source	table	col_index	col_name	type	size	offset
CONSTDATA_TH	VERSION_PHASE	0	n_ID	0	4	0
CONSTDATA_TH	VERSION_PHASE	1	s_Name	3	4	4
CONSTDATA_TH	MAINMENU	0	n_ID	0	4	0
CONSTDATA_TH	MAINMENU	1	n_MOTHERID	0	4	4
CONSTDATA_TH	MAINMENU	2	s_ICON	3	4	8
CONSTDATA_TH	MAINMENU	3	n_TIPID	0	4	12
CONSTDATA_TH	MAINMENU	4	s_UINAME	3	4	16
CONSTDATA_TH	MAINMENU	5	s_CONTROLNAME	3	4	20
CONSTDATA_TH	MAINMENU	6	s_BUTTON	3	4	24
CONSTDATA_TH	MAINMENU	7	n_BUTTONTIP	0	4	28
CONSTDATA_TH	MAINMENU	8	n_OP_QUEST	0	4	32
CONSTDATA_TH	MAINMENU	9	n_LIST	0	4	36
CONSTDATA_TH	MAINMENU	10	n_SHINETYPE	0	4	40
CONSTDATA_TH	MAINMENU	11	s_HK_VER	3	4	44
CONSTDATA_TH	MAINMENU	12	s_TC_VER	3	4	48
CONSTDATA_TH	MAINMENU	13	s_JP_VER	3	4	52
CONSTDATA_TH	MAINMENU	14	s_TH_VER	3	4	56
CONSTDATA_TH	FUNCTION_CONTROL	0	n_ID	0	4	0
CONSTDATA_TH	FUNCTION_CONTROL	1	s_Name	3	4	4
CONSTDATA_TH	FUNCTION_CONTROL	2	s_Docs	3	4	8
CONSTDATA_TH	FUNCTION_CONTROL	3	s_STATUS_1	3	4	12
CONSTDATA_TH	FUNCTION_CONTROL	4	s_STATUS_2	3	4	16
CONSTDATA_TH	FUNCTION_CONTROL	5	s_STATUS_3	3	4	20
CONSTDATA_TH	FUNCTION_CONTROL	6	s_STATUS_4	3	4	24
CONSTDATA_TH	FUNCTION_CONTROL	7	s_STATUS_5	3	4	28
CONSTDATA_TH	FUNCTION_CONTROL	8	s_STATUS_6	3	4	32
CONSTDATA_TH	DROPS_ACTIVITY	0	n_ID	0	4	0
CONSTDATA_TH	DROPS_ACTIVITY	1	n_MODIFY	0	4	4
CONSTDATA_TH	DROPS_ACTIVITY	2	n_MOB_MIN	0	4	8
CONSTDATA_TH	DROPS_ACTIVITY	3	n_MOB_MAX	0	4	12
CONSTDATA_TH	DROPS_ACTIVITY	4	n_MOBRANK	0	4	16
CONSTDATA_TH	DROPS_ACTIVITY	5	n_DROPS_QUEST	0	4	20
CONSTDATA_TH	DROPS_ACTIVITY	6	n_DROPS_NORMAL	0	4	24
CONSTDATA_TH	DROPS_ACTIVITY	7	s_HK_VER	3	4	28
CONSTDATA_TH	DROPS_ACTIVITY	8	s_TC_VER	3	4	32
CONSTDATA_TH	DROPS_ACTIVITY	9	s_JP_VER	3	4	36
CONSTDATA_TH	DROPS_ACTIVITY	10	s_TH_VER	3	4	40
CONSTDATA_TH	VARIABLE_FLOATING	0	n_ID	0	4	0
CONSTDATA_TH	VARIABLE_FLOATING	1	s_NAME_VARIABLE	3	4	4
CONSTDATA_TH	VARIABLE_FLOATING	2	f_VALUE_VARIABLE	2	4	8
CONSTDATA_TH	VARIABLE_INTEGER	0	n_ID	0	4	0
CONSTDATA_TH	VARIABLE_INTEGER	1	s_NAME_VARIABLE	3	4	4
CONSTDATA_TH	VARIABLE_INTEGER	2	n_VALUE_VARIABLE	0	4	8
CONSTDATA_TH	HOTKEY	0	n_ID	0	4	0
CONSTDATA_TH	HOTKEY	1	n_TYPE	0	4	4
CONSTDATA_TH	HOTKEY	2	n_KEY_1	0	4	8
CONSTDATA_TH	HOTKEY	3	n_KEY_2	0	4	12
CONSTDATA_TH	HOTKEY	4	s_NAME	3	4	16
CONSTDATA_TH	HOTKEY	5	s_HK_VER	3	4	20
CONSTDATA_TH	HOTKEY	6	s_TC_VER	3	4	24
CONSTDATA_TH	HOTKEY	7	s_JP_VER	3	4	28
CONSTDATA_TH	HOTKEY	8	s_TH_VER	3	4	32
CONSTDATA_TH	SCENE_NAME	0	n_ID	0	4	0
CONSTDATA_TH	SCENE_NAME	1	s_MODLE_ID	3	4	4
CONSTDATA_TH	SCENE_NAME	2	s_SCENE_NAME	3	4	8
CONSTDATA_TH	SCENE_NAME	3	s_IMAGENAME	3	4	12
CONSTDATA_TH	SCENE_NAME	4	n_SCENE_WEATHER	0	4	16
CONSTDATA_TH	SCENE_NAME	5	n_SCENE_DAYANDNIGHT	0	4	20
CONSTDATA_TH	SCENE_NAME	6	n_SCENE_TYPE	0	4	24
CONSTDATA_TH	SCENE_NAME	7	n_SCENE_SUBTYPE	0	4	28
CONSTDATA_TH	SCENE_NAME	8	n_CLINE_TYPE	0	4	32
CONSTDATA_TH	SCENE_NAME	9	s_SCENE_ICON	3	4	36
CONSTDATA_TH	SCENE_NAME	10	s_MUSIC_FILE	3	4	40
CONSTDATA_TH	SCENE_NAME	11	n_CANGLIDE	0	4	44
CONSTDATA_TH	SCENE_NAME	12	n_CANRIDE	0	4	48
CONSTDATA_TH	SCENE_NAME	13	n_LIMIT_HEIGHT	0	4	52
CONSTDATA_TH	SCENE_NAME	14	n_SAVE	0	4	56
CONSTDATA_TH	SCENE_NAME	15	n_MARKER	0	4	60
CONSTDATA_TH	SCENE_NAME	16	n_CAMERA_TYPE	0	4	64
CONSTDATA_TH	SCENE_NAME	17	n_COLLECT_MAP	0	4	68
CONSTDATA_TH	SCENE_NAME	18	n_SCENE_LV	0	4	72
CONSTDATA_TH	SCENE_NAME	19	n_VIDEO_NAME	0	4	76
CONSTDATA_TH	SCENE_NAME	20	s_HK_VER	3	4	80
CONSTDATA_TH	SCENE_NAME	21	s_TC_VER	3	4	84
CONSTDATA_TH	SCENE_NAME	22	s_JP_VER	3	4	88
CONSTDATA_TH	SCENE_NAME	23	s_TH_VER	3	4	92
CONSTDATA_TH	STANDARD_STATUS	0	n_ID	0	4	0
CONSTDATA_TH	STANDARD_STATUS	1	n_EXP_CURRENTLV	0	4	4
CONSTDATA_TH	STANDARD_STATUS	2	n_POINT_ABILITY	0	4	8
CONSTDATA_TH	STANDARD_STATUS	3	n_DEADLOSS	0	4	12
CONSTDATA_TH	STANDARD_STATUS	4	n_PVP_EXP	0	4	16
CONSTDATA_TH	STANDARD_STATUS	5	n_PVP_SP	0	4	20
CONSTDATA_TH	STANDARD_STATUS	6	n_PVP_MONEY	0	4	24
CONSTDATA_TH	STANDARD_STATUS	7	n_DEFENCE_CONSTANT	0	4	28
CONSTDATA_TH	LEVEL_SP	0	n_ID	0	4	0
CONSTDATA_TH	LEVEL_SP	1	n_SP	0	4	4
CONSTDATA_TH	CURRICULUM	0	n_ID	0	4	0
CONSTDATA_TH	CURRICULUM	1	n_PPCLASS	0	4	4
CONSTDATA_TH	CURRICULUM	2	n_SKILL	0	4	8
CONSTDATA_TH	CURRICULUM	3	s_HK_VER	3	4	12
CONSTDATA_TH	CURRICULUM	4	s_TC_VER	3	4	16
CONSTDATA_TH	CURRICULUM	5	s_JP_VER	3	4	20
CONSTDATA_TH	CURRICULUM	6	s_TH_VER	3	4	24
CONSTDATA_TH	SKILL_CONTEXT	0	n_ID	0	4	0
CONSTDATA_TH	SKILL_CONTEXT	1	n_LEVEL_LEARN	0	4	4
CONSTDATA_TH	SKILL_CONTEXT	2	s_ICON	3	4	8
CONSTDATA_TH	SKILL_CONTEXT	3	n_PASSIVE	0	4	12
CONSTDATA_TH	SKILL_CONTEXT	4	n_ISCLASS	0	4	16
CONSTDATA_TH	SKILL_CONTEXT	5	n_SKILL_FRAME	0	4	20
CONSTDATA_TH	SKILL_CONTEXT	6	n_ACHIEVEMENT	0	4	24
CONSTDATA_TH	SKILL_CONTEXT	7	s_CONDITIONAL_SKILL	3	4	28
CONSTDATA_TH	SKILL_CONTEXT	8	n_LEVELS	0	4	32
CONSTDATA_TH	SKILL_CONTEXT	9	f_SP_LEVE1	2	4	36
CONSTDATA_TH	SKILL_CONTEXT	10	f_SP_LEVEL2PLUS	2	4	40
CONSTDATA_TH	SKILL_CONTEXT	11	s_CONDITIONAL_AMITY	3	4	44
CONSTDATA_TH	SKILL_CONTEXT	12	n_PASSIVE_EFFECT	0	4	48
CONSTDATA_TH	SKILL_CONTEXT	13	n_CD	0	4	52
CONSTDATA_TH	SKILL_CONTEXT	14	n_TARGET	0	4	56
CONSTDATA_TH	SKILL_CONTEXT	15	n_EQUIPTYPE	0	4	60
CONSTDATA_TH	SKILL_CONTEXT	16	n_EQUIPTYPE_LHAND	0	4	64
CONSTDATA_TH	SKILL_CONTEXT	17	n_STAMINA_COST	0	4	68
CONSTDATA_TH	SKILL_CONTEXT	18	s_CAST_CONDITION	3	4	72
CONSTDATA_TH	SKILL_CONTEXT	19	s_CAST_BEHAVIOR	3	4	76
CONSTDATA_TH	BEHAVIOR	0	n_ID	0	4	0
CONSTDATA_TH	BEHAVIOR	1	s_ICON	3	4	4
CONSTDATA_TH	BEHAVIOR	2	n_RANGE	0	4	8
CONSTDATA_TH	BEHAVIOR	3	s_ANIMATION	3	4	12
CONSTDATA_TH	BEHAVIOR	4	s_ANIMATION2	3	4	16
CONSTDATA_TH	BEHAVIOR	5	n_CLASS	0	4	20
CONSTDATA_TH	BEHAVIOR	6	s_PHASING	3	4	24
CONSTDATA_TH	BEHAVIOR	7	s_ROTATE	3	4	28
CONSTDATA_TH	BEHAVIOR	8	n_EMOTE	0	4	32
CONSTDATA_TH	BEHAVIOR	9	n_THENDO	0	4	36
CONSTDATA_TH	BEHAVIOR	10	s_HITRATE	3	4	40
CONSTDATA_TH	BEHAVIOR	11	s_BUFF_HITRATE	3	4	44
CONSTDATA_TH	BEHAVIOR	12	s_HIT_KEYFRAME	3	4	48
CONSTDATA_TH	BEHAVIOR	13	s_HITBACK	3	4	52
CONSTDATA_TH	BEHAVIOR	14	s_FXS_CASTING	3	4	56
CONSTDATA_TH	BEHAVIOR	15	s_CAST_POSTPROCESS	3	4	60
CONSTDATA_TH	BEHAVIOR	16	s_HIT_POSTPROCESS	3	4	64
CONSTDATA_TH	BEHAVIOR	17	s_EMIT_KEYFRAME	3	4	68
CONSTDATA_TH	BEHAVIOR	18	n_AMOUNT_TARGET	0	4	72
CONSTDATA_TH	BEHAVIOR	19	n_DAMAGE_AREA	0	4	76
CONSTDATA_TH	BEHAVIOR	20	n_MOB_CD	0	4	80
CONSTDATA_TH	BEHAVIOR	21	s_CONDITION	3	4	84
CONSTDATA_TH	BEHAVIOR	22	f_VAR_TPD	2	4	88
CONSTDATA_TH	BEHAVIOR	23	f_VAR_TMD	2	4	92
CONSTDATA_TH	BEHAVIOR	24	f_VAR_TPP	2	4	96
CONSTDATA_TH	BEHAVIOR	25	f_VAR_TMP	2	4	100
CONSTDATA_TH	BEHAVIOR	26	f_DAMAGE_PHYSICS	2	4	104
CONSTDATA_TH	BEHAVIOR	27	f_DAMAGE_MAGIC	2	4	108
CONSTDATA_TH	BEHAVIOR	28	f_PERCENT_HP	2	4	112
CONSTDATA_TH	BEHAVIOR	29	n_PROFIT	0	4	116
CONSTDATA_TH	Missile	0	n_ID	0	4	0
CONSTDATA_TH	Missile	1	s_HEIGHT	3	4	4
CONSTDATA_TH	Missile	2	s_MISSILE	3	4	8
CONSTDATA_TH	Missile	3	s_FX_LAUNCH	3	4	12
CONSTDATA_TH	Missile	4	s_FX_MISSILEHIT	3	4	16
CONSTDATA_TH	Missile	5	s_FX_MISSILECRUSH	3	4	20
CONSTDATA_TH	Missile	6	n_CLASS	0	4	24
CONSTDATA_TH	Missile	7	s_PATH	3	4	28
CONSTDATA_TH	Missile	8	n_SPEED	0	4	32
CONSTDATA_TH	Missile	9	n_BOUNDARY	0	4	36
CONSTDATA_TH	Missile	10	n_BUFF	0	4	40
CONSTDATA_TH	Missile	11	s_HITEFFECT	3	4	44
CONSTDATA_TH	Missile	12	s_HITRATE	3	4	48
CONSTDATA_TH	Missile	13	s_BUFF_HITRATE	3	4	52
CONSTDATA_TH	Missile	14	s_HITBACK	3	4	56
CONSTDATA_TH	Missile	15	s_HIT_POSTPROCESS	3	4	60
CONSTDATA_TH	Missile	16	s_CONDITION	3	4	64
CONSTDATA_TH	Missile	17	s_FISSION	3	4	68
CONSTDATA_TH	Missile	18	n_AMOUNT_TARGET	0	4	72
CONSTDATA_TH	Missile	19	f_VAR_TPD	2	4	76
CONSTDATA_TH	Missile	20	f_VAR_TMD	2	4	80
CONSTDATA_TH	Missile	21	f_VAR_TPP	2	4	84
CONSTDATA_TH	Missile	22	f_VAR_TMP	2	4	88
CONSTDATA_TH	Missile	23	f_DAMAGE_PHYSICS	2	4	92
CONSTDATA_TH	Missile	24	f_DAMAGE_MAGIC	2	4	96
CONSTDATA_TH	Missile	25	f_PERCENT_HP	2	4	100
CONSTDATA_TH	BUFF	0	n_ID	0	4	0
CONSTDATA_TH	BUFF	1	n_STACK	0	4	4
CONSTDATA_TH	BUFF	2	n_BUFF_TYPE	0	4	8
CONSTDATA_TH	BUFF	3	s_BUFF_ICON	3	4	12
CONSTDATA_TH	BUFF	4	f_DURATION	2	4	16
CONSTDATA_TH	BUFF	5	s_BUFF_CANCEL	3	4	20
CONSTDATA_TH	BUFF	6	s_BUFF_CONDITON	3	4	24
CONSTDATA_TH	BUFF	7	s_CONDITIONAL_BUFF	3	4	28
CONSTDATA_TH	BUFF	8	s_CONSTANT_BUFF	3	4	32
CONSTDATA_TH	BUFF	9	s_BUFF_FXS	3	4	36
CONSTDATA_TH	BUFF	10	s_BUFF_FXS_RIGHT	3	4	40
CONSTDATA_TH	BUFF	11	s_BUFF_FXS_LEFT	3	4	44
CONSTDATA_TH	BUFF	12	n_ANIMATION_RANK	0	4	48
CONSTDATA_TH	BUFF	13	s_ANIMATION_REPLACE	3	4	52
CONSTDATA_TH	BUFFLINK	0	n_ID	0	4	0
CONSTDATA_TH	BUFFLINK	1	n_LINK_STACK	0	4	4
CONSTDATA_TH	BUFFLINK	2	f_DURATION	2	4	8
CONSTDATA_TH	BUFFLINK	3	n_CASTER_BUFF	0	4	12
CONSTDATA_TH	BUFFLINK	4	n_DISTANCE	0	4	16
CONSTDATA_TH	BUFFLINK	5	s_CANCEL_EVENT	3	4	20
CONSTDATA_TH	BUFFLINK	6	s_CASTER_CANCEL_EVENT	3	4	24
CONSTDATA_TH	BUFFLINK	7	s_TARGET_CANCEL_EVENT	3	4	28
CONSTDATA_TH	BUFFLINK	8	f_CASTER_LINK_HEIGHT	2	4	32
CONSTDATA_TH	BUFFLINK	9	f_TARGET_LINK_HEIGH	2	4	36
CONSTDATA_TH	BUFFLINK	10	s_LINK_FXS	3	4	40
CONSTDATA_TH	POTENTIAL	0	n_ID	0	4	0
CONSTDATA_TH	POTENTIAL	1	n_LEVEL	0	4	4
CONSTDATA_TH	POTENTIAL	2	n_STRENGH	0	4	8
CONSTDATA_TH	POTENTIAL	3	n_CONSTITUTION	0	4	12
CONSTDATA_TH	POTENTIAL	4	n_AGILITY	0	4	16
CONSTDATA_TH	POTENTIAL	5	n_INTELLECT	0	4	20
CONSTDATA_TH	POTENTIAL	6	n_PERCEPTION	0	4	24
CONSTDATA_TH	POTENTIAL	7	s_HK_VER	3	4	28
CONSTDATA_TH	POTENTIAL	8	s_TC_VER	3	4	32
CONSTDATA_TH	POTENTIAL	9	s_JP_VER	3	4	36
CONSTDATA_TH	POTENTIAL	10	s_TH_VER	3	4	40
CONSTDATA_TH	STANDARD_BUFF	0	n_ID	0	4	0
CONSTDATA_TH	STANDARD_BUFF	1	n_HPMAX	0	4	4
CONSTDATA_TH	STANDARD_BUFF	2	n_RECOVER_HP	0	4	8
CONSTDATA_TH	STANDARD_BUFF	3	n_STAMINAMAX	0	4	12
CONSTDATA_TH	STANDARD_BUFF	4	n_RECOVER_STAMINA	0	4	16
CONSTDATA_TH	STANDARD_BUFF	5	n_SPEED_RUN	0	4	20
CONSTDATA_TH	STANDARD_BUFF	6	n_STRENGH	0	4	24
CONSTDATA_TH	STANDARD_BUFF	7	n_CONSITUTION	0	4	28
CONSTDATA_TH	STANDARD_BUFF	8	n_AGILITY	0	4	32
CONSTDATA_TH	STANDARD_BUFF	9	n_PERCEPTION	0	4	36
CONSTDATA_TH	STANDARD_BUFF	10	n_INTELLECT	0	4	40
CONSTDATA_TH	STANDARD_BUFF	11	n_DAMMIN_PHYSICS	0	4	44
CONSTDATA_TH	STANDARD_BUFF	12	n_DAMMIN_MAGIC	0	4	48
CONSTDATA_TH	STANDARD_BUFF	13	n_DAMPLUS_PHYSICS	0	4	52
CONSTDATA_TH	STANDARD_BUFF	14	n_DAMPLUS_MAGIC	0	4	56
CONSTDATA_TH	STANDARD_BUFF	15	n_AC_PHYSICS	0	4	60
CONSTDATA_TH	STANDARD_BUFF	16	n_AC_MAGIC	0	4	64
CONSTDATA_TH	STANDARD_BUFF	17	n_ABSORB_PHYSICS	0	4	68
CONSTDATA_TH	STANDARD_BUFF	18	n_ABSORB_MAGIC	0	4	72
CONSTDATA_TH	STANDARD_BUFF	19	n_PENETRATE_PHYSICS	0	4	76
CONSTDATA_TH	STANDARD_BUFF	20	n_PENETRATE_MAGIC	0	4	80
CONSTDATA_TH	STANDARD_BUFF	21	f_ANTI_STUN	2	4	84
CONSTDATA_TH	STANDARD_BUFF	22	f_STUN	2	4	88
CONSTDATA_TH	STANDARD_BUFF	23	f_ANTI_CURSE	2	4	92
CONSTDATA_TH	STANDARD_BUFF	24	f_CURSE	2	4	96
CONSTDATA_TH	STANDARD_BUFF	25	f_HITRATE	2	4	100
CONSTDATA_TH	STANDARD_BUFF	26	f_DODGE	2	4	104
CONSTDATA_TH	STANDARD_BUFF	27	f_POWERHIT	2	4	108
CONSTDATA_TH	STANDARD_BUFF	28	f_ANTI_POWERHIT	2	4	112
CONSTDATA_TH	STANDARD_BUFF	29	f_BYPASS	2	4	116
CONSTDATA_TH	STANDARD_BUFF	30	f_OVERHIT	2	4	120
CONSTDATA_TH	STANDARD_BUFF	31	f_MULTIPLY_POWERDAM	2	4	124
CONSTDATA_TH	STANDARD_BUFF	32	f_ABSORB_POWERDAM	2	4	128
CONSTDATA_TH	STANDARD_BUFF	33	f_ABSORB_SHIELD	2	4	132
CONSTDATA_TH	STANDARD_BUFF	34	f_BLOCKRATE	2	4	136
CONSTDATA_TH	STANDARD_BUFF	35	f_MUL_DAMAGE	2	4	140
CONSTDATA_TH	STACK	0	n_ID	0	4	0
CONSTDATA_TH	STACK	1	n_POSITIVE	0	4	4
CONSTDATA_TH	STACK	2	n_MAX_STACK	0	4	8
CONSTDATA_TH	STACK	3	n_STACK_PROPERTIES	0	4	12
CONSTDATA_TH	CHARCREATE_LOOK	0	n_ID	0	4	0
CONSTDATA_TH	CHARCREATE_LOOK	1	s_ID_MODEL_PARTS	3	4	4
CONSTDATA_TH	CHARCREATE_LOOK	2	n_ID_MODEL	0	4	8
CONSTDATA_TH	CHARCREATE_LOOK	3	n_ID_MAP	0	4	12
CONSTDATA_TH	CHARCREATE_LOOK	4	n_CONDITION_GENDER	0	4	16
CONSTDATA_TH	CHARCREATE_LOOK	5	n_TAG_LOOT	0	4	20
CONSTDATA_TH	CHARCREATE_LOOK	6	n_CREATE	0	4	24
CONSTDATA_TH	CHARCREATE_LOOK	7	n_ID_BUFF	0	4	28
CONSTDATA_TH	CHARCREATE_LOOK	8	s_HK_VER	3	4	32
CONSTDATA_TH	CHARCREATE_LOOK	9	s_TC_VER	3	4	36
CONSTDATA_TH	CHARCREATE_LOOK	10	s_JP_VER	3	4	40
CONSTDATA_TH	CHARCREATE_LOOK	11	s_TH_VER	3	4	44
CONSTDATA_TH	CHARCREATE_SKIN	0	n_ID	0	4	0
CONSTDATA_TH	CHARCREATE_SKIN	1	n_RED	0	4	4
CONSTDATA_TH	CHARCREATE_SKIN	2	n_GREEN	0	4	8
CONSTDATA_TH	CHARCREATE_SKIN	3	n_BLUE	0	4	12
CONSTDATA_TH	CHARCREATE_SKIN	4	n_CONDITION_GENDER	0	4	16
CONSTDATA_TH	CHARCREATE_SKIN	5	n_CREATE	0	4	20
CONSTDATA_TH	CHARCREATE_SKIN	6	s_HK_VER	3	4	24
CONSTDATA_TH	CHARCREATE_SKIN	7	s_TC_VER	3	4	28
CONSTDATA_TH	CHARCREATE_SKIN	8	s_JP_VER	3	4	32
CONSTDATA_TH	CHARCREATE_SKIN	9	s_TH_VER	3	4	36
CONSTDATA_TH	CHARCREATE_CLASS	0	n_ID	0	4	0
CONSTDATA_TH	CHARCREATE_CLASS	1	s_ICON	3	4	4
CONSTDATA_TH	CHARCREATE_CLASS	2	s_SCORE	3	4	8
CONSTDATA_TH	CHARCREATE_CLASS	3	n_DRESS_HAT	0	4	12
CONSTDATA_TH	CHARCREATE_CLASS	4	n_DRESS_CHEST	0	4	16
CONSTDATA_TH	CHARCREATE_CLASS	5	n_DRESS_LEGGINGS	0	4	20
CONSTDATA_TH	CHARCREATE_CLASS	6	n_FREE_HG	0	4	24
CONSTDATA_TH	CHARCREATE_CLASS	7	n_SLOT_RHAND	0	4	28
CONSTDATA_TH	CHARCREATE_CLASS	8	n_SLOT_LHAND	0	4	32
CONSTDATA_TH	CHARCREATE_CLASS	9	n_GENDER	0	4	36
CONSTDATA_TH	CHARCREATE_CLASS	10	n_HDID	0	4	40
CONSTDATA_TH	CHARCREATE_CLASS	11	n_HRID	0	4	44
CONSTDATA_TH	CHARCREATE_CLASS	12	n_FCID	0	4	48
CONSTDATA_TH	CHARCREATE_CLASS	13	n_ETID	0	4	52
CONSTDATA_TH	CHARCREATE_CLASS	14	n_SKIN	0	4	56
CONSTDATA_TH	CHARCREATE_CLASS	15	s_BODYRATIO	3	4	60
CONSTDATA_TH	CHARCREATE_CLASS	16	s_PACKAGE_M	3	4	64
CONSTDATA_TH	CHARCREATE_CLASS	17	s_PACKAGE_F	3	4	68
CONSTDATA_TH	CHARCREATE_CLASS	18	n_BOX	0	4	72
CONSTDATA_TH	CHARCREATE_CLASS	19	s_ANIMATE_1	3	4	76
CONSTDATA_TH	CHARCREATE_CLASS	20	s_CREATFX_1	3	4	80
CONSTDATA_TH	CHARCREATE_CLASS	21	s_ANIMATE_2	3	4	84
CONSTDATA_TH	CHARCREATE_CLASS	22	s_CREATFX_2	3	4	88
CONSTDATA_TH	CHARCREATE_CLASS	23	s_ANIMATE_3	3	4	92
CONSTDATA_TH	CHARCREATE_CLASS	24	s_ANIMATE_4	3	4	96
CONSTDATA_TH	CHARCREATE_CLASS	25	s_CREATFX_4	3	4	100
CONSTDATA_TH	CHARCREATE_CLASS	26	s_SKILL_1	3	4	104
CONSTDATA_TH	CHARCREATE_CLASS	27	s_SKILL_2	3	4	108
CONSTDATA_TH	CHARCREATE_CLASS	28	s_SKILL_3	3	4	112
CONSTDATA_TH	CHARCREATE_CLASS	29	s_SKILL_4	3	4	116
CONSTDATA_TH	CHARCREATE_CLASS	30	n_DRESS_CHEST_2	0	4	120
CONSTDATA_TH	CHARCREATE_CLASS	31	n_DRESS_LEGGINGS_2	0	4	124
CONSTDATA_TH	CHARCREATE_CLASS	32	n_DRESS_CHEST_3	0	4	128
CONSTDATA_TH	CHARCREATE_CLASS	33	n_DRESS_LEGGINGS_3	0	4	132
CONSTDATA_TH	CHARCREATE_CLASS	34	s_HK_VER	3	4	136
CONSTDATA_TH	CHARCREATE_CLASS	35	s_TC_VER	3	4	140
CONSTDATA_TH	CHARCREATE_CLASS	36	s_JP_VER	3	4	144
CONSTDATA_TH	CHARCREATE_CLASS	37	s_TH_VER	3	4	148
CONSTDATA_TH	CHARCREATE_PACKAGE	0	n_ID	0	4	0
CONSTDATA_TH	CHARCREATE_PACKAGE	1	n_GENDER	0	4	4
CONSTDATA_TH	CHARCREATE_PACKAGE	2	n_HDID	0	4	8
CONSTDATA_TH	CHARCREATE_PACKAGE	3	n_HRID	0	4	12
CONSTDATA_TH	CHARCREATE_PACKAGE	4	n_FCID	0	4	16
CONSTDATA_TH	CHARCREATE_PACKAGE	5	n_ETID	0	4	20
CONSTDATA_TH	CHARCREATE_PACKAGE	6	n_SKIN	0	4	24
CONSTDATA_TH	CHARCREATE_PACKAGE	7	s_BODYRATIO	3	4	28
CONSTDATA_TH	CHARCREATE_PACKAGE	8	s_ANIMATE_1	3	4	32
CONSTDATA_TH	CHARCREATE_PACKAGE	9	n_UITEXT	0	4	36
CONSTDATA_TH	CHARCREATE_PACKAGE	10	s_HK_VER	3	4	40
CONSTDATA_TH	CHARCREATE_PACKAGE	11	s_TC_VER	3	4	44
CONSTDATA_TH	CHARCREATE_PACKAGE	12	s_JP_VER	3	4	48
CONSTDATA_TH	CHARCREATE_PACKAGE	13	s_TH_VER	3	4	52
CONSTDATA_TH	CD_TIMER	0	n_ID	0	4	0
CONSTDATA_TH	CD_TIMER	1	n_TIME	0	4	4
CONSTDATA_TH	AI_WANDER	0	n_ID	0	4	0
CONSTDATA_TH	AI_WANDER	1	s_WANDER	3	4	4
CONSTDATA_TH	AI_WANDER	2	n_FACTION	0	4	8
CONSTDATA_TH	AI_WANDER	3	n_OFFESIVE	0	4	12
CONSTDATA_TH	AI_WANDER	4	n_AGGRO	0	4	16
CONSTDATA_TH	AI_TACTIC	0	n_ID	0	4	0
CONSTDATA_TH	AI_TACTIC	1	s_CREWID	3	4	4
CONSTDATA_TH	AI_TACTIC	2	s_CONDITION	3	4	8
CONSTDATA_TH	AI_TACTIC	3	s_ENEMY	3	4	12
CONSTDATA_TH	AI_TACTIC	4	s_ALLY	3	4	16
CONSTDATA_TH	AI_COMBAT	0	n_ID	0	4	0
CONSTDATA_TH	AI_COMBAT	1	s_CONDITOIN	3	4	4
CONSTDATA_TH	AI_COMBAT	2	s_ACTION	3	4	8
CONSTDATA_TH	STANDARD_MOB	0	n_ID	0	4	0
CONSTDATA_TH	STANDARD_MOB	1	n_MOBEXP	0	4	4
CONSTDATA_TH	STANDARD_MOB	2	n_SP	0	4	8
CONSTDATA_TH	STANDARD_MOB	3	n_HPMAX	0	4	12
CONSTDATA_TH	STANDARD_MOB	4	n_RECOVER_HP	0	4	16
CONSTDATA_TH	STANDARD_MOB	5	n_STAMINAMAX	0	4	20
CONSTDATA_TH	STANDARD_MOB	6	n_RECOVER_STAMINA	0	4	24
CONSTDATA_TH	STANDARD_MOB	7	n_SPEED_RUN	0	4	28
CONSTDATA_TH	STANDARD_MOB	8	n_STRENGH	0	4	32
CONSTDATA_TH	STANDARD_MOB	9	n_CONSITUTION	0	4	36
CONSTDATA_TH	STANDARD_MOB	10	n_AGILITY	0	4	40
CONSTDATA_TH	STANDARD_MOB	11	n_PERCEPTION	0	4	44
CONSTDATA_TH	STANDARD_MOB	12	n_INTELLECT	0	4	48
CONSTDATA_TH	STANDARD_MOB	13	n_DAMMIN_PHYSICS	0	4	52
CONSTDATA_TH	STANDARD_MOB	14	n_DAMMIN_MAGIC	0	4	56
CONSTDATA_TH	STANDARD_MOB	15	n_DAMPLUS_PHYSICS	0	4	60
CONSTDATA_TH	STANDARD_MOB	16	n_DAMPLUS_MAGIC	0	4	64
CONSTDATA_TH	STANDARD_MOB	17	n_AC_PHYSICS	0	4	68
CONSTDATA_TH	STANDARD_MOB	18	n_AC_MAGIC	0	4	72
CONSTDATA_TH	STANDARD_MOB	19	n_ABSORB_PHYSICS	0	4	76
CONSTDATA_TH	STANDARD_MOB	20	n_ABSORB_MAGIC	0	4	80
CONSTDATA_TH	STANDARD_MOB	21	n_PENETRATE_PHYSICS	0	4	84
CONSTDATA_TH	STANDARD_MOB	22	n_PENETRATE_MAGIC	0	4	88
CONSTDATA_TH	STANDARD_MOB	23	f_ANTI_STUN	2	4	92
CONSTDATA_TH	STANDARD_MOB	24	f_STUN	2	4	96
CONSTDATA_TH	STANDARD_MOB	25	f_ANTI_CURSE	2	4	100
CONSTDATA_TH	STANDARD_MOB	26	f_CURSE	2	4	104
CONSTDATA_TH	STANDARD_MOB	27	f_HITRATE	2	4	108
CONSTDATA_TH	STANDARD_MOB	28	f_DODGE	2	4	112
CONSTDATA_TH	STANDARD_MOB	29	f_POWERHIT	2	4	116
CONSTDATA_TH	STANDARD_MOB	30	f_ANTI_POWERHIT	2	4	120
CONSTDATA_TH	STANDARD_MOB	31	f_BYPASS	2	4	124
CONSTDATA_TH	STANDARD_MOB	32	f_OVERHIT	2	4	128
CONSTDATA_TH	STANDARD_MOB	33	f_MULTIPLY_POWERDAM	2	4	132
CONSTDATA_TH	STANDARD_MOB	34	f_ABSORB_POWERDAM	2	4	136
CONSTDATA_TH	STANDARD_MOB	35	f_ABSORB_SHIELD	2	4	140
CONSTDATA_TH	STANDARD_MOB	36	f_BLOCKRATE	2	4	144
CONSTDATA_TH	STANDARD_MOB	37	f_MUL_DAMAGE	2	4	148
CONSTDATA_TH	MOBS	0	n_ID	0	4	0
CONSTDATA_TH	MOBS	1	s_NAME	3	4	4
CONSTDATA_TH	MOBS	2	s_ID_MODEL_CLASS	3	4	8
CONSTDATA_TH	MOBS	3	n_ID_MODEL	0	4	12
CONSTDATA_TH	MOBS	4	n_ID_MAP	0	4	16
CONSTDATA_TH	MOBS	5	s_PREDESCRIPT	3	4	20
CONSTDATA_TH	MOBS	6	s_OUTFIT	3	4	24
CONSTDATA_TH	MOBS	7	n_BOUNDARY	0	4	28
CONSTDATA_TH	MOBS	8	n_HEIGHT	0	4	32
CONSTDATA_TH	MOBS	9	n_LEVEL_MIN	0	4	36
CONSTDATA_TH	MOBS	10	n_LEVEL_MAX	0	4	40
CONSTDATA_TH	MOBS	11	n_RANK	0	4	44
CONSTDATA_TH	MOBS	12	f_RATIO_EXP	2	4	48
CONSTDATA_TH	MOBS	13	f_RATIO_SP	2	4	52
CONSTDATA_TH	MOBS	14	s_PROPERTIES	3	4	56
CONSTDATA_TH	MOBS	15	n_SPEED_WALK	0	4	60
CONSTDATA_TH	MOBS	16	n_SPEED_RUN	0	4	64
CONSTDATA_TH	MOBS	17	n_VEHICLE	0	4	68
CONSTDATA_TH	MOBS	18	n_AI_WANDER	0	4	72
CONSTDATA_TH	MOBS	19	n_AI_COMBAT	0	4	76
CONSTDATA_TH	MOBS	20	n_AI_TACTIC	0	4	80
CONSTDATA_TH	MOBS	21	s_SKILLS	3	4	84
CONSTDATA_TH	MOBS	22	n_DEADMISSILE	0	4	88
CONSTDATA_TH	MOBS	23	n_CONDITION	0	4	92
CONSTDATA_TH	MOBS	24	n_SKIN_COLOR	0	4	96
CONSTDATA_TH	MOBS	25	s_FX_SELECT	3	4	100
CONSTDATA_TH	MOBS	26	n_WATER_DOWN	0	4	104
CONSTDATA_TH	MOBS	27	s_FX_GORE	3	4	108
CONSTDATA_TH	MOBS	28	n_INTIMATE	0	4	112
CONSTDATA_TH	MOBS	29	n_CREDIT	0	4	116
CONSTDATA_TH	MOBS	30	n_PVPSCORE	0	4	120
CONSTDATA_TH	MOBS	31	n_MOB_APPEAR	0	4	124
CONSTDATA_TH	MOBS	32	n_DROP_RANGE	0	4	128
CONSTDATA_TH	MOBS	33	n_DROPS_EQUIPMENT	0	4	132
CONSTDATA_TH	MOBS	34	n_DROPS_NORMAL	0	4	136
CONSTDATA_TH	MOBS	35	n_DROPS_SPECIALLY	0	4	140
CONSTDATA_TH	MOBS	36	n_DROP_FLOOR	0	4	144
CONSTDATA_TH	MOBS	37	n_DROPS_QUEST	0	4	148
CONSTDATA_TH	MOBS	38	s_QUEST_BEGIN	3	4	152
CONSTDATA_TH	MOBS	39	s_QUEST_END	3	4	156
CONSTDATA_TH	MOBS	40	n_CAPABILITY	0	4	160
CONSTDATA_TH	MOBS	41	s_ICON	3	4	164
CONSTDATA_TH	MOBS	42	s_LOCATION	3	4	168
CONSTDATA_TH	MOBS	43	n_GM_SWITCH	0	4	172
CONSTDATA_TH	MOBS	44	n_FITTINGROOM_DISTANCE	0	4	176
CONSTDATA_TH	MOBS	45	n_FITTINGROOM_HEIGHT	0	4	180
CONSTDATA_TH	MOBS	46	s_NPC_VOICE	3	4	184
CONSTDATA_TH	MOBS	47	s_ROLE_GRAPHIC	3	4	188
CONSTDATA_TH	MOBS	48	n_BROADCAST	0	4	192
CONSTDATA_TH	MOBS	49	n_MOB_USAGE	0	4	196
CONSTDATA_TH	MOBS	50	s_HK_VER	3	4	200
CONSTDATA_TH	MOBS	51	s_TC_VER	3	4	204
CONSTDATA_TH	MOBS	52	s_JP_VER	3	4	208
CONSTDATA_TH	MOBS	53	s_TH_VER	3	4	212
CONSTDATA_TH	CLINE	0	n_ID	0	4	0
CONSTDATA_TH	CLINE	1	n_CLINE_TYPE	0	4	4
CONSTDATA_TH	CLINE	2	n_CREATURE_TYPE	0	4	8
CONSTDATA_TH	CLINE	3	n_TACTIC_AI	0	4	12
CONSTDATA_TH	CLINE	4	n_LEADER_BK1	0	4	16
CONSTDATA_TH	CLINE	5	n_LEADER_BK2	0	4	20
CONSTDATA_TH	CLINE	6	n_LEADER_BK3	0	4	24
CONSTDATA_TH	CLINE	7	n_CREW1	0	4	28
CONSTDATA_TH	CLINE	8	n_CREW1_NUMBER	0	4	32
CONSTDATA_TH	CLINE	9	n_CREW2	0	4	36
CONSTDATA_TH	CLINE	10	n_CREW2_NUMBER	0	4	40
CONSTDATA_TH	CLINE	11	n_CREW3	0	4	44
CONSTDATA_TH	CLINE	12	n_CREW3_NUMBER	0	4	48
CONSTDATA_TH	CLINE	13	n_CREW4	0	4	52
CONSTDATA_TH	CLINE	14	n_CREW4_NUMBER	0	4	56
CONSTDATA_TH	CLINE	15	n_CREW5	0	4	60
CONSTDATA_TH	CLINE	16	n_CREW5_NUMBER	0	4	64
CONSTDATA_TH	CLINE	17	n_CREW6	0	4	68
CONSTDATA_TH	CLINE	18	n_CREW6_NUMBER	0	4	72
CONSTDATA_TH	MOB_TALK	0	n_ID	0	4	0
CONSTDATA_TH	MOB_TALK	1	s_EVENT	3	4	4
CONSTDATA_TH	MOB_TALK	2	s_CONDITION	3	4	8
CONSTDATA_TH	MOB_TALK	3	s_TALK	3	4	12
CONSTDATA_TH	MOB_TALK	4	s_WARNING	3	4	16
CONSTDATA_TH	NPC_VOICE	0	n_ID	0	4	0
CONSTDATA_TH	NPC_VOICE	1	s_NAME	3	4	4
CONSTDATA_TH	NPC_VOICE	2	s_HK_VER	3	4	8
CONSTDATA_TH	NPC_VOICE	3	s_TC_VER	3	4	12
CONSTDATA_TH	NPC_VOICE	4	s_JP_VER	3	4	16
CONSTDATA_TH	NPC_VOICE	5	s_TH_VER	3	4	20
CONSTDATA_TH	PLAYER_VOICE	0	n_ID	0	4	0
CONSTDATA_TH	PLAYER_VOICE	1	n_MODEL_SAVE	0	4	4
CONSTDATA_TH	PLAYER_VOICE	2	s_NAME	3	4	8
CONSTDATA_TH	PLAYER_VOICE	3	n_UI_ID	0	4	12
CONSTDATA_TH	PLAYER_VOICE	4	n_GENDER	0	4	16
CONSTDATA_TH	PLAYER_VOICE	5	n_CREATE	0	4	20
CONSTDATA_TH	PLAYER_VOICE	6	s_HK_VER	3	4	24
CONSTDATA_TH	PLAYER_VOICE	7	s_TC_VER	3	4	28
CONSTDATA_TH	PLAYER_VOICE	8	s_JP_VER	3	4	32
CONSTDATA_TH	PLAYER_VOICE	9	s_TH_VER	3	4	36
CONSTDATA_TH	INSTANCE	0	n_ID	0	4	0
CONSTDATA_TH	INSTANCE	1	n_GROUP	0	4	4
CONSTDATA_TH	INSTANCE	2	n_MIN_LEVEL	0	4	8
CONSTDATA_TH	INSTANCE	3	n_MAX_LEVEL	0	4	12
CONSTDATA_TH	INSTANCE	4	n_QUEST	0	4	16
CONSTDATA_TH	INSTANCE	5	n_QUESTFLAG	0	4	20
CONSTDATA_TH	INSTANCE	6	n_NUMBER	0	4	24
CONSTDATA_TH	INSTANCE	7	n_SCENE_ID	0	4	28
CONSTDATA_TH	INSTANCE	8	n_CLINE_TYPE	0	4	32
CONSTDATA_TH	INSTANCE	9	n_LASTING_TIME	0	4	36
CONSTDATA_TH	INSTANCE	10	n_SCORECOUNT_ID	0	4	40
CONSTDATA_TH	INSTANCE	11	n_REFRESH_TIME	0	4	44
CONSTDATA_TH	INSTANCE	12	n_EXIT	0	4	48
CONSTDATA_TH	INSTANCE	13	s_HK_VER	3	4	52
CONSTDATA_TH	INSTANCE	14	s_TC_VER	3	4	56
CONSTDATA_TH	INSTANCE	15	s_JP_VER	3	4	60
CONSTDATA_TH	INSTANCE	16	s_TH_VER	3	4	64
CONSTDATA_TH	SCORECOUNT	0	n_ID	0	4	0
CONSTDATA_TH	SCORECOUNT	1	n_SCORECOUNT_MODE	0	4	4
CONSTDATA_TH	SCORECOUNT	2	s_ICON_KEYEVENT	3	4	8
CONSTDATA_TH	SCORECOUNT	3	n_TIP_KEYEVENT	0	4	12
CONSTDATA_TH	SCORECOUNT	4	n_MAX_KEYEVENT	0	4	16
CONSTDATA_TH	SCORECOUNT	5	n_STANDARD_LASTINGTIME	0	4	20
CONSTDATA_TH	SCORECOUNT	6	n_COLLECT_BONUS_SCORE	0	4	24
CONSTDATA_TH	SCORECOUNT	7	s_SCORES_DECREASE	3	4	28
CONSTDATA_TH	SCORECOUNT	8	n_RANKC_REWARD	0	4	32
CONSTDATA_TH	SCORECOUNT	9	n_RANKB_REWARD	0	4	36
CONSTDATA_TH	SCORECOUNT	10	n_RANKA_REWARD	0	4	40
CONSTDATA_TH	SCORECOUNT	11	n_RANKS_REWARD	0	4	44
CONSTDATA_TH	SCORECOUNT	12	n_RANKSS_REWARD	0	4	48
CONSTDATA_TH	SCORECOUNT	13	n_RANKSSS_REWARD	0	4	52
CONSTDATA_TH	PARTY_SEARCH	0	n_ID	0	4	0
CONSTDATA_TH	PARTY_SEARCH	1	n_LV	0	4	4
CONSTDATA_TH	PARTY_SEARCH	2	n_UI_WORD	0	4	8
CONSTDATA_TH	PARTY_SEARCH	3	s_HK_VER	3	4	12
CONSTDATA_TH	PARTY_SEARCH	4	s_TC_VER	3	4	16
CONSTDATA_TH	PARTY_SEARCH	5	s_JP_VER	3	4	20
CONSTDATA_TH	PARTY_SEARCH	6	s_TH_VER	3	4	24
CONSTDATA_TH	EQUIP_VALUE	0	n_ID	0	4	0
CONSTDATA_TH	EQUIP_VALUE	1	s_NAME	3	4	4
CONSTDATA_TH	EQUIP_VALUE	2	n_EQUIPTYPE	0	4	8
CONSTDATA_TH	EQUIP_VALUE	3	n_ATTACK_SKILL	0	4	12
CONSTDATA_TH	EQUIP_VALUE	4	n_BUFF_1	0	4	16
CONSTDATA_TH	EQUIP_VALUE	5	n_BUFF_2	0	4	20
CONSTDATA_TH	EQUIP_VALUE	6	n_BUFF_3	0	4	24
CONSTDATA_TH	EQUIP_VALUE	7	n_BUFF_4	0	4	28
CONSTDATA_TH	EQUIP_VALUE	8	n_BUFF_5	0	4	32
CONSTDATA_TH	EQUIP_VALUE	9	n_MILESTONE_1	0	4	36
CONSTDATA_TH	EQUIP_VALUE	10	n_MILESTONE_2	0	4	40
CONSTDATA_TH	EQUIP_VALUE	11	n_MILESTONE_3	0	4	44
CONSTDATA_TH	EQUIP_VALUE	12	n_MILESTONE_4	0	4	48
CONSTDATA_TH	EQUIP_VALUE	13	n_MILESTONE_5	0	4	52
CONSTDATA_TH	EQUIP_VALUE	14	n_SLOTQUANTITY	0	4	56
CONSTDATA_TH	EQUIP_VALUE	15	s_SLOT_NUM	3	4	60
CONSTDATA_TH	EQUIPMENT_BASE	0	n_ID	0	4	0
CONSTDATA_TH	EQUIPMENT_BASE	1	s_NAME	3	4	4
CONSTDATA_TH	EQUIPMENT_BASE	2	s_ID_ICON	3	4	8
CONSTDATA_TH	EQUIPMENT_BASE	3	s_ID_MODEL_PARTS	3	4	12
CONSTDATA_TH	EQUIPMENT_BASE	4	n_ID_MODEL	0	4	16
CONSTDATA_TH	EQUIPMENT_BASE	5	n_ID_MAP	0	4	20
CONSTDATA_TH	EQUIPMENT_BASE	6	n_DROPMODEL_TYPE	0	4	24
CONSTDATA_TH	EQUIPMENT_BASE	7	s_MODEL_EFFECT	3	4	28
CONSTDATA_TH	EQUIPMENT_BASE	8	n_TAG_TRADE	0	4	32
CONSTDATA_TH	EQUIPMENT_BASE	9	n_QUALITY	0	4	36
CONSTDATA_TH	EQUIPMENT_BASE	10	n_ITEMLV	0	4	40
CONSTDATA_TH	EQUIPMENT_BASE	11	n_CONDITION_LV	0	4	44
CONSTDATA_TH	EQUIPMENT_BASE	12	n_CONDITION_GENDER	0	4	48
CONSTDATA_TH	EQUIPMENT_BASE	13	n_CONDITION_CLASS	0	4	52
CONSTDATA_TH	EQUIPMENT_BASE	14	n_CONDITION_CAMPS	0	4	56
CONSTDATA_TH	EQUIPMENT_BASE	15	n_CONDITION_SKILL	0	4	60
CONSTDATA_TH	EQUIPMENT_BASE	16	n_CONDITION_SKILLLV	0	4	64
CONSTDATA_TH	EQUIPMENT_BASE	17	n_ICONSLOT	0	4	68
CONSTDATA_TH	EQUIPMENT_BASE	18	n_EQUIPSLOT	0	4	72
CONSTDATA_TH	EQUIPMENT_BASE	19	n_EQUIPTYPE	0	4	76
CONSTDATA_TH	EQUIPMENT_BASE	20	n_EQUIPTYPE_EFFECT	0	4	80
CONSTDATA_TH	EQUIPMENT_BASE	21	n_TAG_LOOT	0	4	84
CONSTDATA_TH	EQUIPMENT_BASE	22	s_TAG_EXTRA	3	4	88
CONSTDATA_TH	EQUIPMENT_BASE	23	n_ID_USAGE	0	4	92
CONSTDATA_TH	EQUIPMENT_BASE	24	n_CD	0	4	96
CONSTDATA_TH	EQUIPMENT_BASE	25	n_PRICE_BUY	0	4	100
CONSTDATA_TH	EQUIPMENT_BASE	26	n_PRICE_VENDER	0	4	104
CONSTDATA_TH	EQUIPMENT_BASE	27	n_QUATITY_STACK	0	4	108
CONSTDATA_TH	EQUIPMENT_BASE	28	s_ITEM_EXIST	3	4	112
CONSTDATA_TH	EQUIPMENT_BASE	29	n_ID_BUFF	0	4	116
CONSTDATA_TH	EQUIPMENT_BASE	30	s_EQUIPFX	3	4	120
CONSTDATA_TH	EQUIPMENT_BASE	31	s_VARYDATA	3	4	124
CONSTDATA_TH	EQUIPMENT_BASE	32	n_BROADCAST	0	4	128
CONSTDATA_TH	EQUIPMENT_BASE	33	n_BROADCAST_QUANTITY	0	4	132
CONSTDATA_TH	EQUIPMENT_BASE	34	n_AVATAR_ADMIX	0	4	136
CONSTDATA_TH	EQUIPMENT_BASE	35	s_HK_VER	3	4	140
CONSTDATA_TH	EQUIPMENT_BASE	36	s_TC_VER	3	4	144
CONSTDATA_TH	EQUIPMENT_BASE	37	s_JP_VER	3	4	148
CONSTDATA_TH	EQUIPMENT_BASE	38	s_TH_VER	3	4	152
CONSTDATA_TH	CHANGE_MODEL	0	n_ID	0	4	0
CONSTDATA_TH	CHANGE_MODEL	1	s_ID_ICON	3	4	4
CONSTDATA_TH	CHANGE_MODEL	2	s_ID_MODEL_PARTS	3	4	8
CONSTDATA_TH	CHANGE_MODEL	3	n_ID_MODEL	0	4	12
CONSTDATA_TH	CHANGE_MODEL	4	n_ID_MAP	0	4	16
CONSTDATA_TH	CHANGE_MODEL	5	n_ICONSLOT	0	4	20
CONSTDATA_TH	CHANGE_MODEL	6	n_EQUIPSLOT	0	4	24
CONSTDATA_TH	CHANGE_MODEL	7	n_EQUIPTYPE	0	4	28
CONSTDATA_TH	CHANGE_MODEL	8	n_TAG_LOOT	0	4	32
CONSTDATA_TH	CHANGE_MODEL	9	s_MODEL_EFFECT	3	4	36
CONSTDATA_TH	CHANGE_MODEL	10	s_EQUIPFX	3	4	40
CONSTDATA_TH	CHANGE_MODEL	11	n_BUFFGROUP_ID	0	4	44
CONSTDATA_TH	EQUIP_AVATAR	0	n_ID	0	4	0
CONSTDATA_TH	EQUIP_AVATAR	1	s_NAME	3	4	4
CONSTDATA_TH	EQUIP_AVATAR	2	s_ID_ICON	3	4	8
CONSTDATA_TH	EQUIP_AVATAR	3	s_ID_MODEL_PARTS	3	4	12
CONSTDATA_TH	EQUIP_AVATAR	4	n_ID_MODEL	0	4	16
CONSTDATA_TH	EQUIP_AVATAR	5	n_ID_MAP	0	4	20
CONSTDATA_TH	EQUIP_AVATAR	6	n_DROPMODEL_TYPE	0	4	24
CONSTDATA_TH	EQUIP_AVATAR	7	s_MODEL_EFFECT	3	4	28
CONSTDATA_TH	EQUIP_AVATAR	8	n_TAG_TRADE	0	4	32
CONSTDATA_TH	EQUIP_AVATAR	9	n_QUALITY	0	4	36
CONSTDATA_TH	EQUIP_AVATAR	10	n_ITEMLV	0	4	40
CONSTDATA_TH	EQUIP_AVATAR	11	n_CONDITION_LV	0	4	44
CONSTDATA_TH	EQUIP_AVATAR	12	n_CONDITION_GENDER	0	4	48
CONSTDATA_TH	EQUIP_AVATAR	13	n_CONDITION_CLASS	0	4	52
CONSTDATA_TH	EQUIP_AVATAR	14	n_CONDITION_CAMPS	0	4	56
CONSTDATA_TH	EQUIP_AVATAR	15	n_CONDITION_SKILL	0	4	60
CONSTDATA_TH	EQUIP_AVATAR	16	n_CONDITION_SKILLLV	0	4	64
CONSTDATA_TH	EQUIP_AVATAR	17	n_ICONSLOT	0	4	68
CONSTDATA_TH	EQUIP_AVATAR	18	n_EQUIPSLOT	0	4	72
CONSTDATA_TH	EQUIP_AVATAR	19	n_EQUIPTYPE	0	4	76
CONSTDATA_TH	EQUIP_AVATAR	20	n_EQUIPTYPE_EFFECT	0	4	80
CONSTDATA_TH	EQUIP_AVATAR	21	n_TAG_LOOT	0	4	84
CONSTDATA_TH	EQUIP_AVATAR	22	s_TAG_EXTRA	3	4	88
CONSTDATA_TH	EQUIP_AVATAR	23	n_ID_USAGE	0	4	92
CONSTDATA_TH	EQUIP_AVATAR	24	n_CD	0	4	96
CONSTDATA_TH	EQUIP_AVATAR	25	n_PRICE_BUY	0	4	100
CONSTDATA_TH	EQUIP_AVATAR	26	n_PRICE_VENDER	0	4	104
CONSTDATA_TH	EQUIP_AVATAR	27	n_QUATITY_STACK	0	4	108
CONSTDATA_TH	EQUIP_AVATAR	28	s_ITEM_EXIST	3	4	112
CONSTDATA_TH	EQUIP_AVATAR	29	n_ID_BUFF	0	4	116
CONSTDATA_TH	EQUIP_AVATAR	30	s_EQUIPFX	3	4	120
CONSTDATA_TH	EQUIP_AVATAR	31	s_VARYDATA	3	4	124
CONSTDATA_TH	EQUIP_AVATAR	32	n_BROADCAST	0	4	128
CONSTDATA_TH	EQUIP_AVATAR	33	n_BROADCAST_QUANTITY	0	4	132
CONSTDATA_TH	EQUIP_AVATAR	34	n_AVATAR_ADMIX	0	4	136
CONSTDATA_TH	EQUIP_AVATAR	35	s_HK_VER	3	4	140
CONSTDATA_TH	EQUIP_AVATAR	36	s_TC_VER	3	4	144
CONSTDATA_TH	EQUIP_AVATAR	37	s_JP_VER	3	4	148
CONSTDATA_TH	EQUIP_AVATAR	38	s_TH_VER	3	4	152
CONSTDATA_TH	EQUIP_AVATAR_COMBINE	0	n_ID	0	4	0
CONSTDATA_TH	EQUIP_AVATAR_COMBINE	1	n_EQUIPSLOT	0	4	4
CONSTDATA_TH	EQUIP_AVATAR_COMBINE	2	n_AVATAR_LEVEL	0	4	8
CONSTDATA_TH	EQUIP_AVATAR_COMBINE	3	s_BUFF_RANGE	3	4	12
CONSTDATA_TH	EQUIP_AVATAR_COMBINE	4	n_BALL_OF_YARN	0	4	16
CONSTDATA_TH	EQUIP_AVATAR_COMBINE	5	s_HK_VER	3	4	20
CONSTDATA_TH	EQUIP_AVATAR_COMBINE	6	s_TC_VER	3	4	24
CONSTDATA_TH	EQUIP_AVATAR_COMBINE	7	s_JP_VER	3	4	28
CONSTDATA_TH	EQUIP_AVATAR_COMBINE	8	s_TH_VER	3	4	32
CONSTDATA_TH	ITEM_CONSUMABLES	0	n_ID	0	4	0
CONSTDATA_TH	ITEM_CONSUMABLES	1	s_NAME	3	4	4
CONSTDATA_TH	ITEM_CONSUMABLES	2	s_ID_ICON	3	4	8
CONSTDATA_TH	ITEM_CONSUMABLES	3	s_ID_MODEL_PARTS	3	4	12
CONSTDATA_TH	ITEM_CONSUMABLES	4	n_ID_MODEL	0	4	16
CONSTDATA_TH	ITEM_CONSUMABLES	5	n_ID_MAP	0	4	20
CONSTDATA_TH	ITEM_CONSUMABLES	6	n_DROPMODEL_TYPE	0	4	24
CONSTDATA_TH	ITEM_CONSUMABLES	7	s_MODEL_EFFECT	3	4	28
CONSTDATA_TH	ITEM_CONSUMABLES	8	n_TAG_TRADE	0	4	32
CONSTDATA_TH	ITEM_CONSUMABLES	9	n_QUALITY	0	4	36
CONSTDATA_TH	ITEM_CONSUMABLES	10	n_ITEMLV	0	4	40
CONSTDATA_TH	ITEM_CONSUMABLES	11	n_CONDITION_LV	0	4	44
CONSTDATA_TH	ITEM_CONSUMABLES	12	n_CONDITION_GENDER	0	4	48
CONSTDATA_TH	ITEM_CONSUMABLES	13	n_CONDITION_CLASS	0	4	52
CONSTDATA_TH	ITEM_CONSUMABLES	14	n_CONDITION_CAMPS	0	4	56
CONSTDATA_TH	ITEM_CONSUMABLES	15	n_CONDITION_SKILL	0	4	60
CONSTDATA_TH	ITEM_CONSUMABLES	16	n_CONDITION_SKILLLV	0	4	64
CONSTDATA_TH	ITEM_CONSUMABLES	17	n_ICONSLOT	0	4	68
CONSTDATA_TH	ITEM_CONSUMABLES	18	n_EQUIPSLOT	0	4	72
CONSTDATA_TH	ITEM_CONSUMABLES	19	n_EQUIPTYPE	0	4	76
CONSTDATA_TH	ITEM_CONSUMABLES	20	n_EQUIPTYPE_EFFECT	0	4	80
CONSTDATA_TH	ITEM_CONSUMABLES	21	n_TAG_LOOT	0	4	84
CONSTDATA_TH	ITEM_CONSUMABLES	22	s_TAG_EXTRA	3	4	88
CONSTDATA_TH	ITEM_CONSUMABLES	23	n_ID_USAGE	0	4	92
CONSTDATA_TH	ITEM_CONSUMABLES	24	n_CD	0	4	96
CONSTDATA_TH	ITEM_CONSUMABLES	25	n_PRICE_BUY	0	4	100
CONSTDATA_TH	ITEM_CONSUMABLES	26	n_PRICE_VENDER	0	4	104
CONSTDATA_TH	ITEM_CONSUMABLES	27	n_QUATITY_STACK	0	4	108
CONSTDATA_TH	ITEM_CONSUMABLES	28	s_ITEM_EXIST	3	4	112
CONSTDATA_TH	ITEM_CONSUMABLES	29	n_ID_BUFF	0	4	116
CONSTDATA_TH	ITEM_CONSUMABLES	30	s_EQUIPFX	3	4	120
CONSTDATA_TH	ITEM_CONSUMABLES	31	s_VARYDATA	3	4	124
CONSTDATA_TH	ITEM_CONSUMABLES	32	n_BROADCAST	0	4	128
CONSTDATA_TH	ITEM_CONSUMABLES	33	n_BROADCAST_QUANTITY	0	4	132
CONSTDATA_TH	ITEM_CONSUMABLES	34	n_AVATAR_ADMIX	0	4	136
CONSTDATA_TH	ITEM_CONSUMABLES	35	s_HK_VER	3	4	140
CONSTDATA_TH	ITEM_CONSUMABLES	36	s_TC_VER	3	4	144
CONSTDATA_TH	ITEM_CONSUMABLES	37	s_JP_VER	3	4	148
CONSTDATA_TH	ITEM_CONSUMABLES	38	s_TH_VER	3	4	152
CONSTDATA_TH	ITEM_MISC	0	n_ID	0	4	0
CONSTDATA_TH	ITEM_MISC	1	s_NAME	3	4	4
CONSTDATA_TH	ITEM_MISC	2	s_ID_ICON	3	4	8
CONSTDATA_TH	ITEM_MISC	3	s_ID_MODEL_PARTS	3	4	12
CONSTDATA_TH	ITEM_MISC	4	n_ID_MODEL	0	4	16
CONSTDATA_TH	ITEM_MISC	5	n_ID_MAP	0	4	20
CONSTDATA_TH	ITEM_MISC	6	n_DROPMODEL_TYPE	0	4	24
CONSTDATA_TH	ITEM_MISC	7	s_MODEL_EFFECT	3	4	28
CONSTDATA_TH	ITEM_MISC	8	n_TAG_TRADE	0	4	32
CONSTDATA_TH	ITEM_MISC	9	n_QUALITY	0	4	36
CONSTDATA_TH	ITEM_MISC	10	n_ITEMLV	0	4	40
CONSTDATA_TH	ITEM_MISC	11	n_CONDITION_LV	0	4	44
CONSTDATA_TH	ITEM_MISC	12	n_CONDITION_GENDER	0	4	48
CONSTDATA_TH	ITEM_MISC	13	n_CONDITION_CLASS	0	4	52
CONSTDATA_TH	ITEM_MISC	14	n_CONDITION_CAMPS	0	4	56
CONSTDATA_TH	ITEM_MISC	15	n_CONDITION_SKILL	0	4	60
CONSTDATA_TH	ITEM_MISC	16	n_CONDITION_SKILLLV	0	4	64
CONSTDATA_TH	ITEM_MISC	17	n_ICONSLOT	0	4	68
CONSTDATA_TH	ITEM_MISC	18	n_EQUIPSLOT	0	4	72
CONSTDATA_TH	ITEM_MISC	19	n_EQUIPTYPE	0	4	76
CONSTDATA_TH	ITEM_MISC	20	n_EQUIPTYPE_EFFECT	0	4	80
CONSTDATA_TH	ITEM_MISC	21	n_TAG_LOOT	0	4	84
CONSTDATA_TH	ITEM_MISC	22	s_TAG_EXTRA	3	4	88
CONSTDATA_TH	ITEM_MISC	23	n_ID_USAGE	0	4	92
CONSTDATA_TH	ITEM_MISC	24	n_CD	0	4	96
CONSTDATA_TH	ITEM_MISC	25	n_PRICE_BUY	0	4	100
CONSTDATA_TH	ITEM_MISC	26	n_PRICE_VENDER	0	4	104
CONSTDATA_TH	ITEM_MISC	27	n_QUATITY_STACK	0	4	108
CONSTDATA_TH	ITEM_MISC	28	s_ITEM_EXIST	3	4	112
CONSTDATA_TH	ITEM_MISC	29	n_ID_BUFF	0	4	116
CONSTDATA_TH	ITEM_MISC	30	s_EQUIPFX	3	4	120
CONSTDATA_TH	ITEM_MISC	31	s_VARYDATA	3	4	124
CONSTDATA_TH	ITEM_MISC	32	n_BROADCAST	0	4	128
CONSTDATA_TH	ITEM_MISC	33	n_BROADCAST_QUANTITY	0	4	132
CONSTDATA_TH	ITEM_MISC	34	n_AVATAR_ADMIX	0	4	136
CONSTDATA_TH	ITEM_MISC	35	s_HK_VER	3	4	140
CONSTDATA_TH	ITEM_MISC	36	s_TC_VER	3	4	144
CONSTDATA_TH	ITEM_MISC	37	s_JP_VER	3	4	148
CONSTDATA_TH	ITEM_MISC	38	s_TH_VER	3	4	152
CONSTDATA_TH	ITEM_ITEMMALL	0	n_ID	0	4	0
CONSTDATA_TH	ITEM_ITEMMALL	1	s_NAME	3	4	4
CONSTDATA_TH	ITEM_ITEMMALL	2	s_ID_ICON	3	4	8
CONSTDATA_TH	ITEM_ITEMMALL	3	s_ID_MODEL_PARTS	3	4	12
CONSTDATA_TH	ITEM_ITEMMALL	4	n_ID_MODEL	0	4	16
CONSTDATA_TH	ITEM_ITEMMALL	5	n_ID_MAP	0	4	20
CONSTDATA_TH	ITEM_ITEMMALL	6	n_DROPMODEL_TYPE	0	4	24
CONSTDATA_TH	ITEM_ITEMMALL	7	s_MODEL_EFFECT	3	4	28
CONSTDATA_TH	ITEM_ITEMMALL	8	n_TAG_TRADE	0	4	32
CONSTDATA_TH	ITEM_ITEMMALL	9	n_QUALITY	0	4	36
CONSTDATA_TH	ITEM_ITEMMALL	10	n_ITEMLV	0	4	40
CONSTDATA_TH	ITEM_ITEMMALL	11	n_CONDITION_LV	0	4	44
CONSTDATA_TH	ITEM_ITEMMALL	12	n_CONDITION_GENDER	0	4	48
CONSTDATA_TH	ITEM_ITEMMALL	13	n_CONDITION_CLASS	0	4	52
CONSTDATA_TH	ITEM_ITEMMALL	14	n_CONDITION_CAMPS	0	4	56
CONSTDATA_TH	ITEM_ITEMMALL	15	n_CONDITION_SKILL	0	4	60
CONSTDATA_TH	ITEM_ITEMMALL	16	n_CONDITION_SKILLLV	0	4	64
CONSTDATA_TH	ITEM_ITEMMALL	17	n_ICONSLOT	0	4	68
CONSTDATA_TH	ITEM_ITEMMALL	18	n_EQUIPSLOT	0	4	72
CONSTDATA_TH	ITEM_ITEMMALL	19	n_EQUIPTYPE	0	4	76
CONSTDATA_TH	ITEM_ITEMMALL	20	n_EQUIPTYPE_EFFECT	0	4	80
CONSTDATA_TH	ITEM_ITEMMALL	21	n_TAG_LOOT	0	4	84
CONSTDATA_TH	ITEM_ITEMMALL	22	s_TAG_EXTRA	3	4	88
CONSTDATA_TH	ITEM_ITEMMALL	23	n_ID_USAGE	0	4	92
CONSTDATA_TH	ITEM_ITEMMALL	24	n_CD	0	4	96
CONSTDATA_TH	ITEM_ITEMMALL	25	n_PRICE_BUY	0	4	100
CONSTDATA_TH	ITEM_ITEMMALL	26	n_PRICE_VENDER	0	4	104
CONSTDATA_TH	ITEM_ITEMMALL	27	n_QUATITY_STACK	0	4	108
CONSTDATA_TH	ITEM_ITEMMALL	28	s_ITEM_EXIST	3	4	112
CONSTDATA_TH	ITEM_ITEMMALL	29	n_ID_BUFF	0	4	116
CONSTDATA_TH	ITEM_ITEMMALL	30	s_EQUIPFX	3	4	120
CONSTDATA_TH	ITEM_ITEMMALL	31	s_VARYDATA	3	4	124
CONSTDATA_TH	ITEM_ITEMMALL	32	n_BROADCAST	0	4	128
CONSTDATA_TH	ITEM_ITEMMALL	33	n_BROADCAST_QUANTITY	0	4	132
CONSTDATA_TH	ITEM_ITEMMALL	34	n_AVATAR_ADMIX	0	4	136
CONSTDATA_TH	ITEM_ITEMMALL	35	s_HK_VER	3	4	140
CONSTDATA_TH	ITEM_ITEMMALL	36	s_TC_VER	3	4	144
CONSTDATA_TH	ITEM_ITEMMALL	37	s_JP_VER	3	4	148
CONSTDATA_TH	ITEM_ITEMMALL	38	s_TH_VER	3	4	152
CONSTDATA_TH	ITEM_QUEST	0	n_ID	0	4	0
CONSTDATA_TH	ITEM_QUEST	1	s_NAME	3	4	4
CONSTDATA_TH	ITEM_QUEST	2	s_ID_ICON	3	4	8
CONSTDATA_TH	ITEM_QUEST	3	s_ID_MODEL_PARTS	3	4	12
CONSTDATA_TH	ITEM_QUEST	4	n_ID_MODEL	0	4	16
CONSTDATA_TH	ITEM_QUEST	5	n_ID_MAP	0	4	20
CONSTDATA_TH	ITEM_QUEST	6	n_DROPMODEL_TYPE	0	4	24
CONSTDATA_TH	ITEM_QUEST	7	s_MODEL_EFFECT	3	4	28
CONSTDATA_TH	ITEM_QUEST	8	n_TAG_TRADE	0	4	32
CONSTDATA_TH	ITEM_QUEST	9	n_QUALITY	0	4	36
CONSTDATA_TH	ITEM_QUEST	10	n_ITEMLV	0	4	40
CONSTDATA_TH	ITEM_QUEST	11	n_CONDITION_LV	0	4	44
CONSTDATA_TH	ITEM_QUEST	12	n_CONDITION_GENDER	0	4	48
CONSTDATA_TH	ITEM_QUEST	13	n_CONDITION_CLASS	0	4	52
CONSTDATA_TH	ITEM_QUEST	14	n_CONDITION_CAMPS	0	4	56
CONSTDATA_TH	ITEM_QUEST	15	n_CONDITION_SKILL	0	4	60
CONSTDATA_TH	ITEM_QUEST	16	n_CONDITION_SKILLLV	0	4	64
CONSTDATA_TH	ITEM_QUEST	17	n_ICONSLOT	0	4	68
CONSTDATA_TH	ITEM_QUEST	18	n_EQUIPSLOT	0	4	72
CONSTDATA_TH	ITEM_QUEST	19	n_EQUIPTYPE	0	4	76
CONSTDATA_TH	ITEM_QUEST	20	s_EQUIPTYPE_EFFECT	3	4	80
CONSTDATA_TH	ITEM_QUEST	21	n_TAG_LOOT	0	4	84
CONSTDATA_TH	ITEM_QUEST	22	s_TAG_EXTRA	3	4	88
CONSTDATA_TH	ITEM_QUEST	23	n_ID_USAGE	0	4	92
CONSTDATA_TH	ITEM_QUEST	24	n_CD	0	4	96
CONSTDATA_TH	ITEM_QUEST	25	n_PRICE_BUY	0	4	100
CONSTDATA_TH	ITEM_QUEST	26	n_PRICE_VENDER	0	4	104
CONSTDATA_TH	ITEM_QUEST	27	n_QUATITY_STACK	0	4	108
CONSTDATA_TH	ITEM_QUEST	28	s_ITEM_EXIST	3	4	112
CONSTDATA_TH	ITEM_QUEST	29	n_ID_BUFF	0	4	116
CONSTDATA_TH	ITEM_QUEST	30	s_EQUIPFX	3	4	120
CONSTDATA_TH	ITEM_QUEST	31	s_VARYDATA	3	4	124
CONSTDATA_TH	ITEM_QUEST	32	n_BROADCAST	0	4	128
CONSTDATA_TH	ITEM_QUEST	33	n_BROADCAST_QUANTITY	0	4	132
CONSTDATA_TH	ITEM_QUEST	34	s_HK_VER	3	4	136
CONSTDATA_TH	ITEM_QUEST	35	s_TC_VER	3	4	140
CONSTDATA_TH	ITEM_QUEST	36	s_JP_VER	3	4	144
CONSTDATA_TH	ITEM_QUEST	37	s_TH_VER	3	4	148
CONSTDATA_TH	EQUIPMENT_ROOT	0	n_ID	0	4	0
CONSTDATA_TH	EQUIPMENT_ROOT	1	s_NAME	3	4	4
CONSTDATA_TH	EQUIPMENT_ROOT	2	n_EQUIPTYPE	0	4	8
CONSTDATA_TH	EQUIPMENT_ROOT	3	n_LVMIN	0	4	12
CONSTDATA_TH	EQUIPMENT_ROOT	4	n_LVMAX	0	4	16
CONSTDATA_TH	EQUIPMENT_ROOT	5	n_LINKITEM	0	4	20
CONSTDATA_TH	VARYDATA	0	n_ID	0	4	0
CONSTDATA_TH	VARYDATA	1	n_TYPE	0	4	4
CONSTDATA_TH	VARYDATA	2	n_VARYVALUE	0	4	8
CONSTDATA_TH	VARYDATA	3	f_PERCENTAGE	2	4	12
CONSTDATA_TH	ITEM_USING	0	n_ID	0	4	0
CONSTDATA_TH	ITEM_USING	1	n_PROPERTIES_USING	0	4	4
CONSTDATA_TH	ITEM_USING	2	n_USETYPE	0	4	8
CONSTDATA_TH	ITEM_USING	3	n_DELETETYPE	0	4	12
CONSTDATA_TH	ITEM_USING	4	n_Var_x	0	4	16
CONSTDATA_TH	ITEM_USING	5	n_Var_y	0	4	20
CONSTDATA_TH	ITEM_USING	6	f_Var_z	2	4	24
CONSTDATA_TH	ITEM_USING	7	s_Var_s	3	4	28
CONSTDATA_TH	ITEM_USING	8	s_note	3	4	32
CONSTDATA_TH	DROPS_EQUIPMENT	0	n_ID	0	4	0
CONSTDATA_TH	DROPS_EQUIPMENT	1	f_DROPS_RATE	2	4	4
CONSTDATA_TH	DROPS_EQUIPMENT	2	n_NUMBER_MIN	0	4	8
CONSTDATA_TH	DROPS_EQUIPMENT	3	n_NUMBER_MAX	0	4	12
CONSTDATA_TH	DROPS_EQUIPMENT	4	n_ITEM_1	0	4	16
CONSTDATA_TH	DROPS_EQUIPMENT	5	n_WEIGHT_1	0	4	20
CONSTDATA_TH	DROPS_EQUIPMENT	6	n_ITEM_2	0	4	24
CONSTDATA_TH	DROPS_EQUIPMENT	7	n_WEIGHT_2	0	4	28
CONSTDATA_TH	DROPS_EQUIPMENT	8	n_ITEM_3	0	4	32
CONSTDATA_TH	DROPS_EQUIPMENT	9	n_WEIGHT_3	0	4	36
CONSTDATA_TH	DROPS_EQUIPMENT	10	n_ITEM_4	0	4	40
CONSTDATA_TH	DROPS_EQUIPMENT	11	n_WEIGHT_4	0	4	44
CONSTDATA_TH	DROPS_EQUIPMENT	12	n_ITEM_5	0	4	48
CONSTDATA_TH	DROPS_EQUIPMENT	13	n_WEIGHT_5	0	4	52
CONSTDATA_TH	DROPS_EQUIPMENT	14	n_ITEM_6	0	4	56
CONSTDATA_TH	DROPS_EQUIPMENT	15	n_WEIGHT_6	0	4	60
CONSTDATA_TH	DROPS_EQUIPMENT	16	n_ITEM_7	0	4	64
CONSTDATA_TH	DROPS_EQUIPMENT	17	n_WEIGHT_7	0	4	68
CONSTDATA_TH	DROPS_EQUIPMENT	18	n_ITEM_8	0	4	72
CONSTDATA_TH	DROPS_EQUIPMENT	19	n_WEIGHT_8	0	4	76
CONSTDATA_TH	DROPS_EQUIPMENT	20	n_ITEM_9	0	4	80
CONSTDATA_TH	DROPS_EQUIPMENT	21	n_WEIGHT_9	0	4	84
CONSTDATA_TH	DROPS_EQUIPMENT	22	n_ITEM_10	0	4	88
CONSTDATA_TH	DROPS_EQUIPMENT	23	n_WEIGHT_10	0	4	92
CONSTDATA_TH	DROPS_EQUIPMENT	24	n_ITEM_11	0	4	96
CONSTDATA_TH	DROPS_EQUIPMENT	25	n_WEIGHT_11	0	4	100
CONSTDATA_TH	DROPS_EQUIPMENT	26	n_ITEM_12	0	4	104
CONSTDATA_TH	DROPS_EQUIPMENT	27	n_WEIGHT_12	0	4	108
CONSTDATA_TH	DROPS_EQUIPMENT	28	n_ITEM_13	0	4	112
CONSTDATA_TH	DROPS_EQUIPMENT	29	n_WEIGHT_13	0	4	116
CONSTDATA_TH	DROPS_EQUIPMENT	30	n_ITEM_14	0	4	120
CONSTDATA_TH	DROPS_EQUIPMENT	31	n_WEIGHT_14	0	4	124
CONSTDATA_TH	DROPS_EQUIPMENT	32	n_ITEM_15	0	4	128
CONSTDATA_TH	DROPS_EQUIPMENT	33	n_WEIGHT_15	0	4	132
CONSTDATA_TH	DROPS_EQUIPMENT	34	n_ITEM_16	0	4	136
CONSTDATA_TH	DROPS_EQUIPMENT	35	n_WEIGHT_16	0	4	140
CONSTDATA_TH	DROPS_EQUIPMENT	36	n_ITEM_17	0	4	144
CONSTDATA_TH	DROPS_EQUIPMENT	37	n_WEIGHT_17	0	4	148
CONSTDATA_TH	DROPS_EQUIPMENT	38	n_ITEM_18	0	4	152
CONSTDATA_TH	DROPS_EQUIPMENT	39	n_WEIGHT_18	0	4	156
CONSTDATA_TH	DROPS_EQUIPMENT	40	n_ITEM_19	0	4	160
CONSTDATA_TH	DROPS_EQUIPMENT	41	n_WEIGHT_19	0	4	164
CONSTDATA_TH	DROPS_EQUIPMENT	42	n_ITEM_20	0	4	168
CONSTDATA_TH	DROPS_EQUIPMENT	43	n_WEIGHT_20	0	4	172
CONSTDATA_TH	DROPS_NORMAL	0	n_ID	0	4	0
CONSTDATA_TH	DROPS_NORMAL	1	n_ITEM_1	0	4	4
CONSTDATA_TH	DROPS_NORMAL	2	f_RATE_1	2	4	8
CONSTDATA_TH	DROPS_NORMAL	3	n_MIN_1	0	4	12
CONSTDATA_TH	DROPS_NORMAL	4	n_MAX_1	0	4	16
CONSTDATA_TH	DROPS_NORMAL	5	n_ITEM_2	0	4	20
CONSTDATA_TH	DROPS_NORMAL	6	f_RATE_2	2	4	24
CONSTDATA_TH	DROPS_NORMAL	7	n_MIN_2	0	4	28
CONSTDATA_TH	DROPS_NORMAL	8	n_MAX_2	0	4	32
CONSTDATA_TH	DROPS_NORMAL	9	n_ITEM_3	0	4	36
CONSTDATA_TH	DROPS_NORMAL	10	f_RATE_3	2	4	40
CONSTDATA_TH	DROPS_NORMAL	11	n_MIN_3	0	4	44
CONSTDATA_TH	DROPS_NORMAL	12	n_MAX_3	0	4	48
CONSTDATA_TH	DROPS_NORMAL	13	n_ITEM_4	0	4	52
CONSTDATA_TH	DROPS_NORMAL	14	f_RATE_4	2	4	56
CONSTDATA_TH	DROPS_NORMAL	15	n_MIN_4	0	4	60
CONSTDATA_TH	DROPS_NORMAL	16	n_MAX_4	0	4	64
CONSTDATA_TH	DROPS_NORMAL	17	n_ITEM_5	0	4	68
CONSTDATA_TH	DROPS_NORMAL	18	f_RATE_5	2	4	72
CONSTDATA_TH	DROPS_NORMAL	19	n_MIN_5	0	4	76
CONSTDATA_TH	DROPS_NORMAL	20	n_MAX_5	0	4	80
CONSTDATA_TH	DROPS_NORMAL	21	n_ITEM_6	0	4	84
CONSTDATA_TH	DROPS_NORMAL	22	f_RATE_6	2	4	88
CONSTDATA_TH	DROPS_NORMAL	23	n_MIN_6	0	4	92
CONSTDATA_TH	DROPS_NORMAL	24	n_MAX_6	0	4	96
CONSTDATA_TH	DROPS_NORMAL	25	n_ITEM_7	0	4	100
CONSTDATA_TH	DROPS_NORMAL	26	f_RATE_7	2	4	104
CONSTDATA_TH	DROPS_NORMAL	27	n_MIN_7	0	4	108
CONSTDATA_TH	DROPS_NORMAL	28	n_MAX_7	0	4	112
CONSTDATA_TH	DROPS_NORMAL	29	n_ITEM_8	0	4	116
CONSTDATA_TH	DROPS_NORMAL	30	f_RATE_8	2	4	120
CONSTDATA_TH	DROPS_NORMAL	31	n_MIN_8	0	4	124
CONSTDATA_TH	DROPS_NORMAL	32	n_MAX_8	0	4	128
CONSTDATA_TH	DROPS_NORMAL	33	n_ITEM_9	0	4	132
CONSTDATA_TH	DROPS_NORMAL	34	f_RATE_9	2	4	136
CONSTDATA_TH	DROPS_NORMAL	35	n_MIN_9	0	4	140
CONSTDATA_TH	DROPS_NORMAL	36	n_MAX_9	0	4	144
CONSTDATA_TH	DROPS_NORMAL	37	n_ITEM_10	0	4	148
CONSTDATA_TH	DROPS_NORMAL	38	f_RATE_10	2	4	152
CONSTDATA_TH	DROPS_NORMAL	39	n_MIN_10	0	4	156
CONSTDATA_TH	DROPS_NORMAL	40	n_MAX_10	0	4	160
CONSTDATA_TH	DROPS_NORMAL	41	n_ITEM_11	0	4	164
CONSTDATA_TH	DROPS_NORMAL	42	f_RATE_11	2	4	168
CONSTDATA_TH	DROPS_NORMAL	43	n_MIN_11	0	4	172
CONSTDATA_TH	DROPS_NORMAL	44	n_MAX_11	0	4	176
CONSTDATA_TH	DROPS_NORMAL	45	n_ITEM_12	0	4	180
CONSTDATA_TH	DROPS_NORMAL	46	f_RATE_12	2	4	184
CONSTDATA_TH	DROPS_NORMAL	47	n_MIN_12	0	4	188
CONSTDATA_TH	DROPS_NORMAL	48	n_MAX_12	0	4	192
CONSTDATA_TH	DROPS_NORMAL	49	n_ITEM_13	0	4	196
CONSTDATA_TH	DROPS_NORMAL	50	f_RATE_13	2	4	200
CONSTDATA_TH	DROPS_NORMAL	51	n_MIN_13	0	4	204
CONSTDATA_TH	DROPS_NORMAL	52	n_MAX_13	0	4	208
CONSTDATA_TH	DROPS_NORMAL	53	n_ITEM_14	0	4	212
CONSTDATA_TH	DROPS_NORMAL	54	f_RATE_14	2	4	216
CONSTDATA_TH	DROPS_NORMAL	55	n_MIN_14	0	4	220
CONSTDATA_TH	DROPS_NORMAL	56	n_MAX_14	0	4	224
CONSTDATA_TH	DROPS_NORMAL	57	n_ITEM_15	0	4	228
CONSTDATA_TH	DROPS_NORMAL	58	f_RATE_15	2	4	232
CONSTDATA_TH	DROPS_NORMAL	59	n_MIN_15	0	4	236
CONSTDATA_TH	DROPS_NORMAL	60	n_MAX_15	0	4	240
CONSTDATA_TH	DROPS_NORMAL	61	n_ITEM_16	0	4	244
CONSTDATA_TH	DROPS_NORMAL	62	f_RATE_16	2	4	248
CONSTDATA_TH	DROPS_NORMAL	63	n_MIN_16	0	4	252
CONSTDATA_TH	DROPS_NORMAL	64	n_MAX_16	0	4	256
CONSTDATA_TH	DROPS_NORMAL	65	n_ITEM_17	0	4	260
CONSTDATA_TH	DROPS_NORMAL	66	f_RATE_17	2	4	264
CONSTDATA_TH	DROPS_NORMAL	67	n_MIN_17	0	4	268
CONSTDATA_TH	DROPS_NORMAL	68	n_MAX_17	0	4	272
CONSTDATA_TH	DROPS_NORMAL	69	n_ITEM_18	0	4	276
CONSTDATA_TH	DROPS_NORMAL	70	f_RATE_18	2	4	280
CONSTDATA_TH	DROPS_NORMAL	71	n_MIN_18	0	4	284
CONSTDATA_TH	DROPS_NORMAL	72	n_MAX_18	0	4	288
CONSTDATA_TH	DROPS_NORMAL	73	n_ITEM_19	0	4	292
CONSTDATA_TH	DROPS_NORMAL	74	f_RATE_19	2	4	296
CONSTDATA_TH	DROPS_NORMAL	75	n_MIN_19	0	4	300
CONSTDATA_TH	DROPS_NORMAL	76	n_MAX_19	0	4	304
CONSTDATA_TH	DROPS_NORMAL	77	n_ITEM_20	0	4	308
CONSTDATA_TH	DROPS_NORMAL	78	f_RATE_20	2	4	312
CONSTDATA_TH	DROPS_NORMAL	79	n_MIN_20	0	4	316
CONSTDATA_TH	DROPS_NORMAL	80	n_MAX_20	0	4	320
CONSTDATA_TH	DROPS_NORMAL	81	n_ITEM_21	0	4	324
CONSTDATA_TH	DROPS_NORMAL	82	f_RATE_21	2	4	328
CONSTDATA_TH	DROPS_NORMAL	83	n_MIN_21	0	4	332
CONSTDATA_TH	DROPS_NORMAL	84	n_MAX_21	0	4	336
CONSTDATA_TH	DROPS_NORMAL	85	n_ITEM_22	0	4	340
CONSTDATA_TH	DROPS_NORMAL	86	f_RATE_22	2	4	344
CONSTDATA_TH	DROPS_NORMAL	87	n_MIN_22	0	4	348
CONSTDATA_TH	DROPS_NORMAL	88	n_MAX_22	0	4	352
CONSTDATA_TH	DROPS_NORMAL	89	n_ITEM_23	0	4	356
CONSTDATA_TH	DROPS_NORMAL	90	f_RATE_23	2	4	360
CONSTDATA_TH	DROPS_NORMAL	91	n_MIN_23	0	4	364
CONSTDATA_TH	DROPS_NORMAL	92	n_MAX_23	0	4	368
CONSTDATA_TH	DROPS_NORMAL	93	n_ITEM_24	0	4	372
CONSTDATA_TH	DROPS_NORMAL	94	f_RATE_24	2	4	376
CONSTDATA_TH	DROPS_NORMAL	95	n_MIN_24	0	4	380
CONSTDATA_TH	DROPS_NORMAL	96	n_MAX_24	0	4	384
CONSTDATA_TH	DROPS_NORMAL	97	n_ITEM_25	0	4	388
CONSTDATA_TH	DROPS_NORMAL	98	f_RATE_25	2	4	392
CONSTDATA_TH	DROPS_NORMAL	99	n_MIN_25	0	4	396
CONSTDATA_TH	DROPS_NORMAL	100	n_MAX_25	0	4	400
CONSTDATA_TH	DROPS_NORMAL	101	n_ITEM_26	0	4	404
CONSTDATA_TH	DROPS_NORMAL	102	f_RATE_26	2	4	408
CONSTDATA_TH	DROPS_NORMAL	103	n_MIN_26	0	4	412
CONSTDATA_TH	DROPS_NORMAL	104	n_MAX_26	0	4	416
CONSTDATA_TH	DROPS_NORMAL	105	n_ITEM_27	0	4	420
CONSTDATA_TH	DROPS_NORMAL	106	f_RATE_27	2	4	424
CONSTDATA_TH	DROPS_NORMAL	107	n_MIN_27	0	4	428
CONSTDATA_TH	DROPS_NORMAL	108	n_MAX_27	0	4	432
CONSTDATA_TH	DROPS_NORMAL	109	n_ITEM_28	0	4	436
CONSTDATA_TH	DROPS_NORMAL	110	f_RATE_28	2	4	440
CONSTDATA_TH	DROPS_NORMAL	111	n_MIN_28	0	4	444
CONSTDATA_TH	DROPS_NORMAL	112	n_MAX_28	0	4	448
CONSTDATA_TH	DROPS_NORMAL	113	n_ITEM_29	0	4	452
CONSTDATA_TH	DROPS_NORMAL	114	f_RATE_29	2	4	456
CONSTDATA_TH	DROPS_NORMAL	115	n_MIN_29	0	4	460
CONSTDATA_TH	DROPS_NORMAL	116	n_MAX_29	0	4	464
CONSTDATA_TH	DROPS_NORMAL	117	n_ITEM_30	0	4	468
CONSTDATA_TH	DROPS_NORMAL	118	f_RATE_30	2	4	472
CONSTDATA_TH	DROPS_NORMAL	119	n_MIN_30	0	4	476
CONSTDATA_TH	DROPS_NORMAL	120	n_MAX_30	0	4	480
CONSTDATA_TH	DROPS_SPECIALLY	0	n_ID	0	4	0
CONSTDATA_TH	DROPS_SPECIALLY	1	f_DROPS_RATE	2	4	4
CONSTDATA_TH	DROPS_SPECIALLY	2	n_NUMBER_MIN	0	4	8
CONSTDATA_TH	DROPS_SPECIALLY	3	n_NUMBER_MAX	0	4	12
CONSTDATA_TH	DROPS_SPECIALLY	4	n_ITEM_1	0	4	16
CONSTDATA_TH	DROPS_SPECIALLY	5	n_WEIGHT_1	0	4	20
CONSTDATA_TH	DROPS_SPECIALLY	6	n_ITEM_2	0	4	24
CONSTDATA_TH	DROPS_SPECIALLY	7	n_WEIGHT_2	0	4	28
CONSTDATA_TH	DROPS_SPECIALLY	8	n_ITEM_3	0	4	32
CONSTDATA_TH	DROPS_SPECIALLY	9	n_WEIGHT_3	0	4	36
CONSTDATA_TH	DROPS_SPECIALLY	10	n_ITEM_4	0	4	40
CONSTDATA_TH	DROPS_SPECIALLY	11	n_WEIGHT_4	0	4	44
CONSTDATA_TH	DROPS_SPECIALLY	12	n_ITEM_5	0	4	48
CONSTDATA_TH	DROPS_SPECIALLY	13	n_WEIGHT_5	0	4	52
CONSTDATA_TH	DROPS_SPECIALLY	14	n_ITEM_6	0	4	56
CONSTDATA_TH	DROPS_SPECIALLY	15	n_WEIGHT_6	0	4	60
CONSTDATA_TH	DROPS_SPECIALLY	16	n_ITEM_7	0	4	64
CONSTDATA_TH	DROPS_SPECIALLY	17	n_WEIGHT_7	0	4	68
CONSTDATA_TH	DROPS_SPECIALLY	18	n_ITEM_8	0	4	72
CONSTDATA_TH	DROPS_SPECIALLY	19	n_WEIGHT_8	0	4	76
CONSTDATA_TH	DROPS_SPECIALLY	20	n_ITEM_9	0	4	80
CONSTDATA_TH	DROPS_SPECIALLY	21	n_WEIGHT_9	0	4	84
CONSTDATA_TH	DROPS_SPECIALLY	22	n_ITEM_10	0	4	88
CONSTDATA_TH	DROPS_SPECIALLY	23	n_WEIGHT_10	0	4	92
CONSTDATA_TH	DROPS_SPECIALLY	24	n_ITEM_11	0	4	96
CONSTDATA_TH	DROPS_SPECIALLY	25	n_WEIGHT_11	0	4	100
CONSTDATA_TH	DROPS_SPECIALLY	26	n_ITEM_12	0	4	104
CONSTDATA_TH	DROPS_SPECIALLY	27	n_WEIGHT_12	0	4	108
CONSTDATA_TH	DROPS_SPECIALLY	28	n_ITEM_13	0	4	112
CONSTDATA_TH	DROPS_SPECIALLY	29	n_WEIGHT_13	0	4	116
CONSTDATA_TH	DROPS_SPECIALLY	30	n_ITEM_14	0	4	120
CONSTDATA_TH	DROPS_SPECIALLY	31	n_WEIGHT_14	0	4	124
CONSTDATA_TH	DROPS_SPECIALLY	32	n_ITEM_15	0	4	128
CONSTDATA_TH	DROPS_SPECIALLY	33	n_WEIGHT_15	0	4	132
CONSTDATA_TH	DROPS_SPECIALLY	34	n_ITEM_16	0	4	136
CONSTDATA_TH	DROPS_SPECIALLY	35	n_WEIGHT_16	0	4	140
CONSTDATA_TH	DROPS_SPECIALLY	36	n_ITEM_17	0	4	144
CONSTDATA_TH	DROPS_SPECIALLY	37	n_WEIGHT_17	0	4	148
CONSTDATA_TH	DROPS_SPECIALLY	38	n_ITEM_18	0	4	152
CONSTDATA_TH	DROPS_SPECIALLY	39	n_WEIGHT_18	0	4	156
CONSTDATA_TH	DROPS_SPECIALLY	40	n_ITEM_19	0	4	160
CONSTDATA_TH	DROPS_SPECIALLY	41	n_WEIGHT_19	0	4	164
CONSTDATA_TH	DROPS_SPECIALLY	42	n_ITEM_20	0	4	168
CONSTDATA_TH	DROPS_SPECIALLY	43	n_WEIGHT_20	0	4	172
CONSTDATA_TH	DROPS_SPECIALLY	44	n_ITEM_21	0	4	176
CONSTDATA_TH	DROPS_SPECIALLY	45	n_WEIGHT_21	0	4	180
CONSTDATA_TH	DROPS_SPECIALLY	46	n_ITEM_22	0	4	184
CONSTDATA_TH	DROPS_SPECIALLY	47	n_WEIGHT_22	0	4	188
CONSTDATA_TH	DROPS_SPECIALLY	48	n_ITEM_23	0	4	192
CONSTDATA_TH	DROPS_SPECIALLY	49	n_WEIGHT_23	0	4	196
CONSTDATA_TH	DROPS_SPECIALLY	50	n_ITEM_24	0	4	200
CONSTDATA_TH	DROPS_SPECIALLY	51	n_WEIGHT_24	0	4	204
CONSTDATA_TH	DROPS_SPECIALLY	52	n_ITEM_25	0	4	208
CONSTDATA_TH	DROPS_SPECIALLY	53	n_WEIGHT_25	0	4	212
CONSTDATA_TH	DROPS_SPECIALLY	54	n_ITEM_26	0	4	216
CONSTDATA_TH	DROPS_SPECIALLY	55	n_WEIGHT_26	0	4	220
CONSTDATA_TH	DROPS_SPECIALLY	56	n_ITEM_27	0	4	224
CONSTDATA_TH	DROPS_SPECIALLY	57	n_WEIGHT_27	0	4	228
CONSTDATA_TH	DROPS_SPECIALLY	58	n_ITEM_28	0	4	232
CONSTDATA_TH	DROPS_SPECIALLY	59	n_WEIGHT_28	0	4	236
CONSTDATA_TH	DROPS_SPECIALLY	60	n_ITEM_29	0	4	240
CONSTDATA_TH	DROPS_SPECIALLY	61	n_WEIGHT_29	0	4	244
CONSTDATA_TH	DROPS_SPECIALLY	62	n_ITEM_30	0	4	248
CONSTDATA_TH	DROPS_SPECIALLY	63	n_WEIGHT_30	0	4	252
CONSTDATA_TH	DECOMPOSITION	0	n_ID	0	4	0
CONSTDATA_TH	DECOMPOSITION	1	n_QUALITY	0	4	4
CONSTDATA_TH	DECOMPOSITION	2	n_LV_MIN	0	4	8
CONSTDATA_TH	DECOMPOSITION	3	n_LV_MAX	0	4	12
CONSTDATA_TH	DECOMPOSITION	4	n_DROPSGROUP	0	4	16
CONSTDATA_TH	DECOMPOSITION	5	s_HK_VER	3	4	20
CONSTDATA_TH	DECOMPOSITION	6	s_TC_VER	3	4	24
CONSTDATA_TH	DECOMPOSITION	7	s_JP_VER	3	4	28
CONSTDATA_TH	DECOMPOSITION	8	s_TH_VER	3	4	32
CONSTDATA_TH	APPRAISE	0	n_ID	0	4	0
CONSTDATA_TH	APPRAISE	1	f_PREFRATE	2	4	4
CONSTDATA_TH	APPRAISE	2	f_SUFRATE	2	4	8
CONSTDATA_TH	ADDITIONAL	0	n_ID	0	4	0
CONSTDATA_TH	ADDITIONAL	1	s_NAME	3	4	4
CONSTDATA_TH	ADDITIONAL	2	n_TYPE	0	4	8
CONSTDATA_TH	ADDITIONAL	3	n_EQUIPTYPE	0	4	12
CONSTDATA_TH	ADDITIONAL	4	n_MOB_RANK	0	4	16
CONSTDATA_TH	ADDITIONAL	5	n_LEVEL_MIN	0	4	20
CONSTDATA_TH	ADDITIONAL	6	n_LEVEL_MAX	0	4	24
CONSTDATA_TH	ADDITIONAL	7	n_WEIGHT	0	4	28
CONSTDATA_TH	ADDITIONAL	8	n_EFFECT	0	4	32
CONSTDATA_TH	ADDITIONAL	9	n_ADDITIONAL_LEVEL	0	4	36
CONSTDATA_TH	ADDITIONAL	10	s_HK_VER	3	4	40
CONSTDATA_TH	ADDITIONAL	11	s_TC_VER	3	4	44
CONSTDATA_TH	ADDITIONAL	12	s_JP_VER	3	4	48
CONSTDATA_TH	ADDITIONAL	13	s_TH_VER	3	4	52
CONSTDATA_TH	E_DROPS_QUALITY	0	n_ID	0	4	0
CONSTDATA_TH	E_DROPS_QUALITY	1	n_MOB_RANK	0	4	4
CONSTDATA_TH	E_DROPS_QUALITY	2	n_MOB_LEVELMIN	0	4	8
CONSTDATA_TH	E_DROPS_QUALITY	3	n_MOB_LEVELMAX	0	4	12
CONSTDATA_TH	E_DROPS_QUALITY	4	n_WEIGHT_W	0	4	16
CONSTDATA_TH	E_DROPS_QUALITY	5	n_WEIGHT_G	0	4	20
CONSTDATA_TH	E_DROPS_QUALITY	6	n_WEIGHT_B	0	4	24
CONSTDATA_TH	E_DROPS_QUALITY	7	n_WEIGHT_P	0	4	28
CONSTDATA_TH	E_DROPS_QUALITY	8	n_WEIGHT_O	0	4	32
CONSTDATA_TH	CRYSTAL_PLATE	0	n_ID	0	4	0
CONSTDATA_TH	CRYSTAL_PLATE	1	n_CULTURED_LEVEL	0	4	4
CONSTDATA_TH	CRYSTAL_PLATE	2	n_EMBED_LEVEL	0	4	8
CONSTDATA_TH	CRYSTAL_PLATE	3	n_EXP	0	4	12
CONSTDATA_TH	CRYSTAL_PLATE	4	f_SUCCESS_RATE	2	4	16
CONSTDATA_TH	CRYSTAL_PLATE	5	s_HK_VER	3	4	20
CONSTDATA_TH	CRYSTAL_PLATE	6	s_TC_VER	3	4	24
CONSTDATA_TH	CRYSTAL_PLATE	7	s_JP_VER	3	4	28
CONSTDATA_TH	CRYSTAL_PLATE	8	s_TH_VER	3	4	32
CONSTDATA_TH	CULTURED_CRYSTAL	0	n_ID	0	4	0
CONSTDATA_TH	CULTURED_CRYSTAL	1	n_LEVEL	0	4	4
CONSTDATA_TH	CULTURED_CRYSTAL	2	n_TYPE	0	4	8
CONSTDATA_TH	CULTURED_CRYSTAL	3	n_N_CRYSTAL1	0	4	12
CONSTDATA_TH	CULTURED_CRYSTAL	4	n_N_WEIGHT1	0	4	16
CONSTDATA_TH	CULTURED_CRYSTAL	5	n_N_CRYSTAL2	0	4	20
CONSTDATA_TH	CULTURED_CRYSTAL	6	n_N_WEIGHT2	0	4	24
CONSTDATA_TH	CULTURED_CRYSTAL	7	n_N_CRYSTAL3	0	4	28
CONSTDATA_TH	CULTURED_CRYSTAL	8	n_N_WEIGHT3	0	4	32
CONSTDATA_TH	CULTURED_CRYSTAL	9	n_N_CRYSTAL4	0	4	36
CONSTDATA_TH	CULTURED_CRYSTAL	10	n_N_WEIGHT4	0	4	40
CONSTDATA_TH	CULTURED_CRYSTAL	11	n_N_CRYSTAL5	0	4	44
CONSTDATA_TH	CULTURED_CRYSTAL	12	n_N_WEIGHT5	0	4	48
CONSTDATA_TH	CULTURED_CRYSTAL	13	n_N_CRYSTAL6	0	4	52
CONSTDATA_TH	CULTURED_CRYSTAL	14	n_N_WEIGHT6	0	4	56
CONSTDATA_TH	CULTURED_CRYSTAL	15	n_N_CRYSTAL7	0	4	60
CONSTDATA_TH	CULTURED_CRYSTAL	16	n_N_WEIGHT7	0	4	64
CONSTDATA_TH	CULTURED_CRYSTAL	17	n_N_CRYSTAL8	0	4	68
CONSTDATA_TH	CULTURED_CRYSTAL	18	n_N_WEIGHT8	0	4	72
CONSTDATA_TH	CULTURED_CRYSTAL	19	n_N_CRYSTAL9	0	4	76
CONSTDATA_TH	CULTURED_CRYSTAL	20	n_N_WEIGHT9	0	4	80
CONSTDATA_TH	CULTURED_CRYSTAL	21	n_N_CRYSTAL10	0	4	84
CONSTDATA_TH	CULTURED_CRYSTAL	22	n_N_WEIGHT10	0	4	88
CONSTDATA_TH	CULTURED_CRYSTAL	23	n_L_CRYSTAL1	0	4	92
CONSTDATA_TH	CULTURED_CRYSTAL	24	n_L_WEIGHT1	0	4	96
CONSTDATA_TH	CULTURED_CRYSTAL	25	n_L_CRYSTAL2	0	4	100
CONSTDATA_TH	CULTURED_CRYSTAL	26	n_L_WEIGHT2	0	4	104
CONSTDATA_TH	CULTURED_CRYSTAL	27	n_L_CRYSTAL3	0	4	108
CONSTDATA_TH	CULTURED_CRYSTAL	28	n_L_WEIGHT3	0	4	112
CONSTDATA_TH	CULTURED_CRYSTAL	29	n_L_CRYSTAL4	0	4	116
CONSTDATA_TH	CULTURED_CRYSTAL	30	n_L_WEIGHT4	0	4	120
CONSTDATA_TH	CULTURED_CRYSTAL	31	n_L_CRYSTAL5	0	4	124
CONSTDATA_TH	CULTURED_CRYSTAL	32	n_L_WEIGHT5	0	4	128
CONSTDATA_TH	CULTURED_CRYSTAL	33	n_L_CRYSTAL6	0	4	132
CONSTDATA_TH	CULTURED_CRYSTAL	34	n_L_WEIGHT6	0	4	136
CONSTDATA_TH	CULTURED_CRYSTAL	35	n_L_CRYSTAL7	0	4	140
CONSTDATA_TH	CULTURED_CRYSTAL	36	n_L_WEIGHT7	0	4	144
CONSTDATA_TH	CULTURED_CRYSTAL	37	n_L_CRYSTAL8	0	4	148
CONSTDATA_TH	CULTURED_CRYSTAL	38	n_L_WEIGHT8	0	4	152
CONSTDATA_TH	CULTURED_CRYSTAL	39	n_L_CRYSTAL9	0	4	156
CONSTDATA_TH	CULTURED_CRYSTAL	40	n_L_WEIGHT9	0	4	160
CONSTDATA_TH	CULTURED_CRYSTAL	41	n_L_CRYSTAL10	0	4	164
CONSTDATA_TH	CULTURED_CRYSTAL	42	n_L_WEIGHT10	0	4	168
CONSTDATA_TH	GATHER	0	n_ID	0	4	0
CONSTDATA_TH	GATHER	1	s_OBJECT_MOD	3	4	4
CONSTDATA_TH	GATHER	2	n_GATHER_TIMES	0	4	8
CONSTDATA_TH	GATHER	3	n_ACTION	0	4	12
CONSTDATA_TH	GATHER	4	f_LUCKYRATE	2	4	16
CONSTDATA_TH	GATHER	5	n_DROPSGROUP	0	4	20
CONSTDATA_TH	GATHER	6	n_DROPS_LUCKY	0	4	24
CONSTDATA_TH	FORMULA_DRINK	0	n_ID	0	4	0
CONSTDATA_TH	FORMULA_DRINK	1	s_NAME	3	4	4
CONSTDATA_TH	FORMULA_DRINK	2	n_OUTCOME	0	4	8
CONSTDATA_TH	FORMULA_DRINK	3	n_OUTQUANTITY	0	4	12
CONSTDATA_TH	FORMULA_DRINK	4	n_MAKETIME	0	4	16
CONSTDATA_TH	FORMULA_DRINK	5	n_CONTAINER	0	4	20
CONSTDATA_TH	FORMULA_DRINK	6	n_MATERIAL_1	0	4	24
CONSTDATA_TH	FORMULA_DRINK	7	n_QUANTITY_1	0	4	28
CONSTDATA_TH	FORMULA_DRINK	8	n_MATERIAL_2	0	4	32
CONSTDATA_TH	FORMULA_DRINK	9	n_QUANTITY_2	0	4	36
CONSTDATA_TH	FORMULA_DRINK	10	n_MATERIAL_3	0	4	40
CONSTDATA_TH	FORMULA_DRINK	11	n_QUANTITY_3	0	4	44
CONSTDATA_TH	FORMULA_DRINK	12	n_LEARNLV	0	4	48
CONSTDATA_TH	FORMULA_DRINK	13	f_LUCKYRATE	2	4	52
CONSTDATA_TH	FORMULA_DRINK	14	n_OUTCOME_LUCKY	0	4	56
CONSTDATA_TH	FORMULA_DRINK	15	n_OUTQUANTITY_LUCKY	0	4	60
CONSTDATA_TH	COMBINE	0	n_ID	0	4	0
CONSTDATA_TH	COMBINE	1	n_OUTCOME	0	4	4
CONSTDATA_TH	COMBINE	2	n_OUTQUANTITY	0	4	8
CONSTDATA_TH	COMBINE	3	f_COMBINETIME	2	4	12
CONSTDATA_TH	COMBINE	4	n_MATERIAL_1	0	4	16
CONSTDATA_TH	COMBINE	5	n_QUANTITY_1	0	4	20
CONSTDATA_TH	COMBINE	6	n_MATERIAL_2	0	4	24
CONSTDATA_TH	COMBINE	7	n_QUANTITY_2	0	4	28
CONSTDATA_TH	COMBINE	8	n_MATERIAL_3	0	4	32
CONSTDATA_TH	COMBINE	9	n_QUANTITY_3	0	4	36
CONSTDATA_TH	COMBINE	10	n_MATERIAL_4	0	4	40
CONSTDATA_TH	COMBINE	11	n_QUANTITY_4	0	4	44
CONSTDATA_TH	COMBINE	12	n_MATERIAL_5	0	4	48
CONSTDATA_TH	COMBINE	13	n_QUANTITY_5	0	4	52
CONSTDATA_TH	COMBINE	14	s_HK_VER	3	4	56
CONSTDATA_TH	COMBINE	15	s_TC_VER	3	4	60
CONSTDATA_TH	COMBINE	16	s_JP_VER	3	4	64
CONSTDATA_TH	COMBINE	17	s_TH_VER	3	4	68
CONSTDATA_TH	STORE_NORMAL	0	n_ID	0	4	0
CONSTDATA_TH	STORE_NORMAL	1	n_ID_STORE	0	4	4
CONSTDATA_TH	STORE_NORMAL	2	n_ID_ITEM1	0	4	8
CONSTDATA_TH	STORE_NORMAL	3	n_ID_ITEM2	0	4	12
CONSTDATA_TH	STORE_NORMAL	4	n_ID_ITEM3	0	4	16
CONSTDATA_TH	STORE_NORMAL	5	n_ID_ITEM4	0	4	20
CONSTDATA_TH	STORE_NORMAL	6	n_ID_ITEM5	0	4	24
CONSTDATA_TH	STORE_NORMAL	7	n_ID_ITEM6	0	4	28
CONSTDATA_TH	STORE_NORMAL	8	n_ID_ITEM7	0	4	32
CONSTDATA_TH	STORE_NORMAL	9	n_ID_ITEM8	0	4	36
CONSTDATA_TH	STORE_NORMAL	10	n_ID_ITEM9	0	4	40
CONSTDATA_TH	STORE_NORMAL	11	n_ID_ITEM10	0	4	44
CONSTDATA_TH	STORE_NORMAL	12	n_ID_ITEM11	0	4	48
CONSTDATA_TH	STORE_NORMAL	13	n_ID_ITEM12	0	4	52
CONSTDATA_TH	STORE_NORMAL	14	n_ID_ITEM13	0	4	56
CONSTDATA_TH	STORE_NORMAL	15	n_ID_ITEM14	0	4	60
CONSTDATA_TH	STORE_NORMAL	16	n_ID_ITEM15	0	4	64
CONSTDATA_TH	STORE_NORMAL	17	n_ID_ITEM16	0	4	68
CONSTDATA_TH	STORE_NORMAL	18	n_ID_ITEM17	0	4	72
CONSTDATA_TH	STORE_NORMAL	19	n_ID_ITEM18	0	4	76
CONSTDATA_TH	STORE_NORMAL	20	n_ID_ITEM19	0	4	80
CONSTDATA_TH	STORE_NORMAL	21	n_ID_ITEM20	0	4	84
CONSTDATA_TH	STORE_NORMAL	22	s_HK_VER	3	4	88
CONSTDATA_TH	STORE_NORMAL	23	s_TC_VER	3	4	92
CONSTDATA_TH	STORE_NORMAL	24	s_JP_VER	3	4	96
CONSTDATA_TH	STORE_NORMAL	25	s_TH_VER	3	4	100
CONSTDATA_TH	STORE_CONDITION	0	n_ID	0	4	0
CONSTDATA_TH	STORE_CONDITION	1	n_ID_STORE	0	4	4
CONSTDATA_TH	STORE_CONDITION	2	n_ITEMID	0	4	8
CONSTDATA_TH	STORE_CONDITION	3	s_QUANTITY	3	4	12
CONSTDATA_TH	STORE_CONDITION	4	n_TYPE	0	4	16
CONSTDATA_TH	STORE_CONDITION	5	n_VALUE_X	0	4	20
CONSTDATA_TH	STORE_CONDITION	6	n_VALUE_Y	0	4	24
CONSTDATA_TH	STORE_CONDITION	7	n_VALUE_Z	0	4	28
CONSTDATA_TH	STORE_GOODS	0	n_ID	0	4	0
CONSTDATA_TH	STORE_GOODS	1	n_ID_STORE	0	4	4
CONSTDATA_TH	STORE_GOODS	2	n_ID_ITEM	0	4	8
CONSTDATA_TH	STORE_GOODS	3	s_QUANTITY	3	4	12
CONSTDATA_TH	STORE_GOODS	4	n_ID_GOOD1	0	4	16
CONSTDATA_TH	STORE_GOODS	5	n_Q_GOOD1	0	4	20
CONSTDATA_TH	STORE_GOODS	6	n_ID_GOOD2	0	4	24
CONSTDATA_TH	STORE_GOODS	7	n_Q_GOOD2	0	4	28
CONSTDATA_TH	STORE_GOODS	8	n_ID_GOOD3	0	4	32
CONSTDATA_TH	STORE_GOODS	9	n_Q_GOOD3	0	4	36
CONSTDATA_TH	STORE_GOODS	10	n_ID_GOOD4	0	4	40
CONSTDATA_TH	STORE_GOODS	11	n_Q_GOOD4	0	4	44
CONSTDATA_TH	STORE_GOODS	12	s_HK_VER	3	4	48
CONSTDATA_TH	STORE_GOODS	13	s_TC_VER	3	4	52
CONSTDATA_TH	STORE_GOODS	14	s_JP_VER	3	4	56
CONSTDATA_TH	STORE_GOODS	15	s_TH_VER	3	4	60
CONSTDATA_TH	STORE_SMITH	0	n_ID	0	4	0
CONSTDATA_TH	STORE_SMITH	1	n_ID_STORE	0	4	4
CONSTDATA_TH	STORE_SMITH	2	n_ID_ITEM	0	4	8
CONSTDATA_TH	STORE_SMITH	3	s_QUANTITY	3	4	12
CONSTDATA_TH	STORE_SMITH	4	n_ID_PRESUFFIX	0	4	16
CONSTDATA_TH	STORE_SMITH	5	n_ID_CLASS	0	4	20
CONSTDATA_TH	STORE_SMITH	6	n_ID_GOOD1	0	4	24
CONSTDATA_TH	STORE_SMITH	7	n_Q_GOOD1	0	4	28
CONSTDATA_TH	STORE_SMITH	8	n_ID_GOOD2	0	4	32
CONSTDATA_TH	STORE_SMITH	9	n_Q_GOOD2	0	4	36
CONSTDATA_TH	STORE_SMITH	10	n_ID_GOOD3	0	4	40
CONSTDATA_TH	STORE_SMITH	11	n_Q_GOOD3	0	4	44
CONSTDATA_TH	STORE_SMITH	12	n_ID_GOOD4	0	4	48
CONSTDATA_TH	STORE_SMITH	13	n_Q_GOOD4	0	4	52
CONSTDATA_TH	STORE_SMITH	14	n_ID_GOOD5	0	4	56
CONSTDATA_TH	STORE_SMITH	15	n_Q_GOOD5	0	4	60
CONSTDATA_TH	STORE_SMITH	16	s_HK_VER	3	4	64
CONSTDATA_TH	STORE_SMITH	17	s_TC_VER	3	4	68
CONSTDATA_TH	STORE_SMITH	18	s_JP_VER	3	4	72
CONSTDATA_TH	STORE_SMITH	19	s_TH_VER	3	4	76
CONSTDATA_TH	DAILY_REWARD	0	n_ID	0	4	0
CONSTDATA_TH	DAILY_REWARD	1	n_LEVEL_MIN	0	4	4
CONSTDATA_TH	DAILY_REWARD	2	n_LEVEL_MAX	0	4	8
CONSTDATA_TH	DAILY_REWARD	3	n_TYPE	0	4	12
CONSTDATA_TH	DAILY_REWARD	4	n_ITEM_1	0	4	16
CONSTDATA_TH	DAILY_REWARD	5	n_WEIGHT_1	0	4	20
CONSTDATA_TH	DAILY_REWARD	6	n_NUMBER_1	0	4	24
CONSTDATA_TH	DAILY_REWARD	7	n_ITEM_2	0	4	28
CONSTDATA_TH	DAILY_REWARD	8	n_WEIGHT_2	0	4	32
CONSTDATA_TH	DAILY_REWARD	9	n_NUMBER_2	0	4	36
CONSTDATA_TH	DAILY_REWARD	10	n_ITEM_3	0	4	40
CONSTDATA_TH	DAILY_REWARD	11	n_WEIGHT_3	0	4	44
CONSTDATA_TH	DAILY_REWARD	12	n_NUMBER_3	0	4	48
CONSTDATA_TH	DAILY_REWARD	13	n_ITEM_4	0	4	52
CONSTDATA_TH	DAILY_REWARD	14	n_WEIGHT_4	0	4	56
CONSTDATA_TH	DAILY_REWARD	15	n_NUMBER_4	0	4	60
CONSTDATA_TH	DAILY_REWARD	16	n_ITEM_5	0	4	64
CONSTDATA_TH	DAILY_REWARD	17	n_WEIGHT_5	0	4	68
CONSTDATA_TH	DAILY_REWARD	18	n_NUMBER_5	0	4	72
CONSTDATA_TH	DAILY_REWARD	19	n_ITEM_6	0	4	76
CONSTDATA_TH	DAILY_REWARD	20	n_WEIGHT_6	0	4	80
CONSTDATA_TH	DAILY_REWARD	21	n_NUMBER_6	0	4	84
CONSTDATA_TH	DAILY_REWARD	22	n_ITEM_7	0	4	88
CONSTDATA_TH	DAILY_REWARD	23	n_WEIGHT_7	0	4	92
CONSTDATA_TH	DAILY_REWARD	24	n_NUMBER_7	0	4	96
CONSTDATA_TH	DAILY_REWARD	25	n_ITEM_8	0	4	100
CONSTDATA_TH	DAILY_REWARD	26	n_WEIGHT_8	0	4	104
CONSTDATA_TH	DAILY_REWARD	27	n_NUMBER_8	0	4	108
CONSTDATA_TH	DAILY_REWARD	28	n_ITEM_9	0	4	112
CONSTDATA_TH	DAILY_REWARD	29	n_WEIGHT_9	0	4	116
CONSTDATA_TH	DAILY_REWARD	30	n_NUMBER_9	0	4	120
CONSTDATA_TH	DAILY_REWARD	31	n_ITEM_10	0	4	124
CONSTDATA_TH	DAILY_REWARD	32	n_WEIGHT_10	0	4	128
CONSTDATA_TH	DAILY_REWARD	33	n_NUMBER_10	0	4	132
CONSTDATA_TH	DAILY_REWARD	34	n_ITEM_11	0	4	136
CONSTDATA_TH	DAILY_REWARD	35	n_WEIGHT_11	0	4	140
CONSTDATA_TH	DAILY_REWARD	36	n_NUMBER_11	0	4	144
CONSTDATA_TH	DAILY_REWARD	37	n_ITEM_12	0	4	148
CONSTDATA_TH	DAILY_REWARD	38	n_WEIGHT_12	0	4	152
CONSTDATA_TH	DAILY_REWARD	39	n_NUMBER_12	0	4	156
CONSTDATA_TH	DAILY_REWARD	40	n_ITEM_13	0	4	160
CONSTDATA_TH	DAILY_REWARD	41	n_WEIGHT_13	0	4	164
CONSTDATA_TH	DAILY_REWARD	42	n_NUMBER_13	0	4	168
CONSTDATA_TH	DAILY_REWARD	43	n_ITEM_14	0	4	172
CONSTDATA_TH	DAILY_REWARD	44	n_WEIGHT_14	0	4	176
CONSTDATA_TH	DAILY_REWARD	45	n_NUMBER_14	0	4	180
CONSTDATA_TH	DAILY_REWARD	46	n_ITEM_15	0	4	184
CONSTDATA_TH	DAILY_REWARD	47	n_WEIGHT_15	0	4	188
CONSTDATA_TH	DAILY_REWARD	48	n_NUMBER_15	0	4	192
CONSTDATA_TH	DAILY_REWARD	49	n_ITEM_16	0	4	196
CONSTDATA_TH	DAILY_REWARD	50	n_WEIGHT_16	0	4	200
CONSTDATA_TH	DAILY_REWARD	51	n_NUMBER_16	0	4	204
CONSTDATA_TH	DAILY_REWARD	52	n_ITEM_17	0	4	208
CONSTDATA_TH	DAILY_REWARD	53	n_WEIGHT_17	0	4	212
CONSTDATA_TH	DAILY_REWARD	54	n_NUMBER_17	0	4	216
CONSTDATA_TH	DAILY_REWARD	55	n_ITEM_18	0	4	220
CONSTDATA_TH	DAILY_REWARD	56	n_WEIGHT_18	0	4	224
CONSTDATA_TH	DAILY_REWARD	57	n_NUMBER_18	0	4	228
CONSTDATA_TH	DAILY_REWARD	58	n_ITEM_19	0	4	232
CONSTDATA_TH	DAILY_REWARD	59	n_WEIGHT_19	0	4	236
CONSTDATA_TH	DAILY_REWARD	60	n_NUMBER_19	0	4	240
CONSTDATA_TH	DAILY_REWARD	61	n_ITEM_20	0	4	244
CONSTDATA_TH	DAILY_REWARD	62	n_WEIGHT_20	0	4	248
CONSTDATA_TH	DAILY_REWARD	63	n_NUMBER_20	0	4	252
CONSTDATA_TH	DAILY_REWARD	64	n_ITEM_21	0	4	256
CONSTDATA_TH	DAILY_REWARD	65	n_WEIGHT_21	0	4	260
CONSTDATA_TH	DAILY_REWARD	66	n_NUMBER_21	0	4	264
CONSTDATA_TH	DAILY_REWARD	67	n_ITEM_22	0	4	268
CONSTDATA_TH	DAILY_REWARD	68	n_WEIGHT_22	0	4	272
CONSTDATA_TH	DAILY_REWARD	69	n_NUMBER_22	0	4	276
CONSTDATA_TH	DAILY_REWARD	70	n_ITEM_23	0	4	280
CONSTDATA_TH	DAILY_REWARD	71	n_WEIGHT_23	0	4	284
CONSTDATA_TH	DAILY_REWARD	72	n_NUMBER_23	0	4	288
CONSTDATA_TH	DAILY_REWARD	73	n_ITEM_24	0	4	292
CONSTDATA_TH	DAILY_REWARD	74	n_WEIGHT_24	0	4	296
CONSTDATA_TH	DAILY_REWARD	75	n_NUMBER_24	0	4	300
CONSTDATA_TH	DAILY_REWARD	76	n_ITEM_25	0	4	304
CONSTDATA_TH	DAILY_REWARD	77	n_WEIGHT_25	0	4	308
CONSTDATA_TH	DAILY_REWARD	78	n_NUMBER_25	0	4	312
CONSTDATA_TH	DAILY_REWARD	79	n_ITEM_26	0	4	316
CONSTDATA_TH	DAILY_REWARD	80	n_WEIGHT_26	0	4	320
CONSTDATA_TH	DAILY_REWARD	81	n_NUMBER_26	0	4	324
CONSTDATA_TH	DAILY_REWARD	82	n_ITEM_27	0	4	328
CONSTDATA_TH	DAILY_REWARD	83	n_WEIGHT_27	0	4	332
CONSTDATA_TH	DAILY_REWARD	84	n_NUMBER_27	0	4	336
CONSTDATA_TH	DAILY_REWARD	85	n_ITEM_28	0	4	340
CONSTDATA_TH	DAILY_REWARD	86	n_WEIGHT_28	0	4	344
CONSTDATA_TH	DAILY_REWARD	87	n_NUMBER_28	0	4	348
CONSTDATA_TH	DAILY_REWARD	88	n_ITEM_29	0	4	352
CONSTDATA_TH	DAILY_REWARD	89	n_WEIGHT_29	0	4	356
CONSTDATA_TH	DAILY_REWARD	90	n_NUMBER_29	0	4	360
CONSTDATA_TH	DAILY_REWARD	91	n_ITEM_30	0	4	364
CONSTDATA_TH	DAILY_REWARD	92	n_WEIGHT_30	0	4	368
CONSTDATA_TH	DAILY_REWARD	93	n_NUMBER_30	0	4	372
CONSTDATA_TH	ONLINE_REWARD	0	n_ID	0	4	0
CONSTDATA_TH	ONLINE_REWARD	1	n_TYPE	0	4	4
CONSTDATA_TH	ONLINE_REWARD	2	n_TIME	0	4	8
CONSTDATA_TH	DAILY_INFO_REWARD	0	n_ID	0	4	0
CONSTDATA_TH	DAILY_INFO_REWARD	1	n_DAY	0	4	4
CONSTDATA_TH	DAILY_INFO_REWARD	2	s_CONDITION_1	3	4	8
CONSTDATA_TH	DAILY_INFO_REWARD	3	n_REWARD_1	0	4	12
CONSTDATA_TH	DAILY_INFO_REWARD	4	n_NUMBER_1	0	4	16
CONSTDATA_TH	DAILY_INFO_REWARD	5	n_FAIL_REWARD_1	0	4	20
CONSTDATA_TH	DAILY_INFO_REWARD	6	s_CONDITION_2	3	4	24
CONSTDATA_TH	DAILY_INFO_REWARD	7	n_REWARD_2	0	4	28
CONSTDATA_TH	DAILY_INFO_REWARD	8	n_NUMBER_2	0	4	32
CONSTDATA_TH	DAILY_INFO_REWARD	9	n_FAIL_REWARD_2	0	4	36
CONSTDATA_TH	DAILY_INFO_REWARD	10	s_CONDITION_3	3	4	40
CONSTDATA_TH	DAILY_INFO_REWARD	11	n_REWARD_3	0	4	44
CONSTDATA_TH	DAILY_INFO_REWARD	12	n_NUMBER_3	0	4	48
CONSTDATA_TH	DAILY_INFO_REWARD	13	n_FAIL_REWARD_3	0	4	52
CONSTDATA_TH	DAILY_INFO_REWARD	14	s_CONDITION_4	3	4	56
CONSTDATA_TH	DAILY_INFO_REWARD	15	n_REWARD_4	0	4	60
CONSTDATA_TH	DAILY_INFO_REWARD	16	n_NUMBER_4	0	4	64
CONSTDATA_TH	DAILY_INFO_REWARD	17	n_FAIL_REWARD_4	0	4	68
CONSTDATA_TH	DAILY_INFO_REWARD	18	s_CONDITION_5	3	4	72
CONSTDATA_TH	DAILY_INFO_REWARD	19	n_REWARD_5	0	4	76
CONSTDATA_TH	DAILY_INFO_REWARD	20	n_NUMBER_5	0	4	80
CONSTDATA_TH	DAILY_INFO_REWARD	21	n_FAIL_REWARD_5	0	4	84
CONSTDATA_TH	DAILY_INFO_REWARD	22	s_CONDITION_6	3	4	88
CONSTDATA_TH	DAILY_INFO_REWARD	23	n_REWARD_6	0	4	92
CONSTDATA_TH	DAILY_INFO_REWARD	24	n_NUMBER_6	0	4	96
CONSTDATA_TH	DAILY_INFO_REWARD	25	n_FAIL_REWARD_6	0	4	100
CONSTDATA_TH	ENHANCEMENT_RULES	0	n_ID	0	4	0
CONSTDATA_TH	ENHANCEMENT_RULES	1	f_POPRATE	2	4	4
CONSTDATA_TH	ENHANCEMENT_RULES	2	n_MILESTONE	0	4	8
CONSTDATA_TH	ENHANCEMENT_RULES	3	s_ICONFX	3	4	12
CONSTDATA_TH	ENHANCEMENT_RULES	4	f_POPRATE_BOMB	2	4	16
CONSTDATA_TH	ENHANCEMENT_RULES	5	n_ENHANCE_FEE	0	4	20
CONSTDATA_TH	EQUIPMENT_ZONE	0	n_ID	0	4	0
CONSTDATA_TH	EQUIPMENT_ZONE	1	n_ZONEMIN	0	4	4
CONSTDATA_TH	EQUIPMENT_ZONE	2	n_ZONEMAX	0	4	8
CONSTDATA_TH	EQUIPMENT_ZONE	3	n_IDENTIFY_FEE	0	4	12
CONSTDATA_TH	EQUIPMENT_ZONE	4	n_TRANSFER_FEE	0	4	16
CONSTDATA_TH	EQUIPMENT_ZONE	5	n_TRANSFER_ITEMID	0	4	20
CONSTDATA_TH	EQUIPMENT_ZONE	6	n_TRANSFER_ITEMNUM	0	4	24
CONSTDATA_TH	PETDATA	0	n_ID	0	4	0
CONSTDATA_TH	PETDATA	1	s_NAME	3	4	4
CONSTDATA_TH	PETDATA	2	n_PETTYPE	0	4	8
CONSTDATA_TH	PETDATA	3	n_MOBDATA	0	4	12
CONSTDATA_TH	PETDATA	4	n_OUTFIT	0	4	16
CONSTDATA_TH	PETDATA	5	s_BUFFID	3	4	20
CONSTDATA_TH	PETDATA	6	n_SSKILL	0	4	24
CONSTDATA_TH	PETDATA	7	s_SLOT_MAN	3	4	28
CONSTDATA_TH	PETDATA	8	s_SLOT_SHIP	3	4	32
CONSTDATA_TH	PETDATA	9	n_SHIP	0	4	36
CONSTDATA_TH	PETDATA	10	n_SHIP_TYPE	0	4	40
CONSTDATA_TH	PETDATA	11	s_OUTFITTING	3	4	44
CONSTDATA_TH	PETDATA	12	n_RANK_CAP	0	4	48
CONSTDATA_TH	SAILOR_AVATAR	0	n_ID	0	4	0
CONSTDATA_TH	SAILOR_AVATAR	1	s_NAME	3	4	4
CONSTDATA_TH	SAILOR_AVATAR	2	n_DRESS_HAT	0	4	8
CONSTDATA_TH	SAILOR_AVATAR	3	n_DRESS_CHEST	0	4	12
CONSTDATA_TH	SAILOR_AVATAR	4	n_DRESS_LEGGINGS	0	4	16
CONSTDATA_TH	SAILOR_AVATAR	5	n_GENDER	0	4	20
CONSTDATA_TH	SAILOR_AVATAR	6	n_HDID	0	4	24
CONSTDATA_TH	SAILOR_AVATAR	7	n_HRID	0	4	28
CONSTDATA_TH	SAILOR_AVATAR	8	n_FCID	0	4	32
CONSTDATA_TH	SAILOR_AVATAR	9	n_ETID	0	4	36
CONSTDATA_TH	SAILOR_AVATAR	10	n_AVATAR	0	4	40
CONSTDATA_TH	SAILOR_AVATAR	11	n_EQUIPTYPE	0	4	44
CONSTDATA_TH	SAILOR_AVATAR	12	n_EQUIPTYPE_LHAND	0	4	48
CONSTDATA_TH	SAILOR_AVATAR	13	s_BODYRATIO	3	4	52
CONSTDATA_TH	SAILOR_AVATAR	14	s_FOLLOWFX	3	4	56
CONSTDATA_TH	SAILOR_AVATAR	15	n_DEFAULT_RHAND	0	4	60
CONSTDATA_TH	SAILOR_AVATAR	16	n_DEFAULT_LHAND	0	4	64
CONSTDATA_TH	SAILOR_QUALITY	0	n_ID	0	4	0
CONSTDATA_TH	SAILOR_QUALITY	1	n_QUILITY	0	4	4
CONSTDATA_TH	SAILOR_QUALITY	2	n_RANDOM	0	4	8
CONSTDATA_TH	SAILOR_QUALITY	3	n_WEIGHT	0	4	12
CONSTDATA_TH	SAILOR_QUALITY	4	n_BUFFID	0	4	16
CONSTDATA_TH	SAILOR_QUALITY	5	n_POINTMIN	0	4	20
CONSTDATA_TH	SAILOR_QUALITY	6	n_POINTMAX	0	4	24
CONSTDATA_TH	SAILOR_QUALITY	7	n_SKILL	0	4	28
CONSTDATA_TH	SAILOR_FRIENDLY	0	n_ID	0	4	0
CONSTDATA_TH	SAILOR_FRIENDLY	1	n_FRIENDLY_MIN	0	4	4
CONSTDATA_TH	SAILOR_FRIENDLY	2	n_FRIENDLY_MAX	0	4	8
CONSTDATA_TH	SAILOR_FRIENDLY	3	n_BUFFID	0	4	12
CONSTDATA_TH	SAILOR_FRIENDLY	4	s_EMOTION	3	4	16
CONSTDATA_TH	SAILOR_SKILL	0	n_ID	0	4	0
CONSTDATA_TH	SAILOR_SKILL	1	s_NAME	3	4	4
CONSTDATA_TH	SAILOR_SKILL	2	s_ID_ICON	3	4	8
CONSTDATA_TH	SAILOR_SKILL	3	n_SKILLTYPE	0	4	12
CONSTDATA_TH	SAILOR_SKILL	4	n_SERIES	0	4	16
CONSTDATA_TH	SAILOR_SKILL	5	n_SKILLLV	0	4	20
CONSTDATA_TH	SAILOR_SKILL	6	n_BUFF_SAILOR	0	4	24
CONSTDATA_TH	SAILOR_SKILL	7	n_BUFF_PLAYER	0	4	28
CONSTDATA_TH	SAILOR_SKILL	8	n_BUFF_SHIP	0	4	32
CONSTDATA_TH	SAILOR_SKILL	9	n_SKILL_SHIP	0	4	36
CONSTDATA_TH	SAILOR_SKILL	10	n_EQUIP	0	4	40
CONSTDATA_TH	PET_MIX	0	n_ID	0	4	0
CONSTDATA_TH	PET_MIX	1	n_AMOUNT	0	4	4
CONSTDATA_TH	PET_MIX	2	n_PETITEM_ID	0	4	8
CONSTDATA_TH	PET_MIX	3	n_SAILORITEM_ID	0	4	12
CONSTDATA_TH	PET_MIX	4	n_WEIGHT	0	4	16
CONSTDATA_TH	PET_MIX	5	n_CHANGETIME	0	4	20
CONSTDATA_TH	PET_MIX	6	s_HK_VER	3	4	24
CONSTDATA_TH	PET_MIX	7	s_TC_VER	3	4	28
CONSTDATA_TH	PET_MIX	8	s_JP_VER	3	4	32
CONSTDATA_TH	PET_MIX	9	s_TH_VER	3	4	36
CONSTDATA_TH	COIN_CONSUME	0	n_ID	0	4	0
CONSTDATA_TH	COIN_CONSUME	1	n_COIN	0	4	4
CONSTDATA_TH	COIN_CONSUME	2	n_VARIABLE_X	0	4	8
CONSTDATA_TH	COIN_CONSUME	3	n_VARIABLE_Y	0	4	12
CONSTDATA_TH	COIN_CONSUME	4	f_VARIABLE_Z	2	4	16
CONSTDATA_TH	COIN_CONSUME	5	s_HK_VER	3	4	20
CONSTDATA_TH	COIN_CONSUME	6	s_TC_VER	3	4	24
CONSTDATA_TH	COIN_CONSUME	7	s_JP_VER	3	4	28
CONSTDATA_TH	COIN_CONSUME	8	s_TH_VER	3	4	32
CONSTDATA_TH	SUIT	0	n_ID	0	4	0
CONSTDATA_TH	SUIT	1	n_TYPE	0	4	4
CONSTDATA_TH	SUIT	2	n_ALLOTPOINT	0	4	8
CONSTDATA_TH	SUIT	3	n_ALLNOT_SHOW	0	4	12
CONSTDATA_TH	SUIT	4	n_ITEM1	0	4	16
CONSTDATA_TH	SUIT	5	n_ITEM2	0	4	20
CONSTDATA_TH	SUIT	6	n_ITEM3	0	4	24
CONSTDATA_TH	SUIT	7	n_ITEM4	0	4	28
CONSTDATA_TH	SUIT	8	n_ITEM5	0	4	32
CONSTDATA_TH	SUIT	9	s_HK_VER	3	4	36
CONSTDATA_TH	SUIT	10	s_TC_VER	3	4	40
CONSTDATA_TH	SUIT	11	s_JP_VER	3	4	44
CONSTDATA_TH	SUIT	12	s_TH_VER	3	4	48
CONSTDATA_TH	EFFECT_STORAGE	0	n_ID	0	4	0
CONSTDATA_TH	EFFECT_STORAGE	1	n_TYPE	0	4	4
CONSTDATA_TH	EFFECT_STORAGE	2	n_GROUP	0	4	8
CONSTDATA_TH	EFFECT_STORAGE	3	n_PREEFFECT	0	4	12
CONSTDATA_TH	EFFECT_STORAGE	4	n_EFFECTID	0	4	16
CONSTDATA_TH	EFFECT_STORAGE	5	n_BUFFID	0	4	20
CONSTDATA_TH	EFFECT_STORAGE	6	n_ALLOTPOINT	0	4	24
CONSTDATA_TH	EFFECT_STORAGE	7	s_HK_VER	3	4	28
CONSTDATA_TH	EFFECT_STORAGE	8	s_TC_VER	3	4	32
CONSTDATA_TH	EFFECT_STORAGE	9	s_JP_VER	3	4	36
CONSTDATA_TH	EFFECT_STORAGE	10	s_TH_VER	3	4	40
CONSTDATA_TH	EFFECT_RESIDENT	0	n_ID	0	4	0
CONSTDATA_TH	EFFECT_RESIDENT	1	n_STACKGROUP	0	4	4
CONSTDATA_TH	EFFECT_RESIDENT	2	n_STACKSTATUS	0	4	8
CONSTDATA_TH	EFFECT_RESIDENT	3	s_ICON	3	4	12
CONSTDATA_TH	EFFECT_RESIDENT	4	n_EFFECT	0	4	16
CONSTDATA_TH	EFFECT_RESIDENT	5	n_EFFECT_SUBTYPE	0	4	20
CONSTDATA_TH	EFFECT_RESIDENT	6	n_VISIBLE	0	4	24
CONSTDATA_TH	EFFECT_RESIDENT	7	n_MESSAGE_VISIBLE	0	4	28
CONSTDATA_TH	EFFECT_RESIDENT	8	n_DURATION	0	4	32
CONSTDATA_TH	EFFECT_RESIDENT	9	n_CONSUMPTION	0	4	36
CONSTDATA_TH	EFFECT_RESIDENT	10	n_VAR_1	0	4	40
CONSTDATA_TH	EFFECT_RESIDENT	11	n_VAR_2	0	4	44
CONSTDATA_TH	EFFECT_RESIDENT	12	f_VAR_1	2	4	48
CONSTDATA_TH	EFFECT_RESIDENT	13	f_VAR_2	2	4	52
CONSTDATA_TH	EFFECT_RESIDENT	14	n_DEADLINENOTE	0	4	56
CONSTDATA_TH	EFFECT_COLLECT	0	n_ID	0	4	0
CONSTDATA_TH	EFFECT_COLLECT	1	s_EFFECTS	3	4	4
CONSTDATA_TH	SCENE_WEATHER	0	n_ID	0	4	0
CONSTDATA_TH	SCENE_WEATHER	1	n_WEATHER_SUN_RATE	0	4	4
CONSTDATA_TH	SCENE_WEATHER	2	n_WEATHER_SUN_TIME	0	4	8
CONSTDATA_TH	SCENE_WEATHER	3	n_WEATHER_SAND_RATE	0	4	12
CONSTDATA_TH	SCENE_WEATHER	4	n_WEATHER_SAND_TIME	0	4	16
CONSTDATA_TH	SCENE_WEATHER	5	n_WEATHER_RAIN_RATE	0	4	20
CONSTDATA_TH	SCENE_WEATHER	6	n_WEATHER_RAIN_TIME	0	4	24
CONSTDATA_TH	SCENE_WEATHER	7	n_WEATHER_SNOW_RATE	0	4	28
CONSTDATA_TH	SCENE_WEATHER	8	n_WEATHER_SNOW_TIME	0	4	32
CONSTDATA_TH	SCENE_WEATHER	9	n_WEATHER_STORM_RATE	0	4	36
CONSTDATA_TH	SCENE_WEATHER	10	n_WEATHER_STORM_TIME	0	4	40
CONSTDATA_TH	SCENE_TILE	0	n_ID	0	4	0
CONSTDATA_TH	SCENE_TILE	1	s_MOVE_FX	3	4	4
CONSTDATA_TH	SCENE_TILE	2	s_MOVE_SOUND	3	4	8
CONSTDATA_TH	SCENE_TILE	3	n_WEATHER_CHECK	0	4	12
CONSTDATA_TH	SCENE_TILE	4	n_BUFF_USAGE	0	4	16
CONSTDATA_TH	MARKER	0	n_ID	0	4	0
CONSTDATA_TH	MARKER	1	n_SCENE	0	4	4
CONSTDATA_TH	MARKER	2	n_X	0	4	8
CONSTDATA_TH	MARKER	3	n_Y	0	4	12
CONSTDATA_TH	MARKER	4	n_Z	0	4	16
CONSTDATA_TH	MARKER	5	n_DIRTECTION	0	4	20
CONSTDATA_TH	SCENE_AREA	0	n_ID	0	4	0
CONSTDATA_TH	SCENE_AREA	1	n_COLLECT_CHECK	0	4	4
CONSTDATA_TH	SCENE_AREA	2	n_SCENE_ID	0	4	8
CONSTDATA_TH	SCENE_AREA	3	s_ICON	3	4	12
CONSTDATA_TH	SCENE_AREA	4	n_MESSAGE_ID	0	4	16
CONSTDATA_TH	SCENE_AREA	5	n_MAP_X	0	4	20
CONSTDATA_TH	SCENE_AREA	6	n_MAP_Y	0	4	24
CONSTDATA_TH	Trigger	0	n_ID	0	4	0
CONSTDATA_TH	Trigger	1	s_Trigger_Fail_SOUND	3	4	4
CONSTDATA_TH	Trigger	2	s_Trigger_Success_SOUND	3	4	8
CONSTDATA_TH	Trigger	3	n_MESSAGE_TYPE	0	4	12
CONSTDATA_TH	FACTION	0	n_ID	0	4	0
CONSTDATA_TH	FACTION	1	s_ENEMY	3	4	4
CONSTDATA_TH	GUILD_STATUS	0	n_ID	0	4	0
CONSTDATA_TH	GUILD_STATUS	1	n_EXP_CURRENTGUILDLV	0	4	4
CONSTDATA_TH	GUILD_STATUS	2	n_MEMBER_AMOUNT_MAX	0	4	8
CONSTDATA_TH	GUILD_STATUS	3	n_ASSISTANT_AMOUNT_MAX	0	4	12
CONSTDATA_TH	GUILD_STATUS	4	n_VICECHIEF_AMOUNT_MAX	0	4	16
CONSTDATA_TH	GUILD_STATUS	5	s_REPEATQST_ID	3	4	20
CONSTDATA_TH	GUILD_STATUS	6	n_QUESTID_GUILDMARK	0	4	24
CONSTDATA_TH	GUILD_STATUS	7	f_Salary_times	2	4	28
CONSTDATA_TH	GUILD_MEMBER	0	n_ID	0	4	0
CONSTDATA_TH	GUILD_MEMBER	1	n_CREDIT_CURRENT_MEMBERLV	0	4	4
CONSTDATA_TH	GUILD_MEMBER	2	n_WEEKLYMAX_CREDIT_MEMBERLV	0	4	8
CONSTDATA_TH	GUILD_MEMBER	3	n_OFFLINEQST_APPEAR_AMOUNT	0	4	12
CONSTDATA_TH	GUILD_MEMBER	4	n_Get_GuildSkill_Point_at_GuildLV1	0	4	16
CONSTDATA_TH	GUILD_MEMBER	5	n_Get_GuildSkill_Point_at_GuildLV2	0	4	20
CONSTDATA_TH	GUILD_MEMBER	6	n_Get_GuildSkill_Point_at_GuildLV3	0	4	24
CONSTDATA_TH	GUILD_MEMBER	7	n_Get_GuildSkill_Point_at_GuildLV4	0	4	28
CONSTDATA_TH	GUILD_MEMBER	8	n_Get_GuildSkill_Point_at_GuildLV5	0	4	32
CONSTDATA_TH	GUILD_MEMBER	9	n_Get_GuildSkill_Point_at_GuildLV6	0	4	36
CONSTDATA_TH	GUILD_MEMBER	10	n_Get_GuildSkill_Point_at_GuildLV7	0	4	40
CONSTDATA_TH	GUILD_MEMBER	11	n_Get_GuildSkill_Point_at_GuildLV8	0	4	44
CONSTDATA_TH	GUILD_MEMBER	12	n_Get_GuildSkill_Point_at_GuildLV9	0	4	48
CONSTDATA_TH	GUILD_MEMBER	13	n_Get_GuildSkill_Point_at_GuildLV10	0	4	52
CONSTDATA_TH	GUILD_MEMBER	14	n_Guild_Production_Level	0	4	56
CONSTDATA_TH	GUILD_MEMBER	15	n_Need_Char_Level	0	4	60
CONSTDATA_TH	GUILD_MEMBER	16	f_CharWish_Chance	2	4	64
CONSTDATA_TH	GUILD_MEMBER	17	n_Number_of_Gifts	0	4	68
CONSTDATA_TH	GUILD_MEMBER	18	s_Gifts	3	4	72
CONSTDATA_TH	GUILD_MEMBER	19	f_Times_Daily_Payment	2	4	76
CONSTDATA_TH	GUILD_MEMBER	20	f_Times_GVG_Rewards	2	4	80
CONSTDATA_TH	GUILD_MEMBER	21	s_HK_VER	3	4	84
CONSTDATA_TH	GUILD_MEMBER	22	s_TC_VER	3	4	88
CONSTDATA_TH	GUILD_MEMBER	23	s_JP_VER	3	4	92
CONSTDATA_TH	GUILD_MEMBER	24	s_TH_VER	3	4	96
CONSTDATA_TH	GUILD_AURA	0	n_ID	0	4	0
CONSTDATA_TH	GUILD_AURA	1	n_GUILDLV	0	4	4
CONSTDATA_TH	GUILD_AURA	2	n_AURALV	0	4	8
CONSTDATA_TH	GUILD_AURA	3	n_GROUP	0	4	12
CONSTDATA_TH	GUILD_AURA	4	n_ID_EFFECT_RESIDENT	0	4	16
CONSTDATA_TH	GUILD_AURA	5	n_ID_EFFECT_BUFF	0	4	20
CONSTDATA_TH	GUILD_AURA	6	n_BUFF_LV	0	4	24
CONSTDATA_TH	GUILD_AURA	7	n_POINTS	0	4	28
CONSTDATA_TH	GUILD_AURA	8	s_HK_VER	3	4	32
CONSTDATA_TH	GUILD_AURA	9	s_TC_VER	3	4	36
CONSTDATA_TH	GUILD_AURA	10	s_JP_VER	3	4	40
CONSTDATA_TH	GUILD_AURA	11	s_TH_VER	3	4	44
CONSTDATA_TH	GUILD_GOLD	0	n_ID	0	4	0
CONSTDATA_TH	GUILD_GOLD	1	n_Numbers	0	4	4
CONSTDATA_TH	GUILD_GOLD	2	n_ID_Consitional_Shop	0	4	8
CONSTDATA_TH	GUILD_GOLD	3	n_During_Time	0	4	12
CONSTDATA_TH	STANDARD_QUEST	0	n_ID	0	4	0
CONSTDATA_TH	STANDARD_QUEST	1	n_QUEST_CASH	0	4	4
CONSTDATA_TH	STANDARD_QUEST	2	n_QUEST_EXP	0	4	8
CONSTDATA_TH	STANDARD_QUEST	3	n_QUEST_SP	0	4	12
CONSTDATA_TH	FONT_COLOR	0	n_ID	0	4	0
CONSTDATA_TH	FONT_COLOR	1	f_RED	2	4	4
CONSTDATA_TH	FONT_COLOR	2	f_GREEN	2	4	8
CONSTDATA_TH	FONT_COLOR	3	f_BLUE	2	4	12
CONSTDATA_TH	ACTIVITY	0	n_ID	0	4	0
CONSTDATA_TH	ACTIVITY	1	n_ACTIVITY_TYPE	0	4	4
CONSTDATA_TH	ACTIVITY	2	n_NUMBER_OF_PEOPLE	0	4	8
CONSTDATA_TH	ACTIVITY	3	n_TIME_LIMITE	0	4	12
CONSTDATA_TH	ACTIVITY	4	n_BEGIN_TIME	0	4	16
CONSTDATA_TH	ACTIVITY	5	n_BEGIN_DAY	0	4	20
CONSTDATA_TH	ACTIVITY	6	n_END_DAY	0	4	24
CONSTDATA_TH	ACTIVITY	7	n_HOURS_ADAY	0	4	28
CONSTDATA_TH	ACTIVITY	8	n_RECYCLE_TIMES	0	4	32
CONSTDATA_TH	ACTIVITY	9	s_DAY_WEEKEND	3	4	36
CONSTDATA_TH	ACTIVITY	10	n_PLAYERS_OF_TEAM	0	4	40
CONSTDATA_TH	ACTIVITY	11	n_CHARLV	0	4	44
CONSTDATA_TH	ACTIVITY	12	n_LOW_SCORE	0	4	48
CONSTDATA_TH	ACTIVITY	13	n_LOWEXP	0	4	52
CONSTDATA_TH	ACTIVITY	14	n_MAX_SCORE	0	4	56
CONSTDATA_TH	ACTIVITY	15	n_GIVE_ITEM_EACH_ACTIVITY	0	4	60
CONSTDATA_TH	ACTIVITY	16	n_GIVE_COIN_EACH_ACTIVITY	0	4	64
CONSTDATA_TH	ACTIVITY	17	n_ITEMID_NEEDED	0	4	68
CONSTDATA_TH	ACTIVITY	18	n_ITEM_NUMBER_NEEDED	0	4	72
CONSTDATA_TH	ACTIVITY	19	f_ACTION_BONUS_VAR_1	2	4	76
CONSTDATA_TH	ACTIVITY	20	f_ACTION_BONUS_VAR_2	2	4	80
CONSTDATA_TH	ACTIVITY	21	f_ACTION_BONUS_VAR_3	2	4	84
CONSTDATA_TH	ACTIVITY	22	f_ACTION_BONUS_VAR_4	2	4	88
CONSTDATA_TH	ACTIVITY	23	s_MAIN_ICON_ID_1	3	4	92
CONSTDATA_TH	ACTIVITY	24	s_MAIN_ICON_ID_2	3	4	96
CONSTDATA_TH	ACTIVITY	25	s_IMAGE_ID_1	3	4	100
CONSTDATA_TH	ACTIVITY	26	s_IMAGE_ID_2	3	4	104
CONSTDATA_TH	ACTIVITY	27	s_IMAGE_ID_3	3	4	108
CONSTDATA_TH	ACTIVITY	28	s_IMAGE_ID_4	3	4	112
CONSTDATA_TH	ACTIVITY	29	s_IMAGE_ID_5	3	4	116
CONSTDATA_TH	ACTIVITY	30	s_IMAGE_ID_6	3	4	120
CONSTDATA_TH	ACTIVITY	31	s_HK_VER	3	4	124
CONSTDATA_TH	ACTIVITY	32	s_TC_VER	3	4	128
CONSTDATA_TH	ACTIVITY	33	s_JP_VER	3	4	132
CONSTDATA_TH	ACTIVITY	34	s_TH_VER	3	4	136
CONSTDATA_TH	DAILY_PLAN	0	n_ID	0	4	0
CONSTDATA_TH	DAILY_PLAN	1	n_NAME_ID	0	4	4
CONSTDATA_TH	DAILY_PLAN	2	f_WEIGHTED_EXP	2	4	8
CONSTDATA_TH	DAILY_PLAN	3	n_CONTAIN_NUMBEROF_ACTIVITY	0	4	12
CONSTDATA_TH	DAILY_PLAN	4	n_CONTAIN_NUMBEROF_DAILYQST	0	4	16
CONSTDATA_TH	DAILY_PLAN	5	n_CONTAIN_NUMBEROF_TOTALPLAN	0	4	20
CONSTDATA_TH	DAILY_PLAN	6	n_EACHPLAN_NEED_TIME	0	4	24
CONSTDATA_TH	COLLECT	0	n_ID	0	4	0
CONSTDATA_TH	COLLECT	1	n_Type	0	4	4
CONSTDATA_TH	COLLECT	2	n_Reward_Item	0	4	8
CONSTDATA_TH	COLLECT	3	s_Main_Type	3	4	12
CONSTDATA_TH	COLLECT	4	s_RoleModel	3	4	16
CONSTDATA_TH	COLLECT	5	s_type	3	4	20
CONSTDATA_TH	COLLECT	6	n_DROPID	0	4	24
CONSTDATA_TH	COLLECT	7	n_CD_TYPE	0	4	28
CONSTDATA_TH	COLLECT	8	s_HK_VER	3	4	32
CONSTDATA_TH	COLLECT	9	s_TC_VER	3	4	36
CONSTDATA_TH	COLLECT	10	s_JP_VER	3	4	40
CONSTDATA_TH	COLLECT	11	s_TH_VER	3	4	44
CONSTDATA_TH	VEHICLE	0	n_ID	0	4	0
CONSTDATA_TH	VEHICLE	1	n_PROPERTIES	0	4	4
CONSTDATA_TH	VEHICLE	2	n_SEATS	0	4	8
CONSTDATA_TH	VEHICLE	3	s_NAMEBOARD	3	4	12
CONSTDATA_TH	VEHICLE	4	n_SEAT1	0	4	16
CONSTDATA_TH	VEHICLE	5	n_SEAT2	0	4	20
CONSTDATA_TH	VEHICLE	6	n_SEAT3	0	4	24
CONSTDATA_TH	VEHICLE	7	n_SEAT4	0	4	28
CONSTDATA_TH	VEHICLE	8	n_SEAT5	0	4	32
CONSTDATA_TH	VEHICLE	9	n_SEAT6	0	4	36
CONSTDATA_TH	DROPS_QUEST	0	n_ID	0	4	0
CONSTDATA_TH	DROPS_QUEST	1	n_ITEM_1	0	4	4
CONSTDATA_TH	DROPS_QUEST	2	n_LIMIT_1	0	4	8
CONSTDATA_TH	DROPS_QUEST	3	n_QUESTID_1	0	4	12
CONSTDATA_TH	DROPS_QUEST	4	n_M_BUFF_1	0	4	16
CONSTDATA_TH	DROPS_QUEST	5	f_RATE_1	2	4	20
CONSTDATA_TH	DROPS_QUEST	6	n_ITEM_2	0	4	24
CONSTDATA_TH	DROPS_QUEST	7	n_LIMIT_2	0	4	28
CONSTDATA_TH	DROPS_QUEST	8	n_QUESTID_2	0	4	32
CONSTDATA_TH	DROPS_QUEST	9	n_M_BUFF_2	0	4	36
CONSTDATA_TH	DROPS_QUEST	10	f_RATE_2	2	4	40
CONSTDATA_TH	DROPS_QUEST	11	n_ITEM_3	0	4	44
CONSTDATA_TH	DROPS_QUEST	12	n_LIMIT_3	0	4	48
CONSTDATA_TH	DROPS_QUEST	13	n_QUESTID_3	0	4	52
CONSTDATA_TH	DROPS_QUEST	14	n_M_BUFF_3	0	4	56
CONSTDATA_TH	DROPS_QUEST	15	f_RATE_3	2	4	60
CONSTDATA_TH	DROPS_QUEST	16	n_ITEM_4	0	4	64
CONSTDATA_TH	DROPS_QUEST	17	n_LIMIT_4	0	4	68
CONSTDATA_TH	DROPS_QUEST	18	n_QUESTID_4	0	4	72
CONSTDATA_TH	DROPS_QUEST	19	n_M_BUFF_4	0	4	76
CONSTDATA_TH	DROPS_QUEST	20	f_RATE_4	2	4	80
CONSTDATA_TH	DROPS_QUEST	21	n_ITEM_5	0	4	84
CONSTDATA_TH	DROPS_QUEST	22	n_LIMIT_5	0	4	88
CONSTDATA_TH	DROPS_QUEST	23	n_QUESTID_5	0	4	92
CONSTDATA_TH	DROPS_QUEST	24	n_M_BUFF_5	0	4	96
CONSTDATA_TH	DROPS_QUEST	25	f_RATE_5	2	4	100
CONSTDATA_TH	DROPS_QUEST	26	n_ITEM_6	0	4	104
CONSTDATA_TH	DROPS_QUEST	27	n_LIMIT_6	0	4	108
CONSTDATA_TH	DROPS_QUEST	28	n_QUESTID_6	0	4	112
CONSTDATA_TH	DROPS_QUEST	29	n_M_BUFF_6	0	4	116
CONSTDATA_TH	DROPS_QUEST	30	f_RATE_6	2	4	120
CONSTDATA_TH	DROPS_QUEST	31	n_ITEM_7	0	4	124
CONSTDATA_TH	DROPS_QUEST	32	n_LIMIT_7	0	4	128
CONSTDATA_TH	DROPS_QUEST	33	n_QUESTID_7	0	4	132
CONSTDATA_TH	DROPS_QUEST	34	n_M_BUFF_7	0	4	136
CONSTDATA_TH	DROPS_QUEST	35	f_RATE_7	2	4	140
CONSTDATA_TH	DROPS_QUEST	36	n_ITEM_8	0	4	144
CONSTDATA_TH	DROPS_QUEST	37	n_LIMIT_8	0	4	148
CONSTDATA_TH	DROPS_QUEST	38	n_QUESTID_8	0	4	152
CONSTDATA_TH	DROPS_QUEST	39	n_M_BUFF_8	0	4	156
CONSTDATA_TH	DROPS_QUEST	40	f_RATE_8	2	4	160
CONSTDATA_TH	DROPS_QUEST	41	n_ITEM_9	0	4	164
CONSTDATA_TH	DROPS_QUEST	42	n_LIMIT_9	0	4	168
CONSTDATA_TH	DROPS_QUEST	43	n_QUESTID_9	0	4	172
CONSTDATA_TH	DROPS_QUEST	44	n_M_BUFF_9	0	4	176
CONSTDATA_TH	DROPS_QUEST	45	f_RATE_9	2	4	180
CONSTDATA_TH	DROPS_QUEST	46	n_ITEM_10	0	4	184
CONSTDATA_TH	DROPS_QUEST	47	n_LIMIT_10	0	4	188
CONSTDATA_TH	DROPS_QUEST	48	n_QUESTID_10	0	4	192
CONSTDATA_TH	DROPS_QUEST	49	n_M_BUFF_10	0	4	196
CONSTDATA_TH	DROPS_QUEST	50	f_RATE_10	2	4	200
CONSTDATA_TH	DROPS_QUEST	51	n_ITEM_11	0	4	204
CONSTDATA_TH	DROPS_QUEST	52	n_LIMIT_11	0	4	208
CONSTDATA_TH	DROPS_QUEST	53	n_QUESTID_11	0	4	212
CONSTDATA_TH	DROPS_QUEST	54	n_M_BUFF_11	0	4	216
CONSTDATA_TH	DROPS_QUEST	55	f_RATE_11	2	4	220
CONSTDATA_TH	DROPS_QUEST	56	n_ITEM_12	0	4	224
CONSTDATA_TH	DROPS_QUEST	57	n_LIMIT_12	0	4	228
CONSTDATA_TH	DROPS_QUEST	58	n_QUESTID_12	0	4	232
CONSTDATA_TH	DROPS_QUEST	59	n_M_BUFF_12	0	4	236
CONSTDATA_TH	DROPS_QUEST	60	f_RATE_12	2	4	240
CONSTDATA_TH	DROPS_QUEST	61	n_ITEM_13	0	4	244
CONSTDATA_TH	DROPS_QUEST	62	n_LIMIT_13	0	4	248
CONSTDATA_TH	DROPS_QUEST	63	n_QUESTID_13	0	4	252
CONSTDATA_TH	DROPS_QUEST	64	n_M_BUFF_13	0	4	256
CONSTDATA_TH	DROPS_QUEST	65	f_RATE_13	2	4	260
CONSTDATA_TH	DROPS_QUEST	66	n_ITEM_14	0	4	264
CONSTDATA_TH	DROPS_QUEST	67	n_LIMIT_14	0	4	268
CONSTDATA_TH	DROPS_QUEST	68	n_QUESTID_14	0	4	272
CONSTDATA_TH	DROPS_QUEST	69	n_M_BUFF_14	0	4	276
CONSTDATA_TH	DROPS_QUEST	70	f_RATE_14	2	4	280
CONSTDATA_TH	DROPS_QUEST	71	n_ITEM_15	0	4	284
CONSTDATA_TH	DROPS_QUEST	72	n_LIMIT_15	0	4	288
CONSTDATA_TH	DROPS_QUEST	73	n_QUESTID_15	0	4	292
CONSTDATA_TH	DROPS_QUEST	74	n_M_BUFF_15	0	4	296
CONSTDATA_TH	DROPS_QUEST	75	f_RATE_15	2	4	300
CONSTDATA_TH	DROPS_QUEST	76	n_ITEM_16	0	4	304
CONSTDATA_TH	DROPS_QUEST	77	n_LIMIT_16	0	4	308
CONSTDATA_TH	DROPS_QUEST	78	n_QUESTID_16	0	4	312
CONSTDATA_TH	DROPS_QUEST	79	n_M_BUFF_16	0	4	316
CONSTDATA_TH	DROPS_QUEST	80	f_RATE_16	2	4	320
CONSTDATA_TH	DROPS_QUEST	81	n_ITEM_17	0	4	324
CONSTDATA_TH	DROPS_QUEST	82	n_LIMIT_17	0	4	328
CONSTDATA_TH	DROPS_QUEST	83	n_QUESTID_17	0	4	332
CONSTDATA_TH	DROPS_QUEST	84	n_M_BUFF_17	0	4	336
CONSTDATA_TH	DROPS_QUEST	85	f_RATE_17	2	4	340
CONSTDATA_TH	DROPS_QUEST	86	n_ITEM_18	0	4	344
CONSTDATA_TH	DROPS_QUEST	87	n_LIMIT_18	0	4	348
CONSTDATA_TH	DROPS_QUEST	88	n_QUESTID_18	0	4	352
CONSTDATA_TH	DROPS_QUEST	89	n_M_BUFF_18	0	4	356
CONSTDATA_TH	DROPS_QUEST	90	f_RATE_18	2	4	360
CONSTDATA_TH	DROPS_QUEST	91	n_ITEM_19	0	4	364
CONSTDATA_TH	DROPS_QUEST	92	n_LIMIT_19	0	4	368
CONSTDATA_TH	DROPS_QUEST	93	n_QUESTID_19	0	4	372
CONSTDATA_TH	DROPS_QUEST	94	n_M_BUFF_19	0	4	376
CONSTDATA_TH	DROPS_QUEST	95	f_RATE_19	2	4	380
CONSTDATA_TH	DROPS_QUEST	96	n_ITEM_20	0	4	384
CONSTDATA_TH	DROPS_QUEST	97	n_LIMIT_20	0	4	388
CONSTDATA_TH	DROPS_QUEST	98	n_QUESTID_20	0	4	392
CONSTDATA_TH	DROPS_QUEST	99	n_M_BUFF_20	0	4	396
CONSTDATA_TH	DROPS_QUEST	100	f_RATE_20	2	4	400
CONSTDATA_TH	VOW_LOCK	0	n_ID	0	4	0
CONSTDATA_TH	VOW_LOCK	1	n_PREPOSITIVE	0	4	4
CONSTDATA_TH	VOW_LOCK	2	n_AMITYDEMAND	0	4	8
CONSTDATA_TH	VOW_LOCK	3	n_TYPE	0	4	12
CONSTDATA_TH	VOW_LOCK	4	n_VAR1	0	4	16
CONSTDATA_TH	VOW_LOCK	5	n_FINISHED	0	4	20
CONSTDATA_TH	VOW_LOCK	6	n_LEVEL	0	4	24
CONSTDATA_TH	VOW_LOCK	7	f_REWARD_EXP	2	4	28
CONSTDATA_TH	VOW_LOCK	8	f_REWARD_MONEY	2	4	32
CONSTDATA_TH	VOW_LOCK	9	f_REWARD_SP	2	4	36
CONSTDATA_TH	VOW_LOCK	10	n_REWARD_AMITY	0	4	40
CONSTDATA_TH	VOW_LOCK	11	s_HK_VER	3	4	44
CONSTDATA_TH	VOW_LOCK	12	s_TC_VER	3	4	48
CONSTDATA_TH	VOW_LOCK	13	s_JP_VER	3	4	52
CONSTDATA_TH	VOW_LOCK	14	s_TH_VER	3	4	56
CONSTDATA_TH	STANDARD_LV	0	n_ID	0	4	0
CONSTDATA_TH	STANDARD_LV	1	n_QUEST_CASH	0	4	4
CONSTDATA_TH	STANDARD_LV	2	n_QUEST_EXP	0	4	8
CONSTDATA_TH	STANDARD_LV	3	n_QUEST_SP	0	4	12
CONSTDATA_TH	ACHIEVEMENT	0	n_ID	0	4	0
CONSTDATA_TH	ACHIEVEMENT	1	n_TYPE	0	4	4
CONSTDATA_TH	ACHIEVEMENT	2	s_STATISTIC	3	4	8
CONSTDATA_TH	ACHIEVEMENT	3	s_CONDITIONS	3	4	12
CONSTDATA_TH	ACHIEVEMENT	4	s_FREQUENCY	3	4	16
CONSTDATA_TH	ACHIEVEMENT	5	s_TIP	3	4	20
CONSTDATA_TH	ACHIEVEMENT	6	n_POINTS	0	4	24
CONSTDATA_TH	ACHIEVEMENT	7	n_LEVEL	0	4	28
CONSTDATA_TH	ACHIEVEMENT	8	n_REWARD_ITEM	0	4	32
CONSTDATA_TH	ACHIEVEMENT	9	n_ITEMQUANTITY	0	4	36
CONSTDATA_TH	ACHIEVEMENT	10	f_REWARD_EXP	2	4	40
CONSTDATA_TH	ACHIEVEMENT	11	f_REWARD_SP	2	4	44
CONSTDATA_TH	ACHIEVEMENT	12	f_REWARD_MONEY	2	4	48
CONSTDATA_TH	ACHIEVEMENT	13	n_REWARD_TOKEN	0	4	52
CONSTDATA_TH	ACHIEVEMENT	14	n_REWARD_GREATTITLE	0	4	56
CONSTDATA_TH	ACHIEVEMENT	15	n_BROADCASTING	0	4	60
CONSTDATA_TH	ACHIEVEMENT	16	s_HK_VER	3	4	64
CONSTDATA_TH	ACHIEVEMENT	17	s_TC_VER	3	4	68
CONSTDATA_TH	ACHIEVEMENT	18	s_JP_VER	3	4	72
CONSTDATA_TH	ACHIEVEMENT	19	s_TH_VER	3	4	76
CONSTDATA_TH	7SINS	0	n_ID	0	4	0
CONSTDATA_TH	7SINS	1	n_MOBS_ID	0	4	4
CONSTDATA_TH	MAP_SCENE_LIST	0	n_ID	0	4	0
CONSTDATA_TH	MAP_SCENE_LIST	1	n_ID_MAINTITLE	0	4	4
CONSTDATA_TH	MAP_SCENE_LIST	2	n_NAME_ID	0	4	8
CONSTDATA_TH	MAP_SCENE_LIST	3	n_MAP_X	0	4	12
CONSTDATA_TH	MAP_SCENE_LIST	4	n_MAP_Y	0	4	16
CONSTDATA_TH	MAP_SCENE_LIST	5	n_NPC_ID	0	4	20
CONSTDATA_TH	MAP_SCENE_LIST	6	s_MAP_NAME	3	4	24
CONSTDATA_TH	MAP_SCENE_LIST	7	n_MAP_BUTTON_UP	0	4	28
CONSTDATA_TH	MAP_SCENE_LIST	8	n_MAP_BUTTON_DOWN	0	4	32
CONSTDATA_TH	MAP_SCENE_LIST	9	n_MAP_BUTTON_LEFT	0	4	36
CONSTDATA_TH	MAP_SCENE_LIST	10	n_MAP_BUTTON_RIGHT	0	4	40
CONSTDATA_TH	MAP_SCENE_LIST	11	s_HK_VER	3	4	44
CONSTDATA_TH	MAP_SCENE_LIST	12	s_TC_VER	3	4	48
CONSTDATA_TH	MAP_SCENE_LIST	13	s_JP_VER	3	4	52
CONSTDATA_TH	MAP_SCENE_LIST	14	s_TH_VER	3	4	56
CONSTDATA_TH	UI_CONFIRM	0	n_ID	0	4	0
CONSTDATA_TH	UI_CONFIRM	1	n_UI_MESSAGE_ID	0	4	4
CONSTDATA_TH	UI_CONFIRM	2	n_LEFTBUTTON_ID	0	4	8
CONSTDATA_TH	UI_CONFIRM	3	n_RIGHTBUTTON_ID	0	4	12
CONSTDATA_TH	UI_CONFIRM	4	n_SECONDS_PROGESSBAR	0	4	16
CONSTDATA_TH	UI_CONFIRM	5	n_PRIORITY	0	4	20
CONSTDATA_TH	UI_CONFIRM	6	n_CONTROL	0	4	24
CONSTDATA_TH	UI_CONFIRM	7	s_WINDOWSIZE	3	4	28
CONSTDATA_TH	EMOTION	0	n_ID	0	4	0
CONSTDATA_TH	EMOTION	1	n_SKILL_ID	0	4	4
CONSTDATA_TH	EMOTION	2	s_HK_VER	3	4	8
CONSTDATA_TH	EMOTION	3	s_TC_VER	3	4	12
CONSTDATA_TH	EMOTION	4	s_JP_VER	3	4	16
CONSTDATA_TH	EMOTION	5	s_TH_VER	3	4	20
CONSTDATA_TH	REPORT	0	n_ID	0	4	0
CONSTDATA_TH	REPORT	1	s_SPECIFY_VALUE	3	4	4
CONSTDATA_TH	REPORT	2	n_SPECIFY_TYPE	0	4	8
CONSTDATA_TH	REPORT	3	n_RECORD_NUMBER	0	4	12
CONSTDATA_TH	REPORT	4	n_WEEKLY_REFRESH	0	4	16
CONSTDATA_TH	MOVIE	0	n_ID	0	4	0
CONSTDATA_TH	MOVIE	1	s_NAME	3	4	4
CONSTDATA_TH	MOVIE	2	n_TYPE	0	4	8
CONSTDATA_TH	MOVIE	3	n_TIME	0	4	12
CONSTDATA_TH	MOVIE	4	n_FLAG	0	4	16
CONSTDATA_TH	MOVIE	5	s_HK_VER	3	4	20
CONSTDATA_TH	MOVIE	6	s_TC_VER	3	4	24
CONSTDATA_TH	MOVIE	7	s_JP_VER	3	4	28
CONSTDATA_TH	MOVIE	8	s_TH_VER	3	4	32
CONSTDATA_TH	HELP_DATA	0	n_ID	0	4	0
CONSTDATA_TH	HELP_DATA	1	n_ID_MAINTITLE	0	4	4
CONSTDATA_TH	HELP_DATA	2	n_LINK	0	4	8
CONSTDATA_TH	HELP_DATA	3	s_HK_VER	3	4	12
CONSTDATA_TH	HELP_DATA	4	s_TC_VER	3	4	16
CONSTDATA_TH	HELP_DATA	5	s_JP_VER	3	4	20
CONSTDATA_TH	HELP_DATA	6	s_TH_VER	3	4	24
CONSTDATA_TH	HELP_IMAGE	0	n_ID	0	4	0
CONSTDATA_TH	HELP_IMAGE	1	s_NAME	3	4	4
CONSTDATA_TH	HELP_IMAGE	2	n_NUMBER	0	4	8
CONSTDATA_TH	HELP_IMAGE	3	n_UI_NAME	0	4	12
CONSTDATA_TH	HELP_IMAGE	4	n_UI_Content	0	4	16
CONSTDATA_TH	HELP_IMAGE	5	n_WIDTH	0	4	20
CONSTDATA_TH	HELP_IMAGE	6	n_HEIGHT	0	4	24
CONSTDATA_TH	HELP_IMAGE	7	s_HK_VER	3	4	28
CONSTDATA_TH	HELP_IMAGE	8	s_TC_VER	3	4	32
CONSTDATA_TH	HELP_IMAGE	9	s_JP_VER	3	4	36
CONSTDATA_TH	HELP_IMAGE	10	s_TH_VER	3	4	40
CONSTDATA_TH	SAILING_RESULT	0	n_ID	0	4	0
CONSTDATA_TH	SAILING_RESULT	1	n_AREA	0	4	4
CONSTDATA_TH	SAILING_RESULT	2	n_EVENT	0	4	8
CONSTDATA_TH	SAILING_RESULT	3	n_WEIGHT	0	4	12
CONSTDATA_TH	SAILING_RESULT	4	n_LBOUND_LEVEL	0	4	16
CONSTDATA_TH	SAILING_RESULT	5	n_UBOUND_LEVEL	0	4	20
CONSTDATA_TH	SAILING_RESULT	6	n_VARI_1	0	4	24
CONSTDATA_TH	SAILING_RESULT	7	n_VARI_2	0	4	28
CONSTDATA_TH	SAILING_RESULT	8	n_VARI_3	0	4	32
CONSTDATA_TH	SAILING_RESULT	9	s_OUTFIT	3	4	36
CONSTDATA_TH	SAILING_RESULT	10	s_RANDOMEFFECT	3	4	40
CONSTDATA_TH	SAILING_RESULT	11	n_QUEST_ID	0	4	44
CONSTDATA_TH	SAILING_RESULT	12	n_ITEM_ID	0	4	48
CONSTDATA_TH	SAILING_RESULT	13	n_ELITEMOBGROUP	0	4	52
CONSTDATA_TH	SAILING_RESULT	14	n_CLINE_TYPE	0	4	56
CONSTDATA_TH	SAILING_RESULT	15	s_HK_VER	3	4	60
CONSTDATA_TH	SAILING_RESULT	16	s_TC_VER	3	4	64
CONSTDATA_TH	SAILING_RESULT	17	s_JP_VER	3	4	68
CONSTDATA_TH	SAILING_RESULT	18	s_TH_VER	3	4	72
CONSTDATA_TH	SHIP	0	n_ID	0	4	0
CONSTDATA_TH	SHIP	1	n_SAILOR	0	4	4
CONSTDATA_TH	SHIP	2	n_MORALIZED	0	4	8
CONSTDATA_TH	SHIP	3	n_SHIP_HP	0	4	12
CONSTDATA_TH	SHIP	4	n_SHIP_BUFF	0	4	16
CONSTDATA_TH	SHIP	5	n_SHIP_VELOCITY	0	4	20
CONSTDATA_TH	SHIP	6	s_OUTFIT	3	4	24
CONSTDATA_TH	SHIP	7	f_SHIP_ROTATE_SPEED	2	4	28
CONSTDATA_TH	SHIP	8	s_HK_VER	3	4	32
CONSTDATA_TH	SHIP	9	s_TC_VER	3	4	36
CONSTDATA_TH	SHIP	10	s_JP_VER	3	4	40
CONSTDATA_TH	SHIP	11	s_TH_VER	3	4	44
CONSTDATA_TH	FLOOR_EFFECT	0	n_ID	0	4	0
CONSTDATA_TH	FLOOR_EFFECT	1	n_FLOOR_GROUP	0	4	4
CONSTDATA_TH	FLOOR_EFFECT	2	s_FLOOR_MODEL	3	4	8
CONSTDATA_TH	FLOOR_EFFECT	3	f_SCALE	2	4	12
CONSTDATA_TH	FLOOR_EFFECT	4	n_EFFECT	0	4	16
CONSTDATA_TH	FLOOR_EFFECT	5	n_EFFECT_VAR1	0	4	20
CONSTDATA_TH	FLOOR_EFFECT	6	f_CHANCE_1	2	4	24
CONSTDATA_TH	FLOOR_EFFECT	7	n_MIN_1	0	4	28
CONSTDATA_TH	FLOOR_EFFECT	8	n_MAX_1	0	4	32
CONSTDATA_TH	FLOOR_EFFECT	9	s_HK_VER	3	4	36
CONSTDATA_TH	FLOOR_EFFECT	10	s_TC_VER	3	4	40
CONSTDATA_TH	FLOOR_EFFECT	11	s_JP_VER	3	4	44
CONSTDATA_TH	FLOOR_EFFECT	12	s_TH_VER	3	4	48
CONSTDATA_TH	GET_SHIPCORPSE	0	n_ID	0	4	0
CONSTDATA_TH	GET_SHIPCORPSE	1	n_AREA	0	4	4
CONSTDATA_TH	GET_SHIPCORPSE	2	f_WEIGHT	2	4	8
CONSTDATA_TH	GET_SHIPCORPSE	3	n_LBOUND_LEVEL	0	4	12
CONSTDATA_TH	GET_SHIPCORPSE	4	n_UBOUND_LEVEL	0	4	16
CONSTDATA_TH	GET_SHIPCORPSE	5	n_VARI_1	0	4	20
CONSTDATA_TH	GET_SHIPCORPSE	6	s_OUTFIT	3	4	24
CONSTDATA_TH	GET_SHIPCORPSE	7	s_HK_VER	3	4	28
CONSTDATA_TH	GET_SHIPCORPSE	8	s_TC_VER	3	4	32
CONSTDATA_TH	GET_SHIPCORPSE	9	s_JP_VER	3	4	36
CONSTDATA_TH	GET_SHIPCORPSE	10	s_TH_VER	3	4	40
CONSTDATA_TH	PVP_PROPERTIES	0	n_ID	0	4	0
CONSTDATA_TH	PVP_PROPERTIES	1	f_EXP_MOB	2	4	4
CONSTDATA_TH	PVP_PROPERTIES	2	f_SP_MOB	2	4	8
CONSTDATA_TH	PVP_PROPERTIES	3	f_EXP_PLAYER	2	4	12
CONSTDATA_TH	PVP_PROPERTIES	4	f_SP_PLAYER	2	4	16
CONSTDATA_TH	PVP_PROPERTIES	5	n_RESET_KILLCOUNTER	0	4	20
CONSTDATA_TH	PVP_PROPERTIES	6	f_BONUS_EXP_STOPKILLING	2	4	24
CONSTDATA_TH	PVP_PROPERTIES	7	f_BONUS_SP_STOPKILLING	2	4	28
CONSTDATA_TH	PVP_PROPERTIES	8	s_DROPS_5KILL	3	4	32
CONSTDATA_TH	PVP_PROPERTIES	9	s_DROPS_10KILL	3	4	36
CONSTDATA_TH	PVP_PROPERTIES	10	s_DROPS_20KILL	3	4	40
CONSTDATA_TH	PVP_PROPERTIES	11	s_DROPS_30KILL	3	4	44
CONSTDATA_TH	PVP_PROPERTIES	12	s_DROPS_50KILL	3	4	48
CONSTDATA_TH	PVP_PROPERTIES	13	s_HK_VER	3	4	52
CONSTDATA_TH	PVP_PROPERTIES	14	s_TC_VER	3	4	56
CONSTDATA_TH	PVP_PROPERTIES	15	s_JP_VER	3	4	60
CONSTDATA_TH	PVP_PROPERTIES	16	s_TH_VER	3	4	64
CONSTDATA_TH	GAME_TARGET_HINT	0	n_ID	0	4	0
CONSTDATA_TH	GAME_TARGET_HINT	1	n_LV_MIN	0	4	4
CONSTDATA_TH	GAME_TARGET_HINT	2	n_LV_MAX	0	4	8
CONSTDATA_TH	GAME_TARGET_HINT	3	n_ITEM_GET_1	0	4	12
CONSTDATA_TH	GAME_TARGET_HINT	4	n_ITEM_GET_2	0	4	16
CONSTDATA_TH	GAME_TARGET_HINT	5	n_ITEM_GET_3	0	4	20
CONSTDATA_TH	GAME_TARGET_HINT	6	n_ITEM_GET_4	0	4	24
CONSTDATA_TH	GAME_TARGET_HINT	7	n_ITEM_GET_5	0	4	28
CONSTDATA_TH	GAME_TARGET_HINT	8	n_ITEM_GET_6	0	4	32
CONSTDATA_TH	GAME_TARGET_HINT	9	n_ITEM_GET_7	0	4	36
CONSTDATA_TH	GAME_TARGET_HINT	10	n_ITEM_GET_8	0	4	40
CONSTDATA_TH	GAME_TARGET_HINT	11	n_ITEM_GET_9	0	4	44
CONSTDATA_TH	GAME_TARGET_HINT	12	n_ITEM_GET_10	0	4	48
CONSTDATA_TH	GAME_TARGET_HINT	13	s_HK_VER	3	4	52
CONSTDATA_TH	GAME_TARGET_HINT	14	s_TC_VER	3	4	56
CONSTDATA_TH	GAME_TARGET_HINT	15	s_JP_VER	3	4	60
CONSTDATA_TH	GAME_TARGET_HINT	16	s_TH_VER	3	4	64
CONSTDATA_TH	BUFF_GROUP	0	n_ID	0	4	0
CONSTDATA_TH	BUFF_GROUP	1	n_BUFFGROUP_ID	0	4	4
CONSTDATA_TH	BUFF_GROUP	2	n_BUFF_ID	0	4	8
CONSTDATA_TH	BUFF_GROUP	3	n_WEIGHT	0	4	12
CONSTDATA_TH	STALL_SET	0	n_ID	0	4	0
CONSTDATA_TH	STALL_SET	1	n_STATUS	0	4	4
CONSTDATA_TH	STALL_SET	2	n_EFFECT_RESIDENT	0	4	8
CONSTDATA_TH	STALL_SET	3	s_NAME	3	4	12
CONSTDATA_TH	STALL_SET	4	s_STALL_ITEM	3	4	16
CONSTDATA_TH	STALL_SET	5	n_UI_TEXT	0	4	20
CONSTDATA_TH	STALL_SET	6	s_HK_VER	3	4	24
CONSTDATA_TH	STALL_SET	7	s_TC_VER	3	4	28
CONSTDATA_TH	STALL_SET	8	s_JP_VER	3	4	32
CONSTDATA_TH	STALL_SET	9	s_TH_VER	3	4	36
CONSTDATA_TH	CUTIN	0	n_ID	0	4	0
CONSTDATA_TH	CUTIN	1	n_UI_DISAPPEAR_TIME	0	4	4
CONSTDATA_TH	CUTIN	2	s_MAIN_SOURCE	3	4	8
CONSTDATA_TH	CUTIN	3	n_SKILL_EVENT	0	4	12
CONSTDATA_TH	GUILDEVENT	0	n_ID	0	4	0
CONSTDATA_TH	GUILDEVENT	1	n_TYPE	0	4	4
CONSTDATA_TH	GUILDEVENT	2	n_BOOKSTARTTIME	0	4	8
CONSTDATA_TH	GUILDEVENT	3	n_BOOKENDTIME	0	4	12
CONSTDATA_TH	GUILDEVENT	4	f_MATCHTIME	2	4	16
CONSTDATA_TH	GUILDEVENT	5	n_ID_INSTANCE	0	4	20
CONSTDATA_TH	GUILDEVENT	6	n_MAXPLAYER	0	4	24
CONSTDATA_TH	GUILDEVENT	7	n_N_MARKID	0	4	28
CONSTDATA_TH	GUILDEVENT	8	n_P_MarkID	0	4	32
CONSTDATA_TH	GUILDEVENT	9	s_HK_VER	3	4	36
CONSTDATA_TH	GUILDEVENT	10	s_TC_VER	3	4	40
CONSTDATA_TH	GUILDEVENT	11	s_JP_VER	3	4	44
CONSTDATA_TH	GUILDEVENT	12	s_TH_VER	3	4	48
CONSTDATA_TH	RANK_REWARD	0	n_ID	0	4	0
CONSTDATA_TH	RANK_REWARD	1	n_RANK_TYPE	0	4	4
CONSTDATA_TH	RANK_REWARD	2	n_DATE_TYPE	0	4	8
CONSTDATA_TH	RANK_REWARD	3	n_RANK_LV_MIN	0	4	12
CONSTDATA_TH	RANK_REWARD	4	n_RANK_LV_MAX	0	4	16
CONSTDATA_TH	RANK_REWARD	5	n_ITEM_1	0	4	20
CONSTDATA_TH	RANK_REWARD	6	n_ITEM_NUM_1	0	4	24
CONSTDATA_TH	RANK_REWARD	7	n_ITEM_2	0	4	28
CONSTDATA_TH	RANK_REWARD	8	n_ITEM_NUM_2	0	4	32
CONSTDATA_TH	RANK_REWARD	9	n_ITEM_3	0	4	36
CONSTDATA_TH	RANK_REWARD	10	n_ITEM_NUM_3	0	4	40
CONSTDATA_TH	RANK_REWARD	11	s_HK_VER	3	4	44
CONSTDATA_TH	RANK_REWARD	12	s_TC_VER	3	4	48
CONSTDATA_TH	RANK_REWARD	13	s_JP_VER	3	4	52
CONSTDATA_TH	RANK_REWARD	14	s_TH_VER	3	4	56
CONSTDATA_TH	SCROLL_VOICE	0	n_ID	0	4	0
CONSTDATA_TH	SCROLL_VOICE	1	s_VIDEO	3	4	4
CONSTDATA_TH	SCROLL_VOICE	2	s_VOICE	3	4	8
TEXTDATA_TH	VERSION_PHASE_TIP	0	n_ID	0	4	0
TEXTDATA_TH	VERSION_PHASE_TIP	1	s_Name	3	4	4
TEXTDATA_TH	VERSION_PHASE_TIP	2	s_NOTE	3	4	8
TEXTDATA_TH	FUNCTION_CONTROL_TIP	0	n_ID	0	4	0
TEXTDATA_TH	FUNCTION_CONTROL_TIP	1	s_Name	3	4	4
TEXTDATA_TH	FUNCTION_CONTROL_TIP	2	s_NOTE	3	4	8
TEXTDATA_TH	DROPS_ACTIVITY_TIP	0	n_ID	0	4	0
TEXTDATA_TH	DROPS_ACTIVITY_TIP	1	s_Name	3	4	4
TEXTDATA_TH	DROPS_ACTIVITY_TIP	2	s_NOTE	3	4	8
TEXTDATA_TH	MESSAGE	0	n_ID	0	4	0
TEXTDATA_TH	MESSAGE	1	n_TYPE	0	4	4
TEXTDATA_TH	MESSAGE	2	n_NOTIFY_TYPE	0	4	8
TEXTDATA_TH	MESSAGE	3	s_MESSAGE	3	4	12
TEXTDATA_TH	UI_MESSAGE	0	n_ID	0	4	0
TEXTDATA_TH	UI_MESSAGE	1	s_UI_WORDS	3	4	4
TEXTDATA_TH	TIP_MESSAGE	0	n_ID	0	4	0
TEXTDATA_TH	TIP_MESSAGE	1	s_TIP_SUBJECT	3	4	4
TEXTDATA_TH	TIP_MESSAGE	2	s_TIP_WORDS	3	4	8
TEXTDATA_TH	EQUIPMENT_BASE_TIP	0	n_ID	0	4	0
TEXTDATA_TH	EQUIPMENT_BASE_TIP	1	s_NAME	3	4	4
TEXTDATA_TH	EQUIPMENT_BASE_TIP	2	s_COMMON	3	4	8
TEXTDATA_TH	EQUIPMENT_BASE_TIP	3	s_EQUIPED	3	4	12
TEXTDATA_TH	EQUIPMENT_BASE_TIP	4	s_USED	3	4	16
TEXTDATA_TH	EQUIP_AVATAR_TIP	0	n_ID	0	4	0
TEXTDATA_TH	EQUIP_AVATAR_TIP	1	s_NAME	3	4	4
TEXTDATA_TH	EQUIP_AVATAR_TIP	2	s_COMMON	3	4	8
TEXTDATA_TH	EQUIP_AVATAR_TIP	3	s_EQUIPED	3	4	12
TEXTDATA_TH	EQUIP_AVATAR_TIP	4	s_USED	3	4	16
TEXTDATA_TH	ITEM_CONSUMABLES_TIP	0	n_ID	0	4	0
TEXTDATA_TH	ITEM_CONSUMABLES_TIP	1	s_NAME	3	4	4
TEXTDATA_TH	ITEM_CONSUMABLES_TIP	2	s_COMMON	3	4	8
TEXTDATA_TH	ITEM_CONSUMABLES_TIP	3	s_EQUIPED	3	4	12
TEXTDATA_TH	ITEM_CONSUMABLES_TIP	4	s_USED	3	4	16
TEXTDATA_TH	ITEM_MISC_TIP	0	n_ID	0	4	0
TEXTDATA_TH	ITEM_MISC_TIP	1	s_NAME	3	4	4
TEXTDATA_TH	ITEM_MISC_TIP	2	s_COMMON	3	4	8
TEXTDATA_TH	ITEM_MISC_TIP	3	s_EQUIPED	3	4	12
TEXTDATA_TH	ITEM_MISC_TIP	4	s_USED	3	4	16
TEXTDATA_TH	ITEMMALL_TEXT	0	n_ID	0	4	0
TEXTDATA_TH	ITEMMALL_TEXT	1	s_NAME	3	4	4
TEXTDATA_TH	ITEMMALL_TEXT	2	s_COMMON	3	4	8
TEXTDATA_TH	ITEMMALL_TEXT	3	s_EQUIPED	3	4	12
TEXTDATA_TH	ITEMMALL_TEXT	4	s_USED	3	4	16
TEXTDATA_TH	ITEM_QUEST_TIP	0	n_ID	0	4	0
TEXTDATA_TH	ITEM_QUEST_TIP	1	s_NAME	3	4	4
TEXTDATA_TH	ITEM_QUEST_TIP	2	s_COMMON	3	4	8
TEXTDATA_TH	ITEM_QUEST_TIP	3	s_EQUIPED	3	4	12
TEXTDATA_TH	ITEM_QUEST_TIP	4	s_USED	3	4	16
TEXTDATA_TH	ADDITIONAL_TIP	0	n_ID	0	4	0
TEXTDATA_TH	ADDITIONAL_TIP	1	s_NAME	3	4	4
TEXTDATA_TH	ADDITIONAL_TIP	2	s_MAINTIP	3	4	8
TEXTDATA_TH	ADDITIONAL_TIP	3	s_TRIGGEREDTIP	3	4	12
TEXTDATA_TH	STORE_NORMAL_TIP	0	n_ID	0	4	0
TEXTDATA_TH	STORE_NORMAL_TIP	1	s_NAME	3	4	4
TEXTDATA_TH	STORE_CONDITION_TIP	0	n_ID	0	4	0
TEXTDATA_TH	STORE_CONDITION_TIP	1	s_NAME	3	4	4
TEXTDATA_TH	STORE_GOODS_TIP	0	n_ID	0	4	0
TEXTDATA_TH	STORE_GOODS_TIP	1	s_NAME	3	4	4
TEXTDATA_TH	STORE_SMITH_TIP	0	n_ID	0	4	0
TEXTDATA_TH	STORE_SMITH_TIP	1	s_NAME	3	4	4
TEXTDATA_TH	PETDATA_TIP	0	n_ID	0	4	0
TEXTDATA_TH	PETDATA_TIP	1	s_NAME	3	4	4
TEXTDATA_TH	SUIT_TIP	0	n_ID	0	4	0
TEXTDATA_TH	SUIT_TIP	1	s_NAME	3	4	4
TEXTDATA_TH	VARIABLE_TEXT	0	n_ID	0	4	0
TEXTDATA_TH	VARIABLE_TEXT	1	s_VARIABLENAME	3	4	4
TEXTDATA_TH	VARIABLE_TEXT	2	s_VARIABLECONTENT	3	4	8
TEXTDATA_TH	VARIABLE_TEXT	3	s_SHOWTEXT	3	4	12
TEXTDATA_TH	MAINMENU_TIP	0	n_ID	0	4	0
TEXTDATA_TH	MAINMENU_TIP	1	s_UI_WORDS	3	4	4
TEXTDATA_TH	MESSAGE_BATTLE	0	n_ID	0	4	0
TEXTDATA_TH	MESSAGE_BATTLE	1	n_TYPE	0	4	4
TEXTDATA_TH	MESSAGE_BATTLE	2	s_MESSAGE	3	4	8
TEXTDATA_TH	MOBS_TIP	0	n_ID	0	4	0
TEXTDATA_TH	MOBS_TIP	1	s_NAME	3	4	4
TEXTDATA_TH	MOBS_TIP	2	s_TITLE	3	4	8
TEXTDATA_TH	MOBS_TIP	3	s_NPC_CHATS	3	4	12
TEXTDATA_TH	MOB_TALK_TEXT	0	n_ID	0	4	0
TEXTDATA_TH	MOB_TALK_TEXT	1	s_SENTENCE1	3	4	4
TEXTDATA_TH	MOB_TALK_TEXT	2	s_SENTENCE2	3	4	8
TEXTDATA_TH	MOB_TALK_TEXT	3	s_SENTENCE3	3	4	12
TEXTDATA_TH	SCENE_NAME_TIP	0	n_ID	0	4	0
TEXTDATA_TH	SCENE_NAME_TIP	1	s_SCENE_NAME	3	4	4
TEXTDATA_TH	SCENE_NAME_TIP	2	s_GM_SCENE_NAME	3	4	8
TEXTDATA_TH	MAIL_TEXT	0	n_ID	0	4	0
TEXTDATA_TH	MAIL_TEXT	1	s_MAIL_FROM	3	4	4
TEXTDATA_TH	MAIL_TEXT	2	s_MAIL_SUB	3	4	8
TEXTDATA_TH	MAIL_TEXT	3	s_MAIL	3	4	12
TEXTDATA_TH	MAIL_SEND_DEFALT_TEXT	0	n_ID	0	4	0
TEXTDATA_TH	MAIL_SEND_DEFALT_TEXT	1	s_MAIL	3	4	4
TEXTDATA_TH	CONTENT_CLASS	0	n_ID	0	4	0
TEXTDATA_TH	CONTENT_CLASS	1	s_CLASSNAME	3	4	4
TEXTDATA_TH	CONTENT_CLASS	2	s_CONTENT	3	4	8
TEXTDATA_TH	MESSAGE_ERROR_BATTLE	0	n_ID	0	4	0
TEXTDATA_TH	MESSAGE_ERROR_BATTLE	1	s_MESSAGE	3	4	4
TEXTDATA_TH	HELP_CONTENT	0	n_ID	0	4	0
TEXTDATA_TH	HELP_CONTENT	1	s_CONTENT	3	4	4
TEXTDATA_TH	HELP_CONTENT	2	s_Summary	3	4	8
TEXTDATA_TH	HELP_CONTENT	3	s_HowToDo	3	4	12
TEXTDATA_TH	INVALID_CHARNAME	0	n_ID	0	4	0
TEXTDATA_TH	INVALID_CHARNAME	1	s_CHARNAME	3	4	4
TEXTDATA_TH	INSTANCE_TIP	0	n_ID	0	4	0
TEXTDATA_TH	INSTANCE_TIP	1	s_INSTANCE_NAME	3	4	4
TEXTDATA_TH	INSTANCE_TIP	2	s_INSTANCE_NAME_REFRESHUI	3	4	8
TEXTDATA_TH	Activity_Text	0	n_ID	0	4	0
TEXTDATA_TH	Activity_Text	1	s_ACTNAME	3	4	4
TEXTDATA_TH	Activity_Text	2	s_EXPLAIN_TEXT	3	4	8
TEXTDATA_TH	Activity_Text	3	s_CONDITIONS	3	4	12
TEXTDATA_TH	GUILDAURA_TEXT	0	n_ID	0	4	0
TEXTDATA_TH	GUILDAURA_TEXT	1	s_GUILDSKILL_TYPE_NAME	3	4	4
TEXTDATA_TH	GUILDAURA_TEXT	2	s_GUILDSKILL_NAME	3	4	8
TEXTDATA_TH	GUILDAURA_TEXT	3	s_GUILDSKILL_EXPLAIN	3	4	12
TEXTDATA_TH	HOTKEY_TIP	0	n_ID	0	4	0
TEXTDATA_TH	HOTKEY_TIP	1	s_NAME	3	4	4
TEXTDATA_TH	KEY_TIP	0	n_ID	0	4	0
TEXTDATA_TH	KEY_TIP	1	s_NAME	3	4	4
TEXTDATA_TH	CHAT_EMOTION_TIP	0	n_ID	0	4	0
TEXTDATA_TH	CHAT_EMOTION_TIP	1	s_TITLE	3	4	4
TEXTDATA_TH	CHAT_EMOTION_TIP	2	s_CONTENT_1	3	4	8
TEXTDATA_TH	CHAT_EMOTION_TIP	3	s_CONTENT_2	3	4	12
TEXTDATA_TH	CHAT_EMOTION_ICON	0	n_ID	0	4	0
TEXTDATA_TH	CHAT_EMOTION_ICON	1	s_REPLACEMENT	3	4	4
TEXTDATA_TH	CHAT_EMOTION_ICON	2	s_ICON	3	4	8
TEXTDATA_TH	COLLECT_TEXT	0	n_ID	0	4	0
TEXTDATA_TH	COLLECT_TEXT	1	s_Reward_Explain	3	4	4
TEXTDATA_TH	COLLECT_TEXT	2	s_TITLE	3	4	8
TEXTDATA_TH	COLLECT_TEXT	3	s_Content_1	3	4	12
TEXTDATA_TH	COLLECT_TEXT	4	s_Content_2	3	4	16
TEXTDATA_TH	COLLECT_TEXT	5	s_Content_3	3	4	20
TEXTDATA_TH	COLLECT_TEXT	6	s_Content_4	3	4	24
TEXTDATA_TH	COLLECT_TEXT	7	s_Content_5	3	4	28
TEXTDATA_TH	SHIP_TEXT	0	n_ID	0	4	0
TEXTDATA_TH	SHIP_TEXT	1	s_NAME	3	4	4
TEXTDATA_TH	SHIP_TEXT	2	s_SPEED	3	4	8
TEXTDATA_TH	SAILING_TEXT	0	n_ID	0	4	0
TEXTDATA_TH	SAILING_TEXT	1	s_WORD1	3	4	4
TEXTDATA_TH	SAILING_TEXT	2	s_WORD2	3	4	8
TEXTDATA_TH	SAILING_TEXT	3	s_WORD3	3	4	12
TEXTDATA_TH	EFFECT_TEXT	0	n_ID	0	4	0
TEXTDATA_TH	EFFECT_TEXT	1	s_TITLE	3	4	4
TEXTDATA_TH	EFFECT_TEXT	2	s_TIP	3	4	8
TEXTDATA_TH	SAILOR_SKILL_TIP	0	n_ID	0	4	0
TEXTDATA_TH	SAILOR_SKILL_TIP	1	s_SKILL_TITLE	3	4	4
TEXTDATA_TH	SAILOR_SKILL_TIP	2	s_DESCRIPTION	3	4	8
TEXTDATA_TH	SAILOR_SKILL_TIP	3	s_TIP	3	4	12
TEXTDATA_TH	SAILOR_SKILL_TIP	4	s_CACULATE	3	4	16
TEXTDATA_TH	DIRTYWORD	0	n_ID	0	4	0
TEXTDATA_TH	DIRTYWORD	1	s_name	3	4	4
TEXTDATA_TH	DIRTYTITLE	0	n_ID	0	4	0
TEXTDATA_TH	DIRTYTITLE	1	s_name	3	4	4
TEXTDATA_TH	DIRTYMARK	0	n_ID	0	4	0
TEXTDATA_TH	DIRTYMARK	1	s_name	3	4	4
TEXTDATA_TH	VOWTEXT	0	n_ID	0	4	0
TEXTDATA_TH	VOWTEXT	1	s_TITLE	3	4	4
TEXTDATA_TH	VOWTEXT	2	s_TIP	3	4	8
TEXTDATA_TH	BUFF_TIP	0	n_ID	0	4	0
TEXTDATA_TH	BUFF_TIP	1	s_TITLE_BUFF	3	4	4
TEXTDATA_TH	BUFF_TIP	2	s_DESCRIPTION	3	4	8
TEXTDATA_TH	BUFF_TIP	3	s_CACULATE	3	4	12
TEXTDATA_TH	SKILL_TEXT	0	n_ID	0	4	0
TEXTDATA_TH	SKILL_TEXT	1	s_SKILL_TITLE	3	4	4
TEXTDATA_TH	SKILL_TEXT	2	s_DESCRIPTION	3	4	8
TEXTDATA_TH	SKILL_TEXT	3	s_TIP	3	4	12
TEXTDATA_TH	SKILL_TEXT	4	s_DETAIL	3	4	16
TEXTDATA_TH	SKILL_TEXT	5	s_CACULATE	3	4	20
TEXTDATA_TH	ACHIEVEMENT_TIP	0	n_ID	0	4	0
TEXTDATA_TH	ACHIEVEMENT_TIP	1	s_NAME	3	4	4
TEXTDATA_TH	ACHIEVEMENT_TIP	2	s_TIP	3	4	8
TEXTDATA_TH	GREATTITLE	0	n_ID	0	4	0
TEXTDATA_TH	GREATTITLE	1	s_NAME	3	4	4
TEXTDATA_TH	GREATTITLE	2	s_TIP	3	4	8
TEXTDATA_TH	CHARCREATE_LOOK_TIP	0	n_ID	0	4	0
TEXTDATA_TH	CHARCREATE_LOOK_TIP	1	s_NAME	3	4	4
TEXTDATA_TH	CHARCREATE_SKIN_TIP	0	n_ID	0	4	0
TEXTDATA_TH	CHARCREATE_SKIN_TIP	1	s_NAME	3	4	4
TEXTDATA_TH	7SINS_TEST	0	n_ID	0	4	0
TEXTDATA_TH	7SINS_TEST	1	s_Question	3	4	4
TEXTDATA_TH	7SINS_TEST	2	s_Option1	3	4	8
TEXTDATA_TH	7SINS_TEST	3	s_Option2	3	4	12
TEXTDATA_TH	7SINS_TEST	4	s_Option3	3	4	16
TEXTDATA_TH	7SINS_TEXT	0	n_ID	0	4	0
TEXTDATA_TH	7SINS_TEXT	1	s_Title	3	4	4
TEXTDATA_TH	7SINS_TEXT	2	s_Character	3	4	8
TEXTDATA_TH	7SINS_TEXT	3	s_Explain	3	4	12
TEXTDATA_TH	Trigger_TIP	0	n_ID	0	4	0
TEXTDATA_TH	Trigger_TIP	1	s_Trigger_NAME	3	4	4
TEXTDATA_TH	Trigger_TIP	2	s_Trigger_TIP	3	4	8
TEXTDATA_TH	Trigger_TIP	3	s_Trigger_Fail_Message	3	4	12
TEXTDATA_TH	Trigger_TIP	4	s_Trigger_Success_Message	3	4	16
TEXTDATA_TH	Loading_Text	0	n_ID	0	4	0
TEXTDATA_TH	Loading_Text	1	s_Text	3	4	4
TEXTDATA_TH	MOVIE_TIP	0	n_ID	0	4	0
TEXTDATA_TH	MOVIE_TIP	1	s_NAME	3	4	4
TEXTDATA_TH	MOVIE_TIP	2	s_TIP	3	4	8
TEXTDATA_TH	Report_Text	0	n_ID	0	4	0
TEXTDATA_TH	Report_Text	1	s_TEXT	3	4	4
TEXTDATA_TH	Report_Text	2	s_TEXT_LOADING	3	4	8
TEXTDATA_TH	FLOOR_DROP_NAME	0	n_ID	0	4	0
TEXTDATA_TH	FLOOR_DROP_NAME	1	s_TIP_SUBJECT	3	4	4
TEXTDATA_TH	FLOOR_DROP_NAME	2	s_TIP_WORDS	3	4	8
TEXTDATA_TH	SCENE_AREA_TIP	0	n_ID	0	4	0
TEXTDATA_TH	SCENE_AREA_TIP	1	s_NAME	3	4	4
TEXTDATA_TH	GMTOOL	0	n_ID	0	4	0
TEXTDATA_TH	GMTOOL	1	n_LogType	0	4	4
TEXTDATA_TH	GMTOOL	2	s_MESSAGE	3	4	8
TEXTDATA_TH	TITLE_MISSILE	0	n_ID	0	4	0
TEXTDATA_TH	TITLE_MISSILE	1	s_NAME	3	4	4
TEXTDATA_TH	GAME_TARGET_HINT_TEXT	0	n_ID	0	4	0
TEXTDATA_TH	GAME_TARGET_HINT_TEXT	1	s_TITLE	3	4	4
TEXTDATA_TH	GAME_TARGET_HINT_TEXT	2	s_CONTENT	3	4	8
TEXTDATA_TH	GAME_TARGET_HINT_TEXT	3	s_ITEM_TEXT_1	3	4	12
TEXTDATA_TH	GAME_TARGET_HINT_TEXT	4	s_ITEM_TEXT_2	3	4	16
TEXTDATA_TH	GAME_TARGET_HINT_TEXT	5	s_ITEM_TEXT_3	3	4	20
TEXTDATA_TH	GAME_TARGET_HINT_TEXT	6	s_ITEM_TEXT_4	3	4	24
TEXTDATA_TH	GAME_TARGET_HINT_TEXT	7	s_ITEM_TEXT_5	3	4	28
TEXTDATA_TH	GAME_TARGET_HINT_TEXT	8	s_ITEM_TEXT_6	3	4	32
TEXTDATA_TH	GAME_TARGET_HINT_TEXT	9	s_ITEM_TEXT_7	3	4	36
TEXTDATA_TH	GAME_TARGET_HINT_TEXT	10	s_ITEM_TEXT_8	3	4	40
TEXTDATA_TH	GAME_TARGET_HINT_TEXT	11	s_ITEM_TEXT_9	3	4	44
TEXTDATA_TH	GAME_TARGET_HINT_TEXT	12	s_ITEM_TEXT_10	3	4	48
TEXTDATA_TH	COIN_CONSUME_TEXT	0	n_ID	0	4	0
TEXTDATA_TH	COIN_CONSUME_TEXT	1	s_TEXT_NOTE1	3	4	4
QUESTDATA_TH	QUEST	0	n_ID	0	4	0
QUESTDATA_TH	QUEST	1	n_TYPE	0	4	4
QUESTDATA_TH	QUEST	2	n_SCENE	0	4	8
QUESTDATA_TH	QUEST	3	n_FOLLOW	0	4	12
QUESTDATA_TH	QUEST	4	s_LUASCRIPT	3	4	16
QUESTDATA_TH	QUEST	5	n_LEVEL_QUEST	0	4	20
QUESTDATA_TH	QUEST	6	n_LEVEL_EXP	0	4	24
QUESTDATA_TH	QUEST	7	n_NEXT	0	4	28
QUESTDATA_TH	QUEST	8	n_VARI_1	0	4	32
QUESTDATA_TH	QUEST	9	n_VARI_2	0	4	36
QUESTDATA_TH	QUEST	10	n_VARI_3	0	4	40
QUESTDATA_TH	QUEST	11	n_VARI_4	0	4	44
QUESTDATA_TH	QUEST	12	n_VARI_5	0	4	48
QUESTDATA_TH	QUEST	13	n_VARI_6	0	4	52
QUESTDATA_TH	QUEST	14	n_VARI_7	0	4	56
QUESTDATA_TH	QUEST	15	n_VARI_8	0	4	60
QUESTDATA_TH	QUEST	16	n_VARI_9	0	4	64
QUESTDATA_TH	QUEST	17	n_VARI_10	0	4	68
QUESTDATA_TH	QUEST	18	n_VARI_11	0	4	72
QUESTDATA_TH	QUEST	19	n_VARI_12	0	4	76
QUESTDATA_TH	QUEST	20	n_VARI_13	0	4	80
QUESTDATA_TH	QUEST	21	n_VARI_14	0	4	84
QUESTDATA_TH	QUEST	22	n_VARI_15	0	4	88
QUESTDATA_TH	QUEST	23	n_VARI_16	0	4	92
QUESTDATA_TH	QUEST	24	n_VARI_17	0	4	96
QUESTDATA_TH	QUEST	25	n_VARI_18	0	4	100
QUESTDATA_TH	QUEST	26	n_VARI_19	0	4	104
QUESTDATA_TH	QUEST	27	n_VARI_20	0	4	108
QUESTDATA_TH	QUEST	28	s_VARI_1	3	4	112
QUESTDATA_TH	QUEST	29	s_VARI_2	3	4	116
QUESTDATA_TH	QUEST	30	n_REWARD_ITEM1	0	4	120
QUESTDATA_TH	QUEST	31	n_REWARD_NUM1	0	4	124
QUESTDATA_TH	QUEST	32	n_REWARD_ITEM2	0	4	128
QUESTDATA_TH	QUEST	33	n_REWARD_NUM2	0	4	132
QUESTDATA_TH	QUEST	34	n_REWARD_ITEM3	0	4	136
QUESTDATA_TH	QUEST	35	n_REWARD_NUM3	0	4	140
QUESTDATA_TH	QUEST	36	n_REWARD_ITEM4	0	4	144
QUESTDATA_TH	QUEST	37	n_REWARD_NUM4	0	4	148
QUESTDATA_TH	QUEST	38	n_REWARD_ITEM5	0	4	152
QUESTDATA_TH	QUEST	39	n_REWARD_NUM5	0	4	156
QUESTDATA_TH	QUEST	40	n_REWARD_ITEM6	0	4	160
QUESTDATA_TH	QUEST	41	n_REWARD_NUM6	0	4	164
QUESTDATA_TH	QUEST	42	n_REWARD_CHOOSE1	0	4	168
QUESTDATA_TH	QUEST	43	n_REWARD_CHOOSENUM1	0	4	172
QUESTDATA_TH	QUEST	44	n_REWARD_CHOOSE2	0	4	176
QUESTDATA_TH	QUEST	45	n_REWARD_CHOOSENUM2	0	4	180
QUESTDATA_TH	QUEST	46	n_REWARD_CHOOSE3	0	4	184
QUESTDATA_TH	QUEST	47	n_REWARD_CHOOSENUM3	0	4	188
QUESTDATA_TH	QUEST	48	n_REWARD_CHOOSE4	0	4	192
QUESTDATA_TH	QUEST	49	n_REWARD_CHOOSENUM4	0	4	196
QUESTDATA_TH	QUEST	50	n_REWARD_CHOOSE5	0	4	200
QUESTDATA_TH	QUEST	51	n_REWARD_CHOOSENUM5	0	4	204
QUESTDATA_TH	QUEST	52	n_REWARD_CHOOSE6	0	4	208
QUESTDATA_TH	QUEST	53	n_REWARD_CHOOSENUM6	0	4	212
QUESTDATA_TH	QUEST	54	f_CASH	2	4	216
QUESTDATA_TH	QUEST	55	f_EXP	2	4	220
QUESTDATA_TH	QUEST	56	f_SP	2	4	224
QUESTDATA_TH	QUEST	57	n_GM_SWITCH	0	4	228
QUESTDATA_TH	QUEST	58	s_HK_VER	3	4	232
QUESTDATA_TH	QUEST	59	s_TC_VER	3	4	236
QUESTDATA_TH	QUEST	60	s_JP_VER	3	4	240
QUESTDATA_TH	QUEST	61	s_TH_VER	3	4	244
QUESTDATA_TH	QUESTTALK	0	n_ID	0	4	0
QUESTDATA_TH	QUESTTALK	1	n_NPC_TALK1	0	4	4
QUESTDATA_TH	QUESTTALK	2	n_PLAYER_ANSWER1_1	0	4	8
QUESTDATA_TH	QUESTTALK	3	n_QUEST_FLAG1_1	0	4	12
QUESTDATA_TH	QUESTTALK	4	n_PLAYER_ANSWER1_2	0	4	16
QUESTDATA_TH	QUESTTALK	5	n_QUEST_FLAG1_2	0	4	20
QUESTDATA_TH	QUESTTALK	6	n_PLAYER_ANSWER1_3	0	4	24
QUESTDATA_TH	QUESTTALK	7	n_QUEST_FLAG1_3	0	4	28
QUESTDATA_TH	QUESTTALK	8	n_PLAYER_ANSWER1_4	0	4	32
QUESTDATA_TH	QUESTTALK	9	n_QUEST_FLAG1_4	0	4	36
QUESTDATA_TH	QUESTTALK	10	n_NPC_TALK2	0	4	40
QUESTDATA_TH	QUESTTALK	11	n_PLAYER_ANSWER2_1	0	4	44
QUESTDATA_TH	QUESTTALK	12	n_QUEST_FLAG2_1	0	4	48
QUESTDATA_TH	QUESTTALK	13	n_PLAYER_ANSWER2_2	0	4	52
QUESTDATA_TH	QUESTTALK	14	n_QUEST_FLAG2_2	0	4	56
QUESTDATA_TH	QUESTTALK	15	n_PLAYER_ANSWER2_3	0	4	60
QUESTDATA_TH	QUESTTALK	16	n_QUEST_FLAG2_3	0	4	64
QUESTDATA_TH	QUESTTALK	17	n_PLAYER_ANSWER2_4	0	4	68
QUESTDATA_TH	QUESTTALK	18	n_QUEST_FLAG2_4	0	4	72
QUESTDATA_TH	QUESTTALK	19	n_NPC_TALK3	0	4	76
QUESTDATA_TH	QUESTTALK	20	n_PLAYER_ANSWER3_1	0	4	80
QUESTDATA_TH	QUESTTALK	21	n_QUEST_FLAG3_1	0	4	84
QUESTDATA_TH	QUESTTALK	22	n_PLAYER_ANSWER3_2	0	4	88
QUESTDATA_TH	QUESTTALK	23	n_QUEST_FLAG3_2	0	4	92
QUESTDATA_TH	QUESTTALK	24	n_PLAYER_ANSWER3_3	0	4	96
QUESTDATA_TH	QUESTTALK	25	n_QUEST_FLAG3_3	0	4	100
QUESTDATA_TH	QUESTTALK	26	n_PLAYER_ANSWER3_4	0	4	104
QUESTDATA_TH	QUESTTALK	27	n_QUEST_FLAG3_4	0	4	108
QUESTDATA_TH	QUESTTALK	28	n_NPC_TALK4	0	4	112
QUESTDATA_TH	QUESTTALK	29	n_PLAYER_ANSWER4_1	0	4	116
QUESTDATA_TH	QUESTTALK	30	n_QUEST_FLAG4_1	0	4	120
QUESTDATA_TH	QUESTTALK	31	n_PLAYER_ANSWER4_2	0	4	124
QUESTDATA_TH	QUESTTALK	32	n_QUEST_FLAG4_2	0	4	128
QUESTDATA_TH	QUESTTALK	33	n_PLAYER_ANSWER4_3	0	4	132
QUESTDATA_TH	QUESTTALK	34	n_QUEST_FLAG4_3	0	4	136
QUESTDATA_TH	QUESTTALK	35	n_PLAYER_ANSWER4_4	0	4	140
QUESTDATA_TH	QUESTTALK	36	n_QUEST_FLAG4_4	0	4	144
QUESTDATA_TH	QUESTTALK	37	n_NPC_TALK5	0	4	148
QUESTDATA_TH	QUESTTALK	38	n_PLAYER_ANSWER5_1	0	4	152
QUESTDATA_TH	QUESTTALK	39	n_QUEST_FLAG5_1	0	4	156
QUESTDATA_TH	QUESTTALK	40	n_PLAYER_ANSWER5_2	0	4	160
QUESTDATA_TH	QUESTTALK	41	n_QUEST_FLAG5_2	0	4	164
QUESTDATA_TH	QUESTTALK	42	n_PLAYER_ANSWER5_3	0	4	168
QUESTDATA_TH	QUESTTALK	43	n_QUEST_FLAG5_3	0	4	172
QUESTDATA_TH	QUESTTALK	44	n_PLAYER_ANSWER5_4	0	4	176
QUESTDATA_TH	QUESTTALK	45	n_QUEST_FLAG5_4	0	4	180
QUESTDATA_TH	QUESTTALK	46	n_NPC_ACCEPTED	0	4	184
QUESTDATA_TH	QUESTTALK	47	n_PLAYER_ACCEPTED	0	4	188
QUESTDATA_TH	QUESTTALK	48	n_NPC_COMPLETEL1	0	4	192
QUESTDATA_TH	QUESTTALK	49	n_PLAYER_COMPLETEL1	0	4	196
QUESTDATA_TH	QUESTTALK	50	n_NPC_COMPLETEL2	0	4	200
QUESTDATA_TH	QUESTTALK	51	n_PLAYER_COMPLETEL2	0	4	204
QUESTDATA_TH	QUESTTALK	52	n_NPC_COMPLETEL3	0	4	208
QUESTDATA_TH	QUESTTALK	53	n_PLAYER_COMPLETEL3	0	4	212
QUESTDATA_TH	QUESTTALK	54	n_NPC_BONUS	0	4	216
QUESTDATA_TH	QUESTTALK	55	n_BONUS_QUEST_FLAG	0	4	220
QUESTDATA_TH	QUESTTALK	56	s_ROLE_TALK	3	4	224
QUESTDATA_TH	QUESTTALK	57	s_ROLE_ACCEPTED	3	4	228
QUESTDATA_TH	QUESTTALK	58	s_ROLE_COMPLETE	3	4	232
QUESTDATA_TH	QUESTTALK	59	s_ROLE_BONUS	3	4	236
QUESTTEXT_TH	TEXT_QUEST	0	n_ID	0	4	0
QUESTTEXT_TH	TEXT_QUEST	1	s_QUEST_NAME	3	4	4
QUESTTEXT_TH	TEXT_QUEST	2	s_BRIEFING	3	4	8
QUESTTEXT_TH	TEXT_QUEST	3	s_QUEST_INFO_BRIEF	3	4	12
QUESTTEXT_TH	TEXT_QUEST	4	s_WORD1	3	4	16
QUESTTEXT_TH	TEXT_QUEST	5	s_WORD2	3	4	20
QUESTTEXT_TH	TEXT_QUEST	6	s_WORD3	3	4	24
QUESTTEXT_TH	TEXT_QUEST	7	s_WORD4	3	4	28
QUESTTEXT_TH	TEXT_QUEST	8	s_WORD5	3	4	32
QUESTTEXT_TH	TEXT_QUEST	9	s_WORD6	3	4	36
QUESTTEXT_TH	TEXT_QUEST	10	s_WORD7	3	4	40
QUESTTEXT_TH	TEXT_QUEST	11	s_WORD8	3	4	44
QUESTTEXT_TH	TEXT_QUEST	12	s_WORD9	3	4	48
QUESTTEXT_TH	TEXT_QUEST	13	s_WORD10	3	4	52
QUESTTEXT_TH	TEXT_QUEST	14	s_WORD11	3	4	56
QUESTTEXT_TH	TEXT_QUEST	15	s_WORD12	3	4	60
QUESTTEXT_TH	TEXT_QUEST	16	s_WORD13	3	4	64
QUESTTEXT_TH	TEXT_QUEST	17	s_WORD14	3	4	68
QUESTTEXT_TH	TEXT_QUEST	18	s_WORD15	3	4	72
QUESTTEXT_TH	TEXT_QUEST	19	s_WORD16	3	4	76
QUESTTEXT_TH	TEXT_QUEST	20	s_WORD17	3	4	80
QUESTTEXT_TH	TEXT_QUEST	21	s_WORD18	3	4	84
QUESTTEXT_TH	TEXT_QUEST	22	s_WORD19	3	4	88
QUESTTEXT_TH	TEXT_QUEST	23	s_WORD20	3	4	92
QUESTTEXT_TH	TEXT_QUEST	24	s_WORD21	3	4	96
QUESTTEXT_TH	TEXT_QUEST	25	s_WORD22	3	4	100
QUESTTEXT_TH	TEXT_QUEST	26	s_WORD23	3	4	104
QUESTTEXT_TH	TEXT_QUEST	27	s_WORD24	3	4	108
QUESTTEXT_TH	TEXT_QUEST	28	s_WORD25	3	4	112
QUESTTEXT_TH	TEXT_QUEST	29	s_WORD26	3	4	116
QUESTTEXT_TH	TEXT_QUEST	30	s_WORD27	3	4	120
QUESTTEXT_TH	TEXT_QUEST	31	s_WORD28	3	4	124
QUESTTEXT_TH	TEXT_QUEST	32	s_WORD29	3	4	128
QUESTTEXT_TH	TEXT_QUEST	33	s_WORD30	3	4	132
QUESTTEXT_TH	TEXT_QUEST	34	s_WORD31	3	4	136
QUESTTEXT_TH	TEXT_QUEST	35	s_WORD32	3	4	140
QUESTTEXT_TH	TEXT_QUEST	36	s_WORD33	3	4	144
QUESTTEXT_TH	TEXT_QUEST	37	s_WORD34	3	4	148
QUESTTEXT_TH	TEXT_QUEST	38	s_WORD35	3	4	152
QUESTTEXT_TH	TEXT_QUEST	39	s_WORD36	3	4	156
QUESTTEXT_TH	TEXT_QUEST	40	s_WORD37	3	4	160
QUESTTEXT_TH	TEXT_QUEST	41	s_WORD38	3	4	164
QUESTTEXT_TH	TEXT_QUEST	42	s_WORD39	3	4	168
QUESTTEXT_TH	TEXT_QUEST	43	s_WORD40	3	4	172
QUESTTEXT_TH	TEXT_QUEST	44	s_WORD41	3	4	176
QUESTTEXT_TH	TEXT_QUEST	45	s_WORD42	3	4	180
QUESTTEXT_TH	TEXT_QUEST	46	s_WORD43	3	4	184
QUESTTEXT_TH	TEXT_QUEST	47	s_WORD44	3	4	188
QUESTTEXT_TH	TEXT_QUEST	48	s_WORD45	3	4	192
QUESTTEXT_TH	TEXT_QUEST	49	s_WORD46	3	4	196
QUESTTEXT_TH	TEXT_QUEST	50	s_WORD47	3	4	200
QUESTTEXT_TH	TEXT_QUEST	51	s_WORD48	3	4	204
QUESTTEXT_TH	TEXT_QUEST	52	s_WORD49	3	4	208
QUESTTEXT_TH	TEXT_QUEST	53	s_WORD50	3	4	212
