n_ID	n_CLINE_TYPE	n_CREATURE_TYPE	n_TACTIC_AI	n_LEADER_BK1	n_LEADER_BK2	n_LEADER_BK3	n_CREW1	n_CREW1_NUMBER	n_CREW2	n_CREW2_NUMBER	n_CREW3	n_CREW3_NUMBER	n_CREW4	n_CREW4_NUMBER	n_CREW5	n_CREW5_NUMBER	n_CREW6	n_CREW6_NUMBER
1	9998	1	1	506	0	0	0	0	0	0	0	0	0	0	0	0	0	0
2	9998	2	1	507	0	0	0	0	0	0	0	0	0	0	0	0	0	0
3	9998	3	1	508	0	0	0	0	0	0	0	0	0	0	0	0	0	0
4	9998	4	1	509	0	0	0	0	0	0	0	0	0	0	0	0	0	0
5	9998	5	1	510	0	0	0	0	0	0	0	0	0	0	0	0	0	0
6	9998	6	1	511	0	0	0	0	0	0	0	0	0	0	0	0	0	0
7	9998	7	1	512	0	0	0	0	0	0	0	0	0	0	0	0	0	0
8	9998	8	1	513	0	0	0	0	0	0	0	0	0	0	0	0	0	0
9	9998	9	1	514	0	0	0	0	0	0	0	0	0	0	0	0	0	0
10	9998	10	1	574	0	0	0	0	0	0	0	0	0	0	0	0	0	0
11	9998	11	1	516	0	0	516	1	0	0	0	0	0	0	0	0	0	0
12	9998	12	1	517	0	0	0	0	0	0	0	0	0	0	0	0	0	0
13	9998	13	1	518	0	0	0	0	0	0	0	0	0	0	0	0	0	0
14	9998	14	1	642	0	0	0	0	0	0	0	0	0	0	0	0	0	0
15	9998	15	1	520	0	0	0	0	0	0	0	0	0	0	0	0	0	0
16	9998	16	1	521	0	0	0	0	0	0	0	0	0	0	0	0	0	0
17	9998	17	1	522	0	0	0	0	0	0	0	0	0	0	0	0	0	0
18	9998	18	1	8039	0	0	0	0	0	0	0	0	0	0	0	0	0	0
19	9998	19	1	524	0	0	0	0	0	0	0	0	0	0	0	0	0	0
20	9998	20	1	525	0	0	0	0	0	0	0	0	0	0	0	0	0	0
21	9998	21	1	526	0	0	0	0	0	0	0	0	0	0	0	0	0	0
22	9998	22	1	527	0	0	0	0	0	0	0	0	0	0	0	0	0	0
23	9998	23	1	528	0	0	0	0	0	0	0	0	0	0	0	0	0	0
24	9998	24	1	529	0	0	0	0	0	0	0	0	0	0	0	0	0	0
25	9998	25	1	530	0	0	0	0	0	0	0	0	0	0	0	0	0	0
26	9998	26	1	531	0	0	0	0	0	0	0	0	0	0	0	0	0	0
27	9998	27	1	532	0	0	0	0	0	0	0	0	0	0	0	0	0	0
28	9998	28	1	533	0	0	0	0	0	0	0	0	0	0	0	0	0	0
29	9998	29	1	534	0	0	0	0	0	0	0	0	0	0	0	0	0	0
30	9998	30	1	535	0	0	0	0	0	0	0	0	0	0	0	0	0	0
31	9998	31	1	9043	0	0	9044	1	0	0	0	0	0	0	0	0	0	0
32	9998	32	1	537	0	0	0	0	0	0	0	0	0	0	0	0	0	0
33	9998	33	1	538	0	0	0	0	0	0	0	0	0	0	0	0	0	0
34	9998	34	1	539	0	0	0	0	0	0	0	0	0	0	0	0	0	0
35	9998	35	1	540	0	0	0	0	0	0	0	0	0	0	0	0	0	0
36	9998	36	1	541	0	0	0	0	0	0	0	0	0	0	0	0	0	0
37	9998	37	1	542	0	0	0	0	0	0	0	0	0	0	0	0	0	0
38	9998	38	1	543	0	0	0	0	0	0	0	0	0	0	0	0	0	0
39	9998	39	1	881	0	0	0	0	0	0	0	0	0	0	0	0	0	0
40	9998	40	1	545	0	0	0	0	0	0	0	0	0	0	0	0	0	0
41	9998	41	1	546	0	0	0	0	0	0	0	0	0	0	0	0	0	0
42	9998	42	1	547	0	0	0	0	0	0	0	0	0	0	0	0	0	0
43	9998	43	1	548	0	0	0	0	0	0	0	0	0	0	0	0	0	0
44	9998	44	1	549	0	0	0	0	0	0	0	0	0	0	0	0	0	0
45	9998	45	1	550	0	0	0	0	0	0	0	0	0	0	0	0	0	0
46	9998	46	1	674	0	0	0	0	0	0	0	0	0	0	0	0	0	0
47	9998	47	1	698	0	0	0	0	0	0	0	0	0	0	0	0	0	0
48	9998	48	1	699	0	0	0	0	0	0	0	0	0	0	0	0	0	0
49	9998	49	1	701	0	0	0	0	0	0	0	0	0	0	0	0	0	0
50	9998	50	1	702	0	0	0	0	0	0	0	0	0	0	0	0	0	0
51	9998	51	1	703	0	0	0	0	0	0	0	0	0	0	0	0	0	0
52	9998	52	1	704	0	0	0	0	0	0	0	0	0	0	0	0	0	0
53	9998	53	1	707	0	0	0	0	0	0	0	0	0	0	0	0	0	0
54	9998	54	1	0	0	0	0	0	0	0	0	0	0	0	0	0	0	0
55	9998	55	1	246	0	0	0	0	0	0	0	0	0	0	0	0	0	0
56	9998	56	1	723	0	0	0	0	0	0	0	0	0	0	0	0	0	0
57	9998	57	1	0	0	0	0	0	0	0	0	0	0	0	0	0	0	0
58	9998	58	1	0	0	0	0	0	0	0	0	0	0	0	0	0	0	0
59	9998	59	1	749	0	0	0	0	0	0	0	0	0	0	0	0	0	0
60	9998	60	1	754	0	0	0	0	0	0	0	0	0	0	0	0	0	0
61	9998	61	1	9016	0	0	0	0	0	0	0	0	0	0	0	0	0	0
62	9998	62	1	9017	0	0	0	0	0	0	0	0	0	0	0	0	0	0
63	9998	63	1	9018	0	0	0	0	0	0	0	0	0	0	0	0	0	0
64	9998	64	1	9019	0	0	0	0	0	0	0	0	0	0	0	0	0	0
65	9998	65	1	9020	0	0	0	0	0	0	0	0	0	0	0	0	0	0
66	9998	66	1	9042	0	0	0	0	0	0	0	0	0	0	0	0	0	0
67	9998	67	1	9046	0	0	0	0	0	0	0	0	0	0	0	0	0	0
68	9998	68	1	9047	0	0	0	0	0	0	0	0	0	0	0	0	0	0
69	9998	69	1	999	999	999	0	0	0	0	0	0	0	0	0	0	0	0
70	9998	70	1	999	999	999	0	0	0	0	0	0	0	0	0	0	0	0
71	9998	71	1	999	999	999	0	0	0	0	0	0	0	0	0	0	0	0
72	9998	72	1	999	999	999	0	0	0	0	0	0	0	0	0	0	0	0
73	9998	73	1	999	999	999	0	0	0	0	0	0	0	0	0	0	0	0
74	9998	74	1	999	999	999	0	0	0	0	0	0	0	0	0	0	0	0
75	9998	75	1	999	999	999	0	0	0	0	0	0	0	0	0	0	0	0
76	9998	76	1	999	999	999	0	0	0	0	0	0	0	0	0	0	0	0
77	9998	77	1	999	999	999	0	0	0	0	0	0	0	0	0	0	0	0
78	9998	78	1	999	999	999	0	0	0	0	0	0	0	0	0	0	0	0
79	9998	79	1	999	999	999	0	0	0	0	0	0	0	0	0	0	0	0
80	9998	80	1	999	999	999	0	0	0	0	0	0	0	0	0	0	0	0
81	9998	81	1	999	999	999	0	0	0	0	0	0	0	0	0	0	0	0
82	9998	82	1	999	999	999	0	0	0	0	0	0	0	0	0	0	0	0
83	9998	83	1	999	999	999	0	0	0	0	0	0	0	0	0	0	0	0
84	9998	84	1	999	999	999	0	0	0	0	0	0	0	0	0	0	0	0
85	9998	85	1	999	999	999	0	0	0	0	0	0	0	0	0	0	0	0
86	9998	86	1	999	999	999	0	0	0	0	0	0	0	0	0	0	0	0
87	9998	87	1	999	999	999	0	0	0	0	0	0	0	0	0	0	0	0
88	9998	88	1	999	999	999	0	0	0	0	0	0	0	0	0	0	0	0
89	9998	89	1	999	999	999	0	0	0	0	0	0	0	0	0	0	0	0
90	9998	90	1	999	999	999	0	0	0	0	0	0	0	0	0	0	0	0
91	9998	91	1	999	999	999	0	0	0	0	0	0	0	0	0	0	0	0
92	9998	92	1	999	999	999	0	0	0	0	0	0	0	0	0	0	0	0
93	9998	93	1	999	999	999	0	0	0	0	0	0	0	0	0	0	0	0
94	9998	94	1	999	999	999	0	0	0	0	0	0	0	0	0	0	0	0
95	9998	95	1	999	999	999	0	0	0	0	0	0	0	0	0	0	0	0
96	9998	96	1	999	999	999	0	0	0	0	0	0	0	0	0	0	0	0
97	9998	97	1	999	999	999	0	0	0	0	0	0	0	0	0	0	0	0
98	9998	98	1	999	999	999	0	0	0	0	0	0	0	0	0	0	0	0
99	9998	99	99	999	999	999	0	0	0	0	0	0	0	0	0	0	0	0
100	9998	100	99	999	999	999	0	0	0	0	0	0	0	0	0	0	0	0
101	9998	101	99	999	999	999	0	0	0	0	0	0	0	0	0	0	0	0
102	9998	102	99	999	999	999	0	0	0	0	0	0	0	0	0	0	0	0
103	9998	103	99	999	999	999	0	0	0	0	0	0	0	0	0	0	0	0
104	9998	104	99	999	999	999	0	0	0	0	0	0	0	0	0	0	0	0
105	9998	105	99	999	999	999	0	0	0	0	0	0	0	0	0	0	0	0
106	9998	106	99	999	999	999	0	0	0	0	0	0	0	0	0	0	0	0
107	9998	107	99	999	999	999	0	0	0	0	0	0	0	0	0	0	0	0
108	9998	108	99	999	999	999	0	0	0	0	0	0	0	0	0	0	0	0
109	9998	109	99	999	999	999	0	0	0	0	0	0	0	0	0	0	0	0
110	9998	110	99	999	999	999	0	0	0	0	0	0	0	0	0	0	0	0
111	9998	111	99	999	999	999	0	0	0	0	0	0	0	0	0	0	0	0
112	9998	112	99	999	999	999	0	0	0	0	0	0	0	0	0	0	0	0
113	9998	113	99	999	999	999	0	0	0	0	0	0	0	0	0	0	0	0
114	9998	114	99	999	999	999	0	0	0	0	0	0	0	0	0	0	0	0
115	9998	115	99	999	999	999	0	0	0	0	0	0	0	0	0	0	0	0
116	9998	116	99	999	999	999	0	0	0	0	0	0	0	0	0	0	0	0
117	9998	117	99	999	999	999	0	0	0	0	0	0	0	0	0	0	0	0
118	9998	118	99	999	999	999	0	0	0	0	0	0	0	0	0	0	0	0
119	9998	119	99	999	999	999	0	0	0	0	0	0	0	0	0	0	0	0
120	9998	120	99	999	999	999	0	0	0	0	0	0	0	0	0	0	0	0
121	9998	121	99	999	999	999	0	0	0	0	0	0	0	0	0	0	0	0
122	9998	122	99	999	999	999	0	0	0	0	0	0	0	0	0	0	0	0
123	9998	123	99	999	999	999	0	0	0	0	0	0	0	0	0	0	0	0
124	9998	124	99	999	999	999	0	0	0	0	0	0	0	0	0	0	0	0
125	9998	125	99	999	999	999	0	0	0	0	0	0	0	0	0	0	0	0
126	9998	126	99	999	999	999	0	0	0	0	0	0	0	0	0	0	0	0
127	9998	127	99	999	999	999	0	0	0	0	0	0	0	0	0	0	0	0
128	9998	128	99	999	999	999	0	0	0	0	0	0	0	0	0	0	0	0
129	9998	129	99	999	999	999	0	0	0	0	0	0	0	0	0	0	0	0
130	9998	130	99	999	999	999	0	0	0	0	0	0	0	0	0	0	0	0
131	9998	131	99	999	999	999	0	0	0	0	0	0	0	0	0	0	0	0
132	9998	132	99	999	999	999	0	0	0	0	0	0	0	0	0	0	0	0
133	9998	133	99	999	999	999	0	0	0	0	0	0	0	0	0	0	0	0
134	9998	134	99	999	999	999	0	0	0	0	0	0	0	0	0	0	0	0
135	9998	135	99	999	999	999	0	0	0	0	0	0	0	0	0	0	0	0
136	9998	136	99	999	999	999	0	0	0	0	0	0	0	0	0	0	0	0
137	9998	137	99	999	999	999	0	0	0	0	0	0	0	0	0	0	0	0
138	9998	138	99	999	999	999	0	0	0	0	0	0	0	0	0	0	0	0
139	9998	139	99	999	999	999	0	0	0	0	0	0	0	0	0	0	0	0
140	9998	140	99	999	999	999	0	0	0	0	0	0	0	0	0	0	0	0
141	9998	141	99	999	999	999	0	0	0	0	0	0	0	0	0	0	0	0
142	9998	142	99	999	999	999	0	0	0	0	0	0	0	0	0	0	0	0
143	9998	143	99	999	999	999	0	0	0	0	0	0	0	0	0	0	0	0
144	9998	144	99	999	999	999	0	0	0	0	0	0	0	0	0	0	0	0
145	9998	145	99	999	999	999	0	0	0	0	0	0	0	0	0	0	0	0
146	9998	146	99	999	999	999	0	0	0	0	0	0	0	0	0	0	0	0
147	9998	147	99	999	999	999	0	0	0	0	0	0	0	0	0	0	0	0
148	9998	148	99	999	999	999	0	0	0	0	0	0	0	0	0	0	0	0
149	9998	149	99	999	999	999	0	0	0	0	0	0	0	0	0	0	0	0
150	9998	150	99	999	999	999	0	0	0	0	0	0	0	0	0	0	0	0
151	9998	151	99	999	999	999	0	0	0	0	0	0	0	0	0	0	0	0
152	9998	152	99	999	999	999	0	0	0	0	0	0	0	0	0	0	0	0
153	9998	153	99	999	999	999	0	0	0	0	0	0	0	0	0	0	0	0
154	9998	154	99	999	999	999	0	0	0	0	0	0	0	0	0	0	0	0
155	9998	155	99	999	999	999	0	0	0	0	0	0	0	0	0	0	0	0
156	9998	156	99	999	999	999	0	0	0	0	0	0	0	0	0	0	0	0
157	9998	157	99	999	999	999	0	0	0	0	0	0	0	0	0	0	0	0
158	9998	158	99	999	999	999	0	0	0	0	0	0	0	0	0	0	0	0
159	9998	159	99	999	999	999	0	0	0	0	0	0	0	0	0	0	0	0
160	9998	160	99	999	999	999	0	0	0	0	0	0	0	0	0	0	0	0
161	9998	161	99	999	999	999	0	0	0	0	0	0	0	0	0	0	0	0
162	9998	162	99	999	999	999	0	0	0	0	0	0	0	0	0	0	0	0
163	9998	163	99	999	999	999	0	0	0	0	0	0	0	0	0	0	0	0
164	9998	164	99	999	999	999	0	0	0	0	0	0	0	0	0	0	0	0
165	9998	165	99	999	999	999	0	0	0	0	0	0	0	0	0	0	0	0
166	9998	166	99	999	999	999	0	0	0	0	0	0	0	0	0	0	0	0
167	9998	167	99	999	999	999	0	0	0	0	0	0	0	0	0	0	0	0
168	9998	168	99	999	999	999	0	0	0	0	0	0	0	0	0	0	0	0
169	9998	169	99	999	999	999	0	0	0	0	0	0	0	0	0	0	0	0
170	9998	170	99	999	999	999	0	0	0	0	0	0	0	0	0	0	0	0
171	9998	171	99	999	999	999	0	0	0	0	0	0	0	0	0	0	0	0
172	9998	172	99	999	999	999	0	0	0	0	0	0	0	0	0	0	0	0
173	9998	173	99	999	999	999	0	0	0	0	0	0	0	0	0	0	0	0
174	9998	174	99	999	999	999	0	0	0	0	0	0	0	0	0	0	0	0
175	9998	175	99	999	999	999	0	0	0	0	0	0	0	0	0	0	0	0
176	9998	176	99	999	999	999	0	0	0	0	0	0	0	0	0	0	0	0
177	9998	177	99	999	999	999	0	0	0	0	0	0	0	0	0	0	0	0
178	9998	178	99	999	999	999	0	0	0	0	0	0	0	0	0	0	0	0
179	9998	179	99	999	999	999	0	0	0	0	0	0	0	0	0	0	0	0
180	9998	180	99	999	999	999	0	0	0	0	0	0	0	0	0	0	0	0
181	9998	181	99	999	999	999	0	0	0	0	0	0	0	0	0	0	0	0
182	9998	182	99	999	999	999	0	0	0	0	0	0	0	0	0	0	0	0
183	9998	183	99	999	999	999	0	0	0	0	0	0	0	0	0	0	0	0
184	9998	184	99	999	999	999	0	0	0	0	0	0	0	0	0	0	0	0
185	9998	185	99	999	999	999	0	0	0	0	0	0	0	0	0	0	0	0
186	9998	186	99	999	999	999	0	0	0	0	0	0	0	0	0	0	0	0
187	9998	187	99	999	999	999	0	0	0	0	0	0	0	0	0	0	0	0
188	9998	188	99	999	999	999	0	0	0	0	0	0	0	0	0	0	0	0
189	9998	189	99	999	999	999	0	0	0	0	0	0	0	0	0	0	0	0
190	9998	190	99	999	999	999	0	0	0	0	0	0	0	0	0	0	0	0
191	9998	191	99	999	999	999	0	0	0	0	0	0	0	0	0	0	0	0
192	9998	192	99	999	999	999	0	0	0	0	0	0	0	0	0	0	0	0
193	9998	193	99	999	999	999	0	0	0	0	0	0	0	0	0	0	0	0
194	9998	194	99	999	999	999	0	0	0	0	0	0	0	0	0	0	0	0
195	9998	195	99	999	999	999	0	0	0	0	0	0	0	0	0	0	0	0
196	9998	196	99	999	999	999	0	0	0	0	0	0	0	0	0	0	0	0
197	9998	197	99	999	999	999	0	0	0	0	0	0	0	0	0	0	0	0
198	9998	198	99	999	999	999	0	0	0	0	0	0	0	0	0	0	0	0
199	9998	199	99	999	999	999	0	0	0	0	0	0	0	0	0	0	0	0
200	9998	200	99	999	999	999	0	0	0	0	0	0	0	0	0	0	0	0
1000	1	1	1	155	0	0	0	0	0	0	0	0	0	0	0	0	0	0
1001	1	2	1	156	0	0	0	0	0	0	0	0	0	0	0	0	0	0
1002	1	3	1	157	0	0	0	0	0	0	0	0	0	0	0	0	0	0
1003	1	4	1	158	0	0	0	0	0	0	0	0	0	0	0	0	0	0
1004	1	5	1	159	0	0	0	0	0	0	0	0	0	0	0	0	0	0
1005	1	6	1	160	0	0	0	0	0	0	0	0	0	0	0	0	0	0
1006	1	7	1	161	0	0	0	0	0	0	0	0	0	0	0	0	0	0
1007	1	8	1	162	0	0	0	0	0	0	0	0	0	0	0	0	0	0
1008	1	9	1	163	0	0	0	0	0	0	0	0	0	0	0	0	0	0
1009	1	10	1	164	0	0	0	0	0	0	0	0	0	0	0	0	0	0
1010	1	11	1	165	0	0	0	0	0	0	0	0	0	0	0	0	0	0
1011	1	12	1	166	0	0	0	0	0	0	0	0	0	0	0	0	0	0
1012	1	13	1	167	0	0	0	0	0	0	0	0	0	0	0	0	0	0
1013	1	14	1	168	0	0	0	0	0	0	0	0	0	0	0	0	0	0
1014	1	15	1	169	0	0	0	0	0	0	0	0	0	0	0	0	0	0
1015	1	16	1	170	0	0	0	0	0	0	0	0	0	0	0	0	0	0
1016	1	17	1	171	0	0	0	0	0	0	0	0	0	0	0	0	0	0
1017	1	18	1	172	0	0	0	0	0	0	0	0	0	0	0	0	0	0
1018	1	19	1	173	0	0	0	0	0	0	0	0	0	0	0	0	0	0
1019	1	20	1	174	0	0	0	0	0	0	0	0	0	0	0	0	0	0
1020	1	21	1	175	0	0	0	0	0	0	0	0	0	0	0	0	0	0
1021	1	22	1	176	0	0	0	0	0	0	0	0	0	0	0	0	0	0
1022	1	23	1	177	0	0	0	0	0	0	0	0	0	0	0	0	0	0
1023	1	24	1	178	0	0	0	0	0	0	0	0	0	0	0	0	0	0
1024	1	25	1	179	0	0	0	0	0	0	0	0	0	0	0	0	0	0
1025	1	26	1	180	0	0	0	0	0	0	0	0	0	0	0	0	0	0
1026	1	27	1	181	0	0	0	0	0	0	0	0	0	0	0	0	0	0
1027	1	28	1	182	0	0	0	0	0	0	0	0	0	0	0	0	0	0
1028	1	29	1	183	0	0	0	0	0	0	0	0	0	0	0	0	0	0
1029	1	30	1	247	0	0	0	0	0	0	0	0	0	0	0	0	0	0
1030	1	31	1	248	0	0	0	0	0	0	0	0	0	0	0	0	0	0
1031	1	32	1	356	0	0	0	0	0	0	0	0	0	0	0	0	0	0
1032	1	33	1	357	0	0	0	0	0	0	0	0	0	0	0	0	0	0
1033	1	34	1	358	0	0	0	0	0	0	0	0	0	0	0	0	0	0
1034	1	35	1	359	0	0	0	0	0	0	0	0	0	0	0	0	0	0
1035	1	36	1	622	0	0	0	0	0	0	0	0	0	0	0	0	0	0
1036	1	37	1	623	0	0	0	0	0	0	0	0	0	0	0	0	0	0
1037	1	38	1	624	0	0	0	0	0	0	0	0	0	0	0	0	0	0
1038	1	39	1	625	0	0	0	0	0	0	0	0	0	0	0	0	0	0
1039	1	40	1	626	0	0	0	0	0	0	0	0	0	0	0	0	0	0
1040	1	41	1	627	0	0	0	0	0	0	0	0	0	0	0	0	0	0
1041	1	42	1	631	0	0	0	0	0	0	0	0	0	0	0	0	0	0
1042	1	43	1	631	0	0	0	0	0	0	0	0	0	0	0	0	0	0
1043	1	44	1	631	0	0	0	0	0	0	0	0	0	0	0	0	0	0
1044	1	45	1	632	0	0	0	0	0	0	0	0	0	0	0	0	0	0
1045	1	46	1	632	0	0	0	0	0	0	0	0	0	0	0	0	0	0
1046	1	47	1	633	0	0	0	0	0	0	0	0	0	0	0	0	0	0
1047	1	48	1	633	0	0	0	0	0	0	0	0	0	0	0	0	0	0
1048	1	49	1	635	0	0	0	0	0	0	0	0	0	0	0	0	0	0
1049	1	50	1	636	0	0	0	0	0	0	0	0	0	0	0	0	0	0
1050	1	51	1	637	0	0	0	0	0	0	0	0	0	0	0	0	0	0
1051	1	52	1	638	0	0	0	0	0	0	0	0	0	0	0	0	0	0
1052	1	53	1	639	0	0	0	0	0	0	0	0	0	0	0	0	0	0
1053	1	54	1	717	0	0	0	0	0	0	0	0	0	0	0	0	0	0
1054	1	55	1	151	0	0	0	0	0	0	0	0	0	0	0	0	0	0
1055	1	56	1	152	0	0	0	0	0	0	0	0	0	0	0	0	0	0
1056	1	57	1	153	0	0	0	0	0	0	0	0	0	0	0	0	0	0
1057	1	58	1	154	0	0	0	0	0	0	0	0	0	0	0	0	0	0
1058	1	59	1	740	0	0	0	0	0	0	0	0	0	0	0	0	0	0
1059	1	60	1	741	0	0	0	0	0	0	0	0	0	0	0	0	0	0
1060	1	61	1	796	0	0	0	0	0	0	0	0	0	0	0	0	0	0
1061	1	62	1	797	0	0	0	0	0	0	0	0	0	0	0	0	0	0
1062	1	63	1	798	0	0	0	0	0	0	0	0	0	0	0	0	0	0
1063	1	64	1	799	0	0	0	0	0	0	0	0	0	0	0	0	0	0
1064	1	65	1	800	0	0	0	0	0	0	0	0	0	0	0	0	0	0
1065	1	66	1	801	0	0	0	0	0	0	0	0	0	0	0	0	0	0
1066	1	67	1	802	0	0	0	0	0	0	0	0	0	0	0	0	0	0
1067	1	68	1	803	0	0	0	0	0	0	0	0	0	0	0	0	0	0
1068	1	69	1	804	0	0	0	0	0	0	0	0	0	0	0	0	0	0
1069	1	70	1	805	0	0	0	0	0	0	0	0	0	0	0	0	0	0
1070	1	71	1	767	0	0	0	0	0	0	0	0	0	0	0	0	0	0
1071	1	72	1	815	0	0	0	0	0	0	0	0	0	0	0	0	0	0
1072	1	73	1	816	0	0	0	0	0	0	0	0	0	0	0	0	0	0
1073	1	74	1	817	0	0	0	0	0	0	0	0	0	0	0	0	0	0
1074	1	75	1	818	0	0	0	0	0	0	0	0	0	0	0	0	0	0
1075	1	76	1	819	0	0	0	0	0	0	0	0	0	0	0	0	0	0
1076	1	77	1	820	0	0	0	0	0	0	0	0	0	0	0	0	0	0
1077	1	78	1	821	0	0	0	0	0	0	0	0	0	0	0	0	0	0
1078	1	79	1	822	0	0	0	0	0	0	0	0	0	0	0	0	0	0
1079	1	80	1	827	0	0	0	0	0	0	0	0	0	0	0	0	0	0
1080	1	81	1	828	0	0	0	0	0	0	0	0	0	0	0	0	0	0
1081	1	82	1	833	0	0	0	0	0	0	0	0	0	0	0	0	0	0
1082	1	83	1	834	0	0	0	0	0	0	0	0	0	0	0	0	0	0
1083	1	101	1	10002	0	0	0	0	0	0	0	0	0	0	0	0	0	0
1084	1	84	1	882	0	0	0	0	0	0	0	0	0	0	0	0	0	0
1085	1	85	1	871	0	0	0	0	0	0	0	0	0	0	0	0	0	0
1086	1	86	1	0	0	0	0	0	0	0	0	0	0	0	0	0	0	0
1087	1	87	1	0	0	0	0	0	0	0	0	0	0	0	0	0	0	0
1088	1	88	1	899	0	0	8601	1	8611	1	8617	1	8626	1	8629	1	8647	1
1089	1	89	1	902	0	0	0	0	0	0	0	0	0	0	0	0	0	0
1090	1	90	1	903	0	0	0	0	0	0	0	0	0	0	0	0	0	0
1091	1	91	1	904	0	0	0	0	0	0	0	0	0	0	0	0	0	0
1092	1	92	1	905	0	0	0	0	0	0	0	0	0	0	0	0	0	0
1093	1	93	1	909	0	0	0	0	0	0	0	0	0	0	0	0	0	0
1094	1	94	1	910	0	0	0	0	0	0	0	0	0	0	0	0	0	0
1095	1	95	1	911	0	0	0	0	0	0	0	0	0	0	0	0	0	0
1096	1	96	1	913	0	0	0	0	0	0	0	0	0	0	0	0	0	0
1097	1	97	1	916	0	0	0	0	0	0	0	0	0	0	0	0	0	0
1098	1	98	1	917	0	0	0	0	0	0	0	0	0	0	0	0	0	0
1099	1	99	1	918	0	0	0	0	0	0	0	0	0	0	0	0	0	0
1100	1	100	1	920	0	0	0	0	0	0	0	0	0	0	0	0	0	0
1101	1	102	1	634	0	0	0	0	0	0	0	0	0	0	0	0	0	0
1102	1	103	1	917	0	0	0	0	0	0	0	0	0	0	0	0	0	0
1103	1	104	1	897	0	0	0	0	0	0	0	0	0	0	0	0	0	0
1104	1	105	1	928	0	0	0	0	0	0	0	0	0	0	0	0	0	0
1105	1	106	1	929	0	0	0	0	0	0	0	0	0	0	0	0	0	0
1106	1	107	1	930	0	0	0	0	0	0	0	0	0	0	0	0	0	0
1107	1	108	1	933	0	0	0	0	0	0	0	0	0	0	0	0	0	0
1108	1	109	1	855	0	0	0	0	0	0	0	0	0	0	0	0	0	0
1109	1	110	1	9107	0	0	0	0	0	0	0	0	0	0	0	0	0	0
1110	1	111	1	934	0	0	0	0	0	0	0	0	0	0	0	0	0	0
1111	1	112	1	937	0	0	0	0	0	0	0	0	0	0	0	0	0	0
1112	1	113	1	942	0	0	0	0	0	0	0	0	0	0	0	0	0	0
1200	2	1	1	1	0	0	0	0	0	0	0	0	0	0	0	0	0	0
1201	2	2	1	2	0	0	0	0	0	0	0	0	0	0	0	0	0	0
1202	2	3	1	3	0	0	0	0	0	0	0	0	0	0	0	0	0	0
1203	2	4	1	4	0	0	0	0	0	0	0	0	0	0	0	0	0	0
1204	2	5	1	5	0	0	0	0	0	0	0	0	0	0	0	0	0	0
1205	2	6	1	6	0	0	0	0	0	0	0	0	0	0	0	0	0	0
1206	2	7	1	7	0	0	0	0	0	0	0	0	0	0	0	0	0	0
1207	2	8	1	8	0	0	0	0	0	0	0	0	0	0	0	0	0	0
1208	2	9	1	9	0	0	0	0	0	0	0	0	0	0	0	0	0	0
1209	2	10	1	10	0	0	0	0	0	0	0	0	0	0	0	0	0	0
1210	2	11	1	11	0	0	0	0	0	0	0	0	0	0	0	0	0	0
1211	2	12	1	12	0	0	0	0	0	0	0	0	0	0	0	0	0	0
1212	2	13	1	13	0	0	0	0	0	0	0	0	0	0	0	0	0	0
1213	2	14	1	14	0	0	0	0	0	0	0	0	0	0	0	0	0	0
1214	2	15	1	15	0	0	0	0	0	0	0	0	0	0	0	0	0	0
1215	2	16	1	16	0	0	0	0	0	0	0	0	0	0	0	0	0	0
1216	2	17	1	17	0	0	0	0	0	0	0	0	0	0	0	0	0	0
1217	2	18	1	18	0	0	0	0	0	0	0	0	0	0	0	0	0	0
1218	2	19	1	19	0	0	0	0	0	0	0	0	0	0	0	0	0	0
1219	2	20	1	20	0	0	0	0	0	0	0	0	0	0	0	0	0	0
1220	2	21	1	21	0	0	0	0	0	0	0	0	0	0	0	0	0	0
1221	2	22	1	22	0	0	0	0	0	0	0	0	0	0	0	0	0	0
1222	2	23	1	23	0	0	0	0	0	0	0	0	0	0	0	0	0	0
1223	2	24	1	24	0	0	0	0	0	0	0	0	0	0	0	0	0	0
1224	2	25	1	25	0	0	0	0	0	0	0	0	0	0	0	0	0	0
1225	2	26	1	26	0	0	0	0	0	0	0	0	0	0	0	0	0	0
1226	2	27	1	27	0	0	0	0	0	0	0	0	0	0	0	0	0	0
1227	2	28	1	28	0	0	0	0	0	0	0	0	0	0	0	0	0	0
1228	2	29	1	29	0	0	0	0	0	0	0	0	0	0	0	0	0	0
1229	2	30	1	30	0	0	0	0	0	0	0	0	0	0	0	0	0	0
1230	2	31	1	31	0	0	0	0	0	0	0	0	0	0	0	0	0	0
1231	2	32	1	32	0	0	0	0	0	0	0	0	0	0	0	0	0	0
1232	2	33	1	33	0	0	0	0	0	0	0	0	0	0	0	0	0	0
1233	2	34	1	34	0	0	0	0	0	0	0	0	0	0	0	0	0	0
1234	2	35	1	35	0	0	0	0	0	0	0	0	0	0	0	0	0	0
1235	2	36	1	360	0	0	0	0	0	0	0	0	0	0	0	0	0	0
1236	2	37	1	230	0	0	0	0	0	0	0	0	0	0	0	0	0	0
1237	2	38	1	231	0	0	0	0	0	0	0	0	0	0	0	0	0	0
1238	2	39	1	742	0	0	0	0	0	0	0	0	0	0	0	0	0	0
1239	2	40	1	743	0	0	0	0	0	0	0	0	0	0	0	0	0	0
1240	2	101	1	10003	0	0	0	0	0	0	0	0	0	0	0	0	0	0
1241	2	102	1	10004	0	0	0	0	0	0	0	0	0	0	0	0	0	0
1242	2	41	1	914	0	0	0	0	0	0	0	0	0	0	0	0	0	0
1243	2	103	1	917	0	0	0	0	0	0	0	0	0	0	0	0	0	0
1244	2	104	1	927	0	0	0	0	0	0	0	0	0	0	0	0	0	0
1400	3	1	1	36	0	0	0	0	0	0	0	0	0	0	0	0	0	0
1401	3	2	1	37	0	0	0	0	0	0	0	0	0	0	0	0	0	0
1402	3	3	1	38	0	0	0	0	0	0	0	0	0	0	0	0	0	0
1403	3	4	1	39	0	0	0	0	0	0	0	0	0	0	0	0	0	0
1404	3	5	1	40	0	0	0	0	0	0	0	0	0	0	0	0	0	0
1405	3	6	1	41	0	0	0	0	0	0	0	0	0	0	0	0	0	0
1406	3	7	1	42	0	0	0	0	0	0	0	0	0	0	0	0	0	0
1407	3	8	1	43	0	0	0	0	0	0	0	0	0	0	0	0	0	0
1408	3	9	1	44	0	0	0	0	0	0	0	0	0	0	0	0	0	0
1409	3	10	1	45	0	0	0	0	0	0	0	0	0	0	0	0	0	0
1410	3	11	1	46	0	0	0	0	0	0	0	0	0	0	0	0	0	0
1411	3	12	1	47	0	0	0	0	0	0	0	0	0	0	0	0	0	0
1412	3	13	1	48	0	0	0	0	0	0	0	0	0	0	0	0	0	0
1413	3	14	1	49	0	0	0	0	0	0	0	0	0	0	0	0	0	0
1414	3	15	1	50	0	0	0	0	0	0	0	0	0	0	0	0	0	0
1415	3	16	1	51	0	0	0	0	0	0	0	0	0	0	0	0	0	0
1416	3	17	1	52	0	0	0	0	0	0	0	0	0	0	0	0	0	0
1417	3	18	1	53	0	0	0	0	0	0	0	0	0	0	0	0	0	0
1418	3	19	1	54	0	0	0	0	0	0	0	0	0	0	0	0	0	0
1419	3	20	1	55	0	0	0	0	0	0	0	0	0	0	0	0	0	0
1420	3	21	1	56	0	0	0	0	0	0	0	0	0	0	0	0	0	0
1421	3	22	1	57	0	0	0	0	0	0	0	0	0	0	0	0	0	0
1422	3	23	1	58	0	0	0	0	0	0	0	0	0	0	0	0	0	0
1423	3	24	1	59	0	0	0	0	0	0	0	0	0	0	0	0	0	0
1424	3	25	1	60	0	0	0	0	0	0	0	0	0	0	0	0	0	0
1425	3	26	1	61	0	0	0	0	0	0	0	0	0	0	0	0	0	0
1426	3	27	1	62	0	0	0	0	0	0	0	0	0	0	0	0	0	0
1427	3	28	1	63	0	0	0	0	0	0	0	0	0	0	0	0	0	0
1428	3	29	1	64	0	0	0	0	0	0	0	0	0	0	0	0	0	0
1429	3	30	1	65	0	0	0	0	0	0	0	0	0	0	0	0	0	0
1430	3	31	1	232	0	0	0	0	0	0	0	0	0	0	0	0	0	0
1431	3	32	1	233	0	0	0	0	0	0	0	0	0	0	0	0	0	0
1432	3	33	1	515	0	0	0	0	0	0	0	0	0	0	0	0	0	0
1433	3	34	1	194	0	0	0	0	0	0	0	0	0	0	0	0	0	0
1434	3	35	1	824	0	0	0	0	0	0	0	0	0	0	0	0	0	0
1435	3	36	1	825	0	0	0	0	0	0	0	0	0	0	0	0	0	0
1436	3	101	1	10005	0	0	0	0	0	0	0	0	0	0	0	0	0	0
1437	3	102	1	10006	0	0	0	0	0	0	0	0	0	0	0	0	0	0
1438	3	103	1	10007	0	0	0	0	0	0	0	0	0	0	0	0	0	0
1439	3	104	1	10008	0	0	0	0	0	0	0	0	0	0	0	0	0	0
1440	3	105	1	10009	0	0	0	0	0	0	0	0	0	0	0	0	0	0
1441	3	106	1	10010	0	0	0	0	0	0	0	0	0	0	0	0	0	0
1442	3	107	1	10011	0	0	0	0	0	0	0	0	0	0	0	0	0	0
1443	3	108	1	10012	0	0	0	0	0	0	0	0	0	0	0	0	0	0
1444	3	109	1	10013	0	0	0	0	0	0	0	0	0	0	0	0	0	0
1445	3	37	1	907	0	0	0	0	0	0	0	0	0	0	0	0	0	0
1446	3	38	1	908	0	0	0	0	0	0	0	0	0	0	0	0	0	0
1447	3	39	1	915	0	0	0	0	0	0	0	0	0	0	0	0	0	0
1448	3	40	1	919	0	0	0	0	0	0	0	0	0	0	0	0	0	0
1449	3	110	1	927	0	0	0	0	0	0	0	0	0	0	0	0	0	0
1450	3	111	1	7042	0	0	0	0	0	0	0	0	0	0	0	0	0	0
1600	4	1	1	66	0	0	0	0	0	0	0	0	0	0	0	0	0	0
1601	4	2	1	67	0	0	0	0	0	0	0	0	0	0	0	0	0	0
1602	4	3	1	68	0	0	0	0	0	0	0	0	0	0	0	0	0	0
1603	4	4	1	69	0	0	0	0	0	0	0	0	0	0	0	0	0	0
1604	4	5	1	70	0	0	0	0	0	0	0	0	0	0	0	0	0	0
1605	4	6	1	71	0	0	0	0	0	0	0	0	0	0	0	0	0	0
1606	4	7	1	72	0	0	0	0	0	0	0	0	0	0	0	0	0	0
1607	4	8	1	73	0	0	0	0	0	0	0	0	0	0	0	0	0	0
1608	4	9	1	74	0	0	0	0	0	0	0	0	0	0	0	0	0	0
1609	4	10	1	75	0	0	0	0	0	0	0	0	0	0	0	0	0	0
1610	4	11	1	76	0	0	0	0	0	0	0	0	0	0	0	0	0	0
1611	4	12	1	77	0	0	0	0	0	0	0	0	0	0	0	0	0	0
1612	4	13	1	78	0	0	0	0	0	0	0	0	0	0	0	0	0	0
1613	4	14	1	79	0	0	0	0	0	0	0	0	0	0	0	0	0	0
1614	4	15	1	80	0	0	0	0	0	0	0	0	0	0	0	0	0	0
1615	4	16	1	81	0	0	0	0	0	0	0	0	0	0	0	0	0	0
1616	4	17	1	82	0	0	0	0	0	0	0	0	0	0	0	0	0	0
1617	4	18	1	83	0	0	0	0	0	0	0	0	0	0	0	0	0	0
1618	4	19	1	84	0	0	0	0	0	0	0	0	0	0	0	0	0	0
1619	4	20	1	85	0	0	0	0	0	0	0	0	0	0	0	0	0	0
1620	4	21	1	86	0	0	0	0	0	0	0	0	0	0	0	0	0	0
1621	4	22	1	87	0	0	0	0	0	0	0	0	0	0	0	0	0	0
1622	4	23	1	88	0	0	0	0	0	0	0	0	0	0	0	0	0	0
1623	4	24	1	89	0	0	0	0	0	0	0	0	0	0	0	0	0	0
1624	4	25	1	90	0	0	0	0	0	0	0	0	0	0	0	0	0	0
1625	4	26	1	91	0	0	0	0	0	0	0	0	0	0	0	0	0	0
1626	4	27	1	92	0	0	0	0	0	0	0	0	0	0	0	0	0	0
1627	4	28	1	93	0	0	0	0	0	0	0	0	0	0	0	0	0	0
1628	4	29	1	94	0	0	0	0	0	0	0	0	0	0	0	0	0	0
1629	4	30	1	95	0	0	0	0	0	0	0	0	0	0	0	0	0	0
1630	4	31	1	96	0	0	0	0	0	0	0	0	0	0	0	0	0	0
1631	4	32	1	97	0	0	0	0	0	0	0	0	0	0	0	0	0	0
1632	4	33	1	98	0	0	0	0	0	0	0	0	0	0	0	0	0	0
1633	4	34	1	99	0	0	0	0	0	0	0	0	0	0	0	0	0	0
1634	4	35	1	100	0	0	0	0	0	0	0	0	0	0	0	0	0	0
1635	4	36	1	101	0	0	0	0	0	0	0	0	0	0	0	0	0	0
1636	4	37	1	102	0	0	0	0	0	0	0	0	0	0	0	0	0	0
1637	4	38	1	103	0	0	0	0	0	0	0	0	0	0	0	0	0	0
1638	4	39	1	640	0	0	0	0	0	0	0	0	0	0	0	0	0	0
1639	4	40	1	641	0	0	0	0	0	0	0	0	0	0	0	0	0	0
1640	4	41	1	234	0	0	0	0	0	0	0	0	0	0	0	0	0	0
1641	4	42	1	235	0	0	0	0	0	0	0	0	0	0	0	0	0	0
1642	4	43	1	236	0	0	0	0	0	0	0	0	0	0	0	0	0	0
1643	4	44	1	744	0	0	0	0	0	0	0	0	0	0	0	0	0	0
1644	4	45	1	519	0	0	0	0	0	0	0	0	0	0	0	0	0	0
1645	4	46	1	246	0	0	0	0	0	0	0	0	0	0	0	0	0	0
1646	4	47	1	757	0	0	0	0	0	0	0	0	0	0	0	0	0	0
1647	4	101	1	10014	0	0	0	0	0	0	0	0	0	0	0	0	0	0
1648	4	102	1	10015	0	0	0	0	0	0	0	0	0	0	0	0	0	0
1649	4	103	1	10016	0	0	0	0	0	0	0	0	0	0	0	0	0	0
1650	4	104	1	10017	0	0	0	0	0	0	0	0	0	0	0	0	0	0
1651	4	105	1	10018	0	0	0	0	0	0	0	0	0	0	0	0	0	0
1652	4	106	1	10019	0	0	0	0	0	0	0	0	0	0	0	0	0	0
1653	4	107	1	917	0	0	0	0	0	0	0	0	0	0	0	0	0	0
1654	4	108	1	7043	0	0	0	0	0	0	0	0	0	0	0	0	0	0
1655	4	109	1	0	0	0	0	0	0	0	0	0	0	0	0	0	0	0
1656	4	110	1	0	0	0	0	0	0	0	0	0	0	0	0	0	0	0
1657	4	111	1	0	0	0	0	0	0	0	0	0	0	0	0	0	0	0
1658	4	112	1	0	0	0	0	0	0	0	0	0	0	0	0	0	0	0
1659	4	113	1	0	0	0	0	0	0	0	0	0	0	0	0	0	0	0
1660	4	114	1	0	0	0	0	0	0	0	0	0	0	0	0	0	0	0
1800	5	1	1	104	0	0	0	0	0	0	0	0	0	0	0	0	0	0
1801	5	2	1	105	0	0	0	0	0	0	0	0	0	0	0	0	0	0
1802	5	3	1	106	0	0	0	0	0	0	0	0	0	0	0	0	0	0
1803	5	4	1	107	0	0	0	0	0	0	0	0	0	0	0	0	0	0
1804	5	5	1	108	0	0	0	0	0	0	0	0	0	0	0	0	0	0
1805	5	6	1	109	0	0	0	0	0	0	0	0	0	0	0	0	0	0
1806	5	7	1	110	0	0	0	0	0	0	0	0	0	0	0	0	0	0
1807	5	8	1	111	0	0	0	0	0	0	0	0	0	0	0	0	0	0
1808	5	9	1	112	0	0	0	0	0	0	0	0	0	0	0	0	0	0
1809	5	10	1	113	0	0	0	0	0	0	0	0	0	0	0	0	0	0
1810	5	11	1	114	0	0	0	0	0	0	0	0	0	0	0	0	0	0
1811	5	12	1	115	0	0	0	0	0	0	0	0	0	0	0	0	0	0
1812	5	13	1	116	0	0	0	0	0	0	0	0	0	0	0	0	0	0
1813	5	14	1	117	0	0	0	0	0	0	0	0	0	0	0	0	0	0
1814	5	15	1	118	0	0	0	0	0	0	0	0	0	0	0	0	0	0
1815	5	16	1	119	0	0	0	0	0	0	0	0	0	0	0	0	0	0
1816	5	17	1	120	0	0	0	0	0	0	0	0	0	0	0	0	0	0
1817	5	18	1	121	0	0	0	0	0	0	0	0	0	0	0	0	0	0
1818	5	19	1	122	0	0	0	0	0	0	0	0	0	0	0	0	0	0
1819	5	20	1	123	0	0	0	0	0	0	0	0	0	0	0	0	0	0
1820	5	21	1	124	0	0	0	0	0	0	0	0	0	0	0	0	0	0
1821	5	22	1	125	0	0	0	0	0	0	0	0	0	0	0	0	0	0
1822	5	23	1	126	0	0	0	0	0	0	0	0	0	0	0	0	0	0
1823	5	24	1	127	0	0	0	0	0	0	0	0	0	0	0	0	0	0
1824	5	25	1	128	0	0	0	0	0	0	0	0	0	0	0	0	0	0
1825	5	26	1	129	0	0	0	0	0	0	0	0	0	0	0	0	0	0
1826	5	27	1	130	0	0	0	0	0	0	0	0	0	0	0	0	0	0
1827	5	28	1	131	0	0	0	0	0	0	0	0	0	0	0	0	0	0
1828	5	29	1	132	0	0	0	0	0	0	0	0	0	0	0	0	0	0
1829	5	30	1	133	0	0	0	0	0	0	0	0	0	0	0	0	0	0
1830	5	31	1	134	0	0	0	0	0	0	0	0	0	0	0	0	0	0
1831	5	32	1	135	0	0	0	0	0	0	0	0	0	0	0	0	0	0
1832	5	33	1	136	0	0	0	0	0	0	0	0	0	0	0	0	0	0
1833	5	34	1	137	0	0	0	0	0	0	0	0	0	0	0	0	0	0
1834	5	35	1	138	0	0	0	0	0	0	0	0	0	0	0	0	0	0
1835	5	36	1	139	0	0	0	0	0	0	0	0	0	0	0	0	0	0
1836	5	37	1	140	0	0	0	0	0	0	0	0	0	0	0	0	0	0
1837	5	38	1	141	0	0	0	0	0	0	0	0	0	0	0	0	0	0
1838	5	39	1	142	0	0	0	0	0	0	0	0	0	0	0	0	0	0
1839	5	40	1	143	0	0	0	0	0	0	0	0	0	0	0	0	0	0
1840	5	41	1	144	0	0	0	0	0	0	0	0	0	0	0	0	0	0
1841	5	42	1	145	0	0	0	0	0	0	0	0	0	0	0	0	0	0
1842	5	43	1	146	0	0	0	0	0	0	0	0	0	0	0	0	0	0
1843	5	44	1	147	0	0	0	0	0	0	0	0	0	0	0	0	0	0
1844	5	45	1	148	0	0	0	0	0	0	0	0	0	0	0	0	0	0
1845	5	46	1	149	0	0	0	0	0	0	0	0	0	0	0	0	0	0
1846	5	47	1	150	0	0	0	0	0	0	0	0	0	0	0	0	0	0
1847	5	48	1	643	0	0	0	0	0	0	0	0	0	0	0	0	0	0
1848	5	49	1	237	0	0	0	0	0	0	0	0	0	0	0	0	0	0
1849	5	50	1	238	0	0	0	0	0	0	0	0	0	0	0	0	0	0
1850	5	51	1	239	0	0	0	0	0	0	0	0	0	0	0	0	0	0
1851	5	52	1	240	0	0	0	0	0	0	0	0	0	0	0	0	0	0
1852	5	53	1	241	0	0	0	0	0	0	0	0	0	0	0	0	0	0
1853	5	54	1	242	0	0	0	0	0	0	0	0	0	0	0	0	0	0
1854	5	55	1	243	0	0	0	0	0	0	0	0	0	0	0	0	0	0
1855	5	56	1	244	0	0	0	0	0	0	0	0	0	0	0	0	0	0
1856	5	57	1	523	0	0	0	0	0	0	0	0	0	0	0	0	0	0
1857	5	58	1	525	0	0	0	0	0	0	0	0	0	0	0	0	0	0
1858	5	101	1	10020	0	0	0	0	0	0	0	0	0	0	0	0	0	0
1859	5	102	1	10021	0	0	0	0	0	0	0	0	0	0	0	0	0	0
1860	5	103	1	10022	0	0	0	0	0	0	0	0	0	0	0	0	0	0
1861	5	104	1	10023	0	0	0	0	0	0	0	0	0	0	0	0	0	0
1862	5	59	1	854	0	0	0	0	0	0	0	0	0	0	0	0	0	0
1863	5	105	1	7044	0	0	0	0	0	0	0	0	0	0	0	0	0	0
2000	6	1	1	195	0	0	0	0	0	0	0	0	0	0	0	0	0	0
2001	6	2	1	196	0	0	0	0	0	0	0	0	0	0	0	0	0	0
2002	6	3	1	197	0	0	0	0	0	0	0	0	0	0	0	0	0	0
2003	6	4	1	198	0	0	0	0	0	0	0	0	0	0	0	0	0	0
2004	6	5	1	199	0	0	0	0	0	0	0	0	0	0	0	0	0	0
2005	6	6	1	200	0	0	0	0	0	0	0	0	0	0	0	0	0	0
2006	6	7	1	201	0	0	0	0	0	0	0	0	0	0	0	0	0	0
2007	6	8	1	202	0	0	0	0	0	0	0	0	0	0	0	0	0	0
2008	6	9	1	203	0	0	0	0	0	0	0	0	0	0	0	0	0	0
2009	6	10	1	204	0	0	0	0	0	0	0	0	0	0	0	0	0	0
2010	6	11	1	205	0	0	0	0	0	0	0	0	0	0	0	0	0	0
2011	6	12	1	206	0	0	0	0	0	0	0	0	0	0	0	0	0	0
2012	6	13	1	207	0	0	0	0	0	0	0	0	0	0	0	0	0	0
2013	6	14	1	208	0	0	0	0	0	0	0	0	0	0	0	0	0	0
2014	6	15	1	209	0	0	0	0	0	0	0	0	0	0	0	0	0	0
2015	6	16	1	210	0	0	0	0	0	0	0	0	0	0	0	0	0	0
2016	6	17	1	211	0	0	0	0	0	0	0	0	0	0	0	0	0	0
2017	6	18	1	212	0	0	0	0	0	0	0	0	0	0	0	0	0	0
2018	6	19	1	213	0	0	0	0	0	0	0	0	0	0	0	0	0	0
2019	6	20	1	214	0	0	0	0	0	0	0	0	0	0	0	0	0	0
2020	6	21	1	215	0	0	0	0	0	0	0	0	0	0	0	0	0	0
2021	6	22	1	216	0	0	0	0	0	0	0	0	0	0	0	0	0	0
2022	6	23	1	217	0	0	0	0	0	0	0	0	0	0	0	0	0	0
2023	6	24	1	218	0	0	0	0	0	0	0	0	0	0	0	0	0	0
2024	6	25	1	219	0	0	0	0	0	0	0	0	0	0	0	0	0	0
2025	6	26	1	220	0	0	0	0	0	0	0	0	0	0	0	0	0	0
2026	6	27	1	221	0	0	0	0	0	0	0	0	0	0	0	0	0	0
2027	6	28	1	222	0	0	0	0	0	0	0	0	0	0	0	0	0	0
2028	6	29	1	223	0	0	0	0	0	0	0	0	0	0	0	0	0	0
2029	6	30	1	224	0	0	0	0	0	0	0	0	0	0	0	0	0	0
2030	6	31	1	225	0	0	0	0	0	0	0	0	0	0	0	0	0	0
2031	6	32	1	226	0	0	0	0	0	0	0	0	0	0	0	0	0	0
2032	6	33	1	227	0	0	0	0	0	0	0	0	0	0	0	0	0	0
2033	6	34	1	228	0	0	0	0	0	0	0	0	0	0	0	0	0	0
2034	6	35	1	229	0	0	0	0	0	0	0	0	0	0	0	0	0	0
2035	6	36	1	245	0	0	0	0	0	0	0	0	0	0	0	0	0	0
2036	6	37	1	753	0	0	0	0	0	0	0	0	0	0	0	0	0	0
2037	6	38	1	826	0	0	0	0	0	0	0	0	0	0	0	0	0	0
2038	6	101	1	10024	0	0	0	0	0	0	0	0	0	0	0	0	0	0
2039	6	102	1	10025	0	0	0	0	0	0	0	0	0	0	0	0	0	0
2040	6	103	1	10026	0	0	0	0	0	0	0	0	0	0	0	0	0	0
2041	6	104	1	10027	0	0	0	0	0	0	0	0	0	0	0	0	0	0
2042	6	105	1	10028	0	0	0	0	0	0	0	0	0	0	0	0	0	0
2043	6	106	1	10029	0	0	0	0	0	0	0	0	0	0	0	0	0	0
2044	6	107	1	10030	0	0	0	0	0	0	0	0	0	0	0	0	0	0
2045	6	108	1	10031	0	0	0	0	0	0	0	0	0	0	0	0	0	0
2046	6	109	1	10032	0	0	0	0	0	0	0	0	0	0	0	0	0	0
2047	6	110	1	7045	0	0	0	0	0	0	0	0	0	0	0	0	0	0
2048	6	111	1	939	0	0	0	0	0	0	0	0	0	0	0	0	0	0
2049	6	112	1	940	0	0	0	0	0	0	0	0	0	0	0	0	0	0
2050	6	113	1	941	0	0	0	0	0	0	0	0	0	0	0	0	0	0
2051	6	114	1	943	0	0	0	0	0	0	0	0	0	0	0	0	0	0
2200	7	1	1	361	0	0	0	0	0	0	0	0	0	0	0	0	0	0
2201	7	2	1	362	0	0	0	0	0	0	0	0	0	0	0	0	0	0
2202	7	3	1	363	0	0	0	0	0	0	0	0	0	0	0	0	0	0
2203	7	4	1	364	0	0	0	0	0	0	0	0	0	0	0	0	0	0
2204	7	5	1	365	0	0	0	0	0	0	0	0	0	0	0	0	0	0
2205	7	6	1	366	0	0	0	0	0	0	0	0	0	0	0	0	0	0
2206	7	7	1	367	0	0	0	0	0	0	0	0	0	0	0	0	0	0
2207	7	8	1	368	0	0	0	0	0	0	0	0	0	0	0	0	0	0
2208	7	9	1	369	0	0	0	0	0	0	0	0	0	0	0	0	0	0
2209	7	10	1	370	0	0	0	0	0	0	0	0	0	0	0	0	0	0
2210	7	11	1	371	0	0	0	0	0	0	0	0	0	0	0	0	0	0
2211	7	12	1	372	0	0	0	0	0	0	0	0	0	0	0	0	0	0
2212	7	13	1	373	0	0	0	0	0	0	0	0	0	0	0	0	0	0
2213	7	14	1	374	0	0	0	0	0	0	0	0	0	0	0	0	0	0
2214	7	15	1	375	0	0	0	0	0	0	0	0	0	0	0	0	0	0
2215	7	16	1	376	0	0	0	0	0	0	0	0	0	0	0	0	0	0
2216	7	17	1	377	0	0	0	0	0	0	0	0	0	0	0	0	0	0
2217	7	18	1	378	0	0	0	0	0	0	0	0	0	0	0	0	0	0
2218	7	19	1	379	0	0	0	0	0	0	0	0	0	0	0	0	0	0
2219	7	20	1	380	0	0	0	0	0	0	0	0	0	0	0	0	0	0
2220	7	21	1	381	0	0	0	0	0	0	0	0	0	0	0	0	0	0
2221	7	22	1	382	0	0	0	0	0	0	0	0	0	0	0	0	0	0
2222	7	23	1	383	0	0	0	0	0	0	0	0	0	0	0	0	0	0
2223	7	24	1	384	0	0	0	0	0	0	0	0	0	0	0	0	0	0
2224	7	25	1	385	0	0	0	0	0	0	0	0	0	0	0	0	0	0
2225	7	26	1	386	0	0	0	0	0	0	0	0	0	0	0	0	0	0
2226	7	27	1	387	0	0	0	0	0	0	0	0	0	0	0	0	0	0
2227	7	28	1	388	0	0	0	0	0	0	0	0	0	0	0	0	0	0
2228	7	29	1	389	0	0	0	0	0	0	0	0	0	0	0	0	0	0
2229	7	30	1	390	0	0	0	0	0	0	0	0	0	0	0	0	0	0
2230	7	31	1	391	0	0	0	0	0	0	0	0	0	0	0	0	0	0
2231	7	32	1	392	0	0	0	0	0	0	0	0	0	0	0	0	0	0
2232	7	33	1	393	0	0	0	0	0	0	0	0	0	0	0	0	0	0
2233	7	34	1	394	0	0	0	0	0	0	0	0	0	0	0	0	0	0
2234	7	35	1	395	0	0	0	0	0	0	0	0	0	0	0	0	0	0
2235	7	36	1	396	0	0	0	0	0	0	0	0	0	0	0	0	0	0
2236	7	37	1	397	0	0	0	0	0	0	0	0	0	0	0	0	0	0
2237	7	38	1	718	0	0	0	0	0	0	0	0	0	0	0	0	0	0
2238	7	39	1	719	0	0	0	0	0	0	0	0	0	0	0	0	0	0
2239	7	40	1	745	0	0	0	0	0	0	0	0	0	0	0	0	0	0
2240	7	41	1	746	0	0	0	0	0	0	0	0	0	0	0	0	0	0
2241	7	42	1	747	0	0	0	0	0	0	0	0	0	0	0	0	0	0
2242	7	43	1	748	0	0	0	0	0	0	0	0	0	0	0	0	0	0
2243	7	44	1	536	0	0	0	0	0	0	0	0	0	0	0	0	0	0
2244	7	45	1	526	0	0	0	0	0	0	0	0	0	0	0	0	0	0
2245	7	101	1	10033	0	0	0	0	0	0	0	0	0	0	0	0	0	0
2246	7	102	1	10034	0	0	0	0	0	0	0	0	0	0	0	0	0	0
2247	7	103	1	10035	0	0	0	0	0	0	0	0	0	0	0	0	0	0
2248	7	104	1	10036	0	0	0	0	0	0	0	0	0	0	0	0	0	0
2249	7	105	1	10037	0	0	0	0	0	0	0	0	0	0	0	0	0	0
2250	7	106	1	10038	0	0	0	0	0	0	0	0	0	0	0	0	0	0
2251	7	107	1	10039	0	0	0	0	0	0	0	0	0	0	0	0	0	0
2252	7	108	1	10040	0	0	0	0	0	0	0	0	0	0	0	0	0	0
2253	7	109	1	10041	0	0	0	0	0	0	0	0	0	0	0	0	0	0
2254	7	110	1	10042	0	0	0	0	0	0	0	0	0	0	0	0	0	0
2255	7	111	1	0	0	0	0	0	0	0	0	0	0	0	0	0	0	0
2400	8	1	1	249	0	0	0	0	0	0	0	0	0	0	0	0	0	0
2401	8	2	1	250	0	0	0	0	0	0	0	0	0	0	0	0	0	0
2402	8	3	1	251	0	0	0	0	0	0	0	0	0	0	0	0	0	0
2403	8	4	1	252	0	0	0	0	0	0	0	0	0	0	0	0	0	0
2404	8	5	1	253	0	0	0	0	0	0	0	0	0	0	0	0	0	0
2405	8	6	1	254	0	0	0	0	0	0	0	0	0	0	0	0	0	0
2406	8	7	1	255	0	0	0	0	0	0	0	0	0	0	0	0	0	0
2407	8	8	1	256	0	0	0	0	0	0	0	0	0	0	0	0	0	0
2408	8	9	1	257	0	0	0	0	0	0	0	0	0	0	0	0	0	0
2409	8	10	1	258	0	0	0	0	0	0	0	0	0	0	0	0	0	0
2410	8	11	1	259	0	0	0	0	0	0	0	0	0	0	0	0	0	0
2411	8	12	1	260	0	0	0	0	0	0	0	0	0	0	0	0	0	0
2412	8	13	1	261	0	0	0	0	0	0	0	0	0	0	0	0	0	0
2413	8	14	1	262	0	0	0	0	0	0	0	0	0	0	0	0	0	0
2414	8	15	1	263	0	0	0	0	0	0	0	0	0	0	0	0	0	0
2415	8	16	1	264	0	0	0	0	0	0	0	0	0	0	0	0	0	0
2416	8	17	1	265	0	0	0	0	0	0	0	0	0	0	0	0	0	0
2417	8	18	1	266	0	0	0	0	0	0	0	0	0	0	0	0	0	0
2418	8	19	1	267	0	0	0	0	0	0	0	0	0	0	0	0	0	0
2419	8	20	1	268	0	0	0	0	0	0	0	0	0	0	0	0	0	0
2420	8	21	1	269	0	0	0	0	0	0	0	0	0	0	0	0	0	0
2421	8	22	1	270	0	0	0	0	0	0	0	0	0	0	0	0	0	0
2422	8	23	1	271	0	0	0	0	0	0	0	0	0	0	0	0	0	0
2423	8	24	1	272	0	0	0	0	0	0	0	0	0	0	0	0	0	0
2424	8	25	1	273	0	0	0	0	0	0	0	0	0	0	0	0	0	0
2425	8	26	1	274	0	0	0	0	0	0	0	0	0	0	0	0	0	0
2426	8	27	1	275	0	0	0	0	0	0	0	0	0	0	0	0	0	0
2427	8	28	1	276	0	0	0	0	0	0	0	0	0	0	0	0	0	0
2428	8	29	1	277	0	0	0	0	0	0	0	0	0	0	0	0	0	0
2429	8	30	1	278	0	0	0	0	0	0	0	0	0	0	0	0	0	0
2430	8	31	1	279	0	0	0	0	0	0	0	0	0	0	0	0	0	0
2431	8	32	1	280	0	0	0	0	0	0	0	0	0	0	0	0	0	0
2432	8	33	1	281	0	0	0	0	0	0	0	0	0	0	0	0	0	0
2433	8	34	1	282	0	0	0	0	0	0	0	0	0	0	0	0	0	0
2434	8	35	1	283	0	0	0	0	0	0	0	0	0	0	0	0	0	0
2435	8	36	1	720	0	0	0	0	0	0	0	0	0	0	0	0	0	0
2436	8	37	1	721	0	0	0	0	0	0	0	0	0	0	0	0	0	0
2437	8	38	1	722	0	0	0	0	0	0	0	0	0	0	0	0	0	0
2438	8	39	1	544	0	0	0	0	0	0	0	0	0	0	0	0	0	0
2439	8	40	1	527	0	0	0	0	0	0	0	0	0	0	0	0	0	0
2440	8	41	1	528	0	0	0	0	0	0	0	0	0	0	0	0	0	0
2441	8	42	1	529	0	0	0	0	0	0	0	0	0	0	0	0	0	0
2442	8	101	1	10043	0	0	0	0	0	0	0	0	0	0	0	0	0	0
2443	8	102	1	10044	0	0	0	0	0	0	0	0	0	0	0	0	0	0
2444	8	103	1	10045	0	0	0	0	0	0	0	0	0	0	0	0	0	0
2445	8	104	1	10046	0	0	0	0	0	0	0	0	0	0	0	0	0	0
2446	8	105	1	10047	0	0	0	0	0	0	0	0	0	0	0	0	0	0
2447	8	106	1	0	0	0	0	0	0	0	0	0	0	0	0	0	0	0
2600	9	1	1	284	0	0	0	0	0	0	0	0	0	0	0	0	0	0
2601	9	2	1	285	0	0	0	0	0	0	0	0	0	0	0	0	0	0
2602	9	3	1	286	0	0	0	0	0	0	0	0	0	0	0	0	0	0
2603	9	4	1	287	0	0	0	0	0	0	0	0	0	0	0	0	0	0
2604	9	5	1	288	0	0	0	0	0	0	0	0	0	0	0	0	0	0
2605	9	6	1	289	0	0	0	0	0	0	0	0	0	0	0	0	0	0
2606	9	7	1	290	0	0	0	0	0	0	0	0	0	0	0	0	0	0
2607	9	8	1	291	0	0	0	0	0	0	0	0	0	0	0	0	0	0
2608	9	9	1	292	0	0	0	0	0	0	0	0	0	0	0	0	0	0
2609	9	10	1	293	0	0	0	0	0	0	0	0	0	0	0	0	0	0
2610	9	11	1	294	0	0	0	0	0	0	0	0	0	0	0	0	0	0
2611	9	12	1	295	0	0	0	0	0	0	0	0	0	0	0	0	0	0
2612	9	13	1	296	0	0	0	0	0	0	0	0	0	0	0	0	0	0
2613	9	14	1	297	0	0	0	0	0	0	0	0	0	0	0	0	0	0
2614	9	15	1	298	0	0	0	0	0	0	0	0	0	0	0	0	0	0
2615	9	16	1	299	0	0	0	0	0	0	0	0	0	0	0	0	0	0
2616	9	17	1	300	0	0	0	0	0	0	0	0	0	0	0	0	0	0
2617	9	18	1	301	0	0	0	0	0	0	0	0	0	0	0	0	0	0
2618	9	19	1	302	0	0	0	0	0	0	0	0	0	0	0	0	0	0
2619	9	20	1	303	0	0	0	0	0	0	0	0	0	0	0	0	0	0
2620	9	21	1	304	0	0	0	0	0	0	0	0	0	0	0	0	0	0
2621	9	22	1	305	0	0	0	0	0	0	0	0	0	0	0	0	0	0
2622	9	23	1	306	0	0	0	0	0	0	0	0	0	0	0	0	0	0
2623	9	24	1	307	0	0	0	0	0	0	0	0	0	0	0	0	0	0
2624	9	25	1	308	0	0	0	0	0	0	0	0	0	0	0	0	0	0
2625	9	26	1	309	0	0	0	0	0	0	0	0	0	0	0	0	0	0
2626	9	27	1	310	0	0	0	0	0	0	0	0	0	0	0	0	0	0
2627	9	28	1	311	0	0	0	0	0	0	0	0	0	0	0	0	0	0
2628	9	29	1	312	0	0	0	0	0	0	0	0	0	0	0	0	0	0
2629	9	30	1	313	0	0	0	0	0	0	0	0	0	0	0	0	0	0
2630	9	31	1	314	0	0	0	0	0	0	0	0	0	0	0	0	0	0
2631	9	32	1	315	0	0	0	0	0	0	0	0	0	0	0	0	0	0
2632	9	33	1	316	0	0	0	0	0	0	0	0	0	0	0	0	0	0
2633	9	34	1	317	0	0	0	0	0	0	0	0	0	0	0	0	0	0
2634	9	35	1	318	0	0	0	0	0	0	0	0	0	0	0	0	0	0
2635	9	36	1	319	0	0	0	0	0	0	0	0	0	0	0	0	0	0
2636	9	37	1	320	0	0	0	0	0	0	0	0	0	0	0	0	0	0
2637	9	38	1	566	0	0	0	0	0	0	0	0	0	0	0	0	0	0
2638	9	39	1	567	0	0	0	0	0	0	0	0	0	0	0	0	0	0
2639	9	40	1	568	0	0	0	0	0	0	0	0	0	0	0	0	0	0
2640	9	41	1	546	0	0	0	0	0	0	0	0	0	0	0	0	0	0
2641	9	44	1	549	0	0	0	0	0	0	0	0	0	0	0	0	0	0
2642	9	101	1	10048	0	0	0	0	0	0	0	0	0	0	0	0	0	0
2643	9	102	1	10049	0	0	0	0	0	0	0	0	0	0	0	0	0	0
2644	9	103	1	10050	0	0	0	0	0	0	0	0	0	0	0	0	0	0
2645	9	104	1	10051	0	0	0	0	0	0	0	0	0	0	0	0	0	0
2646	9	105	1	10052	0	0	0	0	0	0	0	0	0	0	0	0	0	0
2647	9	106	1	0	0	0	0	0	0	0	0	0	0	0	0	0	0	0
2800	10	1	1	644	0	0	0	0	0	0	0	0	0	0	0	0	0	0
2801	10	2	1	645	0	0	0	0	0	0	0	0	0	0	0	0	0	0
2802	10	3	1	646	0	0	0	0	0	0	0	0	0	0	0	0	0	0
2803	10	4	1	647	0	0	0	0	0	0	0	0	0	0	0	0	0	0
2804	10	5	1	648	0	0	0	0	0	0	0	0	0	0	0	0	0	0
2805	10	6	1	649	0	0	0	0	0	0	0	0	0	0	0	0	0	0
2806	10	7	1	650	0	0	0	0	0	0	0	0	0	0	0	0	0	0
2807	10	8	1	651	0	0	0	0	0	0	0	0	0	0	0	0	0	0
2808	10	9	1	652	0	0	0	0	0	0	0	0	0	0	0	0	0	0
2809	10	10	1	653	0	0	0	0	0	0	0	0	0	0	0	0	0	0
2810	10	11	1	654	0	0	0	0	0	0	0	0	0	0	0	0	0	0
2811	10	12	1	655	0	0	0	0	0	0	0	0	0	0	0	0	0	0
2812	10	13	1	656	0	0	0	0	0	0	0	0	0	0	0	0	0	0
2813	10	14	1	657	0	0	0	0	0	0	0	0	0	0	0	0	0	0
2814	10	15	1	658	0	0	0	0	0	0	0	0	0	0	0	0	0	0
2815	10	16	1	659	0	0	0	0	0	0	0	0	0	0	0	0	0	0
2816	10	17	1	660	0	0	0	0	0	0	0	0	0	0	0	0	0	0
2817	10	18	1	661	0	0	0	0	0	0	0	0	0	0	0	0	0	0
2818	10	19	1	662	0	0	0	0	0	0	0	0	0	0	0	0	0	0
2819	10	20	1	663	0	0	0	0	0	0	0	0	0	0	0	0	0	0
2820	10	21	1	664	0	0	0	0	0	0	0	0	0	0	0	0	0	0
2821	10	22	1	665	0	0	0	0	0	0	0	0	0	0	0	0	0	0
2822	10	23	1	666	0	0	0	0	0	0	0	0	0	0	0	0	0	0
2823	10	24	1	667	0	0	0	0	0	0	0	0	0	0	0	0	0	0
2824	10	25	1	668	0	0	0	0	0	0	0	0	0	0	0	0	0	0
2825	10	26	1	670	0	0	0	0	0	0	0	0	0	0	0	0	0	0
2826	10	27	1	671	0	0	0	0	0	0	0	0	0	0	0	0	0	0
2827	10	28	1	672	0	0	0	0	0	0	0	0	0	0	0	0	0	0
2828	10	29	1	673	0	0	0	0	0	0	0	0	0	0	0	0	0	0
2829	10	30	1	835	0	0	0	0	0	0	0	0	0	0	0	0	0	0
2830	10	31	1	836	0	0	0	0	0	0	0	0	0	0	0	0	0	0
2831	10	32	1	837	0	0	0	0	0	0	0	0	0	0	0	0	0	0
2832	10	33	1	838	0	0	0	0	0	0	0	0	0	0	0	0	0	0
2833	10	34	1	839	0	0	0	0	0	0	0	0	0	0	0	0	0	0
2834	10	35	1	841	0	0	0	0	0	0	0	0	0	0	0	0	0	0
2835	10	101	1	10053	0	0	0	0	0	0	0	0	0	0	0	0	0	0
2836	10	102	1	10054	0	0	0	0	0	0	0	0	0	0	0	0	0	0
2837	10	103	1	10055	0	0	0	0	0	0	0	0	0	0	0	0	0	0
2838	10	104	1	10056	0	0	0	0	0	0	0	0	0	0	0	0	0	0
2839	10	105	1	10057	0	0	0	0	0	0	0	0	0	0	0	0	0	0
2840	10	106	1	0	0	0	0	0	0	0	0	0	0	0	0	0	0	0
3000	11	1	1	675	0	0	0	0	0	0	0	0	0	0	0	0	0	0
3001	11	2	1	676	0	0	0	0	0	0	0	0	0	0	0	0	0	0
3002	11	3	1	677	0	0	0	0	0	0	0	0	0	0	0	0	0	0
3003	11	4	1	678	0	0	0	0	0	0	0	0	0	0	0	0	0	0
3004	11	5	1	679	0	0	0	0	0	0	0	0	0	0	0	0	0	0
3005	11	6	1	680	0	0	0	0	0	0	0	0	0	0	0	0	0	0
3006	11	7	1	681	0	0	0	0	0	0	0	0	0	0	0	0	0	0
3007	11	8	1	682	0	0	0	0	0	0	0	0	0	0	0	0	0	0
3008	11	9	1	683	0	0	0	0	0	0	0	0	0	0	0	0	0	0
3009	11	10	1	684	0	0	0	0	0	0	0	0	0	0	0	0	0	0
3010	11	11	1	685	0	0	0	0	0	0	0	0	0	0	0	0	0	0
3011	11	12	1	686	0	0	0	0	0	0	0	0	0	0	0	0	0	0
3012	11	13	1	687	0	0	0	0	0	0	0	0	0	0	0	0	0	0
3013	11	14	1	688	0	0	0	0	0	0	0	0	0	0	0	0	0	0
3014	11	15	1	689	0	0	0	0	0	0	0	0	0	0	0	0	0	0
3015	11	16	1	690	0	0	0	0	0	0	0	0	0	0	0	0	0	0
3016	11	17	1	691	0	0	0	0	0	0	0	0	0	0	0	0	0	0
3017	11	18	1	692	0	0	0	0	0	0	0	0	0	0	0	0	0	0
3018	11	19	1	693	0	0	0	0	0	0	0	0	0	0	0	0	0	0
3019	11	20	1	694	0	0	0	0	0	0	0	0	0	0	0	0	0	0
3020	11	21	1	695	0	0	0	0	0	0	0	0	0	0	0	0	0	0
3021	11	22	1	696	0	0	0	0	0	0	0	0	0	0	0	0	0	0
3022	11	23	1	697	0	0	0	0	0	0	0	0	0	0	0	0	0	0
3023	11	24	1	669	0	0	0	0	0	0	0	0	0	0	0	0	0	0
3024	11	25	1	750	0	0	0	0	0	0	0	0	0	0	0	0	0	0
3025	11	26	1	674	0	0	0	0	0	0	0	0	0	0	0	0	0	0
3026	11	101	1	10058	0	0	0	0	0	0	0	0	0	0	0	0	0	0
3027	11	102	1	10059	0	0	0	0	0	0	0	0	0	0	0	0	0	0
3028	11	103	1	10060	0	0	0	0	0	0	0	0	0	0	0	0	0	0
3029	11	104	1	10061	0	0	0	0	0	0	0	0	0	0	0	0	0	0
3030	11	105	1	10062	0	0	0	0	0	0	0	0	0	0	0	0	0	0
3031	11	106	1	9061	0	0	0	0	0	0	0	0	0	0	0	0	0	0
3200	12	1	1	430	0	0	0	0	0	0	0	0	0	0	0	0	0	0
3201	12	2	1	431	0	0	0	0	0	0	0	0	0	0	0	0	0	0
3202	12	3	1	432	0	0	0	0	0	0	0	0	0	0	0	0	0	0
3203	12	4	1	433	0	0	0	0	0	0	0	0	0	0	0	0	0	0
3204	12	5	1	434	0	0	0	0	0	0	0	0	0	0	0	0	0	0
3205	12	6	1	435	0	0	0	0	0	0	0	0	0	0	0	0	0	0
3206	12	7	1	436	0	0	0	0	0	0	0	0	0	0	0	0	0	0
3207	12	8	1	437	0	0	0	0	0	0	0	0	0	0	0	0	0	0
3208	12	9	1	438	0	0	0	0	0	0	0	0	0	0	0	0	0	0
3209	12	10	1	439	0	0	0	0	0	0	0	0	0	0	0	0	0	0
3210	12	11	1	440	0	0	0	0	0	0	0	0	0	0	0	0	0	0
3211	12	12	1	441	0	0	0	0	0	0	0	0	0	0	0	0	0	0
3212	12	13	1	442	0	0	0	0	0	0	0	0	0	0	0	0	0	0
3213	12	14	1	443	0	0	0	0	0	0	0	0	0	0	0	0	0	0
3214	12	15	1	444	0	0	0	0	0	0	0	0	0	0	0	0	0	0
3215	12	16	1	445	0	0	0	0	0	0	0	0	0	0	0	0	0	0
3216	12	17	1	446	0	0	0	0	0	0	0	0	0	0	0	0	0	0
3217	12	18	1	447	0	0	0	0	0	0	0	0	0	0	0	0	0	0
3218	12	19	1	448	0	0	0	0	0	0	0	0	0	0	0	0	0	0
3219	12	20	1	449	0	0	0	0	0	0	0	0	0	0	0	0	0	0
3220	12	21	1	450	0	0	0	0	0	0	0	0	0	0	0	0	0	0
3221	12	22	1	451	0	0	0	0	0	0	0	0	0	0	0	0	0	0
3222	12	23	1	452	0	0	0	0	0	0	0	0	0	0	0	0	0	0
3223	12	24	1	453	0	0	0	0	0	0	0	0	0	0	0	0	0	0
3224	12	25	1	454	0	0	0	0	0	0	0	0	0	0	0	0	0	0
3225	12	26	1	455	0	0	0	0	0	0	0	0	0	0	0	0	0	0
3226	12	27	1	456	0	0	0	0	0	0	0	0	0	0	0	0	0	0
3227	12	28	1	457	0	0	0	0	0	0	0	0	0	0	0	0	0	0
3228	12	29	1	458	0	0	0	0	0	0	0	0	0	0	0	0	0	0
3229	12	30	1	459	0	0	0	0	0	0	0	0	0	0	0	0	0	0
3230	12	31	1	460	0	0	0	0	0	0	0	0	0	0	0	0	0	0
3231	12	32	1	461	0	0	0	0	0	0	0	0	0	0	0	0	0	0
3232	12	33	1	462	0	0	0	0	0	0	0	0	0	0	0	0	0	0
3233	12	34	1	463	0	0	0	0	0	0	0	0	0	0	0	0	0	0
3234	12	35	1	464	0	0	0	0	0	0	0	0	0	0	0	0	0	0
3235	12	36	1	705	0	0	0	0	0	0	0	0	0	0	0	0	0	0
3236	12	37	1	706	0	0	0	0	0	0	0	0	0	0	0	0	0	0
3237	12	38	1	728	0	0	0	0	0	0	0	0	0	0	0	0	0	0
3238	12	39	1	729	0	0	0	0	0	0	0	0	0	0	0	0	0	0
3239	12	40	1	730	0	0	0	0	0	0	0	0	0	0	0	0	0	0
3240	12	41	1	731	0	0	0	0	0	0	0	0	0	0	0	0	0	0
3241	12	42	1	752	0	0	0	0	0	0	0	0	0	0	0	0	0	0
3242	12	43	1	840	0	0	0	0	0	0	0	0	0	0	0	0	0	0
3243	12	44	1	708	0	0	0	0	0	0	0	0	0	0	0	0	0	0
3244	12	101	1	10078	0	0	0	0	0	0	0	0	0	0	0	0	0	0
3245	12	102	1	10079	0	0	0	0	0	0	0	0	0	0	0	0	0	0
3246	12	103	1	0	0	0	0	0	0	0	0	0	0	0	0	0	0	0
3400	14	1	1	321	0	0	0	0	0	0	0	0	0	0	0	0	0	0
3401	14	2	1	322	0	0	0	0	0	0	0	0	0	0	0	0	0	0
3402	14	3	1	323	0	0	0	0	0	0	0	0	0	0	0	0	0	0
3403	14	4	1	324	0	0	0	0	0	0	0	0	0	0	0	0	0	0
3404	14	5	1	325	0	0	0	0	0	0	0	0	0	0	0	0	0	0
3405	14	6	1	326	0	0	0	0	0	0	0	0	0	0	0	0	0	0
3406	14	7	1	327	0	0	0	0	0	0	0	0	0	0	0	0	0	0
3407	14	8	1	328	0	0	0	0	0	0	0	0	0	0	0	0	0	0
3408	14	9	1	329	0	0	0	0	0	0	0	0	0	0	0	0	0	0
3409	14	10	1	330	0	0	0	0	0	0	0	0	0	0	0	0	0	0
3410	14	11	1	331	0	0	0	0	0	0	0	0	0	0	0	0	0	0
3411	14	12	1	332	0	0	0	0	0	0	0	0	0	0	0	0	0	0
3412	14	13	1	333	0	0	0	0	0	0	0	0	0	0	0	0	0	0
3413	14	14	1	334	0	0	0	0	0	0	0	0	0	0	0	0	0	0
3414	14	15	1	335	0	0	0	0	0	0	0	0	0	0	0	0	0	0
3415	14	16	1	336	0	0	0	0	0	0	0	0	0	0	0	0	0	0
3416	14	17	1	337	0	0	0	0	0	0	0	0	0	0	0	0	0	0
3417	14	18	1	338	0	0	0	0	0	0	0	0	0	0	0	0	0	0
3418	14	19	1	339	0	0	0	0	0	0	0	0	0	0	0	0	0	0
3419	14	20	1	340	0	0	0	0	0	0	0	0	0	0	0	0	0	0
3420	14	21	1	341	0	0	0	0	0	0	0	0	0	0	0	0	0	0
3421	14	22	1	342	0	0	0	0	0	0	0	0	0	0	0	0	0	0
3422	14	23	1	343	0	0	0	0	0	0	0	0	0	0	0	0	0	0
3423	14	24	1	344	0	0	0	0	0	0	0	0	0	0	0	0	0	0
3424	14	25	1	345	0	0	0	0	0	0	0	0	0	0	0	0	0	0
3425	14	26	1	346	0	0	0	0	0	0	0	0	0	0	0	0	0	0
3426	14	27	1	347	0	0	0	0	0	0	0	0	0	0	0	0	0	0
3427	14	28	1	348	0	0	0	0	0	0	0	0	0	0	0	0	0	0
3428	14	29	1	349	0	0	0	0	0	0	0	0	0	0	0	0	0	0
3429	14	30	1	350	0	0	0	0	0	0	0	0	0	0	0	0	0	0
3430	14	31	1	351	0	0	0	0	0	0	0	0	0	0	0	0	0	0
3431	14	32	1	352	0	0	0	0	0	0	0	0	0	0	0	0	0	0
3432	14	33	1	353	0	0	0	0	0	0	0	0	0	0	0	0	0	0
3433	14	34	1	354	0	0	0	0	0	0	0	0	0	0	0	0	0	0
3434	14	35	1	355	0	0	0	0	0	0	0	0	0	0	0	0	0	0
3435	14	36	1	465	0	0	0	0	0	0	0	0	0	0	0	0	0	0
3436	14	101	1	10063	0	0	0	0	0	0	0	0	0	0	0	0	0	0
3437	14	102	1	10064	0	0	0	0	0	0	0	0	0	0	0	0	0	0
3438	14	103	1	10065	0	0	0	0	0	0	0	0	0	0	0	0	0	0
3439	14	104	1	10066	0	0	0	0	0	0	0	0	0	0	0	0	0	0
3440	14	105	1	10067	0	0	0	0	0	0	0	0	0	0	0	0	0	0
3441	14	106	1	10068	0	0	0	0	0	0	0	0	0	0	0	0	0	0
3442	14	107	1	10069	0	0	0	0	0	0	0	0	0	0	0	0	0	0
3443	14	108	1	10070	0	0	0	0	0	0	0	0	0	0	0	0	0	0
3444	14	109	1	921	0	0	0	0	0	0	0	0	0	0	0	0	0	0
3445	14	110	1	922	0	0	0	0	0	0	0	0	0	0	0	0	0	0
3446	14	111	1	923	0	0	0	0	0	0	0	0	0	0	0	0	0	0
3447	14	112	1	924	0	0	0	0	0	0	0	0	0	0	0	0	0	0
3448	14	113	1	925	0	0	0	0	0	0	0	0	0	0	0	0	0	0
3449	14	114	1	926	0	0	0	0	0	0	0	0	0	0	0	0	0	0
3450	14	115	1	944	0	0	0	0	0	0	0	0	0	0	0	0	0	0
3600	15	1	1	398	0	0	0	0	0	0	0	0	0	0	0	0	0	0
3601	15	2	1	399	0	0	0	0	0	0	0	0	0	0	0	0	0	0
3602	15	3	1	400	0	0	0	0	0	0	0	0	0	0	0	0	0	0
3603	15	4	1	401	0	0	0	0	0	0	0	0	0	0	0	0	0	0
3604	15	5	1	402	0	0	0	0	0	0	0	0	0	0	0	0	0	0
3605	15	6	1	403	0	0	0	0	0	0	0	0	0	0	0	0	0	0
3606	15	7	1	404	0	0	0	0	0	0	0	0	0	0	0	0	0	0
3607	15	8	1	405	0	0	0	0	0	0	0	0	0	0	0	0	0	0
3608	15	9	1	406	0	0	0	0	0	0	0	0	0	0	0	0	0	0
3609	15	10	1	407	0	0	0	0	0	0	0	0	0	0	0	0	0	0
3610	15	11	1	408	0	0	0	0	0	0	0	0	0	0	0	0	0	0
3611	15	12	1	409	0	0	0	0	0	0	0	0	0	0	0	0	0	0
3612	15	13	1	410	0	0	0	0	0	0	0	0	0	0	0	0	0	0
3613	15	14	1	411	0	0	0	0	0	0	0	0	0	0	0	0	0	0
3614	15	15	1	412	0	0	0	0	0	0	0	0	0	0	0	0	0	0
3615	15	16	1	413	0	0	0	0	0	0	0	0	0	0	0	0	0	0
3616	15	17	1	414	0	0	0	0	0	0	0	0	0	0	0	0	0	0
3617	15	18	1	415	0	0	0	0	0	0	0	0	0	0	0	0	0	0
3618	15	19	1	416	0	0	0	0	0	0	0	0	0	0	0	0	0	0
3619	15	20	1	417	0	0	0	0	0	0	0	0	0	0	0	0	0	0
3620	15	21	1	418	0	0	0	0	0	0	0	0	0	0	0	0	0	0
3621	15	22	1	419	0	0	0	0	0	0	0	0	0	0	0	0	0	0
3622	15	23	1	420	0	0	0	0	0	0	0	0	0	0	0	0	0	0
3623	15	24	1	421	0	0	0	0	0	0	0	0	0	0	0	0	0	0
3624	15	25	1	422	0	0	0	0	0	0	0	0	0	0	0	0	0	0
3625	15	26	1	423	0	0	0	0	0	0	0	0	0	0	0	0	0	0
3626	15	27	1	424	0	0	0	0	0	0	0	0	0	0	0	0	0	0
3627	15	28	1	425	0	0	0	0	0	0	0	0	0	0	0	0	0	0
3628	15	29	1	426	0	0	0	0	0	0	0	0	0	0	0	0	0	0
3629	15	30	1	428	0	0	0	0	0	0	0	0	0	0	0	0	0	0
3630	15	31	1	427	0	0	0	0	0	0	0	0	0	0	0	0	0	0
3631	15	32	1	429	0	0	0	0	0	0	0	0	0	0	0	0	0	0
3632	15	33	1	620	0	0	0	0	0	0	0	0	0	0	0	0	0	0
3633	15	34	1	621	0	0	0	0	0	0	0	0	0	0	0	0	0	0
3634	15	35	1	700	0	0	0	0	0	0	0	0	0	0	0	0	0	0
3635	15	36	1	726	0	0	0	0	0	0	0	0	0	0	0	0	0	0
3636	15	37	1	727	0	0	0	0	0	0	0	0	0	0	0	0	0	0
3637	15	38	1	751	0	0	0	0	0	0	0	0	0	0	0	0	0	0
3638	15	39	1	724	0	0	0	0	0	0	0	0	0	0	0	0	0	0
3639	15	40	1	725	0	0	0	0	0	0	0	0	0	0	0	0	0	0
3640	15	41	1	576	0	0	0	0	0	0	0	0	0	0	0	0	0	0
3641	15	101	1	10071	0	0	0	0	0	0	0	0	0	0	0	0	0	0
3642	15	102	1	10072	0	0	0	0	0	0	0	0	0	0	0	0	0	0
3643	15	103	1	10073	0	0	0	0	0	0	0	0	0	0	0	0	0	0
3644	15	104	1	10074	0	0	0	0	0	0	0	0	0	0	0	0	0	0
3645	15	105	1	10075	0	0	0	0	0	0	0	0	0	0	0	0	0	0
3646	15	106	1	10076	0	0	0	0	0	0	0	0	0	0	0	0	0	0
3647	15	107	1	10077	0	0	0	0	0	0	0	0	0	0	0	0	0	0
3648	15	108	1	0	0	0	0	0	0	0	0	0	0	0	0	0	0	0
3800	16	1	1	466	0	0	0	0	0	0	0	0	0	0	0	0	0	0
3801	16	2	1	467	0	0	0	0	0	0	0	0	0	0	0	0	0	0
3802	16	3	1	468	0	0	0	0	0	0	0	0	0	0	0	0	0	0
3803	16	4	1	469	0	0	0	0	0	0	0	0	0	0	0	0	0	0
3804	16	5	1	470	0	0	0	0	0	0	0	0	0	0	0	0	0	0
3805	16	6	1	471	0	0	0	0	0	0	0	0	0	0	0	0	0	0
3806	16	7	1	472	0	0	0	0	0	0	0	0	0	0	0	0	0	0
3807	16	8	1	473	0	0	0	0	0	0	0	0	0	0	0	0	0	0
3808	16	9	1	474	0	0	0	0	0	0	0	0	0	0	0	0	0	0
3809	16	10	1	475	0	0	0	0	0	0	0	0	0	0	0	0	0	0
3810	16	11	1	476	0	0	0	0	0	0	0	0	0	0	0	0	0	0
3811	16	12	1	477	0	0	0	0	0	0	0	0	0	0	0	0	0	0
3812	16	13	1	478	0	0	0	0	0	0	0	0	0	0	0	0	0	0
3813	16	14	1	479	0	0	0	0	0	0	0	0	0	0	0	0	0	0
3814	16	15	1	480	0	0	0	0	0	0	0	0	0	0	0	0	0	0
3815	16	16	1	481	0	0	0	0	0	0	0	0	0	0	0	0	0	0
3816	16	17	1	482	0	0	0	0	0	0	0	0	0	0	0	0	0	0
3817	16	18	1	483	0	0	0	0	0	0	0	0	0	0	0	0	0	0
3818	16	19	1	484	0	0	0	0	0	0	0	0	0	0	0	0	0	0
3819	16	20	1	485	0	0	0	0	0	0	0	0	0	0	0	0	0	0
3820	16	21	1	486	0	0	0	0	0	0	0	0	0	0	0	0	0	0
3821	16	22	1	487	0	0	0	0	0	0	0	0	0	0	0	0	0	0
3822	16	23	1	488	0	0	0	0	0	0	0	0	0	0	0	0	0	0
3823	16	24	1	489	0	0	0	0	0	0	0	0	0	0	0	0	0	0
3824	16	25	1	490	0	0	0	0	0	0	0	0	0	0	0	0	0	0
3825	16	26	1	491	0	0	0	0	0	0	0	0	0	0	0	0	0	0
3826	16	27	1	492	0	0	0	0	0	0	0	0	0	0	0	0	0	0
3827	16	28	1	493	0	0	0	0	0	0	0	0	0	0	0	0	0	0
3828	16	29	1	494	0	0	0	0	0	0	0	0	0	0	0	0	0	0
3829	16	30	1	495	0	0	0	0	0	0	0	0	0	0	0	0	0	0
3830	16	31	1	496	0	0	0	0	0	0	0	0	0	0	0	0	0	0
3831	16	32	1	497	0	0	0	0	0	0	0	0	0	0	0	0	0	0
3832	16	33	1	498	0	0	0	0	0	0	0	0	0	0	0	0	0	0
3833	16	34	1	499	0	0	0	0	0	0	0	0	0	0	0	0	0	0
3834	16	35	1	500	0	0	0	0	0	0	0	0	0	0	0	0	0	0
3835	16	36	1	501	0	0	0	0	0	0	0	0	0	0	0	0	0	0
3836	16	37	1	502	0	0	0	0	0	0	0	0	0	0	0	0	0	0
3837	16	38	1	503	0	0	0	0	0	0	0	0	0	0	0	0	0	0
3838	16	39	1	504	0	0	0	0	0	0	0	0	0	0	0	0	0	0
3839	16	40	1	505	0	0	0	0	0	0	0	0	0	0	0	0	0	0
3840	16	41	1	732	0	0	0	0	0	0	0	0	0	0	0	0	0	0
3841	16	42	1	733	0	0	0	0	0	0	0	0	0	0	0	0	0	0
3842	16	43	1	709	0	0	0	0	0	0	0	0	0	0	0	0	0	0
3843	16	44	1	710	0	0	0	0	0	0	0	0	0	0	0	0	0	0
3844	16	45	1	0	0	0	0	0	0	0	0	0	0	0	0	0	0	0
3845	16	46	1	938	0	0	0	0	0	0	0	0	0	0	0	0	0	0
3846	16	47	1	10081	0	0	0	0	0	0	0	0	0	0	0	0	0	0
10000	2001	1	1	1006	1016	0	1016	1	1006	1	0	0	0	0	0	0	0	0
10001	2001	2	1	1006	1008	1008	1006	1	1008	1	0	0	0	0	0	0	0	0
10002	2001	3	1	1015	1011	0	1015	1	1011	1	1014	1	0	0	0	0	0	0
10003	2001	4	1	1010	1015	0	1010	1	1015	1	1014	1	0	0	0	0	0	0
10004	2001	5	1	1018	1018	1018	0	0	0	0	0	0	0	0	0	0	0	0
10005	2001	6	1	1004	1004	1004	0	0	0	0	0	0	0	0	0	0	0	0
10006	2001	7	1	1000	1000	1000	0	0	0	0	0	0	0	0	0	0	0	0
10007	2001	8	1	1001	1001	1001	0	0	0	0	0	0	0	0	0	0	0	0
10008	2001	9	1	1003	1003	1003	0	0	0	0	0	0	0	0	0	0	0	0
10009	2001	10	1	1010	1010	1010	0	0	0	0	0	0	0	0	0	0	0	0
10010	2001	11	1	1025	1025	1025	0	0	0	0	0	0	0	0	0	0	0	0
10011	2001	12	1	1002	1002	1002	0	0	0	0	0	0	0	0	0	0	0	0
10012	2001	13	1	0	0	0	0	0	0	0	0	0	0	0	0	0	0	0
10013	2001	14	1	0	0	0	0	0	0	0	0	0	0	0	0	0	0	0
10014	2001	15	1	0	0	0	0	0	0	0	0	0	0	0	0	0	0	0
10015	2001	16	1	0	0	0	0	0	0	0	0	0	0	0	0	0	0	0
10016	2001	17	1	1017	1017	1017	0	0	0	0	0	0	0	0	0	0	0	0
10017	2001	18	1	1019	1019	1019	0	0	0	0	0	0	0	0	0	0	0	0
10018	2001	19	1	1026	1026	1026	0	0	0	0	0	0	0	0	0	0	0	0
10019	2001	20	1	1027	1027	1027	0	0	0	0	0	0	0	0	0	0	0	0
10020	2001	21	1	1028	1028	1028	0	0	0	0	0	0	0	0	0	0	0	0
10021	2001	22	1	1029	1029	1029	0	0	0	0	0	0	0	0	0	0	0	0
10022	2001	23	11	1002	0	0	0	0	0	0	0	0	0	0	0	0	0	0
10023	2001	24	11	1018	0	0	0	0	0	0	0	0	0	0	0	0	0	0
10050	2002	1	1	1035	1041	0	1035	1	1041	1	0	0	0	0	0	0	0	0
10051	2002	2	1	1035	1036	1036	1035	1	1036	1	0	0	0	0	0	0	0	0
10052	2002	3	1	1040	1038	0	1040	1	1038	1	1039	1	0	0	0	0	0	0
10053	2002	4	1	1037	1037	1040	1037	1	1040	1	1039	1	0	0	0	0	0	0
10054	2002	5	1	1043	0	0	0	0	0	0	0	0	0	0	0	0	0	0
10055	2002	6	1	1034	0	0	0	0	0	0	0	0	0	0	0	0	0	0
10056	2002	7	1	1030	0	0	0	0	0	0	0	0	0	0	0	0	0	0
10057	2002	8	1	1031	0	0	0	0	0	0	0	0	0	0	0	0	0	0
10058	2002	9	1	1033	0	0	0	0	0	0	0	0	0	0	0	0	0	0
10059	2002	10	1	1037	0	0	0	0	0	0	0	0	0	0	0	0	0	0
10060	2002	11	1	1025	0	0	0	0	0	0	0	0	0	0	0	0	0	0
10061	2002	12	1	1032	0	0	0	0	0	0	0	0	0	0	0	0	0	0
10062	2002	13	1	0	0	0	0	0	0	0	0	0	0	0	0	0	0	0
10063	2002	14	1	0	0	0	0	0	0	0	0	0	0	0	0	0	0	0
10064	2002	15	1	0	0	0	0	0	0	0	0	0	0	0	0	0	0	0
10065	2002	16	1	0	0	0	0	0	0	0	0	0	0	0	0	0	0	0
10066	2002	17	1	1042	0	0	0	0	0	0	0	0	0	0	0	0	0	0
10067	2002	18	1	1044	0	0	0	0	0	0	0	0	0	0	0	0	0	0
10068	2002	19	1	0	0	0	0	0	0	0	0	0	0	0	0	0	0	0
10069	2002	20	1	0	0	0	0	0	0	0	0	0	0	0	0	0	0	0
10070	2002	21	1	0	0	0	0	0	0	0	0	0	0	0	0	0	0	0
10071	2002	22	1	0	0	0	0	0	0	0	0	0	0	0	0	0	0	0
10072	2002	23	11	1852	1851	0	1855	1	1850	1	1856	1	1853	1	0	0	0	0
10073	2002	24	11	1853	1850	0	1854	1	1852	1	1857	1	1857	1	0	0	0	0
10100	2003	1	99	999	999	999	0	0	0	0	0	0	0	0	0	0	0	0
10101	2003	2	99	999	999	999	0	0	0	0	0	0	0	0	0	0	0	0
10102	2003	3	99	999	999	999	0	0	0	0	0	0	0	0	0	0	0	0
10103	2003	4	99	999	999	999	0	0	0	0	0	0	0	0	0	0	0	0
10104	2003	5	99	999	999	999	0	0	0	0	0	0	0	0	0	0	0	0
10105	2003	6	99	999	999	999	0	0	0	0	0	0	0	0	0	0	0	0
10106	2003	7	99	999	999	999	0	0	0	0	0	0	0	0	0	0	0	0
10107	2003	8	99	999	999	999	0	0	0	0	0	0	0	0	0	0	0	0
10108	2003	9	99	999	999	999	0	0	0	0	0	0	0	0	0	0	0	0
10109	2003	10	99	999	999	999	0	0	0	0	0	0	0	0	0	0	0	0
10110	2003	11	99	999	999	999	0	0	0	0	0	0	0	0	0	0	0	0
10111	2003	12	99	999	999	999	0	0	0	0	0	0	0	0	0	0	0	0
10112	2003	13	99	999	999	999	0	0	0	0	0	0	0	0	0	0	0	0
10113	2003	14	99	999	999	999	0	0	0	0	0	0	0	0	0	0	0	0
10150	2005	1	1	0	0	0	0	0	0	0	0	0	0	0	0	0	0	0
10151	2005	2	1	1571	1571	1571	1571	2	0	0	0	0	0	0	0	0	0	0
10152	2005	3	1	1570	1570	1570	1571	1	1580	1	0	0	0	0	0	0	0	0
10153	2005	4	1	1586	1586	1570	1572	2	0	0	0	0	0	0	0	0	0	0
10154	2005	5	1	1575	1575	1575	1570	2	0	0	0	0	0	0	0	0	0	0
10155	2005	6	1	1586	1586	1586	1571	2	1572	1	0	0	0	0	0	0	0	0
10156	2005	7	1	1579	1579	1579	1572	2	1570	1	0	0	0	0	0	0	0	0
10157	2005	8	1	1578	1578	1578	1583	2	1580	1	0	0	0	0	0	0	0	0
10158	2005	9	1	1574	1574	1574	1579	1	1572	2	0	0	0	0	0	0	0	0
10159	2005	10	1	1579	1579	1579	1570	2	1575	1	0	0	0	0	0	0	0	0
10160	2005	11	1	1582	1582	1582	1577	1	1573	2	0	0	0	0	0	0	0	0
10161	2005	12	1	1583	1583	1583	1573	2	1582	1	0	0	0	0	0	0	0	0
10162	2005	13	1	1587	1587	1587	1586	1	1577	2	0	0	0	0	0	0	0	0
10163	2005	14	1	1581	1581	1581	1587	1	1583	2	0	0	0	0	0	0	0	0
10164	2005	15	1	1578	1578	1578	1577	1	1582	1	1576	1	0	0	0	0	0	0
10165	2005	16	1	1585	1585	1585	1576	1	1573	2	0	0	0	0	0	0	0	0
10166	2005	17	1	1586	1586	1586	1580	1	1573	1	1573	1	0	0	0	0	0	0
10167	2005	18	1	1583	1583	1583	1581	1	1582	1	1583	2	0	0	0	0	0	0
10168	2005	19	1	1580	1580	1580	1583	3	1582	1	0	0	0	0	0	0	0	0
10169	2005	20	1	1582	1582	1582	1576	1	1573	2	1583	1	0	0	0	0	0	0
10170	2005	21	1	1583	1583	1583	1573	2	1585	1	1576	1	0	0	0	0	0	0
10171	2005	22	1	1584	1584	1584	1583	2	1582	1	0	0	0	0	0	0	0	0
10200	2007	1	1	1098	1098	1098	1094	2	0	0	0	0	0	0	0	0	0	0
10201	2007	2	1	1098	1098	1098	1094	1	1093	1	0	0	0	0	0	0	0	0
10202	2007	3	1	1100	1100	1103	1098	1	1100	1	1103	1	0	0	0	0	0	0
10203	2007	4	1	1095	1095	1095	1097	2	1102	1	1099	1	0	0	0	0	0	0
10204	2007	5	1	1101	1101	1101	1097	1	1102	2	1099	1	0	0	0	0	0	0
10205	2007	6	1	1106	1106	1106	0	0	0	0	0	0	0	0	0	0	0	0
10206	2007	7	1	1104	1104	1104	0	0	0	0	0	0	0	0	0	0	0	0
10207	2007	8	1	1105	1105	1105	0	0	0	0	0	0	0	0	0	0	0	0
10208	2007	9	1	1111	1111	1111	0	0	0	0	0	0	0	0	0	0	0	0
10209	2007	10	1	1112	1112	1112	0	0	0	0	0	0	0	0	0	0	0	0
10210	2007	11	1	1102	1102	1102	1097	1	1099	1	1102	1	0	0	0	0	0	0
10211	2007	12	1	1101	1101	1101	1095	2	1102	1	0	0	0	0	0	0	0	0
10212	2007	13	1	1113	1113	1113	0	0	0	0	0	0	0	0	0	0	0	0
10213	2007	14	1	1114	1114	1114	0	0	0	0	0	0	0	0	0	0	0	0
10214	2007	15	1	1115	1115	1115	0	0	0	0	0	0	0	0	0	0	0	0
10215	2007	16	1	1116	1116	1116	0	0	0	0	0	0	0	0	0	0	0	0
10216	2007	17	1	1117	1117	1117	0	0	0	0	0	0	0	0	0	0	0	0
10217	2007	18	1	1118	1118	1118	0	0	0	0	0	0	0	0	0	0	0	0
10218	2007	19	1	1119	1119	1119	0	0	0	0	0	0	0	0	0	0	0	0
10219	2007	20	1	1090	1090	1090	0	0	0	0	0	0	0	0	0	0	0	0
10220	2007	21	1	1106	1106	1106	0	0	0	0	0	0	0	0	0	0	0	0
10221	2007	22	1	1137	1137	1137	0	0	0	0	0	0	0	0	0	0	0	0
10250	2008	1	1	1125	0	0	1121	2	0	0	0	0	0	0	0	0	0	0
10251	2008	2	1	1125	0	0	1121	1	1120	1	0	0	0	0	0	0	0	0
10252	2008	3	1	1127	1127	1130	1125	1	1127	1	0	0	0	0	0	0	0	0
10253	2008	4	1	1122	0	0	1124	1	1129	1	0	0	0	0	0	0	0	0
10254	2008	5	1	1128	0	0	1124	1	1129	1	1126	1	0	0	0	0	0	0
10255	2008	6	1	1133	0	0	0	0	0	0	0	0	0	0	0	0	0	0
10256	2008	7	1	1131	0	0	0	0	0	0	0	0	0	0	0	0	0	0
10257	2008	8	1	1132	0	0	0	0	0	0	0	0	0	0	0	0	0	0
10258	2008	9	1	1134	0	0	0	0	0	0	0	0	0	0	0	0	0	0
10259	2008	10	1	1135	0	0	0	0	0	0	0	0	0	0	0	0	0	0
10260	2008	11	1	1129	0	0	1124	1	1126	1	1129	1	0	0	0	0	0	0
10261	2008	12	1	1128	0	0	1122	2	1129	1	0	0	0	0	0	0	0	0
10262	2008	13	1	1136	0	0	0	0	0	0	0	0	0	0	0	0	0	0
10263	2008	21	11	1913	1910	0	1914	1	1912	1	1917	1	1911	1	0	0	0	0
10264	2008	22	1	1137	1137	1137	0	0	0	0	0	0	0	0	0	0	0	0
10300	2009	1	99	999	999	999	0	0	0	0	0	0	0	0	0	0	0	0
10350	2010	1	1	1180	1180	1180	1189	2	0	0	0	0	0	0	0	0	0	0
10351	2010	2	1	1203	1203	1203	0	0	0	0	0	0	0	0	0	0	0	0
10352	2010	3	1	1180	1180	1180	1188	2	1188	1	0	0	0	0	0	0	0	0
10353	2010	4	1	1181	1181	1181	1186	2	1186	1	0	0	0	0	0	0	0	0
10354	2010	5	1	1181	1181	1181	1187	2	0	0	0	0	0	0	0	0	0	0
10355	2010	6	1	1190	1190	1190	1184	2	1184	1	0	0	0	0	0	0	0	0
10356	2010	7	1	1182	1182	1182	1183	2	1183	1	0	0	0	0	0	0	0	0
10357	2010	8	1	1191	1191	1191	0	0	0	0	0	0	0	0	0	0	0	0
10358	2010	9	1	1206	1206	1206	0	0	0	0	0	0	0	0	0	0	0	0
10359	2010	10	1	1201	1202	1205	0	0	0	0	0	0	0	0	0	0	0	0
10360	2010	11	1	1208	1208	1208	0	0	0	0	0	0	0	0	0	0	0	0
10361	2010	12	1	1209	1209	1209	0	0	0	0	0	0	0	0	0	0	0	0
10362	2010	13	1	1192	1192	1192	1190	1	1190	1	1185	1	0	0	0	0	0	0
10363	2010	14	1	1193	1193	1193	1182	1	1183	1	1182	1	0	0	0	0	0	0
10364	2010	15	1	1200	1200	1200	0	0	0	0	0	0	0	0	0	0	0	0
10365	2010	16	1	1194	1194	1194	0	0	0	0	0	0	0	0	0	0	0	0
10366	2010	17	1	1195	1195	1195	0	0	0	0	0	0	0	0	0	0	0	0
10367	2010	18	1	1196	1196	1196	0	0	0	0	0	0	0	0	0	0	0	0
10368	2010	19	1	1197	1197	1197	0	0	0	0	0	0	0	0	0	0	0	0
10369	2010	20	1	1198	1198	1198	0	0	0	0	0	0	0	0	0	0	0	0
10370	2010	21	1	1199	1199	1199	0	0	0	0	0	0	0	0	0	0	0	0
10371	2010	22	1	1210	1210	1210	0	0	0	0	0	0	0	0	0	0	0	0
10372	2010	23	1	1213	1213	1213	0	0	0	0	0	0	0	0	0	0	0	0
10373	2010	24	1	1214	1214	1214	0	0	0	0	0	0	0	0	0	0	0	0
10374	2010	25	1	1181	1181	1181	1181	1	0	0	0	0	0	0	0	0	0	0
10375	2010	26	1	1192	1192	1192	1190	1	1190	1	1185	1	0	0	0	0	0	0
10376	2010	27	1	1193	1193	1193	1182	1	1183	1	1182	1	0	0	0	0	0	0
10377	2010	28	1	522	522	522	0	0	0	0	0	0	0	0	0	0	0	0
10400	2011	1	1	1220	0	0	1229	2	0	0	0	0	0	0	0	0	0	0
10401	2011	2	1	1236	0	0	0	0	0	0	0	0	0	0	0	0	0	0
10402	2011	3	1	1220	0	0	1228	2	1228	1	0	0	0	0	0	0	0	0
10403	2011	4	1	1221	0	0	1226	2	1226	1	0	0	0	0	0	0	0	0
10404	2011	5	1	1221	0	0	1227	2	0	0	0	0	0	0	0	0	0	0
10405	2011	6	1	1230	0	0	1224	2	1224	1	0	0	0	0	0	0	0	0
10406	2011	7	1	1222	0	0	1223	2	1223	1	0	0	0	0	0	0	0	0
10407	2011	8	1	1231	0	0	0	0	0	0	0	0	0	0	0	0	0	0
10408	2011	9	1	1238	0	0	0	0	0	0	0	0	0	0	0	0	0	0
10409	2011	10	1	1234	1235	1237	0	0	0	0	0	0	0	0	0	0	0	0
10410	2011	11	1	1239	0	0	0	0	0	0	0	0	0	0	0	0	0	0
10411	2011	12	1	1240	0	0	0	0	0	0	0	0	0	0	0	0	0	0
10412	2011	13	1	1232	0	0	1230	1	1230	1	1225	1	0	0	0	0	0	0
10413	2011	14	1	1233	0	0	1222	1	1223	1	1222	1	0	0	0	0	0	0
10414	2011	15	1	1200	0	0	0	0	0	0	0	0	0	0	0	0	0	0
10415	2011	25	1	1221	0	0	1221	1	0	0	0	0	0	0	0	0	0	0
10416	2011	26	11	1903	1900	0	1904	1	1902	1	1907	1	1901	1	0	0	0	0
10417	2011	27	11	1902	1901	0	1905	1	1900	1	1906	1	1903	1	0	0	0	0
10450	2012	1	99	999	999	999	0	0	0	0	0	0	0	0	0	0	0	0
10451	2012	2	99	999	999	999	0	0	0	0	0	0	0	0	0	0	0	0
10452	2012	3	99	999	999	999	0	0	0	0	0	0	0	0	0	0	0	0
10453	2012	4	99	999	999	999	0	0	0	0	0	0	0	0	0	0	0	0
10454	2012	5	99	999	999	999	0	0	0	0	0	0	0	0	0	0	0	0
10455	2012	6	99	999	999	999	0	0	0	0	0	0	0	0	0	0	0	0
10456	2012	7	99	999	999	999	0	0	0	0	0	0	0	0	0	0	0	0
10457	2012	8	99	999	999	999	0	0	0	0	0	0	0	0	0	0	0	0
10458	2012	9	99	999	999	999	0	0	0	0	0	0	0	0	0	0	0	0
10459	2012	10	99	999	999	999	0	0	0	0	0	0	0	0	0	0	0	0
10460	2012	11	99	999	999	999	0	0	0	0	0	0	0	0	0	0	0	0
10461	2012	12	99	999	999	999	0	0	0	0	0	0	0	0	0	0	0	0
10462	2012	13	99	999	999	999	0	0	0	0	0	0	0	0	0	0	0	0
10463	2012	14	99	999	999	999	0	0	0	0	0	0	0	0	0	0	0	0
10500	2013	1	1	1274	1274	1285	1274	1	1270	1	0	0	0	0	0	0	0	0
10501	2013	2	1	1271	1271	1284	1274	1	1270	1	0	0	0	0	0	0	0	0
10502	2013	3	1	1270	1270	1286	1274	1	1270	1	0	0	0	0	0	0	0	0
10503	2013	4	1	1273	0	0	1272	3	0	0	0	0	0	0	0	0	0	0
10504	2013	5	1	1275	0	0	1280	3	0	0	0	0	0	0	0	0	0	0
10505	2013	6	1	1277	0	0	1276	3	0	0	0	0	0	0	0	0	0	0
10506	2013	7	1	1278	1278	1278	0	0	0	0	0	0	0	0	0	0	0	0
10507	2013	8	1	1281	1281	1281	0	0	0	0	0	0	0	0	0	0	0	0
10508	2013	9	1	1282	1282	1282	0	0	0	0	0	0	0	0	0	0	0	0
10509	2013	10	1	1283	1283	1283	0	0	0	0	0	0	0	0	0	0	0	0
10510	2013	11	1	1278	1278	1278	0	0	0	0	0	0	0	0	0	0	0	0
10511	2013	12	1	1273	1273	1273	1272	3	0	0	0	0	0	0	0	0	0	0
10512	2013	13	1	1275	1275	1275	1280	3	0	0	0	0	0	0	0	0	0	0
10513	2013	14	1	1277	1277	1277	1276	3	0	0	0	0	0	0	0	0	0	0
10514	2013	15	1	1273	0	0	1272	3	0	0	0	0	0	0	0	0	0	0
10515	2013	16	1	1275	0	0	1280	3	0	0	0	0	0	0	0	0	0	0
10516	2013	17	1	1277	0	0	1276	3	0	0	0	0	0	0	0	0	0	0
10550	2014	1	1	1304	1304	1315	1304	2	1300	1	0	0	0	0	0	0	0	0
10551	2014	2	1	1301	1301	1314	1304	2	1300	1	0	0	0	0	0	0	0	0
10552	2014	3	1	1300	1300	1316	1304	2	1300	1	0	0	0	0	0	0	0	0
10553	2014	4	1	1303	0	0	1302	3	0	0	0	0	0	0	0	0	0	0
10554	2014	5	1	1305	0	0	1310	3	0	0	0	0	0	0	0	0	0	0
10555	2014	6	1	1307	0	0	1306	3	0	0	0	0	0	0	0	0	0	0
10556	2014	7	1	1308	0	0	0	0	0	0	0	0	0	0	0	0	0	0
10557	2014	8	1	1311	0	0	0	0	0	0	0	0	0	0	0	0	0	0
10558	2014	9	1	1312	0	0	0	0	0	0	0	0	0	0	0	0	0	0
10559	2014	10	1	1313	0	0	0	0	0	0	0	0	0	0	0	0	0	0
10560	2014	11	1	1308	0	0	0	0	0	0	0	0	0	0	0	0	0	0
10561	2014	12	1	1303	0	0	1302	3	0	0	0	0	0	0	0	0	0	0
10562	2014	13	1	1305	0	0	1310	3	0	0	0	0	0	0	0	0	0	0
10563	2014	14	1	1307	0	0	1306	3	0	0	0	0	0	0	0	0	0	0
10564	2014	15	11	1792	1791	0	1795	1	1790	1	1796	1	1793	1	0	0	0	0
10565	2014	16	11	1793	1790	0	1794	1	1792	1	1797	1	1791	1	0	0	0	0
10566	2014	17	11	1792	1791	0	1795	1	1790	1	1796	1	1793	1	0	0	0	0
10600	2015	1	99	999	999	999	0	0	0	0	0	0	0	0	0	0	0	0
10650	2016	1	1	1371	1371	1371	1360	2	1370	2	0	0	0	0	0	0	0	0
10651	2016	2	1	1364	1364	1364	1364	2	0	0	0	0	0	0	0	0	0	0
10652	2016	3	1	1363	1363	1363	1363	2	0	0	0	0	0	0	0	0	0	0
10653	2016	4	1	1370	1370	1370	1372	2	0	0	0	0	0	0	0	0	0	0
10654	2016	5	1	1365	1365	1365	1360	2	1371	2	0	0	0	0	0	0	0	0
10655	2016	6	1	1367	1367	1367	1365	2	1371	0	1360	2	0	0	0	0	0	0
10656	2016	7	1	1367	1367	1367	1372	1	1371	1	0	0	0	0	0	0	0	0
10657	2016	8	1	1374	1374	1374	0	0	0	0	0	0	0	0	0	0	0	0
10658	2016	9	1	1373	1373	1373	1372	1	1372	1	0	0	0	0	0	0	0	0
10659	2016	10	1	1371	1371	1371	0	0	0	0	0	0	0	0	0	0	0	0
10660	2016	11	1	1369	1369	1369	1360	2	1370	1	1360	1	0	0	0	0	0	0
10661	2016	12	1	1375	1375	1375	0	0	0	0	0	0	0	0	0	0	0	0
10662	2016	13	1	1376	1376	1376	0	0	0	0	0	0	0	0	0	0	0	0
10663	2016	14	1	1377	1377	1377	0	0	0	0	0	0	0	0	0	0	0	0
10664	2016	15	1	1378	1378	1378	0	0	0	0	0	0	0	0	0	0	0	0
10665	2016	16	1	1379	1379	1379	0	0	0	0	0	0	0	0	0	0	0	0
10666	2016	17	1	1380	1380	1380	0	0	0	0	0	0	0	0	0	0	0	0
10667	2016	18	1	1381	1381	1381	0	0	0	0	0	0	0	0	0	0	0	0
10668	2016	19	1	1382	1382	1382	0	0	0	0	0	0	0	0	0	0	0	0
10669	2016	20	1	1383	1383	1383	0	0	0	0	0	0	0	0	0	0	0	0
10670	2016	21	1	1384	1384	1384	0	0	0	0	0	0	0	0	0	0	0	0
10671	2016	22	1	1385	1385	1385	0	0	0	0	0	0	0	0	0	0	0	0
10672	2016	23	1	1386	1386	1386	0	0	0	0	0	0	0	0	0	0	0	0
10673	2016	24	1	1387	1387	1387	0	0	0	0	0	0	0	0	0	0	0	0
10674	2016	25	1	1388	1388	1388	0	0	0	0	0	0	0	0	0	0	0	0
10675	2016	26	1	0	0	0	0	0	0	0	0	0	0	0	0	0	0	0
10676	2016	27	1	1373	1373	1373	1372	1	1372	1	0	0	0	0	0	0	0	0
10677	2016	28	1	1369	1369	1369	1360	2	1370	1	1360	1	0	0	0	0	0	0
10700	2017	1	1	1399	0	0	1390	2	1398	2	0	0	0	0	0	0	0	0
10701	2017	2	1	1393	0	0	1394	2	0	0	0	0	0	0	0	0	0	0
10702	2017	3	1	1394	0	0	1393	2	0	0	0	0	0	0	0	0	0	0
10703	2017	4	1	1398	0	0	1400	2	0	0	0	0	0	0	0	0	0	0
10704	2017	5	1	1395	0	0	1390	2	1399	2	0	0	0	0	0	0	0	0
10705	2017	6	1	1396	0	0	1395	2	0	0	1390	2	0	0	0	0	0	0
10706	2017	7	1	1396	0	0	1400	1	1399	1	0	0	0	0	0	0	0	0
10707	2017	8	1	1402	0	0	0	0	0	0	0	0	0	0	0	0	0	0
10708	2017	9	1	1401	0	0	1400	1	1400	1	0	0	0	0	0	0	0	0
10709	2017	10	1	1399	0	0	0	0	0	0	0	0	0	0	0	0	0	0
10710	2017	11	1	1397	0	0	1390	1	1398	1	1390	1	0	0	0	0	0	0
10711	2017	12	1	1403	0	0	0	0	0	0	0	0	0	0	0	0	0	0
10712	2017	13	1	1404	0	0	0	0	0	0	0	0	0	0	0	0	0	0
10713	2017	27	11	1793	1790	0	1794	1	1792	1	1797	1	1791	1	0	0	0	0
10714	2017	28	11	1792	1791	0	1795	1	1790	1	1796	1	1793	1	0	0	0	0
10750	2018	1	99	999	999	999	0	0	0	0	0	0	0	0	0	0	0	0
10751	2018	2	99	999	999	999	0	0	0	0	0	0	0	0	0	0	0	0
10752	2018	3	99	999	999	999	0	0	0	0	0	0	0	0	0	0	0	0
10753	2018	4	99	999	999	999	0	0	0	0	0	0	0	0	0	0	0	0
10754	2018	5	99	999	999	999	0	0	0	0	0	0	0	0	0	0	0	0
10755	2018	6	99	999	999	999	0	0	0	0	0	0	0	0	0	0	0	0
10756	2018	7	99	999	999	999	0	0	0	0	0	0	0	0	0	0	0	0
10757	2018	8	99	999	999	999	0	0	0	0	0	0	0	0	0	0	0	0
10758	2018	9	99	999	999	999	0	0	0	0	0	0	0	0	0	0	0	0
10759	2018	10	99	999	999	999	0	0	0	0	0	0	0	0	0	0	0	0
10760	2018	11	99	999	999	999	0	0	0	0	0	0	0	0	0	0	0	0
10761	2018	12	99	999	999	999	0	0	0	0	0	0	0	0	0	0	0	0
10762	2018	13	99	999	999	999	0	0	0	0	0	0	0	0	0	0	0	0
10800	2020	1	1	1452	1452	1452	1451	1	1450	1	0	0	0	0	0	0	0	0
10801	2020	2	1	1455	1455	1455	1461	1	1466	1	1463	1	0	0	0	0	0	0
10802	2020	3	1	1468	1468	1468	1467	2	1464	1	0	0	0	0	0	0	0	0
10803	2020	4	1	1454	1454	1454	1465	1	1464	2	0	0	0	0	0	0	0	0
10804	2020	5	1	1470	1470	1470	1457	1	1458	2	0	0	0	0	0	0	0	0
10805	2020	6	1	1470	1470	1470	1462	2	1458	1	0	0	0	0	0	0	0	0
10806	2020	7	1	1470	1470	1470	1470	1	1457	1	1462	1	0	0	0	0	0	0
10807	2020	8	1	1469	1469	1469	1470	2	0	0	0	0	0	0	0	0	0	0
10808	2020	9	1	1459	1459	1459	1460	2	0	0	0	0	0	0	0	0	0	0
10809	2020	10	1	1471	1471	1471	0	0	0	0	0	0	0	0	0	0	0	0
10810	2020	11	1	1472	1472	1472	0	0	0	0	0	0	0	0	0	0	0	0
10811	2020	12	1	1473	1473	1473	0	0	0	0	0	0	0	0	0	0	0	0
10812	2020	14	1	1474	1474	1474	0	0	0	0	0	0	0	0	0	0	0	0
10813	2020	15	1	1475	1475	1475	0	0	0	0	0	0	0	0	0	0	0	0
10814	2020	16	1	1477	1477	1477	0	0	0	0	0	0	0	0	0	0	0	0
10815	2020	17	1	1478	1478	1478	0	0	0	0	0	0	0	0	0	0	0	0
10816	2020	18	1	1479	1479	1479	0	0	0	0	0	0	0	0	0	0	0	0
10817	2020	19	1	1480	1480	1480	0	0	0	0	0	0	0	0	0	0	0	0
10818	2020	20	1	1481	1481	1481	0	0	0	0	0	0	0	0	0	0	0	0
10819	2020	21	1	1482	1482	1482	0	0	0	0	0	0	0	0	0	0	0	0
10820	2020	22	1	1483	1483	1483	0	0	0	0	0	0	0	0	0	0	0	0
10821	2020	23	1	1484	1484	1484	0	0	0	0	0	0	0	0	0	0	0	0
10822	2020	24	1	1485	1485	1485	0	0	0	0	0	0	0	0	0	0	0	0
10823	2020	25	1	1486	1486	1486	0	0	0	0	0	0	0	0	0	0	0	0
10824	2020	26	1	1487	1487	1487	0	0	0	0	0	0	0	0	0	0	0	0
10825	2020	27	1	1488	1488	1488	0	0	0	0	0	0	0	0	0	0	0	0
10826	2020	28	1	1489	0	0	0	0	0	0	0	0	0	0	0	0	0	0
10827	2020	29	1	1490	0	0	0	0	0	0	0	0	0	0	0	0	0	0
10850	2021	1	1	1493	0	0	1492	1	1491	1	0	0	0	0	0	0	0	0
10851	2021	2	1	1495	0	0	1500	1	1505	1	1502	1	0	0	0	0	0	0
10852	2021	3	1	1507	0	0	1506	2	1503	1	0	0	0	0	0	0	0	0
10853	2021	4	1	1494	0	0	1504	1	1503	2	0	0	0	0	0	0	0	0
10854	2021	5	1	1509	0	0	1496	1	1497	2	0	0	0	0	0	0	0	0
10855	2021	6	1	1509	0	0	1501	2	1497	1	0	0	0	0	0	0	0	0
10856	2021	7	1	1509	0	0	1509	1	1496	1	1501	1	0	0	0	0	0	0
10857	2021	8	1	1508	0	0	1509	2	0	0	0	0	0	0	0	0	0	0
10858	2021	9	1	1498	0	0	1499	2	0	0	0	0	0	0	0	0	0	0
10859	2021	10	1	1510	0	0	0	0	0	0	0	0	0	0	0	0	0	0
10860	2021	11	1	1511	0	0	0	0	0	0	0	0	0	0	0	0	0	0
10861	2021	12	1	1512	0	0	0	0	0	0	0	0	0	0	0	0	0	0
10862	2021	13	1	1509	0	0	0	0	0	0	0	0	0	0	0	0	0	0
10863	2021	14	1	1513	0	0	0	0	0	0	0	0	0	0	0	0	0	0
10864	2021	15	1	1514	0	0	0	0	0	0	0	0	0	0	0	0	0	0
10865	2021	28	11	1792	1791	0	1795	1	1790	1	1796	1	1793	1	0	0	0	0
10866	2021	29	11	1793	1790	0	1794	1	1792	1	1797	1	1791	1	0	0	0	0
10900	2022	1	99	999	999	999	0	0	0	0	0	0	0	0	0	0	0	0
10950	2023	1	1	1602	0	0	1602	1	0	0	0	0	0	0	0	0	0	0
10951	2023	2	1	1607	0	0	0	0	0	0	0	0	0	0	0	0	0	0
10952	2023	3	1	1601	0	0	1601	0	0	0	0	0	0	0	0	0	0	0
10953	2023	4	1	1600	0	0	0	0	0	0	0	0	0	0	0	0	0	0
10954	2023	5	1	1604	0	0	1601	2	0	0	0	0	0	0	0	0	0	0
10955	2023	6	1	1605	0	0	1605	1	0	0	0	0	0	0	0	0	0	0
10956	2023	7	1	1608	0	0	0	0	0	0	0	0	0	0	0	0	0	0
10957	2023	8	1	1610	0	0	1610	1	0	0	0	0	0	0	0	0	0	0
10958	2023	9	1	1606	0	0	1610	2	0	0	0	0	0	0	0	0	0	0
10959	2023	10	1	1603	0	0	1603	1	0	0	0	0	0	0	0	0	0	0
10960	2023	11	1	1610	0	0	1600	1	0	0	0	0	0	0	0	0	0	0
10961	2023	12	1	1609	0	0	0	0	0	0	0	0	0	0	0	0	0	0
10962	2023	13	1	1612	0	0	0	0	0	0	0	0	0	0	0	0	0	0
10963	2023	14	1	1611	0	0	0	0	0	0	0	0	0	0	0	0	0	0
10964	2023	15	1	1613	0	0	0	0	0	0	0	0	0	0	0	0	0	0
10965	2023	16	1	1614	0	0	0	0	0	0	0	0	0	0	0	0	0	0
10966	2023	17	1	1604	0	0	1601	2	0	0	0	0	0	0	0	0	0	0
10967	2023	18	1	1606	0	0	1610	2	0	0	0	0	0	0	0	0	0	0
11200	2026	1	1	1692	0	1692	3	0	0	0	0	0	0	0	0	0	0	0
11201	2026	2	1	1693	0	0	0	0	0	0	0	0	0	0	0	0	0	0
11202	2026	3	1	1694	0	1694	3	0	0	0	0	0	0	0	0	0	0	0
11203	2026	4	1	1695	0	0	0	0	0	0	0	0	0	0	0	0	0	0
11204	2026	5	1	0	0	0	0	0	0	0	0	0	0	0	0	0	0	0
11205	2026	6	1	0	0	0	0	0	0	0	0	0	0	0	0	0	0	0
11206	2026	7	1	0	0	0	0	0	0	0	0	0	0	0	0	0	0	0
11207	2026	8	1	0	0	0	0	0	0	0	0	0	0	0	0	0	0	0
11208	2026	9	1	0	0	0	0	0	0	0	0	0	0	0	0	0	0	0
11209	2026	10	1	1696	0	0	0	0	0	0	0	0	0	0	0	0	0	0
11210	2026	11	1	0	0	0	0	0	0	0	0	0	0	0	0	0	0	0
11211	2026	12	1	0	0	0	0	0	0	0	0	0	0	0	0	0	0	0
11212	2026	13	1	0	0	0	0	0	0	0	0	0	0	0	0	0	0	0
11213	2026	14	1	0	0	0	0	0	0	0	0	0	0	0	0	0	0	0
11214	2026	15	1	0	0	0	0	0	0	0	0	0	0	0	0	0	0	0
11215	2026	16	1	0	0	0	0	0	0	0	0	0	0	0	0	0	0	0
11216	2026	17	1	0	0	0	0	0	0	0	0	0	0	0	0	0	0	0
11217	2026	18	1	0	0	0	0	0	0	0	0	0	0	0	0	0	0	0
11218	2026	19	1	1690	0	0	0	0	0	0	0	0	0	0	0	0	0	0
11219	2026	20	1	0	0	0	0	0	0	0	0	0	0	0	0	0	0	0
11220	2026	21	1	0	0	0	0	0	0	0	0	0	0	0	0	0	0	0
11221	2026	22	1	1691	1691	1691	0	0	0	0	0	0	0	0	0	0	0	0
11222	2026	23	1	0	0	0	0	0	0	0	0	0	0	0	0	0	0	0
11300	2027	1	1	0	0	0	0	0	0	0	0	0	0	0	0	0	0	0
11301	2027	2	1	1742	0	0	0	0	0	0	0	0	0	0	0	0	0	0
11302	2027	3	1	1743	0	0	1743	1	0	0	0	0	0	0	0	0	0	0
11303	2027	4	1	1743	0	0	1743	3	0	0	0	0	0	0	0	0	0	0
11304	2027	5	1	1744	0	0	0	0	0	0	0	0	0	0	0	0	0	0
11305	2027	6	1	1745	0	0	1745	1	0	0	0	0	0	0	0	0	0	0
11306	2027	7	1	1745	0	0	1745	2	0	0	0	0	0	0	0	0	0	0
11307	2027	8	1	1746	0	0	0	0	0	0	0	0	0	0	0	0	0	0
11308	2027	9	1	1747	0	0	1747	2	0	0	0	0	0	0	0	0	0	0
11309	2027	10	1	1747	0	0	1747	3	0	0	0	0	0	0	0	0	0	0
11310	2027	11	1	1748	0	0	0	0	0	0	0	0	0	0	0	0	0	0
11311	2027	12	1	1749	0	0	1749	2	0	0	0	0	0	0	0	0	0	0
11312	2027	13	1	1749	0	0	1749	3	0	0	0	0	0	0	0	0	0	0
11313	2027	14	1	1750	0	0	0	0	0	0	0	0	0	0	0	0	0	0
11314	2027	15	1	1751	0	0	1751	3	0	0	0	0	0	0	0	0	0	0
11315	2027	16	1	1752	0	0	0	0	0	0	0	0	0	0	0	0	0	0
11316	2027	17	1	1753	0	0	1753	3	0	0	0	0	0	0	0	0	0	0
11317	2027	18	1	1754	0	0	0	0	0	0	0	0	0	0	0	0	0	0
11318	2027	19	1	1755	0	0	1755	2	0	0	0	0	0	0	0	0	0	0
11319	2027	20	1	1755	0	0	1755	3	0	0	0	0	0	0	0	0	0	0
11320	2027	21	1	1756	0	0	0	0	0	0	0	0	0	0	0	0	0	0
11321	2027	22	1	1757	0	0	1757	3	0	0	0	0	0	0	0	0	0	0
11322	2027	23	1	1754	0	0	1755	2	1749	2	0	0	0	0	0	0	0	0
11350	2024	1	1	1762	0	0	1762	1	0	0	0	0	0	0	0	0	0	0
11351	2024	2	1	1767	0	0	0	0	0	0	0	0	0	0	0	0	0	0
11352	2024	3	1	1761	0	0	1761	0	0	0	0	0	0	0	0	0	0	0
11353	2024	4	1	1760	0	0	0	0	0	0	0	0	0	0	0	0	0	0
11354	2024	5	1	1764	0	0	1761	2	0	0	0	0	0	0	0	0	0	0
11355	2024	6	1	1765	0	0	1765	1	0	0	0	0	0	0	0	0	0	0
11356	2024	7	1	1768	0	0	0	0	0	0	0	0	0	0	0	0	0	0
11357	2024	8	1	1770	0	0	1770	1	0	0	0	0	0	0	0	0	0	0
11358	2024	9	1	1766	0	0	1770	2	0	0	0	0	0	0	0	0	0	0
11359	2024	10	1	1763	0	0	1763	1	0	0	0	0	0	0	0	0	0	0
11360	2024	11	1	1770	0	0	1760	1	0	0	0	0	0	0	0	0	0	0
11361	2024	12	1	1769	0	0	0	0	0	0	0	0	0	0	0	0	0	0
11362	2024	13	1	1772	0	0	0	0	0	0	0	0	0	0	0	0	0	0
11363	2024	14	1	1771	0	0	0	0	0	0	0	0	0	0	0	0	0	0
11364	2024	15	1	1773	0	0	0	0	0	0	0	0	0	0	0	0	0	0
11365	2024	16	1	1774	0	0	0	0	0	0	0	0	0	0	0	0	0	0
11366	2024	17	11	1872	1871	0	1875	1	1870	1	1876	1	1873	1	0	0	0	0
11367	2024	18	11	1873	1870	0	1874	1	1872	1	1877	1	1871	1	0	0	0	0
11400	2032	1	1	0	0	0	0	0	0	0	0	0	0	0	0	0	0	0
11401	2032	2	1	1880	1880	1880	1880	1	0	0	0	0	0	0	0	0	0	0
11402	2032	3	1	1881	1881	1881	1880	1	0	0	0	0	0	0	0	0	0	0
11403	2032	4	1	1881	1881	1881	1881	1	0	0	0	0	0	0	0	0	0	0
11404	2032	5	1	1881	1881	1881	1885	1	0	0	0	0	0	0	0	0	0	0
11405	2032	6	1	1882	1882	1882	1885	1	0	0	0	0	0	0	0	0	0	0
11406	2032	7	1	1882	1882	1882	1885	1	1882	1	0	0	0	0	0	0	0	0
11407	2032	8	1	1884	1884	1884	1885	1	1882	1	0	0	0	0	0	0	0	0
11408	2032	9	1	1889	1889	1889	1889	1	1889	1	0	0	0	0	0	0	0	0
11409	2032	10	1	1887	1887	1887	1889	1	1889	1	0	0	0	0	0	0	0	0
11410	2032	11	1	1887	1887	1887	1896	1	1887	1	0	0	0	0	0	0	0	0
11411	2032	12	1	1887	1887	1887	1896	1	1896	1	0	0	0	0	0	0	0	0
11412	2032	13	1	1887	1887	1887	1896	1	1897	1	0	0	0	0	0	0	0	0
11413	2032	14	1	1891	1891	1891	1897	2	1896	1	0	0	0	0	0	0	0	0
11414	2032	15	1	1862	1864	0	1865	1	1860	1	1866	1	1863	1	1861	1	0	0
11415	2032	16	1	1895	1895	1895	1886	1	1882	2	0	0	0	0	0	0	0	0
11416	2032	17	1	1895	1895	1895	1886	2	1882	1	0	0	0	0	0	0	0	0
11417	2032	18	1	1895	1895	1895	1886	1	1892	2	0	0	0	0	0	0	0	0
11418	2032	19	1	1890	1890	1890	1893	2	1892	1	0	0	0	0	0	0	0	0
11419	2032	20	1	1890	1890	1890	1893	1	1883	2	0	0	0	0	0	0	0	0
11420	2032	21	1	1883	1883	1883	1892	2	0	0	0	0	0	0	0	0	0	0
11421	2032	22	1	1894	1894	1894	1893	2	1888	1	0	0	0	0	0	0	0	0
20000	585	1	1	2032	0	0	2032	2	0	0	0	0	0	0	0	0	0	0
20001	585	2	1	2036	0	0	2036	2	0	0	0	0	0	0	0	0	0	0
20002	585	3	1	2059	0	0	2070	2	0	0	0	0	0	0	0	0	0	0
20003	585	4	1	2042	0	0	2042	3	0	0	0	0	0	0	0	0	0	0
20004	585	5	1	2056	0	0	2070	1	0	0	0	0	0	0	0	0	0	0
20005	585	6	1	2075	2162	0	2042	3	2059	2	0	0	0	0	0	0	0	0
20006	585	7	1	1112	0	0	0	0	0	0	0	0	0	0	0	0	0	0
20050	586	1	1	2067	0	0	2067	2	0	0	0	0	0	0	0	0	0	0
20051	586	2	1	2058	0	0	2058	2	0	0	0	0	0	0	0	0	0	0
20052	586	3	1	2157	0	0	2154	2	0	0	0	0	0	0	0	0	0	0
20053	586	4	1	2852	0	0	2157	3	0	0	0	0	0	0	0	0	0	0
20054	586	5	1	2151	0	0	2154	4	0	0	0	0	0	0	0	0	0	0
20055	586	6	1	2148	0	0	2144	2	2136	2	0	0	0	0	0	0	0	0
20056	256	7	1	1112	0	0	0	0	0	0	0	0	0	0	0	0	0	0
20100	587	1	1	2303	0	0	2299	3	0	0	0	0	0	0	0	0	0	0
20101	587	2	1	2303	0	0	2270	3	0	0	0	0	0	0	0	0	0	0
20102	587	3	1	2323	0	0	2320	3	0	0	0	0	0	0	0	0	0	0
20103	587	4	1	2320	0	0	2317	2	0	0	0	0	0	0	0	0	0	0
20104	587	5	1	2008	0	0	2004	3	0	0	0	0	0	0	0	0	0	0
20105	587	6	1	2869	0	0	2004	1	2008	2	0	0	0	0	0	0	0	0
20140	9990	9990	1	6003	31	31	0	0	0	0	0	0	0	0	0	0	0	0
20141	9990	9990	1	6004	1015	1015	0	0	0	0	0	0	0	0	0	0	0	0
20142	9990	9990	1	6005	1631	1631	0	0	0	0	0	0	0	0	0	0	0	0
20143	9990	9990	1	6006	1634	1635	0	0	0	0	0	0	0	0	0	0	0	0
20144	9990	9990	1	6007	1749	1749	0	0	0	0	0	0	0	0	0	0	0	0
20145	9990	9990	1	6001	1576	1581	0	0	0	0	0	0	0	0	0	0	0	0
20150	588	1	1	2320	0	0	2317	3	0	0	0	0	0	0	0	0	0	0
20151	588	2	1	2243	0	0	2299	3	0	0	0	0	0	0	0	0	0	0
20152	588	3	1	2317	2320	0	2317	3	0	0	0	0	0	0	0	0	0	0
20153	588	4	1	2326	0	0	2326	3	0	0	0	0	0	0	0	0	0	0
20154	588	5	1	2869	0	0	2326	3	0	0	0	0	0	0	0	0	0	0
20155	588	6	1	2314	0	0	2317	2	0	0	0	0	0	0	0	0	0	0
20200	589	1	1	2300	0	0	2300	2	0	0	0	0	0	0	0	0	0	0
20201	589	2	1	2291	0	0	2300	2	0	0	0	0	0	0	0	0	0	0
20202	589	3	1	2304	0	0	2304	1	2300	1	2300	1	0	0	0	0	0	0
20203	589	4	1	2294	0	0	2300	3	0	0	0	0	0	0	0	0	0	0
20204	589	5	1	2294	0	0	2291	3	0	0	0	0	0	0	0	0	0	0
20205	589	6	1	2312	2297	0	2294	1	2291	1	0	0	0	0	0	0	0	0
20250	590	1	1	2246	2275	2244	2244	1	0	0	0	0	0	0	0	0	0	0
20251	590	2	1	2277	2275	2236	2275	1	0	0	0	0	0	0	0	0	0	0
20252	590	3	1	2236	2222	2222	2236	1	0	0	0	0	0	0	0	0	0	0
20253	590	4	1	0	2222	2205	2205	1	0	0	0	0	0	0	0	0	0	0
20254	590	5	1	2226	2222	2222	2222	1	0	0	0	0	0	0	0	0	0	0
20255	590	6	1	2224	2271	2271	2226	1	2222	1	0	0	0	0	0	0	0	0
20300	591	1	1	2300	2300	2302	2300	1	2261	1	0	0	0	0	0	0	0	0
20301	591	2	1	2300	2300	2236	2300	1	2236	1	0	0	0	0	0	0	0	0
20302	591	3	1	2302	2236	2300	2265	1	2300	1	2236	1	0	0	0	0	0	0
20303	591	4	1	2263	2265	2261	2265	1	2222	1	2261	1	0	0	0	0	0	0
20304	591	5	1	2226	2222	2238	2265	1	2236	1	2222	1	0	0	0	0	0	0
20305	591	6	1	2226	2226	2224	2226	1	2261	1	2300	1	0	0	0	0	0	0
20306	591	7	1	2310	2310	2310	2309	1	2309	1	2309	1	0	0	0	0	0	0
20350	592	1	1	2246	2276	2245	2243	1	2276	1	0	0	0	0	0	0	0	0
20351	592	2	1	2277	2276	2237	2276	1	2237	1	0	0	0	0	0	0	0	0
20352	592	3	1	2237	2223	2223	2237	1	2223	1	0	0	0	0	0	0	0	0
20353	592	4	1	2207	2223	2206	2206	1	2223	1	0	0	0	0	0	0	0	0
20354	592	5	1	2227	2223	2223	2223	1	2272	2	0	0	0	0	0	0	0	0
20355	592	6	1	2224	2272	2272	2227	2	2223	1	2272	1	0	0	0	0	0	0
20400	593	1	1	2301	2301	2302	2301	1	2262	1	0	0	0	0	0	0	0	0
20401	593	2	1	2301	2301	2237	2301	1	2237	1	0	0	0	0	0	0	0	0
20402	593	3	1	2238	2237	2301	2266	1	2301	1	2237	1	0	0	0	0	0	0
20403	593	4	1	2263	2266	2262	2266	1	2223	1	2262	1	0	0	0	0	0	0
20404	593	5	1	2227	2223	2238	2266	1	2237	1	2223	1	0	0	0	0	0	0
20405	593	6	1	2227	2227	2224	2227	1	2262	1	2301	2	0	0	0	0	0	0
20440	9990	999	1	6009	1608	1608	0	0	0	0	0	0	0	0	0	0	0	0
20441	9990	999	1	6010	1663	1663	0	0	0	0	0	0	0	0	0	0	0	0
20442	9990	999	1	6011	1099	1099	0	0	0	0	0	0	0	0	0	0	0	0
20443	9990	999	1	6002	1600	1600	0	0	0	0	0	0	0	0	0	0	0	0
20444	9990	999	1	6012	1190	1190	0	0	0	0	0	0	0	0	0	0	0	0
20445	9990	999	1	6013	3426	3426	0	0	0	0	0	0	0	0	0	0	0	0
20446	9990	999	1	6014	1272	1272	0	0	0	0	0	0	0	0	0	0	0	0
20447	9990	999	1	6015	3456	3456	0	0	0	0	0	0	0	0	0	0	0	0
20450	594	1	1	2413	2407	2432	2407	1	2428	1	0	0	0	0	0	0	0	0
20451	594	2	1	2439	2428	2436	2436	1	2428	1	0	0	0	0	0	0	0	0
20452	594	3	1	2431	2436	2407	2407	1	2436	1	0	0	0	0	0	0	0	0
20453	594	4	1	2421	2428	2421	2421	1	2428	1	0	0	0	0	0	0	0	0
20454	594	5	1	2424	2421	2421	2421	1	2463	1	2480	1	0	0	0	0	0	0
20455	594	6	1	2427	2407	2410	2424	2	2463	1	2407	1	0	0	0	0	0	0
20500	595	1	1	2400	2414	2414	2400	1	2400	1	0	0	0	0	0	0	0	0
20501	595	2	1	2400	2400	2406	2400	1	2432	1	0	0	0	0	0	0	0	0
20502	595	3	1	2414	2414	2432	2414	1	2432	1	0	0	0	0	0	0	0	0
20503	595	4	1	2414	2414	2420	2414	1	2448	1	0	0	0	0	0	0	0	0
20504	595	5	1	2400	2400	2403	2448	1	2451	1	2400	1	0	0	0	0	0	0
20505	595	6	1	2400	2403	2403	2403	1	2448	2	2451	1	0	0	0	0	0	0
20550	596	1	1	2408	2408	2413	2408	1	2429	1	0	0	0	0	0	0	0	0
20551	596	2	1	2429	2437	0	2429	1	2437	1	0	0	0	0	0	0	0	0
20552	596	3	1	2445	2437	2439	2445	1	2437	1	0	0	0	0	0	0	0	0
20553	596	4	1	2472	2472	2445	2445	1	2481	1	0	0	0	0	0	0	0	0
20554	596	5	1	2472	2472	2464	2472	1	2464	1	2481	1	0	0	0	0	0	0
20555	596	6	1	2472	2472	2445	2404	2	2445	1	2472	1	0	0	0	0	0	0
20600	597	1	1	2493	2493	2495	2493	1	2512	1	0	0	0	0	0	0	0	0
20601	597	2	1	2512	2512	2514	2512	1	2493	1	0	0	0	0	0	0	0	0
20602	597	3	1	2415	2415	2433	2433	1	2415	1	0	0	0	0	0	0	0	0
20603	597	4	1	2415	2415	2420	2415	1	2449	1	0	0	0	0	0	0	0	0
20604	597	5	1	2415	2418	2449	2415	1	2449	2	0	0	0	0	0	0	0	0
20605	597	6	1	2449	2415	2415	2418	1	2415	1	2449	2	0	0	0	0	0	0
20650	598	1	1	2409	2465	2466	2409	1	2465	1	0	0	0	0	0	0	0	0
20651	598	2	1	2476	2465	2465	2465	1	2476	1	0	0	0	0	0	0	0	0
20652	598	3	1	2409	2412	2409	2476	1	2488	1	2409	1	0	0	0	0	0	0
20653	598	4	1	2488	2476	2465	2476	1	2488	1	2465	1	0	0	0	0	0	0
20654	598	5	1	2476	2476	2479	2488	1	2473	2	0	0	0	0	0	0	0	0
20655	598	6	1	2405	2491	2479	2488	2	2476	1	2473	1	0	0	0	0	0	0
20700	599	1	1	2450	2416	0	2450	1	2416	1	0	0	0	0	0	0	0	0
20701	599	2	1	2507	2501	0	2450	1	2498	1	0	0	0	0	0	0	0	0
20702	599	3	1	2507	2459	2459	2453	1	2498	1	0	0	0	0	0	0	0	0
20703	599	4	1	2507	2501	0	2459	1	2498	1	0	0	0	0	0	0	0	0
20704	599	5	1	2462	2504	2510	2507	1	2459	1	2501	1	0	0	0	0	0	0
20705	599	6	1	2459	2507	2501	2510	1	2462	1	2498	2	0	0	0	0	0	0
20706	9990	999	1	6016	2459	2498	0	0	0	0	0	0	0	0	0	0	0	0
20707	9990	999	1	6017	2506	2504	0	0	0	0	0	0	0	0	0	0	0	0
20750	600	1	1	2678	0	0	2619	1	2678	1	0	0	0	0	0	0	0	0
20751	600	2	1	2632	2678	2678	2619	1	2678	1	0	0	0	0	0	0	0	0
20752	600	3	1	2632	0	0	2678	1	2632	1	2619	1	0	0	0	0	0	0
20753	600	4	1	2689	0	0	2632	1	2623	2	0	0	0	0	0	0	0	0
20754	600	5	1	2706	0	0	2623	2	2689	1	0	0	0	0	0	0	0	0
20755	600	6	1	2712	0	0	2623	2	2706	2	0	0	0	0	0	0	0	0
20800	601	1	1	2670	0	0	2699	1	2670	1	0	0	0	0	0	0	0	0
20801	601	2	1	2670	2689	2689	2699	1	2670	1	0	0	0	0	0	0	0	0
20802	601	3	1	2689	0	0	2670	1	2689	1	0	0	0	0	0	0	0	0
20803	601	4	1	2699	0	0	2699	2	2626	1	0	0	0	0	0	0	0	0
20804	601	5	1	2703	0	0	2699	2	2626	1	0	0	0	0	0	0	0	0
20805	601	6	1	2715	0	0	2703	2	2626	2	0	0	0	0	0	0	0	0
20850	603	1	1	2675	0	0	2675	1	2679	1	0	0	0	0	0	0	0	0
20851	603	2	1	2675	0	0	2679	1	2675	1	0	0	0	0	0	0	0	0
20852	603	3	1	2613	0	0	2679	1	2690	1	0	0	0	0	0	0	0	0
20853	603	4	1	2613	0	0	2613	1	2690	2	0	0	0	0	0	0	0	0
20854	603	5	1	2613	2679	0	2613	1	2679	2	0	0	0	0	0	0	0	0
20855	603	6	1	2683	0	0	2679	2	2675	2	0	0	0	0	0	0	0	0
20900	604	1	1	2696	0	0	2696	1	2627	1	0	0	0	0	0	0	0	0
20901	604	2	1	2627	0	0	2696	1	2627	1	0	0	0	0	0	0	0	0
20902	604	3	1	2657	0	0	2690	1	2627	1	0	0	0	0	0	0	0	0
20903	604	4	1	2707	0	0	2657	1	2627	1	0	0	0	0	0	0	0	0
20904	604	5	1	2707	0	0	2707	1	2657	1	2627	1	0	0	0	0	0	0
20905	604	6	1	2710	0	0	2707	1	2627	1	2657	1	0	0	0	0	0	0
20950	605	1	1	2613	0	0	2620	1	0	0	0	0	0	0	0	0	0	0
20951	605	2	1	2613	0	0	2620	1	2613	1	0	0	0	0	0	0	0	0
20952	605	3	1	2671	0	0	2620	1	2671	1	0	0	0	0	0	0	0	0
20953	605	4	1	2671	0	0	2671	1	2690	1	0	0	0	0	0	0	0	0
20954	605	5	1	2690	0	0	2671	1	2679	2	0	0	0	0	0	0	0	0
20955	605	6	1	2686	0	0	2679	2	2671	2	0	0	0	0	0	0	0	0
21000	606	1	1	2672	0	0	2701	1	2672	1	0	0	0	0	0	0	0	0
21001	606	2	1	2672	2691	2691	2701	1	2672	1	0	0	0	0	0	0	0	0
21002	606	3	1	2691	0	0	2672	1	2691	1	0	0	0	0	0	0	0	0
21003	606	4	1	2701	0	0	2701	1	2628	2	0	0	0	0	0	0	0	0
21004	606	5	1	2705	0	0	2701	1	2628	2	0	0	0	0	0	0	0	0
21005	606	6	1	2717	0	0	2705	2	2628	2	0	0	0	0	0	0	0	0
21050	607	1	1	2676	0	0	2676	1	0	0	0	0	0	0	0	0	0	0
21051	607	2	1	2676	0	0	2680	1	0	0	0	0	0	0	0	0	0	0
21052	607	3	1	2614	0	0	2680	1	0	0	0	0	0	0	0	0	0	0
21053	607	4	1	2614	0	0	2614	1	0	0	0	0	0	0	0	0	0	0
21054	607	5	1	2614	2680	0	2614	1	0	0	0	0	0	0	0	0	0	0
21055	607	6	1	2684	0	0	2680	1	2676	1	0	0	0	0	0	0	0	0
21056	607	7	1	1376	0	0	0	0	0	0	0	0	0	0	0	0	0	0
21100	608	1	1	2680	0	0	2621	2	2680	1	0	0	0	0	0	0	0	0
21101	608	2	1	2634	2680	2680	2621	2	2680	2	0	0	0	0	0	0	0	0
21102	608	3	1	2634	0	0	2680	2	2634	1	2621	1	0	0	0	0	0	0
21103	608	4	1	2691	0	0	2634	2	2625	2	0	0	0	0	0	0	0	0
21104	608	5	1	2708	0	0	2625	3	2691	2	0	0	0	0	0	0	0	0
21105	608	6	1	2714	0	0	2625	3	2708	2	0	0	0	0	0	0	0	0
21150	609	1	1	1630	0	0	0	0	0	0	0	0	0	0	0	0	0	0
21151	609	2	1	1631	0	0	0	0	0	0	0	0	0	0	0	0	0	0
21152	609	3	1	1632	0	0	1632	3	0	0	0	0	0	0	0	0	0	0
21153	609	4	1	1633	0	0	0	0	0	0	0	0	0	0	0	0	0	0
21154	609	5	1	1634	0	0	1634	3	0	0	0	0	0	0	0	0	0	0
21155	609	6	1	1635	0	0	0	0	0	0	0	0	0	0	0	0	0	0
21156	609	7	1	2162	0	0	0	0	0	0	0	0	0	0	0	0	0	0
21157	609	8	1	1636	0	0	0	0	0	0	0	0	0	0	0	0	0	0
21158	609	9	1	1637	0	0	0	0	0	0	0	0	0	0	0	0	0	0
21200	610	1	1	1660	0	0	0	0	0	0	0	0	0	0	0	0	0	0
21201	610	2	1	1661	0	0	0	0	0	0	0	0	0	0	0	0	0	0
21202	610	3	1	1662	0	0	1662	3	0	0	0	0	0	0	0	0	0	0
21203	610	4	1	1663	0	0	0	0	0	0	0	0	0	0	0	0	0	0
21204	610	5	1	1664	0	0	1664	3	0	0	0	0	0	0	0	0	0	0
21205	610	6	1	1665	0	0	0	0	0	0	0	0	0	0	0	0	0	0
21206	610	8	1	1666	0	0	0	0	0	0	0	0	0	0	0	0	0	0
21207	610	9	1	1667	0	0	0	0	0	0	0	0	0	0	0	0	0	0
25000	502	1	1	2032	0	0	0	0	0	0	0	0	0	0	0	0	0	0
25001	502	2	1	2026	0	0	2026	1	0	0	0	0	0	0	0	0	0	0
25002	502	3	1	2042	0	0	0	0	0	0	0	0	0	0	0	0	0	0
25003	502	4	1	2002	0	0	2002	1	0	0	0	0	0	0	0	0	0	0
25004	502	5	1	2840	0	0	2002	2	0	0	0	0	0	0	0	0	0	0
25020	503	1	1	2823	0	0	0	0	0	0	0	0	0	0	0	0	0	0
25021	503	2	1	2814	0	0	2814	1	0	0	0	0	0	0	0	0	0	0
25022	503	3	1	2818	0	0	0	0	0	0	0	0	0	0	0	0	0	0
25023	503	4	1	2807	0	0	2818	1	0	0	0	0	0	0	0	0	0	0
25024	503	5	1	2836	0	0	2836	2	0	0	0	0	0	0	0	0	0	0
25025	503	6	1	2873	0	0	0	0	0	0	0	0	0	0	0	0	0	0
25040	504	1	1	2026	0	0	2026	1	0	0	0	0	0	0	0	0	0	0
25041	504	2	1	2042	0	0	0	0	0	0	0	0	0	0	0	0	0	0
25042	504	3	1	2042	0	0	0	0	0	0	0	0	0	0	0	0	0	0
25043	504	4	1	2840	0	0	0	0	0	0	0	0	0	0	0	0	0	0
25044	504	5	1	2075	0	0	2840	2	0	0	0	0	0	0	0	0	0	0
25060	505	1	1	2055	0	0	0	0	0	0	0	0	0	0	0	0	0	0
25061	505	2	1	2055	0	0	0	0	0	0	0	0	0	0	0	0	0	0
25062	505	3	1	2055	0	0	2055	1	0	0	0	0	0	0	0	0	0	0
25063	505	4	1	2157	0	0	2157	1	0	0	0	0	0	0	0	0	0	0
25064	505	5	1	2852	0	0	0	0	0	0	0	0	0	0	0	0	0	0
25080	506	1	1	2026	0	0	0	0	0	0	0	0	0	0	0	0	0	0
25081	506	2	1	2046	0	0	0	0	0	0	0	0	0	0	0	0	0	0
25082	506	3	1	2827	0	0	0	0	0	0	0	0	0	0	0	0	0	0
25083	506	4	1	2827	0	0	0	0	0	0	0	0	0	0	0	0	0	0
25084	506	5	1	2840	0	0	2827	2	0	0	0	0	0	0	0	0	0	0
25100	507	1	1	2878	0	0	2879	1	0	0	0	0	0	0	0	0	0	0
25101	507	2	1	2875	0	0	2877	1	0	0	0	0	0	0	0	0	0	0
25102	507	3	1	2876	0	0	2877	1	0	0	0	0	0	0	0	0	0	0
25103	507	4	1	2874	0	0	2875	1	2876	1	0	0	0	0	0	0	0	0
25104	507	5	1	2873	0	0	0	0	0	0	0	0	0	0	0	0	0	0
25120	508	1	1	2019	0	0	2019	1	0	0	0	0	0	0	0	0	0	0
25121	508	2	1	2022	0	0	2019	1	0	0	0	0	0	0	0	0	0	0
25122	508	3	1	2058	0	0	2069	1	0	0	0	0	0	0	0	0	0	0
25123	508	4	1	2029	2029	2029	2029	2	0	0	0	0	0	0	0	0	0	0
25140	509	1	1	2033	0	0	2033	1	0	0	0	0	0	0	0	0	0	0
25141	509	2	1	2027	0	0	2027	1	0	0	0	0	0	0	0	0	0	0
25142	509	3	1	2853	0	0	2003	1	0	0	0	0	0	0	0	0	0	0
25143	509	4	1	2853	0	0	2853	1	0	0	0	0	0	0	0	0	0	0
25144	509	5	1	2011	0	0	2867	2	0	0	0	0	0	0	0	0	0	0
25160	510	1	1	2041	2041	2806	2041	1	0	0	0	0	0	0	0	0	0	0
25161	510	2	1	2001	2001	2806	2001	1	0	0	0	0	0	0	0	0	0	0
25162	510	3	1	2806	0	0	2048	1	0	0	0	0	0	0	0	0	0	0
25163	510	4	1	2806	0	0	2051	1	0	0	0	0	0	0	0	0	0	0
25164	510	5	1	2851	0	0	2048	1	2051	1	0	0	0	0	0	0	0	0
25165	510	6	1	0	0	0	0	0	0	0	0	0	0	0	0	0	0	0
25180	511	1	1	2021	0	0	2066	1	0	0	0	0	0	0	0	0	0	0
25181	511	2	1	2021	0	0	2018	1	0	0	0	0	0	0	0	0	0	0
25182	511	3	1	2057	0	0	2018	1	0	0	0	0	0	0	0	0	0	0
25183	511	4	1	2057	0	0	2021	1	2068	1	0	0	0	0	0	0	0	0
25200	512	1	1	2843	0	0	2843	1	0	0	0	0	0	0	0	0	0	0
25201	512	2	1	2853	0	0	2853	1	0	0	0	0	0	0	0	0	0	0
25202	512	3	1	2853	0	0	0	0	0	0	0	0	0	0	0	0	0	0
25203	512	4	1	2820	0	0	2820	1	0	0	0	0	0	0	0	0	0	0
25204	512	5	1	2870	0	0	2867	2	0	0	0	0	0	0	0	0	0	0
25220	513	1	1	2843	0	0	0	0	0	0	0	0	0	0	0	0	0	0
25221	513	2	1	2853	0	0	2853	1	0	0	0	0	0	0	0	0	0	0
25222	513	3	1	2820	0	0	2820	1	0	0	0	0	0	0	0	0	0	0
25223	513	4	1	2867	0	0	2853	1	0	0	0	0	0	0	0	0	0	0
25224	513	5	1	2159	0	0	2159	2	0	0	0	0	0	0	0	0	0	0
25240	514	1	1	2067	0	0	0	0	0	0	0	0	0	0	0	0	0	0
25241	514	2	1	2154	0	0	0	0	0	0	0	0	0	0	0	0	0	0
25242	514	3	1	2154	0	0	0	0	0	0	0	0	0	0	0	0	0	0
25243	514	4	1	2157	0	0	0	0	0	0	0	0	0	0	0	0	0	0
25244	514	5	1	2852	0	0	0	0	0	0	0	0	0	0	0	0	0	0
25260	515	1	1	2030	0	0	0	0	0	0	0	0	0	0	0	0	0	0
25261	515	2	1	2028	0	0	0	0	0	0	0	0	0	0	0	0	0	0
25262	515	3	1	2028	0	0	0	0	0	0	0	0	0	0	0	0	0	0
25263	515	4	1	2068	0	0	0	0	0	0	0	0	0	0	0	0	0	0
25264	515	5	1	2039	0	0	0	0	0	0	0	0	0	0	0	0	0	0
25280	516	1	1	2067	0	0	0	0	0	0	0	0	0	0	0	0	0	0
25281	516	2	1	2160	0	0	0	0	0	0	0	0	0	0	0	0	0	0
25282	516	3	1	2022	0	0	0	0	0	0	0	0	0	0	0	0	0	0
25283	516	4	1	2022	0	0	0	0	0	0	0	0	0	0	0	0	0	0
25284	516	5	1	2022	0	0	2022	1	0	0	0	0	0	0	0	0	0	0
25300	517	1	1	2303	0	0	0	0	0	0	0	0	0	0	0	0	0	0
25301	517	2	1	2200	0	0	0	0	0	0	0	0	0	0	0	0	0	0
25302	517	3	1	2200	0	0	2200	1	0	0	0	0	0	0	0	0	0	0
25303	517	4	1	2281	0	0	2200	1	0	0	0	0	0	0	0	0	0	0
25304	517	5	1	2274	0	0	2274	2	0	0	0	0	0	0	0	0	0	0
25320	518	1	1	2235	0	0	0	0	0	0	0	0	0	0	0	0	0	0
25321	518	2	1	2290	0	0	0	0	0	0	0	0	0	0	0	0	0	0
25322	518	3	1	2293	0	0	2290	1	0	0	0	0	0	0	0	0	0	0
25323	518	4	1	2281	0	0	0	0	0	0	0	0	0	0	0	0	0	0
25324	518	5	1	2253	0	0	2200	2	0	0	0	0	0	0	0	0	0	0
25340	519	1	1	2201	0	0	0	0	0	0	0	0	0	0	0	0	0	0
25341	519	2	1	2282	0	0	0	0	0	0	0	0	0	0	0	0	0	0
25342	519	3	1	2265	0	0	2265	1	0	0	0	0	0	0	0	0	0	0
25343	519	4	1	2275	0	0	2275	1	0	0	0	0	0	0	0	0	0	0
25360	520	1	1	2201	0	0	0	0	0	0	0	0	0	0	0	0	0	0
25361	520	2	1	2282	0	0	0	0	0	0	0	0	0	0	0	0	0	0
25362	520	3	1	2288	0	0	0	0	0	0	0	0	0	0	0	0	0	0
25363	520	4	1	2265	0	0	0	0	0	0	0	0	0	0	0	0	0	0
25364	520	5	1	2312	0	0	2275	2	0	0	0	0	0	0	0	0	0	0
25380	521	1	1	2206	2206	2207	2206	1	0	0	0	0	0	0	0	0	0	0
25381	521	2	1	2237	2206	2238	2237	1	0	0	0	0	0	0	0	0	0	0
25382	521	3	1	2262	2262	2263	2227	1	0	0	0	0	0	0	0	0	0	0
25383	521	4	1	2227	2227	2224	2227	1	2223	1	0	0	0	0	0	0	0	0
25400	522	1	1	2239	2239	0	2239	1	0	0	0	0	0	0	0	0	0	0
25401	522	2	1	2278	2278	2239	2239	1	0	0	0	0	0	0	0	0	0	0
25402	522	3	1	2231	2231	2234	2231	1	0	0	0	0	0	0	0	0	0	0
25403	522	4	1	2221	2221	2225	2200	1	0	0	0	0	0	0	0	0	0	0
25404	522	5	1	2221	2221	2224	2225	1	2224	1	0	0	0	0	0	0	0	0
25420	523	1	1	2217	2217	2220	2217	1	0	0	0	0	0	0	0	0	0	0
25421	523	2	1	2217	2239	0	2239	1	0	0	0	0	0	0	0	0	0	0
25422	523	3	1	2256	2256	2242	2217	1	0	0	0	0	0	0	0	0	0	0
25423	523	4	1	2217	2228	2259	2217	1	0	0	0	0	0	0	0	0	0	0
25424	523	5	1	2228	2228	2217	2228	1	2217	1	0	0	0	0	0	0	0	0
25440	524	1	1	2271	0	0	2866	1	0	0	0	0	0	0	0	0	0	0
25441	524	2	1	2866	0	0	2261	1	0	0	0	0	0	0	0	0	0	0
25442	524	3	1	2265	0	0	2261	1	0	0	0	0	0	0	0	0	0	0
25443	524	4	1	2282	0	0	2282	1	0	0	0	0	0	0	0	0	0	0
25444	524	5	1	2282	0	0	2265	1	2282	1	0	0	0	0	0	0	0	0
25460	525	1	1	2236	0	0	2236	1	0	0	0	0	0	0	0	0	0	0
25461	525	2	1	2222	0	0	2222	1	0	0	0	0	0	0	0	0	0	0
25462	525	3	1	2222	0	0	2244	1	0	0	0	0	0	0	0	0	0	0
25463	525	4	1	2251	0	0	2222	1	0	0	0	0	0	0	0	0	0	0
25464	525	5	1	2254	2248	0	2251	1	2244	1	0	0	0	0	0	0	0	0
25480	526	1	1	2223	2223	0	2223	1	0	0	0	0	0	0	0	0	0	0
25481	526	2	1	2227	2223	2223	2262	1	0	0	0	0	0	0	0	0	0	0
25482	526	3	1	2206	2206	2207	2206	1	0	0	0	0	0	0	0	0	0	0
25483	526	4	1	2237	2237	2227	2227	1	2262	1	0	0	0	0	0	0	0	0
25500	527	1	1	2305	2305	2306	2305	1	0	0	0	0	0	0	0	0	0	0
25501	527	2	1	2272	0	2273	2276	1	0	0	0	0	0	0	0	0	0	0
25502	527	3	1	0	2280	2280	2202	1	0	0	0	0	0	0	0	0	0	0
25503	527	4	1	2280	2280	2283	2283	1	0	0	0	0	0	0	0	0	0	0
25504	527	5	1	2286	2286	2286	2286	1	2283	1	0	0	0	0	0	0	0	0
25520	528	1	1	2304	0	0	0	0	0	0	0	0	0	0	0	0	0	0
25521	528	2	1	2282	0	0	0	0	0	0	0	0	0	0	0	0	0	0
25522	528	3	1	2288	0	0	0	0	0	0	0	0	0	0	0	0	0	0
25523	528	4	1	2265	0	0	0	0	0	0	0	0	0	0	0	0	0	0
25524	528	5	1	2312	0	0	0	0	0	0	0	0	0	0	0	0	0	0
25540	529	1	1	2304	0	0	0	0	0	0	0	0	0	0	0	0	0	0
25541	529	2	1	2288	0	0	0	0	0	0	0	0	0	0	0	0	0	0
25542	529	3	1	2261	0	0	2261	1	0	0	0	0	0	0	0	0	0	0
25543	529	4	1	2275	0	0	2275	1	0	0	0	0	0	0	0	0	0	0
25560	530	1	1	2235	0	0	0	0	0	0	0	0	0	0	0	0	0	0
25561	530	2	1	2290	0	0	0	0	0	0	0	0	0	0	0	0	0	0
25562	530	3	1	2293	0	0	2290	1	0	0	0	0	0	0	0	0	0	0
25563	530	4	1	2200	0	0	0	0	0	0	0	0	0	0	0	0	0	0
25564	530	5	1	2253	0	0	2200	2	0	0	0	0	0	0	0	0	0	0
25580	531	1	1	2303	0	0	0	0	0	0	0	0	0	0	0	0	0	0
25581	531	2	1	2290	0	0	2290	1	0	0	0	0	0	0	0	0	0	0
25582	531	3	1	2293	0	0	2290	1	0	0	0	0	0	0	0	0	0	0
25583	531	4	1	2274	0	0	2200	2	0	0	0	0	0	0	0	0	0	0
25600	532	1	1	2276	2280	2280	0	0	0	0	0	0	0	0	0	0	0	0
25601	532	2	1	2276	2276	2277	2276	1	0	0	0	0	0	0	0	0	0	0
25602	532	3	1	2276	2276	2286	2283	1	0	0	0	0	0	0	0	0	0	0
25603	532	4	1	2283	2280	2280	2286	1	0	0	0	0	0	0	0	0	0	0
25604	532	5	1	2286	2278	2273	2286	1	2283	1	0	0	0	0	0	0	0	0
25620	533	1	1	2218	0	0	2218	1	0	0	0	0	0	0	0	0	0	0
25621	533	2	1	2282	0	0	2282	1	0	0	0	0	0	0	0	0	0	0
25622	533	3	1	2279	0	0	2218	1	0	0	0	0	0	0	0	0	0	0
25623	533	4	1	2282	0	0	2279	1	0	0	0	0	0	0	0	0	0	0
25624	533	5	1	2229	2285	0	0	0	2218	2	0	0	0	0	0	0	0	0
25640	534	1	1	2304	0	0	2304	1	0	0	0	0	0	0	0	0	0	0
25641	534	2	1	2236	0	0	2236	1	0	0	0	0	0	0	0	0	0	0
25642	534	3	1	2275	0	0	2201	1	0	0	0	0	0	0	0	0	0	0
25643	534	4	1	2244	0	0	2244	1	0	0	0	0	0	0	0	0	0	0
25644	534	5	1	2251	0	0	2244	1	2251	1	0	0	0	0	0	0	0	0
25660	535	1	1	2235	2235	0	2235	1	0	0	0	0	0	0	0	0	0	0
25661	535	2	1	2238	2235	2235	2231	1	0	0	0	0	0	0	0	0	0	0
25662	535	3	1	0	2235	2270	2231	1	0	0	0	0	0	0	0	0	0	0
25663	535	4	1	2270	2303	2308	2303	1	0	0	0	0	0	0	0	0	0	0
25664	535	5	1	2303	2303	2308	2308	1	2270	1	0	0	0	0	0	0	0	0
25680	536	1	1	2270	2270	0	2270	1	0	0	0	0	0	0	0	0	0	0
25681	536	2	1	0	2270	2235	2235	1	0	0	0	0	0	0	0	0	0	0
25682	536	3	1	2243	2243	2247	2243	1	0	0	0	0	0	0	0	0	0	0
25683	536	4	1	2235	2270	2243	2247	1	2270	1	0	0	0	0	0	0	0	0
25700	537	1	1	2407	0	0	0	0	0	0	0	0	0	0	0	0	0	0
25701	537	2	1	2407	2407	2428	2428	1	0	0	0	0	0	0	0	0	0	0
25702	537	3	1	2421	2407	2428	2407	1	0	0	0	0	0	0	0	0	0	0
25703	537	4	1	2428	2428	2407	2421	1	0	0	0	0	0	0	0	0	0	0
25704	537	5	1	2407	2428	2421	2424	1	2407	1	0	0	0	0	0	0	0	0
25720	538	1	1	2428	0	0	0	0	0	0	0	0	0	0	0	0	0	0
25721	538	2	1	2428	0	0	2436	1	0	0	0	0	0	0	0	0	0	0
25722	538	3	1	2444	0	0	2436	1	0	0	0	0	0	0	0	0	0	0
25723	538	4	1	2444	0	0	2428	1	0	0	0	0	0	0	0	0	0	0
25724	538	5	1	2439	2447	2431	2444	1	2436	1	2428	1	0	0	0	0	0	0
25740	539	1	1	2428	0	0	2428	1	0	0	0	0	0	0	0	0	0	0
25741	539	2	1	2428	2428	2431	2436	1	0	0	0	0	0	0	0	0	0	0
25742	539	3	1	2436	2436	2439	2444	1	0	0	0	0	0	0	0	0	0	0
25743	539	4	1	2444	0	0	2480	1	0	0	0	0	0	0	0	0	0	0
25760	540	1	1	2497	0	0	0	0	0	0	0	0	0	0	0	0	0	0
25761	540	2	1	2497	0	0	2512	1	0	0	0	0	0	0	0	0	0	0
25762	540	3	1	2500	0	0	2497	1	0	0	0	0	0	0	0	0	0	0
25763	540	4	1	2500	0	0	2500	1	0	0	0	0	0	0	0	0	0	0
25764	540	5	1	2509	0	0	2500	2	0	0	0	0	0	0	0	0	0	0
25780	541	1	1	2401	0	0	0	0	0	0	0	0	0	0	0	0	0	0
25781	541	2	1	2401	0	0	2433	1	0	0	0	0	0	0	0	0	0	0
25782	541	3	1	2506	0	0	2401	1	0	0	0	0	0	0	0	0	0	0
25783	541	4	1	2433	2435	0	2506	1	2433	1	0	0	0	0	0	0	0	0
25784	541	5	1	2500	0	0	2506	1	2433	1	0	0	0	0	0	0	0	0
25800	542	1	1	2416	2416	2420	2416	1	0	0	0	0	0	0	0	0	0	0
25801	542	2	1	2434	2434	2435	2416	1	0	0	0	0	0	0	0	0	0	0
25802	542	3	1	2513	0	0	2434	1	0	0	0	0	0	0	0	0	0	0
25803	542	4	1	2402	0	0	2513	1	0	0	0	0	0	0	0	0	0	0
25820	543	1	1	2407	0	0	0	0	0	0	0	0	0	0	0	0	0	0
25821	543	2	1	2463	0	0	2407	1	0	0	0	0	0	0	0	0	0	0
25822	543	3	1	2474	0	0	2463	1	0	0	0	0	0	0	0	0	0	0
25823	543	4	1	2474	0	0	2407	1	0	0	0	0	0	0	0	0	0	0
25824	543	5	1	2407	0	0	2477	1	2474	1	0	0	0	0	0	0	0	0
25840	544	1	1	2407	0	0	0	0	0	0	0	0	0	0	0	0	0	0
25841	544	2	1	2463	0	0	2407	1	0	0	0	0	0	0	0	0	0	0
25842	544	3	1	2474	2486	2463	2407	1	0	0	0	0	0	0	0	0	0	0
25843	544	4	1	2407	0	0	2484	1	0	0	0	0	0	0	0	0	0	0
25844	544	5	1	2410	0	0	2463	2	0	0	0	0	0	0	0	0	0	0
25860	545	1	1	2480	0	0	2444	1	0	0	0	0	0	0	0	0	0	0
25861	545	2	1	2480	2444	0	2480	1	0	0	0	0	0	0	0	0	0	0
25862	545	3	1	2440	2447	2444	2444	1	0	0	0	0	0	0	0	0	0	0
25863	545	4	1	2440	2440	2443	2440	1	0	0	0	0	0	0	0	0	0	0
25880	546	1	1	2401	0	0	0	0	0	0	0	0	0	0	0	0	0	0
25881	546	2	1	2401	2401	2415	2458	1	0	0	0	0	0	0	0	0	0	0
25882	546	3	1	2458	2458	2401	2415	1	0	0	0	0	0	0	0	0	0	0
25883	546	4	1	2458	2497	2497	2415	1	0	0	0	0	0	0	0	0	0	0
25884	546	5	1	2461	2509	2461	2506	1	2458	1	0	0	0	0	0	0	0	0
25900	547	1	1	2401	2458	2458	2401	1	0	0	0	0	0	0	0	0	0	0
25901	547	2	1	2415	2500	2401	2458	1	0	0	0	0	0	0	0	0	0	0
25902	547	3	1	2500	2401	2458	2500	1	0	0	0	0	0	0	0	0	0	0
25903	547	4	1	2509	0	0	2506	1	2415	1	0	0	0	0	0	0	0	0
25920	548	1	1	2416	2434	2435	2416	1	0	0	0	0	0	0	0	0	0	0
25921	548	2	1	2416	2494	2420	2416	1	0	0	0	0	0	0	0	0	0	0
25922	548	3	1	2513	2494	2513	2494	1	0	0	0	0	0	0	0	0	0	0
25923	548	4	1	2416	2434	2514	2513	1	0	0	0	0	0	0	0	0	0	0
25940	549	1	1	2408	0	0	0	0	0	0	0	0	0	0	0	0	0	0
25941	549	2	1	2464	0	0	2408	1	0	0	0	0	0	0	0	0	0	0
25942	549	3	1	2408	0	0	2475	1	0	0	0	0	0	0	0	0	0	0
25943	549	4	1	2464	0	0	2475	1	0	0	0	0	0	0	0	0	0	0
25944	549	5	1	2408	2408	2413	2411	1	2475	1	2464	1	0	0	0	0	0	0
25960	550	1	1	2422	0	0	0	0	0	0	0	0	0	0	0	0	0	0
25961	550	2	1	2422	0	0	2481	1	0	0	0	0	0	0	0	0	0	0
25962	550	3	1	2464	0	0	2481	1	0	0	0	0	0	0	0	0	0	0
25963	550	4	1	2422	0	0	2464	1	0	0	0	0	0	0	0	0	0	0
25964	550	5	1	2427	0	0	2425	1	2464	1	2481	1	0	0	0	0	0	0
25980	551	1	1	2409	0	0	2482	1	0	0	0	0	0	0	0	0	0	0
25981	551	2	1	2482	2482	0	2409	1	0	0	0	0	0	0	0	0	0	0
25982	551	3	1	2482	2482	2515	2482	1	0	0	0	0	0	0	0	0	0	0
25983	551	4	1	2482	0	0	2409	1	0	0	0	0	0	0	0	0	0	0
26000	552	1	1	2511	0	0	0	0	0	0	0	0	0	0	0	0	0	0
26001	552	2	1	2511	0	0	2492	1	0	0	0	0	0	0	0	0	0	0
26002	552	3	1	2511	2511	2514	2492	1	2451	1	0	0	0	0	0	0	0	0
26003	552	4	1	2451	0	0	2511	1	0	0	0	0	0	0	0	0	0	0
26004	552	5	1	2454	0	0	2451	1	2511	1	0	0	0	0	0	0	0	0
26020	553	1	1	2414	0	0	0	0	0	0	0	0	0	0	0	0	0	0
26021	553	2	1	2414	0	0	2448	1	0	0	0	0	0	0	0	0	0	0
26022	553	3	1	2448	2414	2414	2448	1	0	0	0	0	0	0	0	0	0	0
26023	553	4	1	2448	0	0	2432	1	0	0	0	0	0	0	0	0	0	0
26024	553	5	1	2414	2414	2420	2417	1	2448	2	0	0	0	0	0	0	0	0
26040	554	1	1	2400	0	0	2448	1	0	0	0	0	0	0	0	0	0	0
26041	554	2	1	2400	2400	2406	2448	1	0	0	0	0	0	0	0	0	0	0
26042	554	3	1	2492	2492	2495	2451	1	0	0	0	0	0	0	0	0	0	0
26043	554	4	1	2451	0	0	2400	1	0	0	0	0	0	0	0	0	0	0
26060	555	1	1	2481	0	0	0	0	0	0	0	0	0	0	0	0	0	0
26061	555	2	1	2481	0	0	2484	1	0	0	0	0	0	0	0	0	0	0
26062	555	3	1	2487	0	0	2484	1	0	0	0	0	0	0	0	0	0	0
26063	555	4	1	2487	0	0	2481	1	0	0	0	0	0	0	0	0	0	0
26064	555	5	1	2490	0	0	2487	1	2481	2	0	0	0	0	0	0	0	0
26080	556	1	1	2484	0	0	0	0	0	0	0	0	0	0	0	0	0	0
26081	556	2	1	2484	0	0	2441	1	0	0	0	0	0	0	0	0	0	0
26082	556	3	1	2441	2481	2441	2472	1	0	0	0	0	0	0	0	0	0	0
26083	556	4	1	2475	2475	2487	2472	1	0	0	0	0	0	0	0	0	0	0
26084	556	5	1	2478	0	0	2484	2	0	0	0	0	0	0	0	0	0	0
26100	557	1	1	2438	2485	2438	2482	1	0	0	0	0	0	0	0	0	0	0
26101	557	2	1	2485	2438	2485	2482	1	0	0	0	0	0	0	0	0	0	0
26102	557	3	1	2476	2482	2476	2485	1	0	0	0	0	0	0	0	0	0	0
26103	557	4	1	2476	2482	2476	2438	1	0	0	0	0	0	0	0	0	0	0
26120	558	1	1	2448	0	0	0	0	0	0	0	0	0	0	0	0	0	0
26121	558	2	1	2448	0	0	2451	1	0	0	0	0	0	0	0	0	0	0
26122	558	3	1	2499	2499	2505	2451	1	0	0	0	0	0	0	0	0	0	0
26123	558	4	1	2414	0	0	2505	1	0	0	0	0	0	0	0	0	0	0
26124	558	5	1	2502	2508	0	2414	1	2451	1	0	0	0	0	0	0	0	0
26140	559	1	1	2400	2400	2451	0	0	0	0	0	0	0	0	0	0	0	0
26141	559	2	1	2432	2432	2451	2400	1	0	0	0	0	0	0	0	0	0	0
26142	559	3	1	2400	2400	2432	2451	1	0	0	0	0	0	0	0	0	0	0
26143	559	4	1	2451	2400	2432	2403	1	2451	1	0	0	0	0	0	0	0	0
26160	560	1	1	2400	2400	2406	2448	1	0	0	0	0	0	0	0	0	0	0
26161	560	2	1	2448	2448	2451	2400	1	0	0	0	0	0	0	0	0	0	0
26162	560	3	1	2432	2448	2451	2451	1	0	0	0	0	0	0	0	0	0	0
26163	560	4	1	2448	2451	2451	2432	1	0	0	0	0	0	0	0	0	0	0
26180	561	1	1	2619	0	0	0	0	0	0	0	0	0	0	0	0	0	0
26181	561	2	1	2622	2619	2619	2619	1	0	0	0	0	0	0	0	0	0	0
26182	561	3	1	2612	2619	2619	2612	1	0	0	0	0	0	0	0	0	0	0
26183	561	4	1	2612	2612	2619	2619	1	2612	1	0	0	0	0	0	0	0	0
26184	561	5	1	2612	2619	2619	2615	1	2612	1	0	0	0	0	0	0	0	0
26200	562	1	1	2668	0	0	0	0	0	0	0	0	0	0	0	0	0	0
26201	562	2	1	2668	0	0	2671	1	0	0	0	0	0	0	0	0	0	0
26202	562	3	1	2607	2607	2671	2668	1	0	0	0	0	0	0	0	0	0	0
26203	562	4	1	2607	0	0	2671	1	2668	1	0	0	0	0	0	0	0	0
26204	562	5	1	2610	0	0	2607	1	2671	1	0	0	0	0	0	0	0	0
26220	563	1	1	2667	2606	0	0	0	0	0	0	0	0	0	0	0	0	0
26221	563	2	1	2667	2667	2606	2606	1	0	0	0	0	0	0	0	0	0	0
26222	563	3	1	2606	2641	2641	2606	1	0	0	0	0	0	0	0	0	0	0
26223	563	4	1	2641	0	0	2667	2	0	0	0	0	0	0	0	0	0	0
26224	563	5	1	2641	2641	2606	2609	1	2667	1	0	0	0	0	0	0	0	0
26240	564	1	1	2668	2607	0	0	0	0	0	0	0	0	0	0	0	0	0
26241	564	2	1	2668	2668	2607	2607	1	0	0	0	0	0	0	0	0	0	0
26242	564	3	1	2607	2642	2642	2607	1	0	0	0	0	0	0	0	0	0	0
26243	564	4	1	2642	0	0	2668	2	0	0	0	0	0	0	0	0	0	0
26244	564	5	1	2642	2642	2607	2610	1	2668	1	0	0	0	0	0	0	0	0
26260	565	1	1	2689	0	0	2689	1	0	0	0	0	0	0	0	0	0	0
26261	565	2	1	2699	2699	2702	2689	1	0	0	0	0	0	0	0	0	0	0
26262	565	3	1	2670	2689	2689	2699	1	0	0	0	0	0	0	0	0	0	0
26263	565	4	1	2699	0	0	2670	1	0	0	0	0	0	0	0	0	0	0
26280	566	1	1	2690	2627	2627	2690	1	0	0	0	0	0	0	0	0	0	0
26281	566	2	1	2700	2627	2702	2690	1	0	0	0	0	0	0	0	0	0	0
26282	566	3	1	2627	2690	2690	2700	1	0	0	0	0	0	0	0	0	0	0
26283	566	4	1	2700	2627	0	2670	1	0	0	0	0	0	0	0	0	0	0
26300	567	1	1	2619	0	0	0	0	0	0	0	0	0	0	0	0	0	0
26301	567	2	1	2619	2619	2622	2699	1	0	0	0	0	0	0	0	0	0	0
26302	567	3	1	2695	2699	2699	2619	1	0	0	0	0	0	0	0	0	0	0
26303	567	4	1	2619	2699	2699	2695	1	0	0	0	0	0	0	0	0	0	0
26304	567	5	1	2699	2699	2695	2619	2	2695	1	0	0	0	0	0	0	0	0
26305	567	6	1	2718	0	0	0	0	0	0	0	0	0	0	0	0	0	0
26320	568	1	1	2700	0	0	0	0	0	0	0	0	0	0	0	0	0	0
26321	568	2	1	2700	2700	2698	2696	1	0	0	0	0	0	0	0	0	0	0
26322	568	3	1	2620	2620	2700	2696	1	0	0	0	0	0	0	0	0	0	0
26323	568	4	1	2700	2696	2696	2620	1	0	0	0	0	0	0	0	0	0	0
26324	568	5	1	2620	2700	2700	2675	1	2696	1	0	0	0	0	0	0	0	0
26340	569	1	1	2641	0	0	0	0	0	0	0	0	0	0	0	0	0	0
26341	569	2	1	2641	2667	0	2656	1	0	0	0	0	0	0	0	0	0	0
26342	569	3	1	2641	2656	0	2667	1	0	0	0	0	0	0	0	0	0	0
26343	569	4	1	2667	2656	0	2641	1	0	0	0	0	0	0	0	0	0	0
26344	569	5	1	2667	2641	2641	2721	1	2656	1	0	0	0	0	0	0	0	0
26360	570	1	1	2627	2630	0	0	0	0	0	0	0	0	0	0	0	0	0
26361	570	2	1	2627	2630	2704	2624	1	0	0	0	0	0	0	0	0	0	0
26362	570	3	1	2630	2627	2704	2633	1	0	0	0	0	0	0	0	0	0	0
26363	570	4	1	2627	2630	2704	2704	1	0	0	0	0	0	0	0	0	0	0
26364	570	5	1	2627	2630	2624	2716	1	2624	1	0	0	0	0	0	0	0	0
26380	571	1	1	2600	2626	2626	2626	1	0	0	0	0	0	0	0	0	0	0
26381	571	2	1	2706	2626	2626	2600	1	0	0	0	0	0	0	0	0	0	0
26382	571	3	1	2706	2623	2623	2626	1	0	0	0	0	0	0	0	0	0	0
26383	571	4	1	2623	2623	2600	2706	1	0	0	0	0	0	0	0	0	0	0
26400	572	1	1	2636	0	0	0	0	0	0	0	0	0	0	0	0	0	0
26401	572	2	1	2607	2636	0	2630	1	0	0	0	0	0	0	0	0	0	0
26402	572	3	1	2668	2630	0	2607	1	0	0	0	0	0	0	0	0	0	0
26403	572	4	1	2658	2658	2668	2607	1	0	0	0	0	0	0	0	0	0	0
26404	572	5	1	2658	0	0	2610	1	2607	1	0	0	0	0	0	0	0	0
26405	572	6	1	2719	0	0	0	0	0	0	0	0	0	0	0	0	0	0
26420	573	1	1	2670	0	0	0	0	0	0	0	0	0	0	0	0	0	0
26421	573	2	1	2670	2670	2673	2670	1	0	0	0	0	0	0	0	0	0	0
26422	573	3	1	2612	2612	2670	2670	1	0	0	0	0	0	0	0	0	0	0
26423	573	4	1	2612	2670	2670	2612	1	0	0	0	0	0	0	0	0	0	0
26424	573	5	1	2670	2612	2612	2615	1	2670	1	0	0	0	0	0	0	0	0
26440	574	1	1	2679	0	0	0	0	0	0	0	0	0	0	0	0	0	0
26441	574	2	1	2679	2681	2679	2671	1	0	0	0	0	0	0	0	0	0	0
26442	574	3	1	2679	2690	2690	2671	1	0	0	0	0	0	0	0	0	0	0
26443	574	4	1	2671	2690	2690	2690	1	2679	1	0	0	0	0	0	0	0	0
26444	574	5	1	2690	0	0	2683	1	2671	1	0	0	0	0	0	0	0	0
26460	575	1	1	2603	0	0	0	0	0	0	0	0	0	0	0	0	0	0
26461	575	2	1	2603	0	0	2641	1	0	0	0	0	0	0	0	0	0	0
26462	575	3	1	2641	0	0	2656	1	0	0	0	0	0	0	0	0	0	0
26463	575	4	1	2641	2603	0	2656	1	0	0	0	0	0	0	0	0	0	0
26464	575	5	1	2609	0	0	2656	2	0	0	0	0	0	0	0	0	0	0
26480	576	1	1	2604	0	0	0	0	0	0	0	0	0	0	0	0	0	0
26481	576	2	1	2604	0	0	2642	1	0	0	0	0	0	0	0	0	0	0
26482	576	3	1	2642	0	0	2657	1	0	0	0	0	0	0	0	0	0	0
26483	576	4	1	2642	2604	0	2657	1	0	0	0	0	0	0	0	0	0	0
26484	576	5	1	2610	0	0	2657	2	0	0	0	0	0	0	0	0	0	0
26500	577	1	1	2600	2670	2670	2678	1	0	0	0	0	0	0	0	0	0	0
26501	577	2	1	2600	2678	2678	2670	1	0	0	0	0	0	0	0	0	0	0
26502	577	3	1	2600	2678	2699	2699	1	0	0	0	0	0	0	0	0	0	0
26503	577	4	1	2600	2678	2699	2699	1	0	0	0	0	0	0	0	0	0	0
26520	578	1	1	2601	2671	2671	2696	1	0	0	0	0	0	0	0	0	0	0
26521	578	2	1	2601	2696	2696	2671	1	0	0	0	0	0	0	0	0	0	0
26522	578	3	1	2601	2696	2698	2700	1	0	0	0	0	0	0	0	0	0	0
26523	578	4	1	2601	2696	2700	2700	1	0	0	0	0	0	0	0	0	0	0
26540	579	1	1	2689	0	0	0	0	0	0	0	0	0	0	0	0	0	0
26541	579	2	1	2689	0	0	2612	1	0	0	0	0	0	0	0	0	0	0
26542	579	3	1	2689	2699	2699	2612	1	0	0	0	0	0	0	0	0	0	0
26543	579	4	1	2699	2699	2618	2612	1	0	0	0	0	0	0	0	0	0	0
26544	579	5	1	2699	2689	2689	2615	1	2689	1	0	0	0	0	0	0	0	0
26545	579	6	1	2718	0	0	0	0	0	0	0	0	0	0	0	0	0	0
26560	580	1	1	2679	0	0	0	0	0	0	0	0	0	0	0	0	0	0
26561	580	2	1	2679	2679	2690	2690	1	0	0	0	0	0	0	0	0	0	0
26562	580	3	1	2679	2679	2681	2679	1	0	0	0	0	0	0	0	0	0	0
26563	580	4	1	2679	2690	2690	2670	2	0	0	0	0	0	0	0	0	0	0
26564	580	5	1	2690	0	0	2686	1	2670	1	0	0	0	0	0	0	0	0
26580	581	1	1	2635	0	0	0	0	0	0	0	0	0	0	0	0	0	0
26581	581	2	1	2667	2635	0	2635	1	0	0	0	0	0	0	0	0	0	0
26582	581	3	1	2667	2603	0	2635	1	0	0	0	0	0	0	0	0	0	0
26583	581	4	1	2603	2635	0	2667	1	0	0	0	0	0	0	0	0	0	0
26584	581	5	1	2635	2603	2603	2609	1	2667	1	0	0	0	0	0	0	0	0
26600	582	1	1	2624	0	0	0	0	0	0	0	0	0	0	0	0	0	0
26601	582	2	1	2704	2624	0	2624	1	0	0	0	0	0	0	0	0	0	0
26602	582	3	1	2624	2624	2704	2707	1	0	0	0	0	0	0	0	0	0	0
26603	582	4	1	2707	2707	2704	2707	1	0	0	0	0	0	0	0	0	0	0
26604	582	5	1	2713	0	0	2707	1	2707	1	0	0	0	0	0	0	0	0
26620	583	1	1	2670	2670	2673	2678	1	0	0	0	0	0	0	0	0	0	0
26621	583	2	1	2678	2670	2670	2670	1	0	0	0	0	0	0	0	0	0	0
26622	583	3	1	2678	2678	2670	2678	1	0	0	0	0	0	0	0	0	0	0
26623	583	4	1	2678	2678	2681	2678	1	0	0	0	0	0	0	0	0	0	0
26640	584	1	1	2642	0	0	0	0	0	0	0	0	0	0	0	0	0	0
26641	584	2	1	2642	2642	2657	2657	1	0	0	0	0	0	0	0	0	0	0
26642	584	3	1	2642	2642	2607	2657	1	0	0	0	0	0	0	0	0	0	0
26643	584	4	1	2607	2668	2607	2657	1	0	0	0	0	0	0	0	0	0	0
26644	584	5	1	2668	2657	2657	2716	1	2657	1	0	0	0	0	0	0	0	0
26645	584	6	1	2720	0	0	0	0	0	0	0	0	0	0	0	0	0	0
26660	801	1	1	2880	0	0	2880	1	0	0	0	0	0	0	0	0	0	0
26661	801	2	1	2881	0	0	2880	1	0	0	0	0	0	0	0	0	0	0
26662	801	3	1	2882	0	0	2880	1	0	0	0	0	0	0	0	0	0	0
26663	801	4	1	2883	0	0	2881	1	0	0	0	0	0	0	0	0	0	0
26664	801	5	1	2884	0	0	2882	1	2880	1	0	0	0	0	0	0	0	0
26680	802	1	1	2859	0	0	2859	1	0	0	0	0	0	0	0	0	0	0
26681	802	2	1	2859	0	0	2859	1	0	0	0	0	0	0	0	0	0	0
26682	802	3	1	2861	0	0	2859	1	0	0	0	0	0	0	0	0	0	0
26683	802	4	1	2861	0	0	2859	1	0	0	0	0	0	0	0	0	0	0
26684	802	5	1	2802	0	0	2857	2	0	0	0	0	0	0	0	0	0	0
26700	803	1	1	2065	0	0	2065	1	0	0	0	0	0	0	0	0	0	0
26701	803	2	1	2007	0	0	2007	1	0	0	0	0	0	0	0	0	0	0
26702	803	3	1	2053	0	0	2065	1	0	0	0	0	0	0	0	0	0	0
26703	803	4	1	2804	0	0	2007	1	0	0	0	0	0	0	0	0	0	0
26704	803	5	1	2073	0	0	2053	1	2007	1	0	0	0	0	0	0	0	0
26720	804	1	1	2064	0	0	2064	1	0	0	0	0	0	0	0	0	0	0
26721	804	2	1	2864	0	0	2864	1	0	0	0	0	0	0	0	0	0	0
26722	804	3	1	2860	0	0	2064	1	0	0	0	0	0	0	0	0	0	0
26723	804	4	1	2862	0	0	2864	1	0	0	0	0	0	0	0	0	0	0
26724	804	5	1	2832	0	0	2860	1	2864	1	0	0	0	0	0	0	0	0
26740	805	1	1	2005	0	0	2005	1	0	0	0	0	0	0	0	0	0	0
26741	805	2	1	2151	0	0	2151	1	0	0	0	0	0	0	0	0	0	0
26742	805	3	1	2151	0	0	2005	1	0	0	0	0	0	0	0	0	0	0
26743	805	4	1	2806	0	0	2005	1	0	0	0	0	0	0	0	0	0	0
26744	805	5	1	2074	0	0	2151	1	2005	1	0	0	0	0	0	0	0	0
26760	806	1	1	2065	0	0	2065	1	0	0	0	0	0	0	0	0	0	0
26761	806	2	1	2007	0	0	2007	1	0	0	0	0	0	0	0	0	0	0
26762	806	3	1	2804	0	0	2065	1	0	0	0	0	0	0	0	0	0	0
26763	806	4	1	2053	0	0	2007	1	0	0	0	0	0	0	0	0	0	0
26764	806	5	1	2073	0	0	2053	1	2804	1	0	0	0	0	0	0	0	0
26780	807	1	1	2864	0	0	2064	1	0	0	0	0	0	0	0	0	0	0
26781	807	2	1	2860	0	0	2064	1	0	0	0	0	0	0	0	0	0	0
26782	807	3	1	2862	0	0	2864	1	0	0	0	0	0	0	0	0	0	0
26783	807	4	1	2862	0	0	2860	1	0	0	0	0	0	0	0	0	0	0
26784	807	5	1	2832	0	0	2860	1	2864	1	0	0	0	0	0	0	0	0
26800	808	1	1	2155	0	0	2155	1	0	0	0	0	0	0	0	0	0	0
26801	808	2	1	2158	0	0	2155	1	0	0	0	0	0	0	0	0	0	0
26802	808	3	1	2161	0	0	2155	1	0	0	0	0	0	0	0	0	0	0
26803	808	4	1	2012	0	0	2158	1	0	0	0	0	0	0	0	0	0	0
26804	808	5	1	2013	0	0	2161	2	0	0	0	0	0	0	0	0	0	0
26820	809	1	1	2864	0	0	2864	1	0	0	0	0	0	0	0	0	0	0
26821	809	2	1	2860	0	0	2860	1	0	0	0	0	0	0	0	0	0	0
26822	809	3	1	2860	0	0	2864	1	0	0	0	0	0	0	0	0	0	0
26823	809	4	1	2862	0	0	2860	1	0	0	0	0	0	0	0	0	0	0
26824	809	5	1	2832	0	0	2860	1	2864	1	0	0	0	0	0	0	0	0
26840	810	1	1	2005	0	0	2005	1	0	0	0	0	0	0	0	0	0	0
26841	810	2	1	2151	0	0	2005	1	0	0	0	0	0	0	0	0	0	0
26842	810	3	1	2151	0	0	2151	1	0	0	0	0	0	0	0	0	0	0
26843	810	4	1	2806	0	0	2151	1	0	0	0	0	0	0	0	0	0	0
26844	810	5	1	2074	0	0	2151	1	2005	1	0	0	0	0	0	0	0	0
26860	811	1	1	2005	0	0	2005	1	0	0	0	0	0	0	0	0	0	0
26861	811	2	1	2806	0	0	2005	1	0	0	0	0	0	0	0	0	0	0
26862	811	3	1	2806	0	0	2806	1	0	0	0	0	0	0	0	0	0	0
26863	811	4	1	2058	0	0	2005	1	0	0	0	0	0	0	0	0	0	0
26864	811	5	1	2074	0	0	2058	1	2806	1	0	0	0	0	0	0	0	0
26880	812	1	1	2005	0	0	2005	1	0	0	0	0	0	0	0	0	0	0
26881	812	2	1	2806	0	0	2005	1	0	0	0	0	0	0	0	0	0	0
26882	812	3	1	2806	0	0	2151	1	0	0	0	0	0	0	0	0	0	0
26883	812	4	1	2058	0	0	2058	1	2151	1	0	0	0	0	0	0	0	0
26884	812	5	1	2851	0	0	2058	2	0	0	0	0	0	0	0	0	0	0
26885	812	7	1	2871	0	0	0	0	0	0	0	0	0	0	0	0	0	0
26886	812	8	1	2872	0	0	0	0	0	0	0	0	0	0	0	0	0	0
26900	813	1	1	2155	0	0	2155	1	0	0	0	0	0	0	0	0	0	0
26901	813	2	1	2158	0	0	2155	1	0	0	0	0	0	0	0	0	0	0
26902	813	3	1	2161	0	0	2155	1	0	0	0	0	0	0	0	0	0	0
26903	813	4	1	2869	0	0	2012	1	0	0	0	0	0	0	0	0	0	0
26904	813	5	1	2013	0	0	2012	1	2161	1	0	0	0	0	0	0	0	0
26905	813	7	1	2871	0	0	0	0	0	0	0	0	0	0	0	0	0	0
26906	813	8	1	2872	0	0	0	0	0	0	0	0	0	0	0	0	0	0
26920	814	1	1	2270	0	0	2270	1	0	0	0	0	0	0	0	0	0	0
26921	814	2	1	2270	0	0	2270	1	0	0	0	0	0	0	0	0	0	0
26922	814	3	1	2208	0	0	2204	1	0	0	0	0	0	0	0	0	0	0
26923	814	4	1	2208	0	0	2204	1	0	0	0	0	0	0	0	0	0	0
26924	814	5	1	2214	0	0	2211	1	2204	1	0	0	0	0	0	0	0	0
26940	815	1	1	2204	0	0	2204	1	0	0	0	0	0	0	0	0	0	0
26941	815	2	1	2208	0	0	2204	1	0	0	0	0	0	0	0	0	0	0
26942	815	3	1	2208	0	0	2208	1	0	0	0	0	0	0	0	0	0	0
26943	815	4	1	2211	0	0	2208	1	0	0	0	0	0	0	0	0	0	0
26944	815	5	1	2214	0	0	2208	1	2204	1	0	0	0	0	0	0	0	0
26960	816	1	1	2209	0	0	2209	1	0	0	0	0	0	0	0	0	0	0
26961	816	2	1	2209	0	0	2209	1	0	0	0	0	0	0	0	0	0	0
26962	816	3	1	2209	0	0	2209	1	0	0	0	0	0	0	0	0	0	0
26963	816	4	1	2212	0	0	2209	1	0	0	0	0	0	0	0	0	0	0
26964	816	5	1	2215	0	0	2212	1	2209	1	0	0	0	0	0	0	0	0
26980	817	1	1	2271	0	0	2271	1	0	0	0	0	0	0	0	0	0	0
26981	817	2	1	2279	0	0	2271	1	0	0	0	0	0	0	0	0	0	0
26982	817	3	1	2279	0	0	2271	1	0	0	0	0	0	0	0	0	0	0
26983	817	4	1	2279	0	0	2279	1	0	0	0	0	0	0	0	0	0	0
26984	817	5	1	2312	0	0	2279	1	2271	1	0	0	0	0	0	0	0	0
27000	818	1	1	2208	0	0	2208	1	0	0	0	0	0	0	0	0	0	0
27001	818	2	1	2211	0	0	2208	1	0	0	0	0	0	0	0	0	0	0
27002	818	3	1	2211	0	0	2264	1	0	0	0	0	0	0	0	0	0	0
27003	818	4	1	2267	0	0	2267	1	0	0	0	0	0	0	0	0	0	0
27004	818	5	1	2311	0	0	2267	2	0	0	0	0	0	0	0	0	0	0
27005	818	7	1	2871	0	0	0	0	0	0	0	0	0	0	0	0	0	0
27006	818	8	1	2872	0	0	0	0	0	0	0	0	0	0	0	0	0	0
27020	819	1	1	2271	0	0	2271	1	0	0	0	0	0	0	0	0	0	0
27021	819	2	1	2209	0	0	2209	1	0	0	0	0	0	0	0	0	0	0
27022	819	3	1	2279	0	0	2271	1	0	0	0	0	0	0	0	0	0	0
27023	819	4	1	2279	0	0	2209	1	0	0	0	0	0	0	0	0	0	0
27024	819	5	1	2312	0	0	2327	1	2300	1	0	0	0	0	0	0	0	0
27040	820	1	1	2204	0	0	2264	1	0	0	0	0	0	0	0	0	0	0
27041	820	2	1	2204	2264	0	2264	1	0	0	0	0	0	0	0	0	0	0
27042	820	3	1	2204	2264	2267	2267	1	0	0	0	0	0	0	0	0	0	0
27043	820	4	1	2204	2264	2267	2267	1	0	0	0	0	0	0	0	0	0	0
27044	820	5	1	2311	0	0	2267	1	2264	1	0	0	0	0	0	0	0	0
27060	821	1	1	2271	0	0	2271	1	0	0	0	0	0	0	0	0	0	0
27061	821	2	1	2209	0	0	2209	1	0	0	0	0	0	0	0	0	0	0
27062	821	3	1	2279	0	0	2271	1	0	0	0	0	0	0	0	0	0	0
27063	821	4	1	2279	0	0	2209	1	0	0	0	0	0	0	0	0	0	0
27064	821	5	1	2312	0	0	2279	1	2209	1	0	0	0	0	0	0	0	0
27080	822	1	1	2320	0	0	2320	1	0	0	0	0	0	0	0	0	0	0
27081	822	2	1	2320	2314	2314	2320	1	0	0	0	0	0	0	0	0	0	0
27082	822	3	1	2314	2317	0	2320	1	0	0	0	0	0	0	0	0	0	0
27083	822	4	1	2317	0	0	2320	1	0	0	0	0	0	0	0	0	0	0
27084	822	5	1	2323	0	0	2320	1	2317	1	0	0	0	0	0	0	0	0
27100	823	1	1	2290	0	0	2290	1	0	0	0	0	0	0	0	0	0	0
27101	823	2	1	2290	2293	2290	2290	1	0	0	0	0	0	0	0	0	0	0
27102	823	3	1	2293	0	0	2290	1	0	0	0	0	0	0	0	0	0	0
27103	823	4	1	2293	2250	0	2290	1	0	0	0	0	0	0	0	0	0	0
27104	823	5	1	2296	0	0	2290	1	2293	1	0	0	0	0	0	0	0	0
27120	824	1	1	2271	0	0	2271	1	0	0	0	0	0	0	0	0	0	0
27121	824	2	1	2209	0	0	2209	1	0	0	0	0	0	0	0	0	0	0
27122	824	3	1	2209	0	0	2271	1	0	0	0	0	0	0	0	0	0	0
27123	824	4	1	2279	0	0	2209	1	0	0	0	0	0	0	0	0	0	0
27124	824	5	1	2312	0	0	2279	1	2271	1	0	0	0	0	0	0	0	0
27140	825	1	1	2270	0	0	2270	1	0	0	0	0	0	0	0	0	0	0
27141	825	2	1	2204	0	0	2204	1	0	0	0	0	0	0	0	0	0	0
27142	825	3	1	2208	0	0	2270	1	0	0	0	0	0	0	0	0	0	0
27143	825	4	1	2211	0	0	2204	1	0	0	0	0	0	0	0	0	0	0
27144	825	5	1	2214	0	0	2208	2	0	0	0	0	0	0	0	0	0	0
27160	826	1	1	2271	0	0	2271	1	0	0	0	0	0	0	0	0	0	0
27161	826	2	1	2279	0	0	2271	1	0	0	0	0	0	0	0	0	0	0
27162	826	3	1	2279	0	0	2279	1	0	0	0	0	0	0	0	0	0	0
27163	826	4	1	2212	0	0	2279	1	0	0	0	0	0	0	0	0	0	0
27164	826	5	1	2312	0	0	2212	1	2279	1	0	0	0	0	0	0	0	0
27165	826	7	1	2871	0	0	0	0	0	0	0	0	0	0	0	0	0	0
27166	826	8	1	2872	0	0	0	0	0	0	0	0	0	0	0	0	0	0
27180	827	1	1	2209	0	0	2209	1	0	0	0	0	0	0	0	0	0	0
27181	827	2	1	2279	0	0	2279	1	0	0	0	0	0	0	0	0	0	0
27182	827	3	1	2279	0	0	2209	1	0	0	0	0	0	0	0	0	0	0
27183	827	4	1	2212	0	0	2279	1	0	0	0	0	0	0	0	0	0	0
27184	827	5	1	2215	0	0	2212	1	2209	1	0	0	0	0	0	0	0	0
27200	828	1	1	2209	0	0	2271	1	0	0	0	0	0	0	0	0	0	0
27201	828	2	1	2279	0	0	2271	1	0	0	0	0	0	0	0	0	0	0
27202	828	3	1	2212	0	0	2209	1	0	0	0	0	0	0	0	0	0	0
27203	828	4	1	2312	0	0	2279	1	0	0	0	0	0	0	0	0	0	0
27204	828	5	1	2215	0	0	2212	1	2209	1	0	0	0	0	0	0	0	0
27205	828	7	1	2871	0	0	0	0	0	0	0	0	0	0	0	0	0	0
27206	828	8	1	2872	0	0	0	0	0	0	0	0	0	0	0	0	0	0
27220	829	1	1	2211	0	0	2200	1	0	0	0	0	0	0	0	0	0	0
27221	829	2	1	2211	2264	2264	2200	1	0	0	0	0	0	0	0	0	0	0
27222	829	3	1	2211	0	0	2264	1	0	0	0	0	0	0	0	0	0	0
27223	829	4	1	2264	0	0	2211	1	0	0	0	0	0	0	0	0	0	0
27224	829	5	1	2214	0	0	2264	1	2200	1	0	0	0	0	0	0	0	0
27240	830	1	1	2212	0	0	2201	1	0	0	0	0	0	0	0	0	0	0
27241	830	2	1	2268	0	0	2201	1	0	0	0	0	0	0	0	0	0	0
27242	830	3	1	2268	0	0	2212	1	0	0	0	0	0	0	0	0	0	0
27243	830	4	1	2268	0	0	2212	1	0	0	0	0	0	0	0	0	0	0
27244	830	5	1	2312	0	0	2268	1	2212	1	0	0	0	0	0	0	0	0
27260	831	1	1	2463	2480	2480	2463	1	0	0	0	0	0	0	0	0	0	0
27261	831	2	1	2480	2480	2474	2463	1	0	0	0	0	0	0	0	0	0	0
27262	831	3	1	2480	2463	2463	2474	1	0	0	0	0	0	0	0	0	0	0
27263	831	4	1	2463	2463	2474	2474	2	0	0	0	0	0	0	0	0	0	0
27264	831	5	1	2463	2480	2480	2477	1	2480	1	0	0	0	0	0	0	0	0
27280	832	1	1	2448	2448	2448	0	0	0	0	0	0	0	0	0	0	0	0
27281	832	2	1	2448	0	2452	2448	1	0	0	0	0	0	0	0	0	0	0
27282	832	3	1	2414	2452	2414	2452	1	0	0	0	0	0	0	0	0	0	0
27283	832	4	1	2448	2452	2452	2414	1	0	0	0	0	0	0	0	0	0	0
27284	832	5	1	2448	2451	2451	2417	1	2414	1	0	0	0	0	0	0	0	0
27300	833	1	1	2480	2480	2480	0	0	0	0	0	0	0	0	0	0	0	0
27301	833	2	1	2471	2471	2480	2480	1	0	0	0	0	0	0	0	0	0	0
27302	833	3	1	2471	2483	2483	2471	1	0	0	0	0	0	0	0	0	0	0
27303	833	4	1	2483	2474	2474	2483	1	0	0	0	0	0	0	0	0	0	0
27304	833	5	1	2480	2480	2483	2477	1	2483	1	0	0	0	0	0	0	0	0
27320	834	1	1	2493	2493	2493	0	0	0	0	0	0	0	0	0	0	0	0
27321	834	2	1	2493	2512	2512	2493	1	0	0	0	0	0	0	0	0	0	0
27322	834	3	1	2493	2415	2415	2512	1	0	0	0	0	0	0	0	0	0	0
27323	834	4	1	2512	2415	2415	2415	1	0	0	0	0	0	0	0	0	0	0
27324	834	5	1	2493	2415	2415	2418	1	2512	1	0	0	0	0	0	0	0	0
27340	835	1	1	2496	2496	2496	0	0	0	0	0	0	0	0	0	0	0	0
27341	835	2	1	0	2496	2505	2496	1	0	0	0	0	0	0	0	0	0	0
27342	835	3	1	2457	2505	2499	2496	1	0	0	0	0	0	0	0	0	0	0
27343	835	4	1	2505	2499	2496	2496	1	2457	1	0	0	0	0	0	0	0	0
27344	835	5	1	2508	2502	2460	2496	1	2505	1	0	0	0	0	0	0	0	0
27360	836	1	1	2496	2496	2496	0	0	0	0	0	0	0	0	0	0	0	0
27361	836	2	1	0	2496	2505	2496	1	0	0	0	0	0	0	0	0	0	0
27362	836	3	1	2457	2505	2499	2496	1	0	0	0	0	0	0	0	0	0	0
27363	836	4	1	2505	2499	2496	2496	1	2457	1	0	0	0	0	0	0	0	0
27364	836	5	1	2508	2502	2460	2496	1	2505	1	0	0	0	0	0	0	0	0
27380	837	1	1	2496	2496	2496	0	0	0	0	0	0	0	0	0	0	0	0
27381	837	2	1	0	2496	2505	2496	1	0	0	0	0	0	0	0	0	0	0
27382	837	3	1	2457	2505	2499	2496	1	0	0	0	0	0	0	0	0	0	0
27383	837	4	1	2505	2499	2496	2496	1	2457	1	0	0	0	0	0	0	0	0
27384	837	5	1	2508	2502	2460	2496	1	2505	1	0	0	0	0	0	0	0	0
27400	838	1	1	2496	2496	2496	0	0	0	0	0	0	0	0	0	0	0	0
27401	838	2	1	0	2496	2505	2496	1	0	0	0	0	0	0	0	0	0	0
27402	838	3	1	2457	2505	2499	2496	1	0	0	0	0	0	0	0	0	0	0
27403	838	4	1	2505	2499	2496	2496	1	2457	1	0	0	0	0	0	0	0	0
27404	838	5	1	2508	2502	2460	2496	1	2505	1	0	0	0	0	0	0	0	0
27420	839	1	1	2497	2497	2497	0	0	0	0	0	0	0	0	0	0	0	0
27421	839	2	1	0	2497	2506	2497	1	0	0	0	0	0	0	0	0	0	0
27422	839	3	1	2458	2506	2500	2497	1	0	0	0	0	0	0	0	0	0	0
27423	839	4	1	2506	2500	2497	2497	1	2458	1	0	0	0	0	0	0	0	0
27424	839	5	1	2509	2503	2461	2497	1	2506	1	0	0	0	0	0	0	0	0
27440	840	1	1	2497	2497	2497	0	0	0	0	0	0	0	0	0	0	0	0
27441	840	2	1	0	2497	2506	2497	1	0	0	0	0	0	0	0	0	0	0
27442	840	3	1	2458	2506	2500	2497	1	0	0	0	0	0	0	0	0	0	0
27443	840	4	1	2506	2500	2497	2497	1	2458	1	0	0	0	0	0	0	0	0
27444	840	5	1	2509	2503	2461	2497	1	2506	1	0	0	0	0	0	0	0	0
27460	841	1	1	2497	2497	2497	0	0	0	0	0	0	0	0	0	0	0	0
27461	841	2	1	0	2497	2506	2497	1	0	0	0	0	0	0	0	0	0	0
27462	841	3	1	2458	2506	2500	2497	1	0	0	0	0	0	0	0	0	0	0
27463	841	4	1	2506	2500	2497	2497	1	2458	1	0	0	0	0	0	0	0	0
27464	841	5	1	2509	2503	2461	2497	1	2506	1	0	0	0	0	0	0	0	0
27480	842	1	1	2497	2497	2497	0	0	0	0	0	0	0	0	0	0	0	0
27481	842	2	1	0	2497	2506	2497	1	0	0	0	0	0	0	0	0	0	0
27482	842	3	1	2458	2506	2500	2497	1	0	0	0	0	0	0	0	0	0	0
27483	842	4	1	2506	2500	2497	2497	1	2458	1	0	0	0	0	0	0	0	0
27484	842	5	1	2509	2503	2461	2497	1	2506	1	0	0	0	0	0	0	0	0
27500	843	1	1	2689	0	0	0	0	0	0	0	0	0	0	0	0	0	0
27501	843	2	1	2689	2699	2699	2689	1	0	0	0	0	0	0	0	0	0	0
27502	843	3	1	2612	2699	2699	2689	1	0	0	0	0	0	0	0	0	0	0
27503	843	4	1	2699	2689	2689	2612	1	0	0	0	0	0	0	0	0	0	0
27504	843	5	1	2699	2689	2689	2615	1	2612	1	0	0	0	0	0	0	0	0
27520	844	1	1	2619	0	0	0	0	0	0	0	0	0	0	0	0	0	0
27521	844	2	1	2670	2670	2695	2619	1	0	0	0	0	0	0	0	0	0	0
27522	844	3	1	2695	2695	2670	2670	1	0	0	0	0	0	0	0	0	0	0
27523	844	4	1	2673	2670	2670	2695	1	0	0	0	0	0	0	0	0	0	0
27524	844	5	1	2670	2670	2695	2674	1	2695	1	0	0	0	0	0	0	0	0
27540	845	1	1	2690	0	0	0	0	0	0	0	0	0	0	0	0	0	0
27541	845	2	1	2690	2700	2700	2690	1	0	0	0	0	0	0	0	0	0	0
27542	845	3	1	2613	2700	2700	2690	1	0	0	0	0	0	0	0	0	0	0
27543	845	4	1	2700	2690	2690	2613	1	0	0	0	0	0	0	0	0	0	0
27544	845	5	1	2700	2690	2690	2616	1	2613	1	0	0	0	0	0	0	0	0
27560	846	1	1	2620	0	0	0	0	0	0	0	0	0	0	0	0	0	0
27561	846	2	1	2671	2671	2696	2620	1	0	0	0	0	0	0	0	0	0	0
27562	846	3	1	2696	2696	2698	2671	1	0	0	0	0	0	0	0	0	0	0
27563	846	4	1	2673	2671	2671	2696	1	0	0	0	0	0	0	0	0	0	0
27564	846	5	1	2671	2671	2677	2675	1	2696	1	0	0	0	0	0	0	0	0
27580	847	1	1	2667	2606	2667	0	0	0	0	0	0	0	0	0	0	0	0
27581	847	2	1	2667	2606	2667	2641	1	0	0	0	0	0	0	0	0	0	0
27582	847	3	1	2667	2656	2656	2641	1	0	0	0	0	0	0	0	0	0	0
27583	847	4	1	2656	0	0	2641	1	0	0	0	0	0	0	0	0	0	0
27584	847	5	1	0	0	2656	2721	1	2641	1	0	0	0	0	0	0	0	0
27600	848	1	1	2668	2607	2668	0	0	0	0	0	0	0	0	0	0	0	0
27601	848	2	1	2668	2607	2668	2642	1	0	0	0	0	0	0	0	0	0	0
27602	848	3	1	2668	2657	2657	2642	1	0	0	0	0	0	0	0	0	0	0
27603	848	4	1	2657	0	0	2642	1	0	0	0	0	0	0	0	0	0	0
27604	848	5	1	0	0	2657	2722	1	2642	1	0	0	0	0	0	0	0	0
27620	849	1	1	2667	2606	2667	0	0	0	0	0	0	0	0	0	0	0	0
27621	849	2	1	2667	2606	2667	2641	1	0	0	0	0	0	0	0	0	0	0
27622	849	3	1	2667	2656	2656	2641	1	0	0	0	0	0	0	0	0	0	0
27623	849	4	1	2656	0	0	2641	1	0	0	0	0	0	0	0	0	0	0
27624	849	5	1	0	0	2656	2721	1	2641	1	0	0	0	0	0	0	0	0
27640	850	1	1	2668	2607	2668	0	0	0	0	0	0	0	0	0	0	0	0
27641	850	2	1	2668	2607	2668	2642	1	0	0	0	0	0	0	0	0	0	0
27642	850	3	1	2668	2657	2657	2642	1	0	0	0	0	0	0	0	0	0	0
27643	850	4	1	2657	0	0	2642	1	0	0	0	0	0	0	0	0	0	0
27644	850	5	1	0	0	2657	2722	1	2642	1	0	0	0	0	0	0	0	0
27660	851	1	1	2667	2641	2667	0	0	0	0	0	0	0	0	0	0	0	0
27661	851	2	1	2667	2641	2667	2606	1	0	0	0	0	0	0	0	0	0	0
27662	851	3	1	2667	2656	2656	2606	1	0	0	0	0	0	0	0	0	0	0
27663	851	4	1	2656	0	0	2606	1	0	0	0	0	0	0	0	0	0	0
27664	851	5	1	0	0	2656	2609	1	2606	1	0	0	0	0	0	0	0	0
27680	852	1	1	2668	2642	2668	0	0	0	0	0	0	0	0	0	0	0	0
27681	852	2	1	2668	2642	2668	2607	1	0	0	0	0	0	0	0	0	0	0
27682	852	3	1	2668	2657	2657	2607	1	0	0	0	0	0	0	0	0	0	0
27683	852	4	1	2657	0	0	2607	1	0	0	0	0	0	0	0	0	0	0
27684	852	5	1	0	0	2657	2610	1	2607	1	0	0	0	0	0	0	0	0
27700	853	1	1	2668	2642	2668	0	0	0	0	0	0	0	0	0	0	0	0
27701	853	2	1	2668	2642	2668	2607	1	0	0	0	0	0	0	0	0	0	0
27702	853	3	1	2668	2657	2657	2607	1	0	0	0	0	0	0	0	0	0	0
27703	853	4	1	2657	0	0	2607	1	0	0	0	0	0	0	0	0	0	0
27704	853	5	1	0	0	2657	2610	1	2607	1	0	0	0	0	0	0	0	0
27720	854	1	1	2727	2692	0	0	0	0	0	0	0	0	0	0	0	0	0
27721	854	2	1	2692	2664	0	2727	1	0	0	0	0	0	0	0	0	0	0
27722	854	3	1	2644	2664	0	2727	1	0	0	0	0	0	0	0	0	0	0
27723	854	4	1	2648	0	0	2724	1	0	0	0	0	0	0	0	0	0	0
27724	854	5	1	2730	2660	0	2727	1	2724	1	0	0	0	0	0	0	0	0
27740	855	1	1	2728	2693	0	0	0	0	0	0	0	0	0	0	0	0	0
27741	855	2	1	2693	2665	0	2728	1	0	0	0	0	0	0	0	0	0	0
27742	855	3	1	2645	2665	0	2728	1	0	0	0	0	0	0	0	0	0	0
27743	855	4	1	2649	0	0	2725	1	0	0	0	0	0	0	0	0	0	0
27744	855	5	1	2731	2661	0	2728	1	2725	1	0	0	0	0	0	0	0	0
27760	856	1	1	2728	2693	0	0	0	0	0	0	0	0	0	0	0	0	0
27761	856	2	1	2693	2665	0	2728	1	0	0	0	0	0	0	0	0	0	0
27762	856	3	1	2645	2665	0	2728	1	0	0	0	0	0	0	0	0	0	0
27763	856	4	1	2649	0	0	2725	1	0	0	0	0	0	0	0	0	0	0
27764	856	5	1	2731	2661	0	2728	1	2725	1	0	0	0	0	0	0	0	0
27780	857	1	1	2606	0	0	2635	1	0	0	0	0	0	0	0	0	0	0
27781	857	2	1	2606	2635	0	2656	1	0	0	0	0	0	0	0	0	0	0
27782	857	3	1	2733	2603	2603	2733	1	0	0	0	0	0	0	0	0	0	0
27783	857	4	1	2656	2635	2606	2609	1	2656	1	0	0	0	0	0	0	0	0
27784	857	5	1	2733	2603	2603	2736	1	0	0	0	0	0	0	0	0	0	0
27800	858	1	1	2668	2642	0	0	0	0	0	0	0	0	0	0	0	0	0
27801	858	2	1	2734	2734	2653	2737	1	0	0	0	0	0	0	0	0	0	0
27802	858	3	1	2642	2668	0	2657	1	0	0	0	0	0	0	0	0	0	0
27803	858	4	1	2657	2657	2642	2722	1	2642	1	0	0	0	0	0	0	0	0
27804	858	5	1	2734	2734	2653	2737	1	0	0	0	0	0	0	0	0	0	0
27820	859	1	1	2606	2641	0	0	0	0	0	0	0	0	0	0	0	0	0
27821	859	2	1	2641	2641	2606	2606	1	0	0	0	0	0	0	0	0	0	0
27822	859	3	1	2641	0	0	2656	1	0	0	0	0	0	0	0	0	0	0
27823	859	4	1	2609	2721	0	2656	2	0	0	0	0	0	0	0	0	0	0
27824	859	5	1	2739	2648	2644	2742	1	0	0	0	0	0	0	0	0	0	0
27840	860	1	1	2607	0	0	0	0	0	0	0	0	0	0	0	0	0	0
27841	860	2	1	2636	0	0	2607	1	0	0	0	0	0	0	0	0	0	0
27842	860	3	1	2657	0	0	2607	1	0	0	0	0	0	0	0	0	0	0
27843	860	4	1	2657	2657	2607	2639	1	2657	1	0	0	0	0	0	0	0	0
27844	860	5	1	2740	2649	2645	2743	1	0	0	0	0	0	0	0	0	0	0
50000	2004	2	1	98	0	0	0	0	0	0	0	0	0	0	0	0	0	0
50001	2004	3	1	102	0	0	0	0	0	0	0	0	0	0	0	0	0	0
50002	2004	4	1	610	0	0	0	0	0	0	0	0	0	0	0	0	0	0
50003	2004	5	1	611	0	0	0	0	0	0	0	0	0	0	0	0	0	0
50004	2004	6	1	613	0	0	0	0	0	0	0	0	0	0	0	0	0	0
50005	2004	7	1	614	0	0	0	0	0	0	0	0	0	0	0	0	0	0
50006	2004	8	1	616	0	0	0	0	0	0	0	0	0	0	0	0	0	0
50020	114	1	1	555	0	0	0	0	0	0	0	0	0	0	0	0	0	0
50021	114	2	1	556	0	0	0	0	0	0	0	0	0	0	0	0	0	0
50022	114	3	1	557	0	0	0	0	0	0	0	0	0	0	0	0	0	0
50023	114	4	1	558	0	0	0	0	0	0	0	0	0	0	0	0	0	0
50024	114	5	1	559	0	0	0	0	0	0	0	0	0	0	0	0	0	0
50025	114	6	1	851	852	0	852	2	0	0	0	0	0	0	0	0	0	0
50026	114	7	1	845	0	0	0	0	0	0	0	0	0	0	0	0	0	0
50030	115	1	1	1823	1824	0	1825	3	0	0	0	0	0	0	0	0	0	0
50031	115	2	1	1821	0	0	1823	2	1824	1	0	0	0	0	0	0	0	0
50032	115	3	1	1821	0	0	1822	3	0	0	0	0	0	0	0	0	0	0
50033	115	4	1	1821	0	0	1821	2	0	0	0	0	0	0	0	0	0	0
50034	115	5	1	1820	0	0	1821	2	0	0	0	0	0	0	0	0	0	0
50035	115	6	1	912	0	0	0	0	0	0	0	0	0	0	0	0	0	0
50040	124	1	1	560	0	0	0	0	0	0	0	0	0	0	0	0	0	0
50041	124	2	1	561	0	0	0	0	0	0	0	0	0	0	0	0	0	0
50042	124	3	1	562	0	0	0	0	0	0	0	0	0	0	0	0	0	0
50043	124	4	1	563	0	0	0	0	0	0	0	0	0	0	0	0	0	0
50044	124	5	1	564	0	0	0	0	0	0	0	0	0	0	0	0	0	0
50045	124	6	1	565	0	0	0	0	0	0	0	0	0	0	0	0	0	0
50046	124	7	1	823	0	0	0	0	0	0	0	0	0	0	0	0	0	0
50060	125	1	1	551	0	0	0	0	0	0	0	0	0	0	0	0	0	0
50061	125	2	1	552	0	0	0	0	0	0	0	0	0	0	0	0	0	0
50062	125	3	1	846	0	0	0	0	0	0	0	0	0	0	0	0	0	0
50063	125	4	1	553	554	0	0	0	0	0	0	0	0	0	0	0	0	0
50064	125	5	1	847	0	0	0	0	0	0	0	0	0	0	0	0	0	0
50080	861	1	1	569	0	0	0	0	0	0	0	0	0	0	0	0	0	0
50081	861	2	1	570	0	0	0	0	0	0	0	0	0	0	0	0	0	0
50082	861	3	1	571	0	0	0	0	0	0	0	0	0	0	0	0	0	0
50083	861	4	1	572	0	0	0	0	0	0	0	0	0	0	0	0	0	0
50100	862	1	1	3000	0	0	0	0	0	0	0	0	0	0	0	0	0	0
50101	862	2	1	3001	0	0	0	0	0	0	0	0	0	0	0	0	0	0
50102	862	3	1	3002	0	0	0	0	0	0	0	0	0	0	0	0	0	0
50120	863	1	1	3003	0	0	0	0	0	0	0	0	0	0	0	0	0	0
50121	863	2	1	3004	0	0	0	0	0	0	0	0	0	0	0	0	0	0
50122	863	3	1	3005	0	0	0	0	0	0	0	0	0	0	0	0	0	0
50123	863	4	1	3006	0	0	0	0	0	0	0	0	0	0	0	0	0	0
50140	864	1	1	2853	0	0	0	0	0	0	0	0	0	0	0	0	0	0
50141	864	2	1	2853	0	0	2853	1	0	0	0	0	0	0	0	0	0	0
50142	864	3	1	3009	0	0	0	0	0	0	0	0	0	0	0	0	0	0
50143	864	4	1	3010	0	0	3009	1	0	0	0	0	0	0	0	0	0	0
50144	864	5	1	3011	0	0	0	0	0	0	0	0	0	0	0	0	0	0
50145	864	6	1	3012	0	0	0	0	0	0	0	0	0	0	0	0	0	0
50160	865	1	1	3013	0	0	0	0	0	0	0	0	0	0	0	0	0	0
50161	865	2	1	3014	0	0	3014	1	0	0	0	0	0	0	0	0	0	0
50180	866	1	1	3015	0	0	0	0	0	0	0	0	0	0	0	0	0	0
50181	866	2	1	3016	0	0	3015	1	0	0	0	0	0	0	0	0	0	0
50182	866	3	1	3017	0	0	0	0	0	0	0	0	0	0	0	0	0	0
50183	866	4	1	3018	0	0	3017	2	0	0	0	0	0	0	0	0	0	0
50184	866	5	1	3019	0	0	0	0	0	0	0	0	0	0	0	0	0	0
50200	867	1	1	3020	0	0	0	0	0	0	0	0	0	0	0	0	0	0
50201	867	2	1	3021	0	0	0	0	0	0	0	0	0	0	0	0	0	0
50202	867	3	1	3023	0	0	3022	2	0	0	0	0	0	0	0	0	0	0
50203	867	4	1	3023	0	0	3023	1	0	0	0	0	0	0	0	0	0	0
50204	867	5	1	3024	0	0	0	0	0	0	0	0	0	0	0	0	0	0
50220	868	1	1	3025	0	0	0	0	0	0	0	0	0	0	0	0	0	0
50221	868	2	1	3026	0	0	0	0	0	0	0	0	0	0	0	0	0	0
50222	868	3	1	3028	0	0	3027	1	0	0	0	0	0	0	0	0	0	0
50223	868	4	1	3028	0	0	3027	2	0	0	0	0	0	0	0	0	0	0
50224	868	5	1	3029	0	0	0	0	0	0	0	0	0	0	0	0	0	0
50240	869	1	1	3031	0	0	0	0	0	0	0	0	0	0	0	0	0	0
50241	869	2	1	3032	0	0	3030	2	0	0	0	0	0	0	0	0	0	0
50242	869	3	1	3032	0	0	3032	1	0	0	0	0	0	0	0	0	0	0
50243	869	4	1	3033	0	0	0	0	0	0	0	0	0	0	0	0	0	0
50260	870	1	1	3034	0	0	0	0	0	0	0	0	0	0	0	0	0	0
50280	871	1	1	2067	0	0	0	0	0	0	0	0	0	0	0	0	0	0
50281	871	2	1	2067	0	0	0	0	0	0	0	0	0	0	0	0	0	0
50282	871	3	1	3035	0	0	0	0	0	0	0	0	0	0	0	0	0	0
50283	871	4	1	3035	0	0	3035	2	0	0	0	0	0	0	0	0	0	0
50284	871	5	1	3036	0	0	0	0	0	0	0	0	0	0	0	0	0	0
50285	871	6	1	3037	0	0	0	0	0	0	0	0	0	0	0	0	0	0
50286	871	7	1	3038	0	0	0	0	0	0	0	0	0	0	0	0	0	0
50300	872	1	1	3039	0	0	0	0	0	0	0	0	0	0	0	0	0	0
50301	872	2	1	3040	0	0	0	0	0	0	0	0	0	0	0	0	0	0
50302	872	3	1	3041	0	0	3040	1	0	0	0	0	0	0	0	0	0	0
50303	872	4	1	3042	0	0	0	0	0	0	0	0	0	0	0	0	0	0
50304	872	5	1	3043	0	0	0	0	0	0	0	0	0	0	0	0	0	0
50320	873	1	1	2067	0	0	0	0	0	0	0	0	0	0	0	0	0	0
50321	873	2	1	2067	0	0	2067	1	0	0	0	0	0	0	0	0	0	0
50322	873	3	1	3044	0	0	0	0	0	0	0	0	0	0	0	0	0	0
50323	873	4	1	3045	0	0	0	0	0	0	0	0	0	0	0	0	0	0
50324	873	5	1	3144	0	0	0	0	0	0	0	0	0	0	0	0	0	0
50340	874	1	1	3046	0	0	0	0	0	0	0	0	0	0	0	0	0	0
50341	874	2	1	3047	0	0	0	0	0	0	0	0	0	0	0	0	0	0
50342	874	3	1	3048	0	0	2030	3	0	0	0	0	0	0	0	0	0	0
50343	874	4	1	3049	0	0	0	0	0	0	0	0	0	0	0	0	0	0
50344	874	5	1	3050	0	0	0	0	0	0	0	0	0	0	0	0	0	0
50360	875	1	1	3051	0	0	3051	1	0	0	0	0	0	0	0	0	0	0
50361	875	2	1	3051	0	0	3051	1	0	0	0	0	0	0	0	0	0	0
50362	875	3	1	3051	0	0	3051	1	0	0	0	0	0	0	0	0	0	0
50363	875	4	1	3054	0	0	0	0	0	0	0	0	0	0	0	0	0	0
50380	876	1	1	3055	0	0	0	0	0	0	0	0	0	0	0	0	0	0
50381	876	2	1	3055	0	0	3055	1	0	0	0	0	0	0	0	0	0	0
50382	876	3	1	3056	0	0	0	0	0	0	0	0	0	0	0	0	0	0
50383	876	4	1	3056	0	0	3056	1	0	0	0	0	0	0	0	0	0	0
50384	876	5	1	3057	0	0	0	0	0	0	0	0	0	0	0	0	0	0
50400	877	1	1	3058	0	0	0	0	0	0	0	0	0	0	0	0	0	0
50401	877	2	1	3060	0	0	0	0	0	0	0	0	0	0	0	0	0	0
50402	877	3	1	3059	0	0	0	0	0	0	0	0	0	0	0	0	0	0
50403	877	4	1	2030	0	0	0	0	0	0	0	0	0	0	0	0	0	0
50404	877	5	1	3062	0	0	0	0	0	0	0	0	0	0	0	0	0	0
50420	878	1	1	3063	0	0	0	0	0	0	0	0	0	0	0	0	0	0
50421	878	2	1	3064	0	0	3064	2	0	0	0	0	0	0	0	0	0	0
50422	878	3	1	3064	0	0	3064	2	0	0	0	0	0	0	0	0	0	0
50423	878	4	1	3064	0	0	3064	2	0	0	0	0	0	0	0	0	0	0
50424	878	6	1	3064	0	0	3064	1	0	0	0	0	0	0	0	0	0	0
50440	879	1	1	3065	0	0	0	0	0	0	0	0	0	0	0	0	0	0
50441	879	2	1	3066	0	0	0	0	0	0	0	0	0	0	0	0	0	0
50442	879	3	1	3067	0	0	0	0	0	0	0	0	0	0	0	0	0	0
50460	880	1	1	3068	0	0	0	0	0	0	0	0	0	0	0	0	0	0
50461	880	2	1	3068	0	0	3068	1	0	0	0	0	0	0	0	0	0	0
50462	880	3	1	3069	0	0	0	0	0	0	0	0	0	0	0	0	0	0
50463	880	4	1	3069	0	0	0	0	0	0	0	0	0	0	0	0	0	0
50464	880	5	1	3070	0	0	0	0	0	0	0	0	0	0	0	0	0	0
50465	880	6	1	3070	0	0	3070	1	0	0	0	0	0	0	0	0	0	0
50466	880	7	1	3071	0	0	0	0	0	0	0	0	0	0	0	0	0	0
50467	880	8	1	3072	0	0	0	0	0	0	0	0	0	0	0	0	0	0
50480	881	1	1	3073	0	0	0	0	0	0	0	0	0	0	0	0	0	0
50481	881	2	1	3074	0	0	0	0	0	0	0	0	0	0	0	0	0	0
50482	881	3	1	3075	0	0	0	0	0	0	0	0	0	0	0	0	0	0
50483	881	4	1	3076	0	0	0	0	0	0	0	0	0	0	0	0	0	0
50484	881	5	1	3077	0	0	0	0	0	0	0	0	0	0	0	0	0	0
50500	882	1	1	3078	0	0	0	0	0	0	0	0	0	0	0	0	0	0
50501	882	2	1	3078	0	0	3078	1	0	0	0	0	0	0	0	0	0	0
50502	882	3	1	3079	0	0	3079	1	0	0	0	0	0	0	0	0	0	0
50503	882	4	1	3079	0	0	3079	2	0	0	0	0	0	0	0	0	0	0
50504	882	5	1	3080	0	0	0	0	0	0	0	0	0	0	0	0	0	0
50505	882	6	1	3081	0	0	0	0	0	0	0	0	0	0	0	0	0	0
50506	882	7	1	3082	0	0	0	0	0	0	0	0	0	0	0	0	0	0
50520	3031	1	1	569	0	0	0	0	0	0	0	0	0	0	0	0	0	0
50521	3031	2	1	570	0	0	0	0	0	0	0	0	0	0	0	0	0	0
50522	3031	3	1	571	0	0	0	0	0	0	0	0	0	0	0	0	0	0
50523	3031	4	1	842	0	0	0	0	0	0	0	0	0	0	0	0	0	0
50524	3031	5	1	780	0	0	0	0	0	0	0	0	0	0	0	0	0	0
50525	3031	6	1	781	0	0	0	0	0	0	0	0	0	0	0	0	0	0
50540	3032	1	1	573	0	0	0	0	0	0	0	0	0	0	0	0	0	0
50541	3032	2	1	848	0	0	0	0	0	0	0	0	0	0	0	0	0	0
50542	3032	3	1	575	0	0	0	0	0	0	0	0	0	0	0	0	0	0
50543	3032	4	1	0	0	0	0	0	0	0	0	0	0	0	0	0	0	0
50560	3033	1	1	577	0	0	0	0	0	0	0	0	0	0	0	0	0	0
50561	3033	2	1	578	0	0	0	0	0	0	0	0	0	0	0	0	0	0
50580	3034	1	1	579	0	0	0	0	0	0	0	0	0	0	0	0	0	0
50581	3034	2	1	580	0	0	0	0	0	0	0	0	0	0	0	0	0	0
50600	3035	1	1	581	0	0	0	0	0	0	0	0	0	0	0	0	0	0
50601	3035	2	1	582	0	0	0	0	0	0	0	0	0	0	0	0	0	0
50602	3035	3	1	782	0	0	0	0	0	0	0	0	0	0	0	0	0	0
50620	3036	1	1	583	0	0	0	0	0	0	0	0	0	0	0	0	0	0
50640	3037	1	1	585	0	0	0	0	0	0	0	0	0	0	0	0	0	0
50660	3038	1	1	587	0	0	0	0	0	0	0	0	0	0	0	0	0	0
50661	3038	2	1	588	0	0	0	0	0	0	0	0	0	0	0	0	0	0
50662	3038	3	1	589	0	0	0	0	0	0	0	0	0	0	0	0	0	0
50663	3038	4	1	590	0	0	0	0	0	0	0	0	0	0	0	0	0	0
50680	3039	1	1	591	0	0	0	0	0	0	0	0	0	0	0	0	0	0
50681	3039	2	1	592	0	0	0	0	0	0	0	0	0	0	0	0	0	0
50682	3039	3	1	593	0	0	0	0	0	0	0	0	0	0	0	0	0	0
50700	3040	1	1	617	0	0	0	0	0	0	0	0	0	0	0	0	0	0
50701	3040	2	1	618	0	0	0	0	0	0	0	0	0	0	0	0	0	0
50702	3040	3	1	619	0	0	0	0	0	0	0	0	0	0	0	0	0	0
50720	3041	1	1	594	0	0	0	0	0	0	0	0	0	0	0	0	0	0
50721	3041	2	1	595	0	0	0	0	0	0	0	0	0	0	0	0	0	0
50722	3041	3	1	596	0	0	0	0	0	0	0	0	0	0	0	0	0	0
50723	3041	4	1	597	0	0	0	0	0	0	0	0	0	0	0	0	0	0
50740	3042	1	1	598	0	0	0	0	0	0	0	0	0	0	0	0	0	0
50741	3042	2	1	599	0	0	0	0	0	0	0	0	0	0	0	0	0	0
50742	3042	3	1	600	0	0	0	0	0	0	0	0	0	0	0	0	0	0
50743	3042	4	1	783	0	0	0	0	0	0	0	0	0	0	0	0	0	0
50760	3043	1	1	601	0	0	0	0	0	0	0	0	0	0	0	0	0	0
50761	3043	2	1	602	0	0	0	0	0	0	0	0	0	0	0	0	0	0
50780	3044	1	1	603	0	0	0	0	0	0	0	0	0	0	0	0	0	0
50781	3044	2	1	604	0	0	0	0	0	0	0	0	0	0	0	0	0	0
50800	3045	1	1	605	0	0	0	0	0	0	0	0	0	0	0	0	0	0
50801	3045	2	1	606	0	0	0	0	0	0	0	0	0	0	0	0	0	0
50820	3046	1	1	607	0	0	0	0	0	0	0	0	0	0	0	0	0	0
50821	3046	2	1	608	0	0	0	0	0	0	0	0	0	0	0	0	0	0
50840	3047	1	1	711	0	0	0	0	0	0	0	0	0	0	0	0	0	0
50841	3047	2	1	712	0	0	0	0	0	0	0	0	0	0	0	0	0	0
50860	3048	1	1	713	0	0	0	0	0	0	0	0	0	0	0	0	0	0
50861	3048	2	1	714	0	0	0	0	0	0	0	0	0	0	0	0	0	0
50862	3048	3	1	784	0	0	0	0	0	0	0	0	0	0	0	0	0	0
50880	3049	1	1	715	0	0	0	0	0	0	0	0	0	0	0	0	0	0
50881	3049	2	1	716	0	0	0	0	0	0	0	0	0	0	0	0	0	0
50882	3049	3	1	736	0	0	0	0	0	0	0	0	0	0	0	0	0	0
50883	3049	4	1	737	0	0	0	0	0	0	0	0	0	0	0	0	0	0
50900	3050	1	1	734	0	0	0	0	0	0	0	0	0	0	0	0	0	0
50901	3050	2	1	735	0	0	0	0	0	0	0	0	0	0	0	0	0	0
50902	3050	3	1	738	0	0	0	0	0	0	0	0	0	0	0	0	0	0
50903	3050	4	1	739	0	0	0	0	0	0	0	0	0	0	0	0	0	0
50920	3051	1	1	785	0	0	0	0	0	0	0	0	0	0	0	0	0	0
50921	3051	2	1	786	0	0	0	0	0	0	0	0	0	0	0	0	0	0
50940	3052	1	1	787	0	0	0	0	0	0	0	0	0	0	0	0	0	0
50960	3053	1	1	789	0	0	0	0	0	0	0	0	0	0	0	0	0	0
50961	3053	2	1	790	0	0	0	0	0	0	0	0	0	0	0	0	0	0
50962	3053	3	1	791	0	0	0	0	0	0	0	0	0	0	0	0	0	0
50963	3053	4	1	792	0	0	0	0	0	0	0	0	0	0	0	0	0	0
50980	3054	1	1	793	0	0	0	0	0	0	0	0	0	0	0	0	0	0
50981	3054	2	1	0	0	0	0	0	0	0	0	0	0	0	0	0	0	0
50982	3054	3	1	795	0	0	0	0	0	0	0	0	0	0	0	0	0	0
51000	3055	1	1	777	778	777	777	1	778	2	0	0	0	0	0	0	0	0
51001	3055	2	1	777	778	775	777	1	778	1	775	1	0	0	0	0	0	0
51002	3055	3	1	779	776	775	775	1	779	1	776	1	0	0	0	0	0	0
51003	3055	4	1	779	779	776	776	2	779	1	0	0	0	0	0	0	0	0
51004	3055	5	1	776	776	772	772	1	776	1	779	1	774	1	0	0	0	0
51005	3055	6	1	772	772	779	773	1	774	2	779	1	0	0	0	0	0	0
51006	3055	7	1	853	0	0	0	0	0	0	0	0	0	0	0	0	0	0
51020	3056	1	1	3083	0	0	3084	1	0	0	0	0	0	0	0	0	0	0
51021	3056	2	1	3086	0	0	3085	1	0	0	0	0	0	0	0	0	0	0
51022	3056	3	1	3087	0	0	3084	1	3088	1	0	0	0	0	0	0	0	0
51023	3056	4	1	3085	0	0	3085	1	0	0	0	0	0	0	0	0	0	0
51024	3056	5	1	3089	0	0	3087	2	3088	1	0	0	0	0	0	0	0	0
51025	3056	6	1	3090	0	0	0	0	0	0	0	0	0	0	0	0	0	0
51026	3056	7	1	3091	0	0	0	0	0	0	0	0	0	0	0	0	0	0
51040	3057	1	1	3092	0	0	3093	1	3092	1	0	0	0	0	0	0	0	0
51041	3057	2	1	3092	0	0	3093	1	3094	1	0	0	0	0	0	0	0	0
51042	3057	3	1	3095	0	0	3093	1	3094	1	0	0	0	0	0	0	0	0
51043	3057	4	1	3095	0	0	3094	1	3095	1	0	0	0	0	0	0	0	0
51044	3057	5	1	3096	0	0	3094	2	3095	2	0	0	0	0	0	0	0	0
51045	3057	6	1	3097	0	0	0	0	0	0	0	0	0	0	0	0	0	0
51046	3057	7	1	3098	0	0	0	0	0	0	0	0	0	0	0	0	0	0
51047	3057	8	1	3099	0	0	0	0	0	0	0	0	0	0	0	0	0	0
51060	3058	1	1	3100	0	0	3101	1	0	0	0	0	0	0	0	0	0	0
51061	3058	2	1	3102	0	0	3103	1	0	0	0	0	0	0	0	0	0	0
51062	3058	3	1	3109	0	0	3102	2	3105	1	0	0	0	0	0	0	0	0
51063	3058	4	1	3106	0	0	3105	2	3106	1	0	0	0	0	0	0	0	0
51064	3058	5	1	3107	0	0	3108	2	3106	2	0	0	0	0	0	0	0	0
51065	3058	6	1	3104	0	0	3107	2	3108	2	0	0	0	0	0	0	0	0
51066	3058	7	1	3110	0	0	0	0	0	0	0	0	0	0	0	0	0	0
51067	3058	8	1	3111	0	0	0	0	0	0	0	0	0	0	0	0	0	0
51080	3059	1	1	3112	0	0	3112	1	0	0	0	0	0	0	0	0	0	0
51081	3059	2	1	3113	0	0	3112	1	0	0	0	0	0	0	0	0	0	0
51082	3059	3	1	3115	0	0	3113	2	0	0	0	0	0	0	0	0	0	0
51083	3059	4	1	3115	0	0	3114	1	3115	1	0	0	0	0	0	0	0	0
51084	3059	5	1	3114	0	0	3114	1	0	0	0	0	0	0	0	0	0	0
51085	3059	6	1	3116	0	0	0	0	0	0	0	0	0	0	0	0	0	0
51086	3059	7	1	3117	0	0	0	0	0	0	0	0	0	0	0	0	0	0
51100	3060	1	1	3119	0	0	3118	2	0	0	0	0	0	0	0	0	0	0
51101	3060	2	1	3120	0	0	3119	2	0	0	0	0	0	0	0	0	0	0
51102	3060	3	1	3121	0	0	3121	1	3119	2	0	0	0	0	0	0	0	0
51103	3060	4	1	3121	0	0	3121	1	3122	2	0	0	0	0	0	0	0	0
51104	3060	5	1	3123	0	0	3121	2	3122	2	0	0	0	0	0	0	0	0
51105	3060	6	1	3124	0	0	0	0	0	0	0	0	0	0	0	0	0	0
51106	3060	7	1	3125	0	0	0	0	0	0	0	0	0	0	0	0	0	0
51120	3061	1	1	3127	0	0	3126	2	0	0	0	0	0	0	0	0	0	0
51121	3061	2	1	3128	0	0	3127	2	0	0	0	0	0	0	0	0	0	0
51122	3061	3	1	3129	0	0	3127	2	3128	1	0	0	0	0	0	0	0	0
51123	3061	4	1	3129	0	0	3129	2	3127	1	0	0	0	0	0	0	0	0
51124	3061	5	1	3130	0	0	3129	2	3127	2	0	0	0	0	0	0	0	0
51125	3061	6	1	3131	0	0	0	0	0	0	0	0	0	0	0	0	0	0
51140	3062	1	1	3132	0	0	3132	1	3133	1	0	0	0	0	0	0	0	0
51141	3062	2	1	3133	0	0	3134	2	0	0	0	0	0	0	0	0	0	0
51142	3062	3	1	3135	0	0	3135	1	3133	1	3134	1	0	0	0	0	0	0
51143	3062	4	1	3135	0	0	3135	1	3136	1	3137	2	0	0	0	0	0	0
51144	3062	5	1	3138	0	0	3138	1	3136	2	3137	1	0	0	0	0	0	0
51145	3062	6	1	3143	0	0	0	0	0	0	0	0	0	0	0	0	0	0
51146	3062	7	1	3142	0	0	3139	1	3140	1	3141	1	0	0	0	0	0	0
51160	3063	1	1	3421	0	0	0	0	0	0	0	0	0	0	0	0	0	0
51161	3063	2	1	3423	0	0	3422	1	0	0	0	0	0	0	0	0	0	0
51162	3063	3	1	3424	0	0	3423	1	0	0	0	0	0	0	0	0	0	0
51163	3063	4	1	3425	0	0	3424	1	0	0	0	0	0	0	0	0	0	0
51164	3063	5	1	3426	0	0	3425	2	0	0	0	0	0	0	0	0	0	0
51165	3063	6	1	3201	0	0	0	0	0	0	0	0	0	0	0	0	0	0
51166	3063	7	1	3203	0	0	0	0	0	0	0	0	0	0	0	0	0	0
51180	3064	1	1	3427	0	0	0	0	0	0	0	0	0	0	0	0	0	0
51181	3064	2	1	3429	0	0	3428	1	0	0	0	0	0	0	0	0	0	0
51182	3064	3	1	3429	0	0	3429	1	0	0	0	0	0	0	0	0	0	0
51183	3064	4	1	3430	0	0	3428	1	0	0	0	0	0	0	0	0	0	0
51184	3064	5	1	3423	0	0	0	0	0	0	0	0	0	0	0	0	0	0
51200	3065	1	1	3431	0	0	0	0	0	0	0	0	0	0	0	0	0	0
51201	3065	2	1	3434	0	0	3431	1	0	0	0	0	0	0	0	0	0	0
51202	3065	3	1	3435	0	0	3433	1	0	0	0	0	0	0	0	0	0	0
51203	3065	4	1	3434	0	0	3432	1	0	0	0	0	0	0	0	0	0	0
51204	3065	5	1	3428	0	0	0	0	0	0	0	0	0	0	0	0	0	0
51220	3066	1	1	3436	0	0	3436	1	0	0	0	0	0	0	0	0	0	0
51221	3066	2	1	3437	0	0	3436	1	0	0	0	0	0	0	0	0	0	0
51222	3066	3	1	3438	0	0	3437	1	0	0	0	0	0	0	0	0	0	0
51223	3066	4	1	3439	0	0	3438	1	3437	1	0	0	0	0	0	0	0	0
51224	3066	5	1	3206	0	0	0	0	0	0	0	0	0	0	0	0	0	0
51225	3066	6	1	3207	0	0	0	0	0	0	0	0	0	0	0	0	0	0
51240	3067	1	1	3440	0	0	3441	1	0	0	0	0	0	0	0	0	0	0
51241	3067	2	1	3442	0	0	3442	1	0	0	0	0	0	0	0	0	0	0
51242	3067	3	1	3443	0	0	3440	1	3440	1	0	0	0	0	0	0	0	0
51243	3067	4	1	3443	0	0	3441	1	3441	1	0	0	0	0	0	0	0	0
51244	3067	5	1	3444	0	0	3442	1	3442	1	0	0	0	0	0	0	0	0
51245	3067	6	1	3215	0	0	3442	1	3442	1	0	0	0	0	0	0	0	0
51246	3067	7	1	3208	0	0	0	0	0	0	0	0	0	0	0	0	0	0
51260	3068	1	1	3445	0	0	0	0	0	0	0	0	0	0	0	0	0	0
51261	3068	2	1	3446	0	0	3445	1	0	0	0	0	0	0	0	0	0	0
51262	3068	3	1	3447	0	0	3445	1	0	0	0	0	0	0	0	0	0	0
51263	3068	4	1	3447	0	0	3446	1	0	0	0	0	0	0	0	0	0	0
51264	3068	5	1	3216	0	0	0	0	0	0	0	0	0	0	0	0	0	0
51280	3069	1	1	3448	0	0	0	0	0	0	0	0	0	0	0	0	0	0
51281	3069	2	1	3448	0	0	3448	1	0	0	0	0	0	0	0	0	0	0
51282	3069	3	1	3449	0	0	3448	1	0	0	0	0	0	0	0	0	0	0
51283	3069	4	1	3450	0	0	3449	1	0	0	0	0	0	0	0	0	0	0
51284	3069	5	1	0	0	0	0	0	0	0	0	0	0	0	0	0	0	0
51285	3069	6	1	3218	0	0	0	0	0	0	0	0	0	0	0	0	0	0
51286	3069	7	1	3443	0	0	0	0	0	0	0	0	0	0	0	0	0	0
51287	3069	8	1	3445	0	0	0	0	0	0	0	0	0	0	0	0	0	0
51288	3069	9	1	3258	0	0	0	0	0	0	0	0	0	0	0	0	0	0
51300	3070	1	1	3451	0	0	0	0	0	0	0	0	0	0	0	0	0	0
51301	3070	2	1	3452	0	0	3451	1	0	0	0	0	0	0	0	0	0	0
51302	3070	3	1	3453	0	0	3451	1	0	0	0	0	0	0	0	0	0	0
51303	3070	4	1	3454	0	0	3452	1	3451	1	0	0	0	0	0	0	0	0
51304	3070	5	1	3455	0	0	3452	1	3452	1	0	0	0	0	0	0	0	0
51320	3071	1	1	3456	0	0	0	0	0	0	0	0	0	0	0	0	0	0
51321	3071	2	1	3457	0	0	3456	1	0	0	0	0	0	0	0	0	0	0
51322	3071	3	1	3458	0	0	3457	1	0	0	0	0	0	0	0	0	0	0
51323	3071	4	1	3459	0	0	3458	1	0	0	0	0	0	0	0	0	0	0
51324	3071	5	1	3460	0	0	3458	1	3458	1	0	0	0	0	0	0	0	0
51325	3071	6	1	3223	0	0	0	0	0	0	0	0	0	0	0	0	0	0
51340	3072	1	1	3461	0	0	3462	1	0	0	0	0	0	0	0	0	0	0
51341	3072	2	1	3463	0	0	3461	1	3461	1	0	0	0	0	0	0	0	0
51342	3072	3	1	3465	0	0	3465	1	3463	1	0	0	0	0	0	0	0	0
51343	3072	4	1	3465	0	0	3465	1	3464	1	0	0	0	0	0	0	0	0
51344	3072	5	1	3466	0	0	3464	1	3464	1	0	0	0	0	0	0	0	0
51345	3072	6	1	3225	0	0	0	0	0	0	0	0	0	0	0	0	0	0
51360	3073	1	1	3467	0	0	3467	1	0	0	0	0	0	0	0	0	0	0
51361	3073	2	1	3468	0	0	3468	1	0	0	0	0	0	0	0	0	0	0
51362	3073	3	1	3471	0	0	3470	1	3470	1	0	0	0	0	0	0	0	0
51363	3073	4	1	3472	0	0	3470	1	3470	1	0	0	0	0	0	0	0	0
51364	3073	5	1	3473	0	0	3469	1	3469	1	0	0	0	0	0	0	0	0
51365	3073	6	1	3474	0	0	3470	1	3469	1	0	0	0	0	0	0	0	0
51366	3073	7	1	3226	0	0	0	0	0	0	0	0	0	0	0	0	0	0
51367	3073	8	1	3228	0	0	0	0	0	0	0	0	0	0	0	0	0	0
51380	3074	1	1	3475	0	0	3475	1	0	0	0	0	0	0	0	0	0	0
51381	3074	2	1	3476	0	0	3476	1	0	0	0	0	0	0	0	0	0	0
51382	3074	3	1	3477	0	0	3477	1	0	0	0	0	0	0	0	0	0	0
51383	3074	4	1	3478	0	0	3478	1	0	0	0	0	0	0	0	0	0	0
51384	3074	5	1	3212	0	0	0	0	0	0	0	0	0	0	0	0	0	0
51385	3074	6	1	3213	0	0	0	0	0	0	0	0	0	0	0	0	0	0
51386	3074	7	1	3250	3251	3252	0	0	0	0	0	0	0	0	0	0	0	0
51387	3074	8	1	3253	0	0	0	0	0	0	0	0	0	0	0	0	0	0
51388	3074	9	1	3254	0	0	0	0	0	0	0	0	0	0	0	0	0	0
51389	3074	10	1	3255	0	0	0	0	0	0	0	0	0	0	0	0	0	0
51390	3074	11	1	3214	0	0	0	0	0	0	0	0	0	0	0	0	0	0
51400	3075	1	1	3479	0	0	3480	1	0	0	0	0	0	0	0	0	0	0
51401	3075	2	1	3481	0	0	3480	1	0	0	0	0	0	0	0	0	0	0
51402	3075	3	1	3482	0	0	3480	1	0	0	0	0	0	0	0	0	0	0
51403	3075	4	1	3483	0	0	3482	1	0	0	0	0	0	0	0	0	0	0
51420	3076	1	1	3484	0	0	3485	1	0	0	0	0	0	0	0	0	0	0
51421	3076	2	1	3486	0	0	3485	1	0	0	0	0	0	0	0	0	0	0
51422	3076	3	1	3488	0	0	3487	1	3487	1	0	0	0	0	0	0	0	0
51423	3076	4	1	3489	0	0	3488	1	3488	1	0	0	0	0	0	0	0	0
51424	3076	5	1	3490	0	0	3489	1	3489	1	0	0	0	0	0	0	0	0
51425	3076	6	1	3231	0	0	0	0	0	0	0	0	0	0	0	0	0	0
51426	3076	7	1	3232	0	0	0	0	0	0	0	0	0	0	0	0	0	0
51440	3077	1	1	3492	0	0	3491	1	0	0	0	0	0	0	0	0	0	0
51441	3077	2	1	3492	0	0	3491	1	3491	1	0	0	0	0	0	0	0	0
51442	3077	3	1	3493	0	0	3492	1	3492	1	0	0	0	0	0	0	0	0
51443	3077	4	1	3494	0	0	3494	1	3493	1	0	0	0	0	0	0	0	0
51444	3077	5	1	3495	0	0	3495	1	3493	1	0	0	0	0	0	0	0	0
51445	3077	6	1	3234	0	0	0	0	0	0	0	0	0	0	0	0	0	0
51446	3077	7	1	3496	0	0	0	0	0	0	0	0	0	0	0	0	0	0
51447	3077	8	1	3497	0	0	0	0	0	0	0	0	0	0	0	0	0	0
51460	3078	1	1	3498	0	0	3498	1	0	0	0	0	0	0	0	0	0	0
51461	3078	2	1	3499	0	0	3499	1	3498	1	0	0	0	0	0	0	0	0
51462	3078	3	1	3499	0	0	3499	1	3500	1	0	0	0	0	0	0	0	0
51463	3078	4	1	3451	0	0	3451	1	3500	1	0	0	0	0	0	0	0	0
51464	3078	5	1	3502	0	0	3501	1	3501	1	0	0	0	0	0	0	0	0
51465	3078	6	1	3503	0	0	0	0	0	0	0	0	0	0	0	0	0	0
51466	3078	7	1	3236	0	0	0	0	0	0	0	0	0	0	0	0	0	0
51467	3078	8	1	3236	0	0	0	0	0	0	0	0	0	0	0	0	0	0
51480	3079	1	1	3505	0	0	3504	1	3504	1	0	0	0	0	0	0	0	0
51481	3079	2	1	3505	0	0	3505	1	3504	1	3504	1	0	0	0	0	0	0
51482	3079	3	1	3506	0	0	3505	1	3505	1	3504	1	0	0	0	0	0	0
51483	3079	4	1	3507	0	0	3507	1	3504	1	3504	1	0	0	0	0	0	0
51484	3079	5	1	3507	0	0	3507	1	3506	1	3506	1	0	0	0	0	0	0
51485	3079	6	1	3508	0	0	3507	1	3506	2	0	0	0	0	0	0	0	0
51486	3079	7	1	3509	0	0	0	0	0	0	0	0	0	0	0	0	0	0
51487	3079	8	1	3510	3511	0	0	0	0	0	0	0	0	0	0	0	0	0
51488	3079	9	1	3512	0	0	0	0	0	0	0	0	0	0	0	0	0	0
51489	3079	10	1	3237	0	0	0	0	0	0	0	0	0	0	0	0	0	0
51500	3080	1	1	3513	0	0	3513	1	0	0	0	0	0	0	0	0	0	0
51501	3080	2	1	3513	3514	0	3514	1	0	0	0	0	0	0	0	0	0	0
51502	3080	3	1	3515	0	0	3514	1	3514	1	0	0	0	0	0	0	0	0
51503	3080	4	1	3516	0	0	3515	1	3516	1	0	0	0	0	0	0	0	0
51504	3080	5	1	3240	0	0	0	0	0	0	0	0	0	0	0	0	0	0
51505	3080	6	1	3257	0	0	0	0	0	0	0	0	0	0	0	0	0	0
51506	3081	7	1	3504	0	0	0	0	0	0	0	0	0	0	0	0	0	0
51520	3081	1	1	3517	0	0	3517	1	0	0	0	0	0	0	0	0	0	0
51521	3081	2	1	3518	0	0	3517	1	3517	1	0	0	0	0	0	0	0	0
51522	3081	3	1	3519	0	0	3517	1	3517	1	0	0	0	0	0	0	0	0
51523	3081	4	1	3520	0	0	3518	1	3518	1	0	0	0	0	0	0	0	0
51524	3081	5	1	3521	0	0	3517	1	3517	1	0	0	0	0	0	0	0	0
51540	3082	1	1	3523	0	0	3522	1	3522	1	0	0	0	0	0	0	0	0
51541	3082	2	1	3523	3524	0	3523	1	3523	1	0	0	0	0	0	0	0	0
51542	3082	3	1	3525	0	0	3524	1	3524	1	0	0	0	0	0	0	0	0
51543	3082	4	1	3523	3524	3525	3526	1	3526	1	0	0	0	0	0	0	0	0
51560	3083	1	1	3528	0	0	3527	1	0	0	0	0	0	0	0	0	0	0
51561	3083	2	1	3530	0	0	3528	1	3527	1	0	0	0	0	0	0	0	0
51562	3083	3	1	3530	0	0	3529	1	3529	1	0	0	0	0	0	0	0	0
51563	3083	4	1	3531	0	0	3529	1	3529	1	0	0	0	0	0	0	0	0
51564	3083	5	1	3532	0	0	3531	1	3531	1	0	0	0	0	0	0	0	0
51565	3083	6	1	3245	0	0	0	0	0	0	0	0	0	0	0	0	0	0
51580	3084	1	1	3534	0	0	3533	1	3533	1	0	0	0	0	0	0	0	0
51581	3084	2	1	3535	0	0	3534	1	3534	1	0	0	0	0	0	0	0	0
51582	3084	3	1	3536	0	0	3535	1	3535	1	0	0	0	0	0	0	0	0
51583	3084	4	1	3537	0	0	3536	1	3536	1	0	0	0	0	0	0	0	0
51584	3084	5	1	3539	0	0	3538	1	3538	1	0	0	0	0	0	0	0	0
51585	3084	6	1	3247	0	0	0	0	0	0	0	0	0	0	0	0	0	0
51600	3085	1	1	3540	0	0	3540	2	3541	1	0	0	0	0	0	0	0	0
51601	3085	2	1	3541	0	0	3542	1	3540	2	0	0	0	0	0	0	0	0
51602	3085	3	1	3542	0	0	3541	2	3540	1	0	0	0	0	0	0	0	0
51603	3085	4	1	3542	0	0	3542	1	3540	2	0	0	0	0	0	0	0	0
51604	3085	5	1	3544	0	0	3543	2	3540	1	0	0	0	0	0	0	0	0
51605	3085	6	1	3546	0	0	3543	2	0	0	0	0	0	0	0	0	0	0
51606	3085	7	1	3545	0	0	0	0	0	0	0	0	0	0	0	0	0	0
51607	3085	8	1	3547	0	0	0	0	0	0	0	0	0	0	0	0	0	0
51608	3085	9	1	0	0	0	0	0	0	0	0	0	0	0	0	0	0	0
51609	3085	10	1	3548	0	0	0	0	0	0	0	0	0	0	0	0	0	0
51610	3085	11	1	3249	0	0	0	0	0	0	0	0	0	0	0	0	0	0
51611	3086	1	1	829	0	0	0	0	0	0	0	0	0	0	0	0	0	0
51620	921	1	1	3058	0	0	0	0	0	0	0	0	0	0	0	0	0	0
51621	921	2	1	3060	0	0	0	0	0	0	0	0	0	0	0	0	0	0
51622	921	3	1	3059	0	0	0	0	0	0	0	0	0	0	0	0	0	0
51623	921	4	1	2030	0	0	0	0	0	0	0	0	0	0	0	0	0	0
51624	921	5	1	3145	0	0	0	0	0	0	0	0	0	0	0	0	0	0
51640	922	1	1	3058	0	0	0	0	0	0	0	0	0	0	0	0	0	0
51641	922	2	1	3060	0	0	0	0	0	0	0	0	0	0	0	0	0	0
51642	922	3	1	3059	0	0	0	0	0	0	0	0	0	0	0	0	0	0
51643	922	4	1	2030	0	0	0	0	0	0	0	0	0	0	0	0	0	0
51644	922	5	1	3146	0	0	0	0	0	0	0	0	0	0	0	0	0	0
51660	5000	1	1	831	0	0	0	0	0	0	0	0	0	0	0	0	0	0
51680	5001	1	1	831	0	0	0	0	0	0	0	0	0	0	0	0	0	0
51700	5002	1	1	831	0	0	0	0	0	0	0	0	0	0	0	0	0	0
51720	896	1	1	3302	0	0	3301	1	0	0	0	0	0	0	0	0	0	0
51721	896	2	1	3302	0	0	3301	1	0	0	0	0	0	0	0	0	0	0
51722	896	3	1	3303	0	0	3301	1	0	0	0	0	0	0	0	0	0	0
51723	896	4	1	3303	0	0	3301	1	0	0	0	0	0	0	0	0	0	0
51724	896	5	1	3305	0	0	0	0	0	0	0	0	0	0	0	0	0	0
51725	896	6	1	3306	0	0	0	0	0	0	0	0	0	0	0	0	0	0
51740	897	1	1	3308	0	0	3307	1	0	0	0	0	0	0	0	0	0	0
51741	897	2	1	3308	0	0	3307	1	0	0	0	0	0	0	0	0	0	0
51742	897	3	1	3309	0	0	3307	1	0	0	0	0	0	0	0	0	0	0
51743	897	4	1	3310	0	0	0	0	0	0	0	0	0	0	0	0	0	0
51760	898	1	1	3311	0	0	3311	1	0	0	0	0	0	0	0	0	0	0
51761	898	2	1	3311	0	0	3312	1	0	0	0	0	0	0	0	0	0	0
51762	898	3	1	3313	0	0	3312	1	0	0	0	0	0	0	0	0	0	0
51763	898	4	1	3314	0	0	0	0	0	0	0	0	0	0	0	0	0	0
51780	899	1	1	3316	0	0	3316	1	0	0	0	0	0	0	0	0	0	0
51781	899	2	1	3317	0	0	3316	1	0	0	0	0	0	0	0	0	0	0
51782	899	3	1	3318	0	0	3317	1	0	0	0	0	0	0	0	0	0	0
51783	899	4	1	3318	0	0	3318	1	0	0	0	0	0	0	0	0	0	0
51784	899	5	1	3319	0	0	0	0	0	0	0	0	0	0	0	0	0	0
51785	899	6	1	3320	0	0	0	0	0	0	0	0	0	0	0	0	0	0
51786	899	7	1	3315	0	0	0	0	0	0	0	0	0	0	0	0	0	0
51800	900	1	1	3321	0	0	3321	1	0	0	0	0	0	0	0	0	0	0
51801	900	2	1	3322	0	0	3321	1	0	0	0	0	0	0	0	0	0	0
51802	900	3	1	3323	0	0	3322	1	0	0	0	0	0	0	0	0	0	0
51803	900	4	1	3324	0	0	3323	1	0	0	0	0	0	0	0	0	0	0
51804	900	5	1	3325	0	0	0	0	0	0	0	0	0	0	0	0	0	0
51805	900	6	1	3326	0	0	0	0	0	0	0	0	0	0	0	0	0	0
51820	902	1	1	3327	0	0	3327	1	0	0	0	0	0	0	0	0	0	0
51821	902	2	1	3327	0	0	3328	1	0	0	0	0	0	0	0	0	0	0
51822	902	3	1	3329	0	0	3329	1	0	0	0	0	0	0	0	0	0	0
51823	902	4	1	3330	0	0	3329	1	0	0	0	0	0	0	0	0	0	0
51824	902	5	1	3331	0	0	0	0	0	0	0	0	0	0	0	0	0	0
51840	906	1	1	3333	0	0	3332	1	0	0	0	0	0	0	0	0	0	0
51841	906	2	1	3333	0	0	3332	1	0	0	0	0	0	0	0	0	0	0
51842	906	3	1	3334	0	0	3332	1	0	0	0	0	0	0	0	0	0	0
51843	906	4	1	3335	0	0	3332	1	0	0	0	0	0	0	0	0	0	0
51844	906	5	1	3336	0	0	0	0	0	0	0	0	0	0	0	0	0	0
51860	903	1	1	3337	0	0	3338	1	0	0	0	0	0	0	0	0	0	0
51861	903	2	1	3338	0	0	3339	1	0	0	0	0	0	0	0	0	0	0
51862	903	3	1	3339	0	0	3340	1	0	0	0	0	0	0	0	0	0	0
51863	903	4	1	3340	0	0	3340	1	0	0	0	0	0	0	0	0	0	0
51864	903	5	1	3341	0	0	0	0	0	0	0	0	0	0	0	0	0	0
51865	903	6	1	3342	0	0	0	0	0	0	0	0	0	0	0	0	0	0
51866	903	7	1	3343	0	0	0	0	0	0	0	0	0	0	0	0	0	0
51880	907	1	1	3345	0	0	3344	1	0	0	0	0	0	0	0	0	0	0
51881	907	2	1	3347	0	0	3344	1	0	0	0	0	0	0	0	0	0	0
51882	907	3	1	3347	0	0	3345	1	0	0	0	0	0	0	0	0	0	0
51883	907	4	1	3347	0	0	3346	1	0	0	0	0	0	0	0	0	0	0
51884	907	5	1	3348	0	0	0	0	0	0	0	0	0	0	0	0	0	0
51900	905	1	1	3350	0	0	3350	1	0	0	0	0	0	0	0	0	0	0
51901	905	2	1	3351	0	0	3350	1	0	0	0	0	0	0	0	0	0	0
51902	905	3	1	3352	0	0	3352	1	0	0	0	0	0	0	0	0	0	0
51903	905	4	1	3353	0	0	3352	1	0	0	0	0	0	0	0	0	0	0
51904	905	5	1	3354	0	0	0	0	0	0	0	0	0	0	0	0	0	0
51920	908	1	1	3355	0	0	3355	1	0	0	0	0	0	0	0	0	0	0
51921	908	2	1	3355	0	0	3355	1	0	0	0	0	0	0	0	0	0	0
51922	908	3	1	3356	0	0	3355	2	0	0	0	0	0	0	0	0	0	0
51923	908	4	1	3357	0	0	3355	2	0	0	0	0	0	0	0	0	0	0
51924	908	5	1	3359	0	0	0	0	0	0	0	0	0	0	0	0	0	0
51940	911	1	1	3360	0	0	3360	1	0	0	0	0	0	0	0	0	0	0
51941	911	2	1	3361	0	0	3360	1	0	0	0	0	0	0	0	0	0	0
51942	911	3	1	3362	0	0	3360	2	0	0	0	0	0	0	0	0	0	0
51943	911	4	1	3363	0	0	3361	1	3360	1	0	0	0	0	0	0	0	0
51944	911	5	1	3364	0	0	0	0	0	0	0	0	0	0	0	0	0	0
51960	909	1	1	3365	0	0	3365	1	0	0	0	0	0	0	0	0	0	0
51961	909	2	1	3366	0	0	3366	1	0	0	0	0	0	0	0	0	0	0
51962	909	3	1	3367	0	0	3367	1	0	0	0	0	0	0	0	0	0	0
51963	909	4	1	3368	0	0	0	0	0	0	0	0	0	0	0	0	0	0
51980	920	1	1	3369	0	0	0	0	0	0	0	0	0	0	0	0	0	0
51981	920	2	1	3370	0	0	3369	1	0	0	0	0	0	0	0	0	0	0
51982	920	3	1	3371	0	0	3369	1	0	0	0	0	0	0	0	0	0	0
51983	920	4	1	3372	0	0	0	0	0	0	0	0	0	0	0	0	0	0
52000	910	1	1	3373	0	0	3373	1	0	0	0	0	0	0	0	0	0	0
52001	910	2	1	3374	0	0	3374	1	0	0	0	0	0	0	0	0	0	0
52002	910	3	1	3375	0	0	3375	1	0	0	0	0	0	0	0	0	0	0
52003	910	4	1	3376	0	0	0	0	0	0	0	0	0	0	0	0	0	0
52020	914	1	1	3377	0	0	3377	1	0	0	0	0	0	0	0	0	0	0
52021	914	2	1	3378	0	0	3378	1	0	0	0	0	0	0	0	0	0	0
52022	914	3	1	3379	0	0	3379	1	0	0	0	0	0	0	0	0	0	0
52023	914	4	1	3380	0	0	0	0	0	0	0	0	0	0	0	0	0	0
52040	912	1	1	3381	0	0	3381	1	0	0	0	0	0	0	0	0	0	0
52041	912	2	1	3382	0	0	3381	1	0	0	0	0	0	0	0	0	0	0
52042	912	3	1	3383	0	0	3382	1	0	0	0	0	0	0	0	0	0	0
52043	912	4	1	3384	0	0	3383	1	0	0	0	0	0	0	0	0	0	0
52044	912	5	1	3385	0	0	0	0	0	0	0	0	0	0	0	0	0	0
52045	912	6	1	3386	0	0	0	0	0	0	0	0	0	0	0	0	0	0
52060	913	1	1	3388	0	0	0	0	0	0	0	0	0	0	0	0	0	0
52061	913	2	1	3388	0	0	3388	1	0	0	0	0	0	0	0	0	0	0
52062	913	3	1	3389	0	0	3388	1	0	0	0	0	0	0	0	0	0	0
52063	913	4	1	3390	0	0	3389	1	0	0	0	0	0	0	0	0	0	0
52064	913	5	1	3391	0	0	0	0	0	0	0	0	0	0	0	0	0	0
52065	913	6	1	3392	0	0	0	0	0	0	0	0	0	0	0	0	0	0
52080	915	1	1	3393	0	0	0	0	0	0	0	0	0	0	0	0	0	0
52100	916	1	1	3394	0	0	3394	1	0	0	0	0	0	0	0	0	0	0
52101	916	2	1	3395	0	0	3394	1	0	0	0	0	0	0	0	0	0	0
52102	916	3	1	3396	0	0	3394	1	0	0	0	0	0	0	0	0	0	0
52103	916	4	1	3397	0	0	0	0	0	0	0	0	0	0	0	0	0	0
52120	919	1	1	3398	0	0	3398	1	0	0	0	0	0	0	0	0	0	0
52121	919	2	1	3399	0	0	3398	1	0	0	0	0	0	0	0	0	0	0
52122	919	3	1	3400	0	0	3398	1	0	0	0	0	0	0	0	0	0	0
52123	919	4	1	3401	0	0	0	0	0	0	0	0	0	0	0	0	0	0
52140	917	1	1	3402	0	0	3402	1	0	0	0	0	0	0	0	0	0	0
52141	917	2	1	3403	0	0	3402	1	0	0	0	0	0	0	0	0	0	0
52142	917	3	1	3403	0	0	3404	1	0	0	0	0	0	0	0	0	0	0
52143	917	4	1	3404	0	0	3404	1	0	0	0	0	0	0	0	0	0	0
52144	917	5	1	3405	0	0	3404	2	0	0	0	0	0	0	0	0	0	0
52145	917	6	1	3406	0	0	0	0	0	0	0	0	0	0	0	0	0	0
52146	917	7	1	3407	0	0	0	0	0	0	0	0	0	0	0	0	0	0
52160	918	1	1	3408	0	0	3408	1	0	0	0	0	0	0	0	0	0	0
52161	918	2	1	3409	0	0	3408	1	0	0	0	0	0	0	0	0	0	0
52162	918	3	1	3409	0	0	3410	1	0	0	0	0	0	0	0	0	0	0
52163	918	4	1	3411	0	0	3410	1	0	0	0	0	0	0	0	0	0	0
52164	918	5	1	3414	0	0	0	0	0	0	0	0	0	0	0	0	0	0
52165	918	6	1	3412	0	0	0	0	0	0	0	0	0	0	0	0	0	0
52180	889	1	1	3147	0	0	0	0	0	0	0	0	0	0	0	0	0	0
52181	889	2	1	3148	0	0	3148	1	0	0	0	0	0	0	0	0	0	0
52182	889	3	1	3149	0	0	0	0	0	0	0	0	0	0	0	0	0	0
52200	892	1	1	3150	0	0	0	0	0	0	0	0	0	0	0	0	0	0
52201	892	2	1	3151	0	0	0	0	0	0	0	0	0	0	0	0	0	0
52202	892	3	1	3152	0	0	0	0	0	0	0	0	0	0	0	0	0	0
52220	894	1	1	3153	0	0	0	0	0	0	0	0	0	0	0	0	0	0
52221	894	2	1	3154	0	0	0	0	0	0	0	0	0	0	0	0	0	0
52222	894	3	1	3155	0	0	0	0	0	0	0	0	0	0	0	0	0	0
52223	894	4	1	3156	0	0	0	0	0	0	0	0	0	0	0	0	0	0
52240	886	1	1	3157	0	0	0	0	0	0	0	0	0	0	0	0	0	0
52241	886	2	1	3158	0	0	0	0	0	0	0	0	0	0	0	0	0	0
52260	891	1	1	3159	0	0	0	0	0	0	0	0	0	0	0	0	0	0
52261	891	2	1	3160	0	0	0	0	0	0	0	0	0	0	0	0	0	0
52280	884	1	1	3161	0	0	0	0	0	0	0	0	0	0	0	0	0	0
52281	884	2	1	3162	0	0	0	0	0	0	0	0	0	0	0	0	0	0
52282	884	3	1	3162	0	0	3163	1	0	0	0	0	0	0	0	0	0	0
52283	884	4	1	3164	0	0	3163	1	0	0	0	0	0	0	0	0	0	0
52300	895	1	1	3166	0	0	0	0	0	0	0	0	0	0	0	0	0	0
52320	901	1	1	3168	0	0	0	0	0	0	0	0	0	0	0	0	0	0
52321	901	2	1	3169	0	0	3169	1	0	0	0	0	0	0	0	0	0	0
52340	904	1	1	3170	0	0	0	0	0	0	0	0	0	0	0	0	0	0
52341	904	2	1	3171	0	0	3171	1	0	0	0	0	0	0	0	0	0	0
52342	904	3	1	3172	0	0	0	0	0	0	0	0	0	0	0	0	0	0
52360	883	1	1	3174	0	0	3173	1	0	0	0	0	0	0	0	0	0	0
52361	883	2	1	3175	0	0	3173	1	0	0	0	0	0	0	0	0	0	0
52362	883	3	1	3173	0	0	3173	1	0	0	0	0	0	0	0	0	0	0
52363	883	4	1	3176	0	0	3173	1	0	0	0	0	0	0	0	0	0	0
52364	883	5	1	3177	0	0	0	0	0	0	0	0	0	0	0	0	0	0
52380	885	1	1	3179	0	0	3178	1	0	0	0	0	0	0	0	0	0	0
52381	885	2	1	3179	0	0	3179	1	0	0	0	0	0	0	0	0	0	0
52382	885	3	1	3180	0	0	3179	1	0	0	0	0	0	0	0	0	0	0
52383	885	4	1	3181	0	0	3180	1	0	0	0	0	0	0	0	0	0	0
52384	885	5	1	3182	0	0	0	0	0	0	0	0	0	0	0	0	0	0
52385	885	6	1	3183	0	0	0	0	0	0	0	0	0	0	0	0	0	0
52400	887	1	1	3415	0	0	3415	1	0	0	0	0	0	0	0	0	0	0
52401	887	2	1	3417	0	0	3416	1	0	0	0	0	0	0	0	0	0	0
52402	887	3	1	3418	0	0	3417	1	0	0	0	0	0	0	0	0	0	0
52403	887	4	1	3419	0	0	0	0	0	0	0	0	0	0	0	0	0	0
52404	887	5	1	3420	0	0	0	0	0	0	0	0	0	0	0	0	0	0
52420	888	1	1	3186	0	0	3185	1	0	0	0	0	0	0	0	0	0	0
52421	888	2	1	3185	0	0	3185	1	0	0	0	0	0	0	0	0	0	0
52422	888	3	1	3187	0	0	3185	1	0	0	0	0	0	0	0	0	0	0
52423	888	4	1	3188	0	0	3185	1	0	0	0	0	0	0	0	0	0	0
52424	888	5	1	3189	0	0	0	0	0	0	0	0	0	0	0	0	0	0
52425	888	6	1	3190	0	0	0	0	0	0	0	0	0	0	0	0	0	0
52440	890	1	1	3191	0	0	3191	1	0	0	0	0	0	0	0	0	0	0
52441	890	2	1	3192	0	0	3192	1	0	0	0	0	0	0	0	0	0	0
52442	890	3	1	3193	0	0	3192	1	0	0	0	0	0	0	0	0	0	0
52443	890	4	1	3194	0	0	3192	1	0	0	0	0	0	0	0	0	0	0
52444	890	5	1	3195	0	0	0	0	0	0	0	0	0	0	0	0	0	0
52460	893	1	1	3196	0	0	3196	1	0	0	0	0	0	0	0	0	0	0
52461	893	2	1	3197	0	0	3196	1	0	0	0	0	0	0	0	0	0	0
52462	893	3	1	3198	0	0	3196	1	0	0	0	0	0	0	0	0	0	0
52463	893	4	1	3199	0	0	3196	1	0	0	0	0	0	0	0	0	0	0
52464	893	5	1	3200	0	0	0	0	0	0	0	0	0	0	0	0	0	0
52480	5004	1	1	1730	0	0	0	0	0	0	0	0	0	0	0	0	0	0
52500	5005	1	1	1731	0	0	0	0	0	0	0	0	0	0	0	0	0	0
52520	5006	1	1	1732	0	0	0	0	0	0	0	0	0	0	0	0	0	0
52540	5008	1	1	1733	0	0	0	0	0	0	0	0	0	0	0	0	0	0
52541	5008	2	1	823	0	0	0	0	0	0	0	0	0	0	0	0	0	0
52560	5009	1	1	1734	0	0	0	0	0	0	0	0	0	0	0	0	0	0
52561	5009	2	1	1731	0	0	0	0	0	0	0	0	0	0	0	0	0	0
52562	5009	3	1	1738	0	0	0	0	0	0	0	0	0	0	0	0	0	0
52580	5010	1	1	1735	0	0	0	0	0	0	0	0	0	0	0	0	0	0
52600	5012	1	1	1734	0	0	0	0	0	0	0	0	0	0	0	0	0	0
52601	5012	2	1	1737	0	0	0	0	0	0	0	0	0	0	0	0	0	0
52602	5012	3	1	1738	0	0	0	0	0	0	0	0	0	0	0	0	0	0
52620	5017	1	1	1472	0	0	0	0	0	0	0	0	0	0	0	0	0	0
52621	5017	2	1	1473	0	0	0	0	0	0	0	0	0	0	0	0	0	0
52640	5018	1	1	1472	0	0	0	0	0	0	0	0	0	0	0	0	0	0
52641	5018	2	1	1473	0	0	0	0	0	0	0	0	0	0	0	0	0	0
52660	5013	1	1	1375	0	0	0	0	0	0	0	0	0	0	0	0	0	0
52661	5013	2	1	1376	0	0	0	0	0	0	0	0	0	0	0	0	0	0
52662	5013	3	1	1736	0	0	0	0	0	0	0	0	0	0	0	0	0	0
52680	5014	1	1	1375	0	0	0	0	0	0	0	0	0	0	0	0	0	0
52681	5014	2	1	1376	0	0	0	0	0	0	0	0	0	0	0	0	0	0
52682	5014	3	1	1736	0	0	0	0	0	0	0	0	0	0	0	0	0	0
52700	5015	1	1	1375	0	0	0	0	0	0	0	0	0	0	0	0	0	0
52701	5015	2	1	1376	0	0	0	0	0	0	0	0	0	0	0	0	0	0
52702	5015	3	1	1736	0	0	0	0	0	0	0	0	0	0	0	0	0	0
52720	5023	1	1	1375	0	0	0	0	0	0	0	0	0	0	0	0	0	0
52721	5023	2	1	1376	0	0	0	0	0	0	0	0	0	0	0	0	0	0
52722	5023	3	1	1736	0	0	0	0	0	0	0	0	0	0	0	0	0	0
52723	5023	4	1	877	0	0	0	0	0	0	0	0	0	0	0	0	0	0
52740	5024	1	1	878	0	0	0	0	0	0	0	0	0	0	0	0	0	0
52760	5026	1	1	879	0	0	0	0	0	0	0	0	0	0	0	0	0	0
52780	5027	1	1	506	0	0	0	0	0	0	0	0	0	0	0	0	0	0
52781	5027	2	1	844	0	0	0	0	0	0	0	0	0	0	0	0	0	0
52782	5027	3	1	506	0	0	0	0	0	0	0	0	0	0	0	0	0	0
52783	5027	4	1	843	0	0	0	0	0	0	0	0	0	0	0	0	0	0
52800	5028	1	1	1920	0	0	0	0	0	0	0	0	0	0	0	0	0	0
52801	5028	2	1	1921	0	0	0	0	0	0	0	0	0	0	0	0	0	0
52802	5028	3	1	1924	0	0	0	0	0	0	0	0	0	0	0	0	0	0
52803	5028	4	1	1925	0	0	0	0	0	0	0	0	0	0	0	0	0	0
52804	5028	5	1	1926	0	0	0	0	0	0	0	0	0	0	0	0	0	0
52805	5028	6	1	1927	0	0	0	0	0	0	0	0	0	0	0	0	0	0
52806	5028	7	1	1928	0	0	0	0	0	0	0	0	0	0	0	0	0	0
52807	5028	8	1	1929	0	0	0	0	0	0	0	0	0	0	0	0	0	0
52808	5028	9	1	1930	0	0	0	0	0	0	0	0	0	0	0	0	0	0
52809	5028	10	1	1931	1932	0	0	0	0	0	0	0	0	0	0	0	0	0
52810	5028	11	1	1933	0	0	0	0	0	0	0	0	0	0	0	0	0	0
52811	5028	12	1	1934	0	0	0	0	0	0	0	0	0	0	0	0	0	0
52812	5028	13	1	1935	0	0	0	0	0	0	0	0	0	0	0	0	0	0
52813	5028	14	1	1936	0	0	0	0	0	0	0	0	0	0	0	0	0	0
53200	5029	1	1	931	0	0	0	0	0	0	0	0	0	0	0	0	0	0
53201	5029	2	1	932	0	0	0	0	0	0	0	0	0	0	0	0	0	0
53220	5030	1	1	0	0	0	0	0	0	0	0	0	0	0	0	0	0	0
53240	5031	1	1	0	0	0	0	0	0	0	0	0	0	0	0	0	0	0
53260	5032	1	1	0	0	0	0	0	0	0	0	0	0	0	0	0	0	0
53280	5033	1	1	0	0	0	0	0	0	0	0	0	0	0	0	0	0	0
53300	5034	1	1	0	0	0	0	0	0	0	0	0	0	0	0	0	0	0
53320	5035	1	1	0	0	0	0	0	0	0	0	0	0	0	0	0	0	0
53340	5036	1	1	0	0	0	0	0	0	0	0	0	0	0	0	0	0	0
53360	5037	1	1	0	0	0	0	0	0	0	0	0	0	0	0	0	0	0
53380	5038	1	1	0	0	0	0	0	0	0	0	0	0	0	0	0	0	0
53400	5039	1	1	0	0	0	0	0	0	0	0	0	0	0	0	0	0	0
53420	5040	1	1	0	0	0	0	0	0	0	0	0	0	0	0	0	0	0
53440	5041	1	1	0	0	0	0	0	0	0	0	0	0	0	0	0	0	0
53460	5042	1	1	0	0	0	0	0	0	0	0	0	0	0	0	0	0	0
53480	5043	1	1	0	0	0	0	0	0	0	0	0	0	0	0	0	0	0
53500	5044	1	1	0	0	0	0	0	0	0	0	0	0	0	0	0	0	0
53520	5045	1	1	0	0	0	0	0	0	0	0	0	0	0	0	0	0	0
53540	5046	1	1	0	0	0	0	0	0	0	0	0	0	0	0	0	0	0
53560	5047	1	1	0	0	0	0	0	0	0	0	0	0	0	0	0	0	0
53580	5048	1	1	0	0	0	0	0	0	0	0	0	0	0	0	0	0	0
53600	5049	1	1	0	0	0	0	0	0	0	0	0	0	0	0	0	0	0
60000	9000	1	1	0	0	0	0	0	0	0	0	0	0	0	0	0	0	0
60001	9000	2	1	9001	0	0	0	0	0	0	0	0	0	0	0	0	0	0
60002	9000	3	1	9002	0	0	0	0	0	0	0	0	0	0	0	0	0	0
60003	9000	4	1	9003	0	0	0	0	0	0	0	0	0	0	0	0	0	0
60004	9000	5	1	9004	0	0	0	0	0	0	0	0	0	0	0	0	0	0
60005	9000	6	1	9005	0	0	0	0	0	0	0	0	0	0	0	0	0	0
60006	9000	7	1	9006	0	0	0	0	0	0	0	0	0	0	0	0	0	0
60007	9000	8	1	9007	0	0	0	0	0	0	0	0	0	0	0	0	0	0
60008	9000	9	1	9008	0	0	0	0	0	0	0	0	0	0	0	0	0	0
60009	9000	10	1	9009	0	0	0	0	0	0	0	0	0	0	0	0	0	0
60010	9000	11	0	9010	0	0	0	0	0	0	0	0	0	0	0	0	0	0
60011	9000	12	1	9013	0	0	0	0	0	0	0	0	0	0	0	0	0	0
60012	9000	13	1	9021	0	0	0	0	0	0	0	0	0	0	0	0	0	0
60013	9000	14	1	9023	0	0	0	0	0	0	0	0	0	0	0	0	0	0
60014	9000	15	0	9022	0	0	0	0	0	0	0	0	0	0	0	0	0	0
60015	9000	16	0	9024	0	0	0	0	0	0	0	0	0	0	0	0	0	0
60016	9000	17	1	9025	0	0	0	0	0	0	0	0	0	0	0	0	0	0
60017	9000	18	1	9026	0	0	0	0	0	0	0	0	0	0	0	0	0	0
60018	9000	19	1	9027	9028	9029	0	0	0	0	0	0	0	0	0	0	0	0
60019	9000	20	1	9027	9028	9029	0	0	0	0	0	0	0	0	0	0	0	0
60020	9000	21	1	9027	9028	9029	0	0	0	0	0	0	0	0	0	0	0	0
60021	9000	22	0	9030	9031	0	0	0	0	0	0	0	0	0	0	0	0	0
60022	9000	23	0	9030	9031	0	0	0	0	0	0	0	0	0	0	0	0	0
60023	9000	24	0	9030	9031	0	0	0	0	0	0	0	0	0	0	0	0	0
60024	9000	25	0	9032	0	0	0	0	0	0	0	0	0	0	0	0	0	0
60025	9000	26	0	9045	0	0	0	0	0	0	0	0	0	0	0	0	0	0
60026	9000	27	1	935	0	0	0	0	0	0	0	0	0	0	0	0	0	0
60027	9000	28	1	936	0	0	0	0	0	0	0	0	0	0	0	0	0	0
60090	5019	1	1	9033	0	0	0	0	0	0	0	0	0	0	0	0	0	0
60091	5019	2	1	9034	0	0	0	0	0	0	0	0	0	0	0	0	0	0
60092	5019	3	1	9035	0	0	0	0	0	0	0	0	0	0	0	0	0	0
60093	5019	4	1	9036	0	0	0	0	0	0	0	0	0	0	0	0	0	0
60100	5020	1	1	853	0	0	0	0	0	0	0	0	0	0	0	0	0	0
60300	4002	1	1	806	0	0	0	0	0	0	0	0	0	0	0	0	0	0
60301	4002	2	1	807	0	0	0	0	0	0	0	0	0	0	0	0	0	0
60302	4002	3	1	808	0	0	0	0	0	0	0	0	0	0	0	0	0	0
60303	4002	4	1	809	0	0	0	0	0	0	0	0	0	0	0	0	0	0
60304	4002	5	1	810	0	0	0	0	0	0	0	0	0	0	0	0	0	0
60305	4002	6	1	811	0	0	0	0	0	0	0	0	0	0	0	0	0	0
60320	4003	1	1	184	0	0	0	0	0	0	0	0	0	0	0	0	0	0
60321	4003	2	1	185	0	0	0	0	0	0	0	0	0	0	0	0	0	0
60322	4003	3	1	186	0	0	0	0	0	0	0	0	0	0	0	0	0	0
60323	4003	4	1	187	0	0	0	0	0	0	0	0	0	0	0	0	0	0
60324	4003	5	1	188	0	0	0	0	0	0	0	0	0	0	0	0	0	0
60325	4003	6	1	189	0	0	0	0	0	0	0	0	0	0	0	0	0	0
60326	4003	7	1	190	0	0	0	0	0	0	0	0	0	0	0	0	0	0
60327	4003	8	1	191	0	0	0	0	0	0	0	0	0	0	0	0	0	0
60328	4003	9	1	192	0	0	0	0	0	0	0	0	0	0	0	0	0	0
60329	4003	10	1	193	0	0	0	0	0	0	0	0	0	0	0	0	0	0
60330	4003	11	1	194	0	0	0	0	0	0	0	0	0	0	0	0	0	0
60331	4003	12	1	612	0	0	0	0	0	0	0	0	0	0	0	0	0	0
60332	4003	13	1	612	0	0	0	0	0	0	0	0	0	0	0	0	0	0
60333	4003	14	1	612	0	0	0	0	0	0	0	0	0	0	0	0	0	0
60334	4003	15	1	850	0	0	0	0	0	0	0	0	0	0	0	0	0	0
60335	4003	16	1	856	0	0	0	0	0	0	0	0	0	0	0	0	0	0
60350	4001	1	1	883	0	0	0	0	0	0	0	0	0	0	0	0	0	0
60351	4001	2	1	884	0	0	0	0	0	0	0	0	0	0	0	0	0	0
60352	4001	3	1	885	0	0	0	0	0	0	0	0	0	0	0	0	0	0
60353	4001	4	1	886	0	0	0	0	0	0	0	0	0	0	0	0	0	0
60354	4001	5	1	887	0	0	0	0	0	0	0	0	0	0	0	0	0	0
60355	4001	6	1	888	0	0	0	0	0	0	0	0	0	0	0	0	0	0
60356	4001	7	1	889	0	0	0	0	0	0	0	0	0	0	0	0	0	0
60357	4001	8	1	890	0	0	0	0	0	0	0	0	0	0	0	0	0	0
60358	4001	9	1	891	0	0	0	0	0	0	0	0	0	0	0	0	0	0
60359	4001	10	1	892	0	0	0	0	0	0	0	0	0	0	0	0	0	0
60360	4001	11	1	893	0	0	0	0	0	0	0	0	0	0	0	0	0	0
60361	4001	12	1	894	0	0	0	0	0	0	0	0	0	0	0	0	0	0
60362	4001	13	1	895	0	0	0	0	0	0	0	0	0	0	0	0	0	0
60363	4001	14	1	896	0	0	0	0	0	0	0	0	0	0	0	0	0	0
60364	4001	15	1	896	0	0	0	0	0	0	0	0	0	0	0	0	0	0
60365	4001	16	1	898	0	0	0	0	0	0	0	0	0	0	0	0	0	0
60366	4001	17	1	900	0	0	0	0	0	0	0	0	0	0	0	0	0	0
60367	4001	18	1	823	0	0	0	0	0	0	0	0	0	0	0	0	0	0
60368	4001	19	1	906	0	0	0	0	0	0	0	0	0	0	0	0	0	0
60369	4001	101	1	10001	0	0	0	0	0	0	0	0	0	0	0	0	0	0
60370	4001	102	1	10080	0	0	0	0	0	0	0	0	0	0	0	0	0	0
60371	4001	103	1	0	0	0	0	0	0	0	0	0	0	0	0	0	0	0
60400	3001	1	1	8000	0	0	0	0	0	0	0	0	0	0	0	0	0	0
60401	3001	2	1	8001	0	0	0	0	0	0	0	0	0	0	0	0	0	0
60402	3001	3	1	8002	0	0	0	0	0	0	0	0	0	0	0	0	0	0
60403	3001	4	1	8003	0	0	0	0	0	0	0	0	0	0	0	0	0	0
60404	3001	5	1	8004	0	0	0	0	0	0	0	0	0	0	0	0	0	0
60405	3001	6	1	8005	0	0	0	0	0	0	0	0	0	0	0	0	0	0
60406	3001	7	1	8006	0	0	0	0	0	0	0	0	0	0	0	0	0	0
60407	3001	8	1	8007	0	0	0	0	0	0	0	0	0	0	0	0	0	0
60408	3001	9	1	8018	0	0	0	0	0	0	0	0	0	0	0	0	0	0
60409	3001	10	1	8019	0	0	0	0	0	0	0	0	0	0	0	0	0	0
60410	3001	11	1	8024	8165	8166	0	0	0	0	0	0	0	0	0	0	0	0
60411	3001	12	1	8025	0	0	0	0	0	0	0	0	0	0	0	0	0	0
60412	3001	13	1	8026	0	0	0	0	0	0	0	0	0	0	0	0	0	0
60413	3001	14	1	8027	0	0	0	0	0	0	0	0	0	0	0	0	0	0
60414	3001	15	1	8028	0	0	0	0	0	0	0	0	0	0	0	0	0	0
60415	3001	16	1	0	0	0	0	0	0	0	0	0	0	0	0	0	0	0
60416	3001	17	1	8041	0	0	0	0	0	0	0	0	0	0	0	0	0	0
60417	3001	18	1	8042	0	0	0	0	0	0	0	0	0	0	0	0	0	0
60418	3001	19	1	8043	0	0	0	0	0	0	0	0	0	0	0	0	0	0
60419	3001	20	1	8044	0	0	0	0	0	0	0	0	0	0	0	0	0	0
60420	3001	21	1	8045	0	0	0	0	0	0	0	0	0	0	0	0	0	0
60421	3001	22	1	8046	0	0	0	0	0	0	0	0	0	0	0	0	0	0
60422	3001	23	1	8047	0	0	0	0	0	0	0	0	0	0	0	0	0	0
60423	3001	24	1	8048	0	0	0	0	0	0	0	0	0	0	0	0	0	0
60424	3001	25	1	8049	0	0	0	0	0	0	0	0	0	0	0	0	0	0
60425	3001	26	1	8050	0	0	0	0	0	0	0	0	0	0	0	0	0	0
60426	3001	27	1	8051	0	0	0	0	0	0	0	0	0	0	0	0	0	0
60427	3001	28	1	8052	0	0	0	0	0	0	0	0	0	0	0	0	0	0
60428	3001	29	1	8053	0	0	0	0	0	0	0	0	0	0	0	0	0	0
60429	3001	30	1	8054	0	0	0	0	0	0	0	0	0	0	0	0	0	0
60430	3001	31	1	8055	0	0	0	0	0	0	0	0	0	0	0	0	0	0
60431	3001	32	1	8056	0	0	0	0	0	0	0	0	0	0	0	0	0	0
60432	3001	33	1	8057	0	0	0	0	0	0	0	0	0	0	0	0	0	0
60433	3001	34	1	8058	0	0	0	0	0	0	0	0	0	0	0	0	0	0
60434	3001	35	1	8059	0	0	0	0	0	0	0	0	0	0	0	0	0	0
60435	3001	36	1	8060	0	0	0	0	0	0	0	0	0	0	0	0	0	0
60436	3001	37	1	8061	0	0	0	0	0	0	0	0	0	0	0	0	0	0
60437	3001	38	1	8062	0	0	0	0	0	0	0	0	0	0	0	0	0	0
60438	3001	39	1	8063	0	0	0	0	0	0	0	0	0	0	0	0	0	0
60439	3001	40	1	8064	0	0	0	0	0	0	0	0	0	0	0	0	0	0
60440	3001	41	1	8065	0	0	0	0	0	0	0	0	0	0	0	0	0	0
60441	3001	42	1	8066	0	0	0	0	0	0	0	0	0	0	0	0	0	0
60442	3001	43	1	8067	0	0	0	0	0	0	0	0	0	0	0	0	0	0
60443	3001	44	1	8068	0	0	0	0	0	0	0	0	0	0	0	0	0	0
60444	3001	45	1	8069	0	0	0	0	0	0	0	0	0	0	0	0	0	0
60445	3001	46	1	8070	0	0	0	0	0	0	0	0	0	0	0	0	0	0
60446	3001	47	1	8071	0	0	0	0	0	0	0	0	0	0	0	0	0	0
60447	3001	48	1	8072	0	0	0	0	0	0	0	0	0	0	0	0	0	0
60448	3001	49	1	3219	0	0	0	0	0	0	0	0	0	0	0	0	0	0
60449	3001	50	1	3220	0	0	0	0	0	0	0	0	0	0	0	0	0	0
60450	3001	51	1	3222	0	0	0	0	0	0	0	0	0	0	0	0	0	0
60451	3001	52	1	3224	0	0	0	0	0	0	0	0	0	0	0	0	0	0
60452	3001	53	1	8167	0	0	0	0	0	0	0	0	0	0	0	0	0	0
60453	3001	54	1	8171	0	0	0	0	0	0	0	0	0	0	0	0	0	0
60454	3001	55	1	8173	0	0	0	0	0	0	0	0	0	0	0	0	0	0
60455	3001	56	1	8180	0	0	0	0	0	0	0	0	0	0	0	0	0	0
60600	3002	1	1	8008	0	0	0	0	0	0	0	0	0	0	0	0	0	0
60601	3002	2	1	8009	0	0	0	0	0	0	0	0	0	0	0	0	0	0
60602	3002	3	1	8010	0	0	0	0	0	0	0	0	0	0	0	0	0	0
60603	3002	4	1	8011	0	0	0	0	0	0	0	0	0	0	0	0	0	0
60604	3002	5	1	8012	0	0	0	0	0	0	0	0	0	0	0	0	0	0
60605	3002	6	1	8013	0	0	0	0	0	0	0	0	0	0	0	0	0	0
60606	3002	7	1	8020	0	0	0	0	0	0	0	0	0	0	0	0	0	0
60607	3002	8	1	8021	0	0	0	0	0	0	0	0	0	0	0	0	0	0
60608	3002	9	1	8022	0	0	0	0	0	0	0	0	0	0	0	0	0	0
60609	3002	10	1	8023	0	0	0	0	0	0	0	0	0	0	0	0	0	0
60610	3002	11	1	8024	8165	8166	0	0	0	0	0	0	0	0	0	0	0	0
60611	3002	12	1	8029	0	0	0	0	0	0	0	0	0	0	0	0	0	0
60612	3002	13	1	8030	0	0	0	0	0	0	0	0	0	0	0	0	0	0
60613	3002	14	1	8031	0	0	0	0	0	0	0	0	0	0	0	0	0	0
60614	3002	15	1	8073	0	0	0	0	0	0	0	0	0	0	0	0	0	0
60615	3002	16	1	8074	0	0	0	0	0	0	0	0	0	0	0	0	0	0
60616	3002	17	1	8075	0	0	0	0	0	0	0	0	0	0	0	0	0	0
60617	3002	18	1	8076	0	0	0	0	0	0	0	0	0	0	0	0	0	0
60618	3002	19	1	8077	0	0	0	0	0	0	0	0	0	0	0	0	0	0
60619	3002	20	1	8078	0	0	0	0	0	0	0	0	0	0	0	0	0	0
60620	3002	21	1	8079	0	0	0	0	0	0	0	0	0	0	0	0	0	0
60621	3002	22	1	8080	0	0	0	0	0	0	0	0	0	0	0	0	0	0
60622	3002	23	1	8081	0	0	0	0	0	0	0	0	0	0	0	0	0	0
60623	3002	24	1	8082	0	0	0	0	0	0	0	0	0	0	0	0	0	0
60624	3002	25	1	8083	0	0	0	0	0	0	0	0	0	0	0	0	0	0
60625	3002	26	1	8084	0	0	0	0	0	0	0	0	0	0	0	0	0	0
60626	3002	27	1	8085	0	0	0	0	0	0	0	0	0	0	0	0	0	0
60627	3002	28	1	8086	0	0	0	0	0	0	0	0	0	0	0	0	0	0
60628	3002	29	1	8087	0	0	0	0	0	0	0	0	0	0	0	0	0	0
60629	3002	30	1	8088	0	0	0	0	0	0	0	0	0	0	0	0	0	0
60630	3002	31	1	8089	0	0	0	0	0	0	0	0	0	0	0	0	0	0
60631	3002	32	1	3204	0	0	0	0	0	0	0	0	0	0	0	0	0	0
60632	3002	33	1	3227	0	0	0	0	0	0	0	0	0	0	0	0	0	0
60633	3002	34	1	8090	0	0	0	0	0	0	0	0	0	0	0	0	0	0
60634	3002	35	1	8091	0	0	0	0	0	0	0	0	0	0	0	0	0	0
60635	3002	36	1	8092	0	0	0	0	0	0	0	0	0	0	0	0	0	0
60636	3002	37	1	8093	0	0	0	0	0	0	0	0	0	0	0	0	0	0
60637	3002	38	1	8094	0	0	0	0	0	0	0	0	0	0	0	0	0	0
60638	3002	39	1	8095	0	0	0	0	0	0	0	0	0	0	0	0	0	0
60639	3002	40	1	8096	0	0	0	0	0	0	0	0	0	0	0	0	0	0
60640	3002	41	1	8097	0	0	0	0	0	0	0	0	0	0	0	0	0	0
60641	3002	42	1	8098	0	0	0	0	0	0	0	0	0	0	0	0	0	0
60642	3002	43	1	8099	0	0	0	0	0	0	0	0	0	0	0	0	0	0
60643	3002	44	1	8100	0	0	0	0	0	0	0	0	0	0	0	0	0	0
60644	3002	45	1	8101	0	0	0	0	0	0	0	0	0	0	0	0	0	0
60645	3002	46	1	8102	0	0	0	0	0	0	0	0	0	0	0	0	0	0
60646	3002	47	1	8103	0	0	0	0	0	0	0	0	0	0	0	0	0	0
60647	3002	48	1	8104	0	0	0	0	0	0	0	0	0	0	0	0	0	0
60648	3002	49	1	8105	0	0	0	0	0	0	0	0	0	0	0	0	0	0
60649	3002	50	1	8106	0	0	0	0	0	0	0	0	0	0	0	0	0	0
60650	3002	51	1	8107	0	0	0	0	0	0	0	0	0	0	0	0	0	0
60651	3002	52	1	8108	0	0	0	0	0	0	0	0	0	0	0	0	0	0
60652	3002	53	1	8109	0	0	0	0	0	0	0	0	0	0	0	0	0	0
60653	3002	54	1	8110	0	0	0	0	0	0	0	0	0	0	0	0	0	0
60654	3002	55	1	8163	0	0	0	0	0	0	0	0	0	0	0	0	0	0
60655	3002	56	1	8167	0	0	0	0	0	0	0	0	0	0	0	0	0	0
60656	3002	57	1	8168	0	0	0	0	0	0	0	0	0	0	0	0	0	0
60657	3002	58	1	8171	0	0	0	0	0	0	0	0	0	0	0	0	0	0
60800	3003	1	1	8014	0	0	0	0	0	0	0	0	0	0	0	0	0	0
60801	3003	2	1	8015	0	0	0	0	0	0	0	0	0	0	0	0	0	0
60802	3003	3	1	8032	0	0	0	0	0	0	0	0	0	0	0	0	0	0
60803	3003	4	1	8033	0	0	0	0	0	0	0	0	0	0	0	0	0	0
60804	3003	5	1	8034	0	0	0	0	0	0	0	0	0	0	0	0	0	0
60805	3003	6	1	3202	0	0	0	0	0	0	0	0	0	0	0	0	0	0
60806	3003	7	1	3205	0	0	0	0	0	0	0	0	0	0	0	0	0	0
60807	3003	8	1	3210	0	0	0	0	0	0	0	0	0	0	0	0	0	0
60808	3003	9	1	3211	0	0	0	0	0	0	0	0	0	0	0	0	0	0
60809	3003	10	1	3217	0	0	0	0	0	0	0	0	0	0	0	0	0	0
60810	3003	11	1	3229	0	0	0	0	0	0	0	0	0	0	0	0	0	0
60811	3003	12	1	3230	0	0	0	0	0	0	0	0	0	0	0	0	0	0
60812	3003	13	1	8111	0	0	0	0	0	0	0	0	0	0	0	0	0	0
60813	3003	14	1	8112	0	0	0	0	0	0	0	0	0	0	0	0	0	0
60814	3003	15	1	8113	0	0	0	0	0	0	0	0	0	0	0	0	0	0
60815	3003	16	1	8114	0	0	0	0	0	0	0	0	0	0	0	0	0	0
60816	3003	17	1	8115	0	0	0	0	0	0	0	0	0	0	0	0	0	0
60817	3003	18	1	8116	0	0	0	0	0	0	0	0	0	0	0	0	0	0
60818	3003	19	1	8117	0	0	0	0	0	0	0	0	0	0	0	0	0	0
60819	3003	20	1	8118	0	0	0	0	0	0	0	0	0	0	0	0	0	0
60820	3003	21	1	8119	0	0	0	0	0	0	0	0	0	0	0	0	0	0
60821	3003	22	1	8120	0	0	0	0	0	0	0	0	0	0	0	0	0	0
60822	3003	23	1	8121	0	0	0	0	0	0	0	0	0	0	0	0	0	0
60823	3003	24	1	8122	0	0	0	0	0	0	0	0	0	0	0	0	0	0
60824	3003	25	1	8123	0	0	0	0	0	0	0	0	0	0	0	0	0	0
60825	3003	26	1	8124	0	0	0	0	0	0	0	0	0	0	0	0	0	0
60826	3003	27	1	8125	0	0	0	0	0	0	0	0	0	0	0	0	0	0
60827	3003	28	1	8126	0	0	0	0	0	0	0	0	0	0	0	0	0	0
60828	3003	29	1	8127	0	0	0	0	0	0	0	0	0	0	0	0	0	0
60829	3003	30	1	8128	0	0	0	0	0	0	0	0	0	0	0	0	0	0
60830	3003	31	1	8129	0	0	0	0	0	0	0	0	0	0	0	0	0	0
60831	3003	32	1	8130	0	0	0	0	0	0	0	0	0	0	0	0	0	0
60832	3003	33	1	8131	0	0	0	0	0	0	0	0	0	0	0	0	0	0
60833	3003	34	1	8169	0	0	0	0	0	0	0	0	0	0	0	0	0	0
60834	3003	35	1	8167	0	0	0	0	0	0	0	0	0	0	0	0	0	0
60835	3003	36	1	8168	0	0	0	0	0	0	0	0	0	0	0	0	0	0
61000	3004	1	1	8016	0	0	0	0	0	0	0	0	0	0	0	0	0	0
61001	3004	2	1	8017	0	0	0	0	0	0	0	0	0	0	0	0	0	0
61002	3004	3	1	8035	0	0	0	0	0	0	0	0	0	0	0	0	0	0
61003	3004	4	1	8036	0	0	0	0	0	0	0	0	0	0	0	0	0	0
61004	3004	5	1	8037	0	0	0	0	0	0	0	0	0	0	0	0	0	0
61005	3004	6	1	3209	0	0	0	0	0	0	0	0	0	0	0	0	0	0
61006	3004	7	1	3233	0	0	0	0	0	0	0	0	0	0	0	0	0	0
61007	3004	8	1	3235	0	0	0	0	0	0	0	0	0	0	0	0	0	0
61008	3004	9	1	3239	0	0	0	0	0	0	0	0	0	0	0	0	0	0
61009	3004	10	1	3241	0	0	0	0	0	0	0	0	0	0	0	0	0	0
61010	3004	11	1	3242	0	0	0	0	0	0	0	0	0	0	0	0	0	0
61011	3004	12	1	3243	0	0	0	0	0	0	0	0	0	0	0	0	0	0
61012	3004	13	1	3244	0	0	0	0	0	0	0	0	0	0	0	0	0	0
61013	3004	14	1	3246	0	0	0	0	0	0	0	0	0	0	0	0	0	0
61014	3004	15	1	3248	0	0	0	0	0	0	0	0	0	0	0	0	0	0
61015	3004	16	1	8132	0	0	0	0	0	0	0	0	0	0	0	0	0	0
61016	3004	17	1	8133	0	0	0	0	0	0	0	0	0	0	0	0	0	0
61017	3004	18	1	8134	0	0	0	0	0	0	0	0	0	0	0	0	0	0
61018	3004	19	1	8135	0	0	0	0	0	0	0	0	0	0	0	0	0	0
61019	3004	20	1	8136	0	0	0	0	0	0	0	0	0	0	0	0	0	0
61020	3004	21	1	8137	0	0	0	0	0	0	0	0	0	0	0	0	0	0
61021	3004	22	1	8138	0	0	0	0	0	0	0	0	0	0	0	0	0	0
61022	3004	23	1	8139	0	0	0	0	0	0	0	0	0	0	0	0	0	0
61023	3004	24	1	8140	0	0	0	0	0	0	0	0	0	0	0	0	0	0
61024	3004	25	1	8141	0	0	0	0	0	0	0	0	0	0	0	0	0	0
61025	3004	26	1	8142	0	0	0	0	0	0	0	0	0	0	0	0	0	0
61026	3004	27	1	8143	0	0	0	0	0	0	0	0	0	0	0	0	0	0
61027	3004	28	1	8144	0	0	0	0	0	0	0	0	0	0	0	0	0	0
61028	3004	29	1	8145	0	0	0	0	0	0	0	0	0	0	0	0	0	0
61029	3004	30	1	8146	0	0	0	0	0	0	0	0	0	0	0	0	0	0
61030	3004	31	1	8147	0	0	0	0	0	0	0	0	0	0	0	0	0	0
61031	3004	32	1	8148	0	0	0	0	0	0	0	0	0	0	0	0	0	0
61032	3004	33	1	8149	0	0	0	0	0	0	0	0	0	0	0	0	0	0
61033	3004	34	1	8150	0	0	0	0	0	0	0	0	0	0	0	0	0	0
61034	3004	35	1	8151	0	0	0	0	0	0	0	0	0	0	0	0	0	0
61035	3004	36	1	8152	0	0	0	0	0	0	0	0	0	0	0	0	0	0
61036	3004	37	1	8153	0	0	0	0	0	0	0	0	0	0	0	0	0	0
61037	3004	38	1	8154	0	0	0	0	0	0	0	0	0	0	0	0	0	0
61038	3004	39	1	8155	0	0	0	0	0	0	0	0	0	0	0	0	0	0
61039	3004	40	1	8156	0	0	0	0	0	0	0	0	0	0	0	0	0	0
61040	3004	41	1	8157	0	0	0	0	0	0	0	0	0	0	0	0	0	0
61041	3004	42	1	8158	0	0	0	0	0	0	0	0	0	0	0	0	0	0
61042	3004	43	1	8159	0	0	0	0	0	0	0	0	0	0	0	0	0	0
61043	3004	44	1	8160	0	0	0	0	0	0	0	0	0	0	0	0	0	0
61044	3004	45	1	8161	0	0	0	0	0	0	0	0	0	0	0	0	0	0
61045	3004	46	1	8162	0	0	0	0	0	0	0	0	0	0	0	0	0	0
61200	5021	1	1	859	0	0	0	0	0	0	0	0	0	0	0	0	0	0
61201	5021	2	1	872	0	0	0	0	0	0	0	0	0	0	0	0	0	0
61202	5021	3	1	861	0	0	0	0	0	0	0	0	0	0	0	0	0	0
61203	5021	4	1	860	0	0	0	0	0	0	0	0	0	0	0	0	0	0
61204	5021	5	1	862	0	0	0	0	0	0	0	0	0	0	0	0	0	0
61205	5021	6	1	863	0	0	0	0	0	0	0	0	0	0	0	0	0	0
61206	5021	7	1	864	0	0	0	0	0	0	0	0	0	0	0	0	0	0
61207	5021	8	1	865	0	0	0	0	0	0	0	0	0	0	0	0	0	0
61208	5021	9	1	866	0	0	0	0	0	0	0	0	0	0	0	0	0	0
61209	5021	10	1	867	0	0	0	0	0	0	0	0	0	0	0	0	0	0
61210	5021	11	1	868	0	0	0	0	0	0	0	0	0	0	0	0	0	0
61211	5021	12	1	869	0	0	0	0	0	0	0	0	0	0	0	0	0	0
61212	5021	13	1	870	0	0	0	0	0	0	0	0	0	0	0	0	0	0
61213	5025	1	1	875	0	0	0	0	0	0	0	0	0	0	0	0	0	0
61214	5025	2	1	874	0	0	0	0	0	0	0	0	0	0	0	0	0	0
61400	3007	1	1	8000	0	0	0	0	0	0	0	0	0	0	0	0	0	0
61401	3007	2	1	8001	0	0	0	0	0	0	0	0	0	0	0	0	0	0
61402	3007	3	1	8002	0	0	0	0	0	0	0	0	0	0	0	0	0	0
61403	3007	4	1	8003	0	0	0	0	0	0	0	0	0	0	0	0	0	0
61404	3007	5	1	8004	0	0	0	0	0	0	0	0	0	0	0	0	0	0
61405	3007	6	1	8005	0	0	0	0	0	0	0	0	0	0	0	0	0	0
61406	3007	7	1	8006	0	0	0	0	0	0	0	0	0	0	0	0	0	0
61407	3007	8	1	8007	0	0	0	0	0	0	0	0	0	0	0	0	0	0
61408	3007	9	1	8018	0	0	0	0	0	0	0	0	0	0	0	0	0	0
61409	3007	10	1	8019	0	0	0	0	0	0	0	0	0	0	0	0	0	0
61410	3007	11	1	8024	8165	8166	0	0	0	0	0	0	0	0	0	0	0	0
61411	3007	12	1	8025	0	0	0	0	0	0	0	0	0	0	0	0	0	0
61412	3007	13	1	8026	0	0	0	0	0	0	0	0	0	0	0	0	0	0
61413	3007	14	1	8027	0	0	0	0	0	0	0	0	0	0	0	0	0	0
61414	3007	15	1	8028	0	0	0	0	0	0	0	0	0	0	0	0	0	0
61415	3007	16	1	8040	0	0	0	0	0	0	0	0	0	0	0	0	0	0
61416	3007	17	1	8041	0	0	0	0	0	0	0	0	0	0	0	0	0	0
61417	3007	18	1	8042	0	0	0	0	0	0	0	0	0	0	0	0	0	0
61418	3007	19	1	8043	0	0	0	0	0	0	0	0	0	0	0	0	0	0
61419	3007	20	1	8044	0	0	0	0	0	0	0	0	0	0	0	0	0	0
61420	3007	21	1	8045	0	0	0	0	0	0	0	0	0	0	0	0	0	0
61421	3007	22	1	8046	0	0	0	0	0	0	0	0	0	0	0	0	0	0
61422	3007	23	1	8047	0	0	0	0	0	0	0	0	0	0	0	0	0	0
61423	3007	24	1	8048	0	0	0	0	0	0	0	0	0	0	0	0	0	0
61424	3007	25	1	8049	0	0	0	0	0	0	0	0	0	0	0	0	0	0
61425	3007	26	1	8050	0	0	0	0	0	0	0	0	0	0	0	0	0	0
61426	3007	27	1	8051	0	0	0	0	0	0	0	0	0	0	0	0	0	0
61427	3007	28	1	8052	0	0	0	0	0	0	0	0	0	0	0	0	0	0
61428	3007	29	1	8053	0	0	0	0	0	0	0	0	0	0	0	0	0	0
61429	3007	30	1	8054	0	0	0	0	0	0	0	0	0	0	0	0	0	0
61430	3007	31	1	8055	0	0	0	0	0	0	0	0	0	0	0	0	0	0
61431	3007	32	1	8056	0	0	0	0	0	0	0	0	0	0	0	0	0	0
61432	3007	33	1	8057	0	0	0	0	0	0	0	0	0	0	0	0	0	0
61433	3007	34	1	8058	0	0	0	0	0	0	0	0	0	0	0	0	0	0
61434	3007	35	1	8059	0	0	0	0	0	0	0	0	0	0	0	0	0	0
61435	3007	36	1	8060	0	0	0	0	0	0	0	0	0	0	0	0	0	0
61436	3007	37	1	8061	0	0	0	0	0	0	0	0	0	0	0	0	0	0
61437	3007	38	1	8062	0	0	0	0	0	0	0	0	0	0	0	0	0	0
61438	3007	39	1	8063	0	0	0	0	0	0	0	0	0	0	0	0	0	0
61439	3007	40	1	8064	0	0	0	0	0	0	0	0	0	0	0	0	0	0
61440	3007	41	1	8065	0	0	0	0	0	0	0	0	0	0	0	0	0	0
61441	3007	42	1	8066	0	0	0	0	0	0	0	0	0	0	0	0	0	0
61442	3007	43	1	8067	0	0	0	0	0	0	0	0	0	0	0	0	0	0
61443	3007	44	1	8068	0	0	0	0	0	0	0	0	0	0	0	0	0	0
61444	3007	45	1	8069	0	0	0	0	0	0	0	0	0	0	0	0	0	0
61445	3007	46	1	8070	0	0	0	0	0	0	0	0	0	0	0	0	0	0
61446	3007	47	1	8071	0	0	0	0	0	0	0	0	0	0	0	0	0	0
61447	3007	48	1	8072	0	0	0	0	0	0	0	0	0	0	0	0	0	0
61448	3007	49	1	3219	0	0	0	0	0	0	0	0	0	0	0	0	0	0
61449	3007	50	1	3220	0	0	0	0	0	0	0	0	0	0	0	0	0	0
61450	3007	51	1	3222	0	0	0	0	0	0	0	0	0	0	0	0	0	0
61451	3007	52	1	3224	0	0	0	0	0	0	0	0	0	0	0	0	0	0
61452	3007	53	1	8167	0	0	0	0	0	0	0	0	0	0	0	0	0	0
61453	3007	54	1	8171	0	0	0	0	0	0	0	0	0	0	0	0	0	0
61454	3007	55	1	8176	0	0	0	0	0	0	0	0	0	0	0	0	0	0
61455	3007	56	1	8178	0	0	0	0	0	0	0	0	0	0	0	0	0	0
61456	3007	57	1	8177	0	0	0	0	0	0	0	0	0	0	0	0	0	0
61457	3007	58	1	8179	0	0	0	0	0	0	0	0	0	0	0	0	0	0
61600	3008	1	1	8008	0	0	0	0	0	0	0	0	0	0	0	0	0	0
61601	3008	2	1	8009	0	0	0	0	0	0	0	0	0	0	0	0	0	0
61602	3008	3	1	8010	0	0	0	0	0	0	0	0	0	0	0	0	0	0
61603	3008	4	1	8011	0	0	0	0	0	0	0	0	0	0	0	0	0	0
61604	3008	5	1	8012	0	0	0	0	0	0	0	0	0	0	0	0	0	0
61605	3008	6	1	8013	0	0	0	0	0	0	0	0	0	0	0	0	0	0
61606	3008	7	1	8020	0	0	0	0	0	0	0	0	0	0	0	0	0	0
61607	3008	8	1	8021	0	0	0	0	0	0	0	0	0	0	0	0	0	0
61608	3008	9	1	8022	0	0	0	0	0	0	0	0	0	0	0	0	0	0
61609	3008	10	1	8023	0	0	0	0	0	0	0	0	0	0	0	0	0	0
61610	3008	11	1	8024	8165	8166	0	0	0	0	0	0	0	0	0	0	0	0
61611	3008	12	1	8029	0	0	0	0	0	0	0	0	0	0	0	0	0	0
61612	3008	13	1	8030	0	0	0	0	0	0	0	0	0	0	0	0	0	0
61613	3008	14	1	8031	0	0	0	0	0	0	0	0	0	0	0	0	0	0
61614	3008	15	1	8073	0	0	0	0	0	0	0	0	0	0	0	0	0	0
61615	3008	16	1	8074	0	0	0	0	0	0	0	0	0	0	0	0	0	0
61616	3008	17	1	8075	0	0	0	0	0	0	0	0	0	0	0	0	0	0
61617	3008	18	1	8076	0	0	0	0	0	0	0	0	0	0	0	0	0	0
61618	3008	19	1	8077	0	0	0	0	0	0	0	0	0	0	0	0	0	0
61619	3008	20	1	8078	0	0	0	0	0	0	0	0	0	0	0	0	0	0
61620	3008	21	1	8079	0	0	0	0	0	0	0	0	0	0	0	0	0	0
61621	3008	22	1	8080	0	0	0	0	0	0	0	0	0	0	0	0	0	0
61622	3008	23	1	8081	0	0	0	0	0	0	0	0	0	0	0	0	0	0
61623	3008	24	1	8082	0	0	0	0	0	0	0	0	0	0	0	0	0	0
61624	3008	25	1	8083	0	0	0	0	0	0	0	0	0	0	0	0	0	0
61625	3008	26	1	8084	0	0	0	0	0	0	0	0	0	0	0	0	0	0
61626	3008	27	1	8085	0	0	0	0	0	0	0	0	0	0	0	0	0	0
61627	3008	28	1	8086	0	0	0	0	0	0	0	0	0	0	0	0	0	0
61628	3008	29	1	8087	0	0	0	0	0	0	0	0	0	0	0	0	0	0
61629	3008	30	1	8088	0	0	0	0	0	0	0	0	0	0	0	0	0	0
61630	3008	31	1	8089	0	0	0	0	0	0	0	0	0	0	0	0	0	0
61631	3008	32	1	3204	0	0	0	0	0	0	0	0	0	0	0	0	0	0
61632	3008	33	1	3227	0	0	0	0	0	0	0	0	0	0	0	0	0	0
61633	3008	34	1	8090	0	0	0	0	0	0	0	0	0	0	0	0	0	0
61634	3008	35	1	8091	0	0	0	0	0	0	0	0	0	0	0	0	0	0
61635	3008	36	1	8092	0	0	0	0	0	0	0	0	0	0	0	0	0	0
61636	3008	37	1	8093	0	0	0	0	0	0	0	0	0	0	0	0	0	0
61637	3008	38	1	8094	0	0	0	0	0	0	0	0	0	0	0	0	0	0
61638	3008	39	1	8095	0	0	0	0	0	0	0	0	0	0	0	0	0	0
61639	3008	40	1	8096	0	0	0	0	0	0	0	0	0	0	0	0	0	0
61640	3008	41	1	8097	0	0	0	0	0	0	0	0	0	0	0	0	0	0
61641	3008	42	1	8098	0	0	0	0	0	0	0	0	0	0	0	0	0	0
61642	3008	43	1	8099	0	0	0	0	0	0	0	0	0	0	0	0	0	0
61643	3008	44	1	8100	0	0	0	0	0	0	0	0	0	0	0	0	0	0
61644	3008	45	1	8101	0	0	0	0	0	0	0	0	0	0	0	0	0	0
61645	3008	46	1	8102	0	0	0	0	0	0	0	0	0	0	0	0	0	0
61646	3008	47	1	8103	0	0	0	0	0	0	0	0	0	0	0	0	0	0
61647	3008	48	1	8104	0	0	0	0	0	0	0	0	0	0	0	0	0	0
61648	3008	49	1	8105	0	0	0	0	0	0	0	0	0	0	0	0	0	0
61649	3008	50	1	8106	0	0	0	0	0	0	0	0	0	0	0	0	0	0
61650	3008	51	1	8107	0	0	0	0	0	0	0	0	0	0	0	0	0	0
61651	3008	52	1	8108	0	0	0	0	0	0	0	0	0	0	0	0	0	0
61652	3008	53	1	8109	0	0	0	0	0	0	0	0	0	0	0	0	0	0
61653	3008	54	1	8110	0	0	0	0	0	0	0	0	0	0	0	0	0	0
61654	3008	55	1	8163	0	0	0	0	0	0	0	0	0	0	0	0	0	0
61655	3008	56	1	8170	0	0	0	0	0	0	0	0	0	0	0	0	0	0
61656	3008	57	1	8167	0	0	0	0	0	0	0	0	0	0	0	0	0	0
61657	3008	58	1	8171	0	0	0	0	0	0	0	0	0	0	0	0	0	0
61800	3009	1	1	8174	8174	8174	0	0	0	0	0	0	0	0	0	0	0	0
61801	3009	2	1	8175	8175	8175	0	0	0	0	0	0	0	0	0	0	0	0
61802	3009	3	1	0	0	0	0	0	0	0	0	0	0	0	0	0	0	0
61803	3009	4	1	0	0	0	0	0	0	0	0	0	0	0	0	0	0	0
61804	3009	5	1	0	0	0	0	0	0	0	0	0	0	0	0	0	0	0
61805	3009	6	1	0	0	0	0	0	0	0	0	0	0	0	0	0	0	0
61806	3009	7	1	8168	8168	8168	0	0	0	0	0	0	0	0	0	0	0	0
80000	8000	1	1	3601	0	0	0	0	0	0	0	0	0	0	0	0	0	0
80001	8000	2	1	3602	0	0	0	0	0	0	0	0	0	0	0	0	0	0
80002	8000	3	1	3603	0	0	0	0	0	0	0	0	0	0	0	0	0	0
80003	8000	4	1	3604	0	0	0	0	0	0	0	0	0	0	0	0	0	0
80004	8000	5	1	3605	0	0	0	0	0	0	0	0	0	0	0	0	0	0
80005	8000	6	1	3606	0	0	0	0	0	0	0	0	0	0	0	0	0	0
80006	8000	7	1	3607	0	0	0	0	0	0	0	0	0	0	0	0	0	0
80007	8001	1	1	3611	0	0	0	0	0	0	0	0	0	0	0	0	0	0
80008	8001	2	1	3612	0	0	0	0	0	0	0	0	0	0	0	0	0	0
80009	8001	3	1	3613	0	0	0	0	0	0	0	0	0	0	0	0	0	0
80010	8001	4	1	3614	0	0	0	0	0	0	0	0	0	0	0	0	0	0
80011	8001	5	1	3615	0	0	0	0	0	0	0	0	0	0	0	0	0	0
80012	8001	6	1	3616	0	0	0	0	0	0	0	0	0	0	0	0	0	0
80013	8001	7	1	3617	0	0	0	0	0	0	0	0	0	0	0	0	0	0
80014	8002	1	1	3621	0	0	0	0	0	0	0	0	0	0	0	0	0	0
80015	8002	2	1	3622	0	0	0	0	0	0	0	0	0	0	0	0	0	0
80016	8002	3	1	3623	0	0	0	0	0	0	0	0	0	0	0	0	0	0
80017	8002	4	1	3624	0	0	0	0	0	0	0	0	0	0	0	0	0	0
80018	8002	5	1	3625	0	0	0	0	0	0	0	0	0	0	0	0	0	0
80019	8002	6	1	3626	0	0	0	0	0	0	0	0	0	0	0	0	0	0
80020	8002	7	1	3627	0	0	0	0	0	0	0	0	0	0	0	0	0	0
80021	8003	1	1	3631	0	0	0	0	0	0	0	0	0	0	0	0	0	0
80022	8003	2	1	3632	0	0	0	0	0	0	0	0	0	0	0	0	0	0
80023	8003	3	1	3633	0	0	0	0	0	0	0	0	0	0	0	0	0	0
80024	8003	4	1	3634	0	0	0	0	0	0	0	0	0	0	0	0	0	0
80025	8003	5	1	3635	0	0	0	0	0	0	0	0	0	0	0	0	0	0
80026	8003	6	1	3636	0	0	0	0	0	0	0	0	0	0	0	0	0	0
80027	8003	7	1	3637	0	0	0	0	0	0	0	0	0	0	0	0	0	0
80028	8004	1	1	3641	0	0	0	0	0	0	0	0	0	0	0	0	0	0
80029	8004	2	1	3642	0	0	0	0	0	0	0	0	0	0	0	0	0	0
80030	8004	3	1	3643	0	0	0	0	0	0	0	0	0	0	0	0	0	0
80031	8004	4	1	3644	0	0	0	0	0	0	0	0	0	0	0	0	0	0
80032	8004	5	1	3645	0	0	0	0	0	0	0	0	0	0	0	0	0	0
80033	8004	6	1	3646	0	0	0	0	0	0	0	0	0	0	0	0	0	0
80034	8004	7	1	3647	0	0	0	0	0	0	0	0	0	0	0	0	0	0
80035	8005	1	1	3651	0	0	0	0	0	0	0	0	0	0	0	0	0	0
80036	8005	2	1	3652	0	0	0	0	0	0	0	0	0	0	0	0	0	0
80037	8005	3	1	3653	0	0	0	0	0	0	0	0	0	0	0	0	0	0
80038	8005	4	1	3654	0	0	0	0	0	0	0	0	0	0	0	0	0	0
80039	8005	5	1	3655	0	0	0	0	0	0	0	0	0	0	0	0	0	0
80040	8005	6	1	3656	0	0	0	0	0	0	0	0	0	0	0	0	0	0
80041	8005	7	1	3657	0	0	0	0	0	0	0	0	0	0	0	0	0	0
80042	8006	1	1	3661	0	0	0	0	0	0	0	0	0	0	0	0	0	0
80043	8006	2	1	3662	0	0	0	0	0	0	0	0	0	0	0	0	0	0
80044	8006	3	1	3663	0	0	0	0	0	0	0	0	0	0	0	0	0	0
80045	8006	4	1	3664	0	0	0	0	0	0	0	0	0	0	0	0	0	0
80046	8006	5	1	3665	0	0	0	0	0	0	0	0	0	0	0	0	0	0
80047	8006	6	1	3666	0	0	0	0	0	0	0	0	0	0	0	0	0	0
80048	8006	7	1	3667	0	0	0	0	0	0	0	0	0	0	0	0	0	0
95000	999	1	1	9501	0	0	0	0	0	0	0	0	0	0	0	0	0	0
95001	999	2	2	9502	0	0	0	0	0	0	0	0	0	0	0	0	0	0
95002	999	3	1	9503	0	0	0	0	0	0	0	0	0	0	0	0	0	0
95003	999	4	3	9504	0	0	0	0	0	0	0	0	0	0	0	0	0	0
95004	999	5	3	9505	0	0	0	0	0	0	0	0	0	0	0	0	0	0
95005	999	7	3	9506	0	0	0	0	0	0	0	0	0	0	0	0	0	0
95006	999	8	3	9507	0	0	0	0	0	0	0	0	0	0	0	0	0	0
95007	999	9	3	9508	0	0	0	0	0	0	0	0	0	0	0	0	0	0
95008	999	10	3	9509	0	0	0	0	0	0	0	0	0	0	0	0	0	0
95009	999	11	3	9510	0	0	0	0	0	0	0	0	0	0	0	0	0	0
95010	999	12	3	9511	0	0	0	0	0	0	0	0	0	0	0	0	0	0
95011	999	13	3	9512	0	0	0	0	0	0	0	0	0	0	0	0	0	0
95012	999	14	3	9513	0	0	0	0	0	0	0	0	0	0	0	0	0	0
95013	999	15	3	9514	0	0	0	0	0	0	0	0	0	0	0	0	0	0
95014	999	16	3	0	0	0	0	0	0	0	0	0	0	0	0	0	0	0
95015	999	17	3	0	0	0	0	0	0	0	0	0	0	0	0	0	0	0
95016	999	18	3	0	0	0	0	0	0	0	0	0	0	0	0	0	0	0
95017	999	19	3	0	0	0	0	0	0	0	0	0	0	0	0	0	0	0
95018	999	20	3	0	0	0	0	0	0	0	0	0	0	0	0	0	0	0
95019	999	21	3	0	0	0	0	0	0	0	0	0	0	0	0	0	0	0
95020	999	22	3	0	0	0	0	0	0	0	0	0	0	0	0	0	0	0
95021	999	23	3	0	0	0	0	0	0	0	0	0	0	0	0	0	0	0
95022	999	24	3	0	0	0	0	0	0	0	0	0	0	0	0	0	0	0
95023	999	25	3	0	0	0	0	0	0	0	0	0	0	0	0	0	0	0
95024	999	26	3	0	0	0	0	0	0	0	0	0	0	0	0	0	0	0
95025	999	27	3	0	0	0	0	0	0	0	0	0	0	0	0	0	0	0
95026	999	28	3	0	0	0	0	0	0	0	0	0	0	0	0	0	0	0
95027	999	29	3	0	0	0	0	0	0	0	0	0	0	0	0	0	0	0
95028	999	30	3	0	0	0	0	0	0	0	0	0	0	0	0	0	0	0
95029	999	31	3	0	0	0	0	0	0	0	0	0	0	0	0	0	0	0
95030	999	32	3	0	0	0	0	0	0	0	0	0	0	0	0	0	0	0
95031	999	33	3	0	0	0	0	0	0	0	0	0	0	0	0	0	0	0
95032	999	34	3	0	0	0	0	0	0	0	0	0	0	0	0	0	0	0
95033	999	35	3	0	0	0	0	0	0	0	0	0	0	0	0	0	0	0
95034	999	36	3	0	0	0	0	0	0	0	0	0	0	0	0	0	0	0
95035	999	37	3	0	0	0	0	0	0	0	0	0	0	0	0	0	0	0
95036	999	38	3	0	0	0	0	0	0	0	0	0	0	0	0	0	0	0
95037	999	39	3	0	0	0	0	0	0	0	0	0	0	0	0	0	0	0
95038	999	40	3	0	0	0	0	0	0	0	0	0	0	0	0	0	0	0
95039	1999	41	3	9901	9901	9901	0	0	0	0	0	0	0	0	0	0	0	0
95040	999	42	3	9643	9643	9643	0	0	0	0	0	0	0	0	0	0	0	0
95041	1999	43	3	9642	9642	9642	0	0	0	0	0	0	0	0	0	0	0	0
95042	1999	44	3	9643	9643	9643	0	0	0	0	0	0	0	0	0	0	0	0
95043	1999	45	3	9644	9644	9644	0	0	0	0	0	0	0	0	0	0	0	0
95044	1999	46	3	9645	9645	9645	0	0	0	0	0	0	0	0	0	0	0	0
95045	1999	47	3	0	0	0	0	0	0	0	0	0	0	0	0	0	0	0
95046	1999	48	3	9647	9647	9647	0	0	0	0	0	0	0	0	0	0	0	0
95047	1999	49	3	9648	9648	9648	0	0	0	0	0	0	0	0	0	0	0	0
95048	1999	50	3	9649	9649	9649	0	0	0	0	0	0	0	0	0	0	0	0
95049	1999	51	3	9650	9650	9650	0	0	0	0	0	0	0	0	0	0	0	0
95050	1999	52	3	9651	9651	9651	0	0	0	0	0	0	0	0	0	0	0	0
95051	1999	53	3	9652	9652	9652	0	0	0	0	0	0	0	0	0	0	0	0
95052	1999	54	3	9653	9653	9653	0	0	0	0	0	0	0	0	0	0	0	0
95053	1999	55	3	9654	9654	9654	0	0	0	0	0	0	0	0	0	0	0	0
95054	1999	56	3	9655	9655	9655	0	0	0	0	0	0	0	0	0	0	0	0
95055	1999	57	3	9656	9656	9656	0	0	0	0	0	0	0	0	0	0	0	0
95056	1999	58	3	9657	9657	9657	0	0	0	0	0	0	0	0	0	0	0	0
95057	1999	59	3	9658	9658	9658	0	0	0	0	0	0	0	0	0	0	0	0
95058	1999	60	3	9643	9643	9643	0	0	0	0	0	0	0	0	0	0	0	0
95059	1999	61	3	9660	9660	9660	0	0	0	0	0	0	0	0	0	0	0	0
95060	1999	62	3	9661	9661	9661	0	0	0	0	0	0	0	0	0	0	0	0
95061	1999	63	3	9662	9662	9662	0	0	0	0	0	0	0	0	0	0	0	0
95062	1999	64	3	9663	9663	9663	0	0	0	0	0	0	0	0	0	0	0	0
95063	1999	65	3	9664	9664	9664	0	0	0	0	0	0	0	0	0	0	0	0
95064	1999	66	3	9665	9665	9665	0	0	0	0	0	0	0	0	0	0	0	0
95065	1999	67	3	9666	9666	9666	0	0	0	0	0	0	0	0	0	0	0	0
95066	1999	68	3	9667	9667	9667	0	0	0	0	0	0	0	0	0	0	0	0
95067	1999	69	3	9668	9668	9668	0	0	0	0	0	0	0	0	0	0	0	0
95068	1999	70	3	9669	9669	9669	0	0	0	0	0	0	0	0	0	0	0	0
95069	1999	71	3	9670	9670	9670	0	0	0	0	0	0	0	0	0	0	0	0
95070	1999	72	3	9671	9671	9671	0	0	0	0	0	0	0	0	0	0	0	0
95071	1999	73	3	9672	9672	9672	0	0	0	0	0	0	0	0	0	0	0	0
95072	1999	74	3	9673	9673	9673	0	0	0	0	0	0	0	0	0	0	0	0
95073	1999	75	3	9674	9674	9674	0	0	0	0	0	0	0	0	0	0	0	0
95074	1999	76	3	9675	9675	9675	0	0	0	0	0	0	0	0	0	0	0	0
95075	1999	77	3	9676	9676	9676	0	0	0	0	0	0	0	0	0	0	0	0
95076	999	78	3	9646	9646	9646	0	0	0	0	0	0	0	0	0	0	0	0
95077	999	79	3	9788	9788	9788	0	0	0	0	0	0	0	0	0	0	0	0
95078	1999	80	3	159	159	159	0	0	0	0	0	0	0	0	0	0	0	0
95079	1999	81	3	9644	9644	9644	0	0	0	0	0	0	0	0	0	0	0	0
95080	1999	82	3	9681	9681	9681	0	0	0	0	0	0	0	0	0	0	0	0
95081	1999	83	3	9682	9682	9682	0	0	0	0	0	0	0	0	0	0	0	0
95082	1999	84	3	9683	9683	9683	0	0	0	0	0	0	0	0	0	0	0	0
95083	1999	85	3	9684	9684	9684	0	0	0	0	0	0	0	0	0	0	0	0
95084	1999	86	3	9685	9685	9685	0	0	0	0	0	0	0	0	0	0	0	0
95085	1999	87	3	9686	9686	9686	0	0	0	0	0	0	0	0	0	0	0	0
95086	1999	88	3	9687	9687	9687	0	0	0	0	0	0	0	0	0	0	0	0
95087	1999	89	3	9688	9688	9688	0	0	0	0	0	0	0	0	0	0	0	0
95088	1999	90	3	9689	9689	9689	0	0	0	0	0	0	0	0	0	0	0	0
95089	1999	91	3	9690	9690	9690	0	0	0	0	0	0	0	0	0	0	0	0
95090	1999	92	3	9691	9691	9691	0	0	0	0	0	0	0	0	0	0	0	0
95091	1999	93	3	9692	9692	9692	0	0	0	0	0	0	0	0	0	0	0	0
95092	1999	94	3	9693	9693	9693	0	0	0	0	0	0	0	0	0	0	0	0
95093	1999	95	3	9694	9694	9694	0	0	0	0	0	0	0	0	0	0	0	0
95094	1999	96	3	9695	9695	9695	0	0	0	0	0	0	0	0	0	0	0	0
95095	1999	97	3	9905	9905	9905	0	0	0	0	0	0	0	0	0	0	0	0
95096	1999	98	3	9646	9646	9646	0	0	0	0	0	0	0	0	0	0	0	0
95097	1999	99	3	9698	9698	9698	0	0	0	0	0	0	0	0	0	0	0	0
95098	1999	100	3	9699	9699	9699	0	0	0	0	0	0	0	0	0	0	0	0
95099	1999	101	3	9700	9700	9700	0	0	0	0	0	0	0	0	0	0	0	0
95100	1999	102	3	9701	9701	9701	0	0	0	0	0	0	0	0	0	0	0	0
95101	1999	103	3	9702	9702	9702	0	0	0	0	0	0	0	0	0	0	0	0
95102	1999	104	3	9703	9703	9703	0	0	0	0	0	0	0	0	0	0	0	0
95103	1999	105	3	9704	9704	9704	0	0	0	0	0	0	0	0	0	0	0	0
95104	1999	106	3	9705	9705	9705	0	0	0	0	0	0	0	0	0	0	0	0
95105	1999	107	3	9706	9706	9706	0	0	0	0	0	0	0	0	0	0	0	0
95106	1999	108	3	9707	9707	9707	0	0	0	0	0	0	0	0	0	0	0	0
95107	1999	109	3	9708	9708	9708	0	0	0	0	0	0	0	0	0	0	0	0
95108	1999	110	3	9709	9709	9709	0	0	0	0	0	0	0	0	0	0	0	0
95109	1999	111	3	9710	9710	9710	0	0	0	0	0	0	0	0	0	0	0	0
95110	1999	112	3	9711	9711	9711	0	0	0	0	0	0	0	0	0	0	0	0
95111	1999	113	3	9712	9712	9712	0	0	0	0	0	0	0	0	0	0	0	0
95112	1999	114	3	9713	9713	9713	0	0	0	0	0	0	0	0	0	0	0	0
95113	1999	115	3	9714	9714	9714	0	0	0	0	0	0	0	0	0	0	0	0
95114	1999	116	3	9715	9715	9715	0	0	0	0	0	0	0	0	0	0	0	0
95115	1999	117	3	9716	9716	9716	0	0	0	0	0	0	0	0	0	0	0	0
95116	1999	118	3	9717	9717	9717	0	0	0	0	0	0	0	0	0	0	0	0
95117	1999	119	3	9646	9646	9646	0	0	0	0	0	0	0	0	0	0	0	0
95118	1999	120	3	9719	9719	9719	0	0	0	0	0	0	0	0	0	0	0	0
95119	1999	121	3	9720	9720	9720	0	0	0	0	0	0	0	0	0	0	0	0
95120	1999	122	3	9721	9721	9721	0	0	0	0	0	0	0	0	0	0	0	0
95121	1999	123	3	9722	9722	9722	0	0	0	0	0	0	0	0	0	0	0	0
95122	1999	124	3	9723	9723	9723	0	0	0	0	0	0	0	0	0	0	0	0
95123	1999	125	3	9724	9724	9724	0	0	0	0	0	0	0	0	0	0	0	0
95124	1999	126	3	9725	9725	9725	0	0	0	0	0	0	0	0	0	0	0	0
95125	1999	127	3	9726	9726	9726	0	0	0	0	0	0	0	0	0	0	0	0
95126	1999	128	3	9727	9727	9727	0	0	0	0	0	0	0	0	0	0	0	0
95127	1999	129	3	9728	9728	9728	0	0	0	0	0	0	0	0	0	0	0	0
95128	1999	130	3	9729	9729	9729	0	0	0	0	0	0	0	0	0	0	0	0
95129	1999	131	3	9730	9730	9730	0	0	0	0	0	0	0	0	0	0	0	0
95130	1999	132	3	9731	9731	9731	0	0	0	0	0	0	0	0	0	0	0	0
95131	1999	133	3	9732	9732	9732	0	0	0	0	0	0	0	0	0	0	0	0
95132	1999	134	3	9733	9733	9733	0	0	0	0	0	0	0	0	0	0	0	0
95133	1999	135	3	9734	9734	9734	0	0	0	0	0	0	0	0	0	0	0	0
95134	1999	136	3	9735	9735	9735	0	0	0	0	0	0	0	0	0	0	0	0
95135	1999	137	3	9736	9736	9736	0	0	0	0	0	0	0	0	0	0	0	0
95136	1999	138	3	9737	9737	9737	0	0	0	0	0	0	0	0	0	0	0	0
95137	1999	139	3	9738	9738	9738	0	0	0	0	0	0	0	0	0	0	0	0
95138	1999	140	3	1180	1180	1180	0	0	0	0	0	0	0	0	0	0	0	0
95139	1999	141	3	1181	1181	1181	0	0	0	0	0	0	0	0	0	0	0	0
95140	1999	142	3	1182	1182	1182	0	0	0	0	0	0	0	0	0	0	0	0
95141	1999	143	3	1183	1183	1183	0	0	0	0	0	0	0	0	0	0	0	0
95142	1999	144	3	1184	1184	1184	0	0	0	0	0	0	0	0	0	0	0	0
95143	1999	145	3	1185	1185	1185	0	0	0	0	0	0	0	0	0	0	0	0
95144	1999	146	3	1186	1186	1186	0	0	0	0	0	0	0	0	0	0	0	0
95145	1999	147	3	1187	1187	1187	0	0	0	0	0	0	0	0	0	0	0	0
95146	1999	148	3	1188	1188	1188	0	0	0	0	0	0	0	0	0	0	0	0
95147	1999	149	3	1189	1189	1189	0	0	0	0	0	0	0	0	0	0	0	0
95148	1999	150	3	1190	1190	1190	0	0	0	0	0	0	0	0	0	0	0	0
95200	9997	1	1	9755	9755	9755	0	0	0	0	0	0	0	0	0	0	0	0
95201	9997	2	1	9756	9756	9756	0	0	0	0	0	0	0	0	0	0	0	0
95202	9997	3	1	9757	9757	9757	0	0	0	0	0	0	0	0	0	0	0	0
95203	9997	4	1	9758	9758	9758	0	0	0	0	0	0	0	0	0	0	0	0
95204	9997	5	1	9759	9760	0	0	0	0	0	0	0	0	0	0	0	0	0
95205	9997	6	1	9761	9761	9761	0	0	0	0	0	0	0	0	0	0	0	0
95220	9999	1	1	9527	9527	9527	0	0	0	0	0	0	0	0	0	0	0	0
95221	9999	2	1	9528	9528	9528	0	0	0	0	0	0	0	0	0	0	0	0
95222	9999	3	1	9529	9529	9529	0	0	0	0	0	0	0	0	0	0	0	0
