n_ID	s_ICON	n_RANGE	s_ANIMATION	s_ANIMATION2	n_CLASS	s_PHASING	s_ROTATE	n_EMOTE	n_THENDO	s_HITRATE	s_BUFF_HITRATE	s_HIT_KEYFRAME	s_HITBACK	s_FXS_CASTING	s_CAST_POSTPROCESS	s_HIT_POSTPROCESS	s_EMIT_KEYFRAME	n_AMOUNT_TARGET	n_DAMAGE_AREA	n_MOB_CD	s_CONDITION	f_VAR_TPD	f_VAR_TMD	f_VAR_TPP	f_VAR_TMP	f_DAMAGE_PHYSICS	f_DAMAGE_MAGIC	f_PERCENT_HP	n_PROFIT
1		500			0			0	0	GO(0)	GO(0)	none;9914;0						1	500	0	13	0.0	0.0	0.0	0.0	0.0	0.0	0.0	0
2		500			1			0	0	GO(0)	GO(0)	none;9915;0						1	500	0	13	0.0	0.0	0.0	0.0	0.0	0.0	0.0	0
3		500			1			0	0	GO(0)	GO(0)	none;9916;0						1	500	0	13	0.0	0.0	0.0	0.0	0.0	0.0	0.0	0
4		500			1			0	0	GO(0)	GO(0)	none;0;0						1	500	0	13	0.0	0.0	0.0	0.0	1000.0	0.0	0.0	0
5		10	_C_none;0	_C_none;0	0			0	0									0	0	0		0.0	0.0	0.0	0.0	0.0	0.0	0.0	0
6		5000	_F_ATTACK_000;5	_F_ATTACK_000;5	1			0	0	GO(0)	GO(0)						6;1	1	75	0	1	0.0	0.0	0.0	0.0	0.0	0.0	0.0	0
7		5000	_F_ATTACK_000;5	_F_ATTACK_000;5	1			0	0	GO(0)	GO(0)						7;1	1	75	0	1;4	0.0	0.0	0.0	0.0	0.0	0.0	0.0	0
8		5000	_F_ATTACK_000;5	_F_ATTACK_000;5	1			0	0	GO(0)	GO(0)						8;1	1	75	0	1;4	0.0	0.0	0.0	0.0	0.0	0.0	0.0	0
9		1700			0			0	0	GO(0)				PS_O_SHIP_LEFT_CANON;0			10;0\n9;1\n16;2\n17;3	0	0	0	2;30;36	0.0	0.0	0.0	0.0	0.0	0.0	0.0	0
10		5000	_F_JUMP_000;17	_F_JUMP_000;17	1	-200;0;250;15		0	0	GO(0)	GO(0)	none;10;15						1	0	0	1;4	0.0	0.0	0.0	0.0	0.0	0.0	0.0	0
11		30	_C_WIELD_000;15	_F_WIELD_000;15	1			0	0	GO(0)								0	1	0	13	0.0	0.0	0.0	0.0	0.0	0.0	0.0	0
12		30	_C_WIELD_001;15	_F_WIELD_001;15	1			0	0	GO(0)								0	1	0	13	0.0	0.0	0.0	0.0	0.0	0.0	0.0	0
13		1000	_F_ATTACK_006;24	_F_ATTACK_006;24	1	0;0;0;6\n800;0;0;19		0	0	GO(0)	GO(0)	S_H_PHYSICS;0;14	-100;600;6				5;7	5	400	0	2	0.0	0.0	0.0	0.0	0.0	0.0	0.0	0
14		1700			0			0	0	GO(0)				PS_O_SHIP_DIRT;0			10;0\n14;1	0	0	0	2;30;36	0.0	0.0	0.0	0.0	0.0	0.0	0.0	0
15		1700			0			0	0	GO(0)				PS_O_SHIP_RIGHT_CANON;0			10;0\n15;1\n18;2\n19;3	0	0	0	2;30;36	0.0	0.0	0.0	0.0	0.0	0.0	0.0	0
16		10	_F_DIE_000A;36\n_F_DIE_001A;69\n_F_DIE_001A;102	_F_DIE_000A;36\n_F_DIE_001A;69\n_F_DIE_001A;102	0	0;0;0;0		0	0	GO(0)	GO(0)							0	0	0	1	0.0	0.0	0.0	0.0	0.0	0.0	0.0	0
17		5000	_F_ATTACK_000;16	_F_ATTACK_000;16	1			0	0	GO(0)	GO(0)	S_H_PHYSICS;17;1						1	75	0	1;4	0.0	0.0	0.0	0.0	0.0	0.0	0.0	0
18		5000	_F_ATTACK_000;16	_F_ATTACK_000;16	1			0	0	GO(0)	GO(0)	S_H_PHYSICS;18;1						1	75	0	1;4	0.0	0.0	0.0	0.0	0.0	0.0	0.0	0
19		5000	_F_ATTACK_000;16	_F_ATTACK_000;16	1			0	0	GO(0)	GO(0)	S_H_PHYSICS;19;1						1	75	0	1;4	0.0	0.0	0.0	0.0	0.0	0.0	0.0	0
20		100	_F_ATTACK_038;85	_F_ATTACK_038;85	0	0;0;0;0		0	0	GO(0)	GO(0)	S_H_PHYSICS;0;3\nS_H_PHYSICS;0;14\nS_H_PHYSICS;0;25\nS_H_PHYSICS;0;36\nS_H_PHYSICS;0;47\nS_H_PHYSICS;0;61	0;-1;1					1	225	0	1;5	1.0	0.0	1.0	0.0	0.0	0.0	0.0	0
21		75			0			0	0	GO(0)	GO(0)						21;0	1	200	0	13	0.0	0.0	0.0	0.0	0.0	0.0	0.0	0
22		5000	_F_DODGE_000;15	_F_DODGE_000;15	0	600;0;0;15		0	0	GO(0)	GO(0)	none;14;0		PS_O_DODGE;0				1	500	0	13;27;29;32;33;34	0.0	0.0	0.0	0.0	0.0	0.0	0.0	0
23		5000	_F_DODGE_000;15	_F_DODGE_000;15	0	519;300;0;15	-30;0	0	0	GO(0)	GO(0)	none;14;0		PS_O_DODGE;0				1	500	0	13;27;29;32;33;34	0.0	0.0	0.0	0.0	0.0	0.0	0.0	0
24		5000	_F_DODGE_000;15	_F_DODGE_000;15	0	519;-300;0;15	30;0	0	0	GO(0)	GO(0)	none;14;0		PS_O_DODGE;0				1	500	0	13;27;29;32;33;34	0.0	0.0	0.0	0.0	0.0	0.0	0.0	0
25		5000	_F_DODGE_003;15	_F_DODGE_003;15	0	-600;0;0;15		0	0	GO(0)	GO(0)	none;14;0		PS_O_DODGE;0				1	500	0	13;27;29;32;33;34	0.0	0.0	0.0	0.0	0.0	0.0	0.0	0
26		5000	_F_DODGE_003;15	_F_DODGE_003;15	0	-519;300;0;15	30;0	0	0	GO(0)	GO(0)	none;14;0		PS_O_DODGE;0				1	500	0	13;27;29;32;33;34	0.0	0.0	0.0	0.0	0.0	0.0	0.0	0
27		5000	_F_DODGE_003;15	_F_DODGE_003;15	0	-519;-300;0;15	-30;0	0	0	GO(0)	GO(0)	none;14;0		PS_O_DODGE;0				1	500	0	13;27;29;32;33;34	0.0	0.0	0.0	0.0	0.0	0.0	0.0	0
28		5000	_F_DODGE_001;15	_F_DODGE_001;15	0	0;600;0;15		0	0	GO(0)	GO(0)	none;14;0		PS_O_DODGE;0				1	500	0	13;27;29;32;33;34	0.0	0.0	0.0	0.0	0.0	0.0	0.0	0
29		5000	_F_DODGE_002;15	_F_DODGE_002;15	0	0;-600;0;15		0	0	GO(0)	GO(0)	none;14;0		PS_O_DODGE;0				1	500	0	13;27;29;32;33;34	0.0	0.0	0.0	0.0	0.0	0.0	0.0	0
30		5000	_F_EMPOWER_000;45	_F_EMPOWER_000;45	0	0;0;0;0		0	0	GO(0)	GO(0)	none;30;1		PS_O_EMPOWER;0				1	500	0	13	0.0	0.0	0.0	0.0	0.0	0.0	0.0	0
31		5000	_F_EMPOWER_000;45	_F_EMPOWER_000;45	0	0;0;0;0		0	0	GO(0)	GO(0)	none;31;1		PS_O_EMPOWER;0				1	500	0	13	0.0	0.0	0.0	0.0	0.0	0.0	0.0	0
32		5000	_F_EMPOWER_000;45	_F_EMPOWER_000;45	0	0;0;0;0		0	0	GO(0)	GO(0)	none;32;1		PS_O_EMPOWER;0				1	500	0	13	0.0	0.0	0.0	0.0	0.0	0.0	0.0	0
33		5000	_F_EMPOWER_000;45	_F_EMPOWER_000;45	0	0;0;0;0		0	0	GO(0)	GO(0)	none;33;1		PS_O_EMPOWER;0				1	500	0	13	0.0	0.0	0.0	0.0	0.0	0.0	0.0	0
34		5000	_F_EMPOWER_000;45	_F_EMPOWER_000;45	0	0;0;0;0		0	0	GO(0)	GO(0)	none;34;1		PS_O_EMPOWER;0				1	500	0	13	0.0	0.0	0.0	0.0	0.0	0.0	0.0	0
35		5000	_F_EMPOWER_000;45	_F_EMPOWER_000;45	0	0;0;0;0		0	0	GO(0)	GO(0)	none;35;1		PS_O_EMPOWER;0				1	500	0	13	0.0	0.0	0.0	0.0	0.0	0.0	0.0	0
36		5000	_F_EMPOWER_000;45	_F_EMPOWER_000;45	0	0;0;0;0		0	0	GO(0)	GO(0)	none;36;1		PS_O_EMPOWER;0				1	500	0	13	0.0	0.0	0.0	0.0	0.0	0.0	0.0	0
37		5000	_F_EMPOWER_000;45	_F_EMPOWER_000;45	0	0;0;0;0		0	0	GO(0)	GO(0)	none;37;1		PS_O_EMPOWER;0				1	500	0	13	0.0	0.0	0.0	0.0	0.0	0.0	0.0	0
38		5000	_F_EMPOWER_000;45	_F_EMPOWER_000;45	0	0;0;0;0		0	0	GO(0)	GO(0)	none;38;1		PS_O_EMPOWER;0				1	500	0	13	0.0	0.0	0.0	0.0	0.0	0.0	0.0	0
39		5000	_F_EMPOWER_000;45	_F_EMPOWER_000;45	0	0;0;0;0		0	0	GO(0)	GO(0)	none;39;1		PS_O_EMPOWER;0				1	500	0	13	0.0	0.0	0.0	0.0	0.0	0.0	0.0	0
40		5000	_F_EMPOWER_000;45	_F_EMPOWER_000;45	0	0;0;0;0		0	0	GO(0)	GO(0)	none;40;1		PS_O_EMPOWER;0				1	500	0	13	0.0	0.0	0.0	0.0	0.0	0.0	0.0	0
41		5000	_F_EMPOWER_000;45	_F_EMPOWER_000;45	0	0;0;0;0		0	0	GO(0)	GO(0)	none;41;1		PS_O_EMPOWER;0				1	500	0	13	0.0	0.0	0.0	0.0	0.0	0.0	0.0	0
42		5000	_F_EMPOWER_000;45	_F_EMPOWER_000;45	0	0;0;0;0		0	0	GO(0)	GO(0)	none;42;1		PS_O_EMPOWER;0				1	500	0	13	0.0	0.0	0.0	0.0	0.0	0.0	0.0	0
43		5000	_F_EMPOWER_000;45	_F_EMPOWER_000;45	0	0;0;0;0		0	0	GO(0)	GO(0)	none;18;1		PS_O_EMPOWER;0				1	500	0	13	0.0	0.0	0.0	0.0	0.0	0.0	0.0	0
44		5000	_F_EMPOWER_000;45	_F_EMPOWER_000;45	0	0;0;0;0		0	0	GO(0)	GO(0)	none;44;1		PS_O_EMPOWER;0				1	500	0	13	0.0	0.0	0.0	0.0	0.0	0.0	0.0	0
45		5000	_F_EMPOWER_000;45	_F_EMPOWER_000;45	0	0;0;0;0		0	0	GO(0)	GO(0)	none;45;1		PS_O_EMPOWER;0				1	500	0	13	0.0	0.0	0.0	0.0	0.0	0.0	0.0	0
46		5000	_F_EMPOWER_000;45	_F_EMPOWER_000;45	0	0;0;0;0		0	0	GO(0)	GO(0)	none;46;1		PS_O_EMPOWER;0				1	500	0	13	0.0	0.0	0.0	0.0	0.0	0.0	0.0	0
47		5000	_F_EMPOWER_000;45	_F_EMPOWER_000;45	0	0;0;0;0		0	0	GO(0)	GO(0)	none;47;1		PS_O_EMPOWER;0				1	500	0	13	0.0	0.0	0.0	0.0	0.0	0.0	0.0	0
48		5000	_F_EMPOWER_000;45	_F_EMPOWER_000;45	0	0;0;0;0		0	0	GO(0)	GO(0)	none;48;1		PS_O_EMPOWER;0				1	500	0	13	0.0	0.0	0.0	0.0	0.0	0.0	0.0	0
49		5000	_F_EMPOWER_000;45	_F_EMPOWER_000;45	0	0;0;0;0		0	0	GO(0)	GO(0)	none;49;1		PS_O_EMPOWER;0				1	500	0	13	0.0	0.0	0.0	0.0	0.0	0.0	0.0	0
50		5000	_F_EMPOWER_000;45	_F_EMPOWER_000;45	0	0;0;0;0		0	0	GO(0)	GO(0)	none;50;1		PS_O_EMPOWER;0				1	500	0	13	0.0	0.0	0.0	0.0	0.0	0.0	0.0	0
51		5000	_F_EMPOWER_000;45	_F_EMPOWER_000;45	0	0;0;0;0		0	0	GO(0)	GO(0)	none;18;1		PS_O_EMPOWER;0				1	500	0	13	0.0	0.0	0.0	0.0	0.0	0.0	0.0	0
52		5000	_F_EMPOWER_000;45	_F_EMPOWER_000;45	0	0;0;0;0		0	0	GO(0)	GO(0)	none;19;1		PS_O_EMPOWER;0				1	500	0	13	0.0	0.0	0.0	0.0	0.0	0.0	0.0	0
60		5000	_F_ATTACK_000;30	_F_ATTACK_000;30	0	0;0;0;0		0	0	GO(0)	GO(0)							1	500	0	13	0.0	0.0	0.0	0.0	0.0	0.0	0.0	0
61		5000	_F_ATTACK_001;50	_F_ATTACK_001;50	0	0;0;0;0		0	0	GO(0)	GO(0)							1	500	0	13	0.0	0.0	0.0	0.0	0.0	0.0	0.0	0
62		5000	_F_ATTACK_002;50	_F_ATTACK_002;50	0	0;0;0;0		0	0	GO(0)	GO(0)							1	500	0	13	0.0	0.0	0.0	0.0	0.0	0.0	0.0	0
63		5000	_F_ATTACK_003;60	_F_ATTACK_003;60	0	0;0;0;0		0	0	GO(0)	GO(0)							1	500	0	13	0.0	0.0	0.0	0.0	0.0	0.0	0.0	0
64		5000	_F_ATTACK_004;60	_F_ATTACK_004;60	0	0;0;0;0		0	0	GO(0)	GO(0)							1	500	0	13	0.0	0.0	0.0	0.0	0.0	0.0	0.0	0
65		5000	_F_ATTACK_005;50	_F_ATTACK_005;50	0	0;0;0;0		0	0	GO(0)	GO(0)							1	500	0	13	0.0	0.0	0.0	0.0	0.0	0.0	0.0	0
66		5000	_F_DIE_000;60	_F_DIE_000;60	0	0;0;0;0		0	0	GO(0)	GO(0)							1	500	0	13	0.0	0.0	0.0	0.0	0.0	0.0	0.0	0
67		5000	_F_HAPPY_000;79	_F_HAPPY_000;79	0	0;0;0;0		0	0	GO(0)	GO(0)							1	500	0	13	0.0	0.0	0.0	0.0	0.0	0.0	0.0	0
68		5000	_F_SAD_000;69	_F_SAD_000;69	0	0;0;0;0		0	0	GO(0)	GO(0)							1	500	0	13	0.0	0.0	0.0	0.0	0.0	0.0	0.0	0
69		5000	_F_TALK_000;80	_F_TALK_000;80	0	0;0;0;0		0	0	GO(0)	GO(0)							1	500	0	13	0.0	0.0	0.0	0.0	0.0	0.0	0.0	0
70		5000	_F_ACT_004;72	_F_ACT_004;72	0	0;0;0;0		0	0	GO(0)	GO(0)							1	500	0	13	0.0	0.0	0.0	0.0	0.0	0.0	0.0	0
71		5000	_F_KNOCKED_001;34\n_F_STRUGGLE_000;84\n_F_STRUGGLE_000;134\n_F_STRUGGLE_000;184\n_F_STRUGGLE_000;234\n_F_STRUGGLE_000;284\n_F_STRUGGLE_000;334	_F_KNOCKED_001;34\n_F_STRUGGLE_000;84\n_F_STRUGGLE_000;134\n_F_STRUGGLE_000;184\n_F_STRUGGLE_000;234\n_F_STRUGGLE_000;284\n_F_STRUGGLE_000;334	0	0;0;0;0		0	0	GO(0)	GO(0)							1	500	0	13	0.0	0.0	0.0	0.0	0.0	0.0	0.0	0
72		5000	_C_KNOCKED_000;20	_C_KNOCKED_000;20	0	0;0;0;0		0	0	GO(0)	GO(0)							1	500	0	13	0.0	0.0	0.0	0.0	0.0	0.0	0.0	0
73		5000	_F_EMOTION_000;100	_F_EMOTION_000;100	0	0;0;0;0		0	0	GO(0)	GO(0)							1	500	0	13	0.0	0.0	0.0	0.0	0.0	0.0	0.0	0
74		5000	_F_DIE_002;16	_F_DIE_002;16	0	0;0;0;0		0	0	GO(0)	GO(0)							1	500	0	13	0.0	0.0	0.0	0.0	0.0	0.0	0.0	0
75		5000	_F_DIE_003;22	_F_DIE_003;22	0	0;0;0;0		0	0	GO(0)	GO(0)							1	500	0	13	0.0	0.0	0.0	0.0	0.0	0.0	0.0	0
76		5000	_F_SHOCK_000;150	_F_SHOCK_000;150	0	0;0;0;0		0	0	GO(0)	GO(0)							1	500	0	13	0.0	0.0	0.0	0.0	0.0	0.0	0.0	0
80		2000	_F_WORK_001;303	_F_WORK_001;303	0	0;0;0;303	0;303	0	0	GO(0)	GO(0)			U_SKETCH_DRAW;0				1	1	0	13	0.0	0.0	0.0	0.0	0.0	0.0	0.0	0
82		2000	_F_STANDUP_000;40	_F_STANDUP_000;40	0	0;0;0;0		0	0	GO(0)							82;0	0	0	0	13	0.0	0.0	0.0	0.0	0.0	0.0	0.0	0
83		2000	_F_SIT_000;34	_F_SIT_000;34	0	0;0;0;0		0	94	GO(0)	GO(0)	none;83;0					85;30	1	10	0	13	0.0	0.0	0.0	0.0	0.0	0.0	0.0	0
84		2000	_F_SIT_001;40\n_F_SIT_001;60	_F_SIT_001;40	0	0;0;0;0		0	94	GO(0)	GO(0)	none;83;0					84;3\n86:50\n85;53	1	10	0	7;13;25	0.0	0.0	0.0	0.0	0.0	0.0	0.0	0
88		10			0			0	0	GO(0)								0	0	0		0.0	0.0	0.0	0.0	0.0	0.0	0.0	0
89		10			0			0	0	GO(0)								0	0	0		0.0	0.0	0.0	0.0	0.0	0.0	0.0	0
90		2000	_C_ATTACK_000;28	_C_ATTACK_000;28	0			0	0	GO(0)	GO(0)	S_H_PHYSICS;302;12						1	2000	0	1;5	0.0	0.0	0.0	0.0	0.0	0.0	0.0	0
91		9000	_C_none;1	_C_none;1	0			0	0	GO(0)							91;1	0	9000	0	20	0.0	0.0	0.0	0.0	0.0	0.0	0.0	0
92		10			0			0	0	GO(0)								0	0	0		0.0	0.0	0.0	0.0	0.0	0.0	0.0	0
93		10			0			0	0	GO(0)								0	0	0		0.0	0.0	0.0	0.0	0.0	0.0	0.0	0
95		10	_F_FLEX_001;96	_F_FLEX_001;96	0	0;0;0;0		0	0	GO(0)								0	0	0	7;25;28	0.0	0.0	0.0	0.0	0.0	0.0	0.0	0
96		10	_F_FLEX_002;100	_F_FLEX_002;100	0	0;0;0;0		0	0	GO(0)								0	0	0	7;25;28	0.0	0.0	0.0	0.0	0.0	0.0	0.0	0
97		10	_F_FLEX_000;77	_F_FLEX_000;77	0	0;0;0;0		0	0	GO(0)								0	0	0	7;25;28	0.0	0.0	0.0	0.0	0.0	0.0	0.0	0
98		10			0			0	0	GO(0)								0	0	0	13	0.0	0.0	0.0	0.0	0.0	0.0	0.0	0
99		90000	_F_READY_000;45\n_F_ATTACK_003;75\n_F_ATTACK_003;95\n_F_ATTACK_003;115\n_F_ATTACK_003;135\n_F_READY_000;235	_F_READY_000;45\n_F_ATTACK_003;75\n_F_ATTACK_003;95\n_F_ATTACK_003;115\n_F_ATTACK_003;135\n_F_READY_000;235	1	0;0;0;0		0	0	HIT(0.75)	GO(0)						95;75\n96;95\n97;115\n98;135	1	0	0	5	0.0	0.0	0.0	0.0	0.0	0.0	0.0	0
100		10	_F_FLEX_001;96	_F_FLEX_001;96	0	0;0;0;0		0	0	GO(0)				SOUND_FLEXRAIN;0				0	0	0	7;25;28	0.0	0.0	0.0	0.0	0.0	0.0	0.0	0
101		10	_F_FLEX_002;100	_F_FLEX_002;100	0	0;0;0;0		0	0	GO(0)				SOUND_ATTACK;0				0	0	0	7;25;28	0.0	0.0	0.0	0.0	0.0	0.0	0.0	0
102		10	_F_FLEX_000;77	_F_FLEX_000;77	0	0;0;0;0		0	0	GO(0)				SOUND_FLEXNORMAL;0				0	0	0	7;25;28	0.0	0.0	0.0	0.0	0.0	0.0	0.0	0
110		300	_F_JUMP_002;25	_F_JUMP_002;25	0	0;0;650;1		0	0	GO(0)							140;0	0	300	0	7;25;40	0.0	0.0	0.0	0.0	0.0	0.0	0.0	0
111		300	_F_JUMP_002;25\n_F_JUMP_001;42\n_F_JUMP_001;59	_F_JUMP_002;25\n_F_JUMP_001;42\n_F_JUMP_001;59	0	0;0;2600;1		0	0	GO(0)	GO(0)	none;1006;1		PS_O_VIP_JUMP;0				0	300	0	7;13;25;29;40	0.0	0.0	0.0	0.0	0.0	0.0	0.0	0
112		300	_F_JUMP_002;25\n_F_JUMP_001;42\n_F_JUMP_001;59	_F_JUMP_002;25\n_F_JUMP_001;42\n_F_JUMP_001;59	0	0;0;2600;1		0	0	GO(0)	GO(0)	none;1005;59		PS_O_VIP_JUMP;0				0	300	0	7;13;25;29;40	0.0	0.0	0.0	0.0	0.0	0.0	0.0	0
113		300	_F_JUMP_002;25\n_F_JUMP_001;42\n_F_JUMP_001;59	_F_JUMP_002;25\n_F_JUMP_001;42\n_F_JUMP_001;59	0	0;0;3900;1		0	0	GO(0)				S_O_STAMP_BLUE;0				0	300	0	7;25	0.0	0.0	0.0	0.0	0.0	0.0	0.0	0
114	Icon_Emotion_003	100	_F_EMOTION_003;155	_F_EMOTION_003;155	0			1	0	GO(0)	GO(0)			F_EMOTION_ACTION_0;0				0	0	0	7;25;26	0.0	0.0	0.0	0.0	0.0	0.0	0.0	0
140		300			0			0	0	GO(0)	GO(0)							1	300	0	13	0.0	0.0	0.0	0.0	0.0	0.0	0.0	0
141		90	_F_ATTACK_008;39	_F_ATTACK_008;39	16385	0;0;0;0		0	284	GO(0)	STUN(100)	S_H_PHYSICS;0;19	-1;0;1	PS_O_SINGLE_F22;0	CAMERASHOCK(C_SKILL01);20		141;19	3	225	0	2;7;14;28	1.0	0.0	1.0	0.0	0.0	0.0	0.0	1
142		90	_F_ATTACK_015;43	_F_ATTACK_015;43	16385	0;0;0;0		0	284	HIT(100)	STUN(0)	S_H_PHYSICS;0;9\nS_H_PHYSICS;0;24\nS_H_PHYSICS;0;43	0;-1;1	PS_O_ATTACK015;0			142;43\n280;43	1	225	0	1;5;7;8;9;14;28	1.0	0.0	1.0	0.0	0.0	0.0	0.0	0
143		90	_F_ATTACK_004;32	_F_ATTACK_004;32	16385	0;0;0;0		0	284	HIT(100)	STUN(100)	S_H_PHYSICS;1430;17	0;-1;1	PS_O_ATTACK004;0			298;1	1	250	0	0;1;5;7;28	1.0	0.0	1.0	0.0	0.0	0.0	0.0	0
144		150	_F_ATTACK_003;32	_F_ATTACK_003;32	4096			0	0	GO(0)	GO(0)	PS_O_DEVA;144;15						1	200	0	7;13;28	0.0	0.0	0.0	0.0	0.0	0.0	0.0	0
145		90	_F_ATTACK_008A;41	_F_ATTACK_008A;41	16385	0;0;0;35		0	284	HIT(100)	STUN(100)	S_H_HOMERUN;304;17	-150;100;5	PS_O_ATTACK008A;0				1	225	0	1;5;7;8;14;21;28	1.0	0.0	1.0	0.0	0.0	0.0	0.0	0
146		90	_F_ATTACK_006;25	_F_ATTACK_006;25	16385	0;0;0;11\n750;0;0;19		0	0	HIT(100)				PS_O_ATTACK004_L;0		CAMERASHOCK(C_SKILL01);17	146;10	0	250	0	2	0.0	0.0	0.0	0.0	0.0	0.0	0.0	0
147		1700	_F_ATTACK_037;0	_F_ATTACK_037;0	16385	RUNEDGE;-1.05;0;6000		0	1470	HIT(100)							147;0	0	1700	0	1;5	0.0	0.0	0.0	0.0	0.0	0.0	0.0	0
148		2000	_F_ATTACK_037;0	_F_ATTACK_006;25	16385	RUNEDGE;-0.9;0;6000		0	0	HIT(100)					radialblur;30;0		147;0\n1470;0	0	0	0	1;5	0.0	0.0	0.0	0.0	0.0	0.0	0.0	0
149		3000	_F_ATTACK_006;24	_F_ATTACK_006;24	1	0;0;0;0\n900;0;0;15		0	0		GO(0)	nul						1	90	0	2	0.0	0.5	0.5	0.0	0.0	0.0	0.0	0
150		3000	_F_EMPOWER_000;180	_F_EMPOWER_000;180	1	0;0;0;0		0	0		GO(0)	none;150;1						1	200	0	3;13	0.0	0.0	0.0	0.0	0.0	0.0	0.0	0
151		1500	_F_JUMP_000;25	_F_JUMP_000;25	1	ARC;25		0	157	GO(0)	GO(0)	none;151;20						1	500	0	25	0.0	0.0	0.0	0.0	0.0	0.0	0.0	0
152		3000	_C_ATTACK_020;300	_C_ATTACK_020;300	1	0;0;0;300		0	154		GO(0)						152;1	1	90	0	6	0.0	0.0	0.0	0.0	0.0	0.0	0.0	0
153		250	_F_ATTACK_005;25\n_F_SENTRY_000;30	_F_ATTACK_005;25\n_F_SENTRY_000;30	1	0;0;0;0		0	0		GO(0)	none;153;1						1	300	0	25	0.0	0.0	0.0	0.0	0.0	0.0	0.0	0
154		5000	_F_JUMP_002;29\n_F_JUMP_001;45	_F_JUMP_002;29\n_F_JUMP_001;45	1	ARC;45		0	0		GO(0)							1	5000	0	6	0.0	0.5	0.5	0.0	0.0	0.0	0.0	0
155		3000	_C_ATTACK_019;26	_F_ATTACK_019;26	1	nul		0	0		GO(0)	nul						1	90	0	2	0.0	0.5	0.5	0.0	0.0	0.0	0.0	0
156		300	_C_ATTACK_003;36	_C_ATTACK_003;36	1			0	0	GO(0)	GO(0)							1	300	0	1;4	0.0	0.0	0.0	0.0	0.0	0.0	0.0	0
157		2500	_F_JUMP_002;25\n_F_ATTACK_014;41	_F_JUMP_002;25\n_F_ATTACK_014;41	1	ARC;40		0	0	GO(0)	GO(0)	S_H_PHYSICS;0;40	0;-1;1					1	175	0	1;5	2.5	0.0	2.5	0.0	0.0	0.0	0.0	0
158		3000	_C_WIELD_000;15	_F_WIELD_000;15	1	nul		0	0		GO(0)	S_H_PHYSICS;0;20						1	90	0	2	0.0	0.5	0.5	0.0	0.0	0.0	0.0	0
159		3000	_C_WIELD_001;15	_F_WIELD_001;15	1	nul		0	0		GO(0)	S_H_PHYSICS;0;20						1	90	0	2	0.0	0.5	0.5	0.0	0.0	0.0	0.0	0
160		1700	_C_ATTACK_020;29	_C_ATTACK_020;29	16640			0	286	GO(0)				PS_O_FIREDART;0			160;20\n280;20	0	0	0	1;5;7;14;28	0.0	0.0	0.0	0.0	0.0	0.0	0.0	0
161		1700	_C_ATTACK_020;29	_C_ATTACK_020;29	16640			0	286	HIT(100)	CURSE(100)	S_H_FLAME;1610;22		PS_O_FIREDART;0			298;23	1	1750	0	1;5;7;14;28	1.0	1.0	0.0	1.0	0.0	0.0	0.0	0
162		3000	_C_ATTACK_003;32	_C_ATTACK_003;32	16640			0	0	GO(0)	GO(0)			PS_O_FIREARMOR;0			162;16\n1624;16	0	0	0	1;4;7;28	0.0	0.0	0.0	0.0	0.0	0.0	0.0	0
163		2500	_F_ATTACK_028;22\n_F_ATTACK_027;51\n_F_ATTACK_029;83	_F_ATTACK_028;22\n_F_ATTACK_027;51\n_F_ATTACK_029;83	16512	0;0;0;0		0	0	GO(0)				PS_O_AIRARMOR;51			163;65	0	0	0	1;5;7;14;28	0.0	0.0	0.0	0.0	0.0	0.0	0.0	0
164		2500	_F_ATTACK_028;45\n_F_ATTACK_023;75\n_F_ATTACK_023;105\n_F_ATTACK_023;135	_F_ATTACK_028;45\n_F_ATTACK_023;75\n_F_ATTACK_023;105\n_F_ATTACK_023;135	16640	0;0;0;0		0	0	GO(0)				PS_O_ORBITBOOM;0			1643;0\n164;3\n164;33\n164;63\n164;93\n164;123	0	10	0	5;6;7;14;28	0.0	0.0	0.0	0.0	0.0	0.0	0.0	0
165		1700	_C_ATTACK_020;30	_C_ATTACK_020;30	16640	0;0;0;30		0	286					PS_O_FIREDART;0			165;22	0	0	0	5;6;7;14;28	0.0	0.0	0.0	0.0	0.0	0.0	0.0	0
166		3000	_C_ATTACK_003;32	_C_ATTACK_003;32	16640			0	286	GO(0)				PS_O_FIREARMOR;0			166;16	0	0	0	13	0.0	0.0	0.0	0.0	0.0	0.0	0.0	0
167		1000	_C_ATTACK_021;48	_C_ATTACK_021;48	16640	0;0;0;0		0	286	GO(0)				PS_O_FIREBURST;0			167;0\n167;16\n167;32\n167;48	0	0	0	0	0.0	0.0	0.0	0.0	0.0	0.0	0.0	0
180		1500	_C_ATTACK_002;30	_C_ATTACK_002;30	16512			0	288	HIT(100)				S_O_THUNDERBOLT;0			180;18\n280;18	1	1	0	1;5;7;28	0.0	0.0	0.0	0.0	0.0	0.0	0.0	0
181		1700	_C_ATTACK_003;32	_C_ATTACK_003;30	16512			0	288	GO(0)				PS_O_AIRARMOR;0			181;15	0	0	0	5	0.0	0.0	0.0	0.0	0.0	0.0	0.0	0
182		3000	_F_ATTACK_003;32	_F_ATTACK_003;32	8192	0;0;0;0		0	0					PS_O_FIRSTAID;0			182;16\n298;16\n1829;16	0	1	0	1;4;7;14;28	0.0	0.0	0.0	0.0	0.0	0.0	0.0	0
183		1700	_F_ATTACK_029;32	_F_ATTACK_029;32	16512	0;0;0;0		0	288	HIT(100)				PS_O_TSUNAMI;0			183;14	0	1700	0	5;7;14;28	0.0	0.0	0.0	0.0	0.0	0.0	0.0	0
184		100	_F_ATTACK_035A;34\n_F_ATTACK_035B;50\n_F_ATTACK_035B;66\n_F_ATTACK_035B;82\n_F_ATTACK_035B;98\n_F_ATTACK_035B;114\n_F_ATTACK_035B;130\n_F_ATTACK_035B;146\n_F_ATTACK_035B;162\n_F_ATTACK_035B;178\n_F_ATTACK_035B;194\n_F_ATTACK_035B;210	_F_ATTACK_035A;34\n_F_ATTACK_035B;50\n_F_ATTACK_035B;66\n_F_ATTACK_035B;82\n_F_ATTACK_035B;98\n_F_ATTACK_035B;114\n_F_ATTACK_035B;130\n_F_ATTACK_035B;146\n_F_ATTACK_035B;162\n_F_ATTACK_035B;178\n_F_ATTACK_035B;194\n_F_ATTACK_035B;210	128	0;0;0;90		0	0	HIT(100)	CURSE(100)			PS_O_BLACKHOLE;0			184;15\n1840;30\n1844;35\n1841;45\n1844;55\n1842;60\n1843;75\n1844;80\n1840;90\n1841;105\n1842;120\n1844;130\n1843;135\n1840;150\n1841;165\n1842;180\n1844;185\n1843;195	0	0	0	7;14;28	0.0	0.0	0.0	0.0	0.0	0.0	0.0	0
185		3000	_F_ATTACK_002;30	_F_ATTACK_002;30	8192	0;0;0;0		0	0					PS_O_FIREDART;0			185;14	0	1	0	4;5;7;14;28	0.0	0.0	0.0	0.0	0.0	0.0	0.0	0
186		3000	_F_ATTACK_028;45	_F_ATTACK_028;45	8192	0;0;0;0		0	0	GO(0)	GO(0)			PS_O_FIREDART;0			1861;14\n1868;14	0	3000	0	1;4;7;14;28	0.0	0.0	0.0	0.0	0.0	0.0	0.0	0
187		1700	_F_ATTACK_029;32	_F_ATTACK_029;32	128	0;0;0;0		0	288	HIT(100)				S_O_M012_ICERAIN;0			187;14	0	1	0	5;7;14;28	0.0	0.0	0.0	0.0	0.0	0.0	0.0	0
188		1700	_C_ATTACK_003;32	_C_ATTACK_003;30	16512			0	0	GO(0)				PS_A_LIGHTING_L;3			188;15	0	0	0	0	0.0	0.0	0.0	0.0	0.0	0.0	0.0	0
200		2500	_C_ATTACK_021;48\n_C_ATTACK_021;96	_C_ATTACK_021;48\n_C_ATTACK_021;96	1	0;0;0;0		0	201	GO(0)								0	0	0	1;5	0.0	0.0	0.0	0.0	0.0	0.0	0.0	0
201		2500	_C_ATTACK_020;29	_C_ATTACK_020;29	1	0;0;0;0		0	0								200;23\n201;23	0	0	0	1;5	0.0	0.0	0.0	0.0	0.0	0.0	0.0	0
202		500	_F_EMPOWER_000;45	_F_EMPOWER_000;45	1	0;0;0;40		0	0	GO(0)	GO(0)	none;298;40		SP_O_EMPOWER;0				1	500	0	25	0.0	0.0	0.0	0.0	0.0	0.0	0.0	0
278		75	_C_ATTACK_000;28	_C_ATTACK_000;28	0			0	278	HIT(100)		S_H_PHYSICS_PUNCH;0;12						1	200	0	1;5;7;8;9;17;25;32	0.0	0.0	0.0	0.0	10.0	0.0	0.0	0
279		75	_C_ATTACK_001;26	_C_ATTACK_001;26	0			0	278	HIT(100)		S_H_PHYSICS_PUNCH;0;16						1	200	0	1;5;7;8;9;17;25;32	0.0	0.0	0.0	0.0	10.0	0.0	0.0	0
280		75	_C_ATTACK_000;30	_C_ATTACK_000;30	128			0	280	HIT(100)		S_H_PHYSICS_SWORD;0;13\nS_H_PHYSICS_SWORD;0;23		PS_O_DUAL_C0;0				1	200	0	1;5;7;8;9;14;17;25	0.5	0.0	0.5	0.0	0.0	0.0	0.0	0
281		75	_C_ATTACK_001;30	_C_ATTACK_001;30	128			0	280	HIT(100)		S_H_PHYSICS_SWORD;0;15\nS_H_PHYSICS_SWORD;0;23		PS_O_DUAL_C1;0				1	200	0	1;5;7;8;9;14;17;25	0.5	0.0	0.5	0.0	0.0	0.0	0.0	0
282		1700	_C_ATTACK_000;17	_C_ATTACK_000;17	0			0	282	HIT(100)				PS_O_FIREARM_C0;0			282;10	1	0	0	1;5;7;14;25	0.0	0.0	0.0	0.0	0.0	0.0	0.0	0
283		1700	_C_ATTACK_001;18	_C_ATTACK_001;18	0			0	282	HIT(100)				PS_O_FIREARM_C1;0			283;12	1	0	0	1;5;7;14;25	0.0	0.0	0.0	0.0	0.0	0.0	0.0	0
284		75	_C_ATTACK_000;28	_C_ATTACK_000;28	32			0	284	HIT(100)		S_H_PHYSICS_HAMMER;0;12		PS_O_SINGLE_C0;1				1	200	0	1;5;7;8;9;14;17;25	0.5	0.0	0.5	0.0	0.0	0.0	0.0	0
285		75	_C_ATTACK_001;26	_C_ATTACK_001;26	32			0	284	HIT(100)		S_H_PHYSICS_HAMMER;0;16		PS_O_SINGLE_C1;1				1	200	0	1;5;7;8;9;14;17;25	0.5	0.0	0.5	0.0	0.0	0.0	0.0	0
286		1700	_C_ATTACK_018;28	_C_ATTACK_018;28	0			0	286	HIT(88)							286;15	0	200	0	1;5;7;8;9;14;17;25	0.0	0.0	0.0	0.0	0.0	0.0	0.0	0
287		1700	_C_ATTACK_019;28	_C_ATTACK_019;28	0			0	286	HIT(88)							286;15	0	200	0	1;5;7;8;9;14;17;25	0.0	0.0	0.0	0.0	0.0	0.0	0.0	0
288		1700	_C_ATTACK_000;24	_C_ATTACK_000;24	0			0	288								288;14	0	200	0	1;5;7;8;9;14;17;25	0.0	0.0	0.0	0.0	0.0	0.0	0.0	0
289		1700	_C_ATTACK_001;24	_C_ATTACK_001;24	0			0	288								288;14	0	200	0	1;5;7;8;9;14;17;25	0.0	0.0	0.0	0.0	0.0	0.0	0.0	0
290		1700	_C_ATTACK_000;24	_C_ATTACK_000;24	0			0	290					PS_O_GAS_ARROW;0			290;14	0	200	0	1;5;7;8;9;14;17;25	0.0	0.0	0.0	0.0	0.0	0.0	0.0	0
291		1700	_C_ATTACK_001;24	_C_ATTACK_001;24	0			0	290					PS_O_GAS_ARROW;0			290;14	0	200	0	1;5;7;8;9;14;17;25	0.0	0.0	0.0	0.0	0.0	0.0	0.0	0
298		500			0			0	0	GO(0)	GO(0)						298;10	1	90	0	13	0.0	0.0	0.0	0.0	0.0	0.0	0.0	0
299		500			0			0	0	GO(0)	GO(0)			PS_O_DISPOWER;0			300;0	1	90	0	13	0.0	0.0	0.0	0.0	0.0	0.0	0.0	0
302		500	_F_DIE_003;30\n_F_DIE_001;90\n_F_DIE_002;114	_F_DIE_003;30\n_F_DIE_001;90\n_F_DIE_002;114	0	0;0;0;114		0	0									0	0	0	0	0.0	0.0	0.0	0.0	0.0	0.0	0.0	0
303		500	_F_DIE_003;30\n_F_DIE_001;32\n_F_DIE_001;51\n_F_DIE_002;75	_F_DIE_003;30\n_F_DIE_001;32\n_F_DIE_001;51\n_F_DIE_002;75	0	0;0;0;75		0	0									0	0	0	0	0.0	0.0	0.0	0.0	0.0	0.0	0.0	0
304		500	_F_DIE_003;30\n_F_DIE_002;54	_F_DIE_003;30\n_F_DIE_002;54	0	0;0;0;54		0	0									0	0	0	0	0.0	0.0	0.0	0.0	0.0	0.0	0.0	0
305		500	_F_DIE_003;30\n_F_DIE_001;90\n_F_DIE_002;114	_F_DIE_003;30\n_F_DIE_001;90\n_F_DIE_002;114	0	0;0;0;0\n-150;0;0;5\n-200;0;0;30\n-300;0;0;90		0	0					S_O_KDSLIDE;0				0	0	0	0	0.0	0.0	0.0	0.0	0.0	0.0	0.0	0
306		500	_F_FALLING_001;20\n_F_DIE_003;50\n_F_DIE_002;74	_F_FALLING_001;20\n_F_DIE_003;50\n_F_DIE_002;74	0	ARCEDGE;-0.7;0;0;20		0	0									0	0	0	5	0.0	0.0	0.0	0.0	0.0	0.0	0.0	0
307		500	_C_KNOCKED_000;10\n_F_SENTRY_000;11	_C_KNOCKED_000;10\n_F_SENTRY_000;11	0	-1;0;0;0	35;1	0	0									0	0	0	0	0.0	0.0	0.0	0.0	0.0	0.0	0.0	0
308		500	_C_KNOCKED_000;15\n_F_SENTRY_000;16	_C_KNOCKED_000;15\n_F_SENTRY_000;16	0	-1;0;0;0	-40;1	0	0									0	0	0	0	0.0	0.0	0.0	0.0	0.0	0.0	0.0	0
309		500	_C_KNOCKED_000;15\n_F_SENTRY_000;16	_C_KNOCKED_000;15\n_F_SENTRY_000;16	0	-1;0;0;0		0	0									0	0	0	0	0.0	0.0	0.0	0.0	0.0	0.0	0.0	0
310		500	_F_KNOCKED_000;15\n_F_KNOCKED_000;30\n_F_KNOCKED_000;45\n_F_KNOCKED_000;60\n_F_KNOCKED_000;66	_F_KNOCKED_000;15\n_F_KNOCKED_000;30\n_F_KNOCKED_000;45\n_F_KNOCKED_000;60\n_F_KNOCKED_000;66	0	-1;0;0;0	1;2\n-2;17\n2;34\n-3;49	0	0									0	0	0	0	0.0	0.0	0.0	0.0	0.0	0.0	0.0	0
311		500	_C_KNOCKED_000;15	_C_KNOCKED_000;15	0	0;0;0;0		0	0					S_O_KDSLIDE;0				0	0	0	0	0.0	0.0	0.0	0.0	0.0	0.0	0.0	0
317		500	_C_KNOCKED_000;15	_C_KNOCKED_000;15	0	0;0;0;0		0	0									0	0	0	0	0.0	0.0	0.0	0.0	0.0	0.0	0.0	0
401		8000	_F_FLEX_000;1	_F_FLEX_000;1	0			0	0	GO(0)	GO(0)						340;0	0	0	0	0	0.0	0.0	0.0	0.0	0.0	0.0	0.0	0
402		8000	_F_ATTACK_000;1	_F_ATTACK_000;1	0			0	0	GO(0)	GO(0)						341;0	0	0	0	0	0.0	0.0	0.0	0.0	0.0	0.0	0.0	0
403		8000	_F_ATTACK_001;1	_F_ATTACK_001;1	0			0	0	GO(0)	GO(0)						342;0	0	0	0	0	0.0	0.0	0.0	0.0	0.0	0.0	0.0	0
404		8000	_F_ATTACK_002;1	_F_ATTACK_002;1	0			0	0	GO(0)	GO(0)						343;0	0	0	0	0	0.0	0.0	0.0	0.0	0.0	0.0	0.0	0
405		8000	_F_ATTACK_003;1	_F_ATTACK_003;1	0			0	0	GO(0)	GO(0)						344;0	0	0	0	0	0.0	0.0	0.0	0.0	0.0	0.0	0.0	0
406		8000	_F_SENTRY_000;1	_F_SENTRY_000;1	0			0	0	GO(0)	GO(0)						345;0	0	0	0	0	0.0	0.0	0.0	0.0	0.0	0.0	0.0	0
501		500	_F_DIE_003;13\n_F_DIE_002;30	_F_DIE_003;13\n_F_DIE_002;30	0	0;0;0;0		0	0									1	0	0	1;13;29	0.0	0.0	0.0	0.0	0.0	0.0	0.0	0
502		500	_F_DIE_003;43\n_F_DIE_002;60	_F_DIE_003;43\n_F_DIE_002;60	0	0;0;0;0		0	0									1	0	0	1;13;29	0.0	0.0	0.0	0.0	0.0	0.0	0.0	0
503		500	_F_DIE_003;73\n_F_DIE_002;90	_F_DIE_003;73\n_F_DIE_002;90	0	0;0;0;0		0	0									1	0	0	1;13;29	0.0	0.0	0.0	0.0	0.0	0.0	0.0	0
504		500	_F_DIE_003;103\n_F_DIE_002;120	_F_DIE_003;103\n_F_DIE_002;120	0	0;0;0;0		0	0									1	0	0	1;13;29	0.0	0.0	0.0	0.0	0.0	0.0	0.0	0
505		500	_F_DIE_003;133\n_F_DIE_002;150	_F_DIE_003;133\n_F_DIE_002;150	0	0;0;0;0		0	0									1	0	0	1;13;29	0.0	0.0	0.0	0.0	0.0	0.0	0.0	0
510		8000			0	0;0;0;300		0	0	GO(0)	GO(0)	S_H_GATE;0;30\nS_H_GATE;0;60\nS_H_GATE;0;90\nS_H_GATE;0;120\nS_H_GATE;0;150\nS_H_GATE;0;180\nS_H_GATE;0;210\nS_H_GATE;0;240\nS_H_GATE;0;270\nS_H_GATE;0;300						1	50	0	7;11;13;28;30	0.0	0.0	0.0	0.0	50.0	0.0	0.0	0
511		8000			0	0;0;0;300		0	0	GO(0)	GO(0)	S_H_GATE;0;30\nS_H_GATE;0;60\nS_H_GATE;0;90\nS_H_GATE;0;120\nS_H_GATE;0;150\nS_H_GATE;0;180\nS_H_GATE;0;210\nS_H_GATE;0;240\nS_H_GATE;0;270\nS_H_GATE;0;300						1	50	0	7;11;13;28;30	0.0	0.0	0.0	0.0	100.0	0.0	0.0	0
512		8000			0	0;0;0;300		0	0	GO(0)	GO(0)	S_H_GATE;0;30\nS_H_GATE;0;60\nS_H_GATE;0;90\nS_H_GATE;0;120\nS_H_GATE;0;150\nS_H_GATE;0;180\nS_H_GATE;0;210\nS_H_GATE;0;240\nS_H_GATE;0;270\nS_H_GATE;0;300						1	50	0	7;11;13;28;30	0.0	0.0	0.0	0.0	150.0	0.0	0.0	0
513		8000			0	0;0;0;300		0	0	GO(0)	GO(0)	S_H_GATE;0;30\nS_H_GATE;0;60\nS_H_GATE;0;90\nS_H_GATE;0;120\nS_H_GATE;0;150\nS_H_GATE;0;180\nS_H_GATE;0;210\nS_H_GATE;0;240\nS_H_GATE;0;270\nS_H_GATE;0;300						1	50	0	7;11;13;28;30	0.0	0.0	0.0	0.0	200.0	0.0	0.0	0
520		1700			0			0	0	GO(0)				PS_O_SHIP_LEFT_CANON;0			520;0\n525;1	0	0	0	2;30;36	0.0	0.0	0.0	0.0	0.0	0.0	0.0	0
521		1700			0			0	0	GO(0)				PS_O_SHIP_DIRT;0			520;0\n521;1	0	0	0	2;30;36	0.0	0.0	0.0	0.0	0.0	0.0	0.0	0
522		1700			0			0	0	GO(0)				PS_O_SHIP_RIGHT_CANON;0			520;0\n526;1	0	0	0	2;30;36	0.0	0.0	0.0	0.0	0.0	0.0	0.0	0
523		1700			0			0	0	GO(0)				PS_O_SHIP_LEFT_CANON;0			520;0\n527;2\n528;4\n529;6	0	0	0	2;30;36	0.0	0.0	0.0	0.0	0.0	0.0	0.0	0
524		1700			0			0	0	GO(0)				PS_O_SHIP_DIRT;0			520;0\n522;1	0	0	0	2;30;36	0.0	0.0	0.0	0.0	0.0	0.0	0.0	0
525		1700			0			0	0	GO(0)				PS_O_SHIP_RIGHT_CANON;0			520;0\n530;2\n531;4\n532;6	0	0	0	2;30;36	0.0	0.0	0.0	0.0	0.0	0.0	0.0	0
526		1700			0			0	0	GO(0)				PS_O_SHIP_LEFT_CANON;0			520;0\n533;2\n534;4\n535;6\n536;8\n537;10	0	0	0	2;30;36	0.0	0.0	0.0	0.0	0.0	0.0	0.0	0
527		1700			0			0	0	GO(0)				PS_O_SHIP_DIRT;0			520;0\n523;1	0	0	0	2;30;36	0.0	0.0	0.0	0.0	0.0	0.0	0.0	0
528		1700			0			0	0	GO(0)				PS_O_SHIP_RIGHT_CANON;0			520;0\n538;2\n539;4\n540;6\n541;8\n542;10	0	0	0	2;30;36	0.0	0.0	0.0	0.0	0.0	0.0	0.0	0
529		1700			0			0	0	GO(0)				PS_O_SHIP_LEFT_CANON;0			520;0\n543;2\n544;4\n545;6\n546;8\n547;10\n548;12\n549;14	0	0	0	2;30;36	0.0	0.0	0.0	0.0	0.0	0.0	0.0	0
530		1700			0			0	0	GO(0)				PS_O_SHIP_DIRT;0			520;0\n524;1	0	0	0	2;30;36	0.0	0.0	0.0	0.0	0.0	0.0	0.0	0
531		1700			0			0	0	GO(0)				PS_O_SHIP_RIGHT_CANON;0			520;0\n550;2\n551;4\n552;6\n553;8\n554;10\n555;12\n556;14	0	0	0	2;30;36	0.0	0.0	0.0	0.0	0.0	0.0	0.0	0
550		1700			0			0	0					PS_O_FIRE_SHIP;0			520;0\n580;1\n580;15\n580;30\n580;45\n580;60\n580;75\n580;90\n580;105\n580;120\n580;135\n580;150\n580;165\n580;180\n580;195\n580;210\n580;225\n580;240\n580;255\n580;270\n580;285\n580;300	0	0	0	13;30	0.0	0.0	0.0	0.0	0.0	0.0	0.0	0
551		1700			0	750;0;0;30		0	0					PS_O_SHIP_DASH;0			520;0\n581;1	0	0	0	13;30	0.0	0.0	0.0	0.0	0.0	0.0	0.0	0
552		1700			0			0	0	GO(0)	GO(0)	none;552;0		L_IRON_SHIP;0				1	200	0	13;29;30	0.0	0.0	0.0	0.0	0.0	0.0	0.0	0
553		1700			0			0	0								520;0\n565;1	0	0	0	13;30	0.0	0.0	0.0	0.0	0.0	0.0	0.0	0
554		1700			0			0	0								577;0	0	0	0	13;30	0.0	0.0	0.0	0.0	0.0	0.0	0.0	0
555		1700			0			0	0								578;0	0	0	0	13;30	0.0	0.0	0.0	0.0	0.0	0.0	0.0	0
556		1700			0			0	0	GO(0)	GO(0)	none;556;0		L_SHIP_SPEED_UP;0				1	200	0	13;29;30	0.0	0.0	0.0	0.0	0.0	0.0	0.0	0
557		1700			0			0	0					PS_O_SHIP_HARPOON;0			520;0\n593;1	0	0	0	13;30	0.0	0.0	0.0	0.0	0.0	0.0	0.0	0
600		1700			0			0	0					PS_O_SHIP_LEFT_LONG_CANNON;0	CAMERASHOCK(C_SKILL01);0		557;0\n558;1	0	0	0	13;30	0.0	0.0	0.0	0.0	0.0	0.0	0.0	0
601		1700			0			0	0					PS_O_SHIP_LEFT_LONG_FIRE_BOMB;0	CAMERASHOCK(C_SKILL01);0		560;0\n561;1	0	0	0	13;30	0.0	0.0	0.0	0.0	0.0	0.0	0.0	0
602		1700			0			0	0					PS_O_SHIP_LEFT_CANON;0\nPS_O_SHIP_LEFT_CANON;20\nPS_O_SHIP_LEFT_CANON;40\nPS_O_SHIP_LEFT_CANON;60\nPS_O_SHIP_LEFT_CANON;80\nPS_O_SHIP_LEFT_CANON;100\nPS_O_SHIP_LEFT_CANON;120\nPS_O_SHIP_LEFT_CANON;140\nPS_O_SHIP_LEFT_CANON;160\nPS_O_SHIP_LEFT_CANON;180\nPS_O_SHIP_LEFT_CANON;200\nPS_O_SHIP_LEFT_CANON;220\nPS_O_SHIP_LEFT_CANON;240			520;0\n563;1\n563;20\n563;40\n563;60\n563;80\n563;100\n563;120\n563;140\n563;160\n563;180\n563;200\n563;220\n563;240	0	0	0	13;28;30	0.0	0.0	0.0	0.0	0.0	0.0	0.0	0
603		1700			0			0	0					PS_O_SHIP_LEFT_POWER_CANNON;0	CAMERASHOCK(C_SKILL01);0		520;0\n564;1	0	0	0	13;30	0.0	0.0	0.0	0.0	0.0	0.0	0.0	0
604		1700			0			0	0					PS_O_GIANT_LEAD;0	CAMERASHOCK(C_SKILL01);0		520;0\n582;1	0	0	0	13;30	0.0	0.0	0.0	0.0	0.0	0.0	0.0	0
605		1700			0			0	0								584;0	0	0	0	13;30	0.0	0.0	0.0	0.0	0.0	0.0	0.0	0
650		1700			0			0	0					PS_O_SHIP_RIGHT_LONG_CANNON;0	CAMERASHOCK(C_SKILL01);0		587;0	0	0	0	13;30	0.0	0.0	0.0	0.0	0.0	0.0	0.0	0
651		1700			0			0	0					PS_O_SHIP_RIGHT_LONG_FIRE_BOMB;0	CAMERASHOCK(C_SKILL01);0		588;0	0	0	0	13;30	0.0	0.0	0.0	0.0	0.0	0.0	0.0	0
652		1700			0			0	0					PS_O_SHIP_RIGHT_CANON;0\nPS_O_SHIP_RIGHT_CANON;20\nPS_O_SHIP_RIGHT_CANON;40\nPS_O_SHIP_RIGHT_CANON;60\nPS_O_SHIP_RIGHT_CANON;80\nPS_O_SHIP_RIGHT_CANON;100\nPS_O_SHIP_RIGHT_CANON;120\nPS_O_SHIP_RIGHT_CANON;140\nPS_O_SHIP_RIGHT_CANON;160\nPS_O_SHIP_RIGHT_CANON;180\nPS_O_SHIP_RIGHT_CANON;200\nPS_O_SHIP_RIGHT_CANON;220\nPS_O_SHIP_RIGHT_CANON;240			520;0\n589;1\n589;20\n589;40\n589;60\n589;80\n589;100\n589;120\n589;140\n589;160\n589;180\n589;200\n589;220\n589;240	0	0	0	13;28;30	0.0	0.0	0.0	0.0	0.0	0.0	0.0	0
653		1700			0			0	0					PS_O_SHIP_RIGHT_POWER_CANNON;0	CAMERASHOCK(C_SKILL01);0		520;0\n590;1	0	0	0	13;30	0.0	0.0	0.0	0.0	0.0	0.0	0.0	0
654		1700			0			0	0					PS_O_GIANT_LEAD;0	CAMERASHOCK(C_SKILL01);0		520;0\n591;1	0	0	0	13;30	0.0	0.0	0.0	0.0	0.0	0.0	0.0	0
655		1700			0			0	0								592;0	0	0	0	13;30	0.0	0.0	0.0	0.0	0.0	0.0	0.0	0
1001		1700	_F_ATTACK_001;27	_F_ATTACK_016;27	0	0;0;0;0		0	0	GO(0)	GO(0)	S_H_FIREARM;1001;16						1	250	0	13	0.0	0.0	0.0	0.0	0.0	0.0	0.0	0
1002		1700	_F_ATTACK_001;27	_F_ATTACK_016;27	0	0;0;0;0		0	0	GO(0)	GO(0)	S_H_FIREARM;1002;16						1	250	0	13	0.0	0.0	0.0	0.0	0.0	0.0	0.0	0
1200		1700	_F_ATTACK_016;27	_F_ATTACK_016;27	16448	0;0;0;0		0	282	HIT(100)	STUN(100)	S_H_FIREARM;0;16	0;-1;1	PS_O_FIREARM_F016;0			280;16	1	250	0	1;5;7;14;28	1.75	0.0	1.75	0.0	0.0	0.0	0.0	0
1201		1700	_F_ATTACK_009A;43	_F_ATTACK_009A;43	16448	0;0;0;17\n-332;0;0;27		0	282	GO(0)				PS_O_FIREARM_F009A;0			299;1\n1201;19	0	0	0	1;5;7;14;28	0.0	0.0	0.0	0.0	0.0	0.0	0.0	0
1202		2500	_F_ATTACK_009A;43	_F_ATTACK_009A;43	16448	0;0;0;17\n-332;0;0;27		0	282	GO(0)				PS_O_FIREARM_F009AW;0			299;1\n1200;19	0	0	0	1;5;7;14;28	0.0	0.0	0.0	0.0	0.0	0.0	0.0	0
1203		1700	_F_ATTACK_009A;43	_F_ATTACK_009A;43	16448	0;0;0;17\n-332;0;0;27		0	282	GO(0)				PS_O_FIREARM_F009AF;0			299;1\n1203;19	0	0	0	1;5;7;14;28	0.0	0.0	0.0	0.0	0.0	0.0	0.0	0
1210		2250	_F_ATTACK_007;16\n_F_ATTACK_007;32\n_F_ATTACK_007;48\n_F_ATTACK_007;64\n_F_ATTACK_007;80	_F_ATTACK_007;16\n_F_ATTACK_007;32\n_F_ATTACK_007;48\n_F_ATTACK_007;64\n_F_ATTACK_007;80	16448	0;0;0;0		0	282					PS_O_FIREARM_F7;0\nPS_O_FIREARM_F7;16\nPS_O_FIREARM_F7;32\nPS_O_FIREARM_F7;48\nPS_O_FIREARM_F7;64			1218;1\n298;1\n1218;6\n1218;17\n1218;22\n1218;33\n1218;38\n1218;49\n1218;53\n1218;65\n1219;70	0	0	0	5;7;14;28	0.0	0.0	0.0	0.0	0.0	0.0	0.0	0
1211		1700	_F_ATTACK_007;16\n_F_ATTACK_007;32\n_F_ATTACK_007;48\n_F_ATTACK_007;64\n_F_ATTACK_007;80	_F_ATTACK_007;16\n_F_ATTACK_007;32\n_F_ATTACK_007;48\n_F_ATTACK_007;64\n_F_ATTACK_007;80	16448	0;0;0;0		0	282					PS_O_FIREARM_F7;0\nPS_O_FIREARM_F7;16\nPS_O_FIREARM_F7;32\nPS_O_FIREARM_F7;48\nPS_O_FIREARM_F7;64			1211;1\n298;1\n1211;6\n1211;17\n1211;22\n1211;33\n1211;38\n1211;49\n1211;53\n1211;65\n1211;70	0	0	0	5;7;14;28	0.0	0.0	0.0	0.0	0.0	0.0	0.0	0
1212		2250	_F_ATTACK_007;16\n_F_ATTACK_007;32\n_F_ATTACK_007;48\n_F_ATTACK_007;64\n_F_ATTACK_007;80	_F_ATTACK_007;16\n_F_ATTACK_007;32\n_F_ATTACK_007;48\n_F_ATTACK_007;64\n_F_ATTACK_007;80	16448	0;0;0;0		0	282					PS_O_FIREARM_F7;0\nPS_O_FIREARM_F7;16\nPS_O_FIREARM_F7;32\nPS_O_FIREARM_F7;48\nPS_O_FIREARM_F7;64			299;1\n1212;1\n1212;6\n1212;17\n1212;22\n1212;33\n1212;38\n1212;49\n1212;53\n1212;65\n1212;70	0	0	0	5;7;14;28	0.0	0.0	0.0	0.0	0.0	0.0	0.0	0
1220		500	_F_ATTACK_017;60	_F_ATTACK_017;60	16448	0;0;0;0		0	0	GO(0)				PS_O_FIREARM_F17;0			1190;19\n1190;36\n1190;53	0	0	0	7;14;28	0.0	0.0	0.0	0.0	0.0	0.0	0.0	0
1230		2750	_C_ATTACK_003;30	_C_ATTACK_003;30	16512			0	0	GO(0)				PS_O_WARD;0			298;1\n1230;6	0	0	0	13	0.0	0.0	0.0	0.0	0.0	0.0	0.0	0
1231		2750	_C_ATTACK_003;30	_C_ATTACK_003;30	16512			0	0	GO(0)							298;1\n1231;6	0	0	0	13	0.0	0.0	0.0	0.0	0.0	0.0	0.0	0
1232		1500	_C_ATTACK_003;30	_C_ATTACK_003;30	16448	0;0;0;0		0	0								1232;1\n298;1	0	0	0	13	0.0	0.0	0.0	0.0	0.0	0.0	0.0	0
1239		315	_F_ATTACK_001;16	_F_ATTACK_001;16	0	0;0;0;0		0	0								1239;6\n1238;7	0	0	0	1;4;7;28	0.0	0.0	0.0	0.0	0.0	0.0	0.0	0
1242		1700	_F_EMPOWER_000;47\n_F_ATTACK_007;63\n_F_ATTACK_007;79\n_F_ATTACK_007;95\n_F_ATTACK_007;111\n_F_ATTACK_007;127	_F_EMPOWER_000;47\n_F_ATTACK_007;63\n_F_ATTACK_007;79\n_F_ATTACK_007;95\n_F_ATTACK_007;111\n_F_ATTACK_007;127	16448	0;0;0;127		0	282					PS_O_FIREARM_F007_DOOM;0\nPS_O_FIREARM_F7;47\nPS_O_FIREARM_F7;63\nPS_O_FIREARM_F7;79\nPS_O_FIREARM_F7;95\nPS_O_FIREARM_F7;111			303;1\n1242;55\n1242;71\n1242;87\n1242;103\n1242;119	0	0	0	5;6;7;28	0.0	0.0	0.0	0.0	0.0	0.0	0.0	0
1250		2500	_F_ATTACK_009A;43	_F_ATTACK_009A;43	16448	0;0;0;20\n-166;0;0;27		0	282	GO(0)				PS_O_FIREARM_F009AP;0			299;1\n1250;19	0	0	0	1;5;7;14;28	0.0	0.0	0.0	0.0	0.0	0.0	0.0	0
1260		1500	_C_ATTACK_003;32	_C_ATTACK_003;32	16448	0;0;0;0		0	0								1260;17	0	0	0	5;6;7;28	0.0	0.0	0.0	0.0	0.0	0.0	0.0	0
1261		1500	_C_ATTACK_003;32	_C_ATTACK_003;32	16448	0;0;0;0		0	0								1261;17	0	0	0	5;6;7;28	0.0	0.0	0.0	0.0	0.0	0.0	0.0	0
1262		1500	_C_ATTACK_003;32	_C_ATTACK_003;32	16448	0;0;0;0		0	0								1262;17	0	0	0	5;6;7;28	0.0	0.0	0.0	0.0	0.0	0.0	0.0	0
1263		1500	_C_ATTACK_003;32	_C_ATTACK_003;32	16448	0;0;0;0		0	0								1263;17	0	0	0	5;6;7;28	0.0	0.0	0.0	0.0	0.0	0.0	0.0	0
1400		1000	_F_ATTACK_006;24\n_F_SENTRY_000;27	_F_ATTACK_006;24\n_F_SENTRY_000;27	0	0;0;0;10\n900;0;-1;15		0	0					PS_O_CHARGE;0			1402;1\n1401;11	0	10	0	5	0.0	0.0	0.0	0.0	0.0	0.0	0.0	0
1402		100			0			0	0	GO(0)							1402;1	0	1	0	13	0.0	0.0	0.0	0.0	0.0	0.0	0.0	0
1408		100	_F_ATTACK_005;18\n_C_SHIELDING_000;58\n_C_SHIELDING_000;98\n_C_SHIELDING_000;138\n_C_SHIELDING_000;150	_F_ATTACK_005;18\n_C_SHIELDING_000;58\n_C_SHIELDING_000;98\n_C_SHIELDING_000;138\n_C_SHIELDING_000;150	4096	0;0;0;150		0	0	GO(0)	GO(0)	none;1408;1					140;0\n1402;0	0	0	0	13	0.0	0.0	0.0	0.0	0.0	0.0	0.0	0
1409		100	_F_ATTACK_006;24\n_F_SENTRY_000;27	_F_ATTACK_006;24\n_F_SENTRY_000;27	16385	0;0;0;10\n750;0;0;15		0	0					PS_O_CHARGE;0			1402;1\n1409;11	0	0	0	2	0.0	0.0	0.0	0.0	0.0	0.0	0.0	0
1410		150	_F_ATTACK_022A;38	_F_ATTACK_022A;38	16385	0;0;0;0		0	284	HIT(100)	STUN(100)			PS_O_SINGLE_F22A;0	CAMERASHOCK(C_SKILL01);16;17		299;1\n1412;17\n1413;17\n1414;17\n1415;17	0	225	0	7;14;28	0.0	0.0	0.0	0.0	0.0	0.0	0.0	2
1411		150	_F_ATTACK_022A;38	_F_ATTACK_022A;38	16385	0;0;0;0		0	284	HIT(100)	STUN(100)			PS_O_SINGLE_F22A;0	CAMERASHOCK(C_SKILL01);17		1420;16\n1421;17\n1422;17\n1423;17	0	225	0	7;14;28	0.0	0.0	0.0	0.0	0.0	0.0	0.0	3
1412		150	_F_ATTACK_022A;38	_F_ATTACK_022A;38	16385	0;0;0;0		0	284	HIT(100)	STUN(100)			PS_O_SINGLE_F22A;0	CAMERASHOCK(C_SKILL01);17		1427;16\n1428;17\n1429;17\n1430;17	0	225	0	7;14;28	0.0	0.0	0.0	0.0	0.0	0.0	0.0	3
1413		150	_F_ATTACK_022A;38	_F_ATTACK_022A;38	16385	0;0;0;0		0	284	HIT(100)	STUN(100)			PS_O_SINGLE_F22A;0	CAMERASHOCK(C_SKILL01);17		1436;16\n1437;17\n1438;17\n1439;17	0	225	0	7;14;28	0.0	0.0	0.0	0.0	0.0	0.0	0.0	3
1415		150	_F_ATTACK_014;33	_F_ATTACK_014;33	16385	0;0;0;0		0	284	GO(0)		S_H_PHYSICS;0;24	-1;0;1					1	255	0	1	1.5	0.0	1.5	0.0	0.0	0.0	0.0	0
1419		150	_F_ATTACK_008;50\n_F_SENTRY_000;53	_F_ATTACK_008;50\n_F_SENTRY_000;53	16385	0;0;0;0		0	0	GO(0)		S_H_PHYSICS;0;24	-1;0;1	PS_O_ATTACK008;0			1419;44	3	200	0	8388	1.149999976158142	0.0	1.149999976158142	0.0	0.0	0.0	0.0	0
1420		90	_F_ATTACK_015;43	_F_ATTACK_015;43	16385	0;0;0;0		0	284	HIT(100)	STUN(100)	S_H_PHYSICS;0;9\nS_H_PHYSICS;0;24\nS_H_PHYSICS;302;43	0;-1;1	PS_O_ATTACK015;0			280;47	1	225	0	1;5;7;8;9;14;28	1.0	0.0	1.0	0.0	0.0	0.0	0.0	0
1422		90	_F_JUMP_000;17\n_F_ATTACK_022;52	_F_JUMP_000;17\n_F_ATTACK_022;52	16385	0;0;0;1		0	284	HIT(100)	STUN(100)	S_H_PHYSICS;0;47		PS_O_ATTACK008;0			280;47\n314;47	1	200	0	0;1;5;7;8;14;28	3.4200000762939453	0.0	3.4200000762939453	0.0	0.0	0.0	0.0	0
1423		150	_F_ATTACK_008A;41	_F_ATTACK_008A;41	16385	0;0;0;35		0	284	HIT(100)	STUN(100)	S_H_HOMERUN;304;17	-500;250;1	PS_O_ATTACK008A;0			299;1\n314;17	1	225	0	0;1;5;7;8;14;21;28	5.119999885559082	0.0	5.119999885559082	0.0	0.0	0.0	0.0	0
1430		90	_F_ATTACK_005;25	_F_ATTACK_005;25	16385	0;0;0;0		0	284	HIT(120)	STUN(100)	S_H_PHYSICS;0;18	0;-1;1			CAMERASHOCK(C_SKILL01);17	298;1\n298;2	1	200	0	0;1;5;7;28	2.0	0.0	4.0	0.0	0.0	0.0	0.0	0
1431		150	_F_ATTACK_006;25	_F_ATTACK_006;25	16385	0;0;0;11\n325;0;0;19		0	284	HIT(100)	STUN(100)	S_H_PHYSICS;302;11		PS_O_ATTACK004_L;0		CAMERASHOCK(C_SKILL01);17		1	250	0	1;5;7;28	3.25	0.0	3.25	0.0	0.0	0.0	0.0	0
1432		150	_F_ATTACK_006;25	_F_ATTACK_006;25	16385	0;0;0;11\n325;0;0;19		0	284	HIT(100)	STUN(100)	null;302;11		PS_O_ATTACK004_L;0		CAMERASHOCK(C_SKILL01);17	299;1\n1433;13	1	250	0	1;5;7;28	3.25	0.0	3.25	0.0	0.0	0.0	0.0	0
1433		150	_F_ATTACK_006;25	_F_ATTACK_006;25	16385	0;0;0;11\n325;0;0;19		0	284	HIT(100)	STUN(100)	null;302;11		PS_O_ATTACK004_L;0		CAMERASHOCK(C_SKILL01);17	299;1\n1434;13	1	250	0	1;5;7;28	3.25	0.0	3.25	0.0	0.0	0.0	0.0	0
1441		150	_F_ATTACK_003;32	_F_ATTACK_003;32	4096			0	0	GO(0)	GO(0)	PS_O_DEVA;144;15					1441;15	1	200	0	13	0.0	0.0	0.0	0.0	0.0	0.0	0.0	0
1442		150	_F_ATTACK_003;32	_F_ATTACK_003;32	4096			0	0	GO(0)	GO(0)	PS_O_DEVA;144;15					1442;15	1	200	0	13	0.0	0.0	0.0	0.0	0.0	0.0	0.0	0
1450		90	_F_ATTACK_008A;41	_F_ATTACK_008A;41	16385	0;0;0;35		0	284	HIT(100)	STUN(100)	S_H_HOMERUN;304;17	-300;125;5	PS_O_ATTACK008A;0			299;17	1	225	0	0;1;5;7;8;14;21;28	1.7999999523162842	0.0	1.7999999523162842	0.0	0.0	0.0	0.0	0
1451		90	_F_ATTACK_008A;41	_F_ATTACK_008A;41	16385	0;0;0;35		0	284	HIT(100)	STUN(100)	S_H_HOMERUN;304;17	-450;150;5	PS_O_ATTACK008A;0			299;17	1	225	0	0;1;5;7;8;14;21;28	2.5999999046325684	0.0	2.5999999046325684	0.0	0.0	0.0	0.0	0
1452		90	_F_ATTACK_008A;41	_F_ATTACK_008A;41	16385	0;0;0;35		0	284	HIT(100)	STUN(100)	S_H_HOMERUN;304;17	-600;175;5	PS_O_ATTACK008A;0			299;17	1	225	0	0;1;5;7;8;14;21;28	3.4000000953674316	0.0	3.4000000953674316	0.0	0.0	0.0	0.0	0
1453		90	_F_ATTACK_008A;41	_F_ATTACK_008A;41	16385	0;0;0;35		0	284	HIT(100)	STUN(100)	S_H_HOMERUN;304;17	-750;200;5	PS_O_ATTACK008A;0			299;17	1	225	0	0;1;5;7;8;14;21;28	4.199999809265137	0.0	4.199999809265137	0.0	0.0	0.0	0.0	0
1454		90	_F_ATTACK_008A;41	_F_ATTACK_008A;41	16385	0;0;0;35		0	284	HIT(100)	STUN(100)	S_H_HOMERUN;304;17	-900;225;5	PS_O_ATTACK008A;0			299;17	1	225	0	0;1;5;7;8;14;21;28	5.0	0.0	5.0	0.0	0.0	0.0	0.0	0
1470		600	_F_ATTACK_037B;13	none;1	16385	0;0;0;0\n100;0;0;3		0	0	HIT(100)							1470;0\n1479;2	0	0	0	1;5	0.0	0.0	0.0	0.0	0.0	0.0	0.0	0
1471		600	_F_ATTACK_037B;13	none;1	16385	0;0;0;0\n100;0;0;3		0	0	HIT(100)							299;0\n1471;0\n1479;2	0	0	0	1;5	0.0	0.0	0.0	0.0	0.0	0.0	0.0	0
1600		1700	_C_ATTACK_020;30	_C_ATTACK_020;30	16640			0	286					PS_O_FIREDART;0			1600;23\n280;23	0	0	0	1;5;7;8;14;28	0.0	0.0	0.0	0.0	0.0	0.0	0.0	0
1610		1700	_C_ATTACK_020;29	_C_ATTACK_020;29	16640			0	286	HIT(100)	CURSE(100)	S_H_FLAME;1610;22		PS_O_FIREDART;0			298;23\n298;24	1	1750	0	1;5;7;14;28	0.0	1.0	0.0	1.0	0.0	0.0	0.0	0
1611		1700	_C_ATTACK_020;30	_C_ATTACK_020;30	16640	0;0;0;30		0	286					PS_O_FIREDART;0			1611;22\n1610;30\n299;1	0	0	0	5;6;7;14;28	0.0	0.0	0.0	0.0	0.0	0.0	0.0	0
1612		1700	_C_ATTACK_020;30	_C_ATTACK_020;30	16640	0;0;0;30		0	0					PS_O_FIREDART;0			1612;22\n1611;22\n1610;30\n299;1	0	0	0	5;6;7;14;28	0.0	0.0	0.0	0.0	0.0	0.0	0.0	0
1620		3000	_C_ATTACK_003;32	_C_ATTACK_003;32	16640			0	0	GO(0)	GO(0)			PS_O_FIREARMOR;0			1620;16\n1624;16	0	0	0	1;4	0.0	0.0	0.0	0.0	0.0	0.0	0.0	0
1621		3000	_C_ATTACK_003;32	_C_ATTACK_003;32	16640			0	0	GO(0)	GO(0)			PS_O_FIREARMOR;0			1621;16\n1624;16	0	0	0	1;4	0.0	0.0	0.0	0.0	0.0	0.0	0.0	0
1622		3000	_C_ATTACK_003;32	_C_ATTACK_003;32	16640			0	0	GO(0)	GO(0)			PS_O_FIREARMOR;0			1622;16\n1624;16	0	0	0	1;4;7;28	0.0	0.0	0.0	0.0	0.0	0.0	0.0	0
1623		3000	_C_ATTACK_003;32	_C_ATTACK_003;32	16640			0	0	GO(0)	GO(0)			PS_O_FIREARMOR;0			299;1\n1623;16	0	0	0	1;4;7;28	0.0	0.0	0.0	0.0	0.0	0.0	0.0	0
1624		3000	_C_ATTACK_003;32	_C_ATTACK_003;32	16640			0	0	GO(0)	GO(0)			PS_O_FIREARMOR;0			299;1\n1620;16\n1622;16\n1623;16	0	0	0	1;4;7;28	0.0	0.0	0.0	0.0	0.0	0.0	0.0	0
1631		2500	_F_ATTACK_028;22\n_F_ATTACK_027;51\n_F_ATTACK_029;83	_F_ATTACK_028;22\n_F_ATTACK_027;51\n_F_ATTACK_029;83	16512	0;0;0;0		0	0	GO(0)				PS_O_AIRARMOR;51			299;62\n163;65\n1632;65	0	0	0	1;5;7;14;28	0.0	0.0	0.0	0.0	0.0	0.0	0.0	0
1632		2500	_F_ATTACK_028;22\n_F_ATTACK_027;51\n_F_ATTACK_029;83	_F_ATTACK_028;22\n_F_ATTACK_027;51\n_F_ATTACK_029;83	16512	0;0;0;0		0	0	GO(0)				PS_O_AIRARMOR;51			302;62\n163;65\n1632;65\n1633;65	0	0	0	1;5;7;14;28	0.0	0.0	0.0	0.0	0.0	0.0	0.0	0
1633		2500	_F_ATTACK_028;22\n_F_ATTACK_027;51\n_F_ATTACK_029;83	_F_ATTACK_028;22\n_F_ATTACK_027;51\n_F_ATTACK_029;83	16512	0;0;0;0		0	0	GO(0)				PS_O_AIRARMOR;51			303;62\n163;65\n1632;65\n1633;65\n1634;65	0	0	0	1;5;7;14;28	0.0	0.0	0.0	0.0	0.0	0.0	0.0	0
1640		500	_C_ATTACK_003;32	_C_ATTACK_003;32	16640			0	0	GO(0)	GO(0)	none;164;1		PS_O_EMPOWER;1				1	90	0	1;4;7;14;28	0.0	0.0	0.0	0.0	0.0	0.0	0.0	0
1641		2500	_F_ATTACK_028;45\n_F_ATTACK_023;75\n_F_ATTACK_023;105\n_F_EMPOWER_000;150	_C_ATTACK_021;48\n_C_ATTACK_021;90\n_C_ATTACK_003;122	16640	0;0;0;0		0	0	GO(0)				PS_O_ORBITBOOM;0			303;1\n1643;0\n164;3\n164;33\n164;63\n164;93\n164;123\n1640;138\n1641;140	0	10	0	5;6;7;14;28	0.0	0.0	0.0	0.0	0.0	0.0	0.0	0
1650		1700	_C_ATTACK_020;30	_C_ATTACK_020;30	16640	0;0;0;30		0	286					PS_O_FIREDART;0			1650;22	0	0	0	5;6;7;14;28	0.0	0.0	0.0	0.0	0.0	0.0	0.0	0
1660		3000	_C_ATTACK_003;32	_C_ATTACK_003;32	16640			0	286	GO(0)				PS_O_FIREARMOR;0			299;1\n1660;16	0	0	0	13	0.0	0.0	0.0	0.0	0.0	0.0	0.0	0
1670		1000	_C_ATTACK_021;48	_C_ATTACK_021;48	16640	0;0;0;0		0	286	GO(0)				S_O_FIREBURST_M018;0			1670;0\n1670;16\n1670;32\n1670;48	0	0	0	5	0.0	0.0	0.0	0.0	0.0	0.0	0.0	0
1800		2150	_C_ATTACK_002;30	_C_ATTACK_002;30	16512			0	288	GO(0)				PS_O_STASTICORB;0			280;18\n1800;18	0	0	0	1;5;7;14;28	0.0	0.0	0.0	0.0	0.0	0.0	0.0	0
1802		2150	_C_ATTACK_002;30	_C_ATTACK_002;30	16512			0	0	GO(0)				PS_O_STASTICORB;0			299;1\n1802;18	0	0	0	1;5;7;14;28	0.0	0.0	0.0	0.0	0.0	0.0	0.0	0
1810		1700	_C_ATTACK_003;32	_C_ATTACK_003;30	16512			0	288	GO(0)				PS_O_AIRARMOR;0			1809;15	0	0	0	5;14	0.0	0.0	0.0	0.0	0.0	0.0	0.0	0
1811		1700	_C_ATTACK_003;32	_C_ATTACK_003;30	16512			0	0	GO(0)				PS_O_AIRARMOR;0			181;15\n1811;15	0	0	0	5;14	0.0	0.0	0.0	0.0	0.0	0.0	0.0	0
1812		1700	_C_ATTACK_003;32	_C_ATTACK_003;30	16512			0	0	GO(0)				PS_O_AIRARMOR;0			1812;15	0	0	0	5;14	0.0	0.0	0.0	0.0	0.0	0.0	0.0	0
1813		1700	_C_ATTACK_003;32	_C_ATTACK_003;30	16512			0	0	GO(0)				PS_O_AIRARMOR;0			1813;15	0	0	0	5;14	0.0	0.0	0.0	0.0	0.0	0.0	0.0	0
1814		1700	_C_ATTACK_003;32	_C_ATTACK_003;30	16512			0	0	GO(0)				PS_O_AIRARMOR;0			1811;15\n1812;15	0	0	0	5;14	0.0	0.0	0.0	0.0	0.0	0.0	0.0	0
1820		3000	_F_ATTACK_003;32	_F_ATTACK_003;32	8192	0;0;0;0		0	0					PS_O_FIRSTAID;0			298;1\n298;2\n182;14\n1829;16	0	1	0	1;4;7;14;28	0.0	0.0	0.0	0.0	0.0	0.0	0.0	0
1821		3000	_F_ATTACK_003;32	_F_ATTACK_003;32	8192	0;0;0;0		0	0					PS_O_FIRSTAID;0			298;1\n298;2\n298;3\n182;14\n1829;16	0	1	0	1;4;7;14;28	0.0	0.0	0.0	0.0	0.0	0.0	0.0	0
1822		3000	_C_ATTACK_003;32	_C_ATTACK_003;32	16512	0;0;0;0		0	0					PS_O_AIRARMOR;0			299;1\n1827;14\n1820;14\n1821;14	0	1	0	1;4;5;14	0.0	0.0	0.0	0.0	0.0	0.0	0.0	0
1831		1700	_F_ATTACK_029;32	_F_ATTACK_029;32	16512	0;0;0;0		0	0	GO(0)	GO(0)			PS_O_TSUNAMI;0			299;1\n1831;13	0	1700	0	5;7;14;28	0.0	0.0	0.0	0.0	0.0	0.0	0.0	0
1832		1700	_F_ATTACK_029;32	_F_ATTACK_029;32	16512	0;0;0;0		0	0	GO(0)	GO(0)			PS_O_FIREDART;0			299;1\n1832;13	0	1700	0	5;7;14;28	0.0	0.0	0.0	0.0	0.0	0.0	0.0	0
1841		100	_F_ATTACK_035A;34\n_F_ATTACK_035B;50\n_F_ATTACK_035B;66\n_F_ATTACK_035B;82\n_F_ATTACK_035B;98\n_F_ATTACK_035B;114\n_F_ATTACK_035B;130\n_F_ATTACK_035B;146\n_F_ATTACK_035B;162\n_F_ATTACK_035B;178\n_F_ATTACK_035B;194\n_F_ATTACK_035B;210	_F_ATTACK_035A;34\n_F_ATTACK_035B;50\n_F_ATTACK_035B;66\n_F_ATTACK_035B;82\n_F_ATTACK_035B;98\n_F_ATTACK_035B;114\n_F_ATTACK_035B;130\n_F_ATTACK_035B;146\n_F_ATTACK_035B;162\n_F_ATTACK_035B;178\n_F_ATTACK_035B;194\n_F_ATTACK_035B;210	128	0;0;0;90		0	0	HIT(100)	CURSE(100)			PS_O_BLACKHOLE;0			303;1\n1846;15\n1840;30\n1847;35\n1841;45\n1847;55\n1842;60\n1843;75\n1847;80\n1840;90\n1841;105\n1842;120\n1847;130\n1843;135\n1840;150\n1841;165\n1842;180\n1847;185\n1843;195	0	0	0	7;14;28	0.0	0.0	0.0	0.0	0.0	0.0	0.0	0
1850		3000	_F_ATTACK_002;30	_F_ATTACK_002;30	8192	0;0;0;0		0	0					PS_O_FIREDART;0			1850;14	0	1	0	4;5;7;14;28	0.0	0.0	0.0	0.0	0.0	0.0	0.0	0
1851		3000	_F_ATTACK_002;30	_F_ATTACK_002;30	8192	0;0;0;0		0	0					PS_O_FIREDART;0			1851;14	0	1	0	4;5;7;14;28	0.0	0.0	0.0	0.0	0.0	0.0	0.0	0
1852		3000	_F_ATTACK_002;30	_F_ATTACK_002;30	8192	0;0;0;0		0	0					PS_O_FIREDART;0			1852;14	0	1	0	4;5;7;14;28	0.0	0.0	0.0	0.0	0.0	0.0	0.0	0
1853		3000	_F_ATTACK_002;30	_F_ATTACK_002;30	8192	0;0;0;0		0	0					PS_O_FIREDART;0			1853;14	0	1	0	4;5;7;14;28	0.0	0.0	0.0	0.0	0.0	0.0	0.0	0
1854		3000	_F_ATTACK_002;30	_F_ATTACK_002;30	8192	0;0;0;0		0	0					PS_O_FIREDART;0			1854;14	0	1	0	4;5;7;14;28	0.0	0.0	0.0	0.0	0.0	0.0	0.0	0
1860		3000	_F_ATTACK_028;45	_F_ATTACK_028;45	8192	0;0;0;0		0	0	GO(0)	GO(0)			PS_O_FIREDART;0			1861;14\n1862;14	1	1	0	1;4;5;7;14;28	0.0	0.0	0.0	0.0	0.0	0.0	0.0	0
1870		1700	_F_ATTACK_029;32	_F_ATTACK_029;32	128	0;0;0;0		0	288	HIT(100)				S_O_M012_ICERAIN;0			1870;14	0	1	0	5;7;14;28	0.0	0.0	0.0	0.0	0.0	0.0	0.0	0
2010		2500	_C_ATTACK_020;29	_C_ATTACK_020;29	1	0;0;0;0		0	0								2010;23	0	0	0	1;5	0.0	0.0	0.0	0.0	0.0	0.0	0.0	0
2800		175	_F_ATTACK_000;30	_F_ATTACK_000;30	32	0;0;0;0		0	0	HIT(95)		S_H_PHYSICS;307;13\nS_H_PHYSICS;0;23	0;-1;1					3	200	0	4	0.6000000238418579	0.5	0.6000000238418579	0.5	0.0	0.0	0.0	0
2810		175	_F_ATTACK_001;30	_F_ATTACK_001;30	32	0;0;0;0		0	0	HIT(95)		S_H_PHYSICS;307;15\nS_H_PHYSICS;0;23	0;-1;1					3	200	0	4	0.6000000238418579	0.5	0.6000000238418579	0.5	0.0	0.0	0.0	0
2820		2200	_F_ATTACK_000;17\n_F_SENTRY_000;24	_F_ATTACK_000;17\n_F_SENTRY_000;24	1	0;0;0;0		0	0	HIT(95)			0;-1;1	PS_O_FIREARM_C0;0			282;10	1	0	0	1;5	0.0	0.0	0.0	0.0	0.0	0.0	0.0	0
2830		2200	_F_ATTACK_001;18\n_F_SENTRY_000;24	_F_ATTACK_001;18\n_F_SENTRY_000;24	1	0;0;0;0		0	0	HIT(95)			0;-1;1	PS_O_FIREARM_C1;0			283;12	1	0	0	1;5	0.0	0.0	0.0	0.0	0.0	0.0	0.0	0
2840		200	_C_ATTACK_090;28	_C_ATTACK_090;28	32			0	284	HIT(95)		S_H_PHYSICS;0;12	-1;0;1					3	200	0	4	0.6000000238418579	0.4000000059604645	0.6000000238418579	0.4000000059604645	0.0	0.0	0.0	0
2850		200	_C_ATTACK_091;26	_C_ATTACK_091;26	32			0	284	HIT(95)		S_H_PHYSICS;0;16	-1;0;1					3	200	0	4	0.6000000238418579	0.4000000059604645	0.6000000238418579	0.4000000059604645	0.0	0.0	0.0	0
2880		1500	_F_ATTACK_000;24\n_F_SENTRY_000;30	_F_ATTACK_000;24\n_F_SENTRY_000;30	0			0	0								288;14	0	0	0	5	0.0	0.0	0.0	0.0	0.0	0.0	0.0	0
2890		1500	_F_ATTACK_001;24\n_F_SENTRY_000;30	_F_ATTACK_001;24\n_F_SENTRY_000;30	0			0	0								288;14	0	0	0	5	0.0	0.0	0.0	0.0	0.0	0.0	0.0	0
2949		1800	_F_JUMP_001;12\n_F_JUMP_003;24	_F_JUMP_001;12\n_F_JUMP_003;24	0	ARCEDGE;-0.1;0;0;25		0	0	GO(0)	GO(0)			PS_O_LEAP;0				1	500	0	1;4;5	0.0	0.0	0.0	0.0	0.0	0.0	0.0	0
2950		500	_F_ATTACK_034;56\n_F_ATTACK_025;76\n_F_ATTACK_033;103\n_F_ATTACK_033;133\n_F_ATTACK_033;163\n_F_ATTACK_033;193\n_F_ATTACK_033;223\n_F_ATTACK_033;253\n_F_ATTACK_033;283\n_F_ATTACK_033;313	_F_EMOTION_000;55\n_F_ATTACK_025;90	0	0;0;0;0		0	0	GO(0)							2951;76\n2950;77\n2953;77	1	550	0	1;4;5;7;18;28;40	0.0	0.0	0.0	0.0	0.0	0.0	0.0	0
2951		100	_F_ATTACK_026;24	_F_ATTACK_026;24	0	0;0;0;0		0	0	GO(0)	GO(0)			PS_O_LIFT;0				1	275	0	40	0.0	0.0	0.0	0.0	0.0	0.0	0.0	0
2952		350	_F_JUMP_001;12\n_F_JUMP_003;24	_F_JUMP_001;12\n_F_JUMP_003;24	0	ARCEDGE;-0.4;0;0;25		0	2953	GO(0)	GO(0)	none;2952;22\nnone;0;26		PS_O_LEAP;0				1	500	0	1;4;5	0.0	0.0	0.0	0.0	0.0	0.0	0.0	0
2953		3500	_F_JUMP_002;25	_F_JUMP_002;25	0	60;0;1000;6		0	0	GO(0)	GO(0)	none;2953;0		PS_O_TEAMJUMP;0				0	0	0	13;26	0.0	0.0	0.0	0.0	0.0	0.0	0.0	0
2954		3500	_F_JUMP_002;25	_F_JUMP_002;25	0	195;0;640;6	0;0	0	0	GO(0)	GO(0)			PS_O_TEAMJUMP;0			299;1	1	275	0	13	0.0	0.0	0.0	0.0	0.0	0.0	0.0	0
2955		1750	_F_ATTACK_034;56	_F_EMOTION_000;55	0	0;0;0;0		0	0	GO(0)				PS_O_JUMP_HELP;0			2955;45\n2954;46	0	0	0	1;4;5;28;40	0.0	0.0	0.0	0.0	0.0	0.0	0.0	0
2956		1750	_F_FALLING_001;26\n_F_FALLING_001;40	_F_FALLING_001;26\n_F_FALLING_001;40	0	ARCEDGE;-0.4;0;0;40		0	0	GO(0)	GO(0)						2956;0	1	0	0	1;4;5;40	0.0	0.0	0.0	0.0	0.0	0.0	0.0	0
2957		2000	_C_ATTACK_002;30	_C_ATTACK_002;30	0			0	0	GO(0)				PS_O_EMPOWER;0			2957;9	0	1	0	1;4;5	0.0	0.0	0.0	0.0	0.0	0.0	0.0	0
2958		1750	_F_ATTACK_024;30	_F_ATTACK_024;30	0	0;0;0;0		0	0	GO(0)	GO(0)			PS_O_TEAMPULL;0				1	1750	0	0	0.0	0.0	0.0	0.0	0.0	0.0	0.0	0
2959		1750	_F_GLIDE_000;40	_F_GLIDE_000;40	0	ARC;40		0	0	GO(0)	GO(0)	none;2959;1		PS_H_TEAMPULL;0				1	1750	0	1;4	0.0	0.0	0.0	0.0	0.0	0.0	0.0	0
2960		300	_F_EMOTION_004;85	_F_EMOTION_004;85	0	0;0;0;85		0	0	GO(0)	GO(0)			PS_O_TEAMSHOUT_MP_1;0			2960;83\n2962;84	0	10	0	2;40	0.0	0.0	0.0	0.0	0.0	0.0	0.0	0
2961		300	_C_ATTACK_003;32	_C_ATTACK_003;32	0	0;0;0;0		0	0	GO(0)	GO(0)						2961;15\n2963;15\n2962;16	1	300	0	2;40	0.0	0.0	0.0	0.0	0.0	0.0	0.0	0
2962		300	_F_EMPOWER_000;46	_F_EMPOWER_000;46	0	0;0;0;46		0	0	GO(0)	GO(0)			PS_O_TEAMSHOUT_MP_2;0			2962;2	1	300	0	1;4;40	0.0	0.0	0.0	0.0	0.0	0.0	0.0	0
2965		300	_F_EMOTION_004;85	_F_EMOTION_004;85	0	0;0;0;85		0	0	GO(0)	GO(0)			PS_O_TEAMSHOUT_HP_1;0			2965;83\n2964;84	0	10	0	13;40	0.0	0.0	0.0	0.0	0.0	0.0	0.0	0
2966		800	_C_ATTACK_003;32	_C_ATTACK_003;32	0	0;0;0;0		0	0	GO(0)	GO(0)			PS_O_TEAMSHOUT_HP_2;0			2966;57\n2964;58	0	0	0	5;40	0.0	0.0	0.0	0.0	0.0	0.0	0.0	0
2967		300	_F_EMPOWER_000;46	_F_EMPOWER_000;46	1	0;0;0;0	0;15\n180;45	0	0	GO(0)	GO(0)			PS_O_TEAMSHOUT_HP_2;0			2967;2	1	300	0	13;40	0.0	0.0	0.0	0.0	0.0	0.0	0.0	0
2968		300	_F_EMOTION_004;85	_F_EMOTION_004;85	1	0;0;0;85		0	0	GO(0)	GO(0)			PS_O_TEAMSHOUT_ATK_1;0			2968;83\n2967;84	0	300	0	2;40	0.0	0.0	0.0	0.0	0.0	0.0	0.0	0
2969		800	_F_EMOTION_006;110	_F_EMOTION_006;110	0	0;0;0;0		0	0	GO(0)	GO(0)			PS_H_TEAMSHOUT_ATK_2;50			2970;0\n2969;85	0	300	0	27;40	0.0	0.0	0.0	0.0	0.0	0.0	0.0	0
2970		300	_C_ATTACK_003;25	_F_EMPOWER_000;46	1	0;0;0;46		0	0	GO(0)	GO(0)			PS_O_TEAMSHOUT_HP_2;0			2970;2	1	300	0	1;4;40	0.0	0.0	0.0	0.0	0.0	0.0	0.0	0
2971		1700	_F_EMPOWER_000;46\n_F_RESCURE_000;86\n_F_RESCURE_000;126\n_F_RESCURE_000;166\n_F_RESCURE_000;206	_F_EMPOWER_000;46\n_F_RESCURE_000;86\n_F_RESCURE_000;126\n_F_RESCURE_000;166\n_F_RESCURE_000;206	0	0;0;0;0		0	2973	GO(0)				PS_O_TEAM_BLAST_1;0			2971;26\n2980;28	1	10	0	1;5;40	0.0	0.0	0.0	0.0	0.0	0.0	0.0	0
2972		750	_F_RESCURE_000;40\n_F_RESCURE_000;80\n_F_RESCURE_000;90	_F_RESCURE_000;40\n_F_RESCURE_000;80\n_F_RESCURE_000;90	0	0;0;0;0		0	0	GO(0)	GO(0)	none;2972;43		PS_O_TEAM_BLAST_1;0				1	800	0	1;4;5;40	0.0	0.0	0.0	0.0	0.0	0.0	0.0	0
2973		1700	_F_ATTACK_002;30	_F_ATTACK_002;30	0	0;0;0;0		0	0	GO(0)				PS_O_TEAM_BLAST_2;0			2973;19	0	100	0	1;5;40	0.0	0.0	0.0	0.0	0.0	0.0	0.0	0
2974		1700	_F_ATTACK_002;30	_F_ATTACK_002;30	0	0;0;0;0		0	0	GO(0)				PS_O_TEAM_BLAST_2;0			2974;19	0	100	0	1;5;40	0.0	0.0	0.0	0.0	0.0	0.0	0.0	0
2975		2000	_F_ATTACK_002;30\n_F_RESCURE_000;70\n_F_RESCURE_000;110\n_F_RESCURE_000;150	_F_ATTACK_002;30\n_F_RESCURE_000;70\n_F_RESCURE_000;110\n_F_RESCURE_000;150	0	0;0;0;0		0	2977	GO(0)	GO(0)	none;0;76					2975;14	0	0	0	1;5;40	0.0	0.0	0.0	0.0	0.0	0.0	0.0	0
2976		750	_F_RESCUE_000;40\n_F_RESCUE_000;80\n_F_RESCUE_000;90	_F_RESCUE_000;40\n_F_RESCUE_000;80\n_F_RESCUE_000;90	0	0;0;0;0		0	0	GO(0)	GO(0)	none;2976;15						1	750	0	1;4;5;7;40	0.0	0.0	0.0	0.0	0.0	0.0	0.0	0
2977		2000	_F_ATTACK_024;27	_F_ATTACK_024;27	0	0;0;0;0		0	0	GO(0)	STUN(100)	none;2983;14		PS_O_TEAMPULL;0			2979;14	1	2000	0	1;5;40	0.0	0.0	0.0	0.0	0.0	0.0	0.0	0
2978		900	_F_JUMP_001;16\n_F_JUMP_003;30\n_F_JUMP_004;38\n_F_ATTACK_003;71	_F_JUMP_001;16\n_F_JUMP_003;30\n_F_JUMP_004;38\n_F_ATTACK_003;71	0	ARCEDGE;-1;0;0;30		0	0	GO(0)	GO(0)						2976;54\n2977;54	0	2500	0	1;4;5;40	0.0	0.0	0.0	0.0	0.0	0.0	0.0	0
2979		700	_F_JUMP_001;16\n_F_JUMP_003;30\n_F_JUMP_004;38\n_F_ATTACK_003;71	_F_JUMP_001;16\n_F_JUMP_003;30\n_F_JUMP_004;38\n_F_ATTACK_003;71	0	ARCEDGE;-1;0;0;30		0	0	GO(0)	GO(0)						2976;54\n2978;54	1	2500	0	1;4;5	0.0	0.0	0.0	0.0	0.0	0.0	0.0	0
2980		3500	_F_JUMP_001;46\n_F_JUMP_003;60\n_F_JUMP_004;68	_F_JUMP_001;46\n_F_JUMP_003;60\n_F_JUMP_004;68	0	ARCEDGE;-1;0;0;60		0	0	GO(0)	GO(0)	S_H_PHYSICS2;302;60						1	2500	0	0;1;5	5.0	5.0	0.0	0.0	0.0	0.0	0.0	0
2981		2000	_F_JUMP_001;16\n_F_JUMP_003;30\n_F_JUMP_004;38\n_F_ATTACK_003;71	_F_JUMP_001;16\n_F_JUMP_003;30\n_F_JUMP_004;38\n_F_ATTACK_003;71	0	ARCEDGE;-1;0;0;30		0	0	GO(0)	GO(0)	S_H_PHYSICS2;302;65						1	2000	0	1;5	2.5	2.5	0.0	0.0	0.0	0.0	0.0	0
2982		900	_F_ATTACK_003;32	_F_ATTACK_003;32	0	0;0;0;30		0	0	GO(0)	GO(0)	S_H_PHYSICS2;302;24						1	900	0	1;5	1.0	1.0	0.0	0.0	0.0	0.0	0.0	0
2983		2200	_F_FALLING_000;36\n_F_DIE_003;66\n_F_DIE_001;68\n_F_DIE_001;87\n_F_DIE_002;111	_F_FALLING_000;36\n_F_FALLING_000;54	0	ARCEDGE;-1;0;0;36		0	0	GO(0)	GO(0)			PS_H_TEAMPULL;0				1	2200	0	1;5	0.0	0.0	0.0	0.0	0.0	0.0	0.0	0
3000		150	_F_ATTACK_000;27	_F_ATTACK_000;27	64	0;0;0;0		0	0	HIT(95)		S_H_PHYSICS_BITE;0;14						1	150	0	1;5;8	0.6000000238418579	0.0	0.6000000238418579	0.0	0.0	0.0	0.0	0
3001		800	_F_SENTRY_000;15\n_F_ATTACK_003;85	_F_SENTRY_000;15\n_F_ATTACK_003;85	0	0;0;0;26\nARCEDGE;0;0;0;48		0	0	HIT(95)				S_O_STAMP;24\nS_A_STAMP;75			4985;0\n3100;76	1	0	0	2;5;8	0.0	0.0	0.0	0.0	0.0	0.0	0.0	0
3002		100	_F_SENTRY_000;15\n_F_ATTACK_002;60	_F_SENTRY_000;15\n_F_ATTACK_002;60	64	0;0;0;0		0	0	HIT(95)		S_H_PHYSICS_BITE;0;27\nS_H_PHYSICS_BITE;0;49						1	100	0	1;5	2.0	0.0	2.0	0.0	0.0	0.0	0.0	0
3003		150	_F_SENTRY_000;15\n_F_ATTACK_001;59	_F_SENTRY_000;15\n_F_ATTACK_001;59	64	0;0;0;24\n50;0;0;33\n0;0;0;39\n-50;0;0;45		0	0	HIT(95)		S_H_PHYSICS_BITE;0;33					4981;0\n3000;40	1	150	0	1;5	1.0	0.0	1.0	0.0	0.0	0.0	0.0	0
3004		150	_F_SENTRY_000;15\n_F_ATTACK_001;59	_F_SENTRY_000;15\n_F_ATTACK_001;59	64	0;0;0;24\n50;0;0;33\n0;0;0;39\n-50;0;0;45		0	0	HIT(95)		S_H_PHYSICS_BITE;0;33					4981;0\n3001;40	1	150	0	1;5	1.0	0.0	1.0	0.0	0.0	0.0	0.0	0
3005		150	_F_SENTRY_000;15\n_F_ATTACK_001;59	_F_SENTRY_000;15\n_F_ATTACK_001;59	64	0;0;0;24\n50;0;0;33\n0;0;0;39\n-50;0;0;45		0	0	HIT(95)		S_H_PHYSICS_BITE;0;33					4981;0\n3002;40	1	150	0	1;5	1.0	0.0	1.0	0.0	0.0	0.0	0.0	0
3006		150	_F_SENTRY_000;15\n_F_ATTACK_001;59	_F_SENTRY_000;15\n_F_ATTACK_001;59	64	0;0;0;24\n50;0;0;33\n0;0;0;39\n-50;0;0;45		0	0	HIT(95)		S_H_PHYSICS_BITE;0;33					4981;0\n3003;40	1	150	0	1;5	1.0	0.0	1.0	0.0	0.0	0.0	0.0	0
3007		500	_F_SENTRY_000;28	_F_SENTRY_000;28	0	0;0;0;0		0	0									1	220	0	1;13	0.0	0.0	0.0	0.0	0.0	0.0	0.0	0
3008		500	_F_DIE_003;73\n_F_DIE_002;90	_F_DIE_003;73\n_F_DIE_002;90	0	0;0;0;0		0	0									1	220	0	1;13	0.0	0.0	0.0	0.0	0.0	0.0	0.0	2000
3009		800	_F_SENTRY_000;15\n_F_ATTACK_003;85	_F_SENTRY_000;15\n_F_ATTACK_003;85	0	0;0;0;26\nARCEDGE;0;0;0;48		0	0	HIT(95)				S_O_STAMP_BLUE;24\nS_A_STAMP_BLUE;75			4985;0\n3100;76	1	0	0	2;5;8	0.0	0.0	0.0	0.0	0.0	0.0	0.0	0
3010		1900	_F_FLEX_001;107	_F_FLEX_001;107	0	0;0;0;0		0	0	HIT(100)							4983;0	1	0	0	5	0.0	0.0	0.0	0.0	0.0	0.0	0.0	0
3011		1500	_F_JUMP_001;20\n_F_JUMP_004;26\n_F_SENTRY_000;41\n	_F_JUMP_001;20\n_F_JUMP_004;26\n_F_SENTRY_000;41\n	0	0;0;0;5\n1400;0;0;26		0	0	HIT(100)				S_O_STAMP_BLUE;5\nS_A_STAMP_BLUE;64			4981;0\n1011;1	1	0	0	5	0.0	0.0	0.0	0.0	0.0	0.0	0.0	0
3012		100	_F_ATTACK_002;45\n_F_SENTRY_000;60	_F_ATTACK_002;45\n_F_SENTRY_000;60	64	0;0;0;0		0	0	HIT(100)		S_H_PHYSICS_BITE;0;5\nnone;0;14\nS_H_PHYSICS_BITE;0;23\nnone;0;35					1009;5\n4986;0	1	150	0	1;5;21	2.0	0.0	2.0	0.0	0.0	0.0	0.0	0
3013		500	_F_JUMP_001;20\n_F_JUMP_004;26\n_F_SENTRY_000;41	_F_JUMP_001;20\n_F_JUMP_004;26\n_F_SENTRY_000;41	0	0;0;0;2\n400;0;0;26		0	0	HIT(95)				S_O_STAMP_BLUE;0\nS_A_STAMP_BLUE;25			4985;0\n1010;2\n1010;13	1	0	0	5	0.0	0.0	0.0	0.0	0.0	0.0	0.0	0
3014		100	_F_ATTACK_000;27	_F_ATTACK_000;27	64	0;0;0;0		0	0	HIT(95)		S_H_PHYSICS_BITE;0;14					1009;14	1	150	0	1;5;8	1.0	0.0	1.0	0.0	0.0	0.0	0.0	0
3020		150	_F_SENTRY_000;15\n_F_ATTACK_000;45	_F_SENTRY_000;15\n_F_ATTACK_000;45	128	0;0;0;0		0	0	HIT(95)		S_H_PHYSICS_SWORD;0;32						1	200	0	1;5;8	1.0	0.0	1.0	0.0	0.0	0.0	0.0	0
3022		1300	_F_SENTRY_000;15\n_F_DASH_000;42	_F_SENTRY_000;15\n_F_DASH_000;42	0	0;0;0;0		0	0								4980;0\n3004;30	1	0	3012	2;5;8	0.0	0.0	0.0	0.0	0.0	0.0	0.0	0
3024		200	_F_SENTRY_000;15\n_F_DASH_000;42	_F_SENTRY_000;15\n_F_DASH_000;42	32	0;0;0;15\n80;0;0;28		0	0	HIT(95)	STUN(20)	S_H_PHYSICS_HAMMER;0;30	-400;50;4	S_O_SHIELD_SMASH;15			4981;0	1	250	3004	1;5;8	1.5	0.0	1.5	0.0	0.0	0.0	0.0	0
3025		200	_F_SENTRY_000;15\n_F_DASH_000;42	_F_SENTRY_000;15\n_F_DASH_000;42	32	0;0;0;15\n80;0;0;28		0	0	HIT(95)	STUN(20)	S_H_PHYSICS_HAMMER;304;30	-400;50;4	S_O_SHIELD_SMASH;15			4981;0	1	250	3004	1;5;8	1.5	0.0	1.5	0.0	0.0	0.0	0.0	0
3026		200	_F_SENTRY_000;15\n_F_ATTACK_001;49	_F_SENTRY_000;15\n_F_ATTACK_001;49	128	0;0;0;0		0	0	HIT(95)	STUN(15)	S_H_PHYSICS_SWORD;0;36	-400;50;4				4981;0	3	250	3008	2;5;8	1.2000000476837158	0.0	1.2000000476837158	0.0	0.0	0.0	0.0	0
3027		200	_F_SENTRY_000;15\n_F_ATTACK_001;45	_F_SENTRY_000;15\n_F_ATTACK_001;45	128	0;0;0;0		0	0	HIT(95)	STUN(25)	S_H_PHYSICS_SWORD;304;36		S_O_POWER_SLASH;15			4981;0	3	250	3008	2;5;8	1.5	0.0	1.5	0.0	0.0	0.0	0.0	0
3028		200	_F_SENTRY_000;15\n_F_ATTACK_001;45	_F_SENTRY_000;15\n_F_ATTACK_001;45	128	0;0;0;0		0	0	HIT(95)	STUN(25)	S_H_PHYSICS_SWORD;304;36		S_O_POWER_SLASH;15			4981;0	3	250	3010	2;5;8	1.7999999523162842	0.0	1.7999999523162842	0.0	0.0	0.0	0.0	0
3029		500	_F_FLEX_001;155	_F_FLEX_001;155	4096	0;0;0;0		0	0	GO(0)	GO(0)	none;3003;150					4990;0	1	100	3030	1;4;13	0.0	0.0	0.0	0.0	0.0	0.0	0.0	0
3030		500	_F_FLEX_000;110	_F_FLEX_000;110	4096	0;0;0;0		0	0	GO(0)	GO(0)	none;3006;105					4990;0	1	100	3060	1;4;13	0.0	0.0	0.0	0.0	0.0	0.0	0.0	0
3031		500	_F_TALK_000;70	_F_TALK_000;70	0	0;0;0;0		0	0								4990;0\n3006;65	1	0	3045	1;5	0.0	0.0	0.0	0.0	0.0	0.0	0.0	0
3040		150	_F_SENTRY_000;15\n_F_ATTACK_000;75	_F_SENTRY_000;15\n_F_ATTACK_000;75	128	0;0;0;0		0	0	HIT(95)		S_H_PHYSICS_CLAW;0;28						1	200	0	1;5;8	1.0	0.0	1.0	0.0	0.0	0.0	0.0	0
3041		1000	_F_SENTRY_000;15\n_F_ATTACK_002;94	_F_SENTRY_000;15\n_F_ATTACK_002;94	0	0;0;0;0		0	0					S_O_LION_HOWLING;15			4986;0\n3246;38	1	0	0	2;5;8	0.0	0.0	0.0	0.0	0.0	0.0	0.0	0
3042		500	_F_ATTACK_003;89	_F_ATTACK_003;89	0	0;0;0;26\n500;0;30;36		0	0					S_O_DASH_LION;0			4981;0\n3241;26	1	0	0	2;5	0.0	0.0	0.0	0.0	0.0	0.0	0.0	0
3043		0			0			0	0									0	0	0		0.0	0.0	0.0	0.0	0.0	0.0	0.0	0
3044		500	_F_ATTACK_003;89	_F_ATTACK_003;89	0	0;0;0;26\n500;0;30;36		0	0					S_O_DASH_LION;0			4981;0\n3245;26	1	0	0	2;5	0.0	0.0	0.0	0.0	0.0	0.0	0.0	0
3045		120	_F_SENTRY_000;15\n_F_ATTACK_001;85	_F_SENTRY_000;15\n_F_ATTACK_001;85	64	0;0;0;0		0	0	HIT(95)		S_H_PHYSICS_BITE;0;30					4985;0	1	170	0	1;5;8	1.399999976158142	0.0	1.399999976158142	0.0	0.0	0.0	0.0	0
3046		500	_F_FLEX_000;160	_F_FLEX_000;160	0	0;0;0;0		0	0	GO(0)	GO(0)	none;3003;150					4984;0	1	100	0	1;4;13	0.0	0.0	0.0	0.0	0.0	0.0	0.0	0
3047		500	_F_ATTACK_002;60	_F_ATTACK_002;60	0	0;0;0;0		0	0					S_O_LION_HOWLING;0			4984;0\n3249;23	1	0	0	1;4;13	0.0	0.0	0.0	0.0	0.0	0.0	0.0	0
3048		150	_F_SENTRY_000;15\n_F_ATTACK_000;75	_F_SENTRY_000;15\n_F_ATTACK_000;75	1152	0;0;0;0		0	0	HIT(95)		S_H_FLAME;0;28						1	200	0	1;5;8	0.30000001192092896	0.800000011920929	0.30000001192092896	0.800000011920929	0.0	0.0	0.0	0
3049		500	_F_FLEX_000;160	_F_FLEX_000;160	0	0;0;0;0		0	0	GO(0)	GO(0)	none;3008;150					4984;0	1	100	0	1;4;13	0.0	0.0	0.0	0.0	0.0	0.0	0.0	0
3050		2500	_F_ATTACK_002;60	_F_ATTACK_002;60	0	0;0;0;0		0	0					S_O_LION_HOWLING;0			4980;0\n3246;23	1	0	0	2;5;8	0.0	0.0	0.0	0.0	0.0	0.0	0.0	0
3060		150	_F_SENTRY_000;15\n_F_ATTACK_000;75	_F_SENTRY_000;15\n_F_ATTACK_000;75	32	0;0;0;0		0	0	HIT(95)		S_H_PHYSICS_PUNCH;0;32						1	200	0	1;5;8	1.0	0.0	1.0	0.0	0.0	0.0	0.0	0
3061		1200	_F_SENTRY_000;15\n_F_ATTACK_001;75	_F_SENTRY_000;15\n_F_ATTACK_001;75	0	0;0;0;0		0	0								4980;0\n3250;34	1	0	0	2;5;8	0.0	0.0	0.0	0.0	0.0	0.0	0.0	0
3062		700	_F_ATTACK_003;120	_F_ATTACK_003;120	0	0;0;0;35\n800;0;0;60		0	0					S_O_DASH_JUMP;0			4981;0\n3251;35\n3252;60	1	0	0	2;5;8	0.0	0.0	0.0	0.0	0.0	0.0	0.0	0
3063		700	_F_ATTACK_003;120	_F_ATTACK_003;120	0	0;0;0;35\n800;0;0;60		0	0					S_O_DASH_JUMP_ICE;0			4981;0\n3251;35\n3253;60	1	0	0	2;5;8	0.0	0.0	0.0	0.0	0.0	0.0	0.0	0
3064		700	_F_ATTACK_003;120	_F_ATTACK_003;120	0	0;0;0;35\n800;0;0;60		0	0					S_O_DASH_JUMP_FIRE;0			4981;0\n3251;35\n3254;60	1	0	0	2;5;8	0.0	0.0	0.0	0.0	0.0	0.0	0.0	0
3065		700	_F_ATTACK_003;120	_F_ATTACK_003;120	0	0;0;0;35\n800;0;0;60		0	0					S_O_DASH_JUMP_POISON;0			4981;0\n3251;35\n3255;60	1	0	0	2;5;8	0.0	0.0	0.0	0.0	0.0	0.0	0.0	0
3066		150	_F_ATTACK_002;90	_F_ATTACK_002;90	4096	0;0;0;0		0	0	GO(0)	GO(0)	none;3003;80					4984;0	1	100	0	1;4;13	0.0	0.0	0.0	0.0	0.0	0.0	0.0	0
3067		1200	_F_SENTRY_000;15\n_F_ATTACK_001;75	_F_SENTRY_000;15\n_F_ATTACK_001;75	0	0;0;0;0		0	0								4980;0\n3493;34	1	0	0	2;5;8	0.0	0.0	0.0	0.0	0.0	0.0	0.0	0
3068		1200	_F_SENTRY_000;15\n_F_ATTACK_001;75	_F_SENTRY_000;15\n_F_ATTACK_001;75	0	0;0;0;0		0	0								4980;0\n3470;34	1	0	0	2;5;8	0.0	0.0	0.0	0.0	0.0	0.0	0.0	0
3069		200	_F_SENTRY_000;15\n_F_ATTACK_001;75	_F_SENTRY_000;15\n_F_ATTACK_001;75	32	0;0;0;0		0	0	HIT(95)	STUN(55)	S_H_PHYSICS_PUNCH;0;34	-200;50;5				4980;0	1	220	0	1;5;8	1.0	0.0	1.0	0.0	0.0	0.0	0.0	0
3080		100	_F_SENTRY_000;15\n_F_ATTACK_000;64	_F_SENTRY_000;15\n_F_ATTACK_000;64	32	0;0;0;0		0	0	HIT(95)		S_H_PHYSICS_PUNCH;0;30						1	150	0	1;5;8	1.0	0.0	1.0	0.0	0.0	0.0	0.0	0
3081		800	_F_SENTRY_000;15\n_F_ATTACK_001;105	_F_SENTRY_000;15\n_F_ATTACK_001;105	0	0;0;0;0		0	0								3214;35	1	0	0	2;5;8	0.0	0.0	0.0	0.0	0.0	0.0	0.0	0
3082		800	_F_SENTRY_000;15\n_F_ATTACK_001;105	_F_SENTRY_000;15\n_F_ATTACK_001;105	0	0;0;0;0		0	0								3217;35	1	0	0	2;5;8	0.0	0.0	0.0	0.0	0.0	0.0	0.0	0
3083		800	_F_SENTRY_000;15\n_F_ATTACK_001;105	_F_SENTRY_000;15\n_F_ATTACK_001;105	0	0;0;0;0		0	0								3220;35	1	0	0	2;5;8	0.0	0.0	0.0	0.0	0.0	0.0	0.0	0
3084		800	_F_SENTRY_000;15\n_F_ATTACK_001;105	_F_SENTRY_000;15\n_F_ATTACK_001;105	0	0;0;0;0		0	0								3223;35	1	0	0	2;5;8	0.0	0.0	0.0	0.0	0.0	0.0	0.0	0
3085		800	_F_SENTRY_000;15\n_F_ATTACK_001;105	_F_SENTRY_000;15\n_F_ATTACK_001;105	0	0;0;0;0		0	0								3226;35	1	0	0	2;5;8	0.0	0.0	0.0	0.0	0.0	0.0	0.0	0
3086		1200	_F_ATTACK_002;94	_F_ATTACK_002;94	0	0;0;0;0		0	0								4981;0\n3229;50	1	0	3006	2;5	0.0	0.0	0.0	0.0	0.0	0.0	0.0	0
3087		1200	_F_ATTACK_002;94	_F_ATTACK_002;94	0	0;0;0;0		0	0								4981;0\n3231;50	1	0	3006	2;5	0.0	0.0	0.0	0.0	0.0	0.0	0.0	0
3088		1200	_F_ATTACK_002;94	_F_ATTACK_002;94	0	0;0;0;0		0	0								4981;0\n3233;50	1	0	3006	2;5	0.0	0.0	0.0	0.0	0.0	0.0	0.0	0
3089		1200	_F_ATTACK_002;94	_F_ATTACK_002;94	0	0;0;0;0		0	0								4981;0\n3235;50	1	0	3006	2;5	0.0	0.0	0.0	0.0	0.0	0.0	0.0	0
3090		1200	_F_ATTACK_002;94	_F_ATTACK_002;94	0	0;0;0;0		0	0								4981;0\n3237;50	1	0	3015	2;5	0.0	0.0	0.0	0.0	0.0	0.0	0.0	0
3091		1200	_F_ATTACK_002;94	_F_ATTACK_002;94	0	0;0;0;0		0	0								4981;0\n3239;50	1	0	3015	2;5	0.0	0.0	0.0	0.0	0.0	0.0	0.0	0
3100		130	_F_SENTRY_000;15\n_F_ATTACK_000;75	_F_SENTRY_000;15\n_F_ATTACK_000;75	32	0;0;0;0		0	0	HIT(95)		S_H_PHYSICS_PUNCH;0;39						1	180	0	1;5	1.0	0.0	1.0	0.0	0.0	0.0	0.0	0
3101		800	_F_SENTRY_000;15\n_F_ATTACK_003;85	_F_SENTRY_000;15\n_F_ATTACK_003;85	0	0;0;0;28\nARCEDGE;0;0;0;42		0	0					S_O_STAMP;25\nS_A_STAMP;72			4980;0\n3100;73	1	0	0	2;5;8	0.0	0.0	0.0	0.0	0.0	0.0	0.0	0
3102		1200	_F_SENTRY_000;15\n_F_ATTACK_002;75	_F_SENTRY_000;15\n_F_ATTACK_002;75	0	0;0;0;0		0	0					S_O_FIREBOLT_GOAT;15			4980;0\n3101;47	1	0	0	2;5;8	0.0	0.0	0.0	0.0	0.0	0.0	0.0	0
3103		200	_F_SENTRY_000;15\n_F_ATTACK_001;75	_F_SENTRY_000;15\n_F_ATTACK_001;75	32	0;0;0;0		0	0	HIT(95)	STUN(25)	S_H_PHYSICS_HAMMER;304;37	-200;200;5	S_O_BACKKICK;0			4982;0	1	250	0	1;5;8	1.5	0.0	1.5	0.0	0.0	0.0	0.0	0
3104		1200	_F_SENTRY_000;15\n_F_ATTACK_002;75	_F_SENTRY_000;15\n_F_ATTACK_002;75	0	0;0;0;0		0	0					S_O_THUNDERBOLT_GOAT;15			4980;0\n3102;47	1	0	0	2;5;8	0.0	0.0	0.0	0.0	0.0	0.0	0.0	0
3105		1200	_F_SENTRY_000;15\n_F_ATTACK_002;75	_F_SENTRY_000;15\n_F_ATTACK_002;75	0	0;0;0;0		0	0					S_O_GHOSTFIRE_GOAT;15			4980;0\n3103;47	1	0	0	2;5;8	0.0	0.0	0.0	0.0	0.0	0.0	0.0	0
3106		1500	_F_SENTRY_000;15\n_F_ATTACK_002;75	_F_SENTRY_000;15\n_F_ATTACK_002;75	0	0;0;0;0		0	0					S_O_FIREBOLT_GOAT;15			4983;0\n3115;47	1	0	0	2;5;8	0.0	0.0	0.0	0.0	0.0	0.0	0.0	0
3107		0			0			0	0									0	0	0		0.0	0.0	0.0	0.0	0.0	0.0	0.0	0
3108		800	_F_SENTRY_000;15\n_F_ATTACK_003;85	_F_SENTRY_000;15\n_F_ATTACK_003;85	0	0;0;0;28\nARCEDGE;-0.5;0;0;42		0	0					S_O_STAMP_BLUE;25\nS_A_STAMP_BLUE;72			4980;0\n3100;73	1	0	0	2;5;8	0.0	0.0	0.0	0.0	0.0	0.0	0.0	0
3120		150	_F_SENTRY_000;15\n_F_ATTACK_000;105	_F_SENTRY_000;15\n_F_ATTACK_000;105	64	0;0;0;0		0	0	HIT(95)		S_H_PHYSICS_BITE;0;42						1	150	0	1;5;8	1.0	0.0	1.0	0.0	0.0	0.0	0.0	0
3121		1200	_F_SENTRY_000;15\n_F_ATTACK_001;105	_F_SENTRY_000;15\n_F_ATTACK_001;105	0	0;0;0;0		0	0					S_O_COCO300;15			4980;0\n3050;69	1	0	0	2;5;9	0.0	0.0	0.0	0.0	0.0	0.0	0.0	0
3122		1200	_F_SENTRY_000;15\n_F_ATTACK_001;105	_F_SENTRY_000;15\n_F_ATTACK_001;105	0	0;0;0;0		0	0					S_O_POISON_COCO;15			4980;0\n3052;69	1	0	0	2;5;9	0.0	0.0	0.0	0.0	0.0	0.0	0.0	0
3123		1200	_F_SENTRY_000;15\n_F_ATTACK_001;105	_F_SENTRY_000;15\n_F_ATTACK_001;105	0	0;0;0;0		0	0					S_O_VOLCANO275;15			4980;0\n3054;69	1	0	0	2;5;9	0.0	0.0	0.0	0.0	0.0	0.0	0.0	0
3124		1200	_F_SENTRY_000;15\n_F_ATTACK_001;105	_F_SENTRY_000;15\n_F_ATTACK_001;105	0	0;0;0;0		0	0					S_O_POISON_THROW;15			4980;0\n3056;69	1	0	0	2;5;9	0.0	0.0	0.0	0.0	0.0	0.0	0.0	0
3125		1200	_F_SENTRY_000;15\n_F_ATTACK_001;105	_F_SENTRY_000;15\n_F_ATTACK_001;105	0	0;0;0;0		0	0					S_O_STORM_ICE_275;15			4980;0\n3058;69	1	0	0	2;5;9	0.0	0.0	0.0	0.0	0.0	0.0	0.0	0
3126		0			0			0	0									0	0	0		0.0	0.0	0.0	0.0	0.0	0.0	0.0	0
3127		500	_F_ATTACK_002;150\n_F_ATTACK_003;270	_F_ATTACK_002;150\n_F_ATTACK_003;270	0	0;0;0;0		0	0	GO(0)	GO(0)			S_O_DIGGING;0\nS_O_DIGGING;150			4984;0\n3557;1\n3558;120	1	0	0	1;11;13	0.0	0.0	0.0	0.0	0.0	0.0	0.0	0
3128		500	_F_ATTACK_002;150\n_F_ATTACK_003;270	_F_ATTACK_002;150\n_F_ATTACK_003;270	0	0;0;0;0		0	0	GO(0)	GO(0)			S_O_DIGGING;0\nS_O_DIGGING;150			4984;0\n3557;1\n3558;120	1	0	0	1;11;13	0.0	0.0	0.0	0.0	0.0	0.0	0.0	0
3129		500	_F_ATTACK_002;300\n_F_ATTACK_003;420	_F_ATTACK_002;300\n_F_ATTACK_003;420	0	0;0;0;0		0	0	GO(0)	GO(0)			S_O_DIGGING;0\nS_O_DIGGING;300			4984;0\n3557;1\n3558;120\n3060;150\n3060;210	1	0	0	1;11;13	0.0	0.0	0.0	0.0	0.0	0.0	0.0	0
3130		500	_F_ATTACK_002;300\n_F_ATTACK_003;420	_F_ATTACK_002;300\n_F_ATTACK_003;420	0	0;0;0;0		0	0	GO(0)	GO(0)			S_O_DIGGING;0\nS_O_DIGGING;300			4984;0\n3557;1\n3558;120\n3061;150\n3061;210	1	0	0	1;11;13	0.0	0.0	0.0	0.0	0.0	0.0	0.0	0
3131		500	_F_ATTACK_002;300\n_F_ATTACK_003;420	_F_ATTACK_002;300\n_F_ATTACK_003;420	0	0;0;0;0		0	0	GO(0)	GO(0)			S_O_DIGGING_ICE;0\nS_O_DIGGING_ICE;300			4984;0\n3557;1\n3558;120\n3062;150\n3062;210	1	0	0	1;11;13	0.0	0.0	0.0	0.0	0.0	0.0	0.0	0
3132		500	_F_SENTRY_000;15\n_F_SENTRY_001;95	_F_SENTRY_000;15\n_F_SENTRY_001;95	0	0;0;0;0		0	0	GO(0)	GO(0)			S_A_DUST_BLAST;15			4988;0\n3063;50	1	0	0	2;5	0.0	0.0	0.0	0.0	0.0	0.0	0.0	0
3133		500	_F_SENTRY_000;15\n_F_SENTRY_001;95	_F_SENTRY_000;15\n_F_SENTRY_001;95	0	0;0;0;0		0	0	GO(0)	GO(0)			S_A_POISON_BLAST;15			4988;0\n3064;50	1	0	0	2;5	0.0	0.0	0.0	0.0	0.0	0.0	0.0	0
3140		350	_F_SENTRY_000;20\n_F_ATTACK_000;50	_F_SENTRY_000;20\n_F_ATTACK_000;50	0	0;0;0;0		0	0					S_O_M007_ATK_0;20			4980;0\n3543;34	1	0	0	2;5	0.0	0.0	0.0	0.0	0.0	0.0	0.0	0
3141		200	_F_SENTRY_000;20\n_F_ATTACK_001;70	_F_SENTRY_000;20\n_F_ATTACK_001;70	128	0;0;0;0		0	0	HIT(95)		S_H_BLACKLIGHT;0;34\nS_H_BLACKLIGHT;0;47	-1;0;1	S_O_M007_ATK_1;20				3	350	0	2;5	0.5	0.5	0.5	0.5	0.0	0.0	0.0	0
3142		200	_F_SENTRY_000;20\n_F_ATTACK_001;70	_F_SENTRY_000;20\n_F_ATTACK_001;70	128	0;0;0;0		0	0	HIT(95)		S_H_BLACKLIGHT;0;34\nS_H_BLACKLIGHT;0;47	-75;20;5	S_O_M007_ATK_1;20				3	350	0	2;5	0.75	0.75	0.75	0.75	0.0	0.0	0.0	0
3143		1500	_F_SENTRY_000;20\n_F_ATTACK_002;70	_F_SENTRY_000;20\n_F_ATTACK_002;70	0	0;0;0;0		0	0					S_O_M007_ATK_2;20			4986;0\n3544;1\n3546;50\n3545;70	1	0	0	2;5	0.0	0.0	0.0	0.0	0.0	0.0	0.0	0
3144		1500	_F_SENTRY_000;20\n_F_ATTACK_002;70	_F_SENTRY_000;20\n_F_ATTACK_002;70	0	0;0;0;0		0	0					S_O_M007_ATK_2A;20			4987;0\n3544;1\n3547;52\n3547;56\n3547;60\n3545;65	1	0	0	2;5	0.0	0.0	0.0	0.0	0.0	0.0	0.0	0
3145		1000			0	0;0;0;0		0	0									0	0	0		0.0	0.0	0.0	0.0	0.0	0.0	0.0	0
3146		500	_F_SAD_000;24\n_F_ATTACK_003;84	_F_SAD_000;24\n_F_ATTACK_003;84	0	0;0;0;0		0	0					S_O_NIGHT_WAVE;24			4981;0\n3544;1\n4910;62\n3542;63\n3545;80	1	0	0	1;5	0.0	0.0	0.0	0.0	0.0	0.0	0.0	0
3147		200	_F_SENTRY_000;20\n_F_ATTACK_004;80	_F_SENTRY_000;20\n_F_ATTACK_004;80	128	0;0;0;31\n50;0;0;36\n0;0;0;42\n50;0;0;46\n0;0;0;51\n300;0;0;66		0	0	HIT(95)	STUN(35)	S_H_BLACKLIGHT;0;36\nS_H_BLACKLIGHT;0;47\nS_H_CROSS_BLACKLIGHT;304;59	-1;0;1	S_O_M007_ATK_4;20			4985;0	3	350	0	2;5;8	1.2000000476837158	0.0	1.2000000476837158	0.0	0.0	0.0	0.0	0
3148		200	_F_SENTRY_000;20\n_F_ATTACK_004;80	_F_SENTRY_000;20\n_F_ATTACK_004;80	128	0;0;0;31\n50;0;0;36\n0;0;0;42\n50;0;0;46\n0;0;0;51\n300;0;0;66		0	0	HIT(95)	STUN(35)	S_H_BLACKLIGHT;0;36\nS_H_BLACKLIGHT;0;47\nS_H_CROSS_BLACKLIGHT;304;59	-150;100;5	S_O_M007_ATK_4;20			4985;0	3	350	0	2;5;8	1.7000000476837158	0.0	1.7000000476837158	0.0	0.0	0.0	0.0	0
3149		700	_F_SENTRY_000;20\n_F_ATTACK_005;70	_F_SENTRY_000;20\n_F_ATTACK_005;70	128	0;0;0;31\nARCEDGE;-0.5;0;0;22		0	0	HIT(95)	STUN(35)	S_H_CROSS_BLACKLIGHT;304;50		S_O_M007_ATK_5;20		CAMERASHOCK(C_SKILL01);0	4982;0\n3524;25	6	500	0	2;5;8	1.5	0.0	1.5	0.0	0.0	0.0	0.0	0
3150		1000	_F_ATTACK_003;60\n_F_READY_000;124\n_F_READY_000;188\n_F_HAPPY_000;267	_F_ATTACK_003;60\n_F_READY_000;124\n_F_READY_000;188\n_F_HAPPY_000;267	0	0;0;0;267		0	0					S_O_NIGHT_WAVE;0			4910;40\n3740;41\n8200;267	1	0	0	13;29	0.0	0.0	0.0	0.0	0.0	0.0	0.0	0
3151		1000	_F_DIE_003;22\n_F_DIE_001;300	_F_DIE_003;22\n_F_DIE_001;300	0	0;0;0;300		0	0	GO(0)	GO(0)	none;3057;0\nnone;8011;30						1	100	0	13;29	0.0	0.0	0.0	0.0	0.0	0.0	0.0	0
3152		5000	_F_ATTACK_003;60\n_F_READY_000;124	_F_ATTACK_003;60\n_F_READY_000;124	0	0;0;0;0		0	0					S_O_NIGHT_WAVE;0			8230;0\n4910;40\n8221;41\n8220;90	1	0	0	5;13;29	0.0	0.0	0.0	0.0	0.0	0.0	0.0	0
3153		5000	_F_ATTACK_003;60\n_F_READY_000;124	_F_ATTACK_003;60\n_F_READY_000;124	0	0;0;0;0		0	0					S_O_NIGHT_WAVE;0			8223;0\n4910;40\n8221;41\n8226;90\n8227;91	1	0	0	5;13;29	0.0	0.0	0.0	0.0	0.0	0.0	0.0	0
3154		5000	_F_READY_000;64	_F_READY_000;64	0	0;0;0;0		0	0									1	0	0	5;13;29	0.0	0.0	0.0	0.0	0.0	0.0	0.0	0
3155		5000	_F_HAPPY_000;79	_F_HAPPY_000;79	0	0;0;0;0		0	0					S_O_M007_FIRSTMEET_PLAYER;0			8224;0\n8230;0\n3545;75	1	0	0	5;13;29	0.0	0.0	0.0	0.0	0.0	0.0	0.0	0
3156		12000	_F_SAD_000;69\n_F_ATTACK_002;119\n_F_HAPPY_000;198\n_F_ATTACK_001;248\n_F_READY_000;300\n_F_WALK_000;331\n_F_WALK_000;362\n_F_WALK_000;393\n_F_WALK_000;424	_F_SAD_000;69\n_F_ATTACK_002;119\n_F_HAPPY_000;198\n_F_ATTACK_001;248\n_F_READY_000;300\n_F_WALK_000;331\n_F_WALK_000;362\n_F_WALK_000;393\n_F_WALK_000;424	0	0;0;0;300\n0;500;0;424	0;180\n-90;185	0	0	GO(0)	GO(0)	none;3067;0		S_O_M007_BEAT_PLAYER;0\nS_O_M007_ATK_2_SP;69\nS_O_M007_OPENGATE;198			3544;0\n8228;99\n8229;150\n3545;190\n3544;270\n8200;420	1	0	0	5;13;29	0.0	0.0	0.0	0.0	0.0	0.0	0.0	0
3157		5000	_F_STRUGGLE_001;34\n_F_STRUGGLE_000;84	_F_STRUGGLE_001;34\n_F_STRUGGLE_000;84	0	0;0;0;0		0	0									1	0	0	13;27;29	0.0	0.0	0.0	0.0	0.0	0.0	0.0	0
3160		170	_F_SENTRY_000;15\n_F_ATTACK_001;65	_F_SENTRY_000;15\n_F_ATTACK_001;65	129	0;0;0;0		0	0	HIT(95)		S_H_PHYSICS_CLAW;0;36						1	170	0	1;5;8	0.6499999761581421	0.6499999761581421	0.6499999761581421	0.6499999761581421	0.0	0.0	0.0	0
3161		2000	_F_SENTRY_000;20\n_F_ATTACK_000;60	_F_SENTRY_000;20\n_F_ATTACK_000;60	0	0;0;0;0		0	0					S_O_SOULCLAW;20			4981;0\n3290;37	1	0	0	2;5	0.0	0.0	0.0	0.0	0.0	0.0	0.0	0
3162		150	_F_SENTRY_000;15\n_F_ATTACK_003;75	_F_SENTRY_000;15\n_F_ATTACK_003;75	129	0;0;0;0		0	0	HIT(95)		S_H_PHYSICS_CLAW;0;43\nS_H_PHYSICS_CLAW;0;51		S_O_EXCUTE_GHOST;15				1	150	0	1;5;8	1.0	1.0	1.0	1.0	0.0	0.0	0.0	0
3163		150	_F_SENTRY_000;15\n_F_ATTACK_003;75	_F_SENTRY_000;15\n_F_ATTACK_003;75	129	0;0;0;0		0	0	HIT(95)		S_H_PHYSICS_CLAW;0;43\nS_H_PHYSICS_CLAW;0;51		S_O_EXCUTE_BANSHEEQEN;15				1	150	0	1;5;8	1.0	1.0	1.0	1.0	0.0	0.0	0.0	0
3164		600	_F_SENTRY_000;20\n_F_ATTACK_002;89	_F_SENTRY_000;20\n_F_ATTACK_002;89	0	0;0;0;0		0	0					S_O_CRY_GHOST_2;20			4984;0\n3293;35\n3293;50\n3293;65	1	0	0	3	0.0	0.0	0.0	0.0	0.0	0.0	0.0	0
3165		600	_F_SENTRY_000;20\n_F_ATTACK_002;89	_F_SENTRY_000;20\n_F_ATTACK_002;89	0	0;0;0;0		0	0					S_A_CRY_BANSHEE;20			4987;0\n3788;35	1	0	0	3	0.0	0.0	0.0	0.0	0.0	0.0	0.0	0
3166		600	_F_SENTRY_000;20\n_F_ATTACK_002;89	_F_SENTRY_000;20\n_F_ATTACK_002;89	0	0;0;0;0		0	0					S_O_CRY_HEAL;20			4984;0\n3295;35\n3295;50\n3295;65	1	0	0	2;4;11	0.0	0.0	0.0	0.0	0.0	0.0	0.0	0
3167		600	_F_ATTACK_002;69	_F_ATTACK_002;69	16	0;0;0;0		0	0					S_A_CRY_BANSHEE;0			4989;0\n3793;25\n3794;30\n3795;35	1	0	0	2;4;11	0.0	0.0	0.0	0.0	0.0	0.0	0.0	0
3168		170	_F_SENTRY_000;15\n_F_ATTACK_001;65	_F_SENTRY_000;15\n_F_ATTACK_001;65	129	0;0;0;0		0	0	HIT(95)	CURSE(35)	S_H_PHYSICS_CLAW;3027;36						1	170	0	1;5;8	0.5	0.5	0.5	0.5	0.0	0.0	0.0	0
3169		600	_F_SENTRY_000;20\n_F_ATTACK_002;89	_F_SENTRY_000;20\n_F_ATTACK_002;89	0	0;0;0;0		0	0					S_O_CRY_GHOST;20			4984;0\n3294;35\n3294;50\n3294;65	1	0	0	3	0.0	0.0	0.0	0.0	0.0	0.0	0.0	0
3170		150	_F_SENTRY_000;15\n_F_ATTACK_003;75	_F_SENTRY_000;15\n_F_ATTACK_003;75	129	0;0;0;0		0	0	HIT(95)	STUN(50)	S_H_PHYSICS_CLAW;0;43\nS_H_PHYSICS_CLAW;304;51		S_O_EXCUTE_BANSHEEQEN;15			4982;0	1	200	0	1;5;8	0.699999988079071	0.699999988079071	0.699999988079071	0.699999988079071	0.0	0.0	0.0	0
3171		600	_F_ATTACK_002;69	_F_ATTACK_002;69	16	0;0;0;0		0	0					S_A_CRY_BANSHEE;0			4989;0\n3796;25\n3797;30\n3798;35	1	0	0	2;4;11	0.0	0.0	0.0	0.0	0.0	0.0	0.0	0
3180		150	_F_SENTRY_000;20\n_F_ATTACK_000;70	_F_SENTRY_000;20\n_F_ATTACK_000;70	32	0;0;0;0		0	0	HIT(95)	STUN(40)	S_H_PHYSICS_HAMMER;0;33	-50;150;5	S_O_M009_ATK_0;20				3	150	0	2;5;8	1.2999999523162842	0.0	1.2999999523162842	0.0	0.0	0.0	0.0	0
3181		150	_F_SENTRY_000;20\n_F_ATTACK_001;80	_F_SENTRY_000;20\n_F_ATTACK_001;80	32	0;0;0;0		0	0	HIT(95)	STUN(40)	S_H_PHYSICS_HAMMER;304;36		S_O_M009_ATK_1;20				3	150	0	2;5;8	1.0	0.0	1.0	0.0	0.0	0.0	0.0	0
3182		600	_F_SENTRY_000;20\n_F_ATTACK_002;89	_F_SENTRY_000;20\n_F_ATTACK_002;89	0	0;0;0;32\n300;0;0;62		0	0					S_O_M009_ATK_2;20			4986;0\n3556;32\n3556;41\n3556;50\n3760;58\n3768;62\n3769;64\n3770;66\n3771;68\n3772;70\n3773;72\n3774;74	1	0	0	2;5;8	0.0	0.0	0.0	0.0	0.0	0.0	0.0	0
3183		100	_F_SENTRY_000;15\n_F_ATTACK_003;65	_F_SENTRY_000;15\n_F_ATTACK_003;65	64	0;0;0;0		0	0	HIT(95)	STUN(75)	S_H_PHYSICS_SWORD;0;30						1	120	0	1;5	2.0	0.0	2.0	0.0	0.0	0.0	0.0	0
3184		500	_F_ATTACK_004;70	_F_ATTACK_004;70	0	0;0;0;0		0	0	GO(0)				PS_O_HEAL_MINOR;0			4984;0\n3559;24	1	0	0	1;13	0.0	0.0	0.0	0.0	0.0	0.0	0.0	0
3185		500			0	0;0;0;0		0	0	GO(0)								0	0	0		0.0	0.0	0.0	0.0	0.0	0.0	0.0	0
3186		600	_F_SENTRY_000;20\n_F_ATTACK_005;80	_F_SENTRY_000;20\n_F_ATTACK_005;80	0	0;0;0;35\nARCEDGE;-0.5;0;0;17		0	0					S_O_M009_ATK_5;20			4981;0\n3561;54	1	0	0	2;5	0.0	0.0	0.0	0.0	0.0	0.0	0.0	0
3187		0			0			0	0									0	0	0		0.0	0.0	0.0	0.0	0.0	0.0	0.0	0
3188		0			0			0	0									0	0	0		0.0	0.0	0.0	0.0	0.0	0.0	0.0	0
3189		0			0			0	0									0	0	0		0.0	0.0	0.0	0.0	0.0	0.0	0.0	0
3190		0			0			0	0									0	0	0		0.0	0.0	0.0	0.0	0.0	0.0	0.0	0
3191		3000	_F_ATTACK_004;70	_F_ATTACK_004;70	0	0;0;0;0		0	0					S_O_M009_TRACING_PLASMA;0			4983;0\n3748;70	1	0	0	1;5	0.0	0.0	0.0	0.0	0.0	0.0	0.0	0
3200		150	_F_SENTRY_000;15\n_F_ATTACK_001;50	_F_SENTRY_000;15\n_F_ATTACK_001;50	32	0;0;0;0		0	0	HIT(95)	STUN(15)	S_H_PHYSICS_PUNCH;304;28						1	150	0	1;5;8	1.0	0.0	1.0	0.0	0.0	0.0	0.0	0
3201		900	_F_SENTRY_000;15\n_F_ATTACK_000;54	_F_SENTRY_000;15\n_F_ATTACK_000;54	0	0;0;0;0		0	0					S_O_SPEAR;15			3296;34	1	0	0	2;5;8	0.0	0.0	0.0	0.0	0.0	0.0	0.0	0
3202		900	_F_SENTRY_000;15\n_F_ATTACK_000;54	_F_SENTRY_000;15\n_F_ATTACK_000;54	0	0;0;0;0		0	0					S_O_SPEAR;15			3297;34	1	0	0	2;5;8	0.0	0.0	0.0	0.0	0.0	0.0	0.0	0
3203		900	_F_SENTRY_000;15\n_F_ATTACK_000;54	_F_SENTRY_000;15\n_F_ATTACK_000;54	0	0;0;0;0		0	0					S_O_SPEAR;15			3298;34	1	0	0	2;5;8	0.0	0.0	0.0	0.0	0.0	0.0	0.0	0
3204		900	_F_SENTRY_000;15\n_F_ATTACK_000;54	_F_SENTRY_000;15\n_F_ATTACK_000;54	0	0;0;0;0		0	0					S_O_M010_CANON;15			3299;34	1	0	0	2;5;8	0.0	0.0	0.0	0.0	0.0	0.0	0.0	0
3205		900	_F_SENTRY_000;15\n_F_ATTACK_000;54	_F_SENTRY_000;15\n_F_ATTACK_000;54	0	0;0;0;0		0	0					S_O_CANNON_BLUE;15			3300;34	1	0	0	2;5;8	0.0	0.0	0.0	0.0	0.0	0.0	0.0	0
3206		900	_F_SENTRY_000;15\n_F_ATTACK_000;54	_F_SENTRY_000;15\n_F_ATTACK_000;54	0	0;0;0;0		0	0					S_O_CANON_RED;15			3301;34	1	0	0	2;5;8	0.0	0.0	0.0	0.0	0.0	0.0	0.0	0
3207		1000	_F_ATTACK_002;55\n_F_ATTACK_000;94	_F_ATTACK_002;55\n_F_ATTACK_000;94	0	0;0;0;0		0	0					S_O_POWER_SPEAR;0			4982;0\n3302;74	1	0	0	2;5;8	0.0	0.0	0.0	0.0	0.0	0.0	0.0	0
3208		1000	_F_ATTACK_002;55\n_F_ATTACK_000;94	_F_ATTACK_002;55\n_F_ATTACK_000;94	0	0;0;0;0		0	0					S_O_POWER_SPEAR;0			4982;0\n3303;74	1	0	0	2;5;8	0.0	0.0	0.0	0.0	0.0	0.0	0.0	0
3209		1000	_F_ATTACK_002;55\n_F_ATTACK_000;94	_F_ATTACK_002;55\n_F_ATTACK_000;94	0	0;0;0;0		0	0					S_O_POWER_SPEAR;0			4982;0\n3304;74	1	0	0	2;5;8	0.0	0.0	0.0	0.0	0.0	0.0	0.0	0
3210		1000	_F_SENTRY_000;15\n_F_ATTACK_003;55	_F_SENTRY_000;15\n_F_ATTACK_003;55	0	0;0;0;0		0	0					S_O_POWER_CANON;15			4982;0\n3305;33	1	0	0	2;5;8	0.0	0.0	0.0	0.0	0.0	0.0	0.0	0
3211		800	_F_ATTACK_002;55\n_F_ATTACK_002;65\n_F_SENTRY_000;80	_F_ATTACK_002;55\n_F_ATTACK_002;65\n_F_SENTRY_000;80	0	0;0;0;0		0	0					S_O_FIRETHROWER;0			4982;0\n3312;6\n3312;12\n3312;18\n3312;24\n3312;30\n3312;36\n3312;42\n3312;48\n3312;54\n3312;60	1	0	0	2;5;8	0.0	0.0	0.0	0.0	0.0	0.0	0.0	0
3212		800	_F_ATTACK_002;55\n_F_ATTACK_002;65\n_F_SENTRY_000;80	_F_ATTACK_002;55\n_F_ATTACK_002;65\n_F_SENTRY_000;80	0	0;0;0;0		0	0					S_O_FIRETHROWER_BLUE;0			4982;0\n3313;6\n3313;12\n3313;18\n3313;24\n3313;30\n3313;36\n3313;42\n3313;48\n3313;54\n3313;60	1	0	0	2;5;8	0.0	0.0	0.0	0.0	0.0	0.0	0.0	0
3220		130	_F_SENTRY_000;15\n_F_ATTACK_000;75	_F_SENTRY_000;15\n_F_ATTACK_000;75	32	0;0;0;0		0	0	HIT(95)		S_H_PHYSICS_PUNCH;0;33						1	130	0	1;5;8	1.0	0.0	1.0	0.0	0.0	0.0	0.0	0
3221		100	_F_SENTRY_000;15\n_F_ATTACK_001;75	_F_SENTRY_000;15\n_F_ATTACK_001;75	0	0;0;0;0		0	0	HIT(95)				S_O_EAGLECLAW;15			4981;0\n3033;31	1	0	0	2;5	0.0	0.0	0.0	0.0	0.0	0.0	0.0	0
3222		100	_F_SENTRY_000;15\n_F_ATTACK_001;75	_F_SENTRY_000;15\n_F_ATTACK_001;75	0	0;0;0;0		0	0	HIT(95)				S_O_EAGLECLAW;15			4981;0\n3035;31	1	0	0	2;5	0.0	0.0	0.0	0.0	0.0	0.0	0.0	0
3223		900	_F_SENTRY_000;15\n_F_ATTACK_000;75	_F_SENTRY_000;15\n_F_ATTACK_000;75	0	0;0;0;0		0	0								4980;0\n3037;33	1	0	0	2;5	0.0	0.0	0.0	0.0	0.0	0.0	0.0	0
3224		900	_F_SENTRY_000;15\n_F_ATTACK_000;75	_F_SENTRY_000;15\n_F_ATTACK_000;75	0	0;0;0;0		0	0								4980;0\n3038;33	1	0	0	2;5	0.0	0.0	0.0	0.0	0.0	0.0	0.0	0
3225		900	_F_SENTRY_000;15\n_F_ATTACK_000;75	_F_SENTRY_000;15\n_F_ATTACK_000;75	0	0;0;0;0		0	0								4980;0\n3039;33	1	0	0	2;5	0.0	0.0	0.0	0.0	0.0	0.0	0.0	0
3226		1100	_F_SENTRY_000;15\n_F_ATTACK_003;84	_F_SENTRY_000;15\n_F_ATTACK_003;84	0	0;0;0;0		0	0								4980;0\n3040;45	1	0	0	2;5	0.0	0.0	0.0	0.0	0.0	0.0	0.0	0
3227		1100	_F_SENTRY_000;15\n_F_ATTACK_003;84	_F_SENTRY_000;15\n_F_ATTACK_003;84	0	0;0;0;0		0	0								4980;0\n3041;45	1	0	0	2;5	0.0	0.0	0.0	0.0	0.0	0.0	0.0	0
3228		1100	_F_SENTRY_000;15\n_F_ATTACK_003;84	_F_SENTRY_000;15\n_F_ATTACK_003;84	0	0;0;0;0		0	0								4980;0\n3042;45	1	0	0	2;5	0.0	0.0	0.0	0.0	0.0	0.0	0.0	0
3229		1100	_F_SENTRY_000;15\n_F_ATTACK_003;84	_F_SENTRY_000;15\n_F_ATTACK_003;84	0	0;0;0;0		0	0								4980;0\n3043;45	1	0	0	2;5	0.0	0.0	0.0	0.0	0.0	0.0	0.0	0
3230		1100	_F_SENTRY_000;15\n_F_ATTACK_003;84	_F_SENTRY_000;15\n_F_ATTACK_003;84	0	0;0;0;0		0	0								4980;0\n3044;45	1	0	0	2;5	0.0	0.0	0.0	0.0	0.0	0.0	0.0	0
3231		600	_F_FLEX_000;45\n_F_ATTACK_002;71\n_F_ATTACK_002;97	_F_FLEX_000;45\n_F_ATTACK_002;71\n_F_ATTACK_002;97	0	0;0;0;0		0	0								4982;0\n3045;56\n3045;82	1	0	0	2	0.0	0.0	0.0	0.0	0.0	0.0	0.0	0
3232		600	_F_FLEX_000;45\n_F_ATTACK_002;71\n_F_ATTACK_002;97	_F_FLEX_000;45\n_F_ATTACK_002;71\n_F_ATTACK_002;97	0	0;0;0;0		0	0								4982;0\n3045;56\n3046;82	1	0	0	2	0.0	0.0	0.0	0.0	0.0	0.0	0.0	0
3233		500	_F_FLEX_000;130	_F_FLEX_000;130	0	0;0;0;0		0	0								4984;0\n3048;120	1	0	0	2;13	0.0	0.0	0.0	0.0	0.0	0.0	0.0	0
3234		500	_F_FLEX_000;130	_F_FLEX_000;130	0	0;0;0;0		0	0								4984;0\n3049;120	1	0	0	2;13	0.0	0.0	0.0	0.0	0.0	0.0	0.0	0
3240		150	_F_ATTACK_000;60	_F_ATTACK_000;60	65	0;0;0;0		0	0	HIT(95)	CURSE(95)	S_H_PHYSICS2;3042;20		S_O_DEATH_RUNE;0				1	200	0	1;5	0.44999998807907104	0.44999998807907104	0.44999998807907104	0.44999998807907104	0.0	0.0	0.0	0
3241		1500	_F_ATTACK_002;48\n_F_ATTACK_004;117	_F_ATTACK_002;48\n_F_ATTACK_004;117	0	0;0;0;0		0	0					S_O_M012_FIRE;0			4980;0\n3104;66	1	0	0	2;5	0.0	0.0	0.0	0.0	0.0	0.0	0.0	0
3242		1500	_F_ATTACK_002;48\n_F_ATTACK_004;117	_F_ATTACK_002;48\n_F_ATTACK_004;117	0	0;0;0;0		0	0					S_O_M012_ICE;0			4985;0\n3026;66	1	0	0	2;5	0.0	0.0	0.0	0.0	0.0	0.0	0.0	0
3243		2000	_F_ATTACK_001;79\n_F_ATTACK_003;139	_F_ATTACK_001;79\n_F_ATTACK_003;139	0	0;0;0;0		0	0					S_O_M012_FIRE;0			4983;0\n3564;95	1	0	0	13	0.0	0.0	0.0	0.0	0.0	0.0	0.0	0
3244		1500	_F_ATTACK_001;79\n_F_ATTACK_004;148	_F_ATTACK_001;79\n_F_ATTACK_004;148	0	0;0;0;0		0	0					S_O_M012_ICE;0			4981;0\n3575;97	1	0	0	2;5	0.0	0.0	0.0	0.0	0.0	0.0	0.0	0
3245		2000	_F_ATTACK_001;79\n_F_ATTACK_003;139	_F_ATTACK_001;79\n_F_ATTACK_003;139	0	0;0;0;900		0	0					S_C_M012_ATK_ICE_1;95			4984;0\n3594;95	1	0	0	13	0.0	0.0	0.0	0.0	0.0	0.0	0.0	0
3246		1200	_F_ATTACK_001;79\n_F_ATTACK_004;148	_F_ATTACK_001;79\n_F_ATTACK_004;148	0	0;0;0;0		0	0					S_O_M012_ICE;0			4986;0\n3596;97	1	0	0	2;5	0.0	0.0	0.0	0.0	0.0	0.0	0.0	0
3260		150	_F_SENTRY_000;20\n_F_ATTACK_000;59	_F_SENTRY_000;20\n_F_ATTACK_000;59	32	0;0;0;0		0	0	HIT(95)		S_H_PHYSICS_PUNCH;0;30						1	170	0	1;5;8	1.0	0.0	1.0	0.0	0.0	0.0	0.0	0
3261		1200	_F_SENTRY_000;20\n_F_ATTACK_001;73	_F_SENTRY_000;20\n_F_ATTACK_001;73	0	0;0;0;0		0	0								3314;40	1	0	0	2;5;8	0.0	0.0	0.0	0.0	0.0	0.0	0.0	0
3262		1200	_F_SENTRY_000;20\n_F_ATTACK_001;73	_F_SENTRY_000;20\n_F_ATTACK_001;73	0	0;0;0;0		0	0								3315;40	1	0	0	2;5;8	0.0	0.0	0.0	0.0	0.0	0.0	0.0	0
3263		1200	_F_SENTRY_000;20\n_F_ATTACK_001;73	_F_SENTRY_000;20\n_F_ATTACK_001;73	0	0;0;0;0		0	0								3316;40	1	0	0	2;5;8	0.0	0.0	0.0	0.0	0.0	0.0	0.0	0
3264		1200	_F_SENTRY_000;20\n_F_ATTACK_001;73	_F_SENTRY_000;20\n_F_ATTACK_001;73	0	0;0;0;0		0	0								3317;40	1	0	0	2;5;8	0.0	0.0	0.0	0.0	0.0	0.0	0.0	0
3265		1200	_F_SENTRY_000;20\n_F_ATTACK_001;73	_F_SENTRY_000;20\n_F_ATTACK_001;73	0	0;0;0;0		0	0								3318;40	1	0	0	2;5;8	0.0	0.0	0.0	0.0	0.0	0.0	0.0	0
3266		800	_F_SENTRY_000;20\n_F_ATTACK_002;61	_F_SENTRY_000;20\n_F_ATTACK_002;61	0	0;0;0;0		0	0								4982;0\n3319;40	1	0	0	3;5;9	0.0	0.0	0.0	0.0	0.0	0.0	0.0	0
3267		800	_F_SENTRY_000;20\n_F_ATTACK_002;61	_F_SENTRY_000;20\n_F_ATTACK_002;61	0	0;0;0;0		0	0								4982;0\n3321;40	1	0	0	3;5;9	0.0	0.0	0.0	0.0	0.0	0.0	0.0	0
3268		800	_F_SENTRY_000;20\n_F_ATTACK_002;61	_F_SENTRY_000;20\n_F_ATTACK_002;61	0	0;0;0;0		0	0								4982;0\n3323;40	1	0	0	3;5;9	0.0	0.0	0.0	0.0	0.0	0.0	0.0	0
3269		800	_F_SENTRY_000;20\n_F_ATTACK_002;61	_F_SENTRY_000;20\n_F_ATTACK_002;61	0	0;0;0;0		0	0								4982;0\n3325;40	1	0	0	3;5;9	0.0	0.0	0.0	0.0	0.0	0.0	0.0	0
3270		350	_F_ATTACK_003;90	_F_ATTACK_003;90	4	0;0;0;0		0	0	GO(0)		S_H_HEALED;0;60					4984;0	1	200	0	1;4;11;13	2.5	0.0	2.5	0.0	0.0	0.0	0.0	0
3280		100	_F_ATTACK_001;60	_F_ATTACK_001;60	32	0;0;0;0		0	0	HIT(95)		S_H_PHYSICS_HAMMER;0;22						1	150	0	1;5;8	1.0	0.0	1.0	0.0	0.0	0.0	0.0	0
3281		1500	_F_SENTRY_000;30\n_F_ATTACK_000;90	_F_SENTRY_000;30\n_F_ATTACK_000;90	0	0;0;0;0		0	0								3256;48\n3256;75	1	0	0	2;5;8	0.0	0.0	0.0	0.0	0.0	0.0	0.0	0
3282		1000	_F_SENTRY_000;30\n_F_ATTACK_000;90	_F_SENTRY_000;30\n_F_ATTACK_000;90	0	0;0;0;0		0	0					S_O_BEACON_BOT2;30			3257;48\n3257;75	1	0	0	2;5;8	0.0	0.0	0.0	0.0	0.0	0.0	0.0	0
3283		1200	_F_SENTRY_000;20\n_F_ATTACK_000;80	_F_SENTRY_000;20\n_F_ATTACK_000;80	0	0;0;0;0		0	0								4983;0\n3258;65	1	0	0	2;5;9	0.0	0.0	0.0	0.0	0.0	0.0	0.0	0
3284		1200	_F_SENTRY_000;20\n_F_ATTACK_000;80	_F_SENTRY_000;20\n_F_ATTACK_000;80	0	0;0;0;0		0	0					S_O_PLASMA_SANDGLASS;65			4983;0\n3260;65	1	0	0	2;5;9	0.0	0.0	0.0	0.0	0.0	0.0	0.0	0
3285		600	_F_READY_000;120	_F_READY_000;120	0	0;0;0;0		0	0					S_O_PLASMA_FIELD_RED;30			4983;0\n3261;30\n3261;40\n3261;50\n3261;60\n3261;70\n3261;80\n3261;90\n3261;100\n3261;110\n3261;120	1	0	0	2	0.0	0.0	0.0	0.0	0.0	0.0	0.0	0
3286		600	_F_READY_000;120	_F_READY_000;120	0	0;0;0;0		0	0					S_O_PLASMA_FIELD_BLUE;30			4983;0\n3261;30\n3261;40\n3261;50\n3261;60\n3261;70\n3261;80\n3261;90\n3261;100\n3261;110\n3261;120	1	0	0	2	0.0	0.0	0.0	0.0	0.0	0.0	0.0	0
3300		1200	_F_SENTRY_000;15\n_F_ATTACK_001;75	_F_SENTRY_000;15\n_F_ATTACK_001;75	0	0;0;0;0		0	0					S_O_FIREBOLT;35			3262;44	1	0	0	2;5;8;9	0.0	0.0	0.0	0.0	0.0	0.0	0.0	0
3301		1200	_F_SENTRY_000;15\n_F_ATTACK_001;75	_F_SENTRY_000;15\n_F_ATTACK_001;75	0	0;0;0;0		0	0								3263;44	1	0	0	2;5;8;9	0.0	0.0	0.0	0.0	0.0	0.0	0.0	0
3302		1200	_F_SENTRY_000;15\n_F_ATTACK_001;75	_F_SENTRY_000;15\n_F_ATTACK_001;75	0	0;0;0;0		0	0					S_O_THUNDERBOLT;35			3264;44	1	0	0	2;5;8;9	0.0	0.0	0.0	0.0	0.0	0.0	0.0	0
3303		1200	_F_SENTRY_000;15\n_F_ATTACK_001;75	_F_SENTRY_000;15\n_F_ATTACK_001;75	0	0;0;0;0		0	0					S_O_WATERBOLT;35			3265;44	1	0	0	2;5;8;9	0.0	0.0	0.0	0.0	0.0	0.0	0.0	0
3304		150	_F_SENTRY_000;15\n_F_ATTACK_003;75	_F_SENTRY_000;15\n_F_ATTACK_003;75	32	0;0;0;0		0	0	HIT(95)		S_H_PHYSICS_HAMMER;0;32						3	150	0	2;5;8	1.0	0.0	1.0	0.0	0.0	0.0	0.0	0
3305		1000	_F_SENTRY_000;15\n_F_ATTACK_000;63	_F_SENTRY_000;15\n_F_ATTACK_000;63	0	0;0;0;0		0	0								3266;35	1	0	0	2;5;8;9	0.0	0.0	0.0	0.0	0.0	0.0	0.0	0
3306		1200	_F_ATTACK_000;48\n_F_ATTACK_002;118	_F_ATTACK_000;48\n_F_ATTACK_002;118	0	0;0;0;0		0	0					S_O_FIREBOLT;65			4983;0\n3115;65	1	0	0	2;5;8;9	0.0	0.0	0.0	0.0	0.0	0.0	0.0	0
3307		1200	_F_ATTACK_000;48\n_F_ATTACK_002;118	_F_ATTACK_000;48\n_F_ATTACK_002;118	0	0;0;0;0		0	0								4983;0\n3267;65	1	0	0	2;5;8;9	0.0	0.0	0.0	0.0	0.0	0.0	0.0	0
3308		1200	_F_ATTACK_000;48\n_F_ATTACK_002;118	_F_ATTACK_000;48\n_F_ATTACK_002;118	0	0;0;0;0		0	0					S_O_THUNDERBOLT;65			4983;0\n3279;65	1	0	0	2;5;8;9	0.0	0.0	0.0	0.0	0.0	0.0	0.0	0
3309		1200	_F_ATTACK_000;48\n_F_ATTACK_002;118	_F_ATTACK_000;48\n_F_ATTACK_002;118	0	0;0;0;0		0	0					S_O_WATERBOLT;65			4983;0\n3280;65	1	0	0	2;5;8;9	0.0	0.0	0.0	0.0	0.0	0.0	0.0	0
3310		1200	_F_SENTRY_000;15\n_F_ATTACK_004;75	_F_SENTRY_000;15\n_F_ATTACK_004;75	0	0;0;0;0		0	0								4983;0\n3282;33	1	0	0	2;5;8;9	0.0	0.0	0.0	0.0	0.0	0.0	0.0	0
3320		150	_F_SENTRY_000;15\n_F_ATTACK_006;75	_F_SENTRY_000;15\n_F_ATTACK_006;75	64	0;0;0;0		0	0	HIT(95)		S_H_PHYSICS_HAMMER;0;27\nS_H_PHYSICS_HAMMER;0;37\nS_H_PHYSICS_HAMMER;0;47						1	150	0	1;5;8	1.0	0.0	1.0	0.0	0.0	0.0	0.0	0
3321		150	_F_SENTRY_000;15\n_F_ATTACK_006;75	_F_SENTRY_000;15\n_F_ATTACK_006;75	576	0;0;0;0		0	0	HIT(95)		S_H_LIGHTENING;0;27\nS_H_LIGHTENING;0;37\nS_H_LIGHTENING;0;47						1	150	0	1;5;8	0.5199999809265137	0.7799999713897705	0.5199999809265137	0.7799999713897705	0.0	0.0	0.0	0
3322		150	_F_SENTRY_000;15\n_F_ATTACK_005;64	_F_SENTRY_000;15\n_F_ATTACK_005;64	128	0;0;0;0		0	0	HIT(95)		S_H_PHYSICS_SWORD;0;24\nS_H_PHYSICS_SWORD;0;34\nS_H_PHYSICS_SWORD;0;44						1	150	0	1;5;8	1.2999999523162842	0.0	1.2999999523162842	0.0	0.0	0.0	0.0	0
3323		200	_F_SENTRY_000;15\n_F_ATTACK_001;75	_F_SENTRY_000;15\n_F_ATTACK_001;75	64	0;0;0;75		0	0	HIT(95)		S_H_FIREARM;0;28\nS_H_FIREARM;0;38\nS_H_FIREARM;0;45		S_O_M016_SHOTGUN;15				3	200	0	2;5;8	1.2999999523162842	0.0	1.2999999523162842	0.0	0.0	0.0	0.0	0
3324		1200	_F_SENTRY_000;15\n_F_ATTACK_004;75	_F_SENTRY_000;15\n_F_ATTACK_004;75	0	0;0;0;0		0	0					S_O_THROW_DRILL;15			4980;0\n3386;25\n3387;38\n3386;52	1	0	0	2;5;8;9	0.0	0.0	0.0	0.0	0.0	0.0	0.0	0
3325		1200	_F_SENTRY_000;15\n_F_ATTACK_004;75	_F_SENTRY_000;15\n_F_ATTACK_004;75	0	0;0;0;0		0	0					S_O_PULSE_GIM4;15			4980;0\n3388;25\n3389;38\n3388;52	1	0	0	2;5;8;9	0.0	0.0	0.0	0.0	0.0	0.0	0.0	0
3326		1200	_F_SENTRY_000;15\n_F_ATTACK_003;85	_F_SENTRY_000;15\n_F_ATTACK_003;85	0	0;0;0;0		0	0					S_O_PULSE_GIM3;15			4987;0\n3390;31\n3391;33\n3392;36\n3393;37\n3394;39\n3395;41\n3396;43\n3397;45\n3398;47\n3399;49\n3400;51\n3401;54	1	0	0	2;5;8	0.0	0.0	0.0	0.0	0.0	0.0	0.0	0
3327		1200	_F_TALK_000;35\n_F_FORWARD_000;70\n_F_FORWARD_000;105	_F_TALK_000;35\n_F_FORWARD_000;70\n_F_FORWARD_000;105	0	0;0;0;35\n1200;0;0;105		0	0					S_O_ROBOT_DASH;36			4982;0\n3402;36	1	0	0	2;5	0.0	0.0	0.0	0.0	0.0	0.0	0.0	0
3328		800	_F_SENTRY_000;15\n_F_ATTACK_002;81	_F_SENTRY_000;15\n_F_ATTACK_002;81	0	0;0;0;81		0	0					S_O_M016_TWOHAND;15			4980;0\n3403;25\n3404;26\n3403;35\n3404;36\n3403;45	1	0	0	2;5	0.0	0.0	0.0	0.0	0.0	0.0	0.0	0
3329		800	_F_SENTRY_000;15\n_F_ATTACK_000;73	_F_SENTRY_000;15\n_F_ATTACK_000;73	0	0;0;0;0		0	0					S_O_ROBOT_PLASMA_FIELD;15			4988;0\n3405;30\n3405;35\n3405;40\n3405;45	1	0	0	2;5	0.0	0.0	0.0	0.0	0.0	0.0	0.0	0
3330		1200	_F_SENTRY_000;15\n_F_ATTACK_003;85	_F_SENTRY_000;15\n_F_ATTACK_003;85	0	0;0;0;85		0	0					S_O_MINIGUN_GIM3;15			4987;0\n3406;31\n3407;35\n3408;39\n3409;43\n3410;47\n3411;50\n3412;54	1	0	0	2;5	0.0	0.0	0.0	0.0	0.0	0.0	0.0	0
3331		1500	_F_SENTRY_000;15\n_F_ATTACK_004;75	_F_SENTRY_000;15\n_F_ATTACK_004;75	0	0;0;0;75		0	0					S_O_PULSE_GIM4;15			4983;0\n3418;25\n3419;39\n3420;52	1	0	0	2;5	0.0	0.0	0.0	0.0	0.0	0.0	0.0	0
3332		1500	_F_SENTRY_000;15\n_F_ATTACK_004;75	_F_SENTRY_000;15\n_F_ATTACK_004;75	0	0;0;0;75		0	0					S_O_MINIGUN_GIM4;15			4983;0\n3422;25\n3423;39\n3422;52	1	0	0	2;5	0.0	0.0	0.0	0.0	0.0	0.0	0.0	0
3333		1200	_F_SENTRY_000;15\n_F_ATTACK_004;75	_F_SENTRY_000;15\n_F_ATTACK_004;75	0	0;0;0;0		0	0					S_O_BEACON_GIM4;15			4980;0\n3388;25\n3389;39\n3388;52	1	0	0	2;5;8;9	0.0	0.0	0.0	0.0	0.0	0.0	0.0	0
3334		1200	_F_SENTRY_000;15\n_F_ATTACK_003;85	_F_SENTRY_000;15\n_F_ATTACK_003;85	0	0;0;0;0		0	0					S_O_BEACON_GIM3;15			4987;0\n3390;31\n3391;33\n3392;36\n3393;37\n3394;39\n3395;41\n3396;43\n3397;45\n3398;47\n3399;49\n3400;51\n3401;54	1	0	0	2;5;8	0.0	0.0	0.0	0.0	0.0	0.0	0.0	0
3340		200	_F_SENTRY_000;15\n_F_ATTACK_000;51	_F_SENTRY_000;15\n_F_ATTACK_000;51	128	0;0;0;0		0	0	HIT(95)		S_H_PHYSICS_SWORD;0;28		S_O_M017_ATTACK_000				1	200	0	1;5;8	1.0	0.0	1.0	0.0	0.0	0.0	0.0	0
3341		450	_F_SENTRY_000;15\n_F_ATTACK_000;51	_F_SENTRY_000;15\n_F_ATTACK_000;51	128	0;0;0;0		0	0	HIT(95)		S_H_PHYSICS_SWORD;0;28		S_O_M017_ATTACK_000				1	450	0	1;5;8	1.0	0.0	1.0	0.0	0.0	0.0	0.0	0
3342		230	_F_SENTRY_000;15\n_F_ATTACK_001;65	_F_SENTRY_000;15\n_F_ATTACK_001;65	128	0;0;0;0		0	0	HIT(95)	STUN(35)	S_H_PHYSICS_SWORD;0;38	-75;20;5				4981;0	6	250	0	2;5;8	1.25	0.0	1.25	0.0	0.0	0.0	0.0	0
3343		800	_F_SENTRY_000;15\n_F_ATTACK_003;84	_F_SENTRY_000;15\n_F_ATTACK_003;84	128	0;0;0;15\nARCEDGE;-0.7;0;0;45		0	0	HIT(95)		S_H_PHYSICS_SWORD;0;60					4980;0	6	200	0	2;5;8	1.5	0.0	1.5	0.0	0.0	0.0	0.0	0
3344		800	_F_SENTRY_000;15\n_F_ATTACK_003;84	_F_SENTRY_000;15\n_F_ATTACK_003;84	128	0;0;0;15\nARCEDGE;-0.7;0;0;45		0	0	HIT(95)	STUN(50)	S_H_PHYSICS_SWORD;304;60					4981;0	6	200	0	2;5;8	1.5	0.0	1.5	0.0	0.0	0.0	0.0	0
3345		1200	_F_SENTRY_000;15\n_F_ATTACK_004;84	_F_SENTRY_000;15\n_F_ATTACK_004;84	0	0;0;0;0		0	0								4980;0\n3008;38	1	0	0	2;5;8;9	0.0	0.0	0.0	0.0	0.0	0.0	0.0	0
3346		1200	_F_SENTRY_000;15\n_F_ATTACK_004;84	_F_SENTRY_000;15\n_F_ATTACK_004;84	0	0;0;0;0		0	0								4980;0\n3010;38	1	0	0	2;5;8;9	0.0	0.0	0.0	0.0	0.0	0.0	0.0	0
3347		400	_F_SENTRY_000;15\n_F_ATTACK_002;88	_F_SENTRY_000;15\n_F_ATTACK_002;88	0	0;0;0;0		0	0					S_O_SPIT_FIRE;15			4983;0\n3013;54\n3013;67\n3013;80	1	0	0	2;5	0.0	0.0	0.0	0.0	0.0	0.0	0.0	0
3348		400	_F_SENTRY_000;15\n_F_ATTACK_002;88	_F_SENTRY_000;15\n_F_ATTACK_002;88	0	0;0;0;0		0	0					S_O_SPIT_ACID;15			4983;0\n3017;54\n3017;67\n3017;80	1	0	0	2;5	0.0	0.0	0.0	0.0	0.0	0.0	0.0	0
3349		400	_F_SENTRY_000;15\n_F_ATTACK_002;88	_F_SENTRY_000;15\n_F_ATTACK_002;88	0	0;0;0;0		0	0					S_O_SPIT_GAS;15			4983;0\n3015;54\n3015;67\n3015;80	1	0	0	2;5	0.0	0.0	0.0	0.0	0.0	0.0	0.0	0
3350		1500	_F_SENTRY_000;15\n_F_ATTACK_004;84	_F_SENTRY_000;15\n_F_ATTACK_004;84	0	0;0;0;0		0	0								3113;38	1	0	0	2;5;8;9	0.0	0.0	0.0	0.0	0.0	0.0	0.0	0
3351		1500	_F_SENTRY_000;15\n_F_ATTACK_004;84	_F_SENTRY_000;15\n_F_ATTACK_004;84	0	0;0;0;0		0	0								4984;0\n3115;38	1	0	0	2;5;9	0.0	0.0	0.0	0.0	0.0	0.0	0.0	0
3352		1500	_F_SENTRY_000;15\n_F_ATTACK_004;84	_F_SENTRY_000;15\n_F_ATTACK_004;84	0	0;0;0;0		0	0								4984;0\n3104;38	1	0	0	2;5;9	0.0	0.0	0.0	0.0	0.0	0.0	0.0	0
3360		1200	_F_SENTRY_000;15\n_F_ATTACK_000;48	_F_SENTRY_000;15\n_F_ATTACK_000;48	0	0;0;0;0		0	0					S_O_M018_000_000_0;15			3425;28\n3425;33\n3425;36\n3425;40	1	0	0	2;5;8	0.0	0.0	0.0	0.0	0.0	0.0	0.0	0
3361		1200	_F_SENTRY_000;15\n_F_ATTACK_000;48	_F_SENTRY_000;15\n_F_ATTACK_000;48	0	0;0;0;0		0	0					S_O_M018_000_000_0;15			3426;28\n3426;33\n3426;36\n3426;40	1	0	0	2;5;8	0.0	0.0	0.0	0.0	0.0	0.0	0.0	0
3362		1200	_F_SENTRY_000;15\n_F_ATTACK_000;48	_F_SENTRY_000;15\n_F_ATTACK_000;48	0	0;0;0;0		0	0					S_O_M018_000_000_0;15			3427;28\n3427;33\n3427;36\n3427;40	1	0	0	2;5	0.0	0.0	0.0	0.0	0.0	0.0	0.0	0
3363		1000	_F_SENTRY_000;15\n_F_ATTACK_001;61	_F_SENTRY_000;15\n_F_ATTACK_001;61	0	0;0;0;0		0	0					S_O_M018_000_000_1;15			3429;28\n3430;33\n3431;36\n3432;39	1	0	0	2;5;8	0.0	0.0	0.0	0.0	0.0	0.0	0.0	0
3364		800	_F_SENTRY_000;15\n_F_ATTACK_001;61	_F_SENTRY_000;15\n_F_ATTACK_001;61	0	0;0;0;0		0	0					S_O_FIREBURST_M018;15			4982;0\n3434;28\n3435;33\n3436;36\n3437;39	1	0	0	2;5;8	0.0	0.0	0.0	0.0	0.0	0.0	0.0	0
3365		800	_F_SENTRY_000;15\n_F_ATTACK_002;56	_F_SENTRY_000;15\n_F_ATTACK_002;56	0	0;0;0;0		0	0					S_O_FIRETHROWER_M018;15			4982;0\n3433;36	1	0	0	2;5;8	0.0	0.0	0.0	0.0	0.0	0.0	0.0	0
3366		2000	_F_SENTRY_000;15\n_F_ATTACK_002;56	_F_SENTRY_000;15\n_F_ATTACK_002;56	0	0;0;0;0		0	0					S_O_M018_000_000_2;15			4982;0\n3438;36	1	0	0	2;5;8	0.0	0.0	0.0	0.0	0.0	0.0	0.0	0
3367		2000	_F_SENTRY_000;15\n_F_ATTACK_002;56	_F_SENTRY_000;15\n_F_ATTACK_002;56	0	0;0;0;0		0	0					S_O_M018_000_000_2;15			4982;0\n3439;36	1	0	0	2;5;8	0.0	0.0	0.0	0.0	0.0	0.0	0.0	0
3368		2500	_F_SENTRY_000;15\n_F_ATTACK_003;56	_F_SENTRY_000;15\n_F_ATTACK_003;56	0	0;0;0;0		0	0					S_O_M018_000_000_3;15			4984;0\n4024;20\n3440;40	1	0	0	2;5	0.0	0.0	0.0	0.0	0.0	0.0	0.0	0
3369		8000	_F_SENTRY_000;15\n_F_ATTACK_003;56\n_F_READY_000;116\n_F_READY_000;176\n_F_READY_000;236\n_F_READY_000;296	_F_SENTRY_000;15\n_F_ATTACK_003;56\n_F_READY_000;116\n_F_READY_000;176\n_F_READY_000;236\n_F_READY_000;296	0	0;0;0;0		0	0					S_O_M018_000_000_3;15			4984;0\n4024;35\n3440;40	1	0	0	2;5	0.0	0.0	0.0	0.0	0.0	0.0	0.0	0
3370		8000	_F_SENTRY_000;15\n_F_ATTACK_003;56\n_F_READY_000;116\n_F_READY_000;176\n_F_READY_000;236\n_F_READY_000;296	_F_SENTRY_000;15\n_F_ATTACK_003;56\n_F_READY_000;116\n_F_READY_000;176\n_F_READY_000;236\n_F_READY_000;296	0	0;0;0;0		0	0					S_O_M018_000_000_3;15			4984;0\n4024;35\n3440;40	1	0	0	2;5	0.0	0.0	0.0	0.0	0.0	0.0	0.0	0
3371		8000	_F_SENTRY_000;15\n_F_ATTACK_003;56\n_F_READY_000;116\n_F_READY_000;176\n_F_READY_000;236\n_F_READY_000;296\n_F_READY_000;356\n_F_READY_000;416	_F_SENTRY_000;15\n_F_ATTACK_003;56\n_F_READY_000;116\n_F_READY_000;176\n_F_READY_000;236\n_F_READY_000;296\n_F_READY_000;356\n_F_READY_000;416	0	0;0;0;0		0	0					S_O_M018_000_000_3;15			4984;0\n4024;35\n3440;40	1	0	0	2;5	0.0	0.0	0.0	0.0	0.0	0.0	0.0	0
3380		1200	_F_SENTRY_000;15\n_F_ATTACK_000;58	_F_SENTRY_000;15\n_F_ATTACK_000;58	0	0;0;0;0		0	0					S_O_RIFLE_CAT;15			3327;31	1	0	0	2;5;8	0.0	0.0	0.0	0.0	0.0	0.0	0.0	0
3381		1200	_F_SENTRY_000;15\n_F_ATTACK_000;58	_F_SENTRY_000;15\n_F_ATTACK_000;58	0	0;0;0;0		0	0								3328;31	1	0	0	2;5;8	0.0	0.0	0.0	0.0	0.0	0.0	0.0	0
3382		1200	_F_SENTRY_000;15\n_F_ATTACK_000;58	_F_SENTRY_000;15\n_F_ATTACK_000;58	0	0;0;0;0		0	0					S_O_NEEDLE;15			3329;31	1	0	0	2;5;8	0.0	0.0	0.0	0.0	0.0	0.0	0.0	0
3383		100	_F_ATTACK_002;60	_F_ATTACK_002;60	32	0;0;0;0		0	0	HIT(95)		S_H_PHYSICS_PUNCH;0;12						1	100	0	1;5	3.0	0.0	3.0	0.0	0.0	0.0	0.0	0
3384		2000	_F_SENTRY_000;15\n_F_ATTACK_001;44\n_F_ATTACK_000;87	_F_SENTRY_000;15\n_F_ATTACK_001;44\n_F_ATTACK_000;87	0	0;0;0;0		0	0					S_O_SNIPER;44			4982;0\n3330;1\n3331;60	1	0	3008	2;5	0.0	0.0	0.0	0.0	0.0	0.0	0.0	0
3385		2000	_F_SENTRY_000;15\n_F_ATTACK_001;44\n_F_ATTACK_000;87	_F_SENTRY_000;15\n_F_ATTACK_001;44\n_F_ATTACK_000;87	0	0;0;0;0		0	0					S_O_SNIPER;44			4982;0\n3330;1\n3332;60	1	0	0	2;5	0.0	0.0	0.0	0.0	0.0	0.0	0.0	0
3386		2000	_F_SENTRY_000;15\n_F_ATTACK_001;44\n_F_ATTACK_000;87	_F_SENTRY_000;15\n_F_ATTACK_001;44\n_F_ATTACK_000;87	0	0;0;0;0		0	0					S_O_NEEDLE;44			4982;0\n3330;1\n3333;60	1	0	3012	2;5	0.0	0.0	0.0	0.0	0.0	0.0	0.0	0
3387		1000	_F_SENTRY_000;15\n_F_ATTACK_001;44\n_F_ATTACK_000;87	_F_SENTRY_000;15\n_F_ATTACK_001;44\n_F_ATTACK_000;87	0	0;0;0;0		0	0					S_O_MULTIARROW;44			4982;0\n3330;1\n3334;60	1	0	0	2;5	0.0	0.0	0.0	0.0	0.0	0.0	0.0	0
3388		1200	_F_FLEX_000;60\n_F_ATTACK_003;91	_F_FLEX_000;60\n_F_ATTACK_003;91	0	0;0;0;0		0	0								4987;0\n3338;72	1	0	0	3;5	0.0	0.0	0.0	0.0	0.0	0.0	0.0	0
3389		1200	_F_FLEX_000;60\n_F_ATTACK_003;91	_F_FLEX_000;60\n_F_ATTACK_003;91	0	0;0;0;0		0	0								4987;0\n3340;72	1	0	0	3;5	0.0	0.0	0.0	0.0	0.0	0.0	0.0	0
3390		1200	_F_FLEX_000;60\n_F_ATTACK_003;91	_F_FLEX_000;60\n_F_ATTACK_003;91	0	0;0;0;0		0	0								4987;0\n3341;72	1	0	0	3;5	0.0	0.0	0.0	0.0	0.0	0.0	0.0	0
3391		1000	_F_FLEX_000;60\n_F_ATTACK_003;91	_F_FLEX_000;60\n_F_ATTACK_003;91	0	0;0;0;0		0	0								4983;0\n3343;72	1	0	0	2;4;5;11	0.0	0.0	0.0	0.0	0.0	0.0	0.0	0
3392		5000	_F_ATTACK_001;19\n_F_ATTACK_000;62	_F_ATTACK_001;19\n_F_ATTACK_000;62	0	0;0;0;0		0	0								3899;10\n3901;30\n3900;37	1	0	0	2;5	0.0	0.0	0.0	0.0	0.0	0.0	0.0	0
3400		130	_F_SENTRY_000;15\n_F_ATTACK_000;45	_F_SENTRY_000;15\n_F_ATTACK_000;45	32	0;0;0;0		0	0	HIT(95)		S_H_PHYSICS_PUNCH;0;28						1	130	0	1;5;8	1.0	0.0	1.0	0.0	0.0	0.0	0.0	0
3401		200	_F_SENTRY_000;15\n_F_ATTACK_002;55	_F_SENTRY_000;15\n_F_ATTACK_002;55	32	0;0;0;0		0	0	HIT(95)	STUN(45)	S_H_PHYSICS_PUNCH;0;32	-30;20;5				4982;0	6	200	0	2;5;8	1.5	0.0	1.5	0.0	0.0	0.0	0.0	0
3402		1200	_F_SENTRY_000;15\n_F_ATTACK_001;45	_F_SENTRY_000;15\n_F_ATTACK_001;45	0	0;0;0;0		0	0								4980;0\n3345;30	1	0	0	2;5;8	0.0	0.0	0.0	0.0	0.0	0.0	0.0	0
3403		1200	_F_SENTRY_000;15\n_F_ATTACK_001;45	_F_SENTRY_000;15\n_F_ATTACK_001;45	0	0;0;0;0		0	0								4980;0\n3346;30	1	0	0	2;5;8	0.0	0.0	0.0	0.0	0.0	0.0	0.0	0
3404		1200	_F_SENTRY_000;15\n_F_ATTACK_001;45	_F_SENTRY_000;15\n_F_ATTACK_001;45	0	0;0;0;0		0	0								4980;0\n3347;30	1	0	0	2;5;8	0.0	0.0	0.0	0.0	0.0	0.0	0.0	0
3405		1200	_F_ATTACK_003;30\n_F_ATTACK_003;60\n_F_ATTACK_004;90	_F_ATTACK_003;30\n_F_ATTACK_003;60\n_F_ATTACK_004;90	0	0;0;0;0		0	0								4983;0\n3348;66	1	0	0	2;5	0.0	0.0	0.0	0.0	0.0	0.0	0.0	0
3406		1500	_F_ATTACK_003;30\n_F_ATTACK_003;60\n_F_ATTACK_004;90	_F_ATTACK_003;30\n_F_ATTACK_003;60\n_F_ATTACK_004;90	0	0;0;0;0		0	0								4983;0\n3354;66	1	0	0	2;4;5;11	0.0	0.0	0.0	0.0	0.0	0.0	0.0	0
3407		600	_F_ATTACK_003;30\n_F_ATTACK_003;60\n_F_ATTACK_003;90	_F_ATTACK_003;30\n_F_ATTACK_003;60\n_F_ATTACK_003;90	0	0;0;0;0		0	0					S_O_CRY_GHOST;30			4983;0\n3357;35\n3357;45\n3357;55	1	0	0	3	0.0	0.0	0.0	0.0	0.0	0.0	0.0	0
3408		800	_F_ATTACK_003;30\n_F_ATTACK_003;60\n_F_ATTACK_003;90\n_F_ATTACK_003;120\n_F_ATTACK_003;150	_F_ATTACK_003;30\n_F_ATTACK_003;60\n_F_ATTACK_003;90\n_F_ATTACK_003;120\n_F_ATTACK_003;150	0	0;0;0;0		0	0					S_O_SUICIDE_FIRE;149			3358;149	1	0	0	1;5;13	0.0	0.0	0.0	0.0	0.0	0.0	0.0	0
3409		800	_F_ATTACK_003;30\n_F_ATTACK_003;60\n_F_ATTACK_003;90\n_F_ATTACK_003;120\n_F_ATTACK_003;150	_F_ATTACK_003;30\n_F_ATTACK_003;60\n_F_ATTACK_003;90\n_F_ATTACK_003;120\n_F_ATTACK_003;150	0	0;0;0;0		0	0					S_O_SUICIDE_THUNDER;149			3359;149	1	0	0	1;5;13	0.0	0.0	0.0	0.0	0.0	0.0	0.0	0
3410		800	_F_ATTACK_003;30\n_F_ATTACK_003;60\n_F_ATTACK_003;90\n_F_ATTACK_003;120\n_F_ATTACK_003;150	_F_ATTACK_003;30\n_F_ATTACK_003;60\n_F_ATTACK_003;90\n_F_ATTACK_003;120\n_F_ATTACK_003;150	0	0;0;0;0		0	0					S_O_SUICIDE_POISON;149			3360;149	1	0	0	1;5;13	0.0	0.0	0.0	0.0	0.0	0.0	0.0	0
3411		800	_F_ATTACK_003;30\n_F_ATTACK_003;60\n_F_ATTACK_003;90\n_F_ATTACK_003;120\n_F_ATTACK_003;150	_F_ATTACK_003;30\n_F_ATTACK_003;60\n_F_ATTACK_003;90\n_F_ATTACK_003;120\n_F_ATTACK_003;150	0	0;0;0;0		0	0					S_O_SUICIDE_HOLY;149			3361;149	1	0	0	1;5;13	0.0	0.0	0.0	0.0	0.0	0.0	0.0	0
3412		800	_F_SENTRY_000;20\n_F_ATTACK_002;60	_F_SENTRY_000;20\n_F_ATTACK_002;60	32	0;0;0;60		0	0	HIT(95)	STUN(45)	S_H_PHYSICS_PUNCH;0;37	-30;20;5				4982;0	6	800	0	2;5;8	1.5	0.0	1.5	0.0	0.0	0.0	0.0	0
3413		1200	_F_ATTACK_003;30\n_F_ATTACK_003;60\n_F_ATTACK_001;90	_F_ATTACK_003;30\n_F_ATTACK_003;60\n_F_ATTACK_001;90	0	0;0;0;90		0	0					S_O_FIRERAIN;0			4983;0\n3115;66	1	0	0	2;5;8;9	0.0	0.0	0.0	0.0	0.0	0.0	0.0	0
3414		1500	_F_ATTACK_003;30\n_F_ATTACK_003;60\n_F_ATTACK_001;90	_F_ATTACK_003;30\n_F_ATTACK_003;60\n_F_ATTACK_001;90	0	0;0;0;90		0	0					S_O_FIRERAIN;0			4983;0\n3104;66	1	0	0	2;5;8;9	0.0	0.0	0.0	0.0	0.0	0.0	0.0	0
3415		800	_F_ATTACK_003;30\n_F_ATTACK_003;60\n_F_ATTACK_004;90	_F_ATTACK_003;30\n_F_ATTACK_003;60\n_F_ATTACK_004;90	0	0;0;0;90		0	0					S_O_FIRERAIN;0			4988;0\n3363;66	1	0	0	2;5;8;9	0.0	0.0	0.0	0.0	0.0	0.0	0.0	0
3416		1200	_F_SENTRY_000;15\n_F_ATTACK_001;45	_F_SENTRY_000;15\n_F_ATTACK_001;45	0	0;0;0;0		0	0								4980;0\n3374;30	1	0	0	2;5;8	0.0	0.0	0.0	0.0	0.0	0.0	0.0	0
3420		130	_F_SENTRY_000;20\n_F_ATTACK_000;53	_F_SENTRY_000;20\n_F_ATTACK_000;53	64	0;0;0;0		0	0	HIT(95)		S_H_PHYSICS_BITE;0;27						1	130	0	1;5;8	1.0	0.0	1.0	0.0	0.0	0.0	0.0	0
3421		1200	_F_ATTACK_001;60	_F_ATTACK_001;60	0	0;0;0;0		0	0								4980;0\n3442;24	1	0	3006	2;5;8	0.0	0.0	0.0	0.0	0.0	0.0	0.0	0
3422		160	_F_SENTRY_000;15\n_F_ATTACK_003;75	_F_SENTRY_000;15\n_F_ATTACK_003;75	64	0;0;0;0		0	0	HIT(95)	STUN(50)	S_H_PHYSICS_BITE;0;36	-30;10;5				4981;0	1	160	3008	1;5;8	1.7999999523162842	0.0	1.7999999523162842	0.0	0.0	0.0	0.0	0
3423		160	_F_SENTRY_000;15\n_F_ATTACK_003;75	_F_SENTRY_000;15\n_F_ATTACK_003;75	1088	0;0;0;0		0	0	HIT(95)	STUN(50)	S_H_FLAME;0;36	-30;10;5				4981;0	1	160	3008	1;5;8	0.800000011920929	1.2000000476837158	0.800000011920929	1.2000000476837158	0.0	0.0	0.0	0
3424		130	_F_SENTRY_000;15\n_F_ATTACK_002;55	_F_SENTRY_000;15\n_F_ATTACK_002;55	1088	0;0;0;0		0	0	HIT(95)	CURSE(75)	S_H_FLAME;3019;19\nS_H_FLAME;3019;29\nS_H_FLAME;3019;37					4981;0	1	130	3012	1;5;8	1.2000000476837158	0.800000011920929	1.2000000476837158	0.800000011920929	0.0	0.0	0.0	0
3425		130	_F_SENTRY_000;15\n_F_ATTACK_002;55	_F_SENTRY_000;15\n_F_ATTACK_002;55	66	0;0;0;0		0	0	HIT(95)	CURSE(75)	S_H_POISON_PURPLE;3016;19\nS_H_POISON_PURPLE;3016;29\nS_H_POISON_PURPLE;3016;37					4981;0	1	130	3012	1;5;8	1.0	1.0	1.0	1.0	0.0	0.0	0.0	0
3426		1200	_F_ATTACK_004;40\n_F_ATTACK_001;100	_F_ATTACK_004;40\n_F_ATTACK_001;100	0	0;0;0;0		0	0					S_O_THUNDERBOLT;0			4988;0\n3258;64	1	0	3012	2;5;8	0.0	0.0	0.0	0.0	0.0	0.0	0.0	0
3427		400	_F_SENTRY_000;15\n_F_ATTACK_001;75	_F_SENTRY_000;15\n_F_ATTACK_001;75	0	0;0;0;0		0	0					S_O_SPITFIRE_SNAKE;15			4983;0\n3012;40\n3012;50\n3012;60	1	0	3012	2;5;8	0.0	0.0	0.0	0.0	0.0	0.0	0.0	0
3428		400	_F_SENTRY_000;15\n_F_ATTACK_001;75	_F_SENTRY_000;15\n_F_ATTACK_001;75	0	0;0;0;0		0	0					S_O_SPITGAS_SNAKE;15			4983;0\n3014;40\n3014;50\n3014;60	1	0	3015	2;5;8	0.0	0.0	0.0	0.0	0.0	0.0	0.0	0
3429		0			0			0	0									0	0	3015		0.0	0.0	0.0	0.0	0.0	0.0	0.0	0
3430		0			0			0	0									0	0	3015		0.0	0.0	0.0	0.0	0.0	0.0	0.0	0
3431		0			0			0	0									0	0	3015		0.0	0.0	0.0	0.0	0.0	0.0	0.0	0
3440		130	_F_SENTRY_000;15\n_F_ATTACK_002;45	_F_SENTRY_000;15\n_F_ATTACK_002;45	128	0;0;0;0		0	0	HIT(95)		S_H_PHYSICS_CLAW;0;31						1	130	0	1;5;8	1.0	0.0	1.0	0.0	0.0	0.0	0.0	0
3441		2000	_F_SENTRY_000;15\n_F_ATTACK_000;49	_F_SENTRY_000;15\n_F_ATTACK_000;49	0	0;0;0;0		0	0								3078;32	1	0	0	2;5;8	0.0	0.0	0.0	0.0	0.0	0.0	0.0	0
3442		2000	_F_SENTRY_000;15\n_F_ATTACK_000;49	_F_SENTRY_000;15\n_F_ATTACK_000;49	0	0;0;0;0		0	0								3079;32	1	0	0	2;5;8	0.0	0.0	0.0	0.0	0.0	0.0	0.0	0
3443		2000	_F_SENTRY_000;15\n_F_ATTACK_000;49	_F_SENTRY_000;15\n_F_ATTACK_000;49	0	0;0;0;0		0	0								3080;32	1	0	0	2;5;8	0.0	0.0	0.0	0.0	0.0	0.0	0.0	0
3444		0			0			0	0									0	0	0		0.0	0.0	0.0	0.0	0.0	0.0	0.0	0
3445		0			0			0	0									0	0	0		0.0	0.0	0.0	0.0	0.0	0.0	0.0	0
3446		175	_F_SENTRY_000;15\n_F_ATTACK_001;47	_F_SENTRY_000;15\n_F_ATTACK_001;47	32	0;0;0;0		0	0	HIT(95)	STUN(25)	S_H_PHYSICS_PUNCH;0;28	-20;200;5	S_O_POWER_WAVE;15			4982;0	3	175	0	2;5;8	1.0499999523162842	0.44999998807907104	1.0499999523162842	0.44999998807907104	0.0	0.0	0.0	0
3447		175	_F_SENTRY_000;15\n_F_ATTACK_001;47	_F_SENTRY_000;15\n_F_ATTACK_001;47	32	0;0;0;0		0	0	HIT(95)	STUN(25)	S_H_PHYSICS_PUNCH;304;28	-20;200;5	S_O_POWER_WAVE;15			4982;0	3	175	0	2;5;8	1.0499999523162842	0.44999998807907104	1.0499999523162842	0.44999998807907104	0.0	0.0	0.0	0
3448		600	_F_SENTRY_000;15\n_F_ATTACK_003;58	_F_SENTRY_000;15\n_F_ATTACK_003;58	0	0;0;0;31\n400;0;0;41		0	0								4982;0\n3083;32	1	0	0	2;5;8	0.0	0.0	0.0	0.0	0.0	0.0	0.0	0
3449		600	_F_SENTRY_000;15\n_F_ATTACK_003;58	_F_SENTRY_000;15\n_F_ATTACK_003;58	0	0;0;0;31\n400;0;0;41		0	0								4982;0\n3084;32	1	0	0	2;5;8	0.0	0.0	0.0	0.0	0.0	0.0	0.0	0
3450		2000	_F_SENTRY_000;20\n_F_ATTACK_001;52	_F_SENTRY_000;20\n_F_ATTACK_001;52	0	0;0;0;0		0	0					S_O_WHIRL_WIND;20			4981;0\n3085;33	1	0	0	2;5;8	0.0	0.0	0.0	0.0	0.0	0.0	0.0	0
3451		2000	_F_SENTRY_000;20\n_F_ATTACK_001;52	_F_SENTRY_000;20\n_F_ATTACK_001;52	0	0;0;0;0		0	0					S_O_WHIRL_WIND;20			4981;0\n3086;33	1	0	0	2;5;8	0.0	0.0	0.0	0.0	0.0	0.0	0.0	0
3452		2000	_F_SENTRY_000;20\n_F_ATTACK_001;52	_F_SENTRY_000;20\n_F_ATTACK_001;52	0	0;0;0;0		0	0					S_O_HEAL;20			4984;0\n3087;33	1	0	0	1;4;5	0.0	0.0	0.0	0.0	0.0	0.0	0.0	0
3453		2500	_F_SENTRY_000;15\n_F_ATTACK_000;49	_F_SENTRY_000;15\n_F_ATTACK_000;49	0	0;0;0;0		0	0								3243;32	1	0	0	2;5;8	0.0	0.0	0.0	0.0	0.0	0.0	0.0	0
3454		1500	_F_SENTRY_000;15\n_F_ATTACK_000;49	_F_SENTRY_000;15\n_F_ATTACK_000;49	0	0;0;0;0		0	0								4985;0\n3244;32	1	0	0	2;5;8	0.0	0.0	0.0	0.0	0.0	0.0	0.0	0
3460		170	_F_SENTRY_000;15\n_F_ATTACK_000;48	_F_SENTRY_000;15\n_F_ATTACK_000;48	32	0;0;0;0		0	0	HIT(95)		S_H_PHYSICS_PUNCH;0;29		S_O_M023_ATTACK_000;0				1	170	0	1;5;8	1.0	0.0	1.0	0.0	0.0	0.0	0.0	0
3461		170	_F_SENTRY_000;15\n_F_ATTACK_000;48	_F_SENTRY_000;15\n_F_ATTACK_000;48	128	0;0;0;0		0	0	HIT(95)		S_H_PHYSICS_SWORD;0;29		S_O_M023_ATTACK_000;0				1	170	0	1;5;8	1.0	0.0	1.0	0.0	0.0	0.0	0.0	0
3462		1000	_F_SENTRY_000;15\n_F_ATTACK_002;50	_F_SENTRY_000;15\n_F_ATTACK_002;50	0	0;0;0;0		0	0								4980;0\n3088;31	1	0	0	2;5;8	0.0	0.0	0.0	0.0	0.0	0.0	0.0	0
3463		1000	_F_SENTRY_000;15\n_F_ATTACK_002;50	_F_SENTRY_000;15\n_F_ATTACK_002;50	0	0;0;0;0		0	0								4980;0\n3089;31	1	0	0	2;5;8	0.0	0.0	0.0	0.0	0.0	0.0	0.0	0
3464		170	_F_SENTRY_000;15\n_F_ATTACK_001;60	_F_SENTRY_000;15\n_F_ATTACK_001;60	32	0;0;0;0		0	0	HIT(95)	STUN(25)	S_H_PHYSICS_HAMMER;0;32	-120;30;5	S_O_POWER_SLASH;0			4982;0	3	170	0	2;5;8	1.5	0.0	1.5	0.0	0.0	0.0	0.0	0
3465		2000	_F_SENTRY_000;15\n_F_ATTACK_002;50	_F_SENTRY_000;15\n_F_ATTACK_002;50	0	0;0;0;0		0	0								4980;0\n3016;31	1	0	0	2;5;8	0.0	0.0	0.0	0.0	0.0	0.0	0.0	0
3466		170	_F_SENTRY_000;15\n_F_ATTACK_001;60	_F_SENTRY_000;15\n_F_ATTACK_001;60	128	0;0;0;0		0	0	HIT(95)	STUN(25)	S_H_PHYSICS_SWORD;0;32	-120;30;5	S_O_POWER_SLASH;0			4982;0	3	170	0	2;5;8	1.5	0.0	1.5	0.0	0.0	0.0	0.0	0
3467		370	_F_ATTACK_000;33\n_F_ATTACK_001;78	_F_ATTACK_000;33\n_F_ATTACK_001;78	128	0;0;0;0		0	0	HIT(95)		S_H_PHYSICS_SWORD;0;14\nS_H_PHYSICS_SWORD;0;47		S_O_POWER_SLASH;33				1	370	0	1;5;8	1.0	0.6000000238418579	1.0	0.6000000238418579	0.0	0.0	0.0	0
3468		400	_F_SENTRY_000;15\n_F_ATTACK_003;63	_F_SENTRY_000;15\n_F_ATTACK_003;63	0	0;0;0;15\nARCEDGE;-0.5;0;0;19		0	0					S_O_M023_JUMPATK;15			4983;0\n3092;36	1	0	0	2;5;8	0.0	0.0	0.0	0.0	0.0	0.0	0.0	0
3469		600	_F_SENTRY_000;15\n_F_ATTACK_003;63	_F_SENTRY_000;15\n_F_ATTACK_003;63	0	0;0;0;15\nARCEDGE;-1.5;0;0;19		0	0					S_O_M023_JUMPATK_FIRE;15			4983;0\n3767;33\n3765;35	1	0	0	2;5;8	0.0	0.0	0.0	0.0	0.0	0.0	0.0	0
3470		1700	_F_SENTRY_000;15\n_F_ATTACK_002;50	_F_SENTRY_000;15\n_F_ATTACK_002;50	0	0;0;0;0		0	0								4980;0\n3091;31	1	0	0	2;5;8	0.0	0.0	0.0	0.0	0.0	0.0	0.0	0
3471		300	_F_SENTRY_000;15\n_F_ATTACK_001;60	_F_SENTRY_000;15\n_F_ATTACK_001;60	128	0;0;0;0		0	0	HIT(95)	STUN(20)	S_H_PHYSICS_SWORD;0;32	-120;30;5	S_O_POWER_SLASH2;15			4982;0\n3761;33\n3762;35\n3763;37	6	370	0	2;5;8	1.0	0.0	1.0	0.0	0.0	0.0	0.0	0
3472		400	_F_SENTRY_000;15\n_F_ATTACK_000;48	_F_SENTRY_000;15\n_F_ATTACK_000;48	128	0;0;0;0		0	0	HIT(95)		S_H_PHYSICS_SWORD;0;29						3	400	0	2;5;8	0.800000011920929	0.20000000298023224	0.800000011920929	0.20000000298023224	0.0	0.0	0.0	0
3480		125	_F_SENTRY_000;15\n_F_ATTACK_003;46	_F_SENTRY_000;15\n_F_ATTACK_003;46	32	0;0;0;0		0	0	HIT(95)		S_H_PHYSICS_HAMMER;0;22\nS_H_PHYSICS_HAMMER;0;32						1	125	0	1;5;8	1.0	0.0	1.0	0.0	0.0	0.0	0.0	0
3481		1200	_F_SENTRY_000;15\n_F_ATTACK_000;46	_F_SENTRY_000;15\n_F_ATTACK_000;46	0	0;0;0;0		0	0					S_O_RIFLE_PENGUIN;15			3443;24	1	0	0	2;5;8	0.0	0.0	0.0	0.0	0.0	0.0	0.0	0
3482		100	_F_ATTACK_002;69	_F_ATTACK_002;69	64	0;0;0;0		0	0	HIT(95)	STUN(40)	S_H_PHYSICS_SWORD;304;25					4982;0	1	150	0	1;5;8	1.7000000476837158	0.0	1.7000000476837158	0.0	0.0	0.0	0.0	0
3483		800	_F_SENTRY_000;15\n_F_ATTACK_001;63\n_F_ATTACK_001;85	_F_SENTRY_000;15\n_F_ATTACK_001;63\n_F_ATTACK_001;85	0	0;0;0;15\n1200;0;0;85		0	0					S_O_PENGUIN_DASH;15			4987;0\n3444;15	1	0	0	2;5;8	0.0	0.0	0.0	0.0	0.0	0.0	0.0	0
3484		1000	_F_SENTRY_000;15\n_F_ATTACK_004;46	_F_SENTRY_000;15\n_F_ATTACK_004;46	0	0;0;0;0		0	0								4983;0\n3445;29	1	0	0	2;5;8	0.0	0.0	0.0	0.0	0.0	0.0	0.0	0
3485		300	_F_SENTRY_000;15\n_F_ATTACK_000;46	_F_SENTRY_000;15\n_F_ATTACK_000;46	0	0;0;0;0		0	0					S_O_RIFLE_PENGUIN;15			4982;0\n3716;24	1	0	0	2;5;8	0.0	0.0	0.0	0.0	0.0	0.0	0.0	0
3500		100	_F_SENTRY_000;15\n_F_ATTACK_000;75	_F_SENTRY_000;15\n_F_ATTACK_000;75	32	0;0;0;0		0	0	HIT(95)		S_H_PHYSICS_PUNCH;0;24						1	100	0	1;5;8	1.0	0.0	1.0	0.0	0.0	0.0	0.0	0
3501		800	_F_SENTRY_000;15\n_F_FALLING_000;47\n_F_FALLING_000;55	_F_SENTRY_000;15\n_F_FALLING_000;47\n_F_FALLING_000;55	0	0;0;0;15\nARC;40		0	0								4980;0\n3373;25	1	0	3008	2;5;8	0.0	0.0	0.0	0.0	0.0	0.0	0.0	0
3502		1200	_F_SENTRY_000;15\n_F_ATTACK_003;75	_F_SENTRY_000;15\n_F_ATTACK_003;75	0	0;0;0;0		0	0					S_O_THUNDERBOLT;15			4980;0\n3374;25	1	0	0	2;5;8	0.0	0.0	0.0	0.0	0.0	0.0	0.0	0
3503		1200	_F_SENTRY_000;15\n_F_ATTACK_003;75	_F_SENTRY_000;15\n_F_ATTACK_003;75	0	0;0;0;0		0	0					S_O_ICERAIN;15			4980;0\n3734;25\n3018;26	1	0	0	2;5;8	0.0	0.0	0.0	0.0	0.0	0.0	0.0	0
3504		1200	_F_SENTRY_000;15\n_F_ATTACK_003;75	_F_SENTRY_000;15\n_F_ATTACK_003;75	0	0;0;0;0		0	0					S_O_THUNDERBOLT;15			4983;0\n3279;25	1	0	0	2;5	0.0	0.0	0.0	0.0	0.0	0.0	0.0	0
3505		1200	_F_SENTRY_000;15\n_F_ATTACK_003;75	_F_SENTRY_000;15\n_F_ATTACK_003;75	0	0;0;0;0		0	0					S_O_THUNDERBOLT;15			4983;0\n3378;25	1	0	0	2;5	0.0	0.0	0.0	0.0	0.0	0.0	0.0	0
3506		1200	_F_SENTRY_000;15\n_F_ATTACK_003;75	_F_SENTRY_000;15\n_F_ATTACK_003;75	0	0;0;0;0		0	0					S_O_ICERAIN;15			4983;0\n3736;25\n3022;25	1	0	0	2;5;8	0.0	0.0	0.0	0.0	0.0	0.0	0.0	0
3507		500	_F_SENTRY_000;15\n_F_ATTACK_002;75	_F_SENTRY_000;15\n_F_ATTACK_002;75	0	0;0;0;0		0	0								4986;0\n3382;30	1	0	3010	2;5	0.0	0.0	0.0	0.0	0.0	0.0	0.0	0
3508		200	_F_SENTRY_000;15\n_F_ATTACK_001;75	_F_SENTRY_000;15\n_F_ATTACK_001;75	32	0;0;0;0		0	0	HIT(95)	STUN(25)	S_H_PHYSICS_PUNCH;0;28	-50;10;5				4981;0	3	200	3004	2;5;8	1.7000000476837158	0.0	1.7000000476837158	0.0	0.0	0.0	0.0	0
3509		2500	_F_SENTRY_000;15\n_F_ATTACK_002;75	_F_SENTRY_000;15\n_F_ATTACK_002;75	0	0;0;0;0		0	0								4986;0\n3005;27	1	0	3006	2;5	0.0	0.0	0.0	0.0	0.0	0.0	0.0	0
3510		1200	_F_SENTRY_000;30\n_F_FALLING_000;62	_F_SENTRY_000;30\n_F_FALLING_000;62	0	0;0;0;30\nARC;32		0	0								4980;0\n3710;60	1	0	3030	2;5;8	0.0	0.0	0.0	0.0	0.0	0.0	0.0	0
3511		400	_F_SENTRY_000;20\n_F_ATTACK_000;80	_F_SENTRY_000;20\n_F_ATTACK_000;80	32	0;0;0;0		0	0	HIT(95)		S_H_PHYSICS_PUNCH;0;29						1	500	0	1;5;8	1.0	0.0	1.0	0.0	0.0	0.0	0.0	0
3520		130	_F_SENTRY_000;15\n_F_ATTACK_000;46	_F_SENTRY_000;15\n_F_ATTACK_000;46	32	0;0;0;0		0	0	HIT(95)	STUN(35)	S_H_PHYSICS_PUNCH;0;25	-1;0;1				4980;0	1	130	0	1;5;8	1.2999999523162842	0.0	1.2999999523162842	0.0	0.0	0.0	0.0	0
3521		150	_F_SENTRY_000;15\n_F_ATTACK_001;54	_F_SENTRY_000;15\n_F_ATTACK_001;54	64	0;0;0;0		0	0	HIT(95)		S_H_PHYSICS_CLAW;0;26						1	150	0	1;5;8	1.0	0.0	1.0	0.0	0.0	0.0	0.0	0
3522		230	_F_SENTRY_000;15\n_F_ATTACK_002;105	_F_SENTRY_000;15\n_F_ATTACK_002;105	128	0;0;0;0		0	0	HIT(95)		S_H_PHYSICS_SWORD;0;37\nS_H_PHYSICS_SWORD;0;43\nS_H_PHYSICS_SWORD;0;54		S_O_CRAZY_WHIP;15			4983;0	6	230	0	2;5;8	2.0	0.0	2.0	0.0	0.0	0.0	0.0	0
3523		400	_F_SENTRY_000;15\n_F_ATTACK_003;85	_F_SENTRY_000;15\n_F_ATTACK_003;85	0	0;0;0;25\n1000;0;30;37		0	0					S_O_SKELETON_DASH;15			4988;0\n3241;26	1	0	0	2;5	0.0	0.0	0.0	0.0	0.0	0.0	0.0	0
3524		400	_F_SENTRY_000;15\n_F_ATTACK_003;85	_F_SENTRY_000;15\n_F_ATTACK_003;85	0	0;0;0;25\n1000;0;30;37		0	0					S_O_SKELETON_DASH;15			4988;0\n3245;26	1	0	0	2;5	0.0	0.0	0.0	0.0	0.0	0.0	0.0	0
3526		200	_F_ATTACK_004;120	_F_ATTACK_004;120	4	0;0;0;0		0	0	HIT(95)	GO(0)	S_H_HEALED;0;110					4984;0\n3733;110	1	200	0	2;11;13	1.5	0.0	1.5	0.0	0.0	0.0	0.0	0
3527		155	_F_SENTRY_000;15\n_F_ATTACK_002;105	_F_SENTRY_000;15\n_F_ATTACK_002;105	128	0;0;0;0		0	0	HIT(95)	STUN(66)	S_H_PHYSICS_SWORD;0;37\nS_H_PHYSICS_SWORD;0;43\nS_H_PHYSICS_SWORD;0;54\nS_H_PHYSICS_SWORD;304;66	-5;125;1	S_O_CRAZY_WHIP;15			4983;0	1	215	0	1;5;8	2.0	0.0	2.0	0.0	0.0	0.0	0.0	0
3528		155	_F_SENTRY_000;15\n_F_ATTACK_002;105	_F_SENTRY_000;15\n_F_ATTACK_002;105	128	0;0;0;0		0	0	HIT(95)	STUN(33)	S_H_PHYSICS_SWORD;0;37\nS_H_PHYSICS_SWORD;0;43\nS_H_PHYSICS_SWORD;0;54\nS_H_PHYSICS_SWORD;309;66	-5;125;1	S_O_CRAZY_WHIP;15			4984;0	1	215	0	1;5;8	2.0	0.0	2.0	0.0	0.0	0.0	0.0	0
3529		400	_F_SENTRY_000;15\n_F_ATTACK_003;85	_F_SENTRY_000;15\n_F_ATTACK_003;85	0	0;0;0;25\n600;0;30;37		0	0					S_O_SKELETON_DASH;15			4988;0\n3245;26	1	0	0	2;5	0.0	0.0	0.0	0.0	0.0	0.0	0.0	0
3530		500	_F_DIE_001;9\n_F_DIE_002;32	_F_DIE_001;9\n_F_DIE_002;32	0	0;0;0;32		0	0	GO(0)	GO(0)	none;1000;0		PS_O_TEAM_BLAST_1;0				1	100	0	13;29	0.0	0.0	0.0	0.0	0.0	0.0	0.0	0
3531		500	_F_SENTRY_000;1	_F_SENTRY_000;1	0	0;0;0;0		0	0	GO(0)	GO(0)	none;1000;0					4982	1	100	0	13;29	0.0	0.0	0.0	0.0	0.0	0.0	0.0	0
3540		1000	_F_SENTRY_000;15\n_F_ATTACK_000;62	_F_SENTRY_000;15\n_F_ATTACK_000;62	0	0;0;0;0		0	0								3453;23	1	0	0	2;5;8	0.0	0.0	0.0	0.0	0.0	0.0	0.0	0
3541		1000	_F_SENTRY_000;15\n_F_ATTACK_000;62	_F_SENTRY_000;15\n_F_ATTACK_000;62	0	0;0;0;0		0	0								3454;23	1	0	0	2;5;8	0.0	0.0	0.0	0.0	0.0	0.0	0.0	0
3542		1000	_F_SENTRY_000;15\n_F_ATTACK_000;62	_F_SENTRY_000;15\n_F_ATTACK_000;62	0	0;0;0;0		0	0								3455;23	1	0	0	2;5;8	0.0	0.0	0.0	0.0	0.0	0.0	0.0	0
3543		1000	_F_SENTRY_000;15\n_F_ATTACK_000;62	_F_SENTRY_000;15\n_F_ATTACK_000;62	0	0;0;0;0		0	0								3456;23	1	0	0	2;5;8	0.0	0.0	0.0	0.0	0.0	0.0	0.0	0
3544		1200	_F_ATTACK_002;60\n_F_FORWARD_000;82\n_F_FORWARD_000;104\n_F_ATTACK_003;151	_F_ATTACK_002;60\n_F_FORWARD_000;82\n_F_FORWARD_000;104\n_F_ATTACK_003;151	0	0;0;0;60\n1050;0;0;106		0	0					S_O_PIG_DASH;60			4982;0\n3461;60	1	0	0	2;5	0.0	0.0	0.0	0.0	0.0	0.0	0.0	0
3545		500	_F_ATTACK_004;79	_F_ATTACK_004;79	0	0;0;0;0		0	0								4984;0\n3462;63	1	0	0	2;4;11;13	0.0	0.0	0.0	0.0	0.0	0.0	0.0	0
3546		500	_F_ATTACK_004;79	_F_ATTACK_004;79	0	0;0;0;0		0	0								4984;0\n3463;63	1	0	0	2;4;11;13	0.0	0.0	0.0	0.0	0.0	0.0	0.0	0
3547		500	_F_ATTACK_004;79	_F_ATTACK_004;79	0	0;0;0;0		0	0								4983;0\n3464;63	1	0	0	2;4;11;13	0.0	0.0	0.0	0.0	0.0	0.0	0.0	0
3560		120	_F_SENTRY_000;15\n_F_ATTACK_004;67	_F_SENTRY_000;15\n_F_ATTACK_004;67	128	0;0;0;0		0	0	HIT(95)		S_H_PHYSICS_SWORD;0;28						1	120	0	1;5;8	1.0	0.0	1.0	0.0	0.0	0.0	0.0	0
3561		120	_F_SENTRY_000;15\n_F_ATTACK_001;75	_F_SENTRY_000;15\n_F_ATTACK_001;75	128	0;0;0;0		0	0	HIT(95)		S_H_PHYSICS_SWORD;0;30					4980;0	3	120	0	2;5;8	1.2000000476837158	0.0	1.2000000476837158	0.0	0.0	0.0	0.0	0
3562		1200	_F_SENTRY_000;15\n_F_ATTACK_003;71	_F_SENTRY_000;15\n_F_ATTACK_003;71	0	0;0;0;0		0	0								4981;0\n3383;40	1	0	0	2;5;8	0.0	0.0	0.0	0.0	0.0	0.0	0.0	0
3563		700	_F_SENTRY_000;15\n_F_ATTACK_002;75	_F_SENTRY_000;15\n_F_ATTACK_002;75	0	0;0;0;31\n400;0;0;41		0	0								4987;0\n3241;31	1	0	0	2;5;8	0.0	0.0	0.0	0.0	0.0	0.0	0.0	0
3564		1200	_F_SENTRY_000;31\n_F_ATTACK_000;91	_F_SENTRY_000;31\n_F_ATTACK_000;91	0	0;0;0;0		0	0					S_O_THUNDERBOLT;50			4982;0\n3378;50	1	0	0	2;5;8	0.0	0.0	0.0	0.0	0.0	0.0	0.0	0
3565		300	_F_SENTRY_000;31\n_F_ATTACK_000;91	_F_SENTRY_000;31\n_F_ATTACK_000;91	0	0;0;0;0		0	0					S_O_WATERBOLT;50			4982;0\n3384;50	1	0	0	2;5;8	0.0	0.0	0.0	0.0	0.0	0.0	0.0	0
3566		300	_F_SENTRY_000;31\n_F_ATTACK_000;91	_F_SENTRY_000;31\n_F_ATTACK_000;91	0	0;0;0;0		0	0					S_O_FIREBOLT;50			4982;0\n3385;50	1	0	0	2;5;8	0.0	0.0	0.0	0.0	0.0	0.0	0.0	0
3580		200	_F_SENTRY_000;15\n_F_ATTACK_000;60	_F_SENTRY_000;15\n_F_ATTACK_000;60	32	0;0;0;0		0	0	HIT(95)		S_H_PHYSICS_PUNCH;0;34						1	200	0	1;5;8	1.0	0.0	1.0	0.0	0.0	0.0	0.0	0
3581		2000	_F_SENTRY_000;15\n_F_ATTACK_003;65	_F_SENTRY_000;15\n_F_ATTACK_003;65	0	0;0;0;0		0	0					S_O_ENEGY_CANON;15			4980;0\n3465;46	1	0	0	2;5	0.0	0.0	0.0	0.0	0.0	0.0	0.0	0
3582		300	_F_SENTRY_000;15\n_F_ATTACK_001;54	_F_SENTRY_000;15\n_F_ATTACK_001;54	0	0;0;0;0		0	0					S_A_TWOHAND_BEAT;15			4982;0\n3466;35	1	0	0	2;5	0.0	0.0	0.0	0.0	0.0	0.0	0.0	0
3583		300	_F_SENTRY_000;15\n_F_ATTACK_001;54	_F_SENTRY_000;15\n_F_ATTACK_001;54	0	0;0;0;0		0	0					S_O_PLASMA_BEAT;15			4982;0\n3468;35	1	0	0	2;5	0.0	0.0	0.0	0.0	0.0	0.0	0.0	0
3584		8000	_F_ATTACK_005A;76\n_F_DIE_000;106\n_F_DIE_001;166\n_F_DIE_002;189	_F_ATTACK_005A;76\n_F_DIE_000;106\n_F_DIE_001;166\n_F_DIE_002;189	0	0;0;0;63\n-100;0;0;76		0	0					S_O_M029_GETTA_BEAN;0			4982;0\n4933;12\n3696;13\n3696;21\n3696;29\n4933;30\n3696;37\n3696;45\n3696;53\n3696;57\n3758;63\n4910;64	1	0	0	2;5	0.0	0.0	0.0	0.0	0.0	0.0	0.0	0
3585		8000	_F_ATTACK_005;95	_F_ATTACK_005;95	0	0;0;0;63\n-100;0;0;76		0	0					S_O_M029_FAILED_GETTA_BEAN;0			4982;0	1	0	0	2;5	0.0	0.0	0.0	0.0	0.0	0.0	0.0	0
3586		8000	_F_ATTACK_005;95	_F_ATTACK_005;95	0	0;0;0;63\n-100;0;0;76		0	0					S_O_M029_GETTA_BEAN;0			4982;0\n4933;12\n3696;13\n3696;17\n3696;21\n3696;25\n3696;29\n4933;30\n3696;33\n3696;37\n3696;41\n3696;45\n3696;49\n3696;53\n3696;57\n3696;61\n3758;63\n4910;64\n3759;65	1	0	0	2;5	0.0	0.0	0.0	0.0	0.0	0.0	0.0	0
3587		300	_F_SENTRY_000;20\n_F_ATTACK_004;60	_F_SENTRY_000;20\n_F_ATTACK_004;60	32	0;0;0;0	-10;30\n-20;31\n-30;32\n-40;33\n-50;34\n-60;35\n-70;36\n-70;46\n-50;47\n-30;48\n-10;49\n0;50	0	0	STUN(75)	GO(0)	S_H_M029_RISEUP;302;39	-100;1500;5	S_O_M029_RISEUP;20			4985;0	10	350	0	2;5;8	1.0	0.0	1.0	0.0	0.0	0.0	0.0	0
3588		450	_F_SENTRY_000;15\n_F_ATTACK_000;60	_F_SENTRY_000;15\n_F_ATTACK_000;60	32	0;0;0;0		0	0	HIT(95)		S_H_ULTIMO_ATK000;0;36		S_O_ULTIMO_ATK000;15				6	450	0	3;5;8	1.0	0.0	1.0	0.0	0.0	0.0	0.0	0
3589		450	_F_SENTRY_000;15\n_F_ATTACK_001;54	_F_SENTRY_000;15\n_F_ATTACK_001;54	0	0;0;0;0		0	0					S_O_ENERGY_FIELD;15			4980;0\n4906;34\n3697;35	1	0	3006	2;5	0.0	0.0	0.0	0.0	0.0	0.0	0.0	0
3590		2000	_F_ATTACK_002;50	_F_ATTACK_002;50	0	0;0;0;0		0	0					S_O_FUNNEL;0			4981;0\n3700;28	1	0	3015	2;5	0.0	0.0	0.0	0.0	0.0	0.0	0.0	0
3591		2000	_F_ATTACK_002;50	_F_ATTACK_002;50	0	0;0;0;0		0	0					S_O_CHARGE;0			3731;25	1	0	0	1;5;11;13	0.0	0.0	0.0	0.0	0.0	0.0	0.0	0
3592		450	_F_SENTRY_000;15\n_F_ATTACK_001;54	_F_SENTRY_000;15\n_F_ATTACK_001;54	0	0;0;0;0		0	0					S_O_ENERGY_FIELD;15			4980;0\n4906;34\n3833;35	1	0	0	2;5	0.0	0.0	0.0	0.0	0.0	0.0	0.0	0
3593		2000	_F_ATTACK_002;50	_F_ATTACK_002;50	0	0;0;0;0		0	0					S_O_CHARGE;0			3732;25	1	0	0	1;5;11;13	0.0	0.0	0.0	0.0	0.0	0.0	0.0	0
3594		8000	_F_ATTACK_005;95	_F_ATTACK_005;95	0	0;0;0;63\n-100;0;0;76		0	0					S_O_M029_FAILED_GETTA_BEAN;0			4982;0\n3823;56\n3825;58\n3827;60\n3829;62\n3831;64	1	0	3030	2;5	0.0	0.0	0.0	0.0	0.0	0.0	0.0	0
3595		2000	_F_ATTACK_002;50	_F_ATTACK_002;50	0	0;0;0;0		0	0					S_O_CHARGE;0			4981;0\n3720;28	1	0	0	2;5	0.0	0.0	0.0	0.0	0.0	0.0	0.0	0
3599		450	_F_SENTRY_000;15\n_F_ATTACK_001;54	_F_SENTRY_000;15\n_F_ATTACK_001;54	0	0;0;0;0		0	0					S_O_ENERGY_FIELD;15			4989;0\n4906;34\n100835	1	0	0	2;5	0.0	0.0	0.0	0.0	0.0	0.0	0.0	0
3600		400	_F_SENTRY_000;15\n_F_ATTACK_005;58	_F_SENTRY_000;15\n_F_ATTACK_005;58	32	0;0;0;0		0	0	HIT(95)		S_H_M009_ATK_2;0;46		S_O_SEAHORSE_ATK;15				1	440	0	1;5;8	0.6000000238418579	0.4000000059604645	0.6000000238418579	0.4000000059604645	0.0	0.0	0.0	0
3601		0			0	0;0;0;0		0	0									0	0	0		0.0	0.0	0.0	0.0	0.0	0.0	0.0	0
3602		0			0	0;0;0;0		0	0									0	0	0		0.0	0.0	0.0	0.0	0.0	0.0	0.0	0
3603		800	_F_SENTRY_000;20\n_F_ATTACK_000;59	_F_SENTRY_000;20\n_F_ATTACK_000;59	0	0;0;0;0		0	0					S_O_WATER_WHIP;20			3122;52	1	0	0	2;5	0.0	0.0	0.0	0.0	0.0	0.0	0.0	0
3604		5000	_F_SENTRY_000;20\n_F_ATTACK_000;59	_F_SENTRY_000;20\n_F_ATTACK_000;59	0	0;0;0;0		0	0								3124;47\n3125;48\n3126;49	1	0	0	2;5	0.0	0.0	0.0	0.0	0.0	0.0	0.0	0
3605		5000	_F_SENTRY_000;20\n_F_ATTACK_000;59	_F_SENTRY_000;20\n_F_ATTACK_000;59	0	0;0;0;0		0	0								3176;47\n3177;48\n3125;49\n3126;50	1	0	0	2;5	0.0	0.0	0.0	0.0	0.0	0.0	0.0	0
3606		5000	_F_SENTRY_000;20\n_F_ATTACK_000;59	_F_SENTRY_000;20\n_F_ATTACK_000;59	0	0;0;0;0		0	0								3124;47\n3176;48\n3177;49\n3125;50\n3126;51	1	0	0	2;5	0.0	0.0	0.0	0.0	0.0	0.0	0.0	0
3607		5000	_F_HAPPY_000;95\n_F_ATTACK_004;143\n_F_ATTACK_003;193	_F_HAPPY_000;95\n_F_ATTACK_004;143\n_F_ATTACK_003;193	0	0;0;0;0		0	0								4986;0\n3127;173	1	0	0	2;5	0.0	0.0	0.0	0.0	0.0	0.0	0.0	0
3608		5000	_F_FLEX_000;95\n_F_ATTACK_004;143\n_F_ATTACK_002;192	_F_FLEX_000;95\n_F_ATTACK_004;143\n_F_ATTACK_002;192	0	0;0;0;0		0	0					S_O_MEDIA_BLAST;143			4982;0\n4910;170\n3140;178\n3141;179	1	0	0	2;5	0.0	0.0	0.0	0.0	0.0	0.0	0.0	0
3609		5000	_F_ATTACK_001;45	_F_ATTACK_001;45	0	0;0;0;0		0	0					S_L_CIRCLE_WATER_S;32			4987;0\n3158;32	1	0	0	2;5	0.0	0.0	0.0	0.0	0.0	0.0	0.0	0
3610		5000	_F_ATTACK_001;45	_F_ATTACK_001;45	0	0;0;0;0		0	0					S_L_CIRCLE_WATER_M;32			4987;0\n3178;32	1	0	0	2;5	0.0	0.0	0.0	0.0	0.0	0.0	0.0	0
3611		5000	_F_ATTACK_001;45	_F_ATTACK_001;45	0	0;0;0;0		0	0					S_L_CIRCLE_WATER_L;32			4987;0\n3196;32	1	0	0	2;5	0.0	0.0	0.0	0.0	0.0	0.0	0.0	0
3612		5000	_F_ATTACK_004;48\n_F_ATTACK_003;98	_F_ATTACK_004;48\n_F_ATTACK_003;98	0	0;0;0;0		0	0								4986;0\n3127;78	1	0	0	2;5	0.0	0.0	0.0	0.0	0.0	0.0	0.0	0
3613		5000	_F_ATTACK_004;48\n_F_ATTACK_002;97	_F_ATTACK_004;48\n_F_ATTACK_002;97	0	0;0;0;0		0	0					S_O_MEDIA_BLAST;48			4982;0\n4910;75\n3140;83\n3141;84	1	0	0	2;5	0.0	0.0	0.0	0.0	0.0	0.0	0.0	0
3619		400	_F_SENTRY_000;15\n_F_ATTACK_005;58	_F_SENTRY_000;15\n_F_ATTACK_005;58	32	0;0;0;0		0	0	HIT(95)				S_O_SEAHORSE_ATK;0			4989;0\n1007;46	1	1	0	1;5;8	0.6000000238418579	0.4000000059604645	0.0	0.0	0.0	0.0	0.0	0
3620		4500	_F_SENTRY_001;15\n_F_ATTACK_000;115	_F_SENTRY_001;15\n_F_ATTACK_000;115	0	0;0;0;0		0	0					S_O_M031_ATK_0;15			3471;39	1	0	0	3;5	0.0	0.0	0.0	0.0	0.0	0.0	0.0	0
3621		4500	_F_SENTRY_001;15\n_F_ATTACK_001;105	_F_SENTRY_001;15\n_F_ATTACK_001;105	0	0;0;0;0		0	0					S_O_M031_ATK_1;15			3284;23	1	0	0	3;5	0.0	0.0	0.0	0.0	0.0	0.0	0.0	0
3622		8000	_F_SENTRY_001;60\n_F_SENTRY_001;120\n_F_ATTACK_006;218	_F_SENTRY_001;60\n_F_SENTRY_001;120\n_F_ATTACK_006;218	0	0;0;0;0		0	0					S_C_M031_ATK_6;0\nS_C_M031_ATK_6;60\nS_O_M031_ATK_6;120			4981;0\n3286;158	1	0	0	3;5	0.0	0.0	0.0	0.0	0.0	0.0	0.0	0
3623		8000	_F_SENTRY_001;60\n_F_SENTRY_001;120\n_F_ATTACK_006;218	_F_SENTRY_001;60\n_F_SENTRY_001;120\n_F_ATTACK_006;218	0	0;0;0;0		0	0					S_C_M031_ATK_6;0\nS_C_M031_ATK_6;60\nS_O_M031_ATK_6;120			4981;0\n3287;158	1	0	0	3;5	0.0	0.0	0.0	0.0	0.0	0.0	0.0	0
3624		8000	_F_SENTRY_001;60\n_F_SENTRY_001;120\n_F_ATTACK_006;218	_F_SENTRY_001;60\n_F_SENTRY_001;120\n_F_ATTACK_006;218	0	0;0;0;0		0	0					S_C_M031_ATK_6;0\nS_C_M031_ATK_6;60\nS_O_M031_ATK_6;120			4981;0\n3288;158	1	0	0	3;5	0.0	0.0	0.0	0.0	0.0	0.0	0.0	0
3625		8000	_F_SENTRY_001;54\n_F_ATTACK_005;90\n_F_ATTACK_004;190	_F_SENTRY_001;54\n_F_ATTACK_005;90\n_F_ATTACK_004;190	0	0;0;0;0	-30;120\n-26;122\n-22;124\n-18;126\n-14;128\n-10;130\n-6;132\n-2;134\n2;136\n6;138\n10;140\n14;142\n18;144\n22;146\n26;148\n30;150\n25;153\n20;156\n15;159\n10;162\n5;165\n0;168	0	0					S_C_M031_ATK_4;54\nS_O_M031_ATK_4;90			4982;0\n3473;120\n3473;122\n3473;124\n3473;126\n3473;128\n3473;130\n3473;132\n3473;134\n3473;136\n3473;138\n3473;140\n3473;142\n3473;144\n3473;146\n3473;148\n3473;150	1	0	0	3;5	0.0	0.0	0.0	0.0	0.0	0.0	0.0	0
3626		5000	_F_ATTACK_002;126	_F_ATTACK_002;126	16	0;0;0;0		0	0					S_O_M031_ATK_2;0			4983;0\n3475;56	1	0	0	3;5	0.0	0.0	0.0	0.0	0.0	0.0	0.0	0
3627		5000	_F_ATTACK_002;126	_F_ATTACK_002;126	16	0;0;0;0		0	0					S_O_M031_ATK_2;0			4983;0\n3476;56	1	0	0	3;5	0.0	0.0	0.0	0.0	0.0	0.0	0.0	0
3628		5000	_F_ATTACK_002;126	_F_ATTACK_002;126	16	0;0;0;0		0	0					S_O_M031_ATK_2;0			4983;0\n3477;56	1	0	0	3;5	0.0	0.0	0.0	0.0	0.0	0.0	0.0	0
3629		5000	_F_ATTACK_003;100	_F_ATTACK_003;100	0	0;0;0;0		0	0					S_O_M031_ATK_3;0			4984;0\n3491;51	1	0	0	3;5	0.0	0.0	0.0	0.0	0.0	0.0	0.0	0
3630		5000	_F_ATTACK_003;100	_F_ATTACK_003;100	0	0;0;0;0		0	0					S_O_M031_ATK_3;0			4984;0\n3491;51	1	0	0	3;5	0.0	0.0	0.0	0.0	0.0	0.0	0.0	0
3631		5000	_F_FALLING_001;25\n_F_FALLING_001;50\n_F_FALLING_001;75\n_F_FALLING_001;100\n_F_FALLING_001;125\n_F_FALLING_001;150\n_F_FALLING_001;175\n_F_FALLING_001;200\n_F_FALLING_001;225\n_F_FALLING_001;250\n_F_FALLING_001;275\n_F_FALLING_001;300\n_F_FALLING_001;325\n_F_FALLING_001;350\n_F_FALLING_001;375\n_F_FALLING_001;400\n_F_FALLING_001;425\n_F_FALLING_001;450\n_F_FALLING_001;475\n_F_FALLING_001;500\n_F_FALLING_001;525\n_F_FALLING_001;550\n_F_FALLING_001;575\n_F_FALLING_001;600	_F_FALLING_001;25\n_F_FALLING_001;50\n_F_FALLING_001;75\n_F_FALLING_001;100\n_F_FALLING_001;125\n_F_FALLING_001;150\n_F_FALLING_001;175\n_F_FALLING_001;200\n_F_FALLING_001;225\n_F_FALLING_001;250\n_F_FALLING_001;275\n_F_FALLING_001;300\n_F_FALLING_001;325\n_F_FALLING_001;350\n_F_FALLING_001;375\n_F_FALLING_001;400\n_F_FALLING_001;425\n_F_FALLING_001;450\n_F_FALLING_001;475\n_F_FALLING_001;500\n_F_FALLING_001;525\n_F_FALLING_001;550\n_F_FALLING_001;575\n_F_FALLING_001;600	0	0;0;0;0		0	0		GO(0)							1	0	0	1;13	0.0	0.0	0.0	0.0	0.0	0.0	0.0	0
3632		5000	_F_ATTACK_007;186	_F_ATTACK_007;186	0	0;0;0;0		0	0					S_O_M031_ATK_7;0				1	0	0	1;4;11;13;29	0.0	0.0	0.0	0.0	0.0	0.0	0.0	0
3640		600	_F_SENTRY_000;15\n_F_ATTACK_000;75	_F_SENTRY_000;15\n_F_ATTACK_000;75	0	0;0;0;0		0	0					S_O_M032_ATK_0;15			4074;5\n3603;40	1	0	0	3;5	0.0	0.0	0.0	0.0	0.0	0.0	0.0	0
3641		600	_F_SENTRY_000;15\n_F_ATTACK_001;75	_F_SENTRY_000;15\n_F_ATTACK_001;75	0	0;0;0;0		0	0					S_O_M032_ATK_1;15			4980;0\n3606;5\n3605;45	1	0	0	3;5	0.0	0.0	0.0	0.0	0.0	0.0	0.0	0
3642		1500	_F_SENTRY_000;15\n_F_ATTACK_002;137	_F_SENTRY_000;15\n_F_ATTACK_002;137	0	0;0;0;0		0	0					S_O_M032_ATK_2;15			4986;0\n3610;39\n3612;41\n3627;44\n3613;46\n3628;49\n3614;51\n3629;54\n3615;56\n3630;59\n3616;61\n3631;64\n3617;66\n3632;69\n3618;71\n3633;74\n3619;76\n3634;79\n3620;81\n3635;84\n3621;86\n3636;90\n3622;93\n3637;96\n3623;98\n3638;101\n3624;103\n3639;106\n3625;108\n3640;110\n3626;112\n3641;115	1	0	0	3;5	0.0	0.0	0.0	0.0	0.0	0.0	0.0	0
3643		1000	_F_FORWARD_000;24\n_F_FORWARD_000;48	_F_FORWARD_000;24\n_F_FORWARD_000;48	0	1300;0;0;48		0	0					S_O_M032_DASH;0			4988;0\n4085;0	1	0	0	3;5	0.0	0.0	0.0	0.0	0.0	0.0	0.0	0
3644		3000	_F_SENTRY_000;15\n_F_ATTACK_003;165	_F_SENTRY_000;15\n_F_ATTACK_003;165	0	0;0;0;0		0	0								4981;0\n4075;64\n3642;65\n4075;83\n3642;84\n4075;103\n3642;104	1	0	0	3;5	0.0	0.0	0.0	0.0	0.0	0.0	0.0	0
3645		50	_F_SENTRY_000;15\n_F_ATTACK_004;121	_F_SENTRY_000;15\n_F_ATTACK_004;121	0	0;0;0;0		0	0					S_O_M032_ATK_4;15			4982;0\n4076;10\n4077;15\n4078;20\n4079;25\n4080;30\n4081;35\n4082;40\n4083;45\n4084;50\n3644;60\n3645;68\n3646;70\n3647;74\n3648;80\n3649;86\n3650;87\n3651;93\n3652;94	1	0	0	3;5	0.0	0.0	0.0	0.0	0.0	0.0	0.0	0
3646		1000	_F_ATTACK_005;152	_F_ATTACK_005;152	16	0;0;0;0		0	0								4984;0\n3655;58\n3657;69\n3659;81\n3661;90	1	0	0	1;5	0.0	0.0	0.0	0.0	0.0	0.0	0.0	0
3647		1000	_F_ATTACK_005;152	_F_ATTACK_005;152	16	0;0;0;0		0	0								4984;0\n3799;51\n3800;58\n3801;63\n3802;69\n3803;75\n3804;81\n3805;87\n3806;90	1	0	0	1;5	0.0	0.0	0.0	0.0	0.0	0.0	0.0	0
3648		0			0			0	0									0	0	0		0.0	0.0	0.0	0.0	0.0	0.0	0.0	0
3659		1000	_F_FORWARD_000;24\n_F_FORWARD_000;48	_F_FORWARD_000;24\n_F_FORWARD_000;48	0	1300;0;0;48		0	0								4989;0\n1006;1\n1006;17\n1007;33	1	0	0	3;5	0.0	0.0	0.0	0.0	0.0	0.0	0.0	0
3660		1000	_F_ATTACK_000;54\n_F_SENTRY_000;74\n_F_SENTRY_000;94	_F_ATTACK_000;54\n_F_SENTRY_000;74\n_F_SENTRY_000;94	0	0;0;0;0		0	0									1	0	0	1;13	0.0	0.0	0.0	0.0	0.0	0.0	0.0	0
3661		1	_F_ATTACK_001;31\n_F_ATTACK_001;62\n_F_ATTACK_001;93	_F_ATTACK_001;31\n_F_ATTACK_001;62\n_F_ATTACK_001;93	0	0;0;0;0		0	0					S_O_M033_SUISIDE;0			4907;89\n3662;90	1	0	0	1;13	0.0	0.0	0.0	0.0	0.0	0.0	0.0	0
3680		2000	_F_ATTACK_002;100	_F_ATTACK_002;100	0	0;0;0;0		0	0					S_O_M034_ATK_2;0				1	0	0	1;13	0.0	0.0	0.0	0.0	0.0	0.0	0.0	0
3681		450	_F_SENTRY_000;30\n_F_ATTACK_000;80	_F_SENTRY_000;30\n_F_ATTACK_000;80	128	0;0;0;0		0	0	HIT(95)	STUN(30)	S_H_M034_ATK_0;0;43	-100;500;5	S_O_M034_ATK_0;30				3	450	0	2;5;8	1.0	0.0	1.0	0.0	0.0	0.0	0.0	0
3682		1500	_F_SENTRY_000;20\n_F_ATTACK_001;80	_F_SENTRY_000;20\n_F_ATTACK_001;80	0	0;0;0;20\nARCEDGE;0;0;0;19		0	0					S_O_M034_TRAMPLE;20			4910;36\n3673;37	1	0	0	2;5	0.0	0.0	0.0	0.0	0.0	0.0	0.0	0
3683		1500	_F_SENTRY_000;20\n_F_ATTACK_003;80	_F_SENTRY_000;20\n_F_ATTACK_003;80	0	0;0;0;0		0	0					S_O_M034_ATK_3;20			4980;0\n4987;0\n3528;36	1	0	0	2;5	0.0	0.0	0.0	0.0	0.0	0.0	0.0	0
3684		2000	_F_ATTACK_004;90	_F_ATTACK_004;90	0	0;0;0;0		0	0					S_O_M034_ATK_4;0			4986;0\n4910;12\n3680;13\n3676;14	1	0	0	2;5	0.0	0.0	0.0	0.0	0.0	0.0	0.0	0
3685		2000	_F_ATTACK_003;60	_F_ATTACK_003;60	0	0;0;0;0		0	0					S_O_M034_ATK_3_GHOST;0			4984;0\n3694;18	1	0	0	2;5	0.0	0.0	0.0	0.0	0.0	0.0	0.0	0
3686		2000	_F_ATTACK_005;60	_F_ATTACK_005;60	0	0;0;0;0		0	0								3822;0\n4982;0\n3819;18	1	0	0	2;5	0.0	0.0	0.0	0.0	0.0	0.0	0.0	0
3687		2000	_F_ATTACK_006;60	_F_ATTACK_006;60	0	0;0;0;0		0	0									1	0	0	2;13	0.0	0.0	0.0	0.0	0.0	0.0	0.0	0
3700		400	_F_SENTRY_000;15\n_F_ATTACK_000;65	_F_SENTRY_000;15\n_F_ATTACK_000;65	128	0;0;0;0		0	0	HIT(95)		S_H_M035_ATK_0;0;29		S_O_M035_ATK_0;15				3	400	0	3;5;8	1.0	0.0	1.0	0.0	0.0	0.0	0.0	0
3701		400	_F_SENTRY_000;15\n_F_ATTACK_002;75	_F_SENTRY_000;15\n_F_ATTACK_002;75	128	0;0;0;0		0	0	HIT(95)	CURSE(50)	S_H_M035_ATK_0;3027;24\nS_H_M035_ATK_0;3027;34\nS_H_M035_ATK_0;3027;48		S_O_M035_ATK_2;15			4980;0\n3525;23\n3526;33\n3527;47	3	500	0	3;5;8	1.2000000476837158	0.0	1.2000000476837158	0.0	0.0	0.0	0.0	0
3702		2500	_F_SENTRY_000;49\n_F_SENTRY_000;60\n_F_ATTACK_002;120	_F_SENTRY_000;49\n_F_SENTRY_000;60\n_F_ATTACK_002;120	0	0;0;0;0		0	0					S_O_M035_SWORD_BEAM_CHARGE;0\nS_O_M035_SWORD_BEAM;60			4980;0\n3560;65\n3560;74\n3560;85	1	0	0	3;5;8	0.0	0.0	0.0	0.0	0.0	0.0	0.0	0
3703		0			0			0	0									0	0	0		0.0	0.0	0.0	0.0	0.0	0.0	0.0	0
3704		1200	_F_SENTRY_000;15\n_F_ATTACK_003;75	_F_SENTRY_000;15\n_F_ATTACK_003;75	0	0;0;0;15\nARCEDGE;-0.5;0;0;20		0	0					S_O_M035_ATK_3;15			4981;0\n3663;30\n4905;36\n3664;37	1	0	0	3;5;8	0.0	0.0	0.0	0.0	0.0	0.0	0.0	0
3705		1200	_F_SENTRY_000;15\n_F_ATTACK_003;75	_F_SENTRY_000;15\n_F_ATTACK_003;75	0	0;0;0;15\nARCEDGE;-0.5;0;0;20		0	0					S_O_M035_ATK_3;15			4981;0\n3666;30\n4905;36\n3664;37	1	0	0	3;5;8	0.0	0.0	0.0	0.0	0.0	0.0	0.0	0
3706		2500	_F_SENTRY_000;15\n_F_ATTACK_004;63	_F_SENTRY_000;15\n_F_ATTACK_004;63	0	0;0;0;15\n2600;0;0;63		0	0					S_O_M035_DASH;15			4982;0\n3667;20\n4903;26\n4903;38\n4903;50\n4903;61	1	0	0	2;5	0.0	0.0	0.0	0.0	0.0	0.0	0.0	0
3707		2500	_F_SENTRY_000;15\n_F_ATTACK_004;63	_F_SENTRY_000;15\n_F_ATTACK_004;63	0	0;0;0;15\n2600;0;0;63		0	0					S_O_M035_DASH;15			4982;0\n3668;20\n4903;26\n4903;38\n4903;50\n4903;61	1	0	0	2;5	0.0	0.0	0.0	0.0	0.0	0.0	0.0	0
3708		2500	_F_SENTRY_000;15\n_F_ATTACK_004;63	_F_SENTRY_000;15\n_F_ATTACK_004;63	0	0;0;0;15\n2600;0;0;63		0	0					S_O_M035_DASH;15			4982;0\n3669;20\n4903;26\n4903;38\n4903;50\n4903;61	1	0	0	2;5	0.0	0.0	0.0	0.0	0.0	0.0	0.0	0
3709		2500	_F_SENTRY_000;15\n_F_ATTACK_005;105\n_F_SENTRY_000;130	_F_SENTRY_000;15\n_F_ATTACK_005;105\n_F_SENTRY_000;130	0	0;0;0;0		0	0					S_O_M035_ATK_5;15			4988;0\n3548;65\n3670;72\n3670;74\n3670;76\n3670;78\n3670;80\n3670;83\n3670;86\n3670;89\n3670;92	1	0	0	3;5	0.0	0.0	0.0	0.0	0.0	0.0	0.0	0
3710		1000	_F_SENTRY_000;15\n_F_ATTACK_001;75	_F_SENTRY_000;15\n_F_ATTACK_001;75	0	0;0;0;0		0	0					S_O_M035_ATK_1;15			3671;33	1	0	0	3;5	0.0	0.0	0.0	0.0	0.0	0.0	0.0	0
3711		8000	_F_FLEX_000;70	_F_FLEX_000;70	0	0;0;0;0		0	0					S_O_M035_CHARGE;0			4983;0\n4908;19\n3783;20\n3784;21	1	0	0	0;5;13	0.0	0.0	0.0	0.0	0.0	0.0	0.0	0
3712		0			0	0;0;0;0		0	0									0	0	0		0.0	0.0	0.0	0.0	0.0	0.0	0.0	0
3719		8000	_F_SENTRY_000;15\n_F_ATTACK_001;75	_F_SENTRY_000;15\n_F_ATTACK_001;75	0	0;0;0;0		0	0					S_O_M035_ATK_1;15			4989;0\n1004;33	1	0	0	3;5	0.0	0.0	0.0	0.0	0.0	0.0	0.0	0
3720		125	_F_SENTRY_000;15\n_F_ATTACK_000;43	_F_SENTRY_000;15\n_F_ATTACK_000;43	32	0;0;0;0		0	0	HIT(95)		S_H_PHYSICS_HAMMER;0;29		PS_O_SINGLE_C0;15				1	150	0	1;5;8	1.0	0.0	1.0	0.0	0.0	0.0	0.0	0
3721		125	_F_SENTRY_000;15\n_F_ATTACK_001;41	_F_SENTRY_000;15\n_F_ATTACK_001;41	32	0;0;0;0		0	0	HIT(95)		S_H_PHYSICS_HAMMER;0;31		PS_O_SINGLE_C1;15				1	150	0	1;5;8	1.0	0.0	1.0	0.0	0.0	0.0	0.0	0
3722		300	_F_SENTRY_000;15\n_F_ATTACK_008;54	_F_SENTRY_000;15\n_F_ATTACK_008;54	32	0;0;0;30\n150;0;0;35		0	0	HIT(95)	STUN(40)	S_H_PHYSICS_HAMMER;304;34		PS_O_ATTACK008;15			4981;0	3	175	0	2;5;8	1.2000000476837158	0.0	1.2000000476837158	0.0	0.0	0.0	0.0	0
3723		150	_F_SENTRY_000;15\n_F_ATTACK_008A;56	_F_SENTRY_000;15\n_F_ATTACK_008A;56	32	0;0;0;0		0	0	HIT(95)	STUN(40)	S_H_PHYSICS_HAMMER;304;32	-150;300;5				4986;0	3	150	0	2;5;8	1.2000000476837158	0.0	1.2000000476837158	0.0	0.0	0.0	0.0	0
3724		400	_F_SENTRY_000;15\n_F_ATTACK_022A;53	_F_SENTRY_000;15\n_F_ATTACK_022A;53	0	0;0;0;18\nARCEDGE;-0.5;0;0;15		0	0								4982;0\n3712;34	1	0	0	3;5;8	0.0	0.0	0.0	0.0	0.0	0.0	0.0	0
3740		125	_F_SENTRY_000;15\n_F_ATTACK_000;43	_F_SENTRY_000;15\n_F_ATTACK_000;43	128	0;0;0;0		0	0	HIT(95)		S_H_PHYSICS_SWORD;0;29		PS_O_SINGLE_C0;15				1	125	0	1;5;8	1.0	0.0	1.0	0.0	0.0	0.0	0.0	0
3741		125	_F_SENTRY_000;15\n_F_ATTACK_001;41	_F_SENTRY_000;15\n_F_ATTACK_001;41	128	0;0;0;0		0	0	HIT(95)		S_H_PHYSICS_SWORD;0;31		PS_O_SINGLE_C1;15				1	125	0	1;5;8	1.0	0.0	1.0	0.0	0.0	0.0	0.0	0
3742		300	_F_SENTRY_000;15\n_F_ATTACK_008;54	_F_SENTRY_000;15\n_F_ATTACK_008;54	128	0;0;0;30\n150;0;0;35		0	0	HIT(95)	STUN(40)	S_H_PHYSICS_SWORD;304;34		PS_O_ATTACK008;15			4981;0	3	175	0	2;5;8	1.2000000476837158	0.0	1.2000000476837158	0.0	0.0	0.0	0.0	0
3743		150	_F_SENTRY_000;15\n_F_ATTACK_008A;56	_F_SENTRY_000;15\n_F_ATTACK_008A;56	128	0;0;0;0		0	0	HIT(95)	STUN(40)	S_H_PHYSICS_SWORD;304;32	-150;300;5				4986;0	3	150	0	2;5;8	1.2000000476837158	0.0	1.2000000476837158	0.0	0.0	0.0	0.0	0
3744		400	_F_SENTRY_000;15\n_F_ATTACK_022A;53	_F_SENTRY_000;15\n_F_ATTACK_022A;53	0	0;0;0;18\nARCEDGE;-0.5;0;0;15		0	0								4982;0\n3714;34	1	0	0	3;5;8	0.0	0.0	0.0	0.0	0.0	0.0	0.0	0
3760		125	_F_SENTRY_000;15\n_F_ATTACK_000;45	_F_SENTRY_000;15\n_F_ATTACK_000;45	32	0;0;0;0		0	0	HIT(95)		S_H_PHYSICS_HAMMER;0;29\nS_H_PHYSICS_HAMMER;0;38		PS_O_DUAL_F0;15				1	125	0	1;5;8	1.0	0.0	1.0	0.0	0.0	0.0	0.0	0
3761		125	_F_SENTRY_000;15\n_F_ATTACK_001;45	_F_SENTRY_000;15\n_F_ATTACK_001;45	32	0;0;0;0		0	0	HIT(95)		S_H_PHYSICS_HAMMER;0;30\nS_H_PHYSICS_HAMMER;0;39		PS_O_DUAL_F1;15				1	125	0	1;5;8	1.0	0.0	1.0	0.0	0.0	0.0	0.0	0
3762		200	_F_SENTRY_000;15\n_F_ATTACK_008;50	_F_SENTRY_000;15\n_F_ATTACK_008;50	32	0;0;0;33\nARCEDGE;-0.5;0;0;10		0	0	HIT(95)	STUN(40)	S_H_PHYSICS_HAMMER;0;42\nS_H_PHYSICS_HAMMER;304;45		PS_O_D_ATTACK_008;15			4981;0	6	150	0	2;5;8	1.2000000476837158	0.0	1.2000000476837158	0.0	0.0	0.0	0.0	0
3763		200	_F_SENTRY_000;15\n_F_ATTACK_015;81	_F_SENTRY_000;15\n_F_ATTACK_015;81	32	0;0;0;40\n145;0;0;60		0	0	HIT(95)		S_H_PHYSICS_HAMMER;0;41\nS_H_PHYSICS_HAMMER;0;54\nS_H_PHYSICS_HAMMER;0;60		PS_O_D_ATTACK_015;15			4982;0	6	200	0	3;5;8	1.5	0.0	1.5	0.0	0.0	0.0	0.0	0
3780		125	_F_SENTRY_000;15\n_F_ATTACK_000;45	_F_SENTRY_000;15\n_F_ATTACK_000;45	128	0;0;0;0		0	0	HIT(95)		S_H_PHYSICS_SWORD;0;29\nS_H_PHYSICS_SWORD;0;38		PS_O_DUAL_F0;15				1	125	0	1;5;8	1.0	0.0	1.0	0.0	0.0	0.0	0.0	0
3781		125	_F_SENTRY_000;15\n_F_ATTACK_001;45	_F_SENTRY_000;15\n_F_ATTACK_001;45	128	0;0;0;0		0	0	HIT(95)		S_H_PHYSICS_SWORD;0;30\nS_H_PHYSICS_SWORD;0;39		PS_O_DUAL_F1;15				1	125	0	1;5;8	1.0	0.0	1.0	0.0	0.0	0.0	0.0	0
3782		200	_F_SENTRY_000;15\n_F_ATTACK_008;50	_F_SENTRY_000;15\n_F_ATTACK_008;50	128	0;0;0;0		0	0	HIT(95)	STUN(40)	S_H_PHYSICS_SWORD;0;42\nS_H_PHYSICS_SWORD;0;45		PS_O_D_ATTACK_008;15			4981;0	6	150	0	2;5;8	1.2000000476837158	0.0	1.2000000476837158	0.0	0.0	0.0	0.0	0
3783		200	_F_SENTRY_000;15\n_F_ATTACK_015;81	_F_SENTRY_000;15\n_F_ATTACK_015;81	128	0;0;0;36\n75;0;0;40\n75;0;0;48\n200;0;0;61		0	0	HIT(95)		S_H_PHYSICS_SWORD;0;41\nS_H_PHYSICS_SWORD;0;54\nS_H_PHYSICS_SWORD;0;60		PS_O_D_ATTACK_015;15			4982;0	6	200	0	2;5;8	1.5	0.0	1.5	0.0	0.0	0.0	0.0	0
3785		200	_F_SENTRY_000;15\n_F_ATTACK_039;57	_F_SENTRY_000;15\n_F_ATTACK_039;57	128	0;0;0;0		0	0	HIT(95)		S_H_DODGE_SWORD;0;37		PS_O_DUAL_F039;15			4985;0\n40010;16	3	150	0	2;5;8	1.2000000476837158	0.0	1.2000000476837158	0.0	0.0	0.0	0.0	0
3786		200	_F_SENTRY_000;20\n_C_ATTACK_010A;26\n_C_ATTACK_010B;49	_F_SENTRY_000;20\n_C_ATTACK_010A;26\n_C_ATTACK_010B;49	0	0;0;0;20\n300;0;0;26		0	0					PS_O_DUAL_F010_DASH;20			4981;0\n3743;20	1	0	0	2;5;8	0.0	0.0	0.0	0.0	0.0	0.0	0.0	0
3787		1000	_F_SENTRY_000;15\n_F_ATTACK_013;50	_F_SENTRY_000;15\n_F_ATTACK_013;50	0	0;0;0;31\nARCEDGE;-0.4;0;0.4;9		0	0					PS_O_D_ATTACK_013;15			4986;0\n3744;32	1	0	0	2;5;8	0.0	0.0	0.0	0.0	0.0	0.0	0.0	0
3788		1000	_F_SENTRY_000;15\n_F_ATTACK_016A;61	_F_SENTRY_000;15\n_F_ATTACK_016A;61	0	0;0;0;15\nARCEDGE;-0.5;0;0;24		0	0					PS_O_DUAL_F016A;15			4982;0\n4901;38\n3745;39	1	0	0	2;5;8	0.0	0.0	0.0	0.0	0.0	0.0	0.0	0
3789		200	_F_ATTACK_051;15	_F_ATTACK_051;15	8	-450;0;0;15		0	0					PS_O_STEP_DODGE;0			4983;0\n40018;1	1	0	0	1;5;13	0.0	0.0	0.0	0.0	0.0	0.0	0.0	0
3790		1200	_F_SENTRY_000;20\n_F_ATTACK_008;50	_F_SENTRY_000;20\n_F_ATTACK_008;50	0	50;0;0;27\n50;0;0;32\n150;0;0;45\n150;0;0;52		0	0					PS_O_BLOODY_TRAIL;20			4988;0\n3746;28\n3747;47	1	0	0	2;5;8	0.0	0.0	0.0	0.0	0.0	0.0	0.0	0
3800		1200	_F_SENTRY_000;15\n_F_ATTACK_000;32	_F_SENTRY_000;15\n_F_ATTACK_000;32	0	0;0;0;0		0	0	HIT(95)				PS_O_FIREARM_C0;15			3729;25	1	0	0	2;5;8	0.0	0.0	0.0	0.0	0.0	0.0	0.0	0
3801		1200	_F_SENTRY_000;15\n_F_ATTACK_001;33	_F_SENTRY_000;15\n_F_ATTACK_001;33	0	0;0;0;0		0	0	HIT(95)				PS_O_FIREARM_C1;15			3729;27	1	0	0	2;5;8	0.0	0.0	0.0	0.0	0.0	0.0	0.0	0
3802		1200	_F_SENTRY_000;15\n_F_ATTACK_009;53	_F_SENTRY_000;15\n_F_ATTACK_009;53	0	0;0;0;0		0	0	HIT(95)				PS_O_FIREARM_F009;15			4981;0\n3730;45	1	0	0	2;5;8	0.0	0.0	0.0	0.0	0.0	0.0	0.0	0
3803		300	_F_SENTRY_000;15\n_F_ATTACK_009A;60	_F_SENTRY_000;15\n_F_ATTACK_009A;60	64	0;0;0;33\n-330;0;0;41		0	0	HIT(95)	STUN(40)	S_H_FIREARM_S;0;35	-200;50;5	PS_O_FIREARM_F009A;15			4982;0	6	450	0	3;5;8	1.5	0.0	1.5	0.0	0.0	0.0	0.0	0
3820		200	_F_SENTRY_000;15\n_F_ATTACK_000;45	_F_SENTRY_000;15\n_F_ATTACK_000;45	128			0	0	HIT(95)		S_H_PHYSICS_SWORD;0;28\nS_H_PHYSICS_SWORD;0;38		S_O_DUAL_C0_BOSS;15				1	250	0	1;5;8	0.4000000059604645	0.4000000059604645	0.4000000059604645	0.4000000059604645	0.0	0.0	0.0	0
3821	IS100	300	_F_SENTRY_000;15\n_F_ATTACK_008;40	_F_SENTRY_000;15\n_F_ATTACK_008;40	128	0;0;0;0		0	0	HIT(95)		S_H_PHYSICS_SWORD;0;22\nS_H_PHYSICS_SWORD;0;39	0;-1;1	S_O_D_ATTACK_008_BOSS;15				1	350	0	1;5;8	1.0	0.0	1.0	0.0	0.0	0.0	0.0	0
3822	IS103	700	_F_SENTRY_000;15\n_F_ATTACK_015;35\n_C_ATTACK_010A;41\n_C_ATTACK_010B;55	_F_SENTRY_000;15\n_F_ATTACK_015;35\n_C_ATTACK_010A;41\n_C_ATTACK_010B;55	0	0;0;0;35\n700;0;0;45		0	0					S_O_DUAL_F010_DASH_BOSS;15			4981;0\n4991;1\n3807;35\n3808;36\n4907;50	1	0	0	2	0.0	0.0	0.0	0.0	0.0	0.0	0.0	0
3823	IS102	150	_F_SENTRY_000;15\n_F_ATTACK_015;81	_F_SENTRY_000;15\n_F_ATTACK_015;81	0	0;0;0;40\n60;0;0;60		0	0					S_O_FURY_ATTACK;15			3815;41\n3815;57	1	0	0	2;5	0.0	0.0	0.0	0.0	0.0	0.0	0.0	0
3824	IS1000	1500	_F_SENTRY_000;15\n_F_ATTACK_016A;50	_F_SENTRY_000;15\n_F_ATTACK_016A;50	0	0;0;0;15\nARCEDGE;0;0;0;22		0	0					PS_O_DUAL_F016A;15			4985;0\n3816;38\n4902;39	1	0	0	1;5	0.0	0.0	0.0	0.0	0.0	0.0	0.0	0
3825	IS1000	1500	_F_SENTRY_000;15\n_F_ATTACK_016A;50	_F_SENTRY_000;15\n_F_ATTACK_016A;50	0	0;0;0;15\nARCEDGE;0;0;0;22		0	0					PS_O_DUAL_F016A;15			4986;0\n3817;38\n4902;39	1	0	0	1;5	0.0	0.0	0.0	0.0	0.0	0.0	0.0	0
3826	IS101	1500	_F_SENTRY_000;15\n_F_ATTACK_013;39	_F_SENTRY_000;15\n_F_ATTACK_013;39	0	0;0;0;31\nARCEDGE;-0.4;0;0.4;8		0	0					S_O_D_ATTACK_013_BOSS;15			4985;0\n3818;32\n3836;45	0	0	0	1;5	0.0	0.0	0.0	0.0	0.0	0.0	0.0	0
3827	IS105	800	_F_ATTACK_051;15\n_F_ATTACK_039;57	_F_ATTACK_051;15\n_F_ATTACK_039;57	8	-800;0;0;15		0	0	HIT(110)	STUN(40)	S_H_DODGE_SWORD;304;34		PS_O_STEP_DODGE;0\nS_O_DUAL_F039_BOSS;15			4987;0\n4991;1\n40018;0\n40280;15\n4905;32\n3810;40\n3811;40\n3812;40\n3813;40\n3814;40	6	600	0	2;5	0.5	0.0	0.5	0.0	0.0	0.0	0.0	0
3828		750	_F_EMPOWER_000;42\n_F_ATTACK_038;127	_F_EMPOWER_000;42\n_F_ATTACK_038;127	128	0;0;0;0		0	0	HIT(110)		S_A_BLOODY_DANCE;0;45\nS_A_BLOODY_DANCE;0;56\nS_A_BLOODY_DANCE;0;67\nS_A_BLOODY_DANCE;0;78\nS_A_BLOODY_DANCE;0;89		S_O_ZEAL_BOSS;0\nS_O_BLOOD_DANCE_BOSS;42		CAMERASHOCK(C_SKILL01);0	4983;0\n4908;29\n40150;42\n4908;102\n3809;104	12	900	0	3;5	1.5	0.0	1.5	0.0	0.0	0.0	0.0	0
3840		1700	_F_ATTACK_037;0	_F_ATTACK_037;0	0	RUNEDGE;-1;0;2500		0	284	HIT(100)							4981;0\n43212;0\n43011;1\n43210;1	0	1700	0	5	0.0	0.0	0.0	0.0	0.0	0.0	0.0	0
3841		500	_F_ATTACK_022A;38	_F_ATTACK_022A;38	16384	0;0;0;38		0	0					PS_O_BANGWAVE;0			4982;0\n43300;18	1	0	0	1;5	0.0	0.0	0.0	0.0	0.0	0.0	0.0	0
3842	I_CON2_1	1000	_F_ATTACK_003;32	_F_ATTACK_003;32	0	0;0;0;32		0	284	GO(0)	GO(0)			PS_O_BATTLE_CALL;0			4987;0\n43022;16	1	0	0	1	0.0	0.0	0.0	0.0	0.0	0.0	0.0	0
3843		125	_F_ATTACK_015;43	_F_ATTACK_015;43	16512	0;0;0;0		0	284	HIT(100)	GO(0)	S_H_ATTACK015;0;9\nS_H_ATTACK015;0;24\nS_H_ATTACK015;0;43		PS_O_ATTACK015;0				1	225	0	1;5;8	1.25	0.0	1.25	0.0	0.0	0.0	0.0	0
3844		125	_F_ATTACK_008A;41	_F_ATTACK_008A;41	16416	0;0;0;0		0	284	HIT(100)	STUN(100)	S_H_BREAKHIT;305;18	-50;100;3	PS_O_BREAKHIT;0	CAMERASHOCK(C_SKILL01);18	CAMERASHOCK(C_SKILL01);0	4994;0	1	200	0	1;5;8;21	2.5	0.0	2.5	0.0	0.0	0.0	0.0	0
3845		150	_F_ATTACK_008;28	_F_ATTACK_008;28	16416	0;0;0;17\n25;0;0;20		0	284	HIT(95)	GO(0)	S_H_HOLY_CRASH;43160;19		PS_O_HOLY_CRASH;0	CAMERASHOCK(C_SKILL01);18		4980;0\n43170;5	1	325	0	1;5;8;14	1.1799999475479126	0.0	1.1799999475479126	0.0	0.0	0.0	0.0	1
3846		225	_F_ATTACK_005;25	_F_ATTACK_005;25	16416	0;0;0;0		0	284	HIT(120)	STUN(120)	S_H_SINGLE_F008A;0;17	0;-1;1	PS_O_SHIELD_SHOCK;0	CAMERASHOCK(C_SKILL01);17	CAMERASHOCK(C_SKILL01);0		1	325	0	0;1;5;14	2.200000047683716	0.0	2.200000047683716	0.0	0.0	0.0	0.0	0
3847	IS148	500	_F_ATTACK_022A;30	_F_ATTACK_022A;30	16384	0;0;0;0		0	0					PS_O_GROUND_CRASH;0			4986;0\n43005;17	1	0	0	13	0.0	0.0	0.0	0.0	0.0	0.0	0.0	1
3850		1500	_C_ATTACK_000;17	_C_ATTACK_000;17	16384			0	282	GO(0)	GO(0)			PS_O_FIREARM_C0;0			4023;10	1	0	0	1;5;14;17	0.0	0.0	0.0	0.0	0.0	0.0	0.0	0
3851		1500	_F_ATTACK_007;16\n_F_ATTACK_007;32\n_F_ATTACK_007;48\n_F_ATTACK_007;64	_F_ATTACK_007;16\n_F_ATTACK_007;32\n_F_ATTACK_007;48\n_F_ATTACK_007;64	16384	0;0;0;64		0	282	GO(0)	GO(0)			PS_O_FIREARM_F7;0\nPS_O_FIREARM_F7;16\nPS_O_FIREARM_F7;32\nPS_O_FIREARM_F7;48			4981;0\n3995;1\n3996;10\n3997;17\n3995;26\n3996;33\n3997;42\n3995;49\n3996;58	0	0	0	2;5;7;28	0.0	0.0	0.0	0.0	0.0	0.0	0.0	0
3852		1500	_F_ATTACK_040;19\n_F_ATTACK_042;42	_F_ATTACK_040;19\n_F_ATTACK_042;42	16384	0;0;0;42		0	282	GO(0)	GO(0)			PS_O_FIREARM_THUNDER_BULLET;0			4981;0\n3998;20\n3999;21\n4000;22	1	1	0	2;5	0.0	0.0	0.0	0.0	0.0	0.0	0.0	0
3853		1500	_F_ATTACK_000;28	_F_ATTACK_000;28	16384	0;0;0;28		0	0	GO(0)	GO(0)						4986;0\n41019;13	1	0	0	5	0.0	0.0	0.0	0.0	0.0	0.0	0.0	0
3854		1500	_F_ATTACK_000;28	_F_ATTACK_000;28	16384	0;0;0;28		0	0	GO(0)	GO(0)						4986;0\n41223;13	1	0	0	5	0.0	0.0	0.0	0.0	0.0	0.0	0.0	0
3855		1500	_F_ATTACK_009A;38	_F_ATTACK_009A;38	16384	0;0;0;18\n-332;0;0;26\n-332;0;-500;27		0	0	GO(0)	GO(0)			PS_O_FIREARM_F9A_1;0			4980;0\n41229;18\n41230;18\n41231;19\n41232;19\n41233;20\n41234;20\n41235;21\n41236;21\n41237;22	1	0	0	13	0.0	0.0	0.0	0.0	0.0	0.0	0.0	0
3856		500	_F_ATTACK_017;60	_F_ATTACK_017;60	16384	0;0;0;0		0	0	GO(0)				PS_O_FIREARM_F17;0			4980;0\n41002;19\n41002;36\n41002;53	0	0	0	7;8;14	0.0	0.0	0.0	0.0	0.0	0.0	0.0	0
3857		1700	_F_ATTACK_039;50	_F_ATTACK_039;50	16384	0;0;0;0		0	282	GO(0)				PS_O_FIREARM_F039;0			4986;0\n41241;1\n4001;16\n4003;17\n4002;29\n4004;30	0	0	0	2;5	0.0	0.0	0.0	0.0	0.0	0.0	0.0	0
3858		2000	_F_EMPOWER_000;47\n_F_ATTACK_007;63\n_F_ATTACK_007;79\n_F_ATTACK_007;95\n_F_ATTACK_007;111\n_F_ATTACK_007;127\n_F_ATTACK_007;143\n_F_ATTACK_007;159\n_F_ATTACK_007;175	_F_EMPOWER_000;47\n_F_ATTACK_007;63\n_F_ATTACK_007;79\n_F_ATTACK_007;95\n_F_ATTACK_007;111\n_F_ATTACK_007;127\n_F_ATTACK_007;143\n_F_ATTACK_007;159\n_F_ATTACK_007;175	16384	0;0;0;175		0	0	GO(0)	GO(0)			PS_O_DOOMROBOT;0			4982;0\n41246;11\n41254;12\n41018;48\n41216;49\n41248;56\n41018;57\n41249;62\n41018;63\n41250;66\n41018;67\n41251;71\n41018;72\n41252;76\n41018;77\n41253;81\n41018;82\n41253;87\n41018;88\n41252;92\n41018;93\n41251;96\n41018;97\n41250;101\n41018;102\n41249;106\n41018;107\n41248;111\n41018;112\n41248;116\n41018;117\n41249;122\n41018;123\n41250;126\n41018;127\n41251;132\n41018;133\n41252;136\n41018;137\n41253;141\n41018;142\n41252;147\n41018;148\n41251;151\n41018;152\n41250;156\n41018;157\n41249;162\n41018;163\n41250;167\n41018;168	1	0	0	2;5;6	0.0	0.0	0.0	0.0	0.0	0.0	0.0	0
3860		1500	_C_ATTACK_021;48\n_C_ATTACK_018;75	_C_ATTACK_021;48\n_C_ATTACK_018;75	16384			0	0	GO(0)	GO(0)			PS_C_KAMEHAMEHA;0\nPS_O_KAMEHAMEHA;48			4986;0\n44004;66	1	0	0	1;5	0.0	0.0	0.0	0.0	0.0	0.0	0.0	0
3861		3000	_F_ATTACK_028;21\n_F_ATTACK_023;50	_F_ATTACK_028;21\n_F_ATTACK_023;50	16384	0;0;0;0		0	0					PS_C_HEAL_MINOR;0\nPS_O_HEAL_MINOR;15			4980;0\n44126;30\n44008;40	1	0	0	1;4;5	0.0	0.0	0.0	0.0	0.0	0.0	0.0	0
3862		3000	_C_ATTACK_021;48\n_C_ATTACK_021;88\n_C_ATTACK_003;120	_C_ATTACK_021;48\n_C_ATTACK_021;88\n_C_ATTACK_003;120	16384			0	0	GO(0)	GO(0)			PS_C_HEAL_MINOR;0\nPS_C_HEAL_MINOR;45\nPS_O_BLESSING_PRAY;88			4984;0\n44012;104\n44223;120	1	300	0	4;5	0.0	0.0	0.0	0.0	0.0	0.0	0.0	0
3863		1700	_F_ATTACK_050;31	_F_ATTACK_050;31	16384	0;0;0;12\n80;0;0;15		0	286					PS_O_SPOTLIGHT;0			4981;0\n44019;16	0	0	0	1;5	0.0	0.0	0.0	0.0	0.0	0.0	0.0	0
3864		1500	_C_ATTACK_021;48\n_C_ATTACK_021;90	_C_ATTACK_021;48\n_C_ATTACK_021;90	16384			0	286					PS_C_FIREBALL_2;0			4987;0\n4005;1\n4006;11\n4007;22\n4008;33\n4009;44\n4010;55\n4011;66\n4012;77\n4013;88	0	0	0	1;5	0.0	0.0	0.0	0.0	0.0	0.0	0.0	0
3865		1500	_C_ATTACK_021;30\n_C_ATTACK_018;58	_C_ATTACK_021;30\n_C_ATTACK_018;58	16384			0	286								44111;0\n44111;15\n44111;30\n330;47\n4015;48	0	0	0	1;5;7;17;28	0.0	0.0	0.0	0.0	0.0	0.0	0.0	0
3880		900	_F_SENTRY_000;15\n_F_ATTACK_000;39	_F_SENTRY_000;15\n_F_ATTACK_000;39	0	0;0;0;0		0	0					S_O_CHRISMAS_ICE_ARROW;15			3837;32\n3838;33\n3839;34\n3840;35\n3841;36	1	1	0		0.0	0.0	0.0	0.0	0.0	0.0	0.0	0
3881		1000	_F_SENTRY_000;15\n_F_ATTACK_049;50	_F_SENTRY_000;15\n_F_ATTACK_049;50	0	0;0;0;0		0	0					S_O_CHRISMAS_FROZEN_ORB;15			4980;0\n3843;34	1	1	0		0.0	0.0	0.0	0.0	0.0	0.0	0.0	0
3882		1000	_F_SENTRY_000;15\n_F_ATTACK_048;90	_F_SENTRY_000;15\n_F_ATTACK_048;90	0	0;0;0;0		0	0					PS_O_ICE_JUDGEMENT;15			4982;0\n3860;34	1	1	0		0.0	0.0	0.0	0.0	0.0	0.0	0.0	0
3883		2000	_F_ATTACK_035A;34\n_F_ATTACK_035B;49\n_F_ATTACK_035B;64\n_F_ATTACK_035B;79\n_F_ATTACK_035B;90	_F_ATTACK_035A;34\n_F_ATTACK_035B;49\n_F_ATTACK_035B;64\n_F_ATTACK_035B;79\n_F_ATTACK_035B;90	0	0;0;0;0		0	0					S_O_CHRISMAS_ICE_CORE;15			4987;0\n3871;34	1	1	0		0.0	0.0	0.0	0.0	0.0	0.0	0.0	0
3884		750	_F_ATTACK_043;22\n_F_ATTACK_043A;52\n_F_ATTACK_043A;82\n_F_ATTACK_043A;112\n_F_ATTACK_043A;142\n_F_ATTACK_043A;172\n_F_ATTACK_043A;202	_F_ATTACK_043;22\n_F_ATTACK_043A;52\n_F_ATTACK_043A;82\n_F_ATTACK_043A;112\n_F_ATTACK_043A;142\n_F_ATTACK_043A;172\n_F_ATTACK_043A;202	0	0;0;0;0	0;37\n360;202	0	0					S_O_CHRISMAS_MATRIX_ICE_ARROW;22			4981;0\n3884;23\n3885;25\n3886;27\n3887;29\n3888;31\n3889;33\n3890;35\n3891;37\n3892;39\n3893;41\n3884;43\n3885;45\n3886;47\n3887;49\n3888;51\n3889;53\n3890;55\n3891;57\n3892;59\n3893;61\n3884;63\n3885;65\n3886;67\n3887;69\n3888;71\n3889;73\n3890;75\n3891;77\n3892;79\n3893;81\n3884;83\n3885;85\n3886;87\n3887;89\n3888;91\n3889;93\n3890;95\n3891;97\n3892;99\n3893;101\n3884;103\n3885;105\n3886;107\n3887;109\n3888;111\n3889;113\n3890;115\n3891;117\n3892;119\n3893;121\n3884;123\n3885;125\n3886;127\n3887;129\n3888;131\n3889;133\n3890;135\n3891;137\n3892;139\n3893;141\n3884;143\n3885;145\n3886;147\n3887;149\n3888;151\n3889;153\n3890;155\n3891;157\n3892;159\n3893;161\n3884;163\n3885;165\n3886;167\n3887;169\n3888;171\n3889;173\n3890;175\n3891;177\n3892;179\n3893;181\n3884;183\n3885;185\n3886;187\n3887;189\n3888;191\n3889;193\n3890;195\n3891;197\n3892;199\n3893;201	1	1	0		0.0	0.0	0.0	0.0	0.0	0.0	0.0	0
3885		500	_F_SENTRY_000;15\n_F_ATTACK_003;51	_F_SENTRY_000;15\n_F_ATTACK_003;51	0	0;0;0;0		0	0					PS_O_ICE_ARMOR;15			3894;30	1	1	0		0.0	0.0	0.0	0.0	0.0	0.0	0.0	0
3900		400	_F_ATTACK_005;43	_F_ATTACK_005;43	32	0;0;0;0		0	0	HIT(95)		S_H_M009_ATK_2_RED;0;31		S_O_SEAHORSE_ATK_RED;0				1	440	0	1;5;8	0.6000000238418579	0.4000000059604645	0.6000000238418579	0.4000000059604645	0.0	0.0	0.0	0
3901		800	_F_ATTACK_000;39	_F_ATTACK_000;39	0	0;0;0;0		0	0					S_O_WATER_WHIP_RED;0			3903;32	1	0	0	2;5	0.0	0.0	0.0	0.0	0.0	0.0	0.0	0
3902		5000	_F_ATTACK_000;39	_F_ATTACK_000;39	0	0;0;0;0		0	0								3905;27\n3908;28\n3909;29\n3906;30\n3907;31	1	0	0	2;5	0.0	0.0	0.0	0.0	0.0	0.0	0.0	0
3903		5000	_F_HAPPY_000;95\n_F_ATTACK_004;143\n_F_ATTACK_003;193	_F_HAPPY_000;95\n_F_ATTACK_004;143\n_F_ATTACK_003;193	0	0;0;0;0		0	0								4986;0\n3910;173	1	0	0	2;5	0.0	0.0	0.0	0.0	0.0	0.0	0.0	0
3904		5000	_F_FLEX_000;95\n_F_ATTACK_002;144	_F_FLEX_000;95\n_F_ATTACK_002;144	0	0;0;0;0		0	0					S_O_MEDIA_BLAST_RED;95			4982;0\n4910;122\n3923;130\n3924;131	1	0	0	2;5	0.0	0.0	0.0	0.0	0.0	0.0	0.0	0
3905		5000	_F_ATTACK_001;45	_F_ATTACK_001;45	0	0;0;0;0		0	0					S_L_CIRCLE_WATER_S_RED;32			4987;0\n3941;32	1	0	0	2;5	0.0	0.0	0.0	0.0	0.0	0.0	0.0	0
3906		5000	_F_ATTACK_001;45	_F_ATTACK_001;45	0	0;0;0;0		0	0					S_L_CIRCLE_WATER_M_RED;32			4987;0\n3959;32	1	0	0	2;5	0.0	0.0	0.0	0.0	0.0	0.0	0.0	0
3907		5000	_F_ATTACK_001;45	_F_ATTACK_001;45	0	0;0;0;0		0	0					S_L_CIRCLE_WATER_L_RED;32			4987;0\n3977;32	1	0	0	2;5	0.0	0.0	0.0	0.0	0.0	0.0	0.0	0
3908		5000	_F_ATTACK_001;45	_F_ATTACK_001;45	32	0;0;0;0		0	0					S_O_SEAHORSE_ATK_RED;0			4989;0\n1007;33	1	440	0	1;5;8	0.6000000238418579	0.4000000059604645	0.6000000238418579	0.4000000059604645	0.0	0.0	0.0	0
3909		50000	_F_ATTACK_004;48\n_F_ATTACK_003;98	_F_HAPPY_000;95\n_F_ATTACK_004;143\n_F_ATTACK_003;193	0	0;0;0;0		0	0								3910;78	1	0	0	2;5	0.0	0.0	0.0	0.0	0.0	0.0	0.0	0
3910		50000	_F_ATTACK_002;49\n_F_SENTRY_000;97	_F_FLEX_000;95\n_F_ATTACK_002;144	0	0;0;0;0		0	0					S_O_MEDIA_BLAST_RED;0			4910;27\n3923;35\n3924;36	1	0	0	2;5	0.0	0.0	0.0	0.0	0.0	0.0	0.0	0
3911		50000	_F_ATTACK_001;45	_F_ATTACK_001;45	0	0;0;0;0		0	0					S_L_CIRCLE_WATER_L_RED;32			3977;32	1	0	0	2;5	0.0	0.0	0.0	0.0	0.0	0.0	0.0	0
3920		600	_F_ATTACK_000;30	_F_ATTACK_000;30	0	0;0;0;0		0	0					S_O_M007_ATK_0_FINAL;0			4980;0\n8194;3\n3543;14	1	0	0	2;5	0.0	0.0	0.0	0.0	0.0	0.0	0.0	0
3921		400	_F_ATTACK_001;50	_F_ATTACK_001;50	128	0;0;0;0		0	0	HIT(95)		S_H_REDLIGHT;0;14\nS_H_REDLIGHT;0;27		S_O_M007_ATK_1_FINAL;0			8194;0	3	550	0	2;5	0.5	0.5	0.5	0.5	0.0	0.0	0.0	0
3922		400	_F_ATTACK_001;50	_F_ATTACK_001;50	128	0;0;0;0		0	0	HIT(95)		S_H_REDLIGHT;0;14\nS_H_REDLIGHT;0;27		S_O_M007_ATK_1_FINAL;0			8194;0	3	550	0	2;5	0.75	0.75	0.75	0.75	0.0	0.0	0.0	0
3923		2000	_F_ATTACK_002;50	_F_ATTACK_002;50	0	0;0;0;0		0	0					S_O_M007_ATK_2_FINAL;0			4986;0\n8193;1\n3546;30\n8194;50	1	0	0	2;5	0.0	0.0	0.0	0.0	0.0	0.0	0.0	0
3924		2500	_F_ATTACK_002;50	_F_ATTACK_002;50	0	0;0;0;0		0	0					S_O_M007_ATK_2A_FINAL;0			4987;0\n8193;1\n3547;32\n3547;36\n3547;40\n8194;45	1	0	0	2;5	0.0	0.0	0.0	0.0	0.0	0.0	0.0	0
3925		1000			0	0;0;0;0		0	0									0	0	0		0.0	0.0	0.0	0.0	0.0	0.0	0.0	0
3926		1500	_F_ATTACK_003;60	_F_ATTACK_003;60	0	0;0;0;0		0	0					S_O_DARK_THUNDER;0			4995;0\n8193;1\n4025;40\n8194;56	1	0	0	1;5	0.0	0.0	0.0	0.0	0.0	0.0	0.0	0
3927		500	_F_SENTRY_000;20\n_F_ATTACK_004;80	_F_SENTRY_000;20\n_F_ATTACK_004;80	128	0;0;0;31\n75;0;0;36\n75;0;0;42\n150;0;0;46\n150;0;0;51\n450;0;0;66		0	0	HIT(95)	STUN(35)	S_H_REDLIGHT;0;36\nS_H_REDLIGHT;0;47\nS_H_CROSS_REDLIGHT;304;59	-100;100;5	S_O_M007_ATK_4_FINAL;20			4985;0\n8194;3	3	550	0	2;5;8	2.0	0.0	2.0	0.0	0.0	0.0	0.0	0
3928		500	_F_SENTRY_000;20\n_F_ATTACK_004;80	_F_SENTRY_000;20\n_F_ATTACK_004;80	128	0;0;0;31\n75;0;0;36\n75;0;0;42\n150;0;0;46\n150;0;0;51\n450;0;0;66		0	0	HIT(95)	STUN(35)	S_H_REDLIGHT;0;36\nS_H_REDLIGHT;0;47\nS_H_CROSS_REDLIGHT;304;59	-150;100;5	S_O_M007_ATK_4_FINAL;20			4985;0\n8194;3	3	550	0	2;5;8	2.200000047683716	0.0	2.200000047683716	0.0	0.0	0.0	0.0	0
3929		1000	_F_ATTACK_005;50	_F_ATTACK_005;50	128	0;0;0;11\nARCEDGE;-3;0;0;22		0	0	HIT(95)	STUN(35)	S_H_CROSS_REDLIGHT_V2;304;33\nS_H_CROSS_REDLIGHT_V2;304;35\nS_H_CROSS_REDLIGHT_V2;304;37\nS_H_CROSS_REDLIGHT_V2;304;39\nS_H_CROSS_REDLIGHT_V2;304;41	0;-100;5	S_O_M007_ATK_5_FINAL;0		CAMERASHOCK(C_SKILL01);0	4982;0\n4073;25	6	500	0	2;5;8	1.5	0.0	1.5	0.0	0.0	0.0	0.0	0
4000		2500	_F_ATTACK_002;70	_F_ATTACK_002;70	0	0;0;0;70		0	0					S_O_M105_TRACING_FLAME_ARROW;0			20107;15\n20108;15\n20109;15\n20110;15	1	0	3004	1;5	0.0	0.0	0.0	0.0	0.0	0.0	0.0	0
4001		1500	_F_SENTRY_000;20\n_F_ATTACK_001;80	_F_SENTRY_000;20\n_F_ATTACK_001;80	0	0;0;0;80		0	0					S_O_M034_ATK_3;20			3528;36	1	0	3015	2;5	0.0	0.0	0.0	0.0	0.0	0.0	0.0	0
4002		1500	_F_FORWARD_000;25	_F_FORWARD_000;25	16384	RUNEDGE;-1;0;3000		0	284	HIT(100)					motionblur;12;0		43212;0\n43011;1	1	0	3006	5	0.0	0.0	0.0	0.0	0.0	0.0	0.0	0
4003		1500	_F_ATTACK_001;25\n_F_ATTACK_002;51\n_F_ATTACK_002;77	_F_ATTACK_001;25\n_F_ATTACK_002;51\n_F_ATTACK_002;77	16384	0;0;0;75		0	0	GO(0)	GO(0)			PS_O_TORNADO;55			42019;55	1	0	3030	5;6	0.0	0.0	0.0	0.0	0.0	0.0	0.0	0
4004		1500	_F_SENTRY_000;15\n_F_ATTACK_003;63	_F_SENTRY_000;15\n_F_ATTACK_003;63	0	0;0;0;22\nARCEDGE;-1;0;0;13		0	0	HIT(95)				S_O_M023_JUMPATK;15\nS_O_STAMP_BLUE;0				1	250	3006	1;5;8	1.2000000476837158	0.0	1.2000000476837158	0.0	0.0	0.0	0.0	0
4005		1200	_F_ATTACK_002;30\n_F_ATTACK_002;60\n_F_ATTACK_002;90	_F_ATTACK_002;30\n_F_ATTACK_002;60\n_F_ATTACK_002;90	0	0;0;0;90		0	0								3348;66	1	0	3030	2;5	0.0	0.0	0.0	0.0	0.0	0.0	0.0	0
4006		200	_F_SENTRY_000;25\n_F_ATTACK_001;85\n	_F_SENTRY_000;25\n_F_ATTACK_001;85\n	2080	0;0;0;80		0	0	HIT(95)	STUN(75)	S_H_PHYSICS2;304;25		S_A_TWOHAND_BEAT;25				3	250	3006	2;5	1.2000000476837158	0.0	1.2000000476837158	0.0	0.0	0.0	0.0	0
4007		150	_F_ATTACK_001;60	_F_ATTACK_001;60	32	0;0;0;60	-10;10\n-20;11\n-30;12\n-40;13\n-50;14\n-60;15\n-70;16\n-70;26\n-50;27\n-30;28\n-10;29\n0;30	0	0	HIT(95)	STUN(75)	S_H_PHYSICS2;304;49	0;500;5					1	200	3020	1;5;8	2.0	0.0	2.0	0.0	0.0	0.0	0.0	0
4008		400	_F_SENTRY_000;15\n_F_ATTACK_003;85	_F_SENTRY_000;15\n_F_ATTACK_003;85	0	0;0;0;25\n1000;0;30;37		0	0					S_O_SKELETON_DASH;15			3245;26	1	0	3006	2;5	0.0	0.0	0.0	0.0	0.0	0.0	0.0	0
4009		230	_F_SENTRY_000;15\n_F_ATTACK_002;105	_F_SENTRY_000;15\n_F_ATTACK_002;105	128	0;0;0;100		0	0	HIT(95)		S_H_PHYSICS_SWORD;0;37\nS_H_PHYSICS_SWORD;0;43\nS_H_PHYSICS_SWORD;0;54		S_O_CRAZY_WHIP;15				6	230	3010	2;5;8	2.0	0.0	2.0	0.0	0.0	0.0	0.0	0
4010		500	_F_ATTACK_004;79	_F_ATTACK_004;79	0	0;0;0;80		0	0								3462;63	1	0	3005	2;4;11;13	0.0	0.0	0.0	0.0	0.0	0.0	0.0	0
4011		500	_F_ATTACK_004;79	_F_ATTACK_004;79	0	0;0;0;80		0	0								3463;63	1	0	3005	2;4;11;13	0.0	0.0	0.0	0.0	0.0	0.0	0.0	0
4012		500	_F_ATTACK_004;79	_F_ATTACK_004;79	0	0;0;0;80		0	0								3464;63	1	0	3005	2;4;11;13	0.0	0.0	0.0	0.0	0.0	0.0	0.0	0
4013		1200	_F_SENTRY_000;15\n_F_ATTACK_002;75	_F_SENTRY_000;15\n_F_ATTACK_002;75	0	0;0;0;70		0	0					S_O_GHOSTFIRE_GOAT;15			3103;47	1	0	0	2;5;8	0.0	0.0	0.0	0.0	0.0	0.0	0.0	0
4014		1500	_F_SENTRY_000;15\n_F_ATTACK_002;75	_F_SENTRY_000;15\n_F_ATTACK_002;75	0	0;0;0;70		0	0					S_O_FIREBOLT_GOAT;15			3115;47	1	0	0	2;5;8	0.0	0.0	0.0	0.0	0.0	0.0	0.0	0
4015		1500	_F_SENTRY_000;15\n_F_ATTACK_003;75	_F_SENTRY_000;15\n_F_ATTACK_002;75	0	0;0;0;70		0	0					S_O_FIREBOLT_GOAT;15			3115;47	1	0	0	2;5;8	0.0	0.0	0.0	0.0	0.0	0.0	0.0	0
4016		1200	_F_ATTACK_004;60	_F_ATTACK_004;60	0	0;0;0;60		0	0					S_O_FIREBOLT;35			3262;17	1	0	0	2;5;8;9	0.0	0.0	0.0	0.0	0.0	0.0	0.0	0
4017		500	_F_ATTACK_002;300\n_F_ATTACK_003;420	_F_ATTACK_002;300\n_F_ATTACK_003;420	0	0;0;0;420		0	0	GO(0)	GO(0)			S_O_DIGGING;0\nS_O_DIGGING;300			3557;1\n3558;120\n3061;150\n40128;180\n3061;210	1	0	3060	1;11;13	0.0	0.0	0.0	0.0	0.0	0.0	0.0	0
4018		1500	_F_SENTRY_000;15\n_F_ATTACK_004;84	_F_SENTRY_000;15\n_F_ATTACK_004;84	0	0;0;0;80		0	0								3115;38	1	0	3045	2;5;9	0.0	0.0	0.0	0.0	0.0	0.0	0.0	0
4019		1500	_F_SENTRY_000;15\n_F_ATTACK_004;84	_F_SENTRY_000;15\n_F_ATTACK_004;84	0	0;0;0;80		0	0								\n3104;38	1	0	3030	2;5;9	0.0	0.0	0.0	0.0	0.0	0.0	0.0	0
4020		1200	_F_SENTRY_000;15\n_F_ATTACK_004;84	_F_SENTRY_000;15\n_F_ATTACK_004;84	0	0;0;0;80		0	0								3008;38	1	0	3010	2;5;8;9	0.0	0.0	0.0	0.0	0.0	0.0	0.0	0
4021		230	_F_SENTRY_000;15\n_F_ATTACK_001;65	_F_SENTRY_000;15\n_F_ATTACK_001;65	128	0;0;0;60		0	0	HIT(95)	STUN(35)	S_H_PHYSICS_SWORD;0;38	-75;20;5					6	250	3006	2;5;8	1.25	0.0	1.25	0.0	0.0	0.0	0.0	0
4022		800	_F_ATTACK_003;69	_F_ATTACK_003;69	128	ARCEDGE;-0.7;0;0;45\n0;0;0;15		0	0	HIT(95)		none;1005;0\nS_H_PHYSICS_SWORD;304;45		S_O_M017_ATTACK_003;0				6	200	0	2;5;8	1.5	0.0	1.5	0.0	0.0	0.0	0.0	0
4023		1000	_F_SENTRY_000;15\n_F_ATTACK_002;94	_F_SENTRY_000;15\n_F_ATTACK_002;94	0	0;0;0;90		0	0					S_O_LION_HOWLING;15			3246;38	1	0	3006	2;5;8	0.0	0.0	0.0	0.0	0.0	0.0	0.0	0
4024		500	_F_ATTACK_003;89	_F_ATTACK_003;89	0	0;0;0;26\n500;0;30;36		0	0					S_O_DASH_LION;0			\n3245;26	1	0	3010	2;5	0.0	0.0	0.0	0.0	0.0	0.0	0.0	0
4025		120	_F_SENTRY_000;15\n_F_ATTACK_001;85	_F_SENTRY_000;15\n_F_ATTACK_001;85	64	0;0;0;85		0	0	HIT(95)		S_H_PHYSICS_BITE;0;30						1	170	3004	1;5;8	1.7999999523162842	0.0	1.7999999523162842	0.0	0.0	0.0	0.0	0
4026		1200	_F_SENTRY_000;15\n_F_ATTACK_001;105	_F_SENTRY_000;15\n_F_ATTACK_001;105	0	0;0;0;105		0	0								MULTITARGET(3220,1200,6);35	1	0	3004	2;5;8	0.0	0.0	0.0	0.0	0.0	0.0	0.0	0
4027		2400	_F_ATTACK_002;94	_F_ATTACK_002;94	0	0;0;0;90		0	0								MULTITARGET(3235,2400,6);50	1	0	3003	2;5	0.0	0.0	0.0	0.0	0.0	0.0	0.0	0
4028		600	_F_ATTACK_002;60	_F_ATTACK_002;60	32	0;0;0;60		0	0	HIT(95)	STUN(95)	S_H_PHYSICS_PUNCH;0;12	-1300;20;20					1	600	3030	1;5	0.800000011920929	0.0	0.800000011920929	0.0	0.0	0.0	0.0	0
4029		1200	_F_FLEX_000;60\n_F_ATTACK_003;91	_F_FLEX_000;60\n_F_ATTACK_003;91	0	0;0;0;90		0	0								MULTITARGET(3338,1800,6);72	1	0	3015	3;5	0.0	0.0	0.0	0.0	0.0	0.0	0.0	0
4030		1500	_F_SENTRY_000;15\n_F_ATTACK_003;63	_F_SENTRY_000;15\n_F_ATTACK_003;63	0	0;0;0;22\nARCEDGE;-1;0;0;13		0	0	HIT(95)	STUN(25)		-120;30;5	S_O_M023_JUMPATK;15\nS_O_STAMP_BLUE;0				3	250	3004	1;5;8	1.2000000476837158	0.0	1.2000000476837158	0.0	0.0	0.0	0.0	0
4031		1700	_F_SENTRY_000;15\n_F_ATTACK_002;50	_F_SENTRY_000;15\n_F_ATTACK_002;50	0	0;0;0;50		0	0								MULTITARGET(3091,1700,6);31	1	0	3010	2;5;8	0.0	0.0	0.0	0.0	0.0	0.0	0.0	0
4032		300	_F_SENTRY_000;15\n_F_ATTACK_001;60	_F_SENTRY_000;15\n_F_ATTACK_001;60	128	0;0;0;60		0	0	HIT(95)	STUN(95)	S_H_PHYSICS_SWORD;0;32	-120;30;5	S_O_POWER_SLASH2;15			3761;33\n3762;35\n3763;37	6	370	3015	2;5;8	1.0	0.0	1.0	0.0	0.0	0.0	0.0	0
4033		2500	_F_ATTACK_000;48	_F_ATTACK_000;48	0	0;0;0;48		0	0					PS_O_FIRE_WEAPON;0			33101;20	1	0	3045	2;4;11;13	0.0	0.0	0.0	0.0	0.0	0.0	0.0	0
4034		150	_F_ATTACK_002;90	_F_ATTACK_002;90	0	0;0;0;90		0	0	GO(0)	GO(0)	none;33102;80						1	100	3045	1;4;13	0.0	0.0	0.0	0.0	0.0	0.0	0.0	0
4035		700	_F_ATTACK_003;120	_F_ATTACK_003;120	0	0;0;0;35\n600;0;0;60		0	0					S_O_DASH_JUMP;0			\n43300;60	1	0	3006	2;8;13	0.0	0.0	0.0	0.0	0.0	0.0	0.0	0
4036		700	_F_ATTACK_003;120	_F_ATTACK_003;120	0	0;0;0;35\n10;0;0;60		0	0					S_O_DASH_JUMP;0			\n43300;60	1	0	3006	2;8;13	0.0	0.0	0.0	0.0	0.0	0.0	0.0	0
4037		1200	_F_SENTRY_000;15\n_F_ATTACK_001;75	_F_SENTRY_000;15\n_F_ATTACK_001;75	0	0;0;0;75		0	0								RANDOMAREA(3250,1200,8);34	1	0	3008	2;5;8	0.0	0.0	0.0	0.0	0.0	0.0	0.0	0
4038	IS111	100	_F_ATTACK_000;31	_F_ATTACK_000;31	0			0	0	GO(0)	GO(0)			PS_O_SYLPH_GUARD;0			40017;0	1	0	3015	13	0.0	0.0	0.0	0.0	0.0	0.0	0.0	0
4039	IS105	100	_F_SENTRY_000;10	_F_SENTRY_000;10	8	-450;0;0;10		0	0	GO(0)				PS_O_STEP_DODGE;0			40018;0\n40280;15	1	0	3004	13	0.0	0.0	0.0	0.0	0.0	0.0	0.0	0
4040	IS105	100	_F_SENTRY_000;10	_F_SENTRY_000;10	8	450;0;0;10		0	0	GO(0)				PS_O_STEP_DODGE;0			40018;0\n40280;15	1	0	3004	13	0.0	0.0	0.0	0.0	0.0	0.0	0.0	0
4041		1100	_F_SENTRY_000;15\n_F_ATTACK_003;84\n_F_ATTACK_001;144\n	_F_SENTRY_000;15\n_F_ATTACK_003;84\n_F_ATTACK_001;144	0	0;0;0;144		0	0								RANDOMAREA(3044,1200,8);45\nMULTITARGET(3044,1200,6);45\nRANDOMAREA(3044,1200,6);75\nRANDOMAREA(3044,1200,8);100\nMULTITARGET(3044,1200,6);100	1	0	3020	2;5	0.0	0.0	0.0	0.0	0.0	0.0	0.0	0
4042		1000	\n_F_ATTACK_001;47	\n_F_ATTACK_001;47	0	0;0;0;47	45;20\n90;23\n135;26\n180;29\n225;32\n270;35\n315;38\n0;40	0	0								3453;20\n3453;23\n3453;26\n3453;29\n3453;32\n3453;35\n3453;38\n3453;40	1	0	3004	2;5;8	0.0	0.0	0.0	0.0	0.0	0.0	0.0	0
4043		1800	_F_ATTACK_002;60\n_F_FORWARD_000;82\n_F_FORWARD_000;104\n_F_ATTACK_003;151	_F_ATTACK_002;60\n_F_FORWARD_000;82\n_F_FORWARD_000;104\n_F_ATTACK_003;151	0	0;0;0;60\n2400;0;0;106		0	0					S_O_PIG_DASH;60			33104;60\n33102;82\n33102;87\n33102;92\n33102;97\n33102;105	1	0	3008	2;5	0.0	0.0	0.0	0.0	0.0	0.0	0.0	0
4044		500	_F_ATTACK_002;300\n_F_ATTACK_003;420	_F_ATTACK_002;300\n_F_ATTACK_003;420	0	0;0;0;420		0	0	GO(0)	GO(0)			S_O_DIGGING_ICE;0\nS_O_DIGGING_ICE;300			3557;1\n3558;120\n3062;150\n40128;180\n3062;210	1	0	3060	1;11;13	0.0	0.0	0.0	0.0	0.0	0.0	0.0	0
4045		500	_F_SENTRY_000;15\n_F_SENTRY_001;95	_F_SENTRY_000;15\n_F_SENTRY_001;95	0	0;0;0;95		0	0	GO(0)	GO(0)			S_A_DUST_BLAST;15\nS_A_ICECORE_BLAST;15			\n33105;50	1	0	3025	2;5	0.0	0.0	0.0	0.0	0.0	0.0	0.0	0
4046		1800	_F_SENTRY_000;15\n_F_ATTACK_001;105	_F_SENTRY_000;15\n_F_ATTACK_001;105	0	0;0;0;105		0	0					S_O_STORM_ICE_275;15			\nMULTITARGET(3058,1800,6);69\nRANDOMAREA(3058,1800,6);69	1	0	3003	2;5;9	0.0	0.0	0.0	0.0	0.0	0.0	0.0	0
4047		450	_F_SENTRY_000;15\n_F_ATTACK_000;51	_F_SENTRY_000;15\n_F_ATTACK_000;51	128	0;0;0;50		0	0	HIT(95)		S_H_PHYSICS_SWORD;0;28		S_O_M017_ATTACK_000_SP4;15			33106;32	1	450	0	1;5;8	1.0	0.0	1.0	0.0	0.0	0.0	0.0	0
4048		230	_F_SENTRY_000;15\n_F_ATTACK_001;65	_F_SENTRY_000;15\n_F_ATTACK_001;65	128	0;0;0;65		0	0	HIT(95)	STUN(35)	S_H_PHYSICS_SWORD;0;38	-75;20;5	S_O_M017_ATTACK_001;0				6	450	3004	2;5;8	1.25	0.0	1.25	0.0	0.0	0.0	0.0	0
4049		600	_F_SENTRY_000;15\n_F_FORWARD_000;47	_F_SENTRY_000;15\n_F_FORWARD_000;47	128	-200;0;0;15\n1000;0;0;30		0	0	HIT(95)		S_H_PHYSICS_SWORD;0;28		S_O_CLASH;15			33119;17\n33119;25\n33119;32\n33119;39\n33119;45	3	200	3003	2;5;8	1.5	0.0	1.5	0.0	0.0	0.0	0.0	0
4050		800	_F_SENTRY_000;15\n_F_ATTACK_003;84	_F_SENTRY_000;15\n_F_ATTACK_003;84	128	0;0;0;15\nARCEDGE;-0.7;0;0;45		0	0	HIT(95)	STUN(50)	S_H_PHYSICS_SWORD;304;60		S_O_M017_ATTACK_003;0\nS_M_GIANT_LEAD;50		CAMERASHOCK(C_SKILL01);18		6	200	3020	2;5;8	1.5	0.0	1.5	0.0	0.0	0.0	0.0	0
4051	I_CON2_1	1800	_F_ATTACK_004;34	_F_ATTACK_004;34	16384	0;0;0;30		0	0	GO(0)	GO(0)			PS_O_BATTLE_CALL;0	CAMERASHOCK(C_SKILL01);18		33107;17	1	0	3015	1;5;13;17;21;33	0.0	0.0	0.0	0.0	0.0	0.0	0.0	1
4052		1500	_F_ATTACK_002;73\n	_F_ATTACK_02;73\n	16384	0;0;0;70		0	0	GO(0)	GO(0)			PS_O_THUNDER_FALL;34			MULTITARGET(42014,1500,6);20	6	0	3030	2;5	0.0	0.0	0.0	0.0	0.0	0.0	0.0	0
4053		1200	_F_SENTRY_000;15\n_F_ATTACK_001;105	_F_SENTRY_000;15\n_F_ATTACK_001;105	0	0;0;0;105		0	0								MULTITARGET(3220,1200,6);35	1	0	3004	2;5;8	0.0	0.0	0.0	0.0	0.0	0.0	0.0	0
4054		2400	_F_ATTACK_002;94	_F_ATTACK_002;94	0	0;0;0;94		0	0								MULTITARGET(33108,2400,6);50	1	0	3002	2;5	0.0	0.0	0.0	0.0	0.0	0.0	0.0	0
4055	IS103	1500	_F_ATTACK_000;26\n_F_ATTACK_001;26\n	_F_ATTACK_000;26\n_F_ATTACK_001;26\n	16384	50;0;0;7\n50;0;0;12\n150;0;0;25		0	0					PS_O_BLOODY_TRAIL;0			40024;7\n40340;24	0	0	3006	13	0.0	0.0	0.0	0.0	0.0	0.0	0.0	0
4056		1800	_F_SENTRY_000;15\n_F_ATTACK_001;60	_F_SENTRY_000;15\n_F_ATTACK_001;60	0	0;0;0;60		0	0								3115;38	1	0	3045	2;5;9	0.0	0.0	0.0	0.0	0.0	0.0	0.0	0
4057		2400	_F_SENTRY_000;30\n_F_ATTACK_004;40	_F_SENTRY_000;30\n_F_ATTACK_004;40	0	0;0;0;40		0	0								\n3104;38	1	0	3030	2;5;9	0.0	0.0	0.0	0.0	0.0	0.0	0.0	0
4058		600	_F_SENTRY_000;15\n_F_ATTACK_002;94	_F_SENTRY_000;15\n_F_ATTACK_002;94	0	0;0;0;94		0	0	GO(0)	GO(0)	none;3003;30		S_O_LION_HOWLING;15\nU_JUMP_TRIGGER;30			33110;38	1	0	3015	1;4;13	0.0	0.0	0.0	0.0	0.0	0.0	0.0	0
4059		500	_F_ATTACK_003;89	_F_ATTACK_003;89	0	0;0;0;26\n500;0;30;36		0	0					S_O_DASH_LION;0			\n3245;26	1	0	3006	2;5	0.0	0.0	0.0	0.0	0.0	0.0	0.0	0
4060		2400	_F_ATTACK_003;50	_F_ATTACK_003;50	0	0;0;0;26\nARCEDGE;-1;0;0;15		0	0									1	0	0	2;5	0.0	0.0	0.0	0.0	0.0	0.0	0.0	0
4061		1200	_F_FLEX_000;60\n_F_ATTACK_003;91	_F_FLEX_000;60\n_F_ATTACK_003;91	0	0;0;0;90		0	0								MULTITARGET(33111,1800,6);72	1	0	3025	3;5	0.0	0.0	0.0	0.0	0.0	0.0	0.0	0
4062		1500	_F_FORWARD_000;23	_F_ATTACK_003;50	0	1400;0;0;23		0	0									1	0	3020	2;5	0.0	0.0	0.0	0.0	0.0	0.0	0.0	0
4063		1500	_F_SENTRY_000;15\n_F_ATTACK_003;75	_F_SENTRY_000;15\n_F_ATTACK_003;75	0	0;0;0;75		0	0					S_O_ICERAIN;15			MULTITARGET(3022,1500,6);25	1	0	3045	2;5;8	0.0	0.0	0.0	0.0	0.0	0.0	0.0	0
4064		1800	_F_SENTRY_000;30\n_F_ATTACK_000;60	_F_SENTRY_000;30\n_F_ATTACK_000;60	0	0;0;0;60		0	0								MULTITARGET(33114,1800,6);55\nMULTITARGET(33114,1800,6);80	1	0	3002	2;5;8	0.0	0.0	0.0	0.0	0.0	0.0	0.0	0
4065		600	_F_ATTACK_003;46	_F_ATTACK_003;46	0	0;0;0;46		0	0								33115;25\n33115;26	1	0	3060	2;5;8	0.0	0.0	0.0	0.0	0.0	0.0	0.0	0
4066		8000	_F_ATTACK_001;25\n_F_ATTACK_003;30	_F_ATTACK_001;25\n_F_ATTACK_003;30	0	0;0;0;25\n-100;0;0;60		0	0					S_O_M020_GETTA_BEAN;0			4933;12\n33116;13\n33116;17\n33116;21\n33116;25\n33116;29\n33116;30\n33116;33\n33116;37\n33116;41\n33116;45\n33116;49\n33116;53\n33116;57\n33116;61\n33116;63\n4910;64\n33116;65	1	0	3030	2;5	0.0	0.0	0.0	0.0	0.0	0.0	0.0	0
4067		800	_F_FALLING_000;30\n_F_ATTACK_004;60	_F_FALLING_000;30\n_F_ATTACK_004;60	0	0;0;0;60		0	0	GO(0)	GO(0)	S_H_POISON_PURPLE;33117;45		S_O_CRY_GHOST;30				15	700	3015	3	0.0	0.5	0.0	0.5	0.0	0.0	0.0	0
4068		250	_F_SENTRY_000;15\n_F_ATTACK_002;35	_F_SENTRY_000;15\n_F_ATTACK_002;35	32	150;0;0;15		0	0	HIT(95)	STUN(95)	S_H_PHYSICS_PUNCH;304;28	-100;50;5	S_O_POWER_WAVE;0\nPS_O_ATTACK004;15				3	175	3004	2;5;8	1.0499999523162842	0.44999998807907104	1.0499999523162842	0.44999998807907104	0.0	0.0	0.0	0
4069		1500	_F_ATTACK_003;43	_F_ATTACK_003;43	0	0;0;0;15\nRUNEDGE;0.1;0;3000		0	0					S_O_ROBOT_DASH;15			3084;0	1	0	3012	2;5;8	0.0	0.0	0.0	0.0	0.0	0.0	0.0	0
4070		2000	_F_SENTRY_000;20\n_F_ATTACK_000;54	_F_SENTRY_000;20\n_F_ATTACK_000;54	0	0;0;0;54	\n-20;31\n-50;34\n-50;37\n-20:40\n0;43\n20;45\n50;48\n20;51\n0;54	0	0					S_O_WHIRL_WIND;20			3086;37\n3086:40\n3086;43\n3086;45\n3086;48\n\n	1	0	3015	2;5;8	0.0	0.0	0.0	0.0	0.0	0.0	0.0	0
4071	IS101	150	_F_ATTACK_001;32	_F_ATTACK_001;32	128	0;0;0;32		0	0					PS_MILLION_STAB_SEC_V2;0			40141;0\n40152;4\n40153;7\n40154;10\n40155;14	1	150	3006	2	0.0	0.0	0.0	0.0	0.0	0.0	0.0	0
4072		800	_F_FORWARD_000;60	_F_FORWARD_000;60	0	1500;0;0;60		0	0					S_O_STAMP;25\nS_A_STAMP;50			33102;20\n33102;30\n33102;40\n33102;50\n33102;60	1	0	3004	2;5;8	0.0	0.0	0.0	0.0	0.0	0.0	0.0	0
4073		1800	_F_WALK_000;45	_F_WALK_000;45	0	-500;0;0;45		0	0								33102;20\n33102;30\n33102;40\n33102;50\n33102;60	1	0	3004	2;5;8	0.0	0.0	0.0	0.0	0.0	0.0	0.0	0
4074		800	_F_FORWARD_000;45	_F_FORWARD_000;45	0	800;800;0;45		0	0					S_O_STAMP;25			33102;20\n33102;30\n33102;40	1	0	3002	1;5;8	0.0	0.0	0.0	0.0	0.0	0.0	0.0	0
4075		800	_F_FORWARD_000;45	_F_FORWARD_000;45	0	800;-800;0;45		0	0					S_O_STAMP;25			33102;20\n33102;30\n33102;40	1	0	3002	1;5;8	0.0	0.0	0.0	0.0	0.0	0.0	0.0	0
4076		300	_F_SENTRY_000;15\n_F_ATTACK_001;75	_F_SENTRY_000;15\n_F_ATTACK_001;75	32	0;0;0;75		0	0	HIT(95)	STUN(95)	S_H_PHYSICS_HAMMER;304;37	-1500;200;5	S_O_BACKKICK;0				1	250	3015	1;5;8	1.5	0.5	1.5	0.5	0.0	0.0	0.0	0
4077		2000	_F_SENTRY_000;15\n_F_ATTACK_002;75	_F_SENTRY_000;15\n_F_ATTACK_002;75	0	0;0;0;75		0	0					S_O_FIREBOLT_GOAT;15			3115;47	1	0	3045	2;5;8	0.0	0.0	0.0	0.0	0.0	0.0	0.0	0
4078	IS1621	2500	_F_SENTRY_000;15\n_F_ATTACK_002;75	_F_SENTRY_000;15\n_F_ATTACK_002;75	16384			0	0					S_O_FIREBOLT_GOAT;15			44007;20	1	0	0	2;4;13;24;29	0.0	0.0	0.0	0.0	0.0	0.0	0.0	0
4079		900	_F_SENTRY_000;15\n_F_ATTACK_000;54	_F_SENTRY_000;15\n_F_ATTACK_000;54	0	0;0;0;54		0	0					S_O_M010_CANON;15			3299;34	1	0	0	2;5;8	0.0	0.0	0.0	0.0	0.0	0.0	0.0	0
4080		150	_F_SENTRY_000;15\n_F_ATTACK_001;50	_F_SENTRY_000;15\n_F_ATTACK_001;50	32	0;0;0;50		0	0	HIT(95)	STUN(75)	S_H_PHYSICS_PUNCH;304;28		PS_O_STORM_CIRCLE_000;0			42223;22\n42224;22\n42225;22\n42226;22	1	150	3015	1;5;8	1.0	0.0	1.0	0.0	0.0	0.0	0.0	0
4081		2500	_F_SENTRY_000;15\n_F_ATTACK_003;55	_F_SENTRY_000;15\n_F_ATTACK_003;55	0	0;0;0;54		0	0					S_O_POWER_CANON;15			MULTITARGET(33118,2400,6);34	1	0	3025	2;5;8	0.0	0.0	0.0	0.0	0.0	0.0	0.0	0
4082		1000	_F_SENTRY_000;15\n_F_ATTACK_003;55	_F_SENTRY_000;15\n_F_ATTACK_003;55	0	0;0;0;55		0	0					S_O_POWER_CANON;15			3305;33	1	0	3004	2;5;8	0.0	0.0	0.0	0.0	0.0	0.0	0.0	0
4083		800	_F_ATTACK_002;55\n_F_ATTACK_002;65\n_F_SENTRY_000;80	_F_ATTACK_002;55\n_F_ATTACK_002;65\n_F_SENTRY_000;80	0	0;0;0;60		0	0					S_O_FIRETHROWER;0			3312;6\n3312;12\n3312;18\n3312;24\n3312;30\n3312;36\n3312;42\n3312;48\n3312;54\n3312;60	1	0	3010	2;5;8	0.0	0.0	0.0	0.0	0.0	0.0	0.0	0
4990		8000	_F_ATTACK_002;150	_F_ATTACK_002;150	0	0;0;0;0		0	0								4990;20\n4990;26\n4990;32\n4990;38\n4990;44	10	100	0	146	0.5	0.5	0.0	0.0	0.0	0.0	0.0	0
5101		2000	_F_EMPOWER_000;40	_F_EMPOWER_000;40	0	0;0;0;40		0	0	GO(0)	GO(0)	none;14;0\nnone;14;30		PS_O_HAMMER_OF_NALAYANA;0			5101;25	1	0	0	3;5;6;27;35	0.0	0.0	0.0	0.0	0.0	0.0	0.0	0
5102		2000	_F_EMPOWER_000;40	_F_EMPOWER_000;40	0	0;0;0;40		0	0	GO(0)	GO(0)	none;14;0\nnone;14;30		PS_O_SERVENT_OF_ATLUS;0			5102;30	0	100	0	13;35	0.0	0.0	0.0	0.0	0.0	0.0	0.0	0
5104		2000			8192			0	0	GO(0)	GO(0)	none;14;0		PS_O_LYDINA_MELODY;0			5104;15	1	100	0	13;35	0.0	0.0	0.0	0.0	0.0	0.0	0.0	0
5105		2000	_F_EMPOWER_000;40	_F_EMPOWER_000;40	0	0;0;0;40		0	0	GO(0)	GO(0)	none;14;0\nnone;14;30		PS_O_TREASURE_HUNTER;0			5105;30	1	100	0	13;35	0.0	0.0	0.0	0.0	0.0	0.0	0.0	0
5106		2000	_F_EMPOWER_000;40	_F_EMPOWER_000;40	0	0;0;0;40		0	0	GO(0)	GO(0)	none;14;0\nnone;14;30		PS_O_CALL_OF_VOID;0			5106;30	0	100	0	35	0.0	0.0	0.0	0.0	0.0	0.0	0.0	0
5108		2000	_F_EMPOWER_000;40	_F_EMPOWER_000;40	0	0;0;0;40		0	0	GO(0)	GO(0)	none;14;0\nnone;14;30		PS_O_SWORD_OF_NALAYANA;0			5108;30	0	100	0	35	0.0	0.0	0.0	0.0	0.0	0.0	0.0	0
5122		100	_C_ATTACK_003;32	_C_ATTACK_003;32	0			0	0	GO(0)	GO(0)						5122;16	1	0	0	13	0.0	0.0	0.0	0.0	0.0	0.0	0.0	0
5123		100	_C_ATTACK_003;32	_C_ATTACK_003;32	0			0	0	GO(0)	GO(0)						5123;16	1	0	0	13	0.0	0.0	0.0	0.0	0.0	0.0	0.0	0
5124		100	_C_ATTACK_003;32	_C_ATTACK_003;32	0			0	0	GO(0)	GO(0)						5124;16	1	0	0	13	0.0	0.0	0.0	0.0	0.0	0.0	0.0	0
5125		100	_C_ATTACK_003;32	_C_ATTACK_003;32	0			0	0	GO(0)	GO(0)						5125;16	1	0	0	13	0.0	0.0	0.0	0.0	0.0	0.0	0.0	0
5126		3000			0			0	0								5126;17	0	1	0	13	0.0	0.0	0.0	0.0	0.0	0.0	0.0	0
5127		3000	_F_ATTACK_003;27	_F_ATTACK_003;27	0	0;0;0;0		0	0					PS_O_SUMMON_RIDE;0			5127;17	0	1	0	13	0.0	0.0	0.0	0.0	0.0	0.0	0.0	0
5128		5000			0	0;0;0;0		0	0								5128;10	0	0	0	3;5;6;19	0.0	0.0	0.0	0.0	0.0	0.0	0.0	0
5129		3000			0	0;0;0;0		0	0								5130;17	0	1	0	13	0.0	0.0	0.0	0.0	0.0	0.0	0.0	0
5130		500	_F_JUMP_001;12\n_F_JUMP_003;24	_F_JUMP_001;12\n_F_JUMP_003;24	0	ARCEDGE;-0.4;0;0;25		0	5131	GO(0)	GO(0)	none;2952;10						1	500	0	1;4;5	0.0	0.0	0.0	0.0	0.0	0.0	0.0	0
5131		3500	_F_JUMP_002;25	_F_JUMP_002;25	0	180;0;640;15		0	0	GO(0)	GO(0)							0	0	0	13	0.0	0.0	0.0	0.0	0.0	0.0	0.0	0
5132		1000			0			0	0	GO(0)							5132;0	1	1	0	1;4;5;22;23;24	0.0	0.0	0.0	0.0	0.0	0.0	0.0	0
5133		1000			0			0	0	GO(0)							5133;0	1	1	0	1;4;5;22;23;24	0.0	0.0	0.0	0.0	0.0	0.0	0.0	0
5134	Icon_Emotion_007	100	_F_EMOTION_007;111	_F_EMOTION_007;111	1	0;0;0;111		3	0	GO(0)	GO(0)			F_EMOTION_ACTION_7;0				2	0	0	13	0.0	0.0	0.0	0.0	0.0	0.0	0.0	0
5135	Icon_Emotion_007	100	_F_EMOTION_007;111	_F_EMOTION_007;111	1	0;0;0;111		3	0	GO(0)	GO(0)			M_EMOTION_ACTION_7;0				2	0	0	13	0.0	0.0	0.0	0.0	0.0	0.0	0.0	0
5137		20000			0			0	0	GO(0)	GO(0)						5137;0	1	100	0	13	0.0	0.0	0.0	0.0	0.0	0.0	0.0	0
5138		20000			0			0	0	GO(0)	GO(0)						5138;0	1	100	0	13	0.0	0.0	0.0	0.0	0.0	0.0	0.0	0
5139		20000			0			0	0	GO(0)	GO(0)						5139;0	1	100	0	13	0.0	0.0	0.0	0.0	0.0	0.0	0.0	0
5140		20000			0			0	0	GO(0)	GO(0)						5140;0	1	100	0	13	0.0	0.0	0.0	0.0	0.0	0.0	0.0	0
5141		20000			0			0	0	GO(0)	GO(0)						5141;0	1	100	0	13	0.0	0.0	0.0	0.0	0.0	0.0	0.0	0
5142		20000			0			0	0	GO(0)	GO(0)						5142;0	1	100	0	13	0.0	0.0	0.0	0.0	0.0	0.0	0.0	0
5143		20000			0			0	0	GO(0)	GO(0)						5143;0	1	100	0	13	0.0	0.0	0.0	0.0	0.0	0.0	0.0	0
5144		20000			0			0	0	GO(0)	GO(0)						5144;0	1	100	0	13	0.0	0.0	0.0	0.0	0.0	0.0	0.0	0
5145		20000			0			0	0	GO(0)	GO(0)						5145;0	1	100	0	13	0.0	0.0	0.0	0.0	0.0	0.0	0.0	0
5146		20000			0			0	0	GO(0)	GO(0)						5146;0	1	100	0	13	0.0	0.0	0.0	0.0	0.0	0.0	0.0	0
5147		20000			0			0	0	GO(0)	GO(0)						5147;0	1	100	0	13	0.0	0.0	0.0	0.0	0.0	0.0	0.0	0
5155		2000	_F_EMPOWER_000;40	_F_EMPOWER_000;40	0	0;0;0;40		0	0	GO(0)	GO(0)	none;14;0\nnone;14;30		PS_O_HAMMER_OF_NALAYANA;0			5155;25	1	0	0	3;5;6;27;35	0.0	0.0	0.0	0.0	0.0	0.0	0.0	0
5156		2000	_F_EMPOWER_000;40	_F_EMPOWER_000;40	0	0;0;0;40		0	0	GO(0)	GO(0)	none;14;0\nnone;14;30		PS_O_HAMMER_OF_NALAYANA;0			5156;25	1	0	0	3;5;6;27;35	0.0	0.0	0.0	0.0	0.0	0.0	0.0	0
5157		2000	_F_EMPOWER_000;40	_F_EMPOWER_000;40	0	0;0;0;40		0	0	GO(0)	GO(0)	none;14;0\nnone;14;30		PS_O_HAMMER_OF_NALAYANA;0			5157;25	1	0	0	3;5;6;27;35	0.0	0.0	0.0	0.0	0.0	0.0	0.0	0
5158		2000	_F_EMPOWER_000;40	_F_EMPOWER_000;40	0	0;0;0;40		0	0	GO(0)	GO(0)	none;14;0\nnone;14;30		PS_O_HAMMER_OF_NALAYANA;0			5158;25	1	0	0	3;5;6;27;35	0.0	0.0	0.0	0.0	0.0	0.0	0.0	0
5159		0			0			0	0									1	0	0		0.0	0.0	0.0	0.0	0.0	0.0	0.0	0
5160		1500	_F_ATTACK_000;28	_F_ATTACK_000;28	0	0;0;0;0		0	0								5160;11	1	1	0	4;5;6;22	0.0	0.0	0.0	0.0	0.0	0.0	0.0	0
5161		1500	_F_ATTACK_000;28	_F_ATTACK_000;28	0	0;0;0;0		0	0								5161;11	1	1	0	4;5;6	0.0	0.0	0.0	0.0	0.0	0.0	0.0	0
5162		2000	_F_EMPOWER_000;40	_F_EMPOWER_000;40	0	0;0;0;40		0	0	GO(0)	GO(0)	none;14;0\nnone;14;30		PS_O_SERVENT_OF_ATLUS;0			51032;30	0	100	0	13;35	0.0	0.0	0.0	0.0	0.0	0.0	0.0	0
5163		2000	_F_EMPOWER_000;40	_F_EMPOWER_000;40	0	0;0;0;40		0	0	GO(0)	GO(0)	none;14;0\nnone;14;30		PS_O_SERVENT_OF_ATLUS;0			51037;30	0	100	0	13;35	0.0	0.0	0.0	0.0	0.0	0.0	0.0	0
6601		100			0			0	0	GO(0)	GO(0)	none;6601;1						0	0	0	13	0.0	0.0	0.0	0.0	0.0	0.0	0.0	0
6602		100			0			0	0	GO(0)	GO(0)	none;6602;1						0	0	0	13	0.0	0.0	0.0	0.0	0.0	0.0	0.0	0
6603		100			0			0	0	GO(0)	GO(0)	none;6603;1						0	0	0	13	0.0	0.0	0.0	0.0	0.0	0.0	0.0	0
6604		100			0			0	0	GO(0)	GO(0)	none;6604;1						0	0	0	13	0.0	0.0	0.0	0.0	0.0	0.0	0.0	0
6605		100			0			0	0	GO(0)	GO(0)	none;6605;1						0	0	0	13	0.0	0.0	0.0	0.0	0.0	0.0	0.0	0
6606		100			0			0	0	GO(0)	GO(0)	none;6606;1						0	0	0	13	0.0	0.0	0.0	0.0	0.0	0.0	0.0	0
6607		100			0			0	0	GO(0)	GO(0)	none;6607;1						0	0	0	13	0.0	0.0	0.0	0.0	0.0	0.0	0.0	0
6608		100			0			0	0	GO(0)	GO(0)	none;6608;1						0	0	0	13	0.0	0.0	0.0	0.0	0.0	0.0	0.0	0
6609		100			0			0	0	GO(0)	GO(0)	none;6609;1						0	0	0	13	0.0	0.0	0.0	0.0	0.0	0.0	0.0	0
6610		100			0			0	0	GO(0)	GO(0)	none;6610;1						0	0	0	13	0.0	0.0	0.0	0.0	0.0	0.0	0.0	0
6611		100			0			0	0	GO(0)	GO(0)	none;6611;1						0	0	0	13	0.0	0.0	0.0	0.0	0.0	0.0	0.0	0
6612		100			0			0	0	GO(0)	GO(0)	none;6612;1						0	0	0	13	0.0	0.0	0.0	0.0	0.0	0.0	0.0	0
6613		100			0			0	0	GO(0)	GO(0)	none;6613;1						0	0	0	13	0.0	0.0	0.0	0.0	0.0	0.0	0.0	0
6614		100			0			0	0	GO(0)	GO(0)	none;6614;1						0	0	0	13	0.0	0.0	0.0	0.0	0.0	0.0	0.0	0
6615		100			0			0	0	GO(0)	GO(0)	none;6615;1						0	0	0	13	0.0	0.0	0.0	0.0	0.0	0.0	0.0	0
6616		100			0			0	0	GO(0)	GO(0)	none;6616;1						0	0	0	13	0.0	0.0	0.0	0.0	0.0	0.0	0.0	0
6617		100			0			0	0	GO(0)	GO(0)	none;6617;1						0	0	0	13	0.0	0.0	0.0	0.0	0.0	0.0	0.0	0
6618		100			0			0	0	GO(0)	GO(0)	none;6618;1						0	0	0	13	0.0	0.0	0.0	0.0	0.0	0.0	0.0	0
6619		100			0			0	0	GO(0)	GO(0)	none;6619;1						0	0	0	13	0.0	0.0	0.0	0.0	0.0	0.0	0.0	0
6620		100			0			0	0	GO(0)	GO(0)	none;6620;1						0	0	0	13	0.0	0.0	0.0	0.0	0.0	0.0	0.0	0
6621		100			0			0	0	GO(0)	GO(0)	none;6621;1						0	0	0	13	0.0	0.0	0.0	0.0	0.0	0.0	0.0	0
6622		100			0			0	0	GO(0)	GO(0)	none;6622;1						0	0	0	13	0.0	0.0	0.0	0.0	0.0	0.0	0.0	0
6623		100			0			0	0	GO(0)	GO(0)	none;6623;1						0	0	0	13	0.0	0.0	0.0	0.0	0.0	0.0	0.0	0
6624		100			0			0	0	GO(0)	GO(0)	none;6624;1						0	0	0	13	0.0	0.0	0.0	0.0	0.0	0.0	0.0	0
6625		100			0			0	0	GO(0)	GO(0)	none;6625;1						0	0	0	13	0.0	0.0	0.0	0.0	0.0	0.0	0.0	0
6626		100			0			0	0	GO(0)	GO(0)	none;6626;1						0	0	0	13	0.0	0.0	0.0	0.0	0.0	0.0	0.0	0
6627		100			0			0	0	GO(0)	GO(0)	none;6627;1						0	0	0	13	0.0	0.0	0.0	0.0	0.0	0.0	0.0	0
6628		100			0			0	0	GO(0)	GO(0)	none;6628;1						0	0	0	13	0.0	0.0	0.0	0.0	0.0	0.0	0.0	0
6629		100			0			0	0	GO(0)	GO(0)	none;6629;1						0	0	0	13	0.0	0.0	0.0	0.0	0.0	0.0	0.0	0
6630		100			0			0	0	GO(0)	GO(0)	none;6630;1						0	0	0	13	0.0	0.0	0.0	0.0	0.0	0.0	0.0	0
6631		100			0			0	0	GO(0)	GO(0)	none;6631;1						0	0	0	13	0.0	0.0	0.0	0.0	0.0	0.0	0.0	0
6632		100			0			0	0	GO(0)	GO(0)	none;6632;1						0	0	0	13	0.0	0.0	0.0	0.0	0.0	0.0	0.0	0
6633		100			0			0	0	GO(0)	GO(0)	none;6633;1						0	0	0	13	0.0	0.0	0.0	0.0	0.0	0.0	0.0	0
6634		100			0			0	0	GO(0)	GO(0)	none;6634;1						0	0	0	13	0.0	0.0	0.0	0.0	0.0	0.0	0.0	0
6635		100			0			0	0	GO(0)	GO(0)	none;6635;1						0	0	0	13	0.0	0.0	0.0	0.0	0.0	0.0	0.0	0
6636		100			0			0	0	GO(0)	GO(0)	none;6636;1						0	0	0	13	0.0	0.0	0.0	0.0	0.0	0.0	0.0	0
6637		100			0			0	0	GO(0)	GO(0)	none;6637;1						0	0	0	13	0.0	0.0	0.0	0.0	0.0	0.0	0.0	0
6638		100			0			0	0	GO(0)	GO(0)	none;6638;1						0	0	0	13	0.0	0.0	0.0	0.0	0.0	0.0	0.0	0
6639		100			0			0	0	GO(0)	GO(0)	none;6639;1						0	0	0	13	0.0	0.0	0.0	0.0	0.0	0.0	0.0	0
6640		100			0			0	0	GO(0)	GO(0)	none;6640;1						0	0	0	13	0.0	0.0	0.0	0.0	0.0	0.0	0.0	0
6641		100			0			0	0	GO(0)	GO(0)	none;6641;1						0	0	0	13	0.0	0.0	0.0	0.0	0.0	0.0	0.0	0
6642		100			0			0	0	GO(0)	GO(0)	none;6642;1						0	0	0	13	0.0	0.0	0.0	0.0	0.0	0.0	0.0	0
6643		100			0			0	0	GO(0)	GO(0)	none;6643;1						0	0	0	13	0.0	0.0	0.0	0.0	0.0	0.0	0.0	0
6644		100			0			0	0	GO(0)	GO(0)	none;6644;1						0	0	0	13	0.0	0.0	0.0	0.0	0.0	0.0	0.0	0
6645		100			0			0	0	GO(0)	GO(0)	none;6645;1						0	0	0	13	0.0	0.0	0.0	0.0	0.0	0.0	0.0	0
6646		100			0			0	0	GO(0)	GO(0)	none;6646;1						0	0	0	13	0.0	0.0	0.0	0.0	0.0	0.0	0.0	0
6647		100			0			0	0	GO(0)	GO(0)	none;6647;1						0	0	0	13	0.0	0.0	0.0	0.0	0.0	0.0	0.0	0
6648		100			0			0	0	GO(0)	GO(0)	none;6648;1						0	0	0	13	0.0	0.0	0.0	0.0	0.0	0.0	0.0	0
6649		100			0			0	0	GO(0)	GO(0)	none;6649;1						0	0	0	13	0.0	0.0	0.0	0.0	0.0	0.0	0.0	0
6650		100			0			0	0	GO(0)	GO(0)	none;6650;1						0	0	0	13	0.0	0.0	0.0	0.0	0.0	0.0	0.0	0
6651		100			0			0	0	GO(0)	GO(0)	none;6651;1						0	0	0	13	0.0	0.0	0.0	0.0	0.0	0.0	0.0	0
6652		100			0			0	0	GO(0)	GO(0)	none;6652;1						0	0	0	13	0.0	0.0	0.0	0.0	0.0	0.0	0.0	0
6653		100			0			0	0	GO(0)	GO(0)	none;6653;1						0	0	0	13	0.0	0.0	0.0	0.0	0.0	0.0	0.0	0
6654		100			0			0	0	GO(0)	GO(0)	none;6654;1						0	0	0	13	0.0	0.0	0.0	0.0	0.0	0.0	0.0	0
6655		100			0			0	0	GO(0)	GO(0)	none;6655;1						0	0	0	13	0.0	0.0	0.0	0.0	0.0	0.0	0.0	0
6656		100			0			0	0	GO(0)	GO(0)	none;6656;1						0	0	0	13	0.0	0.0	0.0	0.0	0.0	0.0	0.0	0
6657		100			0			0	0	GO(0)	GO(0)	none;6657;1						0	0	0	13	0.0	0.0	0.0	0.0	0.0	0.0	0.0	0
6658		100			0			0	0	GO(0)	GO(0)	none;6658;1						0	0	0	13	0.0	0.0	0.0	0.0	0.0	0.0	0.0	0
6659		100			0			0	0	GO(0)	GO(0)	none;6659;1						0	0	0	13	0.0	0.0	0.0	0.0	0.0	0.0	0.0	0
6660		100			0			0	0	GO(0)	GO(0)	none;6660;1						0	0	0	13	0.0	0.0	0.0	0.0	0.0	0.0	0.0	0
6661		100			0			0	0	GO(0)	GO(0)	none;6661;1						0	0	0	13	0.0	0.0	0.0	0.0	0.0	0.0	0.0	0
6662		100			0			0	0	GO(0)	GO(0)	none;6662;1						0	0	0	13	0.0	0.0	0.0	0.0	0.0	0.0	0.0	0
6663		100			0			0	0	GO(0)	GO(0)	none;6663;1						0	0	0	13	0.0	0.0	0.0	0.0	0.0	0.0	0.0	0
6664		100			0			0	0	GO(0)	GO(0)	none;6664;1						0	0	0	13	0.0	0.0	0.0	0.0	0.0	0.0	0.0	0
6665		100			0			0	0	GO(0)	GO(0)	none;6665;1						0	0	0	13	0.0	0.0	0.0	0.0	0.0	0.0	0.0	0
6666		100			0			0	0	GO(0)	GO(0)	none;6666;1						0	0	0	13	0.0	0.0	0.0	0.0	0.0	0.0	0.0	0
6667		100			0			0	0	GO(0)	GO(0)	none;6667;1						0	0	0	13	0.0	0.0	0.0	0.0	0.0	0.0	0.0	0
6668		100			0			0	0	GO(0)	GO(0)	none;6668;1						0	0	0	13	0.0	0.0	0.0	0.0	0.0	0.0	0.0	0
6669		100			0			0	0	GO(0)	GO(0)	none;6669;1						0	0	0	13	0.0	0.0	0.0	0.0	0.0	0.0	0.0	0
6670		100			0			0	0	GO(0)	GO(0)	none;6670;1						0	0	0	13	0.0	0.0	0.0	0.0	0.0	0.0	0.0	0
6671		100			0			0	0	GO(0)	GO(0)	none;6671;1						0	0	0	13	0.0	0.0	0.0	0.0	0.0	0.0	0.0	0
6672		100			0			0	0	GO(0)	GO(0)	none;6672;1						0	0	0	13	0.0	0.0	0.0	0.0	0.0	0.0	0.0	0
6673		100			0			0	0	GO(0)	GO(0)	none;6673;1						0	0	0	13	0.0	0.0	0.0	0.0	0.0	0.0	0.0	0
6674		100			0			0	0	GO(0)	GO(0)	none;6674;1						0	0	0	13	0.0	0.0	0.0	0.0	0.0	0.0	0.0	0
6675		100			0			0	0	GO(0)	GO(0)	none;6675;1						0	0	0	13	0.0	0.0	0.0	0.0	0.0	0.0	0.0	0
6676		100			0			0	0	GO(0)	GO(0)	none;6676;1						0	0	0	13	0.0	0.0	0.0	0.0	0.0	0.0	0.0	0
6677		100			0			0	0	GO(0)	GO(0)	none;6677;1						0	0	0	13	0.0	0.0	0.0	0.0	0.0	0.0	0.0	0
6678		100			0			0	0	GO(0)	GO(0)	none;6678;1						0	0	0	13	0.0	0.0	0.0	0.0	0.0	0.0	0.0	0
6679		100			0			0	0	GO(0)	GO(0)	none;6679;1						0	0	0	13	0.0	0.0	0.0	0.0	0.0	0.0	0.0	0
7000		3000	_F_FORWARD_000;15	_F_FORWARD_000;15	0	1950;0;0;15	0;15	0	0					S_O_MOUSE_DASH;0				0	1	0	7;13;19	0.0	0.0	0.0	0.0	0.0	0.0	0.0	0
7001		3000	_F_JUMP_002;18	_F_JUMP_002;18	0	150;0;750;5	0;5	0	0					S_O_MOUSE_JUMP;0				0	1	0	13;19	0.0	0.0	0.0	0.0	0.0	0.0	0.0	0
7002		3000	_F_FORWARD_000;13\n_F_FORWARD_000;15	_F_FORWARD_000;13\n_F_FORWARD_000;15	0	1500;0;0;15	0;15	0	0					S_O_PIG_DASH;0				0	1	0	7;13;19	0.0	0.0	0.0	0.0	0.0	0.0	0.0	0
7003		3000	_F_FORWARD_000;13\n_F_FORWARD_000;15	_F_FORWARD_000;13\n_F_FORWARD_000;15	0	1725;0;0;15	0;15	0	0					S_O_PIG_DASH;0				0	1	0	7;13;19	0.0	0.0	0.0	0.0	0.0	0.0	0.0	0
7004		3000	_F_FORWARD_000;22\n_F_FORWARD_000;44\n_F_FORWARD_000;66\n_F_FORWARD_000;75	_F_FORWARD_000;22\n_F_FORWARD_000;44\n_F_FORWARD_000;66\n_F_FORWARD_000;75	0	7860;0;0;75	0;10\n0;20\n0;30\n0;40\n0;50\n0;60\n0;75	0	0					S_O_PIG_DASH;0\nS_O_PIG_DASH;10\nS_O_PIG_DASH;20\nS_O_PIG_DASH;30\nS_O_PIG_DASH;40\nS_O_PIG_DASH;50\nS_O_PIG_DASH;60\nS_O_PIG_DASH;70				0	1	0	7;13;19	0.0	0.0	0.0	0.0	0.0	0.0	0.0	0
7005		3000	_F_JUMP_002;18	_F_JUMP_002;18	0	500;0;250;5	0;5	0	0					S_O_PIG_DASH;0				0	1	0	13;19	0.0	0.0	0.0	0.0	0.0	0.0	0.0	0
7006		150	_F_ATTACK_006;60	_F_ATTACK_006;60	64	0;0;0;60		0	0	HIT(95)	GO(0)	S_H_PHYSICS2;3002;12\nS_H_PHYSICS2;3002;22\nS_H_PHYSICS2;3002;32						3	300	0	2;19	3.0	0.0	3.0	0.0	0.0	0.0	0.0	0
7007		2500	_F_ATTACK_004;60	_F_ATTACK_004;60	0	0;0;0;60		0	0					S_O_THROW_DRILL;0			7001;10\n7002;23\n7001;37	1	200	0	5;8;9;19	0.0	0.0	0.0	0.0	0.0	0.0	0.0	0
7008		1200	_F_FORWARD_000;35\n_F_FORWARD_000;70	_F_FORWARD_000;35\n_F_FORWARD_000;70	0	6000;0;0;70		0	0					S_O_ROBOT_DASH;0			7008;1	1	200	0	5;19	0.0	0.0	0.0	0.0	0.0	0.0	0.0	0
7009		2500	_F_ATTACK_002;66	_F_ATTACK_002;66	0	0;0;0;0		0	0					S_O_M016_TWOHAND;0			7227;13\n7228;17\n7227;21\n7228;25\n7227;29\n7228;33	1	0	0	5;19	0.0	0.0	0.0	0.0	0.0	0.0	0.0	0
7010		1200	_F_ATTACK_003;70	_F_ATTACK_003;70	0	0;0;0;70		0	0					S_O_MINIGUN_GIM3;0			7215;16\n7216;20\n7217;24\n7218;28\n7219;32\n7220;35\n7221;39	1	200	0	19	0.0	0.0	0.0	0.0	0.0	0.0	0.0	0
7011		3000	_F_ATTACK_004;60	_F_ATTACK_004;60	0	0;0;0;60		0	0					S_O_MINIGUN_GIM4;0			7004;10\n7005;24\n7004;37	1	200	0	5;6;19	0.0	0.0	0.0	0.0	0.0	0.0	0.0	0
7012		1700	_F_ATTACK_000;33	_F_ATTACK_000;33	0	0;0;0;33		0	0					S_O_M018_000_000_0;0			7011;13\n7011;18\n7011;21\n7011;25	1	200	0	2;5;19	0.0	0.0	0.0	0.0	0.0	0.0	0.0	0
7013		3500	_F_ATTACK_002;41	_F_ATTACK_002;41	0	0;0;0;41		0	0					S_O_M018_000_000_2;0			7009;0\n7010;21	1	200	0	2;5;8;19	0.0	0.0	0.0	0.0	0.0	0.0	0.0	0
7014		2000	_F_ATTACK_000;33	_F_ATTACK_000;33	0	0;0;0;33		0	0					S_O_M018_000_000_0;0			7007;13\n7007;18\n7007;21\n7007;25	6	270	0	2;5;8	0.0	0.0	0.0	0.0	0.0	0.0	0.0	0
7015		800			0			0	0					S_O_FIREBURST_M018;0\nS_O_FIREBURST_M018;30\nS_O_FIREBURST_M018;60\nS_O_FIREBURST_M018;90\nS_O_FIREBURST_M018;120			7013;10\n7013;15\n7013;20\n7013;25\n7013;30\n7013;35\n7013;40\n7013;45\n7013;50\n7013;55\n7013;60\n7013;65\n7013;70\n7013;75\n7013;80\n7013;85\n7013;90\n7013;95\n7013;100\n7013;105\n7013;110\n7013;115	1	270	0	2;5;8;19	0.0	0.0	0.0	0.0	0.0	0.0	0.0	0
7016		4500	_F_ATTACK_003;41	_F_ATTACK_003;41	0	0;0;0;41		0	0					S_O_M018_000_000_3;0			3440;25	1	200	0	2;5;6;19	0.0	0.0	0.0	0.0	0.0	0.0	0.0	0
7017		3000	_F_JUMP_000;18	_F_JUMP_002;18	0	150;0;750;5	0;5	0	0					S_O_PIG_DASH;0				0	1	0	13;19	0.0	0.0	0.0	0.0	0.0	0.0	0.0	0
7018		300	_F_ATTACK_001;60	_F_ATTACK_001;60	0	0;0;0;60		0	0					S_O_M032_ATK_1;0			7016;30	10	300	0	3;5;19	0.0	0.0	0.0	0.0	0.0	0.0	0.0	0
7019		250	_F_ATTACK_004;106	_F_ATTACK_004;106	0	0;0;0;106		0	0					S_O_M032_ATK_4;0			3644;45\n3645;53\n3646;55\n3647;59\n3648;65\n3649;71\n3650;72\n3651;78\n3652;79	10	250	0	3;5;19	0.0	0.0	0.0	0.0	0.0	0.0	0.0	0
7020		1500	_F_ATTACK_002;122	_F_ATTACK_002;122	0	0;0;0;122		0	0					S_O_M032_ATK_2;0			3610;24\n3612;26\n3627;29\n3613;31\n3628;34\n3614;36\n3629;39\n3615;41\n3630;44\n3616;46\n3631;49\n3617;51\n3632;54\n3618;56\n3633;59\n3619;61\n3634;64\n3620;66\n3635;69\n3621;71\n3636;75\n3622;78\n3637;81\n3623;83\n3638;86\n3624;88\n3639;91\n3625;93\n3640;95\n3626;97\n3641;100	10	650	0	3;5;19	0.0	0.0	0.0	0.0	0.0	0.0	0.0	0
7021		5000	_F_ATTACK_003;150	_F_ATTACK_003;150	0	0;0;0;150		0	0					S_O_M032_ATK_3;0			7014;50\n7014;69\n7014;89	1	650	0	3;5;6;19	0.0	0.0	0.0	0.0	0.0	0.0	0.0	0
7022		5000			0	0;0;0;0		0	0			none;7572;0		PS_O_GO_ASURA;0			7022;0	1	650	0	13;29	0.0	0.0	0.0	0.0	0.0	0.0	0.0	0
7023		1500	_F_ATTACK_001;46	_F_ATTACK_001;46	0	0;0;0;0		0	0					S_O_M018_MACHINEGUN;0			7229;11\n7230;14\n7231;17\n7232;20\n7233;23	0	0	0	19	0.0	0.0	0.0	0.0	0.0	0.0	0.0	0
7024		1500	_F_ATTACK_002;41	_F_ATTACK_002;41	0	0;0;0;20\n-250;0;0;25		0	0					S_O_M018_STUN_BEAN;0	CAMERASHOCK(C_SKILL01);20		7234;26\n7235;29\n7236;32\n7237;34\n7238;36\n7239;38\n7240;39\n7241;40\n7242;41	0	0	0	19	0.0	0.0	0.0	0.0	0.0	0.0	0.0	0
7025		1500			0			0	0					S_O_RIDE_DASH;0			7243;0	1	1	0	19;39	0.0	0.0	0.0	0.0	0.0	0.0	0.0	0
7101		75	_F_ATTACK_018;28\n_F_SENTRY_000;30	_F_ATTACK_018;28\n_F_SENTRY_000;30	32	0;0;0;0		0	0	HIT(95)		S_H_PHYSICS_HAMMER;0;16		S_O_M950_F018;0				1	125	0	1;5	1.0	0.0	1.0	0.0	0.0	0.0	0.0	0
7102		100	_F_ATTACK_008;39\n_F_SENTRY_000;45	_F_ATTACK_008;39\n_F_SENTRY_000;45	32	0;0;0;0		0	0	HIT(95)		S_H_PHYSICS_HAMMER;0;19		PS_O_ATTACK008;0				1	175	0	1;5	1.25	0.0	1.25	0.0	0.0	0.0	0.0	0
7103		1200	_F_ATTACK_022A;38\n_F_SENTRY_000;45	_F_ATTACK_022A;38\n_F_SENTRY_000;45	32	ARCEDGE;-0.4;0;0;28		0	0	HIT(100)	STUN(100)	S_H_PHYSICS_HAMMER;302;27	0;1;1	PS_O_SINGLE_F22A;0			4980;0	1	225	0	1;5	1.850000023841858	0.0	1.850000023841858	0.0	0.0	0.0	0.0	0
7104		300	_F_ATTACK_031A;51\n_F_ATTACK_031B;81\n_F_ATTACK_031B;112\n_F_SENTRY_000;120	_F_ATTACK_031A;51\n_F_ATTACK_031B;81\n_F_ATTACK_031B;112\n_F_SENTRY_000;120	0	0;0;0;0		0	0	GO(0)	GO(0)	none;17104;40		S_O_DIGGING_BOMB;15			4982;0\n7104;30	0	0	0	13	0.0	0.0	0.0	0.0	0.0	0.0	0.0	0
7105		1700	_F_ATTACK_008A;41\n_F_SENTRY_000;60	_F_ATTACK_008A;41\n_F_SENTRY_000;60	0	0;0;0;0		0	0	GO(0)				PS_O_ATTACK008A;0			4981;0\n7105;17	0	0	0	13	0.0	0.0	0.0	0.0	0.0	0.0	0.0	0
7111		1700	_F_ATTACK_020;29\n_F_SENTRY_000;45	_F_ATTACK_020;29\n_F_SENTRY_000;36	0	0;0;0;0		0	0	GO(0)				SIREN_O_ICEBOLT;0			7111;25	0	0	0	5	0.0	0.0	0.0	0.0	0.0	0.0	0.0	0
7112		1700	_F_ATTACK_020;29\n_F_SENTRY_000;45	_F_ATTACK_020;29\n_F_SENTRY_000;36	0	0;0;0;0		0	0	GO(0)				SIREN_O_ICEBOLT;0			7112;25	0	0	0	5	0.0	0.0	0.0	0.0	0.0	0.0	0.0	0
7113		1700	_F_ATTACK_021;48\n_F_ATTACK_002;78\n_F_SENTRY_000;90	_F_ATTACK_021;48\n_F_ATTACK_002;78\n_F_SENTRY_000;90	0	0;0;0;0		0	0	GO(0)				SIREN_O_WATERBOLT;0			4980;0\n7113;75	0	0	0	5	0.0	0.0	0.0	0.0	0.0	0.0	0.0	0
7114		1700	_F_ATTACK_021;48\n_F_ATTACK_021;96\n_F_ATTACK_020;125\n_F_SENTRY_000;180	_F_ATTACK_021;48\n_F_ATTACK_021;96\n_F_ATTACK_020;125\n_F_SENTRY_000;180	0	0;0;0;0		0	0	GO(0)				S_O_SIREN_F20;0			7114;120\n4982;121	0	0	0	5	0.0	0.0	0.0	0.0	0.0	0.0	0.0	0
7115		300	_F_ATTACK_028;45\n_F_ATTACK_023;74\n_F_ATTACK_023;103\n_F_ATTACK_023;132\n_F_ATTACK_023;161\n_F_ATTACK_023;190	_F_ATTACK_028;45\n_F_ATTACK_023;74\n_F_ATTACK_023;103\n_F_ATTACK_023;132\n_F_ATTACK_023;161\n_F_ATTACK_023;190	0	0;0;0;0		0	0	GO(0)				SIREN_O_PRAY;0			4987;0\n7115;37\n7115;87\n7115;137\n7115;181	0	0	0	13	0.0	0.0	0.0	0.0	0.0	0.0	0.0	0
7120		1000	_C_KNOCKED_000;16\n_C_KNOCKED_000;32\n_C_KNOCKED_000;48\n_C_KNOCKED_000;64\n_C_KNOCKED_000;69	_C_KNOCKED_000;16\n_C_KNOCKED_000;32\n_C_KNOCKED_000;48\n_C_KNOCKED_000;64\n_C_KNOCKED_000;69	0	0;0;0;0	15;15\n-30;30\n30;45\n-30;60\n15;69	0	0	HIT(100)				CAT_O_CHARM;0				1	10	0	1;5	0.0	0.0	0.0	0.0	0.0	0.0	0.0	0
7121		1700	_F_ATTACK_000;17\n_F_SENTRY_000;30	_F_ATTACK_000;17\n_F_SENTRY_000;30	0	0;0;0;0		0	0	HIT(100)				PS_O_FIREARM_C0;0			282;10	1	0	0	1;5;14;25	0.0	0.0	0.0	0.0	0.0	0.0	0.0	0
7122		1700	_F_ATTACK_001;18\n_F_SENTRY_000;30	_F_ATTACK_001;18\n_F_SENTRY_000;30	0	0;0;0;0		0	0	HIT(100)				PS_O_FIREARM_C1;0			283;12	1	0	0	1;5;14;25	0.0	0.0	0.0	0.0	0.0	0.0	0.0	0
7123	IS101	500	_F_ATTACK_013;35\n_F_ATTACK_016;62\n_F_SENTRY_000;75	_F_ATTACK_013;35\n_F_ATTACK_016;62\n_F_SENTRY_000;75	32	0;0;0;16\nARCEDGE;-0.6;0;0.5;9		0	0	HIT(100)	STUN(100)	S_H_PHYSICS;302;25	-30;1;1	PS_O_D_ATTACK_013;0			4982;0\n7123;51	1	300	0	1;5;21	1.2000000476837158	0.0	1.2000000476837158	0.0	0.0	0.0	0.0	0
7124		1700	_F_ATTACK_007;16\n_F_ATTACK_007;32\n_F_ATTACK_007;48\n_F_ATTACK_007;64\n_F_ATTACK_007;80\n_F_SENTRY_000;90	_F_ATTACK_007;16\n_F_ATTACK_007;32\n_F_ATTACK_007;48\n_F_ATTACK_007;64\n_F_ATTACK_007;80\n_F_SENTRY_000;90	0	0;0;0;0		0	282					PS_O_FIREARM_F7;0\nPS_O_FIREARM_F7;16\nPS_O_FIREARM_F7;32\nPS_O_FIREARM_F7;48\nPS_O_FIREARM_F7;64			4981;0\n7124;1\n7124;6\n7124;17\n7124;22\n7124;33\n7124;38\n7124;49\n7124;53\n7124;65\n7124;70	0	0	0	5;7;14;28	0.0	0.0	0.0	0.0	0.0	0.0	0.0	0
7125		1500	_F_ATTACK_030;48\n_F_ATTACK_030;96\n_F_ATTACK_030;144\n_F_ATTACK_030;192\n_F_ATTACK_030;210\n_F_SENTRY_000;240	_F_ATTACK_030;48\n_F_ATTACK_030;96\n_F_ATTACK_030;144\n_F_ATTACK_030;192\n_F_ATTACK_030;210\n_F_SENTRY_000;240	0	0;0;0;0		0	0	HIT(100)				CAT_O_CHARM;0			4984;0\n7120;0\n7120;70\n7120;140	1	10	0	1;5	0.0	0.0	0.0	0.0	0.0	0.0	0.0	0
7130		150	_F_ATTACK_001;60	_F_ATTACK_001;60	32	0;0;0;0		0	0	HIT(95)	STUN(25)	S_H_PHYSICS2;0;14	-1;0;1	S_O_M009_ATK_1;0				3	150	0	2;5;8	1.0	0.0	1.0	0.0	0.0	0.0	0.0	0
7131		600	_F_ATTACK_002;69	_F_ATTACK_002;69	0	0;0;0;12\n300;0;0;42		0	0				-200;50;5	S_O_M009_ATK_2;0			4987;0\n3556;12\n3556;21\n3556;30\n3768;42\n3769;44\n3770;46\n3771;48\n3772;50\n3773;52\n3774;54	6	400	0	2;5;8	0.0	0.0	0.0	0.0	0.0	0.0	0.0	0
7132		500	_F_ATTACK_004;70\n_F_SENTRY_000;101	_F_ATTACK_004;70\n_F_SENTRY_000;101	0	0;0;0;101		0	0	GO(0)				PS_O_HEAL_MINOR;0			4984;0\n3559;24	1	250	0	1;13	0.0	0.0	0.0	0.0	0.0	0.0	0.0	0
7133		600	_F_ATTACK_005;60\n_F_SENTRY_000;91	_F_ATTACK_005;60\n_F_SENTRY_000;91	0	0;0;0;15\nARCEDGE;-0.5;0;0;17		0	0					S_O_M009_ATK_5;0			4981;0\n3561;34	1	250	0	2;5	0.0	0.0	0.0	0.0	0.0	0.0	0.0	0
7134		3000	_F_ATTACK_004;70	_F_ATTACK_004;70	0	0;0;0;70		0	0					S_O_M009_TRACING_PLASMA;0			4982;0\n3748;70	1	250	0	1	0.0	0.0	0.0	0.0	0.0	0.0	0.0	0
7135		600	_F_ATTACK_005;60\n_F_SENTRY_000;91	_F_ATTACK_005;60\n_F_SENTRY_000;91	0	0;0;0;15\nARCEDGE;-0.5;0;0;17		0	0					S_O_M009_ATK_5;0			4988;0\n3561;34	1	250	0	2;5	0.0	0.0	0.0	0.0	0.0	0.0	0.0	0
7140		150	_F_ATTACK_000;39\n_F_SENTRY_000;45	_F_ATTACK_000;39\n_F_SENTRY_000;45	32	0;0;0;0		0	0	HIT(95)		S_H_PHYSICS2;0;19		S_O_M029_ATTACK_000;6				1	200	0	1;5;8	1.0	0.0	1.0	0.0	0.0	0.0	0.0	0
7141		1500	_F_ATTACK_003;50	_F_ATTACK_003;50\n_F_SENTRY_000;97\n_F_SENTRY_000;144	256	0;0;0;0		0	0					S_O_ENEGY_CANON;0			4980;0\n7141;31	0	0	0	5	0.0	0.0	0.0	0.0	0.0	0.0	0.0	0
7142		200	_F_ATTACK_001;39\n_F_SENTRY_000;45	_F_ATTACK_001;39\n_F_SENTRY_000;45	2080	0;0;0;0		0	0	HIT(95)	STUN(50)	S_H_PHYSICS2;304;20		S_A_TWOHAND_BEAT;0			4982;0	3	250	0	2;5	1.2000000476837158	0.0	1.2000000476837158	0.0	0.0	0.0	0.0	0
7143		200	_F_ATTACK_001;39\n_F_SENTRY_000;45	_F_ATTACK_001;39\n_F_SENTRY_000;45	2304	0;0;0;0		0	0	HIT(95)	STUN(75)	S_H_LIGHTENING;304;20		S_O_PLASMA_BEAT;0			4982;0	5	500	0	2;5	0.0	1.399999976158142	0.0	1.399999976158142	0.0	0.0	0.0	0
7144		150	_F_ATTACK_004;40\n_F_SENTRY_000;45	_F_ATTACK_004;40\n_F_SENTRY_000;45	32	0;0;0;0	-10;10\n-20;11\n-30;12\n-40;13\n-50;14\n-60;15\n-70;16\n-70;26\n-50;27\n-30;28\n-10;29\n0;30	0	0	HIT(95)	STUN(75)	S_H_PHYSICS2;304;19	0;500;5	S_O_M029_ATTACK_004;0			4985;0	1	200	0	1;5;8	2.0	0.0	2.0	0.0	0.0	0.0	0.0	0
7150		100	_F_ATTACK_003;31\n_F_SENTRY_000;35	_F_ATTACK_003;31\n_F_SENTRY_000;35	192	0;0;0;0		0	0	HIT(95)		S_H_PHYSICS2;0;7\nS_H_PHYSICS2;0;17		S_O_M024_ATTACK_003;0				1	125	0	1;5;8	1.0	0.0	1.0	0.0	0.0	0.0	0.0	0
7151		1200	_F_ATTACK_000;31\n_F_SENTRY_000;35	_F_ATTACK_000;31\n_F_SENTRY_000;35	64	0;0;0;0		0	0					S_O_RIFLE_PENGUIN;0			3443;9	0	200	0	2;5;8	0.0	0.0	0.0	0.0	0.0	0.0	0.0	0
7152		100	_F_ATTACK_002;69\n_F_SENTRY_000;75	_F_ATTACK_002;69\n_F_SENTRY_000;75	64	0;0;0;0		0	0	HIT(95)	STUN(40)	S_H_PHYSICS;304;25		S_O_M029_ATTACK_002;0			4982;0	1	100	0	2;5;8	2.0	0.0	2.0	0.0	0.0	0.0	0.0	0
7153		800	_F_ATTACK_001;48\n_F_ATTACK_001;70\n_F_SENTRY_000;75	_F_ATTACK_001;48\n_F_ATTACK_001;70\n_F_SENTRY_000;75	32	1500;0;0;70		0	0					S_O_PENGUIN_DASH;0			4987;0\n3444;0	1	200	0	2;5;8	1.5	0.0	1.5	0.0	0.0	0.0	0.0	0
7154		1000	_F_ATTACK_004;31\n_F_SENTRY_000;35	_F_ATTACK_004;31\n_F_SENTRY_000;35	3072	0;0;0;0		0	0								4983;0\n3445;14	6	200	0	2;5;8	1.399999976158142	0.6000000238418579	1.399999976158142	0.6000000238418579	0.0	0.0	0.0	0
7160		170	_F_ATTACK_000;33\n_F_SENTRY_000;36	_F_ATTACK_000;33\n_F_SENTRY_000;36	128	0;0;0;0		0	0	HIT(95)		S_H_PHYSICS;0;14		S_O_M023_ATTACK_000;0				1	170	0	1;5;8	1.0	0.0	1.0	0.0	0.0	0.0	0.0	0
7161		170	_F_ATTACK_001;45\n_F_SENTRY_000;48	_F_ATTACK_001;45\n_F_SENTRY_000;48	128	0;0;0;0		0	0	HIT(95)	STUN(50)	S_H_PHYSICS2;0;17	-120;30;5	S_O_M023_ATTACK_001;0			4982;0	3	170	0	2;5;8	1.5	0.0	1.5	0.0	0.0	0.0	0.0	0
7162		2000	_F_ATTACK_002;35\n_F_SENTRY_000;38	_F_ATTACK_002;35\n_F_SENTRY_000;38	3072	0;0;0;0		0	0					S_O_M023_SPIT;0			4980;0\n3016;16	0	0	0	5	0.0	0.0	0.0	0.0	0.0	0.0	0.0	0
7163		370	_F_ATTACK_000;33\n_F_ATTACK_001;78\n_F_SENTRY_000;81	_F_ATTACK_000;33\n_F_ATTACK_001;78\n_F_SENTRY_000;81	160	0;0;0;0		0	0	HIT(95)		S_H_PHYSICS;0;14\nS_H_PHYSICS;0;47		S_O_M023_ATTACK_000;0\nS_O_M023_ATTACK_001;33				1	370	0	2;5;8	2.0	2.0	2.0	2.0	0.0	0.0	0.0	0
7164		600	_F_ATTACK_003;48\n_F_SENTRY_000;51	_F_ATTACK_003;48\n_F_SENTRY_000;51	160	ARCEDGE;-0.6;0;0;19		0	0	HIT(95)	STUN(50)	S_H_PHYSICS;304;18	-5;1;1	S_O_M023_JUMPATK;0			4983;0	3	370	0	2;5;8	2.0	0.0	2.0	0.0	0.0	0.0	0.0	0
7170		1200	_F_ATTACK_001;60\n_F_SENTRY_000;100	_F_ATTACK_001;60\n_F_SENTRY_000;90	0	0;0;0;0		0	0					S_O_M015_FIREBOLT;0			3262;29	1	200	0	2;5;8;9	0.0	1.5	0.0	1.5	0.0	0.0	0.0	0
7171		1500	_F_ATTACK_000;48\n_F_ATTACK_002;118\n_F_SENTRY_000;121	_C_ATTACK_021;48	0			0	0					S_C_M015_FIREBALL_2;0			44115;0\n4982;5\n44116;10\n44117;20\n44118;30\n44119;40	0	0	0	1;5	0.0	0.0	0.0	0.0	0.0	0.0	0.0	0
7172		1500	_F_ATTACK_000;48\n_F_ATTACK_002;118\n_F_SENTRY_000;121	_F_ATTACK_023;29\n_F_ATTACK_019;32	0	0;0;0;0		0	0	GO(0)	GO(0)			PS_C_HEAL_MINOR;0\nPS_O_HEAL_MINOR;45			4980;44\n44007;45	1	300	0	4;5	0.0	0.0	0.0	0.0	0.0	0.0	0.0	0
7173		1200	_F_ATTACK_000;48\n_F_ATTACK_000;96\n_F_ATTACK_002;166\n_F_SENTRY_000;169	_F_ATTACK_000;48\n_F_ATTACK_000;96\n_F_ATTACK_002;166\n_F_SENTRY_000;169	0	0;0;0;158		0	0					S_O_FIREBOLT;65			4983;0\n3115;65	1	200	0	2;5;8;9	0.0	0.0	0.0	0.0	0.0	0.0	0.0	0
7174		1500	_F_ATTACK_000;48\n_F_ATTACK_002;118\n_F_SENTRY_000;121	_F_ATTACK_000;48\n_F_ATTACK_002;118\n_F_SENTRY_000;121	0	0;0;0;0		0	0					PS_C_FIRE_FIREINTHEHOLE;0			4988;48\n44150;60\n44151;70\n44152;80\n44153;90\n44150;100\n44151;110\n44152;118	0	0	0	5	0.0	0.0	0.0	0.0	0.0	0.0	0.0	0
7180		1200	_F_ATTACK_000;43\n_F_SENTRY_000;46	_F_ATTACK_000;43\n_F_SENTRY_000;103	32	0;0;0;0		0	0					S_O_NEEDLE;0			7180;16	0	270	0	5	0.0	0.0	0.0	0.0	0.0	0.0	0.0	0
7181		100	_F_ATTACK_002;60	_F_ATTACK_002;60	1	0;0;0;60		0	0	HIT(125)	STUN(100)	S_H_PHYSICS2;0;12	0;-1;1					1	100	0	1;5	3.0	0.0	3.0	0.0	0.0	0.0	0.0	0
7182		300	_F_FLEX_000;60\n_F_ATTACK_003;91\n_F_SENTRY_000;94	_F_FLEX_000;60\n_F_ATTACK_003;91\n_F_SENTRY_000;151	0	0;0;0;0		0	0					PS_C_HEAL_MINOR;0\nPS_C_HEAL_MINOR;30\nPS_O_HEAL_MINOR;60			4981;0\n7182;72	0	270	0	1;4;5	0.0	0.0	0.0	0.0	0.0	0.0	0.0	0
7183		2000	_F_ATTACK_001;49\n_F_ATTACK_000;92\n_F_SENTRY_000;95	_F_ATTACK_001;49\n_F_ATTACK_000;92\n_F_SENTRY_000;152	64	0;0;0;0		0	0					S_O_NEEDLE;49			4980;0\n7183;65	1	270	0	2;5	1.5	0.0	1.5	0.0	0.0	0.0	0.0	0
7184		1200	_F_ATTACK_003;31\n_F_SENTRY_000;34	_F_ATTACK_003;31\n_F_SENTRY_000;34	0	0;0;0;0		0	0								4982;0\n3341;12	0	270	0	5	0.0	0.0	0.0	0.0	0.0	0.0	0.0	0
7190		200	_F_ATTACK_000;36\n_F_SENTRY_000;39	_F_ATTACK_000;36\n_F_SENTRY_000;39	128	0;0;0;0		0	0	HIT(95)		S_H_PHYSICS;0;13		S_O_M017_ATTACK_000;0				1	200	0	1;5;8	1.0	0.0	1.0	0.0	0.0	0.0	0.0	0
7191		230	_F_ATTACK_001;50\n_F_SENTRY_000;53	_F_ATTACK_001;50\n_F_SENTRY_000;53	128	0;0;0;0		0	0	HIT(95)	STUN(55)	S_H_PHYSICS;0;23	-75;20;5	S_O_M017_ATTACK_001;0				3	250	0	2;5;8	1.5	0.0	1.5	0.0	0.0	0.0	0.0	0
7192		1200	_F_ATTACK_004;69\n_F_SENTRY_000;72	_F_ATTACK_004;69\n_F_SENTRY_000;72	0	0;0;0;0		0	0					S_O_M017_FIREBOLT;0			3008;23	0	100	0	5	0.0	1.5	0.0	1.5	0.0	0.0	0.0	0
7193		900	_F_ATTACK_003;69\n_F_SENTRY_000;72	_F_ATTACK_003;69\n_F_SENTRY_000;72	128	ARCEDGE;-0.7;0;0;45		0	0	HIT(95)	STUN(75)	S_H_PHYSICS;302;45		S_O_M017_ATTACK_003;0\nS_O_STAMP;43			4981;0	1	200	0	1;5;8	2.25	0.0	2.25	0.0	0.0	0.0	0.0	0
7194		400	_F_ATTACK_002;73\n_F_SENTRY_000;76	_F_ATTACK_002;73\n_F_SENTRY_000;76	0	0;0;0;0		0	0					S_O_M017_SPIT_FIRE;0			4983;0\n3013;39\n3013;52\n3013;65	0	700	0	5	0.0	0.0	0.0	0.0	0.0	0.0	0.0	0
7200		100	_F_ATTACK_001;48\n_F_SENTRY_000;51	_F_ATTACK_001;48\n_F_SENTRY_000;51	32	0;0;0;0		0	0	HIT(95)	STUN(35)	S_H_PHYSICS;0;27	0;-1;0	S_O_M027_ATTACK_001;0				1	125	0	1;5;8	1.0	0.0	1.0	0.0	0.0	0.0	0.0	0
7201		1000	_F_ATTACK_000;47\n_F_SENTRY_000;50	_F_ATTACK_000;47\n_F_SENTRY_000;50	0	0;0;0;0		0	0					S_O_M027_ATTACK_000;0			7201;8	0	0	0	5	0.0	0.0	0.0	0.0	0.0	0.0	0.0	0
7202		1200	_F_ATTACK_002;60\n_F_FORWARD_000;82\n_F_FORWARD_000;104\n_F_ATTACK_003;151	_F_ATTACK_002;60\n_F_FORWARD_000;82\n_F_FORWARD_000;104\n_F_ATTACK_003;151	0	0;0;0;60\n1600;0;0;120		0	0					S_O_PIG_DASH;60			4982;0\n3461;60	0	0	0	5	0.0	0.0	0.0	0.0	0.0	0.0	0.0	0
7203		500	_F_ATTACK_004;79\n_F_SENTRY_000;82	_F_ATTACK_004;79\n_F_SENTRY_000;90	0	0;0;0;0		0	0					PS_O_TEAMSHOUT_ATK_1;0			4984;0\n7203;63	0	0	0	4;5	0.0	0.0	0.0	0.0	0.0	0.0	0.0	0
7204		1500	_F_ATTACK_002;60\n_F_ATTACK_000;107\n_F_SENTRY_000;110	_F_ATTACK_002;60\n_F_ATTACK_000;107\n_F_SENTRY_000;110	0	0;0;0;0		0	0					S_O_M027_JAWCANNON;0			4983;0\n7204;63	0	200	0	0	0.0	0.0	0.0	0.0	0.0	0.0	0.0	0
7210		100	_F_ATTACK_001;48\n_F_SENTRY_000;51	_F_ATTACK_001;48\n_F_SENTRY_000;51	32	0;0;0;0		0	0	HIT(95)	STUN(35)	S_H_PHYSICS;0;27	0;-1;0	S_O_M027_ATTACK_001;0				1	125	0	1;5;8	1.0	0.0	1.0	0.0	0.0	0.0	0.0	0
7211		1000	_F_ATTACK_000;47\n_F_SENTRY_000;50	_F_ATTACK_000;47\n_F_SENTRY_000;50	0	0;0;0;0		0	0					PS_O_THUNDER_STORM_000;0			7211;8	0	0	0	5	0.0	0.0	0.0	0.0	0.0	0.0	0.0	0
7212		1200	_F_ATTACK_004;79\n_F_SENTRY_000;82	_F_ATTACK_004;79\n_F_SENTRY_000;82	0	0;0;0;0		0	0					PS_O_MPPOOL;6			4980;0\n7212;63	0	0	0	4;5	0.0	0.0	0.0	0.0	0.0	0.0	0.0	0
7213		500	_F_ATTACK_004;79\n_F_SENTRY_000;82	_F_ATTACK_004;79\n_F_SENTRY_000;90	0	0;0;0;0		0	0					PS_O_TEAMSHOUT_HP_1;0			4984;0\n7213;63	0	0	0	4;5	0.0	0.0	0.0	0.0	0.0	0.0	0.0	0
7214		1500	_F_ATTACK_002;60\n_F_ATTACK_002;120\n_F_ATTACK_002;180\n_F_ATTACK_000;227	_F_ATTACK_002;60\n_F_ATTACK_002;120\n_F_ATTACK_002;180\n_F_ATTACK_000;227	0	0;0;0;0		0	0					PS_O_BLACKHOLE;0			4983;0\n7214;15\n7214;60\n7214;105\n7214;150\n7214;195	0	200	0	0	0.0	0.0	0.0	0.0	0.0	0.0	0.0	0
7215		130	_F_SENTRY_000;15\n_F_ATTACK_000;45	_F_SENTRY_000;15\n_F_ATTACK_000;45	32	0;0;0;0		0	0	HIT(95)		S_H_PHYSICS_PUNCH;0;28						1	130	0	1;5;8	1.0	0.0	1.0	0.0	0.0	0.0	0.0	0
7216		200	_F_SENTRY_000;15\n_F_ATTACK_002;55	_F_SENTRY_000;15\n_F_ATTACK_002;55	32	0;0;0;0		0	0	HIT(95)	STUN(45)	S_H_PHYSICS_PUNCH;0;32	-30;20;5				4985;0	1	200	0	1;5;8	2.299999952316284	0.0	2.299999952316284	0.0	0.0	0.0	0.0	0
7217		1200	_F_SENTRY_000;15\n_F_ATTACK_001;45	_F_SENTRY_000;15\n_F_ATTACK_001;45	0	0;0;0;0		0	0								4980;0\n7184;30	1	0	0	2;5;8	0.0	0.0	0.0	0.0	0.0	0.0	0.0	0
7218		1500	_F_ATTACK_003;30\n_F_ATTACK_003;60\n_F_ATTACK_004;90	_F_ATTACK_003;30\n_F_ATTACK_003;60\n_F_ATTACK_004;90	0	0;0;0;0		0	0					PS_C_HEAL_MAJOR;0			4983;0\n7187;66	1	0	0	2;4;5;11	0.0	0.0	0.0	0.0	0.0	0.0	0.0	0
7219		50	_F_ATTACK_003;30\n_F_ATTACK_003;60\n_F_ATTACK_003;90\n_F_ATTACK_003;120\n_F_DIE_003;240\n_F_DIE_002;264	_F_ATTACK_003;30\n_F_ATTACK_003;60\n_F_ATTACK_003;90\n_F_ATTACK_003;120\n_F_ATTACK_003;150	0	0;0;0;0		0	0					S_O_SUICIDE_FLAME;0			4984;0\n7186;120	1	0	0	1;5;13	0.0	0.0	0.0	0.0	0.0	0.0	0.0	0
7220		800	_F_SENTRY_000;30\n_F_FALLING_000;60\n_F_DIE_003;150\n_F_DIE_002;174	_F_SENTRY_000;30\n_F_FALLING_000;60\n_F_DIE_003;150\n_F_DIE_002;174	0	0;0;0;30\nARC;30\n		0	0					S_O_DUCK_SHOCK;0			4988;0\n7188;69	1	0	0	1;5;13	0.0	0.0	0.0	0.0	0.0	0.0	0.0	0
7221		1700	_F_ATTACK_020;29\n_F_SENTRY_000;45	_F_ATTACK_020;29\n_F_SENTRY_000;36	0	0;0;0;0		0	0					SIREN_O_ICEBOLT;0			7191;25	0	0	0	5	0.0	0.0	0.0	0.0	0.0	0.0	0.0	0
7222		1700	_F_ATTACK_018;28\n_F_ATTACK_019;56\n_F_ATTACK_018;84\n_F_SENTRY_000;100	_F_ATTACK_018;28\n_F_ATTACK_019;56\n_F_ATTACK_018;84\n_F_SENTRY_000;100	0	0;0;0;0		0	0					PS_O_ICE_SKULL_C0;0\nPS_O_ICE_SKULL_C0;28\nPS_O_ICE_SKULL_C0;56			4985;0\n7192;15\n7192;43\n7192;71	0	0	0	5	0.0	0.0	0.0	0.0	0.0	0.0	0.0	0
7223		1700	_F_ATTACK_001;26\n_F_SENTRY_000;33	_F_ATTACK_001;26\n_F_SENTRY_000;33	0	0;0;0;0		0	0					SIREN_O_ICEBOLT;0			4980;0\n7193;15	0	0	0	5	0.0	0.0	0.0	0.0	0.0	0.0	0.0	0
7224		1700	_F_ATTACK_021;48\n_F_ATTACK_021;96\n_F_ATTACK_003;128	_F_ATTACK_021;48\n_F_ATTACK_021;96\n_F_ATTACK_003;128	0	0;0;0;0		0	0					S_A_SNOW_DUST;5\nS_A_SNOW_DUST;60			4982;0\n7194;120	0	0	0	5	0.0	0.0	0.0	0.0	0.0	0.0	0.0	0
7225		350	_F_ATTACK_028;45	_F_ATTACK_028;45	0	0;0;0;0		0	0					PS_O_ICE_JUDGEMENT;15			4987;0\n7195;36	0	0	0	13	0.0	0.0	0.0	0.0	0.0	0.0	0.0	0
7497		3000	_F_EMOTION_003;90	_F_EMOTION_003;90	0	0;0;0;0		0	0					PS_O_SUMMON_RIDE;0			7497;90	0	1	0	13	0.0	0.0	0.0	0.0	0.0	0.0	0.0	0
7498		3000	_F_EMOTION_003;90	_F_EMOTION_003;90	0	0;0;0;0		0	0					PS_O_SUMMON_RIDE;0			7498;90	0	1	0	13	0.0	0.0	0.0	0.0	0.0	0.0	0.0	0
7499		3000	_F_EMOTION_003;90	_F_EMOTION_003;90	0	0;0;0;0		0	0					PS_O_SUMMON_RIDE;0			7499;90	0	1	0	13	0.0	0.0	0.0	0.0	0.0	0.0	0.0	0
7500		3000	_F_EMOTION_003;90	_F_EMOTION_003;90	0	0;0;0;0		0	0					PS_O_SUMMON_RIDE;0			7500;90	0	1	0	13	0.0	0.0	0.0	0.0	0.0	0.0	0.0	0
7501		3000	_F_ATTACK_003;27	_F_ATTACK_003;27	0	0;0;0;0		0	0					PS_O_SUMMON_RIDE;0			7501;17	0	1	0	13	0.0	0.0	0.0	0.0	0.0	0.0	0.0	0
7502		3000	_F_ATTACK_003;27	_F_ATTACK_003;27	0	0;0;0;0		0	0					PS_O_CAELI_SPEEDBOAT;0			7502;17	0	1	0	13;35	0.0	0.0	0.0	0.0	0.0	0.0	0.0	0
7503		3000	_F_ATTACK_003;27	_F_ATTACK_003;27	0	0;0;0;0		0	0					PS_O_SUMMON_RIDE;0			7503;17	0	1	0	13	0.0	0.0	0.0	0.0	0.0	0.0	0.0	0
7504		3000	_F_ATTACK_003;27	_F_ATTACK_003;27	0	0;0;0;0		0	0					PS_O_SUMMON_RIDE;0			7504;17	0	1	0	13	0.0	0.0	0.0	0.0	0.0	0.0	0.0	0
7505		3000	_F_ATTACK_003;27	_F_ATTACK_003;27	0	0;0;0;0		0	0					PS_O_SUMMON_RIDE;0			7505;17	0	1	0	13	0.0	0.0	0.0	0.0	0.0	0.0	0.0	0
7506		3000	_F_ATTACK_003;27	_F_ATTACK_003;27	0	0;0;0;0		0	0					PS_O_SUMMON_RIDE;0			7506;17	0	1	0	13	0.0	0.0	0.0	0.0	0.0	0.0	0.0	0
7507		3000	_F_ATTACK_003;27	_F_ATTACK_003;27	0	0;0;0;0		0	0					PS_O_SUMMON_RIDE;0			7507;17	0	1	0	13	0.0	0.0	0.0	0.0	0.0	0.0	0.0	0
7521		3000	_F_ATTACK_003;27	_F_ATTACK_003;27	0	0;0;0;0		0	0					PS_O_SUMMON_RIDE;0			7521;17	0	1	0	13	0.0	0.0	0.0	0.0	0.0	0.0	0.0	0
7522		3000	_F_ATTACK_003;27	_F_ATTACK_003;27	0	0;0;0;0		0	0					PS_O_SUMMON_RIDE;0			7522;17	0	1	0	13	0.0	0.0	0.0	0.0	0.0	0.0	0.0	0
7523		3000	_F_ATTACK_003;27	_F_ATTACK_003;27	0	0;0;0;0		0	0					PS_O_SUMMON_RIDE;0			7523;17	0	1	0	13	0.0	0.0	0.0	0.0	0.0	0.0	0.0	0
7524		3000	_F_ATTACK_003;27	_F_ATTACK_003;27	0	0;0;0;0		0	0					PS_O_SUMMON_RIDE;0			7524;17	0	1	0	13	0.0	0.0	0.0	0.0	0.0	0.0	0.0	0
7525		3000	_F_ATTACK_003;27	_F_ATTACK_003;27	0	0;0;0;0		0	0					PS_O_SUMMON_RIDE;0			7525;17	0	1	0	13	0.0	0.0	0.0	0.0	0.0	0.0	0.0	0
7526		3000	_F_ATTACK_003;27	_F_ATTACK_003;27	0	0;0;0;0		0	0					PS_O_SUMMON_RIDE;0			7526;17	0	1	0	13	0.0	0.0	0.0	0.0	0.0	0.0	0.0	0
7527		3000	_F_ATTACK_003;27	_F_ATTACK_003;27	0	0;0;0;0		0	0					PS_O_SUMMON_RIDE;0			7527;17	0	1	0	13	0.0	0.0	0.0	0.0	0.0	0.0	0.0	0
7528		3000	_F_ATTACK_003;27	_F_ATTACK_003;27	0	0;0;0;0		0	0					PS_O_SUMMON_RIDE;0			7528;17	0	1	0	13	0.0	0.0	0.0	0.0	0.0	0.0	0.0	0
7529		3000	_F_ATTACK_003;27	_F_ATTACK_003;27	0	0;0;0;0		0	0					PS_O_SUMMON_RIDE;0			7529;17	0	1	0	13	0.0	0.0	0.0	0.0	0.0	0.0	0.0	0
7551		3000	_F_ATTACK_003;27	_F_ATTACK_003;27	0	0;0;0;0		0	0					PS_O_SUMMON_RIDE;0			7551;17	0	1	0	13	0.0	0.0	0.0	0.0	0.0	0.0	0.0	0
7552		3000	_F_ATTACK_003;27	_F_ATTACK_003;27	0	0;0;0;0		0	0					PS_O_SUMMON_RIDE;0			7552;17	0	1	0	13	0.0	0.0	0.0	0.0	0.0	0.0	0.0	0
7553		3000	_F_ATTACK_003;27	_F_ATTACK_003;27	0	0;0;0;0		0	0					PS_O_SUMMON_RIDE;0			7553;17	0	1	0	13	0.0	0.0	0.0	0.0	0.0	0.0	0.0	0
7554		3000	_F_ATTACK_003;27	_F_ATTACK_003;27	0	0;0;0;0		0	0					PS_O_SUMMON_RIDE;0			7554;17	0	1	0	13	0.0	0.0	0.0	0.0	0.0	0.0	0.0	0
7559		3000	_F_ATTACK_003;27	_F_ATTACK_003;27	0	0;0;0;0		0	0					PS_O_SUMMON_RIDE;0			7559;17	0	1	0	13	0.0	0.0	0.0	0.0	0.0	0.0	0.0	0
7560		3000	_F_ATTACK_003;27	_F_ATTACK_003;27	0	0;0;0;0		0	0					PS_O_SUMMON_RIDE;0			7560;17	0	1	0	13	0.0	0.0	0.0	0.0	0.0	0.0	0.0	0
7600		3000			0			0	0					MAP_A_NPC_DISAPPEAR;0			7600;0	0	0	0	13	0.0	0.0	0.0	0.0	0.0	0.0	0.0	0
7601		3000			0			0	0					MAP_A_NPC_DISAPPEAR;0			7601;0	0	0	0	13	0.0	0.0	0.0	0.0	0.0	0.0	0.0	0
7602		3000			0			0	0					MAP_A_NPC_DISAPPEAR;0			7602;0	0	0	0	13	0.0	0.0	0.0	0.0	0.0	0.0	0.0	0
7603		3000			0			0	0					MAP_A_NPC_DISAPPEAR;0			7603;0	0	0	0	13	0.0	0.0	0.0	0.0	0.0	0.0	0.0	0
7604		3000			0			0	0					MAP_A_NPC_DISAPPEAR;0			7604;0	0	0	0	13	0.0	0.0	0.0	0.0	0.0	0.0	0.0	0
7605		3000			0			0	0					MAP_A_NPC_DISAPPEAR;0			7605;0	0	0	0	13	0.0	0.0	0.0	0.0	0.0	0.0	0.0	0
7606		3000			0			0	0					MAP_A_NPC_DISAPPEAR;0			7606;0	0	0	0	13	0.0	0.0	0.0	0.0	0.0	0.0	0.0	0
7607		3000			0			0	0					MAP_A_NPC_DISAPPEAR;0			7607;0	0	0	0	13	0.0	0.0	0.0	0.0	0.0	0.0	0.0	0
7608		3000			0			0	0					MAP_A_NPC_DISAPPEAR;0			7608;0	0	0	0	13	0.0	0.0	0.0	0.0	0.0	0.0	0.0	0
7609		3000			0			0	0					MAP_A_NPC_DISAPPEAR;0			7609;0	0	0	0	13	0.0	0.0	0.0	0.0	0.0	0.0	0.0	0
7610		3000			0			0	0					MAP_A_NPC_DISAPPEAR;0			7610;0	0	0	0	13	0.0	0.0	0.0	0.0	0.0	0.0	0.0	0
7611		3000			0			0	0					MAP_A_NPC_DISAPPEAR;0			7611;0	0	0	0	13	0.0	0.0	0.0	0.0	0.0	0.0	0.0	0
7612		3000			0			0	0					MAP_A_NPC_DISAPPEAR;0			7612;0	0	0	0	13	0.0	0.0	0.0	0.0	0.0	0.0	0.0	0
7613		3000			0			0	0					MAP_A_NPC_DISAPPEAR;0			7613;0	0	0	0	13	0.0	0.0	0.0	0.0	0.0	0.0	0.0	0
7614		3000			0			0	0					MAP_A_NPC_DISAPPEAR;0			7614;0	0	0	0	13	0.0	0.0	0.0	0.0	0.0	0.0	0.0	0
7615		3000			0			0	0					MAP_A_NPC_DISAPPEAR;0			7615;0	0	0	0	13	0.0	0.0	0.0	0.0	0.0	0.0	0.0	0
7616		3000			0			0	0					MAP_A_NPC_DISAPPEAR;0			7616;0	0	0	0	13	0.0	0.0	0.0	0.0	0.0	0.0	0.0	0
7617		3000			0			0	0					MAP_A_NPC_DISAPPEAR;0			7617;0	0	0	0	13	0.0	0.0	0.0	0.0	0.0	0.0	0.0	0
7618		3000			0			0	0					MAP_A_NPC_DISAPPEAR;0			7618;0	0	0	0	13	0.0	0.0	0.0	0.0	0.0	0.0	0.0	0
7619		3000			0			0	0					MAP_A_NPC_DISAPPEAR;0			7619;0	0	0	0	13	0.0	0.0	0.0	0.0	0.0	0.0	0.0	0
7620		3000			0			0	0					MAP_A_NPC_DISAPPEAR;0			7620;0	0	0	0	13	0.0	0.0	0.0	0.0	0.0	0.0	0.0	0
7621		3000			0			0	0					MAP_A_NPC_DISAPPEAR;0			7621;0	0	0	0	13	0.0	0.0	0.0	0.0	0.0	0.0	0.0	0
7622		3000			0			0	0					MAP_A_NPC_DISAPPEAR;0			7622;0	0	0	0	13	0.0	0.0	0.0	0.0	0.0	0.0	0.0	0
7623		3000			0			0	0					MAP_A_NPC_DISAPPEAR;0			7623;0	0	0	0	13	0.0	0.0	0.0	0.0	0.0	0.0	0.0	0
7624		3000			0			0	0					MAP_A_NPC_DISAPPEAR;0			7624;0	0	0	0	13	0.0	0.0	0.0	0.0	0.0	0.0	0.0	0
7625		3000			0			0	0					MAP_A_NPC_DISAPPEAR;0			7625;0	0	0	0	13	0.0	0.0	0.0	0.0	0.0	0.0	0.0	0
7626		3000			0			0	0					MAP_A_NPC_DISAPPEAR;0			7626;0	0	0	0	13	0.0	0.0	0.0	0.0	0.0	0.0	0.0	0
7627		3000			0			0	0					MAP_A_NPC_DISAPPEAR;0			7627;0	0	0	0	13	0.0	0.0	0.0	0.0	0.0	0.0	0.0	0
7628		3000			0			0	0					MAP_A_NPC_DISAPPEAR;0			7628;0	0	0	0	13	0.0	0.0	0.0	0.0	0.0	0.0	0.0	0
7629		3000			0			0	0					MAP_A_NPC_DISAPPEAR;0			7629;0	0	0	0	13	0.0	0.0	0.0	0.0	0.0	0.0	0.0	0
7630		3000			0			0	0					MAP_A_NPC_DISAPPEAR;0			7630;0	0	0	0	13	0.0	0.0	0.0	0.0	0.0	0.0	0.0	0
7631		3000			0			0	0					MAP_A_NPC_DISAPPEAR;0			7631;0	0	0	0	13	0.0	0.0	0.0	0.0	0.0	0.0	0.0	0
7632		3000			0			0	0					MAP_A_NPC_DISAPPEAR;0			7632;0	0	0	0	13	0.0	0.0	0.0	0.0	0.0	0.0	0.0	0
7633		3000			0			0	0					MAP_A_NPC_DISAPPEAR;0			7633;0	0	0	0	13	0.0	0.0	0.0	0.0	0.0	0.0	0.0	0
7634		3000			0			0	0					MAP_A_NPC_DISAPPEAR;0			7634;0	0	0	0	13	0.0	0.0	0.0	0.0	0.0	0.0	0.0	0
7635		3000			0			0	0					MAP_A_NPC_DISAPPEAR;0			7635;0	0	0	0	13	0.0	0.0	0.0	0.0	0.0	0.0	0.0	0
7636		3000			0			0	0					MAP_A_NPC_DISAPPEAR;0			7636;0	0	0	0	13	0.0	0.0	0.0	0.0	0.0	0.0	0.0	0
7637		3000			0			0	0					MAP_A_NPC_DISAPPEAR;0			7637;0	0	0	0	13	0.0	0.0	0.0	0.0	0.0	0.0	0.0	0
8001		1000	_F_ATTACK_002;0	_F_ATTACK_002;0	0	0;0;0;0		0	0								8001;0	0	100	0	6	0.0	0.0	0.0	0.0	0.0	0.0	0.0	0
8002		8000	_F_ATTACK_002;100	_F_ATTACK_002;100	0	0;0;0;150		0	0					MAP_O_CHOPPER;30			8041;30\n8200;90	1	100	0	2;5	0.0	0.0	0.0	0.0	0.0	0.0	0.0	0
8003		8000	_F_ATTACK_002;0	_F_ATTACK_002;0	0	0;0;0;1450		0	0								8010;0\n8014;450\n8018;900	1	100	0	0;5	4.0	4.0	0.0	0.0	0.0	0.0	0.0	0
8004		8000	_F_ATTACK_002;0	_F_ATTACK_002;0	0	0;0;0;1450		0	0								8027;0\n8031;450\n8035;900	1	100	0	0;5	4.0	4.0	0.0	0.0	0.0	0.0	0.0	0
8005		30000	_F_SENTRY_000;15\n_F_JUMP_002;40\n_F_JUMP_001;56\n_F_JUMP_001;72\n_F_JUMP_001;88\n_F_JUMP_001;104\n_F_JUMP_003;120\n_F_JUMP_003;135\n_F_JUMP_004;144	_F_SENTRY_000;15\n_F_JUMP_002;40\n_F_JUMP_001;56\n_F_JUMP_001;72\n_F_JUMP_001;88\n_F_JUMP_001;104\n_F_JUMP_003;120\n_F_JUMP_003;135\n_F_JUMP_004;144	0	0;0;0;15\nARC;120		0	0	GO(0)	GO(0)	none;1005;99		MAP_TRAVEL_CANON;15				1	100	0	1;5;13	0.0	0.0	0.0	0.0	0.0	0.0	0.0	0
8006		30000	_F_SENTRY_000;15\n_F_JUMP_002;40\n_F_JUMP_001;50\n_F_JUMP_003;66\n_F_JUMP_003;75\n_F_JUMP_004;84	_F_SENTRY_000;15\n_F_JUMP_002;40\n_F_JUMP_001;50\n_F_JUMP_003;66\n_F_JUMP_003;75\n_F_JUMP_004;84	0	0;0;0;15\nARC;60		0	0	GO(0)	GO(0)	none;1005;39		MAP_TRAVEL_CANON;15				1	100	0	0;5;13	0.0	0.0	0.0	0.0	0.0	0.0	0.0	0
8007		30000	_F_ATTACK_001;210	_F_ATTACK_001;210	0	0;0;0;210		0	0					MAP_LAVA_STREAM;0			8039;0\n8039;5\n8039;10\n8039;15\n8039;20\n8039;25\n8039;30\n8039;35\n8039;40\n8039;45\n8039;50\n8039;55	10	10	0	2;5	1.5	1.5	0.0	0.0	0.0	0.0	0.0	0
8008		2000	_F_ATTACK_002;90	_F_ATTACK_002;90	0	0;0;0;90		0	0								8004;0\n9802;3	1	10	0	2;5;13	0.0	0.0	0.0	0.0	0.0	0.0	0.0	0
8009		500	_F_FLEX_000;150\n_F_SENTRY_000;200\n_F_SENTRY_000;250	_F_FLEX_000;150\n_F_SENTRY_000;200\n_F_SENTRY_000;250	0	0;0;0;250		0	0	GO(0)	GO(0)						9801;3\n8040;139\n8003;140	1	500	0	2;5	0.0	0.0	0.0	0.0	0.0	0.0	0.0	0
8010		8000	_F_ATTACK_000;40	_F_ATTACK_000;40	0	0;0;0;40		0	0	GO(0)	GO(0)			S_O_ROBINSON;21			4984;0\n8047;21	1	8000	0	2;5	0.0	0.0	0.0	0.0	0.0	0.0	0.0	0
8011		8000	_F_HAPPY_000;84\n_F_FLEX_000;204\n_F_READY_000;234	_F_HAPPY_000;84\n_F_FLEX_000;204\n_F_READY_000;234	0	0;0;0;600		0	0	GO(0)	GO(0)			MAP_O_LIGHTBEAN;0			8048;0	1	8000	0	2;5	0.0	0.0	0.0	0.0	0.0	0.0	0.0	0
8012		400	_F_FORWARD_000;72\n_F_FORWARD_000;144\n_F_FORWARD_000;160\n_F_SENTRY_000;210\n_F_ATTACK_002;300	_F_FORWARD_000;72\n_F_FORWARD_000;144\n_F_FORWARD_000;160\n_F_SENTRY_000;210\n_F_ATTACK_002;300	0	117;-283;0;20\n400;-400;0;40\n683;-283;0;60\n800;0;0;80\n683;283;0;100\n400;400;0;120\n117;283;0;140\n0;0;0;160	68;0\n23;20\n-23;40\n-68;60\n-113;80\n-157;100\n157;120\n113;140\n0;160	0	0	GO(0)	GO(0)						4982;0\n9802;3	1	500	0	2;5	0.0	0.0	0.0	0.0	0.0	0.0	0.0	0
8013		400	_F_FLEX_000;150\n_F_SENTRY_000;200\n_F_SENTRY_000;250\n_F_SENTRY_000;300\n_F_SENTRY_000;350\n_F_ATTACK_002;440	_F_FLEX_000;150\n_F_SENTRY_000;200\n_F_SENTRY_000;250\n_F_SENTRY_000;300\n_F_SENTRY_000;350\n_F_ATTACK_002;440	0	0;0;0;440		0	0	GO(0)	GO(0)						4987;0\n9803;3	1	500	0	2;5	0.0	0.0	0.0	0.0	0.0	0.0	0.0	0
8014		400	_F_DIE_000;90\n_F_KNOCKED_002;140\n_F_KNOCKED_002;170\n_F_KNOCKED_002;190\n_F_KNOCKED_002;220\n_F_DIE_002;244\n_F_ATTACK_002;334	_F_DIE_000;90\n_F_KNOCKED_002;140\n_F_KNOCKED_002;170\n_F_KNOCKED_002;190\n_F_KNOCKED_002;220\n_F_DIE_002;244\n_F_ATTACK_002;334	0	0;0;0;334		0	0	GO(0)	GO(0)						4983;0\n9804;3	1	500	0	2;5	0.0	0.0	0.0	0.0	0.0	0.0	0.0	0
8015		8000	_F_READY_000;30\n_F_ATTACK_000;70	_F_READY_000;30\n_F_ATTACK_000;70	0	0;0;0;40		0	0	GO(0)	GO(0)			S_O_ROBINSON;51			4990;0\n8047;51	1	8000	0	2;5	0.0	0.0	0.0	0.0	0.0	0.0	0.0	0
8016		8000	_F_READY_000;30\n_F_READY_000;60\n_F_READY_000;90	_F_READY_000;30\n_F_READY_000;60\n_F_READY_000;90	0	0;0;0;90		0	0	GO(0)	GO(0)							1	8000	0	2;5	0.0	0.0	0.0	0.0	0.0	0.0	0.0	0
8017		12000	_F_READY_000;30\n_F_READY_000;48\n_F_FALLING_000;64\n_F_FALLING_000;80\n_F_FALLING_000;96\n_F_FALLING_000;112\n_F_FALLING_000;128\n_F_FALLING_000;138	_F_READY_000;30\n_F_READY_000;48\n_F_FALLING_000;64\n_F_FALLING_000;80\n_F_FALLING_000;96\n_F_FALLING_000;112\n_F_FALLING_000;128\n_F_FALLING_000;138	0	0;0;0;48\nARC;90		0	0	GO(0)	GO(0)	none;5;50					8282;0	1	8000	0	2;6;13	0.0	0.0	0.0	0.0	0.0	0.0	0.0	0
8018		100	_F_ATTACK_002;30	_F_ATTACK_002;30	0	0;0;0;30		0	0	GO(0)	GO(0)						8118;30	1	100	0	1;13;29	0.0	0.0	0.0	0.0	0.0	0.0	0.0	0
8019		100	_F_ATTACK_000;24	_F_ATTACK_000;24	0	0;0;0;0		0	0	GO(0)	GO(0)	none;0;12						1	150	0	2	0.4000000059604645	0.4000000059604645	0.4000000059604645	0.4000000059604645	200.0	200.0	0.0	0
8020		2000	_F_ATTACK_000;10	_F_ATTACK_000;10	0	0;0;0;0		0	0	GO(0)	GO(0)						8200;10	1	250	0	13	0.0	0.0	0.0	0.0	300.0	300.0	0.0	0
8021		2000	_F_ATTACK_003;41	_F_ATTACK_003;41	0	0;0;0;0		0	0	GO(0)	GO(0)			S_O_M018_000_000_3;0			8073;25	1	250	0	6;19	0.0	0.0	0.0	0.0	0.0	0.0	0.0	0
8022		2500	_F_ATTACK_002;41	_F_ATTACK_002;41	0	0;0;0;41		0	0					S_O_M018_000_000_2;0			8075;21	10	270	0	13;19	0.0	0.0	0.0	0.0	0.0	0.0	0.0	0
8023		300	_F_TALK_000;80	_F_TALK_000;80	0	0;0;0;80		0	0									0	270	0	1	0.0	0.0	0.0	0.0	0.0	0.0	0.0	0
8024		300			0			0	0								8076;0	1	270	0	13	0.0	0.0	0.0	0.0	0.0	0.0	0.0	0
8025		300			0			0	0								8076;0	1	270	0	13	0.0	0.0	0.0	0.0	0.0	0.0	0.0	0
8026		10000			0			0	0								8077;0	1	0	0	3;6;10	0.0	0.0	0.0	0.0	0.0	0.0	0.0	0
8027		500			0	0;0;0;900		0	0									1	0	0	13	0.0	0.0	0.0	0.0	0.0	0.0	0.0	0
8028		150	_F_ATTACK_006;60	_F_ATTACK_006;60	320	0;0;0;60		0	0	HIT(95)		S_H_LIGHTENING;0;12\nS_H_LIGHTENING;0;22\nS_H_LIGHTENING;0;32						3	150	0	2;5;8;19	1.2999999523162842	0.0	0.0	0.0	0.0	0.0	0.0	0
8029		1200	_F_FORWARD_000;35\n_F_FORWARD_000;70	_F_FORWARD_000;35\n_F_FORWARD_000;70	0	1500;0;0;70		0	0					S_O_ROBOT_DASH;0			4982;0\n3402;0	1	200	0	2;5;19	0.0	0.0	0.0	0.0	0.0	0.0	0.0	0
8030		1500	_F_ATTACK_004;60	_F_ATTACK_004;60	0	0;0;0;60		0	0					S_O_PULSE_GIM4;0			4983;0\n8129;10\n8130;24\n8131;37	1	200	0	2;5;19	0.0	0.0	0.0	0.0	0.0	0.0	0.0	0
8031		150	_F_ATTACK_005;49	_F_ATTACK_005;49	128	0;0;0;49		0	0	HIT(95)		S_H_PHYSICS;0;9\nS_H_PHYSICS;0;19\nS_H_PHYSICS;0;29						1	150	0	2;5;8;19	1.2999999523162842	0.0	0.0	0.0	0.0	0.0	0.0	0
8032		1200	_F_FORWARD_000;35\n_F_FORWARD_000;70	_F_FORWARD_000;35\n_F_FORWARD_000;70	0	1500;0;0;70		0	0					S_O_ROBOT_DASH;0			4982;0\n3402;0	1	200	0	2;5;19	0.0	0.0	0.0	0.0	0.0	0.0	0.0	0
8033		800	_F_ATTACK_000;58	_F_ATTACK_000;58	0	0;0;0;58		0	0					S_O_ROBOT_PLASMA_FIELD;0			4988;0\n3405;15\n3405;20\n3405;25\n3405;30	1	200	0	2;19	0.0	0.0	0.0	0.0	0.0	0.0	0.0	0
8034		2500	_F_ATTACK_002;41	_F_ATTACK_002;41	64	0;0;0;41		0	0					S_O_M018_000_000_2;0			8078;21	10	270	0	13;19	0.0	0.0	0.0	0.0	0.0	0.0	0.0	0
8035		10000	_F_ATTACK_002;300	_F_ATTACK_002;300	0	0;0;0;300		0	0								8081;0\n8079;1	1	270	0	2;29	0.0	0.0	0.0	0.0	0.0	0.0	0.0	0
8036		10000			0			0	0								8083;0	1	270	0	2;10;13	0.0	0.0	0.0	0.0	0.0	0.0	0.0	0
8037		10000			0	200;0;700;5		0	0					U_JUMP_TRIGGER;0				1	270	0	13	0.0	0.0	0.0	0.0	0.0	0.0	0.0	0
8038		20000	_C_PICK_002;40\n_C_PICK_002;41	_C_PICK_002;40\n_C_PICK_002;41	0			0	0	GO(0)	GO(0)						8140;30	1	100	0	13;25	0.0	0.0	0.0	0.0	0.0	0.0	0.0	0
8039	IS1811	3000	_F_ATTACK_026;24	_F_ATTACK_026;24	0	0;0;0;24		0	0	GO(0)	GO(0)						8090;0\n8088;5	1	100	0	3;5;6;27	0.0	0.0	0.0	0.0	0.0	0.0	0.0	0
8040	IS1811	20000			0	0;0;0;0		0	0	GO(0)	GO(0)						8092;0\n8092;2\n8092;4\n8092;6\n8092;8\n8092;10	1	100	0	5;6;10	0.0	0.0	0.0	0.0	0.0	0.0	0.0	0
8041	IS1811	3000	_F_ATTACK_000;28	_F_ATTACK_000;28	0	0;0;0;28		0	0	GO(0)	GO(0)						8096;0\n8094;13	0	100	0	5;6	0.0	0.0	0.0	0.0	0.0	0.0	0.0	0
8042		30000	_F_SENTRY_000;15\n_F_JUMP_002;40\n_F_JUMP_001;56\n_F_JUMP_001;72\n_F_JUMP_001;88\n_F_JUMP_001;104\n_F_JUMP_003;120\n_F_JUMP_003;136\n_F_JUMP_003;152\n_F_JUMP_003;165	_F_SENTRY_000;15\n_F_JUMP_002;40\n_F_JUMP_001;56\n_F_JUMP_001;72\n_F_JUMP_001;88\n_F_JUMP_001;104\n_F_JUMP_003;120\n_F_JUMP_003;136\n_F_JUMP_003;152\n_F_JUMP_003;165	0	0;0;0;15\nARC;150		0	0	GO(0)	GO(0)	none;0;163	0;5;1	MAP_TRAVEL_CANON;15				1	100	0	1;5;13	0.0	0.0	0.0	0.0	0.0	0.0	0.0	0
8043		2000			0			0	0	GO(0)	GO(0)						8099;0	1	100	0	6	0.0	0.0	0.0	0.0	0.0	0.0	0.0	0
8044		6000			0	0;0;0;150		0	0	GO(0)	GO(0)						8102;0\n8102;3\n8102;6\n8102;9\n8102;12	1	100	0	2	0.0	0.0	0.0	0.0	0.0	0.0	0.0	0
8045		16000			0	0;0;0;330		0	0	GO(0)	GO(0)						8103;0\n8104;1	1	100	0	2	0.0	0.0	0.0	0.0	0.0	0.0	0.0	0
8046		5000	_F_ATTACK_001;49\n_F_ATTACK_001;70\n_F_ATTACK_000;113\n_F_SENTRY_000;150	_F_ATTACK_001;49\n_F_ATTACK_001;70\n_F_ATTACK_000;113\n_F_SENTRY_000;150	0	0;0;0;150		0	0	GO(0)	GO(0)			S_O_RIFLE_CAT;70			8106;0\n8107;87	1	100	0	2	0.0	0.0	0.0	0.0	0.0	0.0	0.0	0
8047		2000	_F_ATTACK_002;41	_F_ATTACK_002;41	64	0;0;0;41		0	0					S_O_M018_000_000_2;0			8119;21	1	0	0	2;5;8;19	0.0	0.0	0.0	0.0	0.0	0.0	0.0	0
8048		2500	_F_ATTACK_003;41	_F_ATTACK_003;41	64	0;0;0;41		0	0					S_O_M018_000_000_3;0			8120;25	1	0	0	2;5;6;19	0.0	0.0	0.0	0.0	0.0	0.0	0.0	0
8049		2500			0			0	0								8122;0	1	200	0	13	0.0	0.0	0.0	0.0	0.0	0.0	0.0	0
8050		2500			0	0;0;13000;5		0	0					U_JUMP_TRIGGER;0				1	200	0	13;29	0.0	0.0	0.0	0.0	0.0	0.0	0.0	0
8051		5000	_F_ATTACK_004;60\n_F_SENTRY_000;100	_F_ATTACK_004;60\n_F_SENTRY_000;100	0	0;0;0;100		0	0								8202;0\n8123;18	1	200	0	2;5;8;9;29	0.0	0.0	0.0	0.0	0.0	0.0	0.0	0
8052		20000	_F_JUMP_000;30\n_F_JUMP_001;40\n_F_SENTRY_000;86\n_F_SENTRY_000;100	_F_JUMP_000;30\n_F_JUMP_001;40\n_F_SENTRY_000;86\n_F_SENTRY_000;100	0	0;0;0;8\n0;-120;350;13	90;8	0	0					S_O_STAMP;8				1	100	0	13;29	0.0	0.0	0.0	0.0	0.0	0.0	0.0	0
8053		20000	_F_JUMP_000;30\n_F_JUMP_001;40\n_F_SENTRY_000;86\n_F_SENTRY_000;100	_F_JUMP_000;30\n_F_JUMP_001;40\n_F_SENTRY_000;86\n_F_SENTRY_000;100	0	0;0;0;8\n0;120;350;13	270;8	0	0					S_O_STAMP;8				1	100	0	13;29	0.0	0.0	0.0	0.0	0.0	0.0	0.0	0
8054		20000	_F_JUMP_000;30\n_F_JUMP_001;40\n_F_SENTRY_000;86\n_F_SENTRY_000;100	_F_JUMP_000;30\n_F_JUMP_001;40\n_F_SENTRY_000;86\n_F_SENTRY_000;100	0	0;0;0;8\n-120;0;350;13	180;8	0	0					S_O_STAMP;8				1	100	0	13;29	0.0	0.0	0.0	0.0	0.0	0.0	0.0	0
8055		2500			0			0	0								8127;0\n8200;600	1	100	0	1;29	0.0	0.0	0.0	0.0	0.0	0.0	0.0	0
8056		200	_F_ATTACK_015;66	_F_ATTACK_015;66	1	0;0;0;21\n75;0;0;25\n75;0;0;33\n200;0;0;46		0	0	HIT(95)		S_H_PHYSICS;0;26\nS_H_PHYSICS;0;39\nS_H_PHYSICS;0;45		PS_O_D_ATTACK_015;0				6	200	0	2;5;8	1.5	0.0	1.5	0.0	0.0	0.0	0.0	0
8057		1000	_F_ATTACK_013;35	_F_ATTACK_013;35	0	0;0;0;16\nARCEDGE;-0.4;0;0.4;9		0	0					PS_O_D_ATTACK_013;0			8133;17	1	150	0	2;5;8	0.0	0.0	0.0	0.0	0.0	0.0	0.0	0
8058		1200	_F_ATTACK_015;66	_F_ATTACK_015;66	0	0;0;0;21\n75;0;0;25\n75;0;0;33\n200;0;0;46		0	0					PS_O_BLOOD_TRAIL_2;0			3746;25\n3747;45	1	150	0	2;5;8	0.0	0.0	0.0	0.0	0.0	0.0	0.0	0
8059		5000	_F_ATTACK_001;49\n_F_ATTACK_000;96\n_F_SENTRY_000;100	_F_ATTACK_001;49\n_F_ATTACK_000;96\n_F_SENTRY_000;100	0	0;0;0;100		0	0	GO(0)	GO(0)			S_O_RIFLE_CAT;49			8106;0\n8107;66	1	100	0	2	0.0	0.0	0.0	0.0	0.0	0.0	0.0	0
8060		5000	_F_SENTRY_000;240	_F_SENTRY_000;210	1024	0;0;0;0		0	0								4985;0\n8203;1	1	370	0	2;5	0.800000011920929	1.2000000476837158	0.800000011920929	1.2000000476837158	0.0	0.0	0.0	0
8061		16000			0	0;0;0;180		0	0	GO(0)	GO(0)						8103;0\n8104;1	1	100	0	2	0.0	0.0	0.0	0.0	0.0	0.0	0.0	0
8062		400	_F_ATTACK_003;70\n_F_SENTRY_000;110	_F_ATTACK_003;70\n_F_SENTRY_000;110	1	0;0;0;10\n1500;0;30;22		0	0					S_O_CLASH_OF_VOID;0			3245;11	6	300	0	2;5	1.7000000476837158	0.0	1.7000000476837158	0.0	0.0	0.0	0.0	0
8063		5000	_F_SENTRY_000;120	_F_SENTRY_000;90	1024	0;0;0;0		0	0								4985;0\n8203;1	1	370	0	2;5	0.800000011920929	1.2000000476837158	0.800000011920929	1.2000000476837158	0.0	0.0	0.0	0
8064		5000	_F_SENTRY_000;180	_F_SENTRY_000;150	1024	0;0;0;0		0	0								4985;0\n8203;1	1	370	0	2;5	0.800000011920929	1.2000000476837158	0.800000011920929	1.2000000476837158	0.0	0.0	0.0	0
8065		3000	_F_SENTRY_000;39\n_F_SENTRY_000;60\n_F_ATTACK_002;101\n_F_SENTRY_000;140\n_F_SENTRY_000;179	_F_SENTRY_000;39\n_F_SENTRY_000;60\n_F_ATTACK_002;101\n_F_SENTRY_000;140\n_F_SENTRY_000;179	0	0;0;0;0		0	0					S_O_M018_000_000_2;60			8106;0\n8135;81	1	0	0	2;5	0.0	0.0	0.0	0.0	0.0	0.0	0.0	0
8066		12000	_F_ATTACK_028;45\n_F_ATTACK_023;74\n_F_ATTACK_023;103	_F_ATTACK_028;45\n_F_ATTACK_023;74\n_F_ATTACK_023;103	0	0;0;0;0		0	0					PS_C_HEAL_MAJOR;0\nPS_C_HEAL_MAJOR;80			4980;0\n8136;100	1	0	0	2;5	0.0	0.0	0.0	0.0	0.0	0.0	0.0	0
8067		12000	_F_SENTRY_000;40	_F_SENTRY_000;40	0	0;0;0;0		0	0									1	0	0	2;5;29	0.0	0.0	0.0	0.0	0.0	0.0	0.0	0
8068		100	_F_ATTACK_032A;48\n_F_ATTACK_032B;88\n_F_ATTACK_032B;128\n_F_ATTACK_032B;168\n_F_ATTACK_032B;208\n_F_ATTACK_032B;248\n_F_ATTACK_032B;288\n_F_ATTACK_032B;320	_F_ATTACK_032A;48\n_F_ATTACK_032B;88\n_F_ATTACK_032B;128\n_F_ATTACK_032B;168\n_F_ATTACK_032B;208\n_F_ATTACK_032B;248\n_F_ATTACK_032B;288\n_F_ATTACK_032B;320	0	0;0;0;0		0	0					PS_C_HEAL_MAJOR;0\nPS_C_HEAL_MAJOR;80\nPS_C_HEAL_MAJOR;160\nPS_C_HEAL_MAJOR;240			8137;310	1	0	0	2;5	0.0	0.0	0.0	0.0	0.0	0.0	0.0	0
8069		20000	_C_PICK_002;40\n_C_PICK_002;41	_C_PICK_002;40\n_C_PICK_002;41	0			0	0	GO(0)	GO(0)						8143;30	1	100	0	13;25	0.0	0.0	0.0	0.0	0.0	0.0	0.0	0
8070	IS1811	3000	_F_ATTACK_026;24	_F_ATTACK_026;24	0	0;0;0;24		0	0	GO(0)	GO(0)						8145;0\n8144;5	1	100	0	3;5;6;27	0.0	0.0	0.0	0.0	0.0	0.0	0.0	0
8071		12000	_F_SENTRY_000;40\n_F_SENTRY_000;80\n_F_SENTRY_000;120\n_F_SENTRY_000;160\n_F_SENTRY_000;200\n_F_SENTRY_000;240\n_F_SENTRY_000;280\n_F_SENTRY_000;300	_F_SENTRY_000;40\n_F_SENTRY_000;80\n_F_SENTRY_000;120\n_F_SENTRY_000;160\n_F_SENTRY_000;200\n_F_SENTRY_000;240\n_F_SENTRY_000;280\n_F_SENTRY_000;300	0	0;0;0;0		0	0								8146;0	1	0	0	2;5;29	0.0	0.0	0.0	0.0	0.0	0.0	0.0	0
8072		100			0	0;0;0;0		0	0	GO(0)	GO(0)	none;8027;0						1	1	0	13	0.0	0.0	0.0	0.0	0.0	0.0	0.0	0
8073		4000	_F_SENTRY_000;60\n_F_SENTRY_000;120\n_F_SENTRY_000;180\n_F_SENTRY_000;240\n_F_SENTRY_000;300\n_F_SENTRY_000;360\n_F_SENTRY_000;370	_F_SENTRY_000;60\n_F_SENTRY_000;120\n_F_SENTRY_000;180\n_F_SENTRY_000;240\n_F_SENTRY_000;300\n_F_SENTRY_000;360\n_F_SENTRY_000;370	16384	0;0;0;370		0	0	GO(0)				PS_O_STORM_CIRCLE_000;0			8155;22\n8156;22\n8157;22\n8158;22	0	0	0	13	0.0	0.0	0.0	0.0	0.0	0.0	0.0	0
8074		500	_F_SENTRY_000;20\n_F_JUMP_002;45\n_F_JUMP_003;61\n_F_SENTRY_000;90	_F_SENTRY_000;20\n_F_JUMP_002;45\n_F_JUMP_003;61\n_F_SENTRY_000;90	0	0;0;0;20\n0;0;450;25		0	0									1	1	0	13;29	0.0	0.0	0.0	0.0	0.0	0.0	0.0	0
8075		500	_F_SENTRY_000;40\n_F_JUMP_002;65\n_F_JUMP_003;81	_F_SENTRY_000;40\n_F_JUMP_002;65\n_F_JUMP_003;81	0	0;0;0;40\n0;0;550;45		0	0									1	1	0	13;29	0.0	0.0	0.0	0.0	0.0	0.0	0.0	0
8076		500	_F_SENTRY_000;30\n_F_JUMP_002;55\n_F_JUMP_003;71	_F_SENTRY_000;30\n_F_JUMP_002;55\n_F_JUMP_003;71	0	0;0;0;30\n0;0;550;35		0	0									1	1	0	13;29	0.0	0.0	0.0	0.0	0.0	0.0	0.0	0
8077		500			0	0;0;0;300		0	0					PS_O_SHIP_OCCUPY;0\nPS_O_SHIP_OCCUPY;30\nPS_O_SHIP_OCCUPY;60\nPS_O_SHIP_OCCUPY;90\nPS_O_SHIP_OCCUPY;120\nPS_O_SHIP_OCCUPY;150\nPS_O_SHIP_OCCUPY;180\nPS_O_SHIP_OCCUPY;210\nPS_O_SHIP_OCCUPY;240\nPS_O_SHIP_OCCUPY_FINISHED;300			8170;0\n8170;20\n8170;40\n8170;60\n8170;80\n8170;100\n8170;120\n8170;140\n8170;160\n8170;180\n8170;200\n8170;220\n8170;240\n8170;260\n8170;280	1	1	0	7;13;28;30;37	0.0	0.0	0.0	0.0	0.0	0.0	0.0	0
8078		5000			0			0	0					S_O_PIRATE_FLAGSHIP_LEFT_CANON_V1;0			8232;3\n8233;18\n8234;33	1	1	0	7;13;28;30;37	0.0	0.0	0.0	0.0	0.0	0.0	0.0	0
8079		5000			0			0	0					S_O_PIRATE_FLAGSHIP_LEFT_CANON_V1;0			8237;3\n8238;18\n8239;33	1	1	0	7;13;28;30;37	0.0	0.0	0.0	0.0	0.0	0.0	0.0	0
8080		5000			0			0	0					S_O_PIRATE_FLAGSHIP_LEFT_CANON_V2;0			8242;3\n8258;18\n8259;33	1	1	0	7;13;28;30;37	0.0	0.0	0.0	0.0	0.0	0.0	0.0	0
8081		5000			0			0	0					S_O_PIRATE_FLAGSHIP_RIGHT_CANON_V1;0			8247;3\n8248;18\n8249;33	1	1	0	7;13;28;30;37	0.0	0.0	0.0	0.0	0.0	0.0	0.0	0
8082		5000			0			0	0					S_O_PIRATE_FLAGSHIP_RIGHT_CANON_V1;0			8252;3\n8253;18\n8254;33	1	1	0	7;13;28;30;37	0.0	0.0	0.0	0.0	0.0	0.0	0.0	0
8083		5000			0			0	0					S_O_PIRATE_FLAGSHIP_RIGHT_CANON_V2;0			8257;3\n8243;18\n8244;33	1	1	0	7;13;28;30;37	0.0	0.0	0.0	0.0	0.0	0.0	0.0	0
8084		5000			0			0	0								8174;0	1	0	0	13	0.0	0.0	0.0	0.0	0.0	0.0	0.0	0
8085		5000			0			0	0								8173;0	1	0	0	13	0.0	0.0	0.0	0.0	0.0	0.0	0.0	0
8086		5000			0			0	0								8173;0	1	0	0	13	0.0	0.0	0.0	0.0	0.0	0.0	0.0	0
8087		5000			0			0	0								8173;0	1	0	0	13	0.0	0.0	0.0	0.0	0.0	0.0	0.0	0
8088		5000			0			0	0								8173;0	1	0	0	13	0.0	0.0	0.0	0.0	0.0	0.0	0.0	0
8089		5000			0			0	0								8173;0	1	0	0	13	0.0	0.0	0.0	0.0	0.0	0.0	0.0	0
8090		5000			0			0	0								8173;0	1	0	0	13	0.0	0.0	0.0	0.0	0.0	0.0	0.0	0
8091		5000			0			0	0								8173;0	1	0	0	13	0.0	0.0	0.0	0.0	0.0	0.0	0.0	0
8092		5000			0			0	0								8173;0	1	0	0	13	0.0	0.0	0.0	0.0	0.0	0.0	0.0	0
8093		8000	_F_ATTACK_005;95\n_F_SENTRY_000;142\n_F_SENTRY_000;189\n_F_SENTRY_000;236\n_F_SENTRY_000;270	_F_ATTACK_005;95\n_F_SENTRY_000;142\n_F_SENTRY_000;189\n_F_SENTRY_000;236\n_F_SENTRY_000;270	0	0;0;0;0		0	0					S_O_M029_GETTA_BEAN;0			4982;0\n4933;12\n3696;13\n3696;17\n3696;21\n3696;25\n3696;29\n4933;30\n3696;33\n3696;37\n3696;41\n3696;45\n3696;49\n3696;53\n3696;57\n3696;61\n3758;63\n4910;64\n3759;65	1	0	0	2;5	0.0	0.0	0.0	0.0	0.0	0.0	0.0	0
8094		8000	_F_ATTACK_002;50\n_F_SENTRY_000;97\n_F_SENTRY_000;144\n_F_SENTRY_000;191\n_F_SENTRY_000;238\n_F_SENTRY_000;270	_F_ATTACK_002;50\n_F_SENTRY_000;97\n_F_SENTRY_000;144\n_F_SENTRY_000;191\n_F_SENTRY_000;238\n_F_SENTRY_000;270	0	0;0;0;0		0	0					S_O_FUNNEL;0			4981;0\n3700;28	1	0	0	2;5	0.0	0.0	0.0	0.0	0.0	0.0	0.0	0
8095		12000	_F_HAPPY_000;79\n_F_READY_000;143\n_F_READY_000;207\n_F_READY_000;271\n_F_READY_000;335\n_F_READY_000;399\n_F_READY_000;450\n_F_TALK_000;530\n_F_ATTACK_001;580\n_F_READY_000;610\n_F_WALK_000;641\n_F_WALK_000;672\n_F_WALK_000;703\n_F_WALK_000;734	_F_SAD_000;69\n_F_ATTACK_002;119\n_F_HAPPY_000;198\n_F_ATTACK_001;248\n_F_READY_000;300\n_F_WALK_000;331\n_F_WALK_000;362\n_F_WALK_000;393\n_F_WALK_000;424	0	0;0;0;610\n0;500;0;734	0;520\n-90;530	0	0	GO(0)	GO(0)	none;3067;0		S_O_M007_OPENGATE;530			3544;0\n3545;530\n3544;600\n8200;730	1	0	0	5;13;29	0.0	0.0	0.0	0.0	0.0	0.0	0.0	0
8096		8000	_F_ATTACK_003;32	_F_ATTACK_003;32	0			0	0	GO(0)				PS_O_BLESSING_PRAY;0			4984;0\n8179;17	1	0	0	2;5;6;17	0.0	0.0	0.0	0.0	0.0	0.0	0.0	0
8097		8000	_F_ATTACK_003;32	_F_ATTACK_003;32	0			0	0	GO(0)				PS_O_BLESSING_PRAY;0			4990;0\n8179;17	1	0	0	2;5;6;17	0.0	0.0	0.0	0.0	0.0	0.0	0.0	0
8098		12000			0	0;0;0;600		0	0								4983;0	1	0	0	2;5;29	0.0	0.0	0.0	0.0	0.0	0.0	0.0	0
8099		12000			0	0;0;0;600		0	0								4983;0	1	8000	0	2;5;29	0.0	0.0	0.0	0.0	0.0	1.0	0.0	1
8100		12000	_F_READY_000;64\n_F_READY_000;128\n_F_READY_000;192\n_F_READY_000;256\n_F_READY_000;300	_F_READY_000;64\n_F_READY_000;128\n_F_READY_000;192\n_F_READY_000;256\n_F_READY_000;300	0			0	0								8188;0\n8194;300	1	8000	0	2;5;29	0.0	0.0	0.0	0.0	0.0	0.0	0.0	0
8101		2500	_F_ATTACK_002;20	_F_ATTACK_002;20	0	0;0;0;0		0	0					S_O_M007_ATK_2;0			4988;0\n8193;1\n3546;30\n8189;49\n8194;50	1	0	0	2;5	0.0	0.0	0.0	0.0	0.0	0.0	0.0	0
8102		2500	_F_SENTRY_000;20\n_F_ATTACK_002;70	_F_SENTRY_000;20\n_F_ATTACK_002;70	0	0;0;0;0		0	0					S_O_M007_ATK_2A;20			4983;0\n8193;1\n3547;52\n3547;56\n3547;60\n8190;64\n8194;65	1	0	0	2;5	0.0	0.0	0.0	0.0	0.0	0.0	0.0	0
8103		12000			0	0;0;0;600		0	0								8191;0	1	8000	0	1;5;29	0.0	0.0	0.0	0.0	0.0	0.0	0.0	0
8104		2000			0	0;0;0;0\n9;-93;0;11\n36;-183;0;22\n80;-265;0;33\n140;-337;0;44\n212;-397;0;55\n294;-441;0;66\n384;-468;0;77\n477;-477;0;88\n1000;-477;0;148	90;0\n0;88	0	0								520;20\n533;30\n534;40\n535;50\n536;60\n537;70\n520;80\n533;90	1	8000	0	13	0.0	0.0	0.0	0.0	0.0	0.0	0.0	0
8105		5000	_F_STRUGGLE_000;50\n_F_STRUGGLE_000;100\n_F_STRUGGLE_000;150\n_F_STRUGGLE_000;200\n_F_STRUGGLE_000;250\n_F_STRUGGLE_000;300	_F_STRUGGLE_000;50\n_F_STRUGGLE_000;100\n_F_STRUGGLE_000;150\n_F_STRUGGLE_000;200\n_F_STRUGGLE_000;250\n_F_STRUGGLE_000;300	0	0;0;0;0		0	0	GO(0)	GO(0)							1	500	0	13	0.0	0.0	0.0	0.0	0.0	0.0	0.0	0
8106		30000	_F_SENTRY_000;15\n_F_JUMP_002;40\n_F_JUMP_001;50\n_F_JUMP_003;55\n_F_JUMP_004;64	_F_SENTRY_000;15\n_F_JUMP_002;40\n_F_JUMP_001;50\n_F_JUMP_003;55\n_F_JUMP_004;64	0	0;0;0;15\nARC;40		0	0	GO(0)	GO(0)	none;1005;16						1	100	0	0;5;13	0.0	0.0	0.0	0.0	0.0	0.0	0.0	0
8107		30000	_F_SENTRY_000;15\n_F_JUMP_002;40\n_F_JUMP_001;56\n_F_JUMP_001;72\n_F_JUMP_001;88\n_F_JUMP_001;104\n_F_JUMP_003;120\n_F_JUMP_003;135\n_F_JUMP_004;144	_F_SENTRY_000;15\n_F_JUMP_002;40\n_F_JUMP_001;56\n_F_JUMP_001;72\n_F_JUMP_001;88\n_F_JUMP_001;104\n_F_JUMP_003;120\n_F_JUMP_003;135\n_F_JUMP_004;144	0	0;0;0;15\nARC;120		0	0	GO(0)	GO(0)	none;1006;99						1	100	0	1;5;13	0.0	0.0	0.0	0.0	0.0	0.0	0.0	0
8500		20000			0	0;0;0;0		0	0	GO(0)	GO(0)	none;8500;0						1	200	0	13	0.0	0.0	0.0	0.0	0.0	0.0	0.0	0
8501		20000			0			0	0	GO(0)	GO(0)							0	0	0	0	0.0	0.0	0.0	0.0	0.0	0.0	0.0	0
8502		20000			0			0	0	GO(0)	GO(0)							0	0	0	0	0.0	0.0	0.0	0.0	0.0	0.0	0.0	0
8503		20000			0	0;0;0;0		0	0	GO(0)	GO(0)	none;8503;0						1	200	0	13	0.0	0.0	0.0	0.0	0.0	0.0	0.0	0
8504		20000			0			0	0	GO(0)	GO(0)							0	0	0	0	0.0	0.0	0.0	0.0	0.0	0.0	0.0	0
8505		20000			0			0	0	GO(0)	GO(0)							0	0	0	0	0.0	0.0	0.0	0.0	0.0	0.0	0.0	0
8506		20000	_C_PICK_002;40\n_C_PICK_002;41	_C_PICK_002;40\n_C_PICK_002;41	0			0	0	GO(0)	GO(0)	none;8506;0\nnone;8506;20					8506;30	1	100	0	13;25	0.0	0.0	0.0	0.0	0.0	0.0	0.0	0
8507		20000			0			0	0	GO(0)	GO(0)						8507;0	1	100	0	13	0.0	0.0	0.0	0.0	0.0	0.0	0.0	0
8508		20000			0			0	0	GO(0)	GO(0)	none;8508;0						1	100	0	13	0.0	0.0	0.0	0.0	0.0	0.0	0.0	0
8509		20000	_F_DIE_003;19\n_F_DIE_001;276\n_F_DIE_002;300	_F_DIE_003;19\n_F_DIE_001;276\n_F_DIE_002;300	0	0;0;0;300		0	0	GO(0)	GO(0)	none;8509;0						1	100	0	13	0.0	0.0	0.0	0.0	25.0	25.0	0.0	0
8510		20000	_C_PICK_002;40\n_C_PICK_002;41	_C_PICK_002;40\n_C_PICK_002;41	0			0	0	GO(0)	GO(0)	none;8510;0\nnone;8510;20					8510;30	1	100	0	13;25	0.0	0.0	0.0	0.0	0.0	0.0	0.0	0
8511		20000			0			0	0	GO(0)	GO(0)						8511;0	1	100	0	13	0.0	0.0	0.0	0.0	0.0	0.0	0.0	0
8512		20000	_C_PICK_002;40\n_C_PICK_002;41	_C_PICK_002;40\n_C_PICK_002;41	0			0	0	GO(0)	GO(0)	none;8512;0\nnone;8512;20					8512;30	1	100	0	13;25	0.0	0.0	0.0	0.0	0.0	0.0	0.0	0
8513		20000			0			0	0	GO(0)	GO(0)						8513;0\n8758;1	1	100	0	6;10	0.0	0.0	0.0	0.0	0.0	0.0	0.0	0
8514		20000			0			0	0	GO(0)	GO(0)						8514;0\n8758;1	1	100	0	6;10	0.0	0.0	0.0	0.0	0.0	0.0	0.0	0
8515		20000			0			0	0	GO(0)	GO(0)						8515;0\n8758;1	1	100	0	6;10	0.0	0.0	0.0	0.0	0.0	0.0	0.0	0
8516		20000	_C_PICK_002;40\n_C_PICK_002;41	_C_PICK_002;40\n_C_PICK_002;41	0			0	0	GO(0)	GO(0)	none;8516;0\nnone;8516;20					8516;30	1	100	0	13;25	0.0	0.0	0.0	0.0	0.0	0.0	0.0	0
8517		20000			0			0	0	GO(0)	GO(0)						8517;0	1	100	0	13	0.0	0.0	0.0	0.0	0.0	0.0	0.0	0
8518		20000			0			0	0	GO(0)	GO(0)						8518;0	1	100	0	13	0.0	0.0	0.0	0.0	0.0	0.0	0.0	0
8519		20000	_C_PICK_002;40\n_C_PICK_002;41	_C_PICK_002;40\n_C_PICK_002;41	0			0	0	GO(0)	GO(0)	none;8519;0\nnone;8519;20					8519;30	1	100	0	13;25	0.0	0.0	0.0	0.0	0.0	0.0	0.0	0
8520		20000	_C_PICK_002;40\n_C_PICK_002;41	_C_PICK_002;40\n_C_PICK_002;41	0			0	0	GO(0)	GO(0)	none;8520;0\nnone;8520;20					8520;30	1	100	0	13;25	0.0	0.0	0.0	0.0	0.0	0.0	0.0	0
8521		20000			0			0	0	GO(0)	GO(0)	none;8521;0						1	100	0	13	0.0	0.0	0.0	0.0	0.0	0.0	0.0	0
8522		20000			0			0	0	GO(0)	GO(0)						8522;0	1	100	0	13	0.0	0.0	0.0	0.0	0.0	0.0	0.0	0
8523		20000			0			0	0	GO(0)	GO(0)	none;8523;0						1	100	0	13	0.0	0.0	0.0	0.0	0.0	0.0	0.0	0
8524		20000	_C_PICK_002;40\n_C_PICK_002;41	_C_PICK_002;40\n_C_PICK_002;41	0			0	0	GO(0)	GO(0)	none;8524;0\nnone;8524;20					8524;30	1	100	0	13;25	0.0	0.0	0.0	0.0	0.0	0.0	0.0	0
8525		20000			0			0	0	GO(0)	GO(0)						8525;0	1	100	0	13	0.0	0.0	0.0	0.0	0.0	0.0	0.0	0
8526		20000	_C_PICK_002;40\n_C_PICK_002;41	_C_PICK_002;40\n_C_PICK_002;41	0			0	0	GO(0)	GO(0)	none;8526;0\nnone;8526;20					8526;30	1	100	0	13;25	0.0	0.0	0.0	0.0	0.0	0.0	0.0	0
8527		20000			0			0	0	GO(0)	GO(0)	none;8527;0						1	100	0	13	0.0	0.0	0.0	0.0	0.0	0.0	0.0	0
8528		20000			0			0	0	GO(0)	GO(0)	none;8528;0						1	100	0	13	0.0	0.0	0.0	0.0	0.0	0.0	0.0	0
8529		20000			0			0	0	GO(0)	GO(0)	none;8529;0						1	100	0	13	0.0	0.0	0.0	0.0	0.0	0.0	0.0	0
8530		20000			0			0	0	GO(0)	GO(0)	none;8530;0						1	100	0	13	0.0	0.0	0.0	0.0	0.0	0.0	0.0	0
8531		20000			0			0	0	GO(0)	GO(0)	none;8531;0						1	100	0	13	0.0	0.0	0.0	0.0	0.0	0.0	0.0	0
8532		20000			0			0	0	GO(0)	GO(0)						8532;0\n8758;1	1	100	0	6;10	0.0	0.0	0.0	0.0	0.0	0.0	0.0	0
8533		20000			0			0	0	GO(0)	GO(0)						8533;0\n8758;1	1	100	0	6;10	0.0	0.0	0.0	0.0	0.0	0.0	0.0	0
8534		20000			0			0	0	GO(0)	GO(0)						8534;0\n8758;1	1	100	0	6;10	0.0	0.0	0.0	0.0	0.0	0.0	0.0	0
8535		20000			0			0	0	GO(0)	GO(0)						8535;0	1	100	0	13	0.0	0.0	0.0	0.0	0.0	0.0	0.0	0
8536		20000			0			0	0	GO(0)	GO(0)						8536;0	1	100	0	13	0.0	0.0	0.0	0.0	0.0	0.0	0.0	0
8537		20000			0			0	0	GO(0)	GO(0)	none;8537;3\nnone;304;4	50;600;5	S_A_CANNON_S;0	CAMERASHOCK(C_SKILL01);0			1	100	0	13	0.0	0.0	0.0	0.0	0.0	0.0	0.0	0
8538		20000	_C_PICK_002;40\n_C_PICK_002;41	_C_PICK_002;40\n_C_PICK_002;41	0			0	0	GO(0)	GO(0)	none;8538;0\nnone;8538;20					8538;30	1	100	0	13;25	0.0	0.0	0.0	0.0	0.0	0.0	0.0	0
8539		20000			0			0	0	GO(0)	GO(0)	none;8539;0						1	100	0	13	0.0	0.0	0.0	0.0	0.0	0.0	0.0	0
8540		20000			0			0	0	GO(0)	GO(0)	none;0;0						1	100	0	13;29	0.0	0.0	0.0	0.0	0.0	0.0	0.0	0
8541		20000			0			0	0	GO(0)	GO(0)							0	0	0	0	0.0	0.0	0.0	0.0	0.0	0.0	0.0	0
8542		20000			0			0	0	GO(0)	GO(0)							0	0	0	0	0.0	0.0	0.0	0.0	0.0	0.0	0.0	0
8543		20000			0			0	0	GO(0)	GO(0)						8500;0	0	0	0	0	0.0	0.0	0.0	0.0	0.0	0.0	0.0	0
8544		20000	_F_DIE_000;108000	_F_DIE_000;108000	0			0	0	GO(0)	GO(0)	none;8543;30					8544;0	0	0	0	13	0.0	0.0	0.0	0.0	0.0	0.0	0.0	0
8545		20000			0			0	0	GO(0)	GO(0)	none;8545;0						1	100	0	13	0.0	0.0	0.0	0.0	0.0	0.0	0.0	0
8546		20000			0			0	0	GO(0)	GO(0)	none;8546;0						1	100	0	13	0.0	0.0	0.0	0.0	0.0	0.0	0.0	0
8547		20000			0			0	0	GO(0)	GO(0)	none;8547;0						1	100	0	13	0.0	0.0	0.0	0.0	0.0	0.0	0.0	0
8548		20000			0			0	0	GO(0)	GO(0)	none;8548;0						1	100	0	13	0.0	0.0	0.0	0.0	0.0	0.0	0.0	0
8549		20000			0			0	0	GO(0)	GO(0)	none;8549;0						1	100	0	13	0.0	0.0	0.0	0.0	0.0	0.0	0.0	0
8550		20000			0			0	0	GO(0)	GO(0)	none;8550;0						1	100	0	13	0.0	0.0	0.0	0.0	0.0	0.0	0.0	0
8551		20000			0			0	0	GO(0)	GO(0)	none;8551;0						1	100	0	13	0.0	0.0	0.0	0.0	0.0	0.0	0.0	0
8552		20000			0			0	0	GO(0)	GO(0)						8545;0	0	0	0	0	0.0	0.0	0.0	0.0	0.0	0.0	0.0	0
8553		20000			0			0	0	GO(0)	GO(0)						8549;0	0	0	0	0	0.0	0.0	0.0	0.0	0.0	0.0	0.0	0
8554		20000			0			0	0	GO(0)	GO(0)						8553;0	0	0	0	0	0.0	0.0	0.0	0.0	0.0	0.0	0.0	0
8555		20000			0			0	0	GO(0)	GO(0)						8557;0	0	0	0	0	0.0	0.0	0.0	0.0	0.0	0.0	0.0	0
8556		20000			0			0	0	GO(0)	GO(0)						8562;0	0	0	0	0	0.0	0.0	0.0	0.0	0.0	0.0	0.0	0
8557		20000			0			0	0	GO(0)	GO(0)						8566;0	0	0	0	0	0.0	0.0	0.0	0.0	0.0	0.0	0.0	0
8558		20000			0			0	0	GO(0)	GO(0)						8570;0	0	0	0	0	0.0	0.0	0.0	0.0	0.0	0.0	0.0	0
8559		20000			0			0	0	GO(0)	GO(0)						8574;0	0	0	0	0	0.0	0.0	0.0	0.0	0.0	0.0	0.0	0
8560		20000			0			0	0	GO(0)	GO(0)						8578;0	0	0	0	0	0.0	0.0	0.0	0.0	0.0	0.0	0.0	0
8561		20000			0			0	0	GO(0)	GO(0)						8582;0	0	0	0	0	0.0	0.0	0.0	0.0	0.0	0.0	0.0	0
8562		20000			0			0	0	GO(0)	GO(0)						8586;0	0	0	0	0	0.0	0.0	0.0	0.0	0.0	0.0	0.0	0
8563		20000			0			0	0	GO(0)	GO(0)						8590;0	0	0	0	0	0.0	0.0	0.0	0.0	0.0	0.0	0.0	0
8564		20000			0			0	0	GO(0)	GO(0)						8594;0	0	0	0	0	0.0	0.0	0.0	0.0	0.0	0.0	0.0	0
8565		20000			0			0	0	GO(0)	GO(0)						8598;0	0	0	0	0	0.0	0.0	0.0	0.0	0.0	0.0	0.0	0
8566		20000			0			0	0	GO(0)	GO(0)						8602;0	0	0	0	0	0.0	0.0	0.0	0.0	0.0	0.0	0.0	0
8567		20000			0			0	0	GO(0)	GO(0)						8609;0	0	0	0	0	0.0	0.0	0.0	0.0	0.0	0.0	0.0	0
8568		20000			0			0	0	GO(0)	GO(0)						8613;0	1	0	0	1;4;13	0.0	0.0	0.0	0.0	0.0	0.0	0.0	0
8569		100			0			0	0	GO(0)	GO(0)							0	0	0	0	0.0	0.0	0.0	0.0	0.0	0.0	0.0	0
8570		100			0			0	0	GO(0)	GO(0)							0	0	0	0	0.0	0.0	0.0	0.0	0.0	0.0	0.0	0
8571		100			0			0	0	GO(0)	GO(0)							0	0	0	0	0.0	0.0	0.0	0.0	0.0	0.0	0.0	0
8572	IS101	350	_F_ATTACK_013;35	_F_ATTACK_013;35	16385	0;0;0;16\nARCEDGE;-0.6;0;0.5;9		0	0	GO(0)	GO(0)	S_H_PHYSICS;0;20	-1250;100;10	PS_O_D_ATTACK_013;0				1	375	0	1;5;7;28	0.0	0.0	0.0	0.0	0.0	0.0	0.0	0
8573	Icon_Emotion_004	100	_F_EMOTION_004;30	_F_EMOTION_004;30	1	0;0;0;30		0	0	GO(0)	GO(0)	S_H_PHYSICS;0;20	-750;100;7					1	375	0	1;5;7;28	0.0	0.0	0.0	0.0	0.0	0.0	0.0	0
8574	IS101	100	_C_ATTACK_000;28	_C_ATTACK_000;28	0			0	0	GO(0)	GO(0)	S_H_PHYSICS;0;20	-400;100;5					1	375	0	1;5;7;28	0.0	0.0	0.0	0.0	0.0	0.0	0.0	0
8575		1000			0			0	0	GO(0)	GO(0)						8616;0	1	0	0	13	0.0	0.0	0.0	0.0	0.0	0.0	0.0	0
8576	Icon_Emotion_004	100	_F_EMOTION_004;30	_F_EMOTION_004;30	1	0;0;0;30		0	0	GO(0)	GO(0)	S_H_PHYSICS;0;20	-750;100;7					1	375	0	1;5;7;28	0.0	0.0	0.0	0.0	0.0	0.0	0.0	0
8577		10000			0			0	0	GO(0)	GO(0)						8617;0	0	0	0	4	0.0	0.0	0.0	0.0	0.0	0.0	0.0	0
8578		4000			0	0;0;0;0		0	0								8619;10	0	0	0	3;6;10	0.0	0.0	0.0	0.0	0.0	0.0	0.0	0
8579		3000			0	0;0;0;0		0	0					PS_O_SUMMON_RIDE;0			8621;0	0	1	0	13	0.0	0.0	0.0	0.0	0.0	0.0	0.0	0
8580		3000			0	0;0;0;0		0	0					PS_O_SUMMON_RIDE;0			8622;0	0	1	0	13	0.0	0.0	0.0	0.0	0.0	0.0	0.0	0
8581		2000			0	0;0;1;10		0	0									0	0	0	13;26	0.0	0.0	0.0	0.0	0.0	0.0	0.0	0
8582		1700			0	0;0;0;0		0	0					PS_O_FIREARM_F7;0\nPS_O_FIREARM_F7;3\nPS_O_FIREARM_F7;5\nPS_O_FIREARM_F7;7\nPS_O_FIREARM_F7;9			8623;1\n8623;3\n8623;5\n8623;7\n8623;9	0	0	0	5;7;19;26;28	0.0	0.0	0.0	0.0	0.0	0.0	0.0	0
8583		100			0			0	0	GO(0)	GO(0)	none;8577;0						0	0	0	13;26	0.0	0.0	0.0	0.0	0.0	0.0	0.0	0
8584		2500	_F_ATTACK_000;33\n_F_SENTRY_000;72\n_F_SENTRY_000;111	_F_ATTACK_000;33\n_F_SENTRY_000;72\n_F_SENTRY_000;111	64	0;0;0;111		0	0					S_O_M018_000_000_0;0			8626;13\n8626;18\n8626;21\n8626;25	1	270	0	2;5	0.30000001192092896	0.0	0.30000001192092896	0.0	0.0	0.0	0.0	0
8585		2500	_F_ATTACK_003;41\n_F_SENTRY_000;80	_F_ATTACK_003;41\n_F_SENTRY_000;80	64	0;0;0;80		0	0					S_O_M018_000_000_3;0			8630;0\n8628;25	10	270	0	2;5	3.0	0.0	3.0	0.0	0.0	0.0	0.0	0
8586		100			0			0	0	GO(0)	GO(0)							1	500	0	13;19;40	0.0	0.0	0.0	0.0	0.0	0.0	0.0	0
8587		100			0			0	0	GO(0)	GO(0)	none;8552;0						1	0	0	13	0.0	0.0	0.0	0.0	0.0	0.0	0.0	0
8588		100			0			0	0	GO(0)	GO(0)	none;8553;0						1	0	0	13	0.0	0.0	0.0	0.0	0.0	0.0	0.0	0
8589		100			0			0	0	GO(0)	GO(0)							0	0	0	0	0.0	0.0	0.0	0.0	0.0	0.0	0.0	0
8590		100			0			0	0	GO(0)	GO(0)							0	0	0	0	0.0	0.0	0.0	0.0	0.0	0.0	0.0	0
8591		100			0			0	0	GO(0)	GO(0)							0	0	0	0	0.0	0.0	0.0	0.0	0.0	0.0	0.0	0
8592		100			0			0	0	GO(0)	GO(0)							0	0	0	0	0.0	0.0	0.0	0.0	0.0	0.0	0.0	0
8593		100			0			0	0	GO(0)	GO(0)							0	0	0	0	0.0	0.0	0.0	0.0	0.0	0.0	0.0	0
8594		100			0			0	0	GO(0)	GO(0)							0	0	0	0	0.0	0.0	0.0	0.0	0.0	0.0	0.0	0
8595		100			0			0	0	GO(0)	GO(0)							0	0	0	0	0.0	0.0	0.0	0.0	0.0	0.0	0.0	0
8596		100			0			0	0	GO(0)	GO(0)							0	0	0	0	0.0	0.0	0.0	0.0	0.0	0.0	0.0	0
8597		100			0			0	0	GO(0)	GO(0)							0	0	0	0	0.0	0.0	0.0	0.0	0.0	0.0	0.0	0
8598		100			0			0	0	GO(0)	GO(0)							0	0	0	0	0.0	0.0	0.0	0.0	0.0	0.0	0.0	0
8599		100			0			0	0	GO(0)	GO(0)							0	0	0	0	0.0	0.0	0.0	0.0	0.0	0.0	0.0	0
8600		100			0			0	0	GO(0)	GO(0)							0	0	0	0	0.0	0.0	0.0	0.0	0.0	0.0	0.0	0
8601		100			0			0	0	GO(0)	GO(0)							0	0	0	0	0.0	0.0	0.0	0.0	0.0	0.0	0.0	0
8602		100			0			0	0	GO(0)	GO(0)							0	0	0	0	0.0	0.0	0.0	0.0	0.0	0.0	0.0	0
8603		100			0			0	0	GO(0)	GO(0)							0	0	0	0	0.0	0.0	0.0	0.0	0.0	0.0	0.0	0
8604		100			0			0	0	GO(0)	GO(0)							0	0	0	0	0.0	0.0	0.0	0.0	0.0	0.0	0.0	0
8605		100			0			0	0	GO(0)	GO(0)							0	0	0	0	0.0	0.0	0.0	0.0	0.0	0.0	0.0	0
8606		100			0			0	0	GO(0)	GO(0)							0	0	0	0	0.0	0.0	0.0	0.0	0.0	0.0	0.0	0
8607		100			0			0	0	GO(0)	GO(0)							0	0	0	0	0.0	0.0	0.0	0.0	0.0	0.0	0.0	0
8608		100			0			0	0	GO(0)	GO(0)							0	0	0	0	0.0	0.0	0.0	0.0	0.0	0.0	0.0	0
8609		100			0			0	0	GO(0)	GO(0)							0	0	0	0	0.0	0.0	0.0	0.0	0.0	0.0	0.0	0
8610		100			0			0	0	GO(0)	GO(0)							0	0	0	0	0.0	0.0	0.0	0.0	0.0	0.0	0.0	0
8611		100			0			0	0	GO(0)	GO(0)							0	0	0	0	0.0	0.0	0.0	0.0	0.0	0.0	0.0	0
8612		100			0			0	0	GO(0)	GO(0)							0	0	0	0	0.0	0.0	0.0	0.0	0.0	0.0	0.0	0
8613		100			0			0	0	GO(0)	GO(0)							0	0	0	0	0.0	0.0	0.0	0.0	0.0	0.0	0.0	0
8614		100			0			0	0	GO(0)	GO(0)							0	0	0	0	0.0	0.0	0.0	0.0	0.0	0.0	0.0	0
8615		100			0			0	0	GO(0)	GO(0)							0	0	0	0	0.0	0.0	0.0	0.0	0.0	0.0	0.0	0
8616		100			0			0	0	GO(0)	GO(0)							0	0	0	0	0.0	0.0	0.0	0.0	0.0	0.0	0.0	0
8617		100			0			0	0	GO(0)	GO(0)							0	0	0	0	0.0	0.0	0.0	0.0	0.0	0.0	0.0	0
8618		100			0			0	0	GO(0)	GO(0)							0	0	0	0	0.0	0.0	0.0	0.0	0.0	0.0	0.0	0
8619		100			0			0	0	GO(0)	GO(0)							0	0	0	0	0.0	0.0	0.0	0.0	0.0	0.0	0.0	0
8620		100			0			0	0	GO(0)	GO(0)							0	0	0	0	0.0	0.0	0.0	0.0	0.0	0.0	0.0	0
8621		100			0			0	0	GO(0)	GO(0)							0	0	0	0	0.0	0.0	0.0	0.0	0.0	0.0	0.0	0
8622		100			0			0	0	GO(0)	GO(0)							0	0	0	0	0.0	0.0	0.0	0.0	0.0	0.0	0.0	0
8623		100			0			0	0	GO(0)	GO(0)							0	0	0	0	0.0	0.0	0.0	0.0	0.0	0.0	0.0	0
8624		100			0			0	0	GO(0)	GO(0)							0	0	0	0	0.0	0.0	0.0	0.0	0.0	0.0	0.0	0
8625		100			0			0	0	GO(0)	GO(0)							0	0	0	0	0.0	0.0	0.0	0.0	0.0	0.0	0.0	0
8626		100			0			0	0	GO(0)	GO(0)							0	0	0	0	0.0	0.0	0.0	0.0	0.0	0.0	0.0	0
8627		100			0			0	0	GO(0)	GO(0)							0	0	0	0	0.0	0.0	0.0	0.0	0.0	0.0	0.0	0
8628		100			0			0	0	GO(0)	GO(0)							0	0	0	0	0.0	0.0	0.0	0.0	0.0	0.0	0.0	0
8629		100			0			0	0	GO(0)	GO(0)							0	0	0	0	0.0	0.0	0.0	0.0	0.0	0.0	0.0	0
8630		100			0			0	0	GO(0)	GO(0)							0	0	0	0	0.0	0.0	0.0	0.0	0.0	0.0	0.0	0
8631		100			0			0	0	GO(0)	GO(0)							0	0	0	0	0.0	0.0	0.0	0.0	0.0	0.0	0.0	0
8632		100			0			0	0	GO(0)	GO(0)							0	0	0	0	0.0	0.0	0.0	0.0	0.0	0.0	0.0	0
8633		100			0			0	0	GO(0)	GO(0)							0	0	0	0	0.0	0.0	0.0	0.0	0.0	0.0	0.0	0
8634		100			0			0	0	GO(0)	GO(0)							0	0	0	0	0.0	0.0	0.0	0.0	0.0	0.0	0.0	0
8635		100			0			0	0	GO(0)	GO(0)							0	0	0	0	0.0	0.0	0.0	0.0	0.0	0.0	0.0	0
8636		100			0			0	0	GO(0)	GO(0)							0	0	0	0	0.0	0.0	0.0	0.0	0.0	0.0	0.0	0
8637		100			0			0	0	GO(0)	GO(0)							0	0	0	0	0.0	0.0	0.0	0.0	0.0	0.0	0.0	0
8638		100			0			0	0	GO(0)	GO(0)							0	0	0	0	0.0	0.0	0.0	0.0	0.0	0.0	0.0	0
8639		100			0			0	0	GO(0)	GO(0)							0	0	0	0	0.0	0.0	0.0	0.0	0.0	0.0	0.0	0
8640		100			0			0	0	GO(0)	GO(0)							0	0	0	0	0.0	0.0	0.0	0.0	0.0	0.0	0.0	0
8641		100			0			0	0	GO(0)	GO(0)							0	0	0	0	0.0	0.0	0.0	0.0	0.0	0.0	0.0	0
8642		100			0			0	0	GO(0)	GO(0)							0	0	0	0	0.0	0.0	0.0	0.0	0.0	0.0	0.0	0
8643		100			0			0	0	GO(0)	GO(0)							0	0	0	0	0.0	0.0	0.0	0.0	0.0	0.0	0.0	0
8644		100			0			0	0	GO(0)	GO(0)							0	0	0	0	0.0	0.0	0.0	0.0	0.0	0.0	0.0	0
8645		100			0			0	0	GO(0)	GO(0)							0	0	0	0	0.0	0.0	0.0	0.0	0.0	0.0	0.0	0
8646		100			0			0	0	GO(0)	GO(0)							0	0	0	0	0.0	0.0	0.0	0.0	0.0	0.0	0.0	0
8647		100			0			0	0	GO(0)	GO(0)							0	0	0	0	0.0	0.0	0.0	0.0	0.0	0.0	0.0	0
8648		100			0			0	0	GO(0)	GO(0)							0	0	0	0	0.0	0.0	0.0	0.0	0.0	0.0	0.0	0
8649		100			0			0	0	GO(0)	GO(0)							0	0	0	0	0.0	0.0	0.0	0.0	0.0	0.0	0.0	0
8650		100			0			0	0	GO(0)	GO(0)							0	0	0	0	0.0	0.0	0.0	0.0	0.0	0.0	0.0	0
8651		100			0			0	0	GO(0)	GO(0)							0	0	0	0	0.0	0.0	0.0	0.0	0.0	0.0	0.0	0
8652		100			0			0	0	GO(0)	GO(0)							0	0	0	0	0.0	0.0	0.0	0.0	0.0	0.0	0.0	0
8653		100			0			0	0	GO(0)	GO(0)							0	0	0	0	0.0	0.0	0.0	0.0	0.0	0.0	0.0	0
8654		100			0			0	0	GO(0)	GO(0)							0	0	0	0	0.0	0.0	0.0	0.0	0.0	0.0	0.0	0
8655		100			0			0	0	GO(0)	GO(0)							0	0	0	0	0.0	0.0	0.0	0.0	0.0	0.0	0.0	0
8656		100			0			0	0	GO(0)	GO(0)							0	0	0	0	0.0	0.0	0.0	0.0	0.0	0.0	0.0	0
8657		100			0			0	0	GO(0)	GO(0)							0	0	0	0	0.0	0.0	0.0	0.0	0.0	0.0	0.0	0
8658		100			0			0	0	GO(0)	GO(0)							0	0	0	0	0.0	0.0	0.0	0.0	0.0	0.0	0.0	0
8659		100			0			0	0	GO(0)	GO(0)							0	0	0	0	0.0	0.0	0.0	0.0	0.0	0.0	0.0	0
8660		100			0			0	0	GO(0)	GO(0)							0	0	0	0	0.0	0.0	0.0	0.0	0.0	0.0	0.0	0
8661		100			0			0	0	GO(0)	GO(0)							0	0	0	0	0.0	0.0	0.0	0.0	0.0	0.0	0.0	0
8662		100			0			0	0	GO(0)	GO(0)							0	0	0	0	0.0	0.0	0.0	0.0	0.0	0.0	0.0	0
8663		100			0			0	0	GO(0)	GO(0)							0	0	0	0	0.0	0.0	0.0	0.0	0.0	0.0	0.0	0
8664		100			0			0	0	GO(0)	GO(0)							0	0	0	0	0.0	0.0	0.0	0.0	0.0	0.0	0.0	0
8665		100			0			0	0	GO(0)	GO(0)							0	0	0	0	0.0	0.0	0.0	0.0	0.0	0.0	0.0	0
8666		100			0			0	0	GO(0)	GO(0)							0	0	0	0	0.0	0.0	0.0	0.0	0.0	0.0	0.0	0
8667		100			0			0	0	GO(0)	GO(0)							0	0	0	0	0.0	0.0	0.0	0.0	0.0	0.0	0.0	0
8668		100			0			0	0	GO(0)	GO(0)							0	0	0	0	0.0	0.0	0.0	0.0	0.0	0.0	0.0	0
8669		100			0			0	0	GO(0)	GO(0)							0	0	0	0	0.0	0.0	0.0	0.0	0.0	0.0	0.0	0
8670		100			0			0	0	GO(0)	GO(0)							0	0	0	0	0.0	0.0	0.0	0.0	0.0	0.0	0.0	0
8671		100			0			0	0	GO(0)	GO(0)							0	0	0	0	0.0	0.0	0.0	0.0	0.0	0.0	0.0	0
8672		100			0			0	0	GO(0)	GO(0)							0	0	0	0	0.0	0.0	0.0	0.0	0.0	0.0	0.0	0
8673		100			0			0	0	GO(0)	GO(0)							0	0	0	0	0.0	0.0	0.0	0.0	0.0	0.0	0.0	0
8674		100			0			0	0	GO(0)	GO(0)							0	0	0	0	0.0	0.0	0.0	0.0	0.0	0.0	0.0	0
8675		100			0			0	0	GO(0)	GO(0)							0	0	0	0	0.0	0.0	0.0	0.0	0.0	0.0	0.0	0
8676		100			0			0	0	GO(0)	GO(0)							0	0	0	0	0.0	0.0	0.0	0.0	0.0	0.0	0.0	0
8677		100			0			0	0	GO(0)	GO(0)							0	0	0	0	0.0	0.0	0.0	0.0	0.0	0.0	0.0	0
8678		100			0			0	0	GO(0)	GO(0)							0	0	0	0	0.0	0.0	0.0	0.0	0.0	0.0	0.0	0
8679		100			0			0	0	GO(0)	GO(0)							0	0	0	0	0.0	0.0	0.0	0.0	0.0	0.0	0.0	0
8680		100			0			0	0	GO(0)	GO(0)							0	0	0	0	0.0	0.0	0.0	0.0	0.0	0.0	0.0	0
8681		100			0			0	0	GO(0)	GO(0)							0	0	0	0	0.0	0.0	0.0	0.0	0.0	0.0	0.0	0
8682		100			0			0	0	GO(0)	GO(0)							0	0	0	0	0.0	0.0	0.0	0.0	0.0	0.0	0.0	0
8683		100			0			0	0	GO(0)	GO(0)							0	0	0	0	0.0	0.0	0.0	0.0	0.0	0.0	0.0	0
8684		100			0			0	0	GO(0)	GO(0)							0	0	0	0	0.0	0.0	0.0	0.0	0.0	0.0	0.0	0
8685		100			0			0	0	GO(0)	GO(0)							0	0	0	0	0.0	0.0	0.0	0.0	0.0	0.0	0.0	0
8686		100			0			0	0	GO(0)	GO(0)							0	0	0	0	0.0	0.0	0.0	0.0	0.0	0.0	0.0	0
8687		100			0			0	0	GO(0)	GO(0)							0	0	0	0	0.0	0.0	0.0	0.0	0.0	0.0	0.0	0
8688		100			0			0	0	GO(0)	GO(0)							0	0	0	0	0.0	0.0	0.0	0.0	0.0	0.0	0.0	0
8689		100			0			0	0	GO(0)	GO(0)							0	0	0	0	0.0	0.0	0.0	0.0	0.0	0.0	0.0	0
8690		100			0			0	0	GO(0)	GO(0)							0	0	0	0	0.0	0.0	0.0	0.0	0.0	0.0	0.0	0
8691		100			0			0	0	GO(0)	GO(0)							0	0	0	0	0.0	0.0	0.0	0.0	0.0	0.0	0.0	0
8692		100			0			0	0	GO(0)	GO(0)							0	0	0	0	0.0	0.0	0.0	0.0	0.0	0.0	0.0	0
8693		100			0			0	0	GO(0)	GO(0)							0	0	0	0	0.0	0.0	0.0	0.0	0.0	0.0	0.0	0
8694		100			0			0	0	GO(0)	GO(0)							0	0	0	0	0.0	0.0	0.0	0.0	0.0	0.0	0.0	0
8695		100			0			0	0	GO(0)	GO(0)							0	0	0	0	0.0	0.0	0.0	0.0	0.0	0.0	0.0	0
8696		100			0			0	0	GO(0)	GO(0)							0	0	0	0	0.0	0.0	0.0	0.0	0.0	0.0	0.0	0
8697		100			0			0	0	GO(0)	GO(0)							0	0	0	0	0.0	0.0	0.0	0.0	0.0	0.0	0.0	0
8698		100			0			0	0	GO(0)	GO(0)							0	0	0	0	0.0	0.0	0.0	0.0	0.0	0.0	0.0	0
8699		100			0			0	0	GO(0)	GO(0)							0	0	0	0	0.0	0.0	0.0	0.0	0.0	0.0	0.0	0
8700		100			0			0	0	GO(0)	GO(0)							0	0	0	0	0.0	0.0	0.0	0.0	0.0	0.0	0.0	0
8701		100			0			0	0	GO(0)	GO(0)							0	0	0	0	0.0	0.0	0.0	0.0	0.0	0.0	0.0	0
8702		100			0			0	0	GO(0)	GO(0)							0	0	0	0	0.0	0.0	0.0	0.0	0.0	0.0	0.0	0
8703		100			0			0	0	GO(0)	GO(0)							0	0	0	0	0.0	0.0	0.0	0.0	0.0	0.0	0.0	0
8704		100			0			0	0	GO(0)	GO(0)							0	0	0	0	0.0	0.0	0.0	0.0	0.0	0.0	0.0	0
8705		100			0			0	0	GO(0)	GO(0)							0	0	0	0	0.0	0.0	0.0	0.0	0.0	0.0	0.0	0
8706		100			0			0	0	GO(0)	GO(0)							0	0	0	0	0.0	0.0	0.0	0.0	0.0	0.0	0.0	0
8707		100			0			0	0	GO(0)	GO(0)							0	0	0	0	0.0	0.0	0.0	0.0	0.0	0.0	0.0	0
8708		100			0			0	0	GO(0)	GO(0)							0	0	0	0	0.0	0.0	0.0	0.0	0.0	0.0	0.0	0
8709		100			0			0	0	GO(0)	GO(0)							0	0	0	0	0.0	0.0	0.0	0.0	0.0	0.0	0.0	0
8710		100			0			0	0	GO(0)	GO(0)							0	0	0	0	0.0	0.0	0.0	0.0	0.0	0.0	0.0	0
8711		100			0			0	0	GO(0)	GO(0)							0	0	0	0	0.0	0.0	0.0	0.0	0.0	0.0	0.0	0
8712		100			0			0	0	GO(0)	GO(0)							0	0	0	0	0.0	0.0	0.0	0.0	0.0	0.0	0.0	0
8713		100			0			0	0	GO(0)	GO(0)							0	0	0	0	0.0	0.0	0.0	0.0	0.0	0.0	0.0	0
8714		100			0			0	0	GO(0)	GO(0)							0	0	0	0	0.0	0.0	0.0	0.0	0.0	0.0	0.0	0
8715		100			0			0	0	GO(0)	GO(0)							0	0	0	0	0.0	0.0	0.0	0.0	0.0	0.0	0.0	0
8716		100			0			0	0	GO(0)	GO(0)							0	0	0	0	0.0	0.0	0.0	0.0	0.0	0.0	0.0	0
8717		100			0			0	0	GO(0)	GO(0)							0	0	0	0	0.0	0.0	0.0	0.0	0.0	0.0	0.0	0
8718		100			0			0	0	GO(0)	GO(0)							0	0	0	0	0.0	0.0	0.0	0.0	0.0	0.0	0.0	0
8719		100			0			0	0	GO(0)	GO(0)							0	0	0	0	0.0	0.0	0.0	0.0	0.0	0.0	0.0	0
8720		100			0			0	0	GO(0)	GO(0)							0	0	0	0	0.0	0.0	0.0	0.0	0.0	0.0	0.0	0
8721		100			0			0	0	GO(0)	GO(0)							0	0	0	0	0.0	0.0	0.0	0.0	0.0	0.0	0.0	0
8722		100			0			0	0	GO(0)	GO(0)							0	0	0	0	0.0	0.0	0.0	0.0	0.0	0.0	0.0	0
8723		100			0			0	0	GO(0)	GO(0)							0	0	0	0	0.0	0.0	0.0	0.0	0.0	0.0	0.0	0
8724		100			0			0	0	GO(0)	GO(0)							0	0	0	0	0.0	0.0	0.0	0.0	0.0	0.0	0.0	0
8725		100			0			0	0	GO(0)	GO(0)							0	0	0	0	0.0	0.0	0.0	0.0	0.0	0.0	0.0	0
8726		100			0			0	0	GO(0)	GO(0)							0	0	0	0	0.0	0.0	0.0	0.0	0.0	0.0	0.0	0
8727		100			0			0	0	GO(0)	GO(0)							0	0	0	0	0.0	0.0	0.0	0.0	0.0	0.0	0.0	0
8728		100			0			0	0	GO(0)	GO(0)							0	0	0	0	0.0	0.0	0.0	0.0	0.0	0.0	0.0	0
8729		100			0			0	0	GO(0)	GO(0)							0	0	0	0	0.0	0.0	0.0	0.0	0.0	0.0	0.0	0
8730		100			0			0	0	GO(0)	GO(0)							0	0	0	0	0.0	0.0	0.0	0.0	0.0	0.0	0.0	0
8731		100			0			0	0	GO(0)	GO(0)							0	0	0	0	0.0	0.0	0.0	0.0	0.0	0.0	0.0	0
8732		100			0			0	0	GO(0)	GO(0)							0	0	0	0	0.0	0.0	0.0	0.0	0.0	0.0	0.0	0
8733		100			0			0	0	GO(0)	GO(0)							0	0	0	0	0.0	0.0	0.0	0.0	0.0	0.0	0.0	0
8734		100			0			0	0	GO(0)	GO(0)							0	0	0	0	0.0	0.0	0.0	0.0	0.0	0.0	0.0	0
8735		100			0			0	0	GO(0)	GO(0)							0	0	0	0	0.0	0.0	0.0	0.0	0.0	0.0	0.0	0
8736		100			0			0	0	GO(0)	GO(0)							0	0	0	0	0.0	0.0	0.0	0.0	0.0	0.0	0.0	0
8737		100			0			0	0	GO(0)	GO(0)							0	0	0	0	0.0	0.0	0.0	0.0	0.0	0.0	0.0	0
8738		100			0			0	0	GO(0)	GO(0)							0	0	0	0	0.0	0.0	0.0	0.0	0.0	0.0	0.0	0
8739		100			0			0	0	GO(0)	GO(0)							0	0	0	0	0.0	0.0	0.0	0.0	0.0	0.0	0.0	0
8740		100			0			0	0	GO(0)	GO(0)							0	0	0	0	0.0	0.0	0.0	0.0	0.0	0.0	0.0	0
8741		100			0			0	0	GO(0)	GO(0)							0	0	0	0	0.0	0.0	0.0	0.0	0.0	0.0	0.0	0
8742		100			0			0	0	GO(0)	GO(0)							0	0	0	0	0.0	0.0	0.0	0.0	0.0	0.0	0.0	0
8743		100			0			0	0	GO(0)	GO(0)							0	0	0	0	0.0	0.0	0.0	0.0	0.0	0.0	0.0	0
8744		100			0			0	0	GO(0)	GO(0)							0	0	0	0	0.0	0.0	0.0	0.0	0.0	0.0	0.0	0
8745		100			0			0	0	GO(0)	GO(0)							0	0	0	0	0.0	0.0	0.0	0.0	0.0	0.0	0.0	0
8746		100			0			0	0	GO(0)	GO(0)							0	0	0	0	0.0	0.0	0.0	0.0	0.0	0.0	0.0	0
8747		100			0			0	0	GO(0)	GO(0)							0	0	0	0	0.0	0.0	0.0	0.0	0.0	0.0	0.0	0
8748		100			0			0	0	GO(0)	GO(0)							0	0	0	0	0.0	0.0	0.0	0.0	0.0	0.0	0.0	0
8749		100			0			0	0	GO(0)	GO(0)							0	0	0	0	0.0	0.0	0.0	0.0	0.0	0.0	0.0	0
8750		100			0			0	0	GO(0)	GO(0)							0	0	0	0	0.0	0.0	0.0	0.0	0.0	0.0	0.0	0
8751		100			0			0	0	GO(0)	GO(0)							0	0	0	0	0.0	0.0	0.0	0.0	0.0	0.0	0.0	0
8752		100			0			0	0	GO(0)	GO(0)							0	0	0	0	0.0	0.0	0.0	0.0	0.0	0.0	0.0	0
8753		100			0			0	0	GO(0)	GO(0)							0	0	0	0	0.0	0.0	0.0	0.0	0.0	0.0	0.0	0
8754		100			0			0	0	GO(0)	GO(0)							0	0	0	0	0.0	0.0	0.0	0.0	0.0	0.0	0.0	0
8755		100			0			0	0	GO(0)	GO(0)							0	0	0	0	0.0	0.0	0.0	0.0	0.0	0.0	0.0	0
8756		100			0			0	0	GO(0)	GO(0)							0	0	0	0	0.0	0.0	0.0	0.0	0.0	0.0	0.0	0
8757		100			0			0	0	GO(0)	GO(0)						8757;0	1	0	0	13	0.0	0.0	0.0	0.0	0.0	0.0	0.0	0
8758		100			0			0	0	GO(0)	GO(0)							0	0	0	0	0.0	0.0	0.0	0.0	0.0	0.0	0.0	0
8759		100			0			0	0	GO(0)	GO(0)							0	0	0	0	0.0	0.0	0.0	0.0	0.0	0.0	0.0	0
8760		100			0			0	0	GO(0)	GO(0)							0	0	0	0	0.0	0.0	0.0	0.0	0.0	0.0	0.0	0
8761		100			0			0	0	GO(0)	GO(0)							0	0	0	0	0.0	0.0	0.0	0.0	0.0	0.0	0.0	0
8762		100			0			0	0	GO(0)	GO(0)							0	0	0	0	0.0	0.0	0.0	0.0	0.0	0.0	0.0	0
8763		20000			0			0	0	GO(0)	GO(0)						8763;0	1	100	0	13	0.0	0.0	0.0	0.0	0.0	0.0	0.0	0
8764		100			0			0	0	GO(0)	GO(0)							0	0	0	0	0.0	0.0	0.0	0.0	0.0	0.0	0.0	0
8765		20000			0			0	0	GO(0)	GO(0)						8765;0	1	100	0	13	0.0	0.0	0.0	0.0	0.0	0.0	0.0	0
8766		100	_F_ATTACK_008;39	_F_ATTACK_008;39	0	0;0;0;39		0	0	GO(0)	GO(0)						8775;20	0	0	0	13	0.0	0.0	0.0	0.0	0.0	0.0	0.0	0
8767		100	_F_ATTACK_022A;38	_F_ATTACK_022A;38	0	0;0;0;38		0	0	GO(0)	GO(0)						8776;19	0	0	0	13	0.0	0.0	0.0	0.0	0.0	0.0	0.0	0
8768		100	_F_ATTACK_008A;41	_F_ATTACK_008A;41	0	0;0;0;41		0	0	GO(0)	GO(0)	S_H_SHIELD_SHOCK;0;18	-1300;100;10	PS_O_SINGLE_F008A;0				1	250	0	2	0.0	0.0	0.0	0.0	0.0	0.0	0.0	0
8769		100			0			0	0	GO(0)	GO(0)	none;8104;1		MAP_A_NPC_DISAPPEAR;0				1	0	0	13	0.0	0.0	0.0	0.0	0.0	0.0	0.0	0
8770		100			0	1000;0;0;60		0	0	GO(0)	GO(0)							0	0	0	0	0.0	0.0	0.0	0.0	0.0	0.0	0.0	0
8771		1700			0			0	0	GO(0)	GO(0)			PS_O_SHIP_LEFT_CANON;0			8231;0	1	0	0	2;9;30	1.0	0.0	1.0	0.0	0.0	0.0	0.0	0
8772		100			0	400;-400;0;30\n0;-800;0;60\n-200;-800;0;90	45;1\n135;31\n179;61	0	0	GO(0)	GO(0)							0	0	0	0	0.0	0.0	0.0	0.0	0.0	0.0	0.0	0
8773		100			0	400;400;0;30\n0;800;0;60\n-200;800;0;90	-45;1\n-135;31\n-179;61	0	0	GO(0)	GO(0)							0	0	0	0	0.0	0.0	0.0	0.0	0.0	0.0	0.0	0
8774		100			0			0	0	GO(0)	GO(0)							0	0	0	0	0.0	0.0	0.0	0.0	0.0	0.0	0.0	0
8775		100			0			0	0	GO(0)	GO(0)							0	0	0	0	0.0	0.0	0.0	0.0	0.0	0.0	0.0	0
8776		100			0			0	0	GO(0)	GO(0)							0	0	0	0	0.0	0.0	0.0	0.0	0.0	0.0	0.0	0
8777		100			0			0	0	GO(0)	GO(0)							0	0	0	0	0.0	0.0	0.0	0.0	0.0	0.0	0.0	0
8778		100			0			0	0	GO(0)	GO(0)							0	0	0	0	0.0	0.0	0.0	0.0	0.0	0.0	0.0	0
8779		100			0			0	0	GO(0)	GO(0)							0	0	0	0	0.0	0.0	0.0	0.0	0.0	0.0	0.0	0
8780		100			0			0	0	GO(0)	GO(0)							0	0	0	0	0.0	0.0	0.0	0.0	0.0	0.0	0.0	0
8781		100			0			0	0	GO(0)	GO(0)							0	0	0	0	0.0	0.0	0.0	0.0	0.0	0.0	0.0	0
8782		100			0			0	0	GO(0)	GO(0)							0	0	0	0	0.0	0.0	0.0	0.0	0.0	0.0	0.0	0
8783		100			0			0	0	GO(0)	GO(0)							0	0	0	0	0.0	0.0	0.0	0.0	0.0	0.0	0.0	0
8784		100			0			0	0	GO(0)	GO(0)							0	0	0	0	0.0	0.0	0.0	0.0	0.0	0.0	0.0	0
8785		100			0	0;0;0;0		0	0	GO(0)	GO(0)	none;8785;0					8786;0	1	500	0	13	0.0	0.0	0.0	0.0	0.0	0.0	0.0	0
8786		100			0			0	0	GO(0)	GO(0)							0	0	0	0	0.0	0.0	0.0	0.0	0.0	0.0	0.0	0
8787		100			0			0	0	GO(0)	GO(0)							0	0	0	0	0.0	0.0	0.0	0.0	0.0	0.0	0.0	0
8788		20000	_C_PICK_002;40\n_C_PICK_002;41	_C_PICK_002;40\n_C_PICK_002;41	0			0	0	GO(0)	GO(0)	none;8788;0\nnone;8788;20					8788;30	1	100	0	13;25	0.0	0.0	0.0	0.0	0.0	0.0	0.0	0
8789		20000			0			0	0	GO(0)	GO(0)						8789;0	1	100	0	13	0.0	0.0	0.0	0.0	0.0	0.0	0.0	0
8790		100			0			0	0	GO(0)	GO(0)							0	0	0	0	0.0	0.0	0.0	0.0	0.0	0.0	0.0	0
8791		100			0			0	0	GO(0)	GO(0)							0	0	0	0	0.0	0.0	0.0	0.0	0.0	0.0	0.0	0
8792		100			0			0	0	GO(0)	GO(0)						8792;0	1	0	0	13;30	0.0	0.0	0.0	0.0	0.0	0.0	0.0	0
8793		100			0			0	0	GO(0)	GO(0)							0	0	0	0	0.0	0.0	0.0	0.0	0.0	0.0	0.0	0
8794		100			0			0	0	GO(0)	GO(0)							0	0	0	0	0.0	0.0	0.0	0.0	0.0	0.0	0.0	0
8795		100			0			0	0	GO(0)	GO(0)							0	0	0	0	0.0	0.0	0.0	0.0	0.0	0.0	0.0	0
8796		100			0			0	0	GO(0)	GO(0)							0	0	0	0	0.0	0.0	0.0	0.0	0.0	0.0	0.0	0
8797		100			0			0	0	GO(0)	GO(0)							0	0	0	0	0.0	0.0	0.0	0.0	0.0	0.0	0.0	0
8798		100			0			0	0	GO(0)	GO(0)							0	0	0	0	0.0	0.0	0.0	0.0	0.0	0.0	0.0	0
8799		100			0			0	0	GO(0)	GO(0)							0	0	0	0	0.0	0.0	0.0	0.0	0.0	0.0	0.0	0
8800		100			0			0	0	GO(0)	GO(0)							0	0	0	0	0.0	0.0	0.0	0.0	0.0	0.0	0.0	0
8801		100			0			0	0	GO(0)	GO(0)							0	0	0	0	0.0	0.0	0.0	0.0	0.0	0.0	0.0	0
8802		100			0			0	0	GO(0)	GO(0)							0	0	0	0	0.0	0.0	0.0	0.0	0.0	0.0	0.0	0
8803		100			0			0	0	GO(0)	GO(0)							0	0	0	0	0.0	0.0	0.0	0.0	0.0	0.0	0.0	0
8804		100			0			0	0	GO(0)	GO(0)							0	0	0	0	0.0	0.0	0.0	0.0	0.0	0.0	0.0	0
8805		100			0			0	0	GO(0)	GO(0)							0	0	0	0	0.0	0.0	0.0	0.0	0.0	0.0	0.0	0
8806		100			0			0	0	GO(0)	GO(0)							0	0	0	0	0.0	0.0	0.0	0.0	0.0	0.0	0.0	0
8807		100			0			0	0	GO(0)	GO(0)							0	0	0	0	0.0	0.0	0.0	0.0	0.0	0.0	0.0	0
8808		100			0			0	0	GO(0)	GO(0)							0	0	0	0	0.0	0.0	0.0	0.0	0.0	0.0	0.0	0
8809		100			0			0	0	GO(0)	GO(0)							0	0	0	0	0.0	0.0	0.0	0.0	0.0	0.0	0.0	0
8810		100			0			0	0	GO(0)	GO(0)							0	0	0	0	0.0	0.0	0.0	0.0	0.0	0.0	0.0	0
8811		100			0			0	0	GO(0)	GO(0)							0	0	0	0	0.0	0.0	0.0	0.0	0.0	0.0	0.0	0
8812		100			0			0	0	GO(0)	GO(0)							0	0	0	0	0.0	0.0	0.0	0.0	0.0	0.0	0.0	0
8813		100			0			0	0	GO(0)	GO(0)							0	0	0	0	0.0	0.0	0.0	0.0	0.0	0.0	0.0	0
8814		100			0			0	0	GO(0)	GO(0)							0	0	0	0	0.0	0.0	0.0	0.0	0.0	0.0	0.0	0
8815		100			0			0	0	GO(0)	GO(0)							0	0	0	0	0.0	0.0	0.0	0.0	0.0	0.0	0.0	0
8816		100			0			0	0	GO(0)	GO(0)							0	0	0	0	0.0	0.0	0.0	0.0	0.0	0.0	0.0	0
8817		100			0			0	0	GO(0)	GO(0)							0	0	0	0	0.0	0.0	0.0	0.0	0.0	0.0	0.0	0
8818		100			0			0	0	GO(0)	GO(0)							0	0	0	0	0.0	0.0	0.0	0.0	0.0	0.0	0.0	0
8819		100			0			0	0	GO(0)	GO(0)							0	0	0	0	0.0	0.0	0.0	0.0	0.0	0.0	0.0	0
8820		100			0			0	0	GO(0)	GO(0)							0	0	0	0	0.0	0.0	0.0	0.0	0.0	0.0	0.0	0
8821		100			0			0	0	GO(0)	GO(0)							0	0	0	0	0.0	0.0	0.0	0.0	0.0	0.0	0.0	0
8822		100			0			0	0	GO(0)	GO(0)							0	0	0	0	0.0	0.0	0.0	0.0	0.0	0.0	0.0	0
8823		100			0			0	0	GO(0)	GO(0)							0	0	0	0	0.0	0.0	0.0	0.0	0.0	0.0	0.0	0
8824		100			0			0	0	GO(0)	GO(0)							0	0	0	0	0.0	0.0	0.0	0.0	0.0	0.0	0.0	0
8825		100			0			0	0	GO(0)	GO(0)							0	0	0	0	0.0	0.0	0.0	0.0	0.0	0.0	0.0	0
8826		100			0			0	0	GO(0)	GO(0)							0	0	0	0	0.0	0.0	0.0	0.0	0.0	0.0	0.0	0
8827		100			0			0	0	GO(0)	GO(0)							0	0	0	0	0.0	0.0	0.0	0.0	0.0	0.0	0.0	0
8828		100			0			0	0	GO(0)	GO(0)							0	0	0	0	0.0	0.0	0.0	0.0	0.0	0.0	0.0	0
8829		100			0			0	0	GO(0)	GO(0)							0	0	0	0	0.0	0.0	0.0	0.0	0.0	0.0	0.0	0
8830		100			0			0	0	GO(0)	GO(0)							0	0	0	0	0.0	0.0	0.0	0.0	0.0	0.0	0.0	0
8831		100			0			0	0	GO(0)	GO(0)							0	0	0	0	0.0	0.0	0.0	0.0	0.0	0.0	0.0	0
8832		100			0			0	0	GO(0)	GO(0)							0	0	0	0	0.0	0.0	0.0	0.0	0.0	0.0	0.0	0
8833		100			0			0	0	GO(0)	GO(0)							0	0	0	0	0.0	0.0	0.0	0.0	0.0	0.0	0.0	0
8834		100			0			0	0	GO(0)	GO(0)							0	0	0	0	0.0	0.0	0.0	0.0	0.0	0.0	0.0	0
8835		100			0			0	0	GO(0)	GO(0)							0	0	0	0	0.0	0.0	0.0	0.0	0.0	0.0	0.0	0
8836		100			0			0	0	GO(0)	GO(0)							0	0	0	0	0.0	0.0	0.0	0.0	0.0	0.0	0.0	0
8837		100			0			0	0	GO(0)	GO(0)							0	0	0	0	0.0	0.0	0.0	0.0	0.0	0.0	0.0	0
8838		100			0			0	0	GO(0)	GO(0)							0	0	0	0	0.0	0.0	0.0	0.0	0.0	0.0	0.0	0
8839		100			0			0	0	GO(0)	GO(0)							0	0	0	0	0.0	0.0	0.0	0.0	0.0	0.0	0.0	0
8840		100			0			0	0	GO(0)	GO(0)							0	0	0	0	0.0	0.0	0.0	0.0	0.0	0.0	0.0	0
8841		100			0			0	0	GO(0)	GO(0)							0	0	0	0	0.0	0.0	0.0	0.0	0.0	0.0	0.0	0
8842		100			0			0	0	GO(0)	GO(0)							0	0	0	0	0.0	0.0	0.0	0.0	0.0	0.0	0.0	0
8843		100			0			0	0	GO(0)	GO(0)							0	0	0	0	0.0	0.0	0.0	0.0	0.0	0.0	0.0	0
8844		100			0			0	0	GO(0)	GO(0)							0	0	0	0	0.0	0.0	0.0	0.0	0.0	0.0	0.0	0
8845		100			0			0	0	GO(0)	GO(0)							0	0	0	0	0.0	0.0	0.0	0.0	0.0	0.0	0.0	0
8846		100			0			0	0	GO(0)	GO(0)							0	0	0	0	0.0	0.0	0.0	0.0	0.0	0.0	0.0	0
8847		100			0			0	0	GO(0)	GO(0)							0	0	0	0	0.0	0.0	0.0	0.0	0.0	0.0	0.0	0
8848		100			0			0	0	GO(0)	GO(0)							0	0	0	0	0.0	0.0	0.0	0.0	0.0	0.0	0.0	0
8849		100			0			0	0	GO(0)	GO(0)							0	0	0	0	0.0	0.0	0.0	0.0	0.0	0.0	0.0	0
8850		100			0			0	0	GO(0)	GO(0)							0	0	0	0	0.0	0.0	0.0	0.0	0.0	0.0	0.0	0
8851		100			0			0	0	GO(0)	GO(0)							0	0	0	0	0.0	0.0	0.0	0.0	0.0	0.0	0.0	0
8852		100			0			0	0	GO(0)	GO(0)							0	0	0	0	0.0	0.0	0.0	0.0	0.0	0.0	0.0	0
8853		100			0			0	0	GO(0)	GO(0)							0	0	0	0	0.0	0.0	0.0	0.0	0.0	0.0	0.0	0
8854		100			0			0	0	GO(0)	GO(0)							0	0	0	0	0.0	0.0	0.0	0.0	0.0	0.0	0.0	0
8855		100			0			0	0	GO(0)	GO(0)							0	0	0	0	0.0	0.0	0.0	0.0	0.0	0.0	0.0	0
8856		100			0			0	0	GO(0)	GO(0)							0	0	0	0	0.0	0.0	0.0	0.0	0.0	0.0	0.0	0
8857		100			0			0	0	GO(0)	GO(0)							0	0	0	0	0.0	0.0	0.0	0.0	0.0	0.0	0.0	0
8858		100			0			0	0	GO(0)	GO(0)							0	0	0	0	0.0	0.0	0.0	0.0	0.0	0.0	0.0	0
8859		100			0			0	0	GO(0)	GO(0)							0	0	0	0	0.0	0.0	0.0	0.0	0.0	0.0	0.0	0
8860		100			0			0	0	GO(0)	GO(0)							0	0	0	0	0.0	0.0	0.0	0.0	0.0	0.0	0.0	0
8861		100			0			0	0	GO(0)	GO(0)							0	0	0	0	0.0	0.0	0.0	0.0	0.0	0.0	0.0	0
8862		100			0			0	0	GO(0)	GO(0)							0	0	0	0	0.0	0.0	0.0	0.0	0.0	0.0	0.0	0
8863		100			0			0	0	GO(0)	GO(0)							0	0	0	0	0.0	0.0	0.0	0.0	0.0	0.0	0.0	0
8864		100			0			0	0	GO(0)	GO(0)							0	0	0	0	0.0	0.0	0.0	0.0	0.0	0.0	0.0	0
8865		100			0			0	0	GO(0)	GO(0)							0	0	0	0	0.0	0.0	0.0	0.0	0.0	0.0	0.0	0
8866		100			0			0	0	GO(0)	GO(0)							0	0	0	0	0.0	0.0	0.0	0.0	0.0	0.0	0.0	0
8867		100			0			0	0	GO(0)	GO(0)							0	0	0	0	0.0	0.0	0.0	0.0	0.0	0.0	0.0	0
8868		100			0			0	0	GO(0)	GO(0)							0	0	0	0	0.0	0.0	0.0	0.0	0.0	0.0	0.0	0
8869		100			0			0	0	GO(0)	GO(0)							0	0	0	0	0.0	0.0	0.0	0.0	0.0	0.0	0.0	0
8870		100			0			0	0	GO(0)	GO(0)							0	0	0	0	0.0	0.0	0.0	0.0	0.0	0.0	0.0	0
8871		100			0			0	0	GO(0)	GO(0)							0	0	0	0	0.0	0.0	0.0	0.0	0.0	0.0	0.0	0
8872		100			0			0	0	GO(0)	GO(0)							0	0	0	0	0.0	0.0	0.0	0.0	0.0	0.0	0.0	0
8873		100			0			0	0	GO(0)	GO(0)							0	0	0	0	0.0	0.0	0.0	0.0	0.0	0.0	0.0	0
8874		100			0			0	0	GO(0)	GO(0)							0	0	0	0	0.0	0.0	0.0	0.0	0.0	0.0	0.0	0
8875		100			0			0	0	GO(0)	GO(0)							0	0	0	0	0.0	0.0	0.0	0.0	0.0	0.0	0.0	0
8876		100			0			0	0	GO(0)	GO(0)							0	0	0	0	0.0	0.0	0.0	0.0	0.0	0.0	0.0	0
8877		100			0			0	0	GO(0)	GO(0)							0	0	0	0	0.0	0.0	0.0	0.0	0.0	0.0	0.0	0
8878		100			0			0	0	GO(0)	GO(0)							0	0	0	0	0.0	0.0	0.0	0.0	0.0	0.0	0.0	0
8879		100			0			0	0	GO(0)	GO(0)							0	0	0	0	0.0	0.0	0.0	0.0	0.0	0.0	0.0	0
8880		100			0			0	0	GO(0)	GO(0)							0	0	0	0	0.0	0.0	0.0	0.0	0.0	0.0	0.0	0
8881		100			0			0	0	GO(0)	GO(0)							0	0	0	0	0.0	0.0	0.0	0.0	0.0	0.0	0.0	0
8882		100			0			0	0	GO(0)	GO(0)							0	0	0	0	0.0	0.0	0.0	0.0	0.0	0.0	0.0	0
8883		100			0			0	0	GO(0)	GO(0)							0	0	0	0	0.0	0.0	0.0	0.0	0.0	0.0	0.0	0
8884		100			0			0	0	GO(0)	GO(0)							0	0	0	0	0.0	0.0	0.0	0.0	0.0	0.0	0.0	0
8885		100			0			0	0	GO(0)	GO(0)							0	0	0	0	0.0	0.0	0.0	0.0	0.0	0.0	0.0	0
8886		100			0			0	0	GO(0)	GO(0)							0	0	0	0	0.0	0.0	0.0	0.0	0.0	0.0	0.0	0
8887		100			0			0	0	GO(0)	GO(0)							0	0	0	0	0.0	0.0	0.0	0.0	0.0	0.0	0.0	0
8888		100			0			0	0	GO(0)	GO(0)							0	0	0	0	0.0	0.0	0.0	0.0	0.0	0.0	0.0	0
8889		100			0			0	0	GO(0)	GO(0)							0	0	0	0	0.0	0.0	0.0	0.0	0.0	0.0	0.0	0
8890		100			0			0	0	GO(0)	GO(0)							0	0	0	0	0.0	0.0	0.0	0.0	0.0	0.0	0.0	0
8891		100			0			0	0	GO(0)	GO(0)							0	0	0	0	0.0	0.0	0.0	0.0	0.0	0.0	0.0	0
8892		100			0			0	0	GO(0)	GO(0)							0	0	0	0	0.0	0.0	0.0	0.0	0.0	0.0	0.0	0
8893		100			0			0	0	GO(0)	GO(0)							0	0	0	0	0.0	0.0	0.0	0.0	0.0	0.0	0.0	0
8894		100			0			0	0	GO(0)	GO(0)							0	0	0	0	0.0	0.0	0.0	0.0	0.0	0.0	0.0	0
8895		100			0			0	0	GO(0)	GO(0)							0	0	0	0	0.0	0.0	0.0	0.0	0.0	0.0	0.0	0
8896		100			0			0	0	GO(0)	GO(0)							0	0	0	0	0.0	0.0	0.0	0.0	0.0	0.0	0.0	0
8897		100			0			0	0	GO(0)	GO(0)							0	0	0	0	0.0	0.0	0.0	0.0	0.0	0.0	0.0	0
8898		100			0			0	0	GO(0)	GO(0)							0	0	0	0	0.0	0.0	0.0	0.0	0.0	0.0	0.0	0
8899		100			0			0	0	GO(0)	GO(0)							0	0	0	0	0.0	0.0	0.0	0.0	0.0	0.0	0.0	0
8900		100			0			0	0	GO(0)	GO(0)							0	0	0	0	0.0	0.0	0.0	0.0	0.0	0.0	0.0	0
8901		100			0			0	0	GO(0)	GO(0)							0	0	0	0	0.0	0.0	0.0	0.0	0.0	0.0	0.0	0
8902		100			0			0	0	GO(0)	GO(0)							0	0	0	0	0.0	0.0	0.0	0.0	0.0	0.0	0.0	0
8903		100			0			0	0	GO(0)	GO(0)							0	0	0	0	0.0	0.0	0.0	0.0	0.0	0.0	0.0	0
8904		100			0			0	0	GO(0)	GO(0)							0	0	0	0	0.0	0.0	0.0	0.0	0.0	0.0	0.0	0
8905		100			0			0	0	GO(0)	GO(0)							0	0	0	0	0.0	0.0	0.0	0.0	0.0	0.0	0.0	0
8906		100			0			0	0	GO(0)	GO(0)							0	0	0	0	0.0	0.0	0.0	0.0	0.0	0.0	0.0	0
8907		100			0			0	0	GO(0)	GO(0)							0	0	0	0	0.0	0.0	0.0	0.0	0.0	0.0	0.0	0
8908		100			0			0	0	GO(0)	GO(0)							0	0	0	0	0.0	0.0	0.0	0.0	0.0	0.0	0.0	0
8909		100			0			0	0	GO(0)	GO(0)							0	0	0	0	0.0	0.0	0.0	0.0	0.0	0.0	0.0	0
8910		100			0			0	0	GO(0)	GO(0)							0	0	0	0	0.0	0.0	0.0	0.0	0.0	0.0	0.0	0
8911		100			0			0	0	GO(0)	GO(0)							0	0	0	0	0.0	0.0	0.0	0.0	0.0	0.0	0.0	0
8912		100			0			0	0	GO(0)	GO(0)							0	0	0	0	0.0	0.0	0.0	0.0	0.0	0.0	0.0	0
8913		100			0			0	0	GO(0)	GO(0)							0	0	0	0	0.0	0.0	0.0	0.0	0.0	0.0	0.0	0
8914		100			0			0	0	GO(0)	GO(0)							0	0	0	0	0.0	0.0	0.0	0.0	0.0	0.0	0.0	0
8915		100			0			0	0	GO(0)	GO(0)							0	0	0	0	0.0	0.0	0.0	0.0	0.0	0.0	0.0	0
8916		100			0			0	0	GO(0)	GO(0)							0	0	0	0	0.0	0.0	0.0	0.0	0.0	0.0	0.0	0
8917		100			0			0	0	GO(0)	GO(0)							0	0	0	0	0.0	0.0	0.0	0.0	0.0	0.0	0.0	0
8918		100			0			0	0	GO(0)	GO(0)							0	0	0	0	0.0	0.0	0.0	0.0	0.0	0.0	0.0	0
8919		100			0			0	0	GO(0)	GO(0)							0	0	0	0	0.0	0.0	0.0	0.0	0.0	0.0	0.0	0
8920		100			0			0	0	GO(0)	GO(0)							0	0	0	0	0.0	0.0	0.0	0.0	0.0	0.0	0.0	0
8921		100			0			0	0	GO(0)	GO(0)							0	0	0	0	0.0	0.0	0.0	0.0	0.0	0.0	0.0	0
8922		100			0			0	0	GO(0)	GO(0)							0	0	0	0	0.0	0.0	0.0	0.0	0.0	0.0	0.0	0
8923		100			0			0	0	GO(0)	GO(0)							0	0	0	0	0.0	0.0	0.0	0.0	0.0	0.0	0.0	0
8924		100			0			0	0	GO(0)	GO(0)							0	0	0	0	0.0	0.0	0.0	0.0	0.0	0.0	0.0	0
8925		100			0			0	0	GO(0)	GO(0)							0	0	0	0	0.0	0.0	0.0	0.0	0.0	0.0	0.0	0
8926		100			0			0	0	GO(0)	GO(0)							0	0	0	0	0.0	0.0	0.0	0.0	0.0	0.0	0.0	0
8927		100			0			0	0	GO(0)	GO(0)							0	0	0	0	0.0	0.0	0.0	0.0	0.0	0.0	0.0	0
8928		100			0			0	0	GO(0)	GO(0)							0	0	0	0	0.0	0.0	0.0	0.0	0.0	0.0	0.0	0
8929		100			0			0	0	GO(0)	GO(0)							0	0	0	0	0.0	0.0	0.0	0.0	0.0	0.0	0.0	0
8930		100			0			0	0	GO(0)	GO(0)							0	0	0	0	0.0	0.0	0.0	0.0	0.0	0.0	0.0	0
8931		100			0			0	0	GO(0)	GO(0)							0	0	0	0	0.0	0.0	0.0	0.0	0.0	0.0	0.0	0
8932		100			0			0	0	GO(0)	GO(0)							0	0	0	0	0.0	0.0	0.0	0.0	0.0	0.0	0.0	0
8933		100			0			0	0	GO(0)	GO(0)							0	0	0	0	0.0	0.0	0.0	0.0	0.0	0.0	0.0	0
8934		100			0			0	0	GO(0)	GO(0)							0	0	0	0	0.0	0.0	0.0	0.0	0.0	0.0	0.0	0
8935		100			0			0	0	GO(0)	GO(0)							0	0	0	0	0.0	0.0	0.0	0.0	0.0	0.0	0.0	0
8936		100			0			0	0	GO(0)	GO(0)							0	0	0	0	0.0	0.0	0.0	0.0	0.0	0.0	0.0	0
8937		100			0			0	0	GO(0)	GO(0)							0	0	0	0	0.0	0.0	0.0	0.0	0.0	0.0	0.0	0
8938		100			0			0	0	GO(0)	GO(0)							0	0	0	0	0.0	0.0	0.0	0.0	0.0	0.0	0.0	0
8939		100			0			0	0	GO(0)	GO(0)							0	0	0	0	0.0	0.0	0.0	0.0	0.0	0.0	0.0	0
8940		100			0			0	0	GO(0)	GO(0)							0	0	0	0	0.0	0.0	0.0	0.0	0.0	0.0	0.0	0
8941		100			0			0	0	GO(0)	GO(0)							0	0	0	0	0.0	0.0	0.0	0.0	0.0	0.0	0.0	0
8942		100			0			0	0	GO(0)	GO(0)							0	0	0	0	0.0	0.0	0.0	0.0	0.0	0.0	0.0	0
8943		100			0			0	0	GO(0)	GO(0)							0	0	0	0	0.0	0.0	0.0	0.0	0.0	0.0	0.0	0
8944		100			0			0	0	GO(0)	GO(0)							0	0	0	0	0.0	0.0	0.0	0.0	0.0	0.0	0.0	0
8945		100			0			0	0	GO(0)	GO(0)							0	0	0	0	0.0	0.0	0.0	0.0	0.0	0.0	0.0	0
8946		100			0			0	0	GO(0)	GO(0)							0	0	0	0	0.0	0.0	0.0	0.0	0.0	0.0	0.0	0
8947		100			0			0	0	GO(0)	GO(0)							0	0	0	0	0.0	0.0	0.0	0.0	0.0	0.0	0.0	0
8948		100			0			0	0	GO(0)	GO(0)							0	0	0	0	0.0	0.0	0.0	0.0	0.0	0.0	0.0	0
8949		100			0			0	0	GO(0)	GO(0)							0	0	0	0	0.0	0.0	0.0	0.0	0.0	0.0	0.0	0
8950		100			0			0	0	GO(0)	GO(0)							0	0	0	0	0.0	0.0	0.0	0.0	0.0	0.0	0.0	0
8951		100			0			0	0	GO(0)	GO(0)							0	0	0	0	0.0	0.0	0.0	0.0	0.0	0.0	0.0	0
8952		100			0			0	0	GO(0)	GO(0)							0	0	0	0	0.0	0.0	0.0	0.0	0.0	0.0	0.0	0
8953		100			0			0	0	GO(0)	GO(0)							0	0	0	0	0.0	0.0	0.0	0.0	0.0	0.0	0.0	0
8954		100			0			0	0	GO(0)	GO(0)							0	0	0	0	0.0	0.0	0.0	0.0	0.0	0.0	0.0	0
8955		100			0			0	0	GO(0)	GO(0)							0	0	0	0	0.0	0.0	0.0	0.0	0.0	0.0	0.0	0
8956		100			0			0	0	GO(0)	GO(0)							0	0	0	0	0.0	0.0	0.0	0.0	0.0	0.0	0.0	0
8957		100			0			0	0	GO(0)	GO(0)							0	0	0	0	0.0	0.0	0.0	0.0	0.0	0.0	0.0	0
8958		100			0			0	0	GO(0)	GO(0)							0	0	0	0	0.0	0.0	0.0	0.0	0.0	0.0	0.0	0
8959		100			0			0	0	GO(0)	GO(0)							0	0	0	0	0.0	0.0	0.0	0.0	0.0	0.0	0.0	0
8960		100			0			0	0	GO(0)	GO(0)							0	0	0	0	0.0	0.0	0.0	0.0	0.0	0.0	0.0	0
8961		100			0			0	0	GO(0)	GO(0)							0	0	0	0	0.0	0.0	0.0	0.0	0.0	0.0	0.0	0
8962		100			0			0	0	GO(0)	GO(0)							0	0	0	0	0.0	0.0	0.0	0.0	0.0	0.0	0.0	0
8963		100			0			0	0	GO(0)	GO(0)							0	0	0	0	0.0	0.0	0.0	0.0	0.0	0.0	0.0	0
8964		100			0			0	0	GO(0)	GO(0)							0	0	0	0	0.0	0.0	0.0	0.0	0.0	0.0	0.0	0
8965		100			0			0	0	GO(0)	GO(0)							0	0	0	0	0.0	0.0	0.0	0.0	0.0	0.0	0.0	0
8966		100			0			0	0	GO(0)	GO(0)							0	0	0	0	0.0	0.0	0.0	0.0	0.0	0.0	0.0	0
8967		100			0			0	0	GO(0)	GO(0)							0	0	0	0	0.0	0.0	0.0	0.0	0.0	0.0	0.0	0
8968		100			0			0	0	GO(0)	GO(0)							0	0	0	0	0.0	0.0	0.0	0.0	0.0	0.0	0.0	0
8969		100			0			0	0	GO(0)	GO(0)							0	0	0	0	0.0	0.0	0.0	0.0	0.0	0.0	0.0	0
8970		100			0			0	0	GO(0)	GO(0)							0	0	0	0	0.0	0.0	0.0	0.0	0.0	0.0	0.0	0
8971		100			0			0	0	GO(0)	GO(0)							0	0	0	0	0.0	0.0	0.0	0.0	0.0	0.0	0.0	0
8972		100			0			0	0	GO(0)	GO(0)							0	0	0	0	0.0	0.0	0.0	0.0	0.0	0.0	0.0	0
8973		100			0			0	0	GO(0)	GO(0)							0	0	0	0	0.0	0.0	0.0	0.0	0.0	0.0	0.0	0
8974		100			0			0	0	GO(0)	GO(0)							0	0	0	0	0.0	0.0	0.0	0.0	0.0	0.0	0.0	0
8975		100			0			0	0	GO(0)	GO(0)							0	0	0	0	0.0	0.0	0.0	0.0	0.0	0.0	0.0	0
8976		100			0			0	0	GO(0)	GO(0)							0	0	0	0	0.0	0.0	0.0	0.0	0.0	0.0	0.0	0
8977		100			0			0	0	GO(0)	GO(0)							0	0	0	0	0.0	0.0	0.0	0.0	0.0	0.0	0.0	0
8978		100			0			0	0	GO(0)	GO(0)							0	0	0	0	0.0	0.0	0.0	0.0	0.0	0.0	0.0	0
8979		100			0			0	0	GO(0)	GO(0)							0	0	0	0	0.0	0.0	0.0	0.0	0.0	0.0	0.0	0
8980		100			0			0	0	GO(0)	GO(0)							0	0	0	0	0.0	0.0	0.0	0.0	0.0	0.0	0.0	0
8981		100			0			0	0	GO(0)	GO(0)							0	0	0	0	0.0	0.0	0.0	0.0	0.0	0.0	0.0	0
8982		100			0			0	0	GO(0)	GO(0)							0	0	0	0	0.0	0.0	0.0	0.0	0.0	0.0	0.0	0
8983		100			0			0	0	GO(0)	GO(0)							0	0	0	0	0.0	0.0	0.0	0.0	0.0	0.0	0.0	0
8984		100			0			0	0	GO(0)	GO(0)							0	0	0	0	0.0	0.0	0.0	0.0	0.0	0.0	0.0	0
8985		100			0			0	0	GO(0)	GO(0)							0	0	0	0	0.0	0.0	0.0	0.0	0.0	0.0	0.0	0
8986		100			0			0	0	GO(0)	GO(0)							0	0	0	0	0.0	0.0	0.0	0.0	0.0	0.0	0.0	0
8987		100			0			0	0	GO(0)	GO(0)							0	0	0	0	0.0	0.0	0.0	0.0	0.0	0.0	0.0	0
8988		100			0			0	0	GO(0)	GO(0)							0	0	0	0	0.0	0.0	0.0	0.0	0.0	0.0	0.0	0
8989		100			0			0	0	GO(0)	GO(0)							0	0	0	0	0.0	0.0	0.0	0.0	0.0	0.0	0.0	0
8990		100			0			0	0	GO(0)	GO(0)							0	0	0	0	0.0	0.0	0.0	0.0	0.0	0.0	0.0	0
8991		100			0			0	0	GO(0)	GO(0)							0	0	0	0	0.0	0.0	0.0	0.0	0.0	0.0	0.0	0
8992		100			0			0	0	GO(0)	GO(0)							0	0	0	0	0.0	0.0	0.0	0.0	0.0	0.0	0.0	0
8993		100			0			0	0	GO(0)	GO(0)							0	0	0	0	0.0	0.0	0.0	0.0	0.0	0.0	0.0	0
8994		100			0			0	0	GO(0)	GO(0)							0	0	0	0	0.0	0.0	0.0	0.0	0.0	0.0	0.0	0
8995		100			0			0	0	GO(0)	GO(0)							0	0	0	0	0.0	0.0	0.0	0.0	0.0	0.0	0.0	0
8996		100			0			0	0	GO(0)	GO(0)							0	0	0	0	0.0	0.0	0.0	0.0	0.0	0.0	0.0	0
8997		100			0			0	0	GO(0)	GO(0)							0	0	0	0	0.0	0.0	0.0	0.0	0.0	0.0	0.0	0
8998		100			0			0	0	GO(0)	GO(0)							0	0	0	0	0.0	0.0	0.0	0.0	0.0	0.0	0.0	0
8999		100			0			0	0	GO(0)	GO(0)							0	0	0	0	0.0	0.0	0.0	0.0	0.0	0.0	0.0	0
9000		200	_F_RESCURE_000;40\n_F_RESCURE_000;80\n_F_RESCURE_000;120\n_F_RESCURE_000;150	_F_RESCURE_000;40\n_F_RESCURE_000;80\n_F_RESCURE_000;120\n_F_RESCURE_000;150	0	0;0;0;150		0	0									0	0	0	7	0.0	0.0	0.0	0.0	0.0	0.0	0.0	0
9001		2000	_F_DIE_000;30	_F_PERISH_000;30	0			0	0									0	0	0	0	0.0	0.0	0.0	0.0	0.0	0.0	0.0	5
9002		2000	_F_RECOVERD_000;15	_F_RECOVERD_000;15	0	0;0;0;15		0	0									0	0	0	0	0.0	0.0	0.0	0.0	0.0	0.0	0.0	5
9003		300	_F_STRUGGLE_001;34	_F_STRUGGLE_001;34	0	0;0;0;27		0	0	GO(0)								0	0	0	0	0.0	0.0	0.0	0.0	0.0	0.0	0.0	0
9004		5000	_F_DIE_000A;30	_F_DIE_000A;30	0			0	0	GO(0)								0	0	0	0	0.0	0.0	0.0	0.0	0.0	0.0	0.0	0
9005		10	_F_IN_000;50\n_F_READY_000;98\n_F_READY_000;146\n_F_READY_000;194\n_F_READY_000;242\n_F_READY_000;290\n_F_READY_000;338\n_F_READY_000;386\n_F_READY_000;434\n_F_READY_000;482\n_F_READY_000;530\n_F_READY_000;578\n_F_READY_000;600\n_F_LEAVE_002;651	_F_IN_000;50\n_F_READY_000;98\n_F_READY_000;146\n_F_READY_000;194\n_F_READY_000;242\n_F_READY_000;290\n_F_READY_000;338\n_F_READY_000;386\n_F_READY_000;434\n_F_READY_000;482\n_F_READY_000;530\n_F_READY_000;578\n_F_READY_000;600\n_F_LEAVE_002;651	0	0;0;0;0		0	0	GO(0)	GO(0)			S_O_M079_POPUP;0\nS_O_M079_KILL;600\n				0	0	0	0	0.0	0.0	0.0	0.0	0.0	0.0	0.0	0
9006		10	_F_LEAVE_000;77	_F_SENTRY_000;24	0	0;0;0;0		0	0	GO(0)	GO(0)			S_O_M079_FELEE;0				0	0	0	0	0.0	0.0	0.0	0.0	0.0	0.0	0.0	0
9007		10	_F_LEAVE_001;87	_F_ATTACK_000;31	0	0;0;0;0		0	0	GO(0)	GO(0)			S_O_M079_FELEE;0				0	0	0	0	0.0	0.0	0.0	0.0	0.0	0.0	0.0	0
9008		10	_F_IN_000;50	_F_IN_000;50	0	0;0;0;0		0	0	GO(0)	GO(0)			S_O_M079_POPUP;0				0	0	0	0	0.0	0.0	0.0	0.0	0.0	0.0	0.0	0
9009		10	_F_LEAVE_002;51	_F_LEAVE_002;51	0			0	0	GO(0)	GO(0)			S_O_M079_KILL;0				0	0	0	0	0.0	0.0	0.0	0.0	0.0	0.0	0.0	0
9010		8000	_F_ATTACK_002;60	_F_ATTACK_002;60	1	0;0;0;60		0	0	GO(0)	GO(0)							0	0	0	0	0.0	0.0	0.0	0.0	0.0	0.0	0.0	0
9011		8000	_F_FLEX_000;150	_F_FLEX_000;150	1	0;0;0;150		0	0	GO(0)	GO(0)							0	0	0	0	0.0	0.0	0.0	0.0	0.0	0.0	0.0	0
9012		8000	_F_READY_000;144	_F_READY_000;144	1	0;0;0;144		0	0	GO(0)	GO(0)							0	0	0	0	0.0	0.0	0.0	0.0	0.0	0.0	0.0	0
9013		8000	_F_FLEX_000;110	_F_FLEX_000;110	1	0;0;0;110		0	0	GO(0)	GO(0)							0	0	0	0	0.0	0.0	0.0	0.0	0.0	0.0	0.0	0
9014		8000	_F_FLEX_001;155	_F_FLEX_001;155	1	0;0;0;155		0	0	GO(0)	GO(0)							0	0	0	0	0.0	0.0	0.0	0.0	0.0	0.0	0.0	0
9015		200	_F_FLEX_000;110\n_F_READY_000;254	_F_FLEX_000;110\n_F_READY_000;254	1	0;0;0;254		0	0	GO(0)	GO(0)							0	0	0	0	0.0	0.0	0.0	0.0	0.0	0.0	0.0	0
9016		200	_F_FLEX_000;150\n_F_READY_000;220	_F_FLEX_000;150\n_F_READY_000;220	1	0;0;0;220		0	0	GO(0)	GO(0)							0	0	0	0	0.0	0.0	0.0	0.0	0.0	0.0	0.0	0
9017		8000	_F_HAPPY_000;40	_F_HAPPY_000;40	1	0;0;0;40		0	0	GO(0)	GO(0)							0	0	0	0	0.0	0.0	0.0	0.0	0.0	0.0	0.0	0
9018		8000	_F_HAPPY_001;38	_F_HAPPY_001;38	1	0;0;0;38		0	0	GO(0)	GO(0)							0	0	0	0	0.0	0.0	0.0	0.0	0.0	0.0	0.0	0
9019		8000	_F_HAPPY_002;45	_F_HAPPY_002;45	1	0;0;0;45		0	0	GO(0)	GO(0)							0	0	0	0	0.0	0.0	0.0	0.0	0.0	0.0	0.0	0
9020		2000	_F_FORWARD_000;23\n_F_FORWARD_000;46\n_F_FORWARD_000;69	_F_FORWARD_000;23\n_F_FORWARD_000;46\n_F_FORWARD_000;69	1	200;1000;0;69	-90;6	0	0	GO(0)	GO(0)							0	0	0	0	0.0	0.0	0.0	0.0	0.0	0.0	0.0	0
9021		1500	_F_ATTACK_000;43	_F_ATTACK_000;43	1	0;0;0;43		0	0	GO(0)	GO(0)						9001;25	1	0	0	2	0.0	0.0	0.0	0.0	0.0	0.0	0.0	0
9022		1500	_F_ATTACK_003;31	_F_ATTACK_003;31	1	0;0;0;31		0	0	GO(0)	GO(0)						9002;20	0	0	0	2	0.0	0.0	0.0	0.0	0.0	0.0	0.0	0
9023		200	_F_ATTACK_000;60	_F_ATTACK_000;60	1	0;0;0;60		0	0	GO(0)	GO(0)	S_H_PHYSICS;0;16						1	50	0	1	0.0	0.0	0.0	0.0	0.0	0.0	0.0	0
9024		200	_F_ATTACK_000;39	_F_ATTACK_000;39	1	0;0;0;39		0	0	GO(0)	GO(0)	S_H_PHYSICS;0;7						1	50	0	1	0.0	0.0	0.0	0.0	0.0	0.0	0.0	0
9025		200	_F_ATTACK_000;49	_F_ATTACK_000;49	1	0;0;0;49		0	0	GO(0)	GO(0)	S_H_PHYSICS;0;12						1	50	0	1	0.0	0.0	0.0	0.0	0.0	0.0	0.0	0
9026		300	_F_ATTACK_001;34	_F_ATTACK_001;34	1	0;0;0;34		0	0	GO(0)	GO(0)	S_H_PHYSICS;0;18	-200;50;7					2	300	0	17	0.0	0.0	0.0	0.0	0.0	0.0	0.0	0
9027		5000	_F_ATTACK_000;43	_F_ATTACK_000;43	1	0;0;0;43		0	0	GO(0)	GO(0)						9003;25	2	0	0	2	0.0	0.0	0.0	0.0	0.0	0.0	0.0	0
9028		9999	_F_FORWARD_000;80\n_F_FORWARD_000;160\n_F_FORWARD_000;240\n_F_FORWARD_000;320	_F_FORWARD_000;80\n_F_FORWARD_000;160\n_F_FORWARD_000;240\n_F_FORWARD_000;320	1	0;0;0;320		0	0	GO(0)	GO(0)							0	0	0	0	0.0	0.0	0.0	0.0	0.0	0.0	0.0	0
9029		9999	_F_FORWARD_000;32\n_F_FORWARD_000;64\n_F_FORWARD_000;96\n_F_FORWARD_000;128\n_F_FORWARD_000;160\n_F_FORWARD_000;192	_F_FORWARD_000;32\n_F_FORWARD_000;64\n_F_FORWARD_000;96\n_F_FORWARD_000;128\n_F_FORWARD_000;160\n_F_FORWARD_000;192	1	0;0;0;192		0	0	GO(0)	GO(0)							0	0	0	0	0.0	0.0	0.0	0.0	0.0	0.0	0.0	0
9030		300	_F_ATTACK_000;36	_F_ATTACK_000;36	1	0;0;0;36		0	0	GO(0)	GO(0)	S_H_PHYSICS;0;11						1	200	0	1	0.0	0.0	0.0	0.0	0.0	0.0	0.0	0
9031		200	_F_ATTACK_015;3000	_F_ATTACK_015;3000	1	0;0;0;3000		0	0	GO(0)	GO(0)							0	0	0	8	0.0	0.0	0.0	0.0	0.0	0.0	0.0	0
9032		9999	_F_ATTACK_000;58	_F_ATTACK_000;58	1	0;0;0;58		0	0	GO(0)	GO(0)			S_O_DIGGING			9004;12\n9005;14\n9006;16\n9007;18\n9008;20\n9009;22\n9010;24\n9011;26\n9012;28\n9013;30\n9014;32\n9015;34\n9016;36\n9017;38\n9018;40\n9019;42	0	0	0	0	0.0	0.0	0.0	0.0	0.0	0.0	0.0	0
9033		600	_F_ATTACK_002;73	_F_ATTACK_002;73	1	0;0;0;73		0	0	GO(0)	GO(0)						9020;8\n9021;10\n9022;12\n9023;14\n9024;16	0	0	0	0	0.0	0.0	0.0	0.0	0.0	0.0	0.0	0
9034		300	_F_ATTACK_001;50	_F_ATTACK_001;50	1	0;0;0;50		0	0	GO(0)	GO(0)	S_H_PHYSICS;0;11						1	200	0	1	0.0	0.0	0.0	0.0	0.0	0.0	0.0	0
9035		300	_F_ATTACK_001;34	_F_ATTACK_001;34	1	0;0;0;34		0	0	GO(0)	GO(0)	S_H_PHYSICS;0;18						3	200	0	1	0.0	0.0	0.0	0.0	0.0	0.0	0.0	0
9036		300	_F_ATTACK_000;32	_F_ATTACK_000;32	1	0;0;0;32		0	0	GO(0)	GO(0)	S_H_PHYSICS;0;18						3	200	0	1	0.0	0.0	0.0	0.0	0.0	0.0	0.0	0
9037		300	_F_FORWARD_000;20\n_F_FORWARD_000;40	_F_FORWARD_000;20\n_F_FORWARD_000;40	1	-200;-500;0;40	90;4	0	0	GO(0)	GO(0)							0	0	0	0	0.0	0.0	0.0	0.0	0.0	0.0	0.0	0
9038		800	_F_FORWARD_000;48	_F_FORWARD_000;48	1	-200;-500;0;48	90;4	0	0	GO(0)	GO(0)							0	0	0	0	0.0	0.0	0.0	0.0	0.0	0.0	0.0	0
9039		800	_F_ATTACK_000;43	_F_ATTACK_000;43	1	0;0;0;43		0	0	GO(0)	GO(0)						9003;13	2	0	0	2	0.0	0.0	0.0	0.0	0.0	0.0	0.0	0
9040		5000	_F_ATTACK_000;15	_F_ATTACK_000;15	0			0	0									0	0	0	13;19	0.0	0.0	0.0	0.0	0.0	0.0	0.0	0
9041		5000	_F_ATTACK_001;15	_F_ATTACK_001;15	0			0	0									0	0	0	13;19	0.0	0.0	0.0	0.0	0.0	0.0	0.0	0
9042		5000	_F_ATTACK_002;15	_F_ATTACK_002;15	0			0	0									0	0	0	13;19	0.0	0.0	0.0	0.0	0.0	0.0	0.0	0
9043		5000	_F_ATTACK_003;15	_F_ATTACK_003;15	0			0	0									0	0	0	13;19	0.0	0.0	0.0	0.0	0.0	0.0	0.0	0
9044		5000	_F_FLEX_000;15	_F_FLEX_000;15	0			0	0									0	0	0	13;19	0.0	0.0	0.0	0.0	0.0	0.0	0.0	0
9045		5000	_F_DIE_000;15	_F_DIE_000;15	0			0	0									0	0	0	13;19	0.0	0.0	0.0	0.0	0.0	0.0	0.0	0
9046		5000	_F_TALK_000;15	_F_TALK_000;15	0			0	0									0	0	0	13;19	0.0	0.0	0.0	0.0	0.0	0.0	0.0	0
9047		5000	_F_HAPPY_000;15	_F_HAPPY_000;15	0			0	0									0	0	0	13;19	0.0	0.0	0.0	0.0	0.0	0.0	0.0	0
9048		150	_F_ATTACK_001;60	_F_ATTACK_001;60	32	0;0;0;0		0	0	HIT(95)	STUN(25)	S_H_PHYSICS2;0;14	-1;0;1	S_O_M009_ATK_1;0				1	150	0	2;19	0.0	0.0	0.0	0.0	0.0	0.0	0.0	0
9049		600	_F_ATTACK_002;69	_F_ATTACK_002;69	0	0;0;0;12\n600;0;0;42		0	0				-200;50;5	S_O_M009_ATK_2;0	CAMERASHOCK(C_SKILL01);42\nCAMERASHOCK(C_SKILL01);46\nCAMERASHOCK(C_SKILL01);50		4987;0\n3556;12\n3556;21\n3556;30\n3768;42\n3769;44\n3770;46\n3771;48\n3772;50\n3773;52\n3774;54	0	0	0	13;19	0.0	0.0	0.0	0.0	0.0	0.0	0.0	0
9050		500	_F_ATTACK_004;70\n_F_SENTRY_000;101	_F_ATTACK_004;70\n_F_SENTRY_000;101	0	0;0;0;101		0	0	GO(0)				PS_O_HEAL_MINOR;0			4984;0\n3559;24	1	250	0	13;19	0.0	0.0	0.0	0.0	0.0	0.0	0.0	0
9051		900	_F_ATTACK_005;60\n_F_SENTRY_000;91	_F_ATTACK_005;60\n_F_SENTRY_000;91	0	0;0;0;15\nARCEDGE;-0.5;0;0;17		0	0					S_O_M009_ATK_5;0	CAMERASHOCK(C_SKILL01);32		4981;0\n3561;34	1	250	0	2;5;19	0.0	0.0	0.0	0.0	0.0	0.0	0.0	0
9052		3000	_F_ATTACK_004;70	_F_ATTACK_004;70	0	0;0;0;70		0	0					S_O_M009_TRACING_PLASMA;0			4982;0\n3748;70	1	250	0	2;5;19	0.0	0.0	0.0	0.0	0.0	0.0	0.0	0
9053		1700	_F_ATTACK_020;29	_F_ATTACK_020;29	0	0;0;0;0		0	0	GO(0)				SIREN_O_ICEBOLT;0			7111;25	0	0	0	5;19	0.0	0.0	0.0	0.0	0.0	0.0	0.0	0
9054		1700	_F_ATTACK_020;29	_F_ATTACK_020;29	0	0;0;0;0		0	0	GO(0)				SIREN_O_ICEBOLT;0			7112;25	0	0	0	5;19	0.0	0.0	0.0	0.0	0.0	0.0	0.0	0
9055		1700	_F_ATTACK_021;48\n_F_ATTACK_002;78	_F_ATTACK_021;48\n_F_ATTACK_002;78	0	0;0;0;0		0	0	GO(0)				SIREN_O_WATERBOLT;0			4980;0\n7113;75	0	0	0	5;19	0.0	0.0	0.0	0.0	0.0	0.0	0.0	0
9056		1700	_F_ATTACK_021;48\n_F_ATTACK_021;96\n_F_ATTACK_020;125	_F_ATTACK_021;48\n_F_ATTACK_021;96\n_F_ATTACK_020;125	0	0;0;0;0		0	0	GO(0)				S_O_SIREN_F20;0			7114;120\n4982;121	0	0	0	5;19	0.0	0.0	0.0	0.0	0.0	0.0	0.0	0
9057		1200	_F_ATTACK_001;60	_F_ATTACK_001;60	0			0	0					S_O_M015_FIREBOLT;0			3262;29	1	200	0	5;13;19	0.0	1.5	0.0	1.5	0.0	0.0	0.0	0
9058		1500	_F_ATTACK_000;48\n_F_ATTACK_002;118	_F_ATTACK_000;48\n_F_ATTACK_002;118	0			0	0					S_C_M015_FIREBALL_2;0			44115;0\n4982;5\n44116;10\n44117;20\n44118;30\n44119;40	0	0	0	5;13;19	0.0	0.0	0.0	0.0	0.0	0.0	0.0	0
9059		1500	_F_ATTACK_000;48\n_F_ATTACK_002;118	_F_ATTACK_000;48\n_F_ATTACK_002;118	0			0	0					PS_C_HEAL_MINOR;0\nPS_O_HEAL_MINOR;45			4980;44\n44007;45	1	300	0	5;13;19	0.0	0.0	0.0	0.0	0.0	0.0	0.0	0
9060		1200	_F_ATTACK_000;48\n_F_ATTACK_000;96\n_F_ATTACK_002;166	_F_ATTACK_000;48\n_F_ATTACK_000;96\n_F_ATTACK_002;166	0			0	0					S_O_FIREBOLT;65			4983;0\n3115;65	1	200	0	5;13;19	0.0	0.0	0.0	0.0	0.0	0.0	0.0	0
9061		1500	_F_ATTACK_000;48\n_F_ATTACK_002;118	_F_ATTACK_000;48\n_F_ATTACK_002;118	0			0	0					PS_C_FIRE_FIREINTHEHOLE;0			4988;48\n44150;60\n44151;70\n44152;80\n44153;90\n44150;100\n44151;110\n44152;118	0	0	0	5;13;19	0.0	0.0	0.0	0.0	0.0	0.0	0.0	0
9800	Icon_Emotion_003	100	_F_EMOTION_003;155	_F_EMOTION_003;155	0	0;0;0;155		1	0	GO(0)	GO(0)			F_EMOTION_ACTION_0;0				0	0	0	7;25	0.0	0.0	0.0	0.0	0.0	0.0	0.0	0
9801	Icon_Emotion_004	100	_F_EMOTION_004;100	_F_EMOTION_004;100	0	0;0;0;100		5	0	GO(0)	GO(0)			F_EMOTION_ACTION_1;0				0	0	0	7;25	0.0	0.0	0.0	0.0	0.0	0.0	0.0	0
9802	Icon_Emotion_005	100	_F_EMOTION_005;135	_F_EMOTION_005;135	0	0;0;0;135		1	0	GO(0)	GO(0)			F_EMOTION_ACTION_2;0				0	0	0	7;25	0.0	0.0	0.0	0.0	0.0	0.0	0.0	0
9803	Icon_Emotion_001	100	_F_EMOTION_001;135	_F_EMOTION_001;135	0	0;0;0;135		1	0	GO(0)	GO(0)			F_EMOTION_ACTION_3;0				0	0	0	7;25	0.0	0.0	0.0	0.0	0.0	0.0	0.0	0
9804	Icon_Emotion_002	100	_F_EMOTION_002;313	_F_EMOTION_002;313	0	0;0;0;313		3	0	GO(0)	GO(0)			F_EMOTION_ACTION_4;0				0	0	0	7;25	0.0	0.0	0.0	0.0	0.0	0.0	0.0	0
9805	Icon_Emotion_000	100	_F_EMOTION_000;100	_F_EMOTION_000;100	0	0;0;0;100		2	0	GO(0)	GO(0)			F_EMOTION_ACTION_5;0				0	0	0	7;25	0.0	0.0	0.0	0.0	0.0	0.0	0.0	0
9806	Icon_Emotion_006	100	_F_EMOTION_006;110	_F_EMOTION_006;110	0	0;0;0;110		5	0	GO(0)	GO(0)			F_EMOTION_ACTION_6;0				0	0	0	7;25	0.0	0.0	0.0	0.0	0.0	0.0	0.0	0
9807	Icon_Emotion_007	100	_F_EMOTION_007;111	_F_EMOTION_007;111	0	0;0;0;111		3	0	GO(0)	GO(0)			F_EMOTION_ACTION_7;0				0	0	0	7;25	0.0	0.0	0.0	0.0	0.0	0.0	0.0	0
9808	Icon_Emotion_008	100	_F_EMOTION_008;239	_F_EMOTION_008;239	0	0;0;0;239		4	0	GO(0)	GO(0)			F_EMOTION_ACTION_8;0				0	0	0	7;25	0.0	0.0	0.0	0.0	0.0	0.0	0.0	0
9809	Icon_Emotion_009	100	_F_EMOTION_009;302	_F_EMOTION_009;302	0	0;0;0;302		3	0	GO(0)	GO(0)			F_EMOTION_ACTION_9;0				0	0	0	7;25	0.0	0.0	0.0	0.0	0.0	0.0	0.0	0
9810		100	_F_EMOTION_100;54	_F_EMOTION_100;1	0	0;0;0;0		5	9810	GO(0)	GO(0)							0	0	0	7;25	0.0	0.0	0.0	0.0	0.0	0.0	0.0	0
9811		100	_F_EMOTION_101;118	_F_EMOTION_101;1	0	0;0;0;0		5	9811	GO(0)	GO(0)							0	0	0	7;25	0.0	0.0	0.0	0.0	0.0	0.0	0.0	0
9812		100	_F_EMOTION_102;89	_F_EMOTION_102;1	0	0;0;0;0		5	9812	GO(0)	GO(0)							0	0	0	7;25	0.0	0.0	0.0	0.0	0.0	0.0	0.0	0
9813		100	_F_EMOTION_103;23	_F_EMOTION_103;1	0	0;0;0;0		5	9813	GO(0)	GO(0)							0	0	0	7;25	0.0	0.0	0.0	0.0	0.0	0.0	0.0	0
9814		100	_F_EMOTION_104;148	_F_EMOTION_104;1	0	0;0;0;0		5	9814	GO(0)	GO(0)							0	0	0	7;25	0.0	0.0	0.0	0.0	0.0	0.0	0.0	0
9815		100	_F_EMOTION_105;115	_F_EMOTION_105;1	0	0;0;0;0		5	9815	GO(0)	GO(0)							0	0	0	7;25	0.0	0.0	0.0	0.0	0.0	0.0	0.0	0
9850	Icon_Emotion_003	100	_F_EMOTION_003;197	_F_EMOTION_003;197	0	0;0;0;197		1	0	GO(0)	GO(0)			M_EMOTION_ACTION_0;0				0	0	0	7;25	0.0	0.0	0.0	0.0	0.0	0.0	0.0	0
9851	Icon_Emotion_004	100	_F_EMOTION_004;105	_F_EMOTION_004;105	0	0;0;0;105		5	0	GO(0)	GO(0)			M_EMOTION_ACTION_1;0				0	0	0	7;25	0.0	0.0	0.0	0.0	0.0	0.0	0.0	0
9852	Icon_Emotion_005	100	_F_EMOTION_005;97	_F_EMOTION_005;97	0	0;0;0;97		1	0	GO(0)	GO(0)			M_EMOTION_ACTION_2;0				0	0	0	7;25	0.0	0.0	0.0	0.0	0.0	0.0	0.0	0
9853	Icon_Emotion_001	100	_F_EMOTION_001;208	_F_EMOTION_001;208	0	0;0;0;208		1	0	GO(0)	GO(0)			M_EMOTION_ACTION_3;0				0	0	0	7;25	0.0	0.0	0.0	0.0	0.0	0.0	0.0	0
9854	Icon_Emotion_002	100	_F_EMOTION_002;201	_F_EMOTION_002;201	0	0;0;0;201		3	0	GO(0)	GO(0)			M_EMOTION_ACTION_4;0				0	0	0	7;25	0.0	0.0	0.0	0.0	0.0	0.0	0.0	0
9855	Icon_Emotion_000	100	_F_EMOTION_000;127	_F_EMOTION_000;127	0	0;0;0;127		2	0	GO(0)	GO(0)			M_EMOTION_ACTION_5;0				0	0	0	7;25	0.0	0.0	0.0	0.0	0.0	0.0	0.0	0
9856	Icon_Emotion_006	100	_F_EMOTION_006;85	_F_EMOTION_006;85	0	0;0;0;85		5	0	GO(0)	GO(0)			M_EMOTION_ACTION_6;0				0	0	0	7;25	0.0	0.0	0.0	0.0	0.0	0.0	0.0	0
9857	Icon_Emotion_007	100	_F_EMOTION_007;111	_F_EMOTION_007;111	0	0;0;0;111		3	0	GO(0)	GO(0)			M_EMOTION_ACTION_7;0				0	0	0	7;25	0.0	0.0	0.0	0.0	0.0	0.0	0.0	0
9858	Icon_Emotion_008	100	_F_EMOTION_008;372	_F_EMOTION_008;372	0	0;0;0;372		4	0	GO(0)	GO(0)			M_EMOTION_ACTION_8;0				0	0	0	7;25	0.0	0.0	0.0	0.0	0.0	0.0	0.0	0
9859	Icon_Emotion_009	100	_F_EMOTION_009;255	_F_EMOTION_009;255	0	0;0;0;255		3	0	GO(0)	GO(0)			M_EMOTION_ACTION_9;0				0	0	0	7;25	0.0	0.0	0.0	0.0	0.0	0.0	0.0	0
9901		500	_F_PICK_000;52	_F_PICK_000;52	0	0;0;0;52		0	0	GO(0)	GO(0)							1	0	0	0	0.0	0.0	0.0	0.0	0.0	0.0	0.0	0
9902		2000	_F_ATTACK_000;28	_F_ATTACK_000;28	0	0;0;0;0		0	0								RANDOMAREA(9902,500,5);5\nRANDOMAREA(9902,500,1);6\nRANDOMAREA(9902,500,1);8\nRANDOMAREA(9902,500,3);15\nRANDOMAREA(9902,500,1);20\nRANDOMAREA(9902,500,10);25	1	200	0	5;6	0.0	0.0	0.0	0.0	0.0	0.0	0.0	0
9903		2000	_F_ATTACK_000;28	_F_ATTACK_000;28	0	0;0;0;0		0	0								RANDOMAREA(9902,500,1);6	1	200	0	5;6	0.0	0.0	0.0	0.0	0.0	0.0	0.0	0
9904		2000	_F_ATTACK_000;28	_F_ATTACK_000;28	0	0;0;0;0		0	0								MULTITARGET(9902,700,5);5	1	200	0	5;6	0.0	0.0	0.0	0.0	0.0	0.0	0.0	0
9905		2000	_F_ATTACK_000;28	_F_ATTACK_000;28	0	0;0;0;0		0	0								MULTITARGET(9902,700,3);5	1	200	0	5;6	0.0	0.0	0.0	0.0	0.0	0.0	0.0	0
9906		2000	_F_ATTACK_000;28	_F_ATTACK_000;28	0	0;0;0;0		0	0								MULTITARGET(9902,700,1);5\nMULTITARGET(9902,700,2);10\nMULTITARGET(9902,700,3);15\nMULTITARGET(9902,700,4);20\nMULTITARGET(9902,700,5);25	1	200	0	5;6	0.0	0.0	0.0	0.0	0.0	0.0	0.0	0
9907		1000	_F_ATTACK_000;28	_F_ATTACK_000;28	0	0;0;0;0		0	0								HATETARGET(9904,1);5\nHATETARGET(9904,2);10\nHATETARGET(9904,3);15\nHATETARGET(9904,4);20\nHATETARGET(9904,5);25	1	2000	0	2;5;6	0.0	0.0	0.0	0.0	0.0	0.0	0.0	0
9908		130	_F_SENTRY_000;15\n_F_ATTACK_000;46	_F_SENTRY_000;15\n_F_ATTACK_000;46	32	0;0;0;0		0	0	HIT(95)	STUN(35)	S_H_PHYSICS_PUNCH;0;25	-1;0;1					1	130	9999	1;5;8	1.2999999523162842	0.0	1.2999999523162842	0.0	0.0	0.0	0.0	0
9909		150	_F_SENTRY_000;15\n_F_ATTACK_001;54	_F_SENTRY_000;15\n_F_ATTACK_001;54	64	0;0;0;0		0	0	HIT(95)		S_H_PHYSICS_CLAW;0;26						1	150	0	1;5;8	1.0	0.0	1.0	0.0	0.0	0.0	0.0	0
9910		1000			0			0	0	GO(0)	GO(0)	none;9910;0						1	2000	0	13	0.0	0.0	0.0	0.0	0.0	0.0	0.0	0
9911		1000			0			0	0	GO(0)	GO(0)	none;9911;0						1	2000	0	2	0.0	0.0	0.0	0.0	0.0	0.0	0.0	0
9912		1000			0			0	0	GO(0)	GO(0)	none;9912;0						1	2000	0	13	0.0	0.0	0.0	0.0	0.0	0.0	0.0	0
9913		1000			0			0	0	GO(0)	GO(0)	none;9913;0						1	2000	0	2	0.0	0.0	0.0	0.0	0.0	0.0	0.0	0
9914		1000			0			0	0	GO(0)	GO(0)	none;9914;0						1	2000	0	13	0.0	0.0	0.0	0.0	0.0	0.0	0.0	0
9915		1000			0			0	0	GO(0)	GO(0)	none;9915;0						1	2000	0	2	0.0	0.0	0.0	0.0	0.0	0.0	0.0	0
9916		1000			0			0	0								9916;0	1	200	0	13	0.0	0.0	0.0	0.0	0.0	0.0	0.0	0
9917		1000			0			0	0	GO(0)	GO(0)	none;9917;0						1	200	0	13	0.0	0.0	0.0	0.0	0.0	0.0	0.0	0
9918		1000			0			0	0	GO(0)	GO(0)	none;9918;0						1	200	0	13	0.0	0.0	0.0	0.0	0.0	0.0	0.0	0
9919		1000			0			0	0	GO(0)	GO(0)	none;9919;0						1	200	0	13	0.0	0.0	0.0	0.0	0.0	0.0	0.0	0
9924		5000	_F_EMPOWER_000;45	_F_EMPOWER_000;45	0	0;0;0;0		0	0	GO(0)	GO(0)	none;9924;1		PS_O_EMPOWER;0				1	500	0	13	0.0	0.0	0.0	0.0	0.0	0.0	0.0	0
9925		5000	_F_EMPOWER_000;45	_F_EMPOWER_000;45	0	0;0;0;0		0	0	GO(0)	GO(0)	none;9925;1		PS_O_EMPOWER;0				1	500	0	13	0.0	0.0	0.0	0.0	0.0	0.0	0.0	0
9926		5000	_F_EMPOWER_000;45	_F_EMPOWER_000;45	0	0;0;0;0		0	0	GO(0)	GO(0)	none;9926;1		PS_O_EMPOWER;0				1	500	0	13	0.0	0.0	0.0	0.0	0.0	0.0	0.0	0
9927		5000	_F_EMPOWER_000;45	_F_EMPOWER_000;45	0	0;0;0;0		0	0	GO(0)	GO(0)	none;9927;1		PS_O_EMPOWER;0				1	500	0	13	0.0	0.0	0.0	0.0	0.0	0.0	0.0	0
9928		5000	_F_EMPOWER_000;45	_F_EMPOWER_000;45	0	0;0;0;0		0	0	GO(0)	GO(0)	none;9928;1		PS_O_EMPOWER;0				1	500	0	13	0.0	0.0	0.0	0.0	0.0	0.0	0.0	0
9929		5000	_F_EMPOWER_000;45	_F_EMPOWER_000;45	0	0;0;0;0		0	0	GO(0)	GO(0)	none;9929;1		PS_O_EMPOWER;0				1	500	0	13	0.0	0.0	0.0	0.0	0.0	0.0	0.0	0
9930		5000	_F_EMPOWER_000;45	_F_EMPOWER_000;45	0	0;0;0;0		0	0	GO(0)	GO(0)	none;9930;1		PS_O_EMPOWER;0				1	500	0	13	0.0	0.0	0.0	0.0	0.0	0.0	0.0	0
9931		5000	_F_EMPOWER_000;45	_F_EMPOWER_000;45	0	0;0;0;0		0	0	GO(0)	GO(0)	none;9931;1		PS_O_EMPOWER;0				1	500	0	13	0.0	0.0	0.0	0.0	0.0	0.0	0.0	0
9932		5000	_F_EMPOWER_000;45	_F_EMPOWER_000;45	0	0;0;0;0		0	0	GO(0)	GO(0)	none;9932;1		PS_O_EMPOWER;0				1	500	0	13	0.0	0.0	0.0	0.0	0.0	0.0	0.0	0
9933		5000	_F_EMPOWER_000;45	_F_EMPOWER_000;45	0	0;0;0;0		0	0	GO(0)	GO(0)	none;9933;1		PS_O_EMPOWER;0				1	500	0	13	0.0	0.0	0.0	0.0	0.0	0.0	0.0	0
9934		5000	_F_EMPOWER_000;45	_F_EMPOWER_000;45	0	0;0;0;0		0	0	GO(0)	GO(0)	none;9934;1		PS_O_EMPOWER;0				1	500	0	13	0.0	0.0	0.0	0.0	0.0	0.0	0.0	0
9935		5000	_F_EMPOWER_000;45	_F_EMPOWER_000;45	0	0;0;0;0		0	0	GO(0)	GO(0)	none;9935;1		PS_O_EMPOWER;0				1	500	0	13	0.0	0.0	0.0	0.0	0.0	0.0	0.0	0
9936		5000	_F_EMPOWER_000;45	_F_EMPOWER_000;45	0	0;0;0;0		0	0	GO(0)	GO(0)	none;9936;1		PS_O_EMPOWER;0				1	500	0	13	0.0	0.0	0.0	0.0	0.0	0.0	0.0	0
9937		5000	_F_EMPOWER_000;45	_F_EMPOWER_000;45	0	0;0;0;0		0	0	GO(0)	GO(0)	none;9937;1		PS_O_EMPOWER;0				1	500	0	13	0.0	0.0	0.0	0.0	0.0	0.0	0.0	0
9938		5000	_F_EMPOWER_000;45	_F_EMPOWER_000;45	0	0;0;0;0		0	0	GO(0)	GO(0)	none;9938;1		PS_O_EMPOWER;0				1	500	0	13	0.0	0.0	0.0	0.0	0.0	0.0	0.0	0
9939		5000	_F_EMPOWER_000;45	_F_EMPOWER_000;45	0	0;0;0;0		0	0	GO(0)	GO(0)	none;9939;1		PS_O_EMPOWER;0				1	500	0	13	0.0	0.0	0.0	0.0	0.0	0.0	0.0	0
9940		5000	_F_EMPOWER_000;45	_F_EMPOWER_000;45	0	0;0;0;0		0	0	GO(0)	GO(0)	none;9940;1		PS_O_EMPOWER;0				1	500	0	13	0.0	0.0	0.0	0.0	0.0	0.0	0.0	0
9941		5000	_F_EMPOWER_000;45	_F_EMPOWER_000;45	0	0;0;0;0		0	0	GO(0)	GO(0)	none;9941;1		PS_O_EMPOWER;0				1	500	0	13	0.0	0.0	0.0	0.0	0.0	0.0	0.0	0
9942		5000	_F_EMPOWER_000;45	_F_EMPOWER_000;45	0	0;0;0;0		0	0	GO(0)	GO(0)	none;9942;1		PS_O_EMPOWER;0				1	500	0	13	0.0	0.0	0.0	0.0	0.0	0.0	0.0	0
9943		5000	_F_EMPOWER_000;45	_F_EMPOWER_000;45	0	0;0;0;0		0	0	GO(0)	GO(0)	none;9943;1		PS_O_EMPOWER;0				1	500	0	13	0.0	0.0	0.0	0.0	0.0	0.0	0.0	0
9944		5000	_F_EMPOWER_000;45	_F_EMPOWER_000;45	0	0;0;0;0		0	0	GO(0)	GO(0)	none;9944;1		PS_O_EMPOWER;0				1	500	0	13	0.0	0.0	0.0	0.0	0.0	0.0	0.0	0
9945		5000	_F_EMPOWER_000;45	_F_EMPOWER_000;45	0	0;0;0;0		0	0	GO(0)	GO(0)	none;9945;1		PS_O_EMPOWER;0				1	500	0	13	0.0	0.0	0.0	0.0	0.0	0.0	0.0	0
9946		5000	_F_EMPOWER_000;45	_F_EMPOWER_000;45	0	0;0;0;0		0	0	GO(0)	GO(0)	none;9946;1		PS_O_EMPOWER;0				1	500	0	13	0.0	0.0	0.0	0.0	0.0	0.0	0.0	0
9947		5000	_F_EMPOWER_000;45	_F_EMPOWER_000;45	0	0;0;0;0		0	0	GO(0)	GO(0)	none;9947;1		PS_O_EMPOWER;0				1	500	0	13	0.0	0.0	0.0	0.0	0.0	0.0	0.0	0
9948		5000	_F_EMPOWER_000;45	_F_EMPOWER_000;45	0	0;0;0;0		0	0	GO(0)	GO(0)	none;9948;1		PS_O_EMPOWER;0				1	500	0	13	0.0	0.0	0.0	0.0	0.0	0.0	0.0	0
9949		5000	_F_EMPOWER_000;45	_F_EMPOWER_000;45	0	0;0;0;0		0	0	GO(0)	GO(0)	none;9949;1		PS_O_EMPOWER;0				1	500	0	13	0.0	0.0	0.0	0.0	0.0	0.0	0.0	0
9950		5000	_F_EMPOWER_000;45	_F_EMPOWER_000;45	0	0;0;0;0		0	0	GO(0)	GO(0)	none;9950;1		PS_O_EMPOWER;0				1	500	0	13	0.0	0.0	0.0	0.0	0.0	0.0	0.0	0
9951		5000	_F_EMPOWER_000;45	_F_EMPOWER_000;45	0	0;0;0;0		0	0	GO(0)	GO(0)	none;9951;1		PS_O_EMPOWER;0				1	500	0	13	0.0	0.0	0.0	0.0	0.0	0.0	0.0	0
9952		5000	_F_EMPOWER_000;45	_F_EMPOWER_000;45	0	0;0;0;0		0	0	GO(0)	GO(0)	none;9952;1		PS_O_EMPOWER;0				1	500	0	13	0.0	0.0	0.0	0.0	0.0	0.0	0.0	0
9953		5000	_F_EMPOWER_000;45	_F_EMPOWER_000;45	0	0;0;0;0		0	0	GO(0)	GO(0)	none;9953;1		PS_O_EMPOWER;0				1	500	0	13	0.0	0.0	0.0	0.0	0.0	0.0	0.0	0
9954		5000			0			0	0	GO(0)	GO(0)	S_H_FLAME;0;0						1	5000	0	1;5;30	0.0	0.0	0.0	0.0	0.0	0.0	10.0	0
9995		5000			0			0	0	GO(0)	GO(0)	S_H_FLAME;0;0						1	5000	0	1;5;30	0.0	0.0	0.0	0.0	0.0	0.0	10.0	0
9996		2500	_F_ATTACK_028;45	_F_ATTACK_028;45	0	0;0;0;0		0	0					PS_O_GRIP_OF_ANCIEN;0				1	0	0	13;27;35	0.0	0.0	0.0	0.0	0.0	0.0	0.0	0
9997		3000	_F_ATTACK_003;27	_F_ATTACK_003;27	0	0;0;0;0		0	0					PS_O_SUMMON_RIDE;0			9997;17	0	1	0	13	0.0	0.0	0.0	0.0	0.0	0.0	0.0	0
9998		2500			0	0;0;0;0		0	0					PS_O_GRIP_OF_ANCIEN;0			9999;0	1	0	0	13;27	0.0	0.0	0.0	0.0	0.0	0.0	0.0	0
9999		2500	_F_ATTACK_028;45	_F_ATTACK_028;45	0	0;0;0;0		0	0					PS_O_GRIP_OF_ANCIEN;0				1	0	0	13;27;35	0.0	0.0	0.0	0.0	0.0	0.0	0.0	0
10000		500			0			0	0								10000;0	0	90	0	13;39	0.0	0.0	0.0	0.0	0.0	0.0	0.0	0
10001		500			0			0	0								10001;0	0	90	0	13;39	0.0	0.0	0.0	0.0	0.0	0.0	0.0	0
10002		500			0			0	0								10002;0	0	90	0	13;39	0.0	0.0	0.0	0.0	0.0	0.0	0.0	0
10003		500			0			0	0								10003;0	0	90	0	13;39	0.0	0.0	0.0	0.0	0.0	0.0	0.0	0
10004		500			0			0	0								10004;0	0	90	0	13;39	0.0	0.0	0.0	0.0	0.0	0.0	0.0	0
10005		500			0			0	0								10005;0	0	90	0	13;39	0.0	0.0	0.0	0.0	0.0	0.0	0.0	0
10006		500			0			0	0								10006;0	0	90	0	13;39	0.0	0.0	0.0	0.0	0.0	0.0	0.0	0
10007		500			0			0	0								10007;0	0	90	0	13;39	0.0	0.0	0.0	0.0	0.0	0.0	0.0	0
10008		500			0			0	0								10008;0	0	90	0	13;39	0.0	0.0	0.0	0.0	0.0	0.0	0.0	0
10009		500			0			0	0								10009;0	0	90	0	13;39	0.0	0.0	0.0	0.0	0.0	0.0	0.0	0
10010		500			0			0	0								10010;0	0	90	0	13;39	0.0	0.0	0.0	0.0	0.0	0.0	0.0	0
10011		500			0			0	0								10011;0	0	90	0	13;39	0.0	0.0	0.0	0.0	0.0	0.0	0.0	0
10012		500			0			0	0								10012;0	0	90	0	13;39	0.0	0.0	0.0	0.0	0.0	0.0	0.0	0
10013		500			0			0	0								10013;0	0	90	0	13;39	0.0	0.0	0.0	0.0	0.0	0.0	0.0	0
10014		500			0			0	0								10014;0	0	90	0	13;39	0.0	0.0	0.0	0.0	0.0	0.0	0.0	0
10015		500			0			0	0								10015;0	0	90	0	13;39	0.0	0.0	0.0	0.0	0.0	0.0	0.0	0
10020		500	_F_RESCURE_000;40\n_F_RESCURE_000;80\n_F_RESCURE_000;120\n_F_RESCURE_000;160\n_F_RESCURE_000;200\n_F_RESCURE_000;240\n_F_RESCURE_000;280\n_F_RESCURE_000;320\n_F_RESCURE_000;360\n_F_RESCURE_000;400\n_F_RESCURE_000;440\n_F_RESCURE_000;480\n_F_RESCURE_000;520\n_F_RESCURE_000;560\n_F_RESCURE_000;600	_F_RESCURE_000;40\n_F_RESCURE_000;80\n_F_RESCURE_000;120\n_F_RESCURE_000;160\n_F_RESCURE_000;200\n_F_RESCURE_000;240\n_F_RESCURE_000;280\n_F_RESCURE_000;320\n_F_RESCURE_000;360\n_F_RESCURE_000;400\n_F_RESCURE_000;440\n_F_RESCURE_000;480\n_F_RESCURE_000;520\n_F_RESCURE_000;560\n_F_RESCURE_000;600	0	0;0;0;0		0	0	GO(0)	GO(0)	none;8077;0\nnone;8077;50\nnone;8077;100\nnone;8077;150\nnone;8077;200\nnone;8077;250\nnone;8077;300\nnone;8077;350\nnone;8077;400\nnone;8077;450\nnone;8077;500\nnone;8077;540					10020;30\n10020;60\n10020;90\n10020;120\n10020;150\n10020;180\n10020;210\n10020;240\n10020;270\n10020;300\n10020;330\n10020;360\n10020;390\n10020;420\n10020;450\n10020;480\n10020;510\n10020;540\n10020;570\n10020;600	0	90	0	7;13;27;28;29	0.0	0.0	0.0	0.0	0.0	0.0	0.0	0
10021		500	_F_RESCURE_000;40\n_F_RESCURE_000;80\n_F_RESCURE_000;120\n_F_RESCURE_000;160\n_F_RESCURE_000;200\n_F_RESCURE_000;240\n_F_RESCURE_000;280\n_F_RESCURE_000;320\n_F_RESCURE_000;360\n_F_RESCURE_000;400\n_F_RESCURE_000;440\n_F_RESCURE_000;480\n_F_RESCURE_000;520\n_F_RESCURE_000;560\n_F_RESCURE_000;600	_F_RESCURE_000;40\n_F_RESCURE_000;80\n_F_RESCURE_000;120\n_F_RESCURE_000;160\n_F_RESCURE_000;200\n_F_RESCURE_000;240\n_F_RESCURE_000;280\n_F_RESCURE_000;320\n_F_RESCURE_000;360\n_F_RESCURE_000;400\n_F_RESCURE_000;440\n_F_RESCURE_000;480\n_F_RESCURE_000;520\n_F_RESCURE_000;560\n_F_RESCURE_000;600	0	0;0;0;0		0	0	GO(0)	GO(0)	none;8077;0\nnone;8077;50\nnone;8077;100\nnone;8077;150\nnone;8077;200\nnone;8077;250\nnone;8077;300\nnone;8077;350\nnone;8077;400\nnone;8077;450\nnone;8077;500\nnone;8077;540					10021;30\n10021;60\n10021;90\n10021;120\n10021;150\n10021;180\n10021;210\n10021;240\n10021;270\n10021;300\n10021;330\n10021;360\n10021;390\n10021;420\n10021;450\n10021;480\n10021;510\n10021;540\n10021;570\n10021;600	0	90	0	7;13;27;28;29	0.0	0.0	0.0	0.0	0.0	0.0	0.0	0
10022		500	_F_RESCURE_000;40\n_F_RESCURE_000;80\n_F_RESCURE_000;120\n_F_RESCURE_000;160\n_F_RESCURE_000;200\n_F_RESCURE_000;240\n_F_RESCURE_000;280\n_F_RESCURE_000;320\n_F_RESCURE_000;360\n_F_RESCURE_000;400\n_F_RESCURE_000;440\n_F_RESCURE_000;480\n_F_RESCURE_000;520\n_F_RESCURE_000;560\n_F_RESCURE_000;600	_F_RESCURE_000;40\n_F_RESCURE_000;80\n_F_RESCURE_000;120\n_F_RESCURE_000;160\n_F_RESCURE_000;200\n_F_RESCURE_000;240\n_F_RESCURE_000;280\n_F_RESCURE_000;320\n_F_RESCURE_000;360\n_F_RESCURE_000;400\n_F_RESCURE_000;440\n_F_RESCURE_000;480\n_F_RESCURE_000;520\n_F_RESCURE_000;560\n_F_RESCURE_000;600	0	0;0;0;0		0	0	GO(0)	GO(0)	none;8077;0\nnone;8077;50\nnone;8077;100\nnone;8077;150\nnone;8077;200\nnone;8077;250\nnone;8077;300\nnone;8077;350\nnone;8077;400\nnone;8077;450\nnone;8077;500\nnone;8077;540					10022;30\n10022;60\n10022;90\n10022;120\n10022;150\n10022;180\n10022;210\n10022;240\n10022;270\n10022;300\n10022;330\n10022;360\n10022;390\n10022;420\n10022;450\n10022;480\n10022;510\n10022;540\n10022;570\n10022;600	0	90	0	7;13;27;28;29	0.0	0.0	0.0	0.0	0.0	0.0	0.0	0
10023		500	_F_RESCURE_000;40\n_F_RESCURE_000;80\n_F_RESCURE_000;120\n_F_RESCURE_000;160\n_F_RESCURE_000;200\n_F_RESCURE_000;240\n_F_RESCURE_000;280\n_F_RESCURE_000;320\n_F_RESCURE_000;360\n_F_RESCURE_000;400\n_F_RESCURE_000;440\n_F_RESCURE_000;480\n_F_RESCURE_000;520\n_F_RESCURE_000;560\n_F_RESCURE_000;600	_F_RESCURE_000;40\n_F_RESCURE_000;80\n_F_RESCURE_000;120\n_F_RESCURE_000;160\n_F_RESCURE_000;200\n_F_RESCURE_000;240\n_F_RESCURE_000;280\n_F_RESCURE_000;320\n_F_RESCURE_000;360\n_F_RESCURE_000;400\n_F_RESCURE_000;440\n_F_RESCURE_000;480\n_F_RESCURE_000;520\n_F_RESCURE_000;560\n_F_RESCURE_000;600	0	0;0;0;0		0	0	GO(0)	GO(0)	none;8077;0\nnone;8077;50\nnone;8077;100\nnone;8077;150\nnone;8077;200\nnone;8077;250\nnone;8077;300\nnone;8077;350\nnone;8077;400\nnone;8077;450\nnone;8077;500\nnone;8077;540					10023;30\n10023;60\n10023;90\n10023;120\n10023;150\n10023;180\n10023;210\n10023;240\n10023;270\n10023;300\n10023;330\n10023;360\n10023;390\n10023;420\n10023;450\n10023;480\n10023;510\n10023;540\n10023;570\n10023;600	0	90	0	7;13;27;28;29	0.0	0.0	0.0	0.0	0.0	0.0	0.0	0
10024		500	_F_RESCURE_000;40\n_F_RESCURE_000;80\n_F_RESCURE_000;120\n_F_RESCURE_000;160\n_F_RESCURE_000;200\n_F_RESCURE_000;240\n_F_RESCURE_000;280\n_F_RESCURE_000;320\n_F_RESCURE_000;360\n_F_RESCURE_000;400\n_F_RESCURE_000;440\n_F_RESCURE_000;480\n_F_RESCURE_000;520\n_F_RESCURE_000;560\n_F_RESCURE_000;600	_F_RESCURE_000;40\n_F_RESCURE_000;80\n_F_RESCURE_000;120\n_F_RESCURE_000;160\n_F_RESCURE_000;200\n_F_RESCURE_000;240\n_F_RESCURE_000;280\n_F_RESCURE_000;320\n_F_RESCURE_000;360\n_F_RESCURE_000;400\n_F_RESCURE_000;440\n_F_RESCURE_000;480\n_F_RESCURE_000;520\n_F_RESCURE_000;560\n_F_RESCURE_000;600	0	0;0;0;0		0	0	GO(0)	GO(0)	none;8077;0\nnone;8077;50\nnone;8077;100\nnone;8077;150\nnone;8077;200\nnone;8077;250\nnone;8077;300\nnone;8077;350\nnone;8077;400\nnone;8077;450\nnone;8077;500\nnone;8077;540					10024;30\n10024;60\n10024;90\n10024;120\n10024;150\n10024;180\n10024;210\n10024;240\n10024;270\n10024;300\n10024;330\n10024;360\n10024;390\n10024;420\n10024;450\n10024;480\n10024;510\n10024;540\n10024;570\n10024;600	0	90	0	7;13;27;28;29	0.0	0.0	0.0	0.0	0.0	0.0	0.0	0
10025		500	_F_RESCURE_000;40\n_F_RESCURE_000;80\n_F_RESCURE_000;120\n_F_RESCURE_000;160\n_F_RESCURE_000;200\n_F_RESCURE_000;240\n_F_RESCURE_000;280\n_F_RESCURE_000;320\n_F_RESCURE_000;360\n_F_RESCURE_000;400\n_F_RESCURE_000;440\n_F_RESCURE_000;480\n_F_RESCURE_000;520\n_F_RESCURE_000;560\n_F_RESCURE_000;600	_F_RESCURE_000;40\n_F_RESCURE_000;80\n_F_RESCURE_000;120\n_F_RESCURE_000;160\n_F_RESCURE_000;200\n_F_RESCURE_000;240\n_F_RESCURE_000;280\n_F_RESCURE_000;320\n_F_RESCURE_000;360\n_F_RESCURE_000;400\n_F_RESCURE_000;440\n_F_RESCURE_000;480\n_F_RESCURE_000;520\n_F_RESCURE_000;560\n_F_RESCURE_000;600	0	0;0;0;0		0	0	GO(0)	GO(0)	none;8077;0\nnone;8077;50\nnone;8077;100\nnone;8077;150\nnone;8077;200\nnone;8077;250\nnone;8077;300\nnone;8077;350\nnone;8077;400\nnone;8077;450\nnone;8077;500\nnone;8077;540					10025;30\n10025;60\n10025;90\n10025;120\n10025;150\n10025;180\n10025;210\n10025;240\n10025;270\n10025;300\n10025;330\n10025;360\n10025;390\n10025;420\n10025;450\n10025;480\n10025;510\n10025;540\n10025;570\n10025;600	0	90	0	7;13;27;28;29	0.0	0.0	0.0	0.0	0.0	0.0	0.0	0
10026		500	_F_RESCURE_000;40\n_F_RESCURE_000;80\n_F_RESCURE_000;120\n_F_RESCURE_000;160\n_F_RESCURE_000;200\n_F_RESCURE_000;240\n_F_RESCURE_000;280\n_F_RESCURE_000;320\n_F_RESCURE_000;360\n_F_RESCURE_000;400\n_F_RESCURE_000;440\n_F_RESCURE_000;480\n_F_RESCURE_000;520\n_F_RESCURE_000;560\n_F_RESCURE_000;600	_F_RESCURE_000;40\n_F_RESCURE_000;80\n_F_RESCURE_000;120\n_F_RESCURE_000;160\n_F_RESCURE_000;200\n_F_RESCURE_000;240\n_F_RESCURE_000;280\n_F_RESCURE_000;320\n_F_RESCURE_000;360\n_F_RESCURE_000;400\n_F_RESCURE_000;440\n_F_RESCURE_000;480\n_F_RESCURE_000;520\n_F_RESCURE_000;560\n_F_RESCURE_000;600	0	0;0;0;0		0	0	GO(0)	GO(0)	none;8077;0\nnone;8077;50\nnone;8077;100\nnone;8077;150\nnone;8077;200\nnone;8077;250\nnone;8077;300\nnone;8077;350\nnone;8077;400\nnone;8077;450\nnone;8077;500\nnone;8077;540					10026;30\n10026;60\n10026;90\n10026;120\n10026;150\n10026;180\n10026;210\n10026;240\n10026;270\n10026;300\n10026;330\n10026;360\n10026;390\n10026;420\n10026;450\n10026;480\n10026;510\n10026;540\n10026;570\n10026;600	0	90	0	7;13;27;28;29	0.0	0.0	0.0	0.0	0.0	0.0	0.0	0
10027		500	_F_RESCURE_000;40\n_F_RESCURE_000;80\n_F_RESCURE_000;120\n_F_RESCURE_000;160\n_F_RESCURE_000;200\n_F_RESCURE_000;240\n_F_RESCURE_000;280\n_F_RESCURE_000;320\n_F_RESCURE_000;360\n_F_RESCURE_000;400\n_F_RESCURE_000;440\n_F_RESCURE_000;480\n_F_RESCURE_000;520\n_F_RESCURE_000;560\n_F_RESCURE_000;600	_F_RESCURE_000;40\n_F_RESCURE_000;80\n_F_RESCURE_000;120\n_F_RESCURE_000;160\n_F_RESCURE_000;200\n_F_RESCURE_000;240\n_F_RESCURE_000;280\n_F_RESCURE_000;320\n_F_RESCURE_000;360\n_F_RESCURE_000;400\n_F_RESCURE_000;440\n_F_RESCURE_000;480\n_F_RESCURE_000;520\n_F_RESCURE_000;560\n_F_RESCURE_000;600	0	0;0;0;0		0	0	GO(0)	GO(0)	none;8077;0\nnone;8077;50\nnone;8077;100\nnone;8077;150\nnone;8077;200\nnone;8077;250\nnone;8077;300\nnone;8077;350\nnone;8077;400\nnone;8077;450\nnone;8077;500\nnone;8077;540					10027;30\n10027;60\n10027;90\n10027;120\n10027;150\n10027;180\n10027;210\n10027;240\n10027;270\n10027;300\n10027;330\n10027;360\n10027;390\n10027;420\n10027;450\n10027;480\n10027;510\n10027;540\n10027;570\n10027;600	0	90	0	7;13;27;28;29	0.0	0.0	0.0	0.0	0.0	0.0	0.0	0
10028		500	_F_RESCURE_000;40\n_F_RESCURE_000;80\n_F_RESCURE_000;120\n_F_RESCURE_000;160\n_F_RESCURE_000;200\n_F_RESCURE_000;240\n_F_RESCURE_000;280\n_F_RESCURE_000;320\n_F_RESCURE_000;360\n_F_RESCURE_000;400\n_F_RESCURE_000;440\n_F_RESCURE_000;480\n_F_RESCURE_000;520\n_F_RESCURE_000;560\n_F_RESCURE_000;600	_F_RESCURE_000;40\n_F_RESCURE_000;80\n_F_RESCURE_000;120\n_F_RESCURE_000;160\n_F_RESCURE_000;200\n_F_RESCURE_000;240\n_F_RESCURE_000;280\n_F_RESCURE_000;320\n_F_RESCURE_000;360\n_F_RESCURE_000;400\n_F_RESCURE_000;440\n_F_RESCURE_000;480\n_F_RESCURE_000;520\n_F_RESCURE_000;560\n_F_RESCURE_000;600	0	0;0;0;0		0	0	GO(0)	GO(0)	none;8077;0\nnone;8077;50\nnone;8077;100\nnone;8077;150\nnone;8077;200\nnone;8077;250\nnone;8077;300\nnone;8077;350\nnone;8077;400\nnone;8077;450\nnone;8077;500\nnone;8077;540					10028;30\n10028;60\n10028;90\n10028;120\n10028;150\n10028;180\n10028;210\n10028;240\n10028;270\n10028;300\n10028;330\n10028;360\n10028;390\n10028;420\n10028;450\n10028;480\n10028;510\n10028;540\n10028;570\n10028;600	0	90	0	7;13;27;28;29	0.0	0.0	0.0	0.0	0.0	0.0	0.0	0
10029		500	_F_RESCURE_000;40\n_F_RESCURE_000;80\n_F_RESCURE_000;120\n_F_RESCURE_000;160\n_F_RESCURE_000;200\n_F_RESCURE_000;240\n_F_RESCURE_000;280\n_F_RESCURE_000;320\n_F_RESCURE_000;360\n_F_RESCURE_000;400\n_F_RESCURE_000;440\n_F_RESCURE_000;480\n_F_RESCURE_000;520\n_F_RESCURE_000;560\n_F_RESCURE_000;600	_F_RESCURE_000;40\n_F_RESCURE_000;80\n_F_RESCURE_000;120\n_F_RESCURE_000;160\n_F_RESCURE_000;200\n_F_RESCURE_000;240\n_F_RESCURE_000;280\n_F_RESCURE_000;320\n_F_RESCURE_000;360\n_F_RESCURE_000;400\n_F_RESCURE_000;440\n_F_RESCURE_000;480\n_F_RESCURE_000;520\n_F_RESCURE_000;560\n_F_RESCURE_000;600	0	0;0;0;0		0	0	GO(0)	GO(0)	none;8077;0\nnone;8077;50\nnone;8077;100\nnone;8077;150\nnone;8077;200\nnone;8077;250\nnone;8077;300\nnone;8077;350\nnone;8077;400\nnone;8077;450\nnone;8077;500\nnone;8077;540					10029;30\n10029;60\n10029;90\n10029;120\n10029;150\n10029;180\n10029;210\n10029;240\n10029;270\n10029;300\n10029;330\n10029;360\n10029;390\n10029;420\n10029;450\n10029;480\n10029;510\n10029;540\n10029;570\n10029;600	0	90	0	7;13;27;28;29	0.0	0.0	0.0	0.0	0.0	0.0	0.0	0
11068		2000	_F_ATTACK_009;35\n_F_JUMPB_001;56	_F_ATTACK_009;35\n_F_JUMPB_001;56	0	0;0;0;35\n-100;0;0;56		0	0	GO(0)	GO(0)			PS_O_FIREARM_F009;0				0	0	0	16	0.0	0.0	0.0	0.0	0.0	0.0	0.0	0
11069		2000	_F_JUMP_002;25\n_F_JUMP_000;42\n_F_ATTACK_016;69	_F_JUMP_002;25\n_F_JUMP_000;42\n_F_ATTACK_016;69	0	ARCEDGE;-0.9;0;0;42		0	0	GO(0)	GO(0)			PS_O_FIREARM_F016;42				0	0	0	16	0.0	0.0	0.0	0.0	0.0	0.0	0.0	0
20001		400	_F_SENTRY_000;15\n_F_ATTACK_000;46	_F_SENTRY_000;15\n_F_ATTACK_000;46	0			0	0	GO(0)	GO(0)	S_H_M100_BOSS_NORMAL_SLASH;0;28		S_O_M100_BOSS_NORMAL_SLASH;15				1	600	0	2;5;8	0.10000000149011612	0.0	1.0	0.0	0.0	0.0	0.0	0
20002		300	_F_SENTRY_000;15\n_F_ATTACK_001;70	_F_SENTRY_000;15\n_F_ATTACK_001;70	0			0	0	GO(0)	GO(0)	S_H_M100_BOSS_SKULL_BITE;502;51	-75;300;5	S_O_M100_BOSS_SKULL_BITE;15				1	600	0	1;5;8	0.10000000149011612	0.0	1.0	0.0	0.0	0.0	0.0	0
20003		300	_F_ATTACK_002;40\n_F_SENTRY_001;79\n_F_SENTRY_001;118\n_F_SENTRY_001;157\n_F_SENTRY_001;196\n_F_SENTRY_001;220\n_F_ATTACK_003;269	_F_ATTACK_002;40\n_F_SENTRY_001;79\n_F_SENTRY_001;118\n_F_SENTRY_001;157\n_F_SENTRY_001;196\n_F_SENTRY_001;220\n_F_ATTACK_003;269	0			0	0					S_O_M100_BOSS_EVIL_WAVE;0			20001;35	1	600	0	1;5	0.10000000149011612	0.0	1.0	0.0	0.0	0.0	0.0	0
20004		1500	_F_SENTRY_000;15\n_F_ATTACK_004;137	_F_SENTRY_000;15\n_F_ATTACK_004;137	0	0;0;0;28\n1200;0;0;98		0	0					S_O_M100_BOSS_DEATH_SWIRL;15				1	600	0	1;5	0.10000000149011612	0.0	1.0	0.0	0.0	0.0	0.0	0
20005		1500	_F_SENTRY_000;15\n_F_ATTACK_004;137	_F_SENTRY_000;15\n_F_ATTACK_004;137	0	0;0;0;28\n1200;0;0;98		0	0					S_O_M100_BOSS_DEATH_STORM;15				1	600	0	1;5	0.10000000149011612	0.0	1.0	0.0	0.0	0.0	0.0	0
20006		1500	_F_ATTACK_002;40\n_F_SENTRY_001;79\n_F_SENTRY_001;118	_F_ATTACK_002;40\n_F_SENTRY_001;79\n_F_SENTRY_001;118	0			0	0	GO(0)	GO(0)	none;3083;0\nnone;3084;110		S_O_M100_BOSS_DEATH_CURSE;0				1	600	0	1;13	0.10000000149011612	0.0	1.0	0.0	0.0	0.0	0.0	0
20007		1500	_F_ATTACK_003;49\n_F_ATTACK_001;104	_F_ATTACK_003;49\n_F_ATTACK_001;104	0	0;0;0;56\n-200;0;0;73		0	0	GO(0)	GO(0)	S_H_M100_BOSS_SKULL_BITE;0;87	-400;100;5	S_O_M100_BOSS_SKULL_BITE_RED;0			20021;0\n20022;5	1	600	0	2;5	1.0	0.0	1.0	0.0	500.0	0.0	0.0	0
20008		50			0			0	0									1	0	0	1;5	0.0	0.0	0.0	0.0	0.0	0.0	0.0	0
20020		150	_F_SENTRY_000;15\n_F_ATTACK_000;54	_F_SENTRY_000;15\n_F_ATTACK_000;54	0			0	0	HIT(95)		S_H_PHYSICS_CLAW;0;30		S_O_M101_WIPE;15				1	200	0	1;5;8	1.0	0.0	1.0	0.0	0.0	0.0	0.0	0
20021		150	_F_SENTRY_000;15\n_F_ATTACK_001;54	_F_SENTRY_000;15\n_F_ATTACK_001;54	0			0	0	HIT(95)	STUN(45)	S_H_PHYSICS_PUNCH;0;30	-50;20;5	S_O_M101_TAIL_WIPE;15			4980;0	1	250	0	1;5;8	1.399999976158142	0.0	1.399999976158142	0.0	0.0	0.0	0.0	0
20022		300	_F_SENTRY_000;15\n_F_ATTACK_002;60	_F_SENTRY_000;15\n_F_ATTACK_002;60	0			0	0					S_O_M101_SPIT_BUBBLE;15			4981;0\n20030;42\n20030;47	1	0	0	1;5	0.0	0.0	0.0	0.0	0.0	0.0	0.0	0
20023		300	_F_SENTRY_000;15\n_F_ATTACK_002;60	_F_SENTRY_000;15\n_F_ATTACK_002;60	0			0	0					S_O_M101_SPIT_FIRE;15			4981;0\n20031;42\n20031;47	1	0	0	1;5	0.0	0.0	0.0	0.0	0.0	0.0	0.0	0
20024		300	_F_SENTRY_000;15\n_F_ATTACK_002;60	_F_SENTRY_000;15\n_F_ATTACK_002;60	0			0	0					S_O_M101_SPIT_ICE;15			4981;0\n20032;42\n20032;47	1	0	0	1;5	0.0	0.0	0.0	0.0	0.0	0.0	0.0	0
20025		300	_F_SENTRY_000;15\n_F_ATTACK_002;60	_F_SENTRY_000;15\n_F_ATTACK_002;60	0			0	0					S_O_M101_SPIT_POISON;15			4981;0\n20033;42\n20033;47	1	0	0	1;5	0.0	0.0	0.0	0.0	0.0	0.0	0.0	0
20026		300	_F_ATTACK_003;120	_F_ATTACK_003;120	0			0	0					S_O_M101_SPREAD_BUBBLE;0			4982;0\n20034;75\n20034;85\n20034;95	1	0	0	1;5	0.0	0.0	0.0	0.0	0.0	0.0	0.0	0
20027		300	_F_ATTACK_003;120	_F_ATTACK_003;120	0			0	0					S_O_M101_SPREAD_FIRE;0			4982;0\n20035;75\n20035;85\n20035;95	1	0	0	1;5	0.0	0.0	0.0	0.0	0.0	0.0	0.0	0
20028		300	_F_ATTACK_003;120	_F_ATTACK_003;120	0			0	0					S_O_M101_SPREAD_ICE;0			4982;0\n20036;75\n20036;85\n20036;95	1	0	0	1;5	0.0	0.0	0.0	0.0	0.0	0.0	0.0	0
20029		300	_F_ATTACK_003;120	_F_ATTACK_003;120	0			0	0					S_O_M101_SPREAD_POISON;0			4982;0\n20037;75\n20037;85\n20037;95	1	0	0	1;5	0.0	0.0	0.0	0.0	0.0	0.0	0.0	0
20040		150	_F_SENTRY_000;15\n_F_ATTACK_000;57	_F_SENTRY_000;15\n_F_ATTACK_000;57	0			0	0	HIT(95)		S_H_PHYSICS_CLAW;0;35		S_O_M102_CLAW_SLASH;15				1	200	0	1;5;8	1.2000000476837158	0.0	1.2000000476837158	0.0	0.0	0.0	0.0	0
20041		1500	_F_ATTACK_001;108	_F_ATTACK_001;108	0	0;0;0;21\n50;0;0;36\n1250;0;0;60\n1400;0;0;70\n1500;0;0;85		0	0					S_O_M102_ROLLING;0			4980;0\n20038;21	1	0	0	1;5	0.0	0.0	0.0	0.0	0.0	0.0	0.0	0
20042		1500	_F_ATTACK_001;108	_F_ATTACK_001;108	0	0;0;0;21\n50;0;0;36\n1250;0;0;60\n1400;0;0;70\n1500;0;0;85		0	0					S_O_M102_ROLLING_POISON;0			4980;0\n20040;21\n20064;37\n20064;41\n20064;45\n20064;49\n20064;53\n20064;57\n20064;61	1	0	0	1;5	0.0	0.0	0.0	0.0	0.0	0.0	0.0	0
20043		2000	_F_ATTACK_002;25\n_F_FORWARD_001;55	_F_ATTACK_002;25\n_F_FORWARD_001;55	0			0	0					S_O_M102_DIGGING;0			20042;0\n4981;1\n20043;20	1	200	0	1;5	0.0	0.0	0.0	0.0	0.0	0.0	0.0	0
20044		0	_F_FORWARD_001;25\n_F_ATTACK_003;48	_F_FORWARD_001;25\n_F_ATTACK_003;48	0			0	0					S_O_M102_DIGOUT;25			20045;0\n20046;25	1	200	0	1;5	0.0	0.0	0.0	0.0	0.0	0.0	0.0	0
20060		500	_F_SENTRY_000;15\n_F_ATTACK_000;60	_F_SENTRY_000;15\n_F_ATTACK_000;60	0	0;0;0;22\nARCEDGE;-1;0;0;13		0	0	HIT(95)		S_H_LIGHTENING_S;0;35		S_O_M103_JUMP_ATK;15				1	250	0	1;5;8	1.2000000476837158	0.0	1.2000000476837158	0.0	0.0	0.0	0.0	0
20061		500	_F_SENTRY_000;15\n_F_ATTACK_000;60	_F_SENTRY_000;15\n_F_ATTACK_000;60	0	0;0;0;22\nARCEDGE;-1;0;0;13		0	0	HIT(95)		S_H_LIGHTENING_PINK;0;35		S_O_M103_JUMP_ATK_PINK;15				1	250	0	1;5;8	1.2000000476837158	0.0	1.2000000476837158	0.0	0.0	0.0	0.0	0
20062		500	_F_SENTRY_000;15\n_F_ATTACK_001;55	_F_SENTRY_000;15\n_F_ATTACK_001;55	0			0	0					S_O_M103_LIGHTENING_WAVE;15			20048;31	1	250	0	1;5	0.0	0.0	0.0	0.0	0.0	0.0	0.0	0
20063		500	_F_SENTRY_000;15\n_F_ATTACK_001;55	_F_SENTRY_000;15\n_F_ATTACK_001;55	0			0	0					S_O_M103_LIGHTENING_WAVE_PINK;15			20050;31	1	250	0	1;5	0.0	0.0	0.0	0.0	0.0	0.0	0.0	0
20064		500	_F_ATTACK_002;95	_F_ATTACK_002;95	0			0	0					S_O_M103_STATIC_FIELD;0			4981;0\n20052;68	1	250	0	1;5	0.0	0.0	0.0	0.0	0.0	0.0	0.0	0
20065		500	_F_ATTACK_002;95	_F_ATTACK_002;95	0			0	0					S_O_M103_STATIC_FIELD_PINK;0			4981;0\n20056;68	1	250	0	1;5	0.0	0.0	0.0	0.0	0.0	0.0	0.0	0
20066		1000	_F_ATTACK_003;105	_F_ATTACK_003;105	0			0	0					S_O_M103_THUNDER_BALL;0			4982;0\n20060;76\n20061;81	1	250	0	1;5	0.0	0.0	0.0	0.0	0.0	0.0	0.0	0
20067		1000	_F_ATTACK_003;105	_F_ATTACK_003;105	0			0	0					S_O_M103_THUNDER_BALL_PINK;0			4982;0\n20062;76\n20063;81	1	250	0	1;5	0.0	0.0	0.0	0.0	0.0	0.0	0.0	0
20080		200	_F_SENTRY_000;15\n_F_ATTACK_000;54	_F_SENTRY_000;15\n_F_ATTACK_000;54	0			0	0	HIT(95)		S_H_PHYSICS_SWORD;0;31		S_O_M104_NORMAL_SLASH;15				1	300	0	1;5;8	1.2999999523162842	0.0	1.2999999523162842	0.0	0.0	0.0	0.0	0
20081		300	_F_ATTACK_002;60	_F_ATTACK_002;60	0			0	0	HIT(95)	STUN(75)	S_H_PHYSICS_SWORD;502;43		S_O_M104_DOWN_SLASH;0		CAMERASHOCK(C_SKILL01);0	4986;0	6	400	0	3;5;6;8	2.5	0.0	2.5	0.0	0.0	0.0	0.0	0
20082		2000	_F_ATTACK_001;45	_F_ATTACK_001;45	0			0	0					S_O_M104_FLAME_EXPLOSION;0			4982;0\n20066;27	1	0	0	1;5;6	0.0	0.0	0.0	0.0	0.0	0.0	0.0	0
20083		2000	_F_ATTACK_001;45	_F_ATTACK_001;45	0			0	0					S_O_M104_FLAME_EXPLOSION_RED;0			4982;0\n20069;27	1	0	0	1;5;6	0.0	0.0	0.0	0.0	0.0	0.0	0.0	0
20084		2000	_F_ATTACK_001;45	_F_ATTACK_001;45	0			0	0					S_O_M104_FLAME_EXPLOSION_PURPLE;0			4982;0\n20072;27	1	0	0	1;5;6	0.0	0.0	0.0	0.0	0.0	0.0	0.0	0
20085		2000	_F_ATTACK_001;45	_F_ATTACK_001;45	0			0	0					S_O_M104_THUNDER_FALL_PURPLE;0			4981;0\n20075;27	1	0	0	1;5;6	0.0	0.0	0.0	0.0	0.0	0.0	0.0	0
20086		1500	_F_ATTACK_003;60\n_F_SENTRY_000;84	_F_ATTACK_003;60\n_F_SENTRY_000;84	0			0	0					S_O_M104_THUNDER_RUN_PURPLE;0			4983;0\n20083;38\n20084;41\n20085;45\n20086;48\n20087;51\n20088;55\n20089;58\n20090;63\n20091;66\n20092;70\n20093;74\n20094;78	1	0	0	1;5;6	0.0	0.0	0.0	0.0	0.0	0.0	0.0	0
20100		150	_F_SENTRY_000;15\n_F_ATTACK_000;50	_F_SENTRY_000;15\n_F_ATTACK_000;50	0			0	0	HIT(95)		S_H_PHYSICS2;0;28		S_O_M105_NORMAL_SLASH;15				1	250	0	1;5;8	1.2999999523162842	0.0	1.2999999523162842	0.0	0.0	0.0	0.0	0
20101		500	_F_ATTACK_002;25\n_F_ATTACK_001;73	_F_ATTACK_002;25\n_F_ATTACK_001;73	0	0;0;0;45\n500;0;0;50		0	0					S_O_M105_SPARE_DASH;0			4981;0\n20098;44\n20098;47\n20099;50	1	0	0	1;5	0.0	0.0	0.0	0.0	0.0	0.0	0.0	0
20102		650	_F_ATTACK_002;75	_F_ATTACK_002;75	0	0;0;0;45\n-180;0;0;50\n-200;0;0;52		0	0					S_O_M105_LIGHT_CANON;0			4982;0\n4902;44\n20100;45	1	0	0	1;5	0.0	0.0	0.0	0.0	0.0	0.0	0.0	0
20103		1200	_F_ATTACK_002;75	_F_ATTACK_002;75	0	0;0;0;45\n-360;0;0;50\n-400;0;0;52		0	0					S_O_M105_POWER_LIGHT_CANON;0			4982;0\n4908;44\n20101;45	1	0	0	1;5	0.0	0.0	0.0	0.0	0.0	0.0	0.0	0
20104		1500	_F_ATTACK_003;41	_F_ATTACK_003;41	0			0	0					S_O_M105_TRACING_FLAME_ARROW;0			4985;0\n20102;15\n20103;15\n20104;15\n20105;15	1	0	0	1;5	0.0	0.0	0.0	0.0	0.0	0.0	0.0	0
20105		2500	_F_ATTACK_003;41	_F_ATTACK_003;41	0			0	0					S_O_M105_TRACING_FLAME_ARROW;0			20107;15\n20108;15\n20109;15\n20110;15	1	0	0	1;5	0.0	0.0	0.0	0.0	0.0	0.0	0.0	0
20106		650	_F_ATTACK_002;75	_F_ATTACK_002;75	0	0;0;0;45\n-180;0;0;50\n-200;0;0;52		0	0					S_O_M105_TOXIC_MIST;0			4902;44\n20100;45	1	0	0	1;5	0.0	0.0	0.0	0.0	0.0	0.0	0.0	0
20107		1200	_F_ATTACK_002;75	_F_ATTACK_002;75	0	0;0;0;45\n-360;0;0;50\n-400;0;0;52		0	0					S_O_M105_HIGHLY_TOXIC_MIST;0			4908;44\n20101;45	1	0	0	1;5	0.0	0.0	0.0	0.0	0.0	0.0	0.0	0
20108		1500	_F_ATTACK_003;41	_F_ATTACK_003;41	0			0	0					S_O_M105_TRACING_FLAME_ARROW;0			20102;15\n20103;15\n20104;15\n20105;15	1	0	0	1;5	0.0	0.0	0.0	0.0	0.0	0.0	0.0	0
20109		2500	_F_ATTACK_003;41	_F_ATTACK_003;41	0			0	0					S_O_M105_TRACING_FLAME_ARROW;0			20107;15\n20108;15\n20109;15\n20110;15	1	0	0	1;5	0.0	0.0	0.0	0.0	0.0	0.0	0.0	0
40001	IS100	200	_F_ATTACK_008;25	_F_ATTACK_008;25	16512	0;0;0;0		0	280	HIT(95)		S_H_PHYSICS_SWORD;0;7\nS_H_PHYSICS_SWORD;0;24		PS_O_D_ATTACK_008;0				1	300	0	1;5;8;14	1.25	0.0	1.25	0.0	0.0	0.0	0.0	0
40002		200	_F_ATTACK_052A;18	_F_ATTACK_052A;18	16512	0;0;0;6\n58;0;0;12		0	280	HIT(95)		S_H_PHYSICS_SWORD;0;8\nS_H_PHYSICS_SWORD;0;13		PS_O_SERIAL_ATTACK_01;0			40002;0\n324;1	1	300	0	1;5;8;14	1.0	0.0	1.0	0.0	0.0	0.0	0.0	0
40003		200	_F_ATTACK_008;25	_F_ATTACK_008;25	16512	0;0;0;0		0	280	HIT(95)	STUN(100)	S_H_REDUCE;0;7\nS_H_REDUCE;40130;23		PS_O_D_ATTACK_008;0				1	300	0	1;5;8;14	1.399999976158142	0.0	1.399999976158142	0.0	0.0	0.0	0.0	0
40004	IS101	250	_F_ATTACK_053A;10	_F_ATTACK_053A;10	16384	0;0;0;5\n250;0;0;8		0	0					PS_MILLION_STAB_START;0			40004;0\n315;2\n40145;5	1	0	0	2	0.0	0.0	0.0	0.0	0.0	0.0	0.0	0
40005		100	_F_ATTACK_038;70	_F_ATTACK_038;70	16512	0;0;0;0		0	0	HIT(110)		S_A_BLOODY_DANCE;0;3\nS_A_BLOODY_DANCE;0;14\nS_A_BLOODY_DANCE;0;25\nS_A_BLOODY_DANCE;0;36\nS_A_BLOODY_DANCE;0;47\nS_A_BLOODY_DANCE;0;61		PS_O_BLOODY_DANCE;0		CAMERASHOCK(C_SKILL01);0	40150;0\n316;1\n4913;60	8	550	0	3;8	5.5	0.0	5.5	0.0	0.0	0.0	0.0	0
40006		300	_F_ATTACK_002;25	_F_ATTACK_002;25	16384	0;0;0;0		0	0					PS_O_BLINDPOWDER;0			40126;24	1	0	0	2;8;27	0.0	0.0	1.5	1.5	0.0	0.0	0.0	0
40007		350	_F_ATTACK_014;30	_F_ATTACK_014;30	16448	ARCEDGE;-1;0;0;13		0	280	HIT(100)	STUN(95)	null;501;15		PS_O_DUAL_F014_FURY;0	CAMERASHOCK(C_SKILL01);15		298;0\n4900;15	1	200	0	0;1;5;8	1.2000000476837158	0.0	1.2000000476837158	0.0	0.0	0.0	0.0	0
40008	IS102	150	_F_ATTACK_015;55	_F_ATTACK_015;55	16512	0;0;0;25\n30;0;0;45		0	280	HIT(100)	STUN(95)	S_H_DUAL_FURY;0;26\nS_H_DUAL_FURY;304;42		PS_O_FURY_ATTACK;0			315;0\n40008;42	1	200	0	1;5;7;8;14	2.299999952316284	0.0	2.299999952316284	0.0	0.0	0.0	0.0	0
40009	IS102	100	_F_ATTACK_015;55	_F_ATTACK_015;55	16512	0;0;0;25\n30;0;0;45		0	0	HIT(100)	GO(0)	S_H_BLOOD;0;26\nS_H_BLOOD;40190;42		PS_O_BLOOD_WAVE;0			40009;0	8	400	0	2;7;8;14	0.0	0.0	1.0499999523162842	1.0499999523162842	0.0	0.0	0.0	0
40010	IS100	200	_F_ATTACK_039;26	_F_ATTACK_039;26	16512	0;0;0;0		0	280	HIT(100)		S_H_DODGE_SWORD;0;19		PS_O_DUAL_F039;0	CAMERASHOCK(C_SKILL01);19		40010;0\n298;1\n40201;26	1	275	0	1;5;8;14	1.1200000047683716	0.0	1.1200000047683716	0.0	0.0	0.0	0.0	0
40011	IS103	100	_C_ATTACK_010A;6\n_C_ATTACK_010A;12\n_C_ATTACK_010A;18\n_C_ATTACK_010A;24\n_C_ATTACK_010A;30\n_C_ATTACK_010A;36\n_C_ATTACK_010A;42\n_C_ATTACK_010A;48\n_C_ATTACK_010A;54\n_C_ATTACK_010A;60\n_C_ATTACK_010A;66\n_C_ATTACK_010A;72\n_C_ATTACK_010A;78\n_C_ATTACK_010A;84\n_C_ATTACK_010A;90\n_C_ATTACK_010A;96\n_C_ATTACK_010B;100	_C_ATTACK_010A;6\n_C_ATTACK_010A;12\n_C_ATTACK_010A;18\n_C_ATTACK_010A;24\n_C_ATTACK_010A;30\n_C_ATTACK_010A;36\n_C_ATTACK_010A;42\n_C_ATTACK_010A;48\n_C_ATTACK_010A;54\n_C_ATTACK_010A;60\n_C_ATTACK_010A;66\n_C_ATTACK_010A;72\n_C_ATTACK_010A;78\n_C_ATTACK_010A;84\n_C_ATTACK_010A;90\n_C_ATTACK_010A;96\n_C_ATTACK_010B;100	16384			0	0					PS_O_DUAL_F010_WE;0	CAMERASHOCK(C_SKILL01);96		40127;0\n40011;6\n40123;16\n40127;20\n40124;26\n40011;36\n40127;40\n40123;46\n40124;56\n40127;60\n40011;76\n40123;86\n40125;96	1	0	0	13;14;28	0.0	0.0	0.0	0.0	0.0	0.0	0.0	0
40012	IS103	100	_C_ATTACK_010A;6\n_C_ATTACK_010B;20	_C_ATTACK_010A;6\n_C_ATTACK_010B;20	16385	300;0;0;6		0	0					PS_O_DUAL_F010_DASH;0	CAMERASHOCK(C_SKILL01);18		40012;0\n298;6	0	0	0	13	0.0	0.0	0.0	0.0	0.0	0.0	0.0	0
40014	IS101	1000	_F_ATTACK_013;24	_F_ATTACK_013;24	16384	0;0;0;16\nARCEDGE;-1;0;0.4;8		0	280					PS_O_D_ATTACK_013;0			298;1\n40014;17	0	0	0	1;5	0.0	0.0	0.0	0.0	0.0	0.0	0.0	0
40015	IS101	300	_F_ATTACK_046A;14	_F_ATTACK_046A;14	16512	0;0;0;6\n300;0;0;9		0	40250					PS_O_DUAL_FURY_A;0			316;1\n40200;6	1	0	0	1;5	0.0	0.0	0.0	0.0	0.0	0.0	0.0	0
40016	IS1000	1200	_F_ATTACK_016A;35	_F_ATTACK_016A;35	16384	ARCEDGE;-0.4;0;0;22		0	280					PS_O_DUAL_F016A;0	CAMERASHOCK(C_SKILL01);24		40016;23	1	0	0	1;5;14	0.0	0.0	0.0	0.0	0.0	0.0	0.0	0
40017	IS111	100			0			0	0					PS_O_SYLPH_GUARD;0			40017;0	1	0	0	13	0.0	0.0	0.0	0.0	0.0	0.0	0.0	0
40018	IS105	100	_F_ATTACK_051;15	_F_ATTACK_051;15	8	-450;0;0;15		0	0	GO(0)				PS_O_STEP_DODGE;0			40018;0\n40280;15	1	0	0	13	0.0	0.0	0.0	0.0	0.0	0.0	0.0	0
40019	IB022	100			8			0	0	GO(0)	GO(0)			PS_O_CONCENTRATE;0			40019;0	1	0	0	13	0.0	0.0	0.0	0.0	0.0	0.0	0.0	0
40020	IS104	100	_F_EMPOWER_000;35	_F_EMPOWER_000;35	8			0	0	GO(0)	GO(0)	none;40020;30		PS_O_ZEAL;0	CAMERASHOCK(C_SKILL01);29		315;0	1	0	0	13	0.0	0.0	0.0	0.0	0.0	0.0	0.0	0
40021	IB008	100	_C_ATTACK_003;25	_C_ATTACK_003;25	4			0	0	GO(0)	GO(0)	none;40021;20		PS_O_DUEL_ENERGY;0			298;0	1	0	0	13;17	0.0	0.0	0.0	0.0	0.0	0.0	0.0	0
40023	IS108	1500	_C_ATTACK_010B;17	_C_ATTACK_010B;17	16384	0;0;0;17		0	280					PS_O_STICK_DAGGER;0			40023;3	1	0	0	1;5	0.0	0.0	0.0	0.0	0.0	0.0	0.0	0
40024	IS103	1500	_F_ATTACK_008;26	_F_ATTACK_008;26	16384	50;0;0;7\n50;0;0;12\n150;0;0;25		0	0					PS_O_BLOODY_TRAIL;0			40024;7\n40340;24	0	0	0	13	0.0	0.0	0.0	0.0	0.0	0.0	0.0	0
40120		150	_F_ATTACK_052B;15	_F_ATTACK_052B;15	128	0;0;0;4\n58;0;0;10		0	280	HIT(95)		S_H_PHYSICS_SWORD;0;6\nS_H_PHYSICS_SWORD;0;11		PS_O_SERIAL_ATTACK_02;0			40120;0\n323;1	1	200	0	1;5;8;14	0.5	0.0	0.5	0.0	0.0	0.0	0.0	0
40121		150	_F_ATTACK_052C;17	_F_ATTACK_052C;17	128	0;0;0;4\n58;0;0;10		0	280	HIT(95)		S_H_PHYSICS_SWORD;0;7\nS_H_PHYSICS_SWORD;0;11		PS_O_SERIAL_ATTACK_03;0			40121;0\n323;1	1	200	0	1;5;8;14	0.6000000238418579	0.0	0.6000000238418579	0.0	0.0	0.0	0.0	0
40122		150	_F_ATTACK_052D;32	_F_ATTACK_052D;32	128	0;0;0;10\n-174;0;0;24		0	280	HIT(95)		S_H_SERIAL_ATTACK_04;0;8\nS_H_SERIAL_ATTACK_04;0;13		PS_O_SERIAL_ATTACK_04;0			40122;0\n328;1	1	400	0	1;8;14	1.5	0.0	1.5	0.0	0.0	0.0	0.0	0
40140	IS101	100	_F_ATTACK_053B;17	_F_ATTACK_053B;17	128	0;0;0;3\n50;0;0;7		0	40140					PS_MILLION_STAB_SEC_V1;0			40140;0\n315;1\n40147;5\n40148;9\n40149;13\n40151;17	1	125	0	2	0.0	0.0	0.0	0.0	0.0	0.0	0.0	0
40141	IS101	100	_F_ATTACK_053C;14	_F_ATTACK_053C;14	128	0;0;0;0		0	40140					PS_MILLION_STAB_SEC_V2;0			40141;0\n315;1\n40152;4\n40153;7\n40154;10\n40155;14	1	125	0	2	0.0	0.0	0.0	0.0	0.0	0.0	0.0	0
40142	IS101	100	_F_ATTACK_053C;14	_F_ATTACK_053C;14	128	0;0;0;0		0	40140					PS_MILLION_STAB_SEC_V2;0			40142;0\n315;1\n40157;4\n40158;7\n40159;10\n40160;14	1	125	0	2	0.0	0.0	0.0	0.0	0.0	0.0	0.0	0
40143	IS101	100	_F_ATTACK_053C;14	_F_ATTACK_053C;14	128	0;0;0;0		0	40140					PS_MILLION_STAB_SEC_V3;0			40143;0\n315;1\n40161;4\n40162;7\n40163;10\n40164;14	1	125	0	2	0.0	0.0	0.0	0.0	0.0	0.0	0.0	0
40144	IS101	100	_F_ATTACK_053D;11	_F_ATTACK_053D;11	128	60;0;0;3		0	0					PS_MILLION_STAB_FINAL_V1;0			40144;0\n40156;0	1	0	0	2	0.0	0.0	0.0	0.0	0.0	0.0	0.0	0
40145	IS101	100	_F_ATTACK_053E;23	_F_ATTACK_053E;23	128	0;0;0;0		0	0	HIT(100)	STUN(95)	S_H_MILLION_STAB_END_V2;304;18		PS_MILLION_STAB_FINAL_V2;0			40144;0\n4911;17	5	300	0	2;8	1.7000000476837158	0.0	1.7000000476837158	0.0	0.0	0.0	0.0	0
40170		350	_F_ATTACK_014;30	_F_ATTACK_014;30	16448	ARCEDGE;-1;0;0;13		0	280	HIT(95)	STUN(95)	null;501;15		PS_O_DUAL_F014_FURY;0	CAMERASHOCK(C_SKILL01);15	CAMERASHOCK(C_SKILL01);0	298;0	1	200	0	0;1;5;8	1.7999999523162842	0.0	1.7999999523162842	0.0	0.0	0.0	0.0	0
40240	IS101	1000	_F_ATTACK_013;24	_F_ATTACK_013;24	16384	0;0;0;16\nARCEDGE;-0.6;0;0.13;8		0	280					PS_O_D_ATTACK_013;0			298;1\n40014;17	0	0	0	1;5	0.0	0.0	0.0	0.0	0.0	0.0	0.0	0
40250	IS101	200	_F_ATTACK_046B;14	_F_ATTACK_046B;14	128	0;0;0;3\n100;0;0;6		0	40251	HIT(110)	STUN(100)	S_H_DUAL_FURY;0;6	-200;-100;3	PS_O_DUAL_FURY_B;0				1	300	0	1;5;8;21	1.399999976158142	0.0	1.399999976158142	0.0	0.0	0.0	0.0	0
40251	IS101	200	_F_ATTACK_046C;9	_F_ATTACK_046C;9	128	100;0;0;5		0	40252	HIT(110)	STUN(100)	S_H_DUAL_FURY;0;5	-200;-100;3	PS_O_DUAL_FURY_C;0				1	300	0	1;5;8;21	1.100000023841858	0.0	1.100000023841858	0.0	0.0	0.0	0.0	0
40252	IS101	200	_F_ATTACK_046D;25	_F_ATTACK_046D;25	0	200;0;0;15		0	280					PS_O_DUAL_FURY_D;0	CAMERASHOCK(C_SKILL01);11		40252;11	0	300	0	1;5;21	0.0	0.0	0.0	0.0	0.0	0.0	0.0	0
40260	IS1000	1200	_F_ATTACK_016A;35	_F_ATTACK_016A;35	16384	ARCEDGE;0;0;0;22		0	280					PS_O_DUAL_F016A;0	CAMERASHOCK(C_SKILL01);24		40260;23	1	0	0	1;5;14	0.0	0.0	0.0	0.0	0.0	0.0	0.0	0
40261	IS1000	1200	_F_ATTACK_016A;35	_F_ATTACK_016A;35	16384	ARCEDGE;-0.6;0;0.08;22		0	280					PS_O_DUAL_F016A;0	CAMERASHOCK(C_SKILL01);24		40016;23	1	0	0	1;5;14	0.0	0.0	0.0	0.0	0.0	0.0	0.0	0
40300	IS104	100	_F_EMPOWER_000;35	_F_EMPOWER_000;35	8			0	0	GO(0)	GO(0)	none;40300;30		PS_O_ZEAL;0	CAMERASHOCK(C_SKILL01);29		315;0	1	0	0	13	0.0	0.0	0.0	0.0	0.0	0.0	0.0	0
40301	IS104	100	_F_EMPOWER_000;35	_F_EMPOWER_000;35	8			0	0	GO(0)	GO(0)	none;40301;30		PS_O_ZEAL;0	CAMERASHOCK(C_SKILL01);29		315;0	1	0	0	13	0.0	0.0	0.0	0.0	0.0	0.0	0.0	0
40302	IS104	100	_F_EMPOWER_000;35	_F_EMPOWER_000;35	8			0	0	GO(0)	GO(0)	none;40302;30		PS_O_ZEAL;0	CAMERASHOCK(C_SKILL01);29		315;0	1	0	0	13	0.0	0.0	0.0	0.0	0.0	0.0	0.0	0
40110		200	_F_ATTACK_016;22	_F_ATTACK_016;22	16448	0;0;0;0		0	280	HIT(125)		S_H_PHYSICS_SWORD;0;15		PS_O_DUAL_F016;0	CAMERASHOCK(C_SKILL01);17	CAMERASHOCK(C_SKILL01);0		1	300	0	0;1;5;14	2.5	0.0	2.5	0.0	0.0	0.0	0.0	0
40146	IS101	100	_F_ATTACK_053F;30	_F_ATTACK_053F;30	128	0;0;0;14\n90;0;0;26		0	0	HIT(100)	STUN(95)	S_H_MILLION_STAB_END_V3;304;24	-100;200;5	PS_MILLION_STAB_FINAL_V3;0			40144;0	5	400	0	2;8	3.0	0.0	3.0	0.0	0.0	0.0	0.0	0
40210	IS103	100	_C_ATTACK_010A;6\n_C_ATTACK_010A;12\n_C_ATTACK_010A;18\n_C_ATTACK_010A;24\n_C_ATTACK_010A;30\n_C_ATTACK_010A;36\n_C_ATTACK_010A;42\n_C_ATTACK_010A;48\n_C_ATTACK_010A;54\n_C_ATTACK_010A;60\n_C_ATTACK_010A;66\n_C_ATTACK_010A;72\n_C_ATTACK_010A;78\n_C_ATTACK_010A;84\n_C_ATTACK_010A;90\n_C_ATTACK_010A;96\n_C_ATTACK_010B;100	_C_ATTACK_010A;6\n_C_ATTACK_010A;12\n_C_ATTACK_010A;18\n_C_ATTACK_010A;24\n_C_ATTACK_010A;30\n_C_ATTACK_010A;36\n_C_ATTACK_010A;42\n_C_ATTACK_010A;48\n_C_ATTACK_010A;54\n_C_ATTACK_010A;60\n_C_ATTACK_010A;66\n_C_ATTACK_010A;72\n_C_ATTACK_010A;78\n_C_ATTACK_010A;84\n_C_ATTACK_010A;90\n_C_ATTACK_010A;96\n_C_ATTACK_010B;100	16384			0	0					PS_O_DUAL_F010_P;0	CAMERASHOCK(C_SKILL01);96		40214;0\n40210;6\n40211;16\n40214;20\n40212;26\n40210;36\n40214;40\n40211;46\n40212;56\n40214;60\n40214;70\n40210;76\n40211;86\n40213;96	0	0	0	13;14;28	0.0	0.0	0.0	0.0	0.0	0.0	0.0	0
40340	IS103	1500	_F_ATTACK_008;26	_F_ATTACK_008;26	16384	50;0;0;7\n50;0;0;12\n150;0;0;25		0	0					PS_O_BLOODY_TRAIL;0			40341;7\n40342;24	0	0	0	13	0.0	0.0	0.0	0.0	0.0	0.0	0.0	0
40341	IS103	1500	_F_ATTACK_008;26	_F_ATTACK_008;26	16384	50;0;0;7\n50;0;0;12\n150;0;0;25		0	0					PS_O_BLOODY_TRAIL;0			40343;7\n40344;24	0	0	0	13	0.0	0.0	0.0	0.0	0.0	0.0	0.0	0
40342	IS103	1500	_F_ATTACK_008;26	_F_ATTACK_008;26	16384	50;0;0;7\n50;0;0;12\n150;0;0;25		0	0					PS_O_BLOODY_TRAIL;0			40345;7\n40346;24	0	0	0	13	0.0	0.0	0.0	0.0	0.0	0.0	0.0	0
41001		250	_F_ATTACK_040;19\n_F_ATTACK_042;35	_F_ATTACK_040;19\n_F_ATTACK_040;35	16384	0;0;0;20\n-50;0;0;25		0	282	HIT(100)	STUN(100)	S_H_FIREARM_F17;304;20	-125;75;5	PS_O_SHOCK_SHOOT;0	CAMERASHOCK(C_SKILL01);20			1	350	0	1;5;8;14	1.399999976158142	0.0	1.399999976158142	0.0	0.0	0.0	0.0	0
41002		500	_F_ATTACK_017;60	_F_ATTACK_017;60	16384			0	0					PS_O_FIREARM_F17;0			41002;19\n41002;36\n41002;53	1	0	0	13	0.0	0.0	0.0	0.0	0.0	0.0	0.0	0
41003	IB003	100			0			0	0					PS_O_RUNFAST;0			41003;0	1	0	0	13	0.0	0.0	0.0	0.0	0.0	0.0	0.0	0
41004	IS200	100			0			0	0					PS_O_KINSHOT;0			41004;0	1	0	0	13	0.0	0.0	0.0	0.0	0.0	0.0	0.0	0
41005	IS2000	100			0			0	0					PS_O_FMJ;0			41005;0	1	0	0	13	0.0	0.0	0.0	0.0	0.0	0.0	0.0	0
41006	IS130	100			0			0	0					PS_O_LRFMJ;0			41006;0	1	0	0	13	0.0	0.0	0.0	0.0	0.0	0.0	0.0	0
41008		1200	_C_ATTACK_003;30	_C_ATTACK_003;30	16			0	0								298;0\n41008;6	0	0	0	5;6;27	0.0	0.0	0.0	0.0	0.0	0.0	0.0	0
41009		1200	_C_ATTACK_003;30	_C_ATTACK_003;30	16			0	0								315;0\n41009;6	0	0	0	5;6;27	0.0	0.0	0.0	0.0	0.0	0.0	0.0	0
41011		1500	_C_ATTACK_000;17	_C_ATTACK_000;17	16384			0	282	GO(0)	GO(0)			PS_O_FIREARM_C0;0			324;9\n41011;10	1	0	0	1;5;14;17	0.0	0.0	0.0	0.0	0.0	0.0	0.0	0
41012		1500	_F_ATTACK_040;19\n_F_ATTACK_042;42	_F_ATTACK_040;19\n_F_ATTACK_042;42	16384	0;0;0;0		0	282	GO(0)	GO(0)			PS_O_FIREARM_THUNDER_BULLET;0			41012;20\n41244;21\n41245;22	1	0	0	1;5	0.0	0.0	0.0	0.0	0.0	0.0	0.0	0
41013		1500	_F_ATTACK_007;16\n_F_ATTACK_007;32\n_F_ATTACK_007;48\n_F_ATTACK_007;64	_F_ATTACK_007;16\n_F_ATTACK_007;32\n_F_ATTACK_007;48\n_F_ATTACK_007;64	16384	0;0;0;0		0	282	GO(0)	GO(0)			PS_O_FIREARM_F7;0\nPS_O_FIREARM_F7;16\nPS_O_FIREARM_F7;32\nPS_O_FIREARM_F7;48			315;0\n41013;1\n41100;10\n41101;17\n41013;26\n41100;33\n41101;42\n41013;49\n41100;58	1	0	0	1;5;28	0.0	0.0	0.0	0.0	0.0	0.0	0.0	0
41014		1700	_F_ATTACK_039;50	_F_ATTACK_039;50	16384	0;0;0;0		0	282	GO(0)				PS_O_FIREARM_F039;0			41241;0\n298;1\n41014;16\n41242;17\n41240;29\n41243;30	0	0	0	2;5	0.0	0.0	0.0	0.0	0.0	0.0	0.0	0
41015		2500	_F_ATTACK_009A;38	_F_ATTACK_009A;38	16384	0;0;0;18\n-332;0;10;26\n-332;0;-500;27		0	282	GO(0)	GO(0)			PS_O_FIREARM_F009A;0			315;0\n281;20\n41015;20\n41015;21	1	0	0	2;5	0.0	0.0	0.0	0.0	0.0	0.0	0.0	0
41016		1500	_F_ATTACK_009;38	_F_ATTACK_009;38	16384	0;0;0;0		0	282	GO(0)	GO(0)			PS_O_FIREARM_ACID;0			298;25\n41016;29	1	1	0	2;5	0.0	0.0	0.0	0.0	0.0	0.0	0.0	0
41017		1500	_F_ATTACK_009;38	_F_ATTACK_009;38	16384	0;0;0;0		0	282	GO(0)	GO(0)			PS_O_FIREARM_STICKSHOT;0			315;0\n41017;29	1	0	0	2;5	0.0	0.0	0.0	0.0	0.0	0.0	0.0	0
41018		2000	_F_EMPOWER_000;47\n_F_ATTACK_007;63\n_F_ATTACK_007;79\n_F_ATTACK_007;95\n_F_ATTACK_007;111\n_F_ATTACK_007;127\n_F_ATTACK_007;143\n_F_ATTACK_007;159\n_F_ATTACK_007;175	_F_EMPOWER_000;47\n_F_ATTACK_007;63\n_F_ATTACK_007;79\n_F_ATTACK_007;95\n_F_ATTACK_007;111\n_F_ATTACK_007;127\n_F_ATTACK_007;143\n_F_ATTACK_007;159\n_F_ATTACK_007;175	16384	0;0;0;175		0	0	GO(0)	GO(0)			PS_O_DOOMROBOT;0			41246;11\n41254;12\n41018;48\n41216;49\n41248;56\n41018;57\n41249;62\n41018;63\n41250;66\n41018;67\n41251;71\n41018;72\n41252;76\n41018;77\n41253;81\n41018;82\n41253;87\n41018;88\n41252;92\n41018;93\n41251;96\n41018;97\n41250;101\n41018;102\n41249;106\n41018;107\n41248;111\n41018;112\n41248;116\n41018;117\n41249;122\n41018;123\n41250;126\n41018;127\n41251;132\n41018;133\n41252;136\n41018;137\n41253;141\n41018;142\n41252;147\n41018;148\n41251;151\n41018;152\n41250;156\n41018;157\n41249;162\n41018;163\n41250;167\n41018;168	1	0	0	2;5;6	0.0	0.0	0.0	0.0	0.0	0.0	0.0	0
41019		1500	_F_ATTACK_000;28	_F_ATTACK_000;28	16384	0;0;0;28		0	0	GO(0)	GO(0)						41019;13	1	0	0	2;5;6;27	0.0	0.0	0.0	0.0	0.0	0.0	0.0	0
41020		1500	_F_ATTACK_000;28	_F_ATTACK_000;28	16384	0;0;0;28		0	0	GO(0)	GO(0)						41219;0\n41020;13	1	0	0	2;5;6;27	0.0	0.0	0.0	0.0	0.0	0.0	0.0	0
41021		1500	_F_ATTACK_009A;38	_F_ATTACK_009A;38	16384	0;0;0;18\n-332;0;0;26\n-332;0;-500;27		0	0	GO(0)	GO(0)			PS_O_FIREARM_F9A_1;0			315;0\n41257;15\n41229;18\n41230;18\n41231;19\n41232;19\n41233;20\n41234;20\n41235;21\n41236;21\n41237;22	1	0	0	13	0.0	0.0	0.0	0.0	0.0	0.0	0.0	0
41022		2750	_F_PICK_000;35	_F_PICK_000;35	16384			0	0								281;0\n41022;22	0	0	0	13;27	0.0	0.0	0.0	0.0	0.0	0.0	0.0	0
41023		2750	_F_PICK_000;35	_F_PICK_000;35	16384			0	0								281;0\n41023;22	0	0	0	13;27	0.0	0.0	0.0	0.0	0.0	0.0	0.0	0
41024		1000	_F_ATTACK_000;28	_F_ATTACK_000;28	16384	0;0;0;0		0	0	GO(0)							41024;0\n41340;13	0	0	0	5;6;27	0.0	0.0	0.0	0.0	0.0	0.0	0.0	0
41110		200	_F_ATTACK_016;24	_F_ATTACK_016;24	16448	0;0;0;0		0	282	HIT(125)	STUN(100)	none;0;16	0;-1;1	PS_O_EXECUTE_SHOOT;0	CAMERASHOCK(C_SKILL01);15	CAMERASHOCK(C_SKILL01);0		1	350	0	0;1;5;14	2.799999952316284	0.0	2.799999952316284	0.0	0.0	0.0	0.0	0
41190		8000	_F_READY_000;120\n_F_READY_000;150	_F_READY_000;120\n_F_READY_000;150	0			0	0					S_O_DECOY_TAUNT;0			41190;5	0	0	0	13	0.0	0.0	0.0	0.0	0.0	0.0	0.0	15
41210		1500	_C_ATTACK_001;18	_C_ATTACK_001;18	16384			0	282	GO(0)	GO(0)			PS_O_FIREARM_C1;0			280;9\n41011;11	1	1	0	2;5;14;17	0.0	0.0	0.0	0.0	0.0	0.0	0.0	0
41220		1500	_F_ATTACK_040;19\n_F_ATTACK_042;42	_F_ATTACK_040;19\n_F_ATTACK_042;42	16384	0;0;0;42		0	282	GO(0)	GO(0)			PS_O_FIREARM_THUNDER_BULLET;0			41210;20\n41244;21\n41245;22	1	1	0	2;5	0.0	0.0	0.0	0.0	0.0	0.0	0.0	0
41221		1500	_F_ATTACK_040;19\n_F_ATTACK_042;42	_F_ATTACK_040;19\n_F_ATTACK_042;42	16384	0;0;0;42		0	282	GO(0)	GO(0)			PS_O_FIREARM_THUNDER_BULLET;0			41211;20\n41244;21\n41245;22	1	1	0	2;5	0.0	0.0	0.0	0.0	0.0	0.0	0.0	0
41222		1500	_F_ATTACK_040;19\n_F_ATTACK_042;42	_F_ATTACK_040;19\n_F_ATTACK_042;42	16384	0;0;0;42		0	282	GO(0)	GO(0)			PS_O_FIREARM_THUNDER_BULLET;0			41212;20\n41244;21\n41245;22	1	1	0	2;5	0.0	0.0	0.0	0.0	0.0	0.0	0.0	0
41300		1500	_F_ATTACK_000;28	_F_ATTACK_000;28	16384	0;0;0;28		0	0	GO(0)	GO(0)						41219;0\n41223;13	1	0	0	2;5;6;27	0.0	0.0	0.0	0.0	0.0	0.0	0.0	0
41301		1500	_F_ATTACK_000;28	_F_ATTACK_000;28	16384	0;0;0;28		0	0	GO(0)	GO(0)						41219;0\n41225;13	1	0	0	2;5;6;27	0.0	0.0	0.0	0.0	0.0	0.0	0.0	0
41302		1500	_F_ATTACK_000;28	_F_ATTACK_000;28	16384	0;0;0;28		0	0	GO(0)	GO(0)						41219;0\n41227;13	1	0	0	2;5;6;27	0.0	0.0	0.0	0.0	0.0	0.0	0.0	0
41330		500	_F_DIE_999;60	_F_DIE_999;60	0	0;0;0;0		0	0									1	0	0	1;13;29	0.0	0.0	0.0	0.0	0.0	0.0	0.0	0
42001		300	_F_ATTACK_001;24	_F_ATTACK_001;24	16384	0;0;0;24		0	0	GO(0)	GO(0)			PS_O_THUNDER_001;0			42001;10	1	0	0	13	0.0	0.0	0.0	0.0	0.0	0.0	0.0	0
42002		300	_F_ATTACK_035A;34\n_F_ATTACK_035B;49	_F_ATTACK_035A;34\n_F_ATTACK_035B;49	16384	0;0;0;49		0	0	GO(0)	GO(0)			PS_O_THUNDER_STORM_000;0			42115;20\n42116;30\n42117;40	0	0	0	13;28	0.0	0.0	0.0	0.0	0.0	0.0	0.0	0
42003		2750	_F_ATTACK_003;36	_F_ATTACK_003;36	16384	0;0;0;36		0	0	GO(0)				PS_O_STORM_CIRCLE_000;0			315;0\n42223;22\n42224;22\n42225;22\n42226;22	0	0	0	13	0.0	0.0	0.0	0.0	0.0	0.0	0.0	0
42007		100	_F_ATTACK_035A;34\n_F_ATTACK_035B;50\n_F_ATTACK_035B;66\n_F_ATTACK_035B;82\n_F_ATTACK_035B;98\n_F_ATTACK_035B;114\n_F_ATTACK_035B;130\n_F_ATTACK_035B;146\n_F_ATTACK_035B;162\n_F_ATTACK_035B;178\n_F_ATTACK_035B;194\n_F_ATTACK_035B;210	_F_ATTACK_035A;34\n_F_ATTACK_035B;50\n_F_ATTACK_035B;66\n_F_ATTACK_035B;82\n_F_ATTACK_035B;98\n_F_ATTACK_035B;114\n_F_ATTACK_035B;130\n_F_ATTACK_035B;146\n_F_ATTACK_035B;162\n_F_ATTACK_035B;178\n_F_ATTACK_035B;194\n_F_ATTACK_035B;210	16384	0;0;0;0		0	0					PS_O_BLACKHOLE;0			319;0\n42170;2\n42171;15\n42170;30\n42171;45\n42170;60\n42171;75\n42170;90\n42171;105\n42170;120\n42171;135\n42170;150\n42171;165\n42170;180\n42171;195\n42170;210\n42171;225	0	0	0	14;28	0.0	0.0	0.0	0.0	0.0	0.0	0.0	0
42008		1500	_C_ATTACK_000;24	_C_ATTACK_000;24	16384			0	288	GO(0)	GO(0)			PS_O_THUNDERBOLT_1;0			42183;0\n42008;15	1	0	0	1;5;17	0.0	0.0	0.0	0.0	0.0	0.0	0.0	0
42009		1500	_C_ATTACK_001;24	_C_ATTACK_001;24	16384			0	288	GO(0)	GO(0)			PS_O_SKULL_C1;0			298;16\n42009;17	1	0	0	2	0.0	0.0	0.0	0.0	0.0	0.0	0.0	0
42010		1500	_C_ATTACK_001;24	_C_ATTACK_001;24	16384			0	288	GO(0)	GO(0)			PS_O_ICE_SKULL_C1;0			298;16\n42010;17	1	0	0	2	0.0	0.0	0.0	0.0	0.0	0.0	0.0	0
42011		1500	_F_ATTACK_003;36	_F_ATTACK_003;36	16384			0	288	GO(0)	GO(0)			PS_O_TRACK_THUNDER;0			42319;0\n42011;20	1	0	0	2	0.0	0.0	0.0	0.0	0.0	0.0	0.0	0
42012		1500	_F_ATTACK_028;22\n_F_ATTACK_027;51\n_F_ATTACK_029;83	_F_ATTACK_028;22\n_F_ATTACK_027;51\n_F_ATTACK_029;83	0	0;0;0;83		0	0	GO(0)	GO(0)			PS_O_STOCK_WIND;51			42140;64\n42012;65	1	0	0	2	0.0	0.0	0.0	0.0	0.0	0.0	0.0	0
42013		1500	_C_ATTACK_000;24	_C_ATTACK_000;24	16384			0	288	GO(0)	GO(0)			PS_O_ICE_SKULL_C0;0			325;14\n42013;15	1	0	0	2;5;17	0.0	0.0	0.0	0.0	0.0	0.0	0.0	0
42014		1500	_F_ATTACK_035A;34\n_F_ATTACK_035B;49	_F_ATTACK_035A;34\n_F_ATTACK_035B;49	16384	0;0;0;49		0	288	GO(0)	GO(0)			PS_O_THUNDER_FALL;34			278;0\n42014;20	1	0	0	2;5	0.0	0.0	0.0	0.0	0.0	0.0	0.0	0
42015		2500	_C_ATTACK_002;30	_C_ATTACK_002;30	0			0	0	GO(0)	GO(0)			PS_O_ENERGY_SHARE;0			281;0\n42015;23	1	0	0	1;4;5	0.0	0.0	0.0	0.0	0.0	0.0	0.0	0
42017		1500	_F_ATTACK_049;35	_F_ATTACK_049;35	16384	0;0;0;35		0	0	GO(0)	GO(0)			PS_O_SKULL_PLASMA;0			42017;21	1	0	0	2	0.0	0.0	0.0	0.0	0.0	0.0	0.0	0
42018		1500	_F_ATTACK_028;22\n_F_ATTACK_027;51\n_F_ATTACK_003;87	_F_ATTACK_028;22\n_F_ATTACK_027;51\n_F_ATTACK_003;87	16384	0;0;0;87		0	0	GO(0)	GO(0)			PS_O_ICE_SKULL_FROZENORB;0			42018;74	1	0	0	5;6	0.0	0.0	0.0	0.0	0.0	0.0	0.0	0
42019		1500	_F_ATTACK_028;22\n_F_ATTACK_027;51\n_F_ATTACK_029;83	_F_ATTACK_028;22\n_F_ATTACK_027;51\n_F_ATTACK_029;83	16384	0;0;0;0		0	0	GO(0)	GO(0)			PS_O_TORNADO;51			315;5\n42019;65	1	0	0	5;6	0.0	0.0	0.0	0.0	0.0	0.0	0.0	0
42020		1500	_F_ATTACK_035A;34\n_F_ATTACK_035B;49\n_F_ATTACK_035B;64\n_F_ATTACK_035B;79\n_F_ATTACK_035B;94\n_F_ATTACK_035B;109\n_F_ATTACK_035B;124\n_F_ATTACK_035B;139\n_F_ATTACK_035B;154\n_F_ATTACK_035B;169\n_F_ATTACK_035B;184\n_F_ATTACK_035B;199\n_F_ATTACK_035B;214\n_F_ATTACK_035B;229\n_F_ATTACK_035B;244	_F_ATTACK_035A;34\n_F_ATTACK_035B;49\n_F_ATTACK_035B;64\n_F_ATTACK_035B;79\n_F_ATTACK_035B;94\n_F_ATTACK_035B;109\n_F_ATTACK_035B;124\n_F_ATTACK_035B;139\n_F_ATTACK_035B;154\n_F_ATTACK_035B;169\n_F_ATTACK_035B;184\n_F_ATTACK_035B;199\n_F_ATTACK_035B;214\n_F_ATTACK_035B;229\n_F_ATTACK_035B;244	16384	0;0;0;0		0	0	GO(0)	GO(0)			PS_O_THUNDER_FURY;0			319;0\n42020;60\n42316;61\n42317;62	0	0	0	13	0.0	0.0	0.0	0.0	0.0	0.0	0.0	0
42021		1500	_F_ATTACK_048;75	_F_ATTACK_048;75	16384	0;0;0;75		0	0	GO(0)	GO(0)			PS_O_ICE_JUDGEMENT;0			317;0\n42021;50	1	0	0	5;6	0.0	0.0	0.0	0.0	0.0	0.0	0.0	0
42022		1500	_F_ATTACK_043;22\n_F_ATTACK_043A;52\n_F_ATTACK_043A;82\n_F_ATTACK_043A;112\n_F_ATTACK_043A;142\n_F_ATTACK_043A;172\n_F_ATTACK_043A;202\n_F_ATTACK_043A;225	_F_ATTACK_043;22\n_F_ATTACK_043A;52\n_F_ATTACK_043A;82\n_F_ATTACK_043A;112\n_F_ATTACK_043A;142\n_F_ATTACK_043A;172\n_F_ATTACK_043A;202\n_F_ATTACK_043A;225	16384			0	0	GO(0)	GO(0)			PS_O_THUNDER_MATRIX;0			315;0\n42319;1\n42319;30\n42320;52\n42319;59\n42321;60\n42322;68\n42323;76\n42324;84\n325;85\n42319;89\n42325;92\n42326;100\n42327;108\n42328;116\n42319;119\n42329;124\n325;125\n42320;130\n42321;136\n42322;142\n42323;148\n42319;150\n42324;154\n325;155\n42325;160\n42326;166\n42327;172\n42328;178\n42319;180\n42329;184\n325;185\n42320;188\n42321;192\n42322;196\n42319;199\n42323;200\n42324;204\n325;205\n42325;208\n42326;212\n42327;216\n42328;220\n42329;224\n325;225	1	0	0	7;13;28	0.0	0.0	0.0	0.0	0.0	0.0	0.0	0
42023		300	_F_ATTACK_035A;30	_F_ATTACK_035A;30	516	0;0;0;0		0	0	GO(0)	GO(0)	none;298;0\nnone;42330;20		PS_O_ICE_ARMOR;0				1	0	0	13	0.0	0.0	0.0	0.0	0.0	0.0	0.0	0
42024		300	_F_ATTACK_035A;30	_F_ATTACK_035A;30	2052	0;0;0;0		0	0	GO(0)	GO(0)	none;298;0\nnone;42340;20		PS_O_STORM_ARMOR;0				1	0	0	13	0.0	0.0	0.0	0.0	0.0	0.0	0.0	0
42026		2500	_F_ATTACK_049;35	_F_ATTACK_049;35	16384	0;0;0;35		0	288	GO(0)	GO(0)			PS_O_FROZEN_ORB;3			315;0\n42026;21	1	0	0	1;5	0.0	0.0	0.0	0.0	0.0	0.0	0.0	0
42120		300	_F_ATTACK_035A;34\n_F_ATTACK_035B;49\n_F_ATTACK_035B;64	_F_ATTACK_035A;34\n_F_ATTACK_035B;49\n_F_ATTACK_035B;64	16384	0;0;0;64		0	0	GO(0)	GO(0)			PS_O_THUNDER_STORM_001;0			315;0\n42114;20\n42115;30\n42116;40\n42117;50\n42118;60	0	0	0	13	0.0	0.0	0.0	0.0	0.0	0.0	0.0	0
42121		300	_F_ATTACK_035A;34\n_F_ATTACK_035B;49\n_F_ATTACK_035B;64\n_F_ATTACK_035B;79	_F_ATTACK_035A;34\n_F_ATTACK_035B;49\n_F_ATTACK_035B;64\n_F_ATTACK_035B;79	16384	0;0;0;79		0	0	GO(0)	GO(0)			PS_O_THUNDER_STORM_002;0			316;0\n42114;20\n42115;27\n42116;35\n42117;42\n42118;50\n42119;57\n42120;65\n42121;72	0	0	0	13	0.0	0.0	0.0	0.0	0.0	0.0	0.0	0
42122		300	_F_ATTACK_035A;34\n_F_ATTACK_035B;49\n_F_ATTACK_035B;64\n_F_ATTACK_035B;79\n_F_ATTACK_035B;94	_F_ATTACK_035A;34\n_F_ATTACK_035B;49\n_F_ATTACK_035B;64\n_F_ATTACK_035B;79\n_F_ATTACK_035B;94	16384	0;0;0;94		0	0	GO(0)	GO(0)			PS_O_THUNDER_STORM_003;0			317;0\n42114;20\n42115;27\n42116;34\n42117;41\n42118;48\n42119;55\n42120;62\n42121;69\n42122;76\n42123;83\n42124;90\n42125;94	0	0	0	13	0.0	0.0	0.0	0.0	0.0	0.0	0.0	0
42150	IS1821	300	_F_ATTACK_035A;30	_F_ATTACK_035A;30	4	0;0;0;0		0	0	GO(0)	GO(0)	none;298;1\nnone;42150;10		PS_O_LIGHTENING_ARMOR;0				1	0	0	13	0.0	0.0	0.0	0.0	0.0	0.0	0.0	0
42160	IS168	300	_F_ATTACK_035A;30	_F_ATTACK_035A;30	0	0;0;0;0		0	0	GO(0)	GO(0)	none;42160;10		PS_O_THUNDER_CONTROL;0				1	0	0	13	0.0	0.0	0.0	0.0	0.0	0.0	0.0	0
42180		1500	_C_ATTACK_001;24	_C_ATTACK_001;24	16384			0	288	GO(0)	GO(0)			PS_O_THUNDERBOLT_2;0			42184;0\n42180;17\n42181;18\n42008;19	1	0	0	1;5;17	0.0	0.0	0.0	0.0	0.0	0.0	0.0	0
42181		1500	_F_ATTACK_049;35	_F_ATTACK_049;35	16384			0	288	GO(0)	GO(0)			PS_O_THUNDERBOLT_3;0			42179;0\n42178;21	1	0	0	1;5	0.0	0.0	0.0	0.0	0.0	0.0	0.0	0
42210		1500	_F_ATTACK_003;36	_F_ATTACK_003;36	16384			0	288	GO(0)	GO(0)			PS_O_TRACK_THUNDER;0			42319;0\n42210;20	1	0	0	2	0.0	0.0	0.0	0.0	0.0	0.0	0.0	0
42220		1500	_F_ATTACK_028;22\n_F_ATTACK_027;51\n_F_ATTACK_029;83	_F_ATTACK_028;22\n_F_ATTACK_027;51\n_F_ATTACK_029;83	0	0;0;0;83		0	0	GO(0)	GO(0)			PS_O_STOCK_WIND;51			42145;64\n42144;65	1	0	0	2	0.0	0.0	0.0	0.0	0.0	0.0	0.0	0
42240		1500	_F_ATTACK_035A;34\n_F_ATTACK_035B;49	_F_ATTACK_035A;34\n_F_ATTACK_035B;49	16384	0;0;0;49		0	288	GO(0)	GO(0)			PS_O_THUNDER_FALL;34			315;0\n281;1\n42137;20	1	0	0	2;5	0.0	0.0	0.0	0.0	0.0	0.0	0.0	0
43001	IS1400	1500	_F_ATTACK_065;40	_F_ATTACK_065;40	16384	0;0;0;2\nARC;30		0	0					PS_O_THUNDER_STRIKE;0	CAMERASHOCK(C_SKILL01);33		298;30\n43001;33	1	0	0	5;6	0.0	0.0	0.0	0.0	0.0	0.0	0.0	0
43002	IS140	300	_F_ATTACK_044;10\n_F_ATTACK_045;60\n_F_ATTACK_045;110\n_F_ATTACK_045;130\n_F_ATTACK_045;180	_F_ATTACK_044;10\n_F_ATTACK_045;60\n_F_ATTACK_045;110\n_F_ATTACK_045;130\n_F_ATTACK_045;180	8	0;0;0;0		0	0	GO(0)	GO(0)	none;43002;0\nnone;43120;3\nnone;43002;30\nnone;43002;60\nnone;43002;90\nnone;43002;120\nnone;43002;145\nnone;43124;165		PS_O_SHIELD_BLOCK;0			298;0	1	0	0	13;28;29;33	0.0	0.0	0.0	0.0	0.0	0.0	0.0	0
43003	IS146	225	_C_ATTACK_000;21	_C_ATTACK_000;21	16416			0	0	HIT(95)		S_H_PHYSICS_HAMMER;0;13		PS_O_SINGLE_C0;0			43003;0\n324;10	1	325	0	1;5;8;17	0.800000011920929	0.0	0.800000011920929	0.0	0.0	0.0	0.0	0
43004	IS147	300	_C_ATTACK_003;32	_C_ATTACK_003;32	0			0	0					PS_O_THUNDER_WEAPON;0	CAMERASHOCK(C_SKILL01);15		298;15\n43140;20	1	0	0	13;17	0.0	0.0	0.0	0.0	0.0	0.0	0.0	0
43005	IS148	300	_F_ATTACK_022A;30	_F_ATTACK_022A;30	16384	0;0;0;0		0	0					PS_O_GROUND_CRASH;0			315;0\n43005;17	1	0	0	13	0.0	0.0	0.0	0.0	0.0	0.0	0.0	1
43006		700	_F_ATTACK_008;28	_F_ATTACK_008;28	16384	0;0;0;17\n25;0;0;20		0	0					PS_O_ATTACK008;0	CAMERASHOCK(C_SKILL01);18		43161;5\n43006;19	1	0	0	2;14	0.0	0.0	0.0	0.0	0.0	0.0	0.0	1
43007		225	_F_ATTACK_008;28	_F_ATTACK_008;28	16416	0;0;0;17\n25;0;0;20		0	284	HIT(95)	GO(0)	S_H_HOLY_CRASH;43160;19		PS_O_HOLY_CRASH;0	CAMERASHOCK(C_SKILL01);18		43170;5\n298;18	1	325	0	1;5;8;14	1.1799999475479126	0.0	1.1799999475479126	0.0	0.0	0.0	0.0	1
43008		225	_F_ATTACK_004;20	_F_ATTACK_004;20	16416	0;0;0;0		0	284	HIT(95)		S_H_BREAKHIT;0;13		PS_O_ATTACK004;0			325;0	1	325	0	1;5;8;14	0.699999988079071	0.0	0.699999988079071	0.0	0.0	0.0	0.0	0
43009		225	_F_ATTACK_015;39	_F_ATTACK_015;39	16416			0	284	HIT(95)	GO(0)	S_H_ATTACK015;0;9\nS_H_ATTACK015;0;24\nS_H_ATTACK015;43190;36		PS_O_ATTACK015;0			43191;0\n325;9\n43191;10\n325;24\n325;32\n43190;35	1	325	0	1;5;8;14;18	0.6000000238418579	0.0	0.6000000238418579	0.0	0.0	0.0	0.0	1
43010		225	_F_ATTACK_008A;35	_F_ATTACK_008A;35	16416	0;0;0;0		0	284	HIT(95)	STUN(100)	S_H_SINGLE_F008A;302;17	-100;180;5	PS_O_SINGLE_F008A;0	CAMERASHOCK(C_SKILL01);17	CAMERASHOCK(C_SKILL01);0	43010;0	1	325	0	1;5;8;14;21	0.8500000238418579	0.0	0.8500000238418579	0.0	0.0	0.0	0.0	0
43011		1500	_F_ATTACK_037;0	_F_ATTACK_037;0	16384	RUNEDGE;-1;0;3000		0	284	HIT(100)					motionblur;12;0		43212;0\n43011;1	1	0	0	5	0.0	0.0	0.0	0.0	0.0	0.0	0.0	0
43012		300	_F_ATTACK_069;30	_F_ATTACK_069;30	0	0;0;0;0		0	0					PS_O_BATTLE_SHOUT;0			315;0\n43012;13\n43221;15	1	0	0	13	0.0	0.0	0.0	0.0	0.0	0.0	0.0	2
43013		225	_F_ATTACK_068A;20	_F_ATTACK_068A;20	16416	0;0;0;0		0	0	HIT(100)	STUN(95)	S_H_RAGE_ATTACK;0;11	-1;0;13	PS_O_RAGE_ATTACK_0;0		CAMERASHOCK(C_SKILL01);0	43230;0\n315;1	1	325	0	1;5;8	0.0	0.0	1.399999976158142	1.399999976158142	0.0	0.0	0.0	0
43014	IS1441	300			0			0	0								43243;0	1	0	0	13	0.0	0.0	0.0	0.0	0.0	0.0	0.0	0
43015	IS144	300			0			0	0								43252;0	1	0	0	13	0.0	0.0	0.0	0.0	0.0	0.0	0.0	0
43016	IS1440	300			0			0	0								43262;0	1	0	0	13	0.0	0.0	0.0	0.0	0.0	0.0	0.0	0
43017	IB021	300			0			0	0					PS_O_HOLY_MIGHT;0	CAMERASHOCK(C_SKILL01);28		43270;25	1	0	0	13;33;34	0.0	0.0	0.0	0.0	0.0	0.0	0.0	0
43018	IS145	300			0			0	0								43276;0\n43272;3	1	0	0	13;33	0.0	0.0	0.0	0.0	0.0	0.0	0.0	0
43019	I_CON2_1	3000	_C_ATTACK_003;27	_C_ATTACK_003;27	0			0	0					PS_O_HOLY_CURE;0			43273;15	1	0	0	1;4;5	0.0	0.0	0.0	0.0	0.0	0.0	0.0	0
43020		150	_F_ATTACK_022A;38	_F_ATTACK_022A;38	16384	0;0;0;38		0	0					PS_O_BANGWAVE;0			316;0\n43300;18	1	0	0	13	0.0	0.0	0.0	0.0	0.0	0.0	0.0	0
43021		2000	_F_ATTACK_004;19	_F_ATTACK_004;19	16384	0;0;0;0		0	284					PS_O_SHIELD_THROW;0			43021;14	1	0	0	1;5;8	0.0	0.0	0.0	0.0	0.0	0.0	0.0	3
43022	I_CON2_1	1200	_F_ATTACK_008;34	_F_ATTACK_008;34	16384	0;0;0;0		0	0	GO(0)	GO(0)			PS_O_BATTLE_CALL;0	CAMERASHOCK(C_SKILL01);18		315;0\n43324;17\n43022;18	1	0	0	1;5;17	0.0	0.0	0.0	0.0	0.0	0.0	0.0	1
43110		0			0			0	0									0	0	0	0	0.0	0.0	0.0	0.0	0.0	0.0	0.0	0
43120	IS140	300	_F_ATTACK_006;24	_F_ATTACK_006;24	16384	0;0;0;11\n550;0;0;19		0	0			none;43123;20		PS_O_SHIELD_ASSAULT;0			43121;0\n43123;11\n43122;24	1	1	0	13;29	0.0	0.0	0.0	0.0	0.0	0.0	0.0	0
43130	IS146	225	_C_ATTACK_001;21	_C_ATTACK_001;21	32			0	0	HIT(95)		S_H_PHYSICS_HAMMER;0;15		PS_O_SINGLE_C1;0			43130;0\n323;10	1	350	0	1;5;8;17	1.100000023841858	0.0	1.100000023841858	0.0	0.0	0.0	0.0	0
43131	IS146	200	_F_ATTACK_016;23	_F_ATTACK_016;23	0			0	0					PS_O_SINGLE_SERIAL_ATK_3;0	CAMERASHOCK(C_SKILL01);13		43131;0\n325;10\n43132;14	1	0	0	1;5	0.0	0.0	0.0	0.0	0.0	0.0	0.0	1
43140		0			0			0	0									0	0	0	0	0.0	0.0	0.0	0.0	0.0	0.0	0.0	0
43150		0			0			0	0									0	0	0	0	0.0	0.0	0.0	0.0	0.0	0.0	0.0	0
43151		0			0			0	0									0	0	0	0	0.0	0.0	0.0	0.0	0.0	0.0	0.0	0
43170		0			0			0	0									0	0	0	0	0.0	0.0	0.0	0.0	0.0	0.0	0.0	0
43180		225	_F_ATTACK_005;25	_F_ATTACK_005;25	16416	0;0;0;0		0	284	HIT(120)	STUN(120)	S_H_SINGLE_F008A;0;17	0;-1;1	PS_O_SHIELD_SHOCK;0	CAMERASHOCK(C_SKILL01);17	CAMERASHOCK(C_SKILL01);0	43008;15\n43180;17	1	325	0	0;1;5;14	1.899999976158142	0.0	1.899999976158142	0.0	0.0	0.0	0.0	0
43181		0			0			0	0									0	0	0	0	0.0	0.0	0.0	0.0	0.0	0.0	0.0	0
43182		0			0			0	0									0	0	0	0	0.0	0.0	0.0	0.0	0.0	0.0	0.0	0
43183		0			0			0	0									0	0	0	0	0.0	0.0	0.0	0.0	0.0	0.0	0.0	0
43184		0			0			0	0									0	0	0	0	0.0	0.0	0.0	0.0	0.0	0.0	0.0	0
43200		225	_F_ATTACK_008A;35	_F_ATTACK_008A;35	16416	0;0;0;0		0	284	HIT(95)	STUN(100)	S_H_SINGLE_F008A_POWER;302;17	-150;100;3	PS_O_SINGLE_F008A_POWER;0	CAMERASHOCK(C_SKILL01);17	CAMERASHOCK(C_SKILL01);0	43010;0	1	325	0	1;5;8;14	3.0	0.0	3.0	0.0	0.0	0.0	0.0	0
43201		0			0			0	0									0	0	0	0	0.0	0.0	0.0	0.0	0.0	0.0	0.0	0
43210		0			0			0	0									0	0	0	0	0.0	0.0	0.0	0.0	0.0	0.0	0.0	0
43230		225	_F_ATTACK_068B;20	_F_ATTACK_068B;20	16416	0;0;0;0		0	0	HIT(100)	STUN(95)	S_H_RAGE_ATTACK;0;11	-1;0;5	PS_O_RAGE_ATTACK_1;0	CAMERASHOCK(C_SKILL01);11	CAMERASHOCK(C_SKILL01);0	43231;0\n315;1	1	325	0	1;5;8	0.0	0.0	1.7000000476837158	1.7000000476837158	0.0	0.0	0.0	0
43231		225	_F_ATTACK_068C;20	_F_ATTACK_068C;20	16416	0;0;0;0		0	0	HIT(100)	STUN(95)	S_H_RAGE_ATTACK;0;11	-1;0;5	PS_O_RAGE_ATTACK_2;0	CAMERASHOCK(C_SKILL01);11	CAMERASHOCK(C_SKILL01);0	43232;0\n315;1	1	325	0	1;5;8	0.0	0.0	2.200000047683716	2.200000047683716	0.0	0.0	0.0	0
43232		225	_F_ATTACK_068D;30	_F_ATTACK_068D;30	16416	0;0;0;0		0	0	HIT(100)	STUN(95)	S_H_RAGE_ATTACK;503;13	-100;200;5	PS_O_RAGE_ATTACK_3;0	CAMERASHOCK(C_SKILL01);13	CAMERASHOCK(C_SKILL01);0	43233;0\n315;1	1	325	0	1;5;8	0.0	0.0	3.5	3.5	0.0	0.0	0.0	0
43240		0			0			0	0									0	0	0	0	0.0	0.0	0.0	0.0	0.0	0.0	0.0	0
43250		0			0			0	0									0	0	0	0	0.0	0.0	0.0	0.0	0.0	0.0	0.0	0
43260		0			0			0	0									0	0	0	0	0.0	0.0	0.0	0.0	0.0	0.0	0.0	0
43270		0			0			0	0									0	0	0	0	0.0	0.0	0.0	0.0	0.0	0.0	0.0	0
43280		0			0			0	0									0	0	0	0	0.0	0.0	0.0	0.0	0.0	0.0	0.0	0
43290		0			0			0	0									0	0	0	0	0.0	0.0	0.0	0.0	0.0	0.0	0.0	0
43310		0			0			0	0									0	0	0	0	0.0	0.0	0.0	0.0	0.0	0.0	0.0	0
43320	I_CON2_1	1200	_F_ATTACK_008;34	_F_ATTACK_008;34	16384	0;0;0;0		0	0	GO(0)	GO(0)			PS_O_BATTLE_CALL;0	CAMERASHOCK(C_SKILL01);18		315;0\n43324;17\n43320;18	1	0	0	1;5;17	0.0	0.0	0.0	0.0	0.0	0.0	0.0	0
43321	I_CON2_1	1200	_F_ATTACK_008;34	_F_ATTACK_008;34	16384	0;0;0;0		0	0	GO(0)	GO(0)			PS_O_BATTLE_CALL;0	CAMERASHOCK(C_SKILL01);18		315;0\n43324;17\n43321;18	1	0	0	1;5;17	0.0	0.0	0.0	0.0	0.0	0.0	0.0	0
43322	I_CON2_1	1200	_F_ATTACK_008;34	_F_ATTACK_008;34	16384	0;0;0;0		0	0	GO(0)	GO(0)			PS_O_BATTLE_CALL;0	CAMERASHOCK(C_SKILL01);18		315;0\n43324;17\n43322;18	1	0	0	1;5;17	0.0	0.0	0.0	0.0	0.0	0.0	0.0	0
43323	I_CON2_1	1200	_F_ATTACK_008;34	_F_ATTACK_008;34	16384	0;0;0;0		0	0	GO(0)	GO(0)			PS_O_BATTLE_CALL;0	CAMERASHOCK(C_SKILL01);18		315;0\n43324;17\n43323;18	1	0	0	1;5;17	0.0	0.0	0.0	0.0	0.0	0.0	0.0	0
44001		1500	_C_ATTACK_021;30\n_C_ATTACK_018;58	_C_ATTACK_021;30\n_C_ATTACK_018;58	16384			0	286								44111;0\n44111;15\n44111;30\n330;47\n44001;48	0	0	0	1;5;7;17;28	0.0	0.0	0.0	0.0	0.0	0.0	0.0	0
44002		1500	_C_ATTACK_021;27\n_C_ATTACK_021;75	_C_ATTACK_021;27\n_C_ATTACK_021;75	16384			0	286								44111;0\n44115;15\n44111;16\n44116;30\n44111;31\n44117;45\n44111;46\n44118;60\n44119;75	0	0	0	1;5;17	0.0	0.0	0.0	0.0	0.0	0.0	0.0	0
44003		1500	_C_ATTACK_001;26	_C_ATTACK_001;26	16384			0	286					PS_C_SUNBURN;0			298;15\n44003;16	1	0	0	1;5;17	0.0	0.0	0.0	0.0	0.0	0.0	0.0	0
44004		1500	_C_ATTACK_021;48\n_C_ATTACK_018;75	_C_ATTACK_021;48\n_C_ATTACK_018;75	16384			0	0	GO(0)	GO(0)			PS_C_KAMEHAMEHA;0\nPS_O_KAMEHAMEHA;48			315;0\n44110;60\n44004;66	1	0	0	13	0.0	0.0	0.0	0.0	0.0	0.0	0.0	0
44005		1500	_F_ATTACK_028;45\n_F_ATTACK_023;74\n_F_ATTACK_023;103\n_F_ATTACK_023;132\n_F_ATTACK_023;161\n_F_ATTACK_023;190\n_F_ATTACK_023;219\n_F_ATTACK_023;240	_F_ATTACK_028;45\n_F_ATTACK_023;74\n_F_ATTACK_023;103\n_F_ATTACK_023;132\n_F_ATTACK_023;161\n_F_ATTACK_023;190\n_F_ATTACK_023;219\n_F_ATTACK_023;240	16384	0;0;0;0		0	0					PS_C_FIRE_FIREINTHEHOLE;0			44150;105\n44151;120\n44152;135\n44153;150\n44150;165\n44151;180\n44152;195\n44153;210\n44150;225\n44151;240	1	0	0	5;6;28	0.0	0.0	0.0	0.0	0.0	0.0	0.0	0
44006	IS1621	2500	_C_ATTACK_003;30	_C_ATTACK_003;30	16384			0	0					PS_O_FIRE_WEAPON;0			44166;20	1	0	0	2;4;17;24;29	0.0	0.0	0.0	0.0	0.0	0.0	0.0	0
44007		3000	_F_ATTACK_019;26	_F_ATTACK_019;26	16384	0;0;0;0		0	0					PS_O_HEAL_MINOR;0			281;17\n44007;18	1	0	0	1;4;5	0.0	0.0	0.0	0.0	0.0	0.0	0.0	0
44008		3000	_F_ATTACK_028;21\n_F_ATTACK_023;50	_F_ATTACK_028;21\n_F_ATTACK_023;50	16384	0;0;0;0		0	0					PS_C_HEAL_MINOR;0\nPS_O_HEAL_MINOR;15			44126;30\n298;35\n44008;40	1	0	0	1;4;5	0.0	0.0	0.0	0.0	0.0	0.0	0.0	0
44009		3000	_C_ATTACK_001;26	_C_ATTACK_001;26	16384			0	0					PS_C_SUNHEAL;0			315;0\n281;10\n44009;14	1	0	0	1;4;5;11;17	0.0	0.0	0.0	0.0	0.0	0.0	0.0	0
44010		1500	_C_ATTACK_021;48\n_C_ATTACK_021;61\n_C_ATTACK_002;90	_C_ATTACK_021;48\n_C_ATTACK_021;61\n_C_ATTACK_002;90	16384			0	0								44111;0\n315;5\n44111;15\n44111;30\n44111;45\n44111;60\n44010;75	1	0	0	13	0.0	0.0	0.0	0.0	0.0	0.0	0.0	0
44011		2500	_F_ATTACK_028;45\n_F_ATTACK_023;74\n_F_ATTACK_023;103\n_F_ATTACK_023;132\n_F_ATTACK_023;161\n_F_ATTACK_023;190\n_F_ATTACK_023;219\n_F_ATTACK_023;240	_F_ATTACK_028;45\n_F_ATTACK_023;74\n_F_ATTACK_023;103\n_F_ATTACK_023;132\n_F_ATTACK_023;161\n_F_ATTACK_023;190\n_F_ATTACK_023;219\n_F_ATTACK_023;240	16384	0;0;0;0		0	0					PS_C_HEAL_FIREINTHEHOLE;0\nPS_C_HEAL_FIREINTHEHOLE;120			44210;105\n44211;120\n44212;135\n44213;150\n44210;165\n44211;180\n44212;195\n44213;210\n44210;225\n44211;240	1	0	0	5;6;28	0.0	0.0	0.0	0.0	0.0	0.0	0.0	0
44012		300	_C_ATTACK_021;48\n_C_ATTACK_021;88\n_C_ATTACK_003;120	_C_ATTACK_021;48\n_C_ATTACK_021;88\n_C_ATTACK_003;120	16384			0	0	GO(0)	GO(0)			PS_C_HEAL_MINOR;0\nPS_C_HEAL_MINOR;45\nPS_O_BLESSING_PRAY;88			44224;0\n44224;20\n44224;40\n44224;60\n44224;80\n44224;100\n44012;104\n44223;120	1	300	0	13	0.0	0.0	0.0	0.0	0.0	0.0	0.0	0
44013		2750	_C_ATTACK_003;30	_C_ATTACK_003;30	0			0	0					PS_O_SUNSHIELD;0			315;0\n44013;6	0	0	0	5;6	0.0	0.0	0.0	0.0	0.0	0.0	0.0	0
44014	I_CON3_1	100	_F_ATTACK_028;45\n_F_ATTACK_023;74\n_F_ATTACK_023;100	_F_ATTACK_028;45\n_F_ATTACK_023;74\n_F_ATTACK_023;100	0	0;0;0;0		0	0					PS_O_SACRIFICE;0			44102;0\n44100;90	1	0	0	13	0.0	0.0	0.0	0.0	0.0	0.0	0.0	0
44015		2500	_C_ATTACK_018;29	_C_ATTACK_018;29	0			0	0	GO(0)				PS_C_HEAL_MINOR_YELLOW;0			44224;0\n298;15\n44015;18	1	0	0	5;6;17	0.0	0.0	0.0	0.0	0.0	0.0	0.0	0
44016		1500	_F_ATTACK_003;24	_F_ATTACK_003;24	16384	0;0;0;0		0	0					PS_O_SUN_PUNISHMENT;0			44016;15	1	0	0	1;5	0.0	0.0	0.0	0.0	0.0	0.0	0.0	0
44017		2100	_F_ATTACK_003;32	_F_ATTACK_003;32	0	0;0;0;0		0	0					PS_O_EMERGY_RECYCLE;0			44017;0\n44319;15	1	0	0	13	0.0	0.0	0.0	0.0	0.0	0.0	0.0	0
44018		2100	_F_ATTACK_043;15\n_F_ATTACK_043A;45\n_F_ATTACK_043A;75\n_F_ATTACK_043A;105\n_F_ATTACK_043A;135	_F_ATTACK_043;15\n_F_ATTACK_043A;45\n_F_ATTACK_043A;75\n_F_ATTACK_043A;105\n_F_ATTACK_043A;135	16384			0	0	GO(0)				PS_O_SPIT_FIRE;0			44280;0\n44018;15\n44280;20\n44018;25\n44018;35\n44280;40\n44018;45\n44018;55\n44280;60\n44018;65\n44018;75\n44280;80\n44018;85\n44018;95\n44280;100\n44018;105\n44018;115\n44018;125\n44018;135	1	0	0	13;28	0.0	0.0	0.0	0.0	0.0	0.0	0.0	0
44019		1700	_F_ATTACK_050;31	_F_ATTACK_050;31	16384	0;0;0;12\n80;0;0;15		0	286					PS_O_SPOTLIGHT;0			298;0\n44019;16	1	0	0	1;5;27	0.0	0.0	0.0	0.0	0.0	0.0	0.0	0
44020		3000	_C_ATTACK_021;27\n_C_ATTACK_021;75	_C_ATTACK_021;27\n_C_ATTACK_021;75	16384			0	0					PS_C_HEAL_MINOR;0\nPS_C_HEAL_MINOR;30			44301;30\n44302;40\n44303;50\n44304;60\n44305;70	1	0	0	1;4	0.0	0.0	0.0	0.0	0.0	0.0	0.0	0
44021		1500	_C_ATTACK_021;30\n_C_ATTACK_003;62	_C_ATTACK_021;30\n_C_ATTACK_003;62	16384			0	0					PS_O_FIRE_WEAPON;30			44111;0\n44021;1\n44111;15\n44111;30\n298;50	1	0	0	1	0.0	0.0	0.0	0.0	0.0	0.0	0.0	0
44022		1500	_F_ATTACK_021;48\n_F_ATTACK_021;96\n_F_ATTACK_003;128	_F_ATTACK_021;48\n_F_ATTACK_021;96\n_F_ATTACK_003;128	16384	0;0;0;0		0	0	GO(0)				PS_O_FIRE_WEAPON;96			44111;0\n317;1\n44111;15\n44111;30\n44111;45\n44111;60\n44111;75\n44022;113	1	0	0	5;6	0.0	0.0	0.0	0.0	0.0	0.0	0.0	0
44120		1500	_C_ATTACK_021;27\n_C_ATTACK_021;75	_C_ATTACK_021;27\n_C_ATTACK_021;75	16384			0	286								44111;0\n315;5\n44116;10\n44111;15\n44117;20\n44118;30\n44111;31\n44119;40\n44111;45\n44120;50\n44121;60\n44122;70	1	0	0	1;5	0.0	0.0	0.0	0.0	0.0	0.0	0.0	0
44121		1500	_C_ATTACK_021;27\n_C_ATTACK_021;75	_C_ATTACK_021;27\n_C_ATTACK_021;75	16384			0	286								44111;0\n316;5\n44200;12\n44111;15\n44201;24\n44111;30\n44202;36\n44111;45\n44203;48\n44204;60\n44205;70	1	0	0	1;5	0.0	0.0	0.0	0.0	0.0	0.0	0.0	0
44122		1500	_C_ATTACK_021;27\n_C_ATTACK_021;75	_C_ATTACK_021;27\n_C_ATTACK_021;75	16384			0	286								44111;0\n317;5\n44200;8\n44111;15\n44201;16\n44202;24\n44111;30\n44203;32\n44204;40\n44111;45\n44205;48\n44206;56\n44207;64\n44208;72	1	0	0	1;5	0.0	0.0	0.0	0.0	0.0	0.0	0.0	0
44140		1500	_C_ATTACK_021;48\n_C_ATTACK_018;75	_C_ATTACK_021;48\n_C_ATTACK_018;75	16384			0	0	GO(0)	GO(0)			PS_C_KAMEHAMEHA;0\nPS_O_KAMEHAMEHA;48			315;0\n44110;60\n44123;66	1	0	0	13	0.0	0.0	0.0	0.0	0.0	0.0	0.0	0
44141		1500	_C_ATTACK_021;48\n_C_ATTACK_018;75	_C_ATTACK_021;48\n_C_ATTACK_018;75	16384			0	0	GO(0)	GO(0)			PS_C_KAMEHAMEHA;0\nPS_O_KAMEHAMEHA;48			315;0\n44110;60\n44124;66	1	0	0	13	0.0	0.0	0.0	0.0	0.0	0.0	0.0	0
44142		1500	_C_ATTACK_021;48\n_C_ATTACK_018;75	_C_ATTACK_021;48\n_C_ATTACK_018;75	16384			0	0	GO(0)	GO(0)			PS_C_KAMEHAMEHA;0\nPS_O_KAMEHAMEHA;48			315;0\n44110;60\n44125;66	1	0	0	13	0.0	0.0	0.0	0.0	0.0	0.0	0.0	0
44150		1500	_F_ATTACK_028;45\n_F_ATTACK_023;74\n_F_ATTACK_023;103\n_F_ATTACK_023;132\n_F_ATTACK_023;161\n_F_ATTACK_023;190\n_F_ATTACK_023;219\n_F_ATTACK_023;240	_F_ATTACK_028;45\n_F_ATTACK_023;74\n_F_ATTACK_023;103\n_F_ATTACK_023;132\n_F_ATTACK_023;161\n_F_ATTACK_023;190\n_F_ATTACK_023;219\n_F_ATTACK_023;240	16384	0;0;0;0		0	0					PS_C_FIRE_FIREINTHEHOLE;0			315;0\n44143;75\n44144;90\n44145;105\n44146;120\n44143;135\n44144;150\n44145;165\n44146;180\n44143;195\n44144;210\n44145;225\n44146;240	1	0	0	5;6;28	0.0	0.0	0.0	0.0	0.0	0.0	0.0	0
44151		1500	_F_ATTACK_028;45\n_F_ATTACK_023;74\n_F_ATTACK_023;103\n_F_ATTACK_023;132\n_F_ATTACK_023;161\n_F_ATTACK_023;190\n_F_ATTACK_023;219\n_F_ATTACK_023;240	_F_ATTACK_028;45\n_F_ATTACK_023;74\n_F_ATTACK_023;103\n_F_ATTACK_023;132\n_F_ATTACK_023;161\n_F_ATTACK_023;190\n_F_ATTACK_023;219\n_F_ATTACK_023;240	16384	0;0;0;0		0	0					PS_C_FIRE_FIREINTHEHOLE;0			316;0\n44154;45\n44155;60\n44156;75\n44157;90\n44154;105\n44155;120\n44156;135\n44157;150\n44154;165\n44155;180\n44156;195\n44157;210\n44154;225\n44155;240	1	0	0	5;6;28	0.0	0.0	0.0	0.0	0.0	0.0	0.0	0
44152		1500	_F_ATTACK_028;45\n_F_ATTACK_023;74\n_F_ATTACK_023;103\n_F_ATTACK_023;132\n_F_ATTACK_023;161\n_F_ATTACK_023;190\n_F_ATTACK_023;219\n_F_ATTACK_023;240	_F_ATTACK_028;45\n_F_ATTACK_023;74\n_F_ATTACK_023;103\n_F_ATTACK_023;132\n_F_ATTACK_023;161\n_F_ATTACK_023;190\n_F_ATTACK_023;219\n_F_ATTACK_023;240	16384	0;0;0;0		0	0					PS_C_FIRE_FIREINTHEHOLE;0			317;0\n44167;15\n44168;30\n44169;45\n44170;60\n44167;75\n44168;90\n44169;105\n44170;120\n44167;135\n44168;150\n44169;165\n44170;180\n44167;195\n44168;210\n44169;225\n44170;240	1	0	0	5;6;28	0.0	0.0	0.0	0.0	0.0	0.0	0.0	0
44160	IS1621	2500	_C_ATTACK_003;30	_C_ATTACK_003;30	16384			0	0	GO(0)	GO(0)			PS_O_FIRE_WEAPON;0			315;0\n44165;20	1	0	0	2;4;17;24;29	0.0	0.0	0.0	0.0	0.0	0.0	0.0	0
44161	I_CON3_1	100	_F_ATTACK_028;25	_F_ATTACK_028;25	0	0;0;0;0		0	0	GO(0)	GO(0)	none;44014;1						1	0	0	13	0.0	0.0	0.0	0.0	0.0	0.0	0.0	0
44162		0			0			0	0									0	0	0	0	0.0	0.0	0.0	0.0	0.0	0.0	0.0	0
44200		0			0			0	0									0	0	0	0	0.0	0.0	0.0	0.0	0.0	0.0	0.0	0
44201		0			0			0	0									0	0	0	0	0.0	0.0	0.0	0.0	0.0	0.0	0.0	0
44202		0			0			0	0									0	0	0	0	0.0	0.0	0.0	0.0	0.0	0.0	0.0	0
44210		1500	_F_ATTACK_028;45\n_F_ATTACK_023;74\n_F_ATTACK_023;103\n_F_ATTACK_023;132\n_F_ATTACK_023;161\n_F_ATTACK_023;190\n_F_ATTACK_023;219\n_F_ATTACK_023;240	_F_ATTACK_028;45\n_F_ATTACK_023;74\n_F_ATTACK_023;103\n_F_ATTACK_023;132\n_F_ATTACK_023;161\n_F_ATTACK_023;190\n_F_ATTACK_023;219\n_F_ATTACK_023;240	16384	0;0;0;0		0	0					PS_C_HEAL_FIREINTHEHOLE;0\nPS_C_HEAL_FIREINTHEHOLE;120			315;0\n44260;75\n44261;90\n44262;105\n44263;120\n44260;135\n44261;150\n44262;165\n44263;180\n44260;195\n44261;210\n44262;225\n44263;240	1	0	0	5;6;28	0.0	0.0	0.0	0.0	0.0	0.0	0.0	0
44211		1500	_F_ATTACK_028;45\n_F_ATTACK_023;74\n_F_ATTACK_023;103\n_F_ATTACK_023;132\n_F_ATTACK_023;161\n_F_ATTACK_023;190\n_F_ATTACK_023;219\n_F_ATTACK_023;240	_F_ATTACK_028;45\n_F_ATTACK_023;74\n_F_ATTACK_023;103\n_F_ATTACK_023;132\n_F_ATTACK_023;161\n_F_ATTACK_023;190\n_F_ATTACK_023;219\n_F_ATTACK_023;240	16384	0;0;0;0		0	0					PS_C_HEAL_FIREINTHEHOLE;0\nPS_C_HEAL_FIREINTHEHOLE;120			316;0\n44267;45\n44268;60\n44265;75\n44266;90\n44267;105\n44268;120\n44265;135\n44266;150\n44267;165\n44268;180\n44265;195\n44266;210\n44267;225\n44268;240	1	0	0	5;6;28	0.0	0.0	0.0	0.0	0.0	0.0	0.0	0
44212		1500	_F_ATTACK_028;45\n_F_ATTACK_023;74\n_F_ATTACK_023;103\n_F_ATTACK_023;132\n_F_ATTACK_023;161\n_F_ATTACK_023;190\n_F_ATTACK_023;219\n_F_ATTACK_023;240	_F_ATTACK_028;45\n_F_ATTACK_023;74\n_F_ATTACK_023;103\n_F_ATTACK_023;132\n_F_ATTACK_023;161\n_F_ATTACK_023;190\n_F_ATTACK_023;219\n_F_ATTACK_023;240	16384	0;0;0;0		0	0					PS_C_HEAL_FIREINTHEHOLE;0\nPS_C_HEAL_FIREINTHEHOLE;120			317;0\n44270;15\n44271;30\n44272;45\n44273;60\n44270;75\n44271;90\n44272;105\n44273;120\n44270;135\n44271;150\n44272;165\n44273;180\n44270;195\n44271;210\n44272;225\n44273;240	1	0	0	5;6;28	0.0	0.0	0.0	0.0	0.0	0.0	0.0	0
44220		300	_C_ATTACK_021;48\n_C_ATTACK_021;88\n_C_ATTACK_003;120	_C_ATTACK_021;48\n_C_ATTACK_021;88\n_C_ATTACK_003;120	16384			0	0					PS_C_HEAL_MINOR;0\nPS_C_HEAL_MINOR;45\nPS_O_BLESSING_PRAY;88			44224;0\n44224;20\n44224;40\n44224;60\n44224;80\n44224;100\n44012;104\n44220;120	1	0	0	13	0.0	0.0	0.0	0.0	0.0	0.0	0.0	0
44221		300	_C_ATTACK_021;48\n_C_ATTACK_021;88\n_C_ATTACK_003;120	_C_ATTACK_021;48\n_C_ATTACK_021;88\n_C_ATTACK_003;120	16384			0	0					PS_C_HEAL_MINOR;0\nPS_C_HEAL_MINOR;45\nPS_O_BLESSING_PRAY;88			44224;0\n44224;20\n44224;40\n44224;60\n44224;80\n44224;100\n44012;104\n44221;120	1	0	0	13	0.0	0.0	0.0	0.0	0.0	0.0	0.0	0
44222		300	_C_ATTACK_021;48\n_C_ATTACK_021;88\n_C_ATTACK_003;120	_C_ATTACK_021;48\n_C_ATTACK_021;88\n_C_ATTACK_003;120	16384			0	0					PS_C_HEAL_MINOR;0\nPS_C_HEAL_MINOR;45\nPS_O_BLESSING_PRAY;88			44224;0\n44224;20\n44224;40\n44224;60\n44224;80\n44224;100\n44012;104\n44222;120	1	0	0	13	0.0	0.0	0.0	0.0	0.0	0.0	0.0	0
44300		3000	_C_ATTACK_021;27\n_C_ATTACK_021;75	_C_ATTACK_021;27\n_C_ATTACK_021;75	16384			0	0					PS_C_HEAL_MINOR;0\nPS_C_HEAL_MINOR;30			315;0\n44301;15\n44302;25\n44303;35\n44304;45\n44305;55\n44306;65\n44307;75	1	0	0	1;4	0.0	0.0	0.0	0.0	0.0	0.0	0.0	0
44301		3000	_C_ATTACK_021;27\n_C_ATTACK_021;75	_C_ATTACK_021;27\n_C_ATTACK_021;75	16384			0	0					PS_C_HEAL_MINOR;0\nPS_C_HEAL_MINOR;30			316;0\n44301;11\n44302;19\n44303;27\n44304;35\n44305;43\n44306;51\n44307;59\n44308;67\n44309;75	1	0	0	1;4	0.0	0.0	0.0	0.0	0.0	0.0	0.0	0
44302		3000	_C_ATTACK_021;27\n_C_ATTACK_021;75	_C_ATTACK_021;27\n_C_ATTACK_021;75	16384			0	0					PS_C_HEAL_MINOR;0\nPS_C_HEAL_MINOR;30			317;0\n44301;9\n44302;15\n44303;21\n44304;27\n44305;33\n44306;39\n44307;45\n44308;51\n44309;57\n44315;63\n44316;69\n44317;75	1	0	0	1;4	0.0	0.0	0.0	0.0	0.0	0.0	0.0	0
45000		0			0			0	0									0	0	0	0	0.0	0.0	0.0	0.0	0.0	0.0	0.0	0
45001		1500	_C_ATTACK_001;24	_C_ATTACK_001;24	16384			0	290					PS_O_EVIL_SPIRIT_1;0			45115;0\n45001;14	1	0	0	1;5;17	0.0	0.0	0.0	0.0	0.0	0.0	0.0	0
45002		1500	_F_ATTACK_054;12	_F_ATTACK_054;12	16384	0;0;0;0		0	290					PS_O_POSSESSION_OF_PUPPET;0			330;0\n298;1\n45002;10	1	0	0	1;5	0.0	0.0	0.0	0.0	0.0	0.0	0.0	0
45003		1500	_C_ATTACK_062A;16	_C_ATTACK_062A;16	16384			0	0								45133;9	0	0	0	13;17	0.0	0.0	0.0	0.0	0.0	0.0	0.0	0
45004		1500	_C_ATTACK_062A;16	_C_ATTACK_062A;16	16384			0	0					PS_O_POISON_NOVA_SELF;0			45140;9	0	0	0	13;17	0.0	0.0	0.0	0.0	0.0	0.0	0.0	0
45005		1500	_C_ATTACK_062;16	_C_ATTACK_062;16	16384			0	0					PS_O_POISON_WAVE;0			45005;8	0	0	0	13;17	0.0	0.0	0.0	0.0	0.0	0.0	0.0	0
45006		1500	_F_ATTACK_054A;10	_F_ATTACK_054A;10	0	0;0;0;0		0	0					PS_O_PUPPET_DEFENCE;0			330;0\n45006;5	1	0	0	1;5	0.0	0.0	0.0	0.0	0.0	0.0	0.0	0
45007		1500	_F_ATTACK_054A;10	_F_ATTACK_054A;10	0	0;0;0;0		0	0					PS_O_PUPPET_OFFENSE;0			330;0\n45007;5	1	0	0	1;5	0.0	0.0	0.0	0.0	0.0	0.0	0.0	0
45008		1500	_F_ATTACK_000;20	_F_ATTACK_000;20	16384	0;0;0;0		0	290					PS_O_CURSE_EXPLOSION;0	CAMERASHOCK(C_SKILL01);14		45008;13	0	0	0	1;5	0.0	0.0	0.0	0.0	0.0	0.0	0.0	0
45009		1500	_F_ATTACK_012;30	_F_ATTACK_012;30	16384	0;0;0;0		0	0					PS_O_DARK_GRAVITY;0	CAMERASHOCK(C_SKILL01);26		298;0\n45009;26	0	0	0	1	0.0	0.0	0.0	0.0	0.0	0.0	0.0	0
45010		1500	_F_ATTACK_047;90	_F_ATTACK_047;90	16384	0;0;0;0		0	290					PS_O_PUPPET_BODYCONTROL;0			45203;0\n45202;1\n45010;5\n45200;15\n45201;37\n45201;52\n45201;66\n45002;80	0	0	0	1	0.0	0.0	0.0	0.0	0.0	0.0	0.0	0
45011		1500	_F_ATTACK_064;115	_F_ATTACK_064;115	16384	0;0;0;0		0	290					PS_O_DARK_CRYSTAL;0			317;0\n45011;1\n45011;20\n45011;40\n45011;60\n45011;80\n45210;88	0	0	0	1;5	0.0	0.0	0.0	0.0	0.0	0.0	0.0	0
45012		1500	_F_ATTACK_059;30	_F_ATTACK_059;30	16384	0;0;0;0		0	0					PS_O_PUPPET_CRASH;0			45124;3\n45012;10	0	0	0	13	0.0	0.0	0.0	0.0	0.0	0.0	0.0	0
45013		1500	_F_ATTACK_056;26	_F_ATTACK_056;26	16384	-500;0;0;12		0	0					PS_O_PUPPET_CLAW;0			298;0\n45013;13	0	0	0	13	0.0	0.0	0.0	0.0	0.0	0.0	0.0	0
45014		1500	_F_ATTACK_057;27	_F_ATTACK_057;27	16384			0	0					PS_O_PUPPET_SLAP;0			45014;10	0	0	0	13	0.0	0.0	0.0	0.0	0.0	0.0	0.0	0
45015		1500	_F_ATTACK_012;35	_F_ATTACK_012;35	0	0;0;0;0		0	0					PS_O_VOODOO_FIELD;0	CAMERASHOCK(C_SKILL01);24		316;0\n45015;5	0	0	0	1	0.0	0.0	0.0	0.0	0.0	0.0	0.0	0
45016		200	_F_ATTACK_058;30	_F_ATTACK_058;30	16417	0;0;0;0		0	290	HIT(95)	STUN(55)	S_H_DARK_HIT;502;10	-20;150;5	PS_O_PUPPET_RISING_PUNCH;0			298;0	1	300	0	1;5;8	0.0	1.75	0.0	1.75	0.0	0.0	0.0	0
45017		1500	_C_ATTACK_055;16	_C_ATTACK_055;16	16385			0	0	HIT(95)		S_H_DARK_HIT;0;4		PS_O_DARK_WAVE;0			45124;0	10	450	0	2	0.0	0.6499999761581421	0.0	0.6499999761581421	0.0	0.0	0.0	0
45018		1500	_F_ATTACK_060;150	_F_ATTACK_060;150	16384			0	0					PS_O_LIFE_DRAIN;0			317;0\n45280;3\n45018;5\n45018;20\n45018;35\n45018;50\n45018;65\n45018;80\n45018;95\n45018;110\n45018;125	0	0	0	13	0.0	0.0	0.0	0.0	0.0	0.0	0.0	10
45019		1500	_F_ATTACK_061;50	_F_ATTACK_061;50	16384	0;0;0;0		0	0					PS_O_DARK_SOULBALL;0			298;0\n45019;23	0	0	0	13	0.0	0.0	0.0	0.0	0.0	0.0	0.0	0
45020		1500	_F_ATTACK_069;35	_F_ATTACK_069;35	16384	0;0;0;0		0	0					PS_O_EVIL_MIGHT;0	CAMERASHOCK(C_SKILL01);12		319;10\n45020;14\n45300;15	0	0	0	13	0.0	0.0	0.0	0.0	0.0	0.0	0.0	0
45021		1500	_F_ATTACK_063;34	_F_ATTACK_063;34	16384	0;0;0;0		0	290					PS_O_EVIL_RELEASE;0	CAMERASHOCK(C_SKILL01);19		319;0\n45318;19\n45318;21\n45318;25\n45318;29\n45318;34	0	0	0	1	0.0	0.0	0.0	0.0	0.0	0.0	0.0	0
45022		1500	_F_ATTACK_063;34	_F_ATTACK_063;34	16384	0;0;0;0		0	0					PS_O_EVIL_WALL;0			316;0\n45022;19	0	0	0	13	0.0	0.0	0.0	0.0	0.0	0.0	0.0	0
45110		1500	_C_ATTACK_002;30	_C_ATTACK_002;30	16384			0	290					PS_O_EVIL_SPIRIT_2;0			45116;0\n45110;16	1	0	0	1;5;17	0.0	0.0	0.0	0.0	0.0	0.0	0.0	0
45111		1500	_C_ATTACK_000;24	_C_ATTACK_000;24	16384			0	290					PS_O_EVIL_SPIRIT_3;0			45117;0\n45112;15	1	0	0	1;5;17	0.0	0.0	0.0	0.0	0.0	0.0	0.0	0
45120		1500	_F_ATTACK_054A;10	_F_ATTACK_054A;10	16384	0;0;0;0		0	0					PS_O_POSSESSION_OF_PUPPET_RECALL;0			45122;5	1	0	0	1;5	0.0	0.0	0.0	0.0	0.0	0.0	0.0	0
45121		1500	_F_ATTACK_054;12	_F_ATTACK_054;12	16384	0;0;0;0		0	0					PS_O_POSSESSION_OF_PUPPET;0			45120;0\n45002;10	1	0	0	1;5	0.0	0.0	0.0	0.0	0.0	0.0	0.0	0
45130		1500	_C_ATTACK_062;16	_C_ATTACK_062;16	16384			0	0								45003;8	0	0	0	1;5;17	0.0	0.0	0.0	0.0	0.0	0.0	0.0	0
45140		1500	_C_ATTACK_062;16	_C_ATTACK_062;16	16384			0	0								45004;8	0	0	0	1;5;17	0.0	0.0	0.0	0.0	0.0	0.0	0.0	0
45180		1500	_F_ATTACK_000;20	_F_ATTACK_000;20	16384	0;0;0;0		0	290					PS_O_CURSE_EXPLOSION;0			315;0\n45008;13	0	0	0	1	0.0	0.0	0.0	0.0	0.0	0.0	0.0	0
45280		1500	_F_ATTACK_060;150	_F_ATTACK_060;150	16384			0	0					PS_O_LIFE_DRAIN;0			316;0\n45280;3\n45281;5\n45281;20\n45281;35\n45281;50\n45281;65\n45281;80\n45281;95\n45281;110\n45281;125	0	0	0	13	0.0	0.0	0.0	0.0	0.0	0.0	0.0	10
45310		1500	_F_ATTACK_063;34	_F_ATTACK_063;34	16384	0;0;0;0		0	290					PS_O_EVIL_RELEASE;0	CAMERASHOCK(C_SKILL01);19		319;0\n45318;19\n45318;21\n45318;25\n45318;29	0	0	0	1	0.0	0.0	0.0	0.0	0.0	0.0	0.0	0
45311		1500	_F_ATTACK_063;34	_F_ATTACK_063;34	16384	0;0;0;0		0	290					PS_O_EVIL_RELEASE;0	CAMERASHOCK(C_SKILL01);19		319;0\n45318;19\n45318;21\n45318;25	0	0	0	1	0.0	0.0	0.0	0.0	0.0	0.0	0.0	0
45312		1500	_F_ATTACK_063;34	_F_ATTACK_063;34	16384	0;0;0;0		0	290					PS_O_EVIL_RELEASE;0	CAMERASHOCK(C_SKILL01);19		319;0\n45318;19\n45318;21	0	0	0	1	0.0	0.0	0.0	0.0	0.0	0.0	0.0	0
45313		1500	_F_ATTACK_063;34	_F_ATTACK_063;34	16384	0;0;0;0		0	290					PS_O_EVIL_RELEASE;0	CAMERASHOCK(C_SKILL01);19		319;0\n45318;19	0	0	0	1	0.0	0.0	0.0	0.0	0.0	0.0	0.0	0
45320		1500	_F_ATTACK_063;34	_F_ATTACK_063;34	16384	0;0;0;0		0	0					PS_O_EVIL_WALL;0			317;0\n45322;1\n45022;19	0	0	0	13	0.0	0.0	0.0	0.0	0.0	0.0	0.0	0
45321		1500	_F_ATTACK_063;34	_F_ATTACK_063;34	16384	0;0;0;0		0	0					PS_O_EVIL_WALL;0			318;0\n45322;1\n45022;19	0	0	0	13	0.0	0.0	0.0	0.0	0.0	0.0	0.0	0
45322		1500	_F_ATTACK_063;34	_F_ATTACK_063;34	16384	0;0;0;0		0	0					PS_O_EVIL_WALL;0			319;0\n45322;1\n45022;19	0	0	0	13	0.0	0.0	0.0	0.0	0.0	0.0	0.0	0
80410	IS1811	3000	_F_ATTACK_000;28	_F_ATTACK_000;28	0	0;0;0;28		0	0	GO(0)	GO(0)						8096;0\n8094;13	0	100	0	5;6	0.0	0.0	0.0	0.0	0.0	0.0	0.0	0
