n_ID	s_NAME	s_ID_ICON	s_ID_MODEL_PARTS	n_ID_MODEL	n_ID_MAP	n_DROPMODEL_TYPE	s_MODEL_EFFECT	n_TAG_TRADE	n_QUALITY	n_ITEMLV	n_CONDITION_LV	n_CONDITION_GENDER	n_CONDITION_CLASS	n_CONDITION_CAMPS	n_CONDITION_SKILL	n_CONDITION_SKILLLV	n_ICONSLOT	n_EQUIPSLOT	n_EQUIPTYPE	n_EQUIPTYPE_EFFECT	n_TAG_LOOT	s_TAG_EXTRA	n_ID_USAGE	n_CD	n_PRICE_BUY	n_PRICE_VENDER	n_QUATITY_STACK	s_ITEM_EXIST	n_ID_BUFF	s_EQUIPFX	s_VARYDATA	n_BROADCAST	n_BROADCAST_QUANTITY	n_AVATAR_ADMIX	s_HK_VER	s_TC_VER	s_JP_VER	s_TH_VER
1	達人劍魂	ICON_SL_000_000		0	0	0		22	1	1	1	0	0	0	0	0	32768	32768	128	0	1024		0	0	10	1	1		0		42	0	0	0	1.00.0000	1.07.0000	1.07.0000	1.07.0000
2	創角用刃	ICON_SWORD_005_002	SWORD	5	2	1		0	1	5	1	0	3	0	0	0	16384	16384	1	0	4168		0	0	10	1	1		0			0	0	0	1.00.0000	1.07.0000	1.07.0000	1.07.0000
3	創角用鎚	ICON_SSTICK_002_000	SSTICK	2	0	1		0	1	5	1	0	3	0	0	0	8	8	2	0	4168		0	0	10	1	1		0			0	0	0	1.00.0000	1.07.0000	1.07.0000	1.07.0000
4	創角用盾	ICON_SHIELD_001_000	SHIELD	1	0	1		0	1	5	1	0	2	0	0	0	16	16	4	0	4168		0	0	10	1	1		0			0	0	0	1.00.0000	1.07.0000	1.07.0000	1.07.0000
5	創角用浮石	ICON_SKULL_004_004	SKULL	4	4	1		0	1	5	1	0	16	0	0	0	8	24	8	0	4168		0	0	10	1	1		0			0	0	0	1.00.0000	1.07.0000	1.07.0000	1.07.0000
6	創角用短管槍	ICON_FIREARM_001_000	FIREARM	1	0	1		0	1	5	1	0	4	0	0	0	8	24	16	0	4168		0	0	10	1	1		0			0	0	0	1.00.0000	1.07.0000	1.07.0000	1.07.0000
8	創角用長杖	ICON_LSTICK_000_000	LSTICK	0	0	1		0	1	5	1	0	32	0	0	0	8	24	64	0	4168		0	0	10	1	1		0			0	0	0	1.00.0000	1.07.0000	1.07.0000	1.07.0000
9	劍魂	ICON_SL_000_000		0	0	0		10	1	1	1	0	0	0	0	0	32768	32768	128	0	1024		0	0	10000	1	1		0		43	0	0	0	1.00.0000	1.07.0000	1.07.0000	1.07.0000
11	高階劍魂	ICON_SL_000_000		0	0	0		10	2	1	1	0	0	0	0	0	32768	32768	128	0	1024		0	0	10	1	1		0		44	0	0	0	OUT	1.07.0000	1.07.0000	1.07.0000
12	高階劍魂	ICON_SL_000_000		0	0	0		0	2	1	1	0	0	0	0	0	32768	32768	128	0	1024		0	0	10	1	1		0		44	0	0	0	OUT	1.07.0000	1.07.0000	1.07.0000
13	神階劍魂	ICON_SL_000_000		0	0	0		10	3	1	1	0	0	0	0	0	32768	32768	128	0	1024		0	0	10	1	1		0		45	0	0	0	OUT	1.07.0000	1.07.0000	1.07.0000
14	神階劍魂	ICON_SL_000_000		0	0	0		0	3	1	1	0	0	0	0	0	32768	32768	128	0	1024		0	0	10	1	1		0		45	0	0	0	OUT	1.07.0000	1.07.0000	1.07.0000
15	聖階劍魂	ICON_SL_000_000		0	0	0		10	4	1	1	0	0	0	0	0	32768	32768	128	0	1024		0	0	10	1	1		0		26	0	0	0	OUT	1.07.0000	1.07.0000	1.07.0000
16	聖階劍魂	ICON_SL_000_000		0	0	0		0	4	1	1	0	0	0	0	0	32768	32768	128	0	1024		0	0	10	1	1		0		26	0	0	0	OUT	1.07.0000	1.07.0000	1.07.0000
20	威爾森	ICON_SSTICK_006_000	SSTICK	6	0	1		55	3	5	1	0	0	0	0	0	8	8	2	0	16448		0	0	10	5	1		90			0	0	0	1.00.0000	1.07.0000	1.07.0000	1.07.0000
201	短匕首	ICON_SWORD_003_002	SWORD	3	2	1		0	0	0	0	0	0	0	0	0	16384	16384	1	0	4168		0	0	10	1	1		0			0	0	0	1.00.0000	1.07.0000	1.07.0000	1.07.0000
202	尖匕首	ICON_SWORD_003_003	SWORD	3	3	1		0	0	0	0	0	0	0	0	0	16384	16384	1	0	4168		0	0	10	1	1		0			0	0	0	1.00.0000	1.07.0000	1.07.0000	1.07.0000
203	斐翼	ICON_SWORD_004_002	SWORD	4	2	1		0	0	0	0	0	0	0	0	0	16384	16384	1	0	4168		0	0	10	1	1		15211		71	0	0	0	1.00.0000	1.07.0000	1.07.0000	1.07.0000
204	紅羽鉤	ICON_SWORD_004_004	SWORD	4	4	1		0	0	0	0	0	0	0	0	0	16384	16384	1	0	4168		0	0	10	1	1		15217		71	0	0	0	1.10.0000	1.07.0000	1.07.0000	1.07.0000
205	血翼兇鐮	ICON_SWORD_004_000	SWORD	4	0	1		0	0	0	0	0	0	0	0	0	16384	16384	1	0	4168		0	0	10	1	1		15212		71	0	0	0	1.10.0000	1.07.0000	1.07.0000	1.07.0000
206	劣質短匕首	ICON_SWORD_003_002	SWORD	3	2	1		10	1	1	1	0	0	0	0	0	16384	16384	1	0	4168		0	0	10	1	1		0		42;102	0	0	0	1.00.0000	1.07.0000	1.07.0000	1.07.0000
207	5級戰備短匕首	ICON_SWORD_003_002	SWORD	3	2	1		10	1	5	5	0	0	0	0	0	16384	16384	1	0	4168		0	0	10	1	1		0		42;102	0	0	0	1.00.0000	1.07.0000	1.07.0000	1.07.0000
208	烈火之尖	ICON_SWORD_005_003	SWORD	5	3	1		20	4	100	100	0	0	0	0	0	16384	16384	1	0	16448		0	0	600	150	1	1;300	0		26	0	0	0	1.00.0000	1.07.0000	1.07.0000	1.07.0000
210	15級戰備短匕首	ICON_SWORD_003_002	SWORD	3	2	1		10	1	15	15	0	0	0	0	0	16384	16384	1	0	4168		0	0	10	1	1		0		42;102	0	0	0	1.00.0000	1.07.0000	1.07.0000	1.07.0000
211	25級戰備短匕首	ICON_SWORD_003_002	SWORD	3	2	1		10	1	25	25	0	0	0	0	0	16384	16384	1	0	4168		0	0	20	2	1		0		43;102	0	0	0	1.00.0000	1.07.0000	1.07.0000	1.07.0000
212	35級戰備尖匕首	ICON_SWORD_003_003	SWORD	3	3	1		10	1	35	35	0	0	0	0	0	16384	16384	1	0	4168		0	0	30	3	1		0		43;102	0	0	0	1.00.0000	1.07.0000	1.07.0000	1.07.0000
221	40級戰備尖匕首	ICON_SWORD_003_003	SWORD	3	3	1		10	2	40	40	0	0	0	0	0	16384	16384	1	0	4168		0	0	40	20	1		0		43	0	0	0	1.00.0000	1.07.0000	1.07.0000	1.07.0000
222	軍刀	ICON_SWORD_001_004	SWORD	1	4	1	2;1	0	0	0	0	0	0	0	0	0	16384	16384	1	0	4168		0	0	10	1	1		0			0	0	0	1.00.0000	1.07.0000	1.07.0000	1.07.0000
223	鈾刀	ICON_SWORD_001_005	SWORD	1	5	1	2;1	0	0	0	0	0	0	0	0	0	16384	16384	1	0	4168		0	0	10	1	1		0			0	0	0	1.01.0000	1.07.0000	1.07.0000	1.07.0000
224	精鐵細劍	ICON_SWORD_000_000	SWORD	0	0	1		0	0	0	0	0	0	0	0	0	16384	16384	1	0	4168		0	0	10	1	1		0			0	0	0	1.01.0000	1.07.0000	1.07.0000	1.07.0000
225	鬼焱魔刀	ICON_SWORD_005_001	SWORD	5	1	1		23	4	100	1	0	0	0	0	0	16384	16384	1	0	16960		0	0	600	150	1	1;1800	8201		45	0	0	0	1.06.0000	1.07.0000	1.07.0000	1.07.0000
401	護鎚	ICON_SSTICK_002_000	SSTICK	2	0	1	2;2	0	0	0	0	0	0	0	0	0	8	8	2	0	4168		0	0	10	1	1		0			0	0	0	1.00.0000	1.07.0000	1.07.0000	1.07.0000
402	赤鎚	ICON_SSTICK_002_001	SSTICK	2	1	1	2;2	0	0	0	0	0	0	0	0	0	8	8	2	0	4168		0	0	10	1	1		0			0	0	0	1.00.0000	1.07.0000	1.07.0000	1.07.0000
403	寧靜角	ICON_SSTICK_003_004	SSTICK	3	4	1		0	0	0	0	0	0	0	0	0	8	8	2	0	4168		0	0	10	1	1		15211		71	0	0	0	1.00.0000	1.07.0000	1.07.0000	1.07.0000
404	獅王護	ICON_SSTICK_003_002	SSTICK	3	2	1		0	0	0	0	0	0	0	0	0	8	8	2	0	4168		0	0	10	1	1		15217		71	0	0	0	1.10.0000	1.07.0000	1.07.0000	1.07.0000
405	赤色災厄	ICON_SSTICK_003_000	SSTICK	3	0	1		0	0	0	0	0	0	0	0	0	8	8	2	0	4168		0	0	10	1	1		15212		71	0	0	0	1.10.0000	1.07.0000	1.07.0000	1.07.0000
406	劣質護鎚	ICON_SSTICK_002_000	SSTICK	2	0	1		10	1	1	1	0	0	0	0	0	8	8	2	0	4168		0	0	10	1	1		0		42;102	0	0	0	1.00.0000	1.07.0000	1.07.0000	1.07.0000
407	5級戰備護鎚	ICON_SSTICK_002_000	SSTICK	2	0	1		10	1	5	5	0	0	0	0	0	8	8	2	0	4168		0	0	10	1	1		0		42;102	0	0	0	1.00.0000	1.07.0000	1.07.0000	1.07.0000
408	藍星天使	ICON_SSTICK_004_002	SSTICK	4	2	1		20	4	100	100	0	0	0	0	0	8	8	2	0	16448		0	0	600	150	1	1;300	0		26	0	0	0	1.00.0000	1.07.0000	1.07.0000	1.07.0000
410	15級戰備護鎚	ICON_SSTICK_002_000	SSTICK	2	0	1		10	1	15	15	0	0	0	0	0	8	8	2	0	4168		0	0	10	1	1		0		42;102	0	0	0	1.00.0000	1.07.0000	1.07.0000	1.07.0000
411	25級戰備護鎚	ICON_SSTICK_002_000	SSTICK	2	0	1		10	1	25	25	0	0	0	0	0	8	8	2	0	4168		0	0	20	2	1		0		43;102	0	0	0	1.00.0000	1.07.0000	1.07.0000	1.07.0000
412	35級戰備赤鎚	ICON_SSTICK_002_001	SSTICK	2	1	1		10	1	35	35	0	0	0	0	0	8	8	2	0	4168		0	0	30	3	1		0		43;102	0	0	0	1.00.0000	1.07.0000	1.07.0000	1.07.0000
421	40級戰備赤鎚	ICON_SSTICK_002_001	SSTICK	2	1	1		10	2	40	40	0	0	0	0	0	8	8	2	0	4168		0	0	80	20	1		0		43	0	0	0	1.00.0000	1.07.0000	1.07.0000	1.07.0000
422	鈍角鎚	ICON_SSTICK_000_001	SSTICK	0	1	1		0	0	0	0	0	0	0	0	0	8	8	2	0	4168		0	0	10	1	1		0			0	0	0	1.00.0000	1.07.0000	1.07.0000	1.07.0000
423	紅葉之鎚	ICON_SSTICK_000_003	SSTICK	0	3	1		0	0	0	0	0	0	0	0	0	8	8	2	0	4168		0	0	10	1	1		0			0	0	0	1.01.0000	1.07.0000	1.07.0000	1.07.0000
424	堅石激鎚	ICON_SSTICK_001_001	SSTICK	1	1	1		0	0	0	0	0	0	0	0	0	8	8	2	0	4168		0	0	10	1	1		0			0	0	0	1.01.0000	1.07.0000	1.07.0000	1.07.0000
425	破軍碎星	ICON_SSTICK_003_002	SSTICK	3	2	1		23	4	100	1	0	0	0	0	0	8	8	2	0	16960		0	0	600	150	1	1;1800	8204		45	0	0	0	1.06.0000	1.07.0000	1.07.0000	1.07.0000
601	護盾	ICON_SHIELD_001_000	SHIELD	1	0	1		0	0	0	0	0	0	0	0	0	16	16	4	0	4168		0	0	10	1	1		0			0	0	0	1.00.0000	1.07.0000	1.07.0000	1.07.0000
602	赤盾	ICON_SHIELD_001_001	SHIELD	1	1	1		0	0	0	0	0	0	0	0	0	16	16	4	0	4168		0	0	10	1	1		0			0	0	0	1.00.0000	1.07.0000	1.07.0000	1.07.0000
603	月光	ICON_SHIELD_003_004	SHIELD	3	4	1		0	0	0	0	0	0	0	0	0	16	16	4	0	4168		0	0	10	1	1		15214		71	0	0	0	1.00.0000	1.07.0000	1.07.0000	1.07.0000
604	獅冥護	ICON_SHIELD_003_002	SHIELD	3	2	1		0	0	0	0	0	0	0	0	0	16	16	4	0	4168		0	0	10	1	1		15221		71	0	0	0	1.10.0000	1.07.0000	1.07.0000	1.07.0000
605	赤色守護	ICON_SHIELD_003_000	SHIELD	3	0	1		0	0	0	0	0	0	0	0	0	16	16	4	0	4168		0	0	10	1	1		15215		71	0	0	0	1.10.0000	1.07.0000	1.07.0000	1.07.0000
606	劣質護盾	ICON_SHIELD_001_000	SHIELD	1	0	1		10	1	1	1	0	0	0	0	0	16	16	4	0	4168		0	0	10	1	1		0		42;102	0	0	0	1.00.0000	1.07.0000	1.07.0000	1.07.0000
607	5級戰備護盾	ICON_SHIELD_001_000	SHIELD	1	0	1		10	1	5	5	0	0	0	0	0	16	16	4	0	4168		0	0	10	1	1		0		42;102	0	0	0	1.00.0000	1.07.0000	1.07.0000	1.07.0000
608	守護天使	ICON_SHIELD_004_002	SHIELD	4	2	1		20	4	100	100	0	0	0	0	0	16	16	4	0	16448		0	0	600	150	1	1;300	0		26	0	0	0	1.00.0000	1.07.0000	1.07.0000	1.07.0000
610	15級戰備護盾	ICON_SHIELD_001_000	SHIELD	1	0	1		10	1	15	15	0	0	0	0	0	16	16	4	0	4168		0	0	10	1	1		0		42;102	0	0	0	1.00.0000	1.07.0000	1.07.0000	1.07.0000
611	25級戰備護盾	ICON_SHIELD_001_000	SHIELD	1	0	1		10	1	25	25	0	0	0	0	0	16	16	4	0	4168		0	0	20	2	1		0		43;102	0	0	0	1.00.0000	1.07.0000	1.07.0000	1.07.0000
612	35級戰備赤盾	ICON_SHIELD_001_001	SHIELD	1	1	1		10	1	35	35	0	0	0	0	0	16	16	4	0	4168		0	0	30	3	1		0		43;102	0	0	0	1.00.0000	1.07.0000	1.07.0000	1.07.0000
621	40級戰備赤盾	ICON_SHIELD_001_001	SHIELD	1	1	1		10	2	40	40	0	0	0	0	0	16	16	4	0	4168		0	0	80	20	1		0		43	0	0	0	1.00.0000	1.07.0000	1.07.0000	1.07.0000
622	鈍角盾	ICON_SHIELD_000_001	SHIELD	0	1	1		0	0	0	0	0	0	0	0	0	16	16	4	0	4168		0	0	10	1	1		0			0	0	0	1.00.0000	1.07.0000	1.07.0000	1.07.0000
623	紅葉之盾	ICON_SHIELD_000_003	SHIELD	0	3	1		0	0	0	0	0	0	0	0	0	16	16	4	0	4168		0	0	10	1	1		0			0	0	0	1.01.0000	1.07.0000	1.07.0000	1.07.0000
624	堅石激盾	ICON_SHIELD_002_001	SHIELD	2	1	1	2;2	0	0	0	0	0	0	0	0	0	16	16	4	0	4168		0	0	10	1	1		0			0	0	0	1.01.0000	1.07.0000	1.07.0000	1.07.0000
625	黑獅壁壘	ICON_SHIELD_003_003	SHIELD	3	3	1		23	4	100	1	0	0	0	0	0	16	16	4	0	16960		0	0	600	150	1	1;1800	8205		45	0	0	0	1.06.0000	1.07.0000	1.07.0000	1.07.0000
801	青空石	ICON_SKULL_000_000	SKULL	0	0	1		0	0	0	0	0	0	0	0	0	8	24	8	0	4168		0	0	10	1	1		0			0	0	0	1.00.0000	1.07.0000	1.07.0000	1.07.0000
802	山浮石	ICON_SKULL_000_001	SKULL	0	1	1		0	0	0	0	0	0	0	0	0	8	24	8	0	4168		0	0	10	1	1		0			0	0	0	1.00.0000	1.07.0000	1.07.0000	1.07.0000
803	牛王髏	ICON_SKULL_002_000	SKULL	2	0	1	2;2	0	0	0	0	0	0	0	0	0	8	24	8	0	4168		0	0	10	1	1		15211	2;W_SKULL_002_000	71	0	0	0	1.00.0000	1.07.0000	1.07.0000	1.07.0000
804	烈焰紫晶	ICON_SKULL_002_002	SKULL	2	2	1	2;2	0	0	0	0	0	0	0	0	0	8	24	8	0	4168		0	0	10	1	1		15218	2;W_SKULL_002_002	71	0	0	0	1.10.0000	1.07.0000	1.07.0000	1.07.0000
805	冥王凝視	ICON_SKULL_002_006	SKULL	2	6	1	2;2	0	0	0	0	0	0	0	0	0	8	24	8	0	4168		0	0	10	1	1		15212	2;W_SKULL_002_006	71	0	0	0	1.10.0000	1.07.0000	1.07.0000	1.07.0000
806	劣質青空石	ICON_SKULL_000_000	SKULL	0	0	1		10	1	1	1	0	0	0	0	0	8	24	8	0	4168		0	0	10	1	1		0		42;102	0	0	0	1.00.0000	1.07.0000	1.07.0000	1.07.0000
807	5級戰備青空石	ICON_SKULL_000_000	SKULL	0	0	1		10	1	5	5	0	0	0	0	0	8	24	8	0	4168		0	0	10	1	1		0		42;102	0	0	0	1.00.0000	1.07.0000	1.07.0000	1.07.0000
808	黃金骷髏	ICON_SKULL_002_005	SKULL	2	5	1		20	4	100	100	0	0	0	0	0	8	24	8	0	16448		0	0	600	150	1	1;300	0		26	0	0	0	1.00.0000	1.07.0000	1.07.0000	1.07.0000
810	15級戰備青空石	ICON_SKULL_000_000	SKULL	0	0	1		10	1	15	15	0	0	0	0	0	8	24	8	0	4168		0	0	10	1	1		0		42;102	0	0	0	1.00.0000	1.07.0000	1.07.0000	1.07.0000
811	25級戰備青空石	ICON_SKULL_000_000	SKULL	0	0	1		10	1	25	25	0	0	0	0	0	8	24	8	0	4168		0	0	20	2	1		0		43;102	0	0	0	1.00.0000	1.07.0000	1.07.0000	1.07.0000
812	35級戰備山浮石	ICON_SKULL_000_001	SKULL	0	1	1		10	1	35	35	0	0	0	0	0	8	24	8	0	4168		0	0	30	3	1		0		43;102	0	0	0	1.00.0000	1.07.0000	1.07.0000	1.07.0000
821	40級戰備山浮石	ICON_SKULL_000_001	SKULL	0	1	1		10	2	40	40	0	0	0	0	0	8	24	8	0	4168		0	0	80	20	1		0		43	0	0	0	1.00.0000	1.07.0000	1.07.0000	1.07.0000
822	地馬時計	ICON_SKULL_001_001	SKULL	1	1	1		0	0	0	0	0	0	0	0	0	8	24	8	0	4168		0	0	10	1	1		0			0	0	0	1.00.0000	1.07.0000	1.07.0000	1.07.0000
823	清晨之墬	ICON_SKULL_001_005	SKULL	1	5	1		0	0	0	0	0	0	0	0	0	8	24	8	0	4168		0	0	10	1	1		0			0	0	0	1.01.0000	1.07.0000	1.07.0000	1.07.0000
824	誠心祈禱	ICON_SKULL_004_003	SKULL	4	3	1		0	0	0	0	0	0	0	0	0	8	24	8	0	4168		0	0	10	1	1		0			0	0	0	1.01.0000	1.07.0000	1.07.0000	1.07.0000
825	妖言顱骨	ICON_SKULL_002_006	SKULL	2	6	1	2;2	23	4	100	1	0	0	0	0	0	8	24	8	0	16960		0	0	600	150	1	1;1800	8203	2;W_SKULL_002_006	45	0	0	0	1.06.0000	1.07.0000	1.07.0000	1.07.0000
1001	拳槍	ICON_FIREARM_003_000	FIREARM	3	0	1		0	0	0	0	0	0	0	0	0	8	24	16	0	4168		0	0	10	1	1		0			0	0	0	1.00.0000	1.07.0000	1.07.0000	1.07.0000
1002	勁槍	ICON_FIREARM_003_001	FIREARM	3	1	1		0	0	0	0	0	0	0	0	0	8	24	16	0	4168		0	0	10	1	1		0			0	0	0	1.00.0000	1.07.0000	1.07.0000	1.07.0000
1003	古力獅	ICON_FIREARM_004_005	FIREARM	4	5	1		0	0	0	0	0	0	0	0	0	8	24	16	0	4168		0	0	10	1	1		15211	1;W_FIREARM_004_005	71	0	0	0	1.00.0000	1.07.0000	1.07.0000	1.07.0000
1004	靛藍炮	ICON_FIREARM_004_000	FIREARM	4	0	1		0	0	0	0	0	0	0	0	0	8	24	16	0	4168		0	0	10	1	1		15217	1;W_FIREARM_004_000	71	0	0	0	1.10.0000	1.07.0000	1.07.0000	1.07.0000
1005	激戰雙龍	ICON_FIREARM_004_002	FIREARM	4	2	1		0	0	0	0	0	0	0	0	0	8	24	16	0	4168		0	0	10	1	1		15212	1;W_FIREARM_004_002	71	0	0	0	1.10.0000	1.07.0000	1.07.0000	1.07.0000
1006	劣質拳槍	ICON_FIREARM_003_000	FIREARM	3	0	1		10	1	1	1	0	0	0	0	0	8	24	16	0	4168		0	0	10	1	1		0		42;102	0	0	0	1.00.0000	1.07.0000	1.07.0000	1.07.0000
1007	5級戰備拳槍	ICON_FIREARM_003_000	FIREARM	3	0	1		10	1	5	5	0	0	0	0	0	8	24	16	0	4168		0	0	10	1	1		0		42;102	0	0	0	1.00.0000	1.07.0000	1.07.0000	1.07.0000
1008	繽紛甜筒	ICON_FIREARM_004_004	FIREARM	4	4	1		20	4	100	100	0	0	0	0	0	8	24	16	0	16448		0	0	600	150	1	1;300	0		26	0	0	0	1.00.0000	1.07.0000	1.07.0000	1.07.0000
1010	15級戰備拳槍	ICON_FIREARM_003_000	FIREARM	3	0	1		10	1	15	15	0	0	0	0	0	8	24	16	0	4168		0	0	10	1	1		0		42;102	0	0	0	1.00.0000	1.07.0000	1.07.0000	1.07.0000
1011	25級戰備拳槍	ICON_FIREARM_003_000	FIREARM	3	0	1		10	1	25	25	0	0	0	0	0	8	24	16	0	4168		0	0	20	2	1		0		43;102	0	0	0	1.00.0000	1.07.0000	1.07.0000	1.07.0000
1012	35級戰備勁槍	ICON_FIREARM_003_001	FIREARM	3	1	1		10	1	35	35	0	0	0	0	0	8	24	16	0	4168		0	0	30	3	1		0		43;102	0	0	0	1.00.0000	1.07.0000	1.07.0000	1.07.0000
1021	40級戰備勁槍	ICON_FIREARM_003_001	FIREARM	3	1	1		10	2	40	40	0	0	0	0	0	8	24	16	0	4168		0	0	80	20	1		0		43	0	0	0	1.00.0000	1.07.0000	1.07.0000	1.07.0000
1022	海賊短管	ICON_FIREARM_000_000	FIREARM	0	0	1		0	0	0	0	0	0	0	0	0	8	24	16	0	4168		0	0	10	1	1		0			0	0	0	1.00.0000	1.07.0000	1.07.0000	1.07.0000
1023	暴動短管	ICON_FIREARM_000_001	FIREARM	0	1	1		0	0	0	0	0	0	0	0	0	8	24	16	0	4168		0	0	10	1	1		0			0	0	0	1.01.0000	1.07.0000	1.07.0000	1.07.0000
1024	暴風細槍	ICON_FIREARM_001_000	FIREARM	1	0	1		0	0	0	0	0	0	0	0	0	8	24	16	0	4168		0	0	10	1	1		0			0	0	0	1.01.0000	1.07.0000	1.07.0000	1.07.0000
1025	破龍爆銃	ICON_FIREARM_004_002	FIREARM	4	2	1		23	4	100	1	0	0	0	0	0	8	24	16	0	16960		0	0	600	150	1	1;1800	8202	1;W_FIREARM_004_002	45	0	0	0	1.06.0000	1.07.0000	1.07.0000	1.07.0000
1201	木羽杖	ICON_LSTICK_001_000	LSTICK	1	0	1		0	0	0	0	0	0	0	0	0	8	24	64	0	4168		0	0	10	1	1		0			0	0	0	1.00.0000	1.07.0000	1.07.0000	1.07.0000
1202	蒼羽杖	ICON_LSTICK_001_001	LSTICK	1	1	1		0	0	0	0	0	0	0	0	0	8	24	64	0	4168		0	0	10	1	1		0			0	0	0	1.00.0000	1.07.0000	1.07.0000	1.07.0000
1203	玫瑰	ICON_LSTICK_004_002	LSTICK	4	2	1	2;2	0	0	0	0	0	0	0	0	0	8	24	64	0	4168		0	0	10	1	1		15211	2;W_LSTICK_004_002SP	71	0	0	0	1.00.0000	1.07.0000	1.07.0000	1.07.0000
1204	森林樂章	ICON_LSTICK_004_004	LSTICK	4	4	1	2;2	0	0	0	0	0	0	0	0	0	8	24	64	0	4168		0	0	10	1	1		15218	2;W_LSTICK_004_004SP	71	0	0	0	1.10.0000	1.07.0000	1.07.0000	1.07.0000
1205	惡魔副本	ICON_LSTICK_004_000	LSTICK	4	0	1	2;2	0	0	0	0	0	0	0	0	0	8	24	64	0	4168		0	0	10	1	1		15212	2;W_LSTICK_004_000SP	71	0	0	0	1.10.0000	1.07.0000	1.07.0000	1.07.0000
1206	劣質木羽杖	ICON_LSTICK_001_000	LSTICK	1	0	1		10	1	1	1	0	0	0	0	0	8	24	64	0	4168		0	0	10	1	1		0		42;102	0	0	0	1.00.0000	1.07.0000	1.07.0000	1.07.0000
1207	5級戰備木羽杖	ICON_LSTICK_001_000	LSTICK	1	0	1		10	1	5	5	0	0	0	0	0	8	24	64	0	4168		0	0	10	1	1		0		42;102	0	0	0	1.00.0000	1.07.0000	1.07.0000	1.07.0000
1208	微笑假面	ICON_LSTICK_003_003	LSTICK	3	3	1		20	4	100	100	0	0	0	0	0	8	24	64	0	16448		0	0	600	150	1	1;300	0	1;W_LSTICK_003_003	26	0	0	0	1.00.0000	1.07.0000	1.07.0000	1.07.0000
1210	15級戰備木羽杖	ICON_LSTICK_001_000	LSTICK	1	0	1		10	1	15	15	0	0	0	0	0	8	24	64	0	4168		0	0	10	1	1		0		42;102	0	0	0	1.00.0000	1.07.0000	1.07.0000	1.07.0000
1211	25級戰備木羽杖	ICON_LSTICK_001_000	LSTICK	1	0	1		10	1	25	25	0	0	0	0	0	8	24	64	0	4168		0	0	20	2	1		0		43;102	0	0	0	1.00.0000	1.07.0000	1.07.0000	1.07.0000
1212	35級戰備蒼羽杖	ICON_LSTICK_001_001	LSTICK	1	1	1		10	1	35	35	0	0	0	0	0	8	24	64	0	4168		0	0	30	3	1		0		43;102	0	0	0	1.00.0000	1.07.0000	1.07.0000	1.07.0000
1221	40級戰備蒼羽杖	ICON_LSTICK_001_001	LSTICK	1	1	1		10	2	40	40	0	0	0	0	0	8	24	64	0	4168		0	0	80	20	1		0		43	0	0	0	1.00.0000	1.07.0000	1.07.0000	1.07.0000
1222	青燐幽光	ICON_LSTICK_000_004	LSTICK	0	4	1		0	0	0	0	0	0	0	0	0	8	24	64	0	4168		0	0	10	1	1		0			0	0	0	1.00.0000	1.07.0000	1.07.0000	1.07.0000
1223	晨曦初陽	ICON_LSTICK_000_000	LSTICK	0	0	1		0	0	0	0	0	0	0	0	0	8	24	64	0	4168		0	0	10	1	1		0			0	0	0	1.01.0000	1.07.0000	1.07.0000	1.07.0000
1224	夢幻海馬	ICON_LSTICK_002_005	LSTICK	2	5	1		0	0	0	0	0	0	0	0	0	8	24	64	0	4168		0	0	10	1	1		0	1;W_LSTICK_002_005		0	0	0	1.01.0000	1.07.0000	1.07.0000	1.07.0000
1225	逆命鎮魂杖	ICON_LSTICK_004_001	LSTICK	4	1	1	2;2	23	4	100	1	0	0	0	0	0	8	24	64	0	16960		0	0	600	150	1	1;1800	8206	2;W_LSTICK_004_001SP	45	0	0	0	1.06.0000	1.07.0000	1.07.0000	1.07.0000
4001	流放頭飾	ICON_HT_015_000	HT	15	0	2		0	0	0	0	0	0	0	0	0	1	1	256	0	5384		0	0	10	1	1		0			0	0	0	1.00.0000	1.07.0000	1.07.0000	1.07.0000
4002	海洋頭飾	ICON_HT_015_003	HT	15	3	2		0	0	0	0	0	0	0	0	0	1	1	256	0	5384		0	0	10	1	1		0			0	0	0	1.00.0000	1.07.0000	1.07.0000	1.07.0000
4003	血色頭飾	ICON_HT_015_001	HT	15	1	2		0	0	0	0	0	0	0	0	0	1	1	256	0	5384		0	0	10	1	1		0			0	0	0	1.00.0000	1.07.0000	1.07.0000	1.07.0000
4004	野地頭飾	ICON_HT_015_006	HT	15	6	2		0	0	0	0	0	0	0	0	0	1	1	256	0	5384		0	0	10	1	1		15259			0	0	0	1.01.0000	1.07.0000	1.07.0000	1.07.0000
4006	5級海軍頭飾	ICON_HT_037_000	HT	37	0	2		10	1	5	5	0	0	0	0	0	1	1	256	0	5384		0	0	10	1	1		0		42;102	0	0	0	1.00.0000	1.07.0000	1.07.0000	1.07.0000
4007	15級海軍頭飾	ICON_HT_037_000	HT	37	0	2		10	1	15	15	0	0	0	0	0	1	1	256	0	5384		0	0	10	1	1		0		42;102	0	0	0	1.00.0000	1.07.0000	1.07.0000	1.07.0000
4008	25級海軍頭飾	ICON_HT_037_000	HT	37	0	2		10	1	25	25	0	0	0	0	0	1	1	256	0	5384		0	0	10	2	1		0		43;102	0	0	0	1.00.0000	1.07.0000	1.07.0000	1.07.0000
4009	35級海軍頭飾	ICON_HT_037_000	HT	37	0	2		10	1	35	35	0	0	0	0	0	1	1	256	0	5384		0	0	10	3	1		0		43;102	0	0	0	1.00.0000	1.07.0000	1.07.0000	1.07.0000
4010	亞瑞斯頭飾	ICON_HT_008_002	HT	8	2	2		0	4	125	125	0	0	0	0	0	1	1	256	2	5384		0	0	748	187	1		15258		37;27;45;71	0	0	0	1.00.0000	1.07.0000	1.07.0000	1.07.0000
4011	亞瑞斯頭飾	ICON_HT_008_002	HT	8	2	2		0	4	125	125	0	0	0	0	0	1	1	256	2	5384		0	0	748	187	1		15258		37;28;45;71	0	0	0	1.00.0000	1.07.0000	1.07.0000	1.07.0000
4012	亞瑞斯頭飾	ICON_HT_008_002	HT	8	2	2		0	4	125	125	0	0	0	0	0	1	1	256	2	5384		0	0	748	187	1		15258		37;29;45;71	0	0	0	1.00.0000	1.07.0000	1.07.0000	1.07.0000
4013	亞瑞斯頭飾	ICON_HT_008_002	HT	8	2	2		0	4	125	125	0	0	0	0	0	1	1	256	2	5384		0	0	748	187	1		15258		37;30;45;71	0	0	0	1.00.0000	1.07.0000	1.07.0000	1.07.0000
4014	亞瑞斯頭飾	ICON_HT_008_002	HT	8	2	2		0	4	125	125	0	0	0	0	0	1	1	256	2	5384		0	0	748	187	1		15258		37;31;45;71	0	0	0	1.00.0000	1.07.0000	1.07.0000	1.07.0000
4015	謬思頭飾	ICON_HT_008_000	HT	8	0	2		0	4	125	125	0	0	0	0	0	1	1	256	2	5384		0	0	748	187	1		15257		38;27;45;71	0	0	0	1.00.0000	1.07.0000	1.07.0000	1.07.0000
4016	謬思頭飾	ICON_HT_008_000	HT	8	0	2		0	4	125	125	0	0	0	0	0	1	1	256	2	5384		0	0	748	187	1		15257		38;28;45;71	0	0	0	1.00.0000	1.07.0000	1.07.0000	1.07.0000
4017	謬思頭飾	ICON_HT_008_000	HT	8	0	2		0	4	125	125	0	0	0	0	0	1	1	256	2	5384		0	0	748	187	1		15257		38;29;45;71	0	0	0	1.00.0000	1.07.0000	1.07.0000	1.07.0000
4018	謬思頭飾	ICON_HT_008_000	HT	8	0	2		0	4	125	125	0	0	0	0	0	1	1	256	2	5384		0	0	748	187	1		15257		38;30;45;71	0	0	0	1.00.0000	1.07.0000	1.07.0000	1.07.0000
4019	謬思頭飾	ICON_HT_008_000	HT	8	0	2		0	4	125	125	0	0	0	0	0	1	1	256	2	5384		0	0	748	187	1		15257		38;31;45;71	0	0	0	1.00.0000	1.07.0000	1.07.0000	1.07.0000
4020	海克力斯頭飾	ICON_HT_008_001	HT	8	1	2		0	4	125	125	0	0	0	0	0	1	1	256	2	5384		0	0	748	187	1		15256		39;27;45;71	0	0	0	1.00.0000	1.07.0000	1.07.0000	1.07.0000
4021	海克力斯頭飾	ICON_HT_008_001	HT	8	1	2		0	4	125	125	0	0	0	0	0	1	1	256	2	5384		0	0	748	187	1		15256		39;28;45;71	0	0	0	1.00.0000	1.07.0000	1.07.0000	1.07.0000
4022	海克力斯頭飾	ICON_HT_008_001	HT	8	1	2		0	4	125	125	0	0	0	0	0	1	1	256	2	5384		0	0	748	187	1		15256		39;29;45;71	0	0	0	1.00.0000	1.07.0000	1.07.0000	1.07.0000
4023	海克力斯頭飾	ICON_HT_008_001	HT	8	1	2		0	4	125	125	0	0	0	0	0	1	1	256	2	5384		0	0	748	187	1		15256		39;30;45;71	0	0	0	1.00.0000	1.07.0000	1.07.0000	1.07.0000
4024	海克力斯頭飾	ICON_HT_008_001	HT	8	1	2		0	4	125	125	0	0	0	0	0	1	1	256	2	5384		0	0	748	187	1		15256		39;31;45;71	0	0	0	1.00.0000	1.07.0000	1.07.0000	1.07.0000
4025	40級戰備血色頭飾	ICON_HT_015_001	HT	15	1	2		10	2	40	40	0	0	0	0	0	1	1	256	0	5384		0	0	80	20	1		0		43	0	0	0	1.00.0000	1.07.0000	1.07.0000	1.07.0000
4026	迷漾頭飾	ICON_HT_015_002	HT	15	2	2		0	0	0	0	0	0	0	0	0	1	1	256	0	5384		0	0	10	1	1		0			0	0	0	1.00.0000	1.07.0000	1.07.0000	1.07.0000
4027	柔華頭飾	ICON_HT_015_005	HT	15	5	2		0	0	0	0	0	0	0	0	0	1	1	256	0	5384		0	0	10	1	1		0			0	0	0	1.01.0000	1.07.0000	1.07.0000	1.07.0000
4028	遊雲頭飾	ICON_HT_015_004	HT	15	4	2		0	0	0	0	0	0	0	0	0	1	1	256	0	5384		0	0	10	1	1		0			0	0	0	1.01.0000	1.07.0000	1.07.0000	1.07.0000
4029	修羅頭飾	ICON_HT_015_008	HT	15	8	2		10	0	0	0	0	0	0	0	0	1	1	256	0	5384		0	0	10	1	1		0			0	0	0	1.03.0000	1.07.0000	1.07.0000	1.07.0000
4201	流放上身	ICON_CT_015_000	CT	15	0	2		0	0	0	0	0	0	0	0	0	2	2	512	0	5384		0	0	10	1	1		0			0	0	0	1.00.0000	1.07.0000	1.07.0000	1.07.0000
4202	海洋上身	ICON_CT_015_003	CT	15	3	2		0	0	0	0	0	0	0	0	0	2	2	512	0	5384		0	0	10	1	1		0			0	0	0	1.00.0000	1.07.0000	1.07.0000	1.07.0000
4203	血色上身	ICON_CT_015_001	CT	15	1	2		0	0	0	0	0	0	0	0	0	2	2	512	0	5384		0	0	10	1	1		0			0	0	0	1.00.0000	1.07.0000	1.07.0000	1.07.0000
4204	野地上身	ICON_CT_015_006	CT	15	6	2		0	0	0	0	0	0	0	0	0	2	2	512	0	5384		0	0	10	1	1		15260			0	0	0	1.01.0000	1.07.0000	1.07.0000	1.07.0000
4206	5級海軍上身	ICON_CT_037_000	CT	37	0	2		10	1	5	5	0	0	0	0	0	2	2	512	0	5384		0	0	10	1	1		0		42;102	0	0	0	1.00.0000	1.07.0000	1.07.0000	1.07.0000
4207	15級海軍上身	ICON_CT_037_000	CT	37	0	2		10	1	15	15	0	0	0	0	0	2	2	512	0	5384		0	0	10	1	1		0		42;102	0	0	0	1.00.0000	1.07.0000	1.07.0000	1.07.0000
4208	25級海軍上身	ICON_CT_037_000	CT	37	0	2		10	1	25	25	0	0	0	0	0	2	2	512	0	5384		0	0	10	2	1		0		43;102	0	0	0	1.00.0000	1.07.0000	1.07.0000	1.07.0000
4209	35級海軍上身	ICON_CT_037_000	CT	37	0	2		10	1	35	35	0	0	0	0	0	2	2	512	0	5384		0	0	10	3	1		0		43;102	0	0	0	1.00.0000	1.07.0000	1.07.0000	1.07.0000
4210	亞瑞斯上身	ICON_CT_008_002	CT	8	2	2		0	4	125	125	0	0	0	0	0	2	2	512	0	5384		0	0	748	187	1		15258		37;27;45;71	0	0	0	1.00.0000	1.07.0000	1.07.0000	1.07.0000
4211	亞瑞斯上身	ICON_CT_008_002	CT	8	2	2		0	4	125	125	0	0	0	0	0	2	2	512	0	5384		0	0	748	187	1		15258		37;28;45;71	0	0	0	1.00.0000	1.07.0000	1.07.0000	1.07.0000
4212	亞瑞斯上身	ICON_CT_008_002	CT	8	2	2		0	4	125	125	0	0	0	0	0	2	2	512	0	5384		0	0	748	187	1		15258		37;29;45;71	0	0	0	1.00.0000	1.07.0000	1.07.0000	1.07.0000
4213	亞瑞斯上身	ICON_CT_008_002	CT	8	2	2		0	4	125	125	0	0	0	0	0	2	2	512	0	5384		0	0	748	187	1		15258		37;30;45;71	0	0	0	1.00.0000	1.07.0000	1.07.0000	1.07.0000
4214	亞瑞斯上身	ICON_CT_008_002	CT	8	2	2		0	4	125	125	0	0	0	0	0	2	2	512	0	5384		0	0	748	187	1		15258		37;31;45;71	0	0	0	1.00.0000	1.07.0000	1.07.0000	1.07.0000
4215	謬思上身	ICON_CT_008_000	CT	8	0	2		0	4	125	125	0	0	0	0	0	2	2	512	0	5384		0	0	748	187	1		15257		38;27;45;71	0	0	0	1.00.0000	1.07.0000	1.07.0000	1.07.0000
4216	謬思上身	ICON_CT_008_000	CT	8	0	2		0	4	125	125	0	0	0	0	0	2	2	512	0	5384		0	0	748	187	1		15257		38;28;45;71	0	0	0	1.00.0000	1.07.0000	1.07.0000	1.07.0000
4217	謬思上身	ICON_CT_008_000	CT	8	0	2		0	4	125	125	0	0	0	0	0	2	2	512	0	5384		0	0	748	187	1		15257		38;29;45;71	0	0	0	1.00.0000	1.07.0000	1.07.0000	1.07.0000
4218	謬思上身	ICON_CT_008_000	CT	8	0	2		0	4	125	125	0	0	0	0	0	2	2	512	0	5384		0	0	748	187	1		15257		38;30;45;71	0	0	0	1.00.0000	1.07.0000	1.07.0000	1.07.0000
4219	謬思上身	ICON_CT_008_000	CT	8	0	2		0	4	125	125	0	0	0	0	0	2	2	512	0	5384		0	0	748	187	1		15257		38;31;45;71	0	0	0	1.00.0000	1.07.0000	1.07.0000	1.07.0000
4220	海克力斯上身	ICON_CT_008_001	CT	8	1	2		0	4	125	125	0	0	0	0	0	2	2	512	0	5384		0	0	748	187	1		15256		39;27;45;71	0	0	0	1.00.0000	1.07.0000	1.07.0000	1.07.0000
4221	海克力斯上身	ICON_CT_008_001	CT	8	1	2		0	4	125	125	0	0	0	0	0	2	2	512	0	5384		0	0	748	187	1		15256		39;28;45;71	0	0	0	1.00.0000	1.07.0000	1.07.0000	1.07.0000
4222	海克力斯上身	ICON_CT_008_001	CT	8	1	2		0	4	125	125	0	0	0	0	0	2	2	512	0	5384		0	0	748	187	1		15256		39;29;45;71	0	0	0	1.00.0000	1.07.0000	1.07.0000	1.07.0000
4223	海克力斯上身	ICON_CT_008_001	CT	8	1	2		0	4	125	125	0	0	0	0	0	2	2	512	0	5384		0	0	748	187	1		15256		39;30;45;71	0	0	0	1.00.0000	1.07.0000	1.07.0000	1.07.0000
4224	海克力斯上身	ICON_CT_008_001	CT	8	1	2		0	4	125	125	0	0	0	0	0	2	2	512	0	5384		0	0	748	187	1		15256		39;31;45;71	0	0	0	1.00.0000	1.07.0000	1.07.0000	1.07.0000
4225	40級戰備血色上身	ICON_CT_015_001	CT	15	1	2		10	2	40	40	0	0	0	0	0	2	2	512	0	5384		0	0	80	20	1		0		43	0	0	0	1.00.0000	1.07.0000	1.07.0000	1.07.0000
4226	迷漾上身	ICON_CT_015_002	CT	15	2	2		0	0	0	0	0	0	0	0	0	2	2	512	0	5384		0	0	10	1	1		0			0	0	0	1.00.0000	1.07.0000	1.07.0000	1.07.0000
4227	柔華上身	ICON_CT_015_005	CT	15	5	2		0	0	0	0	0	0	0	0	0	2	2	512	0	5384		0	0	10	1	1		0			0	0	0	1.01.0000	1.07.0000	1.07.0000	1.07.0000
4228	遊雲上身	ICON_CT_015_004	CT	15	4	2		0	0	0	0	0	0	0	0	0	2	2	512	0	5384		0	0	10	1	1		0			0	0	0	1.01.0000	1.07.0000	1.07.0000	1.07.0000
4229	修羅上身	ICON_CT_015_008	CT	15	8	2		10	0	0	0	0	0	0	0	0	2	2	512	0	5384		0	0	10	1	1		0			0	0	0	1.03.0000	1.07.0000	1.07.0000	1.07.0000
4401	流放下身	ICON_LG_015_000	LG	15	0	2		0	0	0	0	0	0	0	0	0	4	4	1024	0	5384		0	0	10	1	1		0			0	0	0	1.00.0000	1.07.0000	1.07.0000	1.07.0000
4402	海洋下身	ICON_LG_015_003	LG	15	3	2		0	0	0	0	0	0	0	0	0	4	4	1024	0	5384		0	0	10	1	1		0			0	0	0	1.00.0000	1.07.0000	1.07.0000	1.07.0000
4403	血色下身	ICON_LG_015_001	LG	15	1	2		0	0	0	0	0	0	0	0	0	4	4	1024	0	5384		0	0	10	1	1		0			0	0	0	1.00.0000	1.07.0000	1.07.0000	1.07.0000
4404	野地下身	ICON_LG_015_006	LG	15	6	2		0	0	0	0	0	0	0	0	0	4	4	1024	0	5384		0	0	10	1	1		15261			0	0	0	1.01.0000	1.07.0000	1.07.0000	1.07.0000
4406	5級海軍下身	ICON_LG_037_000	LG	37	0	2		10	1	5	5	0	0	0	0	0	4	4	1024	0	5384		0	0	10	1	1		0		42;102	0	0	0	1.00.0000	1.07.0000	1.07.0000	1.07.0000
4407	15級海軍下身	ICON_LG_037_000	LG	37	0	2		10	1	15	15	0	0	0	0	0	4	4	1024	0	5384		0	0	10	1	1		0		42;102	0	0	0	1.00.0000	1.07.0000	1.07.0000	1.07.0000
4408	25級海軍下身	ICON_LG_037_000	LG	37	0	2		10	1	25	25	0	0	0	0	0	4	4	1024	0	5384		0	0	10	2	1		0		43;102	0	0	0	1.00.0000	1.07.0000	1.07.0000	1.07.0000
4409	35級海軍下身	ICON_LG_037_000	LG	37	0	2		10	1	35	35	0	0	0	0	0	4	4	1024	0	5384		0	0	10	3	1		0		43;102	0	0	0	1.00.0000	1.07.0000	1.07.0000	1.07.0000
4410	亞瑞斯下身	ICON_LG_008_002	LG	8	2	2		0	4	125	125	0	0	0	0	0	4	4	1024	0	5384		0	0	748	187	1		15258		37;27;45;71	0	0	0	1.00.0000	1.07.0000	1.07.0000	1.07.0000
4411	亞瑞斯下身	ICON_LG_008_002	LG	8	2	2		0	4	125	125	0	0	0	0	0	4	4	1024	0	5384		0	0	748	187	1		15258		37;28;45;71	0	0	0	1.00.0000	1.07.0000	1.07.0000	1.07.0000
4412	亞瑞斯下身	ICON_LG_008_002	LG	8	2	2		0	4	125	125	0	0	0	0	0	4	4	1024	0	5384		0	0	748	187	1		15258		37;29;45;71	0	0	0	1.00.0000	1.07.0000	1.07.0000	1.07.0000
4413	亞瑞斯下身	ICON_LG_008_002	LG	8	2	2		0	4	125	125	0	0	0	0	0	4	4	1024	0	5384		0	0	748	187	1		15258		37;30;45;71	0	0	0	1.00.0000	1.07.0000	1.07.0000	1.07.0000
4414	亞瑞斯下身	ICON_LG_008_002	LG	8	2	2		0	4	125	125	0	0	0	0	0	4	4	1024	0	5384		0	0	748	187	1		15258		37;31;45;71	0	0	0	1.00.0000	1.07.0000	1.07.0000	1.07.0000
4415	謬思下身	ICON_LG_008_000	LG	8	0	2		0	4	125	125	0	0	0	0	0	4	4	1024	0	5384		0	0	748	187	1		15257		38;27;45;71	0	0	0	1.00.0000	1.07.0000	1.07.0000	1.07.0000
4416	謬思下身	ICON_LG_008_000	LG	8	0	2		0	4	125	125	0	0	0	0	0	4	4	1024	0	5384		0	0	748	187	1		15257		38;28;45;71	0	0	0	1.00.0000	1.07.0000	1.07.0000	1.07.0000
4417	謬思下身	ICON_LG_008_000	LG	8	0	2		0	4	125	125	0	0	0	0	0	4	4	1024	0	5384		0	0	748	187	1		15257		38;29;45;71	0	0	0	1.00.0000	1.07.0000	1.07.0000	1.07.0000
4418	謬思下身	ICON_LG_008_000	LG	8	0	2		0	4	125	125	0	0	0	0	0	4	4	1024	0	5384		0	0	748	187	1		15257		38;30;45;71	0	0	0	1.00.0000	1.07.0000	1.07.0000	1.07.0000
4419	謬思下身	ICON_LG_008_000	LG	8	0	2		0	4	125	125	0	0	0	0	0	4	4	1024	0	5384		0	0	748	187	1		15257		38;31;45;71	0	0	0	1.00.0000	1.07.0000	1.07.0000	1.07.0000
4420	海克力斯下身	ICON_LG_008_001	LG	8	1	2		0	4	125	125	0	0	0	0	0	4	4	1024	0	5384		0	0	748	187	1		15256		39;27;45;71	0	0	0	1.00.0000	1.07.0000	1.07.0000	1.07.0000
4421	海克力斯下身	ICON_LG_008_001	LG	8	1	2		0	4	125	125	0	0	0	0	0	4	4	1024	0	5384		0	0	748	187	1		15256		39;28;45;71	0	0	0	1.00.0000	1.07.0000	1.07.0000	1.07.0000
4422	海克力斯下身	ICON_LG_008_001	LG	8	1	2		0	4	125	125	0	0	0	0	0	4	4	1024	0	5384		0	0	748	187	1		15256		39;29;45;71	0	0	0	1.00.0000	1.07.0000	1.07.0000	1.07.0000
4423	海克力斯下身	ICON_LG_008_001	LG	8	1	2		0	4	125	125	0	0	0	0	0	4	4	1024	0	5384		0	0	748	187	1		15256		39;30;45;71	0	0	0	1.00.0000	1.07.0000	1.07.0000	1.07.0000
4424	海克力斯下身	ICON_LG_008_001	LG	8	1	2		0	4	125	125	0	0	0	0	0	4	4	1024	0	5384		0	0	748	187	1		15256		39;31;45;71	0	0	0	1.00.0000	1.07.0000	1.07.0000	1.07.0000
4425	40級戰備血色下身	ICON_LG_015_001	LG	15	1	2		10	2	40	40	0	0	0	0	0	4	4	1024	0	5384		0	0	80	20	1		0		43	0	0	0	1.00.0000	1.07.0000	1.07.0000	1.07.0000
4426	迷漾下身	ICON_LG_015_002	LG	15	2	2		0	0	0	0	0	0	0	0	0	4	4	1024	0	5384		0	0	10	1	1		0			0	0	0	1.00.0000	1.07.0000	1.07.0000	1.07.0000
4427	柔華下身	ICON_LG_015_005	LG	15	5	2		0	0	0	0	0	0	0	0	0	4	4	1024	0	5384		0	0	10	1	1		0			0	0	0	1.01.0000	1.07.0000	1.07.0000	1.07.0000
4428	遊雲下身	ICON_LG_015_004	LG	15	4	2		0	0	0	0	0	0	0	0	0	4	4	1024	0	5384		0	0	10	1	1		0			0	0	0	1.01.0000	1.07.0000	1.07.0000	1.07.0000
4429	修羅下身	ICON_LG_015_008	LG	15	8	2		10	0	0	0	0	0	0	0	0	4	4	1024	0	5384		0	0	10	1	1		0			0	0	0	1.03.0000	1.07.0000	1.07.0000	1.07.0000
4601	流放手套	ICON_GL_000_000		0	0	2		0	0	0	0	0	0	0	0	0	32	32	2048	0	5128		0	0	10	1	1		0			0	0	0	1.00.0000	1.07.0000	1.07.0000	1.07.0000
4602	海洋手套	ICON_GL_000_003		0	0	2		0	0	0	0	0	0	0	0	0	32	32	2048	0	5128		0	0	10	1	1		0			0	0	0	1.00.0000	1.07.0000	1.07.0000	1.07.0000
4603	血色手套	ICON_GL_000_001		0	0	2		0	0	0	0	0	0	0	0	0	32	32	2048	0	5128		0	0	10	1	1		0			0	0	0	1.00.0000	1.07.0000	1.07.0000	1.07.0000
4604	野地手套	ICON_GL_000_006		0	0	2		0	0	0	0	0	0	0	0	0	32	32	2048	0	5128		0	0	10	1	1		15262			0	0	0	1.01.0000	1.07.0000	1.07.0000	1.07.0000
4606	亞瑞斯手套	ICON_GL_008_002		0	0	2		0	4	125	125	0	0	0	0	0	32	32	2048	0	5128		0	0	748	187	1		15258		37;27;45;71	0	0	0	1.00.0000	1.07.0000	1.07.0000	1.07.0000
4607	亞瑞斯手套	ICON_GL_008_002		0	0	2		0	4	125	125	0	0	0	0	0	32	32	2048	0	5128		0	0	748	187	1		15258		37;28;45;71	0	0	0	1.00.0000	1.07.0000	1.07.0000	1.07.0000
4608	亞瑞斯手套	ICON_GL_008_002		0	0	2		0	4	125	125	0	0	0	0	0	32	32	2048	0	5128		0	0	748	187	1		15258		37;29;45;71	0	0	0	1.00.0000	1.07.0000	1.07.0000	1.07.0000
4609	亞瑞斯手套	ICON_GL_008_002		0	0	2		0	4	125	125	0	0	0	0	0	32	32	2048	0	5128		0	0	748	187	1		15258		37;30;45;71	0	0	0	1.00.0000	1.07.0000	1.07.0000	1.07.0000
4610	亞瑞斯手套	ICON_GL_008_002		0	0	2		0	4	125	125	0	0	0	0	0	32	32	2048	0	5128		0	0	748	187	1		15258		37;31;45;71	0	0	0	1.00.0000	1.07.0000	1.07.0000	1.07.0000
4611	謬思手套	ICON_GL_008_000		0	0	2		0	4	125	125	0	0	0	0	0	32	32	2048	0	5128		0	0	748	187	1		15257		38;27;45;71	0	0	0	1.00.0000	1.07.0000	1.07.0000	1.07.0000
4612	謬思手套	ICON_GL_008_000		0	0	2		0	4	125	125	0	0	0	0	0	32	32	2048	0	5128		0	0	748	187	1		15257		38;28;45;71	0	0	0	1.00.0000	1.07.0000	1.07.0000	1.07.0000
4613	謬思手套	ICON_GL_008_000		0	0	2		0	4	125	125	0	0	0	0	0	32	32	2048	0	5128		0	0	748	187	1		15257		38;29;45;71	0	0	0	1.00.0000	1.07.0000	1.07.0000	1.07.0000
4614	謬思手套	ICON_GL_008_000		0	0	2		0	4	125	125	0	0	0	0	0	32	32	2048	0	5128		0	0	748	187	1		15257		38;30;45;71	0	0	0	1.00.0000	1.07.0000	1.07.0000	1.07.0000
4615	謬思手套	ICON_GL_008_000		0	0	2		0	4	125	125	0	0	0	0	0	32	32	2048	0	5128		0	0	748	187	1		15257		38;31;45;71	0	0	0	1.00.0000	1.07.0000	1.07.0000	1.07.0000
4616	海克力斯手套	ICON_GL_008_001		0	0	2		0	4	125	125	0	0	0	0	0	32	32	2048	0	5128		0	0	748	187	1		15256		39;27;45;71	0	0	0	1.00.0000	1.07.0000	1.07.0000	1.07.0000
4617	海克力斯手套	ICON_GL_008_001		0	0	2		0	4	125	125	0	0	0	0	0	32	32	2048	0	5128		0	0	748	187	1		15256		39;28;45;71	0	0	0	1.00.0000	1.07.0000	1.07.0000	1.07.0000
4618	海克力斯手套	ICON_GL_008_001		0	0	2		0	4	125	125	0	0	0	0	0	32	32	2048	0	5128		0	0	748	187	1		15256		39;29;45;71	0	0	0	1.00.0000	1.07.0000	1.07.0000	1.07.0000
4619	海克力斯手套	ICON_GL_008_001		0	0	2		0	4	125	125	0	0	0	0	0	32	32	2048	0	5128		0	0	748	187	1		15256		39;30;45;71	0	0	0	1.00.0000	1.07.0000	1.07.0000	1.07.0000
4620	海克力斯手套	ICON_GL_008_001		0	0	2		0	4	125	125	0	0	0	0	0	32	32	2048	0	5128		0	0	748	187	1		15256		39;31;45;71	0	0	0	1.00.0000	1.07.0000	1.07.0000	1.07.0000
4621	迷漾手套	ICON_GL_000_002		0	0	2		0	0	0	0	0	0	0	0	0	32	32	2048	0	5128		0	0	10	1	1		0			0	0	0	1.00.0000	1.07.0000	1.07.0000	1.07.0000
4622	柔華手套	ICON_GL_000_005		0	0	2		0	0	0	0	0	0	0	0	0	32	32	2048	0	5128		0	0	10	1	1		0			0	0	0	1.01.0000	1.07.0000	1.07.0000	1.07.0000
4623	遊雲手套	ICON_GL_000_004		0	0	2		0	0	0	0	0	0	0	0	0	32	32	2048	0	5128		0	0	10	1	1		0			0	0	0	1.01.0000	1.07.0000	1.07.0000	1.07.0000
4624	針刺手套	ICON_GL_000_000		0	0	2		10	2	20	20	0	0	0	0	0	32	32	2048	0	5128		0	0	40	10	1		15223		43;102	0	0	0	1.00.0000	1.07.0000	1.07.0000	1.07.0000
4625	尖刺手套	ICON_GL_000_000		0	0	2		10	2	20	20	0	0	0	0	0	32	32	2048	0	5128		0	0	40	10	1		15224		43;102	0	0	0	1.00.0000	1.07.0000	1.07.0000	1.07.0000
4626	利刺手套	ICON_GL_000_000		0	0	2		10	2	20	20	0	0	0	0	0	32	32	2048	0	5128		0	0	40	10	1		15225		43;102	0	0	0	1.00.0000	1.07.0000	1.07.0000	1.07.0000
4627	小強的手套	ICON_GL_000_003		0	0	2		10	2	30	30	0	0	0	0	0	32	32	2048	0	5128		0	0	60	15	1		15226		43;102	0	0	0	1.00.0000	1.07.0000	1.07.0000	1.07.0000
4628	瘦拉夫的手套	ICON_GL_000_003		0	0	2		10	2	30	30	0	0	0	0	0	32	32	2048	0	5128		0	0	60	15	1		15227		43;102	0	0	0	1.00.0000	1.07.0000	1.07.0000	1.07.0000
4629	肥肥安的手套	ICON_GL_000_003		0	0	2		10	2	30	30	0	0	0	0	0	32	32	2048	0	5128		0	0	60	15	1		15228		43;102	0	0	0	1.00.0000	1.07.0000	1.07.0000	1.07.0000
4630	救援手套	ICON_GL_000_003		0	0	2		10	2	40	40	0	0	0	0	0	32	32	2048	0	5128		0	0	80	20	1		15229		43;102	0	0	0	1.00.0000	1.07.0000	1.07.0000	1.07.0000
4631	搜查手套	ICON_GL_000_003		0	0	2		10	2	40	40	0	0	0	0	0	32	32	2048	0	5128		0	0	80	20	1		15230		43;102	0	0	0	1.00.0000	1.07.0000	1.07.0000	1.07.0000
4632	探索手套	ICON_GL_000_003		0	0	2		10	2	40	40	0	0	0	0	0	32	32	2048	0	5128		0	0	80	20	1		15231		43;102	0	0	0	1.00.0000	1.07.0000	1.07.0000	1.07.0000
4633	修羅手套	ICON_GL_000_008		0	0	2		10	0	0	0	0	0	0	0	0	32	32	2048	0	5128		0	0	10	1	1		0			0	0	0	1.03.0000	1.07.0000	1.07.0000	1.07.0000
4801	流放便鞋	ICON_BT_000_000		0	0	2		0	0	0	0	0	0	0	0	0	64	64	4096	0	5128		0	0	10	1	1		0			0	0	0	1.00.0000	1.07.0000	1.07.0000	1.07.0000
4802	海洋便鞋	ICON_BT_000_003		0	0	2		0	0	0	0	0	0	0	0	0	64	64	4096	0	5128		0	0	10	1	1		0			0	0	0	1.00.0000	1.07.0000	1.07.0000	1.07.0000
4803	血色便鞋	ICON_BT_000_001		0	0	2		0	0	0	0	0	0	0	0	0	64	64	4096	0	5128		0	0	10	1	1		0			0	0	0	1.00.0000	1.07.0000	1.07.0000	1.07.0000
4804	野地便鞋	ICON_BT_000_006		0	0	2		0	0	0	0	0	0	0	0	0	64	64	4096	0	5128		0	0	10	1	1		15263			0	0	0	1.01.0000	1.07.0000	1.07.0000	1.07.0000
4806	亞瑞斯勁靴	ICON_BT_008_002		0	0	2		0	4	125	125	0	0	0	0	0	64	64	4096	0	5128		0	0	748	187	1		15258		37;27;45;71	0	0	0	1.00.0000	1.07.0000	1.07.0000	1.07.0000
4807	亞瑞斯勁靴	ICON_BT_008_002		0	0	2		0	4	125	125	0	0	0	0	0	64	64	4096	0	5128		0	0	748	187	1		15258		37;28;45;71	0	0	0	1.00.0000	1.07.0000	1.07.0000	1.07.0000
4808	亞瑞斯勁靴	ICON_BT_008_002		0	0	2		0	4	125	125	0	0	0	0	0	64	64	4096	0	5128		0	0	748	187	1		15258		37;29;45;71	0	0	0	1.00.0000	1.07.0000	1.07.0000	1.07.0000
4809	亞瑞斯勁靴	ICON_BT_008_002		0	0	2		0	4	125	125	0	0	0	0	0	64	64	4096	0	5128		0	0	748	187	1		15258		37;30;45;71	0	0	0	1.00.0000	1.07.0000	1.07.0000	1.07.0000
4810	亞瑞斯勁靴	ICON_BT_008_002		0	0	2		0	4	125	125	0	0	0	0	0	64	64	4096	0	5128		0	0	748	187	1		15258		37;31;45;71	0	0	0	1.00.0000	1.07.0000	1.07.0000	1.07.0000
4811	謬思短靴	ICON_BT_008_000		0	0	2		0	4	125	125	0	0	0	0	0	64	64	4096	0	5128		0	0	748	187	1		15257		38;27;45;71	0	0	0	1.00.0000	1.07.0000	1.07.0000	1.07.0000
4812	謬思短靴	ICON_BT_008_000		0	0	2		0	4	125	125	0	0	0	0	0	64	64	4096	0	5128		0	0	748	187	1		15257		38;28;45;71	0	0	0	1.00.0000	1.07.0000	1.07.0000	1.07.0000
4813	謬思短靴	ICON_BT_008_000		0	0	2		0	4	125	125	0	0	0	0	0	64	64	4096	0	5128		0	0	748	187	1		15257		38;29;45;71	0	0	0	1.00.0000	1.07.0000	1.07.0000	1.07.0000
4814	謬思短靴	ICON_BT_008_000		0	0	2		0	4	125	125	0	0	0	0	0	64	64	4096	0	5128		0	0	748	187	1		15257		38;30;45;71	0	0	0	1.00.0000	1.07.0000	1.07.0000	1.07.0000
4815	謬思短靴	ICON_BT_008_000		0	0	2		0	4	125	125	0	0	0	0	0	64	64	4096	0	5128		0	0	748	187	1		15257		38;31;45;71	0	0	0	1.00.0000	1.07.0000	1.07.0000	1.07.0000
4816	海克力斯戰靴	ICON_BT_008_001		0	0	2		0	4	125	125	0	0	0	0	0	64	64	4096	0	5128		0	0	748	187	1		15256		39;27;45;71	0	0	0	1.00.0000	1.07.0000	1.07.0000	1.07.0000
4817	海克力斯戰靴	ICON_BT_008_001		0	0	2		0	4	125	125	0	0	0	0	0	64	64	4096	0	5128		0	0	748	187	1		15256		39;28;45;71	0	0	0	1.00.0000	1.07.0000	1.07.0000	1.07.0000
4818	海克力斯戰靴	ICON_BT_008_001		0	0	2		0	4	125	125	0	0	0	0	0	64	64	4096	0	5128		0	0	748	187	1		15256		39;29;45;71	0	0	0	1.00.0000	1.07.0000	1.07.0000	1.07.0000
4819	海克力斯戰靴	ICON_BT_008_001		0	0	2		0	4	125	125	0	0	0	0	0	64	64	4096	0	5128		0	0	748	187	1		15256		39;30;45;71	0	0	0	1.00.0000	1.07.0000	1.07.0000	1.07.0000
4820	海克力斯戰靴	ICON_BT_008_001		0	0	2		0	4	125	125	0	0	0	0	0	64	64	4096	0	5128		0	0	748	187	1		15256		39;31;45;71	0	0	0	1.00.0000	1.07.0000	1.07.0000	1.07.0000
4821	迷漾便鞋	ICON_BT_000_002		0	0	2		0	0	0	0	0	0	0	0	0	64	64	4096	0	5128		0	0	10	1	1		0			0	0	0	1.00.0000	1.07.0000	1.07.0000	1.07.0000
4822	柔華便鞋	ICON_BT_000_005		0	0	2		0	0	0	0	0	0	0	0	0	64	64	4096	0	5128		0	0	10	1	1		0			0	0	0	1.01.0000	1.07.0000	1.07.0000	1.07.0000
4823	遊雲便鞋	ICON_BT_000_004		0	0	2		0	0	0	0	0	0	0	0	0	64	64	4096	0	5128		0	0	10	1	1		0			0	0	0	1.01.0000	1.07.0000	1.07.0000	1.07.0000
4824	囚籠便鞋	ICON_BT_000_000		0	0	2		10	2	20	20	0	0	0	0	0	64	64	4096	0	5128		0	0	40	10	1		15232		43;102	0	0	0	1.00.0000	1.07.0000	1.07.0000	1.07.0000
4825	禁錮便鞋	ICON_BT_000_000		0	0	2		10	2	20	20	0	0	0	0	0	64	64	4096	0	5128		0	0	40	10	1		15233		43;102	0	0	0	1.00.0000	1.07.0000	1.07.0000	1.07.0000
4826	拘束便鞋	ICON_BT_000_000		0	0	2		10	2	20	20	0	0	0	0	0	64	64	4096	0	5128		0	0	40	10	1		15234		43;102	0	0	0	1.00.0000	1.07.0000	1.07.0000	1.07.0000
4827	遊歷便鞋	ICON_BT_000_003		0	0	2		10	2	30	30	0	0	0	0	0	64	64	4096	0	5128		0	0	60	15	1		15235		43;102	0	0	0	1.00.0000	1.07.0000	1.07.0000	1.07.0000
4828	束縛便鞋	ICON_BT_000_003		0	0	2		10	2	30	30	0	0	0	0	0	64	64	4096	0	5128		0	0	60	15	1		15236		43;102	0	0	0	1.00.0000	1.07.0000	1.07.0000	1.07.0000
4829	夢想便鞋	ICON_BT_000_003		0	0	2		10	2	30	30	0	0	0	0	0	64	64	4096	0	5128		0	0	60	15	1		15237		43;102	0	0	0	1.00.0000	1.07.0000	1.07.0000	1.07.0000
4830	絕望便鞋	ICON_BT_000_003		0	0	2		10	2	45	45	0	0	0	0	0	64	64	4096	0	5128		0	0	88	22	1		15238		43;102	0	0	0	1.00.0000	1.07.0000	1.07.0000	1.07.0000
4831	傷心便鞋	ICON_BT_000_003		0	0	2		10	2	45	45	0	0	0	0	0	64	64	4096	0	5128		0	0	88	22	1		15239		43;102	0	0	0	1.00.0000	1.07.0000	1.07.0000	1.07.0000
4832	難過便鞋	ICON_BT_000_003		0	0	2		10	2	45	45	0	0	0	0	0	64	64	4096	0	5128		0	0	88	22	1		15240		43;102	0	0	0	1.00.0000	1.07.0000	1.07.0000	1.07.0000
4833	修羅便鞋	ICON_BT_000_008		0	0	2		10	0	0	0	0	0	0	0	0	64	64	4096	0	5128		0	0	10	1	1		0			0	0	0	1.03.0000	1.07.0000	1.07.0000	1.07.0000
5001	碧璀項鍊	ICON_NL_000_000		0	0	3		0	0	0	0	0	0	0	0	0	128	128	8192	0	5128		0	0	10	1	1		0			0	0	0	1.00.0000	1.07.0000	1.07.0000	1.07.0000
5002	涂金項鍊	ICON_NL_001_000		0	0	3		0	0	0	0	0	0	0	0	0	128	128	8192	0	5128		0	0	10	1	1		0			0	0	0	1.00.0000	1.07.0000	1.07.0000	1.07.0000
5003	艾爾森項鍊	ICON_NL_002_000		0	0	3		0	0	0	0	0	0	0	0	0	128	128	8192	0	5128		0	0	10	1	1		0			0	0	0	1.00.0000	1.07.0000	1.07.0000	1.07.0000
5004	豪斯項鍊	ICON_NL_003_000		0	0	3		0	0	0	0	0	0	0	0	0	128	128	8192	0	5128		0	0	10	1	1		15269			0	0	0	1.10.0000	1.07.0000	1.07.0000	1.07.0000
5005	洛伊項鍊	ICON_NL_004_000		0	0	3		0	0	0	0	0	0	0	0	0	128	128	8192	0	5128		0	0	10	1	1		15270			0	0	0	1.10.0000	1.07.0000	1.07.0000	1.07.0000
5006	阿波羅項鍊	ICON_NL_005_000		0	0	3		0	4	125	125	0	0	0	0	0	128	128	8192	0	5128		0	0	748	187	1		15255		40;32;45;71	0	0	0	1.00.0000	1.07.0000	1.07.0000	1.07.0000
5007	阿波羅項鍊	ICON_NL_005_000		0	0	3		0	4	125	125	0	0	0	0	0	128	128	8192	0	5128		0	0	748	187	1		15255		40;33;45;71	0	0	0	1.00.0000	1.07.0000	1.07.0000	1.07.0000
5008	阿波羅項鍊	ICON_NL_005_000		0	0	3		0	4	125	125	0	0	0	0	0	128	128	8192	0	5128		0	0	748	187	1		15255		40;34;45;71	0	0	0	1.00.0000	1.07.0000	1.07.0000	1.07.0000
5009	阿波羅項鍊	ICON_NL_005_000		0	0	3		0	4	125	125	0	0	0	0	0	128	128	8192	0	5128		0	0	748	187	1		15255		40;35;45;71	0	0	0	1.00.0000	1.07.0000	1.07.0000	1.07.0000
5010	阿波羅項鍊	ICON_NL_005_000		0	0	3		0	4	125	125	0	0	0	0	0	128	128	8192	0	5128		0	0	748	187	1		15255		40;36;45;71	0	0	0	1.00.0000	1.07.0000	1.07.0000	1.07.0000
5011	漢密斯項鍊	ICON_NL_006_000		0	0	3		0	4	125	125	0	0	0	0	0	128	128	8192	0	5128		0	0	748	187	1		15254		41;32;45;71	0	0	0	1.00.0000	1.07.0000	1.07.0000	1.07.0000
5012	漢密斯項鍊	ICON_NL_006_000		0	0	3		0	4	125	125	0	0	0	0	0	128	128	8192	0	5128		0	0	748	187	1		15254		41;33;45;71	0	0	0	1.00.0000	1.07.0000	1.07.0000	1.07.0000
5013	漢密斯項鍊	ICON_NL_006_000		0	0	3		0	4	125	125	0	0	0	0	0	128	128	8192	0	5128		0	0	748	187	1		15254		41;34;45;71	0	0	0	1.00.0000	1.07.0000	1.07.0000	1.07.0000
5014	漢密斯項鍊	ICON_NL_006_000		0	0	3		0	4	125	125	0	0	0	0	0	128	128	8192	0	5128		0	0	748	187	1		15254		41;35;45;71	0	0	0	1.00.0000	1.07.0000	1.07.0000	1.07.0000
5015	漢密斯項鍊	ICON_NL_006_000		0	0	3		0	4	125	125	0	0	0	0	0	128	128	8192	0	5128		0	0	748	187	1		15254		41;36;45;71	0	0	0	1.00.0000	1.07.0000	1.07.0000	1.07.0000
5016	森林碧璀項鍊	ICON_NL_000_000		0	0	3		0	4	50	50	0	0	0	0	0	128	128	8192	0	37896		0	0	300	75	1		0		45;46;103	2	0	0	1.00.0000	1.07.0000	1.07.0000	1.07.0000
5017	海馬涂金項鍊	ICON_NL_001_000		0	0	3		0	4	70	70	0	0	0	0	0	128	128	8192	0	37896		0	0	420	105	1		0		45;46;103	2	0	0	1.00.0000	1.07.0000	1.07.0000	1.07.0000
5018	機械星月項鍊	ICON_NL_007_000		0	0	3		0	4	90	90	0	0	0	0	0	128	128	8192	0	37896		0	0	540	135	1		0		45;46;103	2	0	0	1.00.0000	1.07.0000	1.07.0000	1.07.0000
5019	火山圖騰項鍊	ICON_NL_009_000		0	0	3		0	4	110	110	0	0	0	0	0	128	128	8192	0	37896		0	0	660	165	1		0		45;46;103	2	0	0	1.00.0000	1.07.0000	1.07.0000	1.07.0000
5020	星月項鍊	ICON_NL_007_000		0	0	3		0	0	0	0	0	0	0	0	0	128	128	8192	0	5128		0	0	10	1	1		0			0	0	0	1.01.0000	1.07.0000	1.07.0000	1.07.0000
5021	圖騰項鍊	ICON_NL_009_000		0	0	3		0	0	0	0	0	0	0	0	0	128	128	8192	0	5128		0	0	10	1	1		0			0	0	0	1.01.0000	1.07.0000	1.07.0000	1.07.0000
5022	魔犬之鍊	ICON_NL_000_000		0	0	3		10	2	15	15	0	0	0	0	0	128	128	8192	0	1032		0	0	10	7	1		0		43;102	0	0	0	1.05.0000	1.07.0000	1.07.0000	1.07.0000
5026	闇閻圖騰項鍊	ICON_NL_013_000		0	0	3		0	4	120	120	0	0	0	0	0	128	128	8192	0	37896		0	0	720	180	1		0		45;46;103	2	0	0	1.00.0000	1.08.0000	1.08.0000	1.08.0000
5027	羽毛項鍊	ICON_NL_000_000		0	0	3		10	2	22	22	0	0	0	0	0	128	128	8192	0	37896		0	0	44	11	1		0		44;103	0	0	0	1.00.0000	1.00.0000	1.10.0000	1.20.0000
5028	巨猿項鍊	ICON_NL_000_000		0	0	3		10	3	40	40	0	0	0	0	0	128	128	8192	0	37896		0	0	160	40	1		0		44;103	0	0	0	1.00.0000	1.00.0000	1.10.0000	1.20.0000
5029	凶刃項鍊	ICON_NL_000_000		0	0	3		10	3	65	65	0	0	0	0	0	128	128	8192	0	37896		0	0	260	65	1		0		44;103	0	0	0	1.00.0000	1.00.0000	1.10.0000	1.20.0000
5201	碧璀戒指	ICON_RN_000_000		0	0	3		0	0	0	0	0	0	0	0	0	256	256	32768	0	5128		0	0	10	1	1		0			0	0	0	1.00.0000	1.07.0000	1.07.0000	1.07.0000
5202	涂金戒指	ICON_RN_001_000		0	0	3		0	0	0	0	0	0	0	0	0	256	256	32768	0	5128		0	0	10	1	1		0			0	0	0	1.00.0000	1.07.0000	1.07.0000	1.07.0000
5203	艾爾森戒指	ICON_RN_002_000		0	0	3		0	0	0	0	0	0	0	0	0	256	256	32768	0	5128		0	0	10	1	1		0			0	0	0	1.00.0000	1.07.0000	1.07.0000	1.07.0000
5204	豪斯戒指	ICON_RN_003_000		0	0	3		0	0	0	0	0	0	0	0	0	256	256	32768	0	5128		0	0	10	1	1		15271			0	0	0	1.10.0000	1.07.0000	1.07.0000	1.07.0000
5205	洛伊戒指	ICON_RN_004_000		0	0	3		0	0	0	0	0	0	0	0	0	256	256	32768	0	5128		0	0	10	1	1		15272			0	0	0	1.10.0000	1.07.0000	1.07.0000	1.07.0000
5206	阿波羅戒指	ICON_RN_005_000		0	0	3		0	4	125	125	0	0	0	0	0	256	256	32768	0	5128		0	0	748	187	1		15255		40;32;45;71	0	0	0	1.00.0000	1.07.0000	1.07.0000	1.07.0000
5207	阿波羅戒指	ICON_RN_005_000		0	0	3		0	4	125	125	0	0	0	0	0	256	256	32768	0	5128		0	0	748	187	1		15255		40;33;45;71	0	0	0	1.00.0000	1.07.0000	1.07.0000	1.07.0000
5208	阿波羅戒指	ICON_RN_005_000		0	0	3		0	4	125	125	0	0	0	0	0	256	256	32768	0	5128		0	0	748	187	1		15255		40;34;45;71	0	0	0	1.00.0000	1.07.0000	1.07.0000	1.07.0000
5209	阿波羅戒指	ICON_RN_005_000		0	0	3		0	4	125	125	0	0	0	0	0	256	256	32768	0	5128		0	0	748	187	1		15255		40;35;45;71	0	0	0	1.00.0000	1.07.0000	1.07.0000	1.07.0000
5210	阿波羅戒指	ICON_RN_005_000		0	0	3		0	4	125	125	0	0	0	0	0	256	256	32768	0	5128		0	0	748	187	1		15255		40;36;45;71	0	0	0	1.00.0000	1.07.0000	1.07.0000	1.07.0000
5211	漢密斯戒指	ICON_RN_006_000		0	0	3		0	4	125	125	0	0	0	0	0	256	256	32768	0	5128		0	0	748	187	1		15254		41;32;45;71	0	0	0	1.00.0000	1.07.0000	1.07.0000	1.07.0000
5212	漢密斯戒指	ICON_RN_006_000		0	0	3		0	4	125	125	0	0	0	0	0	256	256	32768	0	5128		0	0	748	187	1		15254		41;33;45;71	0	0	0	1.00.0000	1.07.0000	1.07.0000	1.07.0000
5213	漢密斯戒指	ICON_RN_006_000		0	0	3		0	4	125	125	0	0	0	0	0	256	256	32768	0	5128		0	0	748	187	1		15254		41;34;45;71	0	0	0	1.00.0000	1.07.0000	1.07.0000	1.07.0000
5214	漢密斯戒指	ICON_RN_006_000		0	0	3		0	4	125	125	0	0	0	0	0	256	256	32768	0	5128		0	0	748	187	1		15254		41;35;45;71	0	0	0	1.00.0000	1.07.0000	1.07.0000	1.07.0000
5215	漢密斯戒指	ICON_RN_006_000		0	0	3		0	4	125	125	0	0	0	0	0	256	256	32768	0	5128		0	0	748	187	1		15254		41;36;45;71	0	0	0	1.00.0000	1.07.0000	1.07.0000	1.07.0000
5216	森林碧璀戒指	ICON_RN_000_000		0	0	3		0	4	50	50	0	0	0	0	0	256	256	32768	0	37896		0	0	300	75	1		0		45;46;103	2	0	0	1.00.0000	1.07.0000	1.07.0000	1.07.0000
5217	海馬涂金戒指	ICON_RN_001_000		0	0	3		0	4	70	70	0	0	0	0	0	256	256	32768	0	37896		0	0	420	105	1		0		45;46;103	2	0	0	1.00.0000	1.07.0000	1.07.0000	1.07.0000
5218	機械星月戒指	ICON_RN_007_000		0	0	3		0	4	90	90	0	0	0	0	0	256	256	32768	0	37896		0	0	540	135	1		0		45;46;103	2	0	0	1.00.0000	1.07.0000	1.07.0000	1.07.0000
5219	火山圖騰戒指	ICON_RN_009_000		0	0	3		0	4	110	110	0	0	0	0	0	256	256	32768	0	37896		0	0	660	165	1		0		45;46;103	2	0	0	1.00.0000	1.07.0000	1.07.0000	1.07.0000
5220	星月戒指	ICON_RN_007_000		0	0	3		0	0	0	0	0	0	0	0	0	256	256	32768	0	5128		0	0	10	1	1		0			0	0	0	1.01.0000	1.07.0000	1.07.0000	1.07.0000
5221	圖騰戒指	ICON_RN_009_000		0	0	3		0	0	0	0	0	0	0	0	0	256	256	32768	0	5128		0	0	10	1	1		0			0	0	0	1.01.0000	1.07.0000	1.07.0000	1.07.0000
5222	繁榮戒指	ICON_RN_000_000		0	0	3		10	2	35	35	0	0	0	0	0	256	256	32768	0	5128		0	0	68	17	1		15241		43;102	0	0	0	1.00.0000	1.07.0000	1.07.0000	1.07.0000
5223	榮譽戒指	ICON_RN_000_000		0	0	3		10	2	35	35	0	0	0	0	0	256	256	32768	0	5128		0	0	68	17	1		15242		43;102	0	0	0	1.00.0000	1.07.0000	1.07.0000	1.07.0000
5224	發揚戒指	ICON_RN_000_000		0	0	3		10	2	35	35	0	0	0	0	0	256	256	32768	0	5128		0	0	68	17	1		15243		43;102	0	0	0	1.00.0000	1.07.0000	1.07.0000	1.07.0000
5225	秘海戒指	ICON_RN_000_000		0	0	3		10	3	90	90	0	0	0	0	0	256	256	32768	0	5128		0	0	360	90	1		15247		44;102	0	0	0	1.01.0000	1.07.0000	1.07.0000	1.07.0000
5226	深黑戒指	ICON_RN_000_000		0	0	3		10	3	90	90	0	0	0	0	0	256	256	32768	0	5128		0	0	360	90	1		15248		44;102	0	0	0	1.01.0000	1.07.0000	1.07.0000	1.07.0000
5227	奇獸戒指	ICON_RN_000_000		0	0	3		10	3	90	90	0	0	0	0	0	256	256	32768	0	5128		0	0	360	90	1		15249		44;102	0	0	0	1.01.0000	1.07.0000	1.07.0000	1.07.0000
5228	怒鬚戒指	ICON_RN_000_000		0	0	3		10	3	90	90	0	0	0	0	0	256	256	32768	0	5128		0	0	360	90	1		15250		44;102	0	0	0	1.01.0000	1.07.0000	1.07.0000	1.07.0000
5229	轟殼戒指	ICON_RN_000_000		0	0	3		10	3	100	100	0	0	0	0	0	256	256	32768	0	5128		0	0	400	100	1		15247		44;102	0	0	0	1.01.0000	1.07.0000	1.07.0000	1.07.0000
5230	輪機戒指	ICON_RN_000_000		0	0	3		10	3	100	100	0	0	0	0	0	256	256	32768	0	5128		0	0	400	100	1		15248		44;102	0	0	0	1.01.0000	1.07.0000	1.07.0000	1.07.0000
5231	層炮戒指	ICON_RN_000_000		0	0	3		10	3	100	100	0	0	0	0	0	256	256	32768	0	5128		0	0	400	100	1		15249		44;102	0	0	0	1.01.0000	1.07.0000	1.07.0000	1.07.0000
5232	蛛離戒指	ICON_RN_000_000		0	0	3		10	3	100	100	0	0	0	0	0	256	256	32768	0	5128		0	0	400	100	1		15250		44;102	0	0	0	1.01.0000	1.07.0000	1.07.0000	1.07.0000
5233	火山戒指	ICON_RN_000_000		0	0	3		10	3	110	110	0	0	0	0	0	256	256	32768	0	5128		0	0	440	110	1		15247		44;102	0	0	0	1.01.0000	1.07.0000	1.07.0000	1.07.0000
5234	炎鱗戒指	ICON_RN_000_000		0	0	3		10	3	110	110	0	0	0	0	0	256	256	32768	0	5128		0	0	440	110	1		15248		44;102	0	0	0	1.01.0000	1.07.0000	1.07.0000	1.07.0000
5235	爆鎖戒指	ICON_RN_000_000		0	0	3		10	3	110	110	0	0	0	0	0	256	256	32768	0	5128		0	0	440	110	1		15249		44;102	0	0	0	1.01.0000	1.07.0000	1.07.0000	1.07.0000
5236	噴鍊戒指	ICON_RN_000_000		0	0	3		10	3	110	110	0	0	0	0	0	256	256	32768	0	5128		0	0	440	110	1		15250		44;102	0	0	0	1.01.0000	1.07.0000	1.07.0000	1.07.0000
5237	天火戒指	ICON_RN_000_000		0	0	3		10	3	115	115	0	0	0	0	0	256	256	32768	0	5128		0	0	460	115	1		15247		44;102	0	0	0	1.01.0000	1.07.0000	1.07.0000	1.07.0000
5238	疾烈戒指	ICON_RN_000_000		0	0	3		10	3	115	115	0	0	0	0	0	256	256	32768	0	5128		0	0	460	115	1		15248		44;102	0	0	0	1.01.0000	1.07.0000	1.07.0000	1.07.0000
5239	昇光戒指	ICON_RN_000_000		0	0	3		10	3	115	115	0	0	0	0	0	256	256	32768	0	5128		0	0	460	115	1		15249		44;102	0	0	0	1.01.0000	1.07.0000	1.07.0000	1.07.0000
5240	大照戒指	ICON_RN_000_000		0	0	3		10	3	115	115	0	0	0	0	0	256	256	32768	0	5128		0	0	460	115	1		15250		44;102	0	0	0	1.01.0000	1.07.0000	1.07.0000	1.07.0000
5241	魔犬之戒	ICON_RN_000_000		0	0	3		10	2	15	15	0	0	0	0	0	256	256	32768	0	1032		0	0	10	7	1		0		43;102	0	0	0	1.05.0000	1.07.0000	1.07.0000	1.07.0000
5245	闇閻圖騰戒指	ICON_RN_013_000		0	0	3		0	4	120	120	0	0	0	0	0	256	256	32768	0	37896		0	0	720	180	1		0		45;46;103	2	0	0	1.00.0000	1.08.0000	1.08.0000	1.08.0000
5246	綠鷲戒指	ICON_RN_000_000		0	0	3		10	3	48	48	0	0	0	0	0	256	256	32768	0	37896		0	0	192	48	1		0		44;103	0	0	0	1.00.0000	1.00.0000	1.10.0000	1.20.0000
5247	紅魔象戒指	ICON_RN_000_000		0	0	3		10	3	63	63	0	0	0	0	0	256	256	32768	0	37896		0	0	252	63	1		0		44;103	0	0	0	1.00.0000	1.00.0000	1.10.0000	1.20.0000
5248	狂獅戒指	ICON_RN_000_000		0	0	3		10	3	74	74	0	0	0	0	0	256	256	32768	0	37896		0	0	296	74	1		0		44;103	0	0	0	1.00.0000	1.00.0000	1.10.0000	1.20.0000
5401	碧璀護符	ICON_PL_000_000		0	0	3		0	0	0	0	0	0	0	0	0	512	512	16384	0	5128		0	0	10	1	1		0			0	0	0	1.00.0000	1.07.0000	1.07.0000	1.07.0000
5402	涂金護符	ICON_PL_001_000		0	0	3		0	0	0	0	0	0	0	0	0	512	512	16384	0	5128		0	0	10	1	1		0			0	0	0	1.00.0000	1.07.0000	1.07.0000	1.07.0000
5403	艾爾森護符	ICON_PL_002_000		0	0	3		0	0	0	0	0	0	0	0	0	512	512	16384	0	5128		0	0	10	1	1		0			0	0	0	1.00.0000	1.07.0000	1.07.0000	1.07.0000
5404	豪斯護符	ICON_PL_003_000		0	0	3		0	0	0	0	0	0	0	0	0	512	512	16384	0	5128		0	0	10	1	1		15275			0	0	0	1.10.0000	1.07.0000	1.07.0000	1.07.0000
5405	洛伊護符	ICON_PL_004_000		0	0	3		0	0	0	0	0	0	0	0	0	512	512	16384	0	5128		0	0	10	1	1		15276			0	0	0	1.10.0000	1.07.0000	1.07.0000	1.07.0000
5406	阿波羅護符	ICON_PL_005_000		0	0	3		0	4	125	125	0	0	0	0	0	512	512	16384	0	5128		0	0	748	187	1		15255		40;32;45;71	0	0	0	1.00.0000	1.07.0000	1.07.0000	1.07.0000
5407	阿波羅護符	ICON_PL_005_000		0	0	3		0	4	125	125	0	0	0	0	0	512	512	16384	0	5128		0	0	748	187	1		15255		40;33;45;71	0	0	0	1.00.0000	1.07.0000	1.07.0000	1.07.0000
5408	阿波羅護符	ICON_PL_005_000		0	0	3		0	4	125	125	0	0	0	0	0	512	512	16384	0	5128		0	0	748	187	1		15255		40;34;45;71	0	0	0	1.00.0000	1.07.0000	1.07.0000	1.07.0000
5409	阿波羅護符	ICON_PL_005_000		0	0	3		0	4	125	125	0	0	0	0	0	512	512	16384	0	5128		0	0	748	187	1		15255		40;35;45;71	0	0	0	1.00.0000	1.07.0000	1.07.0000	1.07.0000
5410	阿波羅護符	ICON_PL_005_000		0	0	3		0	4	125	125	0	0	0	0	0	512	512	16384	0	5128		0	0	748	187	1		15255		40;36;45;71	0	0	0	1.00.0000	1.07.0000	1.07.0000	1.07.0000
5411	漢密斯護符	ICON_PL_006_000		0	0	3		0	4	125	125	0	0	0	0	0	512	512	16384	0	5128		0	0	748	187	1		15254		41;32;45;71	0	0	0	1.00.0000	1.07.0000	1.07.0000	1.07.0000
5412	漢密斯護符	ICON_PL_006_000		0	0	3		0	4	125	125	0	0	0	0	0	512	512	16384	0	5128		0	0	748	187	1		15254		41;33;45;71	0	0	0	1.00.0000	1.07.0000	1.07.0000	1.07.0000
5413	漢密斯護符	ICON_PL_006_000		0	0	3		0	4	125	125	0	0	0	0	0	512	512	16384	0	5128		0	0	748	187	1		15254		41;34;45;71	0	0	0	1.00.0000	1.07.0000	1.07.0000	1.07.0000
5414	漢密斯護符	ICON_PL_006_000		0	0	3		0	4	125	125	0	0	0	0	0	512	512	16384	0	5128		0	0	748	187	1		15254		41;35;45;71	0	0	0	1.00.0000	1.07.0000	1.07.0000	1.07.0000
5415	漢密斯護符	ICON_PL_006_000		0	0	3		0	4	125	125	0	0	0	0	0	512	512	16384	0	5128		0	0	748	187	1		15254		41;36;45;71	0	0	0	1.00.0000	1.07.0000	1.07.0000	1.07.0000
5416	森林碧璀護符	ICON_PL_000_000		0	0	3		0	4	50	50	0	0	0	0	0	512	512	16384	0	37896		0	0	300	75	1		0		45;46;103	2	0	0	1.00.0000	1.07.0000	1.07.0000	1.07.0000
5417	海馬涂金護符	ICON_PL_001_000		0	0	3		0	4	70	70	0	0	0	0	0	512	512	16384	0	37896		0	0	420	105	1		0		45;46;103	2	0	0	1.00.0000	1.07.0000	1.07.0000	1.07.0000
5418	機械星月護符	ICON_PL_007_000		0	0	3		0	4	90	90	0	0	0	0	0	512	512	16384	0	37896		0	0	540	135	1		0		45;46;103	2	0	0	1.00.0000	1.07.0000	1.07.0000	1.07.0000
5419	火山圖騰護符	ICON_PL_009_000		0	0	3		0	4	110	110	0	0	0	0	0	512	512	16384	0	37896		0	0	660	165	1		0		45;46;103	2	0	0	1.00.0000	1.07.0000	1.07.0000	1.07.0000
5420	星月護符	ICON_PL_007_000		0	0	3		0	0	0	0	0	0	0	0	0	512	512	16384	0	5128		0	0	10	1	1		0			0	0	0	1.01.0000	1.07.0000	1.07.0000	1.07.0000
5421	圖騰護符	ICON_PL_009_000		0	0	3		0	0	0	0	0	0	0	0	0	512	512	16384	0	5128		0	0	10	1	1		0			0	0	0	1.01.0000	1.07.0000	1.07.0000	1.07.0000
5422	天島護符	ICON_PL_000_000		0	0	3		10	2	40	40	0	0	0	0	0	512	512	16384	0	5128		0	0	80	20	1		15244		43;102	0	0	0	1.00.0000	1.07.0000	1.07.0000	1.07.0000
5423	原鄉護符	ICON_PL_000_000		0	0	3		10	2	40	40	0	0	0	0	0	512	512	16384	0	5128		0	0	80	20	1		15245		43;102	0	0	0	1.00.0000	1.07.0000	1.07.0000	1.07.0000
5424	異國護符	ICON_PL_000_000		0	0	3		10	2	40	40	0	0	0	0	0	512	512	16384	0	5128		0	0	80	20	1		15246		43;102	0	0	0	1.00.0000	1.07.0000	1.07.0000	1.07.0000
5425	波瀾護符	ICON_PL_000_000		0	0	3		10	3	90	90	0	0	0	0	0	512	512	16384	0	5128		0	0	360	90	1		15251		44;102	0	0	0	1.00.0000	1.07.0000	1.07.0000	1.07.0000
5426	夜海護符	ICON_PL_000_000		0	0	3		10	3	90	90	0	0	0	0	0	512	512	16384	0	5128		0	0	360	90	1		15252		44;102	0	0	0	1.00.0000	1.07.0000	1.07.0000	1.07.0000
5427	洶湧護符	ICON_PL_000_000		0	0	3		10	3	90	90	0	0	0	0	0	512	512	16384	0	5128		0	0	360	90	1		15253		44;102	0	0	0	1.00.0000	1.07.0000	1.07.0000	1.07.0000
5428	離散護符	ICON_PL_000_000		0	0	3		10	3	100	100	0	0	0	0	0	512	512	16384	0	5128		0	0	400	100	1		15251		44;102	0	0	0	1.00.0000	1.07.0000	1.07.0000	1.07.0000
5429	流水護符	ICON_PL_000_000		0	0	3		10	3	100	100	0	0	0	0	0	512	512	16384	0	5128		0	0	400	100	1		15252		44;102	0	0	0	1.00.0000	1.07.0000	1.07.0000	1.07.0000
5430	親仙護符	ICON_PL_000_000		0	0	3		10	3	100	100	0	0	0	0	0	512	512	16384	0	5128		0	0	400	100	1		15253		44;102	0	0	0	1.00.0000	1.07.0000	1.07.0000	1.07.0000
5431	漿紅護符	ICON_PL_000_000		0	0	3		10	3	110	110	0	0	0	0	0	512	512	16384	0	5128		0	0	440	110	1		15251		44;102	0	0	0	1.00.0000	1.07.0000	1.07.0000	1.07.0000
5432	破節護符	ICON_PL_000_000		0	0	3		10	3	110	110	0	0	0	0	0	512	512	16384	0	5128		0	0	440	110	1		15252		44;102	0	0	0	1.00.0000	1.07.0000	1.07.0000	1.07.0000
5433	令神護符	ICON_PL_000_000		0	0	3		10	3	110	110	0	0	0	0	0	512	512	16384	0	5128		0	0	440	110	1		15253		44;102	0	0	0	1.00.0000	1.07.0000	1.07.0000	1.07.0000
5434	冀光護符	ICON_PL_000_000		0	0	3		10	3	115	115	0	0	0	0	0	512	512	16384	0	5128		0	0	460	115	1		15251		44;102	0	0	0	1.00.0000	1.07.0000	1.07.0000	1.07.0000
5435	貞基護符	ICON_PL_000_000		0	0	3		10	3	115	115	0	0	0	0	0	512	512	16384	0	5128		0	0	460	115	1		15252		44;102	0	0	0	1.00.0000	1.07.0000	1.07.0000	1.07.0000
5436	弘夜護符	ICON_PL_000_000		0	0	3		10	3	115	115	0	0	0	0	0	512	512	16384	0	5128		0	0	460	115	1		15253		44;102	0	0	0	1.00.0000	1.07.0000	1.07.0000	1.07.0000
5437	魔犬護符	ICON_PL_000_000		0	0	3		10	2	15	15	0	0	0	0	0	512	512	16384	0	1032		0	0	10	7	1		0		43;102	0	0	0	1.05.0000	1.07.0000	1.07.0000	1.07.0000
5441	闇閻圖騰護符	ICON_PL_013_000		0	0	3		0	4	120	120	0	0	0	0	0	512	512	16384	0	37896		0	0	720	180	1		0		45;46;103	2	0	0	1.00.0000	1.08.0000	1.08.0000	1.08.0000
5442	酋長護符	ICON_PL_000_000		0	0	3		10	3	55	55	0	0	0	0	0	512	512	16384	0	37896		0	0	220	55	1		0		44;103	0	0	0	1.00.0000	1.00.0000	1.10.0000	1.20.0000
5443	尼德護符	ICON_PL_000_000		0	0	3		10	3	66	66	0	0	0	0	0	512	512	16384	0	37896		0	0	264	66	1		0		44;103	0	0	0	1.00.0000	1.00.0000	1.10.0000	1.20.0000
5601	碧璀手環	ICON_BL_000_000		0	0	3		0	0	0	0	0	0	0	0	0	1024	1024	65536	0	5128		0	0	10	1	1		0			0	0	0	1.00.0000	1.07.0000	1.07.0000	1.07.0000
5602	涂金手環	ICON_BL_001_000		0	0	3		0	0	0	0	0	0	0	0	0	1024	1024	65536	0	5128		0	0	10	1	1		0			0	0	0	1.00.0000	1.07.0000	1.07.0000	1.07.0000
5603	艾爾森手環	ICON_BL_002_000		0	0	3		0	0	0	0	0	0	0	0	0	1024	1024	65536	0	5128		0	0	10	1	1		0			0	0	0	1.00.0000	1.07.0000	1.07.0000	1.07.0000
5604	豪斯手環	ICON_BL_003_000		0	0	3		0	0	0	0	0	0	0	0	0	1024	1024	65536	0	5128		0	0	10	1	1		15273			0	0	0	1.10.0000	1.07.0000	1.07.0000	1.07.0000
5605	洛伊手環	ICON_BL_004_000		0	0	3		0	0	0	0	0	0	0	0	0	1024	1024	65536	0	5128		0	0	10	1	1		15274			0	0	0	1.10.0000	1.07.0000	1.07.0000	1.07.0000
5606	阿波羅手環	ICON_BL_005_000		0	0	3		0	4	125	125	0	0	0	0	0	1024	1024	65536	0	5128		0	0	748	187	1		15255		40;32;45;71	0	0	0	1.00.0000	1.07.0000	1.07.0000	1.07.0000
5607	阿波羅手環	ICON_BL_005_000		0	0	3		0	4	125	125	0	0	0	0	0	1024	1024	65536	0	5128		0	0	748	187	1		15255		40;33;45;71	0	0	0	1.00.0000	1.07.0000	1.07.0000	1.07.0000
5608	阿波羅手環	ICON_BL_005_000		0	0	3		0	4	125	125	0	0	0	0	0	1024	1024	65536	0	5128		0	0	748	187	1		15255		40;34;45;71	0	0	0	1.00.0000	1.07.0000	1.07.0000	1.07.0000
5609	阿波羅手環	ICON_BL_005_000		0	0	3		0	4	125	125	0	0	0	0	0	1024	1024	65536	0	5128		0	0	748	187	1		15255		40;35;45;71	0	0	0	1.00.0000	1.07.0000	1.07.0000	1.07.0000
5610	阿波羅手環	ICON_BL_005_000		0	0	3		0	4	125	125	0	0	0	0	0	1024	1024	65536	0	5128		0	0	748	187	1		15255		40;36;45;71	0	0	0	1.00.0000	1.07.0000	1.07.0000	1.07.0000
5611	漢密斯手環	ICON_BL_006_000		0	0	3		0	4	125	125	0	0	0	0	0	1024	1024	65536	0	5128		0	0	748	187	1		15254		41;32;45;71	0	0	0	1.00.0000	1.07.0000	1.07.0000	1.07.0000
5612	漢密斯手環	ICON_BL_006_000		0	0	3		0	4	125	125	0	0	0	0	0	1024	1024	65536	0	5128		0	0	748	187	1		15254		41;33;45;71	0	0	0	1.00.0000	1.07.0000	1.07.0000	1.07.0000
5613	漢密斯手環	ICON_BL_006_000		0	0	3		0	4	125	125	0	0	0	0	0	1024	1024	65536	0	5128		0	0	748	187	1		15254		41;34;45;71	0	0	0	1.00.0000	1.07.0000	1.07.0000	1.07.0000
5614	漢密斯手環	ICON_BL_006_000		0	0	3		0	4	125	125	0	0	0	0	0	1024	1024	65536	0	5128		0	0	748	187	1		15254		41;35;45;71	0	0	0	1.00.0000	1.07.0000	1.07.0000	1.07.0000
5615	漢密斯手環	ICON_BL_006_000		0	0	3		0	4	125	125	0	0	0	0	0	1024	1024	65536	0	5128		0	0	748	187	1		15254		41;36;45;71	0	0	0	1.00.0000	1.07.0000	1.07.0000	1.07.0000
5616	森林碧璀手環	ICON_BL_000_000		0	0	3		0	4	50	50	0	0	0	0	0	1024	1024	65536	0	37896		0	0	300	75	1		0		45;46;103	2	0	0	1.00.0000	1.07.0000	1.07.0000	1.07.0000
5617	海馬涂金手環	ICON_BL_001_000		0	0	3		0	4	70	70	0	0	0	0	0	1024	1024	65536	0	37896		0	0	420	105	1		0		45;46;103	2	0	0	1.00.0000	1.07.0000	1.07.0000	1.07.0000
5618	機械星月手環	ICON_BL_007_000		0	0	3		0	4	90	90	0	0	0	0	0	1024	1024	65536	0	37896		0	0	540	135	1		0		45;46;103	2	0	0	1.00.0000	1.07.0000	1.07.0000	1.07.0000
5619	火山圖騰手環	ICON_BL_009_000		0	0	3		0	4	110	110	0	0	0	0	0	1024	1024	65536	0	37896		0	0	660	165	1		0		45;46;103	2	0	0	1.00.0000	1.07.0000	1.07.0000	1.07.0000
5620	星月手環	ICON_BL_007_000		0	0	3		0	0	0	0	0	0	0	0	0	1024	1024	65536	0	5128		0	0	10	1	1		0			0	0	0	1.01.0000	1.07.0000	1.07.0000	1.07.0000
5621	圖騰手環	ICON_BL_009_000		0	0	3		0	0	0	0	0	0	0	0	0	1024	1024	65536	0	5128		0	0	10	1	1		0			0	0	0	1.01.0000	1.07.0000	1.07.0000	1.07.0000
5622	魔犬手環	ICON_BL_000_000		0	0	3		10	2	15	15	0	0	0	0	0	1024	1024	65536	0	1032		0	0	10	7	1		0		43;102	0	0	0	1.05.0000	1.07.0000	1.07.0000	1.07.0000
5626	闇閻圖騰手環	ICON_BL_013_000		0	0	3		0	4	120	120	0	0	0	0	0	1024	1024	65536	0	37896		0	0	720	180	1		0		45;46;103	2	0	0	1.00.0000	1.08.0000	1.08.0000	1.08.0000
5627	士官長手環	ICON_BL_000_000		0	0	3		10	2	22	22	0	0	0	0	0	1024	1024	65536	0	37896		0	0	44	11	1		0		44;103	0	0	0	1.00.0000	1.00.0000	1.10.0000	1.20.0000
5628	巨虎手環	ICON_BL_000_000		0	0	3		10	3	34	34	0	0	0	0	0	1024	1024	65536	0	37896		0	0	136	34	1		0		44;103	0	0	0	1.00.0000	1.00.0000	1.10.0000	1.20.0000
5629	黑毛手環	ICON_BL_000_000		0	0	3		10	3	62	62	0	0	0	0	0	1024	1024	65536	0	37896		0	0	248	62	1		0		44;103	0	0	0	1.00.0000	1.00.0000	1.10.0000	1.20.0000
5630	雙角手環	ICON_BL_000_000		0	0	3		10	3	70	70	0	0	0	0	0	1024	1024	65536	0	37896		0	0	280	70	1		0		44;103	0	0	0	1.00.0000	1.00.0000	1.10.0000	1.20.0000
5809	羅米歐守護	ICON_MISSION_054_000		0	0	0		14	2	45	1	0	0	0	0	0	65536	65536	524288	0	0		0	0	88	22	1		5601			0	0	0	1.00.0000	1.07.0000	1.07.0000	1.07.0000
5810	鬥魂守護	ICON_TREASURE_008_000		0	0	0		10	3	80	80	0	1	0	0	0	65536	65536	524288	0	0		0	0	320	80	1		15264			0	0	0	1.03.0000	1.07.0000	1.07.0000	1.07.0000
5811	聖魂守護	ICON_TREASURE_008_000		0	0	0		10	3	80	80	0	2	0	0	0	65536	65536	524288	0	0		0	0	320	80	1		15265			0	0	0	1.03.0000	1.07.0000	1.07.0000	1.07.0000
5812	英魂守護	ICON_TREASURE_008_000		0	0	0		10	3	80	80	0	4	0	0	0	65536	65536	524288	0	0		0	0	320	80	1		15266			0	0	0	1.03.0000	1.07.0000	1.07.0000	1.07.0000
5813	幽魂守護	ICON_TREASURE_008_000		0	0	0		10	3	80	80	0	16	0	0	0	65536	65536	524288	0	0		0	0	320	80	1		15267			0	0	0	1.03.0000	1.07.0000	1.07.0000	1.07.0000
5814	赤魂守護	ICON_TREASURE_008_000		0	0	0		10	3	80	80	0	32	0	0	0	65536	65536	524288	0	0		0	0	320	80	1		15268			0	0	0	1.03.0000	1.07.0000	1.07.0000	1.07.0000
5815	鬥魂加護	ICON_TREASURE_008_001		0	0	0		10	3	100	100	0	1	0	0	0	65536	65536	524288	0	0		0	0	400	100	1		15201			0	0	0	1.03.0000	1.07.0000	1.07.0000	1.07.0000
5816	聖魂加護	ICON_TREASURE_008_001		0	0	0		10	3	100	100	0	2	0	0	0	65536	65536	524288	0	0		0	0	400	100	1		15202			0	0	0	1.03.0000	1.07.0000	1.07.0000	1.07.0000
5817	英魂加護	ICON_TREASURE_008_001		0	0	0		10	3	100	100	0	4	0	0	0	65536	65536	524288	0	0		0	0	400	100	1		15203			0	0	0	1.03.0000	1.07.0000	1.07.0000	1.07.0000
5818	幽魂加護	ICON_TREASURE_008_001		0	0	0		10	3	100	100	0	16	0	0	0	65536	65536	524288	0	0		0	0	400	100	1		15204			0	0	0	1.03.0000	1.07.0000	1.07.0000	1.07.0000
5819	赤魂加護	ICON_TREASURE_008_001		0	0	0		10	3	100	100	0	32	0	0	0	65536	65536	524288	0	0		0	0	400	100	1		15205			0	0	0	1.03.0000	1.07.0000	1.07.0000	1.07.0000
5820	鬥魂精靈	ICON_TREASURE_008_002		0	0	0		10	3	120	120	0	1	0	0	0	65536	65536	524288	0	0		0	0	480	120	1		15206			0	0	0	1.03.0000	1.07.0000	1.07.0000	1.07.0000
5821	聖魂精靈	ICON_TREASURE_008_002		0	0	0		10	3	120	120	0	2	0	0	0	65536	65536	524288	0	0		0	0	480	120	1		15207			0	0	0	1.03.0000	1.07.0000	1.07.0000	1.07.0000
5822	英魂精靈	ICON_TREASURE_008_002		0	0	0		10	3	120	120	0	4	0	0	0	65536	65536	524288	0	0		0	0	480	120	1		15208			0	0	0	1.03.0000	1.07.0000	1.07.0000	1.07.0000
5823	幽魂精靈	ICON_TREASURE_008_002		0	0	0		10	3	120	120	0	16	0	0	0	65536	65536	524288	0	0		0	0	480	120	1		15209			0	0	0	1.03.0000	1.07.0000	1.07.0000	1.07.0000
5824	赤魂精靈	ICON_TREASURE_008_002		0	0	0		10	3	120	120	0	32	0	0	0	65536	65536	524288	0	0		0	0	480	120	1		15210			0	0	0	1.03.0000	1.07.0000	1.07.0000	1.07.0000
6001	LV.40藍色未鑑定物	ICON_IDENTIFY_001_000		0	0	1		10	3	40	40	0	0	0	0	0	0	0	0	0	0	1;2	0	0	160	40	1		0		15	0	0	0	OUT	1.08.0000	1.08.0000	1.08.0000
6002	LV.50藍色未鑑定物	ICON_IDENTIFY_001_000		0	0	1		10	3	50	50	0	0	0	0	0	0	0	0	0	0	1;2	0	0	200	50	1		0		15	0	0	0	OUT	1.08.0000	1.08.0000	1.08.0000
6003	LV.60藍色未鑑定物	ICON_IDENTIFY_001_000		0	0	1		10	3	60	60	0	0	0	0	0	0	0	0	0	0	1;2	0	0	240	60	1		0		15	0	0	0	OUT	1.08.0000	1.08.0000	1.08.0000
6004	LV.70藍色未鑑定物	ICON_IDENTIFY_001_000		0	0	1		10	3	70	70	0	0	0	0	0	0	0	0	0	0	1;2	0	0	280	70	1		0		15	0	0	0	OUT	1.08.0000	1.08.0000	1.08.0000
6005	LV.80藍色未鑑定物	ICON_IDENTIFY_001_000		0	0	1		10	3	80	80	0	0	0	0	0	0	0	0	0	0	1;2	0	0	320	80	1		0		15	0	0	0	OUT	1.08.0000	1.08.0000	1.08.0000
6006	LV.90藍色未鑑定物	ICON_IDENTIFY_001_000		0	0	1		10	3	90	90	0	0	0	0	0	0	0	0	0	0	1;2	0	0	360	90	1		0		15	0	0	0	OUT	1.08.0000	1.08.0000	1.08.0000
6007	LV.100藍色未鑑定物	ICON_IDENTIFY_001_000		0	0	1		10	3	100	100	0	0	0	0	0	0	0	0	0	0	1;2	0	0	400	100	1		0		15	0	0	0	OUT	1.08.0000	1.08.0000	1.08.0000
6008	LV.110藍色未鑑定物	ICON_IDENTIFY_001_000		0	0	1		10	3	110	110	0	0	0	0	0	0	0	0	0	0	1;2	0	0	440	110	1		0		15	0	0	0	OUT	1.08.0000	1.08.0000	1.08.0000
6009	LV.115藍色未鑑定物	ICON_IDENTIFY_001_000		0	0	1		10	3	115	115	0	0	0	0	0	0	0	0	0	0	1;2	0	0	460	115	1		0		15	0	0	0	OUT	1.08.0000	1.08.0000	1.08.0000
6101	紅羽鉤	ICON_SWORD_004_004		0	0	1		0	4	106	106	0	0	0	0	0	0	0	1	0	0	1;2	0	0	636	159	1		0		16;72;71	2	0	0	OUT	1.09.0000	1.09.0000	1.09.0000
6102	獅王護	ICON_SSTICK_003_002		0	0	1		0	4	106	106	0	0	0	0	0	0	0	2	0	0	1;2	0	0	636	159	1		0		16;74;71	2	0	0	OUT	1.09.0000	1.09.0000	1.09.0000
6103	獅冥護	ICON_SHIELD_003_002		0	0	1		0	4	106	106	0	0	0	0	0	0	0	4	0	0	1;2	0	0	636	159	1		0		16;76;71	2	0	0	OUT	1.09.0000	1.09.0000	1.09.0000
6104	烈焰紫晶	ICON_SKULL_002_002		0	0	1		0	4	106	106	0	0	0	0	0	0	0	8	0	0	1;2	0	0	636	159	1		0		16;78;71	2	0	0	OUT	1.09.0000	1.09.0000	1.09.0000
6105	靛藍炮	ICON_FIREARM_004_000		0	0	1		0	4	106	106	0	0	0	0	0	0	0	16	0	0	1;2	0	0	636	159	1		0		16;80;71	2	0	0	OUT	1.09.0000	1.09.0000	1.09.0000
6106	森林樂章	ICON_LSTICK_004_004		0	0	1		0	4	106	106	0	0	0	0	0	0	0	64	0	0	1;2	0	0	636	159	1		0		16;82;71	2	0	0	OUT	1.09.0000	1.09.0000	1.09.0000
6111	紅羽鉤	ICON_SWORD_004_004		0	0	1		0	4	111	111	0	0	0	0	0	0	0	1	0	0	1;2	0	0	664	166	1		0		16;72;71	2	0	0	OUT	1.09.0000	1.09.0000	1.09.0000
6112	獅王護	ICON_SSTICK_003_002		0	0	1		0	4	111	111	0	0	0	0	0	0	0	2	0	0	1;2	0	0	664	166	1		0		16;74;71	2	0	0	OUT	1.09.0000	1.09.0000	1.09.0000
6113	獅冥護	ICON_SHIELD_003_002		0	0	1		0	4	111	111	0	0	0	0	0	0	0	4	0	0	1;2	0	0	664	166	1		0		16;76;71	2	0	0	OUT	1.09.0000	1.09.0000	1.09.0000
6114	烈焰紫晶	ICON_SKULL_002_002		0	0	1		0	4	111	111	0	0	0	0	0	0	0	8	0	0	1;2	0	0	664	166	1		0		16;78;71	2	0	0	OUT	1.09.0000	1.09.0000	1.09.0000
6115	靛藍炮	ICON_FIREARM_004_000		0	0	1		0	4	111	111	0	0	0	0	0	0	0	16	0	0	1;2	0	0	664	166	1		0		16;80;71	2	0	0	OUT	1.09.0000	1.09.0000	1.09.0000
6116	森林樂章	ICON_LSTICK_004_004		0	0	1		0	4	111	111	0	0	0	0	0	0	0	64	0	0	1;2	0	0	664	166	1		0		16;82;71	2	0	0	OUT	1.09.0000	1.09.0000	1.09.0000
6121	紅羽鉤	ICON_SWORD_004_004		0	0	1		0	4	116	116	0	0	0	0	0	0	0	1	0	0	1;2	0	0	696	174	1		0		16;72;71	2	0	0	OUT	1.09.0000	1.09.0000	1.09.0000
6122	獅王護	ICON_SSTICK_003_002		0	0	1		0	4	116	116	0	0	0	0	0	0	0	2	0	0	1;2	0	0	696	174	1		0		16;74;71	2	0	0	OUT	1.09.0000	1.09.0000	1.09.0000
6123	獅冥護	ICON_SHIELD_003_002		0	0	1		0	4	116	116	0	0	0	0	0	0	0	4	0	0	1;2	0	0	696	174	1		0		16;76;71	2	0	0	OUT	1.09.0000	1.09.0000	1.09.0000
6124	烈焰紫晶	ICON_SKULL_002_002		0	0	1		0	4	116	116	0	0	0	0	0	0	0	8	0	0	1;2	0	0	696	174	1		0		16;78;71	2	0	0	OUT	1.09.0000	1.09.0000	1.09.0000
6125	靛藍炮	ICON_FIREARM_004_000		0	0	1		0	4	116	116	0	0	0	0	0	0	0	16	0	0	1;2	0	0	696	174	1		0		16;80;71	2	0	0	OUT	1.09.0000	1.09.0000	1.09.0000
6126	森林樂章	ICON_LSTICK_004_004		0	0	1		0	4	116	116	0	0	0	0	0	0	0	64	0	0	1;2	0	0	696	174	1		0		16;82;71	2	0	0	OUT	1.09.0000	1.09.0000	1.09.0000
7001	巨蛇頭飾	ICON_HT_032_001	HT	32	1	2		0	3	25	25	0	0	0	0	0	1	1	256	0	37896		0	0	100	25	1		0		44;103	0	0	0	0.00.0000	0.00.0000	1.10.0000	1.20.0000
7002	巨蛇上身	ICON_CT_032_001	CT	32	1	2		0	3	25	25	0	0	0	0	0	2	2	512	0	37896		0	0	100	25	1		0		44;103	0	0	0	0.00.0000	0.00.0000	1.10.0000	1.20.0000
7003	巨蛇下身	ICON_LG_032_001	LG	32	1	2		0	3	25	25	0	0	0	0	0	4	4	1024	0	37896		0	0	100	25	1		0		44;103	0	0	0	0.00.0000	0.00.0000	1.10.0000	1.20.0000
7004	巨蛇手	ICON_GL_000_001		0	0	2		0	3	25	25	0	0	0	0	0	32	32	2048	0	37896		0	0	100	25	1		0		44;103	0	0	0	0.00.0000	0.00.0000	1.10.0000	1.20.0000
7005	巨蛇腳	ICON_BT_000_001		0	0	2		0	3	25	25	0	0	0	0	0	64	64	4096	0	37896		0	0	100	25	1		0		44;103	0	0	0	0.00.0000	0.00.0000	1.10.0000	1.20.0000
7006	巨蛇之鍊	ICON_NL_003_000		0	0	3		0	3	25	25	0	0	0	0	0	128	128	8192	0	37896		0	0	100	25	1		0		44;103	0	0	0	0.00.0000	0.00.0000	1.10.0000	1.20.0000
7007	巨蛇之戒	ICON_RN_003_000		0	0	3		0	3	25	25	0	0	0	0	0	256	256	32768	0	37896		0	0	100	25	1		0		44;103	0	0	0	0.00.0000	0.00.0000	1.10.0000	1.20.0000
7008	巨蛇護符	ICON_PL_003_000		0	0	3		0	3	25	25	0	0	0	0	0	512	512	16384	0	37896		0	0	100	25	1		0		44;103	0	0	0	0.00.0000	0.00.0000	1.10.0000	1.20.0000
7009	巨蛇手鐲	ICON_BL_003_000		0	0	3		0	3	25	25	0	0	0	0	0	1024	1024	65536	0	37896		0	0	100	25	1		0		44;103	0	0	0	0.00.0000	0.00.0000	1.10.0000	1.20.0000
7010	巨蛇劍	ICON_SWORD_005_001	SWORD	5	1	1		0	3	25	25	0	0	0	0	0	16384	16384	1	0	37960		0	0	100	25	1		0		44;103	0	0	0	0.00.0000	0.00.0000	1.10.0000	1.20.0000
7011	巨蛇鎚	ICON_SSTICK_005_004	SSTICK	5	4	1		0	3	25	25	0	0	0	0	0	8	8	2	0	37960		0	0	100	25	1		0		44;103	0	0	0	0.00.0000	0.00.0000	1.10.0000	1.20.0000
7012	巨蛇盾	ICON_SHIELD_005_004	SHIELD	5	4	1		0	3	25	25	0	0	0	0	0	16	16	4	0	37960		0	0	100	25	1		0		44;103	0	0	0	0.00.0000	0.00.0000	1.10.0000	1.20.0000
7013	巨蛇杖	ICON_LSTICK_005_003	LSTICK	5	3	1		0	3	25	25	0	0	0	0	0	8	24	64	0	37960		0	0	100	25	1		0		44;103	0	0	0	0.00.0000	0.00.0000	1.10.0000	1.20.0000
7014	巨蛇石	ICON_SKULL_005_001	SKULL	5	1	1		0	3	25	25	0	0	0	0	0	8	24	8	0	37960		0	0	100	25	1		0		44;103	0	0	0	0.00.0000	0.00.0000	1.10.0000	1.20.0000
7015	巨蛇槍	ICON_FIREARM_005_003	FIREARM	5	3	1		0	3	25	25	0	0	0	0	0	8	24	16	0	37960		0	0	100	25	1		0		44;103	0	0	0	0.00.0000	0.00.0000	1.10.0000	1.20.0000
8905	玫瑰	ICON_LSTICK_004_002		0	0	1		0	3	46	46	0	0	0	0	0	0	0	32	0	0	1;2	0	0	184	46	1		0		15;58;71	2	0	0	1.03.0000	1.07.0000	1.07.0000	1.07.0000
8916	玫瑰	ICON_LSTICK_004_002		0	0	1		0	3	76	76	0	0	0	0	0	0	0	32	0	0	1;2	0	0	304	76	1		0		15;58;71	2	0	0	1.03.0000	1.07.0000	1.07.0000	1.07.0000
8917	古力獅	ICON_FIREARM_004_005		0	0	1		0	3	76	76	0	0	0	0	0	0	0	16	0	0	1;2	0	0	304	76	1		0		15;57;71	2	0	0	1.03.0000	1.07.0000	1.07.0000	1.07.0000
8918	牛王髏	ICON_SKULL_002_000		0	0	1		0	3	76	76	0	0	0	0	0	0	0	8	0	0	1;2	0	0	304	76	1		0		15;56;71	2	0	0	1.03.0000	1.07.0000	1.07.0000	1.07.0000
8919	月光	ICON_SHIELD_003_004		0	0	1		0	3	76	76	0	0	0	0	0	0	0	4	0	0	1;2	0	0	304	76	1		0		15;55;71	2	0	0	1.03.0000	1.07.0000	1.07.0000	1.07.0000
8920	寧靜角	ICON_SSTICK_003_004		0	0	1		0	3	76	76	0	0	0	0	0	0	0	2	0	0	1;2	0	0	304	76	1		0		15;54;71	2	0	0	1.03.0000	1.07.0000	1.07.0000	1.07.0000
8921	斐翼	ICON_SWORD_004_002		0	0	1		0	3	76	76	0	0	0	0	0	0	0	1	0	0	1;2	0	0	304	76	1		0		15;53;71	2	0	0	1.03.0000	1.07.0000	1.07.0000	1.07.0000
8922	紅羽鉤	ICON_SWORD_004_004		0	0	1		0	4	125	125	0	0	0	0	0	0	0	1	0	0	1;2	0	0	748	187	1		0		16;72;71	2	0	0	1.10.0000	1.07.0000	1.07.0000	1.07.0000
8923	血翼兇鐮	ICON_SWORD_004_000		0	0	1		0	4	125	125	0	0	0	0	0	0	0	1	0	0	1;2	0	0	748	187	1		0		16;73;71	2	0	0	1.10.0000	1.07.0000	1.07.0000	1.07.0000
8924	獅王護	ICON_SSTICK_003_002		0	0	1		0	4	125	125	0	0	0	0	0	0	0	2	0	0	1;2	0	0	748	187	1		0		16;74;71	2	0	0	1.10.0000	1.07.0000	1.07.0000	1.07.0000
8925	赤色災厄	ICON_SSTICK_003_000		0	0	1		0	4	125	125	0	0	0	0	0	0	0	2	0	0	1;2	0	0	748	187	1		0		16;75;71	2	0	0	1.10.0000	1.07.0000	1.07.0000	1.07.0000
8926	獅冥護	ICON_SHIELD_003_002		0	0	1		0	4	125	125	0	0	0	0	0	0	0	4	0	0	1;2	0	0	748	187	1		0		16;76;71	2	0	0	1.10.0000	1.07.0000	1.07.0000	1.07.0000
8927	赤色守護	ICON_SHIELD_003_000		0	0	1		0	4	125	125	0	0	0	0	0	0	0	4	0	0	1;2	0	0	748	187	1		0		16;77;71	2	0	0	1.10.0000	1.07.0000	1.07.0000	1.07.0000
8928	烈焰紫晶	ICON_SKULL_002_002		0	0	1		0	4	125	125	0	0	0	0	0	0	0	8	0	0	1;2	0	0	748	187	1		0		16;78;71	2	0	0	1.10.0000	1.07.0000	1.07.0000	1.07.0000
8929	冥王凝視	ICON_SKULL_002_006		0	0	1		0	4	125	125	0	0	0	0	0	0	0	8	0	0	1;2	0	0	748	187	1		0		16;79;71	2	0	0	1.10.0000	1.07.0000	1.07.0000	1.07.0000
8930	靛藍炮	ICON_FIREARM_004_000		0	0	1		0	4	125	125	0	0	0	0	0	0	0	16	0	0	1;2	0	0	748	187	1		0		16;80;71	2	0	0	1.10.0000	1.07.0000	1.07.0000	1.07.0000
8931	激戰雙龍	ICON_FIREARM_004_002		0	0	1		0	4	125	125	0	0	0	0	0	0	0	16	0	0	1;2	0	0	748	187	1		0		16;81;71	2	0	0	1.10.0000	1.07.0000	1.07.0000	1.07.0000
8932	森林樂章	ICON_LSTICK_004_004		0	0	1		0	4	125	125	0	0	0	0	0	0	0	64	0	0	1;2	0	0	748	187	1		0		16;82;71	2	0	0	1.10.0000	1.07.0000	1.07.0000	1.07.0000
8933	惡魔副本	ICON_LSTICK_004_000		0	0	1		0	4	125	125	0	0	0	0	0	0	0	64	0	0	1;2	0	0	748	187	1		0		16;83;71	2	0	0	1.10.0000	1.07.0000	1.07.0000	1.07.0000
8934	修羅頭飾	ICON_HT_015_008		0	0	2		10	4	125	125	0	0	0	0	0	0	0	256	0	0	1;2	0	0	748	187	1		0		16;59;61	0	0	0	1.03.0000	1.07.0000	1.07.0000	1.07.0000
8935	修羅上身	ICON_CT_015_008		0	0	2		10	4	125	125	0	0	0	0	0	0	0	512	0	0	1;2	0	0	748	187	1		0		16;59;62	0	0	0	1.03.0000	1.07.0000	1.07.0000	1.07.0000
8936	修羅下身	ICON_LG_015_008		0	0	2		10	4	125	125	0	0	0	0	0	0	0	1024	0	0	1;2	0	0	748	187	1		0		16;59;63	0	0	0	1.03.0000	1.07.0000	1.07.0000	1.07.0000
8937	修羅手套	ICON_GL_000_008		0	0	2		10	4	125	125	0	0	0	0	0	0	0	2048	0	0	1;2	0	0	748	187	1		0		16;59;64	0	0	0	1.03.0000	1.07.0000	1.07.0000	1.07.0000
8938	修羅便鞋	ICON_BT_000_008		0	0	2		10	4	125	125	0	0	0	0	0	0	0	4096	0	0	1;2	0	0	748	187	1		0		16;59;65	0	0	0	1.03.0000	1.07.0000	1.07.0000	1.07.0000
8939	玫瑰	ICON_LSTICK_004_002		0	0	1		0	3	46	46	0	0	0	0	0	0	0	64	0	0	1;2	0	0	184	46	1		0		15;58;71	2	0	0	1.03.0000	1.07.0000	1.07.0000	1.07.0000
8940	玫瑰	ICON_LSTICK_004_002		0	0	1		0	3	66	66	0	0	0	0	0	0	0	64	0	0	1;2	0	0	264	66	1		0		15;58;71	2	0	0	1.03.0000	1.07.0000	1.07.0000	1.07.0000
8941	玫瑰	ICON_LSTICK_004_002		0	0	1		0	3	86	86	0	0	0	0	0	0	0	64	0	0	1;2	0	0	344	86	1		0		15;58;71	2	0	0	1.03.0000	1.07.0000	1.07.0000	1.07.0000
8942	玫瑰	ICON_LSTICK_004_002		0	0	1		0	3	96	96	0	0	0	0	0	0	0	64	0	0	1;2	0	0	384	96	1		0		15;58;71	2	0	0	1.03.0000	1.07.0000	1.07.0000	1.07.0000
8943	玫瑰	ICON_LSTICK_004_002		0	0	1		0	3	106	106	0	0	0	0	0	0	0	64	0	0	1;2	0	0	424	106	1		0		15;58;71	2	0	0	1.03.0000	1.07.0000	1.07.0000	1.07.0000
8944	玫瑰	ICON_LSTICK_004_002		0	0	1		0	3	116	116	0	0	0	0	0	0	0	64	0	0	1;2	0	0	464	116	1		0		15;58;71	2	0	0	1.03.0000	1.07.0000	1.07.0000	1.07.0000
8945	玫瑰	ICON_LSTICK_004_002		0	0	1		0	3	121	121	0	0	0	0	0	0	0	64	0	0	1;2	0	0	484	121	1		0		15;58;71	2	0	0	1.03.0000	1.07.0000	1.07.0000	1.07.0000
8946	古力獅	ICON_FIREARM_004_005		0	0	1		0	3	46	46	0	0	0	0	0	0	0	16	0	0	1;2	0	0	184	46	1		0		15;57;71	2	0	0	1.03.0000	1.07.0000	1.07.0000	1.07.0000
8947	古力獅	ICON_FIREARM_004_005		0	0	1		0	3	66	66	0	0	0	0	0	0	0	16	0	0	1;2	0	0	264	66	1		0		15;57;71	2	0	0	1.03.0000	1.07.0000	1.07.0000	1.07.0000
8948	古力獅	ICON_FIREARM_004_005		0	0	1		0	3	86	86	0	0	0	0	0	0	0	16	0	0	1;2	0	0	344	86	1		0		15;57;71	2	0	0	1.03.0000	1.07.0000	1.07.0000	1.07.0000
8949	古力獅	ICON_FIREARM_004_005		0	0	1		0	3	96	96	0	0	0	0	0	0	0	16	0	0	1;2	0	0	384	96	1		0		15;57;71	2	0	0	1.03.0000	1.07.0000	1.07.0000	1.07.0000
8950	古力獅	ICON_FIREARM_004_005		0	0	1		0	3	106	106	0	0	0	0	0	0	0	16	0	0	1;2	0	0	424	106	1		0		15;57;71	2	0	0	1.03.0000	1.07.0000	1.07.0000	1.07.0000
8951	古力獅	ICON_FIREARM_004_005		0	0	1		0	3	116	116	0	0	0	0	0	0	0	16	0	0	1;2	0	0	464	116	1		0		15;57;71	2	0	0	1.03.0000	1.07.0000	1.07.0000	1.07.0000
8952	古力獅	ICON_FIREARM_004_005		0	0	1		0	3	121	121	0	0	0	0	0	0	0	16	0	0	1;2	0	0	484	121	1		0		15;57;71	2	0	0	1.03.0000	1.07.0000	1.07.0000	1.07.0000
8953	牛王髏	ICON_SKULL_002_000		0	0	1		0	3	46	46	0	0	0	0	0	0	0	8	0	0	1;2	0	0	184	46	1		0		15;56;71	2	0	0	1.03.0000	1.07.0000	1.07.0000	1.07.0000
8954	牛王髏	ICON_SKULL_002_000		0	0	1		0	3	66	66	0	0	0	0	0	0	0	8	0	0	1;2	0	0	264	66	1		0		15;56;71	2	0	0	1.03.0000	1.07.0000	1.07.0000	1.07.0000
8955	牛王髏	ICON_SKULL_002_000		0	0	1		0	3	86	86	0	0	0	0	0	0	0	8	0	0	1;2	0	0	344	86	1		0		15;56;71	2	0	0	1.03.0000	1.07.0000	1.07.0000	1.07.0000
8956	牛王髏	ICON_SKULL_002_000		0	0	1		0	3	96	96	0	0	0	0	0	0	0	8	0	0	1;2	0	0	384	96	1		0		15;56;71	2	0	0	1.03.0000	1.07.0000	1.07.0000	1.07.0000
8957	牛王髏	ICON_SKULL_002_000		0	0	1		0	3	106	106	0	0	0	0	0	0	0	8	0	0	1;2	0	0	424	106	1		0		15;56;71	2	0	0	1.03.0000	1.07.0000	1.07.0000	1.07.0000
8958	牛王髏	ICON_SKULL_002_000		0	0	1		0	3	116	116	0	0	0	0	0	0	0	8	0	0	1;2	0	0	464	116	1		0		15;56;71	2	0	0	1.03.0000	1.07.0000	1.07.0000	1.07.0000
8959	牛王髏	ICON_SKULL_002_000		0	0	1		0	3	121	121	0	0	0	0	0	0	0	8	0	0	1;2	0	0	484	121	1		0		15;56;71	2	0	0	1.03.0000	1.07.0000	1.07.0000	1.07.0000
8960	月光	ICON_SHIELD_003_004		0	0	1		0	3	46	46	0	0	0	0	0	0	0	4	0	0	1;2	0	0	184	46	1		0		15;55;71	2	0	0	1.03.0000	1.07.0000	1.07.0000	1.07.0000
8961	月光	ICON_SHIELD_003_004		0	0	1		0	3	66	66	0	0	0	0	0	0	0	4	0	0	1;2	0	0	264	66	1		0		15;55;71	2	0	0	1.03.0000	1.07.0000	1.07.0000	1.07.0000
8962	月光	ICON_SHIELD_003_004		0	0	1		0	3	86	86	0	0	0	0	0	0	0	4	0	0	1;2	0	0	344	86	1		0		15;55;71	2	0	0	1.03.0000	1.07.0000	1.07.0000	1.07.0000
8963	月光	ICON_SHIELD_003_004		0	0	1		0	3	96	96	0	0	0	0	0	0	0	4	0	0	1;2	0	0	384	96	1		0		15;55;71	2	0	0	1.03.0000	1.07.0000	1.07.0000	1.07.0000
8964	月光	ICON_SHIELD_003_004		0	0	1		0	3	106	106	0	0	0	0	0	0	0	4	0	0	1;2	0	0	424	106	1		0		15;55;71	2	0	0	1.03.0000	1.07.0000	1.07.0000	1.07.0000
8965	月光	ICON_SHIELD_003_004		0	0	1		0	3	116	116	0	0	0	0	0	0	0	4	0	0	1;2	0	0	464	116	1		0		15;55;71	2	0	0	1.03.0000	1.07.0000	1.07.0000	1.07.0000
8966	月光	ICON_SHIELD_003_004		0	0	1		0	3	121	121	0	0	0	0	0	0	0	4	0	0	1;2	0	0	484	121	1		0		15;55;71	2	0	0	1.03.0000	1.07.0000	1.07.0000	1.07.0000
8967	寧靜角	ICON_SSTICK_003_004		0	0	1		0	3	46	46	0	0	0	0	0	0	0	2	0	0	1;2	0	0	184	46	1		0		15;54;71	2	0	0	1.03.0000	1.07.0000	1.07.0000	1.07.0000
8968	寧靜角	ICON_SSTICK_003_004		0	0	1		0	3	66	66	0	0	0	0	0	0	0	2	0	0	1;2	0	0	264	66	1		0		15;54;71	2	0	0	1.03.0000	1.07.0000	1.07.0000	1.07.0000
8969	寧靜角	ICON_SSTICK_003_004		0	0	1		0	3	86	86	0	0	0	0	0	0	0	2	0	0	1;2	0	0	344	86	1		0		15;54;71	2	0	0	1.03.0000	1.07.0000	1.07.0000	1.07.0000
8970	寧靜角	ICON_SSTICK_003_004		0	0	1		0	3	96	96	0	0	0	0	0	0	0	2	0	0	1;2	0	0	384	96	1		0		15;54;71	2	0	0	1.03.0000	1.07.0000	1.07.0000	1.07.0000
8971	寧靜角	ICON_SSTICK_003_004		0	0	1		0	3	106	106	0	0	0	0	0	0	0	2	0	0	1;2	0	0	424	106	1		0		15;54;71	2	0	0	1.03.0000	1.07.0000	1.07.0000	1.07.0000
8972	寧靜角	ICON_SSTICK_003_004		0	0	1		0	3	116	116	0	0	0	0	0	0	0	2	0	0	1;2	0	0	464	116	1		0		15;54;71	2	0	0	1.03.0000	1.07.0000	1.07.0000	1.07.0000
8973	寧靜角	ICON_SSTICK_003_004		0	0	1		0	3	121	121	0	0	0	0	0	0	0	2	0	0	1;2	0	0	484	121	1		0		15;54;71	2	0	0	1.03.0000	1.07.0000	1.07.0000	1.07.0000
8974	斐翼	ICON_SWORD_004_002		0	0	1		0	3	46	46	0	0	0	0	0	0	0	1	0	0	1;2	0	0	184	46	1		0		15;53;71	2	0	0	1.03.0000	1.07.0000	1.07.0000	1.07.0000
8975	斐翼	ICON_SWORD_004_002		0	0	1		0	3	66	66	0	0	0	0	0	0	0	1	0	0	1;2	0	0	264	66	1		0		15;53;71	2	0	0	1.03.0000	1.07.0000	1.07.0000	1.07.0000
8976	斐翼	ICON_SWORD_004_002		0	0	1		0	3	86	86	0	0	0	0	0	0	0	1	0	0	1;2	0	0	344	86	1		0		15;53;71	2	0	0	1.03.0000	1.07.0000	1.07.0000	1.07.0000
8977	斐翼	ICON_SWORD_004_002		0	0	1		0	3	96	96	0	0	0	0	0	0	0	1	0	0	1;2	0	0	384	96	1		0		15;53;71	2	0	0	1.03.0000	1.07.0000	1.07.0000	1.07.0000
8978	斐翼	ICON_SWORD_004_002		0	0	1		0	3	106	106	0	0	0	0	0	0	0	1	0	0	1;2	0	0	424	106	1		0		15;53;71	2	0	0	1.03.0000	1.07.0000	1.07.0000	1.07.0000
8979	斐翼	ICON_SWORD_004_002		0	0	1		0	3	116	116	0	0	0	0	0	0	0	1	0	0	1;2	0	0	464	116	1		0		15;53;71	2	0	0	1.03.0000	1.07.0000	1.07.0000	1.07.0000
8980	斐翼	ICON_SWORD_004_002		0	0	1		0	3	121	121	0	0	0	0	0	0	0	1	0	0	1;2	0	0	484	121	1		0		15;53;71	2	0	0	1.03.0000	1.07.0000	1.07.0000	1.07.0000
8981	高級未鑑定物(秘)	ICON_IDENTIFY_001_000		0	0	0		10	3	90	90	0	0	0	0	0	0	0	0	0	0	1;2	0	0	60000	90	1		0		16	0	0	0	1.00.0000	1.07.0000	1.07.0000	1.07.0000
8982	特級未鑑定物(秘)	ICON_IDENTIFY_001_000		0	0	0		10	4	90	90	0	0	0	0	0	0	0	0	0	0	1;2	0	0	120000	135	1		0		17	0	0	0	1.00.0000	1.07.0000	1.07.0000	1.07.0000
8983	一星未鑑定物	ICON_IDENTIFY_000_000		0	0	0		0	2	25	25	0	0	0	0	0	0	0	0	0	0	1;2	0	0	48	12	1		0		12	0	0	0	1.00.0000	1.07.0000	1.07.0000	1.07.0000
8984	一星未鑑定物	ICON_IDENTIFY_000_000		0	0	0		0	2	50	50	0	0	0	0	0	0	0	0	0	0	1;2	0	0	100	25	1		0		12	0	0	0	1.00.0000	1.07.0000	1.07.0000	1.07.0000
8985	一星未鑑定物	ICON_IDENTIFY_000_000		0	0	0		0	2	70	70	0	0	0	0	0	0	0	0	0	0	1;2	0	0	140	35	1		0		12	0	0	0	1.00.0000	1.07.0000	1.07.0000	1.07.0000
8986	一星未鑑定物	ICON_IDENTIFY_000_000		0	0	0		0	2	15	15	0	0	0	0	0	0	0	0	0	0	1;2	0	0	10	7	1		0		12	0	0	0	1.00.0000	1.07.0000	1.07.0000	1.07.0000
8987	一星未鑑定物	ICON_IDENTIFY_000_000		0	0	0		0	2	35	35	0	0	0	0	0	0	0	0	0	0	1;2	0	0	68	17	1		0		12	0	0	0	1.00.0000	1.07.0000	1.07.0000	1.07.0000
8988	一星未鑑定物	ICON_IDENTIFY_000_000		0	0	0		0	2	40	40	0	0	0	0	0	0	0	0	0	0	1;2	0	0	80	20	1		0		12	0	0	0	1.00.0000	1.07.0000	1.07.0000	1.07.0000
8989	一星未鑑定物	ICON_IDENTIFY_000_000		0	0	0		0	2	60	60	0	0	0	0	0	0	0	0	0	0	1;2	0	0	120	30	1		0		12	0	0	0	1.00.0000	1.07.0000	1.07.0000	1.07.0000
8990	一星未鑑定物	ICON_IDENTIFY_000_000		0	0	0		0	2	80	80	0	0	0	0	0	0	0	0	0	0	1;2	0	0	160	40	1		0		12	0	0	0	1.00.0000	1.07.0000	1.07.0000	1.07.0000
8991	一星未鑑定物	ICON_IDENTIFY_000_000		0	0	0		0	2	90	90	0	0	0	0	0	0	0	0	0	0	1;2	0	0	180	45	1		0		12	0	0	0	1.00.0000	1.07.0000	1.07.0000	1.07.0000
8992	一星未鑑定物	ICON_IDENTIFY_000_000		0	0	0		0	2	100	100	0	0	0	0	0	0	0	0	0	0	1;2	0	0	200	50	1		0		12	0	0	0	1.00.0000	1.07.0000	1.07.0000	1.07.0000
8993	一星未鑑定物	ICON_IDENTIFY_000_000		0	0	0		0	2	110	110	0	0	0	0	0	0	0	0	0	0	1;2	0	0	220	55	1		0		12	0	0	0	1.00.0000	1.07.0000	1.07.0000	1.07.0000
8994	一星未鑑定物	ICON_IDENTIFY_000_000		0	0	0		0	2	115	115	0	0	0	0	0	0	0	0	0	0	1;2	0	0	228	57	1		0		12	0	0	0	1.00.0000	1.07.0000	1.07.0000	1.07.0000
8995	二星未鑑定物	ICON_IDENTIFY_000_000		0	0	0		0	3	118	118	0	0	0	0	0	0	0	0	0	0	1;2	0	0	472	118	1		0		16	0	0	0	1.00.0000	1.07.0000	1.07.0000	1.07.0000
8996	三星未鑑定物	ICON_IDENTIFY_000_000		0	0	0		0	4	120	120	0	0	0	0	0	0	0	0	0	0	1;2	0	0	720	180	1		0		17	0	0	0	1.00.0000	1.07.0000	1.07.0000	1.07.0000
8997	高級未鑑定物	ICON_IDENTIFY_001_000		0	0	0		0	3	90	90	0	0	0	0	0	0	0	0	0	0	1;2	0	0	100000	90	1		0		16	0	0	0	1.00.0000	1.07.0000	1.07.0000	1.07.0000
8998	特級未鑑定物	ICON_IDENTIFY_001_000		0	0	0		10	4	90	90	0	0	0	0	0	0	0	0	0	0	1;2	0	0	200000	135	1		0		17	0	0	0	1.00.0000	1.07.0000	1.07.0000	1.07.0000
8999	未鑑定物	ICON_IDENTIFY_000_000		0	0	0		0	1	0	0	0	0	0	0	0	0	0	0	0	0	1;1	0	0	10	1	1		0			0	0	0	1.00.0000	1.07.0000	1.07.0000	1.07.0000
9000	未鑑定物	ICON_IDENTIFY_000_000		0	0	0		0	2	0	0	0	0	0	0	0	0	0	0	0	0	1;1	0	0	10	1	1		0			0	0	0	OUT	1.08.0000	1.08.0000	1.08.0000
9001	未鑑定物	ICON_IDENTIFY_000_000		0	0	0		0	3	0	0	0	0	0	0	0	0	0	0	0	0	1;1	0	0	10	1	1		0			0	0	0	OUT	1.08.0000	1.08.0000	1.08.0000
9002	未鑑定物	ICON_IDENTIFY_000_000		0	0	0		0	4	0	0	0	0	0	0	0	0	0	0	0	0	1;1	0	0	10	1	1		0			0	0	0	OUT	1.08.0000	1.08.0000	1.08.0000
9003	未鑑定物	ICON_IDENTIFY_000_000		0	0	0		0	5	0	0	0	0	0	0	0	0	0	0	0	0	1;1	0	0	10	1	1		0			0	0	0	OUT	1.08.0000	1.08.0000	1.08.0000
9011	未鑑定物(頭飾)	ICON_HT_032_001		0	0	2		0	3	0	0	0	0	0	0	0	0	0	0	0	0	1;1	0	0	10	1	1		0			0	0	0	0.00.0000	0.00.0000	1.11.0000	1.30.0000
9012	未鑑定物(上身)	ICON_CT_032_001		0	0	2		0	3	0	0	0	0	0	0	0	0	0	0	0	0	1;1	0	0	10	1	1		0			0	0	0	0.00.0000	0.00.0000	1.11.0000	1.30.0000
9013	未鑑定物(下身)	ICON_LG_032_001		0	0	2		0	3	0	0	0	0	0	0	0	0	0	0	0	0	1;1	0	0	10	1	1		0			0	0	0	0.00.0000	0.00.0000	1.11.0000	1.30.0000
9014	未鑑定物(手)	ICON_GL_000_001		0	0	2		0	3	0	0	0	0	0	0	0	0	0	0	0	0	1;1	0	0	10	1	1		0			0	0	0	0.00.0000	0.00.0000	1.11.0000	1.30.0000
9015	未鑑定物(腳)	ICON_BT_000_001		0	0	2		0	3	0	0	0	0	0	0	0	0	0	0	0	0	1;1	0	0	10	1	1		0			0	0	0	0.00.0000	0.00.0000	1.11.0000	1.30.0000
9016	未鑑定物(項鍊)	ICON_NL_003_000		0	0	3		0	3	0	0	0	0	0	0	0	0	0	0	0	0	1;1	0	0	10	1	1		0			0	0	0	0.00.0000	0.00.0000	1.11.0000	1.30.0000
9017	未鑑定物(戒指)	ICON_RN_003_000		0	0	3		0	3	0	0	0	0	0	0	0	0	0	0	0	0	1;1	0	0	10	1	1		0			0	0	0	0.00.0000	0.00.0000	1.11.0000	1.30.0000
9018	未鑑定物(護符)	ICON_PL_003_000		0	0	3		0	3	0	0	0	0	0	0	0	0	0	0	0	0	1;1	0	0	10	1	1		0			0	0	0	0.00.0000	0.00.0000	1.11.0000	1.30.0000
9019	未鑑定物(手鐲)	ICON_BL_003_000		0	0	3		0	3	0	0	0	0	0	0	0	0	0	0	0	0	1;1	0	0	10	1	1		0			0	0	0	0.00.0000	0.00.0000	1.11.0000	1.30.0000
9020	未鑑定物(劍)	ICON_SWORD_005_001		0	0	1		0	3	0	0	0	0	0	0	0	0	0	0	0	0	1;1	0	0	10	1	1		0			0	0	0	0.00.0000	0.00.0000	1.11.0000	1.30.0000
9021	未鑑定物(鎚)	ICON_SSTICK_005_004		0	0	1		0	3	0	0	0	0	0	0	0	0	0	0	0	0	1;1	0	0	10	1	1		0			0	0	0	0.00.0000	0.00.0000	1.11.0000	1.30.0000
9022	未鑑定物(盾)	ICON_SHIELD_005_004		0	0	1		0	3	0	0	0	0	0	0	0	0	0	0	0	0	1;1	0	0	10	1	1		0			0	0	0	0.00.0000	0.00.0000	1.11.0000	1.30.0000
9023	未鑑定物(杖)	ICON_LSTICK_005_003		0	0	1		0	3	0	0	0	0	0	0	0	0	0	0	0	0	1;1	0	0	10	1	1		0			0	0	0	0.00.0000	0.00.0000	1.11.0000	1.30.0000
9024	未鑑定物(石)	ICON_SKULL_005_001		0	0	1		0	3	0	0	0	0	0	0	0	0	0	0	0	0	1;1	0	0	10	1	1		0			0	0	0	0.00.0000	0.00.0000	1.11.0000	1.30.0000
9025	未鑑定物(槍)	ICON_FIREARM_005_003		0	0	1		0	3	0	0	0	0	0	0	0	0	0	0	0	0	1;1	0	0	10	1	1		0			0	0	0	0.00.0000	0.00.0000	1.11.0000	1.30.0000
9026	未鑑定物(娃娃)	ICON_DOLL_000_005		0	0	1		0	3	0	0	0	0	0	0	0	0	0	0	0	0	1;1	0	0	10	1	1		0			0	0	0	0.00.0000	0.00.0000	1.11.0000	1.30.0000
9185	翔天之戒	ICON_RN_000_001		0	0	3		54	4	5	1	0	0	0	0	0	256	256	32768	0	5128		0	0	10	7	1		62			0	0	0	0.00.0000	0.00.0000	0.00.0000	0.00.0000
9232	PK劍	ICON_SWORD_005_001	SWORD	5	1	1		0	2	50	50	0	0	0	0	0	16384	16384	1	0	4168		0	0	100	25	1		0		43	0	0	0	0.00.0000	0.00.0000	0.00.0000	0.00.0000
9233	PK鎚	ICON_SSTICK_005_004	SSTICK	5	4	1		0	2	50	50	0	0	0	0	0	8	8	2	0	4168		0	0	100	25	1		0		43	0	0	0	0.00.0000	0.00.0000	0.00.0000	0.00.0000
9234	PK盾	ICON_SHIELD_005_004	SHIELD	5	4	1		0	2	50	50	0	0	0	0	0	16	16	4	0	4168		0	0	100	25	1		0		43	0	0	0	0.00.0000	0.00.0000	0.00.0000	0.00.0000
9235	PK杖	ICON_LSTICK_005_003	LSTICK	5	3	1		0	2	50	50	0	0	0	0	0	8	24	64	0	4168		0	0	100	25	1		0		43	0	0	0	0.00.0000	0.00.0000	0.00.0000	0.00.0000
9236	PK石	ICON_SKULL_005_001	SKULL	5	1	1		0	2	50	50	0	0	0	0	0	8	24	8	0	4168		0	0	100	25	1		0		43	0	0	0	0.00.0000	0.00.0000	0.00.0000	0.00.0000
9237	PK槍	ICON_FIREARM_005_003	FIREARM	5	3	1		0	2	50	50	0	0	0	0	0	8	24	16	0	4168		0	0	100	25	1		0		43	0	0	0	0.00.0000	0.00.0000	0.00.0000	0.00.0000
9238	PK頭飾	ICON_HT_008_000	HT	8	0	2		0	2	50	50	0	0	0	0	0	1	1	256	2	5384		0	0	100	25	1		0		43	0	0	0	0.00.0000	0.00.0000	0.00.0000	0.00.0000
9239	PK上身	ICON_CT_008_000	CT	8	0	2		0	2	50	50	0	0	0	0	0	2	2	512	0	5384		0	0	100	25	1		0		43	0	0	0	0.00.0000	0.00.0000	0.00.0000	0.00.0000
9240	PK下身	ICON_LG_008_000	LG	8	0	2		0	2	50	50	0	0	0	0	0	4	4	1024	0	5384		0	0	100	25	1		0		43	0	0	0	0.00.0000	0.00.0000	0.00.0000	0.00.0000
9241	PK手套	ICON_GL_008_000		0	0	2		0	2	50	50	0	0	0	0	0	32	32	2048	0	5128		0	0	100	25	1		0		43	0	0	0	0.00.0000	0.00.0000	0.00.0000	0.00.0000
9242	PK短靴	ICON_BT_008_000		0	0	2		0	2	50	50	0	0	0	0	0	64	64	4096	0	5128		0	0	100	25	1		0		43	0	0	0	0.00.0000	0.00.0000	0.00.0000	0.00.0000
9243	PK之鍊	ICON_NL_007_000		0	0	3		0	2	50	50	0	0	0	0	0	128	128	8192	0	5128		0	0	100	25	1		0		43	0	0	0	0.00.0000	0.00.0000	0.00.0000	0.00.0000
9244	PK之戒	ICON_RN_007_000		0	0	3		0	2	50	50	0	0	0	0	0	256	256	32768	0	5128		0	0	100	25	1		0		43	0	0	0	0.00.0000	0.00.0000	0.00.0000	0.00.0000
9245	PK護符	ICON_PL_007_000		0	0	3		0	2	50	50	0	0	0	0	0	512	512	16384	0	5128		0	0	100	25	1		0		43	0	0	0	0.00.0000	0.00.0000	0.00.0000	0.00.0000
9246	PK手鐲	ICON_BL_007_000		0	0	3		0	2	50	50	0	0	0	0	0	1024	1024	65536	0	5128		0	0	100	25	1		0		43	0	0	0	0.00.0000	0.00.0000	0.00.0000	0.00.0000
9247	擊倒手鐲	ICON_BL_001_000		0	0	3		54	3	1	1	0	0	0	0	0	1024	1024	65536	0	5128		0	0	10	1	1		91			0	0	0	0.00.0000	0.00.0000	0.00.0000	0.00.0000
9905	擊球棒	ICON_SSTICK_006_000	SSTICK	6	0	1		10	1	1	1	0	0	0	0	0	8	8	2	0	16960		0	0	10	1	1		0			0	0	0	1.06.0000	1.06.0000	1.07.0000	1.07.0000
9961	LV.1加速鞋	ICON_BT_000_007		0	0	2		54	0	0	0	0	0	0	0	0	64	64	4096	0	5128		0	0	10	1	1		90010			0	0	0	0.00.0000	0.00.0000	0.00.0000	0.00.0000
9962	LV.2加速鞋	ICON_BT_000_007		0	0	2		54	0	0	0	0	0	0	0	0	64	64	4096	0	5128		0	0	10	1	1		90011			0	0	0	0.00.0000	0.00.0000	0.00.0000	0.00.0000
9963	LV.3加速鞋	ICON_BT_000_007		0	0	2		54	0	0	0	0	0	0	0	0	64	64	4096	0	5128		0	0	10	1	1		90012			0	0	0	0.00.0000	0.00.0000	0.00.0000	0.00.0000
9964	LV.4加速鞋	ICON_BT_000_007		0	0	2		54	0	0	0	0	0	0	0	0	64	64	4096	0	5128		0	0	10	1	1		90013			0	0	0	0.00.0000	0.00.0000	0.00.0000	0.00.0000
9965	LV.5加速鞋	ICON_BT_000_007		0	0	2		54	0	0	0	0	0	0	0	0	64	64	4096	0	5128		0	0	10	1	1		90014			0	0	0	0.00.0000	0.00.0000	0.00.0000	0.00.0000
9966	LV.6加速鞋	ICON_BT_000_007		0	0	2		54	0	0	0	0	0	0	0	0	64	64	4096	0	5128		0	0	10	1	1		90015			0	0	0	0.00.0000	0.00.0000	0.00.0000	0.00.0000
9967	LV.7加速鞋	ICON_BT_000_007		0	0	2		54	0	0	0	0	0	0	0	0	64	64	4096	0	5128		0	0	10	1	1		90016			0	0	0	0.00.0000	0.00.0000	0.00.0000	0.00.0000
9968	LV.8加速鞋	ICON_BT_000_007		0	0	2		54	0	0	0	0	0	0	0	0	64	64	4096	0	5128		0	0	10	1	1		90017			0	0	0	0.00.0000	0.00.0000	0.00.0000	0.00.0000
9969	LV.9加速鞋	ICON_BT_000_007		0	0	2		54	0	0	0	0	0	0	0	0	64	64	4096	0	5128		0	0	10	1	1		90018			0	0	0	0.00.0000	0.00.0000	0.00.0000	0.00.0000
9970	LV.10加速鞋	ICON_BT_000_007		0	0	2		54	0	0	0	0	0	0	0	0	64	64	4096	0	5128		0	0	10	1	1		90019			0	0	0	0.00.0000	0.00.0000	0.00.0000	0.00.0000
9971	LV.11加速鞋	ICON_BT_000_007		0	0	2		54	0	0	0	0	0	0	0	0	64	64	4096	0	5128		0	0	10	1	1		90020			0	0	0	0.00.0000	0.00.0000	0.00.0000	0.00.0000
9972	LV.12加速鞋	ICON_BT_000_007		0	0	2		54	0	0	0	0	0	0	0	0	64	64	4096	0	5128		0	0	10	1	1		90021			0	0	0	0.00.0000	0.00.0000	0.00.0000	0.00.0000
9973	LV.13加速鞋	ICON_BT_000_007		0	0	2		54	0	0	0	0	0	0	0	0	64	64	4096	0	5128		0	0	10	1	1		90022			0	0	0	0.00.0000	0.00.0000	0.00.0000	0.00.0000
9974	LV.14加速鞋	ICON_BT_000_007		0	0	2		54	0	0	0	0	0	0	0	0	64	64	4096	0	5128		0	0	10	1	1		90023			0	0	0	0.00.0000	0.00.0000	0.00.0000	0.00.0000
9975	LV.15加速鞋	ICON_BT_000_007		0	0	2		54	0	0	0	0	0	0	0	0	64	64	4096	0	5128		0	0	10	1	1		90024			0	0	0	0.00.0000	0.00.0000	0.00.0000	0.00.0000
9976	LV.16加速鞋	ICON_BT_000_007		0	0	2		54	0	0	0	0	0	0	0	0	64	64	4096	0	5128		0	0	10	1	1		90025			0	0	0	0.00.0000	0.00.0000	0.00.0000	0.00.0000
9977	LV.17加速鞋	ICON_BT_000_007		0	0	2		54	0	0	0	0	0	0	0	0	64	64	4096	0	5128		0	0	10	1	1		90026			0	0	0	0.00.0000	0.00.0000	0.00.0000	0.00.0000
9978	LV.18加速鞋	ICON_BT_000_007		0	0	2		54	0	0	0	0	0	0	0	0	64	64	4096	0	5128		0	0	10	1	1		90027			0	0	0	0.00.0000	0.00.0000	0.00.0000	0.00.0000
9979	LV.19加速鞋	ICON_BT_000_007		0	0	2		54	0	0	0	0	0	0	0	0	64	64	4096	0	5128		0	0	10	1	1		90028			0	0	0	0.00.0000	0.00.0000	0.00.0000	0.00.0000
9980	LV.20加速鞋	ICON_BT_000_007		0	0	2		54	0	0	0	0	0	0	0	0	64	64	4096	0	5128		0	0	10	1	1		90029			0	0	0	0.00.0000	0.00.0000	0.00.0000	0.00.0000
9984	劍魂	ICON_SL_000_000		0	0	0		54	4	1	1	0	0	0	0	0	32768	32768	128	0	1024		0	0	4	1	1		0		9051	0	0	0	0.00.0000	0.00.0000	0.00.0000	0.00.0000
9985	劍魂	ICON_SL_000_000		0	0	0		54	4	1	1	0	0	0	0	0	32768	32768	128	0	1024		0	0	4	1	1		0		9052	0	0	0	0.00.0000	0.00.0000	0.00.0000	0.00.0000
9989	無視防禦手(使用打10%)	ICON_GL_003_003		0	0	3		54	5	100	1	0	0	0	0	0	32	32	2048	0	5128		9995	0	10	1	1		9007			0	0	0	0.00.0000	0.00.0000	0.00.0000	0.00.0000
9990	絕殺腳	ICON_BT_003_003		0	0	3		54	5	100	1	0	0	0	0	0	64	64	4096	0	5128		0	0	10	1	1		9008			0	0	0	0.00.0000	0.00.0000	0.00.0000	0.00.0000
9991	很會爆戒指	ICON_RN_003_000		0	0	3		54	5	10	1	0	0	0	0	1	256	256	32768	0	5128		0	0	10	1	1		9006			0	0	0	0.00.0000	0.00.0000	0.00.0000	0.00.0000
9992	超防禦手鐲	ICON_BL_001_000		0	0	3		54	5	200	1	0	0	0	0	1	1024	1024	65536	0	5128		0	0	10	1	1		9005			0	0	0	0.00.0000	0.00.0000	0.00.0000	0.00.0000
9993	超格檔護符	ICON_PL_001_000		0	0	3		54	5	200	1	0	0	0	0	1	512	512	16384	0	5128		0	0	10	1	1		9003			0	0	0	0.00.0000	0.00.0000	0.00.0000	0.00.0000
9994	超閃躲項鍊	ICON_NL_001_000		0	0	3		54	5	200	1	0	0	0	0	3	128	128	8192	0	5128		0	0	10	1	1		9004			0	0	0	0.00.0000	0.00.0000	0.00.0000	0.00.0000
9995	雙界之鍵-杖型態	ICON_LSTICK_952_000	LSTICK	952	0	1		54	5	200	1	0	0	0	0	0	8	24	64	0	4168		9999	201	10	1	1		9002			0	0	0	0.00.0000	0.00.0000	0.00.0000	0.00.0000
9996	雙界之鍵-浮石型態	ICON_SKULL_952_000	SKULL	952	0	1		54	5	200	1	0	0	0	0	0	8	24	8	0	4168		9999	201	10	1	1		9002			0	0	0	0.00.0000	0.00.0000	0.00.0000	0.00.0000
9997	秒殺甜筒	ICON_FIREARM_004_004	FIREARM	4	4	1		54	5	200	1	0	0	0	0	0	8	24	16	0	4168		9999	201	10	1	1		9002			0	0	0	0.00.0000	0.00.0000	0.00.0000	0.00.0000
9998	真秒殺光劍	ICON_SWORD_002_002	SWORD	2	10	1		54	5	200	1	0	0	0	0	0	16384	16384	1	0	4168		9999	201	10	1	1		9002			0	0	0	0.00.0000	0.00.0000	0.00.0000	0.00.0000
9999	好好用的鎚	ICON_SSTICK_003_002	SSTICK	3	2	1		54	5	200	1	0	0	0	0	0	8	8	2	0	4168		9999	201	10	1	1		9002			0	0	0	0.00.0000	0.00.0000	0.00.0000	0.00.0000
90001	40藍物攻頭	ICON_HT_032_001	HT	32	1	2		54	3	40	40	0	0	0	0	0	1	1	256	0	5384		0	0	160	40	1		0		9051;9061;9072	0	0	0	0.00.0000	0.00.0000	0.00.0000	0.00.0000
90002	40藍物攻上身	ICON_CT_032_001	CT	32	1	2		54	3	40	40	0	0	0	0	0	2	2	512	1	5384		0	0	160	40	1		0		9051;9061;9075	0	0	0	0.00.0000	0.00.0000	0.00.0000	0.00.0000
90003	40藍物攻下身	ICON_LG_032_001	LG	32	1	2		54	3	40	40	0	0	0	0	0	4	4	1024	1	5384		0	0	160	40	1		0		9051;9061;9075	0	0	0	0.00.0000	0.00.0000	0.00.0000	0.00.0000
90004	40藍物攻手	ICON_GL_000_001		0	0	2		54	3	40	40	0	0	0	0	0	32	32	2048	0	5128		0	0	160	40	1		0		9051;9061;9075	0	0	0	0.00.0000	0.00.0000	0.00.0000	0.00.0000
90005	40藍物攻腳	ICON_BT_000_001		0	0	2		54	3	40	40	0	0	0	0	0	64	64	4096	0	5128		0	0	160	40	1		0		9051;9061;9075	0	0	0	0.00.0000	0.00.0000	0.00.0000	0.00.0000
90006	40藍防禦頭	ICON_HT_032_001	HT	32	1	2		54	3	40	40	0	0	0	0	0	1	1	256	1	5256		0	0	160	40	1		0		9051;9062;9073	0	0	0	0.00.0000	0.00.0000	0.00.0000	0.00.0000
90007	40藍防禦上身	ICON_CT_032_001	CT	32	1	2		54	3	40	40	0	0	0	0	0	2	2	512	1	5256		0	0	160	40	1		0		9051;9062;9076	0	0	0	0.00.0000	0.00.0000	0.00.0000	0.00.0000
90008	40藍防禦下身	ICON_LG_032_001	LG	32	1	2		54	3	40	40	0	0	0	0	0	4	4	1024	1	5256		0	0	160	40	1		0		9051;9062;9076	0	0	0	0.00.0000	0.00.0000	0.00.0000	0.00.0000
90009	40藍防禦手	ICON_GL_000_001		0	0	2		54	3	40	40	0	0	0	0	0	32	32	2048	0	5128		0	0	160	40	1		0		9051;9062;9076	0	0	0	0.00.0000	0.00.0000	0.00.0000	0.00.0000
90010	40藍防禦腳	ICON_BT_000_001		0	0	2		54	3	40	40	0	0	0	0	0	64	64	4096	0	5128		0	0	160	40	1		0		9051;9062;9076	0	0	0	0.00.0000	0.00.0000	0.00.0000	0.00.0000
90011	40藍魔攻頭	ICON_HT_032_001	HT	32	1	2		54	3	40	40	0	0	0	0	0	1	1	256	1	5256		0	0	160	40	1		0		9051;9063;9074	0	0	0	0.00.0000	0.00.0000	0.00.0000	0.00.0000
90012	40藍魔攻上身	ICON_CT_032_001	CT	32	1	2		54	3	40	40	0	0	0	0	0	2	2	512	1	5256		0	0	160	40	1		0		9051;9063;9077	0	0	0	0.00.0000	0.00.0000	0.00.0000	0.00.0000
90013	40藍魔攻下身	ICON_LG_032_001	LG	32	1	2		54	3	40	40	0	0	0	0	0	4	4	1024	1	5256		0	0	160	40	1		0		9051;9063;9077	0	0	0	0.00.0000	0.00.0000	0.00.0000	0.00.0000
90014	40藍魔攻手	ICON_GL_000_001		0	0	2		54	3	40	40	0	0	0	0	0	32	32	2048	0	5128		0	0	160	40	1		0		9051;9063;9077	0	0	0	0.00.0000	0.00.0000	0.00.0000	0.00.0000
90015	40藍魔攻腳	ICON_BT_000_001		0	0	2		54	3	40	40	0	0	0	0	0	64	64	4096	0	5128		0	0	160	40	1		0		9051;9063;9077	0	0	0	0.00.0000	0.00.0000	0.00.0000	0.00.0000
90016	40藍物攻之鍊	ICON_NL_003_000		0	0	3		54	3	40	40	0	0	0	0	0	128	128	8192	0	5256		0	0	160	40	1		0		9051;9061;9078	0	0	0	0.00.0000	0.00.0000	0.00.0000	0.00.0000
90017	40藍物攻之戒	ICON_RN_003_000		0	0	3		54	3	40	40	0	0	0	0	0	256	256	32768	0	5256		0	0	160	40	1		0		9051;9061;9081	0	0	0	0.00.0000	0.00.0000	0.00.0000	0.00.0000
90018	40藍物攻護符	ICON_PL_003_000		0	0	3		54	3	40	40	0	0	0	0	0	512	512	16384	0	5256		0	0	160	40	1		0		9051;9061;9078	0	0	0	0.00.0000	0.00.0000	0.00.0000	0.00.0000
90019	40藍物攻手鐲	ICON_BL_003_000		0	0	3		54	3	40	40	0	0	0	0	0	1024	1024	65536	0	5256		0	0	160	40	1		0		9051;9061;9081	0	0	0	0.00.0000	0.00.0000	0.00.0000	0.00.0000
90020	40藍防禦之鍊	ICON_NL_003_000		0	0	3		54	3	40	40	0	0	0	0	0	128	128	8192	0	5256		0	0	160	40	1		0		9051;9062;9079	0	0	0	0.00.0000	0.00.0000	0.00.0000	0.00.0000
90021	40藍防禦之戒	ICON_RN_003_000		0	0	3		54	3	40	40	0	0	0	0	0	256	256	32768	0	5256		0	0	160	40	1		0		9051;9062;9082	0	0	0	0.00.0000	0.00.0000	0.00.0000	0.00.0000
90022	40藍防禦護符	ICON_PL_003_000		0	0	3		54	3	40	40	0	0	0	0	0	512	512	16384	0	5256		0	0	160	40	1		0		9051;9062;9079	0	0	0	0.00.0000	0.00.0000	0.00.0000	0.00.0000
90023	40藍防禦手鐲	ICON_BL_003_000		0	0	3		54	3	40	40	0	0	0	0	0	1024	1024	65536	0	5256		0	0	160	40	1		0		9051;9062;9082	0	0	0	0.00.0000	0.00.0000	0.00.0000	0.00.0000
90024	40藍魔攻之鍊	ICON_NL_003_000		0	0	3		54	3	40	40	0	0	0	0	0	128	128	8192	0	5256		0	0	160	40	1		0		9051;9063;9080	0	0	0	0.00.0000	0.00.0000	0.00.0000	0.00.0000
90025	40藍魔攻之戒	ICON_RN_003_000		0	0	3		54	3	40	40	0	0	0	0	0	256	256	32768	0	5256		0	0	160	40	1		0		9051;9063;9082	0	0	0	0.00.0000	0.00.0000	0.00.0000	0.00.0000
90026	40藍魔攻護符	ICON_PL_003_000		0	0	3		54	3	40	40	0	0	0	0	0	512	512	16384	0	5256		0	0	160	40	1		0		9051;9063;9080	0	0	0	0.00.0000	0.00.0000	0.00.0000	0.00.0000
90027	40藍魔攻手鐲	ICON_BL_003_000		0	0	3		54	3	40	40	0	0	0	0	0	1024	1024	65536	0	5256		0	0	160	40	1		0		9051;9063;9082	0	0	0	0.00.0000	0.00.0000	0.00.0000	0.00.0000
90028	40藍劍	ICON_SWORD_005_001	SWORD	5	1	1		54	3	40	40	0	0	0	0	0	16384	16384	1	0	4168		0	0	160	40	1		0		9061;9067	0	0	0	0.00.0000	0.00.0000	0.00.0000	0.00.0000
90029	40藍鎚	ICON_SSTICK_005_004	SSTICK	5	4	1		54	3	40	40	0	0	0	0	0	8	8	2	0	4168		0	0	160	40	1		0		9062;9068	0	0	0	0.00.0000	0.00.0000	0.00.0000	0.00.0000
90030	40藍盾	ICON_SHIELD_005_004	SHIELD	5	4	1		54	3	40	40	0	0	0	0	0	16	16	4	0	4168		0	0	160	40	1		0		9062;9068	0	0	0	0.00.0000	0.00.0000	0.00.0000	0.00.0000
90031	40藍杖	ICON_LSTICK_005_003	LSTICK	5	3	1		54	3	40	40	0	0	0	0	0	8	24	64	0	4168		0	0	160	40	1		0		9063;9071	0	0	0	0.00.0000	0.00.0000	0.00.0000	0.00.0000
90032	40藍石	ICON_SKULL_005_001	SKULL	5	1	1		54	3	40	40	0	0	0	0	0	8	24	8	0	4168		0	0	160	40	1		0		9063;9069	0	0	0	0.00.0000	0.00.0000	0.00.0000	0.00.0000
90033	40藍槍	ICON_FIREARM_005_003	FIREARM	5	3	1		54	3	40	40	0	0	0	0	0	8	24	16	0	4168		0	0	160	40	1		0		9061;9070	0	0	0	0.00.0000	0.00.0000	0.00.0000	0.00.0000
90101	60藍物攻頭	ICON_HT_032_001	HT	32	1	2		54	3	60	60	0	0	0	0	0	1	1	256	0	5384		0	0	240	60	1		0		9051;9061;9072	0	0	0	0.00.0000	0.00.0000	0.00.0000	0.00.0000
90102	60藍物攻上身	ICON_CT_032_001	CT	32	1	2		54	3	60	60	0	0	0	0	0	2	2	512	1	5384		0	0	240	60	1		0		9051;9061;9075	0	0	0	0.00.0000	0.00.0000	0.00.0000	0.00.0000
90103	60藍物攻下身	ICON_LG_032_001	LG	32	1	2		54	3	60	60	0	0	0	0	0	4	4	1024	1	5384		0	0	240	60	1		0		9051;9061;9075	0	0	0	0.00.0000	0.00.0000	0.00.0000	0.00.0000
90104	60藍物攻手	ICON_GL_000_001		0	0	2		54	3	60	60	0	0	0	0	0	32	32	2048	0	5128		0	0	240	60	1		0		9051;9061;9075	0	0	0	0.00.0000	0.00.0000	0.00.0000	0.00.0000
90105	60藍物攻腳	ICON_BT_000_001		0	0	2		54	3	60	60	0	0	0	0	0	64	64	4096	0	5128		0	0	240	60	1		0		9051;9061;9075	0	0	0	0.00.0000	0.00.0000	0.00.0000	0.00.0000
90106	60藍防禦頭	ICON_HT_032_001	HT	32	1	2		54	3	60	60	0	0	0	0	0	1	1	256	1	5256		0	0	240	60	1		0		9051;9062;9073	0	0	0	0.00.0000	0.00.0000	0.00.0000	0.00.0000
90107	60藍防禦上身	ICON_CT_032_001	CT	32	1	2		54	3	60	60	0	0	0	0	0	2	2	512	1	5256		0	0	240	60	1		0		9051;9062;9076	0	0	0	0.00.0000	0.00.0000	0.00.0000	0.00.0000
90108	60藍防禦下身	ICON_LG_032_001	LG	32	1	2		54	3	60	60	0	0	0	0	0	4	4	1024	1	5256		0	0	240	60	1		0		9051;9062;9076	0	0	0	0.00.0000	0.00.0000	0.00.0000	0.00.0000
90109	60藍防禦手	ICON_GL_000_001		0	0	2		54	3	60	60	0	0	0	0	0	32	32	2048	0	5128		0	0	240	60	1		0		9051;9062;9076	0	0	0	0.00.0000	0.00.0000	0.00.0000	0.00.0000
90110	60藍防禦腳	ICON_BT_000_001		0	0	2		54	3	60	60	0	0	0	0	0	64	64	4096	0	5128		0	0	240	60	1		0		9051;9062;9076	0	0	0	0.00.0000	0.00.0000	0.00.0000	0.00.0000
90111	60藍魔攻頭	ICON_HT_032_001	HT	32	1	2		54	3	60	60	0	0	0	0	0	1	1	256	1	5256		0	0	240	60	1		0		9051;9063;9074	0	0	0	0.00.0000	0.00.0000	0.00.0000	0.00.0000
90112	60藍魔攻上身	ICON_CT_032_001	CT	32	1	2		54	3	60	60	0	0	0	0	0	2	2	512	1	5256		0	0	240	60	1		0		9051;9063;9077	0	0	0	0.00.0000	0.00.0000	0.00.0000	0.00.0000
90113	60藍魔攻下身	ICON_LG_032_001	LG	32	1	2		54	3	60	60	0	0	0	0	0	4	4	1024	1	5256		0	0	240	60	1		0		9051;9063;9077	0	0	0	0.00.0000	0.00.0000	0.00.0000	0.00.0000
90114	60藍魔攻手	ICON_GL_000_001		0	0	2		54	3	60	60	0	0	0	0	0	32	32	2048	0	5128		0	0	240	60	1		0		9051;9063;9077	0	0	0	0.00.0000	0.00.0000	0.00.0000	0.00.0000
90115	60藍魔攻腳	ICON_BT_000_001		0	0	2		54	3	60	60	0	0	0	0	0	64	64	4096	0	5128		0	0	240	60	1		0		9051;9063;9077	0	0	0	0.00.0000	0.00.0000	0.00.0000	0.00.0000
90116	60藍物攻之鍊	ICON_NL_003_000		0	0	3		54	3	60	60	0	0	0	0	0	128	128	8192	0	5256		0	0	240	60	1		0		9051;9061;9078	0	0	0	0.00.0000	0.00.0000	0.00.0000	0.00.0000
90117	60藍物攻之戒	ICON_RN_003_000		0	0	3		54	3	60	60	0	0	0	0	0	256	256	32768	0	5256		0	0	240	60	1		0		9051;9061;9081	0	0	0	0.00.0000	0.00.0000	0.00.0000	0.00.0000
90118	60藍物攻護符	ICON_PL_003_000		0	0	3		54	3	60	60	0	0	0	0	0	512	512	16384	0	5256		0	0	240	60	1		0		9051;9061;9078	0	0	0	0.00.0000	0.00.0000	0.00.0000	0.00.0000
90119	60藍物攻手鐲	ICON_BL_003_000		0	0	3		54	3	60	60	0	0	0	0	0	1024	1024	65536	0	5256		0	0	240	60	1		0		9051;9061;9081	0	0	0	0.00.0000	0.00.0000	0.00.0000	0.00.0000
90120	60藍防禦之鍊	ICON_NL_003_000		0	0	3		54	3	60	60	0	0	0	0	0	128	128	8192	0	5256		0	0	240	60	1		0		9051;9062;9079	0	0	0	0.00.0000	0.00.0000	0.00.0000	0.00.0000
90121	60藍防禦之戒	ICON_RN_003_000		0	0	3		54	3	60	60	0	0	0	0	0	256	256	32768	0	5256		0	0	240	60	1		0		9051;9062;9082	0	0	0	0.00.0000	0.00.0000	0.00.0000	0.00.0000
90122	60藍防禦護符	ICON_PL_003_000		0	0	3		54	3	60	60	0	0	0	0	0	512	512	16384	0	5256		0	0	240	60	1		0		9051;9062;9079	0	0	0	0.00.0000	0.00.0000	0.00.0000	0.00.0000
90123	60藍防禦手鐲	ICON_BL_003_000		0	0	3		54	3	60	60	0	0	0	0	0	1024	1024	65536	0	5256		0	0	240	60	1		0		9051;9062;9082	0	0	0	0.00.0000	0.00.0000	0.00.0000	0.00.0000
90124	60藍魔攻之鍊	ICON_NL_003_000		0	0	3		54	3	60	60	0	0	0	0	0	128	128	8192	0	5256		0	0	240	60	1		0		9051;9063;9080	0	0	0	0.00.0000	0.00.0000	0.00.0000	0.00.0000
90125	60藍魔攻之戒	ICON_RN_003_000		0	0	3		54	3	60	60	0	0	0	0	0	256	256	32768	0	5256		0	0	240	60	1		0		9051;9063;9082	0	0	0	0.00.0000	0.00.0000	0.00.0000	0.00.0000
90126	60藍魔攻護符	ICON_PL_003_000		0	0	3		54	3	60	60	0	0	0	0	0	512	512	16384	0	5256		0	0	240	60	1		0		9051;9063;9080	0	0	0	0.00.0000	0.00.0000	0.00.0000	0.00.0000
90127	60藍魔攻手鐲	ICON_BL_003_000		0	0	3		54	3	60	60	0	0	0	0	0	1024	1024	65536	0	5256		0	0	240	60	1		0		9051;9063;9082	0	0	0	0.00.0000	0.00.0000	0.00.0000	0.00.0000
90128	60藍劍	ICON_SWORD_005_001	SWORD	5	1	1		54	3	60	60	0	0	0	0	0	16384	16384	1	0	4168		0	0	240	60	1		0		9061;9067	0	0	0	0.00.0000	0.00.0000	0.00.0000	0.00.0000
90129	60藍鎚	ICON_SSTICK_005_004	SSTICK	5	4	1		54	3	60	60	0	0	0	0	0	8	8	2	0	4168		0	0	240	60	1		0		9062;9068	0	0	0	0.00.0000	0.00.0000	0.00.0000	0.00.0000
90130	60藍盾	ICON_SHIELD_005_004	SHIELD	5	4	1		54	3	60	60	0	0	0	0	0	16	16	4	0	4168		0	0	240	60	1		0		9062;9068	0	0	0	0.00.0000	0.00.0000	0.00.0000	0.00.0000
90131	60藍杖	ICON_LSTICK_005_003	LSTICK	5	3	1		54	3	60	60	0	0	0	0	0	8	24	64	0	4168		0	0	240	60	1		0		9063;9071	0	0	0	0.00.0000	0.00.0000	0.00.0000	0.00.0000
90132	60藍石	ICON_SKULL_005_001	SKULL	5	1	1		54	3	60	60	0	0	0	0	0	8	24	8	0	4168		0	0	240	60	1		0		9063;9069	0	0	0	0.00.0000	0.00.0000	0.00.0000	0.00.0000
90133	60藍槍	ICON_FIREARM_005_003	FIREARM	5	3	1		54	3	60	60	0	0	0	0	0	8	24	16	0	4168		0	0	240	60	1		0		9061;9070	0	0	0	0.00.0000	0.00.0000	0.00.0000	0.00.0000
90201	70藍物攻頭	ICON_HT_032_001	HT	32	1	2		54	3	70	70	0	0	0	0	0	1	1	256	0	5384		0	0	280	70	1		0		9051;9061;9072	0	0	0	0.00.0000	0.00.0000	0.00.0000	0.00.0000
90202	70藍物攻上身	ICON_CT_032_001	CT	32	1	2		54	3	70	70	0	0	0	0	0	2	2	512	1	5384		0	0	280	70	1		0		9051;9061;9075	0	0	0	0.00.0000	0.00.0000	0.00.0000	0.00.0000
90203	70藍物攻下身	ICON_LG_032_001	LG	32	1	2		54	3	70	70	0	0	0	0	0	4	4	1024	1	5384		0	0	280	70	1		0		9051;9061;9075	0	0	0	0.00.0000	0.00.0000	0.00.0000	0.00.0000
90204	70藍物攻手	ICON_GL_000_001		0	0	2		54	3	70	70	0	0	0	0	0	32	32	2048	0	5128		0	0	280	70	1		0		9051;9061;9075	0	0	0	0.00.0000	0.00.0000	0.00.0000	0.00.0000
90205	70藍物攻腳	ICON_BT_000_001		0	0	2		54	3	70	70	0	0	0	0	0	64	64	4096	0	5128		0	0	280	70	1		0		9051;9061;9075	0	0	0	0.00.0000	0.00.0000	0.00.0000	0.00.0000
90206	70藍防禦頭	ICON_HT_032_001	HT	32	1	2		54	3	70	70	0	0	0	0	0	1	1	256	1	5256		0	0	280	70	1		0		9051;9062;9073	0	0	0	0.00.0000	0.00.0000	0.00.0000	0.00.0000
90207	70藍防禦上身	ICON_CT_032_001	CT	32	1	2		54	3	70	70	0	0	0	0	0	2	2	512	1	5256		0	0	280	70	1		0		9051;9062;9076	0	0	0	0.00.0000	0.00.0000	0.00.0000	0.00.0000
90208	70藍防禦下身	ICON_LG_032_001	LG	32	1	2		54	3	70	70	0	0	0	0	0	4	4	1024	1	5256		0	0	280	70	1		0		9051;9062;9076	0	0	0	0.00.0000	0.00.0000	0.00.0000	0.00.0000
90209	70藍防禦手	ICON_GL_000_001		0	0	2		54	3	70	70	0	0	0	0	0	32	32	2048	0	5128		0	0	280	70	1		0		9051;9062;9076	0	0	0	0.00.0000	0.00.0000	0.00.0000	0.00.0000
90210	70藍防禦腳	ICON_BT_000_001		0	0	2		54	3	70	70	0	0	0	0	0	64	64	4096	0	5128		0	0	280	70	1		0		9051;9062;9076	0	0	0	0.00.0000	0.00.0000	0.00.0000	0.00.0000
90211	70藍魔攻頭	ICON_HT_032_001	HT	32	1	2		54	3	70	70	0	0	0	0	0	1	1	256	1	5256		0	0	280	70	1		0		9051;9063;9074	0	0	0	0.00.0000	0.00.0000	0.00.0000	0.00.0000
90212	70藍魔攻上身	ICON_CT_032_001	CT	32	1	2		54	3	70	70	0	0	0	0	0	2	2	512	1	5256		0	0	280	70	1		0		9051;9063;9077	0	0	0	0.00.0000	0.00.0000	0.00.0000	0.00.0000
90213	70藍魔攻下身	ICON_LG_032_001	LG	32	1	2		54	3	70	70	0	0	0	0	0	4	4	1024	1	5256		0	0	280	70	1		0		9051;9063;9077	0	0	0	0.00.0000	0.00.0000	0.00.0000	0.00.0000
90214	70藍魔攻手	ICON_GL_000_001		0	0	2		54	3	70	70	0	0	0	0	0	32	32	2048	0	5128		0	0	280	70	1		0		9051;9063;9077	0	0	0	0.00.0000	0.00.0000	0.00.0000	0.00.0000
90215	70藍魔攻腳	ICON_BT_000_001		0	0	2		54	3	70	70	0	0	0	0	0	64	64	4096	0	5128		0	0	280	70	1		0		9051;9063;9077	0	0	0	0.00.0000	0.00.0000	0.00.0000	0.00.0000
90216	70藍物攻之鍊	ICON_NL_003_000		0	0	3		54	3	70	70	0	0	0	0	0	128	128	8192	0	5256		0	0	280	70	1		0		9051;9061;9078	0	0	0	0.00.0000	0.00.0000	0.00.0000	0.00.0000
90217	70藍物攻之戒	ICON_RN_003_000		0	0	3		54	3	70	70	0	0	0	0	0	256	256	32768	0	5256		0	0	280	70	1		0		9051;9061;9081	0	0	0	0.00.0000	0.00.0000	0.00.0000	0.00.0000
90218	70藍物攻護符	ICON_PL_003_000		0	0	3		54	3	70	70	0	0	0	0	0	512	512	16384	0	5256		0	0	280	70	1		0		9051;9061;9078	0	0	0	0.00.0000	0.00.0000	0.00.0000	0.00.0000
90219	70藍物攻手鐲	ICON_BL_003_000		0	0	3		54	3	70	70	0	0	0	0	0	1024	1024	65536	0	5256		0	0	280	70	1		0		9051;9061;9081	0	0	0	0.00.0000	0.00.0000	0.00.0000	0.00.0000
90220	70藍防禦之鍊	ICON_NL_003_000		0	0	3		54	3	70	70	0	0	0	0	0	128	128	8192	0	5256		0	0	280	70	1		0		9051;9062;9079	0	0	0	0.00.0000	0.00.0000	0.00.0000	0.00.0000
90221	70藍防禦之戒	ICON_RN_003_000		0	0	3		54	3	70	70	0	0	0	0	0	256	256	32768	0	5256		0	0	280	70	1		0		9051;9062;9082	0	0	0	0.00.0000	0.00.0000	0.00.0000	0.00.0000
90222	70藍防禦護符	ICON_PL_003_000		0	0	3		54	3	70	70	0	0	0	0	0	512	512	16384	0	5256		0	0	280	70	1		0		9051;9062;9079	0	0	0	0.00.0000	0.00.0000	0.00.0000	0.00.0000
90223	70藍防禦手鐲	ICON_BL_003_000		0	0	3		54	3	70	70	0	0	0	0	0	1024	1024	65536	0	5256		0	0	280	70	1		0		9051;9062;9082	0	0	0	0.00.0000	0.00.0000	0.00.0000	0.00.0000
90224	70藍魔攻之鍊	ICON_NL_003_000		0	0	3		54	3	70	70	0	0	0	0	0	128	128	8192	0	5256		0	0	280	70	1		0		9051;9063;9080	0	0	0	0.00.0000	0.00.0000	0.00.0000	0.00.0000
90225	70藍魔攻之戒	ICON_RN_003_000		0	0	3		54	3	70	70	0	0	0	0	0	256	256	32768	0	5256		0	0	280	70	1		0		9051;9063;9082	0	0	0	0.00.0000	0.00.0000	0.00.0000	0.00.0000
90226	70藍魔攻護符	ICON_PL_003_000		0	0	3		54	3	70	70	0	0	0	0	0	512	512	16384	0	5256		0	0	280	70	1		0		9051;9063;9080	0	0	0	0.00.0000	0.00.0000	0.00.0000	0.00.0000
90227	70藍魔攻手鐲	ICON_BL_003_000		0	0	3		54	3	70	70	0	0	0	0	0	1024	1024	65536	0	5256		0	0	280	70	1		0		9051;9063;9082	0	0	0	0.00.0000	0.00.0000	0.00.0000	0.00.0000
90228	70藍劍	ICON_SWORD_005_001	SWORD	5	1	1		54	3	70	70	0	0	0	0	0	16384	16384	1	0	4168		0	0	280	70	1		0		9061;9067	0	0	0	0.00.0000	0.00.0000	0.00.0000	0.00.0000
90229	70藍鎚	ICON_SSTICK_005_004	SSTICK	5	4	1		54	3	70	70	0	0	0	0	0	8	8	2	0	4168		0	0	280	70	1		0		9062;9068	0	0	0	0.00.0000	0.00.0000	0.00.0000	0.00.0000
90230	70藍盾	ICON_SHIELD_005_004	SHIELD	5	4	1		54	3	70	70	0	0	0	0	0	16	16	4	0	4168		0	0	280	70	1		0		9062;9068	0	0	0	0.00.0000	0.00.0000	0.00.0000	0.00.0000
90231	70藍杖	ICON_LSTICK_005_003	LSTICK	5	3	1		54	3	70	70	0	0	0	0	0	8	24	64	0	4168		0	0	280	70	1		0		9063;9071	0	0	0	0.00.0000	0.00.0000	0.00.0000	0.00.0000
90232	70藍石	ICON_SKULL_005_001	SKULL	5	1	1		54	3	70	70	0	0	0	0	0	8	24	8	0	4168		0	0	280	70	1		0		9063;9069	0	0	0	0.00.0000	0.00.0000	0.00.0000	0.00.0000
90233	70藍槍	ICON_FIREARM_005_003	FIREARM	5	3	1		54	3	70	70	0	0	0	0	0	8	24	16	0	4168		0	0	280	70	1		0		9061;9070	0	0	0	0.00.0000	0.00.0000	0.00.0000	0.00.0000
90301	80藍物攻頭	ICON_HT_032_001	HT	32	1	2		54	3	80	80	0	0	0	0	0	1	1	256	0	5384		0	0	320	80	1		0		9051;9061;9072	0	0	0	0.00.0000	0.00.0000	0.00.0000	0.00.0000
90302	80藍物攻上身	ICON_CT_032_001	CT	32	1	2		54	3	80	80	0	0	0	0	0	2	2	512	1	5384		0	0	320	80	1		0		9051;9061;9075	0	0	0	0.00.0000	0.00.0000	0.00.0000	0.00.0000
90303	80藍物攻下身	ICON_LG_032_001	LG	32	1	2		54	3	80	80	0	0	0	0	0	4	4	1024	1	5384		0	0	320	80	1		0		9051;9061;9075	0	0	0	0.00.0000	0.00.0000	0.00.0000	0.00.0000
90304	80藍物攻手	ICON_GL_000_001		0	0	2		54	3	80	80	0	0	0	0	0	32	32	2048	0	5128		0	0	320	80	1		0		9051;9061;9075	0	0	0	0.00.0000	0.00.0000	0.00.0000	0.00.0000
90305	80藍物攻腳	ICON_BT_000_001		0	0	2		54	3	80	80	0	0	0	0	0	64	64	4096	0	5128		0	0	320	80	1		0		9051;9061;9075	0	0	0	0.00.0000	0.00.0000	0.00.0000	0.00.0000
90306	80藍防禦頭	ICON_HT_032_001	HT	32	1	2		54	3	80	80	0	0	0	0	0	1	1	256	1	5256		0	0	320	80	1		0		9051;9062;9073	0	0	0	0.00.0000	0.00.0000	0.00.0000	0.00.0000
90307	80藍防禦上身	ICON_CT_032_001	CT	32	1	2		54	3	80	80	0	0	0	0	0	2	2	512	1	5256		0	0	320	80	1		0		9051;9062;9076	0	0	0	0.00.0000	0.00.0000	0.00.0000	0.00.0000
90308	80藍防禦下身	ICON_LG_032_001	LG	32	1	2		54	3	80	80	0	0	0	0	0	4	4	1024	1	5256		0	0	320	80	1		0		9051;9062;9076	0	0	0	0.00.0000	0.00.0000	0.00.0000	0.00.0000
90309	80藍防禦手	ICON_GL_000_001		0	0	2		54	3	80	80	0	0	0	0	0	32	32	2048	0	5128		0	0	320	80	1		0		9051;9062;9076	0	0	0	0.00.0000	0.00.0000	0.00.0000	0.00.0000
90310	80藍防禦腳	ICON_BT_000_001		0	0	2		54	3	80	80	0	0	0	0	0	64	64	4096	0	5128		0	0	320	80	1		0		9051;9062;9076	0	0	0	0.00.0000	0.00.0000	0.00.0000	0.00.0000
90311	80藍魔攻頭	ICON_HT_032_001	HT	32	1	2		54	3	80	80	0	0	0	0	0	1	1	256	1	5256		0	0	320	80	1		0		9051;9063;9074	0	0	0	0.00.0000	0.00.0000	0.00.0000	0.00.0000
90312	80藍魔攻上身	ICON_CT_032_001	CT	32	1	2		54	3	80	80	0	0	0	0	0	2	2	512	1	5256		0	0	320	80	1		0		9051;9063;9077	0	0	0	0.00.0000	0.00.0000	0.00.0000	0.00.0000
90313	80藍魔攻下身	ICON_LG_032_001	LG	32	1	2		54	3	80	80	0	0	0	0	0	4	4	1024	1	5256		0	0	320	80	1		0		9051;9063;9077	0	0	0	0.00.0000	0.00.0000	0.00.0000	0.00.0000
90314	80藍魔攻手	ICON_GL_000_001		0	0	2		54	3	80	80	0	0	0	0	0	32	32	2048	0	5128		0	0	320	80	1		0		9051;9063;9077	0	0	0	0.00.0000	0.00.0000	0.00.0000	0.00.0000
90315	80藍魔攻腳	ICON_BT_000_001		0	0	2		54	3	80	80	0	0	0	0	0	64	64	4096	0	5128		0	0	320	80	1		0		9051;9063;9077	0	0	0	0.00.0000	0.00.0000	0.00.0000	0.00.0000
90316	80藍物攻之鍊	ICON_NL_003_000		0	0	3		54	3	80	80	0	0	0	0	0	128	128	8192	0	5256		0	0	320	80	1		0		9051;9061;9078	0	0	0	0.00.0000	0.00.0000	0.00.0000	0.00.0000
90317	80藍物攻之戒	ICON_RN_003_000		0	0	3		54	3	80	80	0	0	0	0	0	256	256	32768	0	5256		0	0	320	80	1		0		9051;9061;9081	0	0	0	0.00.0000	0.00.0000	0.00.0000	0.00.0000
90318	80藍物攻護符	ICON_PL_003_000		0	0	3		54	3	80	80	0	0	0	0	0	512	512	16384	0	5256		0	0	320	80	1		0		9051;9061;9078	0	0	0	0.00.0000	0.00.0000	0.00.0000	0.00.0000
90319	80藍物攻手鐲	ICON_BL_003_000		0	0	3		54	3	80	80	0	0	0	0	0	1024	1024	65536	0	5256		0	0	320	80	1		0		9051;9061;9081	0	0	0	0.00.0000	0.00.0000	0.00.0000	0.00.0000
90320	80藍防禦之鍊	ICON_NL_003_000		0	0	3		54	3	80	80	0	0	0	0	0	128	128	8192	0	5256		0	0	320	80	1		0		9051;9062;9079	0	0	0	0.00.0000	0.00.0000	0.00.0000	0.00.0000
90321	80藍防禦之戒	ICON_RN_003_000		0	0	3		54	3	80	80	0	0	0	0	0	256	256	32768	0	5256		0	0	320	80	1		0		9051;9062;9082	0	0	0	0.00.0000	0.00.0000	0.00.0000	0.00.0000
90322	80藍防禦護符	ICON_PL_003_000		0	0	3		54	3	80	80	0	0	0	0	0	512	512	16384	0	5256		0	0	320	80	1		0		9051;9062;9079	0	0	0	0.00.0000	0.00.0000	0.00.0000	0.00.0000
90323	80藍防禦手鐲	ICON_BL_003_000		0	0	3		54	3	80	80	0	0	0	0	0	1024	1024	65536	0	5256		0	0	320	80	1		0		9051;9062;9082	0	0	0	0.00.0000	0.00.0000	0.00.0000	0.00.0000
90324	80藍魔攻之鍊	ICON_NL_003_000		0	0	3		54	3	80	80	0	0	0	0	0	128	128	8192	0	5256		0	0	320	80	1		0		9051;9063;9080	0	0	0	0.00.0000	0.00.0000	0.00.0000	0.00.0000
90325	80藍魔攻之戒	ICON_RN_003_000		0	0	3		54	3	80	80	0	0	0	0	0	256	256	32768	0	5256		0	0	320	80	1		0		9051;9063;9082	0	0	0	0.00.0000	0.00.0000	0.00.0000	0.00.0000
90326	80藍魔攻護符	ICON_PL_003_000		0	0	3		54	3	80	80	0	0	0	0	0	512	512	16384	0	5256		0	0	320	80	1		0		9051;9063;9080	0	0	0	0.00.0000	0.00.0000	0.00.0000	0.00.0000
90327	80藍魔攻手鐲	ICON_BL_003_000		0	0	3		54	3	80	80	0	0	0	0	0	1024	1024	65536	0	5256		0	0	320	80	1		0		9051;9063;9082	0	0	0	0.00.0000	0.00.0000	0.00.0000	0.00.0000
90328	80藍劍	ICON_SWORD_005_001	SWORD	5	1	1		54	3	80	80	0	0	0	0	0	16384	16384	1	0	4168		0	0	320	80	1		0		9061;9067	0	0	0	0.00.0000	0.00.0000	0.00.0000	0.00.0000
90329	80藍鎚	ICON_SSTICK_005_004	SSTICK	5	4	1		54	3	80	80	0	0	0	0	0	8	8	2	0	4168		0	0	320	80	1		0		9062;9068	0	0	0	0.00.0000	0.00.0000	0.00.0000	0.00.0000
90330	80藍盾	ICON_SHIELD_005_004	SHIELD	5	4	1		54	3	80	80	0	0	0	0	0	16	16	4	0	4168		0	0	320	80	1		0		9062;9068	0	0	0	0.00.0000	0.00.0000	0.00.0000	0.00.0000
90331	80藍杖	ICON_LSTICK_005_003	LSTICK	5	3	1		54	3	80	80	0	0	0	0	0	8	24	64	0	4168		0	0	320	80	1		0		9063;9071	0	0	0	0.00.0000	0.00.0000	0.00.0000	0.00.0000
90332	80藍石	ICON_SKULL_005_001	SKULL	5	1	1		54	3	80	80	0	0	0	0	0	8	24	8	0	4168		0	0	320	80	1		0		9063;9069	0	0	0	0.00.0000	0.00.0000	0.00.0000	0.00.0000
90333	80藍槍	ICON_FIREARM_005_003	FIREARM	5	3	1		54	3	80	80	0	0	0	0	0	8	24	16	0	4168		0	0	320	80	1		0		9061;9070	0	0	0	0.00.0000	0.00.0000	0.00.0000	0.00.0000
90401	90藍物攻頭	ICON_HT_032_001	HT	32	1	2		54	3	90	90	0	0	0	0	0	1	1	256	0	5384		0	0	360	90	1		0		9051;9061;9072	0	0	0	0.00.0000	0.00.0000	0.00.0000	0.00.0000
90402	90藍物攻上身	ICON_CT_032_001	CT	32	1	2		54	3	90	90	0	0	0	0	0	2	2	512	1	5384		0	0	360	90	1		0		9051;9061;9075	0	0	0	0.00.0000	0.00.0000	0.00.0000	0.00.0000
90403	90藍物攻下身	ICON_LG_032_001	LG	32	1	2		54	3	90	90	0	0	0	0	0	4	4	1024	1	5384		0	0	360	90	1		0		9051;9061;9075	0	0	0	0.00.0000	0.00.0000	0.00.0000	0.00.0000
90404	90藍物攻手	ICON_GL_000_001		0	0	2		54	3	90	90	0	0	0	0	0	32	32	2048	0	5128		0	0	360	90	1		0		9051;9061;9075	0	0	0	0.00.0000	0.00.0000	0.00.0000	0.00.0000
90405	90藍物攻腳	ICON_BT_000_001		0	0	2		54	3	90	90	0	0	0	0	0	64	64	4096	0	5128		0	0	360	90	1		0		9051;9061;9075	0	0	0	0.00.0000	0.00.0000	0.00.0000	0.00.0000
90406	90藍防禦頭	ICON_HT_032_001	HT	32	1	2		54	3	90	90	0	0	0	0	0	1	1	256	1	5256		0	0	360	90	1		0		9051;9062;9073	0	0	0	0.00.0000	0.00.0000	0.00.0000	0.00.0000
90407	90藍防禦上身	ICON_CT_032_001	CT	32	1	2		54	3	90	90	0	0	0	0	0	2	2	512	1	5256		0	0	360	90	1		0		9051;9062;9076	0	0	0	0.00.0000	0.00.0000	0.00.0000	0.00.0000
90408	90藍防禦下身	ICON_LG_032_001	LG	32	1	2		54	3	90	90	0	0	0	0	0	4	4	1024	1	5256		0	0	360	90	1		0		9051;9062;9076	0	0	0	0.00.0000	0.00.0000	0.00.0000	0.00.0000
90409	90藍防禦手	ICON_GL_000_001		0	0	2		54	3	90	90	0	0	0	0	0	32	32	2048	0	5128		0	0	360	90	1		0		9051;9062;9076	0	0	0	0.00.0000	0.00.0000	0.00.0000	0.00.0000
90410	90藍防禦腳	ICON_BT_000_001		0	0	2		54	3	90	90	0	0	0	0	0	64	64	4096	0	5128		0	0	360	90	1		0		9051;9062;9076	0	0	0	0.00.0000	0.00.0000	0.00.0000	0.00.0000
90411	90藍魔攻頭	ICON_HT_032_001	HT	32	1	2		54	3	90	90	0	0	0	0	0	1	1	256	1	5256		0	0	360	90	1		0		9051;9063;9074	0	0	0	0.00.0000	0.00.0000	0.00.0000	0.00.0000
90412	90藍魔攻上身	ICON_CT_032_001	CT	32	1	2		54	3	90	90	0	0	0	0	0	2	2	512	1	5256		0	0	360	90	1		0		9051;9063;9077	0	0	0	0.00.0000	0.00.0000	0.00.0000	0.00.0000
90413	90藍魔攻下身	ICON_LG_032_001	LG	32	1	2		54	3	90	90	0	0	0	0	0	4	4	1024	1	5256		0	0	360	90	1		0		9051;9063;9077	0	0	0	0.00.0000	0.00.0000	0.00.0000	0.00.0000
90414	90藍魔攻手	ICON_GL_000_001		0	0	2		54	3	90	90	0	0	0	0	0	32	32	2048	0	5128		0	0	360	90	1		0		9051;9063;9077	0	0	0	0.00.0000	0.00.0000	0.00.0000	0.00.0000
90415	90藍魔攻腳	ICON_BT_000_001		0	0	2		54	3	90	90	0	0	0	0	0	64	64	4096	0	5128		0	0	360	90	1		0		9051;9063;9077	0	0	0	0.00.0000	0.00.0000	0.00.0000	0.00.0000
90416	90藍物攻之鍊	ICON_NL_003_000		0	0	3		54	3	90	90	0	0	0	0	0	128	128	8192	0	5256		0	0	360	90	1		0		9051;9061;9078	0	0	0	0.00.0000	0.00.0000	0.00.0000	0.00.0000
90417	90藍物攻之戒	ICON_RN_003_000		0	0	3		54	3	90	90	0	0	0	0	0	256	256	32768	0	5256		0	0	360	90	1		0		9051;9061;9081	0	0	0	0.00.0000	0.00.0000	0.00.0000	0.00.0000
90418	90藍物攻護符	ICON_PL_003_000		0	0	3		54	3	90	90	0	0	0	0	0	512	512	16384	0	5256		0	0	360	90	1		0		9051;9061;9078	0	0	0	0.00.0000	0.00.0000	0.00.0000	0.00.0000
90419	90藍物攻手鐲	ICON_BL_003_000		0	0	3		54	3	90	90	0	0	0	0	0	1024	1024	65536	0	5256		0	0	360	90	1		0		9051;9061;9081	0	0	0	0.00.0000	0.00.0000	0.00.0000	0.00.0000
90420	90藍防禦之鍊	ICON_NL_003_000		0	0	3		54	3	90	90	0	0	0	0	0	128	128	8192	0	5256		0	0	360	90	1		0		9051;9062;9079	0	0	0	0.00.0000	0.00.0000	0.00.0000	0.00.0000
90421	90藍防禦之戒	ICON_RN_003_000		0	0	3		54	3	90	90	0	0	0	0	0	256	256	32768	0	5256		0	0	360	90	1		0		9051;9062;9082	0	0	0	0.00.0000	0.00.0000	0.00.0000	0.00.0000
90422	90藍防禦護符	ICON_PL_003_000		0	0	3		54	3	90	90	0	0	0	0	0	512	512	16384	0	5256		0	0	360	90	1		0		9051;9062;9079	0	0	0	0.00.0000	0.00.0000	0.00.0000	0.00.0000
90423	90藍防禦手鐲	ICON_BL_003_000		0	0	3		54	3	90	90	0	0	0	0	0	1024	1024	65536	0	5256		0	0	360	90	1		0		9051;9062;9082	0	0	0	0.00.0000	0.00.0000	0.00.0000	0.00.0000
90424	90藍魔攻之鍊	ICON_NL_003_000		0	0	3		54	3	90	90	0	0	0	0	0	128	128	8192	0	5256		0	0	360	90	1		0		9051;9063;9080	0	0	0	0.00.0000	0.00.0000	0.00.0000	0.00.0000
90425	90藍魔攻之戒	ICON_RN_003_000		0	0	3		54	3	90	90	0	0	0	0	0	256	256	32768	0	5256		0	0	360	90	1		0		9051;9063;9082	0	0	0	0.00.0000	0.00.0000	0.00.0000	0.00.0000
90426	90藍魔攻護符	ICON_PL_003_000		0	0	3		54	3	90	90	0	0	0	0	0	512	512	16384	0	5256		0	0	360	90	1		0		9051;9063;9080	0	0	0	0.00.0000	0.00.0000	0.00.0000	0.00.0000
90427	90藍魔攻手鐲	ICON_BL_003_000		0	0	3		54	3	90	90	0	0	0	0	0	1024	1024	65536	0	5256		0	0	360	90	1		0		9051;9063;9082	0	0	0	0.00.0000	0.00.0000	0.00.0000	0.00.0000
90428	90藍劍	ICON_SWORD_005_001	SWORD	5	1	1		54	3	90	90	0	0	0	0	0	16384	16384	1	0	4168		0	0	360	90	1		0		9061;9067	0	0	0	0.00.0000	0.00.0000	0.00.0000	0.00.0000
90429	90藍鎚	ICON_SSTICK_005_004	SSTICK	5	4	1		54	3	90	90	0	0	0	0	0	8	8	2	0	4168		0	0	360	90	1		0		9062;9068	0	0	0	0.00.0000	0.00.0000	0.00.0000	0.00.0000
90430	90藍盾	ICON_SHIELD_005_004	SHIELD	5	4	1		54	3	90	90	0	0	0	0	0	16	16	4	0	4168		0	0	360	90	1		0		9062;9068	0	0	0	0.00.0000	0.00.0000	0.00.0000	0.00.0000
90431	90藍杖	ICON_LSTICK_005_003	LSTICK	5	3	1		54	3	90	90	0	0	0	0	0	8	24	64	0	4168		0	0	360	90	1		0		9063;9071	0	0	0	0.00.0000	0.00.0000	0.00.0000	0.00.0000
90432	90藍石	ICON_SKULL_005_001	SKULL	5	1	1		54	3	90	90	0	0	0	0	0	8	24	8	0	4168		0	0	360	90	1		0		9063;9069	0	0	0	0.00.0000	0.00.0000	0.00.0000	0.00.0000
90433	90藍槍	ICON_FIREARM_005_003	FIREARM	5	3	1		54	3	90	90	0	0	0	0	0	8	24	16	0	4168		0	0	360	90	1		0		9061;9070	0	0	0	0.00.0000	0.00.0000	0.00.0000	0.00.0000
90501	100藍物攻頭	ICON_HT_032_001	HT	32	1	2		54	3	100	100	0	0	0	0	0	1	1	256	0	5384		0	0	400	100	1		0		9051;9061;9072	0	0	0	0.00.0000	0.00.0000	0.00.0000	0.00.0000
90502	100藍物攻上身	ICON_CT_032_001	CT	32	1	2		54	3	100	100	0	0	0	0	0	2	2	512	1	5384		0	0	400	100	1		0		9051;9061;9075	0	0	0	0.00.0000	0.00.0000	0.00.0000	0.00.0000
90503	100藍物攻下身	ICON_LG_032_001	LG	32	1	2		54	3	100	100	0	0	0	0	0	4	4	1024	1	5384		0	0	400	100	1		0		9051;9061;9075	0	0	0	0.00.0000	0.00.0000	0.00.0000	0.00.0000
90504	100藍物攻手	ICON_GL_000_001		0	0	2		54	3	100	100	0	0	0	0	0	32	32	2048	0	5128		0	0	400	100	1		0		9051;9061;9075	0	0	0	0.00.0000	0.00.0000	0.00.0000	0.00.0000
90505	100藍物攻腳	ICON_BT_000_001		0	0	2		54	3	100	100	0	0	0	0	0	64	64	4096	0	5128		0	0	400	100	1		0		9051;9061;9075	0	0	0	0.00.0000	0.00.0000	0.00.0000	0.00.0000
90506	100藍防禦頭	ICON_HT_032_001	HT	32	1	2		54	3	100	100	0	0	0	0	0	1	1	256	1	5256		0	0	400	100	1		0		9051;9062;9073	0	0	0	0.00.0000	0.00.0000	0.00.0000	0.00.0000
90507	100藍防禦上身	ICON_CT_032_001	CT	32	1	2		54	3	100	100	0	0	0	0	0	2	2	512	1	5256		0	0	400	100	1		0		9051;9062;9076	0	0	0	0.00.0000	0.00.0000	0.00.0000	0.00.0000
90508	100藍防禦下身	ICON_LG_032_001	LG	32	1	2		54	3	100	100	0	0	0	0	0	4	4	1024	1	5256		0	0	400	100	1		0		9051;9062;9076	0	0	0	0.00.0000	0.00.0000	0.00.0000	0.00.0000
90509	100藍防禦手	ICON_GL_000_001		0	0	2		54	3	100	100	0	0	0	0	0	32	32	2048	0	5128		0	0	400	100	1		0		9051;9062;9076	0	0	0	0.00.0000	0.00.0000	0.00.0000	0.00.0000
90510	100藍防禦腳	ICON_BT_000_001		0	0	2		54	3	100	100	0	0	0	0	0	64	64	4096	0	5128		0	0	400	100	1		0		9051;9062;9076	0	0	0	0.00.0000	0.00.0000	0.00.0000	0.00.0000
90511	100藍魔攻頭	ICON_HT_032_001	HT	32	1	2		54	3	100	100	0	0	0	0	0	1	1	256	1	5256		0	0	400	100	1		0		9051;9063;9074	0	0	0	0.00.0000	0.00.0000	0.00.0000	0.00.0000
90512	100藍魔攻上身	ICON_CT_032_001	CT	32	1	2		54	3	100	100	0	0	0	0	0	2	2	512	1	5256		0	0	400	100	1		0		9051;9063;9077	0	0	0	0.00.0000	0.00.0000	0.00.0000	0.00.0000
90513	100藍魔攻下身	ICON_LG_032_001	LG	32	1	2		54	3	100	100	0	0	0	0	0	4	4	1024	1	5256		0	0	400	100	1		0		9051;9063;9077	0	0	0	0.00.0000	0.00.0000	0.00.0000	0.00.0000
90514	100藍魔攻手	ICON_GL_000_001		0	0	2		54	3	100	100	0	0	0	0	0	32	32	2048	0	5128		0	0	400	100	1		0		9051;9063;9077	0	0	0	0.00.0000	0.00.0000	0.00.0000	0.00.0000
90515	100藍魔攻腳	ICON_BT_000_001		0	0	2		54	3	100	100	0	0	0	0	0	64	64	4096	0	5128		0	0	400	100	1		0		9051;9063;9077	0	0	0	0.00.0000	0.00.0000	0.00.0000	0.00.0000
90516	100藍物攻之鍊	ICON_NL_003_000		0	0	3		54	3	100	100	0	0	0	0	0	128	128	8192	0	5256		0	0	400	100	1		0		9051;9061;9078	0	0	0	0.00.0000	0.00.0000	0.00.0000	0.00.0000
90517	100藍物攻之戒	ICON_RN_003_000		0	0	3		54	3	100	100	0	0	0	0	0	256	256	32768	0	5256		0	0	400	100	1		0		9051;9061;9081	0	0	0	0.00.0000	0.00.0000	0.00.0000	0.00.0000
90518	100藍物攻護符	ICON_PL_003_000		0	0	3		54	3	100	100	0	0	0	0	0	512	512	16384	0	5256		0	0	400	100	1		0		9051;9061;9078	0	0	0	0.00.0000	0.00.0000	0.00.0000	0.00.0000
90519	100藍物攻手鐲	ICON_BL_003_000		0	0	3		54	3	100	100	0	0	0	0	0	1024	1024	65536	0	5256		0	0	400	100	1		0		9051;9061;9081	0	0	0	0.00.0000	0.00.0000	0.00.0000	0.00.0000
90520	100藍防禦之鍊	ICON_NL_003_000		0	0	3		54	3	100	100	0	0	0	0	0	128	128	8192	0	5256		0	0	400	100	1		0		9051;9062;9079	0	0	0	0.00.0000	0.00.0000	0.00.0000	0.00.0000
90521	100藍防禦之戒	ICON_RN_003_000		0	0	3		54	3	100	100	0	0	0	0	0	256	256	32768	0	5256		0	0	400	100	1		0		9051;9062;9082	0	0	0	0.00.0000	0.00.0000	0.00.0000	0.00.0000
90522	100藍防禦護符	ICON_PL_003_000		0	0	3		54	3	100	100	0	0	0	0	0	512	512	16384	0	5256		0	0	400	100	1		0		9051;9062;9079	0	0	0	0.00.0000	0.00.0000	0.00.0000	0.00.0000
90523	100藍防禦手鐲	ICON_BL_003_000		0	0	3		54	3	100	100	0	0	0	0	0	1024	1024	65536	0	5256		0	0	400	100	1		0		9051;9062;9082	0	0	0	0.00.0000	0.00.0000	0.00.0000	0.00.0000
90524	100藍魔攻之鍊	ICON_NL_003_000		0	0	3		54	3	100	100	0	0	0	0	0	128	128	8192	0	5256		0	0	400	100	1		0		9051;9063;9080	0	0	0	0.00.0000	0.00.0000	0.00.0000	0.00.0000
90525	100藍魔攻之戒	ICON_RN_003_000		0	0	3		54	3	100	100	0	0	0	0	0	256	256	32768	0	5256		0	0	400	100	1		0		9051;9063;9082	0	0	0	0.00.0000	0.00.0000	0.00.0000	0.00.0000
90526	100藍魔攻護符	ICON_PL_003_000		0	0	3		54	3	100	100	0	0	0	0	0	512	512	16384	0	5256		0	0	400	100	1		0		9051;9063;9080	0	0	0	0.00.0000	0.00.0000	0.00.0000	0.00.0000
90527	100藍魔攻手鐲	ICON_BL_003_000		0	0	3		54	3	100	100	0	0	0	0	0	1024	1024	65536	0	5256		0	0	400	100	1		0		9051;9063;9082	0	0	0	0.00.0000	0.00.0000	0.00.0000	0.00.0000
90528	100藍劍	ICON_SWORD_005_001	SWORD	5	1	1		54	3	100	100	0	0	0	0	0	16384	16384	1	0	4168		0	0	400	100	1		0		9061;9067	0	0	0	0.00.0000	0.00.0000	0.00.0000	0.00.0000
90529	100藍鎚	ICON_SSTICK_005_004	SSTICK	5	4	1		54	3	100	100	0	0	0	0	0	8	8	2	0	4168		0	0	400	100	1		0		9062;9068	0	0	0	0.00.0000	0.00.0000	0.00.0000	0.00.0000
90530	100藍盾	ICON_SHIELD_005_004	SHIELD	5	4	1		54	3	100	100	0	0	0	0	0	16	16	4	0	4168		0	0	400	100	1		0		9062;9068	0	0	0	0.00.0000	0.00.0000	0.00.0000	0.00.0000
90531	100藍杖	ICON_LSTICK_005_003	LSTICK	5	3	1		54	3	100	100	0	0	0	0	0	8	24	64	0	4168		0	0	400	100	1		0		9063;9071	0	0	0	0.00.0000	0.00.0000	0.00.0000	0.00.0000
90532	100藍石	ICON_SKULL_005_001	SKULL	5	1	1		54	3	100	100	0	0	0	0	0	8	24	8	0	4168		0	0	400	100	1		0		9063;9069	0	0	0	0.00.0000	0.00.0000	0.00.0000	0.00.0000
90533	100藍槍	ICON_FIREARM_005_003	FIREARM	5	3	1		54	3	100	100	0	0	0	0	0	8	24	16	0	4168		0	0	400	100	1		0		9061;9070	0	0	0	0.00.0000	0.00.0000	0.00.0000	0.00.0000
90601	110藍物攻頭	ICON_HT_032_001	HT	32	1	2		54	3	110	110	0	0	0	0	0	1	1	256	0	5384		0	0	440	110	1		0		9051;9061;9072	0	0	0	0.00.0000	0.00.0000	0.00.0000	0.00.0000
90602	110藍物攻上身	ICON_CT_032_001	CT	32	1	2		54	3	110	110	0	0	0	0	0	2	2	512	1	5384		0	0	440	110	1		0		9051;9061;9075	0	0	0	0.00.0000	0.00.0000	0.00.0000	0.00.0000
90603	110藍物攻下身	ICON_LG_032_001	LG	32	1	2		54	3	110	110	0	0	0	0	0	4	4	1024	1	5384		0	0	440	110	1		0		9051;9061;9075	0	0	0	0.00.0000	0.00.0000	0.00.0000	0.00.0000
90604	110藍物攻手	ICON_GL_000_001		0	0	2		54	3	110	110	0	0	0	0	0	32	32	2048	0	5128		0	0	440	110	1		0		9051;9061;9075	0	0	0	0.00.0000	0.00.0000	0.00.0000	0.00.0000
90605	110藍物攻腳	ICON_BT_000_001		0	0	2		54	3	110	110	0	0	0	0	0	64	64	4096	0	5128		0	0	440	110	1		0		9051;9061;9075	0	0	0	0.00.0000	0.00.0000	0.00.0000	0.00.0000
90606	110藍防禦頭	ICON_HT_032_001	HT	32	1	2		54	3	110	110	0	0	0	0	0	1	1	256	1	5256		0	0	440	110	1		0		9051;9062;9073	0	0	0	0.00.0000	0.00.0000	0.00.0000	0.00.0000
90607	110藍防禦上身	ICON_CT_032_001	CT	32	1	2		54	3	110	110	0	0	0	0	0	2	2	512	1	5256		0	0	440	110	1		0		9051;9062;9076	0	0	0	0.00.0000	0.00.0000	0.00.0000	0.00.0000
90608	110藍防禦下身	ICON_LG_032_001	LG	32	1	2		54	3	110	110	0	0	0	0	0	4	4	1024	1	5256		0	0	440	110	1		0		9051;9062;9076	0	0	0	0.00.0000	0.00.0000	0.00.0000	0.00.0000
90609	110藍防禦手	ICON_GL_000_001		0	0	2		54	3	110	110	0	0	0	0	0	32	32	2048	0	5128		0	0	440	110	1		0		9051;9062;9076	0	0	0	0.00.0000	0.00.0000	0.00.0000	0.00.0000
90610	110藍防禦腳	ICON_BT_000_001		0	0	2		54	3	110	110	0	0	0	0	0	64	64	4096	0	5128		0	0	440	110	1		0		9051;9062;9076	0	0	0	0.00.0000	0.00.0000	0.00.0000	0.00.0000
90611	110藍魔攻頭	ICON_HT_032_001	HT	32	1	2		54	3	110	110	0	0	0	0	0	1	1	256	1	5256		0	0	440	110	1		0		9051;9063;9074	0	0	0	0.00.0000	0.00.0000	0.00.0000	0.00.0000
90612	110藍魔攻上身	ICON_CT_032_001	CT	32	1	2		54	3	110	110	0	0	0	0	0	2	2	512	1	5256		0	0	440	110	1		0		9051;9063;9077	0	0	0	0.00.0000	0.00.0000	0.00.0000	0.00.0000
90613	110藍魔攻下身	ICON_LG_032_001	LG	32	1	2		54	3	110	110	0	0	0	0	0	4	4	1024	1	5256		0	0	440	110	1		0		9051;9063;9077	0	0	0	0.00.0000	0.00.0000	0.00.0000	0.00.0000
90614	110藍魔攻手	ICON_GL_000_001		0	0	2		54	3	110	110	0	0	0	0	0	32	32	2048	0	5128		0	0	440	110	1		0		9051;9063;9077	0	0	0	0.00.0000	0.00.0000	0.00.0000	0.00.0000
90615	110藍魔攻腳	ICON_BT_000_001		0	0	2		54	3	110	110	0	0	0	0	0	64	64	4096	0	5128		0	0	440	110	1		0		9051;9063;9077	0	0	0	0.00.0000	0.00.0000	0.00.0000	0.00.0000
90616	110藍物攻之鍊	ICON_NL_003_000		0	0	3		54	3	110	110	0	0	0	0	0	128	128	8192	0	5256		0	0	440	110	1		0		9051;9061;9078	0	0	0	0.00.0000	0.00.0000	0.00.0000	0.00.0000
90617	110藍物攻之戒	ICON_RN_003_000		0	0	3		54	3	110	110	0	0	0	0	0	256	256	32768	0	5256		0	0	440	110	1		0		9051;9061;9081	0	0	0	0.00.0000	0.00.0000	0.00.0000	0.00.0000
90618	110藍物攻護符	ICON_PL_003_000		0	0	3		54	3	110	110	0	0	0	0	0	512	512	16384	0	5256		0	0	440	110	1		0		9051;9061;9078	0	0	0	0.00.0000	0.00.0000	0.00.0000	0.00.0000
90619	110藍物攻手鐲	ICON_BL_003_000		0	0	3		54	3	110	110	0	0	0	0	0	1024	1024	65536	0	5256		0	0	440	110	1		0		9051;9061;9081	0	0	0	0.00.0000	0.00.0000	0.00.0000	0.00.0000
90620	110藍防禦之鍊	ICON_NL_003_000		0	0	3		54	3	110	110	0	0	0	0	0	128	128	8192	0	5256		0	0	440	110	1		0		9051;9062;9079	0	0	0	0.00.0000	0.00.0000	0.00.0000	0.00.0000
90621	110藍防禦之戒	ICON_RN_003_000		0	0	3		54	3	110	110	0	0	0	0	0	256	256	32768	0	5256		0	0	440	110	1		0		9051;9062;9082	0	0	0	0.00.0000	0.00.0000	0.00.0000	0.00.0000
90622	110藍防禦護符	ICON_PL_003_000		0	0	3		54	3	110	110	0	0	0	0	0	512	512	16384	0	5256		0	0	440	110	1		0		9051;9062;9079	0	0	0	0.00.0000	0.00.0000	0.00.0000	0.00.0000
90623	110藍防禦手鐲	ICON_BL_003_000		0	0	3		54	3	110	110	0	0	0	0	0	1024	1024	65536	0	5256		0	0	440	110	1		0		9051;9062;9082	0	0	0	0.00.0000	0.00.0000	0.00.0000	0.00.0000
90624	110藍魔攻之鍊	ICON_NL_003_000		0	0	3		54	3	110	110	0	0	0	0	0	128	128	8192	0	5256		0	0	440	110	1		0		9051;9063;9080	0	0	0	0.00.0000	0.00.0000	0.00.0000	0.00.0000
90625	110藍魔攻之戒	ICON_RN_003_000		0	0	3		54	3	110	110	0	0	0	0	0	256	256	32768	0	5256		0	0	440	110	1		0		9051;9063;9082	0	0	0	0.00.0000	0.00.0000	0.00.0000	0.00.0000
90626	110藍魔攻護符	ICON_PL_003_000		0	0	3		54	3	110	110	0	0	0	0	0	512	512	16384	0	5256		0	0	440	110	1		0		9051;9063;9080	0	0	0	0.00.0000	0.00.0000	0.00.0000	0.00.0000
90627	110藍魔攻手鐲	ICON_BL_003_000		0	0	3		54	3	110	110	0	0	0	0	0	1024	1024	65536	0	5256		0	0	440	110	1		0		9051;9063;9082	0	0	0	0.00.0000	0.00.0000	0.00.0000	0.00.0000
90628	110藍劍	ICON_SWORD_005_001	SWORD	5	1	1		54	3	110	110	0	0	0	0	0	16384	16384	1	0	4168		0	0	440	110	1		0		9061;9067	0	0	0	0.00.0000	0.00.0000	0.00.0000	0.00.0000
90629	110藍鎚	ICON_SSTICK_005_004	SSTICK	5	4	1		54	3	110	110	0	0	0	0	0	8	8	2	0	4168		0	0	440	110	1		0		9062;9068	0	0	0	0.00.0000	0.00.0000	0.00.0000	0.00.0000
90630	110藍盾	ICON_SHIELD_005_004	SHIELD	5	4	1		54	3	110	110	0	0	0	0	0	16	16	4	0	4168		0	0	440	110	1		0		9062;9068	0	0	0	0.00.0000	0.00.0000	0.00.0000	0.00.0000
90631	110藍杖	ICON_LSTICK_005_003	LSTICK	5	3	1		54	3	110	110	0	0	0	0	0	8	24	64	0	4168		0	0	440	110	1		0		9063;9071	0	0	0	0.00.0000	0.00.0000	0.00.0000	0.00.0000
90632	110藍石	ICON_SKULL_005_001	SKULL	5	1	1		54	3	110	110	0	0	0	0	0	8	24	8	0	4168		0	0	440	110	1		0		9063;9069	0	0	0	0.00.0000	0.00.0000	0.00.0000	0.00.0000
90633	110藍槍	ICON_FIREARM_005_003	FIREARM	5	3	1		54	3	110	110	0	0	0	0	0	8	24	16	0	4168		0	0	440	110	1		0		9061;9070	0	0	0	0.00.0000	0.00.0000	0.00.0000	0.00.0000
90701	115藍物攻頭	ICON_HT_032_001	HT	32	1	2		54	3	115	115	0	0	0	0	0	1	1	256	0	5384		0	0	460	115	1		0		9051;9061;9072	0	0	0	0.00.0000	0.00.0000	0.00.0000	0.00.0000
90702	115藍物攻上身	ICON_CT_032_001	CT	32	1	2		54	3	115	115	0	0	0	0	0	2	2	512	1	5384		0	0	460	115	1		0		9051;9061;9075	0	0	0	0.00.0000	0.00.0000	0.00.0000	0.00.0000
90703	115藍物攻下身	ICON_LG_032_001	LG	32	1	2		54	3	115	115	0	0	0	0	0	4	4	1024	1	5384		0	0	460	115	1		0		9051;9061;9075	0	0	0	0.00.0000	0.00.0000	0.00.0000	0.00.0000
90704	115藍物攻手	ICON_GL_000_001		0	0	2		54	3	115	115	0	0	0	0	0	32	32	2048	0	5128		0	0	460	115	1		0		9051;9061;9075	0	0	0	0.00.0000	0.00.0000	0.00.0000	0.00.0000
90705	115藍物攻腳	ICON_BT_000_001		0	0	2		54	3	115	115	0	0	0	0	0	64	64	4096	0	5128		0	0	460	115	1		0		9051;9061;9075	0	0	0	0.00.0000	0.00.0000	0.00.0000	0.00.0000
90706	115藍防禦頭	ICON_HT_032_001	HT	32	1	2		54	3	115	115	0	0	0	0	0	1	1	256	1	5256		0	0	460	115	1		0		9051;9062;9073	0	0	0	0.00.0000	0.00.0000	0.00.0000	0.00.0000
90707	115藍防禦上身	ICON_CT_032_001	CT	32	1	2		54	3	115	115	0	0	0	0	0	2	2	512	1	5256		0	0	460	115	1		0		9051;9062;9076	0	0	0	0.00.0000	0.00.0000	0.00.0000	0.00.0000
90708	115藍防禦下身	ICON_LG_032_001	LG	32	1	2		54	3	115	115	0	0	0	0	0	4	4	1024	1	5256		0	0	460	115	1		0		9051;9062;9076	0	0	0	0.00.0000	0.00.0000	0.00.0000	0.00.0000
90709	115藍防禦手	ICON_GL_000_001		0	0	2		54	3	115	115	0	0	0	0	0	32	32	2048	0	5128		0	0	460	115	1		0		9051;9062;9076	0	0	0	0.00.0000	0.00.0000	0.00.0000	0.00.0000
90710	115藍防禦腳	ICON_BT_000_001		0	0	2		54	3	115	115	0	0	0	0	0	64	64	4096	0	5128		0	0	460	115	1		0		9051;9062;9076	0	0	0	0.00.0000	0.00.0000	0.00.0000	0.00.0000
90711	115藍魔攻頭	ICON_HT_032_001	HT	32	1	2		54	3	115	115	0	0	0	0	0	1	1	256	1	5256		0	0	460	115	1		0		9051;9063;9074	0	0	0	0.00.0000	0.00.0000	0.00.0000	0.00.0000
90712	115藍魔攻上身	ICON_CT_032_001	CT	32	1	2		54	3	115	115	0	0	0	0	0	2	2	512	1	5256		0	0	460	115	1		0		9051;9063;9077	0	0	0	0.00.0000	0.00.0000	0.00.0000	0.00.0000
90713	115藍魔攻下身	ICON_LG_032_001	LG	32	1	2		54	3	115	115	0	0	0	0	0	4	4	1024	1	5256		0	0	460	115	1		0		9051;9063;9077	0	0	0	0.00.0000	0.00.0000	0.00.0000	0.00.0000
90714	115藍魔攻手	ICON_GL_000_001		0	0	2		54	3	115	115	0	0	0	0	0	32	32	2048	0	5128		0	0	460	115	1		0		9051;9063;9077	0	0	0	0.00.0000	0.00.0000	0.00.0000	0.00.0000
90715	115藍魔攻腳	ICON_BT_000_001		0	0	2		54	3	115	115	0	0	0	0	0	64	64	4096	0	5128		0	0	460	115	1		0		9051;9063;9077	0	0	0	0.00.0000	0.00.0000	0.00.0000	0.00.0000
90716	115藍物攻之鍊	ICON_NL_003_000		0	0	3		54	3	115	115	0	0	0	0	0	128	128	8192	0	5256		0	0	460	115	1		0		9051;9061;9078	0	0	0	0.00.0000	0.00.0000	0.00.0000	0.00.0000
90717	115藍物攻之戒	ICON_RN_003_000		0	0	3		54	3	115	115	0	0	0	0	0	256	256	32768	0	5256		0	0	460	115	1		0		9051;9061;9081	0	0	0	0.00.0000	0.00.0000	0.00.0000	0.00.0000
90718	115藍物攻護符	ICON_PL_003_000		0	0	3		54	3	115	115	0	0	0	0	0	512	512	16384	0	5256		0	0	460	115	1		0		9051;9061;9078	0	0	0	0.00.0000	0.00.0000	0.00.0000	0.00.0000
90719	115藍物攻手鐲	ICON_BL_003_000		0	0	3		54	3	115	115	0	0	0	0	0	1024	1024	65536	0	5256		0	0	460	115	1		0		9051;9061;9081	0	0	0	0.00.0000	0.00.0000	0.00.0000	0.00.0000
90720	115藍防禦之鍊	ICON_NL_003_000		0	0	3		54	3	115	115	0	0	0	0	0	128	128	8192	0	5256		0	0	460	115	1		0		9051;9062;9079	0	0	0	0.00.0000	0.00.0000	0.00.0000	0.00.0000
90721	115藍防禦之戒	ICON_RN_003_000		0	0	3		54	3	115	115	0	0	0	0	0	256	256	32768	0	5256		0	0	460	115	1		0		9051;9062;9082	0	0	0	0.00.0000	0.00.0000	0.00.0000	0.00.0000
90722	115藍防禦護符	ICON_PL_003_000		0	0	3		54	3	115	115	0	0	0	0	0	512	512	16384	0	5256		0	0	460	115	1		0		9051;9062;9079	0	0	0	0.00.0000	0.00.0000	0.00.0000	0.00.0000
90723	115藍防禦手鐲	ICON_BL_003_000		0	0	3		54	3	115	115	0	0	0	0	0	1024	1024	65536	0	5256		0	0	460	115	1		0		9051;9062;9082	0	0	0	0.00.0000	0.00.0000	0.00.0000	0.00.0000
90724	115藍魔攻之鍊	ICON_NL_003_000		0	0	3		54	3	115	115	0	0	0	0	0	128	128	8192	0	5256		0	0	460	115	1		0		9051;9063;9080	0	0	0	0.00.0000	0.00.0000	0.00.0000	0.00.0000
90725	115藍魔攻之戒	ICON_RN_003_000		0	0	3		54	3	115	115	0	0	0	0	0	256	256	32768	0	5256		0	0	460	115	1		0		9051;9063;9082	0	0	0	0.00.0000	0.00.0000	0.00.0000	0.00.0000
90726	115藍魔攻護符	ICON_PL_003_000		0	0	3		54	3	115	115	0	0	0	0	0	512	512	16384	0	5256		0	0	460	115	1		0		9051;9063;9080	0	0	0	0.00.0000	0.00.0000	0.00.0000	0.00.0000
90727	115藍魔攻手鐲	ICON_BL_003_000		0	0	3		54	3	115	115	0	0	0	0	0	1024	1024	65536	0	5256		0	0	460	115	1		0		9051;9063;9082	0	0	0	0.00.0000	0.00.0000	0.00.0000	0.00.0000
90728	115藍劍	ICON_SWORD_005_001	SWORD	5	1	1		54	3	115	115	0	0	0	0	0	16384	16384	1	0	4168		0	0	460	115	1		0		9061;9067	0	0	0	0.00.0000	0.00.0000	0.00.0000	0.00.0000
90729	115藍鎚	ICON_SSTICK_005_004	SSTICK	5	4	1		54	3	115	115	0	0	0	0	0	8	8	2	0	4168		0	0	460	115	1		0		9062;9068	0	0	0	0.00.0000	0.00.0000	0.00.0000	0.00.0000
90730	115藍盾	ICON_SHIELD_005_004	SHIELD	5	4	1		54	3	115	115	0	0	0	0	0	16	16	4	0	4168		0	0	460	115	1		0		9062;9068	0	0	0	0.00.0000	0.00.0000	0.00.0000	0.00.0000
90731	115藍杖	ICON_LSTICK_005_003	LSTICK	5	3	1		54	3	115	115	0	0	0	0	0	8	24	64	0	4168		0	0	460	115	1		0		9063;9071	0	0	0	0.00.0000	0.00.0000	0.00.0000	0.00.0000
90732	115藍石	ICON_SKULL_005_001	SKULL	5	1	1		54	3	115	115	0	0	0	0	0	8	24	8	0	4168		0	0	460	115	1		0		9063;9069	0	0	0	0.00.0000	0.00.0000	0.00.0000	0.00.0000
90733	115藍槍	ICON_FIREARM_005_003	FIREARM	5	3	1		54	3	115	115	0	0	0	0	0	8	24	16	0	4168		0	0	460	115	1		0		9061;9070	0	0	0	0.00.0000	0.00.0000	0.00.0000	0.00.0000
92001	105紫物攻頭	ICON_HT_032_001	HT	32	1	2		54	4	105	105	0	0	0	0	0	1	1	256	0	5256		0	0	628	157	1		0		9052;9064;9089	0	0	0	0.00.0000	0.00.0000	0.00.0000	0.00.0000
92002	105紫物攻上身	ICON_CT_032_001	CT	32	1	2		54	4	105	105	0	0	0	0	0	2	2	512	1	5256		0	0	628	157	1		0		9052;9064;9092	0	0	0	0.00.0000	0.00.0000	0.00.0000	0.00.0000
92003	105紫物攻下身	ICON_LG_032_001	LG	32	1	2		54	4	105	105	0	0	0	0	0	4	4	1024	1	5256		0	0	628	157	1		0		9052;9064;9092	0	0	0	0.00.0000	0.00.0000	0.00.0000	0.00.0000
92004	105紫物攻手	ICON_GL_000_001		0	0	2		54	4	105	105	0	0	0	0	0	32	32	2048	0	5128		0	0	628	157	1		0		9052;9064;9092	0	0	0	0.00.0000	0.00.0000	0.00.0000	0.00.0000
92005	105紫物攻腳	ICON_BT_000_001		0	0	2		54	4	105	105	0	0	0	0	0	64	64	4096	0	5128		0	0	628	157	1		0		9052;9064;9092	0	0	0	0.00.0000	0.00.0000	0.00.0000	0.00.0000
92006	105紫防禦頭	ICON_HT_032_001	HT	32	1	2		54	4	105	105	0	0	0	0	0	1	1	256	1	5256		0	0	628	157	1		0		9052;9065;9090	0	0	0	0.00.0000	0.00.0000	0.00.0000	0.00.0000
92007	105紫防禦上身	ICON_CT_032_001	CT	32	1	2		54	4	105	105	0	0	0	0	0	2	2	512	1	5256		0	0	628	157	1		0		9052;9065;9093	0	0	0	0.00.0000	0.00.0000	0.00.0000	0.00.0000
92008	105紫防禦下身	ICON_LG_032_001	LG	32	1	2		54	4	105	105	0	0	0	0	0	4	4	1024	1	5256		0	0	628	157	1		0		9052;9065;9093	0	0	0	0.00.0000	0.00.0000	0.00.0000	0.00.0000
92009	105紫物攻手	ICON_GL_000_001		0	0	2		54	4	105	105	0	0	0	0	0	32	32	2048	0	5128		0	0	628	157	1		0		9052;9065;9093	0	0	0	0.00.0000	0.00.0000	0.00.0000	0.00.0000
92010	105紫物攻腳	ICON_BT_000_001		0	0	2		54	4	105	105	0	0	0	0	0	64	64	4096	0	5128		0	0	628	157	1		0		9052;9065;9093	0	0	0	0.00.0000	0.00.0000	0.00.0000	0.00.0000
92011	105紫魔攻頭	ICON_HT_032_001	HT	32	1	2		54	4	105	105	0	0	0	0	0	1	1	256	1	5256		0	0	628	157	1		0		9052;9066;9091	0	0	0	0.00.0000	0.00.0000	0.00.0000	0.00.0000
92012	105紫魔攻上身	ICON_CT_032_001	CT	32	1	2		54	4	105	105	0	0	0	0	0	2	2	512	1	5256		0	0	628	157	1		0		9052;9066;9094	0	0	0	0.00.0000	0.00.0000	0.00.0000	0.00.0000
92013	105紫魔攻下身	ICON_LG_032_001	LG	32	1	2		54	4	105	105	0	0	0	0	0	4	4	1024	1	5256		0	0	628	157	1		0		9052;9066;9094	0	0	0	0.00.0000	0.00.0000	0.00.0000	0.00.0000
92014	105紫物攻手	ICON_GL_000_001		0	0	2		54	4	105	105	0	0	0	0	0	32	32	2048	0	5128		0	0	628	157	1		0		9052;9066;9094	0	0	0	0.00.0000	0.00.0000	0.00.0000	0.00.0000
92015	105紫物攻腳	ICON_BT_000_001		0	0	2		54	4	105	105	0	0	0	0	0	64	64	4096	0	5128		0	0	628	157	1		0		9052;9066;9094	0	0	0	0.00.0000	0.00.0000	0.00.0000	0.00.0000
92016	105紫物攻之鍊	ICON_NL_003_000		0	0	3		54	4	105	105	0	0	0	0	0	128	128	8192	0	5256		0	0	628	157	1		0		9052;9064;9095	0	0	0	0.00.0000	0.00.0000	0.00.0000	0.00.0000
92017	105紫物攻之戒	ICON_RN_003_000		0	0	3		54	4	105	105	0	0	0	0	0	256	256	32768	0	5256		0	0	628	157	1		0		9052;9064;9098	0	0	0	0.00.0000	0.00.0000	0.00.0000	0.00.0000
92018	105紫物攻護符	ICON_PL_003_000		0	0	3		54	4	105	105	0	0	0	0	0	512	512	16384	0	5256		0	0	628	157	1		0		9052;9064;9095	0	0	0	0.00.0000	0.00.0000	0.00.0000	0.00.0000
92019	105紫物攻手鐲	ICON_BL_003_000		0	0	3		54	4	105	105	0	0	0	0	0	1024	1024	65536	0	5256		0	0	628	157	1		0		9052;9064;9098	0	0	0	0.00.0000	0.00.0000	0.00.0000	0.00.0000
92020	105紫防禦之鍊	ICON_NL_003_000		0	0	3		54	4	105	105	0	0	0	0	0	128	128	8192	0	5256		0	0	628	157	1		0		9052;9065;9096	0	0	0	0.00.0000	0.00.0000	0.00.0000	0.00.0000
92021	105紫防禦之戒	ICON_RN_003_000		0	0	3		54	4	105	105	0	0	0	0	0	256	256	32768	0	5256		0	0	628	157	1		0		9052;9065;9099	0	0	0	0.00.0000	0.00.0000	0.00.0000	0.00.0000
92022	105紫防禦護符	ICON_PL_003_000		0	0	3		54	4	105	105	0	0	0	0	0	512	512	16384	0	5256		0	0	628	157	1		0		9052;9065;9096	0	0	0	0.00.0000	0.00.0000	0.00.0000	0.00.0000
92023	105紫防禦手鐲	ICON_BL_003_000		0	0	3		54	4	105	105	0	0	0	0	0	1024	1024	65536	0	5256		0	0	628	157	1		0		9052;9065;9099	0	0	0	0.00.0000	0.00.0000	0.00.0000	0.00.0000
92024	105紫魔攻之鍊	ICON_NL_003_000		0	0	3		54	4	105	105	0	0	0	0	0	128	128	8192	0	5256		0	0	628	157	1		0		9052;9066;9097	0	0	0	0.00.0000	0.00.0000	0.00.0000	0.00.0000
92025	105紫魔攻之戒	ICON_RN_003_000		0	0	3		54	4	105	105	0	0	0	0	0	256	256	32768	0	5256		0	0	628	157	1		0		9052;9066;9100	0	0	0	0.00.0000	0.00.0000	0.00.0000	0.00.0000
92026	105紫魔攻護符	ICON_PL_003_000		0	0	3		54	4	105	105	0	0	0	0	0	512	512	16384	0	5256		0	0	628	157	1		0		9052;9066;9097	0	0	0	0.00.0000	0.00.0000	0.00.0000	0.00.0000
92027	105紫魔攻手鐲	ICON_BL_003_000		0	0	3		54	4	105	105	0	0	0	0	0	1024	1024	65536	0	5256		0	0	628	157	1		0		9052;9066;9100	0	0	0	0.00.0000	0.00.0000	0.00.0000	0.00.0000
92028	105紫劍	ICON_SWORD_005_001	SWORD	5	1	1		54	4	105	105	0	0	0	0	0	16384	16384	1	0	4168		0	0	628	157	1		0		9064;9084	0	0	0	0.00.0000	0.00.0000	0.00.0000	0.00.0000
92029	105紫鎚	ICON_SSTICK_005_004	SSTICK	5	4	1		54	4	105	105	0	0	0	0	0	8	8	2	0	4168		0	0	628	157	1		0		9065;9085	0	0	0	0.00.0000	0.00.0000	0.00.0000	0.00.0000
92030	105紫盾	ICON_SHIELD_005_004	SHIELD	5	4	1		54	4	105	105	0	0	0	0	0	16	16	4	0	4168		0	0	628	157	1		0		9065;9085	0	0	0	0.00.0000	0.00.0000	0.00.0000	0.00.0000
92031	105紫杖	ICON_LSTICK_005_003	LSTICK	5	3	1		54	4	105	105	0	0	0	0	0	8	24	64	0	4168		0	0	628	157	1		0		9066;9088	0	0	0	0.00.0000	0.00.0000	0.00.0000	0.00.0000
92032	105紫石	ICON_SKULL_005_001	SKULL	5	1	1		54	4	105	105	0	0	0	0	0	8	24	8	0	4168		0	0	628	157	1		0		9066;9086	0	0	0	0.00.0000	0.00.0000	0.00.0000	0.00.0000
92033	105紫槍	ICON_FIREARM_005_003	FIREARM	5	3	1		54	4	105	105	0	0	0	0	0	8	24	16	0	4168		0	0	628	157	1		0		9064;9087	0	0	0	0.00.0000	0.00.0000	0.00.0000	0.00.0000
92101	110紫物攻頭	ICON_HT_032_001	HT	32	1	2		54	4	110	110	0	0	0	0	0	1	1	256	0	5256		0	0	660	165	1		0		9052;9064;9089	0	0	0	0.00.0000	0.00.0000	0.00.0000	0.00.0000
92102	110紫物攻上身	ICON_CT_032_001	CT	32	1	2		54	4	110	110	0	0	0	0	0	2	2	512	1	5256		0	0	660	165	1		0		9052;9064;9092	0	0	0	0.00.0000	0.00.0000	0.00.0000	0.00.0000
92103	110紫物攻下身	ICON_LG_032_001	LG	32	1	2		54	4	110	110	0	0	0	0	0	4	4	1024	1	5256		0	0	660	165	1		0		9052;9064;9092	0	0	0	0.00.0000	0.00.0000	0.00.0000	0.00.0000
92104	110紫物攻手	ICON_GL_000_001		0	0	2		54	4	110	110	0	0	0	0	0	32	32	2048	0	5128		0	0	660	165	1		0		9052;9064;9092	0	0	0	0.00.0000	0.00.0000	0.00.0000	0.00.0000
92105	110紫物攻腳	ICON_BT_000_001		0	0	2		54	4	110	110	0	0	0	0	0	64	64	4096	0	5128		0	0	660	165	1		0		9052;9064;9092	0	0	0	0.00.0000	0.00.0000	0.00.0000	0.00.0000
92106	110紫防禦頭	ICON_HT_032_001	HT	32	1	2		54	4	110	110	0	0	0	0	0	1	1	256	1	5256		0	0	660	165	1		0		9052;9065;9090	0	0	0	0.00.0000	0.00.0000	0.00.0000	0.00.0000
92107	110紫防禦上身	ICON_CT_032_001	CT	32	1	2		54	4	110	110	0	0	0	0	0	2	2	512	1	5256		0	0	660	165	1		0		9052;9065;9093	0	0	0	0.00.0000	0.00.0000	0.00.0000	0.00.0000
92108	110紫防禦下身	ICON_LG_032_001	LG	32	1	2		54	4	110	110	0	0	0	0	0	4	4	1024	1	5256		0	0	660	165	1		0		9052;9065;9093	0	0	0	0.00.0000	0.00.0000	0.00.0000	0.00.0000
92109	110紫物攻手	ICON_GL_000_001		0	0	2		54	4	110	110	0	0	0	0	0	32	32	2048	0	5128		0	0	660	165	1		0		9052;9065;9093	0	0	0	0.00.0000	0.00.0000	0.00.0000	0.00.0000
92110	110紫物攻腳	ICON_BT_000_001		0	0	2		54	4	110	110	0	0	0	0	0	64	64	4096	0	5128		0	0	660	165	1		0		9052;9065;9093	0	0	0	0.00.0000	0.00.0000	0.00.0000	0.00.0000
92111	110紫魔攻頭	ICON_HT_032_001	HT	32	1	2		54	4	110	110	0	0	0	0	0	1	1	256	1	5256		0	0	660	165	1		0		9052;9066;9091	0	0	0	0.00.0000	0.00.0000	0.00.0000	0.00.0000
92112	110紫魔攻上身	ICON_CT_032_001	CT	32	1	2		54	4	110	110	0	0	0	0	0	2	2	512	1	5256		0	0	660	165	1		0		9052;9066;9094	0	0	0	0.00.0000	0.00.0000	0.00.0000	0.00.0000
92113	110紫魔攻下身	ICON_LG_032_001	LG	32	1	2		54	4	110	110	0	0	0	0	0	4	4	1024	1	5256		0	0	660	165	1		0		9052;9066;9094	0	0	0	0.00.0000	0.00.0000	0.00.0000	0.00.0000
92114	110紫物攻手	ICON_GL_000_001		0	0	2		54	4	110	110	0	0	0	0	0	32	32	2048	0	5128		0	0	660	165	1		0		9052;9066;9094	0	0	0	0.00.0000	0.00.0000	0.00.0000	0.00.0000
92115	110紫物攻腳	ICON_BT_000_001		0	0	2		54	4	110	110	0	0	0	0	0	64	64	4096	0	5128		0	0	660	165	1		0		9052;9066;9094	0	0	0	0.00.0000	0.00.0000	0.00.0000	0.00.0000
92116	110紫物攻之鍊	ICON_NL_003_000		0	0	3		54	4	110	110	0	0	0	0	0	128	128	8192	0	5256		0	0	660	165	1		0		9052;9064;9095	0	0	0	0.00.0000	0.00.0000	0.00.0000	0.00.0000
92117	110紫物攻之戒	ICON_RN_003_000		0	0	3		54	4	110	110	0	0	0	0	0	256	256	32768	0	5256		0	0	660	165	1		0		9052;9064;9098	0	0	0	0.00.0000	0.00.0000	0.00.0000	0.00.0000
92118	110紫物攻護符	ICON_PL_003_000		0	0	3		54	4	110	110	0	0	0	0	0	512	512	16384	0	5256		0	0	660	165	1		0		9052;9064;9095	0	0	0	0.00.0000	0.00.0000	0.00.0000	0.00.0000
92119	110紫物攻手鐲	ICON_BL_003_000		0	0	3		54	4	110	110	0	0	0	0	0	1024	1024	65536	0	5256		0	0	660	165	1		0		9052;9064;9098	0	0	0	0.00.0000	0.00.0000	0.00.0000	0.00.0000
92120	110紫防禦之鍊	ICON_NL_003_000		0	0	3		54	4	110	110	0	0	0	0	0	128	128	8192	0	5256		0	0	660	165	1		0		9052;9065;9096	0	0	0	0.00.0000	0.00.0000	0.00.0000	0.00.0000
92121	110紫防禦之戒	ICON_RN_003_000		0	0	3		54	4	110	110	0	0	0	0	0	256	256	32768	0	5256		0	0	660	165	1		0		9052;9065;9099	0	0	0	0.00.0000	0.00.0000	0.00.0000	0.00.0000
92122	110紫防禦護符	ICON_PL_003_000		0	0	3		54	4	110	110	0	0	0	0	0	512	512	16384	0	5256		0	0	660	165	1		0		9052;9065;9096	0	0	0	0.00.0000	0.00.0000	0.00.0000	0.00.0000
92123	110紫防禦手鐲	ICON_BL_003_000		0	0	3		54	4	110	110	0	0	0	0	0	1024	1024	65536	0	5256		0	0	660	165	1		0		9052;9065;9099	0	0	0	0.00.0000	0.00.0000	0.00.0000	0.00.0000
92124	110紫魔攻之鍊	ICON_NL_003_000		0	0	3		54	4	110	110	0	0	0	0	0	128	128	8192	0	5256		0	0	660	165	1		0		9052;9066;9097	0	0	0	0.00.0000	0.00.0000	0.00.0000	0.00.0000
92125	110紫魔攻之戒	ICON_RN_003_000		0	0	3		54	4	110	110	0	0	0	0	0	256	256	32768	0	5256		0	0	660	165	1		0		9052;9066;9100	0	0	0	0.00.0000	0.00.0000	0.00.0000	0.00.0000
92126	110紫魔攻護符	ICON_PL_003_000		0	0	3		54	4	110	110	0	0	0	0	0	512	512	16384	0	5256		0	0	660	165	1		0		9052;9066;9097	0	0	0	0.00.0000	0.00.0000	0.00.0000	0.00.0000
92127	110紫魔攻手鐲	ICON_BL_003_000		0	0	3		54	4	110	110	0	0	0	0	0	1024	1024	65536	0	5256		0	0	660	165	1		0		9052;9066;9100	0	0	0	0.00.0000	0.00.0000	0.00.0000	0.00.0000
92128	110紫劍	ICON_SWORD_005_001	SWORD	5	1	1		54	4	110	110	0	0	0	0	0	16384	16384	1	0	4168		0	0	660	165	1		0		9064;9084	0	0	0	0.00.0000	0.00.0000	0.00.0000	0.00.0000
92129	110紫鎚	ICON_SSTICK_005_004	SSTICK	5	4	1		54	4	110	110	0	0	0	0	0	8	8	2	0	4168		0	0	660	165	1		0		9065;9085	0	0	0	0.00.0000	0.00.0000	0.00.0000	0.00.0000
92130	110紫盾	ICON_SHIELD_005_004	SHIELD	5	4	1		54	4	110	110	0	0	0	0	0	16	16	4	0	4168		0	0	660	165	1		0		9065;9085	0	0	0	0.00.0000	0.00.0000	0.00.0000	0.00.0000
92131	110紫杖	ICON_LSTICK_005_003	LSTICK	5	3	1		54	4	110	110	0	0	0	0	0	8	24	64	0	4168		0	0	660	165	1		0		9066;9088	0	0	0	0.00.0000	0.00.0000	0.00.0000	0.00.0000
92132	110紫石	ICON_SKULL_005_001	SKULL	5	1	1		54	4	110	110	0	0	0	0	0	8	24	8	0	4168		0	0	660	165	1		0		9066;9086	0	0	0	0.00.0000	0.00.0000	0.00.0000	0.00.0000
92133	110紫槍	ICON_FIREARM_005_003	FIREARM	5	3	1		54	4	110	110	0	0	0	0	0	8	24	16	0	4168		0	0	660	165	1		0		9064;9087	0	0	0	0.00.0000	0.00.0000	0.00.0000	0.00.0000
92201	115紫物攻頭	ICON_HT_032_001	HT	32	1	2		54	4	115	115	0	0	0	0	0	1	1	256	0	5256		0	0	688	172	1		0		9052;9064;9089	0	0	0	0.00.0000	0.00.0000	0.00.0000	0.00.0000
92202	115紫物攻上身	ICON_CT_032_001	CT	32	1	2		54	4	115	115	0	0	0	0	0	2	2	512	1	5256		0	0	688	172	1		0		9052;9064;9092	0	0	0	0.00.0000	0.00.0000	0.00.0000	0.00.0000
92203	115紫物攻下身	ICON_LG_032_001	LG	32	1	2		54	4	115	115	0	0	0	0	0	4	4	1024	1	5256		0	0	688	172	1		0		9052;9064;9092	0	0	0	0.00.0000	0.00.0000	0.00.0000	0.00.0000
92204	115紫物攻手	ICON_GL_000_001		0	0	2		54	4	115	115	0	0	0	0	0	32	32	2048	0	5128		0	0	688	172	1		0		9052;9064;9092	0	0	0	0.00.0000	0.00.0000	0.00.0000	0.00.0000
92205	115紫物攻腳	ICON_BT_000_001		0	0	2		54	4	115	115	0	0	0	0	0	64	64	4096	0	5128		0	0	688	172	1		0		9052;9064;9092	0	0	0	0.00.0000	0.00.0000	0.00.0000	0.00.0000
92206	115紫防禦頭	ICON_HT_032_001	HT	32	1	2		54	4	115	115	0	0	0	0	0	1	1	256	1	5256		0	0	688	172	1		0		9052;9065;9090	0	0	0	0.00.0000	0.00.0000	0.00.0000	0.00.0000
92207	115紫防禦上身	ICON_CT_032_001	CT	32	1	2		54	4	115	115	0	0	0	0	0	2	2	512	1	5256		0	0	688	172	1		0		9052;9065;9093	0	0	0	0.00.0000	0.00.0000	0.00.0000	0.00.0000
92208	115紫防禦下身	ICON_LG_032_001	LG	32	1	2		54	4	115	115	0	0	0	0	0	4	4	1024	1	5256		0	0	688	172	1		0		9052;9065;9093	0	0	0	0.00.0000	0.00.0000	0.00.0000	0.00.0000
92209	115紫物攻手	ICON_GL_000_001		0	0	2		54	4	115	115	0	0	0	0	0	32	32	2048	0	5128		0	0	688	172	1		0		9052;9065;9093	0	0	0	0.00.0000	0.00.0000	0.00.0000	0.00.0000
92210	115紫物攻腳	ICON_BT_000_001		0	0	2		54	4	115	115	0	0	0	0	0	64	64	4096	0	5128		0	0	688	172	1		0		9052;9065;9093	0	0	0	0.00.0000	0.00.0000	0.00.0000	0.00.0000
92211	115紫魔攻頭	ICON_HT_032_001	HT	32	1	2		54	4	115	115	0	0	0	0	0	1	1	256	1	5256		0	0	688	172	1		0		9052;9066;9091	0	0	0	0.00.0000	0.00.0000	0.00.0000	0.00.0000
92212	115紫魔攻上身	ICON_CT_032_001	CT	32	1	2		54	4	115	115	0	0	0	0	0	2	2	512	1	5256		0	0	688	172	1		0		9052;9066;9094	0	0	0	0.00.0000	0.00.0000	0.00.0000	0.00.0000
92213	115紫魔攻下身	ICON_LG_032_001	LG	32	1	2		54	4	115	115	0	0	0	0	0	4	4	1024	1	5256		0	0	688	172	1		0		9052;9066;9094	0	0	0	0.00.0000	0.00.0000	0.00.0000	0.00.0000
92214	115紫物攻手	ICON_GL_000_001		0	0	2		54	4	115	115	0	0	0	0	0	32	32	2048	0	5128		0	0	688	172	1		0		9052;9066;9094	0	0	0	0.00.0000	0.00.0000	0.00.0000	0.00.0000
92215	115紫物攻腳	ICON_BT_000_001		0	0	2		54	4	115	115	0	0	0	0	0	64	64	4096	0	5128		0	0	688	172	1		0		9052;9066;9094	0	0	0	0.00.0000	0.00.0000	0.00.0000	0.00.0000
92216	115紫物攻之鍊	ICON_NL_003_000		0	0	3		54	4	115	115	0	0	0	0	0	128	128	8192	0	5256		0	0	688	172	1		0		9052;9064;9095	0	0	0	0.00.0000	0.00.0000	0.00.0000	0.00.0000
92217	115紫物攻之戒	ICON_RN_003_000		0	0	3		54	4	115	115	0	0	0	0	0	256	256	32768	0	5256		0	0	688	172	1		0		9052;9064;9098	0	0	0	0.00.0000	0.00.0000	0.00.0000	0.00.0000
92218	115紫物攻護符	ICON_PL_003_000		0	0	3		54	4	115	115	0	0	0	0	0	512	512	16384	0	5256		0	0	688	172	1		0		9052;9064;9095	0	0	0	0.00.0000	0.00.0000	0.00.0000	0.00.0000
92219	115紫物攻手鐲	ICON_BL_003_000		0	0	3		54	4	115	115	0	0	0	0	0	1024	1024	65536	0	5256		0	0	688	172	1		0		9052;9064;9098	0	0	0	0.00.0000	0.00.0000	0.00.0000	0.00.0000
92220	115紫防禦之鍊	ICON_NL_003_000		0	0	3		54	4	115	115	0	0	0	0	0	128	128	8192	0	5256		0	0	688	172	1		0		9052;9065;9096	0	0	0	0.00.0000	0.00.0000	0.00.0000	0.00.0000
92221	115紫防禦之戒	ICON_RN_003_000		0	0	3		54	4	115	115	0	0	0	0	0	256	256	32768	0	5256		0	0	688	172	1		0		9052;9065;9099	0	0	0	0.00.0000	0.00.0000	0.00.0000	0.00.0000
92222	115紫防禦護符	ICON_PL_003_000		0	0	3		54	4	115	115	0	0	0	0	0	512	512	16384	0	5256		0	0	688	172	1		0		9052;9065;9096	0	0	0	0.00.0000	0.00.0000	0.00.0000	0.00.0000
92223	115紫防禦手鐲	ICON_BL_003_000		0	0	3		54	4	115	115	0	0	0	0	0	1024	1024	65536	0	5256		0	0	688	172	1		0		9052;9065;9099	0	0	0	0.00.0000	0.00.0000	0.00.0000	0.00.0000
92224	115紫魔攻之鍊	ICON_NL_003_000		0	0	3		54	4	115	115	0	0	0	0	0	128	128	8192	0	5256		0	0	688	172	1		0		9052;9066;9097	0	0	0	0.00.0000	0.00.0000	0.00.0000	0.00.0000
92225	115紫魔攻之戒	ICON_RN_003_000		0	0	3		54	4	115	115	0	0	0	0	0	256	256	32768	0	5256		0	0	688	172	1		0		9052;9066;9100	0	0	0	0.00.0000	0.00.0000	0.00.0000	0.00.0000
92226	115紫魔攻護符	ICON_PL_003_000		0	0	3		54	4	115	115	0	0	0	0	0	512	512	16384	0	5256		0	0	688	172	1		0		9052;9066;9097	0	0	0	0.00.0000	0.00.0000	0.00.0000	0.00.0000
92227	115紫魔攻手鐲	ICON_BL_003_000		0	0	3		54	4	115	115	0	0	0	0	0	1024	1024	65536	0	5256		0	0	688	172	1		0		9052;9066;9100	0	0	0	0.00.0000	0.00.0000	0.00.0000	0.00.0000
92228	115紫劍	ICON_SWORD_005_001	SWORD	5	1	1		54	4	115	115	0	0	0	0	0	16384	16384	1	0	4168		0	0	688	172	1		0		9064;9084	0	0	0	0.00.0000	0.00.0000	0.00.0000	0.00.0000
92229	115紫鎚	ICON_SSTICK_005_004	SSTICK	5	4	1		54	4	115	115	0	0	0	0	0	8	8	2	0	4168		0	0	688	172	1		0		9065;9085	0	0	0	0.00.0000	0.00.0000	0.00.0000	0.00.0000
92230	115紫盾	ICON_SHIELD_005_004	SHIELD	5	4	1		54	4	115	115	0	0	0	0	0	16	16	4	0	4168		0	0	688	172	1		0		9065;9085	0	0	0	0.00.0000	0.00.0000	0.00.0000	0.00.0000
92231	115紫杖	ICON_LSTICK_005_003	LSTICK	5	3	1		54	4	115	115	0	0	0	0	0	8	24	64	0	4168		0	0	688	172	1		0		9066;9088	0	0	0	0.00.0000	0.00.0000	0.00.0000	0.00.0000
92232	115紫石	ICON_SKULL_005_001	SKULL	5	1	1		54	4	115	115	0	0	0	0	0	8	24	8	0	4168		0	0	688	172	1		0		9066;9086	0	0	0	0.00.0000	0.00.0000	0.00.0000	0.00.0000
92233	115紫槍	ICON_FIREARM_005_003	FIREARM	5	3	1		54	4	115	115	0	0	0	0	0	8	24	16	0	4168		0	0	688	172	1		0		9064;9087	0	0	0	0.00.0000	0.00.0000	0.00.0000	0.00.0000
