n_ID	f_DROPS_RATE	n_NUMBER_MIN	n_NUMBER_MAX	n_ITEM_1	n_WEIGHT_1	n_ITEM_2	n_WEIGHT_2	n_ITEM_3	n_WEIGHT_3	n_ITEM_4	n_WEIGHT_4	n_ITEM_5	n_WEIGHT_5	n_ITEM_6	n_WEIGHT_6	n_ITEM_7	n_WEIGHT_7	n_ITEM_8	n_WEIGHT_8	n_ITEM_9	n_WEIGHT_9	n_ITEM_10	n_WEIGHT_10	n_ITEM_11	n_WEIGHT_11	n_ITEM_12	n_WEIGHT_12	n_ITEM_13	n_WEIGHT_13	n_ITEM_14	n_WEIGHT_14	n_ITEM_15	n_WEIGHT_15	n_ITEM_16	n_WEIGHT_16	n_ITEM_17	n_WEIGHT_17	n_ITEM_18	n_WEIGHT_18	n_ITEM_19	n_WEIGHT_19	n_ITEM_20	n_WEIGHT_20	n_ITEM_21	n_WEIGHT_21	n_ITEM_22	n_WEIGHT_22	n_ITEM_23	n_WEIGHT_23	n_ITEM_24	n_WEIGHT_24	n_ITEM_25	n_WEIGHT_25	n_ITEM_26	n_WEIGHT_26	n_ITEM_27	n_WEIGHT_27	n_ITEM_28	n_WEIGHT_28	n_ITEM_29	n_WEIGHT_29	n_ITEM_30	n_WEIGHT_30
1	100.0	1	3	2600041	15	2600042	40	2600043	45	0	0	0	0	0	0	0	0	0	0	0	0	0	0	0	0	0	0	0	0	0	0	0	0	0	0	0	0	0	0	0	0	0	0	0	0	0	0	0	0	0	0	0	0	0	0	0	0	0	0	0	0	0	0
2	100.0	2	3	2600041	15	2600042	40	2600043	45	0	0	0	0	0	0	0	0	0	0	0	0	0	0	0	0	0	0	0	0	0	0	0	0	0	0	0	0	0	0	0	0	0	0	0	0	0	0	0	0	0	0	0	0	0	0	0	0	0	0	0	0	0	0
3	100.0	1	1	2400101	100	2400106	100	2400111	100	2400116	100	2400121	100	2400126	100	2400131	100	2400136	100	2400141	100	2400146	100	2400151	100	2400156	100	2400161	100	2400166	100	2400171	100	2400176	100	2400181	100	2400186	100	2400191	100	2400196	100	0	0	0	0	0	0	0	0	0	0	0	0	0	0	0	0	0	0	0	0
4	100.0	1	1	2400102	100	2400107	100	2400112	100	2400117	100	2400122	100	2400127	100	2400132	100	2400137	100	2400142	100	2400147	100	2400152	100	2400157	100	2400162	100	2400167	100	2400172	100	2400177	100	2400182	100	2400187	100	2400192	100	2400197	100	0	0	0	0	0	0	0	0	0	0	0	0	0	0	0	0	0	0	0	0
5	100.0	1	1	2400103	100	2400108	100	2400113	100	2400118	100	2400123	100	2400128	100	2400133	100	2400138	100	2400143	100	2400148	100	2400153	100	2400158	100	2400163	100	2400168	100	2400173	100	2400178	100	2400183	100	2400188	100	2400193	100	2400198	100	0	0	0	0	0	0	0	0	0	0	0	0	0	0	0	0	0	0	0	0
6	100.0	1	1	2400104	100	2400109	100	2400114	100	2400119	100	2400124	100	2400129	100	2400134	100	2400139	100	2400144	100	2400149	100	2400154	100	2400159	100	2400164	100	2400169	100	2400174	100	2400179	100	2400184	100	2400189	100	2400194	100	2400199	100	0	0	0	0	0	0	0	0	0	0	0	0	0	0	0	0	0	0	0	0
7	100.0	1	1	2400105	100	2400110	100	2400115	100	2400120	100	2400125	100	2400130	100	2400135	100	2400140	100	2400145	100	2400150	100	2400155	100	2400160	100	2400165	100	2400170	100	2400175	100	2400180	100	2400185	100	2400190	100	2400195	100	2400200	100	0	0	0	0	0	0	0	0	0	0	0	0	0	0	0	0	0	0	0	0
8	100.0	1	1	0	100	0	100	0	100	0	100	0	75	0	75	0	75	0	75	0	0	0	0	0	0	0	0	0	0	0	0	0	0	0	0	0	0	0	0	0	0	0	0	0	0	0	0	0	0	0	0	0	0	0	0	0	0	0	0	0	0	0	0
9	100.0	1	1	2405512	100	2405513	100	2405514	100	2405515	100	2405516	75	2405517	75	2405518	75	2405519	75	2405520	75	0	0	0	0	0	0	0	0	0	0	0	0	0	0	0	0	0	0	0	0	0	0	0	0	0	0	0	0	0	0	0	0	0	0	0	0	0	0	0	0	0	0
10	100.0	1	1	2405523	100	2405524	100	2405525	100	2405526	100	2405527	75	2405528	75	2405529	75	2405530	75	2405531	75	0	0	0	0	0	0	0	0	0	0	0	0	0	0	0	0	0	0	0	0	0	0	0	0	0	0	0	0	0	0	0	0	0	0	0	0	0	0	0	0	0	0
11	100.0	1	1	2405534	100	2405535	100	2405536	100	2405537	100	2405538	75	2405539	75	2405540	75	2405541	75	2405542	75	0	0	0	0	0	0	0	0	0	0	0	0	0	0	0	0	0	0	0	0	0	0	0	0	0	0	0	0	0	0	0	0	0	0	0	0	0	0	0	0	0	0
12	100.0	1	1	2405545	100	2405546	100	2405547	100	2405548	100	2405549	75	2405550	75	2405551	75	2405552	75	2405553	75	0	0	0	0	0	0	0	0	0	0	0	0	0	0	0	0	0	0	0	0	0	0	0	0	0	0	0	0	0	0	0	0	0	0	0	0	0	0	0	0	0	0
13	100.0	1	1	2416005	15	2416015	15	2416017	15	2416020	40	2416031	5	0	0	0	0	0	0	0	0	0	0	0	0	0	0	0	0	0	0	0	0	0	0	0	0	0	0	0	0	0	0	0	0	0	0	0	0	0	0	0	0	0	0	0	0	0	0	0	0	0	0
14	100.0	1	1	2416003	10	2416007	30	2416018	40	2416019	15	2416033	5	0	0	0	0	0	0	0	0	0	0	0	0	0	0	0	0	0	0	0	0	0	0	0	0	0	0	0	0	0	0	0	0	0	0	0	0	0	0	0	0	0	0	0	0	0	0	0	0	0	0
15	100.0	1	1	2416004	10	2416009	30	2416014	15	2416023	40	2416035	5	0	0	0	0	0	0	0	0	0	0	0	0	0	0	0	0	0	0	0	0	0	0	0	0	0	0	0	0	0	0	0	0	0	0	0	0	0	0	0	0	0	0	0	0	0	0	0	0	0	0
16	100.0	1	1	2416006	15	2416010	40	2416013	30	2416024	10	2416036	5	0	0	0	0	0	0	0	0	0	0	0	0	0	0	0	0	0	0	0	0	0	0	0	0	0	0	0	0	0	0	0	0	0	0	0	0	0	0	0	0	0	0	0	0	0	0	0	0	0	0
17	100.0	1	1	2416074	40	2416080	30	2416088	10	2416098	15	2416104	5	0	0	0	0	0	0	0	0	0	0	0	0	0	0	0	0	0	0	0	0	0	0	0	0	0	0	0	0	0	0	0	0	0	0	0	0	0	0	0	0	0	0	0	0	0	0	0	0	0	0
18	100.0	1	1	2416076	10	2416082	40	2416092	15	2416102	30	2416106	5	0	0	0	0	0	0	0	0	0	0	0	0	0	0	0	0	0	0	0	0	0	0	0	0	0	0	0	0	0	0	0	0	0	0	0	0	0	0	0	0	0	0	0	0	0	0	0	0	0	0
19	100.0	1	1	2416078	30	2416084	15	2416090	40	2416099	10	2416107	5	0	0	0	0	0	0	0	0	0	0	0	0	0	0	0	0	0	0	0	0	0	0	0	0	0	0	0	0	0	0	0	0	0	0	0	0	0	0	0	0	0	0	0	0	0	0	0	0	0	0
20	100.0	1	1	2416079	40	2416085	10	2416089	30	2416101	15	2416108	5	0	0	0	0	0	0	0	0	0	0	0	0	0	0	0	0	0	0	0	0	0	0	0	0	0	0	0	0	0	0	0	0	0	0	0	0	0	0	0	0	0	0	0	0	0	0	0	0	0	0
21	100.0	1	1	2416109	40	2416117	30	2416122	10	2416133	15	2416139	5	0	0	0	0	0	0	0	0	0	0	0	0	0	0	0	0	0	0	0	0	0	0	0	0	0	0	0	0	0	0	0	0	0	0	0	0	0	0	0	0	0	0	0	0	0	0	0	0	0	0
22	100.0	1	1	2416111	10	2416121	40	2416124	15	2416137	30	2416141	5	0	0	0	0	0	0	0	0	0	0	0	0	0	0	0	0	0	0	0	0	0	0	0	0	0	0	0	0	0	0	0	0	0	0	0	0	0	0	0	0	0	0	0	0	0	0	0	0	0	0
23	100.0	1	1	2416113	30	2416119	15	2416126	40	2416134	10	2416142	5	0	0	0	0	0	0	0	0	0	0	0	0	0	0	0	0	0	0	0	0	0	0	0	0	0	0	0	0	0	0	0	0	0	0	0	0	0	0	0	0	0	0	0	0	0	0	0	0	0	0
24	100.0	1	1	2416114	40	2416118	10	2416127	30	2416136	15	2416143	5	0	0	0	0	0	0	0	0	0	0	0	0	0	0	0	0	0	0	0	0	0	0	0	0	0	0	0	0	0	0	0	0	0	0	0	0	0	0	0	0	0	0	0	0	0	0	0	0	0	0
25	100.0	1	1	2416181	30	2416187	40	2416198	5	2416203	15	2416209	10	0	0	0	0	0	0	0	0	0	0	0	0	0	0	0	0	0	0	0	0	0	0	0	0	0	0	0	0	0	0	0	0	0	0	0	0	0	0	0	0	0	0	0	0	0	0	0	0	0	0
26	100.0	1	1	2416183	10	2416185	30	2416200	5	2416205	40	2416212	15	0	0	0	0	0	0	0	0	0	0	0	0	0	0	0	0	0	0	0	0	0	0	0	0	0	0	0	0	0	0	0	0	0	0	0	0	0	0	0	0	0	0	0	0	0	0	0	0	0	0
27	100.0	1	1	2416182	40	2416189	15	2416202	5	2416207	10	2416213	30	0	0	0	0	0	0	0	0	0	0	0	0	0	0	0	0	0	0	0	0	0	0	0	0	0	0	0	0	0	0	0	0	0	0	0	0	0	0	0	0	0	0	0	0	0	0	0	0	0	0
28	100.0	1	1	2416184	15	2416188	40	2416199	5	2416204	10	2416211	30	0	0	0	0	0	0	0	0	0	0	0	0	0	0	0	0	0	0	0	0	0	0	0	0	0	0	0	0	0	0	0	0	0	0	0	0	0	0	0	0	0	0	0	0	0	0	0	0	0	0
29	100.0	1	1	2416160	25	2416147	20	2416151	30	2416156	20	2416174	5	0	0	0	0	0	0	0	0	0	0	0	0	0	0	0	0	0	0	0	0	0	0	0	0	0	0	0	0	0	0	0	0	0	0	0	0	0	0	0	0	0	0	0	0	0	0	0	0	0	0
30	100.0	1	1	2416146	15	2416153	40	2416159	10	2416165	30	2416176	5	0	0	0	0	0	0	0	0	0	0	0	0	0	0	0	0	0	0	0	0	0	0	0	0	0	0	0	0	0	0	0	0	0	0	0	0	0	0	0	0	0	0	0	0	0	0	0	0	0	0
31	100.0	1	1	2416148	30	2416155	10	2416161	15	2416166	40	2416177	5	0	0	0	0	0	0	0	0	0	0	0	0	0	0	0	0	0	0	0	0	0	0	0	0	0	0	0	0	0	0	0	0	0	0	0	0	0	0	0	0	0	0	0	0	0	0	0	0	0	0
32	100.0	1	1	2416149	30	2416154	40	2416158	10	2416164	15	2416178	5	0	0	0	0	0	0	0	0	0	0	0	0	0	0	0	0	0	0	0	0	0	0	0	0	0	0	0	0	0	0	0	0	0	0	0	0	0	0	0	0	0	0	0	0	0	0	0	0	0	0
33	100.0	1	1	2416039	40	2416049	30	2416055	10	2416061	15	2416073	5	0	0	0	0	0	0	0	0	0	0	0	0	0	0	0	0	0	0	0	0	0	0	0	0	0	0	0	0	0	0	0	0	0	0	0	0	0	0	0	0	0	0	0	0	0	0	0	0	0	0
34	100.0	1	1	2416038	10	2416045	15	2416051	40	2416057	30	2416069	5	0	0	0	0	0	0	0	0	0	0	0	0	0	0	0	0	0	0	0	0	0	0	0	0	0	0	0	0	0	0	0	0	0	0	0	0	0	0	0	0	0	0	0	0	0	0	0	0	0	0
35	100.0	1	1	2416040	40	2416047	10	2416053	30	2416059	15	2416071	5	0	0	0	0	0	0	0	0	0	0	0	0	0	0	0	0	0	0	0	0	0	0	0	0	0	0	0	0	0	0	0	0	0	0	0	0	0	0	0	0	0	0	0	0	0	0	0	0	0	0
36	100.0	1	1	2416042	40	2416046	10	2416052	30	2416060	15	2416072	5	0	0	0	0	0	0	0	0	0	0	0	0	0	0	0	0	0	0	0	0	0	0	0	0	0	0	0	0	0	0	0	0	0	0	0	0	0	0	0	0	0	0	0	0	0	0	0	0	0	0
37	100.0	1	1	2407501	30	2407506	30	2407510	30	2407514	10	2600562	50	0	0	0	0	0	0	0	0	0	0	0	0	0	0	0	0	0	0	0	0	0	0	0	0	0	0	0	0	0	0	0	0	0	0	0	0	0	0	0	0	0	0	0	0	0	0	0	0	0	0
38	100.0	1	1	2407502	30	2407507	30	2407511	30	2407515	10	2600562	50	0	0	0	0	0	0	0	0	0	0	0	0	0	0	0	0	0	0	0	0	0	0	0	0	0	0	0	0	0	0	0	0	0	0	0	0	0	0	0	0	0	0	0	0	0	0	0	0	0	0
39	100.0	1	1	2407503	25	2407508	25	2407512	25	2407516	15	2407519	10	2600562	50	0	0	0	0	0	0	0	0	0	0	0	0	0	0	0	0	0	0	0	0	0	0	0	0	0	0	0	0	0	0	0	0	0	0	0	0	0	0	0	0	0	0	0	0	0	0	0	0
40	100.0	1	1	2407504	25	2407505	25	2407509	25	2407513	15	2407517	10	2407518	10	2600562	50	0	0	0	0	0	0	0	0	0	0	0	0	0	0	0	0	0	0	0	0	0	0	0	0	0	0	0	0	0	0	0	0	0	0	0	0	0	0	0	0	0	0	0	0	0	0
41	100.0	1	1	2602001	20	2602002	20	2602003	20	2602004	20	2602005	20	0	0	0	0	0	0	0	0	0	0	0	0	0	0	0	0	0	0	0	0	0	0	0	0	0	0	0	0	0	0	0	0	0	0	0	0	0	0	0	0	0	0	0	0	0	0	0	0	0	0
42	100.0	1	1	2602006	20	2602007	20	2602008	20	2602009	20	2602010	20	0	0	0	0	0	0	0	0	0	0	0	0	0	0	0	0	0	0	0	0	0	0	0	0	0	0	0	0	0	0	0	0	0	0	0	0	0	0	0	0	0	0	0	0	0	0	0	0	0	0
43	100.0	1	1	2602011	20	2602012	20	2602013	20	2602014	20	2602015	20	0	0	0	0	0	0	0	0	0	0	0	0	0	0	0	0	0	0	0	0	0	0	0	0	0	0	0	0	0	0	0	0	0	0	0	0	0	0	0	0	0	0	0	0	0	0	0	0	0	0
44	100.0	1	1	2602016	20	2602017	20	2602018	20	2602019	20	2602020	20	0	0	0	0	0	0	0	0	0	0	0	0	0	0	0	0	0	0	0	0	0	0	0	0	0	0	0	0	0	0	0	0	0	0	0	0	0	0	0	0	0	0	0	0	0	0	0	0	0	0
45	100.0	1	1	2602021	20	2602022	20	2602023	20	2602024	20	2602025	20	0	0	0	0	0	0	0	0	0	0	0	0	0	0	0	0	0	0	0	0	0	0	0	0	0	0	0	0	0	0	0	0	0	0	0	0	0	0	0	0	0	0	0	0	0	0	0	0	0	0
46	100.0	1	1	2602026	20	2602027	20	2602028	20	2602029	20	2602030	20	0	0	0	0	0	0	0	0	0	0	0	0	0	0	0	0	0	0	0	0	0	0	0	0	0	0	0	0	0	0	0	0	0	0	0	0	0	0	0	0	0	0	0	0	0	0	0	0	0	0
47	100.0	1	1	2602031	20	2602032	20	2602033	20	2602034	20	2602035	20	0	0	0	0	0	0	0	0	0	0	0	0	0	0	0	0	0	0	0	0	0	0	0	0	0	0	0	0	0	0	0	0	0	0	0	0	0	0	0	0	0	0	0	0	0	0	0	0	0	0
48	100.0	1	1	2602036	20	2602037	20	2602038	20	2602039	20	2602040	20	0	0	0	0	0	0	0	0	0	0	0	0	0	0	0	0	0	0	0	0	0	0	0	0	0	0	0	0	0	0	0	0	0	0	0	0	0	0	0	0	0	0	0	0	0	0	0	0	0	0
49	100.0	1	1	2602041	20	2602042	20	2602043	20	2602044	20	2602045	20	0	0	0	0	0	0	0	0	0	0	0	0	0	0	0	0	0	0	0	0	0	0	0	0	0	0	0	0	0	0	0	0	0	0	0	0	0	0	0	0	0	0	0	0	0	0	0	0	0	0
50	100.0	1	1	2602046	20	2602047	20	2602048	20	2602049	20	2602050	20	0	0	0	0	0	0	0	0	0	0	0	0	0	0	0	0	0	0	0	0	0	0	0	0	0	0	0	0	0	0	0	0	0	0	0	0	0	0	0	0	0	0	0	0	0	0	0	0	0	0
51	100.0	1	1	2602051	20	2602052	20	2602053	20	2602054	20	2602055	20	0	0	0	0	0	0	0	0	0	0	0	0	0	0	0	0	0	0	0	0	0	0	0	0	0	0	0	0	0	0	0	0	0	0	0	0	0	0	0	0	0	0	0	0	0	0	0	0	0	0
52	100.0	1	1	2602056	20	2602057	20	2602058	20	2602059	20	2602060	20	0	0	0	0	0	0	0	0	0	0	0	0	0	0	0	0	0	0	0	0	0	0	0	0	0	0	0	0	0	0	0	0	0	0	0	0	0	0	0	0	0	0	0	0	0	0	0	0	0	0
53	100.0	1	1	2602061	20	2602062	20	2602063	20	2602064	20	2602065	20	0	0	0	0	0	0	0	0	0	0	0	0	0	0	0	0	0	0	0	0	0	0	0	0	0	0	0	0	0	0	0	0	0	0	0	0	0	0	0	0	0	0	0	0	0	0	0	0	0	0
54	100.0	1	1	2602066	20	2602067	20	2602068	20	2602069	20	2602070	20	0	0	0	0	0	0	0	0	0	0	0	0	0	0	0	0	0	0	0	0	0	0	0	0	0	0	0	0	0	0	0	0	0	0	0	0	0	0	0	0	0	0	0	0	0	0	0	0	0	0
55	100.0	1	3	2414086	1	2414042	2	3510001	20	3510002	10	3510004	10	0	0	0	0	0	0	2414001	10	2414028	10	2600020	10	0	0	0	0	0	0	0	0	0	0	0	0	0	0	0	0	0	0	0	0	0	0	0	0	0	0	0	0	0	0	0	0	0	0	0	0	0	0
56	100.0	1	3	2413040	1	2414086	1	2415003	1	3510001	15	3510002	10	3510004	10	2600515	10	2600516	10	2600517	10	2414036	10	2414011	10	2600020	10	0	0	0	0	0	0	0	0	0	0	0	0	0	0	0	0	0	0	0	0	0	0	0	0	0	0	0	0	0	0	0	0	0	0	0	0
57	100.0	1	3	2413030	2	2414087	3	2400063	20	3510101	15	3510004	0	0	0	0	0	0	0	2414001	15	2414006	15	2414011	15	2414023	15	0	0	0	0	0	0	0	0	0	0	0	0	0	0	0	0	0	0	0	0	0	0	0	0	0	0	0	0	0	0	0	0	0	0	0	0
58	100.0	1	1	2413024	1	2414042	2	2414012	20	2414033	20	2414056	20	2414062	20	2414040	20	0	0	0	0	0	0	0	0	0	0	0	0	0	0	0	0	0	0	0	0	0	0	0	0	0	0	0	0	0	0	0	0	0	0	0	0	0	0	0	0	0	0	0	0	0	0
59	100.0	1	2	2205810	1	2205811	1	2205812	1	2205813	1	2205814	1	3510001	10	3510002	10	3510004	10	0	0	0	0	0	0	2600095	10	0	0	0	0	0	0	0	0	0	0	0	0	0	0	0	0	0	0	0	0	0	0	0	0	0	0	0	0	0	0	0	0	0	0	0	0
60	100.0	1	2	2205815	1	2205816	1	2205817	1	2205818	1	2205819	1	3510002	10	3510003	10	3510004	10	0	0	0	0	0	0	2600095	10	0	0	0	0	0	0	0	0	0	0	0	0	0	0	0	0	0	0	0	0	0	0	0	0	0	0	0	0	0	0	0	0	0	0	0	0
61	100.0	1	2	2205820	2	2205821	2	2205822	2	2205823	2	2205824	2	3510003	30	3510101	20	3510004	0	0	0	0	0	0	0	2600095	40	0	0	0	0	0	0	0	0	0	0	0	0	0	0	0	0	0	0	0	0	0	0	0	0	0	0	0	0	0	0	0	0	0	0	0	0
62	100.0	1	2	2204010	1	2204011	1	2204012	1	2204013	1	2204014	1	2204210	1	2204211	1	2204212	1	2204213	1	2204214	1	2204410	1	2204411	1	2204412	1	2204413	1	2204414	1	2204606	1	2204607	1	2204608	1	2204609	1	2204610	1	2204806	1	2204807	1	2204808	1	2204809	1	2204810	1	3510003	20	3510101	15	2410178	5	2410179	5	2410180	5
63	100.0	1	2	2204015	1	2204016	1	2204017	1	2204018	1	2204019	1	2204215	1	2204216	1	2204217	1	2204218	1	2204219	1	2204415	1	2204416	1	2204417	1	2204418	1	2204419	1	2204611	1	2204612	1	2204613	1	2204614	1	2204615	1	2204811	1	2204812	1	2204813	1	2204814	1	2204815	1	3510003	20	3510101	15	2410172	5	2410173	5	2410174	5
64	100.0	1	2	2204020	1	2204021	1	2204022	1	2204023	1	2204024	1	2204220	1	2204221	1	2204222	1	2204223	1	2204224	1	2204420	1	2204421	1	2204422	1	2204423	1	2204424	1	2204616	1	2204617	1	2204618	1	2204619	1	2204620	1	2204816	1	2204817	1	2204818	1	2204819	1	2204820	1	3510003	20	3510101	15	2410175	5	2410176	5	2410177	5
65	100.0	1	1	2205006	1	2205007	1	2205008	1	2205009	1	2205010	1	2205206	1	2205207	1	2205208	1	2205209	1	2205210	1	2205406	1	2205407	1	2205408	1	2205409	1	2205410	1	2205606	1	2205607	1	2205608	1	2205609	1	2205610	1	3510001	0	3510002	0	3510004	0	0	0	0	0	0	0	0	0	0	0	0	0	0	0
66	100.0	1	1	2205011	1	2205012	1	2205013	1	2205014	1	2205015	1	2205211	1	2205212	1	2205213	1	2205214	1	2205215	1	2205411	1	2205412	1	2205413	1	2205414	1	2205415	1	2205611	1	2205612	1	2205613	1	2205614	1	2205615	1	3510001	0	3510002	0	3510004	0	0	0	0	0	0	0	0	0	0	0	0	0	0	0
67	100.0	1	3	2415004	1	3510004	10	3510005	5	0	0	3510007	5	3510008	5	3520001	5	3520002	5	3520003	5	3520004	5	3520005	5	3520006	5	3520007	5	0	0	3520009	5	3520010	5	3520011	5	3520013	5	3520014	5	3520015	5	3520016	5	3520017	5	0	0	0	0	0	0	0	0	0	0	0	0	0	0	0	0
68	100.0	1	1	2410052	5	2410053	5	2410054	5	3520001	5	3520002	5	2400093	5	2400092	10	2400091	15	2405558	5	2405557	10	0	15	2400007	20	2400017	20	2400027	20	2401016	10	2401015	15	2401014	20	2600095	5	2600005	25	2600061	20	0	0	0	0	0	0	0	0	0	0	0	0	0	0	0	0	0	0	0	0
69	100.0	1	1	2605511	20	2605512	20	2605513	20	2605514	20	2605515	20	0	0	0	0	0	0	0	0	0	0	0	0	0	0	0	0	0	0	0	0	0	0	0	0	0	0	0	0	0	0	0	0	0	0	0	0	0	0	0	0	0	0	0	0	0	0	0	0	0	0
70	100.0	1	1	2480022	20	2480025	20	2480028	20	2480031	20	2480034	20	0	0	0	0	0	0	0	0	0	0	0	0	0	0	0	0	0	0	0	0	0	0	0	0	0	0	0	0	0	0	0	0	0	0	0	0	0	0	0	0	0	0	0	0	0	0	0	0	0	0
71	100.0	1	1	2480023	20	2480026	20	2480029	20	2480032	20	2480035	20	0	0	0	0	0	0	0	0	0	0	0	0	0	0	0	0	0	0	0	0	0	0	0	0	0	0	0	0	0	0	0	0	0	0	0	0	0	0	0	0	0	0	0	0	0	0	0	0	0	0
72	100.0	1	1	2480024	20	2480027	20	2480030	20	2480033	20	2480036	20	0	0	0	0	0	0	0	0	0	0	0	0	0	0	0	0	0	0	0	0	0	0	0	0	0	0	0	0	0	0	0	0	0	0	0	0	0	0	0	0	0	0	0	0	0	0	0	0	0	0
73	100.0	2	3	3510004	10	3510005	5	0	0	3510007	5	3510008	5	3520001	1	3520002	1	3520003	1	3520004	0	3520005	0	3520006	0	3520007	5	0	0	3520009	5	3520010	1	3520011	5	3520013	1	3520014	0	3520015	5	3520016	5	3520017	10	2601303	15	2601302	20	0	0	0	0	0	0	0	0	0	0	0	0	0	0
74	100.0	1	2	2401163	50	2401263	50	0	0	0	0	0	0	0	0	0	0	0	0	0	0	0	0	0	0	0	0	0	0	0	0	0	0	0	0	0	0	0	0	0	0	0	0	0	0	0	0	0	0	0	0	0	0	0	0	0	0	0	0	0	0	0	0
75	100.0	1	2	2401164	50	2401264	50	0	0	0	0	0	0	0	0	0	0	0	0	0	0	0	0	0	0	0	0	0	0	0	0	0	0	0	0	0	0	0	0	0	0	0	0	0	0	0	0	0	0	0	0	0	0	0	0	0	0	0	0	0	0	0	0
76	100.0	1	2	2401165	50	2401265	50	0	0	0	0	0	0	0	0	0	0	0	0	0	0	0	0	0	0	0	0	0	0	0	0	0	0	0	0	0	0	0	0	0	0	0	0	0	0	0	0	0	0	0	0	0	0	0	0	0	0	0	0	0	0	0	0
77	100.0	1	2	2401166	50	2401266	50	0	0	0	0	0	0	0	0	0	0	0	0	0	0	0	0	0	0	0	0	0	0	0	0	0	0	0	0	0	0	0	0	0	0	0	0	0	0	0	0	0	0	0	0	0	0	0	0	0	0	0	0	0	0	0	0
78	100.0	1	2	2401167	50	2401267	50	0	0	0	0	0	0	0	0	0	0	0	0	0	0	0	0	0	0	0	0	0	0	0	0	0	0	0	0	0	0	0	0	0	0	0	0	0	0	0	0	0	0	0	0	0	0	0	0	0	0	0	0	0	0	0	0
79	100.0	1	2	2401168	50	2401268	50	0	0	0	0	0	0	0	0	0	0	0	0	0	0	0	0	0	0	0	0	0	0	0	0	0	0	0	0	0	0	0	0	0	0	0	0	0	0	0	0	0	0	0	0	0	0	0	0	0	0	0	0	0	0	0	0
80	100.0	1	2	2401169	50	2401269	50	0	0	0	0	0	0	0	0	0	0	0	0	0	0	0	0	0	0	0	0	0	0	0	0	0	0	0	0	0	0	0	0	0	0	0	0	0	0	0	0	0	0	0	0	0	0	0	0	0	0	0	0	0	0	0	0
81	100.0	1	2	2401170	50	2401270	50	0	0	0	0	0	0	0	0	0	0	0	0	0	0	0	0	0	0	0	0	0	0	0	0	0	0	0	0	0	0	0	0	0	0	0	0	0	0	0	0	0	0	0	0	0	0	0	0	0	0	0	0	0	0	0	0
82	100.0	1	2	2401171	50	2401271	50	0	0	0	0	0	0	0	0	0	0	0	0	0	0	0	0	0	0	0	0	0	0	0	0	0	0	0	0	0	0	0	0	0	0	0	0	0	0	0	0	0	0	0	0	0	0	0	0	0	0	0	0	0	0	0	0
83	100.0	1	2	2401172	50	2401272	50	0	0	0	0	0	0	0	0	0	0	0	0	0	0	0	0	0	0	0	0	0	0	0	0	0	0	0	0	0	0	0	0	0	0	0	0	0	0	0	0	0	0	0	0	0	0	0	0	0	0	0	0	0	0	0	0
84	100.0	1	2	2401173	50	2401273	50	0	0	0	0	0	0	0	0	0	0	0	0	0	0	0	0	0	0	0	0	0	0	0	0	0	0	0	0	0	0	0	0	0	0	0	0	0	0	0	0	0	0	0	0	0	0	0	0	0	0	0	0	0	0	0	0
85	100.0	1	2	2401174	50	2401274	50	0	0	0	0	0	0	0	0	0	0	0	0	0	0	0	0	0	0	0	0	0	0	0	0	0	0	0	0	0	0	0	0	0	0	0	0	0	0	0	0	0	0	0	0	0	0	0	0	0	0	0	0	0	0	0	0
86	100.0	1	1	2410007	20	2410008	20	2410009	20	2410046	20	2410047	20	2410048	20	2410106	20	2410107	20	2410108	20	2410091	20	2410092	20	2410093	20	2410016	20	2410017	20	2410018	20	0	0	0	0	0	0	0	0	0	0	0	0	0	0	0	0	0	0	0	0	0	0	0	0	0	0	0	0	0	0
87	100.0	1	1	2410049	20	2410050	20	2410051	20	2410064	20	2410065	20	2410066	20	2410112	20	2410113	20	2410114	20	2410097	20	2410098	20	2410099	20	2410121	20	2410122	20	2410123	20	0	0	0	0	0	0	0	0	0	0	0	0	0	0	0	0	0	0	0	0	0	0	0	0	0	0	0	0	0	0
88	100.0	1	1	2410088	20	2410089	20	2410090	20	2410031	20	2410032	20	2410033	20	2410010	20	2410011	20	2410011	20	2410022	20	2410023	20	2410024	20	2410043	20	2410044	20	2410045	20	0	20	0	20	0	20	0	0	0	0	0	0	0	0	0	0	0	0	0	0	0	0	0	0	0	0	0	0	0	0
89	100.0	1	1	2410001	20	2410002	20	2410003	20	2410013	20	2410014	20	2410015	20	2410025	20	2410026	20	2410027	20	2410037	20	2410038	20	2410039	20	2410082	20	2410083	20	2410084	20	0	20	0	20	0	20	0	0	0	0	0	0	0	0	0	0	0	0	0	0	0	0	0	0	0	0	0	0	0	0
90	100.0	1	1	2410085	20	2410086	20	2410087	20	2410004	20	2410005	20	2410006	20	2410019	20	2410020	20	2410021	20	2410028	20	2410029	20	2410030	20	2410040	20	2410041	20	2410042	20	0	20	0	20	0	20	0	0	0	0	0	0	0	0	0	0	0	0	0	0	0	0	0	0	0	0	0	0	0	0
91	100.0	1	1	0	20	2605521	20	2605522	20	2605523	20	2605524	20	2605525	20	2605526	20	2605527	20	2605528	20	2605529	20	2605530	20	2605531	20	2605532	20	2605533	20	2605538	20	2605539	20	0	0	0	0	0	0	0	0	0	0	0	0	0	0	0	0	0	0	0	0	0	0	0	0	0	0	0	0
92	100.0	1	1	2601136	20	2601137	20	2601138	20	2601139	20	2601140	20	2601141	10	0	0	0	0	0	0	0	0	0	0	0	0	0	0	0	0	0	0	0	0	0	0	0	0	0	0	0	0	0	0	0	0	0	0	0	0	0	0	0	0	0	0	0	0	0	0	0	0
93	100.0	1	1	2412502	5	2414088	10	2414089	20	2400925	50	2400926	40	2400927	30	2405113	70	0	0	0	0	0	0	0	0	0	0	0	0	0	0	0	0	0	0	0	0	0	0	0	0	0	0	0	0	0	0	0	0	0	0	0	0	0	0	0	0	0	0	0	0	0	0
94	100.0	1	1	2600537	20	2600538	20	2600539	20	2600540	20	2600541	20	0	0	0	0	0	0	0	0	0	0	0	0	0	0	0	0	0	0	0	0	0	0	0	0	0	0	0	0	0	0	0	0	0	0	0	0	0	0	0	0	0	0	0	0	0	0	0	0	0	0
95	100.0	1	1	2605610	20	2605611	20	2605612	20	2605613	20	0	0	0	0	0	0	0	0	0	0	0	0	0	0	0	0	0	0	0	0	0	0	0	0	0	0	0	0	0	0	0	0	0	0	0	0	0	0	0	0	0	0	0	0	0	0	0	0	0	0	0	0
96	100.0	2	2	2600044	40	2600045	40	2600046	40	0	0	0	0	0	0	0	0	0	0	0	0	0	0	0	0	0	0	0	0	0	0	0	0	0	0	0	0	0	0	0	0	0	0	0	0	0	0	0	0	0	0	0	0	0	0	0	0	0	0	0	0	0	0
97	100.0	1	1	2415005	1	2414090	1	2414091	1	2412503	3	2400929	20	2400930	20	2400931	20	2401034	11	2405114	11	2400932	12	0	0	0	0	0	0	0	0	0	0	0	0	0	0	0	0	0	0	0	0	0	0	0	0	0	0	0	0	0	0	0	0	0	0	0	0	0	0	0	0
98	100.0	1	1	2407001	70	2600563	30	0	0	0	0	0	0	0	0	0	0	0	0	0	0	0	0	0	0	0	0	0	0	0	0	0	0	0	0	0	0	0	0	0	0	0	0	0	0	0	0	0	0	0	0	0	0	0	0	0	0	0	0	0	0	0	0
99	100.0	1	1	2407002	70	2600563	30	0	0	0	0	0	0	0	0	0	0	0	0	0	0	0	0	0	0	0	0	0	0	0	0	0	0	0	0	0	0	0	0	0	0	0	0	0	0	0	0	0	0	0	0	0	0	0	0	0	0	0	0	0	0	0	0
100	100.0	1	1	2407003	70	2600563	30	0	0	0	0	0	0	0	0	0	0	0	0	0	0	0	0	0	0	0	0	0	0	0	0	0	0	0	0	0	0	0	0	0	0	0	0	0	0	0	0	0	0	0	0	0	0	0	0	0	0	0	0	0	0	0	0
101	100.0	1	1	2407004	70	2600563	30	0	0	0	0	0	0	0	0	0	0	0	0	0	0	0	0	0	0	0	0	0	0	0	0	0	0	0	0	0	0	0	0	0	0	0	0	0	0	0	0	0	0	0	0	0	0	0	0	0	0	0	0	0	0	0	0
102	100.0	1	1	2407005	70	2600563	30	0	0	0	0	0	0	0	0	0	0	0	0	0	0	0	0	0	0	0	0	0	0	0	0	0	0	0	0	0	0	0	0	0	0	0	0	0	0	0	0	0	0	0	0	0	0	0	0	0	0	0	0	0	0	0	0
103	100.0	1	1	2407006	70	2600563	30	0	0	0	0	0	0	0	0	0	0	0	0	0	0	0	0	0	0	0	0	0	0	0	0	0	0	0	0	0	0	0	0	0	0	0	0	0	0	0	0	0	0	0	0	0	0	0	0	0	0	0	0	0	0	0	0
104	100.0	1	1	2407007	70	2600563	30	0	0	0	0	0	0	0	0	0	0	0	0	0	0	0	0	0	0	0	0	0	0	0	0	0	0	0	0	0	0	0	0	0	0	0	0	0	0	0	0	0	0	0	0	0	0	0	0	0	0	0	0	0	0	0	0
105	100.0	1	1	2407009	70	2600563	30	0	0	0	0	0	0	0	0	0	0	0	0	0	0	0	0	0	0	0	0	0	0	0	0	0	0	0	0	0	0	0	0	0	0	0	0	0	0	0	0	0	0	0	0	0	0	0	0	0	0	0	0	0	0	0	0
106	100.0	1	1	2407010	70	2600563	30	0	0	0	0	0	0	0	0	0	0	0	0	0	0	0	0	0	0	0	0	0	0	0	0	0	0	0	0	0	0	0	0	0	0	0	0	0	0	0	0	0	0	0	0	0	0	0	0	0	0	0	0	0	0	0	0
107	100.0	1	1	2407011	70	2600563	30	0	0	0	0	0	0	0	0	0	0	0	0	0	0	0	0	0	0	0	0	0	0	0	0	0	0	0	0	0	0	0	0	0	0	0	0	0	0	0	0	0	0	0	0	0	0	0	0	0	0	0	0	0	0	0	0
108	100.0	1	1	2407013	70	2600563	30	0	0	0	0	0	0	0	0	0	0	0	0	0	0	0	0	0	0	0	0	0	0	0	0	0	0	0	0	0	0	0	0	0	0	0	0	0	0	0	0	0	0	0	0	0	0	0	0	0	0	0	0	0	0	0	0
109	100.0	1	1	2407014	70	2600563	30	0	0	0	0	0	0	0	0	0	0	0	0	0	0	0	0	0	0	0	0	0	0	0	0	0	0	0	0	0	0	0	0	0	0	0	0	0	0	0	0	0	0	0	0	0	0	0	0	0	0	0	0	0	0	0	0
110	100.0	1	1	2407401	70	2600563	30	0	0	0	0	0	0	0	0	0	0	0	0	0	0	0	0	0	0	0	0	0	0	0	0	0	0	0	0	0	0	0	0	0	0	0	0	0	0	0	0	0	0	0	0	0	0	0	0	0	0	0	0	0	0	0	0
111	100.0	1	1	2407402	70	2600563	30	0	0	0	0	0	0	0	0	0	0	0	0	0	0	0	0	0	0	0	0	0	0	0	0	0	0	0	0	0	0	0	0	0	0	0	0	0	0	0	0	0	0	0	0	0	0	0	0	0	0	0	0	0	0	0	0
112	100.0	1	1	2407403	70	2600563	30	0	0	0	0	0	0	0	0	0	0	0	0	0	0	0	0	0	0	0	0	0	0	0	0	0	0	0	0	0	0	0	0	0	0	0	0	0	0	0	0	0	0	0	0	0	0	0	0	0	0	0	0	0	0	0	0
113	100.0	1	1	2407404	70	2600563	30	0	0	0	0	0	0	0	0	0	0	0	0	0	0	0	0	0	0	0	0	0	0	0	0	0	0	0	0	0	0	0	0	0	0	0	0	0	0	0	0	0	0	0	0	0	0	0	0	0	0	0	0	0	0	0	0
114	100.0	1	1	2407405	70	2600563	30	0	0	0	0	0	0	0	0	0	0	0	0	0	0	0	0	0	0	0	0	0	0	0	0	0	0	0	0	0	0	0	0	0	0	0	0	0	0	0	0	0	0	0	0	0	0	0	0	0	0	0	0	0	0	0	0
115	100.0	1	1	2407406	70	2600563	30	0	0	0	0	0	0	0	0	0	0	0	0	0	0	0	0	0	0	0	0	0	0	0	0	0	0	0	0	0	0	0	0	0	0	0	0	0	0	0	0	0	0	0	0	0	0	0	0	0	0	0	0	0	0	0	0
116	100.0	1	1	2407407	70	2600563	30	0	0	0	0	0	0	0	0	0	0	0	0	0	0	0	0	0	0	0	0	0	0	0	0	0	0	0	0	0	0	0	0	0	0	0	0	0	0	0	0	0	0	0	0	0	0	0	0	0	0	0	0	0	0	0	0
117	100.0	1	1	2407408	70	2600563	30	0	0	0	0	0	0	0	0	0	0	0	0	0	0	0	0	0	0	0	0	0	0	0	0	0	0	0	0	0	0	0	0	0	0	0	0	0	0	0	0	0	0	0	0	0	0	0	0	0	0	0	0	0	0	0	0
118	100.0	1	1	2601001	100	0	0	0	0	0	0	0	0	0	0	0	0	0	0	0	0	0	0	0	0	0	0	0	0	0	0	0	0	0	0	0	0	0	0	0	0	0	0	0	0	0	0	0	0	0	0	0	0	0	0	0	0	0	0	0	0	0	0
119	100.0	1	1	2601002	100	0	0	0	0	0	0	0	0	0	0	0	0	0	0	0	0	0	0	0	0	0	0	0	0	0	0	0	0	0	0	0	0	0	0	0	0	0	0	0	0	0	0	0	0	0	0	0	0	0	0	0	0	0	0	0	0	0	0
120	100.0	1	1	2601003	100	0	0	0	0	0	0	0	0	0	0	0	0	0	0	0	0	0	0	0	0	0	0	0	0	0	0	0	0	0	0	0	0	0	0	0	0	0	0	0	0	0	0	0	0	0	0	0	0	0	0	0	0	0	0	0	0	0	0
121	100.0	1	1	2601004	100	0	0	0	0	0	0	0	0	0	0	0	0	0	0	0	0	0	0	0	0	0	0	0	0	0	0	0	0	0	0	0	0	0	0	0	0	0	0	0	0	0	0	0	0	0	0	0	0	0	0	0	0	0	0	0	0	0	0
122	100.0	1	1	2601005	100	0	0	0	0	0	0	0	0	0	0	0	0	0	0	0	0	0	0	0	0	0	0	0	0	0	0	0	0	0	0	0	0	0	0	0	0	0	0	0	0	0	0	0	0	0	0	0	0	0	0	0	0	0	0	0	0	0	0
123	100.0	1	1	2601006	100	0	0	0	0	0	0	0	0	0	0	0	0	0	0	0	0	0	0	0	0	0	0	0	0	0	0	0	0	0	0	0	0	0	0	0	0	0	0	0	0	0	0	0	0	0	0	0	0	0	0	0	0	0	0	0	0	0	0
124	100.0	1	1	2601007	100	0	0	0	0	0	0	0	0	0	0	0	0	0	0	0	0	0	0	0	0	0	0	0	0	0	0	0	0	0	0	0	0	0	0	0	0	0	0	0	0	0	0	0	0	0	0	0	0	0	0	0	0	0	0	0	0	0	0
125	100.0	1	1	2601008	100	0	0	0	0	0	0	0	0	0	0	0	0	0	0	0	0	0	0	0	0	0	0	0	0	0	0	0	0	0	0	0	0	0	0	0	0	0	0	0	0	0	0	0	0	0	0	0	0	0	0	0	0	0	0	0	0	0	0
126	100.0	1	1	2601013	100	0	0	0	0	0	0	0	0	0	0	0	0	0	0	0	0	0	0	0	0	0	0	0	0	0	0	0	0	0	0	0	0	0	0	0	0	0	0	0	0	0	0	0	0	0	0	0	0	0	0	0	0	0	0	0	0	0	0
127	100.0	1	1	2601101	100	0	0	0	0	0	0	0	0	0	0	0	0	0	0	0	0	0	0	0	0	0	0	0	0	0	0	0	0	0	0	0	0	0	0	0	0	0	0	0	0	0	0	0	0	0	0	0	0	0	0	0	0	0	0	0	0	0	0
128	100.0	1	1	2601102	100	0	0	0	0	0	0	0	0	0	0	0	0	0	0	0	0	0	0	0	0	0	0	0	0	0	0	0	0	0	0	0	0	0	0	0	0	0	0	0	0	0	0	0	0	0	0	0	0	0	0	0	0	0	0	0	0	0	0
129	100.0	1	1	2601103	100	0	0	0	0	0	0	0	0	0	0	0	0	0	0	0	0	0	0	0	0	0	0	0	0	0	0	0	0	0	0	0	0	0	0	0	0	0	0	0	0	0	0	0	0	0	0	0	0	0	0	0	0	0	0	0	0	0	0
130	100.0	1	1	2601104	100	0	0	0	0	0	0	0	0	0	0	0	0	0	0	0	0	0	0	0	0	0	0	0	0	0	0	0	0	0	0	0	0	0	0	0	0	0	0	0	0	0	0	0	0	0	0	0	0	0	0	0	0	0	0	0	0	0	0
131	100.0	1	1	2601105	100	0	0	0	0	0	0	0	0	0	0	0	0	0	0	0	0	0	0	0	0	0	0	0	0	0	0	0	0	0	0	0	0	0	0	0	0	0	0	0	0	0	0	0	0	0	0	0	0	0	0	0	0	0	0	0	0	0	0
132	100.0	1	1	2601106	100	0	0	0	0	0	0	0	0	0	0	0	0	0	0	0	0	0	0	0	0	0	0	0	0	0	0	0	0	0	0	0	0	0	0	0	0	0	0	0	0	0	0	0	0	0	0	0	0	0	0	0	0	0	0	0	0	0	0
133	100.0	1	1	2601107	100	0	0	0	0	0	0	0	0	0	0	0	0	0	0	0	0	0	0	0	0	0	0	0	0	0	0	0	0	0	0	0	0	0	0	0	0	0	0	0	0	0	0	0	0	0	0	0	0	0	0	0	0	0	0	0	0	0	0
134	100.0	1	1	2601108	100	0	0	0	0	0	0	0	0	0	0	0	0	0	0	0	0	0	0	0	0	0	0	0	0	0	0	0	0	0	0	0	0	0	0	0	0	0	0	0	0	0	0	0	0	0	0	0	0	0	0	0	0	0	0	0	0	0	0
135	100.0	1	1	2601109	100	0	0	0	0	0	0	0	0	0	0	0	0	0	0	0	0	0	0	0	0	0	0	0	0	0	0	0	0	0	0	0	0	0	0	0	0	0	0	0	0	0	0	0	0	0	0	0	0	0	0	0	0	0	0	0	0	0	0
136	100.0	1	1	2601110	100	0	0	0	0	0	0	0	0	0	0	0	0	0	0	0	0	0	0	0	0	0	0	0	0	0	0	0	0	0	0	0	0	0	0	0	0	0	0	0	0	0	0	0	0	0	0	0	0	0	0	0	0	0	0	0	0	0	0
137	100.0	1	1	2601111	100	0	0	0	0	0	0	0	0	0	0	0	0	0	0	0	0	0	0	0	0	0	0	0	0	0	0	0	0	0	0	0	0	0	0	0	0	0	0	0	0	0	0	0	0	0	0	0	0	0	0	0	0	0	0	0	0	0	0
138	100.0	1	1	2601112	100	0	0	0	0	0	0	0	0	0	0	0	0	0	0	0	0	0	0	0	0	0	0	0	0	0	0	0	0	0	0	0	0	0	0	0	0	0	0	0	0	0	0	0	0	0	0	0	0	0	0	0	0	0	0	0	0	0	0
139	100.0	1	1	2601113	100	0	0	0	0	0	0	0	0	0	0	0	0	0	0	0	0	0	0	0	0	0	0	0	0	0	0	0	0	0	0	0	0	0	0	0	0	0	0	0	0	0	0	0	0	0	0	0	0	0	0	0	0	0	0	0	0	0	0
140	100.0	1	1	2601114	100	0	0	0	0	0	0	0	0	0	0	0	0	0	0	0	0	0	0	0	0	0	0	0	0	0	0	0	0	0	0	0	0	0	0	0	0	0	0	0	0	0	0	0	0	0	0	0	0	0	0	0	0	0	0	0	0	0	0
141	100.0	1	1	2601115	100	0	0	0	0	0	0	0	0	0	0	0	0	0	0	0	0	0	0	0	0	0	0	0	0	0	0	0	0	0	0	0	0	0	0	0	0	0	0	0	0	0	0	0	0	0	0	0	0	0	0	0	0	0	0	0	0	0	0
142	100.0	1	1	2601116	100	0	0	0	0	0	0	0	0	0	0	0	0	0	0	0	0	0	0	0	0	0	0	0	0	0	0	0	0	0	0	0	0	0	0	0	0	0	0	0	0	0	0	0	0	0	0	0	0	0	0	0	0	0	0	0	0	0	0
143	100.0	1	1	2601117	100	0	0	0	0	0	0	0	0	0	0	0	0	0	0	0	0	0	0	0	0	0	0	0	0	0	0	0	0	0	0	0	0	0	0	0	0	0	0	0	0	0	0	0	0	0	0	0	0	0	0	0	0	0	0	0	0	0	0
144	100.0	1	1	2601118	100	0	0	0	0	0	0	0	0	0	0	0	0	0	0	0	0	0	0	0	0	0	0	0	0	0	0	0	0	0	0	0	0	0	0	0	0	0	0	0	0	0	0	0	0	0	0	0	0	0	0	0	0	0	0	0	0	0	0
145	100.0	1	1	2601119	100	0	0	0	0	0	0	0	0	0	0	0	0	0	0	0	0	0	0	0	0	0	0	0	0	0	0	0	0	0	0	0	0	0	0	0	0	0	0	0	0	0	0	0	0	0	0	0	0	0	0	0	0	0	0	0	0	0	0
146	100.0	1	1	0	100	0	0	0	0	0	0	0	0	0	0	0	0	0	0	0	0	0	0	0	0	0	0	0	0	0	0	0	0	0	0	0	0	0	0	0	0	0	0	0	0	0	0	0	0	0	0	0	0	0	0	0	0	0	0	0	0	0	0
147	100.0	1	1	0	100	0	0	0	0	0	0	0	0	0	0	0	0	0	0	0	0	0	0	0	0	0	0	0	0	0	0	0	0	0	0	0	0	0	0	0	0	0	0	0	0	0	0	0	0	0	0	0	0	0	0	0	0	0	0	0	0	0	0
148	100.0	1	1	0	100	0	0	0	0	0	0	0	0	0	0	0	0	0	0	0	0	0	0	0	0	0	0	0	0	0	0	0	0	0	0	0	0	0	0	0	0	0	0	0	0	0	0	0	0	0	0	0	0	0	0	0	0	0	0	0	0	0	0
149	100.0	1	1	0	100	0	0	0	0	0	0	0	0	0	0	0	0	0	0	0	0	0	0	0	0	0	0	0	0	0	0	0	0	0	0	0	0	0	0	0	0	0	0	0	0	0	0	0	0	0	0	0	0	0	0	0	0	0	0	0	0	0	0
150	100.0	1	1	0	100	0	0	0	0	0	0	0	0	0	0	0	0	0	0	0	0	0	0	0	0	0	0	0	0	0	0	0	0	0	0	0	0	0	0	0	0	0	0	0	0	0	0	0	0	0	0	0	0	0	0	0	0	0	0	0	0	0	0
151	100.0	1	1	0	100	0	0	0	0	0	0	0	0	0	0	0	0	0	0	0	0	0	0	0	0	0	0	0	0	0	0	0	0	0	0	0	0	0	0	0	0	0	0	0	0	0	0	0	0	0	0	0	0	0	0	0	0	0	0	0	0	0	0
152	100.0	1	1	0	100	0	0	0	0	0	0	0	0	0	0	0	0	0	0	0	0	0	0	0	0	0	0	0	0	0	0	0	0	0	0	0	0	0	0	0	0	0	0	0	0	0	0	0	0	0	0	0	0	0	0	0	0	0	0	0	0	0	0
153	100.0	1	1	0	100	0	0	0	0	0	0	0	0	0	0	0	0	0	0	0	0	0	0	0	0	0	0	0	0	0	0	0	0	0	0	0	0	0	0	0	0	0	0	0	0	0	0	0	0	0	0	0	0	0	0	0	0	0	0	0	0	0	0
154	100.0	1	1	0	100	0	0	0	0	0	0	0	0	0	0	0	0	0	0	0	0	0	0	0	0	0	0	0	0	0	0	0	0	0	0	0	0	0	0	0	0	0	0	0	0	0	0	0	0	0	0	0	0	0	0	0	0	0	0	0	0	0	0
155	100.0	1	1	0	100	0	0	0	0	0	0	0	0	0	0	0	0	0	0	0	0	0	0	0	0	0	0	0	0	0	0	0	0	0	0	0	0	0	0	0	0	0	0	0	0	0	0	0	0	0	0	0	0	0	0	0	0	0	0	0	0	0	0
156	100.0	1	1	0	100	0	0	0	0	0	0	0	0	0	0	0	0	0	0	0	0	0	0	0	0	0	0	0	0	0	0	0	0	0	0	0	0	0	0	0	0	0	0	0	0	0	0	0	0	0	0	0	0	0	0	0	0	0	0	0	0	0	0
157	100.0	1	1	0	100	0	0	0	0	0	0	0	0	0	0	0	0	0	0	0	0	0	0	0	0	0	0	0	0	0	0	0	0	0	0	0	0	0	0	0	0	0	0	0	0	0	0	0	0	0	0	0	0	0	0	0	0	0	0	0	0	0	0
158	100.0	1	1	2605541	1	2605542	1	2605543	1	2605544	1	2605545	1	0	0	0	0	0	0	0	0	0	0	0	0	0	0	0	0	0	0	0	0	0	0	0	0	0	0	0	0	0	0	0	0	0	0	0	0	0	0	0	0	0	0	0	0	0	0	0	0	0	0
159	100.0	1	1	0	20	0	20	0	20	2410115	20	2410116	20	2410117	20	2410052	20	2410053	20	2410054	20	2410157	20	2410158	20	2410159	20	2410163	20	2410164	20	2410165	20	0	0	0	0	0	0	0	0	0	0	0	0	0	0	0	0	0	0	0	0	0	0	0	0	0	0	0	0	0	0
160	100.0	1	1	2600096	100	0	0	0	0	0	0	0	0	0	0	0	0	0	0	0	0	0	0	0	0	0	0	0	0	0	0	0	0	0	0	0	0	0	0	0	0	0	0	0	0	0	0	0	0	0	0	0	0	0	0	0	0	0	0	0	0	0	0
161	100.0	2	3	3510004	10	3510005	5	0	0	3510007	5	3510008	5	3520001	1	3520002	1	3520003	1	3520004	1	3520005	1	3520006	1	3520007	1	0	0	3520009	5	3520010	1	3520011	5	3520013	1	3520014	1	3520015	5	3520016	5	3520017	10	2400436	15	2601304	20	0	0	0	0	0	0	0	0	0	0	0	0	0	0
162	100.0	2	3	3510004	10	3510005	5	0	0	3510007	5	3510008	5	3520001	1	3520002	1	3520003	1	3520004	1	3520005	1	3520006	1	3520007	1	0	0	3520009	5	3520010	1	3520011	5	3520013	1	3520014	1	3520015	5	3520016	5	3520017	10	2601303	15	2601302	20	0	0	0	0	0	0	0	0	0	0	0	0	0	0
163	100.0	2	3	3510004	10	3510005	5	0	0	3510007	5	3510008	5	3520001	1	3520002	1	3520003	1	3520004	1	3520005	1	3520006	1	3520007	1	0	0	3520009	5	3520010	1	3520011	5	3520013	1	3520014	1	3520015	5	3520016	5	3520017	10	2400436	15	2601304	20	0	0	0	0	0	0	0	0	0	0	0	0	0	0
164	100.0	1	1	0	200	0	200	0	150	0	150	0	150	0	150	0	0	0	0	0	0	0	0	0	0	0	0	0	0	0	0	0	0	0	0	0	0	0	0	0	0	0	0	0	0	0	0	0	0	0	0	0	0	0	0	0	0	0	0	0	0	0	0
165	100.0	1	1	0	200	0	200	0	150	0	150	0	100	0	100	0	100	0	0	0	0	0	0	0	0	0	0	0	0	0	0	0	0	0	0	0	0	0	0	0	0	0	0	0	0	0	0	0	0	0	0	0	0	0	0	0	0	0	0	0	0	0	0
166	100.0	1	1	0	200	0	200	0	150	0	100	0	100	0	100	0	50	0	100	0	0	0	0	0	0	0	0	0	0	0	0	0	0	0	0	0	0	0	0	0	0	0	0	0	0	0	0	0	0	0	0	0	0	0	0	0	0	0	0	0	0	0	0
167	100.0	1	1	0	200	0	200	0	150	0	100	0	100	0	50	0	100	0	100	0	0	0	0	0	0	0	0	0	0	0	0	0	0	0	0	0	0	0	0	0	0	0	0	0	0	0	0	0	0	0	0	0	0	0	0	0	0	0	0	0	0	0	0
201	100.0	1	2	3510004	100	0	0	0	0	0	0	0	0	0	0	0	0	0	0	0	0	0	0	0	0	0	0	0	0	0	0	0	0	0	0	0	0	0	0	0	0	0	0	0	0	0	0	0	0	0	0	0	0	0	0	0	0	0	0	0	0	0	0
202	100.0	2	3	2600251	100	2600252	100	2600254	100	2600255	100	2600256	100	0	0	0	0	0	0	0	0	0	0	0	0	0	0	0	0	0	0	0	0	0	0	0	0	0	0	0	0	0	0	0	0	0	0	0	0	0	0	0	0	0	0	0	0	0	0	0	0	0	0
203	100.0	1	2	2600020	500	2600021	500	0	0	0	0	0	0	0	0	0	0	0	0	0	0	0	0	0	0	0	0	0	0	0	0	0	0	0	0	0	0	0	0	0	0	0	0	0	0	0	0	0	0	0	0	0	0	0	0	0	0	0	0	0	0	0	0
204	100.0	1	1	3500007	80	3500008	100	3500009	20	0	0	0	0	0	0	0	0	0	0	0	0	0	0	0	0	0	0	0	0	0	0	0	0	0	0	0	0	0	0	0	0	0	0	0	0	0	0	0	0	0	0	0	0	0	0	0	0	0	0	0	0	0	0
451	100.0	1	1	2414002	100	2414022	100	2414028	100	2414034	100	2414064	100	2414008	50	2414015	50	2414017	50	2414019	25	2414029	25	2414039	25	2414069	25	2414032	12	2414036	12	2414053	12	2414057	12	2414066	12	2414001	6	2414006	6	2414011	6	2414023	6	0	0	0	0	0	0	0	0	0	0	0	0	0	0	0	0	0	0
452	100.0	1	1	2414007	100	2414021	100	2414051	100	2414059	100	2414061	100	2414016	50	2414030	50	2414054	50	2414009	25	2414013	25	2414026	25	2414003	12	2414025	12	2414043	12	2414063	12	2414012	6	2414033	6	2414056	6	2414062	6	2414040	6	0	0	0	0	0	0	0	0	0	0	0	0	0	0	0	0	0	0	0	0
453	100.0	1	1	2414004	100	2414010	100	2414020	100	2414070	100	2414044	50	2414046	50	2414065	50	2414014	25	2414018	25	2414024	25	2414031	25	2414005	12	2414027	12	2414037	12	2414050	12	2414035	6	0	0	0	0	0	0	0	0	0	0	0	0	0	0	0	0	0	0	0	0	0	0	0	0	0	0	0	0
454	100.0	1	1	2414055	100	2414060	100	2414067	100	2414038	33	2414045	33	2414052	33	2414058	33	2414041	11	2414047	11	2414048	11	2414049	11	2414068	11	0	0	0	0	0	0	0	0	0	0	0	0	0	0	0	0	0	0	0	0	0	0	0	0	0	0	0	0	0	0	0	0	0	0	0	0
461	100.0	1	5	2600751	100	0	0	0	0	0	0	0	0	0	0	0	0	0	0	0	0	0	0	0	0	0	0	0	0	0	0	0	0	0	0	0	0	0	0	0	0	0	0	0	0	0	0	0	0	0	0	0	0	0	0	0	0	0	0	0	0	0	0
462	100.0	1	5	2600752	100	0	0	0	0	0	0	0	0	0	0	0	0	0	0	0	0	0	0	0	0	0	0	0	0	0	0	0	0	0	0	0	0	0	0	0	0	0	0	0	0	0	0	0	0	0	0	0	0	0	0	0	0	0	0	0	0	0	0
463	100.0	1	5	2600753	100	0	0	0	0	0	0	0	0	0	0	0	0	0	0	0	0	0	0	0	0	0	0	0	0	0	0	0	0	0	0	0	0	0	0	0	0	0	0	0	0	0	0	0	0	0	0	0	0	0	0	0	0	0	0	0	0	0	0
464	100.0	1	5	2600754	100	0	0	0	0	0	0	0	0	0	0	0	0	0	0	0	0	0	0	0	0	0	0	0	0	0	0	0	0	0	0	0	0	0	0	0	0	0	0	0	0	0	0	0	0	0	0	0	0	0	0	0	0	0	0	0	0	0	0
465	100.0	2	2	2400048	100	2400049	100	2400050	100	2400051	100	0	0	0	0	0	0	0	0	0	0	0	0	0	0	0	0	0	0	0	0	0	0	0	0	0	0	0	0	0	0	0	0	0	0	0	0	0	0	0	0	0	0	0	0	0	0	0	0	0	0	0	0
501	100.0	100	105	2205016	1	2205216	1	2205416	1	2205616	1	2600511	20	0	0	2401207	20	2401107	20	2401251	16	2401252	15	2401253	10	2600251	10	2600252	10	2600254	10	2600255	10	2600256	10	2401006	20	2401007	15	2401008	10	0	0	0	0	0	0	0	0	0	0	0	0	0	0	0	0	0	0	0	0	0	0
502	100.0	100	105	2205017	1	2205217	1	2205417	1	2205617	1	2600511	20	0	0	2401207	20	2401107	20	2401252	16	2401253	15	2401254	10	2600251	10	2600252	10	2600254	10	2600255	10	2600256	10	2401007	20	2401008	15	2401009	10	0	0	0	0	0	0	0	0	0	0	0	0	0	0	0	0	0	0	0	0	0	0
503	100.0	100	105	2205018	1	2205218	1	2205418	1	2205618	1	2600511	20	0	0	2401207	20	2401107	20	2401253	16	2401254	15	2401255	10	2600251	10	2600252	10	2600254	10	2600255	10	2600256	10	2401008	20	2401009	15	2401010	10	0	0	0	0	0	0	0	0	0	0	0	0	0	0	0	0	0	0	0	0	0	0
504	100.0	100	105	2205019	1	2205219	1	2205419	1	2205619	1	2600511	20	0	0	2401207	20	2401107	20	2401254	16	2401255	15	2401256	10	2600251	10	2600252	10	2600254	10	2600255	10	2600256	10	2401009	20	2401010	15	2401011	10	0	0	0	0	0	0	0	0	0	0	0	0	0	0	0	0	0	0	0	0	0	0
505	100.0	100	105	2205026	1	2205245	1	2205441	1	2205626	1	2600511	20	0	0	2401207	20	2401107	20	2401255	16	2401256	15	2401257	10	2600251	10	2600252	10	2600254	10	2600255	10	2600256	10	2401010	20	2401011	15	2401012	10	0	0	0	0	0	0	0	0	0	0	0	0	0	0	0	0	0	0	0	0	0	0
507	100.0	100	105	2400847	50	2600022	80	2401033	30	2401275	30	2401276	20	2401277	10	2401175	30	2401176	20	2401177	10	0	0	0	0	0	0	0	0	0	0	0	0	0	0	0	0	0	0	0	0	0	0	0	0	0	0	0	0	0	0	0	0	0	0	0	0	0	0	0	0	0	0
508	100.0	1	1	2600380	50	0	0	0	0	0	0	0	0	0	0	0	0	0	0	0	0	0	0	0	0	0	0	0	0	0	0	0	0	0	0	0	0	0	0	0	0	0	0	0	0	0	0	0	0	0	0	0	0	0	0	0	0	0	0	0	0	0	0
509	100.0	1	1	2600385	50	0	0	0	0	0	0	0	0	0	0	0	0	0	0	0	0	0	0	0	0	0	0	0	0	0	0	0	0	0	0	0	0	0	0	0	0	0	0	0	0	0	0	0	0	0	0	0	0	0	0	0	0	0	0	0	0	0	0
510	100.0	1	1	2600383	50	0	0	0	0	0	0	0	0	0	0	0	0	0	0	0	0	0	0	0	0	0	0	0	0	0	0	0	0	0	0	0	0	0	0	0	0	0	0	0	0	0	0	0	0	0	0	0	0	0	0	0	0	0	0	0	0	0	0
511	100.0	1	1	2601142	50	2601143	50	2601144	50	0	0	0	0	0	0	0	0	0	0	0	0	0	0	0	0	0	0	0	0	0	0	0	0	0	0	0	0	0	0	0	0	0	0	0	0	0	0	0	0	0	0	0	0	0	0	0	0	0	0	0	0	0	0
512	100.0	50	55	2400849	50	2600023	80	2401034	30	2401159	30	2401160	25	2401161	20	2401259	30	2401260	25	2401261	20	0	0	0	0	0	0	0	0	0	0	0	0	0	0	0	0	0	0	0	0	0	0	0	0	0	0	0	0	0	0	0	0	0	0	0	0	0	0	0	0	0	0
513	15.0	1	1	2600023	10	2600024	5	0	0	0	0	0	0	0	0	0	0	0	0	0	0	0	0	0	0	0	0	0	0	0	0	0	0	0	0	0	0	0	0	0	0	0	0	0	0	0	0	0	0	0	0	0	0	0	0	0	0	0	0	0	0	0	0
514	100.0	1	1	2401002	110	2405001	80	2405002	80	2405003	80	2405004	80	2405005	80	2405006	80	2405007	80	2405008	80	2405009	80	2401206	50	2401106	50	2400533	20	2400539	20	2400545	20	2414087	10	0	0	0	0	0	0	0	0	0	0	0	0	0	0	0	0	0	0	0	0	0	0	0	0	0	0	0	0
515	100.0	1	1	2406966	100	2406967	100	2406968	100	2400704	150	2400822	100	2400837	100	3500013	50	3500108	50	2600002	50	2600513	70	2400098	80	2414044	50	0	0	0	0	0	0	0	0	0	0	0	0	0	0	0	0	0	0	0	0	0	0	0	0	0	0	0	0	0	0	0	0	0	0	0	0
551	100.0	1	1	2400529	10	2400535	10	2400541	10	0	0	0	0	0	0	0	0	0	0	0	0	0	0	0	0	0	0	0	0	0	0	0	0	0	0	0	0	0	0	0	0	0	0	0	0	0	0	0	0	0	0	0	0	0	0	0	0	0	0	0	0	0	0
552	100.0	1	1	2600091	10	2600092	10	0	0	0	0	0	0	0	0	0	0	0	0	0	0	0	0	0	0	0	0	0	0	0	0	0	0	0	0	0	0	0	0	0	0	0	0	0	0	0	0	0	0	0	0	0	0	0	0	0	0	0	0	0	0	0	0
553	100.0	1	1	2600301	10	2600302	10	2600303	10	2600304	10	2600305	10	0	0	0	0	0	0	0	0	0	0	0	0	0	0	0	0	0	0	0	0	0	0	0	0	0	0	0	0	0	0	0	0	0	0	0	0	0	0	0	0	0	0	0	0	0	0	0	0	0	0
554	100.0	1	1	2600041	10	2600042	10	2600043	10	0	0	0	0	0	0	0	0	0	0	0	0	0	0	0	0	0	0	0	0	0	0	0	0	0	0	0	0	0	0	0	0	0	0	0	0	0	0	0	0	0	0	0	0	0	0	0	0	0	0	0	0	0	0
555	100.0	1	1	2406954	10	2406955	10	2406956	10	0	0	0	0	0	0	0	0	0	0	0	0	0	0	0	0	0	0	0	0	0	0	0	0	0	0	0	0	0	0	0	0	0	0	0	0	0	0	0	0	0	0	0	0	0	0	0	0	0	0	0	0	0	0
556	100.0	1	1	2600093	10	2600094	10	0	0	0	0	0	0	0	0	0	0	0	0	0	0	0	0	0	0	0	0	0	0	0	0	0	0	0	0	0	0	0	0	0	0	0	0	0	0	0	0	0	0	0	0	0	0	0	0	0	0	0	0	0	0	0	0
557	100.0	1	1	2406951	10	2406952	10	2406953	10	0	0	0	0	0	0	0	0	0	0	0	0	0	0	0	0	0	0	0	0	0	0	0	0	0	0	0	0	0	0	0	0	0	0	0	0	0	0	0	0	0	0	0	0	0	0	0	0	0	0	0	0	0	0
558	100.0	1	1	2412001	10	2412002	5	2412003	10	2412004	10	2412005	10	0	0	0	0	0	0	0	0	0	0	0	0	0	0	0	0	0	0	0	0	0	0	0	0	0	0	0	0	0	0	0	0	0	0	0	0	0	0	0	0	0	0	0	0	0	0	0	0	0	0
559	100.0	1	1	2412201	10	2412202	10	2412203	10	2412204	5	2412205	10	0	0	0	0	0	0	0	0	0	0	0	0	0	0	0	0	0	0	0	0	0	0	0	0	0	0	0	0	0	0	0	0	0	0	0	0	0	0	0	0	0	0	0	0	0	0	0	0	0	0
560	100.0	1	1	2413002	10	2413004	10	0	0	0	0	0	0	0	0	0	0	0	0	0	0	0	0	0	0	0	0	0	0	0	0	0	0	0	0	0	0	0	0	0	0	0	0	0	0	0	0	0	0	0	0	0	0	0	0	0	0	0	0	0	0	0	0
561	100.0	200	300	2401159	50	2401160	50	2401161	50	2401259	50	2401260	50	2401261	50	2412001	10	2412002	5	2412003	10	2412004	10	2412005	10	2412201	10	2412202	10	2412203	10	2412204	5	2412205	10	2413002	10	2413004	10	2413007	10	2413024	10	2413030	10	2413040	10	2600507	30	2600508	30	2600509	30	0	0	0	0	0	0	0	0	0	0
1001	100.0	1	1	2600251	100	2600252	100	2600254	100	2600255	100	2600256	100	3510004	100	2400048	100	2600801	200	0	0	0	0	0	0	0	0	0	0	0	0	0	0	0	0	0	0	0	0	0	0	0	0	0	0	0	0	0	0	0	0	0	0	0	0	0	0	0	0	0	0	0	0
1002	100.0	1	1	2600251	50	2600252	50	2600254	50	2600255	50	2600256	50	3510004	100	2400048	100	2600801	300	0	0	0	0	0	0	0	0	0	0	0	0	0	0	0	0	0	0	0	0	0	0	0	0	0	0	0	0	0	0	0	0	0	0	0	0	0	0	0	0	0	0	0	0
1003	100.0	1	1	2600251	100	2600252	100	2600254	100	2600255	100	2600256	100	2400048	100	2400101	15	2400106	15	2400111	15	2400116	15	2400121	15	2400126	15	2400131	15	2400136	15	2400141	15	2400146	15	2600020	100	2600518	100	2408001	50	2208939	25	2208946	25	2208953	25	2208960	25	2208967	25	2208974	25	2600901	100	0	25	0	0	0	0	0	0
1004	100.0	1	1	2600251	50	2600252	50	2600254	50	2600255	50	2600256	50	2400048	50	2400101	10	2400106	10	2400111	10	2400116	10	2400121	10	2400126	10	2400131	10	2400136	10	2400141	10	2400146	10	2600020	100	2600518	100	2408001	50	2208939	35	2208946	35	2208953	35	2208960	35	2208967	35	2208974	35	2600901	100	0	35	0	0	0	0	0	0
1005	100.0	1	1	2400101	10	2400106	10	2400111	10	2400116	10	2400121	10	2400126	10	2400131	10	2400136	10	2400141	10	2400146	10	2600518	80	2408001	0	2208939	30	2208946	30	2208953	30	2208960	30	2208967	30	2208974	30	2600515	0	2600516	0	2600517	0	2600901	100	0	30	0	0	0	0	0	0	0	0	0	0	0	0	0	0
1006	100.0	1	1	2400101	0	2400106	0	2400111	0	2400116	0	2400121	0	2400126	0	2400131	0	2400136	0	2400141	0	2400146	0	2600518	150	2408001	0	2208939	60	2208946	60	2208953	60	2208960	60	2208967	60	2208974	60	2600515	0	2600516	0	2600517	0	2600901	0	0	60	0	0	0	0	0	0	0	0	0	0	0	0	0	0
1007	100.0	1	1	2400651	100	2400652	100	2400653	100	2600251	100	2600252	100	2600254	100	2600255	100	2600256	100	3510004	100	2400048	100	2600803	200	0	0	0	0	0	0	0	0	0	0	0	0	0	0	0	0	0	0	0	0	0	0	0	0	0	0	0	0	0	0	0	0	0	0	0	0	0	0
1008	100.0	1	1	2400651	50	2400652	50	2400653	50	2600251	50	2600252	50	2600254	50	2600255	50	2600256	50	3510004	100	2400048	100	2600803	300	0	0	0	0	0	0	0	0	0	0	0	0	0	0	0	0	0	0	0	0	0	0	0	0	0	0	0	0	0	0	0	0	0	0	0	0	0	0
1009	100.0	1	1	2400762	100	2600251	100	2600252	100	2600254	100	2600255	100	2600256	100	2400048	100	2400151	15	2400156	15	2400161	15	2400166	15	2400171	15	2400176	15	2400181	15	2400186	15	2400191	15	2400196	15	2600020	100	2600518	100	2208940	10	2208947	10	2208954	10	2208961	10	2208968	10	2208975	10	2600903	100	0	10	0	0	0	0	0	0
1010	100.0	1	1	2400762	50	2600251	50	2600252	50	2600254	50	2600255	50	2600256	50	2400048	50	2400151	10	2400156	10	2400161	10	2400166	10	2400171	10	2400176	10	2400181	10	2400186	10	2400191	10	2400196	10	2600020	100	2600518	100	2208940	15	2208947	15	2208954	15	2208961	15	2208968	15	2208975	15	2600903	100	0	15	0	0	0	0	0	0
1011	100.0	1	1	2400151	10	2400156	10	2400161	10	2400166	10	2400171	10	2400176	10	2400181	10	2400186	10	2400191	10	2400196	10	2600518	30	2208940	8	2208947	8	2208954	8	2208961	8	2208968	8	2208975	8	2600515	10	2600516	0	2600517	0	2600903	50	0	0	0	0	0	0	0	0	0	0	0	0	0	0	0	0	0	0
1012	100.0	1	1	2400151	0	2400156	0	2400161	0	2400166	0	2400171	0	2400176	0	2400181	0	2400186	0	2400191	0	2400196	0	2600518	40	2208940	12	2208947	12	2208954	12	2208961	12	2208968	12	2208975	12	2600515	10	2600516	0	2600517	0	2600903	0	0	0	0	0	0	0	0	0	0	0	0	0	0	0	0	0	0	0
1013	100.0	1	1	2400654	100	2400655	100	2400656	100	2600251	100	2600252	100	2600254	100	2600255	100	2600256	100	3510004	100	2400049	100	2600805	100	0	0	0	0	0	0	0	0	0	0	0	0	0	0	0	0	0	0	0	0	0	0	0	0	0	0	0	0	0	0	0	0	0	0	0	0	0	0
1014	100.0	1	1	2400654	50	2400655	50	2400656	50	2600251	50	2600252	50	2600254	50	2600255	50	2600256	50	3510004	100	2400049	100	2600805	300	0	0	0	0	0	0	0	0	0	0	0	0	0	0	0	0	0	0	0	0	0	0	0	0	0	0	0	0	0	0	0	0	0	0	0	0	0	0
1015	100.0	1	1	2400763	100	2600251	100	2600252	100	2600254	100	2600255	100	2600256	100	2400049	100	2400152	15	2400157	15	2400162	15	2400167	15	2400172	15	2400177	15	2400182	15	2400187	15	2400192	15	2400197	15	2600020	100	2600518	100	2408003	50	2600366	50	2600905	100	0	0	0	0	0	0	0	0	0	0	0	0	0	0	0	0
1016	100.0	1	1	2400763	50	2600251	50	2600252	50	2600254	50	2600255	50	2600256	50	2400049	50	2400152	10	2400157	10	2400162	10	2400167	10	2400172	10	2400177	10	2400182	10	2400187	10	2400192	10	2400197	10	2600020	100	2600518	100	2408003	50	2600366	50	2600905	100	0	0	0	0	0	0	0	0	0	0	0	0	0	0	0	0
1017	100.0	1	1	2400152	10	2400157	10	2400162	10	2400167	10	2400172	10	2400177	10	2400182	10	2400187	10	2400192	10	2400197	10	2600518	60	2408003	0	2600366	30	2208941	10	2208948	10	2208955	10	2208962	10	2208969	10	2208976	10	2600515	0	2600516	10	2600517	0	2600905	50	0	10	0	0	0	0	0	0	0	0	0	0	0	0
1018	100.0	1	1	2400152	0	2400157	0	2400162	0	2400167	0	2400172	0	2400177	0	2400182	0	2400187	0	2400192	0	2400197	0	2600518	60	2408003	0	2600366	30	2208941	12	2208948	12	2208955	12	2208962	12	2208969	12	2208976	12	2600515	0	2600516	15	2600517	0	2600905	0	0	12	0	0	0	0	0	0	0	0	0	0	0	0
1019	100.0	1	1	2400657	100	2400658	100	2400659	100	2600251	100	2600252	100	2600254	100	2600255	100	2600256	100	3510004	100	2400049	100	2600806	150	0	0	0	0	0	0	0	0	0	0	0	0	0	0	0	0	0	0	0	0	0	0	0	0	0	0	0	0	0	0	0	0	0	0	0	0	0	0
1020	100.0	1	1	2400657	50	2400658	50	2400659	50	2600251	50	2600252	50	2600254	50	2600255	50	2600256	50	3510004	100	2400049	100	2600806	200	0	0	0	0	0	0	0	0	0	0	0	0	0	0	0	0	0	0	0	0	0	0	0	0	0	0	0	0	0	0	0	0	0	0	0	0	0	0
1021	100.0	1	1	2400764	100	2600251	100	2600252	100	2600254	100	2600255	100	2600256	100	2400049	100	2400103	15	2400108	15	2400113	15	2400118	15	2400123	15	2400128	15	2400133	15	2400138	15	2400143	15	2400148	15	2600020	100	2600518	70	2600524	30	2408004	50	2600368	50	2600906	75	0	0	0	0	0	0	0	0	0	0	0	0	0	0
1022	100.0	1	1	2400764	50	2600251	50	2600252	50	2600254	50	2600255	50	2600256	50	2400049	50	2400103	10	2400108	10	2400113	10	2400118	10	2400123	10	2400128	10	2400133	10	2400138	10	2400143	10	2400148	10	2600020	100	2600518	70	2600524	30	2408004	50	2600368	50	2600906	100	0	0	0	0	0	0	0	0	0	0	0	0	0	0
1023	100.0	1	1	2400103	10	2400108	10	2400113	10	2400118	10	2400123	10	2400128	10	2400133	10	2400138	10	2400143	10	2400148	10	2600518	0	2600524	30	2408004	0	2600368	30	2600515	15	2600516	0	2600517	0	2208942	10	2208949	10	2208956	10	2208963	10	2208970	10	2208977	10	2600906	30	0	10	0	0	0	0	0	0	0	0	0	0
1024	100.0	1	1	2400103	0	2400108	0	2400113	0	2400118	0	2400123	0	2400128	0	2400133	0	2400138	0	2400143	0	2400148	0	2600518	0	2600524	30	2408004	0	2600368	30	2600515	15	2600516	0	2600517	0	2208942	12	2208949	12	2208956	12	2208963	12	2208970	12	2208977	12	2600906	0	0	12	0	0	0	0	0	0	0	0	0	0
1025	100.0	1	1	2400660	100	2400661	100	2400662	100	2600251	100	2600252	100	2600254	100	2600255	100	2600256	100	3510004	100	2400050	100	2600807	150	0	0	0	0	0	0	0	0	0	0	0	0	0	0	0	0	0	0	0	0	0	0	0	0	0	0	0	0	0	0	0	0	0	0	0	0	0	0
1026	100.0	1	1	2400660	50	2400661	50	2400662	50	2600251	50	2600252	50	2600254	50	2600255	50	2600256	50	3510004	100	2400050	100	2600807	200	0	0	0	0	0	0	0	0	0	0	0	0	0	0	0	0	0	0	0	0	0	0	0	0	0	0	0	0	0	0	0	0	0	0	0	0	0	0
1027	100.0	1	1	2400765	100	2600251	100	2600252	100	2600254	100	2600255	100	2600256	100	2400050	100	2400153	15	2400158	15	2400163	15	2400168	15	2400173	15	2400178	15	2400183	15	2400188	15	2400193	15	2400198	15	2600020	100	2600518	70	2600524	30	2408005	50	2600369	50	2600907	50	0	0	0	0	0	0	0	0	0	0	0	0	0	0
1028	100.0	1	1	2400765	50	2600251	50	2600252	50	2600254	50	2600255	50	2600256	50	2400050	100	2400153	10	2400158	10	2400163	10	2400168	10	2400173	10	2400178	10	2400183	10	2400188	10	2400193	10	2400198	10	2600020	100	2600518	70	2600524	30	2408005	50	2600369	50	2600907	50	0	0	0	0	0	0	0	0	0	0	0	0	0	0
1029	100.0	1	1	2400153	10	2400158	10	2400163	10	2400168	10	2400173	10	2400178	10	2400183	10	2400188	10	2400193	10	2400198	10	2600518	0	2600524	30	2408005	0	2600369	30	2600515	0	2600516	15	2600517	0	2208943	10	2208950	10	2208957	10	2208964	10	2208971	10	2208978	10	2600907	30	0	10	0	0	0	0	0	0	0	0	0	0
1030	100.0	1	1	2400153	0	2400158	0	2400163	0	2400168	0	2400173	0	2400178	0	2400183	0	2400188	0	2400193	0	2400198	0	2600518	0	2600524	30	2408005	0	2600369	30	2600515	0	2600516	15	2600517	0	2208943	12	2208950	12	2208957	12	2208964	12	2208971	12	2208978	12	2600907	0	0	12	0	0	0	0	0	0	0	0	0	0
1031	100.0	1	1	2400663	100	2400664	100	2400665	100	2600251	100	2600252	100	2600254	100	2600255	100	2600256	100	3510004	100	2400050	100	2600808	150	0	0	0	0	0	0	0	0	0	0	0	0	0	0	0	0	0	0	0	0	0	0	0	0	0	0	0	0	0	0	0	0	0	0	0	0	0	0
1032	100.0	1	1	2400663	50	2400664	50	2400665	50	2600251	50	2600252	50	2600254	50	2600255	50	2600256	50	3510004	100	2400050	100	2600808	200	0	0	0	0	0	0	0	0	0	0	0	0	0	0	0	0	0	0	0	0	0	0	0	0	0	0	0	0	0	0	0	0	0	0	0	0	0	0
1033	100.0	1	1	2400766	100	2600251	100	2600252	100	2600254	100	2600255	100	2600256	100	2400050	100	2400104	15	2400109	15	2400114	15	2400119	15	2400124	15	2400129	15	2400134	15	2400139	15	2400144	15	2400149	15	2600020	100	2600518	70	2600524	30	2408006	50	2600370	50	2600388	50	2600908	40	0	0	0	0	0	0	0	0	0	0	0	0
1034	100.0	1	1	2400766	50	2600251	50	2600252	50	2600254	50	2600255	50	2600256	50	2400050	50	2400104	10	2400109	10	2400114	10	2400119	10	2400124	10	2400129	10	2400134	10	2400139	10	2400144	10	2400149	10	2600020	100	2600518	70	2600524	30	2408006	50	2600370	50	2600388	50	2600908	50	0	0	0	0	0	0	0	0	0	0	0	0
1035	100.0	1	1	2400104	10	2400109	10	2400114	10	2400119	10	2400124	10	2400129	10	2400134	10	2400139	10	2400144	10	2400149	10	2600518	0	2600524	30	2408006	0	2600370	30	2600388	30	2600515	0	2600516	0	2600517	15	2208944	10	2208951	10	2208958	10	2208965	10	2208972	10	2208979	10	2600908	30	0	10	0	0	0	0	0	0	0	0
1036	100.0	1	1	2400104	0	2400109	0	2400114	0	2400119	0	2400124	0	2400129	0	2400134	0	2400139	0	2400144	0	2400149	0	2600518	0	2600524	40	2408006	0	2600370	30	2600388	30	2600515	0	2600516	0	2600517	15	2208944	15	2208951	15	2208958	15	2208965	15	2208972	15	2208979	15	2600908	0	0	15	0	0	0	0	0	0	0	0
1037	100.0	1	1	2400666	100	2400667	100	2400668	100	2600251	100	2600252	100	2600254	100	2600255	100	2600256	100	3510004	100	2400051	100	2600809	150	0	0	0	0	0	0	0	0	0	0	0	0	0	0	0	0	0	0	0	0	0	0	0	0	0	0	0	0	0	0	0	0	0	0	0	0	0	0
1038	100.0	1	1	2400666	50	2400667	50	2400668	50	2600251	50	2600252	50	2600254	50	2600255	50	2600256	50	3510004	100	2400051	100	2600809	200	0	0	0	0	0	0	0	0	0	0	0	0	0	0	0	0	0	0	0	0	0	0	0	0	0	0	0	0	0	0	0	0	0	0	0	0	0	0
1039	100.0	1	1	2400767	100	2600251	100	2600252	100	2600254	100	2600255	100	2600256	100	2400050	100	2400154	15	2400159	15	2400164	15	2400169	15	2400174	15	2400179	15	2400184	15	2400189	15	2400194	15	2400199	15	2600020	100	2600518	70	2600524	30	2408007	50	2600371	50	2600389	50	2600909	40	0	0	0	0	0	0	0	0	0	0	0	0
1040	100.0	1	1	2400767	50	2600251	50	2600252	50	2600254	50	2600255	50	2600256	50	2400050	50	2400154	10	2400159	10	2400164	10	2400169	10	2400174	10	2400179	10	2400184	10	2400189	10	2400194	10	2400199	10	2600020	100	2600518	70	2600524	30	2408007	50	2600371	50	2600389	50	2600909	50	0	0	0	0	0	0	0	0	0	0	0	0
1041	100.0	1	1	2400154	10	2400159	10	2400164	10	2400169	10	2400174	10	2400179	10	2400184	10	2400189	10	2400194	10	2400199	10	2600518	0	2600524	30	2408007	0	2600371	30	2600515	15	2600516	0	2600517	0	2600389	30	2208945	10	2208952	10	2208959	10	2208966	10	2208973	10	2208980	10	2600909	30	0	10	0	0	0	0	0	0	0	0
1042	100.0	1	1	2400154	0	2400159	0	2400164	0	2400169	0	2400174	0	2400179	0	2400184	0	2400189	0	2400194	0	2400199	0	2600518	0	2600524	40	2408007	0	2600371	30	2600515	15	2600516	0	2600517	0	2600389	30	2208945	15	2208952	15	2208959	15	2208966	15	2208973	15	2208980	15	2600909	0	0	15	0	0	0	0	0	0	0	0
1043	100.0	1	1	2400669	100	2400670	100	2400671	100	2400054	100	2400053	100	2400052	50	0	0	0	0	0	0	0	0	0	0	0	0	0	0	0	0	0	0	0	0	0	0	0	0	0	0	0	0	0	0	0	0	0	0	0	0	0	0	0	0	0	0	0	0	0	0	0	0
1044	100.0	1	1	2400669	50	2400670	50	2400671	50	2400054	50	2400053	50	2400052	50	0	0	0	0	0	0	0	0	0	0	0	0	0	0	0	0	0	0	0	0	0	0	0	0	0	0	0	0	0	0	0	0	0	0	0	0	0	0	0	0	0	0	0	0	0	0	0	0
1045	100.0	1	1	2400768	100	2400054	100	2400052	50	2400094	70	2400095	30	2400055	50	2600524	70	2600530	30	2600372	15	0	0	0	0	0	0	0	0	0	0	0	0	0	0	0	0	0	0	0	0	0	0	0	0	0	0	0	0	0	0	0	0	0	0	0	0	0	0	0	0	0	0
1046	100.0	1	1	2400768	50	2400054	50	2400052	50	2400094	35	2400095	30	2400055	50	2600524	35	2600530	30	2600372	15	0	0	0	0	0	0	0	0	0	0	0	0	0	0	0	0	0	0	0	0	0	0	0	0	0	0	0	0	0	0	0	0	0	0	0	0	0	0	0	0	0	0
1047	100.0	1	1	2400094	70	2400095	30	2600524	70	2600530	30	2600372	15	2400062	15	0	0	2600515	15	2600516	15	2600517	15	3500007	5	3500008	10	3500009	10	2206101	5	2206102	5	2206103	5	2206104	5	2206105	5	2206106	5	0	5	0	0	0	0	0	0	0	0	0	0	0	0	0	0	0	0	0	0	0	0
1048	100.0	1	1	2400094	35	2400095	60	2600524	35	2600530	60	2600372	30	2400062	30	0	0	2600515	30	2600516	30	2600517	30	3500007	10	3500008	20	3500009	20	2206101	10	2206102	10	2206103	10	2206104	10	2206105	10	2206106	10	0	10	0	0	0	0	0	0	0	0	0	0	0	0	0	0	0	0	0	0	0	0
1049	100.0	1	1	0	0	0	0	0	0	2400673	50	2400674	50	2400672	50	0	0	0	0	0	0	0	0	0	0	0	0	0	0	0	0	0	0	0	0	0	0	0	0	0	0	0	0	0	0	0	0	0	0	0	0	0	0	0	0	0	0	0	0	0	0	0	0
1050	100.0	1	1	0	0	0	0	0	0	2400673	50	2400674	50	2400672	50	2600053	50	0	0	0	0	0	0	0	0	0	0	0	0	0	0	0	0	0	0	0	0	0	0	0	0	0	0	0	0	0	0	0	0	0	0	0	0	0	0	0	0	0	0	0	0	0	0
1051	100.0	1	1	2400673	100	2400674	100	2400672	100	2600053	50	2400769	50	2600048	50	0	0	0	0	0	0	0	0	0	0	0	0	0	0	0	0	0	0	0	0	0	0	0	0	0	0	0	0	0	0	0	0	0	0	0	0	0	0	0	0	0	0	0	0	0	0	0	0
1052	100.0	1	1	2400673	100	2400674	100	2400672	100	2600053	50	2400769	50	2600048	50	2400095	25	0	0	0	0	0	0	0	0	0	0	0	0	0	0	0	0	0	0	0	0	0	0	0	0	0	0	0	0	0	0	0	0	0	0	0	0	0	0	0	0	0	0	0	0	0	0
1053	100.0	1	1	2400673	100	2400674	100	2400672	100	2600053	50	2400769	50	2600048	50	2400095	25	2208996	10	0	0	0	0	0	0	0	0	0	0	0	0	0	0	0	0	0	0	0	0	0	0	0	0	0	0	0	0	0	0	0	0	0	0	0	0	0	0	0	0	0	0	0	0
1054	100.0	1	1	2400673	100	2400674	100	2400672	100	2600053	50	2400769	50	2600048	50	2400095	50	2208996	50	0	0	0	0	0	0	0	0	0	0	0	0	0	0	0	0	0	0	0	0	0	0	0	0	0	0	0	0	0	0	0	0	0	0	0	0	0	0	0	0	0	0	0	0
1055	100.0	1	3	2400768	50	2400094	50	2400095	50	2400802	100	2600372	10	2600373	10	2400062	20	0	0	0	0	0	0	0	0	0	0	0	0	0	0	0	0	0	0	0	0	0	0	0	0	0	0	0	0	0	0	0	0	0	0	0	0	0	0	0	0	0	0	0	0	0	0
1056	100.0	1	1	2400709	100	2600041	50	2600042	50	2600043	50	0	0	0	0	0	0	0	0	0	0	0	0	0	0	0	0	0	0	0	0	0	0	0	0	0	0	0	0	0	0	0	0	0	0	0	0	0	0	0	0	0	0	0	0	0	0	0	0	0	0	0	0
1057	100.0	1	1	2400709	100	2600041	50	2600042	50	2600043	50	0	0	0	0	0	0	0	0	0	0	0	0	0	0	0	0	0	0	0	0	0	0	0	0	0	0	0	0	0	0	0	0	0	0	0	0	0	0	0	0	0	0	0	0	0	0	0	0	0	0	0	0
1058	100.0	1	1	2400709	100	2600041	50	2600042	50	2600043	50	0	0	0	0	0	0	0	0	0	0	0	0	0	0	0	0	0	0	0	0	0	0	0	0	0	0	0	0	0	0	0	0	0	0	0	0	0	0	0	0	0	0	0	0	0	0	0	0	0	0	0	0
1059	100.0	1	1	2400709	100	2600041	50	2600042	50	2600043	50	2400091	50	2600507	50	0	0	0	0	0	0	0	0	0	0	0	0	0	0	0	0	0	0	0	0	0	0	0	0	0	0	0	0	0	0	0	0	0	0	0	0	0	0	0	0	0	0	0	0	0	0	0	0
1060	100.0	1	1	2400709	100	2600041	50	2600042	50	2600043	50	2400091	50	2600507	50	2600554	25	0	0	0	0	0	0	0	0	0	0	0	0	0	0	0	0	0	0	0	0	0	0	0	0	0	0	0	0	0	0	0	0	0	0	0	0	0	0	0	0	0	0	0	0	0	0
1061	100.0	1	1	2400709	100	2600041	50	2600042	50	2600043	50	2400091	50	2600507	50	2600554	25	0	0	0	0	0	0	0	0	0	0	0	0	0	0	0	0	0	0	0	0	0	0	0	0	0	0	0	0	0	0	0	0	0	0	0	0	0	0	0	0	0	0	0	0	0	0
1062	100.0	1	1	2400709	100	2600041	50	2600042	50	2600043	50	0	0	0	0	0	0	0	0	0	0	0	0	0	0	0	0	0	0	0	0	0	0	0	0	0	0	0	0	0	0	0	0	0	0	0	0	0	0	0	0	0	0	0	0	0	0	0	0	0	0	0	0
1063	100.0	1	1	2400709	100	2600041	50	2600042	50	2600043	50	2600051	50	0	0	0	0	0	0	0	0	0	0	0	0	0	0	0	0	0	0	0	0	0	0	0	0	0	0	0	0	0	0	0	0	0	0	0	0	0	0	0	0	0	0	0	0	0	0	0	0	0	0
1064	100.0	1	1	2400709	100	2600047	50	2600051	50	0	0	0	0	0	0	0	0	0	0	0	0	0	0	0	0	0	0	0	0	0	0	0	0	0	0	0	0	0	0	0	0	0	0	0	0	0	0	0	0	0	0	0	0	0	0	0	0	0	0	0	0	0	0
1065	100.0	1	1	2400709	100	2600047	50	2600051	50	0	0	2400091	50	0	0	0	0	0	0	0	0	0	0	0	0	0	0	0	0	0	0	0	0	0	0	0	0	0	0	0	0	0	0	0	0	0	0	0	0	0	0	0	0	0	0	0	0	0	0	0	0	0	0
1066	100.0	1	1	2400709	100	2600047	50	2600051	50	0	0	2400091	50	0	25	0	25	0	25	2600554	25	2410082	25	2410083	25	2410084	25	0	0	0	0	0	0	0	0	0	0	0	0	0	0	0	0	0	0	0	0	0	0	0	0	0	0	0	0	0	0	0	0	0	0	0	0
1067	100.0	1	1	2400709	50	2600047	50	2600051	50	0	0	2400091	50	0	100	0	100	0	100	2600554	100	2410082	100	2410083	100	2410084	100	0	0	0	0	0	0	0	0	0	0	0	0	0	0	0	0	0	0	0	0	0	0	0	0	0	0	0	0	0	0	0	0	0	0	0	0
1068	100.0	1	1	2400710	100	2600041	50	2600042	50	2600043	50	0	0	0	0	0	0	0	0	0	0	0	0	0	0	0	0	0	0	0	0	0	0	0	0	0	0	0	0	0	0	0	0	0	0	0	0	0	0	0	0	0	0	0	0	0	0	0	0	0	0	0	0
1069	100.0	1	1	2400710	100	2600041	50	2600042	50	2600043	50	0	0	0	0	0	0	0	0	0	0	0	0	0	0	0	0	0	0	0	0	0	0	0	0	0	0	0	0	0	0	0	0	0	0	0	0	0	0	0	0	0	0	0	0	0	0	0	0	0	0	0	0
1070	100.0	1	1	2400710	100	2600041	50	2600042	50	2600043	50	2405557	50	0	0	0	0	0	0	0	0	0	0	0	0	0	0	0	0	0	0	0	0	0	0	0	0	0	0	0	0	0	0	0	0	0	0	0	0	0	0	0	0	0	0	0	0	0	0	0	0	0	0
1071	100.0	1	1	2400710	100	2600041	50	2600042	50	2600043	50	2405557	50	2400091	50	2400092	50	2600507	50	0	0	0	0	0	0	0	0	0	0	0	0	0	0	0	0	0	0	0	0	0	0	0	0	0	0	0	0	0	0	0	0	0	0	0	0	0	0	0	0	0	0	0	0
1072	100.0	1	1	2400710	100	2600041	50	2600042	50	2600043	50	2405557	50	2400091	50	2600507	50	2600555	25	2400092	50	0	0	0	0	0	0	0	0	0	0	0	0	0	0	0	0	0	0	0	0	0	0	0	0	0	0	0	0	0	0	0	0	0	0	0	0	0	0	0	0	0	0
1073	100.0	1	1	2400710	100	2600041	50	2600042	50	2600043	50	2405557	50	2400091	50	2600507	50	2600555	25	2400092	50	0	0	0	0	0	0	0	0	0	0	0	0	0	0	0	0	0	0	0	0	0	0	0	0	0	0	0	0	0	0	0	0	0	0	0	0	0	0	0	0	0	0
1074	100.0	1	1	2400710	100	2600041	50	2600042	50	2600043	50	0	0	0	0	0	0	0	0	0	0	0	0	0	0	0	0	0	0	0	0	0	0	0	0	0	0	0	0	0	0	0	0	0	0	0	0	0	0	0	0	0	0	0	0	0	0	0	0	0	0	0	0
1075	100.0	1	1	2400710	100	2600041	50	2600042	50	2600043	50	2600052	50	0	0	0	0	0	0	0	0	0	0	0	0	0	0	0	0	0	0	0	0	0	0	0	0	0	0	0	0	0	0	0	0	0	0	0	0	0	0	0	0	0	0	0	0	0	0	0	0	0	0
1076	100.0	1	1	2400710	100	2600047	50	2600052	50	2405557	50	0	0	0	0	0	0	0	0	0	0	0	0	0	0	0	0	0	0	0	0	0	0	0	0	0	0	0	0	0	0	0	0	0	0	0	0	0	0	0	0	0	0	0	0	0	0	0	0	0	0	0	0
1077	100.0	1	1	2400710	100	2600047	50	2600052	50	2405557	50	2400091	50	2400092	50	0	0	0	0	0	0	0	0	0	0	0	0	0	0	0	0	0	0	0	0	0	0	0	0	0	0	0	0	0	0	0	0	0	0	0	0	0	0	0	0	0	0	0	0	0	0	0	0
1078	100.0	1	1	2400710	100	2600047	50	2600052	50	2405557	50	2400091	50	2410016	25	2410017	25	2410018	25	2600555	25	2410037	25	2410038	25	2410039	25	2400092	50	0	0	0	0	0	0	0	0	0	0	0	0	0	0	0	0	0	0	0	0	0	0	0	0	0	0	0	0	0	0	0	0	0	0
1079	100.0	1	1	2400710	50	2600047	50	2600052	50	2405557	50	2400091	50	2410016	100	2410017	100	2410018	100	2600555	100	2410037	100	2410038	100	2410039	100	2400092	50	0	0	0	0	0	0	0	0	0	0	0	0	0	0	0	0	0	0	0	0	0	0	0	0	0	0	0	0	0	0	0	0	0	0
1080	100.0	1	1	2400711	100	2600041	50	2600042	50	2600043	50	0	0	0	0	0	0	0	0	0	0	0	0	0	0	0	0	0	0	0	0	0	0	0	0	0	0	0	0	0	0	0	0	0	0	0	0	0	0	0	0	0	0	0	0	0	0	0	0	0	0	0	0
1081	100.0	1	1	2400711	100	2600041	50	2600042	50	2600043	50	0	0	0	0	0	0	0	0	0	0	0	0	0	0	0	0	0	0	0	0	0	0	0	0	0	0	0	0	0	0	0	0	0	0	0	0	0	0	0	0	0	0	0	0	0	0	0	0	0	0	0	0
1082	100.0	1	1	2400711	100	2600041	50	2600042	50	2600043	50	2405558	50	0	0	0	0	0	0	0	0	0	0	0	0	0	0	0	0	0	0	0	0	0	0	0	0	0	0	0	0	0	0	0	0	0	0	0	0	0	0	0	0	0	0	0	0	0	0	0	0	0	0
1083	100.0	1	1	2400711	100	2600041	50	2600042	50	2600043	50	2405558	50	2400093	50	2400092	50	2600507	50	0	0	0	0	0	0	0	0	0	0	0	0	0	0	0	0	0	0	0	0	0	0	0	0	0	0	0	0	0	0	0	0	0	0	0	0	0	0	0	0	0	0	0	0
1084	100.0	1	1	2400711	100	2600041	50	2600042	50	2600043	50	2405558	50	2400093	50	2600507	75	2600556	25	2600557	25	2400092	50	0	0	0	0	0	0	0	0	0	0	0	0	0	0	0	0	0	0	0	0	0	0	0	0	0	0	0	0	0	0	0	0	0	0	0	0	0	0	0	0
1085	100.0	1	1	2400711	100	2600041	50	2600042	50	2600043	50	2405558	50	2400093	50	2600507	75	2600556	25	2600557	25	2400092	50	0	0	0	0	0	0	0	0	0	0	0	0	0	0	0	0	0	0	0	0	0	0	0	0	0	0	0	0	0	0	0	0	0	0	0	0	0	0	0	0
1086	100.0	1	1	2400711	100	2600041	50	2600042	50	2600043	50	0	0	0	0	0	0	0	0	0	0	0	0	0	0	0	0	0	0	0	0	0	0	0	0	0	0	0	0	0	0	0	0	0	0	0	0	0	0	0	0	0	0	0	0	0	0	0	0	0	0	0	0
1087	100.0	1	1	2400711	100	2600041	50	2600042	50	2600043	50	2600053	50	0	0	0	0	0	0	0	0	0	0	0	0	0	0	0	0	0	0	0	0	0	0	0	0	0	0	0	0	0	0	0	0	0	0	0	0	0	0	0	0	0	0	0	0	0	0	0	0	0	0
1088	100.0	1	1	2400711	100	2600047	50	2600053	50	2405558	50	0	0	0	0	0	0	0	0	0	0	0	0	0	0	0	0	0	0	0	0	0	0	0	0	0	0	0	0	0	0	0	0	0	0	0	0	0	0	0	0	0	0	0	0	0	0	0	0	0	0	0	0
1089	100.0	1	1	2400711	100	2600047	50	2600053	50	2405558	50	2400093	50	2400092	50	0	0	0	0	0	0	0	0	0	0	0	0	0	0	0	0	0	0	0	0	0	0	0	0	0	0	0	0	0	0	0	0	0	0	0	0	0	0	0	0	0	0	0	0	0	0	0	0
1090	100.0	1	1	2400711	100	2600047	50	2600053	50	2405558	50	2400093	50	2410106	25	2410107	25	2410108	25	2600556	25	2600557	25	2410025	25	2410026	25	2410027	25	2400092	50	0	0	0	0	0	0	0	0	0	0	0	0	0	0	0	0	0	0	0	0	0	0	0	0	0	0	0	0	0	0	0	0
1091	100.0	1	1	2400711	50	2600047	50	2600053	50	2405558	50	2400093	50	2410106	100	2410107	100	2410108	100	2600556	100	2600557	100	2410025	100	2410026	100	2410027	100	2400092	50	0	0	0	0	0	0	0	0	0	0	0	0	0	0	0	0	0	0	0	0	0	0	0	0	0	0	0	0	0	0	0	0
1092	100.0	1	1	2400712	100	2600041	50	2600042	50	2600043	50	0	0	0	0	0	0	0	0	0	0	0	0	0	0	0	0	0	0	0	0	0	0	0	0	0	0	0	0	0	0	0	0	0	0	0	0	0	0	0	0	0	0	0	0	0	0	0	0	0	0	0	0
1093	100.0	1	1	2400712	100	2600041	50	2600042	50	2600043	50	0	0	0	0	0	0	0	0	0	0	0	0	0	0	0	0	0	0	0	0	0	0	0	0	0	0	0	0	0	0	0	0	0	0	0	0	0	0	0	0	0	0	0	0	0	0	0	0	0	0	0	0
1094	100.0	1	1	2400712	100	2600041	50	2600042	50	2600043	50	2405559	50	2405560	25	0	0	0	0	0	0	0	0	0	0	0	0	0	0	0	0	0	0	0	0	0	0	0	0	0	0	0	0	0	0	0	0	0	0	0	0	0	0	0	0	0	0	0	0	0	0	0	0
1095	100.0	1	1	2400712	100	2600041	50	2600042	50	2600043	50	2405559	50	2405560	25	2400093	50	2600507	50	0	0	0	0	0	0	0	0	0	0	0	0	0	0	0	0	0	0	0	0	0	0	0	0	0	0	0	0	0	0	0	0	0	0	0	0	0	0	0	0	0	0	0	0
1096	100.0	1	1	2400712	100	2600041	50	2600042	50	2600043	50	2405559	50	2405560	25	2400093	50	2600507	75	2600558	25	2600559	25	0	0	0	0	0	0	0	0	0	0	0	0	0	0	0	0	0	0	0	0	0	0	0	0	0	0	0	0	0	0	0	0	0	0	0	0	0	0	0	0
1097	100.0	1	1	2400712	100	2600041	50	2600042	50	2600043	50	2405559	50	2405560	25	2400093	50	2600507	75	2600558	25	2600559	25	0	0	0	0	0	0	0	0	0	0	0	0	0	0	0	0	0	0	0	0	0	0	0	0	0	0	0	0	0	0	0	0	0	0	0	0	0	0	0	0
1098	100.0	1	1	2400712	100	2600041	50	2600042	50	2600043	50	0	0	0	0	0	0	0	0	0	0	0	0	0	0	0	0	0	0	0	0	0	0	0	0	0	0	0	0	0	0	0	0	0	0	0	0	0	0	0	0	0	0	0	0	0	0	0	0	0	0	0	0
1099	100.0	1	1	2400712	100	2600041	50	2600042	50	2600043	50	2600053	50	0	0	0	0	0	0	0	0	0	0	0	0	0	0	0	0	0	0	0	0	0	0	0	0	0	0	0	0	0	0	0	0	0	0	0	0	0	0	0	0	0	0	0	0	0	0	0	0	0	0
1100	100.0	1	1	2400712	100	2600047	50	2600053	50	2405559	50	2405560	25	0	0	0	0	0	0	0	0	0	0	0	0	0	0	0	0	0	0	0	0	0	0	0	0	0	0	0	0	0	0	0	0	0	0	0	0	0	0	0	0	0	0	0	0	0	0	0	0	0	0
1101	100.0	1	1	2400712	100	2600047	50	2600053	50	2405559	50	2405560	25	2400093	50	0	0	0	0	0	0	0	0	0	0	0	0	0	0	0	0	0	0	0	0	0	0	0	0	0	0	0	0	0	0	0	0	0	0	0	0	0	0	0	0	0	0	0	0	0	0	0	0
1102	100.0	1	1	2400712	100	2600047	50	2600053	50	2405559	50	2405560	25	2400093	50	0	25	0	25	0	25	2410001	25	2410002	25	2410003	25	2600558	25	2600559	25	2600560	25	2600561	25	0	0	0	0	0	0	0	0	0	0	0	0	0	0	0	0	0	0	0	0	0	0	0	0	0	0	0	0
1103	100.0	1	1	2400712	50	2600047	50	2600053	50	2405559	50	2405560	25	2400093	50	0	100	0	100	0	100	2410001	100	2410002	100	2410003	100	2600558	100	2600559	100	2600560	100	2600561	100	0	0	0	0	0	0	0	0	0	0	0	0	0	0	0	0	0	0	0	0	0	0	0	0	0	0	0	0
1104	100.0	1	1	2400709	100	0	0	0	0	0	0	0	0	0	0	0	0	0	0	0	0	0	0	0	0	0	0	0	0	0	0	0	0	0	0	0	0	0	0	0	0	0	0	0	0	0	0	0	0	0	0	0	0	0	0	0	0	0	0	0	0	0	0
1105	100.0	1	1	2400709	100	0	0	0	0	0	0	0	0	2600041	50	2600042	50	2600043	50	0	0	0	0	0	0	0	0	0	0	0	0	0	0	0	0	0	0	0	0	0	0	0	0	0	0	0	0	0	0	0	0	0	0	0	0	0	0	0	0	0	0	0	0
1106	100.0	1	1	2400709	100	0	0	0	0	0	0	0	0	2600041	50	2600042	50	2600043	50	2600051	50	2600052	50	2600053	50	0	0	0	0	0	0	0	0	0	0	0	0	0	0	0	0	0	0	0	0	0	0	0	0	0	0	0	0	0	0	0	0	0	0	0	0	0	0
1107	100.0	1	1	2400709	100	0	0	0	0	0	0	0	0	2600041	50	2600042	50	2600043	50	2600051	50	2600052	50	2600053	50	0	25	0	0	0	0	0	0	0	0	0	0	0	0	0	0	0	0	0	0	0	0	0	0	0	0	0	0	0	0	0	0	0	0	0	0	0	0
1108	100.0	1	1	2400709	75	0	0	0	0	0	0	0	0	2600041	50	2600042	50	2600043	50	2600051	50	2600052	50	2600053	50	0	50	0	0	0	0	0	0	0	0	0	0	0	0	0	0	0	0	0	0	0	0	0	0	0	0	0	0	0	0	0	0	0	0	0	0	0	0
1109	100.0	1	1	2400709	50	0	0	0	0	0	0	0	0	2600041	50	2600042	50	2600043	50	2600051	50	2600052	50	2600053	50	0	75	0	0	0	0	0	0	0	0	0	0	0	0	0	0	0	0	0	0	0	0	0	0	0	0	0	0	0	0	0	0	0	0	0	0	0	0
1110	100.0	1	2	2400709	0	2601132	10	2405557	100	2600507	140	2600301	100	2600302	100	2405019	20	2405020	20	2405021	20	2405022	20	2405023	20	2600554	100	0	0	2400903	16	2400904	12	2400905	12	2400906	12	2400907	12	2400908	12	2400909	12	2400910	12	2600044	30	2600045	35	2600046	35	2601331	30	2601332	70	2601334	50	0	0	0	0	0	0
1111	100.0	1	2	2400710	0	2601133	10	2405558	100	2600507	140	2600302	100	2600303	100	2405037	20	2405038	20	2405039	20	2405040	20	2405041	20	2600555	100	0	0	2400911	14	2400912	14	2400913	14	2400914	14	2400915	14	2400916	14	2400917	16	0	0	2600047	100	0	0	0	0	2601332	50	2601333	30	2601334	70	0	0	0	0	0	0
1112	100.0	1	2	2400711	0	2601134	10	2405559	100	2600507	140	2600303	100	2600304	100	2405055	20	2405056	20	2405057	20	2405058	20	2405059	20	2600556	50	2600557	50	0	0	2400920	33	2400921	33	2400924	34	0	0	0	0	0	0	0	0	2600047	100	0	0	0	0	2601335	30	2601336	70	2601337	50	0	0	0	0	0	0
1113	100.0	1	2	2400712	0	2601135	10	2405560	100	2600507	140	2600304	100	2600305	100	2405073	20	2405074	20	2405075	20	2405076	20	2405077	20	2600558	25	2600559	25	2600560	25	2600561	25	0	0	0	0	2400918	25	2400919	25	2400922	25	2400923	25	2600047	100	0	0	0	0	2601336	50	2601337	70	0	30	0	0	0	0	0	0
1114	100.0	1	3	0	0	0	0	0	0	2600025	50	0	0	2400902	100	2600509	100	2600352	90	2600353	9	2600354	1	2400902	100	2600701	50	2401151	50	0	0	0	0	0	0	0	0	0	0	0	0	0	0	0	0	0	0	0	0	0	0	0	0	0	0	0	0	0	0	0	0	0	0
1115	100.0	1	3	0	0	0	0	0	0	2600025	50	0	0	2400903	100	2600509	100	2600352	90	2600353	9	2600354	1	2400904	100	2600701	50	2401151	50	0	0	0	0	0	0	0	0	0	0	0	0	0	0	0	0	0	0	0	0	0	0	0	0	0	0	0	0	0	0	0	0	0	0
1116	100.0	1	3	0	0	0	0	0	0	2600025	50	2405557	50	2400905	100	2600509	100	2600352	90	2600353	9	2600354	1	2400906	100	2600701	50	2401152	50	0	0	0	0	0	0	0	0	0	0	0	0	0	0	0	0	0	0	0	0	0	0	0	0	0	0	0	0	0	0	0	0	0	0
1117	100.0	1	3	0	0	0	0	0	0	2600026	50	2405557	50	2400907	100	2600509	100	2600352	90	2600353	9	2600354	1	2400908	100	2600701	50	2401152	50	0	0	0	0	0	0	0	0	0	0	0	0	0	0	0	0	0	0	0	0	0	0	0	0	0	0	0	0	0	0	0	0	0	0
1118	100.0	1	3	0	0	0	0	0	0	2600027	50	2405557	50	2400909	100	2600509	100	2600352	90	2600353	9	2600354	1	2400910	100	2600701	50	2401153	50	0	0	0	0	0	0	0	0	0	0	0	0	0	0	0	0	0	0	0	0	0	0	0	0	0	0	0	0	0	0	0	0	0	0
1119	100.0	1	3	0	0	0	0	0	0	2600027	50	2405558	50	2400911	100	2600509	100	2600355	90	2600356	9	2600357	1	2400912	100	2600702	50	2401154	50	0	0	0	0	0	0	0	0	0	0	0	0	0	0	0	0	0	0	0	0	0	0	0	0	0	0	0	0	0	0	0	0	0	0
1120	100.0	1	3	0	0	0	0	0	0	2600027	50	2405558	50	2400913	100	2600509	100	2600355	90	2600356	9	2600357	1	2400914	100	2600702	50	2401155	50	0	0	0	0	0	0	0	0	0	0	0	0	0	0	0	0	0	0	0	0	0	0	0	0	0	0	0	0	0	0	0	0	0	0
1121	100.0	1	3	0	0	0	0	0	0	2600028	50	2405559	50	2400915	100	2600509	100	2600355	90	2600356	9	2600357	1	2400916	100	2600702	50	2401155	50	0	0	0	0	0	0	0	0	0	0	0	0	0	0	0	0	0	0	0	0	0	0	0	0	0	0	0	0	0	0	0	0	0	0
1122	100.0	1	3	0	0	0	0	0	0	2600028	50	2405559	50	2400924	100	2600509	100	2600358	90	2600359	9	2600360	1	2400924	100	2600703	50	2401156	50	0	0	0	0	0	0	0	0	0	0	0	0	0	0	0	0	0	0	0	0	0	0	0	0	0	0	0	0	0	0	0	0	0	0
1123	100.0	1	3	0	0	0	0	0	0	2600028	50	2405559	50	2400924	100	2600509	100	2600358	90	2600359	9	2600360	1	2400924	100	2600703	50	2401156	50	0	0	0	0	0	0	0	0	0	0	0	0	0	0	0	0	0	0	0	0	0	0	0	0	0	0	0	0	0	0	0	0	0	0
1124	100.0	1	3	0	0	0	0	0	0	2600029	50	2405560	50	2400920	100	2600509	100	2600358	90	2600359	9	2600360	1	2400921	100	2600703	50	2401157	50	0	0	0	0	0	0	0	0	0	0	0	0	0	0	0	0	0	0	0	0	0	0	0	0	0	0	0	0	0	0	0	0	0	0
1125	100.0	1	3	0	0	0	0	0	0	2600029	50	2405560	50	2400918	100	2600509	100	2600361	90	2600362	9	2600363	1	2400919	100	2600704	50	2401157	50	0	0	0	0	0	0	0	0	0	0	0	0	0	0	0	0	0	0	0	0	0	0	0	0	0	0	0	0	0	0	0	0	0	0
1126	100.0	1	3	0	0	0	0	0	0	2600029	50	2405560	50	2400918	100	2600509	100	2600361	90	2600362	9	2600363	1	2400919	100	2600704	50	2401158	50	0	0	0	0	0	0	0	0	0	0	0	0	0	0	0	0	0	0	0	0	0	0	0	0	0	0	0	0	0	0	0	0	0	0
1127	100.0	1	3	0	0	0	0	0	0	2600029	50	2405560	50	2400922	100	2600509	100	2600361	90	2600362	9	2600363	1	2400923	100	2600704	50	2401158	50	0	0	0	0	0	0	0	0	0	0	0	0	0	0	0	0	0	0	0	0	0	0	0	0	0	0	0	0	0	0	0	0	0	0
1128	100.0	1	1	0	0	0	0	0	0	0	0	0	0	0	0	0	0	0	0	0	0	0	0	0	0	0	0	0	0	0	0	0	0	0	0	0	0	0	0	0	0	0	0	0	0	0	0	0	0	0	0	0	0	0	0	0	0	0	0	0	0	0	0
1129	100.0	1	1	0	0	0	0	0	0	0	0	0	0	0	0	0	0	0	0	0	0	0	0	0	0	0	0	0	0	0	0	0	0	0	0	0	0	0	0	0	0	0	0	0	0	0	0	0	0	0	0	0	0	0	0	0	0	0	0	0	0	0	0
1130	100.0	1	1	0	0	0	0	0	0	0	0	0	0	0	0	0	0	0	0	0	0	0	0	0	0	0	0	0	0	0	0	0	0	0	0	0	0	0	0	0	0	0	0	0	0	0	0	0	0	0	0	0	0	0	0	0	0	0	0	0	0	0	0
1131	100.0	1	1	0	0	0	0	0	0	0	0	0	0	0	0	2400675	50	2400676	50	2400677	50	0	0	0	0	0	0	0	0	0	0	0	0	0	0	0	0	0	0	0	0	0	0	0	0	0	0	0	0	0	0	0	0	0	0	0	0	0	0	0	0	0	0
1132	100.0	1	1	0	0	0	0	0	0	0	0	0	0	0	0	2400675	50	2400676	50	2400677	50	2600041	50	2600042	50	2600043	50	0	0	0	0	0	0	0	0	0	0	0	0	0	0	0	0	0	0	0	0	0	0	0	0	0	0	0	0	0	0	0	0	0	0	0	0
1133	100.0	1	1	0	0	0	0	0	0	0	0	0	0	0	0	2400675	50	2400676	50	2400677	50	2600041	50	2600042	50	2600043	50	0	0	0	0	0	0	0	0	0	0	0	0	0	0	0	0	0	0	0	0	0	0	0	0	0	0	0	0	0	0	0	0	0	0	0	0
1134	100.0	1	1	0	0	0	0	0	0	0	0	0	0	0	0	0	0	0	0	0	0	0	0	0	0	0	0	0	0	0	0	0	0	0	0	0	0	0	0	0	0	0	0	0	0	0	0	0	0	0	0	0	0	0	0	0	0	0	0	0	0	0	0
1135	100.0	1	1	0	0	0	0	0	0	0	0	0	0	0	0	0	0	0	0	0	0	0	0	0	0	0	0	0	0	0	0	0	0	0	0	0	0	0	0	0	0	0	0	0	0	0	0	0	0	0	0	0	0	0	0	0	0	0	0	0	0	0	0
1136	100.0	1	1	0	0	0	0	0	0	0	0	0	0	0	0	0	0	0	0	0	0	0	0	0	0	0	0	0	0	0	0	0	0	0	0	0	0	0	0	0	0	0	0	0	0	0	0	0	0	0	0	0	0	0	0	0	0	0	0	0	0	0	0
1137	100.0	1	1	0	0	0	0	0	0	0	0	0	0	0	0	2400678	50	2400679	50	2400680	50	0	0	0	0	0	0	0	0	0	0	0	0	0	0	0	0	0	0	0	0	0	0	0	0	0	0	0	0	0	0	0	0	0	0	0	0	0	0	0	0	0	0
1138	100.0	1	1	0	0	0	0	0	0	0	0	0	0	0	0	2400678	50	2400679	50	2400680	50	2600041	50	2600042	50	2600043	50	0	0	0	0	0	0	0	0	0	0	0	0	0	0	0	0	0	0	0	0	0	0	0	0	0	0	0	0	0	0	0	0	0	0	0	0
1139	100.0	1	1	0	0	0	0	0	0	0	0	0	0	0	0	2400678	50	2400679	50	2400680	50	2600041	50	2600042	50	2600043	50	0	0	0	0	0	0	0	0	0	0	0	0	0	0	0	0	0	0	0	0	0	0	0	0	0	0	0	0	0	0	0	0	0	0	0	0
1140	100.0	1	1	2400709	200	2600041	150	2600042	150	2600043	150	2600051	50	0	50	2400091	50	2410007	25	2410008	25	2410009	25	2600554	50	0	0	0	0	0	0	0	0	0	0	0	0	0	0	0	0	0	0	0	0	0	0	0	0	0	0	0	0	0	0	0	0	0	0	0	0	0	0
1141	100.0	1	1	2400710	200	2600041	150	2600042	150	2600043	150	2600052	50	2405557	50	2400091	50	2410046	25	2410047	25	2410048	25	2400092	50	2600555	50	0	0	0	0	0	0	0	0	0	0	0	0	0	0	0	0	0	0	0	0	0	0	0	0	0	0	0	0	0	0	0	0	0	0	0	0
1142	100.0	1	1	2400711	200	2600041	150	2600042	150	2600043	150	2600053	50	2405558	50	2400093	50	0	25	0	25	0	25	2400092	50	2600556	50	2600557	50	0	0	0	0	0	0	0	0	0	0	0	0	0	0	0	0	0	0	0	0	0	0	0	0	0	0	0	0	0	0	0	0	0	0
1143	100.0	1	1	2400712	200	2600041	150	2600042	150	2600043	150	2600053	50	2405559	50	2405560	25	2400093	50	2410091	25	2410092	25	2410093	25	2600558	50	2600559	50	2600560	50	2600561	50	0	0	0	0	0	0	0	0	0	0	0	0	0	0	0	0	0	0	0	0	0	0	0	0	0	0	0	0	0	0
1144	100.0	1	1	2400651	100	2400652	100	2400653	100	2600251	100	2600252	100	2600254	100	2600255	100	2600256	100	3510004	100	2400048	100	2600804	150	0	0	0	0	0	0	0	0	0	0	0	0	0	0	0	0	0	0	0	0	0	0	0	0	0	0	0	0	0	0	0	0	0	0	0	0	0	0
1145	100.0	1	1	2400651	50	2400652	50	2400653	50	2600251	50	2600252	50	2600254	50	2600255	50	2600256	50	3510004	100	2400048	100	2600804	300	0	0	0	0	0	0	0	0	0	0	0	0	0	0	0	0	0	0	0	0	0	0	0	0	0	0	0	0	0	0	0	0	0	0	0	0	0	0
1146	100.0	1	1	2400762	100	2600251	100	2600252	100	2600254	100	2600255	100	2600256	100	2400048	100	2400102	15	2400107	15	2400112	15	2400117	15	2400122	15	2400127	15	2400132	15	2400137	15	2400142	15	2400147	15	2600020	100	2600518	100	2408002	50	2600367	50	2600904	50	0	0	0	0	0	0	0	0	0	0	0	0	0	0	0	0
1147	100.0	1	1	2400762	50	2600251	50	2600252	50	2600254	50	2600255	50	2600256	50	2400048	50	2400102	10	2400107	10	2400112	10	2400117	10	2400122	10	2400127	10	2400132	10	2400137	10	2400142	10	2400147	10	2600020	100	2600518	100	2408002	50	2600367	50	2600904	60	0	0	0	0	0	0	0	0	0	0	0	0	0	0	0	0
1148	100.0	1	1	2400102	10	2400107	10	2400112	10	2400117	10	2400122	10	2400127	10	2400132	10	2400137	10	2400142	10	2400147	10	2600518	40	2408002	0	2600367	30	2600515	0	2600516	0	2600517	15	2208916	10	2208917	10	2208918	10	2208919	10	2208920	10	2208921	10	2600904	50	0	10	0	0	0	0	0	0	0	0	0	0	0	0
1149	100.0	1	1	2400102	0	2400107	0	2400112	0	2400117	0	2400122	0	2400127	0	2400132	0	2400137	0	2400142	0	2400147	0	2600518	50	2408002	0	2600367	30	2600515	0	2600516	0	2600517	15	2208916	12	2208917	12	2208918	12	2208919	12	2208920	12	2208921	12	2600904	0	0	12	0	0	0	0	0	0	0	0	0	0	0	0
1150	100.0	1	1	2400669	100	2400670	100	2400671	100	2400054	100	2400053	100	2400052	50	0	0	0	0	0	0	0	0	0	0	0	0	0	0	0	0	0	0	0	0	0	0	0	0	0	0	0	0	0	0	0	0	0	0	0	0	0	0	0	0	0	0	0	0	0	0	0	0
1151	100.0	1	1	2400669	50	2400670	50	2400671	50	2400054	50	2400053	50	2400052	50	0	0	0	0	0	0	0	0	0	0	0	0	0	0	0	0	0	0	0	0	0	0	0	0	0	0	0	0	0	0	0	0	0	0	0	0	0	0	0	0	0	0	0	0	0	0	0	0
1152	100.0	1	1	2400768	100	2400054	100	2400052	50	2400094	70	2400095	30	2400055	50	2600524	70	2600530	30	2400056	15	0	0	0	0	0	0	0	0	0	0	0	0	0	0	0	0	0	0	0	0	0	0	0	0	0	0	0	0	0	0	0	0	0	0	0	0	0	0	0	0	0	0
1153	100.0	1	1	2400768	50	2400054	50	2400052	50	2400094	35	2400095	30	2400055	50	2600524	35	2600530	30	2400056	15	0	0	0	0	0	0	0	0	0	0	0	0	0	0	0	0	0	0	0	0	0	0	0	0	0	0	0	0	0	0	0	0	0	0	0	0	0	0	0	0	0	0
1154	100.0	1	1	2400094	70	2400095	30	2600524	70	2600530	30	2400056	15	2400062	15	0	0	2600515	15	2600516	15	2600517	15	3500007	5	3500008	10	3500009	10	2206121	5	2206122	5	2206123	5	2206124	5	2206125	5	2206126	5	0	5	0	0	0	0	0	0	0	0	0	0	0	0	0	0	0	0	0	0	0	0
1155	100.0	1	1	2400094	35	2400095	60	2600524	35	2600530	60	2400056	30	2400062	30	0	0	2600515	30	2600516	30	2600517	30	3500007	10	3500008	20	3500009	20	2206121	10	2206122	10	2206123	10	2206124	10	2206125	10	2206126	10	0	10	0	0	0	0	0	0	0	0	0	0	0	0	0	0	0	0	0	0	0	0
1156	100.0	1	1	2400669	100	2400670	100	2400671	100	2400054	100	2400053	100	2400052	50	0	0	0	0	0	0	0	0	0	0	0	0	0	0	0	0	0	0	0	0	0	0	0	0	0	0	0	0	0	0	0	0	0	0	0	0	0	0	0	0	0	0	0	0	0	0	0	0
1157	100.0	1	1	2400669	50	2400670	50	2400671	50	2400054	50	2400053	50	2400052	50	0	0	0	0	0	0	0	0	0	0	0	0	0	0	0	0	0	0	0	0	0	0	0	0	0	0	0	0	0	0	0	0	0	0	0	0	0	0	0	0	0	0	0	0	0	0	0	0
1158	100.0	1	1	2400768	100	2400054	100	2400052	50	2400094	70	2400095	30	2400055	50	2600524	70	2600530	30	2600390	15	0	0	0	0	0	0	0	0	0	0	0	0	0	0	0	0	0	0	0	0	0	0	0	0	0	0	0	0	0	0	0	0	0	0	0	0	0	0	0	0	0	0
1159	100.0	1	1	2400768	50	2400054	50	2400052	50	2400094	35	2400095	30	2400055	50	2600524	35	2600530	30	2600390	15	0	0	0	0	0	0	0	0	0	0	0	0	0	0	0	0	0	0	0	0	0	0	0	0	0	0	0	0	0	0	0	0	0	0	0	0	0	0	0	0	0	0
1160	100.0	1	1	2400094	70	2400095	30	2600524	70	2600530	30	2600390	15	2400062	15	0	0	2600515	15	2600516	15	2600517	15	3500007	5	3500008	10	3500009	10	2206121	5	2206122	5	2206123	5	2206124	5	2206125	5	2206126	5	0	5	0	0	0	0	0	0	0	0	0	0	0	0	0	0	0	0	0	0	0	0
1161	100.0	1	1	2400094	35	2400095	60	2600524	35	2600530	60	2600390	30	2400062	30	0	0	2600515	30	2600516	30	2600517	30	3500007	10	3500008	20	3500009	20	2206121	10	2206122	10	2206123	10	2206124	10	2206125	10	2206126	10	0	10	0	0	0	0	0	0	0	0	0	0	0	0	0	0	0	0	0	0	0	0
1162	100.0	1	1	2400669	100	2400670	100	2400671	100	2400054	100	2400053	100	2400052	50	0	0	0	0	0	0	0	0	0	0	0	0	0	0	0	0	0	0	0	0	0	0	0	0	0	0	0	0	0	0	0	0	0	0	0	0	0	0	0	0	0	0	0	0	0	0	0	0
1163	100.0	1	1	2400669	50	2400670	50	2400671	50	2400054	50	2400053	50	2400052	50	0	0	0	0	0	0	0	0	0	0	0	0	0	0	0	0	0	0	0	0	0	0	0	0	0	0	0	0	0	0	0	0	0	0	0	0	0	0	0	0	0	0	0	0	0	0	0	0
1164	100.0	1	1	2400768	100	2400054	100	2400052	50	2400094	70	2400095	30	2400055	50	2600524	70	2600530	30	2600373	15	0	0	0	0	0	0	0	0	0	0	0	0	0	0	0	0	0	0	0	0	0	0	0	0	0	0	0	0	0	0	0	0	0	0	0	0	0	0	0	0	0	0
1165	100.0	1	1	2400768	50	2400054	50	2400052	50	2400094	35	2400095	30	2400055	50	2600524	35	2600530	30	2600373	15	0	0	0	0	0	0	0	0	0	0	0	0	0	0	0	0	0	0	0	0	0	0	0	0	0	0	0	0	0	0	0	0	0	0	0	0	0	0	0	0	0	0
1166	100.0	1	1	2400094	70	2400095	30	2600524	70	2600530	30	2600373	15	2400062	15	0	0	2600515	15	2600516	15	2600517	15	3500007	5	3500008	10	3500009	10	2206121	5	2206122	5	2206123	5	2206124	5	2206125	5	2206126	5	0	5	0	0	0	0	0	0	0	0	0	0	0	0	0	0	0	0	0	0	0	0
1167	100.0	1	1	2400094	35	2400095	60	2600524	35	2600530	60	2600373	30	2400062	30	0	0	2600515	30	2600516	30	2600517	30	3500007	10	3500008	20	3500009	20	2206121	10	2206122	10	2206123	10	2206124	10	2206125	10	2206126	10	0	10	0	0	0	0	0	0	0	0	0	0	0	0	0	0	0	0	0	0	0	0
1168	100.0	1	1	2400669	100	2400670	100	2400671	100	2400054	100	2400053	100	2400052	50	0	0	0	0	0	0	0	0	0	0	0	0	0	0	0	0	0	0	0	0	0	0	0	0	0	0	0	0	0	0	0	0	0	0	0	0	0	0	0	0	0	0	0	0	0	0	0	0
1169	100.0	1	1	2400669	50	2400670	50	2400671	50	2400054	50	2400053	50	2400052	50	0	0	0	0	0	0	0	0	0	0	0	0	0	0	0	0	0	0	0	0	0	0	0	0	0	0	0	0	0	0	0	0	0	0	0	0	0	0	0	0	0	0	0	0	0	0	0	0
1170	100.0	1	1	2400768	100	2400054	100	2400052	50	2400094	70	2400095	30	2400055	50	2600524	70	2600530	30	2605517	15	0	0	0	0	0	0	0	0	0	0	0	0	0	0	0	0	0	0	0	0	0	0	0	0	0	0	0	0	0	0	0	0	0	0	0	0	0	0	0	0	0	0
1171	100.0	1	1	2400768	50	2400054	50	2400052	50	2400094	35	2400095	30	2400055	50	2600524	35	2600530	30	2605517	15	0	0	0	0	0	0	0	0	0	0	0	0	0	0	0	0	0	0	0	0	0	0	0	0	0	0	0	0	0	0	0	0	0	0	0	0	0	0	0	0	0	0
1172	100.0	1	1	2400094	70	2400095	30	2600524	70	2600530	30	2605517	15	2400062	15	0	0	2600515	15	2600516	15	2600517	15	3500007	5	3500008	10	3500009	10	2206111	5	2206112	5	2206113	5	2206114	5	2206115	5	2206116	5	0	5	0	0	0	0	0	0	0	0	0	0	0	0	0	0	0	0	0	0	0	0
1173	100.0	1	1	2400094	35	2400095	60	2600524	35	2600530	60	2605517	30	2400062	30	0	0	2600515	30	2600516	30	2600517	30	3500007	10	3500008	20	3500009	20	2206111	10	2206112	10	2206113	10	2206114	10	2206115	10	2206116	10	0	10	0	0	0	0	0	0	0	0	0	0	0	0	0	0	0	0	0	0	0	0
1174	100.0	1	1	2400669	100	2400670	100	2400671	100	2400054	100	2400053	100	2400052	50	0	0	0	0	0	0	0	0	0	0	0	0	0	0	0	0	0	0	0	0	0	0	0	0	0	0	0	0	0	0	0	0	0	0	0	0	0	0	0	0	0	0	0	0	0	0	0	0
1175	100.0	1	1	2400669	50	2400670	50	2400671	50	2400054	50	2400053	50	2400052	50	0	0	0	0	0	0	0	0	0	0	0	0	0	0	0	0	0	0	0	0	0	0	0	0	0	0	0	0	0	0	0	0	0	0	0	0	0	0	0	0	0	0	0	0	0	0	0	0
1176	100.0	1	1	2400768	100	2400054	100	2400052	50	2400094	70	2400095	30	2400055	50	2600524	70	2600530	30	2600391	15	0	0	0	0	0	0	0	0	0	0	0	0	0	0	0	0	0	0	0	0	0	0	0	0	0	0	0	0	0	0	0	0	0	0	0	0	0	0	0	0	0	0
1177	100.0	1	1	2400768	50	2400054	50	2400052	50	2400094	35	2400095	30	2400055	50	2600524	35	2600530	30	2600391	15	0	0	0	0	0	0	0	0	0	0	0	0	0	0	0	0	0	0	0	0	0	0	0	0	0	0	0	0	0	0	0	0	0	0	0	0	0	0	0	0	0	0
1178	100.0	1	1	2400094	70	2400095	30	2600524	70	2600530	30	2600391	15	2400062	15	2208924	30	2600515	15	2600516	15	2600517	15	3500007	5	3500008	10	3500009	10	0	0	0	0	0	0	0	0	0	0	0	0	0	0	0	0	0	0	0	0	0	0	0	0	0	0	0	0	0	0	0	0	0	0
1179	100.0	1	1	2400094	35	2400095	60	2600524	35	2600530	60	2600391	30	2400062	30	2208924	60	2600515	30	2600516	30	2600517	30	3500007	10	3500008	20	3500009	20	0	0	0	0	0	0	0	0	0	0	0	0	0	0	0	0	0	0	0	0	0	0	0	0	0	0	0	0	0	0	0	0	0	0
1180	100.0	1	1	2400669	100	2400670	100	2400671	100	2400054	100	2400053	100	2400052	50	0	0	0	0	0	0	0	0	0	0	0	0	0	0	0	0	0	0	0	0	0	0	0	0	0	0	0	0	0	0	0	0	0	0	0	0	0	0	0	0	0	0	0	0	0	0	0	0
1181	100.0	1	1	2400669	50	2400670	50	2400671	50	2400054	50	2400053	50	2400052	50	0	0	0	0	0	0	0	0	0	0	0	0	0	0	0	0	0	0	0	0	0	0	0	0	0	0	0	0	0	0	0	0	0	0	0	0	0	0	0	0	0	0	0	0	0	0	0	0
1182	100.0	1	1	2400768	100	2400054	100	2400052	50	2400094	70	2400095	30	2400055	50	2600524	70	2600530	30	2605518	15	0	0	0	0	0	0	0	0	0	0	0	0	0	0	0	0	0	0	0	0	0	0	0	0	0	0	0	0	0	0	0	0	0	0	0	0	0	0	0	0	0	0
1183	100.0	1	1	2400768	50	2400054	50	2400052	50	2400094	35	2400095	30	2400055	50	2600524	35	2600530	30	2605518	15	0	0	0	0	0	0	0	0	0	0	0	0	0	0	0	0	0	0	0	0	0	0	0	0	0	0	0	0	0	0	0	0	0	0	0	0	0	0	0	0	0	0
1184	100.0	1	1	2400094	70	2400095	30	2600524	70	2600530	30	2605518	15	2400062	15	2208929	5	2208923	5	2208933	5	2208927	5	2208931	5	2208925	5	2600515	15	2600516	15	2600517	15	3500007	0	3500008	0	3500009	0	0	5	0	0	0	0	0	0	0	0	0	0	0	0	0	0	0	0	0	0	0	0	0	0
1185	100.0	1	1	2400094	35	2400095	60	2600524	35	2600530	60	2605518	30	2400062	30	2208929	10	2208923	10	2208933	10	2208927	10	2208931	10	2208925	10	2600515	15	2600516	30	2600517	30	3500007	0	3500008	0	3500009	0	0	10	0	0	0	0	0	0	0	0	0	0	0	0	0	0	0	0	0	0	0	0	0	0
1401	100.0	1	1	2207001	10	2207002	10	2207003	10	2207004	10	2207005	10	2207006	10	2207007	10	2207008	10	2207009	10	2207010	10	2207011	10	2207012	10	2207013	10	2207014	10	2207015	10	0	10	0	0	0	0	0	0	0	0	0	0	0	0	0	0	0	0	0	0	0	0	0	0	0	0	0	0	0	0
1501	100.0	1	1	2600095	5	2605001	15	2600801	20	2600751	15	2600701	15	2600044	10	2600045	10	2600046	10	0	0	0	0	0	0	0	0	0	0	0	0	0	0	0	0	0	0	0	0	0	0	0	0	0	0	0	0	0	0	0	0	0	0	0	0	0	0	0	0	0	0	0	0
1502	100.0	1	1	2600095	5	2605001	15	2600801	20	2600751	15	2600701	15	2600044	10	2600045	10	2600046	10	0	0	0	0	0	0	0	0	0	0	0	0	0	0	0	0	0	0	0	0	0	0	0	0	0	0	0	0	0	0	0	0	0	0	0	0	0	0	0	0	0	0	0	0
1503	100.0	1	1	2600095	5	2605001	15	2600802	20	2600751	15	2600701	15	2600044	10	2600045	10	2600046	10	0	0	0	0	0	0	0	0	0	0	0	0	0	0	0	0	0	0	0	0	0	0	0	0	0	0	0	0	0	0	0	0	0	0	0	0	0	0	0	0	0	0	0	0
1504	100.0	1	1	2600095	5	2605001	15	2600803	20	2600751	15	2600701	15	2600044	10	2600045	10	2600046	10	0	0	0	0	0	0	0	0	0	0	0	0	0	0	0	0	0	0	0	0	0	0	0	0	0	0	0	0	0	0	0	0	0	0	0	0	0	0	0	0	0	0	0	0
1505	100.0	1	1	2600095	5	2605001	15	2600804	20	2600752	15	2600702	15	2600044	10	2600045	10	2600046	10	0	0	0	0	0	0	0	0	0	0	0	0	0	0	0	0	0	0	0	0	0	0	0	0	0	0	0	0	0	0	0	0	0	0	0	0	0	0	0	0	0	0	0	0
1506	100.0	1	1	2600095	5	2605001	15	2600805	20	2600752	15	2600702	15	2600044	10	2600045	10	2600046	10	0	0	0	0	0	0	0	0	0	0	0	0	0	0	0	0	0	0	0	0	0	0	0	0	0	0	0	0	0	0	0	0	0	0	0	0	0	0	0	0	0	0	0	0
1507	100.0	1	1	2600095	5	2605001	15	2600806	20	2600753	15	2600703	15	2600044	10	2600045	10	2600046	10	0	0	0	0	0	0	0	0	0	0	0	0	0	0	0	0	0	0	0	0	0	0	0	0	0	0	0	0	0	0	0	0	0	0	0	0	0	0	0	0	0	0	0	0
1508	100.0	1	1	2600095	5	2605001	15	2600807	20	2600753	15	2600703	15	2600044	10	2600045	10	2600046	10	0	0	0	0	0	0	0	0	0	0	0	0	0	0	0	0	0	0	0	0	0	0	0	0	0	0	0	0	0	0	0	0	0	0	0	0	0	0	0	0	0	0	0	0
1509	100.0	1	1	2600095	5	2605001	15	2600808	20	2600754	15	2600704	15	2600044	10	2600045	10	2600046	10	0	0	0	0	0	0	0	0	0	0	0	0	0	0	0	0	0	0	0	0	0	0	0	0	0	0	0	0	0	0	0	0	0	0	0	0	0	0	0	0	0	0	0	0
1510	100.0	1	1	2600095	5	2605001	15	2600809	20	2600754	15	2600704	15	2600044	10	2600045	10	2600046	10	0	0	0	0	0	0	0	0	0	0	0	0	0	0	0	0	0	0	0	0	0	0	0	0	0	0	0	0	0	0	0	0	0	0	0	0	0	0	0	0	0	0	0	0
1511	100.0	1	1	2600095	5	2605001	15	0	20	2600751	15	2600701	15	2600044	10	2600045	10	2600046	10	0	0	0	0	0	0	0	0	0	0	0	0	0	0	0	0	0	0	0	0	0	0	0	0	0	0	0	0	0	0	0	0	0	0	0	0	0	0	0	0	0	0	0	0
1551	100.0	1	1	2600095	5	2605001	15	2600801	20	2600751	15	2600701	15	2600044	10	2600045	10	2600046	10	0	0	0	0	0	0	0	0	0	0	0	0	0	0	0	0	0	0	0	0	0	0	0	0	0	0	0	0	0	0	0	0	0	0	0	0	0	0	0	0	0	0	0	0
1552	100.0	1	1	2600095	5	2605001	15	2600801	20	2600751	15	2600701	15	2600044	10	2600045	10	2600046	10	0	0	0	0	0	0	0	0	0	0	0	0	0	0	0	0	0	0	0	0	0	0	0	0	0	0	0	0	0	0	0	0	0	0	0	0	0	0	0	0	0	0	0	0
1553	100.0	1	1	2600095	5	2605001	15	2600802	20	2600751	15	2600701	15	2600044	10	2600045	10	2600046	10	0	0	0	0	0	0	0	0	0	0	0	0	0	0	0	0	0	0	0	0	0	0	0	0	0	0	0	0	0	0	0	0	0	0	0	0	0	0	0	0	0	0	0	0
1554	100.0	1	1	2600095	5	2605001	15	2600803	20	2600751	15	2600701	15	2600044	10	2600045	10	2600046	10	0	0	0	0	0	0	0	0	0	0	0	0	0	0	0	0	0	0	0	0	0	0	0	0	0	0	0	0	0	0	0	0	0	0	0	0	0	0	0	0	0	0	0	0
1555	100.0	1	1	2600095	5	2605001	15	2600804	20	2600752	15	2600702	15	2600044	10	2600045	10	2600046	10	0	0	0	0	0	0	0	0	0	0	0	0	0	0	0	0	0	0	0	0	0	0	0	0	0	0	0	0	0	0	0	0	0	0	0	0	0	0	0	0	0	0	0	0
1556	100.0	1	1	2600095	5	2605001	15	2600805	20	2600752	15	2600702	15	2600044	10	2600045	10	2600046	10	0	0	0	0	0	0	0	0	0	0	0	0	0	0	0	0	0	0	0	0	0	0	0	0	0	0	0	0	0	0	0	0	0	0	0	0	0	0	0	0	0	0	0	0
1557	100.0	1	1	2600095	5	2605001	15	2600806	20	2600753	15	2600703	15	2600044	10	2600045	10	2600046	10	0	0	0	0	0	0	0	0	0	0	0	0	0	0	0	0	0	0	0	0	0	0	0	0	0	0	0	0	0	0	0	0	0	0	0	0	0	0	0	0	0	0	0	0
1558	100.0	1	1	2600095	5	2605001	15	2600807	20	2600753	15	2600703	15	2600044	10	2600045	10	2600046	10	0	0	0	0	0	0	0	0	0	0	0	0	0	0	0	0	0	0	0	0	0	0	0	0	0	0	0	0	0	0	0	0	0	0	0	0	0	0	0	0	0	0	0	0
1559	100.0	1	1	2600095	5	2605001	15	2600808	20	2600754	15	2600704	15	2600044	10	2600045	10	2600046	10	0	0	0	0	0	0	0	0	0	0	0	0	0	0	0	0	0	0	0	0	0	0	0	0	0	0	0	0	0	0	0	0	0	0	0	0	0	0	0	0	0	0	0	0
1560	100.0	1	1	2600095	5	2605001	15	2600809	20	2600754	15	2600704	15	2600044	10	2600045	10	2600046	10	0	0	0	0	0	0	0	0	0	0	0	0	0	0	0	0	0	0	0	0	0	0	0	0	0	0	0	0	0	0	0	0	0	0	0	0	0	0	0	0	0	0	0	0
1561	100.0	1	1	2600095	5	2605001	15	0	20	2600751	15	2600701	15	2600044	10	2600045	10	2600046	10	0	0	0	0	0	0	0	0	0	0	0	0	0	0	0	0	0	0	0	0	0	0	0	0	0	0	0	0	0	0	0	0	0	0	0	0	0	0	0	0	0	0	0	0
1601	100.0	1	1	0	50	0	50	0	0	0	0	0	0	0	0	0	0	0	0	0	0	0	0	0	0	0	0	0	0	0	0	0	0	0	0	0	0	0	0	0	0	0	0	0	0	0	0	0	0	0	0	0	0	0	0	0	0	0	0	0	0	0	0
1602	100.0	1	1	0	50	0	50	0	0	0	0	0	0	0	0	0	0	0	0	0	0	0	0	0	0	0	0	0	0	0	0	0	0	0	0	0	0	0	0	0	0	0	0	0	0	0	0	0	0	0	0	0	0	0	0	0	0	0	0	0	0	0	0
1603	100.0	1	1	0	50	0	50	0	0	0	0	0	0	0	0	0	0	0	0	0	0	0	0	0	0	0	0	0	0	0	0	0	0	0	0	0	0	0	0	0	0	0	0	0	0	0	0	0	0	0	0	0	0	0	0	0	0	0	0	0	0	0	0
1604	100.0	1	1	0	50	0	50	0	0	0	0	0	0	0	0	0	0	0	0	0	0	0	0	0	0	0	0	0	0	0	0	0	0	0	0	0	0	0	0	0	0	0	0	0	0	0	0	0	0	0	0	0	0	0	0	0	0	0	0	0	0	0	0
1605	100.0	1	1	0	50	0	50	0	0	0	0	0	0	0	0	0	0	0	0	0	0	0	0	0	0	0	0	0	0	0	0	0	0	0	0	0	0	0	0	0	0	0	0	0	0	0	0	0	0	0	0	0	0	0	0	0	0	0	0	0	0	0	0
1606	100.0	1	1	0	50	0	50	0	0	0	0	0	0	0	0	0	0	0	0	0	0	0	0	0	0	0	0	0	0	0	0	0	0	0	0	0	0	0	0	0	0	0	0	0	0	0	0	0	0	0	0	0	0	0	0	0	0	0	0	0	0	0	0
1607	100.0	1	1	0	50	0	50	0	0	0	0	0	0	0	0	0	0	0	0	0	0	0	0	0	0	0	0	0	0	0	0	0	0	0	0	0	0	0	0	0	0	0	0	0	0	0	0	0	0	0	0	0	0	0	0	0	0	0	0	0	0	0	0
1611	100.0	1	1	0	50	0	50	0	0	0	0	0	0	0	0	0	0	0	0	0	0	0	0	0	0	0	0	0	0	0	0	0	0	0	0	0	0	0	0	0	0	0	0	0	0	0	0	0	0	0	0	0	0	0	0	0	0	0	0	0	0	0	0
1612	100.0	1	1	0	50	0	50	0	0	0	0	0	0	0	0	0	0	0	0	0	0	0	0	0	0	0	0	0	0	0	0	0	0	0	0	0	0	0	0	0	0	0	0	0	0	0	0	0	0	0	0	0	0	0	0	0	0	0	0	0	0	0	0
1613	100.0	1	1	0	50	0	50	0	0	0	0	0	0	0	0	0	0	0	0	0	0	0	0	0	0	0	0	0	0	0	0	0	0	0	0	0	0	0	0	0	0	0	0	0	0	0	0	0	0	0	0	0	0	0	0	0	0	0	0	0	0	0	0
1614	100.0	1	1	0	50	0	50	0	0	0	0	0	0	0	0	0	0	0	0	0	0	0	0	0	0	0	0	0	0	0	0	0	0	0	0	0	0	0	0	0	0	0	0	0	0	0	0	0	0	0	0	0	0	0	0	0	0	0	0	0	0	0	0
1615	100.0	1	1	0	50	0	50	0	0	0	0	0	0	0	0	0	0	0	0	0	0	0	0	0	0	0	0	0	0	0	0	0	0	0	0	0	0	0	0	0	0	0	0	0	0	0	0	0	0	0	0	0	0	0	0	0	0	0	0	0	0	0	0
1616	100.0	1	1	0	50	0	50	0	0	0	0	0	0	0	0	0	0	0	0	0	0	0	0	0	0	0	0	0	0	0	0	0	0	0	0	0	0	0	0	0	0	0	0	0	0	0	0	0	0	0	0	0	0	0	0	0	0	0	0	0	0	0	0
1617	100.0	1	1	0	50	0	50	0	0	0	0	0	0	0	0	0	0	0	0	0	0	0	0	0	0	0	0	0	0	0	0	0	0	0	0	0	0	0	0	0	0	0	0	0	0	0	0	0	0	0	0	0	0	0	0	0	0	0	0	0	0	0	0
1621	100.0	1	1	0	50	0	50	0	0	0	0	0	0	0	0	0	0	0	0	0	0	0	0	0	0	0	0	0	0	0	0	0	0	0	0	0	0	0	0	0	0	0	0	0	0	0	0	0	0	0	0	0	0	0	0	0	0	0	0	0	0	0	0
1622	100.0	1	1	0	50	0	50	0	0	0	0	0	0	0	0	0	0	0	0	0	0	0	0	0	0	0	0	0	0	0	0	0	0	0	0	0	0	0	0	0	0	0	0	0	0	0	0	0	0	0	0	0	0	0	0	0	0	0	0	0	0	0	0
1623	100.0	1	1	0	50	0	50	0	0	0	0	0	0	0	0	0	0	0	0	0	0	0	0	0	0	0	0	0	0	0	0	0	0	0	0	0	0	0	0	0	0	0	0	0	0	0	0	0	0	0	0	0	0	0	0	0	0	0	0	0	0	0	0
1624	100.0	1	1	0	50	0	50	0	0	0	0	0	0	0	0	0	0	0	0	0	0	0	0	0	0	0	0	0	0	0	0	0	0	0	0	0	0	0	0	0	0	0	0	0	0	0	0	0	0	0	0	0	0	0	0	0	0	0	0	0	0	0	0
1625	100.0	1	1	0	50	0	50	0	0	0	0	0	0	0	0	0	0	0	0	0	0	0	0	0	0	0	0	0	0	0	0	0	0	0	0	0	0	0	0	0	0	0	0	0	0	0	0	0	0	0	0	0	0	0	0	0	0	0	0	0	0	0	0
1626	100.0	1	1	0	50	0	50	0	0	0	0	0	0	0	0	0	0	0	0	0	0	0	0	0	0	0	0	0	0	0	0	0	0	0	0	0	0	0	0	0	0	0	0	0	0	0	0	0	0	0	0	0	0	0	0	0	0	0	0	0	0	0	0
1627	100.0	1	1	0	50	0	50	0	0	0	0	0	0	0	0	0	0	0	0	0	0	0	0	0	0	0	0	0	0	0	0	0	0	0	0	0	0	0	0	0	0	0	0	0	0	0	0	0	0	0	0	0	0	0	0	0	0	0	0	0	0	0	0
1631	100.0	1	1	0	50	0	50	0	0	0	0	0	0	0	0	0	0	0	0	0	0	0	0	0	0	0	0	0	0	0	0	0	0	0	0	0	0	0	0	0	0	0	0	0	0	0	0	0	0	0	0	0	0	0	0	0	0	0	0	0	0	0	0
1632	100.0	1	1	0	50	0	50	0	0	0	0	0	0	0	0	0	0	0	0	0	0	0	0	0	0	0	0	0	0	0	0	0	0	0	0	0	0	0	0	0	0	0	0	0	0	0	0	0	0	0	0	0	0	0	0	0	0	0	0	0	0	0	0
1633	100.0	1	1	0	50	0	50	0	0	0	0	0	0	0	0	0	0	0	0	0	0	0	0	0	0	0	0	0	0	0	0	0	0	0	0	0	0	0	0	0	0	0	0	0	0	0	0	0	0	0	0	0	0	0	0	0	0	0	0	0	0	0	0
1634	100.0	1	1	0	50	0	50	0	0	0	0	0	0	0	0	0	0	0	0	0	0	0	0	0	0	0	0	0	0	0	0	0	0	0	0	0	0	0	0	0	0	0	0	0	0	0	0	0	0	0	0	0	0	0	0	0	0	0	0	0	0	0	0
1635	100.0	1	1	0	50	0	50	0	0	0	0	0	0	0	0	0	0	0	0	0	0	0	0	0	0	0	0	0	0	0	0	0	0	0	0	0	0	0	0	0	0	0	0	0	0	0	0	0	0	0	0	0	0	0	0	0	0	0	0	0	0	0	0
1636	100.0	1	1	0	50	0	50	0	0	0	0	0	0	0	0	0	0	0	0	0	0	0	0	0	0	0	0	0	0	0	0	0	0	0	0	0	0	0	0	0	0	0	0	0	0	0	0	0	0	0	0	0	0	0	0	0	0	0	0	0	0	0	0
1637	100.0	1	1	0	50	0	50	0	0	0	0	0	0	0	0	0	0	0	0	0	0	0	0	0	0	0	0	0	0	0	0	0	0	0	0	0	0	0	0	0	0	0	0	0	0	0	0	0	0	0	0	0	0	0	0	0	0	0	0	0	0	0	0
1641	100.0	1	1	0	50	0	50	0	0	0	0	0	0	0	0	0	0	0	0	0	0	0	0	0	0	0	0	0	0	0	0	0	0	0	0	0	0	0	0	0	0	0	0	0	0	0	0	0	0	0	0	0	0	0	0	0	0	0	0	0	0	0	0
1642	100.0	1	1	0	50	0	50	0	0	0	0	0	0	0	0	0	0	0	0	0	0	0	0	0	0	0	0	0	0	0	0	0	0	0	0	0	0	0	0	0	0	0	0	0	0	0	0	0	0	0	0	0	0	0	0	0	0	0	0	0	0	0	0
1643	100.0	1	1	0	50	0	50	0	0	0	0	0	0	0	0	0	0	0	0	0	0	0	0	0	0	0	0	0	0	0	0	0	0	0	0	0	0	0	0	0	0	0	0	0	0	0	0	0	0	0	0	0	0	0	0	0	0	0	0	0	0	0	0
1644	100.0	1	1	0	50	0	50	0	0	0	0	0	0	0	0	0	0	0	0	0	0	0	0	0	0	0	0	0	0	0	0	0	0	0	0	0	0	0	0	0	0	0	0	0	0	0	0	0	0	0	0	0	0	0	0	0	0	0	0	0	0	0	0
1645	100.0	1	1	0	50	0	50	0	0	0	0	0	0	0	0	0	0	0	0	0	0	0	0	0	0	0	0	0	0	0	0	0	0	0	0	0	0	0	0	0	0	0	0	0	0	0	0	0	0	0	0	0	0	0	0	0	0	0	0	0	0	0	0
1646	100.0	1	1	0	50	0	50	0	0	0	0	0	0	0	0	0	0	0	0	0	0	0	0	0	0	0	0	0	0	0	0	0	0	0	0	0	0	0	0	0	0	0	0	0	0	0	0	0	0	0	0	0	0	0	0	0	0	0	0	0	0	0	0
1647	100.0	1	1	0	50	0	50	0	0	0	0	0	0	0	0	0	0	0	0	0	0	0	0	0	0	0	0	0	0	0	0	0	0	0	0	0	0	0	0	0	0	0	0	0	0	0	0	0	0	0	0	0	0	0	0	0	0	0	0	0	0	0	0
2001	35.0	1	1	2416191	15	2600081	85	0	15	0	0	0	0	0	0	0	0	0	0	0	0	0	0	0	0	0	0	0	0	0	0	0	0	0	0	0	0	0	0	0	0	0	0	0	0	0	0	0	0	0	0	0	0	0	0	0	0	0	0	0	0	0	0
2002	35.0	1	1	2416027	15	2600081	85	0	0	0	0	0	0	0	0	0	0	0	0	0	0	0	0	0	0	0	0	0	0	0	0	0	0	0	0	0	0	0	0	0	0	0	0	0	0	0	0	0	0	0	0	0	0	0	0	0	0	0	0	0	0	0	0
2003	35.0	1	1	2416064	15	2600081	85	0	0	0	0	0	0	0	0	0	0	0	0	0	0	0	0	0	0	0	0	0	0	0	0	0	0	0	0	0	0	0	0	0	0	0	0	0	0	0	0	0	0	0	0	0	0	0	0	0	0	0	0	0	0	0	0
2004	35.0	1	1	2416132	15	2600081	85	0	0	0	0	0	0	0	0	0	0	0	0	0	0	0	0	0	0	0	0	0	0	0	0	0	0	0	0	0	0	0	0	0	0	0	0	0	0	0	0	0	0	0	0	0	0	0	0	0	0	0	0	0	0	0	0
2005	35.0	1	1	2416172	15	2600081	85	0	0	0	0	0	0	0	0	0	0	0	0	0	0	0	0	0	0	0	0	0	0	0	0	0	0	0	0	0	0	0	0	0	0	0	0	0	0	0	0	0	0	0	0	0	0	0	0	0	0	0	0	0	0	0	0
2006	35.0	1	1	2416097	15	2600081	85	0	0	0	0	0	0	0	0	0	0	0	0	0	0	0	0	0	0	0	0	0	0	0	0	0	0	0	0	0	0	0	0	0	0	0	0	0	0	0	0	0	0	0	0	0	0	0	0	0	0	0	0	0	0	0	0
2007	35.0	1	1	2200016	15	2600081	85	0	0	0	0	0	0	0	0	0	0	0	0	0	0	0	0	0	0	0	0	0	0	0	0	0	0	0	0	0	0	0	0	0	0	0	0	0	0	0	0	0	0	0	0	0	0	0	0	0	0	0	0	0	0	0	0
2008	35.0	1	1	2200014	15	2600081	85	0	0	0	0	0	0	0	0	0	0	0	0	0	0	0	0	0	0	0	0	0	0	0	0	0	0	0	0	0	0	0	0	0	0	0	0	0	0	0	0	0	0	0	0	0	0	0	0	0	0	0	0	0	0	0	0
2009	10.0	1	1	2600095	5	2416193	5	0	5	0	0	0	0	0	0	0	0	0	0	0	0	0	0	0	0	0	0	0	0	0	0	0	0	0	0	0	0	0	0	0	0	0	0	0	0	0	0	0	0	0	0	0	0	0	0	0	0	0	0	0	0	0	0
2010	10.0	1	1	2600095	5	2416029	5	2605517	5	0	0	0	0	0	0	0	0	0	0	0	0	0	0	0	0	0	0	0	0	0	0	0	0	0	0	0	0	0	0	0	0	0	0	0	0	0	0	0	0	0	0	0	0	0	0	0	0	0	0	0	0	0	0
2011	10.0	1	1	2600095	5	2416066	5	0	0	0	0	0	0	0	0	0	0	0	0	0	0	0	0	0	0	0	0	0	0	0	0	0	0	0	0	0	0	0	0	0	0	0	0	0	0	0	0	0	0	0	0	0	0	0	0	0	0	0	0	0	0	0	0
2012	10.0	1	1	2600095	5	2416130	5	0	0	0	0	0	0	0	0	0	0	0	0	0	0	0	0	0	0	0	0	0	0	0	0	0	0	0	0	0	0	0	0	0	0	0	0	0	0	0	0	0	0	0	0	0	0	0	0	0	0	0	0	0	0	0	0
2013	10.0	1	1	2600095	5	2605517	0	2416167	5	0	0	0	0	0	0	0	0	0	0	0	0	0	0	0	0	0	0	0	0	0	0	0	0	0	0	0	0	0	0	0	0	0	0	0	0	0	0	0	0	0	0	0	0	0	0	0	0	0	0	0	0	0	0
2014	10.0	1	1	2600095	5	2416095	5	0	0	0	0	0	0	0	0	0	0	0	0	0	0	0	0	0	0	0	0	0	0	0	0	0	0	0	0	0	0	0	0	0	0	0	0	0	0	0	0	0	0	0	0	0	0	0	0	0	0	0	0	0	0	0	0
2015	10.0	1	1	2600095	18	2605518	9	2416025	3	2416062	3	2416093	3	2416128	3	2416169	3	2416197	3	0	3	0	0	0	0	0	0	0	0	0	0	0	0	0	0	0	0	0	0	0	0	0	0	0	0	0	0	0	0	0	0	0	0	0	0	0	0	0	0	0	0	0	0
2016	100.0	1	1	2205022	50	2205241	50	2205437	50	2205622	50	0	0	0	0	0	0	0	0	0	0	0	0	0	0	0	0	0	0	0	0	0	0	0	0	0	0	0	0	0	0	0	0	0	0	0	0	0	0	0	0	0	0	0	0	0	0	0	0	0	0	0	0
2017	5.0	1	2	2208997	50	2208998	30	2400803	30	2400804	30	0	0	0	0	0	0	0	0	0	0	0	0	0	0	0	0	0	0	0	0	0	0	0	0	0	0	0	0	0	0	0	0	0	0	0	0	0	0	0	0	0	0	0	0	0	0	0	0	0	0	0	0
2201	0.0	1	1	2414001	100	0	0	0	0	0	0	0	0	0	0	0	0	0	0	0	0	0	0	0	0	0	0	0	0	0	0	0	0	0	0	0	0	0	0	0	0	0	0	0	0	0	0	0	0	0	0	0	0	0	0	0	0	0	0	0	0	0	0
2202	0.0	1	1	2414002	100	0	0	0	0	0	0	0	0	0	0	0	0	0	0	0	0	0	0	0	0	0	0	0	0	0	0	0	0	0	0	0	0	0	0	0	0	0	0	0	0	0	0	0	0	0	0	0	0	0	0	0	0	0	0	0	0	0	0
2203	0.0	1	1	2414003	100	0	0	0	0	0	0	0	0	0	0	0	0	0	0	0	0	0	0	0	0	0	0	0	0	0	0	0	0	0	0	0	0	0	0	0	0	0	0	0	0	0	0	0	0	0	0	0	0	0	0	0	0	0	0	0	0	0	0
2204	0.0	1	1	2414004	100	0	0	0	0	0	0	0	0	0	0	0	0	0	0	0	0	0	0	0	0	0	0	0	0	0	0	0	0	0	0	0	0	0	0	0	0	0	0	0	0	0	0	0	0	0	0	0	0	0	0	0	0	0	0	0	0	0	0
2205	0.0	1	1	2414005	100	0	0	0	0	0	0	0	0	0	0	0	0	0	0	0	0	0	0	0	0	0	0	0	0	0	0	0	0	0	0	0	0	0	0	0	0	0	0	0	0	0	0	0	0	0	0	0	0	0	0	0	0	0	0	0	0	0	0
2206	0.0	1	1	2414006	100	0	0	0	0	0	0	0	0	0	0	0	0	0	0	0	0	0	0	0	0	0	0	0	0	0	0	0	0	0	0	0	0	0	0	0	0	0	0	0	0	0	0	0	0	0	0	0	0	0	0	0	0	0	0	0	0	0	0
2207	0.0	1	1	2414007	100	0	0	0	0	0	0	0	0	0	0	0	0	0	0	0	0	0	0	0	0	0	0	0	0	0	0	0	0	0	0	0	0	0	0	0	0	0	0	0	0	0	0	0	0	0	0	0	0	0	0	0	0	0	0	0	0	0	0
2208	0.0	1	1	2414008	100	0	0	0	0	0	0	0	0	0	0	0	0	0	0	0	0	0	0	0	0	0	0	0	0	0	0	0	0	0	0	0	0	0	0	0	0	0	0	0	0	0	0	0	0	0	0	0	0	0	0	0	0	0	0	0	0	0	0
2209	0.0	1	1	2414009	100	0	0	0	0	0	0	0	0	0	0	0	0	0	0	0	0	0	0	0	0	0	0	0	0	0	0	0	0	0	0	0	0	0	0	0	0	0	0	0	0	0	0	0	0	0	0	0	0	0	0	0	0	0	0	0	0	0	0
2210	0.0	1	1	2414010	100	0	0	0	0	0	0	0	0	0	0	0	0	0	0	0	0	0	0	0	0	0	0	0	0	0	0	0	0	0	0	0	0	0	0	0	0	0	0	0	0	0	0	0	0	0	0	0	0	0	0	0	0	0	0	0	0	0	0
2211	0.0	1	1	2414011	100	0	0	0	0	0	0	0	0	0	0	0	0	0	0	0	0	0	0	0	0	0	0	0	0	0	0	0	0	0	0	0	0	0	0	0	0	0	0	0	0	0	0	0	0	0	0	0	0	0	0	0	0	0	0	0	0	0	0
2212	0.0	1	1	2414012	100	0	0	0	0	0	0	0	0	0	0	0	0	0	0	0	0	0	0	0	0	0	0	0	0	0	0	0	0	0	0	0	0	0	0	0	0	0	0	0	0	0	0	0	0	0	0	0	0	0	0	0	0	0	0	0	0	0	0
2213	0.0	1	1	2414013	100	0	0	0	0	0	0	0	0	0	0	0	0	0	0	0	0	0	0	0	0	0	0	0	0	0	0	0	0	0	0	0	0	0	0	0	0	0	0	0	0	0	0	0	0	0	0	0	0	0	0	0	0	0	0	0	0	0	0
2214	0.0	1	1	2414014	100	0	0	0	0	0	0	0	0	0	0	0	0	0	0	0	0	0	0	0	0	0	0	0	0	0	0	0	0	0	0	0	0	0	0	0	0	0	0	0	0	0	0	0	0	0	0	0	0	0	0	0	0	0	0	0	0	0	0
2215	0.0	1	1	2414015	100	0	0	0	0	0	0	0	0	0	0	0	0	0	0	0	0	0	0	0	0	0	0	0	0	0	0	0	0	0	0	0	0	0	0	0	0	0	0	0	0	0	0	0	0	0	0	0	0	0	0	0	0	0	0	0	0	0	0
2216	0.0	1	1	2414016	100	0	0	0	0	0	0	0	0	0	0	0	0	0	0	0	0	0	0	0	0	0	0	0	0	0	0	0	0	0	0	0	0	0	0	0	0	0	0	0	0	0	0	0	0	0	0	0	0	0	0	0	0	0	0	0	0	0	0
2217	0.0	1	1	2414017	100	0	0	0	0	0	0	0	0	0	0	0	0	0	0	0	0	0	0	0	0	0	0	0	0	0	0	0	0	0	0	0	0	0	0	0	0	0	0	0	0	0	0	0	0	0	0	0	0	0	0	0	0	0	0	0	0	0	0
2218	0.0	1	1	2414018	100	0	0	0	0	0	0	0	0	0	0	0	0	0	0	0	0	0	0	0	0	0	0	0	0	0	0	0	0	0	0	0	0	0	0	0	0	0	0	0	0	0	0	0	0	0	0	0	0	0	0	0	0	0	0	0	0	0	0
2219	0.0	1	1	2414019	100	0	0	0	0	0	0	0	0	0	0	0	0	0	0	0	0	0	0	0	0	0	0	0	0	0	0	0	0	0	0	0	0	0	0	0	0	0	0	0	0	0	0	0	0	0	0	0	0	0	0	0	0	0	0	0	0	0	0
2220	0.0	1	1	2414020	100	0	0	0	0	0	0	0	0	0	0	0	0	0	0	0	0	0	0	0	0	0	0	0	0	0	0	0	0	0	0	0	0	0	0	0	0	0	0	0	0	0	0	0	0	0	0	0	0	0	0	0	0	0	0	0	0	0	0
2221	0.0	1	1	2414021	100	0	0	0	0	0	0	0	0	0	0	0	0	0	0	0	0	0	0	0	0	0	0	0	0	0	0	0	0	0	0	0	0	0	0	0	0	0	0	0	0	0	0	0	0	0	0	0	0	0	0	0	0	0	0	0	0	0	0
2222	0.0	1	1	2414022	100	0	0	0	0	0	0	0	0	0	0	0	0	0	0	0	0	0	0	0	0	0	0	0	0	0	0	0	0	0	0	0	0	0	0	0	0	0	0	0	0	0	0	0	0	0	0	0	0	0	0	0	0	0	0	0	0	0	0
2223	0.0	1	1	2414023	100	0	0	0	0	0	0	0	0	0	0	0	0	0	0	0	0	0	0	0	0	0	0	0	0	0	0	0	0	0	0	0	0	0	0	0	0	0	0	0	0	0	0	0	0	0	0	0	0	0	0	0	0	0	0	0	0	0	0
2224	0.0	1	1	2414024	100	0	0	0	0	0	0	0	0	0	0	0	0	0	0	0	0	0	0	0	0	0	0	0	0	0	0	0	0	0	0	0	0	0	0	0	0	0	0	0	0	0	0	0	0	0	0	0	0	0	0	0	0	0	0	0	0	0	0
2225	0.0	1	1	2414025	100	0	0	0	0	0	0	0	0	0	0	0	0	0	0	0	0	0	0	0	0	0	0	0	0	0	0	0	0	0	0	0	0	0	0	0	0	0	0	0	0	0	0	0	0	0	0	0	0	0	0	0	0	0	0	0	0	0	0
2226	0.0	1	1	2414026	100	0	0	0	0	0	0	0	0	0	0	0	0	0	0	0	0	0	0	0	0	0	0	0	0	0	0	0	0	0	0	0	0	0	0	0	0	0	0	0	0	0	0	0	0	0	0	0	0	0	0	0	0	0	0	0	0	0	0
2227	0.0	1	1	2414027	100	0	0	0	0	0	0	0	0	0	0	0	0	0	0	0	0	0	0	0	0	0	0	0	0	0	0	0	0	0	0	0	0	0	0	0	0	0	0	0	0	0	0	0	0	0	0	0	0	0	0	0	0	0	0	0	0	0	0
2228	0.0	1	1	2414028	100	0	0	0	0	0	0	0	0	0	0	0	0	0	0	0	0	0	0	0	0	0	0	0	0	0	0	0	0	0	0	0	0	0	0	0	0	0	0	0	0	0	0	0	0	0	0	0	0	0	0	0	0	0	0	0	0	0	0
2229	0.0	1	1	2414029	100	0	0	0	0	0	0	0	0	0	0	0	0	0	0	0	0	0	0	0	0	0	0	0	0	0	0	0	0	0	0	0	0	0	0	0	0	0	0	0	0	0	0	0	0	0	0	0	0	0	0	0	0	0	0	0	0	0	0
2230	0.0	1	1	2414030	100	0	0	0	0	0	0	0	0	0	0	0	0	0	0	0	0	0	0	0	0	0	0	0	0	0	0	0	0	0	0	0	0	0	0	0	0	0	0	0	0	0	0	0	0	0	0	0	0	0	0	0	0	0	0	0	0	0	0
2231	0.0	1	1	2414031	100	0	0	0	0	0	0	0	0	0	0	0	0	0	0	0	0	0	0	0	0	0	0	0	0	0	0	0	0	0	0	0	0	0	0	0	0	0	0	0	0	0	0	0	0	0	0	0	0	0	0	0	0	0	0	0	0	0	0
2232	0.0	1	1	2414032	100	0	0	0	0	0	0	0	0	0	0	0	0	0	0	0	0	0	0	0	0	0	0	0	0	0	0	0	0	0	0	0	0	0	0	0	0	0	0	0	0	0	0	0	0	0	0	0	0	0	0	0	0	0	0	0	0	0	0
2233	0.0	1	1	2414033	100	0	0	0	0	0	0	0	0	0	0	0	0	0	0	0	0	0	0	0	0	0	0	0	0	0	0	0	0	0	0	0	0	0	0	0	0	0	0	0	0	0	0	0	0	0	0	0	0	0	0	0	0	0	0	0	0	0	0
2234	0.0	1	1	2414034	100	0	0	0	0	0	0	0	0	0	0	0	0	0	0	0	0	0	0	0	0	0	0	0	0	0	0	0	0	0	0	0	0	0	0	0	0	0	0	0	0	0	0	0	0	0	0	0	0	0	0	0	0	0	0	0	0	0	0
2235	0.0	1	1	2414035	100	0	0	0	0	0	0	0	0	0	0	0	0	0	0	0	0	0	0	0	0	0	0	0	0	0	0	0	0	0	0	0	0	0	0	0	0	0	0	0	0	0	0	0	0	0	0	0	0	0	0	0	0	0	0	0	0	0	0
2236	0.0	1	1	2414036	100	0	0	0	0	0	0	0	0	0	0	0	0	0	0	0	0	0	0	0	0	0	0	0	0	0	0	0	0	0	0	0	0	0	0	0	0	0	0	0	0	0	0	0	0	0	0	0	0	0	0	0	0	0	0	0	0	0	0
2237	0.0	1	1	2414037	100	0	0	0	0	0	0	0	0	0	0	0	0	0	0	0	0	0	0	0	0	0	0	0	0	0	0	0	0	0	0	0	0	0	0	0	0	0	0	0	0	0	0	0	0	0	0	0	0	0	0	0	0	0	0	0	0	0	0
2238	0.0	1	1	2414038	100	0	0	0	0	0	0	0	0	0	0	0	0	0	0	0	0	0	0	0	0	0	0	0	0	0	0	0	0	0	0	0	0	0	0	0	0	0	0	0	0	0	0	0	0	0	0	0	0	0	0	0	0	0	0	0	0	0	0
2239	0.0	1	1	2414039	100	0	0	0	0	0	0	0	0	0	0	0	0	0	0	0	0	0	0	0	0	0	0	0	0	0	0	0	0	0	0	0	0	0	0	0	0	0	0	0	0	0	0	0	0	0	0	0	0	0	0	0	0	0	0	0	0	0	0
2240	0.0	1	1	2414040	100	0	0	0	0	0	0	0	0	0	0	0	0	0	0	0	0	0	0	0	0	0	0	0	0	0	0	0	0	0	0	0	0	0	0	0	0	0	0	0	0	0	0	0	0	0	0	0	0	0	0	0	0	0	0	0	0	0	0
2241	0.0	1	1	2414041	100	0	0	0	0	0	0	0	0	0	0	0	0	0	0	0	0	0	0	0	0	0	0	0	0	0	0	0	0	0	0	0	0	0	0	0	0	0	0	0	0	0	0	0	0	0	0	0	0	0	0	0	0	0	0	0	0	0	0
2242	0.0	1	1	2414042	100	0	0	0	0	0	0	0	0	0	0	0	0	0	0	0	0	0	0	0	0	0	0	0	0	0	0	0	0	0	0	0	0	0	0	0	0	0	0	0	0	0	0	0	0	0	0	0	0	0	0	0	0	0	0	0	0	0	0
2243	0.0	1	1	2414043	100	0	0	0	0	0	0	0	0	0	0	0	0	0	0	0	0	0	0	0	0	0	0	0	0	0	0	0	0	0	0	0	0	0	0	0	0	0	0	0	0	0	0	0	0	0	0	0	0	0	0	0	0	0	0	0	0	0	0
2244	0.0	1	1	2414044	100	0	0	0	0	0	0	0	0	0	0	0	0	0	0	0	0	0	0	0	0	0	0	0	0	0	0	0	0	0	0	0	0	0	0	0	0	0	0	0	0	0	0	0	0	0	0	0	0	0	0	0	0	0	0	0	0	0	0
2245	0.0	1	1	2414045	100	0	0	0	0	0	0	0	0	0	0	0	0	0	0	0	0	0	0	0	0	0	0	0	0	0	0	0	0	0	0	0	0	0	0	0	0	0	0	0	0	0	0	0	0	0	0	0	0	0	0	0	0	0	0	0	0	0	0
2246	0.0	1	1	2414046	100	0	0	0	0	0	0	0	0	0	0	0	0	0	0	0	0	0	0	0	0	0	0	0	0	0	0	0	0	0	0	0	0	0	0	0	0	0	0	0	0	0	0	0	0	0	0	0	0	0	0	0	0	0	0	0	0	0	0
2247	0.0	1	1	2414047	100	0	0	0	0	0	0	0	0	0	0	0	0	0	0	0	0	0	0	0	0	0	0	0	0	0	0	0	0	0	0	0	0	0	0	0	0	0	0	0	0	0	0	0	0	0	0	0	0	0	0	0	0	0	0	0	0	0	0
2248	0.0	1	1	2414048	100	0	0	0	0	0	0	0	0	0	0	0	0	0	0	0	0	0	0	0	0	0	0	0	0	0	0	0	0	0	0	0	0	0	0	0	0	0	0	0	0	0	0	0	0	0	0	0	0	0	0	0	0	0	0	0	0	0	0
2249	0.0	1	1	2414049	100	0	0	0	0	0	0	0	0	0	0	0	0	0	0	0	0	0	0	0	0	0	0	0	0	0	0	0	0	0	0	0	0	0	0	0	0	0	0	0	0	0	0	0	0	0	0	0	0	0	0	0	0	0	0	0	0	0	0
2250	0.0	1	1	2414050	100	0	0	0	0	0	0	0	0	0	0	0	0	0	0	0	0	0	0	0	0	0	0	0	0	0	0	0	0	0	0	0	0	0	0	0	0	0	0	0	0	0	0	0	0	0	0	0	0	0	0	0	0	0	0	0	0	0	0
2251	0.0	1	1	2414051	100	0	0	0	0	0	0	0	0	0	0	0	0	0	0	0	0	0	0	0	0	0	0	0	0	0	0	0	0	0	0	0	0	0	0	0	0	0	0	0	0	0	0	0	0	0	0	0	0	0	0	0	0	0	0	0	0	0	0
2252	0.0	1	1	2414052	100	0	0	0	0	0	0	0	0	0	0	0	0	0	0	0	0	0	0	0	0	0	0	0	0	0	0	0	0	0	0	0	0	0	0	0	0	0	0	0	0	0	0	0	0	0	0	0	0	0	0	0	0	0	0	0	0	0	0
2253	0.0	1	1	2414053	100	0	0	0	0	0	0	0	0	0	0	0	0	0	0	0	0	0	0	0	0	0	0	0	0	0	0	0	0	0	0	0	0	0	0	0	0	0	0	0	0	0	0	0	0	0	0	0	0	0	0	0	0	0	0	0	0	0	0
2254	0.0	1	1	2414054	100	0	0	0	0	0	0	0	0	0	0	0	0	0	0	0	0	0	0	0	0	0	0	0	0	0	0	0	0	0	0	0	0	0	0	0	0	0	0	0	0	0	0	0	0	0	0	0	0	0	0	0	0	0	0	0	0	0	0
2255	0.0	1	1	2414055	100	0	0	0	0	0	0	0	0	0	0	0	0	0	0	0	0	0	0	0	0	0	0	0	0	0	0	0	0	0	0	0	0	0	0	0	0	0	0	0	0	0	0	0	0	0	0	0	0	0	0	0	0	0	0	0	0	0	0
2256	0.0	1	1	2414056	100	0	0	0	0	0	0	0	0	0	0	0	0	0	0	0	0	0	0	0	0	0	0	0	0	0	0	0	0	0	0	0	0	0	0	0	0	0	0	0	0	0	0	0	0	0	0	0	0	0	0	0	0	0	0	0	0	0	0
2257	0.0	1	1	2414057	100	0	0	0	0	0	0	0	0	0	0	0	0	0	0	0	0	0	0	0	0	0	0	0	0	0	0	0	0	0	0	0	0	0	0	0	0	0	0	0	0	0	0	0	0	0	0	0	0	0	0	0	0	0	0	0	0	0	0
2258	0.0	1	1	2414058	100	0	0	0	0	0	0	0	0	0	0	0	0	0	0	0	0	0	0	0	0	0	0	0	0	0	0	0	0	0	0	0	0	0	0	0	0	0	0	0	0	0	0	0	0	0	0	0	0	0	0	0	0	0	0	0	0	0	0
2259	0.0	1	1	2414059	100	0	0	0	0	0	0	0	0	0	0	0	0	0	0	0	0	0	0	0	0	0	0	0	0	0	0	0	0	0	0	0	0	0	0	0	0	0	0	0	0	0	0	0	0	0	0	0	0	0	0	0	0	0	0	0	0	0	0
2260	0.0	1	1	2414060	100	0	0	0	0	0	0	0	0	0	0	0	0	0	0	0	0	0	0	0	0	0	0	0	0	0	0	0	0	0	0	0	0	0	0	0	0	0	0	0	0	0	0	0	0	0	0	0	0	0	0	0	0	0	0	0	0	0	0
2261	0.0	1	1	2414061	100	0	0	0	0	0	0	0	0	0	0	0	0	0	0	0	0	0	0	0	0	0	0	0	0	0	0	0	0	0	0	0	0	0	0	0	0	0	0	0	0	0	0	0	0	0	0	0	0	0	0	0	0	0	0	0	0	0	0
2262	0.0	1	1	2414062	100	0	0	0	0	0	0	0	0	0	0	0	0	0	0	0	0	0	0	0	0	0	0	0	0	0	0	0	0	0	0	0	0	0	0	0	0	0	0	0	0	0	0	0	0	0	0	0	0	0	0	0	0	0	0	0	0	0	0
2263	0.0	1	1	2414063	100	0	0	0	0	0	0	0	0	0	0	0	0	0	0	0	0	0	0	0	0	0	0	0	0	0	0	0	0	0	0	0	0	0	0	0	0	0	0	0	0	0	0	0	0	0	0	0	0	0	0	0	0	0	0	0	0	0	0
2264	0.0	1	1	2414064	100	0	0	0	0	0	0	0	0	0	0	0	0	0	0	0	0	0	0	0	0	0	0	0	0	0	0	0	0	0	0	0	0	0	0	0	0	0	0	0	0	0	0	0	0	0	0	0	0	0	0	0	0	0	0	0	0	0	0
2265	0.0	1	1	2414065	100	0	0	0	0	0	0	0	0	0	0	0	0	0	0	0	0	0	0	0	0	0	0	0	0	0	0	0	0	0	0	0	0	0	0	0	0	0	0	0	0	0	0	0	0	0	0	0	0	0	0	0	0	0	0	0	0	0	0
2266	0.0	1	1	2414066	100	0	0	0	0	0	0	0	0	0	0	0	0	0	0	0	0	0	0	0	0	0	0	0	0	0	0	0	0	0	0	0	0	0	0	0	0	0	0	0	0	0	0	0	0	0	0	0	0	0	0	0	0	0	0	0	0	0	0
2267	0.0	1	1	2414067	100	0	0	0	0	0	0	0	0	0	0	0	0	0	0	0	0	0	0	0	0	0	0	0	0	0	0	0	0	0	0	0	0	0	0	0	0	0	0	0	0	0	0	0	0	0	0	0	0	0	0	0	0	0	0	0	0	0	0
2268	0.0	1	1	2414068	100	0	0	0	0	0	0	0	0	0	0	0	0	0	0	0	0	0	0	0	0	0	0	0	0	0	0	0	0	0	0	0	0	0	0	0	0	0	0	0	0	0	0	0	0	0	0	0	0	0	0	0	0	0	0	0	0	0	0
2269	0.0	1	1	2414069	100	0	0	0	0	0	0	0	0	0	0	0	0	0	0	0	0	0	0	0	0	0	0	0	0	0	0	0	0	0	0	0	0	0	0	0	0	0	0	0	0	0	0	0	0	0	0	0	0	0	0	0	0	0	0	0	0	0	0
2270	0.0	1	1	2414070	100	0	0	0	0	0	0	0	0	0	0	0	0	0	0	0	0	0	0	0	0	0	0	0	0	0	0	0	0	0	0	0	0	0	0	0	0	0	0	0	0	0	0	0	0	0	0	0	0	0	0	0	0	0	0	0	0	0	0
8001	100.0	1	1	2500634	100	0	0	0	0	0	0	0	0	0	0	0	0	0	0	0	0	0	0	0	0	0	0	0	0	0	0	0	0	0	0	0	0	0	0	0	0	0	0	0	0	0	0	0	0	0	0	0	0	0	0	0	0	0	0	0	0	0	0
8002	100.0	1	1	2600151	4250	2600152	4250	2600301	1200	0	0	0	0	0	0	0	0	0	0	0	0	0	0	0	0	0	0	0	0	0	0	0	0	0	0	0	0	0	0	0	0	0	0	0	0	0	0	0	0	0	0	0	0	0	0	0	0	0	0	0	0	0	0
8003	100.0	1	1	2600101	2434	2600102	2433	2600103	2433	2600301	1400	0	0	0	0	0	0	0	0	0	0	0	0	0	0	0	0	0	0	0	0	0	0	0	0	0	0	0	0	0	0	0	0	0	0	0	0	0	0	0	0	0	0	0	0	0	0	0	0	0	0	0	0
8004	100.0	1	1	2600351	1	2605001	500	2600365	499	0	0	0	0	0	0	0	0	0	0	0	0	0	0	0	0	0	0	0	0	0	0	0	0	0	0	0	0	0	0	0	0	0	0	0	0	0	0	0	0	0	0	0	0	0	0	0	0	0	0	0	0	0	0
8005	100.0	1	1	2600351	1	2600041	200	2600042	200	2600043	200	0	0	0	0	0	0	0	0	0	0	0	0	0	0	0	0	0	0	0	0	0	0	0	0	0	0	0	0	0	0	0	0	0	0	0	0	0	0	0	0	0	0	0	0	0	0	0	0	0	0	0	0
8006	100.0	1	2	2600101	2434	2600102	2433	2600103	2433	2600301	1200	2600302	1200	2406954	100	2406955	100	2406956	100	0	0	0	0	0	0	0	0	0	0	0	0	0	0	0	0	0	0	0	0	0	0	0	0	0	0	0	0	0	0	0	0	0	0	0	0	0	0	0	0	0	0	0	0
8007	100.0	1	2	2600151	3800	2600152	3800	2600301	1200	2600302	1200	2406954	100	2406955	100	2406956	100	0	0	0	0	0	0	0	0	0	0	0	0	0	0	0	0	0	0	0	0	0	0	0	0	0	0	0	0	0	0	0	0	0	0	0	0	0	0	0	0	0	0	0	0	0	0
8008	100.0	1	2	2600351	1	2605001	500	2600365	499	0	0	0	0	0	0	0	0	0	0	0	0	0	0	0	0	0	0	0	0	0	0	0	0	0	0	0	0	0	0	0	0	0	0	0	0	0	0	0	0	0	0	0	0	0	0	0	0	0	0	0	0	0	0
8009	100.0	1	2	2600025	3000	2600026	3000	0	0	0	0	0	0	0	0	2600044	200	2600045	500	2600046	500	2600301	250	2600302	250	2406954	100	2406955	100	2406956	100	0	0	0	0	0	0	0	0	0	0	0	0	0	0	0	0	0	0	0	0	0	0	0	0	0	0	0	0	0	0	0	0
8010	100.0	1	2	2600351	1	2605001	500	2600365	499	0	0	0	0	0	0	0	0	0	0	0	0	0	0	0	0	0	0	0	0	0	0	0	0	0	0	0	0	0	0	0	0	0	0	0	0	0	0	0	0	0	0	0	0	0	0	0	0	0	0	0	0	0	0
8011	100.0	2	2	2600101	2434	2600102	2433	2600103	2433	2600302	1200	2600303	1200	2406954	100	2406955	100	2406956	100	0	0	0	0	0	0	0	0	0	0	0	0	0	0	0	0	0	0	0	0	0	0	0	0	0	0	0	0	0	0	0	0	0	0	0	0	0	0	0	0	0	0	0	0
8012	100.0	2	2	2600151	3800	2600152	3800	2600302	1200	2600303	1200	2406954	100	2406955	100	2406956	100	0	0	0	0	0	0	0	0	0	0	0	0	0	0	0	0	0	0	0	0	0	0	0	0	0	0	0	0	0	0	0	0	0	0	0	0	0	0	0	0	0	0	0	0	0	0
8013	100.0	2	2	2600351	1	2605001	500	2600365	499	0	0	0	0	0	0	0	0	0	0	0	0	0	0	0	0	0	0	0	0	0	0	0	0	0	0	0	0	0	0	0	0	0	0	0	0	0	0	0	0	0	0	0	0	0	0	0	0	0	0	0	0	0	0
8014	100.0	2	2	2600027	3000	2600028	3000	0	0	0	0	0	0	0	0	2600041	200	2600042	500	2600043	500	2600302	250	2600303	250	2406954	100	2406955	100	2406956	100	0	0	0	0	0	0	0	0	0	0	0	0	0	0	0	0	0	0	0	0	0	0	0	0	0	0	0	0	0	0	0	0
8015	100.0	2	2	2600351	1	2605001	500	2600365	499	0	0	0	0	0	0	0	0	0	0	0	0	0	0	0	0	0	0	0	0	0	0	0	0	0	0	0	0	0	0	0	0	0	0	0	0	0	0	0	0	0	0	0	0	0	0	0	0	0	0	0	0	0	0
8016	100.0	2	3	2600101	2434	2600102	2433	2600103	2433	2600303	1200	2600304	1200	2406954	100	2406955	100	2406956	100	0	0	0	0	0	0	0	0	0	0	0	0	0	0	0	0	0	0	0	0	0	0	0	0	0	0	0	0	0	0	0	0	0	0	0	0	0	0	0	0	0	0	0	0
8017	100.0	2	3	2600151	3800	2600152	3800	2600303	1200	2600304	1200	2406954	100	2406955	100	2406956	100	0	0	0	0	0	0	0	0	0	0	0	0	0	0	0	0	0	0	0	0	0	0	0	0	0	0	0	0	0	0	0	0	0	0	0	0	0	0	0	0	0	0	0	0	0	0
8018	100.0	2	3	2600351	1	2605001	500	2600365	499	0	0	0	0	0	0	0	0	0	0	0	0	0	0	0	0	0	0	0	0	0	0	0	0	0	0	0	0	0	0	0	0	0	0	0	0	0	0	0	0	0	0	0	0	0	0	0	0	0	0	0	0	0	0
8019	100.0	2	3	0	0	2600028	6000	0	0	0	0	0	0	0	0	2600041	200	2600042	500	2600043	500	2600303	250	2600304	250	2406954	100	2406955	100	2406956	100	0	0	0	0	0	0	0	0	0	0	0	0	0	0	0	0	0	0	0	0	0	0	0	0	0	0	0	0	0	0	0	0
8020	100.0	2	3	2600351	1	2605001	500	2600365	499	0	0	0	0	0	0	0	0	0	0	0	0	0	0	0	0	0	0	0	0	0	0	0	0	0	0	0	0	0	0	0	0	0	0	0	0	0	0	0	0	0	0	0	0	0	0	0	0	0	0	0	0	0	0
8021	100.0	3	3	2600101	2434	2600102	2433	2600103	2433	2600304	1200	2600305	1200	2406954	100	2406955	100	2406956	100	0	0	0	0	0	0	0	0	0	0	0	0	0	0	0	0	0	0	0	0	0	0	0	0	0	0	0	0	0	0	0	0	0	0	0	0	0	0	0	0	0	0	0	0
8022	100.0	3	3	2600151	3800	2600152	3800	2600304	1200	2600305	1200	2406954	100	2406955	100	2406956	100	0	0	0	0	0	0	0	0	0	0	0	0	0	0	0	0	0	0	0	0	0	0	0	0	0	0	0	0	0	0	0	0	0	0	0	0	0	0	0	0	0	0	0	0	0	0
8023	100.0	3	3	2600351	1	2605001	333	2600365	333	2600099	333	0	0	0	0	0	0	0	0	0	0	0	0	0	0	0	0	0	0	0	0	0	0	0	0	0	0	0	0	0	0	0	0	0	0	0	0	0	0	0	0	0	0	0	0	0	0	0	0	0	0	0	0
8024	100.0	3	3	0	0	0	0	0	0	2600029	8000	0	0	0	0	2600041	200	2600042	500	2600043	500	2600304	250	2600305	250	2406954	100	2406955	100	2406956	100	0	0	0	0	0	0	0	0	0	0	0	0	0	0	0	0	0	0	0	0	0	0	0	0	0	0	0	0	0	0	0	0
8025	100.0	3	3	2600351	1	2605001	333	2600365	333	2600099	333	0	0	0	0	0	0	0	0	0	0	0	0	0	0	0	0	0	0	0	0	0	0	0	0	0	0	0	0	0	0	0	0	0	0	0	0	0	0	0	0	0	0	0	0	0	0	0	0	0	0	0	0
8026	100.0	1	1	2600101	2434	2600102	2433	2600103	2433	2600301	1400	0	0	0	0	0	0	0	0	0	0	0	0	0	0	0	0	0	0	0	0	0	0	0	0	0	0	0	0	0	0	0	0	0	0	0	0	0	0	0	0	0	0	0	0	0	0	0	0	0	0	0	0
8027	100.0	1	1	2600151	3800	2600152	3800	2600301	1400	0	0	0	0	0	0	0	0	0	0	0	0	0	0	0	0	0	0	0	0	0	0	0	0	0	0	0	0	0	0	0	0	0	0	0	0	0	0	0	0	0	0	0	0	0	0	0	0	0	0	0	0	0	0
8028	100.0	1	1	2600351	1	2605001	500	2600365	499	0	0	0	0	0	0	0	0	0	0	0	0	0	0	0	0	0	0	0	0	0	0	0	0	0	0	0	0	0	0	0	0	0	0	0	0	0	0	0	0	0	0	0	0	0	0	0	0	0	0	0	0	0	0
8029	100.0	1	1	2600281	100	2600282	100	2600283	100	2600284	100	2600285	100	0	0	0	0	0	0	0	0	0	0	0	0	0	0	0	0	0	0	0	0	0	0	0	0	0	0	0	0	0	0	0	0	0	0	0	0	0	0	0	0	0	0	0	0	0	0	0	0	0	0
8901	100.0	1	1	2400709	300	2600044	100	2600045	100	2600046	100	0	0	2400063	100	2401029	150	0	0	2600554	100	0	0	0	0	0	0	2600051	50	0	0	0	0	0	0	0	0	0	0	0	0	0	0	0	0	0	0	0	0	0	0	0	0	0	0	0	0	0	0	0	0	0	0
8902	100.0	1	1	2400710	300	2600041	100	2600042	100	2600043	100	2405558	50	2400063	50	2401030	100	2401403	50	2600555	50	2600364	50	0	0	0	0	2600053	50	0	0	0	0	0	0	0	0	0	0	0	0	0	0	0	0	0	0	0	0	0	0	0	0	0	0	0	0	0	0	0	0	0	0
8903	100.0	1	1	2400711	300	2600041	100	2600042	100	2600043	100	2405559	50	2400063	50	2401031	100	2401403	50	2600556	50	2600557	50	0	0	0	0	2600054	50	0	0	0	0	0	0	0	0	0	0	0	0	0	0	0	0	0	0	0	0	0	0	0	0	0	0	0	0	0	0	0	0	0	0
8904	100.0	1	1	2400712	300	2600041	100	2600042	100	2600043	100	2405560	50	2400063	50	2401032	100	2401403	50	2600558	25	2600559	25	2600560	25	2600561	25	2600055	50	0	0	0	0	0	0	0	0	0	0	0	0	0	0	0	0	0	0	0	0	0	0	0	0	0	0	0	0	0	0	0	0	0	0
8905	100.0	1	1	2400709	300	2600044	100	2600045	100	2600046	100	2405557	150	2400063	50	2401029	100	2401403	50	0	0	0	0	0	0	0	0	2600052	50	0	0	0	0	0	0	0	0	0	0	0	0	0	0	0	0	0	0	0	0	0	0	0	0	0	0	0	0	0	0	0	0	0	0
8990	100.0	1	1	2200225	100	2200425	100	2200625	100	2200825	100	2201025	100	2201225	100	0	0	0	0	0	0	0	0	0	0	0	0	0	0	0	0	0	0	0	0	0	0	0	0	0	0	0	0	0	0	0	0	0	0	0	0	0	0	0	0	0	0	0	0	0	0	0	0
9001	100.0	50	50	3509539	50	2401029	50	2401041	50	2401001	50	2400834	50	2400701	50	0	0	0	0	0	0	0	0	0	0	0	0	0	0	0	0	0	0	0	0	0	0	0	0	0	0	0	0	0	0	0	0	0	0	0	0	0	0	0	0	0	0	0	0	0	0	0	0
9002	100.0	50	50	3509539	50	0	0	0	0	0	0	0	0	0	0	0	0	0	0	0	0	0	0	0	0	0	0	0	0	0	0	0	0	0	0	0	0	0	0	0	0	0	0	0	0	0	0	0	0	0	0	0	0	0	0	0	0	0	0	0	0	0	0
9003	100.0	50	50	2400064	50	2600508	50	2600510	50	2600512	50	2600513	50	2600514	50	0	0	0	0	0	0	0	0	0	0	0	0	0	0	0	0	0	0	0	0	0	0	0	0	0	0	0	0	0	0	0	0	0	0	0	0	0	0	0	0	0	0	0	0	0	0	0	0
9004	100.0	50	50	2401451	500	2401452	300	2401453	150	2401454	50	0	0	0	0	0	0	0	0	0	0	0	0	0	0	0	0	0	0	0	0	0	0	0	0	0	0	0	0	0	0	0	0	0	0	0	0	0	0	0	0	0	0	0	0	0	0	0	0	0	0	0	0
9005	100.0	50	50	2400091	50	2400092	50	2400093	50	2400094	50	2400095	50	0	0	0	0	0	0	0	0	0	0	0	0	0	0	0	0	0	0	0	0	0	0	0	0	0	0	0	0	0	0	0	0	0	0	0	0	0	0	0	0	0	0	0	0	0	0	0	0	0	0
9006	100.0	50	50	2400407	50	2400408	50	2400409	50	2400410	50	2400411	50	2400412	50	0	5	2400414	5	2400415	5	2400416	5	0	0	0	0	0	0	0	0	0	0	0	0	0	0	0	0	0	0	0	0	0	0	0	0	0	0	0	0	0	0	0	0	0	0	0	0	0	0	0	0
9007	100.0	50	50	2400701	500	2400702	300	2400703	100	2400704	50	2400705	30	2400706	20	0	0	0	0	0	0	0	0	0	0	0	0	0	0	0	0	0	0	0	0	0	0	0	0	0	0	0	0	0	0	0	0	0	0	0	0	0	0	0	0	0	0	0	0	0	0	0	0
9008	100.0	50	50	2400834	500	2400835	300	2400836	100	2400837	50	2400838	30	2400839	20	0	0	0	0	0	0	0	0	0	0	0	0	0	0	0	0	0	0	0	0	0	0	0	0	0	0	0	0	0	0	0	0	0	0	0	0	0	0	0	0	0	0	0	0	0	0	0	0
9009	100.0	50	50	2400822	100	2400823	100	2400824	50	2400825	100	2400826	50	2400827	50	2400828	100	2400829	100	2400830	100	2400831	100	2400832	100	0	0	0	0	0	0	0	0	0	0	0	0	0	0	0	0	0	0	0	0	0	0	0	0	0	0	0	0	0	0	0	0	0	0	0	0	0	0
9010	100.0	50	50	2400901	100	2400902	100	2400903	50	2400904	100	2400905	50	2400906	50	2400907	100	2400908	100	2400909	100	2400910	100	2400911	100	0	0	0	0	0	0	0	0	0	0	0	0	0	0	0	0	0	0	0	0	0	0	0	0	0	0	0	0	0	0	0	0	0	0	0	0	0	0
9011	100.0	50	50	2401325	50	2401329	50	2401333	50	2401337	50	2401341	50	2401345	50	0	0	0	0	0	0	0	0	0	0	0	0	0	0	0	0	0	0	0	0	0	0	0	0	0	0	0	0	0	0	0	0	0	0	0	0	0	0	0	0	0	0	0	0	0	0	0	0
9012	100.0	50	50	2405001	50	2405002	50	2405003	50	2405004	50	2405005	50	2405006	50	2405007	50	2405008	50	2405009	50	0	0	0	0	0	0	0	0	0	0	0	0	0	0	0	0	0	0	0	0	0	0	0	0	0	0	0	0	0	0	0	0	0	0	0	0	0	0	0	0	0	0
9901	100.0	1	1	2208939	2	2208946	2	2208953	2	2208960	2	2208967	2	2208974	2	0	0	0	0	0	0	0	0	0	0	0	0	0	0	0	0	0	0	0	0	0	0	0	0	0	0	0	0	0	0	0	0	0	0	0	0	0	0	0	0	0	0	0	0	0	0	0	0
9999	100.0	50	100	2401159	50	2401160	50	2401161	50	2401259	50	2401260	50	2401261	50	0	0	0	0	0	0	0	0	0	0	0	0	0	0	0	0	0	0	0	0	0	0	0	0	0	0	0	0	0	0	0	0	0	0	0	0	0	0	0	0	0	0	0	0	0	0	0	0
