n_ID	s_NAME	s_ID_ICON	s_ID_MODEL_PARTS	n_ID_MODEL	n_ID_MAP	n_DROPMODEL_TYPE	s_MODEL_EFFECT	n_TAG_TRADE	n_QUALITY	n_ITEMLV	n_CONDITION_LV	n_CONDITION_GENDER	n_CONDITION_CLASS	n_CONDITION_CAMPS	n_CONDITION_SKILL	n_CONDITION_SKILLLV	n_ICONSLOT	n_EQUIPSLOT	n_EQUIPTYPE	n_EQUIPTYPE_EFFECT	n_TAG_LOOT	s_TAG_EXTRA	n_ID_USAGE	n_CD	n_PRICE_BUY	n_PRICE_VENDER	n_QUATITY_STACK	s_ITEM_EXIST	n_ID_BUFF	s_EQUIPFX	s_VARYDATA	n_BROADCAST	n_BROADCAST_QUANTITY	n_AVATAR_ADMIX	s_HK_VER	s_TC_VER	s_JP_VER	s_TH_VER
1	冒險之鑰	ICON_MISSION_052_000		0	0	0		10	1	1	0	0	0	0	0	0	0	0	0	0	0		0	0	1000	1	25		0			0	0	0	1.04.0000	1.07.0000	1.07.0000	1.07.0000
2	海神金幣	ICON_COIN_000_000		0	0	0		11	1	1	0	0	0	0	0	0	0	0	0	0	0		0	0	50	50	999		0			0	0	0	1.00.0000	1.07.0000	1.07.0000	1.07.0000
3	晶格擴充組合	ICON_TOOL_000_000		0	0	0		0	2	1	0	0	0	0	0	0	0	0	0	0	0	15	0	0	10	1	1		0			0	0	0	1.00.0000	1.07.0000	1.07.0000	1.07.0000
4	晶格擴充組合	ICON_TOOL_000_000		0	0	0		10	2	1	0	0	0	0	0	0	0	0	0	0	0	15	0	0	1000	1	1		0			0	0	0	1.00.0000	1.07.0000	1.07.0000	1.07.0000
5	傳聲獸角	ICON_MISSION_010_001		0	0	0		10	1	1	0	0	0	0	0	0	0	0	0	0	0	28	0	0	10	1	25		0			0	0	0	1.00.0000	1.07.0000	1.07.0000	1.07.0000
7	地元素	ICON_ELEMENT_000_000		0	0	0		14	2	1	0	0	0	0	0	0	0	0	0	0	0	18	0	0	10	0	999		0			0	0	0	1.00.0000	1.07.0000	1.07.0000	1.07.0000
8	水元素	ICON_ELEMENT_000_001		0	0	0		14	2	1	0	0	0	0	0	0	0	0	0	0	0	18	0	0	10	0	999		0			0	0	0	1.00.0000	1.07.0000	1.07.0000	1.07.0000
9	火元素	ICON_ELEMENT_000_002		0	0	0		14	2	1	0	0	0	0	0	0	0	0	0	0	0	18	0	0	10	0	999		0			0	0	0	1.00.0000	1.07.0000	1.07.0000	1.07.0000
10	風元素	ICON_ELEMENT_000_003		0	0	0		14	2	1	0	0	0	0	0	0	0	0	0	0	0	18	0	0	10	0	999		0			0	0	0	1.00.0000	1.07.0000	1.07.0000	1.07.0000
18	實驗用史萊姆	ICON_MOB_000_000		0	0	0		0	1	1	1	0	0	0	0	0	0	0	0	0	0	38	0	0	10000	1	1		0			0	0	0	1.00.0000	1.07.0000	1.07.0000	1.07.0000
19	實驗用史萊姆X	ICON_MOB_000_002		0	0	0		10	1	1	1	0	0	0	0	0	0	0	0	0	0	38	0	0	6000	1	1		0			0	0	0	1.00.0000	1.07.0000	1.07.0000	1.07.0000
20	實驗用史萊姆A	ICON_MOB_000_003		0	0	0		10	1	1	1	0	0	0	0	0	0	0	0	0	0	38	0	0	10000	1	1		0			0	0	0	1.00.0000	1.07.0000	1.07.0000	1.07.0000
21	實驗用史萊姆B	ICON_MOB_000_001		0	0	0		10	1	1	1	0	0	0	0	0	0	0	0	0	0	38	0	0	10000	1	1		0			0	0	0	1.00.0000	1.07.0000	1.07.0000	1.07.0000
22	好心南瓜	ICON_TREASURE_022_000		0	0	12		10	1	1	1	0	0	0	0	0	0	0	0	0	0		0	0	10	1	25		0			0	0	0	1.06.0000	1.07.0000	1.07.0000	1.07.0000
23	彩鵲羽毛	ICON_OTHERS_006_000		0	0	0		10	1	1	1	0	0	0	0	0	0	0	0	0	0		0	0	10	1	25		0			0	0	0	1.11.0000	1.07.0000	1.07.0000	1.07.0000
24	軟綿綿雪花	ICON_OTHERS_007_000		0	0	0		10	1	1	1	0	0	0	0	0	0	0	0	0	0		0	0	10	1	25		0			0	0	0	1.11.0000	1.07.0000	1.07.0000	1.07.0000
25	LV.1元素包(地)	ICON_BAG_002_000		0	0	0		0	1	1	0	0	0	0	0	0	0	0	0	0	0		237	110	10	1	25		0			0	0	0	1.00.0000	1.08.0000	1.08.0000	1.08.0000
26	LV.2元素包(地)	ICON_BAG_002_000		0	0	0		0	1	1	0	0	0	0	0	0	0	0	0	0	0		238	110	10	1	25		0			0	0	0	1.00.0000	1.08.0000	1.08.0000	1.08.0000
27	LV.3元素包(地)	ICON_BAG_002_000		0	0	0		0	1	1	0	0	0	0	0	0	0	0	0	0	0		239	110	10	1	25		0			0	0	0	1.00.0000	1.08.0000	1.08.0000	1.08.0000
28	LV.4元素包(地)	ICON_BAG_002_000		0	0	0		0	1	1	0	0	0	0	0	0	0	0	0	0	0		240	110	10	1	25		0			0	0	0	1.00.0000	1.08.0000	1.08.0000	1.08.0000
29	LV.5元素包(地)	ICON_BAG_002_000		0	0	0		0	1	1	0	0	0	0	0	0	0	0	0	0	0		241	110	10	1	25		0			0	0	0	1.00.0000	1.08.0000	1.08.0000	1.08.0000
41	紅寶石	ICON_GEM_000_000		0	0	7		0	2	1	0	0	0	0	0	0	0	0	0	0	0	3;1	0	0	5000	1	25		0			0	0	0	1.00.0000	1.07.0000	1.07.0000	1.07.0000
42	藍寶石	ICON_GEM_000_001		0	0	8		0	2	1	0	0	0	0	0	0	0	0	0	0	0	3;2	0	0	5000	1	25		0			0	0	0	1.00.0000	1.07.0000	1.07.0000	1.07.0000
43	綠寶石	ICON_GEM_000_002		0	0	9		0	2	1	0	0	0	0	0	0	0	0	0	0	0	3;3	0	0	5000	1	25		0			0	0	0	1.00.0000	1.07.0000	1.07.0000	1.07.0000
44	獎勵紅寶石	ICON_GEM_000_000		0	0	7		10	2	1	0	0	0	0	0	0	0	0	0	0	0	3;1	0	0	2000	1	25		0			0	0	0	1.00.0000	1.07.0000	1.07.0000	1.07.0000
45	獎勵藍寶石	ICON_GEM_000_001		0	0	8		10	2	1	0	0	0	0	0	0	0	0	0	0	0	3;2	0	0	2000	1	25		0			0	0	0	1.00.0000	1.07.0000	1.07.0000	1.07.0000
46	獎勵綠寶石	ICON_GEM_000_002		0	0	9		10	2	1	0	0	0	0	0	0	0	0	0	0	0	3;3	0	0	2000	1	25		0			0	0	0	1.00.0000	1.07.0000	1.07.0000	1.07.0000
47	高級寶石包	ICON_BAG_002_002		0	0	0		0	1	1	0	0	0	0	0	0	0	0	0	0	0		138	0	10	1	25		0			0	0	0	1.00.0000	1.07.0000	1.07.0000	1.07.0000
48	特級寶石包	ICON_BAG_002_002		0	0	0		0	1	1	0	0	0	0	0	0	0	0	0	0	0		139	0	10	1	25		0			0	0	0	1.00.0000	1.07.0000	1.07.0000	1.07.0000
49	獎勵寶石包	ICON_BAG_002_002		0	0	0		10	1	1	0	0	0	0	0	0	0	0	0	0	0		574	110	10	1	25		0			0	0	0	1.07.0000	1.07.0000	1.07.0000	1.07.0000
51	船染料1號	ICON_DYE_001_000		0	0	0		0	1	1	0	0	0	0	0	0	0	0	0	0	0	26;30;180	0	0	10000	1	25		0			0	0	0	1.00.0000	1.07.0000	1.07.0000	1.07.0000
52	船染料2號	ICON_DYE_001_000		0	0	0		0	1	1	0	0	0	0	0	0	0	0	0	0	0	26;70;220	0	0	10000	1	25		0			0	0	0	1.00.0000	1.07.0000	1.07.0000	1.07.0000
53	船染料3號	ICON_DYE_001_000		0	0	0		0	1	1	0	0	0	0	0	0	0	0	0	0	0	26;50;200	0	0	10000	1	25		0			0	0	0	1.00.0000	1.07.0000	1.07.0000	1.07.0000
54	船染料4號	ICON_DYE_001_000		0	0	0		0	1	1	0	0	0	0	0	0	0	0	0	0	0	26;20;210	0	0	10000	1	25		0			0	0	0	1.00.0000	1.08.0000	1.08.0000	1.08.0000
55	船染料5號	ICON_DYE_001_000		0	0	0		0	1	1	0	0	0	0	0	0	0	0	0	0	0	26;30;230	0	0	10000	1	25		0			0	0	0	1.00.0000	1.08.0000	1.08.0000	1.08.0000
57	染色劑1號	ICON_DYE_000_000		0	0	0		0	1	1	0	0	0	0	0	0	0	0	0	0	0	27;50;150	0	0	500	1	25		0			0	0	0	1.00.0000	1.07.0000	1.07.0000	1.07.0000
58	染色劑2號	ICON_DYE_000_000		0	0	0		0	1	1	0	0	0	0	0	0	0	0	0	0	0	27;100;200	0	0	500	1	25		0			0	0	0	1.00.0000	1.07.0000	1.07.0000	1.07.0000
59	染色劑3號	ICON_DYE_000_000		0	0	0		0	1	1	0	0	0	0	0	0	0	0	0	0	0	27;50;200	0	0	1000	1	25		0			0	0	0	1.00.0000	1.07.0000	1.07.0000	1.07.0000
60	染色劑4號	ICON_DYE_000_000		0	0	0		0	1	1	0	0	0	0	0	0	0	0	0	0	0	27;20;230	0	0	10000	1	25		0			0	0	0	1.00.0000	1.07.0000	1.07.0000	1.07.0000
61	黑色染色劑	ICON_DYE_000_001		0	0	0		10	1	1	0	0	0	0	0	0	0	0	0	0	0	27;25;35	0	0	10	1	25		0			0	0	0	1.00.0000	1.07.0000	1.07.0000	1.07.0000
62	染色劑4號	ICON_DYE_000_000		0	0	0		10	1	1	0	0	0	0	0	0	0	0	0	0	0	27;20;230	0	0	10000	1	25		0			0	0	0	1.00.0000	1.00.0000	1.10.0000	1.10.0000
81	不可思議的鑰匙	ICON_KEY_001_002		0	0	0		0	2	1	0	0	0	0	0	0	0	0	0	0	0		0	0	10	1	1	1;10800	0			0	0	0	OUT	1.09.0000	1.09.0000	1.09.0000
91	快損毀的碎片	ICON_PAPER_001_000		0	0	0		0	1	1	0	0	0	0	0	0	0	0	0	0	0	43;2800037	0	0	10	1	1		0			0	0	0	1.00.0000	1.07.0000	1.07.0000	1.07.0000
92	殘破的碎片	ICON_PAPER_001_000		0	0	0		0	1	1	0	0	0	0	0	0	0	0	0	0	0	43;2800038	0	0	10	1	1		0			0	0	0	1.00.0000	1.07.0000	1.07.0000	1.07.0000
93	字跡模糊的碎片	ICON_PAPER_001_000		0	0	0		0	1	1	0	0	0	0	0	0	0	0	0	0	0	43;2800039	0	0	10	1	1		0			0	0	0	1.00.0000	1.07.0000	1.07.0000	1.07.0000
94	油墨暈開的碎片	ICON_PAPER_001_000		0	0	0		0	1	1	0	0	0	0	0	0	0	0	0	0	0	43;2800040	0	0	10	1	1		0			0	0	0	1.00.0000	1.07.0000	1.07.0000	1.07.0000
95	天地精華	ICON_ELEMENT_004_000		0	0	0		14	4	1	0	0	0	0	0	0	0	0	0	0	0	18	0	0	10	0	99		0			0	0	0	1.00.0000	1.07.0000	1.07.0000	1.07.0000
96	船魂白玉	ICON_OTHERS_001_000		0	0	0		10	1	1	0	0	0	0	0	0	0	0	0	0	0	48;1	540	110	10	1	25		0			0	0	0	1.04.0000	1.07.0000	1.07.0000	1.07.0000
97	船魂碧玉	ICON_OTHERS_001_001		0	0	0		10	2	1	0	0	0	0	0	0	0	0	0	0	0	48;2	541	110	10	1	25		0			0	0	0	1.04.0000	1.07.0000	1.07.0000	1.07.0000
98	船魂藍玉	ICON_OTHERS_001_002		0	0	0		10	3	1	0	0	0	0	0	0	0	0	0	0	0	48;3	0	0	10	1	25		0			0	0	0	1.04.0000	1.07.0000	1.07.0000	1.07.0000
99	機關樞紐	ICON_Collect_Treasure_047_000		0	0	0		0	1	1	0	0	0	0	0	0	0	0	0	0	0		0	0	10	1	25		0			0	0	0	1.10.0000	1.09.0100	1.09.0100	1.09.0100
101	小粒果	ICON_FRUIT_000_000		0	0	0		0	1	1	0	0	0	0	0	0	0	0	0	0	0	18	0	0	10	1	999		0			0	0	0	1.00.0000	1.07.0000	1.07.0000	1.07.0000
102	野林果	ICON_FRUIT_001_000		0	0	0		0	1	1	0	0	0	0	0	0	0	0	0	0	0	18	0	0	10	1	999		0			0	0	0	1.00.0000	1.07.0000	1.07.0000	1.07.0000
103	空澄果	ICON_FRUIT_002_000		0	0	0		0	1	1	0	0	0	0	0	0	0	0	0	0	0	18	0	0	10	1	999		0			0	0	0	1.00.0000	1.07.0000	1.07.0000	1.07.0000
151	漆紅草	ICON_LEAF_000_000		0	0	0		0	1	1	0	0	0	0	0	0	0	0	0	0	0	18	0	0	10	1	999		0			0	0	0	1.00.0000	1.07.0000	1.07.0000	1.07.0000
152	虛青草	ICON_LEAF_005_000		0	0	0		0	1	1	0	0	0	0	0	0	0	0	0	0	0	18	0	0	10	1	999		0			0	0	0	1.00.0000	1.07.0000	1.07.0000	1.07.0000
191	森林泉水	ICON_LIQUID_001_000		0	0	0		0	1	1	0	0	0	0	0	0	0	0	0	0	0	18	0	0	10	1	999		0			0	0	0	OUT	1.07.0000	1.07.0000	1.07.0000
192	高山泉水	ICON_LIQUID_001_002		0	0	0		0	1	1	0	0	0	0	0	0	0	0	0	0	0	18	0	0	10	1	999		0			0	0	0	OUT	1.07.0000	1.07.0000	1.07.0000
193	特級糖	ICON_POWDER_000_000		0	0	0		0	1	1	0	0	0	0	0	0	0	0	0	0	0	18	0	0	10	1	999		0			0	0	0	OUT	1.07.0000	1.07.0000	1.07.0000
194	精製糖	ICON_POWDER_000_005		0	0	0		0	1	1	0	0	0	0	0	0	0	0	0	0	0	18	0	0	10	1	999		0			0	0	0	OUT	1.07.0000	1.07.0000	1.07.0000
195	薑黃糖	ICON_POWDER_000_003		0	0	0		0	1	1	0	0	0	0	0	0	0	0	0	0	0	18	0	0	10	1	999		0			0	0	0	OUT	1.07.0000	1.07.0000	1.07.0000
196	果青糖	ICON_POWDER_000_004		0	0	0		0	1	1	0	0	0	0	0	0	0	0	0	0	0	18	0	0	10	1	999		0			0	0	0	OUT	1.07.0000	1.07.0000	1.07.0000
251	清透水晶	ICON_BOSS_000_000		0	0	0		0	2	1	0	0	0	0	0	0	0	0	0	0	0	18	0	0	10	1	999		0			0	0	0	1.00.0000	1.07.0000	1.07.0000	1.07.0000
252	雪白短翅	ICON_BOSS_001_000		0	0	0		0	2	1	0	0	0	0	0	0	0	0	0	0	0	18	0	0	10	1	999		0			0	0	0	1.00.0000	1.07.0000	1.07.0000	1.07.0000
254	能量火種	ICON_BOSS_003_000		0	0	0		0	2	1	0	0	0	0	0	0	0	0	0	0	0	18	0	0	10	1	999		0			0	0	0	1.00.0000	1.07.0000	1.07.0000	1.07.0000
255	烈焰之角	ICON_BOSS_004_000		0	0	0		0	2	1	0	0	0	0	0	0	0	0	0	0	0	18	0	0	10	1	999		0			0	0	0	1.00.0000	1.07.0000	1.07.0000	1.07.0000
256	守護之罩	ICON_BOSS_005_000		0	0	0		0	2	1	0	0	0	0	0	0	0	0	0	0	0	18	0	0	10	1	999		0			0	0	0	1.00.0000	1.07.0000	1.07.0000	1.07.0000
281	阿爾提摩的核心	ICON_FOOD_005_001		0	0	0		0	2	1	0	0	0	0	0	0	0	0	0	0	0		0	0	10	0	15		0			0	0	0	1.00.0000	1.07.0000	1.07.0000	1.07.0000
282	貝魯特的護手	ICON_GL_018_000_M		0	0	0		0	2	1	0	0	0	0	0	0	0	0	0	0	0		0	0	10	0	20		0			0	0	0	1.00.0000	1.07.0000	1.07.0000	1.07.0000
283	克魯塔斯的劍	ICON_SWORD_951_000		0	0	0		0	2	1	0	0	0	0	0	0	0	0	0	0	0		0	0	10	0	25		0			0	0	0	1.00.0000	1.07.0000	1.07.0000	1.07.0000
284	美狄亞的手環	ICON_RN_008_000		0	0	0		0	2	1	0	0	0	0	0	0	0	0	0	0	0		0	0	10	0	30		0			0	0	0	1.00.0000	1.07.0000	1.07.0000	1.07.0000
285	轟殼車的碎片	ICON_TREASURE_036_000		0	0	0		0	2	1	0	0	0	0	0	0	0	0	0	0	0		0	0	10	0	35		0			0	0	0	1.00.0000	1.07.0000	1.07.0000	1.07.0000
286	但丁的頭盔	ICON_HT_013_001		0	0	0		0	2	1	0	0	0	0	0	0	0	0	0	0	0		0	0	10	0	40		0			0	0	0	OUT	1.07.0000	1.07.0000	1.07.0000
287	娜拉亞娜的齒輪	ICON_ENHANCE_000_000		0	0	0		0	2	1	0	0	0	0	0	0	0	0	0	0	0		0	0	10	0	45		0			0	0	0	OUT	1.07.0000	1.07.0000	1.07.0000
291	公會能量Lv.3	ICON_TREASURE_045_001		0	0	0		2	2	1	0	0	0	0	0	0	0	0	0	0	0		0	0	10	0	1		0			0	0	0	OUT	1.07.0000	1.07.0000	1.07.0000
292	公會能量Lv.4	ICON_TREASURE_045_001		0	0	0		2	2	1	0	0	0	0	0	0	0	0	0	0	0		0	0	10	0	1		0			0	0	0	OUT	1.07.0000	1.07.0000	1.07.0000
293	公會能量Lv.5	ICON_TREASURE_045_001		0	0	0		2	2	1	0	0	0	0	0	0	0	0	0	0	0		0	0	10	0	1		0			0	0	0	OUT	1.07.0000	1.07.0000	1.07.0000
294	公會能量Lv.6	ICON_TREASURE_045_001		0	0	0		2	2	1	0	0	0	0	0	0	0	0	0	0	0		0	0	10	0	1		0			0	0	0	OUT	1.07.0000	1.07.0000	1.07.0000
295	公會能量Lv.7	ICON_TREASURE_045_001		0	0	0		2	2	1	0	0	0	0	0	0	0	0	0	0	0		0	0	10	0	1		0			0	0	0	OUT	1.07.0000	1.07.0000	1.07.0000
296	公會能量Lv.8	ICON_TREASURE_045_001		0	0	0		2	2	1	0	0	0	0	0	0	0	0	0	0	0		0	0	10	0	1		0			0	0	0	OUT	1.07.0000	1.07.0000	1.07.0000
297	公會能量Lv.9	ICON_TREASURE_045_001		0	0	0		2	2	1	0	0	0	0	0	0	0	0	0	0	0		0	0	10	0	1		0			0	0	0	OUT	1.07.0000	1.07.0000	1.07.0000
301	狄紅花	ICON_FLOWER_000_000		0	0	0		0	1	1	0	0	0	0	0	0	0	0	0	0	0		0	0	10	1	25		0			0	0	0	1.00.0000	1.07.0000	1.07.0000	1.07.0000
302	無令草	ICON_LEAF_006_000		0	0	0		0	1	1	0	0	0	0	0	0	0	0	0	0	0		0	0	10	1	25		0			0	0	0	1.00.0000	1.07.0000	1.07.0000	1.07.0000
303	霏黃花	ICON_FLOWER_000_001		0	0	0		0	1	1	0	0	0	0	0	0	0	0	0	0	0		0	0	10	1	25		0			0	0	0	1.00.0000	1.07.0000	1.07.0000	1.07.0000
304	下紛草	ICON_LEAF_006_001		0	0	0		0	1	1	0	0	0	0	0	0	0	0	0	0	0		0	0	10	1	25		0			0	0	0	1.00.0000	1.07.0000	1.07.0000	1.07.0000
305	青醬花	ICON_FLOWER_000_002		0	0	0		0	1	1	0	0	0	0	0	0	0	0	0	0	0		0	0	10	1	25		0			0	0	0	1.00.0000	1.07.0000	1.07.0000	1.07.0000
321	匠心白鍊	ICON_OTHERS_009_000		0	0	0		10	1	1	0	0	0	0	0	0	0	0	0	0	0		0	0	10	1	25		0			0	0	0		1.07.0000	1.07.0000	1.07.0000
322	匠心綠鍊	ICON_OTHERS_009_001		0	0	0		10	2	1	0	0	0	0	0	0	0	0	0	0	0		0	0	10	1	25		0			0	0	0		1.07.0000	1.07.0000	1.07.0000
323	匠心藍鍊	ICON_OTHERS_009_002		0	0	0		10	3	1	0	0	0	0	0	0	0	0	0	0	0		0	0	10	1	25		0			0	0	0		1.07.0000	1.07.0000	1.07.0000
324	匠心紫鍊	ICON_OTHERS_009_003		0	0	0		10	4	1	0	0	0	0	0	0	0	0	0	0	0		0	0	10	1	25		0			0	0	0		1.07.0000	1.07.0000	1.07.0000
341	航海定位器	ICON_EXPLORE_000_000		0	0	0		10	2	1	0	0	0	0	0	0	0	0	0	0	0		209	109	10	1	25		0			0	0	0	1.00.0000	1.07.0000	1.07.0000	1.07.0000
342	重生點定位器	ICON_EXPLORE_000_001		0	0	0		10	2	1	0	0	0	0	0	0	0	0	0	0	0		428	135	10	1	25		0			0	0	0	1.00.0000	1.07.0000	1.07.0000	1.07.0000
343	公會島定位器	ICON_EXPLORE_001_001		0	0	0		10	2	1	0	0	0	0	0	0	0	0	0	0	0		429	136	10	1	25		0			0	0	0	1.00.0000	1.07.0000	1.07.0000	1.07.0000
344	精密航海定位器	ICON_EXPLORE_000_000		0	0	0		47	3	1	0	0	0	0	0	0	0	0	0	0	0		568	100	10	1	1		0			0	0	0	1.04.0000	1.07.0000	1.07.0000	1.07.0000
351	百兩金磚	ICON_TREASURE_000_000		0	0	0		0	4	1	0	0	0	0	0	0	0	0	0	0	0		0	0	1000000	10000	1		0			1	0	0	1.00.0000	1.07.0000	1.07.0000	1.07.0000
352	破碎的不明遺跡	ICON_MISSION_066_000		0	0	0		0	1	1	0	0	0	0	0	0	0	0	0	0	0		0	0	800	400	1		0			0	0	0	1.00.0000	1.07.0000	1.07.0000	1.07.0000
353	缺損的不明遺跡	ICON_MISSION_031_001		0	0	0		0	1	1	0	0	0	0	0	0	0	0	0	0	0		0	0	1600	800	1		0			0	0	0	1.00.0000	1.07.0000	1.07.0000	1.07.0000
354	塵封的不明遺跡	ICON_MISSION_065_000		0	0	0		0	1	1	0	0	0	0	0	0	0	0	0	0	0		0	0	2400	1200	1		0			0	0	0	1.00.0000	1.07.0000	1.07.0000	1.07.0000
355	破碎的墜落遺跡	ICON_MISSION_084_000		0	0	0		0	1	1	0	0	0	0	0	0	0	0	0	0	0		0	0	1200	600	1		0			0	0	0	1.00.0000	1.07.0000	1.07.0000	1.07.0000
356	缺損的墜落遺跡	ICON_MISSION_081_001		0	0	0		0	1	1	0	0	0	0	0	0	0	0	0	0	0		0	0	2400	1200	1		0			0	0	0	1.00.0000	1.07.0000	1.07.0000	1.07.0000
357	塵封的墜落遺跡	ICON_MISSION_054_000		0	0	0		0	1	1	0	0	0	0	0	0	0	0	0	0	0		0	0	3600	1800	1		0			0	0	0	1.00.0000	1.07.0000	1.07.0000	1.07.0000
358	破碎的海底遺跡	ICON_MISSION_030_001		0	0	0		0	1	1	0	0	0	0	0	0	0	0	0	0	0		0	0	1400	700	1		0			0	0	0	1.00.0000	1.07.0000	1.07.0000	1.07.0000
359	缺損的海底遺跡	ICON_MISSION_006_001		0	0	0		0	1	1	0	0	0	0	0	0	0	0	0	0	0		0	0	2800	1400	1		0			0	0	0	1.00.0000	1.07.0000	1.07.0000	1.07.0000
360	塵封的海底遺跡	ICON_COLLECT_000_000		0	0	0		0	1	1	0	0	0	0	0	0	0	0	0	0	0		0	0	4200	2100	1		0			0	0	0	1.00.0000	1.07.0000	1.07.0000	1.07.0000
361	破碎的天空遺跡	ICON_MISSION_068_000		0	0	0		0	1	1	0	0	0	0	0	0	0	0	0	0	0		0	0	2000	1000	1		0			0	0	0	1.00.0000	1.07.0000	1.07.0000	1.07.0000
362	缺損的天空遺跡	ICON_MISSION_067_000		0	0	0		0	1	1	0	0	0	0	0	0	0	0	0	0	0		0	0	4000	2000	1		0			0	0	0	1.00.0000	1.07.0000	1.07.0000	1.07.0000
363	塵封的天空遺跡	ICON_MISSION_064_001		0	0	0		0	1	1	0	0	0	0	0	0	0	0	0	0	0		0	0	6000	3000	1		0			0	0	0	1.00.0000	1.07.0000	1.07.0000	1.07.0000
364	神秘冰魚化石	ICON_MISSION_031_000		0	0	0		10	1	1	0	0	0	0	0	0	0	0	0	0	0		0	0	10000	5000	25		0			1	0	0	1.03.0000	1.07.0000	1.07.0000	1.07.0000
365	隕星銅環	ICON_COMPO_002_000		0	0	0		0	1	1	0	0	0	0	0	0	0	0	0	0	0		0	0	10	1	25		0			2	0	0	1.03.0000	1.07.0000	1.07.0000	1.07.0000
366	淬煉之黃昏精華	ICON_COMPO_000_000		0	0	0		0	1	1	0	0	0	0	0	0	0	0	0	0	0		518	110	10	1	25		0			2	0	0	1.03.0000	1.07.0000	1.07.0000	1.07.0000
367	黃昏納石晶	ICON_COMPO_001_000		0	0	0		0	1	1	0	0	0	0	0	0	0	0	0	0	0		518	110	10	1	25		0			2	0	0	1.03.0000	1.07.0000	1.07.0000	1.07.0000
368	淬煉之破曉精華	ICON_COMPO_000_001		0	0	0		0	1	1	0	0	0	0	0	0	0	0	0	0	0		519	110	10	1	25		0			2	0	0	1.03.0000	1.07.0000	1.07.0000	1.07.0000
369	破曉納石晶	ICON_COMPO_001_001		0	0	0		0	1	1	0	0	0	0	0	0	0	0	0	0	0		519	110	10	1	25		0			2	0	0	1.03.0000	1.07.0000	1.07.0000	1.07.0000
370	淬煉之旭日精華	ICON_COMPO_000_002		0	0	0		0	1	1	0	0	0	0	0	0	0	0	0	0	0		520	110	10	1	25		0			2	0	0	1.03.0000	1.07.0000	1.07.0000	1.07.0000
371	旭日納石晶	ICON_COMPO_001_002		0	0	0		0	1	1	0	0	0	0	0	0	0	0	0	0	0		520	110	10	1	25		0			2	0	0	1.03.0000	1.07.0000	1.07.0000	1.07.0000
372	淬煉之烈陽精華	ICON_COMPO_000_003		0	0	0		0	1	1	0	0	0	0	0	0	0	0	0	0	0		521	110	10	1	25		0			2	0	0	1.03.0000	1.07.0000	1.07.0000	1.07.0000
373	烈陽納石晶	ICON_COMPO_001_003		0	0	0		0	1	1	0	0	0	0	0	0	0	0	0	0	0		521	110	10	1	25		0			2	0	0	1.03.0000	1.07.0000	1.07.0000	1.07.0000
374	仁醫的耐心	ICON_TREASURE_007_004		0	0	0		0	1	1	0	0	0	0	0	0	0	0	0	0	0		0	0	600	300	1		0			0	0	0	1.03.0000	1.07.0000	1.07.0000	1.07.0000
375	仁醫的細心	ICON_TREASURE_007_000		0	0	0		0	1	1	0	0	0	0	0	0	0	0	0	0	0		0	0	1200	600	1		0			0	0	0	1.03.0000	1.07.0000	1.07.0000	1.07.0000
376	仁醫的貼心	ICON_TREASURE_007_002		0	0	0		0	1	1	0	0	0	0	0	0	0	0	0	0	0		0	0	1800	900	1		0			0	0	0	1.03.0000	1.07.0000	1.07.0000	1.07.0000
377	仁醫的愛心	ICON_TREASURE_007_001		0	0	0		0	1	1	0	0	0	0	0	0	0	0	0	0	0		0	0	2400	1200	1		0			0	0	0	1.03.0000	1.07.0000	1.07.0000	1.07.0000
378	仁醫的救世心	ICON_TREASURE_007_003		0	0	0		0	1	1	0	0	0	0	0	0	0	0	0	0	0		0	0	3000	1500	1		0			0	0	0	1.03.0000	1.07.0000	1.07.0000	1.07.0000
379	連殺證明	ICON_DOCUMENT_001_000		0	0	0		10	2	1	0	0	0	0	0	0	0	0	0	0	0		0	0	10	10	999		0			0	0	0	1.03.0000	1.07.0000	1.07.0000	1.07.0000
380	幽暗島地圖-1	ICON_COLLECT_006_000		0	0	0		10	2	1	0	0	0	0	0	0	0	0	0	0	0		0	0	10	1	1		0			0	0	0	1.06.0000	1.07.0000	1.07.0000	1.07.0000
381	幽暗島地圖-2	ICON_COLLECT_006_000		0	0	0		10	2	1	0	0	0	0	0	0	0	0	0	0	0		0	0	10	1	1		0			0	0	0	1.06.0000	1.07.0000	1.07.0000	1.07.0000
382	幽暗島地圖-3	ICON_COLLECT_006_000		0	0	0		10	2	1	0	0	0	0	0	0	0	0	0	0	0		0	0	10	1	1		0			0	0	0	1.06.0000	1.07.0000	1.07.0000	1.07.0000
383	幽暗島地圖-4	ICON_COLLECT_006_000		0	0	0		10	2	1	0	0	0	0	0	0	0	0	0	0	0		0	0	10	1	1		0			0	0	0	1.06.0000	1.07.0000	1.07.0000	1.07.0000
384	空木桶	ICON_TREASURE_009_000		0	0	0		10	1	1	0	0	0	0	0	0	0	0	0	0	0		0	0	10	1	1		0			0	0	0	1.06.0000	1.07.0000	1.07.0000	1.07.0000
385	生鏽的鑰匙	ICON_MISSION_052_000		0	0	0		10	1	1	0	0	0	0	0	0	0	0	0	0	0		0	0	10	1	1		0			0	0	0	1.06.0000	1.07.0000	1.07.0000	1.07.0000
386	地圖碎片線索	ICON_COLLECT_001_000		0	0	0		10	1	1	0	0	0	0	0	0	0	0	0	0	0		567	110	10	1	1		0			0	0	0	1.06.0000	1.07.0000	1.07.0000	1.07.0000
387	競技場榮譽章	ICON_MARK_000_001		0	0	0		10	2	1	0	0	0	0	0	0	0	0	0	0	0		0	0	1	1	999		0			0	0	0	1.11.0000	1.07.0000	1.07.0000	1.07.0000
388	淬煉之海洋精華	ICON_COMPO_000_006		0	0	0		0	1	1	0	0	0	0	0	0	0	0	0	0	0		639	110	10	1	25		0			2	0	0	OUT	1.07.0000	1.07.0000	1.07.0000
389	海洋納石晶	ICON_COMPO_001_006		0	0	0		0	1	1	0	0	0	0	0	0	0	0	0	0	0		639	110	10	1	25		0			2	0	0	OUT	1.07.0000	1.07.0000	1.07.0000
390	淬煉之怒濤精華	ICON_COMPO_000_005		0	0	0		0	1	1	0	0	0	0	0	0	0	0	0	0	0		640	110	10	1	25		0			2	0	0	OUT	1.07.0000	1.07.0000	1.07.0000
391	怒濤納石晶	ICON_COMPO_001_005		0	0	0		0	1	1	0	0	0	0	0	0	0	0	0	0	0		640	110	10	1	25		0			2	0	0	OUT	1.07.0000	1.07.0000	1.07.0000
392	海戰場榮譽章	ICON_MARK_000_002		0	0	0		10	2	1	0	0	0	0	0	0	0	0	0	0	0		0	0	1	1	999		0			0	0	0	OUT	1.20.0000	1.20.0000	1.30.0000
401	皇家港寶藏許可	ICON_LICENSE_001_000		0	0	0		15	2	1	0	0	0	0	0	0	0	0	0	0	0		315	110	1	1	1		0			1	0	0	1.00.0000	1.07.0000	1.07.0000	1.07.0000
402	監獄流放島寶藏許可	ICON_LICENSE_001_001		0	0	0		15	2	1	0	0	0	0	0	0	0	0	0	0	0		315	110	1	1	1		0			1	0	0	1.00.0000	1.07.0000	1.07.0000	1.07.0000
403	香料天堂島寶藏許可	ICON_LICENSE_001_004		0	0	0		15	2	1	0	0	0	0	0	0	0	0	0	0	0		315	110	1	1	1		0			1	0	0	1.00.0000	1.07.0000	1.07.0000	1.07.0000
404	奴隸市場島寶藏許可	ICON_LICENSE_001_002		0	0	0		15	2	1	0	0	0	0	0	0	0	0	0	0	0		315	110	1	1	1		0			1	0	0	1.00.0000	1.07.0000	1.07.0000	1.07.0000
405	萬惡港寶藏許可	ICON_LICENSE_001_003		0	0	0		15	2	1	0	0	0	0	0	0	0	0	0	0	0		315	110	1	1	1		0			1	0	0	1.00.0000	1.07.0000	1.07.0000	1.07.0000
406	海皇城寨寶藏許可	ICON_LICENSE_001_000		0	0	0		15	2	1	0	0	0	0	0	0	0	0	0	0	0		315	110	1	1	1		0			1	0	0	1.00.0000	1.07.0000	1.07.0000	1.07.0000
407	巫毒島寶藏許可	ICON_LICENSE_001_001		0	0	0		15	2	1	0	0	0	0	0	0	0	0	0	0	0		315	110	1	1	1		0			1	0	0	1.00.0000	1.07.0000	1.07.0000	1.07.0000
408	白銀港寶藏許可	ICON_LICENSE_001_004		0	0	0		15	2	1	0	0	0	0	0	0	0	0	0	0	0		315	110	1	1	1		0			1	0	0	1.00.0000	1.07.0000	1.07.0000	1.07.0000
409	亡都之海寶藏許可	ICON_LICENSE_001_002		0	0	0		15	2	1	0	0	0	0	0	0	0	0	0	0	0		315	110	1	1	1		0			1	0	0	1.01.0000	1.07.0000	1.07.0000	1.07.0000
410	深海聖殿寶藏許可	ICON_LICENSE_001_003		0	0	0		15	2	1	0	0	0	0	0	0	0	0	0	0	0		315	110	1	1	1		0			1	0	0	1.01.0000	1.07.0000	1.07.0000	1.07.0000
411	德雷克空寨寶藏許可	ICON_LICENSE_001_001		0	0	0		15	2	1	0	0	0	0	0	0	0	0	0	0	0		315	110	1	1	1		0			1	0	0	1.01.0000	1.07.0000	1.07.0000	1.07.0000
412	地獄火山島寶藏許可	ICON_LICENSE_001_000		0	0	0		15	2	1	0	0	0	0	0	0	0	0	0	0	0		315	110	1	1	1		0			1	0	0	1.01.0000	1.07.0000	1.07.0000	1.07.0000
413	失落的伊甸寶藏許可	ICON_LICENSE_001_004		0	0	0		15	2	1	0	0	0	0	0	0	0	0	0	0	0		315	110	1	1	1		0			1	0	0	1.01.0000	1.07.0000	1.07.0000	1.07.0000
414	落日廢都寶藏許可	ICON_LICENSE_001_002		0	0	0		15	2	1	0	0	0	0	0	0	0	0	0	0	0		315	110	1	1	1		0			1	0	0	1.01.0000	1.07.0000	1.07.0000	1.07.0000
501	外觀兌換娃娃-頭飾	ICON_MISSION_022_001		0	0	0		10	1	1	0	0	0	0	0	0	0	0	0	0	0		380	110	1	1	25		0			0	0	0	1.00.0000	1.07.0000	1.07.0000	1.07.0000
502	外觀兌換娃娃-上身	ICON_MISSION_022_002		0	0	0		10	1	1	0	0	0	0	0	0	0	0	0	0	0		381	110	1	1	25		0			0	0	0	1.00.0000	1.07.0000	1.07.0000	1.07.0000
503	外觀兌換娃娃-下身	ICON_MISSION_022_003		0	0	0		10	1	1	0	0	0	0	0	0	0	0	0	0	0		382	110	1	1	25		0			0	0	0	1.00.0000	1.07.0000	1.07.0000	1.07.0000
504	神奇頭飾膠囊	ICON_MISSION_035_001		0	0	0		10	1	1	0	0	0	0	0	0	0	0	0	0	0		383	110	1	1	25		0			0	0	0	1.00.0000	1.07.0000	1.07.0000	1.07.0000
505	神奇上身膠囊	ICON_MISSION_035_002		0	0	0		10	1	1	0	0	0	0	0	0	0	0	0	0	0		384	110	1	1	25		0			0	0	0	1.00.0000	1.07.0000	1.07.0000	1.07.0000
506	神奇下身膠囊	ICON_MISSION_035_003		0	0	0		10	1	1	0	0	0	0	0	0	0	0	0	0	0		385	110	1	1	25		0			0	0	0	1.00.0000	1.07.0000	1.07.0000	1.07.0000
507	黑暗秘法娃娃	ICON_MISSION_022_001		0	0	0		10	1	1	0	0	0	0	0	0	0	0	0	0	0		494	110	1	1	25		0			0	0	0	1.00.0000	1.07.0000	1.07.0000	1.07.0000
508	秘法膠囊	ICON_MISSION_035_001		0	0	0		10	1	1	0	0	0	0	0	0	0	0	0	0	0		497	110	1	1	25		0			0	0	0	1.00.0000	1.07.0000	1.07.0000	1.07.0000
509	神秘寶藏娃娃	ICON_MISSION_022_001		0	0	0		10	1	1	0	0	0	0	0	0	0	0	0	0	0		500	110	1	1	25		0			0	0	0	1.00.0000	1.07.0000	1.07.0000	1.07.0000
510	神秘膠囊	ICON_MISSION_035_001		0	0	0		10	1	1	0	0	0	0	0	0	0	0	0	0	0		503	110	1	1	25		0			0	0	0	1.00.0000	1.07.0000	1.07.0000	1.07.0000
511	公會榮耀娃娃	ICON_MISSION_022_001		0	0	0		10	1	1	0	0	0	0	0	0	0	0	0	0	0		506	110	1	1	25		0			0	0	0	1.00.0000	1.07.0000	1.07.0000	1.07.0000
512	榮耀膠囊	ICON_MISSION_035_001		0	0	0		10	1	1	0	0	0	0	0	0	0	0	0	0	0		509	110	1	1	25		0			0	0	0	1.00.0000	1.07.0000	1.07.0000	1.07.0000
513	初階職業膠囊	ICON_MISSION_035_001		0	0	0		10	1	1	0	0	0	0	0	0	0	0	0	0	0		512	110	5000	1	25		0			0	0	0	1.00.0000	1.07.0000	1.07.0000	1.07.0000
514	中階職業膠囊	ICON_MISSION_035_001		0	0	0		10	1	1	60	0	0	0	0	0	0	0	0	0	0		517	110	10000	1	25		0			0	0	0	1.00.0000	1.07.0000	1.07.0000	1.07.0000
515	克羅艾斯契約殘頁	ICON_PS001_000_000		0	0	0		0	1	1	0	0	0	0	0	0	0	0	0	0	0		522	110	1	1	99		0			0	0	0	1.03.0000	1.07.0000	1.07.0000	1.07.0000
516	優爾妲契約殘頁	ICON_PM008_001_002		0	0	0		0	1	1	0	0	0	0	0	0	0	0	0	0	0		523	110	1	1	99		0			0	0	0	1.03.0000	1.07.0000	1.07.0000	1.07.0000
517	紅焰魔犬契約殘頁	ICON_PR000_001_001		0	0	0		0	1	1	0	0	0	0	0	0	0	0	0	0	0		524	110	1	1	99		0			0	0	0	1.03.0000	1.07.0000	1.07.0000	1.07.0000
518	白玉煉台(5%)	ICON_OTHERS_002_000		0	0	0		0	1	1	0	0	0	0	0	0	0	0	0	0	0	47;1;5	542	110	1	1	25		0			0	0	0	1.04.0000	1.07.0000	1.07.0000	1.07.0000
519	白玉煉台(10%)	ICON_OTHERS_002_000		0	0	0		0	1	1	0	0	0	0	0	0	0	0	0	0	0	47;1;10	543	110	1	1	25		0			0	0	0	1.04.0000	1.07.0000	1.07.0000	1.07.0000
520	白玉煉台(20%)	ICON_OTHERS_002_000		0	0	0		0	1	1	0	0	0	0	0	0	0	0	0	0	0	47;1;20	544	110	1	1	25		0			0	0	0	1.04.0000	1.07.0000	1.07.0000	1.07.0000
521	白玉煉台(40%)	ICON_OTHERS_002_000		0	0	0		0	1	1	0	0	0	0	0	0	0	0	0	0	0	47;1;40	545	110	1	1	25		0			0	0	0	1.04.0000	1.07.0000	1.07.0000	1.07.0000
522	白玉煉台(80%)	ICON_OTHERS_002_000		0	0	0		0	1	1	0	0	0	0	0	0	0	0	0	0	0	47;1;80	546	110	1	1	25		0			0	0	0	1.04.0000	1.07.0000	1.07.0000	1.07.0000
523	白玉煉台(100%)	ICON_OTHERS_002_000		0	0	0		0	1	1	0	0	0	0	0	0	0	0	0	0	0	47;1;100	0	0	1	1	25		0			0	0	0	1.04.0000	1.07.0000	1.07.0000	1.07.0000
524	碧玉煉台(5%)	ICON_OTHERS_002_001		0	0	0		0	2	1	0	0	0	0	0	0	0	0	0	0	0	47;2;5	547	110	1	1	25		0			0	0	0	1.04.0000	1.07.0000	1.07.0000	1.07.0000
525	碧玉煉台(10%)	ICON_OTHERS_002_001		0	0	0		0	2	1	0	0	0	0	0	0	0	0	0	0	0	47;2;10	548	110	1	1	25		0			0	0	0	1.04.0000	1.07.0000	1.07.0000	1.07.0000
526	碧玉煉台(20%)	ICON_OTHERS_002_001		0	0	0		0	2	1	0	0	0	0	0	0	0	0	0	0	0	47;2;20	549	110	1	1	25		0			0	0	0	1.04.0000	1.07.0000	1.07.0000	1.07.0000
527	碧玉煉台(40%)	ICON_OTHERS_002_001		0	0	0		0	2	1	0	0	0	0	0	0	0	0	0	0	0	47;2;40	550	110	1	1	25		0			0	0	0	1.04.0000	1.07.0000	1.07.0000	1.07.0000
528	碧玉煉台(80%)	ICON_OTHERS_002_001		0	0	0		0	2	1	0	0	0	0	0	0	0	0	0	0	0	47;2;80	551	110	1	1	25		0			0	0	0	1.04.0000	1.07.0000	1.07.0000	1.07.0000
529	碧玉煉台(100%)	ICON_OTHERS_002_001		0	0	0		0	2	1	0	0	0	0	0	0	0	0	0	0	0	47;2;100	0	0	1	1	25		0			0	0	0	1.04.0000	1.07.0000	1.07.0000	1.07.0000
530	藍玉煉台(5%)	ICON_OTHERS_002_002		0	0	0		0	3	1	0	0	0	0	0	0	0	0	0	0	0	47;3;5	552	110	1	1	25		0			0	0	0	1.04.0000	1.07.0000	1.07.0000	1.07.0000
531	藍玉煉台(10%)	ICON_OTHERS_002_002		0	0	0		0	3	1	0	0	0	0	0	0	0	0	0	0	0	47;3;10	553	110	1	1	25		0			0	0	0	1.04.0000	1.07.0000	1.07.0000	1.07.0000
532	藍玉煉台(20%)	ICON_OTHERS_002_002		0	0	0		0	3	1	0	0	0	0	0	0	0	0	0	0	0	47;3;20	554	110	1	1	25		0			0	0	0	1.04.0000	1.07.0000	1.07.0000	1.07.0000
533	藍玉煉台(40%)	ICON_OTHERS_002_002		0	0	0		0	3	1	0	0	0	0	0	0	0	0	0	0	0	47;3;40	555	110	1	1	25		0			0	0	0	1.04.0000	1.07.0000	1.07.0000	1.07.0000
534	藍玉煉台(80%)	ICON_OTHERS_002_002		0	0	0		0	3	1	0	0	0	0	0	0	0	0	0	0	0	47;3;80	556	110	1	1	25		0			0	0	0	1.04.0000	1.07.0000	1.07.0000	1.07.0000
535	藍玉煉台(100%)	ICON_OTHERS_002_002		0	0	0		0	3	1	0	0	0	0	0	0	0	0	0	0	0	47;3;100	0	0	1	1	25		0			0	0	0	1.04.0000	1.07.0000	1.07.0000	1.07.0000
536	套裝獎勵	ICON_MISSION_035_001		0	0	0		22	1	1	0	0	0	0	0	0	0	0	0	0	0		495	110	1	1	1		0			0	0	0	1.05.0000	1.07.0000	1.07.0000	1.07.0000
537	【荒野過客】套裝	ICON_MISSION_035_001		0	0	0		22	1	1	0	0	0	0	0	0	0	0	0	0	0		496	110	15000	1	1		0			0	0	0	1.05.0000	1.07.0000	1.07.0000	1.07.0000
538	【指導者】套裝	ICON_MISSION_035_001		0	0	0		22	1	1	0	0	0	0	0	0	0	0	0	0	0		498	110	15000	1	1		0			0	0	0	1.05.0000	1.07.0000	1.07.0000	1.07.0000
539	【戰爭機器】套裝	ICON_MISSION_035_001		0	0	0		22	1	1	0	0	0	0	0	0	0	0	0	0	0		499	110	15000	1	1		0			0	0	0	1.05.0000	1.07.0000	1.07.0000	1.07.0000
540	【神火使徒】套裝	ICON_MISSION_035_001		0	0	0		22	1	1	0	0	0	0	0	0	0	0	0	0	0		501	110	15000	1	1		0			0	0	0	1.05.0000	1.07.0000	1.07.0000	1.07.0000
541	【深淵戰甲】套裝	ICON_MISSION_035_001		0	0	0		22	1	1	0	0	0	0	0	0	0	0	0	0	0		502	110	15000	1	1		0			0	0	0	1.05.0000	1.07.0000	1.07.0000	1.07.0000
542	殘破的碎片-海魅影	ICON_PAPER_003_000		0	0	0		10	1	1	0	0	0	0	0	0	0	0	0	0	0	43;2800098	0	0	10	1	1		0			0	0	0	1.11.0000	1.07.0000	1.07.0000	1.07.0000
543	殘破的碎片-納爾遜	ICON_PAPER_003_000		0	0	0		10	1	1	0	0	0	0	0	0	0	0	0	0	0	43;2800099	0	0	10	1	1		0			0	0	0	1.11.0000	1.07.0000	1.07.0000	1.07.0000
544	殘破的碎片-奧德賽	ICON_PAPER_003_000		0	0	0		10	1	1	0	0	0	0	0	0	0	0	0	0	0	43;2800100	0	0	10	1	1		0			0	0	0	1.11.0000	1.07.0000	1.07.0000	1.07.0000
545	殘破的碎片-柏拉圖	ICON_PAPER_003_000		0	0	0		10	1	1	0	0	0	0	0	0	0	0	0	0	0	43;2800101	0	0	10	1	1		0			0	0	0	1.11.0000	1.07.0000	1.07.0000	1.07.0000
546	殘破的碎片-傑森	ICON_PAPER_003_000		0	0	0		10	1	1	0	0	0	0	0	0	0	0	0	0	0	43;2800102	0	0	10	1	1		0			0	0	0	1.11.0000	1.07.0000	1.07.0000	1.07.0000
547	殘破的碎片-美狄亞	ICON_PAPER_003_000		0	0	0		10	1	1	0	0	0	0	0	0	0	0	0	0	0	43;2800103	0	0	10	1	1		0			0	0	0	1.11.0000	1.07.0000	1.07.0000	1.07.0000
548	殘破的碎片-德雷克	ICON_PAPER_003_000		0	0	0		10	1	1	0	0	0	0	0	0	0	0	0	0	0	43;2800104	0	0	10	1	1		0			0	0	0	1.11.0000	1.07.0000	1.07.0000	1.07.0000
549	殘破的碎片-蘿絲瑪莉	ICON_PAPER_003_000		0	0	0		10	1	1	0	0	0	0	0	0	0	0	0	0	0	43;2800105	0	0	10	1	1		0			0	0	0	1.11.0000	1.07.0000	1.07.0000	1.07.0000
550	殘破的碎片-安潔莉娜	ICON_PAPER_003_000		0	0	0		10	1	1	0	0	0	0	0	0	0	0	0	0	0	43;2800106	0	0	10	1	1		0			0	0	0	1.11.0000	1.07.0000	1.07.0000	1.07.0000
551	殘破的碎片-俾斯麥	ICON_PAPER_003_000		0	0	0		10	1	1	0	0	0	0	0	0	0	0	0	0	0	43;2800107	0	0	10	1	1		0			0	0	0	1.11.0000	1.07.0000	1.07.0000	1.07.0000
552	殘破的碎片-哥倫布	ICON_PAPER_003_000		0	0	0		10	1	1	0	0	0	0	0	0	0	0	0	0	0	43;2800108	0	0	10	1	1		0			0	0	0	1.11.0000	1.07.0000	1.07.0000	1.07.0000
553	殘破的碎片-麥哲倫	ICON_PAPER_003_000		0	0	0		10	1	1	0	0	0	0	0	0	0	0	0	0	0	43;2800109	0	0	10	1	1		0			0	0	0	1.11.0000	1.07.0000	1.07.0000	1.07.0000
554	殘破的碎片-審判之槌	ICON_PAPER_002_000		0	0	0		0	1	1	0	0	0	0	0	0	0	0	0	0	0	43;2800110	0	0	10	1	1		0			0	0	0	1.11.0000	1.07.0000	1.07.0000	1.07.0000
555	殘破的碎片-海神僕役	ICON_PAPER_002_000		0	0	0		0	1	1	0	0	0	0	0	0	0	0	0	0	0	43;2800111	0	0	10	1	1		0			0	0	0	1.11.0000	1.07.0000	1.07.0000	1.07.0000
556	殘破的碎片-安錫恩之握	ICON_PAPER_002_000		0	0	0		0	1	1	0	0	0	0	0	0	0	0	0	0	0	43;2800112	0	0	10	1	1		0			0	0	0	1.11.0000	1.07.0000	1.07.0000	1.07.0000
557	殘破的碎片-莉迪娜之旋律	ICON_PAPER_002_000		0	0	0		0	1	1	0	0	0	0	0	0	0	0	0	0	0	43;2800113	0	0	10	1	1		0			0	0	0	1.11.0000	1.07.0000	1.07.0000	1.07.0000
558	殘破的碎片-秘寶獵人包包	ICON_PAPER_002_000		0	0	0		0	1	1	0	0	0	0	0	0	0	0	0	0	0	43;2800114	0	0	10	1	1		0			0	0	0	1.11.0000	1.07.0000	1.07.0000	1.07.0000
559	殘破的碎片-夜魔獠牙	ICON_PAPER_002_000		0	0	0		0	1	1	0	0	0	0	0	0	0	0	0	0	0	43;2800115	0	0	10	1	1		0			0	0	0	1.11.0000	1.07.0000	1.07.0000	1.07.0000
560	殘破的碎片-突襲艇鑰匙	ICON_PAPER_002_000		0	0	0		0	1	1	0	0	0	0	0	0	0	0	0	0	0	43;2800116	0	0	10	1	1		0			0	0	0	1.11.0000	1.07.0000	1.07.0000	1.07.0000
561	殘破的碎片-審判者之證	ICON_PAPER_002_000		0	0	0		0	1	1	0	0	0	0	0	0	0	0	0	0	0	43;2800117	0	0	10	1	1		0			0	0	0	1.11.0000	1.07.0000	1.07.0000	1.07.0000
562	破碎的廢紙	ICON_MISSION_084_000		0	0	0		0	1	1	0	0	0	0	0	0	0	0	0	0	0		0	0	200	50	1		0			0	0	0	1.11.0000	1.07.0000	1.07.0000	1.07.0000
563	泛黃瓦石紙	ICON_MISSION_062_000		0	0	0		0	1	1	0	0	0	0	0	0	0	0	0	0	0		0	0	2000	500	1		0			0	0	0	1.11.0000	1.07.0000	1.07.0000	1.07.0000
601	墜落的太陽完成證明	ICON_LICENSE_001_001		0	0	0		0	2	1	0	0	0	0	0	0	0	0	0	0	0		537	110	1	1	1		0			1	0	0	1.00.0000	1.07.0000	1.07.0000	1.07.0000
603	海皇殿完成證明	ICON_LICENSE_001_001		0	0	0		0	2	1	0	0	0	0	0	0	0	0	0	0	0		537	110	1	1	1		0			1	0	0	1.00.0000	1.07.0000	1.07.0000	1.07.0000
604	海怪巢穴完成證明	ICON_LICENSE_001_001		0	0	0		0	2	1	0	0	0	0	0	0	0	0	0	0	0		537	110	1	1	1		0			1	0	0	1.01.0000	1.07.0000	1.07.0000	1.07.0000
605	末日聖堂完成證明	ICON_LICENSE_001_001		0	0	0		0	2	1	0	0	0	0	0	0	0	0	0	0	0		537	110	1	1	1		0			1	0	0	1.01.0000	1.07.0000	1.07.0000	1.07.0000
606	地獄審判完成證明	ICON_LICENSE_001_001		0	0	0		0	2	1	0	0	0	0	0	0	0	0	0	0	0		537	110	1	1	1		0			1	0	0	1.01.0000	1.07.0000	1.07.0000	1.07.0000
607	天火塔完成證明	ICON_LICENSE_001_001		0	0	0		0	2	1	0	0	0	0	0	0	0	0	0	0	0		537	110	1	1	1		0			1	0	0	1.01.0000	1.07.0000	1.07.0000	1.07.0000
608	怒海要塞完成證明	ICON_LICENSE_001_001		0	0	0		0	2	1	0	0	0	0	0	0	0	0	0	0	0		537	110	1	1	1		0			1	0	0	1.10.0000	1.07.0000	1.07.0000	1.07.0000
701	鍛鐵殘塊	ICON_SPALL_000_001		0	0	0		0	1	1	0	0	0	0	0	0	0	0	0	0	0		0	0	1000	1	25		0			0	0	0	OUT	1.07.0000	1.07.0000	1.07.0000
702	鑄鐵殘塊	ICON_SPALL_000_002		0	0	0		0	1	1	0	0	0	0	0	0	0	0	0	0	0		0	0	2000	1	25		0			0	0	0	OUT	1.07.0000	1.07.0000	1.07.0000
703	冶鐵殘塊	ICON_SPALL_000_003		0	0	0		0	1	1	0	0	0	0	0	0	0	0	0	0	0		0	0	3000	1	25		0			0	0	0	OUT	1.07.0000	1.07.0000	1.07.0000
704	煉鐵殘塊	ICON_SPALL_000_004		0	0	0		0	1	1	0	0	0	0	0	0	0	0	0	0	0		0	0	4000	1	25		0			0	0	0	OUT	1.07.0000	1.07.0000	1.07.0000
751	營養蘇打	ICON_FOOD_000_000		0	0	0		0	1	1	0	0	0	0	0	0	0	0	0	0	0		0	0	1000	1	25		0			0	0	0	OUT	1.07.0000	1.07.0000	1.07.0000
752	營養餅乾	ICON_FOOD_001_000		0	0	0		0	1	1	0	0	0	0	0	0	0	0	0	0	0		0	0	1500	1	25		0			0	0	0	OUT	1.07.0000	1.07.0000	1.07.0000
753	營養鯛魚燒	ICON_FOOD_002_000		0	0	0		0	1	1	0	0	0	0	0	0	0	0	0	0	0		0	0	2000	1	25		0			0	0	0	OUT	1.07.0000	1.07.0000	1.07.0000
754	營養串丸子	ICON_FOOD_003_000		0	0	0		0	1	1	0	0	0	0	0	0	0	0	0	0	0		0	0	2500	1	25		0			0	0	0	OUT	1.07.0000	1.07.0000	1.07.0000
801	LV.40湛藍碎片	ICON_GEM_TARGET_5_S		0	0	0		0	3	1	0	0	0	0	0	0	0	0	0	0	0		0	0	10	1	999		0			0	0	0	OUT	1.08.0000	1.08.0000	1.08.0000
802	LV.50湛藍碎片	ICON_GEM_TARGET_5_S		0	0	0		0	3	1	0	0	0	0	0	0	0	0	0	0	0		0	0	10	1	999		0			0	0	0	OUT	1.09.0000	1.09.0000	1.09.0000
803	LV.60湛藍碎片	ICON_GEM_TARGET_5_S		0	0	0		0	3	1	0	0	0	0	0	0	0	0	0	0	0		0	0	10	1	999		0			0	0	0	OUT	1.08.0000	1.08.0000	1.08.0000
804	LV.70湛藍碎片	ICON_GEM_TARGET_5_S		0	0	0		0	3	1	0	0	0	0	0	0	0	0	0	0	0		0	0	10	1	999		0			0	0	0	OUT	1.08.0000	1.08.0000	1.08.0000
805	LV.80湛藍碎片	ICON_GEM_TARGET_5_S		0	0	0		0	3	1	0	0	0	0	0	0	0	0	0	0	0		0	0	10	1	999		0			0	0	0	OUT	1.08.0000	1.08.0000	1.08.0000
806	LV.90湛藍碎片	ICON_GEM_TARGET_5_S		0	0	0		0	3	1	0	0	0	0	0	0	0	0	0	0	0		0	0	10	1	999		0			0	0	0	OUT	1.08.0000	1.08.0000	1.08.0000
807	LV.100湛藍碎片	ICON_GEM_TARGET_5_S		0	0	0		0	3	1	0	0	0	0	0	0	0	0	0	0	0		0	0	10	1	999		0			0	0	0	OUT	1.08.0000	1.08.0000	1.08.0000
808	LV.110湛藍碎片	ICON_GEM_TARGET_5_S		0	0	0		0	3	1	0	0	0	0	0	0	0	0	0	0	0		0	0	10	1	999		0			0	0	0	OUT	1.08.0000	1.08.0000	1.08.0000
809	LV.115湛藍碎片	ICON_GEM_TARGET_5_S		0	0	0		0	3	1	0	0	0	0	0	0	0	0	0	0	0		0	0	10	1	999		0			0	0	0	OUT	1.08.0000	1.08.0000	1.08.0000
901	LV.40湛藍碎片包	ICON_BAG_002_000		0	0	0		0	3	1	0	0	0	0	0	0	0	0	0	0	0		661	0	10	1	999		0			0	0	0	OUT	1.08.0000	1.08.0000	1.08.0000
903	LV.60湛藍碎片包	ICON_BAG_002_000		0	0	0		0	3	1	0	0	0	0	0	0	0	0	0	0	0		663	0	10	1	999		0			0	0	0	OUT	1.08.0000	1.08.0000	1.08.0000
904	LV.70湛藍碎片包	ICON_BAG_002_000		0	0	0		0	3	1	0	0	0	0	0	0	0	0	0	0	0		664	0	10	1	999		0			0	0	0	OUT	1.08.0000	1.08.0000	1.08.0000
905	LV.80湛藍碎片包	ICON_BAG_002_000		0	0	0		0	3	1	0	0	0	0	0	0	0	0	0	0	0		665	0	10	1	999		0			0	0	0	OUT	1.08.0000	1.08.0000	1.08.0000
906	LV.90湛藍碎片包	ICON_BAG_002_000		0	0	0		0	3	1	0	0	0	0	0	0	0	0	0	0	0		666	0	10	1	999		0			0	0	0	OUT	1.08.0000	1.08.0000	1.08.0000
907	LV.100湛藍碎片包	ICON_BAG_002_000		0	0	0		0	3	1	0	0	0	0	0	0	0	0	0	0	0		667	0	10	1	999		0			0	0	0	OUT	1.08.0000	1.08.0000	1.08.0000
908	LV.110湛藍碎片包	ICON_BAG_002_000		0	0	0		0	3	1	0	0	0	0	0	0	0	0	0	0	0		668	0	10	1	999		0			0	0	0	OUT	1.08.0000	1.08.0000	1.08.0000
909	LV.115湛藍碎片包	ICON_BAG_002_000		0	0	0		0	3	1	0	0	0	0	0	0	0	0	0	0	0		669	0	10	1	999		0			0	0	0	OUT	1.08.0000	1.08.0000	1.08.0000
1001	審判之槌	ICON_Collect_Treasure_008_000		0	0	0		54	1	1	10	0	0	0	0	0	0	0	0	0	0		1001	5101	10	1	1		0			1	0	0	1.00.0000	1.07.0000	1.07.0000	1.07.0000
1002	海神僕役	ICON_Collect_Treasure_010_000		0	0	0		54	3	1	10	0	0	0	0	0	0	0	0	0	0		1002	5102	10	1	1		0			1	0	0	1.00.0000	1.07.0000	1.07.0000	1.07.0000
1003	安錫恩之握	ICON_Collect_Treasure_031_000		0	0	0		54	3	1	10	0	0	0	0	0	0	0	0	0	0		1003	5103	10	1	1		0			1	0	0	1.01.0000	1.07.0000	1.07.0000	1.07.0000
1004	莉迪娜之旋律	ICON_Collect_Treasure_021_000		0	0	0		54	3	1	10	0	0	0	0	0	0	0	0	0	0		1004	5104	10	1	1		0			1	0	0	1.01.0000	1.07.0000	1.07.0000	1.07.0000
1005	秘寶獵人包包	ICON_Collect_Treasure_020_000		0	0	0		54	3	1	10	0	0	0	0	0	0	0	0	0	0		1005	5105	10	1	1		0			1	0	0	1.01.0000	1.07.0000	1.07.0000	1.07.0000
1006	夜魔獠牙	ICON_Collect_Treasure_011_000		0	0	0		54	3	1	10	0	0	0	0	0	0	0	0	0	0		1006	5106	10	1	1		0			1	0	0	1.01.0000	1.07.0000	1.07.0000	1.07.0000
1007	凱耶利突襲艇鑰匙	ICON_Collect_Treasure_035_000		0	0	0		54	3	1	10	0	0	0	0	0	0	0	0	0	0	32;4;2608005	4	0	10	1	1		0		11	1	0	0	1.01.0000	1.07.0000	1.07.0000	1.07.0000
1008	審判者之證	ICON_Collect_Treasure_029_000		0	0	0		54	3	1	10	0	0	0	0	0	0	0	0	0	0		1008	5108	10	1	1		0			1	0	0	1.01.0000	1.07.0000	1.07.0000	1.07.0000
1009	審判之槌：黃昏	ICON_Collect_Treasure_008_000		0	0	0		54	2	80	10	0	0	0	0	0	0	0	0	0	0		1015	5101	10	1	1		0			1	0	0	1.03.0000	1.07.0000	1.07.0000	1.07.0000
1010	審判之槌：破曉	ICON_Collect_Treasure_008_000		0	0	0		54	3	100	10	0	0	0	0	0	0	0	0	0	0		1016	5101	10	1	1		0			1	0	0	1.03.0000	1.07.0000	1.07.0000	1.07.0000
1011	審判之槌：旭日	ICON_Collect_Treasure_008_000		0	0	0		54	4	110	10	0	0	0	0	0	0	0	0	0	0		1017	5101	10	1	1		0			1	0	0	1.03.0000	1.07.0000	1.07.0000	1.07.0000
1012	審判之槌：烈陽	ICON_Collect_Treasure_008_000		0	0	0		54	5	120	10	0	0	0	0	0	0	0	0	0	0		1018	5101	10	1	1		0			1	0	0	1.03.0000	1.07.0000	1.07.0000	1.07.0000
1013	海神儀	ICON_Collect_Treasure_050_000		0	0	0		54	3	1	10	0	0	0	0	0	0	0	0	0	0		1020	5118	10	1	1		0			1	0	0	1.10.0000	1.07.0000	1.07.0000	1.07.0000
1014	海神僕役：海洋	ICON_Collect_Treasure_010_000		0	0	0		54	4	1	10	0	0	0	0	0	0	0	0	0	0		1021	5102	10	1	1		0			1	0	0	OUT	1.07.0000	1.07.0000	1.07.0000
1015	海神僕役：怒濤	ICON_Collect_Treasure_010_000		0	0	0		54	5	1	10	0	0	0	0	0	0	0	0	0	0		1022	5102	10	1	1		0			1	0	0	OUT	1.07.0000	1.07.0000	1.07.0000
1101	秘銀香爐	ICON_Collect_Treasure_000_000		0	0	0		54	2	1	10	0	0	0	0	0	65536	65536	524288	0	0		0	0	10	1	1		5109			1	0	0	1.00.0000	1.07.0000	1.07.0000	1.07.0000
1102	白鬍子的煙斗	ICON_Collect_Treasure_005_000		0	0	0		54	2	1	10	0	0	0	0	0	65536	65536	524288	0	0		0	0	10	1	1		5110			1	0	0	1.00.0000	1.07.0000	1.07.0000	1.07.0000
1103	珍貝海螺	ICON_Collect_Treasure_001_000		0	0	0		54	2	1	10	0	0	0	0	0	65536	65536	524288	0	0		0	0	10	1	1		5111			1	0	0	1.00.0000	1.07.0000	1.07.0000	1.07.0000
1104	命運三角	ICON_Collect_Treasure_013_000		0	0	0		54	2	1	10	0	0	0	0	0	65536	65536	524288	0	0		0	0	10	1	1		5112			1	0	0	1.00.0000	1.07.0000	1.07.0000	1.07.0000
1105	遺跡頭骨	ICON_Collect_Treasure_036_000		0	0	0		54	2	1	10	0	0	0	0	0	65536	65536	524288	0	0		0	0	10	1	1		5113			1	0	0	1.00.0000	1.07.0000	1.07.0000	1.07.0000
1106	退魔銅鈴	ICON_Collect_Treasure_023_000		0	0	0		54	2	1	10	0	0	0	0	0	65536	65536	524288	0	0		0	0	10	1	1		5114			1	0	0	1.00.0000	1.07.0000	1.07.0000	1.07.0000
1107	禁錮之燈	ICON_Collect_Treasure_033_000		0	0	0		54	2	1	10	0	0	0	0	0	65536	65536	524288	0	0		0	0	10	1	1		5115			1	0	0	1.00.0000	1.07.0000	1.07.0000	1.07.0000
1108	驅邪之鞭	ICON_Collect_Treasure_034_000		0	0	0		54	2	1	10	0	0	0	0	0	65536	65536	524288	0	0		0	0	10	1	1		5116			1	0	0	1.00.0000	1.07.0000	1.07.0000	1.07.0000
1109	夜光果	ICON_Collect_Treasure_012_000		0	0	0		54	2	1	10	0	0	0	0	0	65536	65536	524288	0	0		0	0	10	1	1		5117			1	0	0	1.00.0000	1.07.0000	1.07.0000	1.07.0000
1110	聖十字注射器	ICON_Collect_Treasure_025_000		0	0	0		54	2	102	10	0	0	0	0	0	65536	65536	524288	0	0		0	0	10	1	1		5118			1	0	0	1.00.0000	1.07.0000	1.07.0000	1.07.0000
1111	夜魔燭台	ICON_Collect_Treasure_032_000		0	0	0		54	2	102	10	0	0	0	0	0	65536	65536	524288	0	0		0	0	10	1	1		5119			1	0	0	1.00.0000	1.07.0000	1.07.0000	1.07.0000
1112	謬思之傘	ICON_Collect_Treasure_027_000		0	0	0		54	2	102	10	0	0	0	0	0	65536	65536	524288	0	0		0	0	10	1	1		5120			1	0	0	1.00.0000	1.07.0000	1.07.0000	1.07.0000
1113	雙龍守護	ICON_Collect_Treasure_028_000		0	0	0		54	2	102	10	0	0	0	0	0	65536	65536	524288	0	0		0	0	10	1	1		5121			1	0	0	1.00.0000	1.07.0000	1.07.0000	1.07.0000
1114	毀滅原子	ICON_Collect_Treasure_024_000		0	0	0		54	2	27	10	0	0	0	0	0	0	0	0	0	0		1009	116	10	1	1		0			1	0	0	1.00.0000	1.07.0000	1.07.0000	1.07.0000
1115	寒冰雪晶	ICON_Collect_Treasure_015_000		0	0	0		54	2	27	10	0	0	0	0	0	0	0	0	0	0		1010	117	10	1	1		0			1	0	0	1.00.0000	1.07.0000	1.07.0000	1.07.0000
1116	七海珍珠	ICON_Collect_Treasure_009_000		0	0	0		54	2	27	10	0	0	0	0	0	0	0	0	0	0		1011	118	10	1	1		0			1	0	0	1.00.0000	1.07.0000	1.07.0000	1.07.0000
1117	潘恩之瓶	ICON_Collect_Treasure_007_000		0	0	0		54	2	27	10	0	0	0	0	0	0	0	0	0	0		1012	119	10	1	1		0			1	0	0	1.00.0000	1.07.0000	1.07.0000	1.07.0000
1118	透徹之眼	ICON_Collect_Treasure_017_000		0	0	0		54	2	1	10	0	0	0	0	0	0	0	0	0	0		1013	114	10	1	1		0			1	0	0	1.00.0000	1.07.0000	1.07.0000	1.07.0000
1119	瀟灑帽	ICON_Collect_Treasure_006_000		0	0	0		54	2	1	10	0	0	0	0	0	0	0	0	0	0		1014	115	10	1	1		0			1	0	0	1.00.0000	1.07.0000	1.07.0000	1.07.0000
1132	生命之樹	ICON_Treasure_003_000		0	0	0		10	2	1	1	0	0	0	0	0	0	0	0	0	0		5013	5109	40000	10000	1		0			1	0	0	1.00.0000	1.07.0000	1.07.0000	1.07.0000
1133	煙火炮台	ICON_Treasure_004_000		0	0	0		10	2	1	1	0	0	0	0	0	0	0	0	0	0		5014	5110	40000	10000	1		0			1	0	0	1.00.0000	1.07.0000	1.07.0000	1.07.0000
1134	彈簧床	ICON_Treasure_005_000		0	0	0		10	2	1	1	0	0	0	0	0	0	0	0	0	0		5015	5112	40000	10000	1		0			1	0	0	1.00.0000	1.07.0000	1.07.0000	1.07.0000
1135	心靈控制器	ICON_Treasure_006_000		0	0	0		10	2	1	1	0	0	0	0	0	0	0	0	0	0		5016	5114	40000	10000	1		0			1	0	0	1.00.0000	1.07.0000	1.07.0000	1.07.0000
1136	偽裝道具-長椅	ICON_TREASURE_011_000		0	0	0		10	2	1	1	0	0	0	0	0	0	0	0	0	0		5017	5109	40000	10000	1		0			0	0	0	1.05.0000	1.07.0000	1.07.0000	1.07.0000
1137	偽裝道具-佈告欄	ICON_TREASURE_012_000		0	0	0		10	2	1	1	0	0	0	0	0	0	0	0	0	0		5018	5109	40000	10000	1		0			0	0	0	1.05.0000	1.07.0000	1.07.0000	1.07.0000
1138	偽裝道具-麵包攤	ICON_TREASURE_013_000		0	0	0		10	2	1	1	0	0	0	0	0	0	0	0	0	0		5019	5109	40000	10000	1		0			0	0	0	1.05.0000	1.07.0000	1.07.0000	1.07.0000
1139	偽裝道具-行道樹	ICON_TREASURE_014_000		0	0	0		10	2	1	1	0	0	0	0	0	0	0	0	0	0		5020	5109	40000	10000	1		0			0	0	0	1.05.0000	1.07.0000	1.07.0000	1.07.0000
1140	偽裝道具-板凳	ICON_TREASURE_015_000		0	0	0		10	2	1	1	0	0	0	0	0	0	0	0	0	0		5021	5109	40000	10000	1		0			0	0	0	1.05.0000	1.07.0000	1.07.0000	1.07.0000
1141	偽裝道具-路燈	ICON_TREASURE_016_000		0	0	0		10	2	1	1	0	0	0	0	0	0	0	0	0	0		5022	5109	40000	10000	1		0			0	0	0	1.05.0000	1.07.0000	1.07.0000	1.07.0000
1142	皺巴巴的小紙條	ICON_LICENSE_001_001		0	0	0		0	1	1	0	0	0	0	0	0	0	0	0	0	0		0	0	0	0	1		0			0	0	0	1.06.0000	1.07.0000	1.07.0000	1.07.0000
1143	髒兮兮的小紙條	ICON_LICENSE_001_001		0	0	0		0	1	1	0	0	0	0	0	0	0	0	0	0	0		0	0	0	0	1		0			0	0	0	1.06.0000	1.07.0000	1.07.0000	1.07.0000
1144	臭烘烘的小紙條	ICON_LICENSE_001_001		0	0	0		0	1	1	0	0	0	0	0	0	0	0	0	0	0		0	0	0	0	1		0			0	0	0	1.06.0000	1.07.0000	1.07.0000	1.07.0000
1201	LV.1地元素	ICON_ELEMENT_000_000		0	0	0		14	1	1	0	0	0	0	0	0	0	0	0	0	0		0	0	10	0	999		0			0	0	0	OUT	1.08.0000	1.08.0000	1.08.0000
1202	LV.2地元素	ICON_ELEMENT_000_000		0	0	0		14	1	1	0	0	0	0	0	0	0	0	0	0	0		0	0	10	0	999		0			0	0	0	OUT	1.08.0000	1.08.0000	1.08.0000
1203	LV.3地元素	ICON_ELEMENT_000_000		0	0	0		14	1	1	0	0	0	0	0	0	0	0	0	0	0		0	0	10	0	999		0			0	0	0	OUT	1.08.0000	1.08.0000	1.08.0000
1204	LV.4地元素	ICON_ELEMENT_000_000		0	0	0		14	1	1	0	0	0	0	0	0	0	0	0	0	0		0	0	10	0	999		0			0	0	0	OUT	1.08.0000	1.08.0000	1.08.0000
1205	LV.5地元素	ICON_ELEMENT_000_000		0	0	0		14	1	1	0	0	0	0	0	0	0	0	0	0	0		0	0	10	0	999		0			0	0	0	OUT	1.08.0000	1.08.0000	1.08.0000
1206	LV.6地元素	ICON_ELEMENT_000_000		0	0	0		14	1	1	0	0	0	0	0	0	0	0	0	0	0		0	0	10	0	999		0			0	0	0	OUT	1.08.0000	1.08.0000	1.08.0000
1207	LV.7地元素	ICON_ELEMENT_000_000		0	0	0		14	1	1	0	0	0	0	0	0	0	0	0	0	0		0	0	10	0	999		0			0	0	0	OUT	1.08.0000	1.08.0000	1.08.0000
1208	LV.8地元素	ICON_ELEMENT_000_000		0	0	0		14	1	1	0	0	0	0	0	0	0	0	0	0	0		0	0	10	0	999		0			0	0	0	OUT	1.08.0000	1.08.0000	1.08.0000
1209	LV.9地元素	ICON_ELEMENT_000_000		0	0	0		14	1	1	0	0	0	0	0	0	0	0	0	0	0		0	0	10	0	999		0			0	0	0	OUT	1.08.0000	1.08.0000	1.08.0000
1210	LV.10地元素	ICON_ELEMENT_000_000		0	0	0		14	1	1	0	0	0	0	0	0	0	0	0	0	0		0	0	10	0	999		0			0	0	0	OUT	1.08.0000	1.08.0000	1.08.0000
1226	LV.1水元素	ICON_ELEMENT_000_001		0	0	0		14	2	1	0	0	0	0	0	0	0	0	0	0	0		0	0	10	0	999		0			0	0	0	OUT	1.08.0000	1.08.0000	1.08.0000
1227	LV.2水元素	ICON_ELEMENT_000_001		0	0	0		14	2	1	0	0	0	0	0	0	0	0	0	0	0		0	0	10	0	999		0			0	0	0	OUT	1.08.0000	1.08.0000	1.08.0000
1228	LV.3水元素	ICON_ELEMENT_000_001		0	0	0		14	2	1	0	0	0	0	0	0	0	0	0	0	0		0	0	10	0	999		0			0	0	0	OUT	1.08.0000	1.08.0000	1.08.0000
1229	LV.4水元素	ICON_ELEMENT_000_001		0	0	0		14	2	1	0	0	0	0	0	0	0	0	0	0	0		0	0	10	0	999		0			0	0	0	OUT	1.08.0000	1.08.0000	1.08.0000
1230	LV.5水元素	ICON_ELEMENT_000_001		0	0	0		14	2	1	0	0	0	0	0	0	0	0	0	0	0		0	0	10	0	999		0			0	0	0	OUT	1.08.0000	1.08.0000	1.08.0000
1231	LV.6水元素	ICON_ELEMENT_000_001		0	0	0		14	2	1	0	0	0	0	0	0	0	0	0	0	0		0	0	10	0	999		0			0	0	0	OUT	1.08.0000	1.08.0000	1.08.0000
1232	LV.7水元素	ICON_ELEMENT_000_001		0	0	0		14	2	1	0	0	0	0	0	0	0	0	0	0	0		0	0	10	0	999		0			0	0	0	OUT	1.08.0000	1.08.0000	1.08.0000
1233	LV.8水元素	ICON_ELEMENT_000_001		0	0	0		14	2	1	0	0	0	0	0	0	0	0	0	0	0		0	0	10	0	999		0			0	0	0	OUT	1.08.0000	1.08.0000	1.08.0000
1234	LV.9水元素	ICON_ELEMENT_000_001		0	0	0		14	2	1	0	0	0	0	0	0	0	0	0	0	0		0	0	10	0	999		0			0	0	0	OUT	1.08.0000	1.08.0000	1.08.0000
1235	LV.10水元素	ICON_ELEMENT_000_001		0	0	0		14	2	1	0	0	0	0	0	0	0	0	0	0	0		0	0	10	0	999		0			0	0	0	OUT	1.08.0000	1.08.0000	1.08.0000
1251	LV.1火元素	ICON_ELEMENT_000_002		0	0	0		14	3	1	0	0	0	0	0	0	0	0	0	0	0		0	0	10	0	999		0			0	0	0	OUT	1.08.0000	1.08.0000	1.08.0000
1252	LV.2火元素	ICON_ELEMENT_000_002		0	0	0		14	3	1	0	0	0	0	0	0	0	0	0	0	0		0	0	10	0	999		0			0	0	0	OUT	1.08.0000	1.08.0000	1.08.0000
1253	LV.3火元素	ICON_ELEMENT_000_002		0	0	0		14	3	1	0	0	0	0	0	0	0	0	0	0	0		0	0	10	0	999		0			0	0	0	OUT	1.08.0000	1.08.0000	1.08.0000
1254	LV.4火元素	ICON_ELEMENT_000_002		0	0	0		14	3	1	0	0	0	0	0	0	0	0	0	0	0		0	0	10	0	999		0			0	0	0	OUT	1.08.0000	1.08.0000	1.08.0000
1255	LV.5火元素	ICON_ELEMENT_000_002		0	0	0		14	3	1	0	0	0	0	0	0	0	0	0	0	0		0	0	10	0	999		0			0	0	0	OUT	1.08.0000	1.08.0000	1.08.0000
1256	LV.6火元素	ICON_ELEMENT_000_002		0	0	0		14	3	1	0	0	0	0	0	0	0	0	0	0	0		0	0	10	0	999		0			0	0	0	OUT	1.08.0000	1.08.0000	1.08.0000
1257	LV.7火元素	ICON_ELEMENT_000_002		0	0	0		14	3	1	0	0	0	0	0	0	0	0	0	0	0		0	0	10	0	999		0			0	0	0	OUT	1.08.0000	1.08.0000	1.08.0000
1258	LV.8火元素	ICON_ELEMENT_000_002		0	0	0		14	3	1	0	0	0	0	0	0	0	0	0	0	0		0	0	10	0	999		0			0	0	0	OUT	1.08.0000	1.08.0000	1.08.0000
1259	LV.9火元素	ICON_ELEMENT_000_002		0	0	0		14	3	1	0	0	0	0	0	0	0	0	0	0	0		0	0	10	0	999		0			0	0	0	OUT	1.08.0000	1.08.0000	1.08.0000
1260	LV.10火元素	ICON_ELEMENT_000_002		0	0	0		14	3	1	0	0	0	0	0	0	0	0	0	0	0		0	0	10	0	999		0			0	0	0	OUT	1.08.0000	1.08.0000	1.08.0000
1276	LV.1風元素	ICON_ELEMENT_000_003		0	0	0		14	4	1	0	0	0	0	0	0	0	0	0	0	0		0	0	10	0	999		0			0	0	0	OUT	1.08.0000	1.08.0000	1.08.0000
1277	LV.2風元素	ICON_ELEMENT_000_003		0	0	0		14	4	1	0	0	0	0	0	0	0	0	0	0	0		0	0	10	0	999		0			0	0	0	OUT	1.08.0000	1.08.0000	1.08.0000
1278	LV.3風元素	ICON_ELEMENT_000_003		0	0	0		14	4	1	0	0	0	0	0	0	0	0	0	0	0		0	0	10	0	999		0			0	0	0	OUT	1.08.0000	1.08.0000	1.08.0000
1279	LV.4風元素	ICON_ELEMENT_000_003		0	0	0		14	4	1	0	0	0	0	0	0	0	0	0	0	0		0	0	10	0	999		0			0	0	0	OUT	1.08.0000	1.08.0000	1.08.0000
1280	LV.5風元素	ICON_ELEMENT_000_003		0	0	0		14	4	1	0	0	0	0	0	0	0	0	0	0	0		0	0	10	0	999		0			0	0	0	OUT	1.08.0000	1.08.0000	1.08.0000
1281	LV.6風元素	ICON_ELEMENT_000_003		0	0	0		14	4	1	0	0	0	0	0	0	0	0	0	0	0		0	0	10	0	999		0			0	0	0	OUT	1.08.0000	1.08.0000	1.08.0000
1282	LV.7風元素	ICON_ELEMENT_000_003		0	0	0		14	4	1	0	0	0	0	0	0	0	0	0	0	0		0	0	10	0	999		0			0	0	0	OUT	1.08.0000	1.08.0000	1.08.0000
1283	LV.8風元素	ICON_ELEMENT_000_003		0	0	0		14	4	1	0	0	0	0	0	0	0	0	0	0	0		0	0	10	0	999		0			0	0	0	OUT	1.08.0000	1.08.0000	1.08.0000
1284	LV.9風元素	ICON_ELEMENT_000_003		0	0	0		14	4	1	0	0	0	0	0	0	0	0	0	0	0		0	0	10	0	999		0			0	0	0	OUT	1.08.0000	1.08.0000	1.08.0000
1285	LV.10風元素	ICON_ELEMENT_000_003		0	0	0		14	4	1	0	0	0	0	0	0	0	0	0	0	0		0	0	10	0	999		0			0	0	0	OUT	1.08.0000	1.08.0000	1.08.0000
1301	阿爾提摩能量石	ICON_OTHER_011_000		0	0	0		0	3	40	0	0	0	0	0	0	0	0	0	0	0		0	0	1200	300	999		0			0	2	0	OUT	1.20.0000	1.20.0000	1.30.0000
1302	濃稠水母黏液	ICON_OTHER_010_000		0	0	0		0	3	30	0	0	0	0	0	0	0	0	0	0	0		0	0	1200	300	999		0			0	2	0	OUT	1.20.0000	1.20.0000	1.30.0000
1303	異變水母結晶	ICON_OTHER_014_000		0	0	0		0	3	30	0	0	0	0	0	0	0	0	0	0	0		0	0	1800	450	999		0			0	2	0	OUT	1.20.0000	1.20.0000	1.30.0000
1304	恐懼公爵砲管	ICON_OTHER_023_000		0	0	0		0	3	72	0	0	0	0	0	0	0	0	0	0	0		0	0	3200	800	999		0			0	2	0	OUT	1.20.0000	1.20.0000	1.30.0000
1305	貝魯特護身盾	ICON_OTHER_024_000		0	0	0		0	3	55	0	0	0	0	0	0	0	0	0	0	0		0	0	2400	600	999		0			0	2	0	OUT	1.20.0000	1.20.0000	1.30.0000
1306	轟殼車高爆火藥	ICON_OTHER_020_000		0	0	0		0	3	100	0	0	0	0	0	0	0	0	0	0	0		0	0	5200	1300	999		0			0	2	0	OUT	1.20.0000	1.20.0000	1.30.0000
1309	美迪亞魔晶	ICON_OTHER_013_000		0	0	0		0	3	80	0	0	0	0	0	0	0	0	0	0	0		0	0	4000	1000	999		0			0	2	0	OUT	1.20.0000	1.20.0000	1.30.0000
1331	破舊漁網	ICON_OTHER_021_000		0	0	0		0	2	30	0	0	0	0	0	0	0	0	0	0	0		0	0	1200	300	999		0			0	0	0	OUT	1.20.0000	1.20.0000	1.30.0000
1332	陶瓷土塊	ICON_OTHER_019_000		0	0	0		0	2	30	0	0	0	0	0	0	0	0	0	0	0		0	0	1200	300	999		0			0	0	0	OUT	1.20.0000	1.20.0000	1.30.0000
1333	黑鐵塊	ICON_OTHER_016_000		0	0	0		0	2	70	0	0	0	0	0	0	0	0	0	0	0		0	0	3200	800	999		0			0	0	0	OUT	1.20.0000	1.20.0000	1.30.0000
1334	黑火藥	ICON_OTHER_017_000		0	0	0		0	2	70	0	0	0	0	0	0	0	0	0	0	0		0	0	3200	800	999		0			0	0	0	OUT	1.20.0000	1.20.0000	1.30.0000
1335	赤焰鐵礦	ICON_OTHER_015_000		0	0	0		0	2	92	0	0	0	0	0	0	0	0	0	0	0		0	0	4200	1050	999		0			0	0	0	OUT	1.20.0000	1.20.0000	1.30.0000
1336	耐熱陶瓷土塊	ICON_OTHER_018_000		0	0	0		0	2	92	0	0	0	0	0	0	0	0	0	0	0		0	0	4200	1050	999		0			0	0	0	OUT	1.20.0000	1.20.0000	1.30.0000
1337	姆帝國能量容器	ICON_OTHER_025_000		0	0	0		0	2	110	0	0	0	0	0	0	0	0	0	0	0		0	0	6200	1550	999		0			0	0	0	OUT	1.20.0000	1.20.0000	1.30.0000
2001	皇家港之鑰(藍)	ICON_KEY_000_002		0	0	0		22	2	1	0	0	0	0	0	0	0	0	0	0	0		0	0	4	1	1	1;79200	0			0	0	0	1.00.0000	1.07.0000	1.07.0000	1.07.0000
2002	皇家港之鑰(紅)	ICON_KEY_000_003		0	0	0		22	2	1	0	0	0	0	0	0	0	0	0	0	0		0	0	4	1	1	1;79200	0			0	0	0	1.00.0000	1.07.0000	1.07.0000	1.07.0000
2003	皇家港之鑰(紫)	ICON_KEY_000_001		0	0	0		22	2	1	0	0	0	0	0	0	0	0	0	0	0		0	0	4	1	1	1;79200	0			0	0	0	1.00.0000	1.07.0000	1.07.0000	1.07.0000
2004	皇家港之鑰(綠)	ICON_KEY_000_004		0	0	0		22	2	1	0	0	0	0	0	0	0	0	0	0	0		0	0	4	1	1	1;79200	0			0	0	0	1.00.0000	1.07.0000	1.07.0000	1.07.0000
2005	皇家港之鑰(黃)	ICON_KEY_000_000		0	0	0		22	2	1	0	0	0	0	0	0	0	0	0	0	0		0	0	4	1	1	1;79200	0			0	0	0	1.00.0000	1.07.0000	1.07.0000	1.07.0000
2006	監獄之鑰(紫)	ICON_KEY_000_001		0	0	0		22	2	1	0	0	0	0	0	0	0	0	0	0	0		0	0	4	1	1	1;79200	0			0	0	0	1.00.0000	1.07.0000	1.07.0000	1.07.0000
2007	監獄之鑰(藍)	ICON_KEY_000_002		0	0	0		22	2	1	0	0	0	0	0	0	0	0	0	0	0		0	0	4	1	1	1;79200	0			0	0	0	1.00.0000	1.07.0000	1.07.0000	1.07.0000
2008	監獄之鑰(紅)	ICON_KEY_000_003		0	0	0		22	2	1	0	0	0	0	0	0	0	0	0	0	0		0	0	4	1	1	1;79200	0			0	0	0	1.00.0000	1.07.0000	1.07.0000	1.07.0000
2009	監獄之鑰(黃)	ICON_KEY_000_000		0	0	0		22	2	1	0	0	0	0	0	0	0	0	0	0	0		0	0	4	1	1	1;79200	0			0	0	0	1.00.0000	1.07.0000	1.07.0000	1.07.0000
2010	監獄之鑰(綠)	ICON_KEY_000_004		0	0	0		22	2	1	0	0	0	0	0	0	0	0	0	0	0		0	0	4	1	1	1;79200	0			0	0	0	1.00.0000	1.07.0000	1.07.0000	1.07.0000
2011	天堂島之鑰(黃)	ICON_KEY_000_000		0	0	0		22	2	1	0	0	0	0	0	0	0	0	0	0	0		0	0	4	1	1	1;79200	0			0	0	0	1.00.0000	1.07.0000	1.07.0000	1.07.0000
2012	天堂島之鑰(紫)	ICON_KEY_000_001		0	0	0		22	2	1	0	0	0	0	0	0	0	0	0	0	0		0	0	4	1	1	1;79200	0			0	0	0	1.00.0000	1.07.0000	1.07.0000	1.07.0000
2013	天堂島之鑰(紅)	ICON_KEY_000_003		0	0	0		22	2	1	0	0	0	0	0	0	0	0	0	0	0		0	0	4	1	1	1;79200	0			0	0	0	1.00.0000	1.07.0000	1.07.0000	1.07.0000
2014	天堂島之鑰(綠)	ICON_KEY_000_004		0	0	0		22	2	1	0	0	0	0	0	0	0	0	0	0	0		0	0	4	1	1	1;79200	0			0	0	0	1.00.0000	1.07.0000	1.07.0000	1.07.0000
2015	天堂島之鑰(藍)	ICON_KEY_000_002		0	0	0		22	2	1	0	0	0	0	0	0	0	0	0	0	0		0	0	4	1	1	1;79200	0			0	0	0	1.00.0000	1.07.0000	1.07.0000	1.07.0000
2016	奴隸之鑰(黃)	ICON_KEY_000_000		0	0	0		22	2	1	0	0	0	0	0	0	0	0	0	0	0		0	0	4	1	1	1;79200	0			0	0	0	1.00.0000	1.07.0000	1.07.0000	1.07.0000
2017	奴隸之鑰(紅)	ICON_KEY_000_003		0	0	0		22	2	1	0	0	0	0	0	0	0	0	0	0	0		0	0	4	1	1	1;79200	0			0	0	0	1.00.0000	1.07.0000	1.07.0000	1.07.0000
2018	奴隸之鑰(紫)	ICON_KEY_000_001		0	0	0		22	2	1	0	0	0	0	0	0	0	0	0	0	0		0	0	4	1	1	1;79200	0			0	0	0	1.00.0000	1.07.0000	1.07.0000	1.07.0000
2019	奴隸之鑰(藍)	ICON_KEY_000_002		0	0	0		22	2	1	0	0	0	0	0	0	0	0	0	0	0		0	0	4	1	1	1;79200	0			0	0	0	1.00.0000	1.07.0000	1.07.0000	1.07.0000
2020	奴隸之鑰(綠)	ICON_KEY_000_004		0	0	0		22	2	1	0	0	0	0	0	0	0	0	0	0	0		0	0	4	1	1	1;79200	0			0	0	0	1.00.0000	1.07.0000	1.07.0000	1.07.0000
2021	萬惡港之鑰(紫)	ICON_KEY_000_001		0	0	0		22	2	1	0	0	0	0	0	0	0	0	0	0	0		0	0	4	1	1	1;79200	0			0	0	0	1.00.0000	1.07.0000	1.07.0000	1.07.0000
2022	萬惡港之鑰(黃)	ICON_KEY_000_000		0	0	0		22	2	1	0	0	0	0	0	0	0	0	0	0	0		0	0	4	1	1	1;79200	0			0	0	0	1.00.0000	1.07.0000	1.07.0000	1.07.0000
2023	萬惡港之鑰(紅)	ICON_KEY_000_003		0	0	0		22	2	1	0	0	0	0	0	0	0	0	0	0	0		0	0	4	1	1	1;79200	0			0	0	0	1.00.0000	1.07.0000	1.07.0000	1.07.0000
2024	萬惡港之鑰(藍)	ICON_KEY_000_002		0	0	0		22	2	1	0	0	0	0	0	0	0	0	0	0	0		0	0	4	1	1	1;79200	0			0	0	0	1.00.0000	1.07.0000	1.07.0000	1.07.0000
2025	萬惡港之鑰(綠)	ICON_KEY_000_004		0	0	0		22	2	1	0	0	0	0	0	0	0	0	0	0	0		0	0	4	1	1	1;79200	0			0	0	0	1.00.0000	1.07.0000	1.07.0000	1.07.0000
2026	海皇之鑰(紅)	ICON_KEY_000_003		0	0	0		22	2	1	0	0	0	0	0	0	0	0	0	0	0		0	0	4	1	1	1;79200	0			0	0	0	1.00.0000	1.07.0000	1.07.0000	1.07.0000
2027	海皇之鑰(黃)	ICON_KEY_000_000		0	0	0		22	2	1	0	0	0	0	0	0	0	0	0	0	0		0	0	4	1	1	1;79200	0			0	0	0	1.00.0000	1.07.0000	1.07.0000	1.07.0000
2028	海皇之鑰(綠)	ICON_KEY_000_004		0	0	0		22	2	1	0	0	0	0	0	0	0	0	0	0	0		0	0	4	1	1	1;79200	0			0	0	0	1.00.0000	1.07.0000	1.07.0000	1.07.0000
2029	海皇之鑰(紫)	ICON_KEY_000_001		0	0	0		22	2	1	0	0	0	0	0	0	0	0	0	0	0		0	0	4	1	1	1;79200	0			0	0	0	1.00.0000	1.07.0000	1.07.0000	1.07.0000
2030	海皇之鑰(藍)	ICON_KEY_000_002		0	0	0		22	2	1	0	0	0	0	0	0	0	0	0	0	0		0	0	4	1	1	1;79200	0			0	0	0	1.00.0000	1.07.0000	1.07.0000	1.07.0000
2031	巫毒島之鑰(綠)	ICON_KEY_000_004		0	0	0		22	2	1	0	0	0	0	0	0	0	0	0	0	0		0	0	4	1	1	1;79200	0			0	0	0	1.00.0000	1.07.0000	1.07.0000	1.07.0000
2032	巫毒島之鑰(黃)	ICON_KEY_000_000		0	0	0		22	2	1	0	0	0	0	0	0	0	0	0	0	0		0	0	4	1	1	1;79200	0			0	0	0	1.00.0000	1.07.0000	1.07.0000	1.07.0000
2033	巫毒島之鑰(紅)	ICON_KEY_000_003		0	0	0		22	2	1	0	0	0	0	0	0	0	0	0	0	0		0	0	4	1	1	1;79200	0			0	0	0	1.00.0000	1.07.0000	1.07.0000	1.07.0000
2034	巫毒島之鑰(藍)	ICON_KEY_000_002		0	0	0		22	2	1	0	0	0	0	0	0	0	0	0	0	0		0	0	4	1	1	1;79200	0			0	0	0	1.00.0000	1.07.0000	1.07.0000	1.07.0000
2035	巫毒島之鑰(紫)	ICON_KEY_000_001		0	0	0		22	2	1	0	0	0	0	0	0	0	0	0	0	0		0	0	4	1	1	1;79200	0			0	0	0	1.00.0000	1.07.0000	1.07.0000	1.07.0000
2036	白銀港之鑰(紅)	ICON_KEY_000_003		0	0	0		22	2	1	0	0	0	0	0	0	0	0	0	0	0		0	0	4	1	1	1;79200	0			0	0	0	1.00.0000	1.07.0000	1.07.0000	1.07.0000
2037	白銀港之鑰(綠)	ICON_KEY_000_004		0	0	0		22	2	1	0	0	0	0	0	0	0	0	0	0	0		0	0	4	1	1	1;79200	0			0	0	0	1.00.0000	1.07.0000	1.07.0000	1.07.0000
2038	白銀港之鑰(藍)	ICON_KEY_000_002		0	0	0		22	2	1	0	0	0	0	0	0	0	0	0	0	0		0	0	4	1	1	1;79200	0			0	0	0	1.00.0000	1.07.0000	1.07.0000	1.07.0000
2039	白銀港之鑰(紫)	ICON_KEY_000_001		0	0	0		22	2	1	0	0	0	0	0	0	0	0	0	0	0		0	0	4	1	1	1;79200	0			0	0	0	1.00.0000	1.07.0000	1.07.0000	1.07.0000
2040	白銀港之鑰(黃)	ICON_KEY_000_000		0	0	0		22	2	1	0	0	0	0	0	0	0	0	0	0	0		0	0	4	1	1	1;79200	0			0	0	0	1.00.0000	1.07.0000	1.07.0000	1.07.0000
2041	魔海之鑰(紅)	ICON_KEY_000_003		0	0	0		22	2	1	0	0	0	0	0	0	0	0	0	0	0		0	0	4	1	1	1;79200	0			0	0	0	1.00.0000	1.07.0000	1.07.0000	1.07.0000
2042	魔海之鑰(黃)	ICON_KEY_000_000		0	0	0		22	2	1	0	0	0	0	0	0	0	0	0	0	0		0	0	4	1	1	1;79200	0			0	0	0	1.00.0000	1.07.0000	1.07.0000	1.07.0000
2043	魔海之鑰(紫)	ICON_KEY_000_001		0	0	0		22	2	1	0	0	0	0	0	0	0	0	0	0	0		0	0	4	1	1	1;79200	0			0	0	0	1.00.0000	1.07.0000	1.07.0000	1.07.0000
2044	魔海之鑰(綠)	ICON_KEY_000_004		0	0	0		22	2	1	0	0	0	0	0	0	0	0	0	0	0		0	0	4	1	1	1;79200	0			0	0	0	1.00.0000	1.07.0000	1.07.0000	1.07.0000
2045	魔海之鑰(藍)	ICON_KEY_000_002		0	0	0		22	2	1	0	0	0	0	0	0	0	0	0	0	0		0	0	4	1	1	1;79200	0			0	0	0	1.00.0000	1.07.0000	1.07.0000	1.07.0000
2046	聖殿之鑰(紅)	ICON_KEY_000_003		0	0	0		22	2	1	0	0	0	0	0	0	0	0	0	0	0		0	0	4	1	1	1;79200	0			0	0	0	1.00.0000	1.07.0000	1.07.0000	1.07.0000
2047	聖殿之鑰(黃)	ICON_KEY_000_000		0	0	0		22	2	1	0	0	0	0	0	0	0	0	0	0	0		0	0	4	1	1	1;79200	0			0	0	0	1.00.0000	1.07.0000	1.07.0000	1.07.0000
2048	聖殿之鑰(紫)	ICON_KEY_000_001		0	0	0		22	2	1	0	0	0	0	0	0	0	0	0	0	0		0	0	4	1	1	1;79200	0			0	0	0	1.00.0000	1.07.0000	1.07.0000	1.07.0000
2049	聖殿之鑰(藍)	ICON_KEY_000_002		0	0	0		22	2	1	0	0	0	0	0	0	0	0	0	0	0		0	0	4	1	1	1;79200	0			0	0	0	1.00.0000	1.07.0000	1.07.0000	1.07.0000
2050	聖殿之鑰(綠)	ICON_KEY_000_004		0	0	0		22	2	1	0	0	0	0	0	0	0	0	0	0	0		0	0	4	1	1	1;79200	0			0	0	0	1.00.0000	1.07.0000	1.07.0000	1.07.0000
2051	德雷克之鑰(黃)	ICON_KEY_000_000		0	0	0		22	2	1	0	0	0	0	0	0	0	0	0	0	0		0	0	4	1	1	1;79200	0			0	0	0	1.00.0000	1.07.0000	1.07.0000	1.07.0000
2052	德雷克之鑰(紅)	ICON_KEY_000_003		0	0	0		22	2	1	0	0	0	0	0	0	0	0	0	0	0		0	0	4	1	1	1;79200	0			0	0	0	1.00.0000	1.07.0000	1.07.0000	1.07.0000
2053	德雷克之鑰(紫)	ICON_KEY_000_001		0	0	0		22	2	1	0	0	0	0	0	0	0	0	0	0	0		0	0	4	1	1	1;79200	0			0	0	0	1.00.0000	1.07.0000	1.07.0000	1.07.0000
2054	德雷克之鑰(藍)	ICON_KEY_000_002		0	0	0		22	2	1	0	0	0	0	0	0	0	0	0	0	0		0	0	4	1	1	1;79200	0			0	0	0	1.00.0000	1.07.0000	1.07.0000	1.07.0000
2055	德雷克之鑰(綠)	ICON_KEY_000_004		0	0	0		22	2	1	0	0	0	0	0	0	0	0	0	0	0		0	0	4	1	1	1;79200	0			0	0	0	1.00.0000	1.07.0000	1.07.0000	1.07.0000
2056	火山島之鑰(紫)	ICON_KEY_000_001		0	0	0		22	2	1	0	0	0	0	0	0	0	0	0	0	0		0	0	4	1	1	1;79200	0			0	0	0	1.00.0000	1.07.0000	1.07.0000	1.07.0000
2057	火山島之鑰(紅)	ICON_KEY_000_003		0	0	0		22	2	1	0	0	0	0	0	0	0	0	0	0	0		0	0	4	1	1	1;79200	0			0	0	0	1.00.0000	1.07.0000	1.07.0000	1.07.0000
2058	火山島之鑰(黃)	ICON_KEY_000_000		0	0	0		22	2	1	0	0	0	0	0	0	0	0	0	0	0		0	0	4	1	1	1;79200	0			0	0	0	1.00.0000	1.07.0000	1.07.0000	1.07.0000
2059	火山島之鑰(藍)	ICON_KEY_000_002		0	0	0		22	2	1	0	0	0	0	0	0	0	0	0	0	0		0	0	4	1	1	1;79200	0			0	0	0	1.00.0000	1.07.0000	1.07.0000	1.07.0000
2060	火山島之鑰(綠)	ICON_KEY_000_004		0	0	0		22	2	1	0	0	0	0	0	0	0	0	0	0	0		0	0	4	1	1	1;79200	0			0	0	0	1.00.0000	1.07.0000	1.07.0000	1.07.0000
2061	伊甸之鑰(紫)	ICON_KEY_000_001		0	0	0		22	2	1	0	0	0	0	0	0	0	0	0	0	0		0	0	4	1	1	1;79200	0			0	0	0	1.00.0000	1.07.0000	1.07.0000	1.07.0000
2062	伊甸之鑰(黃)	ICON_KEY_000_000		0	0	0		22	2	1	0	0	0	0	0	0	0	0	0	0	0		0	0	4	1	1	1;79200	0			0	0	0	1.00.0000	1.07.0000	1.07.0000	1.07.0000
2063	伊甸之鑰(紅)	ICON_KEY_000_003		0	0	0		22	2	1	0	0	0	0	0	0	0	0	0	0	0		0	0	4	1	1	1;79200	0			0	0	0	1.00.0000	1.07.0000	1.07.0000	1.07.0000
2064	伊甸之鑰(綠)	ICON_KEY_000_004		0	0	0		22	2	1	0	0	0	0	0	0	0	0	0	0	0		0	0	4	1	1	1;79200	0			0	0	0	1.00.0000	1.07.0000	1.07.0000	1.07.0000
2065	伊甸之鑰(藍)	ICON_KEY_000_002		0	0	0		22	2	1	0	0	0	0	0	0	0	0	0	0	0		0	0	4	1	1	1;79200	0			0	0	0	1.00.0000	1.07.0000	1.07.0000	1.07.0000
2066	落日之鑰(黃)	ICON_KEY_000_000		0	0	0		22	2	1	0	0	0	0	0	0	0	0	0	0	0		0	0	4	1	1	1;79200	0			0	0	0	1.00.0000	1.07.0000	1.07.0000	1.07.0000
2067	落日之鑰(紅)	ICON_KEY_000_003		0	0	0		22	2	1	0	0	0	0	0	0	0	0	0	0	0		0	0	4	1	1	1;79200	0			0	0	0	1.00.0000	1.07.0000	1.07.0000	1.07.0000
2068	落日之鑰(紫)	ICON_KEY_000_001		0	0	0		22	2	1	0	0	0	0	0	0	0	0	0	0	0		0	0	4	1	1	1;79200	0			0	0	0	1.00.0000	1.07.0000	1.07.0000	1.07.0000
2069	落日之鑰(綠)	ICON_KEY_000_004		0	0	0		22	2	1	0	0	0	0	0	0	0	0	0	0	0		0	0	4	1	1	1;79200	0			0	0	0	1.00.0000	1.07.0000	1.07.0000	1.07.0000
2070	落日之鑰(藍)	ICON_KEY_000_002		0	0	0		22	2	1	0	0	0	0	0	0	0	0	0	0	0		0	0	4	1	1	1;79200	0			0	0	0	1.00.0000	1.07.0000	1.07.0000	1.07.0000
3001	Lv1接戰結晶	ICON_CRYSTAL_000_000		0	0	0		0	1	1	1	0	0	0	0	0	0	0	0	0	0	7;1;0;15501	0	0	10	1	1		0			0	0	0	1.00.0000	1.07.0000	1.07.0000	1.07.0000
3002	Lv1烽火結晶	ICON_CRYSTAL_000_000		0	0	0		0	1	1	1	0	0	0	0	0	0	0	0	0	0	7;1;0;15502	0	0	10	1	1		0			0	0	0	1.00.0000	1.07.0000	1.07.0000	1.07.0000
3003	Lv1動亂結晶	ICON_CRYSTAL_000_000		0	0	0		0	1	1	1	0	0	0	0	0	0	0	0	0	0	7;1;0;15503	0	0	10	1	1		0			0	0	0	1.00.0000	1.07.0000	1.07.0000	1.07.0000
3004	Lv1紛爭結晶	ICON_CRYSTAL_000_000		0	0	0		0	1	1	1	0	0	0	0	0	0	0	0	0	0	7;1;0;15504	0	0	10	1	1		0			0	0	0	1.00.0000	1.07.0000	1.07.0000	1.07.0000
3005	Lv1正義結晶	ICON_CRYSTAL_000_000		0	0	0		0	1	1	1	0	0	0	0	0	0	0	0	0	0	7;1;0;15505	0	0	10	1	1		0			0	0	0	1.00.0000	1.07.0000	1.07.0000	1.07.0000
3006	Lv1兵器結晶	ICON_CRYSTAL_000_000		0	0	0		0	1	1	1	0	0	0	0	0	0	0	0	0	0	7;1;0;15506	0	0	10	1	1		0			0	0	0	1.00.0000	1.07.0000	1.07.0000	1.07.0000
3007	Lv1格鬥結晶	ICON_CRYSTAL_000_000		0	0	0		0	1	1	1	0	0	0	0	0	0	0	0	0	0	7;1;0;15507	0	0	10	1	1		0			0	0	0	1.00.0000	1.07.0000	1.07.0000	1.07.0000
3008	Lv1對峙結晶	ICON_CRYSTAL_000_000		0	0	0		0	1	1	1	0	0	0	0	0	0	0	0	0	0	7;1;0;15508	0	0	10	1	1		0			0	0	0	1.00.0000	1.07.0000	1.07.0000	1.07.0000
3009	Lv1勝負結晶	ICON_CRYSTAL_000_000		0	0	0		0	1	1	1	0	0	0	0	0	0	0	0	0	0	7;1;0;15509	0	0	10	1	1		0			0	0	0	1.00.0000	1.07.0000	1.07.0000	1.07.0000
3010	Lv1宣戰結晶	ICON_CRYSTAL_000_000		0	0	0		0	1	1	1	0	0	0	0	0	0	0	0	0	0	7;1;0;15510	0	0	10	1	1		0			0	0	0	1.00.0000	1.07.0000	1.07.0000	1.07.0000
3011	Lv1威壓結晶	ICON_CRYSTAL_001_000		0	0	0		0	2	1	1	0	0	0	0	0	0	0	0	0	0	7;1;0;15511	0	0	10	1	1		0			0	0	0	1.00.0000	1.07.0000	1.07.0000	1.07.0000
3012	Lv1恐怖結晶	ICON_CRYSTAL_001_000		0	0	0		0	2	1	1	0	0	0	0	0	0	0	0	0	0	7;1;0;15512	0	0	10	1	1		0			0	0	0	1.00.0000	1.07.0000	1.07.0000	1.07.0000
3013	Lv1緊繃結晶	ICON_CRYSTAL_001_000		0	0	0		0	2	1	1	0	0	0	0	0	0	0	0	0	0	7;1;0;15513	0	0	10	1	1		0			0	0	0	1.00.0000	1.07.0000	1.07.0000	1.07.0000
3014	Lv1暴力結晶	ICON_CRYSTAL_001_000		0	0	0		0	2	1	1	0	0	0	0	0	0	0	0	0	0	7;1;0;15514	0	0	10	1	1		0			0	0	0	1.00.0000	1.07.0000	1.07.0000	1.07.0000
3015	Lv1熱血結晶	ICON_CRYSTAL_001_000		0	0	0		0	2	1	1	0	0	0	0	0	0	0	0	0	0	7;1;0;15515	0	0	10	1	1		0			0	0	0	1.00.0000	1.07.0000	1.07.0000	1.07.0000
3016	Lv1瘋狂結晶	ICON_CRYSTAL_001_000		0	0	0		0	2	1	1	0	0	0	0	0	0	0	0	0	0	7;1;0;15516	0	0	10	1	1		0			0	0	0	1.00.0000	1.07.0000	1.07.0000	1.07.0000
3017	Lv1窮兵結晶	ICON_CRYSTAL_001_000		0	0	0		0	3	1	1	0	0	0	0	0	0	0	0	0	0	7;1;0;15517	0	0	10	1	1		0			0	0	0	1.00.0000	1.07.0000	1.07.0000	1.07.0000
3018	Lv1生化結晶	ICON_CRYSTAL_001_000		0	0	0		0	3	1	1	0	0	0	0	0	0	0	0	0	0	7;1;0;15518	0	0	10	1	1		0			0	0	0	1.00.0000	1.07.0000	1.07.0000	1.07.0000
3019	Lv1莫敵結晶	ICON_CRYSTAL_000_001		0	0	0		0	1	1	1	0	0	0	0	0	0	0	0	0	0	7;2;0;15677	0	0	10	1	1		0			0	0	0	1.00.0000	1.07.0000	1.07.0000	1.07.0000
3020	Lv1防護結晶	ICON_CRYSTAL_000_001		0	0	0		0	1	1	1	0	0	0	0	0	0	0	0	0	0	7;2;0;15678	0	0	10	1	1		0			0	0	0	1.00.0000	1.07.0000	1.07.0000	1.07.0000
3021	Lv1堡壘結晶	ICON_CRYSTAL_000_001		0	0	0		0	1	1	1	0	0	0	0	0	0	0	0	0	0	7;2;0;15679	0	0	10	1	1		0			0	0	0	1.00.0000	1.07.0000	1.07.0000	1.07.0000
3022	Lv1禦敵結晶	ICON_CRYSTAL_000_001		0	0	0		0	1	1	1	0	0	0	0	0	0	0	0	0	0	7;2;0;15680	0	0	10	1	1		0			0	0	0	1.00.0000	1.07.0000	1.07.0000	1.07.0000
3023	Lv1趨避結晶	ICON_CRYSTAL_000_001		0	0	0		0	1	1	1	0	0	0	0	0	0	0	0	0	0	7;2;0;15681	0	0	10	1	1		0			0	0	0	1.00.0000	1.07.0000	1.07.0000	1.07.0000
3024	Lv1堅壁結晶	ICON_CRYSTAL_000_001		0	0	0		0	1	1	1	0	0	0	0	0	0	0	0	0	0	7;2;0;15682	0	0	10	1	1		0			0	0	0	1.00.0000	1.07.0000	1.07.0000	1.07.0000
3025	Lv1鐵血結晶	ICON_CRYSTAL_000_001		0	0	0		0	1	1	1	0	0	0	0	0	0	0	0	0	0	7;2;0;15683	0	0	10	1	1		0			0	0	0	1.00.0000	1.07.0000	1.07.0000	1.07.0000
3026	Lv1緩衝結晶	ICON_CRYSTAL_000_001		0	0	0		0	1	1	1	0	0	0	0	0	0	0	0	0	0	7;2;0;15684	0	0	10	1	1		0			0	0	0	1.00.0000	1.07.0000	1.07.0000	1.07.0000
3027	Lv1警戒結晶	ICON_CRYSTAL_000_001		0	0	0		0	1	1	1	0	0	0	0	0	0	0	0	0	0	7;2;0;15685	0	0	10	1	1		0			0	0	0	1.00.0000	1.07.0000	1.07.0000	1.07.0000
3028	Lv1監視結晶	ICON_CRYSTAL_000_001		0	0	0		0	1	1	1	0	0	0	0	0	0	0	0	0	0	7;2;0;15686	0	0	10	1	1		0			0	0	0	1.00.0000	1.07.0000	1.07.0000	1.07.0000
3029	Lv1巡防結晶	ICON_CRYSTAL_001_001		0	0	0		0	2	1	1	0	0	0	0	0	0	0	0	0	0	7;2;0;15687	0	0	10	1	1		0			0	0	0	1.00.0000	1.07.0000	1.07.0000	1.07.0000
3030	Lv1安撫結晶	ICON_CRYSTAL_001_001		0	0	0		0	2	1	1	0	0	0	0	0	0	0	0	0	0	7;2;0;15688	0	0	10	1	1		0			0	0	0	1.00.0000	1.07.0000	1.07.0000	1.07.0000
3031	Lv1雷池結晶	ICON_CRYSTAL_001_001		0	0	0		0	2	1	1	0	0	0	0	0	0	0	0	0	0	7;2;0;15689	0	0	10	1	1		0			0	0	0	1.00.0000	1.07.0000	1.07.0000	1.07.0000
3032	Lv1制裁結晶	ICON_CRYSTAL_001_001		0	0	0		0	2	1	1	0	0	0	0	0	0	0	0	0	0	7;2;0;15690	0	0	10	1	1		0			0	0	0	1.00.0000	1.07.0000	1.07.0000	1.07.0000
3033	Lv1領域結晶	ICON_CRYSTAL_001_001		0	0	0		0	2	1	1	0	0	0	0	0	0	0	0	0	0	7;2;0;15691	0	0	10	1	1		0			0	0	0	1.00.0000	1.07.0000	1.07.0000	1.07.0000
3034	Lv1閉鎖結晶	ICON_CRYSTAL_001_001		0	0	0		0	2	1	1	0	0	0	0	0	0	0	0	0	0	7;2;0;15692	0	0	10	1	1		0			0	0	0	1.00.0000	1.07.0000	1.07.0000	1.07.0000
3035	Lv1連環結晶	ICON_CRYSTAL_001_001		0	0	0		0	3	1	1	0	0	0	0	0	0	0	0	0	0	7;2;0;15693	0	0	10	1	1		0			0	0	0	1.00.0000	1.07.0000	1.07.0000	1.07.0000
3036	Lv1同心結晶	ICON_CRYSTAL_001_001		0	0	0		0	3	1	1	0	0	0	0	0	0	0	0	0	0	7;2;0;15694	0	0	10	1	1		0			0	0	0	1.00.0000	1.07.0000	1.07.0000	1.07.0000
3037	Lv1磨煉結晶	ICON_CRYSTAL_000_002		0	0	0		0	1	1	1	0	0	0	0	0	0	0	0	0	0	7;3;0;15703	0	0	10	1	1		0			0	0	0	1.00.0000	1.07.0000	1.07.0000	1.07.0000
3038	Lv1熟悉結晶	ICON_CRYSTAL_000_002		0	0	0		0	1	1	1	0	0	0	0	0	0	0	0	0	0	7;3;0;15704	0	0	10	1	1		0			0	0	0	1.00.0000	1.07.0000	1.07.0000	1.07.0000
3039	Lv1裂縫結晶	ICON_CRYSTAL_000_002		0	0	0		0	1	1	1	0	0	0	0	0	0	0	0	0	0	7;3;0;15705	0	0	10	1	1		0			0	0	0	1.00.0000	1.07.0000	1.07.0000	1.07.0000
3040	Lv1安全結晶	ICON_CRYSTAL_000_002		0	0	0		0	1	1	1	0	0	0	0	0	0	0	0	0	0	7;3;0;15706	0	0	10	1	1		0			0	0	0	1.00.0000	1.07.0000	1.07.0000	1.07.0000
3041	Lv1厚生結晶	ICON_CRYSTAL_000_002		0	0	0		0	1	1	1	0	0	0	0	0	0	0	0	0	0	7;3;0;15707	0	0	10	1	1		0			0	0	0	1.00.0000	1.07.0000	1.07.0000	1.07.0000
3042	Lv1競爭結晶	ICON_CRYSTAL_000_002		0	0	0		0	1	1	1	0	0	0	0	0	0	0	0	0	0	7;3;0;15708	0	0	10	1	1		0			0	0	0	1.00.0000	1.07.0000	1.07.0000	1.07.0000
3043	Lv1平靜結晶	ICON_CRYSTAL_000_002		0	0	0		0	1	1	1	0	0	0	0	0	0	0	0	0	0	7;3;0;15709	0	0	10	1	1		0			0	0	0	1.00.0000	1.07.0000	1.07.0000	1.07.0000
3044	Lv1引導結晶	ICON_CRYSTAL_000_002		0	0	0		0	1	1	1	0	0	0	0	0	0	0	0	0	0	7;3;0;15710	0	0	10	1	1		0			0	0	0	1.00.0000	1.07.0000	1.07.0000	1.07.0000
3045	Lv1平安結晶	ICON_CRYSTAL_001_002		0	0	0		0	2	1	1	0	0	0	0	0	0	0	0	0	0	7;3;0;15713	0	0	10	1	1		0			0	0	0	1.00.0000	1.07.0000	1.07.0000	1.07.0000
3046	Lv1鼓舞結晶	ICON_CRYSTAL_001_002		0	0	0		0	2	1	1	0	0	0	0	0	0	0	0	0	0	7;3;0;15714	0	0	10	1	1		0			0	0	0	1.00.0000	1.07.0000	1.07.0000	1.07.0000
3047	Lv1冷靜結晶	ICON_CRYSTAL_001_002		0	0	0		0	2	1	1	0	0	0	0	0	0	0	0	0	0	7;3;0;15715	0	0	10	1	1		0			0	0	0	1.00.0000	1.07.0000	1.07.0000	1.07.0000
3048	Lv1沉默結晶	ICON_CRYSTAL_001_002		0	0	0		0	2	1	1	0	0	0	0	0	0	0	0	0	0	7;3;0;15716	0	0	10	1	1		0			0	0	0	1.00.0000	1.07.0000	1.07.0000	1.07.0000
3049	Lv1優勢結晶	ICON_CRYSTAL_001_002		0	0	0		0	2	1	1	0	0	0	0	0	0	0	0	0	0	7;3;0;15717	0	0	10	1	1		0			0	0	0	1.00.0000	1.07.0000	1.07.0000	1.07.0000
3050	Lv1夜幕結晶	ICON_CRYSTAL_001_002		0	0	0		0	2	1	1	0	0	0	0	0	0	0	0	0	0	7;3;0;15718	0	0	10	1	1		0			0	0	0	1.00.0000	1.07.0000	1.07.0000	1.07.0000
3051	Lv1希望結晶	ICON_CRYSTAL_001_002		0	0	0		0	3	1	1	0	0	0	0	0	0	0	0	0	0	7;3;0;15719	0	0	10	1	1		0			0	0	0	1.00.0000	1.07.0000	1.07.0000	1.07.0000
3052	Lv1支援結晶	ICON_CRYSTAL_001_002		0	0	0		0	3	1	1	0	0	0	0	0	0	0	0	0	0	7;3;0;15720	0	0	10	1	1		0			0	0	0	1.00.0000	1.07.0000	1.07.0000	1.07.0000
3053	Lv2接戰結晶	ICON_CRYSTAL_002_000		0	0	0		0	1	2	31	0	0	0	0	0	0	0	0	0	0	7;1;0;15519	0	0	10	1	1		0			0	0	0	1.00.0000	1.07.0000	1.07.0000	1.07.0000
3054	Lv2烽火結晶	ICON_CRYSTAL_002_000		0	0	0		0	1	2	31	0	0	0	0	0	0	0	0	0	0	7;1;0;15520	0	0	10	1	1		0			0	0	0	1.00.0000	1.07.0000	1.07.0000	1.07.0000
3055	Lv2動亂結晶	ICON_CRYSTAL_002_000		0	0	0		0	1	2	31	0	0	0	0	0	0	0	0	0	0	7;1;0;15521	0	0	10	1	1		0			0	0	0	1.00.0000	1.07.0000	1.07.0000	1.07.0000
3056	Lv2紛爭結晶	ICON_CRYSTAL_002_000		0	0	0		0	1	2	31	0	0	0	0	0	0	0	0	0	0	7;1;0;15522	0	0	10	1	1		0			0	0	0	1.00.0000	1.07.0000	1.07.0000	1.07.0000
3057	Lv2正義結晶	ICON_CRYSTAL_002_000		0	0	0		0	1	2	31	0	0	0	0	0	0	0	0	0	0	7;1;0;15523	0	0	10	1	1		0			0	0	0	1.00.0000	1.07.0000	1.07.0000	1.07.0000
3058	Lv2兵器結晶	ICON_CRYSTAL_002_000		0	0	0		0	1	2	31	0	0	0	0	0	0	0	0	0	0	7;1;0;15524	0	0	10	1	1		0			0	0	0	1.00.0000	1.07.0000	1.07.0000	1.07.0000
3059	Lv2格鬥結晶	ICON_CRYSTAL_002_000		0	0	0		0	1	2	31	0	0	0	0	0	0	0	0	0	0	7;1;0;15525	0	0	10	1	1		0			0	0	0	1.00.0000	1.07.0000	1.07.0000	1.07.0000
3060	Lv2對峙結晶	ICON_CRYSTAL_002_000		0	0	0		0	1	2	31	0	0	0	0	0	0	0	0	0	0	7;1;0;15526	0	0	10	1	1		0			0	0	0	1.00.0000	1.07.0000	1.07.0000	1.07.0000
3061	Lv2勝負結晶	ICON_CRYSTAL_002_000		0	0	0		0	1	2	31	0	0	0	0	0	0	0	0	0	0	7;1;0;15527	0	0	10	1	1		0			0	0	0	1.00.0000	1.07.0000	1.07.0000	1.07.0000
3062	Lv2宣戰結晶	ICON_CRYSTAL_002_000		0	0	0		0	1	2	31	0	0	0	0	0	0	0	0	0	0	7;1;0;15528	0	0	10	1	1		0			0	0	0	1.00.0000	1.07.0000	1.07.0000	1.07.0000
3063	Lv2威壓結晶	ICON_CRYSTAL_003_000		0	0	0		0	2	2	31	0	0	0	0	0	0	0	0	0	0	7;1;0;15529	0	0	10	1	1		0			0	0	0	1.00.0000	1.07.0000	1.07.0000	1.07.0000
3064	Lv2恐怖結晶	ICON_CRYSTAL_003_000		0	0	0		0	2	2	31	0	0	0	0	0	0	0	0	0	0	7;1;0;15530	0	0	10	1	1		0			0	0	0	1.00.0000	1.07.0000	1.07.0000	1.07.0000
3065	Lv2緊繃結晶	ICON_CRYSTAL_003_000		0	0	0		0	2	2	31	0	0	0	0	0	0	0	0	0	0	7;1;0;15531	0	0	10	1	1		0			0	0	0	1.00.0000	1.07.0000	1.07.0000	1.07.0000
3066	Lv2暴力結晶	ICON_CRYSTAL_003_000		0	0	0		0	2	2	31	0	0	0	0	0	0	0	0	0	0	7;1;0;15532	0	0	10	1	1		0			0	0	0	1.00.0000	1.07.0000	1.07.0000	1.07.0000
3067	Lv2熱血結晶	ICON_CRYSTAL_003_000		0	0	0		0	2	2	31	0	0	0	0	0	0	0	0	0	0	7;1;0;15533	0	0	10	1	1		0			0	0	0	1.00.0000	1.07.0000	1.07.0000	1.07.0000
3068	Lv2瘋狂結晶	ICON_CRYSTAL_003_000		0	0	0		0	2	2	31	0	0	0	0	0	0	0	0	0	0	7;1;0;15534	0	0	10	1	1		0			0	0	0	1.00.0000	1.07.0000	1.07.0000	1.07.0000
3069	Lv2窮兵結晶	ICON_CRYSTAL_003_000		0	0	0		0	3	2	31	0	0	0	0	0	0	0	0	0	0	7;1;0;15535	0	0	10	1	1		0			0	0	0	1.00.0000	1.07.0000	1.07.0000	1.07.0000
3070	Lv2生化結晶	ICON_CRYSTAL_003_000		0	0	0		0	3	2	31	0	0	0	0	0	0	0	0	0	0	7;1;0;15536	0	0	10	1	1		0			0	0	0	1.00.0000	1.07.0000	1.07.0000	1.07.0000
3071	Lv2莫敵結晶	ICON_CRYSTAL_002_001		0	0	0		0	1	2	31	0	0	0	0	0	0	0	0	0	0	7;2;0;15677	0	0	10	1	1		0			0	0	0	1.00.0000	1.07.0000	1.07.0000	1.07.0000
3072	Lv2防護結晶	ICON_CRYSTAL_002_001		0	0	0		0	1	2	31	0	0	0	0	0	0	0	0	0	0	7;2;0;15678	0	0	10	1	1		0			0	0	0	1.00.0000	1.07.0000	1.07.0000	1.07.0000
3073	Lv2堡壘結晶	ICON_CRYSTAL_002_001		0	0	0		0	1	2	31	0	0	0	0	0	0	0	0	0	0	7;2;0;15679	0	0	10	1	1		0			0	0	0	1.00.0000	1.07.0000	1.07.0000	1.07.0000
3074	Lv2禦敵結晶	ICON_CRYSTAL_002_001		0	0	0		0	1	2	31	0	0	0	0	0	0	0	0	0	0	7;2;0;15680	0	0	10	1	1		0			0	0	0	1.00.0000	1.07.0000	1.07.0000	1.07.0000
3075	Lv2趨避結晶	ICON_CRYSTAL_002_001		0	0	0		0	1	2	31	0	0	0	0	0	0	0	0	0	0	7;2;0;15681	0	0	10	1	1		0			0	0	0	1.00.0000	1.07.0000	1.07.0000	1.07.0000
3076	Lv2堅壁結晶	ICON_CRYSTAL_002_001		0	0	0		0	1	2	31	0	0	0	0	0	0	0	0	0	0	7;2;0;15682	0	0	10	1	1		0			0	0	0	1.00.0000	1.07.0000	1.07.0000	1.07.0000
3077	Lv2鐵血結晶	ICON_CRYSTAL_002_001		0	0	0		0	1	2	31	0	0	0	0	0	0	0	0	0	0	7;2;0;15683	0	0	10	1	1		0			0	0	0	1.00.0000	1.07.0000	1.07.0000	1.07.0000
3078	Lv2緩衝結晶	ICON_CRYSTAL_002_001		0	0	0		0	1	2	31	0	0	0	0	0	0	0	0	0	0	7;2;0;15684	0	0	10	1	1		0			0	0	0	1.00.0000	1.07.0000	1.07.0000	1.07.0000
3079	Lv2警戒結晶	ICON_CRYSTAL_002_001		0	0	0		0	1	2	31	0	0	0	0	0	0	0	0	0	0	7;2;0;15685	0	0	10	1	1		0			0	0	0	1.00.0000	1.07.0000	1.07.0000	1.07.0000
3080	Lv2監視結晶	ICON_CRYSTAL_002_001		0	0	0		0	1	2	31	0	0	0	0	0	0	0	0	0	0	7;2;0;15686	0	0	10	1	1		0			0	0	0	1.00.0000	1.07.0000	1.07.0000	1.07.0000
3081	Lv2巡防結晶	ICON_CRYSTAL_003_001		0	0	0		0	2	2	31	0	0	0	0	0	0	0	0	0	0	7;2;0;15687	0	0	10	1	1		0			0	0	0	1.00.0000	1.07.0000	1.07.0000	1.07.0000
3082	Lv2安撫結晶	ICON_CRYSTAL_003_001		0	0	0		0	2	2	31	0	0	0	0	0	0	0	0	0	0	7;2;0;15688	0	0	10	1	1		0			0	0	0	1.00.0000	1.07.0000	1.07.0000	1.07.0000
3083	Lv2雷池結晶	ICON_CRYSTAL_003_001		0	0	0		0	2	2	31	0	0	0	0	0	0	0	0	0	0	7;2;0;15689	0	0	10	1	1		0			0	0	0	1.00.0000	1.07.0000	1.07.0000	1.07.0000
3084	Lv2制裁結晶	ICON_CRYSTAL_003_001		0	0	0		0	2	2	31	0	0	0	0	0	0	0	0	0	0	7;2;0;15690	0	0	10	1	1		0			0	0	0	1.00.0000	1.07.0000	1.07.0000	1.07.0000
3085	Lv2領域結晶	ICON_CRYSTAL_003_001		0	0	0		0	2	2	31	0	0	0	0	0	0	0	0	0	0	7;2;0;15691	0	0	10	1	1		0			0	0	0	1.00.0000	1.07.0000	1.07.0000	1.07.0000
3086	Lv2閉鎖結晶	ICON_CRYSTAL_003_001		0	0	0		0	2	2	31	0	0	0	0	0	0	0	0	0	0	7;2;0;15692	0	0	10	1	1		0			0	0	0	1.00.0000	1.07.0000	1.07.0000	1.07.0000
3087	Lv2連環結晶	ICON_CRYSTAL_003_001		0	0	0		0	3	2	31	0	0	0	0	0	0	0	0	0	0	7;2;0;15693	0	0	10	1	1		0			0	0	0	1.00.0000	1.07.0000	1.07.0000	1.07.0000
3088	Lv2同心結晶	ICON_CRYSTAL_003_001		0	0	0		0	3	2	31	0	0	0	0	0	0	0	0	0	0	7;2;0;15694	0	0	10	1	1		0			0	0	0	1.00.0000	1.07.0000	1.07.0000	1.07.0000
3089	Lv2磨煉結晶	ICON_CRYSTAL_002_002		0	0	0		0	1	2	31	0	0	0	0	0	0	0	0	0	0	7;3;0;15703	0	0	10	1	1		0			0	0	0	1.00.0000	1.07.0000	1.07.0000	1.07.0000
3090	Lv2熟悉結晶	ICON_CRYSTAL_002_002		0	0	0		0	1	2	31	0	0	0	0	0	0	0	0	0	0	7;3;0;15704	0	0	10	1	1		0			0	0	0	1.00.0000	1.07.0000	1.07.0000	1.07.0000
3091	Lv2裂縫結晶	ICON_CRYSTAL_002_002		0	0	0		0	1	2	31	0	0	0	0	0	0	0	0	0	0	7;3;0;15705	0	0	10	1	1		0			0	0	0	1.00.0000	1.07.0000	1.07.0000	1.07.0000
3092	Lv2安全結晶	ICON_CRYSTAL_002_002		0	0	0		0	1	2	31	0	0	0	0	0	0	0	0	0	0	7;3;0;15706	0	0	10	1	1		0			0	0	0	1.00.0000	1.07.0000	1.07.0000	1.07.0000
3093	Lv2厚生結晶	ICON_CRYSTAL_002_002		0	0	0		0	1	2	31	0	0	0	0	0	0	0	0	0	0	7;3;0;15707	0	0	10	1	1		0			0	0	0	1.00.0000	1.07.0000	1.07.0000	1.07.0000
3094	Lv2競爭結晶	ICON_CRYSTAL_002_002		0	0	0		0	1	2	31	0	0	0	0	0	0	0	0	0	0	7;3;0;15708	0	0	10	1	1		0			0	0	0	1.00.0000	1.07.0000	1.07.0000	1.07.0000
3095	Lv2平靜結晶	ICON_CRYSTAL_002_002		0	0	0		0	1	2	31	0	0	0	0	0	0	0	0	0	0	7;3;0;15709	0	0	10	1	1		0			0	0	0	1.00.0000	1.07.0000	1.07.0000	1.07.0000
3096	Lv2引導結晶	ICON_CRYSTAL_002_002		0	0	0		0	1	2	31	0	0	0	0	0	0	0	0	0	0	7;3;0;15710	0	0	10	1	1		0			0	0	0	1.00.0000	1.07.0000	1.07.0000	1.07.0000
3097	Lv2平安結晶	ICON_CRYSTAL_003_002		0	0	0		0	2	2	31	0	0	0	0	0	0	0	0	0	0	7;3;0;15713	0	0	10	1	1		0			0	0	0	1.00.0000	1.07.0000	1.07.0000	1.07.0000
3098	Lv2鼓舞結晶	ICON_CRYSTAL_003_002		0	0	0		0	2	2	31	0	0	0	0	0	0	0	0	0	0	7;3;0;15714	0	0	10	1	1		0			0	0	0	1.00.0000	1.07.0000	1.07.0000	1.07.0000
3099	Lv2冷靜結晶	ICON_CRYSTAL_003_002		0	0	0		0	2	2	31	0	0	0	0	0	0	0	0	0	0	7;3;0;15715	0	0	10	1	1		0			0	0	0	1.00.0000	1.07.0000	1.07.0000	1.07.0000
3100	Lv2沉默結晶	ICON_CRYSTAL_003_002		0	0	0		0	2	2	31	0	0	0	0	0	0	0	0	0	0	7;3;0;15716	0	0	10	1	1		0			0	0	0	1.00.0000	1.07.0000	1.07.0000	1.07.0000
3101	Lv2優勢結晶	ICON_CRYSTAL_003_002		0	0	0		0	2	2	31	0	0	0	0	0	0	0	0	0	0	7;3;0;15717	0	0	10	1	1		0			0	0	0	1.00.0000	1.07.0000	1.07.0000	1.07.0000
3102	Lv2夜幕結晶	ICON_CRYSTAL_003_002		0	0	0		0	2	2	31	0	0	0	0	0	0	0	0	0	0	7;3;0;15718	0	0	10	1	1		0			0	0	0	1.00.0000	1.07.0000	1.07.0000	1.07.0000
3103	Lv2希望結晶	ICON_CRYSTAL_003_002		0	0	0		0	3	2	31	0	0	0	0	0	0	0	0	0	0	7;3;0;15719	0	0	10	1	1		0			0	0	0	1.00.0000	1.07.0000	1.07.0000	1.07.0000
3104	Lv2支援結晶	ICON_CRYSTAL_003_002		0	0	0		0	3	2	31	0	0	0	0	0	0	0	0	0	0	7;3;0;15720	0	0	10	1	1		0			0	0	0	1.00.0000	1.07.0000	1.07.0000	1.07.0000
3105	Lv3接戰結晶	ICON_CRYSTAL_004_000		0	0	0		0	1	3	51	0	0	0	0	0	0	0	0	0	0	7;1;0;15537	0	0	10	1	1		0			0	0	0	1.00.0000	1.07.0000	1.07.0000	1.07.0000
3106	Lv3烽火結晶	ICON_CRYSTAL_004_000		0	0	0		0	1	3	51	0	0	0	0	0	0	0	0	0	0	7;1;0;15538	0	0	10	1	1		0			0	0	0	1.00.0000	1.07.0000	1.07.0000	1.07.0000
3107	Lv3動亂結晶	ICON_CRYSTAL_004_000		0	0	0		0	1	3	51	0	0	0	0	0	0	0	0	0	0	7;1;0;15539	0	0	10	1	1		0			0	0	0	1.00.0000	1.07.0000	1.07.0000	1.07.0000
3108	Lv3紛爭結晶	ICON_CRYSTAL_004_000		0	0	0		0	1	3	51	0	0	0	0	0	0	0	0	0	0	7;1;0;15540	0	0	10	1	1		0			0	0	0	1.00.0000	1.07.0000	1.07.0000	1.07.0000
3109	Lv3正義結晶	ICON_CRYSTAL_004_000		0	0	0		0	1	3	51	0	0	0	0	0	0	0	0	0	0	7;1;0;15541	0	0	10	1	1		0			0	0	0	1.00.0000	1.07.0000	1.07.0000	1.07.0000
3110	Lv3兵器結晶	ICON_CRYSTAL_004_000		0	0	0		0	1	3	51	0	0	0	0	0	0	0	0	0	0	7;1;0;15542	0	0	10	1	1		0			0	0	0	1.00.0000	1.07.0000	1.07.0000	1.07.0000
3111	Lv3格鬥結晶	ICON_CRYSTAL_004_000		0	0	0		0	1	3	51	0	0	0	0	0	0	0	0	0	0	7;1;0;15543	0	0	10	1	1		0			0	0	0	1.00.0000	1.07.0000	1.07.0000	1.07.0000
3112	Lv3對峙結晶	ICON_CRYSTAL_004_000		0	0	0		0	1	3	51	0	0	0	0	0	0	0	0	0	0	7;1;0;15544	0	0	10	1	1		0			0	0	0	1.00.0000	1.07.0000	1.07.0000	1.07.0000
3113	Lv3勝負結晶	ICON_CRYSTAL_004_000		0	0	0		0	1	3	51	0	0	0	0	0	0	0	0	0	0	7;1;0;15545	0	0	10	1	1		0			0	0	0	1.00.0000	1.07.0000	1.07.0000	1.07.0000
3114	Lv3宣戰結晶	ICON_CRYSTAL_004_000		0	0	0		0	1	3	51	0	0	0	0	0	0	0	0	0	0	7;1;0;15546	0	0	10	1	1		0			0	0	0	1.00.0000	1.07.0000	1.07.0000	1.07.0000
3115	Lv3威壓結晶	ICON_CRYSTAL_005_000		0	0	0		0	2	3	51	0	0	0	0	0	0	0	0	0	0	7;1;0;15547	0	0	10	1	1		0			0	0	0	1.00.0000	1.07.0000	1.07.0000	1.07.0000
3116	Lv3恐怖結晶	ICON_CRYSTAL_005_000		0	0	0		0	2	3	51	0	0	0	0	0	0	0	0	0	0	7;1;0;15548	0	0	10	1	1		0			0	0	0	1.00.0000	1.07.0000	1.07.0000	1.07.0000
3117	Lv3緊繃結晶	ICON_CRYSTAL_005_000		0	0	0		0	2	3	51	0	0	0	0	0	0	0	0	0	0	7;1;0;15549	0	0	10	1	1		0			0	0	0	1.00.0000	1.07.0000	1.07.0000	1.07.0000
3118	Lv3暴力結晶	ICON_CRYSTAL_005_000		0	0	0		0	2	3	51	0	0	0	0	0	0	0	0	0	0	7;1;0;15550	0	0	10	1	1		0			0	0	0	1.00.0000	1.07.0000	1.07.0000	1.07.0000
3119	Lv3熱血結晶	ICON_CRYSTAL_005_000		0	0	0		0	2	3	51	0	0	0	0	0	0	0	0	0	0	7;1;0;15551	0	0	10	1	1		0			0	0	0	1.00.0000	1.07.0000	1.07.0000	1.07.0000
3120	Lv3瘋狂結晶	ICON_CRYSTAL_005_000		0	0	0		0	2	3	51	0	0	0	0	0	0	0	0	0	0	7;1;0;15552	0	0	10	1	1		0			0	0	0	1.00.0000	1.07.0000	1.07.0000	1.07.0000
3121	Lv3窮兵結晶	ICON_CRYSTAL_005_000		0	0	0		0	3	3	51	0	0	0	0	0	0	0	0	0	0	7;1;0;15553	0	0	10	1	1		0			0	0	0	1.00.0000	1.07.0000	1.07.0000	1.07.0000
3122	Lv3生化結晶	ICON_CRYSTAL_005_000		0	0	0		0	3	3	51	0	0	0	0	0	0	0	0	0	0	7;1;0;15554	0	0	10	1	1		0			0	0	0	1.00.0000	1.07.0000	1.07.0000	1.07.0000
3123	Lv3殺破結晶	ICON_CRYSTAL_005_000		0	0	0		0	3	3	51	0	0	0	0	0	0	0	0	0	0	7;1;0;15555	0	0	10	1	1		0			0	0	0	1.00.0000	1.07.0000	1.07.0000	1.07.0000
3124	Lv3敗亡結晶	ICON_CRYSTAL_005_000		0	0	0		0	3	3	51	0	0	0	0	0	0	0	0	0	0	7;1;0;15556	0	0	10	1	1		0			0	0	0	1.00.0000	1.07.0000	1.07.0000	1.07.0000
3125	Lv3莫敵結晶	ICON_CRYSTAL_004_001		0	0	0		0	1	3	51	0	0	0	0	0	0	0	0	0	0	7;2;0;15677	0	0	10	1	1		0			0	0	0	1.00.0000	1.07.0000	1.07.0000	1.07.0000
3126	Lv3防護結晶	ICON_CRYSTAL_004_001		0	0	0		0	1	3	51	0	0	0	0	0	0	0	0	0	0	7;2;0;15678	0	0	10	1	1		0			0	0	0	1.00.0000	1.07.0000	1.07.0000	1.07.0000
3127	Lv3堡壘結晶	ICON_CRYSTAL_004_001		0	0	0		0	1	3	51	0	0	0	0	0	0	0	0	0	0	7;2;0;15679	0	0	10	1	1		0			0	0	0	1.00.0000	1.07.0000	1.07.0000	1.07.0000
3128	Lv3禦敵結晶	ICON_CRYSTAL_004_001		0	0	0		0	1	3	51	0	0	0	0	0	0	0	0	0	0	7;2;0;15680	0	0	10	1	1		0			0	0	0	1.00.0000	1.07.0000	1.07.0000	1.07.0000
3129	Lv3趨避結晶	ICON_CRYSTAL_004_001		0	0	0		0	1	3	51	0	0	0	0	0	0	0	0	0	0	7;2;0;15681	0	0	10	1	1		0			0	0	0	1.00.0000	1.07.0000	1.07.0000	1.07.0000
3130	Lv3堅壁結晶	ICON_CRYSTAL_004_001		0	0	0		0	1	3	51	0	0	0	0	0	0	0	0	0	0	7;2;0;15682	0	0	10	1	1		0			0	0	0	1.00.0000	1.07.0000	1.07.0000	1.07.0000
3131	Lv3鐵血結晶	ICON_CRYSTAL_004_001		0	0	0		0	1	3	51	0	0	0	0	0	0	0	0	0	0	7;2;0;15683	0	0	10	1	1		0			0	0	0	1.00.0000	1.07.0000	1.07.0000	1.07.0000
3132	Lv3緩衝結晶	ICON_CRYSTAL_004_001		0	0	0		0	1	3	51	0	0	0	0	0	0	0	0	0	0	7;2;0;15684	0	0	10	1	1		0			0	0	0	1.00.0000	1.07.0000	1.07.0000	1.07.0000
3133	Lv3警戒結晶	ICON_CRYSTAL_004_001		0	0	0		0	1	3	51	0	0	0	0	0	0	0	0	0	0	7;2;0;15685	0	0	10	1	1		0			0	0	0	1.00.0000	1.07.0000	1.07.0000	1.07.0000
3134	Lv3監視結晶	ICON_CRYSTAL_004_001		0	0	0		0	1	3	51	0	0	0	0	0	0	0	0	0	0	7;2;0;15686	0	0	10	1	1		0			0	0	0	1.00.0000	1.07.0000	1.07.0000	1.07.0000
3135	Lv3巡防結晶	ICON_CRYSTAL_005_001		0	0	0		0	2	3	51	0	0	0	0	0	0	0	0	0	0	7;2;0;15687	0	0	10	1	1		0			0	0	0	1.00.0000	1.07.0000	1.07.0000	1.07.0000
3136	Lv3安撫結晶	ICON_CRYSTAL_005_001		0	0	0		0	2	3	51	0	0	0	0	0	0	0	0	0	0	7;2;0;15688	0	0	10	1	1		0			0	0	0	1.00.0000	1.07.0000	1.07.0000	1.07.0000
3137	Lv3雷池結晶	ICON_CRYSTAL_005_001		0	0	0		0	2	3	51	0	0	0	0	0	0	0	0	0	0	7;2;0;15689	0	0	10	1	1		0			0	0	0	1.00.0000	1.07.0000	1.07.0000	1.07.0000
3138	Lv3制裁結晶	ICON_CRYSTAL_005_001		0	0	0		0	2	3	51	0	0	0	0	0	0	0	0	0	0	7;2;0;15690	0	0	10	1	1		0			0	0	0	1.00.0000	1.07.0000	1.07.0000	1.07.0000
3139	Lv3領域結晶	ICON_CRYSTAL_005_001		0	0	0		0	2	3	51	0	0	0	0	0	0	0	0	0	0	7;2;0;15691	0	0	10	1	1		0			0	0	0	1.00.0000	1.07.0000	1.07.0000	1.07.0000
3140	Lv3閉鎖結晶	ICON_CRYSTAL_005_001		0	0	0		0	2	3	51	0	0	0	0	0	0	0	0	0	0	7;2;0;15692	0	0	10	1	1		0			0	0	0	1.00.0000	1.07.0000	1.07.0000	1.07.0000
3141	Lv3連環結晶	ICON_CRYSTAL_005_001		0	0	0		0	3	3	51	0	0	0	0	0	0	0	0	0	0	7;2;0;15693	0	0	10	1	1		0			0	0	0	1.00.0000	1.07.0000	1.07.0000	1.07.0000
3142	Lv3同心結晶	ICON_CRYSTAL_005_001		0	0	0		0	3	3	51	0	0	0	0	0	0	0	0	0	0	7;2;0;15694	0	0	10	1	1		0			0	0	0	1.00.0000	1.07.0000	1.07.0000	1.07.0000
3143	Lv3邊境結晶	ICON_CRYSTAL_005_001		0	0	0		0	3	3	51	0	0	0	0	0	0	0	0	0	0	7;2;0;15695	0	0	10	1	1		0			0	0	0	1.00.0000	1.07.0000	1.07.0000	1.07.0000
3144	Lv3曠野結晶	ICON_CRYSTAL_005_001		0	0	0		0	3	3	51	0	0	0	0	0	0	0	0	0	0	7;2;0;15696	0	0	10	1	1		0			0	0	0	1.00.0000	1.07.0000	1.07.0000	1.07.0000
3145	Lv3磨煉結晶	ICON_CRYSTAL_004_002		0	0	0		0	1	3	51	0	0	0	0	0	0	0	0	0	0	7;3;0;15703	0	0	10	1	1		0			0	0	0	1.00.0000	1.07.0000	1.07.0000	1.07.0000
3146	Lv3熟悉結晶	ICON_CRYSTAL_004_002		0	0	0		0	1	3	51	0	0	0	0	0	0	0	0	0	0	7;3;0;15704	0	0	10	1	1		0			0	0	0	1.00.0000	1.07.0000	1.07.0000	1.07.0000
3147	Lv3裂縫結晶	ICON_CRYSTAL_004_002		0	0	0		0	1	3	51	0	0	0	0	0	0	0	0	0	0	7;3;0;15705	0	0	10	1	1		0			0	0	0	1.00.0000	1.07.0000	1.07.0000	1.07.0000
3148	Lv3安全結晶	ICON_CRYSTAL_004_002		0	0	0		0	1	3	51	0	0	0	0	0	0	0	0	0	0	7;3;0;15706	0	0	10	1	1		0			0	0	0	1.00.0000	1.07.0000	1.07.0000	1.07.0000
3149	Lv3厚生結晶	ICON_CRYSTAL_004_002		0	0	0		0	1	3	51	0	0	0	0	0	0	0	0	0	0	7;3;0;15707	0	0	10	1	1		0			0	0	0	1.00.0000	1.07.0000	1.07.0000	1.07.0000
3150	Lv3競爭結晶	ICON_CRYSTAL_004_002		0	0	0		0	1	3	51	0	0	0	0	0	0	0	0	0	0	7;3;0;15708	0	0	10	1	1		0			0	0	0	1.00.0000	1.07.0000	1.07.0000	1.07.0000
3151	Lv3平靜結晶	ICON_CRYSTAL_004_002		0	0	0		0	1	3	51	0	0	0	0	0	0	0	0	0	0	7;3;0;15709	0	0	10	1	1		0			0	0	0	1.00.0000	1.07.0000	1.07.0000	1.07.0000
3152	Lv3引導結晶	ICON_CRYSTAL_004_002		0	0	0		0	1	3	51	0	0	0	0	0	0	0	0	0	0	7;3;0;15710	0	0	10	1	1		0			0	0	0	1.00.0000	1.07.0000	1.07.0000	1.07.0000
3153	Lv3平安結晶	ICON_CRYSTAL_005_002		0	0	0		0	2	3	51	0	0	0	0	0	0	0	0	0	0	7;3;0;15713	0	0	10	1	1		0			0	0	0	1.00.0000	1.07.0000	1.07.0000	1.07.0000
3154	Lv3鼓舞結晶	ICON_CRYSTAL_005_002		0	0	0		0	2	3	51	0	0	0	0	0	0	0	0	0	0	7;3;0;15714	0	0	10	1	1		0			0	0	0	1.00.0000	1.07.0000	1.07.0000	1.07.0000
3155	Lv3冷靜結晶	ICON_CRYSTAL_005_002		0	0	0		0	2	3	51	0	0	0	0	0	0	0	0	0	0	7;3;0;15715	0	0	10	1	1		0			0	0	0	1.00.0000	1.07.0000	1.07.0000	1.07.0000
3156	Lv3沉默結晶	ICON_CRYSTAL_005_002		0	0	0		0	2	3	51	0	0	0	0	0	0	0	0	0	0	7;3;0;15716	0	0	10	1	1		0			0	0	0	1.00.0000	1.07.0000	1.07.0000	1.07.0000
3157	Lv3優勢結晶	ICON_CRYSTAL_005_002		0	0	0		0	2	3	51	0	0	0	0	0	0	0	0	0	0	7;3;0;15717	0	0	10	1	1		0			0	0	0	1.00.0000	1.07.0000	1.07.0000	1.07.0000
3158	Lv3夜幕結晶	ICON_CRYSTAL_005_002		0	0	0		0	2	3	51	0	0	0	0	0	0	0	0	0	0	7;3;0;15718	0	0	10	1	1		0			0	0	0	1.00.0000	1.07.0000	1.07.0000	1.07.0000
3159	Lv3希望結晶	ICON_CRYSTAL_005_002		0	0	0		0	3	3	51	0	0	0	0	0	0	0	0	0	0	7;3;0;15721	0	0	10	1	1		0			0	0	0	1.00.0000	1.07.0000	1.07.0000	1.07.0000
3160	Lv3支援結晶	ICON_CRYSTAL_005_002		0	0	0		0	3	3	51	0	0	0	0	0	0	0	0	0	0	7;3;0;15722	0	0	10	1	1		0			0	0	0	1.00.0000	1.07.0000	1.07.0000	1.07.0000
3161	Lv3永恆結晶	ICON_CRYSTAL_005_002		0	0	0		0	3	3	51	0	0	0	0	0	0	0	0	0	0	7;3;0;15723	0	0	10	1	1		0			0	0	0	1.00.0000	1.07.0000	1.07.0000	1.07.0000
3162	Lv3援護結晶	ICON_CRYSTAL_005_002		0	0	0		0	3	3	51	0	0	0	0	0	0	0	0	0	0	7;3;0;15724	0	0	10	1	1		0			0	0	0	1.00.0000	1.07.0000	1.07.0000	1.07.0000
3163	Lv4接戰結晶	ICON_CRYSTAL_006_000		0	0	0		0	1	4	66	0	0	0	0	0	0	0	0	0	0	7;1;0;15557	0	0	10	1	1		0			0	0	0	1.00.0000	1.07.0000	1.07.0000	1.07.0000
3164	Lv4烽火結晶	ICON_CRYSTAL_006_000		0	0	0		0	1	4	66	0	0	0	0	0	0	0	0	0	0	7;1;0;15558	0	0	10	1	1		0			0	0	0	1.00.0000	1.07.0000	1.07.0000	1.07.0000
3165	Lv4動亂結晶	ICON_CRYSTAL_006_000		0	0	0		0	1	4	66	0	0	0	0	0	0	0	0	0	0	7;1;0;15559	0	0	10	1	1		0			0	0	0	1.00.0000	1.07.0000	1.07.0000	1.07.0000
3166	Lv4紛爭結晶	ICON_CRYSTAL_006_000		0	0	0		0	1	4	66	0	0	0	0	0	0	0	0	0	0	7;1;0;15560	0	0	10	1	1		0			0	0	0	1.00.0000	1.07.0000	1.07.0000	1.07.0000
3167	Lv4正義結晶	ICON_CRYSTAL_006_000		0	0	0		0	1	4	66	0	0	0	0	0	0	0	0	0	0	7;1;0;15561	0	0	10	1	1		0			0	0	0	1.00.0000	1.07.0000	1.07.0000	1.07.0000
3168	Lv4兵器結晶	ICON_CRYSTAL_006_000		0	0	0		0	1	4	66	0	0	0	0	0	0	0	0	0	0	7;1;0;15562	0	0	10	1	1		0			0	0	0	1.00.0000	1.07.0000	1.07.0000	1.07.0000
3169	Lv4格鬥結晶	ICON_CRYSTAL_006_000		0	0	0		0	1	4	66	0	0	0	0	0	0	0	0	0	0	7;1;0;15563	0	0	10	1	1		0			0	0	0	1.00.0000	1.07.0000	1.07.0000	1.07.0000
3170	Lv4對峙結晶	ICON_CRYSTAL_006_000		0	0	0		0	1	4	66	0	0	0	0	0	0	0	0	0	0	7;1;0;15564	0	0	10	1	1		0			0	0	0	1.00.0000	1.07.0000	1.07.0000	1.07.0000
3171	Lv4勝負結晶	ICON_CRYSTAL_006_000		0	0	0		0	1	4	66	0	0	0	0	0	0	0	0	0	0	7;1;0;15565	0	0	10	1	1		0			0	0	0	1.00.0000	1.07.0000	1.07.0000	1.07.0000
3172	Lv4宣戰結晶	ICON_CRYSTAL_006_000		0	0	0		0	1	4	66	0	0	0	0	0	0	0	0	0	0	7;1;0;15566	0	0	10	1	1		0			0	0	0	1.00.0000	1.07.0000	1.07.0000	1.07.0000
3173	Lv4威壓結晶	ICON_CRYSTAL_007_000		0	0	0		0	2	4	66	0	0	0	0	0	0	0	0	0	0	7;1;0;15567	0	0	10	1	1		0			0	0	0	1.00.0000	1.07.0000	1.07.0000	1.07.0000
3174	Lv4恐怖結晶	ICON_CRYSTAL_007_000		0	0	0		0	2	4	66	0	0	0	0	0	0	0	0	0	0	7;1;0;15568	0	0	10	1	1		0			0	0	0	1.00.0000	1.07.0000	1.07.0000	1.07.0000
3175	Lv4緊繃結晶	ICON_CRYSTAL_007_000		0	0	0		0	2	4	66	0	0	0	0	0	0	0	0	0	0	7;1;0;15569	0	0	10	1	1		0			0	0	0	1.00.0000	1.07.0000	1.07.0000	1.07.0000
3176	Lv4暴力結晶	ICON_CRYSTAL_007_000		0	0	0		0	2	4	66	0	0	0	0	0	0	0	0	0	0	7;1;0;15570	0	0	10	1	1		0			0	0	0	1.00.0000	1.07.0000	1.07.0000	1.07.0000
3177	Lv4熱血結晶	ICON_CRYSTAL_007_000		0	0	0		0	2	4	66	0	0	0	0	0	0	0	0	0	0	7;1;0;15571	0	0	10	1	1		0			0	0	0	1.00.0000	1.07.0000	1.07.0000	1.07.0000
3178	Lv4瘋狂結晶	ICON_CRYSTAL_007_000		0	0	0		0	2	4	66	0	0	0	0	0	0	0	0	0	0	7;1;0;15572	0	0	10	1	1		0			0	0	0	1.00.0000	1.07.0000	1.07.0000	1.07.0000
3179	Lv4窮兵結晶	ICON_CRYSTAL_007_000		0	0	0		0	3	4	66	0	0	0	0	0	0	0	0	0	0	7;1;0;15573	0	0	10	1	1		0			0	0	0	1.00.0000	1.07.0000	1.07.0000	1.07.0000
3180	Lv4生化結晶	ICON_CRYSTAL_007_000		0	0	0		0	3	4	66	0	0	0	0	0	0	0	0	0	0	7;1;0;15574	0	0	10	1	1		0			0	0	0	1.00.0000	1.07.0000	1.07.0000	1.07.0000
3181	Lv4殺破結晶	ICON_CRYSTAL_007_000		0	0	0		0	3	4	66	0	0	0	0	0	0	0	0	0	0	7;1;0;15575	0	0	10	1	1		0			0	0	0	1.00.0000	1.07.0000	1.07.0000	1.07.0000
3182	Lv4敗亡結晶	ICON_CRYSTAL_007_000		0	0	0		0	3	4	66	0	0	0	0	0	0	0	0	0	0	7;1;0;15576	0	0	10	1	1		0			0	0	0	1.00.0000	1.07.0000	1.07.0000	1.07.0000
3183	Lv4莫敵結晶	ICON_CRYSTAL_006_001		0	0	0		0	1	4	66	0	0	0	0	0	0	0	0	0	0	7;2;0;15677	0	0	10	1	1		0			0	0	0	1.00.0000	1.07.0000	1.07.0000	1.07.0000
3184	Lv4防護結晶	ICON_CRYSTAL_006_001		0	0	0		0	1	4	66	0	0	0	0	0	0	0	0	0	0	7;2;0;15678	0	0	10	1	1		0			0	0	0	1.00.0000	1.07.0000	1.07.0000	1.07.0000
3185	Lv4堡壘結晶	ICON_CRYSTAL_006_001		0	0	0		0	1	4	66	0	0	0	0	0	0	0	0	0	0	7;2;0;15679	0	0	10	1	1		0			0	0	0	1.00.0000	1.07.0000	1.07.0000	1.07.0000
3186	Lv4禦敵結晶	ICON_CRYSTAL_006_001		0	0	0		0	1	4	66	0	0	0	0	0	0	0	0	0	0	7;2;0;15680	0	0	10	1	1		0			0	0	0	1.00.0000	1.07.0000	1.07.0000	1.07.0000
3187	Lv4趨避結晶	ICON_CRYSTAL_006_001		0	0	0		0	1	4	66	0	0	0	0	0	0	0	0	0	0	7;2;0;15681	0	0	10	1	1		0			0	0	0	1.00.0000	1.07.0000	1.07.0000	1.07.0000
3188	Lv4堅壁結晶	ICON_CRYSTAL_006_001		0	0	0		0	1	4	66	0	0	0	0	0	0	0	0	0	0	7;2;0;15682	0	0	10	1	1		0			0	0	0	1.00.0000	1.07.0000	1.07.0000	1.07.0000
3189	Lv4鐵血結晶	ICON_CRYSTAL_006_001		0	0	0		0	1	4	66	0	0	0	0	0	0	0	0	0	0	7;2;0;15683	0	0	10	1	1		0			0	0	0	1.00.0000	1.07.0000	1.07.0000	1.07.0000
3190	Lv4緩衝結晶	ICON_CRYSTAL_006_001		0	0	0		0	1	4	66	0	0	0	0	0	0	0	0	0	0	7;2;0;15684	0	0	10	1	1		0			0	0	0	1.00.0000	1.07.0000	1.07.0000	1.07.0000
3191	Lv4警戒結晶	ICON_CRYSTAL_006_001		0	0	0		0	1	4	66	0	0	0	0	0	0	0	0	0	0	7;2;0;15685	0	0	10	1	1		0			0	0	0	1.00.0000	1.07.0000	1.07.0000	1.07.0000
3192	Lv4監視結晶	ICON_CRYSTAL_006_001		0	0	0		0	1	4	66	0	0	0	0	0	0	0	0	0	0	7;2;0;15686	0	0	10	1	1		0			0	0	0	1.00.0000	1.07.0000	1.07.0000	1.07.0000
3193	Lv4巡防結晶	ICON_CRYSTAL_007_001		0	0	0		0	2	4	66	0	0	0	0	0	0	0	0	0	0	7;2;0;15687	0	0	10	1	1		0			0	0	0	1.00.0000	1.07.0000	1.07.0000	1.07.0000
3194	Lv4安撫結晶	ICON_CRYSTAL_007_001		0	0	0		0	2	4	66	0	0	0	0	0	0	0	0	0	0	7;2;0;15688	0	0	10	1	1		0			0	0	0	1.00.0000	1.07.0000	1.07.0000	1.07.0000
3195	Lv4雷池結晶	ICON_CRYSTAL_007_001		0	0	0		0	2	4	66	0	0	0	0	0	0	0	0	0	0	7;2;0;15689	0	0	10	1	1		0			0	0	0	1.00.0000	1.07.0000	1.07.0000	1.07.0000
3196	Lv4制裁結晶	ICON_CRYSTAL_007_001		0	0	0		0	2	4	66	0	0	0	0	0	0	0	0	0	0	7;2;0;15690	0	0	10	1	1		0			0	0	0	1.00.0000	1.07.0000	1.07.0000	1.07.0000
3197	Lv4領域結晶	ICON_CRYSTAL_007_001		0	0	0		0	2	4	66	0	0	0	0	0	0	0	0	0	0	7;2;0;15691	0	0	10	1	1		0			0	0	0	1.00.0000	1.07.0000	1.07.0000	1.07.0000
3198	Lv4閉鎖結晶	ICON_CRYSTAL_007_001		0	0	0		0	2	4	66	0	0	0	0	0	0	0	0	0	0	7;2;0;15692	0	0	10	1	1		0			0	0	0	1.00.0000	1.07.0000	1.07.0000	1.07.0000
3199	Lv4連環結晶	ICON_CRYSTAL_007_001		0	0	0		0	3	4	66	0	0	0	0	0	0	0	0	0	0	7;2;0;15693	0	0	10	1	1		0			0	0	0	1.00.0000	1.07.0000	1.07.0000	1.07.0000
3200	Lv4同心結晶	ICON_CRYSTAL_007_001		0	0	0		0	3	4	66	0	0	0	0	0	0	0	0	0	0	7;2;0;15694	0	0	10	1	1		0			0	0	0	1.00.0000	1.07.0000	1.07.0000	1.07.0000
3201	Lv4邊境結晶	ICON_CRYSTAL_007_001		0	0	0		0	3	4	66	0	0	0	0	0	0	0	0	0	0	7;2;0;15695	0	0	10	1	1		0			0	0	0	1.00.0000	1.07.0000	1.07.0000	1.07.0000
3202	Lv4曠野結晶	ICON_CRYSTAL_007_001		0	0	0		0	3	4	66	0	0	0	0	0	0	0	0	0	0	7;2;0;15696	0	0	10	1	1		0			0	0	0	1.00.0000	1.07.0000	1.07.0000	1.07.0000
3203	Lv4磨煉結晶	ICON_CRYSTAL_006_002		0	0	0		0	1	4	66	0	0	0	0	0	0	0	0	0	0	7;3;0;15703	0	0	10	1	1		0			0	0	0	1.00.0000	1.07.0000	1.07.0000	1.07.0000
3204	Lv4熟悉結晶	ICON_CRYSTAL_006_002		0	0	0		0	1	4	66	0	0	0	0	0	0	0	0	0	0	7;3;0;15704	0	0	10	1	1		0			0	0	0	1.00.0000	1.07.0000	1.07.0000	1.07.0000
3205	Lv4裂縫結晶	ICON_CRYSTAL_006_002		0	0	0		0	1	4	66	0	0	0	0	0	0	0	0	0	0	7;3;0;15705	0	0	10	1	1		0			0	0	0	1.00.0000	1.07.0000	1.07.0000	1.07.0000
3206	Lv4安全結晶	ICON_CRYSTAL_006_002		0	0	0		0	1	4	66	0	0	0	0	0	0	0	0	0	0	7;3;0;15706	0	0	10	1	1		0			0	0	0	1.00.0000	1.07.0000	1.07.0000	1.07.0000
3207	Lv4厚生結晶	ICON_CRYSTAL_006_002		0	0	0		0	1	4	66	0	0	0	0	0	0	0	0	0	0	7;3;0;15707	0	0	10	1	1		0			0	0	0	1.00.0000	1.07.0000	1.07.0000	1.07.0000
3208	Lv4競爭結晶	ICON_CRYSTAL_006_002		0	0	0		0	1	4	66	0	0	0	0	0	0	0	0	0	0	7;3;0;15708	0	0	10	1	1		0			0	0	0	1.00.0000	1.07.0000	1.07.0000	1.07.0000
3209	Lv4平靜結晶	ICON_CRYSTAL_006_002		0	0	0		0	1	4	66	0	0	0	0	0	0	0	0	0	0	7;3;0;15709	0	0	10	1	1		0			0	0	0	1.00.0000	1.07.0000	1.07.0000	1.07.0000
3210	Lv4引導結晶	ICON_CRYSTAL_006_002		0	0	0		0	1	4	66	0	0	0	0	0	0	0	0	0	0	7;3;0;15710	0	0	10	1	1		0			0	0	0	1.00.0000	1.07.0000	1.07.0000	1.07.0000
3211	Lv4平安結晶	ICON_CRYSTAL_007_002		0	0	0		0	2	4	66	0	0	0	0	0	0	0	0	0	0	7;3;0;15713	0	0	10	1	1		0			0	0	0	1.00.0000	1.07.0000	1.07.0000	1.07.0000
3212	Lv4鼓舞結晶	ICON_CRYSTAL_007_002		0	0	0		0	2	4	66	0	0	0	0	0	0	0	0	0	0	7;3;0;15714	0	0	10	1	1		0			0	0	0	1.00.0000	1.07.0000	1.07.0000	1.07.0000
3213	Lv4冷靜結晶	ICON_CRYSTAL_007_002		0	0	0		0	2	4	66	0	0	0	0	0	0	0	0	0	0	7;3;0;15715	0	0	10	1	1		0			0	0	0	1.00.0000	1.07.0000	1.07.0000	1.07.0000
3214	Lv4沉默結晶	ICON_CRYSTAL_007_002		0	0	0		0	2	4	66	0	0	0	0	0	0	0	0	0	0	7;3;0;15716	0	0	10	1	1		0			0	0	0	1.00.0000	1.07.0000	1.07.0000	1.07.0000
3215	Lv4優勢結晶	ICON_CRYSTAL_007_002		0	0	0		0	2	4	66	0	0	0	0	0	0	0	0	0	0	7;3;0;15717	0	0	10	1	1		0			0	0	0	1.00.0000	1.07.0000	1.07.0000	1.07.0000
3216	Lv4夜幕結晶	ICON_CRYSTAL_007_002		0	0	0		0	2	4	66	0	0	0	0	0	0	0	0	0	0	7;3;0;15718	0	0	10	1	1		0			0	0	0	1.00.0000	1.07.0000	1.07.0000	1.07.0000
3217	Lv4希望結晶	ICON_CRYSTAL_007_002		0	0	0		0	3	4	66	0	0	0	0	0	0	0	0	0	0	7;3;0;15721	0	0	10	1	1		0			0	0	0	1.00.0000	1.07.0000	1.07.0000	1.07.0000
3218	Lv4支援結晶	ICON_CRYSTAL_007_002		0	0	0		0	3	4	66	0	0	0	0	0	0	0	0	0	0	7;3;0;15722	0	0	10	1	1		0			0	0	0	1.00.0000	1.07.0000	1.07.0000	1.07.0000
3219	Lv4永恆結晶	ICON_CRYSTAL_007_002		0	0	0		0	3	4	66	0	0	0	0	0	0	0	0	0	0	7;3;0;15723	0	0	10	1	1		0			0	0	0	1.00.0000	1.07.0000	1.07.0000	1.07.0000
3220	Lv4援護結晶	ICON_CRYSTAL_007_002		0	0	0		0	3	4	66	0	0	0	0	0	0	0	0	0	0	7;3;0;15724	0	0	10	1	1		0			0	0	0	1.00.0000	1.07.0000	1.07.0000	1.07.0000
3221	Lv5接戰結晶	ICON_CRYSTAL_008_000		0	0	0		0	1	5	81	0	0	0	0	0	0	0	0	0	0	7;1;0;15577	0	0	10	1	1		0			0	0	0	1.00.0000	1.07.0000	1.07.0000	1.07.0000
3222	Lv5烽火結晶	ICON_CRYSTAL_008_000		0	0	0		0	1	5	81	0	0	0	0	0	0	0	0	0	0	7;1;0;15578	0	0	10	1	1		0			0	0	0	1.00.0000	1.07.0000	1.07.0000	1.07.0000
3223	Lv5動亂結晶	ICON_CRYSTAL_008_000		0	0	0		0	1	5	81	0	0	0	0	0	0	0	0	0	0	7;1;0;15579	0	0	10	1	1		0			0	0	0	1.00.0000	1.07.0000	1.07.0000	1.07.0000
3224	Lv5紛爭結晶	ICON_CRYSTAL_008_000		0	0	0		0	1	5	81	0	0	0	0	0	0	0	0	0	0	7;1;0;15580	0	0	10	1	1		0			0	0	0	1.00.0000	1.07.0000	1.07.0000	1.07.0000
3225	Lv5正義結晶	ICON_CRYSTAL_008_000		0	0	0		0	1	5	81	0	0	0	0	0	0	0	0	0	0	7;1;0;15581	0	0	10	1	1		0			0	0	0	1.00.0000	1.07.0000	1.07.0000	1.07.0000
3226	Lv5兵器結晶	ICON_CRYSTAL_008_000		0	0	0		0	1	5	81	0	0	0	0	0	0	0	0	0	0	7;1;0;15582	0	0	10	1	1		0			0	0	0	1.00.0000	1.07.0000	1.07.0000	1.07.0000
3227	Lv5格鬥結晶	ICON_CRYSTAL_008_000		0	0	0		0	1	5	81	0	0	0	0	0	0	0	0	0	0	7;1;0;15583	0	0	10	1	1		0			0	0	0	1.00.0000	1.07.0000	1.07.0000	1.07.0000
3228	Lv5對峙結晶	ICON_CRYSTAL_008_000		0	0	0		0	1	5	81	0	0	0	0	0	0	0	0	0	0	7;1;0;15584	0	0	10	1	1		0			0	0	0	1.00.0000	1.07.0000	1.07.0000	1.07.0000
3229	Lv5勝負結晶	ICON_CRYSTAL_008_000		0	0	0		0	1	5	81	0	0	0	0	0	0	0	0	0	0	7;1;0;15585	0	0	10	1	1		0			0	0	0	1.00.0000	1.07.0000	1.07.0000	1.07.0000
3230	Lv5宣戰結晶	ICON_CRYSTAL_008_000		0	0	0		0	1	5	81	0	0	0	0	0	0	0	0	0	0	7;1;0;15586	0	0	10	1	1		0			0	0	0	1.00.0000	1.07.0000	1.07.0000	1.07.0000
3231	Lv5威壓結晶	ICON_CRYSTAL_009_000		0	0	0		0	2	5	81	0	0	0	0	0	0	0	0	0	0	7;1;0;15587	0	0	10	1	1		0			0	0	0	1.00.0000	1.07.0000	1.07.0000	1.07.0000
3232	Lv5恐怖結晶	ICON_CRYSTAL_009_000		0	0	0		0	2	5	81	0	0	0	0	0	0	0	0	0	0	7;1;0;15588	0	0	10	1	1		0			0	0	0	1.00.0000	1.07.0000	1.07.0000	1.07.0000
3233	Lv5緊繃結晶	ICON_CRYSTAL_009_000		0	0	0		0	2	5	81	0	0	0	0	0	0	0	0	0	0	7;1;0;15589	0	0	10	1	1		0			0	0	0	1.00.0000	1.07.0000	1.07.0000	1.07.0000
3234	Lv5暴力結晶	ICON_CRYSTAL_009_000		0	0	0		0	2	5	81	0	0	0	0	0	0	0	0	0	0	7;1;0;15590	0	0	10	1	1		0			0	0	0	1.00.0000	1.07.0000	1.07.0000	1.07.0000
3235	Lv5熱血結晶	ICON_CRYSTAL_009_000		0	0	0		0	2	5	81	0	0	0	0	0	0	0	0	0	0	7;1;0;15591	0	0	10	1	1		0			0	0	0	1.00.0000	1.07.0000	1.07.0000	1.07.0000
3236	Lv5瘋狂結晶	ICON_CRYSTAL_009_000		0	0	0		0	2	5	81	0	0	0	0	0	0	0	0	0	0	7;1;0;15592	0	0	10	1	1		0			0	0	0	1.00.0000	1.07.0000	1.07.0000	1.07.0000
3237	Lv5窮兵結晶	ICON_CRYSTAL_009_000		0	0	0		0	3	5	81	0	0	0	0	0	0	0	0	0	0	7;1;0;15593	0	0	10	1	1		0			0	0	0	1.00.0000	1.07.0000	1.07.0000	1.07.0000
3238	Lv5生化結晶	ICON_CRYSTAL_009_000		0	0	0		0	3	5	81	0	0	0	0	0	0	0	0	0	0	7;1;0;15594	0	0	10	1	1		0			0	0	0	1.00.0000	1.07.0000	1.07.0000	1.07.0000
3239	Lv5殺破結晶	ICON_CRYSTAL_009_000		0	0	0		0	3	5	81	0	0	0	0	0	0	0	0	0	0	7;1;0;15595	0	0	10	1	1		0			0	0	0	1.00.0000	1.07.0000	1.07.0000	1.07.0000
3240	Lv5敗亡結晶	ICON_CRYSTAL_009_000		0	0	0		0	3	5	81	0	0	0	0	0	0	0	0	0	0	7;1;0;15596	0	0	10	1	1		0			0	0	0	1.00.0000	1.07.0000	1.07.0000	1.07.0000
3241	Lv5莫敵結晶	ICON_CRYSTAL_008_001		0	0	0		0	1	5	81	0	0	0	0	0	0	0	0	0	0	7;2;0;15677	0	0	10	1	1		0			0	0	0	1.00.0000	1.07.0000	1.07.0000	1.07.0000
3242	Lv5防護結晶	ICON_CRYSTAL_008_001		0	0	0		0	1	5	81	0	0	0	0	0	0	0	0	0	0	7;2;0;15678	0	0	10	1	1		0			0	0	0	1.00.0000	1.07.0000	1.07.0000	1.07.0000
3243	Lv5堡壘結晶	ICON_CRYSTAL_008_001		0	0	0		0	1	5	81	0	0	0	0	0	0	0	0	0	0	7;2;0;15679	0	0	10	1	1		0			0	0	0	1.00.0000	1.07.0000	1.07.0000	1.07.0000
3244	Lv5禦敵結晶	ICON_CRYSTAL_008_001		0	0	0		0	1	5	81	0	0	0	0	0	0	0	0	0	0	7;2;0;15680	0	0	10	1	1		0			0	0	0	1.00.0000	1.07.0000	1.07.0000	1.07.0000
3245	Lv5趨避結晶	ICON_CRYSTAL_008_001		0	0	0		0	1	5	81	0	0	0	0	0	0	0	0	0	0	7;2;0;15681	0	0	10	1	1		0			0	0	0	1.00.0000	1.07.0000	1.07.0000	1.07.0000
3246	Lv5堅壁結晶	ICON_CRYSTAL_008_001		0	0	0		0	1	5	81	0	0	0	0	0	0	0	0	0	0	7;2;0;15682	0	0	10	1	1		0			0	0	0	1.00.0000	1.07.0000	1.07.0000	1.07.0000
3247	Lv5鐵血結晶	ICON_CRYSTAL_008_001		0	0	0		0	1	5	81	0	0	0	0	0	0	0	0	0	0	7;2;0;15683	0	0	10	1	1		0			0	0	0	1.00.0000	1.07.0000	1.07.0000	1.07.0000
3248	Lv5緩衝結晶	ICON_CRYSTAL_008_001		0	0	0		0	1	5	81	0	0	0	0	0	0	0	0	0	0	7;2;0;15684	0	0	10	1	1		0			0	0	0	1.00.0000	1.07.0000	1.07.0000	1.07.0000
3249	Lv5警戒結晶	ICON_CRYSTAL_008_001		0	0	0		0	1	5	81	0	0	0	0	0	0	0	0	0	0	7;2;0;15685	0	0	10	1	1		0			0	0	0	1.00.0000	1.07.0000	1.07.0000	1.07.0000
3250	Lv5監視結晶	ICON_CRYSTAL_008_001		0	0	0		0	1	5	81	0	0	0	0	0	0	0	0	0	0	7;2;0;15686	0	0	10	1	1		0			0	0	0	1.00.0000	1.07.0000	1.07.0000	1.07.0000
3251	Lv5巡防結晶	ICON_CRYSTAL_009_001		0	0	0		0	2	5	81	0	0	0	0	0	0	0	0	0	0	7;2;0;15687	0	0	10	1	1		0			0	0	0	1.00.0000	1.07.0000	1.07.0000	1.07.0000
3252	Lv5安撫結晶	ICON_CRYSTAL_009_001		0	0	0		0	2	5	81	0	0	0	0	0	0	0	0	0	0	7;2;0;15688	0	0	10	1	1		0			0	0	0	1.00.0000	1.07.0000	1.07.0000	1.07.0000
3253	Lv5雷池結晶	ICON_CRYSTAL_009_001		0	0	0		0	2	5	81	0	0	0	0	0	0	0	0	0	0	7;2;0;15689	0	0	10	1	1		0			0	0	0	1.00.0000	1.07.0000	1.07.0000	1.07.0000
3254	Lv5制裁結晶	ICON_CRYSTAL_009_001		0	0	0		0	2	5	81	0	0	0	0	0	0	0	0	0	0	7;2;0;15690	0	0	10	1	1		0			0	0	0	1.00.0000	1.07.0000	1.07.0000	1.07.0000
3255	Lv5領域結晶	ICON_CRYSTAL_009_001		0	0	0		0	2	5	81	0	0	0	0	0	0	0	0	0	0	7;2;0;15691	0	0	10	1	1		0			0	0	0	1.00.0000	1.07.0000	1.07.0000	1.07.0000
3256	Lv5閉鎖結晶	ICON_CRYSTAL_009_001		0	0	0		0	2	5	81	0	0	0	0	0	0	0	0	0	0	7;2;0;15692	0	0	10	1	1		0			0	0	0	1.00.0000	1.07.0000	1.07.0000	1.07.0000
3257	Lv5連環結晶	ICON_CRYSTAL_009_001		0	0	0		0	3	5	81	0	0	0	0	0	0	0	0	0	0	7;2;0;15693	0	0	10	1	1		0			0	0	0	1.00.0000	1.07.0000	1.07.0000	1.07.0000
3258	Lv5同心結晶	ICON_CRYSTAL_009_001		0	0	0		0	3	5	81	0	0	0	0	0	0	0	0	0	0	7;2;0;15694	0	0	10	1	1		0			0	0	0	1.00.0000	1.07.0000	1.07.0000	1.07.0000
3259	Lv5邊境結晶	ICON_CRYSTAL_009_001		0	0	0		0	3	5	81	0	0	0	0	0	0	0	0	0	0	7;2;0;15697	0	0	10	1	1		0			0	0	0	1.00.0000	1.07.0000	1.07.0000	1.07.0000
3260	Lv5曠野結晶	ICON_CRYSTAL_009_001		0	0	0		0	3	5	81	0	0	0	0	0	0	0	0	0	0	7;2;0;15698	0	0	10	1	1		0			0	0	0	1.00.0000	1.07.0000	1.07.0000	1.07.0000
3261	Lv5磨煉結晶	ICON_CRYSTAL_008_002		0	0	0		0	1	5	81	0	0	0	0	0	0	0	0	0	0	7;3;0;15703	0	0	10	1	1		0			0	0	0	1.00.0000	1.07.0000	1.07.0000	1.07.0000
3262	Lv5熟悉結晶	ICON_CRYSTAL_008_002		0	0	0		0	1	5	81	0	0	0	0	0	0	0	0	0	0	7;3;0;15704	0	0	10	1	1		0			0	0	0	1.00.0000	1.07.0000	1.07.0000	1.07.0000
3263	Lv5裂縫結晶	ICON_CRYSTAL_008_002		0	0	0		0	1	5	81	0	0	0	0	0	0	0	0	0	0	7;3;0;15705	0	0	10	1	1		0			0	0	0	1.00.0000	1.07.0000	1.07.0000	1.07.0000
3264	Lv5安全結晶	ICON_CRYSTAL_008_002		0	0	0		0	1	5	81	0	0	0	0	0	0	0	0	0	0	7;3;0;15706	0	0	10	1	1		0			0	0	0	1.00.0000	1.07.0000	1.07.0000	1.07.0000
3265	Lv5厚生結晶	ICON_CRYSTAL_008_002		0	0	0		0	1	5	81	0	0	0	0	0	0	0	0	0	0	7;3;0;15707	0	0	10	1	1		0			0	0	0	1.00.0000	1.07.0000	1.07.0000	1.07.0000
3266	Lv5競爭結晶	ICON_CRYSTAL_008_002		0	0	0		0	1	5	81	0	0	0	0	0	0	0	0	0	0	7;3;0;15708	0	0	10	1	1		0			0	0	0	1.00.0000	1.07.0000	1.07.0000	1.07.0000
3267	Lv5平靜結晶	ICON_CRYSTAL_008_002		0	0	0		0	1	5	81	0	0	0	0	0	0	0	0	0	0	7;3;0;15709	0	0	10	1	1		0			0	0	0	1.00.0000	1.07.0000	1.07.0000	1.07.0000
3268	Lv5引導結晶	ICON_CRYSTAL_008_002		0	0	0		0	1	5	81	0	0	0	0	0	0	0	0	0	0	7;3;0;15710	0	0	10	1	1		0			0	0	0	1.00.0000	1.07.0000	1.07.0000	1.07.0000
3269	Lv5平安結晶	ICON_CRYSTAL_009_002		0	0	0		0	2	5	81	0	0	0	0	0	0	0	0	0	0	7;3;0;15713	0	0	10	1	1		0			0	0	0	1.00.0000	1.07.0000	1.07.0000	1.07.0000
3270	Lv5鼓舞結晶	ICON_CRYSTAL_009_002		0	0	0		0	2	5	81	0	0	0	0	0	0	0	0	0	0	7;3;0;15714	0	0	10	1	1		0			0	0	0	1.00.0000	1.07.0000	1.07.0000	1.07.0000
3271	Lv5冷靜結晶	ICON_CRYSTAL_009_002		0	0	0		0	2	5	81	0	0	0	0	0	0	0	0	0	0	7;3;0;15715	0	0	10	1	1		0			0	0	0	1.00.0000	1.07.0000	1.07.0000	1.07.0000
3272	Lv5沉默結晶	ICON_CRYSTAL_009_002		0	0	0		0	2	5	81	0	0	0	0	0	0	0	0	0	0	7;3;0;15716	0	0	10	1	1		0			0	0	0	1.00.0000	1.07.0000	1.07.0000	1.07.0000
3273	Lv5優勢結晶	ICON_CRYSTAL_009_002		0	0	0		0	2	5	81	0	0	0	0	0	0	0	0	0	0	7;3;0;15717	0	0	10	1	1		0			0	0	0	1.00.0000	1.07.0000	1.07.0000	1.07.0000
3274	Lv5夜幕結晶	ICON_CRYSTAL_009_002		0	0	0		0	2	5	81	0	0	0	0	0	0	0	0	0	0	7;3;0;15718	0	0	10	1	1		0			0	0	0	1.00.0000	1.07.0000	1.07.0000	1.07.0000
3275	Lv5希望結晶	ICON_CRYSTAL_009_002		0	0	0		0	3	5	81	0	0	0	0	0	0	0	0	0	0	7;3;0;15725	0	0	10	1	1		0			0	0	0	1.00.0000	1.07.0000	1.07.0000	1.07.0000
3276	Lv5支援結晶	ICON_CRYSTAL_009_002		0	0	0		0	3	5	81	0	0	0	0	0	0	0	0	0	0	7;3;0;15726	0	0	10	1	1		0			0	0	0	1.00.0000	1.07.0000	1.07.0000	1.07.0000
3277	Lv5永恆結晶	ICON_CRYSTAL_009_002		0	0	0		0	3	5	81	0	0	0	0	0	0	0	0	0	0	7;3;0;15727	0	0	10	1	1		0			0	0	0	1.00.0000	1.07.0000	1.07.0000	1.07.0000
3278	Lv5援護結晶	ICON_CRYSTAL_009_002		0	0	0		0	3	5	81	0	0	0	0	0	0	0	0	0	0	7;3;0;15728	0	0	10	1	1		0			0	0	0	1.00.0000	1.07.0000	1.07.0000	1.07.0000
3279	Lv6接戰結晶	ICON_CRYSTAL_010_000		0	0	0		0	1	6	91	0	0	0	0	0	0	0	0	0	0	7;1;0;15597	0	0	10	1	1		0			0	0	0	1.00.0000	1.07.0000	1.07.0000	1.07.0000
3280	Lv6烽火結晶	ICON_CRYSTAL_010_000		0	0	0		0	1	6	91	0	0	0	0	0	0	0	0	0	0	7;1;0;15598	0	0	10	1	1		0			0	0	0	1.00.0000	1.07.0000	1.07.0000	1.07.0000
3281	Lv6動亂結晶	ICON_CRYSTAL_010_000		0	0	0		0	1	6	91	0	0	0	0	0	0	0	0	0	0	7;1;0;15599	0	0	10	1	1		0			0	0	0	1.00.0000	1.07.0000	1.07.0000	1.07.0000
3282	Lv6紛爭結晶	ICON_CRYSTAL_010_000		0	0	0		0	1	6	91	0	0	0	0	0	0	0	0	0	0	7;1;0;15600	0	0	10	1	1		0			0	0	0	1.00.0000	1.07.0000	1.07.0000	1.07.0000
3283	Lv6正義結晶	ICON_CRYSTAL_010_000		0	0	0		0	1	6	91	0	0	0	0	0	0	0	0	0	0	7;1;0;15601	0	0	10	1	1		0			0	0	0	1.00.0000	1.07.0000	1.07.0000	1.07.0000
3284	Lv6兵器結晶	ICON_CRYSTAL_010_000		0	0	0		0	1	6	91	0	0	0	0	0	0	0	0	0	0	7;1;0;15602	0	0	10	1	1		0			0	0	0	1.00.0000	1.07.0000	1.07.0000	1.07.0000
3285	Lv6格鬥結晶	ICON_CRYSTAL_010_000		0	0	0		0	1	6	91	0	0	0	0	0	0	0	0	0	0	7;1;0;15603	0	0	10	1	1		0			0	0	0	1.00.0000	1.07.0000	1.07.0000	1.07.0000
3286	Lv6對峙結晶	ICON_CRYSTAL_010_000		0	0	0		0	1	6	91	0	0	0	0	0	0	0	0	0	0	7;1;0;15604	0	0	10	1	1		0			0	0	0	1.00.0000	1.07.0000	1.07.0000	1.07.0000
3287	Lv6勝負結晶	ICON_CRYSTAL_010_000		0	0	0		0	1	6	91	0	0	0	0	0	0	0	0	0	0	7;1;0;15605	0	0	10	1	1		0			0	0	0	1.00.0000	1.07.0000	1.07.0000	1.07.0000
3288	Lv6宣戰結晶	ICON_CRYSTAL_010_000		0	0	0		0	1	6	91	0	0	0	0	0	0	0	0	0	0	7;1;0;15606	0	0	10	1	1		0			0	0	0	1.00.0000	1.07.0000	1.07.0000	1.07.0000
3289	Lv6威壓結晶	ICON_CRYSTAL_011_000		0	0	0		0	2	6	91	0	0	0	0	0	0	0	0	0	0	7;1;0;15607	0	0	10	1	1		0			0	0	0	1.00.0000	1.07.0000	1.07.0000	1.07.0000
3290	Lv6恐怖結晶	ICON_CRYSTAL_011_000		0	0	0		0	2	6	91	0	0	0	0	0	0	0	0	0	0	7;1;0;15608	0	0	10	1	1		0			0	0	0	1.00.0000	1.07.0000	1.07.0000	1.07.0000
3291	Lv6緊繃結晶	ICON_CRYSTAL_011_000		0	0	0		0	2	6	91	0	0	0	0	0	0	0	0	0	0	7;1;0;15609	0	0	10	1	1		0			0	0	0	1.00.0000	1.07.0000	1.07.0000	1.07.0000
3292	Lv6暴力結晶	ICON_CRYSTAL_011_000		0	0	0		0	2	6	91	0	0	0	0	0	0	0	0	0	0	7;1;0;15610	0	0	10	1	1		0			0	0	0	1.00.0000	1.07.0000	1.07.0000	1.07.0000
3293	Lv6熱血結晶	ICON_CRYSTAL_011_000		0	0	0		0	2	6	91	0	0	0	0	0	0	0	0	0	0	7;1;0;15611	0	0	10	1	1		0			0	0	0	1.00.0000	1.07.0000	1.07.0000	1.07.0000
3294	Lv6瘋狂結晶	ICON_CRYSTAL_011_000		0	0	0		0	2	6	91	0	0	0	0	0	0	0	0	0	0	7;1;0;15612	0	0	10	1	1		0			0	0	0	1.00.0000	1.07.0000	1.07.0000	1.07.0000
3295	Lv6窮兵結晶	ICON_CRYSTAL_011_000		0	0	0		0	3	6	91	0	0	0	0	0	0	0	0	0	0	7;1;0;15613	0	0	10	1	1		0			0	0	0	1.00.0000	1.07.0000	1.07.0000	1.07.0000
3296	Lv6生化結晶	ICON_CRYSTAL_011_000		0	0	0		0	3	6	91	0	0	0	0	0	0	0	0	0	0	7;1;0;15614	0	0	10	1	1		0			0	0	0	1.00.0000	1.07.0000	1.07.0000	1.07.0000
3297	Lv6殺破結晶	ICON_CRYSTAL_011_000		0	0	0		0	3	6	91	0	0	0	0	0	0	0	0	0	0	7;1;0;15615	0	0	10	1	1		0			0	0	0	1.00.0000	1.07.0000	1.07.0000	1.07.0000
3298	Lv6敗亡結晶	ICON_CRYSTAL_011_000		0	0	0		0	3	6	91	0	0	0	0	0	0	0	0	0	0	7;1;0;15616	0	0	10	1	1		0			0	0	0	1.00.0000	1.07.0000	1.07.0000	1.07.0000
3299	Lv6莫敵結晶	ICON_CRYSTAL_010_001		0	0	0		0	1	6	91	0	0	0	0	0	0	0	0	0	0	7;2;0;15677	0	0	10	1	1		0			0	0	0	1.00.0000	1.07.0000	1.07.0000	1.07.0000
3300	Lv6防護結晶	ICON_CRYSTAL_010_001		0	0	0		0	1	6	91	0	0	0	0	0	0	0	0	0	0	7;2;0;15678	0	0	10	1	1		0			0	0	0	1.00.0000	1.07.0000	1.07.0000	1.07.0000
3301	Lv6堡壘結晶	ICON_CRYSTAL_010_001		0	0	0		0	1	6	91	0	0	0	0	0	0	0	0	0	0	7;2;0;15679	0	0	10	1	1		0			0	0	0	1.00.0000	1.07.0000	1.07.0000	1.07.0000
3302	Lv6禦敵結晶	ICON_CRYSTAL_010_001		0	0	0		0	1	6	91	0	0	0	0	0	0	0	0	0	0	7;2;0;15680	0	0	10	1	1		0			0	0	0	1.00.0000	1.07.0000	1.07.0000	1.07.0000
3303	Lv6趨避結晶	ICON_CRYSTAL_010_001		0	0	0		0	1	6	91	0	0	0	0	0	0	0	0	0	0	7;2;0;15681	0	0	10	1	1		0			0	0	0	1.00.0000	1.07.0000	1.07.0000	1.07.0000
3304	Lv6堅壁結晶	ICON_CRYSTAL_010_001		0	0	0		0	1	6	91	0	0	0	0	0	0	0	0	0	0	7;2;0;15682	0	0	10	1	1		0			0	0	0	1.00.0000	1.07.0000	1.07.0000	1.07.0000
3305	Lv6鐵血結晶	ICON_CRYSTAL_010_001		0	0	0		0	1	6	91	0	0	0	0	0	0	0	0	0	0	7;2;0;15683	0	0	10	1	1		0			0	0	0	1.00.0000	1.07.0000	1.07.0000	1.07.0000
3306	Lv6緩衝結晶	ICON_CRYSTAL_010_001		0	0	0		0	1	6	91	0	0	0	0	0	0	0	0	0	0	7;2;0;15684	0	0	10	1	1		0			0	0	0	1.00.0000	1.07.0000	1.07.0000	1.07.0000
3307	Lv6警戒結晶	ICON_CRYSTAL_010_001		0	0	0		0	1	6	91	0	0	0	0	0	0	0	0	0	0	7;2;0;15685	0	0	10	1	1		0			0	0	0	1.00.0000	1.07.0000	1.07.0000	1.07.0000
3308	Lv6監視結晶	ICON_CRYSTAL_010_001		0	0	0		0	1	6	91	0	0	0	0	0	0	0	0	0	0	7;2;0;15686	0	0	10	1	1		0			0	0	0	1.00.0000	1.07.0000	1.07.0000	1.07.0000
3309	Lv6巡防結晶	ICON_CRYSTAL_011_001		0	0	0		0	2	6	91	0	0	0	0	0	0	0	0	0	0	7;2;0;15687	0	0	10	1	1		0			0	0	0	1.00.0000	1.07.0000	1.07.0000	1.07.0000
3310	Lv6安撫結晶	ICON_CRYSTAL_011_001		0	0	0		0	2	6	91	0	0	0	0	0	0	0	0	0	0	7;2;0;15688	0	0	10	1	1		0			0	0	0	1.00.0000	1.07.0000	1.07.0000	1.07.0000
3311	Lv6雷池結晶	ICON_CRYSTAL_011_001		0	0	0		0	2	6	91	0	0	0	0	0	0	0	0	0	0	7;2;0;15689	0	0	10	1	1		0			0	0	0	1.00.0000	1.07.0000	1.07.0000	1.07.0000
3312	Lv6制裁結晶	ICON_CRYSTAL_011_001		0	0	0		0	2	6	91	0	0	0	0	0	0	0	0	0	0	7;2;0;15690	0	0	10	1	1		0			0	0	0	1.00.0000	1.07.0000	1.07.0000	1.07.0000
3313	Lv6領域結晶	ICON_CRYSTAL_011_001		0	0	0		0	2	6	91	0	0	0	0	0	0	0	0	0	0	7;2;0;15691	0	0	10	1	1		0			0	0	0	1.00.0000	1.07.0000	1.07.0000	1.07.0000
3314	Lv6閉鎖結晶	ICON_CRYSTAL_011_001		0	0	0		0	2	6	91	0	0	0	0	0	0	0	0	0	0	7;2;0;15692	0	0	10	1	1		0			0	0	0	1.00.0000	1.07.0000	1.07.0000	1.07.0000
3315	Lv6連環結晶	ICON_CRYSTAL_011_001		0	0	0		0	3	6	91	0	0	0	0	0	0	0	0	0	0	7;2;0;15693	0	0	10	1	1		0			0	0	0	1.00.0000	1.07.0000	1.07.0000	1.07.0000
3316	Lv6同心結晶	ICON_CRYSTAL_011_001		0	0	0		0	3	6	91	0	0	0	0	0	0	0	0	0	0	7;2;0;15694	0	0	10	1	1		0			0	0	0	1.00.0000	1.07.0000	1.07.0000	1.07.0000
3317	Lv6邊境結晶	ICON_CRYSTAL_011_001		0	0	0		0	3	6	91	0	0	0	0	0	0	0	0	0	0	7;2;0;15697	0	0	10	1	1		0			0	0	0	1.00.0000	1.07.0000	1.07.0000	1.07.0000
3318	Lv6曠野結晶	ICON_CRYSTAL_011_001		0	0	0		0	3	6	91	0	0	0	0	0	0	0	0	0	0	7;2;0;15698	0	0	10	1	1		0			0	0	0	1.00.0000	1.07.0000	1.07.0000	1.07.0000
3319	Lv6磨煉結晶	ICON_CRYSTAL_010_002		0	0	0		0	1	6	91	0	0	0	0	0	0	0	0	0	0	7;3;0;15703	0	0	10	1	1		0			0	0	0	1.00.0000	1.07.0000	1.07.0000	1.07.0000
3320	Lv6熟悉結晶	ICON_CRYSTAL_010_002		0	0	0		0	1	6	91	0	0	0	0	0	0	0	0	0	0	7;3;0;15704	0	0	10	1	1		0			0	0	0	1.00.0000	1.07.0000	1.07.0000	1.07.0000
3321	Lv6裂縫結晶	ICON_CRYSTAL_010_002		0	0	0		0	1	6	91	0	0	0	0	0	0	0	0	0	0	7;3;0;15705	0	0	10	1	1		0			0	0	0	1.00.0000	1.07.0000	1.07.0000	1.07.0000
3322	Lv6安全結晶	ICON_CRYSTAL_010_002		0	0	0		0	1	6	91	0	0	0	0	0	0	0	0	0	0	7;3;0;15706	0	0	10	1	1		0			0	0	0	1.00.0000	1.07.0000	1.07.0000	1.07.0000
3323	Lv6厚生結晶	ICON_CRYSTAL_010_002		0	0	0		0	1	6	91	0	0	0	0	0	0	0	0	0	0	7;3;0;15707	0	0	10	1	1		0			0	0	0	1.00.0000	1.07.0000	1.07.0000	1.07.0000
3324	Lv6競爭結晶	ICON_CRYSTAL_010_002		0	0	0		0	1	6	91	0	0	0	0	0	0	0	0	0	0	7;3;0;15708	0	0	10	1	1		0			0	0	0	1.00.0000	1.07.0000	1.07.0000	1.07.0000
3325	Lv6平靜結晶	ICON_CRYSTAL_010_002		0	0	0		0	1	6	91	0	0	0	0	0	0	0	0	0	0	7;3;0;15709	0	0	10	1	1		0			0	0	0	1.00.0000	1.07.0000	1.07.0000	1.07.0000
3326	Lv6引導結晶	ICON_CRYSTAL_010_002		0	0	0		0	1	6	91	0	0	0	0	0	0	0	0	0	0	7;3;0;15710	0	0	10	1	1		0			0	0	0	1.00.0000	1.07.0000	1.07.0000	1.07.0000
3327	Lv6平安結晶	ICON_CRYSTAL_011_002		0	0	0		0	2	6	91	0	0	0	0	0	0	0	0	0	0	7;3;0;15713	0	0	10	1	1		0			0	0	0	1.00.0000	1.07.0000	1.07.0000	1.07.0000
3328	Lv6鼓舞結晶	ICON_CRYSTAL_011_002		0	0	0		0	2	6	91	0	0	0	0	0	0	0	0	0	0	7;3;0;15714	0	0	10	1	1		0			0	0	0	1.00.0000	1.07.0000	1.07.0000	1.07.0000
3329	Lv6冷靜結晶	ICON_CRYSTAL_011_002		0	0	0		0	2	6	91	0	0	0	0	0	0	0	0	0	0	7;3;0;15715	0	0	10	1	1		0			0	0	0	1.00.0000	1.07.0000	1.07.0000	1.07.0000
3330	Lv6沉默結晶	ICON_CRYSTAL_011_002		0	0	0		0	2	6	91	0	0	0	0	0	0	0	0	0	0	7;3;0;15716	0	0	10	1	1		0			0	0	0	1.00.0000	1.07.0000	1.07.0000	1.07.0000
3331	Lv6優勢結晶	ICON_CRYSTAL_011_002		0	0	0		0	2	6	91	0	0	0	0	0	0	0	0	0	0	7;3;0;15717	0	0	10	1	1		0			0	0	0	1.00.0000	1.07.0000	1.07.0000	1.07.0000
3332	Lv6夜幕結晶	ICON_CRYSTAL_011_002		0	0	0		0	2	6	91	0	0	0	0	0	0	0	0	0	0	7;3;0;15718	0	0	10	1	1		0			0	0	0	1.00.0000	1.07.0000	1.07.0000	1.07.0000
3333	Lv6希望結晶	ICON_CRYSTAL_011_002		0	0	0		0	3	6	91	0	0	0	0	0	0	0	0	0	0	7;3;0;15725	0	0	10	1	1		0			0	0	0	1.00.0000	1.07.0000	1.07.0000	1.07.0000
3334	Lv6支援結晶	ICON_CRYSTAL_011_002		0	0	0		0	3	6	91	0	0	0	0	0	0	0	0	0	0	7;3;0;15726	0	0	10	1	1		0			0	0	0	1.00.0000	1.07.0000	1.07.0000	1.07.0000
3335	Lv6永恆結晶	ICON_CRYSTAL_011_002		0	0	0		0	3	6	91	0	0	0	0	0	0	0	0	0	0	7;3;0;15727	0	0	10	1	1		0			0	0	0	1.00.0000	1.07.0000	1.07.0000	1.07.0000
3336	Lv6援護結晶	ICON_CRYSTAL_011_002		0	0	0		0	3	6	91	0	0	0	0	0	0	0	0	0	0	7;3;0;15728	0	0	10	1	1		0			0	0	0	1.00.0000	1.07.0000	1.07.0000	1.07.0000
3337	Lv7接戰結晶	ICON_CRYSTAL_012_000		0	0	0		0	1	7	101	0	0	0	0	0	0	0	0	0	0	7;1;0;15617	0	0	10	1	1		0			0	0	0	1.00.0000	1.07.0000	1.07.0000	1.07.0000
3338	Lv7烽火結晶	ICON_CRYSTAL_012_000		0	0	0		0	1	7	101	0	0	0	0	0	0	0	0	0	0	7;1;0;15618	0	0	10	1	1		0			0	0	0	1.00.0000	1.07.0000	1.07.0000	1.07.0000
3339	Lv7動亂結晶	ICON_CRYSTAL_012_000		0	0	0		0	1	7	101	0	0	0	0	0	0	0	0	0	0	7;1;0;15619	0	0	10	1	1		0			0	0	0	1.00.0000	1.07.0000	1.07.0000	1.07.0000
3340	Lv7紛爭結晶	ICON_CRYSTAL_012_000		0	0	0		0	1	7	101	0	0	0	0	0	0	0	0	0	0	7;1;0;15620	0	0	10	1	1		0			0	0	0	1.00.0000	1.07.0000	1.07.0000	1.07.0000
3341	Lv7正義結晶	ICON_CRYSTAL_012_000		0	0	0		0	1	7	101	0	0	0	0	0	0	0	0	0	0	7;1;0;15621	0	0	10	1	1		0			0	0	0	1.00.0000	1.07.0000	1.07.0000	1.07.0000
3342	Lv7兵器結晶	ICON_CRYSTAL_012_000		0	0	0		0	1	7	101	0	0	0	0	0	0	0	0	0	0	7;1;0;15622	0	0	10	1	1		0			0	0	0	1.00.0000	1.07.0000	1.07.0000	1.07.0000
3343	Lv7格鬥結晶	ICON_CRYSTAL_012_000		0	0	0		0	1	7	101	0	0	0	0	0	0	0	0	0	0	7;1;0;15623	0	0	10	1	1		0			0	0	0	1.00.0000	1.07.0000	1.07.0000	1.07.0000
3344	Lv7對峙結晶	ICON_CRYSTAL_012_000		0	0	0		0	1	7	101	0	0	0	0	0	0	0	0	0	0	7;1;0;15624	0	0	10	1	1		0			0	0	0	1.00.0000	1.07.0000	1.07.0000	1.07.0000
3345	Lv7勝負結晶	ICON_CRYSTAL_012_000		0	0	0		0	1	7	101	0	0	0	0	0	0	0	0	0	0	7;1;0;15625	0	0	10	1	1		0			0	0	0	1.00.0000	1.07.0000	1.07.0000	1.07.0000
3346	Lv7宣戰結晶	ICON_CRYSTAL_012_000		0	0	0		0	1	7	101	0	0	0	0	0	0	0	0	0	0	7;1;0;15626	0	0	10	1	1		0			0	0	0	1.00.0000	1.07.0000	1.07.0000	1.07.0000
3347	Lv7威壓結晶	ICON_CRYSTAL_013_000		0	0	0		0	2	7	101	0	0	0	0	0	0	0	0	0	0	7;1;0;15627	0	0	10	1	1		0			0	0	0	1.00.0000	1.07.0000	1.07.0000	1.07.0000
3348	Lv7恐怖結晶	ICON_CRYSTAL_013_000		0	0	0		0	2	7	101	0	0	0	0	0	0	0	0	0	0	7;1;0;15628	0	0	10	1	1		0			0	0	0	1.00.0000	1.07.0000	1.07.0000	1.07.0000
3349	Lv7緊繃結晶	ICON_CRYSTAL_013_000		0	0	0		0	2	7	101	0	0	0	0	0	0	0	0	0	0	7;1;0;15629	0	0	10	1	1		0			0	0	0	1.00.0000	1.07.0000	1.07.0000	1.07.0000
3350	Lv7暴力結晶	ICON_CRYSTAL_013_000		0	0	0		0	2	7	101	0	0	0	0	0	0	0	0	0	0	7;1;0;15630	0	0	10	1	1		0			0	0	0	1.00.0000	1.07.0000	1.07.0000	1.07.0000
3351	Lv7熱血結晶	ICON_CRYSTAL_013_000		0	0	0		0	2	7	101	0	0	0	0	0	0	0	0	0	0	7;1;0;15631	0	0	10	1	1		0			0	0	0	1.00.0000	1.07.0000	1.07.0000	1.07.0000
3352	Lv7瘋狂結晶	ICON_CRYSTAL_013_000		0	0	0		0	2	7	101	0	0	0	0	0	0	0	0	0	0	7;1;0;15632	0	0	10	1	1		0			0	0	0	1.00.0000	1.07.0000	1.07.0000	1.07.0000
3353	Lv7窮兵結晶	ICON_CRYSTAL_013_000		0	0	0		0	3	7	101	0	0	0	0	0	0	0	0	0	0	7;1;0;15633	0	0	10	1	1		0			0	0	0	1.00.0000	1.07.0000	1.07.0000	1.07.0000
3354	Lv7生化結晶	ICON_CRYSTAL_013_000		0	0	0		0	3	7	101	0	0	0	0	0	0	0	0	0	0	7;1;0;15634	0	0	10	1	1		0			0	0	0	1.00.0000	1.07.0000	1.07.0000	1.07.0000
3355	Lv7殺破結晶	ICON_CRYSTAL_013_000		0	0	0		0	3	7	101	0	0	0	0	0	0	0	0	0	0	7;1;0;15635	0	0	10	1	1		0			0	0	0	1.00.0000	1.07.0000	1.07.0000	1.07.0000
3356	Lv7敗亡結晶	ICON_CRYSTAL_013_000		0	0	0		0	3	7	101	0	0	0	0	0	0	0	0	0	0	7;1;0;15636	0	0	10	1	1		0			0	0	0	1.00.0000	1.07.0000	1.07.0000	1.07.0000
3357	Lv7莫敵結晶	ICON_CRYSTAL_012_001		0	0	0		0	1	7	101	0	0	0	0	0	0	0	0	0	0	7;2;0;15677	0	0	10	1	1		0			0	0	0	1.00.0000	1.07.0000	1.07.0000	1.07.0000
3358	Lv7防護結晶	ICON_CRYSTAL_012_001		0	0	0		0	1	7	101	0	0	0	0	0	0	0	0	0	0	7;2;0;15678	0	0	10	1	1		0			0	0	0	1.00.0000	1.07.0000	1.07.0000	1.07.0000
3359	Lv7堡壘結晶	ICON_CRYSTAL_012_001		0	0	0		0	1	7	101	0	0	0	0	0	0	0	0	0	0	7;2;0;15679	0	0	10	1	1		0			0	0	0	1.00.0000	1.07.0000	1.07.0000	1.07.0000
3360	Lv7禦敵結晶	ICON_CRYSTAL_012_001		0	0	0		0	1	7	101	0	0	0	0	0	0	0	0	0	0	7;2;0;15680	0	0	10	1	1		0			0	0	0	1.00.0000	1.07.0000	1.07.0000	1.07.0000
3361	Lv7趨避結晶	ICON_CRYSTAL_012_001		0	0	0		0	1	7	101	0	0	0	0	0	0	0	0	0	0	7;2;0;15681	0	0	10	1	1		0			0	0	0	1.00.0000	1.07.0000	1.07.0000	1.07.0000
3362	Lv7堅壁結晶	ICON_CRYSTAL_012_001		0	0	0		0	1	7	101	0	0	0	0	0	0	0	0	0	0	7;2;0;15682	0	0	10	1	1		0			0	0	0	1.00.0000	1.07.0000	1.07.0000	1.07.0000
3363	Lv7鐵血結晶	ICON_CRYSTAL_012_001		0	0	0		0	1	7	101	0	0	0	0	0	0	0	0	0	0	7;2;0;15683	0	0	10	1	1		0			0	0	0	1.00.0000	1.07.0000	1.07.0000	1.07.0000
3364	Lv7緩衝結晶	ICON_CRYSTAL_012_001		0	0	0		0	1	7	101	0	0	0	0	0	0	0	0	0	0	7;2;0;15684	0	0	10	1	1		0			0	0	0	1.00.0000	1.07.0000	1.07.0000	1.07.0000
3365	Lv7警戒結晶	ICON_CRYSTAL_012_001		0	0	0		0	1	7	101	0	0	0	0	0	0	0	0	0	0	7;2;0;15685	0	0	10	1	1		0			0	0	0	1.00.0000	1.07.0000	1.07.0000	1.07.0000
3366	Lv7監視結晶	ICON_CRYSTAL_012_001		0	0	0		0	1	7	101	0	0	0	0	0	0	0	0	0	0	7;2;0;15686	0	0	10	1	1		0			0	0	0	1.00.0000	1.07.0000	1.07.0000	1.07.0000
3367	Lv7巡防結晶	ICON_CRYSTAL_013_001		0	0	0		0	2	7	101	0	0	0	0	0	0	0	0	0	0	7;2;0;15687	0	0	10	1	1		0			0	0	0	1.00.0000	1.07.0000	1.07.0000	1.07.0000
3368	Lv7安撫結晶	ICON_CRYSTAL_013_001		0	0	0		0	2	7	101	0	0	0	0	0	0	0	0	0	0	7;2;0;15688	0	0	10	1	1		0			0	0	0	1.00.0000	1.07.0000	1.07.0000	1.07.0000
3369	Lv7雷池結晶	ICON_CRYSTAL_013_001		0	0	0		0	2	7	101	0	0	0	0	0	0	0	0	0	0	7;2;0;15689	0	0	10	1	1		0			0	0	0	1.00.0000	1.07.0000	1.07.0000	1.07.0000
3370	Lv7制裁結晶	ICON_CRYSTAL_013_001		0	0	0		0	2	7	101	0	0	0	0	0	0	0	0	0	0	7;2;0;15690	0	0	10	1	1		0			0	0	0	1.00.0000	1.07.0000	1.07.0000	1.07.0000
3371	Lv7領域結晶	ICON_CRYSTAL_013_001		0	0	0		0	2	7	101	0	0	0	0	0	0	0	0	0	0	7;2;0;15691	0	0	10	1	1		0			0	0	0	1.00.0000	1.07.0000	1.07.0000	1.07.0000
3372	Lv7閉鎖結晶	ICON_CRYSTAL_013_001		0	0	0		0	2	7	101	0	0	0	0	0	0	0	0	0	0	7;2;0;15692	0	0	10	1	1		0			0	0	0	1.00.0000	1.07.0000	1.07.0000	1.07.0000
3373	Lv7連環結晶	ICON_CRYSTAL_013_001		0	0	0		0	3	7	101	0	0	0	0	0	0	0	0	0	0	7;2;0;15693	0	0	10	1	1		0			0	0	0	1.00.0000	1.07.0000	1.07.0000	1.07.0000
3374	Lv7同心結晶	ICON_CRYSTAL_013_001		0	0	0		0	3	7	101	0	0	0	0	0	0	0	0	0	0	7;2;0;15694	0	0	10	1	1		0			0	0	0	1.00.0000	1.07.0000	1.07.0000	1.07.0000
3375	Lv7邊境結晶	ICON_CRYSTAL_013_001		0	0	0		0	3	7	101	0	0	0	0	0	0	0	0	0	0	7;2;0;15699	0	0	10	1	1		0			0	0	0	1.00.0000	1.07.0000	1.07.0000	1.07.0000
3376	Lv7曠野結晶	ICON_CRYSTAL_013_001		0	0	0		0	3	7	101	0	0	0	0	0	0	0	0	0	0	7;2;0;15700	0	0	10	1	1		0			0	0	0	1.00.0000	1.07.0000	1.07.0000	1.07.0000
3377	Lv7磨煉結晶	ICON_CRYSTAL_012_002		0	0	0		0	1	7	101	0	0	0	0	0	0	0	0	0	0	7;3;0;15703	0	0	10	1	1		0			0	0	0	1.00.0000	1.07.0000	1.07.0000	1.07.0000
3378	Lv7熟悉結晶	ICON_CRYSTAL_012_002		0	0	0		0	1	7	101	0	0	0	0	0	0	0	0	0	0	7;3;0;15704	0	0	10	1	1		0			0	0	0	1.00.0000	1.07.0000	1.07.0000	1.07.0000
3379	Lv7裂縫結晶	ICON_CRYSTAL_012_002		0	0	0		0	1	7	101	0	0	0	0	0	0	0	0	0	0	7;3;0;15705	0	0	10	1	1		0			0	0	0	1.00.0000	1.07.0000	1.07.0000	1.07.0000
3380	Lv7安全結晶	ICON_CRYSTAL_012_002		0	0	0		0	1	7	101	0	0	0	0	0	0	0	0	0	0	7;3;0;15706	0	0	10	1	1		0			0	0	0	1.00.0000	1.07.0000	1.07.0000	1.07.0000
3381	Lv7厚生結晶	ICON_CRYSTAL_012_002		0	0	0		0	1	7	101	0	0	0	0	0	0	0	0	0	0	7;3;0;15707	0	0	10	1	1		0			0	0	0	1.00.0000	1.07.0000	1.07.0000	1.07.0000
3382	Lv7競爭結晶	ICON_CRYSTAL_012_002		0	0	0		0	1	7	101	0	0	0	0	0	0	0	0	0	0	7;3;0;15708	0	0	10	1	1		0			0	0	0	1.00.0000	1.07.0000	1.07.0000	1.07.0000
3383	Lv7平靜結晶	ICON_CRYSTAL_012_002		0	0	0		0	1	7	101	0	0	0	0	0	0	0	0	0	0	7;3;0;15709	0	0	10	1	1		0			0	0	0	1.00.0000	1.07.0000	1.07.0000	1.07.0000
3384	Lv7引導結晶	ICON_CRYSTAL_012_002		0	0	0		0	1	7	101	0	0	0	0	0	0	0	0	0	0	7;3;0;15710	0	0	10	1	1		0			0	0	0	1.00.0000	1.07.0000	1.07.0000	1.07.0000
3385	Lv7平安結晶	ICON_CRYSTAL_013_002		0	0	0		0	2	7	101	0	0	0	0	0	0	0	0	0	0	7;3;0;15713	0	0	10	1	1		0			0	0	0	1.00.0000	1.07.0000	1.07.0000	1.07.0000
3386	Lv7鼓舞結晶	ICON_CRYSTAL_013_002		0	0	0		0	2	7	101	0	0	0	0	0	0	0	0	0	0	7;3;0;15714	0	0	10	1	1		0			0	0	0	1.00.0000	1.07.0000	1.07.0000	1.07.0000
3387	Lv7冷靜結晶	ICON_CRYSTAL_013_002		0	0	0		0	2	7	101	0	0	0	0	0	0	0	0	0	0	7;3;0;15715	0	0	10	1	1		0			0	0	0	1.00.0000	1.07.0000	1.07.0000	1.07.0000
3388	Lv7沉默結晶	ICON_CRYSTAL_013_002		0	0	0		0	2	7	101	0	0	0	0	0	0	0	0	0	0	7;3;0;15716	0	0	10	1	1		0			0	0	0	1.00.0000	1.07.0000	1.07.0000	1.07.0000
3389	Lv7優勢結晶	ICON_CRYSTAL_013_002		0	0	0		0	2	7	101	0	0	0	0	0	0	0	0	0	0	7;3;0;15717	0	0	10	1	1		0			0	0	0	1.00.0000	1.07.0000	1.07.0000	1.07.0000
3390	Lv7夜幕結晶	ICON_CRYSTAL_013_002		0	0	0		0	2	7	101	0	0	0	0	0	0	0	0	0	0	7;3;0;15718	0	0	10	1	1		0			0	0	0	1.00.0000	1.07.0000	1.07.0000	1.07.0000
3391	Lv7希望結晶	ICON_CRYSTAL_013_002		0	0	0		0	3	7	101	0	0	0	0	0	0	0	0	0	0	7;3;0;15729	0	0	10	1	1		0			0	0	0	1.00.0000	1.07.0000	1.07.0000	1.07.0000
3392	Lv7支援結晶	ICON_CRYSTAL_013_002		0	0	0		0	3	7	101	0	0	0	0	0	0	0	0	0	0	7;3;0;15730	0	0	10	1	1		0			0	0	0	1.00.0000	1.07.0000	1.07.0000	1.07.0000
3393	Lv7永恆結晶	ICON_CRYSTAL_013_002		0	0	0		0	3	7	101	0	0	0	0	0	0	0	0	0	0	7;3;0;15731	0	0	10	1	1		0			0	0	0	1.00.0000	1.07.0000	1.07.0000	1.07.0000
3394	Lv7援護結晶	ICON_CRYSTAL_013_002		0	0	0		0	3	7	101	0	0	0	0	0	0	0	0	0	0	7;3;0;15732	0	0	10	1	1		0			0	0	0	1.00.0000	1.07.0000	1.07.0000	1.07.0000
3395	Lv8接戰結晶	ICON_CRYSTAL_014_000		0	0	0		0	1	8	111	0	0	0	0	0	0	0	0	0	0	7;1;0;15637	0	0	10	1	1		0			0	0	0	1.00.0000	1.07.0000	1.07.0000	1.07.0000
3396	Lv8烽火結晶	ICON_CRYSTAL_014_000		0	0	0		0	1	8	111	0	0	0	0	0	0	0	0	0	0	7;1;0;15638	0	0	10	1	1		0			0	0	0	1.00.0000	1.07.0000	1.07.0000	1.07.0000
3397	Lv8動亂結晶	ICON_CRYSTAL_014_000		0	0	0		0	1	8	111	0	0	0	0	0	0	0	0	0	0	7;1;0;15639	0	0	10	1	1		0			0	0	0	1.00.0000	1.07.0000	1.07.0000	1.07.0000
3398	Lv8紛爭結晶	ICON_CRYSTAL_014_000		0	0	0		0	1	8	111	0	0	0	0	0	0	0	0	0	0	7;1;0;15640	0	0	10	1	1		0			0	0	0	1.00.0000	1.07.0000	1.07.0000	1.07.0000
3399	Lv8正義結晶	ICON_CRYSTAL_014_000		0	0	0		0	1	8	111	0	0	0	0	0	0	0	0	0	0	7;1;0;15641	0	0	10	1	1		0			0	0	0	1.00.0000	1.07.0000	1.07.0000	1.07.0000
3400	Lv8兵器結晶	ICON_CRYSTAL_014_000		0	0	0		0	1	8	111	0	0	0	0	0	0	0	0	0	0	7;1;0;15642	0	0	10	1	1		0			0	0	0	1.00.0000	1.07.0000	1.07.0000	1.07.0000
3401	Lv8格鬥結晶	ICON_CRYSTAL_014_000		0	0	0		0	1	8	111	0	0	0	0	0	0	0	0	0	0	7;1;0;15643	0	0	10	1	1		0			0	0	0	1.00.0000	1.07.0000	1.07.0000	1.07.0000
3402	Lv8對峙結晶	ICON_CRYSTAL_014_000		0	0	0		0	1	8	111	0	0	0	0	0	0	0	0	0	0	7;1;0;15644	0	0	10	1	1		0			0	0	0	1.00.0000	1.07.0000	1.07.0000	1.07.0000
3403	Lv8勝負結晶	ICON_CRYSTAL_014_000		0	0	0		0	1	8	111	0	0	0	0	0	0	0	0	0	0	7;1;0;15645	0	0	10	1	1		0			0	0	0	1.00.0000	1.07.0000	1.07.0000	1.07.0000
3404	Lv8宣戰結晶	ICON_CRYSTAL_014_000		0	0	0		0	1	8	111	0	0	0	0	0	0	0	0	0	0	7;1;0;15646	0	0	10	1	1		0			0	0	0	1.00.0000	1.07.0000	1.07.0000	1.07.0000
3405	Lv8威壓結晶	ICON_CRYSTAL_015_000		0	0	0		0	2	8	111	0	0	0	0	0	0	0	0	0	0	7;1;0;15647	0	0	10	1	1		0			0	0	0	1.00.0000	1.07.0000	1.07.0000	1.07.0000
3406	Lv8恐怖結晶	ICON_CRYSTAL_015_000		0	0	0		0	2	8	111	0	0	0	0	0	0	0	0	0	0	7;1;0;15648	0	0	10	1	1		0			0	0	0	1.00.0000	1.07.0000	1.07.0000	1.07.0000
3407	Lv8緊繃結晶	ICON_CRYSTAL_015_000		0	0	0		0	2	8	111	0	0	0	0	0	0	0	0	0	0	7;1;0;15649	0	0	10	1	1		0			0	0	0	1.00.0000	1.07.0000	1.07.0000	1.07.0000
3408	Lv8暴力結晶	ICON_CRYSTAL_015_000		0	0	0		0	2	8	111	0	0	0	0	0	0	0	0	0	0	7;1;0;15650	0	0	10	1	1		0			0	0	0	1.00.0000	1.07.0000	1.07.0000	1.07.0000
3409	Lv8熱血結晶	ICON_CRYSTAL_015_000		0	0	0		0	2	8	111	0	0	0	0	0	0	0	0	0	0	7;1;0;15651	0	0	10	1	1		0			0	0	0	1.00.0000	1.07.0000	1.07.0000	1.07.0000
3410	Lv8瘋狂結晶	ICON_CRYSTAL_015_000		0	0	0		0	2	8	111	0	0	0	0	0	0	0	0	0	0	7;1;0;15652	0	0	10	1	1		0			0	0	0	1.00.0000	1.07.0000	1.07.0000	1.07.0000
3411	Lv8窮兵結晶	ICON_CRYSTAL_015_000		0	0	0		0	3	8	111	0	0	0	0	0	0	0	0	0	0	7;1;0;15653	0	0	10	1	1		0			0	0	0	1.00.0000	1.07.0000	1.07.0000	1.07.0000
3412	Lv8生化結晶	ICON_CRYSTAL_015_000		0	0	0		0	3	8	111	0	0	0	0	0	0	0	0	0	0	7;1;0;15654	0	0	10	1	1		0			0	0	0	1.00.0000	1.07.0000	1.07.0000	1.07.0000
3413	Lv8殺破結晶	ICON_CRYSTAL_015_000		0	0	0		0	3	8	111	0	0	0	0	0	0	0	0	0	0	7;1;0;15655	0	0	10	1	1		0			0	0	0	1.00.0000	1.07.0000	1.07.0000	1.07.0000
3414	Lv8敗亡結晶	ICON_CRYSTAL_015_000		0	0	0		0	3	8	111	0	0	0	0	0	0	0	0	0	0	7;1;0;15656	0	0	10	1	1		0			0	0	0	1.00.0000	1.07.0000	1.07.0000	1.07.0000
3415	Lv8莫敵結晶	ICON_CRYSTAL_014_001		0	0	0		0	1	8	111	0	0	0	0	0	0	0	0	0	0	7;2;0;15677	0	0	10	1	1		0			0	0	0	1.00.0000	1.07.0000	1.07.0000	1.07.0000
3416	Lv8防護結晶	ICON_CRYSTAL_014_001		0	0	0		0	1	8	111	0	0	0	0	0	0	0	0	0	0	7;2;0;15678	0	0	10	1	1		0			0	0	0	1.00.0000	1.07.0000	1.07.0000	1.07.0000
3417	Lv8堡壘結晶	ICON_CRYSTAL_014_001		0	0	0		0	1	8	111	0	0	0	0	0	0	0	0	0	0	7;2;0;15679	0	0	10	1	1		0			0	0	0	1.00.0000	1.07.0000	1.07.0000	1.07.0000
3418	Lv8禦敵結晶	ICON_CRYSTAL_014_001		0	0	0		0	1	8	111	0	0	0	0	0	0	0	0	0	0	7;2;0;15680	0	0	10	1	1		0			0	0	0	1.00.0000	1.07.0000	1.07.0000	1.07.0000
3419	Lv8趨避結晶	ICON_CRYSTAL_014_001		0	0	0		0	1	8	111	0	0	0	0	0	0	0	0	0	0	7;2;0;15681	0	0	10	1	1		0			0	0	0	1.00.0000	1.07.0000	1.07.0000	1.07.0000
3420	Lv8堅壁結晶	ICON_CRYSTAL_014_001		0	0	0		0	1	8	111	0	0	0	0	0	0	0	0	0	0	7;2;0;15682	0	0	10	1	1		0			0	0	0	1.00.0000	1.07.0000	1.07.0000	1.07.0000
3421	Lv8鐵血結晶	ICON_CRYSTAL_014_001		0	0	0		0	1	8	111	0	0	0	0	0	0	0	0	0	0	7;2;0;15683	0	0	10	1	1		0			0	0	0	1.00.0000	1.07.0000	1.07.0000	1.07.0000
3422	Lv8緩衝結晶	ICON_CRYSTAL_014_001		0	0	0		0	1	8	111	0	0	0	0	0	0	0	0	0	0	7;2;0;15684	0	0	10	1	1		0			0	0	0	1.00.0000	1.07.0000	1.07.0000	1.07.0000
3423	Lv8警戒結晶	ICON_CRYSTAL_014_001		0	0	0		0	1	8	111	0	0	0	0	0	0	0	0	0	0	7;2;0;15685	0	0	10	1	1		0			0	0	0	1.00.0000	1.07.0000	1.07.0000	1.07.0000
3424	Lv8監視結晶	ICON_CRYSTAL_014_001		0	0	0		0	1	8	111	0	0	0	0	0	0	0	0	0	0	7;2;0;15686	0	0	10	1	1		0			0	0	0	1.00.0000	1.07.0000	1.07.0000	1.07.0000
3425	Lv8巡防結晶	ICON_CRYSTAL_015_001		0	0	0		0	2	8	111	0	0	0	0	0	0	0	0	0	0	7;2;0;15687	0	0	10	1	1		0			0	0	0	1.00.0000	1.07.0000	1.07.0000	1.07.0000
3426	Lv8安撫結晶	ICON_CRYSTAL_015_001		0	0	0		0	2	8	111	0	0	0	0	0	0	0	0	0	0	7;2;0;15688	0	0	10	1	1		0			0	0	0	1.00.0000	1.07.0000	1.07.0000	1.07.0000
3427	Lv8雷池結晶	ICON_CRYSTAL_015_001		0	0	0		0	2	8	111	0	0	0	0	0	0	0	0	0	0	7;2;0;15689	0	0	10	1	1		0			0	0	0	1.00.0000	1.07.0000	1.07.0000	1.07.0000
3428	Lv8制裁結晶	ICON_CRYSTAL_015_001		0	0	0		0	2	8	111	0	0	0	0	0	0	0	0	0	0	7;2;0;15690	0	0	10	1	1		0			0	0	0	1.00.0000	1.07.0000	1.07.0000	1.07.0000
3429	Lv8領域結晶	ICON_CRYSTAL_015_001		0	0	0		0	2	8	111	0	0	0	0	0	0	0	0	0	0	7;2;0;15691	0	0	10	1	1		0			0	0	0	1.00.0000	1.07.0000	1.07.0000	1.07.0000
3430	Lv8閉鎖結晶	ICON_CRYSTAL_015_001		0	0	0		0	2	8	111	0	0	0	0	0	0	0	0	0	0	7;2;0;15692	0	0	10	1	1		0			0	0	0	1.00.0000	1.07.0000	1.07.0000	1.07.0000
3431	Lv8連環結晶	ICON_CRYSTAL_015_001		0	0	0		0	3	8	111	0	0	0	0	0	0	0	0	0	0	7;2;0;15693	0	0	10	1	1		0			0	0	0	1.00.0000	1.07.0000	1.07.0000	1.07.0000
3432	Lv8同心結晶	ICON_CRYSTAL_015_001		0	0	0		0	3	8	111	0	0	0	0	0	0	0	0	0	0	7;2;0;15694	0	0	10	1	1		0			0	0	0	1.00.0000	1.07.0000	1.07.0000	1.07.0000
3433	Lv8邊境結晶	ICON_CRYSTAL_015_001		0	0	0		0	3	8	111	0	0	0	0	0	0	0	0	0	0	7;2;0;15699	0	0	10	1	1		0			0	0	0	1.00.0000	1.07.0000	1.07.0000	1.07.0000
3434	Lv8曠野結晶	ICON_CRYSTAL_015_001		0	0	0		0	3	8	111	0	0	0	0	0	0	0	0	0	0	7;2;0;15700	0	0	10	1	1		0			0	0	0	1.00.0000	1.07.0000	1.07.0000	1.07.0000
3435	Lv8磨煉結晶	ICON_CRYSTAL_014_002		0	0	0		0	1	8	111	0	0	0	0	0	0	0	0	0	0	7;3;0;15703	0	0	10	1	1		0			0	0	0	1.00.0000	1.07.0000	1.07.0000	1.07.0000
3436	Lv8熟悉結晶	ICON_CRYSTAL_014_002		0	0	0		0	1	8	111	0	0	0	0	0	0	0	0	0	0	7;3;0;15704	0	0	10	1	1		0			0	0	0	1.00.0000	1.07.0000	1.07.0000	1.07.0000
3437	Lv8裂縫結晶	ICON_CRYSTAL_014_002		0	0	0		0	1	8	111	0	0	0	0	0	0	0	0	0	0	7;3;0;15705	0	0	10	1	1		0			0	0	0	1.00.0000	1.07.0000	1.07.0000	1.07.0000
3438	Lv8安全結晶	ICON_CRYSTAL_014_002		0	0	0		0	1	8	111	0	0	0	0	0	0	0	0	0	0	7;3;0;15706	0	0	10	1	1		0			0	0	0	1.00.0000	1.07.0000	1.07.0000	1.07.0000
3439	Lv8厚生結晶	ICON_CRYSTAL_014_002		0	0	0		0	1	8	111	0	0	0	0	0	0	0	0	0	0	7;3;0;15707	0	0	10	1	1		0			0	0	0	1.00.0000	1.07.0000	1.07.0000	1.07.0000
3440	Lv8競爭結晶	ICON_CRYSTAL_014_002		0	0	0		0	1	8	111	0	0	0	0	0	0	0	0	0	0	7;3;0;15708	0	0	10	1	1		0			0	0	0	1.00.0000	1.07.0000	1.07.0000	1.07.0000
3441	Lv8平靜結晶	ICON_CRYSTAL_014_002		0	0	0		0	1	8	111	0	0	0	0	0	0	0	0	0	0	7;3;0;15709	0	0	10	1	1		0			0	0	0	1.00.0000	1.07.0000	1.07.0000	1.07.0000
3442	Lv8引導結晶	ICON_CRYSTAL_014_002		0	0	0		0	1	8	111	0	0	0	0	0	0	0	0	0	0	7;3;0;15710	0	0	10	1	1		0			0	0	0	1.00.0000	1.07.0000	1.07.0000	1.07.0000
3443	Lv8平安結晶	ICON_CRYSTAL_015_002		0	0	0		0	2	8	111	0	0	0	0	0	0	0	0	0	0	7;3;0;15713	0	0	10	1	1		0			0	0	0	1.00.0000	1.07.0000	1.07.0000	1.07.0000
3444	Lv8鼓舞結晶	ICON_CRYSTAL_015_002		0	0	0		0	2	8	111	0	0	0	0	0	0	0	0	0	0	7;3;0;15714	0	0	10	1	1		0			0	0	0	1.00.0000	1.07.0000	1.07.0000	1.07.0000
3445	Lv8冷靜結晶	ICON_CRYSTAL_015_002		0	0	0		0	2	8	111	0	0	0	0	0	0	0	0	0	0	7;3;0;15715	0	0	10	1	1		0			0	0	0	1.00.0000	1.07.0000	1.07.0000	1.07.0000
3446	Lv8沉默結晶	ICON_CRYSTAL_015_002		0	0	0		0	2	8	111	0	0	0	0	0	0	0	0	0	0	7;3;0;15716	0	0	10	1	1		0			0	0	0	1.00.0000	1.07.0000	1.07.0000	1.07.0000
3447	Lv8優勢結晶	ICON_CRYSTAL_015_002		0	0	0		0	2	8	111	0	0	0	0	0	0	0	0	0	0	7;3;0;15717	0	0	10	1	1		0			0	0	0	1.00.0000	1.07.0000	1.07.0000	1.07.0000
3448	Lv8夜幕結晶	ICON_CRYSTAL_015_002		0	0	0		0	2	8	111	0	0	0	0	0	0	0	0	0	0	7;3;0;15718	0	0	10	1	1		0			0	0	0	1.00.0000	1.07.0000	1.07.0000	1.07.0000
3449	Lv8希望結晶	ICON_CRYSTAL_015_002		0	0	0		0	3	8	111	0	0	0	0	0	0	0	0	0	0	7;3;0;15729	0	0	10	1	1		0			0	0	0	1.00.0000	1.07.0000	1.07.0000	1.07.0000
3450	Lv8支援結晶	ICON_CRYSTAL_015_002		0	0	0		0	3	8	111	0	0	0	0	0	0	0	0	0	0	7;3;0;15730	0	0	10	1	1		0			0	0	0	1.00.0000	1.07.0000	1.07.0000	1.07.0000
3451	Lv8永恆結晶	ICON_CRYSTAL_015_002		0	0	0		0	3	8	111	0	0	0	0	0	0	0	0	0	0	7;3;0;15731	0	0	10	1	1		0			0	0	0	1.00.0000	1.07.0000	1.07.0000	1.07.0000
3452	Lv8援護結晶	ICON_CRYSTAL_015_002		0	0	0		0	3	8	111	0	0	0	0	0	0	0	0	0	0	7;3;0;15732	0	0	10	1	1		0			0	0	0	1.00.0000	1.07.0000	1.07.0000	1.07.0000
3453	Lv9接戰結晶	ICON_CRYSTAL_016_000		0	0	0		0	1	9	121	0	0	0	0	0	0	0	0	0	0	7;1;0;15657	0	0	10	1	1		0			0	0	0	1.00.0000	1.07.0000	1.07.0000	1.07.0000
3454	Lv9烽火結晶	ICON_CRYSTAL_016_000		0	0	0		0	1	9	121	0	0	0	0	0	0	0	0	0	0	7;1;0;15658	0	0	10	1	1		0			0	0	0	1.00.0000	1.07.0000	1.07.0000	1.07.0000
3455	Lv9動亂結晶	ICON_CRYSTAL_016_000		0	0	0		0	1	9	121	0	0	0	0	0	0	0	0	0	0	7;1;0;15659	0	0	10	1	1		0			0	0	0	1.00.0000	1.07.0000	1.07.0000	1.07.0000
3456	Lv9紛爭結晶	ICON_CRYSTAL_016_000		0	0	0		0	1	9	121	0	0	0	0	0	0	0	0	0	0	7;1;0;15660	0	0	10	1	1		0			0	0	0	1.00.0000	1.07.0000	1.07.0000	1.07.0000
3457	Lv9正義結晶	ICON_CRYSTAL_016_000		0	0	0		0	1	9	121	0	0	0	0	0	0	0	0	0	0	7;1;0;15661	0	0	10	1	1		0			0	0	0	1.00.0000	1.07.0000	1.07.0000	1.07.0000
3458	Lv9兵器結晶	ICON_CRYSTAL_016_000		0	0	0		0	1	9	121	0	0	0	0	0	0	0	0	0	0	7;1;0;15662	0	0	10	1	1		0			0	0	0	1.00.0000	1.07.0000	1.07.0000	1.07.0000
3459	Lv9格鬥結晶	ICON_CRYSTAL_016_000		0	0	0		0	1	9	121	0	0	0	0	0	0	0	0	0	0	7;1;0;15663	0	0	10	1	1		0			0	0	0	1.00.0000	1.07.0000	1.07.0000	1.07.0000
3460	Lv9對峙結晶	ICON_CRYSTAL_016_000		0	0	0		0	1	9	121	0	0	0	0	0	0	0	0	0	0	7;1;0;15664	0	0	10	1	1		0			0	0	0	1.00.0000	1.07.0000	1.07.0000	1.07.0000
3461	Lv9勝負結晶	ICON_CRYSTAL_016_000		0	0	0		0	1	9	121	0	0	0	0	0	0	0	0	0	0	7;1;0;15665	0	0	10	1	1		0			0	0	0	1.00.0000	1.07.0000	1.07.0000	1.07.0000
3462	Lv9宣戰結晶	ICON_CRYSTAL_016_000		0	0	0		0	1	9	121	0	0	0	0	0	0	0	0	0	0	7;1;0;15666	0	0	10	1	1		0			0	0	0	1.00.0000	1.07.0000	1.07.0000	1.07.0000
3463	Lv9威壓結晶	ICON_CRYSTAL_017_000		0	0	0		0	2	9	121	0	0	0	0	0	0	0	0	0	0	7;1;0;15667	0	0	10	1	1		0			0	0	0	1.00.0000	1.07.0000	1.07.0000	1.07.0000
3464	Lv9恐怖結晶	ICON_CRYSTAL_017_000		0	0	0		0	2	9	121	0	0	0	0	0	0	0	0	0	0	7;1;0;15668	0	0	10	1	1		0			0	0	0	1.00.0000	1.07.0000	1.07.0000	1.07.0000
3465	Lv9緊繃結晶	ICON_CRYSTAL_017_000		0	0	0		0	2	9	121	0	0	0	0	0	0	0	0	0	0	7;1;0;15669	0	0	10	1	1		0			0	0	0	1.00.0000	1.07.0000	1.07.0000	1.07.0000
3466	Lv9暴力結晶	ICON_CRYSTAL_017_000		0	0	0		0	2	9	121	0	0	0	0	0	0	0	0	0	0	7;1;0;15670	0	0	10	1	1		0			0	0	0	1.00.0000	1.07.0000	1.07.0000	1.07.0000
3467	Lv9熱血結晶	ICON_CRYSTAL_017_000		0	0	0		0	2	9	121	0	0	0	0	0	0	0	0	0	0	7;1;0;15671	0	0	10	1	1		0			0	0	0	1.00.0000	1.07.0000	1.07.0000	1.07.0000
3468	Lv9瘋狂結晶	ICON_CRYSTAL_017_000		0	0	0		0	2	9	121	0	0	0	0	0	0	0	0	0	0	7;1;0;15672	0	0	10	1	1		0			0	0	0	1.00.0000	1.07.0000	1.07.0000	1.07.0000
3469	Lv9窮兵結晶	ICON_CRYSTAL_017_000		0	0	0		0	3	9	121	0	0	0	0	0	0	0	0	0	0	7;1;0;15673	0	0	10	1	1		0			0	0	0	1.00.0000	1.07.0000	1.07.0000	1.07.0000
3470	Lv9生化結晶	ICON_CRYSTAL_017_000		0	0	0		0	3	9	121	0	0	0	0	0	0	0	0	0	0	7;1;0;15674	0	0	10	1	1		0			0	0	0	1.00.0000	1.07.0000	1.07.0000	1.07.0000
3471	Lv9殺破結晶	ICON_CRYSTAL_017_000		0	0	0		0	3	9	121	0	0	0	0	0	0	0	0	0	0	7;1;0;15675	0	0	10	1	1		0			0	0	0	1.00.0000	1.07.0000	1.07.0000	1.07.0000
3472	Lv9敗亡結晶	ICON_CRYSTAL_017_000		0	0	0		0	3	9	121	0	0	0	0	0	0	0	0	0	0	7;1;0;15676	0	0	10	1	1		0			0	0	0	1.00.0000	1.07.0000	1.07.0000	1.07.0000
3473	Lv9莫敵結晶	ICON_CRYSTAL_016_001		0	0	0		0	1	9	121	0	0	0	0	0	0	0	0	0	0	7;2;0;15677	0	0	10	1	1		0			0	0	0	1.00.0000	1.07.0000	1.07.0000	1.07.0000
3474	Lv9防護結晶	ICON_CRYSTAL_016_001		0	0	0		0	1	9	121	0	0	0	0	0	0	0	0	0	0	7;2;0;15678	0	0	10	1	1		0			0	0	0	1.00.0000	1.07.0000	1.07.0000	1.07.0000
3475	Lv9堡壘結晶	ICON_CRYSTAL_016_001		0	0	0		0	1	9	121	0	0	0	0	0	0	0	0	0	0	7;2;0;15679	0	0	10	1	1		0			0	0	0	1.00.0000	1.07.0000	1.07.0000	1.07.0000
3476	Lv9禦敵結晶	ICON_CRYSTAL_016_001		0	0	0		0	1	9	121	0	0	0	0	0	0	0	0	0	0	7;2;0;15680	0	0	10	1	1		0			0	0	0	1.00.0000	1.07.0000	1.07.0000	1.07.0000
3477	Lv9趨避結晶	ICON_CRYSTAL_016_001		0	0	0		0	1	9	121	0	0	0	0	0	0	0	0	0	0	7;2;0;15681	0	0	10	1	1		0			0	0	0	1.00.0000	1.07.0000	1.07.0000	1.07.0000
3478	Lv9堅壁結晶	ICON_CRYSTAL_016_001		0	0	0		0	1	9	121	0	0	0	0	0	0	0	0	0	0	7;2;0;15682	0	0	10	1	1		0			0	0	0	1.00.0000	1.07.0000	1.07.0000	1.07.0000
3479	Lv9鐵血結晶	ICON_CRYSTAL_016_001		0	0	0		0	1	9	121	0	0	0	0	0	0	0	0	0	0	7;2;0;15683	0	0	10	1	1		0			0	0	0	1.00.0000	1.07.0000	1.07.0000	1.07.0000
3480	Lv9緩衝結晶	ICON_CRYSTAL_016_001		0	0	0		0	1	9	121	0	0	0	0	0	0	0	0	0	0	7;2;0;15684	0	0	10	1	1		0			0	0	0	1.00.0000	1.07.0000	1.07.0000	1.07.0000
3481	Lv9警戒結晶	ICON_CRYSTAL_016_001		0	0	0		0	1	9	121	0	0	0	0	0	0	0	0	0	0	7;2;0;15685	0	0	10	1	1		0			0	0	0	1.00.0000	1.07.0000	1.07.0000	1.07.0000
3482	Lv9監視結晶	ICON_CRYSTAL_016_001		0	0	0		0	1	9	121	0	0	0	0	0	0	0	0	0	0	7;2;0;15686	0	0	10	1	1		0			0	0	0	1.00.0000	1.07.0000	1.07.0000	1.07.0000
3483	Lv9巡防結晶	ICON_CRYSTAL_017_001		0	0	0		0	2	9	121	0	0	0	0	0	0	0	0	0	0	7;2;0;15687	0	0	10	1	1		0			0	0	0	1.00.0000	1.07.0000	1.07.0000	1.07.0000
3484	Lv9安撫結晶	ICON_CRYSTAL_017_001		0	0	0		0	2	9	121	0	0	0	0	0	0	0	0	0	0	7;2;0;15688	0	0	10	1	1		0			0	0	0	1.00.0000	1.07.0000	1.07.0000	1.07.0000
3485	Lv9雷池結晶	ICON_CRYSTAL_017_001		0	0	0		0	2	9	121	0	0	0	0	0	0	0	0	0	0	7;2;0;15689	0	0	10	1	1		0			0	0	0	1.00.0000	1.07.0000	1.07.0000	1.07.0000
3486	Lv9制裁結晶	ICON_CRYSTAL_017_001		0	0	0		0	2	9	121	0	0	0	0	0	0	0	0	0	0	7;2;0;15690	0	0	10	1	1		0			0	0	0	1.00.0000	1.07.0000	1.07.0000	1.07.0000
3487	Lv9領域結晶	ICON_CRYSTAL_017_001		0	0	0		0	2	9	121	0	0	0	0	0	0	0	0	0	0	7;2;0;15691	0	0	10	1	1		0			0	0	0	1.00.0000	1.07.0000	1.07.0000	1.07.0000
3488	Lv9閉鎖結晶	ICON_CRYSTAL_017_001		0	0	0		0	2	9	121	0	0	0	0	0	0	0	0	0	0	7;2;0;15692	0	0	10	1	1		0			0	0	0	1.00.0000	1.07.0000	1.07.0000	1.07.0000
3489	Lv9連環結晶	ICON_CRYSTAL_017_001		0	0	0		0	3	9	121	0	0	0	0	0	0	0	0	0	0	7;2;0;15693	0	0	10	1	1		0			0	0	0	1.00.0000	1.07.0000	1.07.0000	1.07.0000
3490	Lv9同心結晶	ICON_CRYSTAL_017_001		0	0	0		0	3	9	121	0	0	0	0	0	0	0	0	0	0	7;2;0;15694	0	0	10	1	1		0			0	0	0	1.00.0000	1.07.0000	1.07.0000	1.07.0000
3491	Lv9邊境結晶	ICON_CRYSTAL_017_001		0	0	0		0	3	9	121	0	0	0	0	0	0	0	0	0	0	7;2;0;15701	0	0	10	1	1		0			0	0	0	1.00.0000	1.07.0000	1.07.0000	1.07.0000
3492	Lv9曠野結晶	ICON_CRYSTAL_017_001		0	0	0		0	3	9	121	0	0	0	0	0	0	0	0	0	0	7;2;0;15702	0	0	10	1	1		0			0	0	0	1.00.0000	1.07.0000	1.07.0000	1.07.0000
3493	Lv9磨煉結晶	ICON_CRYSTAL_016_002		0	0	0		0	1	9	121	0	0	0	0	0	0	0	0	0	0	7;3;0;15703	0	0	10	1	1		0			0	0	0	1.00.0000	1.07.0000	1.07.0000	1.07.0000
3494	Lv9熟悉結晶	ICON_CRYSTAL_016_002		0	0	0		0	1	9	121	0	0	0	0	0	0	0	0	0	0	7;3;0;15704	0	0	10	1	1		0			0	0	0	1.00.0000	1.07.0000	1.07.0000	1.07.0000
3495	Lv9裂縫結晶	ICON_CRYSTAL_016_002		0	0	0		0	1	9	121	0	0	0	0	0	0	0	0	0	0	7;3;0;15705	0	0	10	1	1		0			0	0	0	1.00.0000	1.07.0000	1.07.0000	1.07.0000
3496	Lv9安全結晶	ICON_CRYSTAL_016_002		0	0	0		0	1	9	121	0	0	0	0	0	0	0	0	0	0	7;3;0;15706	0	0	10	1	1		0			0	0	0	1.00.0000	1.07.0000	1.07.0000	1.07.0000
3497	Lv9厚生結晶	ICON_CRYSTAL_016_002		0	0	0		0	1	9	121	0	0	0	0	0	0	0	0	0	0	7;3;0;15707	0	0	10	1	1		0			0	0	0	1.00.0000	1.07.0000	1.07.0000	1.07.0000
3498	Lv9競爭結晶	ICON_CRYSTAL_016_002		0	0	0		0	1	9	121	0	0	0	0	0	0	0	0	0	0	7;3;0;15708	0	0	10	1	1		0			0	0	0	1.00.0000	1.07.0000	1.07.0000	1.07.0000
3499	Lv9平靜結晶	ICON_CRYSTAL_016_002		0	0	0		0	1	9	121	0	0	0	0	0	0	0	0	0	0	7;3;0;15709	0	0	10	1	1		0			0	0	0	1.00.0000	1.07.0000	1.07.0000	1.07.0000
3500	Lv9引導結晶	ICON_CRYSTAL_016_002		0	0	0		0	1	9	121	0	0	0	0	0	0	0	0	0	0	7;3;0;15710	0	0	10	1	1		0			0	0	0	1.00.0000	1.07.0000	1.07.0000	1.07.0000
3501	Lv9平安結晶	ICON_CRYSTAL_017_002		0	0	0		0	2	9	121	0	0	0	0	0	0	0	0	0	0	7;3;0;15713	0	0	10	1	1		0			0	0	0	1.00.0000	1.07.0000	1.07.0000	1.07.0000
3502	Lv9鼓舞結晶	ICON_CRYSTAL_017_002		0	0	0		0	2	9	121	0	0	0	0	0	0	0	0	0	0	7;3;0;15714	0	0	10	1	1		0			0	0	0	1.00.0000	1.07.0000	1.07.0000	1.07.0000
3503	Lv9冷靜結晶	ICON_CRYSTAL_017_002		0	0	0		0	2	9	121	0	0	0	0	0	0	0	0	0	0	7;3;0;15715	0	0	10	1	1		0			0	0	0	1.00.0000	1.07.0000	1.07.0000	1.07.0000
3504	Lv9沉默結晶	ICON_CRYSTAL_017_002		0	0	0		0	2	9	121	0	0	0	0	0	0	0	0	0	0	7;3;0;15716	0	0	10	1	1		0			0	0	0	1.00.0000	1.07.0000	1.07.0000	1.07.0000
3505	Lv9優勢結晶	ICON_CRYSTAL_017_002		0	0	0		0	2	9	121	0	0	0	0	0	0	0	0	0	0	7;3;0;15717	0	0	10	1	1		0			0	0	0	1.00.0000	1.07.0000	1.07.0000	1.07.0000
3506	Lv9夜幕結晶	ICON_CRYSTAL_017_002		0	0	0		0	2	9	121	0	0	0	0	0	0	0	0	0	0	7;3;0;15718	0	0	10	1	1		0			0	0	0	1.00.0000	1.07.0000	1.07.0000	1.07.0000
3507	Lv9希望結晶	ICON_CRYSTAL_017_002		0	0	0		0	3	9	121	0	0	0	0	0	0	0	0	0	0	7;3;0;15733	0	0	10	1	1		0			0	0	0	1.00.0000	1.07.0000	1.07.0000	1.07.0000
3508	Lv9支援結晶	ICON_CRYSTAL_017_002		0	0	0		0	3	9	121	0	0	0	0	0	0	0	0	0	0	7;3;0;15734	0	0	10	1	1		0			0	0	0	1.00.0000	1.07.0000	1.07.0000	1.07.0000
3509	Lv9永恆結晶	ICON_CRYSTAL_017_002		0	0	0		0	3	9	121	0	0	0	0	0	0	0	0	0	0	7;3;0;15735	0	0	10	1	1		0			0	0	0	1.00.0000	1.07.0000	1.07.0000	1.07.0000
3510	Lv9援護結晶	ICON_CRYSTAL_017_002		0	0	0		0	3	9	121	0	0	0	0	0	0	0	0	0	0	7;3;0;15736	0	0	10	1	1		0			0	0	0	1.00.0000	1.07.0000	1.07.0000	1.07.0000
3511	Lv1誘惑結晶	ICON_CRYSTAL_000_002		0	0	0		0	1	1	1	0	0	0	0	0	0	0	0	0	0	7;3;0;15711	0	0	10	1	1		0			0	0	0	1.00.0000	1.07.0000	1.07.0000	1.07.0000
3512	Lv1指示結晶	ICON_CRYSTAL_000_002		0	0	0		0	1	1	1	0	0	0	0	0	0	0	0	0	0	7;3;0;15712	0	0	10	1	1		0			0	0	0	1.00.0000	1.07.0000	1.07.0000	1.07.0000
3513	Lv2誘惑結晶	ICON_CRYSTAL_002_002		0	0	0		0	1	2	31	0	0	0	0	0	0	0	0	0	0	7;3;0;15711	0	0	10	1	1		0			0	0	0	1.00.0000	1.07.0000	1.07.0000	1.07.0000
3514	Lv2指示結晶	ICON_CRYSTAL_002_002		0	0	0		0	1	2	31	0	0	0	0	0	0	0	0	0	0	7;3;0;15712	0	0	10	1	1		0			0	0	0	1.00.0000	1.07.0000	1.07.0000	1.07.0000
3515	Lv3誘惑結晶	ICON_CRYSTAL_004_002		0	0	0		0	1	3	51	0	0	0	0	0	0	0	0	0	0	7;3;0;15711	0	0	10	1	1		0			0	0	0	1.00.0000	1.07.0000	1.07.0000	1.07.0000
3516	Lv3指示結晶	ICON_CRYSTAL_004_002		0	0	0		0	1	3	51	0	0	0	0	0	0	0	0	0	0	7;3;0;15712	0	0	10	1	1		0			0	0	0	1.00.0000	1.07.0000	1.07.0000	1.07.0000
3517	Lv4誘惑結晶	ICON_CRYSTAL_006_002		0	0	0		0	1	4	66	0	0	0	0	0	0	0	0	0	0	7;3;0;15711	0	0	10	1	1		0			0	0	0	1.00.0000	1.07.0000	1.07.0000	1.07.0000
3518	Lv4指示結晶	ICON_CRYSTAL_006_002		0	0	0		0	1	4	66	0	0	0	0	0	0	0	0	0	0	7;3;0;15712	0	0	10	1	1		0			0	0	0	1.00.0000	1.07.0000	1.07.0000	1.07.0000
3519	Lv5誘惑結晶	ICON_CRYSTAL_008_002		0	0	0		0	1	5	81	0	0	0	0	0	0	0	0	0	0	7;3;0;15711	0	0	10	1	1		0			0	0	0	1.00.0000	1.07.0000	1.07.0000	1.07.0000
3520	Lv5指示結晶	ICON_CRYSTAL_008_002		0	0	0		0	1	5	81	0	0	0	0	0	0	0	0	0	0	7;3;0;15712	0	0	10	1	1		0			0	0	0	1.00.0000	1.07.0000	1.07.0000	1.07.0000
3521	Lv6誘惑結晶	ICON_CRYSTAL_010_002		0	0	0		0	1	6	91	0	0	0	0	0	0	0	0	0	0	7;3;0;15711	0	0	10	1	1		0			0	0	0	1.00.0000	1.07.0000	1.07.0000	1.07.0000
3522	Lv6指示結晶	ICON_CRYSTAL_010_002		0	0	0		0	1	6	91	0	0	0	0	0	0	0	0	0	0	7;3;0;15712	0	0	10	1	1		0			0	0	0	1.00.0000	1.07.0000	1.07.0000	1.07.0000
3523	Lv7誘惑結晶	ICON_CRYSTAL_012_002		0	0	0		0	1	7	101	0	0	0	0	0	0	0	0	0	0	7;3;0;15711	0	0	10	1	1		0			0	0	0	1.00.0000	1.07.0000	1.07.0000	1.07.0000
3524	Lv7指示結晶	ICON_CRYSTAL_012_002		0	0	0		0	1	7	101	0	0	0	0	0	0	0	0	0	0	7;3;0;15712	0	0	10	1	1		0			0	0	0	1.00.0000	1.07.0000	1.07.0000	1.07.0000
3525	Lv8誘惑結晶	ICON_CRYSTAL_014_002		0	0	0		0	1	8	111	0	0	0	0	0	0	0	0	0	0	7;3;0;15711	0	0	10	1	1		0			0	0	0	1.00.0000	1.07.0000	1.07.0000	1.07.0000
3526	Lv8指示結晶	ICON_CRYSTAL_014_002		0	0	0		0	1	8	111	0	0	0	0	0	0	0	0	0	0	7;3;0;15712	0	0	10	1	1		0			0	0	0	1.00.0000	1.07.0000	1.07.0000	1.07.0000
3527	Lv9誘惑結晶	ICON_CRYSTAL_016_002		0	0	0		0	1	9	121	0	0	0	0	0	0	0	0	0	0	7;3;0;15711	0	0	10	1	1		0			0	0	0	1.00.0000	1.07.0000	1.07.0000	1.07.0000
3528	Lv9指示結晶	ICON_CRYSTAL_016_002		0	0	0		0	1	9	121	0	0	0	0	0	0	0	0	0	0	7;3;0;15712	0	0	10	1	1		0			0	0	0	1.00.0000	1.07.0000	1.07.0000	1.07.0000
4901	原罪之力_貪婪	ICON_CRYSTAL_101_000		0	0	0		10	4	8	1	0	0	0	0	0	0	0	0	0	0	7;3;0;17001	0	0	10	1	1		0		1201	1	0	0	OUT	1.09.0000	1.09.0000	1.09.0000
4902	原罪之力_貪婪	ICON_CRYSTAL_101_000		0	0	0		10	4	8	1	0	0	0	0	0	0	0	0	0	0	7;3;0;17002	0	0	10	1	1		0		1201	1	0	0	OUT	1.09.0000	1.09.0000	1.09.0000
5001	瓜娃猜猜樂	ICON_DOCUMENT_011_000		0	0	0		0	1	1	1	0	0	0	0	0	0	0	0	0	0		97	0	10	1	25		0			0	0	0	1.00.0000	1.07.0000	1.07.0000	1.07.0000
5501	靈魂旅伴指南（女用）	ICON_MAP_001_000		0	0	0		15	1	1	0	2	0	0	0	0	0	0	0	0	0		5501	0	10	1	1		0			0	0	0	1.00.0000	1.07.0000	1.07.0000	1.07.0000
5502	靈魂旅伴指南（男用）	ICON_MAP_001_000		0	0	0		12	1	1	41	1	0	0	0	0	0	0	0	0	0		5502	0	10	1	1		0			0	0	0	1.00.0000	1.07.0000	1.07.0000	1.07.0000
5503	原罪魔石	IB015		0	0	0		0	2	1	0	0	0	0	0	0	0	0	0	0	0		0	0	10	1	25		0			0	0	0	1.05.0000	1.07.0000	1.07.0000	1.07.0000
5511	胡爾摩斯望遠鏡	ICON_Collect_Treasure_019_001		0	0	0		55	1	1	0	0	0	0	0	0	0	0	0	0	0		5503	0	10	1	1		0			0	0	0	1.00.0000	1.07.0000	1.07.0000	1.07.0000
5512	胡爾摩斯望遠鏡	ICON_Collect_Treasure_019_001		0	0	0		55	1	1	0	0	0	0	0	0	0	0	0	0	0		5504	0	10	1	1		0			0	0	0	1.00.0000	1.07.0000	1.07.0000	1.07.0000
5513	胡爾摩斯望遠鏡	ICON_Collect_Treasure_019_001		0	0	0		55	1	1	0	0	0	0	0	0	0	0	0	0	0		5505	0	10	1	1		0			0	0	0	1.00.0000	1.07.0000	1.07.0000	1.07.0000
5514	胡爾摩斯望遠鏡	ICON_Collect_Treasure_019_001		0	0	0		55	1	1	0	0	0	0	0	0	0	0	0	0	0		5506	0	10	1	1		0			0	0	0	1.00.0000	1.07.0000	1.07.0000	1.07.0000
5515	胡爾摩斯望遠鏡	ICON_Collect_Treasure_019_001		0	0	0		55	1	1	0	0	0	0	0	0	0	0	0	0	0		5507	0	10	1	1		0			0	0	0	1.00.0000	1.07.0000	1.07.0000	1.07.0000
5516	海賊航海圖	ICON_MAP_000_000		0	0	0		55	1	1	0	0	0	0	0	0	0	0	0	0	0		5508	0	10	1	1		0			0	0	0	1.03.0000	1.07.0000	1.07.0000	1.07.0000
5517	惡魔碎牙	ICON_MISSION_047_000		0	0	0		0	1	1	0	0	0	0	0	0	0	0	0	0	0		0	0	10	1	25		0			0	0	0	1.10.0000	1.07.0000	1.07.0000	1.07.0000
5518	巨神兵之心	ICON_MISSION_057_000		0	0	0		0	1	1	0	0	0	0	0	0	0	0	0	0	0		0	0	10	1	25		0			0	0	0	1.10.0000	1.07.0000	1.07.0000	1.07.0000
5521	武士之道：誠之卷	ICON_OTHERS_004_001		0	0	0		55	1	1	48	0	0	0	0	0	0	0	0	0	0		5510	0	10	1	1		0			0	0	0	1.04.0000	1.07.0000	1.07.0000	1.07.0000
5522	武士之道：名之卷	ICON_OTHERS_004_001		0	0	0		55	1	1	48	0	0	0	0	0	0	0	0	0	0		5511	0	10	1	1		0			0	0	0	1.04.0000	1.07.0000	1.07.0000	1.07.0000
5523	武士之道：忠之卷	ICON_OTHERS_004_001		0	0	0		55	1	1	48	0	0	0	0	0	0	0	0	0	0		5512	0	10	1	1		0			0	0	0	1.04.0000	1.07.0000	1.07.0000	1.07.0000
5524	武士之道：克之卷	ICON_OTHERS_004_001		0	0	0		55	1	1	48	0	0	0	0	0	0	0	0	0	0		5513	0	10	1	1		0			0	0	0	1.04.0000	1.07.0000	1.07.0000	1.07.0000
5525	餓狼魂：狩之章	ICON_OTHERS_004_002		0	0	0		55	1	1	48	0	0	0	0	0	0	0	0	0	0		5514	0	10	1	1		0			0	0	0	1.04.0000	1.07.0000	1.07.0000	1.07.0000
5526	餓狼魂：獵之章	ICON_OTHERS_004_002		0	0	0		55	1	1	48	0	0	0	0	0	0	0	0	0	0		5515	0	10	1	1		0			0	0	0	1.04.0000	1.07.0000	1.07.0000	1.07.0000
5527	餓狼魂：狂之章	ICON_OTHERS_004_002		0	0	0		55	1	1	48	0	0	0	0	0	0	0	0	0	0		5516	0	10	1	1		0			0	0	0	1.04.0000	1.07.0000	1.07.0000	1.07.0000
5528	餓狼魂：亂之章	ICON_OTHERS_004_002		0	0	0		55	1	1	48	0	0	0	0	0	0	0	0	0	0		5517	0	10	1	1		0			0	0	0	1.04.0000	1.07.0000	1.07.0000	1.07.0000
5529	餓狼魂：凶之章	ICON_OTHERS_004_002		0	0	0		55	1	1	48	0	0	0	0	0	0	0	0	0	0		5518	0	10	1	1		0			0	0	0	1.04.0000	1.07.0000	1.07.0000	1.07.0000
5530	餓狼魂：惡之章	ICON_OTHERS_004_002		0	0	0		55	1	1	48	0	0	0	0	0	0	0	0	0	0		5527	0	10	1	1		0			0	0	0	1.04.0000	1.07.0000	1.07.0000	1.07.0000
5531	餓狼魂：暴之章	ICON_OTHERS_004_002		0	0	0		55	1	1	48	0	0	0	0	0	0	0	0	0	0		5520	0	10	1	1		0			0	0	0	1.04.0000	1.07.0000	1.07.0000	1.07.0000
5532	餓狼魂：戾之章	ICON_OTHERS_004_002		0	0	0		55	1	1	48	0	0	0	0	0	0	0	0	0	0		5521	0	10	1	1		0			0	0	0	1.04.0000	1.07.0000	1.07.0000	1.07.0000
5533	餓狼魂：自由之章	ICON_OTHERS_004_002		0	0	0		55	1	1	48	0	0	0	0	0	0	0	0	0	0		5522	0	10	1	1		0			0	0	0	1.04.0000	1.07.0000	1.07.0000	1.07.0000
5534	真情紅玫瑰	ICON_FLOWER_000_000		0	0	0		13	1	1	30	0	0	0	0	0	0	0	0	0	0		5523	0	10	1	1		0			0	0	0	1.04.0000	1.07.0000	1.07.0000	1.07.0000
5535	誠心白百合	ICON_MISSION_063_002		0	0	0		13	1	1	30	0	0	0	0	0	0	0	0	0	0		5524	0	10	1	1		0			0	0	0	1.04.0000	1.07.0000	1.07.0000	1.07.0000
5536	旅伴考驗挑戰書	ICON_DOCUMENT_000_000		0	0	0		55	1	1	40	0	0	0	0	0	0	0	0	0	0		5525	0	10	1	1		0			0	0	0	1.04.0000	1.07.0000	1.07.0000	1.07.0000
5537	旅伴試煉挑戰書	ICON_DOCUMENT_001_000		0	0	0		55	1	1	40	0	0	0	0	0	0	0	0	0	0		5526	0	10	1	1		0			0	0	0	1.04.0000	1.07.0000	1.07.0000	1.07.0000
5538	餓狼魂：爭之章	ICON_OTHERS_004_002		0	0	0		55	1	1	48	0	0	0	0	0	0	0	0	0	0		5528	0	10	1	1		0			0	0	0	1.04.0000	1.07.0000	1.07.0000	1.07.0000
5539	餓狼魂：鬥之章	ICON_OTHERS_004_002		0	0	0		55	1	1	48	0	0	0	0	0	0	0	0	0	0		5529	0	10	1	1		0			0	0	0	1.04.0000	1.07.0000	1.07.0000	1.07.0000
5540	給聖誕老人的信	ICON_DOCUMENT_000_000		0	0	0		55	1	1	0	0	0	0	0	0	0	0	0	0	0		5530	0	10	1	1	1;10800	0			0	0	0	1.11.0000	1.07.0000	1.07.0000	1.07.0000
5541	濃情巧克力	ICON_FOOD_004_001		0	0	0		55	1	1	0	0	0	0	0	0	0	0	0	0	0		5531	0	10	1	1		0			0	0	0	1.13.0000	1.07.0000	1.07.0000	1.07.0000
5542	牛奶巧克力	ICON_FOOD_004_000		0	0	0		55	1	1	0	0	0	0	0	0	0	0	0	0	0		5532	0	10	1	1		0			0	0	0	1.13.0000	1.07.0000	1.07.0000	1.07.0000
5543	成熟黑巧克力	ICON_BOX_001_001		0	0	0		55	1	1	0	0	0	0	0	0	0	0	0	0	0		5533	0	10	1	1		0			0	0	0	1.13.0000	1.07.0000	1.07.0000	1.07.0000
5544	巧克力軟糖	ICON_FOOD_005_001		0	0	0		55	1	1	0	0	0	0	0	0	0	0	0	0	0		5534	0	10	1	1		0			0	0	0	1.13.0000	1.07.0000	1.07.0000	1.07.0000
5545	酒心巧克力	ICON_FOOD_005_000		0	0	0		55	1	1	0	0	0	0	0	0	0	0	0	0	0		5535	0	10	1	1		0			0	0	0	1.13.0000	1.07.0000	1.07.0000	1.07.0000
5601	審判之槌祕寶線索	ICON_DOCUMENT_005_000		0	0	0		15	1	1	46	0	0	0	0	0	0	0	0	0	0		5601	0	10	1	1		0			0	0	0	1.00.0000	1.07.0000	1.07.0000	1.07.0000
5602	海神僕役祕寶線索	ICON_DOCUMENT_005_000		0	0	0		15	1	1	80	0	0	0	0	0	0	0	0	0	0		5602	0	10	1	1		0			0	0	0	1.00.0000	1.07.0000	1.07.0000	1.07.0000
5603	安錫恩之握祕寶線索	ICON_DOCUMENT_005_000		0	0	0		15	1	1	90	0	0	0	0	0	0	0	0	0	0		5603	0	10	1	1		0			0	0	0	1.03.0000	1.07.0000	1.07.0000	1.07.0000
5604	莉迪娜之旋律祕寶線索	ICON_DOCUMENT_005_000		0	0	0		15	1	1	110	0	0	0	0	0	0	0	0	0	0		5604	0	10	1	1		0			0	0	0	1.03.0000	1.07.0000	1.07.0000	1.07.0000
5605	秘寶獵人包包祕寶線索	ICON_DOCUMENT_005_000		0	0	0		15	1	1	115	0	0	0	0	0	0	0	0	0	0		5605	0	10	1	1		0			0	0	0	1.03.0000	1.07.0000	1.07.0000	1.07.0000
5606	夜魔獠牙祕寶線索	ICON_DOCUMENT_005_000		0	0	0		15	1	1	120	0	0	0	0	0	0	0	0	0	0		5606	0	10	1	1		0			0	0	0	1.03.0000	1.07.0000	1.07.0000	1.07.0000
5607	突襲艇鑰匙祕寶線索	ICON_DOCUMENT_005_000		0	0	0		15	1	1	120	0	0	0	0	0	0	0	0	0	0		5607	0	10	1	1		0			0	0	0	1.03.0000	1.07.0000	1.07.0000	1.07.0000
5608	審判者之證祕寶線索	ICON_DOCUMENT_005_000		0	0	0		15	1	1	120	0	0	0	0	0	0	0	0	0	0		5608	0	10	1	1		0			0	0	0	1.03.0000	1.07.0000	1.07.0000	1.07.0000
5609	海神儀祕寶線索	ICON_Collect_Treasure_050_000		0	0	0		15	1	1	105	0	0	0	0	0	0	0	0	0	0		5609	0	10	1	1		0			0	0	0	1.10.0000	1.07.0000	1.07.0000	1.07.0000
5610	旅伴驚奇冒險	ICON_FLOWER_000_000		0	0	0		55	1	1	41	0	0	0	0	0	0	0	0	0	0		5610	0	10	1	1	1;3600	0			0	0	0	1.10.0000	1.07.0000	1.07.0000	1.07.0000
5611	旅伴驚奇冒險	ICON_FLOWER_000_000		0	0	0		55	1	1	41	0	0	0	0	0	0	0	0	0	0		5611	0	10	1	1	1;3600	0			0	0	0	1.10.0000	1.07.0000	1.07.0000	1.07.0000
5612	旅伴驚奇冒險	ICON_FLOWER_000_000		0	0	0		55	1	1	41	0	0	0	0	0	0	0	0	0	0		5612	0	10	1	1	1;3600	0			0	0	0	1.10.0000	1.07.0000	1.07.0000	1.07.0000
5613	旅伴驚奇冒險	ICON_FLOWER_000_000		0	0	0		55	1	1	41	0	0	0	0	0	0	0	0	0	0		5613	0	10	1	1	1;3600	0			0	0	0	1.10.0000	1.07.0000	1.07.0000	1.07.0000
6002	米辜	ICON_PM027_000_001		0	0	0		0	1	1	0	0	0	0	0	0	0	0	0	0	0	35;1	0	105	10	1	1		0			1	0	0	1.03.0000	1.07.0000	1.07.0000	1.07.0000
6004	艾娃	ICON_PM027_001_000		0	0	0		0	1	1	0	0	0	0	0	0	0	0	0	0	0	35;11	0	105	10	1	1		0			1	0	0	1.03.0000	1.07.0000	1.07.0000	1.07.0000
6007	咕寶	ICON_PM024_000_000		0	0	0		0	1	1	0	0	0	0	0	0	0	0	0	0	0	35;2	0	105	10	1	1		0			1	0	0	1.00.0000	1.07.0000	1.07.0000	1.07.0000
6021	那魯薩斯	ICON_PM023_001_001		0	0	0		0	1	1	0	0	0	0	0	0	0	0	0	0	0	35;3	0	105	10	1	1		0			1	0	0	1.00.0000	1.07.0000	1.07.0000	1.07.0000
6024	凱爾	ICON_PM029_001_000		0	0	0		0	1	1	0	0	0	0	0	0	0	0	0	0	0	35;4	0	105	10	1	1		0			1	0	0	1.00.0000	1.07.0000	1.07.0000	1.07.0000
6030	兔娜	ICON_PM019_001_000		0	0	0		0	1	1	0	0	0	0	0	0	0	0	0	0	0	35;6	0	105	10	1	1		0			1	0	0	1.00.0000	1.07.0000	1.07.0000	1.07.0000
6033	克羅艾斯	ICON_PS001_000_000		0	0	0		0	1	1	0	0	0	0	0	0	0	0	0	0	0	35;8	0	105	10	1	1		0			1	0	0	1.03.0000	1.07.0000	1.07.0000	1.07.0000
6034	奧利薇	ICON_PS002_000_000		0	0	0		0	2	1	0	0	0	0	0	0	0	0	0	0	0	35;9	0	105	10	1	1		0			1	0	0	1.00.0000	1.07.0000	1.07.0000	1.07.0000
6035	伊莉莎白	ICON_PS003_000_000		0	0	0		0	2	1	0	0	0	0	0	0	0	0	0	0	0	35;10	0	105	10	1	1		0			1	0	0	1.00.0000	1.07.0000	1.07.0000	1.07.0000
6043	炎玉子	ICON_PM015_000_004		0	0	0		0	1	1	0	0	0	0	0	0	0	0	0	0	0	35;5	0	105	10	1	1		0			1	0	0	1.03.0000	1.07.0000	1.07.0000	1.07.0000
6044	海雷丁	ICON_PM017_000_000		0	0	0		0	1	1	0	0	0	0	0	0	0	0	0	0	0	35;7	0	105	10	1	1		0			1	0	0	1.03.0000	1.07.0000	1.07.0000	1.07.0000
6045	奧德賽	ICON_PM009_000_000		0	0	0		0	2	1	0	0	0	0	0	0	0	0	0	0	0	35;12	0	105	10	1	1		0			1	0	0	1.03.0000	1.07.0000	1.07.0000	1.07.0000
6046	飛天黃鴨	ICON_PM020_003_000		0	0	0		0	2	1	0	0	0	0	0	0	0	0	0	0	0	35;13	0	105	10	1	1		0			1	0	0	OUT	1.20.0000	OUT	1.20.0000
6101	威兒沃爾夫	ICON_PM001_002_000		0	0	0		0	1	1	0	0	0	0	0	0	0	0	0	0	0	35;101	0	105	10	1	1		0			0	0	0	OUT	1.08.0000	1.08.0000	1.08.0000
6201	伊莉莎白(聖誕)	ICON_PS003_000_001		0	0	0		0	2	1	0	0	0	0	0	0	0	0	0	0	0	35;201	0	105	10	1	1		0			1	0	0	1.40.0000	1.40.0000	1.40.0000	1.40.0000
6999	不知名船員	ICON_NULL		0	0	0		0	2	1	0	0	0	0	0	0	0	0	0	0	0	35;201	0	105	10	2	1		0			0	0	0	0.00.0000	0.00.0000	1.40.0000	1.40.0000
7001	海狗	ICON_PM000_000_000		0	0	0		0	1	1	0	0	0	0	0	0	0	0	0	0	0	35;1001	0	106	10	1	1		0			0	0	0	1.00.0000	1.07.0000	1.07.0000	1.07.0000
7002	土砂狼	ICON_PM000_000_001		0	0	0		0	1	1	0	0	0	0	0	0	0	0	0	0	0	35;1002	0	106	10	1	1		0			0	0	0	1.00.0000	1.07.0000	1.07.0000	1.07.0000
7003	盲眼獵犬	ICON_PM000_000_002		0	0	0		0	1	1	0	0	0	0	0	0	0	0	0	0	0	35;1003	0	106	10	1	1		0			0	0	0	1.00.0000	1.07.0000	1.07.0000	1.07.0000
7004	異域魔犬	ICON_PM000_001_000		0	0	0		0	1	1	0	0	0	0	0	0	0	0	0	0	0	35;1004	0	106	10	1	1		0			0	0	0	1.00.0000	1.07.0000	1.07.0000	1.07.0000
7005	紅焰魔犬	ICON_PM000_001_001		0	0	0		0	1	1	0	0	0	0	0	0	0	0	0	0	0	35;1005	0	106	10	1	1		0			0	0	0	1.00.0000	1.07.0000	1.07.0000	1.07.0000
7006	雙角虎	ICON_PM002_000_000		0	0	0		0	1	1	0	0	0	0	0	0	0	0	0	0	0	35;1006	0	106	10	1	1		0			0	0	0	1.00.0000	1.07.0000	1.07.0000	1.07.0000
7007	紫焰獅	ICON_PM002_000_001		0	0	0		0	1	1	0	0	0	0	0	0	0	0	0	0	0	35;1007	0	106	10	1	1		0			0	0	0	1.00.0000	1.07.0000	1.07.0000	1.07.0000
7008	密林虎	ICON_PM002_000_002		0	0	0		0	1	1	0	0	0	0	0	0	0	0	0	0	0	35;1008	0	106	10	1	1		0			0	0	0	1.00.0000	1.07.0000	1.07.0000	1.07.0000
7009	黑炙獅	ICON_PM002_001_000		0	0	0		0	1	1	0	0	0	0	0	0	0	0	0	0	0	35;1009	0	106	10	1	1		0			0	0	0	1.00.0000	1.07.0000	1.07.0000	1.07.0000
7010	魔海藍虎	ICON_PM002_002_000		0	0	0		0	1	1	0	0	0	0	0	0	0	0	0	0	0	35;1010	0	106	10	1	1		0			0	0	0	1.00.0000	1.07.0000	1.07.0000	1.07.0000
7011	尼德金剛	ICON_PM003_000_000		0	0	0		0	1	1	0	0	0	0	0	0	0	0	0	0	0	35;1011	0	106	10	1	1		0			0	0	0	1.00.0000	1.07.0000	1.07.0000	1.07.0000
7012	極地猿	ICON_PM003_000_001		0	0	0		0	1	1	0	0	0	0	0	0	0	0	0	0	0	35;1012	0	106	10	1	1		0			0	0	0	1.00.0000	1.07.0000	1.07.0000	1.07.0000
7013	狂暴黑猿	ICON_PM003_000_002		0	0	0		0	1	1	0	0	0	0	0	0	0	0	0	0	0	35;1013	0	106	10	1	1		0			0	0	0	1.00.0000	1.07.0000	1.07.0000	1.07.0000
7014	地獄金剛	ICON_PM003_000_003		0	0	0		0	1	1	0	0	0	0	0	0	0	0	0	0	0	35;1014	0	106	10	1	1		0			0	0	0	1.00.0000	1.07.0000	1.07.0000	1.07.0000
7015	沃德金剛	ICON_PM003_001_000		0	0	0		0	1	1	0	0	0	0	0	0	0	0	0	0	0	35;1015	0	106	10	1	1		0			0	0	0	1.00.0000	1.07.0000	1.07.0000	1.07.0000
7016	殭屍狒狒	ICON_PM003_001_001		0	0	0		0	1	1	0	0	0	0	0	0	0	0	0	0	0	35;1016	0	106	10	1	1		0			0	0	0	1.00.0000	1.07.0000	1.07.0000	1.07.0000
7017	綠林魔花	ICON_PM004_000_000		0	0	0		0	1	1	0	0	0	0	0	0	0	0	0	0	0	35;1017	0	106	10	1	1		0			0	0	0	1.00.0000	1.07.0000	1.07.0000	1.07.0000
7018	烈焰魔藤	ICON_PM004_000_001		0	0	0		0	1	1	0	0	0	0	0	0	0	0	0	0	0	35;1018	0	106	10	1	1		0			0	0	0	1.00.0000	1.07.0000	1.07.0000	1.07.0000
7019	劇毒魔藤	ICON_PM004_000_002		0	0	0		0	1	1	0	0	0	0	0	0	0	0	0	0	0	35;1019	0	106	10	1	1		0			0	0	0	1.00.0000	1.07.0000	1.07.0000	1.07.0000
7020	末日狂花	ICON_PM004_000_003		0	0	0		0	1	1	0	0	0	0	0	0	0	0	0	0	0	35;1020	0	106	10	1	1		0			0	0	0	1.00.0000	1.07.0000	1.07.0000	1.07.0000
7021	魅惑魔藤	ICON_PM004_000_004		0	0	0		0	1	1	0	0	0	0	0	0	0	0	0	0	0	35;1021	0	106	10	1	1		0			0	0	0	1.00.0000	1.07.0000	1.07.0000	1.07.0000
7022	山地鹿	ICON_PM005_000_000		0	0	0		0	1	1	0	0	0	0	0	0	0	0	0	0	0	35;1022	0	106	10	1	1		0			0	0	0	1.00.0000	1.07.0000	1.07.0000	1.07.0000
7023	電光羚羊	ICON_PM005_000_001		0	0	0		0	1	1	0	0	0	0	0	0	0	0	0	0	0	35;1023	0	106	10	1	1		0			0	0	0	1.00.0000	1.07.0000	1.07.0000	1.07.0000
7024	炎山鹿	ICON_PM005_000_002		0	0	0		0	1	1	0	0	0	0	0	0	0	0	0	0	0	35;1024	0	106	10	1	1		0			0	0	0	1.00.0000	1.07.0000	1.07.0000	1.07.0000
7025	極地鹿	ICON_PM005_000_003		0	0	0		0	1	1	0	0	0	0	0	0	0	0	0	0	0	35;1025	0	106	10	1	1		0			0	0	0	1.00.0000	1.07.0000	1.07.0000	1.07.0000
7026	草原鹿	ICON_PM005_000_004		0	0	0		0	1	1	0	0	0	0	0	0	0	0	0	0	0	35;1026	0	106	10	1	1		0			0	0	0	1.00.0000	1.07.0000	1.07.0000	1.07.0000
7027	夢魘羊角獸	ICON_PM005_001_000		0	0	0		0	1	1	0	0	0	0	0	0	0	0	0	0	0	35;1027	0	106	10	1	1		0			0	0	0	1.00.0000	1.07.0000	1.07.0000	1.07.0000
7028	岩龜	ICON_PM006_000_000		0	0	0		0	1	1	0	0	0	0	0	0	0	0	0	0	0	35;1028	0	106	10	1	1		0			0	0	0	1.00.0000	1.07.0000	1.07.0000	1.07.0000
7029	土砂龍	ICON_PM006_000_001		0	0	0		0	1	1	0	0	0	0	0	0	0	0	0	0	0	35;1029	0	106	10	1	1		0			0	0	0	1.00.0000	1.07.0000	1.07.0000	1.07.0000
7030	紫龍龜	ICON_PM006_000_002		0	0	0		0	1	1	0	0	0	0	0	0	0	0	0	0	0	35;1030	0	106	10	1	1		0			0	0	0	1.00.0000	1.07.0000	1.07.0000	1.07.0000
7031	土炎龍	ICON_PM006_001_000		0	0	0		0	1	1	0	0	0	0	0	0	0	0	0	0	0	35;1031	0	106	10	1	1		0			0	0	0	1.00.0000	1.07.0000	1.07.0000	1.07.0000
7032	沼澤陸龜	ICON_PM006_001_001		0	0	0		0	1	1	0	0	0	0	0	0	0	0	0	0	0	35;1032	0	106	10	1	1		0			0	0	0	1.00.0000	1.07.0000	1.07.0000	1.07.0000
7033	冰山海龜	ICON_PM006_001_002		0	0	0		0	1	1	0	0	0	0	0	0	0	0	0	0	0	35;1033	0	106	10	1	1		0			0	0	0	1.00.0000	1.07.0000	1.07.0000	1.07.0000
7034	荒漠鷹	ICON_PM011_000_000		0	0	0		0	1	1	0	0	0	0	0	0	0	0	0	0	0	35;1034	0	106	10	1	1		0			0	0	0	1.00.0000	1.07.0000	1.07.0000	1.07.0000
7035	血紅鷹	ICON_PM011_000_001		0	0	0		0	1	1	0	0	0	0	0	0	0	0	0	0	0	35;1035	0	106	10	1	1		0			0	0	0	1.00.0000	1.07.0000	1.07.0000	1.07.0000
7036	森林綠鷲	ICON_PM011_000_002		0	0	0		0	1	1	0	0	0	0	0	0	0	0	0	0	0	35;1036	0	106	10	1	1		0			0	0	0	1.00.0000	1.07.0000	1.07.0000	1.07.0000
7037	利刃黑鷹	ICON_PM011_001_000		0	0	0		0	1	1	0	0	0	0	0	0	0	0	0	0	0	35;1037	0	106	10	1	1		0			0	0	0	1.00.0000	1.07.0000	1.07.0000	1.07.0000
7038	鋼刃飛鷹	ICON_PM011_001_001		0	0	0		0	1	1	0	0	0	0	0	0	0	0	0	0	0	35;1038	0	106	10	1	1		0			0	0	0	1.00.0000	1.07.0000	1.07.0000	1.07.0000
7039	啾可菈	ICON_PM013_000_000		0	0	0		0	1	1	0	0	0	0	0	0	0	0	0	0	0	35;1039	0	106	10	1	1		0			0	0	0	1.00.0000	1.07.0000	1.07.0000	1.07.0000
7040	野莓比比	ICON_PM013_000_001		0	0	0		0	1	1	0	0	0	0	0	0	0	0	0	0	0	35;1040	0	106	10	1	1		0			0	0	0	1.00.0000	1.07.0000	1.07.0000	1.07.0000
7041	飛行鼠藍寶	ICON_PM013_000_002		0	0	0		0	1	1	0	0	0	0	0	0	0	0	0	0	0	35;1041	0	106	10	1	1		0			0	0	0	1.00.0000	1.07.0000	1.07.0000	1.07.0000
7042	遺跡比比	ICON_PM013_001_000		0	0	0		0	1	1	0	0	0	0	0	0	0	0	0	0	0	35;1042	0	106	10	1	1		0			0	0	0	1.00.0000	1.07.0000	1.07.0000	1.07.0000
7043	結晶比比	ICON_PM013_001_001		0	0	0		0	1	1	0	0	0	0	0	0	0	0	0	0	0	35;1043	0	106	10	1	1		0			0	0	0	1.00.0000	1.07.0000	1.07.0000	1.07.0000
7044	海軍二足機甲	ICON_PM018_000_000		0	0	0		0	1	1	0	0	0	0	0	0	0	0	0	0	0	35;1044	0	106	10	1	1		0			0	0	0	1.00.0000	1.07.0000	1.07.0000	1.07.0000
7045	護城機甲	ICON_PM018_000_001		0	0	0		0	1	1	0	0	0	0	0	0	0	0	0	0	0	35;1045	0	106	10	1	1		0			0	0	0	1.00.0000	1.07.0000	1.07.0000	1.07.0000
7046	海軍虎式機甲	ICON_PM018_000_002		0	0	0		0	1	1	0	0	0	0	0	0	0	0	0	0	0	35;1046	0	106	10	1	1		0			0	0	0	1.00.0000	1.07.0000	1.07.0000	1.07.0000
7047	海盜閃擊機甲	ICON_PM018_001_000		0	0	0		0	1	1	0	0	0	0	0	0	0	0	0	0	0	35;1047	0	106	10	1	1		0			0	0	0	1.00.0000	1.07.0000	1.07.0000	1.07.0000
7048	空賊流星機甲	ICON_PM018_001_001		0	0	0		0	1	1	0	0	0	0	0	0	0	0	0	0	0	35;1048	0	106	10	1	1		0			0	0	0	1.00.0000	1.07.0000	1.07.0000	1.07.0000
7049	海軍火槍機甲	ICON_PM018_002_000		0	0	0		0	1	1	0	0	0	0	0	0	0	0	0	0	0	35;1049	0	106	10	1	1		0			0	0	0	1.00.0000	1.07.0000	1.07.0000	1.07.0000
7050	火光眼蟲	ICON_PM020_000_000		0	0	0		0	1	1	0	0	0	0	0	0	0	0	0	0	0	35;1050	0	106	10	1	1		0			0	0	0	1.00.0000	1.07.0000	1.07.0000	1.07.0000
7051	硬皮骨魚	ICON_PM020_000_001		0	0	0		0	1	1	0	0	0	0	0	0	0	0	0	0	0	35;1051	0	106	10	1	1		0			0	0	0	1.00.0000	1.07.0000	1.07.0000	1.07.0000
7052	翡翠眼蟲	ICON_PM020_000_002		0	0	0		0	1	1	0	0	0	0	0	0	0	0	0	0	0	35;1052	0	106	10	1	1		0			0	0	0	1.00.0000	1.07.0000	1.07.0000	1.07.0000
7053	克雷格火鳥	ICON_PM020_001_000		0	0	0		0	1	1	0	0	0	0	0	0	0	0	0	0	0	35;1053	0	106	10	1	1		0			0	0	0	1.00.0000	1.07.0000	1.07.0000	1.07.0000
7054	不祥青鳥	ICON_PM020_001_001		0	0	0		0	1	1	0	0	0	0	0	0	0	0	0	0	0	35;1054	0	106	10	1	1		0			0	0	0	1.00.0000	1.07.0000	1.07.0000	1.07.0000
7055	天使綿羊	ICON_PM020_002_000		0	0	0		0	1	1	0	0	0	0	0	0	0	0	0	0	0	35;1055	0	106	10	1	1		0			0	0	0	1.00.0000	1.07.0000	1.07.0000	1.07.0000
7056	湛藍海蛇	ICON_PM021_000_000		0	0	0		0	1	1	0	0	0	0	0	0	0	0	0	0	0	35;1056	0	106	10	1	1		0			0	0	0	1.00.0000	1.07.0000	1.07.0000	1.07.0000
7057	毒藤尖角蛇	ICON_PM021_000_001		0	0	0		0	1	1	0	0	0	0	0	0	0	0	0	0	0	35;1057	0	106	10	1	1		0			0	0	0	1.00.0000	1.07.0000	1.07.0000	1.07.0000
7058	紅焰爬行者	ICON_PM021_000_002		0	0	0		0	1	1	0	0	0	0	0	0	0	0	0	0	0	35;1058	0	106	10	1	1		0			0	0	0	1.00.0000	1.07.0000	1.07.0000	1.07.0000
7059	魅影妖蛇	ICON_PM021_001_000		0	0	0		0	1	1	0	0	0	0	0	0	0	0	0	0	0	35;1059	0	106	10	1	1		0			0	0	0	1.00.0000	1.07.0000	1.07.0000	1.07.0000
7060	聖殿蛇后	ICON_PM021_001_001		0	0	0		0	1	1	0	0	0	0	0	0	0	0	0	0	0	35;1060	0	106	10	1	1		0			0	0	0	1.00.0000	1.07.0000	1.07.0000	1.07.0000
7061	呱蝸	ICON_PM025_000_000		0	0	0		0	1	1	0	0	0	0	0	0	0	0	0	0	0	35;1061	0	106	10	1	1		0			0	0	0	1.00.0000	1.07.0000	1.07.0000	1.07.0000
7062	深海蝸蝓	ICON_PM025_000_001		0	0	0		0	1	1	0	0	0	0	0	0	0	0	0	0	0	35;1062	0	106	10	1	1		0			0	0	0	1.00.0000	1.07.0000	1.07.0000	1.07.0000
7063	閃光呱蝸	ICON_PM025_000_002		0	0	0		0	1	1	0	0	0	0	0	0	0	0	0	0	0	35;1063	0	106	10	1	1		0			0	0	0	1.00.0000	1.07.0000	1.07.0000	1.07.0000
7064	鬥魚兵	ICON_PM025_001_000		0	0	0		0	1	1	0	0	0	0	0	0	0	0	0	0	0	35;1064	0	106	10	1	1		0			0	0	0	1.00.0000	1.07.0000	1.07.0000	1.07.0000
7065	紳士鴨嘴獸	ICON_PM025_002_000		0	0	0		0	1	1	0	0	0	0	0	0	0	0	0	0	0	35;1065	0	106	10	1	1		0			0	0	0	1.00.0000	1.07.0000	1.07.0000	1.07.0000
7066	巨鐮甲蟲	ICON_PM028_000_000		0	0	0		0	1	1	0	0	0	0	0	0	0	0	0	0	0	35;1066	0	106	10	1	1		0			0	0	0	1.00.0000	1.07.0000	1.07.0000	1.07.0000
7067	聖雷甲蟲	ICON_PM028_000_001		0	0	0		0	1	1	0	0	0	0	0	0	0	0	0	0	0	35;1067	0	106	10	1	1		0			0	0	0	1.00.0000	1.07.0000	1.07.0000	1.07.0000
7068	藍光甲蟲	ICON_PM028_000_002		0	0	0		0	1	1	0	0	0	0	0	0	0	0	0	0	0	35;1068	0	106	10	1	1		0			0	0	0	1.00.0000	1.07.0000	1.07.0000	1.07.0000
7069	刺錘蜂	ICON_PM028_001_000		0	0	0		0	1	1	0	0	0	0	0	0	0	0	0	0	0	35;1069	0	106	10	1	1		0			0	0	0	1.00.0000	1.07.0000	1.07.0000	1.07.0000
7070	紅血蜂	ICON_PM028_001_001		0	0	0		0	1	1	0	0	0	0	0	0	0	0	0	0	0	35;1070	0	106	10	1	1		0			0	0	0	1.00.0000	1.07.0000	1.07.0000	1.07.0000
7071	海魅影	ICON_PM007_000_000		0	0	0		0	1	1	0	0	0	0	0	0	0	0	0	0	0	35;1071	0	106	10	1	1		0			0	0	0	1.00.0000	1.07.0000	1.07.0000	1.07.0000
7072	納爾遜	ICON_PM052_000_000		0	0	0		0	1	1	0	0	0	0	0	0	0	0	0	0	0	35;1072	0	106	10	1	1		0			0	0	0	1.00.0000	1.07.0000	1.07.0000	1.07.0000
7073	奧德賽	ICON_PM009_000_000		0	0	0		0	1	1	0	0	0	0	0	0	0	0	0	0	0	35;1073	0	106	10	1	1		0			0	0	0	1.00.0000	1.07.0000	1.07.0000	1.07.0000
7074	柏拉圖	ICON_PM012_000_000		0	0	0		0	1	1	0	0	0	0	0	0	0	0	0	0	0	35;1074	0	106	10	1	1		0			0	0	0	1.00.0000	1.07.0000	1.07.0000	1.07.0000
7075	傑森	ICON_PM053_000_000		0	0	0		0	1	1	0	0	0	0	0	0	0	0	0	0	0	35;1075	0	106	10	1	1		0			0	0	0	1.00.0000	1.07.0000	1.07.0000	1.07.0000
7076	美狄亞	ICON_PM030_000_000		0	0	0		0	1	1	0	0	0	0	0	0	0	0	0	0	0	35;1076	0	106	10	1	1		0			0	0	0	1.00.0000	1.07.0000	1.07.0000	1.07.0000
7077	德雷克	ICON_PM054_000_000		0	0	0		0	1	1	0	0	0	0	0	0	0	0	0	0	0	35;1077	0	106	10	1	1		0			0	0	0	1.00.0000	1.07.0000	1.07.0000	1.07.0000
7078	賽蓮	ICON_PS004_000_000		0	0	0		0	1	1	0	0	0	0	0	0	0	0	0	0	0	35;1078	0	106	10	1	1		0			0	0	0	1.00.0000	1.07.0000	1.07.0000	1.07.0000
7079	蘿絲瑪莉	ICON_PM051_000_000		0	0	0		0	1	1	0	0	0	0	0	0	0	0	0	0	0	35;1079	0	106	10	1	1		0			0	0	0	1.00.0000	1.07.0000	1.07.0000	1.07.0000
7080	安潔莉娜	ICON_PM077_000_000		0	0	0		0	1	1	0	0	0	0	0	0	0	0	0	0	0	35;1080	0	106	10	1	1		0			0	0	0	1.00.0000	1.07.0000	1.07.0000	1.07.0000
7081	俾斯麥	ICON_PM056_000_000		0	0	0		0	1	1	0	0	0	0	0	0	0	0	0	0	0	35;1081	0	106	10	1	1		0			0	0	0	1.00.0000	1.07.0000	1.07.0000	1.07.0000
7082	山本五十六	ICON_PM057_000_000		0	0	0		0	1	1	0	0	0	0	0	0	0	0	0	0	0	35;1082	0	106	10	1	1		0			0	0	0	1.00.0000	1.07.0000	1.07.0000	1.07.0000
7083	哥倫布	ICON_PM055_000_000		0	0	0		0	1	1	0	0	0	0	0	0	0	0	0	0	0	35;1083	0	106	10	1	1		0			0	0	0	1.00.0000	1.07.0000	1.07.0000	1.07.0000
7084	麥哲倫	ICON_PM055_001_000		0	0	0		0	1	1	0	0	0	0	0	0	0	0	0	0	0	35;1084	0	106	10	1	1		0			0	0	0	1.00.0000	1.07.0000	1.07.0000	1.07.0000
7085	死神	ICON_PM078_000_000		0	0	0		0	1	1	0	0	0	0	0	0	0	0	0	0	0	35;1085	0	106	10	1	1		0			0	0	0	1.00.0000	1.07.0000	1.07.0000	1.07.0000
7086	優爾妲	ICON_PM008_001_002		0	0	0		0	1	1	0	0	0	0	0	0	0	0	0	0	0	35;1086	0	106	10	1	1		0			0	0	0	1.00.0000	1.07.0000	1.07.0000	1.07.0000
7087	蘿西羚羊	ICON_PM005_000_005		0	0	0		0	1	1	0	0	0	0	0	0	0	0	0	0	0	35;1087	0	106	10	1	1		0			0	0	0	1.00.0000	1.07.0000	1.07.0000	1.07.0000
7088	南瓜幽靈	ICON_PM008_000_003		0	0	0		0	1	1	0	0	0	0	0	0	0	0	0	0	0	35;1088	0	106	10	1	1		0			0	0	0	1.06.0000	1.07.0000	1.07.0000	1.07.0000
7089	巫髏水手	ICON_PM026_000_010		0	0	0		0	1	1	0	0	0	0	0	0	0	0	0	0	0	35;1089	0	106	10	1	1		0			0	0	0	1.06.0000	1.07.0000	1.07.0000	1.07.0000
7090	聖誕精靈-溫暖	ICON_PM047_000_AVMPET		0	0	0		0	1	1	0	0	0	0	0	0	0	0	0	0	0	35;1090	0	106	10	1	1		0			0	0	0	1.11.0000	1.07.0000	1.07.0000	1.07.0000
7091	聖誕精靈-俏麗	ICON_PM047_000_AVFPET		0	0	0		0	1	1	0	0	0	0	0	0	0	0	0	0	0	35;1091	0	106	10	1	1		0			0	0	0	1.11.0000	1.07.0000	1.07.0000	1.07.0000
7092	浪漫情人	ICON_PM049_000_AVMPET		0	0	0		0	1	1	0	0	0	0	0	0	0	0	0	0	0	35;1092	0	106	10	1	1		0			0	0	0	1.13.0000	1.07.0000	1.07.0000	1.07.0000
7093	紅粉佳人	ICON_PM049_000_AVFPET		0	0	0		0	1	1	0	0	0	0	0	0	0	0	0	0	0	35;1093	0	106	10	1	1		0			0	0	0	1.13.0000	1.07.0000	1.07.0000	1.07.0000
7999	不知名觀賞寵	ICON_NULL		0	0	0		0	1	1	0	0	0	0	0	0	0	0	0	0	0	35;1093	0	106	10	2	1		0			0	0	0	0.00.0000	0.00.0000	1.40.0000	1.40.0000
8001	盲眼獵犬	ICON_PR000_000_000		0	0	0		0	1	1	0	0	0	0	0	0	0	0	0	0	32	36;7501	5001	107	10	1	1		0			0	0	0	1.00.0000	1.07.0000	1.07.0000	1.07.0000
8002	平原跳鼠	ICON_PR001_000_000		0	0	0		0	1	1	0	0	0	0	0	0	0	0	0	0	32	36;7551	5002	107	10	1	1		0			0	0	0	1.00.0000	1.07.0000	1.07.0000	1.07.0000
8003	波滔龍馬	ICON_PR002_000_000		0	0	0		0	1	1	0	0	0	0	0	0	0	0	0	0	32	36;7552	5003	107	10	1	1		0			0	0	0	1.00.0000	1.07.0000	1.07.0000	1.07.0000
8005	凱耶利突襲艇	ICON_PR005_000_000		0	0	0		0	1	1	0	0	0	0	0	0	0	0	0	0	32	36;7502	5005	107	10	1	1		0			0	0	0	1.00.0000	1.07.0000	1.07.0000	1.07.0000
8006	紫焰狂獅	ICON_PM002_000_001		0	0	0		0	1	1	0	0	0	0	0	0	0	0	0	0	32	36;7503	5006	107	10	1	1		0			0	0	0	1.06.0000	1.07.0000	1.07.0000	1.07.0000
8007	試用平原跳鼠	ICON_PR001_000_000		0	0	0		55	1	1	0	0	0	0	0	0	0	0	0	0	32	36;7551	5002	107	500	1	1	1;259200	0			0	0	0	1.00.0000	1.07.0000	1.07.0000	1.07.0000
8008	黃色小鴨(30天)	ICON_PR011_000_000		0	0	0		55	1	1	0	0	0	0	0	0	0	0	0	0	32	36;7506	5007	107	10	1	1	1;2592000	0			0	0	0	1.06.0000	1.07.0000	1.07.0000	1.07.0000
8010	獨角獸	ICON_PR010_000_000		0	0	0		0	1	1	0	0	0	0	0	0	0	0	0	0	32	36;7560	5010	107	10	1	1		0			1	0	0	1.11.0000	1.07.0000	1.07.0000	1.07.0000
8012	紅焰魔犬	ICON_PR000_001_001		0	0	0		0	1	1	0	0	0	0	0	0	0	0	0	0	32	36;7505	5012	107	10	1	1		0			1	0	0	1.00.0000	1.07.0000	1.07.0000	1.07.0000
8013	黃色小鴨	ICON_PR011_000_000		0	0	0		0	1	1	0	0	0	0	0	0	0	0	0	0	32	36;7506	5007	107	10	1	1		0			1	0	0	1.06.0000	1.07.0000	1.07.0000	1.07.0000
8014	聖誕麋鹿	ICON_PR012_000_000		0	0	0		0	1	1	0	0	0	0	0	0	0	0	0	0	32	36;7507	5008	107	10	1	1		0			0	0	0	1.11.0000	1.07.0000	1.07.0000	1.07.0000
8990	不知名座騎	ICON_NULL		0	0	0		0	1	1	0	0	0	0	0	0	0	0	0	0	32	36;7551	5055	107	10	2	1		0			0	0	0	0.00.0000	0.00.0000	1.40.0000	1.40.0000
93001	Lv1接戰結晶	ICON_CRYSTAL_000_000		0	0	0		0	1	1	1	0	0	0	0	0	0	0	0	0	0	7;1;0;15501	0	0	10	1	1		0		7	0	0	0	0.00.0000	0.00.0000	0.00.0000	0.00.0000
93002	Lv1烽火結晶	ICON_CRYSTAL_000_000		0	0	0		0	1	1	1	0	0	0	0	0	0	0	0	0	0	7;1;0;15502	0	0	10	1	1		0		7	0	0	0	0.00.0000	0.00.0000	0.00.0000	0.00.0000
93003	Lv1動亂結晶	ICON_CRYSTAL_000_000		0	0	0		0	1	1	1	0	0	0	0	0	0	0	0	0	0	7;1;0;15503	0	0	10	1	1		0		7	0	0	0	0.00.0000	0.00.0000	0.00.0000	0.00.0000
93004	Lv1紛爭結晶	ICON_CRYSTAL_000_000		0	0	0		0	1	1	1	0	0	0	0	0	0	0	0	0	0	7;1;0;15504	0	0	10	1	1		0		7	0	0	0	0.00.0000	0.00.0000	0.00.0000	0.00.0000
93005	Lv1正義結晶	ICON_CRYSTAL_000_000		0	0	0		0	1	1	1	0	0	0	0	0	0	0	0	0	0	7;1;0;15505	0	0	10	1	1		0		7	0	0	0	0.00.0000	0.00.0000	0.00.0000	0.00.0000
93006	Lv1兵器結晶	ICON_CRYSTAL_000_000		0	0	0		0	1	1	1	0	0	0	0	0	0	0	0	0	0	7;1;0;15506	0	0	10	1	1		0		7	0	0	0	0.00.0000	0.00.0000	0.00.0000	0.00.0000
93007	Lv1格鬥結晶	ICON_CRYSTAL_000_000		0	0	0		0	1	1	1	0	0	0	0	0	0	0	0	0	0	7;1;0;15507	0	0	10	1	1		0		7	0	0	0	0.00.0000	0.00.0000	0.00.0000	0.00.0000
93008	Lv1對峙結晶	ICON_CRYSTAL_000_000		0	0	0		0	1	1	1	0	0	0	0	0	0	0	0	0	0	7;1;0;15508	0	0	10	1	1		0		7	0	0	0	0.00.0000	0.00.0000	0.00.0000	0.00.0000
93009	Lv1勝負結晶	ICON_CRYSTAL_000_000		0	0	0		0	1	1	1	0	0	0	0	0	0	0	0	0	0	7;1;0;15509	0	0	10	1	1		0		7	0	0	0	0.00.0000	0.00.0000	0.00.0000	0.00.0000
93010	Lv1宣戰結晶	ICON_CRYSTAL_000_000		0	0	0		0	1	1	1	0	0	0	0	0	0	0	0	0	0	7;1;0;15510	0	0	10	1	1		0		7	0	0	0	0.00.0000	0.00.0000	0.00.0000	0.00.0000
93011	Lv1威壓結晶	ICON_CRYSTAL_001_000		0	0	0		0	2	1	1	0	0	0	0	0	0	0	0	0	0	7;1;0;15511	0	0	10	1	1		0		7	0	0	0	0.00.0000	0.00.0000	0.00.0000	0.00.0000
93012	Lv1恐怖結晶	ICON_CRYSTAL_001_000		0	0	0		0	2	1	1	0	0	0	0	0	0	0	0	0	0	7;1;0;15512	0	0	10	1	1		0		7	0	0	0	0.00.0000	0.00.0000	0.00.0000	0.00.0000
93013	Lv1緊繃結晶	ICON_CRYSTAL_001_000		0	0	0		0	2	1	1	0	0	0	0	0	0	0	0	0	0	7;1;0;15513	0	0	10	1	1		0		7	0	0	0	0.00.0000	0.00.0000	0.00.0000	0.00.0000
93014	Lv1暴力結晶	ICON_CRYSTAL_001_000		0	0	0		0	2	1	1	0	0	0	0	0	0	0	0	0	0	7;1;0;15514	0	0	10	1	1		0		7	0	0	0	0.00.0000	0.00.0000	0.00.0000	0.00.0000
93015	Lv1熱血結晶	ICON_CRYSTAL_001_000		0	0	0		0	2	1	1	0	0	0	0	0	0	0	0	0	0	7;1;0;15515	0	0	10	1	1		0		7	0	0	0	0.00.0000	0.00.0000	0.00.0000	0.00.0000
93016	Lv1瘋狂結晶	ICON_CRYSTAL_001_000		0	0	0		0	2	1	1	0	0	0	0	0	0	0	0	0	0	7;1;0;15516	0	0	10	1	1		0		7	0	0	0	0.00.0000	0.00.0000	0.00.0000	0.00.0000
93017	Lv1窮兵結晶	ICON_CRYSTAL_001_000		0	0	0		0	3	1	1	0	0	0	0	0	0	0	0	0	0	7;1;0;15517	0	0	10	1	1		0		7	0	0	0	0.00.0000	0.00.0000	0.00.0000	0.00.0000
93018	Lv1生化結晶	ICON_CRYSTAL_001_000		0	0	0		0	3	1	1	0	0	0	0	0	0	0	0	0	0	7;1;0;15518	0	0	10	1	1		0		7	0	0	0	0.00.0000	0.00.0000	0.00.0000	0.00.0000
93019	Lv1莫敵結晶	ICON_CRYSTAL_000_001		0	0	0		0	1	1	1	0	0	0	0	0	0	0	0	0	0	7;2;0;15677	0	0	10	1	1		0		7	0	0	0	0.00.0000	0.00.0000	0.00.0000	0.00.0000
93020	Lv1防護結晶	ICON_CRYSTAL_000_001		0	0	0		0	1	1	1	0	0	0	0	0	0	0	0	0	0	7;2;0;15678	0	0	10	1	1		0		7	0	0	0	0.00.0000	0.00.0000	0.00.0000	0.00.0000
93021	Lv1堡壘結晶	ICON_CRYSTAL_000_001		0	0	0		0	1	1	1	0	0	0	0	0	0	0	0	0	0	7;2;0;15679	0	0	10	1	1		0		7	0	0	0	0.00.0000	0.00.0000	0.00.0000	0.00.0000
93022	Lv1禦敵結晶	ICON_CRYSTAL_000_001		0	0	0		0	1	1	1	0	0	0	0	0	0	0	0	0	0	7;2;0;15680	0	0	10	1	1		0		7	0	0	0	0.00.0000	0.00.0000	0.00.0000	0.00.0000
93023	Lv1趨避結晶	ICON_CRYSTAL_000_001		0	0	0		0	1	1	1	0	0	0	0	0	0	0	0	0	0	7;2;0;15681	0	0	10	1	1		0		7	0	0	0	0.00.0000	0.00.0000	0.00.0000	0.00.0000
93024	Lv1堅壁結晶	ICON_CRYSTAL_000_001		0	0	0		0	1	1	1	0	0	0	0	0	0	0	0	0	0	7;2;0;15682	0	0	10	1	1		0		7	0	0	0	0.00.0000	0.00.0000	0.00.0000	0.00.0000
93025	Lv1鐵血結晶	ICON_CRYSTAL_000_001		0	0	0		0	1	1	1	0	0	0	0	0	0	0	0	0	0	7;2;0;15683	0	0	10	1	1		0		7	0	0	0	0.00.0000	0.00.0000	0.00.0000	0.00.0000
93026	Lv1緩衝結晶	ICON_CRYSTAL_000_001		0	0	0		0	1	1	1	0	0	0	0	0	0	0	0	0	0	7;2;0;15684	0	0	10	1	1		0		7	0	0	0	0.00.0000	0.00.0000	0.00.0000	0.00.0000
93027	Lv1警戒結晶	ICON_CRYSTAL_000_001		0	0	0		0	1	1	1	0	0	0	0	0	0	0	0	0	0	7;2;0;15685	0	0	10	1	1		0		7	0	0	0	0.00.0000	0.00.0000	0.00.0000	0.00.0000
93028	Lv1監視結晶	ICON_CRYSTAL_000_001		0	0	0		0	1	1	1	0	0	0	0	0	0	0	0	0	0	7;2;0;15686	0	0	10	1	1		0		7	0	0	0	0.00.0000	0.00.0000	0.00.0000	0.00.0000
93029	Lv1巡防結晶	ICON_CRYSTAL_001_001		0	0	0		0	2	1	1	0	0	0	0	0	0	0	0	0	0	7;2;0;15687	0	0	10	1	1		0		7	0	0	0	0.00.0000	0.00.0000	0.00.0000	0.00.0000
93030	Lv1安撫結晶	ICON_CRYSTAL_001_001		0	0	0		0	2	1	1	0	0	0	0	0	0	0	0	0	0	7;2;0;15688	0	0	10	1	1		0		7	0	0	0	0.00.0000	0.00.0000	0.00.0000	0.00.0000
93031	Lv1雷池結晶	ICON_CRYSTAL_001_001		0	0	0		0	2	1	1	0	0	0	0	0	0	0	0	0	0	7;2;0;15689	0	0	10	1	1		0		7	0	0	0	0.00.0000	0.00.0000	0.00.0000	0.00.0000
93032	Lv1制裁結晶	ICON_CRYSTAL_001_001		0	0	0		0	2	1	1	0	0	0	0	0	0	0	0	0	0	7;2;0;15690	0	0	10	1	1		0		7	0	0	0	0.00.0000	0.00.0000	0.00.0000	0.00.0000
93033	Lv1領域結晶	ICON_CRYSTAL_001_001		0	0	0		0	2	1	1	0	0	0	0	0	0	0	0	0	0	7;2;0;15691	0	0	10	1	1		0		7	0	0	0	0.00.0000	0.00.0000	0.00.0000	0.00.0000
93034	Lv1閉鎖結晶	ICON_CRYSTAL_001_001		0	0	0		0	2	1	1	0	0	0	0	0	0	0	0	0	0	7;2;0;15692	0	0	10	1	1		0		7	0	0	0	0.00.0000	0.00.0000	0.00.0000	0.00.0000
93035	Lv1連環結晶	ICON_CRYSTAL_001_001		0	0	0		0	3	1	1	0	0	0	0	0	0	0	0	0	0	7;2;0;15693	0	0	10	1	1		0		7	0	0	0	0.00.0000	0.00.0000	0.00.0000	0.00.0000
93036	Lv1同心結晶	ICON_CRYSTAL_001_001		0	0	0		0	3	1	1	0	0	0	0	0	0	0	0	0	0	7;2;0;15694	0	0	10	1	1		0		7	0	0	0	0.00.0000	0.00.0000	0.00.0000	0.00.0000
93037	Lv1磨煉結晶	ICON_CRYSTAL_000_002		0	0	0		0	1	1	1	0	0	0	0	0	0	0	0	0	0	7;3;0;15703	0	0	10	1	1		0		7	0	0	0	0.00.0000	0.00.0000	0.00.0000	0.00.0000
93038	Lv1熟悉結晶	ICON_CRYSTAL_000_002		0	0	0		0	1	1	1	0	0	0	0	0	0	0	0	0	0	7;3;0;15704	0	0	10	1	1		0		7	0	0	0	0.00.0000	0.00.0000	0.00.0000	0.00.0000
93039	Lv1裂縫結晶	ICON_CRYSTAL_000_002		0	0	0		0	1	1	1	0	0	0	0	0	0	0	0	0	0	7;3;0;15705	0	0	10	1	1		0		7	0	0	0	0.00.0000	0.00.0000	0.00.0000	0.00.0000
93040	Lv1安全結晶	ICON_CRYSTAL_000_002		0	0	0		0	1	1	1	0	0	0	0	0	0	0	0	0	0	7;3;0;15706	0	0	10	1	1		0		7	0	0	0	0.00.0000	0.00.0000	0.00.0000	0.00.0000
93041	Lv1厚生結晶	ICON_CRYSTAL_000_002		0	0	0		0	1	1	1	0	0	0	0	0	0	0	0	0	0	7;3;0;15707	0	0	10	1	1		0		7	0	0	0	0.00.0000	0.00.0000	0.00.0000	0.00.0000
93042	Lv1競爭結晶	ICON_CRYSTAL_000_002		0	0	0		0	1	1	1	0	0	0	0	0	0	0	0	0	0	7;3;0;15708	0	0	10	1	1		0		7	0	0	0	0.00.0000	0.00.0000	0.00.0000	0.00.0000
93043	Lv1平靜結晶	ICON_CRYSTAL_000_002		0	0	0		0	1	1	1	0	0	0	0	0	0	0	0	0	0	7;3;0;15709	0	0	10	1	1		0		7	0	0	0	0.00.0000	0.00.0000	0.00.0000	0.00.0000
93044	Lv1引導結晶	ICON_CRYSTAL_000_002		0	0	0		0	1	1	1	0	0	0	0	0	0	0	0	0	0	7;3;0;15710	0	0	10	1	1		0		7	0	0	0	0.00.0000	0.00.0000	0.00.0000	0.00.0000
93045	Lv1平安結晶	ICON_CRYSTAL_001_002		0	0	0		0	2	1	1	0	0	0	0	0	0	0	0	0	0	7;3;0;15713	0	0	10	1	1		0		7	0	0	0	0.00.0000	0.00.0000	0.00.0000	0.00.0000
93046	Lv1鼓舞結晶	ICON_CRYSTAL_001_002		0	0	0		0	2	1	1	0	0	0	0	0	0	0	0	0	0	7;3;0;15714	0	0	10	1	1		0		7	0	0	0	0.00.0000	0.00.0000	0.00.0000	0.00.0000
93047	Lv1冷靜結晶	ICON_CRYSTAL_001_002		0	0	0		0	2	1	1	0	0	0	0	0	0	0	0	0	0	7;3;0;15715	0	0	10	1	1		0		7	0	0	0	0.00.0000	0.00.0000	0.00.0000	0.00.0000
93048	Lv1沉默結晶	ICON_CRYSTAL_001_002		0	0	0		0	2	1	1	0	0	0	0	0	0	0	0	0	0	7;3;0;15716	0	0	10	1	1		0		7	0	0	0	0.00.0000	0.00.0000	0.00.0000	0.00.0000
93049	Lv1優勢結晶	ICON_CRYSTAL_001_002		0	0	0		0	2	1	1	0	0	0	0	0	0	0	0	0	0	7;3;0;15717	0	0	10	1	1		0		7	0	0	0	0.00.0000	0.00.0000	0.00.0000	0.00.0000
93050	Lv1夜幕結晶	ICON_CRYSTAL_001_002		0	0	0		0	2	1	1	0	0	0	0	0	0	0	0	0	0	7;3;0;15718	0	0	10	1	1		0		7	0	0	0	0.00.0000	0.00.0000	0.00.0000	0.00.0000
93051	Lv1希望結晶	ICON_CRYSTAL_001_002		0	0	0		0	3	1	1	0	0	0	0	0	0	0	0	0	0	7;3;0;15719	0	0	10	1	1		0		7	0	0	0	0.00.0000	0.00.0000	0.00.0000	0.00.0000
93052	Lv1支援結晶	ICON_CRYSTAL_001_002		0	0	0		0	3	1	1	0	0	0	0	0	0	0	0	0	0	7;3;0;15720	0	0	10	1	1		0		7	0	0	0	0.00.0000	0.00.0000	0.00.0000	0.00.0000
93053	Lv2接戰結晶	ICON_CRYSTAL_002_000		0	0	0		0	1	2	31	0	0	0	0	0	0	0	0	0	0	7;1;0;15519	0	0	10	1	1		0		7	0	0	0	0.00.0000	0.00.0000	0.00.0000	0.00.0000
93054	Lv2烽火結晶	ICON_CRYSTAL_002_000		0	0	0		0	1	2	31	0	0	0	0	0	0	0	0	0	0	7;1;0;15520	0	0	10	1	1		0		7	0	0	0	0.00.0000	0.00.0000	0.00.0000	0.00.0000
93055	Lv2動亂結晶	ICON_CRYSTAL_002_000		0	0	0		0	1	2	31	0	0	0	0	0	0	0	0	0	0	7;1;0;15521	0	0	10	1	1		0		7	0	0	0	0.00.0000	0.00.0000	0.00.0000	0.00.0000
93056	Lv2紛爭結晶	ICON_CRYSTAL_002_000		0	0	0		0	1	2	31	0	0	0	0	0	0	0	0	0	0	7;1;0;15522	0	0	10	1	1		0		7	0	0	0	0.00.0000	0.00.0000	0.00.0000	0.00.0000
93057	Lv2正義結晶	ICON_CRYSTAL_002_000		0	0	0		0	1	2	31	0	0	0	0	0	0	0	0	0	0	7;1;0;15523	0	0	10	1	1		0		7	0	0	0	0.00.0000	0.00.0000	0.00.0000	0.00.0000
93058	Lv2兵器結晶	ICON_CRYSTAL_002_000		0	0	0		0	1	2	31	0	0	0	0	0	0	0	0	0	0	7;1;0;15524	0	0	10	1	1		0		7	0	0	0	0.00.0000	0.00.0000	0.00.0000	0.00.0000
93059	Lv2格鬥結晶	ICON_CRYSTAL_002_000		0	0	0		0	1	2	31	0	0	0	0	0	0	0	0	0	0	7;1;0;15525	0	0	10	1	1		0		7	0	0	0	0.00.0000	0.00.0000	0.00.0000	0.00.0000
93060	Lv2對峙結晶	ICON_CRYSTAL_002_000		0	0	0		0	1	2	31	0	0	0	0	0	0	0	0	0	0	7;1;0;15526	0	0	10	1	1		0		7	0	0	0	0.00.0000	0.00.0000	0.00.0000	0.00.0000
93061	Lv2勝負結晶	ICON_CRYSTAL_002_000		0	0	0		0	1	2	31	0	0	0	0	0	0	0	0	0	0	7;1;0;15527	0	0	10	1	1		0		7	0	0	0	0.00.0000	0.00.0000	0.00.0000	0.00.0000
93062	Lv2宣戰結晶	ICON_CRYSTAL_002_000		0	0	0		0	1	2	31	0	0	0	0	0	0	0	0	0	0	7;1;0;15528	0	0	10	1	1		0		7	0	0	0	0.00.0000	0.00.0000	0.00.0000	0.00.0000
93063	Lv2威壓結晶	ICON_CRYSTAL_003_000		0	0	0		0	2	2	31	0	0	0	0	0	0	0	0	0	0	7;1;0;15529	0	0	10	1	1		0		7	0	0	0	0.00.0000	0.00.0000	0.00.0000	0.00.0000
93064	Lv2恐怖結晶	ICON_CRYSTAL_003_000		0	0	0		0	2	2	31	0	0	0	0	0	0	0	0	0	0	7;1;0;15530	0	0	10	1	1		0		7	0	0	0	0.00.0000	0.00.0000	0.00.0000	0.00.0000
93065	Lv2緊繃結晶	ICON_CRYSTAL_003_000		0	0	0		0	2	2	31	0	0	0	0	0	0	0	0	0	0	7;1;0;15531	0	0	10	1	1		0		7	0	0	0	0.00.0000	0.00.0000	0.00.0000	0.00.0000
93066	Lv2暴力結晶	ICON_CRYSTAL_003_000		0	0	0		0	2	2	31	0	0	0	0	0	0	0	0	0	0	7;1;0;15532	0	0	10	1	1		0		7	0	0	0	0.00.0000	0.00.0000	0.00.0000	0.00.0000
93067	Lv2熱血結晶	ICON_CRYSTAL_003_000		0	0	0		0	2	2	31	0	0	0	0	0	0	0	0	0	0	7;1;0;15533	0	0	10	1	1		0		7	0	0	0	0.00.0000	0.00.0000	0.00.0000	0.00.0000
93068	Lv2瘋狂結晶	ICON_CRYSTAL_003_000		0	0	0		0	2	2	31	0	0	0	0	0	0	0	0	0	0	7;1;0;15534	0	0	10	1	1		0		7	0	0	0	0.00.0000	0.00.0000	0.00.0000	0.00.0000
93069	Lv2窮兵結晶	ICON_CRYSTAL_003_000		0	0	0		0	3	2	31	0	0	0	0	0	0	0	0	0	0	7;1;0;15535	0	0	10	1	1		0		7	0	0	0	0.00.0000	0.00.0000	0.00.0000	0.00.0000
93070	Lv2生化結晶	ICON_CRYSTAL_003_000		0	0	0		0	3	2	31	0	0	0	0	0	0	0	0	0	0	7;1;0;15536	0	0	10	1	1		0		7	0	0	0	0.00.0000	0.00.0000	0.00.0000	0.00.0000
93071	Lv2莫敵結晶	ICON_CRYSTAL_002_001		0	0	0		0	1	2	31	0	0	0	0	0	0	0	0	0	0	7;2;0;15677	0	0	10	1	1		0		7	0	0	0	0.00.0000	0.00.0000	0.00.0000	0.00.0000
93072	Lv2防護結晶	ICON_CRYSTAL_002_001		0	0	0		0	1	2	31	0	0	0	0	0	0	0	0	0	0	7;2;0;15678	0	0	10	1	1		0		7	0	0	0	0.00.0000	0.00.0000	0.00.0000	0.00.0000
93073	Lv2堡壘結晶	ICON_CRYSTAL_002_001		0	0	0		0	1	2	31	0	0	0	0	0	0	0	0	0	0	7;2;0;15679	0	0	10	1	1		0		7	0	0	0	0.00.0000	0.00.0000	0.00.0000	0.00.0000
93074	Lv2禦敵結晶	ICON_CRYSTAL_002_001		0	0	0		0	1	2	31	0	0	0	0	0	0	0	0	0	0	7;2;0;15680	0	0	10	1	1		0		7	0	0	0	0.00.0000	0.00.0000	0.00.0000	0.00.0000
93075	Lv2趨避結晶	ICON_CRYSTAL_002_001		0	0	0		0	1	2	31	0	0	0	0	0	0	0	0	0	0	7;2;0;15681	0	0	10	1	1		0		7	0	0	0	0.00.0000	0.00.0000	0.00.0000	0.00.0000
93076	Lv2堅壁結晶	ICON_CRYSTAL_002_001		0	0	0		0	1	2	31	0	0	0	0	0	0	0	0	0	0	7;2;0;15682	0	0	10	1	1		0		7	0	0	0	0.00.0000	0.00.0000	0.00.0000	0.00.0000
93077	Lv2鐵血結晶	ICON_CRYSTAL_002_001		0	0	0		0	1	2	31	0	0	0	0	0	0	0	0	0	0	7;2;0;15683	0	0	10	1	1		0		7	0	0	0	0.00.0000	0.00.0000	0.00.0000	0.00.0000
93078	Lv2緩衝結晶	ICON_CRYSTAL_002_001		0	0	0		0	1	2	31	0	0	0	0	0	0	0	0	0	0	7;2;0;15684	0	0	10	1	1		0		7	0	0	0	0.00.0000	0.00.0000	0.00.0000	0.00.0000
93079	Lv2警戒結晶	ICON_CRYSTAL_002_001		0	0	0		0	1	2	31	0	0	0	0	0	0	0	0	0	0	7;2;0;15685	0	0	10	1	1		0		7	0	0	0	0.00.0000	0.00.0000	0.00.0000	0.00.0000
93080	Lv2監視結晶	ICON_CRYSTAL_002_001		0	0	0		0	1	2	31	0	0	0	0	0	0	0	0	0	0	7;2;0;15686	0	0	10	1	1		0		7	0	0	0	0.00.0000	0.00.0000	0.00.0000	0.00.0000
93081	Lv2巡防結晶	ICON_CRYSTAL_003_001		0	0	0		0	2	2	31	0	0	0	0	0	0	0	0	0	0	7;2;0;15687	0	0	10	1	1		0		7	0	0	0	0.00.0000	0.00.0000	0.00.0000	0.00.0000
93082	Lv2安撫結晶	ICON_CRYSTAL_003_001		0	0	0		0	2	2	31	0	0	0	0	0	0	0	0	0	0	7;2;0;15688	0	0	10	1	1		0		7	0	0	0	0.00.0000	0.00.0000	0.00.0000	0.00.0000
93083	Lv2雷池結晶	ICON_CRYSTAL_003_001		0	0	0		0	2	2	31	0	0	0	0	0	0	0	0	0	0	7;2;0;15689	0	0	10	1	1		0		7	0	0	0	0.00.0000	0.00.0000	0.00.0000	0.00.0000
93084	Lv2制裁結晶	ICON_CRYSTAL_003_001		0	0	0		0	2	2	31	0	0	0	0	0	0	0	0	0	0	7;2;0;15690	0	0	10	1	1		0		7	0	0	0	0.00.0000	0.00.0000	0.00.0000	0.00.0000
93085	Lv2領域結晶	ICON_CRYSTAL_003_001		0	0	0		0	2	2	31	0	0	0	0	0	0	0	0	0	0	7;2;0;15691	0	0	10	1	1		0		7	0	0	0	0.00.0000	0.00.0000	0.00.0000	0.00.0000
93086	Lv2閉鎖結晶	ICON_CRYSTAL_003_001		0	0	0		0	2	2	31	0	0	0	0	0	0	0	0	0	0	7;2;0;15692	0	0	10	1	1		0		7	0	0	0	0.00.0000	0.00.0000	0.00.0000	0.00.0000
93087	Lv2連環結晶	ICON_CRYSTAL_003_001		0	0	0		0	3	2	31	0	0	0	0	0	0	0	0	0	0	7;2;0;15693	0	0	10	1	1		0		7	0	0	0	0.00.0000	0.00.0000	0.00.0000	0.00.0000
93088	Lv2同心結晶	ICON_CRYSTAL_003_001		0	0	0		0	3	2	31	0	0	0	0	0	0	0	0	0	0	7;2;0;15694	0	0	10	1	1		0		7	0	0	0	0.00.0000	0.00.0000	0.00.0000	0.00.0000
93089	Lv2磨煉結晶	ICON_CRYSTAL_002_002		0	0	0		0	1	2	31	0	0	0	0	0	0	0	0	0	0	7;3;0;15703	0	0	10	1	1		0		7	0	0	0	0.00.0000	0.00.0000	0.00.0000	0.00.0000
93090	Lv2熟悉結晶	ICON_CRYSTAL_002_002		0	0	0		0	1	2	31	0	0	0	0	0	0	0	0	0	0	7;3;0;15704	0	0	10	1	1		0		7	0	0	0	0.00.0000	0.00.0000	0.00.0000	0.00.0000
93091	Lv2裂縫結晶	ICON_CRYSTAL_002_002		0	0	0		0	1	2	31	0	0	0	0	0	0	0	0	0	0	7;3;0;15705	0	0	10	1	1		0		7	0	0	0	0.00.0000	0.00.0000	0.00.0000	0.00.0000
93092	Lv2安全結晶	ICON_CRYSTAL_002_002		0	0	0		0	1	2	31	0	0	0	0	0	0	0	0	0	0	7;3;0;15706	0	0	10	1	1		0		7	0	0	0	0.00.0000	0.00.0000	0.00.0000	0.00.0000
93093	Lv2厚生結晶	ICON_CRYSTAL_002_002		0	0	0		0	1	2	31	0	0	0	0	0	0	0	0	0	0	7;3;0;15707	0	0	10	1	1		0		7	0	0	0	0.00.0000	0.00.0000	0.00.0000	0.00.0000
93094	Lv2競爭結晶	ICON_CRYSTAL_002_002		0	0	0		0	1	2	31	0	0	0	0	0	0	0	0	0	0	7;3;0;15708	0	0	10	1	1		0		7	0	0	0	0.00.0000	0.00.0000	0.00.0000	0.00.0000
93095	Lv2平靜結晶	ICON_CRYSTAL_002_002		0	0	0		0	1	2	31	0	0	0	0	0	0	0	0	0	0	7;3;0;15709	0	0	10	1	1		0		7	0	0	0	0.00.0000	0.00.0000	0.00.0000	0.00.0000
93096	Lv2引導結晶	ICON_CRYSTAL_002_002		0	0	0		0	1	2	31	0	0	0	0	0	0	0	0	0	0	7;3;0;15710	0	0	10	1	1		0		7	0	0	0	0.00.0000	0.00.0000	0.00.0000	0.00.0000
93097	Lv2平安結晶	ICON_CRYSTAL_003_002		0	0	0		0	2	2	31	0	0	0	0	0	0	0	0	0	0	7;3;0;15713	0	0	10	1	1		0		7	0	0	0	0.00.0000	0.00.0000	0.00.0000	0.00.0000
93098	Lv2鼓舞結晶	ICON_CRYSTAL_003_002		0	0	0		0	2	2	31	0	0	0	0	0	0	0	0	0	0	7;3;0;15714	0	0	10	1	1		0		7	0	0	0	0.00.0000	0.00.0000	0.00.0000	0.00.0000
93099	Lv2冷靜結晶	ICON_CRYSTAL_003_002		0	0	0		0	2	2	31	0	0	0	0	0	0	0	0	0	0	7;3;0;15715	0	0	10	1	1		0		7	0	0	0	0.00.0000	0.00.0000	0.00.0000	0.00.0000
93100	Lv2沉默結晶	ICON_CRYSTAL_003_002		0	0	0		0	2	2	31	0	0	0	0	0	0	0	0	0	0	7;3;0;15716	0	0	10	1	1		0		7	0	0	0	0.00.0000	0.00.0000	0.00.0000	0.00.0000
93101	Lv2優勢結晶	ICON_CRYSTAL_003_002		0	0	0		0	2	2	31	0	0	0	0	0	0	0	0	0	0	7;3;0;15717	0	0	10	1	1		0		7	0	0	0	0.00.0000	0.00.0000	0.00.0000	0.00.0000
93102	Lv2夜幕結晶	ICON_CRYSTAL_003_002		0	0	0		0	2	2	31	0	0	0	0	0	0	0	0	0	0	7;3;0;15718	0	0	10	1	1		0		7	0	0	0	0.00.0000	0.00.0000	0.00.0000	0.00.0000
93103	Lv2希望結晶	ICON_CRYSTAL_003_002		0	0	0		0	3	2	31	0	0	0	0	0	0	0	0	0	0	7;3;0;15719	0	0	10	1	1		0		7	0	0	0	0.00.0000	0.00.0000	0.00.0000	0.00.0000
93104	Lv2支援結晶	ICON_CRYSTAL_003_002		0	0	0		0	3	2	31	0	0	0	0	0	0	0	0	0	0	7;3;0;15720	0	0	10	1	1		0		7	0	0	0	0.00.0000	0.00.0000	0.00.0000	0.00.0000
93105	Lv3接戰結晶	ICON_CRYSTAL_004_000		0	0	0		0	1	3	51	0	0	0	0	0	0	0	0	0	0	7;1;0;15537	0	0	10	1	1		0		7	0	0	0	0.00.0000	0.00.0000	0.00.0000	0.00.0000
93106	Lv3烽火結晶	ICON_CRYSTAL_004_000		0	0	0		0	1	3	51	0	0	0	0	0	0	0	0	0	0	7;1;0;15538	0	0	10	1	1		0		7	0	0	0	0.00.0000	0.00.0000	0.00.0000	0.00.0000
93107	Lv3動亂結晶	ICON_CRYSTAL_004_000		0	0	0		0	1	3	51	0	0	0	0	0	0	0	0	0	0	7;1;0;15539	0	0	10	1	1		0		7	0	0	0	0.00.0000	0.00.0000	0.00.0000	0.00.0000
93108	Lv3紛爭結晶	ICON_CRYSTAL_004_000		0	0	0		0	1	3	51	0	0	0	0	0	0	0	0	0	0	7;1;0;15540	0	0	10	1	1		0		7	0	0	0	0.00.0000	0.00.0000	0.00.0000	0.00.0000
93109	Lv3正義結晶	ICON_CRYSTAL_004_000		0	0	0		0	1	3	51	0	0	0	0	0	0	0	0	0	0	7;1;0;15541	0	0	10	1	1		0		7	0	0	0	0.00.0000	0.00.0000	0.00.0000	0.00.0000
93110	Lv3兵器結晶	ICON_CRYSTAL_004_000		0	0	0		0	1	3	51	0	0	0	0	0	0	0	0	0	0	7;1;0;15542	0	0	10	1	1		0		7	0	0	0	0.00.0000	0.00.0000	0.00.0000	0.00.0000
93111	Lv3格鬥結晶	ICON_CRYSTAL_004_000		0	0	0		0	1	3	51	0	0	0	0	0	0	0	0	0	0	7;1;0;15543	0	0	10	1	1		0		7	0	0	0	0.00.0000	0.00.0000	0.00.0000	0.00.0000
93112	Lv3對峙結晶	ICON_CRYSTAL_004_000		0	0	0		0	1	3	51	0	0	0	0	0	0	0	0	0	0	7;1;0;15544	0	0	10	1	1		0		7	0	0	0	0.00.0000	0.00.0000	0.00.0000	0.00.0000
93113	Lv3勝負結晶	ICON_CRYSTAL_004_000		0	0	0		0	1	3	51	0	0	0	0	0	0	0	0	0	0	7;1;0;15545	0	0	10	1	1		0		7	0	0	0	0.00.0000	0.00.0000	0.00.0000	0.00.0000
93114	Lv3宣戰結晶	ICON_CRYSTAL_004_000		0	0	0		0	1	3	51	0	0	0	0	0	0	0	0	0	0	7;1;0;15546	0	0	10	1	1		0		7	0	0	0	0.00.0000	0.00.0000	0.00.0000	0.00.0000
93115	Lv3威壓結晶	ICON_CRYSTAL_005_000		0	0	0		0	2	3	51	0	0	0	0	0	0	0	0	0	0	7;1;0;15547	0	0	10	1	1		0		7	0	0	0	0.00.0000	0.00.0000	0.00.0000	0.00.0000
93116	Lv3恐怖結晶	ICON_CRYSTAL_005_000		0	0	0		0	2	3	51	0	0	0	0	0	0	0	0	0	0	7;1;0;15548	0	0	10	1	1		0		7	0	0	0	0.00.0000	0.00.0000	0.00.0000	0.00.0000
93117	Lv3緊繃結晶	ICON_CRYSTAL_005_000		0	0	0		0	2	3	51	0	0	0	0	0	0	0	0	0	0	7;1;0;15549	0	0	10	1	1		0		7	0	0	0	0.00.0000	0.00.0000	0.00.0000	0.00.0000
93118	Lv3暴力結晶	ICON_CRYSTAL_005_000		0	0	0		0	2	3	51	0	0	0	0	0	0	0	0	0	0	7;1;0;15550	0	0	10	1	1		0		7	0	0	0	0.00.0000	0.00.0000	0.00.0000	0.00.0000
93119	Lv3熱血結晶	ICON_CRYSTAL_005_000		0	0	0		0	2	3	51	0	0	0	0	0	0	0	0	0	0	7;1;0;15551	0	0	10	1	1		0		7	0	0	0	0.00.0000	0.00.0000	0.00.0000	0.00.0000
93120	Lv3瘋狂結晶	ICON_CRYSTAL_005_000		0	0	0		0	2	3	51	0	0	0	0	0	0	0	0	0	0	7;1;0;15552	0	0	10	1	1		0		7	0	0	0	0.00.0000	0.00.0000	0.00.0000	0.00.0000
93121	Lv3窮兵結晶	ICON_CRYSTAL_005_000		0	0	0		0	3	3	51	0	0	0	0	0	0	0	0	0	0	7;1;0;15553	0	0	10	1	1		0		7	0	0	0	0.00.0000	0.00.0000	0.00.0000	0.00.0000
93122	Lv3生化結晶	ICON_CRYSTAL_005_000		0	0	0		0	3	3	51	0	0	0	0	0	0	0	0	0	0	7;1;0;15554	0	0	10	1	1		0		7	0	0	0	0.00.0000	0.00.0000	0.00.0000	0.00.0000
93123	Lv3殺破結晶	ICON_CRYSTAL_005_000		0	0	0		0	3	3	51	0	0	0	0	0	0	0	0	0	0	7;1;0;15555	0	0	10	1	1		0		7	0	0	0	0.00.0000	0.00.0000	0.00.0000	0.00.0000
93124	Lv3敗亡結晶	ICON_CRYSTAL_005_000		0	0	0		0	3	3	51	0	0	0	0	0	0	0	0	0	0	7;1;0;15556	0	0	10	1	1		0		7	0	0	0	0.00.0000	0.00.0000	0.00.0000	0.00.0000
93125	Lv3莫敵結晶	ICON_CRYSTAL_004_001		0	0	0		0	1	3	51	0	0	0	0	0	0	0	0	0	0	7;2;0;15677	0	0	10	1	1		0		7	0	0	0	0.00.0000	0.00.0000	0.00.0000	0.00.0000
93126	Lv3防護結晶	ICON_CRYSTAL_004_001		0	0	0		0	1	3	51	0	0	0	0	0	0	0	0	0	0	7;2;0;15678	0	0	10	1	1		0		7	0	0	0	0.00.0000	0.00.0000	0.00.0000	0.00.0000
93127	Lv3堡壘結晶	ICON_CRYSTAL_004_001		0	0	0		0	1	3	51	0	0	0	0	0	0	0	0	0	0	7;2;0;15679	0	0	10	1	1		0		7	0	0	0	0.00.0000	0.00.0000	0.00.0000	0.00.0000
93128	Lv3禦敵結晶	ICON_CRYSTAL_004_001		0	0	0		0	1	3	51	0	0	0	0	0	0	0	0	0	0	7;2;0;15680	0	0	10	1	1		0		7	0	0	0	0.00.0000	0.00.0000	0.00.0000	0.00.0000
93129	Lv3趨避結晶	ICON_CRYSTAL_004_001		0	0	0		0	1	3	51	0	0	0	0	0	0	0	0	0	0	7;2;0;15681	0	0	10	1	1		0		7	0	0	0	0.00.0000	0.00.0000	0.00.0000	0.00.0000
93130	Lv3堅壁結晶	ICON_CRYSTAL_004_001		0	0	0		0	1	3	51	0	0	0	0	0	0	0	0	0	0	7;2;0;15682	0	0	10	1	1		0		7	0	0	0	0.00.0000	0.00.0000	0.00.0000	0.00.0000
93131	Lv3鐵血結晶	ICON_CRYSTAL_004_001		0	0	0		0	1	3	51	0	0	0	0	0	0	0	0	0	0	7;2;0;15683	0	0	10	1	1		0		7	0	0	0	0.00.0000	0.00.0000	0.00.0000	0.00.0000
93132	Lv3緩衝結晶	ICON_CRYSTAL_004_001		0	0	0		0	1	3	51	0	0	0	0	0	0	0	0	0	0	7;2;0;15684	0	0	10	1	1		0		7	0	0	0	0.00.0000	0.00.0000	0.00.0000	0.00.0000
93133	Lv3警戒結晶	ICON_CRYSTAL_004_001		0	0	0		0	1	3	51	0	0	0	0	0	0	0	0	0	0	7;2;0;15685	0	0	10	1	1		0		7	0	0	0	0.00.0000	0.00.0000	0.00.0000	0.00.0000
93134	Lv3監視結晶	ICON_CRYSTAL_004_001		0	0	0		0	1	3	51	0	0	0	0	0	0	0	0	0	0	7;2;0;15686	0	0	10	1	1		0		7	0	0	0	0.00.0000	0.00.0000	0.00.0000	0.00.0000
93135	Lv3巡防結晶	ICON_CRYSTAL_005_001		0	0	0		0	2	3	51	0	0	0	0	0	0	0	0	0	0	7;2;0;15687	0	0	10	1	1		0		7	0	0	0	0.00.0000	0.00.0000	0.00.0000	0.00.0000
93136	Lv3安撫結晶	ICON_CRYSTAL_005_001		0	0	0		0	2	3	51	0	0	0	0	0	0	0	0	0	0	7;2;0;15688	0	0	10	1	1		0		7	0	0	0	0.00.0000	0.00.0000	0.00.0000	0.00.0000
93137	Lv3雷池結晶	ICON_CRYSTAL_005_001		0	0	0		0	2	3	51	0	0	0	0	0	0	0	0	0	0	7;2;0;15689	0	0	10	1	1		0		7	0	0	0	0.00.0000	0.00.0000	0.00.0000	0.00.0000
93138	Lv3制裁結晶	ICON_CRYSTAL_005_001		0	0	0		0	2	3	51	0	0	0	0	0	0	0	0	0	0	7;2;0;15690	0	0	10	1	1		0		7	0	0	0	0.00.0000	0.00.0000	0.00.0000	0.00.0000
93139	Lv3領域結晶	ICON_CRYSTAL_005_001		0	0	0		0	2	3	51	0	0	0	0	0	0	0	0	0	0	7;2;0;15691	0	0	10	1	1		0		7	0	0	0	0.00.0000	0.00.0000	0.00.0000	0.00.0000
93140	Lv3閉鎖結晶	ICON_CRYSTAL_005_001		0	0	0		0	2	3	51	0	0	0	0	0	0	0	0	0	0	7;2;0;15692	0	0	10	1	1		0		7	0	0	0	0.00.0000	0.00.0000	0.00.0000	0.00.0000
93141	Lv3連環結晶	ICON_CRYSTAL_005_001		0	0	0		0	3	3	51	0	0	0	0	0	0	0	0	0	0	7;2;0;15693	0	0	10	1	1		0		7	0	0	0	0.00.0000	0.00.0000	0.00.0000	0.00.0000
93142	Lv3同心結晶	ICON_CRYSTAL_005_001		0	0	0		0	3	3	51	0	0	0	0	0	0	0	0	0	0	7;2;0;15694	0	0	10	1	1		0		7	0	0	0	0.00.0000	0.00.0000	0.00.0000	0.00.0000
93143	Lv3邊境結晶	ICON_CRYSTAL_005_001		0	0	0		0	3	3	51	0	0	0	0	0	0	0	0	0	0	7;2;0;15695	0	0	10	1	1		0		7	0	0	0	0.00.0000	0.00.0000	0.00.0000	0.00.0000
93144	Lv3曠野結晶	ICON_CRYSTAL_005_001		0	0	0		0	3	3	51	0	0	0	0	0	0	0	0	0	0	7;2;0;15696	0	0	10	1	1		0		7	0	0	0	0.00.0000	0.00.0000	0.00.0000	0.00.0000
93145	Lv3磨煉結晶	ICON_CRYSTAL_004_002		0	0	0		0	1	3	51	0	0	0	0	0	0	0	0	0	0	7;3;0;15703	0	0	10	1	1		0		7	0	0	0	0.00.0000	0.00.0000	0.00.0000	0.00.0000
93146	Lv3熟悉結晶	ICON_CRYSTAL_004_002		0	0	0		0	1	3	51	0	0	0	0	0	0	0	0	0	0	7;3;0;15704	0	0	10	1	1		0		7	0	0	0	0.00.0000	0.00.0000	0.00.0000	0.00.0000
93147	Lv3裂縫結晶	ICON_CRYSTAL_004_002		0	0	0		0	1	3	51	0	0	0	0	0	0	0	0	0	0	7;3;0;15705	0	0	10	1	1		0		7	0	0	0	0.00.0000	0.00.0000	0.00.0000	0.00.0000
93148	Lv3安全結晶	ICON_CRYSTAL_004_002		0	0	0		0	1	3	51	0	0	0	0	0	0	0	0	0	0	7;3;0;15706	0	0	10	1	1		0		7	0	0	0	0.00.0000	0.00.0000	0.00.0000	0.00.0000
93149	Lv3厚生結晶	ICON_CRYSTAL_004_002		0	0	0		0	1	3	51	0	0	0	0	0	0	0	0	0	0	7;3;0;15707	0	0	10	1	1		0		7	0	0	0	0.00.0000	0.00.0000	0.00.0000	0.00.0000
93150	Lv3競爭結晶	ICON_CRYSTAL_004_002		0	0	0		0	1	3	51	0	0	0	0	0	0	0	0	0	0	7;3;0;15708	0	0	10	1	1		0		7	0	0	0	0.00.0000	0.00.0000	0.00.0000	0.00.0000
93151	Lv3平靜結晶	ICON_CRYSTAL_004_002		0	0	0		0	1	3	51	0	0	0	0	0	0	0	0	0	0	7;3;0;15709	0	0	10	1	1		0		7	0	0	0	0.00.0000	0.00.0000	0.00.0000	0.00.0000
93152	Lv3引導結晶	ICON_CRYSTAL_004_002		0	0	0		0	1	3	51	0	0	0	0	0	0	0	0	0	0	7;3;0;15710	0	0	10	1	1		0		7	0	0	0	0.00.0000	0.00.0000	0.00.0000	0.00.0000
93153	Lv3平安結晶	ICON_CRYSTAL_005_002		0	0	0		0	2	3	51	0	0	0	0	0	0	0	0	0	0	7;3;0;15713	0	0	10	1	1		0		7	0	0	0	0.00.0000	0.00.0000	0.00.0000	0.00.0000
93154	Lv3鼓舞結晶	ICON_CRYSTAL_005_002		0	0	0		0	2	3	51	0	0	0	0	0	0	0	0	0	0	7;3;0;15714	0	0	10	1	1		0		7	0	0	0	0.00.0000	0.00.0000	0.00.0000	0.00.0000
93155	Lv3冷靜結晶	ICON_CRYSTAL_005_002		0	0	0		0	2	3	51	0	0	0	0	0	0	0	0	0	0	7;3;0;15715	0	0	10	1	1		0		7	0	0	0	0.00.0000	0.00.0000	0.00.0000	0.00.0000
93156	Lv3沉默結晶	ICON_CRYSTAL_005_002		0	0	0		0	2	3	51	0	0	0	0	0	0	0	0	0	0	7;3;0;15716	0	0	10	1	1		0		7	0	0	0	0.00.0000	0.00.0000	0.00.0000	0.00.0000
93157	Lv3優勢結晶	ICON_CRYSTAL_005_002		0	0	0		0	2	3	51	0	0	0	0	0	0	0	0	0	0	7;3;0;15717	0	0	10	1	1		0		7	0	0	0	0.00.0000	0.00.0000	0.00.0000	0.00.0000
93158	Lv3夜幕結晶	ICON_CRYSTAL_005_002		0	0	0		0	2	3	51	0	0	0	0	0	0	0	0	0	0	7;3;0;15718	0	0	10	1	1		0		7	0	0	0	0.00.0000	0.00.0000	0.00.0000	0.00.0000
93159	Lv3希望結晶	ICON_CRYSTAL_005_002		0	0	0		0	3	3	51	0	0	0	0	0	0	0	0	0	0	7;3;0;15721	0	0	10	1	1		0		7	0	0	0	0.00.0000	0.00.0000	0.00.0000	0.00.0000
93160	Lv3支援結晶	ICON_CRYSTAL_005_002		0	0	0		0	3	3	51	0	0	0	0	0	0	0	0	0	0	7;3;0;15722	0	0	10	1	1		0		7	0	0	0	0.00.0000	0.00.0000	0.00.0000	0.00.0000
93161	Lv3永恆結晶	ICON_CRYSTAL_005_002		0	0	0		0	3	3	51	0	0	0	0	0	0	0	0	0	0	7;3;0;15723	0	0	10	1	1		0		7	0	0	0	0.00.0000	0.00.0000	0.00.0000	0.00.0000
93162	Lv3援護結晶	ICON_CRYSTAL_005_002		0	0	0		0	3	3	51	0	0	0	0	0	0	0	0	0	0	7;3;0;15724	0	0	10	1	1		0		7	0	0	0	0.00.0000	0.00.0000	0.00.0000	0.00.0000
93163	Lv4接戰結晶	ICON_CRYSTAL_006_000		0	0	0		0	1	4	66	0	0	0	0	0	0	0	0	0	0	7;1;0;15557	0	0	10	1	1		0		7	0	0	0	0.00.0000	0.00.0000	0.00.0000	0.00.0000
93164	Lv4烽火結晶	ICON_CRYSTAL_006_000		0	0	0		0	1	4	66	0	0	0	0	0	0	0	0	0	0	7;1;0;15558	0	0	10	1	1		0		7	0	0	0	0.00.0000	0.00.0000	0.00.0000	0.00.0000
93165	Lv4動亂結晶	ICON_CRYSTAL_006_000		0	0	0		0	1	4	66	0	0	0	0	0	0	0	0	0	0	7;1;0;15559	0	0	10	1	1		0		7	0	0	0	0.00.0000	0.00.0000	0.00.0000	0.00.0000
93166	Lv4紛爭結晶	ICON_CRYSTAL_006_000		0	0	0		0	1	4	66	0	0	0	0	0	0	0	0	0	0	7;1;0;15560	0	0	10	1	1		0		7	0	0	0	0.00.0000	0.00.0000	0.00.0000	0.00.0000
93167	Lv4正義結晶	ICON_CRYSTAL_006_000		0	0	0		0	1	4	66	0	0	0	0	0	0	0	0	0	0	7;1;0;15561	0	0	10	1	1		0		7	0	0	0	0.00.0000	0.00.0000	0.00.0000	0.00.0000
93168	Lv4兵器結晶	ICON_CRYSTAL_006_000		0	0	0		0	1	4	66	0	0	0	0	0	0	0	0	0	0	7;1;0;15562	0	0	10	1	1		0		7	0	0	0	0.00.0000	0.00.0000	0.00.0000	0.00.0000
93169	Lv4格鬥結晶	ICON_CRYSTAL_006_000		0	0	0		0	1	4	66	0	0	0	0	0	0	0	0	0	0	7;1;0;15563	0	0	10	1	1		0		7	0	0	0	0.00.0000	0.00.0000	0.00.0000	0.00.0000
93170	Lv4對峙結晶	ICON_CRYSTAL_006_000		0	0	0		0	1	4	66	0	0	0	0	0	0	0	0	0	0	7;1;0;15564	0	0	10	1	1		0		7	0	0	0	0.00.0000	0.00.0000	0.00.0000	0.00.0000
93171	Lv4勝負結晶	ICON_CRYSTAL_006_000		0	0	0		0	1	4	66	0	0	0	0	0	0	0	0	0	0	7;1;0;15565	0	0	10	1	1		0		7	0	0	0	0.00.0000	0.00.0000	0.00.0000	0.00.0000
93172	Lv4宣戰結晶	ICON_CRYSTAL_006_000		0	0	0		0	1	4	66	0	0	0	0	0	0	0	0	0	0	7;1;0;15566	0	0	10	1	1		0		7	0	0	0	0.00.0000	0.00.0000	0.00.0000	0.00.0000
93173	Lv4威壓結晶	ICON_CRYSTAL_007_000		0	0	0		0	2	4	66	0	0	0	0	0	0	0	0	0	0	7;1;0;15567	0	0	10	1	1		0		7	0	0	0	0.00.0000	0.00.0000	0.00.0000	0.00.0000
93174	Lv4恐怖結晶	ICON_CRYSTAL_007_000		0	0	0		0	2	4	66	0	0	0	0	0	0	0	0	0	0	7;1;0;15568	0	0	10	1	1		0		7	0	0	0	0.00.0000	0.00.0000	0.00.0000	0.00.0000
93175	Lv4緊繃結晶	ICON_CRYSTAL_007_000		0	0	0		0	2	4	66	0	0	0	0	0	0	0	0	0	0	7;1;0;15569	0	0	10	1	1		0		7	0	0	0	0.00.0000	0.00.0000	0.00.0000	0.00.0000
93176	Lv4暴力結晶	ICON_CRYSTAL_007_000		0	0	0		0	2	4	66	0	0	0	0	0	0	0	0	0	0	7;1;0;15570	0	0	10	1	1		0		7	0	0	0	0.00.0000	0.00.0000	0.00.0000	0.00.0000
93177	Lv4熱血結晶	ICON_CRYSTAL_007_000		0	0	0		0	2	4	66	0	0	0	0	0	0	0	0	0	0	7;1;0;15571	0	0	10	1	1		0		7	0	0	0	0.00.0000	0.00.0000	0.00.0000	0.00.0000
93178	Lv4瘋狂結晶	ICON_CRYSTAL_007_000		0	0	0		0	2	4	66	0	0	0	0	0	0	0	0	0	0	7;1;0;15572	0	0	10	1	1		0		7	0	0	0	0.00.0000	0.00.0000	0.00.0000	0.00.0000
93179	Lv4窮兵結晶	ICON_CRYSTAL_007_000		0	0	0		0	3	4	66	0	0	0	0	0	0	0	0	0	0	7;1;0;15573	0	0	10	1	1		0		7	0	0	0	0.00.0000	0.00.0000	0.00.0000	0.00.0000
93180	Lv4生化結晶	ICON_CRYSTAL_007_000		0	0	0		0	3	4	66	0	0	0	0	0	0	0	0	0	0	7;1;0;15574	0	0	10	1	1		0		7	0	0	0	0.00.0000	0.00.0000	0.00.0000	0.00.0000
93181	Lv4殺破結晶	ICON_CRYSTAL_007_000		0	0	0		0	3	4	66	0	0	0	0	0	0	0	0	0	0	7;1;0;15575	0	0	10	1	1		0		7	0	0	0	0.00.0000	0.00.0000	0.00.0000	0.00.0000
93182	Lv4敗亡結晶	ICON_CRYSTAL_007_000		0	0	0		0	3	4	66	0	0	0	0	0	0	0	0	0	0	7;1;0;15576	0	0	10	1	1		0		7	0	0	0	0.00.0000	0.00.0000	0.00.0000	0.00.0000
93183	Lv4莫敵結晶	ICON_CRYSTAL_006_001		0	0	0		0	1	4	66	0	0	0	0	0	0	0	0	0	0	7;2;0;15677	0	0	10	1	1		0		7	0	0	0	0.00.0000	0.00.0000	0.00.0000	0.00.0000
93184	Lv4防護結晶	ICON_CRYSTAL_006_001		0	0	0		0	1	4	66	0	0	0	0	0	0	0	0	0	0	7;2;0;15678	0	0	10	1	1		0		7	0	0	0	0.00.0000	0.00.0000	0.00.0000	0.00.0000
93185	Lv4堡壘結晶	ICON_CRYSTAL_006_001		0	0	0		0	1	4	66	0	0	0	0	0	0	0	0	0	0	7;2;0;15679	0	0	10	1	1		0		7	0	0	0	0.00.0000	0.00.0000	0.00.0000	0.00.0000
93186	Lv4禦敵結晶	ICON_CRYSTAL_006_001		0	0	0		0	1	4	66	0	0	0	0	0	0	0	0	0	0	7;2;0;15680	0	0	10	1	1		0		7	0	0	0	0.00.0000	0.00.0000	0.00.0000	0.00.0000
93187	Lv4趨避結晶	ICON_CRYSTAL_006_001		0	0	0		0	1	4	66	0	0	0	0	0	0	0	0	0	0	7;2;0;15681	0	0	10	1	1		0		7	0	0	0	0.00.0000	0.00.0000	0.00.0000	0.00.0000
93188	Lv4堅壁結晶	ICON_CRYSTAL_006_001		0	0	0		0	1	4	66	0	0	0	0	0	0	0	0	0	0	7;2;0;15682	0	0	10	1	1		0		7	0	0	0	0.00.0000	0.00.0000	0.00.0000	0.00.0000
93189	Lv4鐵血結晶	ICON_CRYSTAL_006_001		0	0	0		0	1	4	66	0	0	0	0	0	0	0	0	0	0	7;2;0;15683	0	0	10	1	1		0		7	0	0	0	0.00.0000	0.00.0000	0.00.0000	0.00.0000
93190	Lv4緩衝結晶	ICON_CRYSTAL_006_001		0	0	0		0	1	4	66	0	0	0	0	0	0	0	0	0	0	7;2;0;15684	0	0	10	1	1		0		7	0	0	0	0.00.0000	0.00.0000	0.00.0000	0.00.0000
93191	Lv4警戒結晶	ICON_CRYSTAL_006_001		0	0	0		0	1	4	66	0	0	0	0	0	0	0	0	0	0	7;2;0;15685	0	0	10	1	1		0		7	0	0	0	0.00.0000	0.00.0000	0.00.0000	0.00.0000
93192	Lv4監視結晶	ICON_CRYSTAL_006_001		0	0	0		0	1	4	66	0	0	0	0	0	0	0	0	0	0	7;2;0;15686	0	0	10	1	1		0		7	0	0	0	0.00.0000	0.00.0000	0.00.0000	0.00.0000
93193	Lv4巡防結晶	ICON_CRYSTAL_007_001		0	0	0		0	2	4	66	0	0	0	0	0	0	0	0	0	0	7;2;0;15687	0	0	10	1	1		0		7	0	0	0	0.00.0000	0.00.0000	0.00.0000	0.00.0000
93194	Lv4安撫結晶	ICON_CRYSTAL_007_001		0	0	0		0	2	4	66	0	0	0	0	0	0	0	0	0	0	7;2;0;15688	0	0	10	1	1		0		7	0	0	0	0.00.0000	0.00.0000	0.00.0000	0.00.0000
93195	Lv4雷池結晶	ICON_CRYSTAL_007_001		0	0	0		0	2	4	66	0	0	0	0	0	0	0	0	0	0	7;2;0;15689	0	0	10	1	1		0		7	0	0	0	0.00.0000	0.00.0000	0.00.0000	0.00.0000
93196	Lv4制裁結晶	ICON_CRYSTAL_007_001		0	0	0		0	2	4	66	0	0	0	0	0	0	0	0	0	0	7;2;0;15690	0	0	10	1	1		0		7	0	0	0	0.00.0000	0.00.0000	0.00.0000	0.00.0000
93197	Lv4領域結晶	ICON_CRYSTAL_007_001		0	0	0		0	2	4	66	0	0	0	0	0	0	0	0	0	0	7;2;0;15691	0	0	10	1	1		0		7	0	0	0	0.00.0000	0.00.0000	0.00.0000	0.00.0000
93198	Lv4閉鎖結晶	ICON_CRYSTAL_007_001		0	0	0		0	2	4	66	0	0	0	0	0	0	0	0	0	0	7;2;0;15692	0	0	10	1	1		0		7	0	0	0	0.00.0000	0.00.0000	0.00.0000	0.00.0000
93199	Lv4連環結晶	ICON_CRYSTAL_007_001		0	0	0		0	3	4	66	0	0	0	0	0	0	0	0	0	0	7;2;0;15693	0	0	10	1	1		0		7	0	0	0	0.00.0000	0.00.0000	0.00.0000	0.00.0000
93200	Lv4同心結晶	ICON_CRYSTAL_007_001		0	0	0		0	3	4	66	0	0	0	0	0	0	0	0	0	0	7;2;0;15694	0	0	10	1	1		0		7	0	0	0	0.00.0000	0.00.0000	0.00.0000	0.00.0000
93201	Lv4邊境結晶	ICON_CRYSTAL_007_001		0	0	0		0	3	4	66	0	0	0	0	0	0	0	0	0	0	7;2;0;15695	0	0	10	1	1		0		7	0	0	0	0.00.0000	0.00.0000	0.00.0000	0.00.0000
93202	Lv4曠野結晶	ICON_CRYSTAL_007_001		0	0	0		0	3	4	66	0	0	0	0	0	0	0	0	0	0	7;2;0;15696	0	0	10	1	1		0		7	0	0	0	0.00.0000	0.00.0000	0.00.0000	0.00.0000
93203	Lv4磨煉結晶	ICON_CRYSTAL_006_002		0	0	0		0	1	4	66	0	0	0	0	0	0	0	0	0	0	7;3;0;15703	0	0	10	1	1		0		7	0	0	0	0.00.0000	0.00.0000	0.00.0000	0.00.0000
93204	Lv4熟悉結晶	ICON_CRYSTAL_006_002		0	0	0		0	1	4	66	0	0	0	0	0	0	0	0	0	0	7;3;0;15704	0	0	10	1	1		0		7	0	0	0	0.00.0000	0.00.0000	0.00.0000	0.00.0000
93205	Lv4裂縫結晶	ICON_CRYSTAL_006_002		0	0	0		0	1	4	66	0	0	0	0	0	0	0	0	0	0	7;3;0;15705	0	0	10	1	1		0		7	0	0	0	0.00.0000	0.00.0000	0.00.0000	0.00.0000
93206	Lv4安全結晶	ICON_CRYSTAL_006_002		0	0	0		0	1	4	66	0	0	0	0	0	0	0	0	0	0	7;3;0;15706	0	0	10	1	1		0		7	0	0	0	0.00.0000	0.00.0000	0.00.0000	0.00.0000
93207	Lv4厚生結晶	ICON_CRYSTAL_006_002		0	0	0		0	1	4	66	0	0	0	0	0	0	0	0	0	0	7;3;0;15707	0	0	10	1	1		0		7	0	0	0	0.00.0000	0.00.0000	0.00.0000	0.00.0000
93208	Lv4競爭結晶	ICON_CRYSTAL_006_002		0	0	0		0	1	4	66	0	0	0	0	0	0	0	0	0	0	7;3;0;15708	0	0	10	1	1		0		7	0	0	0	0.00.0000	0.00.0000	0.00.0000	0.00.0000
93209	Lv4平靜結晶	ICON_CRYSTAL_006_002		0	0	0		0	1	4	66	0	0	0	0	0	0	0	0	0	0	7;3;0;15709	0	0	10	1	1		0		7	0	0	0	0.00.0000	0.00.0000	0.00.0000	0.00.0000
93210	Lv4引導結晶	ICON_CRYSTAL_006_002		0	0	0		0	1	4	66	0	0	0	0	0	0	0	0	0	0	7;3;0;15710	0	0	10	1	1		0		7	0	0	0	0.00.0000	0.00.0000	0.00.0000	0.00.0000
93211	Lv4平安結晶	ICON_CRYSTAL_007_002		0	0	0		0	2	4	66	0	0	0	0	0	0	0	0	0	0	7;3;0;15713	0	0	10	1	1		0		7	0	0	0	0.00.0000	0.00.0000	0.00.0000	0.00.0000
93212	Lv4鼓舞結晶	ICON_CRYSTAL_007_002		0	0	0		0	2	4	66	0	0	0	0	0	0	0	0	0	0	7;3;0;15714	0	0	10	1	1		0		7	0	0	0	0.00.0000	0.00.0000	0.00.0000	0.00.0000
93213	Lv4冷靜結晶	ICON_CRYSTAL_007_002		0	0	0		0	2	4	66	0	0	0	0	0	0	0	0	0	0	7;3;0;15715	0	0	10	1	1		0		7	0	0	0	0.00.0000	0.00.0000	0.00.0000	0.00.0000
93214	Lv4沉默結晶	ICON_CRYSTAL_007_002		0	0	0		0	2	4	66	0	0	0	0	0	0	0	0	0	0	7;3;0;15716	0	0	10	1	1		0		7	0	0	0	0.00.0000	0.00.0000	0.00.0000	0.00.0000
93215	Lv4優勢結晶	ICON_CRYSTAL_007_002		0	0	0		0	2	4	66	0	0	0	0	0	0	0	0	0	0	7;3;0;15717	0	0	10	1	1		0		7	0	0	0	0.00.0000	0.00.0000	0.00.0000	0.00.0000
93216	Lv4夜幕結晶	ICON_CRYSTAL_007_002		0	0	0		0	2	4	66	0	0	0	0	0	0	0	0	0	0	7;3;0;15718	0	0	10	1	1		0		7	0	0	0	0.00.0000	0.00.0000	0.00.0000	0.00.0000
93217	Lv4希望結晶	ICON_CRYSTAL_007_002		0	0	0		0	3	4	66	0	0	0	0	0	0	0	0	0	0	7;3;0;15721	0	0	10	1	1		0		7	0	0	0	0.00.0000	0.00.0000	0.00.0000	0.00.0000
93218	Lv4支援結晶	ICON_CRYSTAL_007_002		0	0	0		0	3	4	66	0	0	0	0	0	0	0	0	0	0	7;3;0;15722	0	0	10	1	1		0		7	0	0	0	0.00.0000	0.00.0000	0.00.0000	0.00.0000
93219	Lv4永恆結晶	ICON_CRYSTAL_007_002		0	0	0		0	3	4	66	0	0	0	0	0	0	0	0	0	0	7;3;0;15723	0	0	10	1	1		0		7	0	0	0	0.00.0000	0.00.0000	0.00.0000	0.00.0000
93220	Lv4援護結晶	ICON_CRYSTAL_007_002		0	0	0		0	3	4	66	0	0	0	0	0	0	0	0	0	0	7;3;0;15724	0	0	10	1	1		0		7	0	0	0	0.00.0000	0.00.0000	0.00.0000	0.00.0000
93221	Lv5接戰結晶	ICON_CRYSTAL_008_000		0	0	0		0	1	5	81	0	0	0	0	0	0	0	0	0	0	7;1;0;15577	0	0	10	1	1		0		7	0	0	0	0.00.0000	0.00.0000	0.00.0000	0.00.0000
93222	Lv5烽火結晶	ICON_CRYSTAL_008_000		0	0	0		0	1	5	81	0	0	0	0	0	0	0	0	0	0	7;1;0;15578	0	0	10	1	1		0		7	0	0	0	0.00.0000	0.00.0000	0.00.0000	0.00.0000
93223	Lv5動亂結晶	ICON_CRYSTAL_008_000		0	0	0		0	1	5	81	0	0	0	0	0	0	0	0	0	0	7;1;0;15579	0	0	10	1	1		0		7	0	0	0	0.00.0000	0.00.0000	0.00.0000	0.00.0000
93224	Lv5紛爭結晶	ICON_CRYSTAL_008_000		0	0	0		0	1	5	81	0	0	0	0	0	0	0	0	0	0	7;1;0;15580	0	0	10	1	1		0		7	0	0	0	0.00.0000	0.00.0000	0.00.0000	0.00.0000
93225	Lv5正義結晶	ICON_CRYSTAL_008_000		0	0	0		0	1	5	81	0	0	0	0	0	0	0	0	0	0	7;1;0;15581	0	0	10	1	1		0		7	0	0	0	0.00.0000	0.00.0000	0.00.0000	0.00.0000
93226	Lv5兵器結晶	ICON_CRYSTAL_008_000		0	0	0		0	1	5	81	0	0	0	0	0	0	0	0	0	0	7;1;0;15582	0	0	10	1	1		0		7	0	0	0	0.00.0000	0.00.0000	0.00.0000	0.00.0000
93227	Lv5格鬥結晶	ICON_CRYSTAL_008_000		0	0	0		0	1	5	81	0	0	0	0	0	0	0	0	0	0	7;1;0;15583	0	0	10	1	1		0		7	0	0	0	0.00.0000	0.00.0000	0.00.0000	0.00.0000
93228	Lv5對峙結晶	ICON_CRYSTAL_008_000		0	0	0		0	1	5	81	0	0	0	0	0	0	0	0	0	0	7;1;0;15584	0	0	10	1	1		0		7	0	0	0	0.00.0000	0.00.0000	0.00.0000	0.00.0000
93229	Lv5勝負結晶	ICON_CRYSTAL_008_000		0	0	0		0	1	5	81	0	0	0	0	0	0	0	0	0	0	7;1;0;15585	0	0	10	1	1		0		7	0	0	0	0.00.0000	0.00.0000	0.00.0000	0.00.0000
93230	Lv5宣戰結晶	ICON_CRYSTAL_008_000		0	0	0		0	1	5	81	0	0	0	0	0	0	0	0	0	0	7;1;0;15586	0	0	10	1	1		0		7	0	0	0	0.00.0000	0.00.0000	0.00.0000	0.00.0000
93231	Lv5威壓結晶	ICON_CRYSTAL_009_000		0	0	0		0	2	5	81	0	0	0	0	0	0	0	0	0	0	7;1;0;15587	0	0	10	1	1		0		7	0	0	0	0.00.0000	0.00.0000	0.00.0000	0.00.0000
93232	Lv5恐怖結晶	ICON_CRYSTAL_009_000		0	0	0		0	2	5	81	0	0	0	0	0	0	0	0	0	0	7;1;0;15588	0	0	10	1	1		0		7	0	0	0	0.00.0000	0.00.0000	0.00.0000	0.00.0000
93233	Lv5緊繃結晶	ICON_CRYSTAL_009_000		0	0	0		0	2	5	81	0	0	0	0	0	0	0	0	0	0	7;1;0;15589	0	0	10	1	1		0		7	0	0	0	0.00.0000	0.00.0000	0.00.0000	0.00.0000
93234	Lv5暴力結晶	ICON_CRYSTAL_009_000		0	0	0		0	2	5	81	0	0	0	0	0	0	0	0	0	0	7;1;0;15590	0	0	10	1	1		0		7	0	0	0	0.00.0000	0.00.0000	0.00.0000	0.00.0000
93235	Lv5熱血結晶	ICON_CRYSTAL_009_000		0	0	0		0	2	5	81	0	0	0	0	0	0	0	0	0	0	7;1;0;15591	0	0	10	1	1		0		7	0	0	0	0.00.0000	0.00.0000	0.00.0000	0.00.0000
93236	Lv5瘋狂結晶	ICON_CRYSTAL_009_000		0	0	0		0	2	5	81	0	0	0	0	0	0	0	0	0	0	7;1;0;15592	0	0	10	1	1		0		7	0	0	0	0.00.0000	0.00.0000	0.00.0000	0.00.0000
93237	Lv5窮兵結晶	ICON_CRYSTAL_009_000		0	0	0		0	3	5	81	0	0	0	0	0	0	0	0	0	0	7;1;0;15593	0	0	10	1	1		0		7	0	0	0	0.00.0000	0.00.0000	0.00.0000	0.00.0000
93238	Lv5生化結晶	ICON_CRYSTAL_009_000		0	0	0		0	3	5	81	0	0	0	0	0	0	0	0	0	0	7;1;0;15594	0	0	10	1	1		0		7	0	0	0	0.00.0000	0.00.0000	0.00.0000	0.00.0000
93239	Lv5殺破結晶	ICON_CRYSTAL_009_000		0	0	0		0	3	5	81	0	0	0	0	0	0	0	0	0	0	7;1;0;15595	0	0	10	1	1		0		7	0	0	0	0.00.0000	0.00.0000	0.00.0000	0.00.0000
93240	Lv5敗亡結晶	ICON_CRYSTAL_009_000		0	0	0		0	3	5	81	0	0	0	0	0	0	0	0	0	0	7;1;0;15596	0	0	10	1	1		0		7	0	0	0	0.00.0000	0.00.0000	0.00.0000	0.00.0000
93241	Lv5莫敵結晶	ICON_CRYSTAL_008_001		0	0	0		0	1	5	81	0	0	0	0	0	0	0	0	0	0	7;2;0;15677	0	0	10	1	1		0		7	0	0	0	0.00.0000	0.00.0000	0.00.0000	0.00.0000
93242	Lv5防護結晶	ICON_CRYSTAL_008_001		0	0	0		0	1	5	81	0	0	0	0	0	0	0	0	0	0	7;2;0;15678	0	0	10	1	1		0		7	0	0	0	0.00.0000	0.00.0000	0.00.0000	0.00.0000
93243	Lv5堡壘結晶	ICON_CRYSTAL_008_001		0	0	0		0	1	5	81	0	0	0	0	0	0	0	0	0	0	7;2;0;15679	0	0	10	1	1		0		7	0	0	0	0.00.0000	0.00.0000	0.00.0000	0.00.0000
93244	Lv5禦敵結晶	ICON_CRYSTAL_008_001		0	0	0		0	1	5	81	0	0	0	0	0	0	0	0	0	0	7;2;0;15680	0	0	10	1	1		0		7	0	0	0	0.00.0000	0.00.0000	0.00.0000	0.00.0000
93245	Lv5趨避結晶	ICON_CRYSTAL_008_001		0	0	0		0	1	5	81	0	0	0	0	0	0	0	0	0	0	7;2;0;15681	0	0	10	1	1		0		7	0	0	0	0.00.0000	0.00.0000	0.00.0000	0.00.0000
93246	Lv5堅壁結晶	ICON_CRYSTAL_008_001		0	0	0		0	1	5	81	0	0	0	0	0	0	0	0	0	0	7;2;0;15682	0	0	10	1	1		0		7	0	0	0	0.00.0000	0.00.0000	0.00.0000	0.00.0000
93247	Lv5鐵血結晶	ICON_CRYSTAL_008_001		0	0	0		0	1	5	81	0	0	0	0	0	0	0	0	0	0	7;2;0;15683	0	0	10	1	1		0		7	0	0	0	0.00.0000	0.00.0000	0.00.0000	0.00.0000
93248	Lv5緩衝結晶	ICON_CRYSTAL_008_001		0	0	0		0	1	5	81	0	0	0	0	0	0	0	0	0	0	7;2;0;15684	0	0	10	1	1		0		7	0	0	0	0.00.0000	0.00.0000	0.00.0000	0.00.0000
93249	Lv5警戒結晶	ICON_CRYSTAL_008_001		0	0	0		0	1	5	81	0	0	0	0	0	0	0	0	0	0	7;2;0;15685	0	0	10	1	1		0		7	0	0	0	0.00.0000	0.00.0000	0.00.0000	0.00.0000
93250	Lv5監視結晶	ICON_CRYSTAL_008_001		0	0	0		0	1	5	81	0	0	0	0	0	0	0	0	0	0	7;2;0;15686	0	0	10	1	1		0		7	0	0	0	0.00.0000	0.00.0000	0.00.0000	0.00.0000
93251	Lv5巡防結晶	ICON_CRYSTAL_009_001		0	0	0		0	2	5	81	0	0	0	0	0	0	0	0	0	0	7;2;0;15687	0	0	10	1	1		0		7	0	0	0	0.00.0000	0.00.0000	0.00.0000	0.00.0000
93252	Lv5安撫結晶	ICON_CRYSTAL_009_001		0	0	0		0	2	5	81	0	0	0	0	0	0	0	0	0	0	7;2;0;15688	0	0	10	1	1		0		7	0	0	0	0.00.0000	0.00.0000	0.00.0000	0.00.0000
93253	Lv5雷池結晶	ICON_CRYSTAL_009_001		0	0	0		0	2	5	81	0	0	0	0	0	0	0	0	0	0	7;2;0;15689	0	0	10	1	1		0		7	0	0	0	0.00.0000	0.00.0000	0.00.0000	0.00.0000
93254	Lv5制裁結晶	ICON_CRYSTAL_009_001		0	0	0		0	2	5	81	0	0	0	0	0	0	0	0	0	0	7;2;0;15690	0	0	10	1	1		0		7	0	0	0	0.00.0000	0.00.0000	0.00.0000	0.00.0000
93255	Lv5領域結晶	ICON_CRYSTAL_009_001		0	0	0		0	2	5	81	0	0	0	0	0	0	0	0	0	0	7;2;0;15691	0	0	10	1	1		0		7	0	0	0	0.00.0000	0.00.0000	0.00.0000	0.00.0000
93256	Lv5閉鎖結晶	ICON_CRYSTAL_009_001		0	0	0		0	2	5	81	0	0	0	0	0	0	0	0	0	0	7;2;0;15692	0	0	10	1	1		0		7	0	0	0	0.00.0000	0.00.0000	0.00.0000	0.00.0000
93257	Lv5連環結晶	ICON_CRYSTAL_009_001		0	0	0		0	3	5	81	0	0	0	0	0	0	0	0	0	0	7;2;0;15693	0	0	10	1	1		0		7	0	0	0	0.00.0000	0.00.0000	0.00.0000	0.00.0000
93258	Lv5同心結晶	ICON_CRYSTAL_009_001		0	0	0		0	3	5	81	0	0	0	0	0	0	0	0	0	0	7;2;0;15694	0	0	10	1	1		0		7	0	0	0	0.00.0000	0.00.0000	0.00.0000	0.00.0000
93259	Lv5邊境結晶	ICON_CRYSTAL_009_001		0	0	0		0	3	5	81	0	0	0	0	0	0	0	0	0	0	7;2;0;15697	0	0	10	1	1		0		7	0	0	0	0.00.0000	0.00.0000	0.00.0000	0.00.0000
93260	Lv5曠野結晶	ICON_CRYSTAL_009_001		0	0	0		0	3	5	81	0	0	0	0	0	0	0	0	0	0	7;2;0;15698	0	0	10	1	1		0		7	0	0	0	0.00.0000	0.00.0000	0.00.0000	0.00.0000
93261	Lv5磨煉結晶	ICON_CRYSTAL_008_002		0	0	0		0	1	5	81	0	0	0	0	0	0	0	0	0	0	7;3;0;15703	0	0	10	1	1		0		7	0	0	0	0.00.0000	0.00.0000	0.00.0000	0.00.0000
93262	Lv5熟悉結晶	ICON_CRYSTAL_008_002		0	0	0		0	1	5	81	0	0	0	0	0	0	0	0	0	0	7;3;0;15704	0	0	10	1	1		0		7	0	0	0	0.00.0000	0.00.0000	0.00.0000	0.00.0000
93263	Lv5裂縫結晶	ICON_CRYSTAL_008_002		0	0	0		0	1	5	81	0	0	0	0	0	0	0	0	0	0	7;3;0;15705	0	0	10	1	1		0		7	0	0	0	0.00.0000	0.00.0000	0.00.0000	0.00.0000
93264	Lv5安全結晶	ICON_CRYSTAL_008_002		0	0	0		0	1	5	81	0	0	0	0	0	0	0	0	0	0	7;3;0;15706	0	0	10	1	1		0		7	0	0	0	0.00.0000	0.00.0000	0.00.0000	0.00.0000
93265	Lv5厚生結晶	ICON_CRYSTAL_008_002		0	0	0		0	1	5	81	0	0	0	0	0	0	0	0	0	0	7;3;0;15707	0	0	10	1	1		0		7	0	0	0	0.00.0000	0.00.0000	0.00.0000	0.00.0000
93266	Lv5競爭結晶	ICON_CRYSTAL_008_002		0	0	0		0	1	5	81	0	0	0	0	0	0	0	0	0	0	7;3;0;15708	0	0	10	1	1		0		7	0	0	0	0.00.0000	0.00.0000	0.00.0000	0.00.0000
93267	Lv5平靜結晶	ICON_CRYSTAL_008_002		0	0	0		0	1	5	81	0	0	0	0	0	0	0	0	0	0	7;3;0;15709	0	0	10	1	1		0		7	0	0	0	0.00.0000	0.00.0000	0.00.0000	0.00.0000
93268	Lv5引導結晶	ICON_CRYSTAL_008_002		0	0	0		0	1	5	81	0	0	0	0	0	0	0	0	0	0	7;3;0;15710	0	0	10	1	1		0		7	0	0	0	0.00.0000	0.00.0000	0.00.0000	0.00.0000
93269	Lv5平安結晶	ICON_CRYSTAL_009_002		0	0	0		0	2	5	81	0	0	0	0	0	0	0	0	0	0	7;3;0;15713	0	0	10	1	1		0		7	0	0	0	0.00.0000	0.00.0000	0.00.0000	0.00.0000
93270	Lv5鼓舞結晶	ICON_CRYSTAL_009_002		0	0	0		0	2	5	81	0	0	0	0	0	0	0	0	0	0	7;3;0;15714	0	0	10	1	1		0		7	0	0	0	0.00.0000	0.00.0000	0.00.0000	0.00.0000
93271	Lv5冷靜結晶	ICON_CRYSTAL_009_002		0	0	0		0	2	5	81	0	0	0	0	0	0	0	0	0	0	7;3;0;15715	0	0	10	1	1		0		7	0	0	0	0.00.0000	0.00.0000	0.00.0000	0.00.0000
93272	Lv5沉默結晶	ICON_CRYSTAL_009_002		0	0	0		0	2	5	81	0	0	0	0	0	0	0	0	0	0	7;3;0;15716	0	0	10	1	1		0		7	0	0	0	0.00.0000	0.00.0000	0.00.0000	0.00.0000
93273	Lv5優勢結晶	ICON_CRYSTAL_009_002		0	0	0		0	2	5	81	0	0	0	0	0	0	0	0	0	0	7;3;0;15717	0	0	10	1	1		0		7	0	0	0	0.00.0000	0.00.0000	0.00.0000	0.00.0000
93274	Lv5夜幕結晶	ICON_CRYSTAL_009_002		0	0	0		0	2	5	81	0	0	0	0	0	0	0	0	0	0	7;3;0;15718	0	0	10	1	1		0		7	0	0	0	0.00.0000	0.00.0000	0.00.0000	0.00.0000
93275	Lv5希望結晶	ICON_CRYSTAL_009_002		0	0	0		0	3	5	81	0	0	0	0	0	0	0	0	0	0	7;3;0;15725	0	0	10	1	1		0		7	0	0	0	0.00.0000	0.00.0000	0.00.0000	0.00.0000
93276	Lv5支援結晶	ICON_CRYSTAL_009_002		0	0	0		0	3	5	81	0	0	0	0	0	0	0	0	0	0	7;3;0;15726	0	0	10	1	1		0		7	0	0	0	0.00.0000	0.00.0000	0.00.0000	0.00.0000
93277	Lv5永恆結晶	ICON_CRYSTAL_009_002		0	0	0		0	3	5	81	0	0	0	0	0	0	0	0	0	0	7;3;0;15727	0	0	10	1	1		0		7	0	0	0	0.00.0000	0.00.0000	0.00.0000	0.00.0000
93278	Lv5援護結晶	ICON_CRYSTAL_009_002		0	0	0		0	3	5	81	0	0	0	0	0	0	0	0	0	0	7;3;0;15728	0	0	10	1	1		0		7	0	0	0	0.00.0000	0.00.0000	0.00.0000	0.00.0000
93279	Lv6接戰結晶	ICON_CRYSTAL_010_000		0	0	0		0	1	6	91	0	0	0	0	0	0	0	0	0	0	7;1;0;15597	0	0	10	1	1		0		7	0	0	0	0.00.0000	0.00.0000	0.00.0000	0.00.0000
93280	Lv6烽火結晶	ICON_CRYSTAL_010_000		0	0	0		0	1	6	91	0	0	0	0	0	0	0	0	0	0	7;1;0;15598	0	0	10	1	1		0		7	0	0	0	0.00.0000	0.00.0000	0.00.0000	0.00.0000
93281	Lv6動亂結晶	ICON_CRYSTAL_010_000		0	0	0		0	1	6	91	0	0	0	0	0	0	0	0	0	0	7;1;0;15599	0	0	10	1	1		0		7	0	0	0	0.00.0000	0.00.0000	0.00.0000	0.00.0000
93282	Lv6紛爭結晶	ICON_CRYSTAL_010_000		0	0	0		0	1	6	91	0	0	0	0	0	0	0	0	0	0	7;1;0;15600	0	0	10	1	1		0		7	0	0	0	0.00.0000	0.00.0000	0.00.0000	0.00.0000
93283	Lv6正義結晶	ICON_CRYSTAL_010_000		0	0	0		0	1	6	91	0	0	0	0	0	0	0	0	0	0	7;1;0;15601	0	0	10	1	1		0		7	0	0	0	0.00.0000	0.00.0000	0.00.0000	0.00.0000
93284	Lv6兵器結晶	ICON_CRYSTAL_010_000		0	0	0		0	1	6	91	0	0	0	0	0	0	0	0	0	0	7;1;0;15602	0	0	10	1	1		0		7	0	0	0	0.00.0000	0.00.0000	0.00.0000	0.00.0000
93285	Lv6格鬥結晶	ICON_CRYSTAL_010_000		0	0	0		0	1	6	91	0	0	0	0	0	0	0	0	0	0	7;1;0;15603	0	0	10	1	1		0		7	0	0	0	0.00.0000	0.00.0000	0.00.0000	0.00.0000
93286	Lv6對峙結晶	ICON_CRYSTAL_010_000		0	0	0		0	1	6	91	0	0	0	0	0	0	0	0	0	0	7;1;0;15604	0	0	10	1	1		0		7	0	0	0	0.00.0000	0.00.0000	0.00.0000	0.00.0000
93287	Lv6勝負結晶	ICON_CRYSTAL_010_000		0	0	0		0	1	6	91	0	0	0	0	0	0	0	0	0	0	7;1;0;15605	0	0	10	1	1		0		7	0	0	0	0.00.0000	0.00.0000	0.00.0000	0.00.0000
93288	Lv6宣戰結晶	ICON_CRYSTAL_010_000		0	0	0		0	1	6	91	0	0	0	0	0	0	0	0	0	0	7;1;0;15606	0	0	10	1	1		0		7	0	0	0	0.00.0000	0.00.0000	0.00.0000	0.00.0000
93289	Lv6威壓結晶	ICON_CRYSTAL_011_000		0	0	0		0	2	6	91	0	0	0	0	0	0	0	0	0	0	7;1;0;15607	0	0	10	1	1		0		7	0	0	0	0.00.0000	0.00.0000	0.00.0000	0.00.0000
93290	Lv6恐怖結晶	ICON_CRYSTAL_011_000		0	0	0		0	2	6	91	0	0	0	0	0	0	0	0	0	0	7;1;0;15608	0	0	10	1	1		0		7	0	0	0	0.00.0000	0.00.0000	0.00.0000	0.00.0000
93291	Lv6緊繃結晶	ICON_CRYSTAL_011_000		0	0	0		0	2	6	91	0	0	0	0	0	0	0	0	0	0	7;1;0;15609	0	0	10	1	1		0		7	0	0	0	0.00.0000	0.00.0000	0.00.0000	0.00.0000
93292	Lv6暴力結晶	ICON_CRYSTAL_011_000		0	0	0		0	2	6	91	0	0	0	0	0	0	0	0	0	0	7;1;0;15610	0	0	10	1	1		0		7	0	0	0	0.00.0000	0.00.0000	0.00.0000	0.00.0000
93293	Lv6熱血結晶	ICON_CRYSTAL_011_000		0	0	0		0	2	6	91	0	0	0	0	0	0	0	0	0	0	7;1;0;15611	0	0	10	1	1		0		7	0	0	0	0.00.0000	0.00.0000	0.00.0000	0.00.0000
93294	Lv6瘋狂結晶	ICON_CRYSTAL_011_000		0	0	0		0	2	6	91	0	0	0	0	0	0	0	0	0	0	7;1;0;15612	0	0	10	1	1		0		7	0	0	0	0.00.0000	0.00.0000	0.00.0000	0.00.0000
93295	Lv6窮兵結晶	ICON_CRYSTAL_011_000		0	0	0		0	3	6	91	0	0	0	0	0	0	0	0	0	0	7;1;0;15613	0	0	10	1	1		0		7	0	0	0	0.00.0000	0.00.0000	0.00.0000	0.00.0000
93296	Lv6生化結晶	ICON_CRYSTAL_011_000		0	0	0		0	3	6	91	0	0	0	0	0	0	0	0	0	0	7;1;0;15614	0	0	10	1	1		0		7	0	0	0	0.00.0000	0.00.0000	0.00.0000	0.00.0000
93297	Lv6殺破結晶	ICON_CRYSTAL_011_000		0	0	0		0	3	6	91	0	0	0	0	0	0	0	0	0	0	7;1;0;15615	0	0	10	1	1		0		7	0	0	0	0.00.0000	0.00.0000	0.00.0000	0.00.0000
93298	Lv6敗亡結晶	ICON_CRYSTAL_011_000		0	0	0		0	3	6	91	0	0	0	0	0	0	0	0	0	0	7;1;0;15616	0	0	10	1	1		0		7	0	0	0	0.00.0000	0.00.0000	0.00.0000	0.00.0000
93299	Lv6莫敵結晶	ICON_CRYSTAL_010_001		0	0	0		0	1	6	91	0	0	0	0	0	0	0	0	0	0	7;2;0;15677	0	0	10	1	1		0		7	0	0	0	0.00.0000	0.00.0000	0.00.0000	0.00.0000
93300	Lv6防護結晶	ICON_CRYSTAL_010_001		0	0	0		0	1	6	91	0	0	0	0	0	0	0	0	0	0	7;2;0;15678	0	0	10	1	1		0		7	0	0	0	0.00.0000	0.00.0000	0.00.0000	0.00.0000
93301	Lv6堡壘結晶	ICON_CRYSTAL_010_001		0	0	0		0	1	6	91	0	0	0	0	0	0	0	0	0	0	7;2;0;15679	0	0	10	1	1		0		7	0	0	0	0.00.0000	0.00.0000	0.00.0000	0.00.0000
93302	Lv6禦敵結晶	ICON_CRYSTAL_010_001		0	0	0		0	1	6	91	0	0	0	0	0	0	0	0	0	0	7;2;0;15680	0	0	10	1	1		0		7	0	0	0	0.00.0000	0.00.0000	0.00.0000	0.00.0000
93303	Lv6趨避結晶	ICON_CRYSTAL_010_001		0	0	0		0	1	6	91	0	0	0	0	0	0	0	0	0	0	7;2;0;15681	0	0	10	1	1		0		7	0	0	0	0.00.0000	0.00.0000	0.00.0000	0.00.0000
93304	Lv6堅壁結晶	ICON_CRYSTAL_010_001		0	0	0		0	1	6	91	0	0	0	0	0	0	0	0	0	0	7;2;0;15682	0	0	10	1	1		0		7	0	0	0	0.00.0000	0.00.0000	0.00.0000	0.00.0000
93305	Lv6鐵血結晶	ICON_CRYSTAL_010_001		0	0	0		0	1	6	91	0	0	0	0	0	0	0	0	0	0	7;2;0;15683	0	0	10	1	1		0		7	0	0	0	0.00.0000	0.00.0000	0.00.0000	0.00.0000
93306	Lv6緩衝結晶	ICON_CRYSTAL_010_001		0	0	0		0	1	6	91	0	0	0	0	0	0	0	0	0	0	7;2;0;15684	0	0	10	1	1		0		7	0	0	0	0.00.0000	0.00.0000	0.00.0000	0.00.0000
93307	Lv6警戒結晶	ICON_CRYSTAL_010_001		0	0	0		0	1	6	91	0	0	0	0	0	0	0	0	0	0	7;2;0;15685	0	0	10	1	1		0		7	0	0	0	0.00.0000	0.00.0000	0.00.0000	0.00.0000
93308	Lv6監視結晶	ICON_CRYSTAL_010_001		0	0	0		0	1	6	91	0	0	0	0	0	0	0	0	0	0	7;2;0;15686	0	0	10	1	1		0		7	0	0	0	0.00.0000	0.00.0000	0.00.0000	0.00.0000
93309	Lv6巡防結晶	ICON_CRYSTAL_011_001		0	0	0		0	2	6	91	0	0	0	0	0	0	0	0	0	0	7;2;0;15687	0	0	10	1	1		0		7	0	0	0	0.00.0000	0.00.0000	0.00.0000	0.00.0000
93310	Lv6安撫結晶	ICON_CRYSTAL_011_001		0	0	0		0	2	6	91	0	0	0	0	0	0	0	0	0	0	7;2;0;15688	0	0	10	1	1		0		7	0	0	0	0.00.0000	0.00.0000	0.00.0000	0.00.0000
93311	Lv6雷池結晶	ICON_CRYSTAL_011_001		0	0	0		0	2	6	91	0	0	0	0	0	0	0	0	0	0	7;2;0;15689	0	0	10	1	1		0		7	0	0	0	0.00.0000	0.00.0000	0.00.0000	0.00.0000
93312	Lv6制裁結晶	ICON_CRYSTAL_011_001		0	0	0		0	2	6	91	0	0	0	0	0	0	0	0	0	0	7;2;0;15690	0	0	10	1	1		0		7	0	0	0	0.00.0000	0.00.0000	0.00.0000	0.00.0000
93313	Lv6領域結晶	ICON_CRYSTAL_011_001		0	0	0		0	2	6	91	0	0	0	0	0	0	0	0	0	0	7;2;0;15691	0	0	10	1	1		0		7	0	0	0	0.00.0000	0.00.0000	0.00.0000	0.00.0000
93314	Lv6閉鎖結晶	ICON_CRYSTAL_011_001		0	0	0		0	2	6	91	0	0	0	0	0	0	0	0	0	0	7;2;0;15692	0	0	10	1	1		0		7	0	0	0	0.00.0000	0.00.0000	0.00.0000	0.00.0000
93315	Lv6連環結晶	ICON_CRYSTAL_011_001		0	0	0		0	3	6	91	0	0	0	0	0	0	0	0	0	0	7;2;0;15693	0	0	10	1	1		0		7	0	0	0	0.00.0000	0.00.0000	0.00.0000	0.00.0000
93316	Lv6同心結晶	ICON_CRYSTAL_011_001		0	0	0		0	3	6	91	0	0	0	0	0	0	0	0	0	0	7;2;0;15694	0	0	10	1	1		0		7	0	0	0	0.00.0000	0.00.0000	0.00.0000	0.00.0000
93317	Lv6邊境結晶	ICON_CRYSTAL_011_001		0	0	0		0	3	6	91	0	0	0	0	0	0	0	0	0	0	7;2;0;15697	0	0	10	1	1		0		7	0	0	0	0.00.0000	0.00.0000	0.00.0000	0.00.0000
93318	Lv6曠野結晶	ICON_CRYSTAL_011_001		0	0	0		0	3	6	91	0	0	0	0	0	0	0	0	0	0	7;2;0;15698	0	0	10	1	1		0		7	0	0	0	0.00.0000	0.00.0000	0.00.0000	0.00.0000
93319	Lv6磨煉結晶	ICON_CRYSTAL_010_002		0	0	0		0	1	6	91	0	0	0	0	0	0	0	0	0	0	7;3;0;15703	0	0	10	1	1		0		7	0	0	0	0.00.0000	0.00.0000	0.00.0000	0.00.0000
93320	Lv6熟悉結晶	ICON_CRYSTAL_010_002		0	0	0		0	1	6	91	0	0	0	0	0	0	0	0	0	0	7;3;0;15704	0	0	10	1	1		0		7	0	0	0	0.00.0000	0.00.0000	0.00.0000	0.00.0000
93321	Lv6裂縫結晶	ICON_CRYSTAL_010_002		0	0	0		0	1	6	91	0	0	0	0	0	0	0	0	0	0	7;3;0;15705	0	0	10	1	1		0		7	0	0	0	0.00.0000	0.00.0000	0.00.0000	0.00.0000
93322	Lv6安全結晶	ICON_CRYSTAL_010_002		0	0	0		0	1	6	91	0	0	0	0	0	0	0	0	0	0	7;3;0;15706	0	0	10	1	1		0		7	0	0	0	0.00.0000	0.00.0000	0.00.0000	0.00.0000
93323	Lv6厚生結晶	ICON_CRYSTAL_010_002		0	0	0		0	1	6	91	0	0	0	0	0	0	0	0	0	0	7;3;0;15707	0	0	10	1	1		0		7	0	0	0	0.00.0000	0.00.0000	0.00.0000	0.00.0000
93324	Lv6競爭結晶	ICON_CRYSTAL_010_002		0	0	0		0	1	6	91	0	0	0	0	0	0	0	0	0	0	7;3;0;15708	0	0	10	1	1		0		7	0	0	0	0.00.0000	0.00.0000	0.00.0000	0.00.0000
93325	Lv6平靜結晶	ICON_CRYSTAL_010_002		0	0	0		0	1	6	91	0	0	0	0	0	0	0	0	0	0	7;3;0;15709	0	0	10	1	1		0		7	0	0	0	0.00.0000	0.00.0000	0.00.0000	0.00.0000
93326	Lv6引導結晶	ICON_CRYSTAL_010_002		0	0	0		0	1	6	91	0	0	0	0	0	0	0	0	0	0	7;3;0;15710	0	0	10	1	1		0		7	0	0	0	0.00.0000	0.00.0000	0.00.0000	0.00.0000
93327	Lv6平安結晶	ICON_CRYSTAL_011_002		0	0	0		0	2	6	91	0	0	0	0	0	0	0	0	0	0	7;3;0;15713	0	0	10	1	1		0		7	0	0	0	0.00.0000	0.00.0000	0.00.0000	0.00.0000
93328	Lv6鼓舞結晶	ICON_CRYSTAL_011_002		0	0	0		0	2	6	91	0	0	0	0	0	0	0	0	0	0	7;3;0;15714	0	0	10	1	1		0		7	0	0	0	0.00.0000	0.00.0000	0.00.0000	0.00.0000
93329	Lv6冷靜結晶	ICON_CRYSTAL_011_002		0	0	0		0	2	6	91	0	0	0	0	0	0	0	0	0	0	7;3;0;15715	0	0	10	1	1		0		7	0	0	0	0.00.0000	0.00.0000	0.00.0000	0.00.0000
93330	Lv6沉默結晶	ICON_CRYSTAL_011_002		0	0	0		0	2	6	91	0	0	0	0	0	0	0	0	0	0	7;3;0;15716	0	0	10	1	1		0		7	0	0	0	0.00.0000	0.00.0000	0.00.0000	0.00.0000
93331	Lv6優勢結晶	ICON_CRYSTAL_011_002		0	0	0		0	2	6	91	0	0	0	0	0	0	0	0	0	0	7;3;0;15717	0	0	10	1	1		0		7	0	0	0	0.00.0000	0.00.0000	0.00.0000	0.00.0000
93332	Lv6夜幕結晶	ICON_CRYSTAL_011_002		0	0	0		0	2	6	91	0	0	0	0	0	0	0	0	0	0	7;3;0;15718	0	0	10	1	1		0		7	0	0	0	0.00.0000	0.00.0000	0.00.0000	0.00.0000
93333	Lv6希望結晶	ICON_CRYSTAL_011_002		0	0	0		0	3	6	91	0	0	0	0	0	0	0	0	0	0	7;3;0;15725	0	0	10	1	1		0		7	0	0	0	0.00.0000	0.00.0000	0.00.0000	0.00.0000
93334	Lv6支援結晶	ICON_CRYSTAL_011_002		0	0	0		0	3	6	91	0	0	0	0	0	0	0	0	0	0	7;3;0;15726	0	0	10	1	1		0		7	0	0	0	0.00.0000	0.00.0000	0.00.0000	0.00.0000
93335	Lv6永恆結晶	ICON_CRYSTAL_011_002		0	0	0		0	3	6	91	0	0	0	0	0	0	0	0	0	0	7;3;0;15727	0	0	10	1	1		0		7	0	0	0	0.00.0000	0.00.0000	0.00.0000	0.00.0000
93336	Lv6援護結晶	ICON_CRYSTAL_011_002		0	0	0		0	3	6	91	0	0	0	0	0	0	0	0	0	0	7;3;0;15728	0	0	10	1	1		0		7	0	0	0	0.00.0000	0.00.0000	0.00.0000	0.00.0000
93337	Lv7接戰結晶	ICON_CRYSTAL_012_000		0	0	0		0	1	7	101	0	0	0	0	0	0	0	0	0	0	7;1;0;15617	0	0	10	1	1		0		7	0	0	0	0.00.0000	0.00.0000	0.00.0000	0.00.0000
93338	Lv7烽火結晶	ICON_CRYSTAL_012_000		0	0	0		0	1	7	101	0	0	0	0	0	0	0	0	0	0	7;1;0;15618	0	0	10	1	1		0		7	0	0	0	0.00.0000	0.00.0000	0.00.0000	0.00.0000
93339	Lv7動亂結晶	ICON_CRYSTAL_012_000		0	0	0		0	1	7	101	0	0	0	0	0	0	0	0	0	0	7;1;0;15619	0	0	10	1	1		0		7	0	0	0	0.00.0000	0.00.0000	0.00.0000	0.00.0000
93340	Lv7紛爭結晶	ICON_CRYSTAL_012_000		0	0	0		0	1	7	101	0	0	0	0	0	0	0	0	0	0	7;1;0;15620	0	0	10	1	1		0		7	0	0	0	0.00.0000	0.00.0000	0.00.0000	0.00.0000
93341	Lv7正義結晶	ICON_CRYSTAL_012_000		0	0	0		0	1	7	101	0	0	0	0	0	0	0	0	0	0	7;1;0;15621	0	0	10	1	1		0		7	0	0	0	0.00.0000	0.00.0000	0.00.0000	0.00.0000
93342	Lv7兵器結晶	ICON_CRYSTAL_012_000		0	0	0		0	1	7	101	0	0	0	0	0	0	0	0	0	0	7;1;0;15622	0	0	10	1	1		0		7	0	0	0	0.00.0000	0.00.0000	0.00.0000	0.00.0000
93343	Lv7格鬥結晶	ICON_CRYSTAL_012_000		0	0	0		0	1	7	101	0	0	0	0	0	0	0	0	0	0	7;1;0;15623	0	0	10	1	1		0		7	0	0	0	0.00.0000	0.00.0000	0.00.0000	0.00.0000
93344	Lv7對峙結晶	ICON_CRYSTAL_012_000		0	0	0		0	1	7	101	0	0	0	0	0	0	0	0	0	0	7;1;0;15624	0	0	10	1	1		0		7	0	0	0	0.00.0000	0.00.0000	0.00.0000	0.00.0000
93345	Lv7勝負結晶	ICON_CRYSTAL_012_000		0	0	0		0	1	7	101	0	0	0	0	0	0	0	0	0	0	7;1;0;15625	0	0	10	1	1		0		7	0	0	0	0.00.0000	0.00.0000	0.00.0000	0.00.0000
93346	Lv7宣戰結晶	ICON_CRYSTAL_012_000		0	0	0		0	1	7	101	0	0	0	0	0	0	0	0	0	0	7;1;0;15626	0	0	10	1	1		0		7	0	0	0	0.00.0000	0.00.0000	0.00.0000	0.00.0000
93347	Lv7威壓結晶	ICON_CRYSTAL_013_000		0	0	0		0	2	7	101	0	0	0	0	0	0	0	0	0	0	7;1;0;15627	0	0	10	1	1		0		7	0	0	0	0.00.0000	0.00.0000	0.00.0000	0.00.0000
93348	Lv7恐怖結晶	ICON_CRYSTAL_013_000		0	0	0		0	2	7	101	0	0	0	0	0	0	0	0	0	0	7;1;0;15628	0	0	10	1	1		0		7	0	0	0	0.00.0000	0.00.0000	0.00.0000	0.00.0000
93349	Lv7緊繃結晶	ICON_CRYSTAL_013_000		0	0	0		0	2	7	101	0	0	0	0	0	0	0	0	0	0	7;1;0;15629	0	0	10	1	1		0		7	0	0	0	0.00.0000	0.00.0000	0.00.0000	0.00.0000
93350	Lv7暴力結晶	ICON_CRYSTAL_013_000		0	0	0		0	2	7	101	0	0	0	0	0	0	0	0	0	0	7;1;0;15630	0	0	10	1	1		0		7	0	0	0	0.00.0000	0.00.0000	0.00.0000	0.00.0000
93351	Lv7熱血結晶	ICON_CRYSTAL_013_000		0	0	0		0	2	7	101	0	0	0	0	0	0	0	0	0	0	7;1;0;15631	0	0	10	1	1		0		7	0	0	0	0.00.0000	0.00.0000	0.00.0000	0.00.0000
93352	Lv7瘋狂結晶	ICON_CRYSTAL_013_000		0	0	0		0	2	7	101	0	0	0	0	0	0	0	0	0	0	7;1;0;15632	0	0	10	1	1		0		7	0	0	0	0.00.0000	0.00.0000	0.00.0000	0.00.0000
93353	Lv7窮兵結晶	ICON_CRYSTAL_013_000		0	0	0		0	3	7	101	0	0	0	0	0	0	0	0	0	0	7;1;0;15633	0	0	10	1	1		0		7	0	0	0	0.00.0000	0.00.0000	0.00.0000	0.00.0000
93354	Lv7生化結晶	ICON_CRYSTAL_013_000		0	0	0		0	3	7	101	0	0	0	0	0	0	0	0	0	0	7;1;0;15634	0	0	10	1	1		0		7	0	0	0	0.00.0000	0.00.0000	0.00.0000	0.00.0000
93355	Lv7殺破結晶	ICON_CRYSTAL_013_000		0	0	0		0	3	7	101	0	0	0	0	0	0	0	0	0	0	7;1;0;15635	0	0	10	1	1		0		7	0	0	0	0.00.0000	0.00.0000	0.00.0000	0.00.0000
93356	Lv7敗亡結晶	ICON_CRYSTAL_013_000		0	0	0		0	3	7	101	0	0	0	0	0	0	0	0	0	0	7;1;0;15636	0	0	10	1	1		0		7	0	0	0	0.00.0000	0.00.0000	0.00.0000	0.00.0000
93357	Lv7莫敵結晶	ICON_CRYSTAL_012_001		0	0	0		0	1	7	101	0	0	0	0	0	0	0	0	0	0	7;2;0;15677	0	0	10	1	1		0		7	0	0	0	0.00.0000	0.00.0000	0.00.0000	0.00.0000
93358	Lv7防護結晶	ICON_CRYSTAL_012_001		0	0	0		0	1	7	101	0	0	0	0	0	0	0	0	0	0	7;2;0;15678	0	0	10	1	1		0		7	0	0	0	0.00.0000	0.00.0000	0.00.0000	0.00.0000
93359	Lv7堡壘結晶	ICON_CRYSTAL_012_001		0	0	0		0	1	7	101	0	0	0	0	0	0	0	0	0	0	7;2;0;15679	0	0	10	1	1		0		7	0	0	0	0.00.0000	0.00.0000	0.00.0000	0.00.0000
93360	Lv7禦敵結晶	ICON_CRYSTAL_012_001		0	0	0		0	1	7	101	0	0	0	0	0	0	0	0	0	0	7;2;0;15680	0	0	10	1	1		0		7	0	0	0	0.00.0000	0.00.0000	0.00.0000	0.00.0000
93361	Lv7趨避結晶	ICON_CRYSTAL_012_001		0	0	0		0	1	7	101	0	0	0	0	0	0	0	0	0	0	7;2;0;15681	0	0	10	1	1		0		7	0	0	0	0.00.0000	0.00.0000	0.00.0000	0.00.0000
93362	Lv7堅壁結晶	ICON_CRYSTAL_012_001		0	0	0		0	1	7	101	0	0	0	0	0	0	0	0	0	0	7;2;0;15682	0	0	10	1	1		0		7	0	0	0	0.00.0000	0.00.0000	0.00.0000	0.00.0000
93363	Lv7鐵血結晶	ICON_CRYSTAL_012_001		0	0	0		0	1	7	101	0	0	0	0	0	0	0	0	0	0	7;2;0;15683	0	0	10	1	1		0		7	0	0	0	0.00.0000	0.00.0000	0.00.0000	0.00.0000
93364	Lv7緩衝結晶	ICON_CRYSTAL_012_001		0	0	0		0	1	7	101	0	0	0	0	0	0	0	0	0	0	7;2;0;15684	0	0	10	1	1		0		7	0	0	0	0.00.0000	0.00.0000	0.00.0000	0.00.0000
93365	Lv7警戒結晶	ICON_CRYSTAL_012_001		0	0	0		0	1	7	101	0	0	0	0	0	0	0	0	0	0	7;2;0;15685	0	0	10	1	1		0		7	0	0	0	0.00.0000	0.00.0000	0.00.0000	0.00.0000
93366	Lv7監視結晶	ICON_CRYSTAL_012_001		0	0	0		0	1	7	101	0	0	0	0	0	0	0	0	0	0	7;2;0;15686	0	0	10	1	1		0		7	0	0	0	0.00.0000	0.00.0000	0.00.0000	0.00.0000
93367	Lv7巡防結晶	ICON_CRYSTAL_013_001		0	0	0		0	2	7	101	0	0	0	0	0	0	0	0	0	0	7;2;0;15687	0	0	10	1	1		0		7	0	0	0	0.00.0000	0.00.0000	0.00.0000	0.00.0000
93368	Lv7安撫結晶	ICON_CRYSTAL_013_001		0	0	0		0	2	7	101	0	0	0	0	0	0	0	0	0	0	7;2;0;15688	0	0	10	1	1		0		7	0	0	0	0.00.0000	0.00.0000	0.00.0000	0.00.0000
93369	Lv7雷池結晶	ICON_CRYSTAL_013_001		0	0	0		0	2	7	101	0	0	0	0	0	0	0	0	0	0	7;2;0;15689	0	0	10	1	1		0		7	0	0	0	0.00.0000	0.00.0000	0.00.0000	0.00.0000
93370	Lv7制裁結晶	ICON_CRYSTAL_013_001		0	0	0		0	2	7	101	0	0	0	0	0	0	0	0	0	0	7;2;0;15690	0	0	10	1	1		0		7	0	0	0	0.00.0000	0.00.0000	0.00.0000	0.00.0000
93371	Lv7領域結晶	ICON_CRYSTAL_013_001		0	0	0		0	2	7	101	0	0	0	0	0	0	0	0	0	0	7;2;0;15691	0	0	10	1	1		0		7	0	0	0	0.00.0000	0.00.0000	0.00.0000	0.00.0000
93372	Lv7閉鎖結晶	ICON_CRYSTAL_013_001		0	0	0		0	2	7	101	0	0	0	0	0	0	0	0	0	0	7;2;0;15692	0	0	10	1	1		0		7	0	0	0	0.00.0000	0.00.0000	0.00.0000	0.00.0000
93373	Lv7連環結晶	ICON_CRYSTAL_013_001		0	0	0		0	3	7	101	0	0	0	0	0	0	0	0	0	0	7;2;0;15693	0	0	10	1	1		0		7	0	0	0	0.00.0000	0.00.0000	0.00.0000	0.00.0000
93374	Lv7同心結晶	ICON_CRYSTAL_013_001		0	0	0		0	3	7	101	0	0	0	0	0	0	0	0	0	0	7;2;0;15694	0	0	10	1	1		0		7	0	0	0	0.00.0000	0.00.0000	0.00.0000	0.00.0000
93375	Lv7邊境結晶	ICON_CRYSTAL_013_001		0	0	0		0	3	7	101	0	0	0	0	0	0	0	0	0	0	7;2;0;15699	0	0	10	1	1		0		7	0	0	0	0.00.0000	0.00.0000	0.00.0000	0.00.0000
93376	Lv7曠野結晶	ICON_CRYSTAL_013_001		0	0	0		0	3	7	101	0	0	0	0	0	0	0	0	0	0	7;2;0;15700	0	0	10	1	1		0		7	0	0	0	0.00.0000	0.00.0000	0.00.0000	0.00.0000
93377	Lv7磨煉結晶	ICON_CRYSTAL_012_002		0	0	0		0	1	7	101	0	0	0	0	0	0	0	0	0	0	7;3;0;15703	0	0	10	1	1		0		7	0	0	0	0.00.0000	0.00.0000	0.00.0000	0.00.0000
93378	Lv7熟悉結晶	ICON_CRYSTAL_012_002		0	0	0		0	1	7	101	0	0	0	0	0	0	0	0	0	0	7;3;0;15704	0	0	10	1	1		0		7	0	0	0	0.00.0000	0.00.0000	0.00.0000	0.00.0000
93379	Lv7裂縫結晶	ICON_CRYSTAL_012_002		0	0	0		0	1	7	101	0	0	0	0	0	0	0	0	0	0	7;3;0;15705	0	0	10	1	1		0		7	0	0	0	0.00.0000	0.00.0000	0.00.0000	0.00.0000
93380	Lv7安全結晶	ICON_CRYSTAL_012_002		0	0	0		0	1	7	101	0	0	0	0	0	0	0	0	0	0	7;3;0;15706	0	0	10	1	1		0		7	0	0	0	0.00.0000	0.00.0000	0.00.0000	0.00.0000
93381	Lv7厚生結晶	ICON_CRYSTAL_012_002		0	0	0		0	1	7	101	0	0	0	0	0	0	0	0	0	0	7;3;0;15707	0	0	10	1	1		0		7	0	0	0	0.00.0000	0.00.0000	0.00.0000	0.00.0000
93382	Lv7競爭結晶	ICON_CRYSTAL_012_002		0	0	0		0	1	7	101	0	0	0	0	0	0	0	0	0	0	7;3;0;15708	0	0	10	1	1		0		7	0	0	0	0.00.0000	0.00.0000	0.00.0000	0.00.0000
93383	Lv7平靜結晶	ICON_CRYSTAL_012_002		0	0	0		0	1	7	101	0	0	0	0	0	0	0	0	0	0	7;3;0;15709	0	0	10	1	1		0		7	0	0	0	0.00.0000	0.00.0000	0.00.0000	0.00.0000
93384	Lv7引導結晶	ICON_CRYSTAL_012_002		0	0	0		0	1	7	101	0	0	0	0	0	0	0	0	0	0	7;3;0;15710	0	0	10	1	1		0		7	0	0	0	0.00.0000	0.00.0000	0.00.0000	0.00.0000
93385	Lv7平安結晶	ICON_CRYSTAL_013_002		0	0	0		0	2	7	101	0	0	0	0	0	0	0	0	0	0	7;3;0;15713	0	0	10	1	1		0		7	0	0	0	0.00.0000	0.00.0000	0.00.0000	0.00.0000
93386	Lv7鼓舞結晶	ICON_CRYSTAL_013_002		0	0	0		0	2	7	101	0	0	0	0	0	0	0	0	0	0	7;3;0;15714	0	0	10	1	1		0		7	0	0	0	0.00.0000	0.00.0000	0.00.0000	0.00.0000
93387	Lv7冷靜結晶	ICON_CRYSTAL_013_002		0	0	0		0	2	7	101	0	0	0	0	0	0	0	0	0	0	7;3;0;15715	0	0	10	1	1		0		7	0	0	0	0.00.0000	0.00.0000	0.00.0000	0.00.0000
93388	Lv7沉默結晶	ICON_CRYSTAL_013_002		0	0	0		0	2	7	101	0	0	0	0	0	0	0	0	0	0	7;3;0;15716	0	0	10	1	1		0		7	0	0	0	0.00.0000	0.00.0000	0.00.0000	0.00.0000
93389	Lv7優勢結晶	ICON_CRYSTAL_013_002		0	0	0		0	2	7	101	0	0	0	0	0	0	0	0	0	0	7;3;0;15717	0	0	10	1	1		0		7	0	0	0	0.00.0000	0.00.0000	0.00.0000	0.00.0000
93390	Lv7夜幕結晶	ICON_CRYSTAL_013_002		0	0	0		0	2	7	101	0	0	0	0	0	0	0	0	0	0	7;3;0;15718	0	0	10	1	1		0		7	0	0	0	0.00.0000	0.00.0000	0.00.0000	0.00.0000
93391	Lv7希望結晶	ICON_CRYSTAL_013_002		0	0	0		0	3	7	101	0	0	0	0	0	0	0	0	0	0	7;3;0;15729	0	0	10	1	1		0		7	0	0	0	0.00.0000	0.00.0000	0.00.0000	0.00.0000
93392	Lv7支援結晶	ICON_CRYSTAL_013_002		0	0	0		0	3	7	101	0	0	0	0	0	0	0	0	0	0	7;3;0;15730	0	0	10	1	1		0		7	0	0	0	0.00.0000	0.00.0000	0.00.0000	0.00.0000
93393	Lv7永恆結晶	ICON_CRYSTAL_013_002		0	0	0		0	3	7	101	0	0	0	0	0	0	0	0	0	0	7;3;0;15731	0	0	10	1	1		0		7	0	0	0	0.00.0000	0.00.0000	0.00.0000	0.00.0000
93394	Lv7援護結晶	ICON_CRYSTAL_013_002		0	0	0		0	3	7	101	0	0	0	0	0	0	0	0	0	0	7;3;0;15732	0	0	10	1	1		0		7	0	0	0	0.00.0000	0.00.0000	0.00.0000	0.00.0000
93395	Lv8接戰結晶	ICON_CRYSTAL_014_000		0	0	0		0	1	8	111	0	0	0	0	0	0	0	0	0	0	7;1;0;15637	0	0	10	1	1		0		7	0	0	0	0.00.0000	0.00.0000	0.00.0000	0.00.0000
93396	Lv8烽火結晶	ICON_CRYSTAL_014_000		0	0	0		0	1	8	111	0	0	0	0	0	0	0	0	0	0	7;1;0;15638	0	0	10	1	1		0		7	0	0	0	0.00.0000	0.00.0000	0.00.0000	0.00.0000
93397	Lv8動亂結晶	ICON_CRYSTAL_014_000		0	0	0		0	1	8	111	0	0	0	0	0	0	0	0	0	0	7;1;0;15639	0	0	10	1	1		0		7	0	0	0	0.00.0000	0.00.0000	0.00.0000	0.00.0000
93398	Lv8紛爭結晶	ICON_CRYSTAL_014_000		0	0	0		0	1	8	111	0	0	0	0	0	0	0	0	0	0	7;1;0;15640	0	0	10	1	1		0		7	0	0	0	0.00.0000	0.00.0000	0.00.0000	0.00.0000
93399	Lv8正義結晶	ICON_CRYSTAL_014_000		0	0	0		0	1	8	111	0	0	0	0	0	0	0	0	0	0	7;1;0;15641	0	0	10	1	1		0		7	0	0	0	0.00.0000	0.00.0000	0.00.0000	0.00.0000
93400	Lv8兵器結晶	ICON_CRYSTAL_014_000		0	0	0		0	1	8	111	0	0	0	0	0	0	0	0	0	0	7;1;0;15642	0	0	10	1	1		0		7	0	0	0	0.00.0000	0.00.0000	0.00.0000	0.00.0000
93401	Lv8格鬥結晶	ICON_CRYSTAL_014_000		0	0	0		0	1	8	111	0	0	0	0	0	0	0	0	0	0	7;1;0;15643	0	0	10	1	1		0		7	0	0	0	0.00.0000	0.00.0000	0.00.0000	0.00.0000
93402	Lv8對峙結晶	ICON_CRYSTAL_014_000		0	0	0		0	1	8	111	0	0	0	0	0	0	0	0	0	0	7;1;0;15644	0	0	10	1	1		0		7	0	0	0	0.00.0000	0.00.0000	0.00.0000	0.00.0000
93403	Lv8勝負結晶	ICON_CRYSTAL_014_000		0	0	0		0	1	8	111	0	0	0	0	0	0	0	0	0	0	7;1;0;15645	0	0	10	1	1		0		7	0	0	0	0.00.0000	0.00.0000	0.00.0000	0.00.0000
93404	Lv8宣戰結晶	ICON_CRYSTAL_014_000		0	0	0		0	1	8	111	0	0	0	0	0	0	0	0	0	0	7;1;0;15646	0	0	10	1	1		0		7	0	0	0	0.00.0000	0.00.0000	0.00.0000	0.00.0000
93405	Lv8威壓結晶	ICON_CRYSTAL_015_000		0	0	0		0	2	8	111	0	0	0	0	0	0	0	0	0	0	7;1;0;15647	0	0	10	1	1		0		7	0	0	0	0.00.0000	0.00.0000	0.00.0000	0.00.0000
93406	Lv8恐怖結晶	ICON_CRYSTAL_015_000		0	0	0		0	2	8	111	0	0	0	0	0	0	0	0	0	0	7;1;0;15648	0	0	10	1	1		0		7	0	0	0	0.00.0000	0.00.0000	0.00.0000	0.00.0000
93407	Lv8緊繃結晶	ICON_CRYSTAL_015_000		0	0	0		0	2	8	111	0	0	0	0	0	0	0	0	0	0	7;1;0;15649	0	0	10	1	1		0		7	0	0	0	0.00.0000	0.00.0000	0.00.0000	0.00.0000
93408	Lv8暴力結晶	ICON_CRYSTAL_015_000		0	0	0		0	2	8	111	0	0	0	0	0	0	0	0	0	0	7;1;0;15650	0	0	10	1	1		0		7	0	0	0	0.00.0000	0.00.0000	0.00.0000	0.00.0000
93409	Lv8熱血結晶	ICON_CRYSTAL_015_000		0	0	0		0	2	8	111	0	0	0	0	0	0	0	0	0	0	7;1;0;15651	0	0	10	1	1		0		7	0	0	0	0.00.0000	0.00.0000	0.00.0000	0.00.0000
93410	Lv8瘋狂結晶	ICON_CRYSTAL_015_000		0	0	0		0	2	8	111	0	0	0	0	0	0	0	0	0	0	7;1;0;15652	0	0	10	1	1		0		7	0	0	0	0.00.0000	0.00.0000	0.00.0000	0.00.0000
93411	Lv8窮兵結晶	ICON_CRYSTAL_015_000		0	0	0		0	3	8	111	0	0	0	0	0	0	0	0	0	0	7;1;0;15653	0	0	10	1	1		0		7	0	0	0	0.00.0000	0.00.0000	0.00.0000	0.00.0000
93412	Lv8生化結晶	ICON_CRYSTAL_015_000		0	0	0		0	3	8	111	0	0	0	0	0	0	0	0	0	0	7;1;0;15654	0	0	10	1	1		0		7	0	0	0	0.00.0000	0.00.0000	0.00.0000	0.00.0000
93413	Lv8殺破結晶	ICON_CRYSTAL_015_000		0	0	0		0	3	8	111	0	0	0	0	0	0	0	0	0	0	7;1;0;15655	0	0	10	1	1		0		7	0	0	0	0.00.0000	0.00.0000	0.00.0000	0.00.0000
93414	Lv8敗亡結晶	ICON_CRYSTAL_015_000		0	0	0		0	3	8	111	0	0	0	0	0	0	0	0	0	0	7;1;0;15656	0	0	10	1	1		0		7	0	0	0	0.00.0000	0.00.0000	0.00.0000	0.00.0000
93415	Lv8莫敵結晶	ICON_CRYSTAL_014_001		0	0	0		0	1	8	111	0	0	0	0	0	0	0	0	0	0	7;2;0;15677	0	0	10	1	1		0		7	0	0	0	0.00.0000	0.00.0000	0.00.0000	0.00.0000
93416	Lv8防護結晶	ICON_CRYSTAL_014_001		0	0	0		0	1	8	111	0	0	0	0	0	0	0	0	0	0	7;2;0;15678	0	0	10	1	1		0		7	0	0	0	0.00.0000	0.00.0000	0.00.0000	0.00.0000
93417	Lv8堡壘結晶	ICON_CRYSTAL_014_001		0	0	0		0	1	8	111	0	0	0	0	0	0	0	0	0	0	7;2;0;15679	0	0	10	1	1		0		7	0	0	0	0.00.0000	0.00.0000	0.00.0000	0.00.0000
93418	Lv8禦敵結晶	ICON_CRYSTAL_014_001		0	0	0		0	1	8	111	0	0	0	0	0	0	0	0	0	0	7;2;0;15680	0	0	10	1	1		0		7	0	0	0	0.00.0000	0.00.0000	0.00.0000	0.00.0000
93419	Lv8趨避結晶	ICON_CRYSTAL_014_001		0	0	0		0	1	8	111	0	0	0	0	0	0	0	0	0	0	7;2;0;15681	0	0	10	1	1		0		7	0	0	0	0.00.0000	0.00.0000	0.00.0000	0.00.0000
93420	Lv8堅壁結晶	ICON_CRYSTAL_014_001		0	0	0		0	1	8	111	0	0	0	0	0	0	0	0	0	0	7;2;0;15682	0	0	10	1	1		0		7	0	0	0	0.00.0000	0.00.0000	0.00.0000	0.00.0000
93421	Lv8鐵血結晶	ICON_CRYSTAL_014_001		0	0	0		0	1	8	111	0	0	0	0	0	0	0	0	0	0	7;2;0;15683	0	0	10	1	1		0		7	0	0	0	0.00.0000	0.00.0000	0.00.0000	0.00.0000
93422	Lv8緩衝結晶	ICON_CRYSTAL_014_001		0	0	0		0	1	8	111	0	0	0	0	0	0	0	0	0	0	7;2;0;15684	0	0	10	1	1		0		7	0	0	0	0.00.0000	0.00.0000	0.00.0000	0.00.0000
93423	Lv8警戒結晶	ICON_CRYSTAL_014_001		0	0	0		0	1	8	111	0	0	0	0	0	0	0	0	0	0	7;2;0;15685	0	0	10	1	1		0		7	0	0	0	0.00.0000	0.00.0000	0.00.0000	0.00.0000
93424	Lv8監視結晶	ICON_CRYSTAL_014_001		0	0	0		0	1	8	111	0	0	0	0	0	0	0	0	0	0	7;2;0;15686	0	0	10	1	1		0		7	0	0	0	0.00.0000	0.00.0000	0.00.0000	0.00.0000
93425	Lv8巡防結晶	ICON_CRYSTAL_015_001		0	0	0		0	2	8	111	0	0	0	0	0	0	0	0	0	0	7;2;0;15687	0	0	10	1	1		0		7	0	0	0	0.00.0000	0.00.0000	0.00.0000	0.00.0000
93426	Lv8安撫結晶	ICON_CRYSTAL_015_001		0	0	0		0	2	8	111	0	0	0	0	0	0	0	0	0	0	7;2;0;15688	0	0	10	1	1		0		7	0	0	0	0.00.0000	0.00.0000	0.00.0000	0.00.0000
93427	Lv8雷池結晶	ICON_CRYSTAL_015_001		0	0	0		0	2	8	111	0	0	0	0	0	0	0	0	0	0	7;2;0;15689	0	0	10	1	1		0		7	0	0	0	0.00.0000	0.00.0000	0.00.0000	0.00.0000
93428	Lv8制裁結晶	ICON_CRYSTAL_015_001		0	0	0		0	2	8	111	0	0	0	0	0	0	0	0	0	0	7;2;0;15690	0	0	10	1	1		0		7	0	0	0	0.00.0000	0.00.0000	0.00.0000	0.00.0000
93429	Lv8領域結晶	ICON_CRYSTAL_015_001		0	0	0		0	2	8	111	0	0	0	0	0	0	0	0	0	0	7;2;0;15691	0	0	10	1	1		0		7	0	0	0	0.00.0000	0.00.0000	0.00.0000	0.00.0000
93430	Lv8閉鎖結晶	ICON_CRYSTAL_015_001		0	0	0		0	2	8	111	0	0	0	0	0	0	0	0	0	0	7;2;0;15692	0	0	10	1	1		0		7	0	0	0	0.00.0000	0.00.0000	0.00.0000	0.00.0000
93431	Lv8連環結晶	ICON_CRYSTAL_015_001		0	0	0		0	3	8	111	0	0	0	0	0	0	0	0	0	0	7;2;0;15693	0	0	10	1	1		0		7	0	0	0	0.00.0000	0.00.0000	0.00.0000	0.00.0000
93432	Lv8同心結晶	ICON_CRYSTAL_015_001		0	0	0		0	3	8	111	0	0	0	0	0	0	0	0	0	0	7;2;0;15694	0	0	10	1	1		0		7	0	0	0	0.00.0000	0.00.0000	0.00.0000	0.00.0000
93433	Lv8邊境結晶	ICON_CRYSTAL_015_001		0	0	0		0	3	8	111	0	0	0	0	0	0	0	0	0	0	7;2;0;15699	0	0	10	1	1		0		7	0	0	0	0.00.0000	0.00.0000	0.00.0000	0.00.0000
93434	Lv8曠野結晶	ICON_CRYSTAL_015_001		0	0	0		0	3	8	111	0	0	0	0	0	0	0	0	0	0	7;2;0;15700	0	0	10	1	1		0		7	0	0	0	0.00.0000	0.00.0000	0.00.0000	0.00.0000
93435	Lv8磨煉結晶	ICON_CRYSTAL_014_002		0	0	0		0	1	8	111	0	0	0	0	0	0	0	0	0	0	7;3;0;15703	0	0	10	1	1		0		7	0	0	0	0.00.0000	0.00.0000	0.00.0000	0.00.0000
93436	Lv8熟悉結晶	ICON_CRYSTAL_014_002		0	0	0		0	1	8	111	0	0	0	0	0	0	0	0	0	0	7;3;0;15704	0	0	10	1	1		0		7	0	0	0	0.00.0000	0.00.0000	0.00.0000	0.00.0000
93437	Lv8裂縫結晶	ICON_CRYSTAL_014_002		0	0	0		0	1	8	111	0	0	0	0	0	0	0	0	0	0	7;3;0;15705	0	0	10	1	1		0		7	0	0	0	0.00.0000	0.00.0000	0.00.0000	0.00.0000
93438	Lv8安全結晶	ICON_CRYSTAL_014_002		0	0	0		0	1	8	111	0	0	0	0	0	0	0	0	0	0	7;3;0;15706	0	0	10	1	1		0		7	0	0	0	0.00.0000	0.00.0000	0.00.0000	0.00.0000
93439	Lv8厚生結晶	ICON_CRYSTAL_014_002		0	0	0		0	1	8	111	0	0	0	0	0	0	0	0	0	0	7;3;0;15707	0	0	10	1	1		0		7	0	0	0	0.00.0000	0.00.0000	0.00.0000	0.00.0000
93440	Lv8競爭結晶	ICON_CRYSTAL_014_002		0	0	0		0	1	8	111	0	0	0	0	0	0	0	0	0	0	7;3;0;15708	0	0	10	1	1		0		7	0	0	0	0.00.0000	0.00.0000	0.00.0000	0.00.0000
93441	Lv8平靜結晶	ICON_CRYSTAL_014_002		0	0	0		0	1	8	111	0	0	0	0	0	0	0	0	0	0	7;3;0;15709	0	0	10	1	1		0		7	0	0	0	0.00.0000	0.00.0000	0.00.0000	0.00.0000
93442	Lv8引導結晶	ICON_CRYSTAL_014_002		0	0	0		0	1	8	111	0	0	0	0	0	0	0	0	0	0	7;3;0;15710	0	0	10	1	1		0		7	0	0	0	0.00.0000	0.00.0000	0.00.0000	0.00.0000
93443	Lv8平安結晶	ICON_CRYSTAL_015_002		0	0	0		0	2	8	111	0	0	0	0	0	0	0	0	0	0	7;3;0;15713	0	0	10	1	1		0		7	0	0	0	0.00.0000	0.00.0000	0.00.0000	0.00.0000
93444	Lv8鼓舞結晶	ICON_CRYSTAL_015_002		0	0	0		0	2	8	111	0	0	0	0	0	0	0	0	0	0	7;3;0;15714	0	0	10	1	1		0		7	0	0	0	0.00.0000	0.00.0000	0.00.0000	0.00.0000
93445	Lv8冷靜結晶	ICON_CRYSTAL_015_002		0	0	0		0	2	8	111	0	0	0	0	0	0	0	0	0	0	7;3;0;15715	0	0	10	1	1		0		7	0	0	0	0.00.0000	0.00.0000	0.00.0000	0.00.0000
93446	Lv8沉默結晶	ICON_CRYSTAL_015_002		0	0	0		0	2	8	111	0	0	0	0	0	0	0	0	0	0	7;3;0;15716	0	0	10	1	1		0		7	0	0	0	0.00.0000	0.00.0000	0.00.0000	0.00.0000
93447	Lv8優勢結晶	ICON_CRYSTAL_015_002		0	0	0		0	2	8	111	0	0	0	0	0	0	0	0	0	0	7;3;0;15717	0	0	10	1	1		0		7	0	0	0	0.00.0000	0.00.0000	0.00.0000	0.00.0000
93448	Lv8夜幕結晶	ICON_CRYSTAL_015_002		0	0	0		0	2	8	111	0	0	0	0	0	0	0	0	0	0	7;3;0;15718	0	0	10	1	1		0		7	0	0	0	0.00.0000	0.00.0000	0.00.0000	0.00.0000
93449	Lv8希望結晶	ICON_CRYSTAL_015_002		0	0	0		0	3	8	111	0	0	0	0	0	0	0	0	0	0	7;3;0;15729	0	0	10	1	1		0		7	0	0	0	0.00.0000	0.00.0000	0.00.0000	0.00.0000
93450	Lv8支援結晶	ICON_CRYSTAL_015_002		0	0	0		0	3	8	111	0	0	0	0	0	0	0	0	0	0	7;3;0;15730	0	0	10	1	1		0		7	0	0	0	0.00.0000	0.00.0000	0.00.0000	0.00.0000
93451	Lv8永恆結晶	ICON_CRYSTAL_015_002		0	0	0		0	3	8	111	0	0	0	0	0	0	0	0	0	0	7;3;0;15731	0	0	10	1	1		0		7	0	0	0	0.00.0000	0.00.0000	0.00.0000	0.00.0000
93452	Lv8援護結晶	ICON_CRYSTAL_015_002		0	0	0		0	3	8	111	0	0	0	0	0	0	0	0	0	0	7;3;0;15732	0	0	10	1	1		0		7	0	0	0	0.00.0000	0.00.0000	0.00.0000	0.00.0000
93453	Lv9接戰結晶	ICON_CRYSTAL_016_000		0	0	0		0	1	9	121	0	0	0	0	0	0	0	0	0	0	7;1;0;15657	0	0	10	1	1		0		7	0	0	0	0.00.0000	0.00.0000	0.00.0000	0.00.0000
93454	Lv9烽火結晶	ICON_CRYSTAL_016_000		0	0	0		0	1	9	121	0	0	0	0	0	0	0	0	0	0	7;1;0;15658	0	0	10	1	1		0		7	0	0	0	0.00.0000	0.00.0000	0.00.0000	0.00.0000
93455	Lv9動亂結晶	ICON_CRYSTAL_016_000		0	0	0		0	1	9	121	0	0	0	0	0	0	0	0	0	0	7;1;0;15659	0	0	10	1	1		0		7	0	0	0	0.00.0000	0.00.0000	0.00.0000	0.00.0000
93456	Lv9紛爭結晶	ICON_CRYSTAL_016_000		0	0	0		0	1	9	121	0	0	0	0	0	0	0	0	0	0	7;1;0;15660	0	0	10	1	1		0		7	0	0	0	0.00.0000	0.00.0000	0.00.0000	0.00.0000
93457	Lv9正義結晶	ICON_CRYSTAL_016_000		0	0	0		0	1	9	121	0	0	0	0	0	0	0	0	0	0	7;1;0;15661	0	0	10	1	1		0		7	0	0	0	0.00.0000	0.00.0000	0.00.0000	0.00.0000
93458	Lv9兵器結晶	ICON_CRYSTAL_016_000		0	0	0		0	1	9	121	0	0	0	0	0	0	0	0	0	0	7;1;0;15662	0	0	10	1	1		0		7	0	0	0	0.00.0000	0.00.0000	0.00.0000	0.00.0000
93459	Lv9格鬥結晶	ICON_CRYSTAL_016_000		0	0	0		0	1	9	121	0	0	0	0	0	0	0	0	0	0	7;1;0;15663	0	0	10	1	1		0		7	0	0	0	0.00.0000	0.00.0000	0.00.0000	0.00.0000
93460	Lv9對峙結晶	ICON_CRYSTAL_016_000		0	0	0		0	1	9	121	0	0	0	0	0	0	0	0	0	0	7;1;0;15664	0	0	10	1	1		0		7	0	0	0	0.00.0000	0.00.0000	0.00.0000	0.00.0000
93461	Lv9勝負結晶	ICON_CRYSTAL_016_000		0	0	0		0	1	9	121	0	0	0	0	0	0	0	0	0	0	7;1;0;15665	0	0	10	1	1		0		7	0	0	0	0.00.0000	0.00.0000	0.00.0000	0.00.0000
93462	Lv9宣戰結晶	ICON_CRYSTAL_016_000		0	0	0		0	1	9	121	0	0	0	0	0	0	0	0	0	0	7;1;0;15666	0	0	10	1	1		0		7	0	0	0	0.00.0000	0.00.0000	0.00.0000	0.00.0000
93463	Lv9威壓結晶	ICON_CRYSTAL_017_000		0	0	0		0	2	9	121	0	0	0	0	0	0	0	0	0	0	7;1;0;15667	0	0	10	1	1		0		7	0	0	0	0.00.0000	0.00.0000	0.00.0000	0.00.0000
93464	Lv9恐怖結晶	ICON_CRYSTAL_017_000		0	0	0		0	2	9	121	0	0	0	0	0	0	0	0	0	0	7;1;0;15668	0	0	10	1	1		0		7	0	0	0	0.00.0000	0.00.0000	0.00.0000	0.00.0000
93465	Lv9緊繃結晶	ICON_CRYSTAL_017_000		0	0	0		0	2	9	121	0	0	0	0	0	0	0	0	0	0	7;1;0;15669	0	0	10	1	1		0		7	0	0	0	0.00.0000	0.00.0000	0.00.0000	0.00.0000
93466	Lv9暴力結晶	ICON_CRYSTAL_017_000		0	0	0		0	2	9	121	0	0	0	0	0	0	0	0	0	0	7;1;0;15670	0	0	10	1	1		0		7	0	0	0	0.00.0000	0.00.0000	0.00.0000	0.00.0000
93467	Lv9熱血結晶	ICON_CRYSTAL_017_000		0	0	0		0	2	9	121	0	0	0	0	0	0	0	0	0	0	7;1;0;15671	0	0	10	1	1		0		7	0	0	0	0.00.0000	0.00.0000	0.00.0000	0.00.0000
93468	Lv9瘋狂結晶	ICON_CRYSTAL_017_000		0	0	0		0	2	9	121	0	0	0	0	0	0	0	0	0	0	7;1;0;15672	0	0	10	1	1		0		7	0	0	0	0.00.0000	0.00.0000	0.00.0000	0.00.0000
93469	Lv9窮兵結晶	ICON_CRYSTAL_017_000		0	0	0		0	3	9	121	0	0	0	0	0	0	0	0	0	0	7;1;0;15673	0	0	10	1	1		0		7	0	0	0	0.00.0000	0.00.0000	0.00.0000	0.00.0000
93470	Lv9生化結晶	ICON_CRYSTAL_017_000		0	0	0		0	3	9	121	0	0	0	0	0	0	0	0	0	0	7;1;0;15674	0	0	10	1	1		0		7	0	0	0	0.00.0000	0.00.0000	0.00.0000	0.00.0000
93471	Lv9殺破結晶	ICON_CRYSTAL_017_000		0	0	0		0	3	9	121	0	0	0	0	0	0	0	0	0	0	7;1;0;15675	0	0	10	1	1		0		7	0	0	0	0.00.0000	0.00.0000	0.00.0000	0.00.0000
93472	Lv9敗亡結晶	ICON_CRYSTAL_017_000		0	0	0		0	3	9	121	0	0	0	0	0	0	0	0	0	0	7;1;0;15676	0	0	10	1	1		0		7	0	0	0	0.00.0000	0.00.0000	0.00.0000	0.00.0000
93473	Lv9莫敵結晶	ICON_CRYSTAL_016_001		0	0	0		0	1	9	121	0	0	0	0	0	0	0	0	0	0	7;2;0;15677	0	0	10	1	1		0		7	0	0	0	0.00.0000	0.00.0000	0.00.0000	0.00.0000
93474	Lv9防護結晶	ICON_CRYSTAL_016_001		0	0	0		0	1	9	121	0	0	0	0	0	0	0	0	0	0	7;2;0;15678	0	0	10	1	1		0		7	0	0	0	0.00.0000	0.00.0000	0.00.0000	0.00.0000
93475	Lv9堡壘結晶	ICON_CRYSTAL_016_001		0	0	0		0	1	9	121	0	0	0	0	0	0	0	0	0	0	7;2;0;15679	0	0	10	1	1		0		7	0	0	0	0.00.0000	0.00.0000	0.00.0000	0.00.0000
93476	Lv9禦敵結晶	ICON_CRYSTAL_016_001		0	0	0		0	1	9	121	0	0	0	0	0	0	0	0	0	0	7;2;0;15680	0	0	10	1	1		0		7	0	0	0	0.00.0000	0.00.0000	0.00.0000	0.00.0000
93477	Lv9趨避結晶	ICON_CRYSTAL_016_001		0	0	0		0	1	9	121	0	0	0	0	0	0	0	0	0	0	7;2;0;15681	0	0	10	1	1		0		7	0	0	0	0.00.0000	0.00.0000	0.00.0000	0.00.0000
93478	Lv9堅壁結晶	ICON_CRYSTAL_016_001		0	0	0		0	1	9	121	0	0	0	0	0	0	0	0	0	0	7;2;0;15682	0	0	10	1	1		0		7	0	0	0	0.00.0000	0.00.0000	0.00.0000	0.00.0000
93479	Lv9鐵血結晶	ICON_CRYSTAL_016_001		0	0	0		0	1	9	121	0	0	0	0	0	0	0	0	0	0	7;2;0;15683	0	0	10	1	1		0		7	0	0	0	0.00.0000	0.00.0000	0.00.0000	0.00.0000
93480	Lv9緩衝結晶	ICON_CRYSTAL_016_001		0	0	0		0	1	9	121	0	0	0	0	0	0	0	0	0	0	7;2;0;15684	0	0	10	1	1		0		7	0	0	0	0.00.0000	0.00.0000	0.00.0000	0.00.0000
93481	Lv9警戒結晶	ICON_CRYSTAL_016_001		0	0	0		0	1	9	121	0	0	0	0	0	0	0	0	0	0	7;2;0;15685	0	0	10	1	1		0		7	0	0	0	0.00.0000	0.00.0000	0.00.0000	0.00.0000
93482	Lv9監視結晶	ICON_CRYSTAL_016_001		0	0	0		0	1	9	121	0	0	0	0	0	0	0	0	0	0	7;2;0;15686	0	0	10	1	1		0		7	0	0	0	0.00.0000	0.00.0000	0.00.0000	0.00.0000
93483	Lv9巡防結晶	ICON_CRYSTAL_017_001		0	0	0		0	2	9	121	0	0	0	0	0	0	0	0	0	0	7;2;0;15687	0	0	10	1	1		0		7	0	0	0	0.00.0000	0.00.0000	0.00.0000	0.00.0000
93484	Lv9安撫結晶	ICON_CRYSTAL_017_001		0	0	0		0	2	9	121	0	0	0	0	0	0	0	0	0	0	7;2;0;15688	0	0	10	1	1		0		7	0	0	0	0.00.0000	0.00.0000	0.00.0000	0.00.0000
93485	Lv9雷池結晶	ICON_CRYSTAL_017_001		0	0	0		0	2	9	121	0	0	0	0	0	0	0	0	0	0	7;2;0;15689	0	0	10	1	1		0		7	0	0	0	0.00.0000	0.00.0000	0.00.0000	0.00.0000
93486	Lv9制裁結晶	ICON_CRYSTAL_017_001		0	0	0		0	2	9	121	0	0	0	0	0	0	0	0	0	0	7;2;0;15690	0	0	10	1	1		0		7	0	0	0	0.00.0000	0.00.0000	0.00.0000	0.00.0000
93487	Lv9領域結晶	ICON_CRYSTAL_017_001		0	0	0		0	2	9	121	0	0	0	0	0	0	0	0	0	0	7;2;0;15691	0	0	10	1	1		0		7	0	0	0	0.00.0000	0.00.0000	0.00.0000	0.00.0000
93488	Lv9閉鎖結晶	ICON_CRYSTAL_017_001		0	0	0		0	2	9	121	0	0	0	0	0	0	0	0	0	0	7;2;0;15692	0	0	10	1	1		0		7	0	0	0	0.00.0000	0.00.0000	0.00.0000	0.00.0000
93489	Lv9連環結晶	ICON_CRYSTAL_017_001		0	0	0		0	3	9	121	0	0	0	0	0	0	0	0	0	0	7;2;0;15693	0	0	10	1	1		0		7	0	0	0	0.00.0000	0.00.0000	0.00.0000	0.00.0000
93490	Lv9同心結晶	ICON_CRYSTAL_017_001		0	0	0		0	3	9	121	0	0	0	0	0	0	0	0	0	0	7;2;0;15694	0	0	10	1	1		0		7	0	0	0	0.00.0000	0.00.0000	0.00.0000	0.00.0000
93491	Lv9邊境結晶	ICON_CRYSTAL_017_001		0	0	0		0	3	9	121	0	0	0	0	0	0	0	0	0	0	7;2;0;15701	0	0	10	1	1		0		7	0	0	0	0.00.0000	0.00.0000	0.00.0000	0.00.0000
93492	Lv9曠野結晶	ICON_CRYSTAL_017_001		0	0	0		0	3	9	121	0	0	0	0	0	0	0	0	0	0	7;2;0;15702	0	0	10	1	1		0		7	0	0	0	0.00.0000	0.00.0000	0.00.0000	0.00.0000
93493	Lv9磨煉結晶	ICON_CRYSTAL_016_002		0	0	0		0	1	9	121	0	0	0	0	0	0	0	0	0	0	7;3;0;15703	0	0	10	1	1		0		7	0	0	0	0.00.0000	0.00.0000	0.00.0000	0.00.0000
93494	Lv9熟悉結晶	ICON_CRYSTAL_016_002		0	0	0		0	1	9	121	0	0	0	0	0	0	0	0	0	0	7;3;0;15704	0	0	10	1	1		0		7	0	0	0	0.00.0000	0.00.0000	0.00.0000	0.00.0000
93495	Lv9裂縫結晶	ICON_CRYSTAL_016_002		0	0	0		0	1	9	121	0	0	0	0	0	0	0	0	0	0	7;3;0;15705	0	0	10	1	1		0		7	0	0	0	0.00.0000	0.00.0000	0.00.0000	0.00.0000
93496	Lv9安全結晶	ICON_CRYSTAL_016_002		0	0	0		0	1	9	121	0	0	0	0	0	0	0	0	0	0	7;3;0;15706	0	0	10	1	1		0		7	0	0	0	0.00.0000	0.00.0000	0.00.0000	0.00.0000
93497	Lv9厚生結晶	ICON_CRYSTAL_016_002		0	0	0		0	1	9	121	0	0	0	0	0	0	0	0	0	0	7;3;0;15707	0	0	10	1	1		0		7	0	0	0	0.00.0000	0.00.0000	0.00.0000	0.00.0000
93498	Lv9競爭結晶	ICON_CRYSTAL_016_002		0	0	0		0	1	9	121	0	0	0	0	0	0	0	0	0	0	7;3;0;15708	0	0	10	1	1		0		7	0	0	0	0.00.0000	0.00.0000	0.00.0000	0.00.0000
93499	Lv9平靜結晶	ICON_CRYSTAL_016_002		0	0	0		0	1	9	121	0	0	0	0	0	0	0	0	0	0	7;3;0;15709	0	0	10	1	1		0		7	0	0	0	0.00.0000	0.00.0000	0.00.0000	0.00.0000
93500	Lv9引導結晶	ICON_CRYSTAL_016_002		0	0	0		0	1	9	121	0	0	0	0	0	0	0	0	0	0	7;3;0;15710	0	0	10	1	1		0		7	0	0	0	0.00.0000	0.00.0000	0.00.0000	0.00.0000
93501	Lv9平安結晶	ICON_CRYSTAL_017_002		0	0	0		0	2	9	121	0	0	0	0	0	0	0	0	0	0	7;3;0;15713	0	0	10	1	1		0		7	0	0	0	0.00.0000	0.00.0000	0.00.0000	0.00.0000
93502	Lv9鼓舞結晶	ICON_CRYSTAL_017_002		0	0	0		0	2	9	121	0	0	0	0	0	0	0	0	0	0	7;3;0;15714	0	0	10	1	1		0		7	0	0	0	0.00.0000	0.00.0000	0.00.0000	0.00.0000
93503	Lv9冷靜結晶	ICON_CRYSTAL_017_002		0	0	0		0	2	9	121	0	0	0	0	0	0	0	0	0	0	7;3;0;15715	0	0	10	1	1		0		7	0	0	0	0.00.0000	0.00.0000	0.00.0000	0.00.0000
93504	Lv9沉默結晶	ICON_CRYSTAL_017_002		0	0	0		0	2	9	121	0	0	0	0	0	0	0	0	0	0	7;3;0;15716	0	0	10	1	1		0		7	0	0	0	0.00.0000	0.00.0000	0.00.0000	0.00.0000
93505	Lv9優勢結晶	ICON_CRYSTAL_017_002		0	0	0		0	2	9	121	0	0	0	0	0	0	0	0	0	0	7;3;0;15717	0	0	10	1	1		0		7	0	0	0	0.00.0000	0.00.0000	0.00.0000	0.00.0000
93506	Lv9夜幕結晶	ICON_CRYSTAL_017_002		0	0	0		0	2	9	121	0	0	0	0	0	0	0	0	0	0	7;3;0;15718	0	0	10	1	1		0		7	0	0	0	0.00.0000	0.00.0000	0.00.0000	0.00.0000
93507	Lv9希望結晶	ICON_CRYSTAL_017_002		0	0	0		0	3	9	121	0	0	0	0	0	0	0	0	0	0	7;3;0;15733	0	0	10	1	1		0		7	0	0	0	0.00.0000	0.00.0000	0.00.0000	0.00.0000
93508	Lv9支援結晶	ICON_CRYSTAL_017_002		0	0	0		0	3	9	121	0	0	0	0	0	0	0	0	0	0	7;3;0;15734	0	0	10	1	1		0		7	0	0	0	0.00.0000	0.00.0000	0.00.0000	0.00.0000
93509	Lv9永恆結晶	ICON_CRYSTAL_017_002		0	0	0		0	3	9	121	0	0	0	0	0	0	0	0	0	0	7;3;0;15735	0	0	10	1	1		0		7	0	0	0	0.00.0000	0.00.0000	0.00.0000	0.00.0000
93510	Lv9援護結晶	ICON_CRYSTAL_017_002		0	0	0		0	3	9	121	0	0	0	0	0	0	0	0	0	0	7;3;0;15736	0	0	10	1	1		0		7	0	0	0	0.00.0000	0.00.0000	0.00.0000	0.00.0000
93511	Lv1誘惑結晶	ICON_CRYSTAL_000_002		0	0	0		0	1	1	1	0	0	0	0	0	0	0	0	0	0	7;3;0;15711	0	0	10	1	1		0		7	0	0	0	0.00.0000	0.00.0000	0.00.0000	0.00.0000
93512	Lv1指示結晶	ICON_CRYSTAL_000_002		0	0	0		0	1	1	1	0	0	0	0	0	0	0	0	0	0	7;3;0;15712	0	0	10	1	1		0		7	0	0	0	0.00.0000	0.00.0000	0.00.0000	0.00.0000
93513	Lv2誘惑結晶	ICON_CRYSTAL_002_002		0	0	0		0	1	2	31	0	0	0	0	0	0	0	0	0	0	7;3;0;15711	0	0	10	1	1		0		7	0	0	0	0.00.0000	0.00.0000	0.00.0000	0.00.0000
93514	Lv2指示結晶	ICON_CRYSTAL_002_002		0	0	0		0	1	2	31	0	0	0	0	0	0	0	0	0	0	7;3;0;15712	0	0	10	1	1		0		7	0	0	0	0.00.0000	0.00.0000	0.00.0000	0.00.0000
93515	Lv3誘惑結晶	ICON_CRYSTAL_004_002		0	0	0		0	1	3	51	0	0	0	0	0	0	0	0	0	0	7;3;0;15711	0	0	10	1	1		0		7	0	0	0	0.00.0000	0.00.0000	0.00.0000	0.00.0000
93516	Lv3指示結晶	ICON_CRYSTAL_004_002		0	0	0		0	1	3	51	0	0	0	0	0	0	0	0	0	0	7;3;0;15712	0	0	10	1	1		0		7	0	0	0	0.00.0000	0.00.0000	0.00.0000	0.00.0000
93517	Lv4誘惑結晶	ICON_CRYSTAL_006_002		0	0	0		0	1	4	66	0	0	0	0	0	0	0	0	0	0	7;3;0;15711	0	0	10	1	1		0		7	0	0	0	0.00.0000	0.00.0000	0.00.0000	0.00.0000
93518	Lv4指示結晶	ICON_CRYSTAL_006_002		0	0	0		0	1	4	66	0	0	0	0	0	0	0	0	0	0	7;3;0;15712	0	0	10	1	1		0		7	0	0	0	0.00.0000	0.00.0000	0.00.0000	0.00.0000
93519	Lv5誘惑結晶	ICON_CRYSTAL_008_002		0	0	0		0	1	5	81	0	0	0	0	0	0	0	0	0	0	7;3;0;15711	0	0	10	1	1		0		7	0	0	0	0.00.0000	0.00.0000	0.00.0000	0.00.0000
93520	Lv5指示結晶	ICON_CRYSTAL_008_002		0	0	0		0	1	5	81	0	0	0	0	0	0	0	0	0	0	7;3;0;15712	0	0	10	1	1		0		7	0	0	0	0.00.0000	0.00.0000	0.00.0000	0.00.0000
93521	Lv6誘惑結晶	ICON_CRYSTAL_010_002		0	0	0		0	1	6	91	0	0	0	0	0	0	0	0	0	0	7;3;0;15711	0	0	10	1	1		0		7	0	0	0	0.00.0000	0.00.0000	0.00.0000	0.00.0000
93522	Lv6指示結晶	ICON_CRYSTAL_010_002		0	0	0		0	1	6	91	0	0	0	0	0	0	0	0	0	0	7;3;0;15712	0	0	10	1	1		0		7	0	0	0	0.00.0000	0.00.0000	0.00.0000	0.00.0000
93523	Lv7誘惑結晶	ICON_CRYSTAL_012_002		0	0	0		0	1	7	101	0	0	0	0	0	0	0	0	0	0	7;3;0;15711	0	0	10	1	1		0		7	0	0	0	0.00.0000	0.00.0000	0.00.0000	0.00.0000
93524	Lv7指示結晶	ICON_CRYSTAL_012_002		0	0	0		0	1	7	101	0	0	0	0	0	0	0	0	0	0	7;3;0;15712	0	0	10	1	1		0		7	0	0	0	0.00.0000	0.00.0000	0.00.0000	0.00.0000
93525	Lv8誘惑結晶	ICON_CRYSTAL_014_002		0	0	0		0	1	8	111	0	0	0	0	0	0	0	0	0	0	7;3;0;15711	0	0	10	1	1		0		7	0	0	0	0.00.0000	0.00.0000	0.00.0000	0.00.0000
93526	Lv8指示結晶	ICON_CRYSTAL_014_002		0	0	0		0	1	8	111	0	0	0	0	0	0	0	0	0	0	7;3;0;15712	0	0	10	1	1		0		7	0	0	0	0.00.0000	0.00.0000	0.00.0000	0.00.0000
93527	Lv9誘惑結晶	ICON_CRYSTAL_016_002		0	0	0		0	1	9	121	0	0	0	0	0	0	0	0	0	0	7;3;0;15711	0	0	10	1	1		0		7	0	0	0	0.00.0000	0.00.0000	0.00.0000	0.00.0000
93528	Lv9指示結晶	ICON_CRYSTAL_016_002		0	0	0		0	1	9	121	0	0	0	0	0	0	0	0	0	0	7;3;0;15712	0	0	10	1	1		0		7	0	0	0	0.00.0000	0.00.0000	0.00.0000	0.00.0000
