n_ID	n_STACK	n_BUFF_TYPE	s_BUFF_ICON	f_DURATION	s_BUFF_CANCEL	s_BUFF_CONDITON	s_CONDITIONAL_BUFF	s_CONSTANT_BUFF	s_BUFF_FXS	s_BUFF_FXS_RIGHT	s_BUFF_FXS_LEFT	n_ANIMATION_RANK	s_ANIMATION_REPLACE
1	33	8192	IB011	0.0				ADD_RECOVER_STAMINA(0.2);ADD_SPEED_RUN(-0.4);RESKILL(0)				1	_F_DIE_000;_F_DIE_000A\n_F_DIE_001;_F_DIE_001A
2	1	1		0.0				KNOCKDOWN(10)				1	_F_SENTRY_000;_F_FALLING_000\n_F_READY_000;_F_FALLING_000
4	4	0		0.5				Fly(0)				0	
5	4	0		5.0				KNOCKDOWN(5)				1	_F_SENTRY_000;_F_FALLING_000\n_F_READY_000;_F_FALLING_000\n_F_GLIDE_000;_F_FALLING_000\n_F_JUMP_001;_F_FALLING_000\n_F_JUMP_002;_F_FALLING_000\n_F_JUMP_003;_F_FALLING_000
6	34	0		60.0				FACTION(1)				0	
7	34	0		60.0				FACTION(6)				0	
8	2	8192		0.0		BUFF_I(0,65536,1)	ADD_MUL_DAMAGE(0.3)	POPBAR(Main_Panel_Hotkey_Combo1);RESKILL(9);RESKILL(14);RESKILL(15);MISSILE(22,3);ADD_ABSORB_PHYSICS(-500);ADD_ABSORB_MAGIC(-500)				0	
9	9	1	SKILL_009	0.0				ADD_SPEED_RUN(0.65);POPBAR(Main_Panel_Hotkey_Vehicle);RESKILL(123)				0	_F_FORWARD_000;_F_SENTRY_001\n_F_SENTRY_000;_F_SENTRY_001\n_F_READY_000;_F_SENTRY_001
10	10	1	SKILL_010	0.0				ADD_SPEED_RUN(0.65);POPBAR(Main_Panel_Hotkey_Vehicle);POPSKILL(2960);POPSKILL(296				0	_F_FORWARD_000;_F_SENTRY_001\n_F_SENTRY_000;_F_SENTRY_001\n_F_READY_000;_F_SENTRY_001
11	20	0		0.0				POPBAR(Main_Panel_Hotkey_Vehicle);RESKILL(0)				0	_F_FORWARD_000;_F_SENTRY_001\n_F_SENTRY_000;_F_SENTRY_001\n_F_READY_000;_F_SENTRY_001
12	20	0		0.0				POPBAR(Main_Panel_Hotkey_Vehicle);RESKILL(0)				0	
13	1	1		0.0				KNOCKDOWN(21)				0	
14	75	0		1.0				ADD_DODGE(3);ADD_SPEED_RUN(0.5)				0	
15	15	1	SKILL_015	149.0				ADD_AC_MAGIC(1)				0	
16	16	1	SKILL_016	159.0				ADD_ABSORB_PHYSICS(1)				0	
17	143	0	IB024	300.0				ADD_PENETRATE_PHYSICS(1)				0	
18	151	0	IB032	300.0				ADD_PENETRATE_PHYSICS(1)				0	
19	152	0	IB033	300.0				ADD_PENETRATE_MAGIC(1)				0	
20	120	0	IB001	0.0				MUL_HPMAX(0.05);MUL_STR(0.05);MUL_CON(0.05);MUL_AGI(0.05);MUL_PER(0.05);MUL_INT(0.05)				0	
21	121	0	IB002	300.0				ADD_STUN(1)				0	
22	122	0	IB003	300.0				ADD_SCALE(1)				0	
23	123	0	IB004	300.0				ADD_SCALE(-0.5)				0	
24	124	0	IB005	300.0				ADD_HITRATE(1)				0	
25	125	0	IB006	300.0				ADD_HPMAX(100);ADD_RECOVER_HP(250)				0	
26	126	0	IB007	300.0				ADD_POWERHIT(1)				0	
27	127	0	IB008	300.0				ADD_ANTI_POWERHIT(1)				0	
28	128	0	IB009	300.0				ADD_BYPASS(1)				0	
29	129	0	IB010	300.0				ADD_OVERHIT(1)				0	
30	130	0	IB011	300.0				ADD_MULTIPLY_POWERDAM(1)				0	
31	131	0	IB012	300.0				ADD_ABSORB_POWERDAM(1)				0	
32	132	0	IB013	300.0				ADD_ABSORB_SHIELD(1)				0	
33	133	0	IB014	300.0				ADD_BLOCKRATE(1)				0	
34	134	0	IB015	300.0				ADD_HPMAX(1)				0	
35	135	0	IB016	300.0				ADD_RECOVER_HP(1)				0	
36	136	0	IB017	300.0				ADD_STAMINAMAX(1)				0	
37	137	0	IB018	300.0				ADD_RECOVER_STAMINA(1)				0	
38	138	0	IB019	300.0				ADD_STRENGH(1)				0	
39	139	0	IB020	300.0				ADD_CONSITUTION(1)				0	
40	140	0	IB021	300.0				ADD_AGILITY(1)				0	
41	141	0	IB022	300.0				ADD_AGILITY(1)				0	
42	142	0	IB023	300.0				ADD_AGILITY(1)				0	
44	144	0	IB025	300.0								0	
45	145	0	IB026	300.0								0	
46	146	0	IB027	300.0								0	
47	147	0	IB028	300.0								0	
48	148	0	IB029	300.0								0	
49	149	0	IB030	300.0								0	
50	150	0	IB031	300.0								0	
51	3	0		0.0				ADD_SPEED_RUN(0.3)				0	
52	3	0		0.0				ADD_SPEED_RUN(0.4)				0	
53	3	0		0.0				ADD_SPEED_RUN(0.6)				0	
61	3	0		0.0				ADD_SPEED_RUN(0.3);FLY(0)				0	
62	3	0		0.0				ADD_SPEED_RUN(0.4);FLY(0)				0	
83	2	0		2.0				COUNTERMISSILE(3043,1,83)				0	
84	1	0		1.0								1	_F_READY_000;_F_SIT_001\n_F_SENTRY_000;_F_SIT_001
89	50	0	IB040	90.0								0	
90	3	0		0.0				HITMISSILE(32,1,90)				0	
91	3	0		0.0				HITMISSILE(32,1,91)				0	
92	10	0	IB004	0.0				MISSILE(92,0.5);KNOCKDOWN(304)				0	_F_SENTRY_000;_F_FALLING_000\n_F_READY_000;_F_FALLING_000
93	4	2		0.0				ADD_RECOVER_HP(-1)\nADD_SPEED_RUN(0.2)				0	
101	40	0	IB002	60.0				UNDEAD;PLAYERKILLED()				0	
102	13	0		0.0				MISSILE(84,5);COUNTERMISSILE(3043,1,83)				1	_C_WIELD_000;_F_SIT_001\n_C_WIELD_000;_F_SIT_001
140	6	0	IS140	0.0				ADD_BLOCKRATE(0.7);ADD_AC_PHYSICS(0.6);MISSILE(140,3);MISSILE(298,45)				2	_F_READY_000;_F_SHIELDING_000\n_F_SENTRY_000;_F_SHIELDING_000
200	3	0		46.0				ADD_HPMAX(2);MISSILE(148,1200)				0	
280	3	4		0.0				HITMISSILE(32,1,280);ADD_STUN(1);ADD_CURSE(1)				0	
296	5	8192		21.0				ADD_SPEED_RUN(-0.35)				0	
297	5	8192		7.0								0	
298	5	2		90.0								0	
299	2	4		0.5								0	
300	1	0		1.0								0	
301	30	2	IS1440	120.0				ADD_RECOVER_STAMINA(2)				0	
302	1	1		0.0				KNOCKDOWN(302)				0	_F_SENTRY_000;_F_FALLING_000\n_F_READY_000;_F_FALLING_000
303	1	1		2.5				ADD_SPEED_RUN(-2)				0	
304	1	1		0.0				KNOCKDOWN(304)				0	_F_SENTRY_000;_F_FALLING_000\n_F_READY_000;_F_FALLING_000
305	1	1		0.0				KNOCKDOWN(305)				0	
306	1	1		0.0				KNOCKDOWN(306)				0	
307	2	1		0.0				KNOCKDOWN(307)				0	
308	2	1		0.0				KNOCKDOWN(308)				0	
309	2	1		0.0				KNOCKDOWN(309)				0	
310	2	1		0.0				KNOCKDOWN(310)				0	
311	1	1		0.0				KNOCKDOWN(311)				0	
312	3	0		0.30000001192092896				MISSILE(312,0.2)				0	
313	32	16384	IB005	9.0					S_L_ATK_DOWN			0	
314	32	16384	IB005	15.0								1	
315	1	1		0.0				KNOCKDOWN(315)				0	
316	1	1		0.0				KNOCKDOWN(316)				0	
317	1	1		1.0				DISABLE(0)				0	
318	4	0		5.0				ADD_SPEED_RUN(-5)				0	
319	4	0		5.0				ADD_SPEED_RUN(-5)				0	
320	4	0		5.0				ADD_SPEED_RUN(-5)				0	
321	4	0		5.0				ADD_SPEED_RUN(-5)				0	
322	4	0		5.0				ADD_SPEED_RUN(-5)				0	
323	4	0		5.0				ADD_SPEED_RUN(-5)				0	
324	4	0		0.0								0	
325	4	0		0.0		BUFF_I(320,0,1);BUFF_I(326,0,0)	MISSILE(346,0.1)					0	
326	326	0		5.0					L_M080_FEEL_SAD			0	
400	3	2		0.0				ADD_HPMAX(0.2)				0	
401	3	2		0.0				ADD_DAMMIPHYSICS(1.8);ADD_DAMMIMAGIC(1.8);ADD_HPMAX(13.5);ADD_ANTI_STUN(0.15);ADD_HITRATE(0.15);ADD_DODGE(0.1);ADD_AC_PHYSICS(4.4);ADD_AC_MAGIC(4.4);ADD_PENETRATE_PHYSICS(1.8);ADD_PENETRATE_MAGIC(1.8);ADD_RECOVER_HP(2);ADD_DAMPLUS_PHYSICS(0.5);ADD_DAMPLUS_MAGIC(0.5)				0	
402	3	2		0.0				ADD_DAMMIPHYSICS(2.5);ADD_DAMMIMAGIC(2.5);ADD_HPMAX(28);ADD_ANTI_STUN(0.1);ADD_HITRATE(0.15);ADD_AC_PHYSICS(6);ADD_AC_MAGIC(6);ADD_PENETRATE_PHYSICS(3);ADD_PENETRATE_MAGIC(3);ADD_RECOVER_HP(3);ADD_DAMPLUS_PHYSICS(2.5);ADD_DAMPLUS_MAGIC(2.5);ADD_DODGE(0.15)				0	
403	3	2		0.0				ADD_DAMMIPHYSICS(9.88);ADD_DAMMIMAGIC(9.88);ADD_HPMAX(72);ADD_ANTI_STUN(0.1);ADD_ANTI_CURSE(0.1);ADD_AC_PHYSICS(8.1);ADD_AC_MAGIC(8.1);ADD_PENETRATE_PHYSICS(2.4);ADD_PENETRATE_MAGIC(2.4);ADD_MUL_DAMAGE(-0.3)				0	
406	3	2		0.0				ADD_DAMMIPHYSICS(3.8);ADD_DAMMIMAGIC(3.8);ADD_HPMAX(84);ADD_ANTI_STUN(1);ADD_ANTI_CURSE(1);ADD_HITRATE(0.35);ADD_AC_PHYSICS(4.4);ADD_AC_MAGIC(4.4);ADD_PENETRATE_PHYSICS(3);ADD_PENETRATE_MAGIC(3);ADD_RECOVER_HP(3);ADD_DAMPLUS_PHYSICS(2);ADD_DAMPLUS_MAGIC(2)				0	
407	3	2		0.0				ADD_DAMMIPHYSICS(5.2);ADD_DAMMIMAGIC(5.2);ADD_HPMAX(385);ADD_ANTI_STUN(1);ADD_ANTI_CURSE(1);ADD_HITRATE(0.35);ADD_AC_PHYSICS(4.4);ADD_AC_MAGIC(4.4);ADD_PENETRATE_PHYSICS(3);ADD_PENETRATE_MAGIC(3);ADD_RECOVER_HP(8);ADD_DAMPLUS_PHYSICS(5.2);ADD_DAMPLUS_MAGIC(5.2);ADD_HITRATE(0.25)				0	
408	3	2		0.0				ADD_DAMMIPHYSICS(15.81);ADD_DAMMIMAGIC(15.81);ADD_HPMAX(84);ADD_ANTI_STUN(10);ADD_ANTI_CURSE(0.2);ADD_AC_PHYSICS(8.1);ADD_AC_MAGIC(8.1);ADD_PENETRATE_PHYSICS(4.86);ADD_PENETRATE_MAGIC(4.86);ADD_RECOVER_HP(3.5)				0	
411	3	2		0.0		HP_I<(0.5)	ADD_MUL_DAMAGE(-0.2)	ADD_DAMMIPHYSICS(4.5);ADD_DAMMIMAGIC(4.5);ADD_HPMAX(96);ADD_ANTI_STUN(4);ADD_ANTI_CURSE(4);ADD_AC_PHYSICS(5.3);ADD_AC_MAGIC(5.3);ADD_PENETRATE_PHYSICS(1.6);ADD_PENETRATE_MAGIC(1.6);ADD_RECOVER_HP(4);ADD_ABSORB_POWERDAM(0.5);IRONFOOT(0);ADD_DAMPLUS_PHYSICS(3);ADD_DAMPLUS_MAGIC(3)				0	
412	3	2		0.0		HP_I<(0.5)	ADD_MUL_DAMAGE(-0.2)	ADD_DAMMIPHYSICS(6);ADD_DAMMIMAGIC(6);ADD_HPMAX(478);ADD_ANTI_STUN(4);ADD_ANTI_CURSE(4);ADD_AC_PHYSICS(8);ADD_AC_MAGIC(8);ADD_PENETRATE_PHYSICS(4.2);ADD_PENETRATE_MAGIC(4.2);ADD_RECOVER_HP(8);ADD_ABSORB_POWERDAM(0.8);IRONFOOT(0);ADD_DAMPLUS_PHYSICS(8);ADD_DAMPLUS_MAGIC(8);ADD_HITRATE(0.25)				0	
413	3	2		0.0		HP_I<(0.5)	ADD_MUL_DAMAGE(-0.2)	ADD_DAMMIPHYSICS(25.3);ADD_DAMMIMAGIC(25.3);ADD_HPMAX(729);ADD_ANTI_STUN(10);ADD_ANTI_CURSE(6);ADD_AC_PHYSICS(12.1);ADD_AC_MAGIC(12.1);ADD_PENETRATE_PHYSICS(4.86);ADD_PENETRATE_MAGIC(4.86);ADD_RECOVER_HP(7.5);ADD_MUL_DAMAGE(-0.3);ADD_ABSORB_POWERDAM(0.5);IRONFOOT(0)				0	
416	3	2		0.0				ADD_DAMMIPHYSICS(0.6);ADD_DAMMIMAGIC(0.6);ADD_HPMAX(9.8);ADD_PENETRATE_PHYSICS(1);ADD_PENETRATE_MAGIC(1)				0	
417	3	2		0.0				ADD_ANTI_STUN(5);ADD_ANTI_CURSE(5);ADD_DODGE(-1);IRONFOOT(0);ADD_MUL_DAMAGE(-0.9)				0	
418	3	2		0.0				ADD_ANTI_STUN(-0.8);ADD_ANTI_CURSE(-0.8);ADD_DODGE(-0.3);ADD_DAMMIPHYSICS(-0.6);ADD_DAMMIMAGIC(-0.6);ADD_HPMAX(2)				0	
419	3	2		0.0				ADD_DAMMIPHYSICS(0.5);ADD_DAMMIMAGIC(0.5);ADD_HPMAX(-4);ADD_ANTI_STUN(-0.2);ADD_ANTI_CURSE(-0.2);ADD_DODGE(-0.15)				0	
420	3	2		0.0				ADD_DAMMIPHYSICS(4.8);ADD_DAMMIMAGIC(4.8);ADD_HPMAX(215);ADD_ANTI_STUN(4);ADD_ANTI_CURSE(4);ADD_AC_PHYSICS(8);ADD_AC_MAGIC(8);ADD_PENETRATE_PHYSICS(5.6);ADD_PENETRATE_MAGIC(5.6);ADD_ABSORB_POWERDAM(0.75);ADD_RECOVER_HP(2);MISSILE(148,1200);ADD_HITRATE(0.05);IRONFOOT(0)				0	
421	3	2		0.0				ADD_DAMMIPHYSICS(6.4);ADD_DAMMIMAGIC(6.4);ADD_HPMAX(450);ADD_ANTI_STUN(4);ADD_ANTI_CURSE(4);ADD_AC_PHYSICS(8);ADD_AC_MAGIC(8);ADD_PENETRATE_PHYSICS(6);ADD_PENETRATE_MAGIC(6);ADD_ABSORB_POWERDAM(0.75);ADD_RECOVER_HP(4);MISSILE(148,1200);ADD_HITRATE(0.1);IRONFOOT(0)				0	
422	3	2		0.0				ADD_DAMMIPHYSICS(8.2);ADD_DAMMIMAGIC(8.2);ADD_HPMAX(675);ADD_ANTI_STUN(4);ADD_ANTI_CURSE(4);ADD_AC_PHYSICS(9);ADD_AC_MAGIC(9);ADD_PENETRATE_PHYSICS(9);ADD_PENETRATE_MAGIC(9);ADD_ABSORB_POWERDAM(0.75);ADD_RECOVER_HP(4);MISSILE(148,1200);ADD_HITRATE(0.15);IRONFOOT(0)				0	
423	3	2		0.0				ADD_DAMMIPHYSICS(9.1);ADD_DAMMIMAGIC(9.1);ADD_HPMAX(750);ADD_ANTI_STUN(4);ADD_ANTI_CURSE(4);ADD_AC_PHYSICS(9);ADD_AC_MAGIC(9);ADD_PENETRATE_PHYSICS(9);ADD_PENETRATE_MAGIC(9);ADD_ABSORB_POWERDAM(0.75);ADD_RECOVER_HP(6);ADD_MUL_DAMAGE(-0.3);MISSILE(148,1200);ADD_HITRATE(0.2);IRONFOOT(0)				0	
424	3	2		0.0				ADD_DAMMIPHYSICS(12);ADD_DAMMIMAGIC(12);ADD_HPMAX(925);ADD_ANTI_STUN(4);ADD_ANTI_CURSE(4);ADD_AC_PHYSICS(9);ADD_AC_MAGIC(9);ADD_PENETRATE_PHYSICS(9);ADD_PENETRATE_MAGIC(9);ADD_ABSORB_POWERDAM(0.75);ADD_RECOVER_HP(8);ADD_MUL_DAMAGE(-0.5);MISSILE(148,1200);ADD_HITRATE(0.2);IRONFOOT(0)				0	
425	3	2		0.0				ADD_DAMMIPHYSICS(2);ADD_DAMMIMAGIC(2);ADD_HPMAX(2);ADD_AC_PHYSICS(4.4);ADD_AC_MAGIC(4.4);ADD_PENETRATE_PHYSICS(1);ADD_PENETRATE_MAGIC(1)				0	
426	3	2		0.0				ADD_DAMMIPHYSICS(1.2);ADD_DAMMIMAGIC(1.1);ADD_HPMAX(2);ADD_AC_PHYSICS(0.5);ADD_AC_MAGIC(0.5);ADD_PENETRATE_PHYSICS(1);ADD_PENETRATE_MAGIC(1)				0	
427	3	2		0.0				ADD_DAMMIPHYSICS(6);ADD_DAMMIMAGIC(6);ADD_HPMAX(12.5);ADD_AC_PHYSICS(6);ADD_AC_MAGIC(6);ADD_PENETRATE_PHYSICS(3);ADD_PENETRATE_MAGIC(3)				0	
428	3	2		0.0				ADD_DAMMIPHYSICS(-0.45);ADD_DAMMIMAGIC(-0.45);ADD_HPMAX(1.8)				0	
429	3	2		0.0				ADD_ANTI_STUN(-0.1);ADD_ANTI_CURSE(-0.1);ADD_DODGE(-0.15);ADD_DAMMIPHYSICS(0.6);ADD_DAMMIMAGIC(0.6);ADD_HPMAX(0.3)				0	
430	3	2		0.0		HP_I<(0.4)	ADD_AC_PHYSICS(10);ADD_AC_MAGIC(10);ADD_ANTI_STUN(10);ADD_DODGE(3)	ADD_DAMMIPHYSICS(1);ADD_DAMMIMAGIC(1);ADD_HPMAX(100);ADD_AC_PHYSICS(3);ADD_AC_MAGIC(3);ADD_ANTI_STUN(1);ADD_DAMPLUS_PHYSICS(6.5);ADD_DAMPLUS_MAGIC(6.5);ADD_PENETRATE_PHYSICS(1);ADD_PENETRATE_MAGIC(1);ADD_RECOVER_HP(2)				0	
431	3	2		0.0				ADD_HPMAX(20);ADD_AC_PHYSICS(5);ADD_AC_MAGIC(5);ADD_DAMPLUS_PHYSICS(0.5);ADD_DAMPLUS_MAGIC(0.5);ADD_PENETRATE_PHYSICS(3);ADD_PENETRATE_MAGIC(3)				0	
432	3	2		0.0				ADD_HPMAX(10);ADD_DAMPLUS_PHYSICS(2);ADD_DAMPLUS_MAGIC(2)				0	
433	3	2		0.0		HP_I<(0.5)	ADD_MUL_DAMAGE(-0.2)	ADD_DAMMIPHYSICS(3.2);ADD_DAMMIMAGIC(3.2);ADD_HPMAX(74);ADD_ANTI_STUN(4);ADD_ANTI_CURSE(4);ADD_AC_PHYSICS(5.3);ADD_AC_MAGIC(5.3);ADD_PENETRATE_PHYSICS(1);ADD_PENETRATE_MAGIC(1);ADD_RECOVER_HP(4);ADD_ABSORB_POWERDAM(0.75);IRONFOOT(0);ADD_DAMPLUS_PHYSICS(1);ADD_DAMPLUS_MAGIC(1);ADD_HITRATE(0.05)				0	
434	3	2		0.0		HP_I<(0.5)	ADD_MUL_DAMAGE(-0.2)	ADD_DAMMIPHYSICS(3.8);ADD_DAMMIMAGIC(3.8);ADD_HPMAX(124);ADD_ANTI_STUN(4);ADD_ANTI_CURSE(4);ADD_AC_PHYSICS(5.6);ADD_AC_MAGIC(5.6);ADD_PENETRATE_PHYSICS(2);ADD_PENETRATE_MAGIC(2);ADD_RECOVER_HP(5);ADD_ABSORB_POWERDAM(0.5);IRONFOOT(0);ADD_DAMPLUS_PHYSICS(1);ADD_DAMPLUS_MAGIC(1)				0	
435	3	2		0.0				ADD_DAMMIPHYSICS(1.4);ADD_DAMMIMAGIC(1.4);ADD_HPMAX(5.8);ADD_AC_PHYSICS(4.4);ADD_AC_MAGIC(4.4);ADD_DODGE(0.1)				0	
436	3	2		0.0				ADD_HPMAX(0.5);ADD_DAMMIPHYSICS(-0.3);ADD_DAMMIMAGIC(-0.3);ADD_DAMPLUS_PHYSICS(-0.1);ADD_DAMPLUS_MAGIC(-0.1)				0	
437	3	2		0.0				ADD_DAMMIPHYSICS(1.2);ADD_DAMMIMAGIC(1.2);ADD_HPMAX(4.5);ADD_AC_PHYSICS(2);ADD_AC_MAGIC(2);ADD_DODGE(0.1)				0	
438	3	2		0.0				ADD_DAMMIPHYSICS(1.6);ADD_DAMMIMAGIC(1.6);ADD_HPMAX(6.5);ADD_AC_PHYSICS(4.4);ADD_AC_MAGIC(4.4);ADD_PENETRATE_PHYSICS(1);ADD_PENETRATE_MAGIC(1);ADD_DODGE(0.1)				0	
439	3	2		0.0				ADD_DAMMIPHYSICS(1.7);ADD_DAMMIMAGIC(1.7);ADD_HPMAX(8.2);ADD_AC_PHYSICS(4.4);ADD_AC_MAGIC(4.4);ADD_PENETRATE_PHYSICS(1);ADD_PENETRATE_MAGIC(1);ADD_DODGE(0.1)				0	
440	3	2		0.0				ADD_DAMMIPHYSICS(1.84);ADD_DAMMIMAGIC(1.84);ADD_HPMAX(10.8);ADD_AC_PHYSICS(4.4);ADD_AC_MAGIC(4.4);ADD_PENETRATE_PHYSICS(1);ADD_PENETRATE_MAGIC(1);ADD_DODGE(0.1)				0	
441	3	2		0.0				ADD_DAMMIPHYSICS(2);ADD_DAMMIMAGIC(2);ADD_HPMAX(12);ADD_AC_PHYSICS(4.4);ADD_AC_MAGIC(4.4);ADD_PENETRATE_PHYSICS(1);ADD_PENETRATE_MAGIC(1);ADD_DODGE(0.15)				0	
442	3	2		0.0				ADD_DAMMIPHYSICS(2.1);ADD_DAMMIMAGIC(2.1);ADD_HPMAX(15);ADD_AC_PHYSICS(4.4);ADD_AC_MAGIC(4.4);ADD_PENETRATE_PHYSICS(1);ADD_PENETRATE_MAGIC(1);ADD_DODGE(0.15)				0	
443	3	2		0.0				ADD_DAMMIPHYSICS(2.2);ADD_DAMMIMAGIC(2.2);ADD_HPMAX(18);ADD_AC_PHYSICS(4.4);ADD_AC_MAGIC(4.4);ADD_PENETRATE_PHYSICS(1);ADD_PENETRATE_MAGIC(1);ADD_DODGE(0.15)				0	
444	3	2		0.0				ADD_DAMMIPHYSICS(2.5);ADD_DAMMIMAGIC(2.5);ADD_HPMAX(22);ADD_AC_PHYSICS(4.4);ADD_AC_MAGIC(4.4);ADD_PENETRATE_PHYSICS(1);ADD_PENETRATE_MAGIC(1);ADD_DODGE(0.15)				0	
445	3	2		0.0		HP_I<(0.5)	ADD_MUL_DAMAGE(-0.2)	ADD_DAMMIPHYSICS(4.2);ADD_DAMMIMAGIC(4.2);ADD_HPMAX(166);ADD_ANTI_STUN(4);ADD_ANTI_CURSE(4);ADD_AC_PHYSICS(5.6);ADD_AC_MAGIC(5.6);ADD_PENETRATE_PHYSICS(2);ADD_PENETRATE_MAGIC(2);ADD_RECOVER_HP(6);ADD_ABSORB_POWERDAM(0.5);IRONFOOT(0);ADD_DAMPLUS_PHYSICS(1);ADD_DAMPLUS_MAGIC(1);ADD_HITRATE(0.1)				0	
446	3	2		0.0		HP_I<(0.5)	ADD_MUL_DAMAGE(-0.2)	ADD_DAMMIPHYSICS(4.5);ADD_DAMMIMAGIC(4.5);ADD_HPMAX(252);ADD_ANTI_STUN(4);ADD_ANTI_CURSE(4);ADD_AC_PHYSICS(5.6);ADD_AC_MAGIC(5.6);ADD_PENETRATE_PHYSICS(2);ADD_PENETRATE_MAGIC(2);ADD_RECOVER_HP(6);ADD_ABSORB_POWERDAM(0.75);IRONFOOT(0);ADD_DAMPLUS_PHYSICS(1);ADD_DAMPLUS_MAGIC(1);ADD_HITRATE(0.15)				0	
447	3	2		0.0		HP_I<(0.5)	ADD_MUL_DAMAGE(-0.2)	ADD_DAMMIPHYSICS(4.5);ADD_DAMMIMAGIC(4.5);ADD_HPMAX(240);ADD_ANTI_STUN(4);ADD_ANTI_CURSE(4);ADD_AC_PHYSICS(5.6);ADD_AC_MAGIC(5.6);ADD_PENETRATE_PHYSICS(2);ADD_PENETRATE_MAGIC(2);ADD_RECOVER_HP(6);ADD_ABSORB_POWERDAM(0.75);IRONFOOT(0);ADD_DAMPLUS_PHYSICS(2);ADD_DAMPLUS_MAGIC(2);ADD_HITRATE(0.15)				0	
448	3	2		0.0		HP_I<(0.5)	ADD_MUL_DAMAGE(-0.2)	ADD_DAMMIPHYSICS(4.5);ADD_DAMMIMAGIC(4.5);ADD_HPMAX(258);ADD_ANTI_STUN(4);ADD_ANTI_CURSE(4);ADD_AC_PHYSICS(5.6);ADD_AC_MAGIC(5.6);ADD_PENETRATE_PHYSICS(2);ADD_PENETRATE_MAGIC(2);ADD_RECOVER_HP(6);ADD_ABSORB_POWERDAM(0.75);IRONFOOT(0);ADD_DAMPLUS_PHYSICS(2);ADD_DAMPLUS_MAGIC(2);ADD_HITRATE(0.2)				0	
449	3	2		0.0		HP_I<(0.5)	ADD_MUL_DAMAGE(-0.2)	ADD_DAMMIPHYSICS(4.5);ADD_DAMMIMAGIC(4.5);ADD_HPMAX(295);ADD_ANTI_STUN(4);ADD_ANTI_CURSE(4);ADD_AC_PHYSICS(5.6);ADD_AC_MAGIC(5.6);ADD_PENETRATE_PHYSICS(2);ADD_PENETRATE_MAGIC(2);ADD_RECOVER_HP(6);ADD_ABSORB_POWERDAM(0.75);IRONFOOT(0);ADD_DAMPLUS_PHYSICS(2);ADD_DAMPLUS_MAGIC(2);ADD_HITRATE(0.2)				0	
450	3	2		0.0		HP_I<(0.5)	ADD_MUL_DAMAGE(-0.2)	ADD_DAMMIPHYSICS(4.5);ADD_DAMMIMAGIC(4.5);ADD_HPMAX(356);ADD_ANTI_STUN(4);ADD_ANTI_CURSE(4);ADD_AC_PHYSICS(5.6);ADD_AC_MAGIC(5.6);ADD_PENETRATE_PHYSICS(3);ADD_PENETRATE_MAGIC(3);ADD_RECOVER_HP(6);ADD_ABSORB_POWERDAM(0.75);IRONFOOT(0);ADD_DAMPLUS_PHYSICS(2);ADD_DAMPLUS_MAGIC(2);ADD_HITRATE(0.2)				0	
451	3	2		0.0		HP_I<(0.3)	ADD_RECOVER_HP(9)	ADD_DAMMIPHYSICS(2.2);ADD_DAMMIMAGIC(2.2);ADD_HPMAX(24);ADD_ANTI_STUN(0.2);ADD_ANTI_CURSE(0.2);ADD_AC_PHYSICS(7.5);ADD_AC_MAGIC(7.5);ADD_PENETRATE_PHYSICS(2);ADD_PENETRATE_MAGIC(2);ADD_ABSORB_POWERDAM(0.5);IRONFOOT(0);ADD_DAMPLUS_PHYSICS(1.6);ADD_DAMPLUS_MAGIC(1.6);ADD_HITRATE(0.2);ADD_DODGE(0.15)				0	
452	3	2		0.0		HP_I<(0.4)	ADD_MUL_DAMAGE(-0.9);ADD_ANTI_STUN(10);ADD_RECOVER_HP(10)	ADD_DAMMIPHYSICS(2);ADD_DAMMIMAGIC(2);ADD_HPMAX(100);ADD_AC_PHYSICS(6);ADD_AC_MAGIC(6);ADD_ANTI_STUN(0.4);ADD_RECOVER_HP(2)				0	
453	3	2		0.0				ADD_DAMMIPHYSICS(4.5);ADD_DAMMIMAGIC(4.5);ADD_HPMAX(40);ADD_ANTI_STUN(0.15);ADD_ANTI_CURSE(0.15);ADD_AC_PHYSICS(5.3);ADD_AC_MAGIC(5.3);ADD_PENETRATE_PHYSICS(1.6);ADD_PENETRATE_MAGIC(1.6);ADD_RECOVER_HP(4);ADD_ABSORB_POWERDAM(0.5);IRONFOOT(0);ADD_DAMPLUS_PHYSICS(3);ADD_DAMPLUS_MAGIC(3)				0	
454	3	2		0.0				ADD_DAMMIPHYSICS(2.6);ADD_DAMMIMAGIC(2.6);ADD_HPMAX(44);ADD_ANTI_STUN(0.1);ADD_HITRATE(0.15);ADD_AC_PHYSICS(3);ADD_AC_MAGIC(3);ADD_PENETRATE_PHYSICS(3);ADD_PENETRATE_MAGIC(3);ADD_RECOVER_HP(3);ADD_DAMPLUS_PHYSICS(2.5);ADD_DAMPLUS_MAGIC(2.5);ADD_DODGE(0.15)				0	
455	3	2		0.0				ADD_DAMMIPHYSICS(2.2);ADD_DAMMIMAGIC(2.2);ADD_HPMAX(62);ADD_AC_PHYSICS(5.3);ADD_AC_MAGIC(5.3);ADD_PENETRATE_PHYSICS(1);ADD_PENETRATE_MAGIC(1);ADD_RECOVER_HP(4);ADD_ABSORB_POWERDAM(0.75);IRONFOOT(0);ADD_DAMPLUS_PHYSICS(1);ADD_DAMPLUS_MAGIC(1);ADD_HITRATE(0.05)				0	
456	3	2		0.0				ADD_DAMMIPHYSICS(4.5);ADD_DAMMIMAGIC(4.5);ADD_HPMAX(200);ADD_ANTI_STUN(0.25);ADD_ANTI_CURSE(0.25);ADD_AC_PHYSICS(5.6);ADD_AC_MAGIC(5.6);ADD_PENETRATE_PHYSICS(2);ADD_PENETRATE_MAGIC(2);ADD_RECOVER_HP(6);ADD_ABSORB_POWERDAM(0.75);IRONFOOT(0);ADD_DAMPLUS_PHYSICS(2);ADD_DAMPLUS_MAGIC(2);ADD_HITRATE(0.15)				0	
457	3	2		0.0				ADD_DAMMIPHYSICS(4.5);ADD_DAMMIMAGIC(4.5);ADD_HPMAX(240);ADD_ANTI_STUN(0.25);ADD_ANTI_CURSE(0.25);ADD_AC_PHYSICS(5.6);ADD_AC_MAGIC(5.6);ADD_PENETRATE_PHYSICS(2);ADD_PENETRATE_MAGIC(2);ADD_RECOVER_HP(6);ADD_ABSORB_POWERDAM(0.75);IRONFOOT(0);ADD_DAMPLUS_PHYSICS(2);ADD_DAMPLUS_MAGIC(2);ADD_HITRATE(0.15)				0	
458	3	2		0.0				ADD_DAMMIPHYSICS(4.5);ADD_DAMMIMAGIC(4.5);ADD_HPMAX(295);ADD_ANTI_STUN(0.25);ADD_ANTI_CURSE(0.25);ADD_AC_PHYSICS(5.6);ADD_AC_MAGIC(5.6);ADD_PENETRATE_PHYSICS(2);ADD_PENETRATE_MAGIC(2);ADD_RECOVER_HP(6);ADD_ABSORB_POWERDAM(0.75);IRONFOOT(0);ADD_DAMPLUS_PHYSICS(2);ADD_DAMPLUS_MAGIC(2);ADD_HITRATE(0.2)				0	
459	3	2		0.0				ADD_DAMMIPHYSICS(4.5);ADD_DAMMIMAGIC(4.5);ADD_HPMAX(355);ADD_ANTI_STUN(0.25);ADD_ANTI_CURSE(0.25);ADD_AC_PHYSICS(5.6);ADD_AC_MAGIC(5.6);ADD_PENETRATE_PHYSICS(2);ADD_PENETRATE_MAGIC(2);ADD_RECOVER_HP(6);ADD_ABSORB_POWERDAM(0.75);IRONFOOT(0);ADD_DAMPLUS_PHYSICS(2);ADD_DAMPLUS_MAGIC(2);ADD_HITRATE(0.2)				0	
460	3	2		0.0				ADD_DAMMIPHYSICS(4.5);ADD_DAMMIMAGIC(4.5);ADD_HPMAX(410);ADD_ANTI_STUN(0.25);ADD_ANTI_CURSE(0.25);ADD_AC_PHYSICS(5.6);ADD_AC_MAGIC(5.6);ADD_PENETRATE_PHYSICS(3);ADD_PENETRATE_MAGIC(3);ADD_RECOVER_HP(6);ADD_ABSORB_POWERDAM(0.75);IRONFOOT(0);ADD_DAMPLUS_PHYSICS(2);ADD_DAMPLUS_MAGIC(2);ADD_HITRATE(0.2)				0	
500	74	0	IB029	3.5	OUTSCENE(291)			PEACE(0)				0	
501	1	1		0.0				KNOCKDOWN(501)				0	
502	1	1		0.0				KNOCKDOWN(502)				0	
503	1	1		0.0				KNOCKDOWN(503)				0	
504	1	1		0.0				KNOCKDOWN(504)				0	
505	1	1		0.0				KNOCKDOWN(505)				0	
510	3	0		0.0								0	
520	2	8192		0.0		BUFF_I(0,65536,1)	ADD_MUL_DAMAGE(0.3)	POPBAR(Main_Panel_Hotkey_Combo1);RESKILL(521);MISSILE(22,3);MUL_ABSORB_PHYSICS(-1);MUL_ABSORB_MAGIC(-1);MUL_AC_PHYSICS(-1);MUL_AC_MAGIC(-1)				0	
521	2	8192		0.0		BUFF_I(0,65536,1)	ADD_MUL_DAMAGE(0.3)	POPBAR(Main_Panel_Hotkey_Combo1);RESKILL(523);RESKILL(524);RESKILL(525);MISSILE(22,3);MUL_ABSORB_PHYSICS(-1);MUL_ABSORB_MAGIC(-1);MUL_AC_PHYSICS(-1);MUL_AC_MAGIC(-1)				0	
522	2	8192		0.0		BUFF_I(0,65536,1)	ADD_MUL_DAMAGE(0.3)	POPBAR(Main_Panel_Hotkey_Combo1);RESKILL(526);RESKILL(527);RESKILL(528);MISSILE(22,3);MUL_ABSORB_PHYSICS(-1);MUL_ABSORB_MAGIC(-1);MUL_AC_PHYSICS(-1);MUL_AC_MAGIC(-1)				0	
523	2	8192		0.0		BUFF_I(0,65536,1)	ADD_MUL_DAMAGE(0.3)	POPBAR(Main_Panel_Hotkey_Combo1);RESKILL(529);RESKILL(530);RESKILL(531);MISSILE(22,3);MUL_ABSORB_PHYSICS(-1);MUL_ABSORB_MAGIC(-1);MUL_AC_PHYSICS(-1);MUL_AC_MAGIC(-1)				0	
552	552	8192	IB009	10.0				ADD_MUL_DAMAGE(-50)	L_IRON_SHIP			0	
554	554	8192		0.8999999761581421				ADD_SPEED_RUN(-175)				0	
556	556	8192	I_STR4_1	10.0				ADD_SPEED_RUN(120)	L_SHIP_SPEED_UP			0	
604	604	8192	ICON_STONE_002_000	5.0				ADD_SPEED_RUN(-90)				0	
605	605	8192		1.5				ADD_DODGE(50)				0	
1000	19	0		40.0								3	_F_READY_000;_F_SENTRY_000\n_F_SENTRY_000;_F_SENTRY_000
1001	3	0		0.0	OUTSCENE(293)			MISSILE(1001,2)				0	
1002	3	0		0.0	OUTSCENE(294)			POPBAR(Main_Panel_Hotkey_Combo1);POPSKILL(1003)				0	
1003	71	0	IB044	3.0	OUTSCENE(293)	BUFF_I(1003,0,3)	MISSILE(1003,1)					0	
1004	72	0	IB036	3.0	OUTSCENE(293)			ADD_DODGE(2.5);ADD_ANTI_STUN(2.5)	L_BUBBLE-1			0	
1005	3	0		3.0				IRONFOOT(0)				0	
1006	3	0		7.0				IRONFOOT(0)				0	
1011	3	0		0.0		SKILL(101)	ADD_STUN(0.2)					0	
1012	3	0		0.0		SKILL(101)	ADD_STUN(0.2)					0	
1020	3	0		0.0		SKILL(102)	ADD_STUN(0.2)					0	
1021	3	0		0.0		SKILL(102)	ADD_PENETRATE_PHYSICS(0.6)					0	
1022	10	8	IS1601	6.099999904632568				MISSILE(1022,2)	S_L_FIRE			0	
1023	35	32	IS181	4.099999904632568				MISSILE(1023,1)				0	
1030	3	0		0.0		BUFF_I(1039,0,1)	ADD_DODGE(0.15)					0	
1031	3	0		0.0		BUFF_I(1039,0,1)	ADD_SPEED_RUN(0.2)					0	
1032	3	0		0.0		BUFF_I(1039,0,1)	ADD_ANTI_STUN(0.4);ADD_ANTI_CURSE(0.4)					0	
1039	13	2		2.4000000953674316								0	
1040	9	4096	IB019	30.0				ADD_DAMMIPHYSICS(1);ADD_DAMMIMAGIC(1);MISSILE(104,6);COUNTERMISSILE(2047,0,1040)	PS_L_ZEAL			0	
1041	9	4096	IB019	30.0				ADD_DAMMIPHYSICS(1.5);ADD_DAMMIMAGIC(1.5);MISSILE(104,6);COUNTERMISSILE(2047,0,1040)	PS_L_ZEAL			0	
1042	9	4096	IB019	30.0				ADD_DAMMIPHYSICS(2);ADD_DAMMIMAGIC(2);MISSILE(104,6);COUNTERMISSILE(2047,0,1040)	PS_L_ZEAL			0	
1051	3	0		0.0		BUFF_I(298,0,3);BEHAVIOR(1050)	ADD_MULTIPLY_POWERDAM(0.75)					0	
1052	3	0		0.0		BUFF_I(298,0,4);BEHAVIOR(1050)	ADD_MULTIPLY_POWERDAM(1)					0	
1053	3	0		0.0		BUFF_I(298,0,5);BEHAVIOR(1050)	ADD_MULTIPLY_POWERDAM(1.5)					0	
1060	3	0		0.0		SKILL(106)	ADD_STUN(0.2)					0	
1079	11	128	IB002	2.0				ADD_SPEED_RUN(-2)	S_L_KNOCKDOWN			0	
1201	3	0		0.0		BEHAVIOR(1200)	ADD_POWERHIT(0.25)					0	
1202	3	0		0.0		BEHAVIOR(1202)	ADD_DAMMIPHYSICS(0.5)					0	
1203	10	8	IB037	8.100000381469727		0		MISSILE(1022,2)	S_L_FIRE			0	
1204	3	0		0.0		BEHAVIOR(1200)	ADD_POWERHIT(0.25)					0	
1205	3	0		0.0		BEHAVIOR(1203)	ADD_CURSE(0.25)					0	
1211	3	0		0.0		SKILL(121)	ADD_STUN(0.25)					0	
1212	3	0		0.0		SKILL(121)	ADD_PENETRATE_PHYSICS(0.85)					0	
1219	0	0		0.0								0	
1221	3	0		0.0		SKILL(122)	ADD_STUN(0.25)					0	
1222	3	0		0.0		BEHAVIOR(1220)	ADD_STUN(0.4)					0	
1240	3	0		0.0		SKILL(124)	ADD_POWERHIT(0.3)					0	
1241	3	0		0.0		SKILL(124)	ADD_BYPASS(0.2)					0	
1400	3	0		0.0		BUFF_I(140,0,1)	ADD_ANTI_STUN(0.3);ADD_ANTI_CURSE(0.3)					0	
1401	3	0		0.0		BUFF_I(140,0,1)	ADD_ABSORB_POWERDAM(0.5)					0	
1402	3	0		0.0		BUFF_I(140,0,1)	ADD_AC_MAGIC(1)					0	
1403	3	0		0.0		BUFF_I(140,0,1)	ADD_SPEED_RUN(0.05)					0	
1404	3	0		0.0		BUFF_I(298,0,1)	ADD_BLOCKRATE(0.08)					0	
1405	3	0		0.0		BUFF_I(298,0,2)	ADD_BLOCKRATE(0.08)					0	
1406	3	0		0.0		BUFF_I(298,0,3)	ADD_BLOCKRATE(0.08)					0	
1407	3	0		0.0		BUFF_I(298,0,4)	ADD_BLOCKRATE(0.08)					0	
1408	3	0		0.0		BUFF_I(298,0,5)	ADD_BLOCKRATE(0.08)					0	
1412	3	16		0.0		BEHAVIOR(141)\nBEHAVIOR(1410)\nBEHAVIOR(1411)\nBEHAVIOR(1415)	ADD_DAMMIPHYSICS(1)\nADD_DAMMIPHYSICS(1)\nADD_DAMMIPHYSICS(1)\nADD_DAMMIPHYSICS(1)					0	
1418	15	2	SKILL_141	2.5								0	
1419	15	2	SKILL_141	2.5								0	
1420	26	0	IS142	15.0				ADD_AC_PHYSICS(-0.7)				0	
1421	3	0		0.0		SKILL(142)	ADD_STUN(0.2)					0	
1424	3	0		0.0		BEHAVIOR(1422)	ADD_POWERHIT(0.5)					0	
1425	28	8192		9.0								0	
1430	11	128	IB040	5.0				ADD_SPEED_RUN(-0.55)				0	
1440	3	0		0.0		BUFF_I(144,0,1)	ADD_ANTI_STUN(0.5);ADD_ANTI_CURSE(0.5)					0	
1441	15	2	IS1440	60.0				ADD_ANTI_STUN(0.25);ADD_ANTI_CURSE(0.25)				0	
1442	15	2	IS1440	60.0				ADD_ANTI_STUN(0.25);ADD_ANTI_CURSE(0.25);MISSILE(298,6)				0	
1443	3	2		0.0		BUFF_I(144,0,1)	ADD_ABSORB_MAGIC(0.8)					0	
1470	3	0		2.0								2	_F_SENTRY_000;_F_ATTACK_037\n_F_READY_000;_F_ATTACK_037
1600	10	256	IS1601	9.0				ADD_ANTI_CURSE(-0.5)	S_L_FIRE			0	
1601	3	0		0.0		BEHAVIOR(1600)	ADD_POWERHIT(0.3)					0	
1602	3	0		0.0		BEHAVIOR(1600);BUFF_ENEMY(0,32,1)	ADD_MULTIPLY_POWERDAM(0.5)					0	
1609	3	0		3.0					PS_C_FIRE			0	
1610	10	256	IS1601	12.0				MISSILE(161,3)	S_L_FIRE_L			0	
1612	12	16	IS1610	9.0				ADD_ANTI_CURSE(-0.5)	S_L_FIRE			0	
1614	10	8	IS162	9.0					S_L_FIRE_L			0	
1620	8	256	IS1621	61.0		BUFF_I(0,1024,1)	ADD_RECOVER_STAMINA(1)	MISSILE(1629,3)	PS_L_FIREARMOR			0	
1621	3	0		0.0				ADD_PENETRATE_MAGIC(0.66)				0	
1628	44	0	IS1621	61.0				MISSILE(1869,30)				0	
1629	8	256	IS1621	61.0				MISSILE(1629,3)	PS_L_FIREARMOR			0	
1630	3	0		0.0		SKILL(163)	ADD_CURSE(0.3)					0	
1632	3	0		0.0		SKILL(163)	ADD_DAMPLUS_MAGIC(1.1)					0	
1640	3	0		0.0		SKILL(164)	ADD_POWERHIT(0.18)					0	
1661	3	0		0.0		BUFF_I(0,1024,1);BEHAVIOR(1660)	ADD_CURSE(0.33)					0	
1800	11	32	IS1810	6.0				ADD_ANTI_STUN(-0.25)				0	
1801	3	0		0.0		BUFF_ENEMY(0,8,1);BEHAVIOR(1800)	ADD_MULTIPLY_POWERDAM(0.75)					0	
1802	3	0		0.0		SKILL(180)	ADD_POWERHIT(0.06)					0	
1803	3	0		0.0		SKILL(180)	ADD_POWERHIT(0.06)					0	
1804	3	0		0.0		SKILL(180)	ADD_POWERHIT(0.06)					0	
1805	3	0		0.0		SKILL(180)	ADD_POWERHIT(0.06)					0	
1806	3	0		0.0		SKILL(180)	ADD_POWERHIT(0.06)					0	
1813	3	0		0.0		SKILL(181)	ADD_CURSE(0.33)					0	
1820	8	1024	IS182	120.0				ADD_AC_PHYSICS(1.45);ADD_AC_MAGIC(1.45);MISSILE(1821,3)	PS_L_STASTIC			0	
1821	8	1024	IS182	60.0				MISSILE(182,3)	PS_L_STASTIC			0	
1822	3	0		0.0		BEHAVIOR(1820)\nBEHAVIOR(1821)	ADD_DAMMIMAGIC(0.9)\nADD_DAMMIMAGIC(0.9)					0	
1830	3	0		0.0		SKILL(183)	ADD_CURSE(0.25)					0	
1832	10	8	IS1601	8.100000381469727				MISSILE(1022,2)	S_L_FIRE			0	
1840	3	0		0.0		SKILL(184)	ADD_CURSE(0.25)					0	
1847	3	8		15.0					S_L_FIRE_L			0	
1860	42	256	IB007	31.0				MISSILE(1860,3)				0	
1861	43	0	IB007	31.0				MISSILE(1869,30)				0	
1869	42	256	IB007	31.0				MISSILE(186,3)				0	
1870	11	32	IS180	4.0				ADD_SPEED_RUN(-0.3)	S_L_ICEDOT			0	
2950	18	0	IB049	7.900000095367432				POPBAR(Main_Panel_Hotkey_Combo1);POPSKILL(2952)				0	
2951	18	0	IB049	7.900000095367432								0	
2952	2	0		1.0				KNOCKDOWN(2951)				0	
2953	2	0		7.900000095367432				IRONFOOT(0)				0	
2955	18	0	IB050	5.300000190734863				POPBAR(Main_Panel_Hotkey_Combo1);POPSKILL(2956)				0	
2956	18	0	IB050	5.300000190734863								0	
2958	2	0		0.0				KNOCKDOWN(2958)				0	
2959	2	4		1.0				KNOCKDOWN(2956)				1	
2960	18	0	IST000	5.0				POPBAR(Main_Panel_Hotkey_Combo1);POPSKILL(2961)				0	
2961	31	4	IST000	240.0				ADD_RECOVER_STAMINA(0.1);ADD_STAMINAMAX(0.05)				0	
2962	31	4	IB008	240.0				ADD_RECOVER_STAMINA(0.1);ADD_STAMINAMAX(0.05)				0	
2965	29	4	IST002	240.0				ADD_HPMAX(0.5);ADD_ANTI_STUN(0.05);ADD_ANTI_CURSE(0.05)				0	
2966	27	0		3.0				POPBAR(Main_Panel_Hotkey_Combo1);POPSKILL(2966)				0	
2968	31	4	IST001	240.0				ADD_DAMMIPHYSICS(0.3);ADD_DAMMIMAGIC(0.3)				0	
2969	27	4		3.0				POPBAR(Main_Panel_Hotkey_Combo1);POPSKILL(2969)				0	
2971	18	0	IST005	3.0				POPBAR(Main_Panel_Hotkey_Combo1);POPSKILL(2972)				0	
2972	73	0	IST005	5.0								0	
2975	18	0	IST004	7.0				POPBAR(Main_Panel_Hotkey_Combo1);POPSKILL(2976)				0	
2976	19	0		6.0								0	
2983	2	0		0.0				KNOCKDOWN(2983)				1	
3000	4	0		0.0				POPBAR(Main_Panel_Hotkey_Vehicle);RESKILL(8021);RESKILL(8022)				0	
3001	2	1		3.0				MISSILE(8074,1)	MAP_L_STUNLIGHT			0	
3002	3002	1		0.0				KNOCKDOWN(3008)				0	
3003	3000	4096	IB010	60.0				ADD_DAMMIPHYSICS(1)\nADD_DAMMIMAGIC(1)	S_L_ATTACK			0	
3004	3000	4096	IB009	60.0				ADD_AC_PHYSICS(1)\nADD_AC_MAGIC(1)	S_L_DEFENCE			0	
3005	3001	128	IB043	60.0				ADD_AC_PHYSICS(-1)\nADD_AC_MAGIC(-1)	S_L_DEF_DOWN			0	
3006	3000	4096	IB028	60.0				ADD_AC_PHYSICS(1)\nADD_AC_MAGIC(1)\nADD_RECOVER_HP(1)	S_L_DEFENCE			0	
3007	3002	1		0.0				KNOCKDOWN(3008)				0	
3008	3000	256	IB026	60.0				ADD_DAMMIMAGIC(0.5)	S_L_FIRECLAW			0	
3009	3009	64	IB039	30.0				ADD_AC_MAGIC(-1)\nADD_AC_PHYSICS(-1)	S_L_SEED_ACID			0	
3010	3001	128	IB040	30.0				MISSILE(3047,6)	PS_L_BLOODING			0	
3011	4	2		14.0				ADD_AC_PHYSICS(2)\nADD_AC_MAGIC(2)\nADD_ANTI_STUN(10)				0	
3012	4	2		8.0				ADD_RECOVER_HP(0.5)	Test			0	
3013	3000	4096	IB009	64.0				ADD_AC_PHYSICS(1)\nADD_AC_MAGIC(1)	S_L_DEFENCE			0	
3014	3000	4096	IB009	64.0				ADD_AC_PHYSICS(1.5)\nADD_AC_MAGIC(1.5)	S_L_DEFENCE			0	
3015	3015	64	IB039	15.0				MISSILE(3069,3)	S_L_POISONED			0	
3016	3015	64	IB039	15.0				MISSILE(3070,3)	S_L_POISONED			0	
3017	3015	64	IB039	15.0				MISSILE(3071,3)	S_L_POISONED			0	
3018	3018	8	IB037	15.0				MISSILE(3072,3)	S_L_FIRE			0	
3019	3018	8	IB037	15.0				MISSILE(3073,3)	S_L_FIRE			0	
3020	3018	8	IB037	15.0				MISSILE(3074,3)	s_L_FIRE_L			0	
3021	3021	16	IB038	15.0				MISSILE(3075,3)\nADD_SPEED_RUN(-0.2)	S_L_ICEDOT			0	
3022	3021	16	IB038	15.0				MISSILE(3076,3)\nADD_SPEED_RUN(-0.2)	S_L_ICEDOT			0	
3023	3021	16	IB038	15.0				MISSILE(3077,3)\nADD_SPEED_RUN(-0.2)	S_L_ICEDOT			0	
3024	0	0		0.0								0	
3025	3025	128	IB002	15.0				ADD_SPEED_RUN(-0.5)	S_L_SNARED			0	
3026	3025	128	IB002	10.0				ADD_SPEED_RUN(-0.5)	S_L_SNARED			0	
3027	3025	128	IB002	5.0				ADD_SPEED_RUN(-0.5)	S_L_SNARED			0	
3028	3002	1		5.0				KNOCKDOWN(3008)				0	
3029	3002	1		5.0				KNOCKDOWN(3008)				0	
3030	3002	1		5.0				KNOCKDOWN(3008)				0	
3031	3031	128	IB005	60.0				ADD_SPEED_RUN(-0.5)\nADD_STRENGH(-0.15)\nADD_CONSITUTION(-0.15)\nADD_AGILITY(-0.15)	S_L_DEF_DOWN			0	
3032	3001	128	IS201	30.0				ADD_SPEED_RUN(-0.5)\nMISSILE(3069,3)	S_L_SNARED			0	
3033	3001	2	IS202	20.0				RESKILL(0)\nADD_ANTI_STUN(10)\nADD_SPEED_RUN(-2)	L_BUBBLE-2			0	
3034	3002	2		0.0				KNOCKDOWN(3631)				0	
3035	4	0		1.0								0	
3036	4	0		1.0								0	
3037	4	0		1.0								0	
3038	2	2		0.0				ADD_HPMAX(-12)				0	
3039	2	2		0.0				ADD_HPMAX(-12)				0	
3040	4	0		1.0								0	
3041	4	0		1.0								0	
3042	3042	4	IB015	20.0					S_L_DEATH_RUNE			0	
3043	3043	16	IS182	3.0				ADD_SPEED_RUN(-0.4)	S_L_ICEDOT			0	
3044	3044	128	IB002	15.0				ADD_SPEED_RUN(-0.3)	S_L_SNARED			0	
3045	3044	128	IB002	10.0				ADD_SPEED_RUN(-0.3)	S_L_SNARED			0	
3046	3044	128	IB002	5.0				ADD_SPEED_RUN(-0.3)	S_L_SNARED			0	
3047	3047	128	IB002	15.0				ADD_SPEED_RUN(-0.7)	S_L_SNARED			0	
3048	3047	128	IB002	10.0				ADD_SPEED_RUN(-0.7)	S_L_SNARED			0	
3049	3047	128	IB002	5.0				ADD_SPEED_RUN(-0.7)	S_L_SNARED			0	
3050	4	128		1.0				ADD_POWERHIT(2)				0	
3051	4	128		1.0				ADD_OVERHIT(2)				0	
3052	4	128		1.0				MISSILE(3672,0.1)				0	
3053	3053	64	IS2010	11.0				MISSILE(3695,10)	S_L_M034_ATK_3_GHOST			0	
3054	4	2		0.0					L_ENERGY_CHARGE_LEFT			0	
3055	4	2		0.0					L_ENERGY_CHARGE_RIGHT			0	
3056	4	4		0.0				ADD_SPEED_RUN(0.7)				0	
3057	8500	0		0.0				FACTION(4)				0	
3058	4	4		0.0				FACTION(14)				0	
3059	4	0		0.0				POPBAR(Main_Panel_Hotkey_Vehicle);RESKILL(8028);RESKILL(8029);RESKILL(8030)				0	
3060	4	0		0.0				POPBAR(Main_Panel_Hotkey_Vehicle);RESKILL(8031);RESKILL(8032);RESKILL(8033)				0	
3061	4	0		300.0				MISSILE(4991,5)	L_M035_CHARGE			0	
3062	3062	0		3.0					SEL_ATT1BOSS			0	
3063	4	0		3.0				MISSILE(8101,2)				0	_C_KNOCKED_000;_F_SENTRY_000\n_C_KNOCKED_001;_F_SENTRY_000\n_F_KNOCKED_000;_F_SENTRY_000\n_F_KNOCKED_001;_F_SENTRY_000
3064	4	0		0.0				POPBAR(Main_Panel_Hotkey_Vehicle);RESKILL(8047);RESKILL(8048);ADD_SPEED_RUN(-0.3)				0	
3065	4	0		0.0				POPBAR(Main_Panel_Hotkey_Vehicle);RESKILL(8047);RESKILL(8048);ADD_SPEED_RUN(-0.3)				0	
3066	4	0		0.0				KNOCKDOWN(3151)				0	
3067	4	0		0.0				ADD_ANTI_STUN(10)				0	
3068	4	0		0.0		HP_I<(0.5)	MISSILE(8771,3)					0	
3069	4	0		0.0				MISSILE(8772,120)				0	
3070	4	0		0.0				ADD_HPMAX(2.4);ADD_DAMMIPHYSICS(-0.4)				0	
3071	4	0		3600.0								0	
3072	4	0		0.0				ADD_DODGE(5);ADD_SPEED_RUN(-5)				0	_F_SENTRY_000;_F_READY_000
3073	4	0		3600.0								0	
3074	4	0		0.0				FACTION(104)				0	
3075	4	8192		0.0				KNOCKDOWN(3157)				0	_F_SENTRY_000;_F_FALLING_000\n_F_READY_000;_F_FALLING_000
3076	3076	8192		0.0	LOGOFF(0)			DISABLE(0)				0	_F_FORWARD_000;_F_CLIMBING_000\n_F_WALK_000;_F_CLIMBING_000\n_F_STRAFERIGHT_000;_F_CLIMBING_000\n_F_STRAFERIGHT_002;_F_CLIMBING_000\n_F_STRAFELEFT_000;_F_CLIMBING_000\n_F_STRAFELEFT_002;_F_CLIMBING_000\n_F_READY_000;_F_STRUGGLE_000\n_F_SENTRY_000;_F_STRUGGLE_000
3077	3077	8192		390.0								0	
3078	4	0		0.0				KNOCKDOWN(3687)				0	
3079	4	0		30.0								1	_F_ATTACK_001;_F_ATTACK_007\n_F_ATTACK_003;_F_ATTACK_008\n_F_SENTRY_000;_F_SENTRY_001\n_F_WALK_000;_F_WALK_001\n_F_FORWARD_000;_F_FORWARD_001
3080	4	8192		1.0				ADD_DODGE(10)				1	
3081	3044	16	IS1831	10.0				ADD_SPEED_RUN(-0.3)	S_L_ICEDOT			0	
3082	4	8192		0.0				ADD_DODGE(10)				0	
3083	3083	8192		30.0				ADD_DODGE(10);ADD_SPEED_RUN(-0.6);MISSILE(20019,1)				2	_F_WALK_000;_F_SENTRY_001\n_F_FORWARD_000;_F_SENTRY_001\n_F_SENTRY_000;_F_SENTRY_001\n_F_READY_000;_F_SENTRY_001
3084	3084	8192		30.0				HITMISSILE(1,3,20020)	L_DEATH_CURSE			2	
3085	4	8192		0.0				KNOCKDOWN(20007)				2	
3086	4	8192		30.0				FACTION(6)	PS_L_SACRIFICE			2	
3087	3087	8192		2.0				MISSILE(20039,0.2)				2	
3088	3087	8192		2.0				MISSILE(20041,0.2)				2	
3089	3089	8192		15.0				MISSILE(20044,14);ADD_SPEED_RUN(0.6)				2	
3090	3090	2		15.0				ADD_DODGE(2)	S_L_M102_DIGGING			2	_F_WALK_000;_F_FORWARD_001\n_F_FORWARD_000;_F_FORWARD_001\n_F_SENTRY_000;_F_FORWARD_001\n_F_READY_000;_F_FORWARD_001
3091	3091	8	IB037	16.0				MISSILE(20096,1)	S_L_FIRE			2	
3092	3092	8	IB047	30.0				ADD_MUL_DAMAGE(0.10)				2	
3093	3009	16	IB038	9.0				ADD_AC_MAGIC(-1.5)				0	
3094	552	512	IS164	15.0				ADD_AC_PHYSICS(1.5);ADD_AC_MAGIC(1.5);ADD_RECOVER_HP(1.25)				0	
4980	4	2		10.0								0	
4981	4	2		20.0								0	
4982	4	2		30.0								0	
4983	4	2		60.0								0	
4984	4	2		90.0								0	
4985	4	2		10.0								0	
4986	4	2		20.0								0	
4987	4	2		30.0								0	
4988	4	2		60.0								0	
4989	4	2		90.0								0	
4990	4	2		300.0								0	
4992	4	2		10.0								0	
4993	4	2		20.0								0	
4994	4	2		30.0								0	
4995	4	2		60.0								0	
4996	4	2		90.0								0	
5001	999	0		0.0				ADD_DAMMIPHYSICS(0.2)\nADD_DAMPLUS_PHYSICS(0.2)				0	
5002	999	0		0.0				ADD_DAMMIPHYSICS(0.3)\nADD_DAMPLUS_PHYSICS(0.3)				0	
5003	999	0		0.0				ADD_DAMMIPHYSICS(0.42)\nADD_DAMPLUS_PHYSICS(0.42)				0	
5004	999	0		0.0				ADD_DAMMIPHYSICS(0.65)\nADD_DAMPLUS_PHYSICS(0.65)				0	
5005	999	0		0.0				ADD_DAMMIPHYSICS(0.8)\nADD_DAMPLUS_PHYSICS(0.8)				0	
5006	999	0		0.0				ADD_DAMMIPHYSICS(0.3)\nADD_DAMPLUS_PHYSICS(0.3)				0	
5007	999	0		0.0				ADD_DAMMIPHYSICS(0.45)\nADD_DAMPLUS_PHYSICS(0.45)				0	
5008	999	0		0.0				ADD_DAMMIPHYSICS(0.68)\nADD_DAMPLUS_PHYSICS(0.68)				0	
5009	999	0		0.0				ADD_DAMMIPHYSICS(0.92)\nADD_DAMPLUS_PHYSICS(0.92)				0	
5010	999	0		0.0				ADD_DAMMIPHYSICS(1.09)\nADD_DAMPLUS_PHYSICS(1.09)				0	
5011	999	0		0.0				ADD_AC_PHYSICS(0.8)\nADD_AC_MAGIC(0.8)\nADD_ABSORB_SHIELD(0.4)				0	
5012	999	0		0.0				ADD_AC_PHYSICS(1.08)\nADD_AC_MAGIC(1.08)\nADD_ABSORB_SHIELD(0.54)				0	
5013	999	0		0.0				ADD_AC_PHYSICS(1.47)\nADD_AC_MAGIC(1.47)\nADD_ABSORB_SHIELD(0.74)				0	
5014	999	0		0.0				ADD_AC_PHYSICS(1.91)\nADD_AC_MAGIC(1.91)\nADD_ABSORB_SHIELD(1.01)				0	
5015	999	0		0.0				ADD_AC_PHYSICS(2.4)\nADD_AC_MAGIC(2.4)\nADD_ABSORB_SHIELD(1.37)				0	
5016	999	0		0.0				ADD_DAMMIMAGIC(0.31)\nADD_DAMPLUS_MAGIC(0.31)				0	
5017	999	0		0.0				ADD_DAMMIMAGIC(0.46)\nADD_DAMPLUS_MAGIC(0.46)				0	
5018	999	0		0.0				ADD_DAMMIMAGIC(0.65)\nADD_DAMPLUS_MAGIC(0.65)				0	
5019	999	0		0.0				ADD_DAMMIMAGIC(0.96)\nADD_DAMPLUS_MAGIC(0.96)				0	
5020	999	0		0.0				ADD_DAMMIMAGIC(1.16)\nADD_DAMPLUS_MAGIC(1.16)				0	
5021	999	0		0.0				ADD_DAMMIPHYSICS(0.32)\nADD_DAMPLUS_PHYSICS(0.32)				0	
5022	999	0		0.0				ADD_DAMMIPHYSICS(0.46)\nADD_DAMPLUS_PHYSICS(0.46)				0	
5023	999	0		0.0				ADD_DAMMIPHYSICS(0.7)\nADD_DAMPLUS_PHYSICS(0.7)				0	
5024	999	0		0.0				ADD_DAMMIPHYSICS(1.03)\nADD_DAMPLUS_PHYSICS(1.03)				0	
5025	999	0		0.0				ADD_DAMMIPHYSICS(1.35)\nADD_DAMPLUS_PHYSICS(1.35)				0	
5026	999	0		0.0				ADD_DAMMIMAGIC(0.33)\nADD_DAMPLUS_MAGIC(0.33)				0	
5027	999	0		0.0				ADD_DAMMIMAGIC(0.48)\nADD_DAMPLUS_MAGIC(0.48)				0	
5028	999	0		0.0				ADD_DAMMIMAGIC(0.71)\nADD_DAMPLUS_MAGIC(0.71)				0	
5029	999	0		0.0				ADD_DAMMIMAGIC(1.03)\nADD_DAMPLUS_MAGIC(1.03)				0	
5030	999	0		0.0				ADD_DAMMIMAGIC(1.21)\nADD_DAMPLUS_MAGIC(1.21)				0	
5031	999	0		0.0				ADD_DAMMIMAGIC(0.38)\nADD_DAMPLUS_MAGIC(0.38)				0	
5032	999	0		0.0				ADD_DAMMIMAGIC(0.55)\nADD_DAMPLUS_MAGIC(0.55)				0	
5033	999	0		0.0				ADD_DAMMIMAGIC(0.82)\nADD_DAMPLUS_MAGIC(0.82)				0	
5034	999	0		0.0				ADD_DAMMIMAGIC(1.33)\nADD_DAMPLUS_MAGIC(1.33)				0	
5035	999	0		0.0				ADD_DAMMIMAGIC(1.39)\nADD_DAMPLUS_MAGIC(1.39)				0	
5036	999	0		0.0				ADD_AC_PHYSICS(0.14)\nADD_AC_MAGIC(0.18)				0	
5037	999	0		0.0				ADD_AC_PHYSICS(0.23)\nADD_AC_MAGIC(0.29)				0	
5038	999	0		0.0				ADD_AC_PHYSICS(0.36)\nADD_AC_MAGIC(0.46)				0	
5039	999	0		0.0				ADD_AC_PHYSICS(0.55)\nADD_AC_MAGIC(0.71)				0	
5040	999	0		0.0				ADD_AC_PHYSICS(0.86)\nADD_AC_MAGIC(1.1)				0	
5041	999	0		0.0				ADD_AC_PHYSICS(0.19)\nADD_AC_MAGIC(0.15)				0	
5042	999	0		0.0				ADD_AC_PHYSICS(0.3)\nADD_AC_MAGIC(0.23)				0	
5043	999	0		0.0				ADD_AC_PHYSICS(0.48)\nADD_AC_MAGIC(0.37)				0	
5044	999	0		0.0				ADD_AC_PHYSICS(0.73)\nADD_AC_MAGIC(0.56)				0	
5045	999	0		0.0				ADD_AC_PHYSICS(1.13)\nADD_AC_MAGIC(0.88)				0	
5046	999	0		0.0				ADD_AC_PHYSICS(0.16)\nADD_AC_MAGIC(0.17)				0	
5047	999	0		0.0				ADD_AC_PHYSICS(0.25)\nADD_AC_MAGIC(0.26)				0	
5048	999	0		0.0				ADD_AC_PHYSICS(0.4)\nADD_AC_MAGIC(0.42)				0	
5049	999	0		0.0				ADD_AC_PHYSICS(0.61)\nADD_AC_MAGIC(0.64)				0	
5050	999	0		0.0				ADD_AC_PHYSICS(0.95)\nADD_AC_MAGIC(0.99)				0	
5051	999	0		0.0				ADD_AC_PHYSICS(0.16)\nADD_AC_MAGIC(0.17)				0	
5052	999	0		0.0				ADD_AC_PHYSICS(0.25)\nADD_AC_MAGIC(0.27)				0	
5053	999	0		0.0				ADD_AC_PHYSICS(0.4)\nADD_AC_MAGIC(0.43)				0	
5054	999	0		0.0				ADD_AC_PHYSICS(0.6)\nADD_AC_MAGIC(0.65)				0	
5055	999	0		0.0				ADD_AC_PHYSICS(0.94)\nADD_AC_MAGIC(1.01)				0	
5056	999	0		0.0				ADD_AC_PHYSICS(0.17)\nADD_AC_MAGIC(0.15)				0	
5057	999	0		0.0				ADD_AC_PHYSICS(0.26)\nADD_AC_MAGIC(0.24)				0	
5058	999	0		0.0				ADD_AC_PHYSICS(0.42)\nADD_AC_MAGIC(0.38)				0	
5059	999	0		0.0				ADD_AC_PHYSICS(0.64)\nADD_AC_MAGIC(0.57)				0	
5060	999	0		0.0				ADD_AC_PHYSICS(1)\nADD_AC_MAGIC(0.89)				0	
5061	999	0		0.0				ADD_HPMAX(0.14)				0	
5062	999	0		0.0				ADD_HPMAX(0.19)				0	
5063	999	0		0.0				ADD_HPMAX(0.26)				0	
5064	999	0		0.0				ADD_HPMAX(0.35)				0	
5065	999	0		0.0				ADD_HPMAX(0.45)				0	
5066	999	0		0.0				ADD_HPMAX(0.1)				0	
5067	999	0		0.0				ADD_HPMAX(0.14)				0	
5068	999	0		0.0				ADD_HPMAX(0.19)				0	
5069	999	0		0.0				ADD_HPMAX(0.26)				0	
5070	999	0		0.0				ADD_HPMAX(0.33)				0	
5071	999	0		0.0				ADD_HPMAX(0.11)				0	
5072	999	0		0.0				ADD_HPMAX(0.16)				0	
5073	999	0		0.0				ADD_HPMAX(0.21)				0	
5074	999	0		0.0				ADD_HPMAX(0.29)				0	
5075	999	0		0.0				ADD_HPMAX(0.37)				0	
5076	999	0		0.0				ADD_HPMAX(0.13)				0	
5077	999	0		0.0				ADD_HPMAX(0.17)				0	
5078	999	0		0.0				ADD_HPMAX(0.23)				0	
5079	999	0		0.0				ADD_HPMAX(0.32)				0	
5080	999	0		0.0				ADD_HPMAX(0.41)				0	
5081	999	0		0.0				ADD_HPMAX(1)	FX_LG			0	
5104	5104	4	ICON_Collect_Treasure_021_000	10.0				ADD_ANTI_STUN(10)_x000D_\nADD_ANTI_CURSE(10)\nADD_DODGE(2)				0	
5105	5105	4	ICON_Collect_Treasure_021_000	60.0				ADD_SPEED_RUN(0.5)\nADD_RECOVER_STAMINA(1)	S_L_LYDINA_MELODY			0	
5109	999	0		0.0		RATE(50)	COUNTERMISSILE(4067,15,5109)					0	
5110	999	0		0.0		RATE(50)	COUNTERMISSILE(4067,15,5110)					0	
5111	999	0		0.0		RATE(50)	COUNTERMISSILE(4067,10,5111)					0	
5112	999	0		0.0		RATE(50)	COUNTERMISSILE(4067,15,5112)					0	
5113	999	0		0.0		RATE(50)	COUNTERMISSILE(4067,10,5113)					0	
5114	999	0		0.0		RATE(20)	HITMISSILE(4067,5,5114)					0	
5115	999	0		0.0		RATE(20)	HITMISSILE(4067,5,5115)					0	
5116	999	0		0.0		RATE(20)	HITMISSILE(4067,5,5116)					0	
5117	999	0		0.0		RATE(20)	HITMISSILE(4067,5,5117)					0	
5118	999	0		0.0				ADD_DAMMIPHYSICS(1)\nADD_AC_PHYSICS(-1)				0	
5119	999	0		0.0				ADD_DAMMIMAGIC(1)\nADD_AC_MAGIC(-1)				0	
5120	999	0		0.0				ADD_AC_PHYSICS(1)\nADD_DAMMIPHYSICS(-1)				0	
5121	999	0		0.0				ADD_AC_MAGIC(1)\nADD_DAMMIMAGIC(-1)				0	
5122	991	0	ICON_Collect_Treasure_024_000	30.0				ADD_STRENGH(1)				0	
5123	992	0	ICON_Collect_Treasure_015_000	30.0				ADD_AGILITY(1)				0	
5124	993	0	ICON_Collect_Treasure_009_000	30.0				ADD_INTELLECT(1)				0	
5125	994	0	ICON_Collect_Treasure_007_000	30.0				ADD_PERCEPTION(1)				0	
5126	999	0		0.0				ADD_DAMPLUS_MAGIC(0.4)				0	
5127	999	0		0.0				ADD_DAMPLUS_MAGIC(0.6)				0	
5128	999	0		0.0				ADD_PENETRATE_PHYSICS(0.65)				0	
5129	999	0		0.0				ADD_PENETRATE_PHYSICS(1.3)				0	
5130	999	0		0.0				ADD_PENETRATE_PHYSICS(1.95)				0	
5131	999	0		0.0				ADD_PENETRATE_MAGIC(0.65)				0	
5132	999	0		0.0				ADD_PENETRATE_MAGIC(1.3)				0	
5133	999	0		0.0				ADD_PENETRATE_MAGIC(1.95)				0	
5134	999	0		0.0				ADD_PENETRATE_PHYSICS(0.65)				0	
5135	999	0		0.0				ADD_PENETRATE_PHYSICS(1.3)				0	
5136	999	0		0.0				ADD_PENETRATE_PHYSICS(1.95)				0	
5137	999	0		0.0				ADD_PENETRATE_MAGIC(0.65)				0	
5138	5138	2		0.0				ADD_SPEED_RUN(-2);POPBAR(Main_Panel_Hotkey_Combo);RESKILL(0)				0	
5139	5139	2		0.0				ADD_SPEED_RUN(-2);POPBAR(Main_Panel_Hotkey_Combo);RESKILL(5128)				0	
5140	5140	2		0.0				ADD_SPEED_RUN(-2);POPBAR(Main_Panel_Hotkey_Combo);MISSILE(5131,3);RESKILL(0)				0	
5141	5141	2		1.5				POPBAR(Main_Panel_Hotkey_Combo1);POPSKILL(5130)				0	
5142	5142	1		8.0				KNOCKDOWN(5134)				0	
5143	5142	1		8.0				KNOCKDOWN(5135)				0	
5144	20	0		0.0				POPBAR(Main_Panel_Hotkey_Combo);RESKILL(0)				0	
5145	20	0		0.0				POPBAR(Main_Panel_Hotkey_Combo);RESKILL(0);ADD_SPEED_RUN(-0.5)				0	_F_FORWARD_000;_F_WALK_000
5146	20	0		0.0				POPBAR(Main_Panel_Hotkey_Combo);RESKILL(0)				0	
5147	20	0		0.0				POPBAR(Main_Panel_Hotkey_Combo);RESKILL(0)				0	
5148	20	0		0.0				POPBAR(Main_Panel_Hotkey_Combo);RESKILL(0)				0	
5149	20	0		0.0				POPBAR(Main_Panel_Hotkey_Combo);RESKILL(0);ADD_SPEED_RUN(-0.5)				0	_F_FORWARD_000;_F_WALK_000
5150	20	0		0.0				POPBAR(Main_Panel_Hotkey_Combo);RESKILL(0)				0	
5151	20	0		0.0				POPBAR(Main_Panel_Hotkey_Combo);RESKILL(0)				0	
5152	20	0		0.0				POPBAR(Main_Panel_Hotkey_Combo);RESKILL(0)				0	
5153	20	0		0.0				POPBAR(Main_Panel_Hotkey_Combo);RESKILL(0)				0	
5154	20	0		0.0				POPBAR(Main_Panel_Hotkey_Combo);RESKILL(0)				0	
5161	5161	0	IB034	180.0				ADD_RECOVER_STAMINA(0.4)				0	
5601	999	0		0.0				ADD_AC_PHYSICS(1)\nADD_AC_MAGIC(1)				0	
6001	999	0		0.0				ADD_DAMMIPHYSICS(0.277)				0	
6002	999	0		0.0				ADD_DAMMIMAGIC(0.277)				0	
6003	999	0		0.0				ADD_DAMPLUS_PHYSICS(0.075)				0	
6004	999	0		0.0				ADD_DAMPLUS_MAGIC(0.075)				0	
6005	999	0		0.0				ADD_PENETRATE_PHYSICS(0.592)				0	
6006	999	0		0.0				ADD_PENETRATE_MAGIC(0.592)				0	
6007	999	0		0.0				ADD_HITRATE(0.022)				0	
6008	999	0		0.0				ADD_POWERHIT(0.025)				0	
6009	999	0		0.0				ADD_MULTIPLY_POWERDAM(0.125)				0	
6010	999	0		0.0				ADD_DAMMIPHYSICS(0.277)\nADD_HITRATE(0.022)				0	
6011	999	0		0.0				ADD_DAMMIMAGIC(0.277)\nADD_HITRATE(0.022)				0	
6012	999	0		0.0				ADD_DAMPLUS_PHYSICS(0.075)\nADD_POWERHIT(0.025)				0	
6013	999	0		0.0				ADD_DAMPLUS_MAGIC(0.075)\nADD_POWERHIT(0.025)				0	
6014	999	0		0.0				ADD_PENETRATE_PHYSICS(0.592)\nADD_MULTIPLY_POWERDAM(0.125)				0	
6015	999	0		0.0				ADD_PENETRATE_MAGIC(0.592)\nADD_MULTIPLY_POWERDAM(0.125)				0	
6016	999	0		0.0				ADD_DAMMIPHYSICS(0.277)\nADD_DAMPLUS_PHYSICS(0.075)\nADD_PENETRATE_PHYSICS(0.592)				0	
6017	999	0		0.0				ADD_DAMMIMAGIC(0.277)\nADD_DAMPLUS_MAGIC(0.075)\nADD_PENETRATE_MAGIC(0.592)				0	
6018	999	0		0.0				ADD_HITRATE(0.022)\nADD_POWERHIT(0.025)\nADD_MULTIPLY_POWERDAM(0.125)				0	
6019	999	0		0.0				ADD_DAMMIPHYSICS(0.277)\nADD_DAMMIMAGIC(0.277)\nADD_HITRATE(0.022)\nADD_POWERHIT(0.025)\nADD_MULTIPLY_POWERDAM(0.125)				0	
6020	999	0		0.0				ADD_AC_PHYSICS(0.16)				0	
6021	999	0		0.0				ADD_AC_MAGIC(0.16)				0	
6022	999	0		0.0				ADD_ABSORB_PHYSICS(0.036)				0	
6023	999	0		0.0				ADD_ABSORB_MAGIC(0.036)				0	
6024	999	0		0.0				ADD_PENETRATE_PHYSICS(0.118)				0	
6025	999	0		0.0				ADD_PENETRATE_MAGIC(0.118)				0	
6026	999	0		0.0				ADD_ANTI_STUN(0.004)				0	
6027	999	0		0.0				ADD_ANTI_POWERHIT(0.004)				0	
6028	999	0		0.0				ADD_ABSORB_POWERDAM(0.1)				0	
6029	999	0		0.0				ADD_ABSORB_SHIELD(0.159)				0	
6030	999	0		0.0				ADD_AC_PHYSICS(0.16)\nADD_DAMMIPHYSICS(0.047)				0	
6031	999	0		0.0				ADD_AC_MAGIC(0.16)\nADD_DAMMIMAGIC(0.047)				0	
6032	999	0		0.0				ADD_ABSORB_PHYSICS(0.036)\nADD_DAMPLUS_PHYSICS(0.03)				0	
6033	999	0		0.0				ADD_ABSORB_MAGIC(0.036)\nADD_DAMPLUS_MAGIC(0.03)				0	
6034	999	0		0.0				ADD_ANTI_STUN(0.004)\nADD_STUN(0.006)				0	
6035	999	0		0.0				ADD_ANTI_POWERHIT(0.004)\nADD_CURSE(0.007)				0	
6036	999	0		0.0				ADD_AC_PHYSICS(0.16)\nADD_ABSORB_PHYSICS(0.036)\nADD_ANTI_POWERHIT(0.004)				0	
6037	999	0		0.0				ADD_AC_MAGIC(0.16)\nADD_ABSORB_MAGIC(0.036)\nADD_ANTI_STUN(0.004)				0	
6038	999	0		0.0				ADD_STUN(0.006)\nADD_ABSORB_POWERDAM(0.1)\nADD_ABSORB_SHIELD(0.159)				0	
6039	999	0		0.0				ADD_AC_PHYSICS(0.16)\nADD_AC_MAGIC(0.16)\nADD_ABSORB_PHYSICS(0.036)\nADD_ABSORB_MAGIC(0.036)\nADD_ABSORB_SHIELD(0.159)				0	
6040	999	0		0.0				ADD_AC_PHYSICS(0.068)				0	
6041	999	0		0.0				ADD_AC_MAGIC(0.068)				0	
6042	999	0		0.0				ADD_ABSORB_PHYSICS(0.024)				0	
6043	999	0		0.0				ADD_ABSORB_MAGIC(0.024)				0	
6044	999	0		0.0				ADD_ANTI_STUN(0.01)				0	
6045	999	0		0.0				ADD_STUN(0.009)				0	
6046	999	0		0.0				ADD_ANTI_CURSE(0.015)				0	
6047	999	0		0.0				ADD_CURSE(0.007)				0	
6048	999	0		0.0				ADD_DODGE(0.015)				0	
6049	999	0		0.0				ADD_MULTIPLY_POWERDAM(0.05)				0	
6050	999	0		0.0				ADD_AC_PHYSICS(0.068)\nADD_ABSORB_PHYSICS(0.024)				0	
6051	999	0		0.0				ADD_AC_MAGIC(0.068)\nADD_ABSORB_MAGIC(0.024)				0	
6052	999	0		0.0				ADD_ANTI_STUN(0.01)\nADD_STUN(0.009)				0	
6053	999	0		0.0				ADD_ANTI_CURSE(0.015)\nADD_CURSE(0.007)				0	
6054	999	0		0.0				ADD_HITRATE(0.006)\nADD_DODGE(0.015)				0	
6055	999	0		0.0				ADD_ANTI_POWERHIT(0.006)\nADD_MULTIPLY_POWERDAM(0.05)				0	
6056	999	0		0.0				ADD_ANTI_STUN(0.01)\nADD_ANTI_CURSE(0.015)\nADD_ANTI_POWERHIT(0.006)				0	
6057	999	0		0.0				ADD_STUN(0.009)\nADD_CURSE(0.007)\nADD_MULTIPLY_POWERDAM(0.05)				0	
6058	999	0		0.0				ADD_HITRATE(0.006)\nADD_DODGE(0.015)\nADD_AC_PHYSICS(0.068)\nADD_AC_MAGIC(0.068)				0	
6059	999	0		0.0				ADD_ANTI_STUN(0.01)\nADD_STUN(0.009)\nADD_ANTI_CURSE(0.015)\nADD_CURSE(0.007)\nADD_HITRATE(0.006)				0	
6601	998	0	ICON_WINE_000_000	1800.0				ADD_STRENGH(0.2)\nADD_HPMAX(0.04)				0	
6602	982	0	ICON_WINE_000_001	1800.0				ADD_CONSITUTION(0.2)\nADD_HPMAX(0.04)				0	
6603	981	0	ICON_WINE_000_002	1800.0				ADD_AGILITY(0.2)\nADD_HPMAX(0.04)				0	
6604	980	0	ICON_WINE_000_003	1800.0				ADD_PERCEPTION(0.2)\nADD_HPMAX(0.04)				0	
6605	979	0	ICON_WINE_000_004	1800.0				ADD_INTELLECT(0.2)\nADD_HPMAX(0.04)				0	
6606	997	0	ICON_WINE_010_000	1800.0				ADD_HITRATE(0.03)\nADD_HPMAX(0.04)				0	
6607	978	0	ICON_WINE_010_001	1800.0				ADD_DODGE(0.03)\nADD_HPMAX(0.04)				0	
6608	977	0	ICON_WINE_010_002	1800.0				ADD_POWERHIT(0.04)\nADD_HPMAX(0.04)				0	
6609	976	0	ICON_WINE_010_003	1800.0				ADD_ANTI_POWERHIT(0.04)\nADD_HPMAX(0.04)				0	
6610	997	0	ICON_WINE_012_000	1800.0				ADD_HITRATE(0.06)\nADD_HPMAX(0.04)				0	
6611	978	0	ICON_WINE_012_001	1800.0				ADD_DODGE(0.06)\nADD_HPMAX(0.04)				0	
6612	977	0	ICON_WINE_012_002	1800.0				ADD_POWERHIT(0.08)\nADD_HPMAX(0.04)				0	
6613	976	0	ICON_WINE_012_003	1800.0				ADD_ANTI_POWERHIT(0.08)\nADD_HPMAX(0.04)				0	
6614	997	0	ICON_WINE_014_000	1800.0				ADD_HITRATE(0.09)\nADD_HPMAX(0.04)				0	
6615	978	0	ICON_WINE_014_001	1800.0				ADD_DODGE(0.09)\nADD_HPMAX(0.04)				0	
6616	977	0	ICON_WINE_014_002	1800.0				ADD_POWERHIT(0.12)\nADD_HPMAX(0.04)				0	
6617	976	0	ICON_WINE_014_003	1800.0				ADD_ANTI_POWERHIT(0.12)\nADD_HPMAX(0.04)				0	
6618	996	0	ICON_WINE_030_000	1800.0				ADD_STRENGH(0.2)\nADD_HPMAX(0.15)				0	
6619	996	0	ICON_WINE_032_000	1800.0				ADD_CONSITUTION(0.2)\nADD_HPMAX(0.15)				0	
6620	996	0	ICON_WINE_034_000	1800.0				ADD_AGILITY(0.2)\nADD_HPMAX(0.15)				0	
6621	996	0	ICON_WINE_036_000	1800.0				ADD_PERCEPTION(0.2)\nADD_HPMAX(0.15)				0	
6622	996	0	ICON_WINE_038_000	1800.0				ADD_INTELLECT(0.2)\nADD_HPMAX(0.15)				0	
6623	983	0	ICON_MISSION_079_000	1200.0				ADD_STRENGH(0.5)\nADD_CONSITUTION(0.5)\nADD_AGILITY(0.5)\nADD_PERCEPTION(0.5)\nADD_INTELLECT(0.5)				0	
6624	983	0	ICON_MISSION_079_000	1200.0				ADD_STRENGH(0.8)\nADD_CONSITUTION(0.8)\nADD_AGILITY(0.8)\nADD_PERCEPTION(0.8)\nADD_INTELLECT(0.8)				0	
6625	983	0	ICON_MISSION_079_000	1200.0				ADD_STRENGH(1)\nADD_CONSITUTION(1)\nADD_AGILITY(1)\nADD_PERCEPTION(1)\nADD_INTELLECT(1)				0	
6626	983	0	ICON_MISSION_079_000	1200.0				ADD_STRENGH(1)\nADD_CONSITUTION(1)\nADD_AGILITY(1)\nADD_PERCEPTION(1)\nADD_INTELLECT(1)				0	
6627	983	0	ICON_MISSION_079_000	1200.0				ADD_STRENGH(1)\nADD_CONSITUTION(1)\nADD_AGILITY(1)\nADD_PERCEPTION(1)\nADD_INTELLECT(1)				0	
6628	983	0	ICON_MISSION_079_000	1200.0				ADD_STRENGH(1)\nADD_CONSITUTION(1)\nADD_AGILITY(1)\nADD_PERCEPTION(1)\nADD_INTELLECT(1)				0	
6629	983	0	ICON_MISSION_079_000	1200.0				ADD_STRENGH(1)\nADD_CONSITUTION(1)\nADD_AGILITY(1)\nADD_PERCEPTION(1)\nADD_INTELLECT(1)				0	
6630	983	0	ICON_MISSION_079_000	1200.0				ADD_STRENGH(1)\nADD_CONSITUTION(1)\nADD_AGILITY(1)\nADD_PERCEPTION(1)\nADD_INTELLECT(1)				0	
6631	983	0	ICON_MISSION_079_000	1200.0				ADD_STRENGH(1.06)\nADD_CONSITUTION(1.06)\nADD_AGILITY(1.06)\nADD_PERCEPTION(1.06)\nADD_INTELLECT(1.06)				0	
6632	983	0	ICON_MISSION_079_000	1200.0				ADD_STRENGH(1)\nADD_CONSITUTION(1)\nADD_AGILITY(1)\nADD_PERCEPTION(1)\nADD_INTELLECT(1)				0	
6633	987	0	ICON_FRUIT_000_000	600.0				ADD_STRENGH(0.4)				0	
6634	987	0	ICON_FRUIT_001_000	600.0				ADD_AGILITY(0.4)				0	
6635	987	0	ICON_FRUIT_004_001	600.0				ADD_CONSITUTION(0.4)				0	
6636	987	0	ICON_FRUIT_003_000	600.0				ADD_INTELLECT(0.4)				0	
6637	987	0	ICON_FRUIT_002_000	600.0				ADD_PERCEPTION(0.4)				0	
6638	984	0	ICON_LIQUID_008_000	1200.0				ADD_POWERHIT(0.03)				0	
6639	984	0	ICON_LIQUID_009_000	1200.0				ADD_POWERHIT(0.06)				0	
6640	984	0	ICON_LIQUID_010_000	1200.0				ADD_POWERHIT(0.09)				0	
6641	985	0	ICON_LIQUID_008_001	1200.0				ADD_MULTIPLY_POWERDAM(0.3)				0	
6642	985	0	ICON_LIQUID_009_001	1200.0				ADD_MULTIPLY_POWERDAM(0.6)				0	
6643	985	0	ICON_LIQUID_010_001	1200.0				ADD_MULTIPLY_POWERDAM(0.9)				0	
6644	986	0	ICON_LIQUID_008_002	1200.0				ADD_HITRATE(0.03)				0	
6645	986	0	ICON_LIQUID_009_002	1200.0				ADD_HITRATE(0.06)				0	
6646	986	0	ICON_LIQUID_010_002	1200.0				ADD_HITRATE(0.09)				0	
6647	988	0	ICON_LIQUID_008_003	1200.0				ADD_DODGE(0.03)				0	
6648	988	0	ICON_LIQUID_009_003	1200.0				ADD_DODGE(0.06)				0	
6649	988	0	ICON_LIQUID_010_003	1200.0				ADD_DODGE(0.09)				0	
6650	983	0	ICON_WINE_029_001	1200.0				ADD_STRENGH(1)\nADD_CONSITUTION(1)\nADD_AGILITY(1)\nADD_PERCEPTION(1)\nADD_INTELLECT(1)				0	
6651	983	0	ICON_WINE_005_005	1200.0				ADD_STRENGH(2)\nADD_CONSITUTION(2)\nADD_AGILITY(2)\nADD_PERCEPTION(2)\nADD_INTELLECT(2)				0	
6652	997	0	ICON_WINE_016_000	1800.0				ADD_HITRATE(0.12)\nADD_HPMAX(0.04)				0	
6653	978	0	ICON_WINE_016_001	1800.0				ADD_DODGE(0.12)\nADD_HPMAX(0.04)				0	
6654	977	0	ICON_WINE_016_002	1800.0				ADD_POWERHIT(0.16)\nADD_HPMAX(0.04)				0	
6655	976	0	ICON_WINE_016_003	1800.0				ADD_ANTI_POWERHIT(0.16)\nADD_HPMAX(0.04)				0	
6656	997	0	ICON_WINE_018_000	1800.0				ADD_HITRATE(0.15)\nADD_HPMAX(0.04)				0	
6657	978	0	ICON_WINE_018_001	1800.0				ADD_DODGE(0.15)\nADD_HPMAX(0.04)				0	
6658	977	0	ICON_WINE_018_002	1800.0				ADD_POWERHIT(0.2)\nADD_HPMAX(0.04)				0	
6659	976	0	ICON_WINE_018_003	1800.0				ADD_ANTI_POWERHIT(0.2)\nADD_HPMAX(0.04)				0	
6660	998	0	ICON_WINE_002_000	1800.0				ADD_STRENGH(0.2)\nADD_HPMAX(0.04)				0	
6661	982	0	ICON_WINE_002_001	1800.0				ADD_CONSITUTION(0.2)\nADD_HPMAX(0.04)				0	
6662	981	0	ICON_WINE_002_002	1800.0				ADD_AGILITY(0.2)\nADD_HPMAX(0.04)				0	
6663	980	0	ICON_WINE_002_003	1800.0				ADD_PERCEPTION(0.2)\nADD_HPMAX(0.04)				0	
6664	979	0	ICON_WINE_002_004	1800.0				ADD_INTELLECT(0.2)\nADD_HPMAX(0.04)				0	
6665	998	0	ICON_WINE_004_000	1800.0				ADD_STRENGH(0.2)\nADD_HPMAX(0.04)				0	
6666	982	0	ICON_WINE_004_001	1800.0				ADD_CONSITUTION(0.2)\nADD_HPMAX(0.04)				0	
6667	981	0	ICON_WINE_004_002	1800.0				ADD_AGILITY(0.2)\nADD_HPMAX(0.04)				0	
6668	980	0	ICON_WINE_004_003	1800.0				ADD_PERCEPTION(0.2)\nADD_HPMAX(0.04)				0	
6669	979	0	ICON_WINE_004_004	1800.0				ADD_INTELLECT(0.2)\nADD_HPMAX(0.04)				0	
6670	998	0	ICON_WINE_006_000	1800.0				ADD_STRENGH(0.2)\nADD_HPMAX(0.04)				0	
6671	982	0	ICON_WINE_006_001	1800.0				ADD_CONSITUTION(0.2)\nADD_HPMAX(0.04)				0	
6672	981	0	ICON_WINE_006_002	1800.0				ADD_AGILITY(0.2)\nADD_HPMAX(0.04)				0	
6673	980	0	ICON_WINE_006_003	1800.0				ADD_PERCEPTION(0.2)\nADD_HPMAX(0.04)				0	
6674	979	0	ICON_WINE_006_004	1800.0				ADD_INTELLECT(0.2)\nADD_HPMAX(0.04)				0	
6675	998	0	ICON_WINE_008_000	1800.0				ADD_STRENGH(0.2)\nADD_HPMAX(0.04)				0	
6676	982	0	ICON_WINE_008_001	1800.0				ADD_CONSITUTION(0.2)\nADD_HPMAX(0.04)				0	
6677	981	0	ICON_WINE_008_002	1800.0				ADD_AGILITY(0.2)\nADD_HPMAX(0.04)				0	
6678	980	0	ICON_WINE_008_003	1800.0				ADD_PERCEPTION(0.2)\nADD_HPMAX(0.04)				0	
6679	979	0	ICON_WINE_008_004	1800.0				ADD_INTELLECT(0.2)\nADD_HPMAX(0.04)				0	
7000	4	2		0.0					L_M000_000_000			3	
7001	4	2		0.0					L_M000_000_001			3	
7002	4	2		0.0				ADD_DAMPLUS_PHYSICS(0.5)	L_M000_000_002			3	
7003	4	2		0.0					L_M000_001_000			3	
7004	4	2		0.0					L_M000_001_001			3	
7005	4	2		0.0					L_M001_000_000			3	
7006	4	2		0.0					L_M001_000_001			3	
7007	4	2		0.0					L_M001_000_003			3	
7008	4	2		0.0					L_M001_001_000			3	
7009	4	2		0.0					L_M001_001_001			3	
7010	4	2		0.0					L_M001_002_000			3	
7011	4	2		0.0					L_M001_003_000			3	
7012	4	2		0.0				ADD_DAMPLUS_PHYSICS(0.5)	L_M001_003_001			3	
7013	4	2		0.0					L_M002_000_000			3	
7014	4	2		0.0					L_M002_000_001			3	
7015	4	2		0.0					L_M002_000_002			3	
7016	4	2		0.0					L_M002_001_000			3	
7017	4	2		0.0				ADD_DAMPLUS_PHYSICS(0.5)	L_M002_002_000			3	
7018	4	2		0.0					L_M003_000_000			3	
7019	4	2		0.0					L_M003_000_001			3	
7020	4	2		0.0					L_M003_000_002			3	
7021	4	2		0.0					L_M003_000_003			3	
7022	4	2		0.0					L_M003_001_000			3	
7023	4	2		0.0					L_M003_001_001			3	
7024	4	2		0.0					L_M004_000_000			3	
7025	4	2		0.0					L_M004_000_001			3	
7026	4	2		0.0					L_M004_000_002			3	
7027	4	2		0.0					L_M004_000_003			3	
7028	4	2		0.0					L_M004_000_004			3	
7029	4	2		0.0					L_M005_000_000			3	
7030	4	2		0.0					L_M005_000_001			3	
7031	4	2		0.0					L_M005_000_002			3	
7032	4	2		0.0					L_M005_000_003			3	
7033	4	2		0.0					L_M005_000_004			3	
7034	4	2		0.0					L_M005_001_000			3	
7035	4	2		0.0				ADD_AC_PHYSICS(1.2);ADD_AC_MAGIC(1.2)	L_M006_000_000			3	
7036	4	2		0.0				ADD_AC_PHYSICS(1.2);ADD_AC_MAGIC(1.2)	L_M006_000_001			3	
7037	4	2		0.0				ADD_AC_PHYSICS(1.2);ADD_AC_MAGIC(1.2)	L_M006_000_002			3	
7038	4	2		0.0				ADD_AC_PHYSICS(1.2);ADD_AC_MAGIC(1.2)	L_M006_001_000			3	
7039	4	2		0.0				ADD_AC_PHYSICS(1.2);ADD_AC_MAGIC(1.2)	L_M006_001_001			3	
7040	4	2		0.0				ADD_AC_PHYSICS(1.2);ADD_AC_MAGIC(1.2)	L_M006_001_002			3	
7041	7041	2		0.0					L_M007_000_000			3	
7042	4	2		0.0				ADD_AC_MAGIC(1);ADD_DAMMIMAGIC(1)	L_M008_000_000			3	
7043	4	2		0.0				ADD_AC_MAGIC(1);ADD_DAMMIMAGIC(1)	L_M008_000_001			3	
7044	4	2		0.0				ADD_AC_MAGIC(1);ADD_DAMMIMAGIC(1)	L_M008_000_002			3	
7045	4	2		0.0				ADD_AC_MAGIC(1);ADD_DAMMIMAGIC(1)	L_M008_001_000			3	
7046	4	2		0.0				ADD_AC_MAGIC(1);ADD_DAMMIMAGIC(1)	L_M008_001_001			3	
7047	4	2		0.0					L_M009_000_000			3	
7048	4	2		0.0				ADD_DAMPLUS_PHYSICS(1)	L_M010_000_000			3	
7049	4	2		0.0				ADD_DAMPLUS_PHYSICS(1)	L_M010_000_001			3	
7050	4	2		0.0				ADD_DAMPLUS_PHYSICS(1)	L_M010_000_002			3	
7051	4	2		0.0				ADD_DAMPLUS_PHYSICS(1)	L_M010_001_000			3	
7052	4	2		0.0				ADD_DAMPLUS_PHYSICS(1)	L_M010_001_001			3	
7053	4	2		0.0				ADD_DAMPLUS_PHYSICS(0.5)	L_M010_002_000			3	
7054	4	2		0.0					L_M010_002_001			3	
7055	4	2		0.0					L_M011_000_000			3	
7056	4	2		0.0					L_M011_000_001			3	
7057	4	2		0.0					L_M011_000_002			3	
7058	4	2		0.0					L_M011_001_000			3	
7059	4	2		0.0					L_M011_001_001			3	
7060	4	2		0.0					L_M012_000_000			3	
7061	4	2		0.0					L_M013_000_000			3	
7062	4	2		0.0					L_M013_000_001			3	
7063	4	2		0.0					L_M013_000_002			3	
7064	4	2		0.0					L_M013_001_000			3	
7065	4	2		0.0					L_M013_001_001			3	
7066	4	2		0.0					L_M014_000_000			3	
7067	4	2		0.0				ADD_AC_PHYSICS(0.4);ADD_AC_MAGIC(2)	L_M014_000_001			3	
7068	4	2		0.0					L_M014_001_000			3	
7069	4	2		0.0					L_M014_002_000			3	
7070	4	2		0.0					L_M014_002_001			3	
7071	4	2		0.0					L_M015_000_000			3	
7072	4	2		0.0					L_M015_000_001			3	
7073	4	2		0.0					L_M015_000_002			3	
7074	4	2		0.0					L_M015_000_003			3	
7075	4	2		0.0					L_M015_001_000			3	
7076	4	2		0.0					L_M015_001_001			3	
7077	4	2		0.0					L_M016_000_000			3	
7078	4	2		0.0					L_M016_000_001			3	
7079	4	2		0.0					L_M016_000_002			3	
7080	4	2		0.0					L_M016_001_000			3	
7081	4	2		0.0					L_M016_002_000			3	
7082	4	2		0.0					L_M017_000_000			3	
7083	4	2		0.0					L_M017_000_001			3	
7084	4	2		0.0					L_M017_000_002			3	
7085	4	2		0.0					L_M017_000_003			3	
7086	4	2		0.0				ADD_DAMPLUS_PHYSICS(0.5)	L_M017_001_000			3	
7087	4	2		0.0				ADD_ANTI_STUN(10)	L_M018_000_000			3	
7088	4	2		0.0				ADD_ANTI_STUN(10)	L_M018_000_000			3	
7089	4	2		0.0				ADD_ANTI_STUN(10)	L_M018_000_000			3	
7090	4	2		0.0				ADD_ANTI_STUN(10)	L_M018_001_000			3	
7091	4	2		0.0				ADD_ANTI_STUN(10)	L_M018_001_001			3	
7092	4	2		0.0				ADD_ANTI_STUN(10)	L_M018_002_000			3	
7093	4	2		0.0				ADD_PENETRATE_PHYSICS(1)	L_M019_000_000			3	
7094	4	2		0.0				ADD_PENETRATE_PHYSICS(1)	L_M019_000_001			3	
7095	4	2		0.0				ADD_PENETRATE_PHYSICS(1)	L_M019_000_002			3	
7096	4	2		0.0				ADD_PENETRATE_PHYSICS(1)	L_M019_001_000			3	
7097	4	2		0.0				ADD_PENETRATE_PHYSICS(1)	L_M019_002_000			3	
7098	4	2		0.0				ADD_PENETRATE_PHYSICS(1)	L_M019_003_000			3	
7099	4	2		0.0					L_M020_000_000			3	
7100	4	2		0.0					L_M020_000_001			3	
7101	4	2		0.0					L_M020_000_002			3	
7102	4	2		0.0					L_M020_001_000			3	
7103	4	2		0.0					L_M020_001_001			3	
7104	4	2		0.0					L_M020_002_000			3	
7105	4	2		0.0					L_M021_000_000			3	
7106	4	2		0.0					L_M021_000_001			3	
7107	4	2		0.0					L_M021_000_002			3	
7108	4	2		0.0					L_M021_001_000			3	
7109	4	2		0.0					L_M021_001_001			3	
7110	4	2		0.0					L_M022_000_000			3	
7111	4	2		0.0					L_M022_000_001			3	
7112	4	2		0.0					L_M022_000_002			3	
7113	4	2		0.0					L_M022_000_003			3	
7114	4	2		0.0					L_M022_000_004			3	
7115	4	2		0.0					L_M023_000_000			3	
7116	4	2		0.0					L_M023_000_001			3	
7117	4	2		0.0					L_M023_000_002			3	
7118	4	2		0.0					L_M023_001_000			3	
7119	4	2		0.0					L_M023_001_001			3	
7120	4	2		0.0					L_M023_001_002			3	
7121	4	2		0.0				ADD_PENETRATE_PHYSICS(1.5)	L_M024_000_000			3	
7122	4	2		0.0				ADD_PENETRATE_PHYSICS(1.5)	L_M024_000_001			3	
7123	4	2		0.0				ADD_PENETRATE_PHYSICS(1.5)	L_M024_001_000			3	
7124	4	2		0.0				ADD_PENETRATE_PHYSICS(1.5)	L_M024_001_001			3	
7125	4	2		0.0				ADD_PENETRATE_PHYSICS(1.5)	L_M024_001_002			3	
7126	4	2		0.0				ADD_AC_PHYSICS(1)	L_M025_000_000			3	
7127	4	2		0.0				ADD_AC_PHYSICS(1)	L_M025_000_001			3	
7128	4	2		0.0				ADD_AC_PHYSICS(1)	L_M025_000_002			3	
7129	4	2		0.0				ADD_AC_PHYSICS(1)	L_M025_001_000			3	
7130	4	2		0.0				ADD_AC_PHYSICS(1)	L_M025_002_000			3	
7131	4	2		0.0				ADD_ANTI_CURSE(0.35)	L_M026_000_000			3	
7132	4	2		0.0				ADD_ANTI_CURSE(0.35)	L_M026_000_001			3	
7133	4	2		0.0				ADD_ANTI_CURSE(0.35)	L_M026_000_002			3	
7134	4	2		0.0				ADD_ANTI_CURSE(0.35)	L_M026_001_000			3	
7135	4	2		0.0				ADD_ANTI_CURSE(0.35)	L_M026_001_001			3	
7136	4	2		0.0				ADD_DODGE(0.15)	L_M027_000_000			3	
7137	4	2		0.0				ADD_DODGE(0.15)	L_M027_000_001			3	
7138	4	2		0.0				ADD_DODGE(0.15)	L_M027_000_002			3	
7139	4	2		0.0				ADD_DODGE(0.15)	L_M027_001_000			3	
7140	4	2		0.0				ADD_DODGE(0.1)	L_M028_000_000			3	
7141	4	2		0.0				ADD_DODGE(0.1)	L_M028_000_001			3	
7142	4	2		0.0				ADD_DODGE(0.1)	L_M028_000_002			3	
7143	4	2		0.0				ADD_DODGE(0.1)	L_M028_001_000			3	
7144	4	2		0.0				ADD_DODGE(0.1)	L_M028_001_001			3	
7145	4	2		0.0				ADD_AC_MAGIC(1)	L_M029_000_000			3	
7146	4	2		0.0				ADD_AC_MAGIC(1)	L_M029_000_001			3	
7147	4	2		0.0				ADD_AC_MAGIC(1)	L_M029_001_000			3	
7148	4	2		0.0				ADD_AC_MAGIC(1)	L_M029_001_001			3	
7149	4	2		0.0				ADD_AC_MAGIC(1)	L_M029_002_000			3	
7150	4	2		0.0					L_M030_000_000			3	
7151	4	2		0.0				SEAFX(0)	L_M031_000_000			3	
7152	4	2		0.0					L_M032_000_000			3	
7153	4	2		0.0					L_M033_000_000			3	
7154	4	2		0.0					L_M034_000_000			3	
7155	4	2		0.0					L_M035_000_000			3	_F_FALLING_000;_F_SENTRY_000
7156	4	2		0.0				ADD_ANTI_STUN(10);ADD_ANTI_CURSE(10);SEAFX(0)	L_CALLNPC			3	
7157	4	2		0.0				MISSILE(8069,1)	L_M025_000_001_BOSS			3	
7158	4	2		0.0					L_VF_HT_020_000_000			3	
7159	4	2		0.0					W_LSTICK_000_000			3	
7160	4	2		0.0					L_M006_001_001_PET			3	
7161	4	2		0.0				ADD_HPMAX(100);SEAFX(0)	U_SHIPTRAIL			3	_F_READY_000;_move01\n_F_FORWARD_000;_move02
7162	4	2		0.0				ADD_RECOVER_HP(-1);ADD_ABSORB_PHYSICS(-5);ADD_HPMAX(26);ADD_ANTI_STUN(1);SEAFX(0)	L_MONSTERTRAIL			3	_F_READY_000;_F_FORWARD_000
7163	4	2		0.0				ADD_DODGE(10);SEAFX(0)	L_SEATORNADO			3	
7164	4	2		0.0				ADD_AC_PHYSICS(50);ADD_AC_MAGIC(50);ADD_RECOVER_HP(-1);ADD_ANTI_STUN(10);ADD_DODGE(-1);ADD_ANTI_POWERHIT(10);ADD_ABSORB_PHYSICS(1);ADD_ABSORB_MAGIC(1)				3	
7165	4	2		0.0				SEAFX(0)	U_SHIPTRAIL_S			3	_F_READY_000;_move01\n_F_FORWARD_000;_move02
7166	4	2		0.0				SEAFX(0)	U_SHIPTRAIL_AIR			3	_F_READY_000;_move01\n_F_FORWARD_000;_move02
7167	4	2		0.0				ADD_ANTI_CURSE(0.35)	L_ARMY_OF_VOID			3	
7168	4	2		0.0								3	_F_WALK_000;_F_FORWARD_000\n_F_ATTACK_003;_F_SAD_000\n_F_ATTACK_000;_F_LEAVE_000\n_F_ATTACK_001;_F_LEAVE_001\n_F_ATTACK_002;_F_LEAVE_002
7169	4	2		0.0					L_M007_000_000_BLACKMIST			3	
7170	4	2		0.0					L_FIRE_WALL			3	
7171	4	2		0.0				MISSILE(8142,1);ADD_DODGE(10);ADD_ANTI_STUN(10)				3	
7172	4	2		0.0				ADD_RECOVER_HP(-1);ADD_ABSORB_PHYSICS(-5);ADD_HPMAX(8.5);SEAFX(0);ADD_ANTI_STUN(10);ADD_ANTI_CURSE(10)	U_SHIPTRAIL_LARGE			3	_F_READY_000;_move02\n_F_FORWARD_000;_move02\n_F_WALK_000;_move02
7173	4	2		0.0					L_ICEWITCH_BERULT			3	
7174	4	2		0.0		BUFF_I(8172,0,0)	MISSILE(8200,30)	ADD_HPMAX(100)\nADD_RECOVER_HP(-5)	L_M016_000_000			3	
7175	4	2		0.0				MISSILE(8172,20)				3	
7176	4	2		0.0					L_VF_HT_028_000			3	
7177	4	2		0.0					L_M030_000_000_RED			3	
7178	4	2		0.0					L_M029_000_001_V2			3	
7179	4	2		0.0		HP_I<(0.5)	MISSILE(84,1)	ADD_HPMAX(30);ADD_AC_PHYSICS(5);ADD_AC_MAGIC(5);ADD_DAMMIPHYSICS(1);ADD_DAMMIMAGIC(1)	L_M007_000_000_BLACKMIST			3	_F_READY_000;_F_SENTRY_000
7180	4	2		0.0				MISSILE(8177,0.3)	L_ENERGY_FIELD			3	
7181	4	2		0.0				MISSILE(8178,5)				3	
7182	4	2		0.0				MISSILE(8192,3)				3	
7183	4	2		0.0		HP_I<(0.3)	ADD_AC_PHYSICS(3);ADD_AC_MAGIC(3);ADD_ANTI_STUN(0.1);ADD_ANTI_CURSE(0.15);ADD_MUL_DAMAGE(-0.3)	ADD_DAMMIPHYSICS(5);ADD_DAMMIMAGIC(5);ADD_HPMAX(200);ADD_ANTI_STUN(0.25);ADD_ANTI_CURSE(0.25);ADD_AC_PHYSICS(5.3);ADD_AC_MAGIC(5.3);ADD_PENETRATE_PHYSICS(1.6);ADD_PENETRATE_MAGIC(1.6);ADD_RECOVER_HP(4);ADD_ABSORB_POWERDAM(0.5);IRONFOOT(0);ADD_DAMPLUS_PHYSICS(2);ADD_DAMPLUS_MAGIC(2)	L_M007_000_000_FINAL			0	
7184	7041	2		0.0					L_M007_000_000_FINAL_BLADE			0	
7185	4	2		0.0				ADD_RECOVER_HP(-1);ADD_ABSORB_PHYSICS(-5);ADD_HPMAX(26);ADD_ANTI_STUN(1);SEAFX(0)	L_WATER_LANTERN			3	_F_READY_000;_F_FORWARD_000
7186	4	2		0.0				SEAFX(0)	L_WATER_LANTERN_S			3	_F_READY_000;_F_FORWARD_000
7187	4	2		0.0								3	
7188	4	2		0.0								3	
7189	4	2		0.0								3	
7190	4	2		0.0								3	
7191	4	2		0.0								3	
7192	4	2		0.0								3	
7193	4	2		0.0								3	
7194	4	2		0.0								3	
7195	4	2		0.0								3	
7196	4	2		0.0								3	
7197	4	2		0.0								3	
7198	4	2		0.0								3	
7199	4	2		0.0								3	
7200	4	2		0.0					L_M100_000_000_BOSS			3	
7201	4	2		0.0					L_M101_000_000			3	
7202	4	2		0.0					L_M101_000_001			3	
7203	4	2		0.0					L_M101_000_002			3	
7204	4	2		0.0					L_M101_001_000			3	
7205	4	2		0.0					L_M101_001_001			3	
7206	4	2		0.0					L_M102_000_000			3	
7207	4	2		0.0					L_M102_000_001			3	
7208	4	2		0.0					L_M102_000_002			3	
7209	4	2		0.0					L_M102_001_000			3	
7210	4	2		0.0					L_M102_001_001			3	
7211	4	2		0.0					L_M103_000_000			3	
7212	4	2		0.0					L_M103_000_001			3	
7213	4	2		0.0					L_M103_000_002			3	
7214	4	2		0.0					L_M104_000_000			3	
7215	4	2		0.0					L_M104_001_000			3	
7216	4	2		0.0					L_M104_001_001			3	
7217	4	2		0.0					L_M105_000_000			3	
7218	4	2		0.0					L_M105_000_001			3	
7219	4	2		0.0					L_M105_000_002			3	
7220	4	2		0.0					L_M105_000_003			3	
7221	4	2		0.0								3	
7222	4	2		0.0								3	
7223	4	2		0.0								3	
7224	4	2		0.0								3	
7225	4	2		0.0								3	
7226	4	2		0.0								3	
7227	4	2		0.0								3	
7228	4	2		0.0								3	
7229	4	2		0.0								3	
7230	4	2		0.0								3	
7231	4	2		0.0								3	
7232	4	2		0.0								3	
7233	4	2		0.0								3	
7234	4	2		0.0								3	
7235	4	2		0.0								3	
7236	4	2		0.0								3	
7237	4	2		0.0								3	
7238	4	2		0.0								3	
7239	4	2		0.0								3	
7240	4	2		0.0								3	
7241	4	2		0.0								3	
7242	4	2		0.0								3	
7243	4	2		0.0								3	
7244	4	2		0.0								3	
7245	4	2		0.0								3	
7246	4	2		0.0								3	
7247	4	2		0.0								3	
7248	4	2		0.0								3	
7249	4	2		0.0								3	
7250	4	2		0.0								3	
7251	4	2		0.0								3	
7252	4	2		0.0								3	
7253	4	2		0.0								3	
7254	4	2		0.0								3	
7255	4	2		0.0								3	
7256	4	2		0.0								3	
7257	4	2		0.0								3	
7258	4	2		0.0								3	
7259	4	2		0.0								3	
7260	4	2		0.0								3	
7261	4	2		0.0								3	
7262	4	2		0.0								3	
7263	4	2		0.0								3	
7264	4	2		0.0								3	
7265	4	2		0.0								3	
7266	4	2		0.0								3	
7267	4	2		0.0								3	
7268	4	2		0.0								3	
7269	4	2		0.0								3	
7270	4	2		0.0								3	
7271	4	2		0.0								3	
7272	4	2		0.0								3	
7273	4	2		0.0								3	
7274	4	2		0.0								3	
7275	4	2		0.0								3	
7276	4	2		0.0								3	
7277	4	2		0.0								3	
7278	4	2		0.0								3	
7279	4	2		0.0								3	
7280	4	2		0.0								3	
7281	4	2		0.0								3	
7282	4	2		0.0								3	
7283	4	2		0.0								3	
7284	4	2		0.0								3	
7285	4	2		0.0								3	
7286	4	2		0.0								3	
7287	4	2		0.0								3	
7288	4	2		0.0								3	
7289	4	2		0.0								3	
7290	4	2		0.0								3	
7291	4	2		0.0								3	
7292	4	2		0.0								3	
7293	4	2		0.0								3	
7294	4	2		0.0								3	
7295	4	2		0.0								3	
7296	4	2		0.0								3	
7297	4	2		0.0								3	
7298	4	2		0.0								3	
7299	4	2		0.0								3	
7300	4	2		0.0								3	
7301	4	2		0.0								3	
7302	4	2		0.0								3	
7303	4	2		0.0								3	
7304	4	2		0.0								3	
7305	4	2		0.0								3	
7306	4	2		0.0								3	
7307	4	2		0.0								3	
7308	4	2		0.0								3	
7309	4	2		0.0								3	
7310	4	2		0.0								3	
7311	4	2		0.0								3	
7312	4	2		0.0								3	
7313	4	2		0.0								3	
7314	4	2		0.0								3	
7315	4	2		0.0								3	
7316	4	2		0.0								3	
7317	4	2		0.0								3	
7318	4	2		0.0								3	
7319	4	2		0.0								3	
7320	4	2		0.0								3	
7321	4	2		0.0								3	
7322	4	2		0.0								3	
7323	4	2		0.0								3	
7324	4	2		0.0								3	
7325	4	2		0.0								3	
7326	4	2		0.0								3	
7327	4	2		0.0								3	
7328	4	2		0.0								3	
7329	4	2		0.0								3	
7330	4	2		0.0								3	
7331	4	2		0.0								3	
7332	4	2		0.0								3	
7333	4	2		0.0								3	
7334	4	2		0.0								3	
7335	4	2		0.0								3	
7336	4	2		0.0								3	
7337	4	2		0.0								3	
7338	4	2		0.0								3	
7339	4	2		0.0								3	
7340	4	2		0.0								3	
7341	4	2		0.0								3	
7342	4	2		0.0								3	
7343	4	2		0.0								3	
7344	4	2		0.0								3	
7345	4	2		0.0								3	
7346	4	2		0.0								3	
7347	4	2		0.0								3	
7348	4	2		0.0								3	
7349	4	2		0.0								3	
7350	4	2		0.0								3	
7351	4	2		0.0								3	
7352	4	2		0.0								3	
7353	4	2		0.0								3	
7354	4	2		0.0								3	
7355	4	2		0.0								3	
7356	4	2		0.0								3	
7357	4	2		0.0								3	
7358	4	2		0.0								3	
7359	4	2		0.0								3	
7360	4	2		0.0								3	
7361	4	2		0.0								3	
7362	4	2		0.0								3	
7363	4	2		0.0								3	
7364	4	2		0.0								3	
7365	4	2		0.0								3	
7366	4	2		0.0								3	
7367	4	2		0.0								3	
7368	4	2		0.0								3	
7369	4	2		0.0								3	
7370	4	2		0.0								3	
7371	4	2		0.0								3	
7372	4	2		0.0								3	
7373	4	2		0.0								3	
7374	4	2		0.0								3	
7375	4	2		0.0								3	
7376	4	2		0.0								3	
7377	4	2		0.0								3	
7378	4	2		0.0								3	
7379	4	2		0.0								3	
7380	4	2		0.0								3	
7381	4	2		0.0								3	
7382	4	2		0.0								3	
7383	4	2		0.0								3	
7384	4	2		0.0								3	
7385	4	2		0.0								3	
7386	4	2		0.0								3	
7387	4	2		0.0								3	
7388	4	2		0.0								3	
7389	4	2		0.0								3	
7390	4	2		0.0								3	
7391	4	2		0.0								3	
7392	4	2		0.0								3	
7393	4	2		0.0								3	
7394	4	2		0.0								3	
7395	4	2		0.0								3	
7396	4	2		0.0								3	
7397	4	2		0.0								3	
7398	4	2		0.0								3	
7399	4	2		0.0								3	
7400	4	2		0.0								3	
7401	4	2		0.0								3	
7402	4	2		0.0								3	
7403	4	2		0.0								3	
7404	4	2		0.0								3	
7405	4	2		0.0								3	
7406	4	2		0.0								3	
7407	4	2		0.0								3	
7408	4	2		0.0								3	
7409	4	2		0.0								3	
7410	4	2		0.0								3	
7411	4	2		0.0								3	
7412	4	2		0.0								3	
7413	4	2		0.0								3	
7414	4	2		0.0								3	
7415	4	2		0.0								3	
7416	4	2		0.0								3	
7417	4	2		0.0								3	
7418	4	2		0.0								3	
7419	4	2		0.0								3	
7420	4	2		0.0								3	
7421	4	2		0.0								3	
7422	4	2		0.0								3	
7423	4	2		0.0								3	
7424	4	2		0.0								3	
7425	4	2		0.0								3	
7426	4	2		0.0								3	
7427	4	2		0.0								3	
7428	4	2		0.0								3	
7429	4	2		0.0								3	
7430	4	2		0.0								3	
7431	4	2		0.0								3	
7432	4	2		0.0								3	
7433	4	2		0.0								3	
7434	4	2		0.0								3	
7435	4	2		0.0								3	
7436	4	2		0.0								3	
7437	4	2		0.0								3	
7438	4	2		0.0								3	
7439	4	2		0.0								3	
7440	4	2		0.0								3	
7441	4	2		0.0								3	
7442	4	2		0.0								3	
7443	4	2		0.0								3	
7444	4	2		0.0								3	
7445	4	2		0.0								3	
7446	4	2		0.0								3	
7447	4	2		0.0								3	
7448	4	2		0.0								3	
7449	4	2		0.0								3	
7450	4	2		0.0								3	
7451	4	2		0.0								3	
7452	4	2		0.0								3	
7453	4	2		0.0								3	
7454	4	2		0.0								3	
7455	4	2		0.0								3	
7456	4	2		0.0								3	
7457	4	2		0.0								3	
7458	4	2		0.0								3	
7459	4	2		0.0								3	
7460	4	2		0.0								3	
7461	4	2		0.0								3	
7462	4	2		0.0								3	
7463	4	2		0.0								3	
7464	4	2		0.0								3	
7465	4	2		0.0								3	
7466	4	2		0.0								3	
7467	4	2		0.0								3	
7468	4	2		0.0								3	
7469	4	2		0.0								3	
7470	4	2		0.0								3	
7471	4	2		0.0								3	
7472	4	2		0.0								3	
7473	4	2		0.0								3	
7474	4	2		0.0								3	
7475	4	2		0.0								3	
7476	4	2		0.0								3	
7477	4	2		0.0								3	
7478	4	2		0.0								3	
7479	4	2		0.0								3	
7480	4	2		0.0								3	
7481	4	2		0.0								3	
7482	4	2		0.0								3	
7483	4	2		0.0								3	
7484	4	2		0.0								3	
7485	4	2		0.0								3	
7486	4	2		0.0								3	
7487	4	2		0.0								3	
7488	4	2		0.0								3	
7489	4	2		0.0								3	
7490	4	2		0.0								3	
7491	4	2		0.0								3	
7492	4	2		0.0								3	
7493	4	2		0.0								3	
7494	4	2		0.0								3	
7495	4	2		0.0								3	
7496	4	2		0.0								3	
7497	4	2		0.0								3	
7498	4	2		0.0								3	
7499	4	2		0.0								3	
7500	20	2		0.0				ADD_SPEED_RUN(0.75);POPSKILL(7500)				2	_F_READY_000;_F_SENTRY_001\n_F_SENTRY_000;_F_SENTRY_001\n_F_WALK_000;_F_SENTRY_001\n_F_FORWARD_000;_F_SENTRY_001\n_F_BACKWARD_000;_F_SENTRY_001\n_F_STRAFELEFT_000;_F_SENTRY_001\n_F_STRAFERIGHT_000;_F_SENTRY_001\n_F_JUMP_000_000;_F_SENTRY_001
7501	3	0		0.0				ADD_SPEED_RUN(0.1);ADD_ANTI_STUN(10)				1	_F_FLEX_000;_F_READY_000
7502	3	0		0.0				ADD_SPEED_RUN(0.4);ADD_ANTI_STUN(10)	S_L_CAELI			0	
7503	3	0		0.0				ADD_SPEED_RUN(0.2);ADD_ANTI_STUN(10)				1	_F_FLEX_000;_F_READY_000
7504	3	0		0.0				ADD_SPEED_RUN(0.15);ADD_ANTI_STUN(10)				1	_F_FLEX_000;_F_READY_000
7505	3	0		0.0				ADD_SPEED_RUN(0.2);ADD_ANTI_STUN(10)				1	_F_FLEX_000;_F_READY_000
7506	3	0		0.0				ADD_SPEED_RUN(0.15)\nPOPBAR(Main_Panel_Hotkey_Vehicle)\nRESKILL(7002)				1	_F_FORWARD_000;_F_SENTRY_001\n_F_SENTRY_000;_F_SENTRY_001\n_F_READY_000;_F_SENTRY_001
7507	3	0		0.0				ADD_SPEED_RUN(0.2)\nPOPBAR(Main_Panel_Hotkey_Vehicle)\nRESKILL(7003)				1	_F_FORWARD_000;_F_SENTRY_001\n_F_SENTRY_000;_F_SENTRY_001\n_F_READY_000;_F_SENTRY_001
7508	3	0		0.0				ADD_SPEED_RUN(0.1)\nPOPBAR(Main_Panel_Hotkey_Vehicle)\nRESKILL(0)				1	_F_FORWARD_000;_F_SENTRY_001\n_F_SENTRY_000;_F_SENTRY_001\n_F_READY_000;_F_SENTRY_001
7509	3	0		0.0				ADD_SPEED_RUN(0.2)\nPOPBAR(Main_Panel_Hotkey_Vehicle)\nRESKILL(0)				1	_F_FORWARD_000;_F_SENTRY_001\n_F_SENTRY_000;_F_SENTRY_001\n_F_READY_000;_F_SENTRY_001
7510	3	0		0.0				ADD_SPEED_RUN(0.4)\nPOPBAR(Main_Panel_Hotkey_Vehicle)\nRESKILL(0)				1	
7511	3	0		0.0				ADD_SPEED_RUN(0.15)				1	
7512	3	0		0.0				ADD_SPEED_RUN(0.15)\nPOPBAR(Main_Panel_Hotkey_Vehicle)\nRESKILL(0)				1	_F_FORWARD_000;_F_RIDE_001\n_F_SENTRY_000;_F_RIDE_001\n_F_READY_000;_F_RIDE_001
7513	3	0		0.0				ADD_SPEED_RUN(0.1);ADD_ANTI_STUN(10)				1	
7514	3	0		0.0				ADD_SPEED_RUN(0.1)\nPOPBAR(Main_Panel_Hotkey_Vehicle)\nRESKILL(0)				1	_F_FORWARD_000;_F_SENTRY_001\n_F_SENTRY_000;_F_SENTRY_001\n_F_READY_000;_F_SENTRY_001
7551	3	0		0.0				ADD_SPEED_RUN(0.25);ADD_ANTI_STUN(10)				0	
7552	3	0		0.0				ADD_SPEED_RUN(0.25);ADD_ANTI_STUN(10)				0	
7553	3	0		0.0				ADD_SPEED_RUN(0.425);ADD_ANTI_STUN(10)				0	
7554	3	0		0.0				ADD_SPEED_RUN(0.25)\nPOPBAR(Main_Panel_Hotkey_Vehicle)\nRESKILL(7000)\nRESKILL(7001)				0	_F_FORWARD_000;_F_SENTRY_001\n_F_SENTRY_000;_F_SENTRY_001\n_F_READY_000;_F_SENTRY_001
7555	3	0		0.0				ADD_SPEED_RUN(0.25)\nPOPBAR(Main_Panel_Hotkey_Vehicle)\nRESKILL(7004)\nRESKILL(7005)				0	_F_FORWARD_000;_F_SENTRY_001\n_F_SENTRY_000;_F_SENTRY_001\n_F_READY_000;_F_SENTRY_001
7556	3	0		0.0				ADD_SPEED_RUN(0.425)\nPOPBAR(Main_Panel_Hotkey_Vehicle)\nRESKILL(0)				0	_F_FORWARD_000;_F_SENTRY_001\n_F_SENTRY_000;_F_SENTRY_001\n_F_READY_000;_F_SENTRY_001
7557	3	0		0.0				ADD_SPEED_RUN(0.5)\nPOPBAR(Main_Panel_Hotkey_Vehicle)\nRESKILL(7006);RESKILL(7007);RESKILL(7008)				0	
7558	3	0		0.0				ADD_SPEED_RUN(0.8)\nPOPBAR(Main_Panel_Hotkey_Vehicle)\nRESKILL(7009);RESKILL(7010);RESKILL(7011)				0	
7559	3	0		0.0				ADD_SPEED_RUN(0.5)\nPOPBAR(Main_Panel_Hotkey_Vehicle)\nRESKILL(7012);RESKILL(7013);RESKILL(7016);RESKILL(7017)				0	
7560	3	0		0.0				ADD_SPEED_RUN(0.5)\nPOPBAR(Main_Panel_Hotkey_Vehicle)\nRESKILL(7014);RESKILL(7015);RESKILL(7016);RESKILL(7017)				0	
7561	3	0		0.0				ADD_SPEED_RUN(1)\nPOPBAR(Main_Panel_Hotkey_Vehicle)\nRESKILL(7018);RESKILL(7019);RESKILL(7020);RESKILL(7021)				0	
7562	3	0		0.0				ADD_SPEED_RUN(0.5);ADD_ANTI_STUN(10)				0	
7563	3	0		0.0				ADD_SPEED_RUN(0.8);ADD_ANTI_STUN(10)				0	
7564	3	0		0.0				ADD_SPEED_RUN(0.5);ADD_ANTI_STUN(10)				0	
7565	3	0		0.0				ADD_SPEED_RUN(0.5);ADD_ANTI_STUN(10)				0	
7566	3	0		0.0				ADD_SPEED_RUN(1);ADD_ANTI_STUN(10)				0	
7567	3	0		0.0		BUFF_I(1,0,1)	MISSILE(8200,3)					0	
7568	3	0		0.0				ADD_SPEED_RUN(0.5)				0	
7569	3	0		0.0				ADD_SPEED_RUN(0.25);ADD_ANTI_STUN(10)				0	
7570	3	0		0.0				ADD_SPEED_RUN(0.5)				0	_F_FORWARD_000;_F_SENTRY_001\n_F_SENTRY_000;_F_SENTRY_001\n_F_READY_000;_F_SENTRY_001
7571	3	0		0.0				ADD_SPEED_RUN(0.25)\nPOPBAR(Main_Panel_Hotkey_Vehicle)\nRESKILL(7000)				0	_F_FORWARD_000;_F_RIDE_002\n_F_SENTRY_000;_F_RIDE_002\n_F_READY_000;_F_RIDE_002
7572	3	0		30.0				ADD_SPEED_RUN(2)	S_L_GO_ASURA			0	_F_FORWARD_000;_F_JUMP_000
7573	3	0		0.0				ADD_SPEED_RUN(0.167);ADD_ANTI_STUN(10)				0	
7574	3	0		0.0				ADD_SPEED_RUN(0.167)\nPOPBAR(Main_Panel_Hotkey_Vehicle)\nRESKILL(7001)				0	_F_FORWARD_000;_F_SENTRY_001\n_F_SENTRY_000;_F_SENTRY_001\n_F_READY_000;_F_SENTRY_001
7590	3	0		46.0				ADD_HPMAX(2);MISSILE(9990,30)				0	
7591	3	0		46.0				MISSILE(9990,30);ADD_DAMMIMAGIC(1);ADD_DAMMIPHYSICS(1);ADD_DAMPLUS_PHYSICS(1);ADD_DAMPLUS_MAGIC(1);ADD_AC_MAGIC(-1);ADD_AC_PHYSICS(-1)				0	
7592	3	0		46.0				ADD_DAMMIMAGIC(1);ADD_DAMMIPHYSICS(1);ADD_HPMAX(6);ADD_AC_MAGIC(1);ADD_AC_PHYSICS(1);MISSILE(9990,30)				0	
7593	3	0		46.0				ADD_DAMMIMAGIC(1);ADD_DAMMIPHYSICS(1);ADD_HPMAX(6);ADD_AC_MAGIC(1);ADD_AC_PHYSICS(1);MISSILE(9990,30)				0	
7594	3	0		30.0				ADD_DAMMIMAGIC(1);ADD_DAMMIPHYSICS(1);ADD_HPMAX(6);ADD_AC_MAGIC(1);ADD_AC_PHYSICS(1);MISSILE(9990,30)				0	
7595	7595	0		5.0				ADD_SPEED_RUN(0.5)				0	
7600	3	0		0.0				ADD_SPEED_RUN(-10)				0	
7601	3	0		0.0				POPBAR(Main_Panel_Hotkey_Combo);RESKILL(0);ADD_SPEED_RUN(-10)				0	
7602	3	0		0.0				ADD_SPEED_RUN(-10)	L_MAP_TRANS_PUMPKIN_1			0	
7603	3	0		0.0				ADD_DAMMIPHYSICS(15);ADD_DAMMIMAGIC(15);ADD_DAMPLUS_MAGIC(15);ADD_DAMPLUS_PHYSICS(15);ADD_SPEED_RUN(-0.6);ADD_AC_PHYSICS(-5);ADD_AC_MAGIC(-5);ADD_HPMAX(-2)				0	
7604	3	0		0.0				POPBAR(Main_Panel_Hotkey_Vehicle)\nRESKILL(7009);RESKILL(7010);RESKILL(7011);ADD_SPEED_RUN(-0.6)				0	
7605	3	0		0.0				ADD_SPEED_RUN(0.2);ADD_DAMMIPHYSICS(10);ADD_DAMMIMAGIC(10);ADD_HPMAX(2)				0	
7606	3	0		0.0				POPBAR(Main_Panel_Hotkey_Vehicle)\nRESKILL(7014);RESKILL(7023);RESKILL(7024);ADD_SPEED_RUN(0.2)				0	
8001	4	4		900.0				MISSILE(8002,1)	MAP_L_STUNLIGHT			1	
8002	1	1		0.0				KNOCKDOWN(8005)				3	_F_SENTRY_000;_F_FALLING_000\n_F_READY_000;_F_FALLING_000
8003	3	2		0.0				ADD_BYPASS(2)\nADD_OVERHIT(2)\nADD_POWERHIT(-1)\nADD_DAMMIPHYSICS(1)\nADD_DAMMIMAGIC(1)\nADD_HPMAX(20)	L_BUBBLE-1			0	
8004	3	2		0.0				ADD_BYPASS(2)\nADD_OVERHIT(2)\nADD_POWERHIT(-1)\nADD_DAMMIPHYSICS(1)\nADD_DAMMIMAGIC(1)\nADD_HPMAX(-0.2)	L_BUBBLE-1			0	
8005	3	2		0.0				ADD_BYPASS(2)\nADD_OVERHIT(2)\nADD_POWERHIT(-1)\nADD_HPMAX(-32)				0	
8006	3	2		0.0					L_MAP000_000_000			0	
8007	3	2		0.0					L_MAP004_000_000			0	
8008	3	2		0.0					L_MAP005_000_000			0	
8009	4	2		0.0								0	_F_READY_000;_F_SENTRY_000
8010	4	2		0.0								0	_F_READY_000;_F_STRUGGLE_000\n_F_FLEX_000;_F_STRUGGLE_000\n_F_FORWARD_000;_F_CLIMBING_000\n_F_WALK_000;_F_CLIMBING_000\n_F_TALK_000;_F_STRUGGLE_000\n_F_FLEX_001;_F_STRUGGLE_000\n_F_FLEX_002;_F_STRUGGLE_000
8011	4	2		0.0								0	_F_READY_000;_F_DIE_001\n_F_FLEX_000;_F_DIE_001\n_F_TALK_000;_F_DIE_001\n_F_FORWARD_000;_F_DIE_001\n_F_WALK_000;_F_DIE_001\n_F_FLEX_001;_F_DIE_001\n_F_FLEX_002;_F_DIE_001
8012	4	4		0.0				MISSILE(8200,3600)				1	
8013	8000	2	IB038	0.0				ADD_SPEED_RUN(-0.15)\nADD_RECOVER_STAMINA(-1)	S_L_ICEDOT			0	
8014	8000	2	IB039	0.0				ADD_ABSORB_PHYSICS(-1)\nADD_ABSORB_MAGIC(-1)\nADD_RECOVER_HP(-2)	S_L_SEED_POISION			0	
8015	8000	2	IB037	0.0				ADD_ABSORB_PHYSICS(-5)\nADD_ABSORB_MAGIC(-5)\nADD_RECOVER_HP(-2)	s_L_FIRE_L			0	
8016	8000	2	IB037	2.0				MISSILE(8200,1)				0	
8017	4	2		0.0								0	
8018	3	2		0.0				ADD_BYPASS(2)\nADD_OVERHIT(2)\nADD_POWERHIT(-1)\nADD_RECOVER_HP(10)				0	
8019	3	2		0.0				ADD_BYPASS(2)\nADD_OVERHIT(2)\nADD_POWERHIT(-1)\nADD_RECOVER_HP(10)				0	
8020	3	2		0.0				ADD_BYPASS(2)\nADD_OVERHIT(2)\nADD_POWERHIT(-1)\nADD_RECOVER_HP(10)				0	
8021	4	2		0.0				FACTION(6)				0	
8022	4	2		0.0				MISSILE(8070,1)				0	
8023	4	4		900.0				MISSILE(8199,1)				1	
8024	4	2		0.0				KNOCKDOWN(8027)	S_L_KNOCKDOWN			1	
8025	8025	0		1.2000000476837158				POPBAR(Main_Panel_Hotkey_Combo1);RESKILL(8039);RESKILL(8540)	MAP_L_HOLD_BUCKET			0	_C_KNOCKED_000;_F_READY_000
8026	4	0		0.0				ADD_SPEED_RUN(-15);POPBAR(Main_Panel_Hotkey_Vehicle);RESKILL(8040)				0	
8027	8027	8192	ICON_Collect_Treasure_008_000	900.0	OUTSCENE(125)			POPBAR(Main_Panel_Hotkey_Combo1);POPSKILL(5103)				0	
8046	4	0		3.0					SEL_PER0_50			0	
8069	8025	0		1.2000000476837158				POPBAR(Main_Panel_Hotkey_Combo1);RESKILL(8070);RESKILL(8540)	MAP_L_HOLD_BUCKET			0	_C_KNOCKED_000;_F_READY_000
8077	8077	8192		1.0				COUNTERMISSILE(65535,1,8171)				0	
8087	2	0		0.0				KNOCKDOWN(5)				0	
8100	4	0		0.0				POPBAR(Main_Panel_Hotkey_Combo1);RESKILL(8766);RESKILL(8767);RESKILL(8768);RESKILL(8769);FACTION(22);MISSILE(8779,1)				0	
8103	4	0		0.0				MISSILE(8782,1)				0	
8104	69	0	I_STR1_1	5.0				ADD_SPEED_RUN(0.25)	L_R003_000_000			0	
8105	70	0	IB019	900.0	OUTSCENE(279)				SEL_ATT1_150			0	
8106	70	0	IB018	900.0	OUTSCENE(279)				SEL_PER1_150			0	
8107	4	0		0.0				MISSILE(8784,1)				0	
8109	8109	2		10.0				ADD_SPEED_RUN(-0.2)				0	
8110	4	0		0.0				MISSILE(8109,30)				0	
8111	4	0		0.0		HP_I<(0.9)	MISSILE(8111,30)					0	
8112	4	0		0.0		HP_I<(0.7)	MISSILE(8113,30)					0	
8113	4	0		0.0		HP_I<(0.5)	MISSILE(8114,30)					0	
8114	4	0		0.0		HP_I<(0.3)	MISSILE(8115,30)					0	
8115	4	0		0.0		HP_I<(0.1)	MISSILE(8116,30)					0	
8116	4	0		0.0				MISSILE(8117,3)				0	
8117	4	0		0.0				KNOCKDOWN(8078)				0	
8118	4	0		0.0				KNOCKDOWN(8079)				0	
8119	4	0		0.0				KNOCKDOWN(8080)				0	
8120	4	0		0.0				KNOCKDOWN(8081)				0	
8121	4	0		0.0				KNOCKDOWN(8082)				0	
8122	4	0		0.0				KNOCKDOWN(8083)				0	
8123	4	0		0.0		HP_I>(0.8);BUFF_I(8127,0,1)	MISSILE(8262,5)					0	
8124	4	0		0.0		HP_I>(0.15);HP_I<(0.8);BUFF_I(8127,0,1)	MISSILE(8264,5)					0	
8125	4	0		0.0		HP_I<(0.15);BUFF_I(8127,0,1)	MISSILE(8266,5)					0	
8126	4	0		0.0		BUFF_I(8127,0,0)	MISSILE(84,5)	COUNTERMISSILE(65535,1,8268)				0	
8127	8127	8192		60.0								0	
8128	4	0		0.0		HP_I<(0.5);BUFF_I(8127,0,1)	MISSILE(8279,5)					0	
8129	8129	0		3600.0								0	
8130	4	8192		600.0				FACTION(4)				0	
8131	4	8192		40.0				ADD_SPEED_RUN(1.2);MISSILE(8175,1)	PS_L_SINGLE_DASH			1	_F_FORWARD_000;_F_ATTACK_001
8132	4	8192		10800.0								0	
8141	1	1		0.0				KNOCKDOWN(302)	S_H_SPIT_FIRE			0	_F_SENTRY_000;_F_FALLING_000\n_F_READY_000;_F_FALLING_000
8142	8142	2	IB046	600.0				ADD_MUL_DAMAGE(-0.5)				0	
8143	8143	2		600.0	OUTSCENE(291)			IRONFOOT(0)				0	
8144	4	0		0.0		BUFF_I(8127,0,1)	MISSILE(8306,30)					0	
8145	4	0		0.0		HP_I<(0.9);BUFF_I(8127,0,1)	MISSILE(8307,30)					0	
8146	4	0		0.0		HP_I<(0.8);BUFF_I(8127,0,1)	MISSILE(8308,30)					0	
8147	4	0		0.0		HP_I<(0.7);BUFF_I(8127,0,1)	MISSILE(8309,30)					0	
8148	4	0		0.0		HP_I<(0.6);BUFF_I(8127,0,1)	MISSILE(8310,30)					0	
8149	4	0		0.0		HP_I<(0.5);BUFF_I(8127,0,1)	MISSILE(8311,30)					0	
8172	8172	8192		60.0								0	
8188	4	4		0.0				MISSILE(8200,1)				1	
8189	4	4		0.0				MISSILE(8200,3600)				1	
8190	4	4		0.0				MISSILE(8200,5)				1	
8191	4	4		0.0				MISSILE(8200,10)				1	
8192	4	4		0.0				MISSILE(8200,15)				1	
8193	4	4		0.0				MISSILE(8200,30)				1	
8194	4	4		0.0				MISSILE(8200,60)				1	
8195	4	4		0.0				MISSILE(8200,180)				1	
8196	4	4		0.0				MISSILE(8200,300)				1	
8197	4	4		0.0				MISSILE(8200,600)				1	
8198	3	2		0.0				ADD_BYPASS(2)\nADD_OVERHIT(2)\nADD_POWERHIT(-1)\nADD_HPMAX(-2.48)				0	
8199	4	2		0.0				ADD_DAMMIPHYSICS(-2)\nADD_DAMMIMAGIC(-2)				0	
8200	4	2		0.0								0	_F_FORWARD_000;_F_WALK_000
8201	4	2		0.0	OUTSCENE(139)	HP_I<(0.2)	ADD_AC_PHYSICS(20);ADD_AC_MAGIC(20);ADD_ANTI_STUN(10);ADD_MUL_DAMAGE(-0.9);MISSILE(84,1)	POPBAR(Main_Panel_Hotkey_Skill_Simplify);RESKILL(8200);RESKILL(8201);RESKILL(8202);RESKILL(8203);RESKILL(8204);RESKILL(8205);RESKILL(8206);RESKILL(8207);ADD_STAMINAMAX(0.2);ADD_HITRATE(0.4);ADD_MULTIPLY_POWERDAM(0.6);ADD_HPMAX(3.6);ADD_RECOVER_STAMINA(4);ADD_STUN(0.5);ADD_POWERHIT(0.3);ADD_DAMMIPHYSICS(3);ADD_DAMMIMAGIC(3);ADD_DAMPLUS_PHYSICS(3);ADD_DAMPLUS_MAGIC(3);ADD_ANTI_STUN(1);ADD_AC_PHYSICS(1.5);ADD_AC_MAGIC(1.5)	GUARD_04_2			0	
8202	4	2		0.0	OUTSCENE(139)	HP_I<(0.2)	ADD_AC_PHYSICS(20);ADD_AC_MAGIC(20);ADD_ANTI_STUN(10);ADD_MUL_DAMAGE(-0.9);MISSILE(84,1)	POPBAR(Main_Panel_Hotkey_Skill_Simplify);RESKILL(8210);RESKILL(8211);RESKILL(8212);RESKILL(8213);RESKILL(8214);RESKILL(8215);RESKILL(8216);RESKILL(8217);ADD_STAMINAMAX(0.2);ADD_HITRATE(0.4);ADD_MULTIPLY_POWERDAM(0.6);ADD_HPMAX(3.6);ADD_RECOVER_STAMINA(4);ADD_STUN(0.5);ADD_POWERHIT(0.3);ADD_DAMMIPHYSICS(3);ADD_DAMMIMAGIC(3);ADD_DAMPLUS_PHYSICS(3);ADD_DAMPLUS_MAGIC(3);ADD_ANTI_STUN(1);ADD_AC_PHYSICS(1.5);ADD_AC_MAGIC(1.5)	GUARD_05_2			0	
8203	4	2		0.0	OUTSCENE(139)	HP_I<(0.2)	ADD_AC_PHYSICS(20);ADD_AC_MAGIC(20);ADD_ANTI_STUN(10);ADD_MUL_DAMAGE(-0.9);MISSILE(84,1)	POPBAR(Main_Panel_Hotkey_Skill_Simplify);RESKILL(8220);RESKILL(8221);RESKILL(8222);RESKILL(8223);RESKILL(8224);RESKILL(8225);RESKILL(8226);RESKILL(8227);ADD_STAMINAMAX(0.2);ADD_HITRATE(0.4);ADD_MULTIPLY_POWERDAM(0.6);ADD_HPMAX(3.6);ADD_RECOVER_STAMINA(4);ADD_STUN(0.5);ADD_POWERHIT(0.3);ADD_DAMMIPHYSICS(3);ADD_DAMMIMAGIC(3);ADD_DAMPLUS_PHYSICS(3);ADD_DAMPLUS_MAGIC(3);ADD_ANTI_STUN(1);ADD_AC_PHYSICS(1.5);ADD_AC_MAGIC(1.5)	GUARD_01_2			0	
8204	4	2		0.0	OUTSCENE(139)	HP_I<(0.2)	ADD_AC_PHYSICS(20);ADD_AC_MAGIC(20);ADD_ANTI_STUN(10);ADD_MUL_DAMAGE(-0.9);MISSILE(84,1)	POPBAR(Main_Panel_Hotkey_Skill_Simplify);RESKILL(8230);RESKILL(8231);RESKILL(8232);RESKILL(8233);RESKILL(8234);RESKILL(8235);RESKILL(8236);RESKILL(8237);ADD_STAMINAMAX(0.2);ADD_HITRATE(0.4);ADD_MULTIPLY_POWERDAM(0.6);ADD_HPMAX(3.6);ADD_RECOVER_STAMINA(4);ADD_STUN(0.5);ADD_POWERHIT(0.3);ADD_DAMMIPHYSICS(3);ADD_DAMMIMAGIC(3);ADD_DAMPLUS_PHYSICS(3);ADD_DAMPLUS_MAGIC(3);ADD_ANTI_STUN(1);ADD_AC_PHYSICS(1.5);ADD_AC_MAGIC(1.5)	GUARD_03_2			0	
8205	4	2		0.0	OUTSCENE(139)	HP_I<(0.2)	ADD_AC_PHYSICS(20);ADD_AC_MAGIC(20);ADD_ANTI_STUN(10);ADD_MUL_DAMAGE(-0.9);MISSILE(84,1)	POPBAR(Main_Panel_Hotkey_Skill_Simplify);RESKILL(8250);RESKILL(8251);RESKILL(8252);RESKILL(8253);RESKILL(8254);RESKILL(8255);RESKILL(8256);RESKILL(8257);ADD_STAMINAMAX(0.2);ADD_HITRATE(0.4);ADD_MULTIPLY_POWERDAM(0.6);ADD_HPMAX(3.6);ADD_RECOVER_STAMINA(4);ADD_STUN(0.5);ADD_POWERHIT(0.3);ADD_DAMMIPHYSICS(3);ADD_DAMMIMAGIC(3);ADD_DAMPLUS_PHYSICS(3);ADD_DAMPLUS_MAGIC(3);ADD_ANTI_STUN(1);ADD_AC_PHYSICS(1.5);ADD_AC_MAGIC(1.5);ADD_STUN(0.2)	GUARD_02_2			0	
8206	4	2		0.0	OUTSCENE(139)	HP_I<(0.2)	ADD_AC_PHYSICS(20);ADD_AC_MAGIC(20);ADD_ANTI_STUN(10);ADD_MUL_DAMAGE(-0.9);MISSILE(84,1)	POPBAR(Main_Panel_Hotkey_Skill_Simplify);RESKILL(8240);RESKILL(8241);RESKILL(8242);RESKILL(8243);RESKILL(8244);RESKILL(8245);RESKILL(8246);RESKILL(8247);ADD_STAMINAMAX(0.2);ADD_HITRATE(0.4);ADD_MULTIPLY_POWERDAM(0.6);ADD_HPMAX(3.6);ADD_RECOVER_STAMINA(4);ADD_STUN(0.5);ADD_POWERHIT(0.3);ADD_DAMMIPHYSICS(3);ADD_DAMMIMAGIC(3);ADD_DAMPLUS_PHYSICS(3);ADD_DAMPLUS_MAGIC(3);ADD_ANTI_STUN(1);ADD_AC_PHYSICS(1.5);ADD_AC_MAGIC(1.5)	GUARD_06_2			0	
8207	8207	2		300.0								0	
8208	4	2		1.5				MISSILE(81,1)				0	
8209	4	2		0.0				SEAFX(0)	U_THUNDER_STORM			0	
8210	8210	2		7.0								0	
8211	4	2		0.0				MISSILE(8283,5)				0	
8212	4	2		0.0				MISSILE(8284,6)				0	
8213	4	2		0.0				MISSILE(8285,7)				0	
8214	4	2		0.0				MISSILE(8286,8)				0	
8215	4	2		0.0				MISSILE(8287,9)				0	
8216	4	2		0.0				MISSILE(8288,10)				0	
8217	4	2		0.0				MISSILE(8292,1);SEAFX(0)	U_STORM			0	
8218	4	2		0.0								0	
8219	4	2		6.0								0	
8220	4	2		0.0				MISSILE(8294,0.5);SEAFX(0)	U_GIANT_TORNADO			0	
8221	8221	2		3.0				ADD_SPEED_RUN(-0.3)				0	
8222	4	2		0.0				MISSILE(8296,1);SEAFX(0)	U_ICEBERG			0	
8223	4	2		0.0				MISSILE(8297,1)				0	
8224	4	0		0.0				MISSILE(8298,20)				0	
8225	4	0		0.0				MISSILE(8300,22)				0	
8226	4	0		0.0				MISSILE(8302,24)				0	
8227	4	0		0.0				MISSILE(8303,26)				0	
8228	4	0		0.0				MISSILE(8304,28)				0	
8229	4	0		0.0				MISSILE(8305,30)				0	
8230	8500	0		17.0				FACTION(6)				0	
8500	8500	0		0.0				FACTION(6)				0	
8501	8500	0		60.0				FACTION(6)				0	
8502	8500	0		30.0				FACTION(6)				0	
8503	8500	0		10.0				FACTION(6)				0	
8504	8500	0		600.0				FACTION(13)				0	
8505	8500	0		600.0				FACTION(1)				0	
8506	8506	2	ICON_MISSION_055_000	1.0				POPBAR(Main_Panel_Hotkey_Combo1);RESKILL(8540);ADD_OVERHIT(-2);ADD_POWERHIT(-2)	MAP_L_HOLD_CHEST			0	_C_KNOCKED_000;_F_READY_000
8507	8507	2	ICON_Collect_Treasure_010_000	0.0				POPBAR(Main_Panel_Hotkey_Combo);RESKILL(0);ADD_SPEED_RUN(-0.65)				0	_F_FORWARD_000;_F_WALK_000
8508	8508	2	IB025	60.0				ADD_STRENGH(-1);ADD_INTELLECT(-1);ADD_SPEED_RUN(-0.4)	S_L_POISONED			0	
8509	8509	2	IS1231	60.0					S_L_POISONED			0	
8510	8510	2	ICON_MISSION_065_000	1.0				POPBAR(Main_Panel_Hotkey_Combo1);RESKILL(8540);ADD_OVERHIT(-2);ADD_POWERHIT(-2)	MAP_L_HOLD_BUCKET			0	_C_KNOCKED_000;_F_READY_000
8511	8511	2	IB013	0.0				POPBAR(Main_Panel_Hotkey_Combo);RESKILL(0)				0	
8512	8512	2	ICON_MISSION_020_000	1.0				POPBAR(Main_Panel_Hotkey_Combo1);RESKILL(8540);ADD_OVERHIT(-2);ADD_POWERHIT(-2)	MAP_L_HOLD_CHEST			0	_C_KNOCKED_000;_F_READY_000
8513	8513	2	ICON_Collect_Treasure_008_000	180.0					S_L_SMOKE			0	
8514	8514	2	ICON_Collect_Treasure_008_000	180.0					S_L_SMOKE			0	
8515	8515	2	ICON_Collect_Treasure_008_000	180.0					S_L_SMOKE			0	
8516	8516	2	ICON_MISSION_065_000	1.0				POPBAR(Main_Panel_Hotkey_Combo1);RESKILL(8540);ADD_OVERHIT(-2);ADD_POWERHIT(-2)	MAP_L_HOLD_BUCKET			0	_C_KNOCKED_000;_F_READY_000
8517	8517	2	IB014	0.0				POPBAR(Main_Panel_Hotkey_Combo);RESKILL(0)				0	
8518	8518	2	IB008	0.0				POPBAR(Main_Panel_Hotkey_Combo);RESKILL(0)				0	
8519	8519	2	ICON_CONTAINER_013_000	1.0				POPBAR(Main_Panel_Hotkey_Combo1);RESKILL(8540);ADD_OVERHIT(-2);ADD_POWERHIT(-2)	MAP_L_HOLD_TREASURE			0	_C_KNOCKED_000;_F_READY_000
8520	8520	2	ICON_CONTAINER_013_000	1.0				POPBAR(Main_Panel_Hotkey_Combo1);RESKILL(8540);ADD_OVERHIT(-2);ADD_POWERHIT(-2)	MAP_L_HOLD_TREASURE			0	_C_KNOCKED_000;_F_READY_000
8521	8521	2	IB008	60.0				MISSILE(8521,6)				0	
8522	8522	2	ICON_PM077_000_000	0.0				POPBAR(Main_Panel_Hotkey_Combo);RESKILL(0)				0	
8523	8523	2	IB038	60.0				MISSILE(8084,10)\nADD_SPEED_RUN(-0.15)\nADD_RECOVER_STAMINA(-1)	S_L_ICEDOT			0	
8524	8524	2	ICON_MISSION_065_000	1.0				POPBAR(Main_Panel_Hotkey_Combo1);RESKILL(8540);ADD_OVERHIT(-2);ADD_POWERHIT(-2)	MAP_L_HOLD_BUCKET			0	_C_KNOCKED_000;_F_READY_000
8525	8525	2	ICON_MISSION_086_000	0.0				POPBAR(Main_Panel_Hotkey_Combo);RESKILL(0)				0	
8526	8526	2	ICON_MISSION_065_000	1.0				POPBAR(Main_Panel_Hotkey_Combo1);RESKILL(8540);ADD_OVERHIT(-2);ADD_POWERHIT(-2)	MAP_L_HOLD_BUCKET			0	_C_KNOCKED_000;_F_READY_000
8527	8527	2	I_AGI5_1	60.0					PS_L_AIRARMOR			0	
8528	8528	2	I_AGI5_2	60.0					PS_L_AIRARMOR			0	
8529	8529	2	I_AGI5_3	60.0					PS_L_AIRARMOR			0	
8530	8530	2	IB016	60.0				MISSILE(8530,6);ADD_STRENGH(1);ADD_INTELLECT(1)	S_L_ATTACK			0	
8531	8531	2	IB036	60.0				ADD_STRENGH(2);ADD_INTELLECT(2)	S_L_ATTACK			0	
8532	8532	2	ICON_Collect_Treasure_008_000	180.0					S_L_SMOKE			0	
8533	8533	2	ICON_Collect_Treasure_008_000	180.0					S_L_SMOKE			0	
8534	8534	2	ICON_Collect_Treasure_008_000	180.0					S_L_SMOKE			0	
8535	8535	2	ICON_PM026_001_001	0.0				POPBAR(Main_Panel_Hotkey_Combo);RESKILL(0)				0	
8536	8536	2	ICON_PM054_000_000	0.0				POPBAR(Main_Panel_Hotkey_Combo);RESKILL(0)				0	
8537	8537	2	IS161	60.0					S_L_SMOKE			0	
8538	8538	2	ICON_CONTAINER_013_000	1.0				POPBAR(Main_Panel_Hotkey_Combo1);RESKILL(8540);ADD_OVERHIT(-2);ADD_POWERHIT(-2)	MAP_L_HOLD_CHEST			0	_C_KNOCKED_000;_F_READY_000
8539	8539	2	IS2000	60.0				MISSILE(8539,6)				0	
8540	4	2		0.0								0	
8541	8541	0		0.0				POPBAR(Main_Panel_Hotkey_Vehicle);RESKILL(8034);RESKILL(8059);RESKILL(8060);RESKILL(8061);FACTION(21)				0	
8542	8542	2	IS1642b	60.0				ADD_SPEED_RUN(0.2)				0	
8543	8543	2		0.0								0	_F_READY_000;_F_DIE_001\n_F_FLEX_000;_F_DIE_001\n_F_FORWARD_000;_F_DIE_001\n_F_TALK_000;_F_DIE_001\n_F_FLEX_001;_F_DIE_001\n_F_FLEX_002;_F_DIE_001
8544	8544	2		0.0				KNOCKDOWN(8544)				0	
8545	8545	0	ICON_PM009_000_000	300.0								0	
8546	8546	0	ICON_PM012_000_000	300.0								0	
8547	8547	0	ICON_PM053_000_000	300.0								0	
8548	8548	0	ICON_PM030_000_000	300.0								0	
8549	8549	0	ICON_PM054_000_000	300.0								0	
8550	8550	0	ICON_PM052_000_000	300.0								0	
8551	8551	0	ICON_PM007_000_000	300.0								0	
8552	8552	0	IB003	600.0								0	
8553	8552	0	IB042	600.0								0	
8554	8553	0	IB003	600.0	OUTSCENE(293)							0	
8555	8553	0	IB003	600.0	OUTSCENE(294)							0	
8556	8553	0	IB003	600.0	OUTSCENE(297)							0	
8557	4	2		0.0								0	
8558	4	2		0.0								0	
8559	4	2		0.0								0	
8560	4	2		0.0								0	
8561	4	2		0.0								0	
8562	4	2		0.0								0	
8563	4	2		0.0								0	
8564	4	2		0.0								0	
8565	4	2		0.0								0	
8566	4	2		0.0								0	
8567	4	2		0.0								0	
8568	8568	2		0.0				KNOCKDOWN(8568)	MAP_A_NPC_DISAPPEAR			0	
8569	8569	2		10.0				FACTION(7)				0	
8570	4	2		0.0								0	
8571	4	2		0.0								0	
8572	8572	2		0.0				POPBAR(Main_Panel_Hotkey_Combo);RESKILL(8572);RESKILL(8573);RESKILL(8574);FACTION(22)				0	
8573	8573	2		0.0				ADD_DODGE(100);ADD_AC_PHYSICS(100);ADD_AC_MAGIC(100)				0	
8574	8574	2		0.0				MISSILE(8615,1)				0	
8575	8575	0		0.0				POPBAR(Main_Panel_Hotkey_Vehicle);RESKILL(8582);RESKILL(8583);FACTION(25)				0	_F_FORWARD_000;_F_SENTRY_001\n_F_SENTRY_000;_F_SENTRY_001\n_F_READY_000;_F_SENTRY_001
8576	8576	2		0.0				ADD_SPEED_RUN(0.25);ADD_HPMAX(60);;FLY(0)				0	
8577	8577	2	I_STR1_1	15.0				ADD_SPEED_RUN(1)	L_R003_000_000			3	
8578	3	2		0.0				ADD_HPMAX(21.2);ADD_ANTI_STUN(5);ADD_ANTI_CURSE(5);ADD_AC_PHYSICS(3.5);ADD_AC_MAGIC(3.5);ADD_PENETRATE_PHYSICS(2.9);ADD_PENETRATE_MAGIC(2.9)				0	
8579	4	2		2.0								0	
8580	4	2		0.0					L_FIRETORNADO			3	
8581	3	2		0.0				ADD_HPMAX(50);ADD_ANTI_STUN(5);ADD_ANTI_CURSE(5);ADD_AC_PHYSICS(3.5);ADD_AC_MAGIC(3.5);ADD_PENETRATE_PHYSICS(2.9);ADD_PENETRATE_MAGIC(2.9)				0	
8582	4	2		0.0				MISSILE(8232,1);MISSILE(8233,1)				0	
8583	8583	2		1.0					SEL_ATT1BOSS			0	
8584	4	2		0.0								0	
8585	4	2		0.0								0	
8586	4	2		0.0								0	
8587	4	2		0.0								0	
8588	4	2		0.0								0	
8589	4	2		0.0								0	
8590	4	2		0.0								0	
8591	4	2		0.0								0	
8592	4	2		0.0								0	
8593	4	2		0.0								0	
8594	4	2		0.0								0	
8595	4	2		0.0								0	
8596	4	2		0.0								0	
8597	4	2		0.0								0	
8598	4	2		0.0								0	
8599	4	2		0.0								0	
8600	4	2		0.0								0	
8601	4	2		0.0								0	
8602	4	2		0.0								0	
8603	4	2		0.0								0	
8604	4	2		0.0								0	
8605	4	2		0.0								0	
8606	4	2		0.0								0	
8607	4	2		0.0								0	
8608	4	2		0.0								0	
8609	4	2		0.0								0	
8610	4	2		0.0								0	
8611	4	2		0.0								0	
8612	4	2		0.0								0	
8613	4	2		0.0								0	
8614	4	2		0.0								0	
8615	4	2		0.0								0	
8616	4	2		0.0								0	
8617	4	2		0.0								0	
8618	4	2		0.0								0	
8619	4	2		0.0								0	
8620	4	2		0.0								0	
8621	4	2		0.0								0	
8622	4	2		0.0								0	
8623	4	2		0.0								0	
8624	4	2		0.0								0	
8625	4	2		0.0								0	
8626	4	2		0.0								0	
8627	4	2		0.0								0	
8628	4	2		0.0								0	
8629	4	2		0.0								0	
8630	4	2		0.0								0	
8631	4	2		0.0								0	
8632	4	2		3.0				MISSILE(8632,2)				0	
8633	4	2		3.0				MISSILE(8633,2)				0	
8634	4	2		3.0				MISSILE(8634,2)				0	
8635	4	2		3.0				MISSILE(8635,2)				0	
8636	4	2		3.0				MISSILE(8636,2)				0	
8637	4	2		3.0				MISSILE(8637,2)				0	
8638	4	2		3.0				MISSILE(8638,2)				0	
8639	4	2		3.0				MISSILE(8639,2)				0	
8640	4	2		3.0				MISSILE(8640,2)				0	
8641	4	2		3.0				MISSILE(8641,2)				0	
8642	4	2		3.0				MISSILE(8642,2)				0	
8643	4	2		3.0				MISSILE(8643,2)				0	
8644	4	2		3.0				MISSILE(8644,2)				0	
8645	4	2		3.0				MISSILE(8645,2)				0	
8646	4	2		3.0				MISSILE(8646,2)				0	
8647	4	2		3.0				MISSILE(8647,2)				0	
8648	4	2		3.0				MISSILE(8648,2)				0	
8649	4	2		3.0				MISSILE(8649,2)				0	
8650	4	2		3.0				MISSILE(8650,2)				0	
8651	4	2		3.0				MISSILE(8651,2)				0	
8652	4	2		3.0				MISSILE(8652,2)				0	
8653	4	2		3.0				MISSILE(8653,2)				0	
8654	4	2		3.0				MISSILE(8654,2)				0	
8655	4	2		3.0				MISSILE(8655,2)				0	
8656	4	2		3.0				MISSILE(8656,2)				0	
8657	4	2		3.0				MISSILE(8657,2)				0	
8658	4	2		3.0				MISSILE(8658,2)				0	
8659	4	2		3.0				MISSILE(8659,2)				0	
8660	4	2		3.0				MISSILE(8660,2)				0	
8661	4	2		3.0				MISSILE(8661,2)				0	
8662	4	2		3.0				MISSILE(8662,2)				0	
8663	8663	0		60.0				ADD_SPEED_RUN(0.03)				0	
8664	8664	0		6.0				HITMISSILE(4096,10,11)				0	
8665	8665	0		3600.0								0	
8666	8666	0		3600.0								0	
8667	4	2		0.0				MISSILE(8667,2)				0	
8668	4	2		0.0				MISSILE(8668,2)				0	
8669	4	2		0.0				MISSILE(8669,2)				0	
8670	4	2		0.0				MISSILE(8670,2)				0	
8671	4	2		0.0				MISSILE(8671,2)				0	
8672	4	2		0.0				MISSILE(8672,2)				0	
8673	4	2		0.0				MISSILE(8673,2)				0	
8674	4	2		0.0				MISSILE(8674,2)				0	
8675	4	2		0.0				MISSILE(8675,2)				0	
8676	4	2		0.0				MISSILE(8676,2)				0	
8677	4	2		0.0				MISSILE(8677,2)				0	
8678	4	2		0.0				MISSILE(8678,2)				0	
8679	4	2		0.0				MISSILE(8679,2)				0	
8680	4	2		0.0				MISSILE(8680,2)				0	
8681	4	2		0.0				MISSILE(8681,2)				0	
8682	4	2		0.0				MISSILE(8682,2)				0	
8683	4	2		0.0				MISSILE(8683,2)				0	
8684	4	2		0.0				MISSILE(8684,2)				0	
8685	4	2		0.0				MISSILE(8685,2)				0	
8686	4	2		0.0				MISSILE(8686,2)				0	
8687	4	2		0.0				MISSILE(8687,2)				0	
8688	4	2		0.0				MISSILE(8688,2)				0	
8689	4	2		0.0				MISSILE(8689,2)				0	
8690	4	2		0.0				MISSILE(8690,2)				0	
8691	4	2		0.0				MISSILE(8691,2)				0	
8692	4	2		0.0				MISSILE(8692,2)				0	
8693	4	2		0.0				MISSILE(8693,2)				0	
8694	4	2		0.0				MISSILE(8694,2)				0	
8695	4	2		0.0				MISSILE(8695,2)				0	
8696	4	2		0.0				MISSILE(8696,2)				0	
8697	4	2		0.0				MISSILE(8697,2)				0	
8698	4	2		0.0				MISSILE(8698,2)				0	
8699	4	2		0.0				MISSILE(8699,2)				0	
8700	4	2		0.0				MISSILE(8700,2)				0	
8701	4	2		0.0				MISSILE(8701,2)				0	
8702	4	2		0.0				MISSILE(8702,2)				0	
8703	4	2		0.0				MISSILE(8703,2)				0	
8704	4	2		0.0				MISSILE(8704,2)				0	
8705	4	2		0.0				MISSILE(8705,2)				0	
8706	4	2		0.0				MISSILE(8706,2)				0	
8707	4	2		0.0				MISSILE(8707,2)				0	
8708	4	2		0.0				MISSILE(8708,2)				0	
8709	4	2		0.0				MISSILE(8709,2)				0	
8710	4	2		0.0				MISSILE(8710,2)				0	
8711	4	2		0.0				MISSILE(8711,2)				0	
8712	4	2		0.0				MISSILE(8712,2)				0	
8713	4	2		0.0				MISSILE(8713,2)				0	
8714	4	2		0.0				MISSILE(8714,2)				0	
8715	4	2		0.0				MISSILE(8715,2)				0	
8716	4	2		0.0				MISSILE(8716,2)				0	
8717	4	2		0.0				MISSILE(8717,2)				0	
8718	4	2		0.0				MISSILE(8718,2)				0	
8719	4	2		0.0				MISSILE(8719,2)				0	
8720	4	2		0.0				MISSILE(8720,2)				0	
8721	4	2		0.0				MISSILE(8721,2)				0	
8722	4	2		0.0				MISSILE(8722,2)				0	
8723	4	2		0.0				MISSILE(8723,2)				0	
8724	4	2		0.0				MISSILE(8724,2)				0	
8725	4	2		0.0				MISSILE(8725,2)				0	
8726	4	2		0.0				MISSILE(8726,2)				0	
8727	4	2		0.0				MISSILE(8727,2)				0	
8728	4	2		0.0				MISSILE(8728,2)				0	
8729	4	2		0.0				MISSILE(8729,2)				0	
8730	4	2		0.0				MISSILE(8730,2)				0	
8731	4	2		0.0				MISSILE(8731,2)				0	
8732	4	2		0.0				MISSILE(8732,2)				0	
8733	4	2		0.0				MISSILE(8733,2)				0	
8734	4	2		0.0				MISSILE(8734,2)				0	
8735	4	2		0.0				MISSILE(8735,2)				0	
8736	4	2		0.0				MISSILE(8736,2)				0	
8737	4	2		0.0				MISSILE(8737,2)				0	
8738	4	2		0.0				MISSILE(8738,2)				0	
8739	4	2		0.0				MISSILE(8739,2)				0	
8740	4	2		0.0				MISSILE(8740,2)				0	
8741	4	2		0.0				MISSILE(8741,2)				0	
8742	4	2		0.0				MISSILE(8742,2)				0	
8743	4	2		0.0				MISSILE(8743,2)				0	
8744	4	2		0.0				MISSILE(8744,2)				0	
8745	4	2		0.0				MISSILE(8745,2)				0	
8746	4	2		0.0				MISSILE(8746,2)				0	
8747	4	2		0.0				MISSILE(8747,2)				0	
8748	4	2		0.0				MISSILE(8748,2)				0	
8749	4	2		0.0				MISSILE(8749,2)				0	
8750	4	2		0.0				MISSILE(8750,2)				0	
8751	4	2		0.0				MISSILE(8751,2)				0	
8752	4	2		0.0				MISSILE(8752,2)				0	
8753	4	2		0.0				MISSILE(8753,2)				0	
8754	4	2		0.0				MISSILE(8754,2)				0	
8755	4	2		0.0				MISSILE(8755,2)				0	
8756	4	2		0.0				MISSILE(8756,2)				0	
8757	4	2		0.0								0	
8758	4	2		0.0								0	
8759	4	2		0.0								0	
8760	4	2		0.0								0	
8761	4	2		0.0								0	
8762	4	2		0.0								0	
8763	8763	0		0.0				POPBAR(Main_Panel_Hotkey_Combo);RESKILL(0)				0	
8764	4	2		0.0								0	
8765	8765	0	ICON_PM028_000_000	0.0				POPBAR(Main_Panel_Hotkey_Combo);RESKILL(0);ADD_SPEED_RUN(0.6)				0	
8766	4	2		0.0								0	
8767	4	2		0.0								0	
8768	4	2		0.0								0	
8769	4	2		0.0								0	
8770	4	2		0.0								0	
8771	4	2		0.0								0	
8772	4	2		0.0								0	
8773	4	2		0.0								0	
8774	4	2		0.0								0	
8775	4	2		0.0								0	
8776	4	2		0.0								0	
8777	4	2		0.0								0	
8778	4	2		0.0								0	
8779	4	2		0.0								0	
8780	4	2		0.0								0	
8781	4	2		0.0								0	
8782	4	2		0.0								0	
8783	4	2		0.0								0	
8784	4	2		0.0								0	
8785	8785	2		0.0	LOGOFF(0)			FACTION(103)				0	
8786	4	2		0.0								0	
8787	4	2		0.0								0	
8788	8788	8192	ICON_CONTAINER_013_000	1.0				POPBAR(Main_Panel_Hotkey_Combo1);RESKILL(8540);ADD_OVERHIT(-2);ADD_POWERHIT(-2);ADD_SPEED_RUN(-0.7)	MAP_L_HOLD_WOOD			0	_C_KNOCKED_000;_F_READY_000
8789	8789	2	ICON_PM005_000_004	0.0				POPBAR(Main_Panel_Hotkey_Combo);RESKILL(0)				0	
8790	4	2		0.0								0	
8791	4	2		0.0								0	
8792	4	0		10.0				DISABLE(0)	S_L_KNOCKDOWN			0	_F_READY_000;_F_DIE_001\n_F_SENTRY_000;_F_DIE_001\n_F_DIE_000;_F_DIE_001\n_F_FORWARD_000;_F_DIE_001\n_C_KNOCKED_000;_F_DIE_001\n_C_KNOCKED_001;_F_DIE_001\n_F_KNOCKED_002;_F_DIE_001\n_F_JUMP_000;_F_DIE_001\n_F_JUMP_001;_F_DIE_001\n_F_JUMP_002;_F_DIE_001\n_F_JUMP_003;_F_DIE_001
8793	8793	2		900.0	OUTSCENE(307)							0	
8794	8794	0		3600.0								0	
8795	4	2		0.0								0	
8796	4	2		0.0								0	
8797	4	2		0.0								0	
8798	4	2		0.0								0	
8799	4	2		0.0								0	
8800	4	2		0.0								0	
8801	4	2		0.0								0	
8802	4	2		0.0								0	
8803	4	2		0.0								0	
8804	4	2		0.0								0	
8805	4	2		0.0								0	
8806	4	2		0.0								0	
8807	4	2		0.0								0	
8808	4	2		0.0								0	
8809	4	2		0.0								0	
8810	4	2		0.0								0	
8811	4	2		0.0								0	
8812	4	2		0.0								0	
8813	4	2		0.0								0	
8814	4	2		0.0								0	
8815	4	2		0.0								0	
8816	4	2		0.0								0	
8817	4	2		0.0								0	
8818	4	2		0.0								0	
8819	4	2		0.0								0	
8820	4	2		0.0								0	
8821	4	2		0.0								0	
8822	4	2		0.0								0	
8823	4	2		0.0								0	
8824	4	2		0.0								0	
8825	4	2		0.0								0	
8826	4	2		0.0								0	
8827	4	2		0.0								0	
8828	4	2		0.0								0	
8829	4	2		0.0								0	
8830	4	2		0.0								0	
8831	4	2		0.0								0	
8832	4	2		0.0								0	
8833	4	2		0.0								0	
8834	4	2		0.0								0	
8835	4	2		0.0								0	
8836	4	2		0.0								0	
8837	4	2		0.0								0	
8838	4	2		0.0								0	
8839	4	2		0.0								0	
8840	4	2		0.0								0	
8841	4	2		0.0								0	
8842	4	2		0.0								0	
8843	4	2		0.0								0	
8844	4	2		0.0								0	
8845	4	2		0.0								0	
8846	4	2		0.0								0	
8847	4	2		0.0								0	
8848	4	2		0.0								0	
8849	4	2		0.0								0	
8850	4	2		0.0								0	
8851	4	2		0.0								0	
8852	4	2		0.0								0	
8853	4	2		0.0								0	
8854	4	2		0.0								0	
8855	4	2		0.0								0	
8856	4	2		0.0								0	
8857	4	2		0.0								0	
8858	4	2		0.0								0	
8859	4	2		0.0								0	
8860	4	2		0.0								0	
8861	4	2		0.0								0	
8862	4	2		0.0								0	
8863	4	2		0.0								0	
8864	4	2		0.0								0	
8865	4	2		0.0								0	
8866	4	2		0.0								0	
8867	4	2		0.0								0	
8868	4	2		0.0								0	
8869	4	2		0.0								0	
8870	4	2		0.0								0	
8871	4	2		0.0								0	
8872	4	2		0.0								0	
8873	4	2		0.0								0	
8874	4	2		0.0								0	
8875	4	2		0.0								0	
8876	4	2		0.0								0	
8877	4	2		0.0								0	
8878	4	2		0.0								0	
8879	4	2		0.0								0	
8880	4	2		0.0								0	
8881	4	2		0.0								0	
8882	4	2		0.0								0	
8883	4	2		0.0								0	
8884	4	2		0.0								0	
8885	4	2		0.0								0	
8886	4	2		0.0								0	
8887	4	2		0.0								0	
8888	4	2		0.0								0	
8889	4	2		0.0								0	
8890	4	2		0.0								0	
8891	4	2		0.0								0	
8892	4	2		0.0								0	
8893	4	2		0.0								0	
8894	4	2		0.0								0	
8895	4	2		0.0								0	
8896	4	2		0.0								0	
8897	4	2		0.0								0	
8898	4	2		0.0								0	
8899	4	2		0.0								0	
8900	4	2		0.0								0	
8901	4	2		0.0								0	
8902	4	2		0.0								0	
8903	4	2		0.0								0	
8904	4	2		0.0								0	
8905	4	2		0.0								0	
8906	4	2		0.0								0	
8907	4	2		0.0								0	
8908	4	2		0.0								0	
8909	4	2		0.0								0	
8910	4	2		0.0								0	
8911	4	2		0.0								0	
8912	4	2		0.0								0	
8913	4	2		0.0								0	
8914	4	2		0.0								0	
8915	4	2		0.0								0	
8916	4	2		0.0								0	
8917	4	2		0.0								0	
8918	4	2		0.0								0	
8919	4	2		0.0								0	
8920	4	2		0.0								0	
8921	4	2		0.0								0	
8922	4	2		0.0								0	
8923	4	2		0.0								0	
8924	4	2		0.0								0	
8925	4	2		0.0								0	
8926	4	2		0.0								0	
8927	4	2		0.0								0	
8928	4	2		0.0								0	
8929	4	2		0.0								0	
8930	4	2		0.0								0	
8931	4	2		0.0								0	
8932	4	2		0.0								0	
8933	4	2		0.0								0	
8934	4	2		0.0								0	
8935	4	2		0.0								0	
8936	4	2		0.0								0	
8937	4	2		0.0								0	
8938	4	2		0.0								0	
8939	4	2		0.0								0	
8940	4	2		0.0								0	
8941	4	2		0.0								0	
8942	4	2		0.0								0	
8943	4	2		0.0								0	
8944	4	2		0.0								0	
8945	4	2		0.0								0	
8946	4	2		0.0								0	
8947	4	2		0.0								0	
8948	4	2		0.0								0	
8949	4	2		0.0								0	
8950	4	2		0.0								0	
8951	4	2		0.0								0	
8952	4	2		0.0								0	
8953	4	2		0.0								0	
8954	4	2		0.0								0	
8955	4	2		0.0								0	
8956	4	2		0.0								0	
8957	4	2		0.0								0	
8958	4	2		0.0								0	
8959	4	2		0.0								0	
8960	4	2		0.0								0	
8961	4	2		0.0								0	
8962	4	2		0.0								0	
8963	4	2		0.0								0	
8964	4	2		0.0								0	
8965	4	2		0.0								0	
8966	4	2		0.0								0	
8967	4	2		0.0								0	
8968	4	2		0.0								0	
8969	4	2		0.0								0	
8970	4	2		0.0								0	
8971	4	2		0.0								0	
8972	4	2		0.0								0	
8973	4	2		0.0								0	
8974	4	2		0.0								0	
8975	4	2		0.0								0	
8976	4	2		0.0								0	
8977	4	2		0.0								0	
8978	4	2		0.0								0	
8979	4	2		0.0								0	
8980	4	2		0.0								0	
8981	4	2		0.0								0	
8982	4	2		0.0								0	
8983	4	2		0.0								0	
8984	4	2		0.0								0	
8985	4	2		0.0								0	
8986	4	2		0.0								0	
8987	4	2		0.0								0	
8988	4	2		0.0								0	
8989	4	2		0.0								0	
8990	4	2		0.0								0	
8991	4	2		0.0								0	
8992	4	2		0.0								0	
8993	4	2		0.0								0	
8994	4	2		0.0								0	
8995	4	2		0.0								0	
8996	4	2		0.0								0	
8997	4	2		0.0								0	
8998	4	2		0.0								0	
8999	4	2		0.0								0	
9000	1	1		0.0				KNOCKDOWN(9009)				1	
9001	6	0	SKILL_001	300.0					L_M005_001_000			0	
9002	999	0		0.0		ISSEA(0)	ADD_SPEED_RUN(1.2)	ADD_DAMMIPHYSICS(1000)\nADD_DAMMIMAGIC(1000)\nADD_DAMPLUS_PHYSICS(100)\nADD_DAMPLUS_MAGIC(100)\nADD_PENETRATE_PHYSICS(100)\nADD_PENETRATE_MAGIC(100)\nADD_POWERHIT(100)\nADD_MULTIPLY_POWERDAM(100)				0	
9003	999	0		0.0				ADD_BLOCKRATE(1)				0	
9004	999	0		0.0				ADD_DODGE(3)				0	
9005	999	0		0.0				ADD_AC_PHYSICS(10000)\nADD_AC_MAGIC(10000)				0	
9006	999	0		0.0				ADD_POWERHIT(2)				0	
9007	999	0		0.0				ADD_BYPASS(2)				0	
9008	999	0		0.0				ADD_OVERHIT(2)				0	
9009	73	0		10.0				DISABLE(0)				0	_F_READY_000;_F_DIE_001\n_F_SENTRY_000;_F_DIE_001\n_F_DIE_000;_F_DIE_001\n_F_FORWARD_000;_F_DIE_001\n_C_KNOCKED_000;_F_DIE_001\n_C_KNOCKED_001;_F_DIE_001\n_F_KNOCKED_002;_F_DIE_001\n_F_JUMP_000;_F_DIE_001\n_F_JUMP_001;_F_DIE_001\n_F_JUMP_002;_F_DIE_001\n_F_JUMP_003;_F_DIE_001
9010	4	0		0.0				POPBAR(Main_Panel_Hotkey_Vehicle);RESKILL(9048);RESKILL(9049);RESKILL(9050);RESKILL(9051);RESKILL(9052)				0	
9011	4	0		0.0				POPBAR(Main_Panel_Hotkey_Vehicle);RESKILL(9053);RESKILL(9054);RESKILL(9055);RESKILL(9056)				0	
9012	4	0		0.0				POPBAR(Main_Panel_Hotkey_Vehicle);RESKILL(9057);RESKILL(9058);RESKILL(9059);RESKILL(9060);RESKILL(9061)				0	
9013	4	0		0.0				POPBAR(Main_Panel_Hotkey_Vehicle);RESKILL(9040);RESKILL(9041);RESKILL(9042);RESKILL(9043);RESKILL(9044);RESKILL(9045);RESKILL(9046);RESKILL(9047)				0	
9800	4	2		3.0					S_L_EMOTION_0			0	
9801	4	2		3.0					S_L_EMOTION_1			0	
9802	4	2		3.0					S_L_EMOTION_2			0	
9803	4	2		3.0					S_L_EMOTION_3			0	
9804	4	2		3.0					S_L_EMOTION_4			0	
9805	4	2		3.0					S_L_EMOTION_5			0	
9806	4	2		3.0					S_L_EMOTION_6			0	
9807	4	2		3.0					S_L_EMOTION_7			0	
9808	4	2		3.0					S_L_EMOTION_8			0	
9809	4	2		3.0					S_L_EMOTION_9			0	
9901	4	2		0.0				RESKILL(60);RESKILL(61);RESKILL(62);RESKILL(63);RESKILL(64);RESKILL(65);RESKILL(66);RESKILL(67);RESKILL(68);RESKILL(69);RESKILL(70);POPBAR(Main_Panel_Hotkey_Vehicle)				0	
9902	73	0	SKILL_001	10.0				JUMP_HIGH(200)				0	
9903	9903	0	IB047	1800.0				UNDEAD				0	
9905	73	0	SKILL_001	10.0				DRAIN_LIFE(1)				0	
9904	73	0	SKILL_001	10.0				DRAIN_LIFE(0.2)				0	
9906	73	0	SKILL_001	30.0				DEATH_MISSILE(9906)				0	
9907	73	0	SKILL_001	30.0				DEATH_MISSILE(9906)				0	
9908	73	0	SKILL_001	30.0				DEATH_MISSILE(9907)				0	
9909	73	0	SKILL_001	30.0				DEATH_MISSILE(9907)				0	
9910	73	0		30.0				DEATH_MISSILE(3700)				0	
9911	73	0	SKILL_001	30.0				DEATH_MISSILE(3700)				0	
9912	73	0	SKILL_001	30.0				DEATH_MISSILE(9908)				0	
9913	73	0	SKILL_001	30.0				DEATH_MISSILE(9908)				0	
9914	73	0	SKILL_001	30.0				DEATH_MISSILE(9909)				0	
9915	73	0	SKILL_001	30.0				DEATH_MISSILE(9909)				0	
9916	73	0	SKILL_001	10.0		AGI_CHECK(1)	MUL_CON(0.2)					0	
9917	73	0	SKILL_001	10.0		PER_CHECK(10)	MUL_HPMAX(2)					0	
9918	73	0	SKILL_001	10.0		INT_CHECK(3)	MUL_HPMAX(4)					0	
9919	73	0	SKILL_001	60.0				MISSILE(9919,2)	PS_L_HOLY_MIGHT			0	
9920	3	0		0.0				MISSILE(9950,15)	S_L_SEED_FIRE			0	
9921	9921	0	SKILL_001	3.0								0	
9922	9922	0	SKILL_001	3.0				ADD_DAMMIPHYSICS(1);ADD_DAMMIMAGIC(1)				0	
9923	9923	0	SKILL_001	60.0				ADD_DAMMIPHYSICS(1);ADD_DAMMIMAGIC(1)				0	
9924	9924	0	IB001	300.0				ADD_STRENGH(1)				0	
9925	9925	0	IB002	300.0				ADD_STRENGH(2)				0	
9926	9926	0	IB003	300.0				ADD_STRENGH(3)				0	
9927	9927	0	IB004	300.0				ADD_STRENGH(4)				0	
9928	9928	0	IB005	300.0				ADD_STRENGH(5)				0	
9929	9929	0	IB006	300.0				ADD_STRENGH(6)				0	
9930	9930	0	IB007	300.0				ADD_STRENGH(7)				0	
9931	9931	0	IB008	300.0				ADD_STRENGH(8)				0	
9932	9932	0	IB009	300.0				ADD_STRENGH(9)				0	
9933	9933	0	IB010	300.0				ADD_STRENGH(10)				0	
9934	9934	0	IB011	300.0				ADD_STRENGH(11)				0	
9935	9935	0	IB012	300.0				ADD_STRENGH(12)				0	
9936	9936	0	IB013	300.0				ADD_STRENGH(13)				0	
9937	9937	0	IB014	300.0				ADD_STRENGH(14)				0	
9938	9938	0	IB015	300.0				ADD_STRENGH(15)				0	
9939	9939	0	IB016	300.0				ADD_STRENGH(16)				0	
9940	9940	0	IB017	300.0				ADD_STRENGH(17)				0	
9941	9941	0	IB018	300.0				ADD_STRENGH(18)				0	
9942	9942	0	IB019	300.0				ADD_STRENGH(19)				0	
9943	9943	0	IB020	300.0				ADD_STRENGH(20)				0	
9944	9944	0	IB021	300.0				ADD_STRENGH(20)				0	
9945	9945	0	IB022	300.0				ADD_STRENGH(20)				0	
9946	9946	0	IB023	300.0				ADD_STRENGH(20)				0	
9947	9947	0	IB024	300.0				ADD_STRENGH(20)				0	
9948	9948	0	IB025	300.0				ADD_STRENGH(20)				0	
9949	9949	0	IB026	300.0				ADD_STRENGH(20)				0	
9950	9950	0	IB027	300.0				ADD_STRENGH(20)				0	
9951	9951	0	IB028	300.0				ADD_STRENGH(20)				0	
9952	9952	0	IB029	300.0				ADD_STRENGH(20)				0	
9953	9953	0	IB030	300.0				ADD_STRENGH(20)				0	
9989	999	0		0.0				ADD_STRENGH(21)	SOUL_04			0	
9990	3	0		45.0				ADD_HPMAX(1.65);ADD_ANTI_STUN(10);ADD_ANTI_CURSE(10);MISSILE(9990;30);ADD_DAMMIPHYSICS(0.33);ADD_DAMMIMAGIC(0.33)	L_M014_000_000			0	
9991	3	0		0.0				ADD_ANTI_STUN(10);ADD_ANTI_CURSE(10);MISSILE(8200;3)				0	
9993	999	0		0.0				ADD_DAMMIPHYSICS(-0.7)\nADD_DAMMIMAGIC(-0.7)				0	
9994	999	0		0.0				ADD_ANTI_STUN(-0.04)\nADD_STUN(-0.06)				0	
9995	999	0		0.0				ADD_DAMMIPHYSICS(0.7)\nADD_DAMMIMAGIC(0.7)				0	
9996	999	0		0.0				ADD_DAMMIPHYSICS(0.9)\nADD_DAMMIMAGIC(0.9)				0	
9997	999	0		0.0				ADD_DAMMIPHYSICS(1.1)\nADD_DAMMIMAGIC(1.1)				0	
9998	999	0		0.0				ADD_DAMMIPHYSICS(1.3)\nADD_DAMMIMAGIC(1.3)				0	
9999	999	0		0.0				ADD_DAMMIPHYSICS(1.5)\nADD_DAMMIMAGIC(1.5)				0	
10001	999	0		0.0				ADD_DAMPLUS_PHYSICS(0.3)				0	
10002	999	0		0.0				ADD_DAMPLUS_PHYSICS(0.6)				0	
10003	999	0		0.0				ADD_DAMPLUS_PHYSICS(0.9)				0	
10004	999	0		0.0				ADD_DAMPLUS_PHYSICS(1.2)				0	
10005	999	0		0.0				ADD_DAMPLUS_PHYSICS(1.5)				0	
10006	999	0		0.0				ADD_DAMPLUS_MAGIC(0.3)				0	
10007	999	0		0.0				ADD_DAMPLUS_MAGIC(0.6)				0	
10008	999	0		0.0				ADD_DAMPLUS_MAGIC(0.9)				0	
10009	999	0		0.0				ADD_DAMPLUS_MAGIC(1.2)				0	
10010	999	0		0.0				ADD_DAMPLUS_MAGIC(1.5)				0	
10011	999	0		0.0				ADD_AC_PHYSICS(0.4)				0	
10012	999	0		0.0				ADD_AC_PHYSICS(0.8)				0	
10013	999	0		0.0				ADD_AC_PHYSICS(1.2)				0	
10014	999	0		0.0				ADD_AC_PHYSICS(1.6)				0	
10015	999	0		0.0				ADD_AC_PHYSICS(2)				0	
10016	999	0		0.0				ADD_AC_MAGIC(0.4)				0	
10017	999	0		0.0				ADD_AC_MAGIC(0.8)				0	
10018	999	0		0.0				ADD_AC_MAGIC(1.2)				0	
10019	999	0		0.0				ADD_AC_MAGIC(1.6)				0	
10020	999	0		0.0				ADD_AC_MAGIC(2)				0	
10021	999	0		0.0				ADD_ABSORB_PHYSICS(0.3)				0	
10022	999	0		0.0				ADD_ABSORB_PHYSICS(0.6)				0	
10023	999	0		0.0				ADD_ABSORB_PHYSICS(0.9)				0	
10024	999	0		0.0				ADD_ABSORB_PHYSICS(1.2)				0	
10025	999	0		0.0				ADD_ABSORB_PHYSICS(1.5)				0	
10026	999	0		0.0				ADD_ABSORB_MAGIC(0.3)				0	
10027	999	0		0.0				ADD_ABSORB_MAGIC(0.6)				0	
10028	999	0		0.0				ADD_ABSORB_MAGIC(0.9)				0	
10029	999	0		0.0				ADD_ABSORB_MAGIC(1.2)				0	
10030	999	0		0.0				ADD_ABSORB_MAGIC(1.5)				0	
10031	999	0		0.0				ADD_PENETRATE_PHYSICS(0.4)				0	
10032	999	0		0.0				ADD_PENETRATE_PHYSICS(0.8)				0	
10033	999	0		0.0				ADD_PENETRATE_PHYSICS(1.2)				0	
10034	999	0		0.0				ADD_PENETRATE_PHYSICS(1.6)				0	
10035	999	0		0.0				ADD_PENETRATE_PHYSICS(2)				0	
10036	999	0		0.0				ADD_PENETRATE_MAGIC(0.4)				0	
10037	999	0		0.0				ADD_PENETRATE_MAGIC(0.8)				0	
10038	999	0		0.0				ADD_PENETRATE_MAGIC(1.2)				0	
10039	999	0		0.0				ADD_PENETRATE_MAGIC(1.6)				0	
10040	999	0		0.0				ADD_PENETRATE_MAGIC(2)				0	
10041	999	0		0.0				ADD_ANTI_STUN(0.1)				0	
10042	999	0		0.0				ADD_ANTI_STUN(0.2)				0	
10043	999	0		0.0				ADD_ANTI_STUN(0.3)				0	
10044	999	0		0.0				ADD_ANTI_STUN(0.4)				0	
10045	999	0		0.0				ADD_ANTI_STUN(0.5)				0	
10046	999	0		0.0				ADD_STUN(0.1)				0	
10047	999	0		0.0				ADD_STUN(0.2)				0	
10048	999	0		0.0				ADD_STUN(0.3)				0	
10049	999	0		0.0				ADD_STUN(0.4)				0	
10050	999	0		0.0				ADD_STUN(0.5)				0	
10051	999	0		0.0				ADD_ANTI_CURSE(0.1)				0	
10052	999	0		0.0				ADD_ANTI_CURSE(0.2)				0	
10053	999	0		0.0				ADD_ANTI_CURSE(0.3)				0	
10054	999	0		0.0				ADD_ANTI_CURSE(0.4)				0	
10055	999	0		0.0				ADD_ANTI_CURSE(0.5)				0	
10056	999	0		0.0				ADD_CURSE(0.1)				0	
10057	999	0		0.0				ADD_CURSE(0.2)				0	
10058	999	0		0.0				ADD_CURSE(0.3)				0	
10059	999	0		0.0				ADD_CURSE(0.4)				0	
10060	999	0		0.0				ADD_CURSE(0.5)				0	
10061	999	0		0.0				ADD_HITRATE(0.1)				0	
10062	999	0		0.0				ADD_HITRATE(0.2)				0	
10063	999	0		0.0				ADD_HITRATE(0.3)				0	
10064	999	0		0.0				ADD_HITRATE(0.4)				0	
10065	999	0		0.0				ADD_HITRATE(0.5)				0	
10066	999	0		0.0				ADD_DODGE(0.1)				0	
10067	999	0		0.0				ADD_DODGE(0.2)				0	
10068	999	0		0.0				ADD_DODGE(0.3)				0	
10069	999	0		0.0				ADD_DODGE(0.4)				0	
10070	999	0		0.0				ADD_DODGE(0.5)				0	
10071	999	0		0.0				ADD_POWERHIT(0.1)				0	
10072	999	0		0.0				ADD_POWERHIT(0.2)				0	
10073	999	0		0.0				ADD_POWERHIT(0.3)				0	
10074	999	0		0.0				ADD_POWERHIT(0.4)				0	
10075	999	0		0.0				ADD_POWERHIT(0.5)				0	
10076	999	0		0.0				ADD_ANTI_POWERHIT(0.1)				0	
10077	999	0		0.0				ADD_ANTI_POWERHIT(0.2)				0	
10078	999	0		0.0				ADD_ANTI_POWERHIT(0.3)				0	
10079	999	0		0.0				ADD_ANTI_POWERHIT(0.4)				0	
10080	999	0		0.0				ADD_ANTI_POWERHIT(0.5)				0	
10081	999	0		0.0				ADD_BYPASS(0.1)				0	
10082	999	0		0.0				ADD_BYPASS(0.2)				0	
10083	999	0		0.0				ADD_BYPASS(0.3)				0	
10084	999	0		0.0				ADD_BYPASS(0.4)				0	
10085	999	0		0.0				ADD_BYPASS(0.5)				0	
10086	999	0		0.0				ADD_OVERHIT(0.1)				0	
10087	999	0		0.0				ADD_OVERHIT(0.2)				0	
10088	999	0		0.0				ADD_OVERHIT(0.3)				0	
10089	999	0		0.0				ADD_OVERHIT(0.4)				0	
10090	999	0		0.0				ADD_OVERHIT(0.5)				0	
10091	999	0		0.0				ADD_MULTIPLY_POWERDAM(0.5)				0	
10092	999	0		0.0				ADD_MULTIPLY_POWERDAM(1)				0	
10093	999	0		0.0				ADD_MULTIPLY_POWERDAM(1.5)				0	
10094	999	0		0.0				ADD_MULTIPLY_POWERDAM(2)				0	
10095	999	0		0.0				ADD_MULTIPLY_POWERDAM(2.5)				0	
10096	999	0		0.0				ADD_ABSORB_POWERDAM(0.5)				0	
10097	999	0		0.0				ADD_ABSORB_POWERDAM(1)				0	
10098	999	0		0.0				ADD_ABSORB_POWERDAM(1.5)				0	
10099	999	0		0.0				ADD_ABSORB_POWERDAM(2)				0	
10100	999	0		0.0				ADD_ABSORB_POWERDAM(2.5)				0	
10901	999	0		0.0				ADD_AC_PHYSICS(0.05)\nADD_AC_MAGIC(0.05)				0	
10902	999	0		0.0				ADD_AC_PHYSICS(0.1)\nADD_AC_MAGIC(0.1)				0	
10903	999	0		0.0				ADD_AC_PHYSICS(0.3)\nADD_AC_MAGIC(0.3)				0	
10904	999	0		0.0				ADD_AC_PHYSICS(0.5)\nADD_AC_MAGIC(0.5)				0	
10911	999	0		0.0				ADD_HPMAX(0.1)\nADD_DAMMIPHYSICS(0.1)\nADD_DAMMIMAGIC(0.1)				0	
10912	999	0		0.0				ADD_HPMAX(0.65)\nADD_DAMMIPHYSICS(0.65)\nADD_DAMMIMAGIC(0.65)				0	
10913	999	0		0.0				ADD_HPMAX(1.05)\nADD_DAMMIPHYSICS(1.05)\nADD_DAMMIMAGIC(1.05)				0	
10914	999	0		0.0				ADD_HPMAX(1.7)\nADD_DAMMIPHYSICS(1.7)\nADD_DAMMIMAGIC(1.7)				0	
10915	999	0		0.0				ADD_HPMAX(3)\nADD_DAMMIPHYSICS(3)\nADD_DAMMIMAGIC(3)				0	
11001	999	0		0.0				ADD_PENETRATE_PHYSICS(2)				0	
11002	500	0		0.0				RESKILL(525);RESKILL(526);RESKILL(527);RESKILL(528)				0	
11003	999	0		0.0				ADD_DAMPLUS_PHYSICS(1.5)				0	
11004	999	0		0.0				ADD_AGILITY(0.3)				0	
11005	999	0		0.0				ADD_PENETRATE_MAGIC(2)				0	
11006	999	0		0.0				ADD_INTELLECT(0.3)				0	
11007	999	0		0.0				ADD_OVERHIT(0.4)\nADD_AC_PHYSICS(0.4)				0	
11008	999	0		0.0				ADD_DAMPLUS_PHYSICS(0.6)\nADD_HITRATE(0.2)				0	
11009	999	0		0.0				ADD_PENETRATE_PHYSICS(1.2)\nADD_DAMPLUS_MAGIC(0.6)				0	
11010	999	0		0.0				ADD_POWERHIT(0.2)\nADD_STUN(0.3)				0	
11011	999	0		0.0				ADD_PENETRATE_MAGIC(1.2)\nADD_DODGE(0.2)				0	
11012	999	0		0.0				ADD_DODGE(0.4)\nADD_AC_MAGIC(0.4)				0	
11013	999	0		0.0				ADD_DAMPLUS_PHYSICS(0.9)\nADD_HITRATE(0.2)				0	
11014	999	0		0.0				ADD_MULTIPLY_POWERDAM(2)\nADD_PENETRATE_PHYSICS(0.4)				0	
11015	999	0		0.0				ADD_BYPASS(0.4)\nADD_ABSORB_MAGIC(0.3)				0	
11501	153	0		0.0				ADD_STRENGH(0.2)				0	
11502	153	0		0.0				ADD_STRENGH(0.6)				0	
11503	153	0		0.0				ADD_STRENGH(1)				0	
11504	153	0		0.0				ADD_STRENGH(1.6)				0	
11505	153	0		0.0				ADD_STRENGH(3)				0	
11506	153	0		0.0				ADD_STRENGH(4)				0	
11507	153	0		0.0				ADD_STRENGH(8)				0	
11508	153	0		0.0				ADD_STRENGH(9)				0	
11509	153	0		0.0				ADD_STRENGH(11)				0	
11511	154	0		0.0				ADD_CONSITUTION(0.2)				0	
11512	154	0		0.0				ADD_CONSITUTION(0.6)				0	
11513	154	0		0.0				ADD_CONSITUTION(1)				0	
11514	154	0		0.0				ADD_CONSITUTION(1.6)				0	
11515	154	0		0.0				ADD_CONSITUTION(3)				0	
11516	154	0		0.0				ADD_CONSITUTION(4)				0	
11517	154	0		0.0				ADD_CONSITUTION(8)				0	
11518	154	0		0.0				ADD_CONSITUTION(9)				0	
11519	154	0		0.0				ADD_CONSITUTION(11)				0	
11521	155	0		0.0				ADD_AGILITY(0.2)				0	
11522	155	0		0.0				ADD_AGILITY(0.6)				0	
11523	155	0		0.0				ADD_AGILITY(1)				0	
11524	155	0		0.0				ADD_AGILITY(1.6)				0	
11525	155	0		0.0				ADD_AGILITY(3)				0	
11526	155	0		0.0				ADD_AGILITY(4)				0	
11527	155	0		0.0				ADD_AGILITY(8)				0	
11528	155	0		0.0				ADD_AGILITY(9)				0	
11529	155	0		0.0				ADD_AGILITY(11)				0	
11531	156	0		0.0				ADD_INTELLECT(0.2)				0	
11532	156	0		0.0				ADD_INTELLECT(0.6)				0	
11533	156	0		0.0				ADD_INTELLECT(1)				0	
11534	156	0		0.0				ADD_INTELLECT(1.6)				0	
11535	156	0		0.0				ADD_INTELLECT(3)				0	
11536	156	0		0.0				ADD_INTELLECT(4)				0	
11537	156	0		0.0				ADD_INTELLECT(8)				0	
11538	156	0		0.0				ADD_INTELLECT(9)				0	
11539	156	0		0.0				ADD_INTELLECT(11)				0	
11541	157	0		0.0				ADD_PERCEPTION(0.2)				0	
11542	157	0		0.0				ADD_PERCEPTION(0.6)				0	
11543	157	0		0.0				ADD_PERCEPTION(1)				0	
11544	157	0		0.0				ADD_PERCEPTION(1.6)				0	
11545	157	0		0.0				ADD_PERCEPTION(3)				0	
11546	157	0		0.0				ADD_PERCEPTION(4)				0	
11547	157	0		0.0				ADD_PERCEPTION(8)				0	
11548	157	0		0.0				ADD_PERCEPTION(9)				0	
11549	157	0		0.0				ADD_PERCEPTION(11)				0	
11801	158	0	IS1642d	0.0				ADD_STRENGH(1)				0	
11802	158	0	IS1642d	0.0				ADD_STRENGH(3)				0	
11803	158	0	IS1642d	0.0				ADD_STRENGH(6)				0	
11804	158	0	IS1642d	0.0				ADD_STRENGH(10)				0	
11805	158	0	IS1642d	0.0				ADD_STRENGH(15)				0	
11806	158	0	IS1642d	0.0				ADD_STRENGH(21)				0	
11807	158	0	IS1642d	0.0				ADD_STRENGH(28)				0	
11808	158	0	IS1642d	0.0				ADD_STRENGH(36)				0	
11809	158	0	IS1642d	0.0				ADD_STRENGH(45)				0	
11810	158	0	IS1642d	0.0				ADD_STRENGH(55)				0	
11811	159	0	IS1642b	0.0				ADD_INTELLECT(1)				0	
11812	159	0	IS1642b	0.0				ADD_INTELLECT(3)				0	
11813	159	0	IS1642b	0.0				ADD_INTELLECT(6)				0	
11814	159	0	IS1642b	0.0				ADD_INTELLECT(10)				0	
11815	159	0	IS1642b	0.0				ADD_INTELLECT(15)				0	
11816	159	0	IS1642b	0.0				ADD_INTELLECT(21)				0	
11817	159	0	IS1642b	0.0				ADD_INTELLECT(28)				0	
11818	159	0	IS1642b	0.0				ADD_INTELLECT(36)				0	
11819	159	0	IS1642b	0.0				ADD_INTELLECT(45)				0	
11820	159	0	IS1642b	0.0				ADD_INTELLECT(55)				0	
11821	160	0	IS1642a	0.0				ADD_AGILITY(1)				0	
11822	160	0	IS1642a	0.0				ADD_AGILITY(3)				0	
11823	160	0	IS1642a	0.0				ADD_AGILITY(6)				0	
11824	160	0	IS1642a	0.0				ADD_AGILITY(10)				0	
11825	160	0	IS1642a	0.0				ADD_AGILITY(15)				0	
11826	160	0	IS1642a	0.0				ADD_AGILITY(21)				0	
11827	160	0	IS1642a	0.0				ADD_AGILITY(28)				0	
11828	160	0	IS1642a	0.0				ADD_AGILITY(36)				0	
11829	160	0	IS1642a	0.0				ADD_AGILITY(45)				0	
11830	160	0	IS1642a	0.0				ADD_AGILITY(55)				0	
11831	161	0	IS1642c	0.0				ADD_PERCEPTION(1)				0	
11832	161	0	IS1642c	0.0				ADD_PERCEPTION(3)				0	
11833	161	0	IS1642c	0.0				ADD_PERCEPTION(6)				0	
11834	161	0	IS1642c	0.0				ADD_PERCEPTION(10)				0	
11835	161	0	IS1642c	0.0				ADD_PERCEPTION(15)				0	
11836	161	0	IS1642c	0.0				ADD_PERCEPTION(21)				0	
11837	161	0	IS1642c	0.0				ADD_PERCEPTION(28)				0	
11838	161	0	IS1642c	0.0				ADD_PERCEPTION(36)				0	
11839	161	0	IS1642c	0.0				ADD_PERCEPTION(45)				0	
11840	161	0	IS1642c	0.0				ADD_PERCEPTION(55)				0	
11841	162	0	IS1642e	0.0				ADD_CONSITUTION(1)				0	
11842	162	0	IS1642e	0.0				ADD_CONSITUTION(3)				0	
11843	162	0	IS1642e	0.0				ADD_CONSITUTION(6)				0	
11844	162	0	IS1642e	0.0				ADD_CONSITUTION(10)				0	
11845	162	0	IS1642e	0.0				ADD_CONSITUTION(15)				0	
11846	162	0	IS1642e	0.0				ADD_CONSITUTION(21)				0	
11847	162	0	IS1642e	0.0				ADD_CONSITUTION(28)				0	
11848	162	0	IS1642e	0.0				ADD_CONSITUTION(36)				0	
11849	162	0	IS1642e	0.0				ADD_CONSITUTION(45)				0	
11850	162	0	IS1642e	0.0				ADD_CONSITUTION(55)				0	
12001	999	0		0.0				ADD_HPMAX(500)				0	
12002	999	0		0.0				ADD_CONSITUTION(2)\nADD_STRENGH(2)\nADD_AGILITY(2)\nADD_HPMAX(500)				0	
12003	999	0		0.0				ADD_CONSITUTION(2)\nADD_STRENGH(2)\nADD_INTELLECT(2)\nADD_HPMAX(500)				0	
12004	999	0		0.0				ADD_CONSITUTION(2)\nADD_AGILITY(2)\nADD_PERCEPTION(2)\nADD_HPMAX(500)				0	
12005	999	0		0.0				ADD_STRENGH(2)\nADD_AGILITY(2)\nADD_CONSITUTION(2)\nADD_INTELLECT(2)\nADD_PERCEPTION(2)\nADD_HPMAX(500)				0	
12006	999	0		0.0				ADD_STRENGH(2)\nADD_AGILITY(2)\nADD_CONSITUTION(2)\nADD_INTELLECT(2)\nADD_PERCEPTION(2)\nADD_HPMAX(500)				0	
12007	999	0		0.0		RATE(15)	HITMISSILE(4067,15,12007)					0	
12008	990	0	ICON_PS004_000_000	5.0				ADD_HITRATE(10)				0	
12009	999	0		0.0		RATE(15)	HITMISSILE(4067,15,12009)					0	
12010	989	0	ICON_PM078_000_000	3.0				ADD_POWERHIT(5)				0	
12011	999	0		0.0				ADD_CONSITUTION(2)\nADD_INTELLECT(2)\nADD_PERCEPTION(2)\nADD_HPMAX(500)				0	
12012	999	0		0.0				ADD_STRENGH(2)\nADD_AGILITY(2)\nADD_CONSITUTION(2)\nADD_INTELLECT(2)\nADD_PERCEPTION(2)\nADD_HPMAX(500)				0	
12013	999	0		0.0		RATE(15)	HITMISSILE(4067,15,12013)					0	
12014	990	0	ICON_PM057_000_000	5.0				ADD_DODGE(10)				0	
12015	999	0		0.0				ADD_STRENGH(2)\nADD_AGILITY(2)\nADD_CONSITUTION(2)\nADD_INTELLECT(2)\nADD_PERCEPTION(2)\nADD_HPMAX(500)				0	
12100	999	0		0.0				ADD_CONSITUTION(15)\nADD_STRENGH(15)\nADD_AGILITY(15)\nADD_INTELLECT(15)\nADD_PERCEPTION(15)\nADD_HPMAX(500)				0	
12101	999	0		0.0				ADD_STRENGH(1)				0	
12102	999	0		0.0				ADD_STRENGH(2)				0	
12103	999	0		0.0				ADD_STRENGH(3)				0	
12104	999	0		0.0				ADD_STRENGH(4)				0	
12105	999	0		0.0				ADD_STRENGH(5)				0	
12106	999	0		0.0				ADD_STRENGH(6)				0	
12107	999	0		0.0				ADD_STRENGH(7)				0	
12108	999	0		0.0				ADD_STRENGH(8)				0	
12109	999	0		0.0				ADD_STRENGH(9)				0	
12110	999	0		0.0				ADD_STRENGH(10)				0	
12111	999	0		0.0				ADD_CONSITUTION(1)				0	
12112	999	0		0.0				ADD_CONSITUTION(2)				0	
12113	999	0		0.0				ADD_CONSITUTION(3)				0	
12114	999	0		0.0				ADD_CONSITUTION(4)				0	
12115	999	0		0.0				ADD_CONSITUTION(5)				0	
12116	999	0		0.0				ADD_CONSITUTION(6)				0	
12117	999	0		0.0				ADD_CONSITUTION(7)				0	
12118	999	0		0.0				ADD_CONSITUTION(8)				0	
12119	999	0		0.0				ADD_CONSITUTION(9)				0	
12120	999	0		0.0				ADD_CONSITUTION(10)				0	
12121	999	0		0.0				ADD_AGILITY(1)				0	
12122	999	0		0.0				ADD_AGILITY(2)				0	
12123	999	0		0.0				ADD_AGILITY(3)				0	
12124	999	0		0.0				ADD_AGILITY(4)				0	
12125	999	0		0.0				ADD_AGILITY(5)				0	
12126	999	0		0.0				ADD_AGILITY(6)				0	
12127	999	0		0.0				ADD_AGILITY(7)				0	
12128	999	0		0.0				ADD_AGILITY(8)				0	
12129	999	0		0.0				ADD_AGILITY(9)				0	
12130	999	0		0.0				ADD_AGILITY(10)				0	
12131	999	0		0.0				ADD_INTELLECT(1)				0	
12132	999	0		0.0				ADD_INTELLECT(2)				0	
12133	999	0		0.0				ADD_INTELLECT(3)				0	
12134	999	0		0.0				ADD_INTELLECT(4)				0	
12135	999	0		0.0				ADD_INTELLECT(5)				0	
12136	999	0		0.0				ADD_INTELLECT(6)				0	
12137	999	0		0.0				ADD_INTELLECT(7)				0	
12138	999	0		0.0				ADD_INTELLECT(8)				0	
12139	999	0		0.0				ADD_INTELLECT(9)				0	
12140	999	0		0.0				ADD_INTELLECT(10)				0	
12141	999	0		0.0				ADD_PERCEPTION(1)				0	
12142	999	0		0.0				ADD_PERCEPTION(2)				0	
12143	999	0		0.0				ADD_PERCEPTION(3)				0	
12144	999	0		0.0				ADD_PERCEPTION(4)				0	
12145	999	0		0.0				ADD_PERCEPTION(5)				0	
12146	999	0		0.0				ADD_PERCEPTION(6)				0	
12147	999	0		0.0				ADD_PERCEPTION(7)				0	
12148	999	0		0.0				ADD_PERCEPTION(8)				0	
12149	999	0		0.0				ADD_PERCEPTION(9)				0	
12150	999	0		0.0				ADD_PERCEPTION(10)				0	
13001	999	0		0.0				MUL_STR(0.03)				0	
13002	999	0		0.0				MUL_STR(0.06)				0	
13003	999	0		0.0				MUL_STR(0.09)				0	
13004	999	0		0.0				MUL_STR(0.12)				0	
13005	999	0		0.0				MUL_STR(0.15)				0	
13006	999	0		0.0				MUL_STR(0.18)				0	
13007	999	0		0.0				MUL_STR(0.21)				0	
13008	999	0		0.0				MUL_STR(0.24)				0	
13009	999	0		0.0				MUL_STR(0.27)				0	
13010	999	0		0.0				MUL_STR(0.30)				0	
13011	999	0		0.0				MUL_AGI(0.03)				0	
13012	999	0		0.0				MUL_AGI(0.06)				0	
13013	999	0		0.0				MUL_AGI(0.09)				0	
13014	999	0		0.0				MUL_AGI(0.12)				0	
13015	999	0		0.0				MUL_AGI(0.15)				0	
13016	999	0		0.0				MUL_AGI(0.18)				0	
13017	999	0		0.0				MUL_AGI(0.21)				0	
13018	999	0		0.0				MUL_AGI(0.24)				0	
13019	999	0		0.0				MUL_AGI(0.27)				0	
13020	999	0		0.0				MUL_AGI(0.30)				0	
13021	999	0		0.0				MUL_CON(0.03)				0	
13022	999	0		0.0				MUL_CON(0.06)				0	
13023	999	0		0.0				MUL_CON(0.09)				0	
13024	999	0		0.0				MUL_CON(0.12)				0	
13025	999	0		0.0				MUL_CON(0.15)				0	
13026	999	0		0.0				MUL_CON(0.18)				0	
13027	999	0		0.0				MUL_CON(0.21)				0	
13028	999	0		0.0				MUL_CON(0.24)				0	
13029	999	0		0.0				MUL_CON(0.27)				0	
13030	999	0		0.0				MUL_CON(0.30)				0	
13031	999	0		0.0				MUL_INT(0.03)				0	
13032	999	0		0.0				MUL_INT(0.06)				0	
13033	999	0		0.0				MUL_INT(0.09)				0	
13034	999	0		0.0				MUL_INT(0.12)				0	
13035	999	0		0.0				MUL_INT(0.15)				0	
13036	999	0		0.0				MUL_INT(0.18)				0	
13037	999	0		0.0				MUL_INT(0.21)				0	
13038	999	0		0.0				MUL_INT(0.24)				0	
13039	999	0		0.0				MUL_INT(0.27)				0	
13040	999	0		0.0				MUL_INT(0.30)				0	
13041	999	0		0.0				MUL_PER(0.03)				0	
13042	999	0		0.0				MUL_PER(0.06)				0	
13043	999	0		0.0				MUL_PER(0.09)				0	
13044	999	0		0.0				MUL_PER(0.12)				0	
13045	999	0		0.0				MUL_PER(0.15)				0	
13046	999	0		0.0				MUL_PER(0.18)				0	
13047	999	0		0.0				MUL_PER(0.21)				0	
13048	999	0		0.0				MUL_PER(0.24)				0	
13049	999	0		0.0				MUL_PER(0.27)				0	
13050	999	0		0.0				MUL_PER(0.30)				0	
15001	999	0		0.0				MUL_PENETRATE_PHYSICS(0.04)		SWORD_POWERUP_01R	SWORD_POWERUP_01L	0	
15002	999	0		0.0				MUL_DAMMIPHYSICS(0.02)\nMUL_DAMPLUS_PHYSICS(0.02)\nMUL_PENETRATE_PHYSICS(0.06)		SWORD_POWERUP_02R	SWORD_POWERUP_02L	0	
15003	999	0		0.0				MUL_DAMMIPHYSICS(0.04)\nMUL_DAMPLUS_PHYSICS(0.04)\nMUL_PENETRATE_PHYSICS(0.08)		SWORD_POWERUP_03R	SWORD_POWERUP_03L	0	
15004	999	0		0.0				MUL_DAMMIPHYSICS(0.06)\nMUL_DAMPLUS_PHYSICS(0.06)\nMUL_PENETRATE_PHYSICS(0.1)		SWORD_POWERUP_04R	SWORD_POWERUP_04L	0	
15005	999	0		0.0				MUL_DAMMIPHYSICS(0.12)\nMUL_DAMPLUS_PHYSICS(0.12)\nMUL_PENETRATE_PHYSICS(0.2)		SWORD_POWERUP_05R	SWORD_POWERUP_05L	0	
15006	999	0		0.0				MUL_PENETRATE_PHYSICS(0.06)	SSTICK_POWERUP_01			0	
15007	999	0		0.0				MUL_DAMMIPHYSICS(0.04)\nMUL_DAMPLUS_PHYSICS(0.04)\nMUL_PENETRATE_PHYSICS(0.1)	SSTICK_POWERUP_02			0	
15008	999	0		0.0				MUL_DAMMIPHYSICS(0.06)\nMUL_DAMPLUS_PHYSICS(0.06)\nMUL_PENETRATE_PHYSICS(0.18)	SSTICK_POWERUP_03			0	
15009	999	0		0.0				MUL_DAMMIPHYSICS(0.1)\nMUL_DAMPLUS_PHYSICS(0.1)\nMUL_PENETRATE_PHYSICS(0.24)	SSTICK_POWERUP_04			0	
15010	999	0		0.0				MUL_DAMMIPHYSICS(0.2)\nMUL_DAMPLUS_PHYSICS(0.2)\nMUL_PENETRATE_PHYSICS(0.5)	SSTICK_POWERUP_05			0	
15011	999	0		0.0				MUL_AC_PHYSICS(0.06)\nMUL_AC_MAGIC(0.06)	SHIELD_POWERUP_01			0	
15012	999	0		0.0				MUL_AC_PHYSICS(0.1)\nMUL_AC_MAGIC(0.1)\nMUL_DAMPLUS_PHYSICS(0.05)	SHIELD_POWERUP_02			0	
15013	999	0		0.0				MUL_AC_PHYSICS(0.15)\nMUL_AC_MAGIC(0.15)\nMUL_DAMPLUS_PHYSICS(0.1)	SHIELD_POWERUP_03			0	
15014	999	0		0.0				MUL_AC_PHYSICS(0.2)\nMUL_AC_MAGIC(0.2)\nMUL_DAMPLUS_PHYSICS(0.15)	SHIELD_POWERUP_04			0	
15015	999	0		0.0				MUL_AC_PHYSICS(0.3)\nMUL_AC_MAGIC(0.3)\nMUL_DAMPLUS_PHYSICS(0.3)	SHIELD_POWERUP_05			0	
15016	999	0		0.0				MUL_DAMMIMAGIC(0.04)\nMUL_PENETRATE_MAGIC(0.05)	LSTICK_POWERUP_01			0	
15017	999	0		0.0				MUL_DAMMIMAGIC(0.08)\nMUL_DAMPLUS_MAGIC(0.05)\nMUL_PENETRATE_MAGIC(0.1)	LSTICK_POWERUP_02			0	
15018	999	0		0.0				MUL_DAMMIMAGIC(0.12)\nMUL_DAMPLUS_MAGIC(0.1)\nMUL_PENETRATE_MAGIC(0.16)	LSTICK_POWERUP_03			0	
15019	999	0		0.0				MUL_DAMMIMAGIC(0.16)\nMUL_DAMPLUS_MAGIC(0.15)\nMUL_PENETRATE_MAGIC(0.24)	LSTICK_POWERUP_04			0	
15020	999	0		0.0				MUL_DAMMIMAGIC(0.32)\nMUL_DAMPLUS_MAGIC(0.3)\nMUL_PENETRATE_MAGIC(0.5)	LSTICK_POWERUP_05			0	
15021	999	0		0.0				MUL_PENETRATE_PHYSICS(0.08)	FIREARM_POWERUP_01			0	
15022	999	0		0.0				MUL_DAMMIPHYSICS(0.04)\nMUL_DAMPLUS_PHYSICS(0.04)\nMUL_PENETRATE_PHYSICS(0.15)	FIREARM_POWERUP_02			0	
15023	999	0		0.0				MUL_DAMMIPHYSICS(0.08)\nMUL_DAMPLUS_PHYSICS(0.08)\nMUL_PENETRATE_PHYSICS(0.22)	FIREARM_POWERUP_03			0	
15024	999	0		0.0				MUL_DAMMIPHYSICS(0.12)\nMUL_DAMPLUS_PHYSICS(0.12)\nMUL_PENETRATE_PHYSICS(0.3)	FIREARM_POWERUP_04			0	
15025	999	0		0.0				MUL_DAMMIPHYSICS(0.25)\nMUL_DAMPLUS_PHYSICS(0.25)\nMUL_PENETRATE_PHYSICS(0.5)	FIREARM_POWERUP_05			0	
15026	999	0		0.0				ADD_DAMPLUS_PHYSICS(0.07)\nADD_DAMPLUS_MAGIC(0.15)				0	
15027	999	0		0.0				ADD_DAMPLUS_PHYSICS(0.15)\nADD_DAMPLUS_MAGIC(0.31)\nADD_PENETRATE_PHYSICS(0.29)\nADD_PENETRATE_MAGIC(0.46)				0	
15028	999	0		0.0				ADD_DAMPLUS_PHYSICS(0.22)\nADD_DAMPLUS_MAGIC(0.47)\nADD_PENETRATE_PHYSICS(0.43)\nADD_PENETRATE_MAGIC(0.69)\nADD_CURSE(0.03)				0	
15029	999	0		0.0				ADD_DAMPLUS_PHYSICS(0.3)\nADD_DAMPLUS_MAGIC(0.63)\nADD_PENETRATE_PHYSICS(0.58)\nADD_PENETRATE_MAGIC(0.92)\nADD_CURSE(0.04)\nADD_BYPASS(0.03)				0	
15030	999	0		0.0				ADD_DAMMIPHYSICS(0.53)_x000D_\nADD_DAMMIMAGIC(1.38)_x000D_\nADD_DAMPLUS_PHYSICS(0.38)_x000D_\nADD_DAMPLUS_MAGIC(0.79)_x000D_\nADD_PENETRATE_PHYSICS(0.73)_x000D_\nADD_PENETRATE_MAGIC(1.15)_x000D_\nADD_CURSE(0.05)_x000D_\nADD_BYPASS(0.04)				0	
15031	999	0		0.0				MUL_PENETRATE_MAGIC(0.08)	SKULL_POWERUP_01			0	
15032	999	0		0.0				MUL_DAMMIMAGIC(0.04)\nMUL_DAMPLUS_MAGIC(0.04)\nMUL_PENETRATE_MAGIC(0.15)	SKULL_POWERUP_02			0	
15033	999	0		0.0				MUL_DAMMIMAGIC(0.08)\nMUL_DAMPLUS_MAGIC(0.08)\nMUL_PENETRATE_MAGIC(0.22)	SKULL_POWERUP_03			0	
15034	999	0		0.0				MUL_DAMMIMAGIC(0.12)\nMUL_DAMPLUS_MAGIC(0.12)\nMUL_PENETRATE_MAGIC(0.3)	SKULL_POWERUP_04			0	
15035	999	0		0.0				MUL_DAMMIMAGIC(0.25)\nMUL_DAMPLUS_MAGIC(0.25)\nMUL_PENETRATE_MAGIC(0.5)	SKULL_POWERUP_05			0	
15036	999	0		0.0				ADD_HPMAX(0.1)				0	
15037	999	0		0.0				ADD_HPMAX(0.15)				0	
15038	999	0		0.0				ADD_HPMAX(0.2)				0	
15039	999	0		0.0				ADD_HPMAX(0.35)\nADD_PENETRATE_PHYSICS(0.3)\nADD_PENETRATE_MAGIC(0.3)				0	
15040	999	0		0.0				ADD_HPMAX(1)\nADD_PENETRATE_PHYSICS(0.6)\nADD_PENETRATE_MAGIC(0.6)				0	
15041	999	0		0.0				ADD_HPMAX(0.1)				0	
15042	999	0		0.0				ADD_HPMAX(0.15)				0	
15043	999	0		0.0				ADD_HPMAX(0.2)				0	
15044	999	0		0.0				ADD_HPMAX(0.35)\nADD_PENETRATE_PHYSICS(0.25)\nADD_PENETRATE_MAGIC(0.25)				0	
15045	999	0		0.0				ADD_HPMAX(1)\nADD_PENETRATE_PHYSICS(0.5)\nADD_PENETRATE_MAGIC(0.5)				0	
15046	999	0		0.0				ADD_HPMAX(0.1)				0	
15047	999	0		0.0				ADD_HPMAX(0.15)				0	
15048	999	0		0.0				ADD_HPMAX(0.2)				0	
15049	999	0		0.0				ADD_HPMAX(0.35)\nADD_PENETRATE_PHYSICS(0.25)\nADD_PENETRATE_MAGIC(0.25)				0	
15050	999	0		0.0				ADD_HPMAX(1)\nADD_PENETRATE_PHYSICS(0.5)\nADD_PENETRATE_MAGIC(0.5)				0	
15051	999	0		0.0				ADD_HPMAX(0.1)				0	
15052	999	0		0.0				ADD_HPMAX(0.15)				0	
15053	999	0		0.0				ADD_HPMAX(0.2)				0	
15054	999	0		0.0				ADD_HPMAX(0.35)\nADD_PENETRATE_PHYSICS(0.27)\nADD_PENETRATE_MAGIC(0.27)				0	
15055	999	0		0.0				ADD_HPMAX(1)\nADD_PENETRATE_PHYSICS(0.55)\nADD_PENETRATE_MAGIC(0.55)				0	
15056	999	0		0.0				ADD_HPMAX(0.1)				0	
15057	999	0		0.0				ADD_HPMAX(0.15)				0	
15058	999	0		0.0				ADD_HPMAX(0.2)				0	
15059	999	0		0.0				ADD_HPMAX(0.35)\nADD_PENETRATE_PHYSICS(0.3)\nADD_PENETRATE_MAGIC(0.3)				0	
15060	999	0		0.0				ADD_HPMAX(1)\nADD_PENETRATE_PHYSICS(0.6)\nADD_PENETRATE_MAGIC(0.6)				0	
15061	999	0		0.0				MUL_HPMAX(0.04)				0	
15062	999	0		0.0				MUL_HPMAX(0.08)				0	
15063	999	0		0.0				MUL_HPMAX(0.12)				0	
15064	999	0		0.0				MUL_HPMAX(0.16)\nADD_DAMPLUS_PHYSICS(0.25)\nADD_DAMPLUS_MAGIC(0.25)				0	
15065	999	0		0.0				MUL_HPMAX(0.25)\nADD_DAMPLUS_PHYSICS(0.5)\nADD_DAMPLUS_MAGIC(0.5)				0	
15066	999	0		0.0				MUL_HPMAX(0.04)				0	
15067	999	0		0.0				MUL_HPMAX(0.08)				0	
15068	999	0		0.0				MUL_HPMAX(0.12)				0	
15069	999	0		0.0				MUL_HPMAX(0.16)\nADD_DAMPLUS_PHYSICS(0.25)\nADD_DAMPLUS_MAGIC(0.25)				0	
15070	999	0		0.0				MUL_HPMAX(0.25)\nADD_DAMPLUS_PHYSICS(0.5)\nADD_DAMPLUS_MAGIC(0.5)				0	
15071	999	0		0.0				MUL_HPMAX(0.04)				0	
15072	999	0		0.0				MUL_HPMAX(0.08)				0	
15073	999	0		0.0				MUL_HPMAX(0.12)				0	
15074	999	0		0.0				MUL_HPMAX(0.16)\nADD_DAMMIPHYSICS(0.3)\nADD_DAMMIMAGIC(0.3)				0	
15075	999	0		0.0				MUL_HPMAX(0.25)\nADD_DAMMIPHYSICS(0.6)\nADD_DAMMIMAGIC(0.6)				0	
15076	999	0		0.0				MUL_HPMAX(0.04)				0	
15077	999	0		0.0				MUL_HPMAX(0.08)				0	
15078	999	0		0.0				MUL_HPMAX(0.12)				0	
15079	999	0		0.0				MUL_HPMAX(0.16)\nADD_DAMMIPHYSICS(0.3)\nADD_DAMMIMAGIC(0.3)				0	
15080	999	0		0.0				MUL_HPMAX(0.25)\nADD_DAMMIPHYSICS(0.6)\nADD_DAMMIMAGIC(0.6)				0	
15081	999	0		0.0								0	
15082	999	0		0.0								0	
15083	999	0		0.0								0	
15084	999	0		0.0								0	
15085	999	0		0.0								0	
15086	999	0		0.0				ADD_CONSITUTION(2)	VM_BK_010_000			0	
15087	999	0		0.0					VM_BK_015_000			0	
15088	999	0		0.0					VM_BK_015_001			0	
15089	999	0		0.0				ADD_STRENGH(0.4)\nADD_AGILITY(0.4)\nADD_CONSITUTION(0.4)\nADD_INTELLECT(0.4)\nADD_PERCEPTION(0.4)\nADD_STAMINAMAX(0.05)				0	
15090	999	0		0.0					VM_BK_015_002			0	
15201	999	0		0.0				ADD_DAMPLUS_PHYSICS(0.7)\nADD_PENETRATE_PHYSICS(0.7)	GUARD_04_1			0	
15202	999	0		0.0				ADD_AC_PHYSICS(0.7)\nADD_AC_MAGIC(0.7)\nADD_ABSORB_PHYSICS(0.7)\nADD_ABSORB_MAGIC(0.7)	GUARD_03_1			0	
15203	999	0		0.0				ADD_HPMAX(0.7)\nADD_DAMMIPHYSICS(0.7)	GUARD_05_1			0	
15204	999	0		0.0				ADD_DAMPLUS_MAGIC(0.7)\nADD_PENETRATE_MAGIC(0.7)	GUARD_01_1			0	
15205	999	0		0.0				ADD_HPMAX(0.7)\nADD_DAMMIMAGIC(0.7)	GUARD_06_1			0	
15206	999	0		0.0				ADD_DAMPLUS_PHYSICS(1.4)\nADD_PENETRATE_PHYSICS(1.4)	GUARD_04_2			0	
15207	999	0		0.0				ADD_AC_PHYSICS(1.4)\nADD_AC_MAGIC(1.4)\nADD_ABSORB_PHYSICS(1.4)\nADD_ABSORB_MAGIC(1.4)	GUARD_03_2			0	
15208	999	0		0.0				ADD_HPMAX(1.4)\nADD_DAMMIPHYSICS(1.4)	GUARD_05_2			0	
15209	999	0		0.0				ADD_DAMPLUS_MAGIC(1.4)\nADD_PENETRATE_MAGIC(1.4)	GUARD_01_2			0	
15210	999	0		0.0				ADD_HPMAX(1.4)\nADD_DAMMIMAGIC(1.4)	GUARD_06_2			0	
15211	999	0		0.0				ADD_HITRATE(0.025)				0	
15212	999	0		0.0				ADD_HITRATE(0.025)\nADD_POWERHIT(0.025)				0	
15213	999	0		0.0				ADD_HITRATE(0.025)\nADD_POWERHIT(0.025)\nADD_OVERHIT(0.025)				0	
15214	999	0		0.0				ADD_DODGE(0.025)				0	
15215	999	0		0.0				ADD_DODGE(0.025)\nADD_ANTI_POWERHIT(0.025)				0	
15216	999	0		0.0				ADD_DODGE(0.025)\nADD_ANTI_POWERHIT(0.025)\nADD_BYPASS(0.025)				0	
15217	999	0		0.0				ADD_CONSITUTION(0.05)\nADD_STRENGH(0.05)				0	
15218	999	0		0.0				ADD_CONSITUTION(0.05)\nADD_INTELLECT(0.05)				0	
15219	999	0		0.0				ADD_CONSITUTION(0.05)\nADD_STRENGH(0.05)\nADD_AGILITY(0.05)				0	
15220	999	0		0.0				ADD_CONSITUTION(0.05)\nADD_INTELLECT(0.05)\nADD_PERCEPTION(0.05)				0	
15221	999	0		0.0				ADD_CONSITUTION(0.05)\nADD_ABSORB_SHIELD(0.05)				0	
15222	999	0		0.0				ADD_CONSITUTION(0.05)\nADD_ABSORB_SHIELD(0.05)\nADD_BLOCKRATE(0.025)				0	
15223	999	0		0.0				ADD_HITRATE(0.03)				0	
15224	999	0		0.0				ADD_AC_PHYSICS(0.05)				0	
15225	999	0		0.0				ADD_STAMINAMAX(0.03)				0	
15226	999	0		0.0				ADD_HITRATE(0.04)				0	
15227	999	0		0.0				ADD_AC_PHYSICS(0.05)				0	
15228	999	0		0.0				ADD_STAMINAMAX(0.06)				0	
15229	999	0		0.0				ADD_HITRATE(0.05)				0	
15230	999	0		0.0				ADD_AC_PHYSICS(0.05)				0	
15231	999	0		0.0				ADD_STAMINAMAX(0.09)				0	
15232	999	0		0.0				ADD_DODGE(0.03)				0	
15233	999	0		0.0				ADD_AC_MAGIC(0.05)				0	
15234	999	0		0.0		ISSEA(1)	ADD_SPEED_RUN(-0.03)	ADD_SPEED_RUN(0.03)				0	
15235	999	0		0.0				ADD_DODGE(0.04)				0	
15236	999	0		0.0				ADD_AC_MAGIC(0.05)				0	
15237	999	0		0.0		ISSEA(1)	ADD_SPEED_RUN(-0.06)	ADD_SPEED_RUN(0.06)				0	
15238	999	0		0.0				ADD_DODGE(0.05)				0	
15239	999	0		0.0				ADD_AC_MAGIC(0.05)				0	
15240	999	0		0.0		ISSEA(1)	ADD_SPEED_RUN(-0.09)	ADD_SPEED_RUN(0.09)				0	
15241	999	0		0.0				ADD_AGILITY(0.1)				0	
15242	999	0		0.0				ADD_PERCEPTION(0.1)				0	
15243	999	0		0.0				ADD_HPMAX(0.15)				0	
15244	999	0		0.0				ADD_POWERHIT(0.03)				0	
15245	999	0		0.0				ADD_MULTIPLY_POWERDAM(0.3)				0	
15246	999	0		0.0				ADD_HPMAX(0.15)				0	
15247	999	0		0.0				ADD_AC_PHYSICS(0.2)				0	
15248	999	0		0.0				ADD_AC_MAGIC(0.2)				0	
15249	999	0		0.0				ADD_DAMMIPHYSICS(0.2)				0	
15250	999	0		0.0				ADD_DAMMIMAGIC(0.2)				0	
15251	999	0		0.0				ADD_STRENGH(0.15)				0	
15252	999	0		0.0				ADD_INTELLECT(0.15)				0	
15253	999	0		0.0				ADD_CONSITUTION(0.15)				0	
15254	999	0		0.0				ADD_HPMAX(0.06)				0	
15255	999	0		0.0				ADD_HPMAX(0.06)				0	
15256	999	0		0.0				ADD_ABSORB_PHYSICS(0.1)				0	
15257	999	0		0.0				ADD_DAMPLUS_MAGIC(0.1)				0	
15258	999	0		0.0				ADD_DAMPLUS_PHYSICS(0.1)				0	
15259	999	0		0.0				ADD_HPMAX(0.2)				0	
15260	999	0		0.0				ADD_AC_PHYSICS(0.15)				0	
15261	999	0		0.0				ADD_AC_MAGIC(0.15)				0	
15262	999	0		0.0				ADD_DAMMIPHYSICS(0.2)				0	
15263	999	0		0.0				ADD_DAMMIMAGIC(0.2)				0	
15264	999	0		0.0				ADD_DAMPLUS_PHYSICS(0.7)\nADD_PENETRATE_PHYSICS(0.7)	GUARD_04			0	
15265	999	0		0.0				ADD_AC_PHYSICS(0.7)\nADD_AC_MAGIC(0.7)\nADD_ABSORB_PHYSICS(0.7)\nADD_ABSORB_MAGIC(0.7)	GUARD_03			0	
15266	999	0		0.0				ADD_HPMAX(0.7)\nADD_DAMMIPHYSICS(0.7)	GUARD_05			0	
15267	999	0		0.0				ADD_DAMPLUS_MAGIC(0.7)\nADD_PENETRATE_MAGIC(0.7)	GUARD_01			0	
15268	999	0		0.0				ADD_HPMAX(0.7)\nADD_DAMMIMAGIC(0.7)	GUARD_06			0	
15269	999	0		0.0				ADD_PENETRATE_PHYSICS(0.5)				0	
15270	999	0		0.0				ADD_PENETRATE_MAGIC(0.5)				0	
15271	999	0		0.0				ADD_ABSORB_PHYSICS(0.5)				0	
15272	999	0		0.0				ADD_ABSORB_MAGIC(0.5)				0	
15273	999	0		0.0				ADD_HITRATE(0.03)				0	
15274	999	0		0.0				ADD_DODGE(0.03)				0	
15275	999	0		0.0				ADD_ANTI_POWERHIT(0.025)				0	
15276	999	0		0.0				ADD_ANTI_CURSE(0.025)				0	
15501	999	0		0.0				ADD_ANTI_STUN(0.004)				0	
15502	999	0		0.0				ADD_STUN(0.004)				0	
15503	999	0		0.0				ADD_HITRATE(0.004)				0	
15504	999	0		0.0				ADD_DODGE(0.004)				0	
15505	999	0		0.0				ADD_POWERHIT(0.003)				0	
15506	999	0		0.0				ADD_ANTI_POWERHIT(0.003)				0	
15507	999	0		0.0				ADD_BYPASS(0.003)				0	
15508	999	0		0.0				ADD_OVERHIT(0.003)				0	
15509	999	0		0.0				ADD_HITRATE(0.003)				0	
15510	999	0		0.0				ADD_DODGE(0.003)				0	
15511	999	0		0.0				ADD_ANTI_STUN(0.004)\nADD_STUN(0.004)				0	
15512	999	0		0.0				ADD_STUN(0.004)\nADD_HITRATE(0.004)				0	
15513	999	0		0.0				ADD_HITRATE(0.004)\nADD_DODGE(0.004)				0	
15514	999	0		0.0				ADD_DODGE(0.004)\nADD_POWERHIT(0.003)				0	
15515	999	0		0.0				ADD_POWERHIT(0.003)\nADD_ANTI_POWERHIT(0.003)				0	
15516	999	0		0.0				ADD_ANTI_POWERHIT(0.003)\nADD_BYPASS(0.003)				0	
15517	999	0		0.0				ADD_BYPASS(0.003)\nADD_OVERHIT(0.003)\nADD_HITRATE(0.004)				0	
15518	999	0		0.0				ADD_OVERHIT(0.003)\nADD_ANTI_STUN(0.004)\nADD_DODGE(0.004)				0	
15519	999	0		0.0				ADD_ANTI_STUN(0.008)				0	
15520	999	0		0.0				ADD_STUN(0.008)				0	
15521	999	0		0.0				ADD_HITRATE(0.008)				0	
15522	999	0		0.0				ADD_DODGE(0.008)				0	
15523	999	0		0.0				ADD_POWERHIT(0.006)				0	
15524	999	0		0.0				ADD_ANTI_POWERHIT(0.006)				0	
15525	999	0		0.0				ADD_BYPASS(0.006)				0	
15526	999	0		0.0				ADD_OVERHIT(0.006)				0	
15527	999	0		0.0				ADD_HITRATE(0.006)				0	
15528	999	0		0.0				ADD_DODGE(0.006)				0	
15529	999	0		0.0				ADD_ANTI_STUN(0.008)\nADD_STUN(0.008)				0	
15530	999	0		0.0				ADD_STUN(0.008)\nADD_HITRATE(0.008)				0	
15531	999	0		0.0				ADD_HITRATE(0.008)\nADD_DODGE(0.008)				0	
15532	999	0		0.0				ADD_DODGE(0.008)\nADD_POWERHIT(0.006)				0	
15533	999	0		0.0				ADD_POWERHIT(0.006)\nADD_ANTI_POWERHIT(0.006)				0	
15534	999	0		0.0				ADD_ANTI_POWERHIT(0.006)\nADD_BYPASS(0.006)				0	
15535	999	0		0.0				ADD_BYPASS(0.006)\nADD_OVERHIT(0.006)\nADD_HITRATE(0.008)				0	
15536	999	0		0.0				ADD_OVERHIT(0.006)\nADD_ANTI_STUN(0.008)\nADD_DODGE(0.008)				0	
15537	999	0		0.0				ADD_ANTI_STUN(0.012)				0	
15538	999	0		0.0				ADD_STUN(0.012)				0	
15539	999	0		0.0				ADD_HITRATE(0.012)				0	
15540	999	0		0.0				ADD_DODGE(0.012)				0	
15541	999	0		0.0				ADD_POWERHIT(0.009)				0	
15542	999	0		0.0				ADD_ANTI_POWERHIT(0.009)				0	
15543	999	0		0.0				ADD_BYPASS(0.009)				0	
15544	999	0		0.0				ADD_OVERHIT(0.009)				0	
15545	999	0		0.0				ADD_HITRATE(0.010)				0	
15546	999	0		0.0				ADD_DODGE(0.010)				0	
15547	999	0		0.0				ADD_ANTI_STUN(0.012)\nADD_STUN(0.012)				0	
15548	999	0		0.0				ADD_STUN(0.012)\nADD_HITRATE(0.012)				0	
15549	999	0		0.0				ADD_HITRATE(0.012)\nADD_DODGE(0.012)				0	
15550	999	0		0.0				ADD_DODGE(0.012)\nADD_POWERHIT(0.009)				0	
15551	999	0		0.0				ADD_POWERHIT(0.009)\nADD_ANTI_POWERHIT(0.009)				0	
15552	999	0		0.0				ADD_ANTI_POWERHIT(0.009)\nADD_BYPASS(0.009)				0	
15553	999	0		0.0				ADD_BYPASS(0.009)\nADD_OVERHIT(0.009)\nADD_HITRATE(0.012)				0	
15554	999	0		0.0				ADD_OVERHIT(0.009)\nADD_ANTI_STUN(0.012)\nADD_DODGE(0.012)				0	
15555	999	0		0.0				ADD_BYPASS(0.009)\nADD_OVERHIT(0.009)\nADD_HITRATE(0.012)\nADD_STUN(0.012)				0	
15556	999	0		0.0				ADD_OVERHIT(0.009)\nADD_ANTI_STUN(0.012)\nADD_DODGE(0.012)\nADD_POWERHIT(0.009)				0	
15557	999	0		0.0				ADD_ANTI_STUN(0.016)				0	
15558	999	0		0.0				ADD_STUN(0.016)				0	
15559	999	0		0.0				ADD_HITRATE(0.016)				0	
15560	999	0		0.0				ADD_DODGE(0.016)				0	
15561	999	0		0.0				ADD_POWERHIT(0.012)				0	
15562	999	0		0.0				ADD_ANTI_POWERHIT(0.012)				0	
15563	999	0		0.0				ADD_BYPASS(0.012)				0	
15564	999	0		0.0				ADD_OVERHIT(0.012)				0	
15565	999	0		0.0				ADD_HITRATE(0.014)				0	
15566	999	0		0.0				ADD_DODGE(0.014)				0	
15567	999	0		0.0				ADD_ANTI_STUN(0.016)\nADD_STUN(0.016)				0	
15568	999	0		0.0				ADD_STUN(0.016)\nADD_HITRATE(0.016)				0	
15569	999	0		0.0				ADD_HITRATE(0.016)\nADD_DODGE(0.016)				0	
15570	999	0		0.0				ADD_DODGE(0.016)\nADD_POWERHIT(0.012)				0	
15571	999	0		0.0				ADD_POWERHIT(0.012)\nADD_ANTI_POWERHIT(0.012)				0	
15572	999	0		0.0				ADD_ANTI_POWERHIT(0.012)\nADD_BYPASS(0.012)				0	
15573	999	0		0.0				ADD_BYPASS(0.012)\nADD_OVERHIT(0.012)\nADD_HITRATE(0.016)				0	
15574	999	0		0.0				ADD_OVERHIT(0.012)\nADD_ANTI_STUN(0.016)\nADD_DODGE(0.016)				0	
15575	999	0		0.0				ADD_BYPASS(0.012)\nADD_OVERHIT(0.012)\nADD_HITRATE(0.016)\nADD_STUN(0.016)				0	
15576	999	0		0.0				ADD_OVERHIT(0.012)\nADD_ANTI_STUN(0.016)\nADD_DODGE(0.016)\nADD_POWERHIT(0.012)				0	
15577	999	0		0.0				ADD_ANTI_STUN(0.020)				0	
15578	999	0		0.0				ADD_STUN(0.020)				0	
15579	999	0		0.0				ADD_HITRATE(0.020)				0	
15580	999	0		0.0				ADD_DODGE(0.020)				0	
15581	999	0		0.0				ADD_POWERHIT(0.015)				0	
15582	999	0		0.0				ADD_ANTI_POWERHIT(0.015)				0	
15583	999	0		0.0				ADD_BYPASS(0.015)				0	
15584	999	0		0.0				ADD_OVERHIT(0.015)				0	
15585	999	0		0.0				ADD_HITRATE(0.018)				0	
15586	999	0		0.0				ADD_DODGE(0.018)				0	
15587	999	0		0.0				ADD_ANTI_STUN(0.020)\nADD_STUN(0.020)				0	
15588	999	0		0.0				ADD_STUN(0.020)\nADD_HITRATE(0.020)				0	
15589	999	0		0.0				ADD_HITRATE(0.020)\nADD_DODGE(0.020)				0	
15590	999	0		0.0				ADD_DODGE(0.020)\nADD_POWERHIT(0.015)				0	
15591	999	0		0.0				ADD_POWERHIT(0.015)\nADD_ANTI_POWERHIT(0.015)				0	
15592	999	0		0.0				ADD_ANTI_POWERHIT(0.015)\nADD_BYPASS(0.015)				0	
15593	999	0		0.0				ADD_BYPASS(0.015)\nADD_OVERHIT(0.015)\nADD_HITRATE(0.020)				0	
15594	999	0		0.0				ADD_OVERHIT(0.015)\nADD_ANTI_STUN(0.020)\nADD_DODGE(0.020)				0	
15595	999	0		0.0				ADD_BYPASS(0.015)\nADD_OVERHIT(0.015)\nADD_HITRATE(0.020)\nADD_STUN(0.020)				0	
15596	999	0		0.0				ADD_OVERHIT(0.015)\nADD_ANTI_STUN(0.020)\nADD_DODGE(0.020)\nADD_POWERHIT(0.015)				0	
15597	999	0		0.0				ADD_ANTI_STUN(0.024)				0	
15598	999	0		0.0				ADD_STUN(0.024)				0	
15599	999	0		0.0				ADD_HITRATE(0.024)				0	
15600	999	0		0.0				ADD_DODGE(0.024)				0	
15601	999	0		0.0				ADD_POWERHIT(0.018)				0	
15602	999	0		0.0				ADD_ANTI_POWERHIT(0.018)				0	
15603	999	0		0.0				ADD_BYPASS(0.018)				0	
15604	999	0		0.0				ADD_OVERHIT(0.018)				0	
15605	999	0		0.0				ADD_HITRATE(0.022)				0	
15606	999	0		0.0				ADD_DODGE(0.022)				0	
15607	999	0		0.0				ADD_ANTI_STUN(0.024)\nADD_STUN(0.024)				0	
15608	999	0		0.0				ADD_STUN(0.024)\nADD_HITRATE(0.024)				0	
15609	999	0		0.0				ADD_HITRATE(0.024)\nADD_DODGE(0.024)				0	
15610	999	0		0.0				ADD_DODGE(0.024)\nADD_POWERHIT(0.018)				0	
15611	999	0		0.0				ADD_POWERHIT(0.018)\nADD_ANTI_POWERHIT(0.018)				0	
15612	999	0		0.0				ADD_ANTI_POWERHIT(0.018)\nADD_BYPASS(0.018)				0	
15613	999	0		0.0				ADD_BYPASS(0.018)\nADD_OVERHIT(0.018)\nADD_HITRATE(0.024)				0	
15614	999	0		0.0				ADD_OVERHIT(0.018)\nADD_ANTI_STUN(0.024)\nADD_DODGE(0.024)				0	
15615	999	0		0.0				ADD_BYPASS(0.018)\nADD_OVERHIT(0.018)\nADD_HITRATE(0.024)\nADD_STUN(0.024)				0	
15616	999	0		0.0				ADD_OVERHIT(0.018)\nADD_ANTI_STUN(0.024)\nADD_DODGE(0.024)\nADD_POWERHIT(0.018)				0	
15617	999	0		0.0				ADD_ANTI_STUN(0.028)				0	
15618	999	0		0.0				ADD_STUN(0.028)				0	
15619	999	0		0.0				ADD_HITRATE(0.028)				0	
15620	999	0		0.0				ADD_DODGE(0.028)				0	
15621	999	0		0.0				ADD_POWERHIT(0.021)				0	
15622	999	0		0.0				ADD_ANTI_POWERHIT(0.021)				0	
15623	999	0		0.0				ADD_BYPASS(0.021)				0	
15624	999	0		0.0				ADD_OVERHIT(0.021)				0	
15625	999	0		0.0				ADD_HITRATE(0.026)				0	
15626	999	0		0.0				ADD_DODGE(0.026)				0	
15627	999	0		0.0				ADD_ANTI_STUN(0.028)\nADD_STUN(0.028)				0	
15628	999	0		0.0				ADD_STUN(0.028)\nADD_HITRATE(0.028)				0	
15629	999	0		0.0				ADD_HITRATE(0.028)\nADD_DODGE(0.028)				0	
15630	999	0		0.0				ADD_DODGE(0.028)\nADD_POWERHIT(0.021)				0	
15631	999	0		0.0				ADD_POWERHIT(0.021)\nADD_ANTI_POWERHIT(0.021)				0	
15632	999	0		0.0				ADD_ANTI_POWERHIT(0.021)\nADD_BYPASS(0.021)				0	
15633	999	0		0.0				ADD_BYPASS(0.021)\nADD_OVERHIT(0.021)\nADD_HITRATE(0.028)				0	
15634	999	0		0.0				ADD_OVERHIT(0.021)\nADD_ANTI_STUN(0.028)\nADD_DODGE(0.028)				0	
15635	999	0		0.0				ADD_BYPASS(0.021)\nADD_OVERHIT(0.021)\nADD_HITRATE(0.028)\nADD_STUN(0.028)				0	
15636	999	0		0.0				ADD_OVERHIT(0.021)\nADD_ANTI_STUN(0.028)\nADD_DODGE(0.028)\nADD_POWERHIT(0.021)				0	
15637	999	0		0.0				ADD_ANTI_STUN(0.032)				0	
15638	999	0		0.0				ADD_STUN(0.032)				0	
15639	999	0		0.0				ADD_HITRATE(0.032)				0	
15640	999	0		0.0				ADD_DODGE(0.032)				0	
15641	999	0		0.0				ADD_POWERHIT(0.024)				0	
15642	999	0		0.0				ADD_ANTI_POWERHIT(0.024)				0	
15643	999	0		0.0				ADD_BYPASS(0.024)				0	
15644	999	0		0.0				ADD_OVERHIT(0.024)				0	
15645	999	0		0.0				ADD_HITRATE(0.030)				0	
15646	999	0		0.0				ADD_DODGE(0.030)				0	
15647	999	0		0.0				ADD_ANTI_STUN(0.032)\nADD_STUN(0.032)				0	
15648	999	0		0.0				ADD_STUN(0.032)\nADD_HITRATE(0.032)				0	
15649	999	0		0.0				ADD_HITRATE(0.032)\nADD_DODGE(0.032)				0	
15650	999	0		0.0				ADD_DODGE(0.032)\nADD_POWERHIT(0.024)				0	
15651	999	0		0.0				ADD_POWERHIT(0.024)\nADD_ANTI_POWERHIT(0.024)				0	
15652	999	0		0.0				ADD_ANTI_POWERHIT(0.024)\nADD_BYPASS(0.024)				0	
15653	999	0		0.0				ADD_BYPASS(0.024)\nADD_OVERHIT(0.024)\nADD_HITRATE(0.032)				0	
15654	999	0		0.0				ADD_OVERHIT(0.024)\nADD_ANTI_STUN(0.032)\nADD_DODGE(0.032)				0	
15655	999	0		0.0				ADD_BYPASS(0.024)\nADD_OVERHIT(0.024)\nADD_HITRATE(0.032)\nADD_STUN(0.032)				0	
15656	999	0		0.0				ADD_OVERHIT(0.024)\nADD_ANTI_STUN(0.032)\nADD_DODGE(0.032)\nADD_POWERHIT(0.024)				0	
15657	999	0		0.0				ADD_ANTI_STUN(0.036)				0	
15658	999	0		0.0				ADD_STUN(0.036)				0	
15659	999	0		0.0				ADD_HITRATE(0.036)				0	
15660	999	0		0.0				ADD_DODGE(0.036)				0	
15661	999	0		0.0				ADD_POWERHIT(0.027)				0	
15662	999	0		0.0				ADD_ANTI_POWERHIT(0.027)				0	
15663	999	0		0.0				ADD_BYPASS(0.027)				0	
15664	999	0		0.0				ADD_OVERHIT(0.027)				0	
15665	999	0		0.0				ADD_HITRATE(0.034)				0	
15666	999	0		0.0				ADD_DODGE(0.034)				0	
15667	999	0		0.0				ADD_ANTI_STUN(0.036)\nADD_STUN(0.036)				0	
15668	999	0		0.0				ADD_STUN(0.036)\nADD_HITRATE(0.036)				0	
15669	999	0		0.0				ADD_HITRATE(0.036)\nADD_DODGE(0.036)				0	
15670	999	0		0.0				ADD_DODGE(0.036)\nADD_POWERHIT(0.027)				0	
15671	999	0		0.0				ADD_POWERHIT(0.027)\nADD_ANTI_POWERHIT(0.027)				0	
15672	999	0		0.0				ADD_ANTI_POWERHIT(0.027)\nADD_BYPASS(0.027)				0	
15673	999	0		0.0				ADD_BYPASS(0.027)\nADD_OVERHIT(0.027)\nADD_HITRATE(0.036)				0	
15674	999	0		0.0				ADD_OVERHIT(0.027)\nADD_ANTI_STUN(0.036)\nADD_DODGE(0.036)				0	
15675	999	0		0.0				ADD_BYPASS(0.027)\nADD_OVERHIT(0.027)\nADD_HITRATE(0.036)\nADD_STUN(0.036)				0	
15676	999	0		0.0				ADD_OVERHIT(0.027)\nADD_ANTI_STUN(0.036)\nADD_DODGE(0.036)\nADD_POWERHIT(0.027)				0	
15677	999	0		0.0				ADD_DAMMIPHYSICS(0.15)				0	
15678	999	0		0.0				ADD_DAMMIMAGIC(0.15)				0	
15679	999	0		0.0				ADD_DAMPLUS_PHYSICS(0.15)				0	
15680	999	0		0.0				ADD_DAMPLUS_MAGIC(0.15)				0	
15681	999	0		0.0				ADD_ABSORB_PHYSICS(0.11)				0	
15682	999	0		0.0				ADD_ABSORB_MAGIC(0.11)				0	
15683	999	0		0.0				ADD_DAMPLUS_PHYSICS(0.13)				0	
15684	999	0		0.0				ADD_DAMPLUS_MAGIC(0.13)				0	
15685	999	0		0.0				ADD_ABSORB_PHYSICS(0.09)				0	
15686	999	0		0.0				ADD_ABSORB_MAGIC(0.09)				0	
15687	999	0		0.0				ADD_DAMMIPHYSICS(0.15)\nADD_DAMMIMAGIC(0.15)				0	
15688	999	0		0.0				ADD_DAMMIMAGIC(0.15)\nADD_DAMPLUS_PHYSICS(0.15)				0	
15689	999	0		0.0				ADD_DAMPLUS_PHYSICS(0.15)\nADD_DAMPLUS_MAGIC(0.15)				0	
15690	999	0		0.0				ADD_DAMPLUS_MAGIC(0.13)\nADD_ABSORB_PHYSICS(0.11)				0	
15691	999	0		0.0				ADD_ABSORB_PHYSICS(0.11)\nADD_ABSORB_MAGIC(0.11)				0	
15692	999	0		0.0				ADD_ABSORB_MAGIC(0.11)\nADD_DAMPLUS_PHYSICS(0.13)				0	
15693	999	0		0.0				ADD_DAMPLUS_PHYSICS(0.13)\nADD_DAMPLUS_MAGIC(0.13)\nADD_ABSORB_PHYSICS(0.11)\nADD_ABSORB_MAGIC(0.11)				0	
15694	999	0		0.0				ADD_DAMPLUS_PHYSICS(0.13)\nADD_DAMPLUS_MAGIC(0.13)\nADD_DAMMIPHYSICS(0.15)\nADD_DAMMIMAGIC(0.15)				0	
15695	999	0		0.0				ADD_DAMMIPHYSICS(0.15)\nADD_DAMPLUS_PHYSICS(0.15)\nADD_ABSORB_PHYSICS(0.11)\nADD_ABSORB_SHIELD(0.12)\nADD_MULTIPLY_POWERDAM(0.015)				0	
15696	999	0		0.0				ADD_DAMMIMAGIC(0.15)\nADD_DAMPLUS_MAGIC(0.15)\nADD_ABSORB_MAGIC(0.11)\nADD_ABSORB_SHIELD(0.12)\nADD_MULTIPLY_POWERDAM(0.015)				0	
15697	999	0		0.0				ADD_DAMMIPHYSICS(0.15)\nADD_DAMPLUS_PHYSICS(0.15)\nADD_ABSORB_PHYSICS(0.11)\nADD_ABSORB_SHIELD(0.12)\nADD_MULTIPLY_POWERDAM(0.030)				0	
15698	999	0		0.0				ADD_DAMMIMAGIC(0.15)\nADD_DAMPLUS_MAGIC(0.15)\nADD_ABSORB_MAGIC(0.11)\nADD_ABSORB_SHIELD(0.12)\nADD_MULTIPLY_POWERDAM(0.030)				0	
15699	999	0		0.0				ADD_DAMMIPHYSICS(0.15)\nADD_DAMPLUS_PHYSICS(0.15)\nADD_ABSORB_PHYSICS(0.11)\nADD_ABSORB_SHIELD(0.12)\nADD_MULTIPLY_POWERDAM(0.045)				0	
15700	999	0		0.0				ADD_DAMMIMAGIC(0.15)\nADD_DAMPLUS_MAGIC(0.15)\nADD_ABSORB_MAGIC(0.11)\nADD_ABSORB_SHIELD(0.12)\nADD_MULTIPLY_POWERDAM(0.045)				0	
15701	999	0		0.0				ADD_DAMMIPHYSICS(0.15)\nADD_DAMPLUS_PHYSICS(0.15)\nADD_ABSORB_PHYSICS(0.11)\nADD_ABSORB_SHIELD(0.12)\nADD_MULTIPLY_POWERDAM(0.060)				0	
15702	999	0		0.0				ADD_DAMMIMAGIC(0.15)\nADD_DAMPLUS_MAGIC(0.15)\nADD_ABSORB_MAGIC(0.11)\nADD_ABSORB_SHIELD(0.12)\nADD_MULTIPLY_POWERDAM(0.060)				0	
15703	999	0		0.0				ADD_HPMAX(0.24)				0	
15704	999	0		0.0				ADD_AC_PHYSICS(0.45)				0	
15705	999	0		0.0				ADD_AC_MAGIC(0.45)				0	
15706	999	0		0.0				ADD_PENETRATE_PHYSICS(0.40)				0	
15707	999	0		0.0				ADD_PENETRATE_MAGIC(0.40)				0	
15708	999	0		0.0				ADD_HPMAX(0.20)				0	
15709	999	0		0.0				ADD_AC_PHYSICS(0.40)				0	
15710	999	0		0.0				ADD_AC_MAGIC(0.40)				0	
15711	999	0		0.0				ADD_PENETRATE_PHYSICS(0.35)				0	
15712	999	0		0.0				ADD_PENETRATE_MAGIC(0.35)				0	
15713	999	0		0.0				ADD_HPMAX(0.24)\nADD_AC_PHYSICS(0.40)				0	
15714	999	0		0.0				ADD_HPMAX(0.24)\nADD_AC_MAGIC(0.40)				0	
15715	999	0		0.0				ADD_HPMAX(0.24)\nADD_PENETRATE_PHYSICS(0.35)				0	
15716	999	0		0.0				ADD_HPMAX(0.24)\nADD_PENETRATE_MAGIC(0.35)				0	
15717	999	0		0.0				ADD_AC_MAGIC(0.40)\nADD_PENETRATE_MAGIC(0.40)\nADD_HPMAX(0.20)				0	
15718	999	0		0.0				ADD_AC_PHYSICS(0.40)\nADD_PENETRATE_PHYSICS(0.40)\nADD_HPMAX(0.20)				0	
15719	999	0		0.0				ADD_AC_PHYSICS(0.45)\nADD_AC_MAGIC(0.45)\nADD_HPMAX(0.24)\nADD_ABSORB_POWERDAM(0.01)				0	
15720	999	0		0.0				ADD_PENETRATE_PHYSICS(0.40)\nADD_PENETRATE_MAGIC(0.40)\nADD_HPMAX(0.24)\nADD_ABSORB_POWERDAM(0.01)				0	
15721	999	0		0.0				ADD_AC_PHYSICS(0.45)\nADD_AC_MAGIC(0.45)\nADD_HPMAX(0.24)\nADD_ABSORB_POWERDAM(0.03)				0	
15722	999	0		0.0				ADD_PENETRATE_PHYSICS(0.40)\nADD_PENETRATE_MAGIC(0.40)\nADD_HPMAX(0.24)\nADD_ABSORB_POWERDAM(0.03)				0	
15723	999	0		0.0				ADD_AC_PHYSICS(0.45)\nADD_AC_MAGIC(0.45)\nADD_HPMAX(0.24)\nADD_ABSORB_POWERDAM(0.03)\nADD_CURSE(0.004)				0	
15724	999	0		0.0				ADD_PENETRATE_PHYSICS(0.40)\nADD_PENETRATE_MAGIC(0.40)\nADD_HPMAX(0.24)\nADD_ABSORB_POWERDAM(0.03)\nADD_ANTI_CURSE(0.004)				0	
15725	999	0		0.0				ADD_AC_PHYSICS(0.45)\nADD_AC_MAGIC(0.45)\nADD_HPMAX(0.24)\nADD_ABSORB_POWERDAM(0.05)				0	
15726	999	0		0.0				ADD_PENETRATE_PHYSICS(0.40)\nADD_PENETRATE_MAGIC(0.40)\nADD_HPMAX(0.24)\nADD_ABSORB_POWERDAM(0.05)				0	
15727	999	0		0.0				ADD_AC_PHYSICS(0.45)\nADD_AC_MAGIC(0.45)\nADD_HPMAX(0.24)\nADD_ABSORB_POWERDAM(0.05)\nADD_CURSE(0.008)				0	
15728	999	0		0.0				ADD_PENETRATE_PHYSICS(0.40)\nADD_PENETRATE_MAGIC(0.40)\nADD_HPMAX(0.24)\nADD_ABSORB_POWERDAM(0.05)\nADD_ANTI_CURSE(0.008)				0	
15729	999	0		0.0				ADD_AC_PHYSICS(0.45)\nADD_AC_MAGIC(0.45)\nADD_HPMAX(0.24)\nADD_ABSORB_POWERDAM(0.07)				0	
15730	999	0		0.0				ADD_PENETRATE_PHYSICS(0.40)\nADD_PENETRATE_MAGIC(0.40)\nADD_HPMAX(0.24)\nADD_ABSORB_POWERDAM(0.07)				0	
15731	999	0		0.0				ADD_AC_PHYSICS(0.45)\nADD_AC_MAGIC(0.45)\nADD_HPMAX(0.24)\nADD_ABSORB_POWERDAM(0.07)\nADD_CURSE(0.012)				0	
15732	999	0		0.0				ADD_PENETRATE_PHYSICS(0.40)\nADD_PENETRATE_MAGIC(0.40)\nADD_HPMAX(0.24)\nADD_ABSORB_POWERDAM(0.07)\nADD_ANTI_CURSE(0.012)				0	
15733	999	0		0.0				ADD_AC_PHYSICS(0.45)\nADD_AC_MAGIC(0.45)\nADD_HPMAX(0.24)\nADD_ABSORB_POWERDAM(0.09)				0	
15734	999	0		0.0				ADD_PENETRATE_PHYSICS(0.40)\nADD_PENETRATE_MAGIC(0.40)\nADD_HPMAX(0.24)\nADD_ABSORB_POWERDAM(0.09)				0	
15735	999	0		0.0				ADD_AC_PHYSICS(0.45)\nADD_AC_MAGIC(0.45)\nADD_HPMAX(0.24)\nADD_ABSORB_POWERDAM(0.09)\nADD_CURSE(0.016)				0	
15736	999	0		0.0				ADD_PENETRATE_PHYSICS(0.40)\nADD_PENETRATE_MAGIC(0.40)\nADD_HPMAX(0.24)\nADD_ABSORB_POWERDAM(0.09)\nADD_ANTI_CURSE(0.016)				0	
17001	999	0		0.0				ADD_AC_PHYSICS(0.45)\nADD_AC_MAGIC(0.45)\nADD_HPMAX(0.24)\nADD_ABSORB_POWERDAM(0.07)\nMUL_STR(0.1)\nMUL_AGI(0.1)\nMUL_CON(0.1)\nMUL_INT(0.1)\nMUL_PER(0.1)				0	
17002	999	0		0.0				ADD_PENETRATE_PHYSICS(0.40)\nADD_PENETRATE_MAGIC(0.40)\nADD_HPMAX(0.24)\nADD_MULTIPLY_POWERDAM(0.05)\nMUL_STR(0.1)\nMUL_AGI(0.1)\nMUL_CON(0.1)\nMUL_INT(0.1)\nMUL_PER(0.1)				0	
17104	4	2		2.5				ADD_DODGE(3)				0	
17114	11	0	IS202	7.0				DISABLE(0)	SIREN_L_WATERCUBE			1	_F_SENTRY_000;_F_FALLING_000\n_F_READY_000;_F_FALLING_000\n_FORWARD_000;_F_FALLING_000\n_F_WALK_000;_F_FALLING_000
17120	1	1		0.0				KNOCKDOWN(7120)				0	
17501	999	0		0.0				ADD_STRENGH(0.4)\nADD_AGILITY(0.4)\nADD_CONSITUTION(0.4)\nADD_INTELLECT(0.4)\nADD_PERCEPTION(0.4)\nADD_STAMINAMAX(0.05)				0	
17502	999	0		0.0		BUFF_I(17501,0,2)\nRATE(5)	HITMISSILE(4067,10,10500)					0	
17503	999	0		0.0				ADD_STRENGH(0.4)\nADD_AGILITY(0.4)\nADD_CONSITUTION(0.4)\nADD_INTELLECT(0.4)\nADD_PERCEPTION(0.4)\nADD_STAMINAMAX(0.05)				0	
17504	999	0		0.0		BUFF_I(17503,0,3)\nRATE(5)	HITMISSILE(4067,10,10501)					0	
17505	999	0		0.0				ADD_STRENGH(0.4)\nADD_AGILITY(0.4)\nADD_CONSITUTION(0.4)\nADD_INTELLECT(0.4)\nADD_PERCEPTION(0.4)\nADD_STAMINAMAX(0.05)				0	
17506	999	0		0.0		BUFF_I(17505,0,3)\nHP_ENEMY>(0.9)	HITMISSILE(4067,10,10507)					0	
17507	999	0		0.0				ADD_STRENGH(0.4)\nADD_AGILITY(0.4)\nADD_CONSITUTION(0.4)\nADD_INTELLECT(0.4)\nADD_PERCEPTION(0.4)\nADD_STAMINAMAX(0.05)				0	
17508	999	0		0.0		BUFF_I(17507,0,3)\nRATE(5)	HITMISSILE(4067,10,10509)					0	
17509	900	8	ICON_CT_016_000_M	3.0				DISABLE(0)	S_H_FLAME_CHAIN			0	
17510	901	16	ICON_CT_019_000_M	5.0				ADD_MUL_DAMAGE(0.5)	S_L_BUBBLE			0	
17511	999	0		0.0				ADD_STRENGH(0.4)\nADD_AGILITY(0.4)\nADD_CONSITUTION(0.4)\nADD_INTELLECT(0.4)\nADD_PERCEPTION(0.4)\nADD_STAMINAMAX(0.05)				0	
17512	999	0		0.0				ADD_STRENGH(0.4)\nADD_AGILITY(0.4)\nADD_CONSITUTION(0.4)\nADD_INTELLECT(0.4)\nADD_PERCEPTION(0.4)\nADD_STAMINAMAX(0.05)				0	
17513	999	0		0.0				ADD_STRENGH(0.4)\nADD_AGILITY(0.4)\nADD_CONSITUTION(0.4)\nADD_INTELLECT(0.4)\nADD_PERCEPTION(0.4)\nADD_STAMINAMAX(0.05)				0	
17514	999	0		0.0				ADD_STRENGH(0.4)\nADD_AGILITY(0.4)\nADD_CONSITUTION(0.4)\nADD_INTELLECT(0.4)\nADD_PERCEPTION(0.4)\nADD_STAMINAMAX(0.05)				0	
17515	999	0		0.0				ADD_STRENGH(0.4)\nADD_AGILITY(0.4)\nADD_CONSITUTION(0.4)\nADD_INTELLECT(0.4)\nADD_PERCEPTION(0.4)\nADD_STAMINAMAX(0.05)				0	
17516	999	0		0.0				ADD_STRENGH(0.4)\nADD_AGILITY(0.4)\nADD_CONSITUTION(0.4)\nADD_INTELLECT(0.4)\nADD_PERCEPTION(0.4)\nADD_STAMINAMAX(0.05)				0	
17517	999	0		0.0				ADD_STRENGH(0.4)\nADD_AGILITY(0.4)\nADD_CONSITUTION(0.4)\nADD_INTELLECT(0.4)\nADD_PERCEPTION(0.4)\nADD_STAMINAMAX(0.05)				0	
17518	999	0		0.0				ADD_STRENGH(0.4)\nADD_AGILITY(0.4)\nADD_CONSITUTION(0.4)\nADD_INTELLECT(0.4)\nADD_PERCEPTION(0.4)\nADD_STAMINAMAX(0.05)				0	
17519	999	0		0.0				ADD_STRENGH(0.4)\nADD_AGILITY(0.4)\nADD_CONSITUTION(0.4)\nADD_INTELLECT(0.4)\nADD_PERCEPTION(0.4)\nADD_STAMINAMAX(0.05)				0	
17520	999	0		0.0				ADD_STRENGH(0.4)\nADD_AGILITY(0.4)\nADD_CONSITUTION(0.4)\nADD_INTELLECT(0.4)\nADD_PERCEPTION(0.4)\nADD_STAMINAMAX(0.05)				0	
17521	999	0		0.0				ADD_STRENGH(0.4)\nADD_AGILITY(0.4)\nADD_CONSITUTION(0.4)\nADD_INTELLECT(0.4)\nADD_PERCEPTION(0.4)\nADD_STAMINAMAX(0.05)				0	
17522	999	0		0.0				ADD_STRENGH(0.4)\nADD_AGILITY(0.4)\nADD_CONSITUTION(0.4)\nADD_INTELLECT(0.4)\nADD_PERCEPTION(0.4)\nADD_STAMINAMAX(0.05)				0	
17523	999	0		0.0				ADD_STRENGH(0.4)\nADD_AGILITY(0.4)\nADD_CONSITUTION(0.4)\nADD_INTELLECT(0.4)\nADD_PERCEPTION(0.4)\nADD_STAMINAMAX(0.05)				0	
17524	999	0		0.0				ADD_STRENGH(0.4)\nADD_AGILITY(0.4)\nADD_CONSITUTION(0.4)\nADD_INTELLECT(0.4)\nADD_PERCEPTION(0.4)\nADD_STAMINAMAX(0.05)				0	
17525	999	0		0.0				ADD_STRENGH(0.4)\nADD_AGILITY(0.4)\nADD_CONSITUTION(0.4)\nADD_INTELLECT(0.4)\nADD_PERCEPTION(0.4)\nADD_STAMINAMAX(0.05)				0	
17526	999	0		0.0				ADD_STRENGH(0.4)\nADD_AGILITY(0.4)\nADD_CONSITUTION(0.4)\nADD_INTELLECT(0.4)\nADD_PERCEPTION(0.4)\nADD_STAMINAMAX(0.05)				0	
18001	3	0		0.0		STR_CHECK(0.5)	ADD_DAMPLUS_PHYSICS(0.2)					0	
18002	3	0		0.0		STR_CHECK(0.7)	ADD_DAMPLUS_PHYSICS(0.3)					0	
18003	3	0		0.0		STR_CHECK(0.9)	ADD_DAMPLUS_PHYSICS(0.45)					0	
18004	3	0		0.0		STR_CHECK(1.1)	ADD_DAMPLUS_PHYSICS(0.7)					0	
18005	3	0		0.0		STR_CHECK(0.5)	ADD_DAMPLUS_MAGIC(0.2)					0	
18006	3	0		0.0		STR_CHECK(0.7)	ADD_DAMPLUS_MAGIC(0.3)					0	
18007	3	0		0.0		STR_CHECK(0.9)	ADD_DAMPLUS_MAGIC(0.45)					0	
18008	3	0		0.0		STR_CHECK(1.1)	ADD_DAMPLUS_MAGIC(0.7)					0	
18009	3	0		0.0		STR_CHECK(0.5)	ADD_DAMPLUS_PHYSICS(0.17);ADD_DAMPLUS_MAGIC(0.17)					0	
18010	3	0		0.0		STR_CHECK(0.7)	ADD_DAMPLUS_PHYSICS(0.24);ADD_DAMPLUS_MAGIC(0.24)					0	
18011	3	0		0.0		STR_CHECK(0.9)	ADD_DAMPLUS_PHYSICS(0.36);ADD_DAMPLUS_MAGIC(0.36)					0	
18012	3	0		0.0		STR_CHECK(1.1)	ADD_DAMPLUS_PHYSICS(0.6);ADD_DAMPLUS_MAGIC(0.6)					0	
18013	3	0		0.0		STR_CHECK(0.5)	ADD_POWERHIT(0.015)					0	
18014	3	0		0.0		STR_CHECK(0.7)	ADD_POWERHIT(0.025)					0	
18015	3	0		0.0		STR_CHECK(0.9)	ADD_POWERHIT(0.04)					0	
18016	3	0		0.0		STR_CHECK(1.1)	ADD_POWERHIT(0.06)					0	
18017	3	0		0.0		STR_CHECK(0.5)	ADD_MULTIPLY_POWERDAM(0.05)					0	
18018	3	0		0.0		STR_CHECK(0.8)	ADD_MULTIPLY_POWERDAM(0.08)					0	
18019	3	0		0.0		STR_CHECK(1)	ADD_MULTIPLY_POWERDAM(0.12)					0	
18020	3	0		0.0		STR_CHECK(1.1)	ADD_MULTIPLY_POWERDAM(0.2)					0	
18021	3	0		0.0		STR_CHECK(0.5)	ADD_BYPASS(0.01)					0	
18022	3	0		0.0		STR_CHECK(0.8)	ADD_BYPASS(0.02)					0	
18023	3	0		0.0		STR_CHECK(1)	ADD_BYPASS(0.03)					0	
18024	3	0		0.0		STR_CHECK(1.1)	ADD_BYPASS(0.04)					0	
18025	3	0		0.0		STR_CHECK(0.5)	ADD_OVERHIT(0.01)					0	
18026	3	0		0.0		STR_CHECK(0.8)	ADD_OVERHIT(0.02)					0	
18027	3	0		0.0		STR_CHECK(1)	ADD_OVERHIT(0.03)					0	
18028	3	0		0.0		STR_CHECK(1.1)	ADD_OVERHIT(0.04)					0	
18029	3	0		0.0		STR_CHECK(0.5)	ADD_HITRATE(0.04)					0	
18030	3	0		0.0		STR_CHECK(0.8)	ADD_HITRATE(0.06)					0	
18031	3	0		0.0		STR_CHECK(1)	ADD_HITRATE(0.1)					0	
18032	3	0		0.0		STR_CHECK(1.1)	ADD_HITRATE(0.14)					0	
18033	3	0		0.0		AGI_CHECK(0.5)	ADD_DAMPLUS_PHYSICS(0.2)					0	
18034	3	0		0.0		AGI_CHECK(0.7)	ADD_DAMPLUS_PHYSICS(0.3)					0	
18035	3	0		0.0		AGI_CHECK(0.9)	ADD_DAMPLUS_PHYSICS(0.45)					0	
18036	3	0		0.0		AGI_CHECK(1.1)	ADD_DAMPLUS_PHYSICS(0.7)					0	
18037	3	0		0.0		AGI_CHECK(0.5)	ADD_DAMPLUS_MAGIC(0.2)					0	
18038	3	0		0.0		AGI_CHECK(0.7)	ADD_DAMPLUS_MAGIC(0.3)					0	
18039	3	0		0.0		AGI_CHECK(0.9)	ADD_DAMPLUS_MAGIC(0.45)					0	
18040	3	0		0.0		AGI_CHECK(1.1)	ADD_DAMPLUS_MAGIC(0.7)					0	
18041	3	0		0.0		AGI_CHECK(0.5)	ADD_DAMPLUS_PHYSICS(0.17);ADD_DAMPLUS_MAGIC(0.17)					0	
18042	3	0		0.0		AGI_CHECK(0.7)	ADD_DAMPLUS_PHYSICS(0.24);ADD_DAMPLUS_MAGIC(0.24)					0	
18043	3	0		0.0		AGI_CHECK(0.9)	ADD_DAMPLUS_PHYSICS(0.36);ADD_DAMPLUS_MAGIC(0.36)					0	
18044	3	0		0.0		AGI_CHECK(1.1)	ADD_DAMPLUS_PHYSICS(0.6);ADD_DAMPLUS_MAGIC(0.6)					0	
18045	3	0		0.0		AGI_CHECK(0.5)	ADD_POWERHIT(0.015)					0	
18046	3	0		0.0		AGI_CHECK(0.7)	ADD_POWERHIT(0.025)					0	
18047	3	0		0.0		AGI_CHECK(0.9)	ADD_POWERHIT(0.04)					0	
18048	3	0		0.0		AGI_CHECK(1.1)	ADD_POWERHIT(0.06)					0	
18049	3	0		0.0		AGI_CHECK(0.5)	ADD_MULTIPLY_POWERDAM(0.05)					0	
18050	3	0		0.0		AGI_CHECK(0.8)	ADD_MULTIPLY_POWERDAM(0.08)					0	
18051	3	0		0.0		AGI_CHECK(1)	ADD_MULTIPLY_POWERDAM(0.12)					0	
18052	3	0		0.0		AGI_CHECK(1.1)	ADD_MULTIPLY_POWERDAM(0.2)					0	
18053	3	0		0.0		AGI_CHECK(0.5)	ADD_BYPASS(0.01)					0	
18054	3	0		0.0		AGI_CHECK(0.8)	ADD_BYPASS(0.02)					0	
18055	3	0		0.0		AGI_CHECK(1)	ADD_BYPASS(0.03)					0	
18056	3	0		0.0		AGI_CHECK(1.1)	ADD_BYPASS(0.04)					0	
18057	3	0		0.0		AGI_CHECK(0.5)	ADD_OVERHIT(0.01)					0	
18058	3	0		0.0		AGI_CHECK(0.8)	ADD_OVERHIT(0.02)					0	
18059	3	0		0.0		AGI_CHECK(1)	ADD_OVERHIT(0.03)					0	
18060	3	0		0.0		AGI_CHECK(1.1)	ADD_OVERHIT(0.04)					0	
18061	3	0		0.0		AGI_CHECK(0.5)	ADD_HITRATE(0.04)					0	
18062	3	0		0.0		AGI_CHECK(0.8)	ADD_HITRATE(0.06)					0	
18063	3	0		0.0		AGI_CHECK(1)	ADD_HITRATE(0.1)					0	
18064	3	0		0.0		AGI_CHECK(1.1)	ADD_HITRATE(0.14)					0	
18065	3	0		0.0		CON_CHECK(0.5)	ADD_DAMPLUS_PHYSICS(0.2)					0	
18066	3	0		0.0		CON_CHECK(0.7)	ADD_DAMPLUS_PHYSICS(0.3)					0	
18067	3	0		0.0		CON_CHECK(0.9)	ADD_DAMPLUS_PHYSICS(0.45)					0	
18068	3	0		0.0		CON_CHECK(1.1)	ADD_DAMPLUS_PHYSICS(0.7)					0	
18069	3	0		0.0		CON_CHECK(0.5)	ADD_DAMPLUS_MAGIC(0.2)					0	
18070	3	0		0.0		CON_CHECK(0.7)	ADD_DAMPLUS_MAGIC(0.3)					0	
18071	3	0		0.0		CON_CHECK(0.9)	ADD_DAMPLUS_MAGIC(0.45)					0	
18072	3	0		0.0		CON_CHECK(1.1)	ADD_DAMPLUS_MAGIC(0.7)					0	
18073	3	0		0.0		CON_CHECK(0.5)	ADD_DAMPLUS_PHYSICS(0.17);ADD_DAMPLUS_MAGIC(0.17)					0	
18074	3	0		0.0		CON_CHECK(0.7)	ADD_DAMPLUS_PHYSICS(0.24);ADD_DAMPLUS_MAGIC(0.24)					0	
18075	3	0		0.0		CON_CHECK(0.9)	ADD_DAMPLUS_PHYSICS(0.36);ADD_DAMPLUS_MAGIC(0.36)					0	
18076	3	0		0.0		CON_CHECK(1.1)	ADD_DAMPLUS_PHYSICS(0.6);ADD_DAMPLUS_MAGIC(0.6)					0	
18077	3	0		0.0		CON_CHECK(0.5)	ADD_POWERHIT(0.015)					0	
18078	3	0		0.0		CON_CHECK(0.7)	ADD_POWERHIT(0.025)					0	
18079	3	0		0.0		CON_CHECK(0.9)	ADD_POWERHIT(0.04)					0	
18080	3	0		0.0		CON_CHECK(1.1)	ADD_POWERHIT(0.06)					0	
18081	3	0		0.0		CON_CHECK(0.5)	ADD_MULTIPLY_POWERDAM(0.05)					0	
18082	3	0		0.0		CON_CHECK(0.8)	ADD_MULTIPLY_POWERDAM(0.08)					0	
18083	3	0		0.0		CON_CHECK(1)	ADD_MULTIPLY_POWERDAM(0.12)					0	
18084	3	0		0.0		CON_CHECK(1.1)	ADD_MULTIPLY_POWERDAM(0.2)					0	
18085	3	0		0.0		CON_CHECK(0.5)	ADD_BYPASS(0.01)					0	
18086	3	0		0.0		CON_CHECK(0.8)	ADD_BYPASS(0.02)					0	
18087	3	0		0.0		CON_CHECK(1)	ADD_BYPASS(0.03)					0	
18088	3	0		0.0		CON_CHECK(1.1)	ADD_BYPASS(0.04)					0	
18089	3	0		0.0		CON_CHECK(0.5)	ADD_OVERHIT(0.01)					0	
18090	3	0		0.0		CON_CHECK(0.8)	ADD_OVERHIT(0.02)					0	
18091	3	0		0.0		CON_CHECK(1)	ADD_OVERHIT(0.03)					0	
18092	3	0		0.0		CON_CHECK(1.1)	ADD_OVERHIT(0.04)					0	
18093	3	0		0.0		CON_CHECK(0.5)	ADD_HITRATE(0.04)					0	
18094	3	0		0.0		CON_CHECK(0.8)	ADD_HITRATE(0.06)					0	
18095	3	0		0.0		CON_CHECK(1)	ADD_HITRATE(0.1)					0	
18096	3	0		0.0		CON_CHECK(1.1)	ADD_HITRATE(0.14)					0	
18097	3	0		0.0		INT_CHECK(0.5)	ADD_DAMPLUS_PHYSICS(0.2)					0	
18098	3	0		0.0		INT_CHECK(0.7)	ADD_DAMPLUS_PHYSICS(0.3)					0	
18099	3	0		0.0		INT_CHECK(0.9)	ADD_DAMPLUS_PHYSICS(0.45)					0	
18100	3	0		0.0		INT_CHECK(1.1)	ADD_DAMPLUS_PHYSICS(0.7)					0	
18101	3	0		0.0		INT_CHECK(0.5)	ADD_DAMPLUS_MAGIC(0.2)					0	
18102	3	0		0.0		INT_CHECK(0.7)	ADD_DAMPLUS_MAGIC(0.3)					0	
18103	3	0		0.0		INT_CHECK(0.9)	ADD_DAMPLUS_MAGIC(0.45)					0	
18104	3	0		0.0		INT_CHECK(1.1)	ADD_DAMPLUS_MAGIC(0.7)					0	
18105	3	0		0.0		INT_CHECK(0.5)	ADD_DAMPLUS_PHYSICS(0.17);ADD_DAMPLUS_MAGIC(0.17)					0	
18106	3	0		0.0		INT_CHECK(0.7)	ADD_DAMPLUS_PHYSICS(0.24);ADD_DAMPLUS_MAGIC(0.24)					0	
18107	3	0		0.0		INT_CHECK(0.9)	ADD_DAMPLUS_PHYSICS(0.36);ADD_DAMPLUS_MAGIC(0.36)					0	
18108	3	0		0.0		INT_CHECK(1.1)	ADD_DAMPLUS_PHYSICS(0.6);ADD_DAMPLUS_MAGIC(0.6)					0	
18109	3	0		0.0		INT_CHECK(0.5)	ADD_POWERHIT(0.015)					0	
18110	3	0		0.0		INT_CHECK(0.7)	ADD_POWERHIT(0.025)					0	
18111	3	0		0.0		INT_CHECK(0.9)	ADD_POWERHIT(0.04)					0	
18112	3	0		0.0		INT_CHECK(1.1)	ADD_POWERHIT(0.06)					0	
18113	3	0		0.0		INT_CHECK(0.5)	ADD_MULTIPLY_POWERDAM(0.05)					0	
18114	3	0		0.0		INT_CHECK(0.8)	ADD_MULTIPLY_POWERDAM(0.08)					0	
18115	3	0		0.0		INT_CHECK(1)	ADD_MULTIPLY_POWERDAM(0.12)					0	
18116	3	0		0.0		INT_CHECK(1.1)	ADD_MULTIPLY_POWERDAM(0.2)					0	
18117	3	0		0.0		INT_CHECK(0.5)	ADD_BYPASS(0.01)					0	
18118	3	0		0.0		INT_CHECK(0.8)	ADD_BYPASS(0.02)					0	
18119	3	0		0.0		INT_CHECK(1)	ADD_BYPASS(0.03)					0	
18120	3	0		0.0		INT_CHECK(1.1)	ADD_BYPASS(0.04)					0	
18121	3	0		0.0		INT_CHECK(0.5)	ADD_OVERHIT(0.01)					0	
18122	3	0		0.0		INT_CHECK(0.8)	ADD_OVERHIT(0.02)					0	
18123	3	0		0.0		INT_CHECK(1)	ADD_OVERHIT(0.03)					0	
18124	3	0		0.0		INT_CHECK(1.1)	ADD_OVERHIT(0.04)					0	
18125	3	0		0.0		INT_CHECK(0.5)	ADD_HITRATE(0.04)					0	
18126	3	0		0.0		INT_CHECK(0.8)	ADD_HITRATE(0.06)					0	
18127	3	0		0.0		INT_CHECK(1)	ADD_HITRATE(0.1)					0	
18128	3	0		0.0		INT_CHECK(1.1)	ADD_HITRATE(0.14)					0	
18129	3	0		0.0		PER_CHECK(0.5)	ADD_DAMPLUS_PHYSICS(0.2)					0	
18130	3	0		0.0		PER_CHECK(0.7)	ADD_DAMPLUS_PHYSICS(0.3)					0	
18131	3	0		0.0		PER_CHECK(0.9)	ADD_DAMPLUS_PHYSICS(0.45)					0	
18132	3	0		0.0		PER_CHECK(1.1)	ADD_DAMPLUS_PHYSICS(0.7)					0	
18133	3	0		0.0		PER_CHECK(0.5)	ADD_DAMPLUS_MAGIC(0.2)					0	
18134	3	0		0.0		PER_CHECK(0.7)	ADD_DAMPLUS_MAGIC(0.3)					0	
18135	3	0		0.0		PER_CHECK(0.9)	ADD_DAMPLUS_MAGIC(0.45)					0	
18136	3	0		0.0		PER_CHECK(1.1)	ADD_DAMPLUS_MAGIC(0.7)					0	
18137	3	0		0.0		PER_CHECK(0.5)	ADD_DAMPLUS_PHYSICS(0.17);ADD_DAMPLUS_MAGIC(0.17)					0	
18138	3	0		0.0		PER_CHECK(0.7)	ADD_DAMPLUS_PHYSICS(0.24);ADD_DAMPLUS_MAGIC(0.24)					0	
18139	3	0		0.0		PER_CHECK(0.9)	ADD_DAMPLUS_PHYSICS(0.36);ADD_DAMPLUS_MAGIC(0.36)					0	
18140	3	0		0.0		PER_CHECK(1.1)	ADD_DAMPLUS_PHYSICS(0.6);ADD_DAMPLUS_MAGIC(0.6)					0	
18141	3	0		0.0		PER_CHECK(0.5)	ADD_POWERHIT(0.015)					0	
18142	3	0		0.0		PER_CHECK(0.7)	ADD_POWERHIT(0.025)					0	
18143	3	0		0.0		PER_CHECK(0.9)	ADD_POWERHIT(0.04)					0	
18144	3	0		0.0		PER_CHECK(1.1)	ADD_POWERHIT(0.06)					0	
18145	3	0		0.0		PER_CHECK(0.5)	ADD_MULTIPLY_POWERDAM(0.05)					0	
18146	3	0		0.0		PER_CHECK(0.8)	ADD_MULTIPLY_POWERDAM(0.08)					0	
18147	3	0		0.0		PER_CHECK(1)	ADD_MULTIPLY_POWERDAM(0.12)					0	
18148	3	0		0.0		PER_CHECK(1.1)	ADD_MULTIPLY_POWERDAM(0.2)					0	
18149	3	0		0.0		PER_CHECK(0.5)	ADD_BYPASS(0.01)					0	
18150	3	0		0.0		PER_CHECK(0.8)	ADD_BYPASS(0.02)					0	
18151	3	0		0.0		PER_CHECK(1)	ADD_BYPASS(0.03)					0	
18152	3	0		0.0		PER_CHECK(1.1)	ADD_BYPASS(0.04)					0	
18153	3	0		0.0		PER_CHECK(0.5)	ADD_OVERHIT(0.01)					0	
18154	3	0		0.0		PER_CHECK(0.8)	ADD_OVERHIT(0.02)					0	
18155	3	0		0.0		PER_CHECK(1)	ADD_OVERHIT(0.03)					0	
18156	3	0		0.0		PER_CHECK(1.1)	ADD_OVERHIT(0.04)					0	
18157	3	0		0.0		PER_CHECK(0.5)	ADD_HITRATE(0.04)					0	
18158	3	0		0.0		PER_CHECK(0.8)	ADD_HITRATE(0.06)					0	
18159	3	0		0.0		PER_CHECK(1)	ADD_HITRATE(0.1)					0	
18160	3	0		0.0		PER_CHECK(1.1)	ADD_HITRATE(0.14)					0	
18161	3	0		0.0				HITMISSILE(32,9,105)				0	
18162	3	0		0.0				HITMISSILE(32,7,105)				0	
18163	3	0		0.0				HITMISSILE(32,5,105)				0	
18164	3	0		0.0				HITMISSILE(32,3,105)				0	
18165	3	0		0.0				HITMISSILE(64,9,105)				0	
18166	3	0		0.0				HITMISSILE(64,7,105)				0	
18167	3	0		0.0				HITMISSILE(64,5,105)				0	
18168	3	0		0.0				HITMISSILE(64,3,105)				0	
18169	3	0		0.0				HITMISSILE(128,9,105)				0	
18170	3	0		0.0				HITMISSILE(128,7,105)				0	
18171	3	0		0.0				HITMISSILE(128,5,105)				0	
18172	3	0		0.0				HITMISSILE(128,3,105)				0	
18173	3	0		0.0				HITMISSILE(224,9,105)				0	
18174	3	0		0.0				HITMISSILE(224,7,105)				0	
18175	3	0		0.0				HITMISSILE(224,5,105)				0	
18176	3	0		0.0				HITMISSILE(224,3,105)				0	
18177	3	0		0.0				HITMISSILE(32,9,127)				0	
18178	3	0		0.0				HITMISSILE(32,7,127)				0	
18179	3	0		0.0				HITMISSILE(32,5,127)				0	
18180	3	0		0.0				HITMISSILE(32,3,127)				0	
18181	3	0		0.0				HITMISSILE(64,9,127)				0	
18182	3	0		0.0				HITMISSILE(64,7,127)				0	
18183	3	0		0.0				HITMISSILE(64,5,127)				0	
18184	3	0		0.0				HITMISSILE(64,3,127)				0	
18185	3	0		0.0				HITMISSILE(128,9,127)				0	
18186	3	0		0.0				HITMISSILE(128,7,127)				0	
18187	3	0		0.0				HITMISSILE(128,5,127)				0	
18188	3	0		0.0				HITMISSILE(128,3,127)				0	
18189	3	0		0.0				HITMISSILE(224,9,127)				0	
18190	3	0		0.0				HITMISSILE(224,7,127)				0	
18191	3	0		0.0				HITMISSILE(224,5,127)				0	
18192	3	0		0.0				HITMISSILE(224,3,127)				0	
18193	3	0		0.0				HITMISSILE(32,0,101)				0	
18194	3	0		0.0				HITMISSILE(32,0,102)				0	
18195	3	0		0.0				HITMISSILE(32,0,103)				0	
18196	3	0		0.0				HITMISSILE(32,0,104)				0	
18197	3	0		0.0				HITMISSILE(64,0,101)				0	
18198	3	0		0.0				HITMISSILE(64,0,102)				0	
18199	3	0		0.0				HITMISSILE(64,0,103)				0	
18200	3	0		0.0				HITMISSILE(64,0,104)				0	
18201	3	0		0.0				HITMISSILE(128,0,101)				0	
18202	3	0		0.0				HITMISSILE(128,0,102)				0	
18203	3	0		0.0				HITMISSILE(128,0,103)				0	
18204	3	0		0.0				HITMISSILE(128,0,104)				0	
18205	3	0		0.0				HITMISSILE(224,0,101)				0	
18206	3	0		0.0				HITMISSILE(224,0,102)				0	
18207	3	0		0.0				HITMISSILE(224,0,103)				0	
18208	3	0		0.0				HITMISSILE(224,0,104)				0	
18209	3	0		0.0				HITMISSILE(32,5,129)				0	
18210	3	0		0.0				HITMISSILE(32,4,129)				0	
18211	3	0		0.0				HITMISSILE(32,3,129)				0	
18212	3	0		0.0				HITMISSILE(32,2,129)				0	
18213	3	0		0.0				HITMISSILE(64,5,129)				0	
18214	3	0		0.0				HITMISSILE(64,4,129)				0	
18215	3	0		0.0				HITMISSILE(64,3,129)				0	
18216	3	0		0.0				HITMISSILE(64,2,129)				0	
18217	3	0		0.0				HITMISSILE(128,5,129)				0	
18218	3	0		0.0				HITMISSILE(128,4,129)				0	
18219	3	0		0.0				HITMISSILE(128,3,129)				0	
18220	3	0		0.0				HITMISSILE(128,2,129)				0	
18221	3	0		0.0				HITMISSILE(224,5,129)				0	
18222	3	0		0.0				HITMISSILE(224,4,129)				0	
18223	3	0		0.0				HITMISSILE(224,3,129)				0	
18224	3	0		0.0				HITMISSILE(224,2,129)				0	
18225	3	0		0.0		ISSEA(0)	DRAIN_LIFE(0.01)					0	
18226	3	0		0.0		ISSEA(0)	DRAIN_LIFE(0.02)					0	
18227	3	0		0.0		ISSEA(0)	DRAIN_LIFE(0.03)					0	
18228	3	0		0.0		ISSEA(0)	DRAIN_LIFE(0.05)					0	
18229	3	0		0.0		STR_CHECK(0.5)	ADD_DAMPLUS_PHYSICS(0.31)					0	
18230	3	0		0.0		STR_CHECK(0.7)	ADD_DAMPLUS_PHYSICS(0.44)					0	
18231	3	0		0.0		STR_CHECK(0.9)	ADD_DAMPLUS_PHYSICS(0.67)					0	
18232	3	0		0.0		STR_CHECK(1.1)	ADD_DAMPLUS_PHYSICS(1.11)					0	
18233	3	0		0.0		STR_CHECK(0.5)	ADD_DAMPLUS_MAGIC(0.31)					0	
18234	3	0		0.0		STR_CHECK(0.7)	ADD_DAMPLUS_MAGIC(0.44)					0	
18235	3	0		0.0		STR_CHECK(0.9)	ADD_DAMPLUS_MAGIC(0.67)					0	
18236	3	0		0.0		STR_CHECK(1.1)	ADD_DAMPLUS_MAGIC(1.11)					0	
18237	3	0		0.0		STR_CHECK(0.5)	ADD_DAMPLUS_PHYSICS(0.31);ADD_DAMPLUS_MAGIC(0.31)					0	
18238	3	0		0.0		STR_CHECK(0.7)	ADD_DAMPLUS_PHYSICS(0.44);ADD_DAMPLUS_MAGIC(0.44)					0	
18239	3	0		0.0		STR_CHECK(0.9)	ADD_DAMPLUS_PHYSICS(0.67);ADD_DAMPLUS_MAGIC(0.67)					0	
18240	3	0		0.0		STR_CHECK(1.1)	ADD_DAMPLUS_PHYSICS(1.11);ADD_DAMPLUS_MAGIC(1.11)					0	
18241	3	0		0.0		STR_CHECK(0.5)	ADD_POWERHIT(0.02)					0	
18242	3	0		0.0		STR_CHECK(0.7)	ADD_POWERHIT(0.04)					0	
18243	3	0		0.0		STR_CHECK(0.9)	ADD_POWERHIT(0.06)					0	
18244	3	0		0.0		STR_CHECK(1.1)	ADD_POWERHIT(0.1)					0	
18245	3	0		0.0		STR_CHECK(0.5)	ADD_MULTIPLY_POWERDAM(0.08)					0	
18246	3	0		0.0		STR_CHECK(0.8)	ADD_MULTIPLY_POWERDAM(0.15)					0	
18247	3	0		0.0		STR_CHECK(1)	ADD_MULTIPLY_POWERDAM(0.22)					0	
18248	3	0		0.0		STR_CHECK(1.1)	ADD_MULTIPLY_POWERDAM(0.35)					0	
18249	3	0		0.0		STR_CHECK(0.5)	ADD_BYPASS(0.01)					0	
18250	3	0		0.0		STR_CHECK(0.8)	ADD_BYPASS(0.03)					0	
18251	3	0		0.0		STR_CHECK(1)	ADD_BYPASS(0.05)					0	
18252	3	0		0.0		STR_CHECK(1.1)	ADD_BYPASS(0.07)					0	
18253	3	0		0.0		STR_CHECK(0.5)	ADD_OVERHIT(0.01)					0	
18254	3	0		0.0		STR_CHECK(0.8)	ADD_OVERHIT(0.03)					0	
18255	3	0		0.0		STR_CHECK(1)	ADD_OVERHIT(0.05)					0	
18256	3	0		0.0		STR_CHECK(1.1)	ADD_OVERHIT(0.07)					0	
18257	3	0		0.0		STR_CHECK(0.5)	ADD_HITRATE(0.06)					0	
18258	3	0		0.0		STR_CHECK(0.8)	ADD_HITRATE(0.1)					0	
18259	3	0		0.0		STR_CHECK(1)	ADD_HITRATE(0.18)					0	
18260	3	0		0.0		STR_CHECK(1.1)	ADD_HITRATE(0.25)					0	
18261	3	0		0.0		AGI_CHECK(0.5)	ADD_DAMPLUS_PHYSICS(0.31)					0	
18262	3	0		0.0		AGI_CHECK(0.7)	ADD_DAMPLUS_PHYSICS(0.44)					0	
18263	3	0		0.0		AGI_CHECK(0.9)	ADD_DAMPLUS_PHYSICS(0.67)					0	
18264	3	0		0.0		AGI_CHECK(1.1)	ADD_DAMPLUS_PHYSICS(1.11)					0	
18265	3	0		0.0		AGI_CHECK(0.5)	ADD_DAMPLUS_MAGIC(0.31)					0	
18266	3	0		0.0		AGI_CHECK(0.7)	ADD_DAMPLUS_MAGIC(0.44)					0	
18267	3	0		0.0		AGI_CHECK(0.9)	ADD_DAMPLUS_MAGIC(0.67)					0	
18268	3	0		0.0		AGI_CHECK(1.1)	ADD_DAMPLUS_MAGIC(1.11)					0	
18269	3	0		0.0		AGI_CHECK(0.5)	ADD_DAMPLUS_PHYSICS(0.31);ADD_DAMPLUS_MAGIC(0.31)					0	
18270	3	0		0.0		AGI_CHECK(0.7)	ADD_DAMPLUS_PHYSICS(0.44);ADD_DAMPLUS_MAGIC(0.44)					0	
18271	3	0		0.0		AGI_CHECK(0.9)	ADD_DAMPLUS_PHYSICS(0.67);ADD_DAMPLUS_MAGIC(0.67)					0	
18272	3	0		0.0		AGI_CHECK(1.1)	ADD_DAMPLUS_PHYSICS(1.11);ADD_DAMPLUS_MAGIC(1.11)					0	
18273	3	0		0.0		AGI_CHECK(0.5)	ADD_POWERHIT(0.02)					0	
18274	3	0		0.0		AGI_CHECK(0.7)	ADD_POWERHIT(0.04)					0	
18275	3	0		0.0		AGI_CHECK(0.9)	ADD_POWERHIT(0.06)					0	
18276	3	0		0.0		AGI_CHECK(1.1)	ADD_POWERHIT(0.1)					0	
18277	3	0		0.0		AGI_CHECK(0.5)	ADD_MULTIPLY_POWERDAM(0.08)					0	
18278	3	0		0.0		AGI_CHECK(0.8)	ADD_MULTIPLY_POWERDAM(0.15)					0	
18279	3	0		0.0		AGI_CHECK(1)	ADD_MULTIPLY_POWERDAM(0.22)					0	
18280	3	0		0.0		AGI_CHECK(1.1)	ADD_MULTIPLY_POWERDAM(0.35)					0	
18281	3	0		0.0		AGI_CHECK(0.5)	ADD_BYPASS(0.01)					0	
18282	3	0		0.0		AGI_CHECK(0.8)	ADD_BYPASS(0.03)					0	
18283	3	0		0.0		AGI_CHECK(1)	ADD_BYPASS(0.05)					0	
18284	3	0		0.0		AGI_CHECK(1.1)	ADD_BYPASS(0.07)					0	
18285	3	0		0.0		AGI_CHECK(0.5)	ADD_OVERHIT(0.01)					0	
18286	3	0		0.0		AGI_CHECK(0.8)	ADD_OVERHIT(0.03)					0	
18287	3	0		0.0		AGI_CHECK(1)	ADD_OVERHIT(0.05)					0	
18288	3	0		0.0		AGI_CHECK(1.1)	ADD_OVERHIT(0.07)					0	
18289	3	0		0.0		AGI_CHECK(0.5)	ADD_HITRATE(0.06)					0	
18290	3	0		0.0		AGI_CHECK(0.8)	ADD_HITRATE(0.1)					0	
18291	3	0		0.0		AGI_CHECK(1)	ADD_HITRATE(0.18)					0	
18292	3	0		0.0		AGI_CHECK(1.1)	ADD_HITRATE(0.25)					0	
18293	3	0		0.0		CON_CHECK(0.5)	ADD_DAMPLUS_PHYSICS(0.31)					0	
18294	3	0		0.0		CON_CHECK(0.7)	ADD_DAMPLUS_PHYSICS(0.44)					0	
18295	3	0		0.0		CON_CHECK(0.9)	ADD_DAMPLUS_PHYSICS(0.67)					0	
18296	3	0		0.0		CON_CHECK(1.1)	ADD_DAMPLUS_PHYSICS(1.11)					0	
18297	3	0		0.0		CON_CHECK(0.5)	ADD_DAMPLUS_MAGIC(0.31)					0	
18298	3	0		0.0		CON_CHECK(0.7)	ADD_DAMPLUS_MAGIC(0.44)					0	
18299	3	0		0.0		CON_CHECK(0.9)	ADD_DAMPLUS_MAGIC(0.67)					0	
18300	3	0		0.0		CON_CHECK(1.1)	ADD_DAMPLUS_MAGIC(1.11)					0	
18301	3	0		0.0		CON_CHECK(0.5)	ADD_DAMPLUS_PHYSICS(0.31);ADD_DAMPLUS_MAGIC(0.31)					0	
18302	3	0		0.0		CON_CHECK(0.7)	ADD_DAMPLUS_PHYSICS(0.44);ADD_DAMPLUS_MAGIC(0.44)					0	
18303	3	0		0.0		CON_CHECK(0.9)	ADD_DAMPLUS_PHYSICS(0.67);ADD_DAMPLUS_MAGIC(0.67)					0	
18304	3	0		0.0		CON_CHECK(1.1)	ADD_DAMPLUS_PHYSICS(1.11);ADD_DAMPLUS_MAGIC(1.11)					0	
18305	3	0		0.0		CON_CHECK(0.5)	ADD_POWERHIT(0.02)					0	
18306	3	0		0.0		CON_CHECK(0.7)	ADD_POWERHIT(0.04)					0	
18307	3	0		0.0		CON_CHECK(0.9)	ADD_POWERHIT(0.06)					0	
18308	3	0		0.0		CON_CHECK(1.1)	ADD_POWERHIT(0.1)					0	
18309	3	0		0.0		CON_CHECK(0.5)	ADD_MULTIPLY_POWERDAM(0.08)					0	
18310	3	0		0.0		CON_CHECK(0.8)	ADD_MULTIPLY_POWERDAM(0.15)					0	
18311	3	0		0.0		CON_CHECK(1)	ADD_MULTIPLY_POWERDAM(0.22)					0	
18312	3	0		0.0		CON_CHECK(1.1)	ADD_MULTIPLY_POWERDAM(0.35)					0	
18313	3	0		0.0		CON_CHECK(0.5)	ADD_BYPASS(0.01)					0	
18314	3	0		0.0		CON_CHECK(0.8)	ADD_BYPASS(0.03)					0	
18315	3	0		0.0		CON_CHECK(1)	ADD_BYPASS(0.05)					0	
18316	3	0		0.0		CON_CHECK(1.1)	ADD_BYPASS(0.07)					0	
18317	3	0		0.0		CON_CHECK(0.5)	ADD_OVERHIT(0.01)					0	
18318	3	0		0.0		CON_CHECK(0.8)	ADD_OVERHIT(0.03)					0	
18319	3	0		0.0		CON_CHECK(1)	ADD_OVERHIT(0.05)					0	
18320	3	0		0.0		CON_CHECK(1.1)	ADD_OVERHIT(0.07)					0	
18321	3	0		0.0		CON_CHECK(0.5)	ADD_HITRATE(0.06)					0	
18322	3	0		0.0		CON_CHECK(0.8)	ADD_HITRATE(0.1)					0	
18323	3	0		0.0		CON_CHECK(1)	ADD_HITRATE(0.18)					0	
18324	3	0		0.0		CON_CHECK(1.1)	ADD_HITRATE(0.25)					0	
18325	3	0		0.0		INT_CHECK(0.5)	ADD_DAMPLUS_PHYSICS(0.31)					0	
18326	3	0		0.0		INT_CHECK(0.7)	ADD_DAMPLUS_PHYSICS(0.44)					0	
18327	3	0		0.0		INT_CHECK(0.9)	ADD_DAMPLUS_PHYSICS(0.67)					0	
18328	3	0		0.0		INT_CHECK(1.1)	ADD_DAMPLUS_PHYSICS(1.11)					0	
18329	3	0		0.0		INT_CHECK(0.5)	ADD_DAMPLUS_MAGIC(0.31)					0	
18330	3	0		0.0		INT_CHECK(0.7)	ADD_DAMPLUS_MAGIC(0.44)					0	
18331	3	0		0.0		INT_CHECK(0.9)	ADD_DAMPLUS_MAGIC(0.67)					0	
18332	3	0		0.0		INT_CHECK(1.1)	ADD_DAMPLUS_MAGIC(1.11)					0	
18333	3	0		0.0		INT_CHECK(0.5)	ADD_DAMPLUS_PHYSICS(0.31);ADD_DAMPLUS_MAGIC(0.31)					0	
18334	3	0		0.0		INT_CHECK(0.7)	ADD_DAMPLUS_PHYSICS(0.44);ADD_DAMPLUS_MAGIC(0.44)					0	
18335	3	0		0.0		INT_CHECK(0.9)	ADD_DAMPLUS_PHYSICS(0.67);ADD_DAMPLUS_MAGIC(0.67)					0	
18336	3	0		0.0		INT_CHECK(1.1)	ADD_DAMPLUS_PHYSICS(1.11);ADD_DAMPLUS_MAGIC(1.11)					0	
18337	3	0		0.0		INT_CHECK(0.5)	ADD_POWERHIT(0.02)					0	
18338	3	0		0.0		INT_CHECK(0.7)	ADD_POWERHIT(0.04)					0	
18339	3	0		0.0		INT_CHECK(0.9)	ADD_POWERHIT(0.06)					0	
18340	3	0		0.0		INT_CHECK(1.1)	ADD_POWERHIT(0.1)					0	
18341	3	0		0.0		INT_CHECK(0.5)	ADD_MULTIPLY_POWERDAM(0.08)					0	
18342	3	0		0.0		INT_CHECK(0.8)	ADD_MULTIPLY_POWERDAM(0.15)					0	
18343	3	0		0.0		INT_CHECK(1)	ADD_MULTIPLY_POWERDAM(0.22)					0	
18344	3	0		0.0		INT_CHECK(1.1)	ADD_MULTIPLY_POWERDAM(0.35)					0	
18345	3	0		0.0		INT_CHECK(0.5)	ADD_BYPASS(0.01)					0	
18346	3	0		0.0		INT_CHECK(0.8)	ADD_BYPASS(0.03)					0	
18347	3	0		0.0		INT_CHECK(1)	ADD_BYPASS(0.05)					0	
18348	3	0		0.0		INT_CHECK(1.1)	ADD_BYPASS(0.07)					0	
18349	3	0		0.0		INT_CHECK(0.5)	ADD_OVERHIT(0.01)					0	
18350	3	0		0.0		INT_CHECK(0.8)	ADD_OVERHIT(0.03)					0	
18351	3	0		0.0		INT_CHECK(1)	ADD_OVERHIT(0.05)					0	
18352	3	0		0.0		INT_CHECK(1.1)	ADD_OVERHIT(0.07)					0	
18353	3	0		0.0		INT_CHECK(0.5)	ADD_HITRATE(0.06)					0	
18354	3	0		0.0		INT_CHECK(0.8)	ADD_HITRATE(0.1)					0	
18355	3	0		0.0		INT_CHECK(1)	ADD_HITRATE(0.18)					0	
18356	3	0		0.0		INT_CHECK(1.1)	ADD_HITRATE(0.25)					0	
18357	3	0		0.0		PER_CHECK(0.5)	ADD_DAMPLUS_PHYSICS(0.31)					0	
18358	3	0		0.0		PER_CHECK(0.7)	ADD_DAMPLUS_PHYSICS(0.44)					0	
18359	3	0		0.0		PER_CHECK(0.9)	ADD_DAMPLUS_PHYSICS(0.67)					0	
18360	3	0		0.0		PER_CHECK(1.1)	ADD_DAMPLUS_PHYSICS(1.11)					0	
18361	3	0		0.0		PER_CHECK(0.5)	ADD_DAMPLUS_MAGIC(0.31)					0	
18362	3	0		0.0		PER_CHECK(0.7)	ADD_DAMPLUS_MAGIC(0.44)					0	
18363	3	0		0.0		PER_CHECK(0.9)	ADD_DAMPLUS_MAGIC(0.67)					0	
18364	3	0		0.0		PER_CHECK(1.1)	ADD_DAMPLUS_MAGIC(1.11)					0	
18365	3	0		0.0		PER_CHECK(0.5)	ADD_DAMPLUS_PHYSICS(0.31);ADD_DAMPLUS_MAGIC(0.31)					0	
18366	3	0		0.0		PER_CHECK(0.7)	ADD_DAMPLUS_PHYSICS(0.44);ADD_DAMPLUS_MAGIC(0.44)					0	
18367	3	0		0.0		PER_CHECK(0.9)	ADD_DAMPLUS_PHYSICS(0.67);ADD_DAMPLUS_MAGIC(0.67)					0	
18368	3	0		0.0		PER_CHECK(1.1)	ADD_DAMPLUS_PHYSICS(1.11);ADD_DAMPLUS_MAGIC(1.11)					0	
18369	3	0		0.0		PER_CHECK(0.5)	ADD_POWERHIT(0.02)					0	
18370	3	0		0.0		PER_CHECK(0.7)	ADD_POWERHIT(0.04)					0	
18371	3	0		0.0		PER_CHECK(0.9)	ADD_POWERHIT(0.06)					0	
18372	3	0		0.0		PER_CHECK(1.1)	ADD_POWERHIT(0.1)					0	
18373	3	0		0.0		PER_CHECK(0.5)	ADD_MULTIPLY_POWERDAM(0.08)					0	
18374	3	0		0.0		PER_CHECK(0.8)	ADD_MULTIPLY_POWERDAM(0.15)					0	
18375	3	0		0.0		PER_CHECK(1)	ADD_MULTIPLY_POWERDAM(0.22)					0	
18376	3	0		0.0		PER_CHECK(1.1)	ADD_MULTIPLY_POWERDAM(0.35)					0	
18377	3	0		0.0		PER_CHECK(0.5)	ADD_BYPASS(0.01)					0	
18378	3	0		0.0		PER_CHECK(0.8)	ADD_BYPASS(0.03)					0	
18379	3	0		0.0		PER_CHECK(1)	ADD_BYPASS(0.05)					0	
18380	3	0		0.0		PER_CHECK(1.1)	ADD_BYPASS(0.07)					0	
18381	3	0		0.0		PER_CHECK(0.5)	ADD_OVERHIT(0.01)					0	
18382	3	0		0.0		PER_CHECK(0.8)	ADD_OVERHIT(0.03)					0	
18383	3	0		0.0		PER_CHECK(1)	ADD_OVERHIT(0.05)					0	
18384	3	0		0.0		PER_CHECK(1.1)	ADD_OVERHIT(0.07)					0	
18385	3	0		0.0		PER_CHECK(0.5)	ADD_HITRATE(0.06)					0	
18386	3	0		0.0		PER_CHECK(0.8)	ADD_HITRATE(0.1)					0	
18387	3	0		0.0		PER_CHECK(1)	ADD_HITRATE(0.18)					0	
18388	3	0		0.0		PER_CHECK(1.1)	ADD_HITRATE(0.25)					0	
18389	3	0		0.0		ISSEA(0)	DRAIN_LIFE(0.01)					0	
18390	3	0		0.0		ISSEA(0)	DRAIN_LIFE(0.03)					0	
18391	3	0		0.0		ISSEA(0)	DRAIN_LIFE(0.05)					0	
18392	3	0		0.0		ISSEA(0)	DRAIN_LIFE(0.08)					0	
18393	3	0		0.0				HITMISSILE(256,9,113)				0	
18394	3	0		0.0				HITMISSILE(256,7,113)				0	
18395	3	0		0.0				HITMISSILE(256,5,113)				0	
18396	3	0		0.0				HITMISSILE(256,3,113)				0	
18397	3	0		0.0				HITMISSILE(512,9,113)				0	
18398	3	0		0.0				HITMISSILE(512,7,113)				0	
18399	3	0		0.0				HITMISSILE(512,5,113)				0	
18400	3	0		0.0				HITMISSILE(512,3,113)				0	
18401	3	0		0.0				HITMISSILE(2048,9,113)				0	
18402	3	0		0.0				HITMISSILE(2048,7,113)				0	
18403	3	0		0.0				HITMISSILE(2048,5,113)				0	
18404	3	0		0.0				HITMISSILE(2048,3,113)				0	
18405	3	0		0.0				HITMISSILE(2816,9,113)				0	
18406	3	0		0.0				HITMISSILE(2816,7,113)				0	
18407	3	0		0.0				HITMISSILE(2816,5,113)				0	
18408	3	0		0.0				HITMISSILE(2816,3,113)				0	
18409	3	0		0.0				HITMISSILE(256,9,128)				0	
18410	3	0		0.0				HITMISSILE(256,7,128)				0	
18411	3	0		0.0				HITMISSILE(256,5,128)				0	
18412	3	0		0.0				HITMISSILE(256,3,128)				0	
18413	3	0		0.0				HITMISSILE(512,9,128)				0	
18414	3	0		0.0				HITMISSILE(512,7,128)				0	
18415	3	0		0.0				HITMISSILE(512,5,128)				0	
18416	3	0		0.0				HITMISSILE(512,3,128)				0	
18417	3	0		0.0				HITMISSILE(2048,9,128)				0	
18418	3	0		0.0				HITMISSILE(2048,7,128)				0	
18419	3	0		0.0				HITMISSILE(2048,5,128)				0	
18420	3	0		0.0				HITMISSILE(2048,3,128)				0	
18421	3	0		0.0				HITMISSILE(2816,9,128)				0	
18422	3	0		0.0				HITMISSILE(2816,7,128)				0	
18423	3	0		0.0				HITMISSILE(2816,5,128)				0	
18424	3	0		0.0				HITMISSILE(2816,3,128)				0	
18425	3	0		0.0				HITMISSILE(256,0,101)				0	
18426	3	0		0.0				HITMISSILE(256,0,103)				0	
18427	3	0		0.0				HITMISSILE(256,0,131)				0	
18428	3	0		0.0				HITMISSILE(256,0,132)				0	
18429	3	0		0.0				HITMISSILE(512,0,101)				0	
18430	3	0		0.0				HITMISSILE(512,0,103)				0	
18431	3	0		0.0				HITMISSILE(512,0,131)				0	
18432	3	0		0.0				HITMISSILE(512,0,132)				0	
18433	3	0		0.0				HITMISSILE(2048,0,101)				0	
18434	3	0		0.0				HITMISSILE(2048,0,103)				0	
18435	3	0		0.0				HITMISSILE(2048,0,131)				0	
18436	3	0		0.0				HITMISSILE(2048,0,132)				0	
18437	3	0		0.0				HITMISSILE(2816,0,101)				0	
18438	3	0		0.0				HITMISSILE(2816,0,103)				0	
18439	3	0		0.0				HITMISSILE(2816,0,131)				0	
18440	3	0		0.0				HITMISSILE(2816,0,132)				0	
18441	3	0		0.0				HITMISSILE(256,5,130)				0	
18442	3	0		0.0				HITMISSILE(256,4,130)				0	
18443	3	0		0.0				HITMISSILE(256,3,130)				0	
18444	3	0		0.0				HITMISSILE(256,2,130)				0	
18445	3	0		0.0				HITMISSILE(512,5,130)				0	
18446	3	0		0.0				HITMISSILE(512,4,130)				0	
18447	3	0		0.0				HITMISSILE(512,3,130)				0	
18448	3	0		0.0				HITMISSILE(512,2,130)				0	
18449	3	0		0.0				HITMISSILE(2048,5,130)				0	
18450	3	0		0.0				HITMISSILE(2048,4,130)				0	
18451	3	0		0.0				HITMISSILE(2048,3,130)				0	
18452	3	0		0.0				HITMISSILE(2048,2,130)				0	
18453	3	0		0.0				HITMISSILE(2816,5,130)				0	
18454	3	0		0.0				HITMISSILE(2816,4,130)				0	
18455	3	0		0.0				HITMISSILE(2816,3,130)				0	
18456	3	0		0.0				HITMISSILE(2816,2,130)				0	
18457	3	0		0.0				HITMISSILE(64,9,105)				0	
18458	3	0		0.0				HITMISSILE(64,7,105)				0	
18459	3	0		0.0				HITMISSILE(64,5,105)				0	
18460	3	0		0.0				HITMISSILE(64,3,105)				0	
18461	3	0		0.0				HITMISSILE(2,9,105)				0	
18462	3	0		0.0				HITMISSILE(2,7,105)				0	
18463	3	0		0.0				HITMISSILE(2,5,105)				0	
18464	3	0		0.0				HITMISSILE(2,3,105)				0	
18465	3	0		0.0				HITMISSILE(2048,9,105)				0	
18466	3	0		0.0				HITMISSILE(2048,7,105)				0	
18467	3	0		0.0				HITMISSILE(2048,5,105)				0	
18468	3	0		0.0				HITMISSILE(2048,3,105)				0	
18469	3	0		0.0				HITMISSILE(2114,9,105)				0	
18470	3	0		0.0				HITMISSILE(2114,7,105)				0	
18471	3	0		0.0				HITMISSILE(2114,5,105)				0	
18472	3	0		0.0				HITMISSILE(2114,3,105)				0	
18473	3	0		0.0				HITMISSILE(64,9,128)				0	
18474	3	0		0.0				HITMISSILE(64,7,128)				0	
18475	3	0		0.0				HITMISSILE(64,5,128)				0	
18476	3	0		0.0				HITMISSILE(64,3,128)				0	
18477	3	0		0.0				HITMISSILE(2,9,128)				0	
18478	3	0		0.0				HITMISSILE(2,7,128)				0	
18479	3	0		0.0				HITMISSILE(2,5,128)				0	
18480	3	0		0.0				HITMISSILE(2,3,128)				0	
18481	3	0		0.0				HITMISSILE(2048,9,128)				0	
18482	3	0		0.0				HITMISSILE(2048,7,128)				0	
18483	3	0		0.0				HITMISSILE(2048,5,128)				0	
18484	3	0		0.0				HITMISSILE(2048,3,128)				0	
18485	3	0		0.0				HITMISSILE(2114,9,128)				0	
18486	3	0		0.0				HITMISSILE(2114,7,128)				0	
18487	3	0		0.0				HITMISSILE(2114,5,128)				0	
18488	3	0		0.0				HITMISSILE(2114,3,128)				0	
18489	3	0		0.0				HITMISSILE(64,0,101)				0	
18490	3	0		0.0				HITMISSILE(64,0,103)				0	
18491	3	0		0.0				HITMISSILE(64,0,131)				0	
18492	3	0		0.0				HITMISSILE(64,0,132)				0	
18493	3	0		0.0				HITMISSILE(2,0,101)				0	
18494	3	0		0.0				HITMISSILE(2,0,103)				0	
18495	3	0		0.0				HITMISSILE(2,0,131)				0	
18496	3	0		0.0				HITMISSILE(2,0,132)				0	
18497	3	0		0.0				HITMISSILE(2048,0,101)				0	
18498	3	0		0.0				HITMISSILE(2048,0,103)				0	
18499	3	0		0.0				HITMISSILE(2048,0,131)				0	
18500	3	0		0.0				HITMISSILE(2048,0,132)				0	
18501	3	0		0.0				HITMISSILE(2114,0,101)				0	
18502	3	0		0.0				HITMISSILE(2114,0,103)				0	
18503	3	0		0.0				HITMISSILE(2114,0,131)				0	
18504	3	0		0.0				HITMISSILE(2114,0,132)				0	
18505	3	0		0.0				HITMISSILE(64,5,130)				0	
18506	3	0		0.0				HITMISSILE(64,4,130)				0	
18507	3	0		0.0				HITMISSILE(64,3,130)				0	
18508	3	0		0.0				HITMISSILE(64,2,130)				0	
18509	3	0		0.0				HITMISSILE(2,5,130)				0	
18510	3	0		0.0				HITMISSILE(2,4,130)				0	
18511	3	0		0.0				HITMISSILE(2,3,130)				0	
18512	3	0		0.0				HITMISSILE(2,2,130)				0	
18513	3	0		0.0				HITMISSILE(2048,5,130)				0	
18514	3	0		0.0				HITMISSILE(2048,4,130)				0	
18515	3	0		0.0				HITMISSILE(2048,3,130)				0	
18516	3	0		0.0				HITMISSILE(2048,2,130)				0	
18517	3	0		0.0				HITMISSILE(2114,5,130)				0	
18518	3	0		0.0				HITMISSILE(2114,4,130)				0	
18519	3	0		0.0				HITMISSILE(2114,3,130)				0	
18520	3	0		0.0				HITMISSILE(2114,2,130)				0	
18521	3	0		0.0				HITMISSILE(1,9,113)				0	
18522	3	0		0.0				HITMISSILE(1,7,113)				0	
18523	3	0		0.0				HITMISSILE(1,5,113)				0	
18524	3	0		0.0				HITMISSILE(1,3,113)				0	
18525	3	0		0.0				HITMISSILE(2,9,113)				0	
18526	3	0		0.0				HITMISSILE(2,7,113)				0	
18527	3	0		0.0				HITMISSILE(2,5,113)				0	
18528	3	0		0.0				HITMISSILE(2,3,113)				0	
18529	3	0		0.0				HITMISSILE(32,9,113)				0	
18530	3	0		0.0				HITMISSILE(32,7,113)				0	
18531	3	0		0.0				HITMISSILE(32,5,113)				0	
18532	3	0		0.0				HITMISSILE(32,3,113)				0	
18533	3	0		0.0				HITMISSILE(35,9,113)				0	
18534	3	0		0.0				HITMISSILE(35,7,113)				0	
18535	3	0		0.0				HITMISSILE(35,5,113)				0	
18536	3	0		0.0				HITMISSILE(35,3,113)				0	
18537	3	0		0.0				HITMISSILE(1,9,128)				0	
18538	3	0		0.0				HITMISSILE(1,7,128)				0	
18539	3	0		0.0				HITMISSILE(1,5,128)				0	
18540	3	0		0.0				HITMISSILE(1,3,128)				0	
18541	3	0		0.0				HITMISSILE(2,9,128)				0	
18542	3	0		0.0				HITMISSILE(2,7,128)				0	
18543	3	0		0.0				HITMISSILE(2,5,128)				0	
18544	3	0		0.0				HITMISSILE(2,3,128)				0	
18545	3	0		0.0				HITMISSILE(32,9,128)				0	
18546	3	0		0.0				HITMISSILE(32,7,128)				0	
18547	3	0		0.0				HITMISSILE(32,5,128)				0	
18548	3	0		0.0				HITMISSILE(32,3,128)				0	
18549	3	0		0.0				HITMISSILE(35,9,128)				0	
18550	3	0		0.0				HITMISSILE(35,7,128)				0	
18551	3	0		0.0				HITMISSILE(35,5,128)				0	
18552	3	0		0.0				HITMISSILE(35,3,128)				0	
18553	3	0		0.0				HITMISSILE(1,0,101)				0	
18554	3	0		0.0				HITMISSILE(1,0,103)				0	
18555	3	0		0.0				HITMISSILE(1,0,131)				0	
18556	3	0		0.0				HITMISSILE(1,0,132)				0	
18557	3	0		0.0				HITMISSILE(2,0,101)				0	
18558	3	0		0.0				HITMISSILE(2,0,103)				0	
18559	3	0		0.0				HITMISSILE(2,0,131)				0	
18560	3	0		0.0				HITMISSILE(2,0,132)				0	
18561	3	0		0.0				HITMISSILE(32,0,101)				0	
18562	3	0		0.0				HITMISSILE(32,0,103)				0	
18563	3	0		0.0				HITMISSILE(32,0,131)				0	
18564	3	0		0.0				HITMISSILE(32,0,132)				0	
18565	3	0		0.0				HITMISSILE(35,0,101)				0	
18566	3	0		0.0				HITMISSILE(35,0,103)				0	
18567	3	0		0.0				HITMISSILE(35,0,131)				0	
18568	3	0		0.0				HITMISSILE(35,0,132)				0	
18569	3	0		0.0				HITMISSILE(1,5,130)				0	
18570	3	0		0.0				HITMISSILE(1,4,130)				0	
18571	3	0		0.0				HITMISSILE(1,3,130)				0	
18572	3	0		0.0				HITMISSILE(1,2,130)				0	
18573	3	0		0.0				HITMISSILE(2,5,130)				0	
18574	3	0		0.0				HITMISSILE(2,4,130)				0	
18575	3	0		0.0				HITMISSILE(2,3,130)				0	
18576	3	0		0.0				HITMISSILE(2,2,130)				0	
18577	3	0		0.0				HITMISSILE(32,5,130)				0	
18578	3	0		0.0				HITMISSILE(32,4,130)				0	
18579	3	0		0.0				HITMISSILE(32,3,130)				0	
18580	3	0		0.0				HITMISSILE(32,2,130)				0	
18581	3	0		0.0				HITMISSILE(35,5,130)				0	
18582	3	0		0.0				HITMISSILE(35,4,130)				0	
18583	3	0		0.0				HITMISSILE(35,3,130)				0	
18584	3	0		0.0				HITMISSILE(35,2,130)				0	
18585	3	0		0.0				HITMISSILE(1024,9,113)				0	
18586	3	0		0.0				HITMISSILE(1024,7,113)				0	
18587	3	0		0.0				HITMISSILE(1024,5,113)				0	
18588	3	0		0.0				HITMISSILE(1024,3,113)				0	
18589	3	0		0.0				HITMISSILE(2048,9,113)				0	
18590	3	0		0.0				HITMISSILE(2048,7,113)				0	
18591	3	0		0.0				HITMISSILE(2048,5,113)				0	
18592	3	0		0.0				HITMISSILE(2048,3,113)				0	
18593	3	0		0.0				HITMISSILE(3072,9,113)				0	
18594	3	0		0.0				HITMISSILE(3072,7,113)				0	
18595	3	0		0.0				HITMISSILE(3072,5,113)				0	
18596	3	0		0.0				HITMISSILE(3072,3,113)				0	
18597	3	0		0.0				HITMISSILE(1024,9,128)				0	
18598	3	0		0.0				HITMISSILE(1024,7,128)				0	
18599	3	0		0.0				HITMISSILE(1024,5,128)				0	
18600	3	0		0.0				HITMISSILE(1024,3,128)				0	
18601	3	0		0.0				HITMISSILE(2048,9,128)				0	
18602	3	0		0.0				HITMISSILE(2048,7,128)				0	
18603	3	0		0.0				HITMISSILE(2048,5,128)				0	
18604	3	0		0.0				HITMISSILE(2048,3,128)				0	
18605	3	0		0.0				HITMISSILE(3072,9,128)				0	
18606	3	0		0.0				HITMISSILE(3072,7,128)				0	
18607	3	0		0.0				HITMISSILE(3072,5,128)				0	
18608	3	0		0.0				HITMISSILE(3072,3,128)				0	
18609	3	0		0.0				HITMISSILE(4,0,101)				0	
18610	3	0		0.0				HITMISSILE(4,0,103)				0	
18611	3	0		0.0				HITMISSILE(4,0,131)				0	
18612	3	0		0.0				HITMISSILE(4,0,132)				0	
18613	3	0		0.0				HITMISSILE(1024,0,101)				0	
18614	3	0		0.0				HITMISSILE(1024,0,103)				0	
18615	3	0		0.0				HITMISSILE(1024,0,131)				0	
18616	3	0		0.0				HITMISSILE(1024,0,132)				0	
18617	3	0		0.0				HITMISSILE(2048,0,101)				0	
18618	3	0		0.0				HITMISSILE(2048,0,103)				0	
18619	3	0		0.0				HITMISSILE(2048,0,131)				0	
18620	3	0		0.0				HITMISSILE(2048,0,132)				0	
18621	3	0		0.0				HITMISSILE(3076,0,101)				0	
18622	3	0		0.0				HITMISSILE(3076,0,103)				0	
18623	3	0		0.0				HITMISSILE(3076,0,131)				0	
18624	3	0		0.0				HITMISSILE(3076,0,132)				0	
18625	3	0		0.0				HITMISSILE(4,5,130)				0	
18626	3	0		0.0				HITMISSILE(4,4,130)				0	
18627	3	0		0.0				HITMISSILE(4,3,130)				0	
18628	3	0		0.0				HITMISSILE(4,2,130)				0	
18629	3	0		0.0				HITMISSILE(1024,5,130)				0	
18630	3	0		0.0				HITMISSILE(1024,4,130)				0	
18631	3	0		0.0				HITMISSILE(1024,3,130)				0	
18632	3	0		0.0				HITMISSILE(1024,2,130)				0	
18633	3	0		0.0				HITMISSILE(2048,5,130)				0	
18634	3	0		0.0				HITMISSILE(2048,4,130)				0	
18635	3	0		0.0				HITMISSILE(2048,3,130)				0	
18636	3	0		0.0				HITMISSILE(2048,2,130)				0	
18637	3	0		0.0				HITMISSILE(3076,5,130)				0	
18638	3	0		0.0				HITMISSILE(3076,4,130)				0	
18639	3	0		0.0				HITMISSILE(3076,3,130)				0	
18640	3	0		0.0				HITMISSILE(3076,2,130)				0	
18641	3	0		0.0		STR_CHECK(0.5)	ADD_ABSORB_PHYSICS(0.1)					0	
18642	3	0		0.0		STR_CHECK(0.7)	ADD_ABSORB_PHYSICS(0.17)					0	
18643	3	0		0.0		STR_CHECK(0.9)	ADD_ABSORB_PHYSICS(0.24)					0	
18644	3	0		0.0		STR_CHECK(1.1)	ADD_ABSORB_PHYSICS(0.34)					0	
18645	3	0		0.0		STR_CHECK(0.5)	ADD_ABSORB_MAGIC(0.1)					0	
18646	3	0		0.0		STR_CHECK(0.7)	ADD_ABSORB_MAGIC(0.17)					0	
18647	3	0		0.0		STR_CHECK(0.9)	ADD_ABSORB_MAGIC(0.24)					0	
18648	3	0		0.0		STR_CHECK(1.1)	ADD_ABSORB_MAGIC(0.34)					0	
18649	3	0		0.0		STR_CHECK(0.5)	ADD_ABSORB_PHYSICS(0.1);ADD_ABSORB_MAGIC(0.1)					0	
18650	3	0		0.0		STR_CHECK(0.7)	ADD_ABSORB_PHYSICS(0.17);ADD_ABSORB_MAGIC(0.17)					0	
18651	3	0		0.0		STR_CHECK(0.9)	ADD_ABSORB_PHYSICS(0.24);ADD_ABSORB_MAGIC(0.24)					0	
18652	3	0		0.0		STR_CHECK(1.1)	ADD_ABSORB_PHYSICS(0.34);ADD_ABSORB_MAGIC(0.34)					0	
18653	3	0		0.0		STR_CHECK(0.5)	ADD_HPMAX(0.24)					0	
18654	3	0		0.0		STR_CHECK(0.7)	ADD_HPMAX(0.39)					0	
18655	3	0		0.0		STR_CHECK(0.9)	ADD_HPMAX(0.55)					0	
18656	3	0		0.0		STR_CHECK(1.1)	ADD_HPMAX(0.78)					0	
18657	3	0		0.0		STR_CHECK(0.5)	ADD_RECOVER_STAMINA(0.6)					0	
18658	3	0		0.0		STR_CHECK(0.7)	ADD_RECOVER_STAMINA(0.8)					0	
18659	3	0		0.0		STR_CHECK(0.9)	ADD_RECOVER_STAMINA(1)					0	
18660	3	0		0.0		STR_CHECK(1.1)	ADD_RECOVER_STAMINA(1.2)					0	
18661	3	0		0.0		STR_CHECK(0.5);ISSEA(0)	DRAIN_LIFE(0.01)					0	
18662	3	0		0.0		STR_CHECK(0.7);ISSEA(0)	DRAIN_LIFE(0.02)					0	
18663	3	0		0.0		STR_CHECK(0.9);ISSEA(0)	DRAIN_LIFE(0.03)					0	
18664	3	0		0.0		STR_CHECK(1.1);ISSEA(0)	DRAIN_LIFE(0.04)					0	
18665	3	0		0.0		STR_CHECK(0.5)	ADD_HITRATE(0.075);ADD_POWERHIT(0.025)					0	
18666	3	0		0.0		STR_CHECK(0.7)	ADD_HITRATE(0.1);ADD_POWERHIT(0.035)					0	
18667	3	0		0.0		STR_CHECK(0.9)	ADD_HITRATE(0.16);ADD_POWERHIT(0.5)					0	
18668	3	0		0.0		STR_CHECK(1.1)	ADD_HITRATE(0.25);ADD_POWERHIT(0.075)					0	
18669	3	0		0.0		STR_CHECK(0.5)	ADD_HPMAX(0.27)					0	
18670	3	0		0.0		STR_CHECK(0.7)	ADD_HPMAX(0.45)					0	
18671	3	0		0.0		STR_CHECK(0.9)	ADD_HPMAX(0.63)					0	
18672	3	0		0.0		STR_CHECK(1.1)	ADD_HPMAX(0.9)					0	
18673	3	0		0.0		STR_CHECK(0.5)	ADD_ABSORB_POWERDAM(0.1);ADD_MULTIPLY_POWERDAM(0.1)					0	
18674	3	0		0.0		STR_CHECK(0.7)	ADD_ABSORB_POWERDAM(0.14);ADD_MULTIPLY_POWERDAM(0.14)					0	
18675	3	0		0.0		STR_CHECK(0.9)	ADD_ABSORB_POWERDAM(0.18);ADD_MULTIPLY_POWERDAM(0.18)					0	
18676	3	0		0.0		STR_CHECK(1.1)	ADD_ABSORB_POWERDAM(0.25);ADD_MULTIPLY_POWERDAM(0.25)					0	
18677	3	0		0.0		STR_CHECK(0.5)	ADD_DAMPLUS_PHYSICS(0.14);ADD_DAMPLUS_MAGIC(0.14)					0	
18678	3	0		0.0		STR_CHECK(0.7)	ADD_DAMPLUS_PHYSICS(0.21);ADD_DAMPLUS_MAGIC(0.21)					0	
18679	3	0		0.0		STR_CHECK(0.9)	ADD_DAMPLUS_PHYSICS(0.31);ADD_DAMPLUS_MAGIC(0.31)					0	
18680	3	0		0.0		STR_CHECK(1.1)	ADD_DAMPLUS_PHYSICS(0.51);ADD_DAMPLUS_MAGIC(0.51)					0	
18681	3	0		0.0		STR_CHECK(0.5)	ADD_DODGE(0.05);ADD_ANTI_POWERHIT(0.05)					0	
18682	3	0		0.0		STR_CHECK(0.7)	ADD_DODGE(0.075);ADD_ANTI_POWERHIT(0.075)					0	
18683	3	0		0.0		STR_CHECK(0.9)	ADD_DODGE(0.1);ADD_ANTI_POWERHIT(0.1)					0	
18684	3	0		0.0		STR_CHECK(1.1)	ADD_DODGE(0.15);ADD_ANTI_POWERHIT(0.15)					0	
18685	3	0		0.0		STR_CHECK(0.5)	MUL_STR(0.04)					0	
18686	3	0		0.0		STR_CHECK(0.7)	MUL_STR(0.06)					0	
18687	3	0		0.0		STR_CHECK(0.9)	MUL_STR(0.10)					0	
18688	3	0		0.0		STR_CHECK(1.1)	MUL_STR(0.15)					0	
18689	3	0		0.0		STR_CHECK(0.5)	MUL_AGI(0.04)					0	
18690	3	0		0.0		STR_CHECK(0.7)	MUL_AGI(0.06)					0	
18691	3	0		0.0		STR_CHECK(0.9)	MUL_AGI(0.10)					0	
18692	3	0		0.0		STR_CHECK(1.1)	MUL_AGI(0.15)					0	
18693	3	0		0.0		STR_CHECK(0.5)	MUL_CON(0.04)					0	
18694	3	0		0.0		STR_CHECK(0.7)	MUL_CON(0.06)					0	
18695	3	0		0.0		STR_CHECK(0.9)	MUL_CON(0.10)					0	
18696	3	0		0.0		STR_CHECK(1.1)	MUL_CON(0.15)					0	
18697	3	0		0.0		STR_CHECK(0.5)	MUL_INT(0.04)					0	
18698	3	0		0.0		STR_CHECK(0.7)	MUL_INT(0.06)					0	
18699	3	0		0.0		STR_CHECK(0.9)	MUL_INT(0.10)					0	
18700	3	0		0.0		STR_CHECK(1.1)	MUL_INT(0.15)					0	
18701	3	0		0.0		STR_CHECK(0.5)	MUL_PER(0.04)					0	
18702	3	0		0.0		STR_CHECK(0.7)	MUL_PER(0.06)					0	
18703	3	0		0.0		STR_CHECK(0.9)	MUL_PER(0.10)					0	
18704	3	0		0.0		STR_CHECK(1.1)	MUL_PER(0.15)					0	
18705	3	0		0.0		STR_CHECK(0.5)	MUL_HPMAX(0.08)					0	
18706	3	0		0.0		STR_CHECK(0.7)	MUL_HPMAX(0.12)					0	
18707	3	0		0.0		STR_CHECK(0.9)	MUL_HPMAX(0.16)					0	
18708	3	0		0.0		STR_CHECK(1.1)	MUL_HPMAX(0.15)					0	
18709	3	0		0.0		STR_CHECK(0.5)	ADD_AC_PHYSICS(0.08)					0	
18710	3	0		0.0		STR_CHECK(0.7)	ADD_AC_PHYSICS(0.12)					0	
18711	3	0		0.0		STR_CHECK(0.9)	ADD_AC_PHYSICS(0.16)					0	
18712	3	0		0.0		STR_CHECK(1.1)	ADD_AC_PHYSICS(0.15)					0	
18713	3	0		0.0		STR_CHECK(0.5)	ADD_AC_MAGIC(0.08)					0	
18714	3	0		0.0		STR_CHECK(0.7)	ADD_AC_MAGIC(0.12)					0	
18715	3	0		0.0		STR_CHECK(0.9)	ADD_AC_MAGIC(0.16)					0	
18716	3	0		0.0		STR_CHECK(1.1)	ADD_AC_MAGIC(0.15)					0	
18717	3	0		0.0		STR_CHECK(0.5)	ADD_PENETRATE_PHYSICS(0.08)					0	
18718	3	0		0.0		STR_CHECK(0.7)	ADD_PENETRATE_PHYSICS(0.12)					0	
18719	3	0		0.0		STR_CHECK(0.9)	ADD_PENETRATE_PHYSICS(0.16)					0	
18720	3	0		0.0		STR_CHECK(1.1)	ADD_PENETRATE_PHYSICS(0.26)					0	
18721	3	0		0.0		STR_CHECK(0.5)	ADD_PENETRATE_MAGIC(0.08)					0	
18722	3	0		0.0		STR_CHECK(0.7)	ADD_PENETRATE_MAGIC(0.12)					0	
18723	3	0		0.0		STR_CHECK(0.9)	ADD_PENETRATE_MAGIC(0.16)					0	
18724	3	0		0.0		STR_CHECK(1.1)	ADD_PENETRATE_MAGIC(0.26)					0	
18725	3	0		0.0		AGI_CHECK(0.5)	ADD_ABSORB_PHYSICS(0.1)					0	
18726	3	0		0.0		AGI_CHECK(0.7)	ADD_ABSORB_PHYSICS(0.17)					0	
18727	3	0		0.0		AGI_CHECK(0.9)	ADD_ABSORB_PHYSICS(0.24)					0	
18728	3	0		0.0		AGI_CHECK(1.1)	ADD_ABSORB_PHYSICS(0.34)					0	
18729	3	0		0.0		AGI_CHECK(0.5)	ADD_ABSORB_MAGIC(0.1)					0	
18730	3	0		0.0		AGI_CHECK(0.7)	ADD_ABSORB_MAGIC(0.17)					0	
18731	3	0		0.0		AGI_CHECK(0.9)	ADD_ABSORB_MAGIC(0.24)					0	
18732	3	0		0.0		AGI_CHECK(1.1)	ADD_ABSORB_MAGIC(0.34)					0	
18733	3	0		0.0		AGI_CHECK(0.5)	ADD_ABSORB_PHYSICS(0.1);ADD_ABSORB_MAGIC(0.1)					0	
18734	3	0		0.0		AGI_CHECK(0.7)	ADD_ABSORB_PHYSICS(0.17);ADD_ABSORB_MAGIC(0.17)					0	
18735	3	0		0.0		AGI_CHECK(0.9)	ADD_ABSORB_PHYSICS(0.24);ADD_ABSORB_MAGIC(0.24)					0	
18736	3	0		0.0		AGI_CHECK(1.1)	ADD_ABSORB_PHYSICS(0.34);ADD_ABSORB_MAGIC(0.34)					0	
18737	3	0		0.0		AGI_CHECK(0.5)	ADD_HPMAX(0.24)					0	
18738	3	0		0.0		AGI_CHECK(0.7)	ADD_HPMAX(0.39)					0	
18739	3	0		0.0		AGI_CHECK(0.9)	ADD_HPMAX(0.55)					0	
18740	3	0		0.0		AGI_CHECK(1.1)	ADD_HPMAX(0.78)					0	
18741	3	0		0.0		AGI_CHECK(0.5)	ADD_RECOVER_STAMINA(0.6)					0	
18742	3	0		0.0		AGI_CHECK(0.7)	ADD_RECOVER_STAMINA(0.8)					0	
18743	3	0		0.0		AGI_CHECK(0.9)	ADD_RECOVER_STAMINA(1)					0	
18744	3	0		0.0		AGI_CHECK(1.1)	ADD_RECOVER_STAMINA(1.2)					0	
18745	3	0		0.0		AGI_CHECK(0.5);ISSEA(0)	DRAIN_LIFE(0.01)					0	
18746	3	0		0.0		AGI_CHECK(0.7);ISSEA(0)	DRAIN_LIFE(0.02)					0	
18747	3	0		0.0		AGI_CHECK(0.9);ISSEA(0)	DRAIN_LIFE(0.03)					0	
18748	3	0		0.0		AGI_CHECK(1.1);ISSEA(0)	DRAIN_LIFE(0.04)					0	
18749	3	0		0.0		AGI_CHECK(0.5)	ADD_HITRATE(0.075);ADD_POWERHIT(0.025)					0	
18750	3	0		0.0		AGI_CHECK(0.7)	ADD_HITRATE(0.1);ADD_POWERHIT(0.035)					0	
18751	3	0		0.0		AGI_CHECK(0.9)	ADD_HITRATE(0.16);ADD_POWERHIT(0.5)					0	
18752	3	0		0.0		AGI_CHECK(1.1)	ADD_HITRATE(0.25);ADD_POWERHIT(0.075)					0	
18753	3	0		0.0		AGI_CHECK(0.5)	ADD_HPMAX(0.27)					0	
18754	3	0		0.0		AGI_CHECK(0.7)	ADD_HPMAX(0.45)					0	
18755	3	0		0.0		AGI_CHECK(0.9)	ADD_HPMAX(0.63)					0	
18756	3	0		0.0		AGI_CHECK(1.1)	ADD_HPMAX(0.9)					0	
18757	3	0		0.0		AGI_CHECK(0.5)	ADD_ABSORB_POWERDAM(0.1);ADD_MULTIPLY_POWERDAM(0.1)					0	
18758	3	0		0.0		AGI_CHECK(0.7)	ADD_ABSORB_POWERDAM(0.14);ADD_MULTIPLY_POWERDAM(0.14)					0	
18759	3	0		0.0		AGI_CHECK(0.9)	ADD_ABSORB_POWERDAM(0.18);ADD_MULTIPLY_POWERDAM(0.18)					0	
18760	3	0		0.0		AGI_CHECK(1.1)	ADD_ABSORB_POWERDAM(0.25);ADD_MULTIPLY_POWERDAM(0.25)					0	
18761	3	0		0.0		AGI_CHECK(0.5)	ADD_DAMPLUS_PHYSICS(0.14);ADD_DAMPLUS_MAGIC(0.14)					0	
18762	3	0		0.0		AGI_CHECK(0.7)	ADD_DAMPLUS_PHYSICS(0.21);ADD_DAMPLUS_MAGIC(0.21)					0	
18763	3	0		0.0		AGI_CHECK(0.9)	ADD_DAMPLUS_PHYSICS(0.31);ADD_DAMPLUS_MAGIC(0.31)					0	
18764	3	0		0.0		AGI_CHECK(1.1)	ADD_DAMPLUS_PHYSICS(0.51);ADD_DAMPLUS_MAGIC(0.51)					0	
18765	3	0		0.0		AGI_CHECK(0.5)	ADD_DODGE(0.05);ADD_ANTI_POWERHIT(0.05)					0	
18766	3	0		0.0		AGI_CHECK(0.7)	ADD_DODGE(0.075);ADD_ANTI_POWERHIT(0.075)					0	
18767	3	0		0.0		AGI_CHECK(0.9)	ADD_DODGE(0.1);ADD_ANTI_POWERHIT(0.1)					0	
18768	3	0		0.0		AGI_CHECK(1.1)	ADD_DODGE(0.15);ADD_ANTI_POWERHIT(0.15)					0	
18769	3	0		0.0		AGI_CHECK(0.5)	MUL_STR(0.04)					0	
18770	3	0		0.0		AGI_CHECK(0.7)	MUL_STR(0.06)					0	
18771	3	0		0.0		AGI_CHECK(0.9)	MUL_STR(0.10)					0	
18772	3	0		0.0		AGI_CHECK(1.1)	MUL_STR(0.15)					0	
18773	3	0		0.0		AGI_CHECK(0.5)	MUL_AGI(0.04)					0	
18774	3	0		0.0		AGI_CHECK(0.7)	MUL_AGI(0.06)					0	
18775	3	0		0.0		AGI_CHECK(0.9)	MUL_AGI(0.10)					0	
18776	3	0		0.0		AGI_CHECK(1.1)	MUL_AGI(0.15)					0	
18777	3	0		0.0		AGI_CHECK(0.5)	MUL_CON(0.04)					0	
18778	3	0		0.0		AGI_CHECK(0.7)	MUL_CON(0.06)					0	
18779	3	0		0.0		AGI_CHECK(0.9)	MUL_CON(0.10)					0	
18780	3	0		0.0		AGI_CHECK(1.1)	MUL_CON(0.15)					0	
18781	3	0		0.0		AGI_CHECK(0.5)	MUL_INT(0.04)					0	
18782	3	0		0.0		AGI_CHECK(0.7)	MUL_INT(0.06)					0	
18783	3	0		0.0		AGI_CHECK(0.9)	MUL_INT(0.10)					0	
18784	3	0		0.0		AGI_CHECK(1.1)	MUL_INT(0.15)					0	
18785	3	0		0.0		AGI_CHECK(0.5)	MUL_PER(0.04)					0	
18786	3	0		0.0		AGI_CHECK(0.7)	MUL_PER(0.06)					0	
18787	3	0		0.0		AGI_CHECK(0.9)	MUL_PER(0.10)					0	
18788	3	0		0.0		AGI_CHECK(1.1)	MUL_PER(0.15)					0	
18789	3	0		0.0		AGI_CHECK(0.5)	MUL_HPMAX(0.08)					0	
18790	3	0		0.0		AGI_CHECK(0.7)	MUL_HPMAX(0.12)					0	
18791	3	0		0.0		AGI_CHECK(0.9)	MUL_HPMAX(0.16)					0	
18792	3	0		0.0		AGI_CHECK(1.1)	MUL_HPMAX(0.15)					0	
18793	3	0		0.0		AGI_CHECK(0.5)	ADD_AC_PHYSICS(0.08)					0	
18794	3	0		0.0		AGI_CHECK(0.7)	ADD_AC_PHYSICS(0.12)					0	
18795	3	0		0.0		AGI_CHECK(0.9)	ADD_AC_PHYSICS(0.16)					0	
18796	3	0		0.0		AGI_CHECK(1.1)	ADD_AC_PHYSICS(0.15)					0	
18797	3	0		0.0		AGI_CHECK(0.5)	ADD_AC_MAGIC(0.08)					0	
18798	3	0		0.0		AGI_CHECK(0.7)	ADD_AC_MAGIC(0.12)					0	
18799	3	0		0.0		AGI_CHECK(0.9)	ADD_AC_MAGIC(0.16)					0	
18800	3	0		0.0		AGI_CHECK(1.1)	ADD_AC_MAGIC(0.15)					0	
18801	3	0		0.0		AGI_CHECK(0.5)	ADD_PENETRATE_PHYSICS(0.08)					0	
18802	3	0		0.0		AGI_CHECK(0.7)	ADD_PENETRATE_PHYSICS(0.12)					0	
18803	3	0		0.0		AGI_CHECK(0.9)	ADD_PENETRATE_PHYSICS(0.16)					0	
18804	3	0		0.0		AGI_CHECK(1.1)	ADD_PENETRATE_PHYSICS(0.26)					0	
18805	3	0		0.0		AGI_CHECK(0.5)	ADD_PENETRATE_MAGIC(0.08)					0	
18806	3	0		0.0		AGI_CHECK(0.7)	ADD_PENETRATE_MAGIC(0.12)					0	
18807	3	0		0.0		AGI_CHECK(0.9)	ADD_PENETRATE_MAGIC(0.16)					0	
18808	3	0		0.0		AGI_CHECK(1.1)	ADD_PENETRATE_MAGIC(0.26)					0	
18809	3	0		0.0		CON_CHECK(0.5)	ADD_ABSORB_PHYSICS(0.1)					0	
18810	3	0		0.0		CON_CHECK(0.7)	ADD_ABSORB_PHYSICS(0.17)					0	
18811	3	0		0.0		CON_CHECK(0.9)	ADD_ABSORB_PHYSICS(0.24)					0	
18812	3	0		0.0		CON_CHECK(1.1)	ADD_ABSORB_PHYSICS(0.34)					0	
18813	3	0		0.0		CON_CHECK(0.5)	ADD_ABSORB_MAGIC(0.1)					0	
18814	3	0		0.0		CON_CHECK(0.7)	ADD_ABSORB_MAGIC(0.17)					0	
18815	3	0		0.0		CON_CHECK(0.9)	ADD_ABSORB_MAGIC(0.24)					0	
18816	3	0		0.0		CON_CHECK(1.1)	ADD_ABSORB_MAGIC(0.34)					0	
18817	3	0		0.0		CON_CHECK(0.5)	ADD_ABSORB_PHYSICS(0.1);ADD_ABSORB_MAGIC(0.1)					0	
18818	3	0		0.0		CON_CHECK(0.7)	ADD_ABSORB_PHYSICS(0.17);ADD_ABSORB_MAGIC(0.17)					0	
18819	3	0		0.0		CON_CHECK(0.9)	ADD_ABSORB_PHYSICS(0.24);ADD_ABSORB_MAGIC(0.24)					0	
18820	3	0		0.0		CON_CHECK(1.1)	ADD_ABSORB_PHYSICS(0.34);ADD_ABSORB_MAGIC(0.34)					0	
18821	3	0		0.0		CON_CHECK(0.5)	ADD_HPMAX(0.24)					0	
18822	3	0		0.0		CON_CHECK(0.7)	ADD_HPMAX(0.39)					0	
18823	3	0		0.0		CON_CHECK(0.9)	ADD_HPMAX(0.55)					0	
18824	3	0		0.0		CON_CHECK(1.1)	ADD_HPMAX(0.78)					0	
18825	3	0		0.0		CON_CHECK(0.5)	ADD_RECOVER_STAMINA(0.6)					0	
18826	3	0		0.0		CON_CHECK(0.7)	ADD_RECOVER_STAMINA(0.8)					0	
18827	3	0		0.0		CON_CHECK(0.9)	ADD_RECOVER_STAMINA(1)					0	
18828	3	0		0.0		CON_CHECK(1.1)	ADD_RECOVER_STAMINA(1.2)					0	
18829	3	0		0.0		CON_CHECK(0.5);ISSEA(0)	DRAIN_LIFE(0.01)					0	
18830	3	0		0.0		CON_CHECK(0.7);ISSEA(0)	DRAIN_LIFE(0.02)					0	
18831	3	0		0.0		CON_CHECK(0.9);ISSEA(0)	DRAIN_LIFE(0.03)					0	
18832	3	0		0.0		CON_CHECK(1.1);ISSEA(0)	DRAIN_LIFE(0.04)					0	
18833	3	0		0.0		CON_CHECK(0.5)	ADD_HITRATE(0.075);ADD_POWERHIT(0.025)					0	
18834	3	0		0.0		CON_CHECK(0.7)	ADD_HITRATE(0.1);ADD_POWERHIT(0.035)					0	
18835	3	0		0.0		CON_CHECK(0.9)	ADD_HITRATE(0.16);ADD_POWERHIT(0.5)					0	
18836	3	0		0.0		CON_CHECK(1.1)	ADD_HITRATE(0.25);ADD_POWERHIT(0.075)					0	
18837	3	0		0.0		CON_CHECK(0.5)	ADD_HPMAX(0.27)					0	
18838	3	0		0.0		CON_CHECK(0.7)	ADD_HPMAX(0.45)					0	
18839	3	0		0.0		CON_CHECK(0.9)	ADD_HPMAX(0.63)					0	
18840	3	0		0.0		CON_CHECK(1.1)	ADD_HPMAX(0.9)					0	
18841	3	0		0.0		CON_CHECK(0.5)	ADD_ABSORB_POWERDAM(0.1);ADD_MULTIPLY_POWERDAM(0.1)					0	
18842	3	0		0.0		CON_CHECK(0.7)	ADD_ABSORB_POWERDAM(0.14);ADD_MULTIPLY_POWERDAM(0.14)					0	
18843	3	0		0.0		CON_CHECK(0.9)	ADD_ABSORB_POWERDAM(0.18);ADD_MULTIPLY_POWERDAM(0.18)					0	
18844	3	0		0.0		CON_CHECK(1.1)	ADD_ABSORB_POWERDAM(0.25);ADD_MULTIPLY_POWERDAM(0.25)					0	
18845	3	0		0.0		CON_CHECK(0.5)	ADD_DAMPLUS_PHYSICS(0.14);ADD_DAMPLUS_MAGIC(0.14)					0	
18846	3	0		0.0		CON_CHECK(0.7)	ADD_DAMPLUS_PHYSICS(0.21);ADD_DAMPLUS_MAGIC(0.21)					0	
18847	3	0		0.0		CON_CHECK(0.9)	ADD_DAMPLUS_PHYSICS(0.31);ADD_DAMPLUS_MAGIC(0.31)					0	
18848	3	0		0.0		CON_CHECK(1.1)	ADD_DAMPLUS_PHYSICS(0.51);ADD_DAMPLUS_MAGIC(0.51)					0	
18849	3	0		0.0		CON_CHECK(0.5)	ADD_DODGE(0.05);ADD_ANTI_POWERHIT(0.05)					0	
18850	3	0		0.0		CON_CHECK(0.7)	ADD_DODGE(0.075);ADD_ANTI_POWERHIT(0.075)					0	
18851	3	0		0.0		CON_CHECK(0.9)	ADD_DODGE(0.1);ADD_ANTI_POWERHIT(0.1)					0	
18852	3	0		0.0		CON_CHECK(1.1)	ADD_DODGE(0.15);ADD_ANTI_POWERHIT(0.15)					0	
18853	3	0		0.0		CON_CHECK(0.5)	MUL_STR(0.04)					0	
18854	3	0		0.0		CON_CHECK(0.7)	MUL_STR(0.06)					0	
18855	3	0		0.0		CON_CHECK(0.9)	MUL_STR(0.10)					0	
18856	3	0		0.0		CON_CHECK(1.1)	MUL_STR(0.15)					0	
18857	3	0		0.0		CON_CHECK(0.5)	MUL_AGI(0.04)					0	
18858	3	0		0.0		CON_CHECK(0.7)	MUL_AGI(0.06)					0	
18859	3	0		0.0		CON_CHECK(0.9)	MUL_AGI(0.10)					0	
18860	3	0		0.0		CON_CHECK(1.1)	MUL_AGI(0.15)					0	
18861	3	0		0.0		CON_CHECK(0.5)	MUL_CON(0.04)					0	
18862	3	0		0.0		CON_CHECK(0.7)	MUL_CON(0.06)					0	
18863	3	0		0.0		CON_CHECK(0.9)	MUL_CON(0.10)					0	
18864	3	0		0.0		CON_CHECK(1.1)	MUL_CON(0.15)					0	
18865	3	0		0.0		CON_CHECK(0.5)	MUL_INT(0.04)					0	
18866	3	0		0.0		CON_CHECK(0.7)	MUL_INT(0.06)					0	
18867	3	0		0.0		CON_CHECK(0.9)	MUL_INT(0.10)					0	
18868	3	0		0.0		CON_CHECK(1.1)	MUL_INT(0.15)					0	
18869	3	0		0.0		CON_CHECK(0.5)	MUL_PER(0.04)					0	
18870	3	0		0.0		CON_CHECK(0.7)	MUL_PER(0.06)					0	
18871	3	0		0.0		CON_CHECK(0.9)	MUL_PER(0.10)					0	
18872	3	0		0.0		CON_CHECK(1.1)	MUL_PER(0.15)					0	
18873	3	0		0.0		CON_CHECK(0.5)	MUL_HPMAX(0.08)					0	
18874	3	0		0.0		CON_CHECK(0.7)	MUL_HPMAX(0.12)					0	
18875	3	0		0.0		CON_CHECK(0.9)	MUL_HPMAX(0.16)					0	
18876	3	0		0.0		CON_CHECK(1.1)	MUL_HPMAX(0.15)					0	
18877	3	0		0.0		CON_CHECK(0.5)	ADD_AC_PHYSICS(0.08)					0	
18878	3	0		0.0		CON_CHECK(0.7)	ADD_AC_PHYSICS(0.12)					0	
18879	3	0		0.0		CON_CHECK(0.9)	ADD_AC_PHYSICS(0.16)					0	
18880	3	0		0.0		CON_CHECK(1.1)	ADD_AC_PHYSICS(0.15)					0	
18881	3	0		0.0		CON_CHECK(0.5)	ADD_AC_MAGIC(0.08)					0	
18882	3	0		0.0		CON_CHECK(0.7)	ADD_AC_MAGIC(0.12)					0	
18883	3	0		0.0		CON_CHECK(0.9)	ADD_AC_MAGIC(0.16)					0	
18884	3	0		0.0		CON_CHECK(1.1)	ADD_AC_MAGIC(0.15)					0	
18885	3	0		0.0		CON_CHECK(0.5)	ADD_PENETRATE_PHYSICS(0.08)					0	
18886	3	0		0.0		CON_CHECK(0.7)	ADD_PENETRATE_PHYSICS(0.12)					0	
18887	3	0		0.0		CON_CHECK(0.9)	ADD_PENETRATE_PHYSICS(0.16)					0	
18888	3	0		0.0		CON_CHECK(1.1)	ADD_PENETRATE_PHYSICS(0.26)					0	
18889	3	0		0.0		CON_CHECK(0.5)	ADD_PENETRATE_MAGIC(0.08)					0	
18890	3	0		0.0		CON_CHECK(0.7)	ADD_PENETRATE_MAGIC(0.12)					0	
18891	3	0		0.0		CON_CHECK(0.9)	ADD_PENETRATE_MAGIC(0.16)					0	
18892	3	0		0.0		CON_CHECK(1.1)	ADD_PENETRATE_MAGIC(0.26)					0	
18893	3	0		0.0		INT_CHECK(0.5)	ADD_ABSORB_PHYSICS(0.1)					0	
18894	3	0		0.0		INT_CHECK(0.7)	ADD_ABSORB_PHYSICS(0.17)					0	
18895	3	0		0.0		INT_CHECK(0.9)	ADD_ABSORB_PHYSICS(0.24)					0	
18896	3	0		0.0		INT_CHECK(1.1)	ADD_ABSORB_PHYSICS(0.34)					0	
18897	3	0		0.0		INT_CHECK(0.5)	ADD_ABSORB_MAGIC(0.1)					0	
18898	3	0		0.0		INT_CHECK(0.7)	ADD_ABSORB_MAGIC(0.17)					0	
18899	3	0		0.0		INT_CHECK(0.9)	ADD_ABSORB_MAGIC(0.24)					0	
18900	3	0		0.0		INT_CHECK(1.1)	ADD_ABSORB_MAGIC(0.34)					0	
18901	3	0		0.0		INT_CHECK(0.5)	ADD_ABSORB_PHYSICS(0.1);ADD_ABSORB_MAGIC(0.1)					0	
18902	3	0		0.0		INT_CHECK(0.7)	ADD_ABSORB_PHYSICS(0.17);ADD_ABSORB_MAGIC(0.17)					0	
18903	3	0		0.0		INT_CHECK(0.9)	ADD_ABSORB_PHYSICS(0.24);ADD_ABSORB_MAGIC(0.24)					0	
18904	3	0		0.0		INT_CHECK(1.1)	ADD_ABSORB_PHYSICS(0.34);ADD_ABSORB_MAGIC(0.34)					0	
18905	3	0		0.0		INT_CHECK(0.5)	ADD_HPMAX(0.24)					0	
18906	3	0		0.0		INT_CHECK(0.7)	ADD_HPMAX(0.39)					0	
18907	3	0		0.0		INT_CHECK(0.9)	ADD_HPMAX(0.55)					0	
18908	3	0		0.0		INT_CHECK(1.1)	ADD_HPMAX(0.78)					0	
18909	3	0		0.0		INT_CHECK(0.5)	ADD_RECOVER_STAMINA(0.6)					0	
18910	3	0		0.0		INT_CHECK(0.7)	ADD_RECOVER_STAMINA(0.8)					0	
18911	3	0		0.0		INT_CHECK(0.9)	ADD_RECOVER_STAMINA(1)					0	
18912	3	0		0.0		INT_CHECK(1.1)	ADD_RECOVER_STAMINA(1.2)					0	
18913	3	0		0.0		INT_CHECK(0.5);ISSEA(0)	DRAIN_LIFE(0.01)					0	
18914	3	0		0.0		INT_CHECK(0.7);ISSEA(0)	DRAIN_LIFE(0.02)					0	
18915	3	0		0.0		INT_CHECK(0.9);ISSEA(0)	DRAIN_LIFE(0.03)					0	
18916	3	0		0.0		INT_CHECK(1.1);ISSEA(0)	DRAIN_LIFE(0.04)					0	
18917	3	0		0.0		INT_CHECK(0.5)	ADD_HITRATE(0.075);ADD_POWERHIT(0.025)					0	
18918	3	0		0.0		INT_CHECK(0.7)	ADD_HITRATE(0.1);ADD_POWERHIT(0.035)					0	
18919	3	0		0.0		INT_CHECK(0.9)	ADD_HITRATE(0.16);ADD_POWERHIT(0.5)					0	
18920	3	0		0.0		INT_CHECK(1.1)	ADD_HITRATE(0.25);ADD_POWERHIT(0.075)					0	
18921	3	0		0.0		INT_CHECK(0.5)	ADD_HPMAX(0.27)					0	
18922	3	0		0.0		INT_CHECK(0.7)	ADD_HPMAX(0.45)					0	
18923	3	0		0.0		INT_CHECK(0.9)	ADD_HPMAX(0.63)					0	
18924	3	0		0.0		INT_CHECK(1.1)	ADD_HPMAX(0.9)					0	
18925	3	0		0.0		INT_CHECK(0.5)	ADD_ABSORB_POWERDAM(0.1);ADD_MULTIPLY_POWERDAM(0.1)					0	
18926	3	0		0.0		INT_CHECK(0.7)	ADD_ABSORB_POWERDAM(0.14);ADD_MULTIPLY_POWERDAM(0.14)					0	
18927	3	0		0.0		INT_CHECK(0.9)	ADD_ABSORB_POWERDAM(0.18);ADD_MULTIPLY_POWERDAM(0.18)					0	
18928	3	0		0.0		INT_CHECK(1.1)	ADD_ABSORB_POWERDAM(0.25);ADD_MULTIPLY_POWERDAM(0.25)					0	
18929	3	0		0.0		INT_CHECK(0.5)	ADD_DAMPLUS_PHYSICS(0.14);ADD_DAMPLUS_MAGIC(0.14)					0	
18930	3	0		0.0		INT_CHECK(0.7)	ADD_DAMPLUS_PHYSICS(0.21);ADD_DAMPLUS_MAGIC(0.21)					0	
18931	3	0		0.0		INT_CHECK(0.9)	ADD_DAMPLUS_PHYSICS(0.31);ADD_DAMPLUS_MAGIC(0.31)					0	
18932	3	0		0.0		INT_CHECK(1.1)	ADD_DAMPLUS_PHYSICS(0.51);ADD_DAMPLUS_MAGIC(0.51)					0	
18933	3	0		0.0		INT_CHECK(0.5)	ADD_DODGE(0.05);ADD_ANTI_POWERHIT(0.05)					0	
18934	3	0		0.0		INT_CHECK(0.7)	ADD_DODGE(0.075);ADD_ANTI_POWERHIT(0.075)					0	
18935	3	0		0.0		INT_CHECK(0.9)	ADD_DODGE(0.1);ADD_ANTI_POWERHIT(0.1)					0	
18936	3	0		0.0		INT_CHECK(1.1)	ADD_DODGE(0.15);ADD_ANTI_POWERHIT(0.15)					0	
18937	3	0		0.0		INT_CHECK(0.5)	MUL_STR(0.04)					0	
18938	3	0		0.0		INT_CHECK(0.7)	MUL_STR(0.06)					0	
18939	3	0		0.0		INT_CHECK(0.9)	MUL_STR(0.10)					0	
18940	3	0		0.0		INT_CHECK(1.1)	MUL_STR(0.15)					0	
18941	3	0		0.0		INT_CHECK(0.5)	MUL_AGI(0.04)					0	
18942	3	0		0.0		INT_CHECK(0.7)	MUL_AGI(0.06)					0	
18943	3	0		0.0		INT_CHECK(0.9)	MUL_AGI(0.10)					0	
18944	3	0		0.0		INT_CHECK(1.1)	MUL_AGI(0.15)					0	
18945	3	0		0.0		INT_CHECK(0.5)	MUL_CON(0.04)					0	
18946	3	0		0.0		INT_CHECK(0.7)	MUL_CON(0.06)					0	
18947	3	0		0.0		INT_CHECK(0.9)	MUL_CON(0.10)					0	
18948	3	0		0.0		INT_CHECK(1.1)	MUL_CON(0.15)					0	
18949	3	0		0.0		INT_CHECK(0.5)	MUL_INT(0.04)					0	
18950	3	0		0.0		INT_CHECK(0.7)	MUL_INT(0.06)					0	
18951	3	0		0.0		INT_CHECK(0.9)	MUL_INT(0.10)					0	
18952	3	0		0.0		INT_CHECK(1.1)	MUL_INT(0.15)					0	
18953	3	0		0.0		INT_CHECK(0.5)	MUL_PER(0.04)					0	
18954	3	0		0.0		INT_CHECK(0.7)	MUL_PER(0.06)					0	
18955	3	0		0.0		INT_CHECK(0.9)	MUL_PER(0.10)					0	
18956	3	0		0.0		INT_CHECK(1.1)	MUL_PER(0.15)					0	
18957	3	0		0.0		INT_CHECK(0.5)	MUL_HPMAX(0.08)					0	
18958	3	0		0.0		INT_CHECK(0.7)	MUL_HPMAX(0.12)					0	
18959	3	0		0.0		INT_CHECK(0.9)	MUL_HPMAX(0.16)					0	
18960	3	0		0.0		INT_CHECK(1.1)	MUL_HPMAX(0.15)					0	
18961	3	0		0.0		INT_CHECK(0.5)	ADD_AC_PHYSICS(0.08)					0	
18962	3	0		0.0		INT_CHECK(0.7)	ADD_AC_PHYSICS(0.12)					0	
18963	3	0		0.0		INT_CHECK(0.9)	ADD_AC_PHYSICS(0.16)					0	
18964	3	0		0.0		INT_CHECK(1.1)	ADD_AC_PHYSICS(0.15)					0	
18965	3	0		0.0		INT_CHECK(0.5)	ADD_AC_MAGIC(0.08)					0	
18966	3	0		0.0		INT_CHECK(0.7)	ADD_AC_MAGIC(0.12)					0	
18967	3	0		0.0		INT_CHECK(0.9)	ADD_AC_MAGIC(0.16)					0	
18968	3	0		0.0		INT_CHECK(1.1)	ADD_AC_MAGIC(0.15)					0	
18969	3	0		0.0		INT_CHECK(0.5)	ADD_PENETRATE_PHYSICS(0.08)					0	
18970	3	0		0.0		INT_CHECK(0.7)	ADD_PENETRATE_PHYSICS(0.12)					0	
18971	3	0		0.0		INT_CHECK(0.9)	ADD_PENETRATE_PHYSICS(0.16)					0	
18972	3	0		0.0		INT_CHECK(1.1)	ADD_PENETRATE_PHYSICS(0.26)					0	
18973	3	0		0.0		INT_CHECK(0.5)	ADD_PENETRATE_MAGIC(0.08)					0	
18974	3	0		0.0		INT_CHECK(0.7)	ADD_PENETRATE_MAGIC(0.12)					0	
18975	3	0		0.0		INT_CHECK(0.9)	ADD_PENETRATE_MAGIC(0.16)					0	
18976	3	0		0.0		INT_CHECK(1.1)	ADD_PENETRATE_MAGIC(0.26)					0	
18977	3	0		0.0		PER_CHECK(0.5)	ADD_ABSORB_PHYSICS(0.1)					0	
18978	3	0		0.0		PER_CHECK(0.7)	ADD_ABSORB_PHYSICS(0.17)					0	
18979	3	0		0.0		PER_CHECK(0.9)	ADD_ABSORB_PHYSICS(0.24)					0	
18980	3	0		0.0		PER_CHECK(1.1)	ADD_ABSORB_PHYSICS(0.34)					0	
18981	3	0		0.0		PER_CHECK(0.5)	ADD_ABSORB_MAGIC(0.1)					0	
18982	3	0		0.0		PER_CHECK(0.7)	ADD_ABSORB_MAGIC(0.17)					0	
18983	3	0		0.0		PER_CHECK(0.9)	ADD_ABSORB_MAGIC(0.24)					0	
18984	3	0		0.0		PER_CHECK(1.1)	ADD_ABSORB_MAGIC(0.34)					0	
18985	3	0		0.0		PER_CHECK(0.5)	ADD_ABSORB_PHYSICS(0.1);ADD_ABSORB_MAGIC(0.1)					0	
18986	3	0		0.0		PER_CHECK(0.7)	ADD_ABSORB_PHYSICS(0.17);ADD_ABSORB_MAGIC(0.17)					0	
18987	3	0		0.0		PER_CHECK(0.9)	ADD_ABSORB_PHYSICS(0.24);ADD_ABSORB_MAGIC(0.24)					0	
18988	3	0		0.0		PER_CHECK(1.1)	ADD_ABSORB_PHYSICS(0.34);ADD_ABSORB_MAGIC(0.34)					0	
18989	3	0		0.0		PER_CHECK(0.5)	ADD_HPMAX(0.24)					0	
18990	3	0		0.0		PER_CHECK(0.7)	ADD_HPMAX(0.39)					0	
18991	3	0		0.0		PER_CHECK(0.9)	ADD_HPMAX(0.55)					0	
18992	3	0		0.0		PER_CHECK(1.1)	ADD_HPMAX(0.78)					0	
18993	3	0		0.0		PER_CHECK(0.5)	ADD_RECOVER_STAMINA(0.6)					0	
18994	3	0		0.0		PER_CHECK(0.7)	ADD_RECOVER_STAMINA(0.8)					0	
18995	3	0		0.0		PER_CHECK(0.9)	ADD_RECOVER_STAMINA(1)					0	
18996	3	0		0.0		PER_CHECK(1.1)	ADD_RECOVER_STAMINA(1.2)					0	
18997	3	0		0.0		PER_CHECK(0.5);ISSEA(0)	DRAIN_LIFE(0.01)					0	
18998	3	0		0.0		PER_CHECK(0.7);ISSEA(0)	DRAIN_LIFE(0.02)					0	
18999	3	0		0.0		PER_CHECK(0.9);ISSEA(0)	DRAIN_LIFE(0.03)					0	
19000	3	0		0.0		PER_CHECK(1.1);ISSEA(0)	DRAIN_LIFE(0.04)					0	
19001	3	0		0.0		PER_CHECK(0.5)	ADD_HITRATE(0.075);ADD_POWERHIT(0.025)					0	
19002	3	0		0.0		PER_CHECK(0.7)	ADD_HITRATE(0.1);ADD_POWERHIT(0.035)					0	
19003	3	0		0.0		PER_CHECK(0.9)	ADD_HITRATE(0.16);ADD_POWERHIT(0.5)					0	
19004	3	0		0.0		PER_CHECK(1.1)	ADD_HITRATE(0.25);ADD_POWERHIT(0.075)					0	
19005	3	0		0.0		PER_CHECK(0.5)	ADD_HPMAX(0.27)					0	
19006	3	0		0.0		PER_CHECK(0.7)	ADD_HPMAX(0.45)					0	
19007	3	0		0.0		PER_CHECK(0.9)	ADD_HPMAX(0.63)					0	
19008	3	0		0.0		PER_CHECK(1.1)	ADD_HPMAX(0.9)					0	
19009	3	0		0.0		PER_CHECK(0.5)	ADD_ABSORB_POWERDAM(0.1);ADD_MULTIPLY_POWERDAM(0.1)					0	
19010	3	0		0.0		PER_CHECK(0.7)	ADD_ABSORB_POWERDAM(0.14);ADD_MULTIPLY_POWERDAM(0.14)					0	
19011	3	0		0.0		PER_CHECK(0.9)	ADD_ABSORB_POWERDAM(0.18);ADD_MULTIPLY_POWERDAM(0.18)					0	
19012	3	0		0.0		PER_CHECK(1.1)	ADD_ABSORB_POWERDAM(0.25);ADD_MULTIPLY_POWERDAM(0.25)					0	
19013	3	0		0.0		PER_CHECK(0.5)	ADD_DAMPLUS_PHYSICS(0.14);ADD_DAMPLUS_MAGIC(0.14)					0	
19014	3	0		0.0		PER_CHECK(0.7)	ADD_DAMPLUS_PHYSICS(0.21);ADD_DAMPLUS_MAGIC(0.21)					0	
19015	3	0		0.0		PER_CHECK(0.9)	ADD_DAMPLUS_PHYSICS(0.31);ADD_DAMPLUS_MAGIC(0.31)					0	
19016	3	0		0.0		PER_CHECK(1.1)	ADD_DAMPLUS_PHYSICS(0.51);ADD_DAMPLUS_MAGIC(0.51)					0	
19017	3	0		0.0		PER_CHECK(0.5)	ADD_DODGE(0.05);ADD_ANTI_POWERHIT(0.05)					0	
19018	3	0		0.0		PER_CHECK(0.7)	ADD_DODGE(0.075);ADD_ANTI_POWERHIT(0.075)					0	
19019	3	0		0.0		PER_CHECK(0.9)	ADD_DODGE(0.1);ADD_ANTI_POWERHIT(0.1)					0	
19020	3	0		0.0		PER_CHECK(1.1)	ADD_DODGE(0.15);ADD_ANTI_POWERHIT(0.15)					0	
19021	3	0		0.0		PER_CHECK(0.5)	MUL_STR(0.04)					0	
19022	3	0		0.0		PER_CHECK(0.7)	MUL_STR(0.06)					0	
19023	3	0		0.0		PER_CHECK(0.9)	MUL_STR(0.10)					0	
19024	3	0		0.0		PER_CHECK(1.1)	MUL_STR(0.15)					0	
19025	3	0		0.0		PER_CHECK(0.5)	MUL_AGI(0.04)					0	
19026	3	0		0.0		PER_CHECK(0.7)	MUL_AGI(0.06)					0	
19027	3	0		0.0		PER_CHECK(0.9)	MUL_AGI(0.10)					0	
19028	3	0		0.0		PER_CHECK(1.1)	MUL_AGI(0.15)					0	
19029	3	0		0.0		PER_CHECK(0.5)	MUL_CON(0.04)					0	
19030	3	0		0.0		PER_CHECK(0.7)	MUL_CON(0.06)					0	
19031	3	0		0.0		PER_CHECK(0.9)	MUL_CON(0.10)					0	
19032	3	0		0.0		PER_CHECK(1.1)	MUL_CON(0.15)					0	
19033	3	0		0.0		PER_CHECK(0.5)	MUL_INT(0.04)					0	
19034	3	0		0.0		PER_CHECK(0.7)	MUL_INT(0.06)					0	
19035	3	0		0.0		PER_CHECK(0.9)	MUL_INT(0.10)					0	
19036	3	0		0.0		PER_CHECK(1.1)	MUL_INT(0.15)					0	
19037	3	0		0.0		PER_CHECK(0.5)	MUL_PER(0.04)					0	
19038	3	0		0.0		PER_CHECK(0.7)	MUL_PER(0.06)					0	
19039	3	0		0.0		PER_CHECK(0.9)	MUL_PER(0.10)					0	
19040	3	0		0.0		PER_CHECK(1.1)	MUL_PER(0.15)					0	
19041	3	0		0.0		PER_CHECK(0.5)	MUL_HPMAX(0.08)					0	
19042	3	0		0.0		PER_CHECK(0.7)	MUL_HPMAX(0.12)					0	
19043	3	0		0.0		PER_CHECK(0.9)	MUL_HPMAX(0.16)					0	
19044	3	0		0.0		PER_CHECK(1.1)	MUL_HPMAX(0.15)					0	
19045	3	0		0.0		PER_CHECK(0.5)	ADD_AC_PHYSICS(0.08)					0	
19046	3	0		0.0		PER_CHECK(0.7)	ADD_AC_PHYSICS(0.12)					0	
19047	3	0		0.0		PER_CHECK(0.9)	ADD_AC_PHYSICS(0.16)					0	
19048	3	0		0.0		PER_CHECK(1.1)	ADD_AC_PHYSICS(0.15)					0	
19049	3	0		0.0		PER_CHECK(0.5)	ADD_AC_MAGIC(0.08)					0	
19050	3	0		0.0		PER_CHECK(0.7)	ADD_AC_MAGIC(0.12)					0	
19051	3	0		0.0		PER_CHECK(0.9)	ADD_AC_MAGIC(0.16)					0	
19052	3	0		0.0		PER_CHECK(1.1)	ADD_AC_MAGIC(0.15)					0	
19053	3	0		0.0		PER_CHECK(0.5)	ADD_PENETRATE_PHYSICS(0.08)					0	
19054	3	0		0.0		PER_CHECK(0.7)	ADD_PENETRATE_PHYSICS(0.12)					0	
19055	3	0		0.0		PER_CHECK(0.9)	ADD_PENETRATE_PHYSICS(0.16)					0	
19056	3	0		0.0		PER_CHECK(1.1)	ADD_PENETRATE_PHYSICS(0.26)					0	
19057	3	0		0.0		PER_CHECK(0.5)	ADD_PENETRATE_MAGIC(0.08)					0	
19058	3	0		0.0		PER_CHECK(0.7)	ADD_PENETRATE_MAGIC(0.12)					0	
19059	3	0		0.0		PER_CHECK(0.9)	ADD_PENETRATE_MAGIC(0.16)					0	
19060	3	0		0.0		PER_CHECK(1.1)	ADD_PENETRATE_MAGIC(0.26)					0	
19061	3	0		0.0								0	
19062	3	0		0.0								0	
19063	3	0		0.0								0	
19064	3	0		0.0								0	
19065	3	0		0.0								0	
19066	3	0		0.0								0	
19067	3	0		0.0								0	
19068	3	0		0.0								0	
19069	3	0		0.0								0	
19070	3	0		0.0								0	
19071	3	0		0.0								0	
19072	3	0		0.0								0	
19073	3	0		0.0								0	
19074	3	0		0.0								0	
19075	3	0		0.0								0	
19076	3	0		0.0								0	
19077	3	0		0.0								0	
19078	3	0		0.0								0	
19101	501	0		0.0				RESKILL(520);RESKILL(521);RESKILL(522);RESKILL(523);RESKILL(524);RESKILL(525);RESKILL(526);RESKILL(527);RESKILL(528);RESKILL(529);RESKILL(530);RESKILL(531);RESKILL(550);RESKILL(551);RESKILL(552);RESKILL(553);RESKILL(554);RESKILL(555);RESKILL(556);RESKILL(557);RESKILL(600);RESKILL(601);RESKILL(602);RESKILL(603);RESKILL(604);RESKILL(605);RESKILL(650);RESKILL(651);RESKILL(652);RESKILL(653);RESKILL(654);RESKILL(655)				0	
19500	4	0		0.0				MUL_COST_GLIDEUP(-0.95)	HG_003_000			0	
19501	3	0		0.0		HP_I>(0.7) 	ADD_DAMPLUS_MAGIC(0.25);ADD_PENETRATE_MAGIC(0.15)	ADD_STAMINAMAX(0.2)				0	
19502	3	0		0.0		HP_I>(0.7) 	ADD_DAMPLUS_PHYSICS(0.2);ADD_PENETRATE_PHYSICS(0.25)	DRAIN_LIFE(0.02);ADD_POWERHIT(0.025)				0	
19503	3	0		0.0				ADD_AC_PHYSICS(0.5);ADD_AC_MAGIC(0.5);HITMISSILE(4,0,133);MUL_DAMPLUS_MAGIC(0.1)				0	
19504	3	0		0.0		HP_I>(0.33) 	ADD_ABSORB_SHIELD(0.25)	ADD_HPMAX(0.5)				0	
19505	3	0		0.0		HP_I>(0.66) 	ADD_MULTIPLY_POWERDAM(0.25)	ADD_PENETRATE_PHYSICS(0.35);ADD_PENETRATE_MAGIC(0.35)				0	
19506	3	0		0.0		HP_I<(0.33);ISSEA(0)	DRAIN_LIFE(0.4)	MUL_DAMPLUS_PHYSICS(0.1);MUL_DAMPLUS_MAGIC(0.1)				0	
19507	3	0		0.0		HP_I>(0.7) 	ADD_RECOVER_STAMINA(5);ADD_DAMPLUS_MAGIC(0.35);ADD_PENETRATE_MAGIC(0.2);ADD_STUN(0.15);ADD_CURSE(0.15)	ADD_STAMINAMAX(0.35);ADD_POWERHIT(0.04)				0	
19508	3	0		0.0		HP_I>(0.7);ISSEA(0)	MUL_DAMPLUS_PHYSICS(0.25);MUL_PENETRATE_PHYSICS(0.25);ADD_SPEED_RUN(0.1)	DRAIN_LIFE(0.06);ADD_POWERHIT(0.04)				0	
19509	3	0		0.0				ADD_AC_PHYSICS(0.6);ADD_AC_MAGIC(0.6);MUL_DAMMIMAGIC(0.1);MUL_DAMPLUS_MAGIC(0.1);HITMISSILE(4,0,134)				0	
19510	3	0		0.0		HP_I>(0.33) 	ADD_ABSORB_SHIELD(0.4);MUL_AC_PHYSICS(0.15);MUL_AC_MAGIC(0.15)	ADD_HPMAX(0.8)				0	
19511	3	0		0.0		HP_I>(0.66) 	ADD_MULTIPLY_POWERDAM(0.4)	ADD_HITRATE(0.2);ADD_PENETRATE_PHYSICS(0.45);ADD_PENETRATE_MAGIC(0.45);MUL_DAMPLUS_MAGIC(0.2);MUL_DAMPLUS_PHYSICS(0.2)				0	
19512	3	0		0.0		HP_I<(0.33);ISSEA(0) 	DRAIN_LIFE(0.66)	MUL_DAMPLUS_PHYSICS(0.2);MUL_DAMPLUS_MAGIC(0.2)				0	
19513	3	0		0.0				ADD_DAMMIMAGIC(0.4);ADD_DAMPLUS_MAGIC(0.5);HITMISSILE(4067,4,113)				0	
19514	3	0		0.0				ADD_DAMMIPHYSICS(0.16);ADD_DAMPLUS_PHYSICS(0.16);ADD_DODGE(0.03);HITMISSILE(4067,6,105)				0	
19515	3	0		0.0				ADD_DAMMIMAGIC(0.2);ADD_DAMPLUS_MAGIC(0.2);HITMISSILE(4067,4,113)				0	
19516	3	0		0.0				MUL_CON(1);ADD_AC_PHYSICS(0.3);ADD_AC_MAGIC(0.3);ADD_ABSORB_PHYSICS(0.2);ADD_ABSORB_MAGIC(0.2);COUNTERMISSILE(4095,0,102)				0	
19517	3	0		0.0				ADD_DAMPLUS_PHYSICS(0.4);ADD_DAMPLUS_MAGIC(0.4);ADD_POWERHIT(0.05);HITMISSILE(4067,5,105)				0	
19518	3	0		0.0		ISSEA(0)	ADD_SPEED_RUN(0.15)	ADD_DAMMIPHYSICS(0.3);ADD_DAMPLUS_PHYSICS(0.6);HITMISSILE(4067,6,105)				0	
19519	3	0		0.0				ADD_DAMMIPHYSICS(0.11);ADD_DAMMIMAGIC(0.11)				0	
19520	3	0		0.0				ADD_DAMMIPHYSICS(0.21);ADD_DAMMIMAGIC(0.21);ADD_POWERHIT(0.03)				0	
19521	3	0		0.0				ADD_DAMPLUS_PHYSICS(0.35);ADD_DAMPLUS_MAGIC(0.35);DRAIN_LIFE(0.5)				0	
19996	1000	0		0.0		BUFF_I(15254,0,4)	ADD_DODGE(0.05)\nADD_ANTI_POWERHIT(0.05)\nADD_ABSORB_POWERDAM(0.2)					0	
19997	1001	0		0.0		BUFF_I(15255,0,4)	ADD_HITRATE(0.05)\nADD_POWERHIT(0.05)\nADD_MULTIPLY_POWERDAM(0.2)					0	
19998	1002	0		0.0		BUFF_I(15256,0,5)	ADD_CONSITUTION(0.25)\nADD_AC_PHYSICS(1)\nADD_AC_MAGIC(1)\nADD_HPMAX(0.5)					0	
19999	1003	0		0.0		BUFF_I(15257,0,5)	ADD_INTELLECT(0.25)\nADD_DAMMIMAGIC(1)\nADD_PENETRATE_MAGIC(2)					0	
20000	1004	0		0.0		BUFF_I(15258,0,5)	ADD_STRENGH(0.25)\nADD_DAMMIPHYSICS(1)\nADD_PENETRATE_PHYSICS(2)					0	
20001	999	0		0.0				ADD_STRENGH(0.04)				0	
20002	999	0		0.0				ADD_CONSITUTION(0.04)				0	
20003	999	0		0.0				ADD_AGILITY(0.04)				0	
20004	999	0		0.0				ADD_PERCEPTION(0.04)				0	
20005	999	0		0.0				ADD_INTELLECT(0.04)				0	
20006	999	0		0.0				ADD_HPMAX(0.06)				0	
20007	999	0		0.0				ADD_DAMMIPHYSICS(0.05)				0	
20008	999	0		0.0				ADD_DAMMIMAGIC(0.05)				0	
20009	999	0		0.0				ADD_AC_PHYSICS(0.16)				0	
20010	999	0		0.0				ADD_AC_MAGIC(0.16)				0	
20011	999	0		0.0				ADD_STRENGH(0.04)\nADD_CONSITUTION(0.04)				0	
20012	999	0		0.0				ADD_STRENGH(0.04)\nADD_AGILITY(0.04)				0	
20013	999	0		0.0				ADD_STRENGH(0.04)\nADD_PERCEPTION(0.04)				0	
20014	999	0		0.0				ADD_STRENGH(0.04)\nADD_INTELLECT(0.04)				0	
20015	999	0		0.0				ADD_STRENGH(0.04)\nADD_HPMAX(0.06)				0	
20016	999	0		0.0				ADD_STRENGH(0.04)\nADD_DAMMIPHYSICS(0.05)				0	
20017	999	0		0.0				ADD_STRENGH(0.04)\nADD_DAMMIMAGIC(0.05)				0	
20018	999	0		0.0				ADD_STRENGH(0.04)\nADD_AC_PHYSICS(0.16)				0	
20019	999	0		0.0				ADD_STRENGH(0.04)\nADD_AC_MAGIC(0.16)				0	
20020	999	0		0.0				ADD_CONSITUTION(0.04)\nADD_STRENGH(0.04)				0	
20021	999	0		0.0				ADD_CONSITUTION(0.04)\nADD_AGILITY(0.04)				0	
20022	999	0		0.0				ADD_CONSITUTION(0.04)\nADD_PERCEPTION(0.04)				0	
20023	999	0		0.0				ADD_CONSITUTION(0.04)\nADD_INTELLECT(0.04)				0	
20024	999	0		0.0				ADD_CONSITUTION(0.04)\nADD_HPMAX(0.06)				0	
20025	999	0		0.0				ADD_CONSITUTION(0.04)\nADD_DAMMIPHYSICS(0.05)				0	
20026	999	0		0.0				ADD_CONSITUTION(0.04)\nADD_DAMMIMAGIC(0.05)				0	
20027	999	0		0.0				ADD_CONSITUTION(0.04)\nADD_AC_PHYSICS(0.16)				0	
20028	999	0		0.0				ADD_CONSITUTION(0.04)\nADD_AC_MAGIC(0.16)				0	
20029	999	0		0.0				ADD_AGILITY(0.04)\nADD_STRENGH(0.04)				0	
20030	999	0		0.0				ADD_AGILITY(0.04)\nADD_CONSITUTION(0.04)				0	
20031	999	0		0.0				ADD_AGILITY(0.04)\nADD_PERCEPTION(0.04)				0	
20032	999	0		0.0				ADD_AGILITY(0.04)\nADD_INTELLECT(0.04)				0	
20033	999	0		0.0				ADD_AGILITY(0.04)\nADD_HPMAX(0.06)				0	
20034	999	0		0.0				ADD_AGILITY(0.04)\nADD_DAMMIPHYSICS(0.05)				0	
20035	999	0		0.0				ADD_AGILITY(0.04)\nADD_DAMMIMAGIC(0.05)				0	
20036	999	0		0.0				ADD_AGILITY(0.04)\nADD_AC_PHYSICS(0.16)				0	
20037	999	0		0.0				ADD_AGILITY(0.04)\nADD_AC_MAGIC(0.16)				0	
20038	999	0		0.0				ADD_PERCEPTION(0.04)\nADD_STRENGH(0.04)				0	
20039	999	0		0.0				ADD_PERCEPTION(0.04)\nADD_CONSITUTION(0.04)				0	
20040	999	0		0.0				ADD_PERCEPTION(0.04)\nADD_AGILITY(0.04)				0	
20041	999	0		0.0				ADD_PERCEPTION(0.04)\nADD_INTELLECT(0.04)				0	
20042	999	0		0.0				ADD_PERCEPTION(0.04)\nADD_HPMAX(0.06)				0	
20043	999	0		0.0				ADD_PERCEPTION(0.04)\nADD_DAMMIPHYSICS(0.05)				0	
20044	999	0		0.0				ADD_PERCEPTION(0.04)\nADD_DAMMIMAGIC(0.05)				0	
20045	999	0		0.0				ADD_PERCEPTION(0.04)\nADD_AC_PHYSICS(0.16)				0	
20046	999	0		0.0				ADD_PERCEPTION(0.04)\nADD_AC_MAGIC(0.16)				0	
20047	999	0		0.0				ADD_INTELLECT(0.04)\nADD_STRENGH(0.04)				0	
20048	999	0		0.0				ADD_INTELLECT(0.04)\nADD_CONSITUTION(0.04)				0	
20049	999	0		0.0				ADD_INTELLECT(0.04)\nADD_AGILITY(0.04)				0	
20050	999	0		0.0				ADD_INTELLECT(0.04)\nADD_PERCEPTION(0.04)				0	
20051	999	0		0.0				ADD_INTELLECT(0.04)\nADD_HPMAX(0.06)				0	
20052	999	0		0.0				ADD_INTELLECT(0.04)\nADD_DAMMIPHYSICS(0.05)				0	
20053	999	0		0.0				ADD_INTELLECT(0.04)\nADD_DAMMIMAGIC(0.05)				0	
20054	999	0		0.0				ADD_INTELLECT(0.04)\nADD_AC_PHYSICS(0.16)				0	
20055	999	0		0.0				ADD_INTELLECT(0.04)\nADD_AC_MAGIC(0.16)				0	
20056	999	0		0.0				ADD_HPMAX(0.06)\nADD_STRENGH(0.04)				0	
20057	999	0		0.0				ADD_HPMAX(0.06)\nADD_CONSITUTION(0.04)				0	
20058	999	0		0.0				ADD_HPMAX(0.06)\nADD_AGILITY(0.04)				0	
20059	999	0		0.0				ADD_HPMAX(0.06)\nADD_PERCEPTION(0.04)				0	
20060	999	0		0.0				ADD_HPMAX(0.06)\nADD_INTELLECT(0.04)				0	
20061	999	0		0.0				ADD_HPMAX(0.06)\nADD_DAMMIPHYSICS(0.05)				0	
20062	999	0		0.0				ADD_HPMAX(0.06)\nADD_DAMMIMAGIC(0.05)				0	
20063	999	0		0.0				ADD_HPMAX(0.06)\nADD_AC_PHYSICS(0.16)				0	
20064	999	0		0.0				ADD_HPMAX(0.06)\nADD_AC_MAGIC(0.16)				0	
20065	999	0		0.0				ADD_DAMMIPHYSICS(0.05)\nADD_STRENGH(0.04)				0	
20066	999	0		0.0				ADD_DAMMIPHYSICS(0.05)\nADD_CONSITUTION(0.04)				0	
20067	999	0		0.0				ADD_DAMMIPHYSICS(0.05)\nADD_AGILITY(0.04)				0	
20068	999	0		0.0				ADD_DAMMIPHYSICS(0.05)\nADD_PERCEPTION(0.04)				0	
20069	999	0		0.0				ADD_DAMMIPHYSICS(0.05)\nADD_INTELLECT(0.04)				0	
20070	999	0		0.0				ADD_DAMMIPHYSICS(0.05)\nADD_HPMAX(0.06)				0	
20071	999	0		0.0				ADD_DAMMIPHYSICS(0.05)\nADD_DAMMIMAGIC(0.05)				0	
20072	999	0		0.0				ADD_DAMMIPHYSICS(0.05)\nADD_AC_PHYSICS(0.16)				0	
20073	999	0		0.0				ADD_DAMMIPHYSICS(0.05)\nADD_AC_MAGIC(0.16)				0	
20074	999	0		0.0				ADD_DAMMIMAGIC(0.05)\nADD_STRENGH(0.04)				0	
20075	999	0		0.0				ADD_DAMMIMAGIC(0.05)\nADD_CONSITUTION(0.04)				0	
20076	999	0		0.0				ADD_DAMMIMAGIC(0.05)\nADD_AGILITY(0.04)				0	
20077	999	0		0.0				ADD_DAMMIMAGIC(0.05)\nADD_PERCEPTION(0.04)				0	
20078	999	0		0.0				ADD_DAMMIMAGIC(0.05)\nADD_INTELLECT(0.04)				0	
20079	999	0		0.0				ADD_DAMMIMAGIC(0.05)\nADD_HPMAX(0.06)				0	
20080	999	0		0.0				ADD_DAMMIMAGIC(0.05)\nADD_DAMMIPHYSICS(0.05)				0	
20081	999	0		0.0				ADD_DAMMIMAGIC(0.05)\nADD_AC_PHYSICS(0.16)				0	
20082	999	0		0.0				ADD_DAMMIMAGIC(0.05)\nADD_AC_MAGIC(0.16)				0	
20083	999	0		0.0				ADD_AC_PHYSICS(0.16)\nADD_STRENGH(0.04)				0	
20084	999	0		0.0				ADD_AC_PHYSICS(0.16)\nADD_CONSITUTION(0.04)				0	
20085	999	0		0.0				ADD_AC_PHYSICS(0.16)\nADD_AGILITY(0.04)				0	
20086	999	0		0.0				ADD_AC_PHYSICS(0.16)\nADD_PERCEPTION(0.04)				0	
20087	999	0		0.0				ADD_AC_PHYSICS(0.16)\nADD_INTELLECT(0.04)				0	
20088	999	0		0.0				ADD_AC_PHYSICS(0.16)\nADD_HPMAX(0.06)				0	
20089	999	0		0.0				ADD_AC_PHYSICS(0.16)\nADD_DAMMIPHYSICS(0.05)				0	
20090	999	0		0.0				ADD_AC_PHYSICS(0.16)\nADD_DAMMIMAGIC(0.05)				0	
20091	999	0		0.0				ADD_AC_PHYSICS(0.16)\nADD_AC_MAGIC(0.16)				0	
20092	999	0		0.0				ADD_AC_MAGIC(0.16)\nADD_STRENGH(0.04)				0	
20093	999	0		0.0				ADD_AC_MAGIC(0.16)\nADD_CONSITUTION(0.04)				0	
20094	999	0		0.0				ADD_AC_MAGIC(0.16)\nADD_AGILITY(0.04)				0	
20095	999	0		0.0				ADD_AC_MAGIC(0.16)\nADD_PERCEPTION(0.04)				0	
20096	999	0		0.0				ADD_AC_MAGIC(0.16)\nADD_INTELLECT(0.04)				0	
20097	999	0		0.0				ADD_AC_MAGIC(0.16)\nADD_HPMAX(0.06)				0	
20098	999	0		0.0				ADD_AC_MAGIC(0.16)\nADD_DAMMIPHYSICS(0.05)				0	
20099	999	0		0.0				ADD_AC_MAGIC(0.16)\nADD_DAMMIMAGIC(0.05)				0	
20100	999	0		0.0				ADD_AC_MAGIC(0.16)\nADD_AC_PHYSICS(0.16)				0	
20101	999	0		0.0				ADD_STRENGH(0.09)				0	
20102	999	0		0.0				ADD_CONSITUTION(0.09)				0	
20103	999	0		0.0				ADD_AGILITY(0.09)				0	
20104	999	0		0.0				ADD_PERCEPTION(0.09)				0	
20105	999	0		0.0				ADD_INTELLECT(0.09)				0	
20106	999	0		0.0				ADD_HPMAX(0.12)				0	
20107	999	0		0.0				ADD_DAMMIPHYSICS(0.1)				0	
20108	999	0		0.0				ADD_DAMMIMAGIC(0.1)				0	
20109	999	0		0.0				ADD_AC_PHYSICS(0.32)				0	
20110	999	0		0.0				ADD_AC_MAGIC(0.32)				0	
20111	999	0		0.0				ADD_PENETRATE_PHYSICS(0.3)				0	
20112	999	0		0.0				ADD_PENETRATE_MAGIC(0.3)				0	
20113	999	0		0.0				ADD_STRENGH(0.09)\nADD_CONSITUTION(0.04)				0	
20114	999	0		0.0				ADD_STRENGH(0.09)\nADD_AGILITY(0.04)				0	
20115	999	0		0.0				ADD_STRENGH(0.09)\nADD_PERCEPTION(0.04)				0	
20116	999	0		0.0				ADD_STRENGH(0.09)\nADD_INTELLECT(0.04)				0	
20117	999	0		0.0				ADD_STRENGH(0.09)\nADD_HPMAX(0.06)				0	
20118	999	0		0.0				ADD_STRENGH(0.09)\nADD_DAMMIPHYSICS(0.05)				0	
20119	999	0		0.0				ADD_STRENGH(0.09)\nADD_DAMMIMAGIC(0.05)				0	
20120	999	0		0.0				ADD_STRENGH(0.09)\nADD_AC_PHYSICS(0.16)				0	
20121	999	0		0.0				ADD_STRENGH(0.09)\nADD_AC_MAGIC(0.16)				0	
20122	999	0		0.0				ADD_STRENGH(0.09)\nADD_PENETRATE_PHYSICS(0.15)				0	
20123	999	0		0.0				ADD_STRENGH(0.09)\nADD_PENETRATE_MAGIC(0.15)				0	
20124	999	0		0.0				ADD_STRENGH(0.09)\nADD_HITRATE(0.003)				0	
20125	999	0		0.0				ADD_STRENGH(0.09)\nADD_DODGE(0.003)				0	
20126	999	0		0.0				ADD_STRENGH(0.09)\nADD_CONSITUTION(0.09)				0	
20127	999	0		0.0				ADD_STRENGH(0.09)\nADD_AGILITY(0.09)				0	
20128	999	0		0.0				ADD_STRENGH(0.09)\nADD_PERCEPTION(0.09)				0	
20129	999	0		0.0				ADD_STRENGH(0.09)\nADD_INTELLECT(0.09)				0	
20130	999	0		0.0				ADD_STRENGH(0.09)\nADD_HPMAX(0.12)				0	
20131	999	0		0.0				ADD_STRENGH(0.09)\nADD_DAMMIPHYSICS(0.1)				0	
20132	999	0		0.0				ADD_STRENGH(0.09)\nADD_DAMMIMAGIC(0.1)				0	
20133	999	0		0.0				ADD_STRENGH(0.09)\nADD_AC_PHYSICS(0.32)				0	
20134	999	0		0.0				ADD_STRENGH(0.09)\nADD_AC_MAGIC(0.32)				0	
20135	999	0		0.0				ADD_STRENGH(0.09)\nADD_PENETRATE_PHYSICS(0.3)				0	
20136	999	0		0.0				ADD_STRENGH(0.09)\nADD_PENETRATE_MAGIC(0.3)				0	
20137	999	0		0.0				ADD_STRENGH(0.09)\nADD_HITRATE(0.006)				0	
20138	999	0		0.0				ADD_STRENGH(0.09)\nADD_DODGE(0.006)				0	
20139	999	0		0.0				ADD_CONSITUTION(0.09)\nADD_STRENGH(0.04)				0	
20140	999	0		0.0				ADD_CONSITUTION(0.09)\nADD_AGILITY(0.04)				0	
20141	999	0		0.0				ADD_CONSITUTION(0.09)\nADD_PERCEPTION(0.04)				0	
20142	999	0		0.0				ADD_CONSITUTION(0.09)\nADD_INTELLECT(0.04)				0	
20143	999	0		0.0				ADD_CONSITUTION(0.09)\nADD_HPMAX(0.06)				0	
20144	999	0		0.0				ADD_CONSITUTION(0.09)\nADD_DAMMIPHYSICS(0.05)				0	
20145	999	0		0.0				ADD_CONSITUTION(0.09)\nADD_DAMMIMAGIC(0.05)				0	
20146	999	0		0.0				ADD_CONSITUTION(0.09)\nADD_AC_PHYSICS(0.16)				0	
20147	999	0		0.0				ADD_CONSITUTION(0.09)\nADD_AC_MAGIC(0.16)				0	
20148	999	0		0.0				ADD_CONSITUTION(0.09)\nADD_PENETRATE_PHYSICS(0.15)				0	
20149	999	0		0.0				ADD_CONSITUTION(0.09)\nADD_PENETRATE_MAGIC(0.15)				0	
20150	999	0		0.0				ADD_CONSITUTION(0.09)\nADD_HITRATE(0.003)				0	
20151	999	0		0.0				ADD_CONSITUTION(0.09)\nADD_DODGE(0.003)				0	
20152	999	0		0.0				ADD_CONSITUTION(0.09)\nADD_STRENGH(0.09)				0	
20153	999	0		0.0				ADD_CONSITUTION(0.09)\nADD_AGILITY(0.09)				0	
20154	999	0		0.0				ADD_CONSITUTION(0.09)\nADD_PERCEPTION(0.09)				0	
20155	999	0		0.0				ADD_CONSITUTION(0.09)\nADD_INTELLECT(0.09)				0	
20156	999	0		0.0				ADD_CONSITUTION(0.09)\nADD_HPMAX(0.12)				0	
20157	999	0		0.0				ADD_CONSITUTION(0.09)\nADD_DAMMIPHYSICS(0.1)				0	
20158	999	0		0.0				ADD_CONSITUTION(0.09)\nADD_DAMMIMAGIC(0.1)				0	
20159	999	0		0.0				ADD_CONSITUTION(0.09)\nADD_AC_PHYSICS(0.32)				0	
20160	999	0		0.0				ADD_CONSITUTION(0.09)\nADD_AC_MAGIC(0.32)				0	
20161	999	0		0.0				ADD_CONSITUTION(0.09)\nADD_PENETRATE_PHYSICS(0.3)				0	
20162	999	0		0.0				ADD_CONSITUTION(0.09)\nADD_PENETRATE_MAGIC(0.3)				0	
20163	999	0		0.0				ADD_CONSITUTION(0.09)\nADD_HITRATE(0.006)				0	
20164	999	0		0.0				ADD_CONSITUTION(0.09)\nADD_DODGE(0.006)				0	
20165	999	0		0.0				ADD_AGILITY(0.09)\nADD_STRENGH(0.04)				0	
20166	999	0		0.0				ADD_AGILITY(0.09)\nADD_CONSITUTION(0.04)				0	
20167	999	0		0.0				ADD_AGILITY(0.09)\nADD_PERCEPTION(0.04)				0	
20168	999	0		0.0				ADD_AGILITY(0.09)\nADD_INTELLECT(0.04)				0	
20169	999	0		0.0				ADD_AGILITY(0.09)\nADD_HPMAX(0.06)				0	
20170	999	0		0.0				ADD_AGILITY(0.09)\nADD_DAMMIPHYSICS(0.05)				0	
20171	999	0		0.0				ADD_AGILITY(0.09)\nADD_DAMMIMAGIC(0.05)				0	
20172	999	0		0.0				ADD_AGILITY(0.09)\nADD_AC_PHYSICS(0.16)				0	
20173	999	0		0.0				ADD_AGILITY(0.09)\nADD_AC_MAGIC(0.16)				0	
20174	999	0		0.0				ADD_AGILITY(0.09)\nADD_PENETRATE_PHYSICS(0.15)				0	
20175	999	0		0.0				ADD_AGILITY(0.09)\nADD_PENETRATE_MAGIC(0.15)				0	
20176	999	0		0.0				ADD_AGILITY(0.09)\nADD_HITRATE(0.003)				0	
20177	999	0		0.0				ADD_AGILITY(0.09)\nADD_DODGE(0.003)				0	
20178	999	0		0.0				ADD_AGILITY(0.09)\nADD_STRENGH(0.09)				0	
20179	999	0		0.0				ADD_AGILITY(0.09)\nADD_CONSITUTION(0.09)				0	
20180	999	0		0.0				ADD_AGILITY(0.09)\nADD_PERCEPTION(0.09)				0	
20181	999	0		0.0				ADD_AGILITY(0.09)\nADD_INTELLECT(0.09)				0	
20182	999	0		0.0				ADD_AGILITY(0.09)\nADD_HPMAX(0.12)				0	
20183	999	0		0.0				ADD_AGILITY(0.09)\nADD_DAMMIPHYSICS(0.1)				0	
20184	999	0		0.0				ADD_AGILITY(0.09)\nADD_DAMMIMAGIC(0.1)				0	
20185	999	0		0.0				ADD_AGILITY(0.09)\nADD_AC_PHYSICS(0.32)				0	
20186	999	0		0.0				ADD_AGILITY(0.09)\nADD_AC_MAGIC(0.32)				0	
20187	999	0		0.0				ADD_AGILITY(0.09)\nADD_PENETRATE_PHYSICS(0.3)				0	
20188	999	0		0.0				ADD_AGILITY(0.09)\nADD_PENETRATE_MAGIC(0.3)				0	
20189	999	0		0.0				ADD_AGILITY(0.09)\nADD_HITRATE(0.006)				0	
20190	999	0		0.0				ADD_AGILITY(0.09)\nADD_DODGE(0.006)				0	
20191	999	0		0.0				ADD_PERCEPTION(0.09)\nADD_STRENGH(0.04)				0	
20192	999	0		0.0				ADD_PERCEPTION(0.09)\nADD_CONSITUTION(0.04)				0	
20193	999	0		0.0				ADD_PERCEPTION(0.09)\nADD_AGILITY(0.04)				0	
20194	999	0		0.0				ADD_PERCEPTION(0.09)\nADD_INTELLECT(0.04)				0	
20195	999	0		0.0				ADD_PERCEPTION(0.09)\nADD_HPMAX(0.06)				0	
20196	999	0		0.0				ADD_PERCEPTION(0.09)\nADD_DAMMIPHYSICS(0.05)				0	
20197	999	0		0.0				ADD_PERCEPTION(0.09)\nADD_DAMMIMAGIC(0.05)				0	
20198	999	0		0.0				ADD_PERCEPTION(0.09)\nADD_AC_PHYSICS(0.16)				0	
20199	999	0		0.0				ADD_PERCEPTION(0.09)\nADD_AC_MAGIC(0.16)				0	
20200	999	0		0.0				ADD_PERCEPTION(0.09)\nADD_PENETRATE_PHYSICS(0.15)				0	
20201	999	0		0.0				ADD_PERCEPTION(0.09)\nADD_PENETRATE_MAGIC(0.15)				0	
20202	999	0		0.0				ADD_PERCEPTION(0.09)\nADD_HITRATE(0.003)				0	
20203	999	0		0.0				ADD_PERCEPTION(0.09)\nADD_DODGE(0.003)				0	
20204	999	0		0.0				ADD_PERCEPTION(0.09)\nADD_STRENGH(0.09)				0	
20205	999	0		0.0				ADD_PERCEPTION(0.09)\nADD_CONSITUTION(0.09)				0	
20206	999	0		0.0				ADD_PERCEPTION(0.09)\nADD_AGILITY(0.09)				0	
20207	999	0		0.0				ADD_PERCEPTION(0.09)\nADD_INTELLECT(0.09)				0	
20208	999	0		0.0				ADD_PERCEPTION(0.09)\nADD_HPMAX(0.12)				0	
20209	999	0		0.0				ADD_PERCEPTION(0.09)\nADD_DAMMIPHYSICS(0.1)				0	
20210	999	0		0.0				ADD_PERCEPTION(0.09)\nADD_DAMMIMAGIC(0.1)				0	
20211	999	0		0.0				ADD_PERCEPTION(0.09)\nADD_AC_PHYSICS(0.32)				0	
20212	999	0		0.0				ADD_PERCEPTION(0.09)\nADD_AC_MAGIC(0.32)				0	
20213	999	0		0.0				ADD_PERCEPTION(0.09)\nADD_PENETRATE_PHYSICS(0.3)				0	
20214	999	0		0.0				ADD_PERCEPTION(0.09)\nADD_PENETRATE_MAGIC(0.3)				0	
20215	999	0		0.0				ADD_PERCEPTION(0.09)\nADD_HITRATE(0.006)				0	
20216	999	0		0.0				ADD_PERCEPTION(0.09)\nADD_DODGE(0.006)				0	
20217	999	0		0.0				ADD_INTELLECT(0.09)\nADD_STRENGH(0.04)				0	
20218	999	0		0.0				ADD_INTELLECT(0.09)\nADD_CONSITUTION(0.04)				0	
20219	999	0		0.0				ADD_INTELLECT(0.09)\nADD_AGILITY(0.04)				0	
20220	999	0		0.0				ADD_INTELLECT(0.09)\nADD_PERCEPTION(0.04)				0	
20221	999	0		0.0				ADD_INTELLECT(0.09)\nADD_HPMAX(0.06)				0	
20222	999	0		0.0				ADD_INTELLECT(0.09)\nADD_DAMMIPHYSICS(0.05)				0	
20223	999	0		0.0				ADD_INTELLECT(0.09)\nADD_DAMMIMAGIC(0.05)				0	
20224	999	0		0.0				ADD_INTELLECT(0.09)\nADD_AC_PHYSICS(0.16)				0	
20225	999	0		0.0				ADD_INTELLECT(0.09)\nADD_AC_MAGIC(0.16)				0	
20226	999	0		0.0				ADD_INTELLECT(0.09)\nADD_PENETRATE_PHYSICS(0.15)				0	
20227	999	0		0.0				ADD_INTELLECT(0.09)\nADD_PENETRATE_MAGIC(0.15)				0	
20228	999	0		0.0				ADD_INTELLECT(0.09)\nADD_HITRATE(0.003)				0	
20229	999	0		0.0				ADD_INTELLECT(0.09)\nADD_DODGE(0.003)				0	
20230	999	0		0.0				ADD_INTELLECT(0.09)\nADD_STRENGH(0.09)				0	
20231	999	0		0.0				ADD_INTELLECT(0.09)\nADD_CONSITUTION(0.09)				0	
20232	999	0		0.0				ADD_INTELLECT(0.09)\nADD_AGILITY(0.09)				0	
20233	999	0		0.0				ADD_INTELLECT(0.09)\nADD_PERCEPTION(0.09)				0	
20234	999	0		0.0				ADD_INTELLECT(0.09)\nADD_HPMAX(0.12)				0	
20235	999	0		0.0				ADD_INTELLECT(0.09)\nADD_DAMMIPHYSICS(0.1)				0	
20236	999	0		0.0				ADD_INTELLECT(0.09)\nADD_DAMMIMAGIC(0.1)				0	
20237	999	0		0.0				ADD_INTELLECT(0.09)\nADD_AC_PHYSICS(0.32)				0	
20238	999	0		0.0				ADD_INTELLECT(0.09)\nADD_AC_MAGIC(0.32)				0	
20239	999	0		0.0				ADD_INTELLECT(0.09)\nADD_PENETRATE_PHYSICS(0.3)				0	
20240	999	0		0.0				ADD_INTELLECT(0.09)\nADD_PENETRATE_MAGIC(0.3)				0	
20241	999	0		0.0				ADD_INTELLECT(0.09)\nADD_HITRATE(0.006)				0	
20242	999	0		0.0				ADD_INTELLECT(0.09)\nADD_DODGE(0.006)				0	
20243	999	0		0.0				ADD_HPMAX(0.12)\nADD_STRENGH(0.04)				0	
20244	999	0		0.0				ADD_HPMAX(0.12)\nADD_CONSITUTION(0.04)				0	
20245	999	0		0.0				ADD_HPMAX(0.12)\nADD_AGILITY(0.04)				0	
20246	999	0		0.0				ADD_HPMAX(0.12)\nADD_PERCEPTION(0.04)				0	
20247	999	0		0.0				ADD_HPMAX(0.12)\nADD_INTELLECT(0.04)				0	
20248	999	0		0.0				ADD_HPMAX(0.12)\nADD_DAMMIPHYSICS(0.05)				0	
20249	999	0		0.0				ADD_HPMAX(0.12)\nADD_DAMMIMAGIC(0.05)				0	
20250	999	0		0.0				ADD_HPMAX(0.12)\nADD_AC_PHYSICS(0.16)				0	
20251	999	0		0.0				ADD_HPMAX(0.12)\nADD_AC_MAGIC(0.16)				0	
20252	999	0		0.0				ADD_HPMAX(0.12)\nADD_PENETRATE_PHYSICS(0.15)				0	
20253	999	0		0.0				ADD_HPMAX(0.12)\nADD_PENETRATE_MAGIC(0.15)				0	
20254	999	0		0.0				ADD_HPMAX(0.12)\nADD_HITRATE(0.003)				0	
20255	999	0		0.0				ADD_HPMAX(0.12)\nADD_DODGE(0.003)				0	
20256	999	0		0.0				ADD_HPMAX(0.12)\nADD_STRENGH(0.09)				0	
20257	999	0		0.0				ADD_HPMAX(0.12)\nADD_CONSITUTION(0.09)				0	
20258	999	0		0.0				ADD_HPMAX(0.12)\nADD_AGILITY(0.09)				0	
20259	999	0		0.0				ADD_HPMAX(0.12)\nADD_PERCEPTION(0.09)				0	
20260	999	0		0.0				ADD_HPMAX(0.12)\nADD_INTELLECT(0.09)				0	
20261	999	0		0.0				ADD_HPMAX(0.12)\nADD_DAMMIPHYSICS(0.1)				0	
20262	999	0		0.0				ADD_HPMAX(0.12)\nADD_DAMMIMAGIC(0.1)				0	
20263	999	0		0.0				ADD_HPMAX(0.12)\nADD_AC_PHYSICS(0.32)				0	
20264	999	0		0.0				ADD_HPMAX(0.12)\nADD_AC_MAGIC(0.32)				0	
20265	999	0		0.0				ADD_HPMAX(0.12)\nADD_PENETRATE_PHYSICS(0.3)				0	
20266	999	0		0.0				ADD_HPMAX(0.12)\nADD_PENETRATE_MAGIC(0.3)				0	
20267	999	0		0.0				ADD_HPMAX(0.12)\nADD_HITRATE(0.006)				0	
20268	999	0		0.0				ADD_HPMAX(0.12)\nADD_DODGE(0.006)				0	
20269	999	0		0.0				ADD_DAMMIPHYSICS(0.1)\nADD_STRENGH(0.04)				0	
20270	999	0		0.0				ADD_DAMMIPHYSICS(0.1)\nADD_CONSITUTION(0.04)				0	
20271	999	0		0.0				ADD_DAMMIPHYSICS(0.1)\nADD_AGILITY(0.04)				0	
20272	999	0		0.0				ADD_DAMMIPHYSICS(0.1)\nADD_PERCEPTION(0.04)				0	
20273	999	0		0.0				ADD_DAMMIPHYSICS(0.1)\nADD_INTELLECT(0.04)				0	
20274	999	0		0.0				ADD_DAMMIPHYSICS(0.1)\nADD_HPMAX(0.06)				0	
20275	999	0		0.0				ADD_DAMMIPHYSICS(0.1)\nADD_DAMMIMAGIC(0.05)				0	
20276	999	0		0.0				ADD_DAMMIPHYSICS(0.1)\nADD_AC_PHYSICS(0.16)				0	
20277	999	0		0.0				ADD_DAMMIPHYSICS(0.1)\nADD_AC_MAGIC(0.16)				0	
20278	999	0		0.0				ADD_DAMMIPHYSICS(0.1)\nADD_PENETRATE_PHYSICS(0.15)				0	
20279	999	0		0.0				ADD_DAMMIPHYSICS(0.1)\nADD_PENETRATE_MAGIC(0.15)				0	
20280	999	0		0.0				ADD_DAMMIPHYSICS(0.1)\nADD_HITRATE(0.003)				0	
20281	999	0		0.0				ADD_DAMMIPHYSICS(0.1)\nADD_DODGE(0.003)				0	
20282	999	0		0.0				ADD_DAMMIPHYSICS(0.1)\nADD_STRENGH(0.09)				0	
20283	999	0		0.0				ADD_DAMMIPHYSICS(0.1)\nADD_CONSITUTION(0.09)				0	
20284	999	0		0.0				ADD_DAMMIPHYSICS(0.1)\nADD_AGILITY(0.09)				0	
20285	999	0		0.0				ADD_DAMMIPHYSICS(0.1)\nADD_PERCEPTION(0.09)				0	
20286	999	0		0.0				ADD_DAMMIPHYSICS(0.1)\nADD_INTELLECT(0.09)				0	
20287	999	0		0.0				ADD_DAMMIPHYSICS(0.1)\nADD_HPMAX(0.12)				0	
20288	999	0		0.0				ADD_DAMMIPHYSICS(0.1)\nADD_DAMMIMAGIC(0.1)				0	
20289	999	0		0.0				ADD_DAMMIPHYSICS(0.1)\nADD_AC_PHYSICS(0.32)				0	
20290	999	0		0.0				ADD_DAMMIPHYSICS(0.1)\nADD_AC_MAGIC(0.32)				0	
20291	999	0		0.0				ADD_DAMMIPHYSICS(0.1)\nADD_PENETRATE_PHYSICS(0.3)				0	
20292	999	0		0.0				ADD_DAMMIPHYSICS(0.1)\nADD_PENETRATE_MAGIC(0.3)				0	
20293	999	0		0.0				ADD_DAMMIPHYSICS(0.1)\nADD_HITRATE(0.006)				0	
20294	999	0		0.0				ADD_DAMMIPHYSICS(0.1)\nADD_DODGE(0.006)				0	
20295	999	0		0.0				ADD_DAMMIMAGIC(0.1)\nADD_STRENGH(0.04)				0	
20296	999	0		0.0				ADD_DAMMIMAGIC(0.1)\nADD_CONSITUTION(0.04)				0	
20297	999	0		0.0				ADD_DAMMIMAGIC(0.1)\nADD_AGILITY(0.04)				0	
20298	999	0		0.0				ADD_DAMMIMAGIC(0.1)\nADD_PERCEPTION(0.04)				0	
20299	999	0		0.0				ADD_DAMMIMAGIC(0.1)\nADD_INTELLECT(0.04)				0	
20300	999	0		0.0				ADD_DAMMIMAGIC(0.1)\nADD_HPMAX(0.06)				0	
20301	999	0		0.0				ADD_DAMMIMAGIC(0.1)\nADD_DAMMIPHYSICS(0.05)				0	
20302	999	0		0.0				ADD_DAMMIMAGIC(0.1)\nADD_AC_PHYSICS(0.16)				0	
20303	999	0		0.0				ADD_DAMMIMAGIC(0.1)\nADD_AC_MAGIC(0.16)				0	
20304	999	0		0.0				ADD_DAMMIMAGIC(0.1)\nADD_PENETRATE_PHYSICS(0.15)				0	
20305	999	0		0.0				ADD_DAMMIMAGIC(0.1)\nADD_PENETRATE_MAGIC(0.15)				0	
20306	999	0		0.0				ADD_DAMMIMAGIC(0.1)\nADD_HITRATE(0.003)				0	
20307	999	0		0.0				ADD_DAMMIMAGIC(0.1)\nADD_DODGE(0.003)				0	
20308	999	0		0.0				ADD_DAMMIMAGIC(0.1)\nADD_STRENGH(0.09)				0	
20309	999	0		0.0				ADD_DAMMIMAGIC(0.1)\nADD_CONSITUTION(0.09)				0	
20310	999	0		0.0				ADD_DAMMIMAGIC(0.1)\nADD_AGILITY(0.09)				0	
20311	999	0		0.0				ADD_DAMMIMAGIC(0.1)\nADD_PERCEPTION(0.09)				0	
20312	999	0		0.0				ADD_DAMMIMAGIC(0.1)\nADD_INTELLECT(0.09)				0	
20313	999	0		0.0				ADD_DAMMIMAGIC(0.1)\nADD_HPMAX(0.12)				0	
20314	999	0		0.0				ADD_DAMMIMAGIC(0.1)\nADD_DAMMIPHYSICS(0.1)				0	
20315	999	0		0.0				ADD_DAMMIMAGIC(0.1)\nADD_AC_PHYSICS(0.32)				0	
20316	999	0		0.0				ADD_DAMMIMAGIC(0.1)\nADD_AC_MAGIC(0.32)				0	
20317	999	0		0.0				ADD_DAMMIMAGIC(0.1)\nADD_PENETRATE_PHYSICS(0.3)				0	
20318	999	0		0.0				ADD_DAMMIMAGIC(0.1)\nADD_PENETRATE_MAGIC(0.3)				0	
20319	999	0		0.0				ADD_DAMMIMAGIC(0.1)\nADD_HITRATE(0.006)				0	
20320	999	0		0.0				ADD_DAMMIMAGIC(0.1)\nADD_DODGE(0.006)				0	
20321	999	0		0.0				ADD_AC_PHYSICS(0.32)\nADD_STRENGH(0.04)				0	
20322	999	0		0.0				ADD_AC_PHYSICS(0.32)\nADD_CONSITUTION(0.04)				0	
20323	999	0		0.0				ADD_AC_PHYSICS(0.32)\nADD_AGILITY(0.04)				0	
20324	999	0		0.0				ADD_AC_PHYSICS(0.32)\nADD_PERCEPTION(0.04)				0	
20325	999	0		0.0				ADD_AC_PHYSICS(0.32)\nADD_INTELLECT(0.04)				0	
20326	999	0		0.0				ADD_AC_PHYSICS(0.32)\nADD_HPMAX(0.06)				0	
20327	999	0		0.0				ADD_AC_PHYSICS(0.32)\nADD_DAMMIPHYSICS(0.05)				0	
20328	999	0		0.0				ADD_AC_PHYSICS(0.32)\nADD_DAMMIMAGIC(0.05)				0	
20329	999	0		0.0				ADD_AC_PHYSICS(0.32)\nADD_AC_MAGIC(0.16)				0	
20330	999	0		0.0				ADD_AC_PHYSICS(0.32)\nADD_PENETRATE_PHYSICS(0.15)				0	
20331	999	0		0.0				ADD_AC_PHYSICS(0.32)\nADD_PENETRATE_MAGIC(0.15)				0	
20332	999	0		0.0				ADD_AC_PHYSICS(0.32)\nADD_HITRATE(0.003)				0	
20333	999	0		0.0				ADD_AC_PHYSICS(0.32)\nADD_DODGE(0.003)				0	
20334	999	0		0.0				ADD_AC_PHYSICS(0.32)\nADD_STRENGH(0.09)				0	
20335	999	0		0.0				ADD_AC_PHYSICS(0.32)\nADD_CONSITUTION(0.09)				0	
20336	999	0		0.0				ADD_AC_PHYSICS(0.32)\nADD_AGILITY(0.09)				0	
20337	999	0		0.0				ADD_AC_PHYSICS(0.32)\nADD_PERCEPTION(0.09)				0	
20338	999	0		0.0				ADD_AC_PHYSICS(0.32)\nADD_INTELLECT(0.09)				0	
20339	999	0		0.0				ADD_AC_PHYSICS(0.32)\nADD_HPMAX(0.12)				0	
20340	999	0		0.0				ADD_AC_PHYSICS(0.32)\nADD_DAMMIPHYSICS(0.1)				0	
20341	999	0		0.0				ADD_AC_PHYSICS(0.32)\nADD_DAMMIMAGIC(0.1)				0	
20342	999	0		0.0				ADD_AC_PHYSICS(0.32)\nADD_AC_MAGIC(0.32)				0	
20343	999	0		0.0				ADD_AC_PHYSICS(0.32)\nADD_PENETRATE_PHYSICS(0.3)				0	
20344	999	0		0.0				ADD_AC_PHYSICS(0.32)\nADD_PENETRATE_MAGIC(0.3)				0	
20345	999	0		0.0				ADD_AC_PHYSICS(0.32)\nADD_HITRATE(0.006)				0	
20346	999	0		0.0				ADD_AC_PHYSICS(0.32)\nADD_DODGE(0.006)				0	
20347	999	0		0.0				ADD_AC_MAGIC(0.32)\nADD_STRENGH(0.04)				0	
20348	999	0		0.0				ADD_AC_MAGIC(0.32)\nADD_CONSITUTION(0.04)				0	
20349	999	0		0.0				ADD_AC_MAGIC(0.32)\nADD_AGILITY(0.04)				0	
20350	999	0		0.0				ADD_AC_MAGIC(0.32)\nADD_PERCEPTION(0.04)				0	
20351	999	0		0.0				ADD_AC_MAGIC(0.32)\nADD_INTELLECT(0.04)				0	
20352	999	0		0.0				ADD_AC_MAGIC(0.32)\nADD_HPMAX(0.06)				0	
20353	999	0		0.0				ADD_AC_MAGIC(0.32)\nADD_DAMMIPHYSICS(0.05)				0	
20354	999	0		0.0				ADD_AC_MAGIC(0.32)\nADD_DAMMIMAGIC(0.05)				0	
20355	999	0		0.0				ADD_AC_MAGIC(0.32)\nADD_AC_PHYSICS(0.16)				0	
20356	999	0		0.0				ADD_AC_MAGIC(0.32)\nADD_PENETRATE_PHYSICS(0.15)				0	
20357	999	0		0.0				ADD_AC_MAGIC(0.32)\nADD_PENETRATE_MAGIC(0.15)				0	
20358	999	0		0.0				ADD_AC_MAGIC(0.32)\nADD_HITRATE(0.003)				0	
20359	999	0		0.0				ADD_AC_MAGIC(0.32)\nADD_DODGE(0.003)				0	
20360	999	0		0.0				ADD_AC_MAGIC(0.32)\nADD_STRENGH(0.09)				0	
20361	999	0		0.0				ADD_AC_MAGIC(0.32)\nADD_CONSITUTION(0.09)				0	
20362	999	0		0.0				ADD_AC_MAGIC(0.32)\nADD_AGILITY(0.09)				0	
20363	999	0		0.0				ADD_AC_MAGIC(0.32)\nADD_PERCEPTION(0.09)				0	
20364	999	0		0.0				ADD_AC_MAGIC(0.32)\nADD_INTELLECT(0.09)				0	
20365	999	0		0.0				ADD_AC_MAGIC(0.32)\nADD_HPMAX(0.12)				0	
20366	999	0		0.0				ADD_AC_MAGIC(0.32)\nADD_DAMMIPHYSICS(0.1)				0	
20367	999	0		0.0				ADD_AC_MAGIC(0.32)\nADD_DAMMIMAGIC(0.1)				0	
20368	999	0		0.0				ADD_AC_MAGIC(0.32)\nADD_AC_PHYSICS(0.32)				0	
20369	999	0		0.0				ADD_AC_MAGIC(0.32)\nADD_PENETRATE_PHYSICS(0.3)				0	
20370	999	0		0.0				ADD_AC_MAGIC(0.32)\nADD_PENETRATE_MAGIC(0.3)				0	
20371	999	0		0.0				ADD_AC_MAGIC(0.32)\nADD_HITRATE(0.006)				0	
20372	999	0		0.0				ADD_AC_MAGIC(0.32)\nADD_DODGE(0.006)				0	
20373	999	0		0.0				ADD_PENETRATE_PHYSICS(0.3)\nADD_STRENGH(0.04)				0	
20374	999	0		0.0				ADD_PENETRATE_PHYSICS(0.3)\nADD_CONSITUTION(0.04)				0	
20375	999	0		0.0				ADD_PENETRATE_PHYSICS(0.3)\nADD_AGILITY(0.04)				0	
20376	999	0		0.0				ADD_PENETRATE_PHYSICS(0.3)\nADD_PERCEPTION(0.04)				0	
20377	999	0		0.0				ADD_PENETRATE_PHYSICS(0.3)\nADD_INTELLECT(0.04)				0	
20378	999	0		0.0				ADD_PENETRATE_PHYSICS(0.3)\nADD_HPMAX(0.06)				0	
20379	999	0		0.0				ADD_PENETRATE_PHYSICS(0.3)\nADD_DAMMIPHYSICS(0.05)				0	
20380	999	0		0.0				ADD_PENETRATE_PHYSICS(0.3)\nADD_DAMMIMAGIC(0.05)				0	
20381	999	0		0.0				ADD_PENETRATE_PHYSICS(0.3)\nADD_AC_PHYSICS(0.16)				0	
20382	999	0		0.0				ADD_PENETRATE_PHYSICS(0.3)\nADD_AC_MAGIC(0.16)				0	
20383	999	0		0.0				ADD_PENETRATE_PHYSICS(0.3)\nADD_PENETRATE_MAGIC(0.15)				0	
20384	999	0		0.0				ADD_PENETRATE_PHYSICS(0.3)\nADD_HITRATE(0.003)				0	
20385	999	0		0.0				ADD_PENETRATE_PHYSICS(0.3)\nADD_DODGE(0.003)				0	
20386	999	0		0.0				ADD_PENETRATE_PHYSICS(0.3)\nADD_STRENGH(0.09)				0	
20387	999	0		0.0				ADD_PENETRATE_PHYSICS(0.3)\nADD_CONSITUTION(0.09)				0	
20388	999	0		0.0				ADD_PENETRATE_PHYSICS(0.3)\nADD_AGILITY(0.09)				0	
20389	999	0		0.0				ADD_PENETRATE_PHYSICS(0.3)\nADD_PERCEPTION(0.09)				0	
20390	999	0		0.0				ADD_PENETRATE_PHYSICS(0.3)\nADD_INTELLECT(0.09)				0	
20391	999	0		0.0				ADD_PENETRATE_PHYSICS(0.3)\nADD_HPMAX(0.12)				0	
20392	999	0		0.0				ADD_PENETRATE_PHYSICS(0.3)\nADD_DAMMIPHYSICS(0.1)				0	
20393	999	0		0.0				ADD_PENETRATE_PHYSICS(0.3)\nADD_DAMMIMAGIC(0.1)				0	
20394	999	0		0.0				ADD_PENETRATE_PHYSICS(0.3)\nADD_AC_PHYSICS(0.32)				0	
20395	999	0		0.0				ADD_PENETRATE_PHYSICS(0.3)\nADD_AC_MAGIC(0.32)				0	
20396	999	0		0.0				ADD_PENETRATE_PHYSICS(0.3)\nADD_PENETRATE_MAGIC(0.3)				0	
20397	999	0		0.0				ADD_PENETRATE_PHYSICS(0.3)\nADD_HITRATE(0.006)				0	
20398	999	0		0.0				ADD_PENETRATE_PHYSICS(0.3)\nADD_DODGE(0.006)				0	
20399	999	0		0.0				ADD_PENETRATE_MAGIC(0.3)\nADD_STRENGH(0.04)				0	
20400	999	0		0.0				ADD_PENETRATE_MAGIC(0.3)\nADD_CONSITUTION(0.04)				0	
20401	999	0		0.0				ADD_PENETRATE_MAGIC(0.3)\nADD_AGILITY(0.04)				0	
20402	999	0		0.0				ADD_PENETRATE_MAGIC(0.3)\nADD_PERCEPTION(0.04)				0	
20403	999	0		0.0				ADD_PENETRATE_MAGIC(0.3)\nADD_INTELLECT(0.04)				0	
20404	999	0		0.0				ADD_PENETRATE_MAGIC(0.3)\nADD_HPMAX(0.06)				0	
20405	999	0		0.0				ADD_PENETRATE_MAGIC(0.3)\nADD_DAMMIPHYSICS(0.05)				0	
20406	999	0		0.0				ADD_PENETRATE_MAGIC(0.3)\nADD_DAMMIMAGIC(0.05)				0	
20407	999	0		0.0				ADD_PENETRATE_MAGIC(0.3)\nADD_AC_PHYSICS(0.16)				0	
20408	999	0		0.0				ADD_PENETRATE_MAGIC(0.3)\nADD_AC_MAGIC(0.16)				0	
20409	999	0		0.0				ADD_PENETRATE_MAGIC(0.3)\nADD_PENETRATE_PHYSICS(0.15)				0	
20410	999	0		0.0				ADD_PENETRATE_MAGIC(0.3)\nADD_HITRATE(0.003)				0	
20411	999	0		0.0				ADD_PENETRATE_MAGIC(0.3)\nADD_DODGE(0.003)				0	
20412	999	0		0.0				ADD_PENETRATE_MAGIC(0.3)\nADD_STRENGH(0.09)				0	
20413	999	0		0.0				ADD_PENETRATE_MAGIC(0.3)\nADD_CONSITUTION(0.09)				0	
20414	999	0		0.0				ADD_PENETRATE_MAGIC(0.3)\nADD_AGILITY(0.09)				0	
20415	999	0		0.0				ADD_PENETRATE_MAGIC(0.3)\nADD_PERCEPTION(0.09)				0	
20416	999	0		0.0				ADD_PENETRATE_MAGIC(0.3)\nADD_INTELLECT(0.09)				0	
20417	999	0		0.0				ADD_PENETRATE_MAGIC(0.3)\nADD_HPMAX(0.12)				0	
20418	999	0		0.0				ADD_PENETRATE_MAGIC(0.3)\nADD_DAMMIPHYSICS(0.1)				0	
20419	999	0		0.0				ADD_PENETRATE_MAGIC(0.3)\nADD_DAMMIMAGIC(0.1)				0	
20420	999	0		0.0				ADD_PENETRATE_MAGIC(0.3)\nADD_AC_PHYSICS(0.32)				0	
20421	999	0		0.0				ADD_PENETRATE_MAGIC(0.3)\nADD_AC_MAGIC(0.32)				0	
20422	999	0		0.0				ADD_PENETRATE_MAGIC(0.3)\nADD_PENETRATE_PHYSICS(0.3)				0	
20423	999	0		0.0				ADD_PENETRATE_MAGIC(0.3)\nADD_HITRATE(0.006)				0	
20424	999	0		0.0				ADD_PENETRATE_MAGIC(0.3)\nADD_DODGE(0.006)				0	
20425	999	0		0.0				ADD_STRENGH(0.14)				0	
20426	999	0		0.0				ADD_CONSITUTION(0.14)				0	
20427	999	0		0.0				ADD_AGILITY(0.14)				0	
20428	999	0		0.0				ADD_PERCEPTION(0.14)				0	
20429	999	0		0.0				ADD_INTELLECT(0.14)				0	
20430	999	0		0.0				ADD_HPMAX(0.18)				0	
20431	999	0		0.0				ADD_DAMMIPHYSICS(0.15)				0	
20432	999	0		0.0				ADD_DAMMIMAGIC(0.15)				0	
20433	999	0		0.0				ADD_AC_PHYSICS(0.5)				0	
20434	999	0		0.0				ADD_AC_MAGIC(0.5)				0	
20435	999	0		0.0				ADD_PENETRATE_PHYSICS(0.45)				0	
20436	999	0		0.0				ADD_PENETRATE_MAGIC(0.45)				0	
20437	999	0		0.0				ADD_STRENGH(0.14)\nADD_CONSITUTION(0.04)				0	
20438	999	0		0.0				ADD_STRENGH(0.14)\nADD_AGILITY(0.04)				0	
20439	999	0		0.0				ADD_STRENGH(0.14)\nADD_PERCEPTION(0.04)				0	
20440	999	0		0.0				ADD_STRENGH(0.14)\nADD_INTELLECT(0.04)				0	
20441	999	0		0.0				ADD_STRENGH(0.14)\nADD_HPMAX(0.06)				0	
20442	999	0		0.0				ADD_STRENGH(0.14)\nADD_DAMMIPHYSICS(0.05)				0	
20443	999	0		0.0				ADD_STRENGH(0.14)\nADD_DAMMIMAGIC(0.05)				0	
20444	999	0		0.0				ADD_STRENGH(0.14)\nADD_AC_PHYSICS(0.16)				0	
20445	999	0		0.0				ADD_STRENGH(0.14)\nADD_AC_MAGIC(0.16)				0	
20446	999	0		0.0				ADD_STRENGH(0.14)\nADD_PENETRATE_PHYSICS(0.15)				0	
20447	999	0		0.0				ADD_STRENGH(0.14)\nADD_PENETRATE_MAGIC(0.15)				0	
20448	999	0		0.0				ADD_STRENGH(0.14)\nADD_HITRATE(0.003)				0	
20449	999	0		0.0				ADD_STRENGH(0.14)\nADD_DODGE(0.003)				0	
20450	999	0		0.0				ADD_STRENGH(0.14)\nADD_POWERHIT(0.003)				0	
20451	999	0		0.0				ADD_STRENGH(0.14)\nADD_CONSITUTION(0.09)				0	
20452	999	0		0.0				ADD_STRENGH(0.14)\nADD_AGILITY(0.09)				0	
20453	999	0		0.0				ADD_STRENGH(0.14)\nADD_PERCEPTION(0.09)				0	
20454	999	0		0.0				ADD_STRENGH(0.14)\nADD_INTELLECT(0.09)				0	
20455	999	0		0.0				ADD_STRENGH(0.14)\nADD_HPMAX(0.12)				0	
20456	999	0		0.0				ADD_STRENGH(0.14)\nADD_DAMMIPHYSICS(0.1)				0	
20457	999	0		0.0				ADD_STRENGH(0.14)\nADD_DAMMIMAGIC(0.1)				0	
20458	999	0		0.0				ADD_STRENGH(0.14)\nADD_AC_PHYSICS(0.32)				0	
20459	999	0		0.0				ADD_STRENGH(0.14)\nADD_AC_MAGIC(0.32)				0	
20460	999	0		0.0				ADD_STRENGH(0.14)\nADD_PENETRATE_PHYSICS(0.3)				0	
20461	999	0		0.0				ADD_STRENGH(0.14)\nADD_PENETRATE_MAGIC(0.3)				0	
20462	999	0		0.0				ADD_STRENGH(0.14)\nADD_HITRATE(0.006)				0	
20463	999	0		0.0				ADD_STRENGH(0.14)\nADD_DODGE(0.006)				0	
20464	999	0		0.0				ADD_STRENGH(0.14)\nADD_POWERHIT(0.006)				0	
20465	999	0		0.0				ADD_STRENGH(0.14)\nADD_CONSITUTION(0.14)				0	
20466	999	0		0.0				ADD_STRENGH(0.14)\nADD_AGILITY(0.14)				0	
20467	999	0		0.0				ADD_STRENGH(0.14)\nADD_PERCEPTION(0.14)				0	
20468	999	0		0.0				ADD_STRENGH(0.14)\nADD_INTELLECT(0.14)				0	
20469	999	0		0.0				ADD_STRENGH(0.14)\nADD_HPMAX(0.18)				0	
20470	999	0		0.0				ADD_STRENGH(0.14)\nADD_DAMMIPHYSICS(0.15)				0	
20471	999	0		0.0				ADD_STRENGH(0.14)\nADD_DAMMIMAGIC(0.15)				0	
20472	999	0		0.0				ADD_STRENGH(0.14)\nADD_AC_PHYSICS(0.5)				0	
20473	999	0		0.0				ADD_STRENGH(0.14)\nADD_AC_MAGIC(0.5)				0	
20474	999	0		0.0				ADD_STRENGH(0.14)\nADD_PENETRATE_PHYSICS(0.45)				0	
20475	999	0		0.0				ADD_STRENGH(0.14)\nADD_PENETRATE_MAGIC(0.45)				0	
20476	999	0		0.0				ADD_STRENGH(0.14)\nADD_HITRATE(0.01)				0	
20477	999	0		0.0				ADD_STRENGH(0.14)\nADD_DODGE(0.01)				0	
20478	999	0		0.0				ADD_STRENGH(0.14)\nADD_POWERHIT(0.01)				0	
20479	999	0		0.0				ADD_CONSITUTION(0.14)\nADD_STRENGH(0.04)				0	
20480	999	0		0.0				ADD_CONSITUTION(0.14)\nADD_AGILITY(0.04)				0	
20481	999	0		0.0				ADD_CONSITUTION(0.14)\nADD_PERCEPTION(0.04)				0	
20482	999	0		0.0				ADD_CONSITUTION(0.14)\nADD_INTELLECT(0.04)				0	
20483	999	0		0.0				ADD_CONSITUTION(0.14)\nADD_HPMAX(0.06)				0	
20484	999	0		0.0				ADD_CONSITUTION(0.14)\nADD_DAMMIPHYSICS(0.05)				0	
20485	999	0		0.0				ADD_CONSITUTION(0.14)\nADD_DAMMIMAGIC(0.05)				0	
20486	999	0		0.0				ADD_CONSITUTION(0.14)\nADD_AC_PHYSICS(0.16)				0	
20487	999	0		0.0				ADD_CONSITUTION(0.14)\nADD_AC_MAGIC(0.16)				0	
20488	999	0		0.0				ADD_CONSITUTION(0.14)\nADD_PENETRATE_PHYSICS(0.15)				0	
20489	999	0		0.0				ADD_CONSITUTION(0.14)\nADD_PENETRATE_MAGIC(0.15)				0	
20490	999	0		0.0				ADD_CONSITUTION(0.14)\nADD_HITRATE(0.003)				0	
20491	999	0		0.0				ADD_CONSITUTION(0.14)\nADD_DODGE(0.003)				0	
20492	999	0		0.0				ADD_CONSITUTION(0.14)\nADD_POWERHIT(0.003)				0	
20493	999	0		0.0				ADD_CONSITUTION(0.14)\nADD_STRENGH(0.09)				0	
20494	999	0		0.0				ADD_CONSITUTION(0.14)\nADD_AGILITY(0.09)				0	
20495	999	0		0.0				ADD_CONSITUTION(0.14)\nADD_PERCEPTION(0.09)				0	
20496	999	0		0.0				ADD_CONSITUTION(0.14)\nADD_INTELLECT(0.09)				0	
20497	999	0		0.0				ADD_CONSITUTION(0.14)\nADD_HPMAX(0.12)				0	
20498	999	0		0.0				ADD_CONSITUTION(0.14)\nADD_DAMMIPHYSICS(0.1)				0	
20499	999	0		0.0				ADD_CONSITUTION(0.14)\nADD_DAMMIMAGIC(0.1)				0	
20500	999	0		0.0				ADD_CONSITUTION(0.14)\nADD_AC_PHYSICS(0.32)				0	
20501	999	0		0.0				ADD_CONSITUTION(0.14)\nADD_AC_MAGIC(0.32)				0	
20502	999	0		0.0				ADD_CONSITUTION(0.14)\nADD_PENETRATE_PHYSICS(0.3)				0	
20503	999	0		0.0				ADD_CONSITUTION(0.14)\nADD_PENETRATE_MAGIC(0.3)				0	
20504	999	0		0.0				ADD_CONSITUTION(0.14)\nADD_HITRATE(0.006)				0	
20505	999	0		0.0				ADD_CONSITUTION(0.14)\nADD_DODGE(0.006)				0	
20506	999	0		0.0				ADD_CONSITUTION(0.14)\nADD_POWERHIT(0.006)				0	
20507	999	0		0.0				ADD_CONSITUTION(0.14)\nADD_STRENGH(0.14)				0	
20508	999	0		0.0				ADD_CONSITUTION(0.14)\nADD_AGILITY(0.14)				0	
20509	999	0		0.0				ADD_CONSITUTION(0.14)\nADD_PERCEPTION(0.14)				0	
20510	999	0		0.0				ADD_CONSITUTION(0.14)\nADD_INTELLECT(0.14)				0	
20511	999	0		0.0				ADD_CONSITUTION(0.14)\nADD_HPMAX(0.18)				0	
20512	999	0		0.0				ADD_CONSITUTION(0.14)\nADD_DAMMIPHYSICS(0.15)				0	
20513	999	0		0.0				ADD_CONSITUTION(0.14)\nADD_DAMMIMAGIC(0.15)				0	
20514	999	0		0.0				ADD_CONSITUTION(0.14)\nADD_AC_PHYSICS(0.5)				0	
20515	999	0		0.0				ADD_CONSITUTION(0.14)\nADD_AC_MAGIC(0.5)				0	
20516	999	0		0.0				ADD_CONSITUTION(0.14)\nADD_PENETRATE_PHYSICS(0.45)				0	
20517	999	0		0.0				ADD_CONSITUTION(0.14)\nADD_PENETRATE_MAGIC(0.45)				0	
20518	999	0		0.0				ADD_CONSITUTION(0.14)\nADD_HITRATE(0.01)				0	
20519	999	0		0.0				ADD_CONSITUTION(0.14)\nADD_DODGE(0.01)				0	
20520	999	0		0.0				ADD_CONSITUTION(0.14)\nADD_POWERHIT(0.01)				0	
20521	999	0		0.0				ADD_AGILITY(0.14)\nADD_STRENGH(0.04)				0	
20522	999	0		0.0				ADD_AGILITY(0.14)\nADD_CONSITUTION(0.04)				0	
20523	999	0		0.0				ADD_AGILITY(0.14)\nADD_PERCEPTION(0.04)				0	
20524	999	0		0.0				ADD_AGILITY(0.14)\nADD_INTELLECT(0.04)				0	
20525	999	0		0.0				ADD_AGILITY(0.14)\nADD_HPMAX(0.06)				0	
20526	999	0		0.0				ADD_AGILITY(0.14)\nADD_DAMMIPHYSICS(0.05)				0	
20527	999	0		0.0				ADD_AGILITY(0.14)\nADD_DAMMIMAGIC(0.05)				0	
20528	999	0		0.0				ADD_AGILITY(0.14)\nADD_AC_PHYSICS(0.16)				0	
20529	999	0		0.0				ADD_AGILITY(0.14)\nADD_AC_MAGIC(0.16)				0	
20530	999	0		0.0				ADD_AGILITY(0.14)\nADD_PENETRATE_PHYSICS(0.15)				0	
20531	999	0		0.0				ADD_AGILITY(0.14)\nADD_PENETRATE_MAGIC(0.15)				0	
20532	999	0		0.0				ADD_AGILITY(0.14)\nADD_HITRATE(0.003)				0	
20533	999	0		0.0				ADD_AGILITY(0.14)\nADD_DODGE(0.003)				0	
20534	999	0		0.0				ADD_AGILITY(0.14)\nADD_POWERHIT(0.003)				0	
20535	999	0		0.0				ADD_AGILITY(0.14)\nADD_STRENGH(0.09)				0	
20536	999	0		0.0				ADD_AGILITY(0.14)\nADD_CONSITUTION(0.09)				0	
20537	999	0		0.0				ADD_AGILITY(0.14)\nADD_PERCEPTION(0.09)				0	
20538	999	0		0.0				ADD_AGILITY(0.14)\nADD_INTELLECT(0.09)				0	
20539	999	0		0.0				ADD_AGILITY(0.14)\nADD_HPMAX(0.12)				0	
20540	999	0		0.0				ADD_AGILITY(0.14)\nADD_DAMMIPHYSICS(0.1)				0	
20541	999	0		0.0				ADD_AGILITY(0.14)\nADD_DAMMIMAGIC(0.1)				0	
20542	999	0		0.0				ADD_AGILITY(0.14)\nADD_AC_PHYSICS(0.32)				0	
20543	999	0		0.0				ADD_AGILITY(0.14)\nADD_AC_MAGIC(0.32)				0	
20544	999	0		0.0				ADD_AGILITY(0.14)\nADD_PENETRATE_PHYSICS(0.3)				0	
20545	999	0		0.0				ADD_AGILITY(0.14)\nADD_PENETRATE_MAGIC(0.3)				0	
20546	999	0		0.0				ADD_AGILITY(0.14)\nADD_HITRATE(0.006)				0	
20547	999	0		0.0				ADD_AGILITY(0.14)\nADD_DODGE(0.006)				0	
20548	999	0		0.0				ADD_AGILITY(0.14)\nADD_POWERHIT(0.006)				0	
20549	999	0		0.0				ADD_AGILITY(0.14)\nADD_STRENGH(0.14)				0	
20550	999	0		0.0				ADD_AGILITY(0.14)\nADD_CONSITUTION(0.14)				0	
20551	999	0		0.0				ADD_AGILITY(0.14)\nADD_PERCEPTION(0.14)				0	
20552	999	0		0.0				ADD_AGILITY(0.14)\nADD_INTELLECT(0.14)				0	
20553	999	0		0.0				ADD_AGILITY(0.14)\nADD_HPMAX(0.18)				0	
20554	999	0		0.0				ADD_AGILITY(0.14)\nADD_DAMMIPHYSICS(0.15)				0	
20555	999	0		0.0				ADD_AGILITY(0.14)\nADD_DAMMIMAGIC(0.15)				0	
20556	999	0		0.0				ADD_AGILITY(0.14)\nADD_AC_PHYSICS(0.5)				0	
20557	999	0		0.0				ADD_AGILITY(0.14)\nADD_AC_MAGIC(0.5)				0	
20558	999	0		0.0				ADD_AGILITY(0.14)\nADD_PENETRATE_PHYSICS(0.45)				0	
20559	999	0		0.0				ADD_AGILITY(0.14)\nADD_PENETRATE_MAGIC(0.45)				0	
20560	999	0		0.0				ADD_AGILITY(0.14)\nADD_HITRATE(0.01)				0	
20561	999	0		0.0				ADD_AGILITY(0.14)\nADD_DODGE(0.01)				0	
20562	999	0		0.0				ADD_AGILITY(0.14)\nADD_POWERHIT(0.01)				0	
20563	999	0		0.0				ADD_PERCEPTION(0.14)\nADD_STRENGH(0.04)				0	
20564	999	0		0.0				ADD_PERCEPTION(0.14)\nADD_CONSITUTION(0.04)				0	
20565	999	0		0.0				ADD_PERCEPTION(0.14)\nADD_AGILITY(0.04)				0	
20566	999	0		0.0				ADD_PERCEPTION(0.14)\nADD_INTELLECT(0.04)				0	
20567	999	0		0.0				ADD_PERCEPTION(0.14)\nADD_HPMAX(0.06)				0	
20568	999	0		0.0				ADD_PERCEPTION(0.14)\nADD_DAMMIPHYSICS(0.05)				0	
20569	999	0		0.0				ADD_PERCEPTION(0.14)\nADD_DAMMIMAGIC(0.05)				0	
20570	999	0		0.0				ADD_PERCEPTION(0.14)\nADD_AC_PHYSICS(0.16)				0	
20571	999	0		0.0				ADD_PERCEPTION(0.14)\nADD_AC_MAGIC(0.16)				0	
20572	999	0		0.0				ADD_PERCEPTION(0.14)\nADD_PENETRATE_PHYSICS(0.15)				0	
20573	999	0		0.0				ADD_PERCEPTION(0.14)\nADD_PENETRATE_MAGIC(0.15)				0	
20574	999	0		0.0				ADD_PERCEPTION(0.14)\nADD_HITRATE(0.003)				0	
20575	999	0		0.0				ADD_PERCEPTION(0.14)\nADD_DODGE(0.003)				0	
20576	999	0		0.0				ADD_PERCEPTION(0.14)\nADD_POWERHIT(0.003)				0	
20577	999	0		0.0				ADD_PERCEPTION(0.14)\nADD_STRENGH(0.09)				0	
20578	999	0		0.0				ADD_PERCEPTION(0.14)\nADD_CONSITUTION(0.09)				0	
20579	999	0		0.0				ADD_PERCEPTION(0.14)\nADD_AGILITY(0.09)				0	
20580	999	0		0.0				ADD_PERCEPTION(0.14)\nADD_INTELLECT(0.09)				0	
20581	999	0		0.0				ADD_PERCEPTION(0.14)\nADD_HPMAX(0.12)				0	
20582	999	0		0.0				ADD_PERCEPTION(0.14)\nADD_DAMMIPHYSICS(0.1)				0	
20583	999	0		0.0				ADD_PERCEPTION(0.14)\nADD_DAMMIMAGIC(0.1)				0	
20584	999	0		0.0				ADD_PERCEPTION(0.14)\nADD_AC_PHYSICS(0.32)				0	
20585	999	0		0.0				ADD_PERCEPTION(0.14)\nADD_AC_MAGIC(0.32)				0	
20586	999	0		0.0				ADD_PERCEPTION(0.14)\nADD_PENETRATE_PHYSICS(0.3)				0	
20587	999	0		0.0				ADD_PERCEPTION(0.14)\nADD_PENETRATE_MAGIC(0.3)				0	
20588	999	0		0.0				ADD_PERCEPTION(0.14)\nADD_HITRATE(0.006)				0	
20589	999	0		0.0				ADD_PERCEPTION(0.14)\nADD_DODGE(0.006)				0	
20590	999	0		0.0				ADD_PERCEPTION(0.14)\nADD_POWERHIT(0.006)				0	
20591	999	0		0.0				ADD_PERCEPTION(0.14)\nADD_STRENGH(0.14)				0	
20592	999	0		0.0				ADD_PERCEPTION(0.14)\nADD_CONSITUTION(0.14)				0	
20593	999	0		0.0				ADD_PERCEPTION(0.14)\nADD_AGILITY(0.14)				0	
20594	999	0		0.0				ADD_PERCEPTION(0.14)\nADD_INTELLECT(0.14)				0	
20595	999	0		0.0				ADD_PERCEPTION(0.14)\nADD_HPMAX(0.18)				0	
20596	999	0		0.0				ADD_PERCEPTION(0.14)\nADD_DAMMIPHYSICS(0.15)				0	
20597	999	0		0.0				ADD_PERCEPTION(0.14)\nADD_DAMMIMAGIC(0.15)				0	
20598	999	0		0.0				ADD_PERCEPTION(0.14)\nADD_AC_PHYSICS(0.5)				0	
20599	999	0		0.0				ADD_PERCEPTION(0.14)\nADD_AC_MAGIC(0.5)				0	
20600	999	0		0.0				ADD_PERCEPTION(0.14)\nADD_PENETRATE_PHYSICS(0.45)				0	
20601	999	0		0.0				ADD_PERCEPTION(0.14)\nADD_PENETRATE_MAGIC(0.45)				0	
20602	999	0		0.0				ADD_PERCEPTION(0.14)\nADD_HITRATE(0.01)				0	
20603	999	0		0.0				ADD_PERCEPTION(0.14)\nADD_DODGE(0.01)				0	
20604	999	0		0.0				ADD_PERCEPTION(0.14)\nADD_POWERHIT(0.01)				0	
20605	999	0		0.0				ADD_INTELLECT(0.14)\nADD_STRENGH(0.04)				0	
20606	999	0		0.0				ADD_INTELLECT(0.14)\nADD_CONSITUTION(0.04)				0	
20607	999	0		0.0				ADD_INTELLECT(0.14)\nADD_AGILITY(0.04)				0	
20608	999	0		0.0				ADD_INTELLECT(0.14)\nADD_PERCEPTION(0.04)				0	
20609	999	0		0.0				ADD_INTELLECT(0.14)\nADD_HPMAX(0.06)				0	
20610	999	0		0.0				ADD_INTELLECT(0.14)\nADD_DAMMIPHYSICS(0.05)				0	
20611	999	0		0.0				ADD_INTELLECT(0.14)\nADD_DAMMIMAGIC(0.05)				0	
20612	999	0		0.0				ADD_INTELLECT(0.14)\nADD_AC_PHYSICS(0.16)				0	
20613	999	0		0.0				ADD_INTELLECT(0.14)\nADD_AC_MAGIC(0.16)				0	
20614	999	0		0.0				ADD_INTELLECT(0.14)\nADD_PENETRATE_PHYSICS(0.15)				0	
20615	999	0		0.0				ADD_INTELLECT(0.14)\nADD_PENETRATE_MAGIC(0.15)				0	
20616	999	0		0.0				ADD_INTELLECT(0.14)\nADD_HITRATE(0.003)				0	
20617	999	0		0.0				ADD_INTELLECT(0.14)\nADD_DODGE(0.003)				0	
20618	999	0		0.0				ADD_INTELLECT(0.14)\nADD_POWERHIT(0.003)				0	
20619	999	0		0.0				ADD_INTELLECT(0.14)\nADD_STRENGH(0.09)				0	
20620	999	0		0.0				ADD_INTELLECT(0.14)\nADD_CONSITUTION(0.09)				0	
20621	999	0		0.0				ADD_INTELLECT(0.14)\nADD_AGILITY(0.09)				0	
20622	999	0		0.0				ADD_INTELLECT(0.14)\nADD_PERCEPTION(0.09)				0	
20623	999	0		0.0				ADD_INTELLECT(0.14)\nADD_HPMAX(0.12)				0	
20624	999	0		0.0				ADD_INTELLECT(0.14)\nADD_DAMMIPHYSICS(0.1)				0	
20625	999	0		0.0				ADD_INTELLECT(0.14)\nADD_DAMMIMAGIC(0.1)				0	
20626	999	0		0.0				ADD_INTELLECT(0.14)\nADD_AC_PHYSICS(0.32)				0	
20627	999	0		0.0				ADD_INTELLECT(0.14)\nADD_AC_MAGIC(0.32)				0	
20628	999	0		0.0				ADD_INTELLECT(0.14)\nADD_PENETRATE_PHYSICS(0.3)				0	
20629	999	0		0.0				ADD_INTELLECT(0.14)\nADD_PENETRATE_MAGIC(0.3)				0	
20630	999	0		0.0				ADD_INTELLECT(0.14)\nADD_HITRATE(0.006)				0	
20631	999	0		0.0				ADD_INTELLECT(0.14)\nADD_DODGE(0.006)				0	
20632	999	0		0.0				ADD_INTELLECT(0.14)\nADD_POWERHIT(0.006)				0	
20633	999	0		0.0				ADD_INTELLECT(0.14)\nADD_STRENGH(0.14)				0	
20634	999	0		0.0				ADD_INTELLECT(0.14)\nADD_CONSITUTION(0.14)				0	
20635	999	0		0.0				ADD_INTELLECT(0.14)\nADD_AGILITY(0.14)				0	
20636	999	0		0.0				ADD_INTELLECT(0.14)\nADD_PERCEPTION(0.14)				0	
20637	999	0		0.0				ADD_INTELLECT(0.14)\nADD_HPMAX(0.18)				0	
20638	999	0		0.0				ADD_INTELLECT(0.14)\nADD_DAMMIPHYSICS(0.15)				0	
20639	999	0		0.0				ADD_INTELLECT(0.14)\nADD_DAMMIMAGIC(0.15)				0	
20640	999	0		0.0				ADD_INTELLECT(0.14)\nADD_AC_PHYSICS(0.5)				0	
20641	999	0		0.0				ADD_INTELLECT(0.14)\nADD_AC_MAGIC(0.5)				0	
20642	999	0		0.0				ADD_INTELLECT(0.14)\nADD_PENETRATE_PHYSICS(0.45)				0	
20643	999	0		0.0				ADD_INTELLECT(0.14)\nADD_PENETRATE_MAGIC(0.45)				0	
20644	999	0		0.0				ADD_INTELLECT(0.14)\nADD_HITRATE(0.01)				0	
20645	999	0		0.0				ADD_INTELLECT(0.14)\nADD_DODGE(0.01)				0	
20646	999	0		0.0				ADD_INTELLECT(0.14)\nADD_POWERHIT(0.01)				0	
20647	999	0		0.0				ADD_HPMAX(0.18)\nADD_STRENGH(0.04)				0	
20648	999	0		0.0				ADD_HPMAX(0.18)\nADD_CONSITUTION(0.04)				0	
20649	999	0		0.0				ADD_HPMAX(0.18)\nADD_AGILITY(0.04)				0	
20650	999	0		0.0				ADD_HPMAX(0.18)\nADD_PERCEPTION(0.04)				0	
20651	999	0		0.0				ADD_HPMAX(0.18)\nADD_INTELLECT(0.04)				0	
20652	999	0		0.0				ADD_HPMAX(0.18)\nADD_DAMMIPHYSICS(0.05)				0	
20653	999	0		0.0				ADD_HPMAX(0.18)\nADD_DAMMIMAGIC(0.05)				0	
20654	999	0		0.0				ADD_HPMAX(0.18)\nADD_AC_PHYSICS(0.16)				0	
20655	999	0		0.0				ADD_HPMAX(0.18)\nADD_AC_MAGIC(0.16)				0	
20656	999	0		0.0				ADD_HPMAX(0.18)\nADD_PENETRATE_PHYSICS(0.15)				0	
20657	999	0		0.0				ADD_HPMAX(0.18)\nADD_PENETRATE_MAGIC(0.15)				0	
20658	999	0		0.0				ADD_HPMAX(0.18)\nADD_HITRATE(0.003)				0	
20659	999	0		0.0				ADD_HPMAX(0.18)\nADD_DODGE(0.003)				0	
20660	999	0		0.0				ADD_HPMAX(0.18)\nADD_POWERHIT(0.003)				0	
20661	999	0		0.0				ADD_HPMAX(0.18)\nADD_STRENGH(0.09)				0	
20662	999	0		0.0				ADD_HPMAX(0.18)\nADD_CONSITUTION(0.09)				0	
20663	999	0		0.0				ADD_HPMAX(0.18)\nADD_AGILITY(0.09)				0	
20664	999	0		0.0				ADD_HPMAX(0.18)\nADD_PERCEPTION(0.09)				0	
20665	999	0		0.0				ADD_HPMAX(0.18)\nADD_INTELLECT(0.09)				0	
20666	999	0		0.0				ADD_HPMAX(0.18)\nADD_DAMMIPHYSICS(0.1)				0	
20667	999	0		0.0				ADD_HPMAX(0.18)\nADD_DAMMIMAGIC(0.1)				0	
20668	999	0		0.0				ADD_HPMAX(0.18)\nADD_AC_PHYSICS(0.32)				0	
20669	999	0		0.0				ADD_HPMAX(0.18)\nADD_AC_MAGIC(0.32)				0	
20670	999	0		0.0				ADD_HPMAX(0.18)\nADD_PENETRATE_PHYSICS(0.3)				0	
20671	999	0		0.0				ADD_HPMAX(0.18)\nADD_PENETRATE_MAGIC(0.3)				0	
20672	999	0		0.0				ADD_HPMAX(0.18)\nADD_HITRATE(0.006)				0	
20673	999	0		0.0				ADD_HPMAX(0.18)\nADD_DODGE(0.006)				0	
20674	999	0		0.0				ADD_HPMAX(0.18)\nADD_POWERHIT(0.006)				0	
20675	999	0		0.0				ADD_HPMAX(0.18)\nADD_STRENGH(0.14)				0	
20676	999	0		0.0				ADD_HPMAX(0.18)\nADD_CONSITUTION(0.14)				0	
20677	999	0		0.0				ADD_HPMAX(0.18)\nADD_AGILITY(0.14)				0	
20678	999	0		0.0				ADD_HPMAX(0.18)\nADD_PERCEPTION(0.14)				0	
20679	999	0		0.0				ADD_HPMAX(0.18)\nADD_INTELLECT(0.14)				0	
20680	999	0		0.0				ADD_HPMAX(0.18)\nADD_DAMMIPHYSICS(0.15)				0	
20681	999	0		0.0				ADD_HPMAX(0.18)\nADD_DAMMIMAGIC(0.15)				0	
20682	999	0		0.0				ADD_HPMAX(0.18)\nADD_AC_PHYSICS(0.5)				0	
20683	999	0		0.0				ADD_HPMAX(0.18)\nADD_AC_MAGIC(0.5)				0	
20684	999	0		0.0				ADD_HPMAX(0.18)\nADD_PENETRATE_PHYSICS(0.45)				0	
20685	999	0		0.0				ADD_HPMAX(0.18)\nADD_PENETRATE_MAGIC(0.45)				0	
20686	999	0		0.0				ADD_HPMAX(0.18)\nADD_HITRATE(0.01)				0	
20687	999	0		0.0				ADD_HPMAX(0.18)\nADD_DODGE(0.01)				0	
20688	999	0		0.0				ADD_HPMAX(0.18)\nADD_POWERHIT(0.01)				0	
20689	999	0		0.0				ADD_DAMMIPHYSICS(0.15)\nADD_STRENGH(0.04)				0	
20690	999	0		0.0				ADD_DAMMIPHYSICS(0.15)\nADD_CONSITUTION(0.04)				0	
20691	999	0		0.0				ADD_DAMMIPHYSICS(0.15)\nADD_AGILITY(0.04)				0	
20692	999	0		0.0				ADD_DAMMIPHYSICS(0.15)\nADD_PERCEPTION(0.04)				0	
20693	999	0		0.0				ADD_DAMMIPHYSICS(0.15)\nADD_INTELLECT(0.04)				0	
20694	999	0		0.0				ADD_DAMMIPHYSICS(0.15)\nADD_HPMAX(0.06)				0	
20695	999	0		0.0				ADD_DAMMIPHYSICS(0.15)\nADD_DAMMIMAGIC(0.05)				0	
20696	999	0		0.0				ADD_DAMMIPHYSICS(0.15)\nADD_AC_PHYSICS(0.16)				0	
20697	999	0		0.0				ADD_DAMMIPHYSICS(0.15)\nADD_AC_MAGIC(0.16)				0	
20698	999	0		0.0				ADD_DAMMIPHYSICS(0.15)\nADD_PENETRATE_PHYSICS(0.15)				0	
20699	999	0		0.0				ADD_DAMMIPHYSICS(0.15)\nADD_PENETRATE_MAGIC(0.15)				0	
20700	999	0		0.0				ADD_DAMMIPHYSICS(0.15)\nADD_HITRATE(0.003)				0	
20701	999	0		0.0				ADD_DAMMIPHYSICS(0.15)\nADD_DODGE(0.003)				0	
20702	999	0		0.0				ADD_DAMMIPHYSICS(0.15)\nADD_POWERHIT(0.003)				0	
20703	999	0		0.0				ADD_DAMMIPHYSICS(0.15)\nADD_STRENGH(0.09)				0	
20704	999	0		0.0				ADD_DAMMIPHYSICS(0.15)\nADD_CONSITUTION(0.09)				0	
20705	999	0		0.0				ADD_DAMMIPHYSICS(0.15)\nADD_AGILITY(0.09)				0	
20706	999	0		0.0				ADD_DAMMIPHYSICS(0.15)\nADD_PERCEPTION(0.09)				0	
20707	999	0		0.0				ADD_DAMMIPHYSICS(0.15)\nADD_INTELLECT(0.09)				0	
20708	999	0		0.0				ADD_DAMMIPHYSICS(0.15)\nADD_HPMAX(0.12)				0	
20709	999	0		0.0				ADD_DAMMIPHYSICS(0.15)\nADD_DAMMIMAGIC(0.1)				0	
20710	999	0		0.0				ADD_DAMMIPHYSICS(0.15)\nADD_AC_PHYSICS(0.32)				0	
20711	999	0		0.0				ADD_DAMMIPHYSICS(0.15)\nADD_AC_MAGIC(0.32)				0	
20712	999	0		0.0				ADD_DAMMIPHYSICS(0.15)\nADD_PENETRATE_PHYSICS(0.3)				0	
20713	999	0		0.0				ADD_DAMMIPHYSICS(0.15)\nADD_PENETRATE_MAGIC(0.3)				0	
20714	999	0		0.0				ADD_DAMMIPHYSICS(0.15)\nADD_HITRATE(0.006)				0	
20715	999	0		0.0				ADD_DAMMIPHYSICS(0.15)\nADD_DODGE(0.006)				0	
20716	999	0		0.0				ADD_DAMMIPHYSICS(0.15)\nADD_POWERHIT(0.006)				0	
20717	999	0		0.0				ADD_DAMMIPHYSICS(0.15)\nADD_STRENGH(0.14)				0	
20718	999	0		0.0				ADD_DAMMIPHYSICS(0.15)\nADD_CONSITUTION(0.14)				0	
20719	999	0		0.0				ADD_DAMMIPHYSICS(0.15)\nADD_AGILITY(0.14)				0	
20720	999	0		0.0				ADD_DAMMIPHYSICS(0.15)\nADD_PERCEPTION(0.14)				0	
20721	999	0		0.0				ADD_DAMMIPHYSICS(0.15)\nADD_INTELLECT(0.14)				0	
20722	999	0		0.0				ADD_DAMMIPHYSICS(0.15)\nADD_HPMAX(0.18)				0	
20723	999	0		0.0				ADD_DAMMIPHYSICS(0.15)\nADD_DAMMIMAGIC(0.15)				0	
20724	999	0		0.0				ADD_DAMMIPHYSICS(0.15)\nADD_AC_PHYSICS(0.5)				0	
20725	999	0		0.0				ADD_DAMMIPHYSICS(0.15)\nADD_AC_MAGIC(0.5)				0	
20726	999	0		0.0				ADD_DAMMIPHYSICS(0.15)\nADD_PENETRATE_PHYSICS(0.45)				0	
20727	999	0		0.0				ADD_DAMMIPHYSICS(0.15)\nADD_PENETRATE_MAGIC(0.45)				0	
20728	999	0		0.0				ADD_DAMMIPHYSICS(0.15)\nADD_HITRATE(0.01)				0	
20729	999	0		0.0				ADD_DAMMIPHYSICS(0.15)\nADD_DODGE(0.01)				0	
20730	999	0		0.0				ADD_DAMMIPHYSICS(0.15)\nADD_POWERHIT(0.01)				0	
20731	999	0		0.0				ADD_DAMMIMAGIC(0.15)\nADD_STRENGH(0.04)				0	
20732	999	0		0.0				ADD_DAMMIMAGIC(0.15)\nADD_CONSITUTION(0.04)				0	
20733	999	0		0.0				ADD_DAMMIMAGIC(0.15)\nADD_AGILITY(0.04)				0	
20734	999	0		0.0				ADD_DAMMIMAGIC(0.15)\nADD_PERCEPTION(0.04)				0	
20735	999	0		0.0				ADD_DAMMIMAGIC(0.15)\nADD_INTELLECT(0.04)				0	
20736	999	0		0.0				ADD_DAMMIMAGIC(0.15)\nADD_HPMAX(0.06)				0	
20737	999	0		0.0				ADD_DAMMIMAGIC(0.15)\nADD_DAMMIPHYSICS(0.05)				0	
20738	999	0		0.0				ADD_DAMMIMAGIC(0.15)\nADD_AC_PHYSICS(0.16)				0	
20739	999	0		0.0				ADD_DAMMIMAGIC(0.15)\nADD_AC_MAGIC(0.16)				0	
20740	999	0		0.0				ADD_DAMMIMAGIC(0.15)\nADD_PENETRATE_PHYSICS(0.15)				0	
20741	999	0		0.0				ADD_DAMMIMAGIC(0.15)\nADD_PENETRATE_MAGIC(0.15)				0	
20742	999	0		0.0				ADD_DAMMIMAGIC(0.15)\nADD_HITRATE(0.003)				0	
20743	999	0		0.0				ADD_DAMMIMAGIC(0.15)\nADD_DODGE(0.003)				0	
20744	999	0		0.0				ADD_DAMMIMAGIC(0.15)\nADD_POWERHIT(0.003)				0	
20745	999	0		0.0				ADD_DAMMIMAGIC(0.15)\nADD_STRENGH(0.09)				0	
20746	999	0		0.0				ADD_DAMMIMAGIC(0.15)\nADD_CONSITUTION(0.09)				0	
20747	999	0		0.0				ADD_DAMMIMAGIC(0.15)\nADD_AGILITY(0.09)				0	
20748	999	0		0.0				ADD_DAMMIMAGIC(0.15)\nADD_PERCEPTION(0.09)				0	
20749	999	0		0.0				ADD_DAMMIMAGIC(0.15)\nADD_INTELLECT(0.09)				0	
20750	999	0		0.0				ADD_DAMMIMAGIC(0.15)\nADD_HPMAX(0.12)				0	
20751	999	0		0.0				ADD_DAMMIMAGIC(0.15)\nADD_DAMMIPHYSICS(0.1)				0	
20752	999	0		0.0				ADD_DAMMIMAGIC(0.15)\nADD_AC_PHYSICS(0.32)				0	
20753	999	0		0.0				ADD_DAMMIMAGIC(0.15)\nADD_AC_MAGIC(0.32)				0	
20754	999	0		0.0				ADD_DAMMIMAGIC(0.15)\nADD_PENETRATE_PHYSICS(0.3)				0	
20755	999	0		0.0				ADD_DAMMIMAGIC(0.15)\nADD_PENETRATE_MAGIC(0.3)				0	
20756	999	0		0.0				ADD_DAMMIMAGIC(0.15)\nADD_HITRATE(0.006)				0	
20757	999	0		0.0				ADD_DAMMIMAGIC(0.15)\nADD_DODGE(0.006)				0	
20758	999	0		0.0				ADD_DAMMIMAGIC(0.15)\nADD_POWERHIT(0.006)				0	
20759	999	0		0.0				ADD_DAMMIMAGIC(0.15)\nADD_STRENGH(0.14)				0	
20760	999	0		0.0				ADD_DAMMIMAGIC(0.15)\nADD_CONSITUTION(0.14)				0	
20761	999	0		0.0				ADD_DAMMIMAGIC(0.15)\nADD_AGILITY(0.14)				0	
20762	999	0		0.0				ADD_DAMMIMAGIC(0.15)\nADD_PERCEPTION(0.14)				0	
20763	999	0		0.0				ADD_DAMMIMAGIC(0.15)\nADD_INTELLECT(0.14)				0	
20764	999	0		0.0				ADD_DAMMIMAGIC(0.15)\nADD_HPMAX(0.18)				0	
20765	999	0		0.0				ADD_DAMMIMAGIC(0.15)\nADD_DAMMIPHYSICS(0.15)				0	
20766	999	0		0.0				ADD_DAMMIMAGIC(0.15)\nADD_AC_PHYSICS(0.5)				0	
20767	999	0		0.0				ADD_DAMMIMAGIC(0.15)\nADD_AC_MAGIC(0.5)				0	
20768	999	0		0.0				ADD_DAMMIMAGIC(0.15)\nADD_PENETRATE_PHYSICS(0.45)				0	
20769	999	0		0.0				ADD_DAMMIMAGIC(0.15)\nADD_PENETRATE_MAGIC(0.45)				0	
20770	999	0		0.0				ADD_DAMMIMAGIC(0.15)\nADD_HITRATE(0.01)				0	
20771	999	0		0.0				ADD_DAMMIMAGIC(0.15)\nADD_DODGE(0.01)				0	
20772	999	0		0.0				ADD_DAMMIMAGIC(0.15)\nADD_POWERHIT(0.01)				0	
20773	999	0		0.0				ADD_AC_PHYSICS(0.5)\nADD_STRENGH(0.04)				0	
20774	999	0		0.0				ADD_AC_PHYSICS(0.5)\nADD_CONSITUTION(0.04)				0	
20775	999	0		0.0				ADD_AC_PHYSICS(0.5)\nADD_AGILITY(0.04)				0	
20776	999	0		0.0				ADD_AC_PHYSICS(0.5)\nADD_PERCEPTION(0.04)				0	
20777	999	0		0.0				ADD_AC_PHYSICS(0.5)\nADD_INTELLECT(0.04)				0	
20778	999	0		0.0				ADD_AC_PHYSICS(0.5)\nADD_HPMAX(0.06)				0	
20779	999	0		0.0				ADD_AC_PHYSICS(0.5)\nADD_DAMMIPHYSICS(0.05)				0	
20780	999	0		0.0				ADD_AC_PHYSICS(0.5)\nADD_DAMMIMAGIC(0.05)				0	
20781	999	0		0.0				ADD_AC_PHYSICS(0.5)\nADD_AC_MAGIC(0.16)				0	
20782	999	0		0.0				ADD_AC_PHYSICS(0.5)\nADD_PENETRATE_PHYSICS(0.15)				0	
20783	999	0		0.0				ADD_AC_PHYSICS(0.5)\nADD_PENETRATE_MAGIC(0.15)				0	
20784	999	0		0.0				ADD_AC_PHYSICS(0.5)\nADD_HITRATE(0.003)				0	
20785	999	0		0.0				ADD_AC_PHYSICS(0.5)\nADD_DODGE(0.003)				0	
20786	999	0		0.0				ADD_AC_PHYSICS(0.5)\nADD_POWERHIT(0.003)				0	
20787	999	0		0.0				ADD_AC_PHYSICS(0.5)\nADD_STRENGH(0.09)				0	
20788	999	0		0.0				ADD_AC_PHYSICS(0.5)\nADD_CONSITUTION(0.09)				0	
20789	999	0		0.0				ADD_AC_PHYSICS(0.5)\nADD_AGILITY(0.09)				0	
20790	999	0		0.0				ADD_AC_PHYSICS(0.5)\nADD_PERCEPTION(0.09)				0	
20791	999	0		0.0				ADD_AC_PHYSICS(0.5)\nADD_INTELLECT(0.09)				0	
20792	999	0		0.0				ADD_AC_PHYSICS(0.5)\nADD_HPMAX(0.12)				0	
20793	999	0		0.0				ADD_AC_PHYSICS(0.5)\nADD_DAMMIPHYSICS(0.1)				0	
20794	999	0		0.0				ADD_AC_PHYSICS(0.5)\nADD_DAMMIMAGIC(0.1)				0	
20795	999	0		0.0				ADD_AC_PHYSICS(0.5)\nADD_AC_MAGIC(0.32)				0	
20796	999	0		0.0				ADD_AC_PHYSICS(0.5)\nADD_PENETRATE_PHYSICS(0.3)				0	
20797	999	0		0.0				ADD_AC_PHYSICS(0.5)\nADD_PENETRATE_MAGIC(0.3)				0	
20798	999	0		0.0				ADD_AC_PHYSICS(0.5)\nADD_HITRATE(0.006)				0	
20799	999	0		0.0				ADD_AC_PHYSICS(0.5)\nADD_DODGE(0.006)				0	
20800	999	0		0.0				ADD_AC_PHYSICS(0.5)\nADD_POWERHIT(0.006)				0	
20801	999	0		0.0				ADD_AC_PHYSICS(0.5)\nADD_STRENGH(0.14)				0	
20802	999	0		0.0				ADD_AC_PHYSICS(0.5)\nADD_CONSITUTION(0.14)				0	
20803	999	0		0.0				ADD_AC_PHYSICS(0.5)\nADD_AGILITY(0.14)				0	
20804	999	0		0.0				ADD_AC_PHYSICS(0.5)\nADD_PERCEPTION(0.14)				0	
20805	999	0		0.0				ADD_AC_PHYSICS(0.5)\nADD_INTELLECT(0.14)				0	
20806	999	0		0.0				ADD_AC_PHYSICS(0.5)\nADD_HPMAX(0.18)				0	
20807	999	0		0.0				ADD_AC_PHYSICS(0.5)\nADD_DAMMIPHYSICS(0.15)				0	
20808	999	0		0.0				ADD_AC_PHYSICS(0.5)\nADD_DAMMIMAGIC(0.15)				0	
20809	999	0		0.0				ADD_AC_PHYSICS(0.5)\nADD_AC_MAGIC(0.5)				0	
20810	999	0		0.0				ADD_AC_PHYSICS(0.5)\nADD_PENETRATE_PHYSICS(0.45)				0	
20811	999	0		0.0				ADD_AC_PHYSICS(0.5)\nADD_PENETRATE_MAGIC(0.45)				0	
20812	999	0		0.0				ADD_AC_PHYSICS(0.5)\nADD_HITRATE(0.01)				0	
20813	999	0		0.0				ADD_AC_PHYSICS(0.5)\nADD_DODGE(0.01)				0	
20814	999	0		0.0				ADD_AC_PHYSICS(0.5)\nADD_POWERHIT(0.01)				0	
20815	999	0		0.0				ADD_AC_MAGIC(0.5)\nADD_STRENGH(0.04)				0	
20816	999	0		0.0				ADD_AC_MAGIC(0.5)\nADD_CONSITUTION(0.04)				0	
20817	999	0		0.0				ADD_AC_MAGIC(0.5)\nADD_AGILITY(0.04)				0	
20818	999	0		0.0				ADD_AC_MAGIC(0.5)\nADD_PERCEPTION(0.04)				0	
20819	999	0		0.0				ADD_AC_MAGIC(0.5)\nADD_INTELLECT(0.04)				0	
20820	999	0		0.0				ADD_AC_MAGIC(0.5)\nADD_HPMAX(0.06)				0	
20821	999	0		0.0				ADD_AC_MAGIC(0.5)\nADD_DAMMIPHYSICS(0.05)				0	
20822	999	0		0.0				ADD_AC_MAGIC(0.5)\nADD_DAMMIMAGIC(0.05)				0	
20823	999	0		0.0				ADD_AC_MAGIC(0.5)\nADD_AC_PHYSICS(0.16)				0	
20824	999	0		0.0				ADD_AC_MAGIC(0.5)\nADD_PENETRATE_PHYSICS(0.15)				0	
20825	999	0		0.0				ADD_AC_MAGIC(0.5)\nADD_PENETRATE_MAGIC(0.15)				0	
20826	999	0		0.0				ADD_AC_MAGIC(0.5)\nADD_HITRATE(0.003)				0	
20827	999	0		0.0				ADD_AC_MAGIC(0.5)\nADD_DODGE(0.003)				0	
20828	999	0		0.0				ADD_AC_MAGIC(0.5)\nADD_POWERHIT(0.003)				0	
20829	999	0		0.0				ADD_AC_MAGIC(0.5)\nADD_STRENGH(0.09)				0	
20830	999	0		0.0				ADD_AC_MAGIC(0.5)\nADD_CONSITUTION(0.09)				0	
20831	999	0		0.0				ADD_AC_MAGIC(0.5)\nADD_AGILITY(0.09)				0	
20832	999	0		0.0				ADD_AC_MAGIC(0.5)\nADD_PERCEPTION(0.09)				0	
20833	999	0		0.0				ADD_AC_MAGIC(0.5)\nADD_INTELLECT(0.09)				0	
20834	999	0		0.0				ADD_AC_MAGIC(0.5)\nADD_HPMAX(0.12)				0	
20835	999	0		0.0				ADD_AC_MAGIC(0.5)\nADD_DAMMIPHYSICS(0.1)				0	
20836	999	0		0.0				ADD_AC_MAGIC(0.5)\nADD_DAMMIMAGIC(0.1)				0	
20837	999	0		0.0				ADD_AC_MAGIC(0.5)\nADD_AC_PHYSICS(0.32)				0	
20838	999	0		0.0				ADD_AC_MAGIC(0.5)\nADD_PENETRATE_PHYSICS(0.3)				0	
20839	999	0		0.0				ADD_AC_MAGIC(0.5)\nADD_PENETRATE_MAGIC(0.3)				0	
20840	999	0		0.0				ADD_AC_MAGIC(0.5)\nADD_HITRATE(0.006)				0	
20841	999	0		0.0				ADD_AC_MAGIC(0.5)\nADD_DODGE(0.006)				0	
20842	999	0		0.0				ADD_AC_MAGIC(0.5)\nADD_POWERHIT(0.006)				0	
20843	999	0		0.0				ADD_AC_MAGIC(0.5)\nADD_STRENGH(0.14)				0	
20844	999	0		0.0				ADD_AC_MAGIC(0.5)\nADD_CONSITUTION(0.14)				0	
20845	999	0		0.0				ADD_AC_MAGIC(0.5)\nADD_AGILITY(0.14)				0	
20846	999	0		0.0				ADD_AC_MAGIC(0.5)\nADD_PERCEPTION(0.14)				0	
20847	999	0		0.0				ADD_AC_MAGIC(0.5)\nADD_INTELLECT(0.14)				0	
20848	999	0		0.0				ADD_AC_MAGIC(0.5)\nADD_HPMAX(0.18)				0	
20849	999	0		0.0				ADD_AC_MAGIC(0.5)\nADD_DAMMIPHYSICS(0.15)				0	
20850	999	0		0.0				ADD_AC_MAGIC(0.5)\nADD_DAMMIMAGIC(0.15)				0	
20851	999	0		0.0				ADD_AC_MAGIC(0.5)\nADD_AC_PHYSICS(0.5)				0	
20852	999	0		0.0				ADD_AC_MAGIC(0.5)\nADD_PENETRATE_PHYSICS(0.45)				0	
20853	999	0		0.0				ADD_AC_MAGIC(0.5)\nADD_PENETRATE_MAGIC(0.45)				0	
20854	999	0		0.0				ADD_AC_MAGIC(0.5)\nADD_HITRATE(0.01)				0	
20855	999	0		0.0				ADD_AC_MAGIC(0.5)\nADD_DODGE(0.01)				0	
20856	999	0		0.0				ADD_AC_MAGIC(0.5)\nADD_POWERHIT(0.01)				0	
20857	999	0		0.0				ADD_PENETRATE_PHYSICS(0.45)\nADD_STRENGH(0.04)				0	
20858	999	0		0.0				ADD_PENETRATE_PHYSICS(0.45)\nADD_CONSITUTION(0.04)				0	
20859	999	0		0.0				ADD_PENETRATE_PHYSICS(0.45)\nADD_AGILITY(0.04)				0	
20860	999	0		0.0				ADD_PENETRATE_PHYSICS(0.45)\nADD_PERCEPTION(0.04)				0	
20861	999	0		0.0				ADD_PENETRATE_PHYSICS(0.45)\nADD_INTELLECT(0.04)				0	
20862	999	0		0.0				ADD_PENETRATE_PHYSICS(0.45)\nADD_HPMAX(0.06)				0	
20863	999	0		0.0				ADD_PENETRATE_PHYSICS(0.45)\nADD_DAMMIPHYSICS(0.05)				0	
20864	999	0		0.0				ADD_PENETRATE_PHYSICS(0.45)\nADD_DAMMIMAGIC(0.05)				0	
20865	999	0		0.0				ADD_PENETRATE_PHYSICS(0.45)\nADD_AC_PHYSICS(0.16)				0	
20866	999	0		0.0				ADD_PENETRATE_PHYSICS(0.45)\nADD_AC_MAGIC(0.16)				0	
20867	999	0		0.0				ADD_PENETRATE_PHYSICS(0.45)\nADD_PENETRATE_MAGIC(0.15)				0	
20868	999	0		0.0				ADD_PENETRATE_PHYSICS(0.45)\nADD_HITRATE(0.003)				0	
20869	999	0		0.0				ADD_PENETRATE_PHYSICS(0.45)\nADD_DODGE(0.003)				0	
20870	999	0		0.0				ADD_PENETRATE_PHYSICS(0.45)\nADD_POWERHIT(0.003)				0	
20871	999	0		0.0				ADD_PENETRATE_PHYSICS(0.45)\nADD_STRENGH(0.09)				0	
20872	999	0		0.0				ADD_PENETRATE_PHYSICS(0.45)\nADD_CONSITUTION(0.09)				0	
20873	999	0		0.0				ADD_PENETRATE_PHYSICS(0.45)\nADD_AGILITY(0.09)				0	
20874	999	0		0.0				ADD_PENETRATE_PHYSICS(0.45)\nADD_PERCEPTION(0.09)				0	
20875	999	0		0.0				ADD_PENETRATE_PHYSICS(0.45)\nADD_INTELLECT(0.09)				0	
20876	999	0		0.0				ADD_PENETRATE_PHYSICS(0.45)\nADD_HPMAX(0.12)				0	
20877	999	0		0.0				ADD_PENETRATE_PHYSICS(0.45)\nADD_DAMMIPHYSICS(0.1)				0	
20878	999	0		0.0				ADD_PENETRATE_PHYSICS(0.45)\nADD_DAMMIMAGIC(0.1)				0	
20879	999	0		0.0				ADD_PENETRATE_PHYSICS(0.45)\nADD_AC_PHYSICS(0.32)				0	
20880	999	0		0.0				ADD_PENETRATE_PHYSICS(0.45)\nADD_AC_MAGIC(0.32)				0	
20881	999	0		0.0				ADD_PENETRATE_PHYSICS(0.45)\nADD_PENETRATE_MAGIC(0.3)				0	
20882	999	0		0.0				ADD_PENETRATE_PHYSICS(0.45)\nADD_HITRATE(0.006)				0	
20883	999	0		0.0				ADD_PENETRATE_PHYSICS(0.45)\nADD_DODGE(0.006)				0	
20884	999	0		0.0				ADD_PENETRATE_PHYSICS(0.45)\nADD_POWERHIT(0.006)				0	
20885	999	0		0.0				ADD_PENETRATE_PHYSICS(0.45)\nADD_STRENGH(0.14)				0	
20886	999	0		0.0				ADD_PENETRATE_PHYSICS(0.45)\nADD_CONSITUTION(0.14)				0	
20887	999	0		0.0				ADD_PENETRATE_PHYSICS(0.45)\nADD_AGILITY(0.14)				0	
20888	999	0		0.0				ADD_PENETRATE_PHYSICS(0.45)\nADD_PERCEPTION(0.14)				0	
20889	999	0		0.0				ADD_PENETRATE_PHYSICS(0.45)\nADD_INTELLECT(0.14)				0	
20890	999	0		0.0				ADD_PENETRATE_PHYSICS(0.45)\nADD_HPMAX(0.18)				0	
20891	999	0		0.0				ADD_PENETRATE_PHYSICS(0.45)\nADD_DAMMIPHYSICS(0.15)				0	
20892	999	0		0.0				ADD_PENETRATE_PHYSICS(0.45)\nADD_DAMMIMAGIC(0.15)				0	
20893	999	0		0.0				ADD_PENETRATE_PHYSICS(0.45)\nADD_AC_PHYSICS(0.5)				0	
20894	999	0		0.0				ADD_PENETRATE_PHYSICS(0.45)\nADD_AC_MAGIC(0.5)				0	
20895	999	0		0.0				ADD_PENETRATE_PHYSICS(0.45)\nADD_PENETRATE_MAGIC(0.45)				0	
20896	999	0		0.0				ADD_PENETRATE_PHYSICS(0.45)\nADD_HITRATE(0.01)				0	
20897	999	0		0.0				ADD_PENETRATE_PHYSICS(0.45)\nADD_DODGE(0.01)				0	
20898	999	0		0.0				ADD_PENETRATE_PHYSICS(0.45)\nADD_POWERHIT(0.01)				0	
20899	999	0		0.0				ADD_PENETRATE_MAGIC(0.45)\nADD_STRENGH(0.04)				0	
20900	999	0		0.0				ADD_PENETRATE_MAGIC(0.45)\nADD_CONSITUTION(0.04)				0	
20901	999	0		0.0				ADD_PENETRATE_MAGIC(0.45)\nADD_AGILITY(0.04)				0	
20902	999	0		0.0				ADD_PENETRATE_MAGIC(0.45)\nADD_PERCEPTION(0.04)				0	
20903	999	0		0.0				ADD_PENETRATE_MAGIC(0.45)\nADD_INTELLECT(0.04)				0	
20904	999	0		0.0				ADD_PENETRATE_MAGIC(0.45)\nADD_HPMAX(0.06)				0	
20905	999	0		0.0				ADD_PENETRATE_MAGIC(0.45)\nADD_DAMMIPHYSICS(0.05)				0	
20906	999	0		0.0				ADD_PENETRATE_MAGIC(0.45)\nADD_DAMMIMAGIC(0.05)				0	
20907	999	0		0.0				ADD_PENETRATE_MAGIC(0.45)\nADD_AC_PHYSICS(0.16)				0	
20908	999	0		0.0				ADD_PENETRATE_MAGIC(0.45)\nADD_AC_MAGIC(0.16)				0	
20909	999	0		0.0				ADD_PENETRATE_MAGIC(0.45)\nADD_PENETRATE_PHYSICS(0.15)				0	
20910	999	0		0.0				ADD_PENETRATE_MAGIC(0.45)\nADD_HITRATE(0.003)				0	
20911	999	0		0.0				ADD_PENETRATE_MAGIC(0.45)\nADD_DODGE(0.003)				0	
20912	999	0		0.0				ADD_PENETRATE_MAGIC(0.45)\nADD_POWERHIT(0.003)				0	
20913	999	0		0.0				ADD_PENETRATE_MAGIC(0.45)\nADD_STRENGH(0.09)				0	
20914	999	0		0.0				ADD_PENETRATE_MAGIC(0.45)\nADD_CONSITUTION(0.09)				0	
20915	999	0		0.0				ADD_PENETRATE_MAGIC(0.45)\nADD_AGILITY(0.09)				0	
20916	999	0		0.0				ADD_PENETRATE_MAGIC(0.45)\nADD_PERCEPTION(0.09)				0	
20917	999	0		0.0				ADD_PENETRATE_MAGIC(0.45)\nADD_INTELLECT(0.09)				0	
20918	999	0		0.0				ADD_PENETRATE_MAGIC(0.45)\nADD_HPMAX(0.12)				0	
20919	999	0		0.0				ADD_PENETRATE_MAGIC(0.45)\nADD_DAMMIPHYSICS(0.1)				0	
20920	999	0		0.0				ADD_PENETRATE_MAGIC(0.45)\nADD_DAMMIMAGIC(0.1)				0	
20921	999	0		0.0				ADD_PENETRATE_MAGIC(0.45)\nADD_AC_PHYSICS(0.32)				0	
20922	999	0		0.0				ADD_PENETRATE_MAGIC(0.45)\nADD_AC_MAGIC(0.32)				0	
20923	999	0		0.0				ADD_PENETRATE_MAGIC(0.45)\nADD_PENETRATE_PHYSICS(0.3)				0	
20924	999	0		0.0				ADD_PENETRATE_MAGIC(0.45)\nADD_HITRATE(0.006)				0	
20925	999	0		0.0				ADD_PENETRATE_MAGIC(0.45)\nADD_DODGE(0.006)				0	
20926	999	0		0.0				ADD_PENETRATE_MAGIC(0.45)\nADD_POWERHIT(0.006)				0	
20927	999	0		0.0				ADD_PENETRATE_MAGIC(0.45)\nADD_STRENGH(0.14)				0	
20928	999	0		0.0				ADD_PENETRATE_MAGIC(0.45)\nADD_CONSITUTION(0.14)				0	
20929	999	0		0.0				ADD_PENETRATE_MAGIC(0.45)\nADD_AGILITY(0.14)				0	
20930	999	0		0.0				ADD_PENETRATE_MAGIC(0.45)\nADD_PERCEPTION(0.14)				0	
20931	999	0		0.0				ADD_PENETRATE_MAGIC(0.45)\nADD_INTELLECT(0.14)				0	
20932	999	0		0.0				ADD_PENETRATE_MAGIC(0.45)\nADD_HPMAX(0.18)				0	
20933	999	0		0.0				ADD_PENETRATE_MAGIC(0.45)\nADD_DAMMIPHYSICS(0.15)				0	
20934	999	0		0.0				ADD_PENETRATE_MAGIC(0.45)\nADD_DAMMIMAGIC(0.15)				0	
20935	999	0		0.0				ADD_PENETRATE_MAGIC(0.45)\nADD_AC_PHYSICS(0.5)				0	
20936	999	0		0.0				ADD_PENETRATE_MAGIC(0.45)\nADD_AC_MAGIC(0.5)				0	
20937	999	0		0.0				ADD_PENETRATE_MAGIC(0.45)\nADD_PENETRATE_PHYSICS(0.45)				0	
20938	999	0		0.0				ADD_PENETRATE_MAGIC(0.45)\nADD_HITRATE(0.01)				0	
20939	999	0		0.0				ADD_PENETRATE_MAGIC(0.45)\nADD_DODGE(0.01)				0	
20940	999	0		0.0				ADD_PENETRATE_MAGIC(0.45)\nADD_POWERHIT(0.01)				0	
20941	999	0		0.0				ADD_STRENGH(0.14)\nADD_CONSITUTION(0.04)\nADD_AGILITY(0.14)				0	
20942	999	0		0.0				ADD_STRENGH(0.14)\nADD_CONSITUTION(0.04)\nADD_PERCEPTION(0.14)				0	
20943	999	0		0.0				ADD_STRENGH(0.14)\nADD_CONSITUTION(0.04)\nADD_INTELLECT(0.14)				0	
20944	999	0		0.0				ADD_STRENGH(0.14)\nADD_CONSITUTION(0.04)\nADD_ANTI_POWERHIT(0.01)				0	
20945	999	0		0.0				ADD_STRENGH(0.14)\nADD_CONSITUTION(0.04)\nADD_MULTIPLY_POWERDAM(0.1)				0	
20946	999	0		0.0				ADD_STRENGH(0.14)\nADD_CONSITUTION(0.04)\nADD_ABSORB_POWERDAM(0.1)				0	
20947	999	0		0.0				ADD_STRENGH(0.14)\nADD_CONSITUTION(0.04)\nADD_ABSORB_SHIELD(0.1)				0	
20948	999	0		0.0				ADD_STRENGH(0.14)\nADD_AGILITY(0.04)\nADD_CONSITUTION(0.14)				0	
20949	999	0		0.0				ADD_STRENGH(0.14)\nADD_AGILITY(0.04)\nADD_PERCEPTION(0.14)				0	
20950	999	0		0.0				ADD_STRENGH(0.14)\nADD_AGILITY(0.04)\nADD_INTELLECT(0.14)				0	
20951	999	0		0.0				ADD_STRENGH(0.14)\nADD_AGILITY(0.04)\nADD_ANTI_POWERHIT(0.01)				0	
20952	999	0		0.0				ADD_STRENGH(0.14)\nADD_AGILITY(0.04)\nADD_MULTIPLY_POWERDAM(0.1)				0	
20953	999	0		0.0				ADD_STRENGH(0.14)\nADD_AGILITY(0.04)\nADD_ABSORB_POWERDAM(0.1)				0	
20954	999	0		0.0				ADD_STRENGH(0.14)\nADD_AGILITY(0.04)\nADD_ABSORB_SHIELD(0.1)				0	
20955	999	0		0.0				ADD_STRENGH(0.14)\nADD_PERCEPTION(0.04)\nADD_CONSITUTION(0.14)				0	
20956	999	0		0.0				ADD_STRENGH(0.14)\nADD_PERCEPTION(0.04)\nADD_AGILITY(0.14)				0	
20957	999	0		0.0				ADD_STRENGH(0.14)\nADD_PERCEPTION(0.04)\nADD_INTELLECT(0.14)				0	
20958	999	0		0.0				ADD_STRENGH(0.14)\nADD_PERCEPTION(0.04)\nADD_ANTI_POWERHIT(0.01)				0	
20959	999	0		0.0				ADD_STRENGH(0.14)\nADD_PERCEPTION(0.04)\nADD_MULTIPLY_POWERDAM(0.1)				0	
20960	999	0		0.0				ADD_STRENGH(0.14)\nADD_PERCEPTION(0.04)\nADD_ABSORB_POWERDAM(0.1)				0	
20961	999	0		0.0				ADD_STRENGH(0.14)\nADD_PERCEPTION(0.04)\nADD_ABSORB_SHIELD(0.1)				0	
20962	999	0		0.0				ADD_STRENGH(0.14)\nADD_INTELLECT(0.04)\nADD_CONSITUTION(0.14)				0	
20963	999	0		0.0				ADD_STRENGH(0.14)\nADD_INTELLECT(0.04)\nADD_AGILITY(0.14)				0	
20964	999	0		0.0				ADD_STRENGH(0.14)\nADD_INTELLECT(0.04)\nADD_PERCEPTION(0.14)				0	
20965	999	0		0.0				ADD_STRENGH(0.14)\nADD_INTELLECT(0.04)\nADD_ANTI_POWERHIT(0.01)				0	
20966	999	0		0.0				ADD_STRENGH(0.14)\nADD_INTELLECT(0.04)\nADD_MULTIPLY_POWERDAM(0.1)				0	
20967	999	0		0.0				ADD_STRENGH(0.14)\nADD_INTELLECT(0.04)\nADD_ABSORB_POWERDAM(0.1)				0	
20968	999	0		0.0				ADD_STRENGH(0.14)\nADD_INTELLECT(0.04)\nADD_ABSORB_SHIELD(0.1)				0	
20969	999	0		0.0				ADD_STRENGH(0.14)\nADD_HPMAX(0.06)\nADD_CONSITUTION(0.14)				0	
20970	999	0		0.0				ADD_STRENGH(0.14)\nADD_HPMAX(0.06)\nADD_AGILITY(0.14)				0	
20971	999	0		0.0				ADD_STRENGH(0.14)\nADD_HPMAX(0.06)\nADD_PERCEPTION(0.14)				0	
20972	999	0		0.0				ADD_STRENGH(0.14)\nADD_HPMAX(0.06)\nADD_INTELLECT(0.14)				0	
20973	999	0		0.0				ADD_STRENGH(0.14)\nADD_HPMAX(0.06)\nADD_ANTI_POWERHIT(0.01)				0	
20974	999	0		0.0				ADD_STRENGH(0.14)\nADD_HPMAX(0.06)\nADD_MULTIPLY_POWERDAM(0.1)				0	
20975	999	0		0.0				ADD_STRENGH(0.14)\nADD_HPMAX(0.06)\nADD_ABSORB_POWERDAM(0.1)				0	
20976	999	0		0.0				ADD_STRENGH(0.14)\nADD_HPMAX(0.06)\nADD_ABSORB_SHIELD(0.1)				0	
20977	999	0		0.0				ADD_STRENGH(0.14)\nADD_DAMMIPHYSICS(0.05)\nADD_CONSITUTION(0.14)				0	
20978	999	0		0.0				ADD_STRENGH(0.14)\nADD_DAMMIPHYSICS(0.05)\nADD_AGILITY(0.14)				0	
20979	999	0		0.0				ADD_STRENGH(0.14)\nADD_DAMMIPHYSICS(0.05)\nADD_PERCEPTION(0.14)				0	
20980	999	0		0.0				ADD_STRENGH(0.14)\nADD_DAMMIPHYSICS(0.05)\nADD_INTELLECT(0.14)				0	
20981	999	0		0.0				ADD_STRENGH(0.14)\nADD_DAMMIPHYSICS(0.05)\nADD_ANTI_POWERHIT(0.01)				0	
20982	999	0		0.0				ADD_STRENGH(0.14)\nADD_DAMMIPHYSICS(0.05)\nADD_MULTIPLY_POWERDAM(0.1)				0	
20983	999	0		0.0				ADD_STRENGH(0.14)\nADD_DAMMIPHYSICS(0.05)\nADD_ABSORB_POWERDAM(0.1)				0	
20984	999	0		0.0				ADD_STRENGH(0.14)\nADD_DAMMIPHYSICS(0.05)\nADD_ABSORB_SHIELD(0.1)				0	
20985	999	0		0.0				ADD_STRENGH(0.14)\nADD_DAMMIMAGIC(0.05)\nADD_CONSITUTION(0.14)				0	
20986	999	0		0.0				ADD_STRENGH(0.14)\nADD_DAMMIMAGIC(0.05)\nADD_AGILITY(0.14)				0	
20987	999	0		0.0				ADD_STRENGH(0.14)\nADD_DAMMIMAGIC(0.05)\nADD_PERCEPTION(0.14)				0	
20988	999	0		0.0				ADD_STRENGH(0.14)\nADD_DAMMIMAGIC(0.05)\nADD_INTELLECT(0.14)				0	
20989	999	0		0.0				ADD_STRENGH(0.14)\nADD_DAMMIMAGIC(0.05)\nADD_ANTI_POWERHIT(0.01)				0	
20990	999	0		0.0				ADD_STRENGH(0.14)\nADD_DAMMIMAGIC(0.05)\nADD_MULTIPLY_POWERDAM(0.1)				0	
20991	999	0		0.0				ADD_STRENGH(0.14)\nADD_DAMMIMAGIC(0.05)\nADD_ABSORB_POWERDAM(0.1)				0	
20992	999	0		0.0				ADD_STRENGH(0.14)\nADD_DAMMIMAGIC(0.05)\nADD_ABSORB_SHIELD(0.1)				0	
20993	999	0		0.0				ADD_STRENGH(0.14)\nADD_AC_PHYSICS(0.16)\nADD_CONSITUTION(0.14)				0	
20994	999	0		0.0				ADD_STRENGH(0.14)\nADD_AC_PHYSICS(0.16)\nADD_AGILITY(0.14)				0	
20995	999	0		0.0				ADD_STRENGH(0.14)\nADD_AC_PHYSICS(0.16)\nADD_PERCEPTION(0.14)				0	
20996	999	0		0.0				ADD_STRENGH(0.14)\nADD_AC_PHYSICS(0.16)\nADD_INTELLECT(0.14)				0	
20997	999	0		0.0				ADD_STRENGH(0.14)\nADD_AC_PHYSICS(0.16)\nADD_ANTI_POWERHIT(0.01)				0	
20998	999	0		0.0				ADD_STRENGH(0.14)\nADD_AC_PHYSICS(0.16)\nADD_MULTIPLY_POWERDAM(0.1)				0	
20999	999	0		0.0				ADD_STRENGH(0.14)\nADD_AC_PHYSICS(0.16)\nADD_ABSORB_POWERDAM(0.1)				0	
21000	999	0		0.0				ADD_STRENGH(0.14)\nADD_AC_PHYSICS(0.16)\nADD_ABSORB_SHIELD(0.1)				0	
21001	999	0		0.0				ADD_STRENGH(0.14)\nADD_AC_MAGIC(0.16)\nADD_CONSITUTION(0.14)				0	
21002	999	0		0.0				ADD_STRENGH(0.14)\nADD_AC_MAGIC(0.16)\nADD_AGILITY(0.14)				0	
21003	999	0		0.0				ADD_STRENGH(0.14)\nADD_AC_MAGIC(0.16)\nADD_PERCEPTION(0.14)				0	
21004	999	0		0.0				ADD_STRENGH(0.14)\nADD_AC_MAGIC(0.16)\nADD_INTELLECT(0.14)				0	
21005	999	0		0.0				ADD_STRENGH(0.14)\nADD_AC_MAGIC(0.16)\nADD_ANTI_POWERHIT(0.01)				0	
21006	999	0		0.0				ADD_STRENGH(0.14)\nADD_AC_MAGIC(0.16)\nADD_MULTIPLY_POWERDAM(0.1)				0	
21007	999	0		0.0				ADD_STRENGH(0.14)\nADD_AC_MAGIC(0.16)\nADD_ABSORB_POWERDAM(0.1)				0	
21008	999	0		0.0				ADD_STRENGH(0.14)\nADD_AC_MAGIC(0.16)\nADD_ABSORB_SHIELD(0.1)				0	
21009	999	0		0.0				ADD_STRENGH(0.14)\nADD_PENETRATE_PHYSICS(0.15)\nADD_CONSITUTION(0.14)				0	
21010	999	0		0.0				ADD_STRENGH(0.14)\nADD_PENETRATE_PHYSICS(0.15)\nADD_AGILITY(0.14)				0	
21011	999	0		0.0				ADD_STRENGH(0.14)\nADD_PENETRATE_PHYSICS(0.15)\nADD_PERCEPTION(0.14)				0	
21012	999	0		0.0				ADD_STRENGH(0.14)\nADD_PENETRATE_PHYSICS(0.15)\nADD_INTELLECT(0.14)				0	
21013	999	0		0.0				ADD_STRENGH(0.14)\nADD_PENETRATE_PHYSICS(0.15)\nADD_ANTI_POWERHIT(0.01)				0	
21014	999	0		0.0				ADD_STRENGH(0.14)\nADD_PENETRATE_PHYSICS(0.15)\nADD_MULTIPLY_POWERDAM(0.1)				0	
21015	999	0		0.0				ADD_STRENGH(0.14)\nADD_PENETRATE_PHYSICS(0.15)\nADD_ABSORB_POWERDAM(0.1)				0	
21016	999	0		0.0				ADD_STRENGH(0.14)\nADD_PENETRATE_PHYSICS(0.15)\nADD_ABSORB_SHIELD(0.1)				0	
21017	999	0		0.0				ADD_STRENGH(0.14)\nADD_PENETRATE_MAGIC(0.15)\nADD_CONSITUTION(0.14)				0	
21018	999	0		0.0				ADD_STRENGH(0.14)\nADD_PENETRATE_MAGIC(0.15)\nADD_AGILITY(0.14)				0	
21019	999	0		0.0				ADD_STRENGH(0.14)\nADD_PENETRATE_MAGIC(0.15)\nADD_PERCEPTION(0.14)				0	
21020	999	0		0.0				ADD_STRENGH(0.14)\nADD_PENETRATE_MAGIC(0.15)\nADD_INTELLECT(0.14)				0	
21021	999	0		0.0				ADD_STRENGH(0.14)\nADD_PENETRATE_MAGIC(0.15)\nADD_ANTI_POWERHIT(0.01)				0	
21022	999	0		0.0				ADD_STRENGH(0.14)\nADD_PENETRATE_MAGIC(0.15)\nADD_MULTIPLY_POWERDAM(0.1)				0	
21023	999	0		0.0				ADD_STRENGH(0.14)\nADD_PENETRATE_MAGIC(0.15)\nADD_ABSORB_POWERDAM(0.1)				0	
21024	999	0		0.0				ADD_STRENGH(0.14)\nADD_PENETRATE_MAGIC(0.15)\nADD_ABSORB_SHIELD(0.1)				0	
21025	999	0		0.0				ADD_STRENGH(0.14)\nADD_HITRATE(0.003)\nADD_CONSITUTION(0.14)				0	
21026	999	0		0.0				ADD_STRENGH(0.14)\nADD_HITRATE(0.003)\nADD_AGILITY(0.14)				0	
21027	999	0		0.0				ADD_STRENGH(0.14)\nADD_HITRATE(0.003)\nADD_PERCEPTION(0.14)				0	
21028	999	0		0.0				ADD_STRENGH(0.14)\nADD_HITRATE(0.003)\nADD_INTELLECT(0.14)				0	
21029	999	0		0.0				ADD_STRENGH(0.14)\nADD_HITRATE(0.003)\nADD_ANTI_POWERHIT(0.01)				0	
21030	999	0		0.0				ADD_STRENGH(0.14)\nADD_HITRATE(0.003)\nADD_MULTIPLY_POWERDAM(0.1)				0	
21031	999	0		0.0				ADD_STRENGH(0.14)\nADD_HITRATE(0.003)\nADD_ABSORB_POWERDAM(0.1)				0	
21032	999	0		0.0				ADD_STRENGH(0.14)\nADD_HITRATE(0.003)\nADD_ABSORB_SHIELD(0.1)				0	
21033	999	0		0.0				ADD_STRENGH(0.14)\nADD_DODGE(0.003)\nADD_CONSITUTION(0.14)				0	
21034	999	0		0.0				ADD_STRENGH(0.14)\nADD_DODGE(0.003)\nADD_AGILITY(0.14)				0	
21035	999	0		0.0				ADD_STRENGH(0.14)\nADD_DODGE(0.003)\nADD_PERCEPTION(0.14)				0	
21036	999	0		0.0				ADD_STRENGH(0.14)\nADD_DODGE(0.003)\nADD_INTELLECT(0.14)				0	
21037	999	0		0.0				ADD_STRENGH(0.14)\nADD_DODGE(0.003)\nADD_ANTI_POWERHIT(0.01)				0	
21038	999	0		0.0				ADD_STRENGH(0.14)\nADD_DODGE(0.003)\nADD_MULTIPLY_POWERDAM(0.1)				0	
21039	999	0		0.0				ADD_STRENGH(0.14)\nADD_DODGE(0.003)\nADD_ABSORB_POWERDAM(0.1)				0	
21040	999	0		0.0				ADD_STRENGH(0.14)\nADD_DODGE(0.003)\nADD_ABSORB_SHIELD(0.1)				0	
21041	999	0		0.0				ADD_STRENGH(0.14)\nADD_POWERHIT(0.003)\nADD_CONSITUTION(0.14)				0	
21042	999	0		0.0				ADD_STRENGH(0.14)\nADD_POWERHIT(0.003)\nADD_AGILITY(0.14)				0	
21043	999	0		0.0				ADD_STRENGH(0.14)\nADD_POWERHIT(0.003)\nADD_PERCEPTION(0.14)				0	
21044	999	0		0.0				ADD_STRENGH(0.14)\nADD_POWERHIT(0.003)\nADD_INTELLECT(0.14)				0	
21045	999	0		0.0				ADD_STRENGH(0.14)\nADD_POWERHIT(0.003)\nADD_ANTI_POWERHIT(0.01)				0	
21046	999	0		0.0				ADD_STRENGH(0.14)\nADD_POWERHIT(0.003)\nADD_MULTIPLY_POWERDAM(0.1)				0	
21047	999	0		0.0				ADD_STRENGH(0.14)\nADD_POWERHIT(0.003)\nADD_ABSORB_POWERDAM(0.1)				0	
21048	999	0		0.0				ADD_STRENGH(0.14)\nADD_POWERHIT(0.003)\nADD_ABSORB_SHIELD(0.1)				0	
21049	999	0		0.0				ADD_STRENGH(0.14)\nADD_CONSITUTION(0.09)\nADD_AGILITY(0.14)				0	
21050	999	0		0.0				ADD_STRENGH(0.14)\nADD_CONSITUTION(0.09)\nADD_PERCEPTION(0.14)				0	
21051	999	0		0.0				ADD_STRENGH(0.14)\nADD_CONSITUTION(0.09)\nADD_INTELLECT(0.14)				0	
21052	999	0		0.0				ADD_STRENGH(0.14)\nADD_CONSITUTION(0.09)\nADD_ANTI_POWERHIT(0.01)				0	
21053	999	0		0.0				ADD_STRENGH(0.14)\nADD_CONSITUTION(0.09)\nADD_MULTIPLY_POWERDAM(0.1)				0	
21054	999	0		0.0				ADD_STRENGH(0.14)\nADD_CONSITUTION(0.09)\nADD_ABSORB_POWERDAM(0.1)				0	
21055	999	0		0.0				ADD_STRENGH(0.14)\nADD_CONSITUTION(0.09)\nADD_ABSORB_SHIELD(0.1)				0	
21056	999	0		0.0				ADD_STRENGH(0.14)\nADD_AGILITY(0.09)\nADD_CONSITUTION(0.14)				0	
21057	999	0		0.0				ADD_STRENGH(0.14)\nADD_AGILITY(0.09)\nADD_PERCEPTION(0.14)				0	
21058	999	0		0.0				ADD_STRENGH(0.14)\nADD_AGILITY(0.09)\nADD_INTELLECT(0.14)				0	
21059	999	0		0.0				ADD_STRENGH(0.14)\nADD_AGILITY(0.09)\nADD_ANTI_POWERHIT(0.01)				0	
21060	999	0		0.0				ADD_STRENGH(0.14)\nADD_AGILITY(0.09)\nADD_MULTIPLY_POWERDAM(0.1)				0	
21061	999	0		0.0				ADD_STRENGH(0.14)\nADD_AGILITY(0.09)\nADD_ABSORB_POWERDAM(0.1)				0	
21062	999	0		0.0				ADD_STRENGH(0.14)\nADD_AGILITY(0.09)\nADD_ABSORB_SHIELD(0.1)				0	
21063	999	0		0.0				ADD_STRENGH(0.14)\nADD_PERCEPTION(0.09)\nADD_CONSITUTION(0.14)				0	
21064	999	0		0.0				ADD_STRENGH(0.14)\nADD_PERCEPTION(0.09)\nADD_AGILITY(0.14)				0	
21065	999	0		0.0				ADD_STRENGH(0.14)\nADD_PERCEPTION(0.09)\nADD_INTELLECT(0.14)				0	
21066	999	0		0.0				ADD_STRENGH(0.14)\nADD_PERCEPTION(0.09)\nADD_ANTI_POWERHIT(0.01)				0	
21067	999	0		0.0				ADD_STRENGH(0.14)\nADD_PERCEPTION(0.09)\nADD_MULTIPLY_POWERDAM(0.1)				0	
21068	999	0		0.0				ADD_STRENGH(0.14)\nADD_PERCEPTION(0.09)\nADD_ABSORB_POWERDAM(0.1)				0	
21069	999	0		0.0				ADD_STRENGH(0.14)\nADD_PERCEPTION(0.09)\nADD_ABSORB_SHIELD(0.1)				0	
21070	999	0		0.0				ADD_STRENGH(0.14)\nADD_INTELLECT(0.09)\nADD_CONSITUTION(0.14)				0	
21071	999	0		0.0				ADD_STRENGH(0.14)\nADD_INTELLECT(0.09)\nADD_AGILITY(0.14)				0	
21072	999	0		0.0				ADD_STRENGH(0.14)\nADD_INTELLECT(0.09)\nADD_PERCEPTION(0.14)				0	
21073	999	0		0.0				ADD_STRENGH(0.14)\nADD_INTELLECT(0.09)\nADD_ANTI_POWERHIT(0.01)				0	
21074	999	0		0.0				ADD_STRENGH(0.14)\nADD_INTELLECT(0.09)\nADD_MULTIPLY_POWERDAM(0.1)				0	
21075	999	0		0.0				ADD_STRENGH(0.14)\nADD_INTELLECT(0.09)\nADD_ABSORB_POWERDAM(0.1)				0	
21076	999	0		0.0				ADD_STRENGH(0.14)\nADD_INTELLECT(0.09)\nADD_ABSORB_SHIELD(0.1)				0	
21077	999	0		0.0				ADD_STRENGH(0.14)\nADD_HPMAX(0.12)\nADD_CONSITUTION(0.14)				0	
21078	999	0		0.0				ADD_STRENGH(0.14)\nADD_HPMAX(0.12)\nADD_AGILITY(0.14)				0	
21079	999	0		0.0				ADD_STRENGH(0.14)\nADD_HPMAX(0.12)\nADD_PERCEPTION(0.14)				0	
21080	999	0		0.0				ADD_STRENGH(0.14)\nADD_HPMAX(0.12)\nADD_INTELLECT(0.14)				0	
21081	999	0		0.0				ADD_STRENGH(0.14)\nADD_HPMAX(0.12)\nADD_ANTI_POWERHIT(0.01)				0	
21082	999	0		0.0				ADD_STRENGH(0.14)\nADD_HPMAX(0.12)\nADD_MULTIPLY_POWERDAM(0.1)				0	
21083	999	0		0.0				ADD_STRENGH(0.14)\nADD_HPMAX(0.12)\nADD_ABSORB_POWERDAM(0.1)				0	
21084	999	0		0.0				ADD_STRENGH(0.14)\nADD_HPMAX(0.12)\nADD_ABSORB_SHIELD(0.1)				0	
21085	999	0		0.0				ADD_STRENGH(0.14)\nADD_DAMMIPHYSICS(0.1)\nADD_CONSITUTION(0.14)				0	
21086	999	0		0.0				ADD_STRENGH(0.14)\nADD_DAMMIPHYSICS(0.1)\nADD_AGILITY(0.14)				0	
21087	999	0		0.0				ADD_STRENGH(0.14)\nADD_DAMMIPHYSICS(0.1)\nADD_PERCEPTION(0.14)				0	
21088	999	0		0.0				ADD_STRENGH(0.14)\nADD_DAMMIPHYSICS(0.1)\nADD_INTELLECT(0.14)				0	
21089	999	0		0.0				ADD_STRENGH(0.14)\nADD_DAMMIPHYSICS(0.1)\nADD_ANTI_POWERHIT(0.01)				0	
21090	999	0		0.0				ADD_STRENGH(0.14)\nADD_DAMMIPHYSICS(0.1)\nADD_MULTIPLY_POWERDAM(0.1)				0	
21091	999	0		0.0				ADD_STRENGH(0.14)\nADD_DAMMIPHYSICS(0.1)\nADD_ABSORB_POWERDAM(0.1)				0	
21092	999	0		0.0				ADD_STRENGH(0.14)\nADD_DAMMIPHYSICS(0.1)\nADD_ABSORB_SHIELD(0.1)				0	
21093	999	0		0.0				ADD_STRENGH(0.14)\nADD_DAMMIMAGIC(0.1)\nADD_CONSITUTION(0.14)				0	
21094	999	0		0.0				ADD_STRENGH(0.14)\nADD_DAMMIMAGIC(0.1)\nADD_AGILITY(0.14)				0	
21095	999	0		0.0				ADD_STRENGH(0.14)\nADD_DAMMIMAGIC(0.1)\nADD_PERCEPTION(0.14)				0	
21096	999	0		0.0				ADD_STRENGH(0.14)\nADD_DAMMIMAGIC(0.1)\nADD_INTELLECT(0.14)				0	
21097	999	0		0.0				ADD_STRENGH(0.14)\nADD_DAMMIMAGIC(0.1)\nADD_ANTI_POWERHIT(0.01)				0	
21098	999	0		0.0				ADD_STRENGH(0.14)\nADD_DAMMIMAGIC(0.1)\nADD_MULTIPLY_POWERDAM(0.1)				0	
21099	999	0		0.0				ADD_STRENGH(0.14)\nADD_DAMMIMAGIC(0.1)\nADD_ABSORB_POWERDAM(0.1)				0	
21100	999	0		0.0				ADD_STRENGH(0.14)\nADD_DAMMIMAGIC(0.1)\nADD_ABSORB_SHIELD(0.1)				0	
21101	999	0		0.0				ADD_STRENGH(0.14)\nADD_AC_PHYSICS(0.32)\nADD_CONSITUTION(0.14)				0	
21102	999	0		0.0				ADD_STRENGH(0.14)\nADD_AC_PHYSICS(0.32)\nADD_AGILITY(0.14)				0	
21103	999	0		0.0				ADD_STRENGH(0.14)\nADD_AC_PHYSICS(0.32)\nADD_PERCEPTION(0.14)				0	
21104	999	0		0.0				ADD_STRENGH(0.14)\nADD_AC_PHYSICS(0.32)\nADD_INTELLECT(0.14)				0	
21105	999	0		0.0				ADD_STRENGH(0.14)\nADD_AC_PHYSICS(0.32)\nADD_ANTI_POWERHIT(0.01)				0	
21106	999	0		0.0				ADD_STRENGH(0.14)\nADD_AC_PHYSICS(0.32)\nADD_MULTIPLY_POWERDAM(0.1)				0	
21107	999	0		0.0				ADD_STRENGH(0.14)\nADD_AC_PHYSICS(0.32)\nADD_ABSORB_POWERDAM(0.1)				0	
21108	999	0		0.0				ADD_STRENGH(0.14)\nADD_AC_PHYSICS(0.32)\nADD_ABSORB_SHIELD(0.1)				0	
21109	999	0		0.0				ADD_STRENGH(0.14)\nADD_AC_MAGIC(0.32)\nADD_CONSITUTION(0.14)				0	
21110	999	0		0.0				ADD_STRENGH(0.14)\nADD_AC_MAGIC(0.32)\nADD_AGILITY(0.14)				0	
21111	999	0		0.0				ADD_STRENGH(0.14)\nADD_AC_MAGIC(0.32)\nADD_PERCEPTION(0.14)				0	
21112	999	0		0.0				ADD_STRENGH(0.14)\nADD_AC_MAGIC(0.32)\nADD_INTELLECT(0.14)				0	
21113	999	0		0.0				ADD_STRENGH(0.14)\nADD_AC_MAGIC(0.32)\nADD_ANTI_POWERHIT(0.01)				0	
21114	999	0		0.0				ADD_STRENGH(0.14)\nADD_AC_MAGIC(0.32)\nADD_MULTIPLY_POWERDAM(0.1)				0	
21115	999	0		0.0				ADD_STRENGH(0.14)\nADD_AC_MAGIC(0.32)\nADD_ABSORB_POWERDAM(0.1)				0	
21116	999	0		0.0				ADD_STRENGH(0.14)\nADD_AC_MAGIC(0.32)\nADD_ABSORB_SHIELD(0.1)				0	
21117	999	0		0.0				ADD_STRENGH(0.14)\nADD_PENETRATE_PHYSICS(0.3)\nADD_CONSITUTION(0.14)				0	
21118	999	0		0.0				ADD_STRENGH(0.14)\nADD_PENETRATE_PHYSICS(0.3)\nADD_AGILITY(0.14)				0	
21119	999	0		0.0				ADD_STRENGH(0.14)\nADD_PENETRATE_PHYSICS(0.3)\nADD_PERCEPTION(0.14)				0	
21120	999	0		0.0				ADD_STRENGH(0.14)\nADD_PENETRATE_PHYSICS(0.3)\nADD_INTELLECT(0.14)				0	
21121	999	0		0.0				ADD_STRENGH(0.14)\nADD_PENETRATE_PHYSICS(0.3)\nADD_ANTI_POWERHIT(0.01)				0	
21122	999	0		0.0				ADD_STRENGH(0.14)\nADD_PENETRATE_PHYSICS(0.3)\nADD_MULTIPLY_POWERDAM(0.1)				0	
21123	999	0		0.0				ADD_STRENGH(0.14)\nADD_PENETRATE_PHYSICS(0.3)\nADD_ABSORB_POWERDAM(0.1)				0	
21124	999	0		0.0				ADD_STRENGH(0.14)\nADD_PENETRATE_PHYSICS(0.3)\nADD_ABSORB_SHIELD(0.1)				0	
21125	999	0		0.0				ADD_STRENGH(0.14)\nADD_PENETRATE_MAGIC(0.3)\nADD_CONSITUTION(0.14)				0	
21126	999	0		0.0				ADD_STRENGH(0.14)\nADD_PENETRATE_MAGIC(0.3)\nADD_AGILITY(0.14)				0	
21127	999	0		0.0				ADD_STRENGH(0.14)\nADD_PENETRATE_MAGIC(0.3)\nADD_PERCEPTION(0.14)				0	
21128	999	0		0.0				ADD_STRENGH(0.14)\nADD_PENETRATE_MAGIC(0.3)\nADD_INTELLECT(0.14)				0	
21129	999	0		0.0				ADD_STRENGH(0.14)\nADD_PENETRATE_MAGIC(0.3)\nADD_ANTI_POWERHIT(0.01)				0	
21130	999	0		0.0				ADD_STRENGH(0.14)\nADD_PENETRATE_MAGIC(0.3)\nADD_MULTIPLY_POWERDAM(0.1)				0	
21131	999	0		0.0				ADD_STRENGH(0.14)\nADD_PENETRATE_MAGIC(0.3)\nADD_ABSORB_POWERDAM(0.1)				0	
21132	999	0		0.0				ADD_STRENGH(0.14)\nADD_PENETRATE_MAGIC(0.3)\nADD_ABSORB_SHIELD(0.1)				0	
21133	999	0		0.0				ADD_STRENGH(0.14)\nADD_HITRATE(0.006)\nADD_CONSITUTION(0.14)				0	
21134	999	0		0.0				ADD_STRENGH(0.14)\nADD_HITRATE(0.006)\nADD_AGILITY(0.14)				0	
21135	999	0		0.0				ADD_STRENGH(0.14)\nADD_HITRATE(0.006)\nADD_PERCEPTION(0.14)				0	
21136	999	0		0.0				ADD_STRENGH(0.14)\nADD_HITRATE(0.006)\nADD_INTELLECT(0.14)				0	
21137	999	0		0.0				ADD_STRENGH(0.14)\nADD_HITRATE(0.006)\nADD_ANTI_POWERHIT(0.01)				0	
21138	999	0		0.0				ADD_STRENGH(0.14)\nADD_HITRATE(0.006)\nADD_MULTIPLY_POWERDAM(0.1)				0	
21139	999	0		0.0				ADD_STRENGH(0.14)\nADD_HITRATE(0.006)\nADD_ABSORB_POWERDAM(0.1)				0	
21140	999	0		0.0				ADD_STRENGH(0.14)\nADD_HITRATE(0.006)\nADD_ABSORB_SHIELD(0.1)				0	
21141	999	0		0.0				ADD_STRENGH(0.14)\nADD_DODGE(0.006)\nADD_CONSITUTION(0.14)				0	
21142	999	0		0.0				ADD_STRENGH(0.14)\nADD_DODGE(0.006)\nADD_AGILITY(0.14)				0	
21143	999	0		0.0				ADD_STRENGH(0.14)\nADD_DODGE(0.006)\nADD_PERCEPTION(0.14)				0	
21144	999	0		0.0				ADD_STRENGH(0.14)\nADD_DODGE(0.006)\nADD_INTELLECT(0.14)				0	
21145	999	0		0.0				ADD_STRENGH(0.14)\nADD_DODGE(0.006)\nADD_ANTI_POWERHIT(0.01)				0	
21146	999	0		0.0				ADD_STRENGH(0.14)\nADD_DODGE(0.006)\nADD_MULTIPLY_POWERDAM(0.1)				0	
21147	999	0		0.0				ADD_STRENGH(0.14)\nADD_DODGE(0.006)\nADD_ABSORB_POWERDAM(0.1)				0	
21148	999	0		0.0				ADD_STRENGH(0.14)\nADD_DODGE(0.006)\nADD_ABSORB_SHIELD(0.1)				0	
21149	999	0		0.0				ADD_STRENGH(0.14)\nADD_POWERHIT(0.006)\nADD_CONSITUTION(0.14)				0	
21150	999	0		0.0				ADD_STRENGH(0.14)\nADD_POWERHIT(0.006)\nADD_AGILITY(0.14)				0	
21151	999	0		0.0				ADD_STRENGH(0.14)\nADD_POWERHIT(0.006)\nADD_PERCEPTION(0.14)				0	
21152	999	0		0.0				ADD_STRENGH(0.14)\nADD_POWERHIT(0.006)\nADD_INTELLECT(0.14)				0	
21153	999	0		0.0				ADD_STRENGH(0.14)\nADD_POWERHIT(0.006)\nADD_ANTI_POWERHIT(0.01)				0	
21154	999	0		0.0				ADD_STRENGH(0.14)\nADD_POWERHIT(0.006)\nADD_MULTIPLY_POWERDAM(0.1)				0	
21155	999	0		0.0				ADD_STRENGH(0.14)\nADD_POWERHIT(0.006)\nADD_ABSORB_POWERDAM(0.1)				0	
21156	999	0		0.0				ADD_STRENGH(0.14)\nADD_POWERHIT(0.006)\nADD_ABSORB_SHIELD(0.1)				0	
21157	999	0		0.0				ADD_STRENGH(0.14)\nADD_CONSITUTION(0.14)\nADD_AGILITY(0.14)				0	
21158	999	0		0.0				ADD_STRENGH(0.14)\nADD_CONSITUTION(0.14)\nADD_PERCEPTION(0.14)				0	
21159	999	0		0.0				ADD_STRENGH(0.14)\nADD_CONSITUTION(0.14)\nADD_INTELLECT(0.14)				0	
21160	999	0		0.0				ADD_STRENGH(0.14)\nADD_CONSITUTION(0.14)\nADD_ANTI_POWERHIT(0.01)				0	
21161	999	0		0.0				ADD_STRENGH(0.14)\nADD_CONSITUTION(0.14)\nADD_MULTIPLY_POWERDAM(0.1)				0	
21162	999	0		0.0				ADD_STRENGH(0.14)\nADD_CONSITUTION(0.14)\nADD_ABSORB_POWERDAM(0.1)				0	
21163	999	0		0.0				ADD_STRENGH(0.14)\nADD_CONSITUTION(0.14)\nADD_ABSORB_SHIELD(0.1)				0	
21164	999	0		0.0				ADD_STRENGH(0.14)\nADD_AGILITY(0.14)\nADD_CONSITUTION(0.14)				0	
21165	999	0		0.0				ADD_STRENGH(0.14)\nADD_AGILITY(0.14)\nADD_PERCEPTION(0.14)				0	
21166	999	0		0.0				ADD_STRENGH(0.14)\nADD_AGILITY(0.14)\nADD_INTELLECT(0.14)				0	
21167	999	0		0.0				ADD_STRENGH(0.14)\nADD_AGILITY(0.14)\nADD_ANTI_POWERHIT(0.01)				0	
21168	999	0		0.0				ADD_STRENGH(0.14)\nADD_AGILITY(0.14)\nADD_MULTIPLY_POWERDAM(0.1)				0	
21169	999	0		0.0				ADD_STRENGH(0.14)\nADD_AGILITY(0.14)\nADD_ABSORB_POWERDAM(0.1)				0	
21170	999	0		0.0				ADD_STRENGH(0.14)\nADD_AGILITY(0.14)\nADD_ABSORB_SHIELD(0.1)				0	
21171	999	0		0.0				ADD_STRENGH(0.14)\nADD_PERCEPTION(0.14)\nADD_CONSITUTION(0.14)				0	
21172	999	0		0.0				ADD_STRENGH(0.14)\nADD_PERCEPTION(0.14)\nADD_AGILITY(0.14)				0	
21173	999	0		0.0				ADD_STRENGH(0.14)\nADD_PERCEPTION(0.14)\nADD_INTELLECT(0.14)				0	
21174	999	0		0.0				ADD_STRENGH(0.14)\nADD_PERCEPTION(0.14)\nADD_ANTI_POWERHIT(0.01)				0	
21175	999	0		0.0				ADD_STRENGH(0.14)\nADD_PERCEPTION(0.14)\nADD_MULTIPLY_POWERDAM(0.1)				0	
21176	999	0		0.0				ADD_STRENGH(0.14)\nADD_PERCEPTION(0.14)\nADD_ABSORB_POWERDAM(0.1)				0	
21177	999	0		0.0				ADD_STRENGH(0.14)\nADD_PERCEPTION(0.14)\nADD_ABSORB_SHIELD(0.1)				0	
21178	999	0		0.0				ADD_STRENGH(0.14)\nADD_INTELLECT(0.14)\nADD_CONSITUTION(0.14)				0	
21179	999	0		0.0				ADD_STRENGH(0.14)\nADD_INTELLECT(0.14)\nADD_AGILITY(0.14)				0	
21180	999	0		0.0				ADD_STRENGH(0.14)\nADD_INTELLECT(0.14)\nADD_PERCEPTION(0.14)				0	
21181	999	0		0.0				ADD_STRENGH(0.14)\nADD_INTELLECT(0.14)\nADD_ANTI_POWERHIT(0.01)				0	
21182	999	0		0.0				ADD_STRENGH(0.14)\nADD_INTELLECT(0.14)\nADD_MULTIPLY_POWERDAM(0.1)				0	
21183	999	0		0.0				ADD_STRENGH(0.14)\nADD_INTELLECT(0.14)\nADD_ABSORB_POWERDAM(0.1)				0	
21184	999	0		0.0				ADD_STRENGH(0.14)\nADD_INTELLECT(0.14)\nADD_ABSORB_SHIELD(0.1)				0	
21185	999	0		0.0				ADD_STRENGH(0.14)\nADD_HPMAX(0.18)\nADD_CONSITUTION(0.14)				0	
21186	999	0		0.0				ADD_STRENGH(0.14)\nADD_HPMAX(0.18)\nADD_AGILITY(0.14)				0	
21187	999	0		0.0				ADD_STRENGH(0.14)\nADD_HPMAX(0.18)\nADD_PERCEPTION(0.14)				0	
21188	999	0		0.0				ADD_STRENGH(0.14)\nADD_HPMAX(0.18)\nADD_INTELLECT(0.14)				0	
21189	999	0		0.0				ADD_STRENGH(0.14)\nADD_HPMAX(0.18)\nADD_ANTI_POWERHIT(0.01)				0	
21190	999	0		0.0				ADD_STRENGH(0.14)\nADD_HPMAX(0.18)\nADD_MULTIPLY_POWERDAM(0.1)				0	
21191	999	0		0.0				ADD_STRENGH(0.14)\nADD_HPMAX(0.18)\nADD_ABSORB_POWERDAM(0.1)				0	
21192	999	0		0.0				ADD_STRENGH(0.14)\nADD_HPMAX(0.18)\nADD_ABSORB_SHIELD(0.1)				0	
21193	999	0		0.0				ADD_STRENGH(0.14)\nADD_DAMMIPHYSICS(0.15)\nADD_CONSITUTION(0.14)				0	
21194	999	0		0.0				ADD_STRENGH(0.14)\nADD_DAMMIPHYSICS(0.15)\nADD_AGILITY(0.14)				0	
21195	999	0		0.0				ADD_STRENGH(0.14)\nADD_DAMMIPHYSICS(0.15)\nADD_PERCEPTION(0.14)				0	
21196	999	0		0.0				ADD_STRENGH(0.14)\nADD_DAMMIPHYSICS(0.15)\nADD_INTELLECT(0.14)				0	
21197	999	0		0.0				ADD_STRENGH(0.14)\nADD_DAMMIPHYSICS(0.15)\nADD_ANTI_POWERHIT(0.01)				0	
21198	999	0		0.0				ADD_STRENGH(0.14)\nADD_DAMMIPHYSICS(0.15)\nADD_MULTIPLY_POWERDAM(0.1)				0	
21199	999	0		0.0				ADD_STRENGH(0.14)\nADD_DAMMIPHYSICS(0.15)\nADD_ABSORB_POWERDAM(0.1)				0	
21200	999	0		0.0				ADD_STRENGH(0.14)\nADD_DAMMIPHYSICS(0.15)\nADD_ABSORB_SHIELD(0.1)				0	
21201	999	0		0.0				ADD_STRENGH(0.14)\nADD_DAMMIMAGIC(0.15)\nADD_CONSITUTION(0.14)				0	
21202	999	0		0.0				ADD_STRENGH(0.14)\nADD_DAMMIMAGIC(0.15)\nADD_AGILITY(0.14)				0	
21203	999	0		0.0				ADD_STRENGH(0.14)\nADD_DAMMIMAGIC(0.15)\nADD_PERCEPTION(0.14)				0	
21204	999	0		0.0				ADD_STRENGH(0.14)\nADD_DAMMIMAGIC(0.15)\nADD_INTELLECT(0.14)				0	
21205	999	0		0.0				ADD_STRENGH(0.14)\nADD_DAMMIMAGIC(0.15)\nADD_ANTI_POWERHIT(0.01)				0	
21206	999	0		0.0				ADD_STRENGH(0.14)\nADD_DAMMIMAGIC(0.15)\nADD_MULTIPLY_POWERDAM(0.1)				0	
21207	999	0		0.0				ADD_STRENGH(0.14)\nADD_DAMMIMAGIC(0.15)\nADD_ABSORB_POWERDAM(0.1)				0	
21208	999	0		0.0				ADD_STRENGH(0.14)\nADD_DAMMIMAGIC(0.15)\nADD_ABSORB_SHIELD(0.1)				0	
21209	999	0		0.0				ADD_STRENGH(0.14)\nADD_AC_PHYSICS(0.5)\nADD_CONSITUTION(0.14)				0	
21210	999	0		0.0				ADD_STRENGH(0.14)\nADD_AC_PHYSICS(0.5)\nADD_AGILITY(0.14)				0	
21211	999	0		0.0				ADD_STRENGH(0.14)\nADD_AC_PHYSICS(0.5)\nADD_PERCEPTION(0.14)				0	
21212	999	0		0.0				ADD_STRENGH(0.14)\nADD_AC_PHYSICS(0.5)\nADD_INTELLECT(0.14)				0	
21213	999	0		0.0				ADD_STRENGH(0.14)\nADD_AC_PHYSICS(0.5)\nADD_ANTI_POWERHIT(0.01)				0	
21214	999	0		0.0				ADD_STRENGH(0.14)\nADD_AC_PHYSICS(0.5)\nADD_MULTIPLY_POWERDAM(0.1)				0	
21215	999	0		0.0				ADD_STRENGH(0.14)\nADD_AC_PHYSICS(0.5)\nADD_ABSORB_POWERDAM(0.1)				0	
21216	999	0		0.0				ADD_STRENGH(0.14)\nADD_AC_PHYSICS(0.5)\nADD_ABSORB_SHIELD(0.1)				0	
21217	999	0		0.0				ADD_STRENGH(0.14)\nADD_AC_MAGIC(0.5)\nADD_CONSITUTION(0.14)				0	
21218	999	0		0.0				ADD_STRENGH(0.14)\nADD_AC_MAGIC(0.5)\nADD_AGILITY(0.14)				0	
21219	999	0		0.0				ADD_STRENGH(0.14)\nADD_AC_MAGIC(0.5)\nADD_PERCEPTION(0.14)				0	
21220	999	0		0.0				ADD_STRENGH(0.14)\nADD_AC_MAGIC(0.5)\nADD_INTELLECT(0.14)				0	
21221	999	0		0.0				ADD_STRENGH(0.14)\nADD_AC_MAGIC(0.5)\nADD_ANTI_POWERHIT(0.01)				0	
21222	999	0		0.0				ADD_STRENGH(0.14)\nADD_AC_MAGIC(0.5)\nADD_MULTIPLY_POWERDAM(0.1)				0	
21223	999	0		0.0				ADD_STRENGH(0.14)\nADD_AC_MAGIC(0.5)\nADD_ABSORB_POWERDAM(0.1)				0	
21224	999	0		0.0				ADD_STRENGH(0.14)\nADD_AC_MAGIC(0.5)\nADD_ABSORB_SHIELD(0.1)				0	
21225	999	0		0.0				ADD_STRENGH(0.14)\nADD_PENETRATE_PHYSICS(0.45)\nADD_CONSITUTION(0.14)				0	
21226	999	0		0.0				ADD_STRENGH(0.14)\nADD_PENETRATE_PHYSICS(0.45)\nADD_AGILITY(0.14)				0	
21227	999	0		0.0				ADD_STRENGH(0.14)\nADD_PENETRATE_PHYSICS(0.45)\nADD_PERCEPTION(0.14)				0	
21228	999	0		0.0				ADD_STRENGH(0.14)\nADD_PENETRATE_PHYSICS(0.45)\nADD_INTELLECT(0.14)				0	
21229	999	0		0.0				ADD_STRENGH(0.14)\nADD_PENETRATE_PHYSICS(0.45)\nADD_ANTI_POWERHIT(0.01)				0	
21230	999	0		0.0				ADD_STRENGH(0.14)\nADD_PENETRATE_PHYSICS(0.45)\nADD_MULTIPLY_POWERDAM(0.1)				0	
21231	999	0		0.0				ADD_STRENGH(0.14)\nADD_PENETRATE_PHYSICS(0.45)\nADD_ABSORB_POWERDAM(0.1)				0	
21232	999	0		0.0				ADD_STRENGH(0.14)\nADD_PENETRATE_PHYSICS(0.45)\nADD_ABSORB_SHIELD(0.1)				0	
21233	999	0		0.0				ADD_STRENGH(0.14)\nADD_PENETRATE_MAGIC(0.45)\nADD_CONSITUTION(0.14)				0	
21234	999	0		0.0				ADD_STRENGH(0.14)\nADD_PENETRATE_MAGIC(0.45)\nADD_AGILITY(0.14)				0	
21235	999	0		0.0				ADD_STRENGH(0.14)\nADD_PENETRATE_MAGIC(0.45)\nADD_PERCEPTION(0.14)				0	
21236	999	0		0.0				ADD_STRENGH(0.14)\nADD_PENETRATE_MAGIC(0.45)\nADD_INTELLECT(0.14)				0	
21237	999	0		0.0				ADD_STRENGH(0.14)\nADD_PENETRATE_MAGIC(0.45)\nADD_ANTI_POWERHIT(0.01)				0	
21238	999	0		0.0				ADD_STRENGH(0.14)\nADD_PENETRATE_MAGIC(0.45)\nADD_MULTIPLY_POWERDAM(0.1)				0	
21239	999	0		0.0				ADD_STRENGH(0.14)\nADD_PENETRATE_MAGIC(0.45)\nADD_ABSORB_POWERDAM(0.1)				0	
21240	999	0		0.0				ADD_STRENGH(0.14)\nADD_PENETRATE_MAGIC(0.45)\nADD_ABSORB_SHIELD(0.1)				0	
21241	999	0		0.0				ADD_STRENGH(0.14)\nADD_HITRATE(0.01)\nADD_CONSITUTION(0.14)				0	
21242	999	0		0.0				ADD_STRENGH(0.14)\nADD_HITRATE(0.01)\nADD_AGILITY(0.14)				0	
21243	999	0		0.0				ADD_STRENGH(0.14)\nADD_HITRATE(0.01)\nADD_PERCEPTION(0.14)				0	
21244	999	0		0.0				ADD_STRENGH(0.14)\nADD_HITRATE(0.01)\nADD_INTELLECT(0.14)				0	
21245	999	0		0.0				ADD_STRENGH(0.14)\nADD_HITRATE(0.01)\nADD_ANTI_POWERHIT(0.01)				0	
21246	999	0		0.0				ADD_STRENGH(0.14)\nADD_HITRATE(0.01)\nADD_MULTIPLY_POWERDAM(0.1)				0	
21247	999	0		0.0				ADD_STRENGH(0.14)\nADD_HITRATE(0.01)\nADD_ABSORB_POWERDAM(0.1)				0	
21248	999	0		0.0				ADD_STRENGH(0.14)\nADD_HITRATE(0.01)\nADD_ABSORB_SHIELD(0.1)				0	
21249	999	0		0.0				ADD_STRENGH(0.14)\nADD_DODGE(0.01)\nADD_CONSITUTION(0.14)				0	
21250	999	0		0.0				ADD_STRENGH(0.14)\nADD_DODGE(0.01)\nADD_AGILITY(0.14)				0	
21251	999	0		0.0				ADD_STRENGH(0.14)\nADD_DODGE(0.01)\nADD_PERCEPTION(0.14)				0	
21252	999	0		0.0				ADD_STRENGH(0.14)\nADD_DODGE(0.01)\nADD_INTELLECT(0.14)				0	
21253	999	0		0.0				ADD_STRENGH(0.14)\nADD_DODGE(0.01)\nADD_ANTI_POWERHIT(0.01)				0	
21254	999	0		0.0				ADD_STRENGH(0.14)\nADD_DODGE(0.01)\nADD_MULTIPLY_POWERDAM(0.1)				0	
21255	999	0		0.0				ADD_STRENGH(0.14)\nADD_DODGE(0.01)\nADD_ABSORB_POWERDAM(0.1)				0	
21256	999	0		0.0				ADD_STRENGH(0.14)\nADD_DODGE(0.01)\nADD_ABSORB_SHIELD(0.1)				0	
21257	999	0		0.0				ADD_STRENGH(0.14)\nADD_POWERHIT(0.01)\nADD_CONSITUTION(0.14)				0	
21258	999	0		0.0				ADD_STRENGH(0.14)\nADD_POWERHIT(0.01)\nADD_AGILITY(0.14)				0	
21259	999	0		0.0				ADD_STRENGH(0.14)\nADD_POWERHIT(0.01)\nADD_PERCEPTION(0.14)				0	
21260	999	0		0.0				ADD_STRENGH(0.14)\nADD_POWERHIT(0.01)\nADD_INTELLECT(0.14)				0	
21261	999	0		0.0				ADD_STRENGH(0.14)\nADD_POWERHIT(0.01)\nADD_ANTI_POWERHIT(0.01)				0	
21262	999	0		0.0				ADD_STRENGH(0.14)\nADD_POWERHIT(0.01)\nADD_MULTIPLY_POWERDAM(0.1)				0	
21263	999	0		0.0				ADD_STRENGH(0.14)\nADD_POWERHIT(0.01)\nADD_ABSORB_POWERDAM(0.1)				0	
21264	999	0		0.0				ADD_STRENGH(0.14)\nADD_POWERHIT(0.01)\nADD_ABSORB_SHIELD(0.1)				0	
21265	999	0		0.0				ADD_CONSITUTION(0.14)\nADD_STRENGH(0.04)\nADD_AGILITY(0.14)				0	
21266	999	0		0.0				ADD_CONSITUTION(0.14)\nADD_STRENGH(0.04)\nADD_PERCEPTION(0.14)				0	
21267	999	0		0.0				ADD_CONSITUTION(0.14)\nADD_STRENGH(0.04)\nADD_INTELLECT(0.14)				0	
21268	999	0		0.0				ADD_CONSITUTION(0.14)\nADD_STRENGH(0.04)\nADD_ANTI_POWERHIT(0.01)				0	
21269	999	0		0.0				ADD_CONSITUTION(0.14)\nADD_STRENGH(0.04)\nADD_MULTIPLY_POWERDAM(0.1)				0	
21270	999	0		0.0				ADD_CONSITUTION(0.14)\nADD_STRENGH(0.04)\nADD_ABSORB_POWERDAM(0.1)				0	
21271	999	0		0.0				ADD_CONSITUTION(0.14)\nADD_STRENGH(0.04)\nADD_ABSORB_SHIELD(0.1)				0	
21272	999	0		0.0				ADD_CONSITUTION(0.14)\nADD_AGILITY(0.04)\nADD_STRENGH(0.14)				0	
21273	999	0		0.0				ADD_CONSITUTION(0.14)\nADD_AGILITY(0.04)\nADD_PERCEPTION(0.14)				0	
21274	999	0		0.0				ADD_CONSITUTION(0.14)\nADD_AGILITY(0.04)\nADD_INTELLECT(0.14)				0	
21275	999	0		0.0				ADD_CONSITUTION(0.14)\nADD_AGILITY(0.04)\nADD_ANTI_POWERHIT(0.01)				0	
21276	999	0		0.0				ADD_CONSITUTION(0.14)\nADD_AGILITY(0.04)\nADD_MULTIPLY_POWERDAM(0.1)				0	
21277	999	0		0.0				ADD_CONSITUTION(0.14)\nADD_AGILITY(0.04)\nADD_ABSORB_POWERDAM(0.1)				0	
21278	999	0		0.0				ADD_CONSITUTION(0.14)\nADD_AGILITY(0.04)\nADD_ABSORB_SHIELD(0.1)				0	
21279	999	0		0.0				ADD_CONSITUTION(0.14)\nADD_PERCEPTION(0.04)\nADD_STRENGH(0.14)				0	
21280	999	0		0.0				ADD_CONSITUTION(0.14)\nADD_PERCEPTION(0.04)\nADD_AGILITY(0.14)				0	
21281	999	0		0.0				ADD_CONSITUTION(0.14)\nADD_PERCEPTION(0.04)\nADD_INTELLECT(0.14)				0	
21282	999	0		0.0				ADD_CONSITUTION(0.14)\nADD_PERCEPTION(0.04)\nADD_ANTI_POWERHIT(0.01)				0	
21283	999	0		0.0				ADD_CONSITUTION(0.14)\nADD_PERCEPTION(0.04)\nADD_MULTIPLY_POWERDAM(0.1)				0	
21284	999	0		0.0				ADD_CONSITUTION(0.14)\nADD_PERCEPTION(0.04)\nADD_ABSORB_POWERDAM(0.1)				0	
21285	999	0		0.0				ADD_CONSITUTION(0.14)\nADD_PERCEPTION(0.04)\nADD_ABSORB_SHIELD(0.1)				0	
21286	999	0		0.0				ADD_CONSITUTION(0.14)\nADD_INTELLECT(0.04)\nADD_STRENGH(0.14)				0	
21287	999	0		0.0				ADD_CONSITUTION(0.14)\nADD_INTELLECT(0.04)\nADD_AGILITY(0.14)				0	
21288	999	0		0.0				ADD_CONSITUTION(0.14)\nADD_INTELLECT(0.04)\nADD_PERCEPTION(0.14)				0	
21289	999	0		0.0				ADD_CONSITUTION(0.14)\nADD_INTELLECT(0.04)\nADD_ANTI_POWERHIT(0.01)				0	
21290	999	0		0.0				ADD_CONSITUTION(0.14)\nADD_INTELLECT(0.04)\nADD_MULTIPLY_POWERDAM(0.1)				0	
21291	999	0		0.0				ADD_CONSITUTION(0.14)\nADD_INTELLECT(0.04)\nADD_ABSORB_POWERDAM(0.1)				0	
21292	999	0		0.0				ADD_CONSITUTION(0.14)\nADD_INTELLECT(0.04)\nADD_ABSORB_SHIELD(0.1)				0	
21293	999	0		0.0				ADD_CONSITUTION(0.14)\nADD_HPMAX(0.06)\nADD_STRENGH(0.14)				0	
21294	999	0		0.0				ADD_CONSITUTION(0.14)\nADD_HPMAX(0.06)\nADD_AGILITY(0.14)				0	
21295	999	0		0.0				ADD_CONSITUTION(0.14)\nADD_HPMAX(0.06)\nADD_PERCEPTION(0.14)				0	
21296	999	0		0.0				ADD_CONSITUTION(0.14)\nADD_HPMAX(0.06)\nADD_INTELLECT(0.14)				0	
21297	999	0		0.0				ADD_CONSITUTION(0.14)\nADD_HPMAX(0.06)\nADD_ANTI_POWERHIT(0.01)				0	
21298	999	0		0.0				ADD_CONSITUTION(0.14)\nADD_HPMAX(0.06)\nADD_MULTIPLY_POWERDAM(0.1)				0	
21299	999	0		0.0				ADD_CONSITUTION(0.14)\nADD_HPMAX(0.06)\nADD_ABSORB_POWERDAM(0.1)				0	
21300	999	0		0.0				ADD_CONSITUTION(0.14)\nADD_HPMAX(0.06)\nADD_ABSORB_SHIELD(0.1)				0	
21301	999	0		0.0				ADD_CONSITUTION(0.14)\nADD_DAMMIPHYSICS(0.05)\nADD_STRENGH(0.14)				0	
21302	999	0		0.0				ADD_CONSITUTION(0.14)\nADD_DAMMIPHYSICS(0.05)\nADD_AGILITY(0.14)				0	
21303	999	0		0.0				ADD_CONSITUTION(0.14)\nADD_DAMMIPHYSICS(0.05)\nADD_PERCEPTION(0.14)				0	
21304	999	0		0.0				ADD_CONSITUTION(0.14)\nADD_DAMMIPHYSICS(0.05)\nADD_INTELLECT(0.14)				0	
21305	999	0		0.0				ADD_CONSITUTION(0.14)\nADD_DAMMIPHYSICS(0.05)\nADD_ANTI_POWERHIT(0.01)				0	
21306	999	0		0.0				ADD_CONSITUTION(0.14)\nADD_DAMMIPHYSICS(0.05)\nADD_MULTIPLY_POWERDAM(0.1)				0	
21307	999	0		0.0				ADD_CONSITUTION(0.14)\nADD_DAMMIPHYSICS(0.05)\nADD_ABSORB_POWERDAM(0.1)				0	
21308	999	0		0.0				ADD_CONSITUTION(0.14)\nADD_DAMMIPHYSICS(0.05)\nADD_ABSORB_SHIELD(0.1)				0	
21309	999	0		0.0				ADD_CONSITUTION(0.14)\nADD_DAMMIMAGIC(0.05)\nADD_STRENGH(0.14)				0	
21310	999	0		0.0				ADD_CONSITUTION(0.14)\nADD_DAMMIMAGIC(0.05)\nADD_AGILITY(0.14)				0	
21311	999	0		0.0				ADD_CONSITUTION(0.14)\nADD_DAMMIMAGIC(0.05)\nADD_PERCEPTION(0.14)				0	
21312	999	0		0.0				ADD_CONSITUTION(0.14)\nADD_DAMMIMAGIC(0.05)\nADD_INTELLECT(0.14)				0	
21313	999	0		0.0				ADD_CONSITUTION(0.14)\nADD_DAMMIMAGIC(0.05)\nADD_ANTI_POWERHIT(0.01)				0	
21314	999	0		0.0				ADD_CONSITUTION(0.14)\nADD_DAMMIMAGIC(0.05)\nADD_MULTIPLY_POWERDAM(0.1)				0	
21315	999	0		0.0				ADD_CONSITUTION(0.14)\nADD_DAMMIMAGIC(0.05)\nADD_ABSORB_POWERDAM(0.1)				0	
21316	999	0		0.0				ADD_CONSITUTION(0.14)\nADD_DAMMIMAGIC(0.05)\nADD_ABSORB_SHIELD(0.1)				0	
21317	999	0		0.0				ADD_CONSITUTION(0.14)\nADD_AC_PHYSICS(0.16)\nADD_STRENGH(0.14)				0	
21318	999	0		0.0				ADD_CONSITUTION(0.14)\nADD_AC_PHYSICS(0.16)\nADD_AGILITY(0.14)				0	
21319	999	0		0.0				ADD_CONSITUTION(0.14)\nADD_AC_PHYSICS(0.16)\nADD_PERCEPTION(0.14)				0	
21320	999	0		0.0				ADD_CONSITUTION(0.14)\nADD_AC_PHYSICS(0.16)\nADD_INTELLECT(0.14)				0	
21321	999	0		0.0				ADD_CONSITUTION(0.14)\nADD_AC_PHYSICS(0.16)\nADD_ANTI_POWERHIT(0.01)				0	
21322	999	0		0.0				ADD_CONSITUTION(0.14)\nADD_AC_PHYSICS(0.16)\nADD_MULTIPLY_POWERDAM(0.1)				0	
21323	999	0		0.0				ADD_CONSITUTION(0.14)\nADD_AC_PHYSICS(0.16)\nADD_ABSORB_POWERDAM(0.1)				0	
21324	999	0		0.0				ADD_CONSITUTION(0.14)\nADD_AC_PHYSICS(0.16)\nADD_ABSORB_SHIELD(0.1)				0	
21325	999	0		0.0				ADD_CONSITUTION(0.14)\nADD_AC_MAGIC(0.16)\nADD_STRENGH(0.14)				0	
21326	999	0		0.0				ADD_CONSITUTION(0.14)\nADD_AC_MAGIC(0.16)\nADD_AGILITY(0.14)				0	
21327	999	0		0.0				ADD_CONSITUTION(0.14)\nADD_AC_MAGIC(0.16)\nADD_PERCEPTION(0.14)				0	
21328	999	0		0.0				ADD_CONSITUTION(0.14)\nADD_AC_MAGIC(0.16)\nADD_INTELLECT(0.14)				0	
21329	999	0		0.0				ADD_CONSITUTION(0.14)\nADD_AC_MAGIC(0.16)\nADD_ANTI_POWERHIT(0.01)				0	
21330	999	0		0.0				ADD_CONSITUTION(0.14)\nADD_AC_MAGIC(0.16)\nADD_MULTIPLY_POWERDAM(0.1)				0	
21331	999	0		0.0				ADD_CONSITUTION(0.14)\nADD_AC_MAGIC(0.16)\nADD_ABSORB_POWERDAM(0.1)				0	
21332	999	0		0.0				ADD_CONSITUTION(0.14)\nADD_AC_MAGIC(0.16)\nADD_ABSORB_SHIELD(0.1)				0	
21333	999	0		0.0				ADD_CONSITUTION(0.14)\nADD_PENETRATE_PHYSICS(0.15)\nADD_STRENGH(0.14)				0	
21334	999	0		0.0				ADD_CONSITUTION(0.14)\nADD_PENETRATE_PHYSICS(0.15)\nADD_AGILITY(0.14)				0	
21335	999	0		0.0				ADD_CONSITUTION(0.14)\nADD_PENETRATE_PHYSICS(0.15)\nADD_PERCEPTION(0.14)				0	
21336	999	0		0.0				ADD_CONSITUTION(0.14)\nADD_PENETRATE_PHYSICS(0.15)\nADD_INTELLECT(0.14)				0	
21337	999	0		0.0				ADD_CONSITUTION(0.14)\nADD_PENETRATE_PHYSICS(0.15)\nADD_ANTI_POWERHIT(0.01)				0	
21338	999	0		0.0				ADD_CONSITUTION(0.14)\nADD_PENETRATE_PHYSICS(0.15)\nADD_MULTIPLY_POWERDAM(0.1)				0	
21339	999	0		0.0				ADD_CONSITUTION(0.14)\nADD_PENETRATE_PHYSICS(0.15)\nADD_ABSORB_POWERDAM(0.1)				0	
21340	999	0		0.0				ADD_CONSITUTION(0.14)\nADD_PENETRATE_PHYSICS(0.15)\nADD_ABSORB_SHIELD(0.1)				0	
21341	999	0		0.0				ADD_CONSITUTION(0.14)\nADD_PENETRATE_MAGIC(0.15)\nADD_STRENGH(0.14)				0	
21342	999	0		0.0				ADD_CONSITUTION(0.14)\nADD_PENETRATE_MAGIC(0.15)\nADD_AGILITY(0.14)				0	
21343	999	0		0.0				ADD_CONSITUTION(0.14)\nADD_PENETRATE_MAGIC(0.15)\nADD_PERCEPTION(0.14)				0	
21344	999	0		0.0				ADD_CONSITUTION(0.14)\nADD_PENETRATE_MAGIC(0.15)\nADD_INTELLECT(0.14)				0	
21345	999	0		0.0				ADD_CONSITUTION(0.14)\nADD_PENETRATE_MAGIC(0.15)\nADD_ANTI_POWERHIT(0.01)				0	
21346	999	0		0.0				ADD_CONSITUTION(0.14)\nADD_PENETRATE_MAGIC(0.15)\nADD_MULTIPLY_POWERDAM(0.1)				0	
21347	999	0		0.0				ADD_CONSITUTION(0.14)\nADD_PENETRATE_MAGIC(0.15)\nADD_ABSORB_POWERDAM(0.1)				0	
21348	999	0		0.0				ADD_CONSITUTION(0.14)\nADD_PENETRATE_MAGIC(0.15)\nADD_ABSORB_SHIELD(0.1)				0	
21349	999	0		0.0				ADD_CONSITUTION(0.14)\nADD_HITRATE(0.003)\nADD_STRENGH(0.14)				0	
21350	999	0		0.0				ADD_CONSITUTION(0.14)\nADD_HITRATE(0.003)\nADD_AGILITY(0.14)				0	
21351	999	0		0.0				ADD_CONSITUTION(0.14)\nADD_HITRATE(0.003)\nADD_PERCEPTION(0.14)				0	
21352	999	0		0.0				ADD_CONSITUTION(0.14)\nADD_HITRATE(0.003)\nADD_INTELLECT(0.14)				0	
21353	999	0		0.0				ADD_CONSITUTION(0.14)\nADD_HITRATE(0.003)\nADD_ANTI_POWERHIT(0.01)				0	
21354	999	0		0.0				ADD_CONSITUTION(0.14)\nADD_HITRATE(0.003)\nADD_MULTIPLY_POWERDAM(0.1)				0	
21355	999	0		0.0				ADD_CONSITUTION(0.14)\nADD_HITRATE(0.003)\nADD_ABSORB_POWERDAM(0.1)				0	
21356	999	0		0.0				ADD_CONSITUTION(0.14)\nADD_HITRATE(0.003)\nADD_ABSORB_SHIELD(0.1)				0	
21357	999	0		0.0				ADD_CONSITUTION(0.14)\nADD_DODGE(0.003)\nADD_STRENGH(0.14)				0	
21358	999	0		0.0				ADD_CONSITUTION(0.14)\nADD_DODGE(0.003)\nADD_AGILITY(0.14)				0	
21359	999	0		0.0				ADD_CONSITUTION(0.14)\nADD_DODGE(0.003)\nADD_PERCEPTION(0.14)				0	
21360	999	0		0.0				ADD_CONSITUTION(0.14)\nADD_DODGE(0.003)\nADD_INTELLECT(0.14)				0	
21361	999	0		0.0				ADD_CONSITUTION(0.14)\nADD_DODGE(0.003)\nADD_ANTI_POWERHIT(0.01)				0	
21362	999	0		0.0				ADD_CONSITUTION(0.14)\nADD_DODGE(0.003)\nADD_MULTIPLY_POWERDAM(0.1)				0	
21363	999	0		0.0				ADD_CONSITUTION(0.14)\nADD_DODGE(0.003)\nADD_ABSORB_POWERDAM(0.1)				0	
21364	999	0		0.0				ADD_CONSITUTION(0.14)\nADD_DODGE(0.003)\nADD_ABSORB_SHIELD(0.1)				0	
21365	999	0		0.0				ADD_CONSITUTION(0.14)\nADD_POWERHIT(0.003)\nADD_STRENGH(0.14)				0	
21366	999	0		0.0				ADD_CONSITUTION(0.14)\nADD_POWERHIT(0.003)\nADD_AGILITY(0.14)				0	
21367	999	0		0.0				ADD_CONSITUTION(0.14)\nADD_POWERHIT(0.003)\nADD_PERCEPTION(0.14)				0	
21368	999	0		0.0				ADD_CONSITUTION(0.14)\nADD_POWERHIT(0.003)\nADD_INTELLECT(0.14)				0	
21369	999	0		0.0				ADD_CONSITUTION(0.14)\nADD_POWERHIT(0.003)\nADD_ANTI_POWERHIT(0.01)				0	
21370	999	0		0.0				ADD_CONSITUTION(0.14)\nADD_POWERHIT(0.003)\nADD_MULTIPLY_POWERDAM(0.1)				0	
21371	999	0		0.0				ADD_CONSITUTION(0.14)\nADD_POWERHIT(0.003)\nADD_ABSORB_POWERDAM(0.1)				0	
21372	999	0		0.0				ADD_CONSITUTION(0.14)\nADD_POWERHIT(0.003)\nADD_ABSORB_SHIELD(0.1)				0	
21373	999	0		0.0				ADD_CONSITUTION(0.14)\nADD_STRENGH(0.09)\nADD_AGILITY(0.14)				0	
21374	999	0		0.0				ADD_CONSITUTION(0.14)\nADD_STRENGH(0.09)\nADD_PERCEPTION(0.14)				0	
21375	999	0		0.0				ADD_CONSITUTION(0.14)\nADD_STRENGH(0.09)\nADD_INTELLECT(0.14)				0	
21376	999	0		0.0				ADD_CONSITUTION(0.14)\nADD_STRENGH(0.09)\nADD_ANTI_POWERHIT(0.01)				0	
21377	999	0		0.0				ADD_CONSITUTION(0.14)\nADD_STRENGH(0.09)\nADD_MULTIPLY_POWERDAM(0.1)				0	
21378	999	0		0.0				ADD_CONSITUTION(0.14)\nADD_STRENGH(0.09)\nADD_ABSORB_POWERDAM(0.1)				0	
21379	999	0		0.0				ADD_CONSITUTION(0.14)\nADD_STRENGH(0.09)\nADD_ABSORB_SHIELD(0.1)				0	
21380	999	0		0.0				ADD_CONSITUTION(0.14)\nADD_AGILITY(0.09)\nADD_STRENGH(0.14)				0	
21381	999	0		0.0				ADD_CONSITUTION(0.14)\nADD_AGILITY(0.09)\nADD_PERCEPTION(0.14)				0	
21382	999	0		0.0				ADD_CONSITUTION(0.14)\nADD_AGILITY(0.09)\nADD_INTELLECT(0.14)				0	
21383	999	0		0.0				ADD_CONSITUTION(0.14)\nADD_AGILITY(0.09)\nADD_ANTI_POWERHIT(0.01)				0	
21384	999	0		0.0				ADD_CONSITUTION(0.14)\nADD_AGILITY(0.09)\nADD_MULTIPLY_POWERDAM(0.1)				0	
21385	999	0		0.0				ADD_CONSITUTION(0.14)\nADD_AGILITY(0.09)\nADD_ABSORB_POWERDAM(0.1)				0	
21386	999	0		0.0				ADD_CONSITUTION(0.14)\nADD_AGILITY(0.09)\nADD_ABSORB_SHIELD(0.1)				0	
21387	999	0		0.0				ADD_CONSITUTION(0.14)\nADD_PERCEPTION(0.09)\nADD_STRENGH(0.14)				0	
21388	999	0		0.0				ADD_CONSITUTION(0.14)\nADD_PERCEPTION(0.09)\nADD_AGILITY(0.14)				0	
21389	999	0		0.0				ADD_CONSITUTION(0.14)\nADD_PERCEPTION(0.09)\nADD_INTELLECT(0.14)				0	
21390	999	0		0.0				ADD_CONSITUTION(0.14)\nADD_PERCEPTION(0.09)\nADD_ANTI_POWERHIT(0.01)				0	
21391	999	0		0.0				ADD_CONSITUTION(0.14)\nADD_PERCEPTION(0.09)\nADD_MULTIPLY_POWERDAM(0.1)				0	
21392	999	0		0.0				ADD_CONSITUTION(0.14)\nADD_PERCEPTION(0.09)\nADD_ABSORB_POWERDAM(0.1)				0	
21393	999	0		0.0				ADD_CONSITUTION(0.14)\nADD_PERCEPTION(0.09)\nADD_ABSORB_SHIELD(0.1)				0	
21394	999	0		0.0				ADD_CONSITUTION(0.14)\nADD_INTELLECT(0.09)\nADD_STRENGH(0.14)				0	
21395	999	0		0.0				ADD_CONSITUTION(0.14)\nADD_INTELLECT(0.09)\nADD_AGILITY(0.14)				0	
21396	999	0		0.0				ADD_CONSITUTION(0.14)\nADD_INTELLECT(0.09)\nADD_PERCEPTION(0.14)				0	
21397	999	0		0.0				ADD_CONSITUTION(0.14)\nADD_INTELLECT(0.09)\nADD_ANTI_POWERHIT(0.01)				0	
21398	999	0		0.0				ADD_CONSITUTION(0.14)\nADD_INTELLECT(0.09)\nADD_MULTIPLY_POWERDAM(0.1)				0	
21399	999	0		0.0				ADD_CONSITUTION(0.14)\nADD_INTELLECT(0.09)\nADD_ABSORB_POWERDAM(0.1)				0	
21400	999	0		0.0				ADD_CONSITUTION(0.14)\nADD_INTELLECT(0.09)\nADD_ABSORB_SHIELD(0.1)				0	
21401	999	0		0.0				ADD_CONSITUTION(0.14)\nADD_HPMAX(0.12)\nADD_STRENGH(0.14)				0	
21402	999	0		0.0				ADD_CONSITUTION(0.14)\nADD_HPMAX(0.12)\nADD_AGILITY(0.14)				0	
21403	999	0		0.0				ADD_CONSITUTION(0.14)\nADD_HPMAX(0.12)\nADD_PERCEPTION(0.14)				0	
21404	999	0		0.0				ADD_CONSITUTION(0.14)\nADD_HPMAX(0.12)\nADD_INTELLECT(0.14)				0	
21405	999	0		0.0				ADD_CONSITUTION(0.14)\nADD_HPMAX(0.12)\nADD_ANTI_POWERHIT(0.01)				0	
21406	999	0		0.0				ADD_CONSITUTION(0.14)\nADD_HPMAX(0.12)\nADD_MULTIPLY_POWERDAM(0.1)				0	
21407	999	0		0.0				ADD_CONSITUTION(0.14)\nADD_HPMAX(0.12)\nADD_ABSORB_POWERDAM(0.1)				0	
21408	999	0		0.0				ADD_CONSITUTION(0.14)\nADD_HPMAX(0.12)\nADD_ABSORB_SHIELD(0.1)				0	
21409	999	0		0.0				ADD_CONSITUTION(0.14)\nADD_DAMMIPHYSICS(0.1)\nADD_STRENGH(0.14)				0	
21410	999	0		0.0				ADD_CONSITUTION(0.14)\nADD_DAMMIPHYSICS(0.1)\nADD_AGILITY(0.14)				0	
21411	999	0		0.0				ADD_CONSITUTION(0.14)\nADD_DAMMIPHYSICS(0.1)\nADD_PERCEPTION(0.14)				0	
21412	999	0		0.0				ADD_CONSITUTION(0.14)\nADD_DAMMIPHYSICS(0.1)\nADD_INTELLECT(0.14)				0	
21413	999	0		0.0				ADD_CONSITUTION(0.14)\nADD_DAMMIPHYSICS(0.1)\nADD_ANTI_POWERHIT(0.01)				0	
21414	999	0		0.0				ADD_CONSITUTION(0.14)\nADD_DAMMIPHYSICS(0.1)\nADD_MULTIPLY_POWERDAM(0.1)				0	
21415	999	0		0.0				ADD_CONSITUTION(0.14)\nADD_DAMMIPHYSICS(0.1)\nADD_ABSORB_POWERDAM(0.1)				0	
21416	999	0		0.0				ADD_CONSITUTION(0.14)\nADD_DAMMIPHYSICS(0.1)\nADD_ABSORB_SHIELD(0.1)				0	
21417	999	0		0.0				ADD_CONSITUTION(0.14)\nADD_DAMMIMAGIC(0.1)\nADD_STRENGH(0.14)				0	
21418	999	0		0.0				ADD_CONSITUTION(0.14)\nADD_DAMMIMAGIC(0.1)\nADD_AGILITY(0.14)				0	
21419	999	0		0.0				ADD_CONSITUTION(0.14)\nADD_DAMMIMAGIC(0.1)\nADD_PERCEPTION(0.14)				0	
21420	999	0		0.0				ADD_CONSITUTION(0.14)\nADD_DAMMIMAGIC(0.1)\nADD_INTELLECT(0.14)				0	
21421	999	0		0.0				ADD_CONSITUTION(0.14)\nADD_DAMMIMAGIC(0.1)\nADD_ANTI_POWERHIT(0.01)				0	
21422	999	0		0.0				ADD_CONSITUTION(0.14)\nADD_DAMMIMAGIC(0.1)\nADD_MULTIPLY_POWERDAM(0.1)				0	
21423	999	0		0.0				ADD_CONSITUTION(0.14)\nADD_DAMMIMAGIC(0.1)\nADD_ABSORB_POWERDAM(0.1)				0	
21424	999	0		0.0				ADD_CONSITUTION(0.14)\nADD_DAMMIMAGIC(0.1)\nADD_ABSORB_SHIELD(0.1)				0	
21425	999	0		0.0				ADD_CONSITUTION(0.14)\nADD_AC_PHYSICS(0.32)\nADD_STRENGH(0.14)				0	
21426	999	0		0.0				ADD_CONSITUTION(0.14)\nADD_AC_PHYSICS(0.32)\nADD_AGILITY(0.14)				0	
21427	999	0		0.0				ADD_CONSITUTION(0.14)\nADD_AC_PHYSICS(0.32)\nADD_PERCEPTION(0.14)				0	
21428	999	0		0.0				ADD_CONSITUTION(0.14)\nADD_AC_PHYSICS(0.32)\nADD_INTELLECT(0.14)				0	
21429	999	0		0.0				ADD_CONSITUTION(0.14)\nADD_AC_PHYSICS(0.32)\nADD_ANTI_POWERHIT(0.01)				0	
21430	999	0		0.0				ADD_CONSITUTION(0.14)\nADD_AC_PHYSICS(0.32)\nADD_MULTIPLY_POWERDAM(0.1)				0	
21431	999	0		0.0				ADD_CONSITUTION(0.14)\nADD_AC_PHYSICS(0.32)\nADD_ABSORB_POWERDAM(0.1)				0	
21432	999	0		0.0				ADD_CONSITUTION(0.14)\nADD_AC_PHYSICS(0.32)\nADD_ABSORB_SHIELD(0.1)				0	
21433	999	0		0.0				ADD_CONSITUTION(0.14)\nADD_AC_MAGIC(0.32)\nADD_STRENGH(0.14)				0	
21434	999	0		0.0				ADD_CONSITUTION(0.14)\nADD_AC_MAGIC(0.32)\nADD_AGILITY(0.14)				0	
21435	999	0		0.0				ADD_CONSITUTION(0.14)\nADD_AC_MAGIC(0.32)\nADD_PERCEPTION(0.14)				0	
21436	999	0		0.0				ADD_CONSITUTION(0.14)\nADD_AC_MAGIC(0.32)\nADD_INTELLECT(0.14)				0	
21437	999	0		0.0				ADD_CONSITUTION(0.14)\nADD_AC_MAGIC(0.32)\nADD_ANTI_POWERHIT(0.01)				0	
21438	999	0		0.0				ADD_CONSITUTION(0.14)\nADD_AC_MAGIC(0.32)\nADD_MULTIPLY_POWERDAM(0.1)				0	
21439	999	0		0.0				ADD_CONSITUTION(0.14)\nADD_AC_MAGIC(0.32)\nADD_ABSORB_POWERDAM(0.1)				0	
21440	999	0		0.0				ADD_CONSITUTION(0.14)\nADD_AC_MAGIC(0.32)\nADD_ABSORB_SHIELD(0.1)				0	
21441	999	0		0.0				ADD_CONSITUTION(0.14)\nADD_PENETRATE_PHYSICS(0.3)\nADD_STRENGH(0.14)				0	
21442	999	0		0.0				ADD_CONSITUTION(0.14)\nADD_PENETRATE_PHYSICS(0.3)\nADD_AGILITY(0.14)				0	
21443	999	0		0.0				ADD_CONSITUTION(0.14)\nADD_PENETRATE_PHYSICS(0.3)\nADD_PERCEPTION(0.14)				0	
21444	999	0		0.0				ADD_CONSITUTION(0.14)\nADD_PENETRATE_PHYSICS(0.3)\nADD_INTELLECT(0.14)				0	
21445	999	0		0.0				ADD_CONSITUTION(0.14)\nADD_PENETRATE_PHYSICS(0.3)\nADD_ANTI_POWERHIT(0.01)				0	
21446	999	0		0.0				ADD_CONSITUTION(0.14)\nADD_PENETRATE_PHYSICS(0.3)\nADD_MULTIPLY_POWERDAM(0.1)				0	
21447	999	0		0.0				ADD_CONSITUTION(0.14)\nADD_PENETRATE_PHYSICS(0.3)\nADD_ABSORB_POWERDAM(0.1)				0	
21448	999	0		0.0				ADD_CONSITUTION(0.14)\nADD_PENETRATE_PHYSICS(0.3)\nADD_ABSORB_SHIELD(0.1)				0	
21449	999	0		0.0				ADD_CONSITUTION(0.14)\nADD_PENETRATE_MAGIC(0.3)\nADD_STRENGH(0.14)				0	
21450	999	0		0.0				ADD_CONSITUTION(0.14)\nADD_PENETRATE_MAGIC(0.3)\nADD_AGILITY(0.14)				0	
21451	999	0		0.0				ADD_CONSITUTION(0.14)\nADD_PENETRATE_MAGIC(0.3)\nADD_PERCEPTION(0.14)				0	
21452	999	0		0.0				ADD_CONSITUTION(0.14)\nADD_PENETRATE_MAGIC(0.3)\nADD_INTELLECT(0.14)				0	
21453	999	0		0.0				ADD_CONSITUTION(0.14)\nADD_PENETRATE_MAGIC(0.3)\nADD_ANTI_POWERHIT(0.01)				0	
21454	999	0		0.0				ADD_CONSITUTION(0.14)\nADD_PENETRATE_MAGIC(0.3)\nADD_MULTIPLY_POWERDAM(0.1)				0	
21455	999	0		0.0				ADD_CONSITUTION(0.14)\nADD_PENETRATE_MAGIC(0.3)\nADD_ABSORB_POWERDAM(0.1)				0	
21456	999	0		0.0				ADD_CONSITUTION(0.14)\nADD_PENETRATE_MAGIC(0.3)\nADD_ABSORB_SHIELD(0.1)				0	
21457	999	0		0.0				ADD_CONSITUTION(0.14)\nADD_HITRATE(0.006)\nADD_STRENGH(0.14)				0	
21458	999	0		0.0				ADD_CONSITUTION(0.14)\nADD_HITRATE(0.006)\nADD_AGILITY(0.14)				0	
21459	999	0		0.0				ADD_CONSITUTION(0.14)\nADD_HITRATE(0.006)\nADD_PERCEPTION(0.14)				0	
21460	999	0		0.0				ADD_CONSITUTION(0.14)\nADD_HITRATE(0.006)\nADD_INTELLECT(0.14)				0	
21461	999	0		0.0				ADD_CONSITUTION(0.14)\nADD_HITRATE(0.006)\nADD_ANTI_POWERHIT(0.01)				0	
21462	999	0		0.0				ADD_CONSITUTION(0.14)\nADD_HITRATE(0.006)\nADD_MULTIPLY_POWERDAM(0.1)				0	
21463	999	0		0.0				ADD_CONSITUTION(0.14)\nADD_HITRATE(0.006)\nADD_ABSORB_POWERDAM(0.1)				0	
21464	999	0		0.0				ADD_CONSITUTION(0.14)\nADD_HITRATE(0.006)\nADD_ABSORB_SHIELD(0.1)				0	
21465	999	0		0.0				ADD_CONSITUTION(0.14)\nADD_DODGE(0.006)\nADD_STRENGH(0.14)				0	
21466	999	0		0.0				ADD_CONSITUTION(0.14)\nADD_DODGE(0.006)\nADD_AGILITY(0.14)				0	
21467	999	0		0.0				ADD_CONSITUTION(0.14)\nADD_DODGE(0.006)\nADD_PERCEPTION(0.14)				0	
21468	999	0		0.0				ADD_CONSITUTION(0.14)\nADD_DODGE(0.006)\nADD_INTELLECT(0.14)				0	
21469	999	0		0.0				ADD_CONSITUTION(0.14)\nADD_DODGE(0.006)\nADD_ANTI_POWERHIT(0.01)				0	
21470	999	0		0.0				ADD_CONSITUTION(0.14)\nADD_DODGE(0.006)\nADD_MULTIPLY_POWERDAM(0.1)				0	
21471	999	0		0.0				ADD_CONSITUTION(0.14)\nADD_DODGE(0.006)\nADD_ABSORB_POWERDAM(0.1)				0	
21472	999	0		0.0				ADD_CONSITUTION(0.14)\nADD_DODGE(0.006)\nADD_ABSORB_SHIELD(0.1)				0	
21473	999	0		0.0				ADD_CONSITUTION(0.14)\nADD_POWERHIT(0.006)\nADD_STRENGH(0.14)				0	
21474	999	0		0.0				ADD_CONSITUTION(0.14)\nADD_POWERHIT(0.006)\nADD_AGILITY(0.14)				0	
21475	999	0		0.0				ADD_CONSITUTION(0.14)\nADD_POWERHIT(0.006)\nADD_PERCEPTION(0.14)				0	
21476	999	0		0.0				ADD_CONSITUTION(0.14)\nADD_POWERHIT(0.006)\nADD_INTELLECT(0.14)				0	
21477	999	0		0.0				ADD_CONSITUTION(0.14)\nADD_POWERHIT(0.006)\nADD_ANTI_POWERHIT(0.01)				0	
21478	999	0		0.0				ADD_CONSITUTION(0.14)\nADD_POWERHIT(0.006)\nADD_MULTIPLY_POWERDAM(0.1)				0	
21479	999	0		0.0				ADD_CONSITUTION(0.14)\nADD_POWERHIT(0.006)\nADD_ABSORB_POWERDAM(0.1)				0	
21480	999	0		0.0				ADD_CONSITUTION(0.14)\nADD_POWERHIT(0.006)\nADD_ABSORB_SHIELD(0.1)				0	
21481	999	0		0.0				ADD_CONSITUTION(0.14)\nADD_STRENGH(0.14)\nADD_AGILITY(0.14)				0	
21482	999	0		0.0				ADD_CONSITUTION(0.14)\nADD_STRENGH(0.14)\nADD_PERCEPTION(0.14)				0	
21483	999	0		0.0				ADD_CONSITUTION(0.14)\nADD_STRENGH(0.14)\nADD_INTELLECT(0.14)				0	
21484	999	0		0.0				ADD_CONSITUTION(0.14)\nADD_STRENGH(0.14)\nADD_ANTI_POWERHIT(0.01)				0	
21485	999	0		0.0				ADD_CONSITUTION(0.14)\nADD_STRENGH(0.14)\nADD_MULTIPLY_POWERDAM(0.1)				0	
21486	999	0		0.0				ADD_CONSITUTION(0.14)\nADD_STRENGH(0.14)\nADD_ABSORB_POWERDAM(0.1)				0	
21487	999	0		0.0				ADD_CONSITUTION(0.14)\nADD_STRENGH(0.14)\nADD_ABSORB_SHIELD(0.1)				0	
21488	999	0		0.0				ADD_CONSITUTION(0.14)\nADD_AGILITY(0.14)\nADD_STRENGH(0.14)				0	
21489	999	0		0.0				ADD_CONSITUTION(0.14)\nADD_AGILITY(0.14)\nADD_PERCEPTION(0.14)				0	
21490	999	0		0.0				ADD_CONSITUTION(0.14)\nADD_AGILITY(0.14)\nADD_INTELLECT(0.14)				0	
21491	999	0		0.0				ADD_CONSITUTION(0.14)\nADD_AGILITY(0.14)\nADD_ANTI_POWERHIT(0.01)				0	
21492	999	0		0.0				ADD_CONSITUTION(0.14)\nADD_AGILITY(0.14)\nADD_MULTIPLY_POWERDAM(0.1)				0	
21493	999	0		0.0				ADD_CONSITUTION(0.14)\nADD_AGILITY(0.14)\nADD_ABSORB_POWERDAM(0.1)				0	
21494	999	0		0.0				ADD_CONSITUTION(0.14)\nADD_AGILITY(0.14)\nADD_ABSORB_SHIELD(0.1)				0	
21495	999	0		0.0				ADD_CONSITUTION(0.14)\nADD_PERCEPTION(0.14)\nADD_STRENGH(0.14)				0	
21496	999	0		0.0				ADD_CONSITUTION(0.14)\nADD_PERCEPTION(0.14)\nADD_AGILITY(0.14)				0	
21497	999	0		0.0				ADD_CONSITUTION(0.14)\nADD_PERCEPTION(0.14)\nADD_INTELLECT(0.14)				0	
21498	999	0		0.0				ADD_CONSITUTION(0.14)\nADD_PERCEPTION(0.14)\nADD_ANTI_POWERHIT(0.01)				0	
21499	999	0		0.0				ADD_CONSITUTION(0.14)\nADD_PERCEPTION(0.14)\nADD_MULTIPLY_POWERDAM(0.1)				0	
21500	999	0		0.0				ADD_CONSITUTION(0.14)\nADD_PERCEPTION(0.14)\nADD_ABSORB_POWERDAM(0.1)				0	
21501	999	0		0.0				ADD_CONSITUTION(0.14)\nADD_PERCEPTION(0.14)\nADD_ABSORB_SHIELD(0.1)				0	
21502	999	0		0.0				ADD_CONSITUTION(0.14)\nADD_INTELLECT(0.14)\nADD_STRENGH(0.14)				0	
21503	999	0		0.0				ADD_CONSITUTION(0.14)\nADD_INTELLECT(0.14)\nADD_AGILITY(0.14)				0	
21504	999	0		0.0				ADD_CONSITUTION(0.14)\nADD_INTELLECT(0.14)\nADD_PERCEPTION(0.14)				0	
21505	999	0		0.0				ADD_CONSITUTION(0.14)\nADD_INTELLECT(0.14)\nADD_ANTI_POWERHIT(0.01)				0	
21506	999	0		0.0				ADD_CONSITUTION(0.14)\nADD_INTELLECT(0.14)\nADD_MULTIPLY_POWERDAM(0.1)				0	
21507	999	0		0.0				ADD_CONSITUTION(0.14)\nADD_INTELLECT(0.14)\nADD_ABSORB_POWERDAM(0.1)				0	
21508	999	0		0.0				ADD_CONSITUTION(0.14)\nADD_INTELLECT(0.14)\nADD_ABSORB_SHIELD(0.1)				0	
21509	999	0		0.0				ADD_CONSITUTION(0.14)\nADD_HPMAX(0.18)\nADD_STRENGH(0.14)				0	
21510	999	0		0.0				ADD_CONSITUTION(0.14)\nADD_HPMAX(0.18)\nADD_AGILITY(0.14)				0	
21511	999	0		0.0				ADD_CONSITUTION(0.14)\nADD_HPMAX(0.18)\nADD_PERCEPTION(0.14)				0	
21512	999	0		0.0				ADD_CONSITUTION(0.14)\nADD_HPMAX(0.18)\nADD_INTELLECT(0.14)				0	
21513	999	0		0.0				ADD_CONSITUTION(0.14)\nADD_HPMAX(0.18)\nADD_ANTI_POWERHIT(0.01)				0	
21514	999	0		0.0				ADD_CONSITUTION(0.14)\nADD_HPMAX(0.18)\nADD_MULTIPLY_POWERDAM(0.1)				0	
21515	999	0		0.0				ADD_CONSITUTION(0.14)\nADD_HPMAX(0.18)\nADD_ABSORB_POWERDAM(0.1)				0	
21516	999	0		0.0				ADD_CONSITUTION(0.14)\nADD_HPMAX(0.18)\nADD_ABSORB_SHIELD(0.1)				0	
21517	999	0		0.0				ADD_CONSITUTION(0.14)\nADD_DAMMIPHYSICS(0.15)\nADD_STRENGH(0.14)				0	
21518	999	0		0.0				ADD_CONSITUTION(0.14)\nADD_DAMMIPHYSICS(0.15)\nADD_AGILITY(0.14)				0	
21519	999	0		0.0				ADD_CONSITUTION(0.14)\nADD_DAMMIPHYSICS(0.15)\nADD_PERCEPTION(0.14)				0	
21520	999	0		0.0				ADD_CONSITUTION(0.14)\nADD_DAMMIPHYSICS(0.15)\nADD_INTELLECT(0.14)				0	
21521	999	0		0.0				ADD_CONSITUTION(0.14)\nADD_DAMMIPHYSICS(0.15)\nADD_ANTI_POWERHIT(0.01)				0	
21522	999	0		0.0				ADD_CONSITUTION(0.14)\nADD_DAMMIPHYSICS(0.15)\nADD_MULTIPLY_POWERDAM(0.1)				0	
21523	999	0		0.0				ADD_CONSITUTION(0.14)\nADD_DAMMIPHYSICS(0.15)\nADD_ABSORB_POWERDAM(0.1)				0	
21524	999	0		0.0				ADD_CONSITUTION(0.14)\nADD_DAMMIPHYSICS(0.15)\nADD_ABSORB_SHIELD(0.1)				0	
21525	999	0		0.0				ADD_CONSITUTION(0.14)\nADD_DAMMIMAGIC(0.15)\nADD_STRENGH(0.14)				0	
21526	999	0		0.0				ADD_CONSITUTION(0.14)\nADD_DAMMIMAGIC(0.15)\nADD_AGILITY(0.14)				0	
21527	999	0		0.0				ADD_CONSITUTION(0.14)\nADD_DAMMIMAGIC(0.15)\nADD_PERCEPTION(0.14)				0	
21528	999	0		0.0				ADD_CONSITUTION(0.14)\nADD_DAMMIMAGIC(0.15)\nADD_INTELLECT(0.14)				0	
21529	999	0		0.0				ADD_CONSITUTION(0.14)\nADD_DAMMIMAGIC(0.15)\nADD_ANTI_POWERHIT(0.01)				0	
21530	999	0		0.0				ADD_CONSITUTION(0.14)\nADD_DAMMIMAGIC(0.15)\nADD_MULTIPLY_POWERDAM(0.1)				0	
21531	999	0		0.0				ADD_CONSITUTION(0.14)\nADD_DAMMIMAGIC(0.15)\nADD_ABSORB_POWERDAM(0.1)				0	
21532	999	0		0.0				ADD_CONSITUTION(0.14)\nADD_DAMMIMAGIC(0.15)\nADD_ABSORB_SHIELD(0.1)				0	
21533	999	0		0.0				ADD_CONSITUTION(0.14)\nADD_AC_PHYSICS(0.5)\nADD_STRENGH(0.14)				0	
21534	999	0		0.0				ADD_CONSITUTION(0.14)\nADD_AC_PHYSICS(0.5)\nADD_AGILITY(0.14)				0	
21535	999	0		0.0				ADD_CONSITUTION(0.14)\nADD_AC_PHYSICS(0.5)\nADD_PERCEPTION(0.14)				0	
21536	999	0		0.0				ADD_CONSITUTION(0.14)\nADD_AC_PHYSICS(0.5)\nADD_INTELLECT(0.14)				0	
21537	999	0		0.0				ADD_CONSITUTION(0.14)\nADD_AC_PHYSICS(0.5)\nADD_ANTI_POWERHIT(0.01)				0	
21538	999	0		0.0				ADD_CONSITUTION(0.14)\nADD_AC_PHYSICS(0.5)\nADD_MULTIPLY_POWERDAM(0.1)				0	
21539	999	0		0.0				ADD_CONSITUTION(0.14)\nADD_AC_PHYSICS(0.5)\nADD_ABSORB_POWERDAM(0.1)				0	
21540	999	0		0.0				ADD_CONSITUTION(0.14)\nADD_AC_PHYSICS(0.5)\nADD_ABSORB_SHIELD(0.1)				0	
21541	999	0		0.0				ADD_CONSITUTION(0.14)\nADD_AC_MAGIC(0.5)\nADD_STRENGH(0.14)				0	
21542	999	0		0.0				ADD_CONSITUTION(0.14)\nADD_AC_MAGIC(0.5)\nADD_AGILITY(0.14)				0	
21543	999	0		0.0				ADD_CONSITUTION(0.14)\nADD_AC_MAGIC(0.5)\nADD_PERCEPTION(0.14)				0	
21544	999	0		0.0				ADD_CONSITUTION(0.14)\nADD_AC_MAGIC(0.5)\nADD_INTELLECT(0.14)				0	
21545	999	0		0.0				ADD_CONSITUTION(0.14)\nADD_AC_MAGIC(0.5)\nADD_ANTI_POWERHIT(0.01)				0	
21546	999	0		0.0				ADD_CONSITUTION(0.14)\nADD_AC_MAGIC(0.5)\nADD_MULTIPLY_POWERDAM(0.1)				0	
21547	999	0		0.0				ADD_CONSITUTION(0.14)\nADD_AC_MAGIC(0.5)\nADD_ABSORB_POWERDAM(0.1)				0	
21548	999	0		0.0				ADD_CONSITUTION(0.14)\nADD_AC_MAGIC(0.5)\nADD_ABSORB_SHIELD(0.1)				0	
21549	999	0		0.0				ADD_CONSITUTION(0.14)\nADD_PENETRATE_PHYSICS(0.45)\nADD_STRENGH(0.14)				0	
21550	999	0		0.0				ADD_CONSITUTION(0.14)\nADD_PENETRATE_PHYSICS(0.45)\nADD_AGILITY(0.14)				0	
21551	999	0		0.0				ADD_CONSITUTION(0.14)\nADD_PENETRATE_PHYSICS(0.45)\nADD_PERCEPTION(0.14)				0	
21552	999	0		0.0				ADD_CONSITUTION(0.14)\nADD_PENETRATE_PHYSICS(0.45)\nADD_INTELLECT(0.14)				0	
21553	999	0		0.0				ADD_CONSITUTION(0.14)\nADD_PENETRATE_PHYSICS(0.45)\nADD_ANTI_POWERHIT(0.01)				0	
21554	999	0		0.0				ADD_CONSITUTION(0.14)\nADD_PENETRATE_PHYSICS(0.45)\nADD_MULTIPLY_POWERDAM(0.1)				0	
21555	999	0		0.0				ADD_CONSITUTION(0.14)\nADD_PENETRATE_PHYSICS(0.45)\nADD_ABSORB_POWERDAM(0.1)				0	
21556	999	0		0.0				ADD_CONSITUTION(0.14)\nADD_PENETRATE_PHYSICS(0.45)\nADD_ABSORB_SHIELD(0.1)				0	
21557	999	0		0.0				ADD_CONSITUTION(0.14)\nADD_PENETRATE_MAGIC(0.45)\nADD_STRENGH(0.14)				0	
21558	999	0		0.0				ADD_CONSITUTION(0.14)\nADD_PENETRATE_MAGIC(0.45)\nADD_AGILITY(0.14)				0	
21559	999	0		0.0				ADD_CONSITUTION(0.14)\nADD_PENETRATE_MAGIC(0.45)\nADD_PERCEPTION(0.14)				0	
21560	999	0		0.0				ADD_CONSITUTION(0.14)\nADD_PENETRATE_MAGIC(0.45)\nADD_INTELLECT(0.14)				0	
21561	999	0		0.0				ADD_CONSITUTION(0.14)\nADD_PENETRATE_MAGIC(0.45)\nADD_ANTI_POWERHIT(0.01)				0	
21562	999	0		0.0				ADD_CONSITUTION(0.14)\nADD_PENETRATE_MAGIC(0.45)\nADD_MULTIPLY_POWERDAM(0.1)				0	
21563	999	0		0.0				ADD_CONSITUTION(0.14)\nADD_PENETRATE_MAGIC(0.45)\nADD_ABSORB_POWERDAM(0.1)				0	
21564	999	0		0.0				ADD_CONSITUTION(0.14)\nADD_PENETRATE_MAGIC(0.45)\nADD_ABSORB_SHIELD(0.1)				0	
21565	999	0		0.0				ADD_CONSITUTION(0.14)\nADD_HITRATE(0.01)\nADD_STRENGH(0.14)				0	
21566	999	0		0.0				ADD_CONSITUTION(0.14)\nADD_HITRATE(0.01)\nADD_AGILITY(0.14)				0	
21567	999	0		0.0				ADD_CONSITUTION(0.14)\nADD_HITRATE(0.01)\nADD_PERCEPTION(0.14)				0	
21568	999	0		0.0				ADD_CONSITUTION(0.14)\nADD_HITRATE(0.01)\nADD_INTELLECT(0.14)				0	
21569	999	0		0.0				ADD_CONSITUTION(0.14)\nADD_HITRATE(0.01)\nADD_ANTI_POWERHIT(0.01)				0	
21570	999	0		0.0				ADD_CONSITUTION(0.14)\nADD_HITRATE(0.01)\nADD_MULTIPLY_POWERDAM(0.1)				0	
21571	999	0		0.0				ADD_CONSITUTION(0.14)\nADD_HITRATE(0.01)\nADD_ABSORB_POWERDAM(0.1)				0	
21572	999	0		0.0				ADD_CONSITUTION(0.14)\nADD_HITRATE(0.01)\nADD_ABSORB_SHIELD(0.1)				0	
21573	999	0		0.0				ADD_CONSITUTION(0.14)\nADD_DODGE(0.01)\nADD_STRENGH(0.14)				0	
21574	999	0		0.0				ADD_CONSITUTION(0.14)\nADD_DODGE(0.01)\nADD_AGILITY(0.14)				0	
21575	999	0		0.0				ADD_CONSITUTION(0.14)\nADD_DODGE(0.01)\nADD_PERCEPTION(0.14)				0	
21576	999	0		0.0				ADD_CONSITUTION(0.14)\nADD_DODGE(0.01)\nADD_INTELLECT(0.14)				0	
21577	999	0		0.0				ADD_CONSITUTION(0.14)\nADD_DODGE(0.01)\nADD_ANTI_POWERHIT(0.01)				0	
21578	999	0		0.0				ADD_CONSITUTION(0.14)\nADD_DODGE(0.01)\nADD_MULTIPLY_POWERDAM(0.1)				0	
21579	999	0		0.0				ADD_CONSITUTION(0.14)\nADD_DODGE(0.01)\nADD_ABSORB_POWERDAM(0.1)				0	
21580	999	0		0.0				ADD_CONSITUTION(0.14)\nADD_DODGE(0.01)\nADD_ABSORB_SHIELD(0.1)				0	
21581	999	0		0.0				ADD_CONSITUTION(0.14)\nADD_POWERHIT(0.01)\nADD_STRENGH(0.14)				0	
21582	999	0		0.0				ADD_CONSITUTION(0.14)\nADD_POWERHIT(0.01)\nADD_AGILITY(0.14)				0	
21583	999	0		0.0				ADD_CONSITUTION(0.14)\nADD_POWERHIT(0.01)\nADD_PERCEPTION(0.14)				0	
21584	999	0		0.0				ADD_CONSITUTION(0.14)\nADD_POWERHIT(0.01)\nADD_INTELLECT(0.14)				0	
21585	999	0		0.0				ADD_CONSITUTION(0.14)\nADD_POWERHIT(0.01)\nADD_ANTI_POWERHIT(0.01)				0	
21586	999	0		0.0				ADD_CONSITUTION(0.14)\nADD_POWERHIT(0.01)\nADD_MULTIPLY_POWERDAM(0.1)				0	
21587	999	0		0.0				ADD_CONSITUTION(0.14)\nADD_POWERHIT(0.01)\nADD_ABSORB_POWERDAM(0.1)				0	
21588	999	0		0.0				ADD_CONSITUTION(0.14)\nADD_POWERHIT(0.01)\nADD_ABSORB_SHIELD(0.1)				0	
21589	999	0		0.0				ADD_AGILITY(0.14)\nADD_STRENGH(0.04)\nADD_CONSITUTION(0.14)				0	
21590	999	0		0.0				ADD_AGILITY(0.14)\nADD_STRENGH(0.04)\nADD_PERCEPTION(0.14)				0	
21591	999	0		0.0				ADD_AGILITY(0.14)\nADD_STRENGH(0.04)\nADD_INTELLECT(0.14)				0	
21592	999	0		0.0				ADD_AGILITY(0.14)\nADD_STRENGH(0.04)\nADD_ANTI_POWERHIT(0.01)				0	
21593	999	0		0.0				ADD_AGILITY(0.14)\nADD_STRENGH(0.04)\nADD_MULTIPLY_POWERDAM(0.1)				0	
21594	999	0		0.0				ADD_AGILITY(0.14)\nADD_STRENGH(0.04)\nADD_ABSORB_POWERDAM(0.1)				0	
21595	999	0		0.0				ADD_AGILITY(0.14)\nADD_STRENGH(0.04)\nADD_ABSORB_SHIELD(0.1)				0	
21596	999	0		0.0				ADD_AGILITY(0.14)\nADD_CONSITUTION(0.04)\nADD_STRENGH(0.14)				0	
21597	999	0		0.0				ADD_AGILITY(0.14)\nADD_CONSITUTION(0.04)\nADD_PERCEPTION(0.14)				0	
21598	999	0		0.0				ADD_AGILITY(0.14)\nADD_CONSITUTION(0.04)\nADD_INTELLECT(0.14)				0	
21599	999	0		0.0				ADD_AGILITY(0.14)\nADD_CONSITUTION(0.04)\nADD_ANTI_POWERHIT(0.01)				0	
21600	999	0		0.0				ADD_AGILITY(0.14)\nADD_CONSITUTION(0.04)\nADD_MULTIPLY_POWERDAM(0.1)				0	
21601	999	0		0.0				ADD_AGILITY(0.14)\nADD_CONSITUTION(0.04)\nADD_ABSORB_POWERDAM(0.1)				0	
21602	999	0		0.0				ADD_AGILITY(0.14)\nADD_CONSITUTION(0.04)\nADD_ABSORB_SHIELD(0.1)				0	
21603	999	0		0.0				ADD_AGILITY(0.14)\nADD_PERCEPTION(0.04)\nADD_STRENGH(0.14)				0	
21604	999	0		0.0				ADD_AGILITY(0.14)\nADD_PERCEPTION(0.04)\nADD_CONSITUTION(0.14)				0	
21605	999	0		0.0				ADD_AGILITY(0.14)\nADD_PERCEPTION(0.04)\nADD_INTELLECT(0.14)				0	
21606	999	0		0.0				ADD_AGILITY(0.14)\nADD_PERCEPTION(0.04)\nADD_ANTI_POWERHIT(0.01)				0	
21607	999	0		0.0				ADD_AGILITY(0.14)\nADD_PERCEPTION(0.04)\nADD_MULTIPLY_POWERDAM(0.1)				0	
21608	999	0		0.0				ADD_AGILITY(0.14)\nADD_PERCEPTION(0.04)\nADD_ABSORB_POWERDAM(0.1)				0	
21609	999	0		0.0				ADD_AGILITY(0.14)\nADD_PERCEPTION(0.04)\nADD_ABSORB_SHIELD(0.1)				0	
21610	999	0		0.0				ADD_AGILITY(0.14)\nADD_INTELLECT(0.04)\nADD_STRENGH(0.14)				0	
21611	999	0		0.0				ADD_AGILITY(0.14)\nADD_INTELLECT(0.04)\nADD_CONSITUTION(0.14)				0	
21612	999	0		0.0				ADD_AGILITY(0.14)\nADD_INTELLECT(0.04)\nADD_PERCEPTION(0.14)				0	
21613	999	0		0.0				ADD_AGILITY(0.14)\nADD_INTELLECT(0.04)\nADD_ANTI_POWERHIT(0.01)				0	
21614	999	0		0.0				ADD_AGILITY(0.14)\nADD_INTELLECT(0.04)\nADD_MULTIPLY_POWERDAM(0.1)				0	
21615	999	0		0.0				ADD_AGILITY(0.14)\nADD_INTELLECT(0.04)\nADD_ABSORB_POWERDAM(0.1)				0	
21616	999	0		0.0				ADD_AGILITY(0.14)\nADD_INTELLECT(0.04)\nADD_ABSORB_SHIELD(0.1)				0	
21617	999	0		0.0				ADD_AGILITY(0.14)\nADD_HPMAX(0.06)\nADD_STRENGH(0.14)				0	
21618	999	0		0.0				ADD_AGILITY(0.14)\nADD_HPMAX(0.06)\nADD_CONSITUTION(0.14)				0	
21619	999	0		0.0				ADD_AGILITY(0.14)\nADD_HPMAX(0.06)\nADD_PERCEPTION(0.14)				0	
21620	999	0		0.0				ADD_AGILITY(0.14)\nADD_HPMAX(0.06)\nADD_INTELLECT(0.14)				0	
21621	999	0		0.0				ADD_AGILITY(0.14)\nADD_HPMAX(0.06)\nADD_ANTI_POWERHIT(0.01)				0	
21622	999	0		0.0				ADD_AGILITY(0.14)\nADD_HPMAX(0.06)\nADD_MULTIPLY_POWERDAM(0.1)				0	
21623	999	0		0.0				ADD_AGILITY(0.14)\nADD_HPMAX(0.06)\nADD_ABSORB_POWERDAM(0.1)				0	
21624	999	0		0.0				ADD_AGILITY(0.14)\nADD_HPMAX(0.06)\nADD_ABSORB_SHIELD(0.1)				0	
21625	999	0		0.0				ADD_AGILITY(0.14)\nADD_DAMMIPHYSICS(0.05)\nADD_STRENGH(0.14)				0	
21626	999	0		0.0				ADD_AGILITY(0.14)\nADD_DAMMIPHYSICS(0.05)\nADD_CONSITUTION(0.14)				0	
21627	999	0		0.0				ADD_AGILITY(0.14)\nADD_DAMMIPHYSICS(0.05)\nADD_PERCEPTION(0.14)				0	
21628	999	0		0.0				ADD_AGILITY(0.14)\nADD_DAMMIPHYSICS(0.05)\nADD_INTELLECT(0.14)				0	
21629	999	0		0.0				ADD_AGILITY(0.14)\nADD_DAMMIPHYSICS(0.05)\nADD_ANTI_POWERHIT(0.01)				0	
21630	999	0		0.0				ADD_AGILITY(0.14)\nADD_DAMMIPHYSICS(0.05)\nADD_MULTIPLY_POWERDAM(0.1)				0	
21631	999	0		0.0				ADD_AGILITY(0.14)\nADD_DAMMIPHYSICS(0.05)\nADD_ABSORB_POWERDAM(0.1)				0	
21632	999	0		0.0				ADD_AGILITY(0.14)\nADD_DAMMIPHYSICS(0.05)\nADD_ABSORB_SHIELD(0.1)				0	
21633	999	0		0.0				ADD_AGILITY(0.14)\nADD_DAMMIMAGIC(0.05)\nADD_STRENGH(0.14)				0	
21634	999	0		0.0				ADD_AGILITY(0.14)\nADD_DAMMIMAGIC(0.05)\nADD_CONSITUTION(0.14)				0	
21635	999	0		0.0				ADD_AGILITY(0.14)\nADD_DAMMIMAGIC(0.05)\nADD_PERCEPTION(0.14)				0	
21636	999	0		0.0				ADD_AGILITY(0.14)\nADD_DAMMIMAGIC(0.05)\nADD_INTELLECT(0.14)				0	
21637	999	0		0.0				ADD_AGILITY(0.14)\nADD_DAMMIMAGIC(0.05)\nADD_ANTI_POWERHIT(0.01)				0	
21638	999	0		0.0				ADD_AGILITY(0.14)\nADD_DAMMIMAGIC(0.05)\nADD_MULTIPLY_POWERDAM(0.1)				0	
21639	999	0		0.0				ADD_AGILITY(0.14)\nADD_DAMMIMAGIC(0.05)\nADD_ABSORB_POWERDAM(0.1)				0	
21640	999	0		0.0				ADD_AGILITY(0.14)\nADD_DAMMIMAGIC(0.05)\nADD_ABSORB_SHIELD(0.1)				0	
21641	999	0		0.0				ADD_AGILITY(0.14)\nADD_AC_PHYSICS(0.16)\nADD_STRENGH(0.14)				0	
21642	999	0		0.0				ADD_AGILITY(0.14)\nADD_AC_PHYSICS(0.16)\nADD_CONSITUTION(0.14)				0	
21643	999	0		0.0				ADD_AGILITY(0.14)\nADD_AC_PHYSICS(0.16)\nADD_PERCEPTION(0.14)				0	
21644	999	0		0.0				ADD_AGILITY(0.14)\nADD_AC_PHYSICS(0.16)\nADD_INTELLECT(0.14)				0	
21645	999	0		0.0				ADD_AGILITY(0.14)\nADD_AC_PHYSICS(0.16)\nADD_ANTI_POWERHIT(0.01)				0	
21646	999	0		0.0				ADD_AGILITY(0.14)\nADD_AC_PHYSICS(0.16)\nADD_MULTIPLY_POWERDAM(0.1)				0	
21647	999	0		0.0				ADD_AGILITY(0.14)\nADD_AC_PHYSICS(0.16)\nADD_ABSORB_POWERDAM(0.1)				0	
21648	999	0		0.0				ADD_AGILITY(0.14)\nADD_AC_PHYSICS(0.16)\nADD_ABSORB_SHIELD(0.1)				0	
21649	999	0		0.0				ADD_AGILITY(0.14)\nADD_AC_MAGIC(0.16)\nADD_STRENGH(0.14)				0	
21650	999	0		0.0				ADD_AGILITY(0.14)\nADD_AC_MAGIC(0.16)\nADD_CONSITUTION(0.14)				0	
21651	999	0		0.0				ADD_AGILITY(0.14)\nADD_AC_MAGIC(0.16)\nADD_PERCEPTION(0.14)				0	
21652	999	0		0.0				ADD_AGILITY(0.14)\nADD_AC_MAGIC(0.16)\nADD_INTELLECT(0.14)				0	
21653	999	0		0.0				ADD_AGILITY(0.14)\nADD_AC_MAGIC(0.16)\nADD_ANTI_POWERHIT(0.01)				0	
21654	999	0		0.0				ADD_AGILITY(0.14)\nADD_AC_MAGIC(0.16)\nADD_MULTIPLY_POWERDAM(0.1)				0	
21655	999	0		0.0				ADD_AGILITY(0.14)\nADD_AC_MAGIC(0.16)\nADD_ABSORB_POWERDAM(0.1)				0	
21656	999	0		0.0				ADD_AGILITY(0.14)\nADD_AC_MAGIC(0.16)\nADD_ABSORB_SHIELD(0.1)				0	
21657	999	0		0.0				ADD_AGILITY(0.14)\nADD_PENETRATE_PHYSICS(0.15)\nADD_STRENGH(0.14)				0	
21658	999	0		0.0				ADD_AGILITY(0.14)\nADD_PENETRATE_PHYSICS(0.15)\nADD_CONSITUTION(0.14)				0	
21659	999	0		0.0				ADD_AGILITY(0.14)\nADD_PENETRATE_PHYSICS(0.15)\nADD_PERCEPTION(0.14)				0	
21660	999	0		0.0				ADD_AGILITY(0.14)\nADD_PENETRATE_PHYSICS(0.15)\nADD_INTELLECT(0.14)				0	
21661	999	0		0.0				ADD_AGILITY(0.14)\nADD_PENETRATE_PHYSICS(0.15)\nADD_ANTI_POWERHIT(0.01)				0	
21662	999	0		0.0				ADD_AGILITY(0.14)\nADD_PENETRATE_PHYSICS(0.15)\nADD_MULTIPLY_POWERDAM(0.1)				0	
21663	999	0		0.0				ADD_AGILITY(0.14)\nADD_PENETRATE_PHYSICS(0.15)\nADD_ABSORB_POWERDAM(0.1)				0	
21664	999	0		0.0				ADD_AGILITY(0.14)\nADD_PENETRATE_PHYSICS(0.15)\nADD_ABSORB_SHIELD(0.1)				0	
21665	999	0		0.0				ADD_AGILITY(0.14)\nADD_PENETRATE_MAGIC(0.15)\nADD_STRENGH(0.14)				0	
21666	999	0		0.0				ADD_AGILITY(0.14)\nADD_PENETRATE_MAGIC(0.15)\nADD_CONSITUTION(0.14)				0	
21667	999	0		0.0				ADD_AGILITY(0.14)\nADD_PENETRATE_MAGIC(0.15)\nADD_PERCEPTION(0.14)				0	
21668	999	0		0.0				ADD_AGILITY(0.14)\nADD_PENETRATE_MAGIC(0.15)\nADD_INTELLECT(0.14)				0	
21669	999	0		0.0				ADD_AGILITY(0.14)\nADD_PENETRATE_MAGIC(0.15)\nADD_ANTI_POWERHIT(0.01)				0	
21670	999	0		0.0				ADD_AGILITY(0.14)\nADD_PENETRATE_MAGIC(0.15)\nADD_MULTIPLY_POWERDAM(0.1)				0	
21671	999	0		0.0				ADD_AGILITY(0.14)\nADD_PENETRATE_MAGIC(0.15)\nADD_ABSORB_POWERDAM(0.1)				0	
21672	999	0		0.0				ADD_AGILITY(0.14)\nADD_PENETRATE_MAGIC(0.15)\nADD_ABSORB_SHIELD(0.1)				0	
21673	999	0		0.0				ADD_AGILITY(0.14)\nADD_HITRATE(0.003)\nADD_STRENGH(0.14)				0	
21674	999	0		0.0				ADD_AGILITY(0.14)\nADD_HITRATE(0.003)\nADD_CONSITUTION(0.14)				0	
21675	999	0		0.0				ADD_AGILITY(0.14)\nADD_HITRATE(0.003)\nADD_PERCEPTION(0.14)				0	
21676	999	0		0.0				ADD_AGILITY(0.14)\nADD_HITRATE(0.003)\nADD_INTELLECT(0.14)				0	
21677	999	0		0.0				ADD_AGILITY(0.14)\nADD_HITRATE(0.003)\nADD_ANTI_POWERHIT(0.01)				0	
21678	999	0		0.0				ADD_AGILITY(0.14)\nADD_HITRATE(0.003)\nADD_MULTIPLY_POWERDAM(0.1)				0	
21679	999	0		0.0				ADD_AGILITY(0.14)\nADD_HITRATE(0.003)\nADD_ABSORB_POWERDAM(0.1)				0	
21680	999	0		0.0				ADD_AGILITY(0.14)\nADD_HITRATE(0.003)\nADD_ABSORB_SHIELD(0.1)				0	
21681	999	0		0.0				ADD_AGILITY(0.14)\nADD_DODGE(0.003)\nADD_STRENGH(0.14)				0	
21682	999	0		0.0				ADD_AGILITY(0.14)\nADD_DODGE(0.003)\nADD_CONSITUTION(0.14)				0	
21683	999	0		0.0				ADD_AGILITY(0.14)\nADD_DODGE(0.003)\nADD_PERCEPTION(0.14)				0	
21684	999	0		0.0				ADD_AGILITY(0.14)\nADD_DODGE(0.003)\nADD_INTELLECT(0.14)				0	
21685	999	0		0.0				ADD_AGILITY(0.14)\nADD_DODGE(0.003)\nADD_ANTI_POWERHIT(0.01)				0	
21686	999	0		0.0				ADD_AGILITY(0.14)\nADD_DODGE(0.003)\nADD_MULTIPLY_POWERDAM(0.1)				0	
21687	999	0		0.0				ADD_AGILITY(0.14)\nADD_DODGE(0.003)\nADD_ABSORB_POWERDAM(0.1)				0	
21688	999	0		0.0				ADD_AGILITY(0.14)\nADD_DODGE(0.003)\nADD_ABSORB_SHIELD(0.1)				0	
21689	999	0		0.0				ADD_AGILITY(0.14)\nADD_POWERHIT(0.003)\nADD_STRENGH(0.14)				0	
21690	999	0		0.0				ADD_AGILITY(0.14)\nADD_POWERHIT(0.003)\nADD_CONSITUTION(0.14)				0	
21691	999	0		0.0				ADD_AGILITY(0.14)\nADD_POWERHIT(0.003)\nADD_PERCEPTION(0.14)				0	
21692	999	0		0.0				ADD_AGILITY(0.14)\nADD_POWERHIT(0.003)\nADD_INTELLECT(0.14)				0	
21693	999	0		0.0				ADD_AGILITY(0.14)\nADD_POWERHIT(0.003)\nADD_ANTI_POWERHIT(0.01)				0	
21694	999	0		0.0				ADD_AGILITY(0.14)\nADD_POWERHIT(0.003)\nADD_MULTIPLY_POWERDAM(0.1)				0	
21695	999	0		0.0				ADD_AGILITY(0.14)\nADD_POWERHIT(0.003)\nADD_ABSORB_POWERDAM(0.1)				0	
21696	999	0		0.0				ADD_AGILITY(0.14)\nADD_POWERHIT(0.003)\nADD_ABSORB_SHIELD(0.1)				0	
21697	999	0		0.0				ADD_AGILITY(0.14)\nADD_STRENGH(0.09)\nADD_CONSITUTION(0.14)				0	
21698	999	0		0.0				ADD_AGILITY(0.14)\nADD_STRENGH(0.09)\nADD_PERCEPTION(0.14)				0	
21699	999	0		0.0				ADD_AGILITY(0.14)\nADD_STRENGH(0.09)\nADD_INTELLECT(0.14)				0	
21700	999	0		0.0				ADD_AGILITY(0.14)\nADD_STRENGH(0.09)\nADD_ANTI_POWERHIT(0.01)				0	
21701	999	0		0.0				ADD_AGILITY(0.14)\nADD_STRENGH(0.09)\nADD_MULTIPLY_POWERDAM(0.1)				0	
21702	999	0		0.0				ADD_AGILITY(0.14)\nADD_STRENGH(0.09)\nADD_ABSORB_POWERDAM(0.1)				0	
21703	999	0		0.0				ADD_AGILITY(0.14)\nADD_STRENGH(0.09)\nADD_ABSORB_SHIELD(0.1)				0	
21704	999	0		0.0				ADD_AGILITY(0.14)\nADD_CONSITUTION(0.09)\nADD_STRENGH(0.14)				0	
21705	999	0		0.0				ADD_AGILITY(0.14)\nADD_CONSITUTION(0.09)\nADD_PERCEPTION(0.14)				0	
21706	999	0		0.0				ADD_AGILITY(0.14)\nADD_CONSITUTION(0.09)\nADD_INTELLECT(0.14)				0	
21707	999	0		0.0				ADD_AGILITY(0.14)\nADD_CONSITUTION(0.09)\nADD_ANTI_POWERHIT(0.01)				0	
21708	999	0		0.0				ADD_AGILITY(0.14)\nADD_CONSITUTION(0.09)\nADD_MULTIPLY_POWERDAM(0.1)				0	
21709	999	0		0.0				ADD_AGILITY(0.14)\nADD_CONSITUTION(0.09)\nADD_ABSORB_POWERDAM(0.1)				0	
21710	999	0		0.0				ADD_AGILITY(0.14)\nADD_CONSITUTION(0.09)\nADD_ABSORB_SHIELD(0.1)				0	
21711	999	0		0.0				ADD_AGILITY(0.14)\nADD_PERCEPTION(0.09)\nADD_STRENGH(0.14)				0	
21712	999	0		0.0				ADD_AGILITY(0.14)\nADD_PERCEPTION(0.09)\nADD_CONSITUTION(0.14)				0	
21713	999	0		0.0				ADD_AGILITY(0.14)\nADD_PERCEPTION(0.09)\nADD_INTELLECT(0.14)				0	
21714	999	0		0.0				ADD_AGILITY(0.14)\nADD_PERCEPTION(0.09)\nADD_ANTI_POWERHIT(0.01)				0	
21715	999	0		0.0				ADD_AGILITY(0.14)\nADD_PERCEPTION(0.09)\nADD_MULTIPLY_POWERDAM(0.1)				0	
21716	999	0		0.0				ADD_AGILITY(0.14)\nADD_PERCEPTION(0.09)\nADD_ABSORB_POWERDAM(0.1)				0	
21717	999	0		0.0				ADD_AGILITY(0.14)\nADD_PERCEPTION(0.09)\nADD_ABSORB_SHIELD(0.1)				0	
21718	999	0		0.0				ADD_AGILITY(0.14)\nADD_INTELLECT(0.09)\nADD_STRENGH(0.14)				0	
21719	999	0		0.0				ADD_AGILITY(0.14)\nADD_INTELLECT(0.09)\nADD_CONSITUTION(0.14)				0	
21720	999	0		0.0				ADD_AGILITY(0.14)\nADD_INTELLECT(0.09)\nADD_PERCEPTION(0.14)				0	
21721	999	0		0.0				ADD_AGILITY(0.14)\nADD_INTELLECT(0.09)\nADD_ANTI_POWERHIT(0.01)				0	
21722	999	0		0.0				ADD_AGILITY(0.14)\nADD_INTELLECT(0.09)\nADD_MULTIPLY_POWERDAM(0.1)				0	
21723	999	0		0.0				ADD_AGILITY(0.14)\nADD_INTELLECT(0.09)\nADD_ABSORB_POWERDAM(0.1)				0	
21724	999	0		0.0				ADD_AGILITY(0.14)\nADD_INTELLECT(0.09)\nADD_ABSORB_SHIELD(0.1)				0	
21725	999	0		0.0				ADD_AGILITY(0.14)\nADD_HPMAX(0.12)\nADD_STRENGH(0.14)				0	
21726	999	0		0.0				ADD_AGILITY(0.14)\nADD_HPMAX(0.12)\nADD_CONSITUTION(0.14)				0	
21727	999	0		0.0				ADD_AGILITY(0.14)\nADD_HPMAX(0.12)\nADD_PERCEPTION(0.14)				0	
21728	999	0		0.0				ADD_AGILITY(0.14)\nADD_HPMAX(0.12)\nADD_INTELLECT(0.14)				0	
21729	999	0		0.0				ADD_AGILITY(0.14)\nADD_HPMAX(0.12)\nADD_ANTI_POWERHIT(0.01)				0	
21730	999	0		0.0				ADD_AGILITY(0.14)\nADD_HPMAX(0.12)\nADD_MULTIPLY_POWERDAM(0.1)				0	
21731	999	0		0.0				ADD_AGILITY(0.14)\nADD_HPMAX(0.12)\nADD_ABSORB_POWERDAM(0.1)				0	
21732	999	0		0.0				ADD_AGILITY(0.14)\nADD_HPMAX(0.12)\nADD_ABSORB_SHIELD(0.1)				0	
21733	999	0		0.0				ADD_AGILITY(0.14)\nADD_DAMMIPHYSICS(0.1)\nADD_STRENGH(0.14)				0	
21734	999	0		0.0				ADD_AGILITY(0.14)\nADD_DAMMIPHYSICS(0.1)\nADD_CONSITUTION(0.14)				0	
21735	999	0		0.0				ADD_AGILITY(0.14)\nADD_DAMMIPHYSICS(0.1)\nADD_PERCEPTION(0.14)				0	
21736	999	0		0.0				ADD_AGILITY(0.14)\nADD_DAMMIPHYSICS(0.1)\nADD_INTELLECT(0.14)				0	
21737	999	0		0.0				ADD_AGILITY(0.14)\nADD_DAMMIPHYSICS(0.1)\nADD_ANTI_POWERHIT(0.01)				0	
21738	999	0		0.0				ADD_AGILITY(0.14)\nADD_DAMMIPHYSICS(0.1)\nADD_MULTIPLY_POWERDAM(0.1)				0	
21739	999	0		0.0				ADD_AGILITY(0.14)\nADD_DAMMIPHYSICS(0.1)\nADD_ABSORB_POWERDAM(0.1)				0	
21740	999	0		0.0				ADD_AGILITY(0.14)\nADD_DAMMIPHYSICS(0.1)\nADD_ABSORB_SHIELD(0.1)				0	
21741	999	0		0.0				ADD_AGILITY(0.14)\nADD_DAMMIMAGIC(0.1)\nADD_STRENGH(0.14)				0	
21742	999	0		0.0				ADD_AGILITY(0.14)\nADD_DAMMIMAGIC(0.1)\nADD_CONSITUTION(0.14)				0	
21743	999	0		0.0				ADD_AGILITY(0.14)\nADD_DAMMIMAGIC(0.1)\nADD_PERCEPTION(0.14)				0	
21744	999	0		0.0				ADD_AGILITY(0.14)\nADD_DAMMIMAGIC(0.1)\nADD_INTELLECT(0.14)				0	
21745	999	0		0.0				ADD_AGILITY(0.14)\nADD_DAMMIMAGIC(0.1)\nADD_ANTI_POWERHIT(0.01)				0	
21746	999	0		0.0				ADD_AGILITY(0.14)\nADD_DAMMIMAGIC(0.1)\nADD_MULTIPLY_POWERDAM(0.1)				0	
21747	999	0		0.0				ADD_AGILITY(0.14)\nADD_DAMMIMAGIC(0.1)\nADD_ABSORB_POWERDAM(0.1)				0	
21748	999	0		0.0				ADD_AGILITY(0.14)\nADD_DAMMIMAGIC(0.1)\nADD_ABSORB_SHIELD(0.1)				0	
21749	999	0		0.0				ADD_AGILITY(0.14)\nADD_AC_PHYSICS(0.32)\nADD_STRENGH(0.14)				0	
21750	999	0		0.0				ADD_AGILITY(0.14)\nADD_AC_PHYSICS(0.32)\nADD_CONSITUTION(0.14)				0	
21751	999	0		0.0				ADD_AGILITY(0.14)\nADD_AC_PHYSICS(0.32)\nADD_PERCEPTION(0.14)				0	
21752	999	0		0.0				ADD_AGILITY(0.14)\nADD_AC_PHYSICS(0.32)\nADD_INTELLECT(0.14)				0	
21753	999	0		0.0				ADD_AGILITY(0.14)\nADD_AC_PHYSICS(0.32)\nADD_ANTI_POWERHIT(0.01)				0	
21754	999	0		0.0				ADD_AGILITY(0.14)\nADD_AC_PHYSICS(0.32)\nADD_MULTIPLY_POWERDAM(0.1)				0	
21755	999	0		0.0				ADD_AGILITY(0.14)\nADD_AC_PHYSICS(0.32)\nADD_ABSORB_POWERDAM(0.1)				0	
21756	999	0		0.0				ADD_AGILITY(0.14)\nADD_AC_PHYSICS(0.32)\nADD_ABSORB_SHIELD(0.1)				0	
21757	999	0		0.0				ADD_AGILITY(0.14)\nADD_AC_MAGIC(0.32)\nADD_STRENGH(0.14)				0	
21758	999	0		0.0				ADD_AGILITY(0.14)\nADD_AC_MAGIC(0.32)\nADD_CONSITUTION(0.14)				0	
21759	999	0		0.0				ADD_AGILITY(0.14)\nADD_AC_MAGIC(0.32)\nADD_PERCEPTION(0.14)				0	
21760	999	0		0.0				ADD_AGILITY(0.14)\nADD_AC_MAGIC(0.32)\nADD_INTELLECT(0.14)				0	
21761	999	0		0.0				ADD_AGILITY(0.14)\nADD_AC_MAGIC(0.32)\nADD_ANTI_POWERHIT(0.01)				0	
21762	999	0		0.0				ADD_AGILITY(0.14)\nADD_AC_MAGIC(0.32)\nADD_MULTIPLY_POWERDAM(0.1)				0	
21763	999	0		0.0				ADD_AGILITY(0.14)\nADD_AC_MAGIC(0.32)\nADD_ABSORB_POWERDAM(0.1)				0	
21764	999	0		0.0				ADD_AGILITY(0.14)\nADD_AC_MAGIC(0.32)\nADD_ABSORB_SHIELD(0.1)				0	
21765	999	0		0.0				ADD_AGILITY(0.14)\nADD_PENETRATE_PHYSICS(0.3)\nADD_STRENGH(0.14)				0	
21766	999	0		0.0				ADD_AGILITY(0.14)\nADD_PENETRATE_PHYSICS(0.3)\nADD_CONSITUTION(0.14)				0	
21767	999	0		0.0				ADD_AGILITY(0.14)\nADD_PENETRATE_PHYSICS(0.3)\nADD_PERCEPTION(0.14)				0	
21768	999	0		0.0				ADD_AGILITY(0.14)\nADD_PENETRATE_PHYSICS(0.3)\nADD_INTELLECT(0.14)				0	
21769	999	0		0.0				ADD_AGILITY(0.14)\nADD_PENETRATE_PHYSICS(0.3)\nADD_ANTI_POWERHIT(0.01)				0	
21770	999	0		0.0				ADD_AGILITY(0.14)\nADD_PENETRATE_PHYSICS(0.3)\nADD_MULTIPLY_POWERDAM(0.1)				0	
21771	999	0		0.0				ADD_AGILITY(0.14)\nADD_PENETRATE_PHYSICS(0.3)\nADD_ABSORB_POWERDAM(0.1)				0	
21772	999	0		0.0				ADD_AGILITY(0.14)\nADD_PENETRATE_PHYSICS(0.3)\nADD_ABSORB_SHIELD(0.1)				0	
21773	999	0		0.0				ADD_AGILITY(0.14)\nADD_PENETRATE_MAGIC(0.3)\nADD_STRENGH(0.14)				0	
21774	999	0		0.0				ADD_AGILITY(0.14)\nADD_PENETRATE_MAGIC(0.3)\nADD_CONSITUTION(0.14)				0	
21775	999	0		0.0				ADD_AGILITY(0.14)\nADD_PENETRATE_MAGIC(0.3)\nADD_PERCEPTION(0.14)				0	
21776	999	0		0.0				ADD_AGILITY(0.14)\nADD_PENETRATE_MAGIC(0.3)\nADD_INTELLECT(0.14)				0	
21777	999	0		0.0				ADD_AGILITY(0.14)\nADD_PENETRATE_MAGIC(0.3)\nADD_ANTI_POWERHIT(0.01)				0	
21778	999	0		0.0				ADD_AGILITY(0.14)\nADD_PENETRATE_MAGIC(0.3)\nADD_MULTIPLY_POWERDAM(0.1)				0	
21779	999	0		0.0				ADD_AGILITY(0.14)\nADD_PENETRATE_MAGIC(0.3)\nADD_ABSORB_POWERDAM(0.1)				0	
21780	999	0		0.0				ADD_AGILITY(0.14)\nADD_PENETRATE_MAGIC(0.3)\nADD_ABSORB_SHIELD(0.1)				0	
21781	999	0		0.0				ADD_AGILITY(0.14)\nADD_HITRATE(0.006)\nADD_STRENGH(0.14)				0	
21782	999	0		0.0				ADD_AGILITY(0.14)\nADD_HITRATE(0.006)\nADD_CONSITUTION(0.14)				0	
21783	999	0		0.0				ADD_AGILITY(0.14)\nADD_HITRATE(0.006)\nADD_PERCEPTION(0.14)				0	
21784	999	0		0.0				ADD_AGILITY(0.14)\nADD_HITRATE(0.006)\nADD_INTELLECT(0.14)				0	
21785	999	0		0.0				ADD_AGILITY(0.14)\nADD_HITRATE(0.006)\nADD_ANTI_POWERHIT(0.01)				0	
21786	999	0		0.0				ADD_AGILITY(0.14)\nADD_HITRATE(0.006)\nADD_MULTIPLY_POWERDAM(0.1)				0	
21787	999	0		0.0				ADD_AGILITY(0.14)\nADD_HITRATE(0.006)\nADD_ABSORB_POWERDAM(0.1)				0	
21788	999	0		0.0				ADD_AGILITY(0.14)\nADD_HITRATE(0.006)\nADD_ABSORB_SHIELD(0.1)				0	
21789	999	0		0.0				ADD_AGILITY(0.14)\nADD_DODGE(0.006)\nADD_STRENGH(0.14)				0	
21790	999	0		0.0				ADD_AGILITY(0.14)\nADD_DODGE(0.006)\nADD_CONSITUTION(0.14)				0	
21791	999	0		0.0				ADD_AGILITY(0.14)\nADD_DODGE(0.006)\nADD_PERCEPTION(0.14)				0	
21792	999	0		0.0				ADD_AGILITY(0.14)\nADD_DODGE(0.006)\nADD_INTELLECT(0.14)				0	
21793	999	0		0.0				ADD_AGILITY(0.14)\nADD_DODGE(0.006)\nADD_ANTI_POWERHIT(0.01)				0	
21794	999	0		0.0				ADD_AGILITY(0.14)\nADD_DODGE(0.006)\nADD_MULTIPLY_POWERDAM(0.1)				0	
21795	999	0		0.0				ADD_AGILITY(0.14)\nADD_DODGE(0.006)\nADD_ABSORB_POWERDAM(0.1)				0	
21796	999	0		0.0				ADD_AGILITY(0.14)\nADD_DODGE(0.006)\nADD_ABSORB_SHIELD(0.1)				0	
21797	999	0		0.0				ADD_AGILITY(0.14)\nADD_POWERHIT(0.006)\nADD_STRENGH(0.14)				0	
21798	999	0		0.0				ADD_AGILITY(0.14)\nADD_POWERHIT(0.006)\nADD_CONSITUTION(0.14)				0	
21799	999	0		0.0				ADD_AGILITY(0.14)\nADD_POWERHIT(0.006)\nADD_PERCEPTION(0.14)				0	
21800	999	0		0.0				ADD_AGILITY(0.14)\nADD_POWERHIT(0.006)\nADD_INTELLECT(0.14)				0	
21801	999	0		0.0				ADD_AGILITY(0.14)\nADD_POWERHIT(0.006)\nADD_ANTI_POWERHIT(0.01)				0	
21802	999	0		0.0				ADD_AGILITY(0.14)\nADD_POWERHIT(0.006)\nADD_MULTIPLY_POWERDAM(0.1)				0	
21803	999	0		0.0				ADD_AGILITY(0.14)\nADD_POWERHIT(0.006)\nADD_ABSORB_POWERDAM(0.1)				0	
21804	999	0		0.0				ADD_AGILITY(0.14)\nADD_POWERHIT(0.006)\nADD_ABSORB_SHIELD(0.1)				0	
21805	999	0		0.0				ADD_AGILITY(0.14)\nADD_STRENGH(0.14)\nADD_CONSITUTION(0.14)				0	
21806	999	0		0.0				ADD_AGILITY(0.14)\nADD_STRENGH(0.14)\nADD_PERCEPTION(0.14)				0	
21807	999	0		0.0				ADD_AGILITY(0.14)\nADD_STRENGH(0.14)\nADD_INTELLECT(0.14)				0	
21808	999	0		0.0				ADD_AGILITY(0.14)\nADD_STRENGH(0.14)\nADD_ANTI_POWERHIT(0.01)				0	
21809	999	0		0.0				ADD_AGILITY(0.14)\nADD_STRENGH(0.14)\nADD_MULTIPLY_POWERDAM(0.1)				0	
21810	999	0		0.0				ADD_AGILITY(0.14)\nADD_STRENGH(0.14)\nADD_ABSORB_POWERDAM(0.1)				0	
21811	999	0		0.0				ADD_AGILITY(0.14)\nADD_STRENGH(0.14)\nADD_ABSORB_SHIELD(0.1)				0	
21812	999	0		0.0				ADD_AGILITY(0.14)\nADD_CONSITUTION(0.14)\nADD_STRENGH(0.14)				0	
21813	999	0		0.0				ADD_AGILITY(0.14)\nADD_CONSITUTION(0.14)\nADD_PERCEPTION(0.14)				0	
21814	999	0		0.0				ADD_AGILITY(0.14)\nADD_CONSITUTION(0.14)\nADD_INTELLECT(0.14)				0	
21815	999	0		0.0				ADD_AGILITY(0.14)\nADD_CONSITUTION(0.14)\nADD_ANTI_POWERHIT(0.01)				0	
21816	999	0		0.0				ADD_AGILITY(0.14)\nADD_CONSITUTION(0.14)\nADD_MULTIPLY_POWERDAM(0.1)				0	
21817	999	0		0.0				ADD_AGILITY(0.14)\nADD_CONSITUTION(0.14)\nADD_ABSORB_POWERDAM(0.1)				0	
21818	999	0		0.0				ADD_AGILITY(0.14)\nADD_CONSITUTION(0.14)\nADD_ABSORB_SHIELD(0.1)				0	
21819	999	0		0.0				ADD_AGILITY(0.14)\nADD_PERCEPTION(0.14)\nADD_STRENGH(0.14)				0	
21820	999	0		0.0				ADD_AGILITY(0.14)\nADD_PERCEPTION(0.14)\nADD_CONSITUTION(0.14)				0	
21821	999	0		0.0				ADD_AGILITY(0.14)\nADD_PERCEPTION(0.14)\nADD_INTELLECT(0.14)				0	
21822	999	0		0.0				ADD_AGILITY(0.14)\nADD_PERCEPTION(0.14)\nADD_ANTI_POWERHIT(0.01)				0	
21823	999	0		0.0				ADD_AGILITY(0.14)\nADD_PERCEPTION(0.14)\nADD_MULTIPLY_POWERDAM(0.1)				0	
21824	999	0		0.0				ADD_AGILITY(0.14)\nADD_PERCEPTION(0.14)\nADD_ABSORB_POWERDAM(0.1)				0	
21825	999	0		0.0				ADD_AGILITY(0.14)\nADD_PERCEPTION(0.14)\nADD_ABSORB_SHIELD(0.1)				0	
21826	999	0		0.0				ADD_AGILITY(0.14)\nADD_INTELLECT(0.14)\nADD_STRENGH(0.14)				0	
21827	999	0		0.0				ADD_AGILITY(0.14)\nADD_INTELLECT(0.14)\nADD_CONSITUTION(0.14)				0	
21828	999	0		0.0				ADD_AGILITY(0.14)\nADD_INTELLECT(0.14)\nADD_PERCEPTION(0.14)				0	
21829	999	0		0.0				ADD_AGILITY(0.14)\nADD_INTELLECT(0.14)\nADD_ANTI_POWERHIT(0.01)				0	
21830	999	0		0.0				ADD_AGILITY(0.14)\nADD_INTELLECT(0.14)\nADD_MULTIPLY_POWERDAM(0.1)				0	
21831	999	0		0.0				ADD_AGILITY(0.14)\nADD_INTELLECT(0.14)\nADD_ABSORB_POWERDAM(0.1)				0	
21832	999	0		0.0				ADD_AGILITY(0.14)\nADD_INTELLECT(0.14)\nADD_ABSORB_SHIELD(0.1)				0	
21833	999	0		0.0				ADD_AGILITY(0.14)\nADD_HPMAX(0.18)\nADD_STRENGH(0.14)				0	
21834	999	0		0.0				ADD_AGILITY(0.14)\nADD_HPMAX(0.18)\nADD_CONSITUTION(0.14)				0	
21835	999	0		0.0				ADD_AGILITY(0.14)\nADD_HPMAX(0.18)\nADD_PERCEPTION(0.14)				0	
21836	999	0		0.0				ADD_AGILITY(0.14)\nADD_HPMAX(0.18)\nADD_INTELLECT(0.14)				0	
21837	999	0		0.0				ADD_AGILITY(0.14)\nADD_HPMAX(0.18)\nADD_ANTI_POWERHIT(0.01)				0	
21838	999	0		0.0				ADD_AGILITY(0.14)\nADD_HPMAX(0.18)\nADD_MULTIPLY_POWERDAM(0.1)				0	
21839	999	0		0.0				ADD_AGILITY(0.14)\nADD_HPMAX(0.18)\nADD_ABSORB_POWERDAM(0.1)				0	
21840	999	0		0.0				ADD_AGILITY(0.14)\nADD_HPMAX(0.18)\nADD_ABSORB_SHIELD(0.1)				0	
21841	999	0		0.0				ADD_AGILITY(0.14)\nADD_DAMMIPHYSICS(0.15)\nADD_STRENGH(0.14)				0	
21842	999	0		0.0				ADD_AGILITY(0.14)\nADD_DAMMIPHYSICS(0.15)\nADD_CONSITUTION(0.14)				0	
21843	999	0		0.0				ADD_AGILITY(0.14)\nADD_DAMMIPHYSICS(0.15)\nADD_PERCEPTION(0.14)				0	
21844	999	0		0.0				ADD_AGILITY(0.14)\nADD_DAMMIPHYSICS(0.15)\nADD_INTELLECT(0.14)				0	
21845	999	0		0.0				ADD_AGILITY(0.14)\nADD_DAMMIPHYSICS(0.15)\nADD_ANTI_POWERHIT(0.01)				0	
21846	999	0		0.0				ADD_AGILITY(0.14)\nADD_DAMMIPHYSICS(0.15)\nADD_MULTIPLY_POWERDAM(0.1)				0	
21847	999	0		0.0				ADD_AGILITY(0.14)\nADD_DAMMIPHYSICS(0.15)\nADD_ABSORB_POWERDAM(0.1)				0	
21848	999	0		0.0				ADD_AGILITY(0.14)\nADD_DAMMIPHYSICS(0.15)\nADD_ABSORB_SHIELD(0.1)				0	
21849	999	0		0.0				ADD_AGILITY(0.14)\nADD_DAMMIMAGIC(0.15)\nADD_STRENGH(0.14)				0	
21850	999	0		0.0				ADD_AGILITY(0.14)\nADD_DAMMIMAGIC(0.15)\nADD_CONSITUTION(0.14)				0	
21851	999	0		0.0				ADD_AGILITY(0.14)\nADD_DAMMIMAGIC(0.15)\nADD_PERCEPTION(0.14)				0	
21852	999	0		0.0				ADD_AGILITY(0.14)\nADD_DAMMIMAGIC(0.15)\nADD_INTELLECT(0.14)				0	
21853	999	0		0.0				ADD_AGILITY(0.14)\nADD_DAMMIMAGIC(0.15)\nADD_ANTI_POWERHIT(0.01)				0	
21854	999	0		0.0				ADD_AGILITY(0.14)\nADD_DAMMIMAGIC(0.15)\nADD_MULTIPLY_POWERDAM(0.1)				0	
21855	999	0		0.0				ADD_AGILITY(0.14)\nADD_DAMMIMAGIC(0.15)\nADD_ABSORB_POWERDAM(0.1)				0	
21856	999	0		0.0				ADD_AGILITY(0.14)\nADD_DAMMIMAGIC(0.15)\nADD_ABSORB_SHIELD(0.1)				0	
21857	999	0		0.0				ADD_AGILITY(0.14)\nADD_AC_PHYSICS(0.5)\nADD_STRENGH(0.14)				0	
21858	999	0		0.0				ADD_AGILITY(0.14)\nADD_AC_PHYSICS(0.5)\nADD_CONSITUTION(0.14)				0	
21859	999	0		0.0				ADD_AGILITY(0.14)\nADD_AC_PHYSICS(0.5)\nADD_PERCEPTION(0.14)				0	
21860	999	0		0.0				ADD_AGILITY(0.14)\nADD_AC_PHYSICS(0.5)\nADD_INTELLECT(0.14)				0	
21861	999	0		0.0				ADD_AGILITY(0.14)\nADD_AC_PHYSICS(0.5)\nADD_ANTI_POWERHIT(0.01)				0	
21862	999	0		0.0				ADD_AGILITY(0.14)\nADD_AC_PHYSICS(0.5)\nADD_MULTIPLY_POWERDAM(0.1)				0	
21863	999	0		0.0				ADD_AGILITY(0.14)\nADD_AC_PHYSICS(0.5)\nADD_ABSORB_POWERDAM(0.1)				0	
21864	999	0		0.0				ADD_AGILITY(0.14)\nADD_AC_PHYSICS(0.5)\nADD_ABSORB_SHIELD(0.1)				0	
21865	999	0		0.0				ADD_AGILITY(0.14)\nADD_AC_MAGIC(0.5)\nADD_STRENGH(0.14)				0	
21866	999	0		0.0				ADD_AGILITY(0.14)\nADD_AC_MAGIC(0.5)\nADD_CONSITUTION(0.14)				0	
21867	999	0		0.0				ADD_AGILITY(0.14)\nADD_AC_MAGIC(0.5)\nADD_PERCEPTION(0.14)				0	
21868	999	0		0.0				ADD_AGILITY(0.14)\nADD_AC_MAGIC(0.5)\nADD_INTELLECT(0.14)				0	
21869	999	0		0.0				ADD_AGILITY(0.14)\nADD_AC_MAGIC(0.5)\nADD_ANTI_POWERHIT(0.01)				0	
21870	999	0		0.0				ADD_AGILITY(0.14)\nADD_AC_MAGIC(0.5)\nADD_MULTIPLY_POWERDAM(0.1)				0	
21871	999	0		0.0				ADD_AGILITY(0.14)\nADD_AC_MAGIC(0.5)\nADD_ABSORB_POWERDAM(0.1)				0	
21872	999	0		0.0				ADD_AGILITY(0.14)\nADD_AC_MAGIC(0.5)\nADD_ABSORB_SHIELD(0.1)				0	
21873	999	0		0.0				ADD_AGILITY(0.14)\nADD_PENETRATE_PHYSICS(0.45)\nADD_STRENGH(0.14)				0	
21874	999	0		0.0				ADD_AGILITY(0.14)\nADD_PENETRATE_PHYSICS(0.45)\nADD_CONSITUTION(0.14)				0	
21875	999	0		0.0				ADD_AGILITY(0.14)\nADD_PENETRATE_PHYSICS(0.45)\nADD_PERCEPTION(0.14)				0	
21876	999	0		0.0				ADD_AGILITY(0.14)\nADD_PENETRATE_PHYSICS(0.45)\nADD_INTELLECT(0.14)				0	
21877	999	0		0.0				ADD_AGILITY(0.14)\nADD_PENETRATE_PHYSICS(0.45)\nADD_ANTI_POWERHIT(0.01)				0	
21878	999	0		0.0				ADD_AGILITY(0.14)\nADD_PENETRATE_PHYSICS(0.45)\nADD_MULTIPLY_POWERDAM(0.1)				0	
21879	999	0		0.0				ADD_AGILITY(0.14)\nADD_PENETRATE_PHYSICS(0.45)\nADD_ABSORB_POWERDAM(0.1)				0	
21880	999	0		0.0				ADD_AGILITY(0.14)\nADD_PENETRATE_PHYSICS(0.45)\nADD_ABSORB_SHIELD(0.1)				0	
21881	999	0		0.0				ADD_AGILITY(0.14)\nADD_PENETRATE_MAGIC(0.45)\nADD_STRENGH(0.14)				0	
21882	999	0		0.0				ADD_AGILITY(0.14)\nADD_PENETRATE_MAGIC(0.45)\nADD_CONSITUTION(0.14)				0	
21883	999	0		0.0				ADD_AGILITY(0.14)\nADD_PENETRATE_MAGIC(0.45)\nADD_PERCEPTION(0.14)				0	
21884	999	0		0.0				ADD_AGILITY(0.14)\nADD_PENETRATE_MAGIC(0.45)\nADD_INTELLECT(0.14)				0	
21885	999	0		0.0				ADD_AGILITY(0.14)\nADD_PENETRATE_MAGIC(0.45)\nADD_ANTI_POWERHIT(0.01)				0	
21886	999	0		0.0				ADD_AGILITY(0.14)\nADD_PENETRATE_MAGIC(0.45)\nADD_MULTIPLY_POWERDAM(0.1)				0	
21887	999	0		0.0				ADD_AGILITY(0.14)\nADD_PENETRATE_MAGIC(0.45)\nADD_ABSORB_POWERDAM(0.1)				0	
21888	999	0		0.0				ADD_AGILITY(0.14)\nADD_PENETRATE_MAGIC(0.45)\nADD_ABSORB_SHIELD(0.1)				0	
21889	999	0		0.0				ADD_AGILITY(0.14)\nADD_HITRATE(0.01)\nADD_STRENGH(0.14)				0	
21890	999	0		0.0				ADD_AGILITY(0.14)\nADD_HITRATE(0.01)\nADD_CONSITUTION(0.14)				0	
21891	999	0		0.0				ADD_AGILITY(0.14)\nADD_HITRATE(0.01)\nADD_PERCEPTION(0.14)				0	
21892	999	0		0.0				ADD_AGILITY(0.14)\nADD_HITRATE(0.01)\nADD_INTELLECT(0.14)				0	
21893	999	0		0.0				ADD_AGILITY(0.14)\nADD_HITRATE(0.01)\nADD_ANTI_POWERHIT(0.01)				0	
21894	999	0		0.0				ADD_AGILITY(0.14)\nADD_HITRATE(0.01)\nADD_MULTIPLY_POWERDAM(0.1)				0	
21895	999	0		0.0				ADD_AGILITY(0.14)\nADD_HITRATE(0.01)\nADD_ABSORB_POWERDAM(0.1)				0	
21896	999	0		0.0				ADD_AGILITY(0.14)\nADD_HITRATE(0.01)\nADD_ABSORB_SHIELD(0.1)				0	
21897	999	0		0.0				ADD_AGILITY(0.14)\nADD_DODGE(0.01)\nADD_STRENGH(0.14)				0	
21898	999	0		0.0				ADD_AGILITY(0.14)\nADD_DODGE(0.01)\nADD_CONSITUTION(0.14)				0	
21899	999	0		0.0				ADD_AGILITY(0.14)\nADD_DODGE(0.01)\nADD_PERCEPTION(0.14)				0	
21900	999	0		0.0				ADD_AGILITY(0.14)\nADD_DODGE(0.01)\nADD_INTELLECT(0.14)				0	
21901	999	0		0.0				ADD_AGILITY(0.14)\nADD_DODGE(0.01)\nADD_ANTI_POWERHIT(0.01)				0	
21902	999	0		0.0				ADD_AGILITY(0.14)\nADD_DODGE(0.01)\nADD_MULTIPLY_POWERDAM(0.1)				0	
21903	999	0		0.0				ADD_AGILITY(0.14)\nADD_DODGE(0.01)\nADD_ABSORB_POWERDAM(0.1)				0	
21904	999	0		0.0				ADD_AGILITY(0.14)\nADD_DODGE(0.01)\nADD_ABSORB_SHIELD(0.1)				0	
21905	999	0		0.0				ADD_AGILITY(0.14)\nADD_POWERHIT(0.01)\nADD_STRENGH(0.14)				0	
21906	999	0		0.0				ADD_AGILITY(0.14)\nADD_POWERHIT(0.01)\nADD_CONSITUTION(0.14)				0	
21907	999	0		0.0				ADD_AGILITY(0.14)\nADD_POWERHIT(0.01)\nADD_PERCEPTION(0.14)				0	
21908	999	0		0.0				ADD_AGILITY(0.14)\nADD_POWERHIT(0.01)\nADD_INTELLECT(0.14)				0	
21909	999	0		0.0				ADD_AGILITY(0.14)\nADD_POWERHIT(0.01)\nADD_ANTI_POWERHIT(0.01)				0	
21910	999	0		0.0				ADD_AGILITY(0.14)\nADD_POWERHIT(0.01)\nADD_MULTIPLY_POWERDAM(0.1)				0	
21911	999	0		0.0				ADD_AGILITY(0.14)\nADD_POWERHIT(0.01)\nADD_ABSORB_POWERDAM(0.1)				0	
21912	999	0		0.0				ADD_AGILITY(0.14)\nADD_POWERHIT(0.01)\nADD_ABSORB_SHIELD(0.1)				0	
21913	999	0		0.0				ADD_PERCEPTION(0.14)\nADD_STRENGH(0.04)\nADD_CONSITUTION(0.14)				0	
21914	999	0		0.0				ADD_PERCEPTION(0.14)\nADD_STRENGH(0.04)\nADD_AGILITY(0.14)				0	
21915	999	0		0.0				ADD_PERCEPTION(0.14)\nADD_STRENGH(0.04)\nADD_INTELLECT(0.14)				0	
21916	999	0		0.0				ADD_PERCEPTION(0.14)\nADD_STRENGH(0.04)\nADD_ANTI_POWERHIT(0.01)				0	
21917	999	0		0.0				ADD_PERCEPTION(0.14)\nADD_STRENGH(0.04)\nADD_MULTIPLY_POWERDAM(0.1)				0	
21918	999	0		0.0				ADD_PERCEPTION(0.14)\nADD_STRENGH(0.04)\nADD_ABSORB_POWERDAM(0.1)				0	
21919	999	0		0.0				ADD_PERCEPTION(0.14)\nADD_STRENGH(0.04)\nADD_ABSORB_SHIELD(0.1)				0	
21920	999	0		0.0				ADD_PERCEPTION(0.14)\nADD_CONSITUTION(0.04)\nADD_STRENGH(0.14)				0	
21921	999	0		0.0				ADD_PERCEPTION(0.14)\nADD_CONSITUTION(0.04)\nADD_AGILITY(0.14)				0	
21922	999	0		0.0				ADD_PERCEPTION(0.14)\nADD_CONSITUTION(0.04)\nADD_INTELLECT(0.14)				0	
21923	999	0		0.0				ADD_PERCEPTION(0.14)\nADD_CONSITUTION(0.04)\nADD_ANTI_POWERHIT(0.01)				0	
21924	999	0		0.0				ADD_PERCEPTION(0.14)\nADD_CONSITUTION(0.04)\nADD_MULTIPLY_POWERDAM(0.1)				0	
21925	999	0		0.0				ADD_PERCEPTION(0.14)\nADD_CONSITUTION(0.04)\nADD_ABSORB_POWERDAM(0.1)				0	
21926	999	0		0.0				ADD_PERCEPTION(0.14)\nADD_CONSITUTION(0.04)\nADD_ABSORB_SHIELD(0.1)				0	
21927	999	0		0.0				ADD_PERCEPTION(0.14)\nADD_AGILITY(0.04)\nADD_STRENGH(0.14)				0	
21928	999	0		0.0				ADD_PERCEPTION(0.14)\nADD_AGILITY(0.04)\nADD_CONSITUTION(0.14)				0	
21929	999	0		0.0				ADD_PERCEPTION(0.14)\nADD_AGILITY(0.04)\nADD_INTELLECT(0.14)				0	
21930	999	0		0.0				ADD_PERCEPTION(0.14)\nADD_AGILITY(0.04)\nADD_ANTI_POWERHIT(0.01)				0	
21931	999	0		0.0				ADD_PERCEPTION(0.14)\nADD_AGILITY(0.04)\nADD_MULTIPLY_POWERDAM(0.1)				0	
21932	999	0		0.0				ADD_PERCEPTION(0.14)\nADD_AGILITY(0.04)\nADD_ABSORB_POWERDAM(0.1)				0	
21933	999	0		0.0				ADD_PERCEPTION(0.14)\nADD_AGILITY(0.04)\nADD_ABSORB_SHIELD(0.1)				0	
21934	999	0		0.0				ADD_PERCEPTION(0.14)\nADD_INTELLECT(0.04)\nADD_STRENGH(0.14)				0	
21935	999	0		0.0				ADD_PERCEPTION(0.14)\nADD_INTELLECT(0.04)\nADD_CONSITUTION(0.14)				0	
21936	999	0		0.0				ADD_PERCEPTION(0.14)\nADD_INTELLECT(0.04)\nADD_AGILITY(0.14)				0	
21937	999	0		0.0				ADD_PERCEPTION(0.14)\nADD_INTELLECT(0.04)\nADD_ANTI_POWERHIT(0.01)				0	
21938	999	0		0.0				ADD_PERCEPTION(0.14)\nADD_INTELLECT(0.04)\nADD_MULTIPLY_POWERDAM(0.1)				0	
21939	999	0		0.0				ADD_PERCEPTION(0.14)\nADD_INTELLECT(0.04)\nADD_ABSORB_POWERDAM(0.1)				0	
21940	999	0		0.0				ADD_PERCEPTION(0.14)\nADD_INTELLECT(0.04)\nADD_ABSORB_SHIELD(0.1)				0	
21941	999	0		0.0				ADD_PERCEPTION(0.14)\nADD_HPMAX(0.06)\nADD_STRENGH(0.14)				0	
21942	999	0		0.0				ADD_PERCEPTION(0.14)\nADD_HPMAX(0.06)\nADD_CONSITUTION(0.14)				0	
21943	999	0		0.0				ADD_PERCEPTION(0.14)\nADD_HPMAX(0.06)\nADD_AGILITY(0.14)				0	
21944	999	0		0.0				ADD_PERCEPTION(0.14)\nADD_HPMAX(0.06)\nADD_INTELLECT(0.14)				0	
21945	999	0		0.0				ADD_PERCEPTION(0.14)\nADD_HPMAX(0.06)\nADD_ANTI_POWERHIT(0.01)				0	
21946	999	0		0.0				ADD_PERCEPTION(0.14)\nADD_HPMAX(0.06)\nADD_MULTIPLY_POWERDAM(0.1)				0	
21947	999	0		0.0				ADD_PERCEPTION(0.14)\nADD_HPMAX(0.06)\nADD_ABSORB_POWERDAM(0.1)				0	
21948	999	0		0.0				ADD_PERCEPTION(0.14)\nADD_HPMAX(0.06)\nADD_ABSORB_SHIELD(0.1)				0	
21949	999	0		0.0				ADD_PERCEPTION(0.14)\nADD_DAMMIPHYSICS(0.05)\nADD_STRENGH(0.14)				0	
21950	999	0		0.0				ADD_PERCEPTION(0.14)\nADD_DAMMIPHYSICS(0.05)\nADD_CONSITUTION(0.14)				0	
21951	999	0		0.0				ADD_PERCEPTION(0.14)\nADD_DAMMIPHYSICS(0.05)\nADD_AGILITY(0.14)				0	
21952	999	0		0.0				ADD_PERCEPTION(0.14)\nADD_DAMMIPHYSICS(0.05)\nADD_INTELLECT(0.14)				0	
21953	999	0		0.0				ADD_PERCEPTION(0.14)\nADD_DAMMIPHYSICS(0.05)\nADD_ANTI_POWERHIT(0.01)				0	
21954	999	0		0.0				ADD_PERCEPTION(0.14)\nADD_DAMMIPHYSICS(0.05)\nADD_MULTIPLY_POWERDAM(0.1)				0	
21955	999	0		0.0				ADD_PERCEPTION(0.14)\nADD_DAMMIPHYSICS(0.05)\nADD_ABSORB_POWERDAM(0.1)				0	
21956	999	0		0.0				ADD_PERCEPTION(0.14)\nADD_DAMMIPHYSICS(0.05)\nADD_ABSORB_SHIELD(0.1)				0	
21957	999	0		0.0				ADD_PERCEPTION(0.14)\nADD_DAMMIMAGIC(0.05)\nADD_STRENGH(0.14)				0	
21958	999	0		0.0				ADD_PERCEPTION(0.14)\nADD_DAMMIMAGIC(0.05)\nADD_CONSITUTION(0.14)				0	
21959	999	0		0.0				ADD_PERCEPTION(0.14)\nADD_DAMMIMAGIC(0.05)\nADD_AGILITY(0.14)				0	
21960	999	0		0.0				ADD_PERCEPTION(0.14)\nADD_DAMMIMAGIC(0.05)\nADD_INTELLECT(0.14)				0	
21961	999	0		0.0				ADD_PERCEPTION(0.14)\nADD_DAMMIMAGIC(0.05)\nADD_ANTI_POWERHIT(0.01)				0	
21962	999	0		0.0				ADD_PERCEPTION(0.14)\nADD_DAMMIMAGIC(0.05)\nADD_MULTIPLY_POWERDAM(0.1)				0	
21963	999	0		0.0				ADD_PERCEPTION(0.14)\nADD_DAMMIMAGIC(0.05)\nADD_ABSORB_POWERDAM(0.1)				0	
21964	999	0		0.0				ADD_PERCEPTION(0.14)\nADD_DAMMIMAGIC(0.05)\nADD_ABSORB_SHIELD(0.1)				0	
21965	999	0		0.0				ADD_PERCEPTION(0.14)\nADD_AC_PHYSICS(0.16)\nADD_STRENGH(0.14)				0	
21966	999	0		0.0				ADD_PERCEPTION(0.14)\nADD_AC_PHYSICS(0.16)\nADD_CONSITUTION(0.14)				0	
21967	999	0		0.0				ADD_PERCEPTION(0.14)\nADD_AC_PHYSICS(0.16)\nADD_AGILITY(0.14)				0	
21968	999	0		0.0				ADD_PERCEPTION(0.14)\nADD_AC_PHYSICS(0.16)\nADD_INTELLECT(0.14)				0	
21969	999	0		0.0				ADD_PERCEPTION(0.14)\nADD_AC_PHYSICS(0.16)\nADD_ANTI_POWERHIT(0.01)				0	
21970	999	0		0.0				ADD_PERCEPTION(0.14)\nADD_AC_PHYSICS(0.16)\nADD_MULTIPLY_POWERDAM(0.1)				0	
21971	999	0		0.0				ADD_PERCEPTION(0.14)\nADD_AC_PHYSICS(0.16)\nADD_ABSORB_POWERDAM(0.1)				0	
21972	999	0		0.0				ADD_PERCEPTION(0.14)\nADD_AC_PHYSICS(0.16)\nADD_ABSORB_SHIELD(0.1)				0	
21973	999	0		0.0				ADD_PERCEPTION(0.14)\nADD_AC_MAGIC(0.16)\nADD_STRENGH(0.14)				0	
21974	999	0		0.0				ADD_PERCEPTION(0.14)\nADD_AC_MAGIC(0.16)\nADD_CONSITUTION(0.14)				0	
21975	999	0		0.0				ADD_PERCEPTION(0.14)\nADD_AC_MAGIC(0.16)\nADD_AGILITY(0.14)				0	
21976	999	0		0.0				ADD_PERCEPTION(0.14)\nADD_AC_MAGIC(0.16)\nADD_INTELLECT(0.14)				0	
21977	999	0		0.0				ADD_PERCEPTION(0.14)\nADD_AC_MAGIC(0.16)\nADD_ANTI_POWERHIT(0.01)				0	
21978	999	0		0.0				ADD_PERCEPTION(0.14)\nADD_AC_MAGIC(0.16)\nADD_MULTIPLY_POWERDAM(0.1)				0	
21979	999	0		0.0				ADD_PERCEPTION(0.14)\nADD_AC_MAGIC(0.16)\nADD_ABSORB_POWERDAM(0.1)				0	
21980	999	0		0.0				ADD_PERCEPTION(0.14)\nADD_AC_MAGIC(0.16)\nADD_ABSORB_SHIELD(0.1)				0	
21981	999	0		0.0				ADD_PERCEPTION(0.14)\nADD_PENETRATE_PHYSICS(0.15)\nADD_STRENGH(0.14)				0	
21982	999	0		0.0				ADD_PERCEPTION(0.14)\nADD_PENETRATE_PHYSICS(0.15)\nADD_CONSITUTION(0.14)				0	
21983	999	0		0.0				ADD_PERCEPTION(0.14)\nADD_PENETRATE_PHYSICS(0.15)\nADD_AGILITY(0.14)				0	
21984	999	0		0.0				ADD_PERCEPTION(0.14)\nADD_PENETRATE_PHYSICS(0.15)\nADD_INTELLECT(0.14)				0	
21985	999	0		0.0				ADD_PERCEPTION(0.14)\nADD_PENETRATE_PHYSICS(0.15)\nADD_ANTI_POWERHIT(0.01)				0	
21986	999	0		0.0				ADD_PERCEPTION(0.14)\nADD_PENETRATE_PHYSICS(0.15)\nADD_MULTIPLY_POWERDAM(0.1)				0	
21987	999	0		0.0				ADD_PERCEPTION(0.14)\nADD_PENETRATE_PHYSICS(0.15)\nADD_ABSORB_POWERDAM(0.1)				0	
21988	999	0		0.0				ADD_PERCEPTION(0.14)\nADD_PENETRATE_PHYSICS(0.15)\nADD_ABSORB_SHIELD(0.1)				0	
21989	999	0		0.0				ADD_PERCEPTION(0.14)\nADD_PENETRATE_MAGIC(0.15)\nADD_STRENGH(0.14)				0	
21990	999	0		0.0				ADD_PERCEPTION(0.14)\nADD_PENETRATE_MAGIC(0.15)\nADD_CONSITUTION(0.14)				0	
21991	999	0		0.0				ADD_PERCEPTION(0.14)\nADD_PENETRATE_MAGIC(0.15)\nADD_AGILITY(0.14)				0	
21992	999	0		0.0				ADD_PERCEPTION(0.14)\nADD_PENETRATE_MAGIC(0.15)\nADD_INTELLECT(0.14)				0	
21993	999	0		0.0				ADD_PERCEPTION(0.14)\nADD_PENETRATE_MAGIC(0.15)\nADD_ANTI_POWERHIT(0.01)				0	
21994	999	0		0.0				ADD_PERCEPTION(0.14)\nADD_PENETRATE_MAGIC(0.15)\nADD_MULTIPLY_POWERDAM(0.1)				0	
21995	999	0		0.0				ADD_PERCEPTION(0.14)\nADD_PENETRATE_MAGIC(0.15)\nADD_ABSORB_POWERDAM(0.1)				0	
21996	999	0		0.0				ADD_PERCEPTION(0.14)\nADD_PENETRATE_MAGIC(0.15)\nADD_ABSORB_SHIELD(0.1)				0	
21997	999	0		0.0				ADD_PERCEPTION(0.14)\nADD_HITRATE(0.003)\nADD_STRENGH(0.14)				0	
21998	999	0		0.0				ADD_PERCEPTION(0.14)\nADD_HITRATE(0.003)\nADD_CONSITUTION(0.14)				0	
21999	999	0		0.0				ADD_PERCEPTION(0.14)\nADD_HITRATE(0.003)\nADD_AGILITY(0.14)				0	
22000	999	0		0.0				ADD_PERCEPTION(0.14)\nADD_HITRATE(0.003)\nADD_INTELLECT(0.14)				0	
22001	999	0		0.0				ADD_PERCEPTION(0.14)\nADD_HITRATE(0.003)\nADD_ANTI_POWERHIT(0.01)				0	
22002	999	0		0.0				ADD_PERCEPTION(0.14)\nADD_HITRATE(0.003)\nADD_MULTIPLY_POWERDAM(0.1)				0	
22003	999	0		0.0				ADD_PERCEPTION(0.14)\nADD_HITRATE(0.003)\nADD_ABSORB_POWERDAM(0.1)				0	
22004	999	0		0.0				ADD_PERCEPTION(0.14)\nADD_HITRATE(0.003)\nADD_ABSORB_SHIELD(0.1)				0	
22005	999	0		0.0				ADD_PERCEPTION(0.14)\nADD_DODGE(0.003)\nADD_STRENGH(0.14)				0	
22006	999	0		0.0				ADD_PERCEPTION(0.14)\nADD_DODGE(0.003)\nADD_CONSITUTION(0.14)				0	
22007	999	0		0.0				ADD_PERCEPTION(0.14)\nADD_DODGE(0.003)\nADD_AGILITY(0.14)				0	
22008	999	0		0.0				ADD_PERCEPTION(0.14)\nADD_DODGE(0.003)\nADD_INTELLECT(0.14)				0	
22009	999	0		0.0				ADD_PERCEPTION(0.14)\nADD_DODGE(0.003)\nADD_ANTI_POWERHIT(0.01)				0	
22010	999	0		0.0				ADD_PERCEPTION(0.14)\nADD_DODGE(0.003)\nADD_MULTIPLY_POWERDAM(0.1)				0	
22011	999	0		0.0				ADD_PERCEPTION(0.14)\nADD_DODGE(0.003)\nADD_ABSORB_POWERDAM(0.1)				0	
22012	999	0		0.0				ADD_PERCEPTION(0.14)\nADD_DODGE(0.003)\nADD_ABSORB_SHIELD(0.1)				0	
22013	999	0		0.0				ADD_PERCEPTION(0.14)\nADD_POWERHIT(0.003)\nADD_STRENGH(0.14)				0	
22014	999	0		0.0				ADD_PERCEPTION(0.14)\nADD_POWERHIT(0.003)\nADD_CONSITUTION(0.14)				0	
22015	999	0		0.0				ADD_PERCEPTION(0.14)\nADD_POWERHIT(0.003)\nADD_AGILITY(0.14)				0	
22016	999	0		0.0				ADD_PERCEPTION(0.14)\nADD_POWERHIT(0.003)\nADD_INTELLECT(0.14)				0	
22017	999	0		0.0				ADD_PERCEPTION(0.14)\nADD_POWERHIT(0.003)\nADD_ANTI_POWERHIT(0.01)				0	
22018	999	0		0.0				ADD_PERCEPTION(0.14)\nADD_POWERHIT(0.003)\nADD_MULTIPLY_POWERDAM(0.1)				0	
22019	999	0		0.0				ADD_PERCEPTION(0.14)\nADD_POWERHIT(0.003)\nADD_ABSORB_POWERDAM(0.1)				0	
22020	999	0		0.0				ADD_PERCEPTION(0.14)\nADD_POWERHIT(0.003)\nADD_ABSORB_SHIELD(0.1)				0	
22021	999	0		0.0				ADD_PERCEPTION(0.14)\nADD_STRENGH(0.09)\nADD_CONSITUTION(0.14)				0	
22022	999	0		0.0				ADD_PERCEPTION(0.14)\nADD_STRENGH(0.09)\nADD_AGILITY(0.14)				0	
22023	999	0		0.0				ADD_PERCEPTION(0.14)\nADD_STRENGH(0.09)\nADD_INTELLECT(0.14)				0	
22024	999	0		0.0				ADD_PERCEPTION(0.14)\nADD_STRENGH(0.09)\nADD_ANTI_POWERHIT(0.01)				0	
22025	999	0		0.0				ADD_PERCEPTION(0.14)\nADD_STRENGH(0.09)\nADD_MULTIPLY_POWERDAM(0.1)				0	
22026	999	0		0.0				ADD_PERCEPTION(0.14)\nADD_STRENGH(0.09)\nADD_ABSORB_POWERDAM(0.1)				0	
22027	999	0		0.0				ADD_PERCEPTION(0.14)\nADD_STRENGH(0.09)\nADD_ABSORB_SHIELD(0.1)				0	
22028	999	0		0.0				ADD_PERCEPTION(0.14)\nADD_CONSITUTION(0.09)\nADD_STRENGH(0.14)				0	
22029	999	0		0.0				ADD_PERCEPTION(0.14)\nADD_CONSITUTION(0.09)\nADD_AGILITY(0.14)				0	
22030	999	0		0.0				ADD_PERCEPTION(0.14)\nADD_CONSITUTION(0.09)\nADD_INTELLECT(0.14)				0	
22031	999	0		0.0				ADD_PERCEPTION(0.14)\nADD_CONSITUTION(0.09)\nADD_ANTI_POWERHIT(0.01)				0	
22032	999	0		0.0				ADD_PERCEPTION(0.14)\nADD_CONSITUTION(0.09)\nADD_MULTIPLY_POWERDAM(0.1)				0	
22033	999	0		0.0				ADD_PERCEPTION(0.14)\nADD_CONSITUTION(0.09)\nADD_ABSORB_POWERDAM(0.1)				0	
22034	999	0		0.0				ADD_PERCEPTION(0.14)\nADD_CONSITUTION(0.09)\nADD_ABSORB_SHIELD(0.1)				0	
22035	999	0		0.0				ADD_PERCEPTION(0.14)\nADD_AGILITY(0.09)\nADD_STRENGH(0.14)				0	
22036	999	0		0.0				ADD_PERCEPTION(0.14)\nADD_AGILITY(0.09)\nADD_CONSITUTION(0.14)				0	
22037	999	0		0.0				ADD_PERCEPTION(0.14)\nADD_AGILITY(0.09)\nADD_INTELLECT(0.14)				0	
22038	999	0		0.0				ADD_PERCEPTION(0.14)\nADD_AGILITY(0.09)\nADD_ANTI_POWERHIT(0.01)				0	
22039	999	0		0.0				ADD_PERCEPTION(0.14)\nADD_AGILITY(0.09)\nADD_MULTIPLY_POWERDAM(0.1)				0	
22040	999	0		0.0				ADD_PERCEPTION(0.14)\nADD_AGILITY(0.09)\nADD_ABSORB_POWERDAM(0.1)				0	
22041	999	0		0.0				ADD_PERCEPTION(0.14)\nADD_AGILITY(0.09)\nADD_ABSORB_SHIELD(0.1)				0	
22042	999	0		0.0				ADD_PERCEPTION(0.14)\nADD_INTELLECT(0.09)\nADD_STRENGH(0.14)				0	
22043	999	0		0.0				ADD_PERCEPTION(0.14)\nADD_INTELLECT(0.09)\nADD_CONSITUTION(0.14)				0	
22044	999	0		0.0				ADD_PERCEPTION(0.14)\nADD_INTELLECT(0.09)\nADD_AGILITY(0.14)				0	
22045	999	0		0.0				ADD_PERCEPTION(0.14)\nADD_INTELLECT(0.09)\nADD_ANTI_POWERHIT(0.01)				0	
22046	999	0		0.0				ADD_PERCEPTION(0.14)\nADD_INTELLECT(0.09)\nADD_MULTIPLY_POWERDAM(0.1)				0	
22047	999	0		0.0				ADD_PERCEPTION(0.14)\nADD_INTELLECT(0.09)\nADD_ABSORB_POWERDAM(0.1)				0	
22048	999	0		0.0				ADD_PERCEPTION(0.14)\nADD_INTELLECT(0.09)\nADD_ABSORB_SHIELD(0.1)				0	
22049	999	0		0.0				ADD_PERCEPTION(0.14)\nADD_HPMAX(0.12)\nADD_STRENGH(0.14)				0	
22050	999	0		0.0				ADD_PERCEPTION(0.14)\nADD_HPMAX(0.12)\nADD_CONSITUTION(0.14)				0	
22051	999	0		0.0				ADD_PERCEPTION(0.14)\nADD_HPMAX(0.12)\nADD_AGILITY(0.14)				0	
22052	999	0		0.0				ADD_PERCEPTION(0.14)\nADD_HPMAX(0.12)\nADD_INTELLECT(0.14)				0	
22053	999	0		0.0				ADD_PERCEPTION(0.14)\nADD_HPMAX(0.12)\nADD_ANTI_POWERHIT(0.01)				0	
22054	999	0		0.0				ADD_PERCEPTION(0.14)\nADD_HPMAX(0.12)\nADD_MULTIPLY_POWERDAM(0.1)				0	
22055	999	0		0.0				ADD_PERCEPTION(0.14)\nADD_HPMAX(0.12)\nADD_ABSORB_POWERDAM(0.1)				0	
22056	999	0		0.0				ADD_PERCEPTION(0.14)\nADD_HPMAX(0.12)\nADD_ABSORB_SHIELD(0.1)				0	
22057	999	0		0.0				ADD_PERCEPTION(0.14)\nADD_DAMMIPHYSICS(0.1)\nADD_STRENGH(0.14)				0	
22058	999	0		0.0				ADD_PERCEPTION(0.14)\nADD_DAMMIPHYSICS(0.1)\nADD_CONSITUTION(0.14)				0	
22059	999	0		0.0				ADD_PERCEPTION(0.14)\nADD_DAMMIPHYSICS(0.1)\nADD_AGILITY(0.14)				0	
22060	999	0		0.0				ADD_PERCEPTION(0.14)\nADD_DAMMIPHYSICS(0.1)\nADD_INTELLECT(0.14)				0	
22061	999	0		0.0				ADD_PERCEPTION(0.14)\nADD_DAMMIPHYSICS(0.1)\nADD_ANTI_POWERHIT(0.01)				0	
22062	999	0		0.0				ADD_PERCEPTION(0.14)\nADD_DAMMIPHYSICS(0.1)\nADD_MULTIPLY_POWERDAM(0.1)				0	
22063	999	0		0.0				ADD_PERCEPTION(0.14)\nADD_DAMMIPHYSICS(0.1)\nADD_ABSORB_POWERDAM(0.1)				0	
22064	999	0		0.0				ADD_PERCEPTION(0.14)\nADD_DAMMIPHYSICS(0.1)\nADD_ABSORB_SHIELD(0.1)				0	
22065	999	0		0.0				ADD_PERCEPTION(0.14)\nADD_DAMMIMAGIC(0.1)\nADD_STRENGH(0.14)				0	
22066	999	0		0.0				ADD_PERCEPTION(0.14)\nADD_DAMMIMAGIC(0.1)\nADD_CONSITUTION(0.14)				0	
22067	999	0		0.0				ADD_PERCEPTION(0.14)\nADD_DAMMIMAGIC(0.1)\nADD_AGILITY(0.14)				0	
22068	999	0		0.0				ADD_PERCEPTION(0.14)\nADD_DAMMIMAGIC(0.1)\nADD_INTELLECT(0.14)				0	
22069	999	0		0.0				ADD_PERCEPTION(0.14)\nADD_DAMMIMAGIC(0.1)\nADD_ANTI_POWERHIT(0.01)				0	
22070	999	0		0.0				ADD_PERCEPTION(0.14)\nADD_DAMMIMAGIC(0.1)\nADD_MULTIPLY_POWERDAM(0.1)				0	
22071	999	0		0.0				ADD_PERCEPTION(0.14)\nADD_DAMMIMAGIC(0.1)\nADD_ABSORB_POWERDAM(0.1)				0	
22072	999	0		0.0				ADD_PERCEPTION(0.14)\nADD_DAMMIMAGIC(0.1)\nADD_ABSORB_SHIELD(0.1)				0	
22073	999	0		0.0				ADD_PERCEPTION(0.14)\nADD_AC_PHYSICS(0.32)\nADD_STRENGH(0.14)				0	
22074	999	0		0.0				ADD_PERCEPTION(0.14)\nADD_AC_PHYSICS(0.32)\nADD_CONSITUTION(0.14)				0	
22075	999	0		0.0				ADD_PERCEPTION(0.14)\nADD_AC_PHYSICS(0.32)\nADD_AGILITY(0.14)				0	
22076	999	0		0.0				ADD_PERCEPTION(0.14)\nADD_AC_PHYSICS(0.32)\nADD_INTELLECT(0.14)				0	
22077	999	0		0.0				ADD_PERCEPTION(0.14)\nADD_AC_PHYSICS(0.32)\nADD_ANTI_POWERHIT(0.01)				0	
22078	999	0		0.0				ADD_PERCEPTION(0.14)\nADD_AC_PHYSICS(0.32)\nADD_MULTIPLY_POWERDAM(0.1)				0	
22079	999	0		0.0				ADD_PERCEPTION(0.14)\nADD_AC_PHYSICS(0.32)\nADD_ABSORB_POWERDAM(0.1)				0	
22080	999	0		0.0				ADD_PERCEPTION(0.14)\nADD_AC_PHYSICS(0.32)\nADD_ABSORB_SHIELD(0.1)				0	
22081	999	0		0.0				ADD_PERCEPTION(0.14)\nADD_AC_MAGIC(0.32)\nADD_STRENGH(0.14)				0	
22082	999	0		0.0				ADD_PERCEPTION(0.14)\nADD_AC_MAGIC(0.32)\nADD_CONSITUTION(0.14)				0	
22083	999	0		0.0				ADD_PERCEPTION(0.14)\nADD_AC_MAGIC(0.32)\nADD_AGILITY(0.14)				0	
22084	999	0		0.0				ADD_PERCEPTION(0.14)\nADD_AC_MAGIC(0.32)\nADD_INTELLECT(0.14)				0	
22085	999	0		0.0				ADD_PERCEPTION(0.14)\nADD_AC_MAGIC(0.32)\nADD_ANTI_POWERHIT(0.01)				0	
22086	999	0		0.0				ADD_PERCEPTION(0.14)\nADD_AC_MAGIC(0.32)\nADD_MULTIPLY_POWERDAM(0.1)				0	
22087	999	0		0.0				ADD_PERCEPTION(0.14)\nADD_AC_MAGIC(0.32)\nADD_ABSORB_POWERDAM(0.1)				0	
22088	999	0		0.0				ADD_PERCEPTION(0.14)\nADD_AC_MAGIC(0.32)\nADD_ABSORB_SHIELD(0.1)				0	
22089	999	0		0.0				ADD_PERCEPTION(0.14)\nADD_PENETRATE_PHYSICS(0.3)\nADD_STRENGH(0.14)				0	
22090	999	0		0.0				ADD_PERCEPTION(0.14)\nADD_PENETRATE_PHYSICS(0.3)\nADD_CONSITUTION(0.14)				0	
22091	999	0		0.0				ADD_PERCEPTION(0.14)\nADD_PENETRATE_PHYSICS(0.3)\nADD_AGILITY(0.14)				0	
22092	999	0		0.0				ADD_PERCEPTION(0.14)\nADD_PENETRATE_PHYSICS(0.3)\nADD_INTELLECT(0.14)				0	
22093	999	0		0.0				ADD_PERCEPTION(0.14)\nADD_PENETRATE_PHYSICS(0.3)\nADD_ANTI_POWERHIT(0.01)				0	
22094	999	0		0.0				ADD_PERCEPTION(0.14)\nADD_PENETRATE_PHYSICS(0.3)\nADD_MULTIPLY_POWERDAM(0.1)				0	
22095	999	0		0.0				ADD_PERCEPTION(0.14)\nADD_PENETRATE_PHYSICS(0.3)\nADD_ABSORB_POWERDAM(0.1)				0	
22096	999	0		0.0				ADD_PERCEPTION(0.14)\nADD_PENETRATE_PHYSICS(0.3)\nADD_ABSORB_SHIELD(0.1)				0	
22097	999	0		0.0				ADD_PERCEPTION(0.14)\nADD_PENETRATE_MAGIC(0.3)\nADD_STRENGH(0.14)				0	
22098	999	0		0.0				ADD_PERCEPTION(0.14)\nADD_PENETRATE_MAGIC(0.3)\nADD_CONSITUTION(0.14)				0	
22099	999	0		0.0				ADD_PERCEPTION(0.14)\nADD_PENETRATE_MAGIC(0.3)\nADD_AGILITY(0.14)				0	
22100	999	0		0.0				ADD_PERCEPTION(0.14)\nADD_PENETRATE_MAGIC(0.3)\nADD_INTELLECT(0.14)				0	
22101	999	0		0.0				ADD_PERCEPTION(0.14)\nADD_PENETRATE_MAGIC(0.3)\nADD_ANTI_POWERHIT(0.01)				0	
22102	999	0		0.0				ADD_PERCEPTION(0.14)\nADD_PENETRATE_MAGIC(0.3)\nADD_MULTIPLY_POWERDAM(0.1)				0	
22103	999	0		0.0				ADD_PERCEPTION(0.14)\nADD_PENETRATE_MAGIC(0.3)\nADD_ABSORB_POWERDAM(0.1)				0	
22104	999	0		0.0				ADD_PERCEPTION(0.14)\nADD_PENETRATE_MAGIC(0.3)\nADD_ABSORB_SHIELD(0.1)				0	
22105	999	0		0.0				ADD_PERCEPTION(0.14)\nADD_HITRATE(0.006)\nADD_STRENGH(0.14)				0	
22106	999	0		0.0				ADD_PERCEPTION(0.14)\nADD_HITRATE(0.006)\nADD_CONSITUTION(0.14)				0	
22107	999	0		0.0				ADD_PERCEPTION(0.14)\nADD_HITRATE(0.006)\nADD_AGILITY(0.14)				0	
22108	999	0		0.0				ADD_PERCEPTION(0.14)\nADD_HITRATE(0.006)\nADD_INTELLECT(0.14)				0	
22109	999	0		0.0				ADD_PERCEPTION(0.14)\nADD_HITRATE(0.006)\nADD_ANTI_POWERHIT(0.01)				0	
22110	999	0		0.0				ADD_PERCEPTION(0.14)\nADD_HITRATE(0.006)\nADD_MULTIPLY_POWERDAM(0.1)				0	
22111	999	0		0.0				ADD_PERCEPTION(0.14)\nADD_HITRATE(0.006)\nADD_ABSORB_POWERDAM(0.1)				0	
22112	999	0		0.0				ADD_PERCEPTION(0.14)\nADD_HITRATE(0.006)\nADD_ABSORB_SHIELD(0.1)				0	
22113	999	0		0.0				ADD_PERCEPTION(0.14)\nADD_DODGE(0.006)\nADD_STRENGH(0.14)				0	
22114	999	0		0.0				ADD_PERCEPTION(0.14)\nADD_DODGE(0.006)\nADD_CONSITUTION(0.14)				0	
22115	999	0		0.0				ADD_PERCEPTION(0.14)\nADD_DODGE(0.006)\nADD_AGILITY(0.14)				0	
22116	999	0		0.0				ADD_PERCEPTION(0.14)\nADD_DODGE(0.006)\nADD_INTELLECT(0.14)				0	
22117	999	0		0.0				ADD_PERCEPTION(0.14)\nADD_DODGE(0.006)\nADD_ANTI_POWERHIT(0.01)				0	
22118	999	0		0.0				ADD_PERCEPTION(0.14)\nADD_DODGE(0.006)\nADD_MULTIPLY_POWERDAM(0.1)				0	
22119	999	0		0.0				ADD_PERCEPTION(0.14)\nADD_DODGE(0.006)\nADD_ABSORB_POWERDAM(0.1)				0	
22120	999	0		0.0				ADD_PERCEPTION(0.14)\nADD_DODGE(0.006)\nADD_ABSORB_SHIELD(0.1)				0	
22121	999	0		0.0				ADD_PERCEPTION(0.14)\nADD_POWERHIT(0.006)\nADD_STRENGH(0.14)				0	
22122	999	0		0.0				ADD_PERCEPTION(0.14)\nADD_POWERHIT(0.006)\nADD_CONSITUTION(0.14)				0	
22123	999	0		0.0				ADD_PERCEPTION(0.14)\nADD_POWERHIT(0.006)\nADD_AGILITY(0.14)				0	
22124	999	0		0.0				ADD_PERCEPTION(0.14)\nADD_POWERHIT(0.006)\nADD_INTELLECT(0.14)				0	
22125	999	0		0.0				ADD_PERCEPTION(0.14)\nADD_POWERHIT(0.006)\nADD_ANTI_POWERHIT(0.01)				0	
22126	999	0		0.0				ADD_PERCEPTION(0.14)\nADD_POWERHIT(0.006)\nADD_MULTIPLY_POWERDAM(0.1)				0	
22127	999	0		0.0				ADD_PERCEPTION(0.14)\nADD_POWERHIT(0.006)\nADD_ABSORB_POWERDAM(0.1)				0	
22128	999	0		0.0				ADD_PERCEPTION(0.14)\nADD_POWERHIT(0.006)\nADD_ABSORB_SHIELD(0.1)				0	
22129	999	0		0.0				ADD_PERCEPTION(0.14)\nADD_STRENGH(0.14)\nADD_CONSITUTION(0.14)				0	
22130	999	0		0.0				ADD_PERCEPTION(0.14)\nADD_STRENGH(0.14)\nADD_AGILITY(0.14)				0	
22131	999	0		0.0				ADD_PERCEPTION(0.14)\nADD_STRENGH(0.14)\nADD_INTELLECT(0.14)				0	
22132	999	0		0.0				ADD_PERCEPTION(0.14)\nADD_STRENGH(0.14)\nADD_ANTI_POWERHIT(0.01)				0	
22133	999	0		0.0				ADD_PERCEPTION(0.14)\nADD_STRENGH(0.14)\nADD_MULTIPLY_POWERDAM(0.1)				0	
22134	999	0		0.0				ADD_PERCEPTION(0.14)\nADD_STRENGH(0.14)\nADD_ABSORB_POWERDAM(0.1)				0	
22135	999	0		0.0				ADD_PERCEPTION(0.14)\nADD_STRENGH(0.14)\nADD_ABSORB_SHIELD(0.1)				0	
22136	999	0		0.0				ADD_PERCEPTION(0.14)\nADD_CONSITUTION(0.14)\nADD_STRENGH(0.14)				0	
22137	999	0		0.0				ADD_PERCEPTION(0.14)\nADD_CONSITUTION(0.14)\nADD_AGILITY(0.14)				0	
22138	999	0		0.0				ADD_PERCEPTION(0.14)\nADD_CONSITUTION(0.14)\nADD_INTELLECT(0.14)				0	
22139	999	0		0.0				ADD_PERCEPTION(0.14)\nADD_CONSITUTION(0.14)\nADD_ANTI_POWERHIT(0.01)				0	
22140	999	0		0.0				ADD_PERCEPTION(0.14)\nADD_CONSITUTION(0.14)\nADD_MULTIPLY_POWERDAM(0.1)				0	
22141	999	0		0.0				ADD_PERCEPTION(0.14)\nADD_CONSITUTION(0.14)\nADD_ABSORB_POWERDAM(0.1)				0	
22142	999	0		0.0				ADD_PERCEPTION(0.14)\nADD_CONSITUTION(0.14)\nADD_ABSORB_SHIELD(0.1)				0	
22143	999	0		0.0				ADD_PERCEPTION(0.14)\nADD_AGILITY(0.14)\nADD_STRENGH(0.14)				0	
22144	999	0		0.0				ADD_PERCEPTION(0.14)\nADD_AGILITY(0.14)\nADD_CONSITUTION(0.14)				0	
22145	999	0		0.0				ADD_PERCEPTION(0.14)\nADD_AGILITY(0.14)\nADD_INTELLECT(0.14)				0	
22146	999	0		0.0				ADD_PERCEPTION(0.14)\nADD_AGILITY(0.14)\nADD_ANTI_POWERHIT(0.01)				0	
22147	999	0		0.0				ADD_PERCEPTION(0.14)\nADD_AGILITY(0.14)\nADD_MULTIPLY_POWERDAM(0.1)				0	
22148	999	0		0.0				ADD_PERCEPTION(0.14)\nADD_AGILITY(0.14)\nADD_ABSORB_POWERDAM(0.1)				0	
22149	999	0		0.0				ADD_PERCEPTION(0.14)\nADD_AGILITY(0.14)\nADD_ABSORB_SHIELD(0.1)				0	
22150	999	0		0.0				ADD_PERCEPTION(0.14)\nADD_INTELLECT(0.14)\nADD_STRENGH(0.14)				0	
22151	999	0		0.0				ADD_PERCEPTION(0.14)\nADD_INTELLECT(0.14)\nADD_CONSITUTION(0.14)				0	
22152	999	0		0.0				ADD_PERCEPTION(0.14)\nADD_INTELLECT(0.14)\nADD_AGILITY(0.14)				0	
22153	999	0		0.0				ADD_PERCEPTION(0.14)\nADD_INTELLECT(0.14)\nADD_ANTI_POWERHIT(0.01)				0	
22154	999	0		0.0				ADD_PERCEPTION(0.14)\nADD_INTELLECT(0.14)\nADD_MULTIPLY_POWERDAM(0.1)				0	
22155	999	0		0.0				ADD_PERCEPTION(0.14)\nADD_INTELLECT(0.14)\nADD_ABSORB_POWERDAM(0.1)				0	
22156	999	0		0.0				ADD_PERCEPTION(0.14)\nADD_INTELLECT(0.14)\nADD_ABSORB_SHIELD(0.1)				0	
22157	999	0		0.0				ADD_PERCEPTION(0.14)\nADD_HPMAX(0.18)\nADD_STRENGH(0.14)				0	
22158	999	0		0.0				ADD_PERCEPTION(0.14)\nADD_HPMAX(0.18)\nADD_CONSITUTION(0.14)				0	
22159	999	0		0.0				ADD_PERCEPTION(0.14)\nADD_HPMAX(0.18)\nADD_AGILITY(0.14)				0	
22160	999	0		0.0				ADD_PERCEPTION(0.14)\nADD_HPMAX(0.18)\nADD_INTELLECT(0.14)				0	
22161	999	0		0.0				ADD_PERCEPTION(0.14)\nADD_HPMAX(0.18)\nADD_ANTI_POWERHIT(0.01)				0	
22162	999	0		0.0				ADD_PERCEPTION(0.14)\nADD_HPMAX(0.18)\nADD_MULTIPLY_POWERDAM(0.1)				0	
22163	999	0		0.0				ADD_PERCEPTION(0.14)\nADD_HPMAX(0.18)\nADD_ABSORB_POWERDAM(0.1)				0	
22164	999	0		0.0				ADD_PERCEPTION(0.14)\nADD_HPMAX(0.18)\nADD_ABSORB_SHIELD(0.1)				0	
22165	999	0		0.0				ADD_PERCEPTION(0.14)\nADD_DAMMIPHYSICS(0.15)\nADD_STRENGH(0.14)				0	
22166	999	0		0.0				ADD_PERCEPTION(0.14)\nADD_DAMMIPHYSICS(0.15)\nADD_CONSITUTION(0.14)				0	
22167	999	0		0.0				ADD_PERCEPTION(0.14)\nADD_DAMMIPHYSICS(0.15)\nADD_AGILITY(0.14)				0	
22168	999	0		0.0				ADD_PERCEPTION(0.14)\nADD_DAMMIPHYSICS(0.15)\nADD_INTELLECT(0.14)				0	
22169	999	0		0.0				ADD_PERCEPTION(0.14)\nADD_DAMMIPHYSICS(0.15)\nADD_ANTI_POWERHIT(0.01)				0	
22170	999	0		0.0				ADD_PERCEPTION(0.14)\nADD_DAMMIPHYSICS(0.15)\nADD_MULTIPLY_POWERDAM(0.1)				0	
22171	999	0		0.0				ADD_PERCEPTION(0.14)\nADD_DAMMIPHYSICS(0.15)\nADD_ABSORB_POWERDAM(0.1)				0	
22172	999	0		0.0				ADD_PERCEPTION(0.14)\nADD_DAMMIPHYSICS(0.15)\nADD_ABSORB_SHIELD(0.1)				0	
22173	999	0		0.0				ADD_PERCEPTION(0.14)\nADD_DAMMIMAGIC(0.15)\nADD_STRENGH(0.14)				0	
22174	999	0		0.0				ADD_PERCEPTION(0.14)\nADD_DAMMIMAGIC(0.15)\nADD_CONSITUTION(0.14)				0	
22175	999	0		0.0				ADD_PERCEPTION(0.14)\nADD_DAMMIMAGIC(0.15)\nADD_AGILITY(0.14)				0	
22176	999	0		0.0				ADD_PERCEPTION(0.14)\nADD_DAMMIMAGIC(0.15)\nADD_INTELLECT(0.14)				0	
22177	999	0		0.0				ADD_PERCEPTION(0.14)\nADD_DAMMIMAGIC(0.15)\nADD_ANTI_POWERHIT(0.01)				0	
22178	999	0		0.0				ADD_PERCEPTION(0.14)\nADD_DAMMIMAGIC(0.15)\nADD_MULTIPLY_POWERDAM(0.1)				0	
22179	999	0		0.0				ADD_PERCEPTION(0.14)\nADD_DAMMIMAGIC(0.15)\nADD_ABSORB_POWERDAM(0.1)				0	
22180	999	0		0.0				ADD_PERCEPTION(0.14)\nADD_DAMMIMAGIC(0.15)\nADD_ABSORB_SHIELD(0.1)				0	
22181	999	0		0.0				ADD_PERCEPTION(0.14)\nADD_AC_PHYSICS(0.5)\nADD_STRENGH(0.14)				0	
22182	999	0		0.0				ADD_PERCEPTION(0.14)\nADD_AC_PHYSICS(0.5)\nADD_CONSITUTION(0.14)				0	
22183	999	0		0.0				ADD_PERCEPTION(0.14)\nADD_AC_PHYSICS(0.5)\nADD_AGILITY(0.14)				0	
22184	999	0		0.0				ADD_PERCEPTION(0.14)\nADD_AC_PHYSICS(0.5)\nADD_INTELLECT(0.14)				0	
22185	999	0		0.0				ADD_PERCEPTION(0.14)\nADD_AC_PHYSICS(0.5)\nADD_ANTI_POWERHIT(0.01)				0	
22186	999	0		0.0				ADD_PERCEPTION(0.14)\nADD_AC_PHYSICS(0.5)\nADD_MULTIPLY_POWERDAM(0.1)				0	
22187	999	0		0.0				ADD_PERCEPTION(0.14)\nADD_AC_PHYSICS(0.5)\nADD_ABSORB_POWERDAM(0.1)				0	
22188	999	0		0.0				ADD_PERCEPTION(0.14)\nADD_AC_PHYSICS(0.5)\nADD_ABSORB_SHIELD(0.1)				0	
22189	999	0		0.0				ADD_PERCEPTION(0.14)\nADD_AC_MAGIC(0.5)\nADD_STRENGH(0.14)				0	
22190	999	0		0.0				ADD_PERCEPTION(0.14)\nADD_AC_MAGIC(0.5)\nADD_CONSITUTION(0.14)				0	
22191	999	0		0.0				ADD_PERCEPTION(0.14)\nADD_AC_MAGIC(0.5)\nADD_AGILITY(0.14)				0	
22192	999	0		0.0				ADD_PERCEPTION(0.14)\nADD_AC_MAGIC(0.5)\nADD_INTELLECT(0.14)				0	
22193	999	0		0.0				ADD_PERCEPTION(0.14)\nADD_AC_MAGIC(0.5)\nADD_ANTI_POWERHIT(0.01)				0	
22194	999	0		0.0				ADD_PERCEPTION(0.14)\nADD_AC_MAGIC(0.5)\nADD_MULTIPLY_POWERDAM(0.1)				0	
22195	999	0		0.0				ADD_PERCEPTION(0.14)\nADD_AC_MAGIC(0.5)\nADD_ABSORB_POWERDAM(0.1)				0	
22196	999	0		0.0				ADD_PERCEPTION(0.14)\nADD_AC_MAGIC(0.5)\nADD_ABSORB_SHIELD(0.1)				0	
22197	999	0		0.0				ADD_PERCEPTION(0.14)\nADD_PENETRATE_PHYSICS(0.45)\nADD_STRENGH(0.14)				0	
22198	999	0		0.0				ADD_PERCEPTION(0.14)\nADD_PENETRATE_PHYSICS(0.45)\nADD_CONSITUTION(0.14)				0	
22199	999	0		0.0				ADD_PERCEPTION(0.14)\nADD_PENETRATE_PHYSICS(0.45)\nADD_AGILITY(0.14)				0	
22200	999	0		0.0				ADD_PERCEPTION(0.14)\nADD_PENETRATE_PHYSICS(0.45)\nADD_INTELLECT(0.14)				0	
22201	999	0		0.0				ADD_PERCEPTION(0.14)\nADD_PENETRATE_PHYSICS(0.45)\nADD_ANTI_POWERHIT(0.01)				0	
22202	999	0		0.0				ADD_PERCEPTION(0.14)\nADD_PENETRATE_PHYSICS(0.45)\nADD_MULTIPLY_POWERDAM(0.1)				0	
22203	999	0		0.0				ADD_PERCEPTION(0.14)\nADD_PENETRATE_PHYSICS(0.45)\nADD_ABSORB_POWERDAM(0.1)				0	
22204	999	0		0.0				ADD_PERCEPTION(0.14)\nADD_PENETRATE_PHYSICS(0.45)\nADD_ABSORB_SHIELD(0.1)				0	
22205	999	0		0.0				ADD_PERCEPTION(0.14)\nADD_PENETRATE_MAGIC(0.45)\nADD_STRENGH(0.14)				0	
22206	999	0		0.0				ADD_PERCEPTION(0.14)\nADD_PENETRATE_MAGIC(0.45)\nADD_CONSITUTION(0.14)				0	
22207	999	0		0.0				ADD_PERCEPTION(0.14)\nADD_PENETRATE_MAGIC(0.45)\nADD_AGILITY(0.14)				0	
22208	999	0		0.0				ADD_PERCEPTION(0.14)\nADD_PENETRATE_MAGIC(0.45)\nADD_INTELLECT(0.14)				0	
22209	999	0		0.0				ADD_PERCEPTION(0.14)\nADD_PENETRATE_MAGIC(0.45)\nADD_ANTI_POWERHIT(0.01)				0	
22210	999	0		0.0				ADD_PERCEPTION(0.14)\nADD_PENETRATE_MAGIC(0.45)\nADD_MULTIPLY_POWERDAM(0.1)				0	
22211	999	0		0.0				ADD_PERCEPTION(0.14)\nADD_PENETRATE_MAGIC(0.45)\nADD_ABSORB_POWERDAM(0.1)				0	
22212	999	0		0.0				ADD_PERCEPTION(0.14)\nADD_PENETRATE_MAGIC(0.45)\nADD_ABSORB_SHIELD(0.1)				0	
22213	999	0		0.0				ADD_PERCEPTION(0.14)\nADD_HITRATE(0.01)\nADD_STRENGH(0.14)				0	
22214	999	0		0.0				ADD_PERCEPTION(0.14)\nADD_HITRATE(0.01)\nADD_CONSITUTION(0.14)				0	
22215	999	0		0.0				ADD_PERCEPTION(0.14)\nADD_HITRATE(0.01)\nADD_AGILITY(0.14)				0	
22216	999	0		0.0				ADD_PERCEPTION(0.14)\nADD_HITRATE(0.01)\nADD_INTELLECT(0.14)				0	
22217	999	0		0.0				ADD_PERCEPTION(0.14)\nADD_HITRATE(0.01)\nADD_ANTI_POWERHIT(0.01)				0	
22218	999	0		0.0				ADD_PERCEPTION(0.14)\nADD_HITRATE(0.01)\nADD_MULTIPLY_POWERDAM(0.1)				0	
22219	999	0		0.0				ADD_PERCEPTION(0.14)\nADD_HITRATE(0.01)\nADD_ABSORB_POWERDAM(0.1)				0	
22220	999	0		0.0				ADD_PERCEPTION(0.14)\nADD_HITRATE(0.01)\nADD_ABSORB_SHIELD(0.1)				0	
22221	999	0		0.0				ADD_PERCEPTION(0.14)\nADD_DODGE(0.01)\nADD_STRENGH(0.14)				0	
22222	999	0		0.0				ADD_PERCEPTION(0.14)\nADD_DODGE(0.01)\nADD_CONSITUTION(0.14)				0	
22223	999	0		0.0				ADD_PERCEPTION(0.14)\nADD_DODGE(0.01)\nADD_AGILITY(0.14)				0	
22224	999	0		0.0				ADD_PERCEPTION(0.14)\nADD_DODGE(0.01)\nADD_INTELLECT(0.14)				0	
22225	999	0		0.0				ADD_PERCEPTION(0.14)\nADD_DODGE(0.01)\nADD_ANTI_POWERHIT(0.01)				0	
22226	999	0		0.0				ADD_PERCEPTION(0.14)\nADD_DODGE(0.01)\nADD_MULTIPLY_POWERDAM(0.1)				0	
22227	999	0		0.0				ADD_PERCEPTION(0.14)\nADD_DODGE(0.01)\nADD_ABSORB_POWERDAM(0.1)				0	
22228	999	0		0.0				ADD_PERCEPTION(0.14)\nADD_DODGE(0.01)\nADD_ABSORB_SHIELD(0.1)				0	
22229	999	0		0.0				ADD_PERCEPTION(0.14)\nADD_POWERHIT(0.01)\nADD_STRENGH(0.14)				0	
22230	999	0		0.0				ADD_PERCEPTION(0.14)\nADD_POWERHIT(0.01)\nADD_CONSITUTION(0.14)				0	
22231	999	0		0.0				ADD_PERCEPTION(0.14)\nADD_POWERHIT(0.01)\nADD_AGILITY(0.14)				0	
22232	999	0		0.0				ADD_PERCEPTION(0.14)\nADD_POWERHIT(0.01)\nADD_INTELLECT(0.14)				0	
22233	999	0		0.0				ADD_PERCEPTION(0.14)\nADD_POWERHIT(0.01)\nADD_ANTI_POWERHIT(0.01)				0	
22234	999	0		0.0				ADD_PERCEPTION(0.14)\nADD_POWERHIT(0.01)\nADD_MULTIPLY_POWERDAM(0.1)				0	
22235	999	0		0.0				ADD_PERCEPTION(0.14)\nADD_POWERHIT(0.01)\nADD_ABSORB_POWERDAM(0.1)				0	
22236	999	0		0.0				ADD_PERCEPTION(0.14)\nADD_POWERHIT(0.01)\nADD_ABSORB_SHIELD(0.1)				0	
22237	999	0		0.0				ADD_INTELLECT(0.14)\nADD_STRENGH(0.04)\nADD_CONSITUTION(0.14)				0	
22238	999	0		0.0				ADD_INTELLECT(0.14)\nADD_STRENGH(0.04)\nADD_AGILITY(0.14)				0	
22239	999	0		0.0				ADD_INTELLECT(0.14)\nADD_STRENGH(0.04)\nADD_PERCEPTION(0.14)				0	
22240	999	0		0.0				ADD_INTELLECT(0.14)\nADD_STRENGH(0.04)\nADD_ANTI_POWERHIT(0.01)				0	
22241	999	0		0.0				ADD_INTELLECT(0.14)\nADD_STRENGH(0.04)\nADD_MULTIPLY_POWERDAM(0.1)				0	
22242	999	0		0.0				ADD_INTELLECT(0.14)\nADD_STRENGH(0.04)\nADD_ABSORB_POWERDAM(0.1)				0	
22243	999	0		0.0				ADD_INTELLECT(0.14)\nADD_STRENGH(0.04)\nADD_ABSORB_SHIELD(0.1)				0	
22244	999	0		0.0				ADD_INTELLECT(0.14)\nADD_CONSITUTION(0.04)\nADD_STRENGH(0.14)				0	
22245	999	0		0.0				ADD_INTELLECT(0.14)\nADD_CONSITUTION(0.04)\nADD_AGILITY(0.14)				0	
22246	999	0		0.0				ADD_INTELLECT(0.14)\nADD_CONSITUTION(0.04)\nADD_PERCEPTION(0.14)				0	
22247	999	0		0.0				ADD_INTELLECT(0.14)\nADD_CONSITUTION(0.04)\nADD_ANTI_POWERHIT(0.01)				0	
22248	999	0		0.0				ADD_INTELLECT(0.14)\nADD_CONSITUTION(0.04)\nADD_MULTIPLY_POWERDAM(0.1)				0	
22249	999	0		0.0				ADD_INTELLECT(0.14)\nADD_CONSITUTION(0.04)\nADD_ABSORB_POWERDAM(0.1)				0	
22250	999	0		0.0				ADD_INTELLECT(0.14)\nADD_CONSITUTION(0.04)\nADD_ABSORB_SHIELD(0.1)				0	
22251	999	0		0.0				ADD_INTELLECT(0.14)\nADD_AGILITY(0.04)\nADD_STRENGH(0.14)				0	
22252	999	0		0.0				ADD_INTELLECT(0.14)\nADD_AGILITY(0.04)\nADD_CONSITUTION(0.14)				0	
22253	999	0		0.0				ADD_INTELLECT(0.14)\nADD_AGILITY(0.04)\nADD_PERCEPTION(0.14)				0	
22254	999	0		0.0				ADD_INTELLECT(0.14)\nADD_AGILITY(0.04)\nADD_ANTI_POWERHIT(0.01)				0	
22255	999	0		0.0				ADD_INTELLECT(0.14)\nADD_AGILITY(0.04)\nADD_MULTIPLY_POWERDAM(0.1)				0	
22256	999	0		0.0				ADD_INTELLECT(0.14)\nADD_AGILITY(0.04)\nADD_ABSORB_POWERDAM(0.1)				0	
22257	999	0		0.0				ADD_INTELLECT(0.14)\nADD_AGILITY(0.04)\nADD_ABSORB_SHIELD(0.1)				0	
22258	999	0		0.0				ADD_INTELLECT(0.14)\nADD_PERCEPTION(0.04)\nADD_STRENGH(0.14)				0	
22259	999	0		0.0				ADD_INTELLECT(0.14)\nADD_PERCEPTION(0.04)\nADD_CONSITUTION(0.14)				0	
22260	999	0		0.0				ADD_INTELLECT(0.14)\nADD_PERCEPTION(0.04)\nADD_AGILITY(0.14)				0	
22261	999	0		0.0				ADD_INTELLECT(0.14)\nADD_PERCEPTION(0.04)\nADD_ANTI_POWERHIT(0.01)				0	
22262	999	0		0.0				ADD_INTELLECT(0.14)\nADD_PERCEPTION(0.04)\nADD_MULTIPLY_POWERDAM(0.1)				0	
22263	999	0		0.0				ADD_INTELLECT(0.14)\nADD_PERCEPTION(0.04)\nADD_ABSORB_POWERDAM(0.1)				0	
22264	999	0		0.0				ADD_INTELLECT(0.14)\nADD_PERCEPTION(0.04)\nADD_ABSORB_SHIELD(0.1)				0	
22265	999	0		0.0				ADD_INTELLECT(0.14)\nADD_HPMAX(0.06)\nADD_STRENGH(0.14)				0	
22266	999	0		0.0				ADD_INTELLECT(0.14)\nADD_HPMAX(0.06)\nADD_CONSITUTION(0.14)				0	
22267	999	0		0.0				ADD_INTELLECT(0.14)\nADD_HPMAX(0.06)\nADD_AGILITY(0.14)				0	
22268	999	0		0.0				ADD_INTELLECT(0.14)\nADD_HPMAX(0.06)\nADD_PERCEPTION(0.14)				0	
22269	999	0		0.0				ADD_INTELLECT(0.14)\nADD_HPMAX(0.06)\nADD_ANTI_POWERHIT(0.01)				0	
22270	999	0		0.0				ADD_INTELLECT(0.14)\nADD_HPMAX(0.06)\nADD_MULTIPLY_POWERDAM(0.1)				0	
22271	999	0		0.0				ADD_INTELLECT(0.14)\nADD_HPMAX(0.06)\nADD_ABSORB_POWERDAM(0.1)				0	
22272	999	0		0.0				ADD_INTELLECT(0.14)\nADD_HPMAX(0.06)\nADD_ABSORB_SHIELD(0.1)				0	
22273	999	0		0.0				ADD_INTELLECT(0.14)\nADD_DAMMIPHYSICS(0.05)\nADD_STRENGH(0.14)				0	
22274	999	0		0.0				ADD_INTELLECT(0.14)\nADD_DAMMIPHYSICS(0.05)\nADD_CONSITUTION(0.14)				0	
22275	999	0		0.0				ADD_INTELLECT(0.14)\nADD_DAMMIPHYSICS(0.05)\nADD_AGILITY(0.14)				0	
22276	999	0		0.0				ADD_INTELLECT(0.14)\nADD_DAMMIPHYSICS(0.05)\nADD_PERCEPTION(0.14)				0	
22277	999	0		0.0				ADD_INTELLECT(0.14)\nADD_DAMMIPHYSICS(0.05)\nADD_ANTI_POWERHIT(0.01)				0	
22278	999	0		0.0				ADD_INTELLECT(0.14)\nADD_DAMMIPHYSICS(0.05)\nADD_MULTIPLY_POWERDAM(0.1)				0	
22279	999	0		0.0				ADD_INTELLECT(0.14)\nADD_DAMMIPHYSICS(0.05)\nADD_ABSORB_POWERDAM(0.1)				0	
22280	999	0		0.0				ADD_INTELLECT(0.14)\nADD_DAMMIPHYSICS(0.05)\nADD_ABSORB_SHIELD(0.1)				0	
22281	999	0		0.0				ADD_INTELLECT(0.14)\nADD_DAMMIMAGIC(0.05)\nADD_STRENGH(0.14)				0	
22282	999	0		0.0				ADD_INTELLECT(0.14)\nADD_DAMMIMAGIC(0.05)\nADD_CONSITUTION(0.14)				0	
22283	999	0		0.0				ADD_INTELLECT(0.14)\nADD_DAMMIMAGIC(0.05)\nADD_AGILITY(0.14)				0	
22284	999	0		0.0				ADD_INTELLECT(0.14)\nADD_DAMMIMAGIC(0.05)\nADD_PERCEPTION(0.14)				0	
22285	999	0		0.0				ADD_INTELLECT(0.14)\nADD_DAMMIMAGIC(0.05)\nADD_ANTI_POWERHIT(0.01)				0	
22286	999	0		0.0				ADD_INTELLECT(0.14)\nADD_DAMMIMAGIC(0.05)\nADD_MULTIPLY_POWERDAM(0.1)				0	
22287	999	0		0.0				ADD_INTELLECT(0.14)\nADD_DAMMIMAGIC(0.05)\nADD_ABSORB_POWERDAM(0.1)				0	
22288	999	0		0.0				ADD_INTELLECT(0.14)\nADD_DAMMIMAGIC(0.05)\nADD_ABSORB_SHIELD(0.1)				0	
22289	999	0		0.0				ADD_INTELLECT(0.14)\nADD_AC_PHYSICS(0.16)\nADD_STRENGH(0.14)				0	
22290	999	0		0.0				ADD_INTELLECT(0.14)\nADD_AC_PHYSICS(0.16)\nADD_CONSITUTION(0.14)				0	
22291	999	0		0.0				ADD_INTELLECT(0.14)\nADD_AC_PHYSICS(0.16)\nADD_AGILITY(0.14)				0	
22292	999	0		0.0				ADD_INTELLECT(0.14)\nADD_AC_PHYSICS(0.16)\nADD_PERCEPTION(0.14)				0	
22293	999	0		0.0				ADD_INTELLECT(0.14)\nADD_AC_PHYSICS(0.16)\nADD_ANTI_POWERHIT(0.01)				0	
22294	999	0		0.0				ADD_INTELLECT(0.14)\nADD_AC_PHYSICS(0.16)\nADD_MULTIPLY_POWERDAM(0.1)				0	
22295	999	0		0.0				ADD_INTELLECT(0.14)\nADD_AC_PHYSICS(0.16)\nADD_ABSORB_POWERDAM(0.1)				0	
22296	999	0		0.0				ADD_INTELLECT(0.14)\nADD_AC_PHYSICS(0.16)\nADD_ABSORB_SHIELD(0.1)				0	
22297	999	0		0.0				ADD_INTELLECT(0.14)\nADD_AC_MAGIC(0.16)\nADD_STRENGH(0.14)				0	
22298	999	0		0.0				ADD_INTELLECT(0.14)\nADD_AC_MAGIC(0.16)\nADD_CONSITUTION(0.14)				0	
22299	999	0		0.0				ADD_INTELLECT(0.14)\nADD_AC_MAGIC(0.16)\nADD_AGILITY(0.14)				0	
22300	999	0		0.0				ADD_INTELLECT(0.14)\nADD_AC_MAGIC(0.16)\nADD_PERCEPTION(0.14)				0	
22301	999	0		0.0				ADD_INTELLECT(0.14)\nADD_AC_MAGIC(0.16)\nADD_ANTI_POWERHIT(0.01)				0	
22302	999	0		0.0				ADD_INTELLECT(0.14)\nADD_AC_MAGIC(0.16)\nADD_MULTIPLY_POWERDAM(0.1)				0	
22303	999	0		0.0				ADD_INTELLECT(0.14)\nADD_AC_MAGIC(0.16)\nADD_ABSORB_POWERDAM(0.1)				0	
22304	999	0		0.0				ADD_INTELLECT(0.14)\nADD_AC_MAGIC(0.16)\nADD_ABSORB_SHIELD(0.1)				0	
22305	999	0		0.0				ADD_INTELLECT(0.14)\nADD_PENETRATE_PHYSICS(0.15)\nADD_STRENGH(0.14)				0	
22306	999	0		0.0				ADD_INTELLECT(0.14)\nADD_PENETRATE_PHYSICS(0.15)\nADD_CONSITUTION(0.14)				0	
22307	999	0		0.0				ADD_INTELLECT(0.14)\nADD_PENETRATE_PHYSICS(0.15)\nADD_AGILITY(0.14)				0	
22308	999	0		0.0				ADD_INTELLECT(0.14)\nADD_PENETRATE_PHYSICS(0.15)\nADD_PERCEPTION(0.14)				0	
22309	999	0		0.0				ADD_INTELLECT(0.14)\nADD_PENETRATE_PHYSICS(0.15)\nADD_ANTI_POWERHIT(0.01)				0	
22310	999	0		0.0				ADD_INTELLECT(0.14)\nADD_PENETRATE_PHYSICS(0.15)\nADD_MULTIPLY_POWERDAM(0.1)				0	
22311	999	0		0.0				ADD_INTELLECT(0.14)\nADD_PENETRATE_PHYSICS(0.15)\nADD_ABSORB_POWERDAM(0.1)				0	
22312	999	0		0.0				ADD_INTELLECT(0.14)\nADD_PENETRATE_PHYSICS(0.15)\nADD_ABSORB_SHIELD(0.1)				0	
22313	999	0		0.0				ADD_INTELLECT(0.14)\nADD_PENETRATE_MAGIC(0.15)\nADD_STRENGH(0.14)				0	
22314	999	0		0.0				ADD_INTELLECT(0.14)\nADD_PENETRATE_MAGIC(0.15)\nADD_CONSITUTION(0.14)				0	
22315	999	0		0.0				ADD_INTELLECT(0.14)\nADD_PENETRATE_MAGIC(0.15)\nADD_AGILITY(0.14)				0	
22316	999	0		0.0				ADD_INTELLECT(0.14)\nADD_PENETRATE_MAGIC(0.15)\nADD_PERCEPTION(0.14)				0	
22317	999	0		0.0				ADD_INTELLECT(0.14)\nADD_PENETRATE_MAGIC(0.15)\nADD_ANTI_POWERHIT(0.01)				0	
22318	999	0		0.0				ADD_INTELLECT(0.14)\nADD_PENETRATE_MAGIC(0.15)\nADD_MULTIPLY_POWERDAM(0.1)				0	
22319	999	0		0.0				ADD_INTELLECT(0.14)\nADD_PENETRATE_MAGIC(0.15)\nADD_ABSORB_POWERDAM(0.1)				0	
22320	999	0		0.0				ADD_INTELLECT(0.14)\nADD_PENETRATE_MAGIC(0.15)\nADD_ABSORB_SHIELD(0.1)				0	
22321	999	0		0.0				ADD_INTELLECT(0.14)\nADD_HITRATE(0.003)\nADD_STRENGH(0.14)				0	
22322	999	0		0.0				ADD_INTELLECT(0.14)\nADD_HITRATE(0.003)\nADD_CONSITUTION(0.14)				0	
22323	999	0		0.0				ADD_INTELLECT(0.14)\nADD_HITRATE(0.003)\nADD_AGILITY(0.14)				0	
22324	999	0		0.0				ADD_INTELLECT(0.14)\nADD_HITRATE(0.003)\nADD_PERCEPTION(0.14)				0	
22325	999	0		0.0				ADD_INTELLECT(0.14)\nADD_HITRATE(0.003)\nADD_ANTI_POWERHIT(0.01)				0	
22326	999	0		0.0				ADD_INTELLECT(0.14)\nADD_HITRATE(0.003)\nADD_MULTIPLY_POWERDAM(0.1)				0	
22327	999	0		0.0				ADD_INTELLECT(0.14)\nADD_HITRATE(0.003)\nADD_ABSORB_POWERDAM(0.1)				0	
22328	999	0		0.0				ADD_INTELLECT(0.14)\nADD_HITRATE(0.003)\nADD_ABSORB_SHIELD(0.1)				0	
22329	999	0		0.0				ADD_INTELLECT(0.14)\nADD_DODGE(0.003)\nADD_STRENGH(0.14)				0	
22330	999	0		0.0				ADD_INTELLECT(0.14)\nADD_DODGE(0.003)\nADD_CONSITUTION(0.14)				0	
22331	999	0		0.0				ADD_INTELLECT(0.14)\nADD_DODGE(0.003)\nADD_AGILITY(0.14)				0	
22332	999	0		0.0				ADD_INTELLECT(0.14)\nADD_DODGE(0.003)\nADD_PERCEPTION(0.14)				0	
22333	999	0		0.0				ADD_INTELLECT(0.14)\nADD_DODGE(0.003)\nADD_ANTI_POWERHIT(0.01)				0	
22334	999	0		0.0				ADD_INTELLECT(0.14)\nADD_DODGE(0.003)\nADD_MULTIPLY_POWERDAM(0.1)				0	
22335	999	0		0.0				ADD_INTELLECT(0.14)\nADD_DODGE(0.003)\nADD_ABSORB_POWERDAM(0.1)				0	
22336	999	0		0.0				ADD_INTELLECT(0.14)\nADD_DODGE(0.003)\nADD_ABSORB_SHIELD(0.1)				0	
22337	999	0		0.0				ADD_INTELLECT(0.14)\nADD_POWERHIT(0.003)\nADD_STRENGH(0.14)				0	
22338	999	0		0.0				ADD_INTELLECT(0.14)\nADD_POWERHIT(0.003)\nADD_CONSITUTION(0.14)				0	
22339	999	0		0.0				ADD_INTELLECT(0.14)\nADD_POWERHIT(0.003)\nADD_AGILITY(0.14)				0	
22340	999	0		0.0				ADD_INTELLECT(0.14)\nADD_POWERHIT(0.003)\nADD_PERCEPTION(0.14)				0	
22341	999	0		0.0				ADD_INTELLECT(0.14)\nADD_POWERHIT(0.003)\nADD_ANTI_POWERHIT(0.01)				0	
22342	999	0		0.0				ADD_INTELLECT(0.14)\nADD_POWERHIT(0.003)\nADD_MULTIPLY_POWERDAM(0.1)				0	
22343	999	0		0.0				ADD_INTELLECT(0.14)\nADD_POWERHIT(0.003)\nADD_ABSORB_POWERDAM(0.1)				0	
22344	999	0		0.0				ADD_INTELLECT(0.14)\nADD_POWERHIT(0.003)\nADD_ABSORB_SHIELD(0.1)				0	
22345	999	0		0.0				ADD_INTELLECT(0.14)\nADD_STRENGH(0.09)\nADD_CONSITUTION(0.14)				0	
22346	999	0		0.0				ADD_INTELLECT(0.14)\nADD_STRENGH(0.09)\nADD_AGILITY(0.14)				0	
22347	999	0		0.0				ADD_INTELLECT(0.14)\nADD_STRENGH(0.09)\nADD_PERCEPTION(0.14)				0	
22348	999	0		0.0				ADD_INTELLECT(0.14)\nADD_STRENGH(0.09)\nADD_ANTI_POWERHIT(0.01)				0	
22349	999	0		0.0				ADD_INTELLECT(0.14)\nADD_STRENGH(0.09)\nADD_MULTIPLY_POWERDAM(0.1)				0	
22350	999	0		0.0				ADD_INTELLECT(0.14)\nADD_STRENGH(0.09)\nADD_ABSORB_POWERDAM(0.1)				0	
22351	999	0		0.0				ADD_INTELLECT(0.14)\nADD_STRENGH(0.09)\nADD_ABSORB_SHIELD(0.1)				0	
22352	999	0		0.0				ADD_INTELLECT(0.14)\nADD_CONSITUTION(0.09)\nADD_STRENGH(0.14)				0	
22353	999	0		0.0				ADD_INTELLECT(0.14)\nADD_CONSITUTION(0.09)\nADD_AGILITY(0.14)				0	
22354	999	0		0.0				ADD_INTELLECT(0.14)\nADD_CONSITUTION(0.09)\nADD_PERCEPTION(0.14)				0	
22355	999	0		0.0				ADD_INTELLECT(0.14)\nADD_CONSITUTION(0.09)\nADD_ANTI_POWERHIT(0.01)				0	
22356	999	0		0.0				ADD_INTELLECT(0.14)\nADD_CONSITUTION(0.09)\nADD_MULTIPLY_POWERDAM(0.1)				0	
22357	999	0		0.0				ADD_INTELLECT(0.14)\nADD_CONSITUTION(0.09)\nADD_ABSORB_POWERDAM(0.1)				0	
22358	999	0		0.0				ADD_INTELLECT(0.14)\nADD_CONSITUTION(0.09)\nADD_ABSORB_SHIELD(0.1)				0	
22359	999	0		0.0				ADD_INTELLECT(0.14)\nADD_AGILITY(0.09)\nADD_STRENGH(0.14)				0	
22360	999	0		0.0				ADD_INTELLECT(0.14)\nADD_AGILITY(0.09)\nADD_CONSITUTION(0.14)				0	
22361	999	0		0.0				ADD_INTELLECT(0.14)\nADD_AGILITY(0.09)\nADD_PERCEPTION(0.14)				0	
22362	999	0		0.0				ADD_INTELLECT(0.14)\nADD_AGILITY(0.09)\nADD_ANTI_POWERHIT(0.01)				0	
22363	999	0		0.0				ADD_INTELLECT(0.14)\nADD_AGILITY(0.09)\nADD_MULTIPLY_POWERDAM(0.1)				0	
22364	999	0		0.0				ADD_INTELLECT(0.14)\nADD_AGILITY(0.09)\nADD_ABSORB_POWERDAM(0.1)				0	
22365	999	0		0.0				ADD_INTELLECT(0.14)\nADD_AGILITY(0.09)\nADD_ABSORB_SHIELD(0.1)				0	
22366	999	0		0.0				ADD_INTELLECT(0.14)\nADD_PERCEPTION(0.09)\nADD_STRENGH(0.14)				0	
22367	999	0		0.0				ADD_INTELLECT(0.14)\nADD_PERCEPTION(0.09)\nADD_CONSITUTION(0.14)				0	
22368	999	0		0.0				ADD_INTELLECT(0.14)\nADD_PERCEPTION(0.09)\nADD_AGILITY(0.14)				0	
22369	999	0		0.0				ADD_INTELLECT(0.14)\nADD_PERCEPTION(0.09)\nADD_ANTI_POWERHIT(0.01)				0	
22370	999	0		0.0				ADD_INTELLECT(0.14)\nADD_PERCEPTION(0.09)\nADD_MULTIPLY_POWERDAM(0.1)				0	
22371	999	0		0.0				ADD_INTELLECT(0.14)\nADD_PERCEPTION(0.09)\nADD_ABSORB_POWERDAM(0.1)				0	
22372	999	0		0.0				ADD_INTELLECT(0.14)\nADD_PERCEPTION(0.09)\nADD_ABSORB_SHIELD(0.1)				0	
22373	999	0		0.0				ADD_INTELLECT(0.14)\nADD_HPMAX(0.12)\nADD_STRENGH(0.14)				0	
22374	999	0		0.0				ADD_INTELLECT(0.14)\nADD_HPMAX(0.12)\nADD_CONSITUTION(0.14)				0	
22375	999	0		0.0				ADD_INTELLECT(0.14)\nADD_HPMAX(0.12)\nADD_AGILITY(0.14)				0	
22376	999	0		0.0				ADD_INTELLECT(0.14)\nADD_HPMAX(0.12)\nADD_PERCEPTION(0.14)				0	
22377	999	0		0.0				ADD_INTELLECT(0.14)\nADD_HPMAX(0.12)\nADD_ANTI_POWERHIT(0.01)				0	
22378	999	0		0.0				ADD_INTELLECT(0.14)\nADD_HPMAX(0.12)\nADD_MULTIPLY_POWERDAM(0.1)				0	
22379	999	0		0.0				ADD_INTELLECT(0.14)\nADD_HPMAX(0.12)\nADD_ABSORB_POWERDAM(0.1)				0	
22380	999	0		0.0				ADD_INTELLECT(0.14)\nADD_HPMAX(0.12)\nADD_ABSORB_SHIELD(0.1)				0	
22381	999	0		0.0				ADD_INTELLECT(0.14)\nADD_DAMMIPHYSICS(0.1)\nADD_STRENGH(0.14)				0	
22382	999	0		0.0				ADD_INTELLECT(0.14)\nADD_DAMMIPHYSICS(0.1)\nADD_CONSITUTION(0.14)				0	
22383	999	0		0.0				ADD_INTELLECT(0.14)\nADD_DAMMIPHYSICS(0.1)\nADD_AGILITY(0.14)				0	
22384	999	0		0.0				ADD_INTELLECT(0.14)\nADD_DAMMIPHYSICS(0.1)\nADD_PERCEPTION(0.14)				0	
22385	999	0		0.0				ADD_INTELLECT(0.14)\nADD_DAMMIPHYSICS(0.1)\nADD_ANTI_POWERHIT(0.01)				0	
22386	999	0		0.0				ADD_INTELLECT(0.14)\nADD_DAMMIPHYSICS(0.1)\nADD_MULTIPLY_POWERDAM(0.1)				0	
22387	999	0		0.0				ADD_INTELLECT(0.14)\nADD_DAMMIPHYSICS(0.1)\nADD_ABSORB_POWERDAM(0.1)				0	
22388	999	0		0.0				ADD_INTELLECT(0.14)\nADD_DAMMIPHYSICS(0.1)\nADD_ABSORB_SHIELD(0.1)				0	
22389	999	0		0.0				ADD_INTELLECT(0.14)\nADD_DAMMIMAGIC(0.1)\nADD_STRENGH(0.14)				0	
22390	999	0		0.0				ADD_INTELLECT(0.14)\nADD_DAMMIMAGIC(0.1)\nADD_CONSITUTION(0.14)				0	
22391	999	0		0.0				ADD_INTELLECT(0.14)\nADD_DAMMIMAGIC(0.1)\nADD_AGILITY(0.14)				0	
22392	999	0		0.0				ADD_INTELLECT(0.14)\nADD_DAMMIMAGIC(0.1)\nADD_PERCEPTION(0.14)				0	
22393	999	0		0.0				ADD_INTELLECT(0.14)\nADD_DAMMIMAGIC(0.1)\nADD_ANTI_POWERHIT(0.01)				0	
22394	999	0		0.0				ADD_INTELLECT(0.14)\nADD_DAMMIMAGIC(0.1)\nADD_MULTIPLY_POWERDAM(0.1)				0	
22395	999	0		0.0				ADD_INTELLECT(0.14)\nADD_DAMMIMAGIC(0.1)\nADD_ABSORB_POWERDAM(0.1)				0	
22396	999	0		0.0				ADD_INTELLECT(0.14)\nADD_DAMMIMAGIC(0.1)\nADD_ABSORB_SHIELD(0.1)				0	
22397	999	0		0.0				ADD_INTELLECT(0.14)\nADD_AC_PHYSICS(0.32)\nADD_STRENGH(0.14)				0	
22398	999	0		0.0				ADD_INTELLECT(0.14)\nADD_AC_PHYSICS(0.32)\nADD_CONSITUTION(0.14)				0	
22399	999	0		0.0				ADD_INTELLECT(0.14)\nADD_AC_PHYSICS(0.32)\nADD_AGILITY(0.14)				0	
22400	999	0		0.0				ADD_INTELLECT(0.14)\nADD_AC_PHYSICS(0.32)\nADD_PERCEPTION(0.14)				0	
22401	999	0		0.0				ADD_INTELLECT(0.14)\nADD_AC_PHYSICS(0.32)\nADD_ANTI_POWERHIT(0.01)				0	
22402	999	0		0.0				ADD_INTELLECT(0.14)\nADD_AC_PHYSICS(0.32)\nADD_MULTIPLY_POWERDAM(0.1)				0	
22403	999	0		0.0				ADD_INTELLECT(0.14)\nADD_AC_PHYSICS(0.32)\nADD_ABSORB_POWERDAM(0.1)				0	
22404	999	0		0.0				ADD_INTELLECT(0.14)\nADD_AC_PHYSICS(0.32)\nADD_ABSORB_SHIELD(0.1)				0	
22405	999	0		0.0				ADD_INTELLECT(0.14)\nADD_AC_MAGIC(0.32)\nADD_STRENGH(0.14)				0	
22406	999	0		0.0				ADD_INTELLECT(0.14)\nADD_AC_MAGIC(0.32)\nADD_CONSITUTION(0.14)				0	
22407	999	0		0.0				ADD_INTELLECT(0.14)\nADD_AC_MAGIC(0.32)\nADD_AGILITY(0.14)				0	
22408	999	0		0.0				ADD_INTELLECT(0.14)\nADD_AC_MAGIC(0.32)\nADD_PERCEPTION(0.14)				0	
22409	999	0		0.0				ADD_INTELLECT(0.14)\nADD_AC_MAGIC(0.32)\nADD_ANTI_POWERHIT(0.01)				0	
22410	999	0		0.0				ADD_INTELLECT(0.14)\nADD_AC_MAGIC(0.32)\nADD_MULTIPLY_POWERDAM(0.1)				0	
22411	999	0		0.0				ADD_INTELLECT(0.14)\nADD_AC_MAGIC(0.32)\nADD_ABSORB_POWERDAM(0.1)				0	
22412	999	0		0.0				ADD_INTELLECT(0.14)\nADD_AC_MAGIC(0.32)\nADD_ABSORB_SHIELD(0.1)				0	
22413	999	0		0.0				ADD_INTELLECT(0.14)\nADD_PENETRATE_PHYSICS(0.3)\nADD_STRENGH(0.14)				0	
22414	999	0		0.0				ADD_INTELLECT(0.14)\nADD_PENETRATE_PHYSICS(0.3)\nADD_CONSITUTION(0.14)				0	
22415	999	0		0.0				ADD_INTELLECT(0.14)\nADD_PENETRATE_PHYSICS(0.3)\nADD_AGILITY(0.14)				0	
22416	999	0		0.0				ADD_INTELLECT(0.14)\nADD_PENETRATE_PHYSICS(0.3)\nADD_PERCEPTION(0.14)				0	
22417	999	0		0.0				ADD_INTELLECT(0.14)\nADD_PENETRATE_PHYSICS(0.3)\nADD_ANTI_POWERHIT(0.01)				0	
22418	999	0		0.0				ADD_INTELLECT(0.14)\nADD_PENETRATE_PHYSICS(0.3)\nADD_MULTIPLY_POWERDAM(0.1)				0	
22419	999	0		0.0				ADD_INTELLECT(0.14)\nADD_PENETRATE_PHYSICS(0.3)\nADD_ABSORB_POWERDAM(0.1)				0	
22420	999	0		0.0				ADD_INTELLECT(0.14)\nADD_PENETRATE_PHYSICS(0.3)\nADD_ABSORB_SHIELD(0.1)				0	
22421	999	0		0.0				ADD_INTELLECT(0.14)\nADD_PENETRATE_MAGIC(0.3)\nADD_STRENGH(0.14)				0	
22422	999	0		0.0				ADD_INTELLECT(0.14)\nADD_PENETRATE_MAGIC(0.3)\nADD_CONSITUTION(0.14)				0	
22423	999	0		0.0				ADD_INTELLECT(0.14)\nADD_PENETRATE_MAGIC(0.3)\nADD_AGILITY(0.14)				0	
22424	999	0		0.0				ADD_INTELLECT(0.14)\nADD_PENETRATE_MAGIC(0.3)\nADD_PERCEPTION(0.14)				0	
22425	999	0		0.0				ADD_INTELLECT(0.14)\nADD_PENETRATE_MAGIC(0.3)\nADD_ANTI_POWERHIT(0.01)				0	
22426	999	0		0.0				ADD_INTELLECT(0.14)\nADD_PENETRATE_MAGIC(0.3)\nADD_MULTIPLY_POWERDAM(0.1)				0	
22427	999	0		0.0				ADD_INTELLECT(0.14)\nADD_PENETRATE_MAGIC(0.3)\nADD_ABSORB_POWERDAM(0.1)				0	
22428	999	0		0.0				ADD_INTELLECT(0.14)\nADD_PENETRATE_MAGIC(0.3)\nADD_ABSORB_SHIELD(0.1)				0	
22429	999	0		0.0				ADD_INTELLECT(0.14)\nADD_HITRATE(0.006)\nADD_STRENGH(0.14)				0	
22430	999	0		0.0				ADD_INTELLECT(0.14)\nADD_HITRATE(0.006)\nADD_CONSITUTION(0.14)				0	
22431	999	0		0.0				ADD_INTELLECT(0.14)\nADD_HITRATE(0.006)\nADD_AGILITY(0.14)				0	
22432	999	0		0.0				ADD_INTELLECT(0.14)\nADD_HITRATE(0.006)\nADD_PERCEPTION(0.14)				0	
22433	999	0		0.0				ADD_INTELLECT(0.14)\nADD_HITRATE(0.006)\nADD_ANTI_POWERHIT(0.01)				0	
22434	999	0		0.0				ADD_INTELLECT(0.14)\nADD_HITRATE(0.006)\nADD_MULTIPLY_POWERDAM(0.1)				0	
22435	999	0		0.0				ADD_INTELLECT(0.14)\nADD_HITRATE(0.006)\nADD_ABSORB_POWERDAM(0.1)				0	
22436	999	0		0.0				ADD_INTELLECT(0.14)\nADD_HITRATE(0.006)\nADD_ABSORB_SHIELD(0.1)				0	
22437	999	0		0.0				ADD_INTELLECT(0.14)\nADD_DODGE(0.006)\nADD_STRENGH(0.14)				0	
22438	999	0		0.0				ADD_INTELLECT(0.14)\nADD_DODGE(0.006)\nADD_CONSITUTION(0.14)				0	
22439	999	0		0.0				ADD_INTELLECT(0.14)\nADD_DODGE(0.006)\nADD_AGILITY(0.14)				0	
22440	999	0		0.0				ADD_INTELLECT(0.14)\nADD_DODGE(0.006)\nADD_PERCEPTION(0.14)				0	
22441	999	0		0.0				ADD_INTELLECT(0.14)\nADD_DODGE(0.006)\nADD_ANTI_POWERHIT(0.01)				0	
22442	999	0		0.0				ADD_INTELLECT(0.14)\nADD_DODGE(0.006)\nADD_MULTIPLY_POWERDAM(0.1)				0	
22443	999	0		0.0				ADD_INTELLECT(0.14)\nADD_DODGE(0.006)\nADD_ABSORB_POWERDAM(0.1)				0	
22444	999	0		0.0				ADD_INTELLECT(0.14)\nADD_DODGE(0.006)\nADD_ABSORB_SHIELD(0.1)				0	
22445	999	0		0.0				ADD_INTELLECT(0.14)\nADD_POWERHIT(0.006)\nADD_STRENGH(0.14)				0	
22446	999	0		0.0				ADD_INTELLECT(0.14)\nADD_POWERHIT(0.006)\nADD_CONSITUTION(0.14)				0	
22447	999	0		0.0				ADD_INTELLECT(0.14)\nADD_POWERHIT(0.006)\nADD_AGILITY(0.14)				0	
22448	999	0		0.0				ADD_INTELLECT(0.14)\nADD_POWERHIT(0.006)\nADD_PERCEPTION(0.14)				0	
22449	999	0		0.0				ADD_INTELLECT(0.14)\nADD_POWERHIT(0.006)\nADD_ANTI_POWERHIT(0.01)				0	
22450	999	0		0.0				ADD_INTELLECT(0.14)\nADD_POWERHIT(0.006)\nADD_MULTIPLY_POWERDAM(0.1)				0	
22451	999	0		0.0				ADD_INTELLECT(0.14)\nADD_POWERHIT(0.006)\nADD_ABSORB_POWERDAM(0.1)				0	
22452	999	0		0.0				ADD_INTELLECT(0.14)\nADD_POWERHIT(0.006)\nADD_ABSORB_SHIELD(0.1)				0	
22453	999	0		0.0				ADD_INTELLECT(0.14)\nADD_STRENGH(0.14)\nADD_CONSITUTION(0.14)				0	
22454	999	0		0.0				ADD_INTELLECT(0.14)\nADD_STRENGH(0.14)\nADD_AGILITY(0.14)				0	
22455	999	0		0.0				ADD_INTELLECT(0.14)\nADD_STRENGH(0.14)\nADD_PERCEPTION(0.14)				0	
22456	999	0		0.0				ADD_INTELLECT(0.14)\nADD_STRENGH(0.14)\nADD_ANTI_POWERHIT(0.01)				0	
22457	999	0		0.0				ADD_INTELLECT(0.14)\nADD_STRENGH(0.14)\nADD_MULTIPLY_POWERDAM(0.1)				0	
22458	999	0		0.0				ADD_INTELLECT(0.14)\nADD_STRENGH(0.14)\nADD_ABSORB_POWERDAM(0.1)				0	
22459	999	0		0.0				ADD_INTELLECT(0.14)\nADD_STRENGH(0.14)\nADD_ABSORB_SHIELD(0.1)				0	
22460	999	0		0.0				ADD_INTELLECT(0.14)\nADD_CONSITUTION(0.14)\nADD_STRENGH(0.14)				0	
22461	999	0		0.0				ADD_INTELLECT(0.14)\nADD_CONSITUTION(0.14)\nADD_AGILITY(0.14)				0	
22462	999	0		0.0				ADD_INTELLECT(0.14)\nADD_CONSITUTION(0.14)\nADD_PERCEPTION(0.14)				0	
22463	999	0		0.0				ADD_INTELLECT(0.14)\nADD_CONSITUTION(0.14)\nADD_ANTI_POWERHIT(0.01)				0	
22464	999	0		0.0				ADD_INTELLECT(0.14)\nADD_CONSITUTION(0.14)\nADD_MULTIPLY_POWERDAM(0.1)				0	
22465	999	0		0.0				ADD_INTELLECT(0.14)\nADD_CONSITUTION(0.14)\nADD_ABSORB_POWERDAM(0.1)				0	
22466	999	0		0.0				ADD_INTELLECT(0.14)\nADD_CONSITUTION(0.14)\nADD_ABSORB_SHIELD(0.1)				0	
22467	999	0		0.0				ADD_INTELLECT(0.14)\nADD_AGILITY(0.14)\nADD_STRENGH(0.14)				0	
22468	999	0		0.0				ADD_INTELLECT(0.14)\nADD_AGILITY(0.14)\nADD_CONSITUTION(0.14)				0	
22469	999	0		0.0				ADD_INTELLECT(0.14)\nADD_AGILITY(0.14)\nADD_PERCEPTION(0.14)				0	
22470	999	0		0.0				ADD_INTELLECT(0.14)\nADD_AGILITY(0.14)\nADD_ANTI_POWERHIT(0.01)				0	
22471	999	0		0.0				ADD_INTELLECT(0.14)\nADD_AGILITY(0.14)\nADD_MULTIPLY_POWERDAM(0.1)				0	
22472	999	0		0.0				ADD_INTELLECT(0.14)\nADD_AGILITY(0.14)\nADD_ABSORB_POWERDAM(0.1)				0	
22473	999	0		0.0				ADD_INTELLECT(0.14)\nADD_AGILITY(0.14)\nADD_ABSORB_SHIELD(0.1)				0	
22474	999	0		0.0				ADD_INTELLECT(0.14)\nADD_PERCEPTION(0.14)\nADD_STRENGH(0.14)				0	
22475	999	0		0.0				ADD_INTELLECT(0.14)\nADD_PERCEPTION(0.14)\nADD_CONSITUTION(0.14)				0	
22476	999	0		0.0				ADD_INTELLECT(0.14)\nADD_PERCEPTION(0.14)\nADD_AGILITY(0.14)				0	
22477	999	0		0.0				ADD_INTELLECT(0.14)\nADD_PERCEPTION(0.14)\nADD_ANTI_POWERHIT(0.01)				0	
22478	999	0		0.0				ADD_INTELLECT(0.14)\nADD_PERCEPTION(0.14)\nADD_MULTIPLY_POWERDAM(0.1)				0	
22479	999	0		0.0				ADD_INTELLECT(0.14)\nADD_PERCEPTION(0.14)\nADD_ABSORB_POWERDAM(0.1)				0	
22480	999	0		0.0				ADD_INTELLECT(0.14)\nADD_PERCEPTION(0.14)\nADD_ABSORB_SHIELD(0.1)				0	
22481	999	0		0.0				ADD_INTELLECT(0.14)\nADD_HPMAX(0.18)\nADD_STRENGH(0.14)				0	
22482	999	0		0.0				ADD_INTELLECT(0.14)\nADD_HPMAX(0.18)\nADD_CONSITUTION(0.14)				0	
22483	999	0		0.0				ADD_INTELLECT(0.14)\nADD_HPMAX(0.18)\nADD_AGILITY(0.14)				0	
22484	999	0		0.0				ADD_INTELLECT(0.14)\nADD_HPMAX(0.18)\nADD_PERCEPTION(0.14)				0	
22485	999	0		0.0				ADD_INTELLECT(0.14)\nADD_HPMAX(0.18)\nADD_ANTI_POWERHIT(0.01)				0	
22486	999	0		0.0				ADD_INTELLECT(0.14)\nADD_HPMAX(0.18)\nADD_MULTIPLY_POWERDAM(0.1)				0	
22487	999	0		0.0				ADD_INTELLECT(0.14)\nADD_HPMAX(0.18)\nADD_ABSORB_POWERDAM(0.1)				0	
22488	999	0		0.0				ADD_INTELLECT(0.14)\nADD_HPMAX(0.18)\nADD_ABSORB_SHIELD(0.1)				0	
22489	999	0		0.0				ADD_INTELLECT(0.14)\nADD_DAMMIPHYSICS(0.15)\nADD_STRENGH(0.14)				0	
22490	999	0		0.0				ADD_INTELLECT(0.14)\nADD_DAMMIPHYSICS(0.15)\nADD_CONSITUTION(0.14)				0	
22491	999	0		0.0				ADD_INTELLECT(0.14)\nADD_DAMMIPHYSICS(0.15)\nADD_AGILITY(0.14)				0	
22492	999	0		0.0				ADD_INTELLECT(0.14)\nADD_DAMMIPHYSICS(0.15)\nADD_PERCEPTION(0.14)				0	
22493	999	0		0.0				ADD_INTELLECT(0.14)\nADD_DAMMIPHYSICS(0.15)\nADD_ANTI_POWERHIT(0.01)				0	
22494	999	0		0.0				ADD_INTELLECT(0.14)\nADD_DAMMIPHYSICS(0.15)\nADD_MULTIPLY_POWERDAM(0.1)				0	
22495	999	0		0.0				ADD_INTELLECT(0.14)\nADD_DAMMIPHYSICS(0.15)\nADD_ABSORB_POWERDAM(0.1)				0	
22496	999	0		0.0				ADD_INTELLECT(0.14)\nADD_DAMMIPHYSICS(0.15)\nADD_ABSORB_SHIELD(0.1)				0	
22497	999	0		0.0				ADD_INTELLECT(0.14)\nADD_DAMMIMAGIC(0.15)\nADD_STRENGH(0.14)				0	
22498	999	0		0.0				ADD_INTELLECT(0.14)\nADD_DAMMIMAGIC(0.15)\nADD_CONSITUTION(0.14)				0	
22499	999	0		0.0				ADD_INTELLECT(0.14)\nADD_DAMMIMAGIC(0.15)\nADD_AGILITY(0.14)				0	
22500	999	0		0.0				ADD_INTELLECT(0.14)\nADD_DAMMIMAGIC(0.15)\nADD_PERCEPTION(0.14)				0	
22501	999	0		0.0				ADD_INTELLECT(0.14)\nADD_DAMMIMAGIC(0.15)\nADD_ANTI_POWERHIT(0.01)				0	
22502	999	0		0.0				ADD_INTELLECT(0.14)\nADD_DAMMIMAGIC(0.15)\nADD_MULTIPLY_POWERDAM(0.1)				0	
22503	999	0		0.0				ADD_INTELLECT(0.14)\nADD_DAMMIMAGIC(0.15)\nADD_ABSORB_POWERDAM(0.1)				0	
22504	999	0		0.0				ADD_INTELLECT(0.14)\nADD_DAMMIMAGIC(0.15)\nADD_ABSORB_SHIELD(0.1)				0	
22505	999	0		0.0				ADD_INTELLECT(0.14)\nADD_AC_PHYSICS(0.5)\nADD_STRENGH(0.14)				0	
22506	999	0		0.0				ADD_INTELLECT(0.14)\nADD_AC_PHYSICS(0.5)\nADD_CONSITUTION(0.14)				0	
22507	999	0		0.0				ADD_INTELLECT(0.14)\nADD_AC_PHYSICS(0.5)\nADD_AGILITY(0.14)				0	
22508	999	0		0.0				ADD_INTELLECT(0.14)\nADD_AC_PHYSICS(0.5)\nADD_PERCEPTION(0.14)				0	
22509	999	0		0.0				ADD_INTELLECT(0.14)\nADD_AC_PHYSICS(0.5)\nADD_ANTI_POWERHIT(0.01)				0	
22510	999	0		0.0				ADD_INTELLECT(0.14)\nADD_AC_PHYSICS(0.5)\nADD_MULTIPLY_POWERDAM(0.1)				0	
22511	999	0		0.0				ADD_INTELLECT(0.14)\nADD_AC_PHYSICS(0.5)\nADD_ABSORB_POWERDAM(0.1)				0	
22512	999	0		0.0				ADD_INTELLECT(0.14)\nADD_AC_PHYSICS(0.5)\nADD_ABSORB_SHIELD(0.1)				0	
22513	999	0		0.0				ADD_INTELLECT(0.14)\nADD_AC_MAGIC(0.5)\nADD_STRENGH(0.14)				0	
22514	999	0		0.0				ADD_INTELLECT(0.14)\nADD_AC_MAGIC(0.5)\nADD_CONSITUTION(0.14)				0	
22515	999	0		0.0				ADD_INTELLECT(0.14)\nADD_AC_MAGIC(0.5)\nADD_AGILITY(0.14)				0	
22516	999	0		0.0				ADD_INTELLECT(0.14)\nADD_AC_MAGIC(0.5)\nADD_PERCEPTION(0.14)				0	
22517	999	0		0.0				ADD_INTELLECT(0.14)\nADD_AC_MAGIC(0.5)\nADD_ANTI_POWERHIT(0.01)				0	
22518	999	0		0.0				ADD_INTELLECT(0.14)\nADD_AC_MAGIC(0.5)\nADD_MULTIPLY_POWERDAM(0.1)				0	
22519	999	0		0.0				ADD_INTELLECT(0.14)\nADD_AC_MAGIC(0.5)\nADD_ABSORB_POWERDAM(0.1)				0	
22520	999	0		0.0				ADD_INTELLECT(0.14)\nADD_AC_MAGIC(0.5)\nADD_ABSORB_SHIELD(0.1)				0	
22521	999	0		0.0				ADD_INTELLECT(0.14)\nADD_PENETRATE_PHYSICS(0.45)\nADD_STRENGH(0.14)				0	
22522	999	0		0.0				ADD_INTELLECT(0.14)\nADD_PENETRATE_PHYSICS(0.45)\nADD_CONSITUTION(0.14)				0	
22523	999	0		0.0				ADD_INTELLECT(0.14)\nADD_PENETRATE_PHYSICS(0.45)\nADD_AGILITY(0.14)				0	
22524	999	0		0.0				ADD_INTELLECT(0.14)\nADD_PENETRATE_PHYSICS(0.45)\nADD_PERCEPTION(0.14)				0	
22525	999	0		0.0				ADD_INTELLECT(0.14)\nADD_PENETRATE_PHYSICS(0.45)\nADD_ANTI_POWERHIT(0.01)				0	
22526	999	0		0.0				ADD_INTELLECT(0.14)\nADD_PENETRATE_PHYSICS(0.45)\nADD_MULTIPLY_POWERDAM(0.1)				0	
22527	999	0		0.0				ADD_INTELLECT(0.14)\nADD_PENETRATE_PHYSICS(0.45)\nADD_ABSORB_POWERDAM(0.1)				0	
22528	999	0		0.0				ADD_INTELLECT(0.14)\nADD_PENETRATE_PHYSICS(0.45)\nADD_ABSORB_SHIELD(0.1)				0	
22529	999	0		0.0				ADD_INTELLECT(0.14)\nADD_PENETRATE_MAGIC(0.45)\nADD_STRENGH(0.14)				0	
22530	999	0		0.0				ADD_INTELLECT(0.14)\nADD_PENETRATE_MAGIC(0.45)\nADD_CONSITUTION(0.14)				0	
22531	999	0		0.0				ADD_INTELLECT(0.14)\nADD_PENETRATE_MAGIC(0.45)\nADD_AGILITY(0.14)				0	
22532	999	0		0.0				ADD_INTELLECT(0.14)\nADD_PENETRATE_MAGIC(0.45)\nADD_PERCEPTION(0.14)				0	
22533	999	0		0.0				ADD_INTELLECT(0.14)\nADD_PENETRATE_MAGIC(0.45)\nADD_ANTI_POWERHIT(0.01)				0	
22534	999	0		0.0				ADD_INTELLECT(0.14)\nADD_PENETRATE_MAGIC(0.45)\nADD_MULTIPLY_POWERDAM(0.1)				0	
22535	999	0		0.0				ADD_INTELLECT(0.14)\nADD_PENETRATE_MAGIC(0.45)\nADD_ABSORB_POWERDAM(0.1)				0	
22536	999	0		0.0				ADD_INTELLECT(0.14)\nADD_PENETRATE_MAGIC(0.45)\nADD_ABSORB_SHIELD(0.1)				0	
22537	999	0		0.0				ADD_INTELLECT(0.14)\nADD_HITRATE(0.01)\nADD_STRENGH(0.14)				0	
22538	999	0		0.0				ADD_INTELLECT(0.14)\nADD_HITRATE(0.01)\nADD_CONSITUTION(0.14)				0	
22539	999	0		0.0				ADD_INTELLECT(0.14)\nADD_HITRATE(0.01)\nADD_AGILITY(0.14)				0	
22540	999	0		0.0				ADD_INTELLECT(0.14)\nADD_HITRATE(0.01)\nADD_PERCEPTION(0.14)				0	
22541	999	0		0.0				ADD_INTELLECT(0.14)\nADD_HITRATE(0.01)\nADD_ANTI_POWERHIT(0.01)				0	
22542	999	0		0.0				ADD_INTELLECT(0.14)\nADD_HITRATE(0.01)\nADD_MULTIPLY_POWERDAM(0.1)				0	
22543	999	0		0.0				ADD_INTELLECT(0.14)\nADD_HITRATE(0.01)\nADD_ABSORB_POWERDAM(0.1)				0	
22544	999	0		0.0				ADD_INTELLECT(0.14)\nADD_HITRATE(0.01)\nADD_ABSORB_SHIELD(0.1)				0	
22545	999	0		0.0				ADD_INTELLECT(0.14)\nADD_DODGE(0.01)\nADD_STRENGH(0.14)				0	
22546	999	0		0.0				ADD_INTELLECT(0.14)\nADD_DODGE(0.01)\nADD_CONSITUTION(0.14)				0	
22547	999	0		0.0				ADD_INTELLECT(0.14)\nADD_DODGE(0.01)\nADD_AGILITY(0.14)				0	
22548	999	0		0.0				ADD_INTELLECT(0.14)\nADD_DODGE(0.01)\nADD_PERCEPTION(0.14)				0	
22549	999	0		0.0				ADD_INTELLECT(0.14)\nADD_DODGE(0.01)\nADD_ANTI_POWERHIT(0.01)				0	
22550	999	0		0.0				ADD_INTELLECT(0.14)\nADD_DODGE(0.01)\nADD_MULTIPLY_POWERDAM(0.1)				0	
22551	999	0		0.0				ADD_INTELLECT(0.14)\nADD_DODGE(0.01)\nADD_ABSORB_POWERDAM(0.1)				0	
22552	999	0		0.0				ADD_INTELLECT(0.14)\nADD_DODGE(0.01)\nADD_ABSORB_SHIELD(0.1)				0	
22553	999	0		0.0				ADD_INTELLECT(0.14)\nADD_POWERHIT(0.01)\nADD_STRENGH(0.14)				0	
22554	999	0		0.0				ADD_INTELLECT(0.14)\nADD_POWERHIT(0.01)\nADD_CONSITUTION(0.14)				0	
22555	999	0		0.0				ADD_INTELLECT(0.14)\nADD_POWERHIT(0.01)\nADD_AGILITY(0.14)				0	
22556	999	0		0.0				ADD_INTELLECT(0.14)\nADD_POWERHIT(0.01)\nADD_PERCEPTION(0.14)				0	
22557	999	0		0.0				ADD_INTELLECT(0.14)\nADD_POWERHIT(0.01)\nADD_ANTI_POWERHIT(0.01)				0	
22558	999	0		0.0				ADD_INTELLECT(0.14)\nADD_POWERHIT(0.01)\nADD_MULTIPLY_POWERDAM(0.1)				0	
22559	999	0		0.0				ADD_INTELLECT(0.14)\nADD_POWERHIT(0.01)\nADD_ABSORB_POWERDAM(0.1)				0	
22560	999	0		0.0				ADD_INTELLECT(0.14)\nADD_POWERHIT(0.01)\nADD_ABSORB_SHIELD(0.1)				0	
22561	999	0		0.0				ADD_HPMAX(0.18)\nADD_STRENGH(0.04)\nADD_CONSITUTION(0.14)				0	
22562	999	0		0.0				ADD_HPMAX(0.18)\nADD_STRENGH(0.04)\nADD_AGILITY(0.14)				0	
22563	999	0		0.0				ADD_HPMAX(0.18)\nADD_STRENGH(0.04)\nADD_PERCEPTION(0.14)				0	
22564	999	0		0.0				ADD_HPMAX(0.18)\nADD_STRENGH(0.04)\nADD_INTELLECT(0.14)				0	
22565	999	0		0.0				ADD_HPMAX(0.18)\nADD_STRENGH(0.04)\nADD_ANTI_POWERHIT(0.01)				0	
22566	999	0		0.0				ADD_HPMAX(0.18)\nADD_STRENGH(0.04)\nADD_MULTIPLY_POWERDAM(0.1)				0	
22567	999	0		0.0				ADD_HPMAX(0.18)\nADD_STRENGH(0.04)\nADD_ABSORB_POWERDAM(0.1)				0	
22568	999	0		0.0				ADD_HPMAX(0.18)\nADD_STRENGH(0.04)\nADD_ABSORB_SHIELD(0.1)				0	
22569	999	0		0.0				ADD_HPMAX(0.18)\nADD_CONSITUTION(0.04)\nADD_STRENGH(0.14)				0	
22570	999	0		0.0				ADD_HPMAX(0.18)\nADD_CONSITUTION(0.04)\nADD_AGILITY(0.14)				0	
22571	999	0		0.0				ADD_HPMAX(0.18)\nADD_CONSITUTION(0.04)\nADD_PERCEPTION(0.14)				0	
22572	999	0		0.0				ADD_HPMAX(0.18)\nADD_CONSITUTION(0.04)\nADD_INTELLECT(0.14)				0	
22573	999	0		0.0				ADD_HPMAX(0.18)\nADD_CONSITUTION(0.04)\nADD_ANTI_POWERHIT(0.01)				0	
22574	999	0		0.0				ADD_HPMAX(0.18)\nADD_CONSITUTION(0.04)\nADD_MULTIPLY_POWERDAM(0.1)				0	
22575	999	0		0.0				ADD_HPMAX(0.18)\nADD_CONSITUTION(0.04)\nADD_ABSORB_POWERDAM(0.1)				0	
22576	999	0		0.0				ADD_HPMAX(0.18)\nADD_CONSITUTION(0.04)\nADD_ABSORB_SHIELD(0.1)				0	
22577	999	0		0.0				ADD_HPMAX(0.18)\nADD_AGILITY(0.04)\nADD_STRENGH(0.14)				0	
22578	999	0		0.0				ADD_HPMAX(0.18)\nADD_AGILITY(0.04)\nADD_CONSITUTION(0.14)				0	
22579	999	0		0.0				ADD_HPMAX(0.18)\nADD_AGILITY(0.04)\nADD_PERCEPTION(0.14)				0	
22580	999	0		0.0				ADD_HPMAX(0.18)\nADD_AGILITY(0.04)\nADD_INTELLECT(0.14)				0	
22581	999	0		0.0				ADD_HPMAX(0.18)\nADD_AGILITY(0.04)\nADD_ANTI_POWERHIT(0.01)				0	
22582	999	0		0.0				ADD_HPMAX(0.18)\nADD_AGILITY(0.04)\nADD_MULTIPLY_POWERDAM(0.1)				0	
22583	999	0		0.0				ADD_HPMAX(0.18)\nADD_AGILITY(0.04)\nADD_ABSORB_POWERDAM(0.1)				0	
22584	999	0		0.0				ADD_HPMAX(0.18)\nADD_AGILITY(0.04)\nADD_ABSORB_SHIELD(0.1)				0	
22585	999	0		0.0				ADD_HPMAX(0.18)\nADD_PERCEPTION(0.04)\nADD_STRENGH(0.14)				0	
22586	999	0		0.0				ADD_HPMAX(0.18)\nADD_PERCEPTION(0.04)\nADD_CONSITUTION(0.14)				0	
22587	999	0		0.0				ADD_HPMAX(0.18)\nADD_PERCEPTION(0.04)\nADD_AGILITY(0.14)				0	
22588	999	0		0.0				ADD_HPMAX(0.18)\nADD_PERCEPTION(0.04)\nADD_INTELLECT(0.14)				0	
22589	999	0		0.0				ADD_HPMAX(0.18)\nADD_PERCEPTION(0.04)\nADD_ANTI_POWERHIT(0.01)				0	
22590	999	0		0.0				ADD_HPMAX(0.18)\nADD_PERCEPTION(0.04)\nADD_MULTIPLY_POWERDAM(0.1)				0	
22591	999	0		0.0				ADD_HPMAX(0.18)\nADD_PERCEPTION(0.04)\nADD_ABSORB_POWERDAM(0.1)				0	
22592	999	0		0.0				ADD_HPMAX(0.18)\nADD_PERCEPTION(0.04)\nADD_ABSORB_SHIELD(0.1)				0	
22593	999	0		0.0				ADD_HPMAX(0.18)\nADD_INTELLECT(0.04)\nADD_STRENGH(0.14)				0	
22594	999	0		0.0				ADD_HPMAX(0.18)\nADD_INTELLECT(0.04)\nADD_CONSITUTION(0.14)				0	
22595	999	0		0.0				ADD_HPMAX(0.18)\nADD_INTELLECT(0.04)\nADD_AGILITY(0.14)				0	
22596	999	0		0.0				ADD_HPMAX(0.18)\nADD_INTELLECT(0.04)\nADD_PERCEPTION(0.14)				0	
22597	999	0		0.0				ADD_HPMAX(0.18)\nADD_INTELLECT(0.04)\nADD_ANTI_POWERHIT(0.01)				0	
22598	999	0		0.0				ADD_HPMAX(0.18)\nADD_INTELLECT(0.04)\nADD_MULTIPLY_POWERDAM(0.1)				0	
22599	999	0		0.0				ADD_HPMAX(0.18)\nADD_INTELLECT(0.04)\nADD_ABSORB_POWERDAM(0.1)				0	
22600	999	0		0.0				ADD_HPMAX(0.18)\nADD_INTELLECT(0.04)\nADD_ABSORB_SHIELD(0.1)				0	
22601	999	0		0.0				ADD_HPMAX(0.18)\nADD_DAMMIPHYSICS(0.05)\nADD_STRENGH(0.14)				0	
22602	999	0		0.0				ADD_HPMAX(0.18)\nADD_DAMMIPHYSICS(0.05)\nADD_CONSITUTION(0.14)				0	
22603	999	0		0.0				ADD_HPMAX(0.18)\nADD_DAMMIPHYSICS(0.05)\nADD_AGILITY(0.14)				0	
22604	999	0		0.0				ADD_HPMAX(0.18)\nADD_DAMMIPHYSICS(0.05)\nADD_PERCEPTION(0.14)				0	
22605	999	0		0.0				ADD_HPMAX(0.18)\nADD_DAMMIPHYSICS(0.05)\nADD_INTELLECT(0.14)				0	
22606	999	0		0.0				ADD_HPMAX(0.18)\nADD_DAMMIPHYSICS(0.05)\nADD_ANTI_POWERHIT(0.01)				0	
22607	999	0		0.0				ADD_HPMAX(0.18)\nADD_DAMMIPHYSICS(0.05)\nADD_MULTIPLY_POWERDAM(0.1)				0	
22608	999	0		0.0				ADD_HPMAX(0.18)\nADD_DAMMIPHYSICS(0.05)\nADD_ABSORB_POWERDAM(0.1)				0	
22609	999	0		0.0				ADD_HPMAX(0.18)\nADD_DAMMIPHYSICS(0.05)\nADD_ABSORB_SHIELD(0.1)				0	
22610	999	0		0.0				ADD_HPMAX(0.18)\nADD_DAMMIMAGIC(0.05)\nADD_STRENGH(0.14)				0	
22611	999	0		0.0				ADD_HPMAX(0.18)\nADD_DAMMIMAGIC(0.05)\nADD_CONSITUTION(0.14)				0	
22612	999	0		0.0				ADD_HPMAX(0.18)\nADD_DAMMIMAGIC(0.05)\nADD_AGILITY(0.14)				0	
22613	999	0		0.0				ADD_HPMAX(0.18)\nADD_DAMMIMAGIC(0.05)\nADD_PERCEPTION(0.14)				0	
22614	999	0		0.0				ADD_HPMAX(0.18)\nADD_DAMMIMAGIC(0.05)\nADD_INTELLECT(0.14)				0	
22615	999	0		0.0				ADD_HPMAX(0.18)\nADD_DAMMIMAGIC(0.05)\nADD_ANTI_POWERHIT(0.01)				0	
22616	999	0		0.0				ADD_HPMAX(0.18)\nADD_DAMMIMAGIC(0.05)\nADD_MULTIPLY_POWERDAM(0.1)				0	
22617	999	0		0.0				ADD_HPMAX(0.18)\nADD_DAMMIMAGIC(0.05)\nADD_ABSORB_POWERDAM(0.1)				0	
22618	999	0		0.0				ADD_HPMAX(0.18)\nADD_DAMMIMAGIC(0.05)\nADD_ABSORB_SHIELD(0.1)				0	
22619	999	0		0.0				ADD_HPMAX(0.18)\nADD_AC_PHYSICS(0.16)\nADD_STRENGH(0.14)				0	
22620	999	0		0.0				ADD_HPMAX(0.18)\nADD_AC_PHYSICS(0.16)\nADD_CONSITUTION(0.14)				0	
22621	999	0		0.0				ADD_HPMAX(0.18)\nADD_AC_PHYSICS(0.16)\nADD_AGILITY(0.14)				0	
22622	999	0		0.0				ADD_HPMAX(0.18)\nADD_AC_PHYSICS(0.16)\nADD_PERCEPTION(0.14)				0	
22623	999	0		0.0				ADD_HPMAX(0.18)\nADD_AC_PHYSICS(0.16)\nADD_INTELLECT(0.14)				0	
22624	999	0		0.0				ADD_HPMAX(0.18)\nADD_AC_PHYSICS(0.16)\nADD_ANTI_POWERHIT(0.01)				0	
22625	999	0		0.0				ADD_HPMAX(0.18)\nADD_AC_PHYSICS(0.16)\nADD_MULTIPLY_POWERDAM(0.1)				0	
22626	999	0		0.0				ADD_HPMAX(0.18)\nADD_AC_PHYSICS(0.16)\nADD_ABSORB_POWERDAM(0.1)				0	
22627	999	0		0.0				ADD_HPMAX(0.18)\nADD_AC_PHYSICS(0.16)\nADD_ABSORB_SHIELD(0.1)				0	
22628	999	0		0.0				ADD_HPMAX(0.18)\nADD_AC_MAGIC(0.16)\nADD_STRENGH(0.14)				0	
22629	999	0		0.0				ADD_HPMAX(0.18)\nADD_AC_MAGIC(0.16)\nADD_CONSITUTION(0.14)				0	
22630	999	0		0.0				ADD_HPMAX(0.18)\nADD_AC_MAGIC(0.16)\nADD_AGILITY(0.14)				0	
22631	999	0		0.0				ADD_HPMAX(0.18)\nADD_AC_MAGIC(0.16)\nADD_PERCEPTION(0.14)				0	
22632	999	0		0.0				ADD_HPMAX(0.18)\nADD_AC_MAGIC(0.16)\nADD_INTELLECT(0.14)				0	
22633	999	0		0.0				ADD_HPMAX(0.18)\nADD_AC_MAGIC(0.16)\nADD_ANTI_POWERHIT(0.01)				0	
22634	999	0		0.0				ADD_HPMAX(0.18)\nADD_AC_MAGIC(0.16)\nADD_MULTIPLY_POWERDAM(0.1)				0	
22635	999	0		0.0				ADD_HPMAX(0.18)\nADD_AC_MAGIC(0.16)\nADD_ABSORB_POWERDAM(0.1)				0	
22636	999	0		0.0				ADD_HPMAX(0.18)\nADD_AC_MAGIC(0.16)\nADD_ABSORB_SHIELD(0.1)				0	
22637	999	0		0.0				ADD_HPMAX(0.18)\nADD_PENETRATE_PHYSICS(0.15)\nADD_STRENGH(0.14)				0	
22638	999	0		0.0				ADD_HPMAX(0.18)\nADD_PENETRATE_PHYSICS(0.15)\nADD_CONSITUTION(0.14)				0	
22639	999	0		0.0				ADD_HPMAX(0.18)\nADD_PENETRATE_PHYSICS(0.15)\nADD_AGILITY(0.14)				0	
22640	999	0		0.0				ADD_HPMAX(0.18)\nADD_PENETRATE_PHYSICS(0.15)\nADD_PERCEPTION(0.14)				0	
22641	999	0		0.0				ADD_HPMAX(0.18)\nADD_PENETRATE_PHYSICS(0.15)\nADD_INTELLECT(0.14)				0	
22642	999	0		0.0				ADD_HPMAX(0.18)\nADD_PENETRATE_PHYSICS(0.15)\nADD_ANTI_POWERHIT(0.01)				0	
22643	999	0		0.0				ADD_HPMAX(0.18)\nADD_PENETRATE_PHYSICS(0.15)\nADD_MULTIPLY_POWERDAM(0.1)				0	
22644	999	0		0.0				ADD_HPMAX(0.18)\nADD_PENETRATE_PHYSICS(0.15)\nADD_ABSORB_POWERDAM(0.1)				0	
22645	999	0		0.0				ADD_HPMAX(0.18)\nADD_PENETRATE_PHYSICS(0.15)\nADD_ABSORB_SHIELD(0.1)				0	
22646	999	0		0.0				ADD_HPMAX(0.18)\nADD_PENETRATE_MAGIC(0.15)\nADD_STRENGH(0.14)				0	
22647	999	0		0.0				ADD_HPMAX(0.18)\nADD_PENETRATE_MAGIC(0.15)\nADD_CONSITUTION(0.14)				0	
22648	999	0		0.0				ADD_HPMAX(0.18)\nADD_PENETRATE_MAGIC(0.15)\nADD_AGILITY(0.14)				0	
22649	999	0		0.0				ADD_HPMAX(0.18)\nADD_PENETRATE_MAGIC(0.15)\nADD_PERCEPTION(0.14)				0	
22650	999	0		0.0				ADD_HPMAX(0.18)\nADD_PENETRATE_MAGIC(0.15)\nADD_INTELLECT(0.14)				0	
22651	999	0		0.0				ADD_HPMAX(0.18)\nADD_PENETRATE_MAGIC(0.15)\nADD_ANTI_POWERHIT(0.01)				0	
22652	999	0		0.0				ADD_HPMAX(0.18)\nADD_PENETRATE_MAGIC(0.15)\nADD_MULTIPLY_POWERDAM(0.1)				0	
22653	999	0		0.0				ADD_HPMAX(0.18)\nADD_PENETRATE_MAGIC(0.15)\nADD_ABSORB_POWERDAM(0.1)				0	
22654	999	0		0.0				ADD_HPMAX(0.18)\nADD_PENETRATE_MAGIC(0.15)\nADD_ABSORB_SHIELD(0.1)				0	
22655	999	0		0.0				ADD_HPMAX(0.18)\nADD_HITRATE(0.003)\nADD_STRENGH(0.14)				0	
22656	999	0		0.0				ADD_HPMAX(0.18)\nADD_HITRATE(0.003)\nADD_CONSITUTION(0.14)				0	
22657	999	0		0.0				ADD_HPMAX(0.18)\nADD_HITRATE(0.003)\nADD_AGILITY(0.14)				0	
22658	999	0		0.0				ADD_HPMAX(0.18)\nADD_HITRATE(0.003)\nADD_PERCEPTION(0.14)				0	
22659	999	0		0.0				ADD_HPMAX(0.18)\nADD_HITRATE(0.003)\nADD_INTELLECT(0.14)				0	
22660	999	0		0.0				ADD_HPMAX(0.18)\nADD_HITRATE(0.003)\nADD_ANTI_POWERHIT(0.01)				0	
22661	999	0		0.0				ADD_HPMAX(0.18)\nADD_HITRATE(0.003)\nADD_MULTIPLY_POWERDAM(0.1)				0	
22662	999	0		0.0				ADD_HPMAX(0.18)\nADD_HITRATE(0.003)\nADD_ABSORB_POWERDAM(0.1)				0	
22663	999	0		0.0				ADD_HPMAX(0.18)\nADD_HITRATE(0.003)\nADD_ABSORB_SHIELD(0.1)				0	
22664	999	0		0.0				ADD_HPMAX(0.18)\nADD_DODGE(0.003)\nADD_STRENGH(0.14)				0	
22665	999	0		0.0				ADD_HPMAX(0.18)\nADD_DODGE(0.003)\nADD_CONSITUTION(0.14)				0	
22666	999	0		0.0				ADD_HPMAX(0.18)\nADD_DODGE(0.003)\nADD_AGILITY(0.14)				0	
22667	999	0		0.0				ADD_HPMAX(0.18)\nADD_DODGE(0.003)\nADD_PERCEPTION(0.14)				0	
22668	999	0		0.0				ADD_HPMAX(0.18)\nADD_DODGE(0.003)\nADD_INTELLECT(0.14)				0	
22669	999	0		0.0				ADD_HPMAX(0.18)\nADD_DODGE(0.003)\nADD_ANTI_POWERHIT(0.01)				0	
22670	999	0		0.0				ADD_HPMAX(0.18)\nADD_DODGE(0.003)\nADD_MULTIPLY_POWERDAM(0.1)				0	
22671	999	0		0.0				ADD_HPMAX(0.18)\nADD_DODGE(0.003)\nADD_ABSORB_POWERDAM(0.1)				0	
22672	999	0		0.0				ADD_HPMAX(0.18)\nADD_DODGE(0.003)\nADD_ABSORB_SHIELD(0.1)				0	
22673	999	0		0.0				ADD_HPMAX(0.18)\nADD_POWERHIT(0.003)\nADD_STRENGH(0.14)				0	
22674	999	0		0.0				ADD_HPMAX(0.18)\nADD_POWERHIT(0.003)\nADD_CONSITUTION(0.14)				0	
22675	999	0		0.0				ADD_HPMAX(0.18)\nADD_POWERHIT(0.003)\nADD_AGILITY(0.14)				0	
22676	999	0		0.0				ADD_HPMAX(0.18)\nADD_POWERHIT(0.003)\nADD_PERCEPTION(0.14)				0	
22677	999	0		0.0				ADD_HPMAX(0.18)\nADD_POWERHIT(0.003)\nADD_INTELLECT(0.14)				0	
22678	999	0		0.0				ADD_HPMAX(0.18)\nADD_POWERHIT(0.003)\nADD_ANTI_POWERHIT(0.01)				0	
22679	999	0		0.0				ADD_HPMAX(0.18)\nADD_POWERHIT(0.003)\nADD_MULTIPLY_POWERDAM(0.1)				0	
22680	999	0		0.0				ADD_HPMAX(0.18)\nADD_POWERHIT(0.003)\nADD_ABSORB_POWERDAM(0.1)				0	
22681	999	0		0.0				ADD_HPMAX(0.18)\nADD_POWERHIT(0.003)\nADD_ABSORB_SHIELD(0.1)				0	
22682	999	0		0.0				ADD_HPMAX(0.18)\nADD_STRENGH(0.09)\nADD_CONSITUTION(0.14)				0	
22683	999	0		0.0				ADD_HPMAX(0.18)\nADD_STRENGH(0.09)\nADD_AGILITY(0.14)				0	
22684	999	0		0.0				ADD_HPMAX(0.18)\nADD_STRENGH(0.09)\nADD_PERCEPTION(0.14)				0	
22685	999	0		0.0				ADD_HPMAX(0.18)\nADD_STRENGH(0.09)\nADD_INTELLECT(0.14)				0	
22686	999	0		0.0				ADD_HPMAX(0.18)\nADD_STRENGH(0.09)\nADD_ANTI_POWERHIT(0.01)				0	
22687	999	0		0.0				ADD_HPMAX(0.18)\nADD_STRENGH(0.09)\nADD_MULTIPLY_POWERDAM(0.1)				0	
22688	999	0		0.0				ADD_HPMAX(0.18)\nADD_STRENGH(0.09)\nADD_ABSORB_POWERDAM(0.1)				0	
22689	999	0		0.0				ADD_HPMAX(0.18)\nADD_STRENGH(0.09)\nADD_ABSORB_SHIELD(0.1)				0	
22690	999	0		0.0				ADD_HPMAX(0.18)\nADD_CONSITUTION(0.09)\nADD_STRENGH(0.14)				0	
22691	999	0		0.0				ADD_HPMAX(0.18)\nADD_CONSITUTION(0.09)\nADD_AGILITY(0.14)				0	
22692	999	0		0.0				ADD_HPMAX(0.18)\nADD_CONSITUTION(0.09)\nADD_PERCEPTION(0.14)				0	
22693	999	0		0.0				ADD_HPMAX(0.18)\nADD_CONSITUTION(0.09)\nADD_INTELLECT(0.14)				0	
22694	999	0		0.0				ADD_HPMAX(0.18)\nADD_CONSITUTION(0.09)\nADD_ANTI_POWERHIT(0.01)				0	
22695	999	0		0.0				ADD_HPMAX(0.18)\nADD_CONSITUTION(0.09)\nADD_MULTIPLY_POWERDAM(0.1)				0	
22696	999	0		0.0				ADD_HPMAX(0.18)\nADD_CONSITUTION(0.09)\nADD_ABSORB_POWERDAM(0.1)				0	
22697	999	0		0.0				ADD_HPMAX(0.18)\nADD_CONSITUTION(0.09)\nADD_ABSORB_SHIELD(0.1)				0	
22698	999	0		0.0				ADD_HPMAX(0.18)\nADD_AGILITY(0.09)\nADD_STRENGH(0.14)				0	
22699	999	0		0.0				ADD_HPMAX(0.18)\nADD_AGILITY(0.09)\nADD_CONSITUTION(0.14)				0	
22700	999	0		0.0				ADD_HPMAX(0.18)\nADD_AGILITY(0.09)\nADD_PERCEPTION(0.14)				0	
22701	999	0		0.0				ADD_HPMAX(0.18)\nADD_AGILITY(0.09)\nADD_INTELLECT(0.14)				0	
22702	999	0		0.0				ADD_HPMAX(0.18)\nADD_AGILITY(0.09)\nADD_ANTI_POWERHIT(0.01)				0	
22703	999	0		0.0				ADD_HPMAX(0.18)\nADD_AGILITY(0.09)\nADD_MULTIPLY_POWERDAM(0.1)				0	
22704	999	0		0.0				ADD_HPMAX(0.18)\nADD_AGILITY(0.09)\nADD_ABSORB_POWERDAM(0.1)				0	
22705	999	0		0.0				ADD_HPMAX(0.18)\nADD_AGILITY(0.09)\nADD_ABSORB_SHIELD(0.1)				0	
22706	999	0		0.0				ADD_HPMAX(0.18)\nADD_PERCEPTION(0.09)\nADD_STRENGH(0.14)				0	
22707	999	0		0.0				ADD_HPMAX(0.18)\nADD_PERCEPTION(0.09)\nADD_CONSITUTION(0.14)				0	
22708	999	0		0.0				ADD_HPMAX(0.18)\nADD_PERCEPTION(0.09)\nADD_AGILITY(0.14)				0	
22709	999	0		0.0				ADD_HPMAX(0.18)\nADD_PERCEPTION(0.09)\nADD_INTELLECT(0.14)				0	
22710	999	0		0.0				ADD_HPMAX(0.18)\nADD_PERCEPTION(0.09)\nADD_ANTI_POWERHIT(0.01)				0	
22711	999	0		0.0				ADD_HPMAX(0.18)\nADD_PERCEPTION(0.09)\nADD_MULTIPLY_POWERDAM(0.1)				0	
22712	999	0		0.0				ADD_HPMAX(0.18)\nADD_PERCEPTION(0.09)\nADD_ABSORB_POWERDAM(0.1)				0	
22713	999	0		0.0				ADD_HPMAX(0.18)\nADD_PERCEPTION(0.09)\nADD_ABSORB_SHIELD(0.1)				0	
22714	999	0		0.0				ADD_HPMAX(0.18)\nADD_INTELLECT(0.09)\nADD_STRENGH(0.14)				0	
22715	999	0		0.0				ADD_HPMAX(0.18)\nADD_INTELLECT(0.09)\nADD_CONSITUTION(0.14)				0	
22716	999	0		0.0				ADD_HPMAX(0.18)\nADD_INTELLECT(0.09)\nADD_AGILITY(0.14)				0	
22717	999	0		0.0				ADD_HPMAX(0.18)\nADD_INTELLECT(0.09)\nADD_PERCEPTION(0.14)				0	
22718	999	0		0.0				ADD_HPMAX(0.18)\nADD_INTELLECT(0.09)\nADD_ANTI_POWERHIT(0.01)				0	
22719	999	0		0.0				ADD_HPMAX(0.18)\nADD_INTELLECT(0.09)\nADD_MULTIPLY_POWERDAM(0.1)				0	
22720	999	0		0.0				ADD_HPMAX(0.18)\nADD_INTELLECT(0.09)\nADD_ABSORB_POWERDAM(0.1)				0	
22721	999	0		0.0				ADD_HPMAX(0.18)\nADD_INTELLECT(0.09)\nADD_ABSORB_SHIELD(0.1)				0	
22722	999	0		0.0				ADD_HPMAX(0.18)\nADD_DAMMIPHYSICS(0.1)\nADD_STRENGH(0.14)				0	
22723	999	0		0.0				ADD_HPMAX(0.18)\nADD_DAMMIPHYSICS(0.1)\nADD_CONSITUTION(0.14)				0	
22724	999	0		0.0				ADD_HPMAX(0.18)\nADD_DAMMIPHYSICS(0.1)\nADD_AGILITY(0.14)				0	
22725	999	0		0.0				ADD_HPMAX(0.18)\nADD_DAMMIPHYSICS(0.1)\nADD_PERCEPTION(0.14)				0	
22726	999	0		0.0				ADD_HPMAX(0.18)\nADD_DAMMIPHYSICS(0.1)\nADD_INTELLECT(0.14)				0	
22727	999	0		0.0				ADD_HPMAX(0.18)\nADD_DAMMIPHYSICS(0.1)\nADD_ANTI_POWERHIT(0.01)				0	
22728	999	0		0.0				ADD_HPMAX(0.18)\nADD_DAMMIPHYSICS(0.1)\nADD_MULTIPLY_POWERDAM(0.1)				0	
22729	999	0		0.0				ADD_HPMAX(0.18)\nADD_DAMMIPHYSICS(0.1)\nADD_ABSORB_POWERDAM(0.1)				0	
22730	999	0		0.0				ADD_HPMAX(0.18)\nADD_DAMMIPHYSICS(0.1)\nADD_ABSORB_SHIELD(0.1)				0	
22731	999	0		0.0				ADD_HPMAX(0.18)\nADD_DAMMIMAGIC(0.1)\nADD_STRENGH(0.14)				0	
22732	999	0		0.0				ADD_HPMAX(0.18)\nADD_DAMMIMAGIC(0.1)\nADD_CONSITUTION(0.14)				0	
22733	999	0		0.0				ADD_HPMAX(0.18)\nADD_DAMMIMAGIC(0.1)\nADD_AGILITY(0.14)				0	
22734	999	0		0.0				ADD_HPMAX(0.18)\nADD_DAMMIMAGIC(0.1)\nADD_PERCEPTION(0.14)				0	
22735	999	0		0.0				ADD_HPMAX(0.18)\nADD_DAMMIMAGIC(0.1)\nADD_INTELLECT(0.14)				0	
22736	999	0		0.0				ADD_HPMAX(0.18)\nADD_DAMMIMAGIC(0.1)\nADD_ANTI_POWERHIT(0.01)				0	
22737	999	0		0.0				ADD_HPMAX(0.18)\nADD_DAMMIMAGIC(0.1)\nADD_MULTIPLY_POWERDAM(0.1)				0	
22738	999	0		0.0				ADD_HPMAX(0.18)\nADD_DAMMIMAGIC(0.1)\nADD_ABSORB_POWERDAM(0.1)				0	
22739	999	0		0.0				ADD_HPMAX(0.18)\nADD_DAMMIMAGIC(0.1)\nADD_ABSORB_SHIELD(0.1)				0	
22740	999	0		0.0				ADD_HPMAX(0.18)\nADD_AC_PHYSICS(0.32)\nADD_STRENGH(0.14)				0	
22741	999	0		0.0				ADD_HPMAX(0.18)\nADD_AC_PHYSICS(0.32)\nADD_CONSITUTION(0.14)				0	
22742	999	0		0.0				ADD_HPMAX(0.18)\nADD_AC_PHYSICS(0.32)\nADD_AGILITY(0.14)				0	
22743	999	0		0.0				ADD_HPMAX(0.18)\nADD_AC_PHYSICS(0.32)\nADD_PERCEPTION(0.14)				0	
22744	999	0		0.0				ADD_HPMAX(0.18)\nADD_AC_PHYSICS(0.32)\nADD_INTELLECT(0.14)				0	
22745	999	0		0.0				ADD_HPMAX(0.18)\nADD_AC_PHYSICS(0.32)\nADD_ANTI_POWERHIT(0.01)				0	
22746	999	0		0.0				ADD_HPMAX(0.18)\nADD_AC_PHYSICS(0.32)\nADD_MULTIPLY_POWERDAM(0.1)				0	
22747	999	0		0.0				ADD_HPMAX(0.18)\nADD_AC_PHYSICS(0.32)\nADD_ABSORB_POWERDAM(0.1)				0	
22748	999	0		0.0				ADD_HPMAX(0.18)\nADD_AC_PHYSICS(0.32)\nADD_ABSORB_SHIELD(0.1)				0	
22749	999	0		0.0				ADD_HPMAX(0.18)\nADD_AC_MAGIC(0.32)\nADD_STRENGH(0.14)				0	
22750	999	0		0.0				ADD_HPMAX(0.18)\nADD_AC_MAGIC(0.32)\nADD_CONSITUTION(0.14)				0	
22751	999	0		0.0				ADD_HPMAX(0.18)\nADD_AC_MAGIC(0.32)\nADD_AGILITY(0.14)				0	
22752	999	0		0.0				ADD_HPMAX(0.18)\nADD_AC_MAGIC(0.32)\nADD_PERCEPTION(0.14)				0	
22753	999	0		0.0				ADD_HPMAX(0.18)\nADD_AC_MAGIC(0.32)\nADD_INTELLECT(0.14)				0	
22754	999	0		0.0				ADD_HPMAX(0.18)\nADD_AC_MAGIC(0.32)\nADD_ANTI_POWERHIT(0.01)				0	
22755	999	0		0.0				ADD_HPMAX(0.18)\nADD_AC_MAGIC(0.32)\nADD_MULTIPLY_POWERDAM(0.1)				0	
22756	999	0		0.0				ADD_HPMAX(0.18)\nADD_AC_MAGIC(0.32)\nADD_ABSORB_POWERDAM(0.1)				0	
22757	999	0		0.0				ADD_HPMAX(0.18)\nADD_AC_MAGIC(0.32)\nADD_ABSORB_SHIELD(0.1)				0	
22758	999	0		0.0				ADD_HPMAX(0.18)\nADD_PENETRATE_PHYSICS(0.3)\nADD_STRENGH(0.14)				0	
22759	999	0		0.0				ADD_HPMAX(0.18)\nADD_PENETRATE_PHYSICS(0.3)\nADD_CONSITUTION(0.14)				0	
22760	999	0		0.0				ADD_HPMAX(0.18)\nADD_PENETRATE_PHYSICS(0.3)\nADD_AGILITY(0.14)				0	
22761	999	0		0.0				ADD_HPMAX(0.18)\nADD_PENETRATE_PHYSICS(0.3)\nADD_PERCEPTION(0.14)				0	
22762	999	0		0.0				ADD_HPMAX(0.18)\nADD_PENETRATE_PHYSICS(0.3)\nADD_INTELLECT(0.14)				0	
22763	999	0		0.0				ADD_HPMAX(0.18)\nADD_PENETRATE_PHYSICS(0.3)\nADD_ANTI_POWERHIT(0.01)				0	
22764	999	0		0.0				ADD_HPMAX(0.18)\nADD_PENETRATE_PHYSICS(0.3)\nADD_MULTIPLY_POWERDAM(0.1)				0	
22765	999	0		0.0				ADD_HPMAX(0.18)\nADD_PENETRATE_PHYSICS(0.3)\nADD_ABSORB_POWERDAM(0.1)				0	
22766	999	0		0.0				ADD_HPMAX(0.18)\nADD_PENETRATE_PHYSICS(0.3)\nADD_ABSORB_SHIELD(0.1)				0	
22767	999	0		0.0				ADD_HPMAX(0.18)\nADD_PENETRATE_MAGIC(0.3)\nADD_STRENGH(0.14)				0	
22768	999	0		0.0				ADD_HPMAX(0.18)\nADD_PENETRATE_MAGIC(0.3)\nADD_CONSITUTION(0.14)				0	
22769	999	0		0.0				ADD_HPMAX(0.18)\nADD_PENETRATE_MAGIC(0.3)\nADD_AGILITY(0.14)				0	
22770	999	0		0.0				ADD_HPMAX(0.18)\nADD_PENETRATE_MAGIC(0.3)\nADD_PERCEPTION(0.14)				0	
22771	999	0		0.0				ADD_HPMAX(0.18)\nADD_PENETRATE_MAGIC(0.3)\nADD_INTELLECT(0.14)				0	
22772	999	0		0.0				ADD_HPMAX(0.18)\nADD_PENETRATE_MAGIC(0.3)\nADD_ANTI_POWERHIT(0.01)				0	
22773	999	0		0.0				ADD_HPMAX(0.18)\nADD_PENETRATE_MAGIC(0.3)\nADD_MULTIPLY_POWERDAM(0.1)				0	
22774	999	0		0.0				ADD_HPMAX(0.18)\nADD_PENETRATE_MAGIC(0.3)\nADD_ABSORB_POWERDAM(0.1)				0	
22775	999	0		0.0				ADD_HPMAX(0.18)\nADD_PENETRATE_MAGIC(0.3)\nADD_ABSORB_SHIELD(0.1)				0	
22776	999	0		0.0				ADD_HPMAX(0.18)\nADD_HITRATE(0.006)\nADD_STRENGH(0.14)				0	
22777	999	0		0.0				ADD_HPMAX(0.18)\nADD_HITRATE(0.006)\nADD_CONSITUTION(0.14)				0	
22778	999	0		0.0				ADD_HPMAX(0.18)\nADD_HITRATE(0.006)\nADD_AGILITY(0.14)				0	
22779	999	0		0.0				ADD_HPMAX(0.18)\nADD_HITRATE(0.006)\nADD_PERCEPTION(0.14)				0	
22780	999	0		0.0				ADD_HPMAX(0.18)\nADD_HITRATE(0.006)\nADD_INTELLECT(0.14)				0	
22781	999	0		0.0				ADD_HPMAX(0.18)\nADD_HITRATE(0.006)\nADD_ANTI_POWERHIT(0.01)				0	
22782	999	0		0.0				ADD_HPMAX(0.18)\nADD_HITRATE(0.006)\nADD_MULTIPLY_POWERDAM(0.1)				0	
22783	999	0		0.0				ADD_HPMAX(0.18)\nADD_HITRATE(0.006)\nADD_ABSORB_POWERDAM(0.1)				0	
22784	999	0		0.0				ADD_HPMAX(0.18)\nADD_HITRATE(0.006)\nADD_ABSORB_SHIELD(0.1)				0	
22785	999	0		0.0				ADD_HPMAX(0.18)\nADD_DODGE(0.006)\nADD_STRENGH(0.14)				0	
22786	999	0		0.0				ADD_HPMAX(0.18)\nADD_DODGE(0.006)\nADD_CONSITUTION(0.14)				0	
22787	999	0		0.0				ADD_HPMAX(0.18)\nADD_DODGE(0.006)\nADD_AGILITY(0.14)				0	
22788	999	0		0.0				ADD_HPMAX(0.18)\nADD_DODGE(0.006)\nADD_PERCEPTION(0.14)				0	
22789	999	0		0.0				ADD_HPMAX(0.18)\nADD_DODGE(0.006)\nADD_INTELLECT(0.14)				0	
22790	999	0		0.0				ADD_HPMAX(0.18)\nADD_DODGE(0.006)\nADD_ANTI_POWERHIT(0.01)				0	
22791	999	0		0.0				ADD_HPMAX(0.18)\nADD_DODGE(0.006)\nADD_MULTIPLY_POWERDAM(0.1)				0	
22792	999	0		0.0				ADD_HPMAX(0.18)\nADD_DODGE(0.006)\nADD_ABSORB_POWERDAM(0.1)				0	
22793	999	0		0.0				ADD_HPMAX(0.18)\nADD_DODGE(0.006)\nADD_ABSORB_SHIELD(0.1)				0	
22794	999	0		0.0				ADD_HPMAX(0.18)\nADD_POWERHIT(0.006)\nADD_STRENGH(0.14)				0	
22795	999	0		0.0				ADD_HPMAX(0.18)\nADD_POWERHIT(0.006)\nADD_CONSITUTION(0.14)				0	
22796	999	0		0.0				ADD_HPMAX(0.18)\nADD_POWERHIT(0.006)\nADD_AGILITY(0.14)				0	
22797	999	0		0.0				ADD_HPMAX(0.18)\nADD_POWERHIT(0.006)\nADD_PERCEPTION(0.14)				0	
22798	999	0		0.0				ADD_HPMAX(0.18)\nADD_POWERHIT(0.006)\nADD_INTELLECT(0.14)				0	
22799	999	0		0.0				ADD_HPMAX(0.18)\nADD_POWERHIT(0.006)\nADD_ANTI_POWERHIT(0.01)				0	
22800	999	0		0.0				ADD_HPMAX(0.18)\nADD_POWERHIT(0.006)\nADD_MULTIPLY_POWERDAM(0.1)				0	
22801	999	0		0.0				ADD_HPMAX(0.18)\nADD_POWERHIT(0.006)\nADD_ABSORB_POWERDAM(0.1)				0	
22802	999	0		0.0				ADD_HPMAX(0.18)\nADD_POWERHIT(0.006)\nADD_ABSORB_SHIELD(0.1)				0	
22803	999	0		0.0				ADD_HPMAX(0.18)\nADD_STRENGH(0.14)\nADD_CONSITUTION(0.14)				0	
22804	999	0		0.0				ADD_HPMAX(0.18)\nADD_STRENGH(0.14)\nADD_AGILITY(0.14)				0	
22805	999	0		0.0				ADD_HPMAX(0.18)\nADD_STRENGH(0.14)\nADD_PERCEPTION(0.14)				0	
22806	999	0		0.0				ADD_HPMAX(0.18)\nADD_STRENGH(0.14)\nADD_INTELLECT(0.14)				0	
22807	999	0		0.0				ADD_HPMAX(0.18)\nADD_STRENGH(0.14)\nADD_ANTI_POWERHIT(0.01)				0	
22808	999	0		0.0				ADD_HPMAX(0.18)\nADD_STRENGH(0.14)\nADD_MULTIPLY_POWERDAM(0.1)				0	
22809	999	0		0.0				ADD_HPMAX(0.18)\nADD_STRENGH(0.14)\nADD_ABSORB_POWERDAM(0.1)				0	
22810	999	0		0.0				ADD_HPMAX(0.18)\nADD_STRENGH(0.14)\nADD_ABSORB_SHIELD(0.1)				0	
22811	999	0		0.0				ADD_HPMAX(0.18)\nADD_CONSITUTION(0.14)\nADD_STRENGH(0.14)				0	
22812	999	0		0.0				ADD_HPMAX(0.18)\nADD_CONSITUTION(0.14)\nADD_AGILITY(0.14)				0	
22813	999	0		0.0				ADD_HPMAX(0.18)\nADD_CONSITUTION(0.14)\nADD_PERCEPTION(0.14)				0	
22814	999	0		0.0				ADD_HPMAX(0.18)\nADD_CONSITUTION(0.14)\nADD_INTELLECT(0.14)				0	
22815	999	0		0.0				ADD_HPMAX(0.18)\nADD_CONSITUTION(0.14)\nADD_ANTI_POWERHIT(0.01)				0	
22816	999	0		0.0				ADD_HPMAX(0.18)\nADD_CONSITUTION(0.14)\nADD_MULTIPLY_POWERDAM(0.1)				0	
22817	999	0		0.0				ADD_HPMAX(0.18)\nADD_CONSITUTION(0.14)\nADD_ABSORB_POWERDAM(0.1)				0	
22818	999	0		0.0				ADD_HPMAX(0.18)\nADD_CONSITUTION(0.14)\nADD_ABSORB_SHIELD(0.1)				0	
22819	999	0		0.0				ADD_HPMAX(0.18)\nADD_AGILITY(0.14)\nADD_STRENGH(0.14)				0	
22820	999	0		0.0				ADD_HPMAX(0.18)\nADD_AGILITY(0.14)\nADD_CONSITUTION(0.14)				0	
22821	999	0		0.0				ADD_HPMAX(0.18)\nADD_AGILITY(0.14)\nADD_PERCEPTION(0.14)				0	
22822	999	0		0.0				ADD_HPMAX(0.18)\nADD_AGILITY(0.14)\nADD_INTELLECT(0.14)				0	
22823	999	0		0.0				ADD_HPMAX(0.18)\nADD_AGILITY(0.14)\nADD_ANTI_POWERHIT(0.01)				0	
22824	999	0		0.0				ADD_HPMAX(0.18)\nADD_AGILITY(0.14)\nADD_MULTIPLY_POWERDAM(0.1)				0	
22825	999	0		0.0				ADD_HPMAX(0.18)\nADD_AGILITY(0.14)\nADD_ABSORB_POWERDAM(0.1)				0	
22826	999	0		0.0				ADD_HPMAX(0.18)\nADD_AGILITY(0.14)\nADD_ABSORB_SHIELD(0.1)				0	
22827	999	0		0.0				ADD_HPMAX(0.18)\nADD_PERCEPTION(0.14)\nADD_STRENGH(0.14)				0	
22828	999	0		0.0				ADD_HPMAX(0.18)\nADD_PERCEPTION(0.14)\nADD_CONSITUTION(0.14)				0	
22829	999	0		0.0				ADD_HPMAX(0.18)\nADD_PERCEPTION(0.14)\nADD_AGILITY(0.14)				0	
22830	999	0		0.0				ADD_HPMAX(0.18)\nADD_PERCEPTION(0.14)\nADD_INTELLECT(0.14)				0	
22831	999	0		0.0				ADD_HPMAX(0.18)\nADD_PERCEPTION(0.14)\nADD_ANTI_POWERHIT(0.01)				0	
22832	999	0		0.0				ADD_HPMAX(0.18)\nADD_PERCEPTION(0.14)\nADD_MULTIPLY_POWERDAM(0.1)				0	
22833	999	0		0.0				ADD_HPMAX(0.18)\nADD_PERCEPTION(0.14)\nADD_ABSORB_POWERDAM(0.1)				0	
22834	999	0		0.0				ADD_HPMAX(0.18)\nADD_PERCEPTION(0.14)\nADD_ABSORB_SHIELD(0.1)				0	
22835	999	0		0.0				ADD_HPMAX(0.18)\nADD_INTELLECT(0.14)\nADD_STRENGH(0.14)				0	
22836	999	0		0.0				ADD_HPMAX(0.18)\nADD_INTELLECT(0.14)\nADD_CONSITUTION(0.14)				0	
22837	999	0		0.0				ADD_HPMAX(0.18)\nADD_INTELLECT(0.14)\nADD_AGILITY(0.14)				0	
22838	999	0		0.0				ADD_HPMAX(0.18)\nADD_INTELLECT(0.14)\nADD_PERCEPTION(0.14)				0	
22839	999	0		0.0				ADD_HPMAX(0.18)\nADD_INTELLECT(0.14)\nADD_ANTI_POWERHIT(0.01)				0	
22840	999	0		0.0				ADD_HPMAX(0.18)\nADD_INTELLECT(0.14)\nADD_MULTIPLY_POWERDAM(0.1)				0	
22841	999	0		0.0				ADD_HPMAX(0.18)\nADD_INTELLECT(0.14)\nADD_ABSORB_POWERDAM(0.1)				0	
22842	999	0		0.0				ADD_HPMAX(0.18)\nADD_INTELLECT(0.14)\nADD_ABSORB_SHIELD(0.1)				0	
22843	999	0		0.0				ADD_HPMAX(0.18)\nADD_DAMMIPHYSICS(0.15)\nADD_STRENGH(0.14)				0	
22844	999	0		0.0				ADD_HPMAX(0.18)\nADD_DAMMIPHYSICS(0.15)\nADD_CONSITUTION(0.14)				0	
22845	999	0		0.0				ADD_HPMAX(0.18)\nADD_DAMMIPHYSICS(0.15)\nADD_AGILITY(0.14)				0	
22846	999	0		0.0				ADD_HPMAX(0.18)\nADD_DAMMIPHYSICS(0.15)\nADD_PERCEPTION(0.14)				0	
22847	999	0		0.0				ADD_HPMAX(0.18)\nADD_DAMMIPHYSICS(0.15)\nADD_INTELLECT(0.14)				0	
22848	999	0		0.0				ADD_HPMAX(0.18)\nADD_DAMMIPHYSICS(0.15)\nADD_ANTI_POWERHIT(0.01)				0	
22849	999	0		0.0				ADD_HPMAX(0.18)\nADD_DAMMIPHYSICS(0.15)\nADD_MULTIPLY_POWERDAM(0.1)				0	
22850	999	0		0.0				ADD_HPMAX(0.18)\nADD_DAMMIPHYSICS(0.15)\nADD_ABSORB_POWERDAM(0.1)				0	
22851	999	0		0.0				ADD_HPMAX(0.18)\nADD_DAMMIPHYSICS(0.15)\nADD_ABSORB_SHIELD(0.1)				0	
22852	999	0		0.0				ADD_HPMAX(0.18)\nADD_DAMMIMAGIC(0.15)\nADD_STRENGH(0.14)				0	
22853	999	0		0.0				ADD_HPMAX(0.18)\nADD_DAMMIMAGIC(0.15)\nADD_CONSITUTION(0.14)				0	
22854	999	0		0.0				ADD_HPMAX(0.18)\nADD_DAMMIMAGIC(0.15)\nADD_AGILITY(0.14)				0	
22855	999	0		0.0				ADD_HPMAX(0.18)\nADD_DAMMIMAGIC(0.15)\nADD_PERCEPTION(0.14)				0	
22856	999	0		0.0				ADD_HPMAX(0.18)\nADD_DAMMIMAGIC(0.15)\nADD_INTELLECT(0.14)				0	
22857	999	0		0.0				ADD_HPMAX(0.18)\nADD_DAMMIMAGIC(0.15)\nADD_ANTI_POWERHIT(0.01)				0	
22858	999	0		0.0				ADD_HPMAX(0.18)\nADD_DAMMIMAGIC(0.15)\nADD_MULTIPLY_POWERDAM(0.1)				0	
22859	999	0		0.0				ADD_HPMAX(0.18)\nADD_DAMMIMAGIC(0.15)\nADD_ABSORB_POWERDAM(0.1)				0	
22860	999	0		0.0				ADD_HPMAX(0.18)\nADD_DAMMIMAGIC(0.15)\nADD_ABSORB_SHIELD(0.1)				0	
22861	999	0		0.0				ADD_HPMAX(0.18)\nADD_AC_PHYSICS(0.5)\nADD_STRENGH(0.14)				0	
22862	999	0		0.0				ADD_HPMAX(0.18)\nADD_AC_PHYSICS(0.5)\nADD_CONSITUTION(0.14)				0	
22863	999	0		0.0				ADD_HPMAX(0.18)\nADD_AC_PHYSICS(0.5)\nADD_AGILITY(0.14)				0	
22864	999	0		0.0				ADD_HPMAX(0.18)\nADD_AC_PHYSICS(0.5)\nADD_PERCEPTION(0.14)				0	
22865	999	0		0.0				ADD_HPMAX(0.18)\nADD_AC_PHYSICS(0.5)\nADD_INTELLECT(0.14)				0	
22866	999	0		0.0				ADD_HPMAX(0.18)\nADD_AC_PHYSICS(0.5)\nADD_ANTI_POWERHIT(0.01)				0	
22867	999	0		0.0				ADD_HPMAX(0.18)\nADD_AC_PHYSICS(0.5)\nADD_MULTIPLY_POWERDAM(0.1)				0	
22868	999	0		0.0				ADD_HPMAX(0.18)\nADD_AC_PHYSICS(0.5)\nADD_ABSORB_POWERDAM(0.1)				0	
22869	999	0		0.0				ADD_HPMAX(0.18)\nADD_AC_PHYSICS(0.5)\nADD_ABSORB_SHIELD(0.1)				0	
22870	999	0		0.0				ADD_HPMAX(0.18)\nADD_AC_MAGIC(0.5)\nADD_STRENGH(0.14)				0	
22871	999	0		0.0				ADD_HPMAX(0.18)\nADD_AC_MAGIC(0.5)\nADD_CONSITUTION(0.14)				0	
22872	999	0		0.0				ADD_HPMAX(0.18)\nADD_AC_MAGIC(0.5)\nADD_AGILITY(0.14)				0	
22873	999	0		0.0				ADD_HPMAX(0.18)\nADD_AC_MAGIC(0.5)\nADD_PERCEPTION(0.14)				0	
22874	999	0		0.0				ADD_HPMAX(0.18)\nADD_AC_MAGIC(0.5)\nADD_INTELLECT(0.14)				0	
22875	999	0		0.0				ADD_HPMAX(0.18)\nADD_AC_MAGIC(0.5)\nADD_ANTI_POWERHIT(0.01)				0	
22876	999	0		0.0				ADD_HPMAX(0.18)\nADD_AC_MAGIC(0.5)\nADD_MULTIPLY_POWERDAM(0.1)				0	
22877	999	0		0.0				ADD_HPMAX(0.18)\nADD_AC_MAGIC(0.5)\nADD_ABSORB_POWERDAM(0.1)				0	
22878	999	0		0.0				ADD_HPMAX(0.18)\nADD_AC_MAGIC(0.5)\nADD_ABSORB_SHIELD(0.1)				0	
22879	999	0		0.0				ADD_HPMAX(0.18)\nADD_PENETRATE_PHYSICS(0.45)\nADD_STRENGH(0.14)				0	
22880	999	0		0.0				ADD_HPMAX(0.18)\nADD_PENETRATE_PHYSICS(0.45)\nADD_CONSITUTION(0.14)				0	
22881	999	0		0.0				ADD_HPMAX(0.18)\nADD_PENETRATE_PHYSICS(0.45)\nADD_AGILITY(0.14)				0	
22882	999	0		0.0				ADD_HPMAX(0.18)\nADD_PENETRATE_PHYSICS(0.45)\nADD_PERCEPTION(0.14)				0	
22883	999	0		0.0				ADD_HPMAX(0.18)\nADD_PENETRATE_PHYSICS(0.45)\nADD_INTELLECT(0.14)				0	
22884	999	0		0.0				ADD_HPMAX(0.18)\nADD_PENETRATE_PHYSICS(0.45)\nADD_ANTI_POWERHIT(0.01)				0	
22885	999	0		0.0				ADD_HPMAX(0.18)\nADD_PENETRATE_PHYSICS(0.45)\nADD_MULTIPLY_POWERDAM(0.1)				0	
22886	999	0		0.0				ADD_HPMAX(0.18)\nADD_PENETRATE_PHYSICS(0.45)\nADD_ABSORB_POWERDAM(0.1)				0	
22887	999	0		0.0				ADD_HPMAX(0.18)\nADD_PENETRATE_PHYSICS(0.45)\nADD_ABSORB_SHIELD(0.1)				0	
22888	999	0		0.0				ADD_HPMAX(0.18)\nADD_PENETRATE_MAGIC(0.45)\nADD_STRENGH(0.14)				0	
22889	999	0		0.0				ADD_HPMAX(0.18)\nADD_PENETRATE_MAGIC(0.45)\nADD_CONSITUTION(0.14)				0	
22890	999	0		0.0				ADD_HPMAX(0.18)\nADD_PENETRATE_MAGIC(0.45)\nADD_AGILITY(0.14)				0	
22891	999	0		0.0				ADD_HPMAX(0.18)\nADD_PENETRATE_MAGIC(0.45)\nADD_PERCEPTION(0.14)				0	
22892	999	0		0.0				ADD_HPMAX(0.18)\nADD_PENETRATE_MAGIC(0.45)\nADD_INTELLECT(0.14)				0	
22893	999	0		0.0				ADD_HPMAX(0.18)\nADD_PENETRATE_MAGIC(0.45)\nADD_ANTI_POWERHIT(0.01)				0	
22894	999	0		0.0				ADD_HPMAX(0.18)\nADD_PENETRATE_MAGIC(0.45)\nADD_MULTIPLY_POWERDAM(0.1)				0	
22895	999	0		0.0				ADD_HPMAX(0.18)\nADD_PENETRATE_MAGIC(0.45)\nADD_ABSORB_POWERDAM(0.1)				0	
22896	999	0		0.0				ADD_HPMAX(0.18)\nADD_PENETRATE_MAGIC(0.45)\nADD_ABSORB_SHIELD(0.1)				0	
22897	999	0		0.0				ADD_HPMAX(0.18)\nADD_HITRATE(0.01)\nADD_STRENGH(0.14)				0	
22898	999	0		0.0				ADD_HPMAX(0.18)\nADD_HITRATE(0.01)\nADD_CONSITUTION(0.14)				0	
22899	999	0		0.0				ADD_HPMAX(0.18)\nADD_HITRATE(0.01)\nADD_AGILITY(0.14)				0	
22900	999	0		0.0				ADD_HPMAX(0.18)\nADD_HITRATE(0.01)\nADD_PERCEPTION(0.14)				0	
22901	999	0		0.0				ADD_HPMAX(0.18)\nADD_HITRATE(0.01)\nADD_INTELLECT(0.14)				0	
22902	999	0		0.0				ADD_HPMAX(0.18)\nADD_HITRATE(0.01)\nADD_ANTI_POWERHIT(0.01)				0	
22903	999	0		0.0				ADD_HPMAX(0.18)\nADD_HITRATE(0.01)\nADD_MULTIPLY_POWERDAM(0.1)				0	
22904	999	0		0.0				ADD_HPMAX(0.18)\nADD_HITRATE(0.01)\nADD_ABSORB_POWERDAM(0.1)				0	
22905	999	0		0.0				ADD_HPMAX(0.18)\nADD_HITRATE(0.01)\nADD_ABSORB_SHIELD(0.1)				0	
22906	999	0		0.0				ADD_HPMAX(0.18)\nADD_DODGE(0.01)\nADD_STRENGH(0.14)				0	
22907	999	0		0.0				ADD_HPMAX(0.18)\nADD_DODGE(0.01)\nADD_CONSITUTION(0.14)				0	
22908	999	0		0.0				ADD_HPMAX(0.18)\nADD_DODGE(0.01)\nADD_AGILITY(0.14)				0	
22909	999	0		0.0				ADD_HPMAX(0.18)\nADD_DODGE(0.01)\nADD_PERCEPTION(0.14)				0	
22910	999	0		0.0				ADD_HPMAX(0.18)\nADD_DODGE(0.01)\nADD_INTELLECT(0.14)				0	
22911	999	0		0.0				ADD_HPMAX(0.18)\nADD_DODGE(0.01)\nADD_ANTI_POWERHIT(0.01)				0	
22912	999	0		0.0				ADD_HPMAX(0.18)\nADD_DODGE(0.01)\nADD_MULTIPLY_POWERDAM(0.1)				0	
22913	999	0		0.0				ADD_HPMAX(0.18)\nADD_DODGE(0.01)\nADD_ABSORB_POWERDAM(0.1)				0	
22914	999	0		0.0				ADD_HPMAX(0.18)\nADD_DODGE(0.01)\nADD_ABSORB_SHIELD(0.1)				0	
22915	999	0		0.0				ADD_HPMAX(0.18)\nADD_POWERHIT(0.01)\nADD_STRENGH(0.14)				0	
22916	999	0		0.0				ADD_HPMAX(0.18)\nADD_POWERHIT(0.01)\nADD_CONSITUTION(0.14)				0	
22917	999	0		0.0				ADD_HPMAX(0.18)\nADD_POWERHIT(0.01)\nADD_AGILITY(0.14)				0	
22918	999	0		0.0				ADD_HPMAX(0.18)\nADD_POWERHIT(0.01)\nADD_PERCEPTION(0.14)				0	
22919	999	0		0.0				ADD_HPMAX(0.18)\nADD_POWERHIT(0.01)\nADD_INTELLECT(0.14)				0	
22920	999	0		0.0				ADD_HPMAX(0.18)\nADD_POWERHIT(0.01)\nADD_ANTI_POWERHIT(0.01)				0	
22921	999	0		0.0				ADD_HPMAX(0.18)\nADD_POWERHIT(0.01)\nADD_MULTIPLY_POWERDAM(0.1)				0	
22922	999	0		0.0				ADD_HPMAX(0.18)\nADD_POWERHIT(0.01)\nADD_ABSORB_POWERDAM(0.1)				0	
22923	999	0		0.0				ADD_HPMAX(0.18)\nADD_POWERHIT(0.01)\nADD_ABSORB_SHIELD(0.1)				0	
22924	999	0		0.0				ADD_DAMMIPHYSICS(0.15)\nADD_STRENGH(0.04)\nADD_CONSITUTION(0.14)				0	
22925	999	0		0.0				ADD_DAMMIPHYSICS(0.15)\nADD_STRENGH(0.04)\nADD_AGILITY(0.14)				0	
22926	999	0		0.0				ADD_DAMMIPHYSICS(0.15)\nADD_STRENGH(0.04)\nADD_PERCEPTION(0.14)				0	
22927	999	0		0.0				ADD_DAMMIPHYSICS(0.15)\nADD_STRENGH(0.04)\nADD_INTELLECT(0.14)				0	
22928	999	0		0.0				ADD_DAMMIPHYSICS(0.15)\nADD_STRENGH(0.04)\nADD_ANTI_POWERHIT(0.01)				0	
22929	999	0		0.0				ADD_DAMMIPHYSICS(0.15)\nADD_STRENGH(0.04)\nADD_MULTIPLY_POWERDAM(0.1)				0	
22930	999	0		0.0				ADD_DAMMIPHYSICS(0.15)\nADD_STRENGH(0.04)\nADD_ABSORB_POWERDAM(0.1)				0	
22931	999	0		0.0				ADD_DAMMIPHYSICS(0.15)\nADD_STRENGH(0.04)\nADD_ABSORB_SHIELD(0.1)				0	
22932	999	0		0.0				ADD_DAMMIPHYSICS(0.15)\nADD_CONSITUTION(0.04)\nADD_STRENGH(0.14)				0	
22933	999	0		0.0				ADD_DAMMIPHYSICS(0.15)\nADD_CONSITUTION(0.04)\nADD_AGILITY(0.14)				0	
22934	999	0		0.0				ADD_DAMMIPHYSICS(0.15)\nADD_CONSITUTION(0.04)\nADD_PERCEPTION(0.14)				0	
22935	999	0		0.0				ADD_DAMMIPHYSICS(0.15)\nADD_CONSITUTION(0.04)\nADD_INTELLECT(0.14)				0	
22936	999	0		0.0				ADD_DAMMIPHYSICS(0.15)\nADD_CONSITUTION(0.04)\nADD_ANTI_POWERHIT(0.01)				0	
22937	999	0		0.0				ADD_DAMMIPHYSICS(0.15)\nADD_CONSITUTION(0.04)\nADD_MULTIPLY_POWERDAM(0.1)				0	
22938	999	0		0.0				ADD_DAMMIPHYSICS(0.15)\nADD_CONSITUTION(0.04)\nADD_ABSORB_POWERDAM(0.1)				0	
22939	999	0		0.0				ADD_DAMMIPHYSICS(0.15)\nADD_CONSITUTION(0.04)\nADD_ABSORB_SHIELD(0.1)				0	
22940	999	0		0.0				ADD_DAMMIPHYSICS(0.15)\nADD_AGILITY(0.04)\nADD_STRENGH(0.14)				0	
22941	999	0		0.0				ADD_DAMMIPHYSICS(0.15)\nADD_AGILITY(0.04)\nADD_CONSITUTION(0.14)				0	
22942	999	0		0.0				ADD_DAMMIPHYSICS(0.15)\nADD_AGILITY(0.04)\nADD_PERCEPTION(0.14)				0	
22943	999	0		0.0				ADD_DAMMIPHYSICS(0.15)\nADD_AGILITY(0.04)\nADD_INTELLECT(0.14)				0	
22944	999	0		0.0				ADD_DAMMIPHYSICS(0.15)\nADD_AGILITY(0.04)\nADD_ANTI_POWERHIT(0.01)				0	
22945	999	0		0.0				ADD_DAMMIPHYSICS(0.15)\nADD_AGILITY(0.04)\nADD_MULTIPLY_POWERDAM(0.1)				0	
22946	999	0		0.0				ADD_DAMMIPHYSICS(0.15)\nADD_AGILITY(0.04)\nADD_ABSORB_POWERDAM(0.1)				0	
22947	999	0		0.0				ADD_DAMMIPHYSICS(0.15)\nADD_AGILITY(0.04)\nADD_ABSORB_SHIELD(0.1)				0	
22948	999	0		0.0				ADD_DAMMIPHYSICS(0.15)\nADD_PERCEPTION(0.04)\nADD_STRENGH(0.14)				0	
22949	999	0		0.0				ADD_DAMMIPHYSICS(0.15)\nADD_PERCEPTION(0.04)\nADD_CONSITUTION(0.14)				0	
22950	999	0		0.0				ADD_DAMMIPHYSICS(0.15)\nADD_PERCEPTION(0.04)\nADD_AGILITY(0.14)				0	
22951	999	0		0.0				ADD_DAMMIPHYSICS(0.15)\nADD_PERCEPTION(0.04)\nADD_INTELLECT(0.14)				0	
22952	999	0		0.0				ADD_DAMMIPHYSICS(0.15)\nADD_PERCEPTION(0.04)\nADD_ANTI_POWERHIT(0.01)				0	
22953	999	0		0.0				ADD_DAMMIPHYSICS(0.15)\nADD_PERCEPTION(0.04)\nADD_MULTIPLY_POWERDAM(0.1)				0	
22954	999	0		0.0				ADD_DAMMIPHYSICS(0.15)\nADD_PERCEPTION(0.04)\nADD_ABSORB_POWERDAM(0.1)				0	
22955	999	0		0.0				ADD_DAMMIPHYSICS(0.15)\nADD_PERCEPTION(0.04)\nADD_ABSORB_SHIELD(0.1)				0	
22956	999	0		0.0				ADD_DAMMIPHYSICS(0.15)\nADD_INTELLECT(0.04)\nADD_STRENGH(0.14)				0	
22957	999	0		0.0				ADD_DAMMIPHYSICS(0.15)\nADD_INTELLECT(0.04)\nADD_CONSITUTION(0.14)				0	
22958	999	0		0.0				ADD_DAMMIPHYSICS(0.15)\nADD_INTELLECT(0.04)\nADD_AGILITY(0.14)				0	
22959	999	0		0.0				ADD_DAMMIPHYSICS(0.15)\nADD_INTELLECT(0.04)\nADD_PERCEPTION(0.14)				0	
22960	999	0		0.0				ADD_DAMMIPHYSICS(0.15)\nADD_INTELLECT(0.04)\nADD_ANTI_POWERHIT(0.01)				0	
22961	999	0		0.0				ADD_DAMMIPHYSICS(0.15)\nADD_INTELLECT(0.04)\nADD_MULTIPLY_POWERDAM(0.1)				0	
22962	999	0		0.0				ADD_DAMMIPHYSICS(0.15)\nADD_INTELLECT(0.04)\nADD_ABSORB_POWERDAM(0.1)				0	
22963	999	0		0.0				ADD_DAMMIPHYSICS(0.15)\nADD_INTELLECT(0.04)\nADD_ABSORB_SHIELD(0.1)				0	
22964	999	0		0.0				ADD_DAMMIPHYSICS(0.15)\nADD_HPMAX(0.06)\nADD_STRENGH(0.14)				0	
22965	999	0		0.0				ADD_DAMMIPHYSICS(0.15)\nADD_HPMAX(0.06)\nADD_CONSITUTION(0.14)				0	
22966	999	0		0.0				ADD_DAMMIPHYSICS(0.15)\nADD_HPMAX(0.06)\nADD_AGILITY(0.14)				0	
22967	999	0		0.0				ADD_DAMMIPHYSICS(0.15)\nADD_HPMAX(0.06)\nADD_PERCEPTION(0.14)				0	
22968	999	0		0.0				ADD_DAMMIPHYSICS(0.15)\nADD_HPMAX(0.06)\nADD_INTELLECT(0.14)				0	
22969	999	0		0.0				ADD_DAMMIPHYSICS(0.15)\nADD_HPMAX(0.06)\nADD_ANTI_POWERHIT(0.01)				0	
22970	999	0		0.0				ADD_DAMMIPHYSICS(0.15)\nADD_HPMAX(0.06)\nADD_MULTIPLY_POWERDAM(0.1)				0	
22971	999	0		0.0				ADD_DAMMIPHYSICS(0.15)\nADD_HPMAX(0.06)\nADD_ABSORB_POWERDAM(0.1)				0	
22972	999	0		0.0				ADD_DAMMIPHYSICS(0.15)\nADD_HPMAX(0.06)\nADD_ABSORB_SHIELD(0.1)				0	
22973	999	0		0.0				ADD_DAMMIPHYSICS(0.15)\nADD_DAMMIMAGIC(0.05)\nADD_STRENGH(0.14)				0	
22974	999	0		0.0				ADD_DAMMIPHYSICS(0.15)\nADD_DAMMIMAGIC(0.05)\nADD_CONSITUTION(0.14)				0	
22975	999	0		0.0				ADD_DAMMIPHYSICS(0.15)\nADD_DAMMIMAGIC(0.05)\nADD_AGILITY(0.14)				0	
22976	999	0		0.0				ADD_DAMMIPHYSICS(0.15)\nADD_DAMMIMAGIC(0.05)\nADD_PERCEPTION(0.14)				0	
22977	999	0		0.0				ADD_DAMMIPHYSICS(0.15)\nADD_DAMMIMAGIC(0.05)\nADD_INTELLECT(0.14)				0	
22978	999	0		0.0				ADD_DAMMIPHYSICS(0.15)\nADD_DAMMIMAGIC(0.05)\nADD_ANTI_POWERHIT(0.01)				0	
22979	999	0		0.0				ADD_DAMMIPHYSICS(0.15)\nADD_DAMMIMAGIC(0.05)\nADD_MULTIPLY_POWERDAM(0.1)				0	
22980	999	0		0.0				ADD_DAMMIPHYSICS(0.15)\nADD_DAMMIMAGIC(0.05)\nADD_ABSORB_POWERDAM(0.1)				0	
22981	999	0		0.0				ADD_DAMMIPHYSICS(0.15)\nADD_DAMMIMAGIC(0.05)\nADD_ABSORB_SHIELD(0.1)				0	
22982	999	0		0.0				ADD_DAMMIPHYSICS(0.15)\nADD_AC_PHYSICS(0.16)\nADD_STRENGH(0.14)				0	
22983	999	0		0.0				ADD_DAMMIPHYSICS(0.15)\nADD_AC_PHYSICS(0.16)\nADD_CONSITUTION(0.14)				0	
22984	999	0		0.0				ADD_DAMMIPHYSICS(0.15)\nADD_AC_PHYSICS(0.16)\nADD_AGILITY(0.14)				0	
22985	999	0		0.0				ADD_DAMMIPHYSICS(0.15)\nADD_AC_PHYSICS(0.16)\nADD_PERCEPTION(0.14)				0	
22986	999	0		0.0				ADD_DAMMIPHYSICS(0.15)\nADD_AC_PHYSICS(0.16)\nADD_INTELLECT(0.14)				0	
22987	999	0		0.0				ADD_DAMMIPHYSICS(0.15)\nADD_AC_PHYSICS(0.16)\nADD_ANTI_POWERHIT(0.01)				0	
22988	999	0		0.0				ADD_DAMMIPHYSICS(0.15)\nADD_AC_PHYSICS(0.16)\nADD_MULTIPLY_POWERDAM(0.1)				0	
22989	999	0		0.0				ADD_DAMMIPHYSICS(0.15)\nADD_AC_PHYSICS(0.16)\nADD_ABSORB_POWERDAM(0.1)				0	
22990	999	0		0.0				ADD_DAMMIPHYSICS(0.15)\nADD_AC_PHYSICS(0.16)\nADD_ABSORB_SHIELD(0.1)				0	
22991	999	0		0.0				ADD_DAMMIPHYSICS(0.15)\nADD_AC_MAGIC(0.16)\nADD_STRENGH(0.14)				0	
22992	999	0		0.0				ADD_DAMMIPHYSICS(0.15)\nADD_AC_MAGIC(0.16)\nADD_CONSITUTION(0.14)				0	
22993	999	0		0.0				ADD_DAMMIPHYSICS(0.15)\nADD_AC_MAGIC(0.16)\nADD_AGILITY(0.14)				0	
22994	999	0		0.0				ADD_DAMMIPHYSICS(0.15)\nADD_AC_MAGIC(0.16)\nADD_PERCEPTION(0.14)				0	
22995	999	0		0.0				ADD_DAMMIPHYSICS(0.15)\nADD_AC_MAGIC(0.16)\nADD_INTELLECT(0.14)				0	
22996	999	0		0.0				ADD_DAMMIPHYSICS(0.15)\nADD_AC_MAGIC(0.16)\nADD_ANTI_POWERHIT(0.01)				0	
22997	999	0		0.0				ADD_DAMMIPHYSICS(0.15)\nADD_AC_MAGIC(0.16)\nADD_MULTIPLY_POWERDAM(0.1)				0	
22998	999	0		0.0				ADD_DAMMIPHYSICS(0.15)\nADD_AC_MAGIC(0.16)\nADD_ABSORB_POWERDAM(0.1)				0	
22999	999	0		0.0				ADD_DAMMIPHYSICS(0.15)\nADD_AC_MAGIC(0.16)\nADD_ABSORB_SHIELD(0.1)				0	
23000	999	0		0.0				ADD_DAMMIPHYSICS(0.15)\nADD_PENETRATE_PHYSICS(0.15)\nADD_STRENGH(0.14)				0	
23001	999	0		0.0				ADD_DAMMIPHYSICS(0.15)\nADD_PENETRATE_PHYSICS(0.15)\nADD_CONSITUTION(0.14)				0	
23002	999	0		0.0				ADD_DAMMIPHYSICS(0.15)\nADD_PENETRATE_PHYSICS(0.15)\nADD_AGILITY(0.14)				0	
23003	999	0		0.0				ADD_DAMMIPHYSICS(0.15)\nADD_PENETRATE_PHYSICS(0.15)\nADD_PERCEPTION(0.14)				0	
23004	999	0		0.0				ADD_DAMMIPHYSICS(0.15)\nADD_PENETRATE_PHYSICS(0.15)\nADD_INTELLECT(0.14)				0	
23005	999	0		0.0				ADD_DAMMIPHYSICS(0.15)\nADD_PENETRATE_PHYSICS(0.15)\nADD_ANTI_POWERHIT(0.01)				0	
23006	999	0		0.0				ADD_DAMMIPHYSICS(0.15)\nADD_PENETRATE_PHYSICS(0.15)\nADD_MULTIPLY_POWERDAM(0.1)				0	
23007	999	0		0.0				ADD_DAMMIPHYSICS(0.15)\nADD_PENETRATE_PHYSICS(0.15)\nADD_ABSORB_POWERDAM(0.1)				0	
23008	999	0		0.0				ADD_DAMMIPHYSICS(0.15)\nADD_PENETRATE_PHYSICS(0.15)\nADD_ABSORB_SHIELD(0.1)				0	
23009	999	0		0.0				ADD_DAMMIPHYSICS(0.15)\nADD_PENETRATE_MAGIC(0.15)\nADD_STRENGH(0.14)				0	
23010	999	0		0.0				ADD_DAMMIPHYSICS(0.15)\nADD_PENETRATE_MAGIC(0.15)\nADD_CONSITUTION(0.14)				0	
23011	999	0		0.0				ADD_DAMMIPHYSICS(0.15)\nADD_PENETRATE_MAGIC(0.15)\nADD_AGILITY(0.14)				0	
23012	999	0		0.0				ADD_DAMMIPHYSICS(0.15)\nADD_PENETRATE_MAGIC(0.15)\nADD_PERCEPTION(0.14)				0	
23013	999	0		0.0				ADD_DAMMIPHYSICS(0.15)\nADD_PENETRATE_MAGIC(0.15)\nADD_INTELLECT(0.14)				0	
23014	999	0		0.0				ADD_DAMMIPHYSICS(0.15)\nADD_PENETRATE_MAGIC(0.15)\nADD_ANTI_POWERHIT(0.01)				0	
23015	999	0		0.0				ADD_DAMMIPHYSICS(0.15)\nADD_PENETRATE_MAGIC(0.15)\nADD_MULTIPLY_POWERDAM(0.1)				0	
23016	999	0		0.0				ADD_DAMMIPHYSICS(0.15)\nADD_PENETRATE_MAGIC(0.15)\nADD_ABSORB_POWERDAM(0.1)				0	
23017	999	0		0.0				ADD_DAMMIPHYSICS(0.15)\nADD_PENETRATE_MAGIC(0.15)\nADD_ABSORB_SHIELD(0.1)				0	
23018	999	0		0.0				ADD_DAMMIPHYSICS(0.15)\nADD_HITRATE(0.003)\nADD_STRENGH(0.14)				0	
23019	999	0		0.0				ADD_DAMMIPHYSICS(0.15)\nADD_HITRATE(0.003)\nADD_CONSITUTION(0.14)				0	
23020	999	0		0.0				ADD_DAMMIPHYSICS(0.15)\nADD_HITRATE(0.003)\nADD_AGILITY(0.14)				0	
23021	999	0		0.0				ADD_DAMMIPHYSICS(0.15)\nADD_HITRATE(0.003)\nADD_PERCEPTION(0.14)				0	
23022	999	0		0.0				ADD_DAMMIPHYSICS(0.15)\nADD_HITRATE(0.003)\nADD_INTELLECT(0.14)				0	
23023	999	0		0.0				ADD_DAMMIPHYSICS(0.15)\nADD_HITRATE(0.003)\nADD_ANTI_POWERHIT(0.01)				0	
23024	999	0		0.0				ADD_DAMMIPHYSICS(0.15)\nADD_HITRATE(0.003)\nADD_MULTIPLY_POWERDAM(0.1)				0	
23025	999	0		0.0				ADD_DAMMIPHYSICS(0.15)\nADD_HITRATE(0.003)\nADD_ABSORB_POWERDAM(0.1)				0	
23026	999	0		0.0				ADD_DAMMIPHYSICS(0.15)\nADD_HITRATE(0.003)\nADD_ABSORB_SHIELD(0.1)				0	
23027	999	0		0.0				ADD_DAMMIPHYSICS(0.15)\nADD_DODGE(0.003)\nADD_STRENGH(0.14)				0	
23028	999	0		0.0				ADD_DAMMIPHYSICS(0.15)\nADD_DODGE(0.003)\nADD_CONSITUTION(0.14)				0	
23029	999	0		0.0				ADD_DAMMIPHYSICS(0.15)\nADD_DODGE(0.003)\nADD_AGILITY(0.14)				0	
23030	999	0		0.0				ADD_DAMMIPHYSICS(0.15)\nADD_DODGE(0.003)\nADD_PERCEPTION(0.14)				0	
23031	999	0		0.0				ADD_DAMMIPHYSICS(0.15)\nADD_DODGE(0.003)\nADD_INTELLECT(0.14)				0	
23032	999	0		0.0				ADD_DAMMIPHYSICS(0.15)\nADD_DODGE(0.003)\nADD_ANTI_POWERHIT(0.01)				0	
23033	999	0		0.0				ADD_DAMMIPHYSICS(0.15)\nADD_DODGE(0.003)\nADD_MULTIPLY_POWERDAM(0.1)				0	
23034	999	0		0.0				ADD_DAMMIPHYSICS(0.15)\nADD_DODGE(0.003)\nADD_ABSORB_POWERDAM(0.1)				0	
23035	999	0		0.0				ADD_DAMMIPHYSICS(0.15)\nADD_DODGE(0.003)\nADD_ABSORB_SHIELD(0.1)				0	
23036	999	0		0.0				ADD_DAMMIPHYSICS(0.15)\nADD_POWERHIT(0.003)\nADD_STRENGH(0.14)				0	
23037	999	0		0.0				ADD_DAMMIPHYSICS(0.15)\nADD_POWERHIT(0.003)\nADD_CONSITUTION(0.14)				0	
23038	999	0		0.0				ADD_DAMMIPHYSICS(0.15)\nADD_POWERHIT(0.003)\nADD_AGILITY(0.14)				0	
23039	999	0		0.0				ADD_DAMMIPHYSICS(0.15)\nADD_POWERHIT(0.003)\nADD_PERCEPTION(0.14)				0	
23040	999	0		0.0				ADD_DAMMIPHYSICS(0.15)\nADD_POWERHIT(0.003)\nADD_INTELLECT(0.14)				0	
23041	999	0		0.0				ADD_DAMMIPHYSICS(0.15)\nADD_POWERHIT(0.003)\nADD_ANTI_POWERHIT(0.01)				0	
23042	999	0		0.0				ADD_DAMMIPHYSICS(0.15)\nADD_POWERHIT(0.003)\nADD_MULTIPLY_POWERDAM(0.1)				0	
23043	999	0		0.0				ADD_DAMMIPHYSICS(0.15)\nADD_POWERHIT(0.003)\nADD_ABSORB_POWERDAM(0.1)				0	
23044	999	0		0.0				ADD_DAMMIPHYSICS(0.15)\nADD_POWERHIT(0.003)\nADD_ABSORB_SHIELD(0.1)				0	
23045	999	0		0.0				ADD_DAMMIPHYSICS(0.15)\nADD_STRENGH(0.09)\nADD_CONSITUTION(0.14)				0	
23046	999	0		0.0				ADD_DAMMIPHYSICS(0.15)\nADD_STRENGH(0.09)\nADD_AGILITY(0.14)				0	
23047	999	0		0.0				ADD_DAMMIPHYSICS(0.15)\nADD_STRENGH(0.09)\nADD_PERCEPTION(0.14)				0	
23048	999	0		0.0				ADD_DAMMIPHYSICS(0.15)\nADD_STRENGH(0.09)\nADD_INTELLECT(0.14)				0	
23049	999	0		0.0				ADD_DAMMIPHYSICS(0.15)\nADD_STRENGH(0.09)\nADD_ANTI_POWERHIT(0.01)				0	
23050	999	0		0.0				ADD_DAMMIPHYSICS(0.15)\nADD_STRENGH(0.09)\nADD_MULTIPLY_POWERDAM(0.1)				0	
23051	999	0		0.0				ADD_DAMMIPHYSICS(0.15)\nADD_STRENGH(0.09)\nADD_ABSORB_POWERDAM(0.1)				0	
23052	999	0		0.0				ADD_DAMMIPHYSICS(0.15)\nADD_STRENGH(0.09)\nADD_ABSORB_SHIELD(0.1)				0	
23053	999	0		0.0				ADD_DAMMIPHYSICS(0.15)\nADD_CONSITUTION(0.09)\nADD_STRENGH(0.14)				0	
23054	999	0		0.0				ADD_DAMMIPHYSICS(0.15)\nADD_CONSITUTION(0.09)\nADD_AGILITY(0.14)				0	
23055	999	0		0.0				ADD_DAMMIPHYSICS(0.15)\nADD_CONSITUTION(0.09)\nADD_PERCEPTION(0.14)				0	
23056	999	0		0.0				ADD_DAMMIPHYSICS(0.15)\nADD_CONSITUTION(0.09)\nADD_INTELLECT(0.14)				0	
23057	999	0		0.0				ADD_DAMMIPHYSICS(0.15)\nADD_CONSITUTION(0.09)\nADD_ANTI_POWERHIT(0.01)				0	
23058	999	0		0.0				ADD_DAMMIPHYSICS(0.15)\nADD_CONSITUTION(0.09)\nADD_MULTIPLY_POWERDAM(0.1)				0	
23059	999	0		0.0				ADD_DAMMIPHYSICS(0.15)\nADD_CONSITUTION(0.09)\nADD_ABSORB_POWERDAM(0.1)				0	
23060	999	0		0.0				ADD_DAMMIPHYSICS(0.15)\nADD_CONSITUTION(0.09)\nADD_ABSORB_SHIELD(0.1)				0	
23061	999	0		0.0				ADD_DAMMIPHYSICS(0.15)\nADD_AGILITY(0.09)\nADD_STRENGH(0.14)				0	
23062	999	0		0.0				ADD_DAMMIPHYSICS(0.15)\nADD_AGILITY(0.09)\nADD_CONSITUTION(0.14)				0	
23063	999	0		0.0				ADD_DAMMIPHYSICS(0.15)\nADD_AGILITY(0.09)\nADD_PERCEPTION(0.14)				0	
23064	999	0		0.0				ADD_DAMMIPHYSICS(0.15)\nADD_AGILITY(0.09)\nADD_INTELLECT(0.14)				0	
23065	999	0		0.0				ADD_DAMMIPHYSICS(0.15)\nADD_AGILITY(0.09)\nADD_ANTI_POWERHIT(0.01)				0	
23066	999	0		0.0				ADD_DAMMIPHYSICS(0.15)\nADD_AGILITY(0.09)\nADD_MULTIPLY_POWERDAM(0.1)				0	
23067	999	0		0.0				ADD_DAMMIPHYSICS(0.15)\nADD_AGILITY(0.09)\nADD_ABSORB_POWERDAM(0.1)				0	
23068	999	0		0.0				ADD_DAMMIPHYSICS(0.15)\nADD_AGILITY(0.09)\nADD_ABSORB_SHIELD(0.1)				0	
23069	999	0		0.0				ADD_DAMMIPHYSICS(0.15)\nADD_PERCEPTION(0.09)\nADD_STRENGH(0.14)				0	
23070	999	0		0.0				ADD_DAMMIPHYSICS(0.15)\nADD_PERCEPTION(0.09)\nADD_CONSITUTION(0.14)				0	
23071	999	0		0.0				ADD_DAMMIPHYSICS(0.15)\nADD_PERCEPTION(0.09)\nADD_AGILITY(0.14)				0	
23072	999	0		0.0				ADD_DAMMIPHYSICS(0.15)\nADD_PERCEPTION(0.09)\nADD_INTELLECT(0.14)				0	
23073	999	0		0.0				ADD_DAMMIPHYSICS(0.15)\nADD_PERCEPTION(0.09)\nADD_ANTI_POWERHIT(0.01)				0	
23074	999	0		0.0				ADD_DAMMIPHYSICS(0.15)\nADD_PERCEPTION(0.09)\nADD_MULTIPLY_POWERDAM(0.1)				0	
23075	999	0		0.0				ADD_DAMMIPHYSICS(0.15)\nADD_PERCEPTION(0.09)\nADD_ABSORB_POWERDAM(0.1)				0	
23076	999	0		0.0				ADD_DAMMIPHYSICS(0.15)\nADD_PERCEPTION(0.09)\nADD_ABSORB_SHIELD(0.1)				0	
23077	999	0		0.0				ADD_DAMMIPHYSICS(0.15)\nADD_INTELLECT(0.09)\nADD_STRENGH(0.14)				0	
23078	999	0		0.0				ADD_DAMMIPHYSICS(0.15)\nADD_INTELLECT(0.09)\nADD_CONSITUTION(0.14)				0	
23079	999	0		0.0				ADD_DAMMIPHYSICS(0.15)\nADD_INTELLECT(0.09)\nADD_AGILITY(0.14)				0	
23080	999	0		0.0				ADD_DAMMIPHYSICS(0.15)\nADD_INTELLECT(0.09)\nADD_PERCEPTION(0.14)				0	
23081	999	0		0.0				ADD_DAMMIPHYSICS(0.15)\nADD_INTELLECT(0.09)\nADD_ANTI_POWERHIT(0.01)				0	
23082	999	0		0.0				ADD_DAMMIPHYSICS(0.15)\nADD_INTELLECT(0.09)\nADD_MULTIPLY_POWERDAM(0.1)				0	
23083	999	0		0.0				ADD_DAMMIPHYSICS(0.15)\nADD_INTELLECT(0.09)\nADD_ABSORB_POWERDAM(0.1)				0	
23084	999	0		0.0				ADD_DAMMIPHYSICS(0.15)\nADD_INTELLECT(0.09)\nADD_ABSORB_SHIELD(0.1)				0	
23085	999	0		0.0				ADD_DAMMIPHYSICS(0.15)\nADD_HPMAX(0.12)\nADD_STRENGH(0.14)				0	
23086	999	0		0.0				ADD_DAMMIPHYSICS(0.15)\nADD_HPMAX(0.12)\nADD_CONSITUTION(0.14)				0	
23087	999	0		0.0				ADD_DAMMIPHYSICS(0.15)\nADD_HPMAX(0.12)\nADD_AGILITY(0.14)				0	
23088	999	0		0.0				ADD_DAMMIPHYSICS(0.15)\nADD_HPMAX(0.12)\nADD_PERCEPTION(0.14)				0	
23089	999	0		0.0				ADD_DAMMIPHYSICS(0.15)\nADD_HPMAX(0.12)\nADD_INTELLECT(0.14)				0	
23090	999	0		0.0				ADD_DAMMIPHYSICS(0.15)\nADD_HPMAX(0.12)\nADD_ANTI_POWERHIT(0.01)				0	
23091	999	0		0.0				ADD_DAMMIPHYSICS(0.15)\nADD_HPMAX(0.12)\nADD_MULTIPLY_POWERDAM(0.1)				0	
23092	999	0		0.0				ADD_DAMMIPHYSICS(0.15)\nADD_HPMAX(0.12)\nADD_ABSORB_POWERDAM(0.1)				0	
23093	999	0		0.0				ADD_DAMMIPHYSICS(0.15)\nADD_HPMAX(0.12)\nADD_ABSORB_SHIELD(0.1)				0	
23094	999	0		0.0				ADD_DAMMIPHYSICS(0.15)\nADD_DAMMIMAGIC(0.1)\nADD_STRENGH(0.14)				0	
23095	999	0		0.0				ADD_DAMMIPHYSICS(0.15)\nADD_DAMMIMAGIC(0.1)\nADD_CONSITUTION(0.14)				0	
23096	999	0		0.0				ADD_DAMMIPHYSICS(0.15)\nADD_DAMMIMAGIC(0.1)\nADD_AGILITY(0.14)				0	
23097	999	0		0.0				ADD_DAMMIPHYSICS(0.15)\nADD_DAMMIMAGIC(0.1)\nADD_PERCEPTION(0.14)				0	
23098	999	0		0.0				ADD_DAMMIPHYSICS(0.15)\nADD_DAMMIMAGIC(0.1)\nADD_INTELLECT(0.14)				0	
23099	999	0		0.0				ADD_DAMMIPHYSICS(0.15)\nADD_DAMMIMAGIC(0.1)\nADD_ANTI_POWERHIT(0.01)				0	
23100	999	0		0.0				ADD_DAMMIPHYSICS(0.15)\nADD_DAMMIMAGIC(0.1)\nADD_MULTIPLY_POWERDAM(0.1)				0	
23101	999	0		0.0				ADD_DAMMIPHYSICS(0.15)\nADD_DAMMIMAGIC(0.1)\nADD_ABSORB_POWERDAM(0.1)				0	
23102	999	0		0.0				ADD_DAMMIPHYSICS(0.15)\nADD_DAMMIMAGIC(0.1)\nADD_ABSORB_SHIELD(0.1)				0	
23103	999	0		0.0				ADD_DAMMIPHYSICS(0.15)\nADD_AC_PHYSICS(0.32)\nADD_STRENGH(0.14)				0	
23104	999	0		0.0				ADD_DAMMIPHYSICS(0.15)\nADD_AC_PHYSICS(0.32)\nADD_CONSITUTION(0.14)				0	
23105	999	0		0.0				ADD_DAMMIPHYSICS(0.15)\nADD_AC_PHYSICS(0.32)\nADD_AGILITY(0.14)				0	
23106	999	0		0.0				ADD_DAMMIPHYSICS(0.15)\nADD_AC_PHYSICS(0.32)\nADD_PERCEPTION(0.14)				0	
23107	999	0		0.0				ADD_DAMMIPHYSICS(0.15)\nADD_AC_PHYSICS(0.32)\nADD_INTELLECT(0.14)				0	
23108	999	0		0.0				ADD_DAMMIPHYSICS(0.15)\nADD_AC_PHYSICS(0.32)\nADD_ANTI_POWERHIT(0.01)				0	
23109	999	0		0.0				ADD_DAMMIPHYSICS(0.15)\nADD_AC_PHYSICS(0.32)\nADD_MULTIPLY_POWERDAM(0.1)				0	
23110	999	0		0.0				ADD_DAMMIPHYSICS(0.15)\nADD_AC_PHYSICS(0.32)\nADD_ABSORB_POWERDAM(0.1)				0	
23111	999	0		0.0				ADD_DAMMIPHYSICS(0.15)\nADD_AC_PHYSICS(0.32)\nADD_ABSORB_SHIELD(0.1)				0	
23112	999	0		0.0				ADD_DAMMIPHYSICS(0.15)\nADD_AC_MAGIC(0.32)\nADD_STRENGH(0.14)				0	
23113	999	0		0.0				ADD_DAMMIPHYSICS(0.15)\nADD_AC_MAGIC(0.32)\nADD_CONSITUTION(0.14)				0	
23114	999	0		0.0				ADD_DAMMIPHYSICS(0.15)\nADD_AC_MAGIC(0.32)\nADD_AGILITY(0.14)				0	
23115	999	0		0.0				ADD_DAMMIPHYSICS(0.15)\nADD_AC_MAGIC(0.32)\nADD_PERCEPTION(0.14)				0	
23116	999	0		0.0				ADD_DAMMIPHYSICS(0.15)\nADD_AC_MAGIC(0.32)\nADD_INTELLECT(0.14)				0	
23117	999	0		0.0				ADD_DAMMIPHYSICS(0.15)\nADD_AC_MAGIC(0.32)\nADD_ANTI_POWERHIT(0.01)				0	
23118	999	0		0.0				ADD_DAMMIPHYSICS(0.15)\nADD_AC_MAGIC(0.32)\nADD_MULTIPLY_POWERDAM(0.1)				0	
23119	999	0		0.0				ADD_DAMMIPHYSICS(0.15)\nADD_AC_MAGIC(0.32)\nADD_ABSORB_POWERDAM(0.1)				0	
23120	999	0		0.0				ADD_DAMMIPHYSICS(0.15)\nADD_AC_MAGIC(0.32)\nADD_ABSORB_SHIELD(0.1)				0	
23121	999	0		0.0				ADD_DAMMIPHYSICS(0.15)\nADD_PENETRATE_PHYSICS(0.3)\nADD_STRENGH(0.14)				0	
23122	999	0		0.0				ADD_DAMMIPHYSICS(0.15)\nADD_PENETRATE_PHYSICS(0.3)\nADD_CONSITUTION(0.14)				0	
23123	999	0		0.0				ADD_DAMMIPHYSICS(0.15)\nADD_PENETRATE_PHYSICS(0.3)\nADD_AGILITY(0.14)				0	
23124	999	0		0.0				ADD_DAMMIPHYSICS(0.15)\nADD_PENETRATE_PHYSICS(0.3)\nADD_PERCEPTION(0.14)				0	
23125	999	0		0.0				ADD_DAMMIPHYSICS(0.15)\nADD_PENETRATE_PHYSICS(0.3)\nADD_INTELLECT(0.14)				0	
23126	999	0		0.0				ADD_DAMMIPHYSICS(0.15)\nADD_PENETRATE_PHYSICS(0.3)\nADD_ANTI_POWERHIT(0.01)				0	
23127	999	0		0.0				ADD_DAMMIPHYSICS(0.15)\nADD_PENETRATE_PHYSICS(0.3)\nADD_MULTIPLY_POWERDAM(0.1)				0	
23128	999	0		0.0				ADD_DAMMIPHYSICS(0.15)\nADD_PENETRATE_PHYSICS(0.3)\nADD_ABSORB_POWERDAM(0.1)				0	
23129	999	0		0.0				ADD_DAMMIPHYSICS(0.15)\nADD_PENETRATE_PHYSICS(0.3)\nADD_ABSORB_SHIELD(0.1)				0	
23130	999	0		0.0				ADD_DAMMIPHYSICS(0.15)\nADD_PENETRATE_MAGIC(0.3)\nADD_STRENGH(0.14)				0	
23131	999	0		0.0				ADD_DAMMIPHYSICS(0.15)\nADD_PENETRATE_MAGIC(0.3)\nADD_CONSITUTION(0.14)				0	
23132	999	0		0.0				ADD_DAMMIPHYSICS(0.15)\nADD_PENETRATE_MAGIC(0.3)\nADD_AGILITY(0.14)				0	
23133	999	0		0.0				ADD_DAMMIPHYSICS(0.15)\nADD_PENETRATE_MAGIC(0.3)\nADD_PERCEPTION(0.14)				0	
23134	999	0		0.0				ADD_DAMMIPHYSICS(0.15)\nADD_PENETRATE_MAGIC(0.3)\nADD_INTELLECT(0.14)				0	
23135	999	0		0.0				ADD_DAMMIPHYSICS(0.15)\nADD_PENETRATE_MAGIC(0.3)\nADD_ANTI_POWERHIT(0.01)				0	
23136	999	0		0.0				ADD_DAMMIPHYSICS(0.15)\nADD_PENETRATE_MAGIC(0.3)\nADD_MULTIPLY_POWERDAM(0.1)				0	
23137	999	0		0.0				ADD_DAMMIPHYSICS(0.15)\nADD_PENETRATE_MAGIC(0.3)\nADD_ABSORB_POWERDAM(0.1)				0	
23138	999	0		0.0				ADD_DAMMIPHYSICS(0.15)\nADD_PENETRATE_MAGIC(0.3)\nADD_ABSORB_SHIELD(0.1)				0	
23139	999	0		0.0				ADD_DAMMIPHYSICS(0.15)\nADD_HITRATE(0.006)\nADD_STRENGH(0.14)				0	
23140	999	0		0.0				ADD_DAMMIPHYSICS(0.15)\nADD_HITRATE(0.006)\nADD_CONSITUTION(0.14)				0	
23141	999	0		0.0				ADD_DAMMIPHYSICS(0.15)\nADD_HITRATE(0.006)\nADD_AGILITY(0.14)				0	
23142	999	0		0.0				ADD_DAMMIPHYSICS(0.15)\nADD_HITRATE(0.006)\nADD_PERCEPTION(0.14)				0	
23143	999	0		0.0				ADD_DAMMIPHYSICS(0.15)\nADD_HITRATE(0.006)\nADD_INTELLECT(0.14)				0	
23144	999	0		0.0				ADD_DAMMIPHYSICS(0.15)\nADD_HITRATE(0.006)\nADD_ANTI_POWERHIT(0.01)				0	
23145	999	0		0.0				ADD_DAMMIPHYSICS(0.15)\nADD_HITRATE(0.006)\nADD_MULTIPLY_POWERDAM(0.1)				0	
23146	999	0		0.0				ADD_DAMMIPHYSICS(0.15)\nADD_HITRATE(0.006)\nADD_ABSORB_POWERDAM(0.1)				0	
23147	999	0		0.0				ADD_DAMMIPHYSICS(0.15)\nADD_HITRATE(0.006)\nADD_ABSORB_SHIELD(0.1)				0	
23148	999	0		0.0				ADD_DAMMIPHYSICS(0.15)\nADD_DODGE(0.006)\nADD_STRENGH(0.14)				0	
23149	999	0		0.0				ADD_DAMMIPHYSICS(0.15)\nADD_DODGE(0.006)\nADD_CONSITUTION(0.14)				0	
23150	999	0		0.0				ADD_DAMMIPHYSICS(0.15)\nADD_DODGE(0.006)\nADD_AGILITY(0.14)				0	
23151	999	0		0.0				ADD_DAMMIPHYSICS(0.15)\nADD_DODGE(0.006)\nADD_PERCEPTION(0.14)				0	
23152	999	0		0.0				ADD_DAMMIPHYSICS(0.15)\nADD_DODGE(0.006)\nADD_INTELLECT(0.14)				0	
23153	999	0		0.0				ADD_DAMMIPHYSICS(0.15)\nADD_DODGE(0.006)\nADD_ANTI_POWERHIT(0.01)				0	
23154	999	0		0.0				ADD_DAMMIPHYSICS(0.15)\nADD_DODGE(0.006)\nADD_MULTIPLY_POWERDAM(0.1)				0	
23155	999	0		0.0				ADD_DAMMIPHYSICS(0.15)\nADD_DODGE(0.006)\nADD_ABSORB_POWERDAM(0.1)				0	
23156	999	0		0.0				ADD_DAMMIPHYSICS(0.15)\nADD_DODGE(0.006)\nADD_ABSORB_SHIELD(0.1)				0	
23157	999	0		0.0				ADD_DAMMIPHYSICS(0.15)\nADD_POWERHIT(0.006)\nADD_STRENGH(0.14)				0	
23158	999	0		0.0				ADD_DAMMIPHYSICS(0.15)\nADD_POWERHIT(0.006)\nADD_CONSITUTION(0.14)				0	
23159	999	0		0.0				ADD_DAMMIPHYSICS(0.15)\nADD_POWERHIT(0.006)\nADD_AGILITY(0.14)				0	
23160	999	0		0.0				ADD_DAMMIPHYSICS(0.15)\nADD_POWERHIT(0.006)\nADD_PERCEPTION(0.14)				0	
23161	999	0		0.0				ADD_DAMMIPHYSICS(0.15)\nADD_POWERHIT(0.006)\nADD_INTELLECT(0.14)				0	
23162	999	0		0.0				ADD_DAMMIPHYSICS(0.15)\nADD_POWERHIT(0.006)\nADD_ANTI_POWERHIT(0.01)				0	
23163	999	0		0.0				ADD_DAMMIPHYSICS(0.15)\nADD_POWERHIT(0.006)\nADD_MULTIPLY_POWERDAM(0.1)				0	
23164	999	0		0.0				ADD_DAMMIPHYSICS(0.15)\nADD_POWERHIT(0.006)\nADD_ABSORB_POWERDAM(0.1)				0	
23165	999	0		0.0				ADD_DAMMIPHYSICS(0.15)\nADD_POWERHIT(0.006)\nADD_ABSORB_SHIELD(0.1)				0	
23166	999	0		0.0				ADD_DAMMIPHYSICS(0.15)\nADD_STRENGH(0.14)\nADD_CONSITUTION(0.14)				0	
23167	999	0		0.0				ADD_DAMMIPHYSICS(0.15)\nADD_STRENGH(0.14)\nADD_AGILITY(0.14)				0	
23168	999	0		0.0				ADD_DAMMIPHYSICS(0.15)\nADD_STRENGH(0.14)\nADD_PERCEPTION(0.14)				0	
23169	999	0		0.0				ADD_DAMMIPHYSICS(0.15)\nADD_STRENGH(0.14)\nADD_INTELLECT(0.14)				0	
23170	999	0		0.0				ADD_DAMMIPHYSICS(0.15)\nADD_STRENGH(0.14)\nADD_ANTI_POWERHIT(0.01)				0	
23171	999	0		0.0				ADD_DAMMIPHYSICS(0.15)\nADD_STRENGH(0.14)\nADD_MULTIPLY_POWERDAM(0.1)				0	
23172	999	0		0.0				ADD_DAMMIPHYSICS(0.15)\nADD_STRENGH(0.14)\nADD_ABSORB_POWERDAM(0.1)				0	
23173	999	0		0.0				ADD_DAMMIPHYSICS(0.15)\nADD_STRENGH(0.14)\nADD_ABSORB_SHIELD(0.1)				0	
23174	999	0		0.0				ADD_DAMMIPHYSICS(0.15)\nADD_CONSITUTION(0.14)\nADD_STRENGH(0.14)				0	
23175	999	0		0.0				ADD_DAMMIPHYSICS(0.15)\nADD_CONSITUTION(0.14)\nADD_AGILITY(0.14)				0	
23176	999	0		0.0				ADD_DAMMIPHYSICS(0.15)\nADD_CONSITUTION(0.14)\nADD_PERCEPTION(0.14)				0	
23177	999	0		0.0				ADD_DAMMIPHYSICS(0.15)\nADD_CONSITUTION(0.14)\nADD_INTELLECT(0.14)				0	
23178	999	0		0.0				ADD_DAMMIPHYSICS(0.15)\nADD_CONSITUTION(0.14)\nADD_ANTI_POWERHIT(0.01)				0	
23179	999	0		0.0				ADD_DAMMIPHYSICS(0.15)\nADD_CONSITUTION(0.14)\nADD_MULTIPLY_POWERDAM(0.1)				0	
23180	999	0		0.0				ADD_DAMMIPHYSICS(0.15)\nADD_CONSITUTION(0.14)\nADD_ABSORB_POWERDAM(0.1)				0	
23181	999	0		0.0				ADD_DAMMIPHYSICS(0.15)\nADD_CONSITUTION(0.14)\nADD_ABSORB_SHIELD(0.1)				0	
23182	999	0		0.0				ADD_DAMMIPHYSICS(0.15)\nADD_AGILITY(0.14)\nADD_STRENGH(0.14)				0	
23183	999	0		0.0				ADD_DAMMIPHYSICS(0.15)\nADD_AGILITY(0.14)\nADD_CONSITUTION(0.14)				0	
23184	999	0		0.0				ADD_DAMMIPHYSICS(0.15)\nADD_AGILITY(0.14)\nADD_PERCEPTION(0.14)				0	
23185	999	0		0.0				ADD_DAMMIPHYSICS(0.15)\nADD_AGILITY(0.14)\nADD_INTELLECT(0.14)				0	
23186	999	0		0.0				ADD_DAMMIPHYSICS(0.15)\nADD_AGILITY(0.14)\nADD_ANTI_POWERHIT(0.01)				0	
23187	999	0		0.0				ADD_DAMMIPHYSICS(0.15)\nADD_AGILITY(0.14)\nADD_MULTIPLY_POWERDAM(0.1)				0	
23188	999	0		0.0				ADD_DAMMIPHYSICS(0.15)\nADD_AGILITY(0.14)\nADD_ABSORB_POWERDAM(0.1)				0	
23189	999	0		0.0				ADD_DAMMIPHYSICS(0.15)\nADD_AGILITY(0.14)\nADD_ABSORB_SHIELD(0.1)				0	
23190	999	0		0.0				ADD_DAMMIPHYSICS(0.15)\nADD_PERCEPTION(0.14)\nADD_STRENGH(0.14)				0	
23191	999	0		0.0				ADD_DAMMIPHYSICS(0.15)\nADD_PERCEPTION(0.14)\nADD_CONSITUTION(0.14)				0	
23192	999	0		0.0				ADD_DAMMIPHYSICS(0.15)\nADD_PERCEPTION(0.14)\nADD_AGILITY(0.14)				0	
23193	999	0		0.0				ADD_DAMMIPHYSICS(0.15)\nADD_PERCEPTION(0.14)\nADD_INTELLECT(0.14)				0	
23194	999	0		0.0				ADD_DAMMIPHYSICS(0.15)\nADD_PERCEPTION(0.14)\nADD_ANTI_POWERHIT(0.01)				0	
23195	999	0		0.0				ADD_DAMMIPHYSICS(0.15)\nADD_PERCEPTION(0.14)\nADD_MULTIPLY_POWERDAM(0.1)				0	
23196	999	0		0.0				ADD_DAMMIPHYSICS(0.15)\nADD_PERCEPTION(0.14)\nADD_ABSORB_POWERDAM(0.1)				0	
23197	999	0		0.0				ADD_DAMMIPHYSICS(0.15)\nADD_PERCEPTION(0.14)\nADD_ABSORB_SHIELD(0.1)				0	
23198	999	0		0.0				ADD_DAMMIPHYSICS(0.15)\nADD_INTELLECT(0.14)\nADD_STRENGH(0.14)				0	
23199	999	0		0.0				ADD_DAMMIPHYSICS(0.15)\nADD_INTELLECT(0.14)\nADD_CONSITUTION(0.14)				0	
23200	999	0		0.0				ADD_DAMMIPHYSICS(0.15)\nADD_INTELLECT(0.14)\nADD_AGILITY(0.14)				0	
23201	999	0		0.0				ADD_DAMMIPHYSICS(0.15)\nADD_INTELLECT(0.14)\nADD_PERCEPTION(0.14)				0	
23202	999	0		0.0				ADD_DAMMIPHYSICS(0.15)\nADD_INTELLECT(0.14)\nADD_ANTI_POWERHIT(0.01)				0	
23203	999	0		0.0				ADD_DAMMIPHYSICS(0.15)\nADD_INTELLECT(0.14)\nADD_MULTIPLY_POWERDAM(0.1)				0	
23204	999	0		0.0				ADD_DAMMIPHYSICS(0.15)\nADD_INTELLECT(0.14)\nADD_ABSORB_POWERDAM(0.1)				0	
23205	999	0		0.0				ADD_DAMMIPHYSICS(0.15)\nADD_INTELLECT(0.14)\nADD_ABSORB_SHIELD(0.1)				0	
23206	999	0		0.0				ADD_DAMMIPHYSICS(0.15)\nADD_HPMAX(0.18)\nADD_STRENGH(0.14)				0	
23207	999	0		0.0				ADD_DAMMIPHYSICS(0.15)\nADD_HPMAX(0.18)\nADD_CONSITUTION(0.14)				0	
23208	999	0		0.0				ADD_DAMMIPHYSICS(0.15)\nADD_HPMAX(0.18)\nADD_AGILITY(0.14)				0	
23209	999	0		0.0				ADD_DAMMIPHYSICS(0.15)\nADD_HPMAX(0.18)\nADD_PERCEPTION(0.14)				0	
23210	999	0		0.0				ADD_DAMMIPHYSICS(0.15)\nADD_HPMAX(0.18)\nADD_INTELLECT(0.14)				0	
23211	999	0		0.0				ADD_DAMMIPHYSICS(0.15)\nADD_HPMAX(0.18)\nADD_ANTI_POWERHIT(0.01)				0	
23212	999	0		0.0				ADD_DAMMIPHYSICS(0.15)\nADD_HPMAX(0.18)\nADD_MULTIPLY_POWERDAM(0.1)				0	
23213	999	0		0.0				ADD_DAMMIPHYSICS(0.15)\nADD_HPMAX(0.18)\nADD_ABSORB_POWERDAM(0.1)				0	
23214	999	0		0.0				ADD_DAMMIPHYSICS(0.15)\nADD_HPMAX(0.18)\nADD_ABSORB_SHIELD(0.1)				0	
23215	999	0		0.0				ADD_DAMMIPHYSICS(0.15)\nADD_DAMMIMAGIC(0.15)\nADD_STRENGH(0.14)				0	
23216	999	0		0.0				ADD_DAMMIPHYSICS(0.15)\nADD_DAMMIMAGIC(0.15)\nADD_CONSITUTION(0.14)				0	
23217	999	0		0.0				ADD_DAMMIPHYSICS(0.15)\nADD_DAMMIMAGIC(0.15)\nADD_AGILITY(0.14)				0	
23218	999	0		0.0				ADD_DAMMIPHYSICS(0.15)\nADD_DAMMIMAGIC(0.15)\nADD_PERCEPTION(0.14)				0	
23219	999	0		0.0				ADD_DAMMIPHYSICS(0.15)\nADD_DAMMIMAGIC(0.15)\nADD_INTELLECT(0.14)				0	
23220	999	0		0.0				ADD_DAMMIPHYSICS(0.15)\nADD_DAMMIMAGIC(0.15)\nADD_ANTI_POWERHIT(0.01)				0	
23221	999	0		0.0				ADD_DAMMIPHYSICS(0.15)\nADD_DAMMIMAGIC(0.15)\nADD_MULTIPLY_POWERDAM(0.1)				0	
23222	999	0		0.0				ADD_DAMMIPHYSICS(0.15)\nADD_DAMMIMAGIC(0.15)\nADD_ABSORB_POWERDAM(0.1)				0	
23223	999	0		0.0				ADD_DAMMIPHYSICS(0.15)\nADD_DAMMIMAGIC(0.15)\nADD_ABSORB_SHIELD(0.1)				0	
23224	999	0		0.0				ADD_DAMMIPHYSICS(0.15)\nADD_AC_PHYSICS(0.5)\nADD_STRENGH(0.14)				0	
23225	999	0		0.0				ADD_DAMMIPHYSICS(0.15)\nADD_AC_PHYSICS(0.5)\nADD_CONSITUTION(0.14)				0	
23226	999	0		0.0				ADD_DAMMIPHYSICS(0.15)\nADD_AC_PHYSICS(0.5)\nADD_AGILITY(0.14)				0	
23227	999	0		0.0				ADD_DAMMIPHYSICS(0.15)\nADD_AC_PHYSICS(0.5)\nADD_PERCEPTION(0.14)				0	
23228	999	0		0.0				ADD_DAMMIPHYSICS(0.15)\nADD_AC_PHYSICS(0.5)\nADD_INTELLECT(0.14)				0	
23229	999	0		0.0				ADD_DAMMIPHYSICS(0.15)\nADD_AC_PHYSICS(0.5)\nADD_ANTI_POWERHIT(0.01)				0	
23230	999	0		0.0				ADD_DAMMIPHYSICS(0.15)\nADD_AC_PHYSICS(0.5)\nADD_MULTIPLY_POWERDAM(0.1)				0	
23231	999	0		0.0				ADD_DAMMIPHYSICS(0.15)\nADD_AC_PHYSICS(0.5)\nADD_ABSORB_POWERDAM(0.1)				0	
23232	999	0		0.0				ADD_DAMMIPHYSICS(0.15)\nADD_AC_PHYSICS(0.5)\nADD_ABSORB_SHIELD(0.1)				0	
23233	999	0		0.0				ADD_DAMMIPHYSICS(0.15)\nADD_AC_MAGIC(0.5)\nADD_STRENGH(0.14)				0	
23234	999	0		0.0				ADD_DAMMIPHYSICS(0.15)\nADD_AC_MAGIC(0.5)\nADD_CONSITUTION(0.14)				0	
23235	999	0		0.0				ADD_DAMMIPHYSICS(0.15)\nADD_AC_MAGIC(0.5)\nADD_AGILITY(0.14)				0	
23236	999	0		0.0				ADD_DAMMIPHYSICS(0.15)\nADD_AC_MAGIC(0.5)\nADD_PERCEPTION(0.14)				0	
23237	999	0		0.0				ADD_DAMMIPHYSICS(0.15)\nADD_AC_MAGIC(0.5)\nADD_INTELLECT(0.14)				0	
23238	999	0		0.0				ADD_DAMMIPHYSICS(0.15)\nADD_AC_MAGIC(0.5)\nADD_ANTI_POWERHIT(0.01)				0	
23239	999	0		0.0				ADD_DAMMIPHYSICS(0.15)\nADD_AC_MAGIC(0.5)\nADD_MULTIPLY_POWERDAM(0.1)				0	
23240	999	0		0.0				ADD_DAMMIPHYSICS(0.15)\nADD_AC_MAGIC(0.5)\nADD_ABSORB_POWERDAM(0.1)				0	
23241	999	0		0.0				ADD_DAMMIPHYSICS(0.15)\nADD_AC_MAGIC(0.5)\nADD_ABSORB_SHIELD(0.1)				0	
23242	999	0		0.0				ADD_DAMMIPHYSICS(0.15)\nADD_PENETRATE_PHYSICS(0.45)\nADD_STRENGH(0.14)				0	
23243	999	0		0.0				ADD_DAMMIPHYSICS(0.15)\nADD_PENETRATE_PHYSICS(0.45)\nADD_CONSITUTION(0.14)				0	
23244	999	0		0.0				ADD_DAMMIPHYSICS(0.15)\nADD_PENETRATE_PHYSICS(0.45)\nADD_AGILITY(0.14)				0	
23245	999	0		0.0				ADD_DAMMIPHYSICS(0.15)\nADD_PENETRATE_PHYSICS(0.45)\nADD_PERCEPTION(0.14)				0	
23246	999	0		0.0				ADD_DAMMIPHYSICS(0.15)\nADD_PENETRATE_PHYSICS(0.45)\nADD_INTELLECT(0.14)				0	
23247	999	0		0.0				ADD_DAMMIPHYSICS(0.15)\nADD_PENETRATE_PHYSICS(0.45)\nADD_ANTI_POWERHIT(0.01)				0	
23248	999	0		0.0				ADD_DAMMIPHYSICS(0.15)\nADD_PENETRATE_PHYSICS(0.45)\nADD_MULTIPLY_POWERDAM(0.1)				0	
23249	999	0		0.0				ADD_DAMMIPHYSICS(0.15)\nADD_PENETRATE_PHYSICS(0.45)\nADD_ABSORB_POWERDAM(0.1)				0	
23250	999	0		0.0				ADD_DAMMIPHYSICS(0.15)\nADD_PENETRATE_PHYSICS(0.45)\nADD_ABSORB_SHIELD(0.1)				0	
23251	999	0		0.0				ADD_DAMMIPHYSICS(0.15)\nADD_PENETRATE_MAGIC(0.45)\nADD_STRENGH(0.14)				0	
23252	999	0		0.0				ADD_DAMMIPHYSICS(0.15)\nADD_PENETRATE_MAGIC(0.45)\nADD_CONSITUTION(0.14)				0	
23253	999	0		0.0				ADD_DAMMIPHYSICS(0.15)\nADD_PENETRATE_MAGIC(0.45)\nADD_AGILITY(0.14)				0	
23254	999	0		0.0				ADD_DAMMIPHYSICS(0.15)\nADD_PENETRATE_MAGIC(0.45)\nADD_PERCEPTION(0.14)				0	
23255	999	0		0.0				ADD_DAMMIPHYSICS(0.15)\nADD_PENETRATE_MAGIC(0.45)\nADD_INTELLECT(0.14)				0	
23256	999	0		0.0				ADD_DAMMIPHYSICS(0.15)\nADD_PENETRATE_MAGIC(0.45)\nADD_ANTI_POWERHIT(0.01)				0	
23257	999	0		0.0				ADD_DAMMIPHYSICS(0.15)\nADD_PENETRATE_MAGIC(0.45)\nADD_MULTIPLY_POWERDAM(0.1)				0	
23258	999	0		0.0				ADD_DAMMIPHYSICS(0.15)\nADD_PENETRATE_MAGIC(0.45)\nADD_ABSORB_POWERDAM(0.1)				0	
23259	999	0		0.0				ADD_DAMMIPHYSICS(0.15)\nADD_PENETRATE_MAGIC(0.45)\nADD_ABSORB_SHIELD(0.1)				0	
23260	999	0		0.0				ADD_DAMMIPHYSICS(0.15)\nADD_HITRATE(0.01)\nADD_STRENGH(0.14)				0	
23261	999	0		0.0				ADD_DAMMIPHYSICS(0.15)\nADD_HITRATE(0.01)\nADD_CONSITUTION(0.14)				0	
23262	999	0		0.0				ADD_DAMMIPHYSICS(0.15)\nADD_HITRATE(0.01)\nADD_AGILITY(0.14)				0	
23263	999	0		0.0				ADD_DAMMIPHYSICS(0.15)\nADD_HITRATE(0.01)\nADD_PERCEPTION(0.14)				0	
23264	999	0		0.0				ADD_DAMMIPHYSICS(0.15)\nADD_HITRATE(0.01)\nADD_INTELLECT(0.14)				0	
23265	999	0		0.0				ADD_DAMMIPHYSICS(0.15)\nADD_HITRATE(0.01)\nADD_ANTI_POWERHIT(0.01)				0	
23266	999	0		0.0				ADD_DAMMIPHYSICS(0.15)\nADD_HITRATE(0.01)\nADD_MULTIPLY_POWERDAM(0.1)				0	
23267	999	0		0.0				ADD_DAMMIPHYSICS(0.15)\nADD_HITRATE(0.01)\nADD_ABSORB_POWERDAM(0.1)				0	
23268	999	0		0.0				ADD_DAMMIPHYSICS(0.15)\nADD_HITRATE(0.01)\nADD_ABSORB_SHIELD(0.1)				0	
23269	999	0		0.0				ADD_DAMMIPHYSICS(0.15)\nADD_DODGE(0.01)\nADD_STRENGH(0.14)				0	
23270	999	0		0.0				ADD_DAMMIPHYSICS(0.15)\nADD_DODGE(0.01)\nADD_CONSITUTION(0.14)				0	
23271	999	0		0.0				ADD_DAMMIPHYSICS(0.15)\nADD_DODGE(0.01)\nADD_AGILITY(0.14)				0	
23272	999	0		0.0				ADD_DAMMIPHYSICS(0.15)\nADD_DODGE(0.01)\nADD_PERCEPTION(0.14)				0	
23273	999	0		0.0				ADD_DAMMIPHYSICS(0.15)\nADD_DODGE(0.01)\nADD_INTELLECT(0.14)				0	
23274	999	0		0.0				ADD_DAMMIPHYSICS(0.15)\nADD_DODGE(0.01)\nADD_ANTI_POWERHIT(0.01)				0	
23275	999	0		0.0				ADD_DAMMIPHYSICS(0.15)\nADD_DODGE(0.01)\nADD_MULTIPLY_POWERDAM(0.1)				0	
23276	999	0		0.0				ADD_DAMMIPHYSICS(0.15)\nADD_DODGE(0.01)\nADD_ABSORB_POWERDAM(0.1)				0	
23277	999	0		0.0				ADD_DAMMIPHYSICS(0.15)\nADD_DODGE(0.01)\nADD_ABSORB_SHIELD(0.1)				0	
23278	999	0		0.0				ADD_DAMMIPHYSICS(0.15)\nADD_POWERHIT(0.01)\nADD_STRENGH(0.14)				0	
23279	999	0		0.0				ADD_DAMMIPHYSICS(0.15)\nADD_POWERHIT(0.01)\nADD_CONSITUTION(0.14)				0	
23280	999	0		0.0				ADD_DAMMIPHYSICS(0.15)\nADD_POWERHIT(0.01)\nADD_AGILITY(0.14)				0	
23281	999	0		0.0				ADD_DAMMIPHYSICS(0.15)\nADD_POWERHIT(0.01)\nADD_PERCEPTION(0.14)				0	
23282	999	0		0.0				ADD_DAMMIPHYSICS(0.15)\nADD_POWERHIT(0.01)\nADD_INTELLECT(0.14)				0	
23283	999	0		0.0				ADD_DAMMIPHYSICS(0.15)\nADD_POWERHIT(0.01)\nADD_ANTI_POWERHIT(0.01)				0	
23284	999	0		0.0				ADD_DAMMIPHYSICS(0.15)\nADD_POWERHIT(0.01)\nADD_MULTIPLY_POWERDAM(0.1)				0	
23285	999	0		0.0				ADD_DAMMIPHYSICS(0.15)\nADD_POWERHIT(0.01)\nADD_ABSORB_POWERDAM(0.1)				0	
23286	999	0		0.0				ADD_DAMMIPHYSICS(0.15)\nADD_POWERHIT(0.01)\nADD_ABSORB_SHIELD(0.1)				0	
23287	999	0		0.0				ADD_DAMMIMAGIC(0.15)\nADD_STRENGH(0.04)\nADD_CONSITUTION(0.14)				0	
23288	999	0		0.0				ADD_DAMMIMAGIC(0.15)\nADD_STRENGH(0.04)\nADD_AGILITY(0.14)				0	
23289	999	0		0.0				ADD_DAMMIMAGIC(0.15)\nADD_STRENGH(0.04)\nADD_PERCEPTION(0.14)				0	
23290	999	0		0.0				ADD_DAMMIMAGIC(0.15)\nADD_STRENGH(0.04)\nADD_INTELLECT(0.14)				0	
23291	999	0		0.0				ADD_DAMMIMAGIC(0.15)\nADD_STRENGH(0.04)\nADD_ANTI_POWERHIT(0.01)				0	
23292	999	0		0.0				ADD_DAMMIMAGIC(0.15)\nADD_STRENGH(0.04)\nADD_MULTIPLY_POWERDAM(0.1)				0	
23293	999	0		0.0				ADD_DAMMIMAGIC(0.15)\nADD_STRENGH(0.04)\nADD_ABSORB_POWERDAM(0.1)				0	
23294	999	0		0.0				ADD_DAMMIMAGIC(0.15)\nADD_STRENGH(0.04)\nADD_ABSORB_SHIELD(0.1)				0	
23295	999	0		0.0				ADD_DAMMIMAGIC(0.15)\nADD_CONSITUTION(0.04)\nADD_STRENGH(0.14)				0	
23296	999	0		0.0				ADD_DAMMIMAGIC(0.15)\nADD_CONSITUTION(0.04)\nADD_AGILITY(0.14)				0	
23297	999	0		0.0				ADD_DAMMIMAGIC(0.15)\nADD_CONSITUTION(0.04)\nADD_PERCEPTION(0.14)				0	
23298	999	0		0.0				ADD_DAMMIMAGIC(0.15)\nADD_CONSITUTION(0.04)\nADD_INTELLECT(0.14)				0	
23299	999	0		0.0				ADD_DAMMIMAGIC(0.15)\nADD_CONSITUTION(0.04)\nADD_ANTI_POWERHIT(0.01)				0	
23300	999	0		0.0				ADD_DAMMIMAGIC(0.15)\nADD_CONSITUTION(0.04)\nADD_MULTIPLY_POWERDAM(0.1)				0	
23301	999	0		0.0				ADD_DAMMIMAGIC(0.15)\nADD_CONSITUTION(0.04)\nADD_ABSORB_POWERDAM(0.1)				0	
23302	999	0		0.0				ADD_DAMMIMAGIC(0.15)\nADD_CONSITUTION(0.04)\nADD_ABSORB_SHIELD(0.1)				0	
23303	999	0		0.0				ADD_DAMMIMAGIC(0.15)\nADD_AGILITY(0.04)\nADD_STRENGH(0.14)				0	
23304	999	0		0.0				ADD_DAMMIMAGIC(0.15)\nADD_AGILITY(0.04)\nADD_CONSITUTION(0.14)				0	
23305	999	0		0.0				ADD_DAMMIMAGIC(0.15)\nADD_AGILITY(0.04)\nADD_PERCEPTION(0.14)				0	
23306	999	0		0.0				ADD_DAMMIMAGIC(0.15)\nADD_AGILITY(0.04)\nADD_INTELLECT(0.14)				0	
23307	999	0		0.0				ADD_DAMMIMAGIC(0.15)\nADD_AGILITY(0.04)\nADD_ANTI_POWERHIT(0.01)				0	
23308	999	0		0.0				ADD_DAMMIMAGIC(0.15)\nADD_AGILITY(0.04)\nADD_MULTIPLY_POWERDAM(0.1)				0	
23309	999	0		0.0				ADD_DAMMIMAGIC(0.15)\nADD_AGILITY(0.04)\nADD_ABSORB_POWERDAM(0.1)				0	
23310	999	0		0.0				ADD_DAMMIMAGIC(0.15)\nADD_AGILITY(0.04)\nADD_ABSORB_SHIELD(0.1)				0	
23311	999	0		0.0				ADD_DAMMIMAGIC(0.15)\nADD_PERCEPTION(0.04)\nADD_STRENGH(0.14)				0	
23312	999	0		0.0				ADD_DAMMIMAGIC(0.15)\nADD_PERCEPTION(0.04)\nADD_CONSITUTION(0.14)				0	
23313	999	0		0.0				ADD_DAMMIMAGIC(0.15)\nADD_PERCEPTION(0.04)\nADD_AGILITY(0.14)				0	
23314	999	0		0.0				ADD_DAMMIMAGIC(0.15)\nADD_PERCEPTION(0.04)\nADD_INTELLECT(0.14)				0	
23315	999	0		0.0				ADD_DAMMIMAGIC(0.15)\nADD_PERCEPTION(0.04)\nADD_ANTI_POWERHIT(0.01)				0	
23316	999	0		0.0				ADD_DAMMIMAGIC(0.15)\nADD_PERCEPTION(0.04)\nADD_MULTIPLY_POWERDAM(0.1)				0	
23317	999	0		0.0				ADD_DAMMIMAGIC(0.15)\nADD_PERCEPTION(0.04)\nADD_ABSORB_POWERDAM(0.1)				0	
23318	999	0		0.0				ADD_DAMMIMAGIC(0.15)\nADD_PERCEPTION(0.04)\nADD_ABSORB_SHIELD(0.1)				0	
23319	999	0		0.0				ADD_DAMMIMAGIC(0.15)\nADD_INTELLECT(0.04)\nADD_STRENGH(0.14)				0	
23320	999	0		0.0				ADD_DAMMIMAGIC(0.15)\nADD_INTELLECT(0.04)\nADD_CONSITUTION(0.14)				0	
23321	999	0		0.0				ADD_DAMMIMAGIC(0.15)\nADD_INTELLECT(0.04)\nADD_AGILITY(0.14)				0	
23322	999	0		0.0				ADD_DAMMIMAGIC(0.15)\nADD_INTELLECT(0.04)\nADD_PERCEPTION(0.14)				0	
23323	999	0		0.0				ADD_DAMMIMAGIC(0.15)\nADD_INTELLECT(0.04)\nADD_ANTI_POWERHIT(0.01)				0	
23324	999	0		0.0				ADD_DAMMIMAGIC(0.15)\nADD_INTELLECT(0.04)\nADD_MULTIPLY_POWERDAM(0.1)				0	
23325	999	0		0.0				ADD_DAMMIMAGIC(0.15)\nADD_INTELLECT(0.04)\nADD_ABSORB_POWERDAM(0.1)				0	
23326	999	0		0.0				ADD_DAMMIMAGIC(0.15)\nADD_INTELLECT(0.04)\nADD_ABSORB_SHIELD(0.1)				0	
23327	999	0		0.0				ADD_DAMMIMAGIC(0.15)\nADD_HPMAX(0.06)\nADD_STRENGH(0.14)				0	
23328	999	0		0.0				ADD_DAMMIMAGIC(0.15)\nADD_HPMAX(0.06)\nADD_CONSITUTION(0.14)				0	
23329	999	0		0.0				ADD_DAMMIMAGIC(0.15)\nADD_HPMAX(0.06)\nADD_AGILITY(0.14)				0	
23330	999	0		0.0				ADD_DAMMIMAGIC(0.15)\nADD_HPMAX(0.06)\nADD_PERCEPTION(0.14)				0	
23331	999	0		0.0				ADD_DAMMIMAGIC(0.15)\nADD_HPMAX(0.06)\nADD_INTELLECT(0.14)				0	
23332	999	0		0.0				ADD_DAMMIMAGIC(0.15)\nADD_HPMAX(0.06)\nADD_ANTI_POWERHIT(0.01)				0	
23333	999	0		0.0				ADD_DAMMIMAGIC(0.15)\nADD_HPMAX(0.06)\nADD_MULTIPLY_POWERDAM(0.1)				0	
23334	999	0		0.0				ADD_DAMMIMAGIC(0.15)\nADD_HPMAX(0.06)\nADD_ABSORB_POWERDAM(0.1)				0	
23335	999	0		0.0				ADD_DAMMIMAGIC(0.15)\nADD_HPMAX(0.06)\nADD_ABSORB_SHIELD(0.1)				0	
23336	999	0		0.0				ADD_DAMMIMAGIC(0.15)\nADD_DAMMIPHYSICS(0.05)\nADD_STRENGH(0.14)				0	
23337	999	0		0.0				ADD_DAMMIMAGIC(0.15)\nADD_DAMMIPHYSICS(0.05)\nADD_CONSITUTION(0.14)				0	
23338	999	0		0.0				ADD_DAMMIMAGIC(0.15)\nADD_DAMMIPHYSICS(0.05)\nADD_AGILITY(0.14)				0	
23339	999	0		0.0				ADD_DAMMIMAGIC(0.15)\nADD_DAMMIPHYSICS(0.05)\nADD_PERCEPTION(0.14)				0	
23340	999	0		0.0				ADD_DAMMIMAGIC(0.15)\nADD_DAMMIPHYSICS(0.05)\nADD_INTELLECT(0.14)				0	
23341	999	0		0.0				ADD_DAMMIMAGIC(0.15)\nADD_DAMMIPHYSICS(0.05)\nADD_ANTI_POWERHIT(0.01)				0	
23342	999	0		0.0				ADD_DAMMIMAGIC(0.15)\nADD_DAMMIPHYSICS(0.05)\nADD_MULTIPLY_POWERDAM(0.1)				0	
23343	999	0		0.0				ADD_DAMMIMAGIC(0.15)\nADD_DAMMIPHYSICS(0.05)\nADD_ABSORB_POWERDAM(0.1)				0	
23344	999	0		0.0				ADD_DAMMIMAGIC(0.15)\nADD_DAMMIPHYSICS(0.05)\nADD_ABSORB_SHIELD(0.1)				0	
23345	999	0		0.0				ADD_DAMMIMAGIC(0.15)\nADD_AC_PHYSICS(0.16)\nADD_STRENGH(0.14)				0	
23346	999	0		0.0				ADD_DAMMIMAGIC(0.15)\nADD_AC_PHYSICS(0.16)\nADD_CONSITUTION(0.14)				0	
23347	999	0		0.0				ADD_DAMMIMAGIC(0.15)\nADD_AC_PHYSICS(0.16)\nADD_AGILITY(0.14)				0	
23348	999	0		0.0				ADD_DAMMIMAGIC(0.15)\nADD_AC_PHYSICS(0.16)\nADD_PERCEPTION(0.14)				0	
23349	999	0		0.0				ADD_DAMMIMAGIC(0.15)\nADD_AC_PHYSICS(0.16)\nADD_INTELLECT(0.14)				0	
23350	999	0		0.0				ADD_DAMMIMAGIC(0.15)\nADD_AC_PHYSICS(0.16)\nADD_ANTI_POWERHIT(0.01)				0	
23351	999	0		0.0				ADD_DAMMIMAGIC(0.15)\nADD_AC_PHYSICS(0.16)\nADD_MULTIPLY_POWERDAM(0.1)				0	
23352	999	0		0.0				ADD_DAMMIMAGIC(0.15)\nADD_AC_PHYSICS(0.16)\nADD_ABSORB_POWERDAM(0.1)				0	
23353	999	0		0.0				ADD_DAMMIMAGIC(0.15)\nADD_AC_PHYSICS(0.16)\nADD_ABSORB_SHIELD(0.1)				0	
23354	999	0		0.0				ADD_DAMMIMAGIC(0.15)\nADD_AC_MAGIC(0.16)\nADD_STRENGH(0.14)				0	
23355	999	0		0.0				ADD_DAMMIMAGIC(0.15)\nADD_AC_MAGIC(0.16)\nADD_CONSITUTION(0.14)				0	
23356	999	0		0.0				ADD_DAMMIMAGIC(0.15)\nADD_AC_MAGIC(0.16)\nADD_AGILITY(0.14)				0	
23357	999	0		0.0				ADD_DAMMIMAGIC(0.15)\nADD_AC_MAGIC(0.16)\nADD_PERCEPTION(0.14)				0	
23358	999	0		0.0				ADD_DAMMIMAGIC(0.15)\nADD_AC_MAGIC(0.16)\nADD_INTELLECT(0.14)				0	
23359	999	0		0.0				ADD_DAMMIMAGIC(0.15)\nADD_AC_MAGIC(0.16)\nADD_ANTI_POWERHIT(0.01)				0	
23360	999	0		0.0				ADD_DAMMIMAGIC(0.15)\nADD_AC_MAGIC(0.16)\nADD_MULTIPLY_POWERDAM(0.1)				0	
23361	999	0		0.0				ADD_DAMMIMAGIC(0.15)\nADD_AC_MAGIC(0.16)\nADD_ABSORB_POWERDAM(0.1)				0	
23362	999	0		0.0				ADD_DAMMIMAGIC(0.15)\nADD_AC_MAGIC(0.16)\nADD_ABSORB_SHIELD(0.1)				0	
23363	999	0		0.0				ADD_DAMMIMAGIC(0.15)\nADD_PENETRATE_PHYSICS(0.15)\nADD_STRENGH(0.14)				0	
23364	999	0		0.0				ADD_DAMMIMAGIC(0.15)\nADD_PENETRATE_PHYSICS(0.15)\nADD_CONSITUTION(0.14)				0	
23365	999	0		0.0				ADD_DAMMIMAGIC(0.15)\nADD_PENETRATE_PHYSICS(0.15)\nADD_AGILITY(0.14)				0	
23366	999	0		0.0				ADD_DAMMIMAGIC(0.15)\nADD_PENETRATE_PHYSICS(0.15)\nADD_PERCEPTION(0.14)				0	
23367	999	0		0.0				ADD_DAMMIMAGIC(0.15)\nADD_PENETRATE_PHYSICS(0.15)\nADD_INTELLECT(0.14)				0	
23368	999	0		0.0				ADD_DAMMIMAGIC(0.15)\nADD_PENETRATE_PHYSICS(0.15)\nADD_ANTI_POWERHIT(0.01)				0	
23369	999	0		0.0				ADD_DAMMIMAGIC(0.15)\nADD_PENETRATE_PHYSICS(0.15)\nADD_MULTIPLY_POWERDAM(0.1)				0	
23370	999	0		0.0				ADD_DAMMIMAGIC(0.15)\nADD_PENETRATE_PHYSICS(0.15)\nADD_ABSORB_POWERDAM(0.1)				0	
23371	999	0		0.0				ADD_DAMMIMAGIC(0.15)\nADD_PENETRATE_PHYSICS(0.15)\nADD_ABSORB_SHIELD(0.1)				0	
23372	999	0		0.0				ADD_DAMMIMAGIC(0.15)\nADD_PENETRATE_MAGIC(0.15)\nADD_STRENGH(0.14)				0	
23373	999	0		0.0				ADD_DAMMIMAGIC(0.15)\nADD_PENETRATE_MAGIC(0.15)\nADD_CONSITUTION(0.14)				0	
23374	999	0		0.0				ADD_DAMMIMAGIC(0.15)\nADD_PENETRATE_MAGIC(0.15)\nADD_AGILITY(0.14)				0	
23375	999	0		0.0				ADD_DAMMIMAGIC(0.15)\nADD_PENETRATE_MAGIC(0.15)\nADD_PERCEPTION(0.14)				0	
23376	999	0		0.0				ADD_DAMMIMAGIC(0.15)\nADD_PENETRATE_MAGIC(0.15)\nADD_INTELLECT(0.14)				0	
23377	999	0		0.0				ADD_DAMMIMAGIC(0.15)\nADD_PENETRATE_MAGIC(0.15)\nADD_ANTI_POWERHIT(0.01)				0	
23378	999	0		0.0				ADD_DAMMIMAGIC(0.15)\nADD_PENETRATE_MAGIC(0.15)\nADD_MULTIPLY_POWERDAM(0.1)				0	
23379	999	0		0.0				ADD_DAMMIMAGIC(0.15)\nADD_PENETRATE_MAGIC(0.15)\nADD_ABSORB_POWERDAM(0.1)				0	
23380	999	0		0.0				ADD_DAMMIMAGIC(0.15)\nADD_PENETRATE_MAGIC(0.15)\nADD_ABSORB_SHIELD(0.1)				0	
23381	999	0		0.0				ADD_DAMMIMAGIC(0.15)\nADD_HITRATE(0.003)\nADD_STRENGH(0.14)				0	
23382	999	0		0.0				ADD_DAMMIMAGIC(0.15)\nADD_HITRATE(0.003)\nADD_CONSITUTION(0.14)				0	
23383	999	0		0.0				ADD_DAMMIMAGIC(0.15)\nADD_HITRATE(0.003)\nADD_AGILITY(0.14)				0	
23384	999	0		0.0				ADD_DAMMIMAGIC(0.15)\nADD_HITRATE(0.003)\nADD_PERCEPTION(0.14)				0	
23385	999	0		0.0				ADD_DAMMIMAGIC(0.15)\nADD_HITRATE(0.003)\nADD_INTELLECT(0.14)				0	
23386	999	0		0.0				ADD_DAMMIMAGIC(0.15)\nADD_HITRATE(0.003)\nADD_ANTI_POWERHIT(0.01)				0	
23387	999	0		0.0				ADD_DAMMIMAGIC(0.15)\nADD_HITRATE(0.003)\nADD_MULTIPLY_POWERDAM(0.1)				0	
23388	999	0		0.0				ADD_DAMMIMAGIC(0.15)\nADD_HITRATE(0.003)\nADD_ABSORB_POWERDAM(0.1)				0	
23389	999	0		0.0				ADD_DAMMIMAGIC(0.15)\nADD_HITRATE(0.003)\nADD_ABSORB_SHIELD(0.1)				0	
23390	999	0		0.0				ADD_DAMMIMAGIC(0.15)\nADD_DODGE(0.003)\nADD_STRENGH(0.14)				0	
23391	999	0		0.0				ADD_DAMMIMAGIC(0.15)\nADD_DODGE(0.003)\nADD_CONSITUTION(0.14)				0	
23392	999	0		0.0				ADD_DAMMIMAGIC(0.15)\nADD_DODGE(0.003)\nADD_AGILITY(0.14)				0	
23393	999	0		0.0				ADD_DAMMIMAGIC(0.15)\nADD_DODGE(0.003)\nADD_PERCEPTION(0.14)				0	
23394	999	0		0.0				ADD_DAMMIMAGIC(0.15)\nADD_DODGE(0.003)\nADD_INTELLECT(0.14)				0	
23395	999	0		0.0				ADD_DAMMIMAGIC(0.15)\nADD_DODGE(0.003)\nADD_ANTI_POWERHIT(0.01)				0	
23396	999	0		0.0				ADD_DAMMIMAGIC(0.15)\nADD_DODGE(0.003)\nADD_MULTIPLY_POWERDAM(0.1)				0	
23397	999	0		0.0				ADD_DAMMIMAGIC(0.15)\nADD_DODGE(0.003)\nADD_ABSORB_POWERDAM(0.1)				0	
23398	999	0		0.0				ADD_DAMMIMAGIC(0.15)\nADD_DODGE(0.003)\nADD_ABSORB_SHIELD(0.1)				0	
23399	999	0		0.0				ADD_DAMMIMAGIC(0.15)\nADD_POWERHIT(0.003)\nADD_STRENGH(0.14)				0	
23400	999	0		0.0				ADD_DAMMIMAGIC(0.15)\nADD_POWERHIT(0.003)\nADD_CONSITUTION(0.14)				0	
23401	999	0		0.0				ADD_DAMMIMAGIC(0.15)\nADD_POWERHIT(0.003)\nADD_AGILITY(0.14)				0	
23402	999	0		0.0				ADD_DAMMIMAGIC(0.15)\nADD_POWERHIT(0.003)\nADD_PERCEPTION(0.14)				0	
23403	999	0		0.0				ADD_DAMMIMAGIC(0.15)\nADD_POWERHIT(0.003)\nADD_INTELLECT(0.14)				0	
23404	999	0		0.0				ADD_DAMMIMAGIC(0.15)\nADD_POWERHIT(0.003)\nADD_ANTI_POWERHIT(0.01)				0	
23405	999	0		0.0				ADD_DAMMIMAGIC(0.15)\nADD_POWERHIT(0.003)\nADD_MULTIPLY_POWERDAM(0.1)				0	
23406	999	0		0.0				ADD_DAMMIMAGIC(0.15)\nADD_POWERHIT(0.003)\nADD_ABSORB_POWERDAM(0.1)				0	
23407	999	0		0.0				ADD_DAMMIMAGIC(0.15)\nADD_POWERHIT(0.003)\nADD_ABSORB_SHIELD(0.1)				0	
23408	999	0		0.0				ADD_DAMMIMAGIC(0.15)\nADD_STRENGH(0.09)\nADD_CONSITUTION(0.14)				0	
23409	999	0		0.0				ADD_DAMMIMAGIC(0.15)\nADD_STRENGH(0.09)\nADD_AGILITY(0.14)				0	
23410	999	0		0.0				ADD_DAMMIMAGIC(0.15)\nADD_STRENGH(0.09)\nADD_PERCEPTION(0.14)				0	
23411	999	0		0.0				ADD_DAMMIMAGIC(0.15)\nADD_STRENGH(0.09)\nADD_INTELLECT(0.14)				0	
23412	999	0		0.0				ADD_DAMMIMAGIC(0.15)\nADD_STRENGH(0.09)\nADD_ANTI_POWERHIT(0.01)				0	
23413	999	0		0.0				ADD_DAMMIMAGIC(0.15)\nADD_STRENGH(0.09)\nADD_MULTIPLY_POWERDAM(0.1)				0	
23414	999	0		0.0				ADD_DAMMIMAGIC(0.15)\nADD_STRENGH(0.09)\nADD_ABSORB_POWERDAM(0.1)				0	
23415	999	0		0.0				ADD_DAMMIMAGIC(0.15)\nADD_STRENGH(0.09)\nADD_ABSORB_SHIELD(0.1)				0	
23416	999	0		0.0				ADD_DAMMIMAGIC(0.15)\nADD_CONSITUTION(0.09)\nADD_STRENGH(0.14)				0	
23417	999	0		0.0				ADD_DAMMIMAGIC(0.15)\nADD_CONSITUTION(0.09)\nADD_AGILITY(0.14)				0	
23418	999	0		0.0				ADD_DAMMIMAGIC(0.15)\nADD_CONSITUTION(0.09)\nADD_PERCEPTION(0.14)				0	
23419	999	0		0.0				ADD_DAMMIMAGIC(0.15)\nADD_CONSITUTION(0.09)\nADD_INTELLECT(0.14)				0	
23420	999	0		0.0				ADD_DAMMIMAGIC(0.15)\nADD_CONSITUTION(0.09)\nADD_ANTI_POWERHIT(0.01)				0	
23421	999	0		0.0				ADD_DAMMIMAGIC(0.15)\nADD_CONSITUTION(0.09)\nADD_MULTIPLY_POWERDAM(0.1)				0	
23422	999	0		0.0				ADD_DAMMIMAGIC(0.15)\nADD_CONSITUTION(0.09)\nADD_ABSORB_POWERDAM(0.1)				0	
23423	999	0		0.0				ADD_DAMMIMAGIC(0.15)\nADD_CONSITUTION(0.09)\nADD_ABSORB_SHIELD(0.1)				0	
23424	999	0		0.0				ADD_DAMMIMAGIC(0.15)\nADD_AGILITY(0.09)\nADD_STRENGH(0.14)				0	
23425	999	0		0.0				ADD_DAMMIMAGIC(0.15)\nADD_AGILITY(0.09)\nADD_CONSITUTION(0.14)				0	
23426	999	0		0.0				ADD_DAMMIMAGIC(0.15)\nADD_AGILITY(0.09)\nADD_PERCEPTION(0.14)				0	
23427	999	0		0.0				ADD_DAMMIMAGIC(0.15)\nADD_AGILITY(0.09)\nADD_INTELLECT(0.14)				0	
23428	999	0		0.0				ADD_DAMMIMAGIC(0.15)\nADD_AGILITY(0.09)\nADD_ANTI_POWERHIT(0.01)				0	
23429	999	0		0.0				ADD_DAMMIMAGIC(0.15)\nADD_AGILITY(0.09)\nADD_MULTIPLY_POWERDAM(0.1)				0	
23430	999	0		0.0				ADD_DAMMIMAGIC(0.15)\nADD_AGILITY(0.09)\nADD_ABSORB_POWERDAM(0.1)				0	
23431	999	0		0.0				ADD_DAMMIMAGIC(0.15)\nADD_AGILITY(0.09)\nADD_ABSORB_SHIELD(0.1)				0	
23432	999	0		0.0				ADD_DAMMIMAGIC(0.15)\nADD_PERCEPTION(0.09)\nADD_STRENGH(0.14)				0	
23433	999	0		0.0				ADD_DAMMIMAGIC(0.15)\nADD_PERCEPTION(0.09)\nADD_CONSITUTION(0.14)				0	
23434	999	0		0.0				ADD_DAMMIMAGIC(0.15)\nADD_PERCEPTION(0.09)\nADD_AGILITY(0.14)				0	
23435	999	0		0.0				ADD_DAMMIMAGIC(0.15)\nADD_PERCEPTION(0.09)\nADD_INTELLECT(0.14)				0	
23436	999	0		0.0				ADD_DAMMIMAGIC(0.15)\nADD_PERCEPTION(0.09)\nADD_ANTI_POWERHIT(0.01)				0	
23437	999	0		0.0				ADD_DAMMIMAGIC(0.15)\nADD_PERCEPTION(0.09)\nADD_MULTIPLY_POWERDAM(0.1)				0	
23438	999	0		0.0				ADD_DAMMIMAGIC(0.15)\nADD_PERCEPTION(0.09)\nADD_ABSORB_POWERDAM(0.1)				0	
23439	999	0		0.0				ADD_DAMMIMAGIC(0.15)\nADD_PERCEPTION(0.09)\nADD_ABSORB_SHIELD(0.1)				0	
23440	999	0		0.0				ADD_DAMMIMAGIC(0.15)\nADD_INTELLECT(0.09)\nADD_STRENGH(0.14)				0	
23441	999	0		0.0				ADD_DAMMIMAGIC(0.15)\nADD_INTELLECT(0.09)\nADD_CONSITUTION(0.14)				0	
23442	999	0		0.0				ADD_DAMMIMAGIC(0.15)\nADD_INTELLECT(0.09)\nADD_AGILITY(0.14)				0	
23443	999	0		0.0				ADD_DAMMIMAGIC(0.15)\nADD_INTELLECT(0.09)\nADD_PERCEPTION(0.14)				0	
23444	999	0		0.0				ADD_DAMMIMAGIC(0.15)\nADD_INTELLECT(0.09)\nADD_ANTI_POWERHIT(0.01)				0	
23445	999	0		0.0				ADD_DAMMIMAGIC(0.15)\nADD_INTELLECT(0.09)\nADD_MULTIPLY_POWERDAM(0.1)				0	
23446	999	0		0.0				ADD_DAMMIMAGIC(0.15)\nADD_INTELLECT(0.09)\nADD_ABSORB_POWERDAM(0.1)				0	
23447	999	0		0.0				ADD_DAMMIMAGIC(0.15)\nADD_INTELLECT(0.09)\nADD_ABSORB_SHIELD(0.1)				0	
23448	999	0		0.0				ADD_DAMMIMAGIC(0.15)\nADD_HPMAX(0.12)\nADD_STRENGH(0.14)				0	
23449	999	0		0.0				ADD_DAMMIMAGIC(0.15)\nADD_HPMAX(0.12)\nADD_CONSITUTION(0.14)				0	
23450	999	0		0.0				ADD_DAMMIMAGIC(0.15)\nADD_HPMAX(0.12)\nADD_AGILITY(0.14)				0	
23451	999	0		0.0				ADD_DAMMIMAGIC(0.15)\nADD_HPMAX(0.12)\nADD_PERCEPTION(0.14)				0	
23452	999	0		0.0				ADD_DAMMIMAGIC(0.15)\nADD_HPMAX(0.12)\nADD_INTELLECT(0.14)				0	
23453	999	0		0.0				ADD_DAMMIMAGIC(0.15)\nADD_HPMAX(0.12)\nADD_ANTI_POWERHIT(0.01)				0	
23454	999	0		0.0				ADD_DAMMIMAGIC(0.15)\nADD_HPMAX(0.12)\nADD_MULTIPLY_POWERDAM(0.1)				0	
23455	999	0		0.0				ADD_DAMMIMAGIC(0.15)\nADD_HPMAX(0.12)\nADD_ABSORB_POWERDAM(0.1)				0	
23456	999	0		0.0				ADD_DAMMIMAGIC(0.15)\nADD_HPMAX(0.12)\nADD_ABSORB_SHIELD(0.1)				0	
23457	999	0		0.0				ADD_DAMMIMAGIC(0.15)\nADD_DAMMIPHYSICS(0.1)\nADD_STRENGH(0.14)				0	
23458	999	0		0.0				ADD_DAMMIMAGIC(0.15)\nADD_DAMMIPHYSICS(0.1)\nADD_CONSITUTION(0.14)				0	
23459	999	0		0.0				ADD_DAMMIMAGIC(0.15)\nADD_DAMMIPHYSICS(0.1)\nADD_AGILITY(0.14)				0	
23460	999	0		0.0				ADD_DAMMIMAGIC(0.15)\nADD_DAMMIPHYSICS(0.1)\nADD_PERCEPTION(0.14)				0	
23461	999	0		0.0				ADD_DAMMIMAGIC(0.15)\nADD_DAMMIPHYSICS(0.1)\nADD_INTELLECT(0.14)				0	
23462	999	0		0.0				ADD_DAMMIMAGIC(0.15)\nADD_DAMMIPHYSICS(0.1)\nADD_ANTI_POWERHIT(0.01)				0	
23463	999	0		0.0				ADD_DAMMIMAGIC(0.15)\nADD_DAMMIPHYSICS(0.1)\nADD_MULTIPLY_POWERDAM(0.1)				0	
23464	999	0		0.0				ADD_DAMMIMAGIC(0.15)\nADD_DAMMIPHYSICS(0.1)\nADD_ABSORB_POWERDAM(0.1)				0	
23465	999	0		0.0				ADD_DAMMIMAGIC(0.15)\nADD_DAMMIPHYSICS(0.1)\nADD_ABSORB_SHIELD(0.1)				0	
23466	999	0		0.0				ADD_DAMMIMAGIC(0.15)\nADD_AC_PHYSICS(0.32)\nADD_STRENGH(0.14)				0	
23467	999	0		0.0				ADD_DAMMIMAGIC(0.15)\nADD_AC_PHYSICS(0.32)\nADD_CONSITUTION(0.14)				0	
23468	999	0		0.0				ADD_DAMMIMAGIC(0.15)\nADD_AC_PHYSICS(0.32)\nADD_AGILITY(0.14)				0	
23469	999	0		0.0				ADD_DAMMIMAGIC(0.15)\nADD_AC_PHYSICS(0.32)\nADD_PERCEPTION(0.14)				0	
23470	999	0		0.0				ADD_DAMMIMAGIC(0.15)\nADD_AC_PHYSICS(0.32)\nADD_INTELLECT(0.14)				0	
23471	999	0		0.0				ADD_DAMMIMAGIC(0.15)\nADD_AC_PHYSICS(0.32)\nADD_ANTI_POWERHIT(0.01)				0	
23472	999	0		0.0				ADD_DAMMIMAGIC(0.15)\nADD_AC_PHYSICS(0.32)\nADD_MULTIPLY_POWERDAM(0.1)				0	
23473	999	0		0.0				ADD_DAMMIMAGIC(0.15)\nADD_AC_PHYSICS(0.32)\nADD_ABSORB_POWERDAM(0.1)				0	
23474	999	0		0.0				ADD_DAMMIMAGIC(0.15)\nADD_AC_PHYSICS(0.32)\nADD_ABSORB_SHIELD(0.1)				0	
23475	999	0		0.0				ADD_DAMMIMAGIC(0.15)\nADD_AC_MAGIC(0.32)\nADD_STRENGH(0.14)				0	
23476	999	0		0.0				ADD_DAMMIMAGIC(0.15)\nADD_AC_MAGIC(0.32)\nADD_CONSITUTION(0.14)				0	
23477	999	0		0.0				ADD_DAMMIMAGIC(0.15)\nADD_AC_MAGIC(0.32)\nADD_AGILITY(0.14)				0	
23478	999	0		0.0				ADD_DAMMIMAGIC(0.15)\nADD_AC_MAGIC(0.32)\nADD_PERCEPTION(0.14)				0	
23479	999	0		0.0				ADD_DAMMIMAGIC(0.15)\nADD_AC_MAGIC(0.32)\nADD_INTELLECT(0.14)				0	
23480	999	0		0.0				ADD_DAMMIMAGIC(0.15)\nADD_AC_MAGIC(0.32)\nADD_ANTI_POWERHIT(0.01)				0	
23481	999	0		0.0				ADD_DAMMIMAGIC(0.15)\nADD_AC_MAGIC(0.32)\nADD_MULTIPLY_POWERDAM(0.1)				0	
23482	999	0		0.0				ADD_DAMMIMAGIC(0.15)\nADD_AC_MAGIC(0.32)\nADD_ABSORB_POWERDAM(0.1)				0	
23483	999	0		0.0				ADD_DAMMIMAGIC(0.15)\nADD_AC_MAGIC(0.32)\nADD_ABSORB_SHIELD(0.1)				0	
23484	999	0		0.0				ADD_DAMMIMAGIC(0.15)\nADD_PENETRATE_PHYSICS(0.3)\nADD_STRENGH(0.14)				0	
23485	999	0		0.0				ADD_DAMMIMAGIC(0.15)\nADD_PENETRATE_PHYSICS(0.3)\nADD_CONSITUTION(0.14)				0	
23486	999	0		0.0				ADD_DAMMIMAGIC(0.15)\nADD_PENETRATE_PHYSICS(0.3)\nADD_AGILITY(0.14)				0	
23487	999	0		0.0				ADD_DAMMIMAGIC(0.15)\nADD_PENETRATE_PHYSICS(0.3)\nADD_PERCEPTION(0.14)				0	
23488	999	0		0.0				ADD_DAMMIMAGIC(0.15)\nADD_PENETRATE_PHYSICS(0.3)\nADD_INTELLECT(0.14)				0	
23489	999	0		0.0				ADD_DAMMIMAGIC(0.15)\nADD_PENETRATE_PHYSICS(0.3)\nADD_ANTI_POWERHIT(0.01)				0	
23490	999	0		0.0				ADD_DAMMIMAGIC(0.15)\nADD_PENETRATE_PHYSICS(0.3)\nADD_MULTIPLY_POWERDAM(0.1)				0	
23491	999	0		0.0				ADD_DAMMIMAGIC(0.15)\nADD_PENETRATE_PHYSICS(0.3)\nADD_ABSORB_POWERDAM(0.1)				0	
23492	999	0		0.0				ADD_DAMMIMAGIC(0.15)\nADD_PENETRATE_PHYSICS(0.3)\nADD_ABSORB_SHIELD(0.1)				0	
23493	999	0		0.0				ADD_DAMMIMAGIC(0.15)\nADD_PENETRATE_MAGIC(0.3)\nADD_STRENGH(0.14)				0	
23494	999	0		0.0				ADD_DAMMIMAGIC(0.15)\nADD_PENETRATE_MAGIC(0.3)\nADD_CONSITUTION(0.14)				0	
23495	999	0		0.0				ADD_DAMMIMAGIC(0.15)\nADD_PENETRATE_MAGIC(0.3)\nADD_AGILITY(0.14)				0	
23496	999	0		0.0				ADD_DAMMIMAGIC(0.15)\nADD_PENETRATE_MAGIC(0.3)\nADD_PERCEPTION(0.14)				0	
23497	999	0		0.0				ADD_DAMMIMAGIC(0.15)\nADD_PENETRATE_MAGIC(0.3)\nADD_INTELLECT(0.14)				0	
23498	999	0		0.0				ADD_DAMMIMAGIC(0.15)\nADD_PENETRATE_MAGIC(0.3)\nADD_ANTI_POWERHIT(0.01)				0	
23499	999	0		0.0				ADD_DAMMIMAGIC(0.15)\nADD_PENETRATE_MAGIC(0.3)\nADD_MULTIPLY_POWERDAM(0.1)				0	
23500	999	0		0.0				ADD_DAMMIMAGIC(0.15)\nADD_PENETRATE_MAGIC(0.3)\nADD_ABSORB_POWERDAM(0.1)				0	
23501	999	0		0.0				ADD_DAMMIMAGIC(0.15)\nADD_PENETRATE_MAGIC(0.3)\nADD_ABSORB_SHIELD(0.1)				0	
23502	999	0		0.0				ADD_DAMMIMAGIC(0.15)\nADD_HITRATE(0.006)\nADD_STRENGH(0.14)				0	
23503	999	0		0.0				ADD_DAMMIMAGIC(0.15)\nADD_HITRATE(0.006)\nADD_CONSITUTION(0.14)				0	
23504	999	0		0.0				ADD_DAMMIMAGIC(0.15)\nADD_HITRATE(0.006)\nADD_AGILITY(0.14)				0	
23505	999	0		0.0				ADD_DAMMIMAGIC(0.15)\nADD_HITRATE(0.006)\nADD_PERCEPTION(0.14)				0	
23506	999	0		0.0				ADD_DAMMIMAGIC(0.15)\nADD_HITRATE(0.006)\nADD_INTELLECT(0.14)				0	
23507	999	0		0.0				ADD_DAMMIMAGIC(0.15)\nADD_HITRATE(0.006)\nADD_ANTI_POWERHIT(0.01)				0	
23508	999	0		0.0				ADD_DAMMIMAGIC(0.15)\nADD_HITRATE(0.006)\nADD_MULTIPLY_POWERDAM(0.1)				0	
23509	999	0		0.0				ADD_DAMMIMAGIC(0.15)\nADD_HITRATE(0.006)\nADD_ABSORB_POWERDAM(0.1)				0	
23510	999	0		0.0				ADD_DAMMIMAGIC(0.15)\nADD_HITRATE(0.006)\nADD_ABSORB_SHIELD(0.1)				0	
23511	999	0		0.0				ADD_DAMMIMAGIC(0.15)\nADD_DODGE(0.006)\nADD_STRENGH(0.14)				0	
23512	999	0		0.0				ADD_DAMMIMAGIC(0.15)\nADD_DODGE(0.006)\nADD_CONSITUTION(0.14)				0	
23513	999	0		0.0				ADD_DAMMIMAGIC(0.15)\nADD_DODGE(0.006)\nADD_AGILITY(0.14)				0	
23514	999	0		0.0				ADD_DAMMIMAGIC(0.15)\nADD_DODGE(0.006)\nADD_PERCEPTION(0.14)				0	
23515	999	0		0.0				ADD_DAMMIMAGIC(0.15)\nADD_DODGE(0.006)\nADD_INTELLECT(0.14)				0	
23516	999	0		0.0				ADD_DAMMIMAGIC(0.15)\nADD_DODGE(0.006)\nADD_ANTI_POWERHIT(0.01)				0	
23517	999	0		0.0				ADD_DAMMIMAGIC(0.15)\nADD_DODGE(0.006)\nADD_MULTIPLY_POWERDAM(0.1)				0	
23518	999	0		0.0				ADD_DAMMIMAGIC(0.15)\nADD_DODGE(0.006)\nADD_ABSORB_POWERDAM(0.1)				0	
23519	999	0		0.0				ADD_DAMMIMAGIC(0.15)\nADD_DODGE(0.006)\nADD_ABSORB_SHIELD(0.1)				0	
23520	999	0		0.0				ADD_DAMMIMAGIC(0.15)\nADD_POWERHIT(0.006)\nADD_STRENGH(0.14)				0	
23521	999	0		0.0				ADD_DAMMIMAGIC(0.15)\nADD_POWERHIT(0.006)\nADD_CONSITUTION(0.14)				0	
23522	999	0		0.0				ADD_DAMMIMAGIC(0.15)\nADD_POWERHIT(0.006)\nADD_AGILITY(0.14)				0	
23523	999	0		0.0				ADD_DAMMIMAGIC(0.15)\nADD_POWERHIT(0.006)\nADD_PERCEPTION(0.14)				0	
23524	999	0		0.0				ADD_DAMMIMAGIC(0.15)\nADD_POWERHIT(0.006)\nADD_INTELLECT(0.14)				0	
23525	999	0		0.0				ADD_DAMMIMAGIC(0.15)\nADD_POWERHIT(0.006)\nADD_ANTI_POWERHIT(0.01)				0	
23526	999	0		0.0				ADD_DAMMIMAGIC(0.15)\nADD_POWERHIT(0.006)\nADD_MULTIPLY_POWERDAM(0.1)				0	
23527	999	0		0.0				ADD_DAMMIMAGIC(0.15)\nADD_POWERHIT(0.006)\nADD_ABSORB_POWERDAM(0.1)				0	
23528	999	0		0.0				ADD_DAMMIMAGIC(0.15)\nADD_POWERHIT(0.006)\nADD_ABSORB_SHIELD(0.1)				0	
23529	999	0		0.0				ADD_DAMMIMAGIC(0.15)\nADD_STRENGH(0.14)\nADD_CONSITUTION(0.14)				0	
23530	999	0		0.0				ADD_DAMMIMAGIC(0.15)\nADD_STRENGH(0.14)\nADD_AGILITY(0.14)				0	
23531	999	0		0.0				ADD_DAMMIMAGIC(0.15)\nADD_STRENGH(0.14)\nADD_PERCEPTION(0.14)				0	
23532	999	0		0.0				ADD_DAMMIMAGIC(0.15)\nADD_STRENGH(0.14)\nADD_INTELLECT(0.14)				0	
23533	999	0		0.0				ADD_DAMMIMAGIC(0.15)\nADD_STRENGH(0.14)\nADD_ANTI_POWERHIT(0.01)				0	
23534	999	0		0.0				ADD_DAMMIMAGIC(0.15)\nADD_STRENGH(0.14)\nADD_MULTIPLY_POWERDAM(0.1)				0	
23535	999	0		0.0				ADD_DAMMIMAGIC(0.15)\nADD_STRENGH(0.14)\nADD_ABSORB_POWERDAM(0.1)				0	
23536	999	0		0.0				ADD_DAMMIMAGIC(0.15)\nADD_STRENGH(0.14)\nADD_ABSORB_SHIELD(0.1)				0	
23537	999	0		0.0				ADD_DAMMIMAGIC(0.15)\nADD_CONSITUTION(0.14)\nADD_STRENGH(0.14)				0	
23538	999	0		0.0				ADD_DAMMIMAGIC(0.15)\nADD_CONSITUTION(0.14)\nADD_AGILITY(0.14)				0	
23539	999	0		0.0				ADD_DAMMIMAGIC(0.15)\nADD_CONSITUTION(0.14)\nADD_PERCEPTION(0.14)				0	
23540	999	0		0.0				ADD_DAMMIMAGIC(0.15)\nADD_CONSITUTION(0.14)\nADD_INTELLECT(0.14)				0	
23541	999	0		0.0				ADD_DAMMIMAGIC(0.15)\nADD_CONSITUTION(0.14)\nADD_ANTI_POWERHIT(0.01)				0	
23542	999	0		0.0				ADD_DAMMIMAGIC(0.15)\nADD_CONSITUTION(0.14)\nADD_MULTIPLY_POWERDAM(0.1)				0	
23543	999	0		0.0				ADD_DAMMIMAGIC(0.15)\nADD_CONSITUTION(0.14)\nADD_ABSORB_POWERDAM(0.1)				0	
23544	999	0		0.0				ADD_DAMMIMAGIC(0.15)\nADD_CONSITUTION(0.14)\nADD_ABSORB_SHIELD(0.1)				0	
23545	999	0		0.0				ADD_DAMMIMAGIC(0.15)\nADD_AGILITY(0.14)\nADD_STRENGH(0.14)				0	
23546	999	0		0.0				ADD_DAMMIMAGIC(0.15)\nADD_AGILITY(0.14)\nADD_CONSITUTION(0.14)				0	
23547	999	0		0.0				ADD_DAMMIMAGIC(0.15)\nADD_AGILITY(0.14)\nADD_PERCEPTION(0.14)				0	
23548	999	0		0.0				ADD_DAMMIMAGIC(0.15)\nADD_AGILITY(0.14)\nADD_INTELLECT(0.14)				0	
23549	999	0		0.0				ADD_DAMMIMAGIC(0.15)\nADD_AGILITY(0.14)\nADD_ANTI_POWERHIT(0.01)				0	
23550	999	0		0.0				ADD_DAMMIMAGIC(0.15)\nADD_AGILITY(0.14)\nADD_MULTIPLY_POWERDAM(0.1)				0	
23551	999	0		0.0				ADD_DAMMIMAGIC(0.15)\nADD_AGILITY(0.14)\nADD_ABSORB_POWERDAM(0.1)				0	
23552	999	0		0.0				ADD_DAMMIMAGIC(0.15)\nADD_AGILITY(0.14)\nADD_ABSORB_SHIELD(0.1)				0	
23553	999	0		0.0				ADD_DAMMIMAGIC(0.15)\nADD_PERCEPTION(0.14)\nADD_STRENGH(0.14)				0	
23554	999	0		0.0				ADD_DAMMIMAGIC(0.15)\nADD_PERCEPTION(0.14)\nADD_CONSITUTION(0.14)				0	
23555	999	0		0.0				ADD_DAMMIMAGIC(0.15)\nADD_PERCEPTION(0.14)\nADD_AGILITY(0.14)				0	
23556	999	0		0.0				ADD_DAMMIMAGIC(0.15)\nADD_PERCEPTION(0.14)\nADD_INTELLECT(0.14)				0	
23557	999	0		0.0				ADD_DAMMIMAGIC(0.15)\nADD_PERCEPTION(0.14)\nADD_ANTI_POWERHIT(0.01)				0	
23558	999	0		0.0				ADD_DAMMIMAGIC(0.15)\nADD_PERCEPTION(0.14)\nADD_MULTIPLY_POWERDAM(0.1)				0	
23559	999	0		0.0				ADD_DAMMIMAGIC(0.15)\nADD_PERCEPTION(0.14)\nADD_ABSORB_POWERDAM(0.1)				0	
23560	999	0		0.0				ADD_DAMMIMAGIC(0.15)\nADD_PERCEPTION(0.14)\nADD_ABSORB_SHIELD(0.1)				0	
23561	999	0		0.0				ADD_DAMMIMAGIC(0.15)\nADD_INTELLECT(0.14)\nADD_STRENGH(0.14)				0	
23562	999	0		0.0				ADD_DAMMIMAGIC(0.15)\nADD_INTELLECT(0.14)\nADD_CONSITUTION(0.14)				0	
23563	999	0		0.0				ADD_DAMMIMAGIC(0.15)\nADD_INTELLECT(0.14)\nADD_AGILITY(0.14)				0	
23564	999	0		0.0				ADD_DAMMIMAGIC(0.15)\nADD_INTELLECT(0.14)\nADD_PERCEPTION(0.14)				0	
23565	999	0		0.0				ADD_DAMMIMAGIC(0.15)\nADD_INTELLECT(0.14)\nADD_ANTI_POWERHIT(0.01)				0	
23566	999	0		0.0				ADD_DAMMIMAGIC(0.15)\nADD_INTELLECT(0.14)\nADD_MULTIPLY_POWERDAM(0.1)				0	
23567	999	0		0.0				ADD_DAMMIMAGIC(0.15)\nADD_INTELLECT(0.14)\nADD_ABSORB_POWERDAM(0.1)				0	
23568	999	0		0.0				ADD_DAMMIMAGIC(0.15)\nADD_INTELLECT(0.14)\nADD_ABSORB_SHIELD(0.1)				0	
23569	999	0		0.0				ADD_DAMMIMAGIC(0.15)\nADD_HPMAX(0.18)\nADD_STRENGH(0.14)				0	
23570	999	0		0.0				ADD_DAMMIMAGIC(0.15)\nADD_HPMAX(0.18)\nADD_CONSITUTION(0.14)				0	
23571	999	0		0.0				ADD_DAMMIMAGIC(0.15)\nADD_HPMAX(0.18)\nADD_AGILITY(0.14)				0	
23572	999	0		0.0				ADD_DAMMIMAGIC(0.15)\nADD_HPMAX(0.18)\nADD_PERCEPTION(0.14)				0	
23573	999	0		0.0				ADD_DAMMIMAGIC(0.15)\nADD_HPMAX(0.18)\nADD_INTELLECT(0.14)				0	
23574	999	0		0.0				ADD_DAMMIMAGIC(0.15)\nADD_HPMAX(0.18)\nADD_ANTI_POWERHIT(0.01)				0	
23575	999	0		0.0				ADD_DAMMIMAGIC(0.15)\nADD_HPMAX(0.18)\nADD_MULTIPLY_POWERDAM(0.1)				0	
23576	999	0		0.0				ADD_DAMMIMAGIC(0.15)\nADD_HPMAX(0.18)\nADD_ABSORB_POWERDAM(0.1)				0	
23577	999	0		0.0				ADD_DAMMIMAGIC(0.15)\nADD_HPMAX(0.18)\nADD_ABSORB_SHIELD(0.1)				0	
23578	999	0		0.0				ADD_DAMMIMAGIC(0.15)\nADD_DAMMIPHYSICS(0.15)\nADD_STRENGH(0.14)				0	
23579	999	0		0.0				ADD_DAMMIMAGIC(0.15)\nADD_DAMMIPHYSICS(0.15)\nADD_CONSITUTION(0.14)				0	
23580	999	0		0.0				ADD_DAMMIMAGIC(0.15)\nADD_DAMMIPHYSICS(0.15)\nADD_AGILITY(0.14)				0	
23581	999	0		0.0				ADD_DAMMIMAGIC(0.15)\nADD_DAMMIPHYSICS(0.15)\nADD_PERCEPTION(0.14)				0	
23582	999	0		0.0				ADD_DAMMIMAGIC(0.15)\nADD_DAMMIPHYSICS(0.15)\nADD_INTELLECT(0.14)				0	
23583	999	0		0.0				ADD_DAMMIMAGIC(0.15)\nADD_DAMMIPHYSICS(0.15)\nADD_ANTI_POWERHIT(0.01)				0	
23584	999	0		0.0				ADD_DAMMIMAGIC(0.15)\nADD_DAMMIPHYSICS(0.15)\nADD_MULTIPLY_POWERDAM(0.1)				0	
23585	999	0		0.0				ADD_DAMMIMAGIC(0.15)\nADD_DAMMIPHYSICS(0.15)\nADD_ABSORB_POWERDAM(0.1)				0	
23586	999	0		0.0				ADD_DAMMIMAGIC(0.15)\nADD_DAMMIPHYSICS(0.15)\nADD_ABSORB_SHIELD(0.1)				0	
23587	999	0		0.0				ADD_DAMMIMAGIC(0.15)\nADD_AC_PHYSICS(0.5)\nADD_STRENGH(0.14)				0	
23588	999	0		0.0				ADD_DAMMIMAGIC(0.15)\nADD_AC_PHYSICS(0.5)\nADD_CONSITUTION(0.14)				0	
23589	999	0		0.0				ADD_DAMMIMAGIC(0.15)\nADD_AC_PHYSICS(0.5)\nADD_AGILITY(0.14)				0	
23590	999	0		0.0				ADD_DAMMIMAGIC(0.15)\nADD_AC_PHYSICS(0.5)\nADD_PERCEPTION(0.14)				0	
23591	999	0		0.0				ADD_DAMMIMAGIC(0.15)\nADD_AC_PHYSICS(0.5)\nADD_INTELLECT(0.14)				0	
23592	999	0		0.0				ADD_DAMMIMAGIC(0.15)\nADD_AC_PHYSICS(0.5)\nADD_ANTI_POWERHIT(0.01)				0	
23593	999	0		0.0				ADD_DAMMIMAGIC(0.15)\nADD_AC_PHYSICS(0.5)\nADD_MULTIPLY_POWERDAM(0.1)				0	
23594	999	0		0.0				ADD_DAMMIMAGIC(0.15)\nADD_AC_PHYSICS(0.5)\nADD_ABSORB_POWERDAM(0.1)				0	
23595	999	0		0.0				ADD_DAMMIMAGIC(0.15)\nADD_AC_PHYSICS(0.5)\nADD_ABSORB_SHIELD(0.1)				0	
23596	999	0		0.0				ADD_DAMMIMAGIC(0.15)\nADD_AC_MAGIC(0.5)\nADD_STRENGH(0.14)				0	
23597	999	0		0.0				ADD_DAMMIMAGIC(0.15)\nADD_AC_MAGIC(0.5)\nADD_CONSITUTION(0.14)				0	
23598	999	0		0.0				ADD_DAMMIMAGIC(0.15)\nADD_AC_MAGIC(0.5)\nADD_AGILITY(0.14)				0	
23599	999	0		0.0				ADD_DAMMIMAGIC(0.15)\nADD_AC_MAGIC(0.5)\nADD_PERCEPTION(0.14)				0	
23600	999	0		0.0				ADD_DAMMIMAGIC(0.15)\nADD_AC_MAGIC(0.5)\nADD_INTELLECT(0.14)				0	
23601	999	0		0.0				ADD_DAMMIMAGIC(0.15)\nADD_AC_MAGIC(0.5)\nADD_ANTI_POWERHIT(0.01)				0	
23602	999	0		0.0				ADD_DAMMIMAGIC(0.15)\nADD_AC_MAGIC(0.5)\nADD_MULTIPLY_POWERDAM(0.1)				0	
23603	999	0		0.0				ADD_DAMMIMAGIC(0.15)\nADD_AC_MAGIC(0.5)\nADD_ABSORB_POWERDAM(0.1)				0	
23604	999	0		0.0				ADD_DAMMIMAGIC(0.15)\nADD_AC_MAGIC(0.5)\nADD_ABSORB_SHIELD(0.1)				0	
23605	999	0		0.0				ADD_DAMMIMAGIC(0.15)\nADD_PENETRATE_PHYSICS(0.45)\nADD_STRENGH(0.14)				0	
23606	999	0		0.0				ADD_DAMMIMAGIC(0.15)\nADD_PENETRATE_PHYSICS(0.45)\nADD_CONSITUTION(0.14)				0	
23607	999	0		0.0				ADD_DAMMIMAGIC(0.15)\nADD_PENETRATE_PHYSICS(0.45)\nADD_AGILITY(0.14)				0	
23608	999	0		0.0				ADD_DAMMIMAGIC(0.15)\nADD_PENETRATE_PHYSICS(0.45)\nADD_PERCEPTION(0.14)				0	
23609	999	0		0.0				ADD_DAMMIMAGIC(0.15)\nADD_PENETRATE_PHYSICS(0.45)\nADD_INTELLECT(0.14)				0	
23610	999	0		0.0				ADD_DAMMIMAGIC(0.15)\nADD_PENETRATE_PHYSICS(0.45)\nADD_ANTI_POWERHIT(0.01)				0	
23611	999	0		0.0				ADD_DAMMIMAGIC(0.15)\nADD_PENETRATE_PHYSICS(0.45)\nADD_MULTIPLY_POWERDAM(0.1)				0	
23612	999	0		0.0				ADD_DAMMIMAGIC(0.15)\nADD_PENETRATE_PHYSICS(0.45)\nADD_ABSORB_POWERDAM(0.1)				0	
23613	999	0		0.0				ADD_DAMMIMAGIC(0.15)\nADD_PENETRATE_PHYSICS(0.45)\nADD_ABSORB_SHIELD(0.1)				0	
23614	999	0		0.0				ADD_DAMMIMAGIC(0.15)\nADD_PENETRATE_MAGIC(0.45)\nADD_STRENGH(0.14)				0	
23615	999	0		0.0				ADD_DAMMIMAGIC(0.15)\nADD_PENETRATE_MAGIC(0.45)\nADD_CONSITUTION(0.14)				0	
23616	999	0		0.0				ADD_DAMMIMAGIC(0.15)\nADD_PENETRATE_MAGIC(0.45)\nADD_AGILITY(0.14)				0	
23617	999	0		0.0				ADD_DAMMIMAGIC(0.15)\nADD_PENETRATE_MAGIC(0.45)\nADD_PERCEPTION(0.14)				0	
23618	999	0		0.0				ADD_DAMMIMAGIC(0.15)\nADD_PENETRATE_MAGIC(0.45)\nADD_INTELLECT(0.14)				0	
23619	999	0		0.0				ADD_DAMMIMAGIC(0.15)\nADD_PENETRATE_MAGIC(0.45)\nADD_ANTI_POWERHIT(0.01)				0	
23620	999	0		0.0				ADD_DAMMIMAGIC(0.15)\nADD_PENETRATE_MAGIC(0.45)\nADD_MULTIPLY_POWERDAM(0.1)				0	
23621	999	0		0.0				ADD_DAMMIMAGIC(0.15)\nADD_PENETRATE_MAGIC(0.45)\nADD_ABSORB_POWERDAM(0.1)				0	
23622	999	0		0.0				ADD_DAMMIMAGIC(0.15)\nADD_PENETRATE_MAGIC(0.45)\nADD_ABSORB_SHIELD(0.1)				0	
23623	999	0		0.0				ADD_DAMMIMAGIC(0.15)\nADD_HITRATE(0.01)\nADD_STRENGH(0.14)				0	
23624	999	0		0.0				ADD_DAMMIMAGIC(0.15)\nADD_HITRATE(0.01)\nADD_CONSITUTION(0.14)				0	
23625	999	0		0.0				ADD_DAMMIMAGIC(0.15)\nADD_HITRATE(0.01)\nADD_AGILITY(0.14)				0	
23626	999	0		0.0				ADD_DAMMIMAGIC(0.15)\nADD_HITRATE(0.01)\nADD_PERCEPTION(0.14)				0	
23627	999	0		0.0				ADD_DAMMIMAGIC(0.15)\nADD_HITRATE(0.01)\nADD_INTELLECT(0.14)				0	
23628	999	0		0.0				ADD_DAMMIMAGIC(0.15)\nADD_HITRATE(0.01)\nADD_ANTI_POWERHIT(0.01)				0	
23629	999	0		0.0				ADD_DAMMIMAGIC(0.15)\nADD_HITRATE(0.01)\nADD_MULTIPLY_POWERDAM(0.1)				0	
23630	999	0		0.0				ADD_DAMMIMAGIC(0.15)\nADD_HITRATE(0.01)\nADD_ABSORB_POWERDAM(0.1)				0	
23631	999	0		0.0				ADD_DAMMIMAGIC(0.15)\nADD_HITRATE(0.01)\nADD_ABSORB_SHIELD(0.1)				0	
23632	999	0		0.0				ADD_DAMMIMAGIC(0.15)\nADD_DODGE(0.01)\nADD_STRENGH(0.14)				0	
23633	999	0		0.0				ADD_DAMMIMAGIC(0.15)\nADD_DODGE(0.01)\nADD_CONSITUTION(0.14)				0	
23634	999	0		0.0				ADD_DAMMIMAGIC(0.15)\nADD_DODGE(0.01)\nADD_AGILITY(0.14)				0	
23635	999	0		0.0				ADD_DAMMIMAGIC(0.15)\nADD_DODGE(0.01)\nADD_PERCEPTION(0.14)				0	
23636	999	0		0.0				ADD_DAMMIMAGIC(0.15)\nADD_DODGE(0.01)\nADD_INTELLECT(0.14)				0	
23637	999	0		0.0				ADD_DAMMIMAGIC(0.15)\nADD_DODGE(0.01)\nADD_ANTI_POWERHIT(0.01)				0	
23638	999	0		0.0				ADD_DAMMIMAGIC(0.15)\nADD_DODGE(0.01)\nADD_MULTIPLY_POWERDAM(0.1)				0	
23639	999	0		0.0				ADD_DAMMIMAGIC(0.15)\nADD_DODGE(0.01)\nADD_ABSORB_POWERDAM(0.1)				0	
23640	999	0		0.0				ADD_DAMMIMAGIC(0.15)\nADD_DODGE(0.01)\nADD_ABSORB_SHIELD(0.1)				0	
23641	999	0		0.0				ADD_DAMMIMAGIC(0.15)\nADD_POWERHIT(0.01)\nADD_STRENGH(0.14)				0	
23642	999	0		0.0				ADD_DAMMIMAGIC(0.15)\nADD_POWERHIT(0.01)\nADD_CONSITUTION(0.14)				0	
23643	999	0		0.0				ADD_DAMMIMAGIC(0.15)\nADD_POWERHIT(0.01)\nADD_AGILITY(0.14)				0	
23644	999	0		0.0				ADD_DAMMIMAGIC(0.15)\nADD_POWERHIT(0.01)\nADD_PERCEPTION(0.14)				0	
23645	999	0		0.0				ADD_DAMMIMAGIC(0.15)\nADD_POWERHIT(0.01)\nADD_INTELLECT(0.14)				0	
23646	999	0		0.0				ADD_DAMMIMAGIC(0.15)\nADD_POWERHIT(0.01)\nADD_ANTI_POWERHIT(0.01)				0	
23647	999	0		0.0				ADD_DAMMIMAGIC(0.15)\nADD_POWERHIT(0.01)\nADD_MULTIPLY_POWERDAM(0.1)				0	
23648	999	0		0.0				ADD_DAMMIMAGIC(0.15)\nADD_POWERHIT(0.01)\nADD_ABSORB_POWERDAM(0.1)				0	
23649	999	0		0.0				ADD_DAMMIMAGIC(0.15)\nADD_POWERHIT(0.01)\nADD_ABSORB_SHIELD(0.1)				0	
23650	999	0		0.0				ADD_AC_PHYSICS(0.5)\nADD_STRENGH(0.04)\nADD_CONSITUTION(0.14)				0	
23651	999	0		0.0				ADD_AC_PHYSICS(0.5)\nADD_STRENGH(0.04)\nADD_AGILITY(0.14)				0	
23652	999	0		0.0				ADD_AC_PHYSICS(0.5)\nADD_STRENGH(0.04)\nADD_PERCEPTION(0.14)				0	
23653	999	0		0.0				ADD_AC_PHYSICS(0.5)\nADD_STRENGH(0.04)\nADD_INTELLECT(0.14)				0	
23654	999	0		0.0				ADD_AC_PHYSICS(0.5)\nADD_STRENGH(0.04)\nADD_ANTI_POWERHIT(0.01)				0	
23655	999	0		0.0				ADD_AC_PHYSICS(0.5)\nADD_STRENGH(0.04)\nADD_MULTIPLY_POWERDAM(0.1)				0	
23656	999	0		0.0				ADD_AC_PHYSICS(0.5)\nADD_STRENGH(0.04)\nADD_ABSORB_POWERDAM(0.1)				0	
23657	999	0		0.0				ADD_AC_PHYSICS(0.5)\nADD_STRENGH(0.04)\nADD_ABSORB_SHIELD(0.1)				0	
23658	999	0		0.0				ADD_AC_PHYSICS(0.5)\nADD_CONSITUTION(0.04)\nADD_STRENGH(0.14)				0	
23659	999	0		0.0				ADD_AC_PHYSICS(0.5)\nADD_CONSITUTION(0.04)\nADD_AGILITY(0.14)				0	
23660	999	0		0.0				ADD_AC_PHYSICS(0.5)\nADD_CONSITUTION(0.04)\nADD_PERCEPTION(0.14)				0	
23661	999	0		0.0				ADD_AC_PHYSICS(0.5)\nADD_CONSITUTION(0.04)\nADD_INTELLECT(0.14)				0	
23662	999	0		0.0				ADD_AC_PHYSICS(0.5)\nADD_CONSITUTION(0.04)\nADD_ANTI_POWERHIT(0.01)				0	
23663	999	0		0.0				ADD_AC_PHYSICS(0.5)\nADD_CONSITUTION(0.04)\nADD_MULTIPLY_POWERDAM(0.1)				0	
23664	999	0		0.0				ADD_AC_PHYSICS(0.5)\nADD_CONSITUTION(0.04)\nADD_ABSORB_POWERDAM(0.1)				0	
23665	999	0		0.0				ADD_AC_PHYSICS(0.5)\nADD_CONSITUTION(0.04)\nADD_ABSORB_SHIELD(0.1)				0	
23666	999	0		0.0				ADD_AC_PHYSICS(0.5)\nADD_AGILITY(0.04)\nADD_STRENGH(0.14)				0	
23667	999	0		0.0				ADD_AC_PHYSICS(0.5)\nADD_AGILITY(0.04)\nADD_CONSITUTION(0.14)				0	
23668	999	0		0.0				ADD_AC_PHYSICS(0.5)\nADD_AGILITY(0.04)\nADD_PERCEPTION(0.14)				0	
23669	999	0		0.0				ADD_AC_PHYSICS(0.5)\nADD_AGILITY(0.04)\nADD_INTELLECT(0.14)				0	
23670	999	0		0.0				ADD_AC_PHYSICS(0.5)\nADD_AGILITY(0.04)\nADD_ANTI_POWERHIT(0.01)				0	
23671	999	0		0.0				ADD_AC_PHYSICS(0.5)\nADD_AGILITY(0.04)\nADD_MULTIPLY_POWERDAM(0.1)				0	
23672	999	0		0.0				ADD_AC_PHYSICS(0.5)\nADD_AGILITY(0.04)\nADD_ABSORB_POWERDAM(0.1)				0	
23673	999	0		0.0				ADD_AC_PHYSICS(0.5)\nADD_AGILITY(0.04)\nADD_ABSORB_SHIELD(0.1)				0	
23674	999	0		0.0				ADD_AC_PHYSICS(0.5)\nADD_PERCEPTION(0.04)\nADD_STRENGH(0.14)				0	
23675	999	0		0.0				ADD_AC_PHYSICS(0.5)\nADD_PERCEPTION(0.04)\nADD_CONSITUTION(0.14)				0	
23676	999	0		0.0				ADD_AC_PHYSICS(0.5)\nADD_PERCEPTION(0.04)\nADD_AGILITY(0.14)				0	
23677	999	0		0.0				ADD_AC_PHYSICS(0.5)\nADD_PERCEPTION(0.04)\nADD_INTELLECT(0.14)				0	
23678	999	0		0.0				ADD_AC_PHYSICS(0.5)\nADD_PERCEPTION(0.04)\nADD_ANTI_POWERHIT(0.01)				0	
23679	999	0		0.0				ADD_AC_PHYSICS(0.5)\nADD_PERCEPTION(0.04)\nADD_MULTIPLY_POWERDAM(0.1)				0	
23680	999	0		0.0				ADD_AC_PHYSICS(0.5)\nADD_PERCEPTION(0.04)\nADD_ABSORB_POWERDAM(0.1)				0	
23681	999	0		0.0				ADD_AC_PHYSICS(0.5)\nADD_PERCEPTION(0.04)\nADD_ABSORB_SHIELD(0.1)				0	
23682	999	0		0.0				ADD_AC_PHYSICS(0.5)\nADD_INTELLECT(0.04)\nADD_STRENGH(0.14)				0	
23683	999	0		0.0				ADD_AC_PHYSICS(0.5)\nADD_INTELLECT(0.04)\nADD_CONSITUTION(0.14)				0	
23684	999	0		0.0				ADD_AC_PHYSICS(0.5)\nADD_INTELLECT(0.04)\nADD_AGILITY(0.14)				0	
23685	999	0		0.0				ADD_AC_PHYSICS(0.5)\nADD_INTELLECT(0.04)\nADD_PERCEPTION(0.14)				0	
23686	999	0		0.0				ADD_AC_PHYSICS(0.5)\nADD_INTELLECT(0.04)\nADD_ANTI_POWERHIT(0.01)				0	
23687	999	0		0.0				ADD_AC_PHYSICS(0.5)\nADD_INTELLECT(0.04)\nADD_MULTIPLY_POWERDAM(0.1)				0	
23688	999	0		0.0				ADD_AC_PHYSICS(0.5)\nADD_INTELLECT(0.04)\nADD_ABSORB_POWERDAM(0.1)				0	
23689	999	0		0.0				ADD_AC_PHYSICS(0.5)\nADD_INTELLECT(0.04)\nADD_ABSORB_SHIELD(0.1)				0	
23690	999	0		0.0				ADD_AC_PHYSICS(0.5)\nADD_HPMAX(0.06)\nADD_STRENGH(0.14)				0	
23691	999	0		0.0				ADD_AC_PHYSICS(0.5)\nADD_HPMAX(0.06)\nADD_CONSITUTION(0.14)				0	
23692	999	0		0.0				ADD_AC_PHYSICS(0.5)\nADD_HPMAX(0.06)\nADD_AGILITY(0.14)				0	
23693	999	0		0.0				ADD_AC_PHYSICS(0.5)\nADD_HPMAX(0.06)\nADD_PERCEPTION(0.14)				0	
23694	999	0		0.0				ADD_AC_PHYSICS(0.5)\nADD_HPMAX(0.06)\nADD_INTELLECT(0.14)				0	
23695	999	0		0.0				ADD_AC_PHYSICS(0.5)\nADD_HPMAX(0.06)\nADD_ANTI_POWERHIT(0.01)				0	
23696	999	0		0.0				ADD_AC_PHYSICS(0.5)\nADD_HPMAX(0.06)\nADD_MULTIPLY_POWERDAM(0.1)				0	
23697	999	0		0.0				ADD_AC_PHYSICS(0.5)\nADD_HPMAX(0.06)\nADD_ABSORB_POWERDAM(0.1)				0	
23698	999	0		0.0				ADD_AC_PHYSICS(0.5)\nADD_HPMAX(0.06)\nADD_ABSORB_SHIELD(0.1)				0	
23699	999	0		0.0				ADD_AC_PHYSICS(0.5)\nADD_DAMMIPHYSICS(0.05)\nADD_STRENGH(0.14)				0	
23700	999	0		0.0				ADD_AC_PHYSICS(0.5)\nADD_DAMMIPHYSICS(0.05)\nADD_CONSITUTION(0.14)				0	
23701	999	0		0.0				ADD_AC_PHYSICS(0.5)\nADD_DAMMIPHYSICS(0.05)\nADD_AGILITY(0.14)				0	
23702	999	0		0.0				ADD_AC_PHYSICS(0.5)\nADD_DAMMIPHYSICS(0.05)\nADD_PERCEPTION(0.14)				0	
23703	999	0		0.0				ADD_AC_PHYSICS(0.5)\nADD_DAMMIPHYSICS(0.05)\nADD_INTELLECT(0.14)				0	
23704	999	0		0.0				ADD_AC_PHYSICS(0.5)\nADD_DAMMIPHYSICS(0.05)\nADD_ANTI_POWERHIT(0.01)				0	
23705	999	0		0.0				ADD_AC_PHYSICS(0.5)\nADD_DAMMIPHYSICS(0.05)\nADD_MULTIPLY_POWERDAM(0.1)				0	
23706	999	0		0.0				ADD_AC_PHYSICS(0.5)\nADD_DAMMIPHYSICS(0.05)\nADD_ABSORB_POWERDAM(0.1)				0	
23707	999	0		0.0				ADD_AC_PHYSICS(0.5)\nADD_DAMMIPHYSICS(0.05)\nADD_ABSORB_SHIELD(0.1)				0	
23708	999	0		0.0				ADD_AC_PHYSICS(0.5)\nADD_DAMMIMAGIC(0.05)\nADD_STRENGH(0.14)				0	
23709	999	0		0.0				ADD_AC_PHYSICS(0.5)\nADD_DAMMIMAGIC(0.05)\nADD_CONSITUTION(0.14)				0	
23710	999	0		0.0				ADD_AC_PHYSICS(0.5)\nADD_DAMMIMAGIC(0.05)\nADD_AGILITY(0.14)				0	
23711	999	0		0.0				ADD_AC_PHYSICS(0.5)\nADD_DAMMIMAGIC(0.05)\nADD_PERCEPTION(0.14)				0	
23712	999	0		0.0				ADD_AC_PHYSICS(0.5)\nADD_DAMMIMAGIC(0.05)\nADD_INTELLECT(0.14)				0	
23713	999	0		0.0				ADD_AC_PHYSICS(0.5)\nADD_DAMMIMAGIC(0.05)\nADD_ANTI_POWERHIT(0.01)				0	
23714	999	0		0.0				ADD_AC_PHYSICS(0.5)\nADD_DAMMIMAGIC(0.05)\nADD_MULTIPLY_POWERDAM(0.1)				0	
23715	999	0		0.0				ADD_AC_PHYSICS(0.5)\nADD_DAMMIMAGIC(0.05)\nADD_ABSORB_POWERDAM(0.1)				0	
23716	999	0		0.0				ADD_AC_PHYSICS(0.5)\nADD_DAMMIMAGIC(0.05)\nADD_ABSORB_SHIELD(0.1)				0	
23717	999	0		0.0				ADD_AC_PHYSICS(0.5)\nADD_AC_MAGIC(0.16)\nADD_STRENGH(0.14)				0	
23718	999	0		0.0				ADD_AC_PHYSICS(0.5)\nADD_AC_MAGIC(0.16)\nADD_CONSITUTION(0.14)				0	
23719	999	0		0.0				ADD_AC_PHYSICS(0.5)\nADD_AC_MAGIC(0.16)\nADD_AGILITY(0.14)				0	
23720	999	0		0.0				ADD_AC_PHYSICS(0.5)\nADD_AC_MAGIC(0.16)\nADD_PERCEPTION(0.14)				0	
23721	999	0		0.0				ADD_AC_PHYSICS(0.5)\nADD_AC_MAGIC(0.16)\nADD_INTELLECT(0.14)				0	
23722	999	0		0.0				ADD_AC_PHYSICS(0.5)\nADD_AC_MAGIC(0.16)\nADD_ANTI_POWERHIT(0.01)				0	
23723	999	0		0.0				ADD_AC_PHYSICS(0.5)\nADD_AC_MAGIC(0.16)\nADD_MULTIPLY_POWERDAM(0.1)				0	
23724	999	0		0.0				ADD_AC_PHYSICS(0.5)\nADD_AC_MAGIC(0.16)\nADD_ABSORB_POWERDAM(0.1)				0	
23725	999	0		0.0				ADD_AC_PHYSICS(0.5)\nADD_AC_MAGIC(0.16)\nADD_ABSORB_SHIELD(0.1)				0	
23726	999	0		0.0				ADD_AC_PHYSICS(0.5)\nADD_PENETRATE_PHYSICS(0.15)\nADD_STRENGH(0.14)				0	
23727	999	0		0.0				ADD_AC_PHYSICS(0.5)\nADD_PENETRATE_PHYSICS(0.15)\nADD_CONSITUTION(0.14)				0	
23728	999	0		0.0				ADD_AC_PHYSICS(0.5)\nADD_PENETRATE_PHYSICS(0.15)\nADD_AGILITY(0.14)				0	
23729	999	0		0.0				ADD_AC_PHYSICS(0.5)\nADD_PENETRATE_PHYSICS(0.15)\nADD_PERCEPTION(0.14)				0	
23730	999	0		0.0				ADD_AC_PHYSICS(0.5)\nADD_PENETRATE_PHYSICS(0.15)\nADD_INTELLECT(0.14)				0	
23731	999	0		0.0				ADD_AC_PHYSICS(0.5)\nADD_PENETRATE_PHYSICS(0.15)\nADD_ANTI_POWERHIT(0.01)				0	
23732	999	0		0.0				ADD_AC_PHYSICS(0.5)\nADD_PENETRATE_PHYSICS(0.15)\nADD_MULTIPLY_POWERDAM(0.1)				0	
23733	999	0		0.0				ADD_AC_PHYSICS(0.5)\nADD_PENETRATE_PHYSICS(0.15)\nADD_ABSORB_POWERDAM(0.1)				0	
23734	999	0		0.0				ADD_AC_PHYSICS(0.5)\nADD_PENETRATE_PHYSICS(0.15)\nADD_ABSORB_SHIELD(0.1)				0	
23735	999	0		0.0				ADD_AC_PHYSICS(0.5)\nADD_PENETRATE_MAGIC(0.15)\nADD_STRENGH(0.14)				0	
23736	999	0		0.0				ADD_AC_PHYSICS(0.5)\nADD_PENETRATE_MAGIC(0.15)\nADD_CONSITUTION(0.14)				0	
23737	999	0		0.0				ADD_AC_PHYSICS(0.5)\nADD_PENETRATE_MAGIC(0.15)\nADD_AGILITY(0.14)				0	
23738	999	0		0.0				ADD_AC_PHYSICS(0.5)\nADD_PENETRATE_MAGIC(0.15)\nADD_PERCEPTION(0.14)				0	
23739	999	0		0.0				ADD_AC_PHYSICS(0.5)\nADD_PENETRATE_MAGIC(0.15)\nADD_INTELLECT(0.14)				0	
23740	999	0		0.0				ADD_AC_PHYSICS(0.5)\nADD_PENETRATE_MAGIC(0.15)\nADD_ANTI_POWERHIT(0.01)				0	
23741	999	0		0.0				ADD_AC_PHYSICS(0.5)\nADD_PENETRATE_MAGIC(0.15)\nADD_MULTIPLY_POWERDAM(0.1)				0	
23742	999	0		0.0				ADD_AC_PHYSICS(0.5)\nADD_PENETRATE_MAGIC(0.15)\nADD_ABSORB_POWERDAM(0.1)				0	
23743	999	0		0.0				ADD_AC_PHYSICS(0.5)\nADD_PENETRATE_MAGIC(0.15)\nADD_ABSORB_SHIELD(0.1)				0	
23744	999	0		0.0				ADD_AC_PHYSICS(0.5)\nADD_HITRATE(0.003)\nADD_STRENGH(0.14)				0	
23745	999	0		0.0				ADD_AC_PHYSICS(0.5)\nADD_HITRATE(0.003)\nADD_CONSITUTION(0.14)				0	
23746	999	0		0.0				ADD_AC_PHYSICS(0.5)\nADD_HITRATE(0.003)\nADD_AGILITY(0.14)				0	
23747	999	0		0.0				ADD_AC_PHYSICS(0.5)\nADD_HITRATE(0.003)\nADD_PERCEPTION(0.14)				0	
23748	999	0		0.0				ADD_AC_PHYSICS(0.5)\nADD_HITRATE(0.003)\nADD_INTELLECT(0.14)				0	
23749	999	0		0.0				ADD_AC_PHYSICS(0.5)\nADD_HITRATE(0.003)\nADD_ANTI_POWERHIT(0.01)				0	
23750	999	0		0.0				ADD_AC_PHYSICS(0.5)\nADD_HITRATE(0.003)\nADD_MULTIPLY_POWERDAM(0.1)				0	
23751	999	0		0.0				ADD_AC_PHYSICS(0.5)\nADD_HITRATE(0.003)\nADD_ABSORB_POWERDAM(0.1)				0	
23752	999	0		0.0				ADD_AC_PHYSICS(0.5)\nADD_HITRATE(0.003)\nADD_ABSORB_SHIELD(0.1)				0	
23753	999	0		0.0				ADD_AC_PHYSICS(0.5)\nADD_DODGE(0.003)\nADD_STRENGH(0.14)				0	
23754	999	0		0.0				ADD_AC_PHYSICS(0.5)\nADD_DODGE(0.003)\nADD_CONSITUTION(0.14)				0	
23755	999	0		0.0				ADD_AC_PHYSICS(0.5)\nADD_DODGE(0.003)\nADD_AGILITY(0.14)				0	
23756	999	0		0.0				ADD_AC_PHYSICS(0.5)\nADD_DODGE(0.003)\nADD_PERCEPTION(0.14)				0	
23757	999	0		0.0				ADD_AC_PHYSICS(0.5)\nADD_DODGE(0.003)\nADD_INTELLECT(0.14)				0	
23758	999	0		0.0				ADD_AC_PHYSICS(0.5)\nADD_DODGE(0.003)\nADD_ANTI_POWERHIT(0.01)				0	
23759	999	0		0.0				ADD_AC_PHYSICS(0.5)\nADD_DODGE(0.003)\nADD_MULTIPLY_POWERDAM(0.1)				0	
23760	999	0		0.0				ADD_AC_PHYSICS(0.5)\nADD_DODGE(0.003)\nADD_ABSORB_POWERDAM(0.1)				0	
23761	999	0		0.0				ADD_AC_PHYSICS(0.5)\nADD_DODGE(0.003)\nADD_ABSORB_SHIELD(0.1)				0	
23762	999	0		0.0				ADD_AC_PHYSICS(0.5)\nADD_POWERHIT(0.003)\nADD_STRENGH(0.14)				0	
23763	999	0		0.0				ADD_AC_PHYSICS(0.5)\nADD_POWERHIT(0.003)\nADD_CONSITUTION(0.14)				0	
23764	999	0		0.0				ADD_AC_PHYSICS(0.5)\nADD_POWERHIT(0.003)\nADD_AGILITY(0.14)				0	
23765	999	0		0.0				ADD_AC_PHYSICS(0.5)\nADD_POWERHIT(0.003)\nADD_PERCEPTION(0.14)				0	
23766	999	0		0.0				ADD_AC_PHYSICS(0.5)\nADD_POWERHIT(0.003)\nADD_INTELLECT(0.14)				0	
23767	999	0		0.0				ADD_AC_PHYSICS(0.5)\nADD_POWERHIT(0.003)\nADD_ANTI_POWERHIT(0.01)				0	
23768	999	0		0.0				ADD_AC_PHYSICS(0.5)\nADD_POWERHIT(0.003)\nADD_MULTIPLY_POWERDAM(0.1)				0	
23769	999	0		0.0				ADD_AC_PHYSICS(0.5)\nADD_POWERHIT(0.003)\nADD_ABSORB_POWERDAM(0.1)				0	
23770	999	0		0.0				ADD_AC_PHYSICS(0.5)\nADD_POWERHIT(0.003)\nADD_ABSORB_SHIELD(0.1)				0	
23771	999	0		0.0				ADD_AC_PHYSICS(0.5)\nADD_STRENGH(0.09)\nADD_CONSITUTION(0.14)				0	
23772	999	0		0.0				ADD_AC_PHYSICS(0.5)\nADD_STRENGH(0.09)\nADD_AGILITY(0.14)				0	
23773	999	0		0.0				ADD_AC_PHYSICS(0.5)\nADD_STRENGH(0.09)\nADD_PERCEPTION(0.14)				0	
23774	999	0		0.0				ADD_AC_PHYSICS(0.5)\nADD_STRENGH(0.09)\nADD_INTELLECT(0.14)				0	
23775	999	0		0.0				ADD_AC_PHYSICS(0.5)\nADD_STRENGH(0.09)\nADD_ANTI_POWERHIT(0.01)				0	
23776	999	0		0.0				ADD_AC_PHYSICS(0.5)\nADD_STRENGH(0.09)\nADD_MULTIPLY_POWERDAM(0.1)				0	
23777	999	0		0.0				ADD_AC_PHYSICS(0.5)\nADD_STRENGH(0.09)\nADD_ABSORB_POWERDAM(0.1)				0	
23778	999	0		0.0				ADD_AC_PHYSICS(0.5)\nADD_STRENGH(0.09)\nADD_ABSORB_SHIELD(0.1)				0	
23779	999	0		0.0				ADD_AC_PHYSICS(0.5)\nADD_CONSITUTION(0.09)\nADD_STRENGH(0.14)				0	
23780	999	0		0.0				ADD_AC_PHYSICS(0.5)\nADD_CONSITUTION(0.09)\nADD_AGILITY(0.14)				0	
23781	999	0		0.0				ADD_AC_PHYSICS(0.5)\nADD_CONSITUTION(0.09)\nADD_PERCEPTION(0.14)				0	
23782	999	0		0.0				ADD_AC_PHYSICS(0.5)\nADD_CONSITUTION(0.09)\nADD_INTELLECT(0.14)				0	
23783	999	0		0.0				ADD_AC_PHYSICS(0.5)\nADD_CONSITUTION(0.09)\nADD_ANTI_POWERHIT(0.01)				0	
23784	999	0		0.0				ADD_AC_PHYSICS(0.5)\nADD_CONSITUTION(0.09)\nADD_MULTIPLY_POWERDAM(0.1)				0	
23785	999	0		0.0				ADD_AC_PHYSICS(0.5)\nADD_CONSITUTION(0.09)\nADD_ABSORB_POWERDAM(0.1)				0	
23786	999	0		0.0				ADD_AC_PHYSICS(0.5)\nADD_CONSITUTION(0.09)\nADD_ABSORB_SHIELD(0.1)				0	
23787	999	0		0.0				ADD_AC_PHYSICS(0.5)\nADD_AGILITY(0.09)\nADD_STRENGH(0.14)				0	
23788	999	0		0.0				ADD_AC_PHYSICS(0.5)\nADD_AGILITY(0.09)\nADD_CONSITUTION(0.14)				0	
23789	999	0		0.0				ADD_AC_PHYSICS(0.5)\nADD_AGILITY(0.09)\nADD_PERCEPTION(0.14)				0	
23790	999	0		0.0				ADD_AC_PHYSICS(0.5)\nADD_AGILITY(0.09)\nADD_INTELLECT(0.14)				0	
23791	999	0		0.0				ADD_AC_PHYSICS(0.5)\nADD_AGILITY(0.09)\nADD_ANTI_POWERHIT(0.01)				0	
23792	999	0		0.0				ADD_AC_PHYSICS(0.5)\nADD_AGILITY(0.09)\nADD_MULTIPLY_POWERDAM(0.1)				0	
23793	999	0		0.0				ADD_AC_PHYSICS(0.5)\nADD_AGILITY(0.09)\nADD_ABSORB_POWERDAM(0.1)				0	
23794	999	0		0.0				ADD_AC_PHYSICS(0.5)\nADD_AGILITY(0.09)\nADD_ABSORB_SHIELD(0.1)				0	
23795	999	0		0.0				ADD_AC_PHYSICS(0.5)\nADD_PERCEPTION(0.09)\nADD_STRENGH(0.14)				0	
23796	999	0		0.0				ADD_AC_PHYSICS(0.5)\nADD_PERCEPTION(0.09)\nADD_CONSITUTION(0.14)				0	
23797	999	0		0.0				ADD_AC_PHYSICS(0.5)\nADD_PERCEPTION(0.09)\nADD_AGILITY(0.14)				0	
23798	999	0		0.0				ADD_AC_PHYSICS(0.5)\nADD_PERCEPTION(0.09)\nADD_INTELLECT(0.14)				0	
23799	999	0		0.0				ADD_AC_PHYSICS(0.5)\nADD_PERCEPTION(0.09)\nADD_ANTI_POWERHIT(0.01)				0	
23800	999	0		0.0				ADD_AC_PHYSICS(0.5)\nADD_PERCEPTION(0.09)\nADD_MULTIPLY_POWERDAM(0.1)				0	
23801	999	0		0.0				ADD_AC_PHYSICS(0.5)\nADD_PERCEPTION(0.09)\nADD_ABSORB_POWERDAM(0.1)				0	
23802	999	0		0.0				ADD_AC_PHYSICS(0.5)\nADD_PERCEPTION(0.09)\nADD_ABSORB_SHIELD(0.1)				0	
23803	999	0		0.0				ADD_AC_PHYSICS(0.5)\nADD_INTELLECT(0.09)\nADD_STRENGH(0.14)				0	
23804	999	0		0.0				ADD_AC_PHYSICS(0.5)\nADD_INTELLECT(0.09)\nADD_CONSITUTION(0.14)				0	
23805	999	0		0.0				ADD_AC_PHYSICS(0.5)\nADD_INTELLECT(0.09)\nADD_AGILITY(0.14)				0	
23806	999	0		0.0				ADD_AC_PHYSICS(0.5)\nADD_INTELLECT(0.09)\nADD_PERCEPTION(0.14)				0	
23807	999	0		0.0				ADD_AC_PHYSICS(0.5)\nADD_INTELLECT(0.09)\nADD_ANTI_POWERHIT(0.01)				0	
23808	999	0		0.0				ADD_AC_PHYSICS(0.5)\nADD_INTELLECT(0.09)\nADD_MULTIPLY_POWERDAM(0.1)				0	
23809	999	0		0.0				ADD_AC_PHYSICS(0.5)\nADD_INTELLECT(0.09)\nADD_ABSORB_POWERDAM(0.1)				0	
23810	999	0		0.0				ADD_AC_PHYSICS(0.5)\nADD_INTELLECT(0.09)\nADD_ABSORB_SHIELD(0.1)				0	
23811	999	0		0.0				ADD_AC_PHYSICS(0.5)\nADD_HPMAX(0.12)\nADD_STRENGH(0.14)				0	
23812	999	0		0.0				ADD_AC_PHYSICS(0.5)\nADD_HPMAX(0.12)\nADD_CONSITUTION(0.14)				0	
23813	999	0		0.0				ADD_AC_PHYSICS(0.5)\nADD_HPMAX(0.12)\nADD_AGILITY(0.14)				0	
23814	999	0		0.0				ADD_AC_PHYSICS(0.5)\nADD_HPMAX(0.12)\nADD_PERCEPTION(0.14)				0	
23815	999	0		0.0				ADD_AC_PHYSICS(0.5)\nADD_HPMAX(0.12)\nADD_INTELLECT(0.14)				0	
23816	999	0		0.0				ADD_AC_PHYSICS(0.5)\nADD_HPMAX(0.12)\nADD_ANTI_POWERHIT(0.01)				0	
23817	999	0		0.0				ADD_AC_PHYSICS(0.5)\nADD_HPMAX(0.12)\nADD_MULTIPLY_POWERDAM(0.1)				0	
23818	999	0		0.0				ADD_AC_PHYSICS(0.5)\nADD_HPMAX(0.12)\nADD_ABSORB_POWERDAM(0.1)				0	
23819	999	0		0.0				ADD_AC_PHYSICS(0.5)\nADD_HPMAX(0.12)\nADD_ABSORB_SHIELD(0.1)				0	
23820	999	0		0.0				ADD_AC_PHYSICS(0.5)\nADD_DAMMIPHYSICS(0.1)\nADD_STRENGH(0.14)				0	
23821	999	0		0.0				ADD_AC_PHYSICS(0.5)\nADD_DAMMIPHYSICS(0.1)\nADD_CONSITUTION(0.14)				0	
23822	999	0		0.0				ADD_AC_PHYSICS(0.5)\nADD_DAMMIPHYSICS(0.1)\nADD_AGILITY(0.14)				0	
23823	999	0		0.0				ADD_AC_PHYSICS(0.5)\nADD_DAMMIPHYSICS(0.1)\nADD_PERCEPTION(0.14)				0	
23824	999	0		0.0				ADD_AC_PHYSICS(0.5)\nADD_DAMMIPHYSICS(0.1)\nADD_INTELLECT(0.14)				0	
23825	999	0		0.0				ADD_AC_PHYSICS(0.5)\nADD_DAMMIPHYSICS(0.1)\nADD_ANTI_POWERHIT(0.01)				0	
23826	999	0		0.0				ADD_AC_PHYSICS(0.5)\nADD_DAMMIPHYSICS(0.1)\nADD_MULTIPLY_POWERDAM(0.1)				0	
23827	999	0		0.0				ADD_AC_PHYSICS(0.5)\nADD_DAMMIPHYSICS(0.1)\nADD_ABSORB_POWERDAM(0.1)				0	
23828	999	0		0.0				ADD_AC_PHYSICS(0.5)\nADD_DAMMIPHYSICS(0.1)\nADD_ABSORB_SHIELD(0.1)				0	
23829	999	0		0.0				ADD_AC_PHYSICS(0.5)\nADD_DAMMIMAGIC(0.1)\nADD_STRENGH(0.14)				0	
23830	999	0		0.0				ADD_AC_PHYSICS(0.5)\nADD_DAMMIMAGIC(0.1)\nADD_CONSITUTION(0.14)				0	
23831	999	0		0.0				ADD_AC_PHYSICS(0.5)\nADD_DAMMIMAGIC(0.1)\nADD_AGILITY(0.14)				0	
23832	999	0		0.0				ADD_AC_PHYSICS(0.5)\nADD_DAMMIMAGIC(0.1)\nADD_PERCEPTION(0.14)				0	
23833	999	0		0.0				ADD_AC_PHYSICS(0.5)\nADD_DAMMIMAGIC(0.1)\nADD_INTELLECT(0.14)				0	
23834	999	0		0.0				ADD_AC_PHYSICS(0.5)\nADD_DAMMIMAGIC(0.1)\nADD_ANTI_POWERHIT(0.01)				0	
23835	999	0		0.0				ADD_AC_PHYSICS(0.5)\nADD_DAMMIMAGIC(0.1)\nADD_MULTIPLY_POWERDAM(0.1)				0	
23836	999	0		0.0				ADD_AC_PHYSICS(0.5)\nADD_DAMMIMAGIC(0.1)\nADD_ABSORB_POWERDAM(0.1)				0	
23837	999	0		0.0				ADD_AC_PHYSICS(0.5)\nADD_DAMMIMAGIC(0.1)\nADD_ABSORB_SHIELD(0.1)				0	
23838	999	0		0.0				ADD_AC_PHYSICS(0.5)\nADD_AC_MAGIC(0.32)\nADD_STRENGH(0.14)				0	
23839	999	0		0.0				ADD_AC_PHYSICS(0.5)\nADD_AC_MAGIC(0.32)\nADD_CONSITUTION(0.14)				0	
23840	999	0		0.0				ADD_AC_PHYSICS(0.5)\nADD_AC_MAGIC(0.32)\nADD_AGILITY(0.14)				0	
23841	999	0		0.0				ADD_AC_PHYSICS(0.5)\nADD_AC_MAGIC(0.32)\nADD_PERCEPTION(0.14)				0	
23842	999	0		0.0				ADD_AC_PHYSICS(0.5)\nADD_AC_MAGIC(0.32)\nADD_INTELLECT(0.14)				0	
23843	999	0		0.0				ADD_AC_PHYSICS(0.5)\nADD_AC_MAGIC(0.32)\nADD_ANTI_POWERHIT(0.01)				0	
23844	999	0		0.0				ADD_AC_PHYSICS(0.5)\nADD_AC_MAGIC(0.32)\nADD_MULTIPLY_POWERDAM(0.1)				0	
23845	999	0		0.0				ADD_AC_PHYSICS(0.5)\nADD_AC_MAGIC(0.32)\nADD_ABSORB_POWERDAM(0.1)				0	
23846	999	0		0.0				ADD_AC_PHYSICS(0.5)\nADD_AC_MAGIC(0.32)\nADD_ABSORB_SHIELD(0.1)				0	
23847	999	0		0.0				ADD_AC_PHYSICS(0.5)\nADD_PENETRATE_PHYSICS(0.3)\nADD_STRENGH(0.14)				0	
23848	999	0		0.0				ADD_AC_PHYSICS(0.5)\nADD_PENETRATE_PHYSICS(0.3)\nADD_CONSITUTION(0.14)				0	
23849	999	0		0.0				ADD_AC_PHYSICS(0.5)\nADD_PENETRATE_PHYSICS(0.3)\nADD_AGILITY(0.14)				0	
23850	999	0		0.0				ADD_AC_PHYSICS(0.5)\nADD_PENETRATE_PHYSICS(0.3)\nADD_PERCEPTION(0.14)				0	
23851	999	0		0.0				ADD_AC_PHYSICS(0.5)\nADD_PENETRATE_PHYSICS(0.3)\nADD_INTELLECT(0.14)				0	
23852	999	0		0.0				ADD_AC_PHYSICS(0.5)\nADD_PENETRATE_PHYSICS(0.3)\nADD_ANTI_POWERHIT(0.01)				0	
23853	999	0		0.0				ADD_AC_PHYSICS(0.5)\nADD_PENETRATE_PHYSICS(0.3)\nADD_MULTIPLY_POWERDAM(0.1)				0	
23854	999	0		0.0				ADD_AC_PHYSICS(0.5)\nADD_PENETRATE_PHYSICS(0.3)\nADD_ABSORB_POWERDAM(0.1)				0	
23855	999	0		0.0				ADD_AC_PHYSICS(0.5)\nADD_PENETRATE_PHYSICS(0.3)\nADD_ABSORB_SHIELD(0.1)				0	
23856	999	0		0.0				ADD_AC_PHYSICS(0.5)\nADD_PENETRATE_MAGIC(0.3)\nADD_STRENGH(0.14)				0	
23857	999	0		0.0				ADD_AC_PHYSICS(0.5)\nADD_PENETRATE_MAGIC(0.3)\nADD_CONSITUTION(0.14)				0	
23858	999	0		0.0				ADD_AC_PHYSICS(0.5)\nADD_PENETRATE_MAGIC(0.3)\nADD_AGILITY(0.14)				0	
23859	999	0		0.0				ADD_AC_PHYSICS(0.5)\nADD_PENETRATE_MAGIC(0.3)\nADD_PERCEPTION(0.14)				0	
23860	999	0		0.0				ADD_AC_PHYSICS(0.5)\nADD_PENETRATE_MAGIC(0.3)\nADD_INTELLECT(0.14)				0	
23861	999	0		0.0				ADD_AC_PHYSICS(0.5)\nADD_PENETRATE_MAGIC(0.3)\nADD_ANTI_POWERHIT(0.01)				0	
23862	999	0		0.0				ADD_AC_PHYSICS(0.5)\nADD_PENETRATE_MAGIC(0.3)\nADD_MULTIPLY_POWERDAM(0.1)				0	
23863	999	0		0.0				ADD_AC_PHYSICS(0.5)\nADD_PENETRATE_MAGIC(0.3)\nADD_ABSORB_POWERDAM(0.1)				0	
23864	999	0		0.0				ADD_AC_PHYSICS(0.5)\nADD_PENETRATE_MAGIC(0.3)\nADD_ABSORB_SHIELD(0.1)				0	
23865	999	0		0.0				ADD_AC_PHYSICS(0.5)\nADD_HITRATE(0.006)\nADD_STRENGH(0.14)				0	
23866	999	0		0.0				ADD_AC_PHYSICS(0.5)\nADD_HITRATE(0.006)\nADD_CONSITUTION(0.14)				0	
23867	999	0		0.0				ADD_AC_PHYSICS(0.5)\nADD_HITRATE(0.006)\nADD_AGILITY(0.14)				0	
23868	999	0		0.0				ADD_AC_PHYSICS(0.5)\nADD_HITRATE(0.006)\nADD_PERCEPTION(0.14)				0	
23869	999	0		0.0				ADD_AC_PHYSICS(0.5)\nADD_HITRATE(0.006)\nADD_INTELLECT(0.14)				0	
23870	999	0		0.0				ADD_AC_PHYSICS(0.5)\nADD_HITRATE(0.006)\nADD_ANTI_POWERHIT(0.01)				0	
23871	999	0		0.0				ADD_AC_PHYSICS(0.5)\nADD_HITRATE(0.006)\nADD_MULTIPLY_POWERDAM(0.1)				0	
23872	999	0		0.0				ADD_AC_PHYSICS(0.5)\nADD_HITRATE(0.006)\nADD_ABSORB_POWERDAM(0.1)				0	
23873	999	0		0.0				ADD_AC_PHYSICS(0.5)\nADD_HITRATE(0.006)\nADD_ABSORB_SHIELD(0.1)				0	
23874	999	0		0.0				ADD_AC_PHYSICS(0.5)\nADD_DODGE(0.006)\nADD_STRENGH(0.14)				0	
23875	999	0		0.0				ADD_AC_PHYSICS(0.5)\nADD_DODGE(0.006)\nADD_CONSITUTION(0.14)				0	
23876	999	0		0.0				ADD_AC_PHYSICS(0.5)\nADD_DODGE(0.006)\nADD_AGILITY(0.14)				0	
23877	999	0		0.0				ADD_AC_PHYSICS(0.5)\nADD_DODGE(0.006)\nADD_PERCEPTION(0.14)				0	
23878	999	0		0.0				ADD_AC_PHYSICS(0.5)\nADD_DODGE(0.006)\nADD_INTELLECT(0.14)				0	
23879	999	0		0.0				ADD_AC_PHYSICS(0.5)\nADD_DODGE(0.006)\nADD_ANTI_POWERHIT(0.01)				0	
23880	999	0		0.0				ADD_AC_PHYSICS(0.5)\nADD_DODGE(0.006)\nADD_MULTIPLY_POWERDAM(0.1)				0	
23881	999	0		0.0				ADD_AC_PHYSICS(0.5)\nADD_DODGE(0.006)\nADD_ABSORB_POWERDAM(0.1)				0	
23882	999	0		0.0				ADD_AC_PHYSICS(0.5)\nADD_DODGE(0.006)\nADD_ABSORB_SHIELD(0.1)				0	
23883	999	0		0.0				ADD_AC_PHYSICS(0.5)\nADD_POWERHIT(0.006)\nADD_STRENGH(0.14)				0	
23884	999	0		0.0				ADD_AC_PHYSICS(0.5)\nADD_POWERHIT(0.006)\nADD_CONSITUTION(0.14)				0	
23885	999	0		0.0				ADD_AC_PHYSICS(0.5)\nADD_POWERHIT(0.006)\nADD_AGILITY(0.14)				0	
23886	999	0		0.0				ADD_AC_PHYSICS(0.5)\nADD_POWERHIT(0.006)\nADD_PERCEPTION(0.14)				0	
23887	999	0		0.0				ADD_AC_PHYSICS(0.5)\nADD_POWERHIT(0.006)\nADD_INTELLECT(0.14)				0	
23888	999	0		0.0				ADD_AC_PHYSICS(0.5)\nADD_POWERHIT(0.006)\nADD_ANTI_POWERHIT(0.01)				0	
23889	999	0		0.0				ADD_AC_PHYSICS(0.5)\nADD_POWERHIT(0.006)\nADD_MULTIPLY_POWERDAM(0.1)				0	
23890	999	0		0.0				ADD_AC_PHYSICS(0.5)\nADD_POWERHIT(0.006)\nADD_ABSORB_POWERDAM(0.1)				0	
23891	999	0		0.0				ADD_AC_PHYSICS(0.5)\nADD_POWERHIT(0.006)\nADD_ABSORB_SHIELD(0.1)				0	
23892	999	0		0.0				ADD_AC_PHYSICS(0.5)\nADD_STRENGH(0.14)\nADD_CONSITUTION(0.14)				0	
23893	999	0		0.0				ADD_AC_PHYSICS(0.5)\nADD_STRENGH(0.14)\nADD_AGILITY(0.14)				0	
23894	999	0		0.0				ADD_AC_PHYSICS(0.5)\nADD_STRENGH(0.14)\nADD_PERCEPTION(0.14)				0	
23895	999	0		0.0				ADD_AC_PHYSICS(0.5)\nADD_STRENGH(0.14)\nADD_INTELLECT(0.14)				0	
23896	999	0		0.0				ADD_AC_PHYSICS(0.5)\nADD_STRENGH(0.14)\nADD_ANTI_POWERHIT(0.01)				0	
23897	999	0		0.0				ADD_AC_PHYSICS(0.5)\nADD_STRENGH(0.14)\nADD_MULTIPLY_POWERDAM(0.1)				0	
23898	999	0		0.0				ADD_AC_PHYSICS(0.5)\nADD_STRENGH(0.14)\nADD_ABSORB_POWERDAM(0.1)				0	
23899	999	0		0.0				ADD_AC_PHYSICS(0.5)\nADD_STRENGH(0.14)\nADD_ABSORB_SHIELD(0.1)				0	
23900	999	0		0.0				ADD_AC_PHYSICS(0.5)\nADD_CONSITUTION(0.14)\nADD_STRENGH(0.14)				0	
23901	999	0		0.0				ADD_AC_PHYSICS(0.5)\nADD_CONSITUTION(0.14)\nADD_AGILITY(0.14)				0	
23902	999	0		0.0				ADD_AC_PHYSICS(0.5)\nADD_CONSITUTION(0.14)\nADD_PERCEPTION(0.14)				0	
23903	999	0		0.0				ADD_AC_PHYSICS(0.5)\nADD_CONSITUTION(0.14)\nADD_INTELLECT(0.14)				0	
23904	999	0		0.0				ADD_AC_PHYSICS(0.5)\nADD_CONSITUTION(0.14)\nADD_ANTI_POWERHIT(0.01)				0	
23905	999	0		0.0				ADD_AC_PHYSICS(0.5)\nADD_CONSITUTION(0.14)\nADD_MULTIPLY_POWERDAM(0.1)				0	
23906	999	0		0.0				ADD_AC_PHYSICS(0.5)\nADD_CONSITUTION(0.14)\nADD_ABSORB_POWERDAM(0.1)				0	
23907	999	0		0.0				ADD_AC_PHYSICS(0.5)\nADD_CONSITUTION(0.14)\nADD_ABSORB_SHIELD(0.1)				0	
23908	999	0		0.0				ADD_AC_PHYSICS(0.5)\nADD_AGILITY(0.14)\nADD_STRENGH(0.14)				0	
23909	999	0		0.0				ADD_AC_PHYSICS(0.5)\nADD_AGILITY(0.14)\nADD_CONSITUTION(0.14)				0	
23910	999	0		0.0				ADD_AC_PHYSICS(0.5)\nADD_AGILITY(0.14)\nADD_PERCEPTION(0.14)				0	
23911	999	0		0.0				ADD_AC_PHYSICS(0.5)\nADD_AGILITY(0.14)\nADD_INTELLECT(0.14)				0	
23912	999	0		0.0				ADD_AC_PHYSICS(0.5)\nADD_AGILITY(0.14)\nADD_ANTI_POWERHIT(0.01)				0	
23913	999	0		0.0				ADD_AC_PHYSICS(0.5)\nADD_AGILITY(0.14)\nADD_MULTIPLY_POWERDAM(0.1)				0	
23914	999	0		0.0				ADD_AC_PHYSICS(0.5)\nADD_AGILITY(0.14)\nADD_ABSORB_POWERDAM(0.1)				0	
23915	999	0		0.0				ADD_AC_PHYSICS(0.5)\nADD_AGILITY(0.14)\nADD_ABSORB_SHIELD(0.1)				0	
23916	999	0		0.0				ADD_AC_PHYSICS(0.5)\nADD_PERCEPTION(0.14)\nADD_STRENGH(0.14)				0	
23917	999	0		0.0				ADD_AC_PHYSICS(0.5)\nADD_PERCEPTION(0.14)\nADD_CONSITUTION(0.14)				0	
23918	999	0		0.0				ADD_AC_PHYSICS(0.5)\nADD_PERCEPTION(0.14)\nADD_AGILITY(0.14)				0	
23919	999	0		0.0				ADD_AC_PHYSICS(0.5)\nADD_PERCEPTION(0.14)\nADD_INTELLECT(0.14)				0	
23920	999	0		0.0				ADD_AC_PHYSICS(0.5)\nADD_PERCEPTION(0.14)\nADD_ANTI_POWERHIT(0.01)				0	
23921	999	0		0.0				ADD_AC_PHYSICS(0.5)\nADD_PERCEPTION(0.14)\nADD_MULTIPLY_POWERDAM(0.1)				0	
23922	999	0		0.0				ADD_AC_PHYSICS(0.5)\nADD_PERCEPTION(0.14)\nADD_ABSORB_POWERDAM(0.1)				0	
23923	999	0		0.0				ADD_AC_PHYSICS(0.5)\nADD_PERCEPTION(0.14)\nADD_ABSORB_SHIELD(0.1)				0	
23924	999	0		0.0				ADD_AC_PHYSICS(0.5)\nADD_INTELLECT(0.14)\nADD_STRENGH(0.14)				0	
23925	999	0		0.0				ADD_AC_PHYSICS(0.5)\nADD_INTELLECT(0.14)\nADD_CONSITUTION(0.14)				0	
23926	999	0		0.0				ADD_AC_PHYSICS(0.5)\nADD_INTELLECT(0.14)\nADD_AGILITY(0.14)				0	
23927	999	0		0.0				ADD_AC_PHYSICS(0.5)\nADD_INTELLECT(0.14)\nADD_PERCEPTION(0.14)				0	
23928	999	0		0.0				ADD_AC_PHYSICS(0.5)\nADD_INTELLECT(0.14)\nADD_ANTI_POWERHIT(0.01)				0	
23929	999	0		0.0				ADD_AC_PHYSICS(0.5)\nADD_INTELLECT(0.14)\nADD_MULTIPLY_POWERDAM(0.1)				0	
23930	999	0		0.0				ADD_AC_PHYSICS(0.5)\nADD_INTELLECT(0.14)\nADD_ABSORB_POWERDAM(0.1)				0	
23931	999	0		0.0				ADD_AC_PHYSICS(0.5)\nADD_INTELLECT(0.14)\nADD_ABSORB_SHIELD(0.1)				0	
23932	999	0		0.0				ADD_AC_PHYSICS(0.5)\nADD_HPMAX(0.18)\nADD_STRENGH(0.14)				0	
23933	999	0		0.0				ADD_AC_PHYSICS(0.5)\nADD_HPMAX(0.18)\nADD_CONSITUTION(0.14)				0	
23934	999	0		0.0				ADD_AC_PHYSICS(0.5)\nADD_HPMAX(0.18)\nADD_AGILITY(0.14)				0	
23935	999	0		0.0				ADD_AC_PHYSICS(0.5)\nADD_HPMAX(0.18)\nADD_PERCEPTION(0.14)				0	
23936	999	0		0.0				ADD_AC_PHYSICS(0.5)\nADD_HPMAX(0.18)\nADD_INTELLECT(0.14)				0	
23937	999	0		0.0				ADD_AC_PHYSICS(0.5)\nADD_HPMAX(0.18)\nADD_ANTI_POWERHIT(0.01)				0	
23938	999	0		0.0				ADD_AC_PHYSICS(0.5)\nADD_HPMAX(0.18)\nADD_MULTIPLY_POWERDAM(0.1)				0	
23939	999	0		0.0				ADD_AC_PHYSICS(0.5)\nADD_HPMAX(0.18)\nADD_ABSORB_POWERDAM(0.1)				0	
23940	999	0		0.0				ADD_AC_PHYSICS(0.5)\nADD_HPMAX(0.18)\nADD_ABSORB_SHIELD(0.1)				0	
23941	999	0		0.0				ADD_AC_PHYSICS(0.5)\nADD_DAMMIPHYSICS(0.15)\nADD_STRENGH(0.14)				0	
23942	999	0		0.0				ADD_AC_PHYSICS(0.5)\nADD_DAMMIPHYSICS(0.15)\nADD_CONSITUTION(0.14)				0	
23943	999	0		0.0				ADD_AC_PHYSICS(0.5)\nADD_DAMMIPHYSICS(0.15)\nADD_AGILITY(0.14)				0	
23944	999	0		0.0				ADD_AC_PHYSICS(0.5)\nADD_DAMMIPHYSICS(0.15)\nADD_PERCEPTION(0.14)				0	
23945	999	0		0.0				ADD_AC_PHYSICS(0.5)\nADD_DAMMIPHYSICS(0.15)\nADD_INTELLECT(0.14)				0	
23946	999	0		0.0				ADD_AC_PHYSICS(0.5)\nADD_DAMMIPHYSICS(0.15)\nADD_ANTI_POWERHIT(0.01)				0	
23947	999	0		0.0				ADD_AC_PHYSICS(0.5)\nADD_DAMMIPHYSICS(0.15)\nADD_MULTIPLY_POWERDAM(0.1)				0	
23948	999	0		0.0				ADD_AC_PHYSICS(0.5)\nADD_DAMMIPHYSICS(0.15)\nADD_ABSORB_POWERDAM(0.1)				0	
23949	999	0		0.0				ADD_AC_PHYSICS(0.5)\nADD_DAMMIPHYSICS(0.15)\nADD_ABSORB_SHIELD(0.1)				0	
23950	999	0		0.0				ADD_AC_PHYSICS(0.5)\nADD_DAMMIMAGIC(0.15)\nADD_STRENGH(0.14)				0	
23951	999	0		0.0				ADD_AC_PHYSICS(0.5)\nADD_DAMMIMAGIC(0.15)\nADD_CONSITUTION(0.14)				0	
23952	999	0		0.0				ADD_AC_PHYSICS(0.5)\nADD_DAMMIMAGIC(0.15)\nADD_AGILITY(0.14)				0	
23953	999	0		0.0				ADD_AC_PHYSICS(0.5)\nADD_DAMMIMAGIC(0.15)\nADD_PERCEPTION(0.14)				0	
23954	999	0		0.0				ADD_AC_PHYSICS(0.5)\nADD_DAMMIMAGIC(0.15)\nADD_INTELLECT(0.14)				0	
23955	999	0		0.0				ADD_AC_PHYSICS(0.5)\nADD_DAMMIMAGIC(0.15)\nADD_ANTI_POWERHIT(0.01)				0	
23956	999	0		0.0				ADD_AC_PHYSICS(0.5)\nADD_DAMMIMAGIC(0.15)\nADD_MULTIPLY_POWERDAM(0.1)				0	
23957	999	0		0.0				ADD_AC_PHYSICS(0.5)\nADD_DAMMIMAGIC(0.15)\nADD_ABSORB_POWERDAM(0.1)				0	
23958	999	0		0.0				ADD_AC_PHYSICS(0.5)\nADD_DAMMIMAGIC(0.15)\nADD_ABSORB_SHIELD(0.1)				0	
23959	999	0		0.0				ADD_AC_PHYSICS(0.5)\nADD_AC_MAGIC(0.5)\nADD_STRENGH(0.14)				0	
23960	999	0		0.0				ADD_AC_PHYSICS(0.5)\nADD_AC_MAGIC(0.5)\nADD_CONSITUTION(0.14)				0	
23961	999	0		0.0				ADD_AC_PHYSICS(0.5)\nADD_AC_MAGIC(0.5)\nADD_AGILITY(0.14)				0	
23962	999	0		0.0				ADD_AC_PHYSICS(0.5)\nADD_AC_MAGIC(0.5)\nADD_PERCEPTION(0.14)				0	
23963	999	0		0.0				ADD_AC_PHYSICS(0.5)\nADD_AC_MAGIC(0.5)\nADD_INTELLECT(0.14)				0	
23964	999	0		0.0				ADD_AC_PHYSICS(0.5)\nADD_AC_MAGIC(0.5)\nADD_ANTI_POWERHIT(0.01)				0	
23965	999	0		0.0				ADD_AC_PHYSICS(0.5)\nADD_AC_MAGIC(0.5)\nADD_MULTIPLY_POWERDAM(0.1)				0	
23966	999	0		0.0				ADD_AC_PHYSICS(0.5)\nADD_AC_MAGIC(0.5)\nADD_ABSORB_POWERDAM(0.1)				0	
23967	999	0		0.0				ADD_AC_PHYSICS(0.5)\nADD_AC_MAGIC(0.5)\nADD_ABSORB_SHIELD(0.1)				0	
23968	999	0		0.0				ADD_AC_PHYSICS(0.5)\nADD_PENETRATE_PHYSICS(0.45)\nADD_STRENGH(0.14)				0	
23969	999	0		0.0				ADD_AC_PHYSICS(0.5)\nADD_PENETRATE_PHYSICS(0.45)\nADD_CONSITUTION(0.14)				0	
23970	999	0		0.0				ADD_AC_PHYSICS(0.5)\nADD_PENETRATE_PHYSICS(0.45)\nADD_AGILITY(0.14)				0	
23971	999	0		0.0				ADD_AC_PHYSICS(0.5)\nADD_PENETRATE_PHYSICS(0.45)\nADD_PERCEPTION(0.14)				0	
23972	999	0		0.0				ADD_AC_PHYSICS(0.5)\nADD_PENETRATE_PHYSICS(0.45)\nADD_INTELLECT(0.14)				0	
23973	999	0		0.0				ADD_AC_PHYSICS(0.5)\nADD_PENETRATE_PHYSICS(0.45)\nADD_ANTI_POWERHIT(0.01)				0	
23974	999	0		0.0				ADD_AC_PHYSICS(0.5)\nADD_PENETRATE_PHYSICS(0.45)\nADD_MULTIPLY_POWERDAM(0.1)				0	
23975	999	0		0.0				ADD_AC_PHYSICS(0.5)\nADD_PENETRATE_PHYSICS(0.45)\nADD_ABSORB_POWERDAM(0.1)				0	
23976	999	0		0.0				ADD_AC_PHYSICS(0.5)\nADD_PENETRATE_PHYSICS(0.45)\nADD_ABSORB_SHIELD(0.1)				0	
23977	999	0		0.0				ADD_AC_PHYSICS(0.5)\nADD_PENETRATE_MAGIC(0.45)\nADD_STRENGH(0.14)				0	
23978	999	0		0.0				ADD_AC_PHYSICS(0.5)\nADD_PENETRATE_MAGIC(0.45)\nADD_CONSITUTION(0.14)				0	
23979	999	0		0.0				ADD_AC_PHYSICS(0.5)\nADD_PENETRATE_MAGIC(0.45)\nADD_AGILITY(0.14)				0	
23980	999	0		0.0				ADD_AC_PHYSICS(0.5)\nADD_PENETRATE_MAGIC(0.45)\nADD_PERCEPTION(0.14)				0	
23981	999	0		0.0				ADD_AC_PHYSICS(0.5)\nADD_PENETRATE_MAGIC(0.45)\nADD_INTELLECT(0.14)				0	
23982	999	0		0.0				ADD_AC_PHYSICS(0.5)\nADD_PENETRATE_MAGIC(0.45)\nADD_ANTI_POWERHIT(0.01)				0	
23983	999	0		0.0				ADD_AC_PHYSICS(0.5)\nADD_PENETRATE_MAGIC(0.45)\nADD_MULTIPLY_POWERDAM(0.1)				0	
23984	999	0		0.0				ADD_AC_PHYSICS(0.5)\nADD_PENETRATE_MAGIC(0.45)\nADD_ABSORB_POWERDAM(0.1)				0	
23985	999	0		0.0				ADD_AC_PHYSICS(0.5)\nADD_PENETRATE_MAGIC(0.45)\nADD_ABSORB_SHIELD(0.1)				0	
23986	999	0		0.0				ADD_AC_PHYSICS(0.5)\nADD_HITRATE(0.01)\nADD_STRENGH(0.14)				0	
23987	999	0		0.0				ADD_AC_PHYSICS(0.5)\nADD_HITRATE(0.01)\nADD_CONSITUTION(0.14)				0	
23988	999	0		0.0				ADD_AC_PHYSICS(0.5)\nADD_HITRATE(0.01)\nADD_AGILITY(0.14)				0	
23989	999	0		0.0				ADD_AC_PHYSICS(0.5)\nADD_HITRATE(0.01)\nADD_PERCEPTION(0.14)				0	
23990	999	0		0.0				ADD_AC_PHYSICS(0.5)\nADD_HITRATE(0.01)\nADD_INTELLECT(0.14)				0	
23991	999	0		0.0				ADD_AC_PHYSICS(0.5)\nADD_HITRATE(0.01)\nADD_ANTI_POWERHIT(0.01)				0	
23992	999	0		0.0				ADD_AC_PHYSICS(0.5)\nADD_HITRATE(0.01)\nADD_MULTIPLY_POWERDAM(0.1)				0	
23993	999	0		0.0				ADD_AC_PHYSICS(0.5)\nADD_HITRATE(0.01)\nADD_ABSORB_POWERDAM(0.1)				0	
23994	999	0		0.0				ADD_AC_PHYSICS(0.5)\nADD_HITRATE(0.01)\nADD_ABSORB_SHIELD(0.1)				0	
23995	999	0		0.0				ADD_AC_PHYSICS(0.5)\nADD_DODGE(0.01)\nADD_STRENGH(0.14)				0	
23996	999	0		0.0				ADD_AC_PHYSICS(0.5)\nADD_DODGE(0.01)\nADD_CONSITUTION(0.14)				0	
23997	999	0		0.0				ADD_AC_PHYSICS(0.5)\nADD_DODGE(0.01)\nADD_AGILITY(0.14)				0	
23998	999	0		0.0				ADD_AC_PHYSICS(0.5)\nADD_DODGE(0.01)\nADD_PERCEPTION(0.14)				0	
23999	999	0		0.0				ADD_AC_PHYSICS(0.5)\nADD_DODGE(0.01)\nADD_INTELLECT(0.14)				0	
24000	999	0		0.0				ADD_AC_PHYSICS(0.5)\nADD_DODGE(0.01)\nADD_ANTI_POWERHIT(0.01)				0	
24001	999	0		0.0				ADD_AC_PHYSICS(0.5)\nADD_DODGE(0.01)\nADD_MULTIPLY_POWERDAM(0.1)				0	
24002	999	0		0.0				ADD_AC_PHYSICS(0.5)\nADD_DODGE(0.01)\nADD_ABSORB_POWERDAM(0.1)				0	
24003	999	0		0.0				ADD_AC_PHYSICS(0.5)\nADD_DODGE(0.01)\nADD_ABSORB_SHIELD(0.1)				0	
24004	999	0		0.0				ADD_AC_PHYSICS(0.5)\nADD_POWERHIT(0.01)\nADD_STRENGH(0.14)				0	
24005	999	0		0.0				ADD_AC_PHYSICS(0.5)\nADD_POWERHIT(0.01)\nADD_CONSITUTION(0.14)				0	
24006	999	0		0.0				ADD_AC_PHYSICS(0.5)\nADD_POWERHIT(0.01)\nADD_AGILITY(0.14)				0	
24007	999	0		0.0				ADD_AC_PHYSICS(0.5)\nADD_POWERHIT(0.01)\nADD_PERCEPTION(0.14)				0	
24008	999	0		0.0				ADD_AC_PHYSICS(0.5)\nADD_POWERHIT(0.01)\nADD_INTELLECT(0.14)				0	
24009	999	0		0.0				ADD_AC_PHYSICS(0.5)\nADD_POWERHIT(0.01)\nADD_ANTI_POWERHIT(0.01)				0	
24010	999	0		0.0				ADD_AC_PHYSICS(0.5)\nADD_POWERHIT(0.01)\nADD_MULTIPLY_POWERDAM(0.1)				0	
24011	999	0		0.0				ADD_AC_PHYSICS(0.5)\nADD_POWERHIT(0.01)\nADD_ABSORB_POWERDAM(0.1)				0	
24012	999	0		0.0				ADD_AC_PHYSICS(0.5)\nADD_POWERHIT(0.01)\nADD_ABSORB_SHIELD(0.1)				0	
24013	999	0		0.0				ADD_AC_MAGIC(0.5)\nADD_STRENGH(0.04)\nADD_CONSITUTION(0.14)				0	
24014	999	0		0.0				ADD_AC_MAGIC(0.5)\nADD_STRENGH(0.04)\nADD_AGILITY(0.14)				0	
24015	999	0		0.0				ADD_AC_MAGIC(0.5)\nADD_STRENGH(0.04)\nADD_PERCEPTION(0.14)				0	
24016	999	0		0.0				ADD_AC_MAGIC(0.5)\nADD_STRENGH(0.04)\nADD_INTELLECT(0.14)				0	
24017	999	0		0.0				ADD_AC_MAGIC(0.5)\nADD_STRENGH(0.04)\nADD_ANTI_POWERHIT(0.01)				0	
24018	999	0		0.0				ADD_AC_MAGIC(0.5)\nADD_STRENGH(0.04)\nADD_MULTIPLY_POWERDAM(0.1)				0	
24019	999	0		0.0				ADD_AC_MAGIC(0.5)\nADD_STRENGH(0.04)\nADD_ABSORB_POWERDAM(0.1)				0	
24020	999	0		0.0				ADD_AC_MAGIC(0.5)\nADD_STRENGH(0.04)\nADD_ABSORB_SHIELD(0.1)				0	
24021	999	0		0.0				ADD_AC_MAGIC(0.5)\nADD_CONSITUTION(0.04)\nADD_STRENGH(0.14)				0	
24022	999	0		0.0				ADD_AC_MAGIC(0.5)\nADD_CONSITUTION(0.04)\nADD_AGILITY(0.14)				0	
24023	999	0		0.0				ADD_AC_MAGIC(0.5)\nADD_CONSITUTION(0.04)\nADD_PERCEPTION(0.14)				0	
24024	999	0		0.0				ADD_AC_MAGIC(0.5)\nADD_CONSITUTION(0.04)\nADD_INTELLECT(0.14)				0	
24025	999	0		0.0				ADD_AC_MAGIC(0.5)\nADD_CONSITUTION(0.04)\nADD_ANTI_POWERHIT(0.01)				0	
24026	999	0		0.0				ADD_AC_MAGIC(0.5)\nADD_CONSITUTION(0.04)\nADD_MULTIPLY_POWERDAM(0.1)				0	
24027	999	0		0.0				ADD_AC_MAGIC(0.5)\nADD_CONSITUTION(0.04)\nADD_ABSORB_POWERDAM(0.1)				0	
24028	999	0		0.0				ADD_AC_MAGIC(0.5)\nADD_CONSITUTION(0.04)\nADD_ABSORB_SHIELD(0.1)				0	
24029	999	0		0.0				ADD_AC_MAGIC(0.5)\nADD_AGILITY(0.04)\nADD_STRENGH(0.14)				0	
24030	999	0		0.0				ADD_AC_MAGIC(0.5)\nADD_AGILITY(0.04)\nADD_CONSITUTION(0.14)				0	
24031	999	0		0.0				ADD_AC_MAGIC(0.5)\nADD_AGILITY(0.04)\nADD_PERCEPTION(0.14)				0	
24032	999	0		0.0				ADD_AC_MAGIC(0.5)\nADD_AGILITY(0.04)\nADD_INTELLECT(0.14)				0	
24033	999	0		0.0				ADD_AC_MAGIC(0.5)\nADD_AGILITY(0.04)\nADD_ANTI_POWERHIT(0.01)				0	
24034	999	0		0.0				ADD_AC_MAGIC(0.5)\nADD_AGILITY(0.04)\nADD_MULTIPLY_POWERDAM(0.1)				0	
24035	999	0		0.0				ADD_AC_MAGIC(0.5)\nADD_AGILITY(0.04)\nADD_ABSORB_POWERDAM(0.1)				0	
24036	999	0		0.0				ADD_AC_MAGIC(0.5)\nADD_AGILITY(0.04)\nADD_ABSORB_SHIELD(0.1)				0	
24037	999	0		0.0				ADD_AC_MAGIC(0.5)\nADD_PERCEPTION(0.04)\nADD_STRENGH(0.14)				0	
24038	999	0		0.0				ADD_AC_MAGIC(0.5)\nADD_PERCEPTION(0.04)\nADD_CONSITUTION(0.14)				0	
24039	999	0		0.0				ADD_AC_MAGIC(0.5)\nADD_PERCEPTION(0.04)\nADD_AGILITY(0.14)				0	
24040	999	0		0.0				ADD_AC_MAGIC(0.5)\nADD_PERCEPTION(0.04)\nADD_INTELLECT(0.14)				0	
24041	999	0		0.0				ADD_AC_MAGIC(0.5)\nADD_PERCEPTION(0.04)\nADD_ANTI_POWERHIT(0.01)				0	
24042	999	0		0.0				ADD_AC_MAGIC(0.5)\nADD_PERCEPTION(0.04)\nADD_MULTIPLY_POWERDAM(0.1)				0	
24043	999	0		0.0				ADD_AC_MAGIC(0.5)\nADD_PERCEPTION(0.04)\nADD_ABSORB_POWERDAM(0.1)				0	
24044	999	0		0.0				ADD_AC_MAGIC(0.5)\nADD_PERCEPTION(0.04)\nADD_ABSORB_SHIELD(0.1)				0	
24045	999	0		0.0				ADD_AC_MAGIC(0.5)\nADD_INTELLECT(0.04)\nADD_STRENGH(0.14)				0	
24046	999	0		0.0				ADD_AC_MAGIC(0.5)\nADD_INTELLECT(0.04)\nADD_CONSITUTION(0.14)				0	
24047	999	0		0.0				ADD_AC_MAGIC(0.5)\nADD_INTELLECT(0.04)\nADD_AGILITY(0.14)				0	
24048	999	0		0.0				ADD_AC_MAGIC(0.5)\nADD_INTELLECT(0.04)\nADD_PERCEPTION(0.14)				0	
24049	999	0		0.0				ADD_AC_MAGIC(0.5)\nADD_INTELLECT(0.04)\nADD_ANTI_POWERHIT(0.01)				0	
24050	999	0		0.0				ADD_AC_MAGIC(0.5)\nADD_INTELLECT(0.04)\nADD_MULTIPLY_POWERDAM(0.1)				0	
24051	999	0		0.0				ADD_AC_MAGIC(0.5)\nADD_INTELLECT(0.04)\nADD_ABSORB_POWERDAM(0.1)				0	
24052	999	0		0.0				ADD_AC_MAGIC(0.5)\nADD_INTELLECT(0.04)\nADD_ABSORB_SHIELD(0.1)				0	
24053	999	0		0.0				ADD_AC_MAGIC(0.5)\nADD_HPMAX(0.06)\nADD_STRENGH(0.14)				0	
24054	999	0		0.0				ADD_AC_MAGIC(0.5)\nADD_HPMAX(0.06)\nADD_CONSITUTION(0.14)				0	
24055	999	0		0.0				ADD_AC_MAGIC(0.5)\nADD_HPMAX(0.06)\nADD_AGILITY(0.14)				0	
24056	999	0		0.0				ADD_AC_MAGIC(0.5)\nADD_HPMAX(0.06)\nADD_PERCEPTION(0.14)				0	
24057	999	0		0.0				ADD_AC_MAGIC(0.5)\nADD_HPMAX(0.06)\nADD_INTELLECT(0.14)				0	
24058	999	0		0.0				ADD_AC_MAGIC(0.5)\nADD_HPMAX(0.06)\nADD_ANTI_POWERHIT(0.01)				0	
24059	999	0		0.0				ADD_AC_MAGIC(0.5)\nADD_HPMAX(0.06)\nADD_MULTIPLY_POWERDAM(0.1)				0	
24060	999	0		0.0				ADD_AC_MAGIC(0.5)\nADD_HPMAX(0.06)\nADD_ABSORB_POWERDAM(0.1)				0	
24061	999	0		0.0				ADD_AC_MAGIC(0.5)\nADD_HPMAX(0.06)\nADD_ABSORB_SHIELD(0.1)				0	
24062	999	0		0.0				ADD_AC_MAGIC(0.5)\nADD_DAMMIPHYSICS(0.05)\nADD_STRENGH(0.14)				0	
24063	999	0		0.0				ADD_AC_MAGIC(0.5)\nADD_DAMMIPHYSICS(0.05)\nADD_CONSITUTION(0.14)				0	
24064	999	0		0.0				ADD_AC_MAGIC(0.5)\nADD_DAMMIPHYSICS(0.05)\nADD_AGILITY(0.14)				0	
24065	999	0		0.0				ADD_AC_MAGIC(0.5)\nADD_DAMMIPHYSICS(0.05)\nADD_PERCEPTION(0.14)				0	
24066	999	0		0.0				ADD_AC_MAGIC(0.5)\nADD_DAMMIPHYSICS(0.05)\nADD_INTELLECT(0.14)				0	
24067	999	0		0.0				ADD_AC_MAGIC(0.5)\nADD_DAMMIPHYSICS(0.05)\nADD_ANTI_POWERHIT(0.01)				0	
24068	999	0		0.0				ADD_AC_MAGIC(0.5)\nADD_DAMMIPHYSICS(0.05)\nADD_MULTIPLY_POWERDAM(0.1)				0	
24069	999	0		0.0				ADD_AC_MAGIC(0.5)\nADD_DAMMIPHYSICS(0.05)\nADD_ABSORB_POWERDAM(0.1)				0	
24070	999	0		0.0				ADD_AC_MAGIC(0.5)\nADD_DAMMIPHYSICS(0.05)\nADD_ABSORB_SHIELD(0.1)				0	
24071	999	0		0.0				ADD_AC_MAGIC(0.5)\nADD_DAMMIMAGIC(0.05)\nADD_STRENGH(0.14)				0	
24072	999	0		0.0				ADD_AC_MAGIC(0.5)\nADD_DAMMIMAGIC(0.05)\nADD_CONSITUTION(0.14)				0	
24073	999	0		0.0				ADD_AC_MAGIC(0.5)\nADD_DAMMIMAGIC(0.05)\nADD_AGILITY(0.14)				0	
24074	999	0		0.0				ADD_AC_MAGIC(0.5)\nADD_DAMMIMAGIC(0.05)\nADD_PERCEPTION(0.14)				0	
24075	999	0		0.0				ADD_AC_MAGIC(0.5)\nADD_DAMMIMAGIC(0.05)\nADD_INTELLECT(0.14)				0	
24076	999	0		0.0				ADD_AC_MAGIC(0.5)\nADD_DAMMIMAGIC(0.05)\nADD_ANTI_POWERHIT(0.01)				0	
24077	999	0		0.0				ADD_AC_MAGIC(0.5)\nADD_DAMMIMAGIC(0.05)\nADD_MULTIPLY_POWERDAM(0.1)				0	
24078	999	0		0.0				ADD_AC_MAGIC(0.5)\nADD_DAMMIMAGIC(0.05)\nADD_ABSORB_POWERDAM(0.1)				0	
24079	999	0		0.0				ADD_AC_MAGIC(0.5)\nADD_DAMMIMAGIC(0.05)\nADD_ABSORB_SHIELD(0.1)				0	
24080	999	0		0.0				ADD_AC_MAGIC(0.5)\nADD_AC_PHYSICS(0.16)\nADD_STRENGH(0.14)				0	
24081	999	0		0.0				ADD_AC_MAGIC(0.5)\nADD_AC_PHYSICS(0.16)\nADD_CONSITUTION(0.14)				0	
24082	999	0		0.0				ADD_AC_MAGIC(0.5)\nADD_AC_PHYSICS(0.16)\nADD_AGILITY(0.14)				0	
24083	999	0		0.0				ADD_AC_MAGIC(0.5)\nADD_AC_PHYSICS(0.16)\nADD_PERCEPTION(0.14)				0	
24084	999	0		0.0				ADD_AC_MAGIC(0.5)\nADD_AC_PHYSICS(0.16)\nADD_INTELLECT(0.14)				0	
24085	999	0		0.0				ADD_AC_MAGIC(0.5)\nADD_AC_PHYSICS(0.16)\nADD_ANTI_POWERHIT(0.01)				0	
24086	999	0		0.0				ADD_AC_MAGIC(0.5)\nADD_AC_PHYSICS(0.16)\nADD_MULTIPLY_POWERDAM(0.1)				0	
24087	999	0		0.0				ADD_AC_MAGIC(0.5)\nADD_AC_PHYSICS(0.16)\nADD_ABSORB_POWERDAM(0.1)				0	
24088	999	0		0.0				ADD_AC_MAGIC(0.5)\nADD_AC_PHYSICS(0.16)\nADD_ABSORB_SHIELD(0.1)				0	
24089	999	0		0.0				ADD_AC_MAGIC(0.5)\nADD_PENETRATE_PHYSICS(0.15)\nADD_STRENGH(0.14)				0	
24090	999	0		0.0				ADD_AC_MAGIC(0.5)\nADD_PENETRATE_PHYSICS(0.15)\nADD_CONSITUTION(0.14)				0	
24091	999	0		0.0				ADD_AC_MAGIC(0.5)\nADD_PENETRATE_PHYSICS(0.15)\nADD_AGILITY(0.14)				0	
24092	999	0		0.0				ADD_AC_MAGIC(0.5)\nADD_PENETRATE_PHYSICS(0.15)\nADD_PERCEPTION(0.14)				0	
24093	999	0		0.0				ADD_AC_MAGIC(0.5)\nADD_PENETRATE_PHYSICS(0.15)\nADD_INTELLECT(0.14)				0	
24094	999	0		0.0				ADD_AC_MAGIC(0.5)\nADD_PENETRATE_PHYSICS(0.15)\nADD_ANTI_POWERHIT(0.01)				0	
24095	999	0		0.0				ADD_AC_MAGIC(0.5)\nADD_PENETRATE_PHYSICS(0.15)\nADD_MULTIPLY_POWERDAM(0.1)				0	
24096	999	0		0.0				ADD_AC_MAGIC(0.5)\nADD_PENETRATE_PHYSICS(0.15)\nADD_ABSORB_POWERDAM(0.1)				0	
24097	999	0		0.0				ADD_AC_MAGIC(0.5)\nADD_PENETRATE_PHYSICS(0.15)\nADD_ABSORB_SHIELD(0.1)				0	
24098	999	0		0.0				ADD_AC_MAGIC(0.5)\nADD_PENETRATE_MAGIC(0.15)\nADD_STRENGH(0.14)				0	
24099	999	0		0.0				ADD_AC_MAGIC(0.5)\nADD_PENETRATE_MAGIC(0.15)\nADD_CONSITUTION(0.14)				0	
24100	999	0		0.0				ADD_AC_MAGIC(0.5)\nADD_PENETRATE_MAGIC(0.15)\nADD_AGILITY(0.14)				0	
24101	999	0		0.0				ADD_AC_MAGIC(0.5)\nADD_PENETRATE_MAGIC(0.15)\nADD_PERCEPTION(0.14)				0	
24102	999	0		0.0				ADD_AC_MAGIC(0.5)\nADD_PENETRATE_MAGIC(0.15)\nADD_INTELLECT(0.14)				0	
24103	999	0		0.0				ADD_AC_MAGIC(0.5)\nADD_PENETRATE_MAGIC(0.15)\nADD_ANTI_POWERHIT(0.01)				0	
24104	999	0		0.0				ADD_AC_MAGIC(0.5)\nADD_PENETRATE_MAGIC(0.15)\nADD_MULTIPLY_POWERDAM(0.1)				0	
24105	999	0		0.0				ADD_AC_MAGIC(0.5)\nADD_PENETRATE_MAGIC(0.15)\nADD_ABSORB_POWERDAM(0.1)				0	
24106	999	0		0.0				ADD_AC_MAGIC(0.5)\nADD_PENETRATE_MAGIC(0.15)\nADD_ABSORB_SHIELD(0.1)				0	
24107	999	0		0.0				ADD_AC_MAGIC(0.5)\nADD_HITRATE(0.003)\nADD_STRENGH(0.14)				0	
24108	999	0		0.0				ADD_AC_MAGIC(0.5)\nADD_HITRATE(0.003)\nADD_CONSITUTION(0.14)				0	
24109	999	0		0.0				ADD_AC_MAGIC(0.5)\nADD_HITRATE(0.003)\nADD_AGILITY(0.14)				0	
24110	999	0		0.0				ADD_AC_MAGIC(0.5)\nADD_HITRATE(0.003)\nADD_PERCEPTION(0.14)				0	
24111	999	0		0.0				ADD_AC_MAGIC(0.5)\nADD_HITRATE(0.003)\nADD_INTELLECT(0.14)				0	
24112	999	0		0.0				ADD_AC_MAGIC(0.5)\nADD_HITRATE(0.003)\nADD_ANTI_POWERHIT(0.01)				0	
24113	999	0		0.0				ADD_AC_MAGIC(0.5)\nADD_HITRATE(0.003)\nADD_MULTIPLY_POWERDAM(0.1)				0	
24114	999	0		0.0				ADD_AC_MAGIC(0.5)\nADD_HITRATE(0.003)\nADD_ABSORB_POWERDAM(0.1)				0	
24115	999	0		0.0				ADD_AC_MAGIC(0.5)\nADD_HITRATE(0.003)\nADD_ABSORB_SHIELD(0.1)				0	
24116	999	0		0.0				ADD_AC_MAGIC(0.5)\nADD_DODGE(0.003)\nADD_STRENGH(0.14)				0	
24117	999	0		0.0				ADD_AC_MAGIC(0.5)\nADD_DODGE(0.003)\nADD_CONSITUTION(0.14)				0	
24118	999	0		0.0				ADD_AC_MAGIC(0.5)\nADD_DODGE(0.003)\nADD_AGILITY(0.14)				0	
24119	999	0		0.0				ADD_AC_MAGIC(0.5)\nADD_DODGE(0.003)\nADD_PERCEPTION(0.14)				0	
24120	999	0		0.0				ADD_AC_MAGIC(0.5)\nADD_DODGE(0.003)\nADD_INTELLECT(0.14)				0	
24121	999	0		0.0				ADD_AC_MAGIC(0.5)\nADD_DODGE(0.003)\nADD_ANTI_POWERHIT(0.01)				0	
24122	999	0		0.0				ADD_AC_MAGIC(0.5)\nADD_DODGE(0.003)\nADD_MULTIPLY_POWERDAM(0.1)				0	
24123	999	0		0.0				ADD_AC_MAGIC(0.5)\nADD_DODGE(0.003)\nADD_ABSORB_POWERDAM(0.1)				0	
24124	999	0		0.0				ADD_AC_MAGIC(0.5)\nADD_DODGE(0.003)\nADD_ABSORB_SHIELD(0.1)				0	
24125	999	0		0.0				ADD_AC_MAGIC(0.5)\nADD_POWERHIT(0.003)\nADD_STRENGH(0.14)				0	
24126	999	0		0.0				ADD_AC_MAGIC(0.5)\nADD_POWERHIT(0.003)\nADD_CONSITUTION(0.14)				0	
24127	999	0		0.0				ADD_AC_MAGIC(0.5)\nADD_POWERHIT(0.003)\nADD_AGILITY(0.14)				0	
24128	999	0		0.0				ADD_AC_MAGIC(0.5)\nADD_POWERHIT(0.003)\nADD_PERCEPTION(0.14)				0	
24129	999	0		0.0				ADD_AC_MAGIC(0.5)\nADD_POWERHIT(0.003)\nADD_INTELLECT(0.14)				0	
24130	999	0		0.0				ADD_AC_MAGIC(0.5)\nADD_POWERHIT(0.003)\nADD_ANTI_POWERHIT(0.01)				0	
24131	999	0		0.0				ADD_AC_MAGIC(0.5)\nADD_POWERHIT(0.003)\nADD_MULTIPLY_POWERDAM(0.1)				0	
24132	999	0		0.0				ADD_AC_MAGIC(0.5)\nADD_POWERHIT(0.003)\nADD_ABSORB_POWERDAM(0.1)				0	
24133	999	0		0.0				ADD_AC_MAGIC(0.5)\nADD_POWERHIT(0.003)\nADD_ABSORB_SHIELD(0.1)				0	
24134	999	0		0.0				ADD_AC_MAGIC(0.5)\nADD_STRENGH(0.09)\nADD_CONSITUTION(0.14)				0	
24135	999	0		0.0				ADD_AC_MAGIC(0.5)\nADD_STRENGH(0.09)\nADD_AGILITY(0.14)				0	
24136	999	0		0.0				ADD_AC_MAGIC(0.5)\nADD_STRENGH(0.09)\nADD_PERCEPTION(0.14)				0	
24137	999	0		0.0				ADD_AC_MAGIC(0.5)\nADD_STRENGH(0.09)\nADD_INTELLECT(0.14)				0	
24138	999	0		0.0				ADD_AC_MAGIC(0.5)\nADD_STRENGH(0.09)\nADD_ANTI_POWERHIT(0.01)				0	
24139	999	0		0.0				ADD_AC_MAGIC(0.5)\nADD_STRENGH(0.09)\nADD_MULTIPLY_POWERDAM(0.1)				0	
24140	999	0		0.0				ADD_AC_MAGIC(0.5)\nADD_STRENGH(0.09)\nADD_ABSORB_POWERDAM(0.1)				0	
24141	999	0		0.0				ADD_AC_MAGIC(0.5)\nADD_STRENGH(0.09)\nADD_ABSORB_SHIELD(0.1)				0	
24142	999	0		0.0				ADD_AC_MAGIC(0.5)\nADD_CONSITUTION(0.09)\nADD_STRENGH(0.14)				0	
24143	999	0		0.0				ADD_AC_MAGIC(0.5)\nADD_CONSITUTION(0.09)\nADD_AGILITY(0.14)				0	
24144	999	0		0.0				ADD_AC_MAGIC(0.5)\nADD_CONSITUTION(0.09)\nADD_PERCEPTION(0.14)				0	
24145	999	0		0.0				ADD_AC_MAGIC(0.5)\nADD_CONSITUTION(0.09)\nADD_INTELLECT(0.14)				0	
24146	999	0		0.0				ADD_AC_MAGIC(0.5)\nADD_CONSITUTION(0.09)\nADD_ANTI_POWERHIT(0.01)				0	
24147	999	0		0.0				ADD_AC_MAGIC(0.5)\nADD_CONSITUTION(0.09)\nADD_MULTIPLY_POWERDAM(0.1)				0	
24148	999	0		0.0				ADD_AC_MAGIC(0.5)\nADD_CONSITUTION(0.09)\nADD_ABSORB_POWERDAM(0.1)				0	
24149	999	0		0.0				ADD_AC_MAGIC(0.5)\nADD_CONSITUTION(0.09)\nADD_ABSORB_SHIELD(0.1)				0	
24150	999	0		0.0				ADD_AC_MAGIC(0.5)\nADD_AGILITY(0.09)\nADD_STRENGH(0.14)				0	
24151	999	0		0.0				ADD_AC_MAGIC(0.5)\nADD_AGILITY(0.09)\nADD_CONSITUTION(0.14)				0	
24152	999	0		0.0				ADD_AC_MAGIC(0.5)\nADD_AGILITY(0.09)\nADD_PERCEPTION(0.14)				0	
24153	999	0		0.0				ADD_AC_MAGIC(0.5)\nADD_AGILITY(0.09)\nADD_INTELLECT(0.14)				0	
24154	999	0		0.0				ADD_AC_MAGIC(0.5)\nADD_AGILITY(0.09)\nADD_ANTI_POWERHIT(0.01)				0	
24155	999	0		0.0				ADD_AC_MAGIC(0.5)\nADD_AGILITY(0.09)\nADD_MULTIPLY_POWERDAM(0.1)				0	
24156	999	0		0.0				ADD_AC_MAGIC(0.5)\nADD_AGILITY(0.09)\nADD_ABSORB_POWERDAM(0.1)				0	
24157	999	0		0.0				ADD_AC_MAGIC(0.5)\nADD_AGILITY(0.09)\nADD_ABSORB_SHIELD(0.1)				0	
24158	999	0		0.0				ADD_AC_MAGIC(0.5)\nADD_PERCEPTION(0.09)\nADD_STRENGH(0.14)				0	
24159	999	0		0.0				ADD_AC_MAGIC(0.5)\nADD_PERCEPTION(0.09)\nADD_CONSITUTION(0.14)				0	
24160	999	0		0.0				ADD_AC_MAGIC(0.5)\nADD_PERCEPTION(0.09)\nADD_AGILITY(0.14)				0	
24161	999	0		0.0				ADD_AC_MAGIC(0.5)\nADD_PERCEPTION(0.09)\nADD_INTELLECT(0.14)				0	
24162	999	0		0.0				ADD_AC_MAGIC(0.5)\nADD_PERCEPTION(0.09)\nADD_ANTI_POWERHIT(0.01)				0	
24163	999	0		0.0				ADD_AC_MAGIC(0.5)\nADD_PERCEPTION(0.09)\nADD_MULTIPLY_POWERDAM(0.1)				0	
24164	999	0		0.0				ADD_AC_MAGIC(0.5)\nADD_PERCEPTION(0.09)\nADD_ABSORB_POWERDAM(0.1)				0	
24165	999	0		0.0				ADD_AC_MAGIC(0.5)\nADD_PERCEPTION(0.09)\nADD_ABSORB_SHIELD(0.1)				0	
24166	999	0		0.0				ADD_AC_MAGIC(0.5)\nADD_INTELLECT(0.09)\nADD_STRENGH(0.14)				0	
24167	999	0		0.0				ADD_AC_MAGIC(0.5)\nADD_INTELLECT(0.09)\nADD_CONSITUTION(0.14)				0	
24168	999	0		0.0				ADD_AC_MAGIC(0.5)\nADD_INTELLECT(0.09)\nADD_AGILITY(0.14)				0	
24169	999	0		0.0				ADD_AC_MAGIC(0.5)\nADD_INTELLECT(0.09)\nADD_PERCEPTION(0.14)				0	
24170	999	0		0.0				ADD_AC_MAGIC(0.5)\nADD_INTELLECT(0.09)\nADD_ANTI_POWERHIT(0.01)				0	
24171	999	0		0.0				ADD_AC_MAGIC(0.5)\nADD_INTELLECT(0.09)\nADD_MULTIPLY_POWERDAM(0.1)				0	
24172	999	0		0.0				ADD_AC_MAGIC(0.5)\nADD_INTELLECT(0.09)\nADD_ABSORB_POWERDAM(0.1)				0	
24173	999	0		0.0				ADD_AC_MAGIC(0.5)\nADD_INTELLECT(0.09)\nADD_ABSORB_SHIELD(0.1)				0	
24174	999	0		0.0				ADD_AC_MAGIC(0.5)\nADD_HPMAX(0.12)\nADD_STRENGH(0.14)				0	
24175	999	0		0.0				ADD_AC_MAGIC(0.5)\nADD_HPMAX(0.12)\nADD_CONSITUTION(0.14)				0	
24176	999	0		0.0				ADD_AC_MAGIC(0.5)\nADD_HPMAX(0.12)\nADD_AGILITY(0.14)				0	
24177	999	0		0.0				ADD_AC_MAGIC(0.5)\nADD_HPMAX(0.12)\nADD_PERCEPTION(0.14)				0	
24178	999	0		0.0				ADD_AC_MAGIC(0.5)\nADD_HPMAX(0.12)\nADD_INTELLECT(0.14)				0	
24179	999	0		0.0				ADD_AC_MAGIC(0.5)\nADD_HPMAX(0.12)\nADD_ANTI_POWERHIT(0.01)				0	
24180	999	0		0.0				ADD_AC_MAGIC(0.5)\nADD_HPMAX(0.12)\nADD_MULTIPLY_POWERDAM(0.1)				0	
24181	999	0		0.0				ADD_AC_MAGIC(0.5)\nADD_HPMAX(0.12)\nADD_ABSORB_POWERDAM(0.1)				0	
24182	999	0		0.0				ADD_AC_MAGIC(0.5)\nADD_HPMAX(0.12)\nADD_ABSORB_SHIELD(0.1)				0	
24183	999	0		0.0				ADD_AC_MAGIC(0.5)\nADD_DAMMIPHYSICS(0.1)\nADD_STRENGH(0.14)				0	
24184	999	0		0.0				ADD_AC_MAGIC(0.5)\nADD_DAMMIPHYSICS(0.1)\nADD_CONSITUTION(0.14)				0	
24185	999	0		0.0				ADD_AC_MAGIC(0.5)\nADD_DAMMIPHYSICS(0.1)\nADD_AGILITY(0.14)				0	
24186	999	0		0.0				ADD_AC_MAGIC(0.5)\nADD_DAMMIPHYSICS(0.1)\nADD_PERCEPTION(0.14)				0	
24187	999	0		0.0				ADD_AC_MAGIC(0.5)\nADD_DAMMIPHYSICS(0.1)\nADD_INTELLECT(0.14)				0	
24188	999	0		0.0				ADD_AC_MAGIC(0.5)\nADD_DAMMIPHYSICS(0.1)\nADD_ANTI_POWERHIT(0.01)				0	
24189	999	0		0.0				ADD_AC_MAGIC(0.5)\nADD_DAMMIPHYSICS(0.1)\nADD_MULTIPLY_POWERDAM(0.1)				0	
24190	999	0		0.0				ADD_AC_MAGIC(0.5)\nADD_DAMMIPHYSICS(0.1)\nADD_ABSORB_POWERDAM(0.1)				0	
24191	999	0		0.0				ADD_AC_MAGIC(0.5)\nADD_DAMMIPHYSICS(0.1)\nADD_ABSORB_SHIELD(0.1)				0	
24192	999	0		0.0				ADD_AC_MAGIC(0.5)\nADD_DAMMIMAGIC(0.1)\nADD_STRENGH(0.14)				0	
24193	999	0		0.0				ADD_AC_MAGIC(0.5)\nADD_DAMMIMAGIC(0.1)\nADD_CONSITUTION(0.14)				0	
24194	999	0		0.0				ADD_AC_MAGIC(0.5)\nADD_DAMMIMAGIC(0.1)\nADD_AGILITY(0.14)				0	
24195	999	0		0.0				ADD_AC_MAGIC(0.5)\nADD_DAMMIMAGIC(0.1)\nADD_PERCEPTION(0.14)				0	
24196	999	0		0.0				ADD_AC_MAGIC(0.5)\nADD_DAMMIMAGIC(0.1)\nADD_INTELLECT(0.14)				0	
24197	999	0		0.0				ADD_AC_MAGIC(0.5)\nADD_DAMMIMAGIC(0.1)\nADD_ANTI_POWERHIT(0.01)				0	
24198	999	0		0.0				ADD_AC_MAGIC(0.5)\nADD_DAMMIMAGIC(0.1)\nADD_MULTIPLY_POWERDAM(0.1)				0	
24199	999	0		0.0				ADD_AC_MAGIC(0.5)\nADD_DAMMIMAGIC(0.1)\nADD_ABSORB_POWERDAM(0.1)				0	
24200	999	0		0.0				ADD_AC_MAGIC(0.5)\nADD_DAMMIMAGIC(0.1)\nADD_ABSORB_SHIELD(0.1)				0	
24201	999	0		0.0				ADD_AC_MAGIC(0.5)\nADD_AC_PHYSICS(0.32)\nADD_STRENGH(0.14)				0	
24202	999	0		0.0				ADD_AC_MAGIC(0.5)\nADD_AC_PHYSICS(0.32)\nADD_CONSITUTION(0.14)				0	
24203	999	0		0.0				ADD_AC_MAGIC(0.5)\nADD_AC_PHYSICS(0.32)\nADD_AGILITY(0.14)				0	
24204	999	0		0.0				ADD_AC_MAGIC(0.5)\nADD_AC_PHYSICS(0.32)\nADD_PERCEPTION(0.14)				0	
24205	999	0		0.0				ADD_AC_MAGIC(0.5)\nADD_AC_PHYSICS(0.32)\nADD_INTELLECT(0.14)				0	
24206	999	0		0.0				ADD_AC_MAGIC(0.5)\nADD_AC_PHYSICS(0.32)\nADD_ANTI_POWERHIT(0.01)				0	
24207	999	0		0.0				ADD_AC_MAGIC(0.5)\nADD_AC_PHYSICS(0.32)\nADD_MULTIPLY_POWERDAM(0.1)				0	
24208	999	0		0.0				ADD_AC_MAGIC(0.5)\nADD_AC_PHYSICS(0.32)\nADD_ABSORB_POWERDAM(0.1)				0	
24209	999	0		0.0				ADD_AC_MAGIC(0.5)\nADD_AC_PHYSICS(0.32)\nADD_ABSORB_SHIELD(0.1)				0	
24210	999	0		0.0				ADD_AC_MAGIC(0.5)\nADD_PENETRATE_PHYSICS(0.3)\nADD_STRENGH(0.14)				0	
24211	999	0		0.0				ADD_AC_MAGIC(0.5)\nADD_PENETRATE_PHYSICS(0.3)\nADD_CONSITUTION(0.14)				0	
24212	999	0		0.0				ADD_AC_MAGIC(0.5)\nADD_PENETRATE_PHYSICS(0.3)\nADD_AGILITY(0.14)				0	
24213	999	0		0.0				ADD_AC_MAGIC(0.5)\nADD_PENETRATE_PHYSICS(0.3)\nADD_PERCEPTION(0.14)				0	
24214	999	0		0.0				ADD_AC_MAGIC(0.5)\nADD_PENETRATE_PHYSICS(0.3)\nADD_INTELLECT(0.14)				0	
24215	999	0		0.0				ADD_AC_MAGIC(0.5)\nADD_PENETRATE_PHYSICS(0.3)\nADD_ANTI_POWERHIT(0.01)				0	
24216	999	0		0.0				ADD_AC_MAGIC(0.5)\nADD_PENETRATE_PHYSICS(0.3)\nADD_MULTIPLY_POWERDAM(0.1)				0	
24217	999	0		0.0				ADD_AC_MAGIC(0.5)\nADD_PENETRATE_PHYSICS(0.3)\nADD_ABSORB_POWERDAM(0.1)				0	
24218	999	0		0.0				ADD_AC_MAGIC(0.5)\nADD_PENETRATE_PHYSICS(0.3)\nADD_ABSORB_SHIELD(0.1)				0	
24219	999	0		0.0				ADD_AC_MAGIC(0.5)\nADD_PENETRATE_MAGIC(0.3)\nADD_STRENGH(0.14)				0	
24220	999	0		0.0				ADD_AC_MAGIC(0.5)\nADD_PENETRATE_MAGIC(0.3)\nADD_CONSITUTION(0.14)				0	
24221	999	0		0.0				ADD_AC_MAGIC(0.5)\nADD_PENETRATE_MAGIC(0.3)\nADD_AGILITY(0.14)				0	
24222	999	0		0.0				ADD_AC_MAGIC(0.5)\nADD_PENETRATE_MAGIC(0.3)\nADD_PERCEPTION(0.14)				0	
24223	999	0		0.0				ADD_AC_MAGIC(0.5)\nADD_PENETRATE_MAGIC(0.3)\nADD_INTELLECT(0.14)				0	
24224	999	0		0.0				ADD_AC_MAGIC(0.5)\nADD_PENETRATE_MAGIC(0.3)\nADD_ANTI_POWERHIT(0.01)				0	
24225	999	0		0.0				ADD_AC_MAGIC(0.5)\nADD_PENETRATE_MAGIC(0.3)\nADD_MULTIPLY_POWERDAM(0.1)				0	
24226	999	0		0.0				ADD_AC_MAGIC(0.5)\nADD_PENETRATE_MAGIC(0.3)\nADD_ABSORB_POWERDAM(0.1)				0	
24227	999	0		0.0				ADD_AC_MAGIC(0.5)\nADD_PENETRATE_MAGIC(0.3)\nADD_ABSORB_SHIELD(0.1)				0	
24228	999	0		0.0				ADD_AC_MAGIC(0.5)\nADD_HITRATE(0.006)\nADD_STRENGH(0.14)				0	
24229	999	0		0.0				ADD_AC_MAGIC(0.5)\nADD_HITRATE(0.006)\nADD_CONSITUTION(0.14)				0	
24230	999	0		0.0				ADD_AC_MAGIC(0.5)\nADD_HITRATE(0.006)\nADD_AGILITY(0.14)				0	
24231	999	0		0.0				ADD_AC_MAGIC(0.5)\nADD_HITRATE(0.006)\nADD_PERCEPTION(0.14)				0	
24232	999	0		0.0				ADD_AC_MAGIC(0.5)\nADD_HITRATE(0.006)\nADD_INTELLECT(0.14)				0	
24233	999	0		0.0				ADD_AC_MAGIC(0.5)\nADD_HITRATE(0.006)\nADD_ANTI_POWERHIT(0.01)				0	
24234	999	0		0.0				ADD_AC_MAGIC(0.5)\nADD_HITRATE(0.006)\nADD_MULTIPLY_POWERDAM(0.1)				0	
24235	999	0		0.0				ADD_AC_MAGIC(0.5)\nADD_HITRATE(0.006)\nADD_ABSORB_POWERDAM(0.1)				0	
24236	999	0		0.0				ADD_AC_MAGIC(0.5)\nADD_HITRATE(0.006)\nADD_ABSORB_SHIELD(0.1)				0	
24237	999	0		0.0				ADD_AC_MAGIC(0.5)\nADD_DODGE(0.006)\nADD_STRENGH(0.14)				0	
24238	999	0		0.0				ADD_AC_MAGIC(0.5)\nADD_DODGE(0.006)\nADD_CONSITUTION(0.14)				0	
24239	999	0		0.0				ADD_AC_MAGIC(0.5)\nADD_DODGE(0.006)\nADD_AGILITY(0.14)				0	
24240	999	0		0.0				ADD_AC_MAGIC(0.5)\nADD_DODGE(0.006)\nADD_PERCEPTION(0.14)				0	
24241	999	0		0.0				ADD_AC_MAGIC(0.5)\nADD_DODGE(0.006)\nADD_INTELLECT(0.14)				0	
24242	999	0		0.0				ADD_AC_MAGIC(0.5)\nADD_DODGE(0.006)\nADD_ANTI_POWERHIT(0.01)				0	
24243	999	0		0.0				ADD_AC_MAGIC(0.5)\nADD_DODGE(0.006)\nADD_MULTIPLY_POWERDAM(0.1)				0	
24244	999	0		0.0				ADD_AC_MAGIC(0.5)\nADD_DODGE(0.006)\nADD_ABSORB_POWERDAM(0.1)				0	
24245	999	0		0.0				ADD_AC_MAGIC(0.5)\nADD_DODGE(0.006)\nADD_ABSORB_SHIELD(0.1)				0	
24246	999	0		0.0				ADD_AC_MAGIC(0.5)\nADD_POWERHIT(0.006)\nADD_STRENGH(0.14)				0	
24247	999	0		0.0				ADD_AC_MAGIC(0.5)\nADD_POWERHIT(0.006)\nADD_CONSITUTION(0.14)				0	
24248	999	0		0.0				ADD_AC_MAGIC(0.5)\nADD_POWERHIT(0.006)\nADD_AGILITY(0.14)				0	
24249	999	0		0.0				ADD_AC_MAGIC(0.5)\nADD_POWERHIT(0.006)\nADD_PERCEPTION(0.14)				0	
24250	999	0		0.0				ADD_AC_MAGIC(0.5)\nADD_POWERHIT(0.006)\nADD_INTELLECT(0.14)				0	
24251	999	0		0.0				ADD_AC_MAGIC(0.5)\nADD_POWERHIT(0.006)\nADD_ANTI_POWERHIT(0.01)				0	
24252	999	0		0.0				ADD_AC_MAGIC(0.5)\nADD_POWERHIT(0.006)\nADD_MULTIPLY_POWERDAM(0.1)				0	
24253	999	0		0.0				ADD_AC_MAGIC(0.5)\nADD_POWERHIT(0.006)\nADD_ABSORB_POWERDAM(0.1)				0	
24254	999	0		0.0				ADD_AC_MAGIC(0.5)\nADD_POWERHIT(0.006)\nADD_ABSORB_SHIELD(0.1)				0	
24255	999	0		0.0				ADD_AC_MAGIC(0.5)\nADD_STRENGH(0.14)\nADD_CONSITUTION(0.14)				0	
24256	999	0		0.0				ADD_AC_MAGIC(0.5)\nADD_STRENGH(0.14)\nADD_AGILITY(0.14)				0	
24257	999	0		0.0				ADD_AC_MAGIC(0.5)\nADD_STRENGH(0.14)\nADD_PERCEPTION(0.14)				0	
24258	999	0		0.0				ADD_AC_MAGIC(0.5)\nADD_STRENGH(0.14)\nADD_INTELLECT(0.14)				0	
24259	999	0		0.0				ADD_AC_MAGIC(0.5)\nADD_STRENGH(0.14)\nADD_ANTI_POWERHIT(0.01)				0	
24260	999	0		0.0				ADD_AC_MAGIC(0.5)\nADD_STRENGH(0.14)\nADD_MULTIPLY_POWERDAM(0.1)				0	
24261	999	0		0.0				ADD_AC_MAGIC(0.5)\nADD_STRENGH(0.14)\nADD_ABSORB_POWERDAM(0.1)				0	
24262	999	0		0.0				ADD_AC_MAGIC(0.5)\nADD_STRENGH(0.14)\nADD_ABSORB_SHIELD(0.1)				0	
24263	999	0		0.0				ADD_AC_MAGIC(0.5)\nADD_CONSITUTION(0.14)\nADD_STRENGH(0.14)				0	
24264	999	0		0.0				ADD_AC_MAGIC(0.5)\nADD_CONSITUTION(0.14)\nADD_AGILITY(0.14)				0	
24265	999	0		0.0				ADD_AC_MAGIC(0.5)\nADD_CONSITUTION(0.14)\nADD_PERCEPTION(0.14)				0	
24266	999	0		0.0				ADD_AC_MAGIC(0.5)\nADD_CONSITUTION(0.14)\nADD_INTELLECT(0.14)				0	
24267	999	0		0.0				ADD_AC_MAGIC(0.5)\nADD_CONSITUTION(0.14)\nADD_ANTI_POWERHIT(0.01)				0	
24268	999	0		0.0				ADD_AC_MAGIC(0.5)\nADD_CONSITUTION(0.14)\nADD_MULTIPLY_POWERDAM(0.1)				0	
24269	999	0		0.0				ADD_AC_MAGIC(0.5)\nADD_CONSITUTION(0.14)\nADD_ABSORB_POWERDAM(0.1)				0	
24270	999	0		0.0				ADD_AC_MAGIC(0.5)\nADD_CONSITUTION(0.14)\nADD_ABSORB_SHIELD(0.1)				0	
24271	999	0		0.0				ADD_AC_MAGIC(0.5)\nADD_AGILITY(0.14)\nADD_STRENGH(0.14)				0	
24272	999	0		0.0				ADD_AC_MAGIC(0.5)\nADD_AGILITY(0.14)\nADD_CONSITUTION(0.14)				0	
24273	999	0		0.0				ADD_AC_MAGIC(0.5)\nADD_AGILITY(0.14)\nADD_PERCEPTION(0.14)				0	
24274	999	0		0.0				ADD_AC_MAGIC(0.5)\nADD_AGILITY(0.14)\nADD_INTELLECT(0.14)				0	
24275	999	0		0.0				ADD_AC_MAGIC(0.5)\nADD_AGILITY(0.14)\nADD_ANTI_POWERHIT(0.01)				0	
24276	999	0		0.0				ADD_AC_MAGIC(0.5)\nADD_AGILITY(0.14)\nADD_MULTIPLY_POWERDAM(0.1)				0	
24277	999	0		0.0				ADD_AC_MAGIC(0.5)\nADD_AGILITY(0.14)\nADD_ABSORB_POWERDAM(0.1)				0	
24278	999	0		0.0				ADD_AC_MAGIC(0.5)\nADD_AGILITY(0.14)\nADD_ABSORB_SHIELD(0.1)				0	
24279	999	0		0.0				ADD_AC_MAGIC(0.5)\nADD_PERCEPTION(0.14)\nADD_STRENGH(0.14)				0	
24280	999	0		0.0				ADD_AC_MAGIC(0.5)\nADD_PERCEPTION(0.14)\nADD_CONSITUTION(0.14)				0	
24281	999	0		0.0				ADD_AC_MAGIC(0.5)\nADD_PERCEPTION(0.14)\nADD_AGILITY(0.14)				0	
24282	999	0		0.0				ADD_AC_MAGIC(0.5)\nADD_PERCEPTION(0.14)\nADD_INTELLECT(0.14)				0	
24283	999	0		0.0				ADD_AC_MAGIC(0.5)\nADD_PERCEPTION(0.14)\nADD_ANTI_POWERHIT(0.01)				0	
24284	999	0		0.0				ADD_AC_MAGIC(0.5)\nADD_PERCEPTION(0.14)\nADD_MULTIPLY_POWERDAM(0.1)				0	
24285	999	0		0.0				ADD_AC_MAGIC(0.5)\nADD_PERCEPTION(0.14)\nADD_ABSORB_POWERDAM(0.1)				0	
24286	999	0		0.0				ADD_AC_MAGIC(0.5)\nADD_PERCEPTION(0.14)\nADD_ABSORB_SHIELD(0.1)				0	
24287	999	0		0.0				ADD_AC_MAGIC(0.5)\nADD_INTELLECT(0.14)\nADD_STRENGH(0.14)				0	
24288	999	0		0.0				ADD_AC_MAGIC(0.5)\nADD_INTELLECT(0.14)\nADD_CONSITUTION(0.14)				0	
24289	999	0		0.0				ADD_AC_MAGIC(0.5)\nADD_INTELLECT(0.14)\nADD_AGILITY(0.14)				0	
24290	999	0		0.0				ADD_AC_MAGIC(0.5)\nADD_INTELLECT(0.14)\nADD_PERCEPTION(0.14)				0	
24291	999	0		0.0				ADD_AC_MAGIC(0.5)\nADD_INTELLECT(0.14)\nADD_ANTI_POWERHIT(0.01)				0	
24292	999	0		0.0				ADD_AC_MAGIC(0.5)\nADD_INTELLECT(0.14)\nADD_MULTIPLY_POWERDAM(0.1)				0	
24293	999	0		0.0				ADD_AC_MAGIC(0.5)\nADD_INTELLECT(0.14)\nADD_ABSORB_POWERDAM(0.1)				0	
24294	999	0		0.0				ADD_AC_MAGIC(0.5)\nADD_INTELLECT(0.14)\nADD_ABSORB_SHIELD(0.1)				0	
24295	999	0		0.0				ADD_AC_MAGIC(0.5)\nADD_HPMAX(0.18)\nADD_STRENGH(0.14)				0	
24296	999	0		0.0				ADD_AC_MAGIC(0.5)\nADD_HPMAX(0.18)\nADD_CONSITUTION(0.14)				0	
24297	999	0		0.0				ADD_AC_MAGIC(0.5)\nADD_HPMAX(0.18)\nADD_AGILITY(0.14)				0	
24298	999	0		0.0				ADD_AC_MAGIC(0.5)\nADD_HPMAX(0.18)\nADD_PERCEPTION(0.14)				0	
24299	999	0		0.0				ADD_AC_MAGIC(0.5)\nADD_HPMAX(0.18)\nADD_INTELLECT(0.14)				0	
24300	999	0		0.0				ADD_AC_MAGIC(0.5)\nADD_HPMAX(0.18)\nADD_ANTI_POWERHIT(0.01)				0	
24301	999	0		0.0				ADD_AC_MAGIC(0.5)\nADD_HPMAX(0.18)\nADD_MULTIPLY_POWERDAM(0.1)				0	
24302	999	0		0.0				ADD_AC_MAGIC(0.5)\nADD_HPMAX(0.18)\nADD_ABSORB_POWERDAM(0.1)				0	
24303	999	0		0.0				ADD_AC_MAGIC(0.5)\nADD_HPMAX(0.18)\nADD_ABSORB_SHIELD(0.1)				0	
24304	999	0		0.0				ADD_AC_MAGIC(0.5)\nADD_DAMMIPHYSICS(0.15)\nADD_STRENGH(0.14)				0	
24305	999	0		0.0				ADD_AC_MAGIC(0.5)\nADD_DAMMIPHYSICS(0.15)\nADD_CONSITUTION(0.14)				0	
24306	999	0		0.0				ADD_AC_MAGIC(0.5)\nADD_DAMMIPHYSICS(0.15)\nADD_AGILITY(0.14)				0	
24307	999	0		0.0				ADD_AC_MAGIC(0.5)\nADD_DAMMIPHYSICS(0.15)\nADD_PERCEPTION(0.14)				0	
24308	999	0		0.0				ADD_AC_MAGIC(0.5)\nADD_DAMMIPHYSICS(0.15)\nADD_INTELLECT(0.14)				0	
24309	999	0		0.0				ADD_AC_MAGIC(0.5)\nADD_DAMMIPHYSICS(0.15)\nADD_ANTI_POWERHIT(0.01)				0	
24310	999	0		0.0				ADD_AC_MAGIC(0.5)\nADD_DAMMIPHYSICS(0.15)\nADD_MULTIPLY_POWERDAM(0.1)				0	
24311	999	0		0.0				ADD_AC_MAGIC(0.5)\nADD_DAMMIPHYSICS(0.15)\nADD_ABSORB_POWERDAM(0.1)				0	
24312	999	0		0.0				ADD_AC_MAGIC(0.5)\nADD_DAMMIPHYSICS(0.15)\nADD_ABSORB_SHIELD(0.1)				0	
24313	999	0		0.0				ADD_AC_MAGIC(0.5)\nADD_DAMMIMAGIC(0.15)\nADD_STRENGH(0.14)				0	
24314	999	0		0.0				ADD_AC_MAGIC(0.5)\nADD_DAMMIMAGIC(0.15)\nADD_CONSITUTION(0.14)				0	
24315	999	0		0.0				ADD_AC_MAGIC(0.5)\nADD_DAMMIMAGIC(0.15)\nADD_AGILITY(0.14)				0	
24316	999	0		0.0				ADD_AC_MAGIC(0.5)\nADD_DAMMIMAGIC(0.15)\nADD_PERCEPTION(0.14)				0	
24317	999	0		0.0				ADD_AC_MAGIC(0.5)\nADD_DAMMIMAGIC(0.15)\nADD_INTELLECT(0.14)				0	
24318	999	0		0.0				ADD_AC_MAGIC(0.5)\nADD_DAMMIMAGIC(0.15)\nADD_ANTI_POWERHIT(0.01)				0	
24319	999	0		0.0				ADD_AC_MAGIC(0.5)\nADD_DAMMIMAGIC(0.15)\nADD_MULTIPLY_POWERDAM(0.1)				0	
24320	999	0		0.0				ADD_AC_MAGIC(0.5)\nADD_DAMMIMAGIC(0.15)\nADD_ABSORB_POWERDAM(0.1)				0	
24321	999	0		0.0				ADD_AC_MAGIC(0.5)\nADD_DAMMIMAGIC(0.15)\nADD_ABSORB_SHIELD(0.1)				0	
24322	999	0		0.0				ADD_AC_MAGIC(0.5)\nADD_AC_PHYSICS(0.5)\nADD_STRENGH(0.14)				0	
24323	999	0		0.0				ADD_AC_MAGIC(0.5)\nADD_AC_PHYSICS(0.5)\nADD_CONSITUTION(0.14)				0	
24324	999	0		0.0				ADD_AC_MAGIC(0.5)\nADD_AC_PHYSICS(0.5)\nADD_AGILITY(0.14)				0	
24325	999	0		0.0				ADD_AC_MAGIC(0.5)\nADD_AC_PHYSICS(0.5)\nADD_PERCEPTION(0.14)				0	
24326	999	0		0.0				ADD_AC_MAGIC(0.5)\nADD_AC_PHYSICS(0.5)\nADD_INTELLECT(0.14)				0	
24327	999	0		0.0				ADD_AC_MAGIC(0.5)\nADD_AC_PHYSICS(0.5)\nADD_ANTI_POWERHIT(0.01)				0	
24328	999	0		0.0				ADD_AC_MAGIC(0.5)\nADD_AC_PHYSICS(0.5)\nADD_MULTIPLY_POWERDAM(0.1)				0	
24329	999	0		0.0				ADD_AC_MAGIC(0.5)\nADD_AC_PHYSICS(0.5)\nADD_ABSORB_POWERDAM(0.1)				0	
24330	999	0		0.0				ADD_AC_MAGIC(0.5)\nADD_AC_PHYSICS(0.5)\nADD_ABSORB_SHIELD(0.1)				0	
24331	999	0		0.0				ADD_AC_MAGIC(0.5)\nADD_PENETRATE_PHYSICS(0.45)\nADD_STRENGH(0.14)				0	
24332	999	0		0.0				ADD_AC_MAGIC(0.5)\nADD_PENETRATE_PHYSICS(0.45)\nADD_CONSITUTION(0.14)				0	
24333	999	0		0.0				ADD_AC_MAGIC(0.5)\nADD_PENETRATE_PHYSICS(0.45)\nADD_AGILITY(0.14)				0	
24334	999	0		0.0				ADD_AC_MAGIC(0.5)\nADD_PENETRATE_PHYSICS(0.45)\nADD_PERCEPTION(0.14)				0	
24335	999	0		0.0				ADD_AC_MAGIC(0.5)\nADD_PENETRATE_PHYSICS(0.45)\nADD_INTELLECT(0.14)				0	
24336	999	0		0.0				ADD_AC_MAGIC(0.5)\nADD_PENETRATE_PHYSICS(0.45)\nADD_ANTI_POWERHIT(0.01)				0	
24337	999	0		0.0				ADD_AC_MAGIC(0.5)\nADD_PENETRATE_PHYSICS(0.45)\nADD_MULTIPLY_POWERDAM(0.1)				0	
24338	999	0		0.0				ADD_AC_MAGIC(0.5)\nADD_PENETRATE_PHYSICS(0.45)\nADD_ABSORB_POWERDAM(0.1)				0	
24339	999	0		0.0				ADD_AC_MAGIC(0.5)\nADD_PENETRATE_PHYSICS(0.45)\nADD_ABSORB_SHIELD(0.1)				0	
24340	999	0		0.0				ADD_AC_MAGIC(0.5)\nADD_PENETRATE_MAGIC(0.45)\nADD_STRENGH(0.14)				0	
24341	999	0		0.0				ADD_AC_MAGIC(0.5)\nADD_PENETRATE_MAGIC(0.45)\nADD_CONSITUTION(0.14)				0	
24342	999	0		0.0				ADD_AC_MAGIC(0.5)\nADD_PENETRATE_MAGIC(0.45)\nADD_AGILITY(0.14)				0	
24343	999	0		0.0				ADD_AC_MAGIC(0.5)\nADD_PENETRATE_MAGIC(0.45)\nADD_PERCEPTION(0.14)				0	
24344	999	0		0.0				ADD_AC_MAGIC(0.5)\nADD_PENETRATE_MAGIC(0.45)\nADD_INTELLECT(0.14)				0	
24345	999	0		0.0				ADD_AC_MAGIC(0.5)\nADD_PENETRATE_MAGIC(0.45)\nADD_ANTI_POWERHIT(0.01)				0	
24346	999	0		0.0				ADD_AC_MAGIC(0.5)\nADD_PENETRATE_MAGIC(0.45)\nADD_MULTIPLY_POWERDAM(0.1)				0	
24347	999	0		0.0				ADD_AC_MAGIC(0.5)\nADD_PENETRATE_MAGIC(0.45)\nADD_ABSORB_POWERDAM(0.1)				0	
24348	999	0		0.0				ADD_AC_MAGIC(0.5)\nADD_PENETRATE_MAGIC(0.45)\nADD_ABSORB_SHIELD(0.1)				0	
24349	999	0		0.0				ADD_AC_MAGIC(0.5)\nADD_HITRATE(0.01)\nADD_STRENGH(0.14)				0	
24350	999	0		0.0				ADD_AC_MAGIC(0.5)\nADD_HITRATE(0.01)\nADD_CONSITUTION(0.14)				0	
24351	999	0		0.0				ADD_AC_MAGIC(0.5)\nADD_HITRATE(0.01)\nADD_AGILITY(0.14)				0	
24352	999	0		0.0				ADD_AC_MAGIC(0.5)\nADD_HITRATE(0.01)\nADD_PERCEPTION(0.14)				0	
24353	999	0		0.0				ADD_AC_MAGIC(0.5)\nADD_HITRATE(0.01)\nADD_INTELLECT(0.14)				0	
24354	999	0		0.0				ADD_AC_MAGIC(0.5)\nADD_HITRATE(0.01)\nADD_ANTI_POWERHIT(0.01)				0	
24355	999	0		0.0				ADD_AC_MAGIC(0.5)\nADD_HITRATE(0.01)\nADD_MULTIPLY_POWERDAM(0.1)				0	
24356	999	0		0.0				ADD_AC_MAGIC(0.5)\nADD_HITRATE(0.01)\nADD_ABSORB_POWERDAM(0.1)				0	
24357	999	0		0.0				ADD_AC_MAGIC(0.5)\nADD_HITRATE(0.01)\nADD_ABSORB_SHIELD(0.1)				0	
24358	999	0		0.0				ADD_AC_MAGIC(0.5)\nADD_DODGE(0.01)\nADD_STRENGH(0.14)				0	
24359	999	0		0.0				ADD_AC_MAGIC(0.5)\nADD_DODGE(0.01)\nADD_CONSITUTION(0.14)				0	
24360	999	0		0.0				ADD_AC_MAGIC(0.5)\nADD_DODGE(0.01)\nADD_AGILITY(0.14)				0	
24361	999	0		0.0				ADD_AC_MAGIC(0.5)\nADD_DODGE(0.01)\nADD_PERCEPTION(0.14)				0	
24362	999	0		0.0				ADD_AC_MAGIC(0.5)\nADD_DODGE(0.01)\nADD_INTELLECT(0.14)				0	
24363	999	0		0.0				ADD_AC_MAGIC(0.5)\nADD_DODGE(0.01)\nADD_ANTI_POWERHIT(0.01)				0	
24364	999	0		0.0				ADD_AC_MAGIC(0.5)\nADD_DODGE(0.01)\nADD_MULTIPLY_POWERDAM(0.1)				0	
24365	999	0		0.0				ADD_AC_MAGIC(0.5)\nADD_DODGE(0.01)\nADD_ABSORB_POWERDAM(0.1)				0	
24366	999	0		0.0				ADD_AC_MAGIC(0.5)\nADD_DODGE(0.01)\nADD_ABSORB_SHIELD(0.1)				0	
24367	999	0		0.0				ADD_AC_MAGIC(0.5)\nADD_POWERHIT(0.01)\nADD_STRENGH(0.14)				0	
24368	999	0		0.0				ADD_AC_MAGIC(0.5)\nADD_POWERHIT(0.01)\nADD_CONSITUTION(0.14)				0	
24369	999	0		0.0				ADD_AC_MAGIC(0.5)\nADD_POWERHIT(0.01)\nADD_AGILITY(0.14)				0	
24370	999	0		0.0				ADD_AC_MAGIC(0.5)\nADD_POWERHIT(0.01)\nADD_PERCEPTION(0.14)				0	
24371	999	0		0.0				ADD_AC_MAGIC(0.5)\nADD_POWERHIT(0.01)\nADD_INTELLECT(0.14)				0	
24372	999	0		0.0				ADD_AC_MAGIC(0.5)\nADD_POWERHIT(0.01)\nADD_ANTI_POWERHIT(0.01)				0	
24373	999	0		0.0				ADD_AC_MAGIC(0.5)\nADD_POWERHIT(0.01)\nADD_MULTIPLY_POWERDAM(0.1)				0	
24374	999	0		0.0				ADD_AC_MAGIC(0.5)\nADD_POWERHIT(0.01)\nADD_ABSORB_POWERDAM(0.1)				0	
24375	999	0		0.0				ADD_AC_MAGIC(0.5)\nADD_POWERHIT(0.01)\nADD_ABSORB_SHIELD(0.1)				0	
24376	999	0		0.0				ADD_PENETRATE_PHYSICS(0.45)\nADD_STRENGH(0.04)\nADD_CONSITUTION(0.14)				0	
24377	999	0		0.0				ADD_PENETRATE_PHYSICS(0.45)\nADD_STRENGH(0.04)\nADD_AGILITY(0.14)				0	
24378	999	0		0.0				ADD_PENETRATE_PHYSICS(0.45)\nADD_STRENGH(0.04)\nADD_PERCEPTION(0.14)				0	
24379	999	0		0.0				ADD_PENETRATE_PHYSICS(0.45)\nADD_STRENGH(0.04)\nADD_INTELLECT(0.14)				0	
24380	999	0		0.0				ADD_PENETRATE_PHYSICS(0.45)\nADD_STRENGH(0.04)\nADD_ANTI_POWERHIT(0.01)				0	
24381	999	0		0.0				ADD_PENETRATE_PHYSICS(0.45)\nADD_STRENGH(0.04)\nADD_MULTIPLY_POWERDAM(0.1)				0	
24382	999	0		0.0				ADD_PENETRATE_PHYSICS(0.45)\nADD_STRENGH(0.04)\nADD_ABSORB_POWERDAM(0.1)				0	
24383	999	0		0.0				ADD_PENETRATE_PHYSICS(0.45)\nADD_STRENGH(0.04)\nADD_ABSORB_SHIELD(0.1)				0	
24384	999	0		0.0				ADD_PENETRATE_PHYSICS(0.45)\nADD_CONSITUTION(0.04)\nADD_STRENGH(0.14)				0	
24385	999	0		0.0				ADD_PENETRATE_PHYSICS(0.45)\nADD_CONSITUTION(0.04)\nADD_AGILITY(0.14)				0	
24386	999	0		0.0				ADD_PENETRATE_PHYSICS(0.45)\nADD_CONSITUTION(0.04)\nADD_PERCEPTION(0.14)				0	
24387	999	0		0.0				ADD_PENETRATE_PHYSICS(0.45)\nADD_CONSITUTION(0.04)\nADD_INTELLECT(0.14)				0	
24388	999	0		0.0				ADD_PENETRATE_PHYSICS(0.45)\nADD_CONSITUTION(0.04)\nADD_ANTI_POWERHIT(0.01)				0	
24389	999	0		0.0				ADD_PENETRATE_PHYSICS(0.45)\nADD_CONSITUTION(0.04)\nADD_MULTIPLY_POWERDAM(0.1)				0	
24390	999	0		0.0				ADD_PENETRATE_PHYSICS(0.45)\nADD_CONSITUTION(0.04)\nADD_ABSORB_POWERDAM(0.1)				0	
24391	999	0		0.0				ADD_PENETRATE_PHYSICS(0.45)\nADD_CONSITUTION(0.04)\nADD_ABSORB_SHIELD(0.1)				0	
24392	999	0		0.0				ADD_PENETRATE_PHYSICS(0.45)\nADD_AGILITY(0.04)\nADD_STRENGH(0.14)				0	
24393	999	0		0.0				ADD_PENETRATE_PHYSICS(0.45)\nADD_AGILITY(0.04)\nADD_CONSITUTION(0.14)				0	
24394	999	0		0.0				ADD_PENETRATE_PHYSICS(0.45)\nADD_AGILITY(0.04)\nADD_PERCEPTION(0.14)				0	
24395	999	0		0.0				ADD_PENETRATE_PHYSICS(0.45)\nADD_AGILITY(0.04)\nADD_INTELLECT(0.14)				0	
24396	999	0		0.0				ADD_PENETRATE_PHYSICS(0.45)\nADD_AGILITY(0.04)\nADD_ANTI_POWERHIT(0.01)				0	
24397	999	0		0.0				ADD_PENETRATE_PHYSICS(0.45)\nADD_AGILITY(0.04)\nADD_MULTIPLY_POWERDAM(0.1)				0	
24398	999	0		0.0				ADD_PENETRATE_PHYSICS(0.45)\nADD_AGILITY(0.04)\nADD_ABSORB_POWERDAM(0.1)				0	
24399	999	0		0.0				ADD_PENETRATE_PHYSICS(0.45)\nADD_AGILITY(0.04)\nADD_ABSORB_SHIELD(0.1)				0	
24400	999	0		0.0				ADD_PENETRATE_PHYSICS(0.45)\nADD_PERCEPTION(0.04)\nADD_STRENGH(0.14)				0	
24401	999	0		0.0				ADD_PENETRATE_PHYSICS(0.45)\nADD_PERCEPTION(0.04)\nADD_CONSITUTION(0.14)				0	
24402	999	0		0.0				ADD_PENETRATE_PHYSICS(0.45)\nADD_PERCEPTION(0.04)\nADD_AGILITY(0.14)				0	
24403	999	0		0.0				ADD_PENETRATE_PHYSICS(0.45)\nADD_PERCEPTION(0.04)\nADD_INTELLECT(0.14)				0	
24404	999	0		0.0				ADD_PENETRATE_PHYSICS(0.45)\nADD_PERCEPTION(0.04)\nADD_ANTI_POWERHIT(0.01)				0	
24405	999	0		0.0				ADD_PENETRATE_PHYSICS(0.45)\nADD_PERCEPTION(0.04)\nADD_MULTIPLY_POWERDAM(0.1)				0	
24406	999	0		0.0				ADD_PENETRATE_PHYSICS(0.45)\nADD_PERCEPTION(0.04)\nADD_ABSORB_POWERDAM(0.1)				0	
24407	999	0		0.0				ADD_PENETRATE_PHYSICS(0.45)\nADD_PERCEPTION(0.04)\nADD_ABSORB_SHIELD(0.1)				0	
24408	999	0		0.0				ADD_PENETRATE_PHYSICS(0.45)\nADD_INTELLECT(0.04)\nADD_STRENGH(0.14)				0	
24409	999	0		0.0				ADD_PENETRATE_PHYSICS(0.45)\nADD_INTELLECT(0.04)\nADD_CONSITUTION(0.14)				0	
24410	999	0		0.0				ADD_PENETRATE_PHYSICS(0.45)\nADD_INTELLECT(0.04)\nADD_AGILITY(0.14)				0	
24411	999	0		0.0				ADD_PENETRATE_PHYSICS(0.45)\nADD_INTELLECT(0.04)\nADD_PERCEPTION(0.14)				0	
24412	999	0		0.0				ADD_PENETRATE_PHYSICS(0.45)\nADD_INTELLECT(0.04)\nADD_ANTI_POWERHIT(0.01)				0	
24413	999	0		0.0				ADD_PENETRATE_PHYSICS(0.45)\nADD_INTELLECT(0.04)\nADD_MULTIPLY_POWERDAM(0.1)				0	
24414	999	0		0.0				ADD_PENETRATE_PHYSICS(0.45)\nADD_INTELLECT(0.04)\nADD_ABSORB_POWERDAM(0.1)				0	
24415	999	0		0.0				ADD_PENETRATE_PHYSICS(0.45)\nADD_INTELLECT(0.04)\nADD_ABSORB_SHIELD(0.1)				0	
24416	999	0		0.0				ADD_PENETRATE_PHYSICS(0.45)\nADD_HPMAX(0.06)\nADD_STRENGH(0.14)				0	
24417	999	0		0.0				ADD_PENETRATE_PHYSICS(0.45)\nADD_HPMAX(0.06)\nADD_CONSITUTION(0.14)				0	
24418	999	0		0.0				ADD_PENETRATE_PHYSICS(0.45)\nADD_HPMAX(0.06)\nADD_AGILITY(0.14)				0	
24419	999	0		0.0				ADD_PENETRATE_PHYSICS(0.45)\nADD_HPMAX(0.06)\nADD_PERCEPTION(0.14)				0	
24420	999	0		0.0				ADD_PENETRATE_PHYSICS(0.45)\nADD_HPMAX(0.06)\nADD_INTELLECT(0.14)				0	
24421	999	0		0.0				ADD_PENETRATE_PHYSICS(0.45)\nADD_HPMAX(0.06)\nADD_ANTI_POWERHIT(0.01)				0	
24422	999	0		0.0				ADD_PENETRATE_PHYSICS(0.45)\nADD_HPMAX(0.06)\nADD_MULTIPLY_POWERDAM(0.1)				0	
24423	999	0		0.0				ADD_PENETRATE_PHYSICS(0.45)\nADD_HPMAX(0.06)\nADD_ABSORB_POWERDAM(0.1)				0	
24424	999	0		0.0				ADD_PENETRATE_PHYSICS(0.45)\nADD_HPMAX(0.06)\nADD_ABSORB_SHIELD(0.1)				0	
24425	999	0		0.0				ADD_PENETRATE_PHYSICS(0.45)\nADD_DAMMIPHYSICS(0.05)\nADD_STRENGH(0.14)				0	
24426	999	0		0.0				ADD_PENETRATE_PHYSICS(0.45)\nADD_DAMMIPHYSICS(0.05)\nADD_CONSITUTION(0.14)				0	
24427	999	0		0.0				ADD_PENETRATE_PHYSICS(0.45)\nADD_DAMMIPHYSICS(0.05)\nADD_AGILITY(0.14)				0	
24428	999	0		0.0				ADD_PENETRATE_PHYSICS(0.45)\nADD_DAMMIPHYSICS(0.05)\nADD_PERCEPTION(0.14)				0	
24429	999	0		0.0				ADD_PENETRATE_PHYSICS(0.45)\nADD_DAMMIPHYSICS(0.05)\nADD_INTELLECT(0.14)				0	
24430	999	0		0.0				ADD_PENETRATE_PHYSICS(0.45)\nADD_DAMMIPHYSICS(0.05)\nADD_ANTI_POWERHIT(0.01)				0	
24431	999	0		0.0				ADD_PENETRATE_PHYSICS(0.45)\nADD_DAMMIPHYSICS(0.05)\nADD_MULTIPLY_POWERDAM(0.1)				0	
24432	999	0		0.0				ADD_PENETRATE_PHYSICS(0.45)\nADD_DAMMIPHYSICS(0.05)\nADD_ABSORB_POWERDAM(0.1)				0	
24433	999	0		0.0				ADD_PENETRATE_PHYSICS(0.45)\nADD_DAMMIPHYSICS(0.05)\nADD_ABSORB_SHIELD(0.1)				0	
24434	999	0		0.0				ADD_PENETRATE_PHYSICS(0.45)\nADD_DAMMIMAGIC(0.05)\nADD_STRENGH(0.14)				0	
24435	999	0		0.0				ADD_PENETRATE_PHYSICS(0.45)\nADD_DAMMIMAGIC(0.05)\nADD_CONSITUTION(0.14)				0	
24436	999	0		0.0				ADD_PENETRATE_PHYSICS(0.45)\nADD_DAMMIMAGIC(0.05)\nADD_AGILITY(0.14)				0	
24437	999	0		0.0				ADD_PENETRATE_PHYSICS(0.45)\nADD_DAMMIMAGIC(0.05)\nADD_PERCEPTION(0.14)				0	
24438	999	0		0.0				ADD_PENETRATE_PHYSICS(0.45)\nADD_DAMMIMAGIC(0.05)\nADD_INTELLECT(0.14)				0	
24439	999	0		0.0				ADD_PENETRATE_PHYSICS(0.45)\nADD_DAMMIMAGIC(0.05)\nADD_ANTI_POWERHIT(0.01)				0	
24440	999	0		0.0				ADD_PENETRATE_PHYSICS(0.45)\nADD_DAMMIMAGIC(0.05)\nADD_MULTIPLY_POWERDAM(0.1)				0	
24441	999	0		0.0				ADD_PENETRATE_PHYSICS(0.45)\nADD_DAMMIMAGIC(0.05)\nADD_ABSORB_POWERDAM(0.1)				0	
24442	999	0		0.0				ADD_PENETRATE_PHYSICS(0.45)\nADD_DAMMIMAGIC(0.05)\nADD_ABSORB_SHIELD(0.1)				0	
24443	999	0		0.0				ADD_PENETRATE_PHYSICS(0.45)\nADD_AC_PHYSICS(0.16)\nADD_STRENGH(0.14)				0	
24444	999	0		0.0				ADD_PENETRATE_PHYSICS(0.45)\nADD_AC_PHYSICS(0.16)\nADD_CONSITUTION(0.14)				0	
24445	999	0		0.0				ADD_PENETRATE_PHYSICS(0.45)\nADD_AC_PHYSICS(0.16)\nADD_AGILITY(0.14)				0	
24446	999	0		0.0				ADD_PENETRATE_PHYSICS(0.45)\nADD_AC_PHYSICS(0.16)\nADD_PERCEPTION(0.14)				0	
24447	999	0		0.0				ADD_PENETRATE_PHYSICS(0.45)\nADD_AC_PHYSICS(0.16)\nADD_INTELLECT(0.14)				0	
24448	999	0		0.0				ADD_PENETRATE_PHYSICS(0.45)\nADD_AC_PHYSICS(0.16)\nADD_ANTI_POWERHIT(0.01)				0	
24449	999	0		0.0				ADD_PENETRATE_PHYSICS(0.45)\nADD_AC_PHYSICS(0.16)\nADD_MULTIPLY_POWERDAM(0.1)				0	
24450	999	0		0.0				ADD_PENETRATE_PHYSICS(0.45)\nADD_AC_PHYSICS(0.16)\nADD_ABSORB_POWERDAM(0.1)				0	
24451	999	0		0.0				ADD_PENETRATE_PHYSICS(0.45)\nADD_AC_PHYSICS(0.16)\nADD_ABSORB_SHIELD(0.1)				0	
24452	999	0		0.0				ADD_PENETRATE_PHYSICS(0.45)\nADD_AC_MAGIC(0.16)\nADD_STRENGH(0.14)				0	
24453	999	0		0.0				ADD_PENETRATE_PHYSICS(0.45)\nADD_AC_MAGIC(0.16)\nADD_CONSITUTION(0.14)				0	
24454	999	0		0.0				ADD_PENETRATE_PHYSICS(0.45)\nADD_AC_MAGIC(0.16)\nADD_AGILITY(0.14)				0	
24455	999	0		0.0				ADD_PENETRATE_PHYSICS(0.45)\nADD_AC_MAGIC(0.16)\nADD_PERCEPTION(0.14)				0	
24456	999	0		0.0				ADD_PENETRATE_PHYSICS(0.45)\nADD_AC_MAGIC(0.16)\nADD_INTELLECT(0.14)				0	
24457	999	0		0.0				ADD_PENETRATE_PHYSICS(0.45)\nADD_AC_MAGIC(0.16)\nADD_ANTI_POWERHIT(0.01)				0	
24458	999	0		0.0				ADD_PENETRATE_PHYSICS(0.45)\nADD_AC_MAGIC(0.16)\nADD_MULTIPLY_POWERDAM(0.1)				0	
24459	999	0		0.0				ADD_PENETRATE_PHYSICS(0.45)\nADD_AC_MAGIC(0.16)\nADD_ABSORB_POWERDAM(0.1)				0	
24460	999	0		0.0				ADD_PENETRATE_PHYSICS(0.45)\nADD_AC_MAGIC(0.16)\nADD_ABSORB_SHIELD(0.1)				0	
24461	999	0		0.0				ADD_PENETRATE_PHYSICS(0.45)\nADD_PENETRATE_MAGIC(0.15)\nADD_STRENGH(0.14)				0	
24462	999	0		0.0				ADD_PENETRATE_PHYSICS(0.45)\nADD_PENETRATE_MAGIC(0.15)\nADD_CONSITUTION(0.14)				0	
24463	999	0		0.0				ADD_PENETRATE_PHYSICS(0.45)\nADD_PENETRATE_MAGIC(0.15)\nADD_AGILITY(0.14)				0	
24464	999	0		0.0				ADD_PENETRATE_PHYSICS(0.45)\nADD_PENETRATE_MAGIC(0.15)\nADD_PERCEPTION(0.14)				0	
24465	999	0		0.0				ADD_PENETRATE_PHYSICS(0.45)\nADD_PENETRATE_MAGIC(0.15)\nADD_INTELLECT(0.14)				0	
24466	999	0		0.0				ADD_PENETRATE_PHYSICS(0.45)\nADD_PENETRATE_MAGIC(0.15)\nADD_ANTI_POWERHIT(0.01)				0	
24467	999	0		0.0				ADD_PENETRATE_PHYSICS(0.45)\nADD_PENETRATE_MAGIC(0.15)\nADD_MULTIPLY_POWERDAM(0.1)				0	
24468	999	0		0.0				ADD_PENETRATE_PHYSICS(0.45)\nADD_PENETRATE_MAGIC(0.15)\nADD_ABSORB_POWERDAM(0.1)				0	
24469	999	0		0.0				ADD_PENETRATE_PHYSICS(0.45)\nADD_PENETRATE_MAGIC(0.15)\nADD_ABSORB_SHIELD(0.1)				0	
24470	999	0		0.0				ADD_PENETRATE_PHYSICS(0.45)\nADD_HITRATE(0.003)\nADD_STRENGH(0.14)				0	
24471	999	0		0.0				ADD_PENETRATE_PHYSICS(0.45)\nADD_HITRATE(0.003)\nADD_CONSITUTION(0.14)				0	
24472	999	0		0.0				ADD_PENETRATE_PHYSICS(0.45)\nADD_HITRATE(0.003)\nADD_AGILITY(0.14)				0	
24473	999	0		0.0				ADD_PENETRATE_PHYSICS(0.45)\nADD_HITRATE(0.003)\nADD_PERCEPTION(0.14)				0	
24474	999	0		0.0				ADD_PENETRATE_PHYSICS(0.45)\nADD_HITRATE(0.003)\nADD_INTELLECT(0.14)				0	
24475	999	0		0.0				ADD_PENETRATE_PHYSICS(0.45)\nADD_HITRATE(0.003)\nADD_ANTI_POWERHIT(0.01)				0	
24476	999	0		0.0				ADD_PENETRATE_PHYSICS(0.45)\nADD_HITRATE(0.003)\nADD_MULTIPLY_POWERDAM(0.1)				0	
24477	999	0		0.0				ADD_PENETRATE_PHYSICS(0.45)\nADD_HITRATE(0.003)\nADD_ABSORB_POWERDAM(0.1)				0	
24478	999	0		0.0				ADD_PENETRATE_PHYSICS(0.45)\nADD_HITRATE(0.003)\nADD_ABSORB_SHIELD(0.1)				0	
24479	999	0		0.0				ADD_PENETRATE_PHYSICS(0.45)\nADD_DODGE(0.003)\nADD_STRENGH(0.14)				0	
24480	999	0		0.0				ADD_PENETRATE_PHYSICS(0.45)\nADD_DODGE(0.003)\nADD_CONSITUTION(0.14)				0	
24481	999	0		0.0				ADD_PENETRATE_PHYSICS(0.45)\nADD_DODGE(0.003)\nADD_AGILITY(0.14)				0	
24482	999	0		0.0				ADD_PENETRATE_PHYSICS(0.45)\nADD_DODGE(0.003)\nADD_PERCEPTION(0.14)				0	
24483	999	0		0.0				ADD_PENETRATE_PHYSICS(0.45)\nADD_DODGE(0.003)\nADD_INTELLECT(0.14)				0	
24484	999	0		0.0				ADD_PENETRATE_PHYSICS(0.45)\nADD_DODGE(0.003)\nADD_ANTI_POWERHIT(0.01)				0	
24485	999	0		0.0				ADD_PENETRATE_PHYSICS(0.45)\nADD_DODGE(0.003)\nADD_MULTIPLY_POWERDAM(0.1)				0	
24486	999	0		0.0				ADD_PENETRATE_PHYSICS(0.45)\nADD_DODGE(0.003)\nADD_ABSORB_POWERDAM(0.1)				0	
24487	999	0		0.0				ADD_PENETRATE_PHYSICS(0.45)\nADD_DODGE(0.003)\nADD_ABSORB_SHIELD(0.1)				0	
24488	999	0		0.0				ADD_PENETRATE_PHYSICS(0.45)\nADD_POWERHIT(0.003)\nADD_STRENGH(0.14)				0	
24489	999	0		0.0				ADD_PENETRATE_PHYSICS(0.45)\nADD_POWERHIT(0.003)\nADD_CONSITUTION(0.14)				0	
24490	999	0		0.0				ADD_PENETRATE_PHYSICS(0.45)\nADD_POWERHIT(0.003)\nADD_AGILITY(0.14)				0	
24491	999	0		0.0				ADD_PENETRATE_PHYSICS(0.45)\nADD_POWERHIT(0.003)\nADD_PERCEPTION(0.14)				0	
24492	999	0		0.0				ADD_PENETRATE_PHYSICS(0.45)\nADD_POWERHIT(0.003)\nADD_INTELLECT(0.14)				0	
24493	999	0		0.0				ADD_PENETRATE_PHYSICS(0.45)\nADD_POWERHIT(0.003)\nADD_ANTI_POWERHIT(0.01)				0	
24494	999	0		0.0				ADD_PENETRATE_PHYSICS(0.45)\nADD_POWERHIT(0.003)\nADD_MULTIPLY_POWERDAM(0.1)				0	
24495	999	0		0.0				ADD_PENETRATE_PHYSICS(0.45)\nADD_POWERHIT(0.003)\nADD_ABSORB_POWERDAM(0.1)				0	
24496	999	0		0.0				ADD_PENETRATE_PHYSICS(0.45)\nADD_POWERHIT(0.003)\nADD_ABSORB_SHIELD(0.1)				0	
24497	999	0		0.0				ADD_PENETRATE_PHYSICS(0.45)\nADD_STRENGH(0.09)\nADD_CONSITUTION(0.14)				0	
24498	999	0		0.0				ADD_PENETRATE_PHYSICS(0.45)\nADD_STRENGH(0.09)\nADD_AGILITY(0.14)				0	
24499	999	0		0.0				ADD_PENETRATE_PHYSICS(0.45)\nADD_STRENGH(0.09)\nADD_PERCEPTION(0.14)				0	
24500	999	0		0.0				ADD_PENETRATE_PHYSICS(0.45)\nADD_STRENGH(0.09)\nADD_INTELLECT(0.14)				0	
24501	999	0		0.0				ADD_PENETRATE_PHYSICS(0.45)\nADD_STRENGH(0.09)\nADD_ANTI_POWERHIT(0.01)				0	
24502	999	0		0.0				ADD_PENETRATE_PHYSICS(0.45)\nADD_STRENGH(0.09)\nADD_MULTIPLY_POWERDAM(0.1)				0	
24503	999	0		0.0				ADD_PENETRATE_PHYSICS(0.45)\nADD_STRENGH(0.09)\nADD_ABSORB_POWERDAM(0.1)				0	
24504	999	0		0.0				ADD_PENETRATE_PHYSICS(0.45)\nADD_STRENGH(0.09)\nADD_ABSORB_SHIELD(0.1)				0	
24505	999	0		0.0				ADD_PENETRATE_PHYSICS(0.45)\nADD_CONSITUTION(0.09)\nADD_STRENGH(0.14)				0	
24506	999	0		0.0				ADD_PENETRATE_PHYSICS(0.45)\nADD_CONSITUTION(0.09)\nADD_AGILITY(0.14)				0	
24507	999	0		0.0				ADD_PENETRATE_PHYSICS(0.45)\nADD_CONSITUTION(0.09)\nADD_PERCEPTION(0.14)				0	
24508	999	0		0.0				ADD_PENETRATE_PHYSICS(0.45)\nADD_CONSITUTION(0.09)\nADD_INTELLECT(0.14)				0	
24509	999	0		0.0				ADD_PENETRATE_PHYSICS(0.45)\nADD_CONSITUTION(0.09)\nADD_ANTI_POWERHIT(0.01)				0	
24510	999	0		0.0				ADD_PENETRATE_PHYSICS(0.45)\nADD_CONSITUTION(0.09)\nADD_MULTIPLY_POWERDAM(0.1)				0	
24511	999	0		0.0				ADD_PENETRATE_PHYSICS(0.45)\nADD_CONSITUTION(0.09)\nADD_ABSORB_POWERDAM(0.1)				0	
24512	999	0		0.0				ADD_PENETRATE_PHYSICS(0.45)\nADD_CONSITUTION(0.09)\nADD_ABSORB_SHIELD(0.1)				0	
24513	999	0		0.0				ADD_PENETRATE_PHYSICS(0.45)\nADD_AGILITY(0.09)\nADD_STRENGH(0.14)				0	
24514	999	0		0.0				ADD_PENETRATE_PHYSICS(0.45)\nADD_AGILITY(0.09)\nADD_CONSITUTION(0.14)				0	
24515	999	0		0.0				ADD_PENETRATE_PHYSICS(0.45)\nADD_AGILITY(0.09)\nADD_PERCEPTION(0.14)				0	
24516	999	0		0.0				ADD_PENETRATE_PHYSICS(0.45)\nADD_AGILITY(0.09)\nADD_INTELLECT(0.14)				0	
24517	999	0		0.0				ADD_PENETRATE_PHYSICS(0.45)\nADD_AGILITY(0.09)\nADD_ANTI_POWERHIT(0.01)				0	
24518	999	0		0.0				ADD_PENETRATE_PHYSICS(0.45)\nADD_AGILITY(0.09)\nADD_MULTIPLY_POWERDAM(0.1)				0	
24519	999	0		0.0				ADD_PENETRATE_PHYSICS(0.45)\nADD_AGILITY(0.09)\nADD_ABSORB_POWERDAM(0.1)				0	
24520	999	0		0.0				ADD_PENETRATE_PHYSICS(0.45)\nADD_AGILITY(0.09)\nADD_ABSORB_SHIELD(0.1)				0	
24521	999	0		0.0				ADD_PENETRATE_PHYSICS(0.45)\nADD_PERCEPTION(0.09)\nADD_STRENGH(0.14)				0	
24522	999	0		0.0				ADD_PENETRATE_PHYSICS(0.45)\nADD_PERCEPTION(0.09)\nADD_CONSITUTION(0.14)				0	
24523	999	0		0.0				ADD_PENETRATE_PHYSICS(0.45)\nADD_PERCEPTION(0.09)\nADD_AGILITY(0.14)				0	
24524	999	0		0.0				ADD_PENETRATE_PHYSICS(0.45)\nADD_PERCEPTION(0.09)\nADD_INTELLECT(0.14)				0	
24525	999	0		0.0				ADD_PENETRATE_PHYSICS(0.45)\nADD_PERCEPTION(0.09)\nADD_ANTI_POWERHIT(0.01)				0	
24526	999	0		0.0				ADD_PENETRATE_PHYSICS(0.45)\nADD_PERCEPTION(0.09)\nADD_MULTIPLY_POWERDAM(0.1)				0	
24527	999	0		0.0				ADD_PENETRATE_PHYSICS(0.45)\nADD_PERCEPTION(0.09)\nADD_ABSORB_POWERDAM(0.1)				0	
24528	999	0		0.0				ADD_PENETRATE_PHYSICS(0.45)\nADD_PERCEPTION(0.09)\nADD_ABSORB_SHIELD(0.1)				0	
24529	999	0		0.0				ADD_PENETRATE_PHYSICS(0.45)\nADD_INTELLECT(0.09)\nADD_STRENGH(0.14)				0	
24530	999	0		0.0				ADD_PENETRATE_PHYSICS(0.45)\nADD_INTELLECT(0.09)\nADD_CONSITUTION(0.14)				0	
24531	999	0		0.0				ADD_PENETRATE_PHYSICS(0.45)\nADD_INTELLECT(0.09)\nADD_AGILITY(0.14)				0	
24532	999	0		0.0				ADD_PENETRATE_PHYSICS(0.45)\nADD_INTELLECT(0.09)\nADD_PERCEPTION(0.14)				0	
24533	999	0		0.0				ADD_PENETRATE_PHYSICS(0.45)\nADD_INTELLECT(0.09)\nADD_ANTI_POWERHIT(0.01)				0	
24534	999	0		0.0				ADD_PENETRATE_PHYSICS(0.45)\nADD_INTELLECT(0.09)\nADD_MULTIPLY_POWERDAM(0.1)				0	
24535	999	0		0.0				ADD_PENETRATE_PHYSICS(0.45)\nADD_INTELLECT(0.09)\nADD_ABSORB_POWERDAM(0.1)				0	
24536	999	0		0.0				ADD_PENETRATE_PHYSICS(0.45)\nADD_INTELLECT(0.09)\nADD_ABSORB_SHIELD(0.1)				0	
24537	999	0		0.0				ADD_PENETRATE_PHYSICS(0.45)\nADD_HPMAX(0.12)\nADD_STRENGH(0.14)				0	
24538	999	0		0.0				ADD_PENETRATE_PHYSICS(0.45)\nADD_HPMAX(0.12)\nADD_CONSITUTION(0.14)				0	
24539	999	0		0.0				ADD_PENETRATE_PHYSICS(0.45)\nADD_HPMAX(0.12)\nADD_AGILITY(0.14)				0	
24540	999	0		0.0				ADD_PENETRATE_PHYSICS(0.45)\nADD_HPMAX(0.12)\nADD_PERCEPTION(0.14)				0	
24541	999	0		0.0				ADD_PENETRATE_PHYSICS(0.45)\nADD_HPMAX(0.12)\nADD_INTELLECT(0.14)				0	
24542	999	0		0.0				ADD_PENETRATE_PHYSICS(0.45)\nADD_HPMAX(0.12)\nADD_ANTI_POWERHIT(0.01)				0	
24543	999	0		0.0				ADD_PENETRATE_PHYSICS(0.45)\nADD_HPMAX(0.12)\nADD_MULTIPLY_POWERDAM(0.1)				0	
24544	999	0		0.0				ADD_PENETRATE_PHYSICS(0.45)\nADD_HPMAX(0.12)\nADD_ABSORB_POWERDAM(0.1)				0	
24545	999	0		0.0				ADD_PENETRATE_PHYSICS(0.45)\nADD_HPMAX(0.12)\nADD_ABSORB_SHIELD(0.1)				0	
24546	999	0		0.0				ADD_PENETRATE_PHYSICS(0.45)\nADD_DAMMIPHYSICS(0.1)\nADD_STRENGH(0.14)				0	
24547	999	0		0.0				ADD_PENETRATE_PHYSICS(0.45)\nADD_DAMMIPHYSICS(0.1)\nADD_CONSITUTION(0.14)				0	
24548	999	0		0.0				ADD_PENETRATE_PHYSICS(0.45)\nADD_DAMMIPHYSICS(0.1)\nADD_AGILITY(0.14)				0	
24549	999	0		0.0				ADD_PENETRATE_PHYSICS(0.45)\nADD_DAMMIPHYSICS(0.1)\nADD_PERCEPTION(0.14)				0	
24550	999	0		0.0				ADD_PENETRATE_PHYSICS(0.45)\nADD_DAMMIPHYSICS(0.1)\nADD_INTELLECT(0.14)				0	
24551	999	0		0.0				ADD_PENETRATE_PHYSICS(0.45)\nADD_DAMMIPHYSICS(0.1)\nADD_ANTI_POWERHIT(0.01)				0	
24552	999	0		0.0				ADD_PENETRATE_PHYSICS(0.45)\nADD_DAMMIPHYSICS(0.1)\nADD_MULTIPLY_POWERDAM(0.1)				0	
24553	999	0		0.0				ADD_PENETRATE_PHYSICS(0.45)\nADD_DAMMIPHYSICS(0.1)\nADD_ABSORB_POWERDAM(0.1)				0	
24554	999	0		0.0				ADD_PENETRATE_PHYSICS(0.45)\nADD_DAMMIPHYSICS(0.1)\nADD_ABSORB_SHIELD(0.1)				0	
24555	999	0		0.0				ADD_PENETRATE_PHYSICS(0.45)\nADD_DAMMIMAGIC(0.1)\nADD_STRENGH(0.14)				0	
24556	999	0		0.0				ADD_PENETRATE_PHYSICS(0.45)\nADD_DAMMIMAGIC(0.1)\nADD_CONSITUTION(0.14)				0	
24557	999	0		0.0				ADD_PENETRATE_PHYSICS(0.45)\nADD_DAMMIMAGIC(0.1)\nADD_AGILITY(0.14)				0	
24558	999	0		0.0				ADD_PENETRATE_PHYSICS(0.45)\nADD_DAMMIMAGIC(0.1)\nADD_PERCEPTION(0.14)				0	
24559	999	0		0.0				ADD_PENETRATE_PHYSICS(0.45)\nADD_DAMMIMAGIC(0.1)\nADD_INTELLECT(0.14)				0	
24560	999	0		0.0				ADD_PENETRATE_PHYSICS(0.45)\nADD_DAMMIMAGIC(0.1)\nADD_ANTI_POWERHIT(0.01)				0	
24561	999	0		0.0				ADD_PENETRATE_PHYSICS(0.45)\nADD_DAMMIMAGIC(0.1)\nADD_MULTIPLY_POWERDAM(0.1)				0	
24562	999	0		0.0				ADD_PENETRATE_PHYSICS(0.45)\nADD_DAMMIMAGIC(0.1)\nADD_ABSORB_POWERDAM(0.1)				0	
24563	999	0		0.0				ADD_PENETRATE_PHYSICS(0.45)\nADD_DAMMIMAGIC(0.1)\nADD_ABSORB_SHIELD(0.1)				0	
24564	999	0		0.0				ADD_PENETRATE_PHYSICS(0.45)\nADD_AC_PHYSICS(0.32)\nADD_STRENGH(0.14)				0	
24565	999	0		0.0				ADD_PENETRATE_PHYSICS(0.45)\nADD_AC_PHYSICS(0.32)\nADD_CONSITUTION(0.14)				0	
24566	999	0		0.0				ADD_PENETRATE_PHYSICS(0.45)\nADD_AC_PHYSICS(0.32)\nADD_AGILITY(0.14)				0	
24567	999	0		0.0				ADD_PENETRATE_PHYSICS(0.45)\nADD_AC_PHYSICS(0.32)\nADD_PERCEPTION(0.14)				0	
24568	999	0		0.0				ADD_PENETRATE_PHYSICS(0.45)\nADD_AC_PHYSICS(0.32)\nADD_INTELLECT(0.14)				0	
24569	999	0		0.0				ADD_PENETRATE_PHYSICS(0.45)\nADD_AC_PHYSICS(0.32)\nADD_ANTI_POWERHIT(0.01)				0	
24570	999	0		0.0				ADD_PENETRATE_PHYSICS(0.45)\nADD_AC_PHYSICS(0.32)\nADD_MULTIPLY_POWERDAM(0.1)				0	
24571	999	0		0.0				ADD_PENETRATE_PHYSICS(0.45)\nADD_AC_PHYSICS(0.32)\nADD_ABSORB_POWERDAM(0.1)				0	
24572	999	0		0.0				ADD_PENETRATE_PHYSICS(0.45)\nADD_AC_PHYSICS(0.32)\nADD_ABSORB_SHIELD(0.1)				0	
24573	999	0		0.0				ADD_PENETRATE_PHYSICS(0.45)\nADD_AC_MAGIC(0.32)\nADD_STRENGH(0.14)				0	
24574	999	0		0.0				ADD_PENETRATE_PHYSICS(0.45)\nADD_AC_MAGIC(0.32)\nADD_CONSITUTION(0.14)				0	
24575	999	0		0.0				ADD_PENETRATE_PHYSICS(0.45)\nADD_AC_MAGIC(0.32)\nADD_AGILITY(0.14)				0	
24576	999	0		0.0				ADD_PENETRATE_PHYSICS(0.45)\nADD_AC_MAGIC(0.32)\nADD_PERCEPTION(0.14)				0	
24577	999	0		0.0				ADD_PENETRATE_PHYSICS(0.45)\nADD_AC_MAGIC(0.32)\nADD_INTELLECT(0.14)				0	
24578	999	0		0.0				ADD_PENETRATE_PHYSICS(0.45)\nADD_AC_MAGIC(0.32)\nADD_ANTI_POWERHIT(0.01)				0	
24579	999	0		0.0				ADD_PENETRATE_PHYSICS(0.45)\nADD_AC_MAGIC(0.32)\nADD_MULTIPLY_POWERDAM(0.1)				0	
24580	999	0		0.0				ADD_PENETRATE_PHYSICS(0.45)\nADD_AC_MAGIC(0.32)\nADD_ABSORB_POWERDAM(0.1)				0	
24581	999	0		0.0				ADD_PENETRATE_PHYSICS(0.45)\nADD_AC_MAGIC(0.32)\nADD_ABSORB_SHIELD(0.1)				0	
24582	999	0		0.0				ADD_PENETRATE_PHYSICS(0.45)\nADD_PENETRATE_MAGIC(0.3)\nADD_STRENGH(0.14)				0	
24583	999	0		0.0				ADD_PENETRATE_PHYSICS(0.45)\nADD_PENETRATE_MAGIC(0.3)\nADD_CONSITUTION(0.14)				0	
24584	999	0		0.0				ADD_PENETRATE_PHYSICS(0.45)\nADD_PENETRATE_MAGIC(0.3)\nADD_AGILITY(0.14)				0	
24585	999	0		0.0				ADD_PENETRATE_PHYSICS(0.45)\nADD_PENETRATE_MAGIC(0.3)\nADD_PERCEPTION(0.14)				0	
24586	999	0		0.0				ADD_PENETRATE_PHYSICS(0.45)\nADD_PENETRATE_MAGIC(0.3)\nADD_INTELLECT(0.14)				0	
24587	999	0		0.0				ADD_PENETRATE_PHYSICS(0.45)\nADD_PENETRATE_MAGIC(0.3)\nADD_ANTI_POWERHIT(0.01)				0	
24588	999	0		0.0				ADD_PENETRATE_PHYSICS(0.45)\nADD_PENETRATE_MAGIC(0.3)\nADD_MULTIPLY_POWERDAM(0.1)				0	
24589	999	0		0.0				ADD_PENETRATE_PHYSICS(0.45)\nADD_PENETRATE_MAGIC(0.3)\nADD_ABSORB_POWERDAM(0.1)				0	
24590	999	0		0.0				ADD_PENETRATE_PHYSICS(0.45)\nADD_PENETRATE_MAGIC(0.3)\nADD_ABSORB_SHIELD(0.1)				0	
24591	999	0		0.0				ADD_PENETRATE_PHYSICS(0.45)\nADD_HITRATE(0.006)\nADD_STRENGH(0.14)				0	
24592	999	0		0.0				ADD_PENETRATE_PHYSICS(0.45)\nADD_HITRATE(0.006)\nADD_CONSITUTION(0.14)				0	
24593	999	0		0.0				ADD_PENETRATE_PHYSICS(0.45)\nADD_HITRATE(0.006)\nADD_AGILITY(0.14)				0	
24594	999	0		0.0				ADD_PENETRATE_PHYSICS(0.45)\nADD_HITRATE(0.006)\nADD_PERCEPTION(0.14)				0	
24595	999	0		0.0				ADD_PENETRATE_PHYSICS(0.45)\nADD_HITRATE(0.006)\nADD_INTELLECT(0.14)				0	
24596	999	0		0.0				ADD_PENETRATE_PHYSICS(0.45)\nADD_HITRATE(0.006)\nADD_ANTI_POWERHIT(0.01)				0	
24597	999	0		0.0				ADD_PENETRATE_PHYSICS(0.45)\nADD_HITRATE(0.006)\nADD_MULTIPLY_POWERDAM(0.1)				0	
24598	999	0		0.0				ADD_PENETRATE_PHYSICS(0.45)\nADD_HITRATE(0.006)\nADD_ABSORB_POWERDAM(0.1)				0	
24599	999	0		0.0				ADD_PENETRATE_PHYSICS(0.45)\nADD_HITRATE(0.006)\nADD_ABSORB_SHIELD(0.1)				0	
24600	999	0		0.0				ADD_PENETRATE_PHYSICS(0.45)\nADD_DODGE(0.006)\nADD_STRENGH(0.14)				0	
24601	999	0		0.0				ADD_PENETRATE_PHYSICS(0.45)\nADD_DODGE(0.006)\nADD_CONSITUTION(0.14)				0	
24602	999	0		0.0				ADD_PENETRATE_PHYSICS(0.45)\nADD_DODGE(0.006)\nADD_AGILITY(0.14)				0	
24603	999	0		0.0				ADD_PENETRATE_PHYSICS(0.45)\nADD_DODGE(0.006)\nADD_PERCEPTION(0.14)				0	
24604	999	0		0.0				ADD_PENETRATE_PHYSICS(0.45)\nADD_DODGE(0.006)\nADD_INTELLECT(0.14)				0	
24605	999	0		0.0				ADD_PENETRATE_PHYSICS(0.45)\nADD_DODGE(0.006)\nADD_ANTI_POWERHIT(0.01)				0	
24606	999	0		0.0				ADD_PENETRATE_PHYSICS(0.45)\nADD_DODGE(0.006)\nADD_MULTIPLY_POWERDAM(0.1)				0	
24607	999	0		0.0				ADD_PENETRATE_PHYSICS(0.45)\nADD_DODGE(0.006)\nADD_ABSORB_POWERDAM(0.1)				0	
24608	999	0		0.0				ADD_PENETRATE_PHYSICS(0.45)\nADD_DODGE(0.006)\nADD_ABSORB_SHIELD(0.1)				0	
24609	999	0		0.0				ADD_PENETRATE_PHYSICS(0.45)\nADD_POWERHIT(0.006)\nADD_STRENGH(0.14)				0	
24610	999	0		0.0				ADD_PENETRATE_PHYSICS(0.45)\nADD_POWERHIT(0.006)\nADD_CONSITUTION(0.14)				0	
24611	999	0		0.0				ADD_PENETRATE_PHYSICS(0.45)\nADD_POWERHIT(0.006)\nADD_AGILITY(0.14)				0	
24612	999	0		0.0				ADD_PENETRATE_PHYSICS(0.45)\nADD_POWERHIT(0.006)\nADD_PERCEPTION(0.14)				0	
24613	999	0		0.0				ADD_PENETRATE_PHYSICS(0.45)\nADD_POWERHIT(0.006)\nADD_INTELLECT(0.14)				0	
24614	999	0		0.0				ADD_PENETRATE_PHYSICS(0.45)\nADD_POWERHIT(0.006)\nADD_ANTI_POWERHIT(0.01)				0	
24615	999	0		0.0				ADD_PENETRATE_PHYSICS(0.45)\nADD_POWERHIT(0.006)\nADD_MULTIPLY_POWERDAM(0.1)				0	
24616	999	0		0.0				ADD_PENETRATE_PHYSICS(0.45)\nADD_POWERHIT(0.006)\nADD_ABSORB_POWERDAM(0.1)				0	
24617	999	0		0.0				ADD_PENETRATE_PHYSICS(0.45)\nADD_POWERHIT(0.006)\nADD_ABSORB_SHIELD(0.1)				0	
24618	999	0		0.0				ADD_PENETRATE_PHYSICS(0.45)\nADD_STRENGH(0.14)\nADD_CONSITUTION(0.14)				0	
24619	999	0		0.0				ADD_PENETRATE_PHYSICS(0.45)\nADD_STRENGH(0.14)\nADD_AGILITY(0.14)				0	
24620	999	0		0.0				ADD_PENETRATE_PHYSICS(0.45)\nADD_STRENGH(0.14)\nADD_PERCEPTION(0.14)				0	
24621	999	0		0.0				ADD_PENETRATE_PHYSICS(0.45)\nADD_STRENGH(0.14)\nADD_INTELLECT(0.14)				0	
24622	999	0		0.0				ADD_PENETRATE_PHYSICS(0.45)\nADD_STRENGH(0.14)\nADD_ANTI_POWERHIT(0.01)				0	
24623	999	0		0.0				ADD_PENETRATE_PHYSICS(0.45)\nADD_STRENGH(0.14)\nADD_MULTIPLY_POWERDAM(0.1)				0	
24624	999	0		0.0				ADD_PENETRATE_PHYSICS(0.45)\nADD_STRENGH(0.14)\nADD_ABSORB_POWERDAM(0.1)				0	
24625	999	0		0.0				ADD_PENETRATE_PHYSICS(0.45)\nADD_STRENGH(0.14)\nADD_ABSORB_SHIELD(0.1)				0	
24626	999	0		0.0				ADD_PENETRATE_PHYSICS(0.45)\nADD_CONSITUTION(0.14)\nADD_STRENGH(0.14)				0	
24627	999	0		0.0				ADD_PENETRATE_PHYSICS(0.45)\nADD_CONSITUTION(0.14)\nADD_AGILITY(0.14)				0	
24628	999	0		0.0				ADD_PENETRATE_PHYSICS(0.45)\nADD_CONSITUTION(0.14)\nADD_PERCEPTION(0.14)				0	
24629	999	0		0.0				ADD_PENETRATE_PHYSICS(0.45)\nADD_CONSITUTION(0.14)\nADD_INTELLECT(0.14)				0	
24630	999	0		0.0				ADD_PENETRATE_PHYSICS(0.45)\nADD_CONSITUTION(0.14)\nADD_ANTI_POWERHIT(0.01)				0	
24631	999	0		0.0				ADD_PENETRATE_PHYSICS(0.45)\nADD_CONSITUTION(0.14)\nADD_MULTIPLY_POWERDAM(0.1)				0	
24632	999	0		0.0				ADD_PENETRATE_PHYSICS(0.45)\nADD_CONSITUTION(0.14)\nADD_ABSORB_POWERDAM(0.1)				0	
24633	999	0		0.0				ADD_PENETRATE_PHYSICS(0.45)\nADD_CONSITUTION(0.14)\nADD_ABSORB_SHIELD(0.1)				0	
24634	999	0		0.0				ADD_PENETRATE_PHYSICS(0.45)\nADD_AGILITY(0.14)\nADD_STRENGH(0.14)				0	
24635	999	0		0.0				ADD_PENETRATE_PHYSICS(0.45)\nADD_AGILITY(0.14)\nADD_CONSITUTION(0.14)				0	
24636	999	0		0.0				ADD_PENETRATE_PHYSICS(0.45)\nADD_AGILITY(0.14)\nADD_PERCEPTION(0.14)				0	
24637	999	0		0.0				ADD_PENETRATE_PHYSICS(0.45)\nADD_AGILITY(0.14)\nADD_INTELLECT(0.14)				0	
24638	999	0		0.0				ADD_PENETRATE_PHYSICS(0.45)\nADD_AGILITY(0.14)\nADD_ANTI_POWERHIT(0.01)				0	
24639	999	0		0.0				ADD_PENETRATE_PHYSICS(0.45)\nADD_AGILITY(0.14)\nADD_MULTIPLY_POWERDAM(0.1)				0	
24640	999	0		0.0				ADD_PENETRATE_PHYSICS(0.45)\nADD_AGILITY(0.14)\nADD_ABSORB_POWERDAM(0.1)				0	
24641	999	0		0.0				ADD_PENETRATE_PHYSICS(0.45)\nADD_AGILITY(0.14)\nADD_ABSORB_SHIELD(0.1)				0	
24642	999	0		0.0				ADD_PENETRATE_PHYSICS(0.45)\nADD_PERCEPTION(0.14)\nADD_STRENGH(0.14)				0	
24643	999	0		0.0				ADD_PENETRATE_PHYSICS(0.45)\nADD_PERCEPTION(0.14)\nADD_CONSITUTION(0.14)				0	
24644	999	0		0.0				ADD_PENETRATE_PHYSICS(0.45)\nADD_PERCEPTION(0.14)\nADD_AGILITY(0.14)				0	
24645	999	0		0.0				ADD_PENETRATE_PHYSICS(0.45)\nADD_PERCEPTION(0.14)\nADD_INTELLECT(0.14)				0	
24646	999	0		0.0				ADD_PENETRATE_PHYSICS(0.45)\nADD_PERCEPTION(0.14)\nADD_ANTI_POWERHIT(0.01)				0	
24647	999	0		0.0				ADD_PENETRATE_PHYSICS(0.45)\nADD_PERCEPTION(0.14)\nADD_MULTIPLY_POWERDAM(0.1)				0	
24648	999	0		0.0				ADD_PENETRATE_PHYSICS(0.45)\nADD_PERCEPTION(0.14)\nADD_ABSORB_POWERDAM(0.1)				0	
24649	999	0		0.0				ADD_PENETRATE_PHYSICS(0.45)\nADD_PERCEPTION(0.14)\nADD_ABSORB_SHIELD(0.1)				0	
24650	999	0		0.0				ADD_PENETRATE_PHYSICS(0.45)\nADD_INTELLECT(0.14)\nADD_STRENGH(0.14)				0	
24651	999	0		0.0				ADD_PENETRATE_PHYSICS(0.45)\nADD_INTELLECT(0.14)\nADD_CONSITUTION(0.14)				0	
24652	999	0		0.0				ADD_PENETRATE_PHYSICS(0.45)\nADD_INTELLECT(0.14)\nADD_AGILITY(0.14)				0	
24653	999	0		0.0				ADD_PENETRATE_PHYSICS(0.45)\nADD_INTELLECT(0.14)\nADD_PERCEPTION(0.14)				0	
24654	999	0		0.0				ADD_PENETRATE_PHYSICS(0.45)\nADD_INTELLECT(0.14)\nADD_ANTI_POWERHIT(0.01)				0	
24655	999	0		0.0				ADD_PENETRATE_PHYSICS(0.45)\nADD_INTELLECT(0.14)\nADD_MULTIPLY_POWERDAM(0.1)				0	
24656	999	0		0.0				ADD_PENETRATE_PHYSICS(0.45)\nADD_INTELLECT(0.14)\nADD_ABSORB_POWERDAM(0.1)				0	
24657	999	0		0.0				ADD_PENETRATE_PHYSICS(0.45)\nADD_INTELLECT(0.14)\nADD_ABSORB_SHIELD(0.1)				0	
24658	999	0		0.0				ADD_PENETRATE_PHYSICS(0.45)\nADD_HPMAX(0.18)\nADD_STRENGH(0.14)				0	
24659	999	0		0.0				ADD_PENETRATE_PHYSICS(0.45)\nADD_HPMAX(0.18)\nADD_CONSITUTION(0.14)				0	
24660	999	0		0.0				ADD_PENETRATE_PHYSICS(0.45)\nADD_HPMAX(0.18)\nADD_AGILITY(0.14)				0	
24661	999	0		0.0				ADD_PENETRATE_PHYSICS(0.45)\nADD_HPMAX(0.18)\nADD_PERCEPTION(0.14)				0	
24662	999	0		0.0				ADD_PENETRATE_PHYSICS(0.45)\nADD_HPMAX(0.18)\nADD_INTELLECT(0.14)				0	
24663	999	0		0.0				ADD_PENETRATE_PHYSICS(0.45)\nADD_HPMAX(0.18)\nADD_ANTI_POWERHIT(0.01)				0	
24664	999	0		0.0				ADD_PENETRATE_PHYSICS(0.45)\nADD_HPMAX(0.18)\nADD_MULTIPLY_POWERDAM(0.1)				0	
24665	999	0		0.0				ADD_PENETRATE_PHYSICS(0.45)\nADD_HPMAX(0.18)\nADD_ABSORB_POWERDAM(0.1)				0	
24666	999	0		0.0				ADD_PENETRATE_PHYSICS(0.45)\nADD_HPMAX(0.18)\nADD_ABSORB_SHIELD(0.1)				0	
24667	999	0		0.0				ADD_PENETRATE_PHYSICS(0.45)\nADD_DAMMIPHYSICS(0.15)\nADD_STRENGH(0.14)				0	
24668	999	0		0.0				ADD_PENETRATE_PHYSICS(0.45)\nADD_DAMMIPHYSICS(0.15)\nADD_CONSITUTION(0.14)				0	
24669	999	0		0.0				ADD_PENETRATE_PHYSICS(0.45)\nADD_DAMMIPHYSICS(0.15)\nADD_AGILITY(0.14)				0	
24670	999	0		0.0				ADD_PENETRATE_PHYSICS(0.45)\nADD_DAMMIPHYSICS(0.15)\nADD_PERCEPTION(0.14)				0	
24671	999	0		0.0				ADD_PENETRATE_PHYSICS(0.45)\nADD_DAMMIPHYSICS(0.15)\nADD_INTELLECT(0.14)				0	
24672	999	0		0.0				ADD_PENETRATE_PHYSICS(0.45)\nADD_DAMMIPHYSICS(0.15)\nADD_ANTI_POWERHIT(0.01)				0	
24673	999	0		0.0				ADD_PENETRATE_PHYSICS(0.45)\nADD_DAMMIPHYSICS(0.15)\nADD_MULTIPLY_POWERDAM(0.1)				0	
24674	999	0		0.0				ADD_PENETRATE_PHYSICS(0.45)\nADD_DAMMIPHYSICS(0.15)\nADD_ABSORB_POWERDAM(0.1)				0	
24675	999	0		0.0				ADD_PENETRATE_PHYSICS(0.45)\nADD_DAMMIPHYSICS(0.15)\nADD_ABSORB_SHIELD(0.1)				0	
24676	999	0		0.0				ADD_PENETRATE_PHYSICS(0.45)\nADD_DAMMIMAGIC(0.15)\nADD_STRENGH(0.14)				0	
24677	999	0		0.0				ADD_PENETRATE_PHYSICS(0.45)\nADD_DAMMIMAGIC(0.15)\nADD_CONSITUTION(0.14)				0	
24678	999	0		0.0				ADD_PENETRATE_PHYSICS(0.45)\nADD_DAMMIMAGIC(0.15)\nADD_AGILITY(0.14)				0	
24679	999	0		0.0				ADD_PENETRATE_PHYSICS(0.45)\nADD_DAMMIMAGIC(0.15)\nADD_PERCEPTION(0.14)				0	
24680	999	0		0.0				ADD_PENETRATE_PHYSICS(0.45)\nADD_DAMMIMAGIC(0.15)\nADD_INTELLECT(0.14)				0	
24681	999	0		0.0				ADD_PENETRATE_PHYSICS(0.45)\nADD_DAMMIMAGIC(0.15)\nADD_ANTI_POWERHIT(0.01)				0	
24682	999	0		0.0				ADD_PENETRATE_PHYSICS(0.45)\nADD_DAMMIMAGIC(0.15)\nADD_MULTIPLY_POWERDAM(0.1)				0	
24683	999	0		0.0				ADD_PENETRATE_PHYSICS(0.45)\nADD_DAMMIMAGIC(0.15)\nADD_ABSORB_POWERDAM(0.1)				0	
24684	999	0		0.0				ADD_PENETRATE_PHYSICS(0.45)\nADD_DAMMIMAGIC(0.15)\nADD_ABSORB_SHIELD(0.1)				0	
24685	999	0		0.0				ADD_PENETRATE_PHYSICS(0.45)\nADD_AC_PHYSICS(0.5)\nADD_STRENGH(0.14)				0	
24686	999	0		0.0				ADD_PENETRATE_PHYSICS(0.45)\nADD_AC_PHYSICS(0.5)\nADD_CONSITUTION(0.14)				0	
24687	999	0		0.0				ADD_PENETRATE_PHYSICS(0.45)\nADD_AC_PHYSICS(0.5)\nADD_AGILITY(0.14)				0	
24688	999	0		0.0				ADD_PENETRATE_PHYSICS(0.45)\nADD_AC_PHYSICS(0.5)\nADD_PERCEPTION(0.14)				0	
24689	999	0		0.0				ADD_PENETRATE_PHYSICS(0.45)\nADD_AC_PHYSICS(0.5)\nADD_INTELLECT(0.14)				0	
24690	999	0		0.0				ADD_PENETRATE_PHYSICS(0.45)\nADD_AC_PHYSICS(0.5)\nADD_ANTI_POWERHIT(0.01)				0	
24691	999	0		0.0				ADD_PENETRATE_PHYSICS(0.45)\nADD_AC_PHYSICS(0.5)\nADD_MULTIPLY_POWERDAM(0.1)				0	
24692	999	0		0.0				ADD_PENETRATE_PHYSICS(0.45)\nADD_AC_PHYSICS(0.5)\nADD_ABSORB_POWERDAM(0.1)				0	
24693	999	0		0.0				ADD_PENETRATE_PHYSICS(0.45)\nADD_AC_PHYSICS(0.5)\nADD_ABSORB_SHIELD(0.1)				0	
24694	999	0		0.0				ADD_PENETRATE_PHYSICS(0.45)\nADD_AC_MAGIC(0.5)\nADD_STRENGH(0.14)				0	
24695	999	0		0.0				ADD_PENETRATE_PHYSICS(0.45)\nADD_AC_MAGIC(0.5)\nADD_CONSITUTION(0.14)				0	
24696	999	0		0.0				ADD_PENETRATE_PHYSICS(0.45)\nADD_AC_MAGIC(0.5)\nADD_AGILITY(0.14)				0	
24697	999	0		0.0				ADD_PENETRATE_PHYSICS(0.45)\nADD_AC_MAGIC(0.5)\nADD_PERCEPTION(0.14)				0	
24698	999	0		0.0				ADD_PENETRATE_PHYSICS(0.45)\nADD_AC_MAGIC(0.5)\nADD_INTELLECT(0.14)				0	
24699	999	0		0.0				ADD_PENETRATE_PHYSICS(0.45)\nADD_AC_MAGIC(0.5)\nADD_ANTI_POWERHIT(0.01)				0	
24700	999	0		0.0				ADD_PENETRATE_PHYSICS(0.45)\nADD_AC_MAGIC(0.5)\nADD_MULTIPLY_POWERDAM(0.1)				0	
24701	999	0		0.0				ADD_PENETRATE_PHYSICS(0.45)\nADD_AC_MAGIC(0.5)\nADD_ABSORB_POWERDAM(0.1)				0	
24702	999	0		0.0				ADD_PENETRATE_PHYSICS(0.45)\nADD_AC_MAGIC(0.5)\nADD_ABSORB_SHIELD(0.1)				0	
24703	999	0		0.0				ADD_PENETRATE_PHYSICS(0.45)\nADD_PENETRATE_MAGIC(0.45)\nADD_STRENGH(0.14)				0	
24704	999	0		0.0				ADD_PENETRATE_PHYSICS(0.45)\nADD_PENETRATE_MAGIC(0.45)\nADD_CONSITUTION(0.14)				0	
24705	999	0		0.0				ADD_PENETRATE_PHYSICS(0.45)\nADD_PENETRATE_MAGIC(0.45)\nADD_AGILITY(0.14)				0	
24706	999	0		0.0				ADD_PENETRATE_PHYSICS(0.45)\nADD_PENETRATE_MAGIC(0.45)\nADD_PERCEPTION(0.14)				0	
24707	999	0		0.0				ADD_PENETRATE_PHYSICS(0.45)\nADD_PENETRATE_MAGIC(0.45)\nADD_INTELLECT(0.14)				0	
24708	999	0		0.0				ADD_PENETRATE_PHYSICS(0.45)\nADD_PENETRATE_MAGIC(0.45)\nADD_ANTI_POWERHIT(0.01)				0	
24709	999	0		0.0				ADD_PENETRATE_PHYSICS(0.45)\nADD_PENETRATE_MAGIC(0.45)\nADD_MULTIPLY_POWERDAM(0.1)				0	
24710	999	0		0.0				ADD_PENETRATE_PHYSICS(0.45)\nADD_PENETRATE_MAGIC(0.45)\nADD_ABSORB_POWERDAM(0.1)				0	
24711	999	0		0.0				ADD_PENETRATE_PHYSICS(0.45)\nADD_PENETRATE_MAGIC(0.45)\nADD_ABSORB_SHIELD(0.1)				0	
24712	999	0		0.0				ADD_PENETRATE_PHYSICS(0.45)\nADD_HITRATE(0.01)\nADD_STRENGH(0.14)				0	
24713	999	0		0.0				ADD_PENETRATE_PHYSICS(0.45)\nADD_HITRATE(0.01)\nADD_CONSITUTION(0.14)				0	
24714	999	0		0.0				ADD_PENETRATE_PHYSICS(0.45)\nADD_HITRATE(0.01)\nADD_AGILITY(0.14)				0	
24715	999	0		0.0				ADD_PENETRATE_PHYSICS(0.45)\nADD_HITRATE(0.01)\nADD_PERCEPTION(0.14)				0	
24716	999	0		0.0				ADD_PENETRATE_PHYSICS(0.45)\nADD_HITRATE(0.01)\nADD_INTELLECT(0.14)				0	
24717	999	0		0.0				ADD_PENETRATE_PHYSICS(0.45)\nADD_HITRATE(0.01)\nADD_ANTI_POWERHIT(0.01)				0	
24718	999	0		0.0				ADD_PENETRATE_PHYSICS(0.45)\nADD_HITRATE(0.01)\nADD_MULTIPLY_POWERDAM(0.1)				0	
24719	999	0		0.0				ADD_PENETRATE_PHYSICS(0.45)\nADD_HITRATE(0.01)\nADD_ABSORB_POWERDAM(0.1)				0	
24720	999	0		0.0				ADD_PENETRATE_PHYSICS(0.45)\nADD_HITRATE(0.01)\nADD_ABSORB_SHIELD(0.1)				0	
24721	999	0		0.0				ADD_PENETRATE_PHYSICS(0.45)\nADD_DODGE(0.01)\nADD_STRENGH(0.14)				0	
24722	999	0		0.0				ADD_PENETRATE_PHYSICS(0.45)\nADD_DODGE(0.01)\nADD_CONSITUTION(0.14)				0	
24723	999	0		0.0				ADD_PENETRATE_PHYSICS(0.45)\nADD_DODGE(0.01)\nADD_AGILITY(0.14)				0	
24724	999	0		0.0				ADD_PENETRATE_PHYSICS(0.45)\nADD_DODGE(0.01)\nADD_PERCEPTION(0.14)				0	
24725	999	0		0.0				ADD_PENETRATE_PHYSICS(0.45)\nADD_DODGE(0.01)\nADD_INTELLECT(0.14)				0	
24726	999	0		0.0				ADD_PENETRATE_PHYSICS(0.45)\nADD_DODGE(0.01)\nADD_ANTI_POWERHIT(0.01)				0	
24727	999	0		0.0				ADD_PENETRATE_PHYSICS(0.45)\nADD_DODGE(0.01)\nADD_MULTIPLY_POWERDAM(0.1)				0	
24728	999	0		0.0				ADD_PENETRATE_PHYSICS(0.45)\nADD_DODGE(0.01)\nADD_ABSORB_POWERDAM(0.1)				0	
24729	999	0		0.0				ADD_PENETRATE_PHYSICS(0.45)\nADD_DODGE(0.01)\nADD_ABSORB_SHIELD(0.1)				0	
24730	999	0		0.0				ADD_PENETRATE_PHYSICS(0.45)\nADD_POWERHIT(0.01)\nADD_STRENGH(0.14)				0	
24731	999	0		0.0				ADD_PENETRATE_PHYSICS(0.45)\nADD_POWERHIT(0.01)\nADD_CONSITUTION(0.14)				0	
24732	999	0		0.0				ADD_PENETRATE_PHYSICS(0.45)\nADD_POWERHIT(0.01)\nADD_AGILITY(0.14)				0	
24733	999	0		0.0				ADD_PENETRATE_PHYSICS(0.45)\nADD_POWERHIT(0.01)\nADD_PERCEPTION(0.14)				0	
24734	999	0		0.0				ADD_PENETRATE_PHYSICS(0.45)\nADD_POWERHIT(0.01)\nADD_INTELLECT(0.14)				0	
24735	999	0		0.0				ADD_PENETRATE_PHYSICS(0.45)\nADD_POWERHIT(0.01)\nADD_ANTI_POWERHIT(0.01)				0	
24736	999	0		0.0				ADD_PENETRATE_PHYSICS(0.45)\nADD_POWERHIT(0.01)\nADD_MULTIPLY_POWERDAM(0.1)				0	
24737	999	0		0.0				ADD_PENETRATE_PHYSICS(0.45)\nADD_POWERHIT(0.01)\nADD_ABSORB_POWERDAM(0.1)				0	
24738	999	0		0.0				ADD_PENETRATE_PHYSICS(0.45)\nADD_POWERHIT(0.01)\nADD_ABSORB_SHIELD(0.1)				0	
24739	999	0		0.0				ADD_PENETRATE_MAGIC(0.45)\nADD_STRENGH(0.04)\nADD_CONSITUTION(0.14)				0	
24740	999	0		0.0				ADD_PENETRATE_MAGIC(0.45)\nADD_STRENGH(0.04)\nADD_AGILITY(0.14)				0	
24741	999	0		0.0				ADD_PENETRATE_MAGIC(0.45)\nADD_STRENGH(0.04)\nADD_PERCEPTION(0.14)				0	
24742	999	0		0.0				ADD_PENETRATE_MAGIC(0.45)\nADD_STRENGH(0.04)\nADD_INTELLECT(0.14)				0	
24743	999	0		0.0				ADD_PENETRATE_MAGIC(0.45)\nADD_STRENGH(0.04)\nADD_ANTI_POWERHIT(0.01)				0	
24744	999	0		0.0				ADD_PENETRATE_MAGIC(0.45)\nADD_STRENGH(0.04)\nADD_MULTIPLY_POWERDAM(0.1)				0	
24745	999	0		0.0				ADD_PENETRATE_MAGIC(0.45)\nADD_STRENGH(0.04)\nADD_ABSORB_POWERDAM(0.1)				0	
24746	999	0		0.0				ADD_PENETRATE_MAGIC(0.45)\nADD_STRENGH(0.04)\nADD_ABSORB_SHIELD(0.1)				0	
24747	999	0		0.0				ADD_PENETRATE_MAGIC(0.45)\nADD_CONSITUTION(0.04)\nADD_STRENGH(0.14)				0	
24748	999	0		0.0				ADD_PENETRATE_MAGIC(0.45)\nADD_CONSITUTION(0.04)\nADD_AGILITY(0.14)				0	
24749	999	0		0.0				ADD_PENETRATE_MAGIC(0.45)\nADD_CONSITUTION(0.04)\nADD_PERCEPTION(0.14)				0	
24750	999	0		0.0				ADD_PENETRATE_MAGIC(0.45)\nADD_CONSITUTION(0.04)\nADD_INTELLECT(0.14)				0	
24751	999	0		0.0				ADD_PENETRATE_MAGIC(0.45)\nADD_CONSITUTION(0.04)\nADD_ANTI_POWERHIT(0.01)				0	
24752	999	0		0.0				ADD_PENETRATE_MAGIC(0.45)\nADD_CONSITUTION(0.04)\nADD_MULTIPLY_POWERDAM(0.1)				0	
24753	999	0		0.0				ADD_PENETRATE_MAGIC(0.45)\nADD_CONSITUTION(0.04)\nADD_ABSORB_POWERDAM(0.1)				0	
24754	999	0		0.0				ADD_PENETRATE_MAGIC(0.45)\nADD_CONSITUTION(0.04)\nADD_ABSORB_SHIELD(0.1)				0	
24755	999	0		0.0				ADD_PENETRATE_MAGIC(0.45)\nADD_AGILITY(0.04)\nADD_STRENGH(0.14)				0	
24756	999	0		0.0				ADD_PENETRATE_MAGIC(0.45)\nADD_AGILITY(0.04)\nADD_CONSITUTION(0.14)				0	
24757	999	0		0.0				ADD_PENETRATE_MAGIC(0.45)\nADD_AGILITY(0.04)\nADD_PERCEPTION(0.14)				0	
24758	999	0		0.0				ADD_PENETRATE_MAGIC(0.45)\nADD_AGILITY(0.04)\nADD_INTELLECT(0.14)				0	
24759	999	0		0.0				ADD_PENETRATE_MAGIC(0.45)\nADD_AGILITY(0.04)\nADD_ANTI_POWERHIT(0.01)				0	
24760	999	0		0.0				ADD_PENETRATE_MAGIC(0.45)\nADD_AGILITY(0.04)\nADD_MULTIPLY_POWERDAM(0.1)				0	
24761	999	0		0.0				ADD_PENETRATE_MAGIC(0.45)\nADD_AGILITY(0.04)\nADD_ABSORB_POWERDAM(0.1)				0	
24762	999	0		0.0				ADD_PENETRATE_MAGIC(0.45)\nADD_AGILITY(0.04)\nADD_ABSORB_SHIELD(0.1)				0	
24763	999	0		0.0				ADD_PENETRATE_MAGIC(0.45)\nADD_PERCEPTION(0.04)\nADD_STRENGH(0.14)				0	
24764	999	0		0.0				ADD_PENETRATE_MAGIC(0.45)\nADD_PERCEPTION(0.04)\nADD_CONSITUTION(0.14)				0	
24765	999	0		0.0				ADD_PENETRATE_MAGIC(0.45)\nADD_PERCEPTION(0.04)\nADD_AGILITY(0.14)				0	
24766	999	0		0.0				ADD_PENETRATE_MAGIC(0.45)\nADD_PERCEPTION(0.04)\nADD_INTELLECT(0.14)				0	
24767	999	0		0.0				ADD_PENETRATE_MAGIC(0.45)\nADD_PERCEPTION(0.04)\nADD_ANTI_POWERHIT(0.01)				0	
24768	999	0		0.0				ADD_PENETRATE_MAGIC(0.45)\nADD_PERCEPTION(0.04)\nADD_MULTIPLY_POWERDAM(0.1)				0	
24769	999	0		0.0				ADD_PENETRATE_MAGIC(0.45)\nADD_PERCEPTION(0.04)\nADD_ABSORB_POWERDAM(0.1)				0	
24770	999	0		0.0				ADD_PENETRATE_MAGIC(0.45)\nADD_PERCEPTION(0.04)\nADD_ABSORB_SHIELD(0.1)				0	
24771	999	0		0.0				ADD_PENETRATE_MAGIC(0.45)\nADD_INTELLECT(0.04)\nADD_STRENGH(0.14)				0	
24772	999	0		0.0				ADD_PENETRATE_MAGIC(0.45)\nADD_INTELLECT(0.04)\nADD_CONSITUTION(0.14)				0	
24773	999	0		0.0				ADD_PENETRATE_MAGIC(0.45)\nADD_INTELLECT(0.04)\nADD_AGILITY(0.14)				0	
24774	999	0		0.0				ADD_PENETRATE_MAGIC(0.45)\nADD_INTELLECT(0.04)\nADD_PERCEPTION(0.14)				0	
24775	999	0		0.0				ADD_PENETRATE_MAGIC(0.45)\nADD_INTELLECT(0.04)\nADD_ANTI_POWERHIT(0.01)				0	
24776	999	0		0.0				ADD_PENETRATE_MAGIC(0.45)\nADD_INTELLECT(0.04)\nADD_MULTIPLY_POWERDAM(0.1)				0	
24777	999	0		0.0				ADD_PENETRATE_MAGIC(0.45)\nADD_INTELLECT(0.04)\nADD_ABSORB_POWERDAM(0.1)				0	
24778	999	0		0.0				ADD_PENETRATE_MAGIC(0.45)\nADD_INTELLECT(0.04)\nADD_ABSORB_SHIELD(0.1)				0	
24779	999	0		0.0				ADD_PENETRATE_MAGIC(0.45)\nADD_HPMAX(0.06)\nADD_STRENGH(0.14)				0	
24780	999	0		0.0				ADD_PENETRATE_MAGIC(0.45)\nADD_HPMAX(0.06)\nADD_CONSITUTION(0.14)				0	
24781	999	0		0.0				ADD_PENETRATE_MAGIC(0.45)\nADD_HPMAX(0.06)\nADD_AGILITY(0.14)				0	
24782	999	0		0.0				ADD_PENETRATE_MAGIC(0.45)\nADD_HPMAX(0.06)\nADD_PERCEPTION(0.14)				0	
24783	999	0		0.0				ADD_PENETRATE_MAGIC(0.45)\nADD_HPMAX(0.06)\nADD_INTELLECT(0.14)				0	
24784	999	0		0.0				ADD_PENETRATE_MAGIC(0.45)\nADD_HPMAX(0.06)\nADD_ANTI_POWERHIT(0.01)				0	
24785	999	0		0.0				ADD_PENETRATE_MAGIC(0.45)\nADD_HPMAX(0.06)\nADD_MULTIPLY_POWERDAM(0.1)				0	
24786	999	0		0.0				ADD_PENETRATE_MAGIC(0.45)\nADD_HPMAX(0.06)\nADD_ABSORB_POWERDAM(0.1)				0	
24787	999	0		0.0				ADD_PENETRATE_MAGIC(0.45)\nADD_HPMAX(0.06)\nADD_ABSORB_SHIELD(0.1)				0	
24788	999	0		0.0				ADD_PENETRATE_MAGIC(0.45)\nADD_DAMMIPHYSICS(0.05)\nADD_STRENGH(0.14)				0	
24789	999	0		0.0				ADD_PENETRATE_MAGIC(0.45)\nADD_DAMMIPHYSICS(0.05)\nADD_CONSITUTION(0.14)				0	
24790	999	0		0.0				ADD_PENETRATE_MAGIC(0.45)\nADD_DAMMIPHYSICS(0.05)\nADD_AGILITY(0.14)				0	
24791	999	0		0.0				ADD_PENETRATE_MAGIC(0.45)\nADD_DAMMIPHYSICS(0.05)\nADD_PERCEPTION(0.14)				0	
24792	999	0		0.0				ADD_PENETRATE_MAGIC(0.45)\nADD_DAMMIPHYSICS(0.05)\nADD_INTELLECT(0.14)				0	
24793	999	0		0.0				ADD_PENETRATE_MAGIC(0.45)\nADD_DAMMIPHYSICS(0.05)\nADD_ANTI_POWERHIT(0.01)				0	
24794	999	0		0.0				ADD_PENETRATE_MAGIC(0.45)\nADD_DAMMIPHYSICS(0.05)\nADD_MULTIPLY_POWERDAM(0.1)				0	
24795	999	0		0.0				ADD_PENETRATE_MAGIC(0.45)\nADD_DAMMIPHYSICS(0.05)\nADD_ABSORB_POWERDAM(0.1)				0	
24796	999	0		0.0				ADD_PENETRATE_MAGIC(0.45)\nADD_DAMMIPHYSICS(0.05)\nADD_ABSORB_SHIELD(0.1)				0	
24797	999	0		0.0				ADD_PENETRATE_MAGIC(0.45)\nADD_DAMMIMAGIC(0.05)\nADD_STRENGH(0.14)				0	
24798	999	0		0.0				ADD_PENETRATE_MAGIC(0.45)\nADD_DAMMIMAGIC(0.05)\nADD_CONSITUTION(0.14)				0	
24799	999	0		0.0				ADD_PENETRATE_MAGIC(0.45)\nADD_DAMMIMAGIC(0.05)\nADD_AGILITY(0.14)				0	
24800	999	0		0.0				ADD_PENETRATE_MAGIC(0.45)\nADD_DAMMIMAGIC(0.05)\nADD_PERCEPTION(0.14)				0	
24801	999	0		0.0				ADD_PENETRATE_MAGIC(0.45)\nADD_DAMMIMAGIC(0.05)\nADD_INTELLECT(0.14)				0	
24802	999	0		0.0				ADD_PENETRATE_MAGIC(0.45)\nADD_DAMMIMAGIC(0.05)\nADD_ANTI_POWERHIT(0.01)				0	
24803	999	0		0.0				ADD_PENETRATE_MAGIC(0.45)\nADD_DAMMIMAGIC(0.05)\nADD_MULTIPLY_POWERDAM(0.1)				0	
24804	999	0		0.0				ADD_PENETRATE_MAGIC(0.45)\nADD_DAMMIMAGIC(0.05)\nADD_ABSORB_POWERDAM(0.1)				0	
24805	999	0		0.0				ADD_PENETRATE_MAGIC(0.45)\nADD_DAMMIMAGIC(0.05)\nADD_ABSORB_SHIELD(0.1)				0	
24806	999	0		0.0				ADD_PENETRATE_MAGIC(0.45)\nADD_AC_PHYSICS(0.16)\nADD_STRENGH(0.14)				0	
24807	999	0		0.0				ADD_PENETRATE_MAGIC(0.45)\nADD_AC_PHYSICS(0.16)\nADD_CONSITUTION(0.14)				0	
24808	999	0		0.0				ADD_PENETRATE_MAGIC(0.45)\nADD_AC_PHYSICS(0.16)\nADD_AGILITY(0.14)				0	
24809	999	0		0.0				ADD_PENETRATE_MAGIC(0.45)\nADD_AC_PHYSICS(0.16)\nADD_PERCEPTION(0.14)				0	
24810	999	0		0.0				ADD_PENETRATE_MAGIC(0.45)\nADD_AC_PHYSICS(0.16)\nADD_INTELLECT(0.14)				0	
24811	999	0		0.0				ADD_PENETRATE_MAGIC(0.45)\nADD_AC_PHYSICS(0.16)\nADD_ANTI_POWERHIT(0.01)				0	
24812	999	0		0.0				ADD_PENETRATE_MAGIC(0.45)\nADD_AC_PHYSICS(0.16)\nADD_MULTIPLY_POWERDAM(0.1)				0	
24813	999	0		0.0				ADD_PENETRATE_MAGIC(0.45)\nADD_AC_PHYSICS(0.16)\nADD_ABSORB_POWERDAM(0.1)				0	
24814	999	0		0.0				ADD_PENETRATE_MAGIC(0.45)\nADD_AC_PHYSICS(0.16)\nADD_ABSORB_SHIELD(0.1)				0	
24815	999	0		0.0				ADD_PENETRATE_MAGIC(0.45)\nADD_AC_MAGIC(0.16)\nADD_STRENGH(0.14)				0	
24816	999	0		0.0				ADD_PENETRATE_MAGIC(0.45)\nADD_AC_MAGIC(0.16)\nADD_CONSITUTION(0.14)				0	
24817	999	0		0.0				ADD_PENETRATE_MAGIC(0.45)\nADD_AC_MAGIC(0.16)\nADD_AGILITY(0.14)				0	
24818	999	0		0.0				ADD_PENETRATE_MAGIC(0.45)\nADD_AC_MAGIC(0.16)\nADD_PERCEPTION(0.14)				0	
24819	999	0		0.0				ADD_PENETRATE_MAGIC(0.45)\nADD_AC_MAGIC(0.16)\nADD_INTELLECT(0.14)				0	
24820	999	0		0.0				ADD_PENETRATE_MAGIC(0.45)\nADD_AC_MAGIC(0.16)\nADD_ANTI_POWERHIT(0.01)				0	
24821	999	0		0.0				ADD_PENETRATE_MAGIC(0.45)\nADD_AC_MAGIC(0.16)\nADD_MULTIPLY_POWERDAM(0.1)				0	
24822	999	0		0.0				ADD_PENETRATE_MAGIC(0.45)\nADD_AC_MAGIC(0.16)\nADD_ABSORB_POWERDAM(0.1)				0	
24823	999	0		0.0				ADD_PENETRATE_MAGIC(0.45)\nADD_AC_MAGIC(0.16)\nADD_ABSORB_SHIELD(0.1)				0	
24824	999	0		0.0				ADD_PENETRATE_MAGIC(0.45)\nADD_PENETRATE_PHYSICS(0.15)\nADD_STRENGH(0.14)				0	
24825	999	0		0.0				ADD_PENETRATE_MAGIC(0.45)\nADD_PENETRATE_PHYSICS(0.15)\nADD_CONSITUTION(0.14)				0	
24826	999	0		0.0				ADD_PENETRATE_MAGIC(0.45)\nADD_PENETRATE_PHYSICS(0.15)\nADD_AGILITY(0.14)				0	
24827	999	0		0.0				ADD_PENETRATE_MAGIC(0.45)\nADD_PENETRATE_PHYSICS(0.15)\nADD_PERCEPTION(0.14)				0	
24828	999	0		0.0				ADD_PENETRATE_MAGIC(0.45)\nADD_PENETRATE_PHYSICS(0.15)\nADD_INTELLECT(0.14)				0	
24829	999	0		0.0				ADD_PENETRATE_MAGIC(0.45)\nADD_PENETRATE_PHYSICS(0.15)\nADD_ANTI_POWERHIT(0.01)				0	
24830	999	0		0.0				ADD_PENETRATE_MAGIC(0.45)\nADD_PENETRATE_PHYSICS(0.15)\nADD_MULTIPLY_POWERDAM(0.1)				0	
24831	999	0		0.0				ADD_PENETRATE_MAGIC(0.45)\nADD_PENETRATE_PHYSICS(0.15)\nADD_ABSORB_POWERDAM(0.1)				0	
24832	999	0		0.0				ADD_PENETRATE_MAGIC(0.45)\nADD_PENETRATE_PHYSICS(0.15)\nADD_ABSORB_SHIELD(0.1)				0	
24833	999	0		0.0				ADD_PENETRATE_MAGIC(0.45)\nADD_HITRATE(0.003)\nADD_STRENGH(0.14)				0	
24834	999	0		0.0				ADD_PENETRATE_MAGIC(0.45)\nADD_HITRATE(0.003)\nADD_CONSITUTION(0.14)				0	
24835	999	0		0.0				ADD_PENETRATE_MAGIC(0.45)\nADD_HITRATE(0.003)\nADD_AGILITY(0.14)				0	
24836	999	0		0.0				ADD_PENETRATE_MAGIC(0.45)\nADD_HITRATE(0.003)\nADD_PERCEPTION(0.14)				0	
24837	999	0		0.0				ADD_PENETRATE_MAGIC(0.45)\nADD_HITRATE(0.003)\nADD_INTELLECT(0.14)				0	
24838	999	0		0.0				ADD_PENETRATE_MAGIC(0.45)\nADD_HITRATE(0.003)\nADD_ANTI_POWERHIT(0.01)				0	
24839	999	0		0.0				ADD_PENETRATE_MAGIC(0.45)\nADD_HITRATE(0.003)\nADD_MULTIPLY_POWERDAM(0.1)				0	
24840	999	0		0.0				ADD_PENETRATE_MAGIC(0.45)\nADD_HITRATE(0.003)\nADD_ABSORB_POWERDAM(0.1)				0	
24841	999	0		0.0				ADD_PENETRATE_MAGIC(0.45)\nADD_HITRATE(0.003)\nADD_ABSORB_SHIELD(0.1)				0	
24842	999	0		0.0				ADD_PENETRATE_MAGIC(0.45)\nADD_DODGE(0.003)\nADD_STRENGH(0.14)				0	
24843	999	0		0.0				ADD_PENETRATE_MAGIC(0.45)\nADD_DODGE(0.003)\nADD_CONSITUTION(0.14)				0	
24844	999	0		0.0				ADD_PENETRATE_MAGIC(0.45)\nADD_DODGE(0.003)\nADD_AGILITY(0.14)				0	
24845	999	0		0.0				ADD_PENETRATE_MAGIC(0.45)\nADD_DODGE(0.003)\nADD_PERCEPTION(0.14)				0	
24846	999	0		0.0				ADD_PENETRATE_MAGIC(0.45)\nADD_DODGE(0.003)\nADD_INTELLECT(0.14)				0	
24847	999	0		0.0				ADD_PENETRATE_MAGIC(0.45)\nADD_DODGE(0.003)\nADD_ANTI_POWERHIT(0.01)				0	
24848	999	0		0.0				ADD_PENETRATE_MAGIC(0.45)\nADD_DODGE(0.003)\nADD_MULTIPLY_POWERDAM(0.1)				0	
24849	999	0		0.0				ADD_PENETRATE_MAGIC(0.45)\nADD_DODGE(0.003)\nADD_ABSORB_POWERDAM(0.1)				0	
24850	999	0		0.0				ADD_PENETRATE_MAGIC(0.45)\nADD_DODGE(0.003)\nADD_ABSORB_SHIELD(0.1)				0	
24851	999	0		0.0				ADD_PENETRATE_MAGIC(0.45)\nADD_POWERHIT(0.003)\nADD_STRENGH(0.14)				0	
24852	999	0		0.0				ADD_PENETRATE_MAGIC(0.45)\nADD_POWERHIT(0.003)\nADD_CONSITUTION(0.14)				0	
24853	999	0		0.0				ADD_PENETRATE_MAGIC(0.45)\nADD_POWERHIT(0.003)\nADD_AGILITY(0.14)				0	
24854	999	0		0.0				ADD_PENETRATE_MAGIC(0.45)\nADD_POWERHIT(0.003)\nADD_PERCEPTION(0.14)				0	
24855	999	0		0.0				ADD_PENETRATE_MAGIC(0.45)\nADD_POWERHIT(0.003)\nADD_INTELLECT(0.14)				0	
24856	999	0		0.0				ADD_PENETRATE_MAGIC(0.45)\nADD_POWERHIT(0.003)\nADD_ANTI_POWERHIT(0.01)				0	
24857	999	0		0.0				ADD_PENETRATE_MAGIC(0.45)\nADD_POWERHIT(0.003)\nADD_MULTIPLY_POWERDAM(0.1)				0	
24858	999	0		0.0				ADD_PENETRATE_MAGIC(0.45)\nADD_POWERHIT(0.003)\nADD_ABSORB_POWERDAM(0.1)				0	
24859	999	0		0.0				ADD_PENETRATE_MAGIC(0.45)\nADD_POWERHIT(0.003)\nADD_ABSORB_SHIELD(0.1)				0	
24860	999	0		0.0				ADD_PENETRATE_MAGIC(0.45)\nADD_STRENGH(0.09)\nADD_CONSITUTION(0.14)				0	
24861	999	0		0.0				ADD_PENETRATE_MAGIC(0.45)\nADD_STRENGH(0.09)\nADD_AGILITY(0.14)				0	
24862	999	0		0.0				ADD_PENETRATE_MAGIC(0.45)\nADD_STRENGH(0.09)\nADD_PERCEPTION(0.14)				0	
24863	999	0		0.0				ADD_PENETRATE_MAGIC(0.45)\nADD_STRENGH(0.09)\nADD_INTELLECT(0.14)				0	
24864	999	0		0.0				ADD_PENETRATE_MAGIC(0.45)\nADD_STRENGH(0.09)\nADD_ANTI_POWERHIT(0.01)				0	
24865	999	0		0.0				ADD_PENETRATE_MAGIC(0.45)\nADD_STRENGH(0.09)\nADD_MULTIPLY_POWERDAM(0.1)				0	
24866	999	0		0.0				ADD_PENETRATE_MAGIC(0.45)\nADD_STRENGH(0.09)\nADD_ABSORB_POWERDAM(0.1)				0	
24867	999	0		0.0				ADD_PENETRATE_MAGIC(0.45)\nADD_STRENGH(0.09)\nADD_ABSORB_SHIELD(0.1)				0	
24868	999	0		0.0				ADD_PENETRATE_MAGIC(0.45)\nADD_CONSITUTION(0.09)\nADD_STRENGH(0.14)				0	
24869	999	0		0.0				ADD_PENETRATE_MAGIC(0.45)\nADD_CONSITUTION(0.09)\nADD_AGILITY(0.14)				0	
24870	999	0		0.0				ADD_PENETRATE_MAGIC(0.45)\nADD_CONSITUTION(0.09)\nADD_PERCEPTION(0.14)				0	
24871	999	0		0.0				ADD_PENETRATE_MAGIC(0.45)\nADD_CONSITUTION(0.09)\nADD_INTELLECT(0.14)				0	
24872	999	0		0.0				ADD_PENETRATE_MAGIC(0.45)\nADD_CONSITUTION(0.09)\nADD_ANTI_POWERHIT(0.01)				0	
24873	999	0		0.0				ADD_PENETRATE_MAGIC(0.45)\nADD_CONSITUTION(0.09)\nADD_MULTIPLY_POWERDAM(0.1)				0	
24874	999	0		0.0				ADD_PENETRATE_MAGIC(0.45)\nADD_CONSITUTION(0.09)\nADD_ABSORB_POWERDAM(0.1)				0	
24875	999	0		0.0				ADD_PENETRATE_MAGIC(0.45)\nADD_CONSITUTION(0.09)\nADD_ABSORB_SHIELD(0.1)				0	
24876	999	0		0.0				ADD_PENETRATE_MAGIC(0.45)\nADD_AGILITY(0.09)\nADD_STRENGH(0.14)				0	
24877	999	0		0.0				ADD_PENETRATE_MAGIC(0.45)\nADD_AGILITY(0.09)\nADD_CONSITUTION(0.14)				0	
24878	999	0		0.0				ADD_PENETRATE_MAGIC(0.45)\nADD_AGILITY(0.09)\nADD_PERCEPTION(0.14)				0	
24879	999	0		0.0				ADD_PENETRATE_MAGIC(0.45)\nADD_AGILITY(0.09)\nADD_INTELLECT(0.14)				0	
24880	999	0		0.0				ADD_PENETRATE_MAGIC(0.45)\nADD_AGILITY(0.09)\nADD_ANTI_POWERHIT(0.01)				0	
24881	999	0		0.0				ADD_PENETRATE_MAGIC(0.45)\nADD_AGILITY(0.09)\nADD_MULTIPLY_POWERDAM(0.1)				0	
24882	999	0		0.0				ADD_PENETRATE_MAGIC(0.45)\nADD_AGILITY(0.09)\nADD_ABSORB_POWERDAM(0.1)				0	
24883	999	0		0.0				ADD_PENETRATE_MAGIC(0.45)\nADD_AGILITY(0.09)\nADD_ABSORB_SHIELD(0.1)				0	
24884	999	0		0.0				ADD_PENETRATE_MAGIC(0.45)\nADD_PERCEPTION(0.09)\nADD_STRENGH(0.14)				0	
24885	999	0		0.0				ADD_PENETRATE_MAGIC(0.45)\nADD_PERCEPTION(0.09)\nADD_CONSITUTION(0.14)				0	
24886	999	0		0.0				ADD_PENETRATE_MAGIC(0.45)\nADD_PERCEPTION(0.09)\nADD_AGILITY(0.14)				0	
24887	999	0		0.0				ADD_PENETRATE_MAGIC(0.45)\nADD_PERCEPTION(0.09)\nADD_INTELLECT(0.14)				0	
24888	999	0		0.0				ADD_PENETRATE_MAGIC(0.45)\nADD_PERCEPTION(0.09)\nADD_ANTI_POWERHIT(0.01)				0	
24889	999	0		0.0				ADD_PENETRATE_MAGIC(0.45)\nADD_PERCEPTION(0.09)\nADD_MULTIPLY_POWERDAM(0.1)				0	
24890	999	0		0.0				ADD_PENETRATE_MAGIC(0.45)\nADD_PERCEPTION(0.09)\nADD_ABSORB_POWERDAM(0.1)				0	
24891	999	0		0.0				ADD_PENETRATE_MAGIC(0.45)\nADD_PERCEPTION(0.09)\nADD_ABSORB_SHIELD(0.1)				0	
24892	999	0		0.0				ADD_PENETRATE_MAGIC(0.45)\nADD_INTELLECT(0.09)\nADD_STRENGH(0.14)				0	
24893	999	0		0.0				ADD_PENETRATE_MAGIC(0.45)\nADD_INTELLECT(0.09)\nADD_CONSITUTION(0.14)				0	
24894	999	0		0.0				ADD_PENETRATE_MAGIC(0.45)\nADD_INTELLECT(0.09)\nADD_AGILITY(0.14)				0	
24895	999	0		0.0				ADD_PENETRATE_MAGIC(0.45)\nADD_INTELLECT(0.09)\nADD_PERCEPTION(0.14)				0	
24896	999	0		0.0				ADD_PENETRATE_MAGIC(0.45)\nADD_INTELLECT(0.09)\nADD_ANTI_POWERHIT(0.01)				0	
24897	999	0		0.0				ADD_PENETRATE_MAGIC(0.45)\nADD_INTELLECT(0.09)\nADD_MULTIPLY_POWERDAM(0.1)				0	
24898	999	0		0.0				ADD_PENETRATE_MAGIC(0.45)\nADD_INTELLECT(0.09)\nADD_ABSORB_POWERDAM(0.1)				0	
24899	999	0		0.0				ADD_PENETRATE_MAGIC(0.45)\nADD_INTELLECT(0.09)\nADD_ABSORB_SHIELD(0.1)				0	
24900	999	0		0.0				ADD_PENETRATE_MAGIC(0.45)\nADD_HPMAX(0.12)\nADD_STRENGH(0.14)				0	
24901	999	0		0.0				ADD_PENETRATE_MAGIC(0.45)\nADD_HPMAX(0.12)\nADD_CONSITUTION(0.14)				0	
24902	999	0		0.0				ADD_PENETRATE_MAGIC(0.45)\nADD_HPMAX(0.12)\nADD_AGILITY(0.14)				0	
24903	999	0		0.0				ADD_PENETRATE_MAGIC(0.45)\nADD_HPMAX(0.12)\nADD_PERCEPTION(0.14)				0	
24904	999	0		0.0				ADD_PENETRATE_MAGIC(0.45)\nADD_HPMAX(0.12)\nADD_INTELLECT(0.14)				0	
24905	999	0		0.0				ADD_PENETRATE_MAGIC(0.45)\nADD_HPMAX(0.12)\nADD_ANTI_POWERHIT(0.01)				0	
24906	999	0		0.0				ADD_PENETRATE_MAGIC(0.45)\nADD_HPMAX(0.12)\nADD_MULTIPLY_POWERDAM(0.1)				0	
24907	999	0		0.0				ADD_PENETRATE_MAGIC(0.45)\nADD_HPMAX(0.12)\nADD_ABSORB_POWERDAM(0.1)				0	
24908	999	0		0.0				ADD_PENETRATE_MAGIC(0.45)\nADD_HPMAX(0.12)\nADD_ABSORB_SHIELD(0.1)				0	
24909	999	0		0.0				ADD_PENETRATE_MAGIC(0.45)\nADD_DAMMIPHYSICS(0.1)\nADD_STRENGH(0.14)				0	
24910	999	0		0.0				ADD_PENETRATE_MAGIC(0.45)\nADD_DAMMIPHYSICS(0.1)\nADD_CONSITUTION(0.14)				0	
24911	999	0		0.0				ADD_PENETRATE_MAGIC(0.45)\nADD_DAMMIPHYSICS(0.1)\nADD_AGILITY(0.14)				0	
24912	999	0		0.0				ADD_PENETRATE_MAGIC(0.45)\nADD_DAMMIPHYSICS(0.1)\nADD_PERCEPTION(0.14)				0	
24913	999	0		0.0				ADD_PENETRATE_MAGIC(0.45)\nADD_DAMMIPHYSICS(0.1)\nADD_INTELLECT(0.14)				0	
24914	999	0		0.0				ADD_PENETRATE_MAGIC(0.45)\nADD_DAMMIPHYSICS(0.1)\nADD_ANTI_POWERHIT(0.01)				0	
24915	999	0		0.0				ADD_PENETRATE_MAGIC(0.45)\nADD_DAMMIPHYSICS(0.1)\nADD_MULTIPLY_POWERDAM(0.1)				0	
24916	999	0		0.0				ADD_PENETRATE_MAGIC(0.45)\nADD_DAMMIPHYSICS(0.1)\nADD_ABSORB_POWERDAM(0.1)				0	
24917	999	0		0.0				ADD_PENETRATE_MAGIC(0.45)\nADD_DAMMIPHYSICS(0.1)\nADD_ABSORB_SHIELD(0.1)				0	
24918	999	0		0.0				ADD_PENETRATE_MAGIC(0.45)\nADD_DAMMIMAGIC(0.1)\nADD_STRENGH(0.14)				0	
24919	999	0		0.0				ADD_PENETRATE_MAGIC(0.45)\nADD_DAMMIMAGIC(0.1)\nADD_CONSITUTION(0.14)				0	
24920	999	0		0.0				ADD_PENETRATE_MAGIC(0.45)\nADD_DAMMIMAGIC(0.1)\nADD_AGILITY(0.14)				0	
24921	999	0		0.0				ADD_PENETRATE_MAGIC(0.45)\nADD_DAMMIMAGIC(0.1)\nADD_PERCEPTION(0.14)				0	
24922	999	0		0.0				ADD_PENETRATE_MAGIC(0.45)\nADD_DAMMIMAGIC(0.1)\nADD_INTELLECT(0.14)				0	
24923	999	0		0.0				ADD_PENETRATE_MAGIC(0.45)\nADD_DAMMIMAGIC(0.1)\nADD_ANTI_POWERHIT(0.01)				0	
24924	999	0		0.0				ADD_PENETRATE_MAGIC(0.45)\nADD_DAMMIMAGIC(0.1)\nADD_MULTIPLY_POWERDAM(0.1)				0	
24925	999	0		0.0				ADD_PENETRATE_MAGIC(0.45)\nADD_DAMMIMAGIC(0.1)\nADD_ABSORB_POWERDAM(0.1)				0	
24926	999	0		0.0				ADD_PENETRATE_MAGIC(0.45)\nADD_DAMMIMAGIC(0.1)\nADD_ABSORB_SHIELD(0.1)				0	
24927	999	0		0.0				ADD_PENETRATE_MAGIC(0.45)\nADD_AC_PHYSICS(0.32)\nADD_STRENGH(0.14)				0	
24928	999	0		0.0				ADD_PENETRATE_MAGIC(0.45)\nADD_AC_PHYSICS(0.32)\nADD_CONSITUTION(0.14)				0	
24929	999	0		0.0				ADD_PENETRATE_MAGIC(0.45)\nADD_AC_PHYSICS(0.32)\nADD_AGILITY(0.14)				0	
24930	999	0		0.0				ADD_PENETRATE_MAGIC(0.45)\nADD_AC_PHYSICS(0.32)\nADD_PERCEPTION(0.14)				0	
24931	999	0		0.0				ADD_PENETRATE_MAGIC(0.45)\nADD_AC_PHYSICS(0.32)\nADD_INTELLECT(0.14)				0	
24932	999	0		0.0				ADD_PENETRATE_MAGIC(0.45)\nADD_AC_PHYSICS(0.32)\nADD_ANTI_POWERHIT(0.01)				0	
24933	999	0		0.0				ADD_PENETRATE_MAGIC(0.45)\nADD_AC_PHYSICS(0.32)\nADD_MULTIPLY_POWERDAM(0.1)				0	
24934	999	0		0.0				ADD_PENETRATE_MAGIC(0.45)\nADD_AC_PHYSICS(0.32)\nADD_ABSORB_POWERDAM(0.1)				0	
24935	999	0		0.0				ADD_PENETRATE_MAGIC(0.45)\nADD_AC_PHYSICS(0.32)\nADD_ABSORB_SHIELD(0.1)				0	
24936	999	0		0.0				ADD_PENETRATE_MAGIC(0.45)\nADD_AC_MAGIC(0.32)\nADD_STRENGH(0.14)				0	
24937	999	0		0.0				ADD_PENETRATE_MAGIC(0.45)\nADD_AC_MAGIC(0.32)\nADD_CONSITUTION(0.14)				0	
24938	999	0		0.0				ADD_PENETRATE_MAGIC(0.45)\nADD_AC_MAGIC(0.32)\nADD_AGILITY(0.14)				0	
24939	999	0		0.0				ADD_PENETRATE_MAGIC(0.45)\nADD_AC_MAGIC(0.32)\nADD_PERCEPTION(0.14)				0	
24940	999	0		0.0				ADD_PENETRATE_MAGIC(0.45)\nADD_AC_MAGIC(0.32)\nADD_INTELLECT(0.14)				0	
24941	999	0		0.0				ADD_PENETRATE_MAGIC(0.45)\nADD_AC_MAGIC(0.32)\nADD_ANTI_POWERHIT(0.01)				0	
24942	999	0		0.0				ADD_PENETRATE_MAGIC(0.45)\nADD_AC_MAGIC(0.32)\nADD_MULTIPLY_POWERDAM(0.1)				0	
24943	999	0		0.0				ADD_PENETRATE_MAGIC(0.45)\nADD_AC_MAGIC(0.32)\nADD_ABSORB_POWERDAM(0.1)				0	
24944	999	0		0.0				ADD_PENETRATE_MAGIC(0.45)\nADD_AC_MAGIC(0.32)\nADD_ABSORB_SHIELD(0.1)				0	
24945	999	0		0.0				ADD_PENETRATE_MAGIC(0.45)\nADD_PENETRATE_PHYSICS(0.3)\nADD_STRENGH(0.14)				0	
24946	999	0		0.0				ADD_PENETRATE_MAGIC(0.45)\nADD_PENETRATE_PHYSICS(0.3)\nADD_CONSITUTION(0.14)				0	
24947	999	0		0.0				ADD_PENETRATE_MAGIC(0.45)\nADD_PENETRATE_PHYSICS(0.3)\nADD_AGILITY(0.14)				0	
24948	999	0		0.0				ADD_PENETRATE_MAGIC(0.45)\nADD_PENETRATE_PHYSICS(0.3)\nADD_PERCEPTION(0.14)				0	
24949	999	0		0.0				ADD_PENETRATE_MAGIC(0.45)\nADD_PENETRATE_PHYSICS(0.3)\nADD_INTELLECT(0.14)				0	
24950	999	0		0.0				ADD_PENETRATE_MAGIC(0.45)\nADD_PENETRATE_PHYSICS(0.3)\nADD_ANTI_POWERHIT(0.01)				0	
24951	999	0		0.0				ADD_PENETRATE_MAGIC(0.45)\nADD_PENETRATE_PHYSICS(0.3)\nADD_MULTIPLY_POWERDAM(0.1)				0	
24952	999	0		0.0				ADD_PENETRATE_MAGIC(0.45)\nADD_PENETRATE_PHYSICS(0.3)\nADD_ABSORB_POWERDAM(0.1)				0	
24953	999	0		0.0				ADD_PENETRATE_MAGIC(0.45)\nADD_PENETRATE_PHYSICS(0.3)\nADD_ABSORB_SHIELD(0.1)				0	
24954	999	0		0.0				ADD_PENETRATE_MAGIC(0.45)\nADD_HITRATE(0.006)\nADD_STRENGH(0.14)				0	
24955	999	0		0.0				ADD_PENETRATE_MAGIC(0.45)\nADD_HITRATE(0.006)\nADD_CONSITUTION(0.14)				0	
24956	999	0		0.0				ADD_PENETRATE_MAGIC(0.45)\nADD_HITRATE(0.006)\nADD_AGILITY(0.14)				0	
24957	999	0		0.0				ADD_PENETRATE_MAGIC(0.45)\nADD_HITRATE(0.006)\nADD_PERCEPTION(0.14)				0	
24958	999	0		0.0				ADD_PENETRATE_MAGIC(0.45)\nADD_HITRATE(0.006)\nADD_INTELLECT(0.14)				0	
24959	999	0		0.0				ADD_PENETRATE_MAGIC(0.45)\nADD_HITRATE(0.006)\nADD_ANTI_POWERHIT(0.01)				0	
24960	999	0		0.0				ADD_PENETRATE_MAGIC(0.45)\nADD_HITRATE(0.006)\nADD_MULTIPLY_POWERDAM(0.1)				0	
24961	999	0		0.0				ADD_PENETRATE_MAGIC(0.45)\nADD_HITRATE(0.006)\nADD_ABSORB_POWERDAM(0.1)				0	
24962	999	0		0.0				ADD_PENETRATE_MAGIC(0.45)\nADD_HITRATE(0.006)\nADD_ABSORB_SHIELD(0.1)				0	
24963	999	0		0.0				ADD_PENETRATE_MAGIC(0.45)\nADD_DODGE(0.006)\nADD_STRENGH(0.14)				0	
24964	999	0		0.0				ADD_PENETRATE_MAGIC(0.45)\nADD_DODGE(0.006)\nADD_CONSITUTION(0.14)				0	
24965	999	0		0.0				ADD_PENETRATE_MAGIC(0.45)\nADD_DODGE(0.006)\nADD_AGILITY(0.14)				0	
24966	999	0		0.0				ADD_PENETRATE_MAGIC(0.45)\nADD_DODGE(0.006)\nADD_PERCEPTION(0.14)				0	
24967	999	0		0.0				ADD_PENETRATE_MAGIC(0.45)\nADD_DODGE(0.006)\nADD_INTELLECT(0.14)				0	
24968	999	0		0.0				ADD_PENETRATE_MAGIC(0.45)\nADD_DODGE(0.006)\nADD_ANTI_POWERHIT(0.01)				0	
24969	999	0		0.0				ADD_PENETRATE_MAGIC(0.45)\nADD_DODGE(0.006)\nADD_MULTIPLY_POWERDAM(0.1)				0	
24970	999	0		0.0				ADD_PENETRATE_MAGIC(0.45)\nADD_DODGE(0.006)\nADD_ABSORB_POWERDAM(0.1)				0	
24971	999	0		0.0				ADD_PENETRATE_MAGIC(0.45)\nADD_DODGE(0.006)\nADD_ABSORB_SHIELD(0.1)				0	
24972	999	0		0.0				ADD_PENETRATE_MAGIC(0.45)\nADD_POWERHIT(0.006)\nADD_STRENGH(0.14)				0	
24973	999	0		0.0				ADD_PENETRATE_MAGIC(0.45)\nADD_POWERHIT(0.006)\nADD_CONSITUTION(0.14)				0	
24974	999	0		0.0				ADD_PENETRATE_MAGIC(0.45)\nADD_POWERHIT(0.006)\nADD_AGILITY(0.14)				0	
24975	999	0		0.0				ADD_PENETRATE_MAGIC(0.45)\nADD_POWERHIT(0.006)\nADD_PERCEPTION(0.14)				0	
24976	999	0		0.0				ADD_PENETRATE_MAGIC(0.45)\nADD_POWERHIT(0.006)\nADD_INTELLECT(0.14)				0	
24977	999	0		0.0				ADD_PENETRATE_MAGIC(0.45)\nADD_POWERHIT(0.006)\nADD_ANTI_POWERHIT(0.01)				0	
24978	999	0		0.0				ADD_PENETRATE_MAGIC(0.45)\nADD_POWERHIT(0.006)\nADD_MULTIPLY_POWERDAM(0.1)				0	
24979	999	0		0.0				ADD_PENETRATE_MAGIC(0.45)\nADD_POWERHIT(0.006)\nADD_ABSORB_POWERDAM(0.1)				0	
24980	999	0		0.0				ADD_PENETRATE_MAGIC(0.45)\nADD_POWERHIT(0.006)\nADD_ABSORB_SHIELD(0.1)				0	
24981	999	0		0.0				ADD_PENETRATE_MAGIC(0.45)\nADD_STRENGH(0.14)\nADD_CONSITUTION(0.14)				0	
24982	999	0		0.0				ADD_PENETRATE_MAGIC(0.45)\nADD_STRENGH(0.14)\nADD_AGILITY(0.14)				0	
24983	999	0		0.0				ADD_PENETRATE_MAGIC(0.45)\nADD_STRENGH(0.14)\nADD_PERCEPTION(0.14)				0	
24984	999	0		0.0				ADD_PENETRATE_MAGIC(0.45)\nADD_STRENGH(0.14)\nADD_INTELLECT(0.14)				0	
24985	999	0		0.0				ADD_PENETRATE_MAGIC(0.45)\nADD_STRENGH(0.14)\nADD_ANTI_POWERHIT(0.01)				0	
24986	999	0		0.0				ADD_PENETRATE_MAGIC(0.45)\nADD_STRENGH(0.14)\nADD_MULTIPLY_POWERDAM(0.1)				0	
24987	999	0		0.0				ADD_PENETRATE_MAGIC(0.45)\nADD_STRENGH(0.14)\nADD_ABSORB_POWERDAM(0.1)				0	
24988	999	0		0.0				ADD_PENETRATE_MAGIC(0.45)\nADD_STRENGH(0.14)\nADD_ABSORB_SHIELD(0.1)				0	
24989	999	0		0.0				ADD_PENETRATE_MAGIC(0.45)\nADD_CONSITUTION(0.14)\nADD_STRENGH(0.14)				0	
24990	999	0		0.0				ADD_PENETRATE_MAGIC(0.45)\nADD_CONSITUTION(0.14)\nADD_AGILITY(0.14)				0	
24991	999	0		0.0				ADD_PENETRATE_MAGIC(0.45)\nADD_CONSITUTION(0.14)\nADD_PERCEPTION(0.14)				0	
24992	999	0		0.0				ADD_PENETRATE_MAGIC(0.45)\nADD_CONSITUTION(0.14)\nADD_INTELLECT(0.14)				0	
24993	999	0		0.0				ADD_PENETRATE_MAGIC(0.45)\nADD_CONSITUTION(0.14)\nADD_ANTI_POWERHIT(0.01)				0	
24994	999	0		0.0				ADD_PENETRATE_MAGIC(0.45)\nADD_CONSITUTION(0.14)\nADD_MULTIPLY_POWERDAM(0.1)				0	
24995	999	0		0.0				ADD_PENETRATE_MAGIC(0.45)\nADD_CONSITUTION(0.14)\nADD_ABSORB_POWERDAM(0.1)				0	
24996	999	0		0.0				ADD_PENETRATE_MAGIC(0.45)\nADD_CONSITUTION(0.14)\nADD_ABSORB_SHIELD(0.1)				0	
24997	999	0		0.0				ADD_PENETRATE_MAGIC(0.45)\nADD_AGILITY(0.14)\nADD_STRENGH(0.14)				0	
24998	999	0		0.0				ADD_PENETRATE_MAGIC(0.45)\nADD_AGILITY(0.14)\nADD_CONSITUTION(0.14)				0	
24999	999	0		0.0				ADD_PENETRATE_MAGIC(0.45)\nADD_AGILITY(0.14)\nADD_PERCEPTION(0.14)				0	
25000	999	0		0.0				ADD_PENETRATE_MAGIC(0.45)\nADD_AGILITY(0.14)\nADD_INTELLECT(0.14)				0	
25001	999	0		0.0				ADD_PENETRATE_MAGIC(0.45)\nADD_AGILITY(0.14)\nADD_ANTI_POWERHIT(0.01)				0	
25002	999	0		0.0				ADD_PENETRATE_MAGIC(0.45)\nADD_AGILITY(0.14)\nADD_MULTIPLY_POWERDAM(0.1)				0	
25003	999	0		0.0				ADD_PENETRATE_MAGIC(0.45)\nADD_AGILITY(0.14)\nADD_ABSORB_POWERDAM(0.1)				0	
25004	999	0		0.0				ADD_PENETRATE_MAGIC(0.45)\nADD_AGILITY(0.14)\nADD_ABSORB_SHIELD(0.1)				0	
25005	999	0		0.0				ADD_PENETRATE_MAGIC(0.45)\nADD_PERCEPTION(0.14)\nADD_STRENGH(0.14)				0	
25006	999	0		0.0				ADD_PENETRATE_MAGIC(0.45)\nADD_PERCEPTION(0.14)\nADD_CONSITUTION(0.14)				0	
25007	999	0		0.0				ADD_PENETRATE_MAGIC(0.45)\nADD_PERCEPTION(0.14)\nADD_AGILITY(0.14)				0	
25008	999	0		0.0				ADD_PENETRATE_MAGIC(0.45)\nADD_PERCEPTION(0.14)\nADD_INTELLECT(0.14)				0	
25009	999	0		0.0				ADD_PENETRATE_MAGIC(0.45)\nADD_PERCEPTION(0.14)\nADD_ANTI_POWERHIT(0.01)				0	
25010	999	0		0.0				ADD_PENETRATE_MAGIC(0.45)\nADD_PERCEPTION(0.14)\nADD_MULTIPLY_POWERDAM(0.1)				0	
25011	999	0		0.0				ADD_PENETRATE_MAGIC(0.45)\nADD_PERCEPTION(0.14)\nADD_ABSORB_POWERDAM(0.1)				0	
25012	999	0		0.0				ADD_PENETRATE_MAGIC(0.45)\nADD_PERCEPTION(0.14)\nADD_ABSORB_SHIELD(0.1)				0	
25013	999	0		0.0				ADD_PENETRATE_MAGIC(0.45)\nADD_INTELLECT(0.14)\nADD_STRENGH(0.14)				0	
25014	999	0		0.0				ADD_PENETRATE_MAGIC(0.45)\nADD_INTELLECT(0.14)\nADD_CONSITUTION(0.14)				0	
25015	999	0		0.0				ADD_PENETRATE_MAGIC(0.45)\nADD_INTELLECT(0.14)\nADD_AGILITY(0.14)				0	
25016	999	0		0.0				ADD_PENETRATE_MAGIC(0.45)\nADD_INTELLECT(0.14)\nADD_PERCEPTION(0.14)				0	
25017	999	0		0.0				ADD_PENETRATE_MAGIC(0.45)\nADD_INTELLECT(0.14)\nADD_ANTI_POWERHIT(0.01)				0	
25018	999	0		0.0				ADD_PENETRATE_MAGIC(0.45)\nADD_INTELLECT(0.14)\nADD_MULTIPLY_POWERDAM(0.1)				0	
25019	999	0		0.0				ADD_PENETRATE_MAGIC(0.45)\nADD_INTELLECT(0.14)\nADD_ABSORB_POWERDAM(0.1)				0	
25020	999	0		0.0				ADD_PENETRATE_MAGIC(0.45)\nADD_INTELLECT(0.14)\nADD_ABSORB_SHIELD(0.1)				0	
25021	999	0		0.0				ADD_PENETRATE_MAGIC(0.45)\nADD_HPMAX(0.18)\nADD_STRENGH(0.14)				0	
25022	999	0		0.0				ADD_PENETRATE_MAGIC(0.45)\nADD_HPMAX(0.18)\nADD_CONSITUTION(0.14)				0	
25023	999	0		0.0				ADD_PENETRATE_MAGIC(0.45)\nADD_HPMAX(0.18)\nADD_AGILITY(0.14)				0	
25024	999	0		0.0				ADD_PENETRATE_MAGIC(0.45)\nADD_HPMAX(0.18)\nADD_PERCEPTION(0.14)				0	
25025	999	0		0.0				ADD_PENETRATE_MAGIC(0.45)\nADD_HPMAX(0.18)\nADD_INTELLECT(0.14)				0	
25026	999	0		0.0				ADD_PENETRATE_MAGIC(0.45)\nADD_HPMAX(0.18)\nADD_ANTI_POWERHIT(0.01)				0	
25027	999	0		0.0				ADD_PENETRATE_MAGIC(0.45)\nADD_HPMAX(0.18)\nADD_MULTIPLY_POWERDAM(0.1)				0	
25028	999	0		0.0				ADD_PENETRATE_MAGIC(0.45)\nADD_HPMAX(0.18)\nADD_ABSORB_POWERDAM(0.1)				0	
25029	999	0		0.0				ADD_PENETRATE_MAGIC(0.45)\nADD_HPMAX(0.18)\nADD_ABSORB_SHIELD(0.1)				0	
25030	999	0		0.0				ADD_PENETRATE_MAGIC(0.45)\nADD_DAMMIPHYSICS(0.15)\nADD_STRENGH(0.14)				0	
25031	999	0		0.0				ADD_PENETRATE_MAGIC(0.45)\nADD_DAMMIPHYSICS(0.15)\nADD_CONSITUTION(0.14)				0	
25032	999	0		0.0				ADD_PENETRATE_MAGIC(0.45)\nADD_DAMMIPHYSICS(0.15)\nADD_AGILITY(0.14)				0	
25033	999	0		0.0				ADD_PENETRATE_MAGIC(0.45)\nADD_DAMMIPHYSICS(0.15)\nADD_PERCEPTION(0.14)				0	
25034	999	0		0.0				ADD_PENETRATE_MAGIC(0.45)\nADD_DAMMIPHYSICS(0.15)\nADD_INTELLECT(0.14)				0	
25035	999	0		0.0				ADD_PENETRATE_MAGIC(0.45)\nADD_DAMMIPHYSICS(0.15)\nADD_ANTI_POWERHIT(0.01)				0	
25036	999	0		0.0				ADD_PENETRATE_MAGIC(0.45)\nADD_DAMMIPHYSICS(0.15)\nADD_MULTIPLY_POWERDAM(0.1)				0	
25037	999	0		0.0				ADD_PENETRATE_MAGIC(0.45)\nADD_DAMMIPHYSICS(0.15)\nADD_ABSORB_POWERDAM(0.1)				0	
25038	999	0		0.0				ADD_PENETRATE_MAGIC(0.45)\nADD_DAMMIPHYSICS(0.15)\nADD_ABSORB_SHIELD(0.1)				0	
25039	999	0		0.0				ADD_PENETRATE_MAGIC(0.45)\nADD_DAMMIMAGIC(0.15)\nADD_STRENGH(0.14)				0	
25040	999	0		0.0				ADD_PENETRATE_MAGIC(0.45)\nADD_DAMMIMAGIC(0.15)\nADD_CONSITUTION(0.14)				0	
25041	999	0		0.0				ADD_PENETRATE_MAGIC(0.45)\nADD_DAMMIMAGIC(0.15)\nADD_AGILITY(0.14)				0	
25042	999	0		0.0				ADD_PENETRATE_MAGIC(0.45)\nADD_DAMMIMAGIC(0.15)\nADD_PERCEPTION(0.14)				0	
25043	999	0		0.0				ADD_PENETRATE_MAGIC(0.45)\nADD_DAMMIMAGIC(0.15)\nADD_INTELLECT(0.14)				0	
25044	999	0		0.0				ADD_PENETRATE_MAGIC(0.45)\nADD_DAMMIMAGIC(0.15)\nADD_ANTI_POWERHIT(0.01)				0	
25045	999	0		0.0				ADD_PENETRATE_MAGIC(0.45)\nADD_DAMMIMAGIC(0.15)\nADD_MULTIPLY_POWERDAM(0.1)				0	
25046	999	0		0.0				ADD_PENETRATE_MAGIC(0.45)\nADD_DAMMIMAGIC(0.15)\nADD_ABSORB_POWERDAM(0.1)				0	
25047	999	0		0.0				ADD_PENETRATE_MAGIC(0.45)\nADD_DAMMIMAGIC(0.15)\nADD_ABSORB_SHIELD(0.1)				0	
25048	999	0		0.0				ADD_PENETRATE_MAGIC(0.45)\nADD_AC_PHYSICS(0.5)\nADD_STRENGH(0.14)				0	
25049	999	0		0.0				ADD_PENETRATE_MAGIC(0.45)\nADD_AC_PHYSICS(0.5)\nADD_CONSITUTION(0.14)				0	
25050	999	0		0.0				ADD_PENETRATE_MAGIC(0.45)\nADD_AC_PHYSICS(0.5)\nADD_AGILITY(0.14)				0	
25051	999	0		0.0				ADD_PENETRATE_MAGIC(0.45)\nADD_AC_PHYSICS(0.5)\nADD_PERCEPTION(0.14)				0	
25052	999	0		0.0				ADD_PENETRATE_MAGIC(0.45)\nADD_AC_PHYSICS(0.5)\nADD_INTELLECT(0.14)				0	
25053	999	0		0.0				ADD_PENETRATE_MAGIC(0.45)\nADD_AC_PHYSICS(0.5)\nADD_ANTI_POWERHIT(0.01)				0	
25054	999	0		0.0				ADD_PENETRATE_MAGIC(0.45)\nADD_AC_PHYSICS(0.5)\nADD_MULTIPLY_POWERDAM(0.1)				0	
25055	999	0		0.0				ADD_PENETRATE_MAGIC(0.45)\nADD_AC_PHYSICS(0.5)\nADD_ABSORB_POWERDAM(0.1)				0	
25056	999	0		0.0				ADD_PENETRATE_MAGIC(0.45)\nADD_AC_PHYSICS(0.5)\nADD_ABSORB_SHIELD(0.1)				0	
25057	999	0		0.0				ADD_PENETRATE_MAGIC(0.45)\nADD_AC_MAGIC(0.5)\nADD_STRENGH(0.14)				0	
25058	999	0		0.0				ADD_PENETRATE_MAGIC(0.45)\nADD_AC_MAGIC(0.5)\nADD_CONSITUTION(0.14)				0	
25059	999	0		0.0				ADD_PENETRATE_MAGIC(0.45)\nADD_AC_MAGIC(0.5)\nADD_AGILITY(0.14)				0	
25060	999	0		0.0				ADD_PENETRATE_MAGIC(0.45)\nADD_AC_MAGIC(0.5)\nADD_PERCEPTION(0.14)				0	
25061	999	0		0.0				ADD_PENETRATE_MAGIC(0.45)\nADD_AC_MAGIC(0.5)\nADD_INTELLECT(0.14)				0	
25062	999	0		0.0				ADD_PENETRATE_MAGIC(0.45)\nADD_AC_MAGIC(0.5)\nADD_ANTI_POWERHIT(0.01)				0	
25063	999	0		0.0				ADD_PENETRATE_MAGIC(0.45)\nADD_AC_MAGIC(0.5)\nADD_MULTIPLY_POWERDAM(0.1)				0	
25064	999	0		0.0				ADD_PENETRATE_MAGIC(0.45)\nADD_AC_MAGIC(0.5)\nADD_ABSORB_POWERDAM(0.1)				0	
25065	999	0		0.0				ADD_PENETRATE_MAGIC(0.45)\nADD_AC_MAGIC(0.5)\nADD_ABSORB_SHIELD(0.1)				0	
25066	999	0		0.0				ADD_PENETRATE_MAGIC(0.45)\nADD_PENETRATE_PHYSICS(0.45)\nADD_STRENGH(0.14)				0	
25067	999	0		0.0				ADD_PENETRATE_MAGIC(0.45)\nADD_PENETRATE_PHYSICS(0.45)\nADD_CONSITUTION(0.14)				0	
25068	999	0		0.0				ADD_PENETRATE_MAGIC(0.45)\nADD_PENETRATE_PHYSICS(0.45)\nADD_AGILITY(0.14)				0	
25069	999	0		0.0				ADD_PENETRATE_MAGIC(0.45)\nADD_PENETRATE_PHYSICS(0.45)\nADD_PERCEPTION(0.14)				0	
25070	999	0		0.0				ADD_PENETRATE_MAGIC(0.45)\nADD_PENETRATE_PHYSICS(0.45)\nADD_INTELLECT(0.14)				0	
25071	999	0		0.0				ADD_PENETRATE_MAGIC(0.45)\nADD_PENETRATE_PHYSICS(0.45)\nADD_ANTI_POWERHIT(0.01)				0	
25072	999	0		0.0				ADD_PENETRATE_MAGIC(0.45)\nADD_PENETRATE_PHYSICS(0.45)\nADD_MULTIPLY_POWERDAM(0.1)				0	
25073	999	0		0.0				ADD_PENETRATE_MAGIC(0.45)\nADD_PENETRATE_PHYSICS(0.45)\nADD_ABSORB_POWERDAM(0.1)				0	
25074	999	0		0.0				ADD_PENETRATE_MAGIC(0.45)\nADD_PENETRATE_PHYSICS(0.45)\nADD_ABSORB_SHIELD(0.1)				0	
25075	999	0		0.0				ADD_PENETRATE_MAGIC(0.45)\nADD_HITRATE(0.01)\nADD_STRENGH(0.14)				0	
25076	999	0		0.0				ADD_PENETRATE_MAGIC(0.45)\nADD_HITRATE(0.01)\nADD_CONSITUTION(0.14)				0	
25077	999	0		0.0				ADD_PENETRATE_MAGIC(0.45)\nADD_HITRATE(0.01)\nADD_AGILITY(0.14)				0	
25078	999	0		0.0				ADD_PENETRATE_MAGIC(0.45)\nADD_HITRATE(0.01)\nADD_PERCEPTION(0.14)				0	
25079	999	0		0.0				ADD_PENETRATE_MAGIC(0.45)\nADD_HITRATE(0.01)\nADD_INTELLECT(0.14)				0	
25080	999	0		0.0				ADD_PENETRATE_MAGIC(0.45)\nADD_HITRATE(0.01)\nADD_ANTI_POWERHIT(0.01)				0	
25081	999	0		0.0				ADD_PENETRATE_MAGIC(0.45)\nADD_HITRATE(0.01)\nADD_MULTIPLY_POWERDAM(0.1)				0	
25082	999	0		0.0				ADD_PENETRATE_MAGIC(0.45)\nADD_HITRATE(0.01)\nADD_ABSORB_POWERDAM(0.1)				0	
25083	999	0		0.0				ADD_PENETRATE_MAGIC(0.45)\nADD_HITRATE(0.01)\nADD_ABSORB_SHIELD(0.1)				0	
25084	999	0		0.0				ADD_PENETRATE_MAGIC(0.45)\nADD_DODGE(0.01)\nADD_STRENGH(0.14)				0	
25085	999	0		0.0				ADD_PENETRATE_MAGIC(0.45)\nADD_DODGE(0.01)\nADD_CONSITUTION(0.14)				0	
25086	999	0		0.0				ADD_PENETRATE_MAGIC(0.45)\nADD_DODGE(0.01)\nADD_AGILITY(0.14)				0	
25087	999	0		0.0				ADD_PENETRATE_MAGIC(0.45)\nADD_DODGE(0.01)\nADD_PERCEPTION(0.14)				0	
25088	999	0		0.0				ADD_PENETRATE_MAGIC(0.45)\nADD_DODGE(0.01)\nADD_INTELLECT(0.14)				0	
25089	999	0		0.0				ADD_PENETRATE_MAGIC(0.45)\nADD_DODGE(0.01)\nADD_ANTI_POWERHIT(0.01)				0	
25090	999	0		0.0				ADD_PENETRATE_MAGIC(0.45)\nADD_DODGE(0.01)\nADD_MULTIPLY_POWERDAM(0.1)				0	
25091	999	0		0.0				ADD_PENETRATE_MAGIC(0.45)\nADD_DODGE(0.01)\nADD_ABSORB_POWERDAM(0.1)				0	
25092	999	0		0.0				ADD_PENETRATE_MAGIC(0.45)\nADD_DODGE(0.01)\nADD_ABSORB_SHIELD(0.1)				0	
25093	999	0		0.0				ADD_PENETRATE_MAGIC(0.45)\nADD_POWERHIT(0.01)\nADD_STRENGH(0.14)				0	
25094	999	0		0.0				ADD_PENETRATE_MAGIC(0.45)\nADD_POWERHIT(0.01)\nADD_CONSITUTION(0.14)				0	
25095	999	0		0.0				ADD_PENETRATE_MAGIC(0.45)\nADD_POWERHIT(0.01)\nADD_AGILITY(0.14)				0	
25096	999	0		0.0				ADD_PENETRATE_MAGIC(0.45)\nADD_POWERHIT(0.01)\nADD_PERCEPTION(0.14)				0	
25097	999	0		0.0				ADD_PENETRATE_MAGIC(0.45)\nADD_POWERHIT(0.01)\nADD_INTELLECT(0.14)				0	
25098	999	0		0.0				ADD_PENETRATE_MAGIC(0.45)\nADD_POWERHIT(0.01)\nADD_ANTI_POWERHIT(0.01)				0	
25099	999	0		0.0				ADD_PENETRATE_MAGIC(0.45)\nADD_POWERHIT(0.01)\nADD_MULTIPLY_POWERDAM(0.1)				0	
25100	999	0		0.0				ADD_PENETRATE_MAGIC(0.45)\nADD_POWERHIT(0.01)\nADD_ABSORB_POWERDAM(0.1)				0	
25101	999	0		0.0				ADD_PENETRATE_MAGIC(0.45)\nADD_POWERHIT(0.01)\nADD_ABSORB_SHIELD(0.1)				0	
25102	999	0		0.0				ADD_DAMMIPHYSICS(0.2)				0	
25103	999	0		0.0				ADD_DAMMIPHYSICS(0.3)				0	
25104	999	0		0.0				ADD_DAMMIPHYSICS(0.42)				0	
25105	999	0		0.0				ADD_DAMPLUS_PHYSICS(0.3)				0	
25106	999	0		0.0				ADD_DAMPLUS_PHYSICS(0.42)				0	
25107	999	0		0.0				ADD_DAMPLUS_PHYSICS(0.65)				0	
25108	999	0		0.0				ADD_DAMMIPHYSICS(0.3)				0	
25109	999	0		0.0				ADD_DAMMIPHYSICS(0.45)				0	
25110	999	0		0.0				ADD_DAMMIPHYSICS(0.68)				0	
25111	999	0		0.0				ADD_DAMPLUS_PHYSICS(0.45)				0	
25112	999	0		0.0				ADD_DAMPLUS_PHYSICS(0.68)				0	
25113	999	0		0.0				ADD_DAMPLUS_PHYSICS(0.92)				0	
25114	999	0		0.0				ADD_DAMMIPHYSICS(0.32)				0	
25115	999	0		0.0				ADD_DAMMIPHYSICS(0.46)				0	
25116	999	0		0.0				ADD_DAMMIPHYSICS(0.7)				0	
25117	999	0		0.0				ADD_DAMPLUS_PHYSICS(0.46)				0	
25118	999	0		0.0				ADD_DAMPLUS_PHYSICS(0.7)				0	
25119	999	0		0.0				ADD_DAMPLUS_PHYSICS(1.03)				0	
25120	999	0		0.0				ADD_DAMMIMAGIC(0.31)				0	
25121	999	0		0.0				ADD_DAMMIMAGIC(0.46)				0	
25122	999	0		0.0				ADD_DAMMIMAGIC(0.65)				0	
25123	999	0		0.0				ADD_DAMPLUS_MAGIC(0.46)				0	
25124	999	0		0.0				ADD_DAMPLUS_MAGIC(0.65)				0	
25125	999	0		0.0				ADD_DAMPLUS_MAGIC(0.96)				0	
25126	999	0		0.0				ADD_DAMMIMAGIC(0.38)				0	
25127	999	0		0.0				ADD_DAMMIMAGIC(0.55)				0	
25128	999	0		0.0				ADD_DAMMIMAGIC(0.82)				0	
25129	999	0		0.0				ADD_DAMPLUS_MAGIC(0.55)				0	
25130	999	0		0.0				ADD_DAMPLUS_MAGIC(0.82)				0	
25131	999	0		0.0				ADD_DAMPLUS_MAGIC(1.33)				0	
26001	999	0		0.0				ADD_POWERHIT(0.006)\nADD_STRENGH(0.1)\nADD_AGILITY(0.1)				0	
26002	999	0		0.0				ADD_HITRATE(0.006)\nADD_STRENGH(0.1)\nADD_CONSITUTION(0.1)				0	
26003	999	0		0.0				ADD_ABSORB_SHIELD(0.1)\nADD_STRENGH(0.1)\nADD_CONSITUTION(0.1)				0	
26004	999	0		0.0				ADD_HITRATE(0.01)\nADD_CONSITUTION(0.14)\nADD_INTELLECT(0.14)				0	
26005	999	0		0.0				ADD_POWERHIT(0.01)\nADD_INTELLECT(0.14)\nADD_PERCEPTION(0.14)\n				0	
26006	999	0		0.0				ADD_DODGE(0.01)\nADD_STRENGH(0.14)\nADD_AGILITY(0.14)				0	
26007	999	0		0.0				ADD_DODGE(0.01)\nADD_INTELLECT(0.14)\nADD_PERCEPTION(0.14)				0	
26008	999	0		0.0				ADD_CONSITUTION(0.14)\nADD_AC_PHYSICS(0.5)\nADD_AC_MAGIC(0.5)				0	
33101	44	256	IB033	18.0	LOGOFF(0)			COUNTERMISSILE(65535,5,44161)	PS_L_FIREARMOR			0	
33102	3000	4096	IB010	20.0				MUL_DAMPLUS_PHYSICS(0.25);ADD_SPEED_RUN(0.2)	S_L_M003_FIRE_BUFF			0	
33117	33117	128	IB002	30.0				ADD_SPEED_RUN(-0.2)	S_L_SNARED			0	
40000	3	65536		0.0		BUFF_I(14,0,1)	MISSILE(40000,0.9)	ADD_DAMMIPHYSICS(0.4);ADD_PENETRATE_PHYSICS(2);ADD_DODGE(0.05);ADD_STUN(0.05);ADD_MUL_DAMAGE(-0.3)				0	
40001	3	0		0.0		SKILL(40001)	ADD_DAMMIPHYSICS(1.33)					0	
40002	3	0		0.0		SKILL(40002)	ADD_DAMMIPHYSICS(1.42)					0	
40003	3	0		0.0		SKILL(40003)	ADD_DAMMIPHYSICS(1.73)					0	
40004	3	0		0.0		SKILL(40004)	ADD_DAMMIPHYSICS(2.48)					0	
40005	3	0		0.0		SKILL(40005)	ADD_DAMMIPHYSICS(3)					0	
40006	3	0		0.0		SKILL(40006)	ADD_DAMPLUS_PHYSICS(1.1)					0	
40007	3	0		0.0		SKILL(40007)	ADD_DAMMIPHYSICS(1.9)					0	
40008	3	0		0.0		SKILL(40008)	ADD_DAMMIPHYSICS(1.29)					0	
40009	3	0		0.0		SKILL(40009)	ADD_DAMPLUS_PHYSICS(1.56)					0	
40010	3	0		0.0		SKILL(40010)	ADD_DAMMIPHYSICS(2.47)					0	
40011	3	0		0.0		SKILL(40011)	ADD_DAMPLUS_PHYSICS(1.5)					0	
40012	3	0		0.0		SKILL(40012)	ADD_DAMPLUS_PHYSICS(2.5)					0	
40013	3	0		0.0				ADD_DAMMIPHYSICS(0.2);ADD_PENETRATE_PHYSICS(1)				0	
40014	3	0		0.0		SKILL(40014)	ADD_DAMMIPHYSICS(2.1)					0	
40015	3	0		0.0		SKILL(40015)	ADD_DAMMIPHYSICS(1.78)					0	
40016	3	0		0.0		SKILL(40016)	ADD_DAMMIPHYSICS(1.48)					0	
40017	40017	8	IS111	6.0				ADD_DODGE(1);HITMISSILE(65535,1,40270);ADD_POWERHIT(1);ADD_RECOVER_STAMINA(2)	PS_L_SYLPH_GUARD			0	
40018	40018	8	IS105	2.0				ADD_DODGE(1)				0	
40019	40019	8	IB022	3.0				ADD_DODGE(1)				0	
40020	62	0	IS104	12.0				ADD_DAMMIPHYSICS(0.8);ADD_ANTI_STUN(2);ADD_DAMMIMAGIC(0.8)	PS_L_ZEAL			0	
40021	40021	0	IB008	15.0				HITMISSILE(224,0,328)	PS_L_DUEL_ENERGY			0	
40022	3	0		0.0				ADD_DAMMIPHYSICS(0.2);ADD_PENETRATE_PHYSICS(1)				0	
40023	3	0		0.0		SKILL(40023)	ADD_DAMPLUS_PHYSICS(1.33)					0	
40024	3	0		0.0		SKILL(40024)	ADD_DAMPLUS_PHYSICS(2)					0	
40025	3	0		0.0				ADD_DAMMIPHYSICS(0.2);ADD_PENETRATE_PHYSICS(1)				0	
40100	43	0	ICON_Collect_Treasure_025_000	18.0				MISSILE(7181,3)				0	
40101	11	64	IB039	6.0				ADD_HITRATE(-0.15);ADD_DAMMIPHYSICS(-0.5);ADD_DAMMIMAGIC(-0.5);ADD_SPEED_RUN(-0.35);ADD_DODGE(-0.15)				0	
40102	67	4096	IB017	90.0	LOGOFF(0)			ADD_DAMMIPHYSICS(0.45);ADD_DAMMIMAGIC(0.45)				0	
40103	68	4096	IB018	90.0	LOGOFF(0)			ADD_AC_PHYSICS(0.5);ADD_AC_MAGIC(0.5)	S_L_DEFENCE			0	
40120	40120	0		2.0								0	
40121	40121	0		2.0								0	
40122	40122	0		2.0								0	
40130	4001	64	IS110	6.0				ADD_HITRATE(-0.33);ADD_DAMMIPHYSICS(-0.8);ADD_DAMMIMAGIC(-0.8)	S_L_REDUCE			0	
40140	40140	0		2.0								0	
40141	40141	0		2.0								0	
40142	40142	0		2.0								0	
40143	40143	0		2.0								0	
40144	40144	0		2.0								0	
40150	40150	8192		2.5				ADD_DODGE(1)				0	
40151	24	0		6.0				HITMISSILE(40151,6,40021)				0	
40160	4002	64	IB041	6.0				ADD_HITRATE(-0.3)	S_L_BLINDPOWDER			0	
40180	9	0	IS40008	6.0				HITMISSILE(160,0,328)	S_L_SPPOOL			0	
40190	40190	128	IS113	12.100000381469727				MISSILE(40190,3)	PS_L_BLOODING			0	
40191	40191	0		2.0				HITMISSILE(128,0,325)				0	
40200	40200	8	IS107	2.0				ADD_DODGE(1)				0	
40201	40201	8	IS107	6.0				ADD_DODGE(0.2)				0	
40210	4003	8192		1.0				ADD_SPEED_RUN(-0.3)				0	
40211	40211	8200	IS1021	1.0				ADD_DODGE(0.5);ADD_SPEED_RUN(-0.3)				0	
40261	13	8		1.0				ADD_SPEED_RUN(-2)				0	
40270	14	8	IS111	6.0				HITMISSILE(224,1,40270);ADD_HITRATE(0.2)				0	
40280	40280	8	IS105	6.0				ADD_DODGE(0.2)				0	
40300	62	0	IS104	12.0				ADD_DAMMIPHYSICS(1);ADD_ANTI_STUN(2);ADD_DAMMIMAGIC(1)	PS_L_ZEAL			0	
40301	62	0	IS104	12.0				ADD_DAMMIPHYSICS(1.2);ADD_ANTI_STUN(2);ADD_DAMMIMAGIC(1.2)	PS_L_ZEAL			0	
40302	62	0	IS104	12.0				ADD_DAMMIPHYSICS(1.4);ADD_ANTI_STUN(2);ADD_DAMMIMAGIC(1.4)	PS_L_ZEAL			0	
40330	4023	0	IS108	2.0				ADD_SPEED_RUN(-0.8);JUMP_HIGH(-200)	S_L_SNARED			0	
41000	3	0		0.0				ADD_PENETRATE_PHYSICS(3);ADD_POWERHIT(0.05);ADD_MULTIPLY_POWERDAM(0.15);ADD_BYPASS(0.01)				0	
41001	3	0		0.0		SKILL(41001)	ADD_DAMMIPHYSICS(1.95)					0	
41002	3	0		0.0		SKILL(41002)	ADD_DAMMIPHYSICS(2.5)					0	
41003	4105	4096	IB003	5.0		ISSEA(0)	ADD_SPEED_RUN(0.5)		S_L_BOOST			0	
41004	4101	4096	IS200	5.0				ADD_POWERHIT(1)				0	
41005	4102	4096	IS41005	5.0				ADD_MULTIPLY_POWERDAM(1)				0	
41006	4103	1024	IS130	15.0				ADD_POWERHIT(0.25)				0	
41007	3	0		0.0				ADD_POWERHIT(0.01);ADD_MULTIPLY_POWERDAM(0.1)				0	
41010	3	0		0.0				ADD_POWERHIT(0.01);ADD_MULTIPLY_POWERDAM(0.15)				0	
41011	3	0		0.0		SKILL(41011)	ADD_DAMMIPHYSICS(1.33)					0	
41012	3	0		0.0		SKILL(41012)	ADD_DAMPLUS_PHYSICS(1.58)					0	
41013	3	0		0.0		SKILL(41013)	ADD_DAMMIPHYSICS(1.53)					0	
41014	3	0		0.0		SKILL(41014)	ADD_DAMMIPHYSICS(3.17)					0	
41015	3	0		0.0		SKILL(41015)	ADD_DAMMIPHYSICS(0.95)					0	
41016	3	0		0.0		SKILL(41016)	ADD_DAMMIPHYSICS(0.89)					0	
41017	3	0		0.0		SKILL(41017)	ADD_DAMPLUS_PHYSICS(1.74)					0	
41018	3	0		0.0		SKILL(41018)	ADD_DAMPLUS_PHYSICS(2.5)					0	
41019	3	0		0.0		SKILL(41019)	ADD_DAMMIPHYSICS(1.3)					0	
41020	3	0		0.0		SKILL(41020)	ADD_DAMPLUS_PHYSICS(1.84)					0	
41021	3	0		0.0		SKILL(41021)	ADD_DAMMIPHYSICS(1.73)					0	
41022	3	0		0.0		SKILL(41022)	ADD_DAMMIPHYSICS(4)					0	
41023	3	0		0.0		SKILL(41023)	ADD_DAMMIPHYSICS(4)					0	
41024	3	0		0.0		SKILL(41024)	ADD_DAMMIPHYSICS(1)					0	
41025	3	0		0.0				ADD_POWERHIT(0.01);ADD_MULTIPLY_POWERDAM(0.2)				0	
41241	24	0		3.0				ADD_DODGE(1)				0	
41260	4104	64	IB039	9.0				MISSILE(41213,3);ADD_SPEED_RUN(-0.05)	S_L_SEED_ACID			0	
41270	4170	128	IS123	3.0				MISSILE(41214,2);ADD_SPEED_RUN(-0.5)	S_L_STICKSHOT			0	
41290	66	64	IS129	12.0				ADD_HITRATE(-0.4)	S_L_SMOKEBOMB			0	
41310	4106	8192		1.5				HITMISSILE(64,0,325)				0	
41320	11	0	IS125	6.0				ADD_SPEED_RUN(-0.5)	PS_L_STUNBOMB			0	
41330	11	0	IS170	0.0				KNOCKDOWN(502)				0	
41340	37	0	IS126	12.0				MISSILE(41341,3)	PS_L_DOTBOMB			0	
42000	3	0		0.0				ADD_DAMMIMAGIC(0.5);ADD_CURSE(0.05);ADD_PENETRATE_MAGIC(2);ADD_STAMINAMAX(0.1)				0	
42001	3	0		0.0		SKILL(42001)	ADD_DAMMIMAGIC(1.11)					0	
42002	3	0		0.0		SKILL(42002)	ADD_DAMMIMAGIC(2)					0	
42003	3	0		0.0		SKILL(42003)	ADD_DAMMIMAGIC(2.23)					0	
42004	3	0		0.0				ADD_DAMMIMAGIC(0.2);ADD_PENETRATE_MAGIC(1.1)				0	
42005	3	0		0.0		SKILL(42005)	ADD_DAMMIMAGIC(1)					0	
42006	3	0		0.0		SKILL(42006)	ADD_DAMMIMAGIC(2.5)					0	
42007	3	0		0.0		SKILL(42007)	ADD_DAMMIMAGIC(2)					0	
42008	3	0		0.0		SKILL(42008)	ADD_DAMMIMAGIC(1)					0	
42009	3	0		0.0		SKILL(42009)	ADD_DAMMIMAGIC(1.1)					0	
42010	3	0		0.0		SKILL(42010)	ADD_DAMPLUS_MAGIC(1.5)					0	
42011	3	0		0.0		SKILL(42011)	ADD_DAMMIMAGIC(1.5)					0	
42012	4212	0	IS1820	30.0				ADD_RECOVER_HP(100);DISABLE(0);MISSILE(312,1)	L_STOCK_WIND			0	_F_READY_000;_F_FALLING_000
42013	3	0		0.0		SKILL(42013)	ADD_DAMMIMAGIC(1.4)					0	
42014	3	0		0.0		SKILL(42014)	ADD_DAMMIMAGIC(2)					0	
42016	3	0		0.0				ADD_DAMMIMAGIC(0.2);ADD_PENETRATE_MAGIC(1.1)				0	
42017	3	0		0.0		SKILL(42017)	ADD_DAMMIMAGIC(2.6)					0	
42018	3	0		0.0		SKILL(42018)	ADD_DAMMIMAGIC(2.1)					0	
42019	3	0		0.0		SKILL(42019)	ADD_DAMPLUS_MAGIC(3.9)					0	
42020	3	0		0.0		SKILL(42020)	ADD_DAMMIMAGIC(3.2)					0	
42021	3	0		0.0		SKILL(42021)	ADD_DAMPLUS_MAGIC(2.5)					0	
42022	3	0		0.0		SKILL(42022)	ADD_DAMMIMAGIC(1)					0	
42023	3	0		0.0		SKILL(42023)	ADD_DAMPLUS_MAGIC(6)					0	
42024	3	0		0.0		SKILL(42024)	ADD_DAMPLUS_MAGIC(6)					0	
42025	3	0		0.0				ADD_DAMMIMAGIC(0.2);ADD_PENETRATE_MAGIC(1.1)				0	
42026	3	0		0.0		SKILL(42026)	ADD_DAMPLUS_MAGIC(3)					0	
42150	44	1024	IS42005	180.0	LOGOFF(0)			HITMISSILE(224,1,42150);ADD_DAMMIMAGIC(0.5)	L_LIGHTENING_ARMOR			0	
42160	4206	1024	IS42006	15.0				HITMISSILE(256,3,42160)	L_THUNDER_CONTROL			0	
42180	42180	0		2.0								0	
42181	42180	0		2.0								0	
42190	4209	0	IS42009	15.0				MISSILE(42185,3);ADD_AC_MAGIC(-1);ADD_DAMMIMAGIC(-0.15);ADD_ANTI_STUN(-0.15);COUNTERMISSILE(32,1,42187)	S_L_THUNDERDOT			0	
42200	4210	0	IS42010	15.0				MISSILE(42186,3);ADD_AC_PHYSICS(-1);ADD_DAMMIPHYSICS(-0.15);COUNTERMISSILE(32,1,42190);ADD_SPEED_RUN(-0.3)	S_L_ICE_TWIST			0	
42210	4222	0		1.5				ADD_SPEED_RUN(-0.5)				0	
42220	4	0		3.0		BUFF_I(42012,0,1)	ADD_DODGE(10)\nADD_ABSORB_MAGIC(50)\nADD_ABSORB_PHYSICS(50)					0	
42221	4	0		30.0		BUFF_I(42220,0,0)	COUNTERMISSILE(65535,1,42217)					0	
42222	4212	0	IS1820	10.0				ADD_RECOVER_HP(100);DISABLE(0)	L_STOCK_WIND			2	_F_READY_000;_F_FALLING_001\n_F_SENTRY_000;_F_FALLING_001\n_F_FALLING_000;_F_FALLING_001\n_F_FORWARD_000;_F_FALLING_001\n_C_KNOCKED_000;_F_FALLING_001\n_C_KNOCKED_001;_F_FALLING_001\n_F_KNOCKED_002;_F_FALLING_001\n_F_JUMP_000;_F_FALLING_001\n_F_JUMP_001;_F_FALLING_001\n_F_JUMP_002;_F_FALLING_001\n_F_JUMP_003;_F_FALLING_001
42223	4	0		3.0		BUFF_I(42222,0,1)	ADD_DODGE(10)\nADD_ABSORB_MAGIC(50)\nADD_ABSORB_PHYSICS(50)					0	
42224	4	0		10.0		BUFF_I(42223,0,0)	COUNTERMISSILE(65535,1,42147)					0	
42230	42230	0		5.0								0	
42280	4213	0	IS1801	5.0				ADD_SPEED_RUN(-0.2)	S_L_ICEDOT			0	
42310	4214	16	IS133	10.0				ADD_SPEED_RUN(-0.3)	S_L_ICEDOT			0	
42330	44	512	IB034	180.0	LOGOFF(0)			ADD_AC_PHYSICS(1);ADD_AC_MAGIC(1);COUNTERMISSILE(65535,10,42023)	S_L_ICE_ARMOR			0	
42340	44	1024	IB035	180.0	LOGOFF(0)			ADD_DODGE(0.1);COUNTERMISSILE(65535,10,42024)	S_L_STORM_ARMOR			0	
43000	3	65536		0.0				ADD_AC_PHYSICS(1);ADD_AC_MAGIC(1);ADD_DAMPLUS_PHYSICS(2);ADD_ANTI_STUN(0.1);ADD_HPMAX(0.6);ADD_MUL_DAMAGE(-0.3);COUNTERMISSILE(4,10,43000)				0	
43001	3	0		0.0		SKILL(43001)	ADD_DAMPLUS_PHYSICS(1.4)					0	
43002	4302	8196		1.5				ADD_BLOCKRATE(1);ADD_ABSORB_SHIELD(1);COUNTERMISSILE(65535,0,43002);ADD_MUL_DAMAGE(-0.3)				0	
43003	3	0		0.0		SKILL(43003)	ADD_DAMMIPHYSICS(1.1)					0	
43004	4304	1024	IS147	30.0	LOGOFF(0)			HITMISSILE(4067,3,43141);ADD_POWERHIT(0.05);ADD_DAMMIPHYSICS(0.3);ADD_DAMMIMAGIC(0.3)	PS_L_THUNDER_WEAPON			0	
43005	3	0		0.0		SKILL(43005)	ADD_DAMMIPHYSICS(1)					0	
43006	3	0		0.0		SKILL(43006)	ADD_DAMMIPHYSICS(1.77)					0	
43007	3	0		0.0		SKILL(43007)	ADD_DAMMIPHYSICS(2.1)					0	
43008	3	0		0.0		SKILL(43008)	ADD_DAMMIPHYSICS(1.93)					0	
43009	3	0		0.0		SKILL(43009)	ADD_DAMMIPHYSICS(3.5)					0	
43010	3	0		0.0		SKILL(43010)	ADD_DAMMIPHYSICS(1.5)					0	
43011	3	0		0.0		SKILL(43011)	ADD_DAMMIPHYSICS(1.5)					0	
43012	4312	4096	IB000	30.0				ADD_AC_PHYSICS(0.4);ADD_AC_MAGIC(0.4)				0	
43013	3	0		0.0		SKILL(43013)	ADD_DAMPLUS_PHYSICS(1.63)					0	
43014	4372	40960	IS144	4.0	LOGOFF(0)			ADD_AC_PHYSICS(2);ADD_AC_MAGIC(2)				0	
43015	4373	40960	I_PER1_1	4.0	LOGOFF(0)			ADD_DAMMIPHYSICS(0.4);ADD_DAMMIMAGIC(0.4)				0	
43016	4374	40960	IS145	15.0	LOGOFF(0)			MISSILE(43264,15);ADD_HITRATE(0.15)				0	
43017	4317	256	IS43017	10.0				ADD_HITRATE(0.25);MISSILE(298,1);ADD_SPEED_RUN(0.5);ADD_AC_PHYSICS(5);ADD_AC_MAGIC(5);ADD_ANTI_STUN(1);ADD_ANTI_CURSE(1);ADD_RECOVER_STAMINA(20);ADD_ABSORB_SHIELD(1);ADD_BLOCKRATE(2);ADD_POWERHIT(1)	PS_L_HOLY_MIGHT			0	
43018	4318	256	IS1400	3.0				ADD_MUL_DAMAGE(-0.7)	PS_L_HOLY_GUARD			0	
43019	3	0		0.0		SKILL(43019)	ADD_DAMMIPHYSICS(6)					0	
43020	3	0		0.0		SKILL(43020)	ADD_DAMMIPHYSICS(1)					0	
43021	4321	16384	IS43021	15.0				ADD_AC_PHYSICS(-1.5);ADD_AC_MAGIC(-1.5)	PS_L_TAUNTED			0	
43022	3	0		0.0		SKILL(43022)	ADD_DAMMIPHYSICS(4.5)					0	
43023	3	0		0.0				ADD_AC_PHYSICS(0.3);ADD_AC_MAGIC(0.3);ADD_HPMAX(1)				0	
43024	3	0		0.0				ADD_AC_PHYSICS(0.3);ADD_AC_MAGIC(0.3);ADD_HPMAX(1)				0	
43025	3	0		0.0				ADD_AC_PHYSICS(0.3);ADD_AC_MAGIC(0.3);ADD_HPMAX(1)				0	
43100	4305	128	IS43001	3.0				ADD_SPEED_RUN(-0.6)	S_L_SNARED			0	
43120	3	8192		10.0		BUFF_I(43121,0,10)	MISSILE(43120,0.3)					0	
43121	59	8192	IS140	10.0				MUL_DAMMIPHYSICS(0.1)				0	
43122	2	8192		0.0				KNOCKDOWN(43120)				0	
43123	4375	4096	IS1401	30.0				ADD_BLOCKRATE(0.2);MUL_AC_PHYSICS(0.03);MUL_AC_MAGIC(0.03)				0	
43124	3	8192		1.0		BUFF_I(43121,0,1)	MISSILE(43120,0.3)					0	
43130	3	8192		5.0								0	
43131	3	8192		5.0								0	
43132	4303	4096	IS43003	15.0				ADD_DAMMIPHYSICS(0.12);ADD_DAMMIMAGIC(0.12)				0	
43133	4376	16384		15.0					PS_L_TAUNTED			0	
43140	3	8192		45.0	LOGOFF(0)	BUFF_I(43140,0,5)	MISSILE(43144,0.3)					0	
43141	0	0		0.0								0	
43142	0	0		0.0								0	
43150	4305	128	IS43005	6.0				ADD_SPEED_RUN(-0.6)	S_L_SNARED			0	
43151	0	0		0.0								0	
43152	0	0		0.0								0	
43160	4306	0	IS142	15.0				ADD_AC_PHYSICS(-0.35);ADD_AC_MAGIC(-0.35)				0	
43161	3	8192		1.0				HITMISSILE(32,0,326)				0	
43170	0	0		0.0								0	
43171	4	8192		1.0				HITMISSILE(32,0,43171)				0	
43172	4307	128	IB045	15.0				ADD_DAMMIPHYSICS(-0.3);ADD_DAMMIMAGIC(-0.3)				0	
43190	4309	128	IB017	24.0				MISSILE(43009,3)	PS_L_BLOODING			0	
43191	4370	4096	IB017	15.0				ADD_AC_PHYSICS(0.12);ADD_AC_MAGIC(0.12)				0	
43192	4319	8192		1.0				ADD_SPEED_RUN(-0.3)				0	
43200	3	8192		1.0				HITMISSILE(32,0,43200)				0	
43210	0	0		0.0								0	
43211	3	8192		3.0				HITMISSILE(32,1,43213)	PS_L_SINGLE_DASH			0	
43220	4377	12288	IB000	5.0				ADD_SPEED_RUN(0.3)				0	
43230	4313	8192		2.0				HITMISSILE(32,0,43234)				0	
43231	4313	8192		2.0				HITMISSILE(32,0,43234)				0	
43232	4313	8192		2.0				HITMISSILE(32,0,43234)				0	
43233	4378	0	IS43013	30.0				ADD_AC_PHYSICS(-0.3);ADD_AC_MAGIC(-0.3)				0	
43240	4371	32768	IS43014	180.0	LOGOFF(0)			MISSILE(43240,2)	PS_L_AURAFRONT			0	
43241	4314	0	I_CON4_1	90.0	LOGOFF(0)	RATE(50)	HITMISSILE(4067,5,43242)					0	
43250	4371	32768	IB010	180.0	LOGOFF(0)			MISSILE(43250,2)	PS_L_AURARESIST			0	
43251	4314	0	I_CON5_1	90.0	LOGOFF(0)	RATE(50)	HITMISSILE(4067,5,43253)					0	
43260	4371	32768	IS144	180.0	LOGOFF(0)			MISSILE(43260,10)	PS_L_AURACONCENTRATE			0	
43261	4314	0	I_CON1_1	90.0	LOGOFF(0)	RATE(50)	HITMISSILE(4067,5,325)					0	
43270	0	0		0.0								0	
43280	3	8192		3.0					PS_O_SHIELDING			0	
43290	4	0		3.0					S_H_HOLY_CURE			0	
43320	3	8192		3.0					S_H_BATTLE_CALL			0	
44000	3	0		0.0				ADD_AC_MAGIC(2);ADD_ANTI_CURSE(0.1);ADD_RECOVER_STAMINA(0.2);ADD_DAMPLUS_MAGIC(0.6)				0	
44001	3	0		0.0		SKILL(44001)	ADD_DAMMIMAGIC(2.1)					0	
44002	3	0		0.0		SKILL(44002)	ADD_DAMMIMAGIC(1.51)					0	
44003	3	0		0.0		SKILL(44003)	ADD_DAMMIMAGIC(2.5)					0	
44004	3	0		0.0		SKILL(44004)	ADD_DAMPLUS_MAGIC(2.9)					0	
44005	3	0		0.0		SKILL(44005)	ADD_DAMMIMAGIC(1.5)					0	
44006	3	0		0.0		SKILL(44006)	ADD_DAMMIMAGIC(1.9)					0	
44007	3	0		0.0		SKILL(44007)	ADD_DAMMIMAGIC(1)					0	
44008	3	0		0.0		SKILL(44008)	ADD_DAMMIMAGIC(1.8)					0	
44014	4407	256	IS44014	30.0	LOGOFF(0)			ADD_RECOVER_STAMINA(20);ADD_STAMINAMAX(-0.75);MISSILE(44101,1)	PS_L_SACRIFICE			0	
44009	3	0		0.0		SKILL(44009)	ADD_DAMMIMAGIC(2)					0	
44010	3	0		0.0		SKILL(44010)	ADD_DAMPLUS_MAGIC(2)					0	
44011	3	0		0.0		SKILL(44011)	ADD_DAMMIMAGIC(2)					0	
44012	3	0		0.0		SKILL(44012)	ADD_DAMMIMAGIC(2)					0	
44013	3	0		0.0				ADD_ANTI_STUN(10);ADD_ANTI_CURSE(10);MISSILE(44230,1);MUL_HPMAX(0.5);ADD_AC_PHYSICS(-10);ADD_AC_MAGIC(-10)	PS_L_SUNSHIELD			0	
44015	3	0		0.0		SKILL(44015)	ADD_DAMMIMAGIC(1.5)					0	
44016	3	0		0.0		SKILL(44016)	ADD_DAMPLUS_MAGIC(0.5)					0	
44017	4414	4096	IS164	30.0				ADD_RECOVER_STAMINA(0.6);ADD_RECOVER_HP(1)				0	
44018	3	0		0.0		SKILL(44018)	ADD_DAMPLUS_MAGIC(2.95)					0	
44019	3	0		0.0		SKILL(44019)	ADD_DAMMIMAGIC(2.2)					0	
44020	3	0		0.0		SKILL(44020)	ADD_DAMMIMAGIC(1.2)					0	
44021	3	0		0.0		SKILL(44021)	ADD_DAMMIMAGIC(2.5)					0	
44022	3	0		0.0		SKILL(44022)	ADD_DAMPLUS_MAGIC(1.8)					0	
44023	3	0		0.0				ADD_AC_MAGIC(1);ADD_ANTI_CURSE(0.02);ADD_DAMPLUS_MAGIC(0.4)				0	
44024	3	0		0.0				ADD_AC_MAGIC(1);ADD_ANTI_CURSE(0.03);ADD_DAMPLUS_MAGIC(0.4)				0	
44025	3	0		0.0				ADD_AC_MAGIC(1);ADD_ANTI_CURSE(0.05);ADD_DAMPLUS_MAGIC(0.4)				0	
44110	4404	8192		0.800000011920929				ADD_SPEED_RUN(-0.3)	PS_C_FIRE			0	
44130	4401	8	IB037	30.5				MISSILE(44130,3)	PS_L_SUNBURN			0	
44140	4405	8192		1.0				HITMISSILE(1024,0,325)				0	
44160	44	256	IB033	60.70000076293945	LOGOFF(0)			COUNTERMISSILE(65535,5,44161)	PS_L_FIREARMOR			0	
44161	4406	256	IS1621	9.0				MUL_DAMMIPHYSICS(0.15);MUL_DAMMIMAGIC(0.15)	PS_L_FIREARMOR			0	
44190	4409	256	IS188	30.5	CHANGESCENE(0)			MISSILE(44190,3)	PS_L_SUNHEAL			0	
44220	4402	0		1.0				ADD_SPEED_RUN(-0.5)				0	
44230	4403	256	IS44013	2.0				ADD_MUL_DAMAGE(-0.2)				0	
44240	4408	256	I_CON3_1	2.0	LOGOFF(0)			ADD_MUL_DAMAGE(-1)				0	
44241	4	8192		35.0	LOGOFF(0)	BUFF_I(44014,0,1)	HITMISSILE(4,0,44103)					0	
44242	4	8192		35.0	LOGOFF(0)	BUFF_I(44014,0,1)	HITMISSILE(1024,0,44104)					0	
44260	4410	8	IS43017	15.0		BUFF_I(44262,0,10)	MISSILE(44182,1)		PS_L_SUN_PUNISHMENT			0	
44261	4412	8192		20.0		BUFF_I(44260,0,1)	COUNTERMISSILE(1024,0,44181)					0	
44262	4411	8192		20.0								0	
44263	4413	8192		3.0					S_H_SUN_PUNISHMENT			0	
44280	4280	0		1.0				ADD_SPEED_RUN(-10);HITMISSILE(1024,0,322)				0	
44310	4	0		4.0					PS_C_FIRE			0	
44370	4	0		1.0				HITMISSILE(4,0,44318)				0	
44371	4415	0	IS164	30.0				ADD_RECOVER_STAMINA(0.2)				0	
45000	3	0		0.0				ADD_HPMAX(1);ADD_STAMINAMAX(0.05);ADD_PENETRATE_MAGIC(2)				0	
45001	3	0		0.0		SKILL(45001)	ADD_DAMMIMAGIC(1.2)					0	
45002	4506	64	IS206	60.0	LOGOFF(0)			ADD_AC_PHYSICS(-1);ADD_AC_MAGIC(-1)				0	
45003	3	0		0.0		SKILL(45003)	ADD_DAMMIMAGIC(1)					0	
45004	3	0		0.0		SKILL(45004)	ADD_DAMMIMAGIC(1.4)					0	
45005	3	0		0.0		SKILL(45005)	ADD_DAMPLUS_MAGIC(2)					0	
45006	4511	2048	IB036	45.0				ADD_AC_PHYSICS(1.2);ADD_AC_MAGIC(1.2)				0	
45007	4512	2048	IS212	45.0				ADD_DAMMIPHYSICS(0.3);ADD_DAMMIMAGIC(0.3);ADD_DAMPLUS_PHYSICS(0.3);ADD_DAMPLUS_MAGIC(0.3)				0	
45008	3	0		0.0		SKILL(45008)	ADD_DAMMIMAGIC(1.9)					0	
45009	4516	0	IS200a	2.0				ADD_SPEED_RUN(-0.7);ADD_AC_PHYSICS(-1);ADD_AC_MAGIC(-1)				0	
45010	3	0		0.0		SKILL(45010)	ADD_DAMMIMAGIC(1.6)					0	
45011	3	0		0.0		SKILL(45011)	ADD_DAMMIMAGIC(1.4)					0	
45012	3	0		0.0		SKILL(45012)	ADD_DAMPLUS_MAGIC(2.4)					0	
45013	3	0		0.0		SKILL(45013)	ADD_DAMMIMAGIC(1.5)					0	
45014	3	0		0.0		SKILL(45014)	ADD_DAMPLUS_MAGIC(1)					0	
45015	4501	2048	IS45015	3.0				ADD_DAMMIPHYSICS(1.2);ADD_DAMMIMAGIC(1.2);ADD_DAMPLUS_PHYSICS(1.2);ADD_DAMPLUS_MAGIC(1.2);DRAIN_LIFE(0.2)				0	
45016	3	0		0.0		SKILL(45016)	ADD_DAMMIMAGIC(1.2)					0	
45017	3	0		0.0		SKILL(45017)	ADD_DAMMIMAGIC(1.8)					0	
45018	4518	2048		1.0				DRAIN_LIFE(0.5);ADD_SPEED_RUN(-0.7);ADD_ANTI_STUN(10);ADD_AC_PHYSICS(-2);ADD_AC_MAGIC(-2);ADD_DAMMIMAGIC(2.2)				0	
45019	3	0		0.0		SKILL(45019)	ADD_DAMMIMAGIC(2.1)					0	
45020	4520	0	IS213	60.0				ADD_DAMMIPHYSICS(1);ADD_DAMMIMAGIC(1);ADD_DAMPLUS_PHYSICS(1);ADD_DAMPLUS_MAGIC(1);DRAIN_LIFE(0.1);ADD_AC_PHYSICS(-2);ADD_AC_MAGIC(-2);ADD_RECOVER_STAMINA(0.6)	PS_L_EVIL_MIGHT			0	
45021	3	0		0.0		SKILL(45021)	ADD_DAMMIMAGIC(1.3)					0	
45022	3	0		0.0		SKILL(45022)	ADD_DAMMIMAGIC(4)					0	
45023	3	0		0.0				ADD_HPMAX(1);ADD_STAMINAMAX(0.05);ADD_PENETRATE_MAGIC(1)				0	
45024	3	0		0.0				ADD_HPMAX(1);ADD_STAMINAMAX(0.05);ADD_PENETRATE_MAGIC(1)				0	
45025	3	0		0.0				ADD_HPMAX(1);ADD_STAMINAMAX(0.05);ADD_PENETRATE_MAGIC(1)				0	
45100	3	8192		10.0								0	
45101	3	8192		10.0								0	
45102	4503	64	IS201	10.0				ADD_SPEED_RUN(-0.15)	L_EVIL_SPIRIT_SNARE			0	
45103	4504	64	IB025	10.0				ADD_MUL_DAMAGE(0.05)	L_EVIL_SPIRIT_DMG			0	
45120	4507	64	IS206	0.0				WEAPON_DISAPPEAR(32);ADD_RECOVER_STAMINA(0.6);LINK_DAMAGE_SHIFT(0,0.2)				0	
45121	45121	64	IS206	60.0				WEAPON_DISAPPEAR(32);ADD_RECOVER_STAMINA(1);LINK_DAMAGE_SHIFT(0,0.2)	L_POSSESSION_OF_PUPPET			0	
45130	3	8192		0.5				ADD_ANTI_STUN(1)				0	
45140	4514	64	IS45004	30.0				MISSILE(45141,3)				0	
45150	4515	8192		0.5		BUFF_I(45140,0,1)	MISSILE(45150,0.3)					0	
45151	4570	8192		0.5				MISSILE(45151,0.3)	S_A_POISON_WAVE			0	
45152	4505	64	IS45005	15.0				MISSILE(45153,3)				0	
45153	4508	64	IB039	10.0				MISSILE(45154,1)	S_L_SEED_ACID			0	
45160	4509	2048	IB036	7.0				ADD_MUL_DAMAGE(-0.3)				0	
45170	4510	2048	IS212	7.0				MUL_DAMMIPHYSICS(0.2);MUL_DAMMIMAGIC(0.2);MUL_DAMPLUS_MAGIC(0.2);MUL_DAMPLUS_PHYSICS(0.2)				0	
45190	4513	64		15.0				MISSILE(45190,1)	L_DARK_GRAVITY			0	
45191	45191	64		2.0				ADD_SPEED_RUN(-0.7)	L_EVIL_SPIRIT_SNARE			0	
45200	3	0		3.0				IRONFOOT(0)	S_H_PUPPET_BODYCONTROL			0	
45210	45210	64		1.0					L_DARK_CRYSTAL			0	
45220	4517	8192		1.0				HITMISSILE(1,0,325)				0	
45280	4502	16384		10.0					PS_L_TAUNTED			0	
45281	4512	0		2.0				DRAIN_LIFE(0.5);ADD_SPEED_RUN(-0.7)				0	
45310	3	0		2.0		BUFF_I(298,0,1)	MUL_DAMMIPHYSICS(0.1);MUL_DAMMIMAGIC(0.1)					0	
45311	3	0		2.0		BUFF_I(298,0,2)	MUL_DAMMIPHYSICS(0.1);MUL_DAMMIMAGIC(0.1)					0	
45312	3	0		2.0		BUFF_I(298,0,3)	MUL_DAMMIPHYSICS(0.1);MUL_DAMMIMAGIC(0.1)					0	
45313	3	0		2.0		BUFF_I(298,0,4)	MUL_DAMMIPHYSICS(0.1);MUL_DAMMIMAGIC(0.1)					0	
45314	3	0		2.0		BUFF_I(298,0,5)	MUL_DAMMIPHYSICS(0.1);MUL_DAMMIMAGIC(0.1)					0	
45320	0	0		0.0								0	
51091	41	0	ICON_Collect_Treasure_000_000	6.0				ADD_DODGE(0.1)				0	
60001	999	0		0.0				ADD_STRENGH(0.8)				0	
60002	999	0		0.0				ADD_AGILITY(0.8)				0	
60003	999	0		0.0				ADD_INTELLECT(0.8)				0	
60004	999	0		0.0				ADD_CONSITUTION(0.8)				0	
60005	999	0		0.0				ADD_PERCEPTION(0.8)				0	
60006	999	0		0.0				ADD_STRENGH(1)				0	
60007	999	0		0.0				ADD_AGILITY(1)				0	
60008	999	0		0.0				ADD_INTELLECT(1)				0	
60009	999	0		0.0				ADD_CONSITUTION(1)				0	
60010	999	0		0.0				ADD_PERCEPTION(1)				0	
60011	999	0		0.0				ADD_STRENGH(1.2)				0	
60012	999	0		0.0				ADD_AGILITY(1.2)				0	
60013	999	0		0.0				ADD_INTELLECT(1.2)				0	
60014	999	0		0.0				ADD_CONSITUTION(1.2)				0	
60015	999	0		0.0				ADD_PERCEPTION(1.2)				0	
60016	999	0		0.0				ADD_STRENGH(1.4)				0	
60017	999	0		0.0				ADD_AGILITY(1.4)				0	
60018	999	0		0.0				ADD_INTELLECT(1.4)				0	
60019	999	0		0.0				ADD_CONSITUTION(1.4)				0	
60020	999	0		0.0				ADD_PERCEPTION(1.4)				0	
60021	999	0		0.0				ADD_STRENGH(1.6)				0	
60022	999	0		0.0				ADD_AGILITY(1.6)				0	
60023	999	0		0.0				ADD_INTELLECT(1.6)				0	
60024	999	0		0.0				ADD_CONSITUTION(1.6)				0	
60025	999	0		0.0				ADD_PERCEPTION(1.6)				0	
60101	999	0		0.0				ADD_STRENGH(2.2)				0	
60102	999	0		0.0				ADD_AGILITY(2.2)				0	
60103	999	0		0.0				ADD_INTELLECT(2.2)				0	
60104	999	0		0.0				ADD_CONSITUTION(2.2)				0	
60105	999	0		0.0				ADD_PERCEPTION(2.2)				0	
60106	999	0		0.0				ADD_STRENGH(2.4)				0	
60107	999	0		0.0				ADD_AGILITY(2.4)				0	
60108	999	0		0.0				ADD_INTELLECT(2.4)				0	
60109	999	0		0.0				ADD_CONSITUTION(2.4)				0	
60110	999	0		0.0				ADD_PERCEPTION(2.4)				0	
60111	999	0		0.0				ADD_STRENGH(2.6)				0	
60112	999	0		0.0				ADD_AGILITY(2.6)				0	
60113	999	0		0.0				ADD_INTELLECT(2.6)				0	
60114	999	0		0.0				ADD_CONSITUTION(2.6)				0	
60115	999	0		0.0				ADD_PERCEPTION(2.6)				0	
60116	999	0		0.0				ADD_STRENGH(2.8)				0	
60117	999	0		0.0				ADD_AGILITY(2.8)				0	
60118	999	0		0.0				ADD_INTELLECT(2.8)				0	
60119	999	0		0.0				ADD_CONSITUTION(2.8)				0	
60120	999	0		0.0				ADD_PERCEPTION(2.8)				0	
60121	999	0		0.0				ADD_STRENGH(3)				0	
60122	999	0		0.0				ADD_AGILITY(3)				0	
60123	999	0		0.0				ADD_INTELLECT(3)				0	
60124	999	0		0.0				ADD_CONSITUTION(3)				0	
60125	999	0		0.0				ADD_PERCEPTION(3)				0	
90001	90001	0	IB025	0.0				MUL_COST_GLIDEUP(-0.95)				0	
90010	4	0		0.0				ADD_SPEED_RUN(0.16)				0	
90011	4	0		1.0				ADD_SPEED_RUN(0.33)				0	
90012	4	0		2.0				ADD_SPEED_RUN(0.5)				0	
90013	4	0		3.0				ADD_SPEED_RUN(0.66)				0	
90014	4	0		4.0				ADD_SPEED_RUN(0.83)				0	
90015	4	0		5.0				ADD_SPEED_RUN(1)				0	
90016	4	0		6.0				ADD_SPEED_RUN(1.16)				0	
90017	4	0		7.0				ADD_SPEED_RUN(1.33)				0	
90018	4	0		8.0				ADD_SPEED_RUN(1.5)				0	
90019	4	0		9.0				ADD_SPEED_RUN(1.66)				0	
90020	4	0		10.0				ADD_SPEED_RUN(1.83)				0	
90021	4	0		11.0				ADD_SPEED_RUN(2)				0	
90022	4	0		12.0				ADD_SPEED_RUN(2.16)				0	
90023	4	0		13.0				ADD_SPEED_RUN(2.33)				0	
90024	4	0		14.0				ADD_SPEED_RUN(2.5)				0	
90025	4	0		15.0				ADD_SPEED_RUN(2.66)				0	
90026	4	0		16.0				ADD_SPEED_RUN(2.83)				0	
90027	4	0		17.0				ADD_SPEED_RUN(3)				0	
90028	4	0		18.0				ADD_SPEED_RUN(3.16)				0	
90029	4	0		19.0				ADD_SPEED_RUN(3.33)				0	
99996	4	2		0.0				ADD_SPEED_RUN(0.3)				0	_F_WALK_000;_F_FORWARD_000
99997	4	2		0.0				ADD_HPMAX(100)				0	_F_READY_000;_F_SENTRY_000
99998	4	0		0.0				MUL_COST_GLIDEUP(-0.95)				0	
99999	4	2		0.0				ADD_HPMAX(52.37)\nADD_DAMMIPHYSICS(-0.9)\nADD_DAMMIMAGIC(-0.9)\nADD_RECOVER_HP(-0.05)				0	
