n_ID	s_NAME	n_TYPE	n_EQUIPTYPE	n_MOB_RANK	n_LEVEL_MIN	n_LEVEL_MAX	n_WEIGHT	n_EFFECT	n_ADDITIONAL_LEVEL	s_HK_VER	s_TC_VER	s_JP_VER	s_TH_VER
2001	良品	2	7	3	1	255	8	18001	1	1.01.0100	1.01.0100	1.07.0000	1.07.0000
2002	精品	2	7	66	1	255	4	18002	2	1.01.0100	1.01.0100	1.07.0000	1.07.0000
2003	逸品	2	7	4292	1	255	2	18003	3	1.01.0100	1.01.0100	1.07.0000	1.07.0000
2004	極品	2	7	128	1	255	1	18004	4	1.01.0100	1.01.0100	1.07.0000	1.07.0000
2005	良品	2	7	3	1	255	8	18005	1	1.01.0100	1.01.0100	1.07.0000	1.07.0000
2006	精品	2	7	66	1	255	4	18006	2	1.01.0100	1.01.0100	1.07.0000	1.07.0000
2007	逸品	2	7	4292	1	255	2	18007	3	1.01.0100	1.01.0100	1.07.0000	1.07.0000
2008	極品	2	7	128	1	255	1	18008	4	1.01.0100	1.01.0100	1.07.0000	1.07.0000
2009	良品	2	7	3	1	255	8	18009	1	1.01.0100	1.01.0100	1.07.0000	1.07.0000
2010	精品	2	7	66	1	255	4	18010	2	1.01.0100	1.01.0100	1.07.0000	1.07.0000
2011	逸品	2	7	4292	1	255	2	18011	3	1.01.0100	1.01.0100	1.07.0000	1.07.0000
2012	極品	2	7	128	1	255	1	18012	4	1.01.0100	1.01.0100	1.07.0000	1.07.0000
2013	良品	2	7	3	1	255	8	18013	1	1.01.0100	1.01.0100	1.07.0000	1.07.0000
2014	精品	2	7	66	1	255	4	18014	2	1.01.0100	1.01.0100	1.07.0000	1.07.0000
2015	逸品	2	7	4292	1	255	2	18015	3	1.01.0100	1.01.0100	1.07.0000	1.07.0000
2016	極品	2	7	128	1	255	1	18016	4	1.01.0100	1.01.0100	1.07.0000	1.07.0000
2017	良品	2	7	3	1	255	8	18017	1	1.01.0100	1.01.0100	1.07.0000	1.07.0000
2018	精品	2	7	66	1	255	4	18018	2	1.01.0100	1.01.0100	1.07.0000	1.07.0000
2019	逸品	2	7	4292	1	255	2	18019	3	1.01.0100	1.01.0100	1.07.0000	1.07.0000
2020	極品	2	7	128	1	255	1	18020	4	1.01.0100	1.01.0100	1.07.0000	1.07.0000
2021	良品	2	7	3	1	255	8	18021	1	1.01.0100	1.01.0100	1.07.0000	1.07.0000
2022	精品	2	7	66	1	255	4	18022	2	1.01.0100	1.01.0100	1.07.0000	1.07.0000
2023	逸品	2	7	4292	1	255	2	18023	3	1.01.0100	1.01.0100	1.07.0000	1.07.0000
2024	極品	2	7	128	1	255	1	18024	4	1.01.0100	1.01.0100	1.07.0000	1.07.0000
2025	良品	2	7	3	1	255	8	18025	1	1.01.0100	1.01.0100	1.07.0000	1.07.0000
2026	精品	2	7	66	1	255	4	18026	2	1.01.0100	1.01.0100	1.07.0000	1.07.0000
2027	逸品	2	7	4292	1	255	2	18027	3	1.01.0100	1.01.0100	1.07.0000	1.07.0000
2028	極品	2	7	128	1	255	1	18028	4	1.01.0100	1.01.0100	1.07.0000	1.07.0000
2029	良品	2	7	3	1	255	8	18029	1	1.01.0100	1.01.0100	1.07.0000	1.07.0000
2030	精品	2	7	66	1	255	4	18030	2	1.01.0100	1.01.0100	1.07.0000	1.07.0000
2031	逸品	2	7	4292	1	255	2	18031	3	1.01.0100	1.01.0100	1.07.0000	1.07.0000
2032	極品	2	7	128	1	255	1	18032	4	1.01.0100	1.01.0100	1.07.0000	1.07.0000
2033	良品	2	7	3	1	255	100	18033	1	1.01.0100	1.01.0100	1.07.0000	1.07.0000
2034	精品	2	7	66	1	255	60	18034	2	1.01.0100	1.01.0100	1.07.0000	1.07.0000
2035	逸品	2	7	4292	1	255	30	18035	3	1.01.0100	1.01.0100	1.07.0000	1.07.0000
2036	極品	2	7	128	1	255	15	18036	4	1.01.0100	1.01.0100	1.07.0000	1.07.0000
2037	良品	2	7	3	1	255	100	18037	1	1.01.0100	1.01.0100	1.07.0000	1.07.0000
2038	精品	2	7	66	1	255	60	18038	2	1.01.0100	1.01.0100	1.07.0000	1.07.0000
2039	逸品	2	7	4292	1	255	30	18039	3	1.01.0100	1.01.0100	1.07.0000	1.07.0000
2040	極品	2	7	128	1	255	15	18040	4	1.01.0100	1.01.0100	1.07.0000	1.07.0000
2041	良品	2	7	3	1	255	100	18041	1	1.01.0100	1.01.0100	1.07.0000	1.07.0000
2042	精品	2	7	66	1	255	60	18042	2	1.01.0100	1.01.0100	1.07.0000	1.07.0000
2043	逸品	2	7	4292	1	255	30	18043	3	1.01.0100	1.01.0100	1.07.0000	1.07.0000
2044	極品	2	7	128	1	255	15	18044	4	1.01.0100	1.01.0100	1.07.0000	1.07.0000
2045	良品	2	7	3	1	255	100	18045	1	1.01.0100	1.01.0100	1.07.0000	1.07.0000
2046	精品	2	7	66	1	255	60	18046	2	1.01.0100	1.01.0100	1.07.0000	1.07.0000
2047	逸品	2	7	4292	1	255	30	18047	3	1.01.0100	1.01.0100	1.07.0000	1.07.0000
2048	極品	2	7	128	1	255	15	18048	4	1.01.0100	1.01.0100	1.07.0000	1.07.0000
2049	良品	2	7	3	1	255	100	18049	1	1.01.0100	1.01.0100	1.07.0000	1.07.0000
2050	精品	2	7	66	1	255	60	18050	2	1.01.0100	1.01.0100	1.07.0000	1.07.0000
2051	逸品	2	7	4292	1	255	30	18051	3	1.01.0100	1.01.0100	1.07.0000	1.07.0000
2052	極品	2	7	128	1	255	15	18052	4	1.01.0100	1.01.0100	1.07.0000	1.07.0000
2053	良品	2	7	3	1	255	100	18053	1	1.01.0100	1.01.0100	1.07.0000	1.07.0000
2054	精品	2	7	66	1	255	60	18054	2	1.01.0100	1.01.0100	1.07.0000	1.07.0000
2055	逸品	2	7	4292	1	255	30	18055	3	1.01.0100	1.01.0100	1.07.0000	1.07.0000
2056	極品	2	7	128	1	255	15	18056	4	1.01.0100	1.01.0100	1.07.0000	1.07.0000
2057	良品	2	7	3	1	255	100	18057	1	1.01.0100	1.01.0100	1.07.0000	1.07.0000
2058	精品	2	7	66	1	255	60	18058	2	1.01.0100	1.01.0100	1.07.0000	1.07.0000
2059	逸品	2	7	4292	1	255	30	18059	3	1.01.0100	1.01.0100	1.07.0000	1.07.0000
2060	極品	2	7	128	1	255	15	18060	4	1.01.0100	1.01.0100	1.07.0000	1.07.0000
2061	良品	2	7	3	1	255	100	18061	1	1.01.0100	1.01.0100	1.07.0000	1.07.0000
2062	精品	2	7	66	1	255	60	18062	2	1.01.0100	1.01.0100	1.07.0000	1.07.0000
2063	逸品	2	7	4292	1	255	30	18063	3	1.01.0100	1.01.0100	1.07.0000	1.07.0000
2064	極品	2	7	128	1	255	15	18064	4	1.01.0100	1.01.0100	1.07.0000	1.07.0000
2065	良品	2	7	3	1	255	100	18065	1	1.01.0100	1.01.0100	1.07.0000	1.07.0000
2066	精品	2	7	66	1	255	60	18066	2	1.01.0100	1.01.0100	1.07.0000	1.07.0000
2067	逸品	2	7	4292	1	255	30	18067	3	1.01.0100	1.01.0100	1.07.0000	1.07.0000
2068	極品	2	7	128	1	255	15	18068	4	1.01.0100	1.01.0100	1.07.0000	1.07.0000
2069	良品	2	7	3	1	255	100	18069	1	1.01.0100	1.01.0100	1.07.0000	1.07.0000
2070	精品	2	7	66	1	255	60	18070	2	1.01.0100	1.01.0100	1.07.0000	1.07.0000
2071	逸品	2	7	4292	1	255	30	18071	3	1.01.0100	1.01.0100	1.07.0000	1.07.0000
2072	極品	2	7	128	1	255	15	18072	4	1.01.0100	1.01.0100	1.07.0000	1.07.0000
2073	良品	2	7	3	1	255	100	18073	1	1.01.0100	1.01.0100	1.07.0000	1.07.0000
2074	精品	2	7	66	1	255	60	18074	2	1.01.0100	1.01.0100	1.07.0000	1.07.0000
2075	逸品	2	7	4292	1	255	30	18075	3	1.01.0100	1.01.0100	1.07.0000	1.07.0000
2076	極品	2	7	128	1	255	15	18076	4	1.01.0100	1.01.0100	1.07.0000	1.07.0000
2077	良品	2	7	3	1	255	100	18077	1	1.01.0100	1.01.0100	1.07.0000	1.07.0000
2078	精品	2	7	66	1	255	60	18078	2	1.01.0100	1.01.0100	1.07.0000	1.07.0000
2079	逸品	2	7	4292	1	255	30	18079	3	1.01.0100	1.01.0100	1.07.0000	1.07.0000
2080	極品	2	7	128	1	255	15	18080	4	1.01.0100	1.01.0100	1.07.0000	1.07.0000
2081	良品	2	7	3	1	255	100	18081	1	1.01.0100	1.01.0100	1.07.0000	1.07.0000
2082	精品	2	7	66	1	255	60	18082	2	1.01.0100	1.01.0100	1.07.0000	1.07.0000
2083	逸品	2	7	4292	1	255	30	18083	3	1.01.0100	1.01.0100	1.07.0000	1.07.0000
2084	極品	2	7	128	1	255	15	18084	4	1.01.0100	1.01.0100	1.07.0000	1.07.0000
2085	良品	2	7	3	1	255	100	18085	1	1.01.0100	1.01.0100	1.07.0000	1.07.0000
2086	精品	2	7	66	1	255	60	18086	2	1.01.0100	1.01.0100	1.07.0000	1.07.0000
2087	逸品	2	7	4292	1	255	30	18087	3	1.01.0100	1.01.0100	1.07.0000	1.07.0000
2088	極品	2	7	128	1	255	15	18088	4	1.01.0100	1.01.0100	1.07.0000	1.07.0000
2089	良品	2	7	3	1	255	100	18089	1	1.01.0100	1.01.0100	1.07.0000	1.07.0000
2090	精品	2	7	66	1	255	60	18090	2	1.01.0100	1.01.0100	1.07.0000	1.07.0000
2091	逸品	2	7	4292	1	255	30	18091	3	1.01.0100	1.01.0100	1.07.0000	1.07.0000
2092	極品	2	7	128	1	255	15	18092	4	1.01.0100	1.01.0100	1.07.0000	1.07.0000
2093	良品	2	7	3	1	255	100	18093	1	1.01.0100	1.01.0100	1.07.0000	1.07.0000
2094	精品	2	7	66	1	255	60	18094	2	1.01.0100	1.01.0100	1.07.0000	1.07.0000
2095	逸品	2	7	4292	1	255	30	18095	3	1.01.0100	1.01.0100	1.07.0000	1.07.0000
2096	極品	2	7	128	1	255	15	18096	4	1.01.0100	1.01.0100	1.07.0000	1.07.0000
2097	良品	2	7	3	1	255	8	18097	1	1.01.0100	1.01.0100	1.07.0000	1.07.0000
2098	精品	2	7	66	1	255	4	18098	2	1.01.0100	1.01.0100	1.07.0000	1.07.0000
2099	逸品	2	7	4292	1	255	2	18099	3	1.01.0100	1.01.0100	1.07.0000	1.07.0000
2100	極品	2	7	128	1	255	1	18100	4	1.01.0100	1.01.0100	1.07.0000	1.07.0000
2101	良品	2	7	3	1	255	8	18101	1	1.01.0100	1.01.0100	1.07.0000	1.07.0000
2102	精品	2	7	66	1	255	4	18102	2	1.01.0100	1.01.0100	1.07.0000	1.07.0000
2103	逸品	2	7	4292	1	255	2	18103	3	1.01.0100	1.01.0100	1.07.0000	1.07.0000
2104	極品	2	7	128	1	255	1	18104	4	1.01.0100	1.01.0100	1.07.0000	1.07.0000
2105	良品	2	7	3	1	255	8	18105	1	1.01.0100	1.01.0100	1.07.0000	1.07.0000
2106	精品	2	7	66	1	255	4	18106	2	1.01.0100	1.01.0100	1.07.0000	1.07.0000
2107	逸品	2	7	4292	1	255	2	18107	3	1.01.0100	1.01.0100	1.07.0000	1.07.0000
2108	極品	2	7	128	1	255	1	18108	4	1.01.0100	1.01.0100	1.07.0000	1.07.0000
2109	良品	2	7	3	1	255	8	18109	1	1.01.0100	1.01.0100	1.07.0000	1.07.0000
2110	精品	2	7	66	1	255	4	18110	2	1.01.0100	1.01.0100	1.07.0000	1.07.0000
2111	逸品	2	7	4292	1	255	2	18111	3	1.01.0100	1.01.0100	1.07.0000	1.07.0000
2112	極品	2	7	128	1	255	1	18112	4	1.01.0100	1.01.0100	1.07.0000	1.07.0000
2113	良品	2	7	3	1	255	8	18113	1	1.01.0100	1.01.0100	1.07.0000	1.07.0000
2114	精品	2	7	66	1	255	4	18114	2	1.01.0100	1.01.0100	1.07.0000	1.07.0000
2115	逸品	2	7	4292	1	255	2	18115	3	1.01.0100	1.01.0100	1.07.0000	1.07.0000
2116	極品	2	7	128	1	255	1	18116	4	1.01.0100	1.01.0100	1.07.0000	1.07.0000
2117	良品	2	7	3	1	255	8	18117	1	1.01.0100	1.01.0100	1.07.0000	1.07.0000
2118	精品	2	7	66	1	255	4	18118	2	1.01.0100	1.01.0100	1.07.0000	1.07.0000
2119	逸品	2	7	4292	1	255	2	18119	3	1.01.0100	1.01.0100	1.07.0000	1.07.0000
2120	極品	2	7	128	1	255	1	18120	4	1.01.0100	1.01.0100	1.07.0000	1.07.0000
2121	良品	2	7	3	1	255	8	18121	1	1.01.0100	1.01.0100	1.07.0000	1.07.0000
2122	精品	2	7	66	1	255	4	18122	2	1.01.0100	1.01.0100	1.07.0000	1.07.0000
2123	逸品	2	7	4292	1	255	2	18123	3	1.01.0100	1.01.0100	1.07.0000	1.07.0000
2124	極品	2	7	128	1	255	1	18124	4	1.01.0100	1.01.0100	1.07.0000	1.07.0000
2125	良品	2	7	3	1	255	8	18125	1	1.01.0100	1.01.0100	1.07.0000	1.07.0000
2126	精品	2	7	66	1	255	4	18126	2	1.01.0100	1.01.0100	1.07.0000	1.07.0000
2127	逸品	2	7	4292	1	255	2	18127	3	1.01.0100	1.01.0100	1.07.0000	1.07.0000
2128	極品	2	7	128	1	255	1	18128	4	1.01.0100	1.01.0100	1.07.0000	1.07.0000
2129	良品	2	7	3	1	255	100	18129	1	1.01.0100	1.01.0100	1.07.0000	1.07.0000
2130	精品	2	7	66	1	255	60	18130	2	1.01.0100	1.01.0100	1.07.0000	1.07.0000
2131	逸品	2	7	4292	1	255	30	18131	3	1.01.0100	1.01.0100	1.07.0000	1.07.0000
2132	極品	2	7	128	1	255	15	18132	4	1.01.0100	1.01.0100	1.07.0000	1.07.0000
2133	良品	2	7	3	1	255	100	18133	1	1.01.0100	1.01.0100	1.07.0000	1.07.0000
2134	精品	2	7	66	1	255	60	18134	2	1.01.0100	1.01.0100	1.07.0000	1.07.0000
2135	逸品	2	7	4292	1	255	30	18135	3	1.01.0100	1.01.0100	1.07.0000	1.07.0000
2136	極品	2	7	128	1	255	15	18136	4	1.01.0100	1.01.0100	1.07.0000	1.07.0000
2137	良品	2	7	3	1	255	100	18137	1	1.01.0100	1.01.0100	1.07.0000	1.07.0000
2138	精品	2	7	66	1	255	60	18138	2	1.01.0100	1.01.0100	1.07.0000	1.07.0000
2139	逸品	2	7	4292	1	255	30	18139	3	1.01.0100	1.01.0100	1.07.0000	1.07.0000
2140	極品	2	7	128	1	255	15	18140	4	1.01.0100	1.01.0100	1.07.0000	1.07.0000
2141	良品	2	7	3	1	255	100	18141	1	1.01.0100	1.01.0100	1.07.0000	1.07.0000
2142	精品	2	7	66	1	255	60	18142	2	1.01.0100	1.01.0100	1.07.0000	1.07.0000
2143	逸品	2	7	4292	1	255	30	18143	3	1.01.0100	1.01.0100	1.07.0000	1.07.0000
2144	極品	2	7	128	1	255	15	18144	4	1.01.0100	1.01.0100	1.07.0000	1.07.0000
2145	良品	2	7	3	1	255	100	18145	1	1.01.0100	1.01.0100	1.07.0000	1.07.0000
2146	精品	2	7	66	1	255	60	18146	2	1.01.0100	1.01.0100	1.07.0000	1.07.0000
2147	逸品	2	7	4292	1	255	30	18147	3	1.01.0100	1.01.0100	1.07.0000	1.07.0000
2148	極品	2	7	128	1	255	15	18148	4	1.01.0100	1.01.0100	1.07.0000	1.07.0000
2149	良品	2	7	3	1	255	100	18149	1	1.01.0100	1.01.0100	1.07.0000	1.07.0000
2150	精品	2	7	66	1	255	60	18150	2	1.01.0100	1.01.0100	1.07.0000	1.07.0000
2151	逸品	2	7	4292	1	255	30	18151	3	1.01.0100	1.01.0100	1.07.0000	1.07.0000
2152	極品	2	7	128	1	255	15	18152	4	1.01.0100	1.01.0100	1.07.0000	1.07.0000
2153	良品	2	7	3	1	255	100	18153	1	1.01.0100	1.01.0100	1.07.0000	1.07.0000
2154	精品	2	7	66	1	255	60	18154	2	1.01.0100	1.01.0100	1.07.0000	1.07.0000
2155	逸品	2	7	4292	1	255	30	18155	3	1.01.0100	1.01.0100	1.07.0000	1.07.0000
2156	極品	2	7	128	1	255	15	18156	4	1.01.0100	1.01.0100	1.07.0000	1.07.0000
2157	良品	2	7	3	1	255	100	18157	1	1.01.0100	1.01.0100	1.07.0000	1.07.0000
2158	精品	2	7	66	1	255	60	18158	2	1.01.0100	1.01.0100	1.07.0000	1.07.0000
2159	逸品	2	7	4292	1	255	30	18159	3	1.01.0100	1.01.0100	1.07.0000	1.07.0000
2160	極品	2	7	128	1	255	15	18160	4	1.01.0100	1.01.0100	1.07.0000	1.07.0000
2161	良品	2	7	3	1	255	100	18161	1	1.01.0100	1.01.0100	1.07.0000	1.07.0000
2162	精品	2	7	66	1	255	30	18162	2	1.01.0100	1.01.0100	1.07.0000	1.07.0000
2163	逸品	2	7	4292	1	255	10	18163	3	1.01.0100	1.01.0100	1.07.0000	1.07.0000
2164	極品	2	7	128	1	255	5	18164	4	1.01.0100	1.01.0100	1.07.0000	1.07.0000
2165	良品	2	7	3	1	255	100	18165	1	1.01.0100	1.01.0100	1.07.0000	1.07.0000
2166	精品	2	7	66	1	255	30	18166	2	1.01.0100	1.01.0100	1.07.0000	1.07.0000
2167	逸品	2	7	4292	1	255	10	18167	3	1.01.0100	1.01.0100	1.07.0000	1.07.0000
2168	極品	2	7	128	1	255	5	18168	4	1.01.0100	1.01.0100	1.07.0000	1.07.0000
2169	良品	2	7	3	1	255	100	18169	1	1.01.0100	1.01.0100	1.07.0000	1.07.0000
2170	精品	2	7	66	1	255	30	18170	2	1.01.0100	1.01.0100	1.07.0000	1.07.0000
2171	逸品	2	7	4292	1	255	10	18171	3	1.01.0100	1.01.0100	1.07.0000	1.07.0000
2172	極品	2	7	128	1	255	5	18172	4	1.01.0100	1.01.0100	1.07.0000	1.07.0000
2173	良品	2	7	3	1	255	100	18173	1	1.01.0100	1.01.0100	1.07.0000	1.07.0000
2174	精品	2	7	66	1	255	30	18174	2	1.01.0100	1.01.0100	1.07.0000	1.07.0000
2175	逸品	2	7	4292	1	255	10	18175	3	1.01.0100	1.01.0100	1.07.0000	1.07.0000
2176	極品	2	7	128	1	255	5	18176	4	1.01.0100	1.01.0100	1.07.0000	1.07.0000
2177	良品	2	7	3	1	255	100	18177	1	1.01.0100	1.01.0100	1.07.0000	1.07.0000
2178	精品	2	7	66	1	255	30	18178	2	1.01.0100	1.01.0100	1.07.0000	1.07.0000
2179	逸品	2	7	4292	1	255	10	18179	3	1.01.0100	1.01.0100	1.07.0000	1.07.0000
2180	極品	2	7	128	1	255	5	18180	4	1.01.0100	1.01.0100	1.07.0000	1.07.0000
2181	良品	2	7	3	1	255	100	18181	1	1.01.0100	1.01.0100	1.07.0000	1.07.0000
2182	精品	2	7	66	1	255	30	18182	2	1.01.0100	1.01.0100	1.07.0000	1.07.0000
2183	逸品	2	7	4292	1	255	10	18183	3	1.01.0100	1.01.0100	1.07.0000	1.07.0000
2184	極品	2	7	128	1	255	5	18184	4	1.01.0100	1.01.0100	1.07.0000	1.07.0000
2185	良品	2	7	3	1	255	100	18185	1	1.01.0100	1.01.0100	1.07.0000	1.07.0000
2186	精品	2	7	66	1	255	30	18186	2	1.01.0100	1.01.0100	1.07.0000	1.07.0000
2187	逸品	2	7	4292	1	255	10	18187	3	1.01.0100	1.01.0100	1.07.0000	1.07.0000
2188	極品	2	7	128	1	255	5	18188	4	1.01.0100	1.01.0100	1.07.0000	1.07.0000
2189	良品	2	7	3	1	255	100	18189	1	1.01.0100	1.01.0100	1.07.0000	1.07.0000
2190	精品	2	7	66	1	255	30	18190	2	1.01.0100	1.01.0100	1.07.0000	1.07.0000
2191	逸品	2	7	4292	1	255	10	18191	3	1.01.0100	1.01.0100	1.07.0000	1.07.0000
2192	極品	2	7	128	1	255	5	18192	4	1.01.0100	1.01.0100	1.07.0000	1.07.0000
2193	良品	2	7	3	1	255	100	18193	1	1.01.0100	1.01.0100	1.07.0000	1.07.0000
2194	精品	2	7	66	1	255	30	18194	2	1.01.0100	1.01.0100	1.07.0000	1.07.0000
2195	逸品	2	7	4292	1	255	10	18195	3	1.01.0100	1.01.0100	1.07.0000	1.07.0000
2196	極品	2	7	128	1	255	5	18196	4	1.01.0100	1.01.0100	1.07.0000	1.07.0000
2197	良品	2	7	3	1	255	100	18197	1	1.01.0100	1.01.0100	1.07.0000	1.07.0000
2198	精品	2	7	66	1	255	30	18198	2	1.01.0100	1.01.0100	1.07.0000	1.07.0000
2199	逸品	2	7	4292	1	255	10	18199	3	1.01.0100	1.01.0100	1.07.0000	1.07.0000
2200	極品	2	7	128	1	255	5	18200	4	1.01.0100	1.01.0100	1.07.0000	1.07.0000
2201	良品	2	7	3	1	255	100	18201	1	1.01.0100	1.01.0100	1.07.0000	1.07.0000
2202	精品	2	7	66	1	255	30	18202	2	1.01.0100	1.01.0100	1.07.0000	1.07.0000
2203	逸品	2	7	4292	1	255	10	18203	3	1.01.0100	1.01.0100	1.07.0000	1.07.0000
2204	極品	2	7	128	1	255	5	18204	4	1.01.0100	1.01.0100	1.07.0000	1.07.0000
2205	良品	2	7	3	1	255	100	18205	1	1.01.0100	1.01.0100	1.07.0000	1.07.0000
2206	精品	2	7	66	1	255	30	18206	2	1.01.0100	1.01.0100	1.07.0000	1.07.0000
2207	逸品	2	7	4292	1	255	10	18207	3	1.01.0100	1.01.0100	1.07.0000	1.07.0000
2208	極品	2	7	128	1	255	5	18208	4	1.01.0100	1.01.0100	1.07.0000	1.07.0000
2209	良品	2	7	3	1	255	100	18209	1	1.01.0100	1.01.0100	1.07.0000	1.07.0000
2210	精品	2	7	66	1	255	30	18210	2	1.01.0100	1.01.0100	1.07.0000	1.07.0000
2211	逸品	2	7	4292	1	255	10	18211	3	1.01.0100	1.01.0100	1.07.0000	1.07.0000
2212	極品	2	7	128	1	255	5	18212	4	1.01.0100	1.01.0100	1.07.0000	1.07.0000
2213	良品	2	7	3	1	255	100	18213	1	1.01.0100	1.01.0100	1.07.0000	1.07.0000
2214	精品	2	7	66	1	255	30	18214	2	1.01.0100	1.01.0100	1.07.0000	1.07.0000
2215	逸品	2	7	4292	1	255	10	18215	3	1.01.0100	1.01.0100	1.07.0000	1.07.0000
2216	極品	2	7	128	1	255	5	18216	4	1.01.0100	1.01.0100	1.07.0000	1.07.0000
2217	良品	2	7	3	1	255	100	18217	1	1.01.0100	1.01.0100	1.07.0000	1.07.0000
2218	精品	2	7	66	1	255	30	18218	2	1.01.0100	1.01.0100	1.07.0000	1.07.0000
2219	逸品	2	7	4292	1	255	10	18219	3	1.01.0100	1.01.0100	1.07.0000	1.07.0000
2220	極品	2	7	128	1	255	5	18220	4	1.01.0100	1.01.0100	1.07.0000	1.07.0000
2221	良品	2	7	3	1	255	100	18221	1	1.01.0100	1.01.0100	1.07.0000	1.07.0000
2222	精品	2	7	66	1	255	30	18222	2	1.01.0100	1.01.0100	1.07.0000	1.07.0000
2223	逸品	2	7	4292	1	255	10	18223	3	1.01.0100	1.01.0100	1.07.0000	1.07.0000
2224	極品	2	7	128	1	255	5	18224	4	1.01.0100	1.01.0100	1.07.0000	1.07.0000
2225	良品	2	7	3	1	255	50	18225	1	1.01.0100	1.01.0100	1.07.0000	1.07.0000
2226	精品	2	7	66	1	255	15	18226	2	1.01.0100	1.01.0100	1.07.0000	1.07.0000
2227	逸品	2	7	4292	1	255	5	18227	3	1.01.0100	1.01.0100	1.07.0000	1.07.0000
2228	極品	2	7	128	1	255	2	18228	4	1.01.0100	1.01.0100	1.07.0000	1.07.0000
2229	良品	2	120	3	1	255	8	18229	1	1.01.0100	1.01.0100	1.07.0000	1.07.0000
2230	精品	2	120	66	1	255	4	18230	2	1.01.0100	1.01.0100	1.07.0000	1.07.0000
2231	逸品	2	120	4292	1	255	2	18231	3	1.01.0100	1.01.0100	1.07.0000	1.07.0000
2232	極品	2	120	128	1	255	1	18232	4	1.01.0100	1.01.0100	1.07.0000	1.07.0000
2233	良品	2	120	3	1	255	8	18233	1	1.01.0100	1.01.0100	1.07.0000	1.07.0000
2234	精品	2	120	66	1	255	4	18234	2	1.01.0100	1.01.0100	1.07.0000	1.07.0000
2235	逸品	2	120	4292	1	255	2	18235	3	1.01.0100	1.01.0100	1.07.0000	1.07.0000
2236	極品	2	120	128	1	255	1	18236	4	1.01.0100	1.01.0100	1.07.0000	1.07.0000
2237	良品	2	120	3	1	255	8	18237	1	1.01.0100	1.01.0100	1.07.0000	1.07.0000
2238	精品	2	120	66	1	255	4	18238	2	1.01.0100	1.01.0100	1.07.0000	1.07.0000
2239	逸品	2	120	4292	1	255	2	18239	3	1.01.0100	1.01.0100	1.07.0000	1.07.0000
2240	極品	2	120	128	1	255	1	18240	4	1.01.0100	1.01.0100	1.07.0000	1.07.0000
2241	良品	2	120	3	1	255	8	18241	1	1.01.0100	1.01.0100	1.07.0000	1.07.0000
2242	精品	2	120	66	1	255	4	18242	2	1.01.0100	1.01.0100	1.07.0000	1.07.0000
2243	逸品	2	120	4292	1	255	2	18243	3	1.01.0100	1.01.0100	1.07.0000	1.07.0000
2244	極品	2	120	128	1	255	1	18244	4	1.01.0100	1.01.0100	1.07.0000	1.07.0000
2245	良品	2	120	3	1	255	8	18245	1	1.01.0100	1.01.0100	1.07.0000	1.07.0000
2246	精品	2	120	66	1	255	4	18246	2	1.01.0100	1.01.0100	1.07.0000	1.07.0000
2247	逸品	2	120	4292	1	255	2	18247	3	1.01.0100	1.01.0100	1.07.0000	1.07.0000
2248	極品	2	120	128	1	255	1	18248	4	1.01.0100	1.01.0100	1.07.0000	1.07.0000
2249	良品	2	120	3	1	255	8	18249	1	1.01.0100	1.01.0100	1.07.0000	1.07.0000
2250	精品	2	120	66	1	255	4	18250	2	1.01.0100	1.01.0100	1.07.0000	1.07.0000
2251	逸品	2	120	4292	1	255	2	18251	3	1.01.0100	1.01.0100	1.07.0000	1.07.0000
2252	極品	2	120	128	1	255	1	18252	4	1.01.0100	1.01.0100	1.07.0000	1.07.0000
2253	良品	2	120	3	1	255	8	18253	1	1.01.0100	1.01.0100	1.07.0000	1.07.0000
2254	精品	2	120	66	1	255	4	18254	2	1.01.0100	1.01.0100	1.07.0000	1.07.0000
2255	逸品	2	120	4292	1	255	2	18255	3	1.01.0100	1.01.0100	1.07.0000	1.07.0000
2256	極品	2	120	128	1	255	1	18256	4	1.01.0100	1.01.0100	1.07.0000	1.07.0000
2257	良品	2	120	3	1	255	8	18257	1	1.01.0100	1.01.0100	1.07.0000	1.07.0000
2258	精品	2	120	66	1	255	4	18258	2	1.01.0100	1.01.0100	1.07.0000	1.07.0000
2259	逸品	2	120	4292	1	255	2	18259	3	1.01.0100	1.01.0100	1.07.0000	1.07.0000
2260	極品	2	120	128	1	255	1	18260	4	1.01.0100	1.01.0100	1.07.0000	1.07.0000
2261	良品	2	120	3	1	255	100	18261	1	1.01.0100	1.01.0100	1.07.0000	1.07.0000
2262	精品	2	120	66	1	255	60	18262	2	1.01.0100	1.01.0100	1.07.0000	1.07.0000
2263	逸品	2	120	4292	1	255	30	18263	3	1.01.0100	1.01.0100	1.07.0000	1.07.0000
2264	極品	2	120	128	1	255	15	18264	4	1.01.0100	1.01.0100	1.07.0000	1.07.0000
2265	良品	2	120	3	1	255	100	18265	1	1.01.0100	1.01.0100	1.07.0000	1.07.0000
2266	精品	2	120	66	1	255	60	18266	2	1.01.0100	1.01.0100	1.07.0000	1.07.0000
2267	逸品	2	120	4292	1	255	30	18267	3	1.01.0100	1.01.0100	1.07.0000	1.07.0000
2268	極品	2	120	128	1	255	15	18268	4	1.01.0100	1.01.0100	1.07.0000	1.07.0000
2269	良品	2	120	3	1	255	100	18269	1	1.01.0100	1.01.0100	1.07.0000	1.07.0000
2270	精品	2	120	66	1	255	60	18270	2	1.01.0100	1.01.0100	1.07.0000	1.07.0000
2271	逸品	2	120	4292	1	255	30	18271	3	1.01.0100	1.01.0100	1.07.0000	1.07.0000
2272	極品	2	120	128	1	255	15	18272	4	1.01.0100	1.01.0100	1.07.0000	1.07.0000
2273	良品	2	120	3	1	255	100	18273	1	1.01.0100	1.01.0100	1.07.0000	1.07.0000
2274	精品	2	120	66	1	255	60	18274	2	1.01.0100	1.01.0100	1.07.0000	1.07.0000
2275	逸品	2	120	4292	1	255	30	18275	3	1.01.0100	1.01.0100	1.07.0000	1.07.0000
2276	極品	2	120	128	1	255	15	18276	4	1.01.0100	1.01.0100	1.07.0000	1.07.0000
2277	良品	2	120	3	1	255	100	18277	1	1.01.0100	1.01.0100	1.07.0000	1.07.0000
2278	精品	2	120	66	1	255	60	18278	2	1.01.0100	1.01.0100	1.07.0000	1.07.0000
2279	逸品	2	120	4292	1	255	30	18279	3	1.01.0100	1.01.0100	1.07.0000	1.07.0000
2280	極品	2	120	128	1	255	15	18280	4	1.01.0100	1.01.0100	1.07.0000	1.07.0000
2281	良品	2	120	3	1	255	100	18281	1	1.01.0100	1.01.0100	1.07.0000	1.07.0000
2282	精品	2	120	66	1	255	60	18282	2	1.01.0100	1.01.0100	1.07.0000	1.07.0000
2283	逸品	2	120	4292	1	255	30	18283	3	1.01.0100	1.01.0100	1.07.0000	1.07.0000
2284	極品	2	120	128	1	255	15	18284	4	1.01.0100	1.01.0100	1.07.0000	1.07.0000
2285	良品	2	120	3	1	255	100	18285	1	1.01.0100	1.01.0100	1.07.0000	1.07.0000
2286	精品	2	120	66	1	255	60	18286	2	1.01.0100	1.01.0100	1.07.0000	1.07.0000
2287	逸品	2	120	4292	1	255	30	18287	3	1.01.0100	1.01.0100	1.07.0000	1.07.0000
2288	極品	2	120	128	1	255	15	18288	4	1.01.0100	1.01.0100	1.07.0000	1.07.0000
2289	良品	2	120	3	1	255	100	18289	1	1.01.0100	1.01.0100	1.07.0000	1.07.0000
2290	精品	2	120	66	1	255	60	18290	2	1.01.0100	1.01.0100	1.07.0000	1.07.0000
2291	逸品	2	120	4292	1	255	30	18291	3	1.01.0100	1.01.0100	1.07.0000	1.07.0000
2292	極品	2	120	128	1	255	15	18292	4	1.01.0100	1.01.0100	1.07.0000	1.07.0000
2293	良品	2	120	3	1	255	100	18293	1	1.01.0100	1.01.0100	1.07.0000	1.07.0000
2294	精品	2	120	66	1	255	60	18294	2	1.01.0100	1.01.0100	1.07.0000	1.07.0000
2295	逸品	2	120	4292	1	255	30	18295	3	1.01.0100	1.01.0100	1.07.0000	1.07.0000
2296	極品	2	120	128	1	255	15	18296	4	1.01.0100	1.01.0100	1.07.0000	1.07.0000
2297	良品	2	120	3	1	255	100	18297	1	1.01.0100	1.01.0100	1.07.0000	1.07.0000
2298	精品	2	120	66	1	255	60	18298	2	1.01.0100	1.01.0100	1.07.0000	1.07.0000
2299	逸品	2	120	4292	1	255	30	18299	3	1.01.0100	1.01.0100	1.07.0000	1.07.0000
2300	極品	2	120	128	1	255	15	18300	4	1.01.0100	1.01.0100	1.07.0000	1.07.0000
2301	良品	2	120	3	1	255	100	18301	1	1.01.0100	1.01.0100	1.07.0000	1.07.0000
2302	精品	2	120	66	1	255	60	18302	2	1.01.0100	1.01.0100	1.07.0000	1.07.0000
2303	逸品	2	120	4292	1	255	30	18303	3	1.01.0100	1.01.0100	1.07.0000	1.07.0000
2304	極品	2	120	128	1	255	15	18304	4	1.01.0100	1.01.0100	1.07.0000	1.07.0000
2305	良品	2	120	3	1	255	100	18305	1	1.01.0100	1.01.0100	1.07.0000	1.07.0000
2306	精品	2	120	66	1	255	60	18306	2	1.01.0100	1.01.0100	1.07.0000	1.07.0000
2307	逸品	2	120	4292	1	255	30	18307	3	1.01.0100	1.01.0100	1.07.0000	1.07.0000
2308	極品	2	120	128	1	255	15	18308	4	1.01.0100	1.01.0100	1.07.0000	1.07.0000
2309	良品	2	120	3	1	255	100	18309	1	1.01.0100	1.01.0100	1.07.0000	1.07.0000
2310	精品	2	120	66	1	255	60	18310	2	1.01.0100	1.01.0100	1.07.0000	1.07.0000
2311	逸品	2	120	4292	1	255	30	18311	3	1.01.0100	1.01.0100	1.07.0000	1.07.0000
2312	極品	2	120	128	1	255	15	18312	4	1.01.0100	1.01.0100	1.07.0000	1.07.0000
2313	良品	2	120	3	1	255	100	18313	1	1.01.0100	1.01.0100	1.07.0000	1.07.0000
2314	精品	2	120	66	1	255	60	18314	2	1.01.0100	1.01.0100	1.07.0000	1.07.0000
2315	逸品	2	120	4292	1	255	30	18315	3	1.01.0100	1.01.0100	1.07.0000	1.07.0000
2316	極品	2	120	128	1	255	15	18316	4	1.01.0100	1.01.0100	1.07.0000	1.07.0000
2317	良品	2	120	3	1	255	100	18317	1	1.01.0100	1.01.0100	1.07.0000	1.07.0000
2318	精品	2	120	66	1	255	60	18318	2	1.01.0100	1.01.0100	1.07.0000	1.07.0000
2319	逸品	2	120	4292	1	255	30	18319	3	1.01.0100	1.01.0100	1.07.0000	1.07.0000
2320	極品	2	120	128	1	255	15	18320	4	1.01.0100	1.01.0100	1.07.0000	1.07.0000
2321	良品	2	120	3	1	255	100	18321	1	1.01.0100	1.01.0100	1.07.0000	1.07.0000
2322	精品	2	120	66	1	255	60	18322	2	1.01.0100	1.01.0100	1.07.0000	1.07.0000
2323	逸品	2	120	4292	1	255	30	18323	3	1.01.0100	1.01.0100	1.07.0000	1.07.0000
2324	極品	2	120	128	1	255	15	18324	4	1.01.0100	1.01.0100	1.07.0000	1.07.0000
2325	良品	2	120	3	1	255	8	18325	1	1.01.0100	1.01.0100	1.07.0000	1.07.0000
2326	精品	2	120	66	1	255	4	18326	2	1.01.0100	1.01.0100	1.07.0000	1.07.0000
2327	逸品	2	120	4292	1	255	2	18327	3	1.01.0100	1.01.0100	1.07.0000	1.07.0000
2328	極品	2	120	128	1	255	1	18328	4	1.01.0100	1.01.0100	1.07.0000	1.07.0000
2329	良品	2	120	3	1	255	8	18329	1	1.01.0100	1.01.0100	1.07.0000	1.07.0000
2330	精品	2	120	66	1	255	4	18330	2	1.01.0100	1.01.0100	1.07.0000	1.07.0000
2331	逸品	2	120	4292	1	255	2	18331	3	1.01.0100	1.01.0100	1.07.0000	1.07.0000
2332	極品	2	120	128	1	255	1	18332	4	1.01.0100	1.01.0100	1.07.0000	1.07.0000
2333	良品	2	120	3	1	255	8	18333	1	1.01.0100	1.01.0100	1.07.0000	1.07.0000
2334	精品	2	120	66	1	255	4	18334	2	1.01.0100	1.01.0100	1.07.0000	1.07.0000
2335	逸品	2	120	4292	1	255	2	18335	3	1.01.0100	1.01.0100	1.07.0000	1.07.0000
2336	極品	2	120	128	1	255	1	18336	4	1.01.0100	1.01.0100	1.07.0000	1.07.0000
2337	良品	2	120	3	1	255	8	18337	1	1.01.0100	1.01.0100	1.07.0000	1.07.0000
2338	精品	2	120	66	1	255	4	18338	2	1.01.0100	1.01.0100	1.07.0000	1.07.0000
2339	逸品	2	120	4292	1	255	2	18339	3	1.01.0100	1.01.0100	1.07.0000	1.07.0000
2340	極品	2	120	128	1	255	1	18340	4	1.01.0100	1.01.0100	1.07.0000	1.07.0000
2341	良品	2	120	3	1	255	8	18341	1	1.01.0100	1.01.0100	1.07.0000	1.07.0000
2342	精品	2	120	66	1	255	4	18342	2	1.01.0100	1.01.0100	1.07.0000	1.07.0000
2343	逸品	2	120	4292	1	255	2	18343	3	1.01.0100	1.01.0100	1.07.0000	1.07.0000
2344	極品	2	120	128	1	255	1	18344	4	1.01.0100	1.01.0100	1.07.0000	1.07.0000
2345	良品	2	120	3	1	255	8	18345	1	1.01.0100	1.01.0100	1.07.0000	1.07.0000
2346	精品	2	120	66	1	255	4	18346	2	1.01.0100	1.01.0100	1.07.0000	1.07.0000
2347	逸品	2	120	4292	1	255	2	18347	3	1.01.0100	1.01.0100	1.07.0000	1.07.0000
2348	極品	2	120	128	1	255	1	18348	4	1.01.0100	1.01.0100	1.07.0000	1.07.0000
2349	良品	2	120	3	1	255	8	18349	1	1.01.0100	1.01.0100	1.07.0000	1.07.0000
2350	精品	2	120	66	1	255	4	18350	2	1.01.0100	1.01.0100	1.07.0000	1.07.0000
2351	逸品	2	120	4292	1	255	2	18351	3	1.01.0100	1.01.0100	1.07.0000	1.07.0000
2352	極品	2	120	128	1	255	1	18352	4	1.01.0100	1.01.0100	1.07.0000	1.07.0000
2353	良品	2	120	3	1	255	8	18353	1	1.01.0100	1.01.0100	1.07.0000	1.07.0000
2354	精品	2	120	66	1	255	4	18354	2	1.01.0100	1.01.0100	1.07.0000	1.07.0000
2355	逸品	2	120	4292	1	255	2	18355	3	1.01.0100	1.01.0100	1.07.0000	1.07.0000
2356	極品	2	120	128	1	255	1	18356	4	1.01.0100	1.01.0100	1.07.0000	1.07.0000
2357	良品	2	120	3	1	255	100	18357	1	1.01.0100	1.01.0100	1.07.0000	1.07.0000
2358	精品	2	120	66	1	255	60	18358	2	1.01.0100	1.01.0100	1.07.0000	1.07.0000
2359	逸品	2	120	4292	1	255	30	18359	3	1.01.0100	1.01.0100	1.07.0000	1.07.0000
2360	極品	2	120	128	1	255	15	18360	4	1.01.0100	1.01.0100	1.07.0000	1.07.0000
2361	良品	2	120	3	1	255	100	18361	1	1.01.0100	1.01.0100	1.07.0000	1.07.0000
2362	精品	2	120	66	1	255	60	18362	2	1.01.0100	1.01.0100	1.07.0000	1.07.0000
2363	逸品	2	120	4292	1	255	30	18363	3	1.01.0100	1.01.0100	1.07.0000	1.07.0000
2364	極品	2	120	128	1	255	15	18364	4	1.01.0100	1.01.0100	1.07.0000	1.07.0000
2365	良品	2	120	3	1	255	100	18365	1	1.01.0100	1.01.0100	1.07.0000	1.07.0000
2366	精品	2	120	66	1	255	60	18366	2	1.01.0100	1.01.0100	1.07.0000	1.07.0000
2367	逸品	2	120	4292	1	255	30	18367	3	1.01.0100	1.01.0100	1.07.0000	1.07.0000
2368	極品	2	120	128	1	255	15	18368	4	1.01.0100	1.01.0100	1.07.0000	1.07.0000
2369	良品	2	120	3	1	255	100	18369	1	1.01.0100	1.01.0100	1.07.0000	1.07.0000
2370	精品	2	120	66	1	255	60	18370	2	1.01.0100	1.01.0100	1.07.0000	1.07.0000
2371	逸品	2	120	4292	1	255	30	18371	3	1.01.0100	1.01.0100	1.07.0000	1.07.0000
2372	極品	2	120	128	1	255	15	18372	4	1.01.0100	1.01.0100	1.07.0000	1.07.0000
2373	良品	2	120	3	1	255	100	18373	1	1.01.0100	1.01.0100	1.07.0000	1.07.0000
2374	精品	2	120	66	1	255	60	18374	2	1.01.0100	1.01.0100	1.07.0000	1.07.0000
2375	逸品	2	120	4292	1	255	30	18375	3	1.01.0100	1.01.0100	1.07.0000	1.07.0000
2376	極品	2	120	128	1	255	15	18376	4	1.01.0100	1.01.0100	1.07.0000	1.07.0000
2377	良品	2	120	3	1	255	100	18377	1	1.01.0100	1.01.0100	1.07.0000	1.07.0000
2378	精品	2	120	66	1	255	60	18378	2	1.01.0100	1.01.0100	1.07.0000	1.07.0000
2379	逸品	2	120	4292	1	255	30	18379	3	1.01.0100	1.01.0100	1.07.0000	1.07.0000
2380	極品	2	120	128	1	255	15	18380	4	1.01.0100	1.01.0100	1.07.0000	1.07.0000
2381	良品	2	120	3	1	255	100	18381	1	1.01.0100	1.01.0100	1.07.0000	1.07.0000
2382	精品	2	120	66	1	255	60	18382	2	1.01.0100	1.01.0100	1.07.0000	1.07.0000
2383	逸品	2	120	4292	1	255	30	18383	3	1.01.0100	1.01.0100	1.07.0000	1.07.0000
2384	極品	2	120	128	1	255	15	18384	4	1.01.0100	1.01.0100	1.07.0000	1.07.0000
2385	良品	2	120	3	1	255	100	18385	1	1.01.0100	1.01.0100	1.07.0000	1.07.0000
2386	精品	2	120	66	1	255	60	18386	2	1.01.0100	1.01.0100	1.07.0000	1.07.0000
2387	逸品	2	120	4292	1	255	30	18387	3	1.01.0100	1.01.0100	1.07.0000	1.07.0000
2388	極品	2	120	128	1	255	15	18388	4	1.01.0100	1.01.0100	1.07.0000	1.07.0000
2389	良品	2	120	3	1	255	50	18389	1	1.01.0100	1.01.0100	1.07.0000	1.07.0000
2390	精品	2	120	66	1	255	15	18390	2	1.01.0100	1.01.0100	1.07.0000	1.07.0000
2391	逸品	2	120	4292	1	255	5	18391	3	1.01.0100	1.01.0100	1.07.0000	1.07.0000
2392	極品	2	120	128	1	255	2	18392	4	1.01.0100	1.01.0100	1.07.0000	1.07.0000
2393	良品	2	8	3	1	255	100	18393	1	1.01.0100	1.01.0100	1.07.0000	1.07.0000
2394	精品	2	8	66	1	255	30	18394	2	1.01.0100	1.01.0100	1.07.0000	1.07.0000
2395	逸品	2	8	4292	1	255	10	18395	3	1.01.0100	1.01.0100	1.07.0000	1.07.0000
2396	極品	2	8	128	1	255	5	18396	4	1.01.0100	1.01.0100	1.07.0000	1.07.0000
2397	良品	2	8	3	1	255	100	18397	1	1.01.0100	1.01.0100	1.07.0000	1.07.0000
2398	精品	2	8	66	1	255	30	18398	2	1.01.0100	1.01.0100	1.07.0000	1.07.0000
2399	逸品	2	8	4292	1	255	10	18399	3	1.01.0100	1.01.0100	1.07.0000	1.07.0000
2400	極品	2	8	128	1	255	5	18400	4	1.01.0100	1.01.0100	1.07.0000	1.07.0000
2401	良品	2	8	3	1	255	100	18401	1	1.01.0100	1.01.0100	1.07.0000	1.07.0000
2402	精品	2	8	66	1	255	30	18402	2	1.01.0100	1.01.0100	1.07.0000	1.07.0000
2403	逸品	2	8	4292	1	255	10	18403	3	1.01.0100	1.01.0100	1.07.0000	1.07.0000
2404	極品	2	8	128	1	255	5	18404	4	1.01.0100	1.01.0100	1.07.0000	1.07.0000
2405	良品	2	8	3	1	255	100	18405	1	1.01.0100	1.01.0100	1.07.0000	1.07.0000
2406	精品	2	8	66	1	255	30	18406	2	1.01.0100	1.01.0100	1.07.0000	1.07.0000
2407	逸品	2	8	4292	1	255	10	18407	3	1.01.0100	1.01.0100	1.07.0000	1.07.0000
2408	極品	2	8	128	1	255	5	18408	4	1.01.0100	1.01.0100	1.07.0000	1.07.0000
2409	良品	2	8	3	1	255	100	18409	1	1.01.0100	1.01.0100	1.07.0000	1.07.0000
2410	精品	2	8	66	1	255	30	18410	2	1.01.0100	1.01.0100	1.07.0000	1.07.0000
2411	逸品	2	8	4292	1	255	10	18411	3	1.01.0100	1.01.0100	1.07.0000	1.07.0000
2412	極品	2	8	128	1	255	5	18412	4	1.01.0100	1.01.0100	1.07.0000	1.07.0000
2413	良品	2	8	3	1	255	100	18413	1	1.01.0100	1.01.0100	1.07.0000	1.07.0000
2414	精品	2	8	66	1	255	30	18414	2	1.01.0100	1.01.0100	1.07.0000	1.07.0000
2415	逸品	2	8	4292	1	255	10	18415	3	1.01.0100	1.01.0100	1.07.0000	1.07.0000
2416	極品	2	8	128	1	255	5	18416	4	1.01.0100	1.01.0100	1.07.0000	1.07.0000
2417	良品	2	8	3	1	255	100	18417	1	1.01.0100	1.01.0100	1.07.0000	1.07.0000
2418	精品	2	8	66	1	255	30	18418	2	1.01.0100	1.01.0100	1.07.0000	1.07.0000
2419	逸品	2	8	4292	1	255	10	18419	3	1.01.0100	1.01.0100	1.07.0000	1.07.0000
2420	極品	2	8	128	1	255	5	18420	4	1.01.0100	1.01.0100	1.07.0000	1.07.0000
2421	良品	2	8	3	1	255	100	18421	1	1.01.0100	1.01.0100	1.07.0000	1.07.0000
2422	精品	2	8	66	1	255	30	18422	2	1.01.0100	1.01.0100	1.07.0000	1.07.0000
2423	逸品	2	8	4292	1	255	10	18423	3	1.01.0100	1.01.0100	1.07.0000	1.07.0000
2424	極品	2	8	128	1	255	5	18424	4	1.01.0100	1.01.0100	1.07.0000	1.07.0000
2425	良品	2	8	3	1	255	100	18425	1	1.01.0100	1.01.0100	1.07.0000	1.07.0000
2426	精品	2	8	66	1	255	30	18426	2	1.01.0100	1.01.0100	1.07.0000	1.07.0000
2427	逸品	2	8	4292	1	255	10	18427	3	1.01.0100	1.01.0100	1.07.0000	1.07.0000
2428	極品	2	8	128	1	255	5	18428	4	1.01.0100	1.01.0100	1.07.0000	1.07.0000
2429	良品	2	8	3	1	255	100	18429	1	1.01.0100	1.01.0100	1.07.0000	1.07.0000
2430	精品	2	8	66	1	255	30	18430	2	1.01.0100	1.01.0100	1.07.0000	1.07.0000
2431	逸品	2	8	4292	1	255	10	18431	3	1.01.0100	1.01.0100	1.07.0000	1.07.0000
2432	極品	2	8	128	1	255	5	18432	4	1.01.0100	1.01.0100	1.07.0000	1.07.0000
2433	良品	2	8	3	1	255	100	18433	1	1.01.0100	1.01.0100	1.07.0000	1.07.0000
2434	精品	2	8	66	1	255	30	18434	2	1.01.0100	1.01.0100	1.07.0000	1.07.0000
2435	逸品	2	8	4292	1	255	10	18435	3	1.01.0100	1.01.0100	1.07.0000	1.07.0000
2436	極品	2	8	128	1	255	5	18436	4	1.01.0100	1.01.0100	1.07.0000	1.07.0000
2437	良品	2	8	3	1	255	100	18437	1	1.01.0100	1.01.0100	1.07.0000	1.07.0000
2438	精品	2	8	66	1	255	30	18438	2	1.01.0100	1.01.0100	1.07.0000	1.07.0000
2439	逸品	2	8	4292	1	255	10	18439	3	1.01.0100	1.01.0100	1.07.0000	1.07.0000
2440	極品	2	8	128	1	255	5	18440	4	1.01.0100	1.01.0100	1.07.0000	1.07.0000
2441	良品	2	8	3	1	255	100	18441	1	1.01.0100	1.01.0100	1.07.0000	1.07.0000
2442	精品	2	8	66	1	255	30	18442	2	1.01.0100	1.01.0100	1.07.0000	1.07.0000
2443	逸品	2	8	4292	1	255	10	18443	3	1.01.0100	1.01.0100	1.07.0000	1.07.0000
2444	極品	2	8	128	1	255	5	18444	4	1.01.0100	1.01.0100	1.07.0000	1.07.0000
2445	良品	2	8	3	1	255	100	18445	1	1.01.0100	1.01.0100	1.07.0000	1.07.0000
2446	精品	2	8	66	1	255	30	18446	2	1.01.0100	1.01.0100	1.07.0000	1.07.0000
2447	逸品	2	8	4292	1	255	10	18447	3	1.01.0100	1.01.0100	1.07.0000	1.07.0000
2448	極品	2	8	128	1	255	5	18448	4	1.01.0100	1.01.0100	1.07.0000	1.07.0000
2449	良品	2	8	3	1	255	100	18449	1	1.01.0100	1.01.0100	1.07.0000	1.07.0000
2450	精品	2	8	66	1	255	30	18450	2	1.01.0100	1.01.0100	1.07.0000	1.07.0000
2451	逸品	2	8	4292	1	255	10	18451	3	1.01.0100	1.01.0100	1.07.0000	1.07.0000
2452	極品	2	8	128	1	255	5	18452	4	1.01.0100	1.01.0100	1.07.0000	1.07.0000
2453	良品	2	8	3	1	255	100	18453	1	1.01.0100	1.01.0100	1.07.0000	1.07.0000
2454	精品	2	8	66	1	255	30	18454	2	1.01.0100	1.01.0100	1.07.0000	1.07.0000
2455	逸品	2	8	4292	1	255	10	18455	3	1.01.0100	1.01.0100	1.07.0000	1.07.0000
2456	極品	2	8	128	1	255	5	18456	4	1.01.0100	1.01.0100	1.07.0000	1.07.0000
2457	良品	2	16	3	1	255	100	18457	1	1.01.0100	1.01.0100	1.07.0000	1.07.0000
2458	精品	2	16	66	1	255	30	18458	2	1.01.0100	1.01.0100	1.07.0000	1.07.0000
2459	逸品	2	16	4292	1	255	10	18459	3	1.01.0100	1.01.0100	1.07.0000	1.07.0000
2460	極品	2	16	128	1	255	5	18460	4	1.01.0100	1.01.0100	1.07.0000	1.07.0000
2461	良品	2	16	3	1	255	100	18461	1	1.01.0100	1.01.0100	1.07.0000	1.07.0000
2462	精品	2	16	66	1	255	30	18462	2	1.01.0100	1.01.0100	1.07.0000	1.07.0000
2463	逸品	2	16	4292	1	255	10	18463	3	1.01.0100	1.01.0100	1.07.0000	1.07.0000
2464	極品	2	16	128	1	255	5	18464	4	1.01.0100	1.01.0100	1.07.0000	1.07.0000
2465	良品	2	16	3	1	255	100	18465	1	1.01.0100	1.01.0100	1.07.0000	1.07.0000
2466	精品	2	16	66	1	255	30	18466	2	1.01.0100	1.01.0100	1.07.0000	1.07.0000
2467	逸品	2	16	4292	1	255	10	18467	3	1.01.0100	1.01.0100	1.07.0000	1.07.0000
2468	極品	2	16	128	1	255	5	18468	4	1.01.0100	1.01.0100	1.07.0000	1.07.0000
2469	良品	2	16	3	1	255	100	18469	1	1.01.0100	1.01.0100	1.07.0000	1.07.0000
2470	精品	2	16	66	1	255	30	18470	2	1.01.0100	1.01.0100	1.07.0000	1.07.0000
2471	逸品	2	16	4292	1	255	10	18471	3	1.01.0100	1.01.0100	1.07.0000	1.07.0000
2472	極品	2	16	128	1	255	5	18472	4	1.01.0100	1.01.0100	1.07.0000	1.07.0000
2473	良品	2	16	3	1	255	100	18473	1	1.01.0100	1.01.0100	1.07.0000	1.07.0000
2474	精品	2	16	66	1	255	30	18474	2	1.01.0100	1.01.0100	1.07.0000	1.07.0000
2475	逸品	2	16	4292	1	255	10	18475	3	1.01.0100	1.01.0100	1.07.0000	1.07.0000
2476	極品	2	16	128	1	255	5	18476	4	1.01.0100	1.01.0100	1.07.0000	1.07.0000
2477	良品	2	16	3	1	255	100	18477	1	1.01.0100	1.01.0100	1.07.0000	1.07.0000
2478	精品	2	16	66	1	255	30	18478	2	1.01.0100	1.01.0100	1.07.0000	1.07.0000
2479	逸品	2	16	4292	1	255	10	18479	3	1.01.0100	1.01.0100	1.07.0000	1.07.0000
2480	極品	2	16	128	1	255	5	18480	4	1.01.0100	1.01.0100	1.07.0000	1.07.0000
2481	良品	2	16	3	1	255	100	18481	1	1.01.0100	1.01.0100	1.07.0000	1.07.0000
2482	精品	2	16	66	1	255	30	18482	2	1.01.0100	1.01.0100	1.07.0000	1.07.0000
2483	逸品	2	16	4292	1	255	10	18483	3	1.01.0100	1.01.0100	1.07.0000	1.07.0000
2484	極品	2	16	128	1	255	5	18484	4	1.01.0100	1.01.0100	1.07.0000	1.07.0000
2485	良品	2	16	3	1	255	100	18485	1	1.01.0100	1.01.0100	1.07.0000	1.07.0000
2486	精品	2	16	66	1	255	30	18486	2	1.01.0100	1.01.0100	1.07.0000	1.07.0000
2487	逸品	2	16	4292	1	255	10	18487	3	1.01.0100	1.01.0100	1.07.0000	1.07.0000
2488	極品	2	16	128	1	255	5	18488	4	1.01.0100	1.01.0100	1.07.0000	1.07.0000
2489	良品	2	16	3	1	255	100	18489	1	1.01.0100	1.01.0100	1.07.0000	1.07.0000
2490	精品	2	16	66	1	255	30	18490	2	1.01.0100	1.01.0100	1.07.0000	1.07.0000
2491	逸品	2	16	4292	1	255	10	18491	3	1.01.0100	1.01.0100	1.07.0000	1.07.0000
2492	極品	2	16	128	1	255	5	18492	4	1.01.0100	1.01.0100	1.07.0000	1.07.0000
2493	良品	2	16	3	1	255	100	18493	1	1.01.0100	1.01.0100	1.07.0000	1.07.0000
2494	精品	2	16	66	1	255	30	18494	2	1.01.0100	1.01.0100	1.07.0000	1.07.0000
2495	逸品	2	16	4292	1	255	10	18495	3	1.01.0100	1.01.0100	1.07.0000	1.07.0000
2496	極品	2	16	128	1	255	5	18496	4	1.01.0100	1.01.0100	1.07.0000	1.07.0000
2497	良品	2	16	3	1	255	100	18497	1	1.01.0100	1.01.0100	1.07.0000	1.07.0000
2498	精品	2	16	66	1	255	30	18498	2	1.01.0100	1.01.0100	1.07.0000	1.07.0000
2499	逸品	2	16	4292	1	255	10	18499	3	1.01.0100	1.01.0100	1.07.0000	1.07.0000
2500	極品	2	16	128	1	255	5	18500	4	1.01.0100	1.01.0100	1.07.0000	1.07.0000
2501	良品	2	16	3	1	255	100	18501	1	1.01.0100	1.01.0100	1.07.0000	1.07.0000
2502	精品	2	16	66	1	255	30	18502	2	1.01.0100	1.01.0100	1.07.0000	1.07.0000
2503	逸品	2	16	4292	1	255	10	18503	3	1.01.0100	1.01.0100	1.07.0000	1.07.0000
2504	極品	2	16	128	1	255	5	18504	4	1.01.0100	1.01.0100	1.07.0000	1.07.0000
2505	良品	2	16	3	1	255	100	18505	1	1.01.0100	1.01.0100	1.07.0000	1.07.0000
2506	精品	2	16	66	1	255	30	18506	2	1.01.0100	1.01.0100	1.07.0000	1.07.0000
2507	逸品	2	16	4292	1	255	10	18507	3	1.01.0100	1.01.0100	1.07.0000	1.07.0000
2508	極品	2	16	128	1	255	5	18508	4	1.01.0100	1.01.0100	1.07.0000	1.07.0000
2509	良品	2	16	3	1	255	100	18509	1	1.01.0100	1.01.0100	1.07.0000	1.07.0000
2510	精品	2	16	66	1	255	30	18510	2	1.01.0100	1.01.0100	1.07.0000	1.07.0000
2511	逸品	2	16	4292	1	255	10	18511	3	1.01.0100	1.01.0100	1.07.0000	1.07.0000
2512	極品	2	16	128	1	255	5	18512	4	1.01.0100	1.01.0100	1.07.0000	1.07.0000
2513	良品	2	16	3	1	255	100	18513	1	1.01.0100	1.01.0100	1.07.0000	1.07.0000
2514	精品	2	16	66	1	255	30	18514	2	1.01.0100	1.01.0100	1.07.0000	1.07.0000
2515	逸品	2	16	4292	1	255	10	18515	3	1.01.0100	1.01.0100	1.07.0000	1.07.0000
2516	極品	2	16	128	1	255	5	18516	4	1.01.0100	1.01.0100	1.07.0000	1.07.0000
2517	良品	2	16	3	1	255	100	18517	1	1.01.0100	1.01.0100	1.07.0000	1.07.0000
2518	精品	2	16	66	1	255	30	18518	2	1.01.0100	1.01.0100	1.07.0000	1.07.0000
2519	逸品	2	16	4292	1	255	10	18519	3	1.01.0100	1.01.0100	1.07.0000	1.07.0000
2520	極品	2	16	128	1	255	5	18520	4	1.01.0100	1.01.0100	1.07.0000	1.07.0000
2521	良品	2	32	3	1	255	100	18521	1	1.01.0100	1.01.0100	1.07.0000	1.07.0000
2522	精品	2	32	66	1	255	30	18522	2	1.01.0100	1.01.0100	1.07.0000	1.07.0000
2523	逸品	2	32	4292	1	255	10	18523	3	1.01.0100	1.01.0100	1.07.0000	1.07.0000
2524	極品	2	32	128	1	255	5	18524	4	1.01.0100	1.01.0100	1.07.0000	1.07.0000
2525	良品	2	32	3	1	255	100	18525	1	1.01.0100	1.01.0100	1.07.0000	1.07.0000
2526	精品	2	32	66	1	255	30	18526	2	1.01.0100	1.01.0100	1.07.0000	1.07.0000
2527	逸品	2	32	4292	1	255	10	18527	3	1.01.0100	1.01.0100	1.07.0000	1.07.0000
2528	極品	2	32	128	1	255	5	18528	4	1.01.0100	1.01.0100	1.07.0000	1.07.0000
2529	良品	2	32	3	1	255	100	18529	1	1.01.0100	1.01.0100	1.07.0000	1.07.0000
2530	精品	2	32	66	1	255	30	18530	2	1.01.0100	1.01.0100	1.07.0000	1.07.0000
2531	逸品	2	32	4292	1	255	10	18531	3	1.01.0100	1.01.0100	1.07.0000	1.07.0000
2532	極品	2	32	128	1	255	5	18532	4	1.01.0100	1.01.0100	1.07.0000	1.07.0000
2533	良品	2	32	3	1	255	100	18533	1	1.01.0100	1.01.0100	1.07.0000	1.07.0000
2534	精品	2	32	66	1	255	30	18534	2	1.01.0100	1.01.0100	1.07.0000	1.07.0000
2535	逸品	2	32	4292	1	255	10	18535	3	1.01.0100	1.01.0100	1.07.0000	1.07.0000
2536	極品	2	32	128	1	255	5	18536	4	1.01.0100	1.01.0100	1.07.0000	1.07.0000
2537	良品	2	32	3	1	255	100	18537	1	1.01.0100	1.01.0100	1.07.0000	1.07.0000
2538	精品	2	32	66	1	255	30	18538	2	1.01.0100	1.01.0100	1.07.0000	1.07.0000
2539	逸品	2	32	4292	1	255	10	18539	3	1.01.0100	1.01.0100	1.07.0000	1.07.0000
2540	極品	2	32	128	1	255	5	18540	4	1.01.0100	1.01.0100	1.07.0000	1.07.0000
2541	良品	2	32	3	1	255	100	18541	1	1.01.0100	1.01.0100	1.07.0000	1.07.0000
2542	精品	2	32	66	1	255	30	18542	2	1.01.0100	1.01.0100	1.07.0000	1.07.0000
2543	逸品	2	32	4292	1	255	10	18543	3	1.01.0100	1.01.0100	1.07.0000	1.07.0000
2544	極品	2	32	128	1	255	5	18544	4	1.01.0100	1.01.0100	1.07.0000	1.07.0000
2545	良品	2	32	3	1	255	100	18545	1	1.01.0100	1.01.0100	1.07.0000	1.07.0000
2546	精品	2	32	66	1	255	30	18546	2	1.01.0100	1.01.0100	1.07.0000	1.07.0000
2547	逸品	2	32	4292	1	255	10	18547	3	1.01.0100	1.01.0100	1.07.0000	1.07.0000
2548	極品	2	32	128	1	255	5	18548	4	1.01.0100	1.01.0100	1.07.0000	1.07.0000
2549	良品	2	32	3	1	255	100	18549	1	1.01.0100	1.01.0100	1.07.0000	1.07.0000
2550	精品	2	32	66	1	255	30	18550	2	1.01.0100	1.01.0100	1.07.0000	1.07.0000
2551	逸品	2	32	4292	1	255	10	18551	3	1.01.0100	1.01.0100	1.07.0000	1.07.0000
2552	極品	2	32	128	1	255	5	18552	4	1.01.0100	1.01.0100	1.07.0000	1.07.0000
2553	良品	2	32	3	1	255	100	18553	1	1.01.0100	1.01.0100	1.07.0000	1.07.0000
2554	精品	2	32	66	1	255	30	18554	2	1.01.0100	1.01.0100	1.07.0000	1.07.0000
2555	逸品	2	32	4292	1	255	10	18555	3	1.01.0100	1.01.0100	1.07.0000	1.07.0000
2556	極品	2	32	128	1	255	5	18556	4	1.01.0100	1.01.0100	1.07.0000	1.07.0000
2557	良品	2	32	3	1	255	100	18557	1	1.01.0100	1.01.0100	1.07.0000	1.07.0000
2558	精品	2	32	66	1	255	30	18558	2	1.01.0100	1.01.0100	1.07.0000	1.07.0000
2559	逸品	2	32	4292	1	255	10	18559	3	1.01.0100	1.01.0100	1.07.0000	1.07.0000
2560	極品	2	32	128	1	255	5	18560	4	1.01.0100	1.01.0100	1.07.0000	1.07.0000
2561	良品	2	32	3	1	255	100	18561	1	1.01.0100	1.01.0100	1.07.0000	1.07.0000
2562	精品	2	32	66	1	255	30	18562	2	1.01.0100	1.01.0100	1.07.0000	1.07.0000
2563	逸品	2	32	4292	1	255	10	18563	3	1.01.0100	1.01.0100	1.07.0000	1.07.0000
2564	極品	2	32	128	1	255	5	18564	4	1.01.0100	1.01.0100	1.07.0000	1.07.0000
2565	良品	2	32	3	1	255	100	18565	1	1.01.0100	1.01.0100	1.07.0000	1.07.0000
2566	精品	2	32	66	1	255	30	18566	2	1.01.0100	1.01.0100	1.07.0000	1.07.0000
2567	逸品	2	32	4292	1	255	10	18567	3	1.01.0100	1.01.0100	1.07.0000	1.07.0000
2568	極品	2	32	128	1	255	5	18568	4	1.01.0100	1.01.0100	1.07.0000	1.07.0000
2569	良品	2	32	3	1	255	100	18569	1	1.01.0100	1.01.0100	1.07.0000	1.07.0000
2570	精品	2	32	66	1	255	30	18570	2	1.01.0100	1.01.0100	1.07.0000	1.07.0000
2571	逸品	2	32	4292	1	255	10	18571	3	1.01.0100	1.01.0100	1.07.0000	1.07.0000
2572	極品	2	32	128	1	255	5	18572	4	1.01.0100	1.01.0100	1.07.0000	1.07.0000
2573	良品	2	32	3	1	255	100	18573	1	1.01.0100	1.01.0100	1.07.0000	1.07.0000
2574	精品	2	32	66	1	255	30	18574	2	1.01.0100	1.01.0100	1.07.0000	1.07.0000
2575	逸品	2	32	4292	1	255	10	18575	3	1.01.0100	1.01.0100	1.07.0000	1.07.0000
2576	極品	2	32	128	1	255	5	18576	4	1.01.0100	1.01.0100	1.07.0000	1.07.0000
2577	良品	2	32	3	1	255	100	18577	1	1.01.0100	1.01.0100	1.07.0000	1.07.0000
2578	精品	2	32	66	1	255	30	18578	2	1.01.0100	1.01.0100	1.07.0000	1.07.0000
2579	逸品	2	32	4292	1	255	10	18579	3	1.01.0100	1.01.0100	1.07.0000	1.07.0000
2580	極品	2	32	128	1	255	5	18580	4	1.01.0100	1.01.0100	1.07.0000	1.07.0000
2581	良品	2	32	3	1	255	100	18581	1	1.01.0100	1.01.0100	1.07.0000	1.07.0000
2582	精品	2	32	66	1	255	30	18582	2	1.01.0100	1.01.0100	1.07.0000	1.07.0000
2583	逸品	2	32	4292	1	255	10	18583	3	1.01.0100	1.01.0100	1.07.0000	1.07.0000
2584	極品	2	32	128	1	255	5	18584	4	1.01.0100	1.01.0100	1.07.0000	1.07.0000
2585	良品	2	64	3	1	255	100	18585	1	1.01.0100	1.01.0100	1.07.0000	1.07.0000
2586	精品	2	64	66	1	255	30	18586	2	1.01.0100	1.01.0100	1.07.0000	1.07.0000
2587	逸品	2	64	4292	1	255	10	18587	3	1.01.0100	1.01.0100	1.07.0000	1.07.0000
2588	極品	2	64	128	1	255	5	18588	4	1.01.0100	1.01.0100	1.07.0000	1.07.0000
2589	良品	2	64	3	1	255	100	18589	1	1.01.0100	1.01.0100	1.07.0000	1.07.0000
2590	精品	2	64	66	1	255	30	18590	2	1.01.0100	1.01.0100	1.07.0000	1.07.0000
2591	逸品	2	64	4292	1	255	10	18591	3	1.01.0100	1.01.0100	1.07.0000	1.07.0000
2592	極品	2	64	128	1	255	5	18592	4	1.01.0100	1.01.0100	1.07.0000	1.07.0000
2593	良品	2	64	3	1	255	100	18593	1	1.01.0100	1.01.0100	1.07.0000	1.07.0000
2594	精品	2	64	66	1	255	30	18594	2	1.01.0100	1.01.0100	1.07.0000	1.07.0000
2595	逸品	2	64	4292	1	255	10	18595	3	1.01.0100	1.01.0100	1.07.0000	1.07.0000
2596	極品	2	64	128	1	255	5	18596	4	1.01.0100	1.01.0100	1.07.0000	1.07.0000
2597	良品	2	64	3	1	255	100	18597	1	1.01.0100	1.01.0100	1.07.0000	1.07.0000
2598	精品	2	64	66	1	255	30	18598	2	1.01.0100	1.01.0100	1.07.0000	1.07.0000
2599	逸品	2	64	4292	1	255	10	18599	3	1.01.0100	1.01.0100	1.07.0000	1.07.0000
2600	極品	2	64	128	1	255	5	18600	4	1.01.0100	1.01.0100	1.07.0000	1.07.0000
2601	良品	2	64	3	1	255	100	18601	1	1.01.0100	1.01.0100	1.07.0000	1.07.0000
2602	精品	2	64	66	1	255	30	18602	2	1.01.0100	1.01.0100	1.07.0000	1.07.0000
2603	逸品	2	64	4292	1	255	10	18603	3	1.01.0100	1.01.0100	1.07.0000	1.07.0000
2604	極品	2	64	128	1	255	5	18604	4	1.01.0100	1.01.0100	1.07.0000	1.07.0000
2605	良品	2	64	3	1	255	100	18605	1	1.01.0100	1.01.0100	1.07.0000	1.07.0000
2606	精品	2	64	66	1	255	30	18606	2	1.01.0100	1.01.0100	1.07.0000	1.07.0000
2607	逸品	2	64	4292	1	255	10	18607	3	1.01.0100	1.01.0100	1.07.0000	1.07.0000
2608	極品	2	64	128	1	255	5	18608	4	1.01.0100	1.01.0100	1.07.0000	1.07.0000
2609	良品	2	64	3	1	255	100	18609	1	1.01.0100	1.01.0100	1.07.0000	1.07.0000
2610	精品	2	64	66	1	255	30	18610	2	1.01.0100	1.01.0100	1.07.0000	1.07.0000
2611	逸品	2	64	4292	1	255	10	18611	3	1.01.0100	1.01.0100	1.07.0000	1.07.0000
2612	極品	2	64	128	1	255	5	18612	4	1.01.0100	1.01.0100	1.07.0000	1.07.0000
2613	良品	2	64	3	1	255	100	18613	1	1.01.0100	1.01.0100	1.07.0000	1.07.0000
2614	精品	2	64	66	1	255	30	18614	2	1.01.0100	1.01.0100	1.07.0000	1.07.0000
2615	逸品	2	64	4292	1	255	10	18615	3	1.01.0100	1.01.0100	1.07.0000	1.07.0000
2616	極品	2	64	128	1	255	5	18616	4	1.01.0100	1.01.0100	1.07.0000	1.07.0000
2617	良品	2	64	3	1	255	100	18617	1	1.01.0100	1.01.0100	1.07.0000	1.07.0000
2618	精品	2	64	66	1	255	30	18618	2	1.01.0100	1.01.0100	1.07.0000	1.07.0000
2619	逸品	2	64	4292	1	255	10	18619	3	1.01.0100	1.01.0100	1.07.0000	1.07.0000
2620	極品	2	64	128	1	255	5	18620	4	1.01.0100	1.01.0100	1.07.0000	1.07.0000
2621	良品	2	64	3	1	255	100	18621	1	1.01.0100	1.01.0100	1.07.0000	1.07.0000
2622	精品	2	64	66	1	255	30	18622	2	1.01.0100	1.01.0100	1.07.0000	1.07.0000
2623	逸品	2	64	4292	1	255	10	18623	3	1.01.0100	1.01.0100	1.07.0000	1.07.0000
2624	極品	2	64	128	1	255	5	18624	4	1.01.0100	1.01.0100	1.07.0000	1.07.0000
2625	良品	2	64	3	1	255	100	18625	1	1.01.0100	1.01.0100	1.07.0000	1.07.0000
2626	精品	2	64	66	1	255	30	18626	2	1.01.0100	1.01.0100	1.07.0000	1.07.0000
2627	逸品	2	64	4292	1	255	10	18627	3	1.01.0100	1.01.0100	1.07.0000	1.07.0000
2628	極品	2	64	128	1	255	5	18628	4	1.01.0100	1.01.0100	1.07.0000	1.07.0000
2629	良品	2	64	3	1	255	100	18629	1	1.01.0100	1.01.0100	1.07.0000	1.07.0000
2630	精品	2	64	66	1	255	30	18630	2	1.01.0100	1.01.0100	1.07.0000	1.07.0000
2631	逸品	2	64	4292	1	255	10	18631	3	1.01.0100	1.01.0100	1.07.0000	1.07.0000
2632	極品	2	64	128	1	255	5	18632	4	1.01.0100	1.01.0100	1.07.0000	1.07.0000
2633	良品	2	64	3	1	255	100	18633	1	1.01.0100	1.01.0100	1.07.0000	1.07.0000
2634	精品	2	64	66	1	255	30	18634	2	1.01.0100	1.01.0100	1.07.0000	1.07.0000
2635	逸品	2	64	4292	1	255	10	18635	3	1.01.0100	1.01.0100	1.07.0000	1.07.0000
2636	極品	2	64	128	1	255	5	18636	4	1.01.0100	1.01.0100	1.07.0000	1.07.0000
2637	良品	2	64	3	1	255	100	18637	1	1.01.0100	1.01.0100	1.07.0000	1.07.0000
2638	精品	2	64	66	1	255	30	18638	2	1.01.0100	1.01.0100	1.07.0000	1.07.0000
2639	逸品	2	64	4292	1	255	10	18639	3	1.01.0100	1.01.0100	1.07.0000	1.07.0000
2640	極品	2	64	128	1	255	5	18640	4	1.01.0100	1.01.0100	1.07.0000	1.07.0000
2641	良品	2	7936	3	1	255	8	18641	1	1.01.0100	1.01.0100	1.07.0000	1.07.0000
2642	精品	2	7936	66	1	255	4	18642	2	1.01.0100	1.01.0100	1.07.0000	1.07.0000
2643	逸品	2	7936	4292	1	255	2	18643	3	1.01.0100	1.01.0100	1.07.0000	1.07.0000
2644	極品	2	7936	128	1	255	1	18644	4	1.01.0100	1.01.0100	1.07.0000	1.07.0000
2645	良品	2	7936	3	1	255	8	18645	1	1.01.0100	1.01.0100	1.07.0000	1.07.0000
2646	精品	2	7936	66	1	255	4	18646	2	1.01.0100	1.01.0100	1.07.0000	1.07.0000
2647	逸品	2	7936	4292	1	255	2	18647	3	1.01.0100	1.01.0100	1.07.0000	1.07.0000
2648	極品	2	7936	128	1	255	1	18648	4	1.01.0100	1.01.0100	1.07.0000	1.07.0000
2649	良品	2	7936	3	1	255	8	18649	1	1.01.0100	1.01.0100	1.07.0000	1.07.0000
2650	精品	2	7936	66	1	255	4	18650	2	1.01.0100	1.01.0100	1.07.0000	1.07.0000
2651	逸品	2	7936	4292	1	255	2	18651	3	1.01.0100	1.01.0100	1.07.0000	1.07.0000
2652	極品	2	7936	128	1	255	1	18652	4	1.01.0100	1.01.0100	1.07.0000	1.07.0000
2653	良品	2	7936	3	1	255	8	18653	1	1.01.0100	1.01.0100	1.07.0000	1.07.0000
2654	精品	2	7936	66	1	255	4	18654	2	1.01.0100	1.01.0100	1.07.0000	1.07.0000
2655	逸品	2	7936	4292	1	255	2	18655	3	1.01.0100	1.01.0100	1.07.0000	1.07.0000
2656	極品	2	7936	128	1	255	1	18656	4	1.01.0100	1.01.0100	1.07.0000	1.07.0000
2657	良品	2	7936	3	1	255	8	18657	1	1.01.0100	1.01.0100	1.07.0000	1.07.0000
2658	精品	2	7936	66	1	255	4	18658	2	1.01.0100	1.01.0100	1.07.0000	1.07.0000
2659	逸品	2	7936	4292	1	255	2	18659	3	1.01.0100	1.01.0100	1.07.0000	1.07.0000
2660	極品	2	7936	128	1	255	1	18660	4	1.01.0100	1.01.0100	1.07.0000	1.07.0000
2661	良品	2	7936	3	1	255	8	18661	1	1.01.0100	1.01.0100	1.07.0000	1.07.0000
2662	精品	2	7936	66	1	255	4	18662	2	1.01.0100	1.01.0100	1.07.0000	1.07.0000
2663	逸品	2	7936	4292	1	255	2	18663	3	1.01.0100	1.01.0100	1.07.0000	1.07.0000
2664	極品	2	7936	128	1	255	1	18664	4	1.01.0100	1.01.0100	1.07.0000	1.07.0000
2665	良品	2	256	3	1	255	8	18665	1	1.01.0100	1.01.0100	1.07.0000	1.07.0000
2666	精品	2	256	66	1	255	4	18666	2	1.01.0100	1.01.0100	1.07.0000	1.07.0000
2667	逸品	2	256	4292	1	255	2	18667	3	1.01.0100	1.01.0100	1.07.0000	1.07.0000
2668	極品	2	256	128	1	255	1	18668	4	1.01.0100	1.01.0100	1.07.0000	1.07.0000
2669	良品	2	512	3	1	255	8	18669	1	1.01.0100	1.01.0100	1.07.0000	1.07.0000
2670	精品	2	512	66	1	255	4	18670	2	1.01.0100	1.01.0100	1.07.0000	1.07.0000
2671	逸品	2	512	4292	1	255	2	18671	3	1.01.0100	1.01.0100	1.07.0000	1.07.0000
2672	極品	2	512	128	1	255	1	18672	4	1.01.0100	1.01.0100	1.07.0000	1.07.0000
2673	良品	2	1024	3	1	255	8	18673	1	1.01.0100	1.01.0100	1.07.0000	1.07.0000
2674	精品	2	1024	66	1	255	4	18674	2	1.01.0100	1.01.0100	1.07.0000	1.07.0000
2675	逸品	2	1024	4292	1	255	2	18675	3	1.01.0100	1.01.0100	1.07.0000	1.07.0000
2676	極品	2	1024	128	1	255	1	18676	4	1.01.0100	1.01.0100	1.07.0000	1.07.0000
2677	良品	2	2048	3	1	255	8	18677	1	1.01.0100	1.01.0100	1.07.0000	1.07.0000
2678	精品	2	2048	66	1	255	4	18678	2	1.01.0100	1.01.0100	1.07.0000	1.07.0000
2679	逸品	2	2048	4292	1	255	2	18679	3	1.01.0100	1.01.0100	1.07.0000	1.07.0000
2680	極品	2	2048	128	1	255	1	18680	4	1.01.0100	1.01.0100	1.07.0000	1.07.0000
2681	良品	2	4096	3	1	255	8	18681	1	1.01.0100	1.01.0100	1.07.0000	1.07.0000
2682	精品	2	4096	66	1	255	4	18682	2	1.01.0100	1.01.0100	1.07.0000	1.07.0000
2683	逸品	2	4096	4292	1	255	2	18683	3	1.01.0100	1.01.0100	1.07.0000	1.07.0000
2684	極品	2	4096	128	1	255	1	18684	4	1.01.0100	1.01.0100	1.07.0000	1.07.0000
2685	良品	2	122880	3	1	255	8	18685	1	1.01.0100	1.01.0100	1.07.0000	1.07.0000
2686	精品	2	122880	66	1	255	4	18686	2	1.01.0100	1.01.0100	1.07.0000	1.07.0000
2687	逸品	2	122880	4292	1	255	2	18687	3	1.01.0100	1.01.0100	1.07.0000	1.07.0000
2688	極品	2	122880	128	1	255	1	18688	4	1.01.0100	1.01.0100	1.07.0000	1.07.0000
2689	良品	2	122880	3	1	255	8	18689	1	1.01.0100	1.01.0100	1.07.0000	1.07.0000
2690	精品	2	122880	66	1	255	4	18690	2	1.01.0100	1.01.0100	1.07.0000	1.07.0000
2691	逸品	2	122880	4292	1	255	2	18691	3	1.01.0100	1.01.0100	1.07.0000	1.07.0000
2692	極品	2	122880	128	1	255	1	18692	4	1.01.0100	1.01.0100	1.07.0000	1.07.0000
2693	良品	2	122880	3	1	255	8	18693	1	1.01.0100	1.01.0100	1.07.0000	1.07.0000
2694	精品	2	122880	66	1	255	4	18694	2	1.01.0100	1.01.0100	1.07.0000	1.07.0000
2695	逸品	2	122880	4292	1	255	2	18695	3	1.01.0100	1.01.0100	1.07.0000	1.07.0000
2696	極品	2	122880	128	1	255	1	18696	4	1.01.0100	1.01.0100	1.07.0000	1.07.0000
2697	良品	2	122880	3	1	255	8	18697	1	1.01.0100	1.01.0100	1.07.0000	1.07.0000
2698	精品	2	122880	66	1	255	4	18698	2	1.01.0100	1.01.0100	1.07.0000	1.07.0000
2699	逸品	2	122880	4292	1	255	2	18699	3	1.01.0100	1.01.0100	1.07.0000	1.07.0000
2700	極品	2	122880	128	1	255	1	18700	4	1.01.0100	1.01.0100	1.07.0000	1.07.0000
2701	良品	2	122880	3	1	255	8	18701	1	1.01.0100	1.01.0100	1.07.0000	1.07.0000
2702	精品	2	122880	66	1	255	4	18702	2	1.01.0100	1.01.0100	1.07.0000	1.07.0000
2703	逸品	2	122880	4292	1	255	2	18703	3	1.01.0100	1.01.0100	1.07.0000	1.07.0000
2704	極品	2	122880	128	1	255	1	18704	4	1.01.0100	1.01.0100	1.07.0000	1.07.0000
2705	良品	2	122880	3	1	255	8	18705	1	1.01.0100	1.01.0100	1.07.0000	1.07.0000
2706	精品	2	122880	66	1	255	4	18706	2	1.01.0100	1.01.0100	1.07.0000	1.07.0000
2707	逸品	2	122880	4292	1	255	2	18707	3	1.01.0100	1.01.0100	1.07.0000	1.07.0000
2708	極品	2	122880	128	1	255	1	18708	4	1.01.0100	1.01.0100	1.07.0000	1.07.0000
2709	良品	2	24576	3	1	255	8	18709	1	1.01.0100	1.01.0100	1.07.0000	1.07.0000
2710	精品	2	24576	66	1	255	4	18710	2	1.01.0100	1.01.0100	1.07.0000	1.07.0000
2711	逸品	2	24576	4292	1	255	2	18711	3	1.01.0100	1.01.0100	1.07.0000	1.07.0000
2712	極品	2	24576	128	1	255	1	18712	4	1.01.0100	1.01.0100	1.07.0000	1.07.0000
2713	良品	2	24576	3	1	255	8	18713	1	1.01.0100	1.01.0100	1.07.0000	1.07.0000
2714	精品	2	24576	66	1	255	4	18714	2	1.01.0100	1.01.0100	1.07.0000	1.07.0000
2715	逸品	2	24576	4292	1	255	2	18715	3	1.01.0100	1.01.0100	1.07.0000	1.07.0000
2716	極品	2	24576	128	1	255	1	18716	4	1.01.0100	1.01.0100	1.07.0000	1.07.0000
2717	良品	2	98304	3	1	255	8	18717	1	1.01.0100	1.01.0100	1.07.0000	1.07.0000
2718	精品	2	98304	66	1	255	4	18718	2	1.01.0100	1.01.0100	1.07.0000	1.07.0000
2719	逸品	2	98304	4292	1	255	2	18719	3	1.01.0100	1.01.0100	1.07.0000	1.07.0000
2720	極品	2	98304	128	1	255	1	18720	4	1.01.0100	1.01.0100	1.07.0000	1.07.0000
2721	良品	2	98304	3	1	255	8	18721	1	1.01.0100	1.01.0100	1.07.0000	1.07.0000
2722	精品	2	98304	66	1	255	4	18722	2	1.01.0100	1.01.0100	1.07.0000	1.07.0000
2723	逸品	2	98304	4292	1	255	2	18723	3	1.01.0100	1.01.0100	1.07.0000	1.07.0000
2724	極品	2	98304	128	1	255	1	18724	4	1.01.0100	1.01.0100	1.07.0000	1.07.0000
2725	良品	2	7936	3	1	255	100	18725	1	1.01.0100	1.01.0100	1.07.0000	1.07.0000
2726	精品	2	7936	66	1	255	60	18726	2	1.01.0100	1.01.0100	1.07.0000	1.07.0000
2727	逸品	2	7936	4292	1	255	30	18727	3	1.01.0100	1.01.0100	1.07.0000	1.07.0000
2728	極品	2	7936	128	1	255	15	18728	4	1.01.0100	1.01.0100	1.07.0000	1.07.0000
2729	良品	2	7936	3	1	255	100	18729	1	1.01.0100	1.01.0100	1.07.0000	1.07.0000
2730	精品	2	7936	66	1	255	60	18730	2	1.01.0100	1.01.0100	1.07.0000	1.07.0000
2731	逸品	2	7936	4292	1	255	30	18731	3	1.01.0100	1.01.0100	1.07.0000	1.07.0000
2732	極品	2	7936	128	1	255	15	18732	4	1.01.0100	1.01.0100	1.07.0000	1.07.0000
2733	良品	2	7936	3	1	255	100	18733	1	1.01.0100	1.01.0100	1.07.0000	1.07.0000
2734	精品	2	7936	66	1	255	60	18734	2	1.01.0100	1.01.0100	1.07.0000	1.07.0000
2735	逸品	2	7936	4292	1	255	30	18735	3	1.01.0100	1.01.0100	1.07.0000	1.07.0000
2736	極品	2	7936	128	1	255	15	18736	4	1.01.0100	1.01.0100	1.07.0000	1.07.0000
2737	良品	2	7936	3	1	255	100	18737	1	1.01.0100	1.01.0100	1.07.0000	1.07.0000
2738	精品	2	7936	66	1	255	60	18738	2	1.01.0100	1.01.0100	1.07.0000	1.07.0000
2739	逸品	2	7936	4292	1	255	30	18739	3	1.01.0100	1.01.0100	1.07.0000	1.07.0000
2740	極品	2	7936	128	1	255	15	18740	4	1.01.0100	1.01.0100	1.07.0000	1.07.0000
2741	良品	2	7936	3	1	255	100	18741	1	1.01.0100	1.01.0100	1.07.0000	1.07.0000
2742	精品	2	7936	66	1	255	60	18742	2	1.01.0100	1.01.0100	1.07.0000	1.07.0000
2743	逸品	2	7936	4292	1	255	30	18743	3	1.01.0100	1.01.0100	1.07.0000	1.07.0000
2744	極品	2	7936	128	1	255	15	18744	4	1.01.0100	1.01.0100	1.07.0000	1.07.0000
2745	良品	2	7936	3	1	255	100	18745	1	1.01.0100	1.01.0100	1.07.0000	1.07.0000
2746	精品	2	7936	66	1	255	60	18746	2	1.01.0100	1.01.0100	1.07.0000	1.07.0000
2747	逸品	2	7936	4292	1	255	30	18747	3	1.01.0100	1.01.0100	1.07.0000	1.07.0000
2748	極品	2	7936	128	1	255	15	18748	4	1.01.0100	1.01.0100	1.07.0000	1.07.0000
2749	良品	2	256	3	1	255	100	18749	1	1.01.0100	1.01.0100	1.07.0000	1.07.0000
2750	精品	2	256	66	1	255	60	18750	2	1.01.0100	1.01.0100	1.07.0000	1.07.0000
2751	逸品	2	256	4292	1	255	30	18751	3	1.01.0100	1.01.0100	1.07.0000	1.07.0000
2752	極品	2	256	128	1	255	15	18752	4	1.01.0100	1.01.0100	1.07.0000	1.07.0000
2753	良品	2	512	3	1	255	100	18753	1	1.01.0100	1.01.0100	1.07.0000	1.07.0000
2754	精品	2	512	66	1	255	60	18754	2	1.01.0100	1.01.0100	1.07.0000	1.07.0000
2755	逸品	2	512	4292	1	255	30	18755	3	1.01.0100	1.01.0100	1.07.0000	1.07.0000
2756	極品	2	512	128	1	255	15	18756	4	1.01.0100	1.01.0100	1.07.0000	1.07.0000
2757	良品	2	1024	3	1	255	100	18757	1	1.01.0100	1.01.0100	1.07.0000	1.07.0000
2758	精品	2	1024	66	1	255	60	18758	2	1.01.0100	1.01.0100	1.07.0000	1.07.0000
2759	逸品	2	1024	4292	1	255	30	18759	3	1.01.0100	1.01.0100	1.07.0000	1.07.0000
2760	極品	2	1024	128	1	255	15	18760	4	1.01.0100	1.01.0100	1.07.0000	1.07.0000
2761	良品	2	2048	3	1	255	100	18761	1	1.01.0100	1.01.0100	1.07.0000	1.07.0000
2762	精品	2	2048	66	1	255	60	18762	2	1.01.0100	1.01.0100	1.07.0000	1.07.0000
2763	逸品	2	2048	4292	1	255	30	18763	3	1.01.0100	1.01.0100	1.07.0000	1.07.0000
2764	極品	2	2048	128	1	255	15	18764	4	1.01.0100	1.01.0100	1.07.0000	1.07.0000
2765	良品	2	4096	3	1	255	100	18765	1	1.01.0100	1.01.0100	1.07.0000	1.07.0000
2766	精品	2	4096	66	1	255	60	18766	2	1.01.0100	1.01.0100	1.07.0000	1.07.0000
2767	逸品	2	4096	4292	1	255	30	18767	3	1.01.0100	1.01.0100	1.07.0000	1.07.0000
2768	極品	2	4096	128	1	255	15	18768	4	1.01.0100	1.01.0100	1.07.0000	1.07.0000
2769	良品	2	122880	3	1	255	100	18769	1	1.01.0100	1.01.0100	1.07.0000	1.07.0000
2770	精品	2	122880	66	1	255	60	18770	2	1.01.0100	1.01.0100	1.07.0000	1.07.0000
2771	逸品	2	122880	4292	1	255	30	18771	3	1.01.0100	1.01.0100	1.07.0000	1.07.0000
2772	極品	2	122880	128	1	255	15	18772	4	1.01.0100	1.01.0100	1.07.0000	1.07.0000
2773	良品	2	122880	3	1	255	100	18773	1	1.01.0100	1.01.0100	1.07.0000	1.07.0000
2774	精品	2	122880	66	1	255	60	18774	2	1.01.0100	1.01.0100	1.07.0000	1.07.0000
2775	逸品	2	122880	4292	1	255	30	18775	3	1.01.0100	1.01.0100	1.07.0000	1.07.0000
2776	極品	2	122880	128	1	255	15	18776	4	1.01.0100	1.01.0100	1.07.0000	1.07.0000
2777	良品	2	122880	3	1	255	100	18777	1	1.01.0100	1.01.0100	1.07.0000	1.07.0000
2778	精品	2	122880	66	1	255	60	18778	2	1.01.0100	1.01.0100	1.07.0000	1.07.0000
2779	逸品	2	122880	4292	1	255	30	18779	3	1.01.0100	1.01.0100	1.07.0000	1.07.0000
2780	極品	2	122880	128	1	255	15	18780	4	1.01.0100	1.01.0100	1.07.0000	1.07.0000
2781	良品	2	122880	3	1	255	100	18781	1	1.01.0100	1.01.0100	1.07.0000	1.07.0000
2782	精品	2	122880	66	1	255	60	18782	2	1.01.0100	1.01.0100	1.07.0000	1.07.0000
2783	逸品	2	122880	4292	1	255	30	18783	3	1.01.0100	1.01.0100	1.07.0000	1.07.0000
2784	極品	2	122880	128	1	255	15	18784	4	1.01.0100	1.01.0100	1.07.0000	1.07.0000
2785	良品	2	122880	3	1	255	100	18785	1	1.01.0100	1.01.0100	1.07.0000	1.07.0000
2786	精品	2	122880	66	1	255	60	18786	2	1.01.0100	1.01.0100	1.07.0000	1.07.0000
2787	逸品	2	122880	4292	1	255	30	18787	3	1.01.0100	1.01.0100	1.07.0000	1.07.0000
2788	極品	2	122880	128	1	255	15	18788	4	1.01.0100	1.01.0100	1.07.0000	1.07.0000
2789	良品	2	122880	3	1	255	100	18789	1	1.01.0100	1.01.0100	1.07.0000	1.07.0000
2790	精品	2	122880	66	1	255	60	18790	2	1.01.0100	1.01.0100	1.07.0000	1.07.0000
2791	逸品	2	122880	4292	1	255	30	18791	3	1.01.0100	1.01.0100	1.07.0000	1.07.0000
2792	極品	2	122880	128	1	255	15	18792	4	1.01.0100	1.01.0100	1.07.0000	1.07.0000
2793	良品	2	24576	3	1	255	100	18793	1	1.01.0100	1.01.0100	1.07.0000	1.07.0000
2794	精品	2	24576	66	1	255	60	18794	2	1.01.0100	1.01.0100	1.07.0000	1.07.0000
2795	逸品	2	24576	4292	1	255	30	18795	3	1.01.0100	1.01.0100	1.07.0000	1.07.0000
2796	極品	2	24576	128	1	255	15	18796	4	1.01.0100	1.01.0100	1.07.0000	1.07.0000
2797	良品	2	24576	3	1	255	100	18797	1	1.01.0100	1.01.0100	1.07.0000	1.07.0000
2798	精品	2	24576	66	1	255	60	18798	2	1.01.0100	1.01.0100	1.07.0000	1.07.0000
2799	逸品	2	24576	4292	1	255	30	18799	3	1.01.0100	1.01.0100	1.07.0000	1.07.0000
2800	極品	2	24576	128	1	255	15	18800	4	1.01.0100	1.01.0100	1.07.0000	1.07.0000
2801	良品	2	98304	3	1	255	100	18801	1	1.01.0100	1.01.0100	1.07.0000	1.07.0000
2802	精品	2	98304	66	1	255	60	18802	2	1.01.0100	1.01.0100	1.07.0000	1.07.0000
2803	逸品	2	98304	4292	1	255	30	18803	3	1.01.0100	1.01.0100	1.07.0000	1.07.0000
2804	極品	2	98304	128	1	255	15	18804	4	1.01.0100	1.01.0100	1.07.0000	1.07.0000
2805	良品	2	98304	3	1	255	100	18805	1	1.01.0100	1.01.0100	1.07.0000	1.07.0000
2806	精品	2	98304	66	1	255	60	18806	2	1.01.0100	1.01.0100	1.07.0000	1.07.0000
2807	逸品	2	98304	4292	1	255	30	18807	3	1.01.0100	1.01.0100	1.07.0000	1.07.0000
2808	極品	2	98304	128	1	255	15	18808	4	1.01.0100	1.01.0100	1.07.0000	1.07.0000
2809	良品	2	7936	3	1	255	100	18809	1	1.01.0100	1.01.0100	1.07.0000	1.07.0000
2810	精品	2	7936	66	1	255	60	18810	2	1.01.0100	1.01.0100	1.07.0000	1.07.0000
2811	逸品	2	7936	4292	1	255	30	18811	3	1.01.0100	1.01.0100	1.07.0000	1.07.0000
2812	極品	2	7936	128	1	255	15	18812	4	1.01.0100	1.01.0100	1.07.0000	1.07.0000
2813	良品	2	7936	3	1	255	100	18813	1	1.01.0100	1.01.0100	1.07.0000	1.07.0000
2814	精品	2	7936	66	1	255	60	18814	2	1.01.0100	1.01.0100	1.07.0000	1.07.0000
2815	逸品	2	7936	4292	1	255	30	18815	3	1.01.0100	1.01.0100	1.07.0000	1.07.0000
2816	極品	2	7936	128	1	255	15	18816	4	1.01.0100	1.01.0100	1.07.0000	1.07.0000
2817	良品	2	7936	3	1	255	100	18817	1	1.01.0100	1.01.0100	1.07.0000	1.07.0000
2818	精品	2	7936	66	1	255	60	18818	2	1.01.0100	1.01.0100	1.07.0000	1.07.0000
2819	逸品	2	7936	4292	1	255	30	18819	3	1.01.0100	1.01.0100	1.07.0000	1.07.0000
2820	極品	2	7936	128	1	255	15	18820	4	1.01.0100	1.01.0100	1.07.0000	1.07.0000
2821	良品	2	7936	3	1	255	100	18821	1	1.01.0100	1.01.0100	1.07.0000	1.07.0000
2822	精品	2	7936	66	1	255	60	18822	2	1.01.0100	1.01.0100	1.07.0000	1.07.0000
2823	逸品	2	7936	4292	1	255	30	18823	3	1.01.0100	1.01.0100	1.07.0000	1.07.0000
2824	極品	2	7936	128	1	255	15	18824	4	1.01.0100	1.01.0100	1.07.0000	1.07.0000
2825	良品	2	7936	3	1	255	100	18825	1	1.01.0100	1.01.0100	1.07.0000	1.07.0000
2826	精品	2	7936	66	1	255	60	18826	2	1.01.0100	1.01.0100	1.07.0000	1.07.0000
2827	逸品	2	7936	4292	1	255	30	18827	3	1.01.0100	1.01.0100	1.07.0000	1.07.0000
2828	極品	2	7936	128	1	255	15	18828	4	1.01.0100	1.01.0100	1.07.0000	1.07.0000
2829	良品	2	7936	3	1	255	100	18829	1	1.01.0100	1.01.0100	1.07.0000	1.07.0000
2830	精品	2	7936	66	1	255	60	18830	2	1.01.0100	1.01.0100	1.07.0000	1.07.0000
2831	逸品	2	7936	4292	1	255	30	18831	3	1.01.0100	1.01.0100	1.07.0000	1.07.0000
2832	極品	2	7936	128	1	255	15	18832	4	1.01.0100	1.01.0100	1.07.0000	1.07.0000
2833	良品	2	256	3	1	255	100	18833	1	1.01.0100	1.01.0100	1.07.0000	1.07.0000
2834	精品	2	256	66	1	255	60	18834	2	1.01.0100	1.01.0100	1.07.0000	1.07.0000
2835	逸品	2	256	4292	1	255	30	18835	3	1.01.0100	1.01.0100	1.07.0000	1.07.0000
2836	極品	2	256	128	1	255	15	18836	4	1.01.0100	1.01.0100	1.07.0000	1.07.0000
2837	良品	2	512	3	1	255	100	18837	1	1.01.0100	1.01.0100	1.07.0000	1.07.0000
2838	精品	2	512	66	1	255	60	18838	2	1.01.0100	1.01.0100	1.07.0000	1.07.0000
2839	逸品	2	512	4292	1	255	30	18839	3	1.01.0100	1.01.0100	1.07.0000	1.07.0000
2840	極品	2	512	128	1	255	15	18840	4	1.01.0100	1.01.0100	1.07.0000	1.07.0000
2841	良品	2	1024	3	1	255	100	18841	1	1.01.0100	1.01.0100	1.07.0000	1.07.0000
2842	精品	2	1024	66	1	255	60	18842	2	1.01.0100	1.01.0100	1.07.0000	1.07.0000
2843	逸品	2	1024	4292	1	255	30	18843	3	1.01.0100	1.01.0100	1.07.0000	1.07.0000
2844	極品	2	1024	128	1	255	15	18844	4	1.01.0100	1.01.0100	1.07.0000	1.07.0000
2845	良品	2	2048	3	1	255	100	18845	1	1.01.0100	1.01.0100	1.07.0000	1.07.0000
2846	精品	2	2048	66	1	255	60	18846	2	1.01.0100	1.01.0100	1.07.0000	1.07.0000
2847	逸品	2	2048	4292	1	255	30	18847	3	1.01.0100	1.01.0100	1.07.0000	1.07.0000
2848	極品	2	2048	128	1	255	15	18848	4	1.01.0100	1.01.0100	1.07.0000	1.07.0000
2849	良品	2	4096	3	1	255	100	18849	1	1.01.0100	1.01.0100	1.07.0000	1.07.0000
2850	精品	2	4096	66	1	255	60	18850	2	1.01.0100	1.01.0100	1.07.0000	1.07.0000
2851	逸品	2	4096	4292	1	255	30	18851	3	1.01.0100	1.01.0100	1.07.0000	1.07.0000
2852	極品	2	4096	128	1	255	15	18852	4	1.01.0100	1.01.0100	1.07.0000	1.07.0000
2853	良品	2	122880	3	1	255	100	18853	1	1.01.0100	1.01.0100	1.07.0000	1.07.0000
2854	精品	2	122880	66	1	255	60	18854	2	1.01.0100	1.01.0100	1.07.0000	1.07.0000
2855	逸品	2	122880	4292	1	255	30	18855	3	1.01.0100	1.01.0100	1.07.0000	1.07.0000
2856	極品	2	122880	128	1	255	15	18856	4	1.01.0100	1.01.0100	1.07.0000	1.07.0000
2857	良品	2	122880	3	1	255	100	18857	1	1.01.0100	1.01.0100	1.07.0000	1.07.0000
2858	精品	2	122880	66	1	255	60	18858	2	1.01.0100	1.01.0100	1.07.0000	1.07.0000
2859	逸品	2	122880	4292	1	255	30	18859	3	1.01.0100	1.01.0100	1.07.0000	1.07.0000
2860	極品	2	122880	128	1	255	15	18860	4	1.01.0100	1.01.0100	1.07.0000	1.07.0000
2861	良品	2	122880	3	1	255	100	18861	1	1.01.0100	1.01.0100	1.07.0000	1.07.0000
2862	精品	2	122880	66	1	255	60	18862	2	1.01.0100	1.01.0100	1.07.0000	1.07.0000
2863	逸品	2	122880	4292	1	255	30	18863	3	1.01.0100	1.01.0100	1.07.0000	1.07.0000
2864	極品	2	122880	128	1	255	15	18864	4	1.01.0100	1.01.0100	1.07.0000	1.07.0000
2865	良品	2	122880	3	1	255	100	18865	1	1.01.0100	1.01.0100	1.07.0000	1.07.0000
2866	精品	2	122880	66	1	255	60	18866	2	1.01.0100	1.01.0100	1.07.0000	1.07.0000
2867	逸品	2	122880	4292	1	255	30	18867	3	1.01.0100	1.01.0100	1.07.0000	1.07.0000
2868	極品	2	122880	128	1	255	15	18868	4	1.01.0100	1.01.0100	1.07.0000	1.07.0000
2869	良品	2	122880	3	1	255	100	18869	1	1.01.0100	1.01.0100	1.07.0000	1.07.0000
2870	精品	2	122880	66	1	255	60	18870	2	1.01.0100	1.01.0100	1.07.0000	1.07.0000
2871	逸品	2	122880	4292	1	255	30	18871	3	1.01.0100	1.01.0100	1.07.0000	1.07.0000
2872	極品	2	122880	128	1	255	15	18872	4	1.01.0100	1.01.0100	1.07.0000	1.07.0000
2873	良品	2	122880	3	1	255	100	18873	1	1.01.0100	1.01.0100	1.07.0000	1.07.0000
2874	精品	2	122880	66	1	255	60	18874	2	1.01.0100	1.01.0100	1.07.0000	1.07.0000
2875	逸品	2	122880	4292	1	255	30	18875	3	1.01.0100	1.01.0100	1.07.0000	1.07.0000
2876	極品	2	122880	128	1	255	15	18876	4	1.01.0100	1.01.0100	1.07.0000	1.07.0000
2877	良品	2	24576	3	1	255	100	18877	1	1.01.0100	1.01.0100	1.07.0000	1.07.0000
2878	精品	2	24576	66	1	255	60	18878	2	1.01.0100	1.01.0100	1.07.0000	1.07.0000
2879	逸品	2	24576	4292	1	255	30	18879	3	1.01.0100	1.01.0100	1.07.0000	1.07.0000
2880	極品	2	24576	128	1	255	15	18880	4	1.01.0100	1.01.0100	1.07.0000	1.07.0000
2881	良品	2	24576	3	1	255	100	18881	1	1.01.0100	1.01.0100	1.07.0000	1.07.0000
2882	精品	2	24576	66	1	255	60	18882	2	1.01.0100	1.01.0100	1.07.0000	1.07.0000
2883	逸品	2	24576	4292	1	255	30	18883	3	1.01.0100	1.01.0100	1.07.0000	1.07.0000
2884	極品	2	24576	128	1	255	15	18884	4	1.01.0100	1.01.0100	1.07.0000	1.07.0000
2885	良品	2	98304	3	1	255	100	18885	1	1.01.0100	1.01.0100	1.07.0000	1.07.0000
2886	精品	2	98304	66	1	255	60	18886	2	1.01.0100	1.01.0100	1.07.0000	1.07.0000
2887	逸品	2	98304	4292	1	255	30	18887	3	1.01.0100	1.01.0100	1.07.0000	1.07.0000
2888	極品	2	98304	128	1	255	15	18888	4	1.01.0100	1.01.0100	1.07.0000	1.07.0000
2889	良品	2	98304	3	1	255	100	18889	1	1.01.0100	1.01.0100	1.07.0000	1.07.0000
2890	精品	2	98304	66	1	255	60	18890	2	1.01.0100	1.01.0100	1.07.0000	1.07.0000
2891	逸品	2	98304	4292	1	255	30	18891	3	1.01.0100	1.01.0100	1.07.0000	1.07.0000
2892	極品	2	98304	128	1	255	15	18892	4	1.01.0100	1.01.0100	1.07.0000	1.07.0000
2893	良品	2	7936	3	1	255	8	18893	1	1.01.0100	1.01.0100	1.07.0000	1.07.0000
2894	精品	2	7936	66	1	255	4	18894	2	1.01.0100	1.01.0100	1.07.0000	1.07.0000
2895	逸品	2	7936	4292	1	255	2	18895	3	1.01.0100	1.01.0100	1.07.0000	1.07.0000
2896	極品	2	7936	128	1	255	1	18896	4	1.01.0100	1.01.0100	1.07.0000	1.07.0000
2897	良品	2	7936	3	1	255	8	18897	1	1.01.0100	1.01.0100	1.07.0000	1.07.0000
2898	精品	2	7936	66	1	255	4	18898	2	1.01.0100	1.01.0100	1.07.0000	1.07.0000
2899	逸品	2	7936	4292	1	255	2	18899	3	1.01.0100	1.01.0100	1.07.0000	1.07.0000
2900	極品	2	7936	128	1	255	1	18900	4	1.01.0100	1.01.0100	1.07.0000	1.07.0000
2901	良品	2	7936	3	1	255	8	18901	1	1.01.0100	1.01.0100	1.07.0000	1.07.0000
2902	精品	2	7936	66	1	255	4	18902	2	1.01.0100	1.01.0100	1.07.0000	1.07.0000
2903	逸品	2	7936	4292	1	255	2	18903	3	1.01.0100	1.01.0100	1.07.0000	1.07.0000
2904	極品	2	7936	128	1	255	1	18904	4	1.01.0100	1.01.0100	1.07.0000	1.07.0000
2905	良品	2	7936	3	1	255	8	18905	1	1.01.0100	1.01.0100	1.07.0000	1.07.0000
2906	精品	2	7936	66	1	255	4	18906	2	1.01.0100	1.01.0100	1.07.0000	1.07.0000
2907	逸品	2	7936	4292	1	255	2	18907	3	1.01.0100	1.01.0100	1.07.0000	1.07.0000
2908	極品	2	7936	128	1	255	1	18908	4	1.01.0100	1.01.0100	1.07.0000	1.07.0000
2909	良品	2	7936	3	1	255	8	18909	1	1.01.0100	1.01.0100	1.07.0000	1.07.0000
2910	精品	2	7936	66	1	255	4	18910	2	1.01.0100	1.01.0100	1.07.0000	1.07.0000
2911	逸品	2	7936	4292	1	255	2	18911	3	1.01.0100	1.01.0100	1.07.0000	1.07.0000
2912	極品	2	7936	128	1	255	1	18912	4	1.01.0100	1.01.0100	1.07.0000	1.07.0000
2913	良品	2	7936	3	1	255	8	18913	1	1.01.0100	1.01.0100	1.07.0000	1.07.0000
2914	精品	2	7936	66	1	255	4	18914	2	1.01.0100	1.01.0100	1.07.0000	1.07.0000
2915	逸品	2	7936	4292	1	255	2	18915	3	1.01.0100	1.01.0100	1.07.0000	1.07.0000
2916	極品	2	7936	128	1	255	1	18916	4	1.01.0100	1.01.0100	1.07.0000	1.07.0000
2917	良品	2	256	3	1	255	8	18917	1	1.01.0100	1.01.0100	1.07.0000	1.07.0000
2918	精品	2	256	66	1	255	4	18918	2	1.01.0100	1.01.0100	1.07.0000	1.07.0000
2919	逸品	2	256	4292	1	255	2	18919	3	1.01.0100	1.01.0100	1.07.0000	1.07.0000
2920	極品	2	256	128	1	255	1	18920	4	1.01.0100	1.01.0100	1.07.0000	1.07.0000
2921	良品	2	512	3	1	255	8	18921	1	1.01.0100	1.01.0100	1.07.0000	1.07.0000
2922	精品	2	512	66	1	255	4	18922	2	1.01.0100	1.01.0100	1.07.0000	1.07.0000
2923	逸品	2	512	4292	1	255	2	18923	3	1.01.0100	1.01.0100	1.07.0000	1.07.0000
2924	極品	2	512	128	1	255	1	18924	4	1.01.0100	1.01.0100	1.07.0000	1.07.0000
2925	良品	2	1024	3	1	255	8	18925	1	1.01.0100	1.01.0100	1.07.0000	1.07.0000
2926	精品	2	1024	66	1	255	4	18926	2	1.01.0100	1.01.0100	1.07.0000	1.07.0000
2927	逸品	2	1024	4292	1	255	2	18927	3	1.01.0100	1.01.0100	1.07.0000	1.07.0000
2928	極品	2	1024	128	1	255	1	18928	4	1.01.0100	1.01.0100	1.07.0000	1.07.0000
2929	良品	2	2048	3	1	255	8	18929	1	1.01.0100	1.01.0100	1.07.0000	1.07.0000
2930	精品	2	2048	66	1	255	4	18930	2	1.01.0100	1.01.0100	1.07.0000	1.07.0000
2931	逸品	2	2048	4292	1	255	2	18931	3	1.01.0100	1.01.0100	1.07.0000	1.07.0000
2932	極品	2	2048	128	1	255	1	18932	4	1.01.0100	1.01.0100	1.07.0000	1.07.0000
2933	良品	2	4096	3	1	255	8	18933	1	1.01.0100	1.01.0100	1.07.0000	1.07.0000
2934	精品	2	4096	66	1	255	4	18934	2	1.01.0100	1.01.0100	1.07.0000	1.07.0000
2935	逸品	2	4096	4292	1	255	2	18935	3	1.01.0100	1.01.0100	1.07.0000	1.07.0000
2936	極品	2	4096	128	1	255	1	18936	4	1.01.0100	1.01.0100	1.07.0000	1.07.0000
2937	良品	2	122880	3	1	255	8	18937	1	1.01.0100	1.01.0100	1.07.0000	1.07.0000
2938	精品	2	122880	66	1	255	4	18938	2	1.01.0100	1.01.0100	1.07.0000	1.07.0000
2939	逸品	2	122880	4292	1	255	2	18939	3	1.01.0100	1.01.0100	1.07.0000	1.07.0000
2940	極品	2	122880	128	1	255	1	18940	4	1.01.0100	1.01.0100	1.07.0000	1.07.0000
2941	良品	2	122880	3	1	255	8	18941	1	1.01.0100	1.01.0100	1.07.0000	1.07.0000
2942	精品	2	122880	66	1	255	4	18942	2	1.01.0100	1.01.0100	1.07.0000	1.07.0000
2943	逸品	2	122880	4292	1	255	2	18943	3	1.01.0100	1.01.0100	1.07.0000	1.07.0000
2944	極品	2	122880	128	1	255	1	18944	4	1.01.0100	1.01.0100	1.07.0000	1.07.0000
2945	良品	2	122880	3	1	255	8	18945	1	1.01.0100	1.01.0100	1.07.0000	1.07.0000
2946	精品	2	122880	66	1	255	4	18946	2	1.01.0100	1.01.0100	1.07.0000	1.07.0000
2947	逸品	2	122880	4292	1	255	2	18947	3	1.01.0100	1.01.0100	1.07.0000	1.07.0000
2948	極品	2	122880	128	1	255	1	18948	4	1.01.0100	1.01.0100	1.07.0000	1.07.0000
2949	良品	2	122880	3	1	255	8	18949	1	1.01.0100	1.01.0100	1.07.0000	1.07.0000
2950	精品	2	122880	66	1	255	4	18950	2	1.01.0100	1.01.0100	1.07.0000	1.07.0000
2951	逸品	2	122880	4292	1	255	2	18951	3	1.01.0100	1.01.0100	1.07.0000	1.07.0000
2952	極品	2	122880	128	1	255	1	18952	4	1.01.0100	1.01.0100	1.07.0000	1.07.0000
2953	良品	2	122880	3	1	255	8	18953	1	1.01.0100	1.01.0100	1.07.0000	1.07.0000
2954	精品	2	122880	66	1	255	4	18954	2	1.01.0100	1.01.0100	1.07.0000	1.07.0000
2955	逸品	2	122880	4292	1	255	2	18955	3	1.01.0100	1.01.0100	1.07.0000	1.07.0000
2956	極品	2	122880	128	1	255	1	18956	4	1.01.0100	1.01.0100	1.07.0000	1.07.0000
2957	良品	2	122880	3	1	255	8	18957	1	1.01.0100	1.01.0100	1.07.0000	1.07.0000
2958	精品	2	122880	66	1	255	4	18958	2	1.01.0100	1.01.0100	1.07.0000	1.07.0000
2959	逸品	2	122880	4292	1	255	2	18959	3	1.01.0100	1.01.0100	1.07.0000	1.07.0000
2960	極品	2	122880	128	1	255	1	18960	4	1.01.0100	1.01.0100	1.07.0000	1.07.0000
2961	良品	2	24576	3	1	255	8	18961	1	1.01.0100	1.01.0100	1.07.0000	1.07.0000
2962	精品	2	24576	66	1	255	4	18962	2	1.01.0100	1.01.0100	1.07.0000	1.07.0000
2963	逸品	2	24576	4292	1	255	2	18963	3	1.01.0100	1.01.0100	1.07.0000	1.07.0000
2964	極品	2	24576	128	1	255	1	18964	4	1.01.0100	1.01.0100	1.07.0000	1.07.0000
2965	良品	2	24576	3	1	255	8	18965	1	1.01.0100	1.01.0100	1.07.0000	1.07.0000
2966	精品	2	24576	66	1	255	4	18966	2	1.01.0100	1.01.0100	1.07.0000	1.07.0000
2967	逸品	2	24576	4292	1	255	2	18967	3	1.01.0100	1.01.0100	1.07.0000	1.07.0000
2968	極品	2	24576	128	1	255	1	18968	4	1.01.0100	1.01.0100	1.07.0000	1.07.0000
2969	良品	2	98304	3	1	255	8	18969	1	1.01.0100	1.01.0100	1.07.0000	1.07.0000
2970	精品	2	98304	66	1	255	4	18970	2	1.01.0100	1.01.0100	1.07.0000	1.07.0000
2971	逸品	2	98304	4292	1	255	2	18971	3	1.01.0100	1.01.0100	1.07.0000	1.07.0000
2972	極品	2	98304	128	1	255	1	18972	4	1.01.0100	1.01.0100	1.07.0000	1.07.0000
2973	良品	2	98304	3	1	255	8	18973	1	1.01.0100	1.01.0100	1.07.0000	1.07.0000
2974	精品	2	98304	66	1	255	4	18974	2	1.01.0100	1.01.0100	1.07.0000	1.07.0000
2975	逸品	2	98304	4292	1	255	2	18975	3	1.01.0100	1.01.0100	1.07.0000	1.07.0000
2976	極品	2	98304	128	1	255	1	18976	4	1.01.0100	1.01.0100	1.07.0000	1.07.0000
2977	良品	2	7936	3	1	255	100	18977	1	1.01.0100	1.01.0100	1.07.0000	1.07.0000
2978	精品	2	7936	66	1	255	60	18978	2	1.01.0100	1.01.0100	1.07.0000	1.07.0000
2979	逸品	2	7936	4292	1	255	30	18979	3	1.01.0100	1.01.0100	1.07.0000	1.07.0000
2980	極品	2	7936	128	1	255	15	18980	4	1.01.0100	1.01.0100	1.07.0000	1.07.0000
2981	良品	2	7936	3	1	255	100	18981	1	1.01.0100	1.01.0100	1.07.0000	1.07.0000
2982	精品	2	7936	66	1	255	60	18982	2	1.01.0100	1.01.0100	1.07.0000	1.07.0000
2983	逸品	2	7936	4292	1	255	30	18983	3	1.01.0100	1.01.0100	1.07.0000	1.07.0000
2984	極品	2	7936	128	1	255	15	18984	4	1.01.0100	1.01.0100	1.07.0000	1.07.0000
2985	良品	2	7936	3	1	255	100	18985	1	1.01.0100	1.01.0100	1.07.0000	1.07.0000
2986	精品	2	7936	66	1	255	60	18986	2	1.01.0100	1.01.0100	1.07.0000	1.07.0000
2987	逸品	2	7936	4292	1	255	30	18987	3	1.01.0100	1.01.0100	1.07.0000	1.07.0000
2988	極品	2	7936	128	1	255	15	18988	4	1.01.0100	1.01.0100	1.07.0000	1.07.0000
2989	良品	2	7936	3	1	255	100	18989	1	1.01.0100	1.01.0100	1.07.0000	1.07.0000
2990	精品	2	7936	66	1	255	60	18990	2	1.01.0100	1.01.0100	1.07.0000	1.07.0000
2991	逸品	2	7936	4292	1	255	30	18991	3	1.01.0100	1.01.0100	1.07.0000	1.07.0000
2992	極品	2	7936	128	1	255	15	18992	4	1.01.0100	1.01.0100	1.07.0000	1.07.0000
2993	良品	2	7936	3	1	255	100	18993	1	1.01.0100	1.01.0100	1.07.0000	1.07.0000
2994	精品	2	7936	66	1	255	60	18994	2	1.01.0100	1.01.0100	1.07.0000	1.07.0000
2995	逸品	2	7936	4292	1	255	30	18995	3	1.01.0100	1.01.0100	1.07.0000	1.07.0000
2996	極品	2	7936	128	1	255	15	18996	4	1.01.0100	1.01.0100	1.07.0000	1.07.0000
2997	良品	2	7936	3	1	255	100	18997	1	1.01.0100	1.01.0100	1.07.0000	1.07.0000
2998	精品	2	7936	66	1	255	60	18998	2	1.01.0100	1.01.0100	1.07.0000	1.07.0000
2999	逸品	2	7936	4292	1	255	30	18999	3	1.01.0100	1.01.0100	1.07.0000	1.07.0000
3000	極品	2	7936	128	1	255	15	19000	4	1.01.0100	1.01.0100	1.07.0000	1.07.0000
3001	良品	2	256	3	1	255	100	19001	1	1.01.0100	1.01.0100	1.07.0000	1.07.0000
3002	精品	2	256	66	1	255	60	19002	2	1.01.0100	1.01.0100	1.07.0000	1.07.0000
3003	逸品	2	256	4292	1	255	30	19003	3	1.01.0100	1.01.0100	1.07.0000	1.07.0000
3004	極品	2	256	128	1	255	15	19004	4	1.01.0100	1.01.0100	1.07.0000	1.07.0000
3005	良品	2	512	3	1	255	100	19005	1	1.01.0100	1.01.0100	1.07.0000	1.07.0000
3006	精品	2	512	66	1	255	60	19006	2	1.01.0100	1.01.0100	1.07.0000	1.07.0000
3007	逸品	2	512	4292	1	255	30	19007	3	1.01.0100	1.01.0100	1.07.0000	1.07.0000
3008	極品	2	512	128	1	255	15	19008	4	1.01.0100	1.01.0100	1.07.0000	1.07.0000
3009	良品	2	1024	3	1	255	100	19009	1	1.01.0100	1.01.0100	1.07.0000	1.07.0000
3010	精品	2	1024	66	1	255	60	19010	2	1.01.0100	1.01.0100	1.07.0000	1.07.0000
3011	逸品	2	1024	4292	1	255	30	19011	3	1.01.0100	1.01.0100	1.07.0000	1.07.0000
3012	極品	2	1024	128	1	255	15	19012	4	1.01.0100	1.01.0100	1.07.0000	1.07.0000
3013	良品	2	2048	3	1	255	100	19013	1	1.01.0100	1.01.0100	1.07.0000	1.07.0000
3014	精品	2	2048	66	1	255	60	19014	2	1.01.0100	1.01.0100	1.07.0000	1.07.0000
3015	逸品	2	2048	4292	1	255	30	19015	3	1.01.0100	1.01.0100	1.07.0000	1.07.0000
3016	極品	2	2048	128	1	255	15	19016	4	1.01.0100	1.01.0100	1.07.0000	1.07.0000
3017	良品	2	4096	3	1	255	100	19017	1	1.01.0100	1.01.0100	1.07.0000	1.07.0000
3018	精品	2	4096	66	1	255	60	19018	2	1.01.0100	1.01.0100	1.07.0000	1.07.0000
3019	逸品	2	4096	4292	1	255	30	19019	3	1.01.0100	1.01.0100	1.07.0000	1.07.0000
3020	極品	2	4096	128	1	255	15	19020	4	1.01.0100	1.01.0100	1.07.0000	1.07.0000
3021	良品	2	122880	3	1	255	100	19021	1	1.01.0100	1.01.0100	1.07.0000	1.07.0000
3022	精品	2	122880	66	1	255	60	19022	2	1.01.0100	1.01.0100	1.07.0000	1.07.0000
3023	逸品	2	122880	4292	1	255	30	19023	3	1.01.0100	1.01.0100	1.07.0000	1.07.0000
3024	極品	2	122880	128	1	255	15	19024	4	1.01.0100	1.01.0100	1.07.0000	1.07.0000
3025	良品	2	122880	3	1	255	100	19025	1	1.01.0100	1.01.0100	1.07.0000	1.07.0000
3026	精品	2	122880	66	1	255	60	19026	2	1.01.0100	1.01.0100	1.07.0000	1.07.0000
3027	逸品	2	122880	4292	1	255	30	19027	3	1.01.0100	1.01.0100	1.07.0000	1.07.0000
3028	極品	2	122880	128	1	255	15	19028	4	1.01.0100	1.01.0100	1.07.0000	1.07.0000
3029	良品	2	122880	3	1	255	100	19029	1	1.01.0100	1.01.0100	1.07.0000	1.07.0000
3030	精品	2	122880	66	1	255	60	19030	2	1.01.0100	1.01.0100	1.07.0000	1.07.0000
3031	逸品	2	122880	4292	1	255	30	19031	3	1.01.0100	1.01.0100	1.07.0000	1.07.0000
3032	極品	2	122880	128	1	255	15	19032	4	1.01.0100	1.01.0100	1.07.0000	1.07.0000
3033	良品	2	122880	3	1	255	100	19033	1	1.01.0100	1.01.0100	1.07.0000	1.07.0000
3034	精品	2	122880	66	1	255	60	19034	2	1.01.0100	1.01.0100	1.07.0000	1.07.0000
3035	逸品	2	122880	4292	1	255	30	19035	3	1.01.0100	1.01.0100	1.07.0000	1.07.0000
3036	極品	2	122880	128	1	255	15	19036	4	1.01.0100	1.01.0100	1.07.0000	1.07.0000
3037	良品	2	122880	3	1	255	100	19037	1	1.01.0100	1.01.0100	1.07.0000	1.07.0000
3038	精品	2	122880	66	1	255	60	19038	2	1.01.0100	1.01.0100	1.07.0000	1.07.0000
3039	逸品	2	122880	4292	1	255	30	19039	3	1.01.0100	1.01.0100	1.07.0000	1.07.0000
3040	極品	2	122880	128	1	255	15	19040	4	1.01.0100	1.01.0100	1.07.0000	1.07.0000
3041	良品	2	122880	3	1	255	100	19041	1	1.01.0100	1.01.0100	1.07.0000	1.07.0000
3042	精品	2	122880	66	1	255	60	19042	2	1.01.0100	1.01.0100	1.07.0000	1.07.0000
3043	逸品	2	122880	4292	1	255	30	19043	3	1.01.0100	1.01.0100	1.07.0000	1.07.0000
3044	極品	2	122880	128	1	255	15	19044	4	1.01.0100	1.01.0100	1.07.0000	1.07.0000
3045	良品	2	24576	3	1	255	100	19045	1	1.01.0100	1.01.0100	1.07.0000	1.07.0000
3046	精品	2	24576	66	1	255	60	19046	2	1.01.0100	1.01.0100	1.07.0000	1.07.0000
3047	逸品	2	24576	4292	1	255	30	19047	3	1.01.0100	1.01.0100	1.07.0000	1.07.0000
3048	極品	2	24576	128	1	255	15	19048	4	1.01.0100	1.01.0100	1.07.0000	1.07.0000
3049	良品	2	24576	3	1	255	100	19049	1	1.01.0100	1.01.0100	1.07.0000	1.07.0000
3050	精品	2	24576	66	1	255	60	19050	2	1.01.0100	1.01.0100	1.07.0000	1.07.0000
3051	逸品	2	24576	4292	1	255	30	19051	3	1.01.0100	1.01.0100	1.07.0000	1.07.0000
3052	極品	2	24576	128	1	255	15	19052	4	1.01.0100	1.01.0100	1.07.0000	1.07.0000
3053	良品	2	98304	3	1	255	100	19053	1	1.01.0100	1.01.0100	1.07.0000	1.07.0000
3054	精品	2	98304	66	1	255	60	19054	2	1.01.0100	1.01.0100	1.07.0000	1.07.0000
3055	逸品	2	98304	4292	1	255	30	19055	3	1.01.0100	1.01.0100	1.07.0000	1.07.0000
3056	極品	2	98304	128	1	255	15	19056	4	1.01.0100	1.01.0100	1.07.0000	1.07.0000
3057	良品	2	98304	3	1	255	100	19057	1	1.01.0100	1.01.0100	1.07.0000	1.07.0000
3058	精品	2	98304	66	1	255	60	19058	2	1.01.0100	1.01.0100	1.07.0000	1.07.0000
3059	逸品	2	98304	4292	1	255	30	19059	3	1.01.0100	1.01.0100	1.07.0000	1.07.0000
3060	極品	2	98304	128	1	255	15	19060	4	1.01.0100	1.01.0100	1.07.0000	1.07.0000
3061		0	0	0	0	0	0	0	0	1.01.0100	1.01.0100	1.07.0000	1.07.0000
3062		0	0	0	0	0	0	0	0	1.01.0100	1.01.0100	1.07.0000	1.07.0000
3063		0	0	0	0	0	0	0	0	1.01.0100	1.01.0100	1.07.0000	1.07.0000
3065		0	0	0	0	0	0	0	0	1.01.0100	1.01.0100	1.07.0000	1.07.0000
3066		0	0	0	0	0	0	0	0	1.01.0100	1.01.0100	1.07.0000	1.07.0000
3067		0	0	0	0	0	0	0	0	1.01.0100	1.01.0100	1.07.0000	1.07.0000
3069		0	0	0	0	0	0	0	0	1.01.0100	1.01.0100	1.07.0000	1.07.0000
3070		0	0	0	0	0	0	0	0	1.01.0100	1.01.0100	1.07.0000	1.07.0000
3071		0	0	0	0	0	0	0	0	1.01.0100	1.01.0100	1.07.0000	1.07.0000
3073		0	0	0	0	0	0	0	0	1.01.0100	1.01.0100	1.07.0000	1.07.0000
3074		0	0	0	0	0	0	0	0	1.01.0100	1.01.0100	1.07.0000	1.07.0000
3075		0	0	0	0	0	0	0	0	1.01.0100	1.01.0100	1.07.0000	1.07.0000
3077		0	0	0	0	0	0	0	0	1.01.0100	1.01.0100	1.07.0000	1.07.0000
3078		0	0	0	0	0	0	0	0	1.01.0100	1.01.0100	1.07.0000	1.07.0000
3079		0	0	0	0	0	0	0	0	1.01.0100	1.01.0100	1.07.0000	1.07.0000
3081		0	0	0	0	0	0	0	0	1.01.0100	1.01.0100	1.07.0000	1.07.0000
3082		0	0	0	0	0	0	0	0	1.01.0100	1.01.0100	1.07.0000	1.07.0000
3083		0	0	0	0	0	0	0	0	1.01.0100	1.01.0100	1.07.0000	1.07.0000
3085		0	0	0	0	0	0	0	0	1.01.0100	1.01.0100	1.07.0000	1.07.0000
3086		0	0	0	0	0	0	0	0	1.01.0100	1.01.0100	1.07.0000	1.07.0000
3087		0	0	0	0	0	0	0	0	1.01.0100	1.01.0100	1.07.0000	1.07.0000
3089		0	0	0	0	0	0	0	0	1.01.0100	1.01.0100	1.07.0000	1.07.0000
3090		0	0	0	0	0	0	0	0	1.01.0100	1.01.0100	1.07.0000	1.07.0000
3091		0	0	0	0	0	0	0	0	1.01.0100	1.01.0100	1.07.0000	1.07.0000
3093		0	0	0	0	0	0	0	0	1.01.0100	1.01.0100	1.07.0000	1.07.0000
3094		0	0	0	0	0	0	0	0	1.01.0100	1.01.0100	1.07.0000	1.07.0000
3095		0	0	0	0	0	0	0	0	1.01.0100	1.01.0100	1.07.0000	1.07.0000
3097		0	0	0	0	0	0	0	0	1.01.0100	1.01.0100	1.07.0000	1.07.0000
3098		0	0	0	0	0	0	0	0	1.01.0100	1.01.0100	1.07.0000	1.07.0000
3099		0	0	0	0	0	0	0	0	1.01.0100	1.01.0100	1.07.0000	1.07.0000
3101		0	0	0	0	0	0	0	0	1.01.0100	1.01.0100	1.07.0000	1.07.0000
3102		0	0	0	0	0	0	0	0	1.01.0100	1.01.0100	1.07.0000	1.07.0000
3103		0	0	0	0	0	0	0	0	1.01.0100	1.01.0100	1.07.0000	1.07.0000
3105		0	0	0	0	0	0	0	0	1.01.0100	1.01.0100	1.07.0000	1.07.0000
3106		0	0	0	0	0	0	0	0	1.01.0100	1.01.0100	1.07.0000	1.07.0000
3107		0	0	0	0	0	0	0	0	1.01.0100	1.01.0100	1.07.0000	1.07.0000
3109		0	0	0	0	0	0	0	0	1.01.0100	1.01.0100	1.07.0000	1.07.0000
3110		0	0	0	0	0	0	0	0	1.01.0100	1.01.0100	1.07.0000	1.07.0000
3111		0	0	0	0	0	0	0	0	1.01.0100	1.01.0100	1.07.0000	1.07.0000
3113		0	0	0	0	0	0	0	0	1.01.0100	1.01.0100	1.07.0000	1.07.0000
3114		0	0	0	0	0	0	0	0	1.01.0100	1.01.0100	1.07.0000	1.07.0000
3115		0	0	0	0	0	0	0	0	1.01.0100	1.01.0100	1.07.0000	1.07.0000
3117		0	0	0	0	0	0	0	0	1.01.0100	1.01.0100	1.07.0000	1.07.0000
3118		0	0	0	0	0	0	0	0	1.01.0100	1.01.0100	1.07.0000	1.07.0000
3119		0	0	0	0	0	0	0	0	1.01.0100	1.01.0100	1.07.0000	1.07.0000
3121		0	0	0	0	0	0	0	0	1.01.0100	1.01.0100	1.07.0000	1.07.0000
3122		0	0	0	0	0	0	0	0	1.01.0100	1.01.0100	1.07.0000	1.07.0000
3123		0	0	0	0	0	0	0	0	1.01.0100	1.01.0100	1.07.0000	1.07.0000
3125		0	0	0	0	0	0	0	0	1.01.0100	1.01.0100	1.07.0000	1.07.0000
3126		0	0	0	0	0	0	0	0	1.01.0100	1.01.0100	1.07.0000	1.07.0000
3127		0	0	0	0	0	0	0	0	1.01.0100	1.01.0100	1.07.0000	1.07.0000
3129		0	0	0	0	0	0	0	0	1.01.0100	1.01.0100	1.07.0000	1.07.0000
3130		0	0	0	0	0	0	0	0	1.01.0100	1.01.0100	1.07.0000	1.07.0000
3131		0	0	0	0	0	0	0	0	1.01.0100	1.01.0100	1.07.0000	1.07.0000
3133		0	0	0	0	0	0	0	0	1.01.0100	1.01.0100	1.07.0000	1.07.0000
3134		0	0	0	0	0	0	0	0	1.01.0100	1.01.0100	1.07.0000	1.07.0000
3135		0	0	0	0	0	0	0	0	1.01.0100	1.01.0100	1.07.0000	1.07.0000
3137		0	0	0	0	0	0	0	0	1.01.0100	1.01.0100	1.07.0000	1.07.0000
3138		0	0	0	0	0	0	0	0	1.01.0100	1.01.0100	1.07.0000	1.07.0000
3139		0	0	0	0	0	0	0	0	1.01.0100	1.01.0100	1.07.0000	1.07.0000
3141		0	0	0	0	0	0	0	0	1.01.0100	1.01.0100	1.07.0000	1.07.0000
3142		0	0	0	0	0	0	0	0	1.01.0100	1.01.0100	1.07.0000	1.07.0000
3143		0	0	0	0	0	0	0	0	1.01.0100	1.01.0100	1.07.0000	1.07.0000
3145		0	0	0	0	0	0	0	0	1.01.0100	1.01.0100	1.07.0000	1.07.0000
3146		0	0	0	0	0	0	0	0	1.01.0100	1.01.0100	1.07.0000	1.07.0000
3147		0	0	0	0	0	0	0	0	1.01.0100	1.01.0100	1.07.0000	1.07.0000
3149		0	0	0	0	0	0	0	0	1.01.0100	1.01.0100	1.07.0000	1.07.0000
3150		0	0	0	0	0	0	0	0	1.01.0100	1.01.0100	1.07.0000	1.07.0000
3151		0	0	0	0	0	0	0	0	1.01.0100	1.01.0100	1.07.0000	1.07.0000
3153		0	0	0	0	0	0	0	0	1.01.0100	1.01.0100	1.07.0000	1.07.0000
3154		0	0	0	0	0	0	0	0	1.01.0100	1.01.0100	1.07.0000	1.07.0000
3155		0	0	0	0	0	0	0	0	1.01.0100	1.01.0100	1.07.0000	1.07.0000
3157		0	0	0	0	0	0	0	0	1.01.0100	1.01.0100	1.07.0000	1.07.0000
3158		0	0	0	0	0	0	0	0	1.01.0100	1.01.0100	1.07.0000	1.07.0000
3159		0	0	0	0	0	0	0	0	1.01.0100	1.01.0100	1.07.0000	1.07.0000
3161		0	0	0	0	0	0	0	0	1.01.0100	1.01.0100	1.07.0000	1.07.0000
3162		0	0	0	0	0	0	0	0	1.01.0100	1.01.0100	1.07.0000	1.07.0000
3163		0	0	0	0	0	0	0	0	1.01.0100	1.01.0100	1.07.0000	1.07.0000
3165		0	0	0	0	0	0	0	0	1.01.0100	1.01.0100	1.07.0000	1.07.0000
3166		0	0	0	0	0	0	0	0	1.01.0100	1.01.0100	1.07.0000	1.07.0000
3167		0	0	0	0	0	0	0	0	1.01.0100	1.01.0100	1.07.0000	1.07.0000
3169		0	0	0	0	0	0	0	0	1.01.0100	1.01.0100	1.07.0000	1.07.0000
3170		0	0	0	0	0	0	0	0	1.01.0100	1.01.0100	1.07.0000	1.07.0000
3171		0	0	0	0	0	0	0	0	1.01.0100	1.01.0100	1.07.0000	1.07.0000
3173		0	0	0	0	0	0	0	0	1.01.0100	1.01.0100	1.07.0000	1.07.0000
3174		0	0	0	0	0	0	0	0	1.01.0100	1.01.0100	1.07.0000	1.07.0000
3175		0	0	0	0	0	0	0	0	1.01.0100	1.01.0100	1.07.0000	1.07.0000
3501	遺跡守衛	2	8	204	1	255	0	19501	0	1.01.0100	1.01.0100	1.07.0000	1.07.0000
3502	嗜血殺手	2	1	204	1	255	0	19502	0	1.01.0100	1.01.0100	1.07.0000	1.07.0000
3503	波濤媚影	2	64	204	1	255	0	19503	0	1.01.0100	1.01.0100	1.07.0000	1.07.0000
3504	深海巨靈	2	4	204	1	255	0	19504	0	1.01.0100	1.01.0100	1.07.0000	1.07.0000
3505	機械利齒	2	16	204	1	255	0	19505	0	1.01.0100	1.01.0100	1.07.0000	1.07.0000
3506	狂熱戰意	2	2	204	1	255	0	19506	0	1.01.0100	1.01.0100	1.07.0000	1.07.0000
3507	遠古衛士	2	8	392	1	255	0	19507	0	1.01.0100	1.01.0100	1.07.0000	1.07.0000
3508	索命使者	2	1	392	1	255	0	19508	0	1.01.0100	1.01.0100	1.07.0000	1.07.0000
3509	藍海麗人	2	64	392	1	255	0	19509	0	1.01.0100	1.01.0100	1.07.0000	1.07.0000
3510	深淵異類	2	4	392	1	255	0	19510	0	1.01.0100	1.01.0100	1.07.0000	1.07.0000
3511	機甲尖牙	2	16	392	1	255	0	19511	0	1.01.0100	1.01.0100	1.07.0000	1.07.0000
3512	狂暴殺氣	2	2	392	1	255	0	19512	0	1.01.0100	1.01.0100	1.07.0000	1.07.0000
3513	熾熱日光	2	8	392	1	255	0	19513	0	1.01.0100	1.01.0100	1.07.0000	1.07.0000
3514	熾熱日光	2	1	392	1	255	0	19514	0	1.01.0100	1.01.0100	1.07.0000	1.07.0000
3515	熾熱日光	2	64	392	1	255	0	19515	0	1.01.0100	1.01.0100	1.07.0000	1.07.0000
3516	熾熱日光	2	4	392	1	255	0	19516	0	1.01.0100	1.01.0100	1.07.0000	1.07.0000
3517	熾熱日光	2	16	392	1	255	0	19517	0	1.01.0100	1.01.0100	1.07.0000	1.07.0000
3518	熾熱日光	2	2	392	1	255	0	19518	0	1.01.0100	1.01.0100	1.07.0000	1.07.0000
3992		2	0	0	0	255	0	17502	0	1.03.0000	1.00.0000	1.07.0000	1.07.0000
3993		2	0	0	0	255	0	17504	0	1.03.0000	1.00.0000	1.07.0000	1.07.0000
3994		2	0	0	0	255	0	17506	0	1.03.0000	1.00.0000	1.07.0000	1.07.0000
3995		2	0	0	0	255	0	17508	0	1.03.0000	1.00.0000	1.07.0000	1.07.0000
3996		2	122880	0	0	255	0	19996	0	1.00.0000	1.00.0000	1.07.0000	1.07.0000
3997		2	122880	0	0	255	0	19997	0	1.00.0000	1.00.0000	1.07.0000	1.07.0000
3998		2	7936	0	0	255	0	19998	0	1.00.0000	1.00.0000	1.07.0000	1.07.0000
3999		2	7936	0	0	255	0	19999	0	1.00.0000	1.00.0000	1.07.0000	1.07.0000
4000		2	7936	0	0	255	0	20000	0	1.00.0000	1.00.0000	1.07.0000	1.07.0000
10001	優質	1	130943	3	1	255	2000	20001	1	1.00.0000	1.07.0000	1.07.0000	1.07.0000
10002	優質	1	130943	3	1	255	2000	20002	1	1.00.0000	1.07.0000	1.07.0000	1.07.0000
10003	優質	1	130943	3	1	255	2000	20003	1	1.00.0000	1.07.0000	1.07.0000	1.07.0000
10004	優質	1	130943	3	1	255	2000	20004	1	1.00.0000	1.07.0000	1.07.0000	1.07.0000
10005	優質	1	130943	3	1	255	2000	20005	1	1.00.0000	1.07.0000	1.07.0000	1.07.0000
10006	優質	1	130943	3	1	255	2000	20006	1	1.00.0000	1.07.0000	1.07.0000	1.07.0000
10007	優質	1	130943	3	1	255	2000	20007	1	1.00.0000	1.07.0000	1.07.0000	1.07.0000
10008	優質	1	130943	3	1	255	2000	20008	1	1.00.0000	1.07.0000	1.07.0000	1.07.0000
10009	優質	1	130943	3	1	255	2000	20009	1	1.00.0000	1.07.0000	1.07.0000	1.07.0000
10010	優質	1	130943	3	1	255	2000	20010	1	1.00.0000	1.07.0000	1.07.0000	1.07.0000
10011	優質	1	130943	3	1	255	500	20011	1	1.00.0000	1.07.0000	1.07.0000	1.07.0000
10012	優質	1	130943	3	1	255	500	20012	1	1.00.0000	1.07.0000	1.07.0000	1.07.0000
10013	優質	1	130943	3	1	255	500	20013	1	1.00.0000	1.07.0000	1.07.0000	1.07.0000
10014	優質	1	130943	3	1	255	500	20014	1	1.00.0000	1.07.0000	1.07.0000	1.07.0000
10015	優質	1	130943	3	1	255	500	20015	1	1.00.0000	1.07.0000	1.07.0000	1.07.0000
10016	優質	1	130943	3	1	255	500	20016	1	1.00.0000	1.07.0000	1.07.0000	1.07.0000
10017	優質	1	130943	3	1	255	500	20017	1	1.00.0000	1.07.0000	1.07.0000	1.07.0000
10018	優質	1	130943	3	1	255	500	20018	1	1.00.0000	1.07.0000	1.07.0000	1.07.0000
10019	優質	1	130943	3	1	255	500	20019	1	1.00.0000	1.07.0000	1.07.0000	1.07.0000
10020	優質	1	130943	3	1	255	500	20020	1	1.00.0000	1.07.0000	1.07.0000	1.07.0000
10021	優質	1	130943	3	1	255	500	20021	1	1.00.0000	1.07.0000	1.07.0000	1.07.0000
10022	優質	1	130943	3	1	255	500	20022	1	1.00.0000	1.07.0000	1.07.0000	1.07.0000
10023	優質	1	130943	3	1	255	500	20023	1	1.00.0000	1.07.0000	1.07.0000	1.07.0000
10024	優質	1	130943	3	1	255	500	20024	1	1.00.0000	1.07.0000	1.07.0000	1.07.0000
10025	優質	1	130943	3	1	255	500	20025	1	1.00.0000	1.07.0000	1.07.0000	1.07.0000
10026	優質	1	130943	3	1	255	500	20026	1	1.00.0000	1.07.0000	1.07.0000	1.07.0000
10027	優質	1	130943	3	1	255	500	20027	1	1.00.0000	1.07.0000	1.07.0000	1.07.0000
10028	優質	1	130943	3	1	255	500	20028	1	1.00.0000	1.07.0000	1.07.0000	1.07.0000
10029	優質	1	130943	3	1	255	500	20029	1	1.00.0000	1.07.0000	1.07.0000	1.07.0000
10030	優質	1	130943	3	1	255	500	20030	1	1.00.0000	1.07.0000	1.07.0000	1.07.0000
10031	優質	1	130943	3	1	255	500	20031	1	1.00.0000	1.07.0000	1.07.0000	1.07.0000
10032	優質	1	130943	3	1	255	500	20032	1	1.00.0000	1.07.0000	1.07.0000	1.07.0000
10033	優質	1	130943	3	1	255	500	20033	1	1.00.0000	1.07.0000	1.07.0000	1.07.0000
10034	優質	1	130943	3	1	255	500	20034	1	1.00.0000	1.07.0000	1.07.0000	1.07.0000
10035	優質	1	130943	3	1	255	500	20035	1	1.00.0000	1.07.0000	1.07.0000	1.07.0000
10036	優質	1	130943	3	1	255	500	20036	1	1.00.0000	1.07.0000	1.07.0000	1.07.0000
10037	優質	1	130943	3	1	255	500	20037	1	1.00.0000	1.07.0000	1.07.0000	1.07.0000
10038	優質	1	130943	3	1	255	500	20038	1	1.00.0000	1.07.0000	1.07.0000	1.07.0000
10039	優質	1	130943	3	1	255	500	20039	1	1.00.0000	1.07.0000	1.07.0000	1.07.0000
10040	優質	1	130943	3	1	255	500	20040	1	1.00.0000	1.07.0000	1.07.0000	1.07.0000
10041	優質	1	130943	3	1	255	500	20041	1	1.00.0000	1.07.0000	1.07.0000	1.07.0000
10042	優質	1	130943	3	1	255	500	20042	1	1.00.0000	1.07.0000	1.07.0000	1.07.0000
10043	優質	1	130943	3	1	255	500	20043	1	1.00.0000	1.07.0000	1.07.0000	1.07.0000
10044	優質	1	130943	3	1	255	500	20044	1	1.00.0000	1.07.0000	1.07.0000	1.07.0000
10045	優質	1	130943	3	1	255	500	20045	1	1.00.0000	1.07.0000	1.07.0000	1.07.0000
10046	優質	1	130943	3	1	255	500	20046	1	1.00.0000	1.07.0000	1.07.0000	1.07.0000
10047	優質	1	130943	3	1	255	500	20047	1	1.00.0000	1.07.0000	1.07.0000	1.07.0000
10048	優質	1	130943	3	1	255	500	20048	1	1.00.0000	1.07.0000	1.07.0000	1.07.0000
10049	優質	1	130943	3	1	255	500	20049	1	1.00.0000	1.07.0000	1.07.0000	1.07.0000
10050	優質	1	130943	3	1	255	500	20050	1	1.00.0000	1.07.0000	1.07.0000	1.07.0000
10051	優質	1	130943	3	1	255	500	20051	1	1.00.0000	1.07.0000	1.07.0000	1.07.0000
10052	優質	1	130943	3	1	255	500	20052	1	1.00.0000	1.07.0000	1.07.0000	1.07.0000
10053	優質	1	130943	3	1	255	500	20053	1	1.00.0000	1.07.0000	1.07.0000	1.07.0000
10054	優質	1	130943	3	1	255	500	20054	1	1.00.0000	1.07.0000	1.07.0000	1.07.0000
10055	優質	1	130943	3	1	255	500	20055	1	1.00.0000	1.07.0000	1.07.0000	1.07.0000
10056	優質	1	130943	3	1	255	500	20056	1	1.00.0000	1.07.0000	1.07.0000	1.07.0000
10057	優質	1	130943	3	1	255	500	20057	1	1.00.0000	1.07.0000	1.07.0000	1.07.0000
10058	優質	1	130943	3	1	255	500	20058	1	1.00.0000	1.07.0000	1.07.0000	1.07.0000
10059	優質	1	130943	3	1	255	500	20059	1	1.00.0000	1.07.0000	1.07.0000	1.07.0000
10060	優質	1	130943	3	1	255	500	20060	1	1.00.0000	1.07.0000	1.07.0000	1.07.0000
10061	優質	1	130943	3	1	255	500	20061	1	1.00.0000	1.07.0000	1.07.0000	1.07.0000
10062	優質	1	130943	3	1	255	500	20062	1	1.00.0000	1.07.0000	1.07.0000	1.07.0000
10063	優質	1	130943	3	1	255	500	20063	1	1.00.0000	1.07.0000	1.07.0000	1.07.0000
10064	優質	1	130943	3	1	255	500	20064	1	1.00.0000	1.07.0000	1.07.0000	1.07.0000
10065	優質	1	130943	3	1	255	500	20065	1	1.00.0000	1.07.0000	1.07.0000	1.07.0000
10066	優質	1	130943	3	1	255	500	20066	1	1.00.0000	1.07.0000	1.07.0000	1.07.0000
10067	優質	1	130943	3	1	255	500	20067	1	1.00.0000	1.07.0000	1.07.0000	1.07.0000
10068	優質	1	130943	3	1	255	500	20068	1	1.00.0000	1.07.0000	1.07.0000	1.07.0000
10069	優質	1	130943	3	1	255	500	20069	1	1.00.0000	1.07.0000	1.07.0000	1.07.0000
10070	優質	1	130943	3	1	255	500	20070	1	1.00.0000	1.07.0000	1.07.0000	1.07.0000
10071	優質	1	130943	3	1	255	500	20071	1	1.00.0000	1.07.0000	1.07.0000	1.07.0000
10072	優質	1	130943	3	1	255	500	20072	1	1.00.0000	1.07.0000	1.07.0000	1.07.0000
10073	優質	1	130943	3	1	255	500	20073	1	1.00.0000	1.07.0000	1.07.0000	1.07.0000
10074	優質	1	130943	3	1	255	500	20074	1	1.00.0000	1.07.0000	1.07.0000	1.07.0000
10075	優質	1	130943	3	1	255	500	20075	1	1.00.0000	1.07.0000	1.07.0000	1.07.0000
10076	優質	1	130943	3	1	255	500	20076	1	1.00.0000	1.07.0000	1.07.0000	1.07.0000
10077	優質	1	130943	3	1	255	500	20077	1	1.00.0000	1.07.0000	1.07.0000	1.07.0000
10078	優質	1	130943	3	1	255	500	20078	1	1.00.0000	1.07.0000	1.07.0000	1.07.0000
10079	優質	1	130943	3	1	255	500	20079	1	1.00.0000	1.07.0000	1.07.0000	1.07.0000
10080	優質	1	130943	3	1	255	500	20080	1	1.00.0000	1.07.0000	1.07.0000	1.07.0000
10081	優質	1	130943	3	1	255	500	20081	1	1.00.0000	1.07.0000	1.07.0000	1.07.0000
10082	優質	1	130943	3	1	255	500	20082	1	1.00.0000	1.07.0000	1.07.0000	1.07.0000
10083	優質	1	130943	3	1	255	500	20083	1	1.00.0000	1.07.0000	1.07.0000	1.07.0000
10084	優質	1	130943	3	1	255	500	20084	1	1.00.0000	1.07.0000	1.07.0000	1.07.0000
10085	優質	1	130943	3	1	255	500	20085	1	1.00.0000	1.07.0000	1.07.0000	1.07.0000
10086	優質	1	130943	3	1	255	500	20086	1	1.00.0000	1.07.0000	1.07.0000	1.07.0000
10087	優質	1	130943	3	1	255	500	20087	1	1.00.0000	1.07.0000	1.07.0000	1.07.0000
10088	優質	1	130943	3	1	255	500	20088	1	1.00.0000	1.07.0000	1.07.0000	1.07.0000
10089	優質	1	130943	3	1	255	500	20089	1	1.00.0000	1.07.0000	1.07.0000	1.07.0000
10090	優質	1	130943	3	1	255	500	20090	1	1.00.0000	1.07.0000	1.07.0000	1.07.0000
10091	優質	1	130943	3	1	255	500	20091	1	1.00.0000	1.07.0000	1.07.0000	1.07.0000
10092	優質	1	130943	3	1	255	500	20092	1	1.00.0000	1.07.0000	1.07.0000	1.07.0000
10093	優質	1	130943	3	1	255	500	20093	1	1.00.0000	1.07.0000	1.07.0000	1.07.0000
10094	優質	1	130943	3	1	255	500	20094	1	1.00.0000	1.07.0000	1.07.0000	1.07.0000
10095	優質	1	130943	3	1	255	500	20095	1	1.00.0000	1.07.0000	1.07.0000	1.07.0000
10096	優質	1	130943	3	1	255	500	20096	1	1.00.0000	1.07.0000	1.07.0000	1.07.0000
10097	優質	1	130943	3	1	255	500	20097	1	1.00.0000	1.07.0000	1.07.0000	1.07.0000
10098	優質	1	130943	3	1	255	500	20098	1	1.00.0000	1.07.0000	1.07.0000	1.07.0000
10099	優質	1	130943	3	1	255	500	20099	1	1.00.0000	1.07.0000	1.07.0000	1.07.0000
10100	優質	1	130943	3	1	255	500	20100	1	1.00.0000	1.07.0000	1.07.0000	1.07.0000
10101	靈性	1	130943	4303	1	255	1000	20101	2	1.00.0000	1.07.0000	1.07.0000	1.07.0000
10102	靈性	1	130943	4303	1	255	1000	20102	2	1.00.0000	1.07.0000	1.07.0000	1.07.0000
10103	靈性	1	130943	4303	1	255	1000	20103	2	1.00.0000	1.07.0000	1.07.0000	1.07.0000
10104	靈性	1	130943	4303	1	255	1000	20104	2	1.00.0000	1.07.0000	1.07.0000	1.07.0000
10105	靈性	1	130943	4303	1	255	1000	20105	2	1.00.0000	1.07.0000	1.07.0000	1.07.0000
10106	靈性	1	130943	4303	1	255	1000	20106	2	1.00.0000	1.07.0000	1.07.0000	1.07.0000
10107	靈性	1	130943	4303	1	255	1000	20107	2	1.00.0000	1.07.0000	1.07.0000	1.07.0000
10108	靈性	1	130943	4303	1	255	1000	20108	2	1.00.0000	1.07.0000	1.07.0000	1.07.0000
10109	靈性	1	130943	4303	1	255	1000	20109	2	1.00.0000	1.07.0000	1.07.0000	1.07.0000
10110	靈性	1	130943	4303	1	255	1000	20110	2	1.00.0000	1.07.0000	1.07.0000	1.07.0000
10111	靈性	1	130943	4303	1	255	1000	20111	2	1.00.0000	1.07.0000	1.07.0000	1.07.0000
10112	靈性	1	130943	4303	1	255	1000	20112	2	1.00.0000	1.07.0000	1.07.0000	1.07.0000
10113	靈性	1	130943	4303	1	255	50	20113	2	1.00.0000	1.07.0000	1.07.0000	1.07.0000
10114	靈性	1	130943	4303	1	255	50	20114	2	1.00.0000	1.07.0000	1.07.0000	1.07.0000
10115	靈性	1	130943	4303	1	255	50	20115	2	1.00.0000	1.07.0000	1.07.0000	1.07.0000
10116	靈性	1	130943	4303	1	255	50	20116	2	1.00.0000	1.07.0000	1.07.0000	1.07.0000
10117	靈性	1	130943	4303	1	255	50	20117	2	1.00.0000	1.07.0000	1.07.0000	1.07.0000
10118	靈性	1	130943	4303	1	255	50	20118	2	1.00.0000	1.07.0000	1.07.0000	1.07.0000
10119	靈性	1	130943	4303	1	255	50	20119	2	1.00.0000	1.07.0000	1.07.0000	1.07.0000
10120	靈性	1	130943	4303	1	255	50	20120	2	1.00.0000	1.07.0000	1.07.0000	1.07.0000
10121	靈性	1	130943	4303	1	255	50	20121	2	1.00.0000	1.07.0000	1.07.0000	1.07.0000
10122	靈性	1	130943	4303	1	255	50	20122	2	1.00.0000	1.07.0000	1.07.0000	1.07.0000
10123	靈性	1	130943	4303	1	255	50	20123	2	1.00.0000	1.07.0000	1.07.0000	1.07.0000
10124	靈性	1	130943	4303	1	255	50	20124	2	1.00.0000	1.07.0000	1.07.0000	1.07.0000
10125	靈性	1	130943	4303	1	255	50	20125	2	1.00.0000	1.07.0000	1.07.0000	1.07.0000
10126	靈性	1	130943	4303	1	255	40	20126	2	1.00.0000	1.07.0000	1.07.0000	1.07.0000
10127	靈性	1	130943	4303	1	255	40	20127	2	1.00.0000	1.07.0000	1.07.0000	1.07.0000
10128	靈性	1	130943	4303	1	255	40	20128	2	1.00.0000	1.07.0000	1.07.0000	1.07.0000
10129	靈性	1	130943	4303	1	255	40	20129	2	1.00.0000	1.07.0000	1.07.0000	1.07.0000
10130	靈性	1	130943	4303	1	255	40	20130	2	1.00.0000	1.07.0000	1.07.0000	1.07.0000
10131	靈性	1	130943	4303	1	255	40	20131	2	1.00.0000	1.07.0000	1.07.0000	1.07.0000
10132	靈性	1	130943	4303	1	255	40	20132	2	1.00.0000	1.07.0000	1.07.0000	1.07.0000
10133	靈性	1	130943	4303	1	255	40	20133	2	1.00.0000	1.07.0000	1.07.0000	1.07.0000
10134	靈性	1	130943	4303	1	255	40	20134	2	1.00.0000	1.07.0000	1.07.0000	1.07.0000
10135	靈性	1	130943	4303	1	255	40	20135	2	1.00.0000	1.07.0000	1.07.0000	1.07.0000
10136	靈性	1	130943	4303	1	255	40	20136	2	1.00.0000	1.07.0000	1.07.0000	1.07.0000
10137	靈性	1	130943	4303	1	255	40	20137	2	1.00.0000	1.07.0000	1.07.0000	1.07.0000
10138	靈性	1	130943	4303	1	255	40	20138	2	1.00.0000	1.07.0000	1.07.0000	1.07.0000
10139	靈性	1	130943	4303	1	255	50	20139	2	1.00.0000	1.07.0000	1.07.0000	1.07.0000
10140	靈性	1	130943	4303	1	255	50	20140	2	1.00.0000	1.07.0000	1.07.0000	1.07.0000
10141	靈性	1	130943	4303	1	255	50	20141	2	1.00.0000	1.07.0000	1.07.0000	1.07.0000
10142	靈性	1	130943	4303	1	255	50	20142	2	1.00.0000	1.07.0000	1.07.0000	1.07.0000
10143	靈性	1	130943	4303	1	255	50	20143	2	1.00.0000	1.07.0000	1.07.0000	1.07.0000
10144	靈性	1	130943	4303	1	255	50	20144	2	1.00.0000	1.07.0000	1.07.0000	1.07.0000
10145	靈性	1	130943	4303	1	255	50	20145	2	1.00.0000	1.07.0000	1.07.0000	1.07.0000
10146	靈性	1	130943	4303	1	255	50	20146	2	1.00.0000	1.07.0000	1.07.0000	1.07.0000
10147	靈性	1	130943	4303	1	255	50	20147	2	1.00.0000	1.07.0000	1.07.0000	1.07.0000
10148	靈性	1	130943	4303	1	255	50	20148	2	1.00.0000	1.07.0000	1.07.0000	1.07.0000
10149	靈性	1	130943	4303	1	255	50	20149	2	1.00.0000	1.07.0000	1.07.0000	1.07.0000
10150	靈性	1	130943	4303	1	255	50	20150	2	1.00.0000	1.07.0000	1.07.0000	1.07.0000
10151	靈性	1	130943	4303	1	255	50	20151	2	1.00.0000	1.07.0000	1.07.0000	1.07.0000
10152	靈性	1	130943	4303	1	255	40	20152	2	1.00.0000	1.07.0000	1.07.0000	1.07.0000
10153	靈性	1	130943	4303	1	255	40	20153	2	1.00.0000	1.07.0000	1.07.0000	1.07.0000
10154	靈性	1	130943	4303	1	255	40	20154	2	1.00.0000	1.07.0000	1.07.0000	1.07.0000
10155	靈性	1	130943	4303	1	255	40	20155	2	1.00.0000	1.07.0000	1.07.0000	1.07.0000
10156	靈性	1	130943	4303	1	255	40	20156	2	1.00.0000	1.07.0000	1.07.0000	1.07.0000
10157	靈性	1	130943	4303	1	255	40	20157	2	1.00.0000	1.07.0000	1.07.0000	1.07.0000
10158	靈性	1	130943	4303	1	255	40	20158	2	1.00.0000	1.07.0000	1.07.0000	1.07.0000
10159	靈性	1	130943	4303	1	255	40	20159	2	1.00.0000	1.07.0000	1.07.0000	1.07.0000
10160	靈性	1	130943	4303	1	255	40	20160	2	1.00.0000	1.07.0000	1.07.0000	1.07.0000
10161	靈性	1	130943	4303	1	255	40	20161	2	1.00.0000	1.07.0000	1.07.0000	1.07.0000
10162	靈性	1	130943	4303	1	255	40	20162	2	1.00.0000	1.07.0000	1.07.0000	1.07.0000
10163	靈性	1	130943	4303	1	255	40	20163	2	1.00.0000	1.07.0000	1.07.0000	1.07.0000
10164	靈性	1	130943	4303	1	255	40	20164	2	1.00.0000	1.07.0000	1.07.0000	1.07.0000
10165	靈性	1	130943	4303	1	255	50	20165	2	1.00.0000	1.07.0000	1.07.0000	1.07.0000
10166	靈性	1	130943	4303	1	255	50	20166	2	1.00.0000	1.07.0000	1.07.0000	1.07.0000
10167	靈性	1	130943	4303	1	255	50	20167	2	1.00.0000	1.07.0000	1.07.0000	1.07.0000
10168	靈性	1	130943	4303	1	255	50	20168	2	1.00.0000	1.07.0000	1.07.0000	1.07.0000
10169	靈性	1	130943	4303	1	255	50	20169	2	1.00.0000	1.07.0000	1.07.0000	1.07.0000
10170	靈性	1	130943	4303	1	255	50	20170	2	1.00.0000	1.07.0000	1.07.0000	1.07.0000
10171	靈性	1	130943	4303	1	255	50	20171	2	1.00.0000	1.07.0000	1.07.0000	1.07.0000
10172	靈性	1	130943	4303	1	255	50	20172	2	1.00.0000	1.07.0000	1.07.0000	1.07.0000
10173	靈性	1	130943	4303	1	255	50	20173	2	1.00.0000	1.07.0000	1.07.0000	1.07.0000
10174	靈性	1	130943	4303	1	255	50	20174	2	1.00.0000	1.07.0000	1.07.0000	1.07.0000
10175	靈性	1	130943	4303	1	255	50	20175	2	1.00.0000	1.07.0000	1.07.0000	1.07.0000
10176	靈性	1	130943	4303	1	255	50	20176	2	1.00.0000	1.07.0000	1.07.0000	1.07.0000
10177	靈性	1	130943	4303	1	255	50	20177	2	1.00.0000	1.07.0000	1.07.0000	1.07.0000
10178	靈性	1	130943	4303	1	255	40	20178	2	1.00.0000	1.07.0000	1.07.0000	1.07.0000
10179	靈性	1	130943	4303	1	255	40	20179	2	1.00.0000	1.07.0000	1.07.0000	1.07.0000
10180	靈性	1	130943	4303	1	255	40	20180	2	1.00.0000	1.07.0000	1.07.0000	1.07.0000
10181	靈性	1	130943	4303	1	255	40	20181	2	1.00.0000	1.07.0000	1.07.0000	1.07.0000
10182	靈性	1	130943	4303	1	255	40	20182	2	1.00.0000	1.07.0000	1.07.0000	1.07.0000
10183	靈性	1	130943	4303	1	255	40	20183	2	1.00.0000	1.07.0000	1.07.0000	1.07.0000
10184	靈性	1	130943	4303	1	255	40	20184	2	1.00.0000	1.07.0000	1.07.0000	1.07.0000
10185	靈性	1	130943	4303	1	255	40	20185	2	1.00.0000	1.07.0000	1.07.0000	1.07.0000
10186	靈性	1	130943	4303	1	255	40	20186	2	1.00.0000	1.07.0000	1.07.0000	1.07.0000
10187	靈性	1	130943	4303	1	255	40	20187	2	1.00.0000	1.07.0000	1.07.0000	1.07.0000
10188	靈性	1	130943	4303	1	255	40	20188	2	1.00.0000	1.07.0000	1.07.0000	1.07.0000
10189	靈性	1	130943	4303	1	255	40	20189	2	1.00.0000	1.07.0000	1.07.0000	1.07.0000
10190	靈性	1	130943	4303	1	255	40	20190	2	1.00.0000	1.07.0000	1.07.0000	1.07.0000
10191	靈性	1	130943	4303	1	255	50	20191	2	1.00.0000	1.07.0000	1.07.0000	1.07.0000
10192	靈性	1	130943	4303	1	255	50	20192	2	1.00.0000	1.07.0000	1.07.0000	1.07.0000
10193	靈性	1	130943	4303	1	255	50	20193	2	1.00.0000	1.07.0000	1.07.0000	1.07.0000
10194	靈性	1	130943	4303	1	255	50	20194	2	1.00.0000	1.07.0000	1.07.0000	1.07.0000
10195	靈性	1	130943	4303	1	255	50	20195	2	1.00.0000	1.07.0000	1.07.0000	1.07.0000
10196	靈性	1	130943	4303	1	255	50	20196	2	1.00.0000	1.07.0000	1.07.0000	1.07.0000
10197	靈性	1	130943	4303	1	255	50	20197	2	1.00.0000	1.07.0000	1.07.0000	1.07.0000
10198	靈性	1	130943	4303	1	255	50	20198	2	1.00.0000	1.07.0000	1.07.0000	1.07.0000
10199	靈性	1	130943	4303	1	255	50	20199	2	1.00.0000	1.07.0000	1.07.0000	1.07.0000
10200	靈性	1	130943	4303	1	255	50	20200	2	1.00.0000	1.07.0000	1.07.0000	1.07.0000
10201	靈性	1	130943	4303	1	255	50	20201	2	1.00.0000	1.07.0000	1.07.0000	1.07.0000
10202	靈性	1	130943	4303	1	255	50	20202	2	1.00.0000	1.07.0000	1.07.0000	1.07.0000
10203	靈性	1	130943	4303	1	255	50	20203	2	1.00.0000	1.07.0000	1.07.0000	1.07.0000
10204	靈性	1	130943	4303	1	255	40	20204	2	1.00.0000	1.07.0000	1.07.0000	1.07.0000
10205	靈性	1	130943	4303	1	255	40	20205	2	1.00.0000	1.07.0000	1.07.0000	1.07.0000
10206	靈性	1	130943	4303	1	255	40	20206	2	1.00.0000	1.07.0000	1.07.0000	1.07.0000
10207	靈性	1	130943	4303	1	255	40	20207	2	1.00.0000	1.07.0000	1.07.0000	1.07.0000
10208	靈性	1	130943	4303	1	255	40	20208	2	1.00.0000	1.07.0000	1.07.0000	1.07.0000
10209	靈性	1	130943	4303	1	255	40	20209	2	1.00.0000	1.07.0000	1.07.0000	1.07.0000
10210	靈性	1	130943	4303	1	255	40	20210	2	1.00.0000	1.07.0000	1.07.0000	1.07.0000
10211	靈性	1	130943	4303	1	255	40	20211	2	1.00.0000	1.07.0000	1.07.0000	1.07.0000
10212	靈性	1	130943	4303	1	255	40	20212	2	1.00.0000	1.07.0000	1.07.0000	1.07.0000
10213	靈性	1	130943	4303	1	255	40	20213	2	1.00.0000	1.07.0000	1.07.0000	1.07.0000
10214	靈性	1	130943	4303	1	255	40	20214	2	1.00.0000	1.07.0000	1.07.0000	1.07.0000
10215	靈性	1	130943	4303	1	255	40	20215	2	1.00.0000	1.07.0000	1.07.0000	1.07.0000
10216	靈性	1	130943	4303	1	255	40	20216	2	1.00.0000	1.07.0000	1.07.0000	1.07.0000
10217	靈性	1	130943	4303	1	255	50	20217	2	1.00.0000	1.07.0000	1.07.0000	1.07.0000
10218	靈性	1	130943	4303	1	255	50	20218	2	1.00.0000	1.07.0000	1.07.0000	1.07.0000
10219	靈性	1	130943	4303	1	255	50	20219	2	1.00.0000	1.07.0000	1.07.0000	1.07.0000
10220	靈性	1	130943	4303	1	255	50	20220	2	1.00.0000	1.07.0000	1.07.0000	1.07.0000
10221	靈性	1	130943	4303	1	255	50	20221	2	1.00.0000	1.07.0000	1.07.0000	1.07.0000
10222	靈性	1	130943	4303	1	255	50	20222	2	1.00.0000	1.07.0000	1.07.0000	1.07.0000
10223	靈性	1	130943	4303	1	255	50	20223	2	1.00.0000	1.07.0000	1.07.0000	1.07.0000
10224	靈性	1	130943	4303	1	255	50	20224	2	1.00.0000	1.07.0000	1.07.0000	1.07.0000
10225	靈性	1	130943	4303	1	255	50	20225	2	1.00.0000	1.07.0000	1.07.0000	1.07.0000
10226	靈性	1	130943	4303	1	255	50	20226	2	1.00.0000	1.07.0000	1.07.0000	1.07.0000
10227	靈性	1	130943	4303	1	255	50	20227	2	1.00.0000	1.07.0000	1.07.0000	1.07.0000
10228	靈性	1	130943	4303	1	255	50	20228	2	1.00.0000	1.07.0000	1.07.0000	1.07.0000
10229	靈性	1	130943	4303	1	255	50	20229	2	1.00.0000	1.07.0000	1.07.0000	1.07.0000
10230	靈性	1	130943	4303	1	255	40	20230	2	1.00.0000	1.07.0000	1.07.0000	1.07.0000
10231	靈性	1	130943	4303	1	255	40	20231	2	1.00.0000	1.07.0000	1.07.0000	1.07.0000
10232	靈性	1	130943	4303	1	255	40	20232	2	1.00.0000	1.07.0000	1.07.0000	1.07.0000
10233	靈性	1	130943	4303	1	255	40	20233	2	1.00.0000	1.07.0000	1.07.0000	1.07.0000
10234	靈性	1	130943	4303	1	255	40	20234	2	1.00.0000	1.07.0000	1.07.0000	1.07.0000
10235	靈性	1	130943	4303	1	255	40	20235	2	1.00.0000	1.07.0000	1.07.0000	1.07.0000
10236	靈性	1	130943	4303	1	255	40	20236	2	1.00.0000	1.07.0000	1.07.0000	1.07.0000
10237	靈性	1	130943	4303	1	255	40	20237	2	1.00.0000	1.07.0000	1.07.0000	1.07.0000
10238	靈性	1	130943	4303	1	255	40	20238	2	1.00.0000	1.07.0000	1.07.0000	1.07.0000
10239	靈性	1	130943	4303	1	255	40	20239	2	1.00.0000	1.07.0000	1.07.0000	1.07.0000
10240	靈性	1	130943	4303	1	255	40	20240	2	1.00.0000	1.07.0000	1.07.0000	1.07.0000
10241	靈性	1	130943	4303	1	255	40	20241	2	1.00.0000	1.07.0000	1.07.0000	1.07.0000
10242	靈性	1	130943	4303	1	255	40	20242	2	1.00.0000	1.07.0000	1.07.0000	1.07.0000
10243	靈性	1	130943	4303	1	255	50	20243	2	1.00.0000	1.07.0000	1.07.0000	1.07.0000
10244	靈性	1	130943	4303	1	255	50	20244	2	1.00.0000	1.07.0000	1.07.0000	1.07.0000
10245	靈性	1	130943	4303	1	255	50	20245	2	1.00.0000	1.07.0000	1.07.0000	1.07.0000
10246	靈性	1	130943	4303	1	255	50	20246	2	1.00.0000	1.07.0000	1.07.0000	1.07.0000
10247	靈性	1	130943	4303	1	255	50	20247	2	1.00.0000	1.07.0000	1.07.0000	1.07.0000
10248	靈性	1	130943	4303	1	255	50	20248	2	1.00.0000	1.07.0000	1.07.0000	1.07.0000
10249	靈性	1	130943	4303	1	255	50	20249	2	1.00.0000	1.07.0000	1.07.0000	1.07.0000
10250	靈性	1	130943	4303	1	255	50	20250	2	1.00.0000	1.07.0000	1.07.0000	1.07.0000
10251	靈性	1	130943	4303	1	255	50	20251	2	1.00.0000	1.07.0000	1.07.0000	1.07.0000
10252	靈性	1	130943	4303	1	255	50	20252	2	1.00.0000	1.07.0000	1.07.0000	1.07.0000
10253	靈性	1	130943	4303	1	255	50	20253	2	1.00.0000	1.07.0000	1.07.0000	1.07.0000
10254	靈性	1	130943	4303	1	255	50	20254	2	1.00.0000	1.07.0000	1.07.0000	1.07.0000
10255	靈性	1	130943	4303	1	255	50	20255	2	1.00.0000	1.07.0000	1.07.0000	1.07.0000
10256	靈性	1	130943	4303	1	255	40	20256	2	1.00.0000	1.07.0000	1.07.0000	1.07.0000
10257	靈性	1	130943	4303	1	255	40	20257	2	1.00.0000	1.07.0000	1.07.0000	1.07.0000
10258	靈性	1	130943	4303	1	255	40	20258	2	1.00.0000	1.07.0000	1.07.0000	1.07.0000
10259	靈性	1	130943	4303	1	255	40	20259	2	1.00.0000	1.07.0000	1.07.0000	1.07.0000
10260	靈性	1	130943	4303	1	255	40	20260	2	1.00.0000	1.07.0000	1.07.0000	1.07.0000
10261	靈性	1	130943	4303	1	255	40	20261	2	1.00.0000	1.07.0000	1.07.0000	1.07.0000
10262	靈性	1	130943	4303	1	255	40	20262	2	1.00.0000	1.07.0000	1.07.0000	1.07.0000
10263	靈性	1	130943	4303	1	255	40	20263	2	1.00.0000	1.07.0000	1.07.0000	1.07.0000
10264	靈性	1	130943	4303	1	255	40	20264	2	1.00.0000	1.07.0000	1.07.0000	1.07.0000
10265	靈性	1	130943	4303	1	255	40	20265	2	1.00.0000	1.07.0000	1.07.0000	1.07.0000
10266	靈性	1	130943	4303	1	255	40	20266	2	1.00.0000	1.07.0000	1.07.0000	1.07.0000
10267	靈性	1	130943	4303	1	255	40	20267	2	1.00.0000	1.07.0000	1.07.0000	1.07.0000
10268	靈性	1	130943	4303	1	255	40	20268	2	1.00.0000	1.07.0000	1.07.0000	1.07.0000
10269	靈性	1	130943	4303	1	255	50	20269	2	1.00.0000	1.07.0000	1.07.0000	1.07.0000
10270	靈性	1	130943	4303	1	255	50	20270	2	1.00.0000	1.07.0000	1.07.0000	1.07.0000
10271	靈性	1	130943	4303	1	255	50	20271	2	1.00.0000	1.07.0000	1.07.0000	1.07.0000
10272	靈性	1	130943	4303	1	255	50	20272	2	1.00.0000	1.07.0000	1.07.0000	1.07.0000
10273	靈性	1	130943	4303	1	255	50	20273	2	1.00.0000	1.07.0000	1.07.0000	1.07.0000
10274	靈性	1	130943	4303	1	255	50	20274	2	1.00.0000	1.07.0000	1.07.0000	1.07.0000
10275	靈性	1	130943	4303	1	255	50	20275	2	1.00.0000	1.07.0000	1.07.0000	1.07.0000
10276	靈性	1	130943	4303	1	255	50	20276	2	1.00.0000	1.07.0000	1.07.0000	1.07.0000
10277	靈性	1	130943	4303	1	255	50	20277	2	1.00.0000	1.07.0000	1.07.0000	1.07.0000
10278	靈性	1	130943	4303	1	255	50	20278	2	1.00.0000	1.07.0000	1.07.0000	1.07.0000
10279	靈性	1	130943	4303	1	255	50	20279	2	1.00.0000	1.07.0000	1.07.0000	1.07.0000
10280	靈性	1	130943	4303	1	255	50	20280	2	1.00.0000	1.07.0000	1.07.0000	1.07.0000
10281	靈性	1	130943	4303	1	255	50	20281	2	1.00.0000	1.07.0000	1.07.0000	1.07.0000
10282	靈性	1	130943	4303	1	255	40	20282	2	1.00.0000	1.07.0000	1.07.0000	1.07.0000
10283	靈性	1	130943	4303	1	255	40	20283	2	1.00.0000	1.07.0000	1.07.0000	1.07.0000
10284	靈性	1	130943	4303	1	255	40	20284	2	1.00.0000	1.07.0000	1.07.0000	1.07.0000
10285	靈性	1	130943	4303	1	255	40	20285	2	1.00.0000	1.07.0000	1.07.0000	1.07.0000
10286	靈性	1	130943	4303	1	255	40	20286	2	1.00.0000	1.07.0000	1.07.0000	1.07.0000
10287	靈性	1	130943	4303	1	255	40	20287	2	1.00.0000	1.07.0000	1.07.0000	1.07.0000
10288	靈性	1	130943	4303	1	255	40	20288	2	1.00.0000	1.07.0000	1.07.0000	1.07.0000
10289	靈性	1	130943	4303	1	255	40	20289	2	1.00.0000	1.07.0000	1.07.0000	1.07.0000
10290	靈性	1	130943	4303	1	255	40	20290	2	1.00.0000	1.07.0000	1.07.0000	1.07.0000
10291	靈性	1	130943	4303	1	255	40	20291	2	1.00.0000	1.07.0000	1.07.0000	1.07.0000
10292	靈性	1	130943	4303	1	255	40	20292	2	1.00.0000	1.07.0000	1.07.0000	1.07.0000
10293	靈性	1	130943	4303	1	255	40	20293	2	1.00.0000	1.07.0000	1.07.0000	1.07.0000
10294	靈性	1	130943	4303	1	255	40	20294	2	1.00.0000	1.07.0000	1.07.0000	1.07.0000
10295	靈性	1	130943	4303	1	255	50	20295	2	1.00.0000	1.07.0000	1.07.0000	1.07.0000
10296	靈性	1	130943	4303	1	255	50	20296	2	1.00.0000	1.07.0000	1.07.0000	1.07.0000
10297	靈性	1	130943	4303	1	255	50	20297	2	1.00.0000	1.07.0000	1.07.0000	1.07.0000
10298	靈性	1	130943	4303	1	255	50	20298	2	1.00.0000	1.07.0000	1.07.0000	1.07.0000
10299	靈性	1	130943	4303	1	255	50	20299	2	1.00.0000	1.07.0000	1.07.0000	1.07.0000
10300	靈性	1	130943	4303	1	255	50	20300	2	1.00.0000	1.07.0000	1.07.0000	1.07.0000
10301	靈性	1	130943	4303	1	255	50	20301	2	1.00.0000	1.07.0000	1.07.0000	1.07.0000
10302	靈性	1	130943	4303	1	255	50	20302	2	1.00.0000	1.07.0000	1.07.0000	1.07.0000
10303	靈性	1	130943	4303	1	255	50	20303	2	1.00.0000	1.07.0000	1.07.0000	1.07.0000
10304	靈性	1	130943	4303	1	255	50	20304	2	1.00.0000	1.07.0000	1.07.0000	1.07.0000
10305	靈性	1	130943	4303	1	255	50	20305	2	1.00.0000	1.07.0000	1.07.0000	1.07.0000
10306	靈性	1	130943	4303	1	255	50	20306	2	1.00.0000	1.07.0000	1.07.0000	1.07.0000
10307	靈性	1	130943	4303	1	255	50	20307	2	1.00.0000	1.07.0000	1.07.0000	1.07.0000
10308	靈性	1	130943	4303	1	255	40	20308	2	1.00.0000	1.07.0000	1.07.0000	1.07.0000
10309	靈性	1	130943	4303	1	255	40	20309	2	1.00.0000	1.07.0000	1.07.0000	1.07.0000
10310	靈性	1	130943	4303	1	255	40	20310	2	1.00.0000	1.07.0000	1.07.0000	1.07.0000
10311	靈性	1	130943	4303	1	255	40	20311	2	1.00.0000	1.07.0000	1.07.0000	1.07.0000
10312	靈性	1	130943	4303	1	255	40	20312	2	1.00.0000	1.07.0000	1.07.0000	1.07.0000
10313	靈性	1	130943	4303	1	255	40	20313	2	1.00.0000	1.07.0000	1.07.0000	1.07.0000
10314	靈性	1	130943	4303	1	255	40	20314	2	1.00.0000	1.07.0000	1.07.0000	1.07.0000
10315	靈性	1	130943	4303	1	255	40	20315	2	1.00.0000	1.07.0000	1.07.0000	1.07.0000
10316	靈性	1	130943	4303	1	255	40	20316	2	1.00.0000	1.07.0000	1.07.0000	1.07.0000
10317	靈性	1	130943	4303	1	255	40	20317	2	1.00.0000	1.07.0000	1.07.0000	1.07.0000
10318	靈性	1	130943	4303	1	255	40	20318	2	1.00.0000	1.07.0000	1.07.0000	1.07.0000
10319	靈性	1	130943	4303	1	255	40	20319	2	1.00.0000	1.07.0000	1.07.0000	1.07.0000
10320	靈性	1	130943	4303	1	255	40	20320	2	1.00.0000	1.07.0000	1.07.0000	1.07.0000
10321	靈性	1	130943	4303	1	255	50	20321	2	1.00.0000	1.07.0000	1.07.0000	1.07.0000
10322	靈性	1	130943	4303	1	255	50	20322	2	1.00.0000	1.07.0000	1.07.0000	1.07.0000
10323	靈性	1	130943	4303	1	255	50	20323	2	1.00.0000	1.07.0000	1.07.0000	1.07.0000
10324	靈性	1	130943	4303	1	255	50	20324	2	1.00.0000	1.07.0000	1.07.0000	1.07.0000
10325	靈性	1	130943	4303	1	255	50	20325	2	1.00.0000	1.07.0000	1.07.0000	1.07.0000
10326	靈性	1	130943	4303	1	255	50	20326	2	1.00.0000	1.07.0000	1.07.0000	1.07.0000
10327	靈性	1	130943	4303	1	255	50	20327	2	1.00.0000	1.07.0000	1.07.0000	1.07.0000
10328	靈性	1	130943	4303	1	255	50	20328	2	1.00.0000	1.07.0000	1.07.0000	1.07.0000
10329	靈性	1	130943	4303	1	255	50	20329	2	1.00.0000	1.07.0000	1.07.0000	1.07.0000
10330	靈性	1	130943	4303	1	255	50	20330	2	1.00.0000	1.07.0000	1.07.0000	1.07.0000
10331	靈性	1	130943	4303	1	255	50	20331	2	1.00.0000	1.07.0000	1.07.0000	1.07.0000
10332	靈性	1	130943	4303	1	255	50	20332	2	1.00.0000	1.07.0000	1.07.0000	1.07.0000
10333	靈性	1	130943	4303	1	255	50	20333	2	1.00.0000	1.07.0000	1.07.0000	1.07.0000
10334	靈性	1	130943	4303	1	255	40	20334	2	1.00.0000	1.07.0000	1.07.0000	1.07.0000
10335	靈性	1	130943	4303	1	255	40	20335	2	1.00.0000	1.07.0000	1.07.0000	1.07.0000
10336	靈性	1	130943	4303	1	255	40	20336	2	1.00.0000	1.07.0000	1.07.0000	1.07.0000
10337	靈性	1	130943	4303	1	255	40	20337	2	1.00.0000	1.07.0000	1.07.0000	1.07.0000
10338	靈性	1	130943	4303	1	255	40	20338	2	1.00.0000	1.07.0000	1.07.0000	1.07.0000
10339	靈性	1	130943	4303	1	255	40	20339	2	1.00.0000	1.07.0000	1.07.0000	1.07.0000
10340	靈性	1	130943	4303	1	255	40	20340	2	1.00.0000	1.07.0000	1.07.0000	1.07.0000
10341	靈性	1	130943	4303	1	255	40	20341	2	1.00.0000	1.07.0000	1.07.0000	1.07.0000
10342	靈性	1	130943	4303	1	255	40	20342	2	1.00.0000	1.07.0000	1.07.0000	1.07.0000
10343	靈性	1	130943	4303	1	255	40	20343	2	1.00.0000	1.07.0000	1.07.0000	1.07.0000
10344	靈性	1	130943	4303	1	255	40	20344	2	1.00.0000	1.07.0000	1.07.0000	1.07.0000
10345	靈性	1	130943	4303	1	255	40	20345	2	1.00.0000	1.07.0000	1.07.0000	1.07.0000
10346	靈性	1	130943	4303	1	255	40	20346	2	1.00.0000	1.07.0000	1.07.0000	1.07.0000
10347	靈性	1	130943	4303	1	255	50	20347	2	1.00.0000	1.07.0000	1.07.0000	1.07.0000
10348	靈性	1	130943	4303	1	255	50	20348	2	1.00.0000	1.07.0000	1.07.0000	1.07.0000
10349	靈性	1	130943	4303	1	255	50	20349	2	1.00.0000	1.07.0000	1.07.0000	1.07.0000
10350	靈性	1	130943	4303	1	255	50	20350	2	1.00.0000	1.07.0000	1.07.0000	1.07.0000
10351	靈性	1	130943	4303	1	255	50	20351	2	1.00.0000	1.07.0000	1.07.0000	1.07.0000
10352	靈性	1	130943	4303	1	255	50	20352	2	1.00.0000	1.07.0000	1.07.0000	1.07.0000
10353	靈性	1	130943	4303	1	255	50	20353	2	1.00.0000	1.07.0000	1.07.0000	1.07.0000
10354	靈性	1	130943	4303	1	255	50	20354	2	1.00.0000	1.07.0000	1.07.0000	1.07.0000
10355	靈性	1	130943	4303	1	255	50	20355	2	1.00.0000	1.07.0000	1.07.0000	1.07.0000
10356	靈性	1	130943	4303	1	255	50	20356	2	1.00.0000	1.07.0000	1.07.0000	1.07.0000
10357	靈性	1	130943	4303	1	255	50	20357	2	1.00.0000	1.07.0000	1.07.0000	1.07.0000
10358	靈性	1	130943	4303	1	255	50	20358	2	1.00.0000	1.07.0000	1.07.0000	1.07.0000
10359	靈性	1	130943	4303	1	255	50	20359	2	1.00.0000	1.07.0000	1.07.0000	1.07.0000
10360	靈性	1	130943	4303	1	255	40	20360	2	1.00.0000	1.07.0000	1.07.0000	1.07.0000
10361	靈性	1	130943	4303	1	255	40	20361	2	1.00.0000	1.07.0000	1.07.0000	1.07.0000
10362	靈性	1	130943	4303	1	255	40	20362	2	1.00.0000	1.07.0000	1.07.0000	1.07.0000
10363	靈性	1	130943	4303	1	255	40	20363	2	1.00.0000	1.07.0000	1.07.0000	1.07.0000
10364	靈性	1	130943	4303	1	255	40	20364	2	1.00.0000	1.07.0000	1.07.0000	1.07.0000
10365	靈性	1	130943	4303	1	255	40	20365	2	1.00.0000	1.07.0000	1.07.0000	1.07.0000
10366	靈性	1	130943	4303	1	255	40	20366	2	1.00.0000	1.07.0000	1.07.0000	1.07.0000
10367	靈性	1	130943	4303	1	255	40	20367	2	1.00.0000	1.07.0000	1.07.0000	1.07.0000
10368	靈性	1	130943	4303	1	255	40	20368	2	1.00.0000	1.07.0000	1.07.0000	1.07.0000
10369	靈性	1	130943	4303	1	255	40	20369	2	1.00.0000	1.07.0000	1.07.0000	1.07.0000
10370	靈性	1	130943	4303	1	255	40	20370	2	1.00.0000	1.07.0000	1.07.0000	1.07.0000
10371	靈性	1	130943	4303	1	255	40	20371	2	1.00.0000	1.07.0000	1.07.0000	1.07.0000
10372	靈性	1	130943	4303	1	255	40	20372	2	1.00.0000	1.07.0000	1.07.0000	1.07.0000
10373	靈性	1	130943	4303	1	255	50	20373	2	1.00.0000	1.07.0000	1.07.0000	1.07.0000
10374	靈性	1	130943	4303	1	255	50	20374	2	1.00.0000	1.07.0000	1.07.0000	1.07.0000
10375	靈性	1	130943	4303	1	255	50	20375	2	1.00.0000	1.07.0000	1.07.0000	1.07.0000
10376	靈性	1	130943	4303	1	255	50	20376	2	1.00.0000	1.07.0000	1.07.0000	1.07.0000
10377	靈性	1	130943	4303	1	255	50	20377	2	1.00.0000	1.07.0000	1.07.0000	1.07.0000
10378	靈性	1	130943	4303	1	255	50	20378	2	1.00.0000	1.07.0000	1.07.0000	1.07.0000
10379	靈性	1	130943	4303	1	255	50	20379	2	1.00.0000	1.07.0000	1.07.0000	1.07.0000
10380	靈性	1	130943	4303	1	255	50	20380	2	1.00.0000	1.07.0000	1.07.0000	1.07.0000
10381	靈性	1	130943	4303	1	255	50	20381	2	1.00.0000	1.07.0000	1.07.0000	1.07.0000
10382	靈性	1	130943	4303	1	255	50	20382	2	1.00.0000	1.07.0000	1.07.0000	1.07.0000
10383	靈性	1	130943	4303	1	255	50	20383	2	1.00.0000	1.07.0000	1.07.0000	1.07.0000
10384	靈性	1	130943	4303	1	255	50	20384	2	1.00.0000	1.07.0000	1.07.0000	1.07.0000
10385	靈性	1	130943	4303	1	255	50	20385	2	1.00.0000	1.07.0000	1.07.0000	1.07.0000
10386	靈性	1	130943	4303	1	255	40	20386	2	1.00.0000	1.07.0000	1.07.0000	1.07.0000
10387	靈性	1	130943	4303	1	255	40	20387	2	1.00.0000	1.07.0000	1.07.0000	1.07.0000
10388	靈性	1	130943	4303	1	255	40	20388	2	1.00.0000	1.07.0000	1.07.0000	1.07.0000
10389	靈性	1	130943	4303	1	255	40	20389	2	1.00.0000	1.07.0000	1.07.0000	1.07.0000
10390	靈性	1	130943	4303	1	255	40	20390	2	1.00.0000	1.07.0000	1.07.0000	1.07.0000
10391	靈性	1	130943	4303	1	255	40	20391	2	1.00.0000	1.07.0000	1.07.0000	1.07.0000
10392	靈性	1	130943	4303	1	255	40	20392	2	1.00.0000	1.07.0000	1.07.0000	1.07.0000
10393	靈性	1	130943	4303	1	255	40	20393	2	1.00.0000	1.07.0000	1.07.0000	1.07.0000
10394	靈性	1	130943	4303	1	255	40	20394	2	1.00.0000	1.07.0000	1.07.0000	1.07.0000
10395	靈性	1	130943	4303	1	255	40	20395	2	1.00.0000	1.07.0000	1.07.0000	1.07.0000
10396	靈性	1	130943	4303	1	255	40	20396	2	1.00.0000	1.07.0000	1.07.0000	1.07.0000
10397	靈性	1	130943	4303	1	255	40	20397	2	1.00.0000	1.07.0000	1.07.0000	1.07.0000
10398	靈性	1	130943	4303	1	255	40	20398	2	1.00.0000	1.07.0000	1.07.0000	1.07.0000
10399	靈性	1	130943	4303	1	255	50	20399	2	1.00.0000	1.07.0000	1.07.0000	1.07.0000
10400	靈性	1	130943	4303	1	255	50	20400	2	1.00.0000	1.07.0000	1.07.0000	1.07.0000
10401	靈性	1	130943	4303	1	255	50	20401	2	1.00.0000	1.07.0000	1.07.0000	1.07.0000
10402	靈性	1	130943	4303	1	255	50	20402	2	1.00.0000	1.07.0000	1.07.0000	1.07.0000
10403	靈性	1	130943	4303	1	255	50	20403	2	1.00.0000	1.07.0000	1.07.0000	1.07.0000
10404	靈性	1	130943	4303	1	255	50	20404	2	1.00.0000	1.07.0000	1.07.0000	1.07.0000
10405	靈性	1	130943	4303	1	255	50	20405	2	1.00.0000	1.07.0000	1.07.0000	1.07.0000
10406	靈性	1	130943	4303	1	255	50	20406	2	1.00.0000	1.07.0000	1.07.0000	1.07.0000
10407	靈性	1	130943	4303	1	255	50	20407	2	1.00.0000	1.07.0000	1.07.0000	1.07.0000
10408	靈性	1	130943	4303	1	255	50	20408	2	1.00.0000	1.07.0000	1.07.0000	1.07.0000
10409	靈性	1	130943	4303	1	255	50	20409	2	1.00.0000	1.07.0000	1.07.0000	1.07.0000
10410	靈性	1	130943	4303	1	255	50	20410	2	1.00.0000	1.07.0000	1.07.0000	1.07.0000
10411	靈性	1	130943	4303	1	255	50	20411	2	1.00.0000	1.07.0000	1.07.0000	1.07.0000
10412	靈性	1	130943	4303	1	255	40	20412	2	1.00.0000	1.07.0000	1.07.0000	1.07.0000
10413	靈性	1	130943	4303	1	255	40	20413	2	1.00.0000	1.07.0000	1.07.0000	1.07.0000
10414	靈性	1	130943	4303	1	255	40	20414	2	1.00.0000	1.07.0000	1.07.0000	1.07.0000
10415	靈性	1	130943	4303	1	255	40	20415	2	1.00.0000	1.07.0000	1.07.0000	1.07.0000
10416	靈性	1	130943	4303	1	255	40	20416	2	1.00.0000	1.07.0000	1.07.0000	1.07.0000
10417	靈性	1	130943	4303	1	255	40	20417	2	1.00.0000	1.07.0000	1.07.0000	1.07.0000
10418	靈性	1	130943	4303	1	255	40	20418	2	1.00.0000	1.07.0000	1.07.0000	1.07.0000
10419	靈性	1	130943	4303	1	255	40	20419	2	1.00.0000	1.07.0000	1.07.0000	1.07.0000
10420	靈性	1	130943	4303	1	255	40	20420	2	1.00.0000	1.07.0000	1.07.0000	1.07.0000
10421	靈性	1	130943	4303	1	255	40	20421	2	1.00.0000	1.07.0000	1.07.0000	1.07.0000
10422	靈性	1	130943	4303	1	255	40	20422	2	1.00.0000	1.07.0000	1.07.0000	1.07.0000
10423	靈性	1	130943	4303	1	255	40	20423	2	1.00.0000	1.07.0000	1.07.0000	1.07.0000
10424	靈性	1	130943	4303	1	255	40	20424	2	1.00.0000	1.07.0000	1.07.0000	1.07.0000
10425	傳奇	1	130943	478	1	255	500	20425	3	1.00.0000	1.07.0000	1.07.0000	1.07.0000
10426	傳奇	1	130943	478	1	255	500	20426	3	1.00.0000	1.07.0000	1.07.0000	1.07.0000
10427	傳奇	1	130943	478	1	255	500	20427	3	1.00.0000	1.07.0000	1.07.0000	1.07.0000
10428	傳奇	1	130943	478	1	255	500	20428	3	1.00.0000	1.07.0000	1.07.0000	1.07.0000
10429	傳奇	1	130943	478	1	255	500	20429	3	1.00.0000	1.07.0000	1.07.0000	1.07.0000
10430	傳奇	1	130943	478	1	255	500	20430	3	1.00.0000	1.07.0000	1.07.0000	1.07.0000
10431	傳奇	1	130943	478	1	255	500	20431	3	1.00.0000	1.07.0000	1.07.0000	1.07.0000
10432	傳奇	1	130943	478	1	255	500	20432	3	1.00.0000	1.07.0000	1.07.0000	1.07.0000
10433	傳奇	1	130943	478	1	255	500	20433	3	1.00.0000	1.07.0000	1.07.0000	1.07.0000
10434	傳奇	1	130943	478	1	255	500	20434	3	1.00.0000	1.07.0000	1.07.0000	1.07.0000
10435	傳奇	1	130943	478	1	255	500	20435	3	1.00.0000	1.07.0000	1.07.0000	1.07.0000
10436	傳奇	1	130943	478	1	255	500	20436	3	1.00.0000	1.07.0000	1.07.0000	1.07.0000
10437	傳奇	1	130943	478	1	255	20	20437	3	1.00.0000	1.07.0000	1.07.0000	1.07.0000
10438	傳奇	1	130943	478	1	255	20	20438	3	1.00.0000	1.07.0000	1.07.0000	1.07.0000
10439	傳奇	1	130943	478	1	255	20	20439	3	1.00.0000	1.07.0000	1.07.0000	1.07.0000
10440	傳奇	1	130943	478	1	255	20	20440	3	1.00.0000	1.07.0000	1.07.0000	1.07.0000
10441	傳奇	1	130943	478	1	255	20	20441	3	1.00.0000	1.07.0000	1.07.0000	1.07.0000
10442	傳奇	1	130943	478	1	255	20	20442	3	1.00.0000	1.07.0000	1.07.0000	1.07.0000
10443	傳奇	1	130943	478	1	255	20	20443	3	1.00.0000	1.07.0000	1.07.0000	1.07.0000
10444	傳奇	1	130943	478	1	255	20	20444	3	1.00.0000	1.07.0000	1.07.0000	1.07.0000
10445	傳奇	1	130943	478	1	255	20	20445	3	1.00.0000	1.07.0000	1.07.0000	1.07.0000
10446	傳奇	1	130943	478	1	255	20	20446	3	1.00.0000	1.07.0000	1.07.0000	1.07.0000
10447	傳奇	1	130943	478	1	255	20	20447	3	1.00.0000	1.07.0000	1.07.0000	1.07.0000
10448	傳奇	1	130943	478	1	255	20	20448	3	1.00.0000	1.07.0000	1.07.0000	1.07.0000
10449	傳奇	1	130943	478	1	255	20	20449	3	1.00.0000	1.07.0000	1.07.0000	1.07.0000
10450	傳奇	1	130943	478	1	255	20	20450	3	1.00.0000	1.07.0000	1.07.0000	1.07.0000
10451	傳奇	1	130943	478	1	255	15	20451	3	1.00.0000	1.07.0000	1.07.0000	1.07.0000
10452	傳奇	1	130943	478	1	255	15	20452	3	1.00.0000	1.07.0000	1.07.0000	1.07.0000
10453	傳奇	1	130943	478	1	255	15	20453	3	1.00.0000	1.07.0000	1.07.0000	1.07.0000
10454	傳奇	1	130943	478	1	255	15	20454	3	1.00.0000	1.07.0000	1.07.0000	1.07.0000
10455	傳奇	1	130943	478	1	255	15	20455	3	1.00.0000	1.07.0000	1.07.0000	1.07.0000
10456	傳奇	1	130943	478	1	255	15	20456	3	1.00.0000	1.07.0000	1.07.0000	1.07.0000
10457	傳奇	1	130943	478	1	255	15	20457	3	1.00.0000	1.07.0000	1.07.0000	1.07.0000
10458	傳奇	1	130943	478	1	255	15	20458	3	1.00.0000	1.07.0000	1.07.0000	1.07.0000
10459	傳奇	1	130943	478	1	255	15	20459	3	1.00.0000	1.07.0000	1.07.0000	1.07.0000
10460	傳奇	1	130943	478	1	255	15	20460	3	1.00.0000	1.07.0000	1.07.0000	1.07.0000
10461	傳奇	1	130943	478	1	255	15	20461	3	1.00.0000	1.07.0000	1.07.0000	1.07.0000
10462	傳奇	1	130943	478	1	255	15	20462	3	1.00.0000	1.07.0000	1.07.0000	1.07.0000
10463	傳奇	1	130943	478	1	255	15	20463	3	1.00.0000	1.07.0000	1.07.0000	1.07.0000
10464	傳奇	1	130943	478	1	255	15	20464	3	1.00.0000	1.07.0000	1.07.0000	1.07.0000
10465	傳奇	1	130943	478	1	255	10	20465	3	1.00.0000	1.07.0000	1.07.0000	1.07.0000
10466	傳奇	1	130943	478	1	255	10	20466	3	1.00.0000	1.07.0000	1.07.0000	1.07.0000
10467	傳奇	1	130943	478	1	255	10	20467	3	1.00.0000	1.07.0000	1.07.0000	1.07.0000
10468	傳奇	1	130943	478	1	255	10	20468	3	1.00.0000	1.07.0000	1.07.0000	1.07.0000
10469	傳奇	1	130943	478	1	255	10	20469	3	1.00.0000	1.07.0000	1.07.0000	1.07.0000
10470	傳奇	1	130943	478	1	255	10	20470	3	1.00.0000	1.07.0000	1.07.0000	1.07.0000
10471	傳奇	1	130943	478	1	255	10	20471	3	1.00.0000	1.07.0000	1.07.0000	1.07.0000
10472	傳奇	1	130943	478	1	255	10	20472	3	1.00.0000	1.07.0000	1.07.0000	1.07.0000
10473	傳奇	1	130943	478	1	255	10	20473	3	1.00.0000	1.07.0000	1.07.0000	1.07.0000
10474	傳奇	1	130943	478	1	255	10	20474	3	1.00.0000	1.07.0000	1.07.0000	1.07.0000
10475	傳奇	1	130943	478	1	255	10	20475	3	1.00.0000	1.07.0000	1.07.0000	1.07.0000
10476	傳奇	1	130943	478	1	255	10	20476	3	1.00.0000	1.07.0000	1.07.0000	1.07.0000
10477	傳奇	1	130943	478	1	255	10	20477	3	1.00.0000	1.07.0000	1.07.0000	1.07.0000
10478	傳奇	1	130943	478	1	255	10	20478	3	1.00.0000	1.07.0000	1.07.0000	1.07.0000
10479	傳奇	1	130943	478	1	255	20	20479	3	1.00.0000	1.07.0000	1.07.0000	1.07.0000
10480	傳奇	1	130943	478	1	255	20	20480	3	1.00.0000	1.07.0000	1.07.0000	1.07.0000
10481	傳奇	1	130943	478	1	255	20	20481	3	1.00.0000	1.07.0000	1.07.0000	1.07.0000
10482	傳奇	1	130943	478	1	255	20	20482	3	1.00.0000	1.07.0000	1.07.0000	1.07.0000
10483	傳奇	1	130943	478	1	255	20	20483	3	1.00.0000	1.07.0000	1.07.0000	1.07.0000
10484	傳奇	1	130943	478	1	255	20	20484	3	1.00.0000	1.07.0000	1.07.0000	1.07.0000
10485	傳奇	1	130943	478	1	255	20	20485	3	1.00.0000	1.07.0000	1.07.0000	1.07.0000
10486	傳奇	1	130943	478	1	255	20	20486	3	1.00.0000	1.07.0000	1.07.0000	1.07.0000
10487	傳奇	1	130943	478	1	255	20	20487	3	1.00.0000	1.07.0000	1.07.0000	1.07.0000
10488	傳奇	1	130943	478	1	255	20	20488	3	1.00.0000	1.07.0000	1.07.0000	1.07.0000
10489	傳奇	1	130943	478	1	255	20	20489	3	1.00.0000	1.07.0000	1.07.0000	1.07.0000
10490	傳奇	1	130943	478	1	255	20	20490	3	1.00.0000	1.07.0000	1.07.0000	1.07.0000
10491	傳奇	1	130943	478	1	255	20	20491	3	1.00.0000	1.07.0000	1.07.0000	1.07.0000
10492	傳奇	1	130943	478	1	255	20	20492	3	1.00.0000	1.07.0000	1.07.0000	1.07.0000
10493	傳奇	1	130943	478	1	255	15	20493	3	1.00.0000	1.07.0000	1.07.0000	1.07.0000
10494	傳奇	1	130943	478	1	255	15	20494	3	1.00.0000	1.07.0000	1.07.0000	1.07.0000
10495	傳奇	1	130943	478	1	255	15	20495	3	1.00.0000	1.07.0000	1.07.0000	1.07.0000
10496	傳奇	1	130943	478	1	255	15	20496	3	1.00.0000	1.07.0000	1.07.0000	1.07.0000
10497	傳奇	1	130943	478	1	255	15	20497	3	1.00.0000	1.07.0000	1.07.0000	1.07.0000
10498	傳奇	1	130943	478	1	255	15	20498	3	1.00.0000	1.07.0000	1.07.0000	1.07.0000
10499	傳奇	1	130943	478	1	255	15	20499	3	1.00.0000	1.07.0000	1.07.0000	1.07.0000
10500	傳奇	1	130943	478	1	255	15	20500	3	1.00.0000	1.07.0000	1.07.0000	1.07.0000
10501	傳奇	1	130943	478	1	255	15	20501	3	1.00.0000	1.07.0000	1.07.0000	1.07.0000
10502	傳奇	1	130943	478	1	255	15	20502	3	1.00.0000	1.07.0000	1.07.0000	1.07.0000
10503	傳奇	1	130943	478	1	255	15	20503	3	1.00.0000	1.07.0000	1.07.0000	1.07.0000
10504	傳奇	1	130943	478	1	255	15	20504	3	1.00.0000	1.07.0000	1.07.0000	1.07.0000
10505	傳奇	1	130943	478	1	255	15	20505	3	1.00.0000	1.07.0000	1.07.0000	1.07.0000
10506	傳奇	1	130943	478	1	255	15	20506	3	1.00.0000	1.07.0000	1.07.0000	1.07.0000
10507	傳奇	1	130943	478	1	255	10	20507	3	1.00.0000	1.07.0000	1.07.0000	1.07.0000
10508	傳奇	1	130943	478	1	255	10	20508	3	1.00.0000	1.07.0000	1.07.0000	1.07.0000
10509	傳奇	1	130943	478	1	255	10	20509	3	1.00.0000	1.07.0000	1.07.0000	1.07.0000
10510	傳奇	1	130943	478	1	255	10	20510	3	1.00.0000	1.07.0000	1.07.0000	1.07.0000
10511	傳奇	1	130943	478	1	255	10	20511	3	1.00.0000	1.07.0000	1.07.0000	1.07.0000
10512	傳奇	1	130943	478	1	255	10	20512	3	1.00.0000	1.07.0000	1.07.0000	1.07.0000
10513	傳奇	1	130943	478	1	255	10	20513	3	1.00.0000	1.07.0000	1.07.0000	1.07.0000
10514	傳奇	1	130943	478	1	255	10	20514	3	1.00.0000	1.07.0000	1.07.0000	1.07.0000
10515	傳奇	1	130943	478	1	255	10	20515	3	1.00.0000	1.07.0000	1.07.0000	1.07.0000
10516	傳奇	1	130943	478	1	255	10	20516	3	1.00.0000	1.07.0000	1.07.0000	1.07.0000
10517	傳奇	1	130943	478	1	255	10	20517	3	1.00.0000	1.07.0000	1.07.0000	1.07.0000
10518	傳奇	1	130943	478	1	255	10	20518	3	1.00.0000	1.07.0000	1.07.0000	1.07.0000
10519	傳奇	1	130943	478	1	255	10	20519	3	1.00.0000	1.07.0000	1.07.0000	1.07.0000
10520	傳奇	1	130943	478	1	255	10	20520	3	1.00.0000	1.07.0000	1.07.0000	1.07.0000
10521	傳奇	1	130943	478	1	255	20	20521	3	1.00.0000	1.07.0000	1.07.0000	1.07.0000
10522	傳奇	1	130943	478	1	255	20	20522	3	1.00.0000	1.07.0000	1.07.0000	1.07.0000
10523	傳奇	1	130943	478	1	255	20	20523	3	1.00.0000	1.07.0000	1.07.0000	1.07.0000
10524	傳奇	1	130943	478	1	255	20	20524	3	1.00.0000	1.07.0000	1.07.0000	1.07.0000
10525	傳奇	1	130943	478	1	255	20	20525	3	1.00.0000	1.07.0000	1.07.0000	1.07.0000
10526	傳奇	1	130943	478	1	255	20	20526	3	1.00.0000	1.07.0000	1.07.0000	1.07.0000
10527	傳奇	1	130943	478	1	255	20	20527	3	1.00.0000	1.07.0000	1.07.0000	1.07.0000
10528	傳奇	1	130943	478	1	255	20	20528	3	1.00.0000	1.07.0000	1.07.0000	1.07.0000
10529	傳奇	1	130943	478	1	255	20	20529	3	1.00.0000	1.07.0000	1.07.0000	1.07.0000
10530	傳奇	1	130943	478	1	255	20	20530	3	1.00.0000	1.07.0000	1.07.0000	1.07.0000
10531	傳奇	1	130943	478	1	255	20	20531	3	1.00.0000	1.07.0000	1.07.0000	1.07.0000
10532	傳奇	1	130943	478	1	255	20	20532	3	1.00.0000	1.07.0000	1.07.0000	1.07.0000
10533	傳奇	1	130943	478	1	255	20	20533	3	1.00.0000	1.07.0000	1.07.0000	1.07.0000
10534	傳奇	1	130943	478	1	255	20	20534	3	1.00.0000	1.07.0000	1.07.0000	1.07.0000
10535	傳奇	1	130943	478	1	255	15	20535	3	1.00.0000	1.07.0000	1.07.0000	1.07.0000
10536	傳奇	1	130943	478	1	255	15	20536	3	1.00.0000	1.07.0000	1.07.0000	1.07.0000
10537	傳奇	1	130943	478	1	255	15	20537	3	1.00.0000	1.07.0000	1.07.0000	1.07.0000
10538	傳奇	1	130943	478	1	255	15	20538	3	1.00.0000	1.07.0000	1.07.0000	1.07.0000
10539	傳奇	1	130943	478	1	255	15	20539	3	1.00.0000	1.07.0000	1.07.0000	1.07.0000
10540	傳奇	1	130943	478	1	255	15	20540	3	1.00.0000	1.07.0000	1.07.0000	1.07.0000
10541	傳奇	1	130943	478	1	255	15	20541	3	1.00.0000	1.07.0000	1.07.0000	1.07.0000
10542	傳奇	1	130943	478	1	255	15	20542	3	1.00.0000	1.07.0000	1.07.0000	1.07.0000
10543	傳奇	1	130943	478	1	255	15	20543	3	1.00.0000	1.07.0000	1.07.0000	1.07.0000
10544	傳奇	1	130943	478	1	255	15	20544	3	1.00.0000	1.07.0000	1.07.0000	1.07.0000
10545	傳奇	1	130943	478	1	255	15	20545	3	1.00.0000	1.07.0000	1.07.0000	1.07.0000
10546	傳奇	1	130943	478	1	255	15	20546	3	1.00.0000	1.07.0000	1.07.0000	1.07.0000
10547	傳奇	1	130943	478	1	255	15	20547	3	1.00.0000	1.07.0000	1.07.0000	1.07.0000
10548	傳奇	1	130943	478	1	255	15	20548	3	1.00.0000	1.07.0000	1.07.0000	1.07.0000
10549	傳奇	1	130943	478	1	255	10	20549	3	1.00.0000	1.07.0000	1.07.0000	1.07.0000
10550	傳奇	1	130943	478	1	255	10	20550	3	1.00.0000	1.07.0000	1.07.0000	1.07.0000
10551	傳奇	1	130943	478	1	255	10	20551	3	1.00.0000	1.07.0000	1.07.0000	1.07.0000
10552	傳奇	1	130943	478	1	255	10	20552	3	1.00.0000	1.07.0000	1.07.0000	1.07.0000
10553	傳奇	1	130943	478	1	255	10	20553	3	1.00.0000	1.07.0000	1.07.0000	1.07.0000
10554	傳奇	1	130943	478	1	255	10	20554	3	1.00.0000	1.07.0000	1.07.0000	1.07.0000
10555	傳奇	1	130943	478	1	255	10	20555	3	1.00.0000	1.07.0000	1.07.0000	1.07.0000
10556	傳奇	1	130943	478	1	255	10	20556	3	1.00.0000	1.07.0000	1.07.0000	1.07.0000
10557	傳奇	1	130943	478	1	255	10	20557	3	1.00.0000	1.07.0000	1.07.0000	1.07.0000
10558	傳奇	1	130943	478	1	255	10	20558	3	1.00.0000	1.07.0000	1.07.0000	1.07.0000
10559	傳奇	1	130943	478	1	255	10	20559	3	1.00.0000	1.07.0000	1.07.0000	1.07.0000
10560	傳奇	1	130943	478	1	255	10	20560	3	1.00.0000	1.07.0000	1.07.0000	1.07.0000
10561	傳奇	1	130943	478	1	255	10	20561	3	1.00.0000	1.07.0000	1.07.0000	1.07.0000
10562	傳奇	1	130943	478	1	255	10	20562	3	1.00.0000	1.07.0000	1.07.0000	1.07.0000
10563	傳奇	1	130943	478	1	255	20	20563	3	1.00.0000	1.07.0000	1.07.0000	1.07.0000
10564	傳奇	1	130943	478	1	255	20	20564	3	1.00.0000	1.07.0000	1.07.0000	1.07.0000
10565	傳奇	1	130943	478	1	255	20	20565	3	1.00.0000	1.07.0000	1.07.0000	1.07.0000
10566	傳奇	1	130943	478	1	255	20	20566	3	1.00.0000	1.07.0000	1.07.0000	1.07.0000
10567	傳奇	1	130943	478	1	255	20	20567	3	1.00.0000	1.07.0000	1.07.0000	1.07.0000
10568	傳奇	1	130943	478	1	255	20	20568	3	1.00.0000	1.07.0000	1.07.0000	1.07.0000
10569	傳奇	1	130943	478	1	255	20	20569	3	1.00.0000	1.07.0000	1.07.0000	1.07.0000
10570	傳奇	1	130943	478	1	255	20	20570	3	1.00.0000	1.07.0000	1.07.0000	1.07.0000
10571	傳奇	1	130943	478	1	255	20	20571	3	1.00.0000	1.07.0000	1.07.0000	1.07.0000
10572	傳奇	1	130943	478	1	255	20	20572	3	1.00.0000	1.07.0000	1.07.0000	1.07.0000
10573	傳奇	1	130943	478	1	255	20	20573	3	1.00.0000	1.07.0000	1.07.0000	1.07.0000
10574	傳奇	1	130943	478	1	255	20	20574	3	1.00.0000	1.07.0000	1.07.0000	1.07.0000
10575	傳奇	1	130943	478	1	255	20	20575	3	1.00.0000	1.07.0000	1.07.0000	1.07.0000
10576	傳奇	1	130943	478	1	255	20	20576	3	1.00.0000	1.07.0000	1.07.0000	1.07.0000
10577	傳奇	1	130943	478	1	255	15	20577	3	1.00.0000	1.07.0000	1.07.0000	1.07.0000
10578	傳奇	1	130943	478	1	255	15	20578	3	1.00.0000	1.07.0000	1.07.0000	1.07.0000
10579	傳奇	1	130943	478	1	255	15	20579	3	1.00.0000	1.07.0000	1.07.0000	1.07.0000
10580	傳奇	1	130943	478	1	255	15	20580	3	1.00.0000	1.07.0000	1.07.0000	1.07.0000
10581	傳奇	1	130943	478	1	255	15	20581	3	1.00.0000	1.07.0000	1.07.0000	1.07.0000
10582	傳奇	1	130943	478	1	255	15	20582	3	1.00.0000	1.07.0000	1.07.0000	1.07.0000
10583	傳奇	1	130943	478	1	255	15	20583	3	1.00.0000	1.07.0000	1.07.0000	1.07.0000
10584	傳奇	1	130943	478	1	255	15	20584	3	1.00.0000	1.07.0000	1.07.0000	1.07.0000
10585	傳奇	1	130943	478	1	255	15	20585	3	1.00.0000	1.07.0000	1.07.0000	1.07.0000
10586	傳奇	1	130943	478	1	255	15	20586	3	1.00.0000	1.07.0000	1.07.0000	1.07.0000
10587	傳奇	1	130943	478	1	255	15	20587	3	1.00.0000	1.07.0000	1.07.0000	1.07.0000
10588	傳奇	1	130943	478	1	255	15	20588	3	1.00.0000	1.07.0000	1.07.0000	1.07.0000
10589	傳奇	1	130943	478	1	255	15	20589	3	1.00.0000	1.07.0000	1.07.0000	1.07.0000
10590	傳奇	1	130943	478	1	255	15	20590	3	1.00.0000	1.07.0000	1.07.0000	1.07.0000
10591	傳奇	1	130943	478	1	255	10	20591	3	1.00.0000	1.07.0000	1.07.0000	1.07.0000
10592	傳奇	1	130943	478	1	255	10	20592	3	1.00.0000	1.07.0000	1.07.0000	1.07.0000
10593	傳奇	1	130943	478	1	255	10	20593	3	1.00.0000	1.07.0000	1.07.0000	1.07.0000
10594	傳奇	1	130943	478	1	255	10	20594	3	1.00.0000	1.07.0000	1.07.0000	1.07.0000
10595	傳奇	1	130943	478	1	255	10	20595	3	1.00.0000	1.07.0000	1.07.0000	1.07.0000
10596	傳奇	1	130943	478	1	255	10	20596	3	1.00.0000	1.07.0000	1.07.0000	1.07.0000
10597	傳奇	1	130943	478	1	255	10	20597	3	1.00.0000	1.07.0000	1.07.0000	1.07.0000
10598	傳奇	1	130943	478	1	255	10	20598	3	1.00.0000	1.07.0000	1.07.0000	1.07.0000
10599	傳奇	1	130943	478	1	255	10	20599	3	1.00.0000	1.07.0000	1.07.0000	1.07.0000
10600	傳奇	1	130943	478	1	255	10	20600	3	1.00.0000	1.07.0000	1.07.0000	1.07.0000
10601	傳奇	1	130943	478	1	255	10	20601	3	1.00.0000	1.07.0000	1.07.0000	1.07.0000
10602	傳奇	1	130943	478	1	255	10	20602	3	1.00.0000	1.07.0000	1.07.0000	1.07.0000
10603	傳奇	1	130943	478	1	255	10	20603	3	1.00.0000	1.07.0000	1.07.0000	1.07.0000
10604	傳奇	1	130943	478	1	255	10	20604	3	1.00.0000	1.07.0000	1.07.0000	1.07.0000
10605	傳奇	1	130943	478	1	255	20	20605	3	1.00.0000	1.07.0000	1.07.0000	1.07.0000
10606	傳奇	1	130943	478	1	255	20	20606	3	1.00.0000	1.07.0000	1.07.0000	1.07.0000
10607	傳奇	1	130943	478	1	255	20	20607	3	1.00.0000	1.07.0000	1.07.0000	1.07.0000
10608	傳奇	1	130943	478	1	255	20	20608	3	1.00.0000	1.07.0000	1.07.0000	1.07.0000
10609	傳奇	1	130943	478	1	255	20	20609	3	1.00.0000	1.07.0000	1.07.0000	1.07.0000
10610	傳奇	1	130943	478	1	255	20	20610	3	1.00.0000	1.07.0000	1.07.0000	1.07.0000
10611	傳奇	1	130943	478	1	255	20	20611	3	1.00.0000	1.07.0000	1.07.0000	1.07.0000
10612	傳奇	1	130943	478	1	255	20	20612	3	1.00.0000	1.07.0000	1.07.0000	1.07.0000
10613	傳奇	1	130943	478	1	255	20	20613	3	1.00.0000	1.07.0000	1.07.0000	1.07.0000
10614	傳奇	1	130943	478	1	255	20	20614	3	1.00.0000	1.07.0000	1.07.0000	1.07.0000
10615	傳奇	1	130943	478	1	255	20	20615	3	1.00.0000	1.07.0000	1.07.0000	1.07.0000
10616	傳奇	1	130943	478	1	255	20	20616	3	1.00.0000	1.07.0000	1.07.0000	1.07.0000
10617	傳奇	1	130943	478	1	255	20	20617	3	1.00.0000	1.07.0000	1.07.0000	1.07.0000
10618	傳奇	1	130943	478	1	255	20	20618	3	1.00.0000	1.07.0000	1.07.0000	1.07.0000
10619	傳奇	1	130943	478	1	255	15	20619	3	1.00.0000	1.07.0000	1.07.0000	1.07.0000
10620	傳奇	1	130943	478	1	255	15	20620	3	1.00.0000	1.07.0000	1.07.0000	1.07.0000
10621	傳奇	1	130943	478	1	255	15	20621	3	1.00.0000	1.07.0000	1.07.0000	1.07.0000
10622	傳奇	1	130943	478	1	255	15	20622	3	1.00.0000	1.07.0000	1.07.0000	1.07.0000
10623	傳奇	1	130943	478	1	255	15	20623	3	1.00.0000	1.07.0000	1.07.0000	1.07.0000
10624	傳奇	1	130943	478	1	255	15	20624	3	1.00.0000	1.07.0000	1.07.0000	1.07.0000
10625	傳奇	1	130943	478	1	255	15	20625	3	1.00.0000	1.07.0000	1.07.0000	1.07.0000
10626	傳奇	1	130943	478	1	255	15	20626	3	1.00.0000	1.07.0000	1.07.0000	1.07.0000
10627	傳奇	1	130943	478	1	255	15	20627	3	1.00.0000	1.07.0000	1.07.0000	1.07.0000
10628	傳奇	1	130943	478	1	255	15	20628	3	1.00.0000	1.07.0000	1.07.0000	1.07.0000
10629	傳奇	1	130943	478	1	255	15	20629	3	1.00.0000	1.07.0000	1.07.0000	1.07.0000
10630	傳奇	1	130943	478	1	255	15	20630	3	1.00.0000	1.07.0000	1.07.0000	1.07.0000
10631	傳奇	1	130943	478	1	255	15	20631	3	1.00.0000	1.07.0000	1.07.0000	1.07.0000
10632	傳奇	1	130943	478	1	255	15	20632	3	1.00.0000	1.07.0000	1.07.0000	1.07.0000
10633	傳奇	1	130943	478	1	255	10	20633	3	1.00.0000	1.07.0000	1.07.0000	1.07.0000
10634	傳奇	1	130943	478	1	255	10	20634	3	1.00.0000	1.07.0000	1.07.0000	1.07.0000
10635	傳奇	1	130943	478	1	255	10	20635	3	1.00.0000	1.07.0000	1.07.0000	1.07.0000
10636	傳奇	1	130943	478	1	255	10	20636	3	1.00.0000	1.07.0000	1.07.0000	1.07.0000
10637	傳奇	1	130943	478	1	255	10	20637	3	1.00.0000	1.07.0000	1.07.0000	1.07.0000
10638	傳奇	1	130943	478	1	255	10	20638	3	1.00.0000	1.07.0000	1.07.0000	1.07.0000
10639	傳奇	1	130943	478	1	255	10	20639	3	1.00.0000	1.07.0000	1.07.0000	1.07.0000
10640	傳奇	1	130943	478	1	255	10	20640	3	1.00.0000	1.07.0000	1.07.0000	1.07.0000
10641	傳奇	1	130943	478	1	255	10	20641	3	1.00.0000	1.07.0000	1.07.0000	1.07.0000
10642	傳奇	1	130943	478	1	255	10	20642	3	1.00.0000	1.07.0000	1.07.0000	1.07.0000
10643	傳奇	1	130943	478	1	255	10	20643	3	1.00.0000	1.07.0000	1.07.0000	1.07.0000
10644	傳奇	1	130943	478	1	255	10	20644	3	1.00.0000	1.07.0000	1.07.0000	1.07.0000
10645	傳奇	1	130943	478	1	255	10	20645	3	1.00.0000	1.07.0000	1.07.0000	1.07.0000
10646	傳奇	1	130943	478	1	255	10	20646	3	1.00.0000	1.07.0000	1.07.0000	1.07.0000
10647	傳奇	1	130943	478	1	255	20	20647	3	1.00.0000	1.07.0000	1.07.0000	1.07.0000
10648	傳奇	1	130943	478	1	255	20	20648	3	1.00.0000	1.07.0000	1.07.0000	1.07.0000
10649	傳奇	1	130943	478	1	255	20	20649	3	1.00.0000	1.07.0000	1.07.0000	1.07.0000
10650	傳奇	1	130943	478	1	255	20	20650	3	1.00.0000	1.07.0000	1.07.0000	1.07.0000
10651	傳奇	1	130943	478	1	255	20	20651	3	1.00.0000	1.07.0000	1.07.0000	1.07.0000
10652	傳奇	1	130943	478	1	255	20	20652	3	1.00.0000	1.07.0000	1.07.0000	1.07.0000
10653	傳奇	1	130943	478	1	255	20	20653	3	1.00.0000	1.07.0000	1.07.0000	1.07.0000
10654	傳奇	1	130943	478	1	255	20	20654	3	1.00.0000	1.07.0000	1.07.0000	1.07.0000
10655	傳奇	1	130943	478	1	255	20	20655	3	1.00.0000	1.07.0000	1.07.0000	1.07.0000
10656	傳奇	1	130943	478	1	255	20	20656	3	1.00.0000	1.07.0000	1.07.0000	1.07.0000
10657	傳奇	1	130943	478	1	255	20	20657	3	1.00.0000	1.07.0000	1.07.0000	1.07.0000
10658	傳奇	1	130943	478	1	255	20	20658	3	1.00.0000	1.07.0000	1.07.0000	1.07.0000
10659	傳奇	1	130943	478	1	255	20	20659	3	1.00.0000	1.07.0000	1.07.0000	1.07.0000
10660	傳奇	1	130943	478	1	255	20	20660	3	1.00.0000	1.07.0000	1.07.0000	1.07.0000
10661	傳奇	1	130943	478	1	255	15	20661	3	1.00.0000	1.07.0000	1.07.0000	1.07.0000
10662	傳奇	1	130943	478	1	255	15	20662	3	1.00.0000	1.07.0000	1.07.0000	1.07.0000
10663	傳奇	1	130943	478	1	255	15	20663	3	1.00.0000	1.07.0000	1.07.0000	1.07.0000
10664	傳奇	1	130943	478	1	255	15	20664	3	1.00.0000	1.07.0000	1.07.0000	1.07.0000
10665	傳奇	1	130943	478	1	255	15	20665	3	1.00.0000	1.07.0000	1.07.0000	1.07.0000
10666	傳奇	1	130943	478	1	255	15	20666	3	1.00.0000	1.07.0000	1.07.0000	1.07.0000
10667	傳奇	1	130943	478	1	255	15	20667	3	1.00.0000	1.07.0000	1.07.0000	1.07.0000
10668	傳奇	1	130943	478	1	255	15	20668	3	1.00.0000	1.07.0000	1.07.0000	1.07.0000
10669	傳奇	1	130943	478	1	255	15	20669	3	1.00.0000	1.07.0000	1.07.0000	1.07.0000
10670	傳奇	1	130943	478	1	255	15	20670	3	1.00.0000	1.07.0000	1.07.0000	1.07.0000
10671	傳奇	1	130943	478	1	255	15	20671	3	1.00.0000	1.07.0000	1.07.0000	1.07.0000
10672	傳奇	1	130943	478	1	255	15	20672	3	1.00.0000	1.07.0000	1.07.0000	1.07.0000
10673	傳奇	1	130943	478	1	255	15	20673	3	1.00.0000	1.07.0000	1.07.0000	1.07.0000
10674	傳奇	1	130943	478	1	255	15	20674	3	1.00.0000	1.07.0000	1.07.0000	1.07.0000
10675	傳奇	1	130943	478	1	255	10	20675	3	1.00.0000	1.07.0000	1.07.0000	1.07.0000
10676	傳奇	1	130943	478	1	255	10	20676	3	1.00.0000	1.07.0000	1.07.0000	1.07.0000
10677	傳奇	1	130943	478	1	255	10	20677	3	1.00.0000	1.07.0000	1.07.0000	1.07.0000
10678	傳奇	1	130943	478	1	255	10	20678	3	1.00.0000	1.07.0000	1.07.0000	1.07.0000
10679	傳奇	1	130943	478	1	255	10	20679	3	1.00.0000	1.07.0000	1.07.0000	1.07.0000
10680	傳奇	1	130943	478	1	255	10	20680	3	1.00.0000	1.07.0000	1.07.0000	1.07.0000
10681	傳奇	1	130943	478	1	255	10	20681	3	1.00.0000	1.07.0000	1.07.0000	1.07.0000
10682	傳奇	1	130943	478	1	255	10	20682	3	1.00.0000	1.07.0000	1.07.0000	1.07.0000
10683	傳奇	1	130943	478	1	255	10	20683	3	1.00.0000	1.07.0000	1.07.0000	1.07.0000
10684	傳奇	1	130943	478	1	255	10	20684	3	1.00.0000	1.07.0000	1.07.0000	1.07.0000
10685	傳奇	1	130943	478	1	255	10	20685	3	1.00.0000	1.07.0000	1.07.0000	1.07.0000
10686	傳奇	1	130943	478	1	255	10	20686	3	1.00.0000	1.07.0000	1.07.0000	1.07.0000
10687	傳奇	1	130943	478	1	255	10	20687	3	1.00.0000	1.07.0000	1.07.0000	1.07.0000
10688	傳奇	1	130943	478	1	255	10	20688	3	1.00.0000	1.07.0000	1.07.0000	1.07.0000
10689	傳奇	1	130943	478	1	255	20	20689	3	1.00.0000	1.07.0000	1.07.0000	1.07.0000
10690	傳奇	1	130943	478	1	255	20	20690	3	1.00.0000	1.07.0000	1.07.0000	1.07.0000
10691	傳奇	1	130943	478	1	255	20	20691	3	1.00.0000	1.07.0000	1.07.0000	1.07.0000
10692	傳奇	1	130943	478	1	255	20	20692	3	1.00.0000	1.07.0000	1.07.0000	1.07.0000
10693	傳奇	1	130943	478	1	255	20	20693	3	1.00.0000	1.07.0000	1.07.0000	1.07.0000
10694	傳奇	1	130943	478	1	255	20	20694	3	1.00.0000	1.07.0000	1.07.0000	1.07.0000
10695	傳奇	1	130943	478	1	255	20	20695	3	1.00.0000	1.07.0000	1.07.0000	1.07.0000
10696	傳奇	1	130943	478	1	255	20	20696	3	1.00.0000	1.07.0000	1.07.0000	1.07.0000
10697	傳奇	1	130943	478	1	255	20	20697	3	1.00.0000	1.07.0000	1.07.0000	1.07.0000
10698	傳奇	1	130943	478	1	255	20	20698	3	1.00.0000	1.07.0000	1.07.0000	1.07.0000
10699	傳奇	1	130943	478	1	255	20	20699	3	1.00.0000	1.07.0000	1.07.0000	1.07.0000
10700	傳奇	1	130943	478	1	255	20	20700	3	1.00.0000	1.07.0000	1.07.0000	1.07.0000
10701	傳奇	1	130943	478	1	255	20	20701	3	1.00.0000	1.07.0000	1.07.0000	1.07.0000
10702	傳奇	1	130943	478	1	255	20	20702	3	1.00.0000	1.07.0000	1.07.0000	1.07.0000
10703	傳奇	1	130943	478	1	255	15	20703	3	1.00.0000	1.07.0000	1.07.0000	1.07.0000
10704	傳奇	1	130943	478	1	255	15	20704	3	1.00.0000	1.07.0000	1.07.0000	1.07.0000
10705	傳奇	1	130943	478	1	255	15	20705	3	1.00.0000	1.07.0000	1.07.0000	1.07.0000
10706	傳奇	1	130943	478	1	255	15	20706	3	1.00.0000	1.07.0000	1.07.0000	1.07.0000
10707	傳奇	1	130943	478	1	255	15	20707	3	1.00.0000	1.07.0000	1.07.0000	1.07.0000
10708	傳奇	1	130943	478	1	255	15	20708	3	1.00.0000	1.07.0000	1.07.0000	1.07.0000
10709	傳奇	1	130943	478	1	255	15	20709	3	1.00.0000	1.07.0000	1.07.0000	1.07.0000
10710	傳奇	1	130943	478	1	255	15	20710	3	1.00.0000	1.07.0000	1.07.0000	1.07.0000
10711	傳奇	1	130943	478	1	255	15	20711	3	1.00.0000	1.07.0000	1.07.0000	1.07.0000
10712	傳奇	1	130943	478	1	255	15	20712	3	1.00.0000	1.07.0000	1.07.0000	1.07.0000
10713	傳奇	1	130943	478	1	255	15	20713	3	1.00.0000	1.07.0000	1.07.0000	1.07.0000
10714	傳奇	1	130943	478	1	255	15	20714	3	1.00.0000	1.07.0000	1.07.0000	1.07.0000
10715	傳奇	1	130943	478	1	255	15	20715	3	1.00.0000	1.07.0000	1.07.0000	1.07.0000
10716	傳奇	1	130943	478	1	255	15	20716	3	1.00.0000	1.07.0000	1.07.0000	1.07.0000
10717	傳奇	1	130943	478	1	255	10	20717	3	1.00.0000	1.07.0000	1.07.0000	1.07.0000
10718	傳奇	1	130943	478	1	255	10	20718	3	1.00.0000	1.07.0000	1.07.0000	1.07.0000
10719	傳奇	1	130943	478	1	255	10	20719	3	1.00.0000	1.07.0000	1.07.0000	1.07.0000
10720	傳奇	1	130943	478	1	255	10	20720	3	1.00.0000	1.07.0000	1.07.0000	1.07.0000
10721	傳奇	1	130943	478	1	255	10	20721	3	1.00.0000	1.07.0000	1.07.0000	1.07.0000
10722	傳奇	1	130943	478	1	255	10	20722	3	1.00.0000	1.07.0000	1.07.0000	1.07.0000
10723	傳奇	1	130943	478	1	255	10	20723	3	1.00.0000	1.07.0000	1.07.0000	1.07.0000
10724	傳奇	1	130943	478	1	255	10	20724	3	1.00.0000	1.07.0000	1.07.0000	1.07.0000
10725	傳奇	1	130943	478	1	255	10	20725	3	1.00.0000	1.07.0000	1.07.0000	1.07.0000
10726	傳奇	1	130943	478	1	255	10	20726	3	1.00.0000	1.07.0000	1.07.0000	1.07.0000
10727	傳奇	1	130943	478	1	255	10	20727	3	1.00.0000	1.07.0000	1.07.0000	1.07.0000
10728	傳奇	1	130943	478	1	255	10	20728	3	1.00.0000	1.07.0000	1.07.0000	1.07.0000
10729	傳奇	1	130943	478	1	255	10	20729	3	1.00.0000	1.07.0000	1.07.0000	1.07.0000
10730	傳奇	1	130943	478	1	255	10	20730	3	1.00.0000	1.07.0000	1.07.0000	1.07.0000
10731	傳奇	1	130943	478	1	255	20	20731	3	1.00.0000	1.07.0000	1.07.0000	1.07.0000
10732	傳奇	1	130943	478	1	255	20	20732	3	1.00.0000	1.07.0000	1.07.0000	1.07.0000
10733	傳奇	1	130943	478	1	255	20	20733	3	1.00.0000	1.07.0000	1.07.0000	1.07.0000
10734	傳奇	1	130943	478	1	255	20	20734	3	1.00.0000	1.07.0000	1.07.0000	1.07.0000
10735	傳奇	1	130943	478	1	255	20	20735	3	1.00.0000	1.07.0000	1.07.0000	1.07.0000
10736	傳奇	1	130943	478	1	255	20	20736	3	1.00.0000	1.07.0000	1.07.0000	1.07.0000
10737	傳奇	1	130943	478	1	255	20	20737	3	1.00.0000	1.07.0000	1.07.0000	1.07.0000
10738	傳奇	1	130943	478	1	255	20	20738	3	1.00.0000	1.07.0000	1.07.0000	1.07.0000
10739	傳奇	1	130943	478	1	255	20	20739	3	1.00.0000	1.07.0000	1.07.0000	1.07.0000
10740	傳奇	1	130943	478	1	255	20	20740	3	1.00.0000	1.07.0000	1.07.0000	1.07.0000
10741	傳奇	1	130943	478	1	255	20	20741	3	1.00.0000	1.07.0000	1.07.0000	1.07.0000
10742	傳奇	1	130943	478	1	255	20	20742	3	1.00.0000	1.07.0000	1.07.0000	1.07.0000
10743	傳奇	1	130943	478	1	255	20	20743	3	1.00.0000	1.07.0000	1.07.0000	1.07.0000
10744	傳奇	1	130943	478	1	255	20	20744	3	1.00.0000	1.07.0000	1.07.0000	1.07.0000
10745	傳奇	1	130943	478	1	255	15	20745	3	1.00.0000	1.07.0000	1.07.0000	1.07.0000
10746	傳奇	1	130943	478	1	255	15	20746	3	1.00.0000	1.07.0000	1.07.0000	1.07.0000
10747	傳奇	1	130943	478	1	255	15	20747	3	1.00.0000	1.07.0000	1.07.0000	1.07.0000
10748	傳奇	1	130943	478	1	255	15	20748	3	1.00.0000	1.07.0000	1.07.0000	1.07.0000
10749	傳奇	1	130943	478	1	255	15	20749	3	1.00.0000	1.07.0000	1.07.0000	1.07.0000
10750	傳奇	1	130943	478	1	255	15	20750	3	1.00.0000	1.07.0000	1.07.0000	1.07.0000
10751	傳奇	1	130943	478	1	255	15	20751	3	1.00.0000	1.07.0000	1.07.0000	1.07.0000
10752	傳奇	1	130943	478	1	255	15	20752	3	1.00.0000	1.07.0000	1.07.0000	1.07.0000
10753	傳奇	1	130943	478	1	255	15	20753	3	1.00.0000	1.07.0000	1.07.0000	1.07.0000
10754	傳奇	1	130943	478	1	255	15	20754	3	1.00.0000	1.07.0000	1.07.0000	1.07.0000
10755	傳奇	1	130943	478	1	255	15	20755	3	1.00.0000	1.07.0000	1.07.0000	1.07.0000
10756	傳奇	1	130943	478	1	255	15	20756	3	1.00.0000	1.07.0000	1.07.0000	1.07.0000
10757	傳奇	1	130943	478	1	255	15	20757	3	1.00.0000	1.07.0000	1.07.0000	1.07.0000
10758	傳奇	1	130943	478	1	255	15	20758	3	1.00.0000	1.07.0000	1.07.0000	1.07.0000
10759	傳奇	1	130943	478	1	255	10	20759	3	1.00.0000	1.07.0000	1.07.0000	1.07.0000
10760	傳奇	1	130943	478	1	255	10	20760	3	1.00.0000	1.07.0000	1.07.0000	1.07.0000
10761	傳奇	1	130943	478	1	255	10	20761	3	1.00.0000	1.07.0000	1.07.0000	1.07.0000
10762	傳奇	1	130943	478	1	255	10	20762	3	1.00.0000	1.07.0000	1.07.0000	1.07.0000
10763	傳奇	1	130943	478	1	255	10	20763	3	1.00.0000	1.07.0000	1.07.0000	1.07.0000
10764	傳奇	1	130943	478	1	255	10	20764	3	1.00.0000	1.07.0000	1.07.0000	1.07.0000
10765	傳奇	1	130943	478	1	255	10	20765	3	1.00.0000	1.07.0000	1.07.0000	1.07.0000
10766	傳奇	1	130943	478	1	255	10	20766	3	1.00.0000	1.07.0000	1.07.0000	1.07.0000
10767	傳奇	1	130943	478	1	255	10	20767	3	1.00.0000	1.07.0000	1.07.0000	1.07.0000
10768	傳奇	1	130943	478	1	255	10	20768	3	1.00.0000	1.07.0000	1.07.0000	1.07.0000
10769	傳奇	1	130943	478	1	255	10	20769	3	1.00.0000	1.07.0000	1.07.0000	1.07.0000
10770	傳奇	1	130943	478	1	255	10	20770	3	1.00.0000	1.07.0000	1.07.0000	1.07.0000
10771	傳奇	1	130943	478	1	255	10	20771	3	1.00.0000	1.07.0000	1.07.0000	1.07.0000
10772	傳奇	1	130943	478	1	255	10	20772	3	1.00.0000	1.07.0000	1.07.0000	1.07.0000
10773	傳奇	1	130943	478	1	255	20	20773	3	1.00.0000	1.07.0000	1.07.0000	1.07.0000
10774	傳奇	1	130943	478	1	255	20	20774	3	1.00.0000	1.07.0000	1.07.0000	1.07.0000
10775	傳奇	1	130943	478	1	255	20	20775	3	1.00.0000	1.07.0000	1.07.0000	1.07.0000
10776	傳奇	1	130943	478	1	255	20	20776	3	1.00.0000	1.07.0000	1.07.0000	1.07.0000
10777	傳奇	1	130943	478	1	255	20	20777	3	1.00.0000	1.07.0000	1.07.0000	1.07.0000
10778	傳奇	1	130943	478	1	255	20	20778	3	1.00.0000	1.07.0000	1.07.0000	1.07.0000
10779	傳奇	1	130943	478	1	255	20	20779	3	1.00.0000	1.07.0000	1.07.0000	1.07.0000
10780	傳奇	1	130943	478	1	255	20	20780	3	1.00.0000	1.07.0000	1.07.0000	1.07.0000
10781	傳奇	1	130943	478	1	255	20	20781	3	1.00.0000	1.07.0000	1.07.0000	1.07.0000
10782	傳奇	1	130943	478	1	255	20	20782	3	1.00.0000	1.07.0000	1.07.0000	1.07.0000
10783	傳奇	1	130943	478	1	255	20	20783	3	1.00.0000	1.07.0000	1.07.0000	1.07.0000
10784	傳奇	1	130943	478	1	255	20	20784	3	1.00.0000	1.07.0000	1.07.0000	1.07.0000
10785	傳奇	1	130943	478	1	255	20	20785	3	1.00.0000	1.07.0000	1.07.0000	1.07.0000
10786	傳奇	1	130943	478	1	255	20	20786	3	1.00.0000	1.07.0000	1.07.0000	1.07.0000
10787	傳奇	1	130943	478	1	255	15	20787	3	1.00.0000	1.07.0000	1.07.0000	1.07.0000
10788	傳奇	1	130943	478	1	255	15	20788	3	1.00.0000	1.07.0000	1.07.0000	1.07.0000
10789	傳奇	1	130943	478	1	255	15	20789	3	1.00.0000	1.07.0000	1.07.0000	1.07.0000
10790	傳奇	1	130943	478	1	255	15	20790	3	1.00.0000	1.07.0000	1.07.0000	1.07.0000
10791	傳奇	1	130943	478	1	255	15	20791	3	1.00.0000	1.07.0000	1.07.0000	1.07.0000
10792	傳奇	1	130943	478	1	255	15	20792	3	1.00.0000	1.07.0000	1.07.0000	1.07.0000
10793	傳奇	1	130943	478	1	255	15	20793	3	1.00.0000	1.07.0000	1.07.0000	1.07.0000
10794	傳奇	1	130943	478	1	255	15	20794	3	1.00.0000	1.07.0000	1.07.0000	1.07.0000
10795	傳奇	1	130943	478	1	255	15	20795	3	1.00.0000	1.07.0000	1.07.0000	1.07.0000
10796	傳奇	1	130943	478	1	255	15	20796	3	1.00.0000	1.07.0000	1.07.0000	1.07.0000
10797	傳奇	1	130943	478	1	255	15	20797	3	1.00.0000	1.07.0000	1.07.0000	1.07.0000
10798	傳奇	1	130943	478	1	255	15	20798	3	1.00.0000	1.07.0000	1.07.0000	1.07.0000
10799	傳奇	1	130943	478	1	255	15	20799	3	1.00.0000	1.07.0000	1.07.0000	1.07.0000
10800	傳奇	1	130943	478	1	255	15	20800	3	1.00.0000	1.07.0000	1.07.0000	1.07.0000
10801	傳奇	1	130943	478	1	255	10	20801	3	1.00.0000	1.07.0000	1.07.0000	1.07.0000
10802	傳奇	1	130943	478	1	255	10	20802	3	1.00.0000	1.07.0000	1.07.0000	1.07.0000
10803	傳奇	1	130943	478	1	255	10	20803	3	1.00.0000	1.07.0000	1.07.0000	1.07.0000
10804	傳奇	1	130943	478	1	255	10	20804	3	1.00.0000	1.07.0000	1.07.0000	1.07.0000
10805	傳奇	1	130943	478	1	255	10	20805	3	1.00.0000	1.07.0000	1.07.0000	1.07.0000
10806	傳奇	1	130943	478	1	255	10	20806	3	1.00.0000	1.07.0000	1.07.0000	1.07.0000
10807	傳奇	1	130943	478	1	255	10	20807	3	1.00.0000	1.07.0000	1.07.0000	1.07.0000
10808	傳奇	1	130943	478	1	255	10	20808	3	1.00.0000	1.07.0000	1.07.0000	1.07.0000
10809	傳奇	1	130943	478	1	255	10	20809	3	1.00.0000	1.07.0000	1.07.0000	1.07.0000
10810	傳奇	1	130943	478	1	255	10	20810	3	1.00.0000	1.07.0000	1.07.0000	1.07.0000
10811	傳奇	1	130943	478	1	255	10	20811	3	1.00.0000	1.07.0000	1.07.0000	1.07.0000
10812	傳奇	1	130943	478	1	255	10	20812	3	1.00.0000	1.07.0000	1.07.0000	1.07.0000
10813	傳奇	1	130943	478	1	255	10	20813	3	1.00.0000	1.07.0000	1.07.0000	1.07.0000
10814	傳奇	1	130943	478	1	255	10	20814	3	1.00.0000	1.07.0000	1.07.0000	1.07.0000
10815	傳奇	1	130943	478	1	255	20	20815	3	1.00.0000	1.07.0000	1.07.0000	1.07.0000
10816	傳奇	1	130943	478	1	255	20	20816	3	1.00.0000	1.07.0000	1.07.0000	1.07.0000
10817	傳奇	1	130943	478	1	255	20	20817	3	1.00.0000	1.07.0000	1.07.0000	1.07.0000
10818	傳奇	1	130943	478	1	255	20	20818	3	1.00.0000	1.07.0000	1.07.0000	1.07.0000
10819	傳奇	1	130943	478	1	255	20	20819	3	1.00.0000	1.07.0000	1.07.0000	1.07.0000
10820	傳奇	1	130943	478	1	255	20	20820	3	1.00.0000	1.07.0000	1.07.0000	1.07.0000
10821	傳奇	1	130943	478	1	255	20	20821	3	1.00.0000	1.07.0000	1.07.0000	1.07.0000
10822	傳奇	1	130943	478	1	255	20	20822	3	1.00.0000	1.07.0000	1.07.0000	1.07.0000
10823	傳奇	1	130943	478	1	255	20	20823	3	1.00.0000	1.07.0000	1.07.0000	1.07.0000
10824	傳奇	1	130943	478	1	255	20	20824	3	1.00.0000	1.07.0000	1.07.0000	1.07.0000
10825	傳奇	1	130943	478	1	255	20	20825	3	1.00.0000	1.07.0000	1.07.0000	1.07.0000
10826	傳奇	1	130943	478	1	255	20	20826	3	1.00.0000	1.07.0000	1.07.0000	1.07.0000
10827	傳奇	1	130943	478	1	255	20	20827	3	1.00.0000	1.07.0000	1.07.0000	1.07.0000
10828	傳奇	1	130943	478	1	255	20	20828	3	1.00.0000	1.07.0000	1.07.0000	1.07.0000
10829	傳奇	1	130943	478	1	255	15	20829	3	1.00.0000	1.07.0000	1.07.0000	1.07.0000
10830	傳奇	1	130943	478	1	255	15	20830	3	1.00.0000	1.07.0000	1.07.0000	1.07.0000
10831	傳奇	1	130943	478	1	255	15	20831	3	1.00.0000	1.07.0000	1.07.0000	1.07.0000
10832	傳奇	1	130943	478	1	255	15	20832	3	1.00.0000	1.07.0000	1.07.0000	1.07.0000
10833	傳奇	1	130943	478	1	255	15	20833	3	1.00.0000	1.07.0000	1.07.0000	1.07.0000
10834	傳奇	1	130943	478	1	255	15	20834	3	1.00.0000	1.07.0000	1.07.0000	1.07.0000
10835	傳奇	1	130943	478	1	255	15	20835	3	1.00.0000	1.07.0000	1.07.0000	1.07.0000
10836	傳奇	1	130943	478	1	255	15	20836	3	1.00.0000	1.07.0000	1.07.0000	1.07.0000
10837	傳奇	1	130943	478	1	255	15	20837	3	1.00.0000	1.07.0000	1.07.0000	1.07.0000
10838	傳奇	1	130943	478	1	255	15	20838	3	1.00.0000	1.07.0000	1.07.0000	1.07.0000
10839	傳奇	1	130943	478	1	255	15	20839	3	1.00.0000	1.07.0000	1.07.0000	1.07.0000
10840	傳奇	1	130943	478	1	255	15	20840	3	1.00.0000	1.07.0000	1.07.0000	1.07.0000
10841	傳奇	1	130943	478	1	255	15	20841	3	1.00.0000	1.07.0000	1.07.0000	1.07.0000
10842	傳奇	1	130943	478	1	255	15	20842	3	1.00.0000	1.07.0000	1.07.0000	1.07.0000
10843	傳奇	1	130943	478	1	255	10	20843	3	1.00.0000	1.07.0000	1.07.0000	1.07.0000
10844	傳奇	1	130943	478	1	255	10	20844	3	1.00.0000	1.07.0000	1.07.0000	1.07.0000
10845	傳奇	1	130943	478	1	255	10	20845	3	1.00.0000	1.07.0000	1.07.0000	1.07.0000
10846	傳奇	1	130943	478	1	255	10	20846	3	1.00.0000	1.07.0000	1.07.0000	1.07.0000
10847	傳奇	1	130943	478	1	255	10	20847	3	1.00.0000	1.07.0000	1.07.0000	1.07.0000
10848	傳奇	1	130943	478	1	255	10	20848	3	1.00.0000	1.07.0000	1.07.0000	1.07.0000
10849	傳奇	1	130943	478	1	255	10	20849	3	1.00.0000	1.07.0000	1.07.0000	1.07.0000
10850	傳奇	1	130943	478	1	255	10	20850	3	1.00.0000	1.07.0000	1.07.0000	1.07.0000
10851	傳奇	1	130943	478	1	255	10	20851	3	1.00.0000	1.07.0000	1.07.0000	1.07.0000
10852	傳奇	1	130943	478	1	255	10	20852	3	1.00.0000	1.07.0000	1.07.0000	1.07.0000
10853	傳奇	1	130943	478	1	255	10	20853	3	1.00.0000	1.07.0000	1.07.0000	1.07.0000
10854	傳奇	1	130943	478	1	255	10	20854	3	1.00.0000	1.07.0000	1.07.0000	1.07.0000
10855	傳奇	1	130943	478	1	255	10	20855	3	1.00.0000	1.07.0000	1.07.0000	1.07.0000
10856	傳奇	1	130943	478	1	255	10	20856	3	1.00.0000	1.07.0000	1.07.0000	1.07.0000
10857	傳奇	1	130943	478	1	255	20	20857	3	1.00.0000	1.07.0000	1.07.0000	1.07.0000
10858	傳奇	1	130943	478	1	255	20	20858	3	1.00.0000	1.07.0000	1.07.0000	1.07.0000
10859	傳奇	1	130943	478	1	255	20	20859	3	1.00.0000	1.07.0000	1.07.0000	1.07.0000
10860	傳奇	1	130943	478	1	255	20	20860	3	1.00.0000	1.07.0000	1.07.0000	1.07.0000
10861	傳奇	1	130943	478	1	255	20	20861	3	1.00.0000	1.07.0000	1.07.0000	1.07.0000
10862	傳奇	1	130943	478	1	255	20	20862	3	1.00.0000	1.07.0000	1.07.0000	1.07.0000
10863	傳奇	1	130943	478	1	255	20	20863	3	1.00.0000	1.07.0000	1.07.0000	1.07.0000
10864	傳奇	1	130943	478	1	255	20	20864	3	1.00.0000	1.07.0000	1.07.0000	1.07.0000
10865	傳奇	1	130943	478	1	255	20	20865	3	1.00.0000	1.07.0000	1.07.0000	1.07.0000
10866	傳奇	1	130943	478	1	255	20	20866	3	1.00.0000	1.07.0000	1.07.0000	1.07.0000
10867	傳奇	1	130943	478	1	255	20	20867	3	1.00.0000	1.07.0000	1.07.0000	1.07.0000
10868	傳奇	1	130943	478	1	255	20	20868	3	1.00.0000	1.07.0000	1.07.0000	1.07.0000
10869	傳奇	1	130943	478	1	255	20	20869	3	1.00.0000	1.07.0000	1.07.0000	1.07.0000
10870	傳奇	1	130943	478	1	255	20	20870	3	1.00.0000	1.07.0000	1.07.0000	1.07.0000
10871	傳奇	1	130943	478	1	255	15	20871	3	1.00.0000	1.07.0000	1.07.0000	1.07.0000
10872	傳奇	1	130943	478	1	255	15	20872	3	1.00.0000	1.07.0000	1.07.0000	1.07.0000
10873	傳奇	1	130943	478	1	255	15	20873	3	1.00.0000	1.07.0000	1.07.0000	1.07.0000
10874	傳奇	1	130943	478	1	255	15	20874	3	1.00.0000	1.07.0000	1.07.0000	1.07.0000
10875	傳奇	1	130943	478	1	255	15	20875	3	1.00.0000	1.07.0000	1.07.0000	1.07.0000
10876	傳奇	1	130943	478	1	255	15	20876	3	1.00.0000	1.07.0000	1.07.0000	1.07.0000
10877	傳奇	1	130943	478	1	255	15	20877	3	1.00.0000	1.07.0000	1.07.0000	1.07.0000
10878	傳奇	1	130943	478	1	255	15	20878	3	1.00.0000	1.07.0000	1.07.0000	1.07.0000
10879	傳奇	1	130943	478	1	255	15	20879	3	1.00.0000	1.07.0000	1.07.0000	1.07.0000
10880	傳奇	1	130943	478	1	255	15	20880	3	1.00.0000	1.07.0000	1.07.0000	1.07.0000
10881	傳奇	1	130943	478	1	255	15	20881	3	1.00.0000	1.07.0000	1.07.0000	1.07.0000
10882	傳奇	1	130943	478	1	255	15	20882	3	1.00.0000	1.07.0000	1.07.0000	1.07.0000
10883	傳奇	1	130943	478	1	255	15	20883	3	1.00.0000	1.07.0000	1.07.0000	1.07.0000
10884	傳奇	1	130943	478	1	255	15	20884	3	1.00.0000	1.07.0000	1.07.0000	1.07.0000
10885	傳奇	1	130943	478	1	255	10	20885	3	1.00.0000	1.07.0000	1.07.0000	1.07.0000
10886	傳奇	1	130943	478	1	255	10	20886	3	1.00.0000	1.07.0000	1.07.0000	1.07.0000
10887	傳奇	1	130943	478	1	255	10	20887	3	1.00.0000	1.07.0000	1.07.0000	1.07.0000
10888	傳奇	1	130943	478	1	255	10	20888	3	1.00.0000	1.07.0000	1.07.0000	1.07.0000
10889	傳奇	1	130943	478	1	255	10	20889	3	1.00.0000	1.07.0000	1.07.0000	1.07.0000
10890	傳奇	1	130943	478	1	255	10	20890	3	1.00.0000	1.07.0000	1.07.0000	1.07.0000
10891	傳奇	1	130943	478	1	255	10	20891	3	1.00.0000	1.07.0000	1.07.0000	1.07.0000
10892	傳奇	1	130943	478	1	255	10	20892	3	1.00.0000	1.07.0000	1.07.0000	1.07.0000
10893	傳奇	1	130943	478	1	255	10	20893	3	1.00.0000	1.07.0000	1.07.0000	1.07.0000
10894	傳奇	1	130943	478	1	255	10	20894	3	1.00.0000	1.07.0000	1.07.0000	1.07.0000
10895	傳奇	1	130943	478	1	255	10	20895	3	1.00.0000	1.07.0000	1.07.0000	1.07.0000
10896	傳奇	1	130943	478	1	255	10	20896	3	1.00.0000	1.07.0000	1.07.0000	1.07.0000
10897	傳奇	1	130943	478	1	255	10	20897	3	1.00.0000	1.07.0000	1.07.0000	1.07.0000
10898	傳奇	1	130943	478	1	255	10	20898	3	1.00.0000	1.07.0000	1.07.0000	1.07.0000
10899	傳奇	1	130943	478	1	255	20	20899	3	1.00.0000	1.07.0000	1.07.0000	1.07.0000
10900	傳奇	1	130943	478	1	255	20	20900	3	1.00.0000	1.07.0000	1.07.0000	1.07.0000
10901	傳奇	1	130943	478	1	255	20	20901	3	1.00.0000	1.07.0000	1.07.0000	1.07.0000
10902	傳奇	1	130943	478	1	255	20	20902	3	1.00.0000	1.07.0000	1.07.0000	1.07.0000
10903	傳奇	1	130943	478	1	255	20	20903	3	1.00.0000	1.07.0000	1.07.0000	1.07.0000
10904	傳奇	1	130943	478	1	255	20	20904	3	1.00.0000	1.07.0000	1.07.0000	1.07.0000
10905	傳奇	1	130943	478	1	255	20	20905	3	1.00.0000	1.07.0000	1.07.0000	1.07.0000
10906	傳奇	1	130943	478	1	255	20	20906	3	1.00.0000	1.07.0000	1.07.0000	1.07.0000
10907	傳奇	1	130943	478	1	255	20	20907	3	1.00.0000	1.07.0000	1.07.0000	1.07.0000
10908	傳奇	1	130943	478	1	255	20	20908	3	1.00.0000	1.07.0000	1.07.0000	1.07.0000
10909	傳奇	1	130943	478	1	255	20	20909	3	1.00.0000	1.07.0000	1.07.0000	1.07.0000
10910	傳奇	1	130943	478	1	255	20	20910	3	1.00.0000	1.07.0000	1.07.0000	1.07.0000
10911	傳奇	1	130943	478	1	255	20	20911	3	1.00.0000	1.07.0000	1.07.0000	1.07.0000
10912	傳奇	1	130943	478	1	255	20	20912	3	1.00.0000	1.07.0000	1.07.0000	1.07.0000
10913	傳奇	1	130943	478	1	255	15	20913	3	1.00.0000	1.07.0000	1.07.0000	1.07.0000
10914	傳奇	1	130943	478	1	255	15	20914	3	1.00.0000	1.07.0000	1.07.0000	1.07.0000
10915	傳奇	1	130943	478	1	255	15	20915	3	1.00.0000	1.07.0000	1.07.0000	1.07.0000
10916	傳奇	1	130943	478	1	255	15	20916	3	1.00.0000	1.07.0000	1.07.0000	1.07.0000
10917	傳奇	1	130943	478	1	255	15	20917	3	1.00.0000	1.07.0000	1.07.0000	1.07.0000
10918	傳奇	1	130943	478	1	255	15	20918	3	1.00.0000	1.07.0000	1.07.0000	1.07.0000
10919	傳奇	1	130943	478	1	255	15	20919	3	1.00.0000	1.07.0000	1.07.0000	1.07.0000
10920	傳奇	1	130943	478	1	255	15	20920	3	1.00.0000	1.07.0000	1.07.0000	1.07.0000
10921	傳奇	1	130943	478	1	255	15	20921	3	1.00.0000	1.07.0000	1.07.0000	1.07.0000
10922	傳奇	1	130943	478	1	255	15	20922	3	1.00.0000	1.07.0000	1.07.0000	1.07.0000
10923	傳奇	1	130943	478	1	255	15	20923	3	1.00.0000	1.07.0000	1.07.0000	1.07.0000
10924	傳奇	1	130943	478	1	255	15	20924	3	1.00.0000	1.07.0000	1.07.0000	1.07.0000
10925	傳奇	1	130943	478	1	255	15	20925	3	1.00.0000	1.07.0000	1.07.0000	1.07.0000
10926	傳奇	1	130943	478	1	255	15	20926	3	1.00.0000	1.07.0000	1.07.0000	1.07.0000
10927	傳奇	1	130943	478	1	255	10	20927	3	1.00.0000	1.07.0000	1.07.0000	1.07.0000
10928	傳奇	1	130943	478	1	255	10	20928	3	1.00.0000	1.07.0000	1.07.0000	1.07.0000
10929	傳奇	1	130943	478	1	255	10	20929	3	1.00.0000	1.07.0000	1.07.0000	1.07.0000
10930	傳奇	1	130943	478	1	255	10	20930	3	1.00.0000	1.07.0000	1.07.0000	1.07.0000
10931	傳奇	1	130943	478	1	255	10	20931	3	1.00.0000	1.07.0000	1.07.0000	1.07.0000
10932	傳奇	1	130943	478	1	255	10	20932	3	1.00.0000	1.07.0000	1.07.0000	1.07.0000
10933	傳奇	1	130943	478	1	255	10	20933	3	1.00.0000	1.07.0000	1.07.0000	1.07.0000
10934	傳奇	1	130943	478	1	255	10	20934	3	1.00.0000	1.07.0000	1.07.0000	1.07.0000
10935	傳奇	1	130943	478	1	255	10	20935	3	1.00.0000	1.07.0000	1.07.0000	1.07.0000
10936	傳奇	1	130943	478	1	255	10	20936	3	1.00.0000	1.07.0000	1.07.0000	1.07.0000
10937	傳奇	1	130943	478	1	255	10	20937	3	1.00.0000	1.07.0000	1.07.0000	1.07.0000
10938	傳奇	1	130943	478	1	255	10	20938	3	1.00.0000	1.07.0000	1.07.0000	1.07.0000
10939	傳奇	1	130943	478	1	255	10	20939	3	1.00.0000	1.07.0000	1.07.0000	1.07.0000
10940	傳奇	1	130943	478	1	255	10	20940	3	1.00.0000	1.07.0000	1.07.0000	1.07.0000
10941	傳奇	1	130943	478	1	255	2	20941	3	1.00.0000	1.07.0000	1.07.0000	1.07.0000
10942	傳奇	1	130943	478	1	255	2	20942	3	1.00.0000	1.07.0000	1.07.0000	1.07.0000
10943	傳奇	1	130943	478	1	255	2	20943	3	1.00.0000	1.07.0000	1.07.0000	1.07.0000
10944	傳奇	1	130943	478	1	255	2	20944	3	1.00.0000	1.07.0000	1.07.0000	1.07.0000
10945	傳奇	1	130943	478	1	255	2	20945	3	1.00.0000	1.07.0000	1.07.0000	1.07.0000
10946	傳奇	1	130943	478	1	255	2	20946	3	1.00.0000	1.07.0000	1.07.0000	1.07.0000
10947	傳奇	1	130943	478	1	255	2	20947	3	1.00.0000	1.07.0000	1.07.0000	1.07.0000
10948	傳奇	1	130943	478	1	255	2	20948	3	1.00.0000	1.07.0000	1.07.0000	1.07.0000
10949	傳奇	1	130943	478	1	255	2	20949	3	1.00.0000	1.07.0000	1.07.0000	1.07.0000
10950	傳奇	1	130943	478	1	255	2	20950	3	1.00.0000	1.07.0000	1.07.0000	1.07.0000
10951	傳奇	1	130943	478	1	255	2	20951	3	1.00.0000	1.07.0000	1.07.0000	1.07.0000
10952	傳奇	1	130943	478	1	255	2	20952	3	1.00.0000	1.07.0000	1.07.0000	1.07.0000
10953	傳奇	1	130943	478	1	255	2	20953	3	1.00.0000	1.07.0000	1.07.0000	1.07.0000
10954	傳奇	1	130943	478	1	255	2	20954	3	1.00.0000	1.07.0000	1.07.0000	1.07.0000
10955	傳奇	1	130943	478	1	255	2	20955	3	1.00.0000	1.07.0000	1.07.0000	1.07.0000
10956	傳奇	1	130943	478	1	255	2	20956	3	1.00.0000	1.07.0000	1.07.0000	1.07.0000
10957	傳奇	1	130943	478	1	255	2	20957	3	1.00.0000	1.07.0000	1.07.0000	1.07.0000
10958	傳奇	1	130943	478	1	255	2	20958	3	1.00.0000	1.07.0000	1.07.0000	1.07.0000
10959	傳奇	1	130943	478	1	255	2	20959	3	1.00.0000	1.07.0000	1.07.0000	1.07.0000
10960	傳奇	1	130943	478	1	255	2	20960	3	1.00.0000	1.07.0000	1.07.0000	1.07.0000
10961	傳奇	1	130943	478	1	255	2	20961	3	1.00.0000	1.07.0000	1.07.0000	1.07.0000
10962	傳奇	1	130943	478	1	255	2	20962	3	1.00.0000	1.07.0000	1.07.0000	1.07.0000
10963	傳奇	1	130943	478	1	255	2	20963	3	1.00.0000	1.07.0000	1.07.0000	1.07.0000
10964	傳奇	1	130943	478	1	255	2	20964	3	1.00.0000	1.07.0000	1.07.0000	1.07.0000
10965	傳奇	1	130943	478	1	255	2	20965	3	1.00.0000	1.07.0000	1.07.0000	1.07.0000
10966	傳奇	1	130943	478	1	255	2	20966	3	1.00.0000	1.07.0000	1.07.0000	1.07.0000
10967	傳奇	1	130943	478	1	255	2	20967	3	1.00.0000	1.07.0000	1.07.0000	1.07.0000
10968	傳奇	1	130943	478	1	255	2	20968	3	1.00.0000	1.07.0000	1.07.0000	1.07.0000
10969	傳奇	1	130943	478	1	255	2	20969	3	1.00.0000	1.07.0000	1.07.0000	1.07.0000
10970	傳奇	1	130943	478	1	255	2	20970	3	1.00.0000	1.07.0000	1.07.0000	1.07.0000
10971	傳奇	1	130943	478	1	255	2	20971	3	1.00.0000	1.07.0000	1.07.0000	1.07.0000
10972	傳奇	1	130943	478	1	255	2	20972	3	1.00.0000	1.07.0000	1.07.0000	1.07.0000
10973	傳奇	1	130943	478	1	255	2	20973	3	1.00.0000	1.07.0000	1.07.0000	1.07.0000
10974	傳奇	1	130943	478	1	255	2	20974	3	1.00.0000	1.07.0000	1.07.0000	1.07.0000
10975	傳奇	1	130943	478	1	255	2	20975	3	1.00.0000	1.07.0000	1.07.0000	1.07.0000
10976	傳奇	1	130943	478	1	255	2	20976	3	1.00.0000	1.07.0000	1.07.0000	1.07.0000
10977	傳奇	1	130943	478	1	255	2	20977	3	1.00.0000	1.07.0000	1.07.0000	1.07.0000
10978	傳奇	1	130943	478	1	255	2	20978	3	1.00.0000	1.07.0000	1.07.0000	1.07.0000
10979	傳奇	1	130943	478	1	255	2	20979	3	1.00.0000	1.07.0000	1.07.0000	1.07.0000
10980	傳奇	1	130943	478	1	255	2	20980	3	1.00.0000	1.07.0000	1.07.0000	1.07.0000
10981	傳奇	1	130943	478	1	255	2	20981	3	1.00.0000	1.07.0000	1.07.0000	1.07.0000
10982	傳奇	1	130943	478	1	255	2	20982	3	1.00.0000	1.07.0000	1.07.0000	1.07.0000
10983	傳奇	1	130943	478	1	255	2	20983	3	1.00.0000	1.07.0000	1.07.0000	1.07.0000
10984	傳奇	1	130943	478	1	255	2	20984	3	1.00.0000	1.07.0000	1.07.0000	1.07.0000
10985	傳奇	1	130943	478	1	255	2	20985	3	1.00.0000	1.07.0000	1.07.0000	1.07.0000
10986	傳奇	1	130943	478	1	255	2	20986	3	1.00.0000	1.07.0000	1.07.0000	1.07.0000
10987	傳奇	1	130943	478	1	255	2	20987	3	1.00.0000	1.07.0000	1.07.0000	1.07.0000
10988	傳奇	1	130943	478	1	255	2	20988	3	1.00.0000	1.07.0000	1.07.0000	1.07.0000
10989	傳奇	1	130943	478	1	255	2	20989	3	1.00.0000	1.07.0000	1.07.0000	1.07.0000
10990	傳奇	1	130943	478	1	255	2	20990	3	1.00.0000	1.07.0000	1.07.0000	1.07.0000
10991	傳奇	1	130943	478	1	255	2	20991	3	1.00.0000	1.07.0000	1.07.0000	1.07.0000
10992	傳奇	1	130943	478	1	255	2	20992	3	1.00.0000	1.07.0000	1.07.0000	1.07.0000
10993	傳奇	1	130943	478	1	255	2	20993	3	1.00.0000	1.07.0000	1.07.0000	1.07.0000
10994	傳奇	1	130943	478	1	255	2	20994	3	1.00.0000	1.07.0000	1.07.0000	1.07.0000
10995	傳奇	1	130943	478	1	255	2	20995	3	1.00.0000	1.07.0000	1.07.0000	1.07.0000
10996	傳奇	1	130943	478	1	255	2	20996	3	1.00.0000	1.07.0000	1.07.0000	1.07.0000
10997	傳奇	1	130943	478	1	255	2	20997	3	1.00.0000	1.07.0000	1.07.0000	1.07.0000
10998	傳奇	1	130943	478	1	255	2	20998	3	1.00.0000	1.07.0000	1.07.0000	1.07.0000
10999	傳奇	1	130943	478	1	255	2	20999	3	1.00.0000	1.07.0000	1.07.0000	1.07.0000
11000	傳奇	1	130943	478	1	255	2	21000	3	1.00.0000	1.07.0000	1.07.0000	1.07.0000
11001	傳奇	1	130943	478	1	255	2	21001	3	1.00.0000	1.07.0000	1.07.0000	1.07.0000
11002	傳奇	1	130943	478	1	255	2	21002	3	1.00.0000	1.07.0000	1.07.0000	1.07.0000
11003	傳奇	1	130943	478	1	255	2	21003	3	1.00.0000	1.07.0000	1.07.0000	1.07.0000
11004	傳奇	1	130943	478	1	255	2	21004	3	1.00.0000	1.07.0000	1.07.0000	1.07.0000
11005	傳奇	1	130943	478	1	255	2	21005	3	1.00.0000	1.07.0000	1.07.0000	1.07.0000
11006	傳奇	1	130943	478	1	255	2	21006	3	1.00.0000	1.07.0000	1.07.0000	1.07.0000
11007	傳奇	1	130943	478	1	255	2	21007	3	1.00.0000	1.07.0000	1.07.0000	1.07.0000
11008	傳奇	1	130943	478	1	255	2	21008	3	1.00.0000	1.07.0000	1.07.0000	1.07.0000
11009	傳奇	1	130943	478	1	255	2	21009	3	1.00.0000	1.07.0000	1.07.0000	1.07.0000
11010	傳奇	1	130943	478	1	255	2	21010	3	1.00.0000	1.07.0000	1.07.0000	1.07.0000
11011	傳奇	1	130943	478	1	255	2	21011	3	1.00.0000	1.07.0000	1.07.0000	1.07.0000
11012	傳奇	1	130943	478	1	255	2	21012	3	1.00.0000	1.07.0000	1.07.0000	1.07.0000
11013	傳奇	1	130943	478	1	255	2	21013	3	1.00.0000	1.07.0000	1.07.0000	1.07.0000
11014	傳奇	1	130943	478	1	255	2	21014	3	1.00.0000	1.07.0000	1.07.0000	1.07.0000
11015	傳奇	1	130943	478	1	255	2	21015	3	1.00.0000	1.07.0000	1.07.0000	1.07.0000
11016	傳奇	1	130943	478	1	255	2	21016	3	1.00.0000	1.07.0000	1.07.0000	1.07.0000
11017	傳奇	1	130943	478	1	255	2	21017	3	1.00.0000	1.07.0000	1.07.0000	1.07.0000
11018	傳奇	1	130943	478	1	255	2	21018	3	1.00.0000	1.07.0000	1.07.0000	1.07.0000
11019	傳奇	1	130943	478	1	255	2	21019	3	1.00.0000	1.07.0000	1.07.0000	1.07.0000
11020	傳奇	1	130943	478	1	255	2	21020	3	1.00.0000	1.07.0000	1.07.0000	1.07.0000
11021	傳奇	1	130943	478	1	255	2	21021	3	1.00.0000	1.07.0000	1.07.0000	1.07.0000
11022	傳奇	1	130943	478	1	255	2	21022	3	1.00.0000	1.07.0000	1.07.0000	1.07.0000
11023	傳奇	1	130943	478	1	255	2	21023	3	1.00.0000	1.07.0000	1.07.0000	1.07.0000
11024	傳奇	1	130943	478	1	255	2	21024	3	1.00.0000	1.07.0000	1.07.0000	1.07.0000
11025	傳奇	1	130943	478	1	255	2	21025	3	1.00.0000	1.07.0000	1.07.0000	1.07.0000
11026	傳奇	1	130943	478	1	255	2	21026	3	1.00.0000	1.07.0000	1.07.0000	1.07.0000
11027	傳奇	1	130943	478	1	255	2	21027	3	1.00.0000	1.07.0000	1.07.0000	1.07.0000
11028	傳奇	1	130943	478	1	255	2	21028	3	1.00.0000	1.07.0000	1.07.0000	1.07.0000
11029	傳奇	1	130943	478	1	255	2	21029	3	1.00.0000	1.07.0000	1.07.0000	1.07.0000
11030	傳奇	1	130943	478	1	255	2	21030	3	1.00.0000	1.07.0000	1.07.0000	1.07.0000
11031	傳奇	1	130943	478	1	255	2	21031	3	1.00.0000	1.07.0000	1.07.0000	1.07.0000
11032	傳奇	1	130943	478	1	255	2	21032	3	1.00.0000	1.07.0000	1.07.0000	1.07.0000
11033	傳奇	1	130943	478	1	255	2	21033	3	1.00.0000	1.07.0000	1.07.0000	1.07.0000
11034	傳奇	1	130943	478	1	255	2	21034	3	1.00.0000	1.07.0000	1.07.0000	1.07.0000
11035	傳奇	1	130943	478	1	255	2	21035	3	1.00.0000	1.07.0000	1.07.0000	1.07.0000
11036	傳奇	1	130943	478	1	255	2	21036	3	1.00.0000	1.07.0000	1.07.0000	1.07.0000
11037	傳奇	1	130943	478	1	255	2	21037	3	1.00.0000	1.07.0000	1.07.0000	1.07.0000
11038	傳奇	1	130943	478	1	255	2	21038	3	1.00.0000	1.07.0000	1.07.0000	1.07.0000
11039	傳奇	1	130943	478	1	255	2	21039	3	1.00.0000	1.07.0000	1.07.0000	1.07.0000
11040	傳奇	1	130943	478	1	255	2	21040	3	1.00.0000	1.07.0000	1.07.0000	1.07.0000
11041	傳奇	1	130943	478	1	255	2	21041	3	1.00.0000	1.07.0000	1.07.0000	1.07.0000
11042	傳奇	1	130943	478	1	255	2	21042	3	1.00.0000	1.07.0000	1.07.0000	1.07.0000
11043	傳奇	1	130943	478	1	255	2	21043	3	1.00.0000	1.07.0000	1.07.0000	1.07.0000
11044	傳奇	1	130943	478	1	255	2	21044	3	1.00.0000	1.07.0000	1.07.0000	1.07.0000
11045	傳奇	1	130943	478	1	255	2	21045	3	1.00.0000	1.07.0000	1.07.0000	1.07.0000
11046	傳奇	1	130943	478	1	255	2	21046	3	1.00.0000	1.07.0000	1.07.0000	1.07.0000
11047	傳奇	1	130943	478	1	255	2	21047	3	1.00.0000	1.07.0000	1.07.0000	1.07.0000
11048	傳奇	1	130943	478	1	255	2	21048	3	1.00.0000	1.07.0000	1.07.0000	1.07.0000
11049	傳奇	1	130943	478	1	255	2	21049	3	1.00.0000	1.07.0000	1.07.0000	1.07.0000
11050	傳奇	1	130943	478	1	255	2	21050	3	1.00.0000	1.07.0000	1.07.0000	1.07.0000
11051	傳奇	1	130943	478	1	255	2	21051	3	1.00.0000	1.07.0000	1.07.0000	1.07.0000
11052	傳奇	1	130943	478	1	255	2	21052	3	1.00.0000	1.07.0000	1.07.0000	1.07.0000
11053	傳奇	1	130943	478	1	255	2	21053	3	1.00.0000	1.07.0000	1.07.0000	1.07.0000
11054	傳奇	1	130943	478	1	255	2	21054	3	1.00.0000	1.07.0000	1.07.0000	1.07.0000
11055	傳奇	1	130943	478	1	255	2	21055	3	1.00.0000	1.07.0000	1.07.0000	1.07.0000
11056	傳奇	1	130943	478	1	255	2	21056	3	1.00.0000	1.07.0000	1.07.0000	1.07.0000
11057	傳奇	1	130943	478	1	255	2	21057	3	1.00.0000	1.07.0000	1.07.0000	1.07.0000
11058	傳奇	1	130943	478	1	255	2	21058	3	1.00.0000	1.07.0000	1.07.0000	1.07.0000
11059	傳奇	1	130943	478	1	255	2	21059	3	1.00.0000	1.07.0000	1.07.0000	1.07.0000
11060	傳奇	1	130943	478	1	255	2	21060	3	1.00.0000	1.07.0000	1.07.0000	1.07.0000
11061	傳奇	1	130943	478	1	255	2	21061	3	1.00.0000	1.07.0000	1.07.0000	1.07.0000
11062	傳奇	1	130943	478	1	255	2	21062	3	1.00.0000	1.07.0000	1.07.0000	1.07.0000
11063	傳奇	1	130943	478	1	255	2	21063	3	1.00.0000	1.07.0000	1.07.0000	1.07.0000
11064	傳奇	1	130943	478	1	255	2	21064	3	1.00.0000	1.07.0000	1.07.0000	1.07.0000
11065	傳奇	1	130943	478	1	255	2	21065	3	1.00.0000	1.07.0000	1.07.0000	1.07.0000
11066	傳奇	1	130943	478	1	255	2	21066	3	1.00.0000	1.07.0000	1.07.0000	1.07.0000
11067	傳奇	1	130943	478	1	255	2	21067	3	1.00.0000	1.07.0000	1.07.0000	1.07.0000
11068	傳奇	1	130943	478	1	255	2	21068	3	1.00.0000	1.07.0000	1.07.0000	1.07.0000
11069	傳奇	1	130943	478	1	255	2	21069	3	1.00.0000	1.07.0000	1.07.0000	1.07.0000
11070	傳奇	1	130943	478	1	255	2	21070	3	1.00.0000	1.07.0000	1.07.0000	1.07.0000
11071	傳奇	1	130943	478	1	255	2	21071	3	1.00.0000	1.07.0000	1.07.0000	1.07.0000
11072	傳奇	1	130943	478	1	255	2	21072	3	1.00.0000	1.07.0000	1.07.0000	1.07.0000
11073	傳奇	1	130943	478	1	255	2	21073	3	1.00.0000	1.07.0000	1.07.0000	1.07.0000
11074	傳奇	1	130943	478	1	255	2	21074	3	1.00.0000	1.07.0000	1.07.0000	1.07.0000
11075	傳奇	1	130943	478	1	255	2	21075	3	1.00.0000	1.07.0000	1.07.0000	1.07.0000
11076	傳奇	1	130943	478	1	255	2	21076	3	1.00.0000	1.07.0000	1.07.0000	1.07.0000
11077	傳奇	1	130943	478	1	255	2	21077	3	1.00.0000	1.07.0000	1.07.0000	1.07.0000
11078	傳奇	1	130943	478	1	255	2	21078	3	1.00.0000	1.07.0000	1.07.0000	1.07.0000
11079	傳奇	1	130943	478	1	255	2	21079	3	1.00.0000	1.07.0000	1.07.0000	1.07.0000
11080	傳奇	1	130943	478	1	255	2	21080	3	1.00.0000	1.07.0000	1.07.0000	1.07.0000
11081	傳奇	1	130943	478	1	255	2	21081	3	1.00.0000	1.07.0000	1.07.0000	1.07.0000
11082	傳奇	1	130943	478	1	255	2	21082	3	1.00.0000	1.07.0000	1.07.0000	1.07.0000
11083	傳奇	1	130943	478	1	255	2	21083	3	1.00.0000	1.07.0000	1.07.0000	1.07.0000
11084	傳奇	1	130943	478	1	255	2	21084	3	1.00.0000	1.07.0000	1.07.0000	1.07.0000
11085	傳奇	1	130943	478	1	255	2	21085	3	1.00.0000	1.07.0000	1.07.0000	1.07.0000
11086	傳奇	1	130943	478	1	255	2	21086	3	1.00.0000	1.07.0000	1.07.0000	1.07.0000
11087	傳奇	1	130943	478	1	255	2	21087	3	1.00.0000	1.07.0000	1.07.0000	1.07.0000
11088	傳奇	1	130943	478	1	255	2	21088	3	1.00.0000	1.07.0000	1.07.0000	1.07.0000
11089	傳奇	1	130943	478	1	255	2	21089	3	1.00.0000	1.07.0000	1.07.0000	1.07.0000
11090	傳奇	1	130943	478	1	255	2	21090	3	1.00.0000	1.07.0000	1.07.0000	1.07.0000
11091	傳奇	1	130943	478	1	255	2	21091	3	1.00.0000	1.07.0000	1.07.0000	1.07.0000
11092	傳奇	1	130943	478	1	255	2	21092	3	1.00.0000	1.07.0000	1.07.0000	1.07.0000
11093	傳奇	1	130943	478	1	255	2	21093	3	1.00.0000	1.07.0000	1.07.0000	1.07.0000
11094	傳奇	1	130943	478	1	255	2	21094	3	1.00.0000	1.07.0000	1.07.0000	1.07.0000
11095	傳奇	1	130943	478	1	255	2	21095	3	1.00.0000	1.07.0000	1.07.0000	1.07.0000
11096	傳奇	1	130943	478	1	255	2	21096	3	1.00.0000	1.07.0000	1.07.0000	1.07.0000
11097	傳奇	1	130943	478	1	255	2	21097	3	1.00.0000	1.07.0000	1.07.0000	1.07.0000
11098	傳奇	1	130943	478	1	255	2	21098	3	1.00.0000	1.07.0000	1.07.0000	1.07.0000
11099	傳奇	1	130943	478	1	255	2	21099	3	1.00.0000	1.07.0000	1.07.0000	1.07.0000
11100	傳奇	1	130943	478	1	255	2	21100	3	1.00.0000	1.07.0000	1.07.0000	1.07.0000
11101	傳奇	1	130943	478	1	255	2	21101	3	1.00.0000	1.07.0000	1.07.0000	1.07.0000
11102	傳奇	1	130943	478	1	255	2	21102	3	1.00.0000	1.07.0000	1.07.0000	1.07.0000
11103	傳奇	1	130943	478	1	255	2	21103	3	1.00.0000	1.07.0000	1.07.0000	1.07.0000
11104	傳奇	1	130943	478	1	255	2	21104	3	1.00.0000	1.07.0000	1.07.0000	1.07.0000
11105	傳奇	1	130943	478	1	255	2	21105	3	1.00.0000	1.07.0000	1.07.0000	1.07.0000
11106	傳奇	1	130943	478	1	255	2	21106	3	1.00.0000	1.07.0000	1.07.0000	1.07.0000
11107	傳奇	1	130943	478	1	255	2	21107	3	1.00.0000	1.07.0000	1.07.0000	1.07.0000
11108	傳奇	1	130943	478	1	255	2	21108	3	1.00.0000	1.07.0000	1.07.0000	1.07.0000
11109	傳奇	1	130943	478	1	255	2	21109	3	1.00.0000	1.07.0000	1.07.0000	1.07.0000
11110	傳奇	1	130943	478	1	255	2	21110	3	1.00.0000	1.07.0000	1.07.0000	1.07.0000
11111	傳奇	1	130943	478	1	255	2	21111	3	1.00.0000	1.07.0000	1.07.0000	1.07.0000
11112	傳奇	1	130943	478	1	255	2	21112	3	1.00.0000	1.07.0000	1.07.0000	1.07.0000
11113	傳奇	1	130943	478	1	255	2	21113	3	1.00.0000	1.07.0000	1.07.0000	1.07.0000
11114	傳奇	1	130943	478	1	255	2	21114	3	1.00.0000	1.07.0000	1.07.0000	1.07.0000
11115	傳奇	1	130943	478	1	255	2	21115	3	1.00.0000	1.07.0000	1.07.0000	1.07.0000
11116	傳奇	1	130943	478	1	255	2	21116	3	1.00.0000	1.07.0000	1.07.0000	1.07.0000
11117	傳奇	1	130943	478	1	255	2	21117	3	1.00.0000	1.07.0000	1.07.0000	1.07.0000
11118	傳奇	1	130943	478	1	255	2	21118	3	1.00.0000	1.07.0000	1.07.0000	1.07.0000
11119	傳奇	1	130943	478	1	255	2	21119	3	1.00.0000	1.07.0000	1.07.0000	1.07.0000
11120	傳奇	1	130943	478	1	255	2	21120	3	1.00.0000	1.07.0000	1.07.0000	1.07.0000
11121	傳奇	1	130943	478	1	255	2	21121	3	1.00.0000	1.07.0000	1.07.0000	1.07.0000
11122	傳奇	1	130943	478	1	255	2	21122	3	1.00.0000	1.07.0000	1.07.0000	1.07.0000
11123	傳奇	1	130943	478	1	255	2	21123	3	1.00.0000	1.07.0000	1.07.0000	1.07.0000
11124	傳奇	1	130943	478	1	255	2	21124	3	1.00.0000	1.07.0000	1.07.0000	1.07.0000
11125	傳奇	1	130943	478	1	255	2	21125	3	1.00.0000	1.07.0000	1.07.0000	1.07.0000
11126	傳奇	1	130943	478	1	255	2	21126	3	1.00.0000	1.07.0000	1.07.0000	1.07.0000
11127	傳奇	1	130943	478	1	255	2	21127	3	1.00.0000	1.07.0000	1.07.0000	1.07.0000
11128	傳奇	1	130943	478	1	255	2	21128	3	1.00.0000	1.07.0000	1.07.0000	1.07.0000
11129	傳奇	1	130943	478	1	255	2	21129	3	1.00.0000	1.07.0000	1.07.0000	1.07.0000
11130	傳奇	1	130943	478	1	255	2	21130	3	1.00.0000	1.07.0000	1.07.0000	1.07.0000
11131	傳奇	1	130943	478	1	255	2	21131	3	1.00.0000	1.07.0000	1.07.0000	1.07.0000
11132	傳奇	1	130943	478	1	255	2	21132	3	1.00.0000	1.07.0000	1.07.0000	1.07.0000
11133	傳奇	1	130943	478	1	255	2	21133	3	1.00.0000	1.07.0000	1.07.0000	1.07.0000
11134	傳奇	1	130943	478	1	255	2	21134	3	1.00.0000	1.07.0000	1.07.0000	1.07.0000
11135	傳奇	1	130943	478	1	255	2	21135	3	1.00.0000	1.07.0000	1.07.0000	1.07.0000
11136	傳奇	1	130943	478	1	255	2	21136	3	1.00.0000	1.07.0000	1.07.0000	1.07.0000
11137	傳奇	1	130943	478	1	255	2	21137	3	1.00.0000	1.07.0000	1.07.0000	1.07.0000
11138	傳奇	1	130943	478	1	255	2	21138	3	1.00.0000	1.07.0000	1.07.0000	1.07.0000
11139	傳奇	1	130943	478	1	255	2	21139	3	1.00.0000	1.07.0000	1.07.0000	1.07.0000
11140	傳奇	1	130943	478	1	255	2	21140	3	1.00.0000	1.07.0000	1.07.0000	1.07.0000
11141	傳奇	1	130943	478	1	255	2	21141	3	1.00.0000	1.07.0000	1.07.0000	1.07.0000
11142	傳奇	1	130943	478	1	255	2	21142	3	1.00.0000	1.07.0000	1.07.0000	1.07.0000
11143	傳奇	1	130943	478	1	255	2	21143	3	1.00.0000	1.07.0000	1.07.0000	1.07.0000
11144	傳奇	1	130943	478	1	255	2	21144	3	1.00.0000	1.07.0000	1.07.0000	1.07.0000
11145	傳奇	1	130943	478	1	255	2	21145	3	1.00.0000	1.07.0000	1.07.0000	1.07.0000
11146	傳奇	1	130943	478	1	255	2	21146	3	1.00.0000	1.07.0000	1.07.0000	1.07.0000
11147	傳奇	1	130943	478	1	255	2	21147	3	1.00.0000	1.07.0000	1.07.0000	1.07.0000
11148	傳奇	1	130943	478	1	255	2	21148	3	1.00.0000	1.07.0000	1.07.0000	1.07.0000
11149	傳奇	1	130943	478	1	255	2	21149	3	1.00.0000	1.07.0000	1.07.0000	1.07.0000
11150	傳奇	1	130943	478	1	255	2	21150	3	1.00.0000	1.07.0000	1.07.0000	1.07.0000
11151	傳奇	1	130943	478	1	255	2	21151	3	1.00.0000	1.07.0000	1.07.0000	1.07.0000
11152	傳奇	1	130943	478	1	255	2	21152	3	1.00.0000	1.07.0000	1.07.0000	1.07.0000
11153	傳奇	1	130943	478	1	255	2	21153	3	1.00.0000	1.07.0000	1.07.0000	1.07.0000
11154	傳奇	1	130943	478	1	255	2	21154	3	1.00.0000	1.07.0000	1.07.0000	1.07.0000
11155	傳奇	1	130943	478	1	255	2	21155	3	1.00.0000	1.07.0000	1.07.0000	1.07.0000
11156	傳奇	1	130943	478	1	255	2	21156	3	1.00.0000	1.07.0000	1.07.0000	1.07.0000
11157	傳奇	1	130943	478	1	255	2	21157	3	1.00.0000	1.07.0000	1.07.0000	1.07.0000
11158	傳奇	1	130943	478	1	255	2	21158	3	1.00.0000	1.07.0000	1.07.0000	1.07.0000
11159	傳奇	1	130943	478	1	255	2	21159	3	1.00.0000	1.07.0000	1.07.0000	1.07.0000
11160	傳奇	1	130943	478	1	255	2	21160	3	1.00.0000	1.07.0000	1.07.0000	1.07.0000
11161	傳奇	1	130943	478	1	255	2	21161	3	1.00.0000	1.07.0000	1.07.0000	1.07.0000
11162	傳奇	1	130943	478	1	255	2	21162	3	1.00.0000	1.07.0000	1.07.0000	1.07.0000
11163	傳奇	1	130943	478	1	255	2	21163	3	1.00.0000	1.07.0000	1.07.0000	1.07.0000
11164	傳奇	1	130943	478	1	255	2	21164	3	1.00.0000	1.07.0000	1.07.0000	1.07.0000
11165	傳奇	1	130943	478	1	255	2	21165	3	1.00.0000	1.07.0000	1.07.0000	1.07.0000
11166	傳奇	1	130943	478	1	255	2	21166	3	1.00.0000	1.07.0000	1.07.0000	1.07.0000
11167	傳奇	1	130943	478	1	255	2	21167	3	1.00.0000	1.07.0000	1.07.0000	1.07.0000
11168	傳奇	1	130943	478	1	255	2	21168	3	1.00.0000	1.07.0000	1.07.0000	1.07.0000
11169	傳奇	1	130943	478	1	255	2	21169	3	1.00.0000	1.07.0000	1.07.0000	1.07.0000
11170	傳奇	1	130943	478	1	255	2	21170	3	1.00.0000	1.07.0000	1.07.0000	1.07.0000
11171	傳奇	1	130943	478	1	255	2	21171	3	1.00.0000	1.07.0000	1.07.0000	1.07.0000
11172	傳奇	1	130943	478	1	255	2	21172	3	1.00.0000	1.07.0000	1.07.0000	1.07.0000
11173	傳奇	1	130943	478	1	255	2	21173	3	1.00.0000	1.07.0000	1.07.0000	1.07.0000
11174	傳奇	1	130943	478	1	255	2	21174	3	1.00.0000	1.07.0000	1.07.0000	1.07.0000
11175	傳奇	1	130943	478	1	255	2	21175	3	1.00.0000	1.07.0000	1.07.0000	1.07.0000
11176	傳奇	1	130943	478	1	255	2	21176	3	1.00.0000	1.07.0000	1.07.0000	1.07.0000
11177	傳奇	1	130943	478	1	255	2	21177	3	1.00.0000	1.07.0000	1.07.0000	1.07.0000
11178	傳奇	1	130943	478	1	255	2	21178	3	1.00.0000	1.07.0000	1.07.0000	1.07.0000
11179	傳奇	1	130943	478	1	255	2	21179	3	1.00.0000	1.07.0000	1.07.0000	1.07.0000
11180	傳奇	1	130943	478	1	255	2	21180	3	1.00.0000	1.07.0000	1.07.0000	1.07.0000
11181	傳奇	1	130943	478	1	255	2	21181	3	1.00.0000	1.07.0000	1.07.0000	1.07.0000
11182	傳奇	1	130943	478	1	255	2	21182	3	1.00.0000	1.07.0000	1.07.0000	1.07.0000
11183	傳奇	1	130943	478	1	255	2	21183	3	1.00.0000	1.07.0000	1.07.0000	1.07.0000
11184	傳奇	1	130943	478	1	255	2	21184	3	1.00.0000	1.07.0000	1.07.0000	1.07.0000
11185	傳奇	1	130943	478	1	255	2	21185	3	1.00.0000	1.07.0000	1.07.0000	1.07.0000
11186	傳奇	1	130943	478	1	255	2	21186	3	1.00.0000	1.07.0000	1.07.0000	1.07.0000
11187	傳奇	1	130943	478	1	255	2	21187	3	1.00.0000	1.07.0000	1.07.0000	1.07.0000
11188	傳奇	1	130943	478	1	255	2	21188	3	1.00.0000	1.07.0000	1.07.0000	1.07.0000
11189	傳奇	1	130943	478	1	255	2	21189	3	1.00.0000	1.07.0000	1.07.0000	1.07.0000
11190	傳奇	1	130943	478	1	255	2	21190	3	1.00.0000	1.07.0000	1.07.0000	1.07.0000
11191	傳奇	1	130943	478	1	255	2	21191	3	1.00.0000	1.07.0000	1.07.0000	1.07.0000
11192	傳奇	1	130943	478	1	255	2	21192	3	1.00.0000	1.07.0000	1.07.0000	1.07.0000
11193	傳奇	1	130943	478	1	255	2	21193	3	1.00.0000	1.07.0000	1.07.0000	1.07.0000
11194	傳奇	1	130943	478	1	255	2	21194	3	1.00.0000	1.07.0000	1.07.0000	1.07.0000
11195	傳奇	1	130943	478	1	255	2	21195	3	1.00.0000	1.07.0000	1.07.0000	1.07.0000
11196	傳奇	1	130943	478	1	255	2	21196	3	1.00.0000	1.07.0000	1.07.0000	1.07.0000
11197	傳奇	1	130943	478	1	255	2	21197	3	1.00.0000	1.07.0000	1.07.0000	1.07.0000
11198	傳奇	1	130943	478	1	255	2	21198	3	1.00.0000	1.07.0000	1.07.0000	1.07.0000
11199	傳奇	1	130943	478	1	255	2	21199	3	1.00.0000	1.07.0000	1.07.0000	1.07.0000
11200	傳奇	1	130943	478	1	255	2	21200	3	1.00.0000	1.07.0000	1.07.0000	1.07.0000
11201	傳奇	1	130943	478	1	255	2	21201	3	1.00.0000	1.07.0000	1.07.0000	1.07.0000
11202	傳奇	1	130943	478	1	255	2	21202	3	1.00.0000	1.07.0000	1.07.0000	1.07.0000
11203	傳奇	1	130943	478	1	255	2	21203	3	1.00.0000	1.07.0000	1.07.0000	1.07.0000
11204	傳奇	1	130943	478	1	255	2	21204	3	1.00.0000	1.07.0000	1.07.0000	1.07.0000
11205	傳奇	1	130943	478	1	255	2	21205	3	1.00.0000	1.07.0000	1.07.0000	1.07.0000
11206	傳奇	1	130943	478	1	255	2	21206	3	1.00.0000	1.07.0000	1.07.0000	1.07.0000
11207	傳奇	1	130943	478	1	255	2	21207	3	1.00.0000	1.07.0000	1.07.0000	1.07.0000
11208	傳奇	1	130943	478	1	255	2	21208	3	1.00.0000	1.07.0000	1.07.0000	1.07.0000
11209	傳奇	1	130943	478	1	255	2	21209	3	1.00.0000	1.07.0000	1.07.0000	1.07.0000
11210	傳奇	1	130943	478	1	255	2	21210	3	1.00.0000	1.07.0000	1.07.0000	1.07.0000
11211	傳奇	1	130943	478	1	255	2	21211	3	1.00.0000	1.07.0000	1.07.0000	1.07.0000
11212	傳奇	1	130943	478	1	255	2	21212	3	1.00.0000	1.07.0000	1.07.0000	1.07.0000
11213	傳奇	1	130943	478	1	255	2	21213	3	1.00.0000	1.07.0000	1.07.0000	1.07.0000
11214	傳奇	1	130943	478	1	255	2	21214	3	1.00.0000	1.07.0000	1.07.0000	1.07.0000
11215	傳奇	1	130943	478	1	255	2	21215	3	1.00.0000	1.07.0000	1.07.0000	1.07.0000
11216	傳奇	1	130943	478	1	255	2	21216	3	1.00.0000	1.07.0000	1.07.0000	1.07.0000
11217	傳奇	1	130943	478	1	255	2	21217	3	1.00.0000	1.07.0000	1.07.0000	1.07.0000
11218	傳奇	1	130943	478	1	255	2	21218	3	1.00.0000	1.07.0000	1.07.0000	1.07.0000
11219	傳奇	1	130943	478	1	255	2	21219	3	1.00.0000	1.07.0000	1.07.0000	1.07.0000
11220	傳奇	1	130943	478	1	255	2	21220	3	1.00.0000	1.07.0000	1.07.0000	1.07.0000
11221	傳奇	1	130943	478	1	255	2	21221	3	1.00.0000	1.07.0000	1.07.0000	1.07.0000
11222	傳奇	1	130943	478	1	255	2	21222	3	1.00.0000	1.07.0000	1.07.0000	1.07.0000
11223	傳奇	1	130943	478	1	255	2	21223	3	1.00.0000	1.07.0000	1.07.0000	1.07.0000
11224	傳奇	1	130943	478	1	255	2	21224	3	1.00.0000	1.07.0000	1.07.0000	1.07.0000
11225	傳奇	1	130943	478	1	255	2	21225	3	1.00.0000	1.07.0000	1.07.0000	1.07.0000
11226	傳奇	1	130943	478	1	255	2	21226	3	1.00.0000	1.07.0000	1.07.0000	1.07.0000
11227	傳奇	1	130943	478	1	255	2	21227	3	1.00.0000	1.07.0000	1.07.0000	1.07.0000
11228	傳奇	1	130943	478	1	255	2	21228	3	1.00.0000	1.07.0000	1.07.0000	1.07.0000
11229	傳奇	1	130943	478	1	255	2	21229	3	1.00.0000	1.07.0000	1.07.0000	1.07.0000
11230	傳奇	1	130943	478	1	255	2	21230	3	1.00.0000	1.07.0000	1.07.0000	1.07.0000
11231	傳奇	1	130943	478	1	255	2	21231	3	1.00.0000	1.07.0000	1.07.0000	1.07.0000
11232	傳奇	1	130943	478	1	255	2	21232	3	1.00.0000	1.07.0000	1.07.0000	1.07.0000
11233	傳奇	1	130943	478	1	255	2	21233	3	1.00.0000	1.07.0000	1.07.0000	1.07.0000
11234	傳奇	1	130943	478	1	255	2	21234	3	1.00.0000	1.07.0000	1.07.0000	1.07.0000
11235	傳奇	1	130943	478	1	255	2	21235	3	1.00.0000	1.07.0000	1.07.0000	1.07.0000
11236	傳奇	1	130943	478	1	255	2	21236	3	1.00.0000	1.07.0000	1.07.0000	1.07.0000
11237	傳奇	1	130943	478	1	255	2	21237	3	1.00.0000	1.07.0000	1.07.0000	1.07.0000
11238	傳奇	1	130943	478	1	255	2	21238	3	1.00.0000	1.07.0000	1.07.0000	1.07.0000
11239	傳奇	1	130943	478	1	255	2	21239	3	1.00.0000	1.07.0000	1.07.0000	1.07.0000
11240	傳奇	1	130943	478	1	255	2	21240	3	1.00.0000	1.07.0000	1.07.0000	1.07.0000
11241	傳奇	1	130943	478	1	255	2	21241	3	1.00.0000	1.07.0000	1.07.0000	1.07.0000
11242	傳奇	1	130943	478	1	255	2	21242	3	1.00.0000	1.07.0000	1.07.0000	1.07.0000
11243	傳奇	1	130943	478	1	255	2	21243	3	1.00.0000	1.07.0000	1.07.0000	1.07.0000
11244	傳奇	1	130943	478	1	255	2	21244	3	1.00.0000	1.07.0000	1.07.0000	1.07.0000
11245	傳奇	1	130943	478	1	255	2	21245	3	1.00.0000	1.07.0000	1.07.0000	1.07.0000
11246	傳奇	1	130943	478	1	255	2	21246	3	1.00.0000	1.07.0000	1.07.0000	1.07.0000
11247	傳奇	1	130943	478	1	255	2	21247	3	1.00.0000	1.07.0000	1.07.0000	1.07.0000
11248	傳奇	1	130943	478	1	255	2	21248	3	1.00.0000	1.07.0000	1.07.0000	1.07.0000
11249	傳奇	1	130943	478	1	255	2	21249	3	1.00.0000	1.07.0000	1.07.0000	1.07.0000
11250	傳奇	1	130943	478	1	255	2	21250	3	1.00.0000	1.07.0000	1.07.0000	1.07.0000
11251	傳奇	1	130943	478	1	255	2	21251	3	1.00.0000	1.07.0000	1.07.0000	1.07.0000
11252	傳奇	1	130943	478	1	255	2	21252	3	1.00.0000	1.07.0000	1.07.0000	1.07.0000
11253	傳奇	1	130943	478	1	255	2	21253	3	1.00.0000	1.07.0000	1.07.0000	1.07.0000
11254	傳奇	1	130943	478	1	255	2	21254	3	1.00.0000	1.07.0000	1.07.0000	1.07.0000
11255	傳奇	1	130943	478	1	255	2	21255	3	1.00.0000	1.07.0000	1.07.0000	1.07.0000
11256	傳奇	1	130943	478	1	255	2	21256	3	1.00.0000	1.07.0000	1.07.0000	1.07.0000
11257	傳奇	1	130943	478	1	255	2	21257	3	1.00.0000	1.07.0000	1.07.0000	1.07.0000
11258	傳奇	1	130943	478	1	255	2	21258	3	1.00.0000	1.07.0000	1.07.0000	1.07.0000
11259	傳奇	1	130943	478	1	255	2	21259	3	1.00.0000	1.07.0000	1.07.0000	1.07.0000
11260	傳奇	1	130943	478	1	255	2	21260	3	1.00.0000	1.07.0000	1.07.0000	1.07.0000
11261	傳奇	1	130943	478	1	255	2	21261	3	1.00.0000	1.07.0000	1.07.0000	1.07.0000
11262	傳奇	1	130943	478	1	255	2	21262	3	1.00.0000	1.07.0000	1.07.0000	1.07.0000
11263	傳奇	1	130943	478	1	255	2	21263	3	1.00.0000	1.07.0000	1.07.0000	1.07.0000
11264	傳奇	1	130943	478	1	255	2	21264	3	1.00.0000	1.07.0000	1.07.0000	1.07.0000
11265	傳奇	1	130943	478	1	255	2	21265	3	1.00.0000	1.07.0000	1.07.0000	1.07.0000
11266	傳奇	1	130943	478	1	255	2	21266	3	1.00.0000	1.07.0000	1.07.0000	1.07.0000
11267	傳奇	1	130943	478	1	255	2	21267	3	1.00.0000	1.07.0000	1.07.0000	1.07.0000
11268	傳奇	1	130943	478	1	255	2	21268	3	1.00.0000	1.07.0000	1.07.0000	1.07.0000
11269	傳奇	1	130943	478	1	255	2	21269	3	1.00.0000	1.07.0000	1.07.0000	1.07.0000
11270	傳奇	1	130943	478	1	255	2	21270	3	1.00.0000	1.07.0000	1.07.0000	1.07.0000
11271	傳奇	1	130943	478	1	255	2	21271	3	1.00.0000	1.07.0000	1.07.0000	1.07.0000
11272	傳奇	1	130943	478	1	255	2	21272	3	1.00.0000	1.07.0000	1.07.0000	1.07.0000
11273	傳奇	1	130943	478	1	255	2	21273	3	1.00.0000	1.07.0000	1.07.0000	1.07.0000
11274	傳奇	1	130943	478	1	255	2	21274	3	1.00.0000	1.07.0000	1.07.0000	1.07.0000
11275	傳奇	1	130943	478	1	255	2	21275	3	1.00.0000	1.07.0000	1.07.0000	1.07.0000
11276	傳奇	1	130943	478	1	255	2	21276	3	1.00.0000	1.07.0000	1.07.0000	1.07.0000
11277	傳奇	1	130943	478	1	255	2	21277	3	1.00.0000	1.07.0000	1.07.0000	1.07.0000
11278	傳奇	1	130943	478	1	255	2	21278	3	1.00.0000	1.07.0000	1.07.0000	1.07.0000
11279	傳奇	1	130943	478	1	255	2	21279	3	1.00.0000	1.07.0000	1.07.0000	1.07.0000
11280	傳奇	1	130943	478	1	255	2	21280	3	1.00.0000	1.07.0000	1.07.0000	1.07.0000
11281	傳奇	1	130943	478	1	255	2	21281	3	1.00.0000	1.07.0000	1.07.0000	1.07.0000
11282	傳奇	1	130943	478	1	255	2	21282	3	1.00.0000	1.07.0000	1.07.0000	1.07.0000
11283	傳奇	1	130943	478	1	255	2	21283	3	1.00.0000	1.07.0000	1.07.0000	1.07.0000
11284	傳奇	1	130943	478	1	255	2	21284	3	1.00.0000	1.07.0000	1.07.0000	1.07.0000
11285	傳奇	1	130943	478	1	255	2	21285	3	1.00.0000	1.07.0000	1.07.0000	1.07.0000
11286	傳奇	1	130943	478	1	255	2	21286	3	1.00.0000	1.07.0000	1.07.0000	1.07.0000
11287	傳奇	1	130943	478	1	255	2	21287	3	1.00.0000	1.07.0000	1.07.0000	1.07.0000
11288	傳奇	1	130943	478	1	255	2	21288	3	1.00.0000	1.07.0000	1.07.0000	1.07.0000
11289	傳奇	1	130943	478	1	255	2	21289	3	1.00.0000	1.07.0000	1.07.0000	1.07.0000
11290	傳奇	1	130943	478	1	255	2	21290	3	1.00.0000	1.07.0000	1.07.0000	1.07.0000
11291	傳奇	1	130943	478	1	255	2	21291	3	1.00.0000	1.07.0000	1.07.0000	1.07.0000
11292	傳奇	1	130943	478	1	255	2	21292	3	1.00.0000	1.07.0000	1.07.0000	1.07.0000
11293	傳奇	1	130943	478	1	255	2	21293	3	1.00.0000	1.07.0000	1.07.0000	1.07.0000
11294	傳奇	1	130943	478	1	255	2	21294	3	1.00.0000	1.07.0000	1.07.0000	1.07.0000
11295	傳奇	1	130943	478	1	255	2	21295	3	1.00.0000	1.07.0000	1.07.0000	1.07.0000
11296	傳奇	1	130943	478	1	255	2	21296	3	1.00.0000	1.07.0000	1.07.0000	1.07.0000
11297	傳奇	1	130943	478	1	255	2	21297	3	1.00.0000	1.07.0000	1.07.0000	1.07.0000
11298	傳奇	1	130943	478	1	255	2	21298	3	1.00.0000	1.07.0000	1.07.0000	1.07.0000
11299	傳奇	1	130943	478	1	255	2	21299	3	1.00.0000	1.07.0000	1.07.0000	1.07.0000
11300	傳奇	1	130943	478	1	255	2	21300	3	1.00.0000	1.07.0000	1.07.0000	1.07.0000
11301	傳奇	1	130943	478	1	255	2	21301	3	1.00.0000	1.07.0000	1.07.0000	1.07.0000
11302	傳奇	1	130943	478	1	255	2	21302	3	1.00.0000	1.07.0000	1.07.0000	1.07.0000
11303	傳奇	1	130943	478	1	255	2	21303	3	1.00.0000	1.07.0000	1.07.0000	1.07.0000
11304	傳奇	1	130943	478	1	255	2	21304	3	1.00.0000	1.07.0000	1.07.0000	1.07.0000
11305	傳奇	1	130943	478	1	255	2	21305	3	1.00.0000	1.07.0000	1.07.0000	1.07.0000
11306	傳奇	1	130943	478	1	255	2	21306	3	1.00.0000	1.07.0000	1.07.0000	1.07.0000
11307	傳奇	1	130943	478	1	255	2	21307	3	1.00.0000	1.07.0000	1.07.0000	1.07.0000
11308	傳奇	1	130943	478	1	255	2	21308	3	1.00.0000	1.07.0000	1.07.0000	1.07.0000
11309	傳奇	1	130943	478	1	255	2	21309	3	1.00.0000	1.07.0000	1.07.0000	1.07.0000
11310	傳奇	1	130943	478	1	255	2	21310	3	1.00.0000	1.07.0000	1.07.0000	1.07.0000
11311	傳奇	1	130943	478	1	255	2	21311	3	1.00.0000	1.07.0000	1.07.0000	1.07.0000
11312	傳奇	1	130943	478	1	255	2	21312	3	1.00.0000	1.07.0000	1.07.0000	1.07.0000
11313	傳奇	1	130943	478	1	255	2	21313	3	1.00.0000	1.07.0000	1.07.0000	1.07.0000
11314	傳奇	1	130943	478	1	255	2	21314	3	1.00.0000	1.07.0000	1.07.0000	1.07.0000
11315	傳奇	1	130943	478	1	255	2	21315	3	1.00.0000	1.07.0000	1.07.0000	1.07.0000
11316	傳奇	1	130943	478	1	255	2	21316	3	1.00.0000	1.07.0000	1.07.0000	1.07.0000
11317	傳奇	1	130943	478	1	255	2	21317	3	1.00.0000	1.07.0000	1.07.0000	1.07.0000
11318	傳奇	1	130943	478	1	255	2	21318	3	1.00.0000	1.07.0000	1.07.0000	1.07.0000
11319	傳奇	1	130943	478	1	255	2	21319	3	1.00.0000	1.07.0000	1.07.0000	1.07.0000
11320	傳奇	1	130943	478	1	255	2	21320	3	1.00.0000	1.07.0000	1.07.0000	1.07.0000
11321	傳奇	1	130943	478	1	255	2	21321	3	1.00.0000	1.07.0000	1.07.0000	1.07.0000
11322	傳奇	1	130943	478	1	255	2	21322	3	1.00.0000	1.07.0000	1.07.0000	1.07.0000
11323	傳奇	1	130943	478	1	255	2	21323	3	1.00.0000	1.07.0000	1.07.0000	1.07.0000
11324	傳奇	1	130943	478	1	255	2	21324	3	1.00.0000	1.07.0000	1.07.0000	1.07.0000
11325	傳奇	1	130943	478	1	255	2	21325	3	1.00.0000	1.07.0000	1.07.0000	1.07.0000
11326	傳奇	1	130943	478	1	255	2	21326	3	1.00.0000	1.07.0000	1.07.0000	1.07.0000
11327	傳奇	1	130943	478	1	255	2	21327	3	1.00.0000	1.07.0000	1.07.0000	1.07.0000
11328	傳奇	1	130943	478	1	255	2	21328	3	1.00.0000	1.07.0000	1.07.0000	1.07.0000
11329	傳奇	1	130943	478	1	255	2	21329	3	1.00.0000	1.07.0000	1.07.0000	1.07.0000
11330	傳奇	1	130943	478	1	255	2	21330	3	1.00.0000	1.07.0000	1.07.0000	1.07.0000
11331	傳奇	1	130943	478	1	255	2	21331	3	1.00.0000	1.07.0000	1.07.0000	1.07.0000
11332	傳奇	1	130943	478	1	255	2	21332	3	1.00.0000	1.07.0000	1.07.0000	1.07.0000
11333	傳奇	1	130943	478	1	255	2	21333	3	1.00.0000	1.07.0000	1.07.0000	1.07.0000
11334	傳奇	1	130943	478	1	255	2	21334	3	1.00.0000	1.07.0000	1.07.0000	1.07.0000
11335	傳奇	1	130943	478	1	255	2	21335	3	1.00.0000	1.07.0000	1.07.0000	1.07.0000
11336	傳奇	1	130943	478	1	255	2	21336	3	1.00.0000	1.07.0000	1.07.0000	1.07.0000
11337	傳奇	1	130943	478	1	255	2	21337	3	1.00.0000	1.07.0000	1.07.0000	1.07.0000
11338	傳奇	1	130943	478	1	255	2	21338	3	1.00.0000	1.07.0000	1.07.0000	1.07.0000
11339	傳奇	1	130943	478	1	255	2	21339	3	1.00.0000	1.07.0000	1.07.0000	1.07.0000
11340	傳奇	1	130943	478	1	255	2	21340	3	1.00.0000	1.07.0000	1.07.0000	1.07.0000
11341	傳奇	1	130943	478	1	255	2	21341	3	1.00.0000	1.07.0000	1.07.0000	1.07.0000
11342	傳奇	1	130943	478	1	255	2	21342	3	1.00.0000	1.07.0000	1.07.0000	1.07.0000
11343	傳奇	1	130943	478	1	255	2	21343	3	1.00.0000	1.07.0000	1.07.0000	1.07.0000
11344	傳奇	1	130943	478	1	255	2	21344	3	1.00.0000	1.07.0000	1.07.0000	1.07.0000
11345	傳奇	1	130943	478	1	255	2	21345	3	1.00.0000	1.07.0000	1.07.0000	1.07.0000
11346	傳奇	1	130943	478	1	255	2	21346	3	1.00.0000	1.07.0000	1.07.0000	1.07.0000
11347	傳奇	1	130943	478	1	255	2	21347	3	1.00.0000	1.07.0000	1.07.0000	1.07.0000
11348	傳奇	1	130943	478	1	255	2	21348	3	1.00.0000	1.07.0000	1.07.0000	1.07.0000
11349	傳奇	1	130943	478	1	255	2	21349	3	1.00.0000	1.07.0000	1.07.0000	1.07.0000
11350	傳奇	1	130943	478	1	255	2	21350	3	1.00.0000	1.07.0000	1.07.0000	1.07.0000
11351	傳奇	1	130943	478	1	255	2	21351	3	1.00.0000	1.07.0000	1.07.0000	1.07.0000
11352	傳奇	1	130943	478	1	255	2	21352	3	1.00.0000	1.07.0000	1.07.0000	1.07.0000
11353	傳奇	1	130943	478	1	255	2	21353	3	1.00.0000	1.07.0000	1.07.0000	1.07.0000
11354	傳奇	1	130943	478	1	255	2	21354	3	1.00.0000	1.07.0000	1.07.0000	1.07.0000
11355	傳奇	1	130943	478	1	255	2	21355	3	1.00.0000	1.07.0000	1.07.0000	1.07.0000
11356	傳奇	1	130943	478	1	255	2	21356	3	1.00.0000	1.07.0000	1.07.0000	1.07.0000
11357	傳奇	1	130943	478	1	255	2	21357	3	1.00.0000	1.07.0000	1.07.0000	1.07.0000
11358	傳奇	1	130943	478	1	255	2	21358	3	1.00.0000	1.07.0000	1.07.0000	1.07.0000
11359	傳奇	1	130943	478	1	255	2	21359	3	1.00.0000	1.07.0000	1.07.0000	1.07.0000
11360	傳奇	1	130943	478	1	255	2	21360	3	1.00.0000	1.07.0000	1.07.0000	1.07.0000
11361	傳奇	1	130943	478	1	255	2	21361	3	1.00.0000	1.07.0000	1.07.0000	1.07.0000
11362	傳奇	1	130943	478	1	255	2	21362	3	1.00.0000	1.07.0000	1.07.0000	1.07.0000
11363	傳奇	1	130943	478	1	255	2	21363	3	1.00.0000	1.07.0000	1.07.0000	1.07.0000
11364	傳奇	1	130943	478	1	255	2	21364	3	1.00.0000	1.07.0000	1.07.0000	1.07.0000
11365	傳奇	1	130943	478	1	255	2	21365	3	1.00.0000	1.07.0000	1.07.0000	1.07.0000
11366	傳奇	1	130943	478	1	255	2	21366	3	1.00.0000	1.07.0000	1.07.0000	1.07.0000
11367	傳奇	1	130943	478	1	255	2	21367	3	1.00.0000	1.07.0000	1.07.0000	1.07.0000
11368	傳奇	1	130943	478	1	255	2	21368	3	1.00.0000	1.07.0000	1.07.0000	1.07.0000
11369	傳奇	1	130943	478	1	255	2	21369	3	1.00.0000	1.07.0000	1.07.0000	1.07.0000
11370	傳奇	1	130943	478	1	255	2	21370	3	1.00.0000	1.07.0000	1.07.0000	1.07.0000
11371	傳奇	1	130943	478	1	255	2	21371	3	1.00.0000	1.07.0000	1.07.0000	1.07.0000
11372	傳奇	1	130943	478	1	255	2	21372	3	1.00.0000	1.07.0000	1.07.0000	1.07.0000
11373	傳奇	1	130943	478	1	255	2	21373	3	1.00.0000	1.07.0000	1.07.0000	1.07.0000
11374	傳奇	1	130943	478	1	255	2	21374	3	1.00.0000	1.07.0000	1.07.0000	1.07.0000
11375	傳奇	1	130943	478	1	255	2	21375	3	1.00.0000	1.07.0000	1.07.0000	1.07.0000
11376	傳奇	1	130943	478	1	255	2	21376	3	1.00.0000	1.07.0000	1.07.0000	1.07.0000
11377	傳奇	1	130943	478	1	255	2	21377	3	1.00.0000	1.07.0000	1.07.0000	1.07.0000
11378	傳奇	1	130943	478	1	255	2	21378	3	1.00.0000	1.07.0000	1.07.0000	1.07.0000
11379	傳奇	1	130943	478	1	255	2	21379	3	1.00.0000	1.07.0000	1.07.0000	1.07.0000
11380	傳奇	1	130943	478	1	255	2	21380	3	1.00.0000	1.07.0000	1.07.0000	1.07.0000
11381	傳奇	1	130943	478	1	255	2	21381	3	1.00.0000	1.07.0000	1.07.0000	1.07.0000
11382	傳奇	1	130943	478	1	255	2	21382	3	1.00.0000	1.07.0000	1.07.0000	1.07.0000
11383	傳奇	1	130943	478	1	255	2	21383	3	1.00.0000	1.07.0000	1.07.0000	1.07.0000
11384	傳奇	1	130943	478	1	255	2	21384	3	1.00.0000	1.07.0000	1.07.0000	1.07.0000
11385	傳奇	1	130943	478	1	255	2	21385	3	1.00.0000	1.07.0000	1.07.0000	1.07.0000
11386	傳奇	1	130943	478	1	255	2	21386	3	1.00.0000	1.07.0000	1.07.0000	1.07.0000
11387	傳奇	1	130943	478	1	255	2	21387	3	1.00.0000	1.07.0000	1.07.0000	1.07.0000
11388	傳奇	1	130943	478	1	255	2	21388	3	1.00.0000	1.07.0000	1.07.0000	1.07.0000
11389	傳奇	1	130943	478	1	255	2	21389	3	1.00.0000	1.07.0000	1.07.0000	1.07.0000
11390	傳奇	1	130943	478	1	255	2	21390	3	1.00.0000	1.07.0000	1.07.0000	1.07.0000
11391	傳奇	1	130943	478	1	255	2	21391	3	1.00.0000	1.07.0000	1.07.0000	1.07.0000
11392	傳奇	1	130943	478	1	255	2	21392	3	1.00.0000	1.07.0000	1.07.0000	1.07.0000
11393	傳奇	1	130943	478	1	255	2	21393	3	1.00.0000	1.07.0000	1.07.0000	1.07.0000
11394	傳奇	1	130943	478	1	255	2	21394	3	1.00.0000	1.07.0000	1.07.0000	1.07.0000
11395	傳奇	1	130943	478	1	255	2	21395	3	1.00.0000	1.07.0000	1.07.0000	1.07.0000
11396	傳奇	1	130943	478	1	255	2	21396	3	1.00.0000	1.07.0000	1.07.0000	1.07.0000
11397	傳奇	1	130943	478	1	255	2	21397	3	1.00.0000	1.07.0000	1.07.0000	1.07.0000
11398	傳奇	1	130943	478	1	255	2	21398	3	1.00.0000	1.07.0000	1.07.0000	1.07.0000
11399	傳奇	1	130943	478	1	255	2	21399	3	1.00.0000	1.07.0000	1.07.0000	1.07.0000
11400	傳奇	1	130943	478	1	255	2	21400	3	1.00.0000	1.07.0000	1.07.0000	1.07.0000
11401	傳奇	1	130943	478	1	255	2	21401	3	1.00.0000	1.07.0000	1.07.0000	1.07.0000
11402	傳奇	1	130943	478	1	255	2	21402	3	1.00.0000	1.07.0000	1.07.0000	1.07.0000
11403	傳奇	1	130943	478	1	255	2	21403	3	1.00.0000	1.07.0000	1.07.0000	1.07.0000
11404	傳奇	1	130943	478	1	255	2	21404	3	1.00.0000	1.07.0000	1.07.0000	1.07.0000
11405	傳奇	1	130943	478	1	255	2	21405	3	1.00.0000	1.07.0000	1.07.0000	1.07.0000
11406	傳奇	1	130943	478	1	255	2	21406	3	1.00.0000	1.07.0000	1.07.0000	1.07.0000
11407	傳奇	1	130943	478	1	255	2	21407	3	1.00.0000	1.07.0000	1.07.0000	1.07.0000
11408	傳奇	1	130943	478	1	255	2	21408	3	1.00.0000	1.07.0000	1.07.0000	1.07.0000
11409	傳奇	1	130943	478	1	255	2	21409	3	1.00.0000	1.07.0000	1.07.0000	1.07.0000
11410	傳奇	1	130943	478	1	255	2	21410	3	1.00.0000	1.07.0000	1.07.0000	1.07.0000
11411	傳奇	1	130943	478	1	255	2	21411	3	1.00.0000	1.07.0000	1.07.0000	1.07.0000
11412	傳奇	1	130943	478	1	255	2	21412	3	1.00.0000	1.07.0000	1.07.0000	1.07.0000
11413	傳奇	1	130943	478	1	255	2	21413	3	1.00.0000	1.07.0000	1.07.0000	1.07.0000
11414	傳奇	1	130943	478	1	255	2	21414	3	1.00.0000	1.07.0000	1.07.0000	1.07.0000
11415	傳奇	1	130943	478	1	255	2	21415	3	1.00.0000	1.07.0000	1.07.0000	1.07.0000
11416	傳奇	1	130943	478	1	255	2	21416	3	1.00.0000	1.07.0000	1.07.0000	1.07.0000
11417	傳奇	1	130943	478	1	255	2	21417	3	1.00.0000	1.07.0000	1.07.0000	1.07.0000
11418	傳奇	1	130943	478	1	255	2	21418	3	1.00.0000	1.07.0000	1.07.0000	1.07.0000
11419	傳奇	1	130943	478	1	255	2	21419	3	1.00.0000	1.07.0000	1.07.0000	1.07.0000
11420	傳奇	1	130943	478	1	255	2	21420	3	1.00.0000	1.07.0000	1.07.0000	1.07.0000
11421	傳奇	1	130943	478	1	255	2	21421	3	1.00.0000	1.07.0000	1.07.0000	1.07.0000
11422	傳奇	1	130943	478	1	255	2	21422	3	1.00.0000	1.07.0000	1.07.0000	1.07.0000
11423	傳奇	1	130943	478	1	255	2	21423	3	1.00.0000	1.07.0000	1.07.0000	1.07.0000
11424	傳奇	1	130943	478	1	255	2	21424	3	1.00.0000	1.07.0000	1.07.0000	1.07.0000
11425	傳奇	1	130943	478	1	255	2	21425	3	1.00.0000	1.07.0000	1.07.0000	1.07.0000
11426	傳奇	1	130943	478	1	255	2	21426	3	1.00.0000	1.07.0000	1.07.0000	1.07.0000
11427	傳奇	1	130943	478	1	255	2	21427	3	1.00.0000	1.07.0000	1.07.0000	1.07.0000
11428	傳奇	1	130943	478	1	255	2	21428	3	1.00.0000	1.07.0000	1.07.0000	1.07.0000
11429	傳奇	1	130943	478	1	255	2	21429	3	1.00.0000	1.07.0000	1.07.0000	1.07.0000
11430	傳奇	1	130943	478	1	255	2	21430	3	1.00.0000	1.07.0000	1.07.0000	1.07.0000
11431	傳奇	1	130943	478	1	255	2	21431	3	1.00.0000	1.07.0000	1.07.0000	1.07.0000
11432	傳奇	1	130943	478	1	255	2	21432	3	1.00.0000	1.07.0000	1.07.0000	1.07.0000
11433	傳奇	1	130943	478	1	255	2	21433	3	1.00.0000	1.07.0000	1.07.0000	1.07.0000
11434	傳奇	1	130943	478	1	255	2	21434	3	1.00.0000	1.07.0000	1.07.0000	1.07.0000
11435	傳奇	1	130943	478	1	255	2	21435	3	1.00.0000	1.07.0000	1.07.0000	1.07.0000
11436	傳奇	1	130943	478	1	255	2	21436	3	1.00.0000	1.07.0000	1.07.0000	1.07.0000
11437	傳奇	1	130943	478	1	255	2	21437	3	1.00.0000	1.07.0000	1.07.0000	1.07.0000
11438	傳奇	1	130943	478	1	255	2	21438	3	1.00.0000	1.07.0000	1.07.0000	1.07.0000
11439	傳奇	1	130943	478	1	255	2	21439	3	1.00.0000	1.07.0000	1.07.0000	1.07.0000
11440	傳奇	1	130943	478	1	255	2	21440	3	1.00.0000	1.07.0000	1.07.0000	1.07.0000
11441	傳奇	1	130943	478	1	255	2	21441	3	1.00.0000	1.07.0000	1.07.0000	1.07.0000
11442	傳奇	1	130943	478	1	255	2	21442	3	1.00.0000	1.07.0000	1.07.0000	1.07.0000
11443	傳奇	1	130943	478	1	255	2	21443	3	1.00.0000	1.07.0000	1.07.0000	1.07.0000
11444	傳奇	1	130943	478	1	255	2	21444	3	1.00.0000	1.07.0000	1.07.0000	1.07.0000
11445	傳奇	1	130943	478	1	255	2	21445	3	1.00.0000	1.07.0000	1.07.0000	1.07.0000
11446	傳奇	1	130943	478	1	255	2	21446	3	1.00.0000	1.07.0000	1.07.0000	1.07.0000
11447	傳奇	1	130943	478	1	255	2	21447	3	1.00.0000	1.07.0000	1.07.0000	1.07.0000
11448	傳奇	1	130943	478	1	255	2	21448	3	1.00.0000	1.07.0000	1.07.0000	1.07.0000
11449	傳奇	1	130943	478	1	255	2	21449	3	1.00.0000	1.07.0000	1.07.0000	1.07.0000
11450	傳奇	1	130943	478	1	255	2	21450	3	1.00.0000	1.07.0000	1.07.0000	1.07.0000
11451	傳奇	1	130943	478	1	255	2	21451	3	1.00.0000	1.07.0000	1.07.0000	1.07.0000
11452	傳奇	1	130943	478	1	255	2	21452	3	1.00.0000	1.07.0000	1.07.0000	1.07.0000
11453	傳奇	1	130943	478	1	255	2	21453	3	1.00.0000	1.07.0000	1.07.0000	1.07.0000
11454	傳奇	1	130943	478	1	255	2	21454	3	1.00.0000	1.07.0000	1.07.0000	1.07.0000
11455	傳奇	1	130943	478	1	255	2	21455	3	1.00.0000	1.07.0000	1.07.0000	1.07.0000
11456	傳奇	1	130943	478	1	255	2	21456	3	1.00.0000	1.07.0000	1.07.0000	1.07.0000
11457	傳奇	1	130943	478	1	255	2	21457	3	1.00.0000	1.07.0000	1.07.0000	1.07.0000
11458	傳奇	1	130943	478	1	255	2	21458	3	1.00.0000	1.07.0000	1.07.0000	1.07.0000
11459	傳奇	1	130943	478	1	255	2	21459	3	1.00.0000	1.07.0000	1.07.0000	1.07.0000
11460	傳奇	1	130943	478	1	255	2	21460	3	1.00.0000	1.07.0000	1.07.0000	1.07.0000
11461	傳奇	1	130943	478	1	255	2	21461	3	1.00.0000	1.07.0000	1.07.0000	1.07.0000
11462	傳奇	1	130943	478	1	255	2	21462	3	1.00.0000	1.07.0000	1.07.0000	1.07.0000
11463	傳奇	1	130943	478	1	255	2	21463	3	1.00.0000	1.07.0000	1.07.0000	1.07.0000
11464	傳奇	1	130943	478	1	255	2	21464	3	1.00.0000	1.07.0000	1.07.0000	1.07.0000
11465	傳奇	1	130943	478	1	255	2	21465	3	1.00.0000	1.07.0000	1.07.0000	1.07.0000
11466	傳奇	1	130943	478	1	255	2	21466	3	1.00.0000	1.07.0000	1.07.0000	1.07.0000
11467	傳奇	1	130943	478	1	255	2	21467	3	1.00.0000	1.07.0000	1.07.0000	1.07.0000
11468	傳奇	1	130943	478	1	255	2	21468	3	1.00.0000	1.07.0000	1.07.0000	1.07.0000
11469	傳奇	1	130943	478	1	255	2	21469	3	1.00.0000	1.07.0000	1.07.0000	1.07.0000
11470	傳奇	1	130943	478	1	255	2	21470	3	1.00.0000	1.07.0000	1.07.0000	1.07.0000
11471	傳奇	1	130943	478	1	255	2	21471	3	1.00.0000	1.07.0000	1.07.0000	1.07.0000
11472	傳奇	1	130943	478	1	255	2	21472	3	1.00.0000	1.07.0000	1.07.0000	1.07.0000
11473	傳奇	1	130943	478	1	255	2	21473	3	1.00.0000	1.07.0000	1.07.0000	1.07.0000
11474	傳奇	1	130943	478	1	255	2	21474	3	1.00.0000	1.07.0000	1.07.0000	1.07.0000
11475	傳奇	1	130943	478	1	255	2	21475	3	1.00.0000	1.07.0000	1.07.0000	1.07.0000
11476	傳奇	1	130943	478	1	255	2	21476	3	1.00.0000	1.07.0000	1.07.0000	1.07.0000
11477	傳奇	1	130943	478	1	255	2	21477	3	1.00.0000	1.07.0000	1.07.0000	1.07.0000
11478	傳奇	1	130943	478	1	255	2	21478	3	1.00.0000	1.07.0000	1.07.0000	1.07.0000
11479	傳奇	1	130943	478	1	255	2	21479	3	1.00.0000	1.07.0000	1.07.0000	1.07.0000
11480	傳奇	1	130943	478	1	255	2	21480	3	1.00.0000	1.07.0000	1.07.0000	1.07.0000
11481	傳奇	1	130943	478	1	255	2	21481	3	1.00.0000	1.07.0000	1.07.0000	1.07.0000
11482	傳奇	1	130943	478	1	255	2	21482	3	1.00.0000	1.07.0000	1.07.0000	1.07.0000
11483	傳奇	1	130943	478	1	255	2	21483	3	1.00.0000	1.07.0000	1.07.0000	1.07.0000
11484	傳奇	1	130943	478	1	255	2	21484	3	1.00.0000	1.07.0000	1.07.0000	1.07.0000
11485	傳奇	1	130943	478	1	255	2	21485	3	1.00.0000	1.07.0000	1.07.0000	1.07.0000
11486	傳奇	1	130943	478	1	255	2	21486	3	1.00.0000	1.07.0000	1.07.0000	1.07.0000
11487	傳奇	1	130943	478	1	255	2	21487	3	1.00.0000	1.07.0000	1.07.0000	1.07.0000
11488	傳奇	1	130943	478	1	255	2	21488	3	1.00.0000	1.07.0000	1.07.0000	1.07.0000
11489	傳奇	1	130943	478	1	255	2	21489	3	1.00.0000	1.07.0000	1.07.0000	1.07.0000
11490	傳奇	1	130943	478	1	255	2	21490	3	1.00.0000	1.07.0000	1.07.0000	1.07.0000
11491	傳奇	1	130943	478	1	255	2	21491	3	1.00.0000	1.07.0000	1.07.0000	1.07.0000
11492	傳奇	1	130943	478	1	255	2	21492	3	1.00.0000	1.07.0000	1.07.0000	1.07.0000
11493	傳奇	1	130943	478	1	255	2	21493	3	1.00.0000	1.07.0000	1.07.0000	1.07.0000
11494	傳奇	1	130943	478	1	255	2	21494	3	1.00.0000	1.07.0000	1.07.0000	1.07.0000
11495	傳奇	1	130943	478	1	255	2	21495	3	1.00.0000	1.07.0000	1.07.0000	1.07.0000
11496	傳奇	1	130943	478	1	255	2	21496	3	1.00.0000	1.07.0000	1.07.0000	1.07.0000
11497	傳奇	1	130943	478	1	255	2	21497	3	1.00.0000	1.07.0000	1.07.0000	1.07.0000
11498	傳奇	1	130943	478	1	255	2	21498	3	1.00.0000	1.07.0000	1.07.0000	1.07.0000
11499	傳奇	1	130943	478	1	255	2	21499	3	1.00.0000	1.07.0000	1.07.0000	1.07.0000
11500	傳奇	1	130943	478	1	255	2	21500	3	1.00.0000	1.07.0000	1.07.0000	1.07.0000
11501	傳奇	1	130943	478	1	255	2	21501	3	1.00.0000	1.07.0000	1.07.0000	1.07.0000
11502	傳奇	1	130943	478	1	255	2	21502	3	1.00.0000	1.07.0000	1.07.0000	1.07.0000
11503	傳奇	1	130943	478	1	255	2	21503	3	1.00.0000	1.07.0000	1.07.0000	1.07.0000
11504	傳奇	1	130943	478	1	255	2	21504	3	1.00.0000	1.07.0000	1.07.0000	1.07.0000
11505	傳奇	1	130943	478	1	255	2	21505	3	1.00.0000	1.07.0000	1.07.0000	1.07.0000
11506	傳奇	1	130943	478	1	255	2	21506	3	1.00.0000	1.07.0000	1.07.0000	1.07.0000
11507	傳奇	1	130943	478	1	255	2	21507	3	1.00.0000	1.07.0000	1.07.0000	1.07.0000
11508	傳奇	1	130943	478	1	255	2	21508	3	1.00.0000	1.07.0000	1.07.0000	1.07.0000
11509	傳奇	1	130943	478	1	255	2	21509	3	1.00.0000	1.07.0000	1.07.0000	1.07.0000
11510	傳奇	1	130943	478	1	255	2	21510	3	1.00.0000	1.07.0000	1.07.0000	1.07.0000
11511	傳奇	1	130943	478	1	255	2	21511	3	1.00.0000	1.07.0000	1.07.0000	1.07.0000
11512	傳奇	1	130943	478	1	255	2	21512	3	1.00.0000	1.07.0000	1.07.0000	1.07.0000
11513	傳奇	1	130943	478	1	255	2	21513	3	1.00.0000	1.07.0000	1.07.0000	1.07.0000
11514	傳奇	1	130943	478	1	255	2	21514	3	1.00.0000	1.07.0000	1.07.0000	1.07.0000
11515	傳奇	1	130943	478	1	255	2	21515	3	1.00.0000	1.07.0000	1.07.0000	1.07.0000
11516	傳奇	1	130943	478	1	255	2	21516	3	1.00.0000	1.07.0000	1.07.0000	1.07.0000
11517	傳奇	1	130943	478	1	255	2	21517	3	1.00.0000	1.07.0000	1.07.0000	1.07.0000
11518	傳奇	1	130943	478	1	255	2	21518	3	1.00.0000	1.07.0000	1.07.0000	1.07.0000
11519	傳奇	1	130943	478	1	255	2	21519	3	1.00.0000	1.07.0000	1.07.0000	1.07.0000
11520	傳奇	1	130943	478	1	255	2	21520	3	1.00.0000	1.07.0000	1.07.0000	1.07.0000
11521	傳奇	1	130943	478	1	255	2	21521	3	1.00.0000	1.07.0000	1.07.0000	1.07.0000
11522	傳奇	1	130943	478	1	255	2	21522	3	1.00.0000	1.07.0000	1.07.0000	1.07.0000
11523	傳奇	1	130943	478	1	255	2	21523	3	1.00.0000	1.07.0000	1.07.0000	1.07.0000
11524	傳奇	1	130943	478	1	255	2	21524	3	1.00.0000	1.07.0000	1.07.0000	1.07.0000
11525	傳奇	1	130943	478	1	255	2	21525	3	1.00.0000	1.07.0000	1.07.0000	1.07.0000
11526	傳奇	1	130943	478	1	255	2	21526	3	1.00.0000	1.07.0000	1.07.0000	1.07.0000
11527	傳奇	1	130943	478	1	255	2	21527	3	1.00.0000	1.07.0000	1.07.0000	1.07.0000
11528	傳奇	1	130943	478	1	255	2	21528	3	1.00.0000	1.07.0000	1.07.0000	1.07.0000
11529	傳奇	1	130943	478	1	255	2	21529	3	1.00.0000	1.07.0000	1.07.0000	1.07.0000
11530	傳奇	1	130943	478	1	255	2	21530	3	1.00.0000	1.07.0000	1.07.0000	1.07.0000
11531	傳奇	1	130943	478	1	255	2	21531	3	1.00.0000	1.07.0000	1.07.0000	1.07.0000
11532	傳奇	1	130943	478	1	255	2	21532	3	1.00.0000	1.07.0000	1.07.0000	1.07.0000
11533	傳奇	1	130943	478	1	255	2	21533	3	1.00.0000	1.07.0000	1.07.0000	1.07.0000
11534	傳奇	1	130943	478	1	255	2	21534	3	1.00.0000	1.07.0000	1.07.0000	1.07.0000
11535	傳奇	1	130943	478	1	255	2	21535	3	1.00.0000	1.07.0000	1.07.0000	1.07.0000
11536	傳奇	1	130943	478	1	255	2	21536	3	1.00.0000	1.07.0000	1.07.0000	1.07.0000
11537	傳奇	1	130943	478	1	255	2	21537	3	1.00.0000	1.07.0000	1.07.0000	1.07.0000
11538	傳奇	1	130943	478	1	255	2	21538	3	1.00.0000	1.07.0000	1.07.0000	1.07.0000
11539	傳奇	1	130943	478	1	255	2	21539	3	1.00.0000	1.07.0000	1.07.0000	1.07.0000
11540	傳奇	1	130943	478	1	255	2	21540	3	1.00.0000	1.07.0000	1.07.0000	1.07.0000
11541	傳奇	1	130943	478	1	255	2	21541	3	1.00.0000	1.07.0000	1.07.0000	1.07.0000
11542	傳奇	1	130943	478	1	255	2	21542	3	1.00.0000	1.07.0000	1.07.0000	1.07.0000
11543	傳奇	1	130943	478	1	255	2	21543	3	1.00.0000	1.07.0000	1.07.0000	1.07.0000
11544	傳奇	1	130943	478	1	255	2	21544	3	1.00.0000	1.07.0000	1.07.0000	1.07.0000
11545	傳奇	1	130943	478	1	255	2	21545	3	1.00.0000	1.07.0000	1.07.0000	1.07.0000
11546	傳奇	1	130943	478	1	255	2	21546	3	1.00.0000	1.07.0000	1.07.0000	1.07.0000
11547	傳奇	1	130943	478	1	255	2	21547	3	1.00.0000	1.07.0000	1.07.0000	1.07.0000
11548	傳奇	1	130943	478	1	255	2	21548	3	1.00.0000	1.07.0000	1.07.0000	1.07.0000
11549	傳奇	1	130943	478	1	255	2	21549	3	1.00.0000	1.07.0000	1.07.0000	1.07.0000
11550	傳奇	1	130943	478	1	255	2	21550	3	1.00.0000	1.07.0000	1.07.0000	1.07.0000
11551	傳奇	1	130943	478	1	255	2	21551	3	1.00.0000	1.07.0000	1.07.0000	1.07.0000
11552	傳奇	1	130943	478	1	255	2	21552	3	1.00.0000	1.07.0000	1.07.0000	1.07.0000
11553	傳奇	1	130943	478	1	255	2	21553	3	1.00.0000	1.07.0000	1.07.0000	1.07.0000
11554	傳奇	1	130943	478	1	255	2	21554	3	1.00.0000	1.07.0000	1.07.0000	1.07.0000
11555	傳奇	1	130943	478	1	255	2	21555	3	1.00.0000	1.07.0000	1.07.0000	1.07.0000
11556	傳奇	1	130943	478	1	255	2	21556	3	1.00.0000	1.07.0000	1.07.0000	1.07.0000
11557	傳奇	1	130943	478	1	255	2	21557	3	1.00.0000	1.07.0000	1.07.0000	1.07.0000
11558	傳奇	1	130943	478	1	255	2	21558	3	1.00.0000	1.07.0000	1.07.0000	1.07.0000
11559	傳奇	1	130943	478	1	255	2	21559	3	1.00.0000	1.07.0000	1.07.0000	1.07.0000
11560	傳奇	1	130943	478	1	255	2	21560	3	1.00.0000	1.07.0000	1.07.0000	1.07.0000
11561	傳奇	1	130943	478	1	255	2	21561	3	1.00.0000	1.07.0000	1.07.0000	1.07.0000
11562	傳奇	1	130943	478	1	255	2	21562	3	1.00.0000	1.07.0000	1.07.0000	1.07.0000
11563	傳奇	1	130943	478	1	255	2	21563	3	1.00.0000	1.07.0000	1.07.0000	1.07.0000
11564	傳奇	1	130943	478	1	255	2	21564	3	1.00.0000	1.07.0000	1.07.0000	1.07.0000
11565	傳奇	1	130943	478	1	255	2	21565	3	1.00.0000	1.07.0000	1.07.0000	1.07.0000
11566	傳奇	1	130943	478	1	255	2	21566	3	1.00.0000	1.07.0000	1.07.0000	1.07.0000
11567	傳奇	1	130943	478	1	255	2	21567	3	1.00.0000	1.07.0000	1.07.0000	1.07.0000
11568	傳奇	1	130943	478	1	255	2	21568	3	1.00.0000	1.07.0000	1.07.0000	1.07.0000
11569	傳奇	1	130943	478	1	255	2	21569	3	1.00.0000	1.07.0000	1.07.0000	1.07.0000
11570	傳奇	1	130943	478	1	255	2	21570	3	1.00.0000	1.07.0000	1.07.0000	1.07.0000
11571	傳奇	1	130943	478	1	255	2	21571	3	1.00.0000	1.07.0000	1.07.0000	1.07.0000
11572	傳奇	1	130943	478	1	255	2	21572	3	1.00.0000	1.07.0000	1.07.0000	1.07.0000
11573	傳奇	1	130943	478	1	255	2	21573	3	1.00.0000	1.07.0000	1.07.0000	1.07.0000
11574	傳奇	1	130943	478	1	255	2	21574	3	1.00.0000	1.07.0000	1.07.0000	1.07.0000
11575	傳奇	1	130943	478	1	255	2	21575	3	1.00.0000	1.07.0000	1.07.0000	1.07.0000
11576	傳奇	1	130943	478	1	255	2	21576	3	1.00.0000	1.07.0000	1.07.0000	1.07.0000
11577	傳奇	1	130943	478	1	255	2	21577	3	1.00.0000	1.07.0000	1.07.0000	1.07.0000
11578	傳奇	1	130943	478	1	255	2	21578	3	1.00.0000	1.07.0000	1.07.0000	1.07.0000
11579	傳奇	1	130943	478	1	255	2	21579	3	1.00.0000	1.07.0000	1.07.0000	1.07.0000
11580	傳奇	1	130943	478	1	255	2	21580	3	1.00.0000	1.07.0000	1.07.0000	1.07.0000
11581	傳奇	1	130943	478	1	255	2	21581	3	1.00.0000	1.07.0000	1.07.0000	1.07.0000
11582	傳奇	1	130943	478	1	255	2	21582	3	1.00.0000	1.07.0000	1.07.0000	1.07.0000
11583	傳奇	1	130943	478	1	255	2	21583	3	1.00.0000	1.07.0000	1.07.0000	1.07.0000
11584	傳奇	1	130943	478	1	255	2	21584	3	1.00.0000	1.07.0000	1.07.0000	1.07.0000
11585	傳奇	1	130943	478	1	255	2	21585	3	1.00.0000	1.07.0000	1.07.0000	1.07.0000
11586	傳奇	1	130943	478	1	255	2	21586	3	1.00.0000	1.07.0000	1.07.0000	1.07.0000
11587	傳奇	1	130943	478	1	255	2	21587	3	1.00.0000	1.07.0000	1.07.0000	1.07.0000
11588	傳奇	1	130943	478	1	255	2	21588	3	1.00.0000	1.07.0000	1.07.0000	1.07.0000
11589	傳奇	1	130943	478	1	255	2	21589	3	1.00.0000	1.07.0000	1.07.0000	1.07.0000
11590	傳奇	1	130943	478	1	255	2	21590	3	1.00.0000	1.07.0000	1.07.0000	1.07.0000
11591	傳奇	1	130943	478	1	255	2	21591	3	1.00.0000	1.07.0000	1.07.0000	1.07.0000
11592	傳奇	1	130943	478	1	255	2	21592	3	1.00.0000	1.07.0000	1.07.0000	1.07.0000
11593	傳奇	1	130943	478	1	255	2	21593	3	1.00.0000	1.07.0000	1.07.0000	1.07.0000
11594	傳奇	1	130943	478	1	255	2	21594	3	1.00.0000	1.07.0000	1.07.0000	1.07.0000
11595	傳奇	1	130943	478	1	255	2	21595	3	1.00.0000	1.07.0000	1.07.0000	1.07.0000
11596	傳奇	1	130943	478	1	255	2	21596	3	1.00.0000	1.07.0000	1.07.0000	1.07.0000
11597	傳奇	1	130943	478	1	255	2	21597	3	1.00.0000	1.07.0000	1.07.0000	1.07.0000
11598	傳奇	1	130943	478	1	255	2	21598	3	1.00.0000	1.07.0000	1.07.0000	1.07.0000
11599	傳奇	1	130943	478	1	255	2	21599	3	1.00.0000	1.07.0000	1.07.0000	1.07.0000
11600	傳奇	1	130943	478	1	255	2	21600	3	1.00.0000	1.07.0000	1.07.0000	1.07.0000
11601	傳奇	1	130943	478	1	255	2	21601	3	1.00.0000	1.07.0000	1.07.0000	1.07.0000
11602	傳奇	1	130943	478	1	255	2	21602	3	1.00.0000	1.07.0000	1.07.0000	1.07.0000
11603	傳奇	1	130943	478	1	255	2	21603	3	1.00.0000	1.07.0000	1.07.0000	1.07.0000
11604	傳奇	1	130943	478	1	255	2	21604	3	1.00.0000	1.07.0000	1.07.0000	1.07.0000
11605	傳奇	1	130943	478	1	255	2	21605	3	1.00.0000	1.07.0000	1.07.0000	1.07.0000
11606	傳奇	1	130943	478	1	255	2	21606	3	1.00.0000	1.07.0000	1.07.0000	1.07.0000
11607	傳奇	1	130943	478	1	255	2	21607	3	1.00.0000	1.07.0000	1.07.0000	1.07.0000
11608	傳奇	1	130943	478	1	255	2	21608	3	1.00.0000	1.07.0000	1.07.0000	1.07.0000
11609	傳奇	1	130943	478	1	255	2	21609	3	1.00.0000	1.07.0000	1.07.0000	1.07.0000
11610	傳奇	1	130943	478	1	255	2	21610	3	1.00.0000	1.07.0000	1.07.0000	1.07.0000
11611	傳奇	1	130943	478	1	255	2	21611	3	1.00.0000	1.07.0000	1.07.0000	1.07.0000
11612	傳奇	1	130943	478	1	255	2	21612	3	1.00.0000	1.07.0000	1.07.0000	1.07.0000
11613	傳奇	1	130943	478	1	255	2	21613	3	1.00.0000	1.07.0000	1.07.0000	1.07.0000
11614	傳奇	1	130943	478	1	255	2	21614	3	1.00.0000	1.07.0000	1.07.0000	1.07.0000
11615	傳奇	1	130943	478	1	255	2	21615	3	1.00.0000	1.07.0000	1.07.0000	1.07.0000
11616	傳奇	1	130943	478	1	255	2	21616	3	1.00.0000	1.07.0000	1.07.0000	1.07.0000
11617	傳奇	1	130943	478	1	255	2	21617	3	1.00.0000	1.07.0000	1.07.0000	1.07.0000
11618	傳奇	1	130943	478	1	255	2	21618	3	1.00.0000	1.07.0000	1.07.0000	1.07.0000
11619	傳奇	1	130943	478	1	255	2	21619	3	1.00.0000	1.07.0000	1.07.0000	1.07.0000
11620	傳奇	1	130943	478	1	255	2	21620	3	1.00.0000	1.07.0000	1.07.0000	1.07.0000
11621	傳奇	1	130943	478	1	255	2	21621	3	1.00.0000	1.07.0000	1.07.0000	1.07.0000
11622	傳奇	1	130943	478	1	255	2	21622	3	1.00.0000	1.07.0000	1.07.0000	1.07.0000
11623	傳奇	1	130943	478	1	255	2	21623	3	1.00.0000	1.07.0000	1.07.0000	1.07.0000
11624	傳奇	1	130943	478	1	255	2	21624	3	1.00.0000	1.07.0000	1.07.0000	1.07.0000
11625	傳奇	1	130943	478	1	255	2	21625	3	1.00.0000	1.07.0000	1.07.0000	1.07.0000
11626	傳奇	1	130943	478	1	255	2	21626	3	1.00.0000	1.07.0000	1.07.0000	1.07.0000
11627	傳奇	1	130943	478	1	255	2	21627	3	1.00.0000	1.07.0000	1.07.0000	1.07.0000
11628	傳奇	1	130943	478	1	255	2	21628	3	1.00.0000	1.07.0000	1.07.0000	1.07.0000
11629	傳奇	1	130943	478	1	255	2	21629	3	1.00.0000	1.07.0000	1.07.0000	1.07.0000
11630	傳奇	1	130943	478	1	255	2	21630	3	1.00.0000	1.07.0000	1.07.0000	1.07.0000
11631	傳奇	1	130943	478	1	255	2	21631	3	1.00.0000	1.07.0000	1.07.0000	1.07.0000
11632	傳奇	1	130943	478	1	255	2	21632	3	1.00.0000	1.07.0000	1.07.0000	1.07.0000
11633	傳奇	1	130943	478	1	255	2	21633	3	1.00.0000	1.07.0000	1.07.0000	1.07.0000
11634	傳奇	1	130943	478	1	255	2	21634	3	1.00.0000	1.07.0000	1.07.0000	1.07.0000
11635	傳奇	1	130943	478	1	255	2	21635	3	1.00.0000	1.07.0000	1.07.0000	1.07.0000
11636	傳奇	1	130943	478	1	255	2	21636	3	1.00.0000	1.07.0000	1.07.0000	1.07.0000
11637	傳奇	1	130943	478	1	255	2	21637	3	1.00.0000	1.07.0000	1.07.0000	1.07.0000
11638	傳奇	1	130943	478	1	255	2	21638	3	1.00.0000	1.07.0000	1.07.0000	1.07.0000
11639	傳奇	1	130943	478	1	255	2	21639	3	1.00.0000	1.07.0000	1.07.0000	1.07.0000
11640	傳奇	1	130943	478	1	255	2	21640	3	1.00.0000	1.07.0000	1.07.0000	1.07.0000
11641	傳奇	1	130943	478	1	255	2	21641	3	1.00.0000	1.07.0000	1.07.0000	1.07.0000
11642	傳奇	1	130943	478	1	255	2	21642	3	1.00.0000	1.07.0000	1.07.0000	1.07.0000
11643	傳奇	1	130943	478	1	255	2	21643	3	1.00.0000	1.07.0000	1.07.0000	1.07.0000
11644	傳奇	1	130943	478	1	255	2	21644	3	1.00.0000	1.07.0000	1.07.0000	1.07.0000
11645	傳奇	1	130943	478	1	255	2	21645	3	1.00.0000	1.07.0000	1.07.0000	1.07.0000
11646	傳奇	1	130943	478	1	255	2	21646	3	1.00.0000	1.07.0000	1.07.0000	1.07.0000
11647	傳奇	1	130943	478	1	255	2	21647	3	1.00.0000	1.07.0000	1.07.0000	1.07.0000
11648	傳奇	1	130943	478	1	255	2	21648	3	1.00.0000	1.07.0000	1.07.0000	1.07.0000
11649	傳奇	1	130943	478	1	255	2	21649	3	1.00.0000	1.07.0000	1.07.0000	1.07.0000
11650	傳奇	1	130943	478	1	255	2	21650	3	1.00.0000	1.07.0000	1.07.0000	1.07.0000
11651	傳奇	1	130943	478	1	255	2	21651	3	1.00.0000	1.07.0000	1.07.0000	1.07.0000
11652	傳奇	1	130943	478	1	255	2	21652	3	1.00.0000	1.07.0000	1.07.0000	1.07.0000
11653	傳奇	1	130943	478	1	255	2	21653	3	1.00.0000	1.07.0000	1.07.0000	1.07.0000
11654	傳奇	1	130943	478	1	255	2	21654	3	1.00.0000	1.07.0000	1.07.0000	1.07.0000
11655	傳奇	1	130943	478	1	255	2	21655	3	1.00.0000	1.07.0000	1.07.0000	1.07.0000
11656	傳奇	1	130943	478	1	255	2	21656	3	1.00.0000	1.07.0000	1.07.0000	1.07.0000
11657	傳奇	1	130943	478	1	255	2	21657	3	1.00.0000	1.07.0000	1.07.0000	1.07.0000
11658	傳奇	1	130943	478	1	255	2	21658	3	1.00.0000	1.07.0000	1.07.0000	1.07.0000
11659	傳奇	1	130943	478	1	255	2	21659	3	1.00.0000	1.07.0000	1.07.0000	1.07.0000
11660	傳奇	1	130943	478	1	255	2	21660	3	1.00.0000	1.07.0000	1.07.0000	1.07.0000
11661	傳奇	1	130943	478	1	255	2	21661	3	1.00.0000	1.07.0000	1.07.0000	1.07.0000
11662	傳奇	1	130943	478	1	255	2	21662	3	1.00.0000	1.07.0000	1.07.0000	1.07.0000
11663	傳奇	1	130943	478	1	255	2	21663	3	1.00.0000	1.07.0000	1.07.0000	1.07.0000
11664	傳奇	1	130943	478	1	255	2	21664	3	1.00.0000	1.07.0000	1.07.0000	1.07.0000
11665	傳奇	1	130943	478	1	255	2	21665	3	1.00.0000	1.07.0000	1.07.0000	1.07.0000
11666	傳奇	1	130943	478	1	255	2	21666	3	1.00.0000	1.07.0000	1.07.0000	1.07.0000
11667	傳奇	1	130943	478	1	255	2	21667	3	1.00.0000	1.07.0000	1.07.0000	1.07.0000
11668	傳奇	1	130943	478	1	255	2	21668	3	1.00.0000	1.07.0000	1.07.0000	1.07.0000
11669	傳奇	1	130943	478	1	255	2	21669	3	1.00.0000	1.07.0000	1.07.0000	1.07.0000
11670	傳奇	1	130943	478	1	255	2	21670	3	1.00.0000	1.07.0000	1.07.0000	1.07.0000
11671	傳奇	1	130943	478	1	255	2	21671	3	1.00.0000	1.07.0000	1.07.0000	1.07.0000
11672	傳奇	1	130943	478	1	255	2	21672	3	1.00.0000	1.07.0000	1.07.0000	1.07.0000
11673	傳奇	1	130943	478	1	255	2	21673	3	1.00.0000	1.07.0000	1.07.0000	1.07.0000
11674	傳奇	1	130943	478	1	255	2	21674	3	1.00.0000	1.07.0000	1.07.0000	1.07.0000
11675	傳奇	1	130943	478	1	255	2	21675	3	1.00.0000	1.07.0000	1.07.0000	1.07.0000
11676	傳奇	1	130943	478	1	255	2	21676	3	1.00.0000	1.07.0000	1.07.0000	1.07.0000
11677	傳奇	1	130943	478	1	255	2	21677	3	1.00.0000	1.07.0000	1.07.0000	1.07.0000
11678	傳奇	1	130943	478	1	255	2	21678	3	1.00.0000	1.07.0000	1.07.0000	1.07.0000
11679	傳奇	1	130943	478	1	255	2	21679	3	1.00.0000	1.07.0000	1.07.0000	1.07.0000
11680	傳奇	1	130943	478	1	255	2	21680	3	1.00.0000	1.07.0000	1.07.0000	1.07.0000
11681	傳奇	1	130943	478	1	255	2	21681	3	1.00.0000	1.07.0000	1.07.0000	1.07.0000
11682	傳奇	1	130943	478	1	255	2	21682	3	1.00.0000	1.07.0000	1.07.0000	1.07.0000
11683	傳奇	1	130943	478	1	255	2	21683	3	1.00.0000	1.07.0000	1.07.0000	1.07.0000
11684	傳奇	1	130943	478	1	255	2	21684	3	1.00.0000	1.07.0000	1.07.0000	1.07.0000
11685	傳奇	1	130943	478	1	255	2	21685	3	1.00.0000	1.07.0000	1.07.0000	1.07.0000
11686	傳奇	1	130943	478	1	255	2	21686	3	1.00.0000	1.07.0000	1.07.0000	1.07.0000
11687	傳奇	1	130943	478	1	255	2	21687	3	1.00.0000	1.07.0000	1.07.0000	1.07.0000
11688	傳奇	1	130943	478	1	255	2	21688	3	1.00.0000	1.07.0000	1.07.0000	1.07.0000
11689	傳奇	1	130943	478	1	255	2	21689	3	1.00.0000	1.07.0000	1.07.0000	1.07.0000
11690	傳奇	1	130943	478	1	255	2	21690	3	1.00.0000	1.07.0000	1.07.0000	1.07.0000
11691	傳奇	1	130943	478	1	255	2	21691	3	1.00.0000	1.07.0000	1.07.0000	1.07.0000
11692	傳奇	1	130943	478	1	255	2	21692	3	1.00.0000	1.07.0000	1.07.0000	1.07.0000
11693	傳奇	1	130943	478	1	255	2	21693	3	1.00.0000	1.07.0000	1.07.0000	1.07.0000
11694	傳奇	1	130943	478	1	255	2	21694	3	1.00.0000	1.07.0000	1.07.0000	1.07.0000
11695	傳奇	1	130943	478	1	255	2	21695	3	1.00.0000	1.07.0000	1.07.0000	1.07.0000
11696	傳奇	1	130943	478	1	255	2	21696	3	1.00.0000	1.07.0000	1.07.0000	1.07.0000
11697	傳奇	1	130943	478	1	255	2	21697	3	1.00.0000	1.07.0000	1.07.0000	1.07.0000
11698	傳奇	1	130943	478	1	255	2	21698	3	1.00.0000	1.07.0000	1.07.0000	1.07.0000
11699	傳奇	1	130943	478	1	255	2	21699	3	1.00.0000	1.07.0000	1.07.0000	1.07.0000
11700	傳奇	1	130943	478	1	255	2	21700	3	1.00.0000	1.07.0000	1.07.0000	1.07.0000
11701	傳奇	1	130943	478	1	255	2	21701	3	1.00.0000	1.07.0000	1.07.0000	1.07.0000
11702	傳奇	1	130943	478	1	255	2	21702	3	1.00.0000	1.07.0000	1.07.0000	1.07.0000
11703	傳奇	1	130943	478	1	255	2	21703	3	1.00.0000	1.07.0000	1.07.0000	1.07.0000
11704	傳奇	1	130943	478	1	255	2	21704	3	1.00.0000	1.07.0000	1.07.0000	1.07.0000
11705	傳奇	1	130943	478	1	255	2	21705	3	1.00.0000	1.07.0000	1.07.0000	1.07.0000
11706	傳奇	1	130943	478	1	255	2	21706	3	1.00.0000	1.07.0000	1.07.0000	1.07.0000
11707	傳奇	1	130943	478	1	255	2	21707	3	1.00.0000	1.07.0000	1.07.0000	1.07.0000
11708	傳奇	1	130943	478	1	255	2	21708	3	1.00.0000	1.07.0000	1.07.0000	1.07.0000
11709	傳奇	1	130943	478	1	255	2	21709	3	1.00.0000	1.07.0000	1.07.0000	1.07.0000
11710	傳奇	1	130943	478	1	255	2	21710	3	1.00.0000	1.07.0000	1.07.0000	1.07.0000
11711	傳奇	1	130943	478	1	255	2	21711	3	1.00.0000	1.07.0000	1.07.0000	1.07.0000
11712	傳奇	1	130943	478	1	255	2	21712	3	1.00.0000	1.07.0000	1.07.0000	1.07.0000
11713	傳奇	1	130943	478	1	255	2	21713	3	1.00.0000	1.07.0000	1.07.0000	1.07.0000
11714	傳奇	1	130943	478	1	255	2	21714	3	1.00.0000	1.07.0000	1.07.0000	1.07.0000
11715	傳奇	1	130943	478	1	255	2	21715	3	1.00.0000	1.07.0000	1.07.0000	1.07.0000
11716	傳奇	1	130943	478	1	255	2	21716	3	1.00.0000	1.07.0000	1.07.0000	1.07.0000
11717	傳奇	1	130943	478	1	255	2	21717	3	1.00.0000	1.07.0000	1.07.0000	1.07.0000
11718	傳奇	1	130943	478	1	255	2	21718	3	1.00.0000	1.07.0000	1.07.0000	1.07.0000
11719	傳奇	1	130943	478	1	255	2	21719	3	1.00.0000	1.07.0000	1.07.0000	1.07.0000
11720	傳奇	1	130943	478	1	255	2	21720	3	1.00.0000	1.07.0000	1.07.0000	1.07.0000
11721	傳奇	1	130943	478	1	255	2	21721	3	1.00.0000	1.07.0000	1.07.0000	1.07.0000
11722	傳奇	1	130943	478	1	255	2	21722	3	1.00.0000	1.07.0000	1.07.0000	1.07.0000
11723	傳奇	1	130943	478	1	255	2	21723	3	1.00.0000	1.07.0000	1.07.0000	1.07.0000
11724	傳奇	1	130943	478	1	255	2	21724	3	1.00.0000	1.07.0000	1.07.0000	1.07.0000
11725	傳奇	1	130943	478	1	255	2	21725	3	1.00.0000	1.07.0000	1.07.0000	1.07.0000
11726	傳奇	1	130943	478	1	255	2	21726	3	1.00.0000	1.07.0000	1.07.0000	1.07.0000
11727	傳奇	1	130943	478	1	255	2	21727	3	1.00.0000	1.07.0000	1.07.0000	1.07.0000
11728	傳奇	1	130943	478	1	255	2	21728	3	1.00.0000	1.07.0000	1.07.0000	1.07.0000
11729	傳奇	1	130943	478	1	255	2	21729	3	1.00.0000	1.07.0000	1.07.0000	1.07.0000
11730	傳奇	1	130943	478	1	255	2	21730	3	1.00.0000	1.07.0000	1.07.0000	1.07.0000
11731	傳奇	1	130943	478	1	255	2	21731	3	1.00.0000	1.07.0000	1.07.0000	1.07.0000
11732	傳奇	1	130943	478	1	255	2	21732	3	1.00.0000	1.07.0000	1.07.0000	1.07.0000
11733	傳奇	1	130943	478	1	255	2	21733	3	1.00.0000	1.07.0000	1.07.0000	1.07.0000
11734	傳奇	1	130943	478	1	255	2	21734	3	1.00.0000	1.07.0000	1.07.0000	1.07.0000
11735	傳奇	1	130943	478	1	255	2	21735	3	1.00.0000	1.07.0000	1.07.0000	1.07.0000
11736	傳奇	1	130943	478	1	255	2	21736	3	1.00.0000	1.07.0000	1.07.0000	1.07.0000
11737	傳奇	1	130943	478	1	255	2	21737	3	1.00.0000	1.07.0000	1.07.0000	1.07.0000
11738	傳奇	1	130943	478	1	255	2	21738	3	1.00.0000	1.07.0000	1.07.0000	1.07.0000
11739	傳奇	1	130943	478	1	255	2	21739	3	1.00.0000	1.07.0000	1.07.0000	1.07.0000
11740	傳奇	1	130943	478	1	255	2	21740	3	1.00.0000	1.07.0000	1.07.0000	1.07.0000
11741	傳奇	1	130943	478	1	255	2	21741	3	1.00.0000	1.07.0000	1.07.0000	1.07.0000
11742	傳奇	1	130943	478	1	255	2	21742	3	1.00.0000	1.07.0000	1.07.0000	1.07.0000
11743	傳奇	1	130943	478	1	255	2	21743	3	1.00.0000	1.07.0000	1.07.0000	1.07.0000
11744	傳奇	1	130943	478	1	255	2	21744	3	1.00.0000	1.07.0000	1.07.0000	1.07.0000
11745	傳奇	1	130943	478	1	255	2	21745	3	1.00.0000	1.07.0000	1.07.0000	1.07.0000
11746	傳奇	1	130943	478	1	255	2	21746	3	1.00.0000	1.07.0000	1.07.0000	1.07.0000
11747	傳奇	1	130943	478	1	255	2	21747	3	1.00.0000	1.07.0000	1.07.0000	1.07.0000
11748	傳奇	1	130943	478	1	255	2	21748	3	1.00.0000	1.07.0000	1.07.0000	1.07.0000
11749	傳奇	1	130943	478	1	255	2	21749	3	1.00.0000	1.07.0000	1.07.0000	1.07.0000
11750	傳奇	1	130943	478	1	255	2	21750	3	1.00.0000	1.07.0000	1.07.0000	1.07.0000
11751	傳奇	1	130943	478	1	255	2	21751	3	1.00.0000	1.07.0000	1.07.0000	1.07.0000
11752	傳奇	1	130943	478	1	255	2	21752	3	1.00.0000	1.07.0000	1.07.0000	1.07.0000
11753	傳奇	1	130943	478	1	255	2	21753	3	1.00.0000	1.07.0000	1.07.0000	1.07.0000
11754	傳奇	1	130943	478	1	255	2	21754	3	1.00.0000	1.07.0000	1.07.0000	1.07.0000
11755	傳奇	1	130943	478	1	255	2	21755	3	1.00.0000	1.07.0000	1.07.0000	1.07.0000
11756	傳奇	1	130943	478	1	255	2	21756	3	1.00.0000	1.07.0000	1.07.0000	1.07.0000
11757	傳奇	1	130943	478	1	255	2	21757	3	1.00.0000	1.07.0000	1.07.0000	1.07.0000
11758	傳奇	1	130943	478	1	255	2	21758	3	1.00.0000	1.07.0000	1.07.0000	1.07.0000
11759	傳奇	1	130943	478	1	255	2	21759	3	1.00.0000	1.07.0000	1.07.0000	1.07.0000
11760	傳奇	1	130943	478	1	255	2	21760	3	1.00.0000	1.07.0000	1.07.0000	1.07.0000
11761	傳奇	1	130943	478	1	255	2	21761	3	1.00.0000	1.07.0000	1.07.0000	1.07.0000
11762	傳奇	1	130943	478	1	255	2	21762	3	1.00.0000	1.07.0000	1.07.0000	1.07.0000
11763	傳奇	1	130943	478	1	255	2	21763	3	1.00.0000	1.07.0000	1.07.0000	1.07.0000
11764	傳奇	1	130943	478	1	255	2	21764	3	1.00.0000	1.07.0000	1.07.0000	1.07.0000
11765	傳奇	1	130943	478	1	255	2	21765	3	1.00.0000	1.07.0000	1.07.0000	1.07.0000
11766	傳奇	1	130943	478	1	255	2	21766	3	1.00.0000	1.07.0000	1.07.0000	1.07.0000
11767	傳奇	1	130943	478	1	255	2	21767	3	1.00.0000	1.07.0000	1.07.0000	1.07.0000
11768	傳奇	1	130943	478	1	255	2	21768	3	1.00.0000	1.07.0000	1.07.0000	1.07.0000
11769	傳奇	1	130943	478	1	255	2	21769	3	1.00.0000	1.07.0000	1.07.0000	1.07.0000
11770	傳奇	1	130943	478	1	255	2	21770	3	1.00.0000	1.07.0000	1.07.0000	1.07.0000
11771	傳奇	1	130943	478	1	255	2	21771	3	1.00.0000	1.07.0000	1.07.0000	1.07.0000
11772	傳奇	1	130943	478	1	255	2	21772	3	1.00.0000	1.07.0000	1.07.0000	1.07.0000
11773	傳奇	1	130943	478	1	255	2	21773	3	1.00.0000	1.07.0000	1.07.0000	1.07.0000
11774	傳奇	1	130943	478	1	255	2	21774	3	1.00.0000	1.07.0000	1.07.0000	1.07.0000
11775	傳奇	1	130943	478	1	255	2	21775	3	1.00.0000	1.07.0000	1.07.0000	1.07.0000
11776	傳奇	1	130943	478	1	255	2	21776	3	1.00.0000	1.07.0000	1.07.0000	1.07.0000
11777	傳奇	1	130943	478	1	255	2	21777	3	1.00.0000	1.07.0000	1.07.0000	1.07.0000
11778	傳奇	1	130943	478	1	255	2	21778	3	1.00.0000	1.07.0000	1.07.0000	1.07.0000
11779	傳奇	1	130943	478	1	255	2	21779	3	1.00.0000	1.07.0000	1.07.0000	1.07.0000
11780	傳奇	1	130943	478	1	255	2	21780	3	1.00.0000	1.07.0000	1.07.0000	1.07.0000
11781	傳奇	1	130943	478	1	255	2	21781	3	1.00.0000	1.07.0000	1.07.0000	1.07.0000
11782	傳奇	1	130943	478	1	255	2	21782	3	1.00.0000	1.07.0000	1.07.0000	1.07.0000
11783	傳奇	1	130943	478	1	255	2	21783	3	1.00.0000	1.07.0000	1.07.0000	1.07.0000
11784	傳奇	1	130943	478	1	255	2	21784	3	1.00.0000	1.07.0000	1.07.0000	1.07.0000
11785	傳奇	1	130943	478	1	255	2	21785	3	1.00.0000	1.07.0000	1.07.0000	1.07.0000
11786	傳奇	1	130943	478	1	255	2	21786	3	1.00.0000	1.07.0000	1.07.0000	1.07.0000
11787	傳奇	1	130943	478	1	255	2	21787	3	1.00.0000	1.07.0000	1.07.0000	1.07.0000
11788	傳奇	1	130943	478	1	255	2	21788	3	1.00.0000	1.07.0000	1.07.0000	1.07.0000
11789	傳奇	1	130943	478	1	255	2	21789	3	1.00.0000	1.07.0000	1.07.0000	1.07.0000
11790	傳奇	1	130943	478	1	255	2	21790	3	1.00.0000	1.07.0000	1.07.0000	1.07.0000
11791	傳奇	1	130943	478	1	255	2	21791	3	1.00.0000	1.07.0000	1.07.0000	1.07.0000
11792	傳奇	1	130943	478	1	255	2	21792	3	1.00.0000	1.07.0000	1.07.0000	1.07.0000
11793	傳奇	1	130943	478	1	255	2	21793	3	1.00.0000	1.07.0000	1.07.0000	1.07.0000
11794	傳奇	1	130943	478	1	255	2	21794	3	1.00.0000	1.07.0000	1.07.0000	1.07.0000
11795	傳奇	1	130943	478	1	255	2	21795	3	1.00.0000	1.07.0000	1.07.0000	1.07.0000
11796	傳奇	1	130943	478	1	255	2	21796	3	1.00.0000	1.07.0000	1.07.0000	1.07.0000
11797	傳奇	1	130943	478	1	255	2	21797	3	1.00.0000	1.07.0000	1.07.0000	1.07.0000
11798	傳奇	1	130943	478	1	255	2	21798	3	1.00.0000	1.07.0000	1.07.0000	1.07.0000
11799	傳奇	1	130943	478	1	255	2	21799	3	1.00.0000	1.07.0000	1.07.0000	1.07.0000
11800	傳奇	1	130943	478	1	255	2	21800	3	1.00.0000	1.07.0000	1.07.0000	1.07.0000
11801	傳奇	1	130943	478	1	255	2	21801	3	1.00.0000	1.07.0000	1.07.0000	1.07.0000
11802	傳奇	1	130943	478	1	255	2	21802	3	1.00.0000	1.07.0000	1.07.0000	1.07.0000
11803	傳奇	1	130943	478	1	255	2	21803	3	1.00.0000	1.07.0000	1.07.0000	1.07.0000
11804	傳奇	1	130943	478	1	255	2	21804	3	1.00.0000	1.07.0000	1.07.0000	1.07.0000
11805	傳奇	1	130943	478	1	255	2	21805	3	1.00.0000	1.07.0000	1.07.0000	1.07.0000
11806	傳奇	1	130943	478	1	255	2	21806	3	1.00.0000	1.07.0000	1.07.0000	1.07.0000
11807	傳奇	1	130943	478	1	255	2	21807	3	1.00.0000	1.07.0000	1.07.0000	1.07.0000
11808	傳奇	1	130943	478	1	255	2	21808	3	1.00.0000	1.07.0000	1.07.0000	1.07.0000
11809	傳奇	1	130943	478	1	255	2	21809	3	1.00.0000	1.07.0000	1.07.0000	1.07.0000
11810	傳奇	1	130943	478	1	255	2	21810	3	1.00.0000	1.07.0000	1.07.0000	1.07.0000
11811	傳奇	1	130943	478	1	255	2	21811	3	1.00.0000	1.07.0000	1.07.0000	1.07.0000
11812	傳奇	1	130943	478	1	255	2	21812	3	1.00.0000	1.07.0000	1.07.0000	1.07.0000
11813	傳奇	1	130943	478	1	255	2	21813	3	1.00.0000	1.07.0000	1.07.0000	1.07.0000
11814	傳奇	1	130943	478	1	255	2	21814	3	1.00.0000	1.07.0000	1.07.0000	1.07.0000
11815	傳奇	1	130943	478	1	255	2	21815	3	1.00.0000	1.07.0000	1.07.0000	1.07.0000
11816	傳奇	1	130943	478	1	255	2	21816	3	1.00.0000	1.07.0000	1.07.0000	1.07.0000
11817	傳奇	1	130943	478	1	255	2	21817	3	1.00.0000	1.07.0000	1.07.0000	1.07.0000
11818	傳奇	1	130943	478	1	255	2	21818	3	1.00.0000	1.07.0000	1.07.0000	1.07.0000
11819	傳奇	1	130943	478	1	255	2	21819	3	1.00.0000	1.07.0000	1.07.0000	1.07.0000
11820	傳奇	1	130943	478	1	255	2	21820	3	1.00.0000	1.07.0000	1.07.0000	1.07.0000
11821	傳奇	1	130943	478	1	255	2	21821	3	1.00.0000	1.07.0000	1.07.0000	1.07.0000
11822	傳奇	1	130943	478	1	255	2	21822	3	1.00.0000	1.07.0000	1.07.0000	1.07.0000
11823	傳奇	1	130943	478	1	255	2	21823	3	1.00.0000	1.07.0000	1.07.0000	1.07.0000
11824	傳奇	1	130943	478	1	255	2	21824	3	1.00.0000	1.07.0000	1.07.0000	1.07.0000
11825	傳奇	1	130943	478	1	255	2	21825	3	1.00.0000	1.07.0000	1.07.0000	1.07.0000
11826	傳奇	1	130943	478	1	255	2	21826	3	1.00.0000	1.07.0000	1.07.0000	1.07.0000
11827	傳奇	1	130943	478	1	255	2	21827	3	1.00.0000	1.07.0000	1.07.0000	1.07.0000
11828	傳奇	1	130943	478	1	255	2	21828	3	1.00.0000	1.07.0000	1.07.0000	1.07.0000
11829	傳奇	1	130943	478	1	255	2	21829	3	1.00.0000	1.07.0000	1.07.0000	1.07.0000
11830	傳奇	1	130943	478	1	255	2	21830	3	1.00.0000	1.07.0000	1.07.0000	1.07.0000
11831	傳奇	1	130943	478	1	255	2	21831	3	1.00.0000	1.07.0000	1.07.0000	1.07.0000
11832	傳奇	1	130943	478	1	255	2	21832	3	1.00.0000	1.07.0000	1.07.0000	1.07.0000
11833	傳奇	1	130943	478	1	255	2	21833	3	1.00.0000	1.07.0000	1.07.0000	1.07.0000
11834	傳奇	1	130943	478	1	255	2	21834	3	1.00.0000	1.07.0000	1.07.0000	1.07.0000
11835	傳奇	1	130943	478	1	255	2	21835	3	1.00.0000	1.07.0000	1.07.0000	1.07.0000
11836	傳奇	1	130943	478	1	255	2	21836	3	1.00.0000	1.07.0000	1.07.0000	1.07.0000
11837	傳奇	1	130943	478	1	255	2	21837	3	1.00.0000	1.07.0000	1.07.0000	1.07.0000
11838	傳奇	1	130943	478	1	255	2	21838	3	1.00.0000	1.07.0000	1.07.0000	1.07.0000
11839	傳奇	1	130943	478	1	255	2	21839	3	1.00.0000	1.07.0000	1.07.0000	1.07.0000
11840	傳奇	1	130943	478	1	255	2	21840	3	1.00.0000	1.07.0000	1.07.0000	1.07.0000
11841	傳奇	1	130943	478	1	255	2	21841	3	1.00.0000	1.07.0000	1.07.0000	1.07.0000
11842	傳奇	1	130943	478	1	255	2	21842	3	1.00.0000	1.07.0000	1.07.0000	1.07.0000
11843	傳奇	1	130943	478	1	255	2	21843	3	1.00.0000	1.07.0000	1.07.0000	1.07.0000
11844	傳奇	1	130943	478	1	255	2	21844	3	1.00.0000	1.07.0000	1.07.0000	1.07.0000
11845	傳奇	1	130943	478	1	255	2	21845	3	1.00.0000	1.07.0000	1.07.0000	1.07.0000
11846	傳奇	1	130943	478	1	255	2	21846	3	1.00.0000	1.07.0000	1.07.0000	1.07.0000
11847	傳奇	1	130943	478	1	255	2	21847	3	1.00.0000	1.07.0000	1.07.0000	1.07.0000
11848	傳奇	1	130943	478	1	255	2	21848	3	1.00.0000	1.07.0000	1.07.0000	1.07.0000
11849	傳奇	1	130943	478	1	255	2	21849	3	1.00.0000	1.07.0000	1.07.0000	1.07.0000
11850	傳奇	1	130943	478	1	255	2	21850	3	1.00.0000	1.07.0000	1.07.0000	1.07.0000
11851	傳奇	1	130943	478	1	255	2	21851	3	1.00.0000	1.07.0000	1.07.0000	1.07.0000
11852	傳奇	1	130943	478	1	255	2	21852	3	1.00.0000	1.07.0000	1.07.0000	1.07.0000
11853	傳奇	1	130943	478	1	255	2	21853	3	1.00.0000	1.07.0000	1.07.0000	1.07.0000
11854	傳奇	1	130943	478	1	255	2	21854	3	1.00.0000	1.07.0000	1.07.0000	1.07.0000
11855	傳奇	1	130943	478	1	255	2	21855	3	1.00.0000	1.07.0000	1.07.0000	1.07.0000
11856	傳奇	1	130943	478	1	255	2	21856	3	1.00.0000	1.07.0000	1.07.0000	1.07.0000
11857	傳奇	1	130943	478	1	255	2	21857	3	1.00.0000	1.07.0000	1.07.0000	1.07.0000
11858	傳奇	1	130943	478	1	255	2	21858	3	1.00.0000	1.07.0000	1.07.0000	1.07.0000
11859	傳奇	1	130943	478	1	255	2	21859	3	1.00.0000	1.07.0000	1.07.0000	1.07.0000
11860	傳奇	1	130943	478	1	255	2	21860	3	1.00.0000	1.07.0000	1.07.0000	1.07.0000
11861	傳奇	1	130943	478	1	255	2	21861	3	1.00.0000	1.07.0000	1.07.0000	1.07.0000
11862	傳奇	1	130943	478	1	255	2	21862	3	1.00.0000	1.07.0000	1.07.0000	1.07.0000
11863	傳奇	1	130943	478	1	255	2	21863	3	1.00.0000	1.07.0000	1.07.0000	1.07.0000
11864	傳奇	1	130943	478	1	255	2	21864	3	1.00.0000	1.07.0000	1.07.0000	1.07.0000
11865	傳奇	1	130943	478	1	255	2	21865	3	1.00.0000	1.07.0000	1.07.0000	1.07.0000
11866	傳奇	1	130943	478	1	255	2	21866	3	1.00.0000	1.07.0000	1.07.0000	1.07.0000
11867	傳奇	1	130943	478	1	255	2	21867	3	1.00.0000	1.07.0000	1.07.0000	1.07.0000
11868	傳奇	1	130943	478	1	255	2	21868	3	1.00.0000	1.07.0000	1.07.0000	1.07.0000
11869	傳奇	1	130943	478	1	255	2	21869	3	1.00.0000	1.07.0000	1.07.0000	1.07.0000
11870	傳奇	1	130943	478	1	255	2	21870	3	1.00.0000	1.07.0000	1.07.0000	1.07.0000
11871	傳奇	1	130943	478	1	255	2	21871	3	1.00.0000	1.07.0000	1.07.0000	1.07.0000
11872	傳奇	1	130943	478	1	255	2	21872	3	1.00.0000	1.07.0000	1.07.0000	1.07.0000
11873	傳奇	1	130943	478	1	255	2	21873	3	1.00.0000	1.07.0000	1.07.0000	1.07.0000
11874	傳奇	1	130943	478	1	255	2	21874	3	1.00.0000	1.07.0000	1.07.0000	1.07.0000
11875	傳奇	1	130943	478	1	255	2	21875	3	1.00.0000	1.07.0000	1.07.0000	1.07.0000
11876	傳奇	1	130943	478	1	255	2	21876	3	1.00.0000	1.07.0000	1.07.0000	1.07.0000
11877	傳奇	1	130943	478	1	255	2	21877	3	1.00.0000	1.07.0000	1.07.0000	1.07.0000
11878	傳奇	1	130943	478	1	255	2	21878	3	1.00.0000	1.07.0000	1.07.0000	1.07.0000
11879	傳奇	1	130943	478	1	255	2	21879	3	1.00.0000	1.07.0000	1.07.0000	1.07.0000
11880	傳奇	1	130943	478	1	255	2	21880	3	1.00.0000	1.07.0000	1.07.0000	1.07.0000
11881	傳奇	1	130943	478	1	255	2	21881	3	1.00.0000	1.07.0000	1.07.0000	1.07.0000
11882	傳奇	1	130943	478	1	255	2	21882	3	1.00.0000	1.07.0000	1.07.0000	1.07.0000
11883	傳奇	1	130943	478	1	255	2	21883	3	1.00.0000	1.07.0000	1.07.0000	1.07.0000
11884	傳奇	1	130943	478	1	255	2	21884	3	1.00.0000	1.07.0000	1.07.0000	1.07.0000
11885	傳奇	1	130943	478	1	255	2	21885	3	1.00.0000	1.07.0000	1.07.0000	1.07.0000
11886	傳奇	1	130943	478	1	255	2	21886	3	1.00.0000	1.07.0000	1.07.0000	1.07.0000
11887	傳奇	1	130943	478	1	255	2	21887	3	1.00.0000	1.07.0000	1.07.0000	1.07.0000
11888	傳奇	1	130943	478	1	255	2	21888	3	1.00.0000	1.07.0000	1.07.0000	1.07.0000
11889	傳奇	1	130943	478	1	255	2	21889	3	1.00.0000	1.07.0000	1.07.0000	1.07.0000
11890	傳奇	1	130943	478	1	255	2	21890	3	1.00.0000	1.07.0000	1.07.0000	1.07.0000
11891	傳奇	1	130943	478	1	255	2	21891	3	1.00.0000	1.07.0000	1.07.0000	1.07.0000
11892	傳奇	1	130943	478	1	255	2	21892	3	1.00.0000	1.07.0000	1.07.0000	1.07.0000
11893	傳奇	1	130943	478	1	255	2	21893	3	1.00.0000	1.07.0000	1.07.0000	1.07.0000
11894	傳奇	1	130943	478	1	255	2	21894	3	1.00.0000	1.07.0000	1.07.0000	1.07.0000
11895	傳奇	1	130943	478	1	255	2	21895	3	1.00.0000	1.07.0000	1.07.0000	1.07.0000
11896	傳奇	1	130943	478	1	255	2	21896	3	1.00.0000	1.07.0000	1.07.0000	1.07.0000
11897	傳奇	1	130943	478	1	255	2	21897	3	1.00.0000	1.07.0000	1.07.0000	1.07.0000
11898	傳奇	1	130943	478	1	255	2	21898	3	1.00.0000	1.07.0000	1.07.0000	1.07.0000
11899	傳奇	1	130943	478	1	255	2	21899	3	1.00.0000	1.07.0000	1.07.0000	1.07.0000
11900	傳奇	1	130943	478	1	255	2	21900	3	1.00.0000	1.07.0000	1.07.0000	1.07.0000
11901	傳奇	1	130943	478	1	255	2	21901	3	1.00.0000	1.07.0000	1.07.0000	1.07.0000
11902	傳奇	1	130943	478	1	255	2	21902	3	1.00.0000	1.07.0000	1.07.0000	1.07.0000
11903	傳奇	1	130943	478	1	255	2	21903	3	1.00.0000	1.07.0000	1.07.0000	1.07.0000
11904	傳奇	1	130943	478	1	255	2	21904	3	1.00.0000	1.07.0000	1.07.0000	1.07.0000
11905	傳奇	1	130943	478	1	255	2	21905	3	1.00.0000	1.07.0000	1.07.0000	1.07.0000
11906	傳奇	1	130943	478	1	255	2	21906	3	1.00.0000	1.07.0000	1.07.0000	1.07.0000
11907	傳奇	1	130943	478	1	255	2	21907	3	1.00.0000	1.07.0000	1.07.0000	1.07.0000
11908	傳奇	1	130943	478	1	255	2	21908	3	1.00.0000	1.07.0000	1.07.0000	1.07.0000
11909	傳奇	1	130943	478	1	255	2	21909	3	1.00.0000	1.07.0000	1.07.0000	1.07.0000
11910	傳奇	1	130943	478	1	255	2	21910	3	1.00.0000	1.07.0000	1.07.0000	1.07.0000
11911	傳奇	1	130943	478	1	255	2	21911	3	1.00.0000	1.07.0000	1.07.0000	1.07.0000
11912	傳奇	1	130943	478	1	255	2	21912	3	1.00.0000	1.07.0000	1.07.0000	1.07.0000
11913	傳奇	1	130943	478	1	255	2	21913	3	1.00.0000	1.07.0000	1.07.0000	1.07.0000
11914	傳奇	1	130943	478	1	255	2	21914	3	1.00.0000	1.07.0000	1.07.0000	1.07.0000
11915	傳奇	1	130943	478	1	255	2	21915	3	1.00.0000	1.07.0000	1.07.0000	1.07.0000
11916	傳奇	1	130943	478	1	255	2	21916	3	1.00.0000	1.07.0000	1.07.0000	1.07.0000
11917	傳奇	1	130943	478	1	255	2	21917	3	1.00.0000	1.07.0000	1.07.0000	1.07.0000
11918	傳奇	1	130943	478	1	255	2	21918	3	1.00.0000	1.07.0000	1.07.0000	1.07.0000
11919	傳奇	1	130943	478	1	255	2	21919	3	1.00.0000	1.07.0000	1.07.0000	1.07.0000
11920	傳奇	1	130943	478	1	255	2	21920	3	1.00.0000	1.07.0000	1.07.0000	1.07.0000
11921	傳奇	1	130943	478	1	255	2	21921	3	1.00.0000	1.07.0000	1.07.0000	1.07.0000
11922	傳奇	1	130943	478	1	255	2	21922	3	1.00.0000	1.07.0000	1.07.0000	1.07.0000
11923	傳奇	1	130943	478	1	255	2	21923	3	1.00.0000	1.07.0000	1.07.0000	1.07.0000
11924	傳奇	1	130943	478	1	255	2	21924	3	1.00.0000	1.07.0000	1.07.0000	1.07.0000
11925	傳奇	1	130943	478	1	255	2	21925	3	1.00.0000	1.07.0000	1.07.0000	1.07.0000
11926	傳奇	1	130943	478	1	255	2	21926	3	1.00.0000	1.07.0000	1.07.0000	1.07.0000
11927	傳奇	1	130943	478	1	255	2	21927	3	1.00.0000	1.07.0000	1.07.0000	1.07.0000
11928	傳奇	1	130943	478	1	255	2	21928	3	1.00.0000	1.07.0000	1.07.0000	1.07.0000
11929	傳奇	1	130943	478	1	255	2	21929	3	1.00.0000	1.07.0000	1.07.0000	1.07.0000
11930	傳奇	1	130943	478	1	255	2	21930	3	1.00.0000	1.07.0000	1.07.0000	1.07.0000
11931	傳奇	1	130943	478	1	255	2	21931	3	1.00.0000	1.07.0000	1.07.0000	1.07.0000
11932	傳奇	1	130943	478	1	255	2	21932	3	1.00.0000	1.07.0000	1.07.0000	1.07.0000
11933	傳奇	1	130943	478	1	255	2	21933	3	1.00.0000	1.07.0000	1.07.0000	1.07.0000
11934	傳奇	1	130943	478	1	255	2	21934	3	1.00.0000	1.07.0000	1.07.0000	1.07.0000
11935	傳奇	1	130943	478	1	255	2	21935	3	1.00.0000	1.07.0000	1.07.0000	1.07.0000
11936	傳奇	1	130943	478	1	255	2	21936	3	1.00.0000	1.07.0000	1.07.0000	1.07.0000
11937	傳奇	1	130943	478	1	255	2	21937	3	1.00.0000	1.07.0000	1.07.0000	1.07.0000
11938	傳奇	1	130943	478	1	255	2	21938	3	1.00.0000	1.07.0000	1.07.0000	1.07.0000
11939	傳奇	1	130943	478	1	255	2	21939	3	1.00.0000	1.07.0000	1.07.0000	1.07.0000
11940	傳奇	1	130943	478	1	255	2	21940	3	1.00.0000	1.07.0000	1.07.0000	1.07.0000
11941	傳奇	1	130943	478	1	255	2	21941	3	1.00.0000	1.07.0000	1.07.0000	1.07.0000
11942	傳奇	1	130943	478	1	255	2	21942	3	1.00.0000	1.07.0000	1.07.0000	1.07.0000
11943	傳奇	1	130943	478	1	255	2	21943	3	1.00.0000	1.07.0000	1.07.0000	1.07.0000
11944	傳奇	1	130943	478	1	255	2	21944	3	1.00.0000	1.07.0000	1.07.0000	1.07.0000
11945	傳奇	1	130943	478	1	255	2	21945	3	1.00.0000	1.07.0000	1.07.0000	1.07.0000
11946	傳奇	1	130943	478	1	255	2	21946	3	1.00.0000	1.07.0000	1.07.0000	1.07.0000
11947	傳奇	1	130943	478	1	255	2	21947	3	1.00.0000	1.07.0000	1.07.0000	1.07.0000
11948	傳奇	1	130943	478	1	255	2	21948	3	1.00.0000	1.07.0000	1.07.0000	1.07.0000
11949	傳奇	1	130943	478	1	255	2	21949	3	1.00.0000	1.07.0000	1.07.0000	1.07.0000
11950	傳奇	1	130943	478	1	255	2	21950	3	1.00.0000	1.07.0000	1.07.0000	1.07.0000
11951	傳奇	1	130943	478	1	255	2	21951	3	1.00.0000	1.07.0000	1.07.0000	1.07.0000
11952	傳奇	1	130943	478	1	255	2	21952	3	1.00.0000	1.07.0000	1.07.0000	1.07.0000
11953	傳奇	1	130943	478	1	255	2	21953	3	1.00.0000	1.07.0000	1.07.0000	1.07.0000
11954	傳奇	1	130943	478	1	255	2	21954	3	1.00.0000	1.07.0000	1.07.0000	1.07.0000
11955	傳奇	1	130943	478	1	255	2	21955	3	1.00.0000	1.07.0000	1.07.0000	1.07.0000
11956	傳奇	1	130943	478	1	255	2	21956	3	1.00.0000	1.07.0000	1.07.0000	1.07.0000
11957	傳奇	1	130943	478	1	255	2	21957	3	1.00.0000	1.07.0000	1.07.0000	1.07.0000
11958	傳奇	1	130943	478	1	255	2	21958	3	1.00.0000	1.07.0000	1.07.0000	1.07.0000
11959	傳奇	1	130943	478	1	255	2	21959	3	1.00.0000	1.07.0000	1.07.0000	1.07.0000
11960	傳奇	1	130943	478	1	255	2	21960	3	1.00.0000	1.07.0000	1.07.0000	1.07.0000
11961	傳奇	1	130943	478	1	255	2	21961	3	1.00.0000	1.07.0000	1.07.0000	1.07.0000
11962	傳奇	1	130943	478	1	255	2	21962	3	1.00.0000	1.07.0000	1.07.0000	1.07.0000
11963	傳奇	1	130943	478	1	255	2	21963	3	1.00.0000	1.07.0000	1.07.0000	1.07.0000
11964	傳奇	1	130943	478	1	255	2	21964	3	1.00.0000	1.07.0000	1.07.0000	1.07.0000
11965	傳奇	1	130943	478	1	255	2	21965	3	1.00.0000	1.07.0000	1.07.0000	1.07.0000
11966	傳奇	1	130943	478	1	255	2	21966	3	1.00.0000	1.07.0000	1.07.0000	1.07.0000
11967	傳奇	1	130943	478	1	255	2	21967	3	1.00.0000	1.07.0000	1.07.0000	1.07.0000
11968	傳奇	1	130943	478	1	255	2	21968	3	1.00.0000	1.07.0000	1.07.0000	1.07.0000
11969	傳奇	1	130943	478	1	255	2	21969	3	1.00.0000	1.07.0000	1.07.0000	1.07.0000
11970	傳奇	1	130943	478	1	255	2	21970	3	1.00.0000	1.07.0000	1.07.0000	1.07.0000
11971	傳奇	1	130943	478	1	255	2	21971	3	1.00.0000	1.07.0000	1.07.0000	1.07.0000
11972	傳奇	1	130943	478	1	255	2	21972	3	1.00.0000	1.07.0000	1.07.0000	1.07.0000
11973	傳奇	1	130943	478	1	255	2	21973	3	1.00.0000	1.07.0000	1.07.0000	1.07.0000
11974	傳奇	1	130943	478	1	255	2	21974	3	1.00.0000	1.07.0000	1.07.0000	1.07.0000
11975	傳奇	1	130943	478	1	255	2	21975	3	1.00.0000	1.07.0000	1.07.0000	1.07.0000
11976	傳奇	1	130943	478	1	255	2	21976	3	1.00.0000	1.07.0000	1.07.0000	1.07.0000
11977	傳奇	1	130943	478	1	255	2	21977	3	1.00.0000	1.07.0000	1.07.0000	1.07.0000
11978	傳奇	1	130943	478	1	255	2	21978	3	1.00.0000	1.07.0000	1.07.0000	1.07.0000
11979	傳奇	1	130943	478	1	255	2	21979	3	1.00.0000	1.07.0000	1.07.0000	1.07.0000
11980	傳奇	1	130943	478	1	255	2	21980	3	1.00.0000	1.07.0000	1.07.0000	1.07.0000
11981	傳奇	1	130943	478	1	255	2	21981	3	1.00.0000	1.07.0000	1.07.0000	1.07.0000
11982	傳奇	1	130943	478	1	255	2	21982	3	1.00.0000	1.07.0000	1.07.0000	1.07.0000
11983	傳奇	1	130943	478	1	255	2	21983	3	1.00.0000	1.07.0000	1.07.0000	1.07.0000
11984	傳奇	1	130943	478	1	255	2	21984	3	1.00.0000	1.07.0000	1.07.0000	1.07.0000
11985	傳奇	1	130943	478	1	255	2	21985	3	1.00.0000	1.07.0000	1.07.0000	1.07.0000
11986	傳奇	1	130943	478	1	255	2	21986	3	1.00.0000	1.07.0000	1.07.0000	1.07.0000
11987	傳奇	1	130943	478	1	255	2	21987	3	1.00.0000	1.07.0000	1.07.0000	1.07.0000
11988	傳奇	1	130943	478	1	255	2	21988	3	1.00.0000	1.07.0000	1.07.0000	1.07.0000
11989	傳奇	1	130943	478	1	255	2	21989	3	1.00.0000	1.07.0000	1.07.0000	1.07.0000
11990	傳奇	1	130943	478	1	255	2	21990	3	1.00.0000	1.07.0000	1.07.0000	1.07.0000
11991	傳奇	1	130943	478	1	255	2	21991	3	1.00.0000	1.07.0000	1.07.0000	1.07.0000
11992	傳奇	1	130943	478	1	255	2	21992	3	1.00.0000	1.07.0000	1.07.0000	1.07.0000
11993	傳奇	1	130943	478	1	255	2	21993	3	1.00.0000	1.07.0000	1.07.0000	1.07.0000
11994	傳奇	1	130943	478	1	255	2	21994	3	1.00.0000	1.07.0000	1.07.0000	1.07.0000
11995	傳奇	1	130943	478	1	255	2	21995	3	1.00.0000	1.07.0000	1.07.0000	1.07.0000
11996	傳奇	1	130943	478	1	255	2	21996	3	1.00.0000	1.07.0000	1.07.0000	1.07.0000
11997	傳奇	1	130943	478	1	255	2	21997	3	1.00.0000	1.07.0000	1.07.0000	1.07.0000
11998	傳奇	1	130943	478	1	255	2	21998	3	1.00.0000	1.07.0000	1.07.0000	1.07.0000
11999	傳奇	1	130943	478	1	255	2	21999	3	1.00.0000	1.07.0000	1.07.0000	1.07.0000
12000	傳奇	1	130943	478	1	255	2	22000	3	1.00.0000	1.07.0000	1.07.0000	1.07.0000
12001	傳奇	1	130943	478	1	255	2	22001	3	1.00.0000	1.07.0000	1.07.0000	1.07.0000
12002	傳奇	1	130943	478	1	255	2	22002	3	1.00.0000	1.07.0000	1.07.0000	1.07.0000
12003	傳奇	1	130943	478	1	255	2	22003	3	1.00.0000	1.07.0000	1.07.0000	1.07.0000
12004	傳奇	1	130943	478	1	255	2	22004	3	1.00.0000	1.07.0000	1.07.0000	1.07.0000
12005	傳奇	1	130943	478	1	255	2	22005	3	1.00.0000	1.07.0000	1.07.0000	1.07.0000
12006	傳奇	1	130943	478	1	255	2	22006	3	1.00.0000	1.07.0000	1.07.0000	1.07.0000
12007	傳奇	1	130943	478	1	255	2	22007	3	1.00.0000	1.07.0000	1.07.0000	1.07.0000
12008	傳奇	1	130943	478	1	255	2	22008	3	1.00.0000	1.07.0000	1.07.0000	1.07.0000
12009	傳奇	1	130943	478	1	255	2	22009	3	1.00.0000	1.07.0000	1.07.0000	1.07.0000
12010	傳奇	1	130943	478	1	255	2	22010	3	1.00.0000	1.07.0000	1.07.0000	1.07.0000
12011	傳奇	1	130943	478	1	255	2	22011	3	1.00.0000	1.07.0000	1.07.0000	1.07.0000
12012	傳奇	1	130943	478	1	255	2	22012	3	1.00.0000	1.07.0000	1.07.0000	1.07.0000
12013	傳奇	1	130943	478	1	255	2	22013	3	1.00.0000	1.07.0000	1.07.0000	1.07.0000
12014	傳奇	1	130943	478	1	255	2	22014	3	1.00.0000	1.07.0000	1.07.0000	1.07.0000
12015	傳奇	1	130943	478	1	255	2	22015	3	1.00.0000	1.07.0000	1.07.0000	1.07.0000
12016	傳奇	1	130943	478	1	255	2	22016	3	1.00.0000	1.07.0000	1.07.0000	1.07.0000
12017	傳奇	1	130943	478	1	255	2	22017	3	1.00.0000	1.07.0000	1.07.0000	1.07.0000
12018	傳奇	1	130943	478	1	255	2	22018	3	1.00.0000	1.07.0000	1.07.0000	1.07.0000
12019	傳奇	1	130943	478	1	255	2	22019	3	1.00.0000	1.07.0000	1.07.0000	1.07.0000
12020	傳奇	1	130943	478	1	255	2	22020	3	1.00.0000	1.07.0000	1.07.0000	1.07.0000
12021	傳奇	1	130943	478	1	255	2	22021	3	1.00.0000	1.07.0000	1.07.0000	1.07.0000
12022	傳奇	1	130943	478	1	255	2	22022	3	1.00.0000	1.07.0000	1.07.0000	1.07.0000
12023	傳奇	1	130943	478	1	255	2	22023	3	1.00.0000	1.07.0000	1.07.0000	1.07.0000
12024	傳奇	1	130943	478	1	255	2	22024	3	1.00.0000	1.07.0000	1.07.0000	1.07.0000
12025	傳奇	1	130943	478	1	255	2	22025	3	1.00.0000	1.07.0000	1.07.0000	1.07.0000
12026	傳奇	1	130943	478	1	255	2	22026	3	1.00.0000	1.07.0000	1.07.0000	1.07.0000
12027	傳奇	1	130943	478	1	255	2	22027	3	1.00.0000	1.07.0000	1.07.0000	1.07.0000
12028	傳奇	1	130943	478	1	255	2	22028	3	1.00.0000	1.07.0000	1.07.0000	1.07.0000
12029	傳奇	1	130943	478	1	255	2	22029	3	1.00.0000	1.07.0000	1.07.0000	1.07.0000
12030	傳奇	1	130943	478	1	255	2	22030	3	1.00.0000	1.07.0000	1.07.0000	1.07.0000
12031	傳奇	1	130943	478	1	255	2	22031	3	1.00.0000	1.07.0000	1.07.0000	1.07.0000
12032	傳奇	1	130943	478	1	255	2	22032	3	1.00.0000	1.07.0000	1.07.0000	1.07.0000
12033	傳奇	1	130943	478	1	255	2	22033	3	1.00.0000	1.07.0000	1.07.0000	1.07.0000
12034	傳奇	1	130943	478	1	255	2	22034	3	1.00.0000	1.07.0000	1.07.0000	1.07.0000
12035	傳奇	1	130943	478	1	255	2	22035	3	1.00.0000	1.07.0000	1.07.0000	1.07.0000
12036	傳奇	1	130943	478	1	255	2	22036	3	1.00.0000	1.07.0000	1.07.0000	1.07.0000
12037	傳奇	1	130943	478	1	255	2	22037	3	1.00.0000	1.07.0000	1.07.0000	1.07.0000
12038	傳奇	1	130943	478	1	255	2	22038	3	1.00.0000	1.07.0000	1.07.0000	1.07.0000
12039	傳奇	1	130943	478	1	255	2	22039	3	1.00.0000	1.07.0000	1.07.0000	1.07.0000
12040	傳奇	1	130943	478	1	255	2	22040	3	1.00.0000	1.07.0000	1.07.0000	1.07.0000
12041	傳奇	1	130943	478	1	255	2	22041	3	1.00.0000	1.07.0000	1.07.0000	1.07.0000
12042	傳奇	1	130943	478	1	255	2	22042	3	1.00.0000	1.07.0000	1.07.0000	1.07.0000
12043	傳奇	1	130943	478	1	255	2	22043	3	1.00.0000	1.07.0000	1.07.0000	1.07.0000
12044	傳奇	1	130943	478	1	255	2	22044	3	1.00.0000	1.07.0000	1.07.0000	1.07.0000
12045	傳奇	1	130943	478	1	255	2	22045	3	1.00.0000	1.07.0000	1.07.0000	1.07.0000
12046	傳奇	1	130943	478	1	255	2	22046	3	1.00.0000	1.07.0000	1.07.0000	1.07.0000
12047	傳奇	1	130943	478	1	255	2	22047	3	1.00.0000	1.07.0000	1.07.0000	1.07.0000
12048	傳奇	1	130943	478	1	255	2	22048	3	1.00.0000	1.07.0000	1.07.0000	1.07.0000
12049	傳奇	1	130943	478	1	255	2	22049	3	1.00.0000	1.07.0000	1.07.0000	1.07.0000
12050	傳奇	1	130943	478	1	255	2	22050	3	1.00.0000	1.07.0000	1.07.0000	1.07.0000
12051	傳奇	1	130943	478	1	255	2	22051	3	1.00.0000	1.07.0000	1.07.0000	1.07.0000
12052	傳奇	1	130943	478	1	255	2	22052	3	1.00.0000	1.07.0000	1.07.0000	1.07.0000
12053	傳奇	1	130943	478	1	255	2	22053	3	1.00.0000	1.07.0000	1.07.0000	1.07.0000
12054	傳奇	1	130943	478	1	255	2	22054	3	1.00.0000	1.07.0000	1.07.0000	1.07.0000
12055	傳奇	1	130943	478	1	255	2	22055	3	1.00.0000	1.07.0000	1.07.0000	1.07.0000
12056	傳奇	1	130943	478	1	255	2	22056	3	1.00.0000	1.07.0000	1.07.0000	1.07.0000
12057	傳奇	1	130943	478	1	255	2	22057	3	1.00.0000	1.07.0000	1.07.0000	1.07.0000
12058	傳奇	1	130943	478	1	255	2	22058	3	1.00.0000	1.07.0000	1.07.0000	1.07.0000
12059	傳奇	1	130943	478	1	255	2	22059	3	1.00.0000	1.07.0000	1.07.0000	1.07.0000
12060	傳奇	1	130943	478	1	255	2	22060	3	1.00.0000	1.07.0000	1.07.0000	1.07.0000
12061	傳奇	1	130943	478	1	255	2	22061	3	1.00.0000	1.07.0000	1.07.0000	1.07.0000
12062	傳奇	1	130943	478	1	255	2	22062	3	1.00.0000	1.07.0000	1.07.0000	1.07.0000
12063	傳奇	1	130943	478	1	255	2	22063	3	1.00.0000	1.07.0000	1.07.0000	1.07.0000
12064	傳奇	1	130943	478	1	255	2	22064	3	1.00.0000	1.07.0000	1.07.0000	1.07.0000
12065	傳奇	1	130943	478	1	255	2	22065	3	1.00.0000	1.07.0000	1.07.0000	1.07.0000
12066	傳奇	1	130943	478	1	255	2	22066	3	1.00.0000	1.07.0000	1.07.0000	1.07.0000
12067	傳奇	1	130943	478	1	255	2	22067	3	1.00.0000	1.07.0000	1.07.0000	1.07.0000
12068	傳奇	1	130943	478	1	255	2	22068	3	1.00.0000	1.07.0000	1.07.0000	1.07.0000
12069	傳奇	1	130943	478	1	255	2	22069	3	1.00.0000	1.07.0000	1.07.0000	1.07.0000
12070	傳奇	1	130943	478	1	255	2	22070	3	1.00.0000	1.07.0000	1.07.0000	1.07.0000
12071	傳奇	1	130943	478	1	255	2	22071	3	1.00.0000	1.07.0000	1.07.0000	1.07.0000
12072	傳奇	1	130943	478	1	255	2	22072	3	1.00.0000	1.07.0000	1.07.0000	1.07.0000
12073	傳奇	1	130943	478	1	255	2	22073	3	1.00.0000	1.07.0000	1.07.0000	1.07.0000
12074	傳奇	1	130943	478	1	255	2	22074	3	1.00.0000	1.07.0000	1.07.0000	1.07.0000
12075	傳奇	1	130943	478	1	255	2	22075	3	1.00.0000	1.07.0000	1.07.0000	1.07.0000
12076	傳奇	1	130943	478	1	255	2	22076	3	1.00.0000	1.07.0000	1.07.0000	1.07.0000
12077	傳奇	1	130943	478	1	255	2	22077	3	1.00.0000	1.07.0000	1.07.0000	1.07.0000
12078	傳奇	1	130943	478	1	255	2	22078	3	1.00.0000	1.07.0000	1.07.0000	1.07.0000
12079	傳奇	1	130943	478	1	255	2	22079	3	1.00.0000	1.07.0000	1.07.0000	1.07.0000
12080	傳奇	1	130943	478	1	255	2	22080	3	1.00.0000	1.07.0000	1.07.0000	1.07.0000
12081	傳奇	1	130943	478	1	255	2	22081	3	1.00.0000	1.07.0000	1.07.0000	1.07.0000
12082	傳奇	1	130943	478	1	255	2	22082	3	1.00.0000	1.07.0000	1.07.0000	1.07.0000
12083	傳奇	1	130943	478	1	255	2	22083	3	1.00.0000	1.07.0000	1.07.0000	1.07.0000
12084	傳奇	1	130943	478	1	255	2	22084	3	1.00.0000	1.07.0000	1.07.0000	1.07.0000
12085	傳奇	1	130943	478	1	255	2	22085	3	1.00.0000	1.07.0000	1.07.0000	1.07.0000
12086	傳奇	1	130943	478	1	255	2	22086	3	1.00.0000	1.07.0000	1.07.0000	1.07.0000
12087	傳奇	1	130943	478	1	255	2	22087	3	1.00.0000	1.07.0000	1.07.0000	1.07.0000
12088	傳奇	1	130943	478	1	255	2	22088	3	1.00.0000	1.07.0000	1.07.0000	1.07.0000
12089	傳奇	1	130943	478	1	255	2	22089	3	1.00.0000	1.07.0000	1.07.0000	1.07.0000
12090	傳奇	1	130943	478	1	255	2	22090	3	1.00.0000	1.07.0000	1.07.0000	1.07.0000
12091	傳奇	1	130943	478	1	255	2	22091	3	1.00.0000	1.07.0000	1.07.0000	1.07.0000
12092	傳奇	1	130943	478	1	255	2	22092	3	1.00.0000	1.07.0000	1.07.0000	1.07.0000
12093	傳奇	1	130943	478	1	255	2	22093	3	1.00.0000	1.07.0000	1.07.0000	1.07.0000
12094	傳奇	1	130943	478	1	255	2	22094	3	1.00.0000	1.07.0000	1.07.0000	1.07.0000
12095	傳奇	1	130943	478	1	255	2	22095	3	1.00.0000	1.07.0000	1.07.0000	1.07.0000
12096	傳奇	1	130943	478	1	255	2	22096	3	1.00.0000	1.07.0000	1.07.0000	1.07.0000
12097	傳奇	1	130943	478	1	255	2	22097	3	1.00.0000	1.07.0000	1.07.0000	1.07.0000
12098	傳奇	1	130943	478	1	255	2	22098	3	1.00.0000	1.07.0000	1.07.0000	1.07.0000
12099	傳奇	1	130943	478	1	255	2	22099	3	1.00.0000	1.07.0000	1.07.0000	1.07.0000
12100	傳奇	1	130943	478	1	255	2	22100	3	1.00.0000	1.07.0000	1.07.0000	1.07.0000
12101	傳奇	1	130943	478	1	255	2	22101	3	1.00.0000	1.07.0000	1.07.0000	1.07.0000
12102	傳奇	1	130943	478	1	255	2	22102	3	1.00.0000	1.07.0000	1.07.0000	1.07.0000
12103	傳奇	1	130943	478	1	255	2	22103	3	1.00.0000	1.07.0000	1.07.0000	1.07.0000
12104	傳奇	1	130943	478	1	255	2	22104	3	1.00.0000	1.07.0000	1.07.0000	1.07.0000
12105	傳奇	1	130943	478	1	255	2	22105	3	1.00.0000	1.07.0000	1.07.0000	1.07.0000
12106	傳奇	1	130943	478	1	255	2	22106	3	1.00.0000	1.07.0000	1.07.0000	1.07.0000
12107	傳奇	1	130943	478	1	255	2	22107	3	1.00.0000	1.07.0000	1.07.0000	1.07.0000
12108	傳奇	1	130943	478	1	255	2	22108	3	1.00.0000	1.07.0000	1.07.0000	1.07.0000
12109	傳奇	1	130943	478	1	255	2	22109	3	1.00.0000	1.07.0000	1.07.0000	1.07.0000
12110	傳奇	1	130943	478	1	255	2	22110	3	1.00.0000	1.07.0000	1.07.0000	1.07.0000
12111	傳奇	1	130943	478	1	255	2	22111	3	1.00.0000	1.07.0000	1.07.0000	1.07.0000
12112	傳奇	1	130943	478	1	255	2	22112	3	1.00.0000	1.07.0000	1.07.0000	1.07.0000
12113	傳奇	1	130943	478	1	255	2	22113	3	1.00.0000	1.07.0000	1.07.0000	1.07.0000
12114	傳奇	1	130943	478	1	255	2	22114	3	1.00.0000	1.07.0000	1.07.0000	1.07.0000
12115	傳奇	1	130943	478	1	255	2	22115	3	1.00.0000	1.07.0000	1.07.0000	1.07.0000
12116	傳奇	1	130943	478	1	255	2	22116	3	1.00.0000	1.07.0000	1.07.0000	1.07.0000
12117	傳奇	1	130943	478	1	255	2	22117	3	1.00.0000	1.07.0000	1.07.0000	1.07.0000
12118	傳奇	1	130943	478	1	255	2	22118	3	1.00.0000	1.07.0000	1.07.0000	1.07.0000
12119	傳奇	1	130943	478	1	255	2	22119	3	1.00.0000	1.07.0000	1.07.0000	1.07.0000
12120	傳奇	1	130943	478	1	255	2	22120	3	1.00.0000	1.07.0000	1.07.0000	1.07.0000
12121	傳奇	1	130943	478	1	255	2	22121	3	1.00.0000	1.07.0000	1.07.0000	1.07.0000
12122	傳奇	1	130943	478	1	255	2	22122	3	1.00.0000	1.07.0000	1.07.0000	1.07.0000
12123	傳奇	1	130943	478	1	255	2	22123	3	1.00.0000	1.07.0000	1.07.0000	1.07.0000
12124	傳奇	1	130943	478	1	255	2	22124	3	1.00.0000	1.07.0000	1.07.0000	1.07.0000
12125	傳奇	1	130943	478	1	255	2	22125	3	1.00.0000	1.07.0000	1.07.0000	1.07.0000
12126	傳奇	1	130943	478	1	255	2	22126	3	1.00.0000	1.07.0000	1.07.0000	1.07.0000
12127	傳奇	1	130943	478	1	255	2	22127	3	1.00.0000	1.07.0000	1.07.0000	1.07.0000
12128	傳奇	1	130943	478	1	255	2	22128	3	1.00.0000	1.07.0000	1.07.0000	1.07.0000
12129	傳奇	1	130943	478	1	255	2	22129	3	1.00.0000	1.07.0000	1.07.0000	1.07.0000
12130	傳奇	1	130943	478	1	255	2	22130	3	1.00.0000	1.07.0000	1.07.0000	1.07.0000
12131	傳奇	1	130943	478	1	255	2	22131	3	1.00.0000	1.07.0000	1.07.0000	1.07.0000
12132	傳奇	1	130943	478	1	255	2	22132	3	1.00.0000	1.07.0000	1.07.0000	1.07.0000
12133	傳奇	1	130943	478	1	255	2	22133	3	1.00.0000	1.07.0000	1.07.0000	1.07.0000
12134	傳奇	1	130943	478	1	255	2	22134	3	1.00.0000	1.07.0000	1.07.0000	1.07.0000
12135	傳奇	1	130943	478	1	255	2	22135	3	1.00.0000	1.07.0000	1.07.0000	1.07.0000
12136	傳奇	1	130943	478	1	255	2	22136	3	1.00.0000	1.07.0000	1.07.0000	1.07.0000
12137	傳奇	1	130943	478	1	255	2	22137	3	1.00.0000	1.07.0000	1.07.0000	1.07.0000
12138	傳奇	1	130943	478	1	255	2	22138	3	1.00.0000	1.07.0000	1.07.0000	1.07.0000
12139	傳奇	1	130943	478	1	255	2	22139	3	1.00.0000	1.07.0000	1.07.0000	1.07.0000
12140	傳奇	1	130943	478	1	255	2	22140	3	1.00.0000	1.07.0000	1.07.0000	1.07.0000
12141	傳奇	1	130943	478	1	255	2	22141	3	1.00.0000	1.07.0000	1.07.0000	1.07.0000
12142	傳奇	1	130943	478	1	255	2	22142	3	1.00.0000	1.07.0000	1.07.0000	1.07.0000
12143	傳奇	1	130943	478	1	255	2	22143	3	1.00.0000	1.07.0000	1.07.0000	1.07.0000
12144	傳奇	1	130943	478	1	255	2	22144	3	1.00.0000	1.07.0000	1.07.0000	1.07.0000
12145	傳奇	1	130943	478	1	255	2	22145	3	1.00.0000	1.07.0000	1.07.0000	1.07.0000
12146	傳奇	1	130943	478	1	255	2	22146	3	1.00.0000	1.07.0000	1.07.0000	1.07.0000
12147	傳奇	1	130943	478	1	255	2	22147	3	1.00.0000	1.07.0000	1.07.0000	1.07.0000
12148	傳奇	1	130943	478	1	255	2	22148	3	1.00.0000	1.07.0000	1.07.0000	1.07.0000
12149	傳奇	1	130943	478	1	255	2	22149	3	1.00.0000	1.07.0000	1.07.0000	1.07.0000
12150	傳奇	1	130943	478	1	255	2	22150	3	1.00.0000	1.07.0000	1.07.0000	1.07.0000
12151	傳奇	1	130943	478	1	255	2	22151	3	1.00.0000	1.07.0000	1.07.0000	1.07.0000
12152	傳奇	1	130943	478	1	255	2	22152	3	1.00.0000	1.07.0000	1.07.0000	1.07.0000
12153	傳奇	1	130943	478	1	255	2	22153	3	1.00.0000	1.07.0000	1.07.0000	1.07.0000
12154	傳奇	1	130943	478	1	255	2	22154	3	1.00.0000	1.07.0000	1.07.0000	1.07.0000
12155	傳奇	1	130943	478	1	255	2	22155	3	1.00.0000	1.07.0000	1.07.0000	1.07.0000
12156	傳奇	1	130943	478	1	255	2	22156	3	1.00.0000	1.07.0000	1.07.0000	1.07.0000
12157	傳奇	1	130943	478	1	255	2	22157	3	1.00.0000	1.07.0000	1.07.0000	1.07.0000
12158	傳奇	1	130943	478	1	255	2	22158	3	1.00.0000	1.07.0000	1.07.0000	1.07.0000
12159	傳奇	1	130943	478	1	255	2	22159	3	1.00.0000	1.07.0000	1.07.0000	1.07.0000
12160	傳奇	1	130943	478	1	255	2	22160	3	1.00.0000	1.07.0000	1.07.0000	1.07.0000
12161	傳奇	1	130943	478	1	255	2	22161	3	1.00.0000	1.07.0000	1.07.0000	1.07.0000
12162	傳奇	1	130943	478	1	255	2	22162	3	1.00.0000	1.07.0000	1.07.0000	1.07.0000
12163	傳奇	1	130943	478	1	255	2	22163	3	1.00.0000	1.07.0000	1.07.0000	1.07.0000
12164	傳奇	1	130943	478	1	255	2	22164	3	1.00.0000	1.07.0000	1.07.0000	1.07.0000
12165	傳奇	1	130943	478	1	255	2	22165	3	1.00.0000	1.07.0000	1.07.0000	1.07.0000
12166	傳奇	1	130943	478	1	255	2	22166	3	1.00.0000	1.07.0000	1.07.0000	1.07.0000
12167	傳奇	1	130943	478	1	255	2	22167	3	1.00.0000	1.07.0000	1.07.0000	1.07.0000
12168	傳奇	1	130943	478	1	255	2	22168	3	1.00.0000	1.07.0000	1.07.0000	1.07.0000
12169	傳奇	1	130943	478	1	255	2	22169	3	1.00.0000	1.07.0000	1.07.0000	1.07.0000
12170	傳奇	1	130943	478	1	255	2	22170	3	1.00.0000	1.07.0000	1.07.0000	1.07.0000
12171	傳奇	1	130943	478	1	255	2	22171	3	1.00.0000	1.07.0000	1.07.0000	1.07.0000
12172	傳奇	1	130943	478	1	255	2	22172	3	1.00.0000	1.07.0000	1.07.0000	1.07.0000
12173	傳奇	1	130943	478	1	255	2	22173	3	1.00.0000	1.07.0000	1.07.0000	1.07.0000
12174	傳奇	1	130943	478	1	255	2	22174	3	1.00.0000	1.07.0000	1.07.0000	1.07.0000
12175	傳奇	1	130943	478	1	255	2	22175	3	1.00.0000	1.07.0000	1.07.0000	1.07.0000
12176	傳奇	1	130943	478	1	255	2	22176	3	1.00.0000	1.07.0000	1.07.0000	1.07.0000
12177	傳奇	1	130943	478	1	255	2	22177	3	1.00.0000	1.07.0000	1.07.0000	1.07.0000
12178	傳奇	1	130943	478	1	255	2	22178	3	1.00.0000	1.07.0000	1.07.0000	1.07.0000
12179	傳奇	1	130943	478	1	255	2	22179	3	1.00.0000	1.07.0000	1.07.0000	1.07.0000
12180	傳奇	1	130943	478	1	255	2	22180	3	1.00.0000	1.07.0000	1.07.0000	1.07.0000
12181	傳奇	1	130943	478	1	255	2	22181	3	1.00.0000	1.07.0000	1.07.0000	1.07.0000
12182	傳奇	1	130943	478	1	255	2	22182	3	1.00.0000	1.07.0000	1.07.0000	1.07.0000
12183	傳奇	1	130943	478	1	255	2	22183	3	1.00.0000	1.07.0000	1.07.0000	1.07.0000
12184	傳奇	1	130943	478	1	255	2	22184	3	1.00.0000	1.07.0000	1.07.0000	1.07.0000
12185	傳奇	1	130943	478	1	255	2	22185	3	1.00.0000	1.07.0000	1.07.0000	1.07.0000
12186	傳奇	1	130943	478	1	255	2	22186	3	1.00.0000	1.07.0000	1.07.0000	1.07.0000
12187	傳奇	1	130943	478	1	255	2	22187	3	1.00.0000	1.07.0000	1.07.0000	1.07.0000
12188	傳奇	1	130943	478	1	255	2	22188	3	1.00.0000	1.07.0000	1.07.0000	1.07.0000
12189	傳奇	1	130943	478	1	255	2	22189	3	1.00.0000	1.07.0000	1.07.0000	1.07.0000
12190	傳奇	1	130943	478	1	255	2	22190	3	1.00.0000	1.07.0000	1.07.0000	1.07.0000
12191	傳奇	1	130943	478	1	255	2	22191	3	1.00.0000	1.07.0000	1.07.0000	1.07.0000
12192	傳奇	1	130943	478	1	255	2	22192	3	1.00.0000	1.07.0000	1.07.0000	1.07.0000
12193	傳奇	1	130943	478	1	255	2	22193	3	1.00.0000	1.07.0000	1.07.0000	1.07.0000
12194	傳奇	1	130943	478	1	255	2	22194	3	1.00.0000	1.07.0000	1.07.0000	1.07.0000
12195	傳奇	1	130943	478	1	255	2	22195	3	1.00.0000	1.07.0000	1.07.0000	1.07.0000
12196	傳奇	1	130943	478	1	255	2	22196	3	1.00.0000	1.07.0000	1.07.0000	1.07.0000
12197	傳奇	1	130943	478	1	255	2	22197	3	1.00.0000	1.07.0000	1.07.0000	1.07.0000
12198	傳奇	1	130943	478	1	255	2	22198	3	1.00.0000	1.07.0000	1.07.0000	1.07.0000
12199	傳奇	1	130943	478	1	255	2	22199	3	1.00.0000	1.07.0000	1.07.0000	1.07.0000
12200	傳奇	1	130943	478	1	255	2	22200	3	1.00.0000	1.07.0000	1.07.0000	1.07.0000
12201	傳奇	1	130943	478	1	255	2	22201	3	1.00.0000	1.07.0000	1.07.0000	1.07.0000
12202	傳奇	1	130943	478	1	255	2	22202	3	1.00.0000	1.07.0000	1.07.0000	1.07.0000
12203	傳奇	1	130943	478	1	255	2	22203	3	1.00.0000	1.07.0000	1.07.0000	1.07.0000
12204	傳奇	1	130943	478	1	255	2	22204	3	1.00.0000	1.07.0000	1.07.0000	1.07.0000
12205	傳奇	1	130943	478	1	255	2	22205	3	1.00.0000	1.07.0000	1.07.0000	1.07.0000
12206	傳奇	1	130943	478	1	255	2	22206	3	1.00.0000	1.07.0000	1.07.0000	1.07.0000
12207	傳奇	1	130943	478	1	255	2	22207	3	1.00.0000	1.07.0000	1.07.0000	1.07.0000
12208	傳奇	1	130943	478	1	255	2	22208	3	1.00.0000	1.07.0000	1.07.0000	1.07.0000
12209	傳奇	1	130943	478	1	255	2	22209	3	1.00.0000	1.07.0000	1.07.0000	1.07.0000
12210	傳奇	1	130943	478	1	255	2	22210	3	1.00.0000	1.07.0000	1.07.0000	1.07.0000
12211	傳奇	1	130943	478	1	255	2	22211	3	1.00.0000	1.07.0000	1.07.0000	1.07.0000
12212	傳奇	1	130943	478	1	255	2	22212	3	1.00.0000	1.07.0000	1.07.0000	1.07.0000
12213	傳奇	1	130943	478	1	255	2	22213	3	1.00.0000	1.07.0000	1.07.0000	1.07.0000
12214	傳奇	1	130943	478	1	255	2	22214	3	1.00.0000	1.07.0000	1.07.0000	1.07.0000
12215	傳奇	1	130943	478	1	255	2	22215	3	1.00.0000	1.07.0000	1.07.0000	1.07.0000
12216	傳奇	1	130943	478	1	255	2	22216	3	1.00.0000	1.07.0000	1.07.0000	1.07.0000
12217	傳奇	1	130943	478	1	255	2	22217	3	1.00.0000	1.07.0000	1.07.0000	1.07.0000
12218	傳奇	1	130943	478	1	255	2	22218	3	1.00.0000	1.07.0000	1.07.0000	1.07.0000
12219	傳奇	1	130943	478	1	255	2	22219	3	1.00.0000	1.07.0000	1.07.0000	1.07.0000
12220	傳奇	1	130943	478	1	255	2	22220	3	1.00.0000	1.07.0000	1.07.0000	1.07.0000
12221	傳奇	1	130943	478	1	255	2	22221	3	1.00.0000	1.07.0000	1.07.0000	1.07.0000
12222	傳奇	1	130943	478	1	255	2	22222	3	1.00.0000	1.07.0000	1.07.0000	1.07.0000
12223	傳奇	1	130943	478	1	255	2	22223	3	1.00.0000	1.07.0000	1.07.0000	1.07.0000
12224	傳奇	1	130943	478	1	255	2	22224	3	1.00.0000	1.07.0000	1.07.0000	1.07.0000
12225	傳奇	1	130943	478	1	255	2	22225	3	1.00.0000	1.07.0000	1.07.0000	1.07.0000
12226	傳奇	1	130943	478	1	255	2	22226	3	1.00.0000	1.07.0000	1.07.0000	1.07.0000
12227	傳奇	1	130943	478	1	255	2	22227	3	1.00.0000	1.07.0000	1.07.0000	1.07.0000
12228	傳奇	1	130943	478	1	255	2	22228	3	1.00.0000	1.07.0000	1.07.0000	1.07.0000
12229	傳奇	1	130943	478	1	255	2	22229	3	1.00.0000	1.07.0000	1.07.0000	1.07.0000
12230	傳奇	1	130943	478	1	255	2	22230	3	1.00.0000	1.07.0000	1.07.0000	1.07.0000
12231	傳奇	1	130943	478	1	255	2	22231	3	1.00.0000	1.07.0000	1.07.0000	1.07.0000
12232	傳奇	1	130943	478	1	255	2	22232	3	1.00.0000	1.07.0000	1.07.0000	1.07.0000
12233	傳奇	1	130943	478	1	255	2	22233	3	1.00.0000	1.07.0000	1.07.0000	1.07.0000
12234	傳奇	1	130943	478	1	255	2	22234	3	1.00.0000	1.07.0000	1.07.0000	1.07.0000
12235	傳奇	1	130943	478	1	255	2	22235	3	1.00.0000	1.07.0000	1.07.0000	1.07.0000
12236	傳奇	1	130943	478	1	255	2	22236	3	1.00.0000	1.07.0000	1.07.0000	1.07.0000
12237	傳奇	1	130943	478	1	255	2	22237	3	1.00.0000	1.07.0000	1.07.0000	1.07.0000
12238	傳奇	1	130943	478	1	255	2	22238	3	1.00.0000	1.07.0000	1.07.0000	1.07.0000
12239	傳奇	1	130943	478	1	255	2	22239	3	1.00.0000	1.07.0000	1.07.0000	1.07.0000
12240	傳奇	1	130943	478	1	255	2	22240	3	1.00.0000	1.07.0000	1.07.0000	1.07.0000
12241	傳奇	1	130943	478	1	255	2	22241	3	1.00.0000	1.07.0000	1.07.0000	1.07.0000
12242	傳奇	1	130943	478	1	255	2	22242	3	1.00.0000	1.07.0000	1.07.0000	1.07.0000
12243	傳奇	1	130943	478	1	255	2	22243	3	1.00.0000	1.07.0000	1.07.0000	1.07.0000
12244	傳奇	1	130943	478	1	255	2	22244	3	1.00.0000	1.07.0000	1.07.0000	1.07.0000
12245	傳奇	1	130943	478	1	255	2	22245	3	1.00.0000	1.07.0000	1.07.0000	1.07.0000
12246	傳奇	1	130943	478	1	255	2	22246	3	1.00.0000	1.07.0000	1.07.0000	1.07.0000
12247	傳奇	1	130943	478	1	255	2	22247	3	1.00.0000	1.07.0000	1.07.0000	1.07.0000
12248	傳奇	1	130943	478	1	255	2	22248	3	1.00.0000	1.07.0000	1.07.0000	1.07.0000
12249	傳奇	1	130943	478	1	255	2	22249	3	1.00.0000	1.07.0000	1.07.0000	1.07.0000
12250	傳奇	1	130943	478	1	255	2	22250	3	1.00.0000	1.07.0000	1.07.0000	1.07.0000
12251	傳奇	1	130943	478	1	255	2	22251	3	1.00.0000	1.07.0000	1.07.0000	1.07.0000
12252	傳奇	1	130943	478	1	255	2	22252	3	1.00.0000	1.07.0000	1.07.0000	1.07.0000
12253	傳奇	1	130943	478	1	255	2	22253	3	1.00.0000	1.07.0000	1.07.0000	1.07.0000
12254	傳奇	1	130943	478	1	255	2	22254	3	1.00.0000	1.07.0000	1.07.0000	1.07.0000
12255	傳奇	1	130943	478	1	255	2	22255	3	1.00.0000	1.07.0000	1.07.0000	1.07.0000
12256	傳奇	1	130943	478	1	255	2	22256	3	1.00.0000	1.07.0000	1.07.0000	1.07.0000
12257	傳奇	1	130943	478	1	255	2	22257	3	1.00.0000	1.07.0000	1.07.0000	1.07.0000
12258	傳奇	1	130943	478	1	255	2	22258	3	1.00.0000	1.07.0000	1.07.0000	1.07.0000
12259	傳奇	1	130943	478	1	255	2	22259	3	1.00.0000	1.07.0000	1.07.0000	1.07.0000
12260	傳奇	1	130943	478	1	255	2	22260	3	1.00.0000	1.07.0000	1.07.0000	1.07.0000
12261	傳奇	1	130943	478	1	255	2	22261	3	1.00.0000	1.07.0000	1.07.0000	1.07.0000
12262	傳奇	1	130943	478	1	255	2	22262	3	1.00.0000	1.07.0000	1.07.0000	1.07.0000
12263	傳奇	1	130943	478	1	255	2	22263	3	1.00.0000	1.07.0000	1.07.0000	1.07.0000
12264	傳奇	1	130943	478	1	255	2	22264	3	1.00.0000	1.07.0000	1.07.0000	1.07.0000
12265	傳奇	1	130943	478	1	255	2	22265	3	1.00.0000	1.07.0000	1.07.0000	1.07.0000
12266	傳奇	1	130943	478	1	255	2	22266	3	1.00.0000	1.07.0000	1.07.0000	1.07.0000
12267	傳奇	1	130943	478	1	255	2	22267	3	1.00.0000	1.07.0000	1.07.0000	1.07.0000
12268	傳奇	1	130943	478	1	255	2	22268	3	1.00.0000	1.07.0000	1.07.0000	1.07.0000
12269	傳奇	1	130943	478	1	255	2	22269	3	1.00.0000	1.07.0000	1.07.0000	1.07.0000
12270	傳奇	1	130943	478	1	255	2	22270	3	1.00.0000	1.07.0000	1.07.0000	1.07.0000
12271	傳奇	1	130943	478	1	255	2	22271	3	1.00.0000	1.07.0000	1.07.0000	1.07.0000
12272	傳奇	1	130943	478	1	255	2	22272	3	1.00.0000	1.07.0000	1.07.0000	1.07.0000
12273	傳奇	1	130943	478	1	255	2	22273	3	1.00.0000	1.07.0000	1.07.0000	1.07.0000
12274	傳奇	1	130943	478	1	255	2	22274	3	1.00.0000	1.07.0000	1.07.0000	1.07.0000
12275	傳奇	1	130943	478	1	255	2	22275	3	1.00.0000	1.07.0000	1.07.0000	1.07.0000
12276	傳奇	1	130943	478	1	255	2	22276	3	1.00.0000	1.07.0000	1.07.0000	1.07.0000
12277	傳奇	1	130943	478	1	255	2	22277	3	1.00.0000	1.07.0000	1.07.0000	1.07.0000
12278	傳奇	1	130943	478	1	255	2	22278	3	1.00.0000	1.07.0000	1.07.0000	1.07.0000
12279	傳奇	1	130943	478	1	255	2	22279	3	1.00.0000	1.07.0000	1.07.0000	1.07.0000
12280	傳奇	1	130943	478	1	255	2	22280	3	1.00.0000	1.07.0000	1.07.0000	1.07.0000
12281	傳奇	1	130943	478	1	255	2	22281	3	1.00.0000	1.07.0000	1.07.0000	1.07.0000
12282	傳奇	1	130943	478	1	255	2	22282	3	1.00.0000	1.07.0000	1.07.0000	1.07.0000
12283	傳奇	1	130943	478	1	255	2	22283	3	1.00.0000	1.07.0000	1.07.0000	1.07.0000
12284	傳奇	1	130943	478	1	255	2	22284	3	1.00.0000	1.07.0000	1.07.0000	1.07.0000
12285	傳奇	1	130943	478	1	255	2	22285	3	1.00.0000	1.07.0000	1.07.0000	1.07.0000
12286	傳奇	1	130943	478	1	255	2	22286	3	1.00.0000	1.07.0000	1.07.0000	1.07.0000
12287	傳奇	1	130943	478	1	255	2	22287	3	1.00.0000	1.07.0000	1.07.0000	1.07.0000
12288	傳奇	1	130943	478	1	255	2	22288	3	1.00.0000	1.07.0000	1.07.0000	1.07.0000
12289	傳奇	1	130943	478	1	255	2	22289	3	1.00.0000	1.07.0000	1.07.0000	1.07.0000
12290	傳奇	1	130943	478	1	255	2	22290	3	1.00.0000	1.07.0000	1.07.0000	1.07.0000
12291	傳奇	1	130943	478	1	255	2	22291	3	1.00.0000	1.07.0000	1.07.0000	1.07.0000
12292	傳奇	1	130943	478	1	255	2	22292	3	1.00.0000	1.07.0000	1.07.0000	1.07.0000
12293	傳奇	1	130943	478	1	255	2	22293	3	1.00.0000	1.07.0000	1.07.0000	1.07.0000
12294	傳奇	1	130943	478	1	255	2	22294	3	1.00.0000	1.07.0000	1.07.0000	1.07.0000
12295	傳奇	1	130943	478	1	255	2	22295	3	1.00.0000	1.07.0000	1.07.0000	1.07.0000
12296	傳奇	1	130943	478	1	255	2	22296	3	1.00.0000	1.07.0000	1.07.0000	1.07.0000
12297	傳奇	1	130943	478	1	255	2	22297	3	1.00.0000	1.07.0000	1.07.0000	1.07.0000
12298	傳奇	1	130943	478	1	255	2	22298	3	1.00.0000	1.07.0000	1.07.0000	1.07.0000
12299	傳奇	1	130943	478	1	255	2	22299	3	1.00.0000	1.07.0000	1.07.0000	1.07.0000
12300	傳奇	1	130943	478	1	255	2	22300	3	1.00.0000	1.07.0000	1.07.0000	1.07.0000
12301	傳奇	1	130943	478	1	255	2	22301	3	1.00.0000	1.07.0000	1.07.0000	1.07.0000
12302	傳奇	1	130943	478	1	255	2	22302	3	1.00.0000	1.07.0000	1.07.0000	1.07.0000
12303	傳奇	1	130943	478	1	255	2	22303	3	1.00.0000	1.07.0000	1.07.0000	1.07.0000
12304	傳奇	1	130943	478	1	255	2	22304	3	1.00.0000	1.07.0000	1.07.0000	1.07.0000
12305	傳奇	1	130943	478	1	255	2	22305	3	1.00.0000	1.07.0000	1.07.0000	1.07.0000
12306	傳奇	1	130943	478	1	255	2	22306	3	1.00.0000	1.07.0000	1.07.0000	1.07.0000
12307	傳奇	1	130943	478	1	255	2	22307	3	1.00.0000	1.07.0000	1.07.0000	1.07.0000
12308	傳奇	1	130943	478	1	255	2	22308	3	1.00.0000	1.07.0000	1.07.0000	1.07.0000
12309	傳奇	1	130943	478	1	255	2	22309	3	1.00.0000	1.07.0000	1.07.0000	1.07.0000
12310	傳奇	1	130943	478	1	255	2	22310	3	1.00.0000	1.07.0000	1.07.0000	1.07.0000
12311	傳奇	1	130943	478	1	255	2	22311	3	1.00.0000	1.07.0000	1.07.0000	1.07.0000
12312	傳奇	1	130943	478	1	255	2	22312	3	1.00.0000	1.07.0000	1.07.0000	1.07.0000
12313	傳奇	1	130943	478	1	255	2	22313	3	1.00.0000	1.07.0000	1.07.0000	1.07.0000
12314	傳奇	1	130943	478	1	255	2	22314	3	1.00.0000	1.07.0000	1.07.0000	1.07.0000
12315	傳奇	1	130943	478	1	255	2	22315	3	1.00.0000	1.07.0000	1.07.0000	1.07.0000
12316	傳奇	1	130943	478	1	255	2	22316	3	1.00.0000	1.07.0000	1.07.0000	1.07.0000
12317	傳奇	1	130943	478	1	255	2	22317	3	1.00.0000	1.07.0000	1.07.0000	1.07.0000
12318	傳奇	1	130943	478	1	255	2	22318	3	1.00.0000	1.07.0000	1.07.0000	1.07.0000
12319	傳奇	1	130943	478	1	255	2	22319	3	1.00.0000	1.07.0000	1.07.0000	1.07.0000
12320	傳奇	1	130943	478	1	255	2	22320	3	1.00.0000	1.07.0000	1.07.0000	1.07.0000
12321	傳奇	1	130943	478	1	255	2	22321	3	1.00.0000	1.07.0000	1.07.0000	1.07.0000
12322	傳奇	1	130943	478	1	255	2	22322	3	1.00.0000	1.07.0000	1.07.0000	1.07.0000
12323	傳奇	1	130943	478	1	255	2	22323	3	1.00.0000	1.07.0000	1.07.0000	1.07.0000
12324	傳奇	1	130943	478	1	255	2	22324	3	1.00.0000	1.07.0000	1.07.0000	1.07.0000
12325	傳奇	1	130943	478	1	255	2	22325	3	1.00.0000	1.07.0000	1.07.0000	1.07.0000
12326	傳奇	1	130943	478	1	255	2	22326	3	1.00.0000	1.07.0000	1.07.0000	1.07.0000
12327	傳奇	1	130943	478	1	255	2	22327	3	1.00.0000	1.07.0000	1.07.0000	1.07.0000
12328	傳奇	1	130943	478	1	255	2	22328	3	1.00.0000	1.07.0000	1.07.0000	1.07.0000
12329	傳奇	1	130943	478	1	255	2	22329	3	1.00.0000	1.07.0000	1.07.0000	1.07.0000
12330	傳奇	1	130943	478	1	255	2	22330	3	1.00.0000	1.07.0000	1.07.0000	1.07.0000
12331	傳奇	1	130943	478	1	255	2	22331	3	1.00.0000	1.07.0000	1.07.0000	1.07.0000
12332	傳奇	1	130943	478	1	255	2	22332	3	1.00.0000	1.07.0000	1.07.0000	1.07.0000
12333	傳奇	1	130943	478	1	255	2	22333	3	1.00.0000	1.07.0000	1.07.0000	1.07.0000
12334	傳奇	1	130943	478	1	255	2	22334	3	1.00.0000	1.07.0000	1.07.0000	1.07.0000
12335	傳奇	1	130943	478	1	255	2	22335	3	1.00.0000	1.07.0000	1.07.0000	1.07.0000
12336	傳奇	1	130943	478	1	255	2	22336	3	1.00.0000	1.07.0000	1.07.0000	1.07.0000
12337	傳奇	1	130943	478	1	255	2	22337	3	1.00.0000	1.07.0000	1.07.0000	1.07.0000
12338	傳奇	1	130943	478	1	255	2	22338	3	1.00.0000	1.07.0000	1.07.0000	1.07.0000
12339	傳奇	1	130943	478	1	255	2	22339	3	1.00.0000	1.07.0000	1.07.0000	1.07.0000
12340	傳奇	1	130943	478	1	255	2	22340	3	1.00.0000	1.07.0000	1.07.0000	1.07.0000
12341	傳奇	1	130943	478	1	255	2	22341	3	1.00.0000	1.07.0000	1.07.0000	1.07.0000
12342	傳奇	1	130943	478	1	255	2	22342	3	1.00.0000	1.07.0000	1.07.0000	1.07.0000
12343	傳奇	1	130943	478	1	255	2	22343	3	1.00.0000	1.07.0000	1.07.0000	1.07.0000
12344	傳奇	1	130943	478	1	255	2	22344	3	1.00.0000	1.07.0000	1.07.0000	1.07.0000
12345	傳奇	1	130943	478	1	255	2	22345	3	1.00.0000	1.07.0000	1.07.0000	1.07.0000
12346	傳奇	1	130943	478	1	255	2	22346	3	1.00.0000	1.07.0000	1.07.0000	1.07.0000
12347	傳奇	1	130943	478	1	255	2	22347	3	1.00.0000	1.07.0000	1.07.0000	1.07.0000
12348	傳奇	1	130943	478	1	255	2	22348	3	1.00.0000	1.07.0000	1.07.0000	1.07.0000
12349	傳奇	1	130943	478	1	255	2	22349	3	1.00.0000	1.07.0000	1.07.0000	1.07.0000
12350	傳奇	1	130943	478	1	255	2	22350	3	1.00.0000	1.07.0000	1.07.0000	1.07.0000
12351	傳奇	1	130943	478	1	255	2	22351	3	1.00.0000	1.07.0000	1.07.0000	1.07.0000
12352	傳奇	1	130943	478	1	255	2	22352	3	1.00.0000	1.07.0000	1.07.0000	1.07.0000
12353	傳奇	1	130943	478	1	255	2	22353	3	1.00.0000	1.07.0000	1.07.0000	1.07.0000
12354	傳奇	1	130943	478	1	255	2	22354	3	1.00.0000	1.07.0000	1.07.0000	1.07.0000
12355	傳奇	1	130943	478	1	255	2	22355	3	1.00.0000	1.07.0000	1.07.0000	1.07.0000
12356	傳奇	1	130943	478	1	255	2	22356	3	1.00.0000	1.07.0000	1.07.0000	1.07.0000
12357	傳奇	1	130943	478	1	255	2	22357	3	1.00.0000	1.07.0000	1.07.0000	1.07.0000
12358	傳奇	1	130943	478	1	255	2	22358	3	1.00.0000	1.07.0000	1.07.0000	1.07.0000
12359	傳奇	1	130943	478	1	255	2	22359	3	1.00.0000	1.07.0000	1.07.0000	1.07.0000
12360	傳奇	1	130943	478	1	255	2	22360	3	1.00.0000	1.07.0000	1.07.0000	1.07.0000
12361	傳奇	1	130943	478	1	255	2	22361	3	1.00.0000	1.07.0000	1.07.0000	1.07.0000
12362	傳奇	1	130943	478	1	255	2	22362	3	1.00.0000	1.07.0000	1.07.0000	1.07.0000
12363	傳奇	1	130943	478	1	255	2	22363	3	1.00.0000	1.07.0000	1.07.0000	1.07.0000
12364	傳奇	1	130943	478	1	255	2	22364	3	1.00.0000	1.07.0000	1.07.0000	1.07.0000
12365	傳奇	1	130943	478	1	255	2	22365	3	1.00.0000	1.07.0000	1.07.0000	1.07.0000
12366	傳奇	1	130943	478	1	255	2	22366	3	1.00.0000	1.07.0000	1.07.0000	1.07.0000
12367	傳奇	1	130943	478	1	255	2	22367	3	1.00.0000	1.07.0000	1.07.0000	1.07.0000
12368	傳奇	1	130943	478	1	255	2	22368	3	1.00.0000	1.07.0000	1.07.0000	1.07.0000
12369	傳奇	1	130943	478	1	255	2	22369	3	1.00.0000	1.07.0000	1.07.0000	1.07.0000
12370	傳奇	1	130943	478	1	255	2	22370	3	1.00.0000	1.07.0000	1.07.0000	1.07.0000
12371	傳奇	1	130943	478	1	255	2	22371	3	1.00.0000	1.07.0000	1.07.0000	1.07.0000
12372	傳奇	1	130943	478	1	255	2	22372	3	1.00.0000	1.07.0000	1.07.0000	1.07.0000
12373	傳奇	1	130943	478	1	255	2	22373	3	1.00.0000	1.07.0000	1.07.0000	1.07.0000
12374	傳奇	1	130943	478	1	255	2	22374	3	1.00.0000	1.07.0000	1.07.0000	1.07.0000
12375	傳奇	1	130943	478	1	255	2	22375	3	1.00.0000	1.07.0000	1.07.0000	1.07.0000
12376	傳奇	1	130943	478	1	255	2	22376	3	1.00.0000	1.07.0000	1.07.0000	1.07.0000
12377	傳奇	1	130943	478	1	255	2	22377	3	1.00.0000	1.07.0000	1.07.0000	1.07.0000
12378	傳奇	1	130943	478	1	255	2	22378	3	1.00.0000	1.07.0000	1.07.0000	1.07.0000
12379	傳奇	1	130943	478	1	255	2	22379	3	1.00.0000	1.07.0000	1.07.0000	1.07.0000
12380	傳奇	1	130943	478	1	255	2	22380	3	1.00.0000	1.07.0000	1.07.0000	1.07.0000
12381	傳奇	1	130943	478	1	255	2	22381	3	1.00.0000	1.07.0000	1.07.0000	1.07.0000
12382	傳奇	1	130943	478	1	255	2	22382	3	1.00.0000	1.07.0000	1.07.0000	1.07.0000
12383	傳奇	1	130943	478	1	255	2	22383	3	1.00.0000	1.07.0000	1.07.0000	1.07.0000
12384	傳奇	1	130943	478	1	255	2	22384	3	1.00.0000	1.07.0000	1.07.0000	1.07.0000
12385	傳奇	1	130943	478	1	255	2	22385	3	1.00.0000	1.07.0000	1.07.0000	1.07.0000
12386	傳奇	1	130943	478	1	255	2	22386	3	1.00.0000	1.07.0000	1.07.0000	1.07.0000
12387	傳奇	1	130943	478	1	255	2	22387	3	1.00.0000	1.07.0000	1.07.0000	1.07.0000
12388	傳奇	1	130943	478	1	255	2	22388	3	1.00.0000	1.07.0000	1.07.0000	1.07.0000
12389	傳奇	1	130943	478	1	255	2	22389	3	1.00.0000	1.07.0000	1.07.0000	1.07.0000
12390	傳奇	1	130943	478	1	255	2	22390	3	1.00.0000	1.07.0000	1.07.0000	1.07.0000
12391	傳奇	1	130943	478	1	255	2	22391	3	1.00.0000	1.07.0000	1.07.0000	1.07.0000
12392	傳奇	1	130943	478	1	255	2	22392	3	1.00.0000	1.07.0000	1.07.0000	1.07.0000
12393	傳奇	1	130943	478	1	255	2	22393	3	1.00.0000	1.07.0000	1.07.0000	1.07.0000
12394	傳奇	1	130943	478	1	255	2	22394	3	1.00.0000	1.07.0000	1.07.0000	1.07.0000
12395	傳奇	1	130943	478	1	255	2	22395	3	1.00.0000	1.07.0000	1.07.0000	1.07.0000
12396	傳奇	1	130943	478	1	255	2	22396	3	1.00.0000	1.07.0000	1.07.0000	1.07.0000
12397	傳奇	1	130943	478	1	255	2	22397	3	1.00.0000	1.07.0000	1.07.0000	1.07.0000
12398	傳奇	1	130943	478	1	255	2	22398	3	1.00.0000	1.07.0000	1.07.0000	1.07.0000
12399	傳奇	1	130943	478	1	255	2	22399	3	1.00.0000	1.07.0000	1.07.0000	1.07.0000
12400	傳奇	1	130943	478	1	255	2	22400	3	1.00.0000	1.07.0000	1.07.0000	1.07.0000
12401	傳奇	1	130943	478	1	255	2	22401	3	1.00.0000	1.07.0000	1.07.0000	1.07.0000
12402	傳奇	1	130943	478	1	255	2	22402	3	1.00.0000	1.07.0000	1.07.0000	1.07.0000
12403	傳奇	1	130943	478	1	255	2	22403	3	1.00.0000	1.07.0000	1.07.0000	1.07.0000
12404	傳奇	1	130943	478	1	255	2	22404	3	1.00.0000	1.07.0000	1.07.0000	1.07.0000
12405	傳奇	1	130943	478	1	255	2	22405	3	1.00.0000	1.07.0000	1.07.0000	1.07.0000
12406	傳奇	1	130943	478	1	255	2	22406	3	1.00.0000	1.07.0000	1.07.0000	1.07.0000
12407	傳奇	1	130943	478	1	255	2	22407	3	1.00.0000	1.07.0000	1.07.0000	1.07.0000
12408	傳奇	1	130943	478	1	255	2	22408	3	1.00.0000	1.07.0000	1.07.0000	1.07.0000
12409	傳奇	1	130943	478	1	255	2	22409	3	1.00.0000	1.07.0000	1.07.0000	1.07.0000
12410	傳奇	1	130943	478	1	255	2	22410	3	1.00.0000	1.07.0000	1.07.0000	1.07.0000
12411	傳奇	1	130943	478	1	255	2	22411	3	1.00.0000	1.07.0000	1.07.0000	1.07.0000
12412	傳奇	1	130943	478	1	255	2	22412	3	1.00.0000	1.07.0000	1.07.0000	1.07.0000
12413	傳奇	1	130943	478	1	255	2	22413	3	1.00.0000	1.07.0000	1.07.0000	1.07.0000
12414	傳奇	1	130943	478	1	255	2	22414	3	1.00.0000	1.07.0000	1.07.0000	1.07.0000
12415	傳奇	1	130943	478	1	255	2	22415	3	1.00.0000	1.07.0000	1.07.0000	1.07.0000
12416	傳奇	1	130943	478	1	255	2	22416	3	1.00.0000	1.07.0000	1.07.0000	1.07.0000
12417	傳奇	1	130943	478	1	255	2	22417	3	1.00.0000	1.07.0000	1.07.0000	1.07.0000
12418	傳奇	1	130943	478	1	255	2	22418	3	1.00.0000	1.07.0000	1.07.0000	1.07.0000
12419	傳奇	1	130943	478	1	255	2	22419	3	1.00.0000	1.07.0000	1.07.0000	1.07.0000
12420	傳奇	1	130943	478	1	255	2	22420	3	1.00.0000	1.07.0000	1.07.0000	1.07.0000
12421	傳奇	1	130943	478	1	255	2	22421	3	1.00.0000	1.07.0000	1.07.0000	1.07.0000
12422	傳奇	1	130943	478	1	255	2	22422	3	1.00.0000	1.07.0000	1.07.0000	1.07.0000
12423	傳奇	1	130943	478	1	255	2	22423	3	1.00.0000	1.07.0000	1.07.0000	1.07.0000
12424	傳奇	1	130943	478	1	255	2	22424	3	1.00.0000	1.07.0000	1.07.0000	1.07.0000
12425	傳奇	1	130943	478	1	255	2	22425	3	1.00.0000	1.07.0000	1.07.0000	1.07.0000
12426	傳奇	1	130943	478	1	255	2	22426	3	1.00.0000	1.07.0000	1.07.0000	1.07.0000
12427	傳奇	1	130943	478	1	255	2	22427	3	1.00.0000	1.07.0000	1.07.0000	1.07.0000
12428	傳奇	1	130943	478	1	255	2	22428	3	1.00.0000	1.07.0000	1.07.0000	1.07.0000
12429	傳奇	1	130943	478	1	255	2	22429	3	1.00.0000	1.07.0000	1.07.0000	1.07.0000
12430	傳奇	1	130943	478	1	255	2	22430	3	1.00.0000	1.07.0000	1.07.0000	1.07.0000
12431	傳奇	1	130943	478	1	255	2	22431	3	1.00.0000	1.07.0000	1.07.0000	1.07.0000
12432	傳奇	1	130943	478	1	255	2	22432	3	1.00.0000	1.07.0000	1.07.0000	1.07.0000
12433	傳奇	1	130943	478	1	255	2	22433	3	1.00.0000	1.07.0000	1.07.0000	1.07.0000
12434	傳奇	1	130943	478	1	255	2	22434	3	1.00.0000	1.07.0000	1.07.0000	1.07.0000
12435	傳奇	1	130943	478	1	255	2	22435	3	1.00.0000	1.07.0000	1.07.0000	1.07.0000
12436	傳奇	1	130943	478	1	255	2	22436	3	1.00.0000	1.07.0000	1.07.0000	1.07.0000
12437	傳奇	1	130943	478	1	255	2	22437	3	1.00.0000	1.07.0000	1.07.0000	1.07.0000
12438	傳奇	1	130943	478	1	255	2	22438	3	1.00.0000	1.07.0000	1.07.0000	1.07.0000
12439	傳奇	1	130943	478	1	255	2	22439	3	1.00.0000	1.07.0000	1.07.0000	1.07.0000
12440	傳奇	1	130943	478	1	255	2	22440	3	1.00.0000	1.07.0000	1.07.0000	1.07.0000
12441	傳奇	1	130943	478	1	255	2	22441	3	1.00.0000	1.07.0000	1.07.0000	1.07.0000
12442	傳奇	1	130943	478	1	255	2	22442	3	1.00.0000	1.07.0000	1.07.0000	1.07.0000
12443	傳奇	1	130943	478	1	255	2	22443	3	1.00.0000	1.07.0000	1.07.0000	1.07.0000
12444	傳奇	1	130943	478	1	255	2	22444	3	1.00.0000	1.07.0000	1.07.0000	1.07.0000
12445	傳奇	1	130943	478	1	255	2	22445	3	1.00.0000	1.07.0000	1.07.0000	1.07.0000
12446	傳奇	1	130943	478	1	255	2	22446	3	1.00.0000	1.07.0000	1.07.0000	1.07.0000
12447	傳奇	1	130943	478	1	255	2	22447	3	1.00.0000	1.07.0000	1.07.0000	1.07.0000
12448	傳奇	1	130943	478	1	255	2	22448	3	1.00.0000	1.07.0000	1.07.0000	1.07.0000
12449	傳奇	1	130943	478	1	255	2	22449	3	1.00.0000	1.07.0000	1.07.0000	1.07.0000
12450	傳奇	1	130943	478	1	255	2	22450	3	1.00.0000	1.07.0000	1.07.0000	1.07.0000
12451	傳奇	1	130943	478	1	255	2	22451	3	1.00.0000	1.07.0000	1.07.0000	1.07.0000
12452	傳奇	1	130943	478	1	255	2	22452	3	1.00.0000	1.07.0000	1.07.0000	1.07.0000
12453	傳奇	1	130943	478	1	255	2	22453	3	1.00.0000	1.07.0000	1.07.0000	1.07.0000
12454	傳奇	1	130943	478	1	255	2	22454	3	1.00.0000	1.07.0000	1.07.0000	1.07.0000
12455	傳奇	1	130943	478	1	255	2	22455	3	1.00.0000	1.07.0000	1.07.0000	1.07.0000
12456	傳奇	1	130943	478	1	255	2	22456	3	1.00.0000	1.07.0000	1.07.0000	1.07.0000
12457	傳奇	1	130943	478	1	255	2	22457	3	1.00.0000	1.07.0000	1.07.0000	1.07.0000
12458	傳奇	1	130943	478	1	255	2	22458	3	1.00.0000	1.07.0000	1.07.0000	1.07.0000
12459	傳奇	1	130943	478	1	255	2	22459	3	1.00.0000	1.07.0000	1.07.0000	1.07.0000
12460	傳奇	1	130943	478	1	255	2	22460	3	1.00.0000	1.07.0000	1.07.0000	1.07.0000
12461	傳奇	1	130943	478	1	255	2	22461	3	1.00.0000	1.07.0000	1.07.0000	1.07.0000
12462	傳奇	1	130943	478	1	255	2	22462	3	1.00.0000	1.07.0000	1.07.0000	1.07.0000
12463	傳奇	1	130943	478	1	255	2	22463	3	1.00.0000	1.07.0000	1.07.0000	1.07.0000
12464	傳奇	1	130943	478	1	255	2	22464	3	1.00.0000	1.07.0000	1.07.0000	1.07.0000
12465	傳奇	1	130943	478	1	255	2	22465	3	1.00.0000	1.07.0000	1.07.0000	1.07.0000
12466	傳奇	1	130943	478	1	255	2	22466	3	1.00.0000	1.07.0000	1.07.0000	1.07.0000
12467	傳奇	1	130943	478	1	255	2	22467	3	1.00.0000	1.07.0000	1.07.0000	1.07.0000
12468	傳奇	1	130943	478	1	255	2	22468	3	1.00.0000	1.07.0000	1.07.0000	1.07.0000
12469	傳奇	1	130943	478	1	255	2	22469	3	1.00.0000	1.07.0000	1.07.0000	1.07.0000
12470	傳奇	1	130943	478	1	255	2	22470	3	1.00.0000	1.07.0000	1.07.0000	1.07.0000
12471	傳奇	1	130943	478	1	255	2	22471	3	1.00.0000	1.07.0000	1.07.0000	1.07.0000
12472	傳奇	1	130943	478	1	255	2	22472	3	1.00.0000	1.07.0000	1.07.0000	1.07.0000
12473	傳奇	1	130943	478	1	255	2	22473	3	1.00.0000	1.07.0000	1.07.0000	1.07.0000
12474	傳奇	1	130943	478	1	255	2	22474	3	1.00.0000	1.07.0000	1.07.0000	1.07.0000
12475	傳奇	1	130943	478	1	255	2	22475	3	1.00.0000	1.07.0000	1.07.0000	1.07.0000
12476	傳奇	1	130943	478	1	255	2	22476	3	1.00.0000	1.07.0000	1.07.0000	1.07.0000
12477	傳奇	1	130943	478	1	255	2	22477	3	1.00.0000	1.07.0000	1.07.0000	1.07.0000
12478	傳奇	1	130943	478	1	255	2	22478	3	1.00.0000	1.07.0000	1.07.0000	1.07.0000
12479	傳奇	1	130943	478	1	255	2	22479	3	1.00.0000	1.07.0000	1.07.0000	1.07.0000
12480	傳奇	1	130943	478	1	255	2	22480	3	1.00.0000	1.07.0000	1.07.0000	1.07.0000
12481	傳奇	1	130943	478	1	255	2	22481	3	1.00.0000	1.07.0000	1.07.0000	1.07.0000
12482	傳奇	1	130943	478	1	255	2	22482	3	1.00.0000	1.07.0000	1.07.0000	1.07.0000
12483	傳奇	1	130943	478	1	255	2	22483	3	1.00.0000	1.07.0000	1.07.0000	1.07.0000
12484	傳奇	1	130943	478	1	255	2	22484	3	1.00.0000	1.07.0000	1.07.0000	1.07.0000
12485	傳奇	1	130943	478	1	255	2	22485	3	1.00.0000	1.07.0000	1.07.0000	1.07.0000
12486	傳奇	1	130943	478	1	255	2	22486	3	1.00.0000	1.07.0000	1.07.0000	1.07.0000
12487	傳奇	1	130943	478	1	255	2	22487	3	1.00.0000	1.07.0000	1.07.0000	1.07.0000
12488	傳奇	1	130943	478	1	255	2	22488	3	1.00.0000	1.07.0000	1.07.0000	1.07.0000
12489	傳奇	1	130943	478	1	255	2	22489	3	1.00.0000	1.07.0000	1.07.0000	1.07.0000
12490	傳奇	1	130943	478	1	255	2	22490	3	1.00.0000	1.07.0000	1.07.0000	1.07.0000
12491	傳奇	1	130943	478	1	255	2	22491	3	1.00.0000	1.07.0000	1.07.0000	1.07.0000
12492	傳奇	1	130943	478	1	255	2	22492	3	1.00.0000	1.07.0000	1.07.0000	1.07.0000
12493	傳奇	1	130943	478	1	255	2	22493	3	1.00.0000	1.07.0000	1.07.0000	1.07.0000
12494	傳奇	1	130943	478	1	255	2	22494	3	1.00.0000	1.07.0000	1.07.0000	1.07.0000
12495	傳奇	1	130943	478	1	255	2	22495	3	1.00.0000	1.07.0000	1.07.0000	1.07.0000
12496	傳奇	1	130943	478	1	255	2	22496	3	1.00.0000	1.07.0000	1.07.0000	1.07.0000
12497	傳奇	1	130943	478	1	255	2	22497	3	1.00.0000	1.07.0000	1.07.0000	1.07.0000
12498	傳奇	1	130943	478	1	255	2	22498	3	1.00.0000	1.07.0000	1.07.0000	1.07.0000
12499	傳奇	1	130943	478	1	255	2	22499	3	1.00.0000	1.07.0000	1.07.0000	1.07.0000
12500	傳奇	1	130943	478	1	255	2	22500	3	1.00.0000	1.07.0000	1.07.0000	1.07.0000
12501	傳奇	1	130943	478	1	255	2	22501	3	1.00.0000	1.07.0000	1.07.0000	1.07.0000
12502	傳奇	1	130943	478	1	255	2	22502	3	1.00.0000	1.07.0000	1.07.0000	1.07.0000
12503	傳奇	1	130943	478	1	255	2	22503	3	1.00.0000	1.07.0000	1.07.0000	1.07.0000
12504	傳奇	1	130943	478	1	255	2	22504	3	1.00.0000	1.07.0000	1.07.0000	1.07.0000
12505	傳奇	1	130943	478	1	255	2	22505	3	1.00.0000	1.07.0000	1.07.0000	1.07.0000
12506	傳奇	1	130943	478	1	255	2	22506	3	1.00.0000	1.07.0000	1.07.0000	1.07.0000
12507	傳奇	1	130943	478	1	255	2	22507	3	1.00.0000	1.07.0000	1.07.0000	1.07.0000
12508	傳奇	1	130943	478	1	255	2	22508	3	1.00.0000	1.07.0000	1.07.0000	1.07.0000
12509	傳奇	1	130943	478	1	255	2	22509	3	1.00.0000	1.07.0000	1.07.0000	1.07.0000
12510	傳奇	1	130943	478	1	255	2	22510	3	1.00.0000	1.07.0000	1.07.0000	1.07.0000
12511	傳奇	1	130943	478	1	255	2	22511	3	1.00.0000	1.07.0000	1.07.0000	1.07.0000
12512	傳奇	1	130943	478	1	255	2	22512	3	1.00.0000	1.07.0000	1.07.0000	1.07.0000
12513	傳奇	1	130943	478	1	255	2	22513	3	1.00.0000	1.07.0000	1.07.0000	1.07.0000
12514	傳奇	1	130943	478	1	255	2	22514	3	1.00.0000	1.07.0000	1.07.0000	1.07.0000
12515	傳奇	1	130943	478	1	255	2	22515	3	1.00.0000	1.07.0000	1.07.0000	1.07.0000
12516	傳奇	1	130943	478	1	255	2	22516	3	1.00.0000	1.07.0000	1.07.0000	1.07.0000
12517	傳奇	1	130943	478	1	255	2	22517	3	1.00.0000	1.07.0000	1.07.0000	1.07.0000
12518	傳奇	1	130943	478	1	255	2	22518	3	1.00.0000	1.07.0000	1.07.0000	1.07.0000
12519	傳奇	1	130943	478	1	255	2	22519	3	1.00.0000	1.07.0000	1.07.0000	1.07.0000
12520	傳奇	1	130943	478	1	255	2	22520	3	1.00.0000	1.07.0000	1.07.0000	1.07.0000
12521	傳奇	1	130943	478	1	255	2	22521	3	1.00.0000	1.07.0000	1.07.0000	1.07.0000
12522	傳奇	1	130943	478	1	255	2	22522	3	1.00.0000	1.07.0000	1.07.0000	1.07.0000
12523	傳奇	1	130943	478	1	255	2	22523	3	1.00.0000	1.07.0000	1.07.0000	1.07.0000
12524	傳奇	1	130943	478	1	255	2	22524	3	1.00.0000	1.07.0000	1.07.0000	1.07.0000
12525	傳奇	1	130943	478	1	255	2	22525	3	1.00.0000	1.07.0000	1.07.0000	1.07.0000
12526	傳奇	1	130943	478	1	255	2	22526	3	1.00.0000	1.07.0000	1.07.0000	1.07.0000
12527	傳奇	1	130943	478	1	255	2	22527	3	1.00.0000	1.07.0000	1.07.0000	1.07.0000
12528	傳奇	1	130943	478	1	255	2	22528	3	1.00.0000	1.07.0000	1.07.0000	1.07.0000
12529	傳奇	1	130943	478	1	255	2	22529	3	1.00.0000	1.07.0000	1.07.0000	1.07.0000
12530	傳奇	1	130943	478	1	255	2	22530	3	1.00.0000	1.07.0000	1.07.0000	1.07.0000
12531	傳奇	1	130943	478	1	255	2	22531	3	1.00.0000	1.07.0000	1.07.0000	1.07.0000
12532	傳奇	1	130943	478	1	255	2	22532	3	1.00.0000	1.07.0000	1.07.0000	1.07.0000
12533	傳奇	1	130943	478	1	255	2	22533	3	1.00.0000	1.07.0000	1.07.0000	1.07.0000
12534	傳奇	1	130943	478	1	255	2	22534	3	1.00.0000	1.07.0000	1.07.0000	1.07.0000
12535	傳奇	1	130943	478	1	255	2	22535	3	1.00.0000	1.07.0000	1.07.0000	1.07.0000
12536	傳奇	1	130943	478	1	255	2	22536	3	1.00.0000	1.07.0000	1.07.0000	1.07.0000
12537	傳奇	1	130943	478	1	255	2	22537	3	1.00.0000	1.07.0000	1.07.0000	1.07.0000
12538	傳奇	1	130943	478	1	255	2	22538	3	1.00.0000	1.07.0000	1.07.0000	1.07.0000
12539	傳奇	1	130943	478	1	255	2	22539	3	1.00.0000	1.07.0000	1.07.0000	1.07.0000
12540	傳奇	1	130943	478	1	255	2	22540	3	1.00.0000	1.07.0000	1.07.0000	1.07.0000
12541	傳奇	1	130943	478	1	255	2	22541	3	1.00.0000	1.07.0000	1.07.0000	1.07.0000
12542	傳奇	1	130943	478	1	255	2	22542	3	1.00.0000	1.07.0000	1.07.0000	1.07.0000
12543	傳奇	1	130943	478	1	255	2	22543	3	1.00.0000	1.07.0000	1.07.0000	1.07.0000
12544	傳奇	1	130943	478	1	255	2	22544	3	1.00.0000	1.07.0000	1.07.0000	1.07.0000
12545	傳奇	1	130943	478	1	255	2	22545	3	1.00.0000	1.07.0000	1.07.0000	1.07.0000
12546	傳奇	1	130943	478	1	255	2	22546	3	1.00.0000	1.07.0000	1.07.0000	1.07.0000
12547	傳奇	1	130943	478	1	255	2	22547	3	1.00.0000	1.07.0000	1.07.0000	1.07.0000
12548	傳奇	1	130943	478	1	255	2	22548	3	1.00.0000	1.07.0000	1.07.0000	1.07.0000
12549	傳奇	1	130943	478	1	255	2	22549	3	1.00.0000	1.07.0000	1.07.0000	1.07.0000
12550	傳奇	1	130943	478	1	255	2	22550	3	1.00.0000	1.07.0000	1.07.0000	1.07.0000
12551	傳奇	1	130943	478	1	255	2	22551	3	1.00.0000	1.07.0000	1.07.0000	1.07.0000
12552	傳奇	1	130943	478	1	255	2	22552	3	1.00.0000	1.07.0000	1.07.0000	1.07.0000
12553	傳奇	1	130943	478	1	255	2	22553	3	1.00.0000	1.07.0000	1.07.0000	1.07.0000
12554	傳奇	1	130943	478	1	255	2	22554	3	1.00.0000	1.07.0000	1.07.0000	1.07.0000
12555	傳奇	1	130943	478	1	255	2	22555	3	1.00.0000	1.07.0000	1.07.0000	1.07.0000
12556	傳奇	1	130943	478	1	255	2	22556	3	1.00.0000	1.07.0000	1.07.0000	1.07.0000
12557	傳奇	1	130943	478	1	255	2	22557	3	1.00.0000	1.07.0000	1.07.0000	1.07.0000
12558	傳奇	1	130943	478	1	255	2	22558	3	1.00.0000	1.07.0000	1.07.0000	1.07.0000
12559	傳奇	1	130943	478	1	255	2	22559	3	1.00.0000	1.07.0000	1.07.0000	1.07.0000
12560	傳奇	1	130943	478	1	255	2	22560	3	1.00.0000	1.07.0000	1.07.0000	1.07.0000
12561	傳奇	1	130943	478	1	255	2	22561	3	1.00.0000	1.07.0000	1.07.0000	1.07.0000
12562	傳奇	1	130943	478	1	255	2	22562	3	1.00.0000	1.07.0000	1.07.0000	1.07.0000
12563	傳奇	1	130943	478	1	255	2	22563	3	1.00.0000	1.07.0000	1.07.0000	1.07.0000
12564	傳奇	1	130943	478	1	255	2	22564	3	1.00.0000	1.07.0000	1.07.0000	1.07.0000
12565	傳奇	1	130943	478	1	255	2	22565	3	1.00.0000	1.07.0000	1.07.0000	1.07.0000
12566	傳奇	1	130943	478	1	255	2	22566	3	1.00.0000	1.07.0000	1.07.0000	1.07.0000
12567	傳奇	1	130943	478	1	255	2	22567	3	1.00.0000	1.07.0000	1.07.0000	1.07.0000
12568	傳奇	1	130943	478	1	255	2	22568	3	1.00.0000	1.07.0000	1.07.0000	1.07.0000
12569	傳奇	1	130943	478	1	255	2	22569	3	1.00.0000	1.07.0000	1.07.0000	1.07.0000
12570	傳奇	1	130943	478	1	255	2	22570	3	1.00.0000	1.07.0000	1.07.0000	1.07.0000
12571	傳奇	1	130943	478	1	255	2	22571	3	1.00.0000	1.07.0000	1.07.0000	1.07.0000
12572	傳奇	1	130943	478	1	255	2	22572	3	1.00.0000	1.07.0000	1.07.0000	1.07.0000
12573	傳奇	1	130943	478	1	255	2	22573	3	1.00.0000	1.07.0000	1.07.0000	1.07.0000
12574	傳奇	1	130943	478	1	255	2	22574	3	1.00.0000	1.07.0000	1.07.0000	1.07.0000
12575	傳奇	1	130943	478	1	255	2	22575	3	1.00.0000	1.07.0000	1.07.0000	1.07.0000
12576	傳奇	1	130943	478	1	255	2	22576	3	1.00.0000	1.07.0000	1.07.0000	1.07.0000
12577	傳奇	1	130943	478	1	255	2	22577	3	1.00.0000	1.07.0000	1.07.0000	1.07.0000
12578	傳奇	1	130943	478	1	255	2	22578	3	1.00.0000	1.07.0000	1.07.0000	1.07.0000
12579	傳奇	1	130943	478	1	255	2	22579	3	1.00.0000	1.07.0000	1.07.0000	1.07.0000
12580	傳奇	1	130943	478	1	255	2	22580	3	1.00.0000	1.07.0000	1.07.0000	1.07.0000
12581	傳奇	1	130943	478	1	255	2	22581	3	1.00.0000	1.07.0000	1.07.0000	1.07.0000
12582	傳奇	1	130943	478	1	255	2	22582	3	1.00.0000	1.07.0000	1.07.0000	1.07.0000
12583	傳奇	1	130943	478	1	255	2	22583	3	1.00.0000	1.07.0000	1.07.0000	1.07.0000
12584	傳奇	1	130943	478	1	255	2	22584	3	1.00.0000	1.07.0000	1.07.0000	1.07.0000
12585	傳奇	1	130943	478	1	255	2	22585	3	1.00.0000	1.07.0000	1.07.0000	1.07.0000
12586	傳奇	1	130943	478	1	255	2	22586	3	1.00.0000	1.07.0000	1.07.0000	1.07.0000
12587	傳奇	1	130943	478	1	255	2	22587	3	1.00.0000	1.07.0000	1.07.0000	1.07.0000
12588	傳奇	1	130943	478	1	255	2	22588	3	1.00.0000	1.07.0000	1.07.0000	1.07.0000
12589	傳奇	1	130943	478	1	255	2	22589	3	1.00.0000	1.07.0000	1.07.0000	1.07.0000
12590	傳奇	1	130943	478	1	255	2	22590	3	1.00.0000	1.07.0000	1.07.0000	1.07.0000
12591	傳奇	1	130943	478	1	255	2	22591	3	1.00.0000	1.07.0000	1.07.0000	1.07.0000
12592	傳奇	1	130943	478	1	255	2	22592	3	1.00.0000	1.07.0000	1.07.0000	1.07.0000
12593	傳奇	1	130943	478	1	255	2	22593	3	1.00.0000	1.07.0000	1.07.0000	1.07.0000
12594	傳奇	1	130943	478	1	255	2	22594	3	1.00.0000	1.07.0000	1.07.0000	1.07.0000
12595	傳奇	1	130943	478	1	255	2	22595	3	1.00.0000	1.07.0000	1.07.0000	1.07.0000
12596	傳奇	1	130943	478	1	255	2	22596	3	1.00.0000	1.07.0000	1.07.0000	1.07.0000
12597	傳奇	1	130943	478	1	255	2	22597	3	1.00.0000	1.07.0000	1.07.0000	1.07.0000
12598	傳奇	1	130943	478	1	255	2	22598	3	1.00.0000	1.07.0000	1.07.0000	1.07.0000
12599	傳奇	1	130943	478	1	255	2	22599	3	1.00.0000	1.07.0000	1.07.0000	1.07.0000
12600	傳奇	1	130943	478	1	255	2	22600	3	1.00.0000	1.07.0000	1.07.0000	1.07.0000
12601	傳奇	1	130943	478	1	255	2	22601	3	1.00.0000	1.07.0000	1.07.0000	1.07.0000
12602	傳奇	1	130943	478	1	255	2	22602	3	1.00.0000	1.07.0000	1.07.0000	1.07.0000
12603	傳奇	1	130943	478	1	255	2	22603	3	1.00.0000	1.07.0000	1.07.0000	1.07.0000
12604	傳奇	1	130943	478	1	255	2	22604	3	1.00.0000	1.07.0000	1.07.0000	1.07.0000
12605	傳奇	1	130943	478	1	255	2	22605	3	1.00.0000	1.07.0000	1.07.0000	1.07.0000
12606	傳奇	1	130943	478	1	255	2	22606	3	1.00.0000	1.07.0000	1.07.0000	1.07.0000
12607	傳奇	1	130943	478	1	255	2	22607	3	1.00.0000	1.07.0000	1.07.0000	1.07.0000
12608	傳奇	1	130943	478	1	255	2	22608	3	1.00.0000	1.07.0000	1.07.0000	1.07.0000
12609	傳奇	1	130943	478	1	255	2	22609	3	1.00.0000	1.07.0000	1.07.0000	1.07.0000
12610	傳奇	1	130943	478	1	255	2	22610	3	1.00.0000	1.07.0000	1.07.0000	1.07.0000
12611	傳奇	1	130943	478	1	255	2	22611	3	1.00.0000	1.07.0000	1.07.0000	1.07.0000
12612	傳奇	1	130943	478	1	255	2	22612	3	1.00.0000	1.07.0000	1.07.0000	1.07.0000
12613	傳奇	1	130943	478	1	255	2	22613	3	1.00.0000	1.07.0000	1.07.0000	1.07.0000
12614	傳奇	1	130943	478	1	255	2	22614	3	1.00.0000	1.07.0000	1.07.0000	1.07.0000
12615	傳奇	1	130943	478	1	255	2	22615	3	1.00.0000	1.07.0000	1.07.0000	1.07.0000
12616	傳奇	1	130943	478	1	255	2	22616	3	1.00.0000	1.07.0000	1.07.0000	1.07.0000
12617	傳奇	1	130943	478	1	255	2	22617	3	1.00.0000	1.07.0000	1.07.0000	1.07.0000
12618	傳奇	1	130943	478	1	255	2	22618	3	1.00.0000	1.07.0000	1.07.0000	1.07.0000
12619	傳奇	1	130943	478	1	255	2	22619	3	1.00.0000	1.07.0000	1.07.0000	1.07.0000
12620	傳奇	1	130943	478	1	255	2	22620	3	1.00.0000	1.07.0000	1.07.0000	1.07.0000
12621	傳奇	1	130943	478	1	255	2	22621	3	1.00.0000	1.07.0000	1.07.0000	1.07.0000
12622	傳奇	1	130943	478	1	255	2	22622	3	1.00.0000	1.07.0000	1.07.0000	1.07.0000
12623	傳奇	1	130943	478	1	255	2	22623	3	1.00.0000	1.07.0000	1.07.0000	1.07.0000
12624	傳奇	1	130943	478	1	255	2	22624	3	1.00.0000	1.07.0000	1.07.0000	1.07.0000
12625	傳奇	1	130943	478	1	255	2	22625	3	1.00.0000	1.07.0000	1.07.0000	1.07.0000
12626	傳奇	1	130943	478	1	255	2	22626	3	1.00.0000	1.07.0000	1.07.0000	1.07.0000
12627	傳奇	1	130943	478	1	255	2	22627	3	1.00.0000	1.07.0000	1.07.0000	1.07.0000
12628	傳奇	1	130943	478	1	255	2	22628	3	1.00.0000	1.07.0000	1.07.0000	1.07.0000
12629	傳奇	1	130943	478	1	255	2	22629	3	1.00.0000	1.07.0000	1.07.0000	1.07.0000
12630	傳奇	1	130943	478	1	255	2	22630	3	1.00.0000	1.07.0000	1.07.0000	1.07.0000
12631	傳奇	1	130943	478	1	255	2	22631	3	1.00.0000	1.07.0000	1.07.0000	1.07.0000
12632	傳奇	1	130943	478	1	255	2	22632	3	1.00.0000	1.07.0000	1.07.0000	1.07.0000
12633	傳奇	1	130943	478	1	255	2	22633	3	1.00.0000	1.07.0000	1.07.0000	1.07.0000
12634	傳奇	1	130943	478	1	255	2	22634	3	1.00.0000	1.07.0000	1.07.0000	1.07.0000
12635	傳奇	1	130943	478	1	255	2	22635	3	1.00.0000	1.07.0000	1.07.0000	1.07.0000
12636	傳奇	1	130943	478	1	255	2	22636	3	1.00.0000	1.07.0000	1.07.0000	1.07.0000
12637	傳奇	1	130943	478	1	255	2	22637	3	1.00.0000	1.07.0000	1.07.0000	1.07.0000
12638	傳奇	1	130943	478	1	255	2	22638	3	1.00.0000	1.07.0000	1.07.0000	1.07.0000
12639	傳奇	1	130943	478	1	255	2	22639	3	1.00.0000	1.07.0000	1.07.0000	1.07.0000
12640	傳奇	1	130943	478	1	255	2	22640	3	1.00.0000	1.07.0000	1.07.0000	1.07.0000
12641	傳奇	1	130943	478	1	255	2	22641	3	1.00.0000	1.07.0000	1.07.0000	1.07.0000
12642	傳奇	1	130943	478	1	255	2	22642	3	1.00.0000	1.07.0000	1.07.0000	1.07.0000
12643	傳奇	1	130943	478	1	255	2	22643	3	1.00.0000	1.07.0000	1.07.0000	1.07.0000
12644	傳奇	1	130943	478	1	255	2	22644	3	1.00.0000	1.07.0000	1.07.0000	1.07.0000
12645	傳奇	1	130943	478	1	255	2	22645	3	1.00.0000	1.07.0000	1.07.0000	1.07.0000
12646	傳奇	1	130943	478	1	255	2	22646	3	1.00.0000	1.07.0000	1.07.0000	1.07.0000
12647	傳奇	1	130943	478	1	255	2	22647	3	1.00.0000	1.07.0000	1.07.0000	1.07.0000
12648	傳奇	1	130943	478	1	255	2	22648	3	1.00.0000	1.07.0000	1.07.0000	1.07.0000
12649	傳奇	1	130943	478	1	255	2	22649	3	1.00.0000	1.07.0000	1.07.0000	1.07.0000
12650	傳奇	1	130943	478	1	255	2	22650	3	1.00.0000	1.07.0000	1.07.0000	1.07.0000
12651	傳奇	1	130943	478	1	255	2	22651	3	1.00.0000	1.07.0000	1.07.0000	1.07.0000
12652	傳奇	1	130943	478	1	255	2	22652	3	1.00.0000	1.07.0000	1.07.0000	1.07.0000
12653	傳奇	1	130943	478	1	255	2	22653	3	1.00.0000	1.07.0000	1.07.0000	1.07.0000
12654	傳奇	1	130943	478	1	255	2	22654	3	1.00.0000	1.07.0000	1.07.0000	1.07.0000
12655	傳奇	1	130943	478	1	255	2	22655	3	1.00.0000	1.07.0000	1.07.0000	1.07.0000
12656	傳奇	1	130943	478	1	255	2	22656	3	1.00.0000	1.07.0000	1.07.0000	1.07.0000
12657	傳奇	1	130943	478	1	255	2	22657	3	1.00.0000	1.07.0000	1.07.0000	1.07.0000
12658	傳奇	1	130943	478	1	255	2	22658	3	1.00.0000	1.07.0000	1.07.0000	1.07.0000
12659	傳奇	1	130943	478	1	255	2	22659	3	1.00.0000	1.07.0000	1.07.0000	1.07.0000
12660	傳奇	1	130943	478	1	255	2	22660	3	1.00.0000	1.07.0000	1.07.0000	1.07.0000
12661	傳奇	1	130943	478	1	255	2	22661	3	1.00.0000	1.07.0000	1.07.0000	1.07.0000
12662	傳奇	1	130943	478	1	255	2	22662	3	1.00.0000	1.07.0000	1.07.0000	1.07.0000
12663	傳奇	1	130943	478	1	255	2	22663	3	1.00.0000	1.07.0000	1.07.0000	1.07.0000
12664	傳奇	1	130943	478	1	255	2	22664	3	1.00.0000	1.07.0000	1.07.0000	1.07.0000
12665	傳奇	1	130943	478	1	255	2	22665	3	1.00.0000	1.07.0000	1.07.0000	1.07.0000
12666	傳奇	1	130943	478	1	255	2	22666	3	1.00.0000	1.07.0000	1.07.0000	1.07.0000
12667	傳奇	1	130943	478	1	255	2	22667	3	1.00.0000	1.07.0000	1.07.0000	1.07.0000
12668	傳奇	1	130943	478	1	255	2	22668	3	1.00.0000	1.07.0000	1.07.0000	1.07.0000
12669	傳奇	1	130943	478	1	255	2	22669	3	1.00.0000	1.07.0000	1.07.0000	1.07.0000
12670	傳奇	1	130943	478	1	255	2	22670	3	1.00.0000	1.07.0000	1.07.0000	1.07.0000
12671	傳奇	1	130943	478	1	255	2	22671	3	1.00.0000	1.07.0000	1.07.0000	1.07.0000
12672	傳奇	1	130943	478	1	255	2	22672	3	1.00.0000	1.07.0000	1.07.0000	1.07.0000
12673	傳奇	1	130943	478	1	255	2	22673	3	1.00.0000	1.07.0000	1.07.0000	1.07.0000
12674	傳奇	1	130943	478	1	255	2	22674	3	1.00.0000	1.07.0000	1.07.0000	1.07.0000
12675	傳奇	1	130943	478	1	255	2	22675	3	1.00.0000	1.07.0000	1.07.0000	1.07.0000
12676	傳奇	1	130943	478	1	255	2	22676	3	1.00.0000	1.07.0000	1.07.0000	1.07.0000
12677	傳奇	1	130943	478	1	255	2	22677	3	1.00.0000	1.07.0000	1.07.0000	1.07.0000
12678	傳奇	1	130943	478	1	255	2	22678	3	1.00.0000	1.07.0000	1.07.0000	1.07.0000
12679	傳奇	1	130943	478	1	255	2	22679	3	1.00.0000	1.07.0000	1.07.0000	1.07.0000
12680	傳奇	1	130943	478	1	255	2	22680	3	1.00.0000	1.07.0000	1.07.0000	1.07.0000
12681	傳奇	1	130943	478	1	255	2	22681	3	1.00.0000	1.07.0000	1.07.0000	1.07.0000
12682	傳奇	1	130943	478	1	255	2	22682	3	1.00.0000	1.07.0000	1.07.0000	1.07.0000
12683	傳奇	1	130943	478	1	255	2	22683	3	1.00.0000	1.07.0000	1.07.0000	1.07.0000
12684	傳奇	1	130943	478	1	255	2	22684	3	1.00.0000	1.07.0000	1.07.0000	1.07.0000
12685	傳奇	1	130943	478	1	255	2	22685	3	1.00.0000	1.07.0000	1.07.0000	1.07.0000
12686	傳奇	1	130943	478	1	255	2	22686	3	1.00.0000	1.07.0000	1.07.0000	1.07.0000
12687	傳奇	1	130943	478	1	255	2	22687	3	1.00.0000	1.07.0000	1.07.0000	1.07.0000
12688	傳奇	1	130943	478	1	255	2	22688	3	1.00.0000	1.07.0000	1.07.0000	1.07.0000
12689	傳奇	1	130943	478	1	255	2	22689	3	1.00.0000	1.07.0000	1.07.0000	1.07.0000
12690	傳奇	1	130943	478	1	255	2	22690	3	1.00.0000	1.07.0000	1.07.0000	1.07.0000
12691	傳奇	1	130943	478	1	255	2	22691	3	1.00.0000	1.07.0000	1.07.0000	1.07.0000
12692	傳奇	1	130943	478	1	255	2	22692	3	1.00.0000	1.07.0000	1.07.0000	1.07.0000
12693	傳奇	1	130943	478	1	255	2	22693	3	1.00.0000	1.07.0000	1.07.0000	1.07.0000
12694	傳奇	1	130943	478	1	255	2	22694	3	1.00.0000	1.07.0000	1.07.0000	1.07.0000
12695	傳奇	1	130943	478	1	255	2	22695	3	1.00.0000	1.07.0000	1.07.0000	1.07.0000
12696	傳奇	1	130943	478	1	255	2	22696	3	1.00.0000	1.07.0000	1.07.0000	1.07.0000
12697	傳奇	1	130943	478	1	255	2	22697	3	1.00.0000	1.07.0000	1.07.0000	1.07.0000
12698	傳奇	1	130943	478	1	255	2	22698	3	1.00.0000	1.07.0000	1.07.0000	1.07.0000
12699	傳奇	1	130943	478	1	255	2	22699	3	1.00.0000	1.07.0000	1.07.0000	1.07.0000
12700	傳奇	1	130943	478	1	255	2	22700	3	1.00.0000	1.07.0000	1.07.0000	1.07.0000
12701	傳奇	1	130943	478	1	255	2	22701	3	1.00.0000	1.07.0000	1.07.0000	1.07.0000
12702	傳奇	1	130943	478	1	255	2	22702	3	1.00.0000	1.07.0000	1.07.0000	1.07.0000
12703	傳奇	1	130943	478	1	255	2	22703	3	1.00.0000	1.07.0000	1.07.0000	1.07.0000
12704	傳奇	1	130943	478	1	255	2	22704	3	1.00.0000	1.07.0000	1.07.0000	1.07.0000
12705	傳奇	1	130943	478	1	255	2	22705	3	1.00.0000	1.07.0000	1.07.0000	1.07.0000
12706	傳奇	1	130943	478	1	255	2	22706	3	1.00.0000	1.07.0000	1.07.0000	1.07.0000
12707	傳奇	1	130943	478	1	255	2	22707	3	1.00.0000	1.07.0000	1.07.0000	1.07.0000
12708	傳奇	1	130943	478	1	255	2	22708	3	1.00.0000	1.07.0000	1.07.0000	1.07.0000
12709	傳奇	1	130943	478	1	255	2	22709	3	1.00.0000	1.07.0000	1.07.0000	1.07.0000
12710	傳奇	1	130943	478	1	255	2	22710	3	1.00.0000	1.07.0000	1.07.0000	1.07.0000
12711	傳奇	1	130943	478	1	255	2	22711	3	1.00.0000	1.07.0000	1.07.0000	1.07.0000
12712	傳奇	1	130943	478	1	255	2	22712	3	1.00.0000	1.07.0000	1.07.0000	1.07.0000
12713	傳奇	1	130943	478	1	255	2	22713	3	1.00.0000	1.07.0000	1.07.0000	1.07.0000
12714	傳奇	1	130943	478	1	255	2	22714	3	1.00.0000	1.07.0000	1.07.0000	1.07.0000
12715	傳奇	1	130943	478	1	255	2	22715	3	1.00.0000	1.07.0000	1.07.0000	1.07.0000
12716	傳奇	1	130943	478	1	255	2	22716	3	1.00.0000	1.07.0000	1.07.0000	1.07.0000
12717	傳奇	1	130943	478	1	255	2	22717	3	1.00.0000	1.07.0000	1.07.0000	1.07.0000
12718	傳奇	1	130943	478	1	255	2	22718	3	1.00.0000	1.07.0000	1.07.0000	1.07.0000
12719	傳奇	1	130943	478	1	255	2	22719	3	1.00.0000	1.07.0000	1.07.0000	1.07.0000
12720	傳奇	1	130943	478	1	255	2	22720	3	1.00.0000	1.07.0000	1.07.0000	1.07.0000
12721	傳奇	1	130943	478	1	255	2	22721	3	1.00.0000	1.07.0000	1.07.0000	1.07.0000
12722	傳奇	1	130943	478	1	255	2	22722	3	1.00.0000	1.07.0000	1.07.0000	1.07.0000
12723	傳奇	1	130943	478	1	255	2	22723	3	1.00.0000	1.07.0000	1.07.0000	1.07.0000
12724	傳奇	1	130943	478	1	255	2	22724	3	1.00.0000	1.07.0000	1.07.0000	1.07.0000
12725	傳奇	1	130943	478	1	255	2	22725	3	1.00.0000	1.07.0000	1.07.0000	1.07.0000
12726	傳奇	1	130943	478	1	255	2	22726	3	1.00.0000	1.07.0000	1.07.0000	1.07.0000
12727	傳奇	1	130943	478	1	255	2	22727	3	1.00.0000	1.07.0000	1.07.0000	1.07.0000
12728	傳奇	1	130943	478	1	255	2	22728	3	1.00.0000	1.07.0000	1.07.0000	1.07.0000
12729	傳奇	1	130943	478	1	255	2	22729	3	1.00.0000	1.07.0000	1.07.0000	1.07.0000
12730	傳奇	1	130943	478	1	255	2	22730	3	1.00.0000	1.07.0000	1.07.0000	1.07.0000
12731	傳奇	1	130943	478	1	255	2	22731	3	1.00.0000	1.07.0000	1.07.0000	1.07.0000
12732	傳奇	1	130943	478	1	255	2	22732	3	1.00.0000	1.07.0000	1.07.0000	1.07.0000
12733	傳奇	1	130943	478	1	255	2	22733	3	1.00.0000	1.07.0000	1.07.0000	1.07.0000
12734	傳奇	1	130943	478	1	255	2	22734	3	1.00.0000	1.07.0000	1.07.0000	1.07.0000
12735	傳奇	1	130943	478	1	255	2	22735	3	1.00.0000	1.07.0000	1.07.0000	1.07.0000
12736	傳奇	1	130943	478	1	255	2	22736	3	1.00.0000	1.07.0000	1.07.0000	1.07.0000
12737	傳奇	1	130943	478	1	255	2	22737	3	1.00.0000	1.07.0000	1.07.0000	1.07.0000
12738	傳奇	1	130943	478	1	255	2	22738	3	1.00.0000	1.07.0000	1.07.0000	1.07.0000
12739	傳奇	1	130943	478	1	255	2	22739	3	1.00.0000	1.07.0000	1.07.0000	1.07.0000
12740	傳奇	1	130943	478	1	255	2	22740	3	1.00.0000	1.07.0000	1.07.0000	1.07.0000
12741	傳奇	1	130943	478	1	255	2	22741	3	1.00.0000	1.07.0000	1.07.0000	1.07.0000
12742	傳奇	1	130943	478	1	255	2	22742	3	1.00.0000	1.07.0000	1.07.0000	1.07.0000
12743	傳奇	1	130943	478	1	255	2	22743	3	1.00.0000	1.07.0000	1.07.0000	1.07.0000
12744	傳奇	1	130943	478	1	255	2	22744	3	1.00.0000	1.07.0000	1.07.0000	1.07.0000
12745	傳奇	1	130943	478	1	255	2	22745	3	1.00.0000	1.07.0000	1.07.0000	1.07.0000
12746	傳奇	1	130943	478	1	255	2	22746	3	1.00.0000	1.07.0000	1.07.0000	1.07.0000
12747	傳奇	1	130943	478	1	255	2	22747	3	1.00.0000	1.07.0000	1.07.0000	1.07.0000
12748	傳奇	1	130943	478	1	255	2	22748	3	1.00.0000	1.07.0000	1.07.0000	1.07.0000
12749	傳奇	1	130943	478	1	255	2	22749	3	1.00.0000	1.07.0000	1.07.0000	1.07.0000
12750	傳奇	1	130943	478	1	255	2	22750	3	1.00.0000	1.07.0000	1.07.0000	1.07.0000
12751	傳奇	1	130943	478	1	255	2	22751	3	1.00.0000	1.07.0000	1.07.0000	1.07.0000
12752	傳奇	1	130943	478	1	255	2	22752	3	1.00.0000	1.07.0000	1.07.0000	1.07.0000
12753	傳奇	1	130943	478	1	255	2	22753	3	1.00.0000	1.07.0000	1.07.0000	1.07.0000
12754	傳奇	1	130943	478	1	255	2	22754	3	1.00.0000	1.07.0000	1.07.0000	1.07.0000
12755	傳奇	1	130943	478	1	255	2	22755	3	1.00.0000	1.07.0000	1.07.0000	1.07.0000
12756	傳奇	1	130943	478	1	255	2	22756	3	1.00.0000	1.07.0000	1.07.0000	1.07.0000
12757	傳奇	1	130943	478	1	255	2	22757	3	1.00.0000	1.07.0000	1.07.0000	1.07.0000
12758	傳奇	1	130943	478	1	255	2	22758	3	1.00.0000	1.07.0000	1.07.0000	1.07.0000
12759	傳奇	1	130943	478	1	255	2	22759	3	1.00.0000	1.07.0000	1.07.0000	1.07.0000
12760	傳奇	1	130943	478	1	255	2	22760	3	1.00.0000	1.07.0000	1.07.0000	1.07.0000
12761	傳奇	1	130943	478	1	255	2	22761	3	1.00.0000	1.07.0000	1.07.0000	1.07.0000
12762	傳奇	1	130943	478	1	255	2	22762	3	1.00.0000	1.07.0000	1.07.0000	1.07.0000
12763	傳奇	1	130943	478	1	255	2	22763	3	1.00.0000	1.07.0000	1.07.0000	1.07.0000
12764	傳奇	1	130943	478	1	255	2	22764	3	1.00.0000	1.07.0000	1.07.0000	1.07.0000
12765	傳奇	1	130943	478	1	255	2	22765	3	1.00.0000	1.07.0000	1.07.0000	1.07.0000
12766	傳奇	1	130943	478	1	255	2	22766	3	1.00.0000	1.07.0000	1.07.0000	1.07.0000
12767	傳奇	1	130943	478	1	255	2	22767	3	1.00.0000	1.07.0000	1.07.0000	1.07.0000
12768	傳奇	1	130943	478	1	255	2	22768	3	1.00.0000	1.07.0000	1.07.0000	1.07.0000
12769	傳奇	1	130943	478	1	255	2	22769	3	1.00.0000	1.07.0000	1.07.0000	1.07.0000
12770	傳奇	1	130943	478	1	255	2	22770	3	1.00.0000	1.07.0000	1.07.0000	1.07.0000
12771	傳奇	1	130943	478	1	255	2	22771	3	1.00.0000	1.07.0000	1.07.0000	1.07.0000
12772	傳奇	1	130943	478	1	255	2	22772	3	1.00.0000	1.07.0000	1.07.0000	1.07.0000
12773	傳奇	1	130943	478	1	255	2	22773	3	1.00.0000	1.07.0000	1.07.0000	1.07.0000
12774	傳奇	1	130943	478	1	255	2	22774	3	1.00.0000	1.07.0000	1.07.0000	1.07.0000
12775	傳奇	1	130943	478	1	255	2	22775	3	1.00.0000	1.07.0000	1.07.0000	1.07.0000
12776	傳奇	1	130943	478	1	255	2	22776	3	1.00.0000	1.07.0000	1.07.0000	1.07.0000
12777	傳奇	1	130943	478	1	255	2	22777	3	1.00.0000	1.07.0000	1.07.0000	1.07.0000
12778	傳奇	1	130943	478	1	255	2	22778	3	1.00.0000	1.07.0000	1.07.0000	1.07.0000
12779	傳奇	1	130943	478	1	255	2	22779	3	1.00.0000	1.07.0000	1.07.0000	1.07.0000
12780	傳奇	1	130943	478	1	255	2	22780	3	1.00.0000	1.07.0000	1.07.0000	1.07.0000
12781	傳奇	1	130943	478	1	255	2	22781	3	1.00.0000	1.07.0000	1.07.0000	1.07.0000
12782	傳奇	1	130943	478	1	255	2	22782	3	1.00.0000	1.07.0000	1.07.0000	1.07.0000
12783	傳奇	1	130943	478	1	255	2	22783	3	1.00.0000	1.07.0000	1.07.0000	1.07.0000
12784	傳奇	1	130943	478	1	255	2	22784	3	1.00.0000	1.07.0000	1.07.0000	1.07.0000
12785	傳奇	1	130943	478	1	255	2	22785	3	1.00.0000	1.07.0000	1.07.0000	1.07.0000
12786	傳奇	1	130943	478	1	255	2	22786	3	1.00.0000	1.07.0000	1.07.0000	1.07.0000
12787	傳奇	1	130943	478	1	255	2	22787	3	1.00.0000	1.07.0000	1.07.0000	1.07.0000
12788	傳奇	1	130943	478	1	255	2	22788	3	1.00.0000	1.07.0000	1.07.0000	1.07.0000
12789	傳奇	1	130943	478	1	255	2	22789	3	1.00.0000	1.07.0000	1.07.0000	1.07.0000
12790	傳奇	1	130943	478	1	255	2	22790	3	1.00.0000	1.07.0000	1.07.0000	1.07.0000
12791	傳奇	1	130943	478	1	255	2	22791	3	1.00.0000	1.07.0000	1.07.0000	1.07.0000
12792	傳奇	1	130943	478	1	255	2	22792	3	1.00.0000	1.07.0000	1.07.0000	1.07.0000
12793	傳奇	1	130943	478	1	255	2	22793	3	1.00.0000	1.07.0000	1.07.0000	1.07.0000
12794	傳奇	1	130943	478	1	255	2	22794	3	1.00.0000	1.07.0000	1.07.0000	1.07.0000
12795	傳奇	1	130943	478	1	255	2	22795	3	1.00.0000	1.07.0000	1.07.0000	1.07.0000
12796	傳奇	1	130943	478	1	255	2	22796	3	1.00.0000	1.07.0000	1.07.0000	1.07.0000
12797	傳奇	1	130943	478	1	255	2	22797	3	1.00.0000	1.07.0000	1.07.0000	1.07.0000
12798	傳奇	1	130943	478	1	255	2	22798	3	1.00.0000	1.07.0000	1.07.0000	1.07.0000
12799	傳奇	1	130943	478	1	255	2	22799	3	1.00.0000	1.07.0000	1.07.0000	1.07.0000
12800	傳奇	1	130943	478	1	255	2	22800	3	1.00.0000	1.07.0000	1.07.0000	1.07.0000
12801	傳奇	1	130943	478	1	255	2	22801	3	1.00.0000	1.07.0000	1.07.0000	1.07.0000
12802	傳奇	1	130943	478	1	255	2	22802	3	1.00.0000	1.07.0000	1.07.0000	1.07.0000
12803	傳奇	1	130943	478	1	255	2	22803	3	1.00.0000	1.07.0000	1.07.0000	1.07.0000
12804	傳奇	1	130943	478	1	255	2	22804	3	1.00.0000	1.07.0000	1.07.0000	1.07.0000
12805	傳奇	1	130943	478	1	255	2	22805	3	1.00.0000	1.07.0000	1.07.0000	1.07.0000
12806	傳奇	1	130943	478	1	255	2	22806	3	1.00.0000	1.07.0000	1.07.0000	1.07.0000
12807	傳奇	1	130943	478	1	255	2	22807	3	1.00.0000	1.07.0000	1.07.0000	1.07.0000
12808	傳奇	1	130943	478	1	255	2	22808	3	1.00.0000	1.07.0000	1.07.0000	1.07.0000
12809	傳奇	1	130943	478	1	255	2	22809	3	1.00.0000	1.07.0000	1.07.0000	1.07.0000
12810	傳奇	1	130943	478	1	255	2	22810	3	1.00.0000	1.07.0000	1.07.0000	1.07.0000
12811	傳奇	1	130943	478	1	255	2	22811	3	1.00.0000	1.07.0000	1.07.0000	1.07.0000
12812	傳奇	1	130943	478	1	255	2	22812	3	1.00.0000	1.07.0000	1.07.0000	1.07.0000
12813	傳奇	1	130943	478	1	255	2	22813	3	1.00.0000	1.07.0000	1.07.0000	1.07.0000
12814	傳奇	1	130943	478	1	255	2	22814	3	1.00.0000	1.07.0000	1.07.0000	1.07.0000
12815	傳奇	1	130943	478	1	255	2	22815	3	1.00.0000	1.07.0000	1.07.0000	1.07.0000
12816	傳奇	1	130943	478	1	255	2	22816	3	1.00.0000	1.07.0000	1.07.0000	1.07.0000
12817	傳奇	1	130943	478	1	255	2	22817	3	1.00.0000	1.07.0000	1.07.0000	1.07.0000
12818	傳奇	1	130943	478	1	255	2	22818	3	1.00.0000	1.07.0000	1.07.0000	1.07.0000
12819	傳奇	1	130943	478	1	255	2	22819	3	1.00.0000	1.07.0000	1.07.0000	1.07.0000
12820	傳奇	1	130943	478	1	255	2	22820	3	1.00.0000	1.07.0000	1.07.0000	1.07.0000
12821	傳奇	1	130943	478	1	255	2	22821	3	1.00.0000	1.07.0000	1.07.0000	1.07.0000
12822	傳奇	1	130943	478	1	255	2	22822	3	1.00.0000	1.07.0000	1.07.0000	1.07.0000
12823	傳奇	1	130943	478	1	255	2	22823	3	1.00.0000	1.07.0000	1.07.0000	1.07.0000
12824	傳奇	1	130943	478	1	255	2	22824	3	1.00.0000	1.07.0000	1.07.0000	1.07.0000
12825	傳奇	1	130943	478	1	255	2	22825	3	1.00.0000	1.07.0000	1.07.0000	1.07.0000
12826	傳奇	1	130943	478	1	255	2	22826	3	1.00.0000	1.07.0000	1.07.0000	1.07.0000
12827	傳奇	1	130943	478	1	255	2	22827	3	1.00.0000	1.07.0000	1.07.0000	1.07.0000
12828	傳奇	1	130943	478	1	255	2	22828	3	1.00.0000	1.07.0000	1.07.0000	1.07.0000
12829	傳奇	1	130943	478	1	255	2	22829	3	1.00.0000	1.07.0000	1.07.0000	1.07.0000
12830	傳奇	1	130943	478	1	255	2	22830	3	1.00.0000	1.07.0000	1.07.0000	1.07.0000
12831	傳奇	1	130943	478	1	255	2	22831	3	1.00.0000	1.07.0000	1.07.0000	1.07.0000
12832	傳奇	1	130943	478	1	255	2	22832	3	1.00.0000	1.07.0000	1.07.0000	1.07.0000
12833	傳奇	1	130943	478	1	255	2	22833	3	1.00.0000	1.07.0000	1.07.0000	1.07.0000
12834	傳奇	1	130943	478	1	255	2	22834	3	1.00.0000	1.07.0000	1.07.0000	1.07.0000
12835	傳奇	1	130943	478	1	255	2	22835	3	1.00.0000	1.07.0000	1.07.0000	1.07.0000
12836	傳奇	1	130943	478	1	255	2	22836	3	1.00.0000	1.07.0000	1.07.0000	1.07.0000
12837	傳奇	1	130943	478	1	255	2	22837	3	1.00.0000	1.07.0000	1.07.0000	1.07.0000
12838	傳奇	1	130943	478	1	255	2	22838	3	1.00.0000	1.07.0000	1.07.0000	1.07.0000
12839	傳奇	1	130943	478	1	255	2	22839	3	1.00.0000	1.07.0000	1.07.0000	1.07.0000
12840	傳奇	1	130943	478	1	255	2	22840	3	1.00.0000	1.07.0000	1.07.0000	1.07.0000
12841	傳奇	1	130943	478	1	255	2	22841	3	1.00.0000	1.07.0000	1.07.0000	1.07.0000
12842	傳奇	1	130943	478	1	255	2	22842	3	1.00.0000	1.07.0000	1.07.0000	1.07.0000
12843	傳奇	1	130943	478	1	255	2	22843	3	1.00.0000	1.07.0000	1.07.0000	1.07.0000
12844	傳奇	1	130943	478	1	255	2	22844	3	1.00.0000	1.07.0000	1.07.0000	1.07.0000
12845	傳奇	1	130943	478	1	255	2	22845	3	1.00.0000	1.07.0000	1.07.0000	1.07.0000
12846	傳奇	1	130943	478	1	255	2	22846	3	1.00.0000	1.07.0000	1.07.0000	1.07.0000
12847	傳奇	1	130943	478	1	255	2	22847	3	1.00.0000	1.07.0000	1.07.0000	1.07.0000
12848	傳奇	1	130943	478	1	255	2	22848	3	1.00.0000	1.07.0000	1.07.0000	1.07.0000
12849	傳奇	1	130943	478	1	255	2	22849	3	1.00.0000	1.07.0000	1.07.0000	1.07.0000
12850	傳奇	1	130943	478	1	255	2	22850	3	1.00.0000	1.07.0000	1.07.0000	1.07.0000
12851	傳奇	1	130943	478	1	255	2	22851	3	1.00.0000	1.07.0000	1.07.0000	1.07.0000
12852	傳奇	1	130943	478	1	255	2	22852	3	1.00.0000	1.07.0000	1.07.0000	1.07.0000
12853	傳奇	1	130943	478	1	255	2	22853	3	1.00.0000	1.07.0000	1.07.0000	1.07.0000
12854	傳奇	1	130943	478	1	255	2	22854	3	1.00.0000	1.07.0000	1.07.0000	1.07.0000
12855	傳奇	1	130943	478	1	255	2	22855	3	1.00.0000	1.07.0000	1.07.0000	1.07.0000
12856	傳奇	1	130943	478	1	255	2	22856	3	1.00.0000	1.07.0000	1.07.0000	1.07.0000
12857	傳奇	1	130943	478	1	255	2	22857	3	1.00.0000	1.07.0000	1.07.0000	1.07.0000
12858	傳奇	1	130943	478	1	255	2	22858	3	1.00.0000	1.07.0000	1.07.0000	1.07.0000
12859	傳奇	1	130943	478	1	255	2	22859	3	1.00.0000	1.07.0000	1.07.0000	1.07.0000
12860	傳奇	1	130943	478	1	255	2	22860	3	1.00.0000	1.07.0000	1.07.0000	1.07.0000
12861	傳奇	1	130943	478	1	255	2	22861	3	1.00.0000	1.07.0000	1.07.0000	1.07.0000
12862	傳奇	1	130943	478	1	255	2	22862	3	1.00.0000	1.07.0000	1.07.0000	1.07.0000
12863	傳奇	1	130943	478	1	255	2	22863	3	1.00.0000	1.07.0000	1.07.0000	1.07.0000
12864	傳奇	1	130943	478	1	255	2	22864	3	1.00.0000	1.07.0000	1.07.0000	1.07.0000
12865	傳奇	1	130943	478	1	255	2	22865	3	1.00.0000	1.07.0000	1.07.0000	1.07.0000
12866	傳奇	1	130943	478	1	255	2	22866	3	1.00.0000	1.07.0000	1.07.0000	1.07.0000
12867	傳奇	1	130943	478	1	255	2	22867	3	1.00.0000	1.07.0000	1.07.0000	1.07.0000
12868	傳奇	1	130943	478	1	255	2	22868	3	1.00.0000	1.07.0000	1.07.0000	1.07.0000
12869	傳奇	1	130943	478	1	255	2	22869	3	1.00.0000	1.07.0000	1.07.0000	1.07.0000
12870	傳奇	1	130943	478	1	255	2	22870	3	1.00.0000	1.07.0000	1.07.0000	1.07.0000
12871	傳奇	1	130943	478	1	255	2	22871	3	1.00.0000	1.07.0000	1.07.0000	1.07.0000
12872	傳奇	1	130943	478	1	255	2	22872	3	1.00.0000	1.07.0000	1.07.0000	1.07.0000
12873	傳奇	1	130943	478	1	255	2	22873	3	1.00.0000	1.07.0000	1.07.0000	1.07.0000
12874	傳奇	1	130943	478	1	255	2	22874	3	1.00.0000	1.07.0000	1.07.0000	1.07.0000
12875	傳奇	1	130943	478	1	255	2	22875	3	1.00.0000	1.07.0000	1.07.0000	1.07.0000
12876	傳奇	1	130943	478	1	255	2	22876	3	1.00.0000	1.07.0000	1.07.0000	1.07.0000
12877	傳奇	1	130943	478	1	255	2	22877	3	1.00.0000	1.07.0000	1.07.0000	1.07.0000
12878	傳奇	1	130943	478	1	255	2	22878	3	1.00.0000	1.07.0000	1.07.0000	1.07.0000
12879	傳奇	1	130943	478	1	255	2	22879	3	1.00.0000	1.07.0000	1.07.0000	1.07.0000
12880	傳奇	1	130943	478	1	255	2	22880	3	1.00.0000	1.07.0000	1.07.0000	1.07.0000
12881	傳奇	1	130943	478	1	255	2	22881	3	1.00.0000	1.07.0000	1.07.0000	1.07.0000
12882	傳奇	1	130943	478	1	255	2	22882	3	1.00.0000	1.07.0000	1.07.0000	1.07.0000
12883	傳奇	1	130943	478	1	255	2	22883	3	1.00.0000	1.07.0000	1.07.0000	1.07.0000
12884	傳奇	1	130943	478	1	255	2	22884	3	1.00.0000	1.07.0000	1.07.0000	1.07.0000
12885	傳奇	1	130943	478	1	255	2	22885	3	1.00.0000	1.07.0000	1.07.0000	1.07.0000
12886	傳奇	1	130943	478	1	255	2	22886	3	1.00.0000	1.07.0000	1.07.0000	1.07.0000
12887	傳奇	1	130943	478	1	255	2	22887	3	1.00.0000	1.07.0000	1.07.0000	1.07.0000
12888	傳奇	1	130943	478	1	255	2	22888	3	1.00.0000	1.07.0000	1.07.0000	1.07.0000
12889	傳奇	1	130943	478	1	255	2	22889	3	1.00.0000	1.07.0000	1.07.0000	1.07.0000
12890	傳奇	1	130943	478	1	255	2	22890	3	1.00.0000	1.07.0000	1.07.0000	1.07.0000
12891	傳奇	1	130943	478	1	255	2	22891	3	1.00.0000	1.07.0000	1.07.0000	1.07.0000
12892	傳奇	1	130943	478	1	255	2	22892	3	1.00.0000	1.07.0000	1.07.0000	1.07.0000
12893	傳奇	1	130943	478	1	255	2	22893	3	1.00.0000	1.07.0000	1.07.0000	1.07.0000
12894	傳奇	1	130943	478	1	255	2	22894	3	1.00.0000	1.07.0000	1.07.0000	1.07.0000
12895	傳奇	1	130943	478	1	255	2	22895	3	1.00.0000	1.07.0000	1.07.0000	1.07.0000
12896	傳奇	1	130943	478	1	255	2	22896	3	1.00.0000	1.07.0000	1.07.0000	1.07.0000
12897	傳奇	1	130943	478	1	255	2	22897	3	1.00.0000	1.07.0000	1.07.0000	1.07.0000
12898	傳奇	1	130943	478	1	255	2	22898	3	1.00.0000	1.07.0000	1.07.0000	1.07.0000
12899	傳奇	1	130943	478	1	255	2	22899	3	1.00.0000	1.07.0000	1.07.0000	1.07.0000
12900	傳奇	1	130943	478	1	255	2	22900	3	1.00.0000	1.07.0000	1.07.0000	1.07.0000
12901	傳奇	1	130943	478	1	255	2	22901	3	1.00.0000	1.07.0000	1.07.0000	1.07.0000
12902	傳奇	1	130943	478	1	255	2	22902	3	1.00.0000	1.07.0000	1.07.0000	1.07.0000
12903	傳奇	1	130943	478	1	255	2	22903	3	1.00.0000	1.07.0000	1.07.0000	1.07.0000
12904	傳奇	1	130943	478	1	255	2	22904	3	1.00.0000	1.07.0000	1.07.0000	1.07.0000
12905	傳奇	1	130943	478	1	255	2	22905	3	1.00.0000	1.07.0000	1.07.0000	1.07.0000
12906	傳奇	1	130943	478	1	255	2	22906	3	1.00.0000	1.07.0000	1.07.0000	1.07.0000
12907	傳奇	1	130943	478	1	255	2	22907	3	1.00.0000	1.07.0000	1.07.0000	1.07.0000
12908	傳奇	1	130943	478	1	255	2	22908	3	1.00.0000	1.07.0000	1.07.0000	1.07.0000
12909	傳奇	1	130943	478	1	255	2	22909	3	1.00.0000	1.07.0000	1.07.0000	1.07.0000
12910	傳奇	1	130943	478	1	255	2	22910	3	1.00.0000	1.07.0000	1.07.0000	1.07.0000
12911	傳奇	1	130943	478	1	255	2	22911	3	1.00.0000	1.07.0000	1.07.0000	1.07.0000
12912	傳奇	1	130943	478	1	255	2	22912	3	1.00.0000	1.07.0000	1.07.0000	1.07.0000
12913	傳奇	1	130943	478	1	255	2	22913	3	1.00.0000	1.07.0000	1.07.0000	1.07.0000
12914	傳奇	1	130943	478	1	255	2	22914	3	1.00.0000	1.07.0000	1.07.0000	1.07.0000
12915	傳奇	1	130943	478	1	255	2	22915	3	1.00.0000	1.07.0000	1.07.0000	1.07.0000
12916	傳奇	1	130943	478	1	255	2	22916	3	1.00.0000	1.07.0000	1.07.0000	1.07.0000
12917	傳奇	1	130943	478	1	255	2	22917	3	1.00.0000	1.07.0000	1.07.0000	1.07.0000
12918	傳奇	1	130943	478	1	255	2	22918	3	1.00.0000	1.07.0000	1.07.0000	1.07.0000
12919	傳奇	1	130943	478	1	255	2	22919	3	1.00.0000	1.07.0000	1.07.0000	1.07.0000
12920	傳奇	1	130943	478	1	255	2	22920	3	1.00.0000	1.07.0000	1.07.0000	1.07.0000
12921	傳奇	1	130943	478	1	255	2	22921	3	1.00.0000	1.07.0000	1.07.0000	1.07.0000
12922	傳奇	1	130943	478	1	255	2	22922	3	1.00.0000	1.07.0000	1.07.0000	1.07.0000
12923	傳奇	1	130943	478	1	255	2	22923	3	1.00.0000	1.07.0000	1.07.0000	1.07.0000
12924	傳奇	1	130943	478	1	255	2	22924	3	1.00.0000	1.07.0000	1.07.0000	1.07.0000
12925	傳奇	1	130943	478	1	255	2	22925	3	1.00.0000	1.07.0000	1.07.0000	1.07.0000
12926	傳奇	1	130943	478	1	255	2	22926	3	1.00.0000	1.07.0000	1.07.0000	1.07.0000
12927	傳奇	1	130943	478	1	255	2	22927	3	1.00.0000	1.07.0000	1.07.0000	1.07.0000
12928	傳奇	1	130943	478	1	255	2	22928	3	1.00.0000	1.07.0000	1.07.0000	1.07.0000
12929	傳奇	1	130943	478	1	255	2	22929	3	1.00.0000	1.07.0000	1.07.0000	1.07.0000
12930	傳奇	1	130943	478	1	255	2	22930	3	1.00.0000	1.07.0000	1.07.0000	1.07.0000
12931	傳奇	1	130943	478	1	255	2	22931	3	1.00.0000	1.07.0000	1.07.0000	1.07.0000
12932	傳奇	1	130943	478	1	255	2	22932	3	1.00.0000	1.07.0000	1.07.0000	1.07.0000
12933	傳奇	1	130943	478	1	255	2	22933	3	1.00.0000	1.07.0000	1.07.0000	1.07.0000
12934	傳奇	1	130943	478	1	255	2	22934	3	1.00.0000	1.07.0000	1.07.0000	1.07.0000
12935	傳奇	1	130943	478	1	255	2	22935	3	1.00.0000	1.07.0000	1.07.0000	1.07.0000
12936	傳奇	1	130943	478	1	255	2	22936	3	1.00.0000	1.07.0000	1.07.0000	1.07.0000
12937	傳奇	1	130943	478	1	255	2	22937	3	1.00.0000	1.07.0000	1.07.0000	1.07.0000
12938	傳奇	1	130943	478	1	255	2	22938	3	1.00.0000	1.07.0000	1.07.0000	1.07.0000
12939	傳奇	1	130943	478	1	255	2	22939	3	1.00.0000	1.07.0000	1.07.0000	1.07.0000
12940	傳奇	1	130943	478	1	255	2	22940	3	1.00.0000	1.07.0000	1.07.0000	1.07.0000
12941	傳奇	1	130943	478	1	255	2	22941	3	1.00.0000	1.07.0000	1.07.0000	1.07.0000
12942	傳奇	1	130943	478	1	255	2	22942	3	1.00.0000	1.07.0000	1.07.0000	1.07.0000
12943	傳奇	1	130943	478	1	255	2	22943	3	1.00.0000	1.07.0000	1.07.0000	1.07.0000
12944	傳奇	1	130943	478	1	255	2	22944	3	1.00.0000	1.07.0000	1.07.0000	1.07.0000
12945	傳奇	1	130943	478	1	255	2	22945	3	1.00.0000	1.07.0000	1.07.0000	1.07.0000
12946	傳奇	1	130943	478	1	255	2	22946	3	1.00.0000	1.07.0000	1.07.0000	1.07.0000
12947	傳奇	1	130943	478	1	255	2	22947	3	1.00.0000	1.07.0000	1.07.0000	1.07.0000
12948	傳奇	1	130943	478	1	255	2	22948	3	1.00.0000	1.07.0000	1.07.0000	1.07.0000
12949	傳奇	1	130943	478	1	255	2	22949	3	1.00.0000	1.07.0000	1.07.0000	1.07.0000
12950	傳奇	1	130943	478	1	255	2	22950	3	1.00.0000	1.07.0000	1.07.0000	1.07.0000
12951	傳奇	1	130943	478	1	255	2	22951	3	1.00.0000	1.07.0000	1.07.0000	1.07.0000
12952	傳奇	1	130943	478	1	255	2	22952	3	1.00.0000	1.07.0000	1.07.0000	1.07.0000
12953	傳奇	1	130943	478	1	255	2	22953	3	1.00.0000	1.07.0000	1.07.0000	1.07.0000
12954	傳奇	1	130943	478	1	255	2	22954	3	1.00.0000	1.07.0000	1.07.0000	1.07.0000
12955	傳奇	1	130943	478	1	255	2	22955	3	1.00.0000	1.07.0000	1.07.0000	1.07.0000
12956	傳奇	1	130943	478	1	255	2	22956	3	1.00.0000	1.07.0000	1.07.0000	1.07.0000
12957	傳奇	1	130943	478	1	255	2	22957	3	1.00.0000	1.07.0000	1.07.0000	1.07.0000
12958	傳奇	1	130943	478	1	255	2	22958	3	1.00.0000	1.07.0000	1.07.0000	1.07.0000
12959	傳奇	1	130943	478	1	255	2	22959	3	1.00.0000	1.07.0000	1.07.0000	1.07.0000
12960	傳奇	1	130943	478	1	255	2	22960	3	1.00.0000	1.07.0000	1.07.0000	1.07.0000
12961	傳奇	1	130943	478	1	255	2	22961	3	1.00.0000	1.07.0000	1.07.0000	1.07.0000
12962	傳奇	1	130943	478	1	255	2	22962	3	1.00.0000	1.07.0000	1.07.0000	1.07.0000
12963	傳奇	1	130943	478	1	255	2	22963	3	1.00.0000	1.07.0000	1.07.0000	1.07.0000
12964	傳奇	1	130943	478	1	255	2	22964	3	1.00.0000	1.07.0000	1.07.0000	1.07.0000
12965	傳奇	1	130943	478	1	255	2	22965	3	1.00.0000	1.07.0000	1.07.0000	1.07.0000
12966	傳奇	1	130943	478	1	255	2	22966	3	1.00.0000	1.07.0000	1.07.0000	1.07.0000
12967	傳奇	1	130943	478	1	255	2	22967	3	1.00.0000	1.07.0000	1.07.0000	1.07.0000
12968	傳奇	1	130943	478	1	255	2	22968	3	1.00.0000	1.07.0000	1.07.0000	1.07.0000
12969	傳奇	1	130943	478	1	255	2	22969	3	1.00.0000	1.07.0000	1.07.0000	1.07.0000
12970	傳奇	1	130943	478	1	255	2	22970	3	1.00.0000	1.07.0000	1.07.0000	1.07.0000
12971	傳奇	1	130943	478	1	255	2	22971	3	1.00.0000	1.07.0000	1.07.0000	1.07.0000
12972	傳奇	1	130943	478	1	255	2	22972	3	1.00.0000	1.07.0000	1.07.0000	1.07.0000
12973	傳奇	1	130943	478	1	255	2	22973	3	1.00.0000	1.07.0000	1.07.0000	1.07.0000
12974	傳奇	1	130943	478	1	255	2	22974	3	1.00.0000	1.07.0000	1.07.0000	1.07.0000
12975	傳奇	1	130943	478	1	255	2	22975	3	1.00.0000	1.07.0000	1.07.0000	1.07.0000
12976	傳奇	1	130943	478	1	255	2	22976	3	1.00.0000	1.07.0000	1.07.0000	1.07.0000
12977	傳奇	1	130943	478	1	255	2	22977	3	1.00.0000	1.07.0000	1.07.0000	1.07.0000
12978	傳奇	1	130943	478	1	255	2	22978	3	1.00.0000	1.07.0000	1.07.0000	1.07.0000
12979	傳奇	1	130943	478	1	255	2	22979	3	1.00.0000	1.07.0000	1.07.0000	1.07.0000
12980	傳奇	1	130943	478	1	255	2	22980	3	1.00.0000	1.07.0000	1.07.0000	1.07.0000
12981	傳奇	1	130943	478	1	255	2	22981	3	1.00.0000	1.07.0000	1.07.0000	1.07.0000
12982	傳奇	1	130943	478	1	255	2	22982	3	1.00.0000	1.07.0000	1.07.0000	1.07.0000
12983	傳奇	1	130943	478	1	255	2	22983	3	1.00.0000	1.07.0000	1.07.0000	1.07.0000
12984	傳奇	1	130943	478	1	255	2	22984	3	1.00.0000	1.07.0000	1.07.0000	1.07.0000
12985	傳奇	1	130943	478	1	255	2	22985	3	1.00.0000	1.07.0000	1.07.0000	1.07.0000
12986	傳奇	1	130943	478	1	255	2	22986	3	1.00.0000	1.07.0000	1.07.0000	1.07.0000
12987	傳奇	1	130943	478	1	255	2	22987	3	1.00.0000	1.07.0000	1.07.0000	1.07.0000
12988	傳奇	1	130943	478	1	255	2	22988	3	1.00.0000	1.07.0000	1.07.0000	1.07.0000
12989	傳奇	1	130943	478	1	255	2	22989	3	1.00.0000	1.07.0000	1.07.0000	1.07.0000
12990	傳奇	1	130943	478	1	255	2	22990	3	1.00.0000	1.07.0000	1.07.0000	1.07.0000
12991	傳奇	1	130943	478	1	255	2	22991	3	1.00.0000	1.07.0000	1.07.0000	1.07.0000
12992	傳奇	1	130943	478	1	255	2	22992	3	1.00.0000	1.07.0000	1.07.0000	1.07.0000
12993	傳奇	1	130943	478	1	255	2	22993	3	1.00.0000	1.07.0000	1.07.0000	1.07.0000
12994	傳奇	1	130943	478	1	255	2	22994	3	1.00.0000	1.07.0000	1.07.0000	1.07.0000
12995	傳奇	1	130943	478	1	255	2	22995	3	1.00.0000	1.07.0000	1.07.0000	1.07.0000
12996	傳奇	1	130943	478	1	255	2	22996	3	1.00.0000	1.07.0000	1.07.0000	1.07.0000
12997	傳奇	1	130943	478	1	255	2	22997	3	1.00.0000	1.07.0000	1.07.0000	1.07.0000
12998	傳奇	1	130943	478	1	255	2	22998	3	1.00.0000	1.07.0000	1.07.0000	1.07.0000
12999	傳奇	1	130943	478	1	255	2	22999	3	1.00.0000	1.07.0000	1.07.0000	1.07.0000
13000	傳奇	1	130943	478	1	255	2	23000	3	1.00.0000	1.07.0000	1.07.0000	1.07.0000
13001	傳奇	1	130943	478	1	255	2	23001	3	1.00.0000	1.07.0000	1.07.0000	1.07.0000
13002	傳奇	1	130943	478	1	255	2	23002	3	1.00.0000	1.07.0000	1.07.0000	1.07.0000
13003	傳奇	1	130943	478	1	255	2	23003	3	1.00.0000	1.07.0000	1.07.0000	1.07.0000
13004	傳奇	1	130943	478	1	255	2	23004	3	1.00.0000	1.07.0000	1.07.0000	1.07.0000
13005	傳奇	1	130943	478	1	255	2	23005	3	1.00.0000	1.07.0000	1.07.0000	1.07.0000
13006	傳奇	1	130943	478	1	255	2	23006	3	1.00.0000	1.07.0000	1.07.0000	1.07.0000
13007	傳奇	1	130943	478	1	255	2	23007	3	1.00.0000	1.07.0000	1.07.0000	1.07.0000
13008	傳奇	1	130943	478	1	255	2	23008	3	1.00.0000	1.07.0000	1.07.0000	1.07.0000
13009	傳奇	1	130943	478	1	255	2	23009	3	1.00.0000	1.07.0000	1.07.0000	1.07.0000
13010	傳奇	1	130943	478	1	255	2	23010	3	1.00.0000	1.07.0000	1.07.0000	1.07.0000
13011	傳奇	1	130943	478	1	255	2	23011	3	1.00.0000	1.07.0000	1.07.0000	1.07.0000
13012	傳奇	1	130943	478	1	255	2	23012	3	1.00.0000	1.07.0000	1.07.0000	1.07.0000
13013	傳奇	1	130943	478	1	255	2	23013	3	1.00.0000	1.07.0000	1.07.0000	1.07.0000
13014	傳奇	1	130943	478	1	255	2	23014	3	1.00.0000	1.07.0000	1.07.0000	1.07.0000
13015	傳奇	1	130943	478	1	255	2	23015	3	1.00.0000	1.07.0000	1.07.0000	1.07.0000
13016	傳奇	1	130943	478	1	255	2	23016	3	1.00.0000	1.07.0000	1.07.0000	1.07.0000
13017	傳奇	1	130943	478	1	255	2	23017	3	1.00.0000	1.07.0000	1.07.0000	1.07.0000
13018	傳奇	1	130943	478	1	255	2	23018	3	1.00.0000	1.07.0000	1.07.0000	1.07.0000
13019	傳奇	1	130943	478	1	255	2	23019	3	1.00.0000	1.07.0000	1.07.0000	1.07.0000
13020	傳奇	1	130943	478	1	255	2	23020	3	1.00.0000	1.07.0000	1.07.0000	1.07.0000
13021	傳奇	1	130943	478	1	255	2	23021	3	1.00.0000	1.07.0000	1.07.0000	1.07.0000
13022	傳奇	1	130943	478	1	255	2	23022	3	1.00.0000	1.07.0000	1.07.0000	1.07.0000
13023	傳奇	1	130943	478	1	255	2	23023	3	1.00.0000	1.07.0000	1.07.0000	1.07.0000
13024	傳奇	1	130943	478	1	255	2	23024	3	1.00.0000	1.07.0000	1.07.0000	1.07.0000
13025	傳奇	1	130943	478	1	255	2	23025	3	1.00.0000	1.07.0000	1.07.0000	1.07.0000
13026	傳奇	1	130943	478	1	255	2	23026	3	1.00.0000	1.07.0000	1.07.0000	1.07.0000
13027	傳奇	1	130943	478	1	255	2	23027	3	1.00.0000	1.07.0000	1.07.0000	1.07.0000
13028	傳奇	1	130943	478	1	255	2	23028	3	1.00.0000	1.07.0000	1.07.0000	1.07.0000
13029	傳奇	1	130943	478	1	255	2	23029	3	1.00.0000	1.07.0000	1.07.0000	1.07.0000
13030	傳奇	1	130943	478	1	255	2	23030	3	1.00.0000	1.07.0000	1.07.0000	1.07.0000
13031	傳奇	1	130943	478	1	255	2	23031	3	1.00.0000	1.07.0000	1.07.0000	1.07.0000
13032	傳奇	1	130943	478	1	255	2	23032	3	1.00.0000	1.07.0000	1.07.0000	1.07.0000
13033	傳奇	1	130943	478	1	255	2	23033	3	1.00.0000	1.07.0000	1.07.0000	1.07.0000
13034	傳奇	1	130943	478	1	255	2	23034	3	1.00.0000	1.07.0000	1.07.0000	1.07.0000
13035	傳奇	1	130943	478	1	255	2	23035	3	1.00.0000	1.07.0000	1.07.0000	1.07.0000
13036	傳奇	1	130943	478	1	255	2	23036	3	1.00.0000	1.07.0000	1.07.0000	1.07.0000
13037	傳奇	1	130943	478	1	255	2	23037	3	1.00.0000	1.07.0000	1.07.0000	1.07.0000
13038	傳奇	1	130943	478	1	255	2	23038	3	1.00.0000	1.07.0000	1.07.0000	1.07.0000
13039	傳奇	1	130943	478	1	255	2	23039	3	1.00.0000	1.07.0000	1.07.0000	1.07.0000
13040	傳奇	1	130943	478	1	255	2	23040	3	1.00.0000	1.07.0000	1.07.0000	1.07.0000
13041	傳奇	1	130943	478	1	255	2	23041	3	1.00.0000	1.07.0000	1.07.0000	1.07.0000
13042	傳奇	1	130943	478	1	255	2	23042	3	1.00.0000	1.07.0000	1.07.0000	1.07.0000
13043	傳奇	1	130943	478	1	255	2	23043	3	1.00.0000	1.07.0000	1.07.0000	1.07.0000
13044	傳奇	1	130943	478	1	255	2	23044	3	1.00.0000	1.07.0000	1.07.0000	1.07.0000
13045	傳奇	1	130943	478	1	255	2	23045	3	1.00.0000	1.07.0000	1.07.0000	1.07.0000
13046	傳奇	1	130943	478	1	255	2	23046	3	1.00.0000	1.07.0000	1.07.0000	1.07.0000
13047	傳奇	1	130943	478	1	255	2	23047	3	1.00.0000	1.07.0000	1.07.0000	1.07.0000
13048	傳奇	1	130943	478	1	255	2	23048	3	1.00.0000	1.07.0000	1.07.0000	1.07.0000
13049	傳奇	1	130943	478	1	255	2	23049	3	1.00.0000	1.07.0000	1.07.0000	1.07.0000
13050	傳奇	1	130943	478	1	255	2	23050	3	1.00.0000	1.07.0000	1.07.0000	1.07.0000
13051	傳奇	1	130943	478	1	255	2	23051	3	1.00.0000	1.07.0000	1.07.0000	1.07.0000
13052	傳奇	1	130943	478	1	255	2	23052	3	1.00.0000	1.07.0000	1.07.0000	1.07.0000
13053	傳奇	1	130943	478	1	255	2	23053	3	1.00.0000	1.07.0000	1.07.0000	1.07.0000
13054	傳奇	1	130943	478	1	255	2	23054	3	1.00.0000	1.07.0000	1.07.0000	1.07.0000
13055	傳奇	1	130943	478	1	255	2	23055	3	1.00.0000	1.07.0000	1.07.0000	1.07.0000
13056	傳奇	1	130943	478	1	255	2	23056	3	1.00.0000	1.07.0000	1.07.0000	1.07.0000
13057	傳奇	1	130943	478	1	255	2	23057	3	1.00.0000	1.07.0000	1.07.0000	1.07.0000
13058	傳奇	1	130943	478	1	255	2	23058	3	1.00.0000	1.07.0000	1.07.0000	1.07.0000
13059	傳奇	1	130943	478	1	255	2	23059	3	1.00.0000	1.07.0000	1.07.0000	1.07.0000
13060	傳奇	1	130943	478	1	255	2	23060	3	1.00.0000	1.07.0000	1.07.0000	1.07.0000
13061	傳奇	1	130943	478	1	255	2	23061	3	1.00.0000	1.07.0000	1.07.0000	1.07.0000
13062	傳奇	1	130943	478	1	255	2	23062	3	1.00.0000	1.07.0000	1.07.0000	1.07.0000
13063	傳奇	1	130943	478	1	255	2	23063	3	1.00.0000	1.07.0000	1.07.0000	1.07.0000
13064	傳奇	1	130943	478	1	255	2	23064	3	1.00.0000	1.07.0000	1.07.0000	1.07.0000
13065	傳奇	1	130943	478	1	255	2	23065	3	1.00.0000	1.07.0000	1.07.0000	1.07.0000
13066	傳奇	1	130943	478	1	255	2	23066	3	1.00.0000	1.07.0000	1.07.0000	1.07.0000
13067	傳奇	1	130943	478	1	255	2	23067	3	1.00.0000	1.07.0000	1.07.0000	1.07.0000
13068	傳奇	1	130943	478	1	255	2	23068	3	1.00.0000	1.07.0000	1.07.0000	1.07.0000
13069	傳奇	1	130943	478	1	255	2	23069	3	1.00.0000	1.07.0000	1.07.0000	1.07.0000
13070	傳奇	1	130943	478	1	255	2	23070	3	1.00.0000	1.07.0000	1.07.0000	1.07.0000
13071	傳奇	1	130943	478	1	255	2	23071	3	1.00.0000	1.07.0000	1.07.0000	1.07.0000
13072	傳奇	1	130943	478	1	255	2	23072	3	1.00.0000	1.07.0000	1.07.0000	1.07.0000
13073	傳奇	1	130943	478	1	255	2	23073	3	1.00.0000	1.07.0000	1.07.0000	1.07.0000
13074	傳奇	1	130943	478	1	255	2	23074	3	1.00.0000	1.07.0000	1.07.0000	1.07.0000
13075	傳奇	1	130943	478	1	255	2	23075	3	1.00.0000	1.07.0000	1.07.0000	1.07.0000
13076	傳奇	1	130943	478	1	255	2	23076	3	1.00.0000	1.07.0000	1.07.0000	1.07.0000
13077	傳奇	1	130943	478	1	255	2	23077	3	1.00.0000	1.07.0000	1.07.0000	1.07.0000
13078	傳奇	1	130943	478	1	255	2	23078	3	1.00.0000	1.07.0000	1.07.0000	1.07.0000
13079	傳奇	1	130943	478	1	255	2	23079	3	1.00.0000	1.07.0000	1.07.0000	1.07.0000
13080	傳奇	1	130943	478	1	255	2	23080	3	1.00.0000	1.07.0000	1.07.0000	1.07.0000
13081	傳奇	1	130943	478	1	255	2	23081	3	1.00.0000	1.07.0000	1.07.0000	1.07.0000
13082	傳奇	1	130943	478	1	255	2	23082	3	1.00.0000	1.07.0000	1.07.0000	1.07.0000
13083	傳奇	1	130943	478	1	255	2	23083	3	1.00.0000	1.07.0000	1.07.0000	1.07.0000
13084	傳奇	1	130943	478	1	255	2	23084	3	1.00.0000	1.07.0000	1.07.0000	1.07.0000
13085	傳奇	1	130943	478	1	255	2	23085	3	1.00.0000	1.07.0000	1.07.0000	1.07.0000
13086	傳奇	1	130943	478	1	255	2	23086	3	1.00.0000	1.07.0000	1.07.0000	1.07.0000
13087	傳奇	1	130943	478	1	255	2	23087	3	1.00.0000	1.07.0000	1.07.0000	1.07.0000
13088	傳奇	1	130943	478	1	255	2	23088	3	1.00.0000	1.07.0000	1.07.0000	1.07.0000
13089	傳奇	1	130943	478	1	255	2	23089	3	1.00.0000	1.07.0000	1.07.0000	1.07.0000
13090	傳奇	1	130943	478	1	255	2	23090	3	1.00.0000	1.07.0000	1.07.0000	1.07.0000
13091	傳奇	1	130943	478	1	255	2	23091	3	1.00.0000	1.07.0000	1.07.0000	1.07.0000
13092	傳奇	1	130943	478	1	255	2	23092	3	1.00.0000	1.07.0000	1.07.0000	1.07.0000
13093	傳奇	1	130943	478	1	255	2	23093	3	1.00.0000	1.07.0000	1.07.0000	1.07.0000
13094	傳奇	1	130943	478	1	255	2	23094	3	1.00.0000	1.07.0000	1.07.0000	1.07.0000
13095	傳奇	1	130943	478	1	255	2	23095	3	1.00.0000	1.07.0000	1.07.0000	1.07.0000
13096	傳奇	1	130943	478	1	255	2	23096	3	1.00.0000	1.07.0000	1.07.0000	1.07.0000
13097	傳奇	1	130943	478	1	255	2	23097	3	1.00.0000	1.07.0000	1.07.0000	1.07.0000
13098	傳奇	1	130943	478	1	255	2	23098	3	1.00.0000	1.07.0000	1.07.0000	1.07.0000
13099	傳奇	1	130943	478	1	255	2	23099	3	1.00.0000	1.07.0000	1.07.0000	1.07.0000
13100	傳奇	1	130943	478	1	255	2	23100	3	1.00.0000	1.07.0000	1.07.0000	1.07.0000
13101	傳奇	1	130943	478	1	255	2	23101	3	1.00.0000	1.07.0000	1.07.0000	1.07.0000
13102	傳奇	1	130943	478	1	255	2	23102	3	1.00.0000	1.07.0000	1.07.0000	1.07.0000
13103	傳奇	1	130943	478	1	255	2	23103	3	1.00.0000	1.07.0000	1.07.0000	1.07.0000
13104	傳奇	1	130943	478	1	255	2	23104	3	1.00.0000	1.07.0000	1.07.0000	1.07.0000
13105	傳奇	1	130943	478	1	255	2	23105	3	1.00.0000	1.07.0000	1.07.0000	1.07.0000
13106	傳奇	1	130943	478	1	255	2	23106	3	1.00.0000	1.07.0000	1.07.0000	1.07.0000
13107	傳奇	1	130943	478	1	255	2	23107	3	1.00.0000	1.07.0000	1.07.0000	1.07.0000
13108	傳奇	1	130943	478	1	255	2	23108	3	1.00.0000	1.07.0000	1.07.0000	1.07.0000
13109	傳奇	1	130943	478	1	255	2	23109	3	1.00.0000	1.07.0000	1.07.0000	1.07.0000
13110	傳奇	1	130943	478	1	255	2	23110	3	1.00.0000	1.07.0000	1.07.0000	1.07.0000
13111	傳奇	1	130943	478	1	255	2	23111	3	1.00.0000	1.07.0000	1.07.0000	1.07.0000
13112	傳奇	1	130943	478	1	255	2	23112	3	1.00.0000	1.07.0000	1.07.0000	1.07.0000
13113	傳奇	1	130943	478	1	255	2	23113	3	1.00.0000	1.07.0000	1.07.0000	1.07.0000
13114	傳奇	1	130943	478	1	255	2	23114	3	1.00.0000	1.07.0000	1.07.0000	1.07.0000
13115	傳奇	1	130943	478	1	255	2	23115	3	1.00.0000	1.07.0000	1.07.0000	1.07.0000
13116	傳奇	1	130943	478	1	255	2	23116	3	1.00.0000	1.07.0000	1.07.0000	1.07.0000
13117	傳奇	1	130943	478	1	255	2	23117	3	1.00.0000	1.07.0000	1.07.0000	1.07.0000
13118	傳奇	1	130943	478	1	255	2	23118	3	1.00.0000	1.07.0000	1.07.0000	1.07.0000
13119	傳奇	1	130943	478	1	255	2	23119	3	1.00.0000	1.07.0000	1.07.0000	1.07.0000
13120	傳奇	1	130943	478	1	255	2	23120	3	1.00.0000	1.07.0000	1.07.0000	1.07.0000
13121	傳奇	1	130943	478	1	255	2	23121	3	1.00.0000	1.07.0000	1.07.0000	1.07.0000
13122	傳奇	1	130943	478	1	255	2	23122	3	1.00.0000	1.07.0000	1.07.0000	1.07.0000
13123	傳奇	1	130943	478	1	255	2	23123	3	1.00.0000	1.07.0000	1.07.0000	1.07.0000
13124	傳奇	1	130943	478	1	255	2	23124	3	1.00.0000	1.07.0000	1.07.0000	1.07.0000
13125	傳奇	1	130943	478	1	255	2	23125	3	1.00.0000	1.07.0000	1.07.0000	1.07.0000
13126	傳奇	1	130943	478	1	255	2	23126	3	1.00.0000	1.07.0000	1.07.0000	1.07.0000
13127	傳奇	1	130943	478	1	255	2	23127	3	1.00.0000	1.07.0000	1.07.0000	1.07.0000
13128	傳奇	1	130943	478	1	255	2	23128	3	1.00.0000	1.07.0000	1.07.0000	1.07.0000
13129	傳奇	1	130943	478	1	255	2	23129	3	1.00.0000	1.07.0000	1.07.0000	1.07.0000
13130	傳奇	1	130943	478	1	255	2	23130	3	1.00.0000	1.07.0000	1.07.0000	1.07.0000
13131	傳奇	1	130943	478	1	255	2	23131	3	1.00.0000	1.07.0000	1.07.0000	1.07.0000
13132	傳奇	1	130943	478	1	255	2	23132	3	1.00.0000	1.07.0000	1.07.0000	1.07.0000
13133	傳奇	1	130943	478	1	255	2	23133	3	1.00.0000	1.07.0000	1.07.0000	1.07.0000
13134	傳奇	1	130943	478	1	255	2	23134	3	1.00.0000	1.07.0000	1.07.0000	1.07.0000
13135	傳奇	1	130943	478	1	255	2	23135	3	1.00.0000	1.07.0000	1.07.0000	1.07.0000
13136	傳奇	1	130943	478	1	255	2	23136	3	1.00.0000	1.07.0000	1.07.0000	1.07.0000
13137	傳奇	1	130943	478	1	255	2	23137	3	1.00.0000	1.07.0000	1.07.0000	1.07.0000
13138	傳奇	1	130943	478	1	255	2	23138	3	1.00.0000	1.07.0000	1.07.0000	1.07.0000
13139	傳奇	1	130943	478	1	255	2	23139	3	1.00.0000	1.07.0000	1.07.0000	1.07.0000
13140	傳奇	1	130943	478	1	255	2	23140	3	1.00.0000	1.07.0000	1.07.0000	1.07.0000
13141	傳奇	1	130943	478	1	255	2	23141	3	1.00.0000	1.07.0000	1.07.0000	1.07.0000
13142	傳奇	1	130943	478	1	255	2	23142	3	1.00.0000	1.07.0000	1.07.0000	1.07.0000
13143	傳奇	1	130943	478	1	255	2	23143	3	1.00.0000	1.07.0000	1.07.0000	1.07.0000
13144	傳奇	1	130943	478	1	255	2	23144	3	1.00.0000	1.07.0000	1.07.0000	1.07.0000
13145	傳奇	1	130943	478	1	255	2	23145	3	1.00.0000	1.07.0000	1.07.0000	1.07.0000
13146	傳奇	1	130943	478	1	255	2	23146	3	1.00.0000	1.07.0000	1.07.0000	1.07.0000
13147	傳奇	1	130943	478	1	255	2	23147	3	1.00.0000	1.07.0000	1.07.0000	1.07.0000
13148	傳奇	1	130943	478	1	255	2	23148	3	1.00.0000	1.07.0000	1.07.0000	1.07.0000
13149	傳奇	1	130943	478	1	255	2	23149	3	1.00.0000	1.07.0000	1.07.0000	1.07.0000
13150	傳奇	1	130943	478	1	255	2	23150	3	1.00.0000	1.07.0000	1.07.0000	1.07.0000
13151	傳奇	1	130943	478	1	255	2	23151	3	1.00.0000	1.07.0000	1.07.0000	1.07.0000
13152	傳奇	1	130943	478	1	255	2	23152	3	1.00.0000	1.07.0000	1.07.0000	1.07.0000
13153	傳奇	1	130943	478	1	255	2	23153	3	1.00.0000	1.07.0000	1.07.0000	1.07.0000
13154	傳奇	1	130943	478	1	255	2	23154	3	1.00.0000	1.07.0000	1.07.0000	1.07.0000
13155	傳奇	1	130943	478	1	255	2	23155	3	1.00.0000	1.07.0000	1.07.0000	1.07.0000
13156	傳奇	1	130943	478	1	255	2	23156	3	1.00.0000	1.07.0000	1.07.0000	1.07.0000
13157	傳奇	1	130943	478	1	255	2	23157	3	1.00.0000	1.07.0000	1.07.0000	1.07.0000
13158	傳奇	1	130943	478	1	255	2	23158	3	1.00.0000	1.07.0000	1.07.0000	1.07.0000
13159	傳奇	1	130943	478	1	255	2	23159	3	1.00.0000	1.07.0000	1.07.0000	1.07.0000
13160	傳奇	1	130943	478	1	255	2	23160	3	1.00.0000	1.07.0000	1.07.0000	1.07.0000
13161	傳奇	1	130943	478	1	255	2	23161	3	1.00.0000	1.07.0000	1.07.0000	1.07.0000
13162	傳奇	1	130943	478	1	255	2	23162	3	1.00.0000	1.07.0000	1.07.0000	1.07.0000
13163	傳奇	1	130943	478	1	255	2	23163	3	1.00.0000	1.07.0000	1.07.0000	1.07.0000
13164	傳奇	1	130943	478	1	255	2	23164	3	1.00.0000	1.07.0000	1.07.0000	1.07.0000
13165	傳奇	1	130943	478	1	255	2	23165	3	1.00.0000	1.07.0000	1.07.0000	1.07.0000
13166	傳奇	1	130943	478	1	255	2	23166	3	1.00.0000	1.07.0000	1.07.0000	1.07.0000
13167	傳奇	1	130943	478	1	255	2	23167	3	1.00.0000	1.07.0000	1.07.0000	1.07.0000
13168	傳奇	1	130943	478	1	255	2	23168	3	1.00.0000	1.07.0000	1.07.0000	1.07.0000
13169	傳奇	1	130943	478	1	255	2	23169	3	1.00.0000	1.07.0000	1.07.0000	1.07.0000
13170	傳奇	1	130943	478	1	255	2	23170	3	1.00.0000	1.07.0000	1.07.0000	1.07.0000
13171	傳奇	1	130943	478	1	255	2	23171	3	1.00.0000	1.07.0000	1.07.0000	1.07.0000
13172	傳奇	1	130943	478	1	255	2	23172	3	1.00.0000	1.07.0000	1.07.0000	1.07.0000
13173	傳奇	1	130943	478	1	255	2	23173	3	1.00.0000	1.07.0000	1.07.0000	1.07.0000
13174	傳奇	1	130943	478	1	255	2	23174	3	1.00.0000	1.07.0000	1.07.0000	1.07.0000
13175	傳奇	1	130943	478	1	255	2	23175	3	1.00.0000	1.07.0000	1.07.0000	1.07.0000
13176	傳奇	1	130943	478	1	255	2	23176	3	1.00.0000	1.07.0000	1.07.0000	1.07.0000
13177	傳奇	1	130943	478	1	255	2	23177	3	1.00.0000	1.07.0000	1.07.0000	1.07.0000
13178	傳奇	1	130943	478	1	255	2	23178	3	1.00.0000	1.07.0000	1.07.0000	1.07.0000
13179	傳奇	1	130943	478	1	255	2	23179	3	1.00.0000	1.07.0000	1.07.0000	1.07.0000
13180	傳奇	1	130943	478	1	255	2	23180	3	1.00.0000	1.07.0000	1.07.0000	1.07.0000
13181	傳奇	1	130943	478	1	255	2	23181	3	1.00.0000	1.07.0000	1.07.0000	1.07.0000
13182	傳奇	1	130943	478	1	255	2	23182	3	1.00.0000	1.07.0000	1.07.0000	1.07.0000
13183	傳奇	1	130943	478	1	255	2	23183	3	1.00.0000	1.07.0000	1.07.0000	1.07.0000
13184	傳奇	1	130943	478	1	255	2	23184	3	1.00.0000	1.07.0000	1.07.0000	1.07.0000
13185	傳奇	1	130943	478	1	255	2	23185	3	1.00.0000	1.07.0000	1.07.0000	1.07.0000
13186	傳奇	1	130943	478	1	255	2	23186	3	1.00.0000	1.07.0000	1.07.0000	1.07.0000
13187	傳奇	1	130943	478	1	255	2	23187	3	1.00.0000	1.07.0000	1.07.0000	1.07.0000
13188	傳奇	1	130943	478	1	255	2	23188	3	1.00.0000	1.07.0000	1.07.0000	1.07.0000
13189	傳奇	1	130943	478	1	255	2	23189	3	1.00.0000	1.07.0000	1.07.0000	1.07.0000
13190	傳奇	1	130943	478	1	255	2	23190	3	1.00.0000	1.07.0000	1.07.0000	1.07.0000
13191	傳奇	1	130943	478	1	255	2	23191	3	1.00.0000	1.07.0000	1.07.0000	1.07.0000
13192	傳奇	1	130943	478	1	255	2	23192	3	1.00.0000	1.07.0000	1.07.0000	1.07.0000
13193	傳奇	1	130943	478	1	255	2	23193	3	1.00.0000	1.07.0000	1.07.0000	1.07.0000
13194	傳奇	1	130943	478	1	255	2	23194	3	1.00.0000	1.07.0000	1.07.0000	1.07.0000
13195	傳奇	1	130943	478	1	255	2	23195	3	1.00.0000	1.07.0000	1.07.0000	1.07.0000
13196	傳奇	1	130943	478	1	255	2	23196	3	1.00.0000	1.07.0000	1.07.0000	1.07.0000
13197	傳奇	1	130943	478	1	255	2	23197	3	1.00.0000	1.07.0000	1.07.0000	1.07.0000
13198	傳奇	1	130943	478	1	255	2	23198	3	1.00.0000	1.07.0000	1.07.0000	1.07.0000
13199	傳奇	1	130943	478	1	255	2	23199	3	1.00.0000	1.07.0000	1.07.0000	1.07.0000
13200	傳奇	1	130943	478	1	255	2	23200	3	1.00.0000	1.07.0000	1.07.0000	1.07.0000
13201	傳奇	1	130943	478	1	255	2	23201	3	1.00.0000	1.07.0000	1.07.0000	1.07.0000
13202	傳奇	1	130943	478	1	255	2	23202	3	1.00.0000	1.07.0000	1.07.0000	1.07.0000
13203	傳奇	1	130943	478	1	255	2	23203	3	1.00.0000	1.07.0000	1.07.0000	1.07.0000
13204	傳奇	1	130943	478	1	255	2	23204	3	1.00.0000	1.07.0000	1.07.0000	1.07.0000
13205	傳奇	1	130943	478	1	255	2	23205	3	1.00.0000	1.07.0000	1.07.0000	1.07.0000
13206	傳奇	1	130943	478	1	255	2	23206	3	1.00.0000	1.07.0000	1.07.0000	1.07.0000
13207	傳奇	1	130943	478	1	255	2	23207	3	1.00.0000	1.07.0000	1.07.0000	1.07.0000
13208	傳奇	1	130943	478	1	255	2	23208	3	1.00.0000	1.07.0000	1.07.0000	1.07.0000
13209	傳奇	1	130943	478	1	255	2	23209	3	1.00.0000	1.07.0000	1.07.0000	1.07.0000
13210	傳奇	1	130943	478	1	255	2	23210	3	1.00.0000	1.07.0000	1.07.0000	1.07.0000
13211	傳奇	1	130943	478	1	255	2	23211	3	1.00.0000	1.07.0000	1.07.0000	1.07.0000
13212	傳奇	1	130943	478	1	255	2	23212	3	1.00.0000	1.07.0000	1.07.0000	1.07.0000
13213	傳奇	1	130943	478	1	255	2	23213	3	1.00.0000	1.07.0000	1.07.0000	1.07.0000
13214	傳奇	1	130943	478	1	255	2	23214	3	1.00.0000	1.07.0000	1.07.0000	1.07.0000
13215	傳奇	1	130943	478	1	255	2	23215	3	1.00.0000	1.07.0000	1.07.0000	1.07.0000
13216	傳奇	1	130943	478	1	255	2	23216	3	1.00.0000	1.07.0000	1.07.0000	1.07.0000
13217	傳奇	1	130943	478	1	255	2	23217	3	1.00.0000	1.07.0000	1.07.0000	1.07.0000
13218	傳奇	1	130943	478	1	255	2	23218	3	1.00.0000	1.07.0000	1.07.0000	1.07.0000
13219	傳奇	1	130943	478	1	255	2	23219	3	1.00.0000	1.07.0000	1.07.0000	1.07.0000
13220	傳奇	1	130943	478	1	255	2	23220	3	1.00.0000	1.07.0000	1.07.0000	1.07.0000
13221	傳奇	1	130943	478	1	255	2	23221	3	1.00.0000	1.07.0000	1.07.0000	1.07.0000
13222	傳奇	1	130943	478	1	255	2	23222	3	1.00.0000	1.07.0000	1.07.0000	1.07.0000
13223	傳奇	1	130943	478	1	255	2	23223	3	1.00.0000	1.07.0000	1.07.0000	1.07.0000
13224	傳奇	1	130943	478	1	255	2	23224	3	1.00.0000	1.07.0000	1.07.0000	1.07.0000
13225	傳奇	1	130943	478	1	255	2	23225	3	1.00.0000	1.07.0000	1.07.0000	1.07.0000
13226	傳奇	1	130943	478	1	255	2	23226	3	1.00.0000	1.07.0000	1.07.0000	1.07.0000
13227	傳奇	1	130943	478	1	255	2	23227	3	1.00.0000	1.07.0000	1.07.0000	1.07.0000
13228	傳奇	1	130943	478	1	255	2	23228	3	1.00.0000	1.07.0000	1.07.0000	1.07.0000
13229	傳奇	1	130943	478	1	255	2	23229	3	1.00.0000	1.07.0000	1.07.0000	1.07.0000
13230	傳奇	1	130943	478	1	255	2	23230	3	1.00.0000	1.07.0000	1.07.0000	1.07.0000
13231	傳奇	1	130943	478	1	255	2	23231	3	1.00.0000	1.07.0000	1.07.0000	1.07.0000
13232	傳奇	1	130943	478	1	255	2	23232	3	1.00.0000	1.07.0000	1.07.0000	1.07.0000
13233	傳奇	1	130943	478	1	255	2	23233	3	1.00.0000	1.07.0000	1.07.0000	1.07.0000
13234	傳奇	1	130943	478	1	255	2	23234	3	1.00.0000	1.07.0000	1.07.0000	1.07.0000
13235	傳奇	1	130943	478	1	255	2	23235	3	1.00.0000	1.07.0000	1.07.0000	1.07.0000
13236	傳奇	1	130943	478	1	255	2	23236	3	1.00.0000	1.07.0000	1.07.0000	1.07.0000
13237	傳奇	1	130943	478	1	255	2	23237	3	1.00.0000	1.07.0000	1.07.0000	1.07.0000
13238	傳奇	1	130943	478	1	255	2	23238	3	1.00.0000	1.07.0000	1.07.0000	1.07.0000
13239	傳奇	1	130943	478	1	255	2	23239	3	1.00.0000	1.07.0000	1.07.0000	1.07.0000
13240	傳奇	1	130943	478	1	255	2	23240	3	1.00.0000	1.07.0000	1.07.0000	1.07.0000
13241	傳奇	1	130943	478	1	255	2	23241	3	1.00.0000	1.07.0000	1.07.0000	1.07.0000
13242	傳奇	1	130943	478	1	255	2	23242	3	1.00.0000	1.07.0000	1.07.0000	1.07.0000
13243	傳奇	1	130943	478	1	255	2	23243	3	1.00.0000	1.07.0000	1.07.0000	1.07.0000
13244	傳奇	1	130943	478	1	255	2	23244	3	1.00.0000	1.07.0000	1.07.0000	1.07.0000
13245	傳奇	1	130943	478	1	255	2	23245	3	1.00.0000	1.07.0000	1.07.0000	1.07.0000
13246	傳奇	1	130943	478	1	255	2	23246	3	1.00.0000	1.07.0000	1.07.0000	1.07.0000
13247	傳奇	1	130943	478	1	255	2	23247	3	1.00.0000	1.07.0000	1.07.0000	1.07.0000
13248	傳奇	1	130943	478	1	255	2	23248	3	1.00.0000	1.07.0000	1.07.0000	1.07.0000
13249	傳奇	1	130943	478	1	255	2	23249	3	1.00.0000	1.07.0000	1.07.0000	1.07.0000
13250	傳奇	1	130943	478	1	255	2	23250	3	1.00.0000	1.07.0000	1.07.0000	1.07.0000
13251	傳奇	1	130943	478	1	255	2	23251	3	1.00.0000	1.07.0000	1.07.0000	1.07.0000
13252	傳奇	1	130943	478	1	255	2	23252	3	1.00.0000	1.07.0000	1.07.0000	1.07.0000
13253	傳奇	1	130943	478	1	255	2	23253	3	1.00.0000	1.07.0000	1.07.0000	1.07.0000
13254	傳奇	1	130943	478	1	255	2	23254	3	1.00.0000	1.07.0000	1.07.0000	1.07.0000
13255	傳奇	1	130943	478	1	255	2	23255	3	1.00.0000	1.07.0000	1.07.0000	1.07.0000
13256	傳奇	1	130943	478	1	255	2	23256	3	1.00.0000	1.07.0000	1.07.0000	1.07.0000
13257	傳奇	1	130943	478	1	255	2	23257	3	1.00.0000	1.07.0000	1.07.0000	1.07.0000
13258	傳奇	1	130943	478	1	255	2	23258	3	1.00.0000	1.07.0000	1.07.0000	1.07.0000
13259	傳奇	1	130943	478	1	255	2	23259	3	1.00.0000	1.07.0000	1.07.0000	1.07.0000
13260	傳奇	1	130943	478	1	255	2	23260	3	1.00.0000	1.07.0000	1.07.0000	1.07.0000
13261	傳奇	1	130943	478	1	255	2	23261	3	1.00.0000	1.07.0000	1.07.0000	1.07.0000
13262	傳奇	1	130943	478	1	255	2	23262	3	1.00.0000	1.07.0000	1.07.0000	1.07.0000
13263	傳奇	1	130943	478	1	255	2	23263	3	1.00.0000	1.07.0000	1.07.0000	1.07.0000
13264	傳奇	1	130943	478	1	255	2	23264	3	1.00.0000	1.07.0000	1.07.0000	1.07.0000
13265	傳奇	1	130943	478	1	255	2	23265	3	1.00.0000	1.07.0000	1.07.0000	1.07.0000
13266	傳奇	1	130943	478	1	255	2	23266	3	1.00.0000	1.07.0000	1.07.0000	1.07.0000
13267	傳奇	1	130943	478	1	255	2	23267	3	1.00.0000	1.07.0000	1.07.0000	1.07.0000
13268	傳奇	1	130943	478	1	255	2	23268	3	1.00.0000	1.07.0000	1.07.0000	1.07.0000
13269	傳奇	1	130943	478	1	255	2	23269	3	1.00.0000	1.07.0000	1.07.0000	1.07.0000
13270	傳奇	1	130943	478	1	255	2	23270	3	1.00.0000	1.07.0000	1.07.0000	1.07.0000
13271	傳奇	1	130943	478	1	255	2	23271	3	1.00.0000	1.07.0000	1.07.0000	1.07.0000
13272	傳奇	1	130943	478	1	255	2	23272	3	1.00.0000	1.07.0000	1.07.0000	1.07.0000
13273	傳奇	1	130943	478	1	255	2	23273	3	1.00.0000	1.07.0000	1.07.0000	1.07.0000
13274	傳奇	1	130943	478	1	255	2	23274	3	1.00.0000	1.07.0000	1.07.0000	1.07.0000
13275	傳奇	1	130943	478	1	255	2	23275	3	1.00.0000	1.07.0000	1.07.0000	1.07.0000
13276	傳奇	1	130943	478	1	255	2	23276	3	1.00.0000	1.07.0000	1.07.0000	1.07.0000
13277	傳奇	1	130943	478	1	255	2	23277	3	1.00.0000	1.07.0000	1.07.0000	1.07.0000
13278	傳奇	1	130943	478	1	255	2	23278	3	1.00.0000	1.07.0000	1.07.0000	1.07.0000
13279	傳奇	1	130943	478	1	255	2	23279	3	1.00.0000	1.07.0000	1.07.0000	1.07.0000
13280	傳奇	1	130943	478	1	255	2	23280	3	1.00.0000	1.07.0000	1.07.0000	1.07.0000
13281	傳奇	1	130943	478	1	255	2	23281	3	1.00.0000	1.07.0000	1.07.0000	1.07.0000
13282	傳奇	1	130943	478	1	255	2	23282	3	1.00.0000	1.07.0000	1.07.0000	1.07.0000
13283	傳奇	1	130943	478	1	255	2	23283	3	1.00.0000	1.07.0000	1.07.0000	1.07.0000
13284	傳奇	1	130943	478	1	255	2	23284	3	1.00.0000	1.07.0000	1.07.0000	1.07.0000
13285	傳奇	1	130943	478	1	255	2	23285	3	1.00.0000	1.07.0000	1.07.0000	1.07.0000
13286	傳奇	1	130943	478	1	255	2	23286	3	1.00.0000	1.07.0000	1.07.0000	1.07.0000
13287	傳奇	1	130943	478	1	255	2	23287	3	1.00.0000	1.07.0000	1.07.0000	1.07.0000
13288	傳奇	1	130943	478	1	255	2	23288	3	1.00.0000	1.07.0000	1.07.0000	1.07.0000
13289	傳奇	1	130943	478	1	255	2	23289	3	1.00.0000	1.07.0000	1.07.0000	1.07.0000
13290	傳奇	1	130943	478	1	255	2	23290	3	1.00.0000	1.07.0000	1.07.0000	1.07.0000
13291	傳奇	1	130943	478	1	255	2	23291	3	1.00.0000	1.07.0000	1.07.0000	1.07.0000
13292	傳奇	1	130943	478	1	255	2	23292	3	1.00.0000	1.07.0000	1.07.0000	1.07.0000
13293	傳奇	1	130943	478	1	255	2	23293	3	1.00.0000	1.07.0000	1.07.0000	1.07.0000
13294	傳奇	1	130943	478	1	255	2	23294	3	1.00.0000	1.07.0000	1.07.0000	1.07.0000
13295	傳奇	1	130943	478	1	255	2	23295	3	1.00.0000	1.07.0000	1.07.0000	1.07.0000
13296	傳奇	1	130943	478	1	255	2	23296	3	1.00.0000	1.07.0000	1.07.0000	1.07.0000
13297	傳奇	1	130943	478	1	255	2	23297	3	1.00.0000	1.07.0000	1.07.0000	1.07.0000
13298	傳奇	1	130943	478	1	255	2	23298	3	1.00.0000	1.07.0000	1.07.0000	1.07.0000
13299	傳奇	1	130943	478	1	255	2	23299	3	1.00.0000	1.07.0000	1.07.0000	1.07.0000
13300	傳奇	1	130943	478	1	255	2	23300	3	1.00.0000	1.07.0000	1.07.0000	1.07.0000
13301	傳奇	1	130943	478	1	255	2	23301	3	1.00.0000	1.07.0000	1.07.0000	1.07.0000
13302	傳奇	1	130943	478	1	255	2	23302	3	1.00.0000	1.07.0000	1.07.0000	1.07.0000
13303	傳奇	1	130943	478	1	255	2	23303	3	1.00.0000	1.07.0000	1.07.0000	1.07.0000
13304	傳奇	1	130943	478	1	255	2	23304	3	1.00.0000	1.07.0000	1.07.0000	1.07.0000
13305	傳奇	1	130943	478	1	255	2	23305	3	1.00.0000	1.07.0000	1.07.0000	1.07.0000
13306	傳奇	1	130943	478	1	255	2	23306	3	1.00.0000	1.07.0000	1.07.0000	1.07.0000
13307	傳奇	1	130943	478	1	255	2	23307	3	1.00.0000	1.07.0000	1.07.0000	1.07.0000
13308	傳奇	1	130943	478	1	255	2	23308	3	1.00.0000	1.07.0000	1.07.0000	1.07.0000
13309	傳奇	1	130943	478	1	255	2	23309	3	1.00.0000	1.07.0000	1.07.0000	1.07.0000
13310	傳奇	1	130943	478	1	255	2	23310	3	1.00.0000	1.07.0000	1.07.0000	1.07.0000
13311	傳奇	1	130943	478	1	255	2	23311	3	1.00.0000	1.07.0000	1.07.0000	1.07.0000
13312	傳奇	1	130943	478	1	255	2	23312	3	1.00.0000	1.07.0000	1.07.0000	1.07.0000
13313	傳奇	1	130943	478	1	255	2	23313	3	1.00.0000	1.07.0000	1.07.0000	1.07.0000
13314	傳奇	1	130943	478	1	255	2	23314	3	1.00.0000	1.07.0000	1.07.0000	1.07.0000
13315	傳奇	1	130943	478	1	255	2	23315	3	1.00.0000	1.07.0000	1.07.0000	1.07.0000
13316	傳奇	1	130943	478	1	255	2	23316	3	1.00.0000	1.07.0000	1.07.0000	1.07.0000
13317	傳奇	1	130943	478	1	255	2	23317	3	1.00.0000	1.07.0000	1.07.0000	1.07.0000
13318	傳奇	1	130943	478	1	255	2	23318	3	1.00.0000	1.07.0000	1.07.0000	1.07.0000
13319	傳奇	1	130943	478	1	255	2	23319	3	1.00.0000	1.07.0000	1.07.0000	1.07.0000
13320	傳奇	1	130943	478	1	255	2	23320	3	1.00.0000	1.07.0000	1.07.0000	1.07.0000
13321	傳奇	1	130943	478	1	255	2	23321	3	1.00.0000	1.07.0000	1.07.0000	1.07.0000
13322	傳奇	1	130943	478	1	255	2	23322	3	1.00.0000	1.07.0000	1.07.0000	1.07.0000
13323	傳奇	1	130943	478	1	255	2	23323	3	1.00.0000	1.07.0000	1.07.0000	1.07.0000
13324	傳奇	1	130943	478	1	255	2	23324	3	1.00.0000	1.07.0000	1.07.0000	1.07.0000
13325	傳奇	1	130943	478	1	255	2	23325	3	1.00.0000	1.07.0000	1.07.0000	1.07.0000
13326	傳奇	1	130943	478	1	255	2	23326	3	1.00.0000	1.07.0000	1.07.0000	1.07.0000
13327	傳奇	1	130943	478	1	255	2	23327	3	1.00.0000	1.07.0000	1.07.0000	1.07.0000
13328	傳奇	1	130943	478	1	255	2	23328	3	1.00.0000	1.07.0000	1.07.0000	1.07.0000
13329	傳奇	1	130943	478	1	255	2	23329	3	1.00.0000	1.07.0000	1.07.0000	1.07.0000
13330	傳奇	1	130943	478	1	255	2	23330	3	1.00.0000	1.07.0000	1.07.0000	1.07.0000
13331	傳奇	1	130943	478	1	255	2	23331	3	1.00.0000	1.07.0000	1.07.0000	1.07.0000
13332	傳奇	1	130943	478	1	255	2	23332	3	1.00.0000	1.07.0000	1.07.0000	1.07.0000
13333	傳奇	1	130943	478	1	255	2	23333	3	1.00.0000	1.07.0000	1.07.0000	1.07.0000
13334	傳奇	1	130943	478	1	255	2	23334	3	1.00.0000	1.07.0000	1.07.0000	1.07.0000
13335	傳奇	1	130943	478	1	255	2	23335	3	1.00.0000	1.07.0000	1.07.0000	1.07.0000
13336	傳奇	1	130943	478	1	255	2	23336	3	1.00.0000	1.07.0000	1.07.0000	1.07.0000
13337	傳奇	1	130943	478	1	255	2	23337	3	1.00.0000	1.07.0000	1.07.0000	1.07.0000
13338	傳奇	1	130943	478	1	255	2	23338	3	1.00.0000	1.07.0000	1.07.0000	1.07.0000
13339	傳奇	1	130943	478	1	255	2	23339	3	1.00.0000	1.07.0000	1.07.0000	1.07.0000
13340	傳奇	1	130943	478	1	255	2	23340	3	1.00.0000	1.07.0000	1.07.0000	1.07.0000
13341	傳奇	1	130943	478	1	255	2	23341	3	1.00.0000	1.07.0000	1.07.0000	1.07.0000
13342	傳奇	1	130943	478	1	255	2	23342	3	1.00.0000	1.07.0000	1.07.0000	1.07.0000
13343	傳奇	1	130943	478	1	255	2	23343	3	1.00.0000	1.07.0000	1.07.0000	1.07.0000
13344	傳奇	1	130943	478	1	255	2	23344	3	1.00.0000	1.07.0000	1.07.0000	1.07.0000
13345	傳奇	1	130943	478	1	255	2	23345	3	1.00.0000	1.07.0000	1.07.0000	1.07.0000
13346	傳奇	1	130943	478	1	255	2	23346	3	1.00.0000	1.07.0000	1.07.0000	1.07.0000
13347	傳奇	1	130943	478	1	255	2	23347	3	1.00.0000	1.07.0000	1.07.0000	1.07.0000
13348	傳奇	1	130943	478	1	255	2	23348	3	1.00.0000	1.07.0000	1.07.0000	1.07.0000
13349	傳奇	1	130943	478	1	255	2	23349	3	1.00.0000	1.07.0000	1.07.0000	1.07.0000
13350	傳奇	1	130943	478	1	255	2	23350	3	1.00.0000	1.07.0000	1.07.0000	1.07.0000
13351	傳奇	1	130943	478	1	255	2	23351	3	1.00.0000	1.07.0000	1.07.0000	1.07.0000
13352	傳奇	1	130943	478	1	255	2	23352	3	1.00.0000	1.07.0000	1.07.0000	1.07.0000
13353	傳奇	1	130943	478	1	255	2	23353	3	1.00.0000	1.07.0000	1.07.0000	1.07.0000
13354	傳奇	1	130943	478	1	255	2	23354	3	1.00.0000	1.07.0000	1.07.0000	1.07.0000
13355	傳奇	1	130943	478	1	255	2	23355	3	1.00.0000	1.07.0000	1.07.0000	1.07.0000
13356	傳奇	1	130943	478	1	255	2	23356	3	1.00.0000	1.07.0000	1.07.0000	1.07.0000
13357	傳奇	1	130943	478	1	255	2	23357	3	1.00.0000	1.07.0000	1.07.0000	1.07.0000
13358	傳奇	1	130943	478	1	255	2	23358	3	1.00.0000	1.07.0000	1.07.0000	1.07.0000
13359	傳奇	1	130943	478	1	255	2	23359	3	1.00.0000	1.07.0000	1.07.0000	1.07.0000
13360	傳奇	1	130943	478	1	255	2	23360	3	1.00.0000	1.07.0000	1.07.0000	1.07.0000
13361	傳奇	1	130943	478	1	255	2	23361	3	1.00.0000	1.07.0000	1.07.0000	1.07.0000
13362	傳奇	1	130943	478	1	255	2	23362	3	1.00.0000	1.07.0000	1.07.0000	1.07.0000
13363	傳奇	1	130943	478	1	255	2	23363	3	1.00.0000	1.07.0000	1.07.0000	1.07.0000
13364	傳奇	1	130943	478	1	255	2	23364	3	1.00.0000	1.07.0000	1.07.0000	1.07.0000
13365	傳奇	1	130943	478	1	255	2	23365	3	1.00.0000	1.07.0000	1.07.0000	1.07.0000
13366	傳奇	1	130943	478	1	255	2	23366	3	1.00.0000	1.07.0000	1.07.0000	1.07.0000
13367	傳奇	1	130943	478	1	255	2	23367	3	1.00.0000	1.07.0000	1.07.0000	1.07.0000
13368	傳奇	1	130943	478	1	255	2	23368	3	1.00.0000	1.07.0000	1.07.0000	1.07.0000
13369	傳奇	1	130943	478	1	255	2	23369	3	1.00.0000	1.07.0000	1.07.0000	1.07.0000
13370	傳奇	1	130943	478	1	255	2	23370	3	1.00.0000	1.07.0000	1.07.0000	1.07.0000
13371	傳奇	1	130943	478	1	255	2	23371	3	1.00.0000	1.07.0000	1.07.0000	1.07.0000
13372	傳奇	1	130943	478	1	255	2	23372	3	1.00.0000	1.07.0000	1.07.0000	1.07.0000
13373	傳奇	1	130943	478	1	255	2	23373	3	1.00.0000	1.07.0000	1.07.0000	1.07.0000
13374	傳奇	1	130943	478	1	255	2	23374	3	1.00.0000	1.07.0000	1.07.0000	1.07.0000
13375	傳奇	1	130943	478	1	255	2	23375	3	1.00.0000	1.07.0000	1.07.0000	1.07.0000
13376	傳奇	1	130943	478	1	255	2	23376	3	1.00.0000	1.07.0000	1.07.0000	1.07.0000
13377	傳奇	1	130943	478	1	255	2	23377	3	1.00.0000	1.07.0000	1.07.0000	1.07.0000
13378	傳奇	1	130943	478	1	255	2	23378	3	1.00.0000	1.07.0000	1.07.0000	1.07.0000
13379	傳奇	1	130943	478	1	255	2	23379	3	1.00.0000	1.07.0000	1.07.0000	1.07.0000
13380	傳奇	1	130943	478	1	255	2	23380	3	1.00.0000	1.07.0000	1.07.0000	1.07.0000
13381	傳奇	1	130943	478	1	255	2	23381	3	1.00.0000	1.07.0000	1.07.0000	1.07.0000
13382	傳奇	1	130943	478	1	255	2	23382	3	1.00.0000	1.07.0000	1.07.0000	1.07.0000
13383	傳奇	1	130943	478	1	255	2	23383	3	1.00.0000	1.07.0000	1.07.0000	1.07.0000
13384	傳奇	1	130943	478	1	255	2	23384	3	1.00.0000	1.07.0000	1.07.0000	1.07.0000
13385	傳奇	1	130943	478	1	255	2	23385	3	1.00.0000	1.07.0000	1.07.0000	1.07.0000
13386	傳奇	1	130943	478	1	255	2	23386	3	1.00.0000	1.07.0000	1.07.0000	1.07.0000
13387	傳奇	1	130943	478	1	255	2	23387	3	1.00.0000	1.07.0000	1.07.0000	1.07.0000
13388	傳奇	1	130943	478	1	255	2	23388	3	1.00.0000	1.07.0000	1.07.0000	1.07.0000
13389	傳奇	1	130943	478	1	255	2	23389	3	1.00.0000	1.07.0000	1.07.0000	1.07.0000
13390	傳奇	1	130943	478	1	255	2	23390	3	1.00.0000	1.07.0000	1.07.0000	1.07.0000
13391	傳奇	1	130943	478	1	255	2	23391	3	1.00.0000	1.07.0000	1.07.0000	1.07.0000
13392	傳奇	1	130943	478	1	255	2	23392	3	1.00.0000	1.07.0000	1.07.0000	1.07.0000
13393	傳奇	1	130943	478	1	255	2	23393	3	1.00.0000	1.07.0000	1.07.0000	1.07.0000
13394	傳奇	1	130943	478	1	255	2	23394	3	1.00.0000	1.07.0000	1.07.0000	1.07.0000
13395	傳奇	1	130943	478	1	255	2	23395	3	1.00.0000	1.07.0000	1.07.0000	1.07.0000
13396	傳奇	1	130943	478	1	255	2	23396	3	1.00.0000	1.07.0000	1.07.0000	1.07.0000
13397	傳奇	1	130943	478	1	255	2	23397	3	1.00.0000	1.07.0000	1.07.0000	1.07.0000
13398	傳奇	1	130943	478	1	255	2	23398	3	1.00.0000	1.07.0000	1.07.0000	1.07.0000
13399	傳奇	1	130943	478	1	255	2	23399	3	1.00.0000	1.07.0000	1.07.0000	1.07.0000
13400	傳奇	1	130943	478	1	255	2	23400	3	1.00.0000	1.07.0000	1.07.0000	1.07.0000
13401	傳奇	1	130943	478	1	255	2	23401	3	1.00.0000	1.07.0000	1.07.0000	1.07.0000
13402	傳奇	1	130943	478	1	255	2	23402	3	1.00.0000	1.07.0000	1.07.0000	1.07.0000
13403	傳奇	1	130943	478	1	255	2	23403	3	1.00.0000	1.07.0000	1.07.0000	1.07.0000
13404	傳奇	1	130943	478	1	255	2	23404	3	1.00.0000	1.07.0000	1.07.0000	1.07.0000
13405	傳奇	1	130943	478	1	255	2	23405	3	1.00.0000	1.07.0000	1.07.0000	1.07.0000
13406	傳奇	1	130943	478	1	255	2	23406	3	1.00.0000	1.07.0000	1.07.0000	1.07.0000
13407	傳奇	1	130943	478	1	255	2	23407	3	1.00.0000	1.07.0000	1.07.0000	1.07.0000
13408	傳奇	1	130943	478	1	255	2	23408	3	1.00.0000	1.07.0000	1.07.0000	1.07.0000
13409	傳奇	1	130943	478	1	255	2	23409	3	1.00.0000	1.07.0000	1.07.0000	1.07.0000
13410	傳奇	1	130943	478	1	255	2	23410	3	1.00.0000	1.07.0000	1.07.0000	1.07.0000
13411	傳奇	1	130943	478	1	255	2	23411	3	1.00.0000	1.07.0000	1.07.0000	1.07.0000
13412	傳奇	1	130943	478	1	255	2	23412	3	1.00.0000	1.07.0000	1.07.0000	1.07.0000
13413	傳奇	1	130943	478	1	255	2	23413	3	1.00.0000	1.07.0000	1.07.0000	1.07.0000
13414	傳奇	1	130943	478	1	255	2	23414	3	1.00.0000	1.07.0000	1.07.0000	1.07.0000
13415	傳奇	1	130943	478	1	255	2	23415	3	1.00.0000	1.07.0000	1.07.0000	1.07.0000
13416	傳奇	1	130943	478	1	255	2	23416	3	1.00.0000	1.07.0000	1.07.0000	1.07.0000
13417	傳奇	1	130943	478	1	255	2	23417	3	1.00.0000	1.07.0000	1.07.0000	1.07.0000
13418	傳奇	1	130943	478	1	255	2	23418	3	1.00.0000	1.07.0000	1.07.0000	1.07.0000
13419	傳奇	1	130943	478	1	255	2	23419	3	1.00.0000	1.07.0000	1.07.0000	1.07.0000
13420	傳奇	1	130943	478	1	255	2	23420	3	1.00.0000	1.07.0000	1.07.0000	1.07.0000
13421	傳奇	1	130943	478	1	255	2	23421	3	1.00.0000	1.07.0000	1.07.0000	1.07.0000
13422	傳奇	1	130943	478	1	255	2	23422	3	1.00.0000	1.07.0000	1.07.0000	1.07.0000
13423	傳奇	1	130943	478	1	255	2	23423	3	1.00.0000	1.07.0000	1.07.0000	1.07.0000
13424	傳奇	1	130943	478	1	255	2	23424	3	1.00.0000	1.07.0000	1.07.0000	1.07.0000
13425	傳奇	1	130943	478	1	255	2	23425	3	1.00.0000	1.07.0000	1.07.0000	1.07.0000
13426	傳奇	1	130943	478	1	255	2	23426	3	1.00.0000	1.07.0000	1.07.0000	1.07.0000
13427	傳奇	1	130943	478	1	255	2	23427	3	1.00.0000	1.07.0000	1.07.0000	1.07.0000
13428	傳奇	1	130943	478	1	255	2	23428	3	1.00.0000	1.07.0000	1.07.0000	1.07.0000
13429	傳奇	1	130943	478	1	255	2	23429	3	1.00.0000	1.07.0000	1.07.0000	1.07.0000
13430	傳奇	1	130943	478	1	255	2	23430	3	1.00.0000	1.07.0000	1.07.0000	1.07.0000
13431	傳奇	1	130943	478	1	255	2	23431	3	1.00.0000	1.07.0000	1.07.0000	1.07.0000
13432	傳奇	1	130943	478	1	255	2	23432	3	1.00.0000	1.07.0000	1.07.0000	1.07.0000
13433	傳奇	1	130943	478	1	255	2	23433	3	1.00.0000	1.07.0000	1.07.0000	1.07.0000
13434	傳奇	1	130943	478	1	255	2	23434	3	1.00.0000	1.07.0000	1.07.0000	1.07.0000
13435	傳奇	1	130943	478	1	255	2	23435	3	1.00.0000	1.07.0000	1.07.0000	1.07.0000
13436	傳奇	1	130943	478	1	255	2	23436	3	1.00.0000	1.07.0000	1.07.0000	1.07.0000
13437	傳奇	1	130943	478	1	255	2	23437	3	1.00.0000	1.07.0000	1.07.0000	1.07.0000
13438	傳奇	1	130943	478	1	255	2	23438	3	1.00.0000	1.07.0000	1.07.0000	1.07.0000
13439	傳奇	1	130943	478	1	255	2	23439	3	1.00.0000	1.07.0000	1.07.0000	1.07.0000
13440	傳奇	1	130943	478	1	255	2	23440	3	1.00.0000	1.07.0000	1.07.0000	1.07.0000
13441	傳奇	1	130943	478	1	255	2	23441	3	1.00.0000	1.07.0000	1.07.0000	1.07.0000
13442	傳奇	1	130943	478	1	255	2	23442	3	1.00.0000	1.07.0000	1.07.0000	1.07.0000
13443	傳奇	1	130943	478	1	255	2	23443	3	1.00.0000	1.07.0000	1.07.0000	1.07.0000
13444	傳奇	1	130943	478	1	255	2	23444	3	1.00.0000	1.07.0000	1.07.0000	1.07.0000
13445	傳奇	1	130943	478	1	255	2	23445	3	1.00.0000	1.07.0000	1.07.0000	1.07.0000
13446	傳奇	1	130943	478	1	255	2	23446	3	1.00.0000	1.07.0000	1.07.0000	1.07.0000
13447	傳奇	1	130943	478	1	255	2	23447	3	1.00.0000	1.07.0000	1.07.0000	1.07.0000
13448	傳奇	1	130943	478	1	255	2	23448	3	1.00.0000	1.07.0000	1.07.0000	1.07.0000
13449	傳奇	1	130943	478	1	255	2	23449	3	1.00.0000	1.07.0000	1.07.0000	1.07.0000
13450	傳奇	1	130943	478	1	255	2	23450	3	1.00.0000	1.07.0000	1.07.0000	1.07.0000
13451	傳奇	1	130943	478	1	255	2	23451	3	1.00.0000	1.07.0000	1.07.0000	1.07.0000
13452	傳奇	1	130943	478	1	255	2	23452	3	1.00.0000	1.07.0000	1.07.0000	1.07.0000
13453	傳奇	1	130943	478	1	255	2	23453	3	1.00.0000	1.07.0000	1.07.0000	1.07.0000
13454	傳奇	1	130943	478	1	255	2	23454	3	1.00.0000	1.07.0000	1.07.0000	1.07.0000
13455	傳奇	1	130943	478	1	255	2	23455	3	1.00.0000	1.07.0000	1.07.0000	1.07.0000
13456	傳奇	1	130943	478	1	255	2	23456	3	1.00.0000	1.07.0000	1.07.0000	1.07.0000
13457	傳奇	1	130943	478	1	255	2	23457	3	1.00.0000	1.07.0000	1.07.0000	1.07.0000
13458	傳奇	1	130943	478	1	255	2	23458	3	1.00.0000	1.07.0000	1.07.0000	1.07.0000
13459	傳奇	1	130943	478	1	255	2	23459	3	1.00.0000	1.07.0000	1.07.0000	1.07.0000
13460	傳奇	1	130943	478	1	255	2	23460	3	1.00.0000	1.07.0000	1.07.0000	1.07.0000
13461	傳奇	1	130943	478	1	255	2	23461	3	1.00.0000	1.07.0000	1.07.0000	1.07.0000
13462	傳奇	1	130943	478	1	255	2	23462	3	1.00.0000	1.07.0000	1.07.0000	1.07.0000
13463	傳奇	1	130943	478	1	255	2	23463	3	1.00.0000	1.07.0000	1.07.0000	1.07.0000
13464	傳奇	1	130943	478	1	255	2	23464	3	1.00.0000	1.07.0000	1.07.0000	1.07.0000
13465	傳奇	1	130943	478	1	255	2	23465	3	1.00.0000	1.07.0000	1.07.0000	1.07.0000
13466	傳奇	1	130943	478	1	255	2	23466	3	1.00.0000	1.07.0000	1.07.0000	1.07.0000
13467	傳奇	1	130943	478	1	255	2	23467	3	1.00.0000	1.07.0000	1.07.0000	1.07.0000
13468	傳奇	1	130943	478	1	255	2	23468	3	1.00.0000	1.07.0000	1.07.0000	1.07.0000
13469	傳奇	1	130943	478	1	255	2	23469	3	1.00.0000	1.07.0000	1.07.0000	1.07.0000
13470	傳奇	1	130943	478	1	255	2	23470	3	1.00.0000	1.07.0000	1.07.0000	1.07.0000
13471	傳奇	1	130943	478	1	255	2	23471	3	1.00.0000	1.07.0000	1.07.0000	1.07.0000
13472	傳奇	1	130943	478	1	255	2	23472	3	1.00.0000	1.07.0000	1.07.0000	1.07.0000
13473	傳奇	1	130943	478	1	255	2	23473	3	1.00.0000	1.07.0000	1.07.0000	1.07.0000
13474	傳奇	1	130943	478	1	255	2	23474	3	1.00.0000	1.07.0000	1.07.0000	1.07.0000
13475	傳奇	1	130943	478	1	255	2	23475	3	1.00.0000	1.07.0000	1.07.0000	1.07.0000
13476	傳奇	1	130943	478	1	255	2	23476	3	1.00.0000	1.07.0000	1.07.0000	1.07.0000
13477	傳奇	1	130943	478	1	255	2	23477	3	1.00.0000	1.07.0000	1.07.0000	1.07.0000
13478	傳奇	1	130943	478	1	255	2	23478	3	1.00.0000	1.07.0000	1.07.0000	1.07.0000
13479	傳奇	1	130943	478	1	255	2	23479	3	1.00.0000	1.07.0000	1.07.0000	1.07.0000
13480	傳奇	1	130943	478	1	255	2	23480	3	1.00.0000	1.07.0000	1.07.0000	1.07.0000
13481	傳奇	1	130943	478	1	255	2	23481	3	1.00.0000	1.07.0000	1.07.0000	1.07.0000
13482	傳奇	1	130943	478	1	255	2	23482	3	1.00.0000	1.07.0000	1.07.0000	1.07.0000
13483	傳奇	1	130943	478	1	255	2	23483	3	1.00.0000	1.07.0000	1.07.0000	1.07.0000
13484	傳奇	1	130943	478	1	255	2	23484	3	1.00.0000	1.07.0000	1.07.0000	1.07.0000
13485	傳奇	1	130943	478	1	255	2	23485	3	1.00.0000	1.07.0000	1.07.0000	1.07.0000
13486	傳奇	1	130943	478	1	255	2	23486	3	1.00.0000	1.07.0000	1.07.0000	1.07.0000
13487	傳奇	1	130943	478	1	255	2	23487	3	1.00.0000	1.07.0000	1.07.0000	1.07.0000
13488	傳奇	1	130943	478	1	255	2	23488	3	1.00.0000	1.07.0000	1.07.0000	1.07.0000
13489	傳奇	1	130943	478	1	255	2	23489	3	1.00.0000	1.07.0000	1.07.0000	1.07.0000
13490	傳奇	1	130943	478	1	255	2	23490	3	1.00.0000	1.07.0000	1.07.0000	1.07.0000
13491	傳奇	1	130943	478	1	255	2	23491	3	1.00.0000	1.07.0000	1.07.0000	1.07.0000
13492	傳奇	1	130943	478	1	255	2	23492	3	1.00.0000	1.07.0000	1.07.0000	1.07.0000
13493	傳奇	1	130943	478	1	255	2	23493	3	1.00.0000	1.07.0000	1.07.0000	1.07.0000
13494	傳奇	1	130943	478	1	255	2	23494	3	1.00.0000	1.07.0000	1.07.0000	1.07.0000
13495	傳奇	1	130943	478	1	255	2	23495	3	1.00.0000	1.07.0000	1.07.0000	1.07.0000
13496	傳奇	1	130943	478	1	255	2	23496	3	1.00.0000	1.07.0000	1.07.0000	1.07.0000
13497	傳奇	1	130943	478	1	255	2	23497	3	1.00.0000	1.07.0000	1.07.0000	1.07.0000
13498	傳奇	1	130943	478	1	255	2	23498	3	1.00.0000	1.07.0000	1.07.0000	1.07.0000
13499	傳奇	1	130943	478	1	255	2	23499	3	1.00.0000	1.07.0000	1.07.0000	1.07.0000
13500	傳奇	1	130943	478	1	255	2	23500	3	1.00.0000	1.07.0000	1.07.0000	1.07.0000
13501	傳奇	1	130943	478	1	255	2	23501	3	1.00.0000	1.07.0000	1.07.0000	1.07.0000
13502	傳奇	1	130943	478	1	255	2	23502	3	1.00.0000	1.07.0000	1.07.0000	1.07.0000
13503	傳奇	1	130943	478	1	255	2	23503	3	1.00.0000	1.07.0000	1.07.0000	1.07.0000
13504	傳奇	1	130943	478	1	255	2	23504	3	1.00.0000	1.07.0000	1.07.0000	1.07.0000
13505	傳奇	1	130943	478	1	255	2	23505	3	1.00.0000	1.07.0000	1.07.0000	1.07.0000
13506	傳奇	1	130943	478	1	255	2	23506	3	1.00.0000	1.07.0000	1.07.0000	1.07.0000
13507	傳奇	1	130943	478	1	255	2	23507	3	1.00.0000	1.07.0000	1.07.0000	1.07.0000
13508	傳奇	1	130943	478	1	255	2	23508	3	1.00.0000	1.07.0000	1.07.0000	1.07.0000
13509	傳奇	1	130943	478	1	255	2	23509	3	1.00.0000	1.07.0000	1.07.0000	1.07.0000
13510	傳奇	1	130943	478	1	255	2	23510	3	1.00.0000	1.07.0000	1.07.0000	1.07.0000
13511	傳奇	1	130943	478	1	255	2	23511	3	1.00.0000	1.07.0000	1.07.0000	1.07.0000
13512	傳奇	1	130943	478	1	255	2	23512	3	1.00.0000	1.07.0000	1.07.0000	1.07.0000
13513	傳奇	1	130943	478	1	255	2	23513	3	1.00.0000	1.07.0000	1.07.0000	1.07.0000
13514	傳奇	1	130943	478	1	255	2	23514	3	1.00.0000	1.07.0000	1.07.0000	1.07.0000
13515	傳奇	1	130943	478	1	255	2	23515	3	1.00.0000	1.07.0000	1.07.0000	1.07.0000
13516	傳奇	1	130943	478	1	255	2	23516	3	1.00.0000	1.07.0000	1.07.0000	1.07.0000
13517	傳奇	1	130943	478	1	255	2	23517	3	1.00.0000	1.07.0000	1.07.0000	1.07.0000
13518	傳奇	1	130943	478	1	255	2	23518	3	1.00.0000	1.07.0000	1.07.0000	1.07.0000
13519	傳奇	1	130943	478	1	255	2	23519	3	1.00.0000	1.07.0000	1.07.0000	1.07.0000
13520	傳奇	1	130943	478	1	255	2	23520	3	1.00.0000	1.07.0000	1.07.0000	1.07.0000
13521	傳奇	1	130943	478	1	255	2	23521	3	1.00.0000	1.07.0000	1.07.0000	1.07.0000
13522	傳奇	1	130943	478	1	255	2	23522	3	1.00.0000	1.07.0000	1.07.0000	1.07.0000
13523	傳奇	1	130943	478	1	255	2	23523	3	1.00.0000	1.07.0000	1.07.0000	1.07.0000
13524	傳奇	1	130943	478	1	255	2	23524	3	1.00.0000	1.07.0000	1.07.0000	1.07.0000
13525	傳奇	1	130943	478	1	255	2	23525	3	1.00.0000	1.07.0000	1.07.0000	1.07.0000
13526	傳奇	1	130943	478	1	255	2	23526	3	1.00.0000	1.07.0000	1.07.0000	1.07.0000
13527	傳奇	1	130943	478	1	255	2	23527	3	1.00.0000	1.07.0000	1.07.0000	1.07.0000
13528	傳奇	1	130943	478	1	255	2	23528	3	1.00.0000	1.07.0000	1.07.0000	1.07.0000
13529	傳奇	1	130943	478	1	255	2	23529	3	1.00.0000	1.07.0000	1.07.0000	1.07.0000
13530	傳奇	1	130943	478	1	255	2	23530	3	1.00.0000	1.07.0000	1.07.0000	1.07.0000
13531	傳奇	1	130943	478	1	255	2	23531	3	1.00.0000	1.07.0000	1.07.0000	1.07.0000
13532	傳奇	1	130943	478	1	255	2	23532	3	1.00.0000	1.07.0000	1.07.0000	1.07.0000
13533	傳奇	1	130943	478	1	255	2	23533	3	1.00.0000	1.07.0000	1.07.0000	1.07.0000
13534	傳奇	1	130943	478	1	255	2	23534	3	1.00.0000	1.07.0000	1.07.0000	1.07.0000
13535	傳奇	1	130943	478	1	255	2	23535	3	1.00.0000	1.07.0000	1.07.0000	1.07.0000
13536	傳奇	1	130943	478	1	255	2	23536	3	1.00.0000	1.07.0000	1.07.0000	1.07.0000
13537	傳奇	1	130943	478	1	255	2	23537	3	1.00.0000	1.07.0000	1.07.0000	1.07.0000
13538	傳奇	1	130943	478	1	255	2	23538	3	1.00.0000	1.07.0000	1.07.0000	1.07.0000
13539	傳奇	1	130943	478	1	255	2	23539	3	1.00.0000	1.07.0000	1.07.0000	1.07.0000
13540	傳奇	1	130943	478	1	255	2	23540	3	1.00.0000	1.07.0000	1.07.0000	1.07.0000
13541	傳奇	1	130943	478	1	255	2	23541	3	1.00.0000	1.07.0000	1.07.0000	1.07.0000
13542	傳奇	1	130943	478	1	255	2	23542	3	1.00.0000	1.07.0000	1.07.0000	1.07.0000
13543	傳奇	1	130943	478	1	255	2	23543	3	1.00.0000	1.07.0000	1.07.0000	1.07.0000
13544	傳奇	1	130943	478	1	255	2	23544	3	1.00.0000	1.07.0000	1.07.0000	1.07.0000
13545	傳奇	1	130943	478	1	255	2	23545	3	1.00.0000	1.07.0000	1.07.0000	1.07.0000
13546	傳奇	1	130943	478	1	255	2	23546	3	1.00.0000	1.07.0000	1.07.0000	1.07.0000
13547	傳奇	1	130943	478	1	255	2	23547	3	1.00.0000	1.07.0000	1.07.0000	1.07.0000
13548	傳奇	1	130943	478	1	255	2	23548	3	1.00.0000	1.07.0000	1.07.0000	1.07.0000
13549	傳奇	1	130943	478	1	255	2	23549	3	1.00.0000	1.07.0000	1.07.0000	1.07.0000
13550	傳奇	1	130943	478	1	255	2	23550	3	1.00.0000	1.07.0000	1.07.0000	1.07.0000
13551	傳奇	1	130943	478	1	255	2	23551	3	1.00.0000	1.07.0000	1.07.0000	1.07.0000
13552	傳奇	1	130943	478	1	255	2	23552	3	1.00.0000	1.07.0000	1.07.0000	1.07.0000
13553	傳奇	1	130943	478	1	255	2	23553	3	1.00.0000	1.07.0000	1.07.0000	1.07.0000
13554	傳奇	1	130943	478	1	255	2	23554	3	1.00.0000	1.07.0000	1.07.0000	1.07.0000
13555	傳奇	1	130943	478	1	255	2	23555	3	1.00.0000	1.07.0000	1.07.0000	1.07.0000
13556	傳奇	1	130943	478	1	255	2	23556	3	1.00.0000	1.07.0000	1.07.0000	1.07.0000
13557	傳奇	1	130943	478	1	255	2	23557	3	1.00.0000	1.07.0000	1.07.0000	1.07.0000
13558	傳奇	1	130943	478	1	255	2	23558	3	1.00.0000	1.07.0000	1.07.0000	1.07.0000
13559	傳奇	1	130943	478	1	255	2	23559	3	1.00.0000	1.07.0000	1.07.0000	1.07.0000
13560	傳奇	1	130943	478	1	255	2	23560	3	1.00.0000	1.07.0000	1.07.0000	1.07.0000
13561	傳奇	1	130943	478	1	255	2	23561	3	1.00.0000	1.07.0000	1.07.0000	1.07.0000
13562	傳奇	1	130943	478	1	255	2	23562	3	1.00.0000	1.07.0000	1.07.0000	1.07.0000
13563	傳奇	1	130943	478	1	255	2	23563	3	1.00.0000	1.07.0000	1.07.0000	1.07.0000
13564	傳奇	1	130943	478	1	255	2	23564	3	1.00.0000	1.07.0000	1.07.0000	1.07.0000
13565	傳奇	1	130943	478	1	255	2	23565	3	1.00.0000	1.07.0000	1.07.0000	1.07.0000
13566	傳奇	1	130943	478	1	255	2	23566	3	1.00.0000	1.07.0000	1.07.0000	1.07.0000
13567	傳奇	1	130943	478	1	255	2	23567	3	1.00.0000	1.07.0000	1.07.0000	1.07.0000
13568	傳奇	1	130943	478	1	255	2	23568	3	1.00.0000	1.07.0000	1.07.0000	1.07.0000
13569	傳奇	1	130943	478	1	255	2	23569	3	1.00.0000	1.07.0000	1.07.0000	1.07.0000
13570	傳奇	1	130943	478	1	255	2	23570	3	1.00.0000	1.07.0000	1.07.0000	1.07.0000
13571	傳奇	1	130943	478	1	255	2	23571	3	1.00.0000	1.07.0000	1.07.0000	1.07.0000
13572	傳奇	1	130943	478	1	255	2	23572	3	1.00.0000	1.07.0000	1.07.0000	1.07.0000
13573	傳奇	1	130943	478	1	255	2	23573	3	1.00.0000	1.07.0000	1.07.0000	1.07.0000
13574	傳奇	1	130943	478	1	255	2	23574	3	1.00.0000	1.07.0000	1.07.0000	1.07.0000
13575	傳奇	1	130943	478	1	255	2	23575	3	1.00.0000	1.07.0000	1.07.0000	1.07.0000
13576	傳奇	1	130943	478	1	255	2	23576	3	1.00.0000	1.07.0000	1.07.0000	1.07.0000
13577	傳奇	1	130943	478	1	255	2	23577	3	1.00.0000	1.07.0000	1.07.0000	1.07.0000
13578	傳奇	1	130943	478	1	255	2	23578	3	1.00.0000	1.07.0000	1.07.0000	1.07.0000
13579	傳奇	1	130943	478	1	255	2	23579	3	1.00.0000	1.07.0000	1.07.0000	1.07.0000
13580	傳奇	1	130943	478	1	255	2	23580	3	1.00.0000	1.07.0000	1.07.0000	1.07.0000
13581	傳奇	1	130943	478	1	255	2	23581	3	1.00.0000	1.07.0000	1.07.0000	1.07.0000
13582	傳奇	1	130943	478	1	255	2	23582	3	1.00.0000	1.07.0000	1.07.0000	1.07.0000
13583	傳奇	1	130943	478	1	255	2	23583	3	1.00.0000	1.07.0000	1.07.0000	1.07.0000
13584	傳奇	1	130943	478	1	255	2	23584	3	1.00.0000	1.07.0000	1.07.0000	1.07.0000
13585	傳奇	1	130943	478	1	255	2	23585	3	1.00.0000	1.07.0000	1.07.0000	1.07.0000
13586	傳奇	1	130943	478	1	255	2	23586	3	1.00.0000	1.07.0000	1.07.0000	1.07.0000
13587	傳奇	1	130943	478	1	255	2	23587	3	1.00.0000	1.07.0000	1.07.0000	1.07.0000
13588	傳奇	1	130943	478	1	255	2	23588	3	1.00.0000	1.07.0000	1.07.0000	1.07.0000
13589	傳奇	1	130943	478	1	255	2	23589	3	1.00.0000	1.07.0000	1.07.0000	1.07.0000
13590	傳奇	1	130943	478	1	255	2	23590	3	1.00.0000	1.07.0000	1.07.0000	1.07.0000
13591	傳奇	1	130943	478	1	255	2	23591	3	1.00.0000	1.07.0000	1.07.0000	1.07.0000
13592	傳奇	1	130943	478	1	255	2	23592	3	1.00.0000	1.07.0000	1.07.0000	1.07.0000
13593	傳奇	1	130943	478	1	255	2	23593	3	1.00.0000	1.07.0000	1.07.0000	1.07.0000
13594	傳奇	1	130943	478	1	255	2	23594	3	1.00.0000	1.07.0000	1.07.0000	1.07.0000
13595	傳奇	1	130943	478	1	255	2	23595	3	1.00.0000	1.07.0000	1.07.0000	1.07.0000
13596	傳奇	1	130943	478	1	255	2	23596	3	1.00.0000	1.07.0000	1.07.0000	1.07.0000
13597	傳奇	1	130943	478	1	255	2	23597	3	1.00.0000	1.07.0000	1.07.0000	1.07.0000
13598	傳奇	1	130943	478	1	255	2	23598	3	1.00.0000	1.07.0000	1.07.0000	1.07.0000
13599	傳奇	1	130943	478	1	255	2	23599	3	1.00.0000	1.07.0000	1.07.0000	1.07.0000
13600	傳奇	1	130943	478	1	255	2	23600	3	1.00.0000	1.07.0000	1.07.0000	1.07.0000
13601	傳奇	1	130943	478	1	255	2	23601	3	1.00.0000	1.07.0000	1.07.0000	1.07.0000
13602	傳奇	1	130943	478	1	255	2	23602	3	1.00.0000	1.07.0000	1.07.0000	1.07.0000
13603	傳奇	1	130943	478	1	255	2	23603	3	1.00.0000	1.07.0000	1.07.0000	1.07.0000
13604	傳奇	1	130943	478	1	255	2	23604	3	1.00.0000	1.07.0000	1.07.0000	1.07.0000
13605	傳奇	1	130943	478	1	255	2	23605	3	1.00.0000	1.07.0000	1.07.0000	1.07.0000
13606	傳奇	1	130943	478	1	255	2	23606	3	1.00.0000	1.07.0000	1.07.0000	1.07.0000
13607	傳奇	1	130943	478	1	255	2	23607	3	1.00.0000	1.07.0000	1.07.0000	1.07.0000
13608	傳奇	1	130943	478	1	255	2	23608	3	1.00.0000	1.07.0000	1.07.0000	1.07.0000
13609	傳奇	1	130943	478	1	255	2	23609	3	1.00.0000	1.07.0000	1.07.0000	1.07.0000
13610	傳奇	1	130943	478	1	255	2	23610	3	1.00.0000	1.07.0000	1.07.0000	1.07.0000
13611	傳奇	1	130943	478	1	255	2	23611	3	1.00.0000	1.07.0000	1.07.0000	1.07.0000
13612	傳奇	1	130943	478	1	255	2	23612	3	1.00.0000	1.07.0000	1.07.0000	1.07.0000
13613	傳奇	1	130943	478	1	255	2	23613	3	1.00.0000	1.07.0000	1.07.0000	1.07.0000
13614	傳奇	1	130943	478	1	255	2	23614	3	1.00.0000	1.07.0000	1.07.0000	1.07.0000
13615	傳奇	1	130943	478	1	255	2	23615	3	1.00.0000	1.07.0000	1.07.0000	1.07.0000
13616	傳奇	1	130943	478	1	255	2	23616	3	1.00.0000	1.07.0000	1.07.0000	1.07.0000
13617	傳奇	1	130943	478	1	255	2	23617	3	1.00.0000	1.07.0000	1.07.0000	1.07.0000
13618	傳奇	1	130943	478	1	255	2	23618	3	1.00.0000	1.07.0000	1.07.0000	1.07.0000
13619	傳奇	1	130943	478	1	255	2	23619	3	1.00.0000	1.07.0000	1.07.0000	1.07.0000
13620	傳奇	1	130943	478	1	255	2	23620	3	1.00.0000	1.07.0000	1.07.0000	1.07.0000
13621	傳奇	1	130943	478	1	255	2	23621	3	1.00.0000	1.07.0000	1.07.0000	1.07.0000
13622	傳奇	1	130943	478	1	255	2	23622	3	1.00.0000	1.07.0000	1.07.0000	1.07.0000
13623	傳奇	1	130943	478	1	255	2	23623	3	1.00.0000	1.07.0000	1.07.0000	1.07.0000
13624	傳奇	1	130943	478	1	255	2	23624	3	1.00.0000	1.07.0000	1.07.0000	1.07.0000
13625	傳奇	1	130943	478	1	255	2	23625	3	1.00.0000	1.07.0000	1.07.0000	1.07.0000
13626	傳奇	1	130943	478	1	255	2	23626	3	1.00.0000	1.07.0000	1.07.0000	1.07.0000
13627	傳奇	1	130943	478	1	255	2	23627	3	1.00.0000	1.07.0000	1.07.0000	1.07.0000
13628	傳奇	1	130943	478	1	255	2	23628	3	1.00.0000	1.07.0000	1.07.0000	1.07.0000
13629	傳奇	1	130943	478	1	255	2	23629	3	1.00.0000	1.07.0000	1.07.0000	1.07.0000
13630	傳奇	1	130943	478	1	255	2	23630	3	1.00.0000	1.07.0000	1.07.0000	1.07.0000
13631	傳奇	1	130943	478	1	255	2	23631	3	1.00.0000	1.07.0000	1.07.0000	1.07.0000
13632	傳奇	1	130943	478	1	255	2	23632	3	1.00.0000	1.07.0000	1.07.0000	1.07.0000
13633	傳奇	1	130943	478	1	255	2	23633	3	1.00.0000	1.07.0000	1.07.0000	1.07.0000
13634	傳奇	1	130943	478	1	255	2	23634	3	1.00.0000	1.07.0000	1.07.0000	1.07.0000
13635	傳奇	1	130943	478	1	255	2	23635	3	1.00.0000	1.07.0000	1.07.0000	1.07.0000
13636	傳奇	1	130943	478	1	255	2	23636	3	1.00.0000	1.07.0000	1.07.0000	1.07.0000
13637	傳奇	1	130943	478	1	255	2	23637	3	1.00.0000	1.07.0000	1.07.0000	1.07.0000
13638	傳奇	1	130943	478	1	255	2	23638	3	1.00.0000	1.07.0000	1.07.0000	1.07.0000
13639	傳奇	1	130943	478	1	255	2	23639	3	1.00.0000	1.07.0000	1.07.0000	1.07.0000
13640	傳奇	1	130943	478	1	255	2	23640	3	1.00.0000	1.07.0000	1.07.0000	1.07.0000
13641	傳奇	1	130943	478	1	255	2	23641	3	1.00.0000	1.07.0000	1.07.0000	1.07.0000
13642	傳奇	1	130943	478	1	255	2	23642	3	1.00.0000	1.07.0000	1.07.0000	1.07.0000
13643	傳奇	1	130943	478	1	255	2	23643	3	1.00.0000	1.07.0000	1.07.0000	1.07.0000
13644	傳奇	1	130943	478	1	255	2	23644	3	1.00.0000	1.07.0000	1.07.0000	1.07.0000
13645	傳奇	1	130943	478	1	255	2	23645	3	1.00.0000	1.07.0000	1.07.0000	1.07.0000
13646	傳奇	1	130943	478	1	255	2	23646	3	1.00.0000	1.07.0000	1.07.0000	1.07.0000
13647	傳奇	1	130943	478	1	255	2	23647	3	1.00.0000	1.07.0000	1.07.0000	1.07.0000
13648	傳奇	1	130943	478	1	255	2	23648	3	1.00.0000	1.07.0000	1.07.0000	1.07.0000
13649	傳奇	1	130943	478	1	255	2	23649	3	1.00.0000	1.07.0000	1.07.0000	1.07.0000
13650	傳奇	1	130943	478	1	255	2	23650	3	1.00.0000	1.07.0000	1.07.0000	1.07.0000
13651	傳奇	1	130943	478	1	255	2	23651	3	1.00.0000	1.07.0000	1.07.0000	1.07.0000
13652	傳奇	1	130943	478	1	255	2	23652	3	1.00.0000	1.07.0000	1.07.0000	1.07.0000
13653	傳奇	1	130943	478	1	255	2	23653	3	1.00.0000	1.07.0000	1.07.0000	1.07.0000
13654	傳奇	1	130943	478	1	255	2	23654	3	1.00.0000	1.07.0000	1.07.0000	1.07.0000
13655	傳奇	1	130943	478	1	255	2	23655	3	1.00.0000	1.07.0000	1.07.0000	1.07.0000
13656	傳奇	1	130943	478	1	255	2	23656	3	1.00.0000	1.07.0000	1.07.0000	1.07.0000
13657	傳奇	1	130943	478	1	255	2	23657	3	1.00.0000	1.07.0000	1.07.0000	1.07.0000
13658	傳奇	1	130943	478	1	255	2	23658	3	1.00.0000	1.07.0000	1.07.0000	1.07.0000
13659	傳奇	1	130943	478	1	255	2	23659	3	1.00.0000	1.07.0000	1.07.0000	1.07.0000
13660	傳奇	1	130943	478	1	255	2	23660	3	1.00.0000	1.07.0000	1.07.0000	1.07.0000
13661	傳奇	1	130943	478	1	255	2	23661	3	1.00.0000	1.07.0000	1.07.0000	1.07.0000
13662	傳奇	1	130943	478	1	255	2	23662	3	1.00.0000	1.07.0000	1.07.0000	1.07.0000
13663	傳奇	1	130943	478	1	255	2	23663	3	1.00.0000	1.07.0000	1.07.0000	1.07.0000
13664	傳奇	1	130943	478	1	255	2	23664	3	1.00.0000	1.07.0000	1.07.0000	1.07.0000
13665	傳奇	1	130943	478	1	255	2	23665	3	1.00.0000	1.07.0000	1.07.0000	1.07.0000
13666	傳奇	1	130943	478	1	255	2	23666	3	1.00.0000	1.07.0000	1.07.0000	1.07.0000
13667	傳奇	1	130943	478	1	255	2	23667	3	1.00.0000	1.07.0000	1.07.0000	1.07.0000
13668	傳奇	1	130943	478	1	255	2	23668	3	1.00.0000	1.07.0000	1.07.0000	1.07.0000
13669	傳奇	1	130943	478	1	255	2	23669	3	1.00.0000	1.07.0000	1.07.0000	1.07.0000
13670	傳奇	1	130943	478	1	255	2	23670	3	1.00.0000	1.07.0000	1.07.0000	1.07.0000
13671	傳奇	1	130943	478	1	255	2	23671	3	1.00.0000	1.07.0000	1.07.0000	1.07.0000
13672	傳奇	1	130943	478	1	255	2	23672	3	1.00.0000	1.07.0000	1.07.0000	1.07.0000
13673	傳奇	1	130943	478	1	255	2	23673	3	1.00.0000	1.07.0000	1.07.0000	1.07.0000
13674	傳奇	1	130943	478	1	255	2	23674	3	1.00.0000	1.07.0000	1.07.0000	1.07.0000
13675	傳奇	1	130943	478	1	255	2	23675	3	1.00.0000	1.07.0000	1.07.0000	1.07.0000
13676	傳奇	1	130943	478	1	255	2	23676	3	1.00.0000	1.07.0000	1.07.0000	1.07.0000
13677	傳奇	1	130943	478	1	255	2	23677	3	1.00.0000	1.07.0000	1.07.0000	1.07.0000
13678	傳奇	1	130943	478	1	255	2	23678	3	1.00.0000	1.07.0000	1.07.0000	1.07.0000
13679	傳奇	1	130943	478	1	255	2	23679	3	1.00.0000	1.07.0000	1.07.0000	1.07.0000
13680	傳奇	1	130943	478	1	255	2	23680	3	1.00.0000	1.07.0000	1.07.0000	1.07.0000
13681	傳奇	1	130943	478	1	255	2	23681	3	1.00.0000	1.07.0000	1.07.0000	1.07.0000
13682	傳奇	1	130943	478	1	255	2	23682	3	1.00.0000	1.07.0000	1.07.0000	1.07.0000
13683	傳奇	1	130943	478	1	255	2	23683	3	1.00.0000	1.07.0000	1.07.0000	1.07.0000
13684	傳奇	1	130943	478	1	255	2	23684	3	1.00.0000	1.07.0000	1.07.0000	1.07.0000
13685	傳奇	1	130943	478	1	255	2	23685	3	1.00.0000	1.07.0000	1.07.0000	1.07.0000
13686	傳奇	1	130943	478	1	255	2	23686	3	1.00.0000	1.07.0000	1.07.0000	1.07.0000
13687	傳奇	1	130943	478	1	255	2	23687	3	1.00.0000	1.07.0000	1.07.0000	1.07.0000
13688	傳奇	1	130943	478	1	255	2	23688	3	1.00.0000	1.07.0000	1.07.0000	1.07.0000
13689	傳奇	1	130943	478	1	255	2	23689	3	1.00.0000	1.07.0000	1.07.0000	1.07.0000
13690	傳奇	1	130943	478	1	255	2	23690	3	1.00.0000	1.07.0000	1.07.0000	1.07.0000
13691	傳奇	1	130943	478	1	255	2	23691	3	1.00.0000	1.07.0000	1.07.0000	1.07.0000
13692	傳奇	1	130943	478	1	255	2	23692	3	1.00.0000	1.07.0000	1.07.0000	1.07.0000
13693	傳奇	1	130943	478	1	255	2	23693	3	1.00.0000	1.07.0000	1.07.0000	1.07.0000
13694	傳奇	1	130943	478	1	255	2	23694	3	1.00.0000	1.07.0000	1.07.0000	1.07.0000
13695	傳奇	1	130943	478	1	255	2	23695	3	1.00.0000	1.07.0000	1.07.0000	1.07.0000
13696	傳奇	1	130943	478	1	255	2	23696	3	1.00.0000	1.07.0000	1.07.0000	1.07.0000
13697	傳奇	1	130943	478	1	255	2	23697	3	1.00.0000	1.07.0000	1.07.0000	1.07.0000
13698	傳奇	1	130943	478	1	255	2	23698	3	1.00.0000	1.07.0000	1.07.0000	1.07.0000
13699	傳奇	1	130943	478	1	255	2	23699	3	1.00.0000	1.07.0000	1.07.0000	1.07.0000
13700	傳奇	1	130943	478	1	255	2	23700	3	1.00.0000	1.07.0000	1.07.0000	1.07.0000
13701	傳奇	1	130943	478	1	255	2	23701	3	1.00.0000	1.07.0000	1.07.0000	1.07.0000
13702	傳奇	1	130943	478	1	255	2	23702	3	1.00.0000	1.07.0000	1.07.0000	1.07.0000
13703	傳奇	1	130943	478	1	255	2	23703	3	1.00.0000	1.07.0000	1.07.0000	1.07.0000
13704	傳奇	1	130943	478	1	255	2	23704	3	1.00.0000	1.07.0000	1.07.0000	1.07.0000
13705	傳奇	1	130943	478	1	255	2	23705	3	1.00.0000	1.07.0000	1.07.0000	1.07.0000
13706	傳奇	1	130943	478	1	255	2	23706	3	1.00.0000	1.07.0000	1.07.0000	1.07.0000
13707	傳奇	1	130943	478	1	255	2	23707	3	1.00.0000	1.07.0000	1.07.0000	1.07.0000
13708	傳奇	1	130943	478	1	255	2	23708	3	1.00.0000	1.07.0000	1.07.0000	1.07.0000
13709	傳奇	1	130943	478	1	255	2	23709	3	1.00.0000	1.07.0000	1.07.0000	1.07.0000
13710	傳奇	1	130943	478	1	255	2	23710	3	1.00.0000	1.07.0000	1.07.0000	1.07.0000
13711	傳奇	1	130943	478	1	255	2	23711	3	1.00.0000	1.07.0000	1.07.0000	1.07.0000
13712	傳奇	1	130943	478	1	255	2	23712	3	1.00.0000	1.07.0000	1.07.0000	1.07.0000
13713	傳奇	1	130943	478	1	255	2	23713	3	1.00.0000	1.07.0000	1.07.0000	1.07.0000
13714	傳奇	1	130943	478	1	255	2	23714	3	1.00.0000	1.07.0000	1.07.0000	1.07.0000
13715	傳奇	1	130943	478	1	255	2	23715	3	1.00.0000	1.07.0000	1.07.0000	1.07.0000
13716	傳奇	1	130943	478	1	255	2	23716	3	1.00.0000	1.07.0000	1.07.0000	1.07.0000
13717	傳奇	1	130943	478	1	255	2	23717	3	1.00.0000	1.07.0000	1.07.0000	1.07.0000
13718	傳奇	1	130943	478	1	255	2	23718	3	1.00.0000	1.07.0000	1.07.0000	1.07.0000
13719	傳奇	1	130943	478	1	255	2	23719	3	1.00.0000	1.07.0000	1.07.0000	1.07.0000
13720	傳奇	1	130943	478	1	255	2	23720	3	1.00.0000	1.07.0000	1.07.0000	1.07.0000
13721	傳奇	1	130943	478	1	255	2	23721	3	1.00.0000	1.07.0000	1.07.0000	1.07.0000
13722	傳奇	1	130943	478	1	255	2	23722	3	1.00.0000	1.07.0000	1.07.0000	1.07.0000
13723	傳奇	1	130943	478	1	255	2	23723	3	1.00.0000	1.07.0000	1.07.0000	1.07.0000
13724	傳奇	1	130943	478	1	255	2	23724	3	1.00.0000	1.07.0000	1.07.0000	1.07.0000
13725	傳奇	1	130943	478	1	255	2	23725	3	1.00.0000	1.07.0000	1.07.0000	1.07.0000
13726	傳奇	1	130943	478	1	255	2	23726	3	1.00.0000	1.07.0000	1.07.0000	1.07.0000
13727	傳奇	1	130943	478	1	255	2	23727	3	1.00.0000	1.07.0000	1.07.0000	1.07.0000
13728	傳奇	1	130943	478	1	255	2	23728	3	1.00.0000	1.07.0000	1.07.0000	1.07.0000
13729	傳奇	1	130943	478	1	255	2	23729	3	1.00.0000	1.07.0000	1.07.0000	1.07.0000
13730	傳奇	1	130943	478	1	255	2	23730	3	1.00.0000	1.07.0000	1.07.0000	1.07.0000
13731	傳奇	1	130943	478	1	255	2	23731	3	1.00.0000	1.07.0000	1.07.0000	1.07.0000
13732	傳奇	1	130943	478	1	255	2	23732	3	1.00.0000	1.07.0000	1.07.0000	1.07.0000
13733	傳奇	1	130943	478	1	255	2	23733	3	1.00.0000	1.07.0000	1.07.0000	1.07.0000
13734	傳奇	1	130943	478	1	255	2	23734	3	1.00.0000	1.07.0000	1.07.0000	1.07.0000
13735	傳奇	1	130943	478	1	255	2	23735	3	1.00.0000	1.07.0000	1.07.0000	1.07.0000
13736	傳奇	1	130943	478	1	255	2	23736	3	1.00.0000	1.07.0000	1.07.0000	1.07.0000
13737	傳奇	1	130943	478	1	255	2	23737	3	1.00.0000	1.07.0000	1.07.0000	1.07.0000
13738	傳奇	1	130943	478	1	255	2	23738	3	1.00.0000	1.07.0000	1.07.0000	1.07.0000
13739	傳奇	1	130943	478	1	255	2	23739	3	1.00.0000	1.07.0000	1.07.0000	1.07.0000
13740	傳奇	1	130943	478	1	255	2	23740	3	1.00.0000	1.07.0000	1.07.0000	1.07.0000
13741	傳奇	1	130943	478	1	255	2	23741	3	1.00.0000	1.07.0000	1.07.0000	1.07.0000
13742	傳奇	1	130943	478	1	255	2	23742	3	1.00.0000	1.07.0000	1.07.0000	1.07.0000
13743	傳奇	1	130943	478	1	255	2	23743	3	1.00.0000	1.07.0000	1.07.0000	1.07.0000
13744	傳奇	1	130943	478	1	255	2	23744	3	1.00.0000	1.07.0000	1.07.0000	1.07.0000
13745	傳奇	1	130943	478	1	255	2	23745	3	1.00.0000	1.07.0000	1.07.0000	1.07.0000
13746	傳奇	1	130943	478	1	255	2	23746	3	1.00.0000	1.07.0000	1.07.0000	1.07.0000
13747	傳奇	1	130943	478	1	255	2	23747	3	1.00.0000	1.07.0000	1.07.0000	1.07.0000
13748	傳奇	1	130943	478	1	255	2	23748	3	1.00.0000	1.07.0000	1.07.0000	1.07.0000
13749	傳奇	1	130943	478	1	255	2	23749	3	1.00.0000	1.07.0000	1.07.0000	1.07.0000
13750	傳奇	1	130943	478	1	255	2	23750	3	1.00.0000	1.07.0000	1.07.0000	1.07.0000
13751	傳奇	1	130943	478	1	255	2	23751	3	1.00.0000	1.07.0000	1.07.0000	1.07.0000
13752	傳奇	1	130943	478	1	255	2	23752	3	1.00.0000	1.07.0000	1.07.0000	1.07.0000
13753	傳奇	1	130943	478	1	255	2	23753	3	1.00.0000	1.07.0000	1.07.0000	1.07.0000
13754	傳奇	1	130943	478	1	255	2	23754	3	1.00.0000	1.07.0000	1.07.0000	1.07.0000
13755	傳奇	1	130943	478	1	255	2	23755	3	1.00.0000	1.07.0000	1.07.0000	1.07.0000
13756	傳奇	1	130943	478	1	255	2	23756	3	1.00.0000	1.07.0000	1.07.0000	1.07.0000
13757	傳奇	1	130943	478	1	255	2	23757	3	1.00.0000	1.07.0000	1.07.0000	1.07.0000
13758	傳奇	1	130943	478	1	255	2	23758	3	1.00.0000	1.07.0000	1.07.0000	1.07.0000
13759	傳奇	1	130943	478	1	255	2	23759	3	1.00.0000	1.07.0000	1.07.0000	1.07.0000
13760	傳奇	1	130943	478	1	255	2	23760	3	1.00.0000	1.07.0000	1.07.0000	1.07.0000
13761	傳奇	1	130943	478	1	255	2	23761	3	1.00.0000	1.07.0000	1.07.0000	1.07.0000
13762	傳奇	1	130943	478	1	255	2	23762	3	1.00.0000	1.07.0000	1.07.0000	1.07.0000
13763	傳奇	1	130943	478	1	255	2	23763	3	1.00.0000	1.07.0000	1.07.0000	1.07.0000
13764	傳奇	1	130943	478	1	255	2	23764	3	1.00.0000	1.07.0000	1.07.0000	1.07.0000
13765	傳奇	1	130943	478	1	255	2	23765	3	1.00.0000	1.07.0000	1.07.0000	1.07.0000
13766	傳奇	1	130943	478	1	255	2	23766	3	1.00.0000	1.07.0000	1.07.0000	1.07.0000
13767	傳奇	1	130943	478	1	255	2	23767	3	1.00.0000	1.07.0000	1.07.0000	1.07.0000
13768	傳奇	1	130943	478	1	255	2	23768	3	1.00.0000	1.07.0000	1.07.0000	1.07.0000
13769	傳奇	1	130943	478	1	255	2	23769	3	1.00.0000	1.07.0000	1.07.0000	1.07.0000
13770	傳奇	1	130943	478	1	255	2	23770	3	1.00.0000	1.07.0000	1.07.0000	1.07.0000
13771	傳奇	1	130943	478	1	255	2	23771	3	1.00.0000	1.07.0000	1.07.0000	1.07.0000
13772	傳奇	1	130943	478	1	255	2	23772	3	1.00.0000	1.07.0000	1.07.0000	1.07.0000
13773	傳奇	1	130943	478	1	255	2	23773	3	1.00.0000	1.07.0000	1.07.0000	1.07.0000
13774	傳奇	1	130943	478	1	255	2	23774	3	1.00.0000	1.07.0000	1.07.0000	1.07.0000
13775	傳奇	1	130943	478	1	255	2	23775	3	1.00.0000	1.07.0000	1.07.0000	1.07.0000
13776	傳奇	1	130943	478	1	255	2	23776	3	1.00.0000	1.07.0000	1.07.0000	1.07.0000
13777	傳奇	1	130943	478	1	255	2	23777	3	1.00.0000	1.07.0000	1.07.0000	1.07.0000
13778	傳奇	1	130943	478	1	255	2	23778	3	1.00.0000	1.07.0000	1.07.0000	1.07.0000
13779	傳奇	1	130943	478	1	255	2	23779	3	1.00.0000	1.07.0000	1.07.0000	1.07.0000
13780	傳奇	1	130943	478	1	255	2	23780	3	1.00.0000	1.07.0000	1.07.0000	1.07.0000
13781	傳奇	1	130943	478	1	255	2	23781	3	1.00.0000	1.07.0000	1.07.0000	1.07.0000
13782	傳奇	1	130943	478	1	255	2	23782	3	1.00.0000	1.07.0000	1.07.0000	1.07.0000
13783	傳奇	1	130943	478	1	255	2	23783	3	1.00.0000	1.07.0000	1.07.0000	1.07.0000
13784	傳奇	1	130943	478	1	255	2	23784	3	1.00.0000	1.07.0000	1.07.0000	1.07.0000
13785	傳奇	1	130943	478	1	255	2	23785	3	1.00.0000	1.07.0000	1.07.0000	1.07.0000
13786	傳奇	1	130943	478	1	255	2	23786	3	1.00.0000	1.07.0000	1.07.0000	1.07.0000
13787	傳奇	1	130943	478	1	255	2	23787	3	1.00.0000	1.07.0000	1.07.0000	1.07.0000
13788	傳奇	1	130943	478	1	255	2	23788	3	1.00.0000	1.07.0000	1.07.0000	1.07.0000
13789	傳奇	1	130943	478	1	255	2	23789	3	1.00.0000	1.07.0000	1.07.0000	1.07.0000
13790	傳奇	1	130943	478	1	255	2	23790	3	1.00.0000	1.07.0000	1.07.0000	1.07.0000
13791	傳奇	1	130943	478	1	255	2	23791	3	1.00.0000	1.07.0000	1.07.0000	1.07.0000
13792	傳奇	1	130943	478	1	255	2	23792	3	1.00.0000	1.07.0000	1.07.0000	1.07.0000
13793	傳奇	1	130943	478	1	255	2	23793	3	1.00.0000	1.07.0000	1.07.0000	1.07.0000
13794	傳奇	1	130943	478	1	255	2	23794	3	1.00.0000	1.07.0000	1.07.0000	1.07.0000
13795	傳奇	1	130943	478	1	255	2	23795	3	1.00.0000	1.07.0000	1.07.0000	1.07.0000
13796	傳奇	1	130943	478	1	255	2	23796	3	1.00.0000	1.07.0000	1.07.0000	1.07.0000
13797	傳奇	1	130943	478	1	255	2	23797	3	1.00.0000	1.07.0000	1.07.0000	1.07.0000
13798	傳奇	1	130943	478	1	255	2	23798	3	1.00.0000	1.07.0000	1.07.0000	1.07.0000
13799	傳奇	1	130943	478	1	255	2	23799	3	1.00.0000	1.07.0000	1.07.0000	1.07.0000
13800	傳奇	1	130943	478	1	255	2	23800	3	1.00.0000	1.07.0000	1.07.0000	1.07.0000
13801	傳奇	1	130943	478	1	255	2	23801	3	1.00.0000	1.07.0000	1.07.0000	1.07.0000
13802	傳奇	1	130943	478	1	255	2	23802	3	1.00.0000	1.07.0000	1.07.0000	1.07.0000
13803	傳奇	1	130943	478	1	255	2	23803	3	1.00.0000	1.07.0000	1.07.0000	1.07.0000
13804	傳奇	1	130943	478	1	255	2	23804	3	1.00.0000	1.07.0000	1.07.0000	1.07.0000
13805	傳奇	1	130943	478	1	255	2	23805	3	1.00.0000	1.07.0000	1.07.0000	1.07.0000
13806	傳奇	1	130943	478	1	255	2	23806	3	1.00.0000	1.07.0000	1.07.0000	1.07.0000
13807	傳奇	1	130943	478	1	255	2	23807	3	1.00.0000	1.07.0000	1.07.0000	1.07.0000
13808	傳奇	1	130943	478	1	255	2	23808	3	1.00.0000	1.07.0000	1.07.0000	1.07.0000
13809	傳奇	1	130943	478	1	255	2	23809	3	1.00.0000	1.07.0000	1.07.0000	1.07.0000
13810	傳奇	1	130943	478	1	255	2	23810	3	1.00.0000	1.07.0000	1.07.0000	1.07.0000
13811	傳奇	1	130943	478	1	255	2	23811	3	1.00.0000	1.07.0000	1.07.0000	1.07.0000
13812	傳奇	1	130943	478	1	255	2	23812	3	1.00.0000	1.07.0000	1.07.0000	1.07.0000
13813	傳奇	1	130943	478	1	255	2	23813	3	1.00.0000	1.07.0000	1.07.0000	1.07.0000
13814	傳奇	1	130943	478	1	255	2	23814	3	1.00.0000	1.07.0000	1.07.0000	1.07.0000
13815	傳奇	1	130943	478	1	255	2	23815	3	1.00.0000	1.07.0000	1.07.0000	1.07.0000
13816	傳奇	1	130943	478	1	255	2	23816	3	1.00.0000	1.07.0000	1.07.0000	1.07.0000
13817	傳奇	1	130943	478	1	255	2	23817	3	1.00.0000	1.07.0000	1.07.0000	1.07.0000
13818	傳奇	1	130943	478	1	255	2	23818	3	1.00.0000	1.07.0000	1.07.0000	1.07.0000
13819	傳奇	1	130943	478	1	255	2	23819	3	1.00.0000	1.07.0000	1.07.0000	1.07.0000
13820	傳奇	1	130943	478	1	255	2	23820	3	1.00.0000	1.07.0000	1.07.0000	1.07.0000
13821	傳奇	1	130943	478	1	255	2	23821	3	1.00.0000	1.07.0000	1.07.0000	1.07.0000
13822	傳奇	1	130943	478	1	255	2	23822	3	1.00.0000	1.07.0000	1.07.0000	1.07.0000
13823	傳奇	1	130943	478	1	255	2	23823	3	1.00.0000	1.07.0000	1.07.0000	1.07.0000
13824	傳奇	1	130943	478	1	255	2	23824	3	1.00.0000	1.07.0000	1.07.0000	1.07.0000
13825	傳奇	1	130943	478	1	255	2	23825	3	1.00.0000	1.07.0000	1.07.0000	1.07.0000
13826	傳奇	1	130943	478	1	255	2	23826	3	1.00.0000	1.07.0000	1.07.0000	1.07.0000
13827	傳奇	1	130943	478	1	255	2	23827	3	1.00.0000	1.07.0000	1.07.0000	1.07.0000
13828	傳奇	1	130943	478	1	255	2	23828	3	1.00.0000	1.07.0000	1.07.0000	1.07.0000
13829	傳奇	1	130943	478	1	255	2	23829	3	1.00.0000	1.07.0000	1.07.0000	1.07.0000
13830	傳奇	1	130943	478	1	255	2	23830	3	1.00.0000	1.07.0000	1.07.0000	1.07.0000
13831	傳奇	1	130943	478	1	255	2	23831	3	1.00.0000	1.07.0000	1.07.0000	1.07.0000
13832	傳奇	1	130943	478	1	255	2	23832	3	1.00.0000	1.07.0000	1.07.0000	1.07.0000
13833	傳奇	1	130943	478	1	255	2	23833	3	1.00.0000	1.07.0000	1.07.0000	1.07.0000
13834	傳奇	1	130943	478	1	255	2	23834	3	1.00.0000	1.07.0000	1.07.0000	1.07.0000
13835	傳奇	1	130943	478	1	255	2	23835	3	1.00.0000	1.07.0000	1.07.0000	1.07.0000
13836	傳奇	1	130943	478	1	255	2	23836	3	1.00.0000	1.07.0000	1.07.0000	1.07.0000
13837	傳奇	1	130943	478	1	255	2	23837	3	1.00.0000	1.07.0000	1.07.0000	1.07.0000
13838	傳奇	1	130943	478	1	255	2	23838	3	1.00.0000	1.07.0000	1.07.0000	1.07.0000
13839	傳奇	1	130943	478	1	255	2	23839	3	1.00.0000	1.07.0000	1.07.0000	1.07.0000
13840	傳奇	1	130943	478	1	255	2	23840	3	1.00.0000	1.07.0000	1.07.0000	1.07.0000
13841	傳奇	1	130943	478	1	255	2	23841	3	1.00.0000	1.07.0000	1.07.0000	1.07.0000
13842	傳奇	1	130943	478	1	255	2	23842	3	1.00.0000	1.07.0000	1.07.0000	1.07.0000
13843	傳奇	1	130943	478	1	255	2	23843	3	1.00.0000	1.07.0000	1.07.0000	1.07.0000
13844	傳奇	1	130943	478	1	255	2	23844	3	1.00.0000	1.07.0000	1.07.0000	1.07.0000
13845	傳奇	1	130943	478	1	255	2	23845	3	1.00.0000	1.07.0000	1.07.0000	1.07.0000
13846	傳奇	1	130943	478	1	255	2	23846	3	1.00.0000	1.07.0000	1.07.0000	1.07.0000
13847	傳奇	1	130943	478	1	255	2	23847	3	1.00.0000	1.07.0000	1.07.0000	1.07.0000
13848	傳奇	1	130943	478	1	255	2	23848	3	1.00.0000	1.07.0000	1.07.0000	1.07.0000
13849	傳奇	1	130943	478	1	255	2	23849	3	1.00.0000	1.07.0000	1.07.0000	1.07.0000
13850	傳奇	1	130943	478	1	255	2	23850	3	1.00.0000	1.07.0000	1.07.0000	1.07.0000
13851	傳奇	1	130943	478	1	255	2	23851	3	1.00.0000	1.07.0000	1.07.0000	1.07.0000
13852	傳奇	1	130943	478	1	255	2	23852	3	1.00.0000	1.07.0000	1.07.0000	1.07.0000
13853	傳奇	1	130943	478	1	255	2	23853	3	1.00.0000	1.07.0000	1.07.0000	1.07.0000
13854	傳奇	1	130943	478	1	255	2	23854	3	1.00.0000	1.07.0000	1.07.0000	1.07.0000
13855	傳奇	1	130943	478	1	255	2	23855	3	1.00.0000	1.07.0000	1.07.0000	1.07.0000
13856	傳奇	1	130943	478	1	255	2	23856	3	1.00.0000	1.07.0000	1.07.0000	1.07.0000
13857	傳奇	1	130943	478	1	255	2	23857	3	1.00.0000	1.07.0000	1.07.0000	1.07.0000
13858	傳奇	1	130943	478	1	255	2	23858	3	1.00.0000	1.07.0000	1.07.0000	1.07.0000
13859	傳奇	1	130943	478	1	255	2	23859	3	1.00.0000	1.07.0000	1.07.0000	1.07.0000
13860	傳奇	1	130943	478	1	255	2	23860	3	1.00.0000	1.07.0000	1.07.0000	1.07.0000
13861	傳奇	1	130943	478	1	255	2	23861	3	1.00.0000	1.07.0000	1.07.0000	1.07.0000
13862	傳奇	1	130943	478	1	255	2	23862	3	1.00.0000	1.07.0000	1.07.0000	1.07.0000
13863	傳奇	1	130943	478	1	255	2	23863	3	1.00.0000	1.07.0000	1.07.0000	1.07.0000
13864	傳奇	1	130943	478	1	255	2	23864	3	1.00.0000	1.07.0000	1.07.0000	1.07.0000
13865	傳奇	1	130943	478	1	255	2	23865	3	1.00.0000	1.07.0000	1.07.0000	1.07.0000
13866	傳奇	1	130943	478	1	255	2	23866	3	1.00.0000	1.07.0000	1.07.0000	1.07.0000
13867	傳奇	1	130943	478	1	255	2	23867	3	1.00.0000	1.07.0000	1.07.0000	1.07.0000
13868	傳奇	1	130943	478	1	255	2	23868	3	1.00.0000	1.07.0000	1.07.0000	1.07.0000
13869	傳奇	1	130943	478	1	255	2	23869	3	1.00.0000	1.07.0000	1.07.0000	1.07.0000
13870	傳奇	1	130943	478	1	255	2	23870	3	1.00.0000	1.07.0000	1.07.0000	1.07.0000
13871	傳奇	1	130943	478	1	255	2	23871	3	1.00.0000	1.07.0000	1.07.0000	1.07.0000
13872	傳奇	1	130943	478	1	255	2	23872	3	1.00.0000	1.07.0000	1.07.0000	1.07.0000
13873	傳奇	1	130943	478	1	255	2	23873	3	1.00.0000	1.07.0000	1.07.0000	1.07.0000
13874	傳奇	1	130943	478	1	255	2	23874	3	1.00.0000	1.07.0000	1.07.0000	1.07.0000
13875	傳奇	1	130943	478	1	255	2	23875	3	1.00.0000	1.07.0000	1.07.0000	1.07.0000
13876	傳奇	1	130943	478	1	255	2	23876	3	1.00.0000	1.07.0000	1.07.0000	1.07.0000
13877	傳奇	1	130943	478	1	255	2	23877	3	1.00.0000	1.07.0000	1.07.0000	1.07.0000
13878	傳奇	1	130943	478	1	255	2	23878	3	1.00.0000	1.07.0000	1.07.0000	1.07.0000
13879	傳奇	1	130943	478	1	255	2	23879	3	1.00.0000	1.07.0000	1.07.0000	1.07.0000
13880	傳奇	1	130943	478	1	255	2	23880	3	1.00.0000	1.07.0000	1.07.0000	1.07.0000
13881	傳奇	1	130943	478	1	255	2	23881	3	1.00.0000	1.07.0000	1.07.0000	1.07.0000
13882	傳奇	1	130943	478	1	255	2	23882	3	1.00.0000	1.07.0000	1.07.0000	1.07.0000
13883	傳奇	1	130943	478	1	255	2	23883	3	1.00.0000	1.07.0000	1.07.0000	1.07.0000
13884	傳奇	1	130943	478	1	255	2	23884	3	1.00.0000	1.07.0000	1.07.0000	1.07.0000
13885	傳奇	1	130943	478	1	255	2	23885	3	1.00.0000	1.07.0000	1.07.0000	1.07.0000
13886	傳奇	1	130943	478	1	255	2	23886	3	1.00.0000	1.07.0000	1.07.0000	1.07.0000
13887	傳奇	1	130943	478	1	255	2	23887	3	1.00.0000	1.07.0000	1.07.0000	1.07.0000
13888	傳奇	1	130943	478	1	255	2	23888	3	1.00.0000	1.07.0000	1.07.0000	1.07.0000
13889	傳奇	1	130943	478	1	255	2	23889	3	1.00.0000	1.07.0000	1.07.0000	1.07.0000
13890	傳奇	1	130943	478	1	255	2	23890	3	1.00.0000	1.07.0000	1.07.0000	1.07.0000
13891	傳奇	1	130943	478	1	255	2	23891	3	1.00.0000	1.07.0000	1.07.0000	1.07.0000
13892	傳奇	1	130943	478	1	255	2	23892	3	1.00.0000	1.07.0000	1.07.0000	1.07.0000
13893	傳奇	1	130943	478	1	255	2	23893	3	1.00.0000	1.07.0000	1.07.0000	1.07.0000
13894	傳奇	1	130943	478	1	255	2	23894	3	1.00.0000	1.07.0000	1.07.0000	1.07.0000
13895	傳奇	1	130943	478	1	255	2	23895	3	1.00.0000	1.07.0000	1.07.0000	1.07.0000
13896	傳奇	1	130943	478	1	255	2	23896	3	1.00.0000	1.07.0000	1.07.0000	1.07.0000
13897	傳奇	1	130943	478	1	255	2	23897	3	1.00.0000	1.07.0000	1.07.0000	1.07.0000
13898	傳奇	1	130943	478	1	255	2	23898	3	1.00.0000	1.07.0000	1.07.0000	1.07.0000
13899	傳奇	1	130943	478	1	255	2	23899	3	1.00.0000	1.07.0000	1.07.0000	1.07.0000
13900	傳奇	1	130943	478	1	255	2	23900	3	1.00.0000	1.07.0000	1.07.0000	1.07.0000
13901	傳奇	1	130943	478	1	255	2	23901	3	1.00.0000	1.07.0000	1.07.0000	1.07.0000
13902	傳奇	1	130943	478	1	255	2	23902	3	1.00.0000	1.07.0000	1.07.0000	1.07.0000
13903	傳奇	1	130943	478	1	255	2	23903	3	1.00.0000	1.07.0000	1.07.0000	1.07.0000
13904	傳奇	1	130943	478	1	255	2	23904	3	1.00.0000	1.07.0000	1.07.0000	1.07.0000
13905	傳奇	1	130943	478	1	255	2	23905	3	1.00.0000	1.07.0000	1.07.0000	1.07.0000
13906	傳奇	1	130943	478	1	255	2	23906	3	1.00.0000	1.07.0000	1.07.0000	1.07.0000
13907	傳奇	1	130943	478	1	255	2	23907	3	1.00.0000	1.07.0000	1.07.0000	1.07.0000
13908	傳奇	1	130943	478	1	255	2	23908	3	1.00.0000	1.07.0000	1.07.0000	1.07.0000
13909	傳奇	1	130943	478	1	255	2	23909	3	1.00.0000	1.07.0000	1.07.0000	1.07.0000
13910	傳奇	1	130943	478	1	255	2	23910	3	1.00.0000	1.07.0000	1.07.0000	1.07.0000
13911	傳奇	1	130943	478	1	255	2	23911	3	1.00.0000	1.07.0000	1.07.0000	1.07.0000
13912	傳奇	1	130943	478	1	255	2	23912	3	1.00.0000	1.07.0000	1.07.0000	1.07.0000
13913	傳奇	1	130943	478	1	255	2	23913	3	1.00.0000	1.07.0000	1.07.0000	1.07.0000
13914	傳奇	1	130943	478	1	255	2	23914	3	1.00.0000	1.07.0000	1.07.0000	1.07.0000
13915	傳奇	1	130943	478	1	255	2	23915	3	1.00.0000	1.07.0000	1.07.0000	1.07.0000
13916	傳奇	1	130943	478	1	255	2	23916	3	1.00.0000	1.07.0000	1.07.0000	1.07.0000
13917	傳奇	1	130943	478	1	255	2	23917	3	1.00.0000	1.07.0000	1.07.0000	1.07.0000
13918	傳奇	1	130943	478	1	255	2	23918	3	1.00.0000	1.07.0000	1.07.0000	1.07.0000
13919	傳奇	1	130943	478	1	255	2	23919	3	1.00.0000	1.07.0000	1.07.0000	1.07.0000
13920	傳奇	1	130943	478	1	255	2	23920	3	1.00.0000	1.07.0000	1.07.0000	1.07.0000
13921	傳奇	1	130943	478	1	255	2	23921	3	1.00.0000	1.07.0000	1.07.0000	1.07.0000
13922	傳奇	1	130943	478	1	255	2	23922	3	1.00.0000	1.07.0000	1.07.0000	1.07.0000
13923	傳奇	1	130943	478	1	255	2	23923	3	1.00.0000	1.07.0000	1.07.0000	1.07.0000
13924	傳奇	1	130943	478	1	255	2	23924	3	1.00.0000	1.07.0000	1.07.0000	1.07.0000
13925	傳奇	1	130943	478	1	255	2	23925	3	1.00.0000	1.07.0000	1.07.0000	1.07.0000
13926	傳奇	1	130943	478	1	255	2	23926	3	1.00.0000	1.07.0000	1.07.0000	1.07.0000
13927	傳奇	1	130943	478	1	255	2	23927	3	1.00.0000	1.07.0000	1.07.0000	1.07.0000
13928	傳奇	1	130943	478	1	255	2	23928	3	1.00.0000	1.07.0000	1.07.0000	1.07.0000
13929	傳奇	1	130943	478	1	255	2	23929	3	1.00.0000	1.07.0000	1.07.0000	1.07.0000
13930	傳奇	1	130943	478	1	255	2	23930	3	1.00.0000	1.07.0000	1.07.0000	1.07.0000
13931	傳奇	1	130943	478	1	255	2	23931	3	1.00.0000	1.07.0000	1.07.0000	1.07.0000
13932	傳奇	1	130943	478	1	255	2	23932	3	1.00.0000	1.07.0000	1.07.0000	1.07.0000
13933	傳奇	1	130943	478	1	255	2	23933	3	1.00.0000	1.07.0000	1.07.0000	1.07.0000
13934	傳奇	1	130943	478	1	255	2	23934	3	1.00.0000	1.07.0000	1.07.0000	1.07.0000
13935	傳奇	1	130943	478	1	255	2	23935	3	1.00.0000	1.07.0000	1.07.0000	1.07.0000
13936	傳奇	1	130943	478	1	255	2	23936	3	1.00.0000	1.07.0000	1.07.0000	1.07.0000
13937	傳奇	1	130943	478	1	255	2	23937	3	1.00.0000	1.07.0000	1.07.0000	1.07.0000
13938	傳奇	1	130943	478	1	255	2	23938	3	1.00.0000	1.07.0000	1.07.0000	1.07.0000
13939	傳奇	1	130943	478	1	255	2	23939	3	1.00.0000	1.07.0000	1.07.0000	1.07.0000
13940	傳奇	1	130943	478	1	255	2	23940	3	1.00.0000	1.07.0000	1.07.0000	1.07.0000
13941	傳奇	1	130943	478	1	255	2	23941	3	1.00.0000	1.07.0000	1.07.0000	1.07.0000
13942	傳奇	1	130943	478	1	255	2	23942	3	1.00.0000	1.07.0000	1.07.0000	1.07.0000
13943	傳奇	1	130943	478	1	255	2	23943	3	1.00.0000	1.07.0000	1.07.0000	1.07.0000
13944	傳奇	1	130943	478	1	255	2	23944	3	1.00.0000	1.07.0000	1.07.0000	1.07.0000
13945	傳奇	1	130943	478	1	255	2	23945	3	1.00.0000	1.07.0000	1.07.0000	1.07.0000
13946	傳奇	1	130943	478	1	255	2	23946	3	1.00.0000	1.07.0000	1.07.0000	1.07.0000
13947	傳奇	1	130943	478	1	255	2	23947	3	1.00.0000	1.07.0000	1.07.0000	1.07.0000
13948	傳奇	1	130943	478	1	255	2	23948	3	1.00.0000	1.07.0000	1.07.0000	1.07.0000
13949	傳奇	1	130943	478	1	255	2	23949	3	1.00.0000	1.07.0000	1.07.0000	1.07.0000
13950	傳奇	1	130943	478	1	255	2	23950	3	1.00.0000	1.07.0000	1.07.0000	1.07.0000
13951	傳奇	1	130943	478	1	255	2	23951	3	1.00.0000	1.07.0000	1.07.0000	1.07.0000
13952	傳奇	1	130943	478	1	255	2	23952	3	1.00.0000	1.07.0000	1.07.0000	1.07.0000
13953	傳奇	1	130943	478	1	255	2	23953	3	1.00.0000	1.07.0000	1.07.0000	1.07.0000
13954	傳奇	1	130943	478	1	255	2	23954	3	1.00.0000	1.07.0000	1.07.0000	1.07.0000
13955	傳奇	1	130943	478	1	255	2	23955	3	1.00.0000	1.07.0000	1.07.0000	1.07.0000
13956	傳奇	1	130943	478	1	255	2	23956	3	1.00.0000	1.07.0000	1.07.0000	1.07.0000
13957	傳奇	1	130943	478	1	255	2	23957	3	1.00.0000	1.07.0000	1.07.0000	1.07.0000
13958	傳奇	1	130943	478	1	255	2	23958	3	1.00.0000	1.07.0000	1.07.0000	1.07.0000
13959	傳奇	1	130943	478	1	255	2	23959	3	1.00.0000	1.07.0000	1.07.0000	1.07.0000
13960	傳奇	1	130943	478	1	255	2	23960	3	1.00.0000	1.07.0000	1.07.0000	1.07.0000
13961	傳奇	1	130943	478	1	255	2	23961	3	1.00.0000	1.07.0000	1.07.0000	1.07.0000
13962	傳奇	1	130943	478	1	255	2	23962	3	1.00.0000	1.07.0000	1.07.0000	1.07.0000
13963	傳奇	1	130943	478	1	255	2	23963	3	1.00.0000	1.07.0000	1.07.0000	1.07.0000
13964	傳奇	1	130943	478	1	255	2	23964	3	1.00.0000	1.07.0000	1.07.0000	1.07.0000
13965	傳奇	1	130943	478	1	255	2	23965	3	1.00.0000	1.07.0000	1.07.0000	1.07.0000
13966	傳奇	1	130943	478	1	255	2	23966	3	1.00.0000	1.07.0000	1.07.0000	1.07.0000
13967	傳奇	1	130943	478	1	255	2	23967	3	1.00.0000	1.07.0000	1.07.0000	1.07.0000
13968	傳奇	1	130943	478	1	255	2	23968	3	1.00.0000	1.07.0000	1.07.0000	1.07.0000
13969	傳奇	1	130943	478	1	255	2	23969	3	1.00.0000	1.07.0000	1.07.0000	1.07.0000
13970	傳奇	1	130943	478	1	255	2	23970	3	1.00.0000	1.07.0000	1.07.0000	1.07.0000
13971	傳奇	1	130943	478	1	255	2	23971	3	1.00.0000	1.07.0000	1.07.0000	1.07.0000
13972	傳奇	1	130943	478	1	255	2	23972	3	1.00.0000	1.07.0000	1.07.0000	1.07.0000
13973	傳奇	1	130943	478	1	255	2	23973	3	1.00.0000	1.07.0000	1.07.0000	1.07.0000
13974	傳奇	1	130943	478	1	255	2	23974	3	1.00.0000	1.07.0000	1.07.0000	1.07.0000
13975	傳奇	1	130943	478	1	255	2	23975	3	1.00.0000	1.07.0000	1.07.0000	1.07.0000
13976	傳奇	1	130943	478	1	255	2	23976	3	1.00.0000	1.07.0000	1.07.0000	1.07.0000
13977	傳奇	1	130943	478	1	255	2	23977	3	1.00.0000	1.07.0000	1.07.0000	1.07.0000
13978	傳奇	1	130943	478	1	255	2	23978	3	1.00.0000	1.07.0000	1.07.0000	1.07.0000
13979	傳奇	1	130943	478	1	255	2	23979	3	1.00.0000	1.07.0000	1.07.0000	1.07.0000
13980	傳奇	1	130943	478	1	255	2	23980	3	1.00.0000	1.07.0000	1.07.0000	1.07.0000
13981	傳奇	1	130943	478	1	255	2	23981	3	1.00.0000	1.07.0000	1.07.0000	1.07.0000
13982	傳奇	1	130943	478	1	255	2	23982	3	1.00.0000	1.07.0000	1.07.0000	1.07.0000
13983	傳奇	1	130943	478	1	255	2	23983	3	1.00.0000	1.07.0000	1.07.0000	1.07.0000
13984	傳奇	1	130943	478	1	255	2	23984	3	1.00.0000	1.07.0000	1.07.0000	1.07.0000
13985	傳奇	1	130943	478	1	255	2	23985	3	1.00.0000	1.07.0000	1.07.0000	1.07.0000
13986	傳奇	1	130943	478	1	255	2	23986	3	1.00.0000	1.07.0000	1.07.0000	1.07.0000
13987	傳奇	1	130943	478	1	255	2	23987	3	1.00.0000	1.07.0000	1.07.0000	1.07.0000
13988	傳奇	1	130943	478	1	255	2	23988	3	1.00.0000	1.07.0000	1.07.0000	1.07.0000
13989	傳奇	1	130943	478	1	255	2	23989	3	1.00.0000	1.07.0000	1.07.0000	1.07.0000
13990	傳奇	1	130943	478	1	255	2	23990	3	1.00.0000	1.07.0000	1.07.0000	1.07.0000
13991	傳奇	1	130943	478	1	255	2	23991	3	1.00.0000	1.07.0000	1.07.0000	1.07.0000
13992	傳奇	1	130943	478	1	255	2	23992	3	1.00.0000	1.07.0000	1.07.0000	1.07.0000
13993	傳奇	1	130943	478	1	255	2	23993	3	1.00.0000	1.07.0000	1.07.0000	1.07.0000
13994	傳奇	1	130943	478	1	255	2	23994	3	1.00.0000	1.07.0000	1.07.0000	1.07.0000
13995	傳奇	1	130943	478	1	255	2	23995	3	1.00.0000	1.07.0000	1.07.0000	1.07.0000
13996	傳奇	1	130943	478	1	255	2	23996	3	1.00.0000	1.07.0000	1.07.0000	1.07.0000
13997	傳奇	1	130943	478	1	255	2	23997	3	1.00.0000	1.07.0000	1.07.0000	1.07.0000
13998	傳奇	1	130943	478	1	255	2	23998	3	1.00.0000	1.07.0000	1.07.0000	1.07.0000
13999	傳奇	1	130943	478	1	255	2	23999	3	1.00.0000	1.07.0000	1.07.0000	1.07.0000
14000	傳奇	1	130943	478	1	255	2	24000	3	1.00.0000	1.07.0000	1.07.0000	1.07.0000
14001	傳奇	1	130943	478	1	255	2	24001	3	1.00.0000	1.07.0000	1.07.0000	1.07.0000
14002	傳奇	1	130943	478	1	255	2	24002	3	1.00.0000	1.07.0000	1.07.0000	1.07.0000
14003	傳奇	1	130943	478	1	255	2	24003	3	1.00.0000	1.07.0000	1.07.0000	1.07.0000
14004	傳奇	1	130943	478	1	255	2	24004	3	1.00.0000	1.07.0000	1.07.0000	1.07.0000
14005	傳奇	1	130943	478	1	255	2	24005	3	1.00.0000	1.07.0000	1.07.0000	1.07.0000
14006	傳奇	1	130943	478	1	255	2	24006	3	1.00.0000	1.07.0000	1.07.0000	1.07.0000
14007	傳奇	1	130943	478	1	255	2	24007	3	1.00.0000	1.07.0000	1.07.0000	1.07.0000
14008	傳奇	1	130943	478	1	255	2	24008	3	1.00.0000	1.07.0000	1.07.0000	1.07.0000
14009	傳奇	1	130943	478	1	255	2	24009	3	1.00.0000	1.07.0000	1.07.0000	1.07.0000
14010	傳奇	1	130943	478	1	255	2	24010	3	1.00.0000	1.07.0000	1.07.0000	1.07.0000
14011	傳奇	1	130943	478	1	255	2	24011	3	1.00.0000	1.07.0000	1.07.0000	1.07.0000
14012	傳奇	1	130943	478	1	255	2	24012	3	1.00.0000	1.07.0000	1.07.0000	1.07.0000
14013	傳奇	1	130943	478	1	255	2	24013	3	1.00.0000	1.07.0000	1.07.0000	1.07.0000
14014	傳奇	1	130943	478	1	255	2	24014	3	1.00.0000	1.07.0000	1.07.0000	1.07.0000
14015	傳奇	1	130943	478	1	255	2	24015	3	1.00.0000	1.07.0000	1.07.0000	1.07.0000
14016	傳奇	1	130943	478	1	255	2	24016	3	1.00.0000	1.07.0000	1.07.0000	1.07.0000
14017	傳奇	1	130943	478	1	255	2	24017	3	1.00.0000	1.07.0000	1.07.0000	1.07.0000
14018	傳奇	1	130943	478	1	255	2	24018	3	1.00.0000	1.07.0000	1.07.0000	1.07.0000
14019	傳奇	1	130943	478	1	255	2	24019	3	1.00.0000	1.07.0000	1.07.0000	1.07.0000
14020	傳奇	1	130943	478	1	255	2	24020	3	1.00.0000	1.07.0000	1.07.0000	1.07.0000
14021	傳奇	1	130943	478	1	255	2	24021	3	1.00.0000	1.07.0000	1.07.0000	1.07.0000
14022	傳奇	1	130943	478	1	255	2	24022	3	1.00.0000	1.07.0000	1.07.0000	1.07.0000
14023	傳奇	1	130943	478	1	255	2	24023	3	1.00.0000	1.07.0000	1.07.0000	1.07.0000
14024	傳奇	1	130943	478	1	255	2	24024	3	1.00.0000	1.07.0000	1.07.0000	1.07.0000
14025	傳奇	1	130943	478	1	255	2	24025	3	1.00.0000	1.07.0000	1.07.0000	1.07.0000
14026	傳奇	1	130943	478	1	255	2	24026	3	1.00.0000	1.07.0000	1.07.0000	1.07.0000
14027	傳奇	1	130943	478	1	255	2	24027	3	1.00.0000	1.07.0000	1.07.0000	1.07.0000
14028	傳奇	1	130943	478	1	255	2	24028	3	1.00.0000	1.07.0000	1.07.0000	1.07.0000
14029	傳奇	1	130943	478	1	255	2	24029	3	1.00.0000	1.07.0000	1.07.0000	1.07.0000
14030	傳奇	1	130943	478	1	255	2	24030	3	1.00.0000	1.07.0000	1.07.0000	1.07.0000
14031	傳奇	1	130943	478	1	255	2	24031	3	1.00.0000	1.07.0000	1.07.0000	1.07.0000
14032	傳奇	1	130943	478	1	255	2	24032	3	1.00.0000	1.07.0000	1.07.0000	1.07.0000
14033	傳奇	1	130943	478	1	255	2	24033	3	1.00.0000	1.07.0000	1.07.0000	1.07.0000
14034	傳奇	1	130943	478	1	255	2	24034	3	1.00.0000	1.07.0000	1.07.0000	1.07.0000
14035	傳奇	1	130943	478	1	255	2	24035	3	1.00.0000	1.07.0000	1.07.0000	1.07.0000
14036	傳奇	1	130943	478	1	255	2	24036	3	1.00.0000	1.07.0000	1.07.0000	1.07.0000
14037	傳奇	1	130943	478	1	255	2	24037	3	1.00.0000	1.07.0000	1.07.0000	1.07.0000
14038	傳奇	1	130943	478	1	255	2	24038	3	1.00.0000	1.07.0000	1.07.0000	1.07.0000
14039	傳奇	1	130943	478	1	255	2	24039	3	1.00.0000	1.07.0000	1.07.0000	1.07.0000
14040	傳奇	1	130943	478	1	255	2	24040	3	1.00.0000	1.07.0000	1.07.0000	1.07.0000
14041	傳奇	1	130943	478	1	255	2	24041	3	1.00.0000	1.07.0000	1.07.0000	1.07.0000
14042	傳奇	1	130943	478	1	255	2	24042	3	1.00.0000	1.07.0000	1.07.0000	1.07.0000
14043	傳奇	1	130943	478	1	255	2	24043	3	1.00.0000	1.07.0000	1.07.0000	1.07.0000
14044	傳奇	1	130943	478	1	255	2	24044	3	1.00.0000	1.07.0000	1.07.0000	1.07.0000
14045	傳奇	1	130943	478	1	255	2	24045	3	1.00.0000	1.07.0000	1.07.0000	1.07.0000
14046	傳奇	1	130943	478	1	255	2	24046	3	1.00.0000	1.07.0000	1.07.0000	1.07.0000
14047	傳奇	1	130943	478	1	255	2	24047	3	1.00.0000	1.07.0000	1.07.0000	1.07.0000
14048	傳奇	1	130943	478	1	255	2	24048	3	1.00.0000	1.07.0000	1.07.0000	1.07.0000
14049	傳奇	1	130943	478	1	255	2	24049	3	1.00.0000	1.07.0000	1.07.0000	1.07.0000
14050	傳奇	1	130943	478	1	255	2	24050	3	1.00.0000	1.07.0000	1.07.0000	1.07.0000
14051	傳奇	1	130943	478	1	255	2	24051	3	1.00.0000	1.07.0000	1.07.0000	1.07.0000
14052	傳奇	1	130943	478	1	255	2	24052	3	1.00.0000	1.07.0000	1.07.0000	1.07.0000
14053	傳奇	1	130943	478	1	255	2	24053	3	1.00.0000	1.07.0000	1.07.0000	1.07.0000
14054	傳奇	1	130943	478	1	255	2	24054	3	1.00.0000	1.07.0000	1.07.0000	1.07.0000
14055	傳奇	1	130943	478	1	255	2	24055	3	1.00.0000	1.07.0000	1.07.0000	1.07.0000
14056	傳奇	1	130943	478	1	255	2	24056	3	1.00.0000	1.07.0000	1.07.0000	1.07.0000
14057	傳奇	1	130943	478	1	255	2	24057	3	1.00.0000	1.07.0000	1.07.0000	1.07.0000
14058	傳奇	1	130943	478	1	255	2	24058	3	1.00.0000	1.07.0000	1.07.0000	1.07.0000
14059	傳奇	1	130943	478	1	255	2	24059	3	1.00.0000	1.07.0000	1.07.0000	1.07.0000
14060	傳奇	1	130943	478	1	255	2	24060	3	1.00.0000	1.07.0000	1.07.0000	1.07.0000
14061	傳奇	1	130943	478	1	255	2	24061	3	1.00.0000	1.07.0000	1.07.0000	1.07.0000
14062	傳奇	1	130943	478	1	255	2	24062	3	1.00.0000	1.07.0000	1.07.0000	1.07.0000
14063	傳奇	1	130943	478	1	255	2	24063	3	1.00.0000	1.07.0000	1.07.0000	1.07.0000
14064	傳奇	1	130943	478	1	255	2	24064	3	1.00.0000	1.07.0000	1.07.0000	1.07.0000
14065	傳奇	1	130943	478	1	255	2	24065	3	1.00.0000	1.07.0000	1.07.0000	1.07.0000
14066	傳奇	1	130943	478	1	255	2	24066	3	1.00.0000	1.07.0000	1.07.0000	1.07.0000
14067	傳奇	1	130943	478	1	255	2	24067	3	1.00.0000	1.07.0000	1.07.0000	1.07.0000
14068	傳奇	1	130943	478	1	255	2	24068	3	1.00.0000	1.07.0000	1.07.0000	1.07.0000
14069	傳奇	1	130943	478	1	255	2	24069	3	1.00.0000	1.07.0000	1.07.0000	1.07.0000
14070	傳奇	1	130943	478	1	255	2	24070	3	1.00.0000	1.07.0000	1.07.0000	1.07.0000
14071	傳奇	1	130943	478	1	255	2	24071	3	1.00.0000	1.07.0000	1.07.0000	1.07.0000
14072	傳奇	1	130943	478	1	255	2	24072	3	1.00.0000	1.07.0000	1.07.0000	1.07.0000
14073	傳奇	1	130943	478	1	255	2	24073	3	1.00.0000	1.07.0000	1.07.0000	1.07.0000
14074	傳奇	1	130943	478	1	255	2	24074	3	1.00.0000	1.07.0000	1.07.0000	1.07.0000
14075	傳奇	1	130943	478	1	255	2	24075	3	1.00.0000	1.07.0000	1.07.0000	1.07.0000
14076	傳奇	1	130943	478	1	255	2	24076	3	1.00.0000	1.07.0000	1.07.0000	1.07.0000
14077	傳奇	1	130943	478	1	255	2	24077	3	1.00.0000	1.07.0000	1.07.0000	1.07.0000
14078	傳奇	1	130943	478	1	255	2	24078	3	1.00.0000	1.07.0000	1.07.0000	1.07.0000
14079	傳奇	1	130943	478	1	255	2	24079	3	1.00.0000	1.07.0000	1.07.0000	1.07.0000
14080	傳奇	1	130943	478	1	255	2	24080	3	1.00.0000	1.07.0000	1.07.0000	1.07.0000
14081	傳奇	1	130943	478	1	255	2	24081	3	1.00.0000	1.07.0000	1.07.0000	1.07.0000
14082	傳奇	1	130943	478	1	255	2	24082	3	1.00.0000	1.07.0000	1.07.0000	1.07.0000
14083	傳奇	1	130943	478	1	255	2	24083	3	1.00.0000	1.07.0000	1.07.0000	1.07.0000
14084	傳奇	1	130943	478	1	255	2	24084	3	1.00.0000	1.07.0000	1.07.0000	1.07.0000
14085	傳奇	1	130943	478	1	255	2	24085	3	1.00.0000	1.07.0000	1.07.0000	1.07.0000
14086	傳奇	1	130943	478	1	255	2	24086	3	1.00.0000	1.07.0000	1.07.0000	1.07.0000
14087	傳奇	1	130943	478	1	255	2	24087	3	1.00.0000	1.07.0000	1.07.0000	1.07.0000
14088	傳奇	1	130943	478	1	255	2	24088	3	1.00.0000	1.07.0000	1.07.0000	1.07.0000
14089	傳奇	1	130943	478	1	255	2	24089	3	1.00.0000	1.07.0000	1.07.0000	1.07.0000
14090	傳奇	1	130943	478	1	255	2	24090	3	1.00.0000	1.07.0000	1.07.0000	1.07.0000
14091	傳奇	1	130943	478	1	255	2	24091	3	1.00.0000	1.07.0000	1.07.0000	1.07.0000
14092	傳奇	1	130943	478	1	255	2	24092	3	1.00.0000	1.07.0000	1.07.0000	1.07.0000
14093	傳奇	1	130943	478	1	255	2	24093	3	1.00.0000	1.07.0000	1.07.0000	1.07.0000
14094	傳奇	1	130943	478	1	255	2	24094	3	1.00.0000	1.07.0000	1.07.0000	1.07.0000
14095	傳奇	1	130943	478	1	255	2	24095	3	1.00.0000	1.07.0000	1.07.0000	1.07.0000
14096	傳奇	1	130943	478	1	255	2	24096	3	1.00.0000	1.07.0000	1.07.0000	1.07.0000
14097	傳奇	1	130943	478	1	255	2	24097	3	1.00.0000	1.07.0000	1.07.0000	1.07.0000
14098	傳奇	1	130943	478	1	255	2	24098	3	1.00.0000	1.07.0000	1.07.0000	1.07.0000
14099	傳奇	1	130943	478	1	255	2	24099	3	1.00.0000	1.07.0000	1.07.0000	1.07.0000
14100	傳奇	1	130943	478	1	255	2	24100	3	1.00.0000	1.07.0000	1.07.0000	1.07.0000
14101	傳奇	1	130943	478	1	255	2	24101	3	1.00.0000	1.07.0000	1.07.0000	1.07.0000
14102	傳奇	1	130943	478	1	255	2	24102	3	1.00.0000	1.07.0000	1.07.0000	1.07.0000
14103	傳奇	1	130943	478	1	255	2	24103	3	1.00.0000	1.07.0000	1.07.0000	1.07.0000
14104	傳奇	1	130943	478	1	255	2	24104	3	1.00.0000	1.07.0000	1.07.0000	1.07.0000
14105	傳奇	1	130943	478	1	255	2	24105	3	1.00.0000	1.07.0000	1.07.0000	1.07.0000
14106	傳奇	1	130943	478	1	255	2	24106	3	1.00.0000	1.07.0000	1.07.0000	1.07.0000
14107	傳奇	1	130943	478	1	255	2	24107	3	1.00.0000	1.07.0000	1.07.0000	1.07.0000
14108	傳奇	1	130943	478	1	255	2	24108	3	1.00.0000	1.07.0000	1.07.0000	1.07.0000
14109	傳奇	1	130943	478	1	255	2	24109	3	1.00.0000	1.07.0000	1.07.0000	1.07.0000
14110	傳奇	1	130943	478	1	255	2	24110	3	1.00.0000	1.07.0000	1.07.0000	1.07.0000
14111	傳奇	1	130943	478	1	255	2	24111	3	1.00.0000	1.07.0000	1.07.0000	1.07.0000
14112	傳奇	1	130943	478	1	255	2	24112	3	1.00.0000	1.07.0000	1.07.0000	1.07.0000
14113	傳奇	1	130943	478	1	255	2	24113	3	1.00.0000	1.07.0000	1.07.0000	1.07.0000
14114	傳奇	1	130943	478	1	255	2	24114	3	1.00.0000	1.07.0000	1.07.0000	1.07.0000
14115	傳奇	1	130943	478	1	255	2	24115	3	1.00.0000	1.07.0000	1.07.0000	1.07.0000
14116	傳奇	1	130943	478	1	255	2	24116	3	1.00.0000	1.07.0000	1.07.0000	1.07.0000
14117	傳奇	1	130943	478	1	255	2	24117	3	1.00.0000	1.07.0000	1.07.0000	1.07.0000
14118	傳奇	1	130943	478	1	255	2	24118	3	1.00.0000	1.07.0000	1.07.0000	1.07.0000
14119	傳奇	1	130943	478	1	255	2	24119	3	1.00.0000	1.07.0000	1.07.0000	1.07.0000
14120	傳奇	1	130943	478	1	255	2	24120	3	1.00.0000	1.07.0000	1.07.0000	1.07.0000
14121	傳奇	1	130943	478	1	255	2	24121	3	1.00.0000	1.07.0000	1.07.0000	1.07.0000
14122	傳奇	1	130943	478	1	255	2	24122	3	1.00.0000	1.07.0000	1.07.0000	1.07.0000
14123	傳奇	1	130943	478	1	255	2	24123	3	1.00.0000	1.07.0000	1.07.0000	1.07.0000
14124	傳奇	1	130943	478	1	255	2	24124	3	1.00.0000	1.07.0000	1.07.0000	1.07.0000
14125	傳奇	1	130943	478	1	255	2	24125	3	1.00.0000	1.07.0000	1.07.0000	1.07.0000
14126	傳奇	1	130943	478	1	255	2	24126	3	1.00.0000	1.07.0000	1.07.0000	1.07.0000
14127	傳奇	1	130943	478	1	255	2	24127	3	1.00.0000	1.07.0000	1.07.0000	1.07.0000
14128	傳奇	1	130943	478	1	255	2	24128	3	1.00.0000	1.07.0000	1.07.0000	1.07.0000
14129	傳奇	1	130943	478	1	255	2	24129	3	1.00.0000	1.07.0000	1.07.0000	1.07.0000
14130	傳奇	1	130943	478	1	255	2	24130	3	1.00.0000	1.07.0000	1.07.0000	1.07.0000
14131	傳奇	1	130943	478	1	255	2	24131	3	1.00.0000	1.07.0000	1.07.0000	1.07.0000
14132	傳奇	1	130943	478	1	255	2	24132	3	1.00.0000	1.07.0000	1.07.0000	1.07.0000
14133	傳奇	1	130943	478	1	255	2	24133	3	1.00.0000	1.07.0000	1.07.0000	1.07.0000
14134	傳奇	1	130943	478	1	255	2	24134	3	1.00.0000	1.07.0000	1.07.0000	1.07.0000
14135	傳奇	1	130943	478	1	255	2	24135	3	1.00.0000	1.07.0000	1.07.0000	1.07.0000
14136	傳奇	1	130943	478	1	255	2	24136	3	1.00.0000	1.07.0000	1.07.0000	1.07.0000
14137	傳奇	1	130943	478	1	255	2	24137	3	1.00.0000	1.07.0000	1.07.0000	1.07.0000
14138	傳奇	1	130943	478	1	255	2	24138	3	1.00.0000	1.07.0000	1.07.0000	1.07.0000
14139	傳奇	1	130943	478	1	255	2	24139	3	1.00.0000	1.07.0000	1.07.0000	1.07.0000
14140	傳奇	1	130943	478	1	255	2	24140	3	1.00.0000	1.07.0000	1.07.0000	1.07.0000
14141	傳奇	1	130943	478	1	255	2	24141	3	1.00.0000	1.07.0000	1.07.0000	1.07.0000
14142	傳奇	1	130943	478	1	255	2	24142	3	1.00.0000	1.07.0000	1.07.0000	1.07.0000
14143	傳奇	1	130943	478	1	255	2	24143	3	1.00.0000	1.07.0000	1.07.0000	1.07.0000
14144	傳奇	1	130943	478	1	255	2	24144	3	1.00.0000	1.07.0000	1.07.0000	1.07.0000
14145	傳奇	1	130943	478	1	255	2	24145	3	1.00.0000	1.07.0000	1.07.0000	1.07.0000
14146	傳奇	1	130943	478	1	255	2	24146	3	1.00.0000	1.07.0000	1.07.0000	1.07.0000
14147	傳奇	1	130943	478	1	255	2	24147	3	1.00.0000	1.07.0000	1.07.0000	1.07.0000
14148	傳奇	1	130943	478	1	255	2	24148	3	1.00.0000	1.07.0000	1.07.0000	1.07.0000
14149	傳奇	1	130943	478	1	255	2	24149	3	1.00.0000	1.07.0000	1.07.0000	1.07.0000
14150	傳奇	1	130943	478	1	255	2	24150	3	1.00.0000	1.07.0000	1.07.0000	1.07.0000
14151	傳奇	1	130943	478	1	255	2	24151	3	1.00.0000	1.07.0000	1.07.0000	1.07.0000
14152	傳奇	1	130943	478	1	255	2	24152	3	1.00.0000	1.07.0000	1.07.0000	1.07.0000
14153	傳奇	1	130943	478	1	255	2	24153	3	1.00.0000	1.07.0000	1.07.0000	1.07.0000
14154	傳奇	1	130943	478	1	255	2	24154	3	1.00.0000	1.07.0000	1.07.0000	1.07.0000
14155	傳奇	1	130943	478	1	255	2	24155	3	1.00.0000	1.07.0000	1.07.0000	1.07.0000
14156	傳奇	1	130943	478	1	255	2	24156	3	1.00.0000	1.07.0000	1.07.0000	1.07.0000
14157	傳奇	1	130943	478	1	255	2	24157	3	1.00.0000	1.07.0000	1.07.0000	1.07.0000
14158	傳奇	1	130943	478	1	255	2	24158	3	1.00.0000	1.07.0000	1.07.0000	1.07.0000
14159	傳奇	1	130943	478	1	255	2	24159	3	1.00.0000	1.07.0000	1.07.0000	1.07.0000
14160	傳奇	1	130943	478	1	255	2	24160	3	1.00.0000	1.07.0000	1.07.0000	1.07.0000
14161	傳奇	1	130943	478	1	255	2	24161	3	1.00.0000	1.07.0000	1.07.0000	1.07.0000
14162	傳奇	1	130943	478	1	255	2	24162	3	1.00.0000	1.07.0000	1.07.0000	1.07.0000
14163	傳奇	1	130943	478	1	255	2	24163	3	1.00.0000	1.07.0000	1.07.0000	1.07.0000
14164	傳奇	1	130943	478	1	255	2	24164	3	1.00.0000	1.07.0000	1.07.0000	1.07.0000
14165	傳奇	1	130943	478	1	255	2	24165	3	1.00.0000	1.07.0000	1.07.0000	1.07.0000
14166	傳奇	1	130943	478	1	255	2	24166	3	1.00.0000	1.07.0000	1.07.0000	1.07.0000
14167	傳奇	1	130943	478	1	255	2	24167	3	1.00.0000	1.07.0000	1.07.0000	1.07.0000
14168	傳奇	1	130943	478	1	255	2	24168	3	1.00.0000	1.07.0000	1.07.0000	1.07.0000
14169	傳奇	1	130943	478	1	255	2	24169	3	1.00.0000	1.07.0000	1.07.0000	1.07.0000
14170	傳奇	1	130943	478	1	255	2	24170	3	1.00.0000	1.07.0000	1.07.0000	1.07.0000
14171	傳奇	1	130943	478	1	255	2	24171	3	1.00.0000	1.07.0000	1.07.0000	1.07.0000
14172	傳奇	1	130943	478	1	255	2	24172	3	1.00.0000	1.07.0000	1.07.0000	1.07.0000
14173	傳奇	1	130943	478	1	255	2	24173	3	1.00.0000	1.07.0000	1.07.0000	1.07.0000
14174	傳奇	1	130943	478	1	255	2	24174	3	1.00.0000	1.07.0000	1.07.0000	1.07.0000
14175	傳奇	1	130943	478	1	255	2	24175	3	1.00.0000	1.07.0000	1.07.0000	1.07.0000
14176	傳奇	1	130943	478	1	255	2	24176	3	1.00.0000	1.07.0000	1.07.0000	1.07.0000
14177	傳奇	1	130943	478	1	255	2	24177	3	1.00.0000	1.07.0000	1.07.0000	1.07.0000
14178	傳奇	1	130943	478	1	255	2	24178	3	1.00.0000	1.07.0000	1.07.0000	1.07.0000
14179	傳奇	1	130943	478	1	255	2	24179	3	1.00.0000	1.07.0000	1.07.0000	1.07.0000
14180	傳奇	1	130943	478	1	255	2	24180	3	1.00.0000	1.07.0000	1.07.0000	1.07.0000
14181	傳奇	1	130943	478	1	255	2	24181	3	1.00.0000	1.07.0000	1.07.0000	1.07.0000
14182	傳奇	1	130943	478	1	255	2	24182	3	1.00.0000	1.07.0000	1.07.0000	1.07.0000
14183	傳奇	1	130943	478	1	255	2	24183	3	1.00.0000	1.07.0000	1.07.0000	1.07.0000
14184	傳奇	1	130943	478	1	255	2	24184	3	1.00.0000	1.07.0000	1.07.0000	1.07.0000
14185	傳奇	1	130943	478	1	255	2	24185	3	1.00.0000	1.07.0000	1.07.0000	1.07.0000
14186	傳奇	1	130943	478	1	255	2	24186	3	1.00.0000	1.07.0000	1.07.0000	1.07.0000
14187	傳奇	1	130943	478	1	255	2	24187	3	1.00.0000	1.07.0000	1.07.0000	1.07.0000
14188	傳奇	1	130943	478	1	255	2	24188	3	1.00.0000	1.07.0000	1.07.0000	1.07.0000
14189	傳奇	1	130943	478	1	255	2	24189	3	1.00.0000	1.07.0000	1.07.0000	1.07.0000
14190	傳奇	1	130943	478	1	255	2	24190	3	1.00.0000	1.07.0000	1.07.0000	1.07.0000
14191	傳奇	1	130943	478	1	255	2	24191	3	1.00.0000	1.07.0000	1.07.0000	1.07.0000
14192	傳奇	1	130943	478	1	255	2	24192	3	1.00.0000	1.07.0000	1.07.0000	1.07.0000
14193	傳奇	1	130943	478	1	255	2	24193	3	1.00.0000	1.07.0000	1.07.0000	1.07.0000
14194	傳奇	1	130943	478	1	255	2	24194	3	1.00.0000	1.07.0000	1.07.0000	1.07.0000
14195	傳奇	1	130943	478	1	255	2	24195	3	1.00.0000	1.07.0000	1.07.0000	1.07.0000
14196	傳奇	1	130943	478	1	255	2	24196	3	1.00.0000	1.07.0000	1.07.0000	1.07.0000
14197	傳奇	1	130943	478	1	255	2	24197	3	1.00.0000	1.07.0000	1.07.0000	1.07.0000
14198	傳奇	1	130943	478	1	255	2	24198	3	1.00.0000	1.07.0000	1.07.0000	1.07.0000
14199	傳奇	1	130943	478	1	255	2	24199	3	1.00.0000	1.07.0000	1.07.0000	1.07.0000
14200	傳奇	1	130943	478	1	255	2	24200	3	1.00.0000	1.07.0000	1.07.0000	1.07.0000
14201	傳奇	1	130943	478	1	255	2	24201	3	1.00.0000	1.07.0000	1.07.0000	1.07.0000
14202	傳奇	1	130943	478	1	255	2	24202	3	1.00.0000	1.07.0000	1.07.0000	1.07.0000
14203	傳奇	1	130943	478	1	255	2	24203	3	1.00.0000	1.07.0000	1.07.0000	1.07.0000
14204	傳奇	1	130943	478	1	255	2	24204	3	1.00.0000	1.07.0000	1.07.0000	1.07.0000
14205	傳奇	1	130943	478	1	255	2	24205	3	1.00.0000	1.07.0000	1.07.0000	1.07.0000
14206	傳奇	1	130943	478	1	255	2	24206	3	1.00.0000	1.07.0000	1.07.0000	1.07.0000
14207	傳奇	1	130943	478	1	255	2	24207	3	1.00.0000	1.07.0000	1.07.0000	1.07.0000
14208	傳奇	1	130943	478	1	255	2	24208	3	1.00.0000	1.07.0000	1.07.0000	1.07.0000
14209	傳奇	1	130943	478	1	255	2	24209	3	1.00.0000	1.07.0000	1.07.0000	1.07.0000
14210	傳奇	1	130943	478	1	255	2	24210	3	1.00.0000	1.07.0000	1.07.0000	1.07.0000
14211	傳奇	1	130943	478	1	255	2	24211	3	1.00.0000	1.07.0000	1.07.0000	1.07.0000
14212	傳奇	1	130943	478	1	255	2	24212	3	1.00.0000	1.07.0000	1.07.0000	1.07.0000
14213	傳奇	1	130943	478	1	255	2	24213	3	1.00.0000	1.07.0000	1.07.0000	1.07.0000
14214	傳奇	1	130943	478	1	255	2	24214	3	1.00.0000	1.07.0000	1.07.0000	1.07.0000
14215	傳奇	1	130943	478	1	255	2	24215	3	1.00.0000	1.07.0000	1.07.0000	1.07.0000
14216	傳奇	1	130943	478	1	255	2	24216	3	1.00.0000	1.07.0000	1.07.0000	1.07.0000
14217	傳奇	1	130943	478	1	255	2	24217	3	1.00.0000	1.07.0000	1.07.0000	1.07.0000
14218	傳奇	1	130943	478	1	255	2	24218	3	1.00.0000	1.07.0000	1.07.0000	1.07.0000
14219	傳奇	1	130943	478	1	255	2	24219	3	1.00.0000	1.07.0000	1.07.0000	1.07.0000
14220	傳奇	1	130943	478	1	255	2	24220	3	1.00.0000	1.07.0000	1.07.0000	1.07.0000
14221	傳奇	1	130943	478	1	255	2	24221	3	1.00.0000	1.07.0000	1.07.0000	1.07.0000
14222	傳奇	1	130943	478	1	255	2	24222	3	1.00.0000	1.07.0000	1.07.0000	1.07.0000
14223	傳奇	1	130943	478	1	255	2	24223	3	1.00.0000	1.07.0000	1.07.0000	1.07.0000
14224	傳奇	1	130943	478	1	255	2	24224	3	1.00.0000	1.07.0000	1.07.0000	1.07.0000
14225	傳奇	1	130943	478	1	255	2	24225	3	1.00.0000	1.07.0000	1.07.0000	1.07.0000
14226	傳奇	1	130943	478	1	255	2	24226	3	1.00.0000	1.07.0000	1.07.0000	1.07.0000
14227	傳奇	1	130943	478	1	255	2	24227	3	1.00.0000	1.07.0000	1.07.0000	1.07.0000
14228	傳奇	1	130943	478	1	255	2	24228	3	1.00.0000	1.07.0000	1.07.0000	1.07.0000
14229	傳奇	1	130943	478	1	255	2	24229	3	1.00.0000	1.07.0000	1.07.0000	1.07.0000
14230	傳奇	1	130943	478	1	255	2	24230	3	1.00.0000	1.07.0000	1.07.0000	1.07.0000
14231	傳奇	1	130943	478	1	255	2	24231	3	1.00.0000	1.07.0000	1.07.0000	1.07.0000
14232	傳奇	1	130943	478	1	255	2	24232	3	1.00.0000	1.07.0000	1.07.0000	1.07.0000
14233	傳奇	1	130943	478	1	255	2	24233	3	1.00.0000	1.07.0000	1.07.0000	1.07.0000
14234	傳奇	1	130943	478	1	255	2	24234	3	1.00.0000	1.07.0000	1.07.0000	1.07.0000
14235	傳奇	1	130943	478	1	255	2	24235	3	1.00.0000	1.07.0000	1.07.0000	1.07.0000
14236	傳奇	1	130943	478	1	255	2	24236	3	1.00.0000	1.07.0000	1.07.0000	1.07.0000
14237	傳奇	1	130943	478	1	255	2	24237	3	1.00.0000	1.07.0000	1.07.0000	1.07.0000
14238	傳奇	1	130943	478	1	255	2	24238	3	1.00.0000	1.07.0000	1.07.0000	1.07.0000
14239	傳奇	1	130943	478	1	255	2	24239	3	1.00.0000	1.07.0000	1.07.0000	1.07.0000
14240	傳奇	1	130943	478	1	255	2	24240	3	1.00.0000	1.07.0000	1.07.0000	1.07.0000
14241	傳奇	1	130943	478	1	255	2	24241	3	1.00.0000	1.07.0000	1.07.0000	1.07.0000
14242	傳奇	1	130943	478	1	255	2	24242	3	1.00.0000	1.07.0000	1.07.0000	1.07.0000
14243	傳奇	1	130943	478	1	255	2	24243	3	1.00.0000	1.07.0000	1.07.0000	1.07.0000
14244	傳奇	1	130943	478	1	255	2	24244	3	1.00.0000	1.07.0000	1.07.0000	1.07.0000
14245	傳奇	1	130943	478	1	255	2	24245	3	1.00.0000	1.07.0000	1.07.0000	1.07.0000
14246	傳奇	1	130943	478	1	255	2	24246	3	1.00.0000	1.07.0000	1.07.0000	1.07.0000
14247	傳奇	1	130943	478	1	255	2	24247	3	1.00.0000	1.07.0000	1.07.0000	1.07.0000
14248	傳奇	1	130943	478	1	255	2	24248	3	1.00.0000	1.07.0000	1.07.0000	1.07.0000
14249	傳奇	1	130943	478	1	255	2	24249	3	1.00.0000	1.07.0000	1.07.0000	1.07.0000
14250	傳奇	1	130943	478	1	255	2	24250	3	1.00.0000	1.07.0000	1.07.0000	1.07.0000
14251	傳奇	1	130943	478	1	255	2	24251	3	1.00.0000	1.07.0000	1.07.0000	1.07.0000
14252	傳奇	1	130943	478	1	255	2	24252	3	1.00.0000	1.07.0000	1.07.0000	1.07.0000
14253	傳奇	1	130943	478	1	255	2	24253	3	1.00.0000	1.07.0000	1.07.0000	1.07.0000
14254	傳奇	1	130943	478	1	255	2	24254	3	1.00.0000	1.07.0000	1.07.0000	1.07.0000
14255	傳奇	1	130943	478	1	255	2	24255	3	1.00.0000	1.07.0000	1.07.0000	1.07.0000
14256	傳奇	1	130943	478	1	255	2	24256	3	1.00.0000	1.07.0000	1.07.0000	1.07.0000
14257	傳奇	1	130943	478	1	255	2	24257	3	1.00.0000	1.07.0000	1.07.0000	1.07.0000
14258	傳奇	1	130943	478	1	255	2	24258	3	1.00.0000	1.07.0000	1.07.0000	1.07.0000
14259	傳奇	1	130943	478	1	255	2	24259	3	1.00.0000	1.07.0000	1.07.0000	1.07.0000
14260	傳奇	1	130943	478	1	255	2	24260	3	1.00.0000	1.07.0000	1.07.0000	1.07.0000
14261	傳奇	1	130943	478	1	255	2	24261	3	1.00.0000	1.07.0000	1.07.0000	1.07.0000
14262	傳奇	1	130943	478	1	255	2	24262	3	1.00.0000	1.07.0000	1.07.0000	1.07.0000
14263	傳奇	1	130943	478	1	255	2	24263	3	1.00.0000	1.07.0000	1.07.0000	1.07.0000
14264	傳奇	1	130943	478	1	255	2	24264	3	1.00.0000	1.07.0000	1.07.0000	1.07.0000
14265	傳奇	1	130943	478	1	255	2	24265	3	1.00.0000	1.07.0000	1.07.0000	1.07.0000
14266	傳奇	1	130943	478	1	255	2	24266	3	1.00.0000	1.07.0000	1.07.0000	1.07.0000
14267	傳奇	1	130943	478	1	255	2	24267	3	1.00.0000	1.07.0000	1.07.0000	1.07.0000
14268	傳奇	1	130943	478	1	255	2	24268	3	1.00.0000	1.07.0000	1.07.0000	1.07.0000
14269	傳奇	1	130943	478	1	255	2	24269	3	1.00.0000	1.07.0000	1.07.0000	1.07.0000
14270	傳奇	1	130943	478	1	255	2	24270	3	1.00.0000	1.07.0000	1.07.0000	1.07.0000
14271	傳奇	1	130943	478	1	255	2	24271	3	1.00.0000	1.07.0000	1.07.0000	1.07.0000
14272	傳奇	1	130943	478	1	255	2	24272	3	1.00.0000	1.07.0000	1.07.0000	1.07.0000
14273	傳奇	1	130943	478	1	255	2	24273	3	1.00.0000	1.07.0000	1.07.0000	1.07.0000
14274	傳奇	1	130943	478	1	255	2	24274	3	1.00.0000	1.07.0000	1.07.0000	1.07.0000
14275	傳奇	1	130943	478	1	255	2	24275	3	1.00.0000	1.07.0000	1.07.0000	1.07.0000
14276	傳奇	1	130943	478	1	255	2	24276	3	1.00.0000	1.07.0000	1.07.0000	1.07.0000
14277	傳奇	1	130943	478	1	255	2	24277	3	1.00.0000	1.07.0000	1.07.0000	1.07.0000
14278	傳奇	1	130943	478	1	255	2	24278	3	1.00.0000	1.07.0000	1.07.0000	1.07.0000
14279	傳奇	1	130943	478	1	255	2	24279	3	1.00.0000	1.07.0000	1.07.0000	1.07.0000
14280	傳奇	1	130943	478	1	255	2	24280	3	1.00.0000	1.07.0000	1.07.0000	1.07.0000
14281	傳奇	1	130943	478	1	255	2	24281	3	1.00.0000	1.07.0000	1.07.0000	1.07.0000
14282	傳奇	1	130943	478	1	255	2	24282	3	1.00.0000	1.07.0000	1.07.0000	1.07.0000
14283	傳奇	1	130943	478	1	255	2	24283	3	1.00.0000	1.07.0000	1.07.0000	1.07.0000
14284	傳奇	1	130943	478	1	255	2	24284	3	1.00.0000	1.07.0000	1.07.0000	1.07.0000
14285	傳奇	1	130943	478	1	255	2	24285	3	1.00.0000	1.07.0000	1.07.0000	1.07.0000
14286	傳奇	1	130943	478	1	255	2	24286	3	1.00.0000	1.07.0000	1.07.0000	1.07.0000
14287	傳奇	1	130943	478	1	255	2	24287	3	1.00.0000	1.07.0000	1.07.0000	1.07.0000
14288	傳奇	1	130943	478	1	255	2	24288	3	1.00.0000	1.07.0000	1.07.0000	1.07.0000
14289	傳奇	1	130943	478	1	255	2	24289	3	1.00.0000	1.07.0000	1.07.0000	1.07.0000
14290	傳奇	1	130943	478	1	255	2	24290	3	1.00.0000	1.07.0000	1.07.0000	1.07.0000
14291	傳奇	1	130943	478	1	255	2	24291	3	1.00.0000	1.07.0000	1.07.0000	1.07.0000
14292	傳奇	1	130943	478	1	255	2	24292	3	1.00.0000	1.07.0000	1.07.0000	1.07.0000
14293	傳奇	1	130943	478	1	255	2	24293	3	1.00.0000	1.07.0000	1.07.0000	1.07.0000
14294	傳奇	1	130943	478	1	255	2	24294	3	1.00.0000	1.07.0000	1.07.0000	1.07.0000
14295	傳奇	1	130943	478	1	255	2	24295	3	1.00.0000	1.07.0000	1.07.0000	1.07.0000
14296	傳奇	1	130943	478	1	255	2	24296	3	1.00.0000	1.07.0000	1.07.0000	1.07.0000
14297	傳奇	1	130943	478	1	255	2	24297	3	1.00.0000	1.07.0000	1.07.0000	1.07.0000
14298	傳奇	1	130943	478	1	255	2	24298	3	1.00.0000	1.07.0000	1.07.0000	1.07.0000
14299	傳奇	1	130943	478	1	255	2	24299	3	1.00.0000	1.07.0000	1.07.0000	1.07.0000
14300	傳奇	1	130943	478	1	255	2	24300	3	1.00.0000	1.07.0000	1.07.0000	1.07.0000
14301	傳奇	1	130943	478	1	255	2	24301	3	1.00.0000	1.07.0000	1.07.0000	1.07.0000
14302	傳奇	1	130943	478	1	255	2	24302	3	1.00.0000	1.07.0000	1.07.0000	1.07.0000
14303	傳奇	1	130943	478	1	255	2	24303	3	1.00.0000	1.07.0000	1.07.0000	1.07.0000
14304	傳奇	1	130943	478	1	255	2	24304	3	1.00.0000	1.07.0000	1.07.0000	1.07.0000
14305	傳奇	1	130943	478	1	255	2	24305	3	1.00.0000	1.07.0000	1.07.0000	1.07.0000
14306	傳奇	1	130943	478	1	255	2	24306	3	1.00.0000	1.07.0000	1.07.0000	1.07.0000
14307	傳奇	1	130943	478	1	255	2	24307	3	1.00.0000	1.07.0000	1.07.0000	1.07.0000
14308	傳奇	1	130943	478	1	255	2	24308	3	1.00.0000	1.07.0000	1.07.0000	1.07.0000
14309	傳奇	1	130943	478	1	255	2	24309	3	1.00.0000	1.07.0000	1.07.0000	1.07.0000
14310	傳奇	1	130943	478	1	255	2	24310	3	1.00.0000	1.07.0000	1.07.0000	1.07.0000
14311	傳奇	1	130943	478	1	255	2	24311	3	1.00.0000	1.07.0000	1.07.0000	1.07.0000
14312	傳奇	1	130943	478	1	255	2	24312	3	1.00.0000	1.07.0000	1.07.0000	1.07.0000
14313	傳奇	1	130943	478	1	255	2	24313	3	1.00.0000	1.07.0000	1.07.0000	1.07.0000
14314	傳奇	1	130943	478	1	255	2	24314	3	1.00.0000	1.07.0000	1.07.0000	1.07.0000
14315	傳奇	1	130943	478	1	255	2	24315	3	1.00.0000	1.07.0000	1.07.0000	1.07.0000
14316	傳奇	1	130943	478	1	255	2	24316	3	1.00.0000	1.07.0000	1.07.0000	1.07.0000
14317	傳奇	1	130943	478	1	255	2	24317	3	1.00.0000	1.07.0000	1.07.0000	1.07.0000
14318	傳奇	1	130943	478	1	255	2	24318	3	1.00.0000	1.07.0000	1.07.0000	1.07.0000
14319	傳奇	1	130943	478	1	255	2	24319	3	1.00.0000	1.07.0000	1.07.0000	1.07.0000
14320	傳奇	1	130943	478	1	255	2	24320	3	1.00.0000	1.07.0000	1.07.0000	1.07.0000
14321	傳奇	1	130943	478	1	255	2	24321	3	1.00.0000	1.07.0000	1.07.0000	1.07.0000
14322	傳奇	1	130943	478	1	255	2	24322	3	1.00.0000	1.07.0000	1.07.0000	1.07.0000
14323	傳奇	1	130943	478	1	255	2	24323	3	1.00.0000	1.07.0000	1.07.0000	1.07.0000
14324	傳奇	1	130943	478	1	255	2	24324	3	1.00.0000	1.07.0000	1.07.0000	1.07.0000
14325	傳奇	1	130943	478	1	255	2	24325	3	1.00.0000	1.07.0000	1.07.0000	1.07.0000
14326	傳奇	1	130943	478	1	255	2	24326	3	1.00.0000	1.07.0000	1.07.0000	1.07.0000
14327	傳奇	1	130943	478	1	255	2	24327	3	1.00.0000	1.07.0000	1.07.0000	1.07.0000
14328	傳奇	1	130943	478	1	255	2	24328	3	1.00.0000	1.07.0000	1.07.0000	1.07.0000
14329	傳奇	1	130943	478	1	255	2	24329	3	1.00.0000	1.07.0000	1.07.0000	1.07.0000
14330	傳奇	1	130943	478	1	255	2	24330	3	1.00.0000	1.07.0000	1.07.0000	1.07.0000
14331	傳奇	1	130943	478	1	255	2	24331	3	1.00.0000	1.07.0000	1.07.0000	1.07.0000
14332	傳奇	1	130943	478	1	255	2	24332	3	1.00.0000	1.07.0000	1.07.0000	1.07.0000
14333	傳奇	1	130943	478	1	255	2	24333	3	1.00.0000	1.07.0000	1.07.0000	1.07.0000
14334	傳奇	1	130943	478	1	255	2	24334	3	1.00.0000	1.07.0000	1.07.0000	1.07.0000
14335	傳奇	1	130943	478	1	255	2	24335	3	1.00.0000	1.07.0000	1.07.0000	1.07.0000
14336	傳奇	1	130943	478	1	255	2	24336	3	1.00.0000	1.07.0000	1.07.0000	1.07.0000
14337	傳奇	1	130943	478	1	255	2	24337	3	1.00.0000	1.07.0000	1.07.0000	1.07.0000
14338	傳奇	1	130943	478	1	255	2	24338	3	1.00.0000	1.07.0000	1.07.0000	1.07.0000
14339	傳奇	1	130943	478	1	255	2	24339	3	1.00.0000	1.07.0000	1.07.0000	1.07.0000
14340	傳奇	1	130943	478	1	255	2	24340	3	1.00.0000	1.07.0000	1.07.0000	1.07.0000
14341	傳奇	1	130943	478	1	255	2	24341	3	1.00.0000	1.07.0000	1.07.0000	1.07.0000
14342	傳奇	1	130943	478	1	255	2	24342	3	1.00.0000	1.07.0000	1.07.0000	1.07.0000
14343	傳奇	1	130943	478	1	255	2	24343	3	1.00.0000	1.07.0000	1.07.0000	1.07.0000
14344	傳奇	1	130943	478	1	255	2	24344	3	1.00.0000	1.07.0000	1.07.0000	1.07.0000
14345	傳奇	1	130943	478	1	255	2	24345	3	1.00.0000	1.07.0000	1.07.0000	1.07.0000
14346	傳奇	1	130943	478	1	255	2	24346	3	1.00.0000	1.07.0000	1.07.0000	1.07.0000
14347	傳奇	1	130943	478	1	255	2	24347	3	1.00.0000	1.07.0000	1.07.0000	1.07.0000
14348	傳奇	1	130943	478	1	255	2	24348	3	1.00.0000	1.07.0000	1.07.0000	1.07.0000
14349	傳奇	1	130943	478	1	255	2	24349	3	1.00.0000	1.07.0000	1.07.0000	1.07.0000
14350	傳奇	1	130943	478	1	255	2	24350	3	1.00.0000	1.07.0000	1.07.0000	1.07.0000
14351	傳奇	1	130943	478	1	255	2	24351	3	1.00.0000	1.07.0000	1.07.0000	1.07.0000
14352	傳奇	1	130943	478	1	255	2	24352	3	1.00.0000	1.07.0000	1.07.0000	1.07.0000
14353	傳奇	1	130943	478	1	255	2	24353	3	1.00.0000	1.07.0000	1.07.0000	1.07.0000
14354	傳奇	1	130943	478	1	255	2	24354	3	1.00.0000	1.07.0000	1.07.0000	1.07.0000
14355	傳奇	1	130943	478	1	255	2	24355	3	1.00.0000	1.07.0000	1.07.0000	1.07.0000
14356	傳奇	1	130943	478	1	255	2	24356	3	1.00.0000	1.07.0000	1.07.0000	1.07.0000
14357	傳奇	1	130943	478	1	255	2	24357	3	1.00.0000	1.07.0000	1.07.0000	1.07.0000
14358	傳奇	1	130943	478	1	255	2	24358	3	1.00.0000	1.07.0000	1.07.0000	1.07.0000
14359	傳奇	1	130943	478	1	255	2	24359	3	1.00.0000	1.07.0000	1.07.0000	1.07.0000
14360	傳奇	1	130943	478	1	255	2	24360	3	1.00.0000	1.07.0000	1.07.0000	1.07.0000
14361	傳奇	1	130943	478	1	255	2	24361	3	1.00.0000	1.07.0000	1.07.0000	1.07.0000
14362	傳奇	1	130943	478	1	255	2	24362	3	1.00.0000	1.07.0000	1.07.0000	1.07.0000
14363	傳奇	1	130943	478	1	255	2	24363	3	1.00.0000	1.07.0000	1.07.0000	1.07.0000
14364	傳奇	1	130943	478	1	255	2	24364	3	1.00.0000	1.07.0000	1.07.0000	1.07.0000
14365	傳奇	1	130943	478	1	255	2	24365	3	1.00.0000	1.07.0000	1.07.0000	1.07.0000
14366	傳奇	1	130943	478	1	255	2	24366	3	1.00.0000	1.07.0000	1.07.0000	1.07.0000
14367	傳奇	1	130943	478	1	255	2	24367	3	1.00.0000	1.07.0000	1.07.0000	1.07.0000
14368	傳奇	1	130943	478	1	255	2	24368	3	1.00.0000	1.07.0000	1.07.0000	1.07.0000
14369	傳奇	1	130943	478	1	255	2	24369	3	1.00.0000	1.07.0000	1.07.0000	1.07.0000
14370	傳奇	1	130943	478	1	255	2	24370	3	1.00.0000	1.07.0000	1.07.0000	1.07.0000
14371	傳奇	1	130943	478	1	255	2	24371	3	1.00.0000	1.07.0000	1.07.0000	1.07.0000
14372	傳奇	1	130943	478	1	255	2	24372	3	1.00.0000	1.07.0000	1.07.0000	1.07.0000
14373	傳奇	1	130943	478	1	255	2	24373	3	1.00.0000	1.07.0000	1.07.0000	1.07.0000
14374	傳奇	1	130943	478	1	255	2	24374	3	1.00.0000	1.07.0000	1.07.0000	1.07.0000
14375	傳奇	1	130943	478	1	255	2	24375	3	1.00.0000	1.07.0000	1.07.0000	1.07.0000
14376	傳奇	1	130943	478	1	255	2	24376	3	1.00.0000	1.07.0000	1.07.0000	1.07.0000
14377	傳奇	1	130943	478	1	255	2	24377	3	1.00.0000	1.07.0000	1.07.0000	1.07.0000
14378	傳奇	1	130943	478	1	255	2	24378	3	1.00.0000	1.07.0000	1.07.0000	1.07.0000
14379	傳奇	1	130943	478	1	255	2	24379	3	1.00.0000	1.07.0000	1.07.0000	1.07.0000
14380	傳奇	1	130943	478	1	255	2	24380	3	1.00.0000	1.07.0000	1.07.0000	1.07.0000
14381	傳奇	1	130943	478	1	255	2	24381	3	1.00.0000	1.07.0000	1.07.0000	1.07.0000
14382	傳奇	1	130943	478	1	255	2	24382	3	1.00.0000	1.07.0000	1.07.0000	1.07.0000
14383	傳奇	1	130943	478	1	255	2	24383	3	1.00.0000	1.07.0000	1.07.0000	1.07.0000
14384	傳奇	1	130943	478	1	255	2	24384	3	1.00.0000	1.07.0000	1.07.0000	1.07.0000
14385	傳奇	1	130943	478	1	255	2	24385	3	1.00.0000	1.07.0000	1.07.0000	1.07.0000
14386	傳奇	1	130943	478	1	255	2	24386	3	1.00.0000	1.07.0000	1.07.0000	1.07.0000
14387	傳奇	1	130943	478	1	255	2	24387	3	1.00.0000	1.07.0000	1.07.0000	1.07.0000
14388	傳奇	1	130943	478	1	255	2	24388	3	1.00.0000	1.07.0000	1.07.0000	1.07.0000
14389	傳奇	1	130943	478	1	255	2	24389	3	1.00.0000	1.07.0000	1.07.0000	1.07.0000
14390	傳奇	1	130943	478	1	255	2	24390	3	1.00.0000	1.07.0000	1.07.0000	1.07.0000
14391	傳奇	1	130943	478	1	255	2	24391	3	1.00.0000	1.07.0000	1.07.0000	1.07.0000
14392	傳奇	1	130943	478	1	255	2	24392	3	1.00.0000	1.07.0000	1.07.0000	1.07.0000
14393	傳奇	1	130943	478	1	255	2	24393	3	1.00.0000	1.07.0000	1.07.0000	1.07.0000
14394	傳奇	1	130943	478	1	255	2	24394	3	1.00.0000	1.07.0000	1.07.0000	1.07.0000
14395	傳奇	1	130943	478	1	255	2	24395	3	1.00.0000	1.07.0000	1.07.0000	1.07.0000
14396	傳奇	1	130943	478	1	255	2	24396	3	1.00.0000	1.07.0000	1.07.0000	1.07.0000
14397	傳奇	1	130943	478	1	255	2	24397	3	1.00.0000	1.07.0000	1.07.0000	1.07.0000
14398	傳奇	1	130943	478	1	255	2	24398	3	1.00.0000	1.07.0000	1.07.0000	1.07.0000
14399	傳奇	1	130943	478	1	255	2	24399	3	1.00.0000	1.07.0000	1.07.0000	1.07.0000
14400	傳奇	1	130943	478	1	255	2	24400	3	1.00.0000	1.07.0000	1.07.0000	1.07.0000
14401	傳奇	1	130943	478	1	255	2	24401	3	1.00.0000	1.07.0000	1.07.0000	1.07.0000
14402	傳奇	1	130943	478	1	255	2	24402	3	1.00.0000	1.07.0000	1.07.0000	1.07.0000
14403	傳奇	1	130943	478	1	255	2	24403	3	1.00.0000	1.07.0000	1.07.0000	1.07.0000
14404	傳奇	1	130943	478	1	255	2	24404	3	1.00.0000	1.07.0000	1.07.0000	1.07.0000
14405	傳奇	1	130943	478	1	255	2	24405	3	1.00.0000	1.07.0000	1.07.0000	1.07.0000
14406	傳奇	1	130943	478	1	255	2	24406	3	1.00.0000	1.07.0000	1.07.0000	1.07.0000
14407	傳奇	1	130943	478	1	255	2	24407	3	1.00.0000	1.07.0000	1.07.0000	1.07.0000
14408	傳奇	1	130943	478	1	255	2	24408	3	1.00.0000	1.07.0000	1.07.0000	1.07.0000
14409	傳奇	1	130943	478	1	255	2	24409	3	1.00.0000	1.07.0000	1.07.0000	1.07.0000
14410	傳奇	1	130943	478	1	255	2	24410	3	1.00.0000	1.07.0000	1.07.0000	1.07.0000
14411	傳奇	1	130943	478	1	255	2	24411	3	1.00.0000	1.07.0000	1.07.0000	1.07.0000
14412	傳奇	1	130943	478	1	255	2	24412	3	1.00.0000	1.07.0000	1.07.0000	1.07.0000
14413	傳奇	1	130943	478	1	255	2	24413	3	1.00.0000	1.07.0000	1.07.0000	1.07.0000
14414	傳奇	1	130943	478	1	255	2	24414	3	1.00.0000	1.07.0000	1.07.0000	1.07.0000
14415	傳奇	1	130943	478	1	255	2	24415	3	1.00.0000	1.07.0000	1.07.0000	1.07.0000
14416	傳奇	1	130943	478	1	255	2	24416	3	1.00.0000	1.07.0000	1.07.0000	1.07.0000
14417	傳奇	1	130943	478	1	255	2	24417	3	1.00.0000	1.07.0000	1.07.0000	1.07.0000
14418	傳奇	1	130943	478	1	255	2	24418	3	1.00.0000	1.07.0000	1.07.0000	1.07.0000
14419	傳奇	1	130943	478	1	255	2	24419	3	1.00.0000	1.07.0000	1.07.0000	1.07.0000
14420	傳奇	1	130943	478	1	255	2	24420	3	1.00.0000	1.07.0000	1.07.0000	1.07.0000
14421	傳奇	1	130943	478	1	255	2	24421	3	1.00.0000	1.07.0000	1.07.0000	1.07.0000
14422	傳奇	1	130943	478	1	255	2	24422	3	1.00.0000	1.07.0000	1.07.0000	1.07.0000
14423	傳奇	1	130943	478	1	255	2	24423	3	1.00.0000	1.07.0000	1.07.0000	1.07.0000
14424	傳奇	1	130943	478	1	255	2	24424	3	1.00.0000	1.07.0000	1.07.0000	1.07.0000
14425	傳奇	1	130943	478	1	255	2	24425	3	1.00.0000	1.07.0000	1.07.0000	1.07.0000
14426	傳奇	1	130943	478	1	255	2	24426	3	1.00.0000	1.07.0000	1.07.0000	1.07.0000
14427	傳奇	1	130943	478	1	255	2	24427	3	1.00.0000	1.07.0000	1.07.0000	1.07.0000
14428	傳奇	1	130943	478	1	255	2	24428	3	1.00.0000	1.07.0000	1.07.0000	1.07.0000
14429	傳奇	1	130943	478	1	255	2	24429	3	1.00.0000	1.07.0000	1.07.0000	1.07.0000
14430	傳奇	1	130943	478	1	255	2	24430	3	1.00.0000	1.07.0000	1.07.0000	1.07.0000
14431	傳奇	1	130943	478	1	255	2	24431	3	1.00.0000	1.07.0000	1.07.0000	1.07.0000
14432	傳奇	1	130943	478	1	255	2	24432	3	1.00.0000	1.07.0000	1.07.0000	1.07.0000
14433	傳奇	1	130943	478	1	255	2	24433	3	1.00.0000	1.07.0000	1.07.0000	1.07.0000
14434	傳奇	1	130943	478	1	255	2	24434	3	1.00.0000	1.07.0000	1.07.0000	1.07.0000
14435	傳奇	1	130943	478	1	255	2	24435	3	1.00.0000	1.07.0000	1.07.0000	1.07.0000
14436	傳奇	1	130943	478	1	255	2	24436	3	1.00.0000	1.07.0000	1.07.0000	1.07.0000
14437	傳奇	1	130943	478	1	255	2	24437	3	1.00.0000	1.07.0000	1.07.0000	1.07.0000
14438	傳奇	1	130943	478	1	255	2	24438	3	1.00.0000	1.07.0000	1.07.0000	1.07.0000
14439	傳奇	1	130943	478	1	255	2	24439	3	1.00.0000	1.07.0000	1.07.0000	1.07.0000
14440	傳奇	1	130943	478	1	255	2	24440	3	1.00.0000	1.07.0000	1.07.0000	1.07.0000
14441	傳奇	1	130943	478	1	255	2	24441	3	1.00.0000	1.07.0000	1.07.0000	1.07.0000
14442	傳奇	1	130943	478	1	255	2	24442	3	1.00.0000	1.07.0000	1.07.0000	1.07.0000
14443	傳奇	1	130943	478	1	255	2	24443	3	1.00.0000	1.07.0000	1.07.0000	1.07.0000
14444	傳奇	1	130943	478	1	255	2	24444	3	1.00.0000	1.07.0000	1.07.0000	1.07.0000
14445	傳奇	1	130943	478	1	255	2	24445	3	1.00.0000	1.07.0000	1.07.0000	1.07.0000
14446	傳奇	1	130943	478	1	255	2	24446	3	1.00.0000	1.07.0000	1.07.0000	1.07.0000
14447	傳奇	1	130943	478	1	255	2	24447	3	1.00.0000	1.07.0000	1.07.0000	1.07.0000
14448	傳奇	1	130943	478	1	255	2	24448	3	1.00.0000	1.07.0000	1.07.0000	1.07.0000
14449	傳奇	1	130943	478	1	255	2	24449	3	1.00.0000	1.07.0000	1.07.0000	1.07.0000
14450	傳奇	1	130943	478	1	255	2	24450	3	1.00.0000	1.07.0000	1.07.0000	1.07.0000
14451	傳奇	1	130943	478	1	255	2	24451	3	1.00.0000	1.07.0000	1.07.0000	1.07.0000
14452	傳奇	1	130943	478	1	255	2	24452	3	1.00.0000	1.07.0000	1.07.0000	1.07.0000
14453	傳奇	1	130943	478	1	255	2	24453	3	1.00.0000	1.07.0000	1.07.0000	1.07.0000
14454	傳奇	1	130943	478	1	255	2	24454	3	1.00.0000	1.07.0000	1.07.0000	1.07.0000
14455	傳奇	1	130943	478	1	255	2	24455	3	1.00.0000	1.07.0000	1.07.0000	1.07.0000
14456	傳奇	1	130943	478	1	255	2	24456	3	1.00.0000	1.07.0000	1.07.0000	1.07.0000
14457	傳奇	1	130943	478	1	255	2	24457	3	1.00.0000	1.07.0000	1.07.0000	1.07.0000
14458	傳奇	1	130943	478	1	255	2	24458	3	1.00.0000	1.07.0000	1.07.0000	1.07.0000
14459	傳奇	1	130943	478	1	255	2	24459	3	1.00.0000	1.07.0000	1.07.0000	1.07.0000
14460	傳奇	1	130943	478	1	255	2	24460	3	1.00.0000	1.07.0000	1.07.0000	1.07.0000
14461	傳奇	1	130943	478	1	255	2	24461	3	1.00.0000	1.07.0000	1.07.0000	1.07.0000
14462	傳奇	1	130943	478	1	255	2	24462	3	1.00.0000	1.07.0000	1.07.0000	1.07.0000
14463	傳奇	1	130943	478	1	255	2	24463	3	1.00.0000	1.07.0000	1.07.0000	1.07.0000
14464	傳奇	1	130943	478	1	255	2	24464	3	1.00.0000	1.07.0000	1.07.0000	1.07.0000
14465	傳奇	1	130943	478	1	255	2	24465	3	1.00.0000	1.07.0000	1.07.0000	1.07.0000
14466	傳奇	1	130943	478	1	255	2	24466	3	1.00.0000	1.07.0000	1.07.0000	1.07.0000
14467	傳奇	1	130943	478	1	255	2	24467	3	1.00.0000	1.07.0000	1.07.0000	1.07.0000
14468	傳奇	1	130943	478	1	255	2	24468	3	1.00.0000	1.07.0000	1.07.0000	1.07.0000
14469	傳奇	1	130943	478	1	255	2	24469	3	1.00.0000	1.07.0000	1.07.0000	1.07.0000
14470	傳奇	1	130943	478	1	255	2	24470	3	1.00.0000	1.07.0000	1.07.0000	1.07.0000
14471	傳奇	1	130943	478	1	255	2	24471	3	1.00.0000	1.07.0000	1.07.0000	1.07.0000
14472	傳奇	1	130943	478	1	255	2	24472	3	1.00.0000	1.07.0000	1.07.0000	1.07.0000
14473	傳奇	1	130943	478	1	255	2	24473	3	1.00.0000	1.07.0000	1.07.0000	1.07.0000
14474	傳奇	1	130943	478	1	255	2	24474	3	1.00.0000	1.07.0000	1.07.0000	1.07.0000
14475	傳奇	1	130943	478	1	255	2	24475	3	1.00.0000	1.07.0000	1.07.0000	1.07.0000
14476	傳奇	1	130943	478	1	255	2	24476	3	1.00.0000	1.07.0000	1.07.0000	1.07.0000
14477	傳奇	1	130943	478	1	255	2	24477	3	1.00.0000	1.07.0000	1.07.0000	1.07.0000
14478	傳奇	1	130943	478	1	255	2	24478	3	1.00.0000	1.07.0000	1.07.0000	1.07.0000
14479	傳奇	1	130943	478	1	255	2	24479	3	1.00.0000	1.07.0000	1.07.0000	1.07.0000
14480	傳奇	1	130943	478	1	255	2	24480	3	1.00.0000	1.07.0000	1.07.0000	1.07.0000
14481	傳奇	1	130943	478	1	255	2	24481	3	1.00.0000	1.07.0000	1.07.0000	1.07.0000
14482	傳奇	1	130943	478	1	255	2	24482	3	1.00.0000	1.07.0000	1.07.0000	1.07.0000
14483	傳奇	1	130943	478	1	255	2	24483	3	1.00.0000	1.07.0000	1.07.0000	1.07.0000
14484	傳奇	1	130943	478	1	255	2	24484	3	1.00.0000	1.07.0000	1.07.0000	1.07.0000
14485	傳奇	1	130943	478	1	255	2	24485	3	1.00.0000	1.07.0000	1.07.0000	1.07.0000
14486	傳奇	1	130943	478	1	255	2	24486	3	1.00.0000	1.07.0000	1.07.0000	1.07.0000
14487	傳奇	1	130943	478	1	255	2	24487	3	1.00.0000	1.07.0000	1.07.0000	1.07.0000
14488	傳奇	1	130943	478	1	255	2	24488	3	1.00.0000	1.07.0000	1.07.0000	1.07.0000
14489	傳奇	1	130943	478	1	255	2	24489	3	1.00.0000	1.07.0000	1.07.0000	1.07.0000
14490	傳奇	1	130943	478	1	255	2	24490	3	1.00.0000	1.07.0000	1.07.0000	1.07.0000
14491	傳奇	1	130943	478	1	255	2	24491	3	1.00.0000	1.07.0000	1.07.0000	1.07.0000
14492	傳奇	1	130943	478	1	255	2	24492	3	1.00.0000	1.07.0000	1.07.0000	1.07.0000
14493	傳奇	1	130943	478	1	255	2	24493	3	1.00.0000	1.07.0000	1.07.0000	1.07.0000
14494	傳奇	1	130943	478	1	255	2	24494	3	1.00.0000	1.07.0000	1.07.0000	1.07.0000
14495	傳奇	1	130943	478	1	255	2	24495	3	1.00.0000	1.07.0000	1.07.0000	1.07.0000
14496	傳奇	1	130943	478	1	255	2	24496	3	1.00.0000	1.07.0000	1.07.0000	1.07.0000
14497	傳奇	1	130943	478	1	255	2	24497	3	1.00.0000	1.07.0000	1.07.0000	1.07.0000
14498	傳奇	1	130943	478	1	255	2	24498	3	1.00.0000	1.07.0000	1.07.0000	1.07.0000
14499	傳奇	1	130943	478	1	255	2	24499	3	1.00.0000	1.07.0000	1.07.0000	1.07.0000
14500	傳奇	1	130943	478	1	255	2	24500	3	1.00.0000	1.07.0000	1.07.0000	1.07.0000
14501	傳奇	1	130943	478	1	255	2	24501	3	1.00.0000	1.07.0000	1.07.0000	1.07.0000
14502	傳奇	1	130943	478	1	255	2	24502	3	1.00.0000	1.07.0000	1.07.0000	1.07.0000
14503	傳奇	1	130943	478	1	255	2	24503	3	1.00.0000	1.07.0000	1.07.0000	1.07.0000
14504	傳奇	1	130943	478	1	255	2	24504	3	1.00.0000	1.07.0000	1.07.0000	1.07.0000
14505	傳奇	1	130943	478	1	255	2	24505	3	1.00.0000	1.07.0000	1.07.0000	1.07.0000
14506	傳奇	1	130943	478	1	255	2	24506	3	1.00.0000	1.07.0000	1.07.0000	1.07.0000
14507	傳奇	1	130943	478	1	255	2	24507	3	1.00.0000	1.07.0000	1.07.0000	1.07.0000
14508	傳奇	1	130943	478	1	255	2	24508	3	1.00.0000	1.07.0000	1.07.0000	1.07.0000
14509	傳奇	1	130943	478	1	255	2	24509	3	1.00.0000	1.07.0000	1.07.0000	1.07.0000
14510	傳奇	1	130943	478	1	255	2	24510	3	1.00.0000	1.07.0000	1.07.0000	1.07.0000
14511	傳奇	1	130943	478	1	255	2	24511	3	1.00.0000	1.07.0000	1.07.0000	1.07.0000
14512	傳奇	1	130943	478	1	255	2	24512	3	1.00.0000	1.07.0000	1.07.0000	1.07.0000
14513	傳奇	1	130943	478	1	255	2	24513	3	1.00.0000	1.07.0000	1.07.0000	1.07.0000
14514	傳奇	1	130943	478	1	255	2	24514	3	1.00.0000	1.07.0000	1.07.0000	1.07.0000
14515	傳奇	1	130943	478	1	255	2	24515	3	1.00.0000	1.07.0000	1.07.0000	1.07.0000
14516	傳奇	1	130943	478	1	255	2	24516	3	1.00.0000	1.07.0000	1.07.0000	1.07.0000
14517	傳奇	1	130943	478	1	255	2	24517	3	1.00.0000	1.07.0000	1.07.0000	1.07.0000
14518	傳奇	1	130943	478	1	255	2	24518	3	1.00.0000	1.07.0000	1.07.0000	1.07.0000
14519	傳奇	1	130943	478	1	255	2	24519	3	1.00.0000	1.07.0000	1.07.0000	1.07.0000
14520	傳奇	1	130943	478	1	255	2	24520	3	1.00.0000	1.07.0000	1.07.0000	1.07.0000
14521	傳奇	1	130943	478	1	255	2	24521	3	1.00.0000	1.07.0000	1.07.0000	1.07.0000
14522	傳奇	1	130943	478	1	255	2	24522	3	1.00.0000	1.07.0000	1.07.0000	1.07.0000
14523	傳奇	1	130943	478	1	255	2	24523	3	1.00.0000	1.07.0000	1.07.0000	1.07.0000
14524	傳奇	1	130943	478	1	255	2	24524	3	1.00.0000	1.07.0000	1.07.0000	1.07.0000
14525	傳奇	1	130943	478	1	255	2	24525	3	1.00.0000	1.07.0000	1.07.0000	1.07.0000
14526	傳奇	1	130943	478	1	255	2	24526	3	1.00.0000	1.07.0000	1.07.0000	1.07.0000
14527	傳奇	1	130943	478	1	255	2	24527	3	1.00.0000	1.07.0000	1.07.0000	1.07.0000
14528	傳奇	1	130943	478	1	255	2	24528	3	1.00.0000	1.07.0000	1.07.0000	1.07.0000
14529	傳奇	1	130943	478	1	255	2	24529	3	1.00.0000	1.07.0000	1.07.0000	1.07.0000
14530	傳奇	1	130943	478	1	255	2	24530	3	1.00.0000	1.07.0000	1.07.0000	1.07.0000
14531	傳奇	1	130943	478	1	255	2	24531	3	1.00.0000	1.07.0000	1.07.0000	1.07.0000
14532	傳奇	1	130943	478	1	255	2	24532	3	1.00.0000	1.07.0000	1.07.0000	1.07.0000
14533	傳奇	1	130943	478	1	255	2	24533	3	1.00.0000	1.07.0000	1.07.0000	1.07.0000
14534	傳奇	1	130943	478	1	255	2	24534	3	1.00.0000	1.07.0000	1.07.0000	1.07.0000
14535	傳奇	1	130943	478	1	255	2	24535	3	1.00.0000	1.07.0000	1.07.0000	1.07.0000
14536	傳奇	1	130943	478	1	255	2	24536	3	1.00.0000	1.07.0000	1.07.0000	1.07.0000
14537	傳奇	1	130943	478	1	255	2	24537	3	1.00.0000	1.07.0000	1.07.0000	1.07.0000
14538	傳奇	1	130943	478	1	255	2	24538	3	1.00.0000	1.07.0000	1.07.0000	1.07.0000
14539	傳奇	1	130943	478	1	255	2	24539	3	1.00.0000	1.07.0000	1.07.0000	1.07.0000
14540	傳奇	1	130943	478	1	255	2	24540	3	1.00.0000	1.07.0000	1.07.0000	1.07.0000
14541	傳奇	1	130943	478	1	255	2	24541	3	1.00.0000	1.07.0000	1.07.0000	1.07.0000
14542	傳奇	1	130943	478	1	255	2	24542	3	1.00.0000	1.07.0000	1.07.0000	1.07.0000
14543	傳奇	1	130943	478	1	255	2	24543	3	1.00.0000	1.07.0000	1.07.0000	1.07.0000
14544	傳奇	1	130943	478	1	255	2	24544	3	1.00.0000	1.07.0000	1.07.0000	1.07.0000
14545	傳奇	1	130943	478	1	255	2	24545	3	1.00.0000	1.07.0000	1.07.0000	1.07.0000
14546	傳奇	1	130943	478	1	255	2	24546	3	1.00.0000	1.07.0000	1.07.0000	1.07.0000
14547	傳奇	1	130943	478	1	255	2	24547	3	1.00.0000	1.07.0000	1.07.0000	1.07.0000
14548	傳奇	1	130943	478	1	255	2	24548	3	1.00.0000	1.07.0000	1.07.0000	1.07.0000
14549	傳奇	1	130943	478	1	255	2	24549	3	1.00.0000	1.07.0000	1.07.0000	1.07.0000
14550	傳奇	1	130943	478	1	255	2	24550	3	1.00.0000	1.07.0000	1.07.0000	1.07.0000
14551	傳奇	1	130943	478	1	255	2	24551	3	1.00.0000	1.07.0000	1.07.0000	1.07.0000
14552	傳奇	1	130943	478	1	255	2	24552	3	1.00.0000	1.07.0000	1.07.0000	1.07.0000
14553	傳奇	1	130943	478	1	255	2	24553	3	1.00.0000	1.07.0000	1.07.0000	1.07.0000
14554	傳奇	1	130943	478	1	255	2	24554	3	1.00.0000	1.07.0000	1.07.0000	1.07.0000
14555	傳奇	1	130943	478	1	255	2	24555	3	1.00.0000	1.07.0000	1.07.0000	1.07.0000
14556	傳奇	1	130943	478	1	255	2	24556	3	1.00.0000	1.07.0000	1.07.0000	1.07.0000
14557	傳奇	1	130943	478	1	255	2	24557	3	1.00.0000	1.07.0000	1.07.0000	1.07.0000
14558	傳奇	1	130943	478	1	255	2	24558	3	1.00.0000	1.07.0000	1.07.0000	1.07.0000
14559	傳奇	1	130943	478	1	255	2	24559	3	1.00.0000	1.07.0000	1.07.0000	1.07.0000
14560	傳奇	1	130943	478	1	255	2	24560	3	1.00.0000	1.07.0000	1.07.0000	1.07.0000
14561	傳奇	1	130943	478	1	255	2	24561	3	1.00.0000	1.07.0000	1.07.0000	1.07.0000
14562	傳奇	1	130943	478	1	255	2	24562	3	1.00.0000	1.07.0000	1.07.0000	1.07.0000
14563	傳奇	1	130943	478	1	255	2	24563	3	1.00.0000	1.07.0000	1.07.0000	1.07.0000
14564	傳奇	1	130943	478	1	255	2	24564	3	1.00.0000	1.07.0000	1.07.0000	1.07.0000
14565	傳奇	1	130943	478	1	255	2	24565	3	1.00.0000	1.07.0000	1.07.0000	1.07.0000
14566	傳奇	1	130943	478	1	255	2	24566	3	1.00.0000	1.07.0000	1.07.0000	1.07.0000
14567	傳奇	1	130943	478	1	255	2	24567	3	1.00.0000	1.07.0000	1.07.0000	1.07.0000
14568	傳奇	1	130943	478	1	255	2	24568	3	1.00.0000	1.07.0000	1.07.0000	1.07.0000
14569	傳奇	1	130943	478	1	255	2	24569	3	1.00.0000	1.07.0000	1.07.0000	1.07.0000
14570	傳奇	1	130943	478	1	255	2	24570	3	1.00.0000	1.07.0000	1.07.0000	1.07.0000
14571	傳奇	1	130943	478	1	255	2	24571	3	1.00.0000	1.07.0000	1.07.0000	1.07.0000
14572	傳奇	1	130943	478	1	255	2	24572	3	1.00.0000	1.07.0000	1.07.0000	1.07.0000
14573	傳奇	1	130943	478	1	255	2	24573	3	1.00.0000	1.07.0000	1.07.0000	1.07.0000
14574	傳奇	1	130943	478	1	255	2	24574	3	1.00.0000	1.07.0000	1.07.0000	1.07.0000
14575	傳奇	1	130943	478	1	255	2	24575	3	1.00.0000	1.07.0000	1.07.0000	1.07.0000
14576	傳奇	1	130943	478	1	255	2	24576	3	1.00.0000	1.07.0000	1.07.0000	1.07.0000
14577	傳奇	1	130943	478	1	255	2	24577	3	1.00.0000	1.07.0000	1.07.0000	1.07.0000
14578	傳奇	1	130943	478	1	255	2	24578	3	1.00.0000	1.07.0000	1.07.0000	1.07.0000
14579	傳奇	1	130943	478	1	255	2	24579	3	1.00.0000	1.07.0000	1.07.0000	1.07.0000
14580	傳奇	1	130943	478	1	255	2	24580	3	1.00.0000	1.07.0000	1.07.0000	1.07.0000
14581	傳奇	1	130943	478	1	255	2	24581	3	1.00.0000	1.07.0000	1.07.0000	1.07.0000
14582	傳奇	1	130943	478	1	255	2	24582	3	1.00.0000	1.07.0000	1.07.0000	1.07.0000
14583	傳奇	1	130943	478	1	255	2	24583	3	1.00.0000	1.07.0000	1.07.0000	1.07.0000
14584	傳奇	1	130943	478	1	255	2	24584	3	1.00.0000	1.07.0000	1.07.0000	1.07.0000
14585	傳奇	1	130943	478	1	255	2	24585	3	1.00.0000	1.07.0000	1.07.0000	1.07.0000
14586	傳奇	1	130943	478	1	255	2	24586	3	1.00.0000	1.07.0000	1.07.0000	1.07.0000
14587	傳奇	1	130943	478	1	255	2	24587	3	1.00.0000	1.07.0000	1.07.0000	1.07.0000
14588	傳奇	1	130943	478	1	255	2	24588	3	1.00.0000	1.07.0000	1.07.0000	1.07.0000
14589	傳奇	1	130943	478	1	255	2	24589	3	1.00.0000	1.07.0000	1.07.0000	1.07.0000
14590	傳奇	1	130943	478	1	255	2	24590	3	1.00.0000	1.07.0000	1.07.0000	1.07.0000
14591	傳奇	1	130943	478	1	255	2	24591	3	1.00.0000	1.07.0000	1.07.0000	1.07.0000
14592	傳奇	1	130943	478	1	255	2	24592	3	1.00.0000	1.07.0000	1.07.0000	1.07.0000
14593	傳奇	1	130943	478	1	255	2	24593	3	1.00.0000	1.07.0000	1.07.0000	1.07.0000
14594	傳奇	1	130943	478	1	255	2	24594	3	1.00.0000	1.07.0000	1.07.0000	1.07.0000
14595	傳奇	1	130943	478	1	255	2	24595	3	1.00.0000	1.07.0000	1.07.0000	1.07.0000
14596	傳奇	1	130943	478	1	255	2	24596	3	1.00.0000	1.07.0000	1.07.0000	1.07.0000
14597	傳奇	1	130943	478	1	255	2	24597	3	1.00.0000	1.07.0000	1.07.0000	1.07.0000
14598	傳奇	1	130943	478	1	255	2	24598	3	1.00.0000	1.07.0000	1.07.0000	1.07.0000
14599	傳奇	1	130943	478	1	255	2	24599	3	1.00.0000	1.07.0000	1.07.0000	1.07.0000
14600	傳奇	1	130943	478	1	255	2	24600	3	1.00.0000	1.07.0000	1.07.0000	1.07.0000
14601	傳奇	1	130943	478	1	255	2	24601	3	1.00.0000	1.07.0000	1.07.0000	1.07.0000
14602	傳奇	1	130943	478	1	255	2	24602	3	1.00.0000	1.07.0000	1.07.0000	1.07.0000
14603	傳奇	1	130943	478	1	255	2	24603	3	1.00.0000	1.07.0000	1.07.0000	1.07.0000
14604	傳奇	1	130943	478	1	255	2	24604	3	1.00.0000	1.07.0000	1.07.0000	1.07.0000
14605	傳奇	1	130943	478	1	255	2	24605	3	1.00.0000	1.07.0000	1.07.0000	1.07.0000
14606	傳奇	1	130943	478	1	255	2	24606	3	1.00.0000	1.07.0000	1.07.0000	1.07.0000
14607	傳奇	1	130943	478	1	255	2	24607	3	1.00.0000	1.07.0000	1.07.0000	1.07.0000
14608	傳奇	1	130943	478	1	255	2	24608	3	1.00.0000	1.07.0000	1.07.0000	1.07.0000
14609	傳奇	1	130943	478	1	255	2	24609	3	1.00.0000	1.07.0000	1.07.0000	1.07.0000
14610	傳奇	1	130943	478	1	255	2	24610	3	1.00.0000	1.07.0000	1.07.0000	1.07.0000
14611	傳奇	1	130943	478	1	255	2	24611	3	1.00.0000	1.07.0000	1.07.0000	1.07.0000
14612	傳奇	1	130943	478	1	255	2	24612	3	1.00.0000	1.07.0000	1.07.0000	1.07.0000
14613	傳奇	1	130943	478	1	255	2	24613	3	1.00.0000	1.07.0000	1.07.0000	1.07.0000
14614	傳奇	1	130943	478	1	255	2	24614	3	1.00.0000	1.07.0000	1.07.0000	1.07.0000
14615	傳奇	1	130943	478	1	255	2	24615	3	1.00.0000	1.07.0000	1.07.0000	1.07.0000
14616	傳奇	1	130943	478	1	255	2	24616	3	1.00.0000	1.07.0000	1.07.0000	1.07.0000
14617	傳奇	1	130943	478	1	255	2	24617	3	1.00.0000	1.07.0000	1.07.0000	1.07.0000
14618	傳奇	1	130943	478	1	255	2	24618	3	1.00.0000	1.07.0000	1.07.0000	1.07.0000
14619	傳奇	1	130943	478	1	255	2	24619	3	1.00.0000	1.07.0000	1.07.0000	1.07.0000
14620	傳奇	1	130943	478	1	255	2	24620	3	1.00.0000	1.07.0000	1.07.0000	1.07.0000
14621	傳奇	1	130943	478	1	255	2	24621	3	1.00.0000	1.07.0000	1.07.0000	1.07.0000
14622	傳奇	1	130943	478	1	255	2	24622	3	1.00.0000	1.07.0000	1.07.0000	1.07.0000
14623	傳奇	1	130943	478	1	255	2	24623	3	1.00.0000	1.07.0000	1.07.0000	1.07.0000
14624	傳奇	1	130943	478	1	255	2	24624	3	1.00.0000	1.07.0000	1.07.0000	1.07.0000
14625	傳奇	1	130943	478	1	255	2	24625	3	1.00.0000	1.07.0000	1.07.0000	1.07.0000
14626	傳奇	1	130943	478	1	255	2	24626	3	1.00.0000	1.07.0000	1.07.0000	1.07.0000
14627	傳奇	1	130943	478	1	255	2	24627	3	1.00.0000	1.07.0000	1.07.0000	1.07.0000
14628	傳奇	1	130943	478	1	255	2	24628	3	1.00.0000	1.07.0000	1.07.0000	1.07.0000
14629	傳奇	1	130943	478	1	255	2	24629	3	1.00.0000	1.07.0000	1.07.0000	1.07.0000
14630	傳奇	1	130943	478	1	255	2	24630	3	1.00.0000	1.07.0000	1.07.0000	1.07.0000
14631	傳奇	1	130943	478	1	255	2	24631	3	1.00.0000	1.07.0000	1.07.0000	1.07.0000
14632	傳奇	1	130943	478	1	255	2	24632	3	1.00.0000	1.07.0000	1.07.0000	1.07.0000
14633	傳奇	1	130943	478	1	255	2	24633	3	1.00.0000	1.07.0000	1.07.0000	1.07.0000
14634	傳奇	1	130943	478	1	255	2	24634	3	1.00.0000	1.07.0000	1.07.0000	1.07.0000
14635	傳奇	1	130943	478	1	255	2	24635	3	1.00.0000	1.07.0000	1.07.0000	1.07.0000
14636	傳奇	1	130943	478	1	255	2	24636	3	1.00.0000	1.07.0000	1.07.0000	1.07.0000
14637	傳奇	1	130943	478	1	255	2	24637	3	1.00.0000	1.07.0000	1.07.0000	1.07.0000
14638	傳奇	1	130943	478	1	255	2	24638	3	1.00.0000	1.07.0000	1.07.0000	1.07.0000
14639	傳奇	1	130943	478	1	255	2	24639	3	1.00.0000	1.07.0000	1.07.0000	1.07.0000
14640	傳奇	1	130943	478	1	255	2	24640	3	1.00.0000	1.07.0000	1.07.0000	1.07.0000
14641	傳奇	1	130943	478	1	255	2	24641	3	1.00.0000	1.07.0000	1.07.0000	1.07.0000
14642	傳奇	1	130943	478	1	255	2	24642	3	1.00.0000	1.07.0000	1.07.0000	1.07.0000
14643	傳奇	1	130943	478	1	255	2	24643	3	1.00.0000	1.07.0000	1.07.0000	1.07.0000
14644	傳奇	1	130943	478	1	255	2	24644	3	1.00.0000	1.07.0000	1.07.0000	1.07.0000
14645	傳奇	1	130943	478	1	255	2	24645	3	1.00.0000	1.07.0000	1.07.0000	1.07.0000
14646	傳奇	1	130943	478	1	255	2	24646	3	1.00.0000	1.07.0000	1.07.0000	1.07.0000
14647	傳奇	1	130943	478	1	255	2	24647	3	1.00.0000	1.07.0000	1.07.0000	1.07.0000
14648	傳奇	1	130943	478	1	255	2	24648	3	1.00.0000	1.07.0000	1.07.0000	1.07.0000
14649	傳奇	1	130943	478	1	255	2	24649	3	1.00.0000	1.07.0000	1.07.0000	1.07.0000
14650	傳奇	1	130943	478	1	255	2	24650	3	1.00.0000	1.07.0000	1.07.0000	1.07.0000
14651	傳奇	1	130943	478	1	255	2	24651	3	1.00.0000	1.07.0000	1.07.0000	1.07.0000
14652	傳奇	1	130943	478	1	255	2	24652	3	1.00.0000	1.07.0000	1.07.0000	1.07.0000
14653	傳奇	1	130943	478	1	255	2	24653	3	1.00.0000	1.07.0000	1.07.0000	1.07.0000
14654	傳奇	1	130943	478	1	255	2	24654	3	1.00.0000	1.07.0000	1.07.0000	1.07.0000
14655	傳奇	1	130943	478	1	255	2	24655	3	1.00.0000	1.07.0000	1.07.0000	1.07.0000
14656	傳奇	1	130943	478	1	255	2	24656	3	1.00.0000	1.07.0000	1.07.0000	1.07.0000
14657	傳奇	1	130943	478	1	255	2	24657	3	1.00.0000	1.07.0000	1.07.0000	1.07.0000
14658	傳奇	1	130943	478	1	255	2	24658	3	1.00.0000	1.07.0000	1.07.0000	1.07.0000
14659	傳奇	1	130943	478	1	255	2	24659	3	1.00.0000	1.07.0000	1.07.0000	1.07.0000
14660	傳奇	1	130943	478	1	255	2	24660	3	1.00.0000	1.07.0000	1.07.0000	1.07.0000
14661	傳奇	1	130943	478	1	255	2	24661	3	1.00.0000	1.07.0000	1.07.0000	1.07.0000
14662	傳奇	1	130943	478	1	255	2	24662	3	1.00.0000	1.07.0000	1.07.0000	1.07.0000
14663	傳奇	1	130943	478	1	255	2	24663	3	1.00.0000	1.07.0000	1.07.0000	1.07.0000
14664	傳奇	1	130943	478	1	255	2	24664	3	1.00.0000	1.07.0000	1.07.0000	1.07.0000
14665	傳奇	1	130943	478	1	255	2	24665	3	1.00.0000	1.07.0000	1.07.0000	1.07.0000
14666	傳奇	1	130943	478	1	255	2	24666	3	1.00.0000	1.07.0000	1.07.0000	1.07.0000
14667	傳奇	1	130943	478	1	255	2	24667	3	1.00.0000	1.07.0000	1.07.0000	1.07.0000
14668	傳奇	1	130943	478	1	255	2	24668	3	1.00.0000	1.07.0000	1.07.0000	1.07.0000
14669	傳奇	1	130943	478	1	255	2	24669	3	1.00.0000	1.07.0000	1.07.0000	1.07.0000
14670	傳奇	1	130943	478	1	255	2	24670	3	1.00.0000	1.07.0000	1.07.0000	1.07.0000
14671	傳奇	1	130943	478	1	255	2	24671	3	1.00.0000	1.07.0000	1.07.0000	1.07.0000
14672	傳奇	1	130943	478	1	255	2	24672	3	1.00.0000	1.07.0000	1.07.0000	1.07.0000
14673	傳奇	1	130943	478	1	255	2	24673	3	1.00.0000	1.07.0000	1.07.0000	1.07.0000
14674	傳奇	1	130943	478	1	255	2	24674	3	1.00.0000	1.07.0000	1.07.0000	1.07.0000
14675	傳奇	1	130943	478	1	255	2	24675	3	1.00.0000	1.07.0000	1.07.0000	1.07.0000
14676	傳奇	1	130943	478	1	255	2	24676	3	1.00.0000	1.07.0000	1.07.0000	1.07.0000
14677	傳奇	1	130943	478	1	255	2	24677	3	1.00.0000	1.07.0000	1.07.0000	1.07.0000
14678	傳奇	1	130943	478	1	255	2	24678	3	1.00.0000	1.07.0000	1.07.0000	1.07.0000
14679	傳奇	1	130943	478	1	255	2	24679	3	1.00.0000	1.07.0000	1.07.0000	1.07.0000
14680	傳奇	1	130943	478	1	255	2	24680	3	1.00.0000	1.07.0000	1.07.0000	1.07.0000
14681	傳奇	1	130943	478	1	255	2	24681	3	1.00.0000	1.07.0000	1.07.0000	1.07.0000
14682	傳奇	1	130943	478	1	255	2	24682	3	1.00.0000	1.07.0000	1.07.0000	1.07.0000
14683	傳奇	1	130943	478	1	255	2	24683	3	1.00.0000	1.07.0000	1.07.0000	1.07.0000
14684	傳奇	1	130943	478	1	255	2	24684	3	1.00.0000	1.07.0000	1.07.0000	1.07.0000
14685	傳奇	1	130943	478	1	255	2	24685	3	1.00.0000	1.07.0000	1.07.0000	1.07.0000
14686	傳奇	1	130943	478	1	255	2	24686	3	1.00.0000	1.07.0000	1.07.0000	1.07.0000
14687	傳奇	1	130943	478	1	255	2	24687	3	1.00.0000	1.07.0000	1.07.0000	1.07.0000
14688	傳奇	1	130943	478	1	255	2	24688	3	1.00.0000	1.07.0000	1.07.0000	1.07.0000
14689	傳奇	1	130943	478	1	255	2	24689	3	1.00.0000	1.07.0000	1.07.0000	1.07.0000
14690	傳奇	1	130943	478	1	255	2	24690	3	1.00.0000	1.07.0000	1.07.0000	1.07.0000
14691	傳奇	1	130943	478	1	255	2	24691	3	1.00.0000	1.07.0000	1.07.0000	1.07.0000
14692	傳奇	1	130943	478	1	255	2	24692	3	1.00.0000	1.07.0000	1.07.0000	1.07.0000
14693	傳奇	1	130943	478	1	255	2	24693	3	1.00.0000	1.07.0000	1.07.0000	1.07.0000
14694	傳奇	1	130943	478	1	255	2	24694	3	1.00.0000	1.07.0000	1.07.0000	1.07.0000
14695	傳奇	1	130943	478	1	255	2	24695	3	1.00.0000	1.07.0000	1.07.0000	1.07.0000
14696	傳奇	1	130943	478	1	255	2	24696	3	1.00.0000	1.07.0000	1.07.0000	1.07.0000
14697	傳奇	1	130943	478	1	255	2	24697	3	1.00.0000	1.07.0000	1.07.0000	1.07.0000
14698	傳奇	1	130943	478	1	255	2	24698	3	1.00.0000	1.07.0000	1.07.0000	1.07.0000
14699	傳奇	1	130943	478	1	255	2	24699	3	1.00.0000	1.07.0000	1.07.0000	1.07.0000
14700	傳奇	1	130943	478	1	255	2	24700	3	1.00.0000	1.07.0000	1.07.0000	1.07.0000
14701	傳奇	1	130943	478	1	255	2	24701	3	1.00.0000	1.07.0000	1.07.0000	1.07.0000
14702	傳奇	1	130943	478	1	255	2	24702	3	1.00.0000	1.07.0000	1.07.0000	1.07.0000
14703	傳奇	1	130943	478	1	255	2	24703	3	1.00.0000	1.07.0000	1.07.0000	1.07.0000
14704	傳奇	1	130943	478	1	255	2	24704	3	1.00.0000	1.07.0000	1.07.0000	1.07.0000
14705	傳奇	1	130943	478	1	255	2	24705	3	1.00.0000	1.07.0000	1.07.0000	1.07.0000
14706	傳奇	1	130943	478	1	255	2	24706	3	1.00.0000	1.07.0000	1.07.0000	1.07.0000
14707	傳奇	1	130943	478	1	255	2	24707	3	1.00.0000	1.07.0000	1.07.0000	1.07.0000
14708	傳奇	1	130943	478	1	255	2	24708	3	1.00.0000	1.07.0000	1.07.0000	1.07.0000
14709	傳奇	1	130943	478	1	255	2	24709	3	1.00.0000	1.07.0000	1.07.0000	1.07.0000
14710	傳奇	1	130943	478	1	255	2	24710	3	1.00.0000	1.07.0000	1.07.0000	1.07.0000
14711	傳奇	1	130943	478	1	255	2	24711	3	1.00.0000	1.07.0000	1.07.0000	1.07.0000
14712	傳奇	1	130943	478	1	255	2	24712	3	1.00.0000	1.07.0000	1.07.0000	1.07.0000
14713	傳奇	1	130943	478	1	255	2	24713	3	1.00.0000	1.07.0000	1.07.0000	1.07.0000
14714	傳奇	1	130943	478	1	255	2	24714	3	1.00.0000	1.07.0000	1.07.0000	1.07.0000
14715	傳奇	1	130943	478	1	255	2	24715	3	1.00.0000	1.07.0000	1.07.0000	1.07.0000
14716	傳奇	1	130943	478	1	255	2	24716	3	1.00.0000	1.07.0000	1.07.0000	1.07.0000
14717	傳奇	1	130943	478	1	255	2	24717	3	1.00.0000	1.07.0000	1.07.0000	1.07.0000
14718	傳奇	1	130943	478	1	255	2	24718	3	1.00.0000	1.07.0000	1.07.0000	1.07.0000
14719	傳奇	1	130943	478	1	255	2	24719	3	1.00.0000	1.07.0000	1.07.0000	1.07.0000
14720	傳奇	1	130943	478	1	255	2	24720	3	1.00.0000	1.07.0000	1.07.0000	1.07.0000
14721	傳奇	1	130943	478	1	255	2	24721	3	1.00.0000	1.07.0000	1.07.0000	1.07.0000
14722	傳奇	1	130943	478	1	255	2	24722	3	1.00.0000	1.07.0000	1.07.0000	1.07.0000
14723	傳奇	1	130943	478	1	255	2	24723	3	1.00.0000	1.07.0000	1.07.0000	1.07.0000
14724	傳奇	1	130943	478	1	255	2	24724	3	1.00.0000	1.07.0000	1.07.0000	1.07.0000
14725	傳奇	1	130943	478	1	255	2	24725	3	1.00.0000	1.07.0000	1.07.0000	1.07.0000
14726	傳奇	1	130943	478	1	255	2	24726	3	1.00.0000	1.07.0000	1.07.0000	1.07.0000
14727	傳奇	1	130943	478	1	255	2	24727	3	1.00.0000	1.07.0000	1.07.0000	1.07.0000
14728	傳奇	1	130943	478	1	255	2	24728	3	1.00.0000	1.07.0000	1.07.0000	1.07.0000
14729	傳奇	1	130943	478	1	255	2	24729	3	1.00.0000	1.07.0000	1.07.0000	1.07.0000
14730	傳奇	1	130943	478	1	255	2	24730	3	1.00.0000	1.07.0000	1.07.0000	1.07.0000
14731	傳奇	1	130943	478	1	255	2	24731	3	1.00.0000	1.07.0000	1.07.0000	1.07.0000
14732	傳奇	1	130943	478	1	255	2	24732	3	1.00.0000	1.07.0000	1.07.0000	1.07.0000
14733	傳奇	1	130943	478	1	255	2	24733	3	1.00.0000	1.07.0000	1.07.0000	1.07.0000
14734	傳奇	1	130943	478	1	255	2	24734	3	1.00.0000	1.07.0000	1.07.0000	1.07.0000
14735	傳奇	1	130943	478	1	255	2	24735	3	1.00.0000	1.07.0000	1.07.0000	1.07.0000
14736	傳奇	1	130943	478	1	255	2	24736	3	1.00.0000	1.07.0000	1.07.0000	1.07.0000
14737	傳奇	1	130943	478	1	255	2	24737	3	1.00.0000	1.07.0000	1.07.0000	1.07.0000
14738	傳奇	1	130943	478	1	255	2	24738	3	1.00.0000	1.07.0000	1.07.0000	1.07.0000
14739	傳奇	1	130943	478	1	255	2	24739	3	1.00.0000	1.07.0000	1.07.0000	1.07.0000
14740	傳奇	1	130943	478	1	255	2	24740	3	1.00.0000	1.07.0000	1.07.0000	1.07.0000
14741	傳奇	1	130943	478	1	255	2	24741	3	1.00.0000	1.07.0000	1.07.0000	1.07.0000
14742	傳奇	1	130943	478	1	255	2	24742	3	1.00.0000	1.07.0000	1.07.0000	1.07.0000
14743	傳奇	1	130943	478	1	255	2	24743	3	1.00.0000	1.07.0000	1.07.0000	1.07.0000
14744	傳奇	1	130943	478	1	255	2	24744	3	1.00.0000	1.07.0000	1.07.0000	1.07.0000
14745	傳奇	1	130943	478	1	255	2	24745	3	1.00.0000	1.07.0000	1.07.0000	1.07.0000
14746	傳奇	1	130943	478	1	255	2	24746	3	1.00.0000	1.07.0000	1.07.0000	1.07.0000
14747	傳奇	1	130943	478	1	255	2	24747	3	1.00.0000	1.07.0000	1.07.0000	1.07.0000
14748	傳奇	1	130943	478	1	255	2	24748	3	1.00.0000	1.07.0000	1.07.0000	1.07.0000
14749	傳奇	1	130943	478	1	255	2	24749	3	1.00.0000	1.07.0000	1.07.0000	1.07.0000
14750	傳奇	1	130943	478	1	255	2	24750	3	1.00.0000	1.07.0000	1.07.0000	1.07.0000
14751	傳奇	1	130943	478	1	255	2	24751	3	1.00.0000	1.07.0000	1.07.0000	1.07.0000
14752	傳奇	1	130943	478	1	255	2	24752	3	1.00.0000	1.07.0000	1.07.0000	1.07.0000
14753	傳奇	1	130943	478	1	255	2	24753	3	1.00.0000	1.07.0000	1.07.0000	1.07.0000
14754	傳奇	1	130943	478	1	255	2	24754	3	1.00.0000	1.07.0000	1.07.0000	1.07.0000
14755	傳奇	1	130943	478	1	255	2	24755	3	1.00.0000	1.07.0000	1.07.0000	1.07.0000
14756	傳奇	1	130943	478	1	255	2	24756	3	1.00.0000	1.07.0000	1.07.0000	1.07.0000
14757	傳奇	1	130943	478	1	255	2	24757	3	1.00.0000	1.07.0000	1.07.0000	1.07.0000
14758	傳奇	1	130943	478	1	255	2	24758	3	1.00.0000	1.07.0000	1.07.0000	1.07.0000
14759	傳奇	1	130943	478	1	255	2	24759	3	1.00.0000	1.07.0000	1.07.0000	1.07.0000
14760	傳奇	1	130943	478	1	255	2	24760	3	1.00.0000	1.07.0000	1.07.0000	1.07.0000
14761	傳奇	1	130943	478	1	255	2	24761	3	1.00.0000	1.07.0000	1.07.0000	1.07.0000
14762	傳奇	1	130943	478	1	255	2	24762	3	1.00.0000	1.07.0000	1.07.0000	1.07.0000
14763	傳奇	1	130943	478	1	255	2	24763	3	1.00.0000	1.07.0000	1.07.0000	1.07.0000
14764	傳奇	1	130943	478	1	255	2	24764	3	1.00.0000	1.07.0000	1.07.0000	1.07.0000
14765	傳奇	1	130943	478	1	255	2	24765	3	1.00.0000	1.07.0000	1.07.0000	1.07.0000
14766	傳奇	1	130943	478	1	255	2	24766	3	1.00.0000	1.07.0000	1.07.0000	1.07.0000
14767	傳奇	1	130943	478	1	255	2	24767	3	1.00.0000	1.07.0000	1.07.0000	1.07.0000
14768	傳奇	1	130943	478	1	255	2	24768	3	1.00.0000	1.07.0000	1.07.0000	1.07.0000
14769	傳奇	1	130943	478	1	255	2	24769	3	1.00.0000	1.07.0000	1.07.0000	1.07.0000
14770	傳奇	1	130943	478	1	255	2	24770	3	1.00.0000	1.07.0000	1.07.0000	1.07.0000
14771	傳奇	1	130943	478	1	255	2	24771	3	1.00.0000	1.07.0000	1.07.0000	1.07.0000
14772	傳奇	1	130943	478	1	255	2	24772	3	1.00.0000	1.07.0000	1.07.0000	1.07.0000
14773	傳奇	1	130943	478	1	255	2	24773	3	1.00.0000	1.07.0000	1.07.0000	1.07.0000
14774	傳奇	1	130943	478	1	255	2	24774	3	1.00.0000	1.07.0000	1.07.0000	1.07.0000
14775	傳奇	1	130943	478	1	255	2	24775	3	1.00.0000	1.07.0000	1.07.0000	1.07.0000
14776	傳奇	1	130943	478	1	255	2	24776	3	1.00.0000	1.07.0000	1.07.0000	1.07.0000
14777	傳奇	1	130943	478	1	255	2	24777	3	1.00.0000	1.07.0000	1.07.0000	1.07.0000
14778	傳奇	1	130943	478	1	255	2	24778	3	1.00.0000	1.07.0000	1.07.0000	1.07.0000
14779	傳奇	1	130943	478	1	255	2	24779	3	1.00.0000	1.07.0000	1.07.0000	1.07.0000
14780	傳奇	1	130943	478	1	255	2	24780	3	1.00.0000	1.07.0000	1.07.0000	1.07.0000
14781	傳奇	1	130943	478	1	255	2	24781	3	1.00.0000	1.07.0000	1.07.0000	1.07.0000
14782	傳奇	1	130943	478	1	255	2	24782	3	1.00.0000	1.07.0000	1.07.0000	1.07.0000
14783	傳奇	1	130943	478	1	255	2	24783	3	1.00.0000	1.07.0000	1.07.0000	1.07.0000
14784	傳奇	1	130943	478	1	255	2	24784	3	1.00.0000	1.07.0000	1.07.0000	1.07.0000
14785	傳奇	1	130943	478	1	255	2	24785	3	1.00.0000	1.07.0000	1.07.0000	1.07.0000
14786	傳奇	1	130943	478	1	255	2	24786	3	1.00.0000	1.07.0000	1.07.0000	1.07.0000
14787	傳奇	1	130943	478	1	255	2	24787	3	1.00.0000	1.07.0000	1.07.0000	1.07.0000
14788	傳奇	1	130943	478	1	255	2	24788	3	1.00.0000	1.07.0000	1.07.0000	1.07.0000
14789	傳奇	1	130943	478	1	255	2	24789	3	1.00.0000	1.07.0000	1.07.0000	1.07.0000
14790	傳奇	1	130943	478	1	255	2	24790	3	1.00.0000	1.07.0000	1.07.0000	1.07.0000
14791	傳奇	1	130943	478	1	255	2	24791	3	1.00.0000	1.07.0000	1.07.0000	1.07.0000
14792	傳奇	1	130943	478	1	255	2	24792	3	1.00.0000	1.07.0000	1.07.0000	1.07.0000
14793	傳奇	1	130943	478	1	255	2	24793	3	1.00.0000	1.07.0000	1.07.0000	1.07.0000
14794	傳奇	1	130943	478	1	255	2	24794	3	1.00.0000	1.07.0000	1.07.0000	1.07.0000
14795	傳奇	1	130943	478	1	255	2	24795	3	1.00.0000	1.07.0000	1.07.0000	1.07.0000
14796	傳奇	1	130943	478	1	255	2	24796	3	1.00.0000	1.07.0000	1.07.0000	1.07.0000
14797	傳奇	1	130943	478	1	255	2	24797	3	1.00.0000	1.07.0000	1.07.0000	1.07.0000
14798	傳奇	1	130943	478	1	255	2	24798	3	1.00.0000	1.07.0000	1.07.0000	1.07.0000
14799	傳奇	1	130943	478	1	255	2	24799	3	1.00.0000	1.07.0000	1.07.0000	1.07.0000
14800	傳奇	1	130943	478	1	255	2	24800	3	1.00.0000	1.07.0000	1.07.0000	1.07.0000
14801	傳奇	1	130943	478	1	255	2	24801	3	1.00.0000	1.07.0000	1.07.0000	1.07.0000
14802	傳奇	1	130943	478	1	255	2	24802	3	1.00.0000	1.07.0000	1.07.0000	1.07.0000
14803	傳奇	1	130943	478	1	255	2	24803	3	1.00.0000	1.07.0000	1.07.0000	1.07.0000
14804	傳奇	1	130943	478	1	255	2	24804	3	1.00.0000	1.07.0000	1.07.0000	1.07.0000
14805	傳奇	1	130943	478	1	255	2	24805	3	1.00.0000	1.07.0000	1.07.0000	1.07.0000
14806	傳奇	1	130943	478	1	255	2	24806	3	1.00.0000	1.07.0000	1.07.0000	1.07.0000
14807	傳奇	1	130943	478	1	255	2	24807	3	1.00.0000	1.07.0000	1.07.0000	1.07.0000
14808	傳奇	1	130943	478	1	255	2	24808	3	1.00.0000	1.07.0000	1.07.0000	1.07.0000
14809	傳奇	1	130943	478	1	255	2	24809	3	1.00.0000	1.07.0000	1.07.0000	1.07.0000
14810	傳奇	1	130943	478	1	255	2	24810	3	1.00.0000	1.07.0000	1.07.0000	1.07.0000
14811	傳奇	1	130943	478	1	255	2	24811	3	1.00.0000	1.07.0000	1.07.0000	1.07.0000
14812	傳奇	1	130943	478	1	255	2	24812	3	1.00.0000	1.07.0000	1.07.0000	1.07.0000
14813	傳奇	1	130943	478	1	255	2	24813	3	1.00.0000	1.07.0000	1.07.0000	1.07.0000
14814	傳奇	1	130943	478	1	255	2	24814	3	1.00.0000	1.07.0000	1.07.0000	1.07.0000
14815	傳奇	1	130943	478	1	255	2	24815	3	1.00.0000	1.07.0000	1.07.0000	1.07.0000
14816	傳奇	1	130943	478	1	255	2	24816	3	1.00.0000	1.07.0000	1.07.0000	1.07.0000
14817	傳奇	1	130943	478	1	255	2	24817	3	1.00.0000	1.07.0000	1.07.0000	1.07.0000
14818	傳奇	1	130943	478	1	255	2	24818	3	1.00.0000	1.07.0000	1.07.0000	1.07.0000
14819	傳奇	1	130943	478	1	255	2	24819	3	1.00.0000	1.07.0000	1.07.0000	1.07.0000
14820	傳奇	1	130943	478	1	255	2	24820	3	1.00.0000	1.07.0000	1.07.0000	1.07.0000
14821	傳奇	1	130943	478	1	255	2	24821	3	1.00.0000	1.07.0000	1.07.0000	1.07.0000
14822	傳奇	1	130943	478	1	255	2	24822	3	1.00.0000	1.07.0000	1.07.0000	1.07.0000
14823	傳奇	1	130943	478	1	255	2	24823	3	1.00.0000	1.07.0000	1.07.0000	1.07.0000
14824	傳奇	1	130943	478	1	255	2	24824	3	1.00.0000	1.07.0000	1.07.0000	1.07.0000
14825	傳奇	1	130943	478	1	255	2	24825	3	1.00.0000	1.07.0000	1.07.0000	1.07.0000
14826	傳奇	1	130943	478	1	255	2	24826	3	1.00.0000	1.07.0000	1.07.0000	1.07.0000
14827	傳奇	1	130943	478	1	255	2	24827	3	1.00.0000	1.07.0000	1.07.0000	1.07.0000
14828	傳奇	1	130943	478	1	255	2	24828	3	1.00.0000	1.07.0000	1.07.0000	1.07.0000
14829	傳奇	1	130943	478	1	255	2	24829	3	1.00.0000	1.07.0000	1.07.0000	1.07.0000
14830	傳奇	1	130943	478	1	255	2	24830	3	1.00.0000	1.07.0000	1.07.0000	1.07.0000
14831	傳奇	1	130943	478	1	255	2	24831	3	1.00.0000	1.07.0000	1.07.0000	1.07.0000
14832	傳奇	1	130943	478	1	255	2	24832	3	1.00.0000	1.07.0000	1.07.0000	1.07.0000
14833	傳奇	1	130943	478	1	255	2	24833	3	1.00.0000	1.07.0000	1.07.0000	1.07.0000
14834	傳奇	1	130943	478	1	255	2	24834	3	1.00.0000	1.07.0000	1.07.0000	1.07.0000
14835	傳奇	1	130943	478	1	255	2	24835	3	1.00.0000	1.07.0000	1.07.0000	1.07.0000
14836	傳奇	1	130943	478	1	255	2	24836	3	1.00.0000	1.07.0000	1.07.0000	1.07.0000
14837	傳奇	1	130943	478	1	255	2	24837	3	1.00.0000	1.07.0000	1.07.0000	1.07.0000
14838	傳奇	1	130943	478	1	255	2	24838	3	1.00.0000	1.07.0000	1.07.0000	1.07.0000
14839	傳奇	1	130943	478	1	255	2	24839	3	1.00.0000	1.07.0000	1.07.0000	1.07.0000
14840	傳奇	1	130943	478	1	255	2	24840	3	1.00.0000	1.07.0000	1.07.0000	1.07.0000
14841	傳奇	1	130943	478	1	255	2	24841	3	1.00.0000	1.07.0000	1.07.0000	1.07.0000
14842	傳奇	1	130943	478	1	255	2	24842	3	1.00.0000	1.07.0000	1.07.0000	1.07.0000
14843	傳奇	1	130943	478	1	255	2	24843	3	1.00.0000	1.07.0000	1.07.0000	1.07.0000
14844	傳奇	1	130943	478	1	255	2	24844	3	1.00.0000	1.07.0000	1.07.0000	1.07.0000
14845	傳奇	1	130943	478	1	255	2	24845	3	1.00.0000	1.07.0000	1.07.0000	1.07.0000
14846	傳奇	1	130943	478	1	255	2	24846	3	1.00.0000	1.07.0000	1.07.0000	1.07.0000
14847	傳奇	1	130943	478	1	255	2	24847	3	1.00.0000	1.07.0000	1.07.0000	1.07.0000
14848	傳奇	1	130943	478	1	255	2	24848	3	1.00.0000	1.07.0000	1.07.0000	1.07.0000
14849	傳奇	1	130943	478	1	255	2	24849	3	1.00.0000	1.07.0000	1.07.0000	1.07.0000
14850	傳奇	1	130943	478	1	255	2	24850	3	1.00.0000	1.07.0000	1.07.0000	1.07.0000
14851	傳奇	1	130943	478	1	255	2	24851	3	1.00.0000	1.07.0000	1.07.0000	1.07.0000
14852	傳奇	1	130943	478	1	255	2	24852	3	1.00.0000	1.07.0000	1.07.0000	1.07.0000
14853	傳奇	1	130943	478	1	255	2	24853	3	1.00.0000	1.07.0000	1.07.0000	1.07.0000
14854	傳奇	1	130943	478	1	255	2	24854	3	1.00.0000	1.07.0000	1.07.0000	1.07.0000
14855	傳奇	1	130943	478	1	255	2	24855	3	1.00.0000	1.07.0000	1.07.0000	1.07.0000
14856	傳奇	1	130943	478	1	255	2	24856	3	1.00.0000	1.07.0000	1.07.0000	1.07.0000
14857	傳奇	1	130943	478	1	255	2	24857	3	1.00.0000	1.07.0000	1.07.0000	1.07.0000
14858	傳奇	1	130943	478	1	255	2	24858	3	1.00.0000	1.07.0000	1.07.0000	1.07.0000
14859	傳奇	1	130943	478	1	255	2	24859	3	1.00.0000	1.07.0000	1.07.0000	1.07.0000
14860	傳奇	1	130943	478	1	255	2	24860	3	1.00.0000	1.07.0000	1.07.0000	1.07.0000
14861	傳奇	1	130943	478	1	255	2	24861	3	1.00.0000	1.07.0000	1.07.0000	1.07.0000
14862	傳奇	1	130943	478	1	255	2	24862	3	1.00.0000	1.07.0000	1.07.0000	1.07.0000
14863	傳奇	1	130943	478	1	255	2	24863	3	1.00.0000	1.07.0000	1.07.0000	1.07.0000
14864	傳奇	1	130943	478	1	255	2	24864	3	1.00.0000	1.07.0000	1.07.0000	1.07.0000
14865	傳奇	1	130943	478	1	255	2	24865	3	1.00.0000	1.07.0000	1.07.0000	1.07.0000
14866	傳奇	1	130943	478	1	255	2	24866	3	1.00.0000	1.07.0000	1.07.0000	1.07.0000
14867	傳奇	1	130943	478	1	255	2	24867	3	1.00.0000	1.07.0000	1.07.0000	1.07.0000
14868	傳奇	1	130943	478	1	255	2	24868	3	1.00.0000	1.07.0000	1.07.0000	1.07.0000
14869	傳奇	1	130943	478	1	255	2	24869	3	1.00.0000	1.07.0000	1.07.0000	1.07.0000
14870	傳奇	1	130943	478	1	255	2	24870	3	1.00.0000	1.07.0000	1.07.0000	1.07.0000
14871	傳奇	1	130943	478	1	255	2	24871	3	1.00.0000	1.07.0000	1.07.0000	1.07.0000
14872	傳奇	1	130943	478	1	255	2	24872	3	1.00.0000	1.07.0000	1.07.0000	1.07.0000
14873	傳奇	1	130943	478	1	255	2	24873	3	1.00.0000	1.07.0000	1.07.0000	1.07.0000
14874	傳奇	1	130943	478	1	255	2	24874	3	1.00.0000	1.07.0000	1.07.0000	1.07.0000
14875	傳奇	1	130943	478	1	255	2	24875	3	1.00.0000	1.07.0000	1.07.0000	1.07.0000
14876	傳奇	1	130943	478	1	255	2	24876	3	1.00.0000	1.07.0000	1.07.0000	1.07.0000
14877	傳奇	1	130943	478	1	255	2	24877	3	1.00.0000	1.07.0000	1.07.0000	1.07.0000
14878	傳奇	1	130943	478	1	255	2	24878	3	1.00.0000	1.07.0000	1.07.0000	1.07.0000
14879	傳奇	1	130943	478	1	255	2	24879	3	1.00.0000	1.07.0000	1.07.0000	1.07.0000
14880	傳奇	1	130943	478	1	255	2	24880	3	1.00.0000	1.07.0000	1.07.0000	1.07.0000
14881	傳奇	1	130943	478	1	255	2	24881	3	1.00.0000	1.07.0000	1.07.0000	1.07.0000
14882	傳奇	1	130943	478	1	255	2	24882	3	1.00.0000	1.07.0000	1.07.0000	1.07.0000
14883	傳奇	1	130943	478	1	255	2	24883	3	1.00.0000	1.07.0000	1.07.0000	1.07.0000
14884	傳奇	1	130943	478	1	255	2	24884	3	1.00.0000	1.07.0000	1.07.0000	1.07.0000
14885	傳奇	1	130943	478	1	255	2	24885	3	1.00.0000	1.07.0000	1.07.0000	1.07.0000
14886	傳奇	1	130943	478	1	255	2	24886	3	1.00.0000	1.07.0000	1.07.0000	1.07.0000
14887	傳奇	1	130943	478	1	255	2	24887	3	1.00.0000	1.07.0000	1.07.0000	1.07.0000
14888	傳奇	1	130943	478	1	255	2	24888	3	1.00.0000	1.07.0000	1.07.0000	1.07.0000
14889	傳奇	1	130943	478	1	255	2	24889	3	1.00.0000	1.07.0000	1.07.0000	1.07.0000
14890	傳奇	1	130943	478	1	255	2	24890	3	1.00.0000	1.07.0000	1.07.0000	1.07.0000
14891	傳奇	1	130943	478	1	255	2	24891	3	1.00.0000	1.07.0000	1.07.0000	1.07.0000
14892	傳奇	1	130943	478	1	255	2	24892	3	1.00.0000	1.07.0000	1.07.0000	1.07.0000
14893	傳奇	1	130943	478	1	255	2	24893	3	1.00.0000	1.07.0000	1.07.0000	1.07.0000
14894	傳奇	1	130943	478	1	255	2	24894	3	1.00.0000	1.07.0000	1.07.0000	1.07.0000
14895	傳奇	1	130943	478	1	255	2	24895	3	1.00.0000	1.07.0000	1.07.0000	1.07.0000
14896	傳奇	1	130943	478	1	255	2	24896	3	1.00.0000	1.07.0000	1.07.0000	1.07.0000
14897	傳奇	1	130943	478	1	255	2	24897	3	1.00.0000	1.07.0000	1.07.0000	1.07.0000
14898	傳奇	1	130943	478	1	255	2	24898	3	1.00.0000	1.07.0000	1.07.0000	1.07.0000
14899	傳奇	1	130943	478	1	255	2	24899	3	1.00.0000	1.07.0000	1.07.0000	1.07.0000
14900	傳奇	1	130943	478	1	255	2	24900	3	1.00.0000	1.07.0000	1.07.0000	1.07.0000
14901	傳奇	1	130943	478	1	255	2	24901	3	1.00.0000	1.07.0000	1.07.0000	1.07.0000
14902	傳奇	1	130943	478	1	255	2	24902	3	1.00.0000	1.07.0000	1.07.0000	1.07.0000
14903	傳奇	1	130943	478	1	255	2	24903	3	1.00.0000	1.07.0000	1.07.0000	1.07.0000
14904	傳奇	1	130943	478	1	255	2	24904	3	1.00.0000	1.07.0000	1.07.0000	1.07.0000
14905	傳奇	1	130943	478	1	255	2	24905	3	1.00.0000	1.07.0000	1.07.0000	1.07.0000
14906	傳奇	1	130943	478	1	255	2	24906	3	1.00.0000	1.07.0000	1.07.0000	1.07.0000
14907	傳奇	1	130943	478	1	255	2	24907	3	1.00.0000	1.07.0000	1.07.0000	1.07.0000
14908	傳奇	1	130943	478	1	255	2	24908	3	1.00.0000	1.07.0000	1.07.0000	1.07.0000
14909	傳奇	1	130943	478	1	255	2	24909	3	1.00.0000	1.07.0000	1.07.0000	1.07.0000
14910	傳奇	1	130943	478	1	255	2	24910	3	1.00.0000	1.07.0000	1.07.0000	1.07.0000
14911	傳奇	1	130943	478	1	255	2	24911	3	1.00.0000	1.07.0000	1.07.0000	1.07.0000
14912	傳奇	1	130943	478	1	255	2	24912	3	1.00.0000	1.07.0000	1.07.0000	1.07.0000
14913	傳奇	1	130943	478	1	255	2	24913	3	1.00.0000	1.07.0000	1.07.0000	1.07.0000
14914	傳奇	1	130943	478	1	255	2	24914	3	1.00.0000	1.07.0000	1.07.0000	1.07.0000
14915	傳奇	1	130943	478	1	255	2	24915	3	1.00.0000	1.07.0000	1.07.0000	1.07.0000
14916	傳奇	1	130943	478	1	255	2	24916	3	1.00.0000	1.07.0000	1.07.0000	1.07.0000
14917	傳奇	1	130943	478	1	255	2	24917	3	1.00.0000	1.07.0000	1.07.0000	1.07.0000
14918	傳奇	1	130943	478	1	255	2	24918	3	1.00.0000	1.07.0000	1.07.0000	1.07.0000
14919	傳奇	1	130943	478	1	255	2	24919	3	1.00.0000	1.07.0000	1.07.0000	1.07.0000
14920	傳奇	1	130943	478	1	255	2	24920	3	1.00.0000	1.07.0000	1.07.0000	1.07.0000
14921	傳奇	1	130943	478	1	255	2	24921	3	1.00.0000	1.07.0000	1.07.0000	1.07.0000
14922	傳奇	1	130943	478	1	255	2	24922	3	1.00.0000	1.07.0000	1.07.0000	1.07.0000
14923	傳奇	1	130943	478	1	255	2	24923	3	1.00.0000	1.07.0000	1.07.0000	1.07.0000
14924	傳奇	1	130943	478	1	255	2	24924	3	1.00.0000	1.07.0000	1.07.0000	1.07.0000
14925	傳奇	1	130943	478	1	255	2	24925	3	1.00.0000	1.07.0000	1.07.0000	1.07.0000
14926	傳奇	1	130943	478	1	255	2	24926	3	1.00.0000	1.07.0000	1.07.0000	1.07.0000
14927	傳奇	1	130943	478	1	255	2	24927	3	1.00.0000	1.07.0000	1.07.0000	1.07.0000
14928	傳奇	1	130943	478	1	255	2	24928	3	1.00.0000	1.07.0000	1.07.0000	1.07.0000
14929	傳奇	1	130943	478	1	255	2	24929	3	1.00.0000	1.07.0000	1.07.0000	1.07.0000
14930	傳奇	1	130943	478	1	255	2	24930	3	1.00.0000	1.07.0000	1.07.0000	1.07.0000
14931	傳奇	1	130943	478	1	255	2	24931	3	1.00.0000	1.07.0000	1.07.0000	1.07.0000
14932	傳奇	1	130943	478	1	255	2	24932	3	1.00.0000	1.07.0000	1.07.0000	1.07.0000
14933	傳奇	1	130943	478	1	255	2	24933	3	1.00.0000	1.07.0000	1.07.0000	1.07.0000
14934	傳奇	1	130943	478	1	255	2	24934	3	1.00.0000	1.07.0000	1.07.0000	1.07.0000
14935	傳奇	1	130943	478	1	255	2	24935	3	1.00.0000	1.07.0000	1.07.0000	1.07.0000
14936	傳奇	1	130943	478	1	255	2	24936	3	1.00.0000	1.07.0000	1.07.0000	1.07.0000
14937	傳奇	1	130943	478	1	255	2	24937	3	1.00.0000	1.07.0000	1.07.0000	1.07.0000
14938	傳奇	1	130943	478	1	255	2	24938	3	1.00.0000	1.07.0000	1.07.0000	1.07.0000
14939	傳奇	1	130943	478	1	255	2	24939	3	1.00.0000	1.07.0000	1.07.0000	1.07.0000
14940	傳奇	1	130943	478	1	255	2	24940	3	1.00.0000	1.07.0000	1.07.0000	1.07.0000
14941	傳奇	1	130943	478	1	255	2	24941	3	1.00.0000	1.07.0000	1.07.0000	1.07.0000
14942	傳奇	1	130943	478	1	255	2	24942	3	1.00.0000	1.07.0000	1.07.0000	1.07.0000
14943	傳奇	1	130943	478	1	255	2	24943	3	1.00.0000	1.07.0000	1.07.0000	1.07.0000
14944	傳奇	1	130943	478	1	255	2	24944	3	1.00.0000	1.07.0000	1.07.0000	1.07.0000
14945	傳奇	1	130943	478	1	255	2	24945	3	1.00.0000	1.07.0000	1.07.0000	1.07.0000
14946	傳奇	1	130943	478	1	255	2	24946	3	1.00.0000	1.07.0000	1.07.0000	1.07.0000
14947	傳奇	1	130943	478	1	255	2	24947	3	1.00.0000	1.07.0000	1.07.0000	1.07.0000
14948	傳奇	1	130943	478	1	255	2	24948	3	1.00.0000	1.07.0000	1.07.0000	1.07.0000
14949	傳奇	1	130943	478	1	255	2	24949	3	1.00.0000	1.07.0000	1.07.0000	1.07.0000
14950	傳奇	1	130943	478	1	255	2	24950	3	1.00.0000	1.07.0000	1.07.0000	1.07.0000
14951	傳奇	1	130943	478	1	255	2	24951	3	1.00.0000	1.07.0000	1.07.0000	1.07.0000
14952	傳奇	1	130943	478	1	255	2	24952	3	1.00.0000	1.07.0000	1.07.0000	1.07.0000
14953	傳奇	1	130943	478	1	255	2	24953	3	1.00.0000	1.07.0000	1.07.0000	1.07.0000
14954	傳奇	1	130943	478	1	255	2	24954	3	1.00.0000	1.07.0000	1.07.0000	1.07.0000
14955	傳奇	1	130943	478	1	255	2	24955	3	1.00.0000	1.07.0000	1.07.0000	1.07.0000
14956	傳奇	1	130943	478	1	255	2	24956	3	1.00.0000	1.07.0000	1.07.0000	1.07.0000
14957	傳奇	1	130943	478	1	255	2	24957	3	1.00.0000	1.07.0000	1.07.0000	1.07.0000
14958	傳奇	1	130943	478	1	255	2	24958	3	1.00.0000	1.07.0000	1.07.0000	1.07.0000
14959	傳奇	1	130943	478	1	255	2	24959	3	1.00.0000	1.07.0000	1.07.0000	1.07.0000
14960	傳奇	1	130943	478	1	255	2	24960	3	1.00.0000	1.07.0000	1.07.0000	1.07.0000
14961	傳奇	1	130943	478	1	255	2	24961	3	1.00.0000	1.07.0000	1.07.0000	1.07.0000
14962	傳奇	1	130943	478	1	255	2	24962	3	1.00.0000	1.07.0000	1.07.0000	1.07.0000
14963	傳奇	1	130943	478	1	255	2	24963	3	1.00.0000	1.07.0000	1.07.0000	1.07.0000
14964	傳奇	1	130943	478	1	255	2	24964	3	1.00.0000	1.07.0000	1.07.0000	1.07.0000
14965	傳奇	1	130943	478	1	255	2	24965	3	1.00.0000	1.07.0000	1.07.0000	1.07.0000
14966	傳奇	1	130943	478	1	255	2	24966	3	1.00.0000	1.07.0000	1.07.0000	1.07.0000
14967	傳奇	1	130943	478	1	255	2	24967	3	1.00.0000	1.07.0000	1.07.0000	1.07.0000
14968	傳奇	1	130943	478	1	255	2	24968	3	1.00.0000	1.07.0000	1.07.0000	1.07.0000
14969	傳奇	1	130943	478	1	255	2	24969	3	1.00.0000	1.07.0000	1.07.0000	1.07.0000
14970	傳奇	1	130943	478	1	255	2	24970	3	1.00.0000	1.07.0000	1.07.0000	1.07.0000
14971	傳奇	1	130943	478	1	255	2	24971	3	1.00.0000	1.07.0000	1.07.0000	1.07.0000
14972	傳奇	1	130943	478	1	255	2	24972	3	1.00.0000	1.07.0000	1.07.0000	1.07.0000
14973	傳奇	1	130943	478	1	255	2	24973	3	1.00.0000	1.07.0000	1.07.0000	1.07.0000
14974	傳奇	1	130943	478	1	255	2	24974	3	1.00.0000	1.07.0000	1.07.0000	1.07.0000
14975	傳奇	1	130943	478	1	255	2	24975	3	1.00.0000	1.07.0000	1.07.0000	1.07.0000
14976	傳奇	1	130943	478	1	255	2	24976	3	1.00.0000	1.07.0000	1.07.0000	1.07.0000
14977	傳奇	1	130943	478	1	255	2	24977	3	1.00.0000	1.07.0000	1.07.0000	1.07.0000
14978	傳奇	1	130943	478	1	255	2	24978	3	1.00.0000	1.07.0000	1.07.0000	1.07.0000
14979	傳奇	1	130943	478	1	255	2	24979	3	1.00.0000	1.07.0000	1.07.0000	1.07.0000
14980	傳奇	1	130943	478	1	255	2	24980	3	1.00.0000	1.07.0000	1.07.0000	1.07.0000
14981	傳奇	1	130943	478	1	255	2	24981	3	1.00.0000	1.07.0000	1.07.0000	1.07.0000
14982	傳奇	1	130943	478	1	255	2	24982	3	1.00.0000	1.07.0000	1.07.0000	1.07.0000
14983	傳奇	1	130943	478	1	255	2	24983	3	1.00.0000	1.07.0000	1.07.0000	1.07.0000
14984	傳奇	1	130943	478	1	255	2	24984	3	1.00.0000	1.07.0000	1.07.0000	1.07.0000
14985	傳奇	1	130943	478	1	255	2	24985	3	1.00.0000	1.07.0000	1.07.0000	1.07.0000
14986	傳奇	1	130943	478	1	255	2	24986	3	1.00.0000	1.07.0000	1.07.0000	1.07.0000
14987	傳奇	1	130943	478	1	255	2	24987	3	1.00.0000	1.07.0000	1.07.0000	1.07.0000
14988	傳奇	1	130943	478	1	255	2	24988	3	1.00.0000	1.07.0000	1.07.0000	1.07.0000
14989	傳奇	1	130943	478	1	255	2	24989	3	1.00.0000	1.07.0000	1.07.0000	1.07.0000
14990	傳奇	1	130943	478	1	255	2	24990	3	1.00.0000	1.07.0000	1.07.0000	1.07.0000
14991	傳奇	1	130943	478	1	255	2	24991	3	1.00.0000	1.07.0000	1.07.0000	1.07.0000
14992	傳奇	1	130943	478	1	255	2	24992	3	1.00.0000	1.07.0000	1.07.0000	1.07.0000
14993	傳奇	1	130943	478	1	255	2	24993	3	1.00.0000	1.07.0000	1.07.0000	1.07.0000
14994	傳奇	1	130943	478	1	255	2	24994	3	1.00.0000	1.07.0000	1.07.0000	1.07.0000
14995	傳奇	1	130943	478	1	255	2	24995	3	1.00.0000	1.07.0000	1.07.0000	1.07.0000
14996	傳奇	1	130943	478	1	255	2	24996	3	1.00.0000	1.07.0000	1.07.0000	1.07.0000
14997	傳奇	1	130943	478	1	255	2	24997	3	1.00.0000	1.07.0000	1.07.0000	1.07.0000
14998	傳奇	1	130943	478	1	255	2	24998	3	1.00.0000	1.07.0000	1.07.0000	1.07.0000
14999	傳奇	1	130943	478	1	255	2	24999	3	1.00.0000	1.07.0000	1.07.0000	1.07.0000
15000	傳奇	1	130943	478	1	255	2	25000	3	1.00.0000	1.07.0000	1.07.0000	1.07.0000
15001	傳奇	1	130943	478	1	255	2	25001	3	1.00.0000	1.07.0000	1.07.0000	1.07.0000
15002	傳奇	1	130943	478	1	255	2	25002	3	1.00.0000	1.07.0000	1.07.0000	1.07.0000
15003	傳奇	1	130943	478	1	255	2	25003	3	1.00.0000	1.07.0000	1.07.0000	1.07.0000
15004	傳奇	1	130943	478	1	255	2	25004	3	1.00.0000	1.07.0000	1.07.0000	1.07.0000
15005	傳奇	1	130943	478	1	255	2	25005	3	1.00.0000	1.07.0000	1.07.0000	1.07.0000
15006	傳奇	1	130943	478	1	255	2	25006	3	1.00.0000	1.07.0000	1.07.0000	1.07.0000
15007	傳奇	1	130943	478	1	255	2	25007	3	1.00.0000	1.07.0000	1.07.0000	1.07.0000
15008	傳奇	1	130943	478	1	255	2	25008	3	1.00.0000	1.07.0000	1.07.0000	1.07.0000
15009	傳奇	1	130943	478	1	255	2	25009	3	1.00.0000	1.07.0000	1.07.0000	1.07.0000
15010	傳奇	1	130943	478	1	255	2	25010	3	1.00.0000	1.07.0000	1.07.0000	1.07.0000
15011	傳奇	1	130943	478	1	255	2	25011	3	1.00.0000	1.07.0000	1.07.0000	1.07.0000
15012	傳奇	1	130943	478	1	255	2	25012	3	1.00.0000	1.07.0000	1.07.0000	1.07.0000
15013	傳奇	1	130943	478	1	255	2	25013	3	1.00.0000	1.07.0000	1.07.0000	1.07.0000
15014	傳奇	1	130943	478	1	255	2	25014	3	1.00.0000	1.07.0000	1.07.0000	1.07.0000
15015	傳奇	1	130943	478	1	255	2	25015	3	1.00.0000	1.07.0000	1.07.0000	1.07.0000
15016	傳奇	1	130943	478	1	255	2	25016	3	1.00.0000	1.07.0000	1.07.0000	1.07.0000
15017	傳奇	1	130943	478	1	255	2	25017	3	1.00.0000	1.07.0000	1.07.0000	1.07.0000
15018	傳奇	1	130943	478	1	255	2	25018	3	1.00.0000	1.07.0000	1.07.0000	1.07.0000
15019	傳奇	1	130943	478	1	255	2	25019	3	1.00.0000	1.07.0000	1.07.0000	1.07.0000
15020	傳奇	1	130943	478	1	255	2	25020	3	1.00.0000	1.07.0000	1.07.0000	1.07.0000
15021	傳奇	1	130943	478	1	255	2	25021	3	1.00.0000	1.07.0000	1.07.0000	1.07.0000
15022	傳奇	1	130943	478	1	255	2	25022	3	1.00.0000	1.07.0000	1.07.0000	1.07.0000
15023	傳奇	1	130943	478	1	255	2	25023	3	1.00.0000	1.07.0000	1.07.0000	1.07.0000
15024	傳奇	1	130943	478	1	255	2	25024	3	1.00.0000	1.07.0000	1.07.0000	1.07.0000
15025	傳奇	1	130943	478	1	255	2	25025	3	1.00.0000	1.07.0000	1.07.0000	1.07.0000
15026	傳奇	1	130943	478	1	255	2	25026	3	1.00.0000	1.07.0000	1.07.0000	1.07.0000
15027	傳奇	1	130943	478	1	255	2	25027	3	1.00.0000	1.07.0000	1.07.0000	1.07.0000
15028	傳奇	1	130943	478	1	255	2	25028	3	1.00.0000	1.07.0000	1.07.0000	1.07.0000
15029	傳奇	1	130943	478	1	255	2	25029	3	1.00.0000	1.07.0000	1.07.0000	1.07.0000
15030	傳奇	1	130943	478	1	255	2	25030	3	1.00.0000	1.07.0000	1.07.0000	1.07.0000
15031	傳奇	1	130943	478	1	255	2	25031	3	1.00.0000	1.07.0000	1.07.0000	1.07.0000
15032	傳奇	1	130943	478	1	255	2	25032	3	1.00.0000	1.07.0000	1.07.0000	1.07.0000
15033	傳奇	1	130943	478	1	255	2	25033	3	1.00.0000	1.07.0000	1.07.0000	1.07.0000
15034	傳奇	1	130943	478	1	255	2	25034	3	1.00.0000	1.07.0000	1.07.0000	1.07.0000
15035	傳奇	1	130943	478	1	255	2	25035	3	1.00.0000	1.07.0000	1.07.0000	1.07.0000
15036	傳奇	1	130943	478	1	255	2	25036	3	1.00.0000	1.07.0000	1.07.0000	1.07.0000
15037	傳奇	1	130943	478	1	255	2	25037	3	1.00.0000	1.07.0000	1.07.0000	1.07.0000
15038	傳奇	1	130943	478	1	255	2	25038	3	1.00.0000	1.07.0000	1.07.0000	1.07.0000
15039	傳奇	1	130943	478	1	255	2	25039	3	1.00.0000	1.07.0000	1.07.0000	1.07.0000
15040	傳奇	1	130943	478	1	255	2	25040	3	1.00.0000	1.07.0000	1.07.0000	1.07.0000
15041	傳奇	1	130943	478	1	255	2	25041	3	1.00.0000	1.07.0000	1.07.0000	1.07.0000
15042	傳奇	1	130943	478	1	255	2	25042	3	1.00.0000	1.07.0000	1.07.0000	1.07.0000
15043	傳奇	1	130943	478	1	255	2	25043	3	1.00.0000	1.07.0000	1.07.0000	1.07.0000
15044	傳奇	1	130943	478	1	255	2	25044	3	1.00.0000	1.07.0000	1.07.0000	1.07.0000
15045	傳奇	1	130943	478	1	255	2	25045	3	1.00.0000	1.07.0000	1.07.0000	1.07.0000
15046	傳奇	1	130943	478	1	255	2	25046	3	1.00.0000	1.07.0000	1.07.0000	1.07.0000
15047	傳奇	1	130943	478	1	255	2	25047	3	1.00.0000	1.07.0000	1.07.0000	1.07.0000
15048	傳奇	1	130943	478	1	255	2	25048	3	1.00.0000	1.07.0000	1.07.0000	1.07.0000
15049	傳奇	1	130943	478	1	255	2	25049	3	1.00.0000	1.07.0000	1.07.0000	1.07.0000
15050	傳奇	1	130943	478	1	255	2	25050	3	1.00.0000	1.07.0000	1.07.0000	1.07.0000
15051	傳奇	1	130943	478	1	255	2	25051	3	1.00.0000	1.07.0000	1.07.0000	1.07.0000
15052	傳奇	1	130943	478	1	255	2	25052	3	1.00.0000	1.07.0000	1.07.0000	1.07.0000
15053	傳奇	1	130943	478	1	255	2	25053	3	1.00.0000	1.07.0000	1.07.0000	1.07.0000
15054	傳奇	1	130943	478	1	255	2	25054	3	1.00.0000	1.07.0000	1.07.0000	1.07.0000
15055	傳奇	1	130943	478	1	255	2	25055	3	1.00.0000	1.07.0000	1.07.0000	1.07.0000
15056	傳奇	1	130943	478	1	255	2	25056	3	1.00.0000	1.07.0000	1.07.0000	1.07.0000
15057	傳奇	1	130943	478	1	255	2	25057	3	1.00.0000	1.07.0000	1.07.0000	1.07.0000
15058	傳奇	1	130943	478	1	255	2	25058	3	1.00.0000	1.07.0000	1.07.0000	1.07.0000
15059	傳奇	1	130943	478	1	255	2	25059	3	1.00.0000	1.07.0000	1.07.0000	1.07.0000
15060	傳奇	1	130943	478	1	255	2	25060	3	1.00.0000	1.07.0000	1.07.0000	1.07.0000
15061	傳奇	1	130943	478	1	255	2	25061	3	1.00.0000	1.07.0000	1.07.0000	1.07.0000
15062	傳奇	1	130943	478	1	255	2	25062	3	1.00.0000	1.07.0000	1.07.0000	1.07.0000
15063	傳奇	1	130943	478	1	255	2	25063	3	1.00.0000	1.07.0000	1.07.0000	1.07.0000
15064	傳奇	1	130943	478	1	255	2	25064	3	1.00.0000	1.07.0000	1.07.0000	1.07.0000
15065	傳奇	1	130943	478	1	255	2	25065	3	1.00.0000	1.07.0000	1.07.0000	1.07.0000
15066	傳奇	1	130943	478	1	255	2	25066	3	1.00.0000	1.07.0000	1.07.0000	1.07.0000
15067	傳奇	1	130943	478	1	255	2	25067	3	1.00.0000	1.07.0000	1.07.0000	1.07.0000
15068	傳奇	1	130943	478	1	255	2	25068	3	1.00.0000	1.07.0000	1.07.0000	1.07.0000
15069	傳奇	1	130943	478	1	255	2	25069	3	1.00.0000	1.07.0000	1.07.0000	1.07.0000
15070	傳奇	1	130943	478	1	255	2	25070	3	1.00.0000	1.07.0000	1.07.0000	1.07.0000
15071	傳奇	1	130943	478	1	255	2	25071	3	1.00.0000	1.07.0000	1.07.0000	1.07.0000
15072	傳奇	1	130943	478	1	255	2	25072	3	1.00.0000	1.07.0000	1.07.0000	1.07.0000
15073	傳奇	1	130943	478	1	255	2	25073	3	1.00.0000	1.07.0000	1.07.0000	1.07.0000
15074	傳奇	1	130943	478	1	255	2	25074	3	1.00.0000	1.07.0000	1.07.0000	1.07.0000
15075	傳奇	1	130943	478	1	255	2	25075	3	1.00.0000	1.07.0000	1.07.0000	1.07.0000
15076	傳奇	1	130943	478	1	255	2	25076	3	1.00.0000	1.07.0000	1.07.0000	1.07.0000
15077	傳奇	1	130943	478	1	255	2	25077	3	1.00.0000	1.07.0000	1.07.0000	1.07.0000
15078	傳奇	1	130943	478	1	255	2	25078	3	1.00.0000	1.07.0000	1.07.0000	1.07.0000
15079	傳奇	1	130943	478	1	255	2	25079	3	1.00.0000	1.07.0000	1.07.0000	1.07.0000
15080	傳奇	1	130943	478	1	255	2	25080	3	1.00.0000	1.07.0000	1.07.0000	1.07.0000
15081	傳奇	1	130943	478	1	255	2	25081	3	1.00.0000	1.07.0000	1.07.0000	1.07.0000
15082	傳奇	1	130943	478	1	255	2	25082	3	1.00.0000	1.07.0000	1.07.0000	1.07.0000
15083	傳奇	1	130943	478	1	255	2	25083	3	1.00.0000	1.07.0000	1.07.0000	1.07.0000
15084	傳奇	1	130943	478	1	255	2	25084	3	1.00.0000	1.07.0000	1.07.0000	1.07.0000
15085	傳奇	1	130943	478	1	255	2	25085	3	1.00.0000	1.07.0000	1.07.0000	1.07.0000
15086	傳奇	1	130943	478	1	255	2	25086	3	1.00.0000	1.07.0000	1.07.0000	1.07.0000
15087	傳奇	1	130943	478	1	255	2	25087	3	1.00.0000	1.07.0000	1.07.0000	1.07.0000
15088	傳奇	1	130943	478	1	255	2	25088	3	1.00.0000	1.07.0000	1.07.0000	1.07.0000
15089	傳奇	1	130943	478	1	255	2	25089	3	1.00.0000	1.07.0000	1.07.0000	1.07.0000
15090	傳奇	1	130943	478	1	255	2	25090	3	1.00.0000	1.07.0000	1.07.0000	1.07.0000
15091	傳奇	1	130943	478	1	255	2	25091	3	1.00.0000	1.07.0000	1.07.0000	1.07.0000
15092	傳奇	1	130943	478	1	255	2	25092	3	1.00.0000	1.07.0000	1.07.0000	1.07.0000
15093	傳奇	1	130943	478	1	255	2	25093	3	1.00.0000	1.07.0000	1.07.0000	1.07.0000
15094	傳奇	1	130943	478	1	255	2	25094	3	1.00.0000	1.07.0000	1.07.0000	1.07.0000
15095	傳奇	1	130943	478	1	255	2	25095	3	1.00.0000	1.07.0000	1.07.0000	1.07.0000
15096	傳奇	1	130943	478	1	255	2	25096	3	1.00.0000	1.07.0000	1.07.0000	1.07.0000
15097	傳奇	1	130943	478	1	255	2	25097	3	1.00.0000	1.07.0000	1.07.0000	1.07.0000
15098	傳奇	1	130943	478	1	255	2	25098	3	1.00.0000	1.07.0000	1.07.0000	1.07.0000
15099	傳奇	1	130943	478	1	255	2	25099	3	1.00.0000	1.07.0000	1.07.0000	1.07.0000
15100	傳奇	1	130943	478	1	255	2	25100	3	1.00.0000	1.07.0000	1.07.0000	1.07.0000
15101	傳奇	1	130943	478	1	255	2	25101	3	1.00.0000	1.07.0000	1.07.0000	1.07.0000
15102	優質	1	1	2	20	255	10	25102	1	1.10.0200	1.10.0200	1.10.0200	1.10.0200
15103	靈性	1	1	68	40	255	5	25103	2	1.10.0200	1.10.0200	1.10.0200	1.10.0200
15104	傳奇	1	1	128	90	255	2	25104	3	1.10.0200	1.10.0200	1.10.0200	1.10.0200
15105	優質	1	1	2	20	255	10	25105	1	1.10.0200	1.10.0200	1.10.0200	1.10.0200
15106	靈性	1	1	68	40	255	5	25106	2	1.10.0200	1.10.0200	1.10.0200	1.10.0200
15107	傳奇	1	1	128	90	255	2	25107	3	1.10.0200	1.10.0200	1.10.0200	1.10.0200
15108	優質	1	2	2	20	255	10	25108	1	1.10.0200	1.10.0200	1.10.0200	1.10.0200
15109	靈性	1	2	68	40	255	5	25109	2	1.10.0200	1.10.0200	1.10.0200	1.10.0200
15110	傳奇	1	2	128	90	255	2	25110	3	1.10.0200	1.10.0200	1.10.0200	1.10.0200
15111	優質	1	2	2	20	255	10	25111	1	1.10.0200	1.10.0200	1.10.0200	1.10.0200
15112	靈性	1	2	68	40	255	5	25112	2	1.10.0200	1.10.0200	1.10.0200	1.10.0200
15113	傳奇	1	2	128	90	255	2	25113	3	1.10.0200	1.10.0200	1.10.0200	1.10.0200
15114	優質	1	16	2	20	255	10	25114	1	1.10.0200	1.10.0200	1.10.0200	1.10.0200
15115	靈性	1	16	68	40	255	5	25115	2	1.10.0200	1.10.0200	1.10.0200	1.10.0200
15116	傳奇	1	16	128	90	255	2	25116	3	1.10.0200	1.10.0200	1.10.0200	1.10.0200
15117	優質	1	16	2	20	255	10	25117	1	1.10.0200	1.10.0200	1.10.0200	1.10.0200
15118	靈性	1	16	68	40	255	5	25118	2	1.10.0200	1.10.0200	1.10.0200	1.10.0200
15119	傳奇	1	16	128	90	255	2	25119	3	1.10.0200	1.10.0200	1.10.0200	1.10.0200
15120	優質	1	64	2	20	255	10	25120	1	1.10.0200	1.10.0200	1.10.0200	1.10.0200
15121	靈性	1	64	68	40	255	5	25121	2	1.10.0200	1.10.0200	1.10.0200	1.10.0200
15122	傳奇	1	64	128	90	255	2	25122	3	1.10.0200	1.10.0200	1.10.0200	1.10.0200
15123	優質	1	64	2	20	255	10	25123	1	1.10.0200	1.10.0200	1.10.0200	1.10.0200
15124	靈性	1	64	68	40	255	5	25124	2	1.10.0200	1.10.0200	1.10.0200	1.10.0200
15125	傳奇	1	64	128	90	255	2	25125	3	1.10.0200	1.10.0200	1.10.0200	1.10.0200
15126	優質	1	8	2	20	255	10	25126	1	1.10.0200	1.10.0200	1.10.0200	1.10.0200
15127	靈性	1	8	68	40	255	5	25127	2	1.10.0200	1.10.0200	1.10.0200	1.10.0200
15128	傳奇	1	8	128	90	255	2	25128	3	1.10.0200	1.10.0200	1.10.0200	1.10.0200
15129	優質	1	8	2	20	255	10	25129	1	1.10.0200	1.10.0200	1.10.0200	1.10.0200
15130	靈性	1	8	68	40	255	5	25130	2	1.10.0200	1.10.0200	1.10.0200	1.10.0200
15131	傳奇	1	8	128	90	255	2	25131	3	1.10.0200	1.10.0200	1.10.0200	1.10.0200
