n_ID	n_NPC_TALK1	n_PLAYER_ANSWER1_1	n_QUEST_FLAG1_1	n_PLAYER_ANSWER1_2	n_QUEST_FLAG1_2	n_PLAYER_ANSWER1_3	n_QUEST_FLAG1_3	n_PLAYER_ANSWER1_4	n_QUEST_FLAG1_4	n_NPC_TALK2	n_PLAYER_ANSWER2_1	n_QUEST_FLAG2_1	n_PLAYER_ANSWER2_2	n_QUEST_FLAG2_2	n_PLAYER_ANSWER2_3	n_QUEST_FLAG2_3	n_PLAYER_ANSWER2_4	n_QUEST_FLAG2_4	n_NPC_TALK3	n_PLAYER_ANSWER3_1	n_QUEST_FLAG3_1	n_PLAYER_ANSWER3_2	n_QUEST_FLAG3_2	n_PLAYER_ANSWER3_3	n_QUEST_FLAG3_3	n_PLAYER_ANSWER3_4	n_QUEST_FLAG3_4	n_NPC_TALK4	n_PLAYER_ANSWER4_1	n_QUEST_FLAG4_1	n_PLAYER_ANSWER4_2	n_QUEST_FLAG4_2	n_PLAYER_ANSWER4_3	n_QUEST_FLAG4_3	n_PLAYER_ANSWER4_4	n_QUEST_FLAG4_4	n_NPC_TALK5	n_PLAYER_ANSWER5_1	n_QUEST_FLAG5_1	n_PLAYER_ANSWER5_2	n_QUEST_FLAG5_2	n_PLAYER_ANSWER5_3	n_QUEST_FLAG5_3	n_PLAYER_ANSWER5_4	n_QUEST_FLAG5_4	n_NPC_ACCEPTED	n_PLAYER_ACCEPTED	n_NPC_COMPLETEL1	n_PLAYER_COMPLETEL1	n_NPC_COMPLETEL2	n_PLAYER_COMPLETEL2	n_NPC_COMPLETEL3	n_PLAYER_COMPLETEL3	n_NPC_BONUS	n_BONUS_QUEST_FLAG	s_ROLE_TALK	s_ROLE_ACCEPTED	s_ROLE_COMPLETE	s_ROLE_BONUS
1	1	2	1	3	1	4	1	0	0	0	0	0	0	0	0	0	0	0	0	0	0	0	0	0	0	0	0	0	0	0	0	0	0	0	0	0	0	0	0	0	0	0	0	0	0	5	6	7	8	0	0	0	0	9	2				
2	1	2	0	3	1	4	0	0	0	5	6	1	7	1	8	1	0	0	0	0	0	0	0	0	0	0	0	0	0	0	0	0	0	0	0	0	0	0	0	0	0	0	0	0	0	9	10	11	12	13	14	0	0	15	2				
3	1	2	0	3	0	4	0	0	0	5	6	0	7	0	8	0	0	0	9	10	1	11	1	12	1	0	0	0	0	0	0	0	0	0	0	0	0	0	0	0	0	0	0	0	0	13	14	15	16	17	18	0	0	19	2				
4	1	2	0	0	0	0	0	0	0	3	4	1	0	0	0	0	0	0	0	0	0	0	0	0	0	0	0	0	0	0	0	0	0	0	0	0	0	0	0	0	0	0	0	0	0	5	6	7	8	0	0	0	0	9	2				
5	1	2	0	0	0	0	0	0	0	3	4	1	0	0	0	0	0	0	0	0	0	0	0	0	0	0	0	0	0	0	0	0	0	0	0	0	0	0	0	0	0	0	0	0	0	5	6	7	8	0	0	0	0	9	2				
6	1	2	0	0	0	0	0	0	0	3	4	0	0	0	0	0	0	0	5	6	0	7	0	8	0	0	0	9	10	1	0	0	0	0	0	0	0	0	0	0	0	0	0	0	0	11	12	13	14	15	16	0	0	17	2				
7	1	2	0	3	0	4	0	0	0	5	6	0	7	0	8	0	0	0	9	10	0	0	0	0	0	0	0	11	12	1	0	0	0	0	0	0	0	0	0	0	0	0	0	0	0	13	14	15	16	17	18	19	20	21	2				
8	1	2	0	3	0	4	0	0	0	5	6	0	7	0	0	0	0	0	8	9	1	0	0	0	0	0	0	0	0	0	0	0	0	0	0	0	0	0	0	0	0	0	0	0	0	10	11	12	13	14	15	16	17	18	2				
9	1	2	0	3	0	4	0	0	0	5	6	1	7	1	8	1	0	0	0	0	0	0	0	0	0	0	0	0	0	0	0	0	0	0	0	0	0	0	0	0	0	0	0	0	0	9	10	11	12	0	0	0	0	13	2				
10	1	2	1	3	1	4	1	0	0	0	0	0	0	0	0	0	0	0	0	0	0	0	0	0	0	0	0	0	0	0	0	0	0	0	0	0	0	0	0	0	0	0	0	0	0	5	6	7	8	0	0	0	0	9	2				
11	1	2	1	3	0	0	0	0	0	4	5	0	0	0	0	0	0	0	0	0	0	0	0	0	0	0	0	0	0	0	0	0	0	0	0	0	0	0	0	0	0	0	0	0	0	6	7	8	9	10	11	0	0	12	2				
12	1	2	1	3	0	0	0	0	0	0	0	0	0	0	0	0	0	0	0	0	0	0	0	0	0	0	0	0	0	0	0	0	0	0	0	0	0	0	0	0	0	0	0	0	0	0	0	0	0	0	0	0	0	0	0				
13	1	2	1	3	0	0	0	0	0	0	0	0	0	0	0	0	0	0	0	0	0	0	0	0	0	0	0	0	0	0	0	0	0	0	0	0	0	0	0	0	0	0	0	0	0	0	0	0	0	0	0	0	0	0	0	1;BISMARCK_0\n\n\n\n			
14	1	2	1	0	0	0	0	0	0	0	0	0	0	0	0	0	0	0	0	0	0	0	0	0	0	0	0	0	0	0	0	0	0	0	0	0	0	0	0	0	0	0	0	0	0	3	4	5	6	0	0	0	0	7	2				
15	1	2	1	3	1	4	1	0	0	0	0	0	0	0	0	0	0	0	0	0	0	0	0	0	0	0	0	0	0	0	0	0	0	0	0	0	0	0	0	0	0	0	0	0	0	5	6	7	8	0	0	0	0	9	2				
16	1	2	1	3	0	0	0	0	0	4	5	0	0	0	0	0	0	0	0	0	0	0	0	0	0	0	0	0	0	0	0	0	0	0	0	0	0	0	0	0	0	0	0	0	0	6	7	8	9	10	11	0	0	12	2				
17	1	2	1	3	1	4	1	0	0	0	0	0	0	0	0	0	0	0	0	0	0	0	0	0	0	0	0	0	0	0	0	0	0	0	0	0	0	0	0	0	0	0	0	0	0	5	6	7	8	0	0	0	0	9	2				
18	1	2	0	0	0	0	0	0	0	3	4	1	5	1	6	1	0	0	0	0	0	0	0	0	0	0	0	0	0	0	0	0	0	0	0	0	0	0	0	0	0	0	0	0	0	7	8	9	10	11	12	0	0	13	2				
19	1	2	0	0	0	0	0	0	0	3	4	1	0	0	0	0	0	0	0	0	0	0	0	0	0	0	0	0	0	0	0	0	0	0	0	0	0	0	0	0	0	0	0	0	0	5	6	7	8	0	0	0	0	9	2				
20	1	2	0	0	0	0	0	0	0	3	4	1	0	0	0	0	0	0	0	0	0	0	0	0	0	0	0	0	0	0	0	0	0	0	0	0	0	0	0	0	0	0	0	0	0	5	6	7	8	0	0	0	0	9	2				
21	1	2	0	0	0	0	0	0	0	3	4	1	0	0	0	0	0	0	0	0	0	0	0	0	0	0	0	0	0	0	0	0	0	0	0	0	0	0	0	0	0	0	0	0	0	5	6	7	8	9	10	0	0	11	2				
22	1	2	0	0	0	0	0	0	0	3	4	1	0	0	0	0	0	0	0	0	0	0	0	0	0	0	0	0	0	0	0	0	0	0	0	0	0	0	0	0	0	0	0	0	0	5	6	7	8	0	0	0	0	9	2				
23	1	2	0	0	0	0	0	0	0	3	4	0	0	0	0	0	0	0	5	6	1	0	0	0	0	0	0	0	0	0	0	0	0	0	0	0	0	0	0	0	0	0	0	0	0	7	8	9	10	0	0	0	0	11	2				
24	1	2	0	0	0	0	0	0	0	3	4	1	0	0	0	0	0	0	0	0	0	0	0	0	0	0	0	0	0	0	0	0	0	0	0	0	0	0	0	0	0	0	0	0	0	5	6	7	8	0	0	0	0	9	2				
25	1	2	1	0	0	0	0	0	0	0	0	0	0	0	0	0	0	0	0	0	0	0	0	0	0	0	0	0	0	0	0	0	0	0	0	0	0	0	0	0	0	0	0	0	0	3	4	5	6	0	0	0	0	7	2	1;SHADOW_0\n\n\n\n	1;ROSE_PRINCESS_2	1;ROSE_PRINCESS_0\n\n	ROSE_PRINCESS_2
26	1	2	0	0	0	0	0	0	0	3	4	1	5	0	0	0	0	0	6	7	0	0	0	0	0	0	0	0	0	0	0	0	0	0	0	0	0	0	0	0	0	0	0	0	0	8	9	10	11	12	13	0	0	14	2	1;ROSE_PRINCESS_0\n2;ROSE_PRINCESS_0\n3;ROSE_PRINCESS_1\n\n	1;ROSE_PRINCESS_1	1;ROSE_PRINCESS_0\n2;ROSE_PRINCESS_3\n	ROSE_PRINCESS_3
27	1	2	0	0	0	0	0	0	0	3	4	1	0	0	0	0	0	0	0	0	0	0	0	0	0	0	0	0	0	0	0	0	0	0	0	0	0	0	0	0	0	0	0	0	0	5	6	7	8	0	0	0	0	9	2	1;ROSE_PRINCESS_0\n2;ROSE_PRINCESS_0\n\n\n	1;NELSON_0	1;NELSON_0\n\n	NELSON_1
28	1	2	1	3	0	0	0	0	0	0	0	0	0	0	0	0	0	0	0	0	0	0	0	0	0	0	0	0	0	0	0	0	0	0	0	0	0	0	0	0	0	0	0	0	0	4	5	6	7	8	9	0	0	10	2	1;NELSON_0\n\n\n\n	1;NELSON_0	1;NELSON_0\n2;NELSON_0\n	NELSON_0
29	1	2	0	0	0	0	0	0	0	3	4	0	0	0	0	0	0	0	5	6	1	7	0	0	0	0	0	0	0	0	0	0	0	0	0	0	0	0	0	0	0	0	0	0	0	0	0	0	0	0	0	0	0	0	0	1;NELSON_0\n2;NELSON_0\n3;NELSON_0\n\n	1;NELSON_0		
30	1	2	0	0	0	0	0	0	0	3	4	0	0	0	0	0	0	0	5	6	0	7	0	8	0	0	0	9	10	1	0	0	0	0	0	0	0	0	0	0	0	0	0	0	0	11	12	13	14	15	16	0	0	17	2	1;BISMARCK_0\n2;BISMARCK_0\n\n\n	1;ODYSSEY_0	1;ODYSSEY_2\n2;ODYSSEY_2\n	ODYSSEY_0
31	1	2	0	0	0	0	0	0	0	3	4	0	0	0	0	0	0	0	5	6	0	0	0	0	0	0	0	7	8	0	9	1	10	0	0	0	11	12	0	0	0	0	0	0	0	13	14	15	16	0	0	0	0	17	2	1;NELSON_0\n2;NELSON_0\n3;NELSON_0\n4;NELSON_0\n5;NELSON_2	1;NELSON_0	1;NELSON_0\n\n	NELSON_0
32	1	2	0	0	0	0	0	0	0	3	4	1	0	0	0	0	0	0	0	0	0	0	0	0	0	0	0	0	0	0	0	0	0	0	0	0	0	0	0	0	0	0	0	0	0	5	6	7	8	0	0	0	0	9	2	1;NELSON_0\n2;NELSON_0\n\n\n	1;DORIS0_0	1;DORIS0_0\n2;DORIS0_0\n	DORIS0_0
33	1	2	0	0	0	0	0	0	0	3	4	1	0	0	0	0	0	0	0	0	0	0	0	0	0	0	0	0	0	0	0	0	0	0	0	0	0	0	0	0	0	0	0	0	0	5	6	7	8	0	0	0	0	9	2				
34	1	2	1	3	0	0	0	0	0	4	5	0	0	0	0	0	0	0	0	0	0	0	0	0	0	0	0	0	0	0	0	0	0	0	0	0	0	0	0	0	0	0	0	0	0	6	7	8	9	0	0	0	0	10	2				
35	1	2	1	3	0	0	0	0	0	4	5	0	0	0	0	0	0	0	0	0	0	0	0	0	0	0	0	0	0	0	0	0	0	0	0	0	0	0	0	0	0	0	0	0	0	6	7	8	9	0	0	0	0	10	2				
36	1	2	0	0	0	0	0	0	0	3	4	1	5	0	6	0	0	0	7	8	0	0	0	0	0	0	0	0	0	0	0	0	0	0	0	0	0	0	0	0	0	0	0	0	0	9	10	11	12	0	0	0	0	13	2				
37	1	2	0	0	0	0	0	0	0	3	4	0	5	0	6	1	0	0	7	8	0	0	0	0	0	0	0	0	0	0	0	0	0	0	0	0	0	0	0	0	0	0	0	0	0	9	10	11	12	0	0	0	0	13	2				
38	1	2	0	0	0	0	0	0	0	3	4	1	0	0	0	0	0	0	0	0	0	0	0	0	0	0	0	0	0	0	0	0	0	0	0	0	0	0	0	0	0	0	0	0	0	5	6	7	8	0	0	0	0	9	2				
39	1	2	0	0	0	0	0	0	0	3	4	1	0	0	0	0	0	0	0	0	0	0	0	0	0	0	0	0	0	0	0	0	0	0	0	0	0	0	0	0	0	0	0	0	0	5	6	7	8	0	0	0	0	9	2				
40	1	2	1	3	0	0	0	0	0	4	5	0	0	0	0	0	0	0	0	0	0	0	0	0	0	0	0	0	0	0	0	0	0	0	0	0	0	0	0	0	0	0	0	0	0	6	7	8	9	0	0	0	0	10	2		1;DORIS1_0	1;DORIS1_1	DORIS1_1
41	1	2	0	0	0	0	0	0	0	3	4	0	0	0	0	0	0	0	5	6	1	0	0	0	0	0	0	0	0	0	0	0	0	0	0	0	0	0	0	0	0	0	0	0	0	7	8	9	10	11	12	0	0	13	2		1;BEERSALES_0	1;BEERSALES_0\n2;BEERSALES_0\n	BEERSALES_0
42	1	2	1	0	0	0	0	0	0	0	0	0	0	0	0	0	0	0	0	0	0	0	0	0	0	0	0	0	0	0	0	0	0	0	0	0	0	0	0	0	0	0	0	0	0	3	4	5	6	0	0	0	0	7	2	1;BEERSALES_0\n\n\n\n			
43	1	2	1	0	0	0	0	0	0	0	0	0	0	0	0	0	0	0	0	0	0	0	0	0	0	0	0	0	0	0	0	0	0	0	0	0	0	0	0	0	0	0	0	0	0	3	4	5	6	0	0	0	0	7	2	1;BEERSALES_0\n\n\n\n			
44	1	2	0	0	0	0	0	0	0	3	4	1	0	0	0	0	0	0	0	0	0	0	0	0	0	0	0	0	0	0	0	0	0	0	0	0	0	0	0	0	0	0	0	0	0	5	6	7	8	0	0	0	0	9	2	1;ROSE_PRINCESS_0\n2;ROSE_PRINCESS_0\n\n\n			
45	1	2	1	0	0	0	0	0	0	0	0	0	0	0	0	0	0	0	0	0	0	0	0	0	0	0	0	0	0	0	0	0	0	0	0	0	0	0	0	0	0	0	0	0	0	3	4	5	6	0	0	0	0	7	2		1;ROSE_PRINCESS_0	1;ROSE_PRINCESS_0\n\n	ROSE_PRINCESS_2
46	1	2	0	0	0	0	0	0	0	3	4	0	0	0	0	0	0	0	5	6	0	7	0	8	1	0	0	9	10	0	0	0	0	0	0	0	0	0	0	0	0	0	0	0	0	11	12	13	14	0	0	0	0	15	2	1;ROSE_PRINCESS_2\n2;ROSE_PRINCESS_0\n3;ROSE_PRINCESS_0\n4;ROSE_PRINCESS_0\n	1;ROSE_PRINCESS_0	1;ROSE_PRINCESS_0\n\n	ROSE_PRINCESS_0
47	1	2	0	0	0	0	0	0	0	3	4	0	5	1	6	0	0	0	7	8	0	0	0	0	0	0	0	0	0	0	0	0	0	0	0	0	0	0	0	0	0	0	0	0	0	9	10	11	12	0	0	0	0	13	2	1;ROSE_PRINCESS_0\n2;ROSE_PRINCESS_0\n3;ROSE_PRINCESS_0\n\n	1;ROSE_PRINCESS_0	1;ROSE_PRINCESS_0\n\n	ROSE_PRINCESS_0
48	1	2	0	0	0	0	0	0	0	3	4	0	5	0	6	1	0	0	7	8	0	0	0	0	0	0	0	0	0	0	0	0	0	0	0	0	0	0	0	0	0	0	0	0	0	9	10	11	12	0	0	0	0	13	2	1;ROSE_PRINCESS_0\n2;ROSE_PRINCESS_0\n3;ROSE_PRINCESS_0\n\n		1;ROSE_PRINCESS_3\n\n	ROSE_PRINCESS_0
49	1	2	0	0	0	0	0	0	0	3	4	1	0	0	0	0	0	0	0	0	0	0	0	0	0	0	0	0	0	0	0	0	0	0	0	0	0	0	0	0	0	0	0	0	0	5	6	7	8	0	0	0	0	9	2	1;BISMARCK_0\n2;BISMARCK_0\n\n\n	1;BISMARCK_0	1;BISMARCK_0\n\n	BISMARCK_1
50	1	2	0	0	0	0	0	0	0	3	4	1	0	0	0	0	0	0	0	0	0	0	0	0	0	0	0	0	0	0	0	0	0	0	0	0	0	0	0	0	0	0	0	0	0	5	6	7	8	0	0	0	0	9	2	1;YAMA_0\n2;YAMA_0\n\n\n			
51	1	2	0	0	0	0	0	0	0	3	4	0	0	0	0	0	0	0	5	6	1	0	0	0	0	0	0	0	0	0	0	0	0	0	0	0	0	0	0	0	0	0	0	0	0	7	8	9	10	0	0	0	0	11	2				
52	1	2	1	0	0	0	0	0	0	0	0	0	0	0	0	0	0	0	0	0	0	0	0	0	0	0	0	0	0	0	0	0	0	0	0	0	0	0	0	0	0	0	0	0	0	3	4	5	6	0	0	0	0	7	2				
53	1	2	1	0	0	0	0	0	0	0	0	0	0	0	0	0	0	0	0	0	0	0	0	0	0	0	0	0	0	0	0	0	0	0	0	0	0	0	0	0	0	0	0	0	0	3	4	5	6	0	0	0	0	7	2				
54	1	2	0	0	0	0	0	0	0	3	4	1	0	0	0	0	0	0	0	0	0	0	0	0	0	0	0	0	0	0	0	0	0	0	0	0	0	0	0	0	0	0	0	0	0	5	6	7	8	0	0	0	0	9	2				
55	1	2	0	0	0	0	0	0	0	3	4	0	0	0	0	0	0	0	5	6	1	0	0	0	0	0	0	0	0	0	0	0	0	0	0	0	0	0	0	0	0	0	0	0	0	7	8	9	10	0	0	0	0	11	2				
56	1	2	0	0	0	0	0	0	0	3	4	0	0	0	0	0	0	0	5	6	1	0	0	0	0	0	0	0	0	0	0	0	0	0	0	0	0	0	0	0	0	0	0	0	0	7	8	9	10	0	0	0	0	11	2				
57	1	2	0	0	0	0	0	0	0	3	4	0	0	0	0	0	0	0	5	6	0	0	0	0	0	0	0	7	8	0	0	0	0	0	0	0	9	10	1	0	0	0	0	0	0	0	0	0	0	0	0	0	0	0	0				
58	1	2	0	0	0	0	0	0	0	3	4	1	0	0	0	0	0	0	0	0	0	0	0	0	0	0	0	0	0	0	0	0	0	0	0	0	0	0	0	0	0	0	0	0	0	5	6	7	8	9	10	0	0	11	2				
59	1	2	0	0	0	0	0	0	0	3	4	1	0	0	0	0	0	0	0	0	0	0	0	0	0	0	0	0	0	0	0	0	0	0	0	0	0	0	0	0	0	0	0	0	0	5	6	7	8	0	0	0	0	9	2				
60	1	2	0	0	0	0	0	0	0	3	4	1	5	0	0	0	0	0	6	7	0	0	0	0	0	0	0	0	0	0	0	0	0	0	0	0	0	0	0	0	0	0	0	0	0	8	9	10	11	0	0	0	0	12	2				
61	1	2	1	0	0	0	0	0	0	0	0	0	0	0	0	0	0	0	0	0	0	0	0	0	0	0	0	0	0	0	0	0	0	0	0	0	0	0	0	0	0	0	0	0	0	3	4	5	6	0	0	0	0	7	2				
62	1	2	0	0	0	0	0	0	0	3	4	0	0	0	0	0	0	0	5	6	1	0	0	0	0	0	0	0	0	0	0	0	0	0	0	0	0	0	0	0	0	0	0	0	0	7	8	9	10	0	0	0	0	11	2				
64	1	2	0	0	0	0	0	0	0	3	4	0	0	0	0	0	0	0	5	6	1	0	0	0	0	0	0	0	0	0	0	0	0	0	0	0	0	0	0	0	0	0	0	0	0	7	8	9	10	0	0	0	0	11	0				
65	1	2	0	0	0	0	0	0	0	3	4	1	5	0	0	0	0	0	6	7	0	0	0	0	0	0	0	0	0	0	0	0	0	0	0	0	0	0	0	0	0	0	0	0	0	8	9	10	11	0	0	0	0	12	2				
66	1	2	0	0	0	0	0	0	0	3	4	1	0	0	0	0	0	0	0	0	0	0	0	0	0	0	0	0	0	0	0	0	0	0	0	0	0	0	0	0	0	0	0	0	0	5	6	7	8	0	0	0	0	9	2				
67	1	2	0	0	0	0	0	0	0	3	4	1	0	0	0	0	0	0	0	0	0	0	0	0	0	0	0	0	0	0	0	0	0	0	0	0	0	0	0	0	0	0	0	0	0	5	6	7	8	0	0	0	0	9	2				
68	1	2	0	0	0	0	0	0	0	3	4	0	0	0	0	0	0	0	5	6	1	7	0	0	0	0	0	8	9	0	0	0	0	0	0	0	0	0	0	0	0	0	0	0	0	10	11	12	13	14	15	0	0	16	2	1;ODYSSEY_0\n2;ODYSSEY_0\n3;ODYSSEY_1\n4;ODYSSEY_1\n		1;ODYSSEY_3\n2;ODYSSEY_1\n	ODYSSEY_0
69	1	2	0	0	0	0	0	0	0	3	4	1	0	0	0	0	0	0	0	0	0	0	0	0	0	0	0	0	0	0	0	0	0	0	0	0	0	0	0	0	0	0	0	0	0	5	6	7	8	0	0	0	0	9	2	1;ODYSSEY_0\n2;ODYSSEY_0\n\n\n	1;ODYSSEY_1	1;ODYSSEY_0\n\n	ODYSSEY_2
70	1	2	0	0	0	0	0	0	0	3	4	0	0	0	0	0	0	0	5	6	1	0	0	0	0	0	0	0	0	0	0	0	0	0	0	0	0	0	0	0	0	0	0	0	0	7	8	9	10	0	0	0	0	11	2	1;ODYSSEY_0\n2;ODYSSEY_0\n3;ODYSSEY_0\n\n			
71	1	2	0	0	0	0	0	0	0	3	4	1	0	0	0	0	0	0	0	0	0	0	0	0	0	0	0	0	0	0	0	0	0	0	0	0	0	0	0	0	0	0	0	0	0	5	6	7	8	0	0	0	0	9	2				
72	1	2	0	0	0	0	0	0	0	3	4	1	0	0	0	0	0	0	0	0	0	0	0	0	0	0	0	0	0	0	0	0	0	0	0	0	0	0	0	0	0	0	0	0	0	5	6	7	8	0	0	0	0	9	2				
73	1	2	1	0	0	0	0	0	0	0	0	0	0	0	0	0	0	0	0	0	0	0	0	0	0	0	0	0	0	0	0	0	0	0	0	0	0	0	0	0	0	0	0	0	0	3	4	5	6	7	8	0	0	9	2		1;ODYSSEY_0	1;ODYSSEY_3\n2;ODYSSEY_0\n	ODYSSEY_1
74	1	2	0	0	0	0	0	0	0	3	4	1	0	0	0	0	0	0	0	0	0	0	0	0	0	0	0	0	0	0	0	0	0	0	0	0	0	0	0	0	0	0	0	0	0	5	6	7	8	0	0	0	0	9	2	1;ODYSSEY_0\n2;ODYSSEY_1\n\n\n	1;ODYSSEY_1	1;ODYSSEY_0\n\n	ODYSSEY_0
75	1	2	0	0	0	0	0	0	0	3	4	1	0	0	0	0	0	0	0	0	0	0	0	0	0	0	0	0	0	0	0	0	0	0	0	0	0	0	0	0	0	0	0	0	0	5	6	7	8	0	0	0	0	9	2	1;ODYSSEY_1\n2;ODYSSEY_1\n\n\n	1;ODYSSEY_0	1;ODYSSEY_0\n\n	ODYSSEY_0
76	1	2	0	0	0	0	0	0	0	3	4	0	0	0	0	0	0	0	5	6	0	0	0	0	0	0	0	7	8	1	9	0	0	0	0	0	10	11	0	0	0	0	0	0	0	0	0	0	0	0	0	0	0	0	0	1;ODYSSEY_0\n2;ODYSSEY_1\n3;ODYSSEY_0\n4;ODYSSEY_0\n5;ODYSSEY_0			
77	1	2	0	0	0	0	0	0	0	3	4	1	0	0	0	0	0	0	0	0	0	0	0	0	0	0	0	0	0	0	0	0	0	0	0	0	0	0	0	0	0	0	0	0	0	5	6	7	8	0	0	0	0	9	2	1;ODYSSEY_3\n2;ODYSSEY_1\n\n\n		1;ODYSSEY_0\n\n	ODYSSEY_0
78	1	2	0	0	0	0	0	0	0	3	4	0	0	0	0	0	0	0	5	6	1	0	0	0	0	0	0	0	0	0	0	0	0	0	0	0	0	0	0	0	0	0	0	0	0	7	8	9	10	11	12	13	14	15	2	1;ODYSSEY_0\n2;ODYSSEY_1\n3;ODYSSEY_0\n\n		1;ODYSSEY_0\n2;ODYSSEY_1\n	ODYSSEY_1
79	1	2	0	0	0	0	0	0	0	3	4	1	0	0	0	0	0	0	0	0	0	0	0	0	0	0	0	0	0	0	0	0	0	0	0	0	0	0	0	0	0	0	0	0	0	5	6	7	8	0	0	0	0	9	2				
80	1	2	0	3	0	0	0	0	0	4	5	1	0	0	0	0	0	0	0	0	0	0	0	0	0	0	0	0	0	0	0	0	0	0	0	0	0	0	0	0	0	0	0	0	0	6	7	8	9	10	11	0	0	12	2			1;ROSE_PRINCESS_2\n2;ROSE_PRINCESS_2\n	ROSE_PRINCESS_0
81	1	2	0	0	0	0	0	0	0	3	4	0	0	0	0	0	0	0	5	6	1	0	0	0	0	0	0	0	0	0	0	0	0	0	0	0	0	0	0	0	0	0	0	0	0	7	8	9	10	0	0	0	0	11	2				
82	1	2	1	0	0	0	0	0	0	0	0	0	0	0	0	0	0	0	0	0	0	0	0	0	0	0	0	0	0	0	0	0	0	0	0	0	0	0	0	0	0	0	0	0	0	3	4	5	6	0	0	0	0	7	2				
83	1	2	0	0	0	0	0	0	0	3	4	1	0	0	0	0	0	0	0	0	0	0	0	0	0	0	0	0	0	0	0	0	0	0	0	0	0	0	0	0	0	0	0	0	0	5	6	7	8	0	0	0	0	9	2				
84	1	2	1	0	0	0	0	0	0	0	0	0	0	0	0	0	0	0	0	0	0	0	0	0	0	0	0	0	0	0	0	0	0	0	0	0	0	0	0	0	0	0	0	0	0	3	4	5	6	0	0	0	0	7	2				
85	1	2	1	0	0	0	0	0	0	0	0	0	0	0	0	0	0	0	0	0	0	0	0	0	0	0	0	0	0	0	0	0	0	0	0	0	0	0	0	0	0	0	0	0	0	3	4	5	6	0	0	0	0	7	2				
86	1	2	0	0	0	0	0	0	0	3	4	1	0	0	0	0	0	0	0	0	0	0	0	0	0	0	0	0	0	0	0	0	0	0	0	0	0	0	0	0	0	0	0	0	0	5	6	7	8	0	0	0	0	9	2				
87	1	2	0	0	0	0	0	0	0	3	4	1	0	0	0	0	0	0	0	0	0	0	0	0	0	0	0	0	0	0	0	0	0	0	0	0	0	0	0	0	0	0	0	0	0	5	6	7	8	0	0	0	0	9	2				
88	1	2	0	0	0	0	0	0	0	3	4	1	0	0	0	0	0	0	0	0	0	0	0	0	0	0	0	0	0	0	0	0	0	0	0	0	0	0	0	0	0	0	0	0	0	5	6	7	8	0	0	0	0	9	2				
89	1	2	1	0	0	0	0	0	0	0	0	0	0	0	0	0	0	0	0	0	0	0	0	0	0	0	0	0	0	0	0	0	0	0	0	0	0	0	0	0	0	0	0	0	0	3	4	5	6	0	0	0	0	7	2				
90	1	2	1	0	0	0	0	0	0	0	0	0	0	0	0	0	0	0	0	0	0	0	0	0	0	0	0	0	0	0	0	0	0	0	0	0	0	0	0	0	0	0	0	0	0	3	4	5	6	0	0	0	0	7	2				
91	1	2	0	0	0	0	0	0	0	3	4	1	0	0	0	0	0	0	0	0	0	0	0	0	0	0	0	0	0	0	0	0	0	0	0	0	0	0	0	0	0	0	0	0	0	5	6	7	8	0	0	0	0	9	2				
92	1	2	0	0	0	0	0	0	0	3	4	1	0	0	0	0	0	0	0	0	0	0	0	0	0	0	0	0	0	0	0	0	0	0	0	0	0	0	0	0	0	0	0	0	0	5	6	7	8	0	0	0	0	9	2				
93	1	2	1	0	0	0	0	0	0	0	0	0	0	0	0	0	0	0	0	0	0	0	0	0	0	0	0	0	0	0	0	0	0	0	0	0	0	0	0	0	0	0	0	0	0	3	4	5	6	0	0	0	0	7	2				
94	1	2	1	0	0	0	0	0	0	0	0	0	0	0	0	0	0	0	0	0	0	0	0	0	0	0	0	0	0	0	0	0	0	0	0	0	0	0	0	0	0	0	0	0	0	3	4	5	6	0	0	0	0	7	2				
95	1	2	1	0	0	0	0	0	0	0	0	0	0	0	0	0	0	0	0	0	0	0	0	0	0	0	0	0	0	0	0	0	0	0	0	0	0	0	0	0	0	0	0	0	0	3	4	5	6	0	0	0	0	7	2				
96	1	2	0	0	0	0	0	0	0	3	4	0	0	0	0	0	0	0	5	6	1	0	0	0	0	0	0	0	0	0	0	0	0	0	0	0	0	0	0	0	0	0	0	0	0	7	8	9	10	0	0	0	0	11	2				
97	1	2	1	0	0	0	0	0	0	0	0	0	0	0	0	0	0	0	0	0	0	0	0	0	0	0	0	0	0	0	0	0	0	0	0	0	0	0	0	0	0	0	0	0	0	3	4	5	6	0	0	0	0	7	2				
98	1	2	1	0	0	0	0	0	0	0	0	0	0	0	0	0	0	0	0	0	0	0	0	0	0	0	0	0	0	0	0	0	0	0	0	0	0	0	0	0	0	0	0	0	0	3	4	5	6	0	0	0	0	7	2				
99	1	2	0	0	0	0	0	0	0	3	4	0	0	0	0	0	0	0	5	6	0	0	0	0	0	0	0	7	8	1	9	1	0	0	0	0	0	0	0	0	0	0	0	0	0	10	11	12	13	0	0	0	0	14	2		1;COLUMBUS_0	1;COLUMBUS_0\n\n	COLUMBUS_3
100	1	2	0	0	0	0	0	0	0	3	4	1	0	0	0	0	0	0	5	6	0	0	0	0	0	0	0	0	0	0	0	0	0	0	0	0	0	0	0	0	0	0	0	0	0	0	0	0	0	0	0	0	0	0	0				
101	1	2	0	0	0	0	0	0	0	3	4	1	0	0	0	0	0	0	0	0	0	0	0	0	0	0	0	0	0	0	0	0	0	0	0	0	0	0	0	0	0	0	0	0	0	5	6	7	8	0	0	0	0	9	2	1;ROSE_PRINCESS_2\n2;ROSE_PRINCESS_2\n\n\n	1;NELSON_2	1;NELSON_1\n\n	NELSON_1
102	1	2	0	0	0	0	0	0	0	3	4	1	0	0	0	0	0	0	0	0	0	0	0	0	0	0	0	0	0	0	0	0	0	0	0	0	0	0	0	0	0	0	0	0	0	5	6	7	8	0	0	0	0	9	2	1;NELSON_0\n2;NELSON_0\n\n\n		1;BISMARCK_1\n\n	BISMARCK_0
103	1	2	0	0	0	0	0	0	0	3	4	0	0	0	0	0	0	0	5	6	1	0	0	0	0	0	0	0	0	0	0	0	0	0	0	0	0	0	0	0	0	0	0	0	0	7	8	9	10	0	0	0	0	11	2	1;BISMARCK_0\n2;BISMARCK_0\n3;BISMARCK_0\n\n		1;BISMARCK_3\n\n	BISMARCK_0
104	1	2	0	0	0	0	0	0	0	3	4	1	0	0	0	0	0	0	0	0	0	0	0	0	0	0	0	0	0	0	0	0	0	0	0	0	0	0	0	0	0	0	0	0	0	5	6	7	8	0	0	0	0	9	2	1;NELSON_0\n2;NELSON_0\n\n\n		1;ROSE_PRINCESS_3\n\n	ROSE_PRINCESS_0
105	1	2	0	0	0	0	0	0	0	3	4	0	5	1	6	0	0	0	7	8	0	0	0	0	0	0	0	0	0	0	0	0	0	0	0	0	0	0	0	0	0	0	0	0	0	9	10	11	12	0	0	0	0	13	2	1;ROSE_PRINCESS_2\n2;ROSE_PRINCESS_0\n3;ROSE_PRINCESS_3\n\n		1;ROSE_PRINCESS_0\n\n	ROSE_PRINCESS_0
106	1	2	0	0	0	0	0	0	0	3	4	1	0	0	0	0	0	0	0	0	0	0	0	0	0	0	0	0	0	0	0	0	0	0	0	0	0	0	0	0	0	0	0	0	0	5	6	7	8	0	0	0	0	9	2	1;ROSE_PRINCESS_0\n2;ROSE_PRINCESS_0\n\n\n	1;BEERSALES_0	1;BEERSALES_0\n\n	BEERSALES_0
107	1	2	0	0	0	0	0	0	0	3	4	0	0	0	0	0	0	0	5	6	0	0	0	0	0	0	0	7	8	1	0	0	0	0	0	0	0	0	0	0	0	0	0	0	0	9	10	11	12	13	14	0	0	15	2	1;COLUMBUS_1\n2;COLUMBUS_3\n3;COLUMBUS_0\n4;COLUMBUS_3			
108	1	2	1	0	0	0	0	0	0	0	0	0	0	0	0	0	0	0	0	0	0	0	0	0	0	0	0	0	0	0	0	0	0	0	0	0	0	0	0	0	0	0	0	0	0	3	4	5	6	0	0	0	0	7	2	1;COLUMBUS_3		1;COLUMBUS_0	COLUMBUS_0
109	1	2	0	0	0	0	0	0	0	3	4	0	0	0	0	0	0	0	5	6	0	0	0	0	0	0	0	7	8	1	0	0	0	0	0	0	0	0	0	0	0	0	0	0	0	9	10	11	12	0	0	0	0	13	2	1;COLUMBUS_3\n2;COLUMBUS_0\n3;COLUMBUS_3\n4;COLUMBUS_0\n			
110	1	2	0	0	0	0	0	0	0	3	4	1	5	0	6	0	0	0	7	8	0	0	0	0	0	0	0	0	0	0	0	0	0	0	0	0	0	0	0	0	0	0	0	0	0	9	10	11	12	0	0	0	0	13	2				
111	1	2	1	3	0	0	0	0	0	4	5	0	0	0	0	0	0	0	0	0	0	0	0	0	0	0	0	0	0	0	0	0	0	0	0	0	0	0	0	0	0	0	0	0	0	6	7	8	9	10	11	0	0	12	2	1;COLUMBUS_0\n2;COLUMBUS_1\n\n\n		1;COLUMBUS_0\n2;COLUMBUS_0\n	COLUMBUS_0
112	1	2	0	0	0	0	0	0	0	3	4	0	0	0	0	0	0	0	5	6	1	0	0	0	0	0	0	0	0	0	0	0	0	0	0	0	0	0	0	0	0	0	0	0	0	7	8	9	10	0	0	0	0	11	2				
113	1	2	0	0	0	0	0	0	0	3	4	1	0	0	0	0	0	0	0	0	0	0	0	0	0	0	0	0	0	0	0	0	0	0	0	0	0	0	0	0	0	0	0	0	0	5	6	7	8	0	0	0	0	9	2			1;BISMARCK_0\n\n	BISMARCK_0
114	1	2	1	0	0	0	0	0	0	0	0	1	0	0	0	0	0	0	0	0	0	0	0	0	0	0	0	0	0	0	0	0	0	0	0	0	0	0	0	0	0	0	0	0	0	3	4	5	6	0	0	0	0	7	2			1;BISMARCK_1\n\n	BISMARCK_3
115	1	2	1	3	0	0	0	0	0	4	5	0	0	0	0	0	0	0	0	0	0	0	0	0	0	0	0	0	0	0	0	0	0	0	0	0	0	0	0	0	0	0	0	0	0	0	0	0	0	0	0	0	0	0	0	1;BISMARCK_0\n2;BISMARCK_3\n\n\n			
116	1	2	0	0	0	0	0	0	0	3	4	1	0	0	0	0	0	0	0	0	0	0	0	0	0	0	0	0	0	0	0	0	0	0	0	0	0	0	0	0	0	0	0	0	0	5	6	7	8	0	0	0	0	9	2	1;BISMARCK_0\n2;BISMARCK_0\n\n\n			
117	1	2	0	0	0	0	0	0	0	3	4	1	0	0	0	0	0	0	0	0	0	0	0	0	0	0	0	0	0	0	0	0	0	0	0	0	0	0	0	0	0	0	0	0	0	5	6	7	8	0	0	0	0	9	2				
118	1	2	0	0	0	0	0	0	0	3	4	1	0	0	0	0	0	0	0	0	0	0	0	0	0	0	0	0	0	0	0	0	0	0	0	0	0	0	0	0	0	0	0	0	0	5	6	7	8	0	0	0	0	9	2				
119	1	2	1	0	0	0	0	0	0	0	0	0	0	0	0	0	0	0	0	0	0	0	0	0	0	0	0	0	0	0	0	0	0	0	0	0	0	0	0	0	0	0	0	0	0	3	4	5	6	0	0	0	0	7	2				
120	1	2	1	0	0	0	0	0	0	0	0	0	0	0	0	0	0	0	0	0	0	0	0	0	0	0	0	0	0	0	0	0	0	0	0	0	0	0	0	0	0	0	0	0	0	3	4	5	6	0	0	0	0	7	2				
121	1	2	1	3	0	4	0	0	0	5	6	0	0	0	0	0	0	0	0	0	0	0	0	0	0	0	0	0	0	0	0	0	0	0	0	0	0	0	0	0	0	0	0	0	0	7	8	9	10	0	0	0	0	11	2	1;COLUMBUS_0\n2;COLUMBUS_1\n\n\n		1;COLUMBUS_3\n\n	COLUMBUS_0
122	1	2	0	0	0	0	0	0	0	3	4	1	0	0	0	0	0	0	0	0	0	0	0	0	0	0	0	0	0	0	0	0	0	0	0	0	0	0	0	0	0	0	0	0	0	5	6	7	8	0	0	0	0	9	2				
123	1	2	1	0	0	0	0	0	0	0	0	0	0	0	0	0	0	0	0	0	0	0	0	0	0	0	0	0	0	0	0	0	0	0	0	0	0	0	0	0	0	0	0	0	0	3	4	5	6	0	0	0	0	7	2		1;MAGALLANES_0	1;MAGALLANES_2\n\n	MAGALLANES_2
124	1	2	0	0	0	0	0	0	0	3	4	0	5	1	6	0	0	0	7	8	0	0	0	0	0	0	0	0	0	0	0	0	0	0	0	0	0	0	0	0	0	0	0	0	0	9	10	11	12	13	14	0	0	15	2	1;MAGALLANES_2\n2;MAGALLANES_0\n3;MAGALLANES_2\n\n	1;MAGALLANES_0	1;MAGALLANES_0\n2;MAGALLANES_0\n	MAGALLANES_0
125	1	2	0	0	0	0	0	0	0	3	4	1	0	0	0	0	0	0	0	0	0	0	0	0	0	0	0	0	0	0	0	0	0	0	0	0	0	0	0	0	0	0	0	0	0	5	6	7	8	0	0	0	0	9	2	1;MAGALLANES_0\n2;MAGALLANES_0\n\n\n	1;MAGALLANES_0	1;MAGALLANES_0\n\n	MAGALLANES_0
126	1	2	0	0	0	0	0	0	0	3	4	1	0	0	0	0	0	0	0	0	0	0	0	0	0	0	0	0	0	0	0	0	0	0	0	0	0	0	0	0	0	0	0	0	0	5	6	7	8	0	0	0	0	9	2	1;MAGALLANES_0\n2;MAGALLANES_0\n\n\n	1;MAGALLANES_0	1;MAGALLANES_0\n\n	MAGALLANES_0
127	1	2	0	0	0	0	0	0	0	3	4	1	0	0	0	0	0	0	0	0	0	0	0	0	0	0	0	0	0	0	0	0	0	0	0	0	0	0	0	0	0	0	0	0	0	5	6	7	8	0	0	0	0	9	2	1;MAGALLANES_0\n2;MAGALLANES_0\n\n\n			
128	1	2	0	0	0	0	0	0	0	3	4	1	0	0	0	0	0	0	0	0	0	0	0	0	0	0	0	0	0	0	0	0	0	0	0	0	0	0	0	0	0	0	0	0	0	5	6	7	8	0	0	0	0	9	2				
129	1	2	0	0	0	0	0	0	0	3	4	1	0	0	0	0	0	0	0	0	0	0	0	0	0	0	0	0	0	0	0	0	0	0	0	0	0	0	0	0	0	0	0	0	0	5	6	7	8	0	0	0	0	9	2				
130	1	2	0	0	0	0	0	0	0	3	4	1	0	0	0	0	0	0	0	0	0	0	0	0	0	0	0	0	0	0	0	0	0	0	0	0	0	0	0	0	0	0	0	0	0	5	6	7	8	0	0	0	0	9	2		1;MAGALLANES_0	1;MAGALLANES_0	MAGALLANES_0
131	1	2	0	0	0	0	0	0	0	3	4	1	0	0	0	0	0	0	0	0	0	0	0	0	0	0	0	0	0	0	0	0	0	0	0	0	0	0	0	0	0	0	0	0	0	5	6	7	8	0	0	0	0	9	2	1;MAGALLANES_0\n2;MAGALLANES_2\n\n\n	1;MAGALLANES_0	1;MAGALLANES_0\n\n	MAGALLANES_0
132	1	2	0	3	1	0	0	0	0	4	5	0	0	0	0	0	0	0	0	0	0	0	0	0	0	0	0	0	0	0	0	0	0	0	0	0	0	0	0	0	0	0	0	0	0	6	7	8	9	10	11	0	0	12	2	1;MAGALLANES_0\n2;MAGALLANES_0\n\n\n	1;MAGALLANES_0	1;MAGALLANES_0\n2;MAGALLANES_0\n	MAGALLANES_0
133	1	2	0	0	0	0	0	0	0	3	4	1	0	0	0	0	0	0	0	0	0	0	0	0	0	0	0	0	0	0	0	0	0	0	0	0	0	0	0	0	0	0	0	0	0	5	6	7	8	0	0	0	0	9	2				
134	1	2	0	0	0	0	0	0	0	3	4	0	0	0	0	0	0	0	5	6	1	0	0	0	0	0	0	0	0	0	0	0	0	0	0	0	0	0	0	0	0	0	0	0	0	7	8	9	10	0	0	0	0	11	2				
135	1	2	0	0	0	0	0	0	0	3	4	1	0	0	0	0	0	0	0	0	0	0	0	0	0	0	0	0	0	0	0	0	0	0	0	0	0	0	0	0	0	0	0	0	0	5	6	7	8	0	0	0	0	9	2				
136	1	2	0	0	0	0	0	0	0	3	4	0	0	0	0	0	0	0	5	6	1	0	0	0	0	0	0	0	0	0	0	0	0	0	0	0	0	0	0	0	0	0	0	0	0	7	8	9	10	0	0	0	0	11	2				
137	1	2	0	0	0	0	0	0	0	3	4	0	0	0	0	0	0	0	5	6	1	0	0	0	0	0	0	0	0	0	0	0	0	0	0	0	0	0	0	0	0	0	0	0	0	7	8	9	10	0	0	0	0	11	2		1;PLATO_0	1;PLATO_0\n\n	PLATO_3
138	1	2	0	0	0	0	0	0	0	3	4	1	0	0	0	0	0	0	0	0	0	0	0	0	0	0	0	0	0	0	0	0	0	0	0	0	0	0	0	0	0	0	0	0	0	5	6	7	8	0	0	0	0	9	2				
139	1	2	0	0	0	0	0	0	0	3	4	1	0	0	0	0	0	0	0	0	0	0	0	0	0	0	0	0	0	0	0	0	0	0	0	0	0	0	0	0	0	0	0	0	0	5	6	7	8	0	0	0	0	9	2				
140	1	2	1	3	0	0	0	0	0	0	0	0	0	0	0	0	0	0	0	0	0	0	0	0	0	0	0	0	0	0	0	0	0	0	0	0	0	0	0	0	0	0	0	0	0	4	5	6	7	0	0	0	0	8	2				
141	1	2	0	0	0	0	0	0	0	3	4	1	0	0	0	0	0	0	0	0	0	0	0	0	0	0	0	0	0	0	0	0	0	0	0	0	0	0	0	0	0	0	0	0	0	5	6	7	8	0	0	0	0	9	2		1;PLATO_0	1;PLATO_1\n\n	PLATO_0
142	1	2	0	0	0	0	0	0	0	3	4	1	0	0	0	0	0	0	0	0	0	0	0	0	0	0	0	0	0	0	0	0	0	0	0	0	0	0	0	0	0	0	0	0	0	5	6	7	8	0	0	0	0	9	2				
143	1	2	0	0	0	0	0	0	0	3	4	1	0	0	0	0	0	0	0	0	0	0	0	0	0	0	0	0	0	0	0	0	0	0	0	0	0	0	0	0	0	0	0	0	0	5	6	7	8	9	10	0	0	11	2	1;PLATO_0\n2;PLATO_1\n\n\n		1;PLATO_0\n2;PLATO_0\n	PLATO_2
144	1	2	0	0	0	0	0	0	0	3	4	1	0	0	0	0	0	0	0	0	0	0	0	0	0	0	0	0	0	0	0	0	0	0	0	0	0	0	0	0	0	0	0	0	0	5	6	7	8	0	0	0	0	9	2	1;PLATO_0\n2;PLATO_0\n\n\n	1;PLATO_0	1;PLATO_1\n\n	PLATO_0
145	1	2	0	0	0	0	0	0	0	3	4	1	0	0	0	0	0	0	0	0	0	0	0	0	0	0	0	0	0	0	0	0	0	0	0	0	0	0	0	0	0	0	0	0	0	5	6	7	8	0	0	0	0	9	2	1;PLATO_0\n2;PLATO_0\n\n\n		1;PLATO_3\n\n	PLATO_1
146	1	2	0	0	0	0	0	0	0	3	4	1	5	1	6	1	0	0	0	0	0	0	0	0	0	0	0	0	0	0	0	0	0	0	0	0	0	0	0	0	0	0	0	0	0	7	8	9	10	0	0	0	0	11	2	1;PLATO_0\n2;PLATO_0\n\n\n		1;PLATO_0\n\n	PLATO_1
147	1	2	0	0	0	0	0	0	0	3	4	1	0	0	0	0	0	0	0	0	0	0	0	0	0	0	0	0	0	0	0	0	0	0	0	0	0	0	0	0	0	0	0	0	0	5	6	7	8	9	10	0	0	11	2	1;PLATO_0\n2;PLATO_1\n\n\n	1;PLATO_0	1;PLATO_0\n2;PLATO_0\n	PLATO_0
148	1	2	0	0	0	0	0	0	0	3	4	1	0	0	0	0	0	0	0	0	0	0	0	0	0	0	0	0	0	0	0	0	0	0	0	0	0	0	0	0	0	0	0	0	0	5	6	7	8	9	10	0	0	11	2	1;PLATO_0\n2;PLATO_1\n\n\n	1;PLATO_0	1;PLATO_0\n2;PLATO_1\n	PLATO_0
149	1	2	0	0	0	0	0	0	0	3	4	0	0	0	0	0	0	0	5	6	1	0	0	0	0	0	0	0	0	0	0	0	0	0	0	0	0	0	0	0	0	0	0	0	0	7	8	9	10	11	12	0	0	13	2	1;PLATO_0\n2;PLATO_0\n3;PLATO_0\n\n	1;PLATO_1	1;PLATO_0\n2;PLATO_3\n	PLATO_1
150	1	2	0	0	0	0	0	0	0	3	4	1	0	0	0	0	0	0	0	0	0	0	0	0	0	0	0	0	0	0	0	0	0	0	0	0	0	0	0	0	0	0	0	0	0	5	6	7	8	9	10	0	0	11	2	1;PLATO_1\n2;PLATO_1\n\n\n	1;LOLA_0	1;LOLA_0\n2;LOLA_1\n	LOLA_0
151	1	2	0	0	0	0	0	0	0	3	4	1	0	0	0	0	0	0	0	0	0	0	0	0	0	0	0	0	0	0	0	0	0	0	0	0	0	0	0	0	0	0	0	0	0	5	6	7	8	0	0	0	0	9	2	1;LOLA_2\n2;LOLA_1\n\n\n	1;LOLA_1	1;LOLA_3\n\n	LOLA_0
152	1	2	0	0	0	0	0	0	0	3	4	1	0	0	0	0	0	0	0	0	0	0	0	0	0	0	0	0	0	0	0	0	0	0	0	0	0	0	0	0	0	0	0	0	0	5	6	7	8	0	0	0	0	9	2	1;LOLA_0\n2;LOLA_0\n\n\n	1;PLATO_1	1;PLATO_1\n\n	PLATO_0
153	1	2	0	0	0	0	0	0	0	3	4	0	0	0	0	0	0	0	5	6	1	0	0	0	0	0	0	0	0	0	0	0	0	0	0	0	0	0	0	0	0	0	0	0	0	7	8	9	10	0	0	0	0	11	2	1;PLATO_0\n2;PLATO_0\n3;PLATO_0\n\n			
154	1	2	0	0	0	0	0	0	0	3	4	1	0	0	0	0	0	0	0	0	0	0	0	0	0	0	0	0	0	0	0	0	0	0	0	0	0	0	0	0	0	0	0	0	0	5	6	7	8	0	0	0	0	9	2			1;ROSE_PRINCESS_2\n\n	ROSE_PRINCESS_2
155	1	2	0	0	0	0	0	0	0	3	4	1	0	0	0	0	0	0	0	0	0	0	0	0	0	0	0	0	0	0	0	0	0	0	0	0	0	0	0	0	0	0	0	0	0	5	6	7	8	0	0	0	0	9	2	1;ROSE_PRINCESS_2\n2;ROSE_PRINCESS_2\n\n\n		1;BISMARCK_1\n\n	BISMARCK_0
156	1	2	0	0	0	0	0	0	0	3	4	1	0	0	0	0	0	0	0	0	0	0	0	0	0	0	0	0	0	0	0	0	0	0	0	0	0	0	0	0	0	0	0	0	0	5	6	7	8	9	10	11	12	13	2	1;COLUMBUS_0\n2;COLUMBUS_0\n\n\n	1;COLUMBUS_0	1;COLUMBUS_0\n2;COLUMBUS_0\n3;COLUMBUS_0	COLUMBUS_0
157	1	2	1	0	0	0	0	0	0	0	0	0	0	0	0	0	0	0	0	0	0	0	0	0	0	0	0	0	0	0	0	0	0	0	0	0	0	0	0	0	0	0	0	0	0	3	4	5	6	0	0	0	0	7	2				
158	1	2	1	0	0	0	0	0	0	0	0	0	0	0	0	0	0	0	0	0	0	0	0	0	0	0	0	0	0	0	0	0	0	0	0	0	0	0	0	0	0	0	0	0	0	3	4	5	6	0	0	0	0	7	2				
159	1	2	1	3	0	0	0	0	0	0	0	0	0	0	0	0	0	0	0	0	0	0	0	0	0	0	0	0	0	0	0	0	0	0	0	0	0	0	0	0	0	0	0	0	0	0	0	0	0	0	0	0	0	0	0				
160	1	2	0	0	0	0	0	0	0	3	4	1	0	0	0	0	0	0	0	0	0	0	0	0	0	0	0	0	0	0	0	0	0	0	0	0	0	0	0	0	0	0	0	0	0	5	6	7	8	0	0	0	0	9	2				
161	1	2	1	0	0	0	0	0	0	0	0	0	0	0	0	0	0	0	0	0	0	0	0	0	0	0	0	0	0	0	0	0	0	0	0	0	0	0	0	0	0	0	0	0	0	3	4	5	6	0	0	0	0	7	2		1;MAGALLANES_0	1;MAGALLANES_2\n\n	MAGALLANES_0
162	1	2	1	0	0	0	0	0	0	0	0	0	0	0	0	0	0	0	0	0	0	0	0	0	0	0	0	0	0	0	0	0	0	0	0	0	0	0	0	0	0	0	0	0	0	3	4	5	6	0	0	0	0	7	2	1;MAGALLANES_0\n\n\n\n			
163	1	2	0	0	0	0	0	0	0	3	4	1	0	0	0	0	0	0	0	0	0	0	0	0	0	0	0	0	0	0	0	0	0	0	0	0	0	0	0	0	0	0	0	0	0	5	6	7	8	0	0	0	0	9	2				
164	1	2	1	0	0	0	0	0	0	0	0	0	0	0	0	0	0	0	0	0	0	0	0	0	0	0	0	0	0	0	0	0	0	0	0	0	0	0	0	0	0	0	0	0	0	3	4	5	6	0	0	0	0	7	2				
165	1	2	1	0	0	0	0	0	0	0	0	0	0	0	0	0	0	0	0	0	0	0	0	0	0	0	0	0	0	0	0	0	0	0	0	0	0	0	0	0	0	0	0	0	0	3	4	5	6	0	0	0	0	7	2				
166	1	2	0	0	0	0	0	0	0	3	4	0	5	1	0	0	0	0	0	0	0	0	0	0	0	0	0	0	0	0	0	0	0	0	0	0	0	0	0	0	0	0	0	0	0	6	7	8	9	0	0	0	0	10	2				
167	1	2	0	0	0	0	0	0	0	3	4	0	5	0	6	1	0	0	7	8	0	0	0	0	0	0	0	0	0	0	0	0	0	0	0	0	0	0	0	0	0	0	0	0	0	9	10	11	12	0	0	0	0	13	2				
168	1	2	0	0	0	0	0	0	0	3	4	1	0	0	0	0	0	0	0	0	0	0	0	0	0	0	0	0	0	0	0	0	0	0	0	0	0	0	0	0	0	0	0	0	0	5	6	7	8	0	0	0	0	9	2				
169	1	2	1	0	0	0	0	0	0	0	0	0	0	0	0	0	0	0	0	0	0	0	0	0	0	0	0	0	0	0	0	0	0	0	0	0	0	0	0	0	0	0	0	0	0	3	4	5	6	0	0	0	0	7	2				
170	1	2	1	0	0	0	0	0	0	0	0	0	0	0	0	0	0	0	0	0	0	0	0	0	0	0	0	0	0	0	0	0	0	0	0	0	0	0	0	0	0	0	0	0	0	3	4	5	6	0	0	0	0	7	2				
171	1	2	0	0	0	0	0	0	0	3	4	0	5	1	6	0	0	0	7	8	0	0	0	0	0	0	0	0	0	0	0	0	0	0	0	0	0	0	0	0	0	0	0	0	0	9	10	11	12	0	0	0	0	13	2				
172	1	2	1	0	0	0	0	0	0	0	0	0	0	0	0	0	0	0	0	0	0	0	0	0	0	0	0	0	0	0	0	0	0	0	0	0	0	0	0	0	0	0	0	0	0	3	4	5	6	0	0	0	0	7	2				
173	1	2	0	0	0	0	0	0	0	3	4	1	0	0	0	0	0	0	0	0	0	0	0	0	0	0	0	0	0	0	0	0	0	0	0	0	0	0	0	0	0	0	0	0	0	5	6	7	8	0	0	0	0	9	2				
174	1	2	0	0	0	0	0	0	0	3	4	1	0	0	0	0	0	0	0	0	0	0	0	0	0	0	0	0	0	0	0	0	0	0	0	0	0	0	0	0	0	0	0	0	0	5	6	7	8	0	0	0	0	9	2	1;PLATO_0\n2;PLATO_0\n\n\n	1;PLATO_0	1;PLATO_3\n\n	PLATO_1
175	1	2	1	0	0	0	0	0	0	0	0	0	0	0	0	0	0	0	0	0	0	0	0	0	0	0	0	0	0	0	0	0	0	0	0	0	0	0	0	0	0	0	0	0	0	3	4	5	6	0	0	0	0	7	2	1;PLATO_0\n\n\n\n	1;PLATO_0	1;PLATO_0\n\n	PLATO_0
176	1	2	0	0	0	0	0	0	0	3	4	1	0	0	0	0	0	0	0	0	0	0	0	0	0	0	0	0	0	0	0	0	0	0	0	0	0	0	0	0	0	0	0	0	0	5	6	7	8	0	0	0	0	9	2	1;PLATO_0\n2;PLATO_0\n\n\n	1;PLATO_0	1;PLATO_3\n\n	PLATO_0
177	1	2	1	0	0	0	0	0	0	0	0	0	0	0	0	0	0	0	0	0	0	0	0	0	0	0	0	0	0	0	0	0	0	0	0	0	0	0	0	0	0	0	0	0	0	3	4	5	6	0	0	0	0	7	2				
178	1	2	1	0	0	0	0	0	0	0	0	0	0	0	0	0	0	0	0	0	0	0	0	0	0	0	0	0	0	0	0	0	0	0	0	0	0	0	0	0	0	0	0	0	0	3	4	5	6	0	0	0	0	7	2	1;LOLA_0\n\n\n\n	1;LOLA_0	1;LOLA_0\n\n	LOLA_3
179	1	2	1	0	0	0	0	0	0	0	0	0	0	0	0	0	0	0	0	0	0	0	0	0	0	0	0	0	0	0	0	0	0	0	0	0	0	0	0	0	0	0	0	0	0	3	4	5	6	0	0	0	0	7	2	1;LOLA_0\n\n\n\n	1;LOLA_0	1;LOLA_0\n\n	LOLA_0
180	1	2	0	3	1	4	1	0	0	5	6	0	0	0	0	0	0	0	0	0	0	0	0	0	0	0	0	0	0	0	0	0	0	0	0	0	0	0	0	0	0	0	0	0	0	7	8	9	10	0	0	0	0	11	2	1;LOLA_0\n2;LOLA_1\n\n\n		1;LOLA_3\n\n	LOLA_0
181	1	2	0	0	0	0	0	0	0	3	4	0	5	0	6	1	0	0	7	8	0	0	0	0	0	0	0	0	0	0	0	0	0	0	0	0	0	0	0	0	0	0	0	0	0	9	10	11	12	0	0	0	0	13	2				
182	1	2	0	0	0	0	0	0	0	3	4	1	0	0	0	0	0	0	0	0	0	0	0	0	0	0	0	0	0	0	0	0	0	0	0	0	0	0	0	0	0	0	0	0	0	5	6	7	8	0	0	0	0	9	2				
183	1	2	0	0	0	0	0	0	0	3	4	1	0	0	0	0	0	0	0	0	0	0	0	0	0	0	0	0	0	0	0	0	0	0	0	0	0	0	0	0	0	0	0	0	0	5	6	7	8	9	10	0	0	11	2			1;ANGELINA_PRINCESS_1\n2;ANGELINA_PRINCESS_1\n	ANGELINA_PRINCESS_1
184	1	2	0	0	0	0	0	0	0	3	4	1	0	0	0	0	0	0	0	0	0	0	0	0	0	0	0	0	0	0	0	0	0	0	0	0	0	0	0	0	0	0	0	0	0	5	6	7	8	0	0	0	0	9	2	1;ANGELINA_PRINCESS_1\n2;ANGELINA_PRINCESS_1\n\n\n			
185	1	2	0	0	0	0	0	0	0	3	4	0	0	0	0	0	0	0	5	6	1	0	0	0	0	0	0	0	0	0	0	0	0	0	0	0	0	0	0	0	0	0	0	0	0	7	8	9	10	0	0	0	0	11	2	1;ANGELINA_PRINCESS_0\n2;ANGELINA_PRINCESS_1\n3;ANGELINA_PRINCESS_2\n\n			
186	1	2	0	0	0	0	0	0	0	3	4	1	0	0	0	0	0	0	0	0	0	0	0	0	0	0	0	0	0	0	0	0	0	0	0	0	0	0	0	0	0	0	0	0	0	5	6	7	8	9	10	0	0	11	2				
187	1	2	0	0	0	0	0	0	0	3	4	0	5	0	6	1	0	0	7	8	0	0	0	0	0	0	0	0	0	0	0	0	0	0	0	0	0	0	0	0	0	0	0	0	0	9	10	11	12	0	0	0	0	13	2				
188	1	2	0	0	0	0	0	0	0	3	4	0	5	1	6	0	0	0	7	8	0	0	0	0	0	0	0	0	0	0	0	0	0	0	0	0	0	0	0	0	0	0	0	0	0	9	10	11	12	0	0	0	0	13	2				
189	1	2	1	0	0	0	0	0	0	0	0	0	0	0	0	0	0	0	0	0	0	0	0	0	0	0	0	0	0	0	0	0	0	0	0	0	0	0	0	0	0	0	0	0	0	3	4	5	6	0	0	0	0	7	2			1;ODYSSEY_1\n\n	ODYSSEY_3
190	1	2	1	3	0	0	0	0	0	0	0	0	0	0	0	0	0	0	0	0	0	0	0	0	0	0	0	0	0	0	0	0	0	0	0	0	0	0	0	0	0	0	0	0	0	0	0	0	0	0	0	0	0	0	0				
191	1	2	1	0	0	0	0	0	0	0	0	0	0	0	0	0	0	0	0	0	0	0	0	0	0	0	0	0	0	0	0	0	0	0	0	0	0	0	0	0	0	0	0	0	0	3	4	5	6	0	0	0	0	7	2	1;ODYSSEY_0\n\n\n\n	1;ODYSSEY_0	1;ODYSSEY_3\n\n	ODYSSEY_0
192	1	2	0	0	0	0	0	0	0	3	4	1	0	0	0	0	0	0	0	0	0	0	0	0	0	0	0	0	0	0	0	0	0	0	0	0	0	0	0	0	0	0	0	0	0	5	6	7	8	9	10	0	0	11	2	1;ANGELINA_PRINCESS_2\n2;ANGELINA_PRINCESS_1\n\n\n			
193	1	2	0	0	0	0	0	0	0	3	4	1	0	0	0	0	0	0	0	0	0	0	0	0	0	0	0	0	0	0	0	0	0	0	0	0	0	0	0	0	0	0	0	0	0	5	6	7	8	0	0	0	0	9	2				
194	1	2	0	0	0	0	0	0	0	3	4	1	5	0	6	1	0	0	7	8	0	0	0	0	0	0	0	0	0	0	0	0	0	0	0	0	0	0	0	0	0	0	0	0	0	9	10	11	12	0	0	0	0	13	2	1;ANGELINA_PRINCESS_1\n2;ANGELINA_PRINCESS_0\n3;ANGELINA_PRINCESS_1\n\n		1;ANGELINA_PRINCESS_0\n\n	ANGELINA_PRINCESS_1
195	1	2	0	0	0	0	0	0	0	3	4	1	0	0	0	0	0	0	0	0	0	0	0	0	0	0	0	0	0	0	0	0	0	0	0	0	0	0	0	0	0	0	0	0	0	5	6	7	8	0	0	0	0	9	2	1;ANGELINA_PRINCESS_0\n2;ANGELINA_PRINCESS_0\n\n\n			
196	1	2	0	0	0	0	0	0	0	3	4	1	0	0	0	0	0	0	0	0	0	0	0	0	0	0	0	0	0	0	0	0	0	0	0	0	0	0	0	0	0	0	0	0	0	5	6	7	8	9	10	0	0	11	2				
197	1	2	0	0	0	0	0	0	0	3	4	1	0	0	0	0	0	0	0	0	0	0	0	0	0	0	0	0	0	0	0	0	0	0	0	0	0	0	0	0	0	0	0	0	0	5	6	7	8	0	0	0	0	9	2				
198	1	2	0	0	0	0	0	0	0	3	4	1	0	0	0	0	0	0	0	0	0	0	0	0	0	0	0	0	0	0	0	0	0	0	0	0	0	0	0	0	0	0	0	0	0	5	6	7	8	0	0	0	0	9	2				
199	1	2	0	0	0	0	0	0	0	3	4	1	0	0	0	0	0	0	0	0	0	0	0	0	0	0	0	0	0	0	0	0	0	0	0	0	0	0	0	0	0	0	0	0	0	5	6	7	8	0	0	0	0	9	2				
200	1	2	0	0	0	0	0	0	0	3	4	1	0	0	0	0	0	0	0	0	0	0	0	0	0	0	0	0	0	0	0	0	0	0	0	0	0	0	0	0	0	0	0	0	0	5	6	7	8	0	0	0	0	9	2		1;SHADOW_0	1;SHADOW_0\n\n	SHADOW_0
201	1	2	1	3	1	4	0	0	0	5	6	0	0	0	0	0	0	0	0	0	0	0	0	0	0	0	0	0	0	0	0	0	0	0	0	0	0	0	0	0	0	0	0	0	0	7	8	9	10	0	0	0	0	11	2	1;SHADOW_0\n2;SHADOW_0\n\n\n		1;SHADOW_0\n\n	SHADOW_0
202	1	2	0	0	0	0	0	0	0	3	4	1	0	0	0	0	0	0	0	0	0	0	0	0	0	0	0	0	0	0	0	0	0	0	0	0	0	0	0	0	0	0	0	0	0	5	6	7	8	0	0	0	0	9	2				
203	1	2	0	0	0	0	0	0	0	3	4	1	0	0	0	0	0	0	0	0	0	0	0	0	0	0	0	0	0	0	0	0	0	0	0	0	0	0	0	0	0	0	0	0	0	5	6	7	8	0	0	0	0	9	2				
204	1	2	1	0	0	0	0	0	0	0	0	0	0	0	0	0	0	0	0	0	0	0	0	0	0	0	0	0	0	0	0	0	0	0	0	0	0	0	0	0	0	0	0	0	0	3	4	5	6	0	0	0	0	7	2				
205	1	2	0	0	0	0	0	0	0	3	4	1	0	0	0	0	0	0	0	0	0	0	0	0	0	0	0	0	0	0	0	0	0	0	0	0	0	0	0	0	0	0	0	0	0	5	6	7	8	0	0	0	0	9	2	1;KAREN_1\n2;KAREN_1\n\n\n	1;KAREN_1	1;KAREN_1\n\n	KAREN_2
206	1	2	0	0	0	0	0	0	0	3	4	1	0	0	0	0	0	0	0	0	0	0	0	0	0	0	0	0	0	0	0	0	0	0	0	0	0	0	0	0	0	0	0	0	0	5	6	7	8	0	0	0	0	9	2	1;KAREN_1\n2;KAREN_1\n\n\n	1;SHADOW_0	1;SHADOW_2\n\n	SHADOW_2
207	1	2	0	0	0	0	0	0	0	3	4	1	0	0	0	0	0	0	0	0	0	0	0	0	0	0	0	0	0	0	0	0	0	0	0	0	0	0	0	0	0	0	0	0	0	5	6	7	8	0	0	0	0	9	2	1;KAREN_1\n2;KAREN_0\n\n\n	1;SHADOW_0	1;SHADOW_1\n\n	SHADOW_0
208	1	2	0	0	0	0	0	0	0	3	4	1	0	0	0	0	0	0	0	0	0	0	0	0	0	0	0	0	0	0	0	0	0	0	0	0	0	0	0	0	0	0	0	0	0	5	6	7	8	0	0	0	0	9	2	1;KAREN_1\n2;KAREN_0\n\n\n	1;SHADOW_0	1;SHADOW_1\n\n	SHADOW_0
209	1	2	0	0	0	0	0	0	0	3	4	1	0	0	0	0	0	0	0	0	0	0	0	0	0	0	0	0	0	0	0	0	0	0	0	0	0	0	0	0	0	0	0	0	0	5	6	7	8	0	0	0	0	9	2	1;KAREN_1\n2;KAREN_0\n\n\n	1;SHADOW_0	1;SHADOW_1\n\n	SHADOW_0
210	1	2	0	0	0	0	0	0	0	3	4	1	0	0	0	0	0	0	0	0	0	0	0	0	0	0	0	0	0	0	0	0	0	0	0	0	0	0	0	0	0	0	0	0	0	5	6	7	8	9	10	0	0	11	2	1;SHADOW_0\n2;SHADOW_0\n\n\n	1;SHADOW_0	1;SHADOW_0\n2;SHADOW_0\n	SHADOW_0
211	1	2	1	3	0	4	0	0	0	5	6	0	0	0	0	0	0	0	0	0	0	0	0	0	0	0	0	0	0	0	0	0	0	0	0	0	0	0	0	0	0	0	0	0	0	7	8	9	10	0	0	0	0	11	2	1;SHADOW_0\n2;SHADOW_0\n\n\n		1;SHADOW_1\n\n	SHADOW_0
212	1	2	1	3	0	0	0	0	0	4	5	0	0	0	0	0	0	0	0	0	0	0	0	0	0	0	0	0	0	0	0	0	0	0	0	0	0	0	0	0	0	0	0	0	0	0	0	0	0	0	0	0	0	0	0	1;SHADOW_0\n2;SHADOW_0\n\n\n			
213	1	2	0	0	0	0	0	0	0	3	4	1	0	0	0	0	0	0	0	0	0	0	0	0	0	0	0	0	0	0	0	0	0	0	0	0	0	0	0	0	0	0	0	0	0	5	6	7	8	0	0	0	0	9	2	1;SHADOW_0\n2;SHADOW_0\n\n\n	1;SHADOW_0	1;SHADOW_2\n\n	SHADOW_0
214	1	2	0	0	0	0	0	0	0	3	4	0	5	0	6	1	0	0	7	8	0	0	0	0	0	0	0	0	0	0	0	0	0	0	0	0	0	0	0	0	0	0	0	0	0	9	10	11	12	0	0	0	0	13	2	1;ANGELINA_PRINCESS_2\n2;ANGELINA_PRINCESS_3\n3;ANGELINA_PRINCESS_0\n\n		1;ANGELINA_PRINCESS_1\n\n	ANGELINA_PRINCESS_1
215	1	2	1	0	0	0	0	0	0	0	0	0	0	0	0	0	0	0	0	0	0	0	0	0	0	0	0	0	0	0	0	0	0	0	0	0	0	0	0	0	0	0	0	0	0	3	4	5	6	0	0	0	0	7	2			1;ODYSSEY_1\n\n	ODYSSEY_0
216	1	2	1	3	0	0	0	0	0	0	0	0	0	0	0	0	0	0	0	0	0	0	0	0	0	0	0	0	0	0	0	0	0	0	0	0	0	0	0	0	0	0	0	0	0	0	0	0	0	0	0	0	0	0	0				
217	1	2	1	0	0	0	0	0	0	0	0	0	0	0	0	0	0	0	0	0	0	0	0	0	0	0	0	0	0	0	0	0	0	0	0	0	0	0	0	0	0	0	0	0	0	3	4	5	6	0	0	0	0	7	2	1;ODYSSEY_0\n\n\n\n	1;ODYSSEY_0	1;ODYSSEY_3\n\n	ODYSSEY_0
218	1	2	0	0	0	0	0	0	0	3	4	0	0	0	0	0	0	0	5	6	1	0	0	0	0	0	0	0	0	0	0	0	0	0	0	0	0	0	0	0	0	0	0	0	0	7	8	9	10	0	0	0	0	11	2				
219	1	2	0	0	0	0	0	0	0	3	4	1	0	0	0	0	0	0	0	0	0	0	0	0	0	0	0	0	0	0	0	0	0	0	0	0	0	0	0	0	0	0	0	0	0	5	6	7	8	0	0	0	0	9	2				
220	1	2	0	0	0	0	0	0	0	3	4	1	0	0	0	0	0	0	0	0	0	0	0	0	0	0	0	0	0	0	0	0	0	0	0	0	0	0	0	0	0	0	0	0	0	5	6	7	8	0	0	0	0	9	2				
221	1	2	0	0	0	0	0	0	0	3	4	1	0	0	0	0	0	0	0	0	0	0	0	0	0	0	0	0	0	0	0	0	0	0	0	0	0	0	0	0	0	0	0	0	0	5	6	7	8	0	0	0	0	9	2				
222	1	2	0	0	0	0	0	0	0	3	4	1	0	0	0	0	0	0	0	0	0	0	0	0	0	0	0	0	0	0	0	0	0	0	0	0	0	0	0	0	0	0	0	0	0	5	6	7	8	0	0	0	0	9	2				
223	1	2	0	0	0	0	0	0	0	3	4	1	0	0	0	0	0	0	0	0	0	0	0	0	0	0	0	0	0	0	0	0	0	0	0	0	0	0	0	0	0	0	0	0	0	5	6	7	8	0	0	0	0	9	2				
224	1	2	0	0	0	0	0	0	0	3	4	1	0	0	0	0	0	0	0	0	0	0	0	0	0	0	0	0	0	0	0	0	0	0	0	0	0	0	0	0	0	0	0	0	0	5	6	7	8	0	0	0	0	9	2				
225	1	2	1	0	0	0	0	0	0	0	0	0	0	0	0	0	0	0	0	0	0	0	0	0	0	0	0	0	0	0	0	0	0	0	0	0	0	0	0	0	0	0	0	0	0	3	4	5	6	0	0	0	0	7	2				
226	1	2	0	0	0	0	0	0	0	3	4	1	0	0	0	0	0	0	0	0	0	0	0	0	0	0	0	0	0	0	0	0	0	0	0	0	0	0	0	0	0	0	0	0	0	5	6	7	8	0	0	0	0	9	2				
227	1	2	1	0	0	0	0	0	0	0	0	0	0	0	0	0	0	0	0	0	0	0	0	0	0	0	0	0	0	0	0	0	0	0	0	0	0	0	0	0	0	0	0	0	0	3	4	5	6	0	0	0	0	7	2				
228	1	2	1	0	0	0	0	0	0	0	0	0	0	0	0	0	0	0	0	0	0	0	0	0	0	0	0	0	0	0	0	0	0	0	0	0	0	0	0	0	0	0	0	0	0	3	4	5	6	0	0	0	0	7	2				
229	1	2	0	0	0	0	0	0	0	3	4	1	5	0	6	0	0	0	7	8	0	0	0	0	0	0	0	0	0	0	0	0	0	0	0	0	0	0	0	0	0	0	0	0	0	9	10	11	12	0	0	0	0	13	2				
230	1	2	1	0	0	0	0	0	0	0	0	0	0	0	0	0	0	0	0	0	0	0	0	0	0	0	0	0	0	0	0	0	0	0	0	0	0	0	0	0	0	0	0	0	0	3	4	5	6	0	0	0	0	7	2				
231	1	2	0	0	0	0	0	0	0	3	4	1	0	0	0	0	0	0	0	0	0	0	0	0	0	0	0	0	0	0	0	0	0	0	0	0	0	0	0	0	0	0	0	0	0	5	6	7	8	0	0	0	0	9	2				
232	1	2	0	0	0	0	0	0	0	3	4	1	0	0	0	0	0	0	0	0	0	0	0	0	0	0	0	0	0	0	0	0	0	0	0	0	0	0	0	0	0	0	0	0	0	5	6	7	8	0	0	0	0	9	2				
233	1	2	0	0	0	0	0	0	0	3	4	0	0	0	0	0	0	0	5	6	1	0	0	0	0	0	0	0	0	0	0	0	0	0	0	0	0	0	0	0	0	0	0	0	0	0	0	0	0	0	0	0	0	0	0				
234	1	2	0	0	0	0	0	0	0	3	4	1	0	0	0	0	0	0	0	0	0	0	0	0	0	0	0	0	0	0	0	0	0	0	0	0	0	0	0	0	0	0	0	0	0	5	6	7	8	0	0	0	0	9	2				
235	1	2	1	0	0	0	0	0	0	0	0	0	0	0	0	0	0	0	0	0	0	0	0	0	0	0	0	0	0	0	0	0	0	0	0	0	0	0	0	0	0	0	0	0	0	3	4	5	6	0	0	0	0	7	2				
236	1	2	1	0	0	0	0	0	0	0	0	0	0	0	0	0	0	0	0	0	0	0	0	0	0	0	0	0	0	0	0	0	0	0	0	0	0	0	0	0	0	0	0	0	0	3	4	5	6	0	0	0	0	7	2				
237	1	2	1	0	0	0	0	0	0	0	0	0	0	0	0	0	0	0	0	0	0	0	0	0	0	0	0	0	0	0	0	0	0	0	0	0	0	0	0	0	0	0	0	0	0	3	4	5	6	0	0	0	0	7	2				
238	1	2	0	0	0	0	0	0	0	3	4	0	5	0	6	1	0	0	7	8	0	0	0	0	0	0	0	0	0	0	0	0	0	0	0	0	0	0	0	0	0	0	0	0	0	9	10	11	12	0	0	0	0	13	2				
239	1	2	1	0	0	0	0	0	0	0	0	0	0	0	0	0	0	0	0	0	0	0	0	0	0	0	0	0	0	0	0	0	0	0	0	0	0	0	0	0	0	0	0	0	0	3	4	5	6	0	0	0	0	7	2				
240	1	2	0	0	0	0	0	0	0	3	4	1	0	0	0	0	0	0	0	0	0	0	0	0	0	0	0	0	0	0	0	0	0	0	0	0	0	0	0	0	0	0	0	0	0	5	6	7	8	0	0	0	0	9	2				
241	1	2	0	0	0	0	0	0	0	3	4	1	0	0	0	0	0	0	0	0	0	0	0	0	0	0	0	0	0	0	0	0	0	0	0	0	0	0	0	0	0	0	0	0	0	5	6	7	8	0	0	0	0	9	2				
242	1	2	1	0	0	0	0	0	0	0	0	0	0	0	0	0	0	0	0	0	0	0	0	0	0	0	0	0	0	0	0	0	0	0	0	0	0	0	0	0	0	0	0	0	0	3	4	5	6	0	0	0	0	7	2				
243	1	2	1	0	0	0	0	0	0	0	0	0	0	0	0	0	0	0	0	0	0	0	0	0	0	0	0	0	0	0	0	0	0	0	0	0	0	0	0	0	0	0	0	0	0	3	4	5	6	0	0	0	0	7	2				
244	1	2	0	0	0	0	0	0	0	3	4	1	0	0	0	0	0	0	0	0	0	0	0	0	0	0	0	0	0	0	0	0	0	0	0	0	0	0	0	0	0	0	0	0	0	5	6	7	8	0	0	0	0	9	2				
245	1	2	1	0	0	0	0	0	0	0	0	0	0	0	0	0	0	0	0	0	0	0	0	0	0	0	0	0	0	0	0	0	0	0	0	0	0	0	0	0	0	0	0	0	0	3	4	5	6	0	0	0	0	7	2				
246	1	2	1	0	0	0	0	0	0	0	0	0	0	0	0	0	0	0	0	0	0	0	0	0	0	0	0	0	0	0	0	0	0	0	0	0	0	0	0	0	0	0	0	0	0	3	4	5	6	0	0	0	0	7	2				
247	1	2	0	3	1	4	0	0	0	5	6	0	0	0	0	0	0	0	0	0	0	0	0	0	0	0	0	0	0	0	0	0	0	0	0	0	0	0	0	0	0	0	0	0	0	7	8	9	10	0	0	0	0	11	2	1;KAREN_0\n2;KAREN_1\n\n\n	1;KAREN_0	1;KAREN_0\n\n	KAREN_0
248	1	2	0	0	0	0	0	0	0	3	4	1	0	0	0	0	0	0	0	0	0	0	0	0	0	0	0	0	0	0	0	0	0	0	0	0	0	0	0	0	0	0	0	0	0	5	6	7	8	0	0	0	0	9	2	1;KAREN_0\n2;KAREN_2\n\n\n	1;KAREN_0	1;KAREN_0\n\n	KAREN_2
249	1	2	0	0	0	0	0	0	0	3	4	1	0	0	0	0	0	0	0	0	0	0	0	0	0	0	0	0	0	0	0	0	0	0	0	0	0	0	0	0	0	0	0	0	0	5	6	7	8	0	0	0	0	9	2	1;KAREN_2\n2;KAREN_2\n\n\n	1;KAREN_2	1;KAREN_0\n\n	KAREN_3
250	1	2	0	0	0	0	0	0	0	3	4	0	5	1	6	0	0	0	7	8	0	0	0	0	0	0	0	0	0	0	0	0	0	0	0	0	0	0	0	0	0	0	0	0	0	9	10	11	12	0	0	0	0	13	2				
251	1	2	0	3	0	4	1	0	0	5	6	0	0	0	0	0	0	0	0	0	0	0	0	0	0	0	0	0	0	0	0	0	0	0	0	0	0	0	0	0	0	0	0	0	0	7	8	9	10	0	0	0	0	11	2				
252	1	2	0	0	0	0	0	0	0	3	4	1	0	0	0	0	0	0	0	0	0	0	0	0	0	0	0	0	0	0	0	0	0	0	0	0	0	0	0	0	0	0	0	0	0	5	6	7	8	0	0	0	0	9	2				
253	1	2	1	0	0	0	0	0	0	0	0	0	0	0	0	0	0	0	0	0	0	0	0	0	0	0	0	0	0	0	0	0	0	0	0	0	0	0	0	0	0	0	0	0	0	3	4	5	6	0	0	0	0	7	2			1;ODYSSEY_3\n\n	ODYSSEY_1
254	1	2	1	3	0	0	0	0	0	0	0	0	0	0	0	0	0	0	0	0	0	0	0	0	0	0	0	0	0	0	0	0	0	0	0	0	0	0	0	0	0	0	0	0	0	0	0	0	0	0	0	0	0	0	0				
255	1	2	1	0	0	0	0	0	0	0	0	0	0	0	0	0	0	0	0	0	0	0	0	0	0	0	0	0	0	0	0	0	0	0	0	0	0	0	0	0	0	0	0	0	0	3	4	5	6	0	0	0	0	7	2	1;ODYSSEY_1\n\n\n\n	1;ODYSSEY_1	1;ODYSSEY_0\n\n	ODYSSEY_0
256	1	2	0	3	1	4	0	0	0	5	6	0	0	0	0	0	0	0	0	0	0	0	0	0	0	0	0	0	0	0	0	0	0	0	0	0	0	0	0	0	0	0	0	0	0	7	8	9	10	0	0	0	0	11	2				
257	1	2	1	0	0	0	0	0	0	0	0	0	0	0	0	0	0	0	0	0	0	0	0	0	0	0	0	0	0	0	0	0	0	0	0	0	0	0	0	0	0	0	0	0	0	3	4	5	6	7	8	0	0	9	2				
258	1	2	0	0	0	0	0	0	0	3	4	0	5	0	6	1	0	0	7	8	0	0	0	0	0	0	0	0	0	0	0	0	0	0	0	0	0	0	0	0	0	0	0	0	0	9	10	11	12	0	0	0	0	13	2				
259	1	2	0	0	0	0	0	0	0	3	4	1	5	0	0	0	0	0	6	7	0	0	0	0	0	0	0	0	0	0	0	0	0	0	0	0	0	0	0	0	0	0	0	0	0	8	9	10	11	0	0	0	0	12	2	1;BLACKBEARD_0\n2;BLACKBEARD_0\n3;BLACKBEARD_0\n\n	1;BABAROSA_0	1;BABAROSA_0\n\n	BABAROSA_0
260	1	2	0	0	0	0	0	0	0	3	4	1	5	0	0	0	0	0	6	7	0	0	0	0	0	0	0	0	0	0	0	0	0	0	0	0	0	0	0	0	0	0	0	0	0	8	9	10	11	0	0	0	0	12	2	1;BABAROSA_0\n2;BABAROSA_0\n3;BABAROSA_0\n\n	1;BLACKBEARD_0	1;BLACKBEARD_0\n\n	BLACKBEARD_0
261	1	2	1	0	0	0	0	0	0	0	0	0	0	0	0	0	0	0	0	0	0	0	0	0	0	0	0	0	0	0	0	0	0	0	0	0	0	0	0	0	0	0	0	0	0	3	4	5	6	7	8	0	0	9	2				
262	1	2	0	0	0	0	0	0	0	3	4	1	0	0	0	0	0	0	0	0	0	0	0	0	0	0	0	0	0	0	0	0	0	0	0	0	0	0	0	0	0	0	0	0	0	5	6	7	8	9	10	0	0	11	2				
263	1	2	0	0	0	0	0	0	0	3	4	0	0	0	0	0	0	0	5	6	1	0	0	0	0	0	0	0	0	0	0	0	0	0	0	0	0	0	0	0	0	0	0	0	0	7	8	9	10	0	0	0	0	11	2				
264	1	2	0	0	0	0	0	0	0	3	4	1	0	0	0	0	0	0	0	0	0	0	0	0	0	0	0	0	0	0	0	0	0	0	0	0	0	0	0	0	0	0	0	0	0	5	6	7	8	0	0	0	0	9	2				
265	1	2	1	0	0	0	0	0	0	0	0	0	0	0	0	0	0	0	0	0	0	0	0	0	0	0	0	0	0	0	0	0	0	0	0	0	0	0	0	0	0	0	0	0	0	3	4	5	6	0	0	0	0	7	2		1;BEERSALES1_0	1;BEERSALES1_1	BEERSALES1_1
266	1	2	0	0	0	0	0	0	0	3	4	1	0	0	0	0	0	0	0	0	0	0	0	0	0	0	0	0	0	0	0	0	0	0	0	0	0	0	0	0	0	0	0	0	0	5	6	7	8	0	0	0	0	9	2			1;ODYSSEY_0\n\n	ODYSSEY_0
267	1	2	1	0	0	0	0	0	0	0	0	0	0	0	0	0	0	0	0	0	0	0	0	0	0	0	0	0	0	0	0	0	0	0	0	0	0	0	0	0	0	0	0	0	0	3	4	5	6	0	0	0	0	7	2	1;ODYSSEY_1\n\n\n\n	1;ODYSSEY_1	1;ODYSSEY_1\n\n	ODYSSEY_1
268	1	2	1	0	0	0	0	0	0	0	0	0	0	0	0	0	0	0	0	0	0	0	0	0	0	0	0	0	0	0	0	0	0	0	0	0	0	0	0	0	0	0	0	0	0	0	0	0	0	0	0	0	0	0	0				
269	1	2	0	0	0	0	0	0	0	3	4	1	0	0	0	0	0	0	0	0	0	0	0	0	0	0	0	0	0	0	0	0	0	0	0	0	0	0	0	0	0	0	0	0	0	5	6	7	8	9	10	0	0	11	2	1;ODYSSEY_0\n2;ODYSSEY_0\n\n\n		1;ODYSSEY_1\n2;ODYSSEY_0\n	ODYSSEY_0
270	1	2	0	0	0	0	0	0	0	3	4	1	0	0	0	0	0	0	0	0	0	0	0	0	0	0	0	0	0	0	0	0	0	0	0	0	0	0	0	0	0	0	0	0	0	5	6	7	8	0	0	0	0	9	2	1;ODYSSEY_0\n2;ODYSSEY_0\n\n\n	1;BEERSALES1_0	1;BEERSALES1_1	BEERSALES1_1
271	1	2	0	0	0	0	0	0	0	3	4	0	0	0	0	0	0	0	5	6	0	7	0	8	1	0	0	9	10	0	0	0	0	0	0	0	0	0	0	0	0	0	0	0	0	11	12	13	14	0	0	0	0	15	2	1;ODYSSEY_0\n2;ODYSSEY_0\n3;ODYSSEY_0\n4;ODYSSEY_1\n		1;ODYSSEY_0\n\n	ODYSSEY_0
272	1	2	1	0	0	0	0	0	0	0	0	0	0	0	0	0	0	0	0	0	0	0	0	0	0	0	0	0	0	0	0	0	0	0	0	0	0	0	0	0	0	0	0	0	0	3	4	5	6	0	0	0	0	7	2	1;ODYSSEY_0\n\n\n\n	1;BLACKBEARD_0	1;BLACKBEARD_0\n\n	BLACKBEARD_0
273	1	2	0	0	0	0	0	0	0	3	4	1	0	0	0	0	0	0	0	0	0	0	0	0	0	0	0	0	0	0	0	0	0	0	0	0	0	0	0	0	0	0	0	0	0	5	6	7	8	0	0	0	0	9	2	1;BLACKBEARD_0\n2;BLACKBEARD_0\n\n\n	1;BLACKBEARD_0	1;BLACKBEARD_0\n\n	BLACKBEARD_0
274	1	2	0	0	0	0	0	0	0	3	4	1	0	0	0	0	0	0	0	0	0	0	0	0	0	0	0	0	0	0	0	0	0	0	0	0	0	0	0	0	0	0	0	0	0	5	6	7	8	0	0	0	0	9	2	1;BLACKBEARD_0\n2;BLACKBEARD_0\n\n\n			
275	1	2	0	0	0	0	0	0	0	3	4	1	0	0	0	0	0	0	0	0	0	0	0	0	0	0	0	0	0	0	0	0	0	0	0	0	0	0	0	0	0	0	0	0	0	5	6	7	8	0	0	0	0	9	2				
276	1	2	0	0	0	0	0	0	0	3	4	0	5	1	6	0	0	0	7	8	0	0	0	0	0	0	0	0	0	0	0	0	0	0	0	0	0	0	0	0	0	0	0	0	0	9	10	11	12	0	0	0	0	13	2	1;BABAROSA_0\n2;BABAROSA_0\n3;BABAROSA_0\n\n	1;BABAROSA_0	1;BABAROSA_0\n\n	BABAROSA_0
277	1	2	0	0	0	0	0	0	0	3	4	1	0	0	0	0	0	0	0	0	0	0	0	0	0	0	0	0	0	0	0	0	0	0	0	0	0	0	0	0	0	0	0	0	0	5	6	7	8	0	0	0	0	9	2	1;BABAROSA_0\n2;BABAROSA_0\n\n\n	1;BABAROSA_0	1;BABAROSA_0\n\n	BABAROSA_0
278	1	2	0	0	0	0	0	0	0	3	4	1	0	0	0	0	0	0	0	0	0	0	0	0	0	0	0	0	0	0	0	0	0	0	0	0	0	0	0	0	0	0	0	0	0	5	6	7	8	0	0	0	0	9	2	1;BABAROSA_0\n2;BABAROSA_0\n\n\n	1;BLACKBEARD_0	1;BLACKBEARD_0\n\n	BLACKBEARD_0
279	1	2	1	0	0	0	0	0	0	0	0	0	0	0	0	0	0	0	0	0	0	0	0	0	0	0	0	0	0	0	0	0	0	0	0	0	0	0	0	0	0	0	0	0	0	3	4	5	6	0	0	0	0	7	2		1;YAMA_0	1;YAMA_3\n\n	YAMA_0
280	1	2	1	3	0	0	0	0	0	0	0	0	0	0	0	0	0	0	0	0	0	0	0	0	0	0	0	0	0	0	0	0	0	0	0	0	0	0	0	0	0	0	0	0	0	0	0	0	0	0	0	0	0	0	0				
281	1	2	1	0	0	0	0	0	0	0	0	0	0	0	0	0	0	0	0	0	0	0	0	0	0	0	0	0	0	0	0	0	0	0	0	0	0	0	0	0	0	0	0	0	0	3	4	5	6	0	0	0	0	7	2	1;YAMA_0\n\n\n\n	1;YAMA_0	1;YAMA_3\n\n	YAMA_0
282	1	2	1	0	0	0	0	0	0	0	0	0	0	0	0	0	0	0	0	0	0	0	0	0	0	0	0	0	0	0	0	0	0	0	0	0	0	0	0	0	0	0	0	0	0	3	4	5	6	0	0	0	0	7	2	1;BLACKBEARD_0\n\n\n\n	1;BLACKBEARD_0	1;BLACKBEARD_0\n\n	BLACKBEARD_0
283	1	2	0	0	0	0	0	0	0	3	4	1	0	0	0	0	0	0	0	0	0	0	0	0	0	0	0	0	0	0	0	0	0	0	0	0	0	0	0	0	0	0	0	0	0	5	6	7	8	0	0	0	0	9	2	1;BLACKBEARD_0\n2;BLACKBEARD_0\n\n\n	1;BLACKBEARD_0	1;BLACKBEARD_0\n\n	BLACKBEARD_0
284	1	2	0	0	0	0	0	0	0	3	4	0	0	0	0	0	0	0	5	6	0	0	0	0	0	0	0	7	8	1	0	0	0	0	0	0	0	0	0	0	0	0	0	0	0	9	10	11	12	0	0	0	0	13	2	1;BLACKBEARD_0\n2;BLACKBEARD_0\n3;BLACKBEARD_0\n4;BLACKBEARD_0\n	1;BLACKBEARD_0	1;BLACKBEARD_0\n\n	BLACKBEARD_0
285	1	2	1	3	0	0	0	0	0	0	0	0	0	0	0	0	0	0	0	0	0	0	0	0	0	0	0	0	0	0	0	0	0	0	0	0	0	0	0	0	0	0	0	0	0	0	0	0	0	0	0	0	0	0	0				
286	1	2	1	0	0	0	0	0	0	0	0	0	0	0	0	0	0	0	0	0	0	0	0	0	0	0	0	0	0	0	0	0	0	0	0	0	0	0	0	0	0	0	0	0	0	3	4	5	6	0	0	0	0	7	2	1;BLACKBEARD_0\n\n\n\n	1;BLACKBEARD_0	1;BLACKBEARD_0\n\n	BLACKBEARD_0
287	1	2	0	0	0	0	0	0	0	3	4	1	0	0	0	0	0	0	0	0	0	0	0	0	0	0	0	0	0	0	0	0	0	0	0	0	0	0	0	0	0	0	0	0	0	5	6	7	8	0	0	0	0	9	2				
288	1	2	1	0	0	0	0	0	0	0	0	0	0	0	0	0	0	0	0	0	0	0	0	0	0	0	0	0	0	0	0	0	0	0	0	0	0	0	0	0	0	0	0	0	0	3	4	5	6	0	0	0	0	7	2				
289	1	2	1	0	0	0	0	0	0	0	0	0	0	0	0	0	0	0	0	0	0	0	0	0	0	0	0	0	0	0	0	0	0	0	0	0	0	0	0	0	0	0	0	0	0	3	4	5	6	0	0	0	0	7	2				
290	1	2	1	3	0	4	0	0	0	5	6	0	0	0	0	0	0	0	0	0	0	0	0	0	0	0	0	0	0	0	0	0	0	0	0	0	0	0	0	0	0	0	0	0	0	7	8	9	10	0	0	0	0	11	2	1;BABAROSA_0\n2;BABAROSA_0\n\n\n	1;BABAROSA_0	1;BABAROSA_0\n\n	BABAROSA_0
291	1	2	1	3	0	0	0	0	0	0	0	0	0	0	0	0	0	0	0	0	0	0	0	0	0	0	0	0	0	0	0	0	0	0	0	0	0	0	0	0	0	0	0	0	0	0	0	0	0	0	0	0	0	0	0				
292	1	2	1	0	0	0	0	0	0	0	0	0	0	0	0	0	0	0	0	0	0	0	0	0	0	0	0	0	0	0	0	0	0	0	0	0	0	0	0	0	0	0	0	0	0	3	4	5	6	0	0	0	0	7	2	1;BABAROSA_0\n\n\n\n	1;BABAROSA_0	1;BABAROSA_0\n\n	BABAROSA_0
293	1	2	0	0	0	0	0	0	0	3	4	0	0	0	0	0	0	0	5	6	1	0	0	0	0	0	0	0	0	0	0	0	0	0	0	0	0	0	0	0	0	0	0	0	0	7	8	9	10	0	0	0	0	11	2	1;BABAROSA_0\n2;BABAROSA_0\n3;BABAROSA_0\n\n			
294	1	2	1	0	0	0	0	0	0	0	0	0	0	0	0	0	0	0	0	0	0	0	0	0	0	0	0	0	0	0	0	0	0	0	0	0	0	0	0	0	0	0	0	0	0	3	4	5	6	0	0	0	0	7	2				
295	1	2	1	0	0	0	0	0	0	0	0	0	0	0	0	0	0	0	0	0	0	0	0	0	0	0	0	0	0	0	0	0	0	0	0	0	0	0	0	0	0	0	0	0	0	3	4	5	6	0	0	0	0	7	2				
296	1	2	0	0	0	0	0	0	0	3	4	1	0	0	0	0	0	0	0	0	0	0	0	0	0	0	0	0	0	0	0	0	0	0	0	0	0	0	0	0	0	0	0	0	0	5	6	7	8	0	0	0	0	9	2				
297	1	2	0	0	0	0	0	0	0	3	4	1	0	0	0	0	0	0	0	0	0	0	0	0	0	0	0	0	0	0	0	0	0	0	0	0	0	0	0	0	0	0	0	0	0	5	6	7	8	0	0	0	0	9	2				
298	1	2	0	3	1	4	0	0	0	5	6	0	0	0	0	0	0	0	0	0	0	0	0	0	0	0	0	0	0	0	0	0	0	0	0	0	0	0	0	0	0	0	0	0	0	7	8	9	10	0	0	0	0	11	2				
299	1	2	1	0	0	0	0	0	0	0	0	0	0	0	0	0	0	0	0	0	0	0	0	0	0	0	0	0	0	0	0	0	0	0	0	0	0	0	0	0	0	0	0	0	0	3	4	5	6	0	0	0	0	7	2				
300	1	2	1	0	0	0	0	0	0	0	0	0	0	0	0	0	0	0	0	0	0	0	0	0	0	0	0	0	0	0	0	0	0	0	0	0	0	0	0	0	0	0	0	0	0	3	4	5	6	0	0	0	0	7	2				
301	1	2	0	0	0	0	0	0	0	3	4	1	5	0	6	0	0	0	7	8	0	0	0	0	0	0	0	0	0	0	0	0	0	0	0	0	0	0	0	0	0	0	0	0	0	9	10	11	12	0	0	0	0	13	2				
302	1	2	1	0	0	0	0	0	0	0	0	0	0	0	0	0	0	0	0	0	0	0	0	0	0	0	0	0	0	0	0	0	0	0	0	0	0	0	0	0	0	0	0	0	0	3	4	5	6	0	0	0	0	7	2				
303	1	2	1	0	0	0	0	0	0	0	0	0	0	0	0	0	0	0	0	0	0	0	0	0	0	0	0	0	0	0	0	0	0	0	0	0	0	0	0	0	0	0	0	0	0	3	4	5	6	0	0	0	0	7	2				
304	1	2	0	0	0	0	0	0	0	3	4	1	5	0	6	0	0	0	7	8	0	0	0	0	0	0	0	0	0	0	0	0	0	0	0	0	0	0	0	0	0	0	0	0	0	9	10	11	12	0	0	0	0	13	2				
305	1	2	0	0	0	0	0	0	0	3	4	1	0	0	0	0	0	0	0	0	0	0	0	0	0	0	0	0	0	0	0	0	0	0	0	0	0	0	0	0	0	0	0	0	0	5	6	7	8	0	0	0	0	9	2				
306	1	2	0	0	0	0	0	0	0	3	4	1	0	0	0	0	0	0	0	0	0	0	0	0	0	0	0	0	0	0	0	0	0	0	0	0	0	0	0	0	0	0	0	0	0	5	6	7	8	0	0	0	0	9	2				
307	1	2	1	0	0	0	0	0	0	0	0	0	0	0	0	0	0	0	0	0	0	0	0	0	0	0	0	0	0	0	0	0	0	0	0	0	0	0	0	0	0	0	0	0	0	3	4	5	6	0	0	0	0	7	2				
308	1	2	0	0	0	0	0	0	0	3	4	1	0	0	0	0	0	0	0	0	0	0	0	0	0	0	0	0	0	0	0	0	0	0	0	0	0	0	0	0	0	0	0	0	0	5	6	7	8	0	0	0	0	9	2				
309	1	2	1	0	0	0	0	0	0	0	0	0	0	0	0	0	0	0	0	0	0	0	0	0	0	0	0	0	0	0	0	0	0	0	0	0	0	0	0	0	0	0	0	0	0	3	4	5	6	0	0	0	0	7	2				
310	1	2	0	0	0	0	0	0	0	3	4	1	0	0	0	0	0	0	0	0	0	0	0	0	0	0	0	0	0	0	0	0	0	0	0	0	0	0	0	0	0	0	0	0	0	5	6	7	8	0	0	0	0	9	2				
311	1	2	0	0	0	0	0	0	0	3	4	1	0	0	0	0	0	0	0	0	0	0	0	0	0	0	0	0	0	0	0	0	0	0	0	0	0	0	0	0	0	0	0	0	0	5	6	7	8	0	0	0	0	9	2				
312	1	2	0	0	0	0	0	0	0	3	4	1	0	0	0	0	0	0	0	0	0	0	0	0	0	0	0	0	0	0	0	0	0	0	0	0	0	0	0	0	0	0	0	0	0	5	6	7	8	0	0	0	0	9	2				
313	1	2	1	0	0	0	0	0	0	0	0	0	0	0	0	0	0	0	0	0	0	0	0	0	0	0	0	0	0	0	0	0	0	0	0	0	0	0	0	0	0	0	0	0	0	3	4	5	6	0	0	0	0	7	2				
314	1	2	1	0	0	0	0	0	0	0	0	0	0	0	0	0	0	0	0	0	0	0	0	0	0	0	0	0	0	0	0	0	0	0	0	0	0	0	0	0	0	0	0	0	0	3	4	5	6	0	0	0	0	7	2				
315	1	2	1	0	0	0	0	0	0	0	0	0	0	0	0	0	0	0	0	0	0	0	0	0	0	0	0	0	0	0	0	0	0	0	0	0	0	0	0	0	0	0	0	0	0	3	4	5	6	0	0	0	0	7	2				
316	1	2	1	0	0	0	0	0	0	0	0	0	0	0	0	0	0	0	0	0	0	0	0	0	0	0	0	0	0	0	0	0	0	0	0	0	0	0	0	0	0	0	0	0	0	3	4	5	6	0	0	0	0	7	2				
317	1	2	0	0	0	0	0	0	0	3	4	0	5	0	6	1	0	0	7	8	0	0	0	0	0	0	0	0	0	0	0	0	0	0	0	0	0	0	0	0	0	0	0	0	0	9	10	11	12	0	0	0	0	13	2				
318	1	2	1	0	0	0	0	0	0	0	0	0	0	0	0	0	0	0	0	0	0	0	0	0	0	0	0	0	0	0	0	0	0	0	0	0	0	0	0	0	0	0	0	0	0	3	4	5	6	0	0	0	0	7	2				
319	1	2	0	0	0	0	0	0	0	3	4	0	5	0	6	1	0	0	7	8	0	0	0	0	0	0	0	0	0	0	0	0	0	0	0	0	0	0	0	0	0	0	0	0	0	9	10	11	12	0	0	0	0	13	2				
320	1	2	1	0	0	0	0	0	0	0	0	0	0	0	0	0	0	0	0	0	0	0	0	0	0	0	0	0	0	0	0	0	0	0	0	0	0	0	0	0	0	0	0	0	0	3	4	5	6	0	0	0	0	7	2				
321	1	2	1	0	0	0	0	0	0	0	0	0	0	0	0	0	0	0	0	0	0	0	0	0	0	0	0	0	0	0	0	0	0	0	0	0	0	0	0	0	0	0	0	0	0	3	4	5	6	0	0	0	0	7	2				
322	1	2	0	0	0	0	0	0	0	3	4	1	0	0	0	0	0	0	0	0	0	0	0	0	0	0	0	0	0	0	0	0	0	0	0	0	0	0	0	0	0	0	0	0	0	5	6	7	8	0	0	0	0	9	2			1;ODYSSEY_1\n\n	ODYSSEY_1
323	1	2	0	0	0	0	0	0	0	3	4	1	0	0	0	0	0	0	0	0	0	0	0	0	0	0	0	0	0	0	0	0	0	0	0	0	0	0	0	0	0	0	0	0	0	5	6	7	8	0	0	0	0	9	2				
324	1	2	1	3	0	4	0	0	0	5	6	0	0	0	0	0	0	0	0	0	0	0	0	0	0	0	0	0	0	0	0	0	0	0	0	0	0	0	0	0	0	0	0	0	0	7	8	9	10	0	0	0	0	11	2	1;ODYSSEY_0\n2;ODYSSEY_1\n\n\n		1;ODYSSEY_1\n\n	ODYSSEY_0
325	1	2	0	0	0	0	0	0	0	3	4	1	0	0	0	0	0	0	0	0	0	0	0	0	0	0	0	0	0	0	0	0	0	0	0	0	0	0	0	0	0	0	0	0	0	5	6	7	8	0	0	0	0	9	2	1;ODYSSEY_0\n2;ODYSSEY_1\n\n\n	1;ODYSSEY_0	1;ODYSSEY_0\n\n	ODYSSEY_1
326	1	2	0	0	0	0	0	0	0	3	4	1	0	0	0	0	0	0	0	0	0	0	0	0	0	0	0	0	0	0	0	0	0	0	0	0	0	0	0	0	0	0	0	0	0	5	6	7	8	0	0	0	0	9	2	1;ODYSSEY_0\n2;ODYSSEY_0\n\n\n	1;ODYSSEY_0	1;ODYSSEY_0\n\n	ODYSSEY_0
327	1	2	0	0	0	0	0	0	0	3	4	0	0	0	0	0	0	0	5	6	1	0	0	0	0	0	0	0	0	0	0	0	0	0	0	0	0	0	0	0	0	0	0	0	0	7	8	9	10	0	0	0	0	11	2	1;ODYSSEY_0\n2;ODYSSEY_1\n3;ODYSSEY_0\n\n	1;ODYSSEY_0	1;ODYSSEY_0\n\n	ODYSSEY_0
328	1	2	1	0	0	0	0	0	0	0	0	0	0	0	0	0	0	0	0	0	0	0	0	0	0	0	0	0	0	0	0	0	0	0	0	0	0	0	0	0	0	0	0	0	0	3	4	5	6	0	0	0	0	7	2	1;ODYSSEY_0\n\n\n\n	1;ODYSSEY_0	1;ODYSSEY_0\n\n	ODYSSEY_0
329	1	2	0	0	0	0	0	0	0	3	4	0	0	0	0	0	0	0	5	6	1	0	0	0	0	0	0	0	0	0	0	0	0	0	0	0	0	0	0	0	0	0	0	0	0	7	8	9	10	0	0	0	0	11	2	1;ODYSSEY_0\n2;ODYSSEY_0\n3;ODYSSEY_0\n\n		1;JASON_0\n\n	JASON_0
330	1	2	1	3	1	4	1	0	0	0	0	0	0	0	0	0	0	0	0	0	0	0	0	0	0	0	0	0	0	0	0	0	0	0	0	0	0	0	0	0	0	0	0	0	0	5	6	7	8	0	0	0	0	9	2	1;JASON_0\n\n\n\n		1;JASON_0\n\n	JASON_0
331	1	2	0	0	0	0	0	0	0	3	4	1	0	0	0	0	0	0	0	0	0	0	0	0	0	0	0	0	0	0	0	0	0	0	0	0	0	0	0	0	0	0	0	0	0	5	6	7	8	0	0	0	0	9	2	1;JASON_1\n2;JASON_0\n\n\n	1;JASON_1	1;JASON_0\n\n	JASON_0
332	1	2	0	0	0	0	0	0	0	3	4	1	0	0	0	0	0	0	0	0	0	0	0	0	0	0	0	0	0	0	0	0	0	0	0	0	0	0	0	0	0	0	0	0	0	5	6	7	8	0	0	0	0	9	2	1;JASON_0\n2;JASON_0\n\n\n	1;JASON_0	1;JASON_3\n\n	JASON_0
333	1	2	0	0	0	0	0	0	0	3	4	1	5	0	0	0	0	0	0	0	0	0	0	0	0	0	0	0	0	0	0	0	0	0	0	0	0	0	0	0	0	0	0	0	0	0	0	0	0	0	0	0	0	0	0	1;JASON_0\n2;JASON_0\n\n\n			
334	1	2	1	0	0	0	0	0	0	0	0	0	0	0	0	0	0	0	0	0	0	0	0	0	0	0	0	0	0	0	0	0	0	0	0	0	0	0	0	0	0	0	0	0	0	3	4	5	6	0	0	0	0	7	2		1;YAMA_1	1;YAMA_1\n\n	YAMA_0
335	1	2	0	0	0	0	0	0	0	3	4	1	0	0	0	0	0	0	0	0	0	0	0	0	0	0	0	0	0	0	0	0	0	0	0	0	0	0	0	0	0	0	0	0	0	5	6	7	8	9	10	0	0	11	2	1;JASON_3\n2;JASON_0\n\n\n	1;JASON_0	1;JASON_3\n2;JASON_3\n	JASON_0
336	1	2	0	0	0	0	0	0	0	3	4	1	0	0	0	0	0	0	0	0	0	0	0	0	0	0	0	0	0	0	0	0	0	0	0	0	0	0	0	0	0	0	0	0	0	5	6	7	8	0	0	0	0	9	2				
337	1	2	0	0	0	0	0	0	0	3	4	1	0	0	0	0	0	0	0	0	0	0	0	0	0	0	0	0	0	0	0	0	0	0	0	0	0	0	0	0	0	0	0	0	0	5	6	7	8	0	0	0	0	9	2				
338	1	2	0	3	0	4	1	0	0	5	6	0	0	0	0	0	0	0	0	0	0	0	0	0	0	0	0	0	0	0	0	0	0	0	0	0	0	0	0	0	0	0	0	0	0	7	8	9	10	11	12	0	0	13	2	1;ODYSSEY_0\n2;ODYSSEY_0\n\n\n		1;ODYSSEY_0\n2;ODYSSEY_3\n	ODYSSEY_0
339	1	2	0	0	0	0	0	0	0	3	4	1	0	0	0	0	0	0	0	0	0	0	0	0	0	0	0	0	0	0	0	0	0	0	0	0	0	0	0	0	0	0	0	0	0	5	6	7	8	0	0	0	0	9	2				
340	1	2	1	0	0	0	0	0	0	0	0	0	0	0	0	0	0	0	0	0	0	0	0	0	0	0	0	0	0	0	0	0	0	0	0	0	0	0	0	0	0	0	0	0	0	3	4	5	6	0	0	0	0	7	2			1;ODYSSEY_1\n\n	ODYSSEY_1
341	1	2	1	3	0	4	0	0	0	5	6	0	0	0	0	0	0	0	0	0	0	0	0	0	0	0	0	0	0	0	0	0	0	0	0	0	0	0	0	0	0	0	0	0	0	7	8	9	10	0	0	0	0	11	2	1;JASON_2\n2;JASON_1\n\n\n		1;JASON_1\n\n	JASON_0
342	1	2	0	0	0	0	0	0	0	3	4	1	0	0	0	0	0	0	0	0	0	0	0	0	0	0	0	0	0	0	0	0	0	0	0	0	0	0	0	0	0	0	0	0	0	5	6	7	8	0	0	0	0	9	2	1;JASON_2\n2;JASON_1\n\n\n			
343	1	2	0	0	0	0	0	0	0	3	4	0	0	0	0	0	0	0	5	6	1	0	0	0	0	0	0	0	0	0	0	0	0	0	0	0	0	0	0	0	0	0	0	0	0	7	8	9	10	0	0	0	0	11	2				
344	1	2	0	0	0	0	0	0	0	3	4	1	0	0	0	0	0	0	0	0	0	0	0	0	0	0	0	0	0	0	0	0	0	0	0	0	0	0	0	0	0	0	0	0	0	5	6	7	8	0	0	0	0	9	2				
345	1	2	1	0	0	0	0	0	0	0	0	0	0	0	0	0	0	0	0	0	0	0	0	0	0	0	0	0	0	0	0	0	0	0	0	0	0	0	0	0	0	0	0	0	0	3	4	5	6	0	0	0	0	7	2				
346	1	2	1	0	0	0	0	0	0	0	0	0	0	0	0	0	0	0	0	0	0	0	0	0	0	0	0	0	0	0	0	0	0	0	0	0	0	0	0	0	0	0	0	0	0	3	4	5	6	0	0	0	0	7	2				
347	1	2	1	0	0	0	0	0	0	0	0	0	0	0	0	0	0	0	0	0	0	0	0	0	0	0	0	0	0	0	0	0	0	0	0	0	0	0	0	0	0	0	0	0	0	0	0	0	0	0	0	0	0	0	0				
348	1	2	0	0	0	0	0	0	0	3	4	1	0	0	0	0	0	0	0	0	0	0	0	0	0	0	0	0	0	0	0	0	0	0	0	0	0	0	0	0	0	0	0	0	0	5	6	7	8	9	10	0	0	11	2		1;MEDEA_0	1;MEDEA_1\n2;MEDEA_3\n	MEDEA_3
349	1	2	0	0	0	0	0	0	0	3	4	1	0	0	0	0	0	0	0	0	0	0	0	0	0	0	0	0	0	0	0	0	0	0	0	0	0	0	0	0	0	0	0	0	0	5	6	7	8	0	0	0	0	9	2	1;MEDEA_0\n2;MEDEA_1\n\n\n		1;ANGELINA_PRINCESS_1\n\n	ANGELINA_PRINCESS_2
350	1	2	0	0	0	0	0	0	0	3	4	1	0	0	0	0	0	0	0	0	0	0	0	0	0	0	0	0	0	0	0	0	0	0	0	0	0	0	0	0	0	0	0	0	0	5	6	7	8	0	0	0	0	9	2	1;ANGELINA_PRINCESS_1\n2;ANGELINA_PRINCESS_1\n\n\n		1;MEDEA_1\n\n	MEDEA_0
351	1	2	0	0	0	0	0	0	0	3	4	1	0	0	0	0	0	0	0	0	0	0	0	0	0	0	0	0	0	0	0	0	0	0	0	0	0	0	0	0	0	0	0	0	0	5	6	7	8	0	0	0	0	9	2	1;MEDEA_0\n2;MEDEA_0\n\n\n			
352	1	2	1	0	0	0	0	0	0	0	0	0	0	0	0	0	0	0	0	0	0	0	0	0	0	0	0	0	0	0	0	0	0	0	0	0	0	0	0	0	0	0	0	0	0	3	4	5	6	0	0	0	0	7	2		1;MEDEA_0	1;MEDEA_0\n\n	MEDEA_0
353	1	2	1	0	0	0	0	0	0	0	0	0	0	0	0	0	0	0	0	0	0	0	0	0	0	0	0	0	0	0	0	0	0	0	0	0	0	0	0	0	0	0	0	0	0	3	4	5	6	0	0	0	0	7	2	1;MEDEA_3\n\n\n\n		1;ANGELINA_PRINCESS_1\n\n	ANGELINA_PRINCESS_3
354	1	2	0	0	0	0	0	0	0	3	4	1	0	0	0	0	0	0	0	0	0	0	0	0	0	0	0	0	0	0	0	0	0	0	0	0	0	0	0	0	0	0	0	0	0	5	6	7	8	9	10	0	0	11	2	1;MEDEA_1\n2;MEDEA_1\n\n\n	1;ANGELINA_PRINCESS_0	1;ANGELINA_PRINCESS_3\n2;ANGELINA_PRINCESS_2\n	ANGELINA_PRINCESS_3
355	1	2	0	0	0	0	0	0	0	3	4	1	0	0	0	0	0	0	0	0	0	0	0	0	0	0	0	0	0	0	0	0	0	0	0	0	0	0	0	0	0	0	0	0	0	5	6	7	8	0	0	0	0	9	2				
356	1	2	0	0	0	0	0	0	0	3	4	0	0	0	0	0	0	0	5	6	1	0	0	0	0	0	0	0	0	0	0	0	0	0	0	0	0	0	0	0	0	0	0	0	0	7	8	9	10	0	0	0	0	11	2				
357	1	2	0	0	0	0	0	0	0	3	4	1	0	0	0	0	0	0	0	0	0	0	0	0	0	0	0	0	0	0	0	0	0	0	0	0	0	0	0	0	0	0	0	0	0	5	6	7	8	0	0	0	0	9	2				
358	1	2	1	3	1	4	1	0	0	0	0	0	0	0	0	0	0	0	0	0	0	0	0	0	0	0	0	0	0	0	0	0	0	0	0	0	0	0	0	0	0	0	0	0	0	5	6	7	8	0	0	0	0	9	2	1;ANGELINA_PRINCESS_2\n\n\n\n		1;ANGELINA_PRINCESS_2\n\n	ANGELINA_PRINCESS_2
359	1	2	0	0	0	0	0	0	0	3	4	0	0	0	0	0	0	0	5	6	1	0	0	0	0	0	0	0	0	0	0	0	0	0	0	0	0	0	0	0	0	0	0	0	0	7	8	9	10	0	0	0	0	11	2	1;ODYSSEY_1\n2;ODYSSEY_1\n3;ODYSSEY_0\n\n	1;ANGELINA_PRINCESS_2	1;ANGELINA_PRINCESS_0\n\n	ANGELINA_PRINCESS_1
360	1	2	0	0	0	0	0	0	0	3	4	1	0	0	0	0	0	0	0	0	0	0	0	0	0	0	0	0	0	0	0	0	0	0	0	0	0	0	0	0	0	0	0	0	0	5	6	7	8	0	0	0	0	9	2	1;ANGELINA_PRINCESS_0\n2;ANGELINA_PRINCESS_1\n\n\n		1;ROSE_PRINCESS_2\n\n	ROSE_PRINCESS_3
361	1	2	0	0	0	0	0	0	0	3	4	1	0	0	0	0	0	0	0	0	0	0	0	0	0	0	0	0	0	0	0	0	0	0	0	0	0	0	0	0	0	0	0	0	0	5	6	7	8	0	0	0	0	9	2			1;PLATO_3\n\n	PLATO_0
362	1	2	1	0	0	0	0	0	0	0	0	0	0	0	0	0	0	0	0	0	0	0	0	0	0	0	0	0	0	0	0	0	0	0	0	0	0	0	0	0	0	0	0	0	0	3	4	5	6	0	0	0	0	7	2				
363	1	2	0	0	0	0	0	0	0	3	4	1	0	0	0	0	0	0	0	0	0	0	0	0	0	0	0	0	0	0	0	0	0	0	0	0	0	0	0	0	0	0	0	0	0	5	6	7	8	0	0	0	0	9	2				
364	1	2	0	0	0	0	0	0	0	3	4	1	0	0	0	0	0	0	0	0	0	0	0	0	0	0	0	0	0	0	0	0	0	0	0	0	0	0	0	0	0	0	0	0	0	5	6	7	8	0	0	0	0	9	2				
365	1	2	0	0	0	0	0	0	0	3	4	1	0	0	0	0	0	0	0	0	0	0	0	0	0	0	0	0	0	0	0	0	0	0	0	0	0	0	0	0	0	0	0	0	0	5	6	7	8	0	0	0	0	9	2				
366	1	2	1	0	0	0	0	0	0	0	0	0	0	0	0	0	0	0	0	0	0	0	0	0	0	0	0	0	0	0	0	0	0	0	0	0	0	0	0	0	0	0	0	0	0	3	4	5	6	0	0	0	0	7	2		1;JASON_0	1;JASON_3\n\n	JASON_3
367	1	2	0	0	0	0	0	0	0	3	4	1	0	0	0	0	0	0	0	0	0	0	0	0	0	0	0	0	0	0	0	0	0	0	0	0	0	0	0	0	0	0	0	0	0	5	6	7	8	0	0	0	0	9	2	1;JASON_1\n2;JASON_0\n\n\n	1;JASON_0	1;JASON_1\n\n	JASON_1
368	1	2	1	0	0	0	0	0	0	0	0	0	0	0	0	0	0	0	0	0	0	0	0	0	0	0	0	0	0	0	0	0	0	0	0	0	0	0	0	0	0	0	0	0	0	3	4	5	6	0	0	0	0	7	2	1;JASON_0\n\n\n\n			
369	1	2	0	0	0	0	0	0	0	3	4	0	5	0	6	1	0	0	7	8	0	0	0	0	0	0	0	0	0	0	0	0	0	0	0	0	0	0	0	0	0	0	0	0	0	9	10	11	12	0	0	0	0	13	2				
370	1	2	0	0	0	0	0	0	0	3	4	1	0	0	0	0	0	0	0	0	0	0	0	0	0	0	0	0	0	0	0	0	0	0	0	0	0	0	0	0	0	0	0	0	0	5	6	7	8	0	0	0	0	9	2				
371	1	2	1	0	0	0	0	0	0	0	0	0	0	0	0	0	0	0	0	0	0	0	0	0	0	0	0	0	0	0	0	0	0	0	0	0	0	0	0	0	0	0	0	0	0	3	4	5	6	0	0	0	0	7	2				
372	1	2	0	0	0	0	0	0	0	3	4	1	0	0	0	0	0	0	0	0	0	0	0	0	0	0	0	0	0	0	0	0	0	0	0	0	0	0	0	0	0	0	0	0	0	5	6	7	8	0	0	0	0	9	2				
373	1	2	1	0	0	0	0	0	0	0	0	0	0	0	0	0	0	0	0	0	0	0	0	0	0	0	0	0	0	0	0	0	0	0	0	0	0	0	0	0	0	0	0	0	0	3	4	5	6	0	0	0	0	7	2				
374	1	2	1	0	0	0	0	0	0	0	0	0	0	0	0	0	0	0	0	0	0	0	0	0	0	0	0	0	0	0	0	0	0	0	0	0	0	0	0	0	0	0	0	0	0	3	4	5	6	0	0	0	0	7	2				
375	1	2	1	0	0	0	0	0	0	0	0	0	0	0	0	0	0	0	0	0	0	0	0	0	0	0	0	0	0	0	0	0	0	0	0	0	0	0	0	0	0	0	0	0	0	0	0	0	0	0	0	0	0	0	0				
376	1	2	1	0	0	0	0	0	0	0	0	0	0	0	0	0	0	0	0	0	0	0	0	0	0	0	0	0	0	0	0	0	0	0	0	0	0	0	0	0	0	0	0	0	0	3	4	5	6	0	0	0	0	7	2				
377	1	2	1	0	0	0	0	0	0	0	0	0	0	0	0	0	0	0	0	0	0	0	0	0	0	0	0	0	0	0	0	0	0	0	0	0	0	0	0	0	0	0	0	0	0	3	4	5	6	0	0	0	0	7	2				
378	1	2	0	0	0	0	0	0	0	3	4	1	0	0	0	0	0	0	0	0	0	0	0	0	0	0	0	0	0	0	0	0	0	0	0	0	0	0	0	0	0	0	0	0	0	5	6	7	8	0	0	0	0	9	2	1;MEDEA_1\n\n\n\n	1;MEDEA_0	1;MEDEA_3\n\n	MEDEA_0
379	1	2	0	0	0	0	0	0	0	3	4	0	0	0	0	0	0	0	5	6	1	0	0	0	0	0	0	0	0	0	0	0	0	0	0	0	0	0	0	0	0	0	0	0	0	0	0	0	0	0	0	0	0	0	0				
380	1	2	0	0	0	0	0	0	0	3	4	0	0	0	0	0	0	0	5	6	1	0	0	0	0	0	0	0	0	0	0	0	0	0	0	0	0	0	0	0	0	0	0	0	0	0	0	0	0	0	0	0	0	0	0				
381	1	2	0	0	0	0	0	0	0	3	4	1	0	0	0	0	0	0	0	0	0	0	0	0	0	0	0	0	0	0	0	0	0	0	0	0	0	0	0	0	0	0	0	0	0	5	6	7	8	0	0	0	0	9	2	1;MEDEA_0\n\n\n\n	1;MEDEA_0	1;MEDEA_3\n\n	MEDEA_0
382	1	2	0	0	0	0	0	0	0	3	4	1	0	0	0	0	0	0	0	0	0	0	0	0	0	0	0	0	0	0	0	0	0	0	0	0	0	0	0	0	0	0	0	0	0	5	6	7	8	0	0	0	0	9	2	1;MEDEA_0\n\n\n\n	1;MEDEA_1	1;MEDEA_1\n\n	MEDEA_2
383	1	2	0	3	1	4	0	0	0	5	6	0	0	0	0	0	0	0	0	0	0	0	0	0	0	0	0	0	0	0	0	0	0	0	0	0	0	0	0	0	0	0	0	0	0	7	8	9	10	0	0	0	0	11	2				
384	1	2	1	0	0	0	0	0	0	0	0	0	0	0	0	0	0	0	0	0	0	0	0	0	0	0	0	0	0	0	0	0	0	0	0	0	0	0	0	0	0	0	0	0	0	3	4	5	6	0	0	0	0	7	2				
385	1	2	1	0	0	0	0	0	0	0	0	0	0	0	0	0	0	0	0	0	0	0	0	0	0	0	0	0	0	0	0	0	0	0	0	0	0	0	0	0	0	0	0	0	0	3	4	5	6	0	0	0	0	7	2				
386	1	2	1	3	0	0	0	0	0	0	0	0	0	0	0	0	0	0	0	0	0	0	0	0	0	0	0	0	0	0	0	0	0	0	0	0	0	0	0	0	0	0	0	0	0	0	0	0	0	0	0	0	0	0	0				
387	1	2	0	0	0	0	0	0	0	3	4	1	0	0	0	0	0	0	0	0	0	0	0	0	0	0	0	0	0	0	0	0	0	0	0	0	0	0	0	0	0	0	0	0	0	5	6	7	8	0	0	0	0	9	2	1;PLATO_0\n2;PLATO_0\n\n\n	1;PLATO_0	1;PLATO_2\n\n	PLATO_0
388	1	2	0	0	0	0	0	0	0	3	4	1	0	0	0	0	0	0	0	0	0	0	0	0	0	0	0	0	0	0	0	0	0	0	0	0	0	0	0	0	0	0	0	0	0	5	6	7	8	0	0	0	0	9	2	1;PLATO_0\n2;PLATO_0\n\n\n			
389	1	2	0	0	0	0	0	0	0	3	4	1	0	0	0	0	0	0	0	0	0	0	0	0	0	0	0	0	0	0	0	0	0	0	0	0	0	0	0	0	0	0	0	0	0	5	6	7	8	0	0	0	0	9	2				
390	1	2	0	0	0	0	0	0	0	3	4	1	0	0	0	0	0	0	0	0	0	0	0	0	0	0	0	0	0	0	0	0	0	0	0	0	0	0	0	0	0	0	0	0	0	5	6	7	8	0	0	0	0	9	2	1;PLATO_1\n2;PLATO_0\n\n\n	1;PLATO_1	1;PLATO_0\n\n	PLATO_3
391	1	2	1	0	0	0	0	0	0	0	0	0	0	0	0	0	0	0	0	0	0	0	0	0	0	0	0	0	0	0	0	0	0	0	0	0	0	0	0	0	0	0	0	0	0	3	4	5	6	0	0	0	0	7	2	1;PLATO_0\n\n\n\n	1;PLATO_1	1;PLATO_1\n\n	PLATO_0
392	1	2	0	0	0	0	0	0	0	3	4	1	0	0	0	0	0	0	0	0	0	0	0	0	0	0	0	0	0	0	0	0	0	0	0	0	0	0	0	0	0	0	0	0	0	5	6	7	8	0	0	0	0	9	2	1;PLATO_0\n2;PLATO_1\n\n\n			
393	1	2	1	0	0	0	0	0	0	0	0	0	0	0	0	0	0	0	0	0	0	0	0	0	0	0	0	0	0	0	0	0	0	0	0	0	0	0	0	0	0	0	0	0	0	3	4	5	6	0	0	0	0	7	2	1;PLATO_0\n\n\n\n	1;PLATO_0	1;PLATO_0\n\n	PLATO_0
394	1	2	0	0	0	0	0	0	0	3	4	1	0	0	0	0	0	0	0	0	0	0	0	0	0	0	0	0	0	0	0	0	0	0	0	0	0	0	0	0	0	0	0	0	0	5	6	7	8	0	0	0	0	9	2	1;PLATO_0\n2;PLATO_1\n\n\n			
395	1	2	1	0	0	0	0	0	0	0	0	0	0	0	0	0	0	0	0	0	0	0	0	0	0	0	0	0	0	0	0	0	0	0	0	0	0	0	0	0	0	0	0	0	0	3	4	5	6	0	0	0	0	7	2				
396	1	2	0	0	0	0	0	0	0	3	4	1	0	0	0	0	0	0	0	0	0	0	0	0	0	0	0	0	0	0	0	0	0	0	0	0	0	0	0	0	0	0	0	0	0	5	6	7	8	0	0	0	0	9	2	1;PLATO_0\n2;PLATO_0\n\n\n	1;PLATO_0	1;PLATO_0\n\n	PLATO_0
397	1	2	0	0	0	0	0	0	0	3	4	1	0	0	0	0	0	0	0	0	0	0	0	0	0	0	0	0	0	0	0	0	0	0	0	0	0	0	0	0	0	0	0	0	0	5	6	7	8	0	0	0	0	9	2				
398	1	2	1	0	0	0	0	0	0	0	0	0	0	0	0	0	0	0	0	0	0	0	0	0	0	0	0	0	0	0	0	0	0	0	0	0	0	0	0	0	0	0	0	0	0	3	4	5	6	0	0	0	0	7	2				
399	1	2	0	0	0	0	0	0	0	3	4	1	0	0	0	0	0	0	0	0	0	0	0	0	0	0	0	0	0	0	0	0	0	0	0	0	0	0	0	0	0	0	0	0	0	5	6	7	8	0	0	0	0	9	2	1;PLATO_1\n2;PLATO_0\n\n\n	1;PLATO_0	1;PLATO_3\n\n	PLATO_0
400	1	2	0	0	0	0	0	0	0	3	4	0	5	0	6	1	0	0	7	8	0	0	0	0	0	0	0	0	0	0	0	0	0	0	0	0	0	0	0	0	0	0	0	0	0	9	10	11	12	0	0	0	0	13	2	1;PLATO_0\n2;PLATO_0\n3;PLATO_1\n\n		1;PLATO_1\n\n	PLATO_0
401	1	2	0	0	0	0	0	0	0	3	4	1	0	0	0	0	0	0	0	0	0	0	0	0	0	0	0	0	0	0	0	0	0	0	0	0	0	0	0	0	0	0	0	0	0	5	6	7	8	0	0	0	0	9	2		1;PLATO_0	1;PLATO_0\n\n	PLATO_3
402	1	2	0	0	0	0	0	0	0	3	4	0	0	0	0	0	0	0	5	6	1	0	0	0	0	0	0	0	0	0	0	0	0	0	0	0	0	0	0	0	0	0	0	0	0	7	8	9	10	0	0	0	0	11	2	1;PLATO_0\n2;PLATO_3\n3;PLATO_0\n\n			
403	1	2	0	0	0	0	0	0	0	3	4	0	0	0	0	0	0	0	5	6	1	0	0	0	0	0	0	0	0	0	0	0	0	0	0	0	0	0	0	0	0	0	0	0	0	7	8	9	10	0	0	0	0	11	2				
404	1	2	0	0	0	0	0	0	0	3	4	1	0	0	0	0	0	0	0	0	0	0	0	0	0	0	0	0	0	0	0	0	0	0	0	0	0	0	0	0	0	0	0	0	0	5	6	7	8	0	0	0	0	9	2				
405	1	2	0	0	0	0	0	0	0	3	4	1	0	0	0	0	0	0	0	0	0	0	0	0	0	0	0	0	0	0	0	0	0	0	0	0	0	0	0	0	0	0	0	0	0	5	6	7	8	0	0	0	0	9	2		1;PLATO_0	1;PLATO_0\n\n	PLATO_1
406	1	2	0	0	0	0	0	0	0	3	4	0	0	0	0	0	0	0	5	6	1	0	0	0	0	0	0	0	0	0	0	0	0	0	0	0	0	0	0	0	0	0	0	0	0	7	8	9	10	0	0	0	0	11	2	1;PLATO_1\n2;PLATO_0\n3;PLATO_0\n\n			
407	1	2	1	0	0	0	0	0	0	0	0	0	0	0	0	0	0	0	0	0	0	0	0	0	0	0	0	0	0	0	0	0	0	0	0	0	0	0	0	0	0	0	0	0	0	3	4	5	6	0	0	0	0	7	2				
408	1	2	0	0	0	0	0	0	0	3	4	0	0	0	0	0	0	0	5	6	1	0	0	0	0	0	0	0	0	0	0	0	0	0	0	0	0	0	0	0	0	0	0	0	0	7	8	9	10	0	0	0	0	11	2	1;PLATO_0\n2;PLATO_1\n3;PLATO_1\n\n			
409	1	2	0	0	0	0	0	0	0	3	4	1	0	0	0	0	0	0	0	0	0	0	0	0	0	0	0	0	0	0	0	0	0	0	0	0	0	0	0	0	0	0	0	0	0	5	6	7	8	0	0	0	0	9	2	1;PLATO_0\n2;PLATO_1\n\n\n			
410	1	2	0	0	0	0	0	0	0	3	4	1	0	0	0	0	0	0	0	0	0	0	0	0	0	0	0	0	0	0	0	0	0	0	0	0	0	0	0	0	0	0	0	0	0	5	6	7	8	0	0	0	0	9	2		1;PLATO_1	1;PLATO_0\n\n	PLATO_2
411	1	2	0	0	0	0	0	0	0	3	4	1	0	0	0	0	0	0	0	0	0	0	0	0	0	0	0	0	0	0	0	0	0	0	0	0	0	0	0	0	0	0	0	0	0	5	6	7	8	0	0	0	0	9	2	1;PLATO_3\n2;PLATO_0\n\n\n	1;PLATO_0	1;PLATO_1\n\n	PLATO_0
412	1	2	0	0	0	0	0	0	0	3	4	0	0	0	0	0	0	0	5	6	1	0	0	0	0	0	0	0	0	0	0	0	0	0	0	0	0	0	0	0	0	0	0	0	0	7	8	9	10	0	0	0	0	11	2			1;PLATO_1\n\n	PLATO_3
413	1	2	0	0	0	0	0	0	0	3	4	1	0	0	0	0	0	0	0	0	0	0	0	0	0	0	0	0	0	0	0	0	0	0	0	0	0	0	0	0	0	0	0	0	0	5	6	7	8	0	0	0	0	9	2	1;PLATO_0\n2;PLATO_0\n\n\n	1;PLATO_0	1;PLATO_0\n\n	PLATO_0
414	1	2	0	0	0	0	0	0	0	3	4	1	0	0	0	0	0	0	0	0	0	0	0	0	0	0	0	0	0	0	0	0	0	0	0	0	0	0	0	0	0	0	0	0	0	5	6	7	8	0	0	0	0	9	2				
415	1	2	0	0	0	0	0	0	0	3	4	1	0	0	0	0	0	0	0	0	0	0	0	0	0	0	0	0	0	0	0	0	0	0	0	0	0	0	0	0	0	0	0	0	0	5	6	7	8	0	0	0	0	9	2				
416	1	2	1	3	0	0	0	0	0	4	5	0	0	0	0	0	0	0	0	0	0	0	0	0	0	0	0	0	0	0	0	0	0	0	0	0	0	0	0	0	0	0	0	0	0	0	0	0	0	0	0	0	0	0	0	1;PLATO_0\n\n\n\n			
417	1	2	1	0	0	0	0	0	0	0	0	0	0	0	0	0	0	0	0	0	0	0	0	0	0	0	0	0	0	0	0	0	0	0	0	0	0	0	0	0	0	0	0	0	0	3	4	5	6	0	0	0	0	7	2	1;PLATO_0\n\n\n\n	1;PLATO_1	1;PLATO_0\n\n	PLATO_1
418	1	2	1	0	0	0	0	0	0	0	0	0	0	0	0	0	0	0	0	0	0	0	0	0	0	0	0	0	0	0	0	0	0	0	0	0	0	0	0	0	0	0	0	0	0	3	4	5	6	0	0	0	0	7	2	1;PLATO_0\n\n\n\n	1;ODYSSEY_0	1;ODYSSEY_3\n\n	ODYSSEY_0
419	1	2	1	0	0	0	0	0	0	0	0	0	0	0	0	0	0	0	0	0	0	0	0	0	0	0	0	0	0	0	0	0	0	0	0	0	0	0	0	0	0	0	0	0	0	3	4	5	6	0	0	0	0	7	2				
420	1	2	1	0	0	0	0	0	0	0	0	0	0	0	0	0	0	0	0	0	0	0	0	0	0	0	0	0	0	0	0	0	0	0	0	0	0	0	0	0	0	0	0	0	0	3	4	5	6	0	0	0	0	7	2	1;ODYSSEY_0\n\n\n\n		1;PLATO_1\n\n	PLATO_1
421	1	2	0	0	0	0	0	0	0	3	4	1	0	0	0	0	0	0	0	0	0	0	0	0	0	0	0	0	0	0	0	0	0	0	0	0	0	0	0	0	0	0	0	0	0	5	6	7	8	0	0	0	0	9	2	1;PLATO_1\n2;PLATO_0\n\n\n			
422	1	2	0	0	0	0	0	0	0	3	4	1	0	0	0	0	0	0	0	0	0	0	0	0	0	0	0	0	0	0	0	0	0	0	0	0	0	0	0	0	0	0	0	0	0	5	6	7	8	0	0	0	0	9	2				
423	1	2	0	0	0	0	0	0	0	3	4	1	0	0	0	0	0	0	0	0	0	0	0	0	0	0	0	0	0	0	0	0	0	0	0	0	0	0	0	0	0	0	0	0	0	5	6	7	8	0	0	0	0	9	2				
424	1	2	0	0	0	0	0	0	0	3	4	1	0	0	0	0	0	0	0	0	0	0	0	0	0	0	0	0	0	0	0	0	0	0	0	0	0	0	0	0	0	0	0	0	0	5	6	7	8	0	0	0	0	9	2				
425	1	2	0	0	0	0	0	0	0	3	4	1	0	0	0	0	0	0	0	0	0	0	0	0	0	0	0	0	0	0	0	0	0	0	0	0	0	0	0	0	0	0	0	0	0	5	6	7	8	0	0	0	0	9	2				
426	1	2	0	0	0	0	0	0	0	3	4	1	0	0	0	0	0	0	0	0	0	0	0	0	0	0	0	0	0	0	0	0	0	0	0	0	0	0	0	0	0	0	0	0	0	5	6	7	8	0	0	0	0	9	2				
427	1	2	0	3	0	4	1	0	0	5	6	0	0	0	0	0	0	0	0	0	0	0	0	0	0	0	0	0	0	0	0	0	0	0	0	0	0	0	0	0	0	0	0	0	0	7	8	9	10	0	0	0	0	11	2				
428	1	2	0	0	0	0	0	0	0	3	4	1	0	0	0	0	0	0	0	0	0	0	0	0	0	0	0	0	0	0	0	0	0	0	0	0	0	0	0	0	0	0	0	0	0	5	6	7	8	0	0	0	0	9	2				
429	1	2	1	0	0	0	0	0	0	0	0	0	0	0	0	0	0	0	0	0	0	0	0	0	0	0	0	0	0	0	0	0	0	0	0	0	0	0	0	0	0	0	0	0	0	3	4	5	6	0	0	0	0	7	2				
430	1	2	0	0	0	0	0	0	0	3	4	1	5	0	6	0	0	0	7	8	0	0	0	0	0	0	0	0	0	0	0	0	0	0	0	0	0	0	0	0	0	0	0	0	0	9	10	11	12	0	0	0	0	13	2				
431	1	2	1	0	0	0	0	0	0	0	0	0	0	0	0	0	0	0	0	0	0	0	0	0	0	0	0	0	0	0	0	0	0	0	0	0	0	0	0	0	0	0	0	0	0	3	4	5	6	0	0	0	0	7	2				
432	1	2	0	0	0	0	0	0	0	3	4	1	0	0	0	0	0	0	0	0	0	0	0	0	0	0	0	0	0	0	0	0	0	0	0	0	0	0	0	0	0	0	0	0	0	5	6	7	8	0	0	0	0	9	2				
433	1	2	0	0	0	0	0	0	0	3	4	0	0	0	0	0	0	0	5	6	1	0	0	0	0	0	0	0	0	0	0	0	0	0	0	0	0	0	0	0	0	0	0	0	0	7	8	9	10	11	12	0	0	13	2				
434	1	2	0	0	0	0	0	0	0	3	4	1	0	0	0	0	0	0	0	0	0	0	0	0	0	0	0	0	0	0	0	0	0	0	0	0	0	0	0	0	0	0	0	0	0	5	6	7	8	0	0	0	0	9	2				
435	1	2	1	0	0	0	0	0	0	0	0	0	0	0	0	0	0	0	0	0	0	0	0	0	0	0	0	0	0	0	0	0	0	0	0	0	0	0	0	0	0	0	0	0	0	3	4	5	6	0	0	0	0	7	2				
436	1	2	1	0	0	0	0	0	0	0	0	0	0	0	0	0	0	0	0	0	0	0	0	0	0	0	0	0	0	0	0	0	0	0	0	0	0	0	0	0	0	0	0	0	0	3	4	5	6	0	0	0	0	7	2				
437	1	2	1	0	0	0	0	0	0	0	0	0	0	0	0	0	0	0	0	0	0	0	0	0	0	0	0	0	0	0	0	0	0	0	0	0	0	0	0	0	0	0	0	0	0	3	4	5	6	0	0	0	0	7	2				
438	1	2	1	0	0	0	0	0	0	0	0	0	0	0	0	0	0	0	0	0	0	0	0	0	0	0	0	0	0	0	0	0	0	0	0	0	0	0	0	0	0	0	0	0	0	3	4	5	6	0	0	0	0	7	2				
439	1	2	1	3	0	0	0	0	0	0	0	0	0	0	0	0	0	0	0	0	0	0	0	0	0	0	0	0	0	0	0	0	0	0	0	0	0	0	0	0	0	0	0	0	0	4	5	0	0	0	0	0	0	0	0				
440	1	2	1	3	0	0	0	0	0	0	0	0	0	0	0	0	0	0	0	0	0	0	0	0	0	0	0	0	0	0	0	0	0	0	0	0	0	0	0	0	0	0	0	0	0	4	5	0	0	0	0	0	0	0	0				
441	1	2	1	3	0	0	0	0	0	0	0	0	0	0	0	0	0	0	0	0	0	0	0	0	0	0	0	0	0	0	0	0	0	0	0	0	0	0	0	0	0	0	0	0	0	4	5	0	0	0	0	0	0	0	0				
442	1	2	1	0	0	0	0	0	0	0	0	0	0	0	0	0	0	0	0	0	0	0	0	0	0	0	0	0	0	0	0	0	0	0	0	0	0	0	0	0	0	0	0	0	0	3	4	5	6	0	0	0	0	7	2				
443	1	2	0	0	0	0	0	0	0	3	4	0	5	1	6	0	0	0	7	8	0	0	0	0	0	0	0	0	0	0	0	0	0	0	0	0	0	0	0	0	0	0	0	0	0	9	10	11	12	0	0	0	0	13	2				
444	1	2	0	0	0	0	0	0	0	3	4	1	0	0	0	0	0	0	0	0	0	0	0	0	0	0	0	0	0	0	0	0	0	0	0	0	0	0	0	0	0	0	0	0	0	5	6	7	8	0	0	0	0	9	2				
445	1	2	0	0	0	0	0	0	0	3	4	0	5	0	6	1	0	0	7	8	0	0	0	0	0	0	0	0	0	0	0	0	0	0	0	0	0	0	0	0	0	0	0	0	0	9	10	11	12	0	0	0	0	13	2				
446	1	2	1	0	0	0	0	0	0	0	0	0	0	0	0	0	0	0	0	0	0	0	0	0	0	0	0	0	0	0	0	0	0	0	0	0	0	0	0	0	0	0	0	0	0	3	4	5	6	0	0	0	0	7	2				
447	1	2	1	0	0	0	0	0	0	0	0	0	0	0	0	0	0	0	0	0	0	0	0	0	0	0	0	0	0	0	0	0	0	0	0	0	0	0	0	0	0	0	0	0	0	3	4	5	6	0	0	0	0	7	2	1;PLATO_0\n\n\n\n	1;PLATO_0	1;PLATO_0\n\n	PLATO_0
448	1	2	1	0	0	0	0	0	0	0	0	0	0	0	0	0	0	0	0	0	0	0	0	0	0	0	0	0	0	0	0	0	0	0	0	0	0	0	0	0	0	0	0	0	0	3	4	5	6	0	0	0	0	7	2	1;PLATO_0\n\n\n\n	1;PLATO_0	1;PLATO_0\n\n	PLATO_3
449	1	2	0	0	0	0	0	0	0	3	4	1	0	0	0	0	0	0	0	0	0	0	0	0	0	0	0	0	0	0	0	0	0	0	0	0	0	0	0	0	0	0	0	0	0	5	6	7	8	0	0	0	0	9	2				
450	1	2	1	0	0	0	0	0	0	0	0	0	0	0	0	0	0	0	0	0	0	0	0	0	0	0	0	0	0	0	0	0	0	0	0	0	0	0	0	0	0	0	0	0	0	3	4	5	6	0	0	0	0	7	2				
451	1	2	0	0	0	0	0	0	0	3	4	0	0	0	0	0	0	0	5	6	1	0	0	0	0	0	0	0	0	0	0	0	0	0	0	0	0	0	0	0	0	0	0	0	0	7	8	9	10	0	0	0	0	11	2				
452	1	2	1	0	0	0	0	0	0	0	0	0	0	0	0	0	0	0	0	0	0	0	0	0	0	0	0	0	0	0	0	0	0	0	0	0	0	0	0	0	0	0	0	0	0	3	4	5	6	0	0	0	0	7	2				
453	1	2	0	0	0	0	0	0	0	3	4	0	0	0	0	0	0	0	5	6	0	0	0	0	0	0	0	7	8	1	0	0	0	0	0	0	0	0	0	0	0	0	0	0	0	0	0	0	0	0	0	0	0	0	0				
454	1	2	0	0	0	0	0	0	0	3	4	1	0	0	0	0	0	0	0	0	0	0	0	0	0	0	0	0	0	0	0	0	0	0	0	0	0	0	0	0	0	0	0	0	0	5	6	7	8	0	0	0	0	9	2			1;ANGELINA_0\n\n	ANGELINA_1
455	1	2	1	3	0	0	0	0	0	0	0	0	0	0	0	0	0	0	0	0	0	0	0	0	0	0	0	0	0	0	0	0	0	0	0	0	0	0	0	0	0	0	0	0	0	0	0	0	0	0	0	0	0	0	0				
456	1	2	0	0	0	0	0	0	0	3	4	1	0	0	0	0	0	0	0	0	0	0	0	0	0	0	0	0	0	0	0	0	0	0	0	0	0	0	0	0	0	0	0	0	0	5	6	7	8	0	0	0	0	9	2	1;ANGELINA_0\n2;ANGELINA_1\n\n\n	1;ANGELINA_0	1;ANGELINA_1\n\n	ANGELINA_1
457	1	2	0	0	0	0	0	0	0	3	4	1	0	0	0	0	0	0	0	0	0	0	0	0	0	0	0	0	0	0	0	0	0	0	0	0	0	0	0	0	0	0	0	0	0	5	6	7	8	0	0	0	0	9	2	1;COLUMBUS_0\n2;COLUMBUS_0\n\n\n	1;COLUMBUS_1	1;COLUMBUS_0\n\n	COLUMBUS_0
458	1	2	1	3	0	0	0	0	0	0	0	0	0	0	0	0	0	0	0	0	0	0	0	0	0	0	0	0	0	0	0	0	0	0	0	0	0	0	0	0	0	0	0	0	0	0	0	0	0	0	0	0	0	0	0				
459	1	2	0	3	1	4	0	0	0	5	6	0	0	0	0	0	0	0	0	0	0	0	0	0	0	0	0	0	0	0	0	0	0	0	0	0	0	0	0	0	0	0	0	0	0	7	8	9	10	0	0	0	0	11	2				
460	1	2	0	0	0	0	0	0	0	3	4	1	0	0	0	0	0	0	0	0	0	0	0	0	0	0	0	0	0	0	0	0	0	0	0	0	0	0	0	0	0	0	0	0	0	5	6	7	8	0	0	0	0	9	2				
461	1	2	0	0	0	0	0	0	0	3	4	1	0	0	0	0	0	0	0	0	0	0	0	0	0	0	0	0	0	0	0	0	0	0	0	0	0	0	0	0	0	0	0	0	0	5	6	7	8	0	0	0	0	9	2	1;LOLA_3\n2;LOLA_0\n\n\n	1;LOLA_0	1;LOLA_0\n\n	LOLA_1
462	1	2	0	0	0	0	0	0	0	3	4	1	0	0	0	0	0	0	0	0	0	0	0	0	0	0	0	0	0	0	0	0	0	0	0	0	0	0	0	0	0	0	0	0	0	5	6	7	8	0	0	0	0	9	2	1;LOLA_0\n2;LOLA_0\n\n\n	1;ODYSSEY_0	1;ODYSSEY_1\n\n	ODYSSEY_1
463	1	2	0	3	1	4	0	0	0	5	6	0	0	0	0	0	0	0	0	0	0	0	0	0	0	0	0	0	0	0	0	0	0	0	0	0	0	0	0	0	0	0	0	0	0	7	8	9	10	0	0	0	0	11	2	1;ODYSSEY_0\n2;ODYSSEY_1\n\n\n		1;ODYSSEY_0\n\n	ODYSSEY_1
464	1	2	0	0	0	0	0	0	0	3	4	1	0	0	0	0	0	0	0	0	0	0	0	0	0	0	0	0	0	0	0	0	0	0	0	0	0	0	0	0	0	0	0	0	0	5	6	7	8	0	0	0	0	9	2	1;ODYSSEY_0\n2;ODYSSEY_0\n\n\n	1;ODYSSEY_1	1;ODYSSEY_0\n\n	ODYSSEY_0
465	1	2	0	3	1	4	0	0	0	5	6	0	0	0	0	0	0	0	0	0	0	0	0	0	0	0	0	0	0	0	0	0	0	0	0	0	0	0	0	0	0	0	0	0	0	7	8	9	10	0	0	0	0	11	2	1;ODYSSEY_0\n2;ODYSSEY_1\n\n\n		1;ODYSSEY_0\n\n	ODYSSEY_0
466	1	2	0	0	0	0	0	0	0	3	4	1	0	0	0	0	0	0	0	0	0	0	0	0	0	0	0	0	0	0	0	0	0	0	0	0	0	0	0	0	0	0	0	0	0	5	6	7	8	0	0	0	0	9	2	1;ODYSSEY_0\n2;ODYSSEY_0\n\n\n			
467	1	2	0	0	0	0	0	0	0	3	4	1	0	0	0	0	0	0	0	0	0	0	0	0	0	0	0	0	0	0	0	0	0	0	0	0	0	0	0	0	0	0	0	0	0	5	6	7	8	0	0	0	0	9	2				
468	1	2	1	0	0	0	0	0	0	0	0	0	0	0	0	0	0	0	0	0	0	0	0	0	0	0	0	0	0	0	0	0	0	0	0	0	0	0	0	0	0	0	0	0	0	3	4	5	6	0	0	0	0	7	2				
469	1	2	0	0	0	0	0	0	0	3	4	1	0	0	0	0	0	0	0	0	0	0	0	0	0	0	0	0	0	0	0	0	0	0	0	0	0	0	0	0	0	0	0	0	0	5	6	7	8	0	0	0	0	9	2				
470	1	2	0	0	0	0	0	0	0	3	4	1	0	0	0	0	0	0	0	0	0	0	0	0	0	0	0	0	0	0	0	0	0	0	0	0	0	0	0	0	0	0	0	0	0	5	6	7	8	0	0	0	0	9	2	1;BISMARCK_0\n2;BISMARCK_0\n\n\n			
471	1	2	0	0	0	0	0	0	0	3	4	1	0	0	0	0	0	0	0	0	0	0	0	0	0	0	0	0	0	0	0	0	0	0	0	0	0	0	0	0	0	0	0	0	0	5	6	7	8	0	0	0	0	9	2				
472	1	2	0	0	0	0	0	0	0	3	4	0	0	0	0	0	0	0	5	6	1	0	0	0	0	0	0	0	0	0	0	0	0	0	0	0	0	0	0	0	0	0	0	0	0	7	8	9	10	0	0	0	0	11	2				
473	1	2	0	0	0	0	0	0	0	3	4	0	0	0	0	0	0	0	5	6	1	0	0	0	0	0	0	0	0	0	0	0	0	0	0	0	0	0	0	0	0	0	0	0	0	0	0	0	0	0	0	0	0	0	0				
474	1	2	0	0	0	0	0	0	0	3	4	1	0	0	0	0	0	0	0	0	0	0	0	0	0	0	0	0	0	0	0	0	0	0	0	0	0	0	0	0	0	0	0	0	0	5	6	7	8	0	0	0	0	9	2				
475	1	2	0	0	0	0	0	0	0	3	4	1	0	0	0	0	0	0	0	0	0	0	0	0	0	0	0	0	0	0	0	0	0	0	0	0	0	0	0	0	0	0	0	0	0	5	6	7	8	0	0	0	0	9	2				
476	1	2	0	0	0	0	0	0	0	3	4	1	0	0	0	0	0	0	0	0	0	0	0	0	0	0	0	0	0	0	0	0	0	0	0	0	0	0	0	0	0	0	0	0	0	5	6	7	8	0	0	0	0	9	2				
477	1	2	0	0	0	0	0	0	0	3	4	1	0	0	0	0	0	0	0	0	0	0	0	0	0	0	0	0	0	0	0	0	0	0	0	0	0	0	0	0	0	0	0	0	0	5	6	7	8	9	10	0	0	11	2		1;SHADOW_0	1;SHADOW_1\n2;SHADOW_0\n	SHADOW_0
478	1	2	0	0	0	0	0	0	0	3	4	1	0	0	0	0	0	0	0	0	0	0	0	0	0	0	0	0	0	0	0	0	0	0	0	0	0	0	0	0	0	0	0	0	0	5	6	7	8	0	0	0	0	9	2	1;SHADOW_0\n2;SHADOW_0\n\n\n	1;SHADOW_0	1;SHADOW_0\n\n	SHADOW_0
479	1	2	0	0	0	0	0	0	0	3	4	1	0	0	0	0	0	0	0	0	0	0	0	0	0	0	0	0	0	0	0	0	0	0	0	0	0	0	0	0	0	0	0	0	0	5	6	7	8	0	0	0	0	9	2	1;SHADOW_0\n2;SHADOW_0\n\n\n	1;SHADOW_0	1;SHADOW_0\n\n	SHADOW_0
480	1	2	0	0	0	0	0	0	0	3	4	1	0	0	0	0	0	0	0	0	0	0	0	0	0	0	0	0	0	0	0	0	0	0	0	0	0	0	0	0	0	0	0	0	0	5	6	7	8	0	0	0	0	9	2	1;SHADOW_0\n2;SHADOW_0\n\n\n		1;ANGELINA_0\n\n	ANGELINA_1
481	1	2	1	0	0	0	0	0	0	0	0	0	0	0	0	0	0	0	0	0	0	0	0	0	0	0	0	0	0	0	0	0	0	0	0	0	0	0	0	0	0	0	0	0	0	3	4	5	6	0	0	0	0	7	2	1;ANGELINA_1\n\n\n\n	1;ANGELINA_1	1;ANGELINA_3\n\n	ANGELINA_1
482	1	2	0	0	0	0	0	0	0	3	4	1	0	0	0	0	0	0	0	0	0	0	0	0	0	0	0	0	0	0	0	0	0	0	0	0	0	0	0	0	0	0	0	0	0	5	6	7	8	0	0	0	0	9	2	1;ANGELINA_0\n2;ANGELINA_1\n\n\n	1;ANGELINA_1	1;ANGELINA_3\n\n	ANGELINA_0
483	1	2	1	0	0	0	0	0	0	0	0	0	0	0	0	0	0	0	0	0	0	0	0	0	0	0	0	0	0	0	0	0	0	0	0	0	0	0	0	0	0	0	0	0	0	3	4	5	6	0	0	0	0	7	2	1;ANGELINA_0\n\n\n\n	1;SHADOW_0	1;SHADOW_1\n\n	SHADOW_0
484	1	2	0	0	0	0	0	0	0	3	4	1	0	0	0	0	0	0	0	0	0	0	0	0	0	0	0	0	0	0	0	0	0	0	0	0	0	0	0	0	0	0	0	0	0	5	6	7	8	0	0	0	0	9	2	1;SHADOW_0\n2;SHADOW_0\n\n\n		1;ANGELINA_1\n\n	ANGELINA_1
485	1	2	0	0	0	0	0	0	0	3	4	1	0	0	0	0	0	0	0	0	0	0	0	0	0	0	0	0	0	0	0	0	0	0	0	0	0	0	0	0	0	0	0	0	0	5	6	7	8	0	0	0	0	9	2				
486	1	2	0	0	0	0	0	0	0	3	4	1	0	0	0	0	0	0	0	0	0	0	0	0	0	0	0	0	0	0	0	0	0	0	0	0	0	0	0	0	0	0	0	0	0	5	6	7	8	0	0	0	0	9	2			1;ODYSSEY_1\n\n	ODYSSEY_0
487	1	2	0	0	0	0	0	0	0	3	4	1	0	0	0	0	0	0	0	0	0	0	0	0	0	0	0	0	0	0	0	0	0	0	0	0	0	0	0	0	0	0	0	0	0	5	6	7	8	0	0	0	0	9	2			1;SHADOW_0\n\n	SHADOW_0
488	1	2	1	0	0	0	0	0	0	0	0	0	0	0	0	0	0	0	0	0	0	0	0	0	0	0	0	0	0	0	0	0	0	0	0	0	0	0	0	0	0	0	0	0	0	3	4	5	6	0	0	0	0	7	2				
489	1	2	0	0	0	0	0	0	0	3	4	1	0	0	0	0	0	0	0	0	0	0	0	0	0	0	0	0	0	0	0	0	0	0	0	0	0	0	0	0	0	0	0	0	0	5	6	7	8	0	0	0	0	9	2				
490	1	2	1	0	0	0	0	0	0	0	0	0	0	0	0	0	0	0	0	0	0	0	0	0	0	0	0	0	0	0	0	0	0	0	0	0	0	0	0	0	0	0	0	0	0	3	4	5	6	0	0	0	0	7	2				
491	1	2	0	0	0	0	0	0	0	3	4	1	5	0	6	0	0	0	7	8	0	0	0	0	0	0	0	0	0	0	0	0	0	0	0	0	0	0	0	0	0	0	0	0	0	9	10	11	12	0	0	0	0	13	2				
492	1	2	1	0	0	0	0	0	0	0	0	0	0	0	0	0	0	0	0	0	0	0	0	0	0	0	0	0	0	0	0	0	0	0	0	0	0	0	0	0	0	0	0	0	0	3	4	5	6	0	0	0	0	7	2				
493	1	2	0	0	0	0	0	0	0	3	4	1	5	0	6	0	0	0	7	8	0	0	0	0	0	0	0	0	0	0	0	0	0	0	0	0	0	0	0	0	0	0	0	0	0	9	10	11	12	0	0	0	0	13	2				
494	1	2	0	0	0	0	0	0	0	3	4	1	0	0	0	0	0	0	0	0	0	0	0	0	0	0	0	0	0	0	0	0	0	0	0	0	0	0	0	0	0	0	0	0	0	5	6	7	8	0	0	0	0	9	2				
495	1	2	0	0	0	0	0	0	0	3	4	1	0	0	0	0	0	0	0	0	0	0	0	0	0	0	0	0	0	0	0	0	0	0	0	0	0	0	0	0	0	0	0	0	0	5	6	7	8	0	0	0	0	9	2				
496	1	2	1	0	0	0	0	0	0	0	0	0	0	0	0	0	0	0	0	0	0	0	0	0	0	0	0	0	0	0	0	0	0	0	0	0	0	0	0	0	0	0	0	0	0	3	4	5	6	0	0	0	0	7	2				
497	1	2	1	0	0	0	0	0	0	0	0	0	0	0	0	0	0	0	0	0	0	0	0	0	0	0	0	0	0	0	0	0	0	0	0	0	0	0	0	0	0	0	0	0	0	3	4	5	6	0	0	0	0	7	2				
498	1	2	0	0	0	0	0	0	0	3	4	1	0	0	0	0	0	0	0	0	0	0	0	0	0	0	0	0	0	0	0	0	0	0	0	0	0	0	0	0	0	0	0	0	0	5	6	7	8	0	0	0	0	9	2				
499	1	2	1	0	0	0	0	0	0	0	0	0	0	0	0	0	0	0	0	0	0	0	0	0	0	0	0	0	0	0	0	0	0	0	0	0	0	0	0	0	0	0	0	0	0	3	4	5	6	0	0	0	0	7	2				
500	1	2	1	0	0	0	0	0	0	0	0	0	0	0	0	0	0	0	0	0	0	0	0	0	0	0	0	0	0	0	0	0	0	0	0	0	0	0	0	0	0	0	0	0	0	3	4	5	6	0	0	0	0	7	2				
501	1	2	0	0	0	0	0	0	0	3	4	1	0	0	0	0	0	0	0	0	0	0	0	0	0	0	0	0	0	0	0	0	0	0	0	0	0	0	0	0	0	0	0	0	0	5	6	7	8	0	0	0	0	9	2				
502	1	2	1	0	0	0	0	0	0	0	0	0	0	0	0	0	0	0	0	0	0	0	0	0	0	0	0	0	0	0	0	0	0	0	0	0	0	0	0	0	0	0	0	0	0	0	0	0	0	0	0	0	0	0	0				
503	1	2	1	0	0	0	0	0	0	0	0	0	0	0	0	0	0	0	0	0	0	0	0	0	0	0	0	0	0	0	0	0	0	0	0	0	0	0	0	0	0	0	0	0	0	3	4	5	6	0	0	0	0	7	2				
504	1	2	1	0	0	0	0	0	0	0	0	0	0	0	0	0	0	0	0	0	0	0	0	0	0	0	0	0	0	0	0	0	0	0	0	0	0	0	0	0	0	0	0	0	0	3	4	5	6	0	0	0	0	7	2				
505	1	2	0	0	0	0	0	0	0	3	4	1	0	0	0	0	0	0	0	0	0	0	0	0	0	0	0	0	0	0	0	0	0	0	0	0	0	0	0	0	0	0	0	0	0	5	6	7	8	0	0	0	0	9	2				
506	1	2	0	0	0	0	0	0	0	3	4	1	0	0	0	0	0	0	0	0	0	0	0	0	0	0	0	0	0	0	0	0	0	0	0	0	0	0	0	0	0	0	0	0	0	5	6	7	8	0	0	0	0	9	2				
507	1	2	1	0	0	0	0	0	0	0	0	0	0	0	0	0	0	0	0	0	0	0	0	0	0	0	0	0	0	0	0	0	0	0	0	0	0	0	0	0	0	0	0	0	0	3	4	5	6	0	0	0	0	7	2				
508	1	2	0	0	0	0	0	0	0	3	4	1	5	0	0	0	0	0	6	7	0	0	0	0	0	0	0	0	0	0	0	0	0	0	0	0	0	0	0	0	0	0	0	0	0	8	9	10	11	0	0	0	0	12	2				
509	1	2	0	0	0	0	0	0	0	3	4	1	5	0	0	0	0	0	6	7	0	0	0	0	0	0	0	0	0	0	0	0	0	0	0	0	0	0	0	0	0	0	0	0	0	8	9	10	11	0	0	0	0	12	2				
510	1	2	0	0	0	0	0	0	0	3	4	1	5	0	0	0	0	0	6	7	0	0	0	0	0	0	0	0	0	0	0	0	0	0	0	0	0	0	0	0	0	0	0	0	0	8	9	10	11	0	0	0	0	12	2				
511	1	2	1	0	0	0	0	0	0	0	0	0	0	0	0	0	0	0	0	0	0	0	0	0	0	0	0	0	0	0	0	0	0	0	0	0	0	0	0	0	0	0	0	0	0	3	4	5	6	0	0	0	0	7	2				
512	1	2	0	3	0	4	1	0	0	5	6	0	0	0	0	0	0	0	0	0	0	0	0	0	0	0	0	0	0	0	0	0	0	0	0	0	0	0	0	0	0	0	0	0	0	7	8	9	10	0	0	0	0	11	2				
513	1	2	1	3	0	0	0	0	0	0	0	0	0	0	0	0	0	0	0	0	0	0	0	0	0	0	0	0	0	0	0	0	0	0	0	0	0	0	0	0	0	0	0	0	0	0	0	0	0	0	0	0	0	0	0				
514	1	2	1	0	0	0	0	0	0	0	0	0	0	0	0	0	0	0	0	0	0	0	0	0	0	0	0	0	0	0	0	0	0	0	0	0	0	0	0	0	0	0	0	0	0	3	4	5	6	0	0	0	0	7	2	1;COLUMBUS_0\n\n\n\n	1;COLUMBUS_0	1;COLUMBUS_0\n\n	COLUMBUS_0
515	1	2	0	0	0	0	0	0	0	3	4	0	0	0	0	0	0	0	5	6	1	7	0	0	0	0	0	8	9	0	0	0	0	0	0	0	0	0	0	0	0	0	0	0	0	10	11	12	13	0	0	0	0	14	2	1;SAILIAN_1\n2;SAILIAN_0\n3;SAILIAN_1\n4;SAILIAN_1\n		1;SAILIAN_0\n\n	SAILIAN_1
516	1	2	0	0	0	0	0	0	0	3	4	1	0	0	0	0	0	0	0	0	0	0	0	0	0	0	0	0	0	0	0	0	0	0	0	0	0	0	0	0	0	0	0	0	0	5	6	7	8	9	10	0	0	11	2	1;SAILIAN_1\n2;SAILIAN_0\n\n\n	1;SAILIAN_0	1;SAILIAN_2\n2;SAILIAN_2\n	SAILIAN_3
517	1	2	1	0	0	0	0	0	0	0	0	0	0	0	0	0	0	0	0	0	0	0	0	0	0	0	0	0	0	0	0	0	0	0	0	0	0	0	0	0	0	0	0	0	0	3	4	5	6	0	0	0	0	7	2	1;SAILIAN_0\n\n\n\n		1;ANGELINA_1\n\n	ANGELINA_1
518	1	2	0	0	0	0	0	0	0	3	4	1	0	0	0	0	0	0	0	0	0	0	0	0	0	0	0	0	0	0	0	0	0	0	0	0	0	0	0	0	0	0	0	0	0	5	6	7	8	0	0	0	0	9	2	1;ANGELINA_2\n2;ANGELINA_1\n\n\n			
519	1	2	0	0	0	0	0	0	0	3	4	1	0	0	0	0	0	0	0	0	0	0	0	0	0	0	0	0	0	0	0	0	0	0	0	0	0	0	0	0	0	0	0	0	0	5	6	7	8	0	0	0	0	9	2				
520	1	2	0	0	0	0	0	0	0	3	4	1	0	0	0	0	0	0	0	0	0	0	0	0	0	0	0	0	0	0	0	0	0	0	0	0	0	0	0	0	0	0	0	0	0	5	6	7	8	0	0	0	0	9	2		1;ANGELINA_1	1;ANGELINA_2\n\n	ANGELINA_1
521	1	2	0	0	0	0	0	0	0	3	4	1	0	0	0	0	0	0	0	0	0	0	0	0	0	0	0	0	0	0	0	0	0	0	0	0	0	0	0	0	0	0	0	0	0	5	6	7	8	0	0	0	0	9	2	1;ANGELINA_1\n2;ANGELINA_1\n\n\n	1;ANGELINA_0	1;ANGELINA_1\n\n	ANGELINA_0
522	1	2	0	0	0	0	0	0	0	3	4	1	0	0	0	0	0	0	0	0	0	0	0	0	0	0	0	0	0	0	0	0	0	0	0	0	0	0	0	0	0	0	0	0	0	5	6	7	8	0	0	0	0	9	2				
523	1	2	0	0	0	0	0	0	0	3	4	1	0	0	0	0	0	0	0	0	0	0	0	0	0	0	0	0	0	0	0	0	0	0	0	0	0	0	0	0	0	0	0	0	0	5	6	7	8	9	10	0	0	11	2	1;ANGELINA_2\n2;ANGELINA_0\n\n\n			
524	1	2	1	0	0	0	0	0	0	0	0	0	0	0	0	0	0	0	0	0	0	0	0	0	0	0	0	0	0	0	0	0	0	0	0	0	0	0	0	0	0	0	0	0	0	3	4	5	6	0	0	0	0	7	2			1;ANGELINA_0\n\n	ANGELINA_1
525	1	2	0	0	0	0	0	0	0	3	4	1	0	0	0	0	0	0	0	0	0	0	0	0	0	0	0	0	0	0	0	0	0	0	0	0	0	0	0	0	0	0	0	0	0	5	6	7	8	0	0	0	0	9	2				
526	1	2	0	0	0	0	0	0	0	3	4	1	5	0	0	0	0	0	0	0	0	0	0	0	0	0	0	0	0	0	0	0	0	0	0	0	0	0	0	0	0	0	0	0	0	0	0	0	0	0	0	0	0	0	0				
527	1	2	1	0	0	0	0	0	0	0	0	0	0	0	0	0	0	0	0	0	0	0	0	0	0	0	0	0	0	0	0	0	0	0	0	0	0	0	0	0	0	0	0	0	0	3	4	5	6	0	0	0	0	7	2				
528	1	2	0	0	0	0	0	0	0	3	4	1	0	0	0	0	0	0	0	0	0	0	0	0	0	0	0	0	0	0	0	0	0	0	0	0	0	0	0	0	0	0	0	0	0	5	6	7	8	9	10	0	0	11	2				
529	1	2	0	0	0	0	0	0	0	3	4	0	0	0	0	0	0	0	5	6	1	0	0	0	0	0	0	0	0	0	0	0	0	0	0	0	0	0	0	0	0	0	0	0	0	7	8	9	10	0	0	0	0	11	2				
530	1	2	0	0	0	0	0	0	0	3	4	1	0	0	0	0	0	0	0	0	0	0	0	0	0	0	0	0	0	0	0	0	0	0	0	0	0	0	0	0	0	0	0	0	0	5	6	7	8	0	0	0	0	9	2				
531	1	2	0	0	0	0	0	0	0	3	4	1	0	0	0	0	0	0	0	0	0	0	0	0	0	0	0	0	0	0	0	0	0	0	0	0	0	0	0	0	0	0	0	0	0	5	6	7	8	0	0	0	0	9	2				
532	1	2	0	0	0	0	0	0	0	3	4	1	0	0	0	0	0	0	0	0	0	0	0	0	0	0	0	0	0	0	0	0	0	0	0	0	0	0	0	0	0	0	0	0	0	5	6	7	8	0	0	0	0	9	2				
533	1	2	0	3	0	4	1	0	0	5	6	0	0	0	0	0	0	0	0	0	0	0	0	0	0	0	0	0	0	0	0	0	0	0	0	0	0	0	0	0	0	0	0	0	0	7	8	9	10	0	0	0	0	11	2	1;SAILIAN_0\n2;SAILIAN_1\n\n\n		1;SAILIAN_3\n\n	SAILIAN_1
534	1	2	0	0	0	0	0	0	0	3	4	0	0	0	0	0	0	0	5	6	1	0	0	0	0	0	0	0	0	0	0	0	0	0	0	0	0	0	0	0	0	0	0	0	0	7	8	9	10	0	0	0	0	11	2	1;SAILIAN_1\n2;SAILIAN_1\n3;SAILIAN_0\n\n	1;SAILIAN_0	1;SAILIAN_0\n\n	SAILIAN_1
535	1	2	1	0	0	0	0	0	0	0	0	0	0	0	0	0	0	0	0	0	0	0	0	0	0	0	0	0	0	0	0	0	0	0	0	0	0	0	0	0	0	0	0	0	0	3	4	5	6	0	0	0	0	7	2				
536	1	2	1	0	0	0	0	0	0	0	0	0	0	0	0	0	0	0	0	0	0	0	0	0	0	0	0	0	0	0	0	0	0	0	0	0	0	0	0	0	0	0	0	0	0	3	4	5	6	0	0	0	0	7	2				
537	1	2	1	0	0	0	0	0	0	0	0	0	0	0	0	0	0	0	0	0	0	0	0	0	0	0	0	0	0	0	0	0	0	0	0	0	0	0	0	0	0	0	0	0	0	3	4	5	6	0	0	0	0	7	2				
538	1	2	1	3	0	4	0	0	0	5	6	0	0	0	0	0	0	0	0	0	0	0	0	0	0	0	0	0	0	0	0	0	0	0	0	0	0	0	0	0	0	0	0	0	0	7	8	9	10	11	12	0	0	13	2	1;ANGELINA_0\n2;ANGELINA_1\n\n\n		1;ANGELINA_2\n2;ANGELINA_1\n	ANGELINA_2
539	1	2	0	0	0	0	0	0	0	3	4	1	0	0	0	0	0	0	0	0	0	0	0	0	0	0	0	0	0	0	0	0	0	0	0	0	0	0	0	0	0	0	0	0	0	5	6	7	8	0	0	0	0	9	2	1;ANGELINA_0\n2;ANGELINA_0\n\n\n			
540	1	2	0	0	0	0	0	0	0	3	4	1	0	0	0	0	0	0	0	0	0	0	0	0	0	0	0	0	0	0	0	0	0	0	0	0	0	0	0	0	0	0	0	0	0	5	6	7	8	0	0	0	0	9	2	1;ANGELINA_1\n2;ANGELINA_1\n\n\n	1;ANGELINA_0	1;ANGELINA_0\n\n	ANGELINA_1
541	1	2	1	0	0	0	0	0	0	0	0	0	0	0	0	0	0	0	0	0	0	0	0	0	0	0	0	0	0	0	0	0	0	0	0	0	0	0	0	0	0	0	0	0	0	3	4	5	6	0	0	0	0	7	2				
542	1	2	0	0	0	0	0	0	0	3	4	1	0	0	0	0	0	0	0	0	0	0	0	0	0	0	0	0	0	0	0	0	0	0	0	0	0	0	0	0	0	0	0	0	0	5	6	7	8	0	0	0	0	9	2		1;ANGELINA_0	1;ANGELINA_3\n\n	ANGELINA_0
543	1	2	0	0	0	0	0	0	0	3	4	1	0	0	0	0	0	0	0	0	0	0	0	0	0	0	0	0	0	0	0	0	0	0	0	0	0	0	0	0	0	0	0	0	0	5	6	7	8	0	0	0	0	9	2	1;ANGELINA_0\n2;ANGELINA_0\n\n\n	1;ANGELINA_0	1;ANGELINA_0\n\n	ANGELINA_0
544	1	2	0	0	0	0	0	0	0	3	4	1	0	0	0	0	0	0	0	0	0	0	0	0	0	0	0	0	0	0	0	0	0	0	0	0	0	0	0	0	0	0	0	0	0	5	6	7	8	0	0	0	0	9	2	1;ANGELINA_3\n2;ANGELINA_1\n\n\n			
545	1	2	0	0	0	0	0	0	0	3	4	1	0	0	0	0	0	0	0	0	0	0	0	0	0	0	0	0	0	0	0	0	0	0	0	0	0	0	0	0	0	0	0	0	0	5	6	7	8	0	0	0	0	9	2	1;ANGELINA_2\n2;ANGELINA_0\n\n\n		1;ANGELINA_1\n\n	ANGELINA_2
546	1	2	1	0	0	0	0	0	0	0	0	0	0	0	0	0	0	0	0	0	0	0	0	0	0	0	0	0	0	0	0	0	0	0	0	0	0	0	0	0	0	0	0	0	0	3	4	5	6	0	0	0	0	7	2				
547	1	2	0	0	0	0	0	0	0	3	4	1	0	0	0	0	0	0	0	0	0	0	0	0	0	0	0	0	0	0	0	0	0	0	0	0	0	0	0	0	0	0	0	0	0	5	6	7	8	0	0	0	0	9	2				
548	1	2	1	0	0	0	0	0	0	0	0	0	0	0	0	0	0	0	0	0	0	0	0	0	0	0	0	0	0	0	0	0	0	0	0	0	0	0	0	0	0	0	0	0	0	3	4	5	6	0	0	0	0	7	2				
549	1	2	0	0	0	0	0	0	0	3	4	1	0	0	0	0	0	0	0	0	0	0	0	0	0	0	0	0	0	0	0	0	0	0	0	0	0	0	0	0	0	0	0	0	0	5	6	7	8	0	0	0	0	9	2				
550	1	2	0	0	0	0	0	0	0	3	4	1	0	0	0	0	0	0	0	0	0	0	0	0	0	0	0	0	0	0	0	0	0	0	0	0	0	0	0	0	0	0	0	0	0	5	6	7	8	0	0	0	0	9	2				
551	1	2	0	0	0	0	0	0	0	3	4	1	0	0	0	0	0	0	0	0	0	0	0	0	0	0	0	0	0	0	0	0	0	0	0	0	0	0	0	0	0	0	0	0	0	5	6	7	8	0	0	0	0	9	2				
552	1	2	1	0	0	0	0	0	0	0	0	0	0	0	0	0	0	0	0	0	0	0	0	0	0	0	0	0	0	0	0	0	0	0	0	0	0	0	0	0	0	0	0	0	0	3	4	5	6	0	0	0	0	7	2				
553	1	2	0	0	0	0	0	0	0	3	4	1	0	0	0	0	0	0	0	0	0	0	0	0	0	0	0	0	0	0	0	0	0	0	0	0	0	0	0	0	0	0	0	0	0	5	6	7	8	0	0	0	0	9	0				
554	1	2	1	0	0	0	0	0	0	0	0	0	0	0	0	0	0	0	0	0	0	0	0	0	0	0	0	0	0	0	0	0	0	0	0	0	0	0	0	0	0	0	0	0	0	3	4	5	6	0	0	0	0	7	2				
555	1	2	1	0	0	0	0	0	0	0	0	0	0	0	0	0	0	0	0	0	0	0	0	0	0	0	0	0	0	0	0	0	0	0	0	0	0	0	0	0	0	0	0	0	0	3	4	5	6	0	0	0	0	7	2				
556	1	2	1	0	0	0	0	0	0	0	0	0	0	0	0	0	0	0	0	0	0	0	0	0	0	0	0	0	0	0	0	0	0	0	0	0	0	0	0	0	0	0	0	0	0	3	4	5	6	0	0	0	0	7	2				
557	1	2	0	0	0	0	0	0	0	3	4	1	0	0	0	0	0	0	0	0	0	0	0	0	0	0	0	0	0	0	0	0	0	0	0	0	0	0	0	0	0	0	0	0	0	5	6	7	8	0	0	0	0	9	2	1;SAILIAN_1\n2;SAILIAN_3\n\n\n	1;SAILIAN_0	1;SAILIAN_0\n\n	SAILIAN_0
558	1	2	0	0	0	0	0	0	0	3	4	1	0	0	0	0	0	0	0	0	0	0	0	0	0	0	0	0	0	0	0	0	0	0	0	0	0	0	0	0	0	0	0	0	0	5	6	7	8	0	0	0	0	9	2				
559	1	2	0	0	0	0	0	0	0	3	4	1	0	0	0	0	0	0	0	0	0	0	0	0	0	0	0	0	0	0	0	0	0	0	0	0	0	0	0	0	0	0	0	0	0	5	6	7	8	0	0	0	0	9	2				
560	1	2	0	0	0	0	0	0	0	3	4	1	0	0	0	0	0	0	0	0	0	0	0	0	0	0	0	0	0	0	0	0	0	0	0	0	0	0	0	0	0	0	0	0	0	5	6	7	8	0	0	0	0	9	2		1;SAILIAN_0	1;SAILIAN_0\n\n	SAILIAN_1
561	1	2	0	0	0	0	0	0	0	3	4	1	0	0	0	0	0	0	0	0	0	0	0	0	0	0	0	0	0	0	0	0	0	0	0	0	0	0	0	0	0	0	0	0	0	5	6	7	8	0	0	0	0	9	2	1;SAILIAN_0\n2;SAILIAN_0\n\n\n	1;SAILIAN_0	1;SAILIAN_3\n\n	SAILIAN_0
562	1	2	1	0	0	0	0	0	0	0	0	0	0	0	0	0	0	0	0	0	0	0	0	0	0	0	0	0	0	0	0	0	0	0	0	0	0	0	0	0	0	0	0	0	0	3	4	5	6	0	0	0	0	7	2	1;SAILIAN_0\n\n\n\n			
563	1	2	1	0	0	0	0	0	0	0	0	0	0	0	0	0	0	0	0	0	0	0	0	0	0	0	0	0	0	0	0	0	0	0	0	0	0	0	0	0	0	0	0	0	0	3	4	5	6	0	0	0	0	7	2	1;SAILIAN_0\n\n\n\n			
564	1	2	1	0	0	0	0	0	0	0	0	0	0	0	0	0	0	0	0	0	0	0	0	0	0	0	0	0	0	0	0	0	0	0	0	0	0	0	0	0	0	0	0	0	0	3	4	5	6	0	0	0	0	7	2	1;SAILIAN_0\n\n\n\n			
565	1	2	1	0	0	0	0	0	0	0	0	0	0	0	0	0	0	0	0	0	0	0	0	0	0	0	0	0	0	0	0	0	0	0	0	0	0	0	0	0	0	0	0	0	0	3	4	5	6	0	0	0	0	7	2				
566	1	2	0	0	0	0	0	0	0	3	4	1	0	0	0	0	0	0	0	0	0	0	0	0	0	0	0	0	0	0	0	0	0	0	0	0	0	0	0	0	0	0	0	0	0	5	6	7	8	0	0	0	0	9	2				
567	1	2	0	0	0	0	0	0	0	3	4	1	0	0	0	0	0	0	0	0	0	0	0	0	0	0	0	0	0	0	0	0	0	0	0	0	0	0	0	0	0	0	0	0	0	5	6	7	8	0	0	0	0	9	2				
568	1	2	0	0	0	0	0	0	0	3	4	1	0	0	0	0	0	0	0	0	0	0	0	0	0	0	0	0	0	0	0	0	0	0	0	0	0	0	0	0	0	0	0	0	0	5	6	7	8	0	0	0	0	9	2	1;ANGELINA_0\n2;ANGELINA_1\n\n\n			
569	1	2	0	0	0	0	0	0	0	3	4	1	0	0	0	0	0	0	0	0	0	0	0	0	0	0	0	0	0	0	0	0	0	0	0	0	0	0	0	0	0	0	0	0	0	5	6	7	8	0	0	0	0	9	2		1;ANGELINA_0	1;ANGELINA_0\n\n	ANGELINA_1
570	1	2	1	0	0	0	0	0	0	0	0	0	0	0	0	0	0	0	0	0	0	0	0	0	0	0	0	0	0	0	0	0	0	0	0	0	0	0	0	0	0	0	0	0	0	3	4	5	6	0	0	0	0	7	2				
571	1	2	0	0	0	0	0	0	0	3	4	1	0	0	0	0	0	0	0	0	0	0	0	0	0	0	0	0	0	0	0	0	0	0	0	0	0	0	0	0	0	0	0	0	0	0	0	0	0	0	0	0	0	0	0				
572	1	2	0	0	0	0	0	0	0	3	4	1	0	0	0	0	0	0	0	0	0	0	0	0	0	0	0	0	0	0	0	0	0	0	0	0	0	0	0	0	0	0	0	0	0	5	6	7	8	0	0	0	0	9	2	1;ANGELINA_0\n2;ANGELINA_0\n\n\n		1;ANGELINA_0\n\n	ANGELINA_0
573	1	2	0	0	0	0	0	0	0	3	4	1	0	0	0	0	0	0	0	0	0	0	0	0	0	0	0	0	0	0	0	0	0	0	0	0	0	0	0	0	0	0	0	0	0	5	6	7	8	0	0	0	0	9	2	1;ANGELINA_0\n2;ANGELINA_0\n\n\n	1;ANGELINA_0	1;ANGELINA_2\n\n	ANGELINA_3
574	1	2	0	0	0	0	0	0	0	3	4	1	0	0	0	0	0	0	0	0	0	0	0	0	0	0	0	0	0	0	0	0	0	0	0	0	0	0	0	0	0	0	0	0	0	5	6	7	8	0	0	0	0	9	2	1;ANGELINA_0\n2;ANGELINA_0\n\n\n	1;ANGELINA_1	1;ANGELINA_0\n\n	ANGELINA_0
575	1	2	0	0	0	0	0	0	0	3	4	1	0	0	0	0	0	0	0	0	0	0	0	0	0	0	0	0	0	0	0	0	0	0	0	0	0	0	0	0	0	0	0	0	0	5	6	7	8	0	0	0	0	9	2	1;ANGELINA_0\n2;ANGELINA_0\n\n\n	1;ANGELINA_0	1;ANGELINA_0\n\n	ANGELINA_3
576	1	2	0	0	0	0	0	0	0	3	4	1	0	0	0	0	0	0	0	0	0	0	0	0	0	0	0	0	0	0	0	0	0	0	0	0	0	0	0	0	0	0	0	0	0	5	6	7	8	0	0	0	0	9	2	1;ANGELINA_3\n2;ANGELINA_0\n\n\n	1;ANGELINA_0	1;ANGELINA_0\n\n	ANGELINA_3
577	1	2	0	0	0	0	0	0	0	3	4	1	0	0	0	0	0	0	0	0	0	0	0	0	0	0	0	0	0	0	0	0	0	0	0	0	0	0	0	0	0	0	0	0	0	5	6	7	8	0	0	0	0	9	2	1;ANGELINA_0\n2;ANGELINA_0\n\n\n	1;ANGELINA_0	1;ANGELINA_0\n\n	ANGELINA_0
578	1	2	1	0	0	0	0	0	0	0	0	0	0	0	0	0	0	0	0	0	0	0	0	0	0	0	0	0	0	0	0	0	0	0	0	0	0	0	0	0	0	0	0	0	0	3	4	5	6	0	0	0	0	7	2				
579	1	2	0	0	0	0	0	0	0	3	4	1	0	0	0	0	0	0	0	0	0	0	0	0	0	0	0	0	0	0	0	0	0	0	0	0	0	0	0	0	0	0	0	0	0	5	6	7	8	0	0	0	0	9	2	1;ANGELINA_0\n2;ANGELINA_0\n\n\n			
580	1	2	0	0	0	0	0	0	0	3	4	1	0	0	0	0	0	0	0	0	0	0	0	0	0	0	0	0	0	0	0	0	0	0	0	0	0	0	0	0	0	0	0	0	0	5	6	7	8	0	0	0	0	9	2				
581	1	2	0	0	0	0	0	0	0	3	4	1	0	0	0	0	0	0	0	0	0	0	0	0	0	0	0	0	0	0	0	0	0	0	0	0	0	0	0	0	0	0	0	0	0	5	6	7	8	0	0	0	0	9	2				
582	1	2	0	0	0	0	0	0	0	3	4	1	0	0	0	0	0	0	0	0	0	0	0	0	0	0	0	0	0	0	0	0	0	0	0	0	0	0	0	0	0	0	0	0	0	5	6	7	8	0	0	0	0	9	2				
583	1	2	0	0	0	0	0	0	0	3	4	0	0	0	0	0	0	0	5	6	1	0	0	0	0	0	0	0	0	0	0	0	0	0	0	0	0	0	0	0	0	0	0	0	0	7	8	9	10	0	0	0	0	11	2	1;SHADOW_1\n2;SHADOW_3\n3;SHADOW_1\n\n	1;SHADOW_0	1;SHADOW_0\n\n	SHADOW_3
584	1	2	0	0	0	0	0	0	0	3	4	1	0	0	0	0	0	0	0	0	0	0	0	0	0	0	0	0	0	0	0	0	0	0	0	0	0	0	0	0	0	0	0	0	0	5	6	7	8	0	0	0	0	9	2	1;SHADOW_0\n2;SHADOW_0\n\n\n	1;SHADOW_0	1;SHADOW_0\n\n	SHADOW_0
585	1	2	0	0	0	0	0	0	0	3	4	1	0	0	0	0	0	0	0	0	0	0	0	0	0	0	0	0	0	0	0	0	0	0	0	0	0	0	0	0	0	0	0	0	0	5	6	7	8	0	0	0	0	9	2	1;SHADOW_0\n2;SHADOW_0\n\n\n	1;SHADOW_0	1;SHADOW_0\n\n	SHADOW_0
586	1	2	0	0	0	0	0	0	0	3	4	1	0	0	0	0	0	0	0	0	0	0	0	0	0	0	0	0	0	0	0	0	0	0	0	0	0	0	0	0	0	0	0	0	0	5	6	7	8	9	10	0	0	11	2	1;SHADOW_0\n2;SHADOW_0\n\n\n	1;SHADOW_0	1;SHADOW_0\n2;SHADOW_1\n	SHADOW_3
587	1	2	1	0	0	0	0	0	0	0	0	0	0	0	0	0	0	0	0	0	0	0	0	0	0	0	0	0	0	0	0	0	0	0	0	0	0	0	0	0	0	0	0	0	0	0	0	0	0	0	0	0	0	0	0				
588	1	2	0	0	0	0	0	0	0	3	4	1	0	0	0	0	0	0	0	0	0	0	0	0	0	0	0	0	0	0	0	0	0	0	0	0	0	0	0	0	0	0	0	0	0	5	6	7	8	0	0	0	0	9	2	1;SHADOW_0\n2;SHADOW_0\n\n\n	1;SHADOW_0	1;SHADOW_0\n\n	SHADOW_0
589	1	2	0	0	0	0	0	0	0	3	4	1	0	0	0	0	0	0	0	0	0	0	0	0	0	0	0	0	0	0	0	0	0	0	0	0	0	0	0	0	0	0	0	0	0	5	6	7	8	0	0	0	0	9	2				
590	1	2	0	0	0	0	0	0	0	3	4	1	0	0	0	0	0	0	0	0	0	0	0	0	0	0	0	0	0	0	0	0	0	0	0	0	0	0	0	0	0	0	0	0	0	5	6	7	8	0	0	0	0	9	2				
591	1	2	0	0	0	0	0	0	0	3	4	0	0	0	0	0	0	0	5	6	1	0	0	0	0	0	0	0	0	0	0	0	0	0	0	0	0	0	0	0	0	0	0	0	0	7	8	9	10	0	0	0	0	11	2		1;ANGELINA_0	1;ANGELINA_3\n\n	ANGELINA_0
592	1	2	0	0	0	0	0	0	0	3	4	1	0	0	0	0	0	0	0	0	0	0	0	0	0	0	0	0	0	0	0	0	0	0	0	0	0	0	0	0	0	0	0	0	0	5	6	7	8	0	0	0	0	9	2	1;ANGELINA_1\n2;ANGELINA_0\n\n\n	1;ANGELINA_0	1;ANGELINA_0\n\n	ANGELINA_2
593	1	2	1	0	0	0	0	0	0	0	0	0	0	0	0	0	0	0	0	0	0	0	0	0	0	0	0	0	0	0	0	0	0	0	0	0	0	0	0	0	0	0	0	0	0	3	4	5	6	0	0	0	0	7	2				
594	1	2	1	0	0	0	0	0	0	0	0	0	0	0	0	0	0	0	0	0	0	0	0	0	0	0	0	0	0	0	0	0	0	0	0	0	0	0	0	0	0	0	0	0	0	3	4	5	6	0	0	0	0	7	2				
595	1	2	1	0	0	0	0	0	0	0	0	0	0	0	0	0	0	0	0	0	0	0	0	0	0	0	0	0	0	0	0	0	0	0	0	0	0	0	0	0	0	0	0	0	0	3	4	5	6	0	0	0	0	7	2				
596	1	2	0	0	0	0	0	0	0	3	4	1	0	0	0	0	0	0	0	0	0	0	0	0	0	0	0	0	0	0	0	0	0	0	0	0	0	0	0	0	0	0	0	0	0	5	6	7	8	0	0	0	0	9	2	1;ANGELINA_3\n2;ANGELINA_0\n\n\n	1;ANGELINA_0	1;ANGELINA_0\n\n	ANGELINA_1
597	1	2	0	0	0	0	0	0	0	3	4	1	0	0	0	0	0	0	0	0	0	0	0	0	0	0	0	0	0	0	0	0	0	0	0	0	0	0	0	0	0	0	0	0	0	5	6	7	8	9	10	11	12	13	2	1;ANGELINA_0\n2;ANGELINA_0\n\n\n			
598	1	2	0	0	0	0	0	0	0	3	4	0	0	0	0	0	0	0	5	6	1	0	0	0	0	0	0	0	0	0	0	0	0	0	0	0	0	0	0	0	0	0	0	0	0	7	8	9	10	0	0	0	0	11	2	1;ANGELINA_2\n2;ANGELINA_3\n3;ANGELINA_0\n\n	1;SHADOW_0	1;SHADOW_0\n\n	SHADOW_3
599	1	2	1	0	0	0	0	0	0	0	0	0	0	0	0	0	0	0	0	0	0	0	0	0	0	0	0	0	0	0	0	0	0	0	0	0	0	0	0	0	0	0	0	0	0	3	4	5	6	0	0	0	0	7	2				
600	1	2	0	0	0	0	0	0	0	3	4	1	0	0	0	0	0	0	0	0	0	0	0	0	0	0	0	0	0	0	0	0	0	0	0	0	0	0	0	0	0	0	0	0	0	5	6	7	8	0	0	0	0	9	2	1;ANGELINA_0\n2;ANGELINA_0\n\n\n	1;ANGELINA_0	1;ANGELINA_2\n\n	ANGELINA_0
601	1	2	0	0	0	0	0	0	0	3	4	0	0	0	0	0	0	0	5	6	0	0	0	0	0	0	0	7	8	1	0	0	0	0	0	0	0	0	0	0	0	0	0	0	0	9	10	11	12	0	0	0	0	13	2	1;SAILIAN_1\n2;SAILIAN_0\n3;SAILIAN_0\n4;SAILIAN_0\n		1;COLUMBUS_0\n\n	COLUMBUS_3
602	1	2	1	3	0	0	0	0	0	0	0	0	0	0	0	0	0	0	0	0	0	0	0	0	0	0	0	0	0	0	0	0	0	0	0	0	0	0	0	0	0	0	0	0	0	0	0	0	0	0	0	0	0	0	0				
603	1	2	0	0	0	0	0	0	0	3	4	1	0	0	0	0	0	0	0	0	0	0	0	0	0	0	0	0	0	0	0	0	0	0	0	0	0	0	0	0	0	0	0	0	0	5	6	7	8	0	0	0	0	9	2	1;COLUMBUS_0\n2;COLUMBUS_0\n\n\n	1;COLUMBUS_0	1;COLUMBUS_0\n\n	COLUMBUS_3
604	1	2	0	0	0	0	0	0	0	3	4	0	0	0	0	0	0	0	5	6	0	7	1	8	0	0	0	9	10	0	0	0	0	0	0	0	0	0	0	0	0	0	0	0	0	11	12	13	14	15	16	0	0	17	2	1;SAILIAN_0\n2;SAILIAN_1\n3;SAILIAN_1\n4;SAILIAN_1\n		1;SAILIAN_0\n2;SAILIAN_0\n	SAILIAN_0
605	1	2	0	0	0	0	0	0	0	3	4	0	0	0	0	0	0	0	5	6	1	0	0	0	0	0	0	0	0	0	0	0	0	0	0	0	0	0	0	0	0	0	0	0	0	7	8	9	10	0	0	0	0	11	2	1;SAILIAN_0\n2;SAILIAN_0\n3;SAILIAN_0\n\n	1;ANGELINA_2	1;ANGELINA_1\n\n	ANGELINA_3
606	1	2	0	0	0	0	0	0	0	3	4	1	0	0	0	0	0	0	0	0	0	0	0	0	0	0	0	0	0	0	0	0	0	0	0	0	0	0	0	0	0	0	0	0	0	5	6	7	8	0	0	0	0	9	2	1;ANGELINA_3\n2;ANGELINA_0\n\n\n			
607	1	2	1	0	0	0	0	0	0	0	0	0	0	0	0	0	0	0	0	0	0	0	0	0	0	0	0	0	0	0	0	0	0	0	0	0	0	0	0	0	0	0	0	0	0	3	4	5	6	0	0	0	0	7	2				
608	1	2	0	0	0	0	0	0	0	3	4	0	5	0	6	1	0	0	7	8	0	0	0	0	0	0	0	0	0	0	0	0	0	0	0	0	0	0	0	0	0	0	0	0	0	9	10	11	12	0	0	0	0	13	2				
609	1	2	1	0	0	0	0	0	0	0	0	0	0	0	0	0	0	0	0	0	0	0	0	0	0	0	0	0	0	0	0	0	0	0	0	0	0	0	0	0	0	0	0	0	0	3	4	5	6	0	0	0	0	7	2				
610	1	2	0	0	0	0	0	0	0	3	4	0	0	0	0	0	0	0	5	6	1	0	0	0	0	0	0	0	0	0	0	0	0	0	0	0	0	0	0	0	0	0	0	0	0	7	8	9	10	0	0	0	0	11	2				
611	1	2	0	0	0	0	0	0	0	3	4	0	0	0	0	0	0	0	5	6	1	0	0	0	0	0	0	0	0	0	0	0	0	0	0	0	0	0	0	0	0	0	0	0	0	7	8	9	10	0	0	0	0	11	2				
612	1	2	1	0	0	0	0	0	0	0	0	0	0	0	0	0	0	0	0	0	0	0	0	0	0	0	0	0	0	0	0	0	0	0	0	0	0	0	0	0	0	0	0	0	0	3	4	5	6	0	0	0	0	7	2				
613	1	2	0	0	0	0	0	0	0	3	4	1	0	0	0	0	0	0	0	0	0	0	0	0	0	0	0	0	0	0	0	0	0	0	0	0	0	0	0	0	0	0	0	0	0	5	6	7	8	0	0	0	0	9	2				
614	1	2	0	0	0	0	0	0	0	3	4	1	0	0	0	0	0	0	0	0	0	0	0	0	0	0	0	0	0	0	0	0	0	0	0	0	0	0	0	0	0	0	0	0	0	5	6	7	8	0	0	0	0	9	2				
615	1	2	0	0	0	0	0	0	0	3	4	0	0	0	0	0	0	0	5	6	1	0	0	0	0	0	0	0	0	0	0	0	0	0	0	0	0	0	0	0	0	0	0	0	0	7	8	9	10	0	0	0	0	11	2				
616	1	2	0	0	0	0	0	0	0	3	4	1	0	0	0	0	0	0	0	0	0	0	0	0	0	0	0	0	0	0	0	0	0	0	0	0	0	0	0	0	0	0	0	0	0	5	6	7	8	0	0	0	0	9	2				
617	1	2	0	0	0	0	0	0	0	3	4	1	0	0	0	0	0	0	0	0	0	0	0	0	0	0	0	0	0	0	0	0	0	0	0	0	0	0	0	0	0	0	0	0	0	5	6	7	8	0	0	0	0	9	2		1;ANGELINA_0	1;ANGELINA_3\n\n	ANGELINA_2
618	1	2	0	0	0	0	0	0	0	3	4	1	0	0	0	0	0	0	0	0	0	0	0	0	0	0	0	0	0	0	0	0	0	0	0	0	0	0	0	0	0	0	0	0	0	5	6	7	8	0	0	0	0	9	2	1;ANGELINA_2\n2;ANGELINA_2\n\n\n			
619	1	2	0	0	0	0	0	0	0	3	4	0	0	0	0	0	0	0	5	6	1	0	0	0	0	0	0	0	0	0	0	0	0	0	0	0	0	0	0	0	0	0	0	0	0	7	8	9	10	0	0	0	0	11	2				
620	1	2	0	0	0	0	0	0	0	3	4	0	0	0	0	0	0	0	5	6	0	7	1	0	0	0	0	8	9	0	0	0	0	0	0	0	0	0	0	0	0	0	0	0	0	10	11	12	13	0	0	0	0	14	2	1;ANGELINA_2\n2;ANGELINA_2\n3;ANGELINA_0\n4;ANGELINA_1\n			
621	1	2	0	0	0	0	0	0	0	3	4	1	0	0	0	0	0	0	0	0	0	0	0	0	0	0	0	0	0	0	0	0	0	0	0	0	0	0	0	0	0	0	0	0	0	5	6	7	8	0	0	0	0	9	2	1;ANGELINA_1\n2;ANGELINA_1\n\n\n		1;SAILIAN_1\n\n	SAILIAN_0
622	1	2	0	0	0	0	0	0	0	3	4	1	0	0	0	0	0	0	0	0	0	0	0	0	0	0	0	0	0	0	0	0	0	0	0	0	0	0	0	0	0	0	0	0	0	5	6	7	8	0	0	0	0	9	2	1;SAILIAN_0\n2;SAILIAN_3\n\n\n	1;SHADOW_0	1;SHADOW_0\n\n	SHADOW_1
623	1	2	1	0	0	0	0	0	0	0	0	0	0	0	0	0	0	0	0	0	0	0	0	0	0	0	0	0	0	0	0	0	0	0	0	0	0	0	0	0	0	0	0	0	0	3	4	5	6	0	0	0	0	7	2				
624	1	2	0	0	0	0	0	0	0	3	4	0	0	0	0	0	0	0	5	6	1	7	0	0	0	0	0	8	9	0	0	0	0	0	0	0	0	0	0	0	0	0	0	0	0	10	11	12	13	0	0	0	0	14	2	1;SHADOW_0\n2;SHADOW_0\n3;SHADOW_0\n4;SHADOW_0\n	1;SHADOW_0	1;SHADOW_3\n\n	SHADOW_0
625	1	2	0	0	0	0	0	0	0	3	4	0	5	0	6	1	0	0	7	8	0	0	0	0	0	0	0	0	0	0	0	0	0	0	0	0	0	0	0	0	0	0	0	0	0	9	10	11	12	0	0	0	0	13	2	1;SAILIAN_3\n2;SAILIAN_0\n3;SAILIAN_0\n\n		1;SAILIAN_0\n\n	SAILIAN_0
626	1	2	1	0	0	0	0	0	0	0	0	0	0	0	0	0	0	0	0	0	0	0	0	0	0	0	0	0	0	0	0	0	0	0	0	0	0	0	0	0	0	0	0	0	0	3	4	5	6	0	0	0	0	7	2	1;SAILIAN_1\n\n\n\n	1;SHADOW_0	1;SHADOW_0\n\n	SHADOW_0
627	1	2	0	0	0	0	0	0	0	3	4	0	5	0	6	1	0	0	7	8	0	0	0	0	0	0	0	0	0	0	0	0	0	0	0	0	0	0	0	0	0	0	0	0	0	9	10	11	12	0	0	0	0	13	2	1;SHADOW_0\n2;SHADOW_0\n3;SHADOW_0\n\n		1;SHADOW_3\n\n	SHADOW_0
628	1	2	0	0	0	0	0	0	0	3	4	1	0	0	0	0	0	0	0	0	0	0	0	0	0	0	0	0	0	0	0	0	0	0	0	0	0	0	0	0	0	0	0	0	0	5	6	7	8	0	0	0	0	9	2	1;SAILIAN_0\n2;SAILIAN_0\n\n\n	1;SAILIAN_0	1;SAILIAN_0\n\n	SAILIAN_0
629	1	2	0	0	0	0	0	0	0	3	4	1	5	1	6	1	0	0	0	0	0	0	0	0	0	0	0	0	0	0	0	0	0	0	0	0	0	0	0	0	0	0	0	0	0	7	8	9	10	0	0	0	0	11	2	1;ANGELINA_0\n2;ANGELINA_0\n\n\n		1;ANGELINA_2\n\n	ANGELINA_3
630	1	2	0	0	0	0	0	0	0	3	4	1	0	0	0	0	0	0	0	0	0	0	0	0	0	0	0	0	0	0	0	0	0	0	0	0	0	0	0	0	0	0	0	0	0	5	6	7	8	0	0	0	0	9	2	1;ANGELINA_0\n2;ANGELINA_0\n\n\n		1;ROSE_PRINCESS_3\n\n	ROSE_PRINCESS_2
631	1	2	0	0	0	0	0	0	0	3	4	0	0	0	0	0	0	0	5	6	1	0	0	0	0	0	0	0	0	0	0	0	0	0	0	0	0	0	0	0	0	0	0	0	0	7	8	9	10	0	0	0	0	11	2			1;PLATO_0\n\n	PLATO_0
632	1	2	1	3	0	0	0	0	0	0	0	0	0	0	0	0	0	0	0	0	0	0	0	0	0	0	0	0	0	0	0	0	0	0	0	0	0	0	0	0	0	0	0	0	0	0	0	0	0	0	0	0	0	0	0				
633	1	2	1	0	0	0	0	0	0	0	0	0	0	0	0	0	0	0	0	0	0	0	0	0	0	0	0	0	0	0	0	0	0	0	0	0	0	0	0	0	0	0	0	0	0	3	4	5	6	0	0	0	0	7	2	1;PLATO_1\n\n\n\n	1;ODYSSEY_0	1;ODYSSEY_1\n\n	ODYSSEY_0
634	1	2	0	0	0	0	0	0	0	3	4	1	5	0	6	0	0	0	7	8	0	0	0	0	0	0	0	0	0	0	0	0	0	0	0	0	0	0	0	0	0	0	0	0	0	9	10	11	12	13	14	0	0	15	2				
635	1	2	0	0	0	0	0	0	0	3	4	1	0	0	0	0	0	0	0	0	0	0	0	0	0	0	0	0	0	0	0	0	0	0	0	0	0	0	0	0	0	0	0	0	0	5	6	7	8	0	0	0	0	9	2				
636	1	2	0	0	0	0	0	0	0	3	4	1	0	0	0	0	0	0	0	0	0	0	0	0	0	0	0	0	0	0	0	0	0	0	0	0	0	0	0	0	0	0	0	0	0	5	6	7	8	0	0	0	0	9	2				
637	1	2	0	0	0	0	0	0	0	3	4	1	0	0	0	0	0	0	0	0	0	0	0	0	0	0	0	0	0	0	0	0	0	0	0	0	0	0	0	0	0	0	0	0	0	5	6	7	8	9	10	0	0	11	2				
638	1	2	0	0	0	0	0	0	0	3	4	1	0	0	0	0	0	0	0	0	0	0	0	0	0	0	0	0	0	0	0	0	0	0	0	0	0	0	0	0	0	0	0	0	0	5	6	7	8	0	0	0	0	9	2				
639	1	2	0	0	0	0	0	0	0	3	4	1	0	0	0	0	0	0	0	0	0	0	0	0	0	0	0	0	0	0	0	0	0	0	0	0	0	0	0	0	0	0	0	0	0	5	6	7	8	0	0	0	0	9	2		1;PLATO_1	1;PLATO_1\n\n	PLATO_0
640	1	2	0	0	0	0	0	0	0	3	4	1	0	0	0	0	0	0	0	0	0	0	0	0	0	0	0	0	0	0	0	0	0	0	0	0	0	0	0	0	0	0	0	0	0	5	6	7	8	0	0	0	0	9	2	1;PLATO_3\n2;PLATO_1\n\n\n	1;PLATO_0	1;PLATO_0\n\n	PLATO_3
641	1	2	1	0	0	0	0	0	0	0	0	0	0	0	0	0	0	0	0	0	0	0	0	0	0	0	0	0	0	0	0	0	0	0	0	0	0	0	0	0	0	0	0	0	0	3	4	5	6	0	0	0	0	7	2	1;PLATO_0\n\n\n\n	1;PLATO_0	1;PLATO_0\n\n	PLATO_1
642	1	2	1	0	0	0	0	0	0	0	0	0	0	0	0	0	0	0	0	0	0	0	0	0	0	0	0	0	0	0	0	0	0	0	0	0	0	0	0	0	0	0	0	0	0	3	4	5	6	0	0	0	0	7	2				
643	1	2	1	0	0	0	0	0	0	0	0	0	0	0	0	0	0	0	0	0	0	0	0	0	0	0	0	0	0	0	0	0	0	0	0	0	0	0	0	0	0	0	0	0	0	3	4	5	6	0	0	0	0	7	2				
644	1	2	0	0	0	0	0	0	0	3	4	1	0	0	0	0	0	0	0	0	0	0	0	0	0	0	0	0	0	0	0	0	0	0	0	0	0	0	0	0	0	0	0	0	0	5	6	7	8	0	0	0	0	9	2			1;PLATO_1\n\n	PLATO_0
645	1	2	0	0	0	0	0	0	0	3	4	1	0	0	0	0	0	0	0	0	0	0	0	0	0	0	0	0	0	0	0	0	0	0	0	0	0	0	0	0	0	0	0	0	0	5	6	7	8	0	0	0	0	9	2	1;PLATO_0\n2;PLATO_0\n\n\n	1;PLATO_0	1;PLATO_0\n\n	PLATO_0
646	1	2	0	0	0	0	0	0	0	3	4	1	0	0	0	0	0	0	0	0	0	0	0	0	0	0	0	0	0	0	0	0	0	0	0	0	0	0	0	0	0	0	0	0	0	5	6	7	8	0	0	0	0	9	2	1;PLATO_0\n2;PLATO_0\n\n\n	1;PLATO_0	1;PLATO_0\n\n	PLATO_1
647	1	2	0	0	0	0	0	0	0	3	4	1	0	0	0	0	0	0	0	0	0	0	0	0	0	0	0	0	0	0	0	0	0	0	0	0	0	0	0	0	0	0	0	0	0	5	6	7	8	0	0	0	0	9	2	1;PLATO_1\n2;PLATO_0\n\n\n	1;DRAKE_0	1;DRAKE_0\n\n	DRAKE_0
648	1	2	0	0	0	0	0	0	0	3	4	0	5	0	6	1	0	0	7	8	0	0	0	0	0	0	0	0	0	0	0	0	0	0	0	0	0	0	0	0	0	0	0	0	0	9	10	11	12	0	0	0	0	13	2	1;DRAKE_3\n2;DRAKE_0\n3;DRAKE_1\n\n		1;DRAKE_0\n\n	DRAKE_0
649	1	2	1	0	0	0	0	0	0	0	0	0	0	0	0	0	0	0	0	0	0	0	0	0	0	0	0	0	0	0	0	0	0	0	0	0	0	0	0	0	0	0	0	0	0	3	4	5	6	0	0	0	0	7	2	1;DRAKE_1\n\n\n\n	1;DRAKE_0	1;DRAKE_0\n\n	DRAKE_0
650	1	2	0	0	0	0	0	0	0	3	4	1	0	0	0	0	0	0	0	0	0	0	0	0	0	0	0	0	0	0	0	0	0	0	0	0	0	0	0	0	0	0	0	0	0	5	6	7	8	9	10	0	0	11	2	1;DRAKE_1\n2;DRAKE_0\n\n\n			
651	1	2	0	0	0	0	0	0	0	3	4	1	0	0	0	0	0	0	0	0	0	0	0	0	0	0	0	0	0	0	0	0	0	0	0	0	0	0	0	0	0	0	0	0	0	5	6	7	8	0	0	0	0	9	2				
652	1	2	0	0	0	0	0	0	0	3	4	1	0	0	0	0	0	0	0	0	0	0	0	0	0	0	0	0	0	0	0	0	0	0	0	0	0	0	0	0	0	0	0	0	0	5	6	7	8	0	0	0	0	9	2			1;DRAKE_1\n\n	DRAKE_1
653	1	2	0	0	0	0	0	0	0	3	4	1	0	0	0	0	0	0	0	0	0	0	0	0	0	0	0	0	0	0	0	0	0	0	0	0	0	0	0	0	0	0	0	0	0	5	6	7	8	0	0	0	0	9	2	1;DRAKE_2\n2;DRAKE_0\n\n\n	1;DRAKE_0	1;DRAKE_0\n\n	DRAKE_2
654	1	2	0	0	0	0	0	0	0	3	4	1	0	0	0	0	0	0	0	0	0	0	0	0	0	0	0	0	0	0	0	0	0	0	0	0	0	0	0	0	0	0	0	0	0	5	6	7	8	0	0	0	0	9	2	1;DRAKE_0\n2;DRAKE_0\n\n\n			
655	1	2	0	0	0	0	0	0	0	3	4	1	0	0	0	0	0	0	0	0	0	0	0	0	0	0	0	0	0	0	0	0	0	0	0	0	0	0	0	0	0	0	0	0	0	5	6	7	8	0	0	0	0	9	2				
656	1	2	0	0	0	0	0	0	0	3	4	1	0	0	0	0	0	0	0	0	0	0	0	0	0	0	0	0	0	0	0	0	0	0	0	0	0	0	0	0	0	0	0	0	0	5	6	7	8	0	0	0	0	9	2				
657	1	2	0	0	0	0	0	0	0	3	4	1	0	0	0	0	0	0	0	0	0	0	0	0	0	0	0	0	0	0	0	0	0	0	0	0	0	0	0	0	0	0	0	0	0	5	6	7	8	0	0	0	0	9	2				
658	1	2	0	0	0	0	0	0	0	3	4	1	0	0	0	0	0	0	0	0	0	0	0	0	0	0	0	0	0	0	0	0	0	0	0	0	0	0	0	0	0	0	0	0	0	5	6	7	8	0	0	0	0	9	2				
659	1	2	1	3	0	0	0	0	0	0	0	0	0	0	0	0	0	0	0	0	0	0	0	0	0	0	0	0	0	0	0	0	0	0	0	0	0	0	0	0	0	0	0	0	0	0	0	0	0	0	0	0	0	0	0				
660	1	2	1	0	0	0	0	0	0	0	0	0	0	0	0	0	0	0	0	0	0	0	0	0	0	0	0	0	0	0	0	0	0	0	0	0	0	0	0	0	0	0	0	0	0	3	4	5	6	0	0	0	0	7	2				
661	1	2	1	0	0	0	0	0	0	0	0	0	0	0	0	0	0	0	0	0	0	0	0	0	0	0	0	0	0	0	0	0	0	0	0	0	0	0	0	0	0	0	0	0	0	3	4	5	6	0	0	0	0	7	2			1;DRAKE_3\n\n	DRAKE_0
662	1	2	0	3	0	4	1	0	0	5	6	0	0	0	0	0	0	0	0	0	0	0	0	0	0	0	0	0	0	0	0	0	0	0	0	0	0	0	0	0	0	0	0	0	0	7	8	9	10	0	0	0	0	11	2	1;DRAKE_0\n2;DRAKE_0\n\n\n		1;DRAKE_3\n\n	DRAKE_0
663	1	2	0	0	0	0	0	0	0	3	4	0	0	0	0	0	0	0	5	6	1	0	0	0	0	0	0	0	0	0	0	0	0	0	0	0	0	0	0	0	0	0	0	0	0	7	8	9	10	0	0	0	0	11	2	1;DRAKE_0\n2;DRAKE_2\n3;DRAKE_0\n\n			
664	1	2	1	0	0	0	0	0	0	0	0	0	0	0	0	0	0	0	0	0	0	0	0	0	0	0	0	0	0	0	0	0	0	0	0	0	0	0	0	0	0	0	0	0	0	3	4	5	6	0	0	0	0	7	2				
665	1	2	0	0	0	0	0	0	0	3	4	1	0	0	0	0	0	0	0	0	0	0	0	0	0	0	0	0	0	0	0	0	0	0	0	0	0	0	0	0	0	0	0	0	0	5	6	7	8	0	0	0	0	9	2	1;COLUMBUS_0\n2;COLUMBUS_3\n\n\n	1;PLATO_0	1;PLATO_0\n\n	PLATO_0
666	1	2	0	0	0	0	0	0	0	3	4	0	0	0	0	0	0	0	5	6	1	0	0	0	0	0	0	0	0	0	0	0	0	0	0	0	0	0	0	0	0	0	0	0	0	7	8	9	10	0	0	0	0	11	2	1;PLATO_1\n2;PLATO_1\n3;PLATO_0\n\n	1;COLUMBUS_0	1;COLUMBUS_3\n\n	COLUMBUS_3
667	1	2	1	3	0	0	0	0	0	0	0	0	0	0	0	0	0	0	0	0	0	0	0	0	0	0	0	0	0	0	0	0	0	0	0	0	0	0	0	0	0	0	0	0	0	0	0	0	0	0	0	0	0	0	0				
668	1	2	0	0	0	0	0	0	0	3	4	1	0	0	0	0	0	0	0	0	0	0	0	0	0	0	0	0	0	0	0	0	0	0	0	0	0	0	0	0	0	0	0	0	0	5	6	7	8	0	0	0	0	9	2	1;DRAKE_3\n2;DRAKE_1\n\n\n	1;DRAKE_1	1;DRAKE_0\n\n	DRAKE_0
669	1	2	0	0	0	0	0	0	0	3	4	1	0	0	0	0	0	0	0	0	0	0	0	0	0	0	0	0	0	0	0	0	0	0	0	0	0	0	0	0	0	0	0	0	0	5	6	7	8	0	0	0	0	9	2	1;ODYSSEY_0\n2;ODYSSEY_0\n\n\n	1;ODYSSEY_0	1;ODYSSEY_0\n\n	ODYSSEY_0
670	1	2	0	0	0	0	0	0	0	3	4	1	0	0	0	0	0	0	0	0	0	0	0	0	0	0	0	0	0	0	0	0	0	0	0	0	0	0	0	0	0	0	0	0	0	5	6	7	8	0	0	0	0	9	2	1;ODYSSEY_3\n2;ODYSSEY_0\n\n\n	1;ODYSSEY_0	1;ODYSSEY_0\n\n	ODYSSEY_0
671	1	2	0	0	0	0	0	0	0	3	4	1	0	0	0	0	0	0	0	0	0	0	0	0	0	0	0	0	0	0	0	0	0	0	0	0	0	0	0	0	0	0	0	0	0	5	6	7	8	0	0	0	0	9	2	1;ODYSSEY_0\n2;ODYSSEY_0\n\n\n	1;DRAKE_0	1;DRAKE_0\n\n	DRAKE_2
672	1	2	0	0	0	0	0	0	0	3	4	0	5	0	6	1	0	0	7	8	0	0	0	0	0	0	0	0	0	0	0	0	0	0	0	0	0	0	0	0	0	0	0	0	0	9	10	11	12	0	0	0	0	13	2	1;DRAKE_2\n2;DRAKE_0\n3;DRAKE_1\n\n		1;DRAKE_3\n\n	DRAKE_3
673	1	2	0	0	0	0	0	0	0	3	4	1	0	0	0	0	0	0	0	0	0	0	0	0	0	0	0	0	0	0	0	0	0	0	0	0	0	0	0	0	0	0	0	0	0	5	6	7	8	0	0	0	0	9	2	1;DRAKE_0\n2;DRAKE_0\n\n\n	1;PLATO_0	1;PLATO_0\n\n	PLATO_1
674	1	2	0	0	0	0	0	0	0	3	4	1	0	0	0	0	0	0	0	0	0	0	0	0	0	0	0	0	0	0	0	0	0	0	0	0	0	0	0	0	0	0	0	0	0	5	6	7	8	0	0	0	0	9	2	1;PLATO_1\n2;PLATO_0\n\n\n			
675	1	2	0	0	0	0	0	0	0	3	4	1	0	0	0	0	0	0	0	0	0	0	0	0	0	0	0	0	0	0	0	0	0	0	0	0	0	0	0	0	0	0	0	0	0	5	6	7	8	0	0	0	0	9	2		1;PLATO_1	1;PLATO_0\n\n	PLATO_3
676	1	2	0	0	0	0	0	0	0	3	4	1	0	0	0	0	0	0	0	0	0	0	0	0	0	0	0	0	0	0	0	0	0	0	0	0	0	0	0	0	0	0	0	0	0	5	6	7	8	0	0	0	0	9	2	1;PLATO_1\n2;PLATO_0\n\n\n	1;PLATO_0	1;PLATO_0\n\n	PLATO_0
677	1	2	0	0	0	0	0	0	0	3	4	0	0	0	0	0	0	0	5	6	1	0	0	0	0	0	0	0	0	0	0	0	0	0	0	0	0	0	0	0	0	0	0	0	0	7	8	9	10	0	0	0	0	11	2	1;PLATO_1\n2;PLATO_0\n3;PLATO_0\n\n		1;DRAKE_2\n\n	DRAKE_1
678	1	2	0	0	0	0	0	0	0	3	4	0	0	0	0	0	0	0	5	6	1	0	0	0	0	0	0	0	0	0	0	0	0	0	0	0	0	0	0	0	0	0	0	0	0	7	8	9	10	0	0	0	0	11	2	1;DRAKE_0\n2;DRAKE_0\n3;DRAKE_3\n\n	1;DRAKE_0	1;DRAKE_3\n\n	DRAKE_0
679	1	2	0	0	0	0	0	0	0	3	4	1	0	0	0	0	0	0	0	0	0	0	0	0	0	0	0	0	0	0	0	0	0	0	0	0	0	0	0	0	0	0	0	0	0	5	6	7	8	0	0	0	0	9	2	1;DRAKE_0\n2;DRAKE_0\n\n\n	1;DRAKE_0	1;DRAKE_3\n\n	DRAKE_1
680	1	2	0	0	0	0	0	0	0	3	4	1	0	0	0	0	0	0	0	0	0	0	0	0	0	0	0	0	0	0	0	0	0	0	0	0	0	0	0	0	0	0	0	0	0	5	6	7	8	0	0	0	0	9	2				
681	1	2	0	0	0	0	0	0	0	3	4	1	0	0	0	0	0	0	0	0	0	0	0	0	0	0	0	0	0	0	0	0	0	0	0	0	0	0	0	0	0	0	0	0	0	5	6	7	8	0	0	0	0	9	2				
682	1	2	0	0	0	0	0	0	0	3	4	1	0	0	0	0	0	0	0	0	0	0	0	0	0	0	0	0	0	0	0	0	0	0	0	0	0	0	0	0	0	0	0	0	0	5	6	7	8	0	0	0	0	9	2				
683	1	2	0	0	0	0	0	0	0	3	4	0	0	0	0	0	0	0	5	6	1	0	0	0	0	0	0	0	0	0	0	0	0	0	0	0	0	0	0	0	0	0	0	0	0	7	8	9	10	0	0	0	0	11	2	1;DRAKE_0\n2;DRAKE_0\n3;DRAKE_0\n\n		1;ODYSSEY_1\n\n	ODYSSEY_0
684	1	2	0	0	0	0	0	0	0	3	4	1	0	0	0	0	0	0	0	0	0	0	0	0	0	0	0	0	0	0	0	0	0	0	0	0	0	0	0	0	0	0	0	0	0	5	6	7	8	0	0	0	0	9	2	1;ODYSSEY_0\n2;ODYSSEY_0\n\n\n	1;PLATO_0	1;PLATO_0\n\n	PLATO_3
685	1	2	0	3	0	4	1	0	0	5	6	0	0	0	0	0	0	0	0	0	0	0	0	0	0	0	0	0	0	0	0	0	0	0	0	0	0	0	0	0	0	0	0	0	0	7	8	9	10	0	0	0	0	11	2	1;PLATO_0\n2;PLATO_1\n\n\n		1;PLATO_3\n\n	PLATO_0
686	1	2	0	0	0	0	0	0	0	3	4	1	0	0	0	0	0	0	0	0	0	0	0	0	0	0	0	0	0	0	0	0	0	0	0	0	0	0	0	0	0	0	0	0	0	5	6	7	8	0	0	0	0	9	2	1;PLATO_0\n2;PLATO_0\n\n\n	1;PLATO_0	1;PLATO_1\n\n	PLATO_3
687	1	2	1	3	0	4	0	0	0	5	6	0	0	0	0	0	0	0	0	0	0	0	0	0	0	0	0	0	0	0	0	0	0	0	0	0	0	0	0	0	0	0	0	0	0	7	8	9	10	11	12	0	0	13	2	1;ODYSSEY_2\n2;ODYSSEY_1\n\n\n		1;ODYSSEY_0\n2;ODYSSEY_2\n	ODYSSEY_3
688	1	2	0	0	0	0	0	0	0	3	4	1	0	0	0	0	0	0	0	0	0	0	0	0	0	0	0	0	0	0	0	0	0	0	0	0	0	0	0	0	0	0	0	0	0	5	6	7	8	0	0	0	0	9	2	1;ODYSSEY_2\n2;ODYSSEY_0\n\n\n	1;ODYSSEY_0	1;ODYSSEY_0\n\n	ODYSSEY_3
689	1	2	0	0	0	0	0	0	0	3	4	1	0	0	0	0	0	0	0	0	0	0	0	0	0	0	0	0	0	0	0	0	0	0	0	0	0	0	0	0	0	0	0	0	0	5	6	7	8	0	0	0	0	9	2	1;DRAKE_1\n2;DRAKE_1\n\n\n	1;DRAKE_0	1;DRAKE_0\n\n	DRAKE_0
690	1	2	0	0	0	0	0	0	0	3	4	0	0	0	0	0	0	0	5	6	1	0	0	0	0	0	0	0	0	0	0	0	0	0	0	0	0	0	0	0	0	0	0	0	0	7	8	9	10	0	0	0	0	11	2				
691	1	2	0	0	0	0	0	0	0	3	4	1	0	0	0	0	0	0	0	0	0	0	0	0	0	0	0	0	0	0	0	0	0	0	0	0	0	0	0	0	0	0	0	0	0	5	6	7	8	0	0	0	0	9	2				
692	1	2	0	0	0	0	0	0	0	3	4	1	0	0	0	0	0	0	0	0	0	0	0	0	0	0	0	0	0	0	0	0	0	0	0	0	0	0	0	0	0	0	0	0	0	5	6	7	8	0	0	0	0	9	2				
693	1	2	1	3	0	0	0	0	0	0	0	0	0	0	0	0	0	0	0	0	0	0	0	0	0	0	0	0	0	0	0	0	0	0	0	0	0	0	0	0	0	0	0	0	0	0	0	0	0	0	0	0	0	0	0	1;ODYSSEY_0\n\n\n\n			
694	1	2	1	3	0	0	0	0	0	0	0	0	0	0	0	0	0	0	0	0	0	0	0	0	0	0	0	0	0	0	0	0	0	0	0	0	0	0	0	0	0	0	0	0	0	4	5	6	7	0	0	0	0	8	2	1;ODYSSEY_0\n\n\n\n	1;ODYSSEY_1	1;ODYSSEY_3\n\n	ODYSSEY_3
695	1	2	1	3	0	0	0	0	0	0	0	0	0	0	0	0	0	0	0	0	0	0	0	0	0	0	0	0	0	0	0	0	0	0	0	0	0	0	0	0	0	0	0	0	0	4	5	6	7	0	0	0	0	8	2	1;PLATO_0\n\n\n\n	1;PLATO_1	1;PLATO_3\n\n	PLATO_3
696	1	2	0	0	0	0	0	0	0	3	4	1	0	0	0	0	0	0	0	0	0	0	0	0	0	0	0	0	0	0	0	0	0	0	0	0	0	0	0	0	0	0	0	0	0	5	6	7	8	0	0	0	0	9	2	1;ODYSSEY_0\n2;ODYSSEY_0\n\n\n		1;ODYSSEY_2\n\n	ODYSSEY_1
697	1	2	0	0	0	0	0	0	0	3	4	1	0	0	0	0	0	0	0	0	0	0	0	0	0	0	0	0	0	0	0	0	0	0	0	0	0	0	0	0	0	0	0	0	0	5	6	7	8	0	0	0	0	9	2	1;PLATO_3\n2;PLATO_0\n\n\n		1;PLATO_0\n\n	PLATO_0
698	1	2	0	0	0	0	0	0	0	3	4	0	5	1	0	0	0	0	6	7	0	0	0	0	0	0	0	0	0	0	0	0	0	0	0	0	0	0	0	0	0	0	0	0	0	0	0	0	0	0	0	0	0	0	0				
699	1	2	0	0	0	0	0	0	0	3	4	1	0	0	0	0	0	0	0	0	0	0	0	0	0	0	0	0	0	0	0	0	0	0	0	0	0	0	0	0	0	0	0	0	0	0	0	0	0	0	0	0	0	0	0				
700	1	2	1	0	0	0	0	0	0	0	0	0	0	0	0	0	0	0	0	0	0	0	0	0	0	0	0	0	0	0	0	0	0	0	0	0	0	0	0	0	0	0	0	0	0	0	0	0	0	0	0	0	0	0	0	1;BLACKBEARD_0\n\n\n\n		1;BLACKBEARD_0\n\n	
701	1	2	1	0	0	0	0	0	0	0	0	0	0	0	0	0	0	0	0	0	0	0	0	0	0	0	0	0	0	0	0	0	0	0	0	0	0	0	0	0	0	0	0	0	0	0	0	0	0	0	0	0	0	0	0				
702	1	2	1	0	0	0	0	0	0	0	0	0	0	0	0	0	0	0	0	0	0	0	0	0	0	0	0	0	0	0	0	0	0	0	0	0	0	0	0	0	0	0	0	0	0	0	0	0	0	0	0	0	0	0	0				
703	1	2	1	0	0	0	0	0	0	0	0	0	0	0	0	0	0	0	0	0	0	0	0	0	0	0	0	0	0	0	0	0	0	0	0	0	0	0	0	0	0	0	0	0	0	0	0	0	0	0	0	0	0	0	0				
704	1	2	1	3	0	0	0	0	0	0	0	0	0	0	0	0	0	0	0	0	0	0	0	0	0	0	0	0	0	0	0	0	0	0	0	0	0	0	0	0	0	0	0	0	0	0	0	0	0	0	0	0	0	0	0	1;PLATO_0\n\n\n\n			
705	1	2	1	0	0	0	0	0	0	0	0	0	0	0	0	0	0	0	0	0	0	0	0	0	0	0	0	0	0	0	0	0	0	0	0	0	0	0	0	0	0	0	0	0	0	3	4	5	6	0	0	0	0	7	2				
706	1	2	1	3	1	4	1	0	0	0	0	0	0	0	0	0	0	0	0	0	0	0	0	0	0	0	0	0	0	0	0	0	0	0	0	0	0	0	0	0	0	0	0	0	0	5	6	7	8	0	0	0	0	9	2				
707	1	2	1	3	0	0	0	0	0	4	5	0	0	0	0	0	0	0	0	0	0	0	0	0	0	0	0	0	0	0	0	0	0	0	0	0	0	0	0	0	0	0	0	0	0	6	7	8	9	10	11	0	0	12	2				
708	1	2	1	3	1	4	1	0	0	0	0	0	0	0	0	0	0	0	0	0	0	0	0	0	0	0	0	0	0	0	0	0	0	0	0	0	0	0	0	0	0	0	0	0	0	5	6	7	8	0	0	0	0	9	2				
709	1	2	1	0	0	0	0	0	0	0	0	0	0	0	0	0	0	0	0	0	0	0	0	0	0	0	0	0	0	0	0	0	0	0	0	0	0	0	0	0	0	0	0	0	0	0	0	0	0	0	0	0	0	0	0				
710	1	2	1	3	1	4	1	0	0	0	0	0	0	0	0	0	0	0	0	0	0	0	0	0	0	0	0	0	0	0	0	0	0	0	0	0	0	0	0	0	0	0	0	0	0	5	6	7	8	0	0	0	0	9	2				
711	1	2	0	3	1	4	0	0	0	5	6	1	7	1	8	1	0	0	0	0	0	0	0	0	0	0	0	0	0	0	0	0	0	0	0	0	0	0	0	0	0	0	0	0	0	9	10	11	12	13	14	0	0	15	2				
712	1	2	0	3	0	4	0	0	0	5	6	0	7	0	8	0	0	0	9	10	1	11	1	12	1	0	0	0	0	0	0	0	0	0	0	0	0	0	0	0	0	0	0	0	0	13	14	15	16	17	18	0	0	19	2				
713	1	2	0	0	0	0	0	0	0	3	4	1	0	0	0	0	0	0	0	0	0	0	0	0	0	0	0	0	0	0	0	0	0	0	0	0	0	0	0	0	0	0	0	0	0	5	6	7	8	0	0	0	0	9	2				
714	1	2	0	0	0	0	0	0	0	3	4	1	0	0	0	0	0	0	0	0	0	0	0	0	0	0	0	0	0	0	0	0	0	0	0	0	0	0	0	0	0	0	0	0	0	5	6	7	8	0	0	0	0	9	2				
715	1	2	0	3	0	0	0	0	0	4	5	0	6	0	7	0	0	0	8	9	1	0	0	0	0	0	0	0	0	0	0	0	0	0	0	0	0	0	0	0	0	0	0	0	0	10	11	12	13	14	15	0	0	16	2				
716	1	2	0	3	0	4	0	0	0	5	6	0	7	0	8	0	0	0	9	10	0	0	0	0	0	0	0	11	12	1	0	0	0	0	0	0	0	0	0	0	0	0	0	0	0	13	14	15	16	17	18	19	20	21	2				
717	1	2	0	3	0	4	0	0	0	5	6	0	7	0	0	0	0	0	8	9	0	0	0	0	0	0	0	10	11	1	0	0	0	0	0	0	0	0	0	0	0	0	0	0	0	12	13	14	15	16	17	18	19	20	2				
718	1	2	0	3	0	4	0	0	0	5	6	1	7	1	8	1	0	0	0	0	0	0	0	0	0	0	0	0	0	0	0	0	0	0	0	0	0	0	0	0	0	0	0	0	0	9	10	11	12	0	0	0	0	13	2				
719	1	2	1	3	1	4	1	0	0	0	0	0	0	0	0	0	0	0	0	0	0	0	0	0	0	0	0	0	0	0	0	0	0	0	0	0	0	0	0	0	0	0	0	0	0	5	6	7	8	0	0	0	0	9	2				
720	1	2	1	3	0	0	0	0	0	4	5	0	0	0	0	0	0	0	0	0	0	0	0	0	0	0	0	0	0	0	0	0	0	0	0	0	0	0	0	0	0	0	0	0	0	6	7	8	9	10	11	0	0	12	2				
721	1	2	1	0	0	0	0	0	0	0	0	0	0	0	0	0	0	0	0	0	0	0	0	0	0	0	0	0	0	0	0	0	0	0	0	0	0	0	0	0	0	0	0	0	0	3	4	5	6	0	0	0	0	7	2			1;SHADOW_MASK_0\n\n	SHADOW_MASK_0
722	1	2	1	0	0	0	0	0	0	0	0	0	0	0	0	0	0	0	0	0	0	0	0	0	0	0	0	0	0	0	0	0	0	0	0	0	0	0	0	0	0	0	0	0	0	3	4	5	6	7	8	0	0	9	2			1;ODYSSEY_1\n2;ODYSSEY_1\n	ODYSSEY_1
723	1	2	0	0	0	0	0	0	0	3	4	0	0	0	0	0	0	0	5	6	1	7	1	8	1	0	0	0	0	0	0	0	0	0	0	0	0	0	0	0	0	0	0	0	0	9	10	11	12	0	0	0	0	13	2				
724	1	2	0	0	0	0	0	0	0	3	4	0	5	0	6	0	0	0	7	8	0	9	0	0	0	0	0	10	11	1	0	0	0	0	0	0	0	0	0	0	0	0	0	0	0	12	13	14	15	0	0	0	0	16	2				
725	1	2	0	0	0	0	0	0	0	3	4	1	0	0	0	0	0	0	0	0	0	0	0	0	0	0	0	0	0	0	0	0	0	0	0	0	0	0	0	0	0	0	0	0	0	5	6	7	8	0	0	0	0	9	2				
726	1	2	0	3	0	4	0	0	0	5	6	1	7	1	8	1	0	0	0	0	0	0	0	0	0	0	0	0	0	0	0	0	0	0	0	0	0	0	0	0	0	0	0	0	0	9	10	11	12	0	0	0	0	13	2				
727	1	2	0	0	0	0	0	0	0	3	4	0	5	0	6	0	0	0	7	8	1	9	1	10	1	0	0	0	0	0	0	0	0	0	0	0	0	0	0	0	0	0	0	0	0	11	12	13	14	0	0	0	0	15	2				
728	1	2	0	0	0	0	0	0	0	3	4	1	0	0	0	0	0	0	0	0	0	0	0	0	0	0	0	0	0	0	0	0	0	0	0	0	0	0	0	0	0	0	0	0	0	5	6	7	8	0	0	0	0	9	2				
729	1	2	0	3	0	4	0	0	0	5	6	0	0	0	0	0	0	0	7	8	1	0	0	0	0	0	0	0	0	0	0	0	0	0	0	0	0	0	0	0	0	0	0	0	0	9	10	11	12	0	0	0	0	13	2				
730	1	2	0	0	0	0	0	0	0	3	4	0	0	0	0	0	0	0	5	6	1	7	1	0	0	0	0	0	0	0	0	0	0	0	0	0	0	0	0	0	0	0	0	0	0	8	9	10	11	0	0	0	0	12	2	1;BISMARCK_1\n2;BISMARCK_3\n3;BISMARCK_3\n\n			
731	1	2	1	0	0	0	0	0	0	0	0	0	0	0	0	0	0	0	0	0	0	0	0	0	0	0	0	0	0	0	0	0	0	0	0	0	0	0	0	0	0	0	0	0	0	3	4	5	6	0	0	0	0	7	2				
732	1	2	0	0	0	0	0	0	0	3	4	1	0	0	0	0	0	0	0	0	0	0	0	0	0	0	0	0	0	0	0	0	0	0	0	0	0	0	0	0	0	0	0	0	0	5	6	7	8	0	0	0	0	9	2				
733	1	2	1	3	0	0	0	0	0	0	0	0	0	0	0	0	0	0	0	0	0	0	0	0	0	0	0	0	0	0	0	0	0	0	0	0	0	0	0	0	0	0	0	0	0	4	5	6	7	0	0	0	0	8	2				
734	1	2	0	0	0	0	0	0	0	3	4	0	5	0	0	0	0	0	6	7	0	8	0	0	0	0	0	9	10	1	11	1	0	0	0	0	0	0	0	0	0	0	0	0	0	12	13	14	15	0	0	0	0	16	2				
735	1	2	0	0	0	0	0	0	0	3	4	0	5	0	0	0	0	0	6	7	0	8	0	0	0	0	0	9	10	1	11	1	0	0	0	0	0	0	0	0	0	0	0	0	0	12	13	14	15	0	0	0	0	16	2				
736	1	2	0	0	0	0	0	0	0	3	4	0	5	0	0	0	0	0	6	7	0	8	0	0	0	0	0	9	10	1	11	1	0	0	0	0	0	0	0	0	0	0	0	0	0	12	13	14	15	0	0	0	0	16	2				
737	1	2	0	0	0	0	0	0	0	3	4	0	5	0	0	0	0	0	6	7	0	8	0	0	0	0	0	9	10	1	11	1	0	0	0	0	0	0	0	0	0	0	0	0	0	12	13	14	15	0	0	0	0	16	2				
738	1	2	1	3	0	0	0	0	0	0	0	0	0	0	0	0	0	0	0	0	0	0	0	0	0	0	0	0	0	0	0	0	0	0	0	0	0	0	0	0	0	0	0	0	0	0	0	0	0	0	0	0	0	0	0	1;SAILIAN_0\n\n\n\n			
739	1	2	0	0	0	0	0	0	0	3	4	1	0	0	0	0	0	0	0	0	0	0	0	0	0	0	0	0	0	0	0	0	0	0	0	0	0	0	0	0	0	0	0	0	0	5	6	7	8	9	10	11	12	13	2			1;COLUMBUS_3\n\n	COLUMBUS_0
740	1	2	1	0	0	0	0	0	0	0	0	0	0	0	0	0	0	0	0	0	0	0	0	0	0	0	0	0	0	0	0	0	0	0	0	0	0	0	0	0	0	0	0	0	0	3	4	5	6	0	0	0	0	7	2	1;ANGELINA_PRINCESS_1\n\n\n\n			
741	1	2	0	0	0	0	0	0	0	3	4	1	0	0	0	0	0	0	0	0	0	0	0	0	0	0	0	0	0	0	0	0	0	0	0	0	0	0	0	0	0	0	0	0	0	5	6	7	8	0	0	0	0	9	2	1;ANGELINA_PRINCESS_1\n2;ANGELINA_PRINCESS_2\n\n\n			
742	1	2	0	0	0	0	0	0	0	3	4	1	0	0	0	0	0	0	0	0	0	0	0	0	0	0	0	0	0	0	0	0	0	0	0	0	0	0	0	0	0	0	0	0	0	5	6	7	8	0	0	0	0	9	2				
743	1	2	1	0	0	0	0	0	0	0	0	0	0	0	0	0	0	0	0	0	0	0	0	0	0	0	0	0	0	0	0	0	0	0	0	0	0	0	0	0	0	0	0	0	0	3	4	5	6	7	8	0	0	9	2	1;BLACKBEARD_0\n\n\n\n			
744	1	2	0	0	0	0	0	0	0	3	4	1	0	0	0	0	0	0	0	0	0	0	0	0	0	0	0	0	0	0	0	0	0	0	0	0	0	0	0	0	0	0	0	0	0	5	6	7	8	0	0	0	0	9	2	1;BABAROSA_0\n2;BABAROSA_0\n\n\n	1;BABAROSA_0	1;BABAROSA_0\n\n	BABAROSA_0
745	1	2	0	0	0	0	0	0	0	3	4	1	0	0	0	0	0	0	0	0	0	0	0	0	0	0	0	0	0	0	0	0	0	0	0	0	0	0	0	0	0	0	0	0	0	5	6	7	8	0	0	0	0	9	2			1;BABAROSA_0\n\n	BABAROSA_0
746	1	2	1	0	0	0	0	0	0	0	0	0	0	0	0	0	0	0	0	0	0	0	0	0	0	0	0	0	0	0	0	0	0	0	0	0	0	0	0	0	0	0	0	0	0	3	4	5	6	0	0	0	0	7	2	1;JASON_2\n\n\n\n		1;ODYSSEY_0\n\n	ODYSSEY_1
747	1	2	0	0	0	0	0	0	0	3	4	0	0	0	0	0	0	0	5	6	1	0	0	0	0	0	0	0	0	0	0	0	0	0	0	0	0	0	0	0	0	0	0	0	0	7	8	9	10	0	0	0	0	11	2				
748	1	2	0	0	0	0	0	0	0	3	4	1	0	0	0	0	0	0	0	0	0	0	0	0	0	0	0	0	0	0	0	0	0	0	0	0	0	0	0	0	0	0	0	0	0	5	6	7	8	0	0	0	0	9	2				
749	1	2	0	0	0	0	0	0	0	3	4	1	0	0	0	0	0	0	0	0	0	0	0	0	0	0	0	0	0	0	0	0	0	0	0	0	0	0	0	0	0	0	0	0	0	5	6	7	8	0	0	0	0	9	2				
750	1	2	1	0	0	0	0	0	0	0	0	0	0	0	0	0	0	0	0	0	0	0	0	0	0	0	0	0	0	0	0	0	0	0	0	0	0	0	0	0	0	0	0	0	0	3	4	5	6	0	0	0	0	7	2				
751	1	2	0	0	0	0	0	0	0	3	4	1	0	0	0	0	0	0	0	0	0	0	0	0	0	0	0	0	0	0	0	0	0	0	0	0	0	0	0	0	0	0	0	0	0	5	6	7	8	0	0	0	0	9	2				
752	1	2	1	0	0	0	0	0	0	0	0	0	0	0	0	0	0	0	0	0	0	0	0	0	0	0	0	0	0	0	0	0	0	0	0	0	0	0	0	0	0	0	0	0	0	3	4	5	6	0	0	0	0	7	2				
753	1	2	0	0	0	0	0	0	0	3	4	1	0	0	0	0	0	0	0	0	0	0	0	0	0	0	0	0	0	0	0	0	0	0	0	0	0	0	0	0	0	0	0	0	0	5	6	7	8	0	0	0	0	9	2				
754	1	2	0	0	0	0	0	0	0	3	4	1	0	0	0	0	0	0	0	0	0	0	0	0	0	0	0	0	0	0	0	0	0	0	0	0	0	0	0	0	0	0	0	0	0	5	6	7	8	0	0	0	0	9	2				
755	1	2	0	0	0	0	0	0	0	3	4	0	5	0	6	1	0	0	0	0	0	0	0	0	0	0	0	0	0	0	0	0	0	0	0	0	0	0	0	0	0	0	0	0	0	7	8	9	10	0	0	0	0	11	2				
756	1	2	1	0	0	0	0	0	0	0	0	0	0	0	0	0	0	0	0	0	0	0	0	0	0	0	0	0	0	0	0	0	0	0	0	0	0	0	0	0	0	0	0	0	0	3	4	5	6	0	0	0	0	7	2				
757	1	2	0	0	0	0	0	0	0	3	4	1	0	0	0	0	0	0	0	0	0	0	0	0	0	0	0	0	0	0	0	0	0	0	0	0	0	0	0	0	0	0	0	0	0	5	6	7	8	0	0	0	0	9	2				
758	1	2	0	0	0	0	0	0	0	3	4	1	0	0	0	0	0	0	0	0	0	0	0	0	0	0	0	0	0	0	0	0	0	0	0	0	0	0	0	0	0	0	0	0	0	5	6	7	8	0	0	0	0	9	2				
759	1	2	0	0	0	0	0	0	0	3	4	1	0	0	0	0	0	0	0	0	0	0	0	0	0	0	0	0	0	0	0	0	0	0	0	0	0	0	0	0	0	0	0	0	0	5	6	7	8	0	0	0	0	9	2				
760	1	2	1	0	0	0	0	0	0	0	0	0	0	0	0	0	0	0	0	0	0	0	0	0	0	0	0	0	0	0	0	0	0	0	0	0	0	0	0	0	0	0	0	0	0	3	4	5	6	0	0	0	0	7	2				
761	1	2	0	0	0	0	0	0	0	3	4	1	0	0	0	0	0	0	0	0	0	0	0	0	0	0	0	0	0	0	0	0	0	0	0	0	0	0	0	0	0	0	0	0	0	5	6	7	8	9	10	0	0	11	2				
762	1	2	0	0	0	0	0	0	0	3	4	1	0	0	0	0	0	0	5	6	1	0	0	0	0	0	0	0	0	0	0	0	0	0	0	0	0	0	0	0	0	0	0	0	0	7	8	9	10	0	0	0	0	11	2				
763	1	2	0	0	0	0	0	0	0	3	4	1	0	0	0	0	0	0	0	0	0	0	0	0	0	0	0	0	0	0	0	0	0	0	0	0	0	0	0	0	0	0	0	0	0	5	6	7	8	0	0	0	0	9	2				
764	1	2	1	0	0	0	0	0	0	0	0	0	0	0	0	0	0	0	0	0	0	0	0	0	0	0	0	0	0	0	0	0	0	0	0	0	0	0	0	0	0	0	0	0	0	3	4	5	6	0	0	0	0	7	2				
765	1	2	0	0	0	0	0	0	0	3	4	1	0	0	0	0	0	0	0	0	0	0	0	0	0	0	0	0	0	0	0	0	0	0	0	0	0	0	0	0	0	0	0	0	0	5	6	7	8	0	0	0	0	9	2				
766	1	2	1	0	0	0	0	0	0	0	0	0	0	0	0	0	0	0	0	0	0	0	0	0	0	0	0	0	0	0	0	0	0	0	0	0	0	0	0	0	0	0	0	0	0	3	4	5	6	0	0	0	0	7	2				
767	1	2	0	0	0	0	0	0	0	3	4	1	0	0	0	0	0	0	0	0	0	0	0	0	0	0	0	0	0	0	0	0	0	0	0	0	0	0	0	0	0	0	0	0	0	5	6	7	8	0	0	0	0	9	2				
768	1	2	1	3	0	0	0	0	0	0	0	0	0	0	0	0	0	0	0	0	0	0	0	0	0	0	0	0	0	0	0	0	0	0	0	0	0	0	0	0	0	0	0	0	0	4	5	6	7	0	0	0	0	8	2				
769	1	2	0	0	0	0	0	0	0	3	4	1	0	0	0	0	0	0	0	0	0	0	0	0	0	0	0	0	0	0	0	0	0	0	0	0	0	0	0	0	0	0	0	0	0	5	6	7	8	0	0	0	0	9	2				
770	1	2	1	0	0	0	0	0	0	0	0	0	0	0	0	0	0	0	0	0	0	0	0	0	0	0	0	0	0	0	0	0	0	0	0	0	0	0	0	0	0	0	0	0	0	3	4	5	6	0	0	0	0	7	2				
771	1	2	1	0	0	0	0	0	0	0	0	0	0	0	0	0	0	0	0	0	0	0	0	0	0	0	0	0	0	0	0	0	0	0	0	0	0	0	0	0	0	0	0	0	0	3	4	5	6	0	0	0	0	7	2	1;SAILIAN_1\n\n\n\n	1;SAILIAN_0	1;SAILIAN_2\n\n	SAILIAN_3
772	1	2	1	0	0	0	0	0	0	0	0	0	0	0	0	0	0	0	0	0	0	0	0	0	0	0	0	0	0	0	0	0	0	0	0	0	0	0	0	0	0	0	0	0	0	3	4	5	6	0	0	0	0	7	2	1;SAILIAN_0\n\n\n\n	1;SAILIAN_0	1;SAILIAN_0\n\n	SAILIAN_2
773	1	2	1	0	0	0	0	0	0	0	0	0	0	0	0	0	0	0	0	0	0	0	0	0	0	0	0	0	0	0	0	0	0	0	0	0	0	0	0	0	0	0	0	0	0	3	4	5	6	0	0	0	0	7	2	1;SAILIAN_0\n\n\n\n	1;SAILIAN_0	1;SAILIAN_1\n\n	SAILIAN_0
774	1	2	1	0	0	0	0	0	0	0	0	0	0	0	0	0	0	0	0	0	0	0	0	0	0	0	0	0	0	0	0	0	0	0	0	0	0	0	0	0	0	0	0	0	0	3	4	5	6	0	0	0	0	7	2	1;SAILIAN_0\n\n\n\n	1;SAILIAN_0	1;SAILIAN_0\n\n	SAILIAN_0
775	1	2	0	0	0	0	0	0	0	3	4	1	0	0	0	0	0	0	0	0	0	0	0	0	0	0	0	0	0	0	0	0	0	0	0	0	0	0	0	0	0	0	0	0	0	5	6	7	8	0	0	0	0	9	2				
776	1	2	1	0	0	0	0	0	0	0	0	0	0	0	0	0	0	0	0	0	0	0	0	0	0	0	0	0	0	0	0	0	0	0	0	0	0	0	0	0	0	0	0	0	0	3	4	5	6	0	0	0	0	7	2				
777	1	2	0	0	0	0	0	0	0	3	4	0	5	1	6	0	0	0	0	0	0	0	0	0	0	0	0	0	0	0	0	0	0	0	0	0	0	0	0	0	0	0	0	0	0	7	8	9	10	0	0	0	0	11	2				
778	1	2	0	0	0	0	0	0	0	3	4	0	0	0	0	0	0	0	5	6	1	0	0	0	0	0	0	0	0	0	0	0	0	0	0	0	0	0	0	0	0	0	0	0	0	7	8	9	10	0	0	0	0	11	2				
779	1	2	0	0	0	0	0	0	0	3	4	1	0	0	0	0	0	0	0	0	0	0	0	0	0	0	0	0	0	0	0	0	0	0	0	0	0	0	0	0	0	0	0	0	0	5	6	7	8	0	0	0	0	9	2				
780	1	2	0	0	0	0	0	0	0	3	4	1	0	0	0	0	0	0	0	0	0	0	0	0	0	0	0	0	0	0	0	0	0	0	0	0	0	0	0	0	0	0	0	0	0	5	6	7	8	0	0	0	0	9	2				
781	1	2	0	0	0	0	0	0	0	3	4	1	0	0	0	0	0	0	0	0	0	0	0	0	0	0	0	0	0	0	0	0	0	0	0	0	0	0	0	0	0	0	0	0	0	5	6	7	8	0	0	0	0	9	2				
782	1	2	1	0	0	0	0	0	0	0	0	0	0	0	0	0	0	0	0	0	0	0	0	0	0	0	0	0	0	0	0	0	0	0	0	0	0	0	0	0	0	0	0	0	0	3	4	5	6	0	0	0	0	7	2				
783	1	2	0	0	0	0	0	0	0	3	4	1	0	0	0	0	0	0	0	0	0	0	0	0	0	0	0	0	0	0	0	0	0	0	0	0	0	0	0	0	0	0	0	0	0	5	6	7	8	0	0	0	0	9	2				
784	1	2	0	0	0	0	0	0	0	3	4	1	0	0	0	0	0	0	0	0	0	0	0	0	0	0	0	0	0	0	0	0	0	0	0	0	0	0	0	0	0	0	0	0	0	5	6	7	8	0	0	0	0	9	2				
785	1	2	0	0	0	0	0	0	0	3	4	0	5	0	6	1	0	0	0	0	0	0	0	0	0	0	0	0	0	0	0	0	0	0	0	0	0	0	0	0	0	0	0	0	0	7	8	9	10	0	0	0	0	11	2				
786	1	2	0	0	0	0	0	0	0	3	4	1	0	0	0	0	0	0	0	0	0	0	0	0	0	0	0	0	0	0	0	0	0	0	0	0	0	0	0	0	0	0	0	0	0	5	6	7	8	0	0	0	0	9	2				
787	1	2	0	0	0	0	0	0	0	3	4	0	0	0	0	0	0	0	5	6	1	0	0	0	0	0	0	0	0	0	0	0	0	0	0	0	0	0	0	0	0	0	0	0	0	7	8	9	10	0	0	0	0	11	2				
788	1	2	1	0	0	0	0	0	0	0	0	0	0	0	0	0	0	0	0	0	0	0	0	0	0	0	0	0	0	0	0	0	0	0	0	0	0	0	0	0	0	0	0	0	0	3	4	5	6	0	0	0	0	7	2				
789	1	2	0	0	0	0	0	0	0	3	4	1	0	0	0	0	0	0	0	0	0	0	0	0	0	0	0	0	0	0	0	0	0	0	0	0	0	0	0	0	0	0	0	0	0	5	6	7	8	0	0	0	0	9	2				
790	1	2	1	0	0	0	0	0	0	0	0	0	0	0	0	0	0	0	0	0	0	0	0	0	0	0	0	0	0	0	0	0	0	0	0	0	0	0	0	0	0	0	0	0	0	3	4	5	6	0	0	0	0	7	2				
791	1	2	1	0	0	0	0	0	0	0	0	0	0	0	0	0	0	0	0	0	0	0	0	0	0	0	0	0	0	0	0	0	0	0	0	0	0	0	0	0	0	0	0	0	0	3	4	5	6	0	0	0	0	7	2				
792	1	2	0	3	1	4	0	0	0	0	0	0	0	0	0	0	0	0	0	0	0	0	0	0	0	0	0	0	0	0	0	0	0	0	0	0	0	0	0	0	0	0	0	0	0	5	6	7	8	0	0	0	0	9	2	1;SAILIAN_0\n\n\n\n		1;SAILIAN_0\n\n	SAILIAN_0
793	1	2	0	0	0	0	0	0	0	3	4	1	0	0	0	0	0	0	0	0	0	0	0	0	0	0	0	0	0	0	0	0	0	0	0	0	0	0	0	0	0	0	0	0	0	5	6	7	8	0	0	0	0	9	2	1;SAILIAN_0\n2;SAILIAN_0\n\n\n	1;SAILIAN_0	1;SAILIAN_0\n\n	SAILIAN_3
794	1	2	1	0	0	0	0	0	0	0	0	0	0	0	0	0	0	0	0	0	0	0	0	0	0	0	0	0	0	0	0	0	0	0	0	0	0	0	0	0	0	0	0	0	0	3	4	5	6	0	0	0	0	7	2	1;SAILIAN_0\n\n\n\n	1;SAILIAN_0	1;SAILIAN_2\n\n	SAILIAN_1
795	1	2	1	0	0	0	0	0	0	0	0	0	0	0	0	0	0	0	0	0	0	0	0	0	0	0	0	0	0	0	0	0	0	0	0	0	0	0	0	0	0	0	0	0	0	3	4	5	6	0	0	0	0	7	2	1;SAILIAN_0\n\n\n\n	1;SAILIAN_2	1;SAILIAN_2\n\n	SAILIAN_0
796	1	2	1	0	0	0	0	0	0	0	0	0	0	0	0	0	0	0	0	0	0	0	0	0	0	0	0	0	0	0	0	0	0	0	0	0	0	0	0	0	0	0	0	0	0	3	4	5	6	0	0	0	0	7	2	1;ANGELINA_0\n\n\n\n	1;ANGELINA_0	1;ANGELINA_0\n\n	ANGELINA_2
797	1	2	1	0	0	0	0	0	0	0	0	0	0	0	0	0	0	0	0	0	0	0	0	0	0	0	0	0	0	0	0	0	0	0	0	0	0	0	0	0	0	0	0	0	0	3	4	5	6	0	0	0	0	7	2	1;ANGELINA_0\n\n\n\n	1;ANGELINA_0	1;ANGELINA_3\n\n	ANGELINA_1
798	1	2	0	0	0	0	0	0	0	3	4	1	0	0	0	0	0	0	0	0	0	0	0	0	0	0	0	0	0	0	0	0	0	0	0	0	0	0	0	0	0	0	0	0	0	5	6	7	8	0	0	0	0	9	2	1;ANGELINA_0\n2;ANGELINA_2\n\n\n	1;ANGELINA_1	1;ANGELINA_0\n\n	ANGELINA_0
799	1	2	0	0	0	0	0	0	0	3	4	1	0	0	0	0	0	0	0	0	0	0	0	0	0	0	0	0	0	0	0	0	0	0	0	0	0	0	0	0	0	0	0	0	0	5	6	7	8	0	0	0	0	9	2	1;ANGELINA_0\n2;ANGELINA_3\n\n\n	1;ANGELINA_1	1;ANGELINA_0\n\n	ANGELINA_0
800	1	2	1	0	0	0	0	0	0	0	0	0	0	0	0	0	0	0	0	0	0	0	0	0	0	0	0	0	0	0	0	0	0	0	0	0	0	0	0	0	0	0	0	0	0	3	4	5	6	0	0	0	0	7	2				
801	1	2	1	0	0	0	0	0	0	0	0	0	0	0	0	0	0	0	0	0	0	0	0	0	0	0	0	0	0	0	0	0	0	0	0	0	0	0	0	0	0	0	0	0	0	3	4	5	6	0	0	0	0	7	2				
802	1	2	0	0	0	0	0	0	0	3	4	1	0	0	0	0	0	0	0	0	0	0	0	0	0	0	0	0	0	0	0	0	0	0	0	0	0	0	0	0	0	0	0	0	0	5	6	7	8	0	0	0	0	9	2				
803	1	2	0	0	0	0	0	0	0	3	4	1	0	0	0	0	0	0	0	0	0	0	0	0	0	0	0	0	0	0	0	0	0	0	0	0	0	0	0	0	0	0	0	0	0	5	6	7	8	0	0	0	0	9	2				
804	1	2	0	0	0	0	0	0	0	3	4	1	0	0	0	0	0	0	0	0	0	0	0	0	0	0	0	0	0	0	0	0	0	0	0	0	0	0	0	0	0	0	0	0	0	5	6	7	8	0	0	0	0	9	2				
805	1	2	1	0	0	0	0	0	0	0	0	0	0	0	0	0	0	0	0	0	0	0	0	0	0	0	0	0	0	0	0	0	0	0	0	0	0	0	0	0	0	0	0	0	0	3	4	5	6	0	0	0	0	7	2				
806	1	2	1	0	0	0	0	0	0	0	0	0	0	0	0	0	0	0	0	0	0	0	0	0	0	0	0	0	0	0	0	0	0	0	0	0	0	0	0	0	0	0	0	0	0	3	4	5	6	0	0	0	0	7	2				
807	1	2	1	0	0	0	0	0	0	0	0	0	0	0	0	0	0	0	0	0	0	0	0	0	0	0	0	0	0	0	0	0	0	0	0	0	0	0	0	0	0	0	0	0	0	3	4	5	6	0	0	0	0	7	2				
808	1	2	0	0	0	0	0	0	0	3	4	0	5	1	6	0	0	0	7	8	0	0	0	0	0	0	0	0	0	0	0	0	0	0	0	0	0	0	0	0	0	0	0	0	0	9	10	11	12	0	0	0	0	13	2				
809	1	2	1	0	0	0	0	0	0	0	0	0	0	0	0	0	0	0	0	0	0	0	0	0	0	0	0	0	0	0	0	0	0	0	0	0	0	0	0	0	0	0	0	0	0	3	4	5	6	0	0	0	0	7	2				
810	1	2	1	0	0	0	0	0	0	0	0	0	0	0	0	0	0	0	0	0	0	0	0	0	0	0	0	0	0	0	0	0	0	0	0	0	0	0	0	0	0	0	0	0	0	3	4	5	6	0	0	0	0	7	2	1;PLATO_0\n\n\n\n	1;PLATO_0	1;PLATO_0\n\n	PLATO_1
811	1	2	1	0	0	0	0	0	0	0	0	0	0	0	0	0	0	0	0	0	0	0	0	0	0	0	0	0	0	0	0	0	0	0	0	0	0	0	0	0	0	0	0	0	0	3	4	5	6	0	0	0	0	7	2		1;PLATO_0	1;PLATO_0\n\n	PLATO_0
812	1	2	1	0	0	0	0	0	0	0	0	0	0	0	0	0	0	0	0	0	0	0	0	0	0	0	0	0	0	0	0	0	0	0	0	0	0	0	0	0	0	0	0	0	0	3	4	5	6	0	0	0	0	7	2	1;PLATO_0\n\n\n\n	1;PLATO_0	1;PLATO_0\n\n	PLATO_0
813	1	2	0	0	0	0	0	0	0	3	4	1	0	0	0	0	0	0	0	0	0	0	0	0	0	0	0	0	0	0	0	0	0	0	0	0	0	0	0	0	0	0	0	0	0	5	6	7	8	0	0	0	0	9	2			1;PLATO_3\n\n	PLATO_1
814	1	2	1	0	0	0	0	0	0	0	0	0	0	0	0	0	0	0	0	0	0	0	0	0	0	0	0	0	0	0	0	0	0	0	0	0	0	0	0	0	0	0	0	0	0	3	4	5	6	0	0	0	0	7	2				
815	1	2	0	0	0	0	0	0	0	3	4	1	0	0	0	0	0	0	0	0	0	0	0	0	0	0	0	0	0	0	0	0	0	0	0	0	0	0	0	0	0	0	0	0	0	5	6	7	8	0	0	0	0	9	2				
816	1	2	0	0	0	0	0	0	0	3	4	0	5	0	6	1	0	0	7	8	0	0	0	0	0	0	0	0	0	0	0	0	0	0	0	0	0	0	0	0	0	0	0	0	0	9	10	11	12	0	0	0	0	13	2				
817	1	2	1	0	0	0	0	0	0	0	0	0	0	0	0	0	0	0	0	0	0	0	0	0	0	0	0	0	0	0	0	0	0	0	0	0	0	0	0	0	0	0	0	0	0	3	4	5	6	0	0	0	0	7	2				
818	1	2	0	0	0	0	0	0	0	3	4	1	0	0	0	0	0	0	0	0	0	0	0	0	0	0	0	0	0	0	0	0	0	0	0	0	0	0	0	0	0	0	0	0	0	5	6	7	8	0	0	0	0	9	2				
819	1	2	0	0	0	0	0	0	0	3	4	1	0	0	0	0	0	0	0	0	0	0	0	0	0	0	0	0	0	0	0	0	0	0	0	0	0	0	0	0	0	0	0	0	0	5	6	7	8	0	0	0	0	9	2				
820	1	2	0	0	0	0	0	0	0	3	4	1	0	0	0	0	0	0	0	0	0	0	0	0	0	0	0	0	0	0	0	0	0	0	0	0	0	0	0	0	0	0	0	0	0	5	6	7	8	0	0	0	0	9	2	1;DRAKE_2\n2;DRAKE_0\n\n\n	1;DRAKE_0	1;DRAKE_0\n\n	DRAKE_0
821	1	2	0	0	0	0	0	0	0	3	4	1	0	0	0	0	0	0	0	0	0	0	0	0	0	0	0	0	0	0	0	0	0	0	0	0	0	0	0	0	0	0	0	0	0	5	6	7	8	0	0	0	0	9	2	1;DRAKE_0\n2;DRAKE_0\n\n\n			
822	1	2	0	0	0	0	0	0	0	3	4	0	0	0	0	0	0	0	5	6	1	0	0	0	0	0	0	0	0	0	0	0	0	0	0	0	0	0	0	0	0	0	0	0	0	0	0	0	0	0	0	0	0	0	0				
823	1	2	1	0	0	0	0	0	0	0	0	0	0	0	0	0	0	0	0	0	0	0	0	0	0	0	0	0	0	0	0	0	0	0	0	0	0	0	0	0	0	0	0	0	0	3	4	5	6	0	0	0	0	7	2				
824	1	2	0	0	0	0	0	0	0	3	4	0	5	0	6	1	0	0	7	8	0	0	0	0	0	0	0	0	0	0	0	0	0	0	0	0	0	0	0	0	0	0	0	0	0	9	10	11	12	0	0	0	0	13	2				
825	1	2	1	0	0	0	0	0	0	0	0	0	0	0	0	0	0	0	0	0	0	0	0	0	0	0	0	0	0	0	0	0	0	0	0	0	0	0	0	0	0	0	0	0	0	3	4	5	6	0	0	0	0	7	2				
826	1	2	1	0	0	0	0	0	0	0	0	0	0	0	0	0	0	0	0	0	0	0	0	0	0	0	0	0	0	0	0	0	0	0	0	0	0	0	0	0	0	0	0	0	0	3	4	5	6	0	0	0	0	7	2				
827	1	2	0	0	0	0	0	0	0	3	4	1	0	0	0	0	0	0	0	0	0	0	0	0	0	0	0	0	0	0	0	0	0	0	0	0	0	0	0	0	0	0	0	0	0	5	6	7	8	0	0	0	0	9	2				
828	1	2	1	0	0	0	0	0	0	0	0	0	0	0	0	0	0	0	0	0	0	0	0	0	0	0	0	0	0	0	0	0	0	0	0	0	0	0	0	0	0	0	0	0	0	3	4	5	6	0	0	0	0	7	2				
829	1	2	0	0	0	0	0	0	0	3	4	1	5	0	6	0	0	0	7	8	0	0	0	0	0	0	0	0	0	0	0	0	0	0	0	0	0	0	0	0	0	0	0	0	0	9	10	11	12	0	0	0	0	13	2				
830	1	2	1	0	0	0	0	0	0	0	0	0	0	0	0	0	0	0	0	0	0	0	0	0	0	0	0	0	0	0	0	0	0	0	0	0	0	0	0	0	0	0	0	0	0	3	4	5	6	0	0	0	0	7	2				
831	1	2	1	0	0	0	0	0	0	0	0	0	0	0	0	0	0	0	0	0	0	0	0	0	0	0	0	0	0	0	0	0	0	0	0	0	0	0	0	0	0	0	0	0	0	3	4	5	6	0	0	0	0	7	2				
832	1	2	1	0	0	0	0	0	0	0	0	0	0	0	0	0	0	0	0	0	0	0	0	0	0	0	0	0	0	0	0	0	0	0	0	0	0	0	0	0	0	0	0	0	0	3	4	5	6	0	0	0	0	7	2				
833	1	2	1	0	0	0	0	0	0	0	0	0	0	0	0	0	0	0	0	0	0	0	0	0	0	0	0	0	0	0	0	0	0	0	0	0	0	0	0	0	0	0	0	0	0	3	4	5	6	0	0	0	0	7	2				
834	1	2	1	0	0	0	0	0	0	0	0	0	0	0	0	0	0	0	0	0	0	0	0	0	0	0	0	0	0	0	0	0	0	0	0	0	0	0	0	0	0	0	0	0	0	3	4	5	6	0	0	0	0	7	2				
835	1	2	0	0	0	0	0	0	0	3	4	1	0	0	0	0	0	0	0	0	0	0	0	0	0	0	0	0	0	0	0	0	0	0	0	0	0	0	0	0	0	0	0	0	0	5	6	7	8	0	0	0	0	9	2				
836	1	2	0	0	0	0	0	0	0	3	4	1	0	0	0	0	0	0	0	0	0	0	0	0	0	0	0	0	0	0	0	0	0	0	0	0	0	0	0	0	0	0	0	0	0	5	6	7	8	0	0	0	0	9	2		1;PLATO_1	1;PLATO_3\n\n	PLATO_0
837	1	2	0	0	0	0	0	0	0	3	4	1	0	0	0	0	0	0	0	0	0	0	0	0	0	0	0	0	0	0	0	0	0	0	0	0	0	0	0	0	0	0	0	0	0	5	6	7	8	9	10	0	0	11	2			1;ODYSSEY_1\n2;ODYSSEY_0\n	ODYSSEY_3
838	1	2	0	0	0	0	0	0	0	3	4	1	0	0	0	0	0	0	0	0	0	0	0	0	0	0	0	0	0	0	0	0	0	0	0	0	0	0	0	0	0	0	0	0	0	5	6	7	8	0	0	0	0	9	2			1;DRAKE_1\n\n	DRAKE_3
839	1	2	0	0	0	0	0	0	0	3	4	1	0	0	0	0	0	0	0	0	0	0	0	0	0	0	0	0	0	0	0	0	0	0	0	0	0	0	0	0	0	0	0	0	0	5	6	7	8	0	0	0	0	9	2	1;PLATO_1\n2;PLATO_0\n\n\n	1;PLATO_1	1;PLATO_0\n\n	PLATO_0
840	1	2	1	0	0	0	0	0	0	0	0	0	0	0	0	0	0	0	0	0	0	0	0	0	0	0	0	0	0	0	0	0	0	0	0	0	0	0	0	0	0	0	0	0	0	3	4	5	6	0	0	0	0	7	2	1;PLATO_1\n\n\n\n	1;ODYSSEY_0	1;ODYSSEY_2\n\n	ODYSSEY_1
841	1	2	0	0	0	0	0	0	0	3	4	1	0	0	0	0	0	0	0	0	0	0	0	0	0	0	0	0	0	0	0	0	0	0	0	0	0	0	0	0	0	0	0	0	0	5	6	7	8	0	0	0	0	9	2	1;ODYSSEY_0\n2;ODYSSEY_1\n\n\n	1;ODYSSEY_0	1;ODYSSEY_3\n\n	ODYSSEY_0
842	1	2	0	0	0	0	0	0	0	3	4	1	0	0	0	0	0	0	0	0	0	0	0	0	0	0	0	0	0	0	0	0	0	0	0	0	0	0	0	0	0	0	0	0	0	5	6	7	8	0	0	0	0	9	2	1;ODYSSEY_0\n2;ODYSSEY_0\n\n\n	1;ODYSSEY_0	1;ODYSSEY_0\n\n	ODYSSEY_1
843	1	2	0	0	0	0	0	0	0	3	4	0	5	0	6	0	0	0	7	8	0	9	0	10	0	0	0	11	12	0	13	1	14	0	0	0	15	16	0	0	0	0	0	0	0	17	18	19	20	0	0	0	0	21	2				
844	1	2	1	0	0	0	0	0	0	0	0	0	0	0	0	0	0	0	0	0	0	0	0	0	0	0	0	0	0	0	0	0	0	0	0	0	0	0	0	0	0	0	0	0	0	3	4	5	6	0	0	0	0	7	2				
845	1	2	1	0	0	0	0	0	0	0	0	0	0	0	0	0	0	0	0	0	0	0	0	0	0	0	0	0	0	0	0	0	0	0	0	0	0	0	0	0	0	0	0	0	0	3	4	5	6	0	0	0	0	7	2				
846	1	2	1	0	0	0	0	0	0	0	0	0	0	0	0	0	0	0	0	0	0	0	0	0	0	0	0	0	0	0	0	0	0	0	0	0	0	0	0	0	0	0	0	0	0	3	4	5	6	0	0	0	0	7	2				
847	1	2	0	0	0	0	0	0	0	3	4	0	5	0	6	1	0	0	0	0	0	0	0	0	0	0	0	0	0	0	0	0	0	0	0	0	0	0	0	0	0	0	0	0	0	7	8	9	10	0	0	0	0	11	2				
848	1	2	1	0	0	0	0	0	0	0	0	0	0	0	0	0	0	0	0	0	0	0	0	0	0	0	0	0	0	0	0	0	0	0	0	0	0	0	0	0	0	0	0	0	0	3	4	5	6	0	0	0	0	7	2				
849	1	2	0	0	0	0	0	0	0	3	4	1	0	0	0	0	0	0	0	0	0	0	0	0	0	0	0	0	0	0	0	0	0	0	0	0	0	0	0	0	0	0	0	0	0	5	6	7	8	0	0	0	0	9	2				
850	1	2	0	0	0	0	0	0	0	3	4	1	0	0	0	0	0	0	0	0	0	0	0	0	0	0	0	0	0	0	0	0	0	0	0	0	0	0	0	0	0	0	0	0	0	5	6	7	8	0	0	0	0	9	2				
851	1	2	1	0	0	0	0	0	0	0	0	0	0	0	0	0	0	0	0	0	0	0	0	0	0	0	0	0	0	0	0	0	0	0	0	0	0	0	0	0	0	0	0	0	0	0	0	0	0	0	0	0	0	0	0				
852	1	2	1	0	0	0	0	0	0	0	0	0	0	0	0	0	0	0	0	0	0	0	0	0	0	0	0	0	0	0	0	0	0	0	0	0	0	0	0	0	0	0	0	0	0	3	4	5	6	0	0	0	0	7	2	1;MAGALLANES_0\n\n\n\n			
853	1	2	0	0	0	0	0	0	0	3	4	1	0	0	0	0	0	0	0	0	0	0	0	0	0	0	0	0	0	0	0	0	0	0	0	0	0	0	0	0	0	0	0	0	0	5	6	7	8	0	0	0	0	9	2	1;PLATO_0\n2;PLATO_0\n\n\n	1;PLATO_0	1;PLATO_3\n\n	PLATO_0
854	1	2	1	0	0	0	0	0	0	0	0	0	0	0	0	0	0	0	0	0	0	0	0	0	0	0	0	0	0	0	0	0	0	0	0	0	0	0	0	0	0	0	0	0	0	3	4	5	6	0	0	0	0	7	2				
855	1	2	0	0	0	0	0	0	0	3	4	1	0	0	0	0	0	0	0	0	0	0	0	0	0	0	0	0	0	0	0	0	0	0	0	0	0	0	0	0	0	0	0	0	0	5	6	7	8	0	0	0	0	9	2	1;MEDEA_3\n2;MEDEA_0\n\n\n	1;MEDEA_0	1;MEDEA_3\n\n	MEDEA_0
856	1	2	0	0	0	0	0	0	0	3	4	1	0	0	0	0	0	0	0	0	0	0	0	0	0	0	0	0	0	0	0	0	0	0	0	0	0	0	0	0	0	0	0	0	0	5	6	7	8	0	0	0	0	9	2	1;PLATO_0\n2;PLATO_0\n\n\n	1;PLATO_0	1;PLATO_3\n\n	PLATO_0
857	1	2	1	0	0	0	0	0	0	0	0	0	0	0	0	0	0	0	0	0	0	0	0	0	0	0	0	0	0	0	0	0	0	0	0	0	0	0	0	0	0	0	0	0	0	3	4	5	6	0	0	0	0	7	2	1;ODYSSEY_0\n\n\n\n	1;ODYSSEY_0	1;ODYSSEY_3\n\n	ODYSSEY_0
858	1	2	1	0	0	0	0	0	0	0	0	0	0	0	0	0	0	0	0	0	0	0	0	0	0	0	0	0	0	0	0	0	0	0	0	0	0	0	0	0	0	0	0	0	0	3	4	5	6	0	0	0	0	7	2	1;SHADOW_3\n\n\n\n	1;SHADOW_0	1;SHADOW_1\n\n	SHADOW_0
859	1	2	1	0	0	0	0	0	0	0	0	0	0	0	0	0	0	0	0	0	0	0	0	0	0	0	0	0	0	0	0	0	0	0	0	0	0	0	0	0	0	0	0	0	0	3	4	5	6	7	8	0	0	9	2				
860	1	2	1	0	0	0	0	0	0	0	0	0	0	0	0	0	0	0	0	0	0	0	0	0	0	0	0	0	0	0	0	0	0	0	0	0	0	0	0	0	0	0	0	0	0	3	4	5	6	0	0	0	0	7	2	1;SHADOW_0\n\n\n\n		1;KAREN_3\n\n	KAREN_0
861	1	2	1	0	0	0	0	0	0	0	0	0	0	0	0	0	0	0	0	0	0	0	0	0	0	0	0	0	0	0	0	0	0	0	0	0	0	0	0	0	0	0	0	0	0	3	4	5	6	0	0	0	0	7	2	1;KAREN_1\n\n\n\n			
862	1	2	1	0	0	0	0	0	0	0	0	0	0	0	0	0	0	0	0	0	0	0	0	0	0	0	0	0	0	0	0	0	0	0	0	0	0	0	0	0	0	0	0	0	0	3	4	5	6	0	0	0	0	7	2			1;KAREN_1\n\n	KAREN_1
863	1	2	1	0	0	0	0	0	0	0	0	0	0	0	0	0	0	0	0	0	0	0	0	0	0	0	0	0	0	0	0	0	0	0	0	0	0	0	0	0	0	0	0	0	0	3	4	5	6	0	0	0	0	7	2				
864	1	2	1	0	0	0	0	0	0	0	0	0	0	0	0	0	0	0	0	0	0	0	0	0	0	0	0	0	0	0	0	0	0	0	0	0	0	0	0	0	0	0	0	0	0	3	4	5	6	0	0	0	0	7	2	1;BLACKBEARD_0\n\n\n\n			
865	1	2	1	0	0	0	0	0	0	0	0	0	0	0	0	0	0	0	0	0	0	0	0	0	0	0	0	0	0	0	0	0	0	0	0	0	0	0	0	0	0	0	0	0	0	3	4	5	6	0	0	0	0	7	2				
866	1	2	0	0	0	0	0	0	0	3	4	1	5	0	0	0	0	0	0	0	0	0	0	0	0	0	0	0	0	0	0	0	0	0	0	0	0	0	0	0	0	0	0	0	0	6	7	8	9	10	11	0	0	12	2				
867	1	2	1	0	0	0	0	0	0	0	0	0	0	0	0	0	0	0	0	0	0	0	0	0	0	0	0	0	0	0	0	0	0	0	0	0	0	0	0	0	0	0	0	0	0	3	4	5	6	0	0	0	0	7	2				
868	1	2	0	0	0	0	0	0	0	3	4	1	5	0	0	0	0	0	0	0	0	0	0	0	0	0	0	0	0	0	0	0	0	0	0	0	0	0	0	0	0	0	0	0	0	6	7	8	9	0	0	0	0	10	2				
869	1	2	1	3	0	0	0	0	0	0	0	0	0	0	0	0	0	0	0	0	0	0	0	0	0	0	0	0	0	0	0	0	0	0	0	0	0	0	0	0	0	0	0	0	0	0	0	0	0	0	0	0	0	0	0				
870	1	2	1	0	0	0	0	0	0	0	0	0	0	0	0	0	0	0	0	0	0	0	0	0	0	0	0	0	0	0	0	0	0	0	0	0	0	0	0	0	0	0	0	0	0	3	4	5	6	0	0	0	0	7	2	1;SHADOW_1\n\n\n\n		1;SHADOW_2\n\n	SHADOW_3
871	1	2	1	0	0	0	0	0	0	0	0	0	0	0	0	0	0	0	0	0	0	0	0	0	0	0	0	0	0	0	0	0	0	0	0	0	0	0	0	0	0	0	0	0	0	3	4	5	6	0	0	0	0	7	2				
872	1	2	0	0	0	0	0	0	0	3	4	1	0	0	0	0	0	0	0	0	0	0	0	0	0	0	0	0	0	0	0	0	0	0	0	0	0	0	0	0	0	0	0	0	0	5	6	7	8	0	0	0	0	9	2			1;COLUMBUS_2\n\n	COLUMBUS_3
873	1	2	1	0	0	0	0	0	0	0	0	0	0	0	0	0	0	0	0	0	0	0	0	0	0	0	0	0	0	0	0	0	0	0	0	0	0	0	0	0	0	0	0	0	0	3	4	5	6	0	0	0	0	7	2	1;PLATO_0\n\n\n\n	1;PLATO_0	1;PLATO_3\n\n	PLATO_0
874	1	2	1	0	0	0	0	0	0	0	0	0	0	0	0	0	0	0	0	0	0	0	0	0	0	0	0	0	0	0	0	0	0	0	0	0	0	0	0	0	0	0	0	0	0	3	4	5	6	0	0	0	0	7	2	1;DRAKE_0\n\n\n\n	1;DRAKE_0	1;DRAKE_0\n\n	DRAKE_2
875	1	2	1	0	0	0	0	0	0	0	0	0	0	0	0	0	0	0	0	0	0	0	0	0	0	0	0	0	0	0	0	0	0	0	0	0	0	0	0	0	0	0	0	0	0	0	0	0	0	0	0	0	0	0	2				
876	1	2	1	3	0	0	0	0	0	0	0	0	0	0	0	0	0	0	0	0	0	0	0	0	0	0	0	0	0	0	0	0	0	0	0	0	0	0	0	0	0	0	0	0	0	4	5	6	7	0	0	0	0	8	2				
877	1	2	1	3	0	0	0	0	0	0	0	0	0	0	0	0	0	0	0	0	0	0	0	0	0	0	0	0	0	0	0	0	0	0	0	0	0	0	0	0	0	0	0	0	0	4	5	6	7	0	0	0	0	8	2				
878	1	2	1	3	0	0	0	0	0	0	0	0	0	0	0	0	0	0	0	0	0	0	0	0	0	0	0	0	0	0	0	0	0	0	0	0	0	0	0	0	0	0	0	0	0	4	5	6	7	0	0	0	0	8	2				
879	1	2	1	3	0	0	0	0	0	0	0	0	0	0	0	0	0	0	0	0	0	0	0	0	0	0	0	0	0	0	0	0	0	0	0	0	0	0	0	0	0	0	0	0	0	0	0	0	0	0	0	0	0	0	0	1;ANGELINA_0\n\n\n\n			
880	1	2	1	3	0	0	0	0	0	0	0	0	0	0	0	0	0	0	0	0	0	0	0	0	0	0	0	0	0	0	0	0	0	0	0	0	0	0	0	0	0	0	0	0	0	0	0	0	0	0	0	0	0	0	0				
881	1	2	1	3	0	0	0	0	0	0	0	0	0	0	0	0	0	0	0	0	0	0	0	0	0	0	0	0	0	0	0	0	0	0	0	0	0	0	0	0	0	0	0	0	0	4	5	6	7	0	0	0	0	8	2				
882	1	2	1	3	0	0	0	0	0	0	0	0	0	0	0	0	0	0	0	0	0	0	0	0	0	0	0	0	0	0	0	0	0	0	0	0	0	0	0	0	0	0	0	0	0	4	5	6	7	0	0	0	0	8	2				
883	1	2	1	0	0	0	0	0	0	0	0	0	0	0	0	0	0	0	0	0	0	0	0	0	0	0	0	0	0	0	0	0	0	0	0	0	0	0	0	0	0	0	0	0	0	0	0	0	0	0	0	0	0	0	0				
884	1	2	0	3	0	4	0	0	0	5	6	1	0	0	0	0	0	0	0	0	0	0	0	0	0	0	0	0	0	0	0	0	0	0	0	0	0	0	0	0	0	0	0	0	0	0	0	0	0	0	0	0	0	0	0				
885	1	2	0	0	0	0	0	0	0	3	4	1	0	0	0	0	0	0	0	0	0	0	0	0	0	0	0	0	0	0	0	0	0	0	0	0	0	0	0	0	0	0	0	0	0	5	6	7	8	0	0	0	0	9	0		1;YAMA_0	1;YAMA_3\n\n	YAMA_0
886	1	2	0	3	0	0	0	0	0	4	5	0	0	0	0	0	0	0	6	7	1	0	0	0	0	0	0	0	0	0	0	0	0	0	0	0	0	0	0	0	0	0	0	0	0	8	9	10	11	0	0	0	0	12	0		1;YAMA_0	1;YAMA_1\n\n	YAMA_2
887	1	2	0	0	0	0	0	0	0	3	4	1	5	1	0	0	0	0	0	0	0	0	0	0	0	0	0	0	0	0	0	0	0	0	0	0	0	0	0	0	0	0	0	0	0	6	7	8	9	0	0	0	0	10	0				
888	1	2	1	0	0	0	0	0	0	0	0	0	0	0	0	0	0	0	0	0	0	0	0	0	0	0	0	0	0	0	0	0	0	0	0	0	0	0	0	0	0	0	0	0	0	0	0	0	0	0	0	0	0	0	0				
889	1	2	0	0	0	0	0	0	0	3	4	0	0	0	0	0	0	0	5	6	0	0	0	0	0	0	0	7	8	1	0	0	0	0	0	0	0	0	0	0	0	0	0	0	0	9	10	11	12	0	0	0	0	13	0	1;YAMA_1\n2;YAMA_0\n3;YAMA_0\n4;YAMA_3\n	1;YAMA_1	1;YAMA_3\n\n	YAMA_0
890	1	2	1	3	0	0	0	0	0	0	0	0	0	0	0	0	0	0	0	0	0	0	0	0	0	0	0	0	0	0	0	0	0	0	0	0	0	0	0	0	0	0	0	0	0	0	0	0	0	0	0	0	0	0	0	1;YAMA_0\n\n\n\n			
891	1	2	0	3	0	0	0	0	0	4	5	1	0	0	0	0	0	0	0	0	0	0	0	0	0	0	0	0	0	0	0	0	0	0	0	0	0	0	0	0	0	0	0	0	0	6	7	8	9	0	0	0	0	10	0				
892	1	2	1	0	0	0	0	0	0	0	0	0	0	0	0	0	0	0	0	0	0	0	0	0	0	0	0	0	0	0	0	0	0	0	0	0	0	0	0	0	0	0	0	0	0	3	4	5	6	0	0	0	0	7	0				
893	1	2	1	3	0	0	0	0	0	0	0	0	0	0	0	0	0	0	0	0	0	0	0	0	0	0	0	0	0	0	0	0	0	0	0	0	0	0	0	0	0	0	0	0	0	0	0	0	0	0	0	0	0	0	0	1;BISMARCK_0\n2;BISMARCK_3\n3;BISMARCK_3\n\n			
894	1	2	0	3	0	4	0	0	0	5	6	0	0	0	0	0	0	0	7	8	0	0	0	0	0	0	0	9	10	1	0	0	0	0	0	0	0	0	0	0	0	0	0	0	0	11	12	13	14	15	16	17	18	19	2				
895	1	2	0	0	0	0	0	0	0	3	4	1	5	0	0	0	0	0	0	0	0	0	0	0	0	0	0	0	0	0	0	0	0	0	0	0	0	0	0	0	0	0	0	0	0	6	7	8	9	0	0	0	0	10	2	1;YAMA_0\n2;YAMA_0\n\n\n		1;YAMA_0\n\n	YAMA_1
896	1	2	0	3	0	4	0	0	0	5	6	0	7	0	0	0	0	0	8	9	1	10	1	11	1	0	0	0	0	0	0	0	0	0	0	0	0	0	0	0	0	0	0	0	0	12	13	14	15	0	0	0	0	16	2	1;SHADOW_MASK_0\n2;SHADOW_MASK_0\n3;SHADOW_MASK_0\n\n		1;SAILIAN_2\n\n	SAILIAN_1
897	1	2	0	3	0	4	0	0	0	5	6	0	7	0	0	0	0	0	8	9	1	10	1	11	1	0	0	0	0	0	0	0	0	0	0	0	0	0	0	0	0	0	0	0	0	12	13	14	15	0	0	0	0	16	2	1;SHADOW_MASK_0\n2;SHADOW_MASK_0\n3;SHADOW_MASK_0\n\n		1;SAILIAN_2\n\n	SAILIAN_1
898	1	2	0	0	0	0	0	0	0	0	0	0	0	0	0	0	0	0	0	0	0	0	0	0	0	0	0	0	0	0	0	0	0	0	0	0	0	0	0	0	0	0	0	0	0	0	0	0	0	0	0	0	0	0	0				
899	1	2	0	0	0	0	0	0	0	0	0	0	0	0	0	0	0	0	0	0	0	0	0	0	0	0	0	0	0	0	0	0	0	0	0	0	0	0	0	0	0	0	0	0	0	0	0	0	0	0	0	0	0	0	0				
900	1	2	0	0	0	0	0	0	0	3	4	1	0	0	0	0	0	0	0	0	0	0	0	0	0	0	0	0	0	0	0	0	0	0	0	0	0	0	0	0	0	0	0	0	0	5	6	7	8	0	0	0	0	9	2	1;SAILIAN_2\n2;SAILIAN_0\n\n\n		1;SAILIAN_0\n\n	SAILIAN_0
901	1	2	0	0	0	0	0	0	0	3	4	1	0	0	0	0	0	0	0	0	0	0	0	0	0	0	0	0	0	0	0	0	0	0	0	0	0	0	0	0	0	0	0	0	0	5	6	7	8	0	0	0	0	9	2				
902	1	2	0	0	0	0	0	0	0	3	4	0	0	0	0	0	0	0	5	6	0	0	0	0	0	0	0	7	8	1	0	0	0	0	0	0	0	0	0	0	0	0	0	0	0	9	10	11	12	0	0	0	0	13	2				
903	1	2	0	0	0	0	0	0	0	3	4	0	0	0	0	0	0	0	5	6	1	0	0	0	0	0	0	0	0	0	0	0	0	0	0	0	0	0	0	0	0	0	0	0	0	7	8	9	10	0	0	0	0	11	2				
904	1	2	0	0	0	0	0	0	0	3	4	0	0	0	0	0	0	0	5	6	0	0	0	0	0	0	0	7	8	1	0	0	0	0	0	0	0	0	0	0	0	0	0	0	0	9	10	11	12	0	0	0	0	13	2				
905	1	2	0	0	0	0	0	0	0	3	4	0	0	0	0	0	0	0	5	6	1	0	0	0	0	0	0	0	0	0	0	0	0	0	0	0	0	0	0	0	0	0	0	0	0	7	8	9	10	0	0	0	0	11	2				
906	1	2	0	0	0	0	0	0	0	3	4	0	0	0	0	0	0	0	5	6	0	0	0	0	0	0	0	7	8	1	0	0	0	0	0	0	0	0	0	0	0	0	0	0	0	9	10	11	12	0	0	0	0	13	2				
907	1	2	0	0	0	0	0	0	0	3	4	1	0	0	0	0	0	0	0	0	0	0	0	0	0	0	0	0	0	0	0	0	0	0	0	0	0	0	0	0	0	0	0	0	0	5	6	7	8	0	0	0	0	9	2				
908	1	2	0	0	0	0	0	0	0	3	4	1	0	0	0	0	0	0	0	0	0	0	0	0	0	0	0	0	0	0	0	0	0	0	0	0	0	0	0	0	0	0	0	0	0	5	6	7	8	0	0	0	0	9	2				
909	1	2	0	0	0	0	0	0	0	3	4	0	5	0	0	0	0	0	6	7	0	0	0	0	0	0	0	8	9	0	0	0	0	0	0	0	10	11	1	12	0	0	0	0	0	13	14	15	16	0	0	0	0	17	2				
910	1	2	0	0	0	0	0	0	0	3	4	0	0	0	0	0	0	0	5	6	1	0	0	0	0	0	0	0	0	1	0	0	0	0	0	0	0	0	0	0	0	0	0	0	0	7	8	9	10	0	0	0	0	11	2				
911	1	2	1	0	0	0	0	0	0	0	0	0	0	0	0	0	0	0	0	0	0	0	0	0	0	0	0	0	0	0	0	0	0	0	0	0	0	0	0	0	0	0	0	0	0	0	0	0	0	0	0	0	0	0	2				
912	1	2	0	0	0	0	0	0	0	3	4	1	0	0	0	0	0	0	0	0	0	0	0	0	0	0	0	0	0	0	0	0	0	0	0	0	0	0	0	0	0	0	0	0	0	5	6	7	8	0	0	0	0	9	2				
913	1	2	0	0	0	0	0	0	0	3	4	1	0	0	0	0	0	0	0	0	0	0	0	0	0	0	0	0	0	0	0	0	0	0	0	0	0	0	0	0	0	0	0	0	0	5	6	7	8	0	0	0	0	9	2				
914	1	2	0	0	0	0	0	0	0	3	4	0	0	0	0	0	0	0	5	6	0	0	0	0	0	0	0	7	8	1	0	0	0	0	0	0	0	0	0	0	0	0	0	0	0	9	10	11	12	13	14	0	0	15	2				
915	1	2	0	0	0	0	0	0	0	3	4	0	0	0	0	0	0	0	5	6	1	7	1	0	0	0	0	0	0	0	0	0	0	0	0	0	0	0	0	0	0	0	0	0	0	8	9	10	11	0	0	0	0	12	2				
916	1	2	0	0	0	0	0	0	0	3	4	1	0	0	0	0	0	0	0	0	0	0	0	0	0	0	0	0	0	0	0	0	0	0	0	0	0	0	0	0	0	0	0	0	0	5	6	7	8	0	0	0	0	9	2	1;NELSON_1\n2;NELSON_0\n\n\n			
917	1	2	0	3	0	0	0	0	0	4	5	0	0	0	0	0	0	0	6	7	0	0	0	0	0	0	0	8	9	0	0	0	0	0	0	0	10	11	1	0	0	0	0	0	0	12	13	14	15	0	0	0	0	16	2				
918	1	2	0	0	0	0	0	0	0	3	4	0	0	0	0	0	0	0	5	6	1	0	0	0	0	0	0	0	0	0	0	0	0	0	0	0	0	0	0	0	0	0	0	0	0	7	8	9	10	0	0	0	0	11	2				
919	1	2	1	0	0	0	0	0	0	0	0	0	0	0	0	0	0	0	0	0	0	0	0	0	0	0	0	0	0	0	0	0	0	0	0	0	0	0	0	0	0	0	0	0	0	3	4	5	6	0	0	0	0	7	2			1;COLUMBUS_0\n\n	COLUMBUS_0
920	1	2	1	3	0	0	0	0	0	0	0	0	0	0	0	0	0	0	0	0	0	0	0	0	0	0	0	0	0	0	0	0	0	0	0	0	0	0	0	0	0	0	0	0	0	4	5	6	7	0	0	0	0	8	2				
921	1	2	0	0	0	0	0	0	0	3	4	1	0	0	0	0	0	0	0	0	0	0	0	0	0	0	0	0	0	0	0	0	0	0	0	0	0	0	0	0	0	0	0	0	0	5	6	7	8	9	10	0	0	11	2	1;DORIS0_0\n2;DORIS0_0\n\n\n	1;DORIS0_0	1;DORIS0_0\n2;DORIS0_0\n	DORIS0_0
922	1	2	0	0	0	0	0	0	0	3	4	1	0	0	0	0	0	0	0	0	0	0	0	0	0	0	0	0	0	0	0	0	0	0	0	0	0	0	0	0	0	0	0	0	0	5	6	7	8	9	10	0	0	11	2	1;DORIS0_0\n2;DORIS0_0\n\n\n			
923	1	2	1	0	0	0	0	0	0	0	0	0	0	0	0	0	0	0	0	0	0	0	0	0	0	0	0	0	0	0	0	0	0	0	0	0	0	0	0	0	0	0	0	0	0	3	4	5	6	7	8	0	0	9	2				
924	1	2	1	0	0	0	0	0	0	0	0	0	0	0	0	0	0	0	0	0	0	0	0	0	0	0	0	0	0	0	0	0	0	0	0	0	0	0	0	0	0	0	0	0	0	3	4	5	6	0	0	0	0	7	2			1;NELSON_0\n\n	NELSON_0
925	1	2	0	0	0	0	0	0	0	3	4	0	0	0	0	0	0	0	5	6	0	0	0	0	0	0	0	7	8	1	0	0	0	0	0	0	0	0	0	0	0	0	0	0	0	9	10	11	12	0	0	0	0	13	2				
926	1	2	1	0	0	0	0	0	0	0	0	0	0	0	0	0	0	0	0	0	0	0	0	0	0	0	0	0	0	0	0	0	0	0	0	0	0	0	0	0	0	0	0	0	0	3	4	5	6	0	0	0	0	7	2				
927	1	2	1	0	0	0	0	0	0	0	0	0	0	0	0	0	0	0	0	0	0	0	0	0	0	0	0	0	0	0	0	0	0	0	0	0	0	0	0	0	0	0	0	0	0	3	4	5	6	0	0	0	0	7	2				
928	1	2	1	3	0	0	0	0	0	0	0	0	0	0	0	0	0	0	0	0	0	0	0	0	0	0	0	0	0	0	0	0	0	0	0	0	0	0	0	0	0	0	0	0	0	0	0	0	0	0	0	0	0	0	0	1;DORIS0_0\n\n\n\n			
929	1	2	0	3	0	0	0	0	0	4	5	0	0	0	0	0	0	0	6	7	1	8	0	0	0	0	0	0	0	0	0	0	0	0	0	0	0	0	0	0	0	0	0	0	0	9	10	11	12	0	0	0	0	13	2				
930	1	2	0	3	0	0	0	0	0	4	5	1	6	0	0	0	0	0	7	8	0	0	0	0	0	0	0	0	0	0	0	0	0	0	0	0	0	0	0	0	0	0	0	0	0	9	10	11	12	0	0	0	0	13	2				
931	1	2	0	3	0	0	0	0	0	4	5	1	0	0	0	0	0	0	0	0	0	0	0	0	0	0	0	0	0	0	0	0	0	0	0	0	0	0	0	0	0	0	0	0	0	6	7	8	9	0	0	0	0	10	2	1;LOLA_0\n2;LOLA_0\n\n\n		1;LOLA_3\n\n	LOLA_0
932	1	2	0	3	0	0	0	0	0	4	5	1	6	1	0	0	0	0	0	0	0	0	0	0	0	0	0	0	0	0	0	0	0	0	0	0	0	0	0	0	0	0	0	0	0	7	8	9	10	0	0	0	0	11	2				
933	1	2	0	0	0	0	0	0	0	3	4	0	5	0	0	0	0	0	6	7	1	0	0	0	0	0	0	0	0	0	0	0	0	0	0	0	0	0	0	0	0	0	0	0	0	8	9	10	11	12	13	14	15	16	2	1;YAMA_0\n2;YAMA_0\n3;YAMA_0\n\n			
934	1	2	0	3	0	0	0	0	0	4	5	0	6	0	0	0	0	0	7	8	1	9	0	0	0	0	0	0	0	0	0	0	0	0	0	0	0	0	0	0	0	0	0	0	0	10	11	12	13	0	0	0	0	14	2				
935	1	2	0	0	0	0	0	0	0	3	4	1	0	0	0	0	0	0	0	0	0	0	0	0	0	0	0	0	0	0	0	0	0	0	0	0	0	0	0	0	0	0	0	0	0	5	6	7	8	9	10	0	0	11	2				
936	1	2	0	0	0	0	0	0	0	3	4	0	0	0	0	0	0	0	5	6	1	7	0	0	0	0	0	0	0	0	0	0	0	0	0	0	0	0	0	0	0	0	0	0	0	8	9	10	11	12	13	0	0	14	2				
937	1	2	0	0	0	0	0	0	0	3	4	1	5	0	0	0	0	0	0	0	0	0	0	0	0	0	0	0	0	0	0	0	0	0	0	0	0	0	0	0	0	0	0	0	0	6	7	8	9	10	11	0	0	12	2			1;BABAROSA_0\n2;BABAROSA_0\n	BABAROSA_0
938	1	2	0	3	0	0	0	0	0	4	5	0	6	0	0	0	0	0	7	8	0	9	0	0	0	0	0	10	11	1	0	0	0	0	0	0	0	0	0	0	0	0	0	0	0	12	13	14	15	16	17	0	0	18	2	1;BABAROSA_0\n2;BABAROSA_0\n3;BABAROSA_0\n4;BABAROSA_0\n			
939	1	2	0	0	0	0	0	0	0	3	4	1	5	0	0	0	0	0	0	0	0	0	0	0	0	0	0	0	0	0	0	0	0	0	0	0	0	0	0	0	0	0	0	0	0	6	7	8	9	0	0	0	0	10	2				
940	1	2	0	0	0	0	0	0	0	3	4	0	5	0	0	0	0	0	6	7	1	0	0	0	0	0	0	0	0	0	0	0	0	0	0	0	0	0	0	0	0	0	0	0	0	8	9	10	11	0	0	0	0	12	2				
941	1	2	1	3	0	0	0	0	0	0	0	0	0	0	0	0	0	0	0	0	0	0	0	0	0	0	0	0	0	0	0	0	0	0	0	0	0	0	0	0	0	0	0	0	0	0	0	0	0	0	0	0	0	0	0				
942	1	2	0	0	0	0	0	0	0	3	4	0	5	0	0	0	0	0	0	0	0	0	0	0	0	0	0	0	0	0	0	0	0	0	0	0	0	0	0	0	0	0	0	0	0	0	0	0	0	0	0	0	0	0	0				
948	1	2	0	3	0	0	0	0	0	4	5	0	0	0	0	0	0	0	6	7	1	0	0	0	0	0	0	0	0	0	0	0	0	0	0	0	0	0	0	0	0	0	0	0	0	8	9	10	11	0	0	0	0	12	0				
949	1	2	0	0	0	0	0	0	0	3	4	0	5	0	0	0	0	0	6	7	0	0	0	0	0	0	0	8	9	1	10	0	0	0	0	0	0	0	0	0	0	0	0	0	0	11	12	13	14	0	0	0	0	15	0	1;BEERSALES_0\n2;BEERSALES_0\n3;BEERSALES_0\n4;BEERSALES_0\n	1;BEERSALES_0	1;BEERSALES_0\n\n	BEERSALES_0
950	1	2	0	0	0	0	0	0	0	3	4	1	0	0	0	0	0	0	0	0	0	0	0	0	0	0	0	0	0	0	0	0	0	0	0	0	0	0	0	0	0	0	0	0	0	5	6	7	8	0	0	0	0	9	2				
951	1	2	0	0	0	0	0	0	0	3	4	0	0	0	0	0	0	0	5	6	1	0	0	0	0	0	0	0	0	0	0	0	0	0	0	0	0	0	0	0	0	0	0	0	0	7	8	9	10	11	12	0	0	13	2				
952	1	2	0	0	0	0	0	0	0	3	4	1	0	0	0	0	0	0	0	0	0	0	0	0	0	0	0	0	0	0	0	0	0	0	0	0	0	0	0	0	0	0	0	0	0	5	6	7	8	0	0	0	0	9	2				
953	1	2	0	0	0	0	0	0	0	3	4	0	0	0	0	0	0	0	5	6	1	0	0	0	0	0	0	0	0	0	0	0	0	0	0	0	0	0	0	0	0	0	0	0	0	7	8	9	10	0	0	0	0	11	2				
954	1	2	0	0	0	0	0	0	0	3	4	1	0	0	0	0	0	0	0	0	0	0	0	0	0	0	0	0	0	0	0	0	0	0	0	0	0	0	0	0	0	0	0	0	0	5	6	7	8	0	0	0	0	9	2				
955	1	2	0	0	0	0	0	0	0	3	4	0	0	0	0	0	0	0	5	6	1	0	0	0	0	0	0	0	0	0	0	0	0	0	0	0	0	0	0	0	0	0	0	0	0	7	8	9	10	11	12	0	0	13	2				
956	1	2	0	0	0	0	0	0	0	3	4	1	0	0	0	0	0	0	0	0	0	0	0	0	0	0	0	0	0	0	0	0	0	0	0	0	0	0	0	0	0	0	0	0	0	5	6	7	8	0	0	0	0	9	2				
957	1	2	0	0	0	0	0	0	0	3	4	0	0	0	0	0	0	0	5	6	1	0	0	0	0	0	0	0	0	0	0	0	0	0	0	0	0	0	0	0	0	0	0	0	0	7	8	9	10	0	0	0	0	11	2				
958	1	2	0	0	0	0	0	0	0	3	4	0	0	0	0	0	0	0	5	6	0	0	0	0	0	0	0	7	8	1	0	0	0	0	0	0	0	0	0	0	0	0	0	0	0	9	10	11	12	0	0	0	0	13	2				
959	1	2	0	0	0	0	0	0	0	3	4	1	0	0	0	0	0	0	0	0	0	0	0	0	0	0	0	0	0	0	0	0	0	0	0	0	0	0	0	0	0	0	0	0	0	5	6	7	8	0	0	0	0	9	2				
960	1	2	0	0	0	0	0	0	0	3	4	1	0	0	0	0	0	0	0	0	0	0	0	0	0	0	0	0	0	0	0	0	0	0	0	0	0	0	0	0	0	0	0	0	0	5	6	7	8	0	0	0	0	9	2				
961	1	2	0	0	0	0	0	0	0	3	4	0	0	0	0	0	0	0	5	6	0	0	0	0	0	0	0	7	8	0	0	0	0	0	0	0	9	10	1	0	0	0	0	0	0	11	12	13	14	0	0	0	0	15	2				
962	1	2	0	0	0	0	0	0	0	3	4	1	0	0	0	0	0	0	0	0	0	0	0	0	0	0	0	0	0	0	0	0	0	0	0	0	0	0	0	0	0	0	0	0	0	5	6	7	8	0	0	0	0	9	2				
963	1	2	0	0	0	0	0	0	0	3	4	0	0	0	0	0	0	0	5	6	1	0	0	0	0	0	0	0	0	0	0	0	0	0	0	0	0	0	0	0	0	0	0	0	0	7	8	9	10	0	0	0	0	11	2				
964	1	2	0	0	0	0	0	0	0	3	4	1	0	0	0	0	0	0	0	0	0	0	0	0	0	0	0	0	0	0	0	0	0	0	0	0	0	0	0	0	0	0	0	0	0	5	6	7	8	0	0	0	0	9	2				
965	1	2	0	0	0	0	0	0	0	3	4	1	0	0	0	0	0	0	0	0	0	0	0	0	0	0	0	0	0	0	0	0	0	0	0	0	0	0	0	0	0	0	0	0	0	5	6	7	8	0	0	0	0	9	2				
966	1	2	0	0	0	0	0	0	0	3	4	1	0	0	0	0	0	0	0	0	0	0	0	0	0	0	0	0	0	0	0	0	0	0	0	0	0	0	0	0	0	0	0	0	0	5	6	7	8	0	0	0	0	9	2				
967	1	2	1	0	0	0	0	0	0	0	0	0	0	0	0	0	0	0	0	0	0	0	0	0	0	0	0	0	0	0	0	0	0	0	0	0	0	0	0	0	0	0	0	0	0	3	4	5	6	0	0	0	0	7	2				
968	1	2	1	0	0	0	0	0	0	0	0	0	0	0	0	0	0	0	0	0	0	0	0	0	0	0	0	0	0	0	0	0	0	0	0	0	0	0	0	0	0	0	0	0	0	3	4	5	6	0	0	0	0	7	2			1;NELSON_0\n\n	NELSON_3
969	1	2	1	0	0	0	0	0	0	0	0	0	0	0	0	0	0	0	0	0	0	0	0	0	0	0	0	0	0	0	0	0	0	0	0	0	0	0	0	0	0	0	0	0	0	3	4	5	6	0	0	0	0	7	2			1;BISMARCK_0\n\n	BISMARCK_3
970	1	2	1	0	0	0	0	0	0	0	0	0	0	0	0	0	0	0	0	0	0	0	0	0	0	0	0	0	0	0	0	0	0	0	0	0	0	0	0	0	0	0	0	0	0	3	4	5	6	0	0	0	0	7	2				
971	1	2	1	0	0	0	0	0	0	0	0	0	0	0	0	0	0	0	0	0	0	0	0	0	0	0	0	0	0	0	0	0	0	0	0	0	0	0	0	0	0	0	0	0	0	3	4	5	6	0	0	0	0	7	2			1;ROSE_PRINCESS_0\n\n	ROSE_PRINCESS_3
972	1	2	1	0	0	0	0	0	0	0	0	0	0	0	0	0	0	0	0	0	0	0	0	0	0	0	0	0	0	0	0	0	0	0	0	0	0	0	0	0	0	0	0	0	0	3	4	5	6	0	0	0	0	7	2				
973	1	2	1	0	0	0	0	0	0	0	0	0	0	0	0	0	0	0	0	0	0	0	0	0	0	0	0	0	0	0	0	0	0	0	0	0	0	0	0	0	0	0	0	0	0	3	4	5	6	0	0	0	0	7	2				
974	1	2	1	0	0	0	0	0	0	0	0	0	0	0	0	0	0	0	0	0	0	0	0	0	0	0	0	0	0	0	0	0	0	0	0	0	0	0	0	0	0	0	0	0	0	3	4	5	6	0	0	0	0	7	2				
975	1	2	1	0	0	0	0	0	0	0	0	0	0	0	0	0	0	0	0	0	0	0	0	0	0	0	0	0	0	0	0	0	0	0	0	0	0	0	0	0	0	0	0	0	0	3	4	5	6	0	0	0	0	7	0				
976	1	2	1	0	0	0	0	0	0	0	0	0	0	0	0	0	0	0	0	0	0	0	0	0	0	0	0	0	0	0	0	0	0	0	0	0	0	0	0	0	0	0	0	0	0	3	4	5	6	0	0	0	0	7	2				
977	1	2	1	0	0	0	0	0	0	0	0	0	0	0	0	0	0	0	0	0	0	0	0	0	0	0	0	0	0	0	0	0	0	0	0	0	0	0	0	0	0	0	0	0	0	3	4	5	6	0	0	0	0	7	0				
978	1	2	1	0	0	0	0	0	0	0	0	0	0	0	0	0	0	0	0	0	0	0	0	0	0	0	0	0	0	0	0	0	0	0	0	0	0	0	0	0	0	0	0	0	0	3	4	5	6	0	0	0	0	7	2				
979	1	2	1	0	0	0	0	0	0	0	0	0	0	0	0	0	0	0	0	0	0	0	0	0	0	0	0	0	0	0	0	0	0	0	0	0	0	0	0	0	0	0	0	0	0	3	4	5	6	0	0	0	0	7	0				
980	1	2	1	0	0	0	0	0	0	0	0	0	0	0	0	0	0	0	0	0	0	0	0	0	0	0	0	0	0	0	0	0	0	0	0	0	0	0	0	0	0	0	0	0	0	3	4	5	6	7	8	0	0	9	2				
981	1	2	0	3	0	0	0	0	0	4	5	0	0	0	0	0	0	0	6	7	1	0	0	0	0	0	0	0	0	0	0	0	0	0	0	0	0	0	0	0	0	0	0	0	0	8	9	10	11	0	0	0	0	12	2				
982	1	2	1	0	0	0	0	0	0	0	0	0	0	0	0	0	0	0	0	0	0	0	0	0	0	0	0	0	0	0	0	0	0	0	0	0	0	0	0	0	0	0	0	0	0	3	4	5	6	7	8	9	10	11	2				
983	1	2	0	0	0	0	0	0	0	3	4	0	0	0	0	0	0	0	5	6	1	0	0	0	0	0	0	0	0	0	0	0	0	0	0	0	0	0	0	0	0	0	0	0	0	7	8	9	10	11	12	0	0	13	2	1;DORIS0_0			
984	1	2	1	0	0	0	0	0	0	0	0	0	0	0	0	0	0	0	0	0	0	0	0	0	0	0	0	0	0	0	0	0	0	0	0	0	0	0	0	0	0	0	0	0	0	3	4	5	6	7	8	0	0	9	0				
985	1	2	0	3	0	0	0	0	0	4	5	0	0	0	0	0	0	0	6	7	0	8	0	0	0	0	0	9	10	0	0	0	0	0	0	0	11	12	1	0	0	0	0	0	0	13	14	15	16	17	18	19	20	21	2				
986	1	2	0	0	0	0	0	0	0	3	4	0	0	0	0	0	0	0	5	6	1	0	0	0	0	0	0	0	0	0	0	0	0	0	0	0	0	0	0	0	0	0	0	0	0	7	8	9	10	11	12	0	0	13	2	1;DORIS0_0			
987	1	2	0	0	0	0	0	0	0	3	4	0	0	0	0	0	0	0	5	6	0	0	0	0	0	0	0	7	8	1	0	0	0	0	0	0	0	0	0	0	0	0	0	0	0	9	10	11	12	13	14	0	0	15	2	1;DORIS0_0			
988	1	2	1	0	0	0	0	0	0	0	0	0	0	0	0	0	0	0	0	0	0	0	0	0	0	0	0	0	0	0	0	0	0	0	0	0	0	0	0	0	0	0	0	0	0	3	4	5	6	7	8	9	10	11	2				
989	1	2	0	0	0	0	0	0	0	3	4	1	0	0	0	0	0	0	0	0	0	0	0	0	0	0	0	0	0	0	0	0	0	0	0	0	0	0	0	0	0	0	0	0	0	0	0	0	0	0	0	0	0	0	2				
990	1	2	1	0	0	0	0	0	0	0	0	0	0	0	0	0	0	0	0	0	0	0	0	0	0	0	0	0	0	0	0	0	0	0	0	0	0	0	0	0	0	0	0	0	0	3	4	5	6	0	0	0	0	7	2			1;NELSON_0\n\n	NELSON_0
991	1	2	1	0	0	0	0	0	0	0	0	0	0	0	0	0	0	0	0	0	0	0	0	0	0	0	0	0	0	0	0	0	0	0	0	0	0	0	0	0	0	0	0	0	0	3	4	5	6	0	0	0	0	7	2			1;NELSON_0\n\n	NELSON_0
992	1	2	0	0	0	0	0	0	0	3	4	0	0	0	0	0	0	0	5	6	0	0	0	0	0	0	0	7	8	0	0	0	0	0	0	0	9	10	1	0	0	0	0	0	0	11	12	13	14	15	16	0	0	17	2				
993	1	2	1	3	0	0	0	0	0	0	0	0	0	0	0	0	0	0	0	0	0	0	0	0	0	0	0	0	0	0	0	0	0	0	0	0	0	0	0	0	0	0	0	0	0	0	0	0	0	0	0	0	0	0	2				
994	1	2	1	0	0	0	0	0	0	0	0	0	0	0	0	0	0	0	0	0	0	0	0	0	0	0	0	0	0	0	0	0	0	0	0	0	0	0	0	0	0	0	0	0	0	3	4	5	6	7	8	0	0	9	2	1;ODYSSEY_1	1;ODYSSEY_0	1;BISMARCK_1\n2;BISMARCK_0	BISMARCK_0
995	1	2	0	0	0	0	0	0	0	3	4	0	0	0	0	0	0	0	5	6	0	0	0	0	0	0	0	7	8	0	0	0	0	0	0	0	9	10	1	11	1	0	0	0	0	12	13	14	15	16	17	0	0	18	2	1;SAILIAN_1\n2;SAILIAN_2\n3;SAILIAN_0\n4;SAILIAN_2\n5;SAILIAN_3	1;SAILIAN_0	1;SAILIAN_2\n2;SAILIAN_3\n	SAILIAN_1
996	0	0	0	0	0	0	0	0	0	0	0	0	0	0	0	0	0	0	0	0	0	0	0	0	0	0	0	0	0	0	0	0	0	0	0	0	0	0	0	0	0	0	0	0	0	1	2	3	4	0	0	0	0	5	2			1;SAILIAN_0	SAILIAN_1
997	1	2	1	0	0	0	0	0	0	0	0	0	0	0	0	0	0	0	0	0	0	0	0	0	0	0	0	0	0	0	0	0	0	0	0	0	0	0	0	0	0	0	0	0	0	3	4	5	6	0	0	0	0	7	2	1;SAILIAN_0			
998	1	2	1	0	0	0	0	0	0	0	0	0	0	0	0	0	0	0	0	0	0	0	0	0	0	0	0	0	0	0	0	0	0	0	0	0	0	0	0	0	0	0	0	0	0	3	4	5	6	0	0	0	0	7	2	1;COLUMBUS_0			
999	1	2	0	0	0	0	0	0	0	3	4	0	0	0	0	0	0	0	5	6	1	0	0	0	0	0	0	0	0	0	0	0	0	0	0	0	0	0	0	0	0	0	0	0	0	7	8	9	10	0	0	0	0	11	2				
1000	1	2	0	0	0	0	0	0	0	3	4	1	5	1	6	1	0	0	0	0	0	0	0	0	0	0	0	0	0	0	0	0	0	0	0	0	0	0	0	0	0	0	0	0	0	7	8	9	10	0	0	0	0	11	2	1;SAILIAN_0\n2;SAILIAN_1\n\n\n		1;SAILIAN_0\n\n	SAILIAN_0
1001	1	2	0	0	0	0	0	0	0	3	4	0	0	0	0	0	0	0	5	6	0	0	0	0	0	0	0	7	8	1	0	0	0	0	0	0	0	0	0	0	0	0	0	0	0	9	10	11	12	13	14	0	0	15	2	1;SAILIAN_0\n2;SAILIAN_0\n3;SAILIAN_0\n\n	1;SAILIAN_0	1;SAILIAN_0\n2;SAILIAN_3\n	SAILIAN_0
1002	1	2	0	0	0	0	0	0	0	3	4	1	0	0	0	0	0	0	0	0	0	0	0	0	0	0	0	0	0	0	0	0	0	0	0	0	0	0	0	0	0	0	0	0	0	5	6	7	8	0	0	0	0	9	2	1;ODYSSEY_1\n2;ODYSSEY_1\n\n\n	1;ODYSSEY_2	1;ODYSSEY_0\n\n	ODYSSEY_1
1003	1	2	1	3	0	0	0	0	0	0	0	0	0	0	0	0	0	0	0	0	0	0	0	0	0	0	0	0	0	0	0	0	0	0	0	0	0	0	0	0	0	0	0	0	0	0	0	0	0	0	0	0	0	0	0	1;ODYSSEY_0\n\n\n\n			
1004	1	2	0	0	0	0	0	0	0	3	4	1	0	0	0	0	0	0	0	0	0	0	0	0	0	0	0	0	0	0	0	0	0	0	0	0	0	0	0	0	0	0	0	0	0	5	6	7	8	0	0	0	0	9	2	1;PLATO_1\n2;PLATO_0\n\n\n	1;PLATO_0	1;PLATO_3\n\n	PLATO_0
1005	1	2	1	3	0	0	0	0	0	0	0	0	0	0	0	0	0	0	0	0	0	0	0	0	0	0	0	0	0	0	0	0	0	0	0	0	0	0	0	0	0	0	0	0	0	0	0	0	0	0	0	0	0	0	0	1;PLATO_0\n\n\n\n			
1006	1	2	0	0	0	0	0	0	0	3	4	1	0	0	0	0	0	0	0	0	0	0	0	0	0	0	0	0	0	0	0	0	0	0	0	0	0	0	0	0	0	0	0	0	0	5	6	7	8	0	0	0	0	9	2	1;JASON_1\n2;JASON_0\n\n\n	1;JASON_0	1;JASON_0\n\n	JASON_3
1007	1	2	1	3	0	0	0	0	0	0	0	0	0	0	0	0	0	0	0	0	0	0	0	0	0	0	0	0	0	0	0	0	0	0	0	0	0	0	0	0	0	0	0	0	0	0	0	0	0	0	0	0	0	0	0	1;JASON_0\n\n\n\n			
1008	1	2	0	0	0	0	0	0	0	3	4	1	0	0	0	0	0	0	0	0	0	0	0	0	0	0	0	0	0	0	0	0	0	0	0	0	0	0	0	0	0	0	0	0	0	5	6	7	8	0	0	0	0	9	2	1;MEDEA_1\n2;MEDEA_1\n\n\n	1;MEDEA_0	1;MEDEA_0\n\n	MEDEA_3
1009	1	2	1	3	0	0	0	0	0	0	0	0	0	0	0	0	0	0	0	0	0	0	0	0	0	0	0	0	0	0	0	0	0	0	0	0	0	0	0	0	0	0	0	0	0	0	0	0	0	0	0	0	0	0	0	1;MEDEA_0\n\n\n\n			
1010	1	2	0	0	0	0	0	0	0	3	4	1	0	0	0	0	0	0	0	0	0	0	0	0	0	0	0	0	0	0	0	0	0	0	0	0	0	0	0	0	0	0	0	0	0	5	6	7	8	0	0	0	0	9	2	1;DRAKE_0\n2;DRAKE_0\n\n\n	1;DRAKE_0	1;DRAKE_0\n\n	DRAKE_0
1011	1	2	1	3	0	0	0	0	0	0	0	0	0	0	0	0	0	0	0	0	0	0	0	0	0	0	0	0	0	0	0	0	0	0	0	0	0	0	0	0	0	0	0	0	0	0	0	0	0	0	0	0	0	0	0	1;DRAKE_0\n\n\n\n			
1012	1	2	0	0	0	0	0	0	0	3	4	1	0	0	0	0	0	0	0	0	0	0	0	0	0	0	0	0	0	0	0	0	0	0	0	0	0	0	0	0	0	0	0	0	0	5	6	7	8	0	0	0	0	9	2	1;NELSON_1\n2;NELSON_1\n\n\n	1;NELSON_0	1;NELSON_0\n\n	NELSON_1
1013	1	2	1	3	0	0	0	0	0	0	0	0	0	0	0	0	0	0	0	0	0	0	0	0	0	0	0	0	0	0	0	0	0	0	0	0	0	0	0	0	0	0	0	0	0	0	0	0	0	0	0	0	0	0	0	1;NELSON_0\n\n\n\n			
1014	1	2	0	0	0	0	0	0	0	3	4	1	0	0	0	0	0	0	0	0	0	0	0	0	0	0	0	0	0	0	0	0	0	0	0	0	0	0	0	0	0	0	0	0	0	5	6	7	8	0	0	0	0	9	2	1;SHADOW_0\n2;SHADOW_0\n\n\n	1;SHADOW_0	1;SHADOW_0\n\n	SHADOW_0
1015	1	2	1	3	0	0	0	0	0	0	0	0	0	0	0	0	0	0	0	0	0	0	0	0	0	0	0	0	0	0	0	0	0	0	0	0	0	0	0	0	0	0	0	0	0	0	0	0	0	0	0	0	0	0	0	1;SHADOW_0\n\n\n\n			
1016	1	2	0	0	0	0	0	0	0	3	4	0	0	0	0	0	0	0	5	6	1	7	1	8	1	0	0	0	0	0	0	0	0	0	0	0	0	0	0	0	0	0	0	0	0	9	10	11	12	0	0	0	0	13	2	1;SAILIAN_0\n2;SAILIAN_2\n3;SAILIAN_2\n\n		1;SAILIAN_0\n\n	SAILIAN_3
1017	1	2	1	3	0	0	0	0	0	0	0	0	0	0	0	0	0	0	0	0	0	0	0	0	0	0	0	0	0	0	0	0	0	0	0	0	0	0	0	0	0	0	0	0	0	4	5	6	7	0	0	0	0	8	2				
1018	1	2	1	3	0	0	0	0	0	0	0	0	0	0	0	0	0	0	0	0	0	0	0	0	0	0	0	0	0	0	0	0	0	0	0	0	0	0	0	0	0	0	0	0	0	4	5	6	7	0	0	0	0	8	2				
1019	1	2	1	3	0	0	0	0	0	0	0	0	0	0	0	0	0	0	0	0	0	0	0	0	0	0	0	0	0	0	0	0	0	0	0	0	0	0	0	0	0	0	0	0	0	4	5	6	7	0	0	0	0	8	2				
1020	1	2	1	3	0	0	0	0	0	0	0	0	0	0	0	0	0	0	0	0	0	0	0	0	0	0	0	0	0	0	0	0	0	0	0	0	0	0	0	0	0	0	0	0	0	4	5	6	7	0	0	0	0	8	0				
1021	1	2	1	3	0	0	0	0	0	0	0	0	0	0	0	0	0	0	0	0	0	0	0	0	0	0	0	0	0	0	0	0	0	0	0	0	0	0	0	0	0	0	0	0	0	4	5	6	7	0	0	0	0	8	2				
1022	1	2	1	3	0	0	0	0	0	0	0	0	0	0	0	0	0	0	0	0	0	0	0	0	0	0	0	0	0	0	0	0	0	0	0	0	0	0	0	0	0	0	0	0	0	4	5	6	7	0	0	0	0	8	0				
1023	1	2	1	3	0	0	0	0	0	0	0	0	0	0	0	0	0	0	0	0	0	0	0	0	0	0	0	0	0	0	0	0	0	0	0	0	0	0	0	0	0	0	0	0	0	4	5	6	7	0	0	0	0	8	2				
1024	1	2	0	0	0	0	0	0	0	3	4	0	5	0	0	0	0	0	6	7	0	8	0	0	0	0	0	9	10	1	11	1	0	0	0	0	0	0	0	0	0	0	0	0	0	12	13	14	15	0	0	0	0	16	2				
1025	1	2	1	3	0	0	0	0	0	0	0	0	0	0	0	0	0	0	0	0	0	0	0	0	0	0	0	0	0	0	0	0	0	0	0	0	0	0	0	0	0	0	0	0	0	4	5	6	7	0	0	0	0	8	2				
1026	1	2	1	3	0	0	0	0	0	0	0	0	0	0	0	0	0	0	0	0	0	0	0	0	0	0	0	0	0	0	0	0	0	0	0	0	0	0	0	0	0	0	0	0	0	4	5	6	7	0	0	0	0	8	2				
1027	1	2	1	3	0	0	0	0	0	0	0	0	0	0	0	0	0	0	0	0	0	0	0	0	0	0	0	0	0	0	0	0	0	0	0	0	0	0	0	0	0	0	0	0	0	4	5	6	7	0	0	0	0	8	2				
1028	1	2	1	3	0	0	0	0	0	0	0	0	0	0	0	0	0	0	0	0	0	0	0	0	0	0	0	0	0	0	0	0	0	0	0	0	0	0	0	0	0	0	0	0	0	4	5	6	7	0	0	0	0	8	2				
1029	1	2	1	3	0	0	0	0	0	0	0	0	0	0	0	0	0	0	0	0	0	0	0	0	0	0	0	0	0	0	0	0	0	0	0	0	0	0	0	0	0	0	0	0	0	4	5	6	7	0	0	0	0	8	2				
1030	1	2	1	3	0	0	0	0	0	0	0	0	0	0	0	0	0	0	0	0	0	0	0	0	0	0	0	0	0	0	0	0	0	0	0	0	0	0	0	0	0	0	0	0	0	4	5	6	7	0	0	0	0	8	2				
1031	1	2	1	3	0	0	0	0	0	0	0	0	0	0	0	0	0	0	0	0	0	0	0	0	0	0	0	0	0	0	0	0	0	0	0	0	0	0	0	0	0	0	0	0	0	4	5	6	7	0	0	0	0	8	2				
1032	1	2	1	3	0	0	0	0	0	0	0	0	0	0	0	0	0	0	0	0	0	0	0	0	0	0	0	0	0	0	0	0	0	0	0	0	0	0	0	0	0	0	0	0	0	4	5	6	7	0	0	0	0	8	2				
1033	1	2	1	3	0	0	0	0	0	0	0	0	0	0	0	0	0	0	0	0	0	0	0	0	0	0	0	0	0	0	0	0	0	0	0	0	0	0	0	0	0	0	0	0	0	4	5	6	7	0	0	0	0	8	2				
1034	1	2	1	3	0	0	0	0	0	0	0	0	0	0	0	0	0	0	0	0	0	0	0	0	0	0	0	0	0	0	0	0	0	0	0	0	0	0	0	0	0	0	0	0	0	4	5	6	7	0	0	0	0	8	2				
1035	1	2	1	3	0	0	0	0	0	0	0	0	0	0	0	0	0	0	0	0	0	0	0	0	0	0	0	0	0	0	0	0	0	0	0	0	0	0	0	0	0	0	0	0	0	4	5	6	7	0	0	0	0	8	2				
1036	1	2	1	3	0	0	0	0	0	0	0	0	0	0	0	0	0	0	0	0	0	0	0	0	0	0	0	0	0	0	0	0	0	0	0	0	0	0	0	0	0	0	0	0	0	4	5	6	7	0	0	0	0	8	2				
1037	1	2	1	3	0	0	0	0	0	0	0	0	0	0	0	0	0	0	0	0	0	0	0	0	0	0	0	0	0	0	0	0	0	0	0	0	0	0	0	0	0	0	0	0	0	4	5	6	7	0	0	0	0	8	2				
1038	1	2	1	3	0	0	0	0	0	0	0	0	0	0	0	0	0	0	0	0	0	0	0	0	0	0	0	0	0	0	0	0	0	0	0	0	0	0	0	0	0	0	0	0	0	4	5	6	7	0	0	0	0	8	2				
1039	1	2	1	3	0	0	0	0	0	0	0	0	0	0	0	0	0	0	0	0	0	0	0	0	0	0	0	0	0	0	0	0	0	0	0	0	0	0	0	0	0	0	0	0	0	4	5	6	7	0	0	0	0	8	2				
1040	1	2	1	3	0	0	0	0	0	0	0	0	0	0	0	0	0	0	0	0	0	0	0	0	0	0	0	0	0	0	0	0	0	0	0	0	0	0	0	0	0	0	0	0	0	4	5	6	7	0	0	0	0	8	2				
1041	1	2	1	3	0	0	0	0	0	0	0	0	0	0	0	0	0	0	0	0	0	0	0	0	0	0	0	0	0	0	0	0	0	0	0	0	0	0	0	0	0	0	0	0	0	4	5	6	7	0	0	0	0	8	2				
1042	1	2	1	3	0	0	0	0	0	0	0	0	0	0	0	0	0	0	0	0	0	0	0	0	0	0	0	0	0	0	0	0	0	0	0	0	0	0	0	0	0	0	0	0	0	4	5	6	7	0	0	0	0	8	2				
1043	1	2	1	3	0	0	0	0	0	0	0	0	0	0	0	0	0	0	0	0	0	0	0	0	0	0	0	0	0	0	0	0	0	0	0	0	0	0	0	0	0	0	0	0	0	4	5	6	7	0	0	0	0	8	2				
1044	1	2	1	3	0	0	0	0	0	0	0	0	0	0	0	0	0	0	0	0	0	0	0	0	0	0	0	0	0	0	0	0	0	0	0	0	0	0	0	0	0	0	0	0	0	4	5	6	7	0	0	0	0	8	2				
1045	1	2	1	3	0	0	0	0	0	0	0	0	0	0	0	0	0	0	0	0	0	0	0	0	0	0	0	0	0	0	0	0	0	0	0	0	0	0	0	0	0	0	0	0	0	4	5	6	7	0	0	0	0	8	2				
1046	1	2	1	3	0	0	0	0	0	0	0	0	0	0	0	0	0	0	0	0	0	0	0	0	0	0	0	0	0	0	0	0	0	0	0	0	0	0	0	0	0	0	0	0	0	4	5	6	7	0	0	0	0	8	2				
1047	1	2	1	3	0	0	0	0	0	0	0	0	0	0	0	0	0	0	0	0	0	0	0	0	0	0	0	0	0	0	0	0	0	0	0	0	0	0	0	0	0	0	0	0	0	4	5	6	7	0	0	0	0	8	2				
1048	1	2	1	3	0	0	0	0	0	0	0	0	0	0	0	0	0	0	0	0	0	0	0	0	0	0	0	0	0	0	0	0	0	0	0	0	0	0	0	0	0	0	0	0	0	4	5	6	7	0	0	0	0	8	2				
1049	1	2	1	3	0	0	0	0	0	0	0	0	0	0	0	0	0	0	0	0	0	0	0	0	0	0	0	0	0	0	0	0	0	0	0	0	0	0	0	0	0	0	0	0	0	4	5	6	7	0	0	0	0	8	2				
1050	1	2	1	3	0	0	0	0	0	0	0	0	0	0	0	0	0	0	0	0	0	0	0	0	0	0	0	0	0	0	0	0	0	0	0	0	0	0	0	0	0	0	0	0	0	4	5	6	7	0	0	0	0	8	2				
1051	1	2	1	3	0	0	0	0	0	0	0	0	0	0	0	0	0	0	0	0	0	0	0	0	0	0	0	0	0	0	0	0	0	0	0	0	0	0	0	0	0	0	0	0	0	4	5	6	7	0	0	0	0	8	2				
1052	1	2	1	3	0	0	0	0	0	0	0	0	0	0	0	0	0	0	0	0	0	0	0	0	0	0	0	0	0	0	0	0	0	0	0	0	0	0	0	0	0	0	0	0	0	4	5	6	7	0	0	0	0	8	2				
1053	1	2	1	3	0	0	0	0	0	0	0	0	0	0	0	0	0	0	0	0	0	0	0	0	0	0	0	0	0	0	0	0	0	0	0	0	0	0	0	0	0	0	0	0	0	4	5	6	7	0	0	0	0	8	2				
1054	1	2	1	3	0	0	0	0	0	0	0	0	0	0	0	0	0	0	0	0	0	0	0	0	0	0	0	0	0	0	0	0	0	0	0	0	0	0	0	0	0	0	0	0	0	4	5	6	7	0	0	0	0	8	2				
1055	1	2	1	3	0	0	0	0	0	0	0	0	0	0	0	0	0	0	0	0	0	0	0	0	0	0	0	0	0	0	0	0	0	0	0	0	0	0	0	0	0	0	0	0	0	4	5	6	7	0	0	0	0	8	2				
1056	1	2	1	3	0	0	0	0	0	0	0	0	0	0	0	0	0	0	0	0	0	0	0	0	0	0	0	0	0	0	0	0	0	0	0	0	0	0	0	0	0	0	0	0	0	4	5	6	7	0	0	0	0	8	2				
1057	1	2	1	3	0	0	0	0	0	0	0	0	0	0	0	0	0	0	0	0	0	0	0	0	0	0	0	0	0	0	0	0	0	0	0	0	0	0	0	0	0	0	0	0	0	4	5	6	7	0	0	0	0	8	2				
1058	1	2	1	3	0	0	0	0	0	0	0	0	0	0	0	0	0	0	0	0	0	0	0	0	0	0	0	0	0	0	0	0	0	0	0	0	0	0	0	0	0	0	0	0	0	4	5	6	7	0	0	0	0	8	2				
1059	1	2	1	3	0	0	0	0	0	0	0	0	0	0	0	0	0	0	0	0	0	0	0	0	0	0	0	0	0	0	0	0	0	0	0	0	0	0	0	0	0	0	0	0	0	4	5	6	7	0	0	0	0	8	2				
1060	1	2	0	3	0	4	0	0	0	5	6	0	0	0	0	0	0	0	7	8	0	9	0	0	0	0	0	10	11	1	0	0	0	0	0	0	0	0	0	0	0	0	0	0	0	12	13	14	15	16	17	18	19	20	2				
1061	1	2	0	3	0	4	0	0	0	5	6	0	0	0	0	0	0	0	7	8	0	9	0	0	0	0	0	10	11	1	12	1	0	0	0	0	0	0	0	0	0	0	0	0	0	13	14	15	16	0	0	0	0	17	2				
1062	1	2	0	0	0	0	0	0	0	3	4	0	0	0	0	0	0	0	5	6	1	7	1	0	0	0	0	0	0	0	0	0	0	0	0	0	0	0	0	0	0	0	0	0	0	8	9	10	11	12	13	0	0	14	2				
1063	1	2	0	3	0	0	0	0	0	4	5	0	0	0	0	0	0	0	6	7	1	8	1	0	0	0	0	0	0	0	0	0	0	0	0	0	0	0	0	0	0	0	0	0	0	9	10	11	12	0	0	0	0	13	2				
1064	1	2	0	0	0	0	0	0	0	3	4	0	5	0	0	0	0	0	6	7	1	8	1	0	0	0	0	0	0	0	0	0	0	0	0	0	0	0	0	0	0	0	0	0	0	9	10	11	12	13	14	0	0	15	2				
1065	1	2	0	0	0	0	0	0	0	3	4	0	0	0	0	0	0	0	5	6	0	0	0	0	0	0	0	7	8	1	9	1	0	0	0	0	0	0	0	0	0	0	0	0	0	10	11	12	13	0	0	0	0	14	2				
1066	1	2	0	3	0	0	0	0	0	4	5	0	6	0	0	0	0	0	7	8	1	9	1	0	0	0	0	0	0	0	0	0	0	0	0	0	0	0	0	0	0	0	0	0	0	10	11	12	13	0	0	0	0	14	2				
1067	1	2	0	0	0	0	0	0	0	3	4	1	5	1	0	0	0	0	0	0	0	0	0	0	0	0	0	0	0	0	0	0	0	0	0	0	0	0	0	0	0	0	0	0	0	6	7	8	9	0	0	0	0	10	2				
1068	1	2	0	3	0	0	0	0	0	4	5	0	0	0	0	0	0	0	6	7	0	8	0	0	0	0	0	9	10	1	0	0	0	0	0	0	0	0	0	0	0	0	0	0	0	11	12	13	14	0	0	0	0	15	2				
1069	1	2	0	3	0	0	0	0	0	4	5	0	6	0	0	0	0	0	7	8	1	9	1	0	0	0	0	0	0	0	0	0	0	0	0	0	0	0	0	0	0	0	0	0	0	10	11	12	13	0	0	0	0	14	2				
1070	1	2	0	3	0	0	0	0	0	4	5	0	6	0	0	0	0	0	7	8	0	0	0	0	0	0	0	9	10	0	0	0	0	0	0	0	11	12	1	0	0	0	0	0	0	13	14	15	16	0	0	0	0	17	2				
1071	1	2	0	0	0	0	0	0	0	3	4	0	0	0	0	0	0	0	5	6	0	0	0	0	0	0	0	7	8	0	0	0	0	0	0	0	9	10	1	11	1	0	0	0	0	12	13	14	15	0	0	0	0	16	2				
1072	1	2	1	3	1	4	1	0	0	0	0	0	0	0	0	0	0	0	0	0	0	0	0	0	0	0	0	0	0	0	0	0	0	0	0	0	0	0	0	0	0	0	0	0	0	5	6	7	8	0	0	0	0	9	2				
1073	1	2	0	3	1	4	0	0	0	5	6	1	7	1	8	1	0	0	0	0	0	0	0	0	0	0	0	0	0	0	0	0	0	0	0	0	0	0	0	0	0	0	0	0	0	9	10	11	12	13	14	0	0	15	2				
1074	1	2	0	3	0	4	0	0	0	5	6	0	7	0	8	0	0	0	9	10	0	0	0	0	0	0	0	11	12	1	0	0	0	0	0	0	0	0	0	0	0	0	0	0	0	13	14	15	16	17	18	19	20	21	2				
1075	1	2	0	3	0	4	0	0	0	5	6	0	7	0	0	0	0	0	8	9	1	0	0	0	0	0	0	0	0	0	0	0	0	0	0	0	0	0	0	0	0	0	0	0	0	10	11	12	13	14	15	16	17	18	2				
1076	1	2	0	0	0	0	0	0	0	3	4	0	0	0	0	0	0	0	5	6	0	7	0	0	0	0	0	8	9	1	10	0	11	0	0	0	12	13	1	14	1	15	1	0	0	16	17	18	19	0	0	0	0	20	2	1;SAILIAN_1\n2;SAILIAN_2\n3;SAILIAN_1\n4;SAILIAN_2\n5;SAILIAN_2	1;SAILIAN_2	1;SAILIAN_3\n\n	SAILIAN_0
1077	1	2	1	3	1	4	1	0	0	0	0	0	0	0	0	0	0	0	0	0	0	0	0	0	0	0	0	0	0	0	0	0	0	0	0	0	0	0	0	0	0	0	0	0	0	5	6	7	8	0	0	0	0	9	2	1;SAILIAN_1\n2;SAILIAN_3\n\n\n	1;SAILIAN_1	1;SAILIAN_1\n\n	SAILIAN_1
1078	1	2	1	3	0	0	0	0	0	4	5	0	0	0	0	0	0	0	0	0	0	0	0	0	0	0	0	0	0	0	0	0	0	0	0	0	0	0	0	0	0	0	0	0	0	6	7	8	9	0	0	0	0	10	2	1;SAILIAN_1\n2;SAILIAN_3\n\n\n	1;SAILIAN_1	1;SAILIAN_1\n\n	SAILIAN_1
1079	1	2	1	3	1	4	1	0	0	0	0	0	0	0	0	0	0	0	0	0	0	0	0	0	0	0	0	0	0	0	0	0	0	0	0	0	0	0	0	0	0	0	0	0	0	5	6	7	8	0	0	0	0	9	2				
1080	1	2	1	3	0	0	0	0	0	4	5	0	0	0	0	0	0	0	0	0	0	0	0	0	0	0	0	0	0	0	0	0	0	0	0	0	0	0	0	0	0	0	0	0	0	6	7	8	9	0	0	0	0	10	2	1;SAILIAN_1\n2;SAILIAN_3\n\n\n	1;SAILIAN_1	1;SAILIAN_1\n\n	SAILIAN_1
1081	1	2	1	3	1	4	1	0	0	0	0	0	0	0	0	0	0	0	0	0	0	0	0	0	0	0	0	0	0	0	0	0	0	0	0	0	0	0	0	0	0	0	0	0	0	5	6	7	8	0	0	0	0	9	2	1;SAILIAN_2	1;SAILIAN_2	1;SAILIAN_2\n\n	SAILIAN_1
1082	1	2	0	0	0	0	0	0	0	3	4	1	5	1	6	1	0	0	0	0	0	0	0	0	0	0	0	0	0	0	0	0	0	0	0	0	0	0	0	0	0	0	0	0	0	7	8	9	10	11	12	0	0	13	2				
1083	1	2	0	0	0	0	0	0	0	3	4	1	0	0	0	0	0	0	0	0	0	0	0	0	0	0	0	0	0	0	0	0	0	0	0	0	0	0	0	0	0	0	0	0	0	5	6	7	8	0	0	0	0	9	2				
1084	1	2	0	0	0	0	0	0	0	3	4	1	0	0	0	0	0	0	0	0	0	0	0	0	0	0	0	0	0	0	0	0	0	0	0	0	0	0	0	0	0	0	0	0	0	5	6	7	8	0	0	0	0	9	2				
1085	1	2	0	0	0	0	0	0	0	3	4	1	0	0	0	0	0	0	0	0	0	0	0	0	0	0	0	0	0	0	0	0	0	0	0	0	0	0	0	0	0	0	0	0	0	5	6	7	8	9	10	0	0	11	2				
1086	1	2	1	3	1	4	1	0	0	0	0	0	0	0	0	0	0	0	0	0	0	0	0	0	0	0	0	0	0	0	0	0	0	0	0	0	0	0	0	0	0	0	0	0	0	5	6	7	8	0	0	0	0	9	2				
1087	1	2	1	3	0	0	0	0	0	4	5	0	0	0	0	0	0	0	0	0	0	0	0	0	0	0	0	0	0	0	0	0	0	0	0	0	0	0	0	0	0	0	0	0	0	6	7	8	9	0	0	0	0	10	2	1;SAILIAN_2\n\n\n\n	1;SAILIAN_2	1;SAILIAN_2\n\n	SAILIAN_1
1088	1	2	1	3	1	4	1	0	0	0	0	0	0	0	0	0	0	0	0	0	0	0	0	0	0	0	0	0	0	0	0	0	0	0	0	0	0	0	0	0	0	0	0	0	0	5	6	7	8	0	0	0	0	9	2	1;SAILIAN_1\n2;SAILIAN_3\n\n\n	1;SAILIAN_1	1;SAILIAN_1\n\n	SAILIAN_1
1089	1	2	1	3	1	4	1	0	0	0	0	0	0	0	0	0	0	0	0	0	0	0	0	0	0	0	0	0	0	0	0	0	0	0	0	0	0	0	0	0	0	0	0	0	0	5	6	7	8	0	0	0	0	9	2				
1090	1	2	0	3	1	4	0	0	0	5	6	1	7	1	8	1	0	0	0	0	0	0	0	0	0	0	0	0	0	0	0	0	0	0	0	0	0	0	0	0	0	0	0	0	0	9	10	11	12	13	14	0	0	15	2				
1091	1	2	0	3	0	4	0	0	0	5	6	0	7	0	8	0	0	0	9	10	0	0	0	0	0	0	0	11	12	1	0	0	0	0	0	0	0	0	0	0	0	0	0	0	0	13	14	15	16	17	18	19	20	21	2				
1092	1	2	0	3	0	4	0	0	0	5	6	0	7	0	0	0	0	0	8	9	0	0	0	0	0	0	0	10	11	1	0	0	0	0	0	0	0	0	0	0	0	0	0	0	0	12	13	14	15	16	17	18	19	20	2				
1093	1	2	0	0	0	0	0	0	0	3	4	0	0	0	0	0	0	0	5	6	0	7	0	0	0	0	0	8	9	1	10	0	11	0	0	0	12	13	1	14	1	15	1	0	0	16	17	18	19	0	0	0	0	20	2	1;SAILIAN_1\n2;SAILIAN_2\n3;SAILIAN_1\n4;SAILIAN_2\n5;SAILIAN_2	1;SAILIAN_2	1;SAILIAN_3\n\n	SAILIAN_0
1094	1	2	1	3	1	4	1	0	0	0	0	0	0	0	0	0	0	0	0	0	0	0	0	0	0	0	0	0	0	0	0	0	0	0	0	0	0	0	0	0	0	0	0	0	0	5	6	7	8	0	0	0	0	9	2	1;SAILIAN_2\n\n\n\n	1;SAILIAN_2	1;SAILIAN_2\n\n	SAILIAN_1
1095	1	2	1	3	0	0	0	0	0	4	5	0	0	0	0	0	0	0	0	0	0	0	0	0	0	0	0	0	0	0	0	0	0	0	0	0	0	0	0	0	0	0	0	0	0	6	7	8	9	0	0	0	0	10	2	1;SAILIAN_1\n2;SAILIAN_3\n\n\n	1;SAILIAN_1	1;SAILIAN_1\n\n	SAILIAN_1
1096	1	2	0	3	0	4	0	0	0	5	6	0	7	0	0	0	0	0	8	9	1	10	1	11	1	0	0	0	0	0	0	0	0	0	0	0	0	0	0	0	0	0	0	0	0	12	13	14	15	0	0	0	0	16	2	1;SHADOW_MASK_0\n2;SHADOW_MASK_0\n3;SHADOW_MASK_0\n\n	1;SAILIAN_0	1;SAILIAN_2\n\n	SAILIAN_1
1097	1	2	0	3	0	4	0	0	0	5	6	0	7	0	0	0	0	0	8	9	1	10	1	11	1	0	0	0	0	0	0	0	0	0	0	0	0	0	0	0	0	0	0	0	0	12	13	14	15	0	0	0	0	16	2	1;SHADOW_MASK_0\n2;SHADOW_MASK_0\n3;SHADOW_MASK_0\n\n	1;SAILIAN_0	1;SAILIAN_2\n\n	SAILIAN_1
1098	1	2	1	0	0	0	0	0	0	0	0	0	0	0	0	0	0	0	0	0	0	0	0	0	0	0	0	0	0	0	0	0	0	0	0	0	0	0	0	0	0	0	0	0	0	0	0	0	0	0	0	0	0	0	0				
1099	1	2	0	3	0	0	0	0	0	4	5	0	6	0	0	0	0	0	7	8	0	9	0	0	0	0	0	10	11	1	12	0	0	0	0	0	0	0	0	0	0	0	0	0	0	13	14	15	16	0	0	0	0	17	2				
1501	1	2	0	0	0	0	0	0	0	3	4	0	0	0	0	0	0	0	5	6	1	0	0	0	0	0	0	0	0	0	0	0	0	0	0	0	0	0	0	0	0	0	0	0	0	7	8	9	10	0	0	0	0	11	2				
1502	1	2	1	0	0	0	0	0	0	0	0	0	0	0	0	0	0	0	0	0	0	0	0	0	0	0	0	0	0	0	0	0	0	0	0	0	0	0	0	0	0	0	0	0	0	3	4	5	6	0	0	0	0	7	2				
1503	1	2	0	3	1	4	0	0	0	5	6	0	0	0	0	0	0	0	0	0	0	0	0	0	0	0	0	0	0	0	0	0	0	0	0	0	0	0	0	0	0	0	0	0	0	7	8	9	10	11	12	13	14	15	2				
1504	1	2	0	3	0	0	0	0	0	4	5	0	0	0	0	0	0	0	6	7	0	0	0	0	0	0	0	8	9	1	0	0	0	0	0	0	0	0	0	0	0	0	0	0	0	10	11	12	13	14	15	16	17	18	2	1;SAILIAN_1\n2;SAILIAN_0\n3;SAILIAN_0\n4;SAILIAN_1\n	1;ANGELINA_1	1;ANGELINA_1\n2;ANGELINA_2\n3;ANGELINA_2	ANGELINA_1
1505	1	2	0	3	0	4	0	0	0	5	6	0	0	0	0	0	0	0	7	8	0	0	0	0	0	0	0	9	10	1	0	0	0	0	0	0	0	0	0	0	0	0	0	0	0	11	12	13	14	15	16	0	0	17	2	1;SHADOW_0\n2;SHADOW_0\n3;SHADOW_2\n4;SHADOW_0\n			
1506	1	2	1	0	0	0	0	0	0	0	0	0	0	0	0	0	0	0	0	0	0	0	0	0	0	0	0	0	0	0	0	0	0	0	0	0	0	0	0	0	0	0	0	0	0	3	4	5	6	7	8	0	0	9	2	1;SHADOW_3\n\n\n\n	1;SAILIAN_0	1;SAILIAN_3\n2;SAILIAN_0\n	SAILIAN_1
1507	1	2	0	0	0	0	0	0	0	3	4	1	0	0	0	0	0	0	0	0	0	0	0	0	0	0	0	0	0	0	0	0	0	0	0	0	0	0	0	0	0	0	0	0	0	5	6	7	8	0	0	0	0	9	2	1;SAILIAN_0\n2;SAILIAN_3\n\n\n	1;SHADOW_1	1;SHADOW_3\n\n	SHADOW_2
1508	1	2	1	0	0	0	0	0	0	0	0	0	0	0	0	0	0	0	0	0	0	0	0	0	0	0	0	0	0	0	0	0	0	0	0	0	0	0	0	0	0	0	0	0	0	3	4	5	6	0	0	0	0	7	2				
1509	1	2	1	0	0	0	0	0	0	0	0	0	0	0	0	0	0	0	0	0	0	0	0	0	0	0	0	0	0	0	0	0	0	0	0	0	0	0	0	0	0	0	0	0	0	3	4	5	6	0	0	0	0	7	2				
1510	1	2	0	0	0	0	0	0	0	3	4	0	0	0	0	0	0	0	5	6	0	0	0	0	0	0	0	7	8	1	0	0	0	0	0	0	0	0	0	0	0	0	0	0	0	9	10	11	12	0	0	0	0	13	2				
1511	1	2	0	0	0	0	0	0	0	3	4	1	0	0	0	0	0	0	0	0	0	0	0	0	0	0	0	0	0	0	0	0	0	0	0	0	0	0	0	0	0	0	0	0	0	5	6	7	8	9	10	11	12	13	2			1;SHADOW_2\n2;SHADOW_1\n3;SHADOW_1	SHADOW_1
1512	1	2	0	0	0	0	0	0	0	3	4	0	5	0	6	1	0	0	7	8	0	0	0	0	0	0	0	0	0	0	0	0	0	0	0	0	0	0	0	0	0	0	0	0	0	9	10	11	12	0	0	0	0	13	2	1;SAILIAN_0\n2;SAILIAN_0\n3;SAILIAN_1\n\n		1;SAILIAN_0\n\n	SAILIAN_0
1513	1	2	0	0	0	0	0	0	0	3	4	0	5	0	6	1	0	0	7	8	0	0	0	0	0	0	0	0	0	0	0	0	0	0	0	0	0	0	0	0	0	0	0	0	0	9	10	11	12	0	0	0	0	13	2	1;SHADOW_1\n2;SHADOW_0\n3;SHADOW_1\n\n		1;SHADOW_3\n\n	SHADOW_0
1514	1	2	0	0	0	0	0	0	0	3	4	0	0	0	0	0	0	0	5	6	1	0	0	0	0	0	0	0	0	0	0	0	0	0	0	0	0	0	0	0	0	0	0	0	0	7	8	9	10	0	0	0	0	11	2	1;SAILIAN_3\n2;SAILIAN_0\n3;SAILIAN_0\n\n	1;SAILIAN_0	1;SAILIAN_0\n\n	SAILIAN_0
1515	1	2	0	0	0	0	0	0	0	3	4	0	0	0	0	0	0	0	5	6	1	0	0	0	0	0	0	0	0	0	0	0	0	0	0	0	0	0	0	0	0	0	0	0	0	7	8	9	10	0	0	0	0	11	2	1;ANGELINA_3\n2;ANGELINA_1\n3;ANGELINA_2\n\n	1;ANGELINA_0	1;ANGELINA_1\n\n	ANGELINA_2
1516	1	2	0	0	0	0	0	0	0	3	4	0	5	0	0	0	0	0	6	7	0	0	0	0	0	0	0	8	9	1	0	0	0	0	0	0	0	0	0	0	0	0	0	0	0	10	11	12	13	0	0	0	0	14	2	1;SAILIAN_0\n2;SAILIAN_3\n3;SAILIAN_3\n4;SAILIAN_0\n	1;SAILIAN_0	1;SAILIAN_0\n\n	SAILIAN_0
1517	1	2	1	0	0	0	0	0	0	0	0	0	0	0	0	0	0	0	0	0	0	0	0	0	0	0	0	0	0	0	0	0	0	0	0	0	0	0	0	0	0	0	0	0	0	3	4	5	6	0	0	0	0	7	2	1;SAILIAN_0\n\n\n\n	1;SAILIAN_0	1;SAILIAN_0\n\n	SAILIAN_3
1518	1	2	1	3	0	0	0	0	0	0	0	0	0	0	0	0	0	0	0	0	0	0	0	0	0	0	0	0	0	0	0	0	0	0	0	0	0	0	0	0	0	0	0	0	0	0	0	0	0	0	0	0	0	0	0	1;SAILIAN_0\n\n\n\n			
1519	1	2	0	0	0	0	0	0	0	3	4	1	0	0	0	0	0	0	0	0	0	0	0	0	0	0	0	0	0	0	0	0	0	0	0	0	0	0	0	0	0	0	0	0	0	5	6	7	8	9	10	11	12	13	2		1;SAILIAN_0	1;SAILIAN_0\n\n	SAILIAN_0
1520	1	2	0	0	0	0	0	0	0	3	4	0	0	0	0	0	0	0	5	6	1	0	0	0	0	0	0	0	0	0	0	0	0	0	0	0	0	0	0	0	0	0	0	0	0	7	8	9	10	11	12	0	0	13	2	1;SAILIAN_0			
1521	1	2	0	0	0	0	0	0	0	3	4	1	5	1	0	0	0	0	0	0	0	0	0	0	0	0	0	0	0	0	0	0	0	0	0	0	0	0	0	0	0	0	0	0	0	6	7	8	9	0	0	0	0	10	2		1;PLATO_0	1;PLATO_0	PLATO_1
1522	1	2	0	0	0	0	0	0	0	3	4	0	0	0	0	0	0	0	5	6	0	0	0	0	0	0	0	7	8	1	0	0	0	0	0	0	0	0	0	0	0	0	0	0	0	9	10	11	12	0	0	0	0	13	2	1;PLATO_0			
1523	1	2	0	0	0	0	0	0	0	3	4	1	0	0	0	0	0	0	0	0	0	0	0	0	0	0	0	0	0	0	0	0	0	0	0	0	0	0	0	0	0	0	0	0	0	5	6	7	8	0	0	0	0	9	2				
1524	1	2	0	0	0	0	0	0	0	3	4	0	0	0	0	0	0	0	5	6	1	0	0	0	0	0	0	0	0	0	0	0	0	0	0	0	0	0	0	0	0	0	0	0	0	7	8	9	10	0	0	0	0	11	2				
1525	1	2	0	0	0	0	0	0	0	3	4	1	0	0	0	0	0	0	0	0	0	0	0	0	0	0	0	0	0	0	0	0	0	0	0	0	0	0	0	0	0	0	0	0	0	5	6	7	8	0	0	0	0	9	2				
1526	1	2	1	0	0	0	0	0	0	0	0	0	0	0	0	0	0	0	0	0	0	0	0	0	0	0	0	0	0	0	0	0	0	0	0	0	0	0	0	0	0	0	0	0	0	3	4	5	6	0	0	0	0	7	2				
1527	1	2	0	0	0	0	0	0	0	3	4	0	0	0	0	0	0	0	5	6	1	0	0	0	0	0	0	0	0	0	0	0	0	0	0	0	0	0	0	0	0	0	0	0	0	7	8	9	10	0	0	0	0	11	2				
1528	1	2	0	0	0	0	0	0	0	3	4	1	0	0	0	0	0	0	0	0	0	0	0	0	0	0	0	0	0	0	0	0	0	0	0	0	0	0	0	0	0	0	0	0	0	5	6	7	8	0	0	0	0	9	2				
1529	1	2	0	0	0	0	0	0	0	3	4	0	0	0	0	0	0	0	5	6	1	7	1	8	0	0	0	0	0	0	0	0	0	0	0	0	0	0	0	0	0	0	0	0	0	9	10	11	12	0	0	0	0	13	2				
1530	1	2	0	0	0	0	0	0	0	3	4	1	0	0	0	0	0	0	0	0	0	0	0	0	0	0	0	0	0	0	0	0	0	0	0	0	0	0	0	0	0	0	0	0	0	5	6	7	8	0	0	0	0	9	2				
1531	1	2	0	0	0	0	0	0	0	3	4	1	5	0	0	0	0	0	0	0	0	0	0	0	0	0	0	0	0	0	0	0	0	0	0	0	0	0	0	0	0	0	0	0	0	6	7	8	9	0	0	0	0	10	2				
1532	1	2	0	0	0	0	0	0	0	3	4	1	5	0	0	0	0	0	6	7	0	0	0	0	0	0	0	0	0	0	0	0	0	0	0	0	0	0	0	0	0	0	0	0	0	8	9	10	11	0	0	0	0	12	2	1;PLATO_0	1;PLATO_0	1;PLATO_0	PLATO_0
1533	1	2	0	0	0	0	0	0	0	3	4	1	5	1	0	0	0	0	0	0	0	0	0	0	0	0	0	0	0	0	0	0	0	0	0	0	0	0	0	0	0	0	0	0	0	6	7	8	9	0	0	0	0	10	2		1;ODYSSEY_0	1;ODYSSEY_0	ODYSSEY_0
1534	1	2	0	0	0	0	0	0	0	3	4	0	0	0	0	0	0	0	5	6	0	0	0	0	0	0	0	7	8	1	0	0	0	0	0	0	0	0	0	0	0	0	0	0	0	9	10	11	12	13	14	0	0	15	2	1;ODYSSEY_0			
1535	1	2	0	0	0	0	0	0	0	3	4	0	0	0	0	0	0	0	5	6	1	0	0	0	0	0	0	0	0	0	0	0	0	0	0	0	0	0	0	0	0	0	0	0	0	7	8	9	10	0	0	0	0	11	2				
1536	1	2	0	0	0	0	0	0	0	3	4	0	0	0	0	0	0	0	5	6	1	0	0	0	0	0	0	0	0	0	0	0	0	0	0	0	0	0	0	0	0	0	0	0	0	7	8	9	10	0	0	0	0	11	2				
1537	1	2	0	0	0	0	0	0	0	3	4	1	0	0	0	0	0	0	0	0	0	0	0	0	0	0	0	0	0	0	0	0	0	0	0	0	0	0	0	0	0	0	0	0	0	5	6	7	8	0	0	0	0	9	2				
1538	1	2	0	0	0	0	0	0	0	3	4	0	0	0	0	0	0	0	5	6	0	0	0	0	0	0	0	7	8	1	0	0	0	0	0	0	0	0	0	0	0	0	0	0	0	9	10	11	12	0	0	0	0	13	2				
1539	1	2	0	0	0	0	0	0	0	3	4	0	0	0	0	0	0	0	5	6	1	0	0	0	0	0	0	0	0	0	0	0	0	0	0	0	0	0	0	0	0	0	0	0	0	7	8	9	10	0	0	0	0	11	2				
1540	1	2	0	0	0	0	0	0	0	3	4	0	0	0	0	0	0	0	5	6	1	7	1	8	0	0	0	0	0	0	0	0	0	0	0	0	0	0	0	0	0	0	0	0	0	9	10	11	12	0	0	0	0	13	2				
1541	1	2	0	0	0	0	0	0	0	3	4	1	0	0	0	0	0	0	0	0	0	0	0	0	0	0	0	0	0	0	0	0	0	0	0	0	0	0	0	0	0	0	0	0	0	5	6	7	8	0	0	0	0	9	2				
1542	1	2	0	0	0	0	0	0	0	3	4	1	5	0	0	0	0	0	0	0	0	0	0	0	0	0	0	0	0	0	0	0	0	0	0	0	0	0	0	0	0	0	0	0	0	6	7	8	9	0	0	0	0	10	2				
1543	1	2	0	0	0	0	0	0	0	3	4	1	5	0	0	0	0	0	6	7	0	0	0	0	0	0	0	0	0	0	0	0	0	0	0	0	0	0	0	0	0	0	0	0	0	8	9	10	11	12	13	0	0	14	2	1;ODYSSEY_0	1;ODYSSEY_0	1;ODYSSEY_0	ODYSSEY_0
1544	1	2	1	0	0	0	0	0	0	0	0	0	0	0	0	0	0	0	0	0	0	0	0	0	0	0	0	0	0	0	0	0	0	0	0	0	0	0	0	0	0	0	0	0	0	3	4	5	6	0	0	0	0	7	2	1;YAMA_0	1;YAMA_0	1;YAMA_0	YAMA_0
1545	1	2	0	0	0	0	0	0	0	3	4	1	0	0	0	0	0	0	0	0	0	0	0	0	0	0	0	0	0	0	0	0	0	0	0	0	0	0	0	0	0	0	0	0	0	5	6	7	8	9	10	0	0	11	2				
1546	1	2	1	0	0	0	0	0	0	0	0	0	0	0	0	0	0	0	0	0	0	0	0	0	0	0	0	0	0	0	0	0	0	0	0	0	0	0	0	0	0	0	0	0	0	3	4	5	6	0	0	0	0	7	2	1;YAMA_0	1;YAMA_0	1;YAMA_0	YAMA_0
1547	1	2	0	0	0	0	0	0	0	3	4	1	0	0	0	0	0	0	0	0	0	0	0	0	0	0	0	0	0	0	0	0	0	0	0	0	0	0	0	0	0	0	0	0	0	5	6	7	8	0	0	0	0	9	2				
1548	1	2	0	0	0	0	0	0	0	3	4	1	0	0	0	0	0	0	0	0	0	0	0	0	0	0	0	0	0	0	0	0	0	0	0	0	0	0	0	0	0	0	0	0	0	5	6	7	8	0	0	0	0	9	2	1;BABAROSA_0	1;BABAROSA_0	1;BABAROSA_0	BABAROSA_0
1549	1	2	1	0	0	0	0	0	0	0	0	0	0	0	0	0	0	0	0	0	0	0	0	0	0	0	0	0	0	0	0	0	0	0	0	0	0	0	0	0	0	0	0	0	0	3	4	5	6	0	0	0	0	7	2	1;MEDEA_0	1;MEDEA_0	1;MEDEA_0	MEDEA_0
1550	1	2	0	0	0	0	0	0	0	3	4	1	0	0	0	0	0	0	0	0	0	0	0	0	0	0	0	0	0	0	0	0	0	0	0	0	0	0	0	0	0	0	0	0	0	5	6	7	8	0	0	0	0	9	2	1;BABAROSA_0	1;BABAROSA_0	1;BABAROSA_0	BABAROSA_0
1551	1	2	1	0	0	0	0	0	0	0	0	0	0	0	0	0	0	0	0	0	0	0	0	0	0	0	0	0	0	0	0	0	0	0	0	0	0	0	0	0	0	0	0	0	0	3	4	5	6	0	0	0	0	7	2	1;MEDEA_0	1;MEDEA_0	1;MEDEA_0	MEDEA_0
1552	1	2	0	0	0	0	0	0	0	3	4	1	0	0	0	0	0	0	0	0	0	0	0	0	0	0	0	0	0	0	0	0	0	0	0	0	0	0	0	0	0	0	0	0	0	5	6	7	8	0	0	0	0	9	2	1;JASON_0	1;JASON_0	1;JASON_0	JASON_0
1553	1	2	1	0	0	0	0	0	0	0	0	0	0	0	0	0	0	0	0	0	0	0	0	0	0	0	0	0	0	0	0	0	0	0	0	0	0	0	0	0	0	0	0	0	0	3	4	5	6	0	0	0	0	7	2				
1554	1	2	1	0	0	0	0	0	0	0	0	0	0	0	0	0	0	0	0	0	0	0	0	0	0	0	0	0	0	0	0	0	0	0	0	0	0	0	0	0	0	0	0	0	0	3	4	5	6	0	0	0	0	7	2	1;SHADOW_0	1;SHADOW_0	1;SHADOW_0	SHADOW_0
1555	1	2	1	0	0	0	0	0	0	0	0	0	0	0	0	0	0	0	0	0	0	0	0	0	0	0	0	0	0	0	0	0	0	0	0	0	0	0	0	0	0	0	0	0	0	3	4	5	6	0	0	0	0	7	2				
1556	1	2	0	3	0	0	0	0	0	4	5	0	0	0	0	0	0	0	6	7	0	0	0	0	0	0	0	8	9	1	0	0	0	0	0	0	0	0	0	0	0	0	0	0	0	10	11	12	13	0	0	0	0	14	2	1;BISMARCK_0	1;BISMARCK_0	1;BISMARCK_0	BISMARCK_0
1557	1	2	0	0	0	0	0	0	0	3	4	1	0	0	0	0	0	0	0	0	0	0	0	0	0	0	0	0	0	0	0	0	0	0	0	0	0	0	0	0	0	0	0	0	0	5	6	7	8	0	0	0	0	9	2				
1558	1	2	0	0	0	0	0	0	0	3	4	1	0	0	0	0	0	0	0	0	0	0	0	0	0	0	0	0	0	0	0	0	0	0	0	0	0	0	0	0	0	0	0	0	0	5	6	7	8	0	0	0	0	9	2				
1559	1	2	0	0	0	0	0	0	0	3	4	0	0	0	0	0	0	0	5	6	1	0	0	0	0	0	0	0	0	0	0	0	0	0	0	0	0	0	0	0	0	0	0	0	0	7	8	9	10	0	0	0	0	11	2	1;BISMARCK_0	1;BISMARCK_0	1;BISMARCK_0	BISMARCK_0
1560	1	2	0	0	0	0	0	0	0	3	4	1	0	0	0	0	0	0	0	0	0	0	0	0	0	0	0	0	0	0	0	0	0	0	0	0	0	0	0	0	0	0	0	0	0	5	6	7	8	0	0	0	0	9	2	1;BISMARCK_0	1;BISMARCK_0	1;BISMARCK_0	BISMARCK_0
1561	1	2	0	0	0	0	0	0	0	3	4	1	0	0	0	0	0	0	0	0	0	0	0	0	0	0	0	0	0	0	0	0	0	0	0	0	0	0	0	0	0	0	0	0	0	5	6	7	8	0	0	0	0	9	2				
1562	1	2	1	0	0	0	0	0	0	0	0	0	0	0	0	0	0	0	0	0	0	0	0	0	0	0	0	0	0	0	0	0	0	0	0	0	0	0	0	0	0	0	0	0	0	3	4	5	6	0	0	0	0	7	2				
1563	1	2	1	0	0	0	0	0	0	0	0	0	0	0	0	0	0	0	0	0	0	0	0	0	0	0	0	0	0	0	0	0	0	0	0	0	0	0	0	0	0	0	0	0	0	3	4	5	6	0	0	0	0	7	2	1;BISMARCK_0	1;BISMARCK_0	1;BISMARCK_0	BISMARCK_0
1564	1	2	1	0	0	0	0	0	0	0	0	0	0	0	0	0	0	0	0	0	0	0	0	0	0	0	0	0	0	0	0	0	0	0	0	0	0	0	0	0	0	0	0	0	0	3	4	5	6	0	0	0	0	7	2	1;NELSON_0	1;NELSON_0	1;NELSON_0	NELSON_0
1568	1	2	1	0	0	0	0	0	0	0	0	0	0	0	0	0	0	0	0	0	0	0	0	0	0	0	0	0	0	0	0	0	0	0	0	0	0	0	0	0	0	0	0	0	0	3	4	5	6	0	0	0	0	7	2				
1569	1	2	0	0	0	0	0	0	0	3	4	1	0	0	0	0	0	0	0	0	0	0	0	0	0	0	0	0	0	0	0	0	0	0	0	0	0	0	0	0	0	0	0	0	0	5	6	7	8	0	0	0	0	9	2				
1570	1	2	1	0	0	0	0	0	0	0	0	0	0	0	0	0	0	0	0	0	0	0	0	0	0	0	0	0	0	0	0	0	0	0	0	0	0	0	0	0	0	0	0	0	0	3	4	5	6	0	0	0	0	7	2	1;PLATO_0	1;PLATO_0	1;PLATO_0	PLATO_0
1573	1	2	1	0	0	0	0	0	0	0	0	0	0	0	0	0	0	0	0	0	0	0	0	0	0	0	0	0	0	0	0	0	0	0	0	0	0	0	0	0	0	0	0	0	0	3	4	5	6	0	0	0	0	7	2	1;PLATO_0	1;PLATO_0	1;PLATO_0	PLATO_0
1574	1	2	0	0	0	0	0	0	0	3	4	0	0	0	0	0	0	0	5	6	1	0	0	0	0	0	0	0	0	0	0	0	0	0	0	0	0	0	0	0	0	0	0	0	0	7	8	9	10	0	0	0	0	11	2				
2000	1	2	0	0	0	0	0	0	0	3	4	1	0	0	0	0	0	0	0	0	0	0	0	0	0	0	0	0	0	0	0	0	0	0	0	0	0	0	0	0	0	0	0	0	0	5	6	7	8	0	0	0	0	9	2	1;MEDEA_2\n2;MEDEA_0\n\n\n		1;MEDEA_0\n\n	MEDEA_3
2001	1	2	0	0	0	0	0	0	0	3	4	0	0	0	0	0	0	0	5	6	1	0	0	0	0	0	0	0	0	0	0	0	0	0	0	0	0	0	0	0	0	0	0	0	0	7	8	9	10	11	12	0	0	13	2	1;MEDEA_0\n2;MEDEA_2\n3;MEDEA_0\n\n		1;MEDEA_2\n2;MEDEA_1\n	MEDEA_1
2002	1	2	0	0	0	0	0	0	0	3	4	1	0	0	0	0	0	0	0	0	0	0	0	0	0	0	0	0	0	0	0	0	0	0	0	0	0	0	0	0	0	0	0	0	0	5	6	7	8	0	0	0	0	9	2	1;ODYSSEY_0\n2;ODYSSEY_0\n\n\n	1;ODYSSEY_1	1;ODYSSEY_0\n\n	ODYSSEY_0
2003	1	2	1	0	0	0	0	0	0	0	0	0	0	0	0	0	0	0	0	0	0	0	0	0	0	0	0	0	0	0	0	0	0	0	0	0	0	0	0	0	0	0	0	0	0	3	4	5	6	0	0	0	0	7	2	1;ODYSSEY_0\n\n\n\n		1;ODYSSEY_0\n\n	ODYSSEY_3
2004	1	2	0	0	0	0	0	0	0	3	4	1	0	0	0	0	0	0	0	0	0	0	0	0	0	0	0	0	0	0	0	0	0	0	0	0	0	0	0	0	0	0	0	0	0	5	6	7	8	0	0	0	0	9	2	1;ODYSSEY_0\n2;ODYSSEY_0\n\n\n	1;ODYSSEY_1	1;ODYSSEY_1\n\n	ODYSSEY_1
2005	1	2	0	0	0	0	0	0	0	3	4	0	0	0	0	0	0	0	5	6	1	0	0	0	0	0	0	0	0	0	0	0	0	0	0	0	0	0	0	0	0	0	0	0	0	7	8	9	10	11	12	0	0	13	2	1;LOLA_0\n2;LOLA_0\n3;LOLA_3\n\n		1;LOLA_3\n2;LOLA_0\n	LOLA_0
2006	1	2	0	0	0	0	0	0	0	3	4	1	0	0	0	0	0	0	0	0	0	0	0	0	0	0	0	0	0	0	0	0	0	0	0	0	0	0	0	0	0	0	0	0	0	5	6	7	8	0	0	0	0	9	2	1;LOLA_0\n2;LOLA_2\n\n\n	1;LOLA_1	1;LOLA_3\n\n	LOLA_3
2007	1	2	0	0	0	0	0	0	0	3	4	1	0	0	0	0	0	0	0	0	0	0	0	0	0	0	0	0	0	0	0	0	0	0	0	0	0	0	0	0	0	0	0	0	0	5	6	7	8	0	0	0	0	9	2	1;ODYSSEY_0\n2;ODYSSEY_0\n\n\n	1;ODYSSEY_0	1;ODYSSEY_1\n\n	ODYSSEY_0
2008	1	2	0	0	0	0	0	0	0	3	4	1	0	0	0	0	0	0	0	0	0	0	0	0	0	0	0	0	0	0	0	0	0	0	0	0	0	0	0	0	0	0	0	0	0	5	6	7	8	0	0	0	0	9	2	1;SHADOW_1\n2;SHADOW_0\n\n\n	1;SHADOW_0	1;SHADOW_1\n\n	SHADOW_3
2009	1	2	0	0	0	0	0	0	0	3	4	1	0	0	0	0	0	0	0	0	0	0	0	0	0	0	0	0	0	0	0	0	0	0	0	0	0	0	0	0	0	0	0	0	0	5	6	7	8	0	0	0	0	9	2	1;ODYSSEY_1\n2;ODYSSEY_0\n\n\n	1;ODYSSEY_1	1;ODYSSEY_0\n\n	ODYSSEY_0
2010	1	2	0	0	0	0	0	0	0	3	4	1	0	0	0	0	0	0	0	0	0	0	0	0	0	0	0	0	0	0	0	0	0	0	0	0	0	0	0	0	0	0	0	0	0	5	6	7	8	0	0	0	0	9	2	1;ODYSSEY_0\n2;ODYSSEY_0\n\n\n	1;ODYSSEY_1	1;ODYSSEY_0\n\n	ODYSSEY_0
2011	1	2	0	0	0	0	0	0	0	3	4	1	0	0	0	0	0	0	0	0	0	0	0	0	0	0	0	0	0	0	0	0	0	0	0	0	0	0	0	0	0	0	0	0	0	5	6	7	8	0	0	0	0	9	2	1;ODYSSEY_0\n2;ODYSSEY_0\n\n\n	1;ODYSSEY_0	1;ODYSSEY_0\n\n	ODYSSEY_0
2012	1	2	0	0	0	0	0	0	0	3	4	0	0	0	0	0	0	0	5	6	1	0	0	0	0	0	0	0	0	0	0	0	0	0	0	0	0	0	0	0	0	0	0	0	0	7	8	9	10	0	0	0	0	11	2	1;ANGELINA_2\n2;ANGELINA_0\n3;ANGELINA_1\n\n		1;ANGELINA_1\n\n	ANGELINA_0
2013	1	2	0	0	0	0	0	0	0	3	4	1	0	0	0	0	0	0	0	0	0	0	0	0	0	0	0	0	0	0	0	0	0	0	0	0	0	0	0	0	0	0	0	0	0	5	6	7	8	0	0	0	0	9	2	1;SHADOW_0\n2;SHADOW_0\n\n\n	1;SHADOW_0	1;SHADOW_1\n\n	SHADOW_0
2014	1	2	1	0	0	0	0	0	0	0	0	0	0	0	0	0	0	0	0	0	0	0	0	0	0	0	0	0	0	0	0	0	0	0	0	0	0	0	0	0	0	0	0	0	0	3	4	5	6	0	0	0	0	7	2				
2015	1	2	1	0	0	0	0	0	0	0	0	0	0	0	0	0	0	0	0	0	0	0	0	0	0	0	0	0	0	0	0	0	0	0	0	0	0	0	0	0	0	0	0	0	0	3	4	5	6	7	8	0	0	9	2	1;ANGELINA_1\n\n\n\n	1;ANGELINA_0	1;ANGELINA_0\n2;ANGELINA_0\n	ANGELINA_1
2016	1	2	0	0	0	0	0	0	0	3	4	1	0	0	0	0	0	0	0	0	0	0	0	0	0	0	0	0	0	0	0	0	0	0	0	0	0	0	0	0	0	0	0	0	0	5	6	7	8	0	0	0	0	9	2	1;SHADOW_3\n2;SHADOW_0\n\n\n		1;SHADOW_1\n\n	SHADOW_2
2017	1	2	0	3	0	4	0	0	0	5	6	1	0	0	0	0	0	0	0	0	0	0	0	0	0	0	0	0	0	0	0	0	0	0	0	0	0	0	0	0	0	0	0	0	0	7	8	9	10	11	12	13	14	15	2		1;SAILIAN_0	1;SAILIAN_1\n2;SAILIAN_0\n3;SAILIAN_0	SAILIAN_2
2018	1	2	0	0	0	0	0	0	0	3	4	1	0	0	0	0	0	0	0	0	0	0	0	0	0	0	0	0	0	0	0	0	0	0	0	0	0	0	0	0	0	0	0	0	0	5	6	7	8	0	0	0	0	9	2				
2019	1	2	0	3	0	4	0	0	0	5	6	1	0	0	0	0	0	0	0	0	0	0	0	0	0	0	0	0	0	0	0	0	0	0	0	0	0	0	0	0	0	0	0	0	0	7	8	9	10	0	0	0	0	11	2	1;ODYSSEY_0\n2;ODYSSEY_0\n\n\n		1;ODYSSEY_3\n\n	ODYSSEY_2
2020	1	2	0	0	0	0	0	0	0	3	4	0	0	0	0	0	0	0	5	6	1	0	0	0	0	0	0	0	0	0	0	0	0	0	0	0	0	0	0	0	0	0	0	0	0	7	8	9	10	0	0	0	0	11	2	1;ODYSSEY_0\n2;ODYSSEY_0\n3;ODYSSEY_2\n\n	1;ODYSSEY_0	1;ODYSSEY_0\n\n	ODYSSEY_0
2021	1	2	0	0	0	0	0	0	0	3	4	1	0	0	0	0	0	0	0	0	0	0	0	0	0	0	0	0	0	0	0	0	0	0	0	0	0	0	0	0	0	0	0	0	0	5	6	7	8	0	0	0	0	9	2	1;PLATO_1\n2;PLATO_1\n\n\n	1;ODYSSEY_0	1;ODYSSEY_3\n\n	ODYSSEY_0
2022	1	2	0	0	0	0	0	0	0	3	4	0	0	0	0	0	0	0	5	6	1	0	0	0	0	0	0	0	0	0	0	0	0	0	0	0	0	0	0	0	0	0	0	0	0	7	8	9	10	11	12	0	0	13	2	1;PLATO_1\n2;PLATO_0\n3;PLATO_0\n\n	1;ODYSSEY_1	1;ODYSSEY_0\n2;ODYSSEY_1\n	ODYSSEY_2
2023	1	2	0	3	0	0	0	0	0	4	5	1	0	0	0	0	0	0	0	0	0	0	0	0	0	0	0	0	0	0	0	0	0	0	0	0	0	0	0	0	0	0	0	0	0	6	7	8	9	0	0	0	0	10	2	1;PLATO_0\n2;PLATO_0\n\n\n		1;PLATO_0\n\n	PLATO_1
2024	1	2	0	0	0	0	0	0	0	3	4	1	0	0	0	0	0	0	0	0	0	0	0	0	0	0	0	0	0	0	0	0	0	0	0	0	0	0	0	0	0	0	0	0	0	5	6	7	8	0	0	0	0	9	2	1;PLATO_2\n2;PLATO_0\n\n\n	1;PLATO_0	1;PLATO_0\n\n	PLATO_3
2025	1	2	0	0	0	0	0	0	0	3	4	1	0	0	0	0	0	0	0	0	0	0	0	0	0	0	0	0	0	0	0	0	0	0	0	0	0	0	0	0	0	0	0	0	0	5	6	7	8	0	0	0	0	9	2	1;ODYSSEY_1\n2;ODYSSEY_1\n\n\n	1;PLATO_0	1;PLATO_1\n\n	PLATO_3
2026	1	2	0	0	0	0	0	0	0	3	4	0	0	0	0	0	0	0	5	6	1	0	0	0	0	0	0	0	0	0	0	0	0	0	0	0	0	0	0	0	0	0	0	0	0	7	8	9	10	11	12	0	0	13	2	1;ODYSSEY_1\n2;ODYSSEY_1\n3;ODYSSEY_2\n\n	1;PLATO_1	1;PLATO_1\n2;PLATO_0\n	PLATO_3
2027	1	2	1	0	0	0	0	0	0	0	0	0	0	0	0	0	0	0	0	0	0	0	0	0	0	0	0	0	0	0	0	0	0	0	0	0	0	0	0	0	0	0	0	0	0	0	0	0	0	0	0	0	0	0	2	1;PLATO_1\n\n\n\n			
2028	1	2	1	0	0	0	0	0	0	0	0	0	0	0	0	0	0	0	0	0	0	0	0	0	0	0	0	0	0	0	0	0	0	0	0	0	0	0	0	0	0	0	0	0	0	0	0	0	0	0	0	0	0	0	2	1;ODYSSEY_1\n\n\n\n			
2034	1	2	1	0	0	0	0	0	0	0	0	0	0	0	0	0	0	0	0	0	0	0	0	0	0	0	0	0	0	0	0	0	0	0	0	0	0	0	0	0	0	0	0	0	0	3	4	5	6	0	0	0	0	7	2				
2035	1	2	1	0	0	0	0	0	0	0	0	0	0	0	0	0	0	0	0	0	0	0	0	0	0	0	0	0	0	0	0	0	0	0	0	0	0	0	0	0	0	0	0	0	0	3	4	5	6	0	0	0	0	7	2	1;ANGELINA_1\n\n\n\n	1;ANGELINA_1	1;ANGELINA_2\n\n	ANGELINA_1
2036	1	2	0	0	0	0	0	0	0	3	4	1	0	0	0	0	0	0	0	0	0	0	0	0	0	0	0	0	0	0	0	0	0	0	0	0	0	0	0	0	0	0	0	0	0	5	6	7	8	0	0	0	0	9	2				
2037	1	2	0	0	0	0	0	0	0	3	4	0	0	0	0	0	0	0	5	6	0	0	0	0	0	0	0	7	8	1	0	0	0	0	0	0	0	0	0	0	0	0	0	0	0	9	10	11	12	13	14	15	16	17	2	1;SAILIAN_3\n2;SAILIAN_1\n3;SAILIAN_0\n4;SAILIAN_0\n	1;SAILIAN_0	1;SAILIAN_2\n2;SAILIAN_2\n3;SAILIAN_2	SAILIAN_0
2038	1	2	1	0	0	0	0	0	0	0	0	0	0	0	0	0	0	0	0	0	0	0	0	0	0	0	0	0	0	0	0	0	0	0	0	0	0	0	0	0	0	0	0	0	0	3	4	5	6	0	0	0	0	7	2				
2170	1	2	0	0	0	0	0	0	0	3	4	0	0	0	0	0	0	0	5	6	1	7	0	0	0	0	0	0	0	0	0	0	0	0	0	0	0	0	0	0	0	0	0	0	0	8	9	10	11	0	0	0	0	12	2				
2171	1	2	0	0	0	0	0	0	0	3	4	1	5	0	0	0	0	0	0	0	0	0	0	0	0	0	0	0	0	0	0	0	0	0	0	0	0	0	0	0	0	0	0	0	0	6	7	8	9	0	0	0	0	10	2				
2172	1	2	1	3	0	0	0	0	0	0	0	0	0	0	0	0	0	0	0	0	0	0	0	0	0	0	0	0	0	0	0	0	0	0	0	0	0	0	0	0	0	0	0	0	0	4	5	6	7	0	0	0	0	8	2	1;BEERSALES_0	1;BEERSALES_0	1;BEERSALES_0	BEERSALES_0
2173	1	2	1	3	0	0	0	0	0	0	0	0	0	0	0	0	0	0	0	0	0	0	0	0	0	0	0	0	0	0	0	0	0	0	0	0	0	0	0	0	0	0	0	0	0	4	5	6	7	0	0	0	0	8	2	1;BEERSALES_0	1;BEERSALES_0	1;BEERSALES_0	BEERSALES_0
2174	1	2	1	3	0	0	0	0	0	0	0	0	0	0	0	0	0	0	0	0	0	0	0	0	0	0	0	0	0	0	0	0	0	0	0	0	0	0	0	0	0	0	0	0	0	4	5	6	7	0	0	0	0	8	2				
2175	1	2	0	0	0	0	0	0	0	3	4	1	5	0	0	0	0	0	0	0	0	0	0	0	0	0	0	0	0	0	0	0	0	0	0	0	0	0	0	0	0	0	0	0	0	6	7	8	9	0	0	0	0	10	2				
2176	1	2	0	0	0	0	0	0	0	3	4	1	5	0	0	0	0	0	0	0	0	0	0	0	0	0	0	0	0	0	0	0	0	0	0	0	0	0	0	0	0	0	0	0	0	6	7	8	9	0	0	0	0	10	2				
2177	1	2	1	3	0	0	0	0	0	0	0	0	0	0	0	0	0	0	0	0	0	0	0	0	0	0	0	0	0	0	0	0	0	0	0	0	0	0	0	0	0	0	0	0	0	4	5	6	7	0	0	0	0	8	2	1;BEERSALES_0	1;BEERSALES_0	1;BEERSALES_0	BEERSALES_0
2178	1	2	1	3	0	0	0	0	0	0	0	0	0	0	0	0	0	0	0	0	0	0	0	0	0	0	0	0	0	0	0	0	0	0	0	0	0	0	0	0	0	0	0	0	0	4	5	6	7	0	0	0	0	8	2				
2179	1	2	1	3	0	0	0	0	0	0	0	0	0	0	0	0	0	0	0	0	0	0	0	0	0	0	0	0	0	0	0	0	0	0	0	0	0	0	0	0	0	0	0	0	0	4	5	6	7	0	0	0	0	8	2				
2180	1	2	1	3	0	0	0	0	0	0	0	0	0	0	0	0	0	0	0	0	0	0	0	0	0	0	0	0	0	0	0	0	0	0	0	0	0	0	0	0	0	0	0	0	0	4	5	6	7	0	0	0	0	8	2				
2181	1	2	1	3	0	0	0	0	0	0	0	0	0	0	0	0	0	0	0	0	0	0	0	0	0	0	0	0	0	0	0	0	0	0	0	0	0	0	0	0	0	0	0	0	0	4	5	6	7	0	0	0	0	8	2				
2182	1	2	1	3	0	0	0	0	0	0	0	0	0	0	0	0	0	0	0	0	0	0	0	0	0	0	0	0	0	0	0	0	0	0	0	0	0	0	0	0	0	0	0	0	0	4	5	6	7	0	0	0	0	8	2				
2183	1	2	1	3	0	0	0	0	0	0	0	0	0	0	0	0	0	0	0	0	0	0	0	0	0	0	0	0	0	0	0	0	0	0	0	0	0	0	0	0	0	0	0	0	0	4	5	6	7	0	0	0	0	8	2				
2184	1	2	1	3	0	0	0	0	0	0	0	0	0	0	0	0	0	0	0	0	0	0	0	0	0	0	0	0	0	0	0	0	0	0	0	0	0	0	0	0	0	0	0	0	0	4	5	6	7	0	0	0	0	8	2				
2185	1	2	1	3	0	0	0	0	0	0	0	0	0	0	0	0	0	0	0	0	0	0	0	0	0	0	0	0	0	0	0	0	0	0	0	0	0	0	0	0	0	0	0	0	0	4	5	6	7	0	0	0	0	8	2				
2186	1	2	1	3	0	0	0	0	0	0	0	0	0	0	0	0	0	0	0	0	0	0	0	0	0	0	0	0	0	0	0	0	0	0	0	0	0	0	0	0	0	0	0	0	0	4	5	6	7	0	0	0	0	8	2				
2187	1	2	1	3	0	0	0	0	0	0	0	0	0	0	0	0	0	0	0	0	0	0	0	0	0	0	0	0	0	0	0	0	0	0	0	0	0	0	0	0	0	0	0	0	0	4	5	6	7	0	0	0	0	8	2				
2188	1	2	1	3	0	0	0	0	0	0	0	0	0	0	0	0	0	0	0	0	0	0	0	0	0	0	0	0	0	0	0	0	0	0	0	0	0	0	0	0	0	0	0	0	0	4	5	6	7	0	0	0	0	8	2				
2189	1	2	1	3	0	0	0	0	0	0	0	0	0	0	0	0	0	0	0	0	0	0	0	0	0	0	0	0	0	0	0	0	0	0	0	0	0	0	0	0	0	0	0	0	0	4	5	6	7	0	0	0	0	8	2				
2190	1	2	1	3	0	0	0	0	0	0	0	0	0	0	0	0	0	0	0	0	0	0	0	0	0	0	0	0	0	0	0	0	0	0	0	0	0	0	0	0	0	0	0	0	0	4	5	6	7	0	0	0	0	8	2				
2191	1	2	1	3	0	0	0	0	0	0	0	0	0	0	0	0	0	0	0	0	0	0	0	0	0	0	0	0	0	0	0	0	0	0	0	0	0	0	0	0	0	0	0	0	0	4	5	6	7	0	0	0	0	8	2				
2192	1	2	1	3	0	0	0	0	0	0	0	0	0	0	0	0	0	0	0	0	0	0	0	0	0	0	0	0	0	0	0	0	0	0	0	0	0	0	0	0	0	0	0	0	0	4	5	6	7	0	0	0	0	8	2				
2193	1	2	1	3	0	0	0	0	0	0	0	0	0	0	0	0	0	0	0	0	0	0	0	0	0	0	0	0	0	0	0	0	0	0	0	0	0	0	0	0	0	0	0	0	0	4	5	6	7	0	0	0	0	8	2				
2194	1	2	1	3	0	0	0	0	0	0	0	0	0	0	0	0	0	0	0	0	0	0	0	0	0	0	0	0	0	0	0	0	0	0	0	0	0	0	0	0	0	0	0	0	0	4	5	6	7	0	0	0	0	8	2				
2195	1	2	1	3	0	0	0	0	0	0	0	0	0	0	0	0	0	0	0	0	0	0	0	0	0	0	0	0	0	0	0	0	0	0	0	0	0	0	0	0	0	0	0	0	0	4	5	6	7	0	0	0	0	8	2				
2196	1	2	1	3	0	0	0	0	0	0	0	0	0	0	0	0	0	0	0	0	0	0	0	0	0	0	0	0	0	0	0	0	0	0	0	0	0	0	0	0	0	0	0	0	0	4	5	6	7	0	0	0	0	8	2				
2500	1	2	1	0	0	0	0	0	0	0	0	0	0	0	0	0	0	0	0	0	0	0	0	0	0	0	0	0	0	0	0	0	0	0	0	0	0	0	0	0	0	0	0	0	0	3	4	5	6	0	0	0	0	7	2				
2501	1	2	1	0	0	0	0	0	0	0	0	0	0	0	0	0	0	0	0	0	0	0	0	0	0	0	0	0	0	0	0	0	0	0	0	0	0	0	0	0	0	0	0	0	0	3	4	5	6	0	0	0	0	7	2				
2502	1	2	1	0	0	0	0	0	0	0	0	0	0	0	0	0	0	0	0	0	0	0	0	0	0	0	0	0	0	0	0	0	0	0	0	0	0	0	0	0	0	0	0	0	0	3	4	5	6	0	0	0	0	7	2				
2503	1	2	1	0	0	0	0	0	0	0	0	0	0	0	0	0	0	0	0	0	0	0	0	0	0	0	0	0	0	0	0	0	0	0	0	0	0	0	0	0	0	0	0	0	0	3	4	5	6	0	0	0	0	7	2				
2504	1	2	1	0	0	0	0	0	0	0	0	0	0	0	0	0	0	0	0	0	0	0	0	0	0	0	0	0	0	0	0	0	0	0	0	0	0	0	0	0	0	0	0	0	0	3	4	5	6	0	0	0	0	7	2				
2505	1	2	1	0	0	0	0	0	0	0	0	0	0	0	0	0	0	0	0	0	0	0	0	0	0	0	0	0	0	0	0	0	0	0	0	0	0	0	0	0	0	0	0	0	0	3	4	5	6	0	0	0	0	7	2				
2506	1	2	1	0	0	0	0	0	0	0	0	0	0	0	0	0	0	0	0	0	0	0	0	0	0	0	0	0	0	0	0	0	0	0	0	0	0	0	0	0	0	0	0	0	0	3	4	5	6	0	0	0	0	7	2				
2507	1	2	1	0	0	0	0	0	0	0	0	0	0	0	0	0	0	0	0	0	0	0	0	0	0	0	0	0	0	0	0	0	0	0	0	0	0	0	0	0	0	0	0	0	0	3	4	5	6	0	0	0	0	7	2				
2508	1	2	1	0	0	0	0	0	0	0	0	0	0	0	0	0	0	0	0	0	0	0	0	0	0	0	0	0	0	0	0	0	0	0	0	0	0	0	0	0	0	0	0	0	0	3	4	5	6	0	0	0	0	7	2				
2509	1	2	1	0	0	0	0	0	0	0	0	0	0	0	0	0	0	0	0	0	0	0	0	0	0	0	0	0	0	0	0	0	0	0	0	0	0	0	0	0	0	0	0	0	0	3	4	5	6	0	0	0	0	7	2				
2510	1	2	1	0	0	0	0	0	0	0	0	0	0	0	0	0	0	0	0	0	0	0	0	0	0	0	0	0	0	0	0	0	0	0	0	0	0	0	0	0	0	0	0	0	0	3	4	5	6	0	0	0	0	7	2				
2511	1	2	1	0	0	0	0	0	0	0	0	0	0	0	0	0	0	0	0	0	0	0	0	0	0	0	0	0	0	0	0	0	0	0	0	0	0	0	0	0	0	0	0	0	0	3	4	5	6	0	0	0	0	7	2	1;YAMA_0\n\n\n\n	1;YAMA_0	1;YAMA_3\n\n	YAMA_3
2512	1	2	1	0	0	0	0	0	0	0	0	0	0	0	0	0	0	0	0	0	0	0	0	0	0	0	0	0	0	0	0	0	0	0	0	0	0	0	0	0	0	0	0	0	0	3	4	5	6	0	0	0	0	7	2	1;BISMARCK_0\n\n\n\n	1;BISMARCK_0	1;BISMARCK_3\n\n	BISMARCK_3
2513	1	2	1	0	0	0	0	0	0	0	0	0	0	0	0	0	0	0	0	0	0	0	0	0	0	0	0	0	0	0	0	0	0	0	0	0	0	0	0	0	0	0	0	0	0	3	4	5	6	0	0	0	0	7	2	1;NELSON_0\n\n\n\n	1;NELSON_0	1;NELSON_3\n\n	NELSON_0
2514	1	2	1	0	0	0	0	0	0	0	0	0	0	0	0	0	0	0	0	0	0	0	0	0	0	0	0	0	0	0	0	0	0	0	0	0	0	0	0	0	0	0	0	0	0	3	4	5	6	0	0	0	0	7	2				
2515	1	2	1	3	0	0	0	0	0	0	0	0	0	0	0	0	0	0	0	0	0	0	0	0	0	0	0	0	0	0	0	0	0	0	0	0	0	0	0	0	0	0	0	0	0	4	5	6	7	0	0	0	0	8	2				
2516	1	2	1	3	0	0	0	0	0	0	0	0	0	0	0	0	0	0	0	0	0	0	0	0	0	0	0	0	0	0	0	0	0	0	0	0	0	0	0	0	0	0	0	0	0	4	5	6	7	0	0	0	0	8	2				
2517	1	2	1	3	0	0	0	0	0	0	0	0	0	0	0	0	0	0	0	0	0	0	0	0	0	0	0	0	0	0	0	0	0	0	0	0	0	0	0	0	0	0	0	0	0	4	5	6	7	0	0	0	0	8	2				
2518	1	2	1	3	0	0	0	0	0	0	0	0	0	0	0	0	0	0	0	0	0	0	0	0	0	0	0	0	0	0	0	0	0	0	0	0	0	0	0	0	0	0	0	0	0	4	5	6	7	0	0	0	0	8	2				
2519	1	2	1	3	0	0	0	0	0	0	0	0	0	0	0	0	0	0	0	0	0	0	0	0	0	0	0	0	0	0	0	0	0	0	0	0	0	0	0	0	0	0	0	0	0	4	5	6	7	0	0	0	0	8	2				
2550	1	2	1	0	0	0	0	0	0	0	0	0	0	0	0	0	0	0	0	0	0	0	0	0	0	0	0	0	0	0	0	0	0	0	0	0	0	0	0	0	0	0	0	0	0	3	4	5	6	0	0	0	0	7	2				
2551	1	2	1	0	0	0	0	0	0	0	0	0	0	0	0	0	0	0	0	0	0	0	0	0	0	0	0	0	0	0	0	0	0	0	0	0	0	0	0	0	0	0	0	0	0	3	4	5	6	0	0	0	0	7	2				
2552	1	2	1	0	0	0	0	0	0	0	0	0	0	0	0	0	0	0	0	0	0	0	0	0	0	0	0	0	0	0	0	0	0	0	0	0	0	0	0	0	0	0	0	0	0	3	4	5	6	0	0	0	0	7	2				
2553	1	2	1	0	0	0	0	0	0	0	0	0	0	0	0	0	0	0	0	0	0	0	0	0	0	0	0	0	0	0	0	0	0	0	0	0	0	0	0	0	0	0	0	0	0	3	4	5	6	0	0	0	0	7	2				
2554	1	2	1	0	0	0	0	0	0	0	0	0	0	0	0	0	0	0	0	0	0	0	0	0	0	0	0	0	0	0	0	0	0	0	0	0	0	0	0	0	0	0	0	0	0	3	4	5	6	0	0	0	0	7	2				
2555	1	2	1	0	0	0	0	0	0	0	0	0	0	0	0	0	0	0	0	0	0	0	0	0	0	0	0	0	0	0	0	0	0	0	0	0	0	0	0	0	0	0	0	0	0	3	4	5	6	0	0	0	0	7	2				
2556	1	2	1	0	0	0	0	0	0	0	0	0	0	0	0	0	0	0	0	0	0	0	0	0	0	0	0	0	0	0	0	0	0	0	0	0	0	0	0	0	0	0	0	0	0	3	4	5	6	0	0	0	0	7	2				
2557	1	2	1	0	0	0	0	0	0	0	0	0	0	0	0	0	0	0	0	0	0	0	0	0	0	0	0	0	0	0	0	0	0	0	0	0	0	0	0	0	0	0	0	0	0	3	4	5	6	0	0	0	0	7	2				
2558	1	2	1	0	0	0	0	0	0	0	0	0	0	0	0	0	0	0	0	0	0	0	0	0	0	0	0	0	0	0	0	0	0	0	0	0	0	0	0	0	0	0	0	0	0	3	4	5	6	0	0	0	0	7	2				
2559	1	2	1	0	0	0	0	0	0	0	0	0	0	0	0	0	0	0	0	0	0	0	0	0	0	0	0	0	0	0	0	0	0	0	0	0	0	0	0	0	0	0	0	0	0	3	4	5	6	0	0	0	0	7	2				
2560	1	2	1	0	0	0	0	0	0	0	0	0	0	0	0	0	0	0	0	0	0	0	0	0	0	0	0	0	0	0	0	0	0	0	0	0	0	0	0	0	0	0	0	0	0	3	4	5	6	0	0	0	0	7	2	1;BLACKBEARD_0\n\n\n\n	1;BLACKBEARD_0	1;BLACKBEARD_0\n\n	BLACKBEARD_0
2561	1	2	1	0	0	0	0	0	0	0	0	0	0	0	0	0	0	0	0	0	0	0	0	0	0	0	0	0	0	0	0	0	0	0	0	0	0	0	0	0	0	0	0	0	0	3	4	5	6	0	0	0	0	7	2	1;BABAROSA_0\n\n\n\n	1;BABAROSA_0	1;BABAROSA_0\n\n	BABAROSA_0
2562	1	2	1	0	0	0	0	0	0	0	0	0	0	0	0	0	0	0	0	0	0	0	0	0	0	0	0	0	0	0	0	0	0	0	0	0	0	0	0	0	0	0	0	0	0	3	4	5	6	0	0	0	0	7	2	1;JASON_0\n\n\n\n	1;JASON_0	1;JASON_3\n\n	JASON_3
2563	1	2	1	0	0	0	0	0	0	0	0	0	0	0	0	0	0	0	0	0	0	0	0	0	0	0	0	0	0	0	0	0	0	0	0	0	0	0	0	0	0	0	0	0	0	3	4	5	6	0	0	0	0	7	2				
2600	1	2	1	3	0	0	0	0	0	0	0	0	0	0	0	0	0	0	0	0	0	0	0	0	0	0	0	0	0	0	0	0	0	0	0	0	0	0	0	0	0	0	0	0	0	4	5	6	7	0	0	0	0	8	2	1;LITTLENURSE_0	1;LITTLENURSE_0	1;LITTLENURSE_1	LITTLENURSE_1
2601	1	2	1	3	0	0	0	0	0	0	0	0	0	0	0	0	0	0	0	0	0	0	0	0	0	0	0	0	0	0	0	0	0	0	0	0	0	0	0	0	0	0	0	0	0	4	5	6	7	0	0	0	0	8	2	1;LITTLENURSE_0	1;LITTLENURSE_0	1;LITTLENURSE_1	LITTLENURSE_1
2602	1	2	1	3	0	0	0	0	0	0	0	0	0	0	0	0	0	0	0	0	0	0	0	0	0	0	0	0	0	0	0	0	0	0	0	0	0	0	0	0	0	0	0	0	0	4	5	6	7	0	0	0	0	8	2	1;LITTLENURSE_0	1;LITTLENURSE_0	1;LITTLENURSE_1	LITTLENURSE_1
2603	1	2	1	3	0	0	0	0	0	0	0	0	0	0	0	0	0	0	0	0	0	0	0	0	0	0	0	0	0	0	0	0	0	0	0	0	0	0	0	0	0	0	0	0	0	4	5	6	7	0	0	0	0	8	2	1;LITTLENURSE_0	1;LITTLENURSE_0	1;LITTLENURSE_1	LITTLENURSE_1
2604	1	2	1	3	0	0	0	0	0	0	0	0	0	0	0	0	0	0	0	0	0	0	0	0	0	0	0	0	0	0	0	0	0	0	0	0	0	0	0	0	0	0	0	0	0	4	5	6	7	0	0	0	0	8	2	1;LITTLENURSE_0	1;LITTLENURSE_0	1;LITTLENURSE_1	LITTLENURSE_1
2605	1	2	1	0	0	0	0	0	0	0	0	0	0	0	0	0	0	0	0	0	0	0	0	0	0	0	0	0	0	0	0	0	0	0	0	0	0	0	0	0	0	0	0	0	0	3	4	5	6	0	0	0	0	7	2	1;LOLA_3\n\n\n\n	1;LOLA_0	1;LOLA_3\n\n	LOLA_0
2606	1	2	1	0	0	0	0	0	0	0	0	0	0	0	0	0	0	0	0	0	0	0	0	0	0	0	0	0	0	0	0	0	0	0	0	0	0	0	0	0	0	0	0	0	0	3	4	5	6	0	0	0	0	7	2	1;LOLA_3\n\n\n\n	1;LOLA_0	1;LOLA_3\n\n	LOLA_0
2607	1	2	1	0	0	0	0	0	0	0	0	0	0	0	0	0	0	0	0	0	0	0	0	0	0	0	0	0	0	0	0	0	0	0	0	0	0	0	0	0	0	0	0	0	0	3	4	5	6	0	0	0	0	7	2	1;KAREN_0\n\n\n\n	1;KAREN_0	1;KAREN_0\n\n	KAREN_0
2608	1	2	1	0	0	0	0	0	0	0	0	0	0	0	0	0	0	0	0	0	0	0	0	0	0	0	0	0	0	0	0	0	0	0	0	0	0	0	0	0	0	0	0	0	0	3	4	5	6	0	0	0	0	7	2	1;KAREN_0\n\n\n\n	1;KAREN_0	1;KAREN_0\n\n	KAREN_0
2609	1	2	1	0	0	0	0	0	0	0	0	0	0	0	0	0	0	0	0	0	0	0	0	0	0	0	0	0	0	0	0	0	0	0	0	0	0	0	0	0	0	0	0	0	0	3	4	5	6	0	0	0	0	7	2				
2610	1	2	1	0	0	0	0	0	0	0	0	0	0	0	0	0	0	0	0	0	0	0	0	0	0	0	0	0	0	0	0	0	0	0	0	0	0	0	0	0	0	0	0	0	0	3	4	5	6	0	0	0	0	7	2				
2611	1	2	1	0	0	0	0	0	0	0	0	0	0	0	0	0	0	0	0	0	0	0	0	0	0	0	0	0	0	0	0	0	0	0	0	0	0	0	0	0	0	0	0	0	0	3	4	5	6	0	0	0	0	7	2				
2612	1	2	1	0	0	0	0	0	0	0	0	0	0	0	0	0	0	0	0	0	0	0	0	0	0	0	0	0	0	0	0	0	0	0	0	0	0	0	0	0	0	0	0	0	0	3	4	5	6	0	0	0	0	7	2				
2613	1	2	1	0	0	0	0	0	0	0	0	0	0	0	0	0	0	0	0	0	0	0	0	0	0	0	0	0	0	0	0	0	0	0	0	0	0	0	0	0	0	0	0	0	0	3	4	5	6	0	0	0	0	7	2				
2614	1	2	1	0	0	0	0	0	0	0	0	0	0	0	0	0	0	0	0	0	0	0	0	0	0	0	0	0	0	0	0	0	0	0	0	0	0	0	0	0	0	0	0	0	0	3	4	5	6	0	0	0	0	7	2				
2615	1	2	0	0	0	0	0	0	0	3	4	1	0	0	0	0	0	0	0	0	0	0	0	0	0	0	0	0	0	0	0	0	0	0	0	0	0	0	0	0	0	0	0	0	0	5	6	7	8	0	0	0	0	9	2				
2616	1	2	1	0	0	0	0	0	0	0	0	0	0	0	0	0	0	0	0	0	0	0	0	0	0	0	0	0	0	0	0	0	0	0	0	0	0	0	0	0	0	0	0	0	0	3	4	5	6	0	0	0	0	7	2				
2617	1	2	1	0	0	0	0	0	0	0	0	0	0	0	0	0	0	0	0	0	0	0	0	0	0	0	0	0	0	0	0	0	0	0	0	0	0	0	0	0	0	0	0	0	0	3	4	5	6	0	0	0	0	7	2	1;ANGELINA_0\n\n\n\n	1;ANGELINA_0	1;ANGELINA_3\n\n	ANGELINA_0
2618	1	2	0	0	0	0	0	0	0	3	4	1	0	0	0	0	0	0	0	0	0	0	0	0	0	0	0	0	0	0	0	0	0	0	0	0	0	0	0	0	0	0	0	0	0	5	6	7	8	0	0	0	0	9	2	1;ANGELINA_0\n\n\n\n	1;ANGELINA_0	1;ANGELINA_3\n\n	ANGELINA_0
2619	1	2	0	0	0	0	0	0	0	3	4	1	0	0	0	0	0	0	0	0	0	0	0	0	0	0	0	0	0	0	0	0	0	0	0	0	0	0	0	0	0	0	0	0	0	5	6	7	8	0	0	0	0	9	2	1;SAILIAN_0\n2;SAILIAN_2\n\n\n	1;SAILIAN_0	1;SAILIAN_0\n\n	SAILIAN_0
2620	1	2	1	0	0	0	0	0	0	0	0	0	0	0	0	0	0	0	0	0	0	0	0	0	0	0	0	0	0	0	0	0	0	0	0	0	0	0	0	0	0	0	0	0	0	3	4	5	6	0	0	0	0	7	2	1;SAILIAN_0\n\n\n\n	1;SAILIAN_0	1;SAILIAN_0\n\n	SAILIAN_0
2621	1	2	1	0	0	0	0	0	0	0	0	0	0	0	0	0	0	0	0	0	0	0	0	0	0	0	0	0	0	0	0	0	0	0	0	0	0	0	0	0	0	0	0	0	0	3	4	5	6	0	0	0	0	7	2	1;SAILIAN_0\n\n\n\n	1;SAILIAN_0	1;SAILIAN_0\n\n	SAILIAN_0
2622	1	2	1	0	0	0	0	0	0	0	0	0	0	0	0	0	0	0	0	0	0	0	0	0	0	0	0	0	0	0	0	0	0	0	0	0	0	0	0	0	0	0	0	0	0	3	4	5	6	0	0	0	0	7	2	1;SAILIAN_0\n\n\n\n	1;SAILIAN_0	1;SAILIAN_0\n\n	SAILIAN_0
2623	1	2	1	0	0	0	0	0	0	0	0	0	0	0	0	0	0	0	0	0	0	0	0	0	0	0	0	0	0	0	0	0	0	0	0	0	0	0	0	0	0	0	0	0	0	3	4	5	6	0	0	0	0	7	2				
2624	1	2	1	0	0	0	0	0	0	0	0	0	0	0	0	0	0	0	0	0	0	0	0	0	0	0	0	0	0	0	0	0	0	0	0	0	0	0	0	0	0	0	0	0	0	3	4	5	6	0	0	0	0	7	2				
2625	1	2	1	0	0	0	0	0	0	0	0	0	0	0	0	0	0	0	0	0	0	0	0	0	0	0	0	0	0	0	0	0	0	0	0	0	0	0	0	0	0	0	0	0	0	3	4	5	6	0	0	0	0	7	2	1;DRAKE_0\n\n\n\n	1;DRAKE_2	1;DRAKE_0\n\n	DRAKE_0
2626	1	2	1	0	0	0	0	0	0	0	0	0	0	0	0	0	0	0	0	0	0	0	0	0	0	0	0	0	0	0	0	0	0	0	0	0	0	0	0	0	0	0	0	0	0	3	4	5	6	0	0	0	0	7	2	1;DRAKE_0\n\n\n\n	1;DRAKE_2	1;DRAKE_3\n\n	DRAKE_0
2627	1	2	1	0	0	0	0	0	0	0	0	0	0	0	0	0	0	0	0	0	0	0	0	0	0	0	0	0	0	0	0	0	0	0	0	0	0	0	0	0	0	0	0	0	0	3	4	5	6	0	0	0	0	7	2				
2628	1	2	0	0	0	0	0	0	0	3	4	0	0	0	0	0	0	0	0	0	0	0	0	0	0	0	0	0	0	0	0	0	0	0	0	0	0	0	0	0	0	0	0	0	0	5	6	7	8	0	0	0	0	9	2				
2629	1	2	1	3	0	0	0	0	0	0	0	0	0	0	0	0	0	0	0	0	0	0	0	0	0	0	0	0	0	0	0	0	0	0	0	0	0	0	0	0	0	0	0	0	0	0	0	0	0	0	0	0	0	0	0	1;LOLA_0\n\n\n\n			
2630	1	2	1	0	0	0	0	0	0	0	0	0	0	0	0	0	0	0	0	0	0	0	0	0	0	0	0	0	0	0	0	0	0	0	0	0	0	0	0	0	0	0	0	0	0	3	4	5	6	0	0	0	0	7	2				
2631	1	2	1	3	0	0	0	0	0	0	0	0	0	0	0	0	0	0	0	0	0	0	0	0	0	0	0	0	0	0	0	0	0	0	0	0	0	0	0	0	0	0	0	0	0	0	0	0	0	0	0	0	0	0	0	1;KAREN_0\n\n\n\n			
2632	1	2	1	0	0	0	0	0	0	0	0	0	0	0	0	0	0	0	0	0	0	0	0	0	0	0	0	0	0	0	0	0	0	0	0	0	0	0	0	0	0	0	0	0	0	3	4	5	6	0	0	0	0	7	2				
2633	1	2	1	3	0	0	0	0	0	0	0	0	0	0	0	0	0	0	0	0	0	0	0	0	0	0	0	0	0	0	0	0	0	0	0	0	0	0	0	0	0	0	0	0	0	0	0	0	0	0	0	0	0	0	0				
2634	1	2	1	0	0	0	0	0	0	0	0	0	0	0	0	0	0	0	0	0	0	0	0	0	0	0	0	0	0	0	0	0	0	0	0	0	0	0	0	0	0	0	0	0	0	3	4	5	6	0	0	0	0	7	2				
2635	1	2	1	3	0	0	0	0	0	0	0	0	0	0	0	0	0	0	0	0	0	0	0	0	0	0	0	0	0	0	0	0	0	0	0	0	0	0	0	0	0	0	0	0	0	0	0	0	0	0	0	0	0	0	0				
2636	1	2	1	0	0	0	0	0	0	0	0	0	0	0	0	0	0	0	0	0	0	0	0	0	0	0	0	0	0	0	0	0	0	0	0	0	0	0	0	0	0	0	0	0	0	3	4	5	6	0	0	0	0	7	2				
3000	1	2	1	3	0	0	0	0	0	0	0	0	0	0	0	0	0	0	0	0	0	0	0	0	0	0	0	0	0	0	0	0	0	0	0	0	0	0	0	0	0	0	0	0	0	0	0	0	0	0	0	0	0	0	0				
3001	1	2	1	3	0	0	0	0	0	0	0	0	0	0	0	0	0	0	0	0	0	0	0	0	0	0	0	0	0	0	0	0	0	0	0	0	0	0	0	0	0	0	0	0	0	0	0	0	0	0	0	0	0	0	0				
3002	1	2	1	3	0	0	0	0	0	0	0	0	0	0	0	0	0	0	0	0	0	0	0	0	0	0	0	0	0	0	0	0	0	0	0	0	0	0	0	0	0	0	0	0	0	0	0	0	0	0	0	0	0	0	0				
3003	1	2	1	3	0	0	0	0	0	0	0	0	0	0	0	0	0	0	0	0	0	0	0	0	0	0	0	0	0	0	0	0	0	0	0	0	0	0	0	0	0	0	0	0	0	0	0	0	0	0	0	0	0	0	0				
3004	1	2	1	3	0	0	0	0	0	0	0	0	0	0	0	0	0	0	0	0	0	0	0	0	0	0	0	0	0	0	0	0	0	0	0	0	0	0	0	0	0	0	0	0	0	0	0	0	0	0	0	0	0	0	0				
3005	1	2	1	3	0	0	0	0	0	0	0	0	0	0	0	0	0	0	0	0	0	0	0	0	0	0	0	0	0	0	0	0	0	0	0	0	0	0	0	0	0	0	0	0	0	0	0	0	0	0	0	0	0	0	0				
3006	1	2	1	3	0	0	0	0	0	0	0	0	0	0	0	0	0	0	0	0	0	0	0	0	0	0	0	0	0	0	0	0	0	0	0	0	0	0	0	0	0	0	0	0	0	0	0	0	0	0	0	0	0	0	0				
3007	1	2	1	3	0	0	0	0	0	0	0	0	0	0	0	0	0	0	0	0	0	0	0	0	0	0	0	0	0	0	0	0	0	0	0	0	0	0	0	0	0	0	0	0	0	0	0	0	0	0	0	0	0	0	0				
3008	1	2	1	3	0	0	0	0	0	0	0	0	0	0	0	0	0	0	0	0	0	0	0	0	0	0	0	0	0	0	0	0	0	0	0	0	0	0	0	0	0	0	0	0	0	0	0	0	0	0	0	0	0	0	0				
3009	1	2	1	3	0	0	0	0	0	0	0	0	0	0	0	0	0	0	0	0	0	0	0	0	0	0	0	0	0	0	0	0	0	0	0	0	0	0	0	0	0	0	0	0	0	0	0	0	0	0	0	0	0	0	0				
3010	1	2	1	3	0	0	0	0	0	0	0	0	0	0	0	0	0	0	0	0	0	0	0	0	0	0	0	0	0	0	0	0	0	0	0	0	0	0	0	0	0	0	0	0	0	0	0	0	0	0	0	0	0	0	0				
3011	1	2	1	3	0	0	0	0	0	0	0	0	0	0	0	0	0	0	0	0	0	0	0	0	0	0	0	0	0	0	0	0	0	0	0	0	0	0	0	0	0	0	0	0	0	0	0	0	0	0	0	0	0	0	0				
3012	1	2	1	3	0	0	0	0	0	0	0	0	0	0	0	0	0	0	0	0	0	0	0	0	0	0	0	0	0	0	0	0	0	0	0	0	0	0	0	0	0	0	0	0	0	0	0	0	0	0	0	0	0	0	0				
3013	1	2	1	3	0	0	0	0	0	0	0	0	0	0	0	0	0	0	0	0	0	0	0	0	0	0	0	0	0	0	0	0	0	0	0	0	0	0	0	0	0	0	0	0	0	0	0	0	0	0	0	0	0	0	0				
3014	1	2	1	3	0	0	0	0	0	0	0	0	0	0	0	0	0	0	0	0	0	0	0	0	0	0	0	0	0	0	0	0	0	0	0	0	0	0	0	0	0	0	0	0	0	0	0	0	0	0	0	0	0	0	0				
3015	1	2	1	3	0	0	0	0	0	0	0	0	0	0	0	0	0	0	0	0	0	0	0	0	0	0	0	0	0	0	0	0	0	0	0	0	0	0	0	0	0	0	0	0	0	0	0	0	0	0	0	0	0	0	0				
3016	1	2	1	3	0	0	0	0	0	0	0	0	0	0	0	0	0	0	0	0	0	0	0	0	0	0	0	0	0	0	0	0	0	0	0	0	0	0	0	0	0	0	0	0	0	0	0	0	0	0	0	0	0	0	0				
3017	1	2	1	3	0	0	0	0	0	0	0	0	0	0	0	0	0	0	0	0	0	0	0	0	0	0	0	0	0	0	0	0	0	0	0	0	0	0	0	0	0	0	0	0	0	0	0	0	0	0	0	0	0	0	0				
3018	1	2	1	3	0	0	0	0	0	0	0	0	0	0	0	0	0	0	0	0	0	0	0	0	0	0	0	0	0	0	0	0	0	0	0	0	0	0	0	0	0	0	0	0	0	0	0	0	0	0	0	0	0	0	0				
3019	1	2	1	3	0	0	0	0	0	0	0	0	0	0	0	0	0	0	0	0	0	0	0	0	0	0	0	0	0	0	0	0	0	0	0	0	0	0	0	0	0	0	0	0	0	0	0	0	0	0	0	0	0	0	0				
3020	1	2	1	3	0	0	0	0	0	0	0	0	0	0	0	0	0	0	0	0	0	0	0	0	0	0	0	0	0	0	0	0	0	0	0	0	0	0	0	0	0	0	0	0	0	0	0	0	0	0	0	0	0	0	0				
3021	1	2	1	3	0	0	0	0	0	0	0	0	0	0	0	0	0	0	0	0	0	0	0	0	0	0	0	0	0	0	0	0	0	0	0	0	0	0	0	0	0	0	0	0	0	0	0	0	0	0	0	0	0	0	0	1;COLUMBUS_0\n\n\n\n			
3022	1	2	1	3	0	0	0	0	0	0	0	0	0	0	0	0	0	0	0	0	0	0	0	0	0	0	0	0	0	0	0	0	0	0	0	0	0	0	0	0	0	0	0	0	0	0	0	0	0	0	0	0	0	0	0	1;COLUMBUS_0\n\n\n\n			
3023	1	2	1	3	0	0	0	0	0	0	0	0	0	0	0	0	0	0	0	0	0	0	0	0	0	0	0	0	0	0	0	0	0	0	0	0	0	0	0	0	0	0	0	0	0	0	0	0	0	0	0	0	0	0	0	1;COLUMBUS_0\n\n\n\n			
3024	1	2	1	3	0	0	0	0	0	0	0	0	0	0	0	0	0	0	0	0	0	0	0	0	0	0	0	0	0	0	0	0	0	0	0	0	0	0	0	0	0	0	0	0	0	0	0	0	0	0	0	0	0	0	0	1;COLUMBUS_0\n\n\n\n			
3025	1	2	1	3	0	0	0	0	0	0	0	0	0	0	0	0	0	0	0	0	0	0	0	0	0	0	0	0	0	0	0	0	0	0	0	0	0	0	0	0	0	0	0	0	0	0	0	0	0	0	0	0	0	0	0	1;COLUMBUS_0\n\n\n\n			
3026	1	2	1	3	0	0	0	0	0	0	0	0	0	0	0	0	0	0	0	0	0	0	0	0	0	0	0	0	0	0	0	0	0	0	0	0	0	0	0	0	0	0	0	0	0	0	0	0	0	0	0	0	0	0	0	1;COLUMBUS_0\n\n\n\n			
3027	1	2	1	3	0	0	0	0	0	0	0	0	0	0	0	0	0	0	0	0	0	0	0	0	0	0	0	0	0	0	0	0	0	0	0	0	0	0	0	0	0	0	0	0	0	0	0	0	0	0	0	0	0	0	0	1;COLUMBUS_0\n\n\n\n			
3028	1	2	1	3	0	0	0	0	0	0	0	0	0	0	0	0	0	0	0	0	0	0	0	0	0	0	0	0	0	0	0	0	0	0	0	0	0	0	0	0	0	0	0	0	0	0	0	0	0	0	0	0	0	0	0	1;COLUMBUS_0\n\n\n\n			
3029	1	2	1	3	0	0	0	0	0	0	0	0	0	0	0	0	0	0	0	0	0	0	0	0	0	0	0	0	0	0	0	0	0	0	0	0	0	0	0	0	0	0	0	0	0	0	0	0	0	0	0	0	0	0	0	1;COLUMBUS_0\n\n\n\n			
3030	1	2	1	3	0	0	0	0	0	0	0	0	0	0	0	0	0	0	0	0	0	0	0	0	0	0	0	0	0	0	0	0	0	0	0	0	0	0	0	0	0	0	0	0	0	0	0	0	0	0	0	0	0	0	0	1;COLUMBUS_0\n\n\n\n			
3031	1	2	1	3	0	0	0	0	0	0	0	0	0	0	0	0	0	0	0	0	0	0	0	0	0	0	0	0	0	0	0	0	0	0	0	0	0	0	0	0	0	0	0	0	0	0	0	0	0	0	0	0	0	0	0	1;COLUMBUS_0\n\n\n\n			
3032	1	2	1	3	0	0	0	0	0	0	0	0	0	0	0	0	0	0	0	0	0	0	0	0	0	0	0	0	0	0	0	0	0	0	0	0	0	0	0	0	0	0	0	0	0	0	0	0	0	0	0	0	0	0	0	1;COLUMBUS_0\n\n\n\n			
3033	1	2	1	3	0	0	0	0	0	0	0	0	0	0	0	0	0	0	0	0	0	0	0	0	0	0	0	0	0	0	0	0	0	0	0	0	0	0	0	0	0	0	0	0	0	0	0	0	0	0	0	0	0	0	0	1;COLUMBUS_0\n\n\n\n			
3034	1	2	1	3	0	0	0	0	0	0	0	0	0	0	0	0	0	0	0	0	0	0	0	0	0	0	0	0	0	0	0	0	0	0	0	0	0	0	0	0	0	0	0	0	0	0	0	0	0	0	0	0	0	0	0	1;COLUMBUS_0\n\n\n\n			
3035	1	2	1	3	0	0	0	0	0	0	0	0	0	0	0	0	0	0	0	0	0	0	0	0	0	0	0	0	0	0	0	0	0	0	0	0	0	0	0	0	0	0	0	0	0	0	0	0	0	0	0	0	0	0	0	1;COLUMBUS_0\n\n\n\n			
3036	1	2	1	3	0	0	0	0	0	4	5	1	6	0	7	0	0	0	0	0	0	0	0	0	0	0	0	0	0	0	0	0	0	0	0	0	0	0	0	0	0	0	0	0	0	8	9	10	11	0	0	0	0	12	0				
3037	1	2	1	3	0	0	0	0	0	0	0	0	0	0	0	0	0	0	0	0	0	0	0	0	0	0	0	0	0	0	0	0	0	0	0	0	0	0	0	0	0	0	0	0	0	0	0	0	0	0	0	0	0	0	0				
3038	1	2	1	3	0	0	0	0	0	0	0	0	0	0	0	0	0	0	0	0	0	0	0	0	0	0	0	0	0	0	0	0	0	0	0	0	0	0	0	0	0	0	0	0	0	0	0	0	0	0	0	0	0	0	0				
3039	1	2	1	3	0	0	0	0	0	0	0	0	0	0	0	0	0	0	0	0	0	0	0	0	0	0	0	0	0	0	0	0	0	0	0	0	0	0	0	0	0	0	0	0	0	0	0	0	0	0	0	0	0	0	0	1;COLUMBUS_0\n\n\n\n			
3040	1	2	1	3	0	0	0	0	0	4	5	1	6	0	7	0	0	0	0	0	0	0	0	0	0	0	0	0	0	0	0	0	0	0	0	0	0	0	0	0	0	0	0	0	0	8	9	10	11	0	0	0	0	0	0				
3100	1	2	1	3	0	0	0	0	0	0	0	0	0	0	0	0	0	0	0	0	0	0	0	0	0	0	0	0	0	0	0	0	0	0	0	0	0	0	0	0	0	0	0	0	0	0	0	0	0	0	0	0	0	0	0	1;DORIS2_0	1;DORIS2_0	1;DORIS2_1	DORIS2_1
3101	1	2	1	3	0	0	0	0	0	0	0	0	0	0	0	0	0	0	0	0	0	0	0	0	0	0	0	0	0	0	0	0	0	0	0	0	0	0	0	0	0	0	0	0	0	0	0	0	0	0	0	0	0	0	0				
3102	1	2	1	3	0	0	0	0	0	0	0	0	0	0	0	0	0	0	0	0	0	0	0	0	0	0	0	0	0	0	0	0	0	0	0	0	0	0	0	0	0	0	0	0	0	0	0	0	0	0	0	0	0	0	0	1;LOLA_0			
3103	1	2	1	3	0	0	0	0	0	0	0	0	0	0	0	0	0	0	0	0	0	0	0	0	0	0	0	0	0	0	0	0	0	0	0	0	0	0	0	0	0	0	0	0	0	0	0	0	0	0	0	0	0	0	0				
3104	1	2	1	3	0	0	0	0	0	0	0	0	0	0	0	0	0	0	0	0	0	0	0	0	0	0	0	0	0	0	0	0	0	0	0	0	0	0	0	0	0	0	0	0	0	0	0	0	0	0	0	0	0	0	0				
3105	1	2	1	3	0	0	0	0	0	0	0	0	0	0	0	0	0	0	0	0	0	0	0	0	0	0	0	0	0	0	0	0	0	0	0	0	0	0	0	0	0	0	0	0	0	0	0	0	0	0	0	0	0	0	0				
3106	1	2	1	3	0	0	0	0	0	0	0	0	0	0	0	0	0	0	0	0	0	0	0	0	0	0	0	0	0	0	0	0	0	0	0	0	0	0	0	0	0	0	0	0	0	0	0	0	0	0	0	0	0	0	0				
3107	1	2	1	3	0	0	0	0	0	0	0	0	0	0	0	0	0	0	0	0	0	0	0	0	0	0	0	0	0	0	0	0	0	0	0	0	0	0	0	0	0	0	0	0	0	0	0	0	0	0	0	0	0	0	0				
3108	1	2	1	3	0	0	0	0	0	0	0	0	0	0	0	0	0	0	0	0	0	0	0	0	0	0	0	0	0	0	0	0	0	0	0	0	0	0	0	0	0	0	0	0	0	0	0	0	0	0	0	0	0	0	0				
3109	1	2	1	3	0	0	0	0	0	0	0	0	0	0	0	0	0	0	0	0	0	0	0	0	0	0	0	0	0	0	0	0	0	0	0	0	0	0	0	0	0	0	0	0	0	0	0	0	0	0	0	0	0	0	0				
3110	1	2	1	3	0	0	0	0	0	0	0	0	0	0	0	0	0	0	0	0	0	0	0	0	0	0	0	0	0	0	0	0	0	0	0	0	0	0	0	0	0	0	0	0	0	0	0	0	0	0	0	0	0	0	0				
3111	1	2	1	3	0	0	0	0	0	0	0	0	0	0	0	0	0	0	0	0	0	0	0	0	0	0	0	0	0	0	0	0	0	0	0	0	0	0	0	0	0	0	0	0	0	0	0	0	0	0	0	0	0	0	0				
3112	1	2	1	3	0	0	0	0	0	0	0	0	0	0	0	0	0	0	0	0	0	0	0	0	0	0	0	0	0	0	0	0	0	0	0	0	0	0	0	0	0	0	0	0	0	0	0	0	0	0	0	0	0	0	0				
3113	1	2	1	3	0	0	0	0	0	0	0	0	0	0	0	0	0	0	0	0	0	0	0	0	0	0	0	0	0	0	0	0	0	0	0	0	0	0	0	0	0	0	0	0	0	0	0	0	0	0	0	0	0	0	0				
3114	1	2	1	3	0	0	0	0	0	0	0	0	0	0	0	0	0	0	0	0	0	0	0	0	0	0	0	0	0	0	0	0	0	0	0	0	0	0	0	0	0	0	0	0	0	0	0	0	0	0	0	0	0	0	0				
3115	1	2	1	3	0	0	0	0	0	0	0	0	0	0	0	0	0	0	0	0	0	0	0	0	0	0	0	0	0	0	0	0	0	0	0	0	0	0	0	0	0	0	0	0	0	0	0	0	0	0	0	0	0	0	0				
3116	1	2	1	3	0	0	0	0	0	0	0	0	0	0	0	0	0	0	0	0	0	0	0	0	0	0	0	0	0	0	0	0	0	0	0	0	0	0	0	0	0	0	0	0	0	0	0	0	0	0	0	0	0	0	0				
3117	1	2	1	3	0	0	0	0	0	0	0	0	0	0	0	0	0	0	0	0	0	0	0	0	0	0	0	0	0	0	0	0	0	0	0	0	0	0	0	0	0	0	0	0	0	0	0	0	0	0	0	0	0	0	0				
3118	1	2	1	3	0	0	0	0	0	0	0	0	0	0	0	0	0	0	0	0	0	0	0	0	0	0	0	0	0	0	0	0	0	0	0	0	0	0	0	0	0	0	0	0	0	0	0	0	0	0	0	0	0	0	0				
3119	1	2	1	3	0	0	0	0	0	0	0	0	0	0	0	0	0	0	0	0	0	0	0	0	0	0	0	0	0	0	0	0	0	0	0	0	0	0	0	0	0	0	0	0	0	0	0	0	0	0	0	0	0	0	0				
3120	1	2	1	3	0	0	0	0	0	0	0	0	0	0	0	0	0	0	0	0	0	0	0	0	0	0	0	0	0	0	0	0	0	0	0	0	0	0	0	0	0	0	0	0	0	4	5	6	7	0	0	0	0	8	2				
3121	1	2	1	3	0	0	0	0	0	0	0	0	0	0	0	0	0	0	0	0	0	0	0	0	0	0	0	0	0	0	0	0	0	0	0	0	0	0	0	0	0	0	0	0	0	4	5	6	7	0	0	0	0	8	2				
3122	1	2	1	3	0	0	0	0	0	0	0	0	0	0	0	0	0	0	0	0	0	0	0	0	0	0	0	0	0	0	0	0	0	0	0	0	0	0	0	0	0	0	0	0	0	4	5	6	7	0	0	0	0	8	2				
3123	1	2	1	3	0	0	0	0	0	0	0	0	0	0	0	0	0	0	0	0	0	0	0	0	0	0	0	0	0	0	0	0	0	0	0	0	0	0	0	0	0	0	0	0	0	0	0	0	0	0	0	0	0	0	0				
3124	1	2	1	3	0	0	0	0	0	0	0	0	0	0	0	0	0	0	0	0	0	0	0	0	0	0	0	0	0	0	0	0	0	0	0	0	0	0	0	0	0	0	0	0	0	0	0	0	0	0	0	0	0	0	0	1;DORIS0_0\n\n\n\n			
3125	1	2	1	3	0	0	0	0	0	0	0	0	0	0	0	0	0	0	0	0	0	0	0	0	0	0	0	0	0	0	0	0	0	0	0	0	0	0	0	0	0	0	0	0	0	0	0	0	0	0	0	0	0	0	0				
3126	1	2	1	3	0	0	0	0	0	0	0	0	0	0	0	0	0	0	0	0	0	0	0	0	0	0	0	0	0	0	0	0	0	0	0	0	0	0	0	0	0	0	0	0	0	4	5	6	7	0	0	0	0	8	2				
3127	1	2	1	3	0	0	0	0	0	0	0	0	0	0	0	0	0	0	0	0	0	0	0	0	0	0	0	0	0	0	0	0	0	0	0	0	0	0	0	0	0	0	0	0	0	0	0	0	0	0	0	0	0	0	0				
3128	1	2	1	3	0	0	0	0	0	0	0	0	0	0	0	0	0	0	0	0	0	0	0	0	0	0	0	0	0	0	0	0	0	0	0	0	0	0	0	0	0	0	0	0	0	4	5	6	7	0	0	0	0	8	2				
3129	1	2	1	3	0	0	0	0	0	0	0	0	0	0	0	0	0	0	0	0	0	0	0	0	0	0	0	0	0	0	0	0	0	0	0	0	0	0	0	0	0	0	0	0	0	4	5	6	7	0	0	0	0	8	2				
3130	1	2	1	3	0	0	0	0	0	0	0	0	0	0	0	0	0	0	0	0	0	0	0	0	0	0	0	0	0	0	0	0	0	0	0	0	0	0	0	0	0	0	0	0	0	4	5	6	7	0	0	0	0	8	2				
3131	1	2	1	3	0	0	0	0	0	0	0	0	0	0	0	0	0	0	0	0	0	0	0	0	0	0	0	0	0	0	0	0	0	0	0	0	0	0	0	0	0	0	0	0	0	0	0	0	0	0	0	0	0	0	0				
3132	1	2	1	3	0	0	0	0	0	0	0	0	0	0	0	0	0	0	0	0	0	0	0	0	0	0	0	0	0	0	0	0	0	0	0	0	0	0	0	0	0	0	0	0	0	0	0	0	0	0	0	0	0	0	0				
3133	1	2	1	3	0	0	0	0	0	0	0	0	0	0	0	0	0	0	0	0	0	0	0	0	0	0	0	0	0	0	0	0	0	0	0	0	0	0	0	0	0	0	0	0	0	4	5	6	7	0	0	0	0	8	2				
3134	1	2	1	3	0	0	0	0	0	0	0	0	0	0	0	0	0	0	0	0	0	0	0	0	0	0	0	0	0	0	0	0	0	0	0	0	0	0	0	0	0	0	0	0	0	4	5	6	7	0	0	0	0	8	2				
3135	1	2	1	3	0	0	0	0	0	0	0	0	0	0	0	0	0	0	0	0	0	0	0	0	0	0	0	0	0	0	0	0	0	0	0	0	0	0	0	0	0	0	0	0	0	4	5	6	7	0	0	0	0	8	2				
3136	1	2	1	3	0	0	0	0	0	0	0	0	0	0	0	0	0	0	0	0	0	0	0	0	0	0	0	0	0	0	0	0	0	0	0	0	0	0	0	0	0	0	0	0	0	4	5	6	7	0	0	0	0	8	2				
3137	1	2	1	3	0	0	0	0	0	0	0	0	0	0	0	0	0	0	0	0	0	0	0	0	0	0	0	0	0	0	0	0	0	0	0	0	0	0	0	0	0	0	0	0	0	0	0	0	0	0	0	0	0	0	0				
3138	1	2	1	3	0	0	0	0	0	0	0	0	0	0	0	0	0	0	0	0	0	0	0	0	0	0	0	0	0	0	0	0	0	0	0	0	0	0	0	0	0	0	0	0	0	4	5	6	7	0	0	0	0	8	2				
3139	1	2	1	3	0	0	0	0	0	0	0	0	0	0	0	0	0	0	0	0	0	0	0	0	0	0	0	0	0	0	0	0	0	0	0	0	0	0	0	0	0	0	0	0	0	4	5	6	7	0	0	0	0	8	2				
3140	1	2	1	3	0	0	0	0	0	0	0	0	0	0	0	0	0	0	0	0	0	0	0	0	0	0	0	0	0	0	0	0	0	0	0	0	0	0	0	0	0	0	0	0	0	0	0	0	0	0	0	0	0	0	0				
3141	1	2	1	3	0	0	0	0	0	0	0	0	0	0	0	0	0	0	0	0	0	0	0	0	0	0	0	0	0	0	0	0	0	0	0	0	0	0	0	0	0	0	0	0	0	0	0	0	0	0	0	0	0	0	0				
3142	1	2	1	3	0	0	0	0	0	0	0	0	0	0	0	0	0	0	0	0	0	0	0	0	0	0	0	0	0	0	0	0	0	0	0	0	0	0	0	0	0	0	0	0	0	0	0	0	0	0	0	0	0	0	0				
3143	1	2	1	3	0	0	0	0	0	0	0	0	0	0	0	0	0	0	0	0	0	0	0	0	0	0	0	0	0	0	0	0	0	0	0	0	0	0	0	0	0	0	0	0	0	0	0	0	0	0	0	0	0	0	0				
3144	1	2	1	3	0	0	0	0	0	0	0	0	0	0	0	0	0	0	0	0	0	0	0	0	0	0	0	0	0	0	0	0	0	0	0	0	0	0	0	0	0	0	0	0	0	0	0	0	0	0	0	0	0	0	0				
3145	1	2	1	3	0	0	0	0	0	0	0	0	0	0	0	0	0	0	0	0	0	0	0	0	0	0	0	0	0	0	0	0	0	0	0	0	0	0	0	0	0	0	0	0	0	0	0	0	0	0	0	0	0	0	0				
3146	1	2	1	3	0	0	0	0	0	0	0	0	0	0	0	0	0	0	0	0	0	0	0	0	0	0	0	0	0	0	0	0	0	0	0	0	0	0	0	0	0	0	0	0	0	0	0	0	0	0	0	0	0	0	0				
3147	1	2	1	3	0	0	0	0	0	0	0	0	0	0	0	0	0	0	0	0	0	0	0	0	0	0	0	0	0	0	0	0	0	0	0	0	0	0	0	0	0	0	0	0	0	0	0	0	0	0	0	0	0	0	0				
3148	1	2	1	3	0	0	0	0	0	0	0	0	0	0	0	0	0	0	0	0	0	0	0	0	0	0	0	0	0	0	0	0	0	0	0	0	0	0	0	0	0	0	0	0	0	0	0	0	0	0	0	0	0	0	0				
3149	1	2	1	3	0	0	0	0	0	0	0	0	0	0	0	0	0	0	0	0	0	0	0	0	0	0	0	0	0	0	0	0	0	0	0	0	0	0	0	0	0	0	0	0	0	0	0	0	0	0	0	0	0	0	0				
3150	1	2	1	3	0	0	0	0	0	0	0	0	0	0	0	0	0	0	0	0	0	0	0	0	0	0	0	0	0	0	0	0	0	0	0	0	0	0	0	0	0	0	0	0	0	0	0	0	0	0	0	0	0	0	0				
3151	1	2	1	3	0	0	0	0	0	0	0	0	0	0	0	0	0	0	0	0	0	0	0	0	0	0	0	0	0	0	0	0	0	0	0	0	0	0	0	0	0	0	0	0	0	0	0	0	0	0	0	0	0	0	0				
3152	1	2	1	3	0	0	0	0	0	0	0	0	0	0	0	0	0	0	0	0	0	0	0	0	0	0	0	0	0	0	0	0	0	0	0	0	0	0	0	0	0	0	0	0	0	0	0	0	0	0	0	0	0	0	2				
3153	1	2	1	3	0	0	0	0	0	0	0	0	0	0	0	0	0	0	0	0	0	0	0	0	0	0	0	0	0	0	0	0	0	0	0	0	0	0	0	0	0	0	0	0	0	0	0	0	0	0	0	0	0	0	2				
3154	1	2	1	3	0	0	0	0	0	0	0	0	0	0	0	0	0	0	0	0	0	0	0	0	0	0	0	0	0	0	0	0	0	0	0	0	0	0	0	0	0	0	0	0	0	0	0	0	0	0	0	0	0	0	0				
3155	1	2	1	3	0	0	0	0	0	0	0	0	0	0	0	0	0	0	0	0	0	0	0	0	0	0	0	0	0	0	0	0	0	0	0	0	0	0	0	0	0	0	0	0	0	4	5	6	7	0	0	0	0	8	2				
3156	1	2	1	3	0	0	0	0	0	0	0	0	0	0	0	0	0	0	0	0	0	0	0	0	0	0	0	0	0	0	0	0	0	0	0	0	0	0	0	0	0	0	0	0	0	4	5	6	7	0	0	0	0	8	2				
3157	1	2	1	3	0	0	0	0	0	0	0	0	0	0	0	0	0	0	0	0	0	0	0	0	0	0	0	0	0	0	0	0	0	0	0	0	0	0	0	0	0	0	0	0	0	4	5	6	7	0	0	0	0	8	2				
3158	1	2	1	3	0	0	0	0	0	0	0	0	0	0	0	0	0	0	0	0	0	0	0	0	0	0	0	0	0	0	0	0	0	0	0	0	0	0	0	0	0	0	0	0	0	4	5	6	7	0	0	0	0	8	2				
3159	1	2	1	3	0	0	0	0	0	0	0	0	0	0	0	0	0	0	0	0	0	0	0	0	0	0	0	0	0	0	0	0	0	0	0	0	0	0	0	0	0	0	0	0	0	0	0	0	0	0	0	0	0	0	0	1;BEERSALES_0\n\n\n\n			
3160	1	2	1	3	0	0	0	0	0	0	0	0	0	0	0	0	0	0	0	0	0	0	0	0	0	0	0	0	0	0	0	0	0	0	0	0	0	0	0	0	0	0	0	0	0	0	0	0	0	0	0	0	0	0	0	1;BEERSALES_0\n\n\n\n			
3161	1	2	1	3	0	0	0	0	0	0	0	0	0	0	0	0	0	0	0	0	0	0	0	0	0	0	0	0	0	0	0	0	0	0	0	0	0	0	0	0	0	0	0	0	0	0	0	0	0	0	0	0	0	0	0	1;BEERSALES_0\n\n\n\n			
3162	1	2	1	3	0	0	0	0	0	0	0	0	0	0	0	0	0	0	0	0	0	0	0	0	0	0	0	0	0	0	0	0	0	0	0	0	0	0	0	0	0	0	0	0	0	0	0	0	0	0	0	0	0	0	0	1;BEERSALES_0\n\n\n\n			
3163	1	2	1	3	0	0	0	0	0	0	0	0	0	0	0	0	0	0	0	0	0	0	0	0	0	0	0	0	0	0	0	0	0	0	0	0	0	0	0	0	0	0	0	0	0	0	0	0	0	0	0	0	0	0	0	1;BEERSALES_0\n\n\n\n			
3164	1	2	1	3	0	0	0	0	0	0	0	0	0	0	0	0	0	0	0	0	0	0	0	0	0	0	0	0	0	0	0	0	0	0	0	0	0	0	0	0	0	0	0	0	0	0	0	0	0	0	0	0	0	0	0	1;BEERSALES_0\n\n\n\n			
3165	1	2	1	3	0	0	0	0	0	0	0	0	0	0	0	0	0	0	0	0	0	0	0	0	0	0	0	0	0	0	0	0	0	0	0	0	0	0	0	0	0	0	0	0	0	0	0	0	0	0	0	0	0	0	0	1;BEERSALES_0\n\n\n\n			
3166	1	2	1	3	0	0	0	0	0	0	0	0	0	0	0	0	0	0	0	0	0	0	0	0	0	0	0	0	0	0	0	0	0	0	0	0	0	0	0	0	0	0	0	0	0	0	0	0	0	0	0	0	0	0	0	1;BEERSALES_0\n\n\n\n			
3167	1	2	1	3	0	0	0	0	0	0	0	0	0	0	0	0	0	0	0	0	0	0	0	0	0	0	0	0	0	0	0	0	0	0	0	0	0	0	0	0	0	0	0	0	0	0	0	0	0	0	0	0	0	0	0				
3168	0	0	0	0	0	0	0	0	0	0	0	0	0	0	0	0	0	0	0	0	0	0	0	0	0	0	0	0	0	0	0	0	0	0	0	0	0	0	0	0	0	0	0	0	0	0	0	0	0	0	0	0	0	0	0				
3169	0	0	0	0	0	0	0	0	0	0	0	0	0	0	0	0	0	0	0	0	0	0	0	0	0	0	0	0	0	0	0	0	0	0	0	0	0	0	0	0	0	0	0	0	0	0	0	0	0	0	0	0	0	0	0				
3170	0	0	0	0	0	0	0	0	0	0	0	0	0	0	0	0	0	0	0	0	0	0	0	0	0	0	0	0	0	0	0	0	0	0	0	0	0	0	0	0	0	0	0	0	0	0	0	0	0	0	0	0	0	0	0				
3171	0	0	0	0	0	0	0	0	0	0	0	0	0	0	0	0	0	0	0	0	0	0	0	0	0	0	0	0	0	0	0	0	0	0	0	0	0	0	0	0	0	0	0	0	0	0	0	0	0	0	0	0	0	0	0				
3172	0	0	0	0	0	0	0	0	0	0	0	0	0	0	0	0	0	0	0	0	0	0	0	0	0	0	0	0	0	0	0	0	0	0	0	0	0	0	0	0	0	0	0	0	0	0	0	0	0	0	0	0	0	0	0				
3173	0	0	0	0	0	0	0	0	0	0	0	0	0	0	0	0	0	0	0	0	0	0	0	0	0	0	0	0	0	0	0	0	0	0	0	0	0	0	0	0	0	0	0	0	0	0	0	0	0	0	0	0	0	0	0				
3174	0	0	0	0	0	0	0	0	0	0	0	0	0	0	0	0	0	0	0	0	0	0	0	0	0	0	0	0	0	0	0	0	0	0	0	0	0	0	0	0	0	0	0	0	0	0	0	0	0	0	0	0	0	0	0				
3175	0	0	0	0	0	0	0	0	0	0	0	0	0	0	0	0	0	0	0	0	0	0	0	0	0	0	0	0	0	0	0	0	0	0	0	0	0	0	0	0	0	0	0	0	0	0	0	0	0	0	0	0	0	0	0				
3176	0	0	0	0	0	0	0	0	0	0	0	0	0	0	0	0	0	0	0	0	0	0	0	0	0	0	0	0	0	0	0	0	0	0	0	0	0	0	0	0	0	0	0	0	0	0	0	0	0	0	0	0	0	0	0				
3177	0	0	0	0	0	0	0	0	0	0	0	0	0	0	0	0	0	0	0	0	0	0	0	0	0	0	0	0	0	0	0	0	0	0	0	0	0	0	0	0	0	0	0	0	0	0	0	0	0	0	0	0	0	0	0				
3178	0	0	0	0	0	0	0	0	0	0	0	0	0	0	0	0	0	0	0	0	0	0	0	0	0	0	0	0	0	0	0	0	0	0	0	0	0	0	0	0	0	0	0	0	0	0	0	0	0	0	0	0	0	0	0				
3179	1	2	1	3	0	0	0	0	0	0	0	0	0	0	0	0	0	0	0	0	0	0	0	0	0	0	0	0	0	0	0	0	0	0	0	0	0	0	0	0	0	0	0	0	0	0	0	0	0	0	0	0	0	0	0				
3180	1	2	1	3	0	0	0	0	0	0	0	0	0	0	0	0	0	0	0	0	0	0	0	0	0	0	0	0	0	0	0	0	0	0	0	0	0	0	0	0	0	0	0	0	0	0	0	0	0	0	0	0	0	0	0				
3181	1	2	1	3	0	0	0	0	0	0	0	0	0	0	0	0	0	0	0	0	0	0	0	0	0	0	0	0	0	0	0	0	0	0	0	0	0	0	0	0	0	0	0	0	0	0	0	0	0	0	0	0	0	0	0				
3182	1	2	1	3	0	0	0	0	0	0	0	0	0	0	0	0	0	0	0	0	0	0	0	0	0	0	0	0	0	0	0	0	0	0	0	0	0	0	0	0	0	0	0	0	0	0	0	0	0	0	0	0	0	0	0				
3183	1	2	1	3	0	0	0	0	0	0	0	0	0	0	0	0	0	0	0	0	0	0	0	0	0	0	0	0	0	0	0	0	0	0	0	0	0	0	0	0	0	0	0	0	0	0	0	0	0	0	0	0	0	0	0				
3184	1	2	1	3	0	0	0	0	0	0	0	0	0	0	0	0	0	0	0	0	0	0	0	0	0	0	0	0	0	0	0	0	0	0	0	0	0	0	0	0	0	0	0	0	0	0	0	0	0	0	0	0	0	0	0				
3185	1	2	1	3	0	0	0	0	0	0	0	0	0	0	0	0	0	0	0	0	0	0	0	0	0	0	0	0	0	0	0	0	0	0	0	0	0	0	0	0	0	0	0	0	0	0	0	0	0	0	0	0	0	0	0				
3186	1	2	1	3	0	0	0	0	0	0	0	0	0	0	0	0	0	0	0	0	0	0	0	0	0	0	0	0	0	0	0	0	0	0	0	0	0	0	0	0	0	0	0	0	0	0	0	0	0	0	0	0	0	0	0	1;DORIS2_0	1;DORIS2_0	1;DORIS2_1	DORIS2_1
3187	1	2	1	3	0	0	0	0	0	0	0	0	0	0	0	0	0	0	0	0	0	0	0	0	0	0	0	0	0	0	0	0	0	0	0	0	0	0	0	0	0	0	0	0	0	0	0	0	0	0	0	0	0	0	0				
3188	1	2	1	3	0	0	0	0	0	0	0	0	0	0	0	0	0	0	0	0	0	0	0	0	0	0	0	0	0	0	0	0	0	0	0	0	0	0	0	0	0	0	0	0	0	0	0	0	0	0	0	0	0	0	0				
3189	1	2	1	3	0	0	0	0	0	0	0	0	0	0	0	0	0	0	0	0	0	0	0	0	0	0	0	0	0	0	0	0	0	0	0	0	0	0	0	0	0	0	0	0	0	4	5	6	7	0	0	0	0	8	2				
3190	1	2	1	3	0	0	0	0	0	0	0	0	0	0	0	0	0	0	0	0	0	0	0	0	0	0	0	0	0	0	0	0	0	0	0	0	0	0	0	0	0	0	0	0	0	0	0	0	0	0	0	0	0	0	0				
3191	1	2	1	3	0	0	0	0	0	0	0	0	0	0	0	0	0	0	0	0	0	0	0	0	0	0	0	0	0	0	0	0	0	0	0	0	0	0	0	0	0	0	0	0	0	0	0	0	0	0	0	0	0	0	0				
3192	1	2	1	3	0	0	0	0	0	0	0	0	0	0	0	0	0	0	0	0	0	0	0	0	0	0	0	0	0	0	0	0	0	0	0	0	0	0	0	0	0	0	0	0	0	4	5	6	7	0	0	0	0	8	2				
3193	1	2	1	3	0	0	0	0	0	0	0	0	0	0	0	0	0	0	0	0	0	0	0	0	0	0	0	0	0	0	0	0	0	0	0	0	0	0	0	0	0	0	0	0	0	4	5	6	7	0	0	0	0	8	2				
3194	1	2	1	3	0	0	0	0	0	0	0	0	0	0	0	0	0	0	0	0	0	0	0	0	0	0	0	0	0	0	0	0	0	0	0	0	0	0	0	0	0	0	0	0	0	4	5	6	7	0	0	0	0	8	2				
3195	1	2	1	3	0	0	0	0	0	0	0	0	0	0	0	0	0	0	0	0	0	0	0	0	0	0	0	0	0	0	0	0	0	0	0	0	0	0	0	0	0	0	0	0	0	4	5	6	7	0	0	0	0	8	2				
3196	1	2	1	3	0	0	0	0	0	0	0	0	0	0	0	0	0	0	0	0	0	0	0	0	0	0	0	0	0	0	0	0	0	0	0	0	0	0	0	0	0	0	0	0	0	4	5	6	7	0	0	0	0	8	2				
3197	1	2	1	3	0	0	0	0	0	0	0	0	0	0	0	0	0	0	0	0	0	0	0	0	0	0	0	0	0	0	0	0	0	0	0	0	0	0	0	0	0	0	0	0	0	4	5	6	7	0	0	0	0	8	2				
3198	1	2	1	3	0	0	0	0	0	0	0	0	0	0	0	0	0	0	0	0	0	0	0	0	0	0	0	0	0	0	0	0	0	0	0	0	0	0	0	0	0	0	0	0	0	4	5	6	7	0	0	0	0	8	2				
3199	1	2	1	3	0	0	0	0	0	0	0	0	0	0	0	0	0	0	0	0	0	0	0	0	0	0	0	0	0	0	0	0	0	0	0	0	0	0	0	0	0	0	0	0	0	4	5	6	7	0	0	0	0	8	2				
3200	1	2	1	3	0	0	0	0	0	0	0	0	0	0	0	0	0	0	0	0	0	0	0	0	0	0	0	0	0	0	0	0	0	0	0	0	0	0	0	0	0	0	0	0	0	4	5	6	7	0	0	0	0	8	2				
3201	1	2	1	3	0	0	0	0	0	0	0	0	0	0	0	0	0	0	0	0	0	0	0	0	0	0	0	0	0	0	0	0	0	0	0	0	0	0	0	0	0	0	0	0	0	4	5	6	7	0	0	0	0	8	2				
3202	1	2	1	3	0	0	0	0	0	0	0	0	0	0	0	0	0	0	0	0	0	0	0	0	0	0	0	0	0	0	0	0	0	0	0	0	0	0	0	0	0	0	0	0	0	4	5	6	7	0	0	0	0	8	2				
3203	1	2	1	3	0	0	0	0	0	0	0	0	0	0	0	0	0	0	0	0	0	0	0	0	0	0	0	0	0	0	0	0	0	0	0	0	0	0	0	0	0	0	0	0	0	4	5	6	7	0	0	0	0	8	2				
3204	1	2	1	3	0	0	0	0	0	0	0	0	0	0	0	0	0	0	0	0	0	0	0	0	0	0	0	0	0	0	0	0	0	0	0	0	0	0	0	0	0	0	0	0	0	4	5	6	7	0	0	0	0	8	2				
3205	1	2	1	3	0	0	0	0	0	0	0	0	0	0	0	0	0	0	0	0	0	0	0	0	0	0	0	0	0	0	0	0	0	0	0	0	0	0	0	0	0	0	0	0	0	0	0	0	0	0	0	0	0	0	0	1;COLUMBUS_0\n\n\n\n			
3206	1	2	1	3	0	0	0	0	0	0	0	0	0	0	0	0	0	0	0	0	0	0	0	0	0	0	0	0	0	0	0	0	0	0	0	0	0	0	0	0	0	0	0	0	0	0	0	0	0	0	0	0	0	0	0	1;COLUMBUS_0\n\n\n\n			
3207	1	2	1	3	0	0	0	0	0	0	0	0	0	0	0	0	0	0	0	0	0	0	0	0	0	0	0	0	0	0	0	0	0	0	0	0	0	0	0	0	0	0	0	0	0	0	0	0	0	0	0	0	0	0	0	1;COLUMBUS_0\n\n\n\n			
3208	1	2	1	3	0	0	0	0	0	0	0	0	0	0	0	0	0	0	0	0	0	0	0	0	0	0	0	0	0	0	0	0	0	0	0	0	0	0	0	0	0	0	0	0	0	0	0	0	0	0	0	0	0	0	0	1;COLUMBUS_0\n\n\n\n			
3209	1	2	1	3	0	0	0	0	0	0	0	0	0	0	0	0	0	0	0	0	0	0	0	0	0	0	0	0	0	0	0	0	0	0	0	0	0	0	0	0	0	0	0	0	0	0	0	0	0	0	0	0	0	0	0	1;COLUMBUS_0\n\n\n\n			
3210	1	2	1	3	0	0	0	0	0	0	0	0	0	0	0	0	0	0	0	0	0	0	0	0	0	0	0	0	0	0	0	0	0	0	0	0	0	0	0	0	0	0	0	0	0	0	0	0	0	0	0	0	0	0	0	1;COLUMBUS_0\n\n\n\n			
3211	1	2	1	3	0	0	0	0	0	0	0	0	0	0	0	0	0	0	0	0	0	0	0	0	0	0	0	0	0	0	0	0	0	0	0	0	0	0	0	0	0	0	0	0	0	0	0	0	0	0	0	0	0	0	0	1;COLUMBUS_0\n\n\n\n			
3212	1	2	1	3	0	0	0	0	0	0	0	0	0	0	0	0	0	0	0	0	0	0	0	0	0	0	0	0	0	0	0	0	0	0	0	0	0	0	0	0	0	0	0	0	0	0	0	0	0	0	0	0	0	0	0	1;COLUMBUS_0\n\n\n\n			
3213	1	2	1	3	0	0	0	0	0	0	0	0	0	0	0	0	0	0	0	0	0	0	0	0	0	0	0	0	0	0	0	0	0	0	0	0	0	0	0	0	0	0	0	0	0	0	0	0	0	0	0	0	0	0	0	1;COLUMBUS_0\n\n\n\n			
3214	1	2	1	3	0	0	0	0	0	0	0	0	0	0	0	0	0	0	0	0	0	0	0	0	0	0	0	0	0	0	0	0	0	0	0	0	0	0	0	0	0	0	0	0	0	0	0	0	0	0	0	0	0	0	0				
3215	1	2	1	3	0	0	0	0	0	0	0	0	0	0	0	0	0	0	0	0	0	0	0	0	0	0	0	0	0	0	0	0	0	0	0	0	0	0	0	0	0	0	0	0	0	0	0	0	0	0	0	0	0	0	0	1;COLUMBUS_0\n\n\n\n			
3216	1	2	1	3	0	0	0	0	0	0	0	0	0	0	0	0	0	0	0	0	0	0	0	0	0	0	0	0	0	0	0	0	0	0	0	0	0	0	0	0	0	0	0	0	0	0	0	0	0	0	0	0	0	0	0	1;COLUMBUS_0\n\n\n\n			
3217	1	2	1	3	0	0	0	0	0	0	0	0	0	0	0	0	0	0	0	0	0	0	0	0	0	0	0	0	0	0	0	0	0	0	0	0	0	0	0	0	0	0	0	0	0	0	0	0	0	0	0	0	0	0	0	1;COLUMBUS_0\n\n\n\n			
3218	1	2	1	3	0	0	0	0	0	0	0	0	0	0	0	0	0	0	0	0	0	0	0	0	0	0	0	0	0	0	0	0	0	0	0	0	0	0	0	0	0	0	0	0	0	0	0	0	0	0	0	0	0	0	0	1;COLUMBUS_0\n\n\n\n			
3219	1	2	1	3	0	0	0	0	0	0	0	0	0	0	0	0	0	0	0	0	0	0	0	0	0	0	0	0	0	0	0	0	0	0	0	0	0	0	0	0	0	0	0	0	0	0	0	0	0	0	0	0	0	0	0				
3220	1	2	0	0	0	0	0	0	0	3	4	1	5	0	0	0	0	0	6	7	1	0	0	0	0	0	0	0	0	0	0	0	0	0	0	0	0	0	0	0	0	0	0	0	0	0	0	0	0	0	0	0	0	0	0	1;LOLA_2\n2;LOLA_0\n3;LOLA_0\n\n			
3221	1	2	1	0	0	0	0	0	0	0	0	0	0	0	0	0	0	0	0	0	0	0	0	0	0	0	0	0	0	0	0	0	0	0	0	0	0	0	0	0	0	0	0	0	0	0	0	0	0	0	0	0	0	0	0				
3222	1	2	1	3	0	0	0	0	0	0	0	0	0	0	0	0	0	0	0	0	0	0	0	0	0	0	0	0	0	0	0	0	0	0	0	0	0	0	0	0	0	0	0	0	0	0	0	0	0	0	0	0	0	0	0	1;COLUMBUS_0\n\n\n\n			
3228	1	2	1	3	0	0	0	0	0	0	0	0	0	0	0	0	0	0	0	0	0	0	0	0	0	0	0	0	0	0	0	0	0	0	0	0	0	0	0	0	0	0	0	0	0	0	0	0	0	0	0	0	0	0	0				
3229	1	2	1	3	0	0	0	0	0	0	0	0	0	0	0	0	0	0	0	0	0	0	0	0	0	0	0	0	0	0	0	0	0	0	0	0	0	0	0	0	0	0	0	0	0	0	0	0	0	0	0	0	0	0	0				
3230	1	2	1	3	0	0	0	0	0	0	0	0	0	0	0	0	0	0	0	0	0	0	0	0	0	0	0	0	0	0	0	0	0	0	0	0	0	0	0	0	0	0	0	0	0	0	0	0	0	0	0	0	0	0	0				
3231	1	2	1	3	0	0	0	0	0	0	0	0	0	0	0	0	0	0	0	0	0	0	0	0	0	0	0	0	0	0	0	0	0	0	0	0	0	0	0	0	0	0	0	0	0	0	0	0	0	0	0	0	0	0	0				
3232	1	2	1	3	0	0	0	0	0	0	0	0	0	0	0	0	0	0	0	0	0	0	0	0	0	0	0	0	0	0	0	0	0	0	0	0	0	0	0	0	0	0	0	0	0	0	0	0	0	0	0	0	0	0	0				
3233	1	2	1	3	0	0	0	0	0	0	0	0	0	0	0	0	0	0	0	0	0	0	0	0	0	0	0	0	0	0	0	0	0	0	0	0	0	0	0	0	0	0	0	0	0	0	0	0	0	0	0	0	0	0	0				
3234	1	2	1	3	0	0	0	0	0	0	0	0	0	0	0	0	0	0	0	0	0	0	0	0	0	0	0	0	0	0	0	0	0	0	0	0	0	0	0	0	0	0	0	0	0	0	0	0	0	0	0	0	0	0	0				
3235	1	2	1	3	0	0	0	0	0	0	0	0	0	0	0	0	0	0	0	0	0	0	0	0	0	0	0	0	0	0	0	0	0	0	0	0	0	0	0	0	0	0	0	0	0	0	0	0	0	0	0	0	0	0	0				
3236	1	2	1	3	0	0	0	0	0	0	0	0	0	0	0	0	0	0	0	0	0	0	0	0	0	0	0	0	0	0	0	0	0	0	0	0	0	0	0	0	0	0	0	0	0	0	0	0	0	0	0	0	0	0	0				
3237	1	2	1	3	0	0	0	0	0	0	0	0	0	0	0	0	0	0	0	0	0	0	0	0	0	0	0	0	0	0	0	0	0	0	0	0	0	0	0	0	0	0	0	0	0	0	0	0	0	0	0	0	0	0	0				
3238	1	2	1	3	0	0	0	0	0	0	0	0	0	0	0	0	0	0	0	0	0	0	0	0	0	0	0	0	0	0	0	0	0	0	0	0	0	0	0	0	0	0	0	0	0	0	0	0	0	0	0	0	0	0	0				
3239	1	2	1	3	0	0	0	0	0	0	0	0	0	0	0	0	0	0	0	0	0	0	0	0	0	0	0	0	0	0	0	0	0	0	0	0	0	0	0	0	0	0	0	0	0	0	0	0	0	0	0	0	0	0	0				
3240	1	2	1	3	0	0	0	0	0	0	0	0	0	0	0	0	0	0	0	0	0	0	0	0	0	0	0	0	0	0	0	0	0	0	0	0	0	0	0	0	0	0	0	0	0	0	0	0	0	0	0	0	0	0	0				
3241	1	2	1	3	0	0	0	0	0	0	0	0	0	0	0	0	0	0	0	0	0	0	0	0	0	0	0	0	0	0	0	0	0	0	0	0	0	0	0	0	0	0	0	0	0	0	0	0	0	0	0	0	0	0	0				
3242	1	2	1	3	0	0	0	0	0	0	0	0	0	0	0	0	0	0	0	0	0	0	0	0	0	0	0	0	0	0	0	0	0	0	0	0	0	0	0	0	0	0	0	0	0	0	0	0	0	0	0	0	0	0	0				
3243	1	2	1	3	0	0	0	0	0	0	0	0	0	0	0	0	0	0	0	0	0	0	0	0	0	0	0	0	0	0	0	0	0	0	0	0	0	0	0	0	0	0	0	0	0	0	0	0	0	0	0	0	0	0	0				
3244	1	2	1	3	0	0	0	0	0	0	0	0	0	0	0	0	0	0	0	0	0	0	0	0	0	0	0	0	0	0	0	0	0	0	0	0	0	0	0	0	0	0	0	0	0	4	5	6	7	0	0	0	0	8	2				
3245	1	2	1	3	0	0	0	0	0	0	0	0	0	0	0	0	0	0	0	0	0	0	0	0	0	0	0	0	0	0	0	0	0	0	0	0	0	0	0	0	0	0	0	0	0	0	0	0	0	0	0	0	0	0	0				
3246	1	2	1	3	0	0	0	0	0	0	0	0	0	0	0	0	0	0	0	0	0	0	0	0	0	0	0	0	0	0	0	0	0	0	0	0	0	0	0	0	0	0	0	0	0	0	0	0	0	0	0	0	0	0	0				
3247	1	2	1	3	0	0	0	0	0	0	0	0	0	0	0	0	0	0	0	0	0	0	0	0	0	0	0	0	0	0	0	0	0	0	0	0	0	0	0	0	0	0	0	0	0	0	0	0	0	0	0	0	0	0	0				
3248	1	2	1	3	0	0	0	0	0	0	0	0	0	0	0	0	0	0	0	0	0	0	0	0	0	0	0	0	0	0	0	0	0	0	0	0	0	0	0	0	0	0	0	0	0	0	0	0	0	0	0	0	0	0	0				
3249	1	2	1	3	0	0	0	0	0	0	0	0	0	0	0	0	0	0	0	0	0	0	0	0	0	0	0	0	0	0	0	0	0	0	0	0	0	0	0	0	0	0	0	0	0	0	0	0	0	0	0	0	0	0	0				
3250	1	2	0	0	0	0	0	0	0	3	4	0	0	0	0	0	0	0	5	6	0	0	0	0	0	0	0	7	8	0	0	0	0	0	0	0	9	10	1	0	0	0	0	0	0	11	12	13	14	0	0	0	0	15	0				
3251	1	2	1	3	0	0	0	0	0	0	0	0	0	0	0	0	0	0	0	0	0	0	0	0	0	0	0	0	0	0	0	0	0	0	0	0	0	0	0	0	0	0	0	0	0	0	0	0	0	0	0	0	0	0	0				
3301	1	2	1	3	0	0	0	0	0	0	0	0	0	0	0	0	0	0	0	0	0	0	0	0	0	0	0	0	0	0	0	0	0	0	0	0	0	0	0	0	0	0	0	0	0	0	0	0	0	0	0	0	0	0	0				
3302	1	2	1	3	0	0	0	0	0	0	0	0	0	0	0	0	0	0	0	0	0	0	0	0	0	0	0	0	0	0	0	0	0	0	0	0	0	0	0	0	0	0	0	0	0	0	0	0	0	0	0	0	0	0	0				
3303	1	2	1	3	0	0	0	0	0	0	0	0	0	0	0	0	0	0	0	0	0	0	0	0	0	0	0	0	0	0	0	0	0	0	0	0	0	0	0	0	0	0	0	0	0	0	0	0	0	0	0	0	0	0	0				
3304	1	2	1	3	0	0	0	0	0	0	0	0	0	0	0	0	0	0	0	0	0	0	0	0	0	0	0	0	0	0	0	0	0	0	0	0	0	0	0	0	0	0	0	0	0	0	0	0	0	0	0	0	0	0	0				
3305	1	2	1	3	0	0	0	0	0	0	0	0	0	0	0	0	0	0	0	0	0	0	0	0	0	0	0	0	0	0	0	0	0	0	0	0	0	0	0	0	0	0	0	0	0	0	0	0	0	0	0	0	0	0	0				
3306	1	2	1	3	0	0	0	0	0	0	0	0	0	0	0	0	0	0	0	0	0	0	0	0	0	0	0	0	0	0	0	0	0	0	0	0	0	0	0	0	0	0	0	0	0	0	0	0	0	0	0	0	0	0	0				
3307	1	2	1	3	0	0	0	0	0	0	0	0	0	0	0	0	0	0	0	0	0	0	0	0	0	0	0	0	0	0	0	0	0	0	0	0	0	0	0	0	0	0	0	0	0	0	0	0	0	0	0	0	0	0	0				
3308	1	2	1	3	0	0	0	0	0	0	0	0	0	0	0	0	0	0	0	0	0	0	0	0	0	0	0	0	0	0	0	0	0	0	0	0	0	0	0	0	0	0	0	0	0	0	0	0	0	0	0	0	0	0	0				
3309	1	2	1	3	0	0	0	0	0	0	0	0	0	0	0	0	0	0	0	0	0	0	0	0	0	0	0	0	0	0	0	0	0	0	0	0	0	0	0	0	0	0	0	0	0	0	0	0	0	0	0	0	0	0	0				
3310	1	2	1	3	0	0	0	0	0	0	0	0	0	0	0	0	0	0	0	0	0	0	0	0	0	0	0	0	0	0	0	0	0	0	0	0	0	0	0	0	0	0	0	0	0	0	0	0	0	0	0	0	0	0	0				
3311	1	2	1	3	0	0	0	0	0	0	0	0	0	0	0	0	0	0	0	0	0	0	0	0	0	0	0	0	0	0	0	0	0	0	0	0	0	0	0	0	0	0	0	0	0	0	0	0	0	0	0	0	0	0	0				
3312	1	2	1	3	0	0	0	0	0	0	0	0	0	0	0	0	0	0	0	0	0	0	0	0	0	0	0	0	0	0	0	0	0	0	0	0	0	0	0	0	0	0	0	0	0	0	0	0	0	0	0	0	0	0	0				
3313	1	2	1	3	0	0	0	0	0	0	0	0	0	0	0	0	0	0	0	0	0	0	0	0	0	0	0	0	0	0	0	0	0	0	0	0	0	0	0	0	0	0	0	0	0	0	0	0	0	0	0	0	0	0	0				
3314	1	2	1	3	0	0	0	0	0	0	0	0	0	0	0	0	0	0	0	0	0	0	0	0	0	0	0	0	0	0	0	0	0	0	0	0	0	0	0	0	0	0	0	0	0	0	0	0	0	0	0	0	0	0	0				
3315	1	2	1	3	0	0	0	0	0	0	0	0	0	0	0	0	0	0	0	0	0	0	0	0	0	0	0	0	0	0	0	0	0	0	0	0	0	0	0	0	0	0	0	0	0	0	0	0	0	0	0	0	0	0	0	1;BISMARCK_0		1;BISMARCK_1	BISMARCK_1
3316	1	2	1	3	0	0	0	0	0	0	0	0	0	0	0	0	0	0	0	0	0	0	0	0	0	0	0	0	0	0	0	0	0	0	0	0	0	0	0	0	0	0	0	0	0	0	0	0	0	0	0	0	0	0	0				
3317	1	2	1	3	0	0	0	0	0	0	0	0	0	0	0	0	0	0	0	0	0	0	0	0	0	0	0	0	0	0	0	0	0	0	0	0	0	0	0	0	0	0	0	0	0	0	0	0	0	0	0	0	0	0	0				
3318	1	2	1	3	0	0	0	0	0	0	0	0	0	0	0	0	0	0	0	0	0	0	0	0	0	0	0	0	0	0	0	0	0	0	0	0	0	0	0	0	0	0	0	0	0	0	0	0	0	0	0	0	0	0	0				
3319	1	2	1	3	0	0	0	0	0	0	0	0	0	0	0	0	0	0	0	0	0	0	0	0	0	0	0	0	0	0	0	0	0	0	0	0	0	0	0	0	0	0	0	0	0	0	0	0	0	0	0	0	0	0	0				
4000	1	2	0	0	0	0	0	0	0	3	4	0	0	0	0	0	0	0	5	6	0	0	0	0	0	0	0	7	8	1	0	0	0	0	0	0	0	0	0	0	0	0	0	0	0	9	10	11	12	0	0	0	0	13	2		1;YAMA_0	1;YAMA_0\n\n	YAMA_0
4001	1	2	1	3	0	0	0	0	0	0	0	0	0	0	0	0	0	0	0	0	0	0	0	0	0	0	0	0	0	0	0	0	0	0	0	0	0	0	0	0	0	0	0	0	0	0	0	0	0	0	0	0	0	0	0				
4002	1	2	1	0	0	0	0	0	0	0	0	0	0	0	0	0	0	0	0	0	0	0	0	0	0	0	0	0	0	0	0	0	0	0	0	0	0	0	0	0	0	0	0	0	0	3	4	5	6	0	0	0	0	7	2	1;YAMA_0\n\n\n\n	1;YAMA_0	1;YAMA_3\n\n	YAMA_0
4003	1	2	1	0	0	0	0	0	0	0	0	0	0	0	0	0	0	0	0	0	0	0	0	0	0	0	0	0	0	0	0	0	0	0	0	0	0	0	0	0	0	0	0	0	0	3	4	5	6	0	0	0	0	7	2	1;YAMA_0\n\n\n\n			
4004	1	2	1	3	0	0	0	0	0	0	0	0	0	0	0	0	0	0	0	0	0	0	0	0	0	0	0	0	0	0	0	0	0	0	0	0	0	0	0	0	0	0	0	0	0	0	0	0	0	0	0	0	0	0	0				
4005	1	2	1	0	0	0	0	0	0	0	0	0	0	0	0	0	0	0	0	0	0	0	0	0	0	0	0	0	0	0	0	0	0	0	0	0	0	0	0	0	0	0	0	0	0	3	4	5	6	0	0	0	0	7	2				
4006	1	2	1	0	0	0	0	0	0	0	0	0	0	0	0	0	0	0	0	0	0	0	0	0	0	0	0	0	0	0	0	0	0	0	0	0	0	0	0	0	0	0	0	0	0	3	4	5	6	0	0	0	0	7	2				
4007	1	2	1	3	0	0	0	0	0	0	0	0	0	0	0	0	0	0	0	0	0	0	0	0	0	0	0	0	0	0	0	0	0	0	0	0	0	0	0	0	0	0	0	0	0	0	0	0	0	0	0	0	0	0	0				
4008	1	2	1	0	0	0	0	0	0	0	0	0	0	0	0	0	0	0	0	0	0	0	0	0	0	0	0	0	0	0	0	0	0	0	0	0	0	0	0	0	0	0	0	0	0	3	4	5	6	0	0	0	0	7	2		1;YAMA_0	1;YAMA_3\n\n	YAMA_0
4009	1	2	1	0	0	0	0	0	0	0	0	0	0	0	0	0	0	0	0	0	0	0	0	0	0	0	0	0	0	0	0	0	0	0	0	0	0	0	0	0	0	0	0	0	0	3	4	5	6	0	0	0	0	7	0				
4010	1	2	1	3	0	0	0	0	0	0	0	0	0	0	0	0	0	0	0	0	0	0	0	0	0	0	0	0	0	0	0	0	0	0	0	0	0	0	0	0	0	0	0	0	0	0	0	0	0	0	0	0	0	0	0				
4011	1	2	0	0	0	0	0	0	0	3	4	1	0	0	0	0	0	0	0	0	0	0	0	0	0	0	0	0	0	0	0	0	0	0	0	0	0	0	0	0	0	0	0	0	0	5	6	7	8	0	0	0	0	9	0				
4012	1	2	0	0	0	0	0	0	0	3	4	0	0	0	0	0	0	0	5	6	1	0	0	0	0	0	0	0	0	0	0	0	0	0	0	0	0	0	0	0	0	0	0	0	0	7	8	9	10	0	0	0	0	11	0				
4013	1	2	1	3	0	0	0	0	0	0	0	0	0	0	0	0	0	0	0	0	0	0	0	0	0	0	0	0	0	0	0	0	0	0	0	0	0	0	0	0	0	0	0	0	0	0	0	0	0	0	0	0	0	0	0				
4014	1	2	1	0	0	0	0	0	0	0	0	0	0	0	0	0	0	0	0	0	0	0	0	0	0	0	0	0	0	0	0	0	0	0	0	0	0	0	0	0	0	0	0	0	0	3	4	5	6	0	0	0	0	7	0				
4015	1	2	1	0	0	0	0	0	0	0	0	0	0	0	0	0	0	0	0	0	0	0	0	0	0	0	0	0	0	0	0	0	0	0	0	0	0	0	0	0	0	0	0	0	0	3	4	5	6	0	0	0	0	7	0				
4016	1	2	1	3	0	0	0	0	0	0	0	0	0	0	0	0	0	0	0	0	0	0	0	0	0	0	0	0	0	0	0	0	0	0	0	0	0	0	0	0	0	0	0	0	0	0	0	0	0	0	0	0	0	0	0				
4017	1	2	1	0	0	0	0	0	0	0	0	0	0	0	0	0	0	0	0	0	0	0	0	0	0	0	0	0	0	0	0	0	0	0	0	0	0	0	0	0	0	0	0	0	0	3	4	5	6	0	0	0	0	7	0				
4018	1	2	0	0	0	0	0	0	0	3	4	1	0	0	0	0	0	0	0	0	0	0	0	0	0	0	0	0	0	0	0	0	0	0	0	0	0	0	0	0	0	0	0	0	0	5	6	7	8	0	0	0	0	9	0				
4019	1	2	1	3	0	0	0	0	0	0	0	0	0	0	0	0	0	0	0	0	0	0	0	0	0	0	0	0	0	0	0	0	0	0	0	0	0	0	0	0	0	0	0	0	0	0	0	0	0	0	0	0	0	0	0				
4020	1	2	0	0	0	0	0	0	0	3	4	1	0	0	0	0	0	0	0	0	0	0	0	0	0	0	0	0	0	0	0	0	0	0	0	0	0	0	0	0	0	0	0	0	0	5	6	7	8	9	10	11	12	13	0				
4021	1	2	1	0	0	0	0	0	0	0	0	0	0	0	0	0	0	0	0	0	0	0	0	0	0	0	0	0	0	0	0	0	0	0	0	0	0	0	0	0	0	0	0	0	0	3	4	5	6	0	0	0	0	7	2				
4022	1	2	0	0	0	0	0	0	0	3	4	0	0	0	0	0	0	0	5	6	1	0	0	0	0	0	0	0	0	0	0	0	0	0	0	0	0	0	0	0	0	0	0	0	0	7	8	9	10	0	0	0	0	11	2				
4023	1	2	1	3	0	0	0	0	0	0	0	0	0	0	0	0	0	0	0	0	0	0	0	0	0	0	0	0	0	0	0	0	0	0	0	0	0	0	0	0	0	0	0	0	0	4	5	0	0	0	0	0	0	0	2				
4024	1	2	1	0	0	0	0	0	0	0	0	0	0	0	0	0	0	0	0	0	0	0	0	0	0	0	0	0	0	0	0	0	0	0	0	0	0	0	0	0	0	0	0	0	0	3	4	5	6	7	8	0	0	9	2				
4025	1	2	0	0	0	0	0	0	0	3	4	1	0	0	0	0	0	0	0	0	0	0	0	0	0	0	0	0	0	0	0	0	0	0	0	0	0	0	0	0	0	0	0	0	0	5	6	7	8	0	0	0	0	9	2				
4026	1	2	1	3	0	0	0	0	0	0	0	0	0	0	0	0	0	0	0	0	0	0	0	0	0	0	0	0	0	0	0	0	0	0	0	0	0	0	0	0	0	0	0	0	0	0	0	0	0	0	0	0	0	0	2				
4027	1	2	1	0	0	0	0	0	0	0	0	0	0	0	0	0	0	0	0	0	0	0	0	0	0	0	0	0	0	0	0	0	0	0	0	0	0	0	0	0	0	0	0	0	0	3	4	5	6	7	8	0	0	9	2				
4028	1	2	1	3	0	0	0	0	0	0	0	0	0	0	0	0	0	0	0	0	0	0	0	0	0	0	0	0	0	0	0	0	0	0	0	0	0	0	0	0	0	0	0	0	0	0	0	0	0	0	0	0	0	0	2				
4029	1	2	0	0	0	0	0	0	0	3	4	0	0	0	0	0	0	0	5	6	1	7	0	0	0	0	0	0	0	0	0	0	0	0	0	0	0	0	0	0	0	0	0	0	0	8	9	10	11	0	0	0	0	12	2				
4030	1	2	1	3	0	0	0	0	0	0	0	0	0	0	0	0	0	0	0	0	0	0	0	0	0	0	0	0	0	0	0	0	0	0	0	0	0	0	0	0	0	0	0	0	0	0	0	0	0	0	0	0	0	0	2				
4031	1	2	0	0	0	0	0	0	0	3	4	1	0	0	0	0	0	0	0	0	0	0	0	0	0	0	0	0	0	0	0	0	0	0	0	0	0	0	0	0	0	0	0	0	0	5	6	7	8	0	0	0	0	9	2				
4032	1	2	1	3	0	0	0	0	0	0	0	0	0	0	0	0	0	0	0	0	0	0	0	0	0	0	0	0	0	0	0	0	0	0	0	0	0	0	0	0	0	0	0	0	0	0	0	0	0	0	0	0	0	0	2				
4033	1	2	0	0	0	0	0	0	0	3	4	0	0	0	0	0	0	0	5	6	1	0	0	0	0	0	0	0	0	0	0	0	0	0	0	0	0	0	0	0	0	0	0	0	0	7	8	9	10	0	0	0	0	11	2				
4034	1	2	1	0	0	0	0	0	0	0	0	0	0	0	0	0	0	0	0	0	0	0	0	0	0	0	0	0	0	0	0	0	0	0	0	0	0	0	0	0	0	0	0	0	0	3	4	5	6	7	8	9	10	11	12				
4035	1	2	1	0	0	0	0	0	0	0	0	0	0	0	0	0	0	0	0	0	0	0	0	0	0	0	0	0	0	0	0	0	0	0	0	0	0	0	0	0	0	0	0	0	0	3	4	5	6	0	0	0	0	7	2				
4036	1	2	1	3	0	0	0	0	0	0	0	0	0	0	0	0	0	0	0	0	0	0	0	0	0	0	0	0	0	0	0	0	0	0	0	0	0	0	0	0	0	0	0	0	0	0	0	0	0	0	0	0	0	0	2				
4037	1	2	1	0	0	0	0	0	0	0	0	0	0	0	0	0	0	0	0	0	0	0	0	0	0	0	0	0	0	0	0	0	0	0	0	0	0	0	0	0	0	0	0	0	0	3	4	5	6	7	8	9	10	11	2				
4038	1	2	0	0	0	0	0	0	0	3	4	1	0	0	0	0	0	0	0	0	0	0	0	0	0	0	0	0	0	0	0	0	0	0	0	0	0	0	0	0	0	0	0	0	0	5	6	7	8	9	10	11	12	13	2			1;ROSE_PRINCESS_0\n2;ROSE_PRINCESS_2\n3;ROSE_PRINCESS_2	ROSE_PRINCESS_3
4039	1	2	0	0	0	0	0	0	0	3	4	0	5	0	0	0	0	0	6	7	1	0	0	0	0	0	0	0	0	0	0	0	0	0	0	0	0	0	0	0	0	0	0	0	0	8	9	10	11	0	0	0	0	12	2	1;ROSE_PRINCESS_2\n2;ROSE_PRINCESS_0\n3;ROSE_PRINCESS_0\n\n		1;YAMA_0\n\n	YAMA_1
4040	1	2	0	0	0	0	0	0	0	3	4	1	0	0	0	0	0	0	0	0	0	0	0	0	0	0	0	0	0	0	0	0	0	0	0	0	0	0	0	0	0	0	0	0	0	5	6	7	8	9	10	0	0	11	2	1;YAMA_1\n2;YAMA_2\n\n\n		1;YAMA_0\n2;YAMA_2\n	YAMA_0
4041	1	2	1	3	0	0	0	0	0	0	0	0	0	0	0	0	0	0	0	0	0	0	0	0	0	0	0	0	0	0	0	0	0	0	0	0	0	0	0	0	0	0	0	0	0	0	0	0	0	0	0	0	0	0	2				
4042	1	2	1	0	0	0	0	0	0	0	0	0	0	0	0	0	0	0	0	0	0	0	0	0	0	0	0	0	0	0	0	0	0	0	0	0	0	0	0	0	0	0	0	0	0	3	4	5	6	7	8	0	0	9	2	1;YAMA_0\n\n\n\n			
4043	1	2	1	3	0	0	0	0	0	0	0	0	0	0	0	0	0	0	0	0	0	0	0	0	0	0	0	0	0	0	0	0	0	0	0	0	0	0	0	0	0	0	0	0	0	0	0	0	0	0	0	0	0	0	2				
4044	1	2	0	3	0	0	0	0	0	4	5	1	0	0	0	0	0	0	0	0	0	0	0	0	0	0	0	0	0	0	0	0	0	0	0	0	0	0	0	0	0	0	0	0	0	6	7	8	9	10	11	12	13	14	2			1;YAMA_0\n2;YAMA_0\n3;YAMA_0	YAMA_0
4045	1	2	1	3	0	0	0	0	0	0	0	0	0	0	0	0	0	0	0	0	0	0	0	0	0	0	0	0	0	0	0	0	0	0	0	0	0	0	0	0	0	0	0	0	0	0	0	0	0	0	0	0	0	0	2				
4046	1	2	0	3	0	0	0	0	0	4	5	1	0	0	0	0	0	0	0	0	0	0	0	0	0	0	0	0	0	0	0	0	0	0	0	0	0	0	0	0	0	0	0	0	0	6	7	8	9	10	11	0	0	12	2	1;YAMA_0\n2;YAMA_0\n\n\n	1;YAMA_0	1;YAMA_0\n2;YAMA_0\n	YAMA_0
4047	1	2	0	0	0	0	0	0	0	3	4	1	0	0	0	0	0	0	0	0	0	0	0	0	0	0	0	0	0	0	0	0	0	0	0	0	0	0	0	0	0	0	0	0	0	5	6	7	8	9	10	0	0	11	2	1;YAMA_0\n2;YAMA_3\n\n\n			
4048	1	2	1	3	0	0	0	0	0	0	0	0	0	0	0	0	0	0	0	0	0	0	0	0	0	0	0	0	0	0	0	0	0	0	0	0	0	0	0	0	0	0	0	0	0	0	0	0	0	0	0	0	0	0	2				
4049	1	2	1	0	0	0	0	0	0	0	0	0	0	0	0	0	0	0	0	0	0	0	0	0	0	0	0	0	0	0	0	0	0	0	0	0	0	0	0	0	0	0	0	0	0	3	4	5	6	7	8	9	10	11	2				
4050	1	2	1	3	0	0	0	0	0	0	0	0	0	0	0	0	0	0	0	0	0	0	0	0	0	0	0	0	0	0	0	0	0	0	0	0	0	0	0	0	0	0	0	0	0	0	0	0	0	0	0	0	0	0	2				
4051	1	2	1	0	0	0	0	0	0	0	0	0	0	0	0	0	0	0	0	0	0	0	0	0	0	0	0	0	0	0	0	0	0	0	0	0	0	0	0	0	0	0	0	0	0	3	4	5	6	7	8	9	10	11	2			1;ANGELINA_1\n2;ANGELINA_1\n3;ANGELINA_1	ANGELINA_0
4052	1	2	0	0	0	0	0	0	0	3	4	1	0	0	0	0	0	0	0	0	0	0	0	0	0	0	0	0	0	0	0	0	0	0	0	0	0	0	0	0	0	0	0	0	0	5	6	7	8	9	10	11	12	13	2	1;ANGELINA_2\n2;ANGELINA_0\n\n\n		1;ROSE_PRINCESS_0\n2;ROSE_PRINCESS_2\n3;ROSE_PRINCESS_2	ROSE_PRINCESS_0
4053	1	2	0	0	0	0	0	0	0	3	4	1	5	1	0	0	0	0	0	0	0	0	0	0	0	0	0	0	0	0	0	0	0	0	0	0	0	0	0	0	0	0	0	0	0	6	7	8	9	0	0	0	0	10	2	1;YAMA_0\n2;YAMA_3\n\n\n		1;YAMA_0\n\n	YAMA_2
4054	1	2	0	3	0	0	0	0	0	4	5	0	0	0	0	0	0	0	6	7	1	8	0	0	0	0	0	0	0	0	0	0	0	0	0	0	0	0	0	0	0	0	0	0	0	9	10	11	12	0	0	0	0	13	2				
4055	1	2	1	3	0	0	0	0	0	0	0	0	0	0	0	0	0	0	0	0	0	0	0	0	0	0	0	0	0	0	0	0	0	0	0	0	0	0	0	0	0	0	0	0	0	0	0	0	0	0	0	0	0	0	2				
4056	1	2	0	0	0	0	0	0	0	3	4	1	0	0	0	0	0	0	0	0	0	0	0	0	0	0	0	0	0	0	0	0	0	0	0	0	0	0	0	0	0	0	0	0	0	5	6	7	8	0	0	0	0	9	2				
4057	1	2	0	3	0	0	0	0	0	4	5	0	0	0	0	0	0	0	6	7	0	0	0	0	0	0	0	8	9	1	0	0	0	0	0	0	0	0	0	0	0	0	0	0	0	10	11	12	13	0	0	0	0	14	2	1;LOLA_3\n2;LOLA_0\n3;LOLA_0\n4;LOLA_0\n		1;LOLA_0\n\n	LOLA_0
4058	1	2	1	3	0	0	0	0	0	0	0	0	0	0	0	0	0	0	0	0	0	0	0	0	0	0	0	0	0	0	0	0	0	0	0	0	0	0	0	0	0	0	0	0	0	0	0	0	0	0	0	0	0	0	2				
4059	1	2	1	0	0	0	0	0	0	0	0	0	0	0	0	0	0	0	0	0	0	0	0	0	0	0	0	0	0	0	0	0	0	0	0	0	0	0	0	0	0	0	0	0	0	3	4	5	6	0	0	0	0	7	2	1;LOLA_0\n\n\n\n			
4060	1	2	1	3	0	0	0	0	0	0	0	0	0	0	0	0	0	0	0	0	0	0	0	0	0	0	0	0	0	0	0	0	0	0	0	0	0	0	0	0	0	0	0	0	0	0	0	0	0	0	0	0	0	0	2				
4061	1	2	1	0	0	0	0	0	0	0	0	0	0	0	0	0	0	0	0	0	0	0	0	0	0	0	0	0	0	0	0	0	0	0	0	0	0	0	0	0	0	0	0	0	0	3	4	5	6	0	0	0	0	7	2			1;LOLA_2\n\n	LOLA_0
4062	1	2	1	3	0	0	0	0	0	0	0	0	0	0	0	0	0	0	0	0	0	0	0	0	0	0	0	0	0	0	0	0	0	0	0	0	0	0	0	0	0	0	0	0	0	4	5	6	7	8	9	0	0	10	2	1;LOLA_0\n\n\n\n		1;LOLA_1\n2;LOLA_0\n	LOLA_0
4063	1	2	1	3	0	0	0	0	0	0	0	0	0	0	0	0	0	0	0	0	0	0	0	0	0	0	0	0	0	0	0	0	0	0	0	0	0	0	0	0	0	0	0	0	0	0	0	0	0	0	0	0	0	0	2				
4064	1	2	0	3	0	0	0	0	0	4	5	1	0	0	0	0	0	0	0	0	0	0	0	0	0	0	0	0	0	0	0	0	0	0	0	0	0	0	0	0	0	0	0	0	0	6	7	8	9	10	11	0	0	12	2	1;LOLA_0\n2;LOLA_1\n\n\n	1;LOLA_0	1;LOLA_3\n2;LOLA_0\n	LOLA_0
4065	1	2	1	0	0	0	0	0	0	0	0	0	0	0	0	0	0	0	0	0	0	0	0	0	0	0	0	0	0	0	0	0	0	0	0	0	0	0	0	0	0	0	0	0	0	3	4	5	6	0	0	0	0	7	2	1;LOLA_0\n\n\n\n		1;LOLA_0\n\n	LOLA_2
4066	1	2	0	3	0	0	0	0	0	4	5	0	6	0	0	0	0	0	7	8	1	0	0	0	0	0	0	0	0	0	0	0	0	0	0	0	0	0	0	0	0	0	0	0	0	9	10	11	12	13	14	0	0	15	2	1;LOLA_0\n2;LOLA_1\n3;LOLA_0\n\n	1;LOLA_0	1;LOLA_0\n2;LOLA_0\n	LOLA_0
4067	1	2	1	3	0	0	0	0	0	0	0	0	0	0	0	0	0	0	0	0	0	0	0	0	0	0	0	0	0	0	0	0	0	0	0	0	0	0	0	0	0	0	0	0	0	0	0	0	0	0	0	0	0	0	2				
4068	1	2	0	3	0	0	0	0	0	4	5	1	0	0	0	0	0	0	0	0	0	0	0	0	0	0	0	0	0	0	0	0	0	0	0	0	0	0	0	0	0	0	0	0	0	6	7	8	9	0	0	0	0	10	2	1;LOLA_0\n2;LOLA_0\n\n\n		1;LOLA_0\n\n	LOLA_0
4069	1	2	1	3	0	0	0	0	0	0	0	0	0	0	0	0	0	0	0	0	0	0	0	0	0	0	0	0	0	0	0	0	0	0	0	0	0	0	0	0	0	0	0	0	0	0	0	0	0	0	0	0	0	0	2				
4070	1	2	0	0	0	0	0	0	0	3	4	0	0	0	0	0	0	0	5	6	1	7	1	0	0	0	0	0	0	0	0	0	0	0	0	0	0	0	0	0	0	0	0	0	0	8	9	10	11	0	0	0	0	12	2	1;LOLA_1\n2;LOLA_0\n3;LOLA_0\n\n	1;LOLA_0	1;LOLA_2\n\n	LOLA_1
4071	1	2	0	3	0	4	0	0	0	5	6	0	7	0	0	0	0	0	8	9	1	10	1	0	0	0	0	0	0	0	0	0	0	0	0	0	0	0	0	0	0	0	0	0	0	11	12	13	14	0	0	0	0	15	2	1;LOLA_0\n2;LOLA_1\n3;LOLA_0\n\n		1;LOLA_0\n\n	LOLA_0
4080	1	2	1	3	0	0	0	0	0	0	0	0	0	0	0	0	0	0	0	0	0	0	0	0	0	0	0	0	0	0	0	0	0	0	0	0	0	0	0	0	0	0	0	0	0	4	5	6	7	0	0	0	0	8	2			1;NELSON_0\n\n	NELSON_0
4073	1	2	1	3	0	0	0	0	0	0	0	0	0	0	0	0	0	0	0	0	0	0	0	0	0	0	0	0	0	0	0	0	0	0	0	0	0	0	0	0	0	0	0	0	0	0	0	0	0	0	0	0	0	0	2				
4072	1	2	0	0	0	0	0	0	0	3	4	1	5	0	0	0	0	0	0	0	0	0	0	0	0	0	0	0	0	0	0	0	0	0	0	0	0	0	0	0	0	0	0	0	0	6	7	8	9	10	11	0	0	12	2	1;NELSON_0\n2;NELSON_0\n\n\n	1;NELSON_0	1;NELSON_3\n2;NELSON_3\n	NELSON_0
4075	1	2	1	3	0	0	0	0	0	0	0	0	0	0	0	0	0	0	0	0	0	0	0	0	0	0	0	0	0	0	0	0	0	0	0	0	0	0	0	0	0	0	0	0	0	0	0	0	0	0	0	0	0	0	2				
4074	1	2	0	0	0	0	0	0	0	3	4	1	5	0	0	0	0	0	0	0	0	0	0	0	0	0	0	0	0	0	0	0	0	0	0	0	0	0	0	0	0	0	0	0	0	6	7	8	9	0	0	0	0	10	2	1;NELSON_3\n2;NELSON_0\n\n\n	1;NELSON_0	1;NELSON_0\n\n	NELSON_0
4077	1	2	1	3	0	0	0	0	0	0	0	0	0	0	0	0	0	0	0	0	0	0	0	0	0	0	0	0	0	0	0	0	0	0	0	0	0	0	0	0	0	0	0	0	0	0	0	0	0	0	0	0	0	0	2				
4076	1	2	1	0	0	0	0	0	0	0	0	0	0	0	0	0	0	0	0	0	0	0	0	0	0	0	0	0	0	0	0	0	0	0	0	0	0	0	0	0	0	0	0	0	0	3	4	5	6	0	0	0	0	7	2	1;NELSON_0\n\n\n\n	1;NELSON_0	1;NELSON_0\n\n	NELSON_0
4079	1	2	1	3	0	0	0	0	0	0	0	0	0	0	0	0	0	0	0	0	0	0	0	0	0	0	0	0	0	0	0	0	0	0	0	0	0	0	0	0	0	0	0	0	0	0	0	0	0	0	0	0	0	0	2				
4078	1	2	1	0	0	0	0	0	0	0	0	0	0	0	0	0	0	0	0	0	0	0	0	0	0	0	0	0	0	0	0	0	0	0	0	0	0	0	0	0	0	0	0	0	0	3	4	5	6	0	0	0	0	7	2	1;NELSON_0\n\n\n\n			
4081	1	2	1	3	0	0	0	0	0	0	0	0	0	0	0	0	0	0	0	0	0	0	0	0	0	0	0	0	0	0	0	0	0	0	0	0	0	0	0	0	0	0	0	0	0	0	0	0	0	0	0	0	0	0	2				
4082	1	2	1	0	0	0	0	0	0	0	0	0	0	0	0	0	0	0	0	0	0	0	0	0	0	0	0	0	0	0	0	0	0	0	0	0	0	0	0	0	0	0	0	0	0	3	4	5	6	7	8	0	0	9	2				
4085	1	2	1	3	0	0	0	0	0	0	0	0	0	0	0	0	0	0	0	0	0	0	0	0	0	0	0	0	0	0	0	0	0	0	0	0	0	0	0	0	0	0	0	0	0	0	0	0	0	0	0	0	0	0	2				
4084	1	2	0	0	0	0	0	0	0	3	4	1	0	0	0	0	0	0	0	0	0	0	0	0	0	0	0	0	0	0	0	0	0	0	0	0	0	0	0	0	0	0	0	0	0	5	6	7	8	0	0	0	0	9	2			1;NELSON_3\n\n	NELSON_0
4083	1	2	0	0	0	0	0	0	0	3	4	0	0	0	0	0	0	0	5	6	1	0	0	0	0	0	0	0	0	0	0	0	0	0	0	0	0	0	0	0	0	0	0	0	0	7	8	9	10	0	0	0	0	11	2	1;NELSON_0\n2;NELSON_0\n3;NELSON_0\n\n	1;NELSON_0	1;NELSON_0\n\n	NELSON_0
4086	1	2	0	0	0	0	0	0	0	3	4	1	0	0	0	0	0	0	0	0	0	0	0	0	0	0	0	0	0	0	0	0	0	0	0	0	0	0	0	0	0	0	0	0	0	5	6	7	8	9	10	11	12	13	2	1;NELSON_0\n2;NELSON_0\n\n\n		1;NELSON_3\n2;NELSON_0\n3;NELSON_0	NELSON_0
4087	1	2	0	0	0	0	0	0	0	3	4	1	0	0	0	0	0	0	0	0	0	0	0	0	0	0	0	0	0	0	0	0	0	0	0	0	0	0	0	0	0	0	0	0	0	5	6	7	8	9	10	11	12	13	2				
4088	1	2	0	0	0	0	0	0	0	3	4	0	0	0	0	0	0	0	5	6	1	0	0	0	0	0	0	0	0	0	0	0	0	0	0	0	0	0	0	0	0	0	0	0	0	7	8	9	10	11	12	0	0	13	2				
4089	1	2	0	0	0	0	0	0	0	3	4	1	0	0	0	0	0	0	0	0	0	0	0	0	0	0	0	0	0	0	0	0	0	0	0	0	0	0	0	0	0	0	0	0	0	5	6	7	8	0	0	0	0	9	2				
4090	1	2	0	3	0	0	0	0	0	4	5	0	6	0	0	0	0	0	7	8	1	0	0	0	0	0	0	0	0	0	0	0	0	0	0	0	0	0	0	0	0	0	0	0	0	9	10	11	12	0	0	0	0	13	2				
4091	1	2	0	0	0	0	0	0	0	3	4	0	5	0	0	0	0	0	6	7	1	0	0	0	0	0	0	0	0	0	0	0	0	0	0	0	0	0	0	0	0	0	0	0	0	8	9	10	11	12	13	0	0	14	2				
4092	1	2	0	0	0	0	0	0	0	3	4	0	0	0	0	0	0	0	5	6	0	0	0	0	0	0	0	7	8	1	0	0	0	0	0	0	0	0	0	0	0	0	0	0	0	9	10	11	12	13	14	0	0	15	2			1;PLATO_0\n2;PLATO_0\n	PLATO_0
4093	1	2	0	0	0	0	0	0	0	3	4	0	0	0	0	0	0	0	5	6	1	0	0	0	0	0	0	0	0	0	0	0	0	0	0	0	0	0	0	0	0	0	0	0	0	7	8	9	10	0	0	0	0	11	2	1;PLATO_0\n2;PLATO_1\n3;PLATO_0\n\n	1;PLATO_0	1;PLATO_0\n\n	PLATO_0
4094	1	2	0	0	0	0	0	0	0	3	4	0	0	0	0	0	0	0	5	6	0	0	0	0	0	0	0	7	8	1	0	0	0	0	0	0	0	0	0	0	0	0	0	0	0	9	10	11	12	0	0	0	0	13	2	1;PLATO_0\n2;PLATO_0\n3;PLATO_0\n4;PLATO_0\n	1;PLATO_0	1;PLATO_3\n\n	PLATO_0
4095	1	2	0	3	0	0	0	0	0	4	5	0	0	0	0	0	0	0	6	7	0	0	0	0	0	0	0	8	9	1	0	0	0	0	0	0	0	0	0	0	0	0	0	0	0	10	11	12	13	0	0	0	0	14	2	1;PLATO_0\n2;PLATO_0\n3;PLATO_0\n4;PLATO_0\n	1;PLATO_0	1;PLATO_0\n\n	PLATO_0
4096	1	2	0	0	0	0	0	0	0	3	4	0	0	0	0	0	0	0	5	6	0	0	0	0	0	0	0	7	8	1	0	0	0	0	0	0	0	0	0	0	0	0	0	0	0	9	10	11	12	13	14	0	0	15	2	1;PLATO_0\n2;PLATO_0\n3;PLATO_0\n4;PLATO_0\n	1;PLATO_0	1;PLATO_3\n2;PLATO_3\n	PLATO_0
4097	1	2	1	0	0	0	0	0	0	0	0	0	0	0	0	0	0	0	0	0	0	0	0	0	0	0	0	0	0	0	0	0	0	0	0	0	0	0	0	0	0	0	0	0	0	3	4	5	6	7	8	9	10	11	2				
4098	1	2	0	3	0	0	0	0	0	4	5	0	6	0	0	0	0	0	7	8	1	9	0	0	0	0	0	0	0	0	0	0	0	0	0	0	0	0	0	0	0	0	0	0	0	0	0	0	0	0	0	0	0	0	0				
4099	1	2	0	3	0	0	0	0	0	4	5	1	6	1	0	0	0	0	0	0	0	0	0	0	0	0	0	0	0	0	0	0	0	0	0	0	0	0	0	0	0	0	0	0	0	0	0	0	0	0	0	0	0	0	0	1;SHADOW_0\n2;SHADOW_3\n\n\n			
4100	1	2	0	3	0	0	0	0	0	4	5	0	6	0	0	0	0	0	7	8	0	9	0	0	0	0	0	10	11	1	12	1	0	0	0	0	0	0	0	0	0	0	0	0	0	0	0	0	0	0	0	0	0	0	0	1;SHADOW_1\n2;SHADOW_3\n3;SHADOW_2\n4;SHADOW_1\n			
4101	1	2	0	3	0	0	0	0	0	4	5	0	6	0	0	0	0	0	7	8	0	9	0	0	0	0	0	10	11	0	12	0	0	0	0	0	13	14	1	15	0	0	0	0	0	16	17	18	19	20	21	0	0	22	2				
4500	1	2	1	0	0	0	0	0	0	0	0	0	0	0	0	0	0	0	0	0	0	0	0	0	0	0	0	0	0	0	0	0	0	0	0	0	0	0	0	0	0	0	0	0	0	3	4	5	6	0	0	0	0	7	2				
4501	1	2	0	0	0	0	0	0	0	3	4	1	0	0	0	0	0	0	0	0	0	0	0	0	0	0	0	0	0	0	0	0	0	0	0	0	0	0	0	0	0	0	0	0	0	5	6	7	8	0	0	0	0	9	2				
4502	1	2	1	0	0	0	0	0	0	0	0	0	0	0	0	0	0	0	0	0	0	0	0	0	0	0	0	0	0	0	0	0	0	0	0	0	0	0	0	0	0	0	0	0	0	3	4	5	6	0	0	0	0	7	2				
4505	1	2	0	0	0	0	0	0	0	3	4	0	0	0	0	0	0	0	5	6	1	0	0	0	0	0	0	0	0	0	0	0	0	0	0	0	0	0	0	0	0	0	0	0	0	7	8	9	10	0	0	0	0	11	2				
4506	1	2	1	0	0	0	0	0	0	0	0	0	0	0	0	0	0	0	0	0	0	0	0	0	0	0	0	0	0	0	0	0	0	0	0	0	0	0	0	0	0	0	0	0	0	3	4	5	6	0	0	0	0	7	2				
4508	1	2	1	3	1	0	0	0	0	0	0	0	0	0	0	0	0	0	0	0	0	0	0	0	0	0	0	0	0	0	0	0	0	0	0	0	0	0	0	0	0	0	0	0	0	4	5	6	7	8	9	0	0	10	2				
4509	1	2	1	0	0	0	0	0	0	0	0	0	0	0	0	0	0	0	0	0	0	0	0	0	0	0	0	0	0	0	0	0	0	0	0	0	0	0	0	0	0	0	0	0	0	3	4	5	6	0	0	0	0	7	2				
4512	1	2	0	0	0	0	0	0	0	3	4	0	0	0	0	0	0	0	5	6	0	0	0	0	0	0	0	7	8	0	0	0	0	0	0	0	9	10	1	0	0	0	0	0	0	11	12	13	14	15	16	0	0	17	2				
4513	1	2	0	3	0	0	0	0	0	4	5	1	0	0	0	0	0	0	0	0	0	0	0	0	0	0	0	0	0	0	0	0	0	0	0	0	0	0	0	0	0	0	0	0	0	6	7	8	9	0	0	0	0	10	2				
4514	1	2	0	3	0	0	0	0	0	4	5	1	0	0	0	0	0	0	0	0	0	0	0	0	0	0	0	0	0	0	0	0	0	0	0	0	0	0	0	0	0	0	0	0	0	6	7	8	9	0	0	0	0	10	2				
4516	1	2	0	0	0	0	0	0	0	3	4	1	0	0	0	0	0	0	0	0	0	0	0	0	0	0	0	0	0	0	0	0	0	0	0	0	0	0	0	0	0	0	0	0	0	5	6	7	8	0	0	0	0	9	2				
4517	1	2	0	0	0	0	0	0	0	3	4	1	0	0	0	0	0	0	0	0	0	0	0	0	0	0	0	0	0	0	0	0	0	0	0	0	0	0	0	0	0	0	0	0	0	5	6	7	8	9	10	0	0	11	2				
4520	1	2	1	0	0	0	0	0	0	0	0	0	0	0	0	0	0	0	0	0	0	0	0	0	0	0	0	0	0	0	0	0	0	0	0	0	0	0	0	0	0	0	0	0	0	3	4	5	6	0	0	0	0	7	2				
4511	1	2	0	0	0	0	0	0	0	3	4	0	0	0	0	0	0	0	5	6	0	0	0	0	0	0	0	7	8	0	0	0	0	0	0	0	9	10	1	0	0	0	0	0	0	11	12	13	14	0	0	0	0	15	2				
4515	1	2	1	0	0	0	0	0	0	0	0	0	0	0	0	0	0	0	0	0	0	0	0	0	0	0	0	0	0	0	0	0	0	0	0	0	0	0	0	0	0	0	0	0	0	3	4	5	6	0	0	0	0	7	2				
4532	1	2	0	3	0	0	0	0	0	4	5	1	0	0	0	0	0	0	0	0	0	0	0	0	0	0	0	0	0	0	0	0	0	0	0	0	0	0	0	0	0	0	0	0	0	6	7	8	9	0	0	0	0	10	2				
4533	1	2	1	0	0	0	0	0	0	0	0	0	0	0	0	0	0	0	0	0	0	0	0	0	0	0	0	0	0	0	0	0	0	0	0	0	0	0	0	0	0	0	0	0	0	3	4	5	6	0	0	0	0	7	2				
4534	1	2	0	3	0	0	0	0	0	4	5	0	0	0	0	0	0	0	6	7	1	0	0	0	0	0	0	0	0	0	0	0	0	0	0	0	0	0	0	0	0	0	0	0	0	8	9	10	11	0	0	0	0	12	2				
4522	1	2	0	3	0	0	0	0	0	4	5	0	6	0	0	0	0	0	7	8	1	0	0	0	0	0	0	0	0	0	0	0	0	0	0	0	0	0	0	0	0	0	0	0	0	9	10	11	12	0	0	0	0	13	2				
4524	1	2	1	0	0	0	0	0	0	0	0	0	0	0	0	0	0	0	0	0	0	0	0	0	0	0	0	0	0	0	0	0	0	0	0	0	0	0	0	0	0	0	0	0	0	3	4	5	6	0	0	0	0	7	2				
4525	1	2	1	0	0	0	0	0	0	0	0	0	0	0	0	0	0	0	0	0	0	0	0	0	0	0	0	0	0	0	0	0	0	0	0	0	0	0	0	0	0	0	0	0	0	3	4	5	6	0	0	0	0	7	2				
4521	1	2	0	0	0	0	0	0	0	3	4	1	0	0	0	0	0	0	0	0	0	0	0	0	0	0	0	0	0	0	0	0	0	0	0	0	0	0	0	0	0	0	0	0	0	5	6	7	8	0	0	0	0	9	2				
4523	1	2	1	0	0	0	0	0	0	0	0	0	0	0	0	0	0	0	0	0	0	0	0	0	0	0	0	0	0	0	0	0	0	0	0	0	0	0	0	0	0	0	0	0	0	3	4	5	6	7	8	0	0	9	2				
4561	1	2	0	3	0	0	0	0	0	4	5	1	0	0	0	0	0	0	0	0	0	0	0	0	0	0	0	0	0	0	0	0	0	0	0	0	0	0	0	0	0	0	0	0	0	0	0	0	0	0	0	0	0	0	0				
4526	1	2	0	0	0	0	0	0	0	3	4	1	0	0	0	0	0	0	0	0	0	0	0	0	0	0	0	0	0	0	0	0	0	0	0	0	0	0	0	0	0	0	0	0	0	5	6	7	8	9	10	0	0	11	0	1;LOLA_2\n2;LOLA_0\n\n\n	1;LOLA_2	1;LOLA_0\n2;LOLA_3\n	LOLA_3
4527	1	2	0	0	0	0	0	0	0	3	4	1	0	0	0	0	0	0	0	0	0	0	0	0	0	0	0	0	0	0	0	0	0	0	0	0	0	0	0	0	0	0	0	0	0	5	6	7	8	9	10	11	12	13	0	1;COLUMBUS_0\n2;COLUMBUS_2\n\n\n	1;COLUMBUS_2	1;COLUMBUS_2\n2;COLUMBUS_0\n3;COLUMBUS_0	COLUMBUS_1
4528	1	2	1	3	1	0	0	0	0	0	0	0	0	0	0	0	0	0	0	0	0	0	0	0	0	0	0	0	0	0	0	0	0	0	0	0	0	0	0	0	0	0	0	0	0	4	5	6	7	0	0	0	0	8	0				
4530	1	2	0	0	0	0	0	0	0	3	4	0	0	0	0	0	0	0	5	6	0	0	0	0	0	0	0	7	8	1	0	0	0	0	0	0	0	0	0	0	0	0	0	0	0	9	10	11	12	13	14	0	0	15	0				
4535	1	2	0	0	0	0	0	0	0	3	4	0	0	0	0	0	0	0	5	6	0	0	0	0	0	0	0	7	8	0	0	0	0	0	0	0	9	10	1	0	0	0	0	0	0	11	12	13	14	15	16	0	0	17	0				
4536	1	2	0	0	0	0	0	0	0	3	4	1	0	0	0	0	0	0	0	0	0	0	0	0	0	0	0	0	0	0	0	0	0	0	0	0	0	0	0	0	0	0	0	0	0	5	6	7	8	0	0	0	0	9	0				
4537	1	2	1	0	0	0	0	0	0	0	0	0	0	0	0	0	0	0	0	0	0	0	0	0	0	0	0	0	0	0	0	0	0	0	0	0	0	0	0	0	0	0	0	0	0	3	4	5	6	0	0	0	0	7	0				
4503	1	2	0	0	0	0	0	0	0	3	4	1	0	0	0	0	0	0	0	0	0	0	0	0	0	0	0	0	0	0	0	0	0	0	0	0	0	0	0	0	0	0	0	0	0	5	6	7	8	0	0	0	0	9	0				
4504	1	2	0	0	0	0	0	0	0	3	4	0	0	0	0	0	0	0	5	6	1	0	0	0	0	0	0	0	0	0	0	0	0	0	0	0	0	0	0	0	0	0	0	0	0	7	8	9	10	0	0	0	0	11	0				
4507	1	2	1	3	1	0	0	0	0	0	0	0	0	0	0	0	0	0	0	0	0	0	0	0	0	0	0	0	0	0	0	0	0	0	0	0	0	0	0	0	0	0	0	0	0	4	5	6	7	8	9	0	0	10	0				
4518	1	2	1	0	0	0	0	0	0	0	0	0	0	0	0	0	0	0	0	0	0	0	0	0	0	0	0	0	0	0	0	0	0	0	0	0	0	0	0	0	0	0	0	0	0	3	4	5	6	0	0	0	0	7	0				
4539	1	2	0	0	0	0	0	0	0	3	4	1	0	0	0	0	0	0	0	0	0	0	0	0	0	0	0	0	0	0	0	0	0	0	0	0	0	0	0	0	0	0	0	0	0	5	6	7	8	0	0	0	0	9	0				
4541	1	2	1	0	0	0	0	0	0	0	0	0	0	0	0	0	0	0	0	0	0	0	0	0	0	0	0	0	0	0	0	0	0	0	0	0	0	0	0	0	0	0	0	0	0	3	4	5	6	0	0	0	0	7	0				
4542	1	2	1	0	0	0	0	0	0	0	0	0	0	0	0	0	0	0	0	0	0	0	0	0	0	0	0	0	0	0	0	0	0	0	0	0	0	0	0	0	0	0	0	0	0	3	4	5	6	0	0	0	0	7	0				
4547	1	2	0	0	0	0	0	0	0	3	4	1	5	1	0	0	0	0	0	0	0	0	0	0	0	0	0	0	0	0	0	0	0	0	0	0	0	0	0	0	0	0	0	0	0	6	7	8	9	0	0	0	0	10	0				
4548	1	2	0	3	0	0	0	0	0	4	5	0	6	0	0	0	0	0	7	8	1	0	0	0	0	0	0	0	0	0	0	0	0	0	0	0	0	0	0	0	0	0	0	0	0	9	10	11	12	0	0	0	0	13	0				
4540	1	2	1	3	0	0	0	0	0	4	5	1	6	0	0	0	0	0	0	0	0	0	0	0	0	0	0	0	0	0	0	0	0	0	0	0	0	0	0	0	0	0	0	0	0	7	8	9	10	0	0	0	0	11	0				
4543	1	2	0	0	0	0	0	0	0	3	4	1	5	1	0	0	0	0	0	0	0	0	0	0	0	0	0	0	0	0	0	0	0	0	0	0	0	0	0	0	0	0	0	0	0	6	7	8	9	0	0	0	0	10	0				
4544	1	2	1	0	0	0	0	0	0	0	0	0	0	0	0	0	0	0	0	0	0	0	0	0	0	0	0	0	0	0	0	0	0	0	0	0	0	0	0	0	0	0	0	0	0	3	4	5	6	7	8	9	10	11	0	1;COLUMBUS_2\n\n\n\n	1;COLUMBUS_2	1;COLUMBUS_2\n2;COLUMBUS_0\n3;COLUMBUS_0	COLUMBUS_0
4545	1	2	0	0	0	0	0	0	0	3	4	0	0	0	0	0	0	0	5	6	0	0	0	0	0	0	0	7	8	0	0	0	0	0	0	0	9	10	1	0	0	0	0	0	0	11	12	13	14	15	16	0	0	17	0				
4549	1	2	0	0	0	0	0	0	0	3	4	0	0	0	0	0	0	0	5	6	1	7	0	0	0	0	0	8	9	1	10	0	0	0	0	0	0	0	0	0	0	0	0	0	0	11	12	13	14	0	0	0	0	15	0				
4550	1	2	1	0	0	0	0	0	0	0	0	0	0	0	0	0	0	0	0	0	0	0	0	0	0	0	0	0	0	0	0	0	0	0	0	0	0	0	0	0	0	0	0	0	0	3	4	5	6	0	0	0	0	7	0				
4529	1	2	0	0	0	0	0	0	0	3	4	0	0	0	0	0	0	0	5	6	1	7	0	0	0	0	0	0	0	0	0	0	0	0	0	0	0	0	0	0	0	0	0	0	0	8	9	10	11	0	0	0	0	12	0				
4510	1	2	0	0	0	0	0	0	0	3	4	0	0	0	0	0	0	0	5	6	1	7	0	0	0	0	0	0	0	0	0	0	0	0	0	0	0	0	0	0	0	0	0	0	0	8	9	10	11	0	0	0	0	12	0				
4555	1	2	1	3	0	0	0	0	0	0	0	0	0	0	0	0	0	0	0	0	0	0	0	0	0	0	0	0	0	0	0	0	0	0	0	0	0	0	0	0	0	0	0	0	0	4	5	6	7	0	0	0	0	8	0				
4552	1	2	1	3	0	0	0	0	0	0	0	0	0	0	0	0	0	0	0	0	0	0	0	0	0	0	0	0	0	0	0	0	0	0	0	0	0	0	0	0	0	0	0	0	0	4	5	6	7	0	0	0	0	8	0				
4553	1	2	0	0	0	0	0	0	0	3	4	1	5	0	0	0	0	0	0	0	0	0	0	0	0	0	0	0	0	0	0	0	0	0	0	0	0	0	0	0	0	0	0	0	0	6	7	8	9	0	0	0	0	10	0				
4554	1	2	1	3	0	0	0	0	0	0	0	0	0	0	0	0	0	0	0	0	0	0	0	0	0	0	0	0	0	0	0	0	0	0	0	0	0	0	0	0	0	0	0	0	0	4	5	6	7	0	0	0	0	8	0				
4556	1	2	0	0	0	0	0	0	0	3	4	0	0	0	0	0	0	0	5	6	0	0	0	0	0	0	0	7	8	1	0	0	0	0	0	0	0	0	0	0	0	0	0	0	0	9	10	11	12	13	14	15	16	17	0				
4557	1	2	0	0	0	0	0	0	0	3	4	0	0	0	0	0	0	0	5	6	1	0	0	0	0	0	0	0	0	0	0	0	0	0	0	0	0	0	0	0	0	0	0	0	0	7	8	9	10	0	0	0	0	11	0				
4558	1	2	0	0	0	0	0	0	0	3	4	0	0	0	0	0	0	0	5	6	0	0	0	0	0	0	0	7	8	0	0	0	0	0	0	0	9	10	1	0	0	0	0	0	0	11	12	13	14	15	16	0	0	17	0				
4559	1	2	0	0	0	0	0	0	0	3	4	0	0	0	0	0	0	0	5	6	0	0	0	0	0	0	0	7	8	0	0	0	0	0	0	0	9	10	1	0	0	0	0	0	0	11	12	13	14	0	0	0	0	15	0				
4560	1	2	0	3	0	0	0	0	0	4	5	0	6	0	0	0	0	0	7	8	0	9	1	0	0	0	0	0	0	0	0	0	0	0	0	0	0	0	0	0	0	0	0	0	0	10	11	12	13	0	0	0	0	14	0				
4566	1	2	0	0	0	0	0	0	0	3	4	0	5	0	0	0	0	0	6	7	1	8	0	0	0	0	0	0	0	0	0	0	0	0	0	0	0	0	0	0	0	0	0	0	0	9	10	11	12	0	0	0	0	13	0				
4562	1	2	0	0	0	0	0	0	0	3	4	0	0	0	0	0	0	0	5	6	1	0	0	0	0	0	0	0	0	0	0	0	0	0	0	0	0	0	0	0	0	0	0	0	0	7	8	9	10	0	0	0	0	11	0				
4563	1	2	1	0	0	0	0	0	0	0	0	0	0	0	0	0	0	0	0	0	0	0	0	0	0	0	0	0	0	0	0	0	0	0	0	0	0	0	0	0	0	0	0	0	0	3	4	5	6	0	0	0	0	7	0				
4546	1	2	0	0	0	0	0	0	0	3	4	0	0	0	0	0	0	0	5	6	0	0	0	0	0	0	0	7	8	0	0	0	0	0	0	0	9	10	1	0	0	0	0	0	0	11	12	13	14	0	0	0	0	15	0				
4531	1	2	0	0	0	0	0	0	0	3	4	0	0	0	0	0	0	0	5	6	0	0	0	0	0	0	0	7	8	0	0	0	0	0	0	0	9	10	1	11	0	0	0	0	0	12	13	14	15	0	0	0	0	16	0				
4567	1	2	1	0	0	0	0	0	0	0	0	0	0	0	0	0	0	0	0	0	0	0	0	0	0	0	0	0	0	0	0	0	0	0	0	0	0	0	0	0	0	0	0	0	0	0	0	0	0	0	0	0	0	0	0				
4564	1	2	1	0	0	0	0	0	0	0	0	0	0	0	0	0	0	0	0	0	0	0	0	0	0	0	0	0	0	0	0	0	0	0	0	0	0	0	0	0	0	0	0	0	0	0	0	0	0	0	0	0	0	0	0				
4565	1	2	1	0	0	0	0	0	0	0	0	0	0	0	0	0	0	0	0	0	0	0	0	0	0	0	0	0	0	0	0	0	0	0	0	0	0	0	0	0	0	0	0	0	0	0	0	0	0	0	0	0	0	0	0				
4568	1	2	1	0	0	0	0	0	0	0	0	0	0	0	0	0	0	0	0	0	0	0	0	0	0	0	0	0	0	0	0	0	0	0	0	0	0	0	0	0	0	0	0	0	0	0	0	0	0	0	0	0	0	0	0				
7000	1	2	1	0	0	0	0	0	0	0	0	0	0	0	0	0	0	0	0	0	0	0	0	0	0	0	0	0	0	0	0	0	0	0	0	0	0	0	0	0	0	0	0	0	0	3	4	5	6	0	0	0	0	7	2		1;NELSON_0	1;NELSON_3\n\n	NELSON_0
7001	1	2	1	0	0	0	0	0	0	0	0	0	0	0	0	0	0	0	0	0	0	0	0	0	0	0	0	0	0	0	0	0	0	0	0	0	0	0	0	0	0	0	0	0	0	3	4	5	6	0	0	0	0	7	2		1;NELSON_0	1;NELSON_3\n\n	NELSON_0
7002	1	2	1	0	0	0	0	0	0	0	0	0	0	0	0	0	0	0	0	0	0	0	0	0	0	0	0	0	0	0	0	0	0	0	0	0	0	0	0	0	0	0	0	0	0	3	4	5	6	0	0	0	0	7	2		1;NELSON_0	1;NELSON_3\n\n	NELSON_0
7003	1	2	1	0	0	0	0	0	0	0	0	0	0	0	0	0	0	0	0	0	0	0	0	0	0	0	0	0	0	0	0	0	0	0	0	0	0	0	0	0	0	0	0	0	0	3	4	5	6	0	0	0	0	7	2		1;NELSON_0	1;NELSON_3\n\n	NELSON_0
7004	1	2	1	0	0	0	0	0	0	0	0	0	0	0	0	0	0	0	0	0	0	0	0	0	0	0	0	0	0	0	0	0	0	0	0	0	0	0	0	0	0	0	0	0	0	3	4	5	6	0	0	0	0	7	2		1;NELSON_0	1;NELSON_3\n\n	NELSON_0
7005	1	2	1	0	0	0	0	0	0	0	0	0	0	0	0	0	0	0	0	0	0	0	0	0	0	0	0	0	0	0	0	0	0	0	0	0	0	0	0	0	0	0	0	0	0	3	4	5	6	0	0	0	0	7	2		1;NELSON_0	1;NELSON_3\n\n	NELSON_0
7006	1	2	1	0	0	0	0	0	0	0	0	0	0	0	0	0	0	0	0	0	0	0	0	0	0	0	0	0	0	0	0	0	0	0	0	0	0	0	0	0	0	0	0	0	0	3	4	5	6	0	0	0	0	7	2		1;NELSON_0	1;NELSON_3\n\n	NELSON_0
7007	1	2	1	0	0	0	0	0	0	0	0	0	0	0	0	0	0	0	0	0	0	0	0	0	0	0	0	0	0	0	0	0	0	0	0	0	0	0	0	0	0	0	0	0	0	3	4	5	6	0	0	0	0	7	2		1;NELSON_0	1;NELSON_3\n\n	NELSON_0
7008	1	2	1	0	0	0	0	0	0	0	0	0	0	0	0	0	0	0	0	0	0	0	0	0	0	0	0	0	0	0	0	0	0	0	0	0	0	0	0	0	0	0	0	0	0	3	4	5	6	0	0	0	0	7	2		1;NELSON_0	1;NELSON_3\n\n	NELSON_0
7009	1	2	1	0	0	0	0	0	0	0	0	0	0	0	0	0	0	0	0	0	0	0	0	0	0	0	0	0	0	0	0	0	0	0	0	0	0	0	0	0	0	0	0	0	0	3	4	5	6	0	0	0	0	7	2		1;NELSON_0	1;NELSON_3\n\n	NELSON_0
7010	1	2	1	0	0	0	0	0	0	0	0	0	0	0	0	0	0	0	0	0	0	0	0	0	0	0	0	0	0	0	0	0	0	0	0	0	0	0	0	0	0	0	0	0	0	3	4	5	6	0	0	0	0	7	2		1;NELSON_0	1;NELSON_3\n\n	NELSON_0
7011	1	2	1	0	0	0	0	0	0	0	0	0	0	0	0	0	0	0	0	0	0	0	0	0	0	0	0	0	0	0	0	0	0	0	0	0	0	0	0	0	0	0	0	0	0	3	4	5	6	0	0	0	0	7	2		1;NELSON_0	1;NELSON_3\n\n	NELSON_0
7012	1	2	1	0	0	0	0	0	0	0	0	0	0	0	0	0	0	0	0	0	0	0	0	0	0	0	0	0	0	0	0	0	0	0	0	0	0	0	0	0	0	0	0	0	0	3	4	5	6	0	0	0	0	7	2				
7013	1	2	1	0	0	0	0	0	0	0	0	0	0	0	0	0	0	0	0	0	0	0	0	0	0	0	0	0	0	0	0	0	0	0	0	0	0	0	0	0	0	0	0	0	0	3	4	5	6	0	0	0	0	7	2				
7014	1	2	1	0	0	0	0	0	0	0	0	0	0	0	0	0	0	0	0	0	0	0	0	0	0	0	0	0	0	0	0	0	0	0	0	0	0	0	0	0	0	0	0	0	0	3	4	5	6	0	0	0	0	7	2				
7015	1	2	1	0	0	0	0	0	0	0	0	0	0	0	0	0	0	0	0	0	0	0	0	0	0	0	0	0	0	0	0	0	0	0	0	0	0	0	0	0	0	0	0	0	0	3	4	5	6	0	0	0	0	7	2				
7016	1	2	1	0	0	0	0	0	0	0	0	0	0	0	0	0	0	0	0	0	0	0	0	0	0	0	0	0	0	0	0	0	0	0	0	0	0	0	0	0	0	0	0	0	0	3	4	5	6	0	0	0	0	7	2				
7017	1	2	1	0	0	0	0	0	0	0	0	0	0	0	0	0	0	0	0	0	0	0	0	0	0	0	0	0	0	0	0	0	0	0	0	0	0	0	0	0	0	0	0	0	0	3	4	5	6	0	0	0	0	7	2				
7018	1	2	1	0	0	0	0	0	0	0	0	0	0	0	0	0	0	0	0	0	0	0	0	0	0	0	0	0	0	0	0	0	0	0	0	0	0	0	0	0	0	0	0	0	0	3	4	5	6	0	0	0	0	7	2				
7019	1	2	1	0	0	0	0	0	0	0	0	0	0	0	0	0	0	0	0	0	0	0	0	0	0	0	0	0	0	0	0	0	0	0	0	0	0	0	0	0	0	0	0	0	0	3	4	5	6	0	0	0	0	7	2				
7020	1	2	1	0	0	0	0	0	0	0	0	0	0	0	0	0	0	0	0	0	0	0	0	0	0	0	0	0	0	0	0	0	0	0	0	0	0	0	0	0	0	0	0	0	0	3	4	5	6	0	0	0	0	7	2				
7021	1	2	1	0	0	0	0	0	0	0	0	0	0	0	0	0	0	0	0	0	0	0	0	0	0	0	0	0	0	0	0	0	0	0	0	0	0	0	0	0	0	0	0	0	0	3	4	5	6	0	0	0	0	7	2				
7022	1	2	1	0	0	0	0	0	0	0	0	0	0	0	0	0	0	0	0	0	0	0	0	0	0	0	0	0	0	0	0	0	0	0	0	0	0	0	0	0	0	0	0	0	0	3	4	5	6	0	0	0	0	7	2				
7023	1	2	1	0	0	0	0	0	0	0	0	0	0	0	0	0	0	0	0	0	0	0	0	0	0	0	0	0	0	0	0	0	0	0	0	0	0	0	0	0	0	0	0	0	0	3	4	5	6	0	0	0	0	7	2				
7024	1	2	1	0	0	0	0	0	0	0	0	0	0	0	0	0	0	0	0	0	0	0	0	0	0	0	0	0	0	0	0	0	0	0	0	0	0	0	0	0	0	0	0	0	0	3	4	5	6	0	0	0	0	7	2				
7025	1	2	1	0	0	0	0	0	0	0	0	0	0	0	0	0	0	0	0	0	0	0	0	0	0	0	0	0	0	0	0	0	0	0	0	0	0	0	0	0	0	0	0	0	0	3	4	5	6	0	0	0	0	7	2				
7026	1	2	1	0	0	0	0	0	0	0	0	0	0	0	0	0	0	0	0	0	0	0	0	0	0	0	0	0	0	0	0	0	0	0	0	0	0	0	0	0	0	0	0	0	0	3	4	5	6	0	0	0	0	7	2				
7027	1	2	1	0	0	0	0	0	0	0	0	0	0	0	0	0	0	0	0	0	0	0	0	0	0	0	0	0	0	0	0	0	0	0	0	0	0	0	0	0	0	0	0	0	0	3	4	5	6	0	0	0	0	7	2				
7028	1	2	1	0	0	0	0	0	0	0	0	0	0	0	0	0	0	0	0	0	0	0	0	0	0	0	0	0	0	0	0	0	0	0	0	0	0	0	0	0	0	0	0	0	0	3	4	5	6	0	0	0	0	7	2				
7029	1	2	1	0	0	0	0	0	0	0	0	0	0	0	0	0	0	0	0	0	0	0	0	0	0	0	0	0	0	0	0	0	0	0	0	0	0	0	0	0	0	0	0	0	0	3	4	5	6	0	0	0	0	7	2				
7030	1	2	1	0	0	0	0	0	0	0	0	0	0	0	0	0	0	0	0	0	0	0	0	0	0	0	0	0	0	0	0	0	0	0	0	0	0	0	0	0	0	0	0	0	0	3	4	5	6	0	0	0	0	7	2				
7031	1	2	0	0	0	0	0	0	0	3	4	1	0	0	0	0	0	0	0	0	0	0	0	0	0	0	0	0	0	0	0	0	0	0	0	0	0	0	0	0	0	0	0	0	0	5	6	7	8	0	0	0	0	9	2				
7032	1	2	0	0	0	0	0	0	0	3	4	1	0	0	0	0	0	0	0	0	0	0	0	0	0	0	0	0	0	0	0	0	0	0	0	0	0	0	0	0	0	0	0	0	0	5	6	7	8	0	0	0	0	9	2				
7033	1	2	0	0	0	0	0	0	0	3	4	1	0	0	0	0	0	0	0	0	0	0	0	0	0	0	0	0	0	0	0	0	0	0	0	0	0	0	0	0	0	0	0	0	0	5	6	7	8	0	0	0	0	9	2				
7034	1	2	0	0	0	0	0	0	0	3	4	1	0	0	0	0	0	0	0	0	0	0	0	0	0	0	0	0	0	0	0	0	0	0	0	0	0	0	0	0	0	0	0	0	0	5	6	7	8	0	0	0	0	9	2				
7035	1	2	1	0	0	0	0	0	0	0	0	0	0	0	0	0	0	0	0	0	0	0	0	0	0	0	0	0	0	0	0	0	0	0	0	0	0	0	0	0	0	0	0	0	0	3	4	5	6	0	0	0	0	7	2				
7036	1	2	1	0	0	0	0	0	0	0	0	0	0	0	0	0	0	0	0	0	0	0	0	0	0	0	0	0	0	0	0	0	0	0	0	0	0	0	0	0	0	0	0	0	0	3	4	5	6	0	0	0	0	7	2				
7037	1	2	1	0	0	0	0	0	0	0	0	0	0	0	0	0	0	0	0	0	0	0	0	0	0	0	0	0	0	0	0	0	0	0	0	0	0	0	0	0	0	0	0	0	0	3	4	5	6	0	0	0	0	7	2				
7038	1	2	1	0	0	0	0	0	0	0	0	0	0	0	0	0	0	0	0	0	0	0	0	0	0	0	0	0	0	0	0	0	0	0	0	0	0	0	0	0	0	0	0	0	0	3	4	5	6	0	0	0	0	7	2				
7039	1	2	1	0	0	0	0	0	0	0	0	0	0	0	0	0	0	0	0	0	0	0	0	0	0	0	0	0	0	0	0	0	0	0	0	0	0	0	0	0	0	0	0	0	0	3	4	5	6	0	0	0	0	7	2				
7040	1	2	1	3	0	0	0	0	0	0	0	0	0	0	0	0	0	0	0	0	0	0	0	0	0	0	0	0	0	0	0	0	0	0	0	0	0	0	0	0	0	0	0	0	0	4	5	6	7	0	0	0	0	8	2				
7041	1	2	1	3	0	0	0	0	0	0	0	0	0	0	0	0	0	0	0	0	0	0	0	0	0	0	0	0	0	0	0	0	0	0	0	0	0	0	0	0	0	0	0	0	0	4	5	6	7	0	0	0	0	8	2				
7042	1	2	1	3	0	0	0	0	0	0	0	0	0	0	0	0	0	0	0	0	0	0	0	0	0	0	0	0	0	0	0	0	0	0	0	0	0	0	0	0	0	0	0	0	0	4	5	6	7	0	0	0	0	8	2				
7043	1	2	1	3	0	0	0	0	0	0	0	0	0	0	0	0	0	0	0	0	0	0	0	0	0	0	0	0	0	0	0	0	0	0	0	0	0	0	0	0	0	0	0	0	0	4	5	6	7	0	0	0	0	8	2				
7044	1	2	1	3	0	0	0	0	0	0	0	0	0	0	0	0	0	0	0	0	0	0	0	0	0	0	0	0	0	0	0	0	0	0	0	0	0	0	0	0	0	0	0	0	0	4	5	6	7	0	0	0	0	8	2				
7045	1	2	1	0	0	0	0	0	0	0	0	0	0	0	0	0	0	0	0	0	0	0	0	0	0	0	0	0	0	0	0	0	0	0	0	0	0	0	0	0	0	0	0	0	0	3	4	5	6	7	8	0	0	9	2				
7046	1	2	1	0	0	0	0	0	0	0	0	0	0	0	0	0	0	0	0	0	0	0	0	0	0	0	0	0	0	0	0	0	0	0	0	0	0	0	0	0	0	0	0	0	0	3	4	5	6	0	0	0	0	7	2				
7047	1	2	1	0	0	0	0	0	0	0	0	0	0	0	0	0	0	0	0	0	0	0	0	0	0	0	0	0	0	0	0	0	0	0	0	0	0	0	0	0	0	0	0	0	0	3	4	5	6	0	0	0	0	7	2	1;NELSON_0\n\n\n\n			
7048	1	2	1	0	0	0	0	0	0	0	0	0	0	0	0	0	0	0	0	0	0	0	0	0	0	0	0	0	0	0	0	0	0	0	0	0	0	0	0	0	0	0	0	0	0	3	4	5	6	0	0	0	0	7	2	1;BISMARCK_0\n\n\n\n			
7049	1	2	1	0	0	0	0	0	0	0	0	0	0	0	0	0	0	0	0	0	0	0	0	0	0	0	0	0	0	0	0	0	0	0	0	0	0	0	0	0	0	0	0	0	0	3	4	5	6	0	0	0	0	7	2	1;YAMA_0\n\n\n\n			
7050	1	2	1	0	0	0	0	0	0	0	0	0	0	0	0	0	0	0	0	0	0	0	0	0	0	0	0	0	0	0	0	0	0	0	0	0	0	0	0	0	0	0	0	0	0	3	4	5	6	0	0	0	0	7	2	1;ROSE_PRINCESS_0\n\n\n\n			
7051	1	2	1	0	0	0	0	0	0	0	0	0	0	0	0	0	0	0	0	0	0	0	0	0	0	0	0	0	0	0	0	0	0	0	0	0	0	0	0	0	0	0	0	0	0	3	4	5	6	0	0	0	0	7	2				
7052	1	2	1	0	0	0	0	0	0	0	0	0	0	0	0	0	0	0	0	0	0	0	0	0	0	0	0	0	0	0	0	0	0	0	0	0	0	0	0	0	0	0	0	0	0	3	4	5	6	0	0	0	0	7	2				
7053	1	2	1	0	0	0	0	0	0	0	0	0	0	0	0	0	0	0	0	0	0	0	0	0	0	0	0	0	0	0	0	0	0	0	0	0	0	0	0	0	0	0	0	0	0	3	4	5	6	0	0	0	0	7	2				
7054	1	2	1	0	0	0	0	0	0	0	0	0	0	0	0	0	0	0	0	0	0	0	0	0	0	0	0	0	0	0	0	0	0	0	0	0	0	0	0	0	0	0	0	0	0	3	4	5	6	0	0	0	0	7	2				
7055	1	2	1	0	0	0	0	0	0	0	0	0	0	0	0	0	0	0	0	0	0	0	0	0	0	0	0	0	0	0	0	0	0	0	0	0	0	0	0	0	0	0	0	0	0	3	4	5	6	0	0	0	0	7	2				
7056	1	2	1	0	0	0	0	0	0	0	0	0	0	0	0	0	0	0	0	0	0	0	0	0	0	0	0	0	0	0	0	0	0	0	0	0	0	0	0	0	0	0	0	0	0	3	4	5	6	0	0	0	0	7	2				
7057	1	2	1	0	0	0	0	0	0	0	0	0	0	0	0	0	0	0	0	0	0	0	0	0	0	0	0	0	0	0	0	0	0	0	0	0	0	0	0	0	0	0	0	0	0	3	4	5	6	0	0	0	0	7	2				
7058	1	2	1	0	0	0	0	0	0	0	0	0	0	0	0	0	0	0	0	0	0	0	0	0	0	0	0	0	0	0	0	0	0	0	0	0	0	0	0	0	0	0	0	0	0	3	4	5	6	0	0	0	0	7	2				
7059	1	2	1	0	0	0	0	0	0	0	0	0	0	0	0	0	0	0	0	0	0	0	0	0	0	0	0	0	0	0	0	0	0	0	0	0	0	0	0	0	0	0	0	0	0	3	4	5	6	0	0	0	0	7	2				
7060	1	2	1	0	0	0	0	0	0	0	0	0	0	0	0	0	0	0	0	0	0	0	0	0	0	0	0	0	0	0	0	0	0	0	0	0	0	0	0	0	0	0	0	0	0	3	4	5	6	0	0	0	0	7	2				
7061	1	2	1	0	0	0	0	0	0	0	0	0	0	0	0	0	0	0	0	0	0	0	0	0	0	0	0	0	0	0	0	0	0	0	0	0	0	0	0	0	0	0	0	0	0	3	4	5	6	0	0	0	0	7	2				
7062	1	2	1	3	0	0	0	0	0	0	0	0	0	0	0	0	0	0	0	0	0	0	0	0	0	0	0	0	0	0	0	0	0	0	0	0	0	0	0	0	0	0	0	0	0	0	0	0	0	0	0	0	0	0	0	1;COLUMBUS_0\n\n\n\n			
7063	1	2	1	3	0	0	0	0	0	0	0	0	0	0	0	0	0	0	0	0	0	0	0	0	0	0	0	0	0	0	0	0	0	0	0	0	0	0	0	0	0	0	0	0	0	0	0	0	0	0	0	0	0	0	0	1;COLUMBUS_0\n\n\n\n			
7064	1	2	1	3	0	0	0	0	0	0	0	0	0	0	0	0	0	0	0	0	0	0	0	0	0	0	0	0	0	0	0	0	0	0	0	0	0	0	0	0	0	0	0	0	0	4	5	6	7	0	0	0	0	8	2				
7065	1	2	0	0	0	0	0	0	0	3	4	1	0	0	0	0	0	0	0	0	0	0	0	0	0	0	0	0	0	0	0	0	0	0	0	0	0	0	0	0	0	0	0	0	0	5	6	7	8	0	0	0	0	9	2				
7066	1	2	1	3	0	0	0	0	0	0	0	0	0	0	0	0	0	0	0	0	0	0	0	0	0	0	0	0	0	0	0	0	0	0	0	0	0	0	0	0	0	0	0	0	0	4	5	6	7	0	0	0	0	8	2				
7067	1	2	1	3	0	0	0	0	0	0	0	0	0	0	0	0	0	0	0	0	0	0	0	0	0	0	0	0	0	0	0	0	0	0	0	0	0	0	0	0	0	0	0	0	0	4	5	6	7	0	0	0	0	8	2				
7068	1	2	1	3	0	0	0	0	0	0	0	0	0	0	0	0	0	0	0	0	0	0	0	0	0	0	0	0	0	0	0	0	0	0	0	0	0	0	0	0	0	0	0	0	0	4	5	6	7	0	0	0	0	8	2				
7069	1	2	1	0	0	0	0	0	0	0	0	0	0	0	0	0	0	0	0	0	0	0	0	0	0	0	0	0	0	0	0	0	0	0	0	0	0	0	0	0	0	0	0	0	0	3	4	5	6	0	0	0	0	7	2				
7070	1	2	1	3	0	0	0	0	0	0	0	0	0	0	0	0	0	0	0	0	0	0	0	0	0	0	0	0	0	0	0	0	0	0	0	0	0	0	0	0	0	0	0	0	0	4	5	6	7	0	0	0	0	8	2				
7071	1	2	1	3	0	0	0	0	0	0	0	0	0	0	0	0	0	0	0	0	0	0	0	0	0	0	0	0	0	0	0	0	0	0	0	0	0	0	0	0	0	0	0	0	0	4	5	6	7	0	0	0	0	8	2				
7072	1	2	1	3	0	0	0	0	0	0	0	0	0	0	0	0	0	0	0	0	0	0	0	0	0	0	0	0	0	0	0	0	0	0	0	0	0	0	0	0	0	0	0	0	0	4	5	6	7	0	0	0	0	8	2				
7073	1	2	1	0	0	0	0	0	0	0	0	0	0	0	0	0	0	0	0	0	0	0	0	0	0	0	0	0	0	0	0	0	0	0	0	0	0	0	0	0	0	0	0	0	0	3	4	5	6	0	0	0	0	7	2				
7074	1	2	1	3	0	0	0	0	0	0	0	0	0	0	0	0	0	0	0	0	0	0	0	0	0	0	0	0	0	0	0	0	0	0	0	0	0	0	0	0	0	0	0	0	0	4	5	6	7	0	0	0	0	8	2				
7075	1	2	1	3	0	0	0	0	0	0	0	0	0	0	0	0	0	0	0	0	0	0	0	0	0	0	0	0	0	0	0	0	0	0	0	0	0	0	0	0	0	0	0	0	0	4	5	6	7	0	0	0	0	8	2				
7076	1	2	1	3	0	0	0	0	0	0	0	0	0	0	0	0	0	0	0	0	0	0	0	0	0	0	0	0	0	0	0	0	0	0	0	0	0	0	0	0	0	0	0	0	0	4	5	6	7	0	0	0	0	8	2				
7077	1	2	1	0	0	0	0	0	0	0	0	0	0	0	0	0	0	0	0	0	0	0	0	0	0	0	0	0	0	0	0	0	0	0	0	0	0	0	0	0	0	0	0	0	0	3	4	5	6	0	0	0	0	7	2				
7078	1	2	1	3	0	0	0	0	0	0	0	0	0	0	0	0	0	0	0	0	0	0	0	0	0	0	0	0	0	0	0	0	0	0	0	0	0	0	0	0	0	0	0	0	0	4	5	6	7	0	0	0	0	8	2				
7079	1	2	1	3	0	0	0	0	0	0	0	0	0	0	0	0	0	0	0	0	0	0	0	0	0	0	0	0	0	0	0	0	0	0	0	0	0	0	0	0	0	0	0	0	0	4	5	6	7	0	0	0	0	8	2				
7080	1	2	1	3	0	0	0	0	0	0	0	0	0	0	0	0	0	0	0	0	0	0	0	0	0	0	0	0	0	0	0	0	0	0	0	0	0	0	0	0	0	0	0	0	0	4	5	6	7	0	0	0	0	8	2				
7081	1	2	0	0	0	0	0	0	0	3	4	1	5	0	0	0	0	0	0	0	0	0	0	0	0	0	0	0	0	0	0	0	0	0	0	0	0	0	0	0	0	0	0	0	0	6	7	8	9	0	0	0	0	10	2				
7082	1	2	0	0	0	0	0	0	0	3	4	1	0	0	0	0	0	0	0	0	0	0	0	0	0	0	0	0	0	0	0	0	0	0	0	0	0	0	0	0	0	0	0	0	0	5	6	7	8	0	0	0	0	9	2		1;YAMA_0	1;YAMA_0\n\n	YAMA_0
7083	1	2	1	0	0	0	0	0	0	0	0	0	0	0	0	0	0	0	0	0	0	0	0	0	0	0	0	0	0	0	0	0	0	0	0	0	0	0	0	0	0	0	0	0	0	3	4	5	6	0	0	0	0	7	2	1;YAMA_0\n\n\n\n	1;YAMA_0	1;YAMA_0\n\n	YAMA_0
7084	1	2	1	0	0	0	0	0	0	0	0	0	0	0	0	0	0	0	0	0	0	0	0	0	0	0	0	0	0	0	0	0	0	0	0	0	0	0	0	0	0	0	0	0	0	3	4	5	6	0	0	0	0	7	2	1;YAMA_0\n\n\n\n	1;YAMA_0	1;YAMA_0\n\n	YAMA_0
7085	1	2	1	3	0	0	0	0	0	0	0	0	0	0	0	0	0	0	0	0	0	0	0	0	0	0	0	0	0	0	0	0	0	0	0	0	0	0	0	0	0	0	0	0	0	0	0	0	0	0	0	0	0	0	0	1;YAMA_0\n\n\n\n			
7086	1	2	0	0	0	0	0	0	0	3	4	1	0	0	0	0	0	0	0	0	0	0	0	0	0	0	0	0	0	0	0	0	0	0	0	0	0	0	0	0	0	0	0	0	0	5	6	7	8	0	0	0	0	9	2		1;YAMA_0	1;YAMA_0\n\n	YAMA_0
7087	1	2	1	0	0	0	0	0	0	0	0	0	0	0	0	0	0	0	0	0	0	0	0	0	0	0	0	0	0	0	0	0	0	0	0	0	0	0	0	0	0	0	0	0	0	3	4	5	6	0	0	0	0	7	2	1;YAMA_0	1;YAMA_0	1;YAMA_0\n\n	YAMA_0
7088	1	2	1	0	0	0	0	0	0	0	0	0	0	0	0	0	0	0	0	0	0	0	0	0	0	0	0	0	0	0	0	0	0	0	0	0	0	0	0	0	0	0	0	0	0	3	4	5	6	0	0	0	0	7	2	1;YAMA_0\n\n\n\n	1;YAMA_0	1;YAMA_0\n\n	YAMA_0
7089	1	2	1	3	0	0	0	0	0	0	0	0	0	0	0	0	0	0	0	0	0	0	0	0	0	0	0	0	0	0	0	0	0	0	0	0	0	0	0	0	0	0	0	0	0	0	0	0	0	0	0	0	0	0	0	1;YAMA_0\n\n\n\n			
7090	1	2	0	0	0	0	0	0	0	3	4	1	0	0	0	0	0	0	0	0	0	0	0	0	0	0	0	0	0	0	0	0	0	0	0	0	0	0	0	0	0	0	0	0	0	5	6	7	8	0	0	0	0	9	2		1;YAMA_0	1;YAMA_0\n\n	YAMA_0
7091	1	2	1	0	0	0	0	0	0	0	0	0	0	0	0	0	0	0	0	0	0	0	0	0	0	0	0	0	0	0	0	0	0	0	0	0	0	0	0	0	0	0	0	0	0	3	4	5	6	0	0	0	0	7	2	1;YAMA_0\n\n\n\n	1;YAMA_0	1;YAMA_0\n\n	YAMA_0
7092	1	2	1	0	0	0	0	0	0	0	0	0	0	0	0	0	0	0	0	0	0	0	0	0	0	0	0	0	0	0	0	0	0	0	0	0	0	0	0	0	0	0	0	0	0	3	4	5	6	0	0	0	0	7	2	1;YAMA_0\n\n\n\n	1;YAMA_0	1;YAMA_0\n\n	YAMA_0
7093	1	2	1	3	0	0	0	0	0	0	0	0	0	0	0	0	0	0	0	0	0	0	0	0	0	0	0	0	0	0	0	0	0	0	0	0	0	0	0	0	0	0	0	0	0	0	0	0	0	0	0	0	0	0	0	1;YAMA_0\n\n\n\n			
7094	1	2	0	0	0	0	0	0	0	3	4	1	0	0	0	0	0	0	0	0	0	0	0	0	0	0	0	0	0	0	0	0	0	0	0	0	0	0	0	0	0	0	0	0	0	5	6	7	8	0	0	0	0	9	2		1;YAMA_0	1;YAMA_0\n\n	YAMA_0
7095	1	2	1	0	0	0	0	0	0	0	0	0	0	0	0	0	0	0	0	0	0	0	0	0	0	0	0	0	0	0	0	0	0	0	0	0	0	0	0	0	0	0	0	0	0	3	4	5	6	0	0	0	0	7	2	1;YAMA_0\n\n\n\n	1;YAMA_0	1;YAMA_0\n\n	YAMA_0
7096	1	2	1	0	0	0	0	0	0	0	0	0	0	0	0	0	0	0	0	0	0	0	0	0	0	0	0	0	0	0	0	0	0	0	0	0	0	0	0	0	0	0	0	0	0	3	4	5	6	0	0	0	0	7	2	1;YAMA_0\n\n\n\n	1;YAMA_0	1;YAMA_0\n\n	YAMA_0
7097	1	2	1	3	0	0	0	0	0	0	0	0	0	0	0	0	0	0	0	0	0	0	0	0	0	0	0	0	0	0	0	0	0	0	0	0	0	0	0	0	0	0	0	0	0	0	0	0	0	0	0	0	0	0	0	1;YAMA_0\n\n\n\n			
7098	1	2	0	0	0	0	0	0	0	3	4	1	0	0	0	0	0	0	0	0	0	0	0	0	0	0	0	0	0	0	0	0	0	0	0	0	0	0	0	0	0	0	0	0	0	5	6	7	8	0	0	0	0	9	2		1;YAMA_0	1;YAMA_0\n\n	YAMA_0
7099	1	2	1	0	0	0	0	0	0	0	0	0	0	0	0	0	0	0	0	0	0	0	0	0	0	0	0	0	0	0	0	0	0	0	0	0	0	0	0	0	0	0	0	0	0	3	4	5	6	0	0	0	0	7	2	1;YAMA_0\n\n\n\n	1;YAMA_0	1;YAMA_0\n\n	YAMA_0
7100	1	2	1	0	0	0	0	0	0	0	0	0	0	0	0	0	0	0	0	0	0	0	0	0	0	0	0	0	0	0	0	0	0	0	0	0	0	0	0	0	0	0	0	0	0	3	4	5	6	0	0	0	0	7	2	1;YAMA_0\n\n\n\n	1;YAMA_0	1;YAMA_0\n\n	YAMA_0
7101	1	2	1	3	0	0	0	0	0	0	0	0	0	0	0	0	0	0	0	0	0	0	0	0	0	0	0	0	0	0	0	0	0	0	0	0	0	0	0	0	0	0	0	0	0	0	0	0	0	0	0	0	0	0	0	1;YAMA_0\n\n\n\n			
7102	1	2	0	0	0	0	0	0	0	3	4	1	0	0	0	0	0	0	0	0	0	0	0	0	0	0	0	0	0	0	0	0	0	0	0	0	0	0	0	0	0	0	0	0	0	5	6	7	8	0	0	0	0	9	2		1;YAMA_0	1;YAMA_0\n\n	YAMA_0
7103	1	2	1	0	0	0	0	0	0	0	0	0	0	0	0	0	0	0	0	0	0	0	0	0	0	0	0	0	0	0	0	0	0	0	0	0	0	0	0	0	0	0	0	0	0	3	4	5	6	0	0	0	0	7	2	1;YAMA_0\n\n\n\n	1;YAMA_0	1;YAMA_0\n\n	YAMA_0
7104	1	2	1	0	0	0	0	0	0	0	0	0	0	0	0	0	0	0	0	0	0	0	0	0	0	0	0	0	0	0	0	0	0	0	0	0	0	0	0	0	0	0	0	0	0	3	4	5	6	0	0	0	0	7	2	1;YAMA_0\n\n\n\n	1;YAMA_0	1;YAMA_0\n\n	YAMA_0
7105	1	2	1	3	0	0	0	0	0	0	0	0	0	0	0	0	0	0	0	0	0	0	0	0	0	0	0	0	0	0	0	0	0	0	0	0	0	0	0	0	0	0	0	0	0	0	0	0	0	0	0	0	0	0	0	1;YAMA_0\n\n\n\n			
7106	1	2	0	0	0	0	0	0	0	3	4	1	0	0	0	0	0	0	0	0	0	0	0	0	0	0	0	0	0	0	0	0	0	0	0	0	0	0	0	0	0	0	0	0	0	5	6	7	8	0	0	0	0	9	2		1;YAMA_0	1;YAMA_0\n\n	YAMA_0
7107	1	2	1	0	0	0	0	0	0	0	0	0	0	0	0	0	0	0	0	0	0	0	0	0	0	0	0	0	0	0	0	0	0	0	0	0	0	0	0	0	0	0	0	0	0	3	4	5	6	0	0	0	0	7	2	1;YAMA_0\n\n\n\n	1;YAMA_0	1;YAMA_0\n\n	YAMA_0
7108	1	2	1	0	0	0	0	0	0	0	0	0	0	0	0	0	0	0	0	0	0	0	0	0	0	0	0	0	0	0	0	0	0	0	0	0	0	0	0	0	0	0	0	0	0	3	4	5	6	0	0	0	0	7	2	1;YAMA_0\n\n\n\n	1;YAMA_0	1;YAMA_0\n\n	YAMA_0
7109	1	2	1	3	0	0	0	0	0	0	0	0	0	0	0	0	0	0	0	0	0	0	0	0	0	0	0	0	0	0	0	0	0	0	0	0	0	0	0	0	0	0	0	0	0	0	0	0	0	0	0	0	0	0	0	1;YAMA_0\n\n\n\n			
7110	1	2	0	0	0	0	0	0	0	3	4	1	0	0	0	0	0	0	0	0	0	0	0	0	0	0	0	0	0	0	0	0	0	0	0	0	0	0	0	0	0	0	0	0	0	5	6	7	8	0	0	0	0	9	2		1;YAMA_0	1;YAMA_0\n\n	YAMA_0
7111	1	2	1	0	0	0	0	0	0	0	0	0	0	0	0	0	0	0	0	0	0	0	0	0	0	0	0	0	0	0	0	0	0	0	0	0	0	0	0	0	0	0	0	0	0	3	4	5	6	0	0	0	0	7	2	1;YAMA_0\n\n\n\n	1;YAMA_0	1;YAMA_0\n\n	YAMA_0
7112	1	2	1	0	0	0	0	0	0	0	0	0	0	0	0	0	0	0	0	0	0	0	0	0	0	0	0	0	0	0	0	0	0	0	0	0	0	0	0	0	0	0	0	0	0	3	4	5	6	0	0	0	0	7	2	1;YAMA_0\n\n\n\n	1;YAMA_0	1;YAMA_0\n\n	YAMA_0
7113	1	2	1	3	0	0	0	0	0	0	0	0	0	0	0	0	0	0	0	0	0	0	0	0	0	0	0	0	0	0	0	0	0	0	0	0	0	0	0	0	0	0	0	0	0	0	0	0	0	0	0	0	0	0	0	1;YAMA_0\n\n\n\n			
7114	1	2	0	0	0	0	0	0	0	3	4	1	0	0	0	0	0	0	0	0	0	0	0	0	0	0	0	0	0	0	0	0	0	0	0	0	0	0	0	0	0	0	0	0	0	5	6	7	8	0	0	0	0	9	2				
7115	1	2	1	0	0	0	0	0	0	0	0	0	0	0	0	0	0	0	0	0	0	0	0	0	0	0	0	0	0	0	0	0	0	0	0	0	0	0	0	0	0	0	0	0	0	3	4	5	6	0	0	0	0	7	2				
7116	1	2	1	0	0	0	0	0	0	0	0	0	0	0	0	0	0	0	0	0	0	0	0	0	0	0	0	0	0	0	0	0	0	0	0	0	0	0	0	0	0	0	0	0	0	3	4	5	6	0	0	0	0	7	2				
7117	1	2	1	3	0	0	0	0	0	0	0	0	0	0	0	0	0	0	0	0	0	0	0	0	0	0	0	0	0	0	0	0	0	0	0	0	0	0	0	0	0	0	0	0	0	0	0	0	0	0	0	0	0	0	0				
7118	1	2	0	0	0	0	0	0	0	3	4	1	0	0	0	0	0	0	0	0	0	0	0	0	0	0	0	0	0	0	0	0	0	0	0	0	0	0	0	0	0	0	0	0	0	5	6	7	8	0	0	0	0	9	2				
7119	1	2	1	0	0	0	0	0	0	0	0	0	0	0	0	0	0	0	0	0	0	0	0	0	0	0	0	0	0	0	0	0	0	0	0	0	0	0	0	0	0	0	0	0	0	3	4	5	6	0	0	0	0	7	2				
7120	1	2	1	0	0	0	0	0	0	0	0	0	0	0	0	0	0	0	0	0	0	0	0	0	0	0	0	0	0	0	0	0	0	0	0	0	0	0	0	0	0	0	0	0	0	3	4	5	6	0	0	0	0	7	2				
7121	1	2	1	3	0	0	0	0	0	0	0	0	0	0	0	0	0	0	0	0	0	0	0	0	0	0	0	0	0	0	0	0	0	0	0	0	0	0	0	0	0	0	0	0	0	0	0	0	0	0	0	0	0	0	0				
7122	1	2	0	0	0	0	0	0	0	3	4	1	0	0	0	0	0	0	0	0	0	0	0	0	0	0	0	0	0	0	0	0	0	0	0	0	0	0	0	0	0	0	0	0	0	5	6	7	8	0	0	0	0	9	2				
7123	1	2	1	0	0	0	0	0	0	0	0	0	0	0	0	0	0	0	0	0	0	0	0	0	0	0	0	0	0	0	0	0	0	0	0	0	0	0	0	0	0	0	0	0	0	3	4	5	6	0	0	0	0	7	2				
7124	1	2	1	0	0	0	0	0	0	0	0	0	0	0	0	0	0	0	0	0	0	0	0	0	0	0	0	0	0	0	0	0	0	0	0	0	0	0	0	0	0	0	0	0	0	3	4	5	6	0	0	0	0	7	2				
7125	1	2	1	3	0	0	0	0	0	0	0	0	0	0	0	0	0	0	0	0	0	0	0	0	0	0	0	0	0	0	0	0	0	0	0	0	0	0	0	0	0	0	0	0	0	0	0	0	0	0	0	0	0	0	0				
7126	1	2	0	0	0	0	0	0	0	3	4	1	0	0	0	0	0	0	0	0	0	0	0	0	0	0	0	0	0	0	0	0	0	0	0	0	0	0	0	0	0	0	0	0	0	5	6	7	8	0	0	0	0	9	2				
7127	1	2	1	0	0	0	0	0	0	0	0	0	0	0	0	0	0	0	0	0	0	0	0	0	0	0	0	0	0	0	0	0	0	0	0	0	0	0	0	0	0	0	0	0	0	3	4	5	6	0	0	0	0	7	2				
7128	1	2	1	0	0	0	0	0	0	0	0	0	0	0	0	0	0	0	0	0	0	0	0	0	0	0	0	0	0	0	0	0	0	0	0	0	0	0	0	0	0	0	0	0	0	3	4	5	6	0	0	0	0	7	2				
7129	1	2	1	3	0	0	0	0	0	0	0	0	0	0	0	0	0	0	0	0	0	0	0	0	0	0	0	0	0	0	0	0	0	0	0	0	0	0	0	0	0	0	0	0	0	0	0	0	0	0	0	0	0	0	0				
7130	1	2	0	0	0	0	0	0	0	3	4	1	0	0	0	0	0	0	0	0	0	0	0	0	0	0	0	0	0	0	0	0	0	0	0	0	0	0	0	0	0	0	0	0	0	5	6	7	8	0	0	0	0	9	2				
7131	1	2	1	0	0	0	0	0	0	0	0	0	0	0	0	0	0	0	0	0	0	0	0	0	0	0	0	0	0	0	0	0	0	0	0	0	0	0	0	0	0	0	0	0	0	3	4	5	6	0	0	0	0	7	2				
7132	1	2	1	0	0	0	0	0	0	0	0	0	0	0	0	0	0	0	0	0	0	0	0	0	0	0	0	0	0	0	0	0	0	0	0	0	0	0	0	0	0	0	0	0	0	3	4	5	6	0	0	0	0	7	2				
7133	1	2	1	3	0	0	0	0	0	0	0	0	0	0	0	0	0	0	0	0	0	0	0	0	0	0	0	0	0	0	0	0	0	0	0	0	0	0	0	0	0	0	0	0	0	0	0	0	0	0	0	0	0	0	0				
7134	1	2	0	0	0	0	0	0	0	3	4	1	0	0	0	0	0	0	0	0	0	0	0	0	0	0	0	0	0	0	0	0	0	0	0	0	0	0	0	0	0	0	0	0	0	5	6	7	8	0	0	0	0	9	2				
7135	1	2	1	0	0	0	0	0	0	0	0	0	0	0	0	0	0	0	0	0	0	0	0	0	0	0	0	0	0	0	0	0	0	0	0	0	0	0	0	0	0	0	0	0	0	3	4	5	6	0	0	0	0	7	2				
7136	1	2	1	0	0	0	0	0	0	0	0	0	0	0	0	0	0	0	0	0	0	0	0	0	0	0	0	0	0	0	0	0	0	0	0	0	0	0	0	0	0	0	0	0	0	3	4	5	6	0	0	0	0	7	2				
7137	1	2	1	3	0	0	0	0	0	0	0	0	0	0	0	0	0	0	0	0	0	0	0	0	0	0	0	0	0	0	0	0	0	0	0	0	0	0	0	0	0	0	0	0	0	0	0	0	0	0	0	0	0	0	0				
7138	1	2	0	0	0	0	0	0	0	3	4	1	0	0	0	0	0	0	0	0	0	0	0	0	0	0	0	0	0	0	0	0	0	0	0	0	0	0	0	0	0	0	0	0	0	5	6	7	8	0	0	0	0	9	2				
7139	1	2	1	0	0	0	0	0	0	0	0	0	0	0	0	0	0	0	0	0	0	0	0	0	0	0	0	0	0	0	0	0	0	0	0	0	0	0	0	0	0	0	0	0	0	3	4	5	6	0	0	0	0	7	2				
7140	1	2	1	0	0	0	0	0	0	0	0	0	0	0	0	0	0	0	0	0	0	0	0	0	0	0	0	0	0	0	0	0	0	0	0	0	0	0	0	0	0	0	0	0	0	3	4	5	6	0	0	0	0	7	2				
7141	1	2	1	3	0	0	0	0	0	0	0	0	0	0	0	0	0	0	0	0	0	0	0	0	0	0	0	0	0	0	0	0	0	0	0	0	0	0	0	0	0	0	0	0	0	0	0	0	0	0	0	0	0	0	0				
7142	1	2	0	0	0	0	0	0	0	3	4	1	0	0	0	0	0	0	0	0	0	0	0	0	0	0	0	0	0	0	0	0	0	0	0	0	0	0	0	0	0	0	0	0	0	5	6	7	8	0	0	0	0	9	2				
7143	1	2	1	0	0	0	0	0	0	0	0	0	0	0	0	0	0	0	0	0	0	0	0	0	0	0	0	0	0	0	0	0	0	0	0	0	0	0	0	0	0	0	0	0	0	3	4	5	6	0	0	0	0	7	2				
7144	1	2	1	0	0	0	0	0	0	0	0	0	0	0	0	0	0	0	0	0	0	0	0	0	0	0	0	0	0	0	0	0	0	0	0	0	0	0	0	0	0	0	0	0	0	3	4	5	6	0	0	0	0	7	2				
7145	1	2	1	3	0	0	0	0	0	0	0	0	0	0	0	0	0	0	0	0	0	0	0	0	0	0	0	0	0	0	0	0	0	0	0	0	0	0	0	0	0	0	0	0	0	0	0	0	0	0	0	0	0	0	0				
7146	1	2	0	0	0	0	0	0	0	3	4	1	0	0	0	0	0	0	0	0	0	0	0	0	0	0	0	0	0	0	0	0	0	0	0	0	0	0	0	0	0	0	0	0	0	5	6	7	8	0	0	0	0	9	2				
7147	1	2	1	0	0	0	0	0	0	0	0	0	0	0	0	0	0	0	0	0	0	0	0	0	0	0	0	0	0	0	0	0	0	0	0	0	0	0	0	0	0	0	0	0	0	3	4	5	6	0	0	0	0	7	2				
7148	1	2	1	0	0	0	0	0	0	0	0	0	0	0	0	0	0	0	0	0	0	0	0	0	0	0	0	0	0	0	0	0	0	0	0	0	0	0	0	0	0	0	0	0	0	3	4	5	6	0	0	0	0	7	2				
7149	1	2	1	3	0	0	0	0	0	0	0	0	0	0	0	0	0	0	0	0	0	0	0	0	0	0	0	0	0	0	0	0	0	0	0	0	0	0	0	0	0	0	0	0	0	0	0	0	0	0	0	0	0	0	0				
7150	1	2	0	0	0	0	0	0	0	3	4	1	0	0	0	0	0	0	0	0	0	0	0	0	0	0	0	0	0	0	0	0	0	0	0	0	0	0	0	0	0	0	0	0	0	5	6	7	8	0	0	0	0	9	2				
7151	1	2	1	0	0	0	0	0	0	0	0	0	0	0	0	0	0	0	0	0	0	0	0	0	0	0	0	0	0	0	0	0	0	0	0	0	0	0	0	0	0	0	0	0	0	3	4	5	6	0	0	0	0	7	2				
7152	1	2	1	0	0	0	0	0	0	0	0	0	0	0	0	0	0	0	0	0	0	0	0	0	0	0	0	0	0	0	0	0	0	0	0	0	0	0	0	0	0	0	0	0	0	3	4	5	6	0	0	0	0	7	2				
7153	1	2	1	3	0	0	0	0	0	0	0	0	0	0	0	0	0	0	0	0	0	0	0	0	0	0	0	0	0	0	0	0	0	0	0	0	0	0	0	0	0	0	0	0	0	0	0	0	0	0	0	0	0	0	0				
7154	1	2	0	0	0	0	0	0	0	3	4	1	0	0	0	0	0	0	0	0	0	0	0	0	0	0	0	0	0	0	0	0	0	0	0	0	0	0	0	0	0	0	0	0	0	5	6	7	8	0	0	0	0	9	2				
7155	1	2	1	0	0	0	0	0	0	0	0	0	0	0	0	0	0	0	0	0	0	0	0	0	0	0	0	0	0	0	0	0	0	0	0	0	0	0	0	0	0	0	0	0	0	3	4	5	6	0	0	0	0	7	2				
7156	1	2	1	0	0	0	0	0	0	0	0	0	0	0	0	0	0	0	0	0	0	0	0	0	0	0	0	0	0	0	0	0	0	0	0	0	0	0	0	0	0	0	0	0	0	3	4	5	6	0	0	0	0	7	2				
7157	1	2	1	3	0	0	0	0	0	0	0	0	0	0	0	0	0	0	0	0	0	0	0	0	0	0	0	0	0	0	0	0	0	0	0	0	0	0	0	0	0	0	0	0	0	0	0	0	0	0	0	0	0	0	0				
7158	1	2	1	3	0	0	0	0	0	0	0	0	0	0	0	0	0	0	0	0	0	0	0	0	0	0	0	0	0	0	0	0	0	0	0	0	0	0	0	0	0	0	0	0	0	4	5	6	7	0	0	0	0	8	0				
7159	1	2	0	3	0	0	0	0	0	4	5	0	0	0	0	0	0	0	6	7	1	0	0	0	0	0	0	0	0	0	0	0	0	0	0	0	0	0	0	0	0	0	0	0	0	8	9	10	11	0	0	0	0	12	0				
7160	1	2	1	0	0	0	0	0	0	0	0	0	0	0	0	0	0	0	0	0	0	0	0	0	0	0	0	0	0	0	0	0	0	0	0	0	0	0	0	0	0	0	0	0	0	3	4	5	6	0	0	0	0	7	0				
7161	1	2	1	0	0	0	0	0	0	0	0	0	0	0	0	0	0	0	0	0	0	0	0	0	0	0	0	0	0	0	0	0	0	0	0	0	0	0	0	0	0	0	0	0	0	3	4	5	6	0	0	0	0	7	0				
7162	1	2	1	0	0	0	0	0	0	0	0	0	0	0	0	0	0	0	0	0	0	0	0	0	0	0	0	0	0	0	0	0	0	0	0	0	0	0	0	0	0	0	0	0	0	3	4	5	6	0	0	0	0	7	0				
7163	1	2	1	0	0	0	0	0	0	0	0	0	0	0	0	0	0	0	0	0	0	0	0	0	0	0	0	0	0	0	0	0	0	0	0	0	0	0	0	0	0	0	0	0	0	3	4	5	6	0	0	0	0	7	0				
7164	1	2	1	0	0	0	0	0	0	0	0	0	0	0	0	0	0	0	0	0	0	0	0	0	0	0	0	0	0	0	0	0	0	0	0	0	0	0	0	0	0	0	0	0	0	3	4	5	6	0	0	0	0	7	0				
7165	1	2	1	0	0	0	0	0	0	0	0	0	0	0	0	0	0	0	0	0	0	0	0	0	0	0	0	0	0	0	0	0	0	0	0	0	0	0	0	0	0	0	0	0	0	3	4	5	6	0	0	0	0	7	0				
7166	1	2	1	0	0	0	0	0	0	0	0	0	0	0	0	0	0	0	0	0	0	0	0	0	0	0	0	0	0	0	0	0	0	0	0	0	0	0	0	0	0	0	0	0	0	3	4	5	6	0	0	0	0	7	0				
7167	1	2	1	0	0	0	0	0	0	0	0	0	0	0	0	0	0	0	0	0	0	0	0	0	0	0	0	0	0	0	0	0	0	0	0	0	0	0	0	0	0	0	0	0	0	3	4	5	6	0	0	0	0	7	0				
7168	1	2	1	0	0	0	0	0	0	0	0	0	0	0	0	0	0	0	0	0	0	0	0	0	0	0	0	0	0	0	0	0	0	0	0	0	0	0	0	0	0	0	0	0	0	3	4	5	6	0	0	0	0	7	0				
7169	1	2	1	0	0	0	0	0	0	0	0	0	0	0	0	0	0	0	0	0	0	0	0	0	0	0	0	0	0	0	0	0	0	0	0	0	0	0	0	0	0	0	0	0	0	3	4	5	6	0	0	0	0	7	0				
7170	1	2	1	0	0	0	0	0	0	0	0	0	0	0	0	0	0	0	0	0	0	0	0	0	0	0	0	0	0	0	0	0	0	0	0	0	0	0	0	0	0	0	0	0	0	3	4	5	6	0	0	0	0	7	0				
7171	1	2	1	3	1	0	0	0	0	0	0	0	0	0	0	0	0	0	0	0	0	0	0	0	0	0	0	0	0	0	0	0	0	0	0	0	0	0	0	0	0	0	0	0	0	4	5	6	7	0	0	0	0	8	0				
7172	1	2	0	3	0	0	0	0	0	4	5	0	6	0	0	0	0	0	7	8	1	0	0	0	0	0	0	0	0	0	0	0	0	0	0	0	0	0	0	0	0	0	0	0	0	9	10	11	12	0	0	0	0	13	0				
7173	1	2	0	3	0	0	0	0	0	4	5	0	6	0	0	0	0	0	7	8	0	0	0	0	0	0	0	9	10	1	11	0	0	0	0	0	0	0	0	0	0	0	0	0	0	12	13	14	15	16	17	0	0	18	0		1;BISMARCK_0	1;BISMARCK_0\n2;BISMARCK_1\n	BISMARCK_1
7174	1	2	0	3	0	0	0	0	0	4	5	0	6	0	0	0	0	0	7	8	0	9	0	0	0	0	0	10	11	1	12	0	0	0	0	0	0	0	0	0	0	0	0	0	0	13	14	15	16	17	18	19	20	21	0	1;ROSE_PRINCESS_0\n2;ROSE_PRINCESS_3\n3;ROSE_PRINCESS_0\n4;ROSE_PRINCESS_0\n			
7175	1	2	0	3	0	0	0	0	0	4	5	0	0	0	0	0	0	0	6	7	0	8	0	0	0	0	0	9	10	0	11	0	0	0	0	0	12	13	1	14	1	15	0	0	0	16	17	18	19	0	0	0	0	20	0				
7176	1	2	0	3	0	0	0	0	0	4	5	0	0	0	0	0	0	0	6	7	0	0	0	0	0	0	0	8	9	1	10	0	0	0	0	0	0	0	0	0	0	0	0	0	0	11	12	13	14	15	16	0	0	17	0		1;DORIS1_0	1;DORIS1_1	DORIS1_1
7177	1	2	0	3	0	0	0	0	0	4	5	0	6	0	0	0	0	0	7	8	0	0	0	0	0	0	0	9	10	1	11	1	12	0	0	0	0	0	0	0	0	0	0	0	0	13	14	15	16	17	18	0	0	19	0				
7179	1	2	0	0	0	0	0	0	0	3	4	1	5	0	0	0	0	0	0	0	0	0	0	0	0	0	0	0	0	0	0	0	0	0	0	0	0	0	0	0	0	0	0	0	0	6	7	8	9	0	0	0	0	10	2				
7501	1	2	0	3	0	0	0	0	0	4	5	1	0	0	0	0	0	0	0	0	0	0	0	0	0	0	0	0	0	0	0	0	0	0	0	0	0	0	0	0	0	0	0	0	0	6	7	8	9	0	0	0	0	10	0				
7502	1	2	1	3	0	0	0	0	0	4	5	1	6	0	0	0	0	0	0	0	0	0	0	0	0	0	0	0	0	0	0	0	0	0	0	0	0	0	0	0	0	0	0	0	0	7	8	9	10	0	0	0	0	11	0				
7511	1	2	0	3	0	4	0	0	0	5	6	1	0	0	0	0	0	0	0	0	0	0	0	0	0	0	0	0	0	0	0	0	0	0	0	0	0	0	0	0	0	0	0	0	0	7	8	9	10	0	0	0	0	11	0				
7512	1	2	1	3	0	0	0	0	0	4	5	0	0	0	0	0	0	0	0	0	0	0	0	0	0	0	0	0	0	0	0	0	0	0	0	0	0	0	0	0	0	0	0	0	0	6	7	8	9	0	0	0	0	10	0				
7513	1	2	0	3	0	0	0	0	0	4	5	0	0	0	0	0	0	0	6	7	0	0	0	0	0	0	0	8	9	0	0	0	0	0	0	0	10	11	1	12	0	0	0	0	0	13	14	0	0	0	0	0	0	0	0				
7514	1	2	0	0	0	0	0	0	0	3	4	0	0	0	0	0	0	0	5	6	0	0	0	0	0	0	0	7	8	0	0	0	0	0	0	0	9	10	1	0	0	0	0	0	0	11	12	0	0	0	0	0	0	0	0				
7515	1	2	0	0	0	0	0	0	0	3	4	1	5	1	0	0	0	0	0	0	0	0	0	0	0	0	0	0	0	0	0	0	0	0	0	0	0	0	0	0	0	0	0	0	0	6	7	0	0	0	0	0	0	0	0				
7516	1	2	0	0	0	0	0	0	0	3	4	1	5	1	0	0	0	0	0	0	0	0	0	0	0	0	0	0	0	0	0	0	0	0	0	0	0	0	0	0	0	0	0	0	0	6	7	0	0	0	0	0	0	0	0				
7517	1	2	0	0	0	0	0	0	0	3	4	1	5	1	0	0	0	0	0	0	0	0	0	0	0	0	0	0	0	0	0	0	0	0	0	0	0	0	0	0	0	0	0	0	0	6	7	0	0	0	0	0	0	0	0				
7518	1	2	0	0	0	0	0	0	0	3	4	1	5	1	0	0	0	0	0	0	0	0	0	0	0	0	0	0	0	0	0	0	0	0	0	0	0	0	0	0	0	0	0	0	0	6	7	0	0	0	0	0	0	0	0				
7519	1	2	0	3	0	0	0	0	0	4	5	1	0	0	0	0	0	0	0	0	0	0	0	0	0	0	0	0	0	0	0	0	0	0	0	0	0	0	0	0	0	0	0	0	0	6	7	8	9	0	0	0	0	10	0				
7520	1	2	0	3	0	0	0	0	0	4	5	1	6	1	0	0	0	0	0	0	0	0	0	0	0	0	0	0	0	0	0	0	0	0	0	0	0	0	0	0	0	0	0	0	0	7	8	9	10	0	0	0	0	11	0				
7521	1	2	0	3	0	0	0	0	0	4	5	1	6	1	0	0	0	0	0	0	0	0	0	0	0	0	0	0	0	0	0	0	0	0	0	0	0	0	0	0	0	0	0	0	0	7	8	9	10	0	0	0	0	11	0				
7522	1	2	0	3	0	0	0	0	0	4	5	1	6	1	7	0	0	0	0	0	0	0	0	0	0	0	0	0	0	0	0	0	0	0	0	0	0	0	0	0	0	0	0	0	0	8	9	10	11	0	0	0	0	12	0				
7523	1	2	0	3	0	0	0	0	0	4	5	1	6	1	7	0	0	0	0	0	0	0	0	0	0	0	0	0	0	0	0	0	0	0	0	0	0	0	0	0	0	0	0	0	0	8	9	10	11	0	0	0	0	12	0	1;MAGALLANES_0\n2;MAGALLANES_0\n\n\n	1;MAGALLANES_0	1;MAGALLANES_0\n\n	MAGALLANES_0
7524	1	2	0	3	0	0	0	0	0	4	5	0	0	0	0	0	0	0	6	7	1	8	0	0	0	0	0	0	0	0	0	0	0	0	0	0	0	0	0	0	0	0	0	0	0	9	10	11	12	0	0	0	0	13	0	1;MAGALLANES_0\n2;MAGALLANES_0\n3;MAGALLANES_0\n\n	1;MAGALLANES_0	1;MAGALLANES_0\n\n	MAGALLANES_0
7525	1	2	1	3	0	0	0	0	0	4	5	1	6	0	0	0	0	0	0	0	0	0	0	0	0	0	0	0	0	0	0	0	0	0	0	0	0	0	0	0	0	0	0	0	0	7	8	9	10	0	0	0	0	11	0	1;MAGALLANES_0\n2;MAGALLANES_0\n\n\n	1;MAGALLANES_0	1;MAGALLANES_0\n\n	MAGALLANES_0
7526	1	2	0	3	0	0	0	0	0	4	5	1	6	1	7	0	0	0	0	0	0	0	0	0	0	0	0	0	0	0	0	0	0	0	0	0	0	0	0	0	0	0	0	0	0	8	9	10	11	0	0	0	0	12	0				
7527	1	2	0	3	0	0	0	0	0	4	5	1	6	1	7	0	0	0	0	0	0	0	0	0	0	0	0	0	0	0	0	0	0	0	0	0	0	0	0	0	0	0	0	0	0	8	9	10	11	0	0	0	0	12	0	1;ROSE_PRINCESS_3\n2;ROSE_PRINCESS_0\n\n\n	1;ROSE_PRINCESS_0	1;ROSE_PRINCESS_0\n\n	ROSE_PRINCESS_3
7528	1	2	0	3	0	0	0	0	0	4	5	1	6	1	7	0	0	0	0	0	0	0	0	0	0	0	0	0	0	0	0	0	0	0	0	0	0	0	0	0	0	0	0	0	0	8	9	10	11	0	0	0	0	12	0	1;BEERSALES_0\n2;BEERSALES_0\n\n\n	1;BEERSALES_0	1;BEERSALES_0\n\n	BEERSALES_0
7529	1	2	0	3	0	0	0	0	0	4	5	1	6	1	7	0	0	0	0	0	0	0	0	0	0	0	0	0	0	0	0	0	0	0	0	0	0	0	0	0	0	0	0	0	0	8	9	10	11	0	0	0	0	12	0				
7530	1	2	0	3	0	0	0	0	0	4	5	0	0	0	0	0	0	0	6	7	0	8	0	0	0	0	0	9	10	0	0	0	0	0	0	0	11	12	1	0	0	0	0	0	0	13	14	15	16	0	0	0	0	17	0				
7531	1	2	1	3	0	0	0	0	0	0	0	0	0	0	0	0	0	0	0	0	0	0	0	0	0	0	0	0	0	0	0	0	0	0	0	0	0	0	0	0	0	0	0	0	0	4	5	6	7	8	9	0	0	10	0		1;LITTLENURSE_0	1;LITTLENURSE_0	LITTLENURSE_1
7532	1	2	1	3	0	0	0	0	0	0	0	0	0	0	0	0	0	0	0	0	0	0	0	0	0	0	0	0	0	0	0	0	0	0	0	0	0	0	0	0	0	0	0	0	0	4	5	6	7	8	9	0	0	10	0			1;YAMA_0\n2;YAMA_0\n	YAMA_3
7533	1	2	1	3	0	0	0	0	0	0	0	0	0	0	0	0	0	0	0	0	0	0	0	0	0	0	0	0	0	0	0	0	0	0	0	0	0	0	0	0	0	0	0	0	0	4	5	6	7	8	9	0	0	10	0		1;BEERSALES_0	1;BEERSALES_0\n2;BEERSALES_0\n	BEERSALES_0
7534	1	2	1	3	0	0	0	0	0	0	0	0	0	0	0	0	0	0	0	0	0	0	0	0	0	0	0	0	0	0	0	0	0	0	0	0	0	0	0	0	0	0	0	0	0	4	5	6	7	8	9	0	0	10	0				
7535	1	2	1	3	0	0	0	0	0	0	0	0	0	0	0	0	0	0	0	0	0	0	0	0	0	0	0	0	0	0	0	0	0	0	0	0	0	0	0	0	0	0	0	0	0	4	5	6	7	8	9	0	0	10	0			1;ROSE_PRINCESS_0\n2;ROSE_PRINCESS_3\n	ROSE_PRINCESS_3
7536	1	2	1	3	0	0	0	0	0	0	0	0	0	0	0	0	0	0	0	0	0	0	0	0	0	0	0	0	0	0	0	0	0	0	0	0	0	0	0	0	0	0	0	0	0	4	5	6	7	0	0	0	0	8	1				
7537	1	2	1	3	0	0	0	0	0	0	0	0	0	0	0	0	0	0	0	0	0	0	0	0	0	0	0	0	0	0	0	0	0	0	0	0	0	0	0	0	0	0	0	0	0	4	5	6	7	0	0	0	0	8	1				
7538	1	2	0	0	0	0	0	0	0	3	4	1	0	0	0	0	0	0	0	0	0	0	0	0	0	0	0	0	0	0	0	0	0	0	0	0	0	0	0	0	0	0	0	0	0	0	0	0	0	0	0	0	0	0	0				
7539	1	2	0	0	0	0	0	0	0	3	4	1	0	0	0	0	0	0	0	0	0	0	0	0	0	0	0	0	0	0	0	0	0	0	0	0	0	0	0	0	0	0	0	0	0	0	0	0	0	0	0	0	0	0	0				
7540	1	2	0	0	0	0	0	0	0	3	4	1	0	0	0	0	0	0	0	0	0	0	0	0	0	0	0	0	0	0	0	0	0	0	0	0	0	0	0	0	0	0	0	0	0	0	0	0	0	0	0	0	0	0	0				
7541	1	2	0	3	0	0	0	0	0	4	5	1	0	0	0	0	0	0	0	0	0	0	0	0	0	0	0	0	0	0	0	0	0	0	0	0	0	0	0	0	0	0	0	0	0	6	7	8	9	0	0	0	0	10	0				
8002	1	2	1	3	0	0	0	0	0	4	5	0	0	0	0	0	0	0	0	0	0	0	0	0	0	0	0	0	0	0	0	0	0	0	0	0	0	0	0	0	0	0	0	0	0	6	7	0	0	0	0	0	0	0	0				
8003	1	2	1	3	0	0	0	0	0	0	0	0	0	0	0	0	0	0	0	0	0	0	0	0	0	0	0	0	0	0	0	0	0	0	0	0	0	0	0	0	0	0	0	0	0	4	5	0	0	0	0	0	0	0	0				
8004	1	2	0	3	0	0	0	0	0	4	5	0	6	0	7	0	0	0	8	9	1	10	1	0	0	0	0	0	0	0	0	0	0	0	0	0	0	0	0	0	0	0	0	0	0	11	12	13	14	0	0	0	0	15	2				
8005	1	2	0	0	0	0	0	0	0	3	4	1	5	0	0	0	0	0	0	0	0	0	0	0	0	0	0	0	0	0	0	0	0	0	0	0	0	0	0	0	0	0	0	0	0	0	0	0	0	0	0	0	0	0	2				
8006	1	2	1	0	0	0	0	0	0	0	0	0	0	0	0	0	0	0	0	0	0	0	0	0	0	0	0	0	0	0	0	0	0	0	0	0	0	0	0	0	0	0	0	0	0	3	4	5	6	0	0	0	0	7	0				
8007	1	2	0	0	0	0	0	0	0	3	4	1	5	0	0	0	0	0	0	0	0	0	0	0	0	0	0	0	0	0	0	0	0	0	0	0	0	0	0	0	0	0	0	0	0	6	7	8	9	0	0	0	0	10	2				
8008	1	2	0	0	0	0	0	0	0	3	4	0	0	0	0	0	0	0	5	6	1	0	0	0	0	0	0	0	0	0	0	0	0	0	0	0	0	0	0	0	0	0	0	0	0	7	8	9	10	0	0	0	0	11	2				
8009	1	2	0	0	0	0	0	0	0	3	4	0	0	0	0	0	0	0	5	6	1	0	0	0	0	0	0	0	0	0	0	0	0	0	0	0	0	0	0	0	0	0	0	0	0	7	8	9	10	0	0	0	0	11	0				
8011	1	2	1	3	0	0	0	0	0	4	5	0	0	0	0	0	0	0	0	0	0	0	0	0	0	0	0	0	0	0	0	0	0	0	0	0	0	0	0	0	0	0	0	0	0	6	7	0	0	0	0	0	0	0	0				
8013	1	2	0	0	0	0	0	0	0	3	4	0	0	0	0	0	0	0	5	6	1	7	0	0	0	0	0	0	0	0	0	0	0	0	0	0	0	0	0	0	0	0	0	0	0	8	9	10	11	0	0	0	0	12	2				
8014	1	2	0	0	0	0	0	0	0	3	4	0	0	0	0	0	0	0	5	6	1	7	0	0	0	0	0	0	0	0	0	0	0	0	0	0	0	0	0	0	0	0	0	0	0	8	9	10	11	0	0	0	0	12	2				
8015	1	2	0	0	0	0	0	0	0	3	4	0	0	0	0	0	0	0	5	6	1	7	0	0	0	0	0	0	0	0	0	0	0	0	0	0	0	0	0	0	0	0	0	0	0	8	9	10	11	0	0	0	0	12	2				
8016	1	2	0	0	0	0	0	0	0	3	4	0	0	0	0	0	0	0	5	6	1	7	0	0	0	0	0	0	0	0	0	0	0	0	0	0	0	0	0	0	0	0	0	0	0	8	9	10	11	0	0	0	0	12	2				
8017	1	2	0	0	0	0	0	0	0	3	4	0	0	0	0	0	0	0	5	6	1	7	0	0	0	0	0	0	0	0	0	0	0	0	0	0	0	0	0	0	0	0	0	0	0	8	9	10	11	0	0	0	0	12	2				
8018	1	2	1	0	0	0	0	0	0	0	0	0	0	0	0	0	0	0	0	0	0	0	0	0	0	0	0	0	0	0	0	0	0	0	0	0	0	0	0	0	0	0	0	0	0	3	4	5	6	0	0	0	0	0	0				
8020	1	2	1	0	0	0	0	0	0	0	0	0	0	0	0	0	0	0	0	0	0	0	0	0	0	0	0	0	0	0	0	0	0	0	0	0	0	0	0	0	0	0	0	0	0	3	4	5	6	0	0	0	0	0	0				
8021	1	2	0	0	0	0	0	0	0	3	4	1	5	0	0	0	0	0	0	0	0	0	0	0	0	0	0	0	0	0	0	0	0	0	0	0	0	0	0	0	0	0	0	0	0	6	7	8	9	0	0	0	0	10	2				
8022	1	2	0	0	0	0	0	0	0	3	4	1	5	0	0	0	0	0	0	0	0	0	0	0	0	0	0	0	0	0	0	0	0	0	0	0	0	0	0	0	0	0	0	0	0	6	7	8	9	0	0	0	0	10	2				
8023	1	2	0	0	0	0	0	0	0	3	4	1	5	0	0	0	0	0	0	0	0	0	0	0	0	0	0	0	0	0	0	0	0	0	0	0	0	0	0	0	0	0	0	0	0	6	7	8	9	0	0	0	0	10	2				
8024	1	2	1	3	0	0	0	0	0	0	4	0	0	0	0	0	0	0	0	0	0	0	0	0	0	0	0	0	0	0	0	0	0	0	0	0	0	0	0	0	0	0	0	0	0	5	6	7	8	9	10	11	12	13	2				
8025	1	2	0	0	0	0	0	0	0	3	4	1	5	0	0	0	0	0	0	0	0	0	0	0	0	0	0	0	0	0	0	0	0	0	0	0	0	0	0	0	0	0	0	0	0	6	7	8	9	0	0	0	0	10	2				
8026	1	2	1	0	0	0	0	0	0	0	0	0	0	0	0	0	0	0	0	0	0	0	0	0	0	0	0	0	0	0	0	0	0	0	0	0	0	0	0	0	0	0	0	0	0	0	0	0	0	0	0	0	0	0	0				
8027	1	2	1	0	0	0	0	0	0	0	0	0	0	0	0	0	0	0	0	0	0	0	0	0	0	0	0	0	0	0	0	0	0	0	0	0	0	0	0	0	0	0	0	0	0	0	0	0	0	0	0	0	0	0	0				
8028	1	2	1	0	0	0	0	0	0	0	0	0	0	0	0	0	0	0	0	0	0	0	0	0	0	0	0	0	0	0	0	0	0	0	0	0	0	0	0	0	0	0	0	0	0	0	0	0	0	0	0	0	0	0	0				
8029	1	2	1	3	0	0	0	0	0	0	0	0	0	0	0	0	0	0	0	0	0	0	0	0	0	0	0	0	0	0	0	0	0	0	0	0	0	0	0	0	0	0	0	0	0	4	5	6	7	0	0	0	0	8	2				
8030	1	2	0	3	0	0	0	0	0	4	5	0	0	0	0	0	0	0	6	7	1	8	0	0	0	0	0	0	0	0	0	0	0	0	0	0	0	0	0	0	0	0	0	0	0	9	10	11	12	13	14	0	0	15	0				
8031	1	2	0	0	0	0	0	0	0	3	4	1	5	0	0	0	0	0	0	0	0	0	0	0	0	0	0	0	0	0	0	0	0	0	0	0	0	0	0	0	0	0	0	0	0	6	7	8	9	0	0	0	0	10	0				
8032	1	2	1	0	0	0	0	0	0	0	0	0	0	0	0	0	0	0	0	0	0	0	0	0	0	0	0	0	0	0	0	0	0	0	0	0	0	0	0	0	0	0	0	0	0	3	4	5	6	0	0	0	0	7	0				
8033	1	2	1	3	0	0	0	0	0	0	0	0	0	0	0	0	0	0	0	0	0	0	0	0	0	0	0	0	0	0	0	0	0	0	0	0	0	0	0	0	0	0	0	0	0	0	0	0	0	0	0	0	0	0	0				
8034	1	2	1	3	0	0	0	0	0	0	0	0	0	0	0	0	0	0	0	0	0	0	0	0	0	0	0	0	0	0	0	0	0	0	0	0	0	0	0	0	0	0	0	0	0	4	5	6	7	0	0	0	0	8	0				
8035	1	2	0	0	0	0	0	0	0	3	4	0	0	0	0	0	0	0	5	6	0	0	0	0	0	0	0	7	8	0	0	0	0	0	0	0	9	10	1	11	0	0	0	0	0	12	13	14	15	0	0	0	0	16	2				
8036	1	2	0	3	0	0	0	0	0	4	5	0	0	0	0	0	0	0	6	7	1	8	0	0	0	0	0	0	0	0	0	0	0	0	0	0	0	0	0	0	0	0	0	0	0	9	10	11	12	0	0	0	0	13	0				
8037	1	2	0	0	0	0	0	0	0	3	4	0	0	0	0	0	0	0	5	6	1	0	0	0	0	0	0	0	0	0	0	0	0	0	0	0	0	0	0	0	0	0	0	0	0	7	8	9	10	0	0	0	0	11	0				
8038	1	2	1	3	0	0	0	0	0	0	0	0	0	0	0	0	0	0	0	0	0	0	0	0	0	0	0	0	0	0	0	0	0	0	0	0	0	0	0	0	0	0	0	0	0	0	0	0	0	0	0	0	0	0	0				
8039	1	2	1	3	0	0	0	0	0	0	0	0	0	0	0	0	0	0	0	0	0	0	0	0	0	0	0	0	0	0	0	0	0	0	0	0	0	0	0	0	0	0	0	0	0	0	0	0	0	0	0	0	0	0	0				
8040	1	2	1	3	0	0	0	0	0	0	0	0	0	0	0	0	0	0	0	0	0	0	0	0	0	0	0	0	0	0	0	0	0	0	0	0	0	0	0	0	0	0	0	0	0	0	0	0	0	0	0	0	0	0	0				
8041	1	2	0	0	0	0	0	0	0	3	4	0	0	0	0	0	0	0	5	6	1	7	0	0	0	0	0	0	0	0	0	0	0	0	0	0	0	0	0	0	0	0	0	0	0	8	9	10	11	0	0	0	0	12	0				
8042	1	2	0	0	0	0	0	0	0	3	4	0	0	0	0	0	0	0	5	6	1	7	0	0	0	0	0	0	0	0	0	0	0	0	0	0	0	0	0	0	0	0	0	0	0	8	9	10	11	0	0	0	0	12	0				
8051	1	2	0	0	0	0	0	0	0	3	4	0	0	0	0	0	0	0	5	6	1	7	0	0	0	0	0	0	0	0	0	0	0	0	0	0	0	0	0	0	0	0	0	0	0	8	9	10	11	0	0	0	0	12	2				
8052	1	2	0	0	0	0	0	0	0	3	4	0	0	0	0	0	0	0	5	6	1	7	0	0	0	0	0	0	0	0	0	0	0	0	0	0	0	0	0	0	0	0	0	0	0	8	9	10	11	0	0	0	0	12	2				
8053	1	2	0	0	0	0	0	0	0	3	4	0	0	0	0	0	0	0	5	6	1	7	0	0	0	0	0	0	0	0	0	0	0	0	0	0	0	0	0	0	0	0	0	0	0	8	9	10	11	0	0	0	0	12	2				
8054	1	2	0	0	0	0	0	0	0	3	4	0	0	0	0	0	0	0	5	6	1	7	0	0	0	0	0	0	0	0	0	0	0	0	0	0	0	0	0	0	0	0	0	0	0	8	9	10	11	0	0	0	0	12	2				
8055	1	2	0	0	0	0	0	0	0	3	4	0	0	0	0	0	0	0	5	6	1	7	0	0	0	0	0	0	0	0	0	0	0	0	0	0	0	0	0	0	0	0	0	0	0	8	9	10	11	0	0	0	0	12	2				
8056	1	2	0	0	0	0	0	0	0	3	4	0	0	0	0	0	0	0	5	6	1	7	0	0	0	0	0	0	0	0	0	0	0	0	0	0	0	0	0	0	0	0	0	0	0	8	9	10	11	0	0	0	0	12	2				
8057	1	2	0	0	0	0	0	0	0	3	4	0	0	0	0	0	0	0	5	6	1	7	0	0	0	0	0	0	0	0	0	0	0	0	0	0	0	0	0	0	0	0	0	0	0	8	9	10	11	0	0	0	0	12	2				
8061	1	2	0	0	0	0	0	0	0	3	4	1	5	0	6	0	0	0	0	0	0	0	0	0	0	0	0	0	0	0	0	0	0	0	0	0	0	0	0	0	0	0	0	0	0	7	8	9	10	0	0	0	0	11	0				
8062	1	2	0	0	0	0	0	0	0	3	4	1	5	0	6	0	0	0	0	0	0	0	0	0	0	0	0	0	0	0	0	0	0	0	0	0	0	0	0	0	0	0	0	0	0	7	8	9	10	0	0	0	0	11	0				
8063	1	2	0	0	0	0	0	0	0	3	4	1	5	0	6	0	0	0	0	0	0	0	0	0	0	0	0	0	0	0	0	0	0	0	0	0	0	0	0	0	0	0	0	0	0	7	8	9	10	0	0	0	0	11	0				
8064	1	2	0	0	0	0	0	0	0	3	4	1	5	0	6	0	0	0	0	0	0	0	0	0	0	0	0	0	0	0	0	0	0	0	0	0	0	0	0	0	0	0	0	0	0	7	8	9	10	0	0	0	0	11	0				
8065	1	2	0	0	0	0	0	0	0	3	4	1	5	0	6	0	0	0	0	0	0	0	0	0	0	0	0	0	0	0	0	0	0	0	0	0	0	0	0	0	0	0	0	0	0	7	8	9	10	0	0	0	0	11	0				
8066	1	2	0	0	0	0	0	0	0	3	4	1	5	0	6	0	0	0	0	0	0	0	0	0	0	0	0	0	0	0	0	0	0	0	0	0	0	0	0	0	0	0	0	0	0	7	8	9	10	0	0	0	0	11	0				
8067	1	2	0	0	0	0	0	0	0	3	4	1	5	0	6	0	0	0	0	0	0	0	0	0	0	0	0	0	0	0	0	0	0	0	0	0	0	0	0	0	0	0	0	0	0	7	8	9	10	0	0	0	0	11	0				
8071	1	2	1	3	0	0	0	0	0	0	0	0	0	0	0	0	0	0	0	0	0	0	0	0	0	0	0	0	0	0	0	0	0	0	0	0	0	0	0	0	0	0	0	0	0	4	5	6	7	0	0	0	0	8	0				
8072	1	2	1	3	0	0	0	0	0	0	0	0	0	0	0	0	0	0	0	0	0	0	0	0	0	0	0	0	0	0	0	0	0	0	0	0	0	0	0	0	0	0	0	0	0	4	5	6	7	0	0	0	0	8	0				
8073	1	2	1	3	0	0	0	0	0	0	0	0	0	0	0	0	0	0	0	0	0	0	0	0	0	0	0	0	0	0	0	0	0	0	0	0	0	0	0	0	0	0	0	0	0	4	5	6	7	0	0	0	0	8	0				
8074	1	2	1	3	0	0	0	0	0	0	0	0	0	0	0	0	0	0	0	0	0	0	0	0	0	0	0	0	0	0	0	0	0	0	0	0	0	0	0	0	0	0	0	0	0	4	5	6	7	0	0	0	0	8	0				
8075	1	2	1	3	0	0	0	0	0	0	0	0	0	0	0	0	0	0	0	0	0	0	0	0	0	0	0	0	0	0	0	0	0	0	0	0	0	0	0	0	0	0	0	0	0	4	5	6	7	0	0	0	0	8	0				
8076	1	2	0	0	0	0	0	0	0	3	4	0	0	0	0	0	0	0	5	6	0	0	0	0	0	0	0	7	8	0	0	0	0	0	0	0	9	10	1	0	0	0	0	0	0	11	12	13	14	15	16	0	0	17	0	1;MAGALLANES_0	1;MAGALLANES_0	1;MAGALLANES_0	MAGALLANES_0
8077	1	2	0	0	0	0	0	0	0	3	4	0	0	0	0	0	0	0	5	6	0	0	0	0	0	0	0	7	8	0	0	0	0	0	0	0	9	10	1	0	0	0	0	0	0	11	12	13	14	15	16	17	18	19	0				
8078	1	2	1	3	0	0	0	0	0	0	0	0	0	0	0	0	0	0	0	0	0	0	0	0	0	0	0	0	0	0	0	0	0	0	0	0	0	0	0	0	0	0	0	0	0	0	0	0	0	0	0	0	0	0	0	1;MAGALLANES_0	1;MAGALLANES_0	1;MAGALLANES_0	MAGALLANES_0
8079	1	2	1	3	0	0	0	0	0	0	0	0	0	0	0	0	0	0	0	0	0	0	0	0	0	0	0	0	0	0	0	0	0	0	0	0	0	0	0	0	0	0	0	0	0	0	0	0	0	0	0	0	0	0	0				
8080	1	2	0	0	0	0	0	0	0	3	4	0	0	0	0	0	0	0	5	6	0	0	0	0	0	0	0	7	8	0	0	0	0	0	0	0	9	10	1	0	0	0	0	0	0	11	12	13	14	0	0	0	0	15	0	1;YAMA_0	1;YAMA_0	1;YAMA_0	YAMA_0
8081	1	2	0	0	0	0	0	0	0	3	4	0	0	0	0	0	0	0	5	6	0	0	0	0	0	0	0	7	8	0	0	0	0	0	0	0	9	10	1	0	0	0	0	0	0	11	12	13	14	0	0	0	0	15	0	1;ODYSSEY_0	1;ODYSSEY_0	1;ODYSSEY_0	ODYSSEY_0
8082	1	2	1	3	0	0	0	0	0	0	0	0	0	0	0	0	0	0	0	0	0	0	0	0	0	0	0	0	0	0	0	0	0	0	0	0	0	0	0	0	0	0	0	0	0	0	0	0	0	0	0	0	0	0	0	1;YAMA_0	1;YAMA_0	1;YAMA_0	YAMA_0
8083	1	2	1	3	0	0	0	0	0	0	0	0	0	0	0	0	0	0	0	0	0	0	0	0	0	0	0	0	0	0	0	0	0	0	0	0	0	0	0	0	0	0	0	0	0	0	0	0	0	0	0	0	0	0	0	1;ODYSSEY_0	1;ODYSSEY_0	1;ODYSSEY_0	ODYSSEY_0
8084	1	2	1	3	0	0	0	0	0	0	0	0	0	0	0	0	0	0	0	0	0	0	0	0	0	0	0	0	0	0	0	0	0	0	0	0	0	0	0	0	0	0	0	0	0	4	5	6	7	0	0	0	0	8	0				
8085	1	2	1	3	0	0	0	0	0	0	0	0	0	0	0	0	0	0	0	0	0	0	0	0	0	0	0	0	0	0	0	0	0	0	0	0	0	0	0	0	0	0	0	0	0	4	5	6	7	0	0	0	0	8	0				
8086	1	2	1	3	0	0	0	0	0	0	0	0	0	0	0	0	0	0	0	0	0	0	0	0	0	0	0	0	0	0	0	0	0	0	0	0	0	0	0	0	0	0	0	0	0	4	5	6	7	0	0	0	0	8	0				
8087	1	2	1	3	0	0	0	0	0	0	0	0	0	0	0	0	0	0	0	0	0	0	0	0	0	0	0	0	0	0	0	0	0	0	0	0	0	0	0	0	0	0	0	0	0	4	5	6	7	0	0	0	0	8	0				
8088	1	2	1	3	0	0	0	0	0	0	0	0	0	0	0	0	0	0	0	0	0	0	0	0	0	0	0	0	0	0	0	0	0	0	0	0	0	0	0	0	0	0	0	0	0	4	5	6	7	0	0	0	0	8	0				
8089	1	2	1	3	0	0	0	0	0	0	0	0	0	0	0	0	0	0	0	0	0	0	0	0	0	0	0	0	0	0	0	0	0	0	0	0	0	0	0	0	0	0	0	0	0	4	5	6	7	0	0	0	0	8	0				
8090	1	2	1	3	0	0	0	0	0	0	0	0	0	0	0	0	0	0	0	0	0	0	0	0	0	0	0	0	0	0	0	0	0	0	0	0	0	0	0	0	0	0	0	0	0	4	5	6	7	0	0	0	0	8	0				
8091	1	2	1	3	0	0	0	0	0	0	0	0	0	0	0	0	0	0	0	0	0	0	0	0	0	0	0	0	0	0	0	0	0	0	0	0	0	0	0	0	0	0	0	0	0	4	5	6	7	0	0	0	0	8	0				
8092	1	2	1	3	0	0	0	0	0	0	0	0	0	0	0	0	0	0	0	0	0	0	0	0	0	0	0	0	0	0	0	0	0	0	0	0	0	0	0	0	0	0	0	0	0	4	5	6	7	0	0	0	0	8	0				
8093	1	2	1	3	0	0	0	0	0	0	0	0	0	0	0	0	0	0	0	0	0	0	0	0	0	0	0	0	0	0	0	0	0	0	0	0	0	0	0	0	0	0	0	0	0	4	5	6	7	0	0	0	0	8	0				
8094	1	2	1	3	0	0	0	0	0	0	0	0	0	0	0	0	0	0	0	0	0	0	0	0	0	0	0	0	0	0	0	0	0	0	0	0	0	0	0	0	0	0	0	0	0	4	5	6	7	0	0	0	0	8	0				
8095	1	2	1	3	0	0	0	0	0	0	0	0	0	0	0	0	0	0	0	0	0	0	0	0	0	0	0	0	0	0	0	0	0	0	0	0	0	0	0	0	0	0	0	0	0	4	5	6	7	0	0	0	0	8	0				
8096	1	2	0	0	0	0	0	0	0	3	4	0	0	0	0	0	0	0	5	6	0	0	0	0	0	0	0	7	8	0	0	0	0	0	0	0	9	10	1	0	0	0	0	0	0	11	12	13	14	15	16	0	0	17	0				
8097	1	2	0	0	0	0	0	0	0	3	4	1	5	0	0	0	0	0	0	0	0	0	0	0	0	0	0	0	0	0	0	0	0	0	0	0	0	0	0	0	0	0	0	0	0	6	7	8	9	0	0	0	0	10	0				
8098	1	2	0	0	0	0	0	0	0	3	4	0	0	0	0	0	0	0	5	6	0	0	0	0	0	0	0	7	8	0	0	0	0	0	0	0	9	10	1	0	0	0	0	0	0	11	12	13	14	15	16	0	0	17	0				
8099	1	2	0	0	0	0	0	0	0	3	4	0	0	0	0	0	0	0	5	6	0	0	0	0	0	0	0	7	8	0	0	0	0	0	0	0	9	10	1	0	0	0	0	0	0	11	12	13	14	0	0	0	0	15	0	1;YAMA_0	1;YAMA_0	1;YAMA_0	YAMA_0
8100	1	2	0	3	0	0	0	0	0	4	5	1	6	0	0	0	0	0	0	0	0	0	0	0	0	0	0	0	0	0	0	0	0	0	0	0	0	0	0	0	0	0	0	0	0	7	8	9	10	11	12	0	0	13	2				
8101	1	2	0	0	0	0	0	0	0	3	4	1	5	0	0	0	0	0	0	0	0	0	0	0	0	0	0	0	0	0	0	0	0	0	0	0	0	0	0	0	0	0	0	0	0	6	7	8	9	10	11	0	0	12	2				
8102	1	2	0	0	0	0	0	0	0	3	4	0	0	0	0	0	0	0	5	6	0	0	0	0	0	0	0	7	8	1	0	0	0	0	0	0	0	0	0	0	0	0	0	0	0	9	10	11	12	0	0	0	0	13	2				
8103	1	2	0	0	0	0	0	0	0	3	4	0	0	0	0	0	0	0	5	6	1	0	0	0	0	0	0	0	0	0	0	0	0	0	0	0	0	0	0	0	0	0	0	0	0	7	8	9	10	0	0	0	0	11	2				
8104	1	2	1	0	0	0	0	0	0	0	0	0	0	0	0	0	0	0	3	4	1	0	0	0	0	0	0	0	0	0	0	0	0	0	0	0	0	0	0	0	0	0	0	0	0	5	6	0	0	0	0	0	0	0	0				
8105	1	2	1	3	0	0	0	0	0	0	0	0	0	0	0	0	0	0	0	0	0	0	0	0	0	0	0	0	0	0	0	0	0	0	0	0	0	0	0	0	0	0	0	0	0	0	0	0	0	0	0	0	0	0	0				
8106	1	2	1	3	0	0	0	0	0	0	0	0	0	0	0	0	0	0	0	0	0	0	0	0	0	0	0	0	0	0	0	0	0	0	0	0	0	0	0	0	0	0	0	0	0	4	5	0	0	0	0	0	0	0	0				
8107	1	2	0	0	0	0	0	0	0	3	4	0	0	0	0	0	0	0	5	6	1	0	0	0	0	0	0	0	0	0	0	0	0	0	0	0	0	0	0	0	0	0	0	0	0	7	8	9	10	0	0	0	0	11	2				
8108	1	2	0	3	0	0	0	0	0	4	5	1	6	0	0	0	0	0	0	0	0	0	0	0	0	0	0	0	0	0	0	0	0	0	0	0	0	0	0	0	0	0	0	0	0	7	8	9	10	11	12	0	0	13	2				
8109	1	2	1	3	0	0	0	0	0	0	0	0	0	0	0	0	0	0	0	0	0	0	0	0	0	0	0	0	0	0	0	0	0	0	0	0	0	0	0	0	0	0	0	0	0	4	5	6	7	0	0	0	0	8	2				
8110	1	2	0	0	0	0	0	0	0	3	4	0	0	0	0	0	0	0	5	6	1	7	0	0	0	0	0	0	0	0	0	0	0	0	0	0	0	0	0	0	0	0	0	0	0	8	9	10	11	0	0	0	0	12	2				
8111	1	2	0	0	0	0	0	0	0	3	4	0	0	0	0	0	0	0	5	6	1	7	0	0	0	0	0	0	0	0	0	0	0	0	0	0	0	0	0	0	0	0	0	0	0	8	9	10	11	0	0	0	0	12	2				
8116	1	2	0	0	0	0	0	0	0	3	4	0	0	0	0	0	0	0	5	6	1	0	0	0	0	0	0	0	0	0	0	0	0	0	0	0	0	0	0	0	0	0	0	0	0	7	8	9	10	0	0	0	0	11	0				
8117	1	2	0	0	0	0	0	0	0	3	4	0	0	0	0	0	0	0	5	6	1	0	0	0	0	0	0	0	0	0	0	0	0	0	0	0	0	0	0	0	0	0	0	0	0	7	8	9	10	0	0	0	0	11	0				
8118	1	2	0	0	0	0	0	0	0	3	4	1	0	0	0	0	0	0	0	0	0	0	0	0	0	0	0	0	0	0	0	0	0	0	0	0	0	0	0	0	0	0	0	0	0	5	6	7	8	0	0	0	0	9	0				
8119	1	2	1	3	0	0	0	0	0	0	0	0	0	0	0	0	0	0	0	0	0	0	0	0	0	0	0	0	0	0	0	0	0	0	0	0	0	0	0	0	0	0	0	0	0	4	5	0	0	0	0	0	0	0	0				
8120	1	2	1	3	0	0	0	0	0	0	0	0	0	0	0	0	0	0	0	0	0	0	0	0	0	0	0	0	0	0	0	0	0	0	0	0	0	0	0	0	0	0	0	0	0	4	5	0	0	0	0	0	0	0	0				
8121	1	2	0	0	0	0	0	0	0	3	4	1	5	0	0	0	0	0	6	7	0	0	0	0	0	0	0	0	0	0	0	0	0	0	0	0	0	0	0	0	0	0	0	0	0	8	9	10	11	0	0	0	0	12	0				
8122	1	2	0	0	0	0	0	0	0	3	4	1	5	0	0	0	0	0	6	7	0	0	0	0	0	0	0	0	0	0	0	0	0	0	0	0	0	0	0	0	0	0	0	0	0	8	9	10	11	0	0	0	0	12	0				
8123	1	2	1	3	0	0	0	0	0	0	0	0	0	0	0	0	0	0	0	0	0	0	0	0	0	0	0	0	0	0	0	0	0	0	0	0	0	0	0	0	0	0	0	0	0	4	5	0	0	0	0	0	0	0	0				
8124	1	2	1	3	0	0	0	0	0	0	0	0	0	0	0	0	0	0	0	0	0	0	0	0	0	0	0	0	0	0	0	0	0	0	0	0	0	0	0	0	0	0	0	0	0	4	5	0	0	0	0	0	0	0	0				
8125	1	2	1	3	0	0	0	0	0	0	0	0	0	0	0	0	0	0	0	0	0	0	0	0	0	0	0	0	0	0	0	0	0	0	0	0	0	0	0	0	0	0	0	0	0	4	5	0	0	0	0	0	0	0	0				
8126	1	2	1	3	0	0	0	0	0	0	0	0	0	0	0	0	0	0	0	0	0	0	0	0	0	0	0	0	0	0	0	0	0	0	0	0	0	0	0	0	0	0	0	0	0	4	5	0	0	0	0	0	0	0	0				
8127	1	2	0	0	0	0	0	0	0	3	4	0	0	0	0	0	0	0	5	6	1	7	0	0	0	0	0	0	0	0	0	0	0	0	0	0	0	0	0	0	0	0	0	0	0	8	9	10	11	0	0	0	0	12	0				
8128	1	2	0	0	0	0	0	0	0	3	4	0	0	0	0	0	0	0	5	6	1	7	0	0	0	0	0	0	0	0	0	0	0	0	0	0	0	0	0	0	0	0	0	0	0	8	9	10	11	0	0	0	0	12	0				
8129	1	2	0	0	0	0	0	0	0	3	4	1	0	0	0	0	0	0	0	0	0	0	0	0	0	0	0	0	0	0	0	0	0	0	0	0	0	0	0	0	0	0	0	0	0	5	6	7	8	0	0	0	0	9	0				
8130	1	2	1	3	0	0	0	0	0	0	0	0	0	0	0	0	0	0	0	0	0	0	0	0	0	0	0	0	0	0	0	0	0	0	0	0	0	0	0	0	0	0	0	0	0	4	5	0	0	0	0	0	0	0	0				
8131	1	2	0	0	0	0	0	0	0	3	4	0	0	0	0	0	0	0	5	6	1	0	0	0	0	0	0	0	0	0	0	0	0	0	0	0	0	0	0	0	0	0	0	0	0	7	8	9	10	0	0	0	0	11	0				
8132	1	2	1	3	0	0	0	0	0	0	0	0	0	0	0	0	0	0	0	0	0	0	0	0	0	0	0	0	0	0	0	0	0	0	0	0	0	0	0	0	0	0	0	0	0	4	5	6	7	0	0	0	0	8	0				
8133	1	2	0	0	0	0	0	0	0	3	4	0	0	0	0	0	0	0	5	6	1	0	0	0	0	0	0	0	0	0	0	0	0	0	0	0	0	0	0	0	0	0	0	0	0	7	8	9	10	0	0	0	0	11	0				
8134	1	2	1	3	0	0	0	0	0	0	0	0	0	0	0	0	0	0	0	0	0	0	0	0	0	0	0	0	0	0	0	0	0	0	0	0	0	0	0	0	0	0	0	0	0	4	5	6	7	0	0	0	0	8	0				
8135	1	2	0	0	0	0	0	0	0	3	4	0	0	0	0	0	0	0	5	6	1	0	0	0	0	0	0	0	0	0	0	0	0	0	0	0	0	0	0	0	0	0	0	0	0	7	8	9	10	0	0	0	0	11	0				
8136	1	2	1	3	0	0	0	0	0	0	0	0	0	0	0	0	0	0	0	0	0	0	0	0	0	0	0	0	0	0	0	0	0	0	0	0	0	0	0	0	0	0	0	0	0	4	5	6	7	0	0	0	0	8	0				
8137	1	2	0	0	0	0	0	0	0	3	4	0	5	0	0	0	0	0	6	7	1	8	0	0	0	0	0	0	0	0	0	0	0	0	0	0	0	0	0	0	0	0	0	0	0	9	10	11	12	0	0	0	0	13	0				
8138	1	2	0	0	0	0	0	0	0	3	4	0	0	0	0	0	0	0	5	6	0	0	0	0	0	0	0	7	8	0	0	0	0	0	0	0	9	10	1	0	0	0	0	0	0	11	12	13	14	0	0	0	0	15	0	1;ODYSSEY_0	1;ODYSSEY_0	1;ODYSSEY_0	ODYSSEY_0
8139	1	2	1	3	0	0	0	0	0	0	0	0	0	0	0	0	0	0	0	0	0	0	0	0	0	0	0	0	0	0	0	0	0	0	0	0	0	0	0	0	0	0	0	0	0	0	0	0	0	0	0	0	0	0	0				
8140	1	2	1	3	0	0	0	0	0	0	0	0	0	0	0	0	0	0	0	0	0	0	0	0	0	0	0	0	0	0	0	0	0	0	0	0	0	0	0	0	0	0	0	0	0	0	0	0	0	0	0	0	0	0	0				
9000	1	2	1	0	0	0	0	0	0	0	0	0	0	0	0	0	0	0	0	0	0	0	0	0	0	0	0	0	0	0	0	0	0	0	0	0	0	0	0	0	0	0	0	0	0	3	4	5	6	0	0	0	0	7	2	1;SAILIAN_0	1;SAILIAN_0	1;SAILIAN_2	SAILIAN_0
9001	1	2	1	0	0	0	0	0	0	0	0	0	0	0	0	0	0	0	0	0	0	0	0	0	0	0	0	0	0	0	0	0	0	0	0	0	0	0	0	0	0	0	0	0	0	0	0	0	0	0	0	0	0	0	0				
9002	1	2	1	0	0	0	0	0	0	0	0	0	0	0	0	0	0	0	0	0	0	0	0	0	0	0	0	0	0	0	0	0	0	0	0	0	0	0	0	0	0	0	0	0	0	3	4	5	6	0	0	0	0	7	2				
9003	1	2	0	0	0	0	0	0	0	3	4	0	5	0	0	0	0	0	6	7	0	0	0	0	0	0	0	8	9	0	0	0	0	0	0	0	10	11	1	12	0	0	0	0	0	13	14	15	16	0	0	0	0	17	2				
9004	1	2	0	0	0	0	0	0	0	3	4	0	5	0	0	0	0	0	6	7	0	0	0	0	0	0	0	8	9	0	0	0	0	0	0	0	10	11	1	12	0	0	0	0	0	13	14	15	16	0	0	0	0	17	2				
9008	1	2	0	0	0	0	0	0	0	3	4	1	0	0	0	0	0	0	0	0	0	0	0	0	0	0	0	0	0	0	0	0	0	0	0	0	0	0	0	0	0	0	0	0	0	5	6	7	8	0	0	0	0	9	2				
9009	1	2	1	0	0	0	0	0	0	0	0	0	0	0	0	0	0	0	0	0	0	0	0	0	0	0	0	0	0	0	0	0	0	0	0	0	0	0	0	0	0	0	0	0	0	3	4	5	6	0	0	0	0	7	2				
9010	1	2	1	0	0	0	0	0	0	0	0	0	0	0	0	0	0	0	0	0	0	0	0	0	0	0	0	0	0	0	0	0	0	0	0	0	0	0	0	0	0	0	0	0	0	3	4	5	6	0	0	0	0	7	2				
9011	1	2	1	0	0	0	0	0	0	0	0	0	0	0	0	0	0	0	0	0	0	0	0	0	0	0	0	0	0	0	0	0	0	0	0	0	0	0	0	0	0	0	0	0	0	0	0	0	0	0	0	0	0	0	0				
9012	1	2	1	0	0	0	0	0	0	0	0	0	0	0	0	0	0	0	0	0	0	0	0	0	0	0	0	0	0	0	0	0	0	0	0	0	0	0	0	0	0	0	0	0	0	0	0	0	0	0	0	0	0	0	0				
9013	1	2	1	0	0	0	0	0	0	0	0	0	0	0	0	0	0	0	0	0	0	0	0	0	0	0	0	0	0	0	0	0	0	0	0	0	0	0	0	0	0	0	0	0	0	0	0	0	0	0	0	0	0	0	0				
9014	1	2	1	0	0	0	0	0	0	0	0	0	0	0	0	0	0	0	0	0	0	0	0	0	0	0	0	0	0	0	0	0	0	0	0	0	0	0	0	0	0	0	0	0	0	0	0	0	0	0	0	0	0	0	0				
9015	1	2	1	0	0	0	0	0	0	0	0	0	0	0	0	0	0	0	0	0	0	0	0	0	0	0	0	0	0	0	0	0	0	0	0	0	0	0	0	0	0	0	0	0	0	0	0	0	0	0	0	0	0	0	0				
9016	1	2	1	0	0	0	0	0	0	0	0	0	0	0	0	0	0	0	0	0	0	0	0	0	0	0	0	0	0	0	0	0	0	0	0	0	0	0	0	0	0	0	0	0	0	0	0	0	0	0	0	0	0	0	0				
9017	1	2	1	3	0	0	0	0	0	0	0	0	0	0	0	0	0	0	0	0	0	0	0	0	0	0	0	0	0	0	0	0	0	0	0	0	0	0	0	0	0	0	0	0	0	0	0	0	0	0	0	0	0	0	0				
9018	1	2	0	0	0	0	0	0	0	3	4	0	0	0	0	0	0	0	5	6	1	0	0	0	0	0	0	0	0	0	0	0	0	0	0	0	0	0	0	0	0	0	0	0	0	0	0	0	0	0	0	0	0	0	0	1;LOLA_0\n2;LOLA_0\n3;LOLA_3\n\n			
9019	1	2	1	0	0	0	0	0	0	0	0	0	0	0	0	0	0	0	0	0	0	0	0	0	0	0	0	0	0	0	0	0	0	0	0	0	0	0	0	0	0	0	0	0	0	0	0	0	0	0	0	0	0	0	0				
9020	1	2	1	0	0	0	0	0	0	0	0	0	0	0	0	0	0	0	0	0	0	0	0	0	0	0	0	0	0	0	0	0	0	0	0	0	0	0	0	0	0	0	0	0	0	0	0	0	0	0	0	0	0	0	0				
9021	1	2	1	0	0	0	0	0	0	0	0	0	0	0	0	0	0	0	0	0	0	0	0	0	0	0	0	0	0	0	0	0	0	0	0	0	0	0	0	0	0	0	0	0	0	0	0	0	0	0	0	0	0	0	0				
9022	1	2	1	0	0	0	0	0	0	0	0	0	0	0	0	0	0	0	0	0	0	0	0	0	0	0	0	0	0	0	0	0	0	0	0	0	0	0	0	0	0	0	0	0	0	0	0	0	0	0	0	0	0	0	0				
9023	1	2	1	0	0	0	0	0	0	0	0	0	0	0	0	0	0	0	0	0	0	0	0	0	0	0	0	0	0	0	0	0	0	0	0	0	0	0	0	0	0	0	0	0	0	0	0	0	0	0	0	0	0	0	0				
9024	1	2	1	0	0	0	0	0	0	0	0	0	0	0	0	0	0	0	0	0	0	0	0	0	0	0	0	0	0	0	0	0	0	0	0	0	0	0	0	0	0	0	0	0	0	0	0	0	0	0	0	0	0	0	0	1;LOLA_0\n\n\n\n			
9025	1	2	1	0	0	0	0	0	0	0	0	0	0	0	0	0	0	0	0	0	0	0	0	0	0	0	0	0	0	0	0	0	0	0	0	0	0	0	0	0	0	0	0	0	0	0	0	0	0	0	0	0	0	0	0				
9026	1	2	1	0	0	0	0	0	0	0	0	0	0	0	0	0	0	0	0	0	0	0	0	0	0	0	0	0	0	0	0	0	0	0	0	0	0	0	0	0	0	0	0	0	0	0	0	0	0	0	0	0	0	0	0				
9027	1	2	1	0	0	0	0	0	0	0	0	0	0	0	0	0	0	0	0	0	0	0	0	0	0	0	0	0	0	0	0	0	0	0	0	0	0	0	0	0	0	0	0	0	0	0	0	0	0	0	0	0	0	0	0				
9028	1	2	1	0	0	0	0	0	0	0	0	0	0	0	0	0	0	0	0	0	0	0	0	0	0	0	0	0	0	0	0	0	0	0	0	0	0	0	0	0	0	0	0	0	0	0	0	0	0	0	0	0	0	0	0				
9029	1	2	1	0	0	0	0	0	0	0	0	0	0	0	0	0	0	0	0	0	0	0	0	0	0	0	0	0	0	0	0	0	0	0	0	0	0	0	0	0	0	0	0	0	0	0	0	0	0	0	0	0	0	0	0				
9030	1	2	0	0	0	0	0	0	0	3	4	1	5	0	0	0	0	0	0	0	0	0	0	0	0	0	0	0	0	0	0	0	0	0	0	0	0	0	0	0	0	0	0	0	0	0	0	0	0	0	0	0	0	0	0	1;LOLA_3\n2;LOLA_1\n\n\n			
9031	1	2	0	0	0	0	0	0	0	3	4	1	5	0	0	0	0	0	0	0	0	0	0	0	0	0	0	0	0	0	0	0	0	0	0	0	0	0	0	0	0	0	0	0	0	0	0	0	0	0	0	0	0	0	0				
9032	1	2	0	0	0	0	0	0	0	3	4	1	5	0	0	0	0	0	0	0	0	0	0	0	0	0	0	0	0	0	0	0	0	0	0	0	0	0	0	0	0	0	0	0	0	0	0	0	0	0	0	0	0	0	0	1;COLUMBUS_0\n2;COLUMBUS_0\n\n\n			
9033	1	2	0	3	0	0	0	0	0	4	5	0	0	0	0	0	0	0	6	7	0	0	0	0	0	0	0	8	9	0	0	0	0	0	0	0	10	11	1	12	1	0	0	0	0	13	14	15	16	17	18	0	0	19	0	1;SAILIAN_1\n2;SAILIAN_0\n3;SAILIAN_0\n4;SAILIAN_2\n5;SAILIAN_2	1;SAILIAN_2	1;SAILIAN_2\n2;SAILIAN_3\n	SAILIAN_1
9035	1	2	1	0	0	0	0	0	0	0	0	0	0	0	0	0	0	0	0	0	0	0	0	0	0	0	0	0	0	0	0	0	0	0	0	0	0	0	0	0	0	0	0	0	0	3	4	5	6	0	0	0	0	7	0				
9036	1	2	0	0	0	0	0	0	0	3	4	1	0	0	0	0	0	0	0	0	0	0	0	0	0	0	0	0	0	0	0	0	0	0	0	0	0	0	0	0	0	0	0	0	0	5	6	7	8	0	0	0	0	9	0				
9037	1	2	1	0	0	0	0	0	0	0	0	0	0	0	0	0	0	0	0	0	0	0	0	0	0	0	0	0	0	0	0	0	0	0	0	0	0	0	0	0	0	0	0	0	0	3	4	5	6	0	0	0	0	7	0				
9038	1	2	0	0	0	0	0	0	0	3	4	1	0	0	0	0	0	0	0	0	0	0	0	0	0	0	0	0	0	0	0	0	0	0	0	0	0	0	0	0	0	0	0	0	0	5	6	7	8	0	0	0	0	9	0				
9039	1	2	1	0	0	0	0	0	0	0	0	0	0	0	0	0	0	0	0	0	0	0	0	0	0	0	0	0	0	0	0	0	0	0	0	0	0	0	0	0	0	0	0	0	0	3	4	5	6	0	0	0	0	7	0				
9040	1	2	0	3	0	4	0	5	0	6	7	1	0	0	0	0	0	0	0	0	0	0	0	0	0	0	0	0	0	0	0	0	0	0	0	0	0	0	0	0	0	0	0	0	0	8	9	10	11	12	13	14	15	16	2	1;SAILIAN_0	1;SAILIAN_0	1;SAILIAN_0	SAILIAN_0
9041	1	2	0	0	0	0	0	0	0	3	4	0	0	0	0	0	0	0	5	6	1	7	1	0	0	0	0	0	0	0	0	0	0	0	0	0	0	0	0	0	0	0	0	0	0	8	9	10	11	0	0	0	0	12	2	1;SAILIAN_0	1;SAILIAN_0	1;SAILIAN_3	SAILIAN_0
9042	1	2	0	0	0	0	0	0	0	3	4	0	0	0	0	0	0	0	5	6	1	0	0	0	0	0	0	0	0	0	0	0	0	0	0	0	0	0	0	0	0	0	0	0	0	7	8	9	10	11	12	13	14	15	2	1;SAILIAN_0	1;SAILIAN_0	1;SAILIAN_0	SAILIAN_0
9044	1	2	0	3	0	4	0	5	0	6	7	1	0	0	0	0	0	0	0	0	0	0	0	0	0	0	0	0	0	0	0	0	0	0	0	0	0	0	0	0	0	0	0	0	0	8	9	10	11	12	13	14	15	16	2	1;SAILIAN_0	1;SAILIAN_0	1;SAILIAN_0	SAILIAN_0
9046	1	2	1	3	0	0	0	0	0	0	0	0	0	0	0	0	0	0	0	0	0	0	0	0	0	0	0	0	0	0	0	0	0	0	0	0	0	0	0	0	0	0	0	0	0	0	0	0	0	0	0	0	0	0	0				
9047	1	2	1	3	0	0	0	0	0	0	0	0	0	0	0	0	0	0	0	0	0	0	0	0	0	0	0	0	0	0	0	0	0	0	0	0	0	0	0	0	0	0	0	0	0	0	0	0	0	0	0	0	0	0	0				
9048	1	2	1	3	0	0	0	0	0	0	0	0	0	0	0	0	0	0	0	0	0	0	0	0	0	0	0	0	0	0	0	0	0	0	0	0	0	0	0	0	0	0	0	0	0	0	0	0	0	0	0	0	0	0	0				
9049	1	2	1	3	0	0	0	0	0	0	0	0	0	0	0	0	0	0	0	0	0	0	0	0	0	0	0	0	0	0	0	0	0	0	0	0	0	0	0	0	0	0	0	0	0	0	0	0	0	0	0	0	0	0	0				
9050	1	2	1	3	0	0	0	0	0	0	0	0	0	0	0	0	0	0	0	0	0	0	0	0	0	0	0	0	0	0	0	0	0	0	0	0	0	0	0	0	0	0	0	0	0	0	0	0	0	0	0	0	0	0	0				
9051	1	2	0	0	0	0	0	0	0	3	4	0	0	0	0	0	0	0	5	6	1	7	0	0	0	0	0	0	0	0	0	0	0	0	0	0	0	0	0	0	0	0	0	0	0	0	0	0	0	0	0	0	0	0	0				
9999	1	2	1	0	0	0	0	0	0	0	0	0	0	0	0	0	0	0	0	0	0	0	0	0	0	0	0	0	0	0	0	0	0	0	0	0	0	0	0	0	0	0	0	0	0	3	4	5	6	0	0	0	0	7	2				
60001	1	2	0	0	0	0	0	0	0	3	4	0	5	0	0	0	0	0	6	7	0	0	0	0	0	0	0	8	9	0	0	0	0	0	0	0	10	11	1	12	0	0	0	0	0	13	14	15	16	0	0	0	0	17	2	1;ANGELINA_1\n3;ANGELINA_PRINCESS_1\n5;PLATO_1	1;JASON_1	1;ODYSSEY_1	MEDEA_1
60002	1	2	0	0	0	0	0	0	0	3	4	0	5	0	0	0	0	0	6	7	0	0	0	0	0	0	0	8	9	0	0	0	0	0	0	0	10	11	1	12	0	0	0	0	0	13	14	15	16	0	0	0	0	17	2	2;BISMARCK_1\n3;COLUMBUS_1	1;JASON_1	1;ODYSSEY_1	MEDEA_1
60003	1	2	0	0	0	0	0	0	0	3	4	0	5	0	0	0	0	0	6	7	0	0	0	0	0	0	0	8	9	0	0	0	0	0	0	0	10	11	1	12	0	0	0	0	0	13	14	15	16	0	0	0	0	17	2	3;DRAKE_1	1;JASON_1	1;ODYSSEY_1	MEDEA_1
60004	1	2	0	0	0	0	0	0	0	3	4	0	5	0	0	0	0	0	6	7	0	0	0	0	0	0	0	8	9	0	0	0	0	0	0	0	10	11	1	12	0	0	0	0	0	13	14	15	16	0	0	0	0	17	2	1;JASON_1	1;JASON_1	1;ODYSSEY_1	MEDEA_1
60005	1	2	0	0	0	0	0	0	0	3	4	0	5	0	0	0	0	0	6	7	0	0	0	0	0	0	0	8	9	0	0	0	0	0	0	0	10	11	1	12	0	0	0	0	0	13	14	15	16	0	0	0	0	17	2	2;LOLA_1\n5;MEDEA_1	1;JASON_1	1;ODYSSEY_1	MEDEA_1
60006	1	2	0	0	0	0	0	0	0	3	4	0	5	0	0	0	0	0	6	7	0	0	0	0	0	0	0	8	9	0	0	0	0	0	0	0	10	11	1	12	0	0	0	0	0	13	14	15	16	0	0	0	0	17	2	1;MEDEA_1\n2;YAMA_1\n3;ROSE_1\n4;LOLA_1\n5;COLUMBUS_1	1;JASON_1	1;ODYSSEY_1	MEDEA_1
60007	1	2	0	0	0	0	0	0	0	3	4	0	5	0	0	0	0	0	6	7	0	0	0	0	0	0	0	8	9	0	0	0	0	0	0	0	10	11	1	12	0	0	0	0	0	13	14	15	16	0	0	0	0	17	2	2;SHADOW_1\n4;NELSON_1	1;JASON_1	1;ODYSSEY_1	MEDEA_1
60008	1	2	0	0	0	0	0	0	0	3	4	0	5	0	0	0	0	0	6	7	0	0	0	0	0	0	0	8	9	0	0	0	0	0	0	0	10	11	1	12	0	0	0	0	0	13	14	15	16	0	0	0	0	17	2	1;ODYSSEY_1\n2;SAILIAN_1	1;JASON_1	1;ODYSSEY_1	MEDEA_1
60009	1	2	0	0	0	0	0	0	0	3	4	0	5	0	0	0	0	0	6	7	0	0	0	0	0	0	0	8	9	0	0	0	0	0	0	0	10	11	1	12	0	0	0	0	0	13	14	15	16	0	0	0	0	17	2	5;PLATO_1	1;JASON_1	1;ODYSSEY_1	MEDEA_1
60010	1	2	0	0	0	0	0	0	0	3	4	0	5	0	0	0	0	0	6	7	0	0	0	0	0	0	0	8	9	0	0	0	0	0	0	0	10	11	1	12	0	0	0	0	0	13	14	15	16	0	0	0	0	17	2	1;ROSE_1\n3;SHADOW_MASK_1\n4;ODYSSEY_1\n5;PLATO_1	1;JASON_1	1;ODYSSEY_1	MEDEA_1
