n_ID	n_TYPE	n_SCENE	n_FOLLOW	s_LUASCRIPT	n_LEVEL_QUEST	n_LEVEL_EXP	n_NEXT	n_VARI_1	n_VARI_2	n_VARI_3	n_VARI_4	n_VARI_5	n_VARI_6	n_VARI_7	n_VARI_8	n_VARI_9	n_VARI_10	n_VARI_11	n_VARI_12	n_VARI_13	n_VARI_14	n_VARI_15	n_VARI_16	n_VARI_17	n_VARI_18	n_VARI_19	n_VARI_20	s_VARI_1	s_VARI_2	n_REWARD_ITEM1	n_REWARD_NUM1	n_REWARD_ITEM2	n_REWARD_NUM2	n_REWARD_ITEM3	n_REWARD_NUM3	n_REWARD_ITEM4	n_REWARD_NUM4	n_REWARD_ITEM5	n_REWARD_NUM5	n_REWARD_ITEM6	n_REWARD_NUM6	n_REWARD_CHOOSE1	n_REWARD_CHOOSENUM1	n_REWARD_CHOOSE2	n_REWARD_CHOOSENUM2	n_REWARD_CHOOSE3	n_REWARD_CHOOSENUM3	n_REWARD_CHOOSE4	n_REWARD_CHOOSENUM4	n_REWARD_CHOOSE5	n_REWARD_CHOOSENUM5	n_REWARD_CHOOSE6	n_REWARD_CHOOSENUM6	f_CASH	f_EXP	f_SP	n_GM_SWITCH	s_HK_VER	s_TC_VER	s_JP_VER	s_TH_VER
12	20	0	0	Q_TELEPORT_WITH_VEHICLE1	10	20	0	34	2	0	0	0	0	0	0	0	0	0	0	0	0	0	0	0	0	0	0	_F_TALK_000	_F_TALK_000	0	0	0	0	0	0	0	0	0	0	0	0	0	0	0	0	0	0	0	0	0	0	0	0	0.0	0.0	0.0	0	1.00.0000	1.00.0000	1.00.0000	1.00.0000
13	25	0	0	Q_ENTER_INSTANCE2	20	30	0	102	103	104	2056	0	0	0	0	0	0	0	0	0	0	0	0	0	0	0	0	_F_FLEX_000	_F_TALK_000	0	0	0	0	0	0	0	0	0	0	0	0	0	0	0	0	0	0	0	0	0	0	0	0	0.0	0.0	0.0	0	1.00.0000	1.00.0000	1.00.0000	1.00.0000
24	1	1	0	Q_CON_NEW	10	15	721	1071	0	0	7	1	0	20	8	0	0	0	0	175	804	0	0	630	803	0	0	_F_TALK_000	Scn0016a	0	0	0	0	0	0	0	0	0	0	0	0	0	0	0	0	0	0	0	0	0	0	0	0	1.0	1.5	1.0	0	1.00.0000	1.00.0000	1.00.0000	1.00.0000
25	1	1	0	Q_INSTANCE_KILL1	10	15	0	721	9001	8552	572	1	91	0	0	0	0	8502	0	0	0	804	176	570	0	803	175	_F_HAPPY_000	_F_SAD_000	0	0	0	0	0	0	0	0	0	0	0	0	0	0	0	0	0	0	0	0	0	0	0	0	1.0	1.5	1.0	0	1.00.0000	1.00.0000	1.00.0000	1.00.0000
26	1	1	0	Q_CON1	10	15	27	25	2608007	1	10	2401006	1	11	29	0	0	0	0	637	0	0	628	0	0	0	629	_F_FLEX_000	_F_HAPPY_000	2608007	1	2401006	5	0	0	0	0	0	0	0	0	0	0	0	0	0	0	0	0	0	0	0	0	1.0	1.5	1.0	0	1.00.0000	1.00.0000	1.00.0000	1.00.0000
27	1	1	0	Q_CON1	10	18	28	26	0	0	0	0	0	0	0	0	0	0	0	0	168	0	630	0	170	0	0	_F_TALK_000	_F_SAD_000	0	0	0	0	0	0	0	0	0	0	0	0	0	0	0	0	0	0	0	0	0	0	0	0	1.0	1.5	1.0	0	1.00.0000	1.00.0000	1.00.0000	1.00.0000
28	1	1	0	Q_CON1	10	18	29	27	0	0	0	0	0	0	0	0	0	0	0	0	0	0	631	0	0	0	632	_F_FLEX_000	_F_HAPPY_000	0	0	0	0	0	0	0	0	0	0	0	0	0	0	0	0	0	0	0	0	0	0	0	0	1.0	1.5	1.0	0	1.00.0000	1.00.0000	1.00.0000	1.00.0000
29	25	0	0	Q_ENTER_INSTANCE1	10	20	0	28	994	2055	0	0	0	0	0	0	0	0	0	0	0	0	0	0	0	0	0	_F_TALK_000	_F_TALK_000	0	0	0	0	0	0	0	0	0	0	0	0	0	0	0	0	0	0	0	0	0	0	0	0	0.0	0.0	0.0	0	1.00.0000	1.00.0000	1.00.0000	1.00.0000
30	1	1	0	Q_CON_NEW	10	18	994	28	0	0	2	884	2	3	8072	0	0	0	0	0	552	0	169	0	0	0	0	_F_FLEX_000	_F_FLEX_000	2600502	1	0	0	0	0	0	0	0	0	0	0	0	0	0	0	0	0	0	0	0	0	0	0	1.0	1.5	1.0	0	1.00.0000	1.00.0000	1.00.0000	1.00.0000
31	1	1	0	Q_CON1	10	18	32	994	0	0	0	0	0	0	0	0	0	0	0	0	0	0	0	0	0	0	630	_F_FLEX_000	_F_TALK_000	2401206	3	2600341	5	0	0	0	0	0	0	0	0	0	0	0	0	0	0	0	0	0	0	0	0	1.0	1.5	1.0	0	1.00.0000	1.00.0000	1.00.0000	1.00.0000
32	1	1	0	Q_CON1	10	18	0	31	0	0	0	0	0	0	0	0	0	0	0	0	0	0	805	0	0	0	0	_F_FLEX_000	_F_EMOTION_006	0	0	0	0	0	0	0	0	0	0	0	0	0	0	0	0	0	0	0	0	0	0	0	0	1.0	1.5	1.0	0	1.00.0000	1.00.0000	1.00.0000	1.00.0000
33	1	1	0	Q_MOVIE_CON2	15	20	34	916	0	0	0	0	0	0	0	0	0	0	0	0	0	0	0	0	0	0	0	MYRINA_000.wmv	_F_TALK_000	2410166	1	2410167	1	2410168	1	0	0	0	0	0	0	0	0	0	0	0	0	0	0	0	0	0	0	1.0	1.5	1.0	0	1.00.0000	1.00.0000	1.00.0000	1.00.0000
34	1	1	0	Q_TELE_WITH_VEHICLE2	10	20	0	33	2	0	0	0	0	0	0	0	0	0	0	0	0	0	0	0	0	0	0	_F_FLEX_000	_F_TALK_000	2401006	2	2401106	2	2401206	2	0	0	0	0	0	0	0	0	0	0	0	0	0	0	0	0	0	0	1.0	1.5	1.0	0	1.00.0000	1.00.0000	1.00.0000	1.00.0000
35	2	1	0	Q_CON1	31	33	36	0	0	0	0	0	0	0	0	0	0	0	0	0	0	0	0	0	0	0	0	_F_FLEX_000	_F_HAPPY_000	0	0	0	0	0	0	0	0	0	0	0	0	0	0	0	0	0	0	0	0	0	0	0	0	1.0	1.0	1.0	0	1.00.0000	1.00.0000	1.00.0000	1.00.0000
36	2	1	0	Q_CON1	31	33	37	35	0	0	0	0	0	0	0	0	0	0	0	0	0	0	0	0	0	0	0	_F_HAPPY_000	_F_FLEX_000	0	0	0	0	0	0	0	0	0	0	0	0	0	0	0	0	0	0	0	0	0	0	0	0	1.0	1.0	1.0	0	1.00.0000	1.00.0000	1.00.0000	1.00.0000
37	2	1	0	Q_CON1	31	33	0	36	0	0	0	0	0	0	0	0	0	0	0	0	0	0	0	0	0	0	0	_F_FLEX_000	_F_HAPPY_000	2405092	3	0	0	0	0	0	0	0	0	0	0	0	0	0	0	0	0	0	0	0	0	0	0	1.0	1.0	1.0	0	1.00.0000	1.00.0000	1.00.0000	1.00.0000
38	2	1	0	Q_MOVIE_CON2	30	40	0	0	0	0	0	0	0	0	0	0	0	0	0	0	0	0	0	0	0	0	0	ROLA_000.wmv	_F_EMOTION_007	0	0	0	0	0	0	0	0	0	0	0	0	0	0	0	0	0	0	0	0	0	0	0	0	1.0	1.0	1.0	0	1.00.0000	1.00.0000	1.00.0000	1.00.0000
39	6	1	0	Q_DAY_SEND2	45	45	0	38	2500004	1	30	0	0	0	0	0	0	0	0	0	0	0	0	0	0	0	0	_F_EMOTION_007	_F_TALK_000	0	0	0	0	0	0	0	0	0	0	0	0	0	0	0	0	0	0	0	0	0	0	0	0	1.0	0.5	1.0	0	1.00.0000	1.00.0000	1.00.0000	1.00.0000
40	2	1	1	Q_CHECKBUFF1	30	40	0	0	8506	8540	0	0	0	0	0	0	0	0	0	0	0	0	0	0	0	0	0	_F_FLEX_000	_F_HAPPY_000	0	0	0	0	0	0	0	0	0	0	0	0	0	0	0	0	0	0	0	0	0	0	0	0	1.0	1.0	1.0	0	1.00.0000	1.00.0000	1.00.0000	1.00.0000
41	2	1	1	Q_SET2	35	40	0	0	42	43	0	0	0	0	0	0	0	0	0	0	0	0	0	0	0	0	0	_F_HAPPY_000	_F_HAPPY_000	2401007	5	0	0	0	0	0	0	0	0	0	0	0	0	0	0	0	0	0	0	0	0	0	0	1.0	1.0	1.0	0	1.00.0000	1.00.0000	1.00.0000	1.00.0000
42	2	1	0	Q_SET5	35	40	0	0	41	2500005	1	0	0	0	0	0	0	0	0	0	0	0	0	0	0	0	0	_F_FLEX_000	_F_EMOTION_002	0	0	0	0	0	0	0	0	0	0	0	0	0	0	0	0	0	0	0	0	0	0	0	0	1.0	1.0	1.0	0	1.00.0000	1.00.0000	1.00.0000	1.00.0000
43	2	1	0	Q_SET5	35	40	0	0	41	2500006	1	0	0	0	0	0	0	0	0	0	0	0	0	0	0	0	0	_F_FLEX_000	_F_TALK_000	0	0	0	0	0	0	0	0	0	0	0	0	0	0	0	0	0	0	0	0	0	0	0	0	1.0	1.0	1.0	0	1.00.0000	1.00.0000	1.00.0000	1.00.0000
44	1	1	0	Q_SEND1	26	30	45	80	2500007	1	0	0	0	0	0	0	0	0	0	0	0	0	0	0	0	0	0	_F_SAD_000	_F_TALK_000	0	0	0	0	0	0	0	0	0	0	0	0	0	0	0	0	0	0	0	0	0	0	0	0	1.0	1.5	1.0	0	1.00.0000	1.00.0000	1.00.0000	1.00.0000
45	1	1	0	Q_SEND1	26	30	46	44	2500008	1	0	0	0	0	0	0	0	0	0	0	0	0	0	0	0	0	0	_F_TALK_000	_F_SAD_000	0	0	0	0	0	0	0	0	0	0	0	0	0	0	0	0	0	0	0	0	0	0	0	0	1.0	1.5	1.0	0	1.00.0000	1.00.0000	1.00.0000	1.00.0000
46	1	1	0	Q_CON1	26	30	47	45	0	0	0	0	0	0	0	0	0	0	0	0	0	0	0	0	0	0	0	_F_FLEX_000	_F_HAPPY_000	0	0	0	0	0	0	0	0	0	0	0	0	0	0	0	0	0	0	0	0	0	0	0	0	1.0	1.5	1.0	0	1.00.0000	1.00.0000	1.00.0000	1.00.0000
47	1	1	0	Q_CON1	26	35	48	46	0	0	0	0	0	0	0	0	0	0	0	0	0	0	0	0	0	0	0	_F_FLEX_000	_F_HAPPY_000	0	0	0	0	0	0	0	0	0	0	0	0	0	0	0	0	0	0	0	0	0	0	0	0	1.0	1.5	1.0	0	1.00.0000	1.00.0000	1.00.0000	1.00.0000
48	1	1	0	Q_CON1	26	35	101	47	0	0	0	0	0	0	0	0	0	0	0	0	0	0	0	0	0	0	0	_F_FLEX_000	_F_HAPPY_000	2401106	3	0	0	0	0	0	0	0	0	0	0	0	0	0	0	0	0	0	0	0	0	0	0	1.0	1.5	1.0	0	1.00.0000	1.00.0000	1.00.0000	1.00.0000
49	2	1	0	Q_SEND5	39	45	0	0	2500009	1	2500017	1	2500068	1	2500010	3	0	0	0	0	0	0	0	0	0	0	0	_F_FLEX_000	_F_HAPPY_000	2208988	1	0	0	0	0	0	0	0	0	0	0	0	0	0	0	0	0	0	0	0	0	0	0	1.0	1.0	1.0	0	1.00.0000	1.00.0000	1.00.0000	1.00.0000
50	2	1	0	Q_CON2	39	45	0	49	180	0	0	0	0	0	0	0	0	0	0	0	359	359	0	0	0	0	0	_F_FLEX_000	_F_EMOTION_007	0	0	0	0	0	0	0	0	0	0	0	0	0	0	0	0	0	0	0	0	0	0	0	0	1.0	1.0	1.0	0	1.00.0000	1.00.0000	1.00.0000	1.00.0000
51	1	2	0	Q_MOVIE_CON4	15	20	0	33	0	0	0	0	0	0	0	0	0	0	0	0	0	0	0	0	0	0	0	_F_FLEX_000	MYRINA_000.wmv	2401106	3	2600342	5	0	0	0	0	0	0	0	0	0	0	0	0	0	0	0	0	0	0	0	0	1.0	1.5	1.0	0	1.00.0000	1.00.0000	1.00.0000	1.00.0000
52	1	2	0	Q_GATHER1	15	20	53	927	2500020	5	0	0	0	0	0	0	0	0	0	0	0	0	0	0	0	0	0			0	0	0	0	0	0	0	0	0	0	0	0	0	0	0	0	0	0	0	0	0	0	0	0	1.0	1.5	1.0	0	1.00.0000	1.00.0000	1.00.0000	1.00.0000
53	1	2	0	Q_CON1	15	20	54	52	0	0	0	0	0	0	0	0	0	0	0	0	0	5	0	0	0	0	0		_F_HAPPY_000	2401006	5	0	0	0	0	0	0	0	0	0	0	0	0	0	0	0	0	0	0	0	0	0	0	1.0	1.5	1.0	0	1.00.0000	1.00.0000	1.00.0000	1.00.0000
54	1	2	0	Q_CON_NEW	15	20	55	53	0	0	24	2500021	5	20	6	0	0	0	0	0	0	0	0	0	0	0	0	_F_FLEX_000	_F_HAPPY_000	0	0	0	0	0	0	0	0	0	0	0	0	0	0	0	0	0	0	0	0	0	0	0	0	1.0	1.5	1.0	0	1.00.0000	1.00.0000	1.00.0000	1.00.0000
55	1	2	0	Q_CON1	15	20	56	54	0	0	0	0	0	0	0	0	0	0	0	0	0	0	0	0	0	0	0	_F_FLEX_000	_F_HAPPY_000	0	0	0	0	0	0	0	0	0	0	0	0	0	0	0	0	0	0	0	0	0	0	0	0	1.0	1.5	1.0	0	1.00.0000	1.00.0000	1.00.0000	1.00.0000
56	1	2	1	Q_CON1	15	20	992	55	0	0	0	0	0	0	0	0	0	0	0	0	14	0	0	0	0	0	0	_F_FLEX_000	_F_FLEX_000	2401206	3	0	0	0	0	0	0	0	0	0	0	0	0	0	0	0	0	0	0	0	0	0	0	1.0	1.5	1.0	0	1.00.0000	1.00.0000	1.00.0000	1.00.0000
57	40	0	0	Q_SET10	10	21	0	56	992	8507	0	0	0	0	0	0	0	0	0	0	0	0	0	0	0	0	0	_F_EMOTION_001	_F_EMOTION_001	0	0	0	0	0	0	0	0	0	0	0	0	0	0	0	0	0	0	0	0	0	0	0	0	0.0	0.0	0.0	0	1.00.0000	1.00.0000	1.00.0000	1.00.0000
58	1	2	0	Q_KILL1	15	20	59	992	29	5	0	0	0	0	0	0	0	0	0	0	0	0	0	0	0	0	0	_F_TALK_000	_F_FLEX_000	0	0	0	0	0	0	0	0	0	0	0	0	0	0	0	0	0	0	0	0	0	0	0	0	1.0	1.5	1.0	0	1.00.0000	1.00.0000	1.00.0000	1.00.0000
59	1	2	0	Q_KILL1	15	20	67	58	28	5	0	0	0	0	0	0	0	0	0	0	0	0	0	0	0	0	0	_F_FLEX_000	_F_TALK_000	0	0	0	0	0	0	0	0	0	0	0	0	0	0	0	0	0	0	0	0	0	0	0	0	1.0	1.5	1.0	0	1.00.0000	1.00.0000	1.00.0000	1.00.0000
60	1	2	0	Q_CON1	15	23	62	67	0	0	0	0	0	0	0	0	0	0	0	0	0	0	0	0	0	0	0	_F_EMOTION_012	_F_TALK_000	0	0	0	0	0	0	0	0	0	0	0	0	0	0	0	0	0	0	0	0	0	0	0	0	1.0	1.5	1.0	0	1.00.0000	1.00.0000	1.00.0000	1.00.0000
62	1	2	0	Q_CON_NEW	15	23	64	60	0	0	3	8765	0	4	8586	0	19	8765	0	0	0	0	0	0	0	0	0	_F_TALK_000	_F_FLEX_000	0	0	0	0	0	0	0	0	0	0	0	0	0	0	0	0	0	0	0	0	0	0	0	0	1.0	1.5	1.0	0	1.00.0000	1.00.0000	1.00.0000	1.00.0000
64	1	2	0	Q_SEND1	15	23	65	62	2500025	1	0	0	0	0	0	0	0	0	0	0	0	0	0	0	0	0	0	_F_DIE_000	_F_TALK_000	2600502	1	2405091	3	0	0	0	0	0	0	0	0	2204624	1	2204625	1	2204626	1	0	0	0	0	0	0	1.0	1.5	1.0	0	1.00.0000	1.00.0000	1.00.0000	1.00.0000
65	1	2	0	Q_CON1	15	23	66	64	0	0	0	0	0	0	0	0	0	0	0	0	0	0	0	0	0	0	0	_F_EMOTION_012	_F_TALK_000	0	0	0	0	0	0	0	0	0	0	0	0	0	0	0	0	0	0	0	0	0	0	0	0	1.0	1.5	1.0	0	1.00.0000	1.00.0000	1.00.0000	1.00.0000
66	1	2	0	Q_CON_NEW	15	23	89	65	0	0	25	2500025	1	20	21	0	0	0	0	0	0	0	0	0	0	0	0	_F_TALK_000	_F_EMOTION_000	2401206	3	2401006	5	0	0	0	0	0	0	0	0	2204824	1	2204825	1	2204826	1	0	0	0	0	0	0	1.0	1.5	1.0	0	1.00.0000	1.00.0000	1.00.0000	1.00.0000
67	1	2	0	Q_SEND1	15	20	60	59	2500018	1	0	0	0	0	0	0	0	0	0	0	0	0	0	0	0	0	0	_F_TALK_000	_F_EMOTION_012	0	0	0	0	0	0	0	0	0	0	0	0	0	0	0	0	0	0	0	0	0	0	0	0	1.0	1.5	1.0	0	1.00.0000	1.00.0000	1.00.0000	1.00.0000
68	1	2	0	Q_CON1	15	25	69	722	0	0	0	0	0	0	0	0	0	0	0	0	0	0	0	0	0	0	0	_F_FLEX_000	_F_FLEX_000	0	0	0	0	0	0	0	0	0	0	0	0	0	0	0	0	0	0	0	0	0	0	0	0	1.0	1.5	1.0	0	1.00.0000	1.00.0000	1.00.0000	1.00.0000
69	1	2	0	Q_ADD_SKILL2	15	25	70	68	0	8508	29	1	0	0	0	0	0	0	0	0	0	0	0	0	0	0	0	_F_TALK_000	_F_FLEX_000	2600502	1	0	0	0	0	0	0	0	0	0	0	0	0	0	0	0	0	0	0	0	0	0	0	1.0	1.5	1.0	0	1.00.0000	1.00.0000	1.00.0000	1.00.0000
70	1	2	0	Q_SEND1	15	25	357	69	2500094	1	0	0	0	0	0	0	0	0	0	13	0	0	0	0	0	0	0	_F_FLEX_000	_F_EMOTION_012	0	0	0	0	0	0	0	0	0	0	0	0	0	0	0	0	0	0	0	0	0	0	0	0	1.0	1.5	1.0	0	1.00.0000	1.00.0000	1.00.0000	1.00.0000
71	1	2	0	Q_GATHER1	23	30	72	357	2500026	10	0	0	0	0	0	0	0	0	0	0	0	0	0	0	0	0	0	_F_TALK_000	_F_HAPPY_000	0	0	0	0	0	0	0	0	0	0	0	0	0	0	0	0	0	0	0	0	0	0	0	0	1.0	1.5	1.0	0	1.00.0000	1.00.0000	1.00.0000	1.00.0000
72	1	2	0	Q_KILL1	24	30	73	71	30	10	0	0	0	0	0	0	0	0	0	0	0	0	0	0	0	0	0	_F_FLEX_000	_F_HAPPY_000	0	0	0	0	0	0	0	0	0	0	0	0	0	0	0	0	0	0	0	0	0	0	0	0	1.0	1.5	1.0	0	1.00.0000	1.00.0000	1.00.0000	1.00.0000
73	1	2	0	Q_CON1	25	30	74	72	0	0	0	0	0	0	0	0	0	0	0	0	25	0	0	0	0	0	0	_F_FLEX_000	_F_FLEX_000	2401206	3	0	0	0	0	0	0	0	0	0	0	0	0	0	0	0	0	0	0	0	0	0	0	1.0	1.5	1.0	0	1.00.0000	1.00.0000	1.00.0000	1.00.0000
74	1	2	0	Q_KILL2	26	30	75	73	34	10	0	0	0	0	0	0	0	0	0	0	0	0	0	0	0	0	0	_F_TALK_000	_F_FLEX_000	0	0	0	0	0	0	0	0	0	0	0	0	0	0	0	0	0	0	0	0	0	0	0	0	1.0	1.5	1.0	0	1.00.0000	1.00.0000	1.00.0000	1.00.0000
75	1	2	0	Q_KILL1	26	30	76	74	844	1	0	0	0	0	0	0	0	0	0	0	0	0	0	0	0	0	0	_F_TALK_000	_F_FLEX_000	0	0	0	0	0	0	0	0	0	0	0	0	0	0	0	0	0	0	0	0	0	0	0	0	1.0	1.5	1.0	0	1.00.0000	1.00.0000	1.00.0000	1.00.0000
76	25	0	0	Q_ENTER_INSTANCE1	15	30	0	75	78	2031	0	0	0	0	0	0	0	0	0	0	0	0	0	0	0	0	0	_F_TALK_000	_F_TALK_000	0	0	0	0	0	0	0	0	0	0	0	0	0	0	0	0	0	0	0	0	0	0	0	0	0.0	0.0	0.0	0	1.00.0000	1.00.0000	1.00.0000	1.00.0000
77	1	147	0	Q_CON1	26	30	78	75	0	0	0	0	0	0	0	0	0	0	0	0	0	0	0	0	0	0	0	_F_HAPPY_000	_F_FLEX_000	0	0	0	0	0	0	0	0	0	0	0	0	0	0	0	0	0	0	0	0	0	0	0	0	1.0	1.5	1.0	0	1.00.0000	1.00.0000	1.00.0000	1.00.0000
78	1	2	0	Q_TELEPORT_NEW	26	30	0	77	0	0	92	4	573	600	3	8792	255	0	0	0	0	25	0	0	0	0	0	_F_FLEX_000	_F_HAPPY_000	2401006	5	0	0	0	0	0	0	0	0	0	0	0	0	0	0	0	0	0	0	0	0	0	0	1.0	1.5	1.0	0	1.00.0000	1.00.0000	1.00.0000	1.00.0000
79	2	3	0	Q_MOVIE_KILL1	34	40	0	126	908	20	0	0	0	0	0	0	0	0	0	0	0	0	0	0	0	0	0	BISMARCK_000.wmv	BISMARCK_000.wmv	0	0	0	0	0	0	0	0	0	0	0	0	0	0	0	0	0	0	0	0	0	0	0	0	1.0	1.0	1.0	0	1.00.0000	1.00.0000	1.00.0000	1.00.0000
80	1	2	0	Q_CON1	26	30	44	78	0	0	0	0	0	0	0	0	0	0	0	0	0	0	0	0	0	0	0	_F_FLEX_000	_F_SAD_000	0	0	0	0	0	0	0	0	0	0	0	0	0	0	0	0	0	0	0	0	0	0	0	0	1.0	1.5	1.0	0	1.00.0000	1.00.0000	1.00.0000	1.00.0000
89	1	2	0	Q_GATHER1	15	23	91	66	2500032	10	0	0	0	0	0	0	0	0	0	0	0	0	0	0	0	0	0	_F_TALK_000	_F_EMOTION_006	0	0	0	0	0	0	0	0	0	0	0	0	0	0	0	0	0	0	0	0	0	0	0	0	1.0	1.5	1.0	0	1.00.0000	1.00.0000	1.00.0000	1.00.0000
91	1	2	1	Q_CHECKBUFF1	15	23	722	89	8509	0	0	0	0	0	0	0	0	0	0	0	0	0	0	0	0	0	0	_F_EMOTION_006	_F_EMOTION_001	0	0	0	0	0	0	0	0	0	0	0	0	0	0	0	0	0	0	0	0	0	0	0	0	1.0	1.5	1.0	0	1.00.0000	1.00.0000	1.00.0000	1.00.0000
92	2	2	0	Q_GATHER1	23	30	0	357	2500034	15	0	0	0	0	0	0	0	0	0	0	0	0	0	0	0	0	0	_F_TALK_000	_F_TALK_000	0	0	0	0	0	0	0	0	0	0	0	0	0	0	0	0	0	0	0	0	0	0	0	0	1.0	1.0	1.0	0	1.00.0000	1.00.0000	1.00.0000	1.00.0000
93	6	2	0	Q_DAY_KILL1	45	45	0	92	507	3	0	0	0	0	0	0	0	0	0	0	0	0	0	0	0	0	0	_F_TALK_000	_F_EMPOWER_000	0	0	0	0	0	0	0	0	0	0	0	0	0	0	0	0	0	0	0	0	0	0	0	0	1.0	0.5	1.0	0	1.00.0000	1.00.0000	1.00.0000	1.00.0000
94	2	2	0	Q_GATHER1	24	30	95	71	2500035	3	0	0	0	0	0	0	0	0	0	0	0	0	0	0	0	0	0	_F_TALK_000	_F_EMOTION_001	0	0	0	0	0	0	0	0	0	0	0	0	0	0	0	0	0	0	0	0	0	0	0	0	1.0	1.0	1.0	0	1.00.0000	1.00.0000	1.00.0000	1.00.0000
95	2	2	0	Q_GATHER1	24	30	0	94	2500036	15	0	0	0	0	0	0	0	0	0	0	0	0	0	0	0	0	0	_F_EMOTION_000	_F_TALK_000	2405091	3	0	0	0	0	0	0	0	0	0	0	0	0	0	0	0	0	0	0	0	0	0	0	1.0	1.0	1.0	0	1.00.0000	1.00.0000	1.00.0000	1.00.0000
99	1	1	0	Q_MOVIE_GATHER_NEW	21	35	108	107	0	0	0	2500016	1	0	0	0	0	0	1	0	743	743	0	0	0	0	0	MYRINA_000.wmv	_F_FLEX_000	0	0	0	0	0	0	0	0	0	0	0	0	0	0	0	0	0	0	0	0	0	0	0	0	1.0	1.5	1.0	0	1.00.0000	1.00.0000	1.00.0000	1.00.0000
100	40	0	0	Q_SET8	20	30	0	73	99	3	81	0	0	0	0	0	0	0	0	743	0	0	0	0	0	0	0	_F_TALK_000	_F_TALK_000	0	0	0	0	0	0	0	0	0	0	0	0	0	0	0	0	0	0	0	0	0	0	0	0	0.0	0.0	0.0	0	1.00.0000	1.00.0000	1.00.0000	1.00.0000
101	1	1	0	Q_CON1	27	35	102	48	0	0	0	0	0	0	0	0	0	0	0	0	0	0	0	0	0	0	0	_F_SAD_000	_F_FLEX_000	0	0	0	0	0	0	0	0	0	0	0	0	0	0	0	0	0	0	0	0	0	0	0	0	1.0	1.5	1.0	0	1.00.0000	1.00.0000	1.00.0000	1.00.0000
102	1	1	0	Q_CON1	27	35	103	101	0	0	0	0	0	0	0	0	0	0	0	0	0	0	0	0	0	0	0	_F_FLEX_000	_F_TALK_000	0	0	0	0	0	0	0	0	0	0	0	0	0	0	0	0	0	0	0	0	0	0	0	0	1.0	1.5	1.0	0	1.00.0000	1.00.0000	1.00.0000	1.00.0000
103	1	1	0	Q_CON1	27	35	0	102	0	0	0	0	0	0	0	0	0	0	0	0	0	0	0	0	0	0	0	_F_HAPPY_000	_F_FLEX_000	0	0	0	0	0	0	0	0	0	0	0	0	0	0	0	0	0	0	0	0	0	0	0	0	1.0	1.5	1.0	0	1.00.0000	1.00.0000	1.00.0000	1.00.0000
104	1	1	0	Q_INTERFLOW3	30	35	105	885	889	0	0	0	0	0	0	0	0	0	0	0	0	0	0	0	0	0	0	_F_TALK_000	_F_FLEX_000	0	0	0	0	0	0	0	0	0	0	0	0	0	0	0	0	0	0	0	0	0	0	0	0	1.0	1.5	1.0	0	1.00.0000	1.00.0000	1.00.0000	1.00.0000
105	1	1	0	Q_CON1	30	35	106	104	0	0	0	0	0	0	0	0	0	0	0	0	0	0	0	0	0	0	0	_F_FLEX_000	_F_HAPPY_000	2600503	1	0	0	0	0	0	0	0	0	0	0	2204827	1	2204828	1	2204829	1	0	0	0	0	0	0	1.0	1.5	1.0	0	1.00.0000	1.00.0000	1.00.0000	1.00.0000
106	1	1	0	Q_CON1	30	33	0	105	0	0	0	0	0	0	0	0	0	0	0	0	0	0	0	0	0	0	0	_F_TALK_000	_F_FLEX_000	0	0	0	0	0	0	0	0	0	0	0	0	0	0	0	0	0	0	0	0	0	0	0	0	1.0	1.5	1.0	0	1.00.0000	1.00.0000	1.00.0000	1.00.0000
107	1	1	0	Q_MOVIE_CON3	30	33	99	106	0	0	0	0	0	0	0	0	0	0	0	0	0	0	0	0	0	0	0	_F_FLEX_000	MYRINA_000.wmv	0	0	0	0	0	0	0	0	0	0	0	0	0	0	0	0	0	0	0	0	0	0	0	0	1.0	1.5	1.0	0	1.00.0000	1.00.0000	1.00.0000	1.00.0000
108	1	1	0	Q_CON_NEW	30	33	109	99	0	0	0	0	0	0	0	0	0	0	0	0	0	0	0	0	0	0	0	_F_TALK_000	_F_HAPPY_000	2401007	5	2405092	3	0	0	0	0	0	0	0	0	0	0	0	0	0	0	0	0	0	0	0	0	1.0	1.5	1.0	0	1.00.0000	1.00.0000	1.00.0000	1.00.0000
109	1	1	0	Q_CON1	30	33	110	108	0	0	0	0	0	0	0	0	183	0	0	183	0	0	0	0	0	0	0	_F_FLEX_000	_F_EMOTION_009	2600503	1	0	0	0	0	0	0	0	0	0	0	0	0	0	0	0	0	0	0	0	0	0	0	1.0	1.5	1.0	0	1.00.0000	1.00.0000	1.00.0000	1.00.0000
110	1	1	0	Q_CON1	30	33	739	109	0	0	0	0	0	0	0	0	0	0	0	0	0	0	0	0	0	0	0	_F_EMOTION_009	_F_EMOTION_006	0	0	0	0	0	0	0	0	0	0	0	0	0	0	0	0	0	0	0	0	0	0	0	0	1.0	1.5	1.0	0	1.00.0000	1.00.0000	1.00.0000	1.00.0000
111	1	1	0	Q_CON_NEW	31	33	0	739	0	0	9	17	11	2	998	1	0	0	0	0	0	0	0	0	0	0	360	_F_FLEX_000	_F_HAPPY_000	2600052	3	2600341	5	0	0	0	0	0	0	0	0	0	0	0	0	0	0	0	0	0	0	0	0	1.0	1.5	1.0	0	1.00.0000	1.00.0000	1.00.0000	1.00.0000
112	2	1	0	Q_GATHER1	29	25	113	0	2500011	1	0	0	0	0	0	0	0	0	0	0	0	0	0	0	0	0	0	_F_TALK_000	_F_EMOTION_000	0	0	0	0	0	0	0	0	0	0	0	0	0	0	0	0	0	0	0	0	0	0	0	0	1.0	1.0	1.0	0	1.00.0000	1.00.0000	1.00.0000	1.00.0000
113	2	1	0	Q_SEND1	29	25	0	112	2500012	1	0	0	0	0	0	0	0	0	0	0	0	0	0	0	0	0	0	_F_TALK_000	_F_FLEX_000	0	0	0	0	0	0	0	0	0	0	0	0	0	0	0	0	0	0	0	0	0	0	0	0	1.0	1.0	1.0	0	1.00.0000	1.00.0000	1.00.0000	1.00.0000
114	2	1	0	Q_CON1	29	25	115	113	0	0	0	0	0	0	0	0	0	0	0	0	0	0	0	0	0	0	0	_F_EMOTION_005	_F_HAPPY_000	0	0	0	0	0	0	0	0	0	0	0	0	0	0	0	0	0	0	0	0	0	0	0	0	1.0	1.0	1.0	0	1.00.0000	1.00.0000	1.00.0000	1.00.0000
115	25	0	0	Q_ENTER_INSTANCE1	29	25	0	114	117	2057	0	0	0	0	0	0	0	0	0	0	0	0	0	0	0	0	0	_F_FLEX_000	_F_FLEX_000	0	0	0	0	0	0	0	0	0	0	0	0	0	0	0	0	0	0	0	0	0	0	0	0	0.0	0.0	0.0	0	1.00.0000	1.00.0000	1.00.0000	1.00.0000
116	2	1	0	Q_KILL1	29	25	117	114	565	3	0	0	0	0	0	0	0	0	0	0	561	0	0	0	0	0	0	_F_FLEX_000	_F_EMOTION_007	0	0	0	0	0	0	0	0	0	0	0	0	0	0	0	0	0	0	0	0	0	0	0	0	1.0	1.0	1.0	0	1.00.0000	1.00.0000	1.00.0000	1.00.0000
117	2	1	0	Q_INSTANCE_GATHER1	29	25	0	116	115	2500013	1	114	0	0	0	0	0	0	0	561	562	8	182	0	0	0	0	_F_EMOTION_007	_F_EMPOWER_000	2405093	3	0	0	0	0	0	0	0	0	0	0	0	0	0	0	0	0	0	0	0	0	0	0	1.0	1.0	1.0	0	1.00.0000	1.00.0000	1.00.0000	1.00.0000
118	2	1	1	Q_SET2	29	25	0	117	119	120	0	0	0	0	0	0	0	0	0	0	0	182	0	0	0	0	0	_F_EMOTION_005	_F_EMOTION_005	2208988	1	0	0	0	0	0	0	0	0	0	0	0	0	0	0	0	0	0	0	0	0	0	0	1.0	1.0	1.0	0	1.00.0000	1.00.0000	1.00.0000	1.00.0000
119	2	1	0	Q_SET5	29	25	0	117	118	2500014	1	0	0	0	0	0	0	0	0	0	0	0	0	0	0	0	0	_F_EMOTION_009	_F_EMOTION_002	0	0	0	0	0	0	0	0	0	0	0	0	0	0	0	0	0	0	0	0	0	0	0	0	1.0	1.0	1.0	0	1.00.0000	1.00.0000	1.00.0000	1.00.0000
120	2	1	0	Q_SET5	29	25	0	117	118	2500015	1	0	0	0	0	0	0	0	0	0	0	0	0	0	0	0	0	_F_TALK_000	_F_EMOTION_000	0	0	0	0	0	0	0	0	0	0	0	0	0	0	0	0	0	0	0	0	0	0	0	0	1.0	1.0	1.0	0	1.00.0000	1.00.0000	1.00.0000	1.00.0000
121	1	3	0	Q_CON1	32	35	0	919	0	0	0	0	0	0	0	0	0	0	0	0	0	0	0	0	0	0	0	_F_FLEX_000	_F_HAPPY_000	0	0	0	0	0	0	0	0	0	0	0	0	0	0	0	0	0	0	0	0	0	0	0	0	1.0	1.5	1.0	0	1.00.0000	1.00.0000	1.00.0000	1.00.0000
122	1	3	0	Q_KILL1	32	40	123	121	55	20	0	0	0	0	0	0	0	0	0	0	0	0	0	0	0	0	0	_F_EMOTION_003	_F_EMOTION_005	2600501	1	2401007	5	0	0	0	0	0	0	0	0	0	0	0	0	0	0	0	0	0	0	0	0	1.0	1.5	1.0	0	1.00.0000	1.00.0000	1.00.0000	1.00.0000
123	1	3	0	Q_CON1	33	40	124	122	0	0	0	0	0	0	0	0	0	0	0	0	44	0	0	0	45	0	0	_F_EMOTION_005	_F_SAD_000	0	0	0	0	0	0	0	0	0	0	0	0	0	0	0	0	0	0	0	0	0	0	0	0	1.0	1.5	1.0	0	1.00.0000	1.00.0000	1.00.0000	1.00.0000
124	1	3	0	Q_CON1	33	40	125	123	0	0	0	0	0	0	0	0	0	0	0	0	0	45	0	0	0	0	0	_F_SAD_000	_F_FLEX_000	0	0	0	0	0	0	0	0	0	0	0	0	0	0	0	0	0	0	0	0	0	0	0	0	1.0	1.5	1.0	0	1.00.0000	1.00.0000	1.00.0000	1.00.0000
125	1	3	0	Q_GATHER1	33	40	126	124	2500040	10	0	0	0	0	0	0	0	0	0	0	0	0	0	0	0	0	0	_F_FLEX_000	_F_HAPPY_000	0	0	0	0	0	0	0	0	0	0	0	0	0	0	0	0	0	0	0	0	0	0	0	0	1.0	1.5	1.0	0	1.00.0000	1.00.0000	1.00.0000	1.00.0000
126	1	3	0	Q_GATHER1	33	40	127	125	2500041	20	0	0	0	0	0	0	0	0	0	0	0	0	0	0	0	0	0	_F_FLEX_000	_F_HAPPY_000	2401206	3	0	0	0	0	0	0	0	0	0	0	0	0	0	0	0	0	0	0	0	0	0	0	1.0	1.5	1.0	0	1.00.0000	1.00.0000	1.00.0000	1.00.0000
127	1	3	0	Q_KILL1	34	43	128	126	57	20	0	0	0	0	0	0	0	0	0	0	0	0	0	0	0	0	0	_F_TALK_000	_F_EMOTION_006	0	0	0	0	0	0	0	0	0	0	0	0	0	0	0	0	0	0	0	0	0	0	0	0	1.0	1.5	1.0	0	1.00.0000	1.00.0000	1.00.0000	1.00.0000
128	1	3	0	Q_GATHER1	34	45	129	127	2500042	10	0	0	0	0	0	0	0	0	0	0	0	0	0	0	0	0	0	_F_EMOTION_006	_F_EMOTION_006	0	0	0	0	0	0	0	0	0	0	0	0	0	0	0	0	0	0	0	0	0	0	0	0	1.0	1.5	1.0	0	1.00.0000	1.00.0000	1.00.0000	1.00.0000
129	1	3	0	Q_KILL1	34	45	130	128	509	6	0	0	0	0	0	0	0	0	0	0	0	0	0	0	0	0	0	_F_EMOTION_006	_F_TALK_000	0	0	0	0	0	0	0	0	0	0	0	0	0	0	0	0	0	0	0	0	0	0	0	0	1.0	1.5	1.0	0	1.00.0000	1.00.0000	1.00.0000	1.00.0000
130	1	3	0	Q_CON_NEW	36	50	132	129	0	0	24	2500043	20	20	27	0	0	0	0	0	0	0	0	0	0	0	0	_F_TALK_000	_F_SAD_000	0	0	0	0	0	0	0	0	0	0	0	0	0	0	0	0	0	0	0	0	0	0	0	0	1.0	1.5	1.0	0	1.00.0000	1.00.0000	1.00.0000	1.00.0000
131	2	3	0	Q_GATHER1	36	50	0	130	2500044	1	0	0	0	0	0	0	0	0	0	0	0	0	0	0	0	0	0	_F_SAD_000	_F_FLEX_000	2600501	1	2600342	5	2205628	1	0	0	0	0	0	0	0	0	0	0	0	0	0	0	0	0	0	0	1.0	1.0	1.0	0	1.00.0000	1.00.0000	1.00.0000	1.00.0000
132	1	3	0	Q_CON_NEW	37	50	0	130	0	0	21	11	0	0	0	0	0	0	0	0	0	0	0	0	0	0	0	_F_FLEX_000	_F_HAPPY_000	2401023	1	0	0	0	0	0	0	0	0	0	0	2205222	1	2205223	1	2205224	1	0	0	0	0	0	0	1.0	1.5	1.0	0	1.00.0000	1.00.0000	1.00.0000	1.00.0000
134	1	3	0	Q_MOVIE_CON2	38	43	135	1502	0	0	0	0	0	0	0	0	0	0	0	0	0	0	0	0	0	0	0	ROSE_000.wmv	_F_HAPPY_000	0	0	0	0	0	0	0	0	0	0	0	0	0	0	0	0	0	0	0	0	0	0	0	0	1.0	1.5	1.0	0	1.00.0000	1.00.0000	1.00.0000	1.00.0000
135	1	3	0	Q_GATHER1	38	43	136	134	2500045	25	0	0	0	0	0	0	0	0	0	0	0	0	0	0	0	0	0	_F_TALK_000	_F_FLEX_000	0	0	0	0	0	0	0	0	0	0	0	0	0	0	0	0	0	0	0	0	0	0	0	0	1.0	1.5	1.0	0	1.00.0000	1.00.0000	1.00.0000	1.00.0000
136	1	3	0	Q_SEND5	38	43	137	135	2500065	1	2500126	1	2500127	1	2500039	3	0	0	0	0	0	0	0	0	0	0	0	_F_SAD_000	_F_FLEX_000	0	0	0	0	0	0	0	0	0	0	0	0	0	0	0	0	0	0	0	0	0	0	0	0	1.0	1.5	1.0	0	1.00.0000	1.00.0000	1.00.0000	1.00.0000
137	1	3	0	Q_GATHER1	39	43	853	136	2500048	3	0	0	0	0	0	0	0	0	0	0	52	0	0	0	0	0	0	_F_FLEX_000	_F_FLEX_000	2401007	5	2401206	3	0	0	0	0	0	0	0	0	0	0	0	0	0	0	0	0	0	0	0	0	1.0	1.5	1.0	0	1.00.0000	1.00.0000	1.00.0000	1.00.0000
138	3	3	0	Q_CON1	40	40	139	145	0	0	0	0	0	0	0	0	0	0	0	51	1026	0	0	0	0	0	0	_F_TALK_000	_F_HAPPY_000	0	0	0	0	0	0	0	0	0	0	0	0	0	0	0	0	0	0	0	0	0	0	0	0	1.0	2.0	1.0	0	1.00.0000	1.00.0000	1.00.0000	1.00.0000
139	3	112	1	Q_SET1	40	40	141	138	140	0	0	0	0	0	0	0	0	0	0	1026	1027	0	0	0	0	0	0	_F_SAD_000	_F_FLEX_000	0	0	0	0	0	0	0	0	0	0	0	0	0	0	0	0	0	0	0	0	0	0	0	0	1.0	2.0	1.0	0	1.00.0000	1.00.0000	1.00.0000	1.00.0000
140	3	112	0	Q_SET6	40	40	0	138	139	2500067	1	0	0	0	0	0	0	0	0	0	0	0	0	0	0	0	0	_F_TALK_000	_F_TALK_000	0	0	0	0	0	0	0	0	0	0	0	0	0	0	0	0	0	0	0	0	0	0	0	0	1.0	2.0	1.0	0	1.00.0000	1.00.0000	1.00.0000	1.00.0000
141	3	112	1	Q_SET1	40	40	143	139	142	0	0	0	0	0	0	0	0	0	0	0	0	0	0	0	0	0	0	_F_SAD_000	_F_HAPPY_000	0	0	0	0	0	0	0	0	0	0	0	0	0	0	0	0	0	0	0	0	0	0	0	0	1.0	2.0	1.0	0	1.00.0000	1.00.0000	1.00.0000	1.00.0000
142	3	112	0	Q_SET6	40	40	0	139	141	2500066	1	0	0	0	0	0	0	0	0	0	0	0	1028	0	0	0	0	_F_TALK_000	_F_TALK_000	0	0	0	0	0	0	0	0	0	0	0	0	0	0	0	0	0	0	0	0	0	0	0	0	1.0	2.0	1.0	0	1.00.0000	1.00.0000	1.00.0000	1.00.0000
143	3	112	1	Q_GUARD	40	40	0	141	600	0	1028	0	0	0	0	0	0	0	0	0	0	1028	1029	0	0	0	0	_F_HAPPY_000	_F_FLEX_000	0	0	0	0	0	0	0	0	0	0	0	0	0	0	0	0	0	0	0	0	0	0	0	0	1.0	2.0	1.0	0	1.00.0000	1.00.0000	1.00.0000	1.00.0000
144	3	112	0	Q_GATHER1	40	40	0	143	2500050	1	0	0	0	0	0	0	0	0	0	1027	0	1029	51	0	0	0	0	_F_FLEX_000	_F_FLEX_000	0	0	0	0	0	0	0	0	0	0	0	0	0	0	0	0	0	0	0	0	0	0	0	0	1.0	2.0	1.0	0	1.00.0000	1.00.0000	1.00.0000	1.00.0000
145	1	3	0	Q_CON1	40	42	146	853	0	0	0	0	0	0	0	0	0	0	0	52	53	0	0	0	0	0	0	_F_FLEX_000	_F_HAPPY_000	2401007	5	0	0	0	0	0	0	0	0	0	0	0	0	0	0	0	0	0	0	0	0	0	0	1.0	1.5	1.0	0	1.00.0000	1.00.0000	1.00.0000	1.00.0000
146	1	3	0	Q_CON1	40	42	147	145	0	0	0	0	0	0	0	0	0	0	0	0	0	0	0	0	0	0	0	_F_FLEX_000	_F_HAPPY_000	2600501	1	0	0	0	0	0	0	0	0	0	0	0	0	0	0	0	0	0	0	0	0	0	0	1.0	1.5	1.0	0	1.00.0000	1.00.0000	1.00.0000	1.00.0000
147	1	3	0	Q_KILL1	40	43	148	146	511	3	0	0	0	0	0	0	0	0	0	0	0	0	0	0	0	0	0	_F_SAD_000	_F_FLEX_000	0	0	0	0	0	0	0	0	0	0	0	0	0	0	0	0	0	0	0	0	0	0	0	0	1.0	1.5	1.0	0	1.00.0000	1.00.0000	1.00.0000	1.00.0000
148	1	3	0	Q_KILL1	40	43	149	147	62	20	0	0	0	0	0	0	0	0	0	0	0	0	0	0	0	0	0	_F_FLEX_000	_F_FLEX_000	0	0	0	0	0	0	0	0	0	0	0	0	0	0	0	0	0	0	0	0	0	0	0	0	1.0	1.5	1.0	0	1.00.0000	1.00.0000	1.00.0000	1.00.0000
149	1	3	0	Q_GATHER1	40	44	150	148	2500049	3	0	0	0	0	0	0	0	0	0	0	0	0	0	0	0	0	0	_F_TALK_000	_F_FLEX_000	2401106	3	0	0	0	0	0	0	0	0	0	0	0	0	0	0	0	0	0	0	0	0	0	0	1.0	1.5	1.0	0	1.00.0000	1.00.0000	1.00.0000	1.00.0000
150	1	3	0	Q_CON2	40	44	151	149	180	0	0	0	0	0	0	0	0	0	0	0	0	0	0	0	0	0	0	_F_TALK_000	_F_EMOTION_001	0	0	0	0	0	0	0	0	0	0	0	0	0	0	0	0	0	0	0	0	0	0	0	0	1.0	1.5	1.0	0	1.00.0000	1.00.0000	1.00.0000	1.00.0000
151	1	3	0	Q_GATHER1	40	45	152	150	2500051	20	0	0	0	0	0	0	0	0	0	0	0	0	0	0	0	0	0	_F_EMOTION_001	_F_EMOTION_008	0	0	0	0	0	0	0	0	0	0	0	0	0	0	0	0	0	0	0	0	0	0	0	0	1.0	1.5	1.0	0	1.00.0000	1.00.0000	1.00.0000	1.00.0000
152	1	3	0	Q_GATHER1	40	45	153	151	2500211	1	0	0	0	0	0	0	0	0	0	0	0	0	0	0	0	0	0	_F_EMOTION_008	_F_FLEX_000	0	0	0	0	0	0	0	0	0	0	0	0	2205422	1	2205423	1	2205424	1	0	0	0	0	0	0	1.0	1.5	1.0	0	1.00.0000	1.00.0000	1.00.0000	1.00.0000
153	1	3	0	Q_CON1	40	45	0	152	0	0	0	0	0	0	0	0	0	0	0	0	0	0	0	0	0	0	0	_F_FLEX_000	_F_EMPOWER_000	2401015	1	2401007	5	0	0	0	0	0	0	0	0	0	0	0	0	0	0	0	0	0	0	0	0	1.0	1.5	1.0	0	1.00.0000	1.00.0000	1.00.0000	1.00.0000
154	1	3	0	Q_MOVIE_CON2	45	45	155	153	0	0	0	0	0	0	0	0	0	0	0	0	0	0	0	0	0	0	0	ROSE_000.wmv	_F_SAD_000	2405093	3	0	0	0	0	0	0	0	0	0	0	2204830	1	2204831	1	2204832	1	0	0	0	0	0	0	1.0	1.5	1.0	0	1.00.0000	1.00.0000	1.00.0000	1.00.0000
155	1	1	0	Q_CON1	45	45	470	154	0	0	0	0	0	0	0	0	0	0	0	0	0	0	73	0	0	0	0	_F_SAD_000	_F_FLEX_000	0	0	0	0	0	0	0	0	0	0	0	0	0	0	0	0	0	0	0	0	0	0	0	0	1.0	1.5	1.0	0	1.00.0000	1.00.0000	1.00.0000	1.00.0000
156	1	126	0	Q_INSTANCE_KILL1	31	33	0	910	159	0	786	6	0	17	0	0	0	0	0	0	0	0	0	0	0	0	0	_F_HAPPY_000	_F_FLEX_000	0	0	0	0	0	0	0	0	0	0	0	0	0	0	0	0	0	0	0	0	0	0	0	0	1.0	1.5	1.0	0	1.00.0000	1.00.0000	1.00.0000	1.00.0000
157	2	2	0	Q_KILL1	20	26	323	71	30	15	0	0	0	0	0	0	0	0	0	0	0	0	0	0	0	0	0	_F_EMOTION_014	_F_EMOTION_009	0	0	0	0	0	0	0	0	0	0	0	0	0	0	0	0	0	0	0	0	0	0	0	0	1.0	1.0	1.0	0	1.00.0000	1.00.0000	1.00.0000	1.00.0000
158	2	3	0	Q_GATHER1	32	40	0	121	2500052	15	0	0	0	0	0	0	0	0	0	0	0	0	0	0	0	0	0	_F_EMOTION_003	_F_EMOTION_006	0	0	0	0	0	0	0	0	0	0	0	0	0	0	0	0	0	0	0	0	0	0	0	0	1.0	1.0	1.0	0	1.00.0000	1.00.0000	1.00.0000	1.00.0000
159	25	0	0	Q_ENTER_INSTANCE1	20	31	0	910	156	2050	0	0	0	0	0	0	0	0	0	0	0	0	0	0	0	0	0	_F_TALK_000	_F_TALK_000	0	0	0	0	0	0	0	0	0	0	0	0	0	0	0	0	0	0	0	0	0	0	0	0	0.0	0.0	0.0	0	1.00.0000	1.00.0000	1.00.0000	1.00.0000
160	2	3	0	Q_MOVIE_GATHER1	34	40	0	122	2500053	20	0	0	0	0	0	0	0	0	0	0	0	0	0	0	0	0	0	ROSE_000.wmv	ROSE_000.wmv	0	0	0	0	0	0	0	0	0	0	0	0	0	0	0	0	0	0	0	0	0	0	0	0	1.0	1.0	1.0	0	1.00.0000	1.00.0000	1.00.0000	1.00.0000
161	2	3	0	Q_GATHER1	37	45	162	128	2500054	25	0	0	0	0	0	0	0	0	0	0	0	0	0	0	0	0	0	_F_EMOTION_006	_F_SAD_000	0	0	0	0	0	0	0	0	0	0	0	0	0	0	0	0	0	0	0	0	0	0	0	0	1.0	1.0	1.0	0	1.00.0000	1.00.0000	1.00.0000	1.00.0000
162	2	3	0	Q_GATHER1	37	45	0	161	2500055	3	0	0	0	0	0	0	0	0	0	0	0	0	0	0	0	0	0	_F_SAD_000	_F_EMOTION_000	2405092	3	0	0	0	0	0	0	0	0	0	0	0	0	0	0	0	0	0	0	0	0	0	0	1.0	1.0	1.0	0	1.00.0000	1.00.0000	1.00.0000	1.00.0000
163	2	3	0	Q_CON1	33	45	164	128	0	0	0	0	0	0	0	0	0	0	0	0	49	0	0	0	0	0	0	_F_EMOTION_012	_F_HAPPY_000	0	0	0	0	0	0	0	0	0	0	0	0	0	0	0	0	0	0	0	0	0	0	0	0	1.0	1.0	1.0	0	1.00.0000	1.00.0000	1.00.0000	1.00.0000
164	2	3	0	Q_GATHER1	33	45	0	163	2500056	5	0	0	0	0	0	0	0	0	0	0	0	0	0	0	0	0	0	_F_FLEX_000	_F_HAPPY_000	0	0	0	0	0	0	0	0	0	0	0	0	0	0	0	0	0	0	0	0	0	0	0	0	1.0	1.0	1.0	0	1.00.0000	1.00.0000	1.00.0000	1.00.0000
165	2	3	0	Q_GATHER1	34	45	0	164	2500057	25	0	0	0	0	0	0	0	0	0	0	0	0	0	0	0	0	0	_F_FLEX_000	_F_HAPPY_000	0	0	0	0	0	0	0	0	0	0	0	0	0	0	0	0	0	0	0	0	0	0	0	0	1.0	1.0	1.0	0	1.00.0000	1.00.0000	1.00.0000	1.00.0000
166	2	3	0	Q_KILL1	34	45	0	165	512	1	0	0	0	0	0	0	0	0	0	0	49	49	0	0	0	0	0	_F_EMOTION_015	_F_EMOTION_007	2208987	1	0	0	0	0	0	0	0	0	0	0	0	0	0	0	0	0	0	0	0	0	0	0	1.0	1.0	1.0	0	1.00.0000	1.00.0000	1.00.0000	1.00.0000
167	2	3	0	Q_MOVIE_CON1	39	43	0	134	0	0	0	0	0	0	0	0	0	0	0	0	0	0	0	0	0	0	0	ROSE_000.wmv	ROSE_000.wmv	0	0	0	0	0	0	0	0	0	0	0	0	0	0	0	0	0	0	0	0	0	0	0	0	1.0	1.0	1.0	0	1.00.0000	1.00.0000	1.00.0000	1.00.0000
168	2	3	0	Q_MOVIE_GATHER1	36	45	0	160	2500058	3	0	0	0	0	0	0	0	0	0	0	0	0	0	0	0	0	0	ROSE_000.wmv	ROSE_000.wmv	0	0	0	0	0	0	0	0	0	0	0	0	0	0	0	0	0	0	0	0	0	0	0	0	1.0	1.0	1.0	0	1.00.0000	1.00.0000	1.00.0000	1.00.0000
169	2	3	0	Q_MOVIE_KILL1	38	43	0	0	515	1	0	0	0	0	0	0	0	0	0	0	515	0	0	0	0	0	0	MYRINA_000.wmv	MYRINA_000.wmv	2600002	1	0	0	0	0	0	0	0	0	0	0	0	0	0	0	0	0	0	0	0	0	0	0	1.0	1.0	1.0	0	1.00.0000	1.00.0000	1.00.0000	1.00.0000
170	2	3	1	Q_MOVIE_SET2	38	43	0	0	171	172	0	0	0	0	0	0	0	0	0	0	0	46	0	0	0	0	0	JOSEPH_000.wmv	JOSEPH_000.wmv	2401106	3	0	0	0	0	0	0	0	0	0	0	0	0	0	0	0	0	0	0	0	0	0	0	1.0	1.0	1.0	0	1.00.0000	1.00.0000	1.00.0000	1.00.0000
171	2	3	0	Q_SET4	38	43	0	0	170	0	0	0	0	0	0	0	0	0	0	0	0	0	0	0	0	0	0	_F_EMOTION_008	_F_EMOTION_001	0	0	0	0	0	0	0	0	0	0	0	0	0	0	0	0	0	0	0	0	0	0	0	0	1.0	1.0	1.0	0	1.00.0000	1.00.0000	1.00.0000	1.00.0000
172	2	3	0	Q_SET6	38	43	0	0	170	2500059	5	0	0	0	0	0	0	0	0	0	0	0	0	0	0	0	0	_F_EMOTION_001	_F_EMOTION_008	0	0	0	0	0	0	0	0	0	0	0	0	0	0	0	0	0	0	0	0	0	0	0	0	1.0	1.0	1.0	0	1.00.0000	1.00.0000	1.00.0000	1.00.0000
173	2	3	0	Q_MOVIE_KILL1	38	43	0	1052	61	25	0	0	0	0	0	0	0	0	0	0	0	0	0	0	0	0	0	BISMARCK_000.wmv	BISMARCK_000.wmv	0	0	0	0	0	0	0	0	0	0	0	0	0	0	0	0	0	0	0	0	0	0	0	0	1.0	1.0	1.0	0	1.00.0000	1.00.0000	1.00.0000	1.00.0000
174	2	3	0	Q_GATHER1	41	41	175	152	2500060	3	0	0	0	0	0	0	0	0	0	0	0	0	0	0	0	0	0	_F_TALK_000	_F_HAPPY_000	0	0	0	0	0	0	0	0	0	0	0	0	0	0	0	0	0	0	0	0	0	0	0	0	1.0	1.0	1.0	0	1.00.0000	1.00.0000	1.00.0000	1.00.0000
175	2	3	0	Q_GATHER1	41	41	176	174	2500061	20	0	0	0	0	0	0	0	0	0	0	0	0	0	0	0	0	0	_F_TALK_000	_F_FLEX_000	0	0	0	0	0	0	0	0	0	0	0	0	0	0	0	0	0	0	0	0	0	0	0	0	1.0	1.0	1.0	0	1.00.0000	1.00.0000	1.00.0000	1.00.0000
176	2	3	0	Q_GATHER1	41	41	0	175	2500062	1	0	0	0	0	0	0	0	0	0	0	0	0	0	0	0	0	0	_F_FLEX_000	_F_FLEX_000	2401206	3	0	0	0	0	0	0	0	0	0	0	0	0	0	0	0	0	0	0	0	0	0	0	1.0	1.0	1.0	0	1.00.0000	1.00.0000	1.00.0000	1.00.0000
177	6	3	0	Q_DAY_MOVIE_KILL1	45	45	0	0	194	1	0	140	0	0	0	0	0	0	0	0	194	0	0	0	0	0	0	MYRINA_000.wmv	MYRINA_000.wmv	2600002	1	2405093	3	0	0	0	0	0	0	0	0	0	0	0	0	0	0	0	0	0	0	0	0	1.0	0.5	1.0	0	1.00.0000	1.00.0000	1.00.0000	1.00.0000
178	2	3	0	Q_GATHER1	44	45	179	151	2500063	20	0	0	0	0	0	0	0	0	0	0	0	0	0	0	0	0	0	_F_EMOTION_006	_F_EMOTION_001	0	0	0	0	0	0	0	0	0	0	0	0	0	0	0	0	0	0	0	0	0	0	0	0	1.0	1.0	1.0	0	1.00.0000	1.00.0000	1.00.0000	1.00.0000
179	2	3	0	Q_GATHER1	44	45	180	178	2500064	1	0	0	0	0	0	0	0	0	0	0	0	0	0	0	0	0	0	_F_EMOTION_006	_F_EMOTION_001	2205028	1	0	0	0	0	0	0	0	0	0	0	0	0	0	0	0	0	0	0	0	0	0	0	1.0	1.0	1.0	0	1.00.0000	1.00.0000	1.00.0000	1.00.0000
180	2	3	0	Q_CON1	44	45	0	179	0	0	0	0	0	0	0	0	0	0	0	0	0	0	0	0	0	0	0	_F_EMOTION_006	_F_EMOTION_001	2208988	1	0	0	0	0	0	0	0	0	0	0	0	0	0	0	0	0	0	0	0	0	0	0	1.0	1.0	1.0	0	1.00.0000	1.00.0000	1.00.0000	1.00.0000
181	2	3	0	Q_MOVIE_CON1	44	45	0	167	0	0	0	0	0	0	0	0	0	0	0	0	0	0	0	0	0	0	0	ROSE_000.wmv	ROSE_000.wmv	0	0	0	0	0	0	0	0	0	0	0	0	0	0	0	0	0	0	0	0	0	0	0	0	1.0	1.0	1.0	0	1.00.0000	1.00.0000	1.00.0000	1.00.0000
182	2	3	0	Q_KILL1	44	45	0	129	514	1	0	0	0	0	0	0	0	0	0	0	0	0	0	0	0	0	0	_F_TALK_000	_F_EMOTION_009	0	0	0	0	0	0	0	0	0	0	0	0	0	0	0	0	0	0	0	0	0	0	0	0	1.0	1.0	1.0	0	1.00.0000	1.00.0000	1.00.0000	1.00.0000
183	1	4	0	Q_CON1	45	46	184	470	0	0	0	0	0	0	0	0	0	0	0	0	0	0	0	0	0	0	0	_F_FLEX_000	_F_TALK_000	0	0	0	0	0	0	0	0	0	0	0	0	0	0	0	0	0	0	0	0	0	0	0	0	1.0	1.5	1.0	0	1.00.0000	1.00.0000	1.00.0000	1.00.0000
184	1	4	0	Q_CON1	45	46	0	183	0	0	0	0	0	0	0	0	0	0	0	0	0	0	0	0	0	0	0	_F_TALK_000	_F_FLEX_000	0	0	0	0	0	0	0	0	0	0	0	0	0	0	0	0	0	0	0	0	0	0	0	0	1.0	1.5	1.0	0	1.00.0000	1.00.0000	1.00.0000	1.00.0000
185	1	4	0	Q_GATHER10	45	47	186	184	3126	2500071	1	2500070	15	0	0	0	0	0	0	0	0	0	0	0	0	0	0	_F_FLEX_000	_F_HAPPY_000	2600502	1	0	0	0	0	0	0	0	0	0	0	0	0	0	0	0	0	0	0	0	0	0	0	1.0	1.5	1.0	0	1.00.0000	1.00.0000	1.00.0000	1.00.0000
186	1	4	1	Q_SET2	45	47	859	185	187	188	0	0	0	0	0	0	0	0	0	0	0	0	0	0	0	0	0	_F_HAPPY_000	_F_FLEX_000	0	0	0	0	0	0	0	0	0	0	0	0	0	0	0	0	0	0	0	0	0	0	0	0	1.0	1.5	1.0	0	1.00.0000	1.00.0000	1.00.0000	1.00.0000
187	1	4	0	Q_SET4	45	48	0	185	186	0	0	0	0	0	0	0	0	0	0	0	0	0	0	0	0	0	0	_F_HAPPY_000	_F_TALK_000	0	0	0	0	0	0	0	0	0	0	0	0	0	0	0	0	0	0	0	0	0	0	0	0	1.0	1.5	1.0	0	1.00.0000	1.00.0000	1.00.0000	1.00.0000
188	1	4	0	Q_SET4	45	48	0	185	186	0	0	0	0	0	0	0	0	0	0	0	0	0	0	0	0	0	0	_F_FLEX_000	_F_TALK_000	0	0	0	0	0	0	0	0	0	0	0	0	0	0	0	0	0	0	0	0	0	0	0	0	1.0	1.5	1.0	0	1.00.0000	1.00.0000	1.00.0000	1.00.0000
189	1	304	0	Q_MOVIE_CON2	45	49	191	859	0	0	0	0	0	0	0	0	0	0	0	0	8000	0	0	0	0	0	0	ODYSSEY_000.wmv	_F_HAPPY_000	0	0	0	0	0	0	0	0	0	0	0	0	0	0	0	0	0	0	0	0	0	0	0	0	1.0	1.5	1.0	0	1.00.0000	1.00.0000	1.00.0000	1.00.0000
190	25	0	0	Q_ENTER_INSTANCE2	45	49	0	0	189	191	2032	0	0	0	0	0	0	0	0	0	0	0	0	0	0	0	0	_F_TALK_000	_F_TALK_000	0	0	0	0	0	0	0	0	0	0	0	0	0	0	0	0	0	0	0	0	0	0	0	0	0.0	0.0	0.0	0	1.00.0000	1.00.0000	1.00.0000	1.00.0000
191	1	304	0	Q_INSTANCE_KILL1	45	49	0	189	190	0	578	3	93	0	0	0	0	0	0	0	0	8000	0	0	0	0	0	_F_FLEX_000	_F_HAPPY_000	2600341	5	2401008	5	0	0	0	0	0	0	0	0	0	0	0	0	0	0	0	0	0	0	0	0	1.0	1.5	1.0	0	1.00.0000	1.00.0000	1.00.0000	1.00.0000
192	1	4	0	Q_CON1	45	50	193	191	0	0	0	0	0	0	0	0	0	0	0	0	0	0	0	0	0	0	0	_F_SAD_000	_F_EMOTION_006	2600502	1	2401008	5	0	0	0	0	0	0	0	0	0	0	0	0	0	0	0	0	0	0	0	0	1.0	1.5	1.0	0	1.00.0000	1.00.0000	1.00.0000	1.00.0000
193	1	4	0	Q_KILL1	45	50	0	192	93	20	0	0	0	0	0	0	0	0	0	0	0	0	0	0	0	0	0	_F_EMOTION_006	_F_EMOTION_004	0	0	0	0	0	0	0	0	0	0	0	0	0	0	0	0	0	0	0	0	0	0	0	0	1.0	1.5	1.0	0	1.00.0000	1.00.0000	1.00.0000	1.00.0000
194	1	4	0	Q_CON1	45	51	195	193	0	0	0	0	0	0	0	0	0	0	0	0	0	0	0	0	0	0	0	_F_SAD_000	_F_FLEX_000	0	0	0	0	0	0	0	0	0	0	0	0	0	0	0	0	0	0	0	0	0	0	0	0	1.0	1.5	1.0	0	1.00.0000	1.00.0000	1.00.0000	1.00.0000
195	1	4	0	Q_ADD_MOBBUFF1	45	51	0	194	0	0	0	0	0	0	0	0	0	0	8544	0	82	0	0	0	0	0	0	_F_FLEX_000		0	0	0	0	0	0	0	0	0	0	0	0	0	0	0	0	0	0	0	0	0	0	0	0	1.0	1.5	1.0	0	1.00.0000	1.00.0000	1.00.0000	1.00.0000
196	1	4	0	Q_GATHER1	45	51	197	195	2500072	20	0	0	0	0	0	0	0	0	0	82	0	0	0	0	0	0	0	_F_TALK_000	_F_EMOTION_006	0	0	0	0	0	0	0	0	0	0	0	0	0	0	0	0	0	0	0	0	0	0	0	0	1.0	1.5	1.0	0	1.00.0000	1.00.0000	1.00.0000	1.00.0000
197	1	4	0	Q_KILL1	45	52	198	196	95	20	0	0	0	0	0	0	0	0	0	0	0	0	0	0	0	0	0	_F_TALK_000	_F_EMOTION_006	2600502	1	2401106	3	0	0	0	0	0	0	0	0	0	0	0	0	0	0	0	0	0	0	0	0	1.0	1.5	1.0	0	1.00.0000	1.00.0000	1.00.0000	1.00.0000
198	1	4	0	Q_GATHER1	45	52	199	197	2500073	3	0	0	0	0	0	0	0	0	0	0	0	0	0	0	0	0	0	_F_TALK_000	_F_FLEX_000	0	0	0	0	0	0	0	0	0	0	0	0	0	0	0	0	0	0	0	0	0	0	0	0	1.0	1.5	1.0	0	1.00.0000	1.00.0000	1.00.0000	1.00.0000
199	1	4	0	Q_SEND2	45	53	200	198	2500074	1	180	0	0	0	0	0	0	0	0	0	0	0	0	0	0	0	0	_F_FLEX_000	_F_EMOTION_006	2401008	5	0	0	0	0	0	0	0	0	0	0	0	0	0	0	0	0	0	0	0	0	0	0	1.0	1.5	1.0	0	1.00.0000	1.00.0000	1.00.0000	1.00.0000
200	1	4	0	Q_GATHER1	45	53	201	199	2500075	20	0	0	0	0	0	0	0	0	0	0	87	0	0	0	0	0	0	_F_EMOTION_006	_F_FLEX_000	0	0	0	0	0	0	0	0	0	0	0	0	0	0	0	0	0	0	0	0	0	0	0	0	1.0	1.5	1.0	0	1.00.0000	1.00.0000	1.00.0000	1.00.0000
201	1	4	0	Q_CON1	45	53	860	200	0	0	0	0	0	0	0	0	0	0	0	0	0	0	0	0	0	0	0	_F_FLEX_000	_F_FLEX_000	0	0	0	0	0	0	0	0	0	0	0	0	0	0	0	0	0	0	0	0	0	0	0	0	1.0	1.5	1.0	0	1.00.0000	1.00.0000	1.00.0000	1.00.0000
202	1	4	0	Q_KILL1	45	54	203	861	516	5	0	0	0	0	0	0	0	0	0	0	0	0	0	0	0	0	0	_F_HAPPY_000		2600503	1	2405094	3	0	0	0	0	0	0	0	0	0	0	0	0	0	0	0	0	0	0	0	0	1.0	1.5	1.0	0	1.00.0000	1.00.0000	1.00.0000	1.00.0000
203	1	4	0	Q_GATHER1	45	54	0	202	2500076	25	0	0	0	0	0	0	0	0	0	0	0	0	0	0	0	0	0			0	0	0	0	0	0	0	0	0	0	0	0	0	0	0	0	0	0	0	0	0	0	0	0	1.0	1.5	1.0	0	1.00.0000	1.00.0000	1.00.0000	1.00.0000
204	1	4	0	Q_KILL1	45	55	862	203	99	25	0	0	0	0	0	0	0	0	0	0	0	0	0	0	0	0	0	_F_FLEX_000	_F_SAD_000	0	0	0	0	0	0	0	0	0	0	0	0	0	0	0	0	0	0	0	0	0	0	0	0	1.0	1.5	1.0	0	1.00.0000	1.00.0000	1.00.0000	1.00.0000
205	1	4	0	Q_GATHER1	45	55	206	862	2500077	25	0	0	0	0	0	0	0	0	0	0	0	0	0	0	0	0	0	_F_TALK_000	_F_FLEX_000	2600503	1	0	0	0	0	0	0	0	0	0	0	0	0	0	0	0	0	0	0	0	0	0	0	1.0	1.5	1.0	0	1.00.0000	1.00.0000	1.00.0000	1.00.0000
206	1	4	1	Q_SET3	45	56	210	205	207	208	209	3170	0	0	0	0	0	0	0	0	0	0	0	0	0	0	0	_F_TALK_000	_F_FLEX_000	2600503	1	2401106	3	0	0	0	0	0	0	0	0	0	0	0	0	0	0	0	0	0	0	0	0	1.0	1.5	1.0	0	1.00.0000	1.00.0000	1.00.0000	1.00.0000
207	1	4	0	Q_SET6	45	56	0	205	206	2500078	1	0	0	0	0	0	0	0	0	0	0	0	0	0	0	0	0	_F_TALK_000	_F_FLEX_000	0	0	0	0	0	0	0	0	0	0	0	0	0	0	0	0	0	0	0	0	0	0	0	0	1.0	1.5	1.0	0	1.00.0000	1.00.0000	1.00.0000	1.00.0000
208	1	4	0	Q_SET6	45	57	0	205	206	2500079	1	0	0	0	0	0	0	0	0	0	0	0	0	0	0	0	0	_F_TALK_000	_F_FLEX_000	0	0	0	0	0	0	0	0	0	0	0	0	0	0	0	0	0	0	0	0	0	0	0	0	1.0	1.5	1.0	0	1.00.0000	1.00.0000	1.00.0000	1.00.0000
209	1	4	0	Q_SET6	45	57	0	205	206	2500080	1	0	0	0	0	0	0	0	0	0	0	0	0	0	0	0	0	_F_TALK_000	_F_FLEX_000	0	0	0	0	0	0	0	0	0	0	0	0	0	0	0	0	0	0	0	0	0	0	0	0	1.0	1.5	1.0	0	1.00.0000	1.00.0000	1.00.0000	1.00.0000
210	1	4	0	Q_KILL2	45	57	211	206	102	20	103	1	0	0	0	0	0	0	0	0	0	0	0	0	0	0	0	_F_FLEX_000	_F_FLEX_000	2600342	5	2205442	1	0	0	0	0	0	0	0	0	0	0	0	0	0	0	0	0	0	0	0	0	1.0	1.5	1.0	0	1.00.0000	1.00.0000	1.00.0000	1.00.0000
211	1	4	0	Q_CON1	45	58	212	210	0	0	0	0	0	0	0	0	0	0	0	0	0	0	0	0	0	0	0	_F_TALK_000	_F_HAPPY_000	0	0	0	0	0	0	0	0	0	0	0	0	0	0	0	0	0	0	0	0	0	0	0	0	1.0	1.5	1.0	0	1.00.0000	1.00.0000	1.00.0000	1.00.0000
212	25	0	0	Q_ENTER_INSTANCE1	45	58	0	211	213	2033	0	0	0	0	0	0	0	0	0	0	0	0	0	0	0	0	0	_F_TALK_000	_F_TALK_000	0	0	0	0	0	0	0	0	0	0	0	0	0	0	0	0	0	0	0	0	0	0	0	0	0.0	0.0	0.0	0	1.00.0000	1.00.0000	1.00.0000	1.00.0000
213	1	4	0	Q_INSTANCE_KILL1	45	58	0	211	212	8553	580	3	94	0	0	0	0	0	0	0	0	87	0	0	0	0	0	_F_TALK_000	_F_FLEX_000	2600501	1	2401008	5	0	0	0	0	0	0	0	0	0	0	0	0	0	0	0	0	0	0	0	0	1.0	1.5	1.0	0	1.00.0000	1.00.0000	1.00.0000	1.00.0000
214	1	4	0	Q_CON1	50	59	740	213	0	0	0	0	0	0	0	0	0	0	0	0	0	0	0	0	0	0	0	_F_SAD_000	_F_TALK_000	0	0	0	0	0	0	0	0	0	0	0	0	0	0	0	0	0	0	0	0	0	0	0	0	1.0	1.5	1.0	0	1.00.0000	1.00.0000	1.00.0000	1.00.0000
215	1	304	0	Q_MOVIE_CON2	50	59	217	740	0	0	0	0	0	0	0	0	0	0	0	0	8000	0	0	0	0	0	0	ODYSSEY_000.wmv	_F_HAPPY_000	0	0	0	0	0	0	0	0	0	0	0	0	0	0	0	0	0	0	0	0	0	0	0	0	1.0	1.5	1.0	0	1.00.0000	1.00.0000	1.00.0000	1.00.0000
216	25	0	0	Q_ENTER_INSTANCE2	50	59	0	0	215	217	2034	0	0	0	0	0	0	0	0	0	0	0	0	0	0	0	0	_F_TALK_000	_F_TALK_000	0	0	0	0	0	0	0	0	0	0	0	0	0	0	0	0	0	0	0	0	0	0	0	0	0.0	0.0	0.0	0	1.00.0000	1.00.0000	1.00.0000	1.00.0000
217	1	304	0	Q_INSTANCE_KILL1	50	59	0	215	216	0	582	3	93	0	0	0	0	0	0	0	0	8000	0	0	0	0	0	_F_FLEX_000	_F_FLEX_000	2600501	1	0	0	0	0	0	0	0	0	0	0	0	0	0	0	0	0	0	0	0	0	0	0	1.0	1.5	1.0	0	1.00.0000	1.00.0000	1.00.0000	1.00.0000
218	1	4	0	Q_KILL1	55	60	222	854	616	1	0	0	0	0	0	0	0	0	0	0	0	0	0	0	0	0	0	_F_EMOTION_004	_F_EMOTION_006	2401106	3	0	0	0	0	0	0	0	0	0	0	0	0	0	0	0	0	0	0	0	0	0	0	1.0	1.5	1.0	0	1.00.0000	1.00.0000	1.00.0000	1.00.0000
222	1	4	0	Q_SEND1	60	60	0	218	2500082	1	0	0	0	0	0	0	0	0	0	73	0	0	0	0	0	0	0	_F_EMOTION_006	_F_EMOTION_003	0	0	0	0	0	0	0	0	0	0	0	0	0	0	0	0	0	0	0	0	0	0	0	0	1.0	1.5	1.0	0	1.00.0000	1.00.0000	1.00.0000	1.00.0000
223	1	4	0	Q_MOVIE_CON3	60	60	253	222	0	0	0	0	0	0	0	0	0	0	0	0	0	0	0	0	0	0	0	_F_TALK_000	ROSE_000.wmv	2600501	1	2400703	3	0	0	0	0	0	0	0	0	0	0	0	0	0	0	0	0	0	0	0	0	1.0	1.5	1.0	0	1.00.0000	1.00.0000	1.00.0000	1.00.0000
224	2	4	1	Q_MOVIE_CHECKBUFF	45	46	0	132	8510	8540	0	0	0	0	0	0	0	0	0	0	0	0	0	0	0	0	0	MAGELLON_000.wmv	_F_FLEX_000	2600341	3	0	0	0	0	0	0	0	0	0	0	0	0	0	0	0	0	0	0	0	0	0	0	1.0	1.0	1.0	0	1.00.0000	1.00.0000	1.00.0000	1.00.0000
225	2	4	0	Q_KILL1	45	46	0	0	93	20	0	0	0	0	0	0	0	0	0	0	0	0	0	0	0	0	0	_F_EMOTION_000	_F_EMOTION_004	0	0	0	0	0	0	0	0	0	0	0	0	0	0	0	0	0	0	0	0	0	0	0	0	1.0	1.0	1.0	0	1.00.0000	1.00.0000	1.00.0000	1.00.0000
226	2	4	0	Q_GATHER1	46	47	227	0	2500083	3	0	0	0	0	0	0	0	0	0	0	0	0	0	0	0	0	0	_F_EMOTION_009	_F_EMOTION_012	0	0	0	0	0	0	0	0	0	0	0	0	0	0	0	0	0	0	0	0	0	0	0	0	1.0	1.0	1.0	0	1.00.0000	1.00.0000	1.00.0000	1.00.0000
227	2	4	0	Q_GATHER1	46	47	0	226	2500084	20	0	0	0	0	0	0	0	0	0	0	0	0	0	0	0	0	0	_F_EMOTION_012	_F_EMOTION_008	0	0	0	0	0	0	0	0	0	0	0	0	0	0	0	0	0	0	0	0	0	0	0	0	1.0	1.0	1.0	0	1.00.0000	1.00.0000	1.00.0000	1.00.0000
228	2	4	0	Q_SEND3	46	48	0	225	2500092	1	2500085	1	0	0	0	0	0	0	0	0	0	0	0	0	0	0	0	_F_EMOTION_000	_F_EMOTION_007	0	0	0	0	0	0	0	0	0	0	0	0	0	0	0	0	0	0	0	0	0	0	0	0	1.0	1.0	1.0	0	1.00.0000	1.00.0000	1.00.0000	1.00.0000
229	2	4	0	Q_MOVIE_CON1	47	48	0	193	0	0	0	0	0	0	0	0	0	0	0	0	0	0	0	0	0	0	0	ROSE_000.wmv	ROSE_000.wmv	0	0	0	0	0	0	0	0	0	0	0	0	0	0	0	0	0	0	0	0	0	0	0	0	1.0	1.0	1.0	0	1.00.0000	1.00.0000	1.00.0000	1.00.0000
230	2	4	0	Q_MOVIE_KILL1	47	49	0	0	519	1	0	0	0	0	0	0	0	0	0	0	519	0	0	0	0	0	0	MYRINA_000.wmv	MYRINA_000.wmv	2600002	1	0	0	0	0	0	0	0	0	0	0	0	0	0	0	0	0	0	0	0	0	0	0	1.0	1.0	1.0	0	1.00.0000	1.00.0000	1.00.0000	1.00.0000
231	2	4	0	Q_CON1	48	49	232	0	0	0	0	0	0	0	0	0	0	0	0	0	80	0	0	0	0	0	0	_F_FLEX_000	_F_EMOTION_007	0	0	0	0	0	0	0	0	0	0	0	0	0	0	0	0	0	0	0	0	0	0	0	0	1.0	1.0	1.0	0	1.00.0000	1.00.0000	1.00.0000	1.00.0000
232	2	4	1	Q_CHECKBUFF1	48	49	0	231	8511	8586	0	0	0	0	0	0	0	0	0	0	68	68	0	0	0	0	0	_F_EMOTION_007	_F_FLEX_000	0	0	0	0	0	0	0	0	0	0	0	0	0	0	0	0	0	0	0	0	0	0	0	0	1.0	1.0	1.0	0	1.00.0000	1.00.0000	1.00.0000	1.00.0000
233	40	0	0	Q_SET10	48	50	0	231	232	8511	0	0	0	0	0	0	0	0	0	0	0	0	0	0	0	0	0	_F_EMOTION_001	_F_EMOTION_001	0	0	0	0	0	0	0	0	0	0	0	0	0	0	0	0	0	0	0	0	0	0	0	0	0.0	0.0	0.0	0	1.00.0000	1.00.0000	1.00.0000	1.00.0000
234	2	4	0	Q_KILL1	49	50	235	0	95	25	0	0	0	0	0	0	0	0	0	0	0	0	0	0	0	0	0	_F_TALK_000	_F_FLEX_000	0	0	0	0	0	0	0	0	0	0	0	0	0	0	0	0	0	0	0	0	0	0	0	0	1.0	1.0	1.0	0	1.00.0000	1.00.0000	1.00.0000	1.00.0000
235	2	4	0	Q_KILL1	49	51	236	234	96	25	0	0	0	0	0	0	0	0	0	0	0	0	0	0	0	0	0	_F_TALK_000	_F_TALK_000	0	0	0	0	0	0	0	0	0	0	0	0	0	0	0	0	0	0	0	0	0	0	0	0	1.0	1.0	1.0	0	1.00.0000	1.00.0000	1.00.0000	1.00.0000
236	2	4	0	Q_KILL1	49	51	0	235	97	1	0	0	0	0	0	0	0	0	0	0	0	0	0	0	0	0	0	_F_TALK_000	_F_EMOTION_003	2401206	3	2205246	1	0	0	0	0	0	0	0	0	0	0	0	0	0	0	0	0	0	0	0	0	1.0	1.0	1.0	0	1.00.0000	1.00.0000	1.00.0000	1.00.0000
237	2	4	1	Q_MOVIE_SET2	50	52	0	0	238	239	0	0	0	0	0	0	0	0	0	0	0	92	0	0	0	0	0	JOSEPH_000.wmv	JOSEPH_000.wmv	2405094	3	0	0	0	0	0	0	0	0	0	0	0	0	0	0	0	0	0	0	0	0	0	0	1.0	1.0	1.0	0	1.00.0000	1.00.0000	1.00.0000	1.00.0000
238	2	4	0	Q_SET4	50	52	0	0	237	0	0	0	0	0	0	0	0	0	0	0	0	0	0	0	0	0	0	_F_EMOTION_002	_F_EMOTION_000	0	0	0	0	0	0	0	0	0	0	0	0	0	0	0	0	0	0	0	0	0	0	0	0	1.0	1.0	1.0	0	1.00.0000	1.00.0000	1.00.0000	1.00.0000
239	2	4	0	Q_SET6	50	53	0	0	237	2500086	25	0	0	0	0	0	0	0	0	0	0	0	0	0	0	0	0	_F_EMOTION_007	_F_EMOTION_008	0	0	0	0	0	0	0	0	0	0	0	0	0	0	0	0	0	0	0	0	0	0	0	0	1.0	1.0	1.0	0	1.00.0000	1.00.0000	1.00.0000	1.00.0000
240	2	4	0	Q_MOVIE_GATHER1	51	53	0	0	2500087	1	0	0	0	0	0	0	0	0	0	0	0	0	0	0	0	0	0	PLATO_000.wmv	PLATO_000.wmv	2405094	3	0	0	0	0	0	0	0	0	0	0	0	0	0	0	0	0	0	0	0	0	0	0	1.0	1.0	1.0	0	1.00.0000	1.00.0000	1.00.0000	1.00.0000
241	2	4	0	Q_GATHER1	52	54	0	199	2500088	25	0	0	0	0	0	0	0	0	0	0	0	0	0	0	0	0	0	_F_TALK_000	_F_EMOTION_002	0	0	0	0	0	0	0	0	0	0	0	0	0	0	0	0	0	0	0	0	0	0	0	0	1.0	1.0	1.0	0	1.00.0000	1.00.0000	1.00.0000	1.00.0000
242	2	4	0	Q_MOVIE_GATHER1	52	54	0	132	2500089	5	0	0	0	0	0	0	0	0	0	0	0	0	0	0	0	0	0	MAGELLON_000.wmv	MAGELLON_000.wmv	2401206	3	0	0	0	0	0	0	0	0	0	0	0	0	0	0	0	0	0	0	0	0	0	0	1.0	1.0	1.0	0	1.00.0000	1.00.0000	1.00.0000	1.00.0000
243	2	4	0	Q_GATHER1	53	55	244	0	2500090	25	0	0	0	0	0	0	0	0	0	0	0	0	0	0	0	0	0	_F_TALK_000	_F_FLEX_000	0	0	0	0	0	0	0	0	0	0	0	0	0	0	0	0	0	0	0	0	0	0	0	0	1.0	1.0	1.0	0	1.00.0000	1.00.0000	1.00.0000	1.00.0000
244	2	4	0	Q_KILL1	54	55	0	243	518	1	0	0	0	0	0	0	0	0	0	0	0	0	0	0	0	0	0	_F_TALK_000	_F_FLEX_000	0	0	0	0	0	0	0	0	0	0	0	0	0	0	0	0	0	0	0	0	0	0	0	0	1.0	1.0	1.0	0	1.00.0000	1.00.0000	1.00.0000	1.00.0000
245	2	4	0	Q_GATHER1	55	56	0	244	2500093	1	0	0	0	0	0	0	0	0	0	0	0	0	0	0	0	0	0	_F_TALK_000	_F_FLEX_000	2401008	5	0	0	0	0	0	0	0	0	0	0	0	0	0	0	0	0	0	0	0	0	0	0	1.0	1.0	1.0	0	1.00.0000	1.00.0000	1.00.0000	1.00.0000
246	2	4	0	Q_MOVIE_KILL1	55	56	0	0	246	1	0	0	0	0	0	0	0	0	0	0	246	0	0	0	0	0	0	MYRINA_000.wmv	MYRINA_000.wmv	2600002	1	0	0	0	0	0	0	0	0	0	0	0	0	0	0	0	0	0	0	0	0	0	0	1.0	1.0	1.0	0	1.00.0000	1.00.0000	1.00.0000	1.00.0000
247	2	4	0	Q_CON1	55	57	248	205	0	0	0	0	0	0	0	0	0	0	0	0	0	0	0	0	0	0	0	_F_TALK_000	_F_FLEX_000	0	0	0	0	0	0	0	0	0	0	0	0	0	0	0	0	0	0	0	0	0	0	0	0	1.0	1.0	1.0	0	1.00.0000	1.00.0000	1.00.0000	1.00.0000
248	2	4	0	Q_KILL2	56	57	249	247	98	10	102	10	0	0	0	0	0	0	0	0	0	0	0	0	0	0	0	_F_TALK_000	_F_FLEX_000	0	0	0	0	0	0	0	0	0	0	0	0	0	0	0	0	0	0	0	0	0	0	0	0	1.0	1.0	1.0	0	1.00.0000	1.00.0000	1.00.0000	1.00.0000
249	2	4	0	Q_KILL1	57	58	0	248	103	1	0	0	0	0	0	0	0	0	0	0	0	0	0	0	0	0	0	_F_TALK_000	_F_FLEX_000	2405094	3	0	0	0	0	0	0	0	0	0	0	0	0	0	0	0	0	0	0	0	0	0	0	1.0	1.0	1.0	0	1.00.0000	1.00.0000	1.00.0000	1.00.0000
250	2	4	0	Q_MOVIE_CON1	59	58	0	229	0	0	0	0	0	0	0	0	0	0	0	0	0	0	0	0	0	0	0	ROSE_000.wmv	ROSE_000.wmv	0	0	0	0	0	0	0	0	0	0	0	0	0	0	0	0	0	0	0	0	0	0	0	0	1.0	1.0	1.0	0	1.00.0000	1.00.0000	1.00.0000	1.00.0000
251	2	4	0	Q_CON1	58	59	0	0	0	0	0	0	0	0	0	0	0	0	0	0	0	0	0	0	0	0	0	_F_TALK_000	_F_TALK_000	0	0	0	0	0	0	0	0	0	0	0	0	0	0	0	0	0	0	0	0	0	0	0	0	1.0	1.0	1.0	0	1.00.0000	1.00.0000	1.00.0000	1.00.0000
252	2	4	1	Q_CHECKBUFF1	59	60	0	232	8512	8540	0	0	0	0	0	0	0	0	0	80	757	757	0	0	0	0	0	_F_TALK_000	_F_TALK_000	0	0	0	0	0	0	0	0	0	0	0	0	0	0	0	0	0	0	0	0	0	0	0	0	1.0	1.0	1.0	0	1.00.0000	1.00.0000	1.00.0000	1.00.0000
253	1	304	0	Q_MOVIE_CON2	60	61	255	223	0	0	0	0	0	0	0	0	0	0	0	0	8000	0	0	0	0	0	0	ODYSSEY_000.wmv	_F_HAPPY_000	0	0	0	0	0	0	0	0	0	0	0	0	0	0	0	0	0	0	0	0	0	0	0	0	1.0	1.5	1.0	0	1.00.0000	1.00.0000	1.00.0000	1.00.0000
254	25	0	0	Q_ENTER_INSTANCE2	60	61	0	0	253	255	2035	0	0	0	0	0	0	0	0	0	0	0	0	0	0	0	0	_F_TALK_000	_F_TALK_000	2208984	1	0	0	0	0	0	0	0	0	0	0	0	0	0	0	0	0	0	0	0	0	0	0	0.0	0.0	0.0	0	1.00.0000	1.00.0000	1.00.0000	1.00.0000
255	1	304	0	Q_INSTANCE_ADD_MOBBUFF2	60	61	0	253	254	8502	255	583	93	0	0	0	0	0	0	0	0	8000	0	0	0	0	0	_F_FLEX_000	_F_FLEX_000	0	0	0	0	0	0	0	0	0	0	0	0	0	0	0	0	0	0	0	0	0	0	0	0	1.0	1.5	1.0	0	1.00.0000	1.00.0000	1.00.0000	1.00.0000
256	1	5	0	Q_CON1	60	61	257	255	0	0	0	0	0	0	0	0	0	0	0	0	0	0	0	0	0	0	0	_F_FLEX_000	_F_HAPPY_000	0	0	0	0	0	0	0	0	0	0	0	0	0	0	0	0	0	0	0	0	0	0	0	0	1.0	1.5	1.0	0	1.00.0000	1.00.0000	1.00.0000	1.00.0000
257	1	5	0	Q_CON1	60	62	258	256	0	0	0	0	0	0	0	0	0	0	0	0	0	0	0	0	0	0	0	_F_FLEX_000	_F_EMOTION_006	0	0	0	0	0	0	0	0	0	0	0	0	0	0	0	0	0	0	0	0	0	0	0	0	1.0	1.5	1.0	0	1.00.0000	1.00.0000	1.00.0000	1.00.0000
258	1	5	0	Q_CON1	60	62	0	257	0	0	0	0	0	0	0	0	0	0	0	0	0	0	0	0	0	0	0	_F_EMOTION_006	_F_EMOTION_006	0	0	0	0	0	0	0	0	0	0	0	0	0	0	0	0	0	0	0	0	0	0	0	0	1.0	1.5	1.0	0	1.00.0000	1.00.0000	1.00.0000	1.00.0000
259	1	5	0	Q_CALLMOB1	60	62	0	258	16	68	0	0	0	0	0	0	0	0	0	0	0	0	0	0	0	0	0	_F_ATTACK_001	_F_ATTACK_002	0	0	0	0	0	0	0	0	0	0	0	0	0	0	0	0	0	0	0	0	0	0	0	0	1.0	1.5	1.0	0	1.00.0000	1.00.0000	1.00.0000	1.00.0000
260	1	5	0	Q_CALLMOB1	60	63	0	259	15	69	0	0	0	0	0	0	0	0	0	0	0	0	0	0	0	0	0	_F_ATTACK_001	_F_ATTACK_002	0	0	0	0	0	0	0	0	0	0	0	0	0	0	0	0	0	0	0	0	0	0	0	0	1.0	1.5	1.0	0	1.00.0000	1.00.0000	1.00.0000	1.00.0000
261	1	5	0	Q_KILL1	60	63	262	864	138	25	0	0	0	0	0	0	0	0	0	0	120	0	0	0	0	0	0	_F_EMOTION_001	_F_TALK_000	0	0	0	0	0	0	0	0	0	0	0	0	0	0	0	0	0	0	0	0	0	0	0	0	1.0	1.5	1.0	0	1.00.0000	1.00.0000	1.00.0000	1.00.0000
262	1	5	0	Q_GATHER1	60	63	0	261	2500100	3	0	0	0	0	0	0	0	0	0	0	0	0	0	0	0	0	0	_F_TALK_000	_F_EMOTION_001	2401008	5	0	0	0	0	0	0	0	0	0	0	0	0	0	0	0	0	0	0	0	0	0	0	1.0	1.5	1.0	0	1.00.0000	1.00.0000	1.00.0000	1.00.0000
263	1	5	0	Q_MOVIE_SEND3	60	64	264	262	2500102	1	2500096	1	0	0	0	0	0	0	0	0	0	0	0	0	0	0	0	ODYSSEY_000.wmv	ODYSSEY_000.wmv	0	0	0	0	0	0	0	0	0	0	0	0	0	0	0	0	0	0	0	0	0	0	0	0	1.0	1.5	1.0	0	1.00.0000	1.00.0000	1.00.0000	1.00.0000
264	1	5	0	Q_MOVIE_SEND1	60	64	0	263	2500103	1	0	0	0	0	0	0	0	0	0	0	0	110	0	0	0	0	0	ODYSSEY_000.wmv	_F_EMOTION_015	0	0	0	0	0	0	0	0	0	0	0	0	0	0	0	0	0	0	0	0	0	0	0	0	1.0	1.5	1.0	0	1.00.0000	1.00.0000	1.00.0000	1.00.0000
265	1	5	0	Q_MOVIE_GATHER1	60	64	0	264	2500101	25	0	0	0	0	0	0	0	0	0	0	0	0	0	0	0	0	0	ODYSSEY_000.wmv	_F_HAPPY_000	0	0	0	0	0	0	0	0	0	0	0	0	0	0	0	0	0	0	0	0	0	0	0	0	1.0	1.5	1.0	0	1.00.0000	1.00.0000	1.00.0000	1.00.0000
266	1	5	0	Q_MOVIE_CON2	60	65	267	265	0	0	0	0	0	0	0	0	0	0	0	0	122	0	0	0	0	0	0	ODYSSEY_000.wmv	_F_FLEX_000	0	0	0	0	0	0	0	0	0	0	0	0	0	0	0	0	0	0	0	0	0	0	0	0	1.0	1.5	1.0	0	1.00.0000	1.00.0000	1.00.0000	1.00.0000
267	1	5	0	Q_KILL1	60	65	269	266	642	1	0	0	0	0	0	0	0	0	0	0	123	0	0	0	0	0	0	_F_TALK_000	_F_FLEX_000	2401008	5	0	0	0	0	0	0	0	0	0	0	0	0	0	0	0	0	0	0	0	0	0	0	1.0	1.5	1.0	0	1.00.0000	1.00.0000	1.00.0000	1.00.0000
268	40	0	0	Q_SET8	60	65	0	266	267	14	125	0	0	0	0	0	0	0	0	123	0	0	0	0	0	0	0	_F_EMOTION_000	_F_EMOTION_000	0	0	0	0	0	0	0	0	0	0	0	0	0	0	0	0	0	0	0	0	0	0	0	0	0.0	0.0	0.0	0	1.00.0000	1.00.0000	1.00.0000	1.00.0000
269	1	5	0	Q_CON1	60	65	270	267	0	0	0	0	0	0	0	0	0	0	0	0	0	0	0	0	0	0	0	_F_HAPPY_000	_F_FLEX_000	0	0	0	0	0	0	0	0	0	0	0	0	0	0	0	0	0	0	0	0	0	0	0	0	1.0	1.5	1.0	0	1.00.0000	1.00.0000	1.00.0000	1.00.0000
270	1	5	0	Q_KILL1	60	66	0	269	140	25	0	0	0	0	0	0	0	0	0	0	0	0	0	0	0	0	0	_F_FLEX_000	_F_FLEX_000	0	0	0	0	0	0	0	0	0	0	0	0	0	0	0	0	0	0	0	0	0	0	0	0	1.0	1.5	1.0	0	1.00.0000	1.00.0000	1.00.0000	1.00.0000
271	1	5	0	Q_CON1	60	66	272	270	0	0	0	0	0	0	0	0	0	0	0	0	0	0	0	0	0	0	0	_F_TALK_000	_F_HAPPY_000	0	0	0	0	0	0	0	0	0	0	0	0	0	0	0	0	0	0	0	0	0	0	0	0	1.0	1.5	1.0	0	1.00.0000	1.00.0000	1.00.0000	1.00.0000
272	1	5	0	Q_KILL1	60	66	273	271	141	25	0	0	0	0	0	0	0	0	0	0	124	122	0	0	0	0	0	_F_TALK_000	_F_FLEX_000	0	0	0	0	0	0	0	0	0	0	0	0	0	0	0	0	0	0	0	0	0	0	0	0	1.0	1.5	1.0	0	1.00.0000	1.00.0000	1.00.0000	1.00.0000
273	1	5	0	Q_KILL1	60	67	274	272	522	3	0	0	0	0	0	0	0	0	0	0	0	0	0	0	0	0	0	_F_TALK_000	_F_FLEX_000	0	0	0	0	0	0	0	0	0	0	0	0	0	0	0	0	0	0	0	0	0	0	0	0	1.0	1.5	1.0	0	1.00.0000	1.00.0000	1.00.0000	1.00.0000
274	1	5	0	Q_KILL1	60	67	742	273	147	25	0	0	0	0	0	0	0	0	0	0	0	124	0	0	0	0	0	_F_ATTACK_001	_F_TALK_000	2600342	5	2401009	5	0	0	0	0	0	0	0	0	0	0	0	0	0	0	0	0	0	0	0	0	1.0	1.5	1.0	0	1.00.0000	1.00.0000	1.00.0000	1.00.0000
275	2	5	0	Q_MOVIE_CON2	60	67	0	742	0	0	0	0	0	0	0	0	0	0	0	0	0	0	0	0	0	0	0	MAGELLON_000.wmv	_F_EMOTION_005	0	0	0	0	0	0	0	0	0	0	0	0	0	0	0	0	0	0	0	0	0	0	0	0	1.0	1.0	1.0	0	1.00.0000	1.00.0000	1.00.0000	1.00.0000
276	1	5	0	Q_CON1	60	67	277	742	0	0	0	0	0	0	0	0	0	0	0	0	0	0	0	0	0	0	0	_F_TALK_000	_F_ATTACK_001	0	0	0	0	0	0	0	0	0	0	0	0	0	0	0	0	0	0	0	0	0	0	0	0	1.0	1.5	1.0	0	1.00.0000	1.00.0000	1.00.0000	1.00.0000
277	1	5	0	Q_GATHER4	60	67	278	276	2500104	5	300	0	0	0	0	0	0	0	0	0	0	0	0	0	0	0	0	_F_TALK_000	_F_ATTACK_002	2600341	5	0	0	0	0	0	0	0	0	0	0	0	0	0	0	0	0	0	0	0	0	0	0	1.0	1.5	1.0	0	1.00.0000	1.00.0000	1.00.0000	1.00.0000
278	1	5	1	Q_CHECKBUFF3	60	67	282	277	8513	8514	8514	0	0	0	0	0	0	0	0	0	0	0	0	0	0	0	0	_F_TALK_000	_F_ATTACK_001	0	0	0	0	0	0	0	0	0	0	0	0	0	0	0	0	0	0	0	0	0	0	0	0	1.0	1.5	1.0	0	1.00.0000	1.00.0000	1.00.0000	1.00.0000
279	2	7	0	Q_MOVIE_CON2	85	85	281	432	0	0	0	0	0	0	0	0	0	0	0	0	0	0	0	0	0	0	0	56_000.wmv	_F_FLEX_000	0	0	0	0	0	0	0	0	0	0	0	0	0	0	0	0	0	0	0	0	0	0	0	0	1.0	1.0	1.0	0	1.01.0000	1.01.0000	1.01.0000	1.01.0000
280	25	0	0	Q_ENTER_INSTANCE2	85	85	0	0	279	281	2041	0	0	0	0	0	0	0	0	0	0	0	0	0	0	0	0	_F_TALK_000	_F_TALK_000	0	0	0	0	0	0	0	0	0	0	0	0	0	0	0	0	0	0	0	0	0	0	0	0	0.0	0.0	0.0	0	1.01.0000	1.01.0000	1.01.0000	1.01.0000
281	2	127	0	Q_INSTANCE_KILL2	85	85	0	279	280	0	599	1	600	2	100	0	0	0	0	0	0	0	0	0	0	0	0	_F_FLEX_000	_F_FLEX_000	0	0	0	0	0	0	0	0	0	0	0	0	0	0	0	0	0	0	0	0	0	0	0	0	1.0	1.0	1.0	0	1.01.0000	1.01.0000	1.01.0000	1.01.0000
282	1	5	0	Q_KILL_NEW	60	68	283	278	0	0	0	143	30	144	1	0	0	0	0	0	0	0	0	0	0	0	0	_F_ATTACK_002	_F_FLEX_000	2205029	1	0	0	0	0	0	0	0	0	0	0	0	0	0	0	0	0	0	0	0	0	0	0	1.0	1.5	1.0	0	1.00.0000	1.00.0000	1.00.0000	1.00.0000
283	1	5	0	Q_GATHER4	60	68	284	282	2500105	3	180	0	0	0	0	0	0	0	0	0	0	0	0	0	0	0	0	_F_ATTACK_001	_F_FLEX_000	0	0	0	0	0	0	0	0	0	0	0	0	0	0	0	0	0	0	0	0	0	0	0	0	1.0	1.5	1.0	0	1.00.0000	1.00.0000	1.00.0000	1.00.0000
284	1	5	1	Q_SET1	60	68	743	283	286	0	0	0	0	0	0	0	0	0	0	0	8004	0	0	0	0	0	0	_F_ATTACK_002	_F_FLEX_000	0	0	0	0	0	0	0	0	0	0	0	0	0	0	0	0	0	0	0	0	0	0	0	0	1.0	1.5	1.0	0	1.00.0000	1.00.0000	1.00.0000	1.00.0000
285	25	0	0	Q_ENTER_INSTANCE1	60	68	0	283	286	2036	0	0	0	0	0	0	0	0	0	0	0	0	0	0	0	0	0	_F_TALK_000	_F_TALK_000	0	0	0	0	0	0	0	0	0	0	0	0	0	0	0	0	0	0	0	0	0	0	0	0	0.0	0.0	0.0	0	1.00.0000	1.00.0000	1.00.0000	1.00.0000
286	1	5	0	Q_INSTANCE_CON	60	68	0	283	285	95	0	0	0	0	0	0	0	0	0	0	0	8004	0	0	0	0	0	_F_ATTACK_001	_F_FLEX_000	2400703	3	0	0	0	0	0	0	0	0	0	0	0	0	0	0	0	0	0	0	0	0	0	0	1.0	1.5	1.0	0	1.00.0000	1.00.0000	1.00.0000	1.00.0000
287	1	5	1	Q_MOVIE_SET2	60	69	0	743	288	289	0	0	0	0	0	0	0	0	0	0	0	0	0	0	0	0	0	ODYSSEY_000.wmv	ODYSSEY_000.wmv	2401106	3	0	0	0	0	0	0	0	0	0	0	0	0	0	0	0	0	0	0	0	0	0	0	1.0	1.5	1.0	0	1.00.0000	1.00.0000	1.00.0000	1.00.0000
288	1	5	0	Q_SET6	60	69	0	743	287	2500107	1	0	0	0	0	0	0	0	0	0	0	0	0	0	0	0	0	_F_TALK_000	_F_TALK_000	2205629	1	0	0	0	0	0	0	0	0	0	0	0	0	0	0	0	0	0	0	0	0	0	0	1.0	1.5	1.0	0	1.00.0000	1.00.0000	1.00.0000	1.00.0000
289	1	5	0	Q_SET6	60	69	0	743	287	2500108	1	0	0	0	0	0	0	0	0	0	0	0	0	0	0	0	0	_F_TALK_000	_F_TALK_000	2205247	1	0	0	0	0	0	0	0	0	0	0	0	0	0	0	0	0	0	0	0	0	0	0	1.0	1.5	1.0	0	1.00.0000	1.00.0000	1.00.0000	1.00.0000
290	1	5	0	Q_CON1	65	69	744	287	0	0	0	0	0	0	0	0	0	0	0	0	0	0	0	0	0	0	0	_F_FLEX_000	_F_ATTACK_001	0	0	0	0	0	0	0	0	0	0	0	0	0	0	0	0	0	0	0	0	0	0	0	0	1.0	1.5	1.0	0	1.00.0000	1.00.0000	1.00.0000	1.00.0000
291	25	0	0	Q_ENTER_INSTANCE2	65	70	0	0	744	292	2037	0	0	0	0	0	0	0	0	0	0	0	0	0	0	0	0	_F_TALK_000	_F_TALK_000	0	0	0	0	0	0	0	0	0	0	0	0	0	0	0	0	0	0	0	0	0	0	0	0	0.0	0.0	0.0	0	1.00.0000	1.00.0000	1.00.0000	1.00.0000
292	1	5	0	Q_INSTANCE_KILL2	65	70	0	744	291	0	589	1	590	2	96	0	0	0	0	0	0	8005	0	0	0	0	0	_F_ATTACK_002	_F_FLEX_000	2401009	5	0	0	0	0	0	0	0	0	0	0	0	0	0	0	0	0	0	0	0	0	0	0	1.0	1.5	1.0	0	1.00.0000	1.00.0000	1.00.0000	1.00.0000
293	1	5	0	Q_MOVIE_CON3	65	70	863	745	0	0	0	0	0	0	0	0	0	0	0	0	0	0	0	0	0	0	0	_F_TALK_000	ODYSSEY_000.wmv	0	0	0	0	0	0	0	0	0	0	0	0	0	0	0	0	0	0	0	0	0	0	0	0	1.0	1.5	1.0	0	1.00.0000	1.00.0000	1.00.0000	1.00.0000
294	2	5	0	Q_MOVIE_GATHER6	65	65	0	308	2500117	1	2500124	1	2500125	1	180	0	0	0	0	0	0	0	0	0	0	0	0	BISMARCK_000.wmv	BISMARCK_000.wmv	0	0	0	0	0	0	0	0	0	0	0	0	0	0	0	0	0	0	0	0	0	0	0	0	1.0	1.0	1.0	0	1.00.0000	1.00.0000	1.00.0000	1.00.0000
295	2	5	0	Q_GATHER1	60	61	296	0	2500110	25	0	0	0	0	0	0	0	0	0	0	0	0	0	0	0	0	0	_F_TALK_000	_F_TALK_000	0	0	0	0	0	0	0	0	0	0	0	0	0	0	0	0	0	0	0	0	0	0	0	0	1.0	1.0	1.0	0	1.00.0000	1.00.0000	1.00.0000	1.00.0000
296	2	5	0	Q_GATHER10	60	61	0	295	3128	2500112	1	2500111	20	0	0	0	0	0	0	0	0	0	0	0	0	0	0	_F_TALK_000	_F_TALK_000	0	0	0	0	0	0	0	0	0	0	0	0	0	0	0	0	0	0	0	0	0	0	0	0	1.0	1.0	1.0	0	1.00.0000	1.00.0000	1.00.0000	1.00.0000
297	2	5	1	Q_MOVIE_CHECKBUFF	61	62	0	132	8516	8540	0	0	0	0	0	0	0	0	0	0	0	0	0	0	0	0	0	MAGELLON_000.wmv	_F_TALK_000	2405095	3	0	0	0	0	0	0	0	0	0	0	0	0	0	0	0	0	0	0	0	0	0	0	1.0	1.0	1.0	0	1.00.0000	1.00.0000	1.00.0000	1.00.0000
298	2	5	0	Q_CON1	61	62	299	0	0	0	0	0	0	0	0	0	0	0	0	0	0	0	0	0	0	0	0	_F_FLEX_000	_F_HAPPY_000	0	0	0	0	0	0	0	0	0	0	0	0	0	0	0	0	0	0	0	0	0	0	0	0	1.0	1.0	1.0	0	1.00.0000	1.00.0000	1.00.0000	1.00.0000
299	2	5	0	Q_KILL1	62	63	300	298	140	25	0	0	0	0	0	0	0	0	0	0	0	0	0	0	0	0	0	_F_SAD_000	_F_HAPPY_000	0	0	0	0	0	0	0	0	0	0	0	0	0	0	0	0	0	0	0	0	0	0	0	0	1.0	1.0	1.0	0	1.00.0000	1.00.0000	1.00.0000	1.00.0000
300	2	5	0	Q_GATHER1	63	63	0	299	2500113	25	0	0	0	0	0	0	0	0	0	0	0	0	0	0	0	0	0	_F_FLEX_000	_F_HAPPY_000	2405095	3	0	0	0	0	0	0	0	0	0	0	0	0	0	0	0	0	0	0	0	0	0	0	1.0	1.0	1.0	0	1.00.0000	1.00.0000	1.00.0000	1.00.0000
301	2	5	0	Q_MOVIE_CON1	62	63	302	262	0	0	0	0	0	0	0	0	0	0	0	0	0	0	0	0	0	0	0	ROSE_000.wmv	ROSE_000.wmv	0	0	0	0	0	0	0	0	0	0	0	0	0	0	0	0	0	0	0	0	0	0	0	0	1.0	1.0	1.0	0	1.00.0000	1.00.0000	1.00.0000	1.00.0000
302	2	5	0	Q_MOVIE_GATHER1	62	64	303	301	2500114	25	0	0	0	0	0	0	0	0	0	0	0	0	0	0	0	0	0	ROSE_000.wmv	_F_TALK_000	0	0	0	0	0	0	0	0	0	0	0	0	0	0	0	0	0	0	0	0	0	0	0	0	1.0	1.0	1.0	0	1.00.0000	1.00.0000	1.00.0000	1.00.0000
303	2	5	0	Q_GATHER10	63	64	0	302	3129	2500097	1	2500115	15	0	0	0	0	0	0	0	0	120	0	0	0	0	0	_F_TALK_000	_F_TALK_000	2400703	1	0	0	0	0	0	0	0	0	0	0	0	0	0	0	0	0	0	0	0	0	0	0	1.0	1.0	1.0	0	1.00.0000	1.00.0000	1.00.0000	1.00.0000
304	2	5	0	Q_MOVIE_CON1	64	65	0	263	0	0	0	0	0	0	0	0	0	0	0	0	0	0	0	0	0	0	0	ROSE_000.wmv	ROSE_000.wmv	0	0	0	0	0	0	0	0	0	0	0	0	0	0	0	0	0	0	0	0	0	0	0	0	1.0	1.0	1.0	0	1.00.0000	1.00.0000	1.00.0000	1.00.0000
305	2	5	0	Q_KILL1	64	65	306	0	140	25	0	0	0	0	0	0	0	0	0	0	0	0	0	0	0	0	0	_F_TALK_000	_F_TALK_000	0	0	0	0	0	0	0	0	0	0	0	0	0	0	0	0	0	0	0	0	0	0	0	0	1.0	1.0	1.0	0	1.00.0000	1.00.0000	1.00.0000	1.00.0000
306	2	5	0	Q_GATHER1	64	66	307	305	2500116	25	0	0	0	0	0	0	0	0	0	0	0	0	0	0	0	0	0	_F_TALK_000	_F_TALK_000	0	0	0	0	0	0	0	0	0	0	0	0	0	0	0	0	0	0	0	0	0	0	0	0	1.0	1.0	1.0	0	1.00.0000	1.00.0000	1.00.0000	1.00.0000
307	2	5	0	Q_KILL1	64	66	0	306	142	25	0	0	0	0	0	0	0	0	0	0	0	0	0	0	0	0	0	_F_TALK_000	_F_TALK_000	2208985	1	0	0	0	0	0	0	0	0	0	0	0	0	0	0	0	0	0	0	0	0	0	0	1.0	1.0	1.0	0	1.00.0000	1.00.0000	1.00.0000	1.00.0000
308	2	5	0	Q_MOVIE_GATHER6	61	61	0	0	2500109	1	2500098	1	2500099	1	180	0	0	0	0	0	0	0	0	0	0	0	0	BISMARCK_000.wmv	BISMARCK_000.wmv	2400704	1	0	0	0	0	0	0	0	0	0	0	0	0	0	0	0	0	0	0	0	0	0	0	1.0	1.0	1.0	0	1.00.0000	1.00.0000	1.00.0000	1.00.0000
309	2	5	0	Q_MOVIE_KILL1	65	67	0	0	523	1	0	0	0	0	0	0	0	0	0	0	523	0	0	0	0	0	0	MYRINA_000.wmv	MYRINA_000.wmv	2600002	1	0	0	0	0	0	0	0	0	0	0	0	0	0	0	0	0	0	0	0	0	0	0	1.0	1.0	1.0	0	1.00.0000	1.00.0000	1.00.0000	1.00.0000
310	2	5	0	Q_MOVIE_GATHER5	65	67	0	132	3130	2500119	1	2500118	15	0	0	0	0	0	0	0	0	0	0	0	0	0	0	MAGELLON_000.wmv	_F_TALK_000	2405095	3	0	0	0	0	0	0	0	0	0	0	0	0	0	0	0	0	0	0	0	0	0	0	1.0	1.0	1.0	0	1.00.0000	1.00.0000	1.00.0000	1.00.0000
311	2	5	0	Q_MOVIE_CON2	66	67	312	275	0	0	0	0	0	0	0	0	0	0	0	0	0	0	0	0	0	0	0	MYRINA_000.wmv	_F_EMOTION_005	0	0	0	0	0	0	0	0	0	0	0	0	0	0	0	0	0	0	0	0	0	0	0	0	1.0	1.0	1.0	0	1.00.0000	1.00.0000	1.00.0000	1.00.0000
312	2	5	0	Q_MOVIE_SEND4	66	68	0	311	2500120	1	2500121	1	0	0	0	0	0	0	0	0	0	0	0	0	0	0	0	_F_EMOTION_005	MYRINA_000.wmv	0	0	0	0	0	0	0	0	0	0	0	0	0	0	0	0	0	0	0	0	0	0	0	0	1.0	1.0	1.0	0	1.00.0000	1.00.0000	1.00.0000	1.00.0000
313	2	5	0	Q_MOVIE_GATHER1	66	68	0	0	2500122	1	0	0	0	0	0	0	0	0	0	0	0	0	0	0	0	0	0	PLATO_000.wmv	PLATO_000.wmv	2405095	3	0	0	0	0	0	0	0	0	0	0	0	0	0	0	0	0	0	0	0	0	0	0	1.0	1.0	1.0	0	1.00.0000	1.00.0000	1.00.0000	1.00.0000
314	2	5	0	Q_MOVIE_SET2	67	68	0	0	315	316	0	0	0	0	0	0	0	0	0	0	0	0	0	0	0	0	0	ODYSSEY_000.wmv	ODYSSEY_000.wmv	2401009	5	0	0	0	0	0	0	0	0	0	0	0	0	0	0	0	0	0	0	0	0	0	0	1.0	1.0	1.0	0	1.00.0000	1.00.0000	1.00.0000	1.00.0000
315	2	5	0	Q_SET14	67	69	0	0	314	145	25	146	1	0	0	0	0	0	0	0	0	0	0	0	0	0	0	_F_ATTACK_001	_F_ATTACK_002	0	0	0	0	0	0	0	0	0	0	0	0	0	0	0	0	0	0	0	0	0	0	0	0	1.0	1.0	1.0	0	1.00.0000	1.00.0000	1.00.0000	1.00.0000
316	2	5	0	Q_SET14	67	69	0	0	314	147	25	148	1	0	0	0	0	0	0	0	0	0	0	0	0	0	0	_F_ATTACK_001	_F_ATTACK_002	0	0	0	0	0	0	0	0	0	0	0	0	0	0	0	0	0	0	0	0	0	0	0	0	1.0	1.0	1.0	0	1.00.0000	1.00.0000	1.00.0000	1.00.0000
317	2	5	0	Q_MOVIE_CON1	68	69	0	292	0	0	0	0	0	0	0	0	0	0	0	0	0	0	0	0	0	0	0	ROSE_000.wmv	ROSE_000.wmv	0	0	0	0	0	0	0	0	0	0	0	0	0	0	0	0	0	0	0	0	0	0	0	0	1.0	1.0	1.0	0	1.00.0000	1.00.0000	1.00.0000	1.00.0000
318	2	5	1	Q_MOVIE_SET2	69	70	0	0	319	320	0	0	0	0	0	0	0	0	0	0	0	137	0	0	0	0	0	JOSEPH_000.wmv	JOSEPH_000.wmv	2405096	3	0	0	0	0	0	0	0	0	0	0	0	0	0	0	0	0	0	0	0	0	0	0	1.0	1.0	1.0	0	1.00.0000	1.00.0000	1.00.0000	1.00.0000
319	2	5	0	Q_SET4	69	70	0	0	318	0	0	0	0	0	0	0	0	0	0	0	0	0	0	0	0	0	0	_F_TALK_000	_F_EMOTION_004	0	0	0	0	0	0	0	0	0	0	0	0	0	0	0	0	0	0	0	0	0	0	0	0	1.0	1.0	1.0	0	1.00.0000	1.00.0000	1.00.0000	1.00.0000
320	2	5	0	Q_SET14	69	70	0	0	318	149	25	150	1	0	0	0	0	0	0	0	0	0	0	0	0	0	0	_F_TALK_000	_F_EMPOWER_000	2205443	1	0	0	0	0	0	0	0	0	0	0	0	0	0	0	0	0	0	0	0	0	0	0	1.0	1.0	1.0	0	1.00.0000	1.00.0000	1.00.0000	1.00.0000
321	2	5	0	Q_MOVIE_KILL1	69	70	0	0	525	1	0	0	0	0	0	0	0	0	0	0	525	0	0	0	0	0	0	MYRINA_000.wmv	MYRINA_000.wmv	2600002	1	2400705	1	0	0	0	0	0	0	0	0	0	0	0	0	0	0	0	0	0	0	0	0	1.0	1.0	1.0	0	1.00.0000	1.00.0000	1.00.0000	1.00.0000
322	1	6	0	Q_MOVIE_CON2	70	70	324	863	0	0	0	0	0	0	0	0	0	0	0	0	198	0	0	0	0	0	0	ODYSSEY_000.wmv	_F_FLEX_000	0	0	0	0	0	0	0	0	0	0	0	0	0	0	0	0	0	0	0	0	0	0	0	0	1.0	1.5	1.0	0	1.00.0000	1.00.0000	1.00.0000	1.00.0000
323	2	2	0	Q_GATHER1	20	26	0	157	2500038	1	0	0	0	0	0	0	0	0	0	0	0	0	0	0	0	0	0	_F_EMOTION_014	_F_EMPOWER_000	2205027	1	0	0	0	0	0	0	0	0	0	0	0	0	0	0	0	0	0	0	0	0	0	0	1.0	1.0	1.0	0	1.00.0000	1.00.0000	1.00.0000	1.00.0000
324	1	6	0	Q_CON1	70	71	325	322	0	0	0	0	0	0	0	0	0	0	0	0	0	0	0	0	0	0	0	_F_TALK_000	_F_FLEX_000	0	0	0	0	0	0	0	0	0	0	0	0	0	0	0	0	0	0	0	0	0	0	0	0	1.0	1.5	1.0	0	1.00.0000	1.00.0000	1.00.0000	1.00.0000
325	1	6	0	Q_GATHER1	70	71	326	324	2500130	20	0	0	0	0	0	0	0	0	0	0	0	0	0	0	0	0	0	_F_TALK_000	_F_HAPPY_000	0	0	0	0	0	0	0	0	0	0	0	0	0	0	0	0	0	0	0	0	0	0	0	0	1.0	1.5	1.0	0	1.00.0000	1.00.0000	1.00.0000	1.00.0000
326	1	6	0	Q_KILL1	70	71	327	325	220	30	0	0	0	0	0	0	0	0	0	0	0	0	0	0	0	0	0	_F_TALK_000	_F_FLEX_000	2401106	3	0	0	0	0	0	0	0	0	0	0	0	0	0	0	0	0	0	0	0	0	0	0	1.0	1.5	1.0	0	1.00.0000	1.00.0000	1.00.0000	1.00.0000
327	1	6	0	Q_GATHER1	70	72	328	326	2500131	5	0	0	0	0	0	0	0	0	0	0	0	0	0	0	0	0	0	_F_TALK_000	_F_FLEX_000	0	0	0	0	0	0	0	0	0	0	0	0	0	0	0	0	0	0	0	0	0	0	0	0	1.0	1.5	1.0	0	1.00.0000	1.00.0000	1.00.0000	1.00.0000
328	1	6	0	Q_SEND3	70	72	329	327	2500131	3	2500132	3	0	0	0	0	0	0	0	0	0	0	0	0	0	0	0	_F_TALK_000	_F_FLEX_000	0	0	0	0	0	0	0	0	0	0	0	0	0	0	0	0	0	0	0	0	0	0	0	0	1.0	1.5	1.0	0	1.00.0000	1.00.0000	1.00.0000	1.00.0000
329	1	6	0	Q_CON1	70	72	330	328	0	0	0	0	0	0	0	0	0	0	0	198	0	0	0	0	0	0	0	_F_TALK_000	_F_HAPPY_000	2401016	1	2400704	3	2600341	5	0	0	0	0	0	0	0	0	0	0	0	0	0	0	0	0	0	0	1.0	1.5	1.0	0	1.00.0000	1.00.0000	1.00.0000	1.00.0000
330	1	6	0	Q_CON1	70	73	331	329	0	0	0	0	0	0	0	0	0	0	0	0	0	0	0	0	0	0	0	_F_HAPPY_000	_F_HAPPY_000	0	0	0	0	0	0	0	0	0	0	0	0	0	0	0	0	0	0	0	0	0	0	0	0	1.0	1.5	1.0	0	1.00.0000	1.00.0000	1.00.0000	1.00.0000
331	1	6	0	Q_KILL1	70	73	332	330	524	5	0	0	0	0	0	0	0	0	0	0	0	0	0	0	0	0	0	_F_FLEX_000	_F_FLEX_000	0	0	0	0	0	0	0	0	0	0	0	0	0	0	0	0	0	0	0	0	0	0	0	0	1.0	1.5	1.0	0	1.00.0000	1.00.0000	1.00.0000	1.00.0000
332	1	6	0	Q_KILL1	70	73	333	331	221	30	0	0	0	0	0	0	0	0	0	0	0	0	0	0	0	0	0	_F_TALK_000	_F_HAPPY_000	2401009	5	0	0	0	0	0	0	0	0	0	0	0	0	0	0	0	0	0	0	0	0	0	0	1.0	1.5	1.0	0	1.00.0000	1.00.0000	1.00.0000	1.00.0000
333	25	0	0	Q_ENTER_INSTANCE1	70	74	0	332	334	2038	0	0	0	0	0	0	0	0	0	0	0	0	0	0	0	0	0	_F_TALK_000	_F_TALK_000	0	0	0	0	0	0	0	0	0	0	0	0	0	0	0	0	0	0	0	0	0	0	0	0	0.0	0.0	0.0	0	1.00.0000	1.00.0000	1.00.0000	1.00.0000
334	1	6	0	Q_INSTANCE_KILL1	70	74	0	332	333	0	593	3	97	0	0	0	0	0	0	0	0	0	0	0	0	0	0	_F_TALK_000	_F_FLEX_000	2401206	3	2600342	5	0	0	0	0	0	0	0	0	0	0	0	0	0	0	0	0	0	0	0	0	1.0	1.5	1.0	0	1.00.0000	1.00.0000	1.00.0000	1.00.0000
335	1	6	1	Q_SET2	72	74	746	334	336	337	0	0	0	0	0	0	0	0	0	0	0	0	0	0	0	0	0	_F_FLEX_000	_F_HAPPY_000	2401106	3	2405096	3	0	0	0	0	0	0	0	0	0	0	0	0	0	0	0	0	0	0	0	0	1.0	1.5	1.0	0	1.00.0000	1.00.0000	1.00.0000	1.00.0000
336	1	6	0	Q_SET6	72	75	337	334	335	2500133	1	0	0	0	0	0	0	0	0	0	0	0	0	0	0	0	0	_F_EMOTION_005	_F_EMOTION_005	2205630	1	0	0	0	0	0	0	0	0	0	0	0	0	0	0	0	0	0	0	0	0	0	0	1.0	1.5	1.0	0	1.00.0000	1.00.0000	1.00.0000	1.00.0000
337	1	6	1	Q_SET9	72	75	0	336	335	8519	0	0	0	0	0	0	0	0	0	0	0	0	0	0	0	0	0	_F_EMOTION_005	_F_EMOTION_005	0	0	0	0	0	0	0	0	0	0	0	0	0	0	0	0	0	0	0	0	0	0	0	0	1.0	1.5	1.0	0	1.00.0000	1.00.0000	1.00.0000	1.00.0000
338	1	6	0	Q_CON1	72	75	0	746	0	0	0	0	0	0	0	0	0	0	0	0	0	0	206	0	0	0	0	_F_TALK_000	_F_FLEX_000	0	0	0	0	0	0	0	0	0	0	0	0	0	0	0	0	0	0	0	0	0	0	0	0	1.0	1.5	1.0	0	1.00.0000	1.00.0000	1.00.0000	1.00.0000
339	1	6	0	Q_CON2	72	76	340	338	60	0	0	0	0	0	0	0	0	0	0	206	207	0	0	0	0	0	0	_F_TALK_000	_F_EMOTION_015	0	0	0	0	0	0	0	0	0	0	0	0	0	0	0	0	0	0	0	0	0	0	0	0	1.0	1.5	1.0	0	1.00.0000	1.00.0000	1.00.0000	1.00.0000
340	1	6	0	Q_ADD_MOBBUFF1	72	76	0	339	8500	255	0	0	0	0	0	0	0	0	0	0	0	208	0	0	0	207	0	_F_EMOTION_015	_F_FLEX_000	2401009	5	0	0	0	0	0	0	0	0	0	0	0	0	0	0	0	0	0	0	0	0	0	0	1.0	1.5	1.0	0	1.00.0000	1.00.0000	1.00.0000	1.00.0000
341	1	6	0	Q_CON1	73	76	342	340	0	0	0	0	0	0	0	0	0	0	0	0	0	0	0	0	0	0	0	_F_TALK_000	_F_FLEX_000	0	0	0	0	0	0	0	0	0	0	0	0	0	0	0	0	0	0	0	0	0	0	0	0	1.0	1.5	1.0	0	1.00.0000	1.00.0000	1.00.0000	1.00.0000
342	1	6	0	Q_KILL1	73	77	343	341	223	30	0	0	0	0	0	0	0	0	0	0	0	0	0	0	0	0	0	_F_TALK_000	_F_TALK_000	0	0	0	0	0	0	0	0	0	0	0	0	0	0	0	0	0	0	0	0	0	0	0	0	1.0	1.5	1.0	0	1.00.0000	1.00.0000	1.00.0000	1.00.0000
343	1	6	0	Q_GATHER1	73	77	344	342	2500135	5	0	0	0	0	0	0	0	0	0	0	0	0	0	0	0	0	0	_F_TALK_000	_F_TALK_000	0	0	0	0	0	0	0	0	0	0	0	0	0	0	0	0	0	0	0	0	0	0	0	0	1.0	1.5	1.0	0	1.00.0000	1.00.0000	1.00.0000	1.00.0000
344	1	6	0	Q_CON1	73	77	345	343	0	0	0	0	0	0	0	0	0	0	0	0	0	0	0	0	0	0	0	_F_TALK_000	_F_EMPOWER_000	0	0	0	0	0	0	0	0	0	0	0	0	0	0	0	0	0	0	0	0	0	0	0	0	1.0	1.5	1.0	0	1.00.0000	1.00.0000	1.00.0000	1.00.0000
345	1	6	1	Q_SET1	73	78	0	344	346	0	0	0	0	0	0	0	0	0	0	0	0	0	0	0	0	0	0	_F_EMPOWER_000	_F_EMOTION_008	2401206	3	0	0	0	0	0	0	0	0	0	0	0	0	0	0	0	0	0	0	0	0	0	0	1.0	1.5	1.0	0	1.00.0000	1.00.0000	1.00.0000	1.00.0000
346	1	6	0	Q_SET7	73	78	0	344	345	225	30	0	0	0	0	0	0	0	0	0	0	211	753	0	0	0	0	_F_EMOTION_014	_F_EMOTION_015	0	0	0	0	0	0	0	0	0	0	0	0	0	0	0	0	0	0	0	0	0	0	0	0	1.0	1.5	1.0	0	1.00.0000	1.00.0000	1.00.0000	1.00.0000
347	40	0	0	Q_INSTANCE_ADD_MOBBUFF1	74	78	0	345	356	8500	255	787	0	0	0	0	0	0	0	0	0	0	0	0	0	0	0	_F_TALK_000	_F_TALK_000	0	0	0	0	0	0	0	0	0	0	0	0	0	0	0	0	0	0	0	0	0	0	0	0	0.0	0.0	0.0	0	1.00.0000	1.00.0000	1.00.0000	1.00.0000
348	1	6	0	Q_KILL1	74	78	349	356	228	30	0	0	0	0	0	0	0	0	0	0	0	0	0	0	0	0	0	_F_EMOTION_000	_F_FLEX_000	0	0	0	0	0	0	0	0	0	0	0	0	0	0	0	0	0	0	0	0	0	0	0	0	1.0	1.5	1.0	0	1.00.0000	1.00.0000	1.00.0000	1.00.0000
349	1	6	0	Q_CON1	74	79	350	348	0	0	0	0	0	0	0	0	0	0	0	0	0	0	0	0	0	0	0	_F_TALK_000	_F_FLEX_000	0	0	0	0	0	0	0	0	0	0	0	0	0	0	0	0	0	0	0	0	0	0	0	0	1.0	1.5	1.0	0	1.00.0000	1.00.0000	1.00.0000	1.00.0000
350	1	6	0	Q_CON1	74	79	351	349	0	0	0	0	0	0	0	0	0	0	0	0	0	0	0	0	0	0	0	_F_FLEX_000	_F_FLEX_000	2401106	3	0	0	0	0	0	0	0	0	0	0	0	0	0	0	0	0	0	0	0	0	0	0	1.0	1.5	1.0	0	1.00.0000	1.00.0000	1.00.0000	1.00.0000
351	1	6	0	Q_GATHER1	74	79	352	350	2500136	5	0	0	0	0	0	0	0	0	0	0	0	0	0	0	0	0	0	_F_TALK_000	_F_TALK_000	0	0	0	0	0	0	0	0	0	0	0	0	0	0	0	0	0	0	0	0	0	0	0	0	1.0	1.5	1.0	0	1.00.0000	1.00.0000	1.00.0000	1.00.0000
352	1	6	0	Q_GATHER10	74	79	353	351	3168	2500139	1	2500137	20	2500138	1	0	0	0	0	0	0	0	0	0	0	0	0	_F_TALK_000	_F_FLEX_000	2205248	1	0	0	0	0	0	0	0	0	0	0	0	0	0	0	0	0	0	0	0	0	0	0	1.0	1.5	1.0	0	1.00.0000	1.00.0000	1.00.0000	1.00.0000
353	1	6	0	Q_SEND1	74	79	0	352	2500139	1	0	0	0	0	0	0	0	0	0	0	0	0	0	0	0	0	0	_F_FLEX_000	_F_TALK_000	2208990	1	2208990	1	2208990	1	2401009	5	0	0	0	0	0	0	0	0	0	0	0	0	0	0	0	0	1.0	1.5	1.0	0	1.00.0000	1.00.0000	1.00.0000	1.00.0000
354	1	6	0	Q_CON1	80	80	0	855	0	0	0	0	0	0	0	0	0	0	0	0	0	214	216	0	826	0	0	_F_FLEX_000	_F_TALK_000	0	0	0	0	0	0	0	0	0	0	0	0	0	0	0	0	0	0	0	0	0	0	0	0	1.0	1.5	1.0	0	1.00.0000	1.00.0000	1.00.0000	1.00.0000
355	2	6	0	Q_MOVIE_GATHER2	72	72	0	328	2500128	1	2500145	1	0	0	0	0	0	0	0	0	0	0	0	0	0	0	0	BISMARCK_000.wmv	BISMARCK_000.wmv	2405096	3	0	0	0	0	0	0	0	0	0	0	0	0	0	0	0	0	0	0	0	0	0	0	1.0	1.0	1.0	0	1.00.0000	1.00.0000	1.00.0000	1.00.0000
356	1	6	0	Q_GATHER1	74	78	348	345	2500152	1	0	0	0	0	0	0	0	0	0	0	0	0	0	0	0	0	0	_F_EMPOWER_000	_F_EMOTION_000	0	0	0	0	0	0	0	0	0	0	0	0	0	0	0	0	0	0	0	0	0	0	0	0	1.0	1.5	1.0	0	1.00.0000	1.00.0000	1.00.0000	1.00.0000
357	1	2	0	Q_GATHER1	20	30	71	70	2500027	3	0	0	0	0	0	0	0	0	0	0	0	0	0	0	0	0	0	_F_TALK_000	_F_EMOTION_001	0	0	0	0	0	0	0	0	0	0	0	0	0	0	0	0	0	0	0	0	0	0	0	0	1.0	1.5	1.0	0	1.00.0000	1.00.0000	1.00.0000	1.00.0000
358	1	6	0	Q_CON1	80	80	0	354	0	0	0	0	0	0	0	0	0	0	0	0	0	0	0	0	0	0	0	_F_TALK_000	_F_TALK_000	0	0	0	0	0	0	0	0	0	0	0	0	0	0	0	0	0	0	0	0	0	0	0	0	1.0	1.5	1.0	0	1.00.0000	1.00.0000	1.00.0000	1.00.0000
359	1	6	0	Q_GATHER10	80	80	360	358	3169	2500142	1	2500140	15	2500141	15	0	0	0	0	0	0	0	0	0	0	0	0	_F_FLEX_000	_F_TALK_000	0	0	0	0	0	0	0	0	0	0	0	0	0	0	0	0	0	0	0	0	0	0	0	0	1.0	1.5	1.0	0	1.00.0000	1.00.0000	1.00.0000	1.00.0000
360	1	6	0	Q_CON1	80	80	0	359	0	0	0	0	0	0	0	0	0	0	0	216	0	0	0	0	0	0	0	_F_FLEX_000	_F_TALK_000	2401106	3	2401023	1	0	0	0	0	0	0	0	0	0	0	0	0	0	0	0	0	0	0	0	0	1.0	1.5	1.0	0	1.00.0000	1.00.0000	1.00.0000	1.00.0000
361	1	127	0	Q_MOVIE_CON2	81	81	387	0	0	0	0	0	0	0	0	0	0	0	0	0	8008	0	0	0	0	0	0	PLATO_000.wmv	_F_TALK_000	0	0	0	0	0	0	0	0	0	0	0	0	0	0	0	0	0	0	0	0	0	0	0	0	1.0	1.5	1.0	0	1.01.0000	1.01.0000	1.01.0000	1.01.0000
362	2	6	0	Q_KILL1	71	71	0	0	220	30	0	0	0	0	0	0	0	0	0	0	0	0	0	0	0	0	0	_F_TALK_000	_F_TALK_000	0	0	0	0	0	0	0	0	0	0	0	0	0	0	0	0	0	0	0	0	0	0	0	0	1.0	1.0	1.0	0	1.00.0000	1.00.0000	1.00.0000	1.00.0000
363	2	6	0	Q_GATHER1	71	71	0	0	2500129	30	0	0	0	0	0	0	0	0	0	0	0	0	0	0	0	0	0	_F_EMOTION_014	_F_TALK_000	0	0	0	0	0	0	0	0	0	0	0	0	0	0	0	0	0	0	0	0	0	0	0	0	1.0	1.0	1.0	0	1.00.0000	1.00.0000	1.00.0000	1.00.0000
364	2	6	0	Q_GATHER1	72	72	0	0	2500143	5	0	0	0	0	0	0	0	0	0	0	0	0	0	0	0	0	0	_F_EMOTION_005	_F_EMOTION_005	0	0	0	0	0	0	0	0	0	0	0	0	0	0	0	0	0	0	0	0	0	0	0	0	1.0	1.0	1.0	0	1.00.0000	1.00.0000	1.00.0000	1.00.0000
365	2	6	0	Q_KILL1	72	72	0	0	219	30	0	0	0	0	0	0	0	0	0	0	0	0	0	0	0	0	0	_F_TALK_000	_F_TALK_000	0	0	0	0	0	0	0	0	0	0	0	0	0	0	0	0	0	0	0	0	0	0	0	0	1.0	1.0	1.0	0	1.00.0000	1.00.0000	1.00.0000	1.00.0000
366	2	6	1	Q_MOVIE_CHECKBUFF	73	73	368	329	8520	8540	0	0	0	0	0	0	0	0	0	0	0	0	0	0	0	0	0	HAYREDIN_000.wmv	_F_HAPPY_000	0	0	0	0	0	0	0	0	0	0	0	0	0	0	0	0	0	0	0	0	0	0	0	0	1.0	1.0	1.0	0	1.00.0000	1.00.0000	1.00.0000	1.00.0000
367	2	6	0	Q_GATHER1	73	73	0	0	2500144	30	0	0	0	0	0	0	0	0	0	0	0	0	0	0	0	0	0	_F_SAD_000	_F_SAD_000	0	0	0	0	0	0	0	0	0	0	0	0	0	0	0	0	0	0	0	0	0	0	0	0	1.0	1.0	1.0	0	1.00.0000	1.00.0000	1.00.0000	1.00.0000
368	2	6	0	Q_MOVIE_KILL5	73	74	0	366	222	1	0	0	0	0	0	0	0	0	0	0	0	0	0	0	0	0	0	_F_SAD_000	HAYREDIN_000.wmv	2405096	3	0	0	0	0	0	0	0	0	0	0	0	0	0	0	0	0	0	0	0	0	0	0	1.0	1.0	1.0	0	1.00.0000	1.00.0000	1.00.0000	1.00.0000
369	2	6	0	Q_MOVIE_CON1	74	74	0	368	0	0	0	0	0	0	0	0	0	0	0	0	0	0	0	0	0	0	0	EDWARD_000.wmv	EDWARD_000.wmv	0	0	0	0	0	0	0	0	0	0	0	0	0	0	0	0	0	0	0	0	0	0	0	0	1.0	1.0	1.0	0	1.00.0000	1.00.0000	1.00.0000	1.00.0000
370	2	6	0	Q_GATHER1	78	78	0	374	2500158	1	0	0	0	0	0	0	0	0	0	0	0	0	0	0	0	0	0	_F_EMPOWER_000	_F_EMOTION_000	2405096	3	0	0	0	0	0	0	0	0	0	0	0	0	0	0	0	0	0	0	0	0	0	0	1.0	1.0	1.0	0	1.00.0000	1.00.0000	1.00.0000	1.00.0000
371	2	6	0	Q_GATHER1	75	75	0	364	2500146	30	0	0	0	0	0	0	0	0	0	0	0	0	0	0	0	0	0	_F_EMOTION_005	_F_EMOTION_005	0	0	0	0	0	0	0	0	0	0	0	0	0	0	0	0	0	0	0	0	0	0	0	0	1.0	1.0	1.0	0	1.00.0000	1.00.0000	1.00.0000	1.00.0000
372	2	6	0	Q_KILL4	76	76	373	356	224	15	600	0	0	0	0	0	0	0	0	0	0	0	0	0	0	0	0	_F_EMOTION_000	_F_TALK_000	0	0	0	0	0	0	0	0	0	0	0	0	0	0	0	0	0	0	0	0	0	0	0	0	1.0	1.0	1.0	0	1.00.0000	1.00.0000	1.00.0000	1.00.0000
373	2	6	0	Q_KILL4	76	76	374	372	225	15	600	0	0	0	0	0	0	0	0	0	0	0	0	0	0	0	0	_F_TALK_000	_F_TALK_000	0	0	0	0	0	0	0	0	0	0	0	0	0	0	0	0	0	0	0	0	0	0	0	0	1.0	1.0	1.0	0	1.00.0000	1.00.0000	1.00.0000	1.00.0000
374	2	6	0	Q_KILL4	76	77	0	373	226	1	300	0	0	0	0	0	0	0	0	0	0	0	0	0	0	0	0	_F_EMPOWER_000	_F_EMOTION_000	0	0	0	0	0	0	0	0	0	0	0	0	0	0	0	0	0	0	0	0	0	0	0	0	1.0	1.0	1.0	0	1.00.0000	1.00.0000	1.00.0000	1.00.0000
375	40	0	0	Q_INSTANCE_ADD_MOBBUFF1	78	78	0	374	370	8500	255	787	0	0	0	0	0	0	0	0	0	0	0	0	0	0	0	_F_EMPOWER_000	_F_EMPOWER_000	0	0	0	0	0	0	0	0	0	0	0	0	0	0	0	0	0	0	0	0	0	0	0	0	0.0	0.0	0.0	0	1.00.0000	1.00.0000	1.00.0000	1.00.0000
376	2	6	0	Q_KILL1	77	77	377	345	228	30	0	0	0	0	0	0	0	0	0	0	0	0	0	0	0	0	0	_F_EMOTION_000	_F_EMOTION_008	0	0	0	0	0	0	0	0	0	0	0	0	0	0	0	0	0	0	0	0	0	0	0	0	1.0	1.0	1.0	0	1.00.0000	1.00.0000	1.00.0000	1.00.0000
377	2	6	0	Q_GATHER2	77	78	0	376	2500147	15	2500148	15	0	0	0	0	0	0	0	0	0	0	0	0	0	0	0	_F_EMOTION_008	_F_EMOTION_008	0	0	0	0	0	0	0	0	0	0	0	0	0	0	0	0	0	0	0	0	0	0	0	0	1.0	1.0	1.0	0	1.00.0000	1.00.0000	1.00.0000	1.00.0000
378	2	6	1	Q_CHECKBUFF1	78	78	0	0	8518	8586	0	0	0	0	0	0	0	0	0	0	217	217	0	0	0	0	0	_F_FLEX_000	_F_HAPPY_000	2208985	1	0	0	0	0	0	0	0	0	0	0	0	0	0	0	0	0	0	0	0	0	0	0	1.0	1.0	1.0	0	1.00.0000	1.00.0000	1.00.0000	1.00.0000
379	40	0	0	Q_SET10	78	78	0	0	378	8517	0	0	0	0	0	0	0	0	0	0	0	0	0	0	0	0	0	_F_EMOTION_006	_F_EMOTION_006	0	0	0	0	0	0	0	0	0	0	0	0	0	0	0	0	0	0	0	0	0	0	0	0	0.0	0.0	0.0	0	1.00.0000	1.00.0000	1.00.0000	1.00.0000
380	40	0	0	Q_SET10	78	78	0	0	378	8518	0	0	0	0	0	0	0	0	0	0	0	0	0	0	0	0	0	_F_EMOTION_006	_F_EMOTION_006	0	0	0	0	0	0	0	0	0	0	0	0	0	0	0	0	0	0	0	0	0	0	0	0	0.0	0.0	0.0	0	1.00.0000	1.00.0000	1.00.0000	1.00.0000
381	2	6	0	Q_GATHER1	79	79	0	0	2500149	30	0	0	0	0	0	0	0	0	0	0	0	0	0	0	0	0	0	_F_TALK_000	_F_HAPPY_000	0	0	0	0	0	0	0	0	0	0	0	0	0	0	0	0	0	0	0	0	0	0	0	0	1.0	1.0	1.0	0	1.00.0000	1.00.0000	1.00.0000	1.00.0000
382	2	6	0	Q_KILL3	79	79	0	0	225	10	227	10	228	10	0	0	0	0	0	0	0	0	0	0	0	0	0	_F_TALK_000	_F_FLEX_000	0	0	0	0	0	0	0	0	0	0	0	0	0	0	0	0	0	0	0	0	0	0	0	0	1.0	1.0	1.0	0	1.00.0000	1.00.0000	1.00.0000	1.00.0000
383	2	6	0	Q_MOVIE_CON1	79	79	384	369	0	0	0	0	0	0	0	0	0	0	0	0	0	0	0	0	0	0	0	EDWARD_000.wmv	EDWARD_000.wmv	0	0	0	0	0	0	0	0	0	0	0	0	0	0	0	0	0	0	0	0	0	0	0	0	1.0	1.0	1.0	0	1.00.0000	1.00.0000	1.00.0000	1.00.0000
384	2	6	0	Q_MOVIE_KILL1	79	79	385	383	229	30	0	0	0	0	0	0	0	0	0	0	0	0	0	0	0	0	0	EDWARD_000.wmv	EDWARD_000.wmv	2405096	3	0	0	0	0	0	0	0	0	0	0	0	0	0	0	0	0	0	0	0	0	0	0	1.0	1.0	1.0	0	1.00.0000	1.00.0000	1.00.0000	1.00.0000
385	2	6	1	Q_MOVIE_CHECKBUFF	79	79	0	384	8526	8540	0	0	0	0	0	0	0	0	0	0	0	0	0	0	0	0	0	EDWARD_000.wmv	EDWARD_000.wmv	2405096	3	0	0	0	0	0	0	0	0	0	0	0	0	0	0	0	0	0	0	0	0	0	0	1.0	1.0	1.0	0	1.00.0000	1.00.0000	1.00.0000	1.00.0000
386	25	0	0	Q_ENTER_INSTANCE2	81	81	0	0	361	387	2039	0	0	0	0	0	0	0	0	0	0	0	0	0	0	0	0	_F_TALK_000	_F_TALK_000	0	0	0	0	0	0	0	0	0	0	0	0	0	0	0	0	0	0	0	0	0	0	0	0	0.0	0.0	0.0	0	1.01.0000	1.01.0000	1.01.0000	1.01.0000
387	1	127	0	Q_INSTANCE_KILL2	81	81	0	361	386	8557	618	2	619	1	98	0	0	0	0	0	0	8008	363	0	0	0	0	_F_TALK_000	_F_FLEX_000	2600020	1	0	0	0	0	0	0	0	0	0	0	0	0	0	0	0	0	0	0	0	0	0	0	1.0	1.5	1.0	0	1.01.0000	1.01.0000	1.01.0000	1.01.0000
388	1	7	0	Q_CON1	81	81	389	387	0	0	0	0	0	0	0	0	0	0	0	0	0	0	0	0	0	0	0	_F_FLEX_000	_F_TALK_000	0	0	0	0	0	0	0	0	0	0	0	0	0	0	0	0	0	0	0	0	0	0	0	0	1.0	1.5	1.0	0	1.01.0000	1.01.0000	1.01.0000	1.01.0000
389	1	7	0	Q_KILL1	81	81	0	388	385	25	0	0	0	0	0	0	0	0	0	0	0	0	0	0	0	0	0	_F_TALK_000	_F_TALK_000	0	0	0	0	0	0	0	0	0	0	0	0	0	0	0	0	0	0	0	0	0	0	0	0	1.0	1.5	1.0	0	1.01.0000	1.01.0000	1.01.0000	1.01.0000
390	1	7	0	Q_GATHER1	81	81	391	389	2500160	25	0	0	0	0	0	0	0	0	0	0	0	0	0	0	0	0	0	_F_TALK_000	_F_FLEX_000	0	0	0	0	0	0	0	0	0	0	0	0	0	0	0	0	0	0	0	0	0	0	0	0	1.0	1.5	1.0	0	1.01.0000	1.01.0000	1.01.0000	1.01.0000
391	1	7	0	Q_GATHER1	81	81	392	390	2500161	5	0	0	0	0	0	0	0	0	0	0	0	0	0	0	0	0	0	_F_HAPPY_000	_F_FLEX_000	0	0	0	0	0	0	0	0	0	0	0	0	0	0	0	0	0	0	0	0	0	0	0	0	1.0	1.5	1.0	0	1.01.0000	1.01.0000	1.01.0000	1.01.0000
392	1	7	0	Q_CON1	81	81	0	391	0	0	0	0	0	0	0	0	0	0	0	0	0	0	0	0	0	0	0	_F_TALK_000	_F_EMOTION_000	0	0	0	0	0	0	0	0	0	0	0	0	0	0	0	0	0	0	0	0	0	0	0	0	1.0	1.5	1.0	0	1.01.0000	1.01.0000	1.01.0000	1.01.0000
393	1	7	0	Q_KILL1	81	81	0	392	530	1	0	0	0	0	0	0	0	0	0	0	367	0	0	0	0	0	0	_F_TALK_000	_F_FLEX_000	0	0	0	0	0	0	0	0	0	0	0	0	0	0	0	0	0	0	0	0	0	0	0	0	1.0	1.5	1.0	0	1.01.0000	1.01.0000	1.01.0000	1.01.0000
394	1	7	1	Q_SET1	81	82	0	393	395	0	0	0	0	0	0	0	0	0	0	0	0	0	0	0	0	0	0	_F_FLEX_000	_F_FLEX_000	2405097	5	0	0	0	0	0	0	0	0	0	0	0	0	0	0	0	0	0	0	0	0	0	0	1.0	1.5	1.0	0	1.01.0000	1.01.0000	1.01.0000	1.01.0000
395	1	7	0	Q_SET6	81	82	0	393	394	2500162	25	0	0	0	0	0	0	0	0	0	0	0	368	0	0	0	0	_F_TALK_000	_F_TALK_000	0	0	0	0	0	0	0	0	0	0	0	0	0	0	0	0	0	0	0	0	0	0	0	0	1.0	1.5	1.0	0	1.01.0000	1.01.0000	1.01.0000	1.01.0000
396	1	7	0	Q_GATHER1	81	82	0	394	2500163	5	0	0	0	0	0	0	0	0	0	0	0	0	0	0	0	0	0	_F_FLEX_000	_F_HAPPY_000	0	0	0	0	0	0	0	0	0	0	0	0	0	0	0	0	0	0	0	0	0	0	0	0	1.0	1.5	1.0	0	1.01.0000	1.01.0000	1.01.0000	1.01.0000
397	1	7	0	Q_SEND1	81	82	398	396	2500159	1	0	0	0	0	0	0	0	0	0	0	369	0	0	0	0	0	0	_F_TALK_000	_F_TALK_000	2401010	5	0	0	0	0	0	0	0	0	0	0	0	0	0	0	0	0	0	0	0	0	0	0	1.0	1.5	1.0	0	1.01.0000	1.01.0000	1.01.0000	1.01.0000
398	1	7	0	Q_GATHER1	81	82	0	397	2500164	25	0	0	0	0	0	0	0	0	0	0	0	369	370	0	0	0	0	_F_TALK_000	_F_TALK_000	0	0	0	0	0	0	0	0	0	0	0	0	0	0	0	0	0	0	0	0	0	0	0	0	1.0	1.5	1.0	0	1.01.0000	1.01.0000	1.01.0000	1.01.0000
399	1	7	0	Q_KILL2	81	83	400	398	385	15	388	15	0	0	0	0	0	0	0	363	371	0	0	0	0	0	0	_F_FLEX_000	_F_HAPPY_000	2401106	3	0	0	0	0	0	0	0	0	0	0	0	0	0	0	0	0	0	0	0	0	0	0	1.0	1.5	1.0	0	1.01.0000	1.01.0000	1.01.0000	1.01.0000
400	1	7	0	Q_CON1	81	83	0	399	0	0	0	0	0	0	0	0	0	0	0	0	0	0	0	0	0	0	0	_F_HAPPY_000	_F_FLEX_000	0	0	0	0	0	0	0	0	0	0	0	0	0	0	0	0	0	0	0	0	0	0	0	0	1.0	1.5	1.0	0	1.01.0000	1.01.0000	1.01.0000	1.01.0000
401	1	7	0	Q_GATHER10	81	83	402	400	3173	2500166	1	2500165	25	0	0	0	0	0	0	0	0	0	0	0	0	0	0	_F_TALK_000	_F_FLEX_000	0	0	0	0	0	0	0	0	0	0	0	0	0	0	0	0	0	0	0	0	0	0	0	0	1.0	1.5	1.0	0	1.01.0000	1.01.0000	1.01.0000	1.01.0000
402	1	7	0	Q_KILL1	81	83	403	401	532	3	0	0	0	0	0	0	0	0	0	0	0	0	0	0	0	0	0	_F_FLEX_000	_F_EMOTION_015	0	0	0	0	0	0	0	0	0	0	0	0	0	0	0	0	0	0	0	0	0	0	0	0	1.0	1.5	1.0	0	1.01.0000	1.01.0000	1.01.0000	1.01.0000
403	1	7	0	Q_GATHER1	81	83	404	402	2500167	1	0	0	0	0	0	0	0	0	0	0	0	0	0	0	0	0	0	_F_TALK_000	_F_TALK_000	0	0	0	0	0	0	0	0	0	0	0	0	0	0	0	0	0	0	0	0	0	0	0	0	1.0	1.5	1.0	0	1.01.0000	1.01.0000	1.01.0000	1.01.0000
404	1	7	0	Q_SEND1	81	84	405	403	2500168	1	0	0	0	0	0	0	0	0	0	0	0	0	0	0	0	0	0	_F_TALK_000	_F_EMOTION_015	0	0	0	0	0	0	0	0	0	0	0	0	0	0	0	0	0	0	0	0	0	0	0	0	1.0	1.5	1.0	0	1.01.0000	1.01.0000	1.01.0000	1.01.0000
405	1	7	0	Q_GATHER1	81	84	406	404	2500155	25	0	0	0	0	0	0	0	0	0	0	0	0	0	0	0	0	0	_F_TALK_000	_F_HAPPY_000	0	0	0	0	0	0	0	0	0	0	0	0	0	0	0	0	0	0	0	0	0	0	0	0	1.0	1.5	1.0	0	1.01.0000	1.01.0000	1.01.0000	1.01.0000
406	1	7	1	Q_SET1	81	84	0	405	407	0	0	0	0	0	0	0	0	0	0	0	0	0	0	0	0	0	0	_F_HAPPY_000	_F_EMOTION_015	2401206	3	2600005	5	0	0	0	0	0	0	0	0	0	0	0	0	0	0	0	0	0	0	0	0	1.0	1.5	1.0	0	1.01.0000	1.01.0000	1.01.0000	1.01.0000
407	1	7	0	Q_SET7	81	84	0	405	406	392	25	0	0	0	0	0	0	0	0	0	0	0	0	0	0	0	0	_F_TALK_000	_F_TALK_000	0	0	0	0	0	0	0	0	0	0	0	0	0	0	0	0	0	0	0	0	0	0	0	0	1.0	1.5	1.0	0	1.01.0000	1.01.0000	1.01.0000	1.01.0000
408	1	7	0	Q_KILL2	81	84	0	406	392	20	393	1	0	0	0	0	0	0	0	0	0	0	0	0	0	0	0	_F_FLEX_000	_F_EMOTION_015	0	0	0	0	0	0	0	0	0	0	0	0	0	0	0	0	0	0	0	0	0	0	0	0	1.0	1.5	1.0	0	1.01.0000	1.01.0000	1.01.0000	1.01.0000
409	1	7	0	Q_KILL1	81	85	410	408	394	25	0	0	0	0	0	0	0	0	0	0	0	0	0	0	0	0	0	_F_FLEX_000	_F_EMOTION_000	0	0	0	0	0	0	0	0	0	0	0	0	0	0	0	0	0	0	0	0	0	0	0	0	1.0	1.5	1.0	0	1.01.0000	1.01.0000	1.01.0000	1.01.0000
410	1	7	0	Q_KILL1	81	85	411	409	534	5	0	0	0	0	0	0	0	0	0	0	0	0	382	0	0	0	0	_F_TALK_000	_F_FLEX_000	0	0	0	0	0	0	0	0	0	0	0	0	0	0	0	0	0	0	0	0	0	0	0	0	1.0	1.5	1.0	0	1.01.0000	1.01.0000	1.01.0000	1.01.0000
411	1	7	0	Q_KILL1	81	85	0	410	395	25	0	0	0	0	0	0	0	0	0	371	383	0	0	0	0	0	0	_F_TALK_000	_F_FLEX_000	0	0	0	0	0	0	0	0	0	0	0	0	0	0	0	0	0	0	0	0	0	0	0	0	1.0	1.5	1.0	0	1.01.0000	1.01.0000	1.01.0000	1.01.0000
412	1	7	0	Q_CON1	81	85	413	411	0	0	0	0	0	0	0	0	0	0	0	0	0	0	0	0	0	0	0	_F_TALK_000	_F_FLEX_000	0	0	0	0	0	0	0	0	0	0	0	0	0	0	0	0	0	0	0	0	0	0	0	0	1.0	1.5	1.0	0	1.01.0000	1.01.0000	1.01.0000	1.01.0000
413	1	7	1	Q_SET2	81	86	856	412	414	415	0	0	0	0	0	0	0	0	0	0	0	0	0	0	0	0	0	_F_HAPPY_000	_F_FLEX_000	2208991	3	0	0	0	0	0	0	0	0	0	0	0	0	0	0	0	0	0	0	0	0	0	0	1.0	1.5	1.0	0	1.01.0000	1.01.0000	1.01.0000	1.01.0000
414	1	7	0	Q_SET7	81	86	0	412	413	396	25	0	0	0	0	0	0	0	0	0	0	0	0	0	0	0	0	_F_TALK_000	_F_TALK_000	0	0	0	0	0	0	0	0	0	0	0	0	0	0	0	0	0	0	0	0	0	0	0	0	1.0	1.5	1.0	0	1.01.0000	1.01.0000	1.01.0000	1.01.0000
415	1	7	0	Q_SET15	81	86	0	412	413	2500169	25	2500170	1	0	0	0	0	0	0	0	0	0	0	0	0	0	0	_F_TALK_000	_F_TALK_000	0	0	0	0	0	0	0	0	0	0	0	0	0	0	0	0	0	0	0	0	0	0	0	0	1.0	1.5	1.0	0	1.01.0000	1.01.0000	1.01.0000	1.01.0000
416	25	0	0	Q_ENTER_INSTANCE1	85	86	0	856	420	2040	0	0	0	0	0	0	0	0	0	0	0	0	0	0	0	0	0	_F_TALK_000	_F_TALK_000	0	0	0	0	0	0	0	0	0	0	0	0	0	0	0	0	0	0	0	0	0	0	0	0	0.0	0.0	0.0	0	1.01.0000	1.01.0000	1.01.0000	1.01.0000
417	1	7	0	Q_INSTANCE_KILL1	85	86	418	856	0	0	596	1	0	0	0	0	0	0	0	0	0	0	0	0	0	0	0	_F_TALK_000	_F_FLEX_000	2600021	1	0	0	0	0	0	0	0	0	0	0	0	0	0	0	0	0	0	0	0	0	0	0	1.0	1.5	1.0	0	1.01.0000	1.01.0000	1.01.0000	1.01.0000
418	1	7	1	Q_SET1	85	86	420	417	419	0	0	0	0	0	0	0	0	0	0	0	595	0	0	0	0	0	0	_F_FLEX_000	_F_HAPPY_000	0	0	0	0	0	0	0	0	0	0	0	0	0	0	0	0	0	0	0	0	0	0	0	0	1.0	1.5	1.0	0	1.01.0000	1.01.0000	1.01.0000	1.01.0000
419	1	7	0	Q_SET4	85	86	0	417	418	0	0	0	0	0	0	0	0	0	0	0	0	0	0	0	0	0	0	_F_TALK_000	_F_TALK_000	0	0	0	0	0	0	0	0	0	0	0	0	0	0	0	0	0	0	0	0	0	0	0	0	1.0	1.5	1.0	0	1.01.0000	1.01.0000	1.01.0000	1.01.0000
420	1	7	0	Q_INSTANCE_CON	85	86	0	418	416	99	0	0	0	0	0	0	0	0	0	595	0	0	0	0	0	0	0	_F_HAPPY_000	_F_SAD_000	0	0	0	0	0	0	0	0	0	0	0	0	0	0	0	0	0	0	0	0	0	0	0	0	1.0	1.5	1.0	0	1.01.0000	1.01.0000	1.01.0000	1.01.0000
421	1	7	0	Q_CON1	85	86	454	420	0	0	0	0	0	0	0	0	0	0	0	0	0	0	0	0	0	0	0	_F_FLEX_000	_F_TALK_000	2401106	3	0	0	0	0	0	0	0	0	0	0	0	0	0	0	0	0	0	0	0	0	0	0	1.0	1.5	1.0	0	1.01.0000	1.01.0000	1.01.0000	1.01.0000
422	2	7	0	Q_GATHER1	81	81	423	0	2500171	5	0	0	0	0	0	0	0	0	0	0	0	0	0	0	0	0	0	_F_TALK_000	_F_EMOTION_001	0	0	0	0	0	0	0	0	0	0	0	0	0	0	0	0	0	0	0	0	0	0	0	0	1.0	1.0	1.0	0	1.01.0000	1.01.0000	1.01.0000	1.01.0000
423	2	7	0	Q_GATHER10	81	81	0	422	3174	2500173	1	2500172	30	0	0	0	0	0	0	0	0	0	0	0	0	0	0	_F_TALK_000	_F_EMOTION_001	2401010	5	0	0	0	0	0	0	0	0	0	0	0	0	0	0	0	0	0	0	0	0	0	0	1.0	1.0	1.0	0	1.01.0000	1.01.0000	1.01.0000	1.01.0000
424	2	7	0	Q_GATHER1	82	81	0	398	2500174	5	0	0	0	0	0	0	0	0	0	0	0	0	0	0	0	0	0	_F_TALK_000	_F_TALK_000	0	0	0	0	0	0	0	0	0	0	0	0	0	0	0	0	0	0	0	0	0	0	0	0	1.0	1.0	1.0	0	1.01.0000	1.01.0000	1.01.0000	1.01.0000
425	2	7	0	Q_GATHER2	82	81	426	424	2500175	15	2500176	15	0	0	0	0	0	0	0	0	0	0	0	0	0	0	0	_F_TALK_000	_F_TALK_000	0	0	0	0	0	0	0	0	0	0	0	0	0	0	0	0	0	0	0	0	0	0	0	0	1.0	1.0	1.0	0	1.01.0000	1.01.0000	1.01.0000	1.01.0000
426	2	7	0	Q_SEND5	82	81	0	425	2500212	1	2500213	1	2500214	1	2500178	3	0	0	0	0	0	0	0	0	0	0	0	_F_TALK_000	_F_TALK_000	0	0	0	0	0	0	0	0	0	0	0	0	0	0	0	0	0	0	0	0	0	0	0	0	1.0	1.0	1.0	0	1.01.0000	1.01.0000	1.01.0000	1.01.0000
427	2	7	0	Q_CON1	83	81	428	426	0	0	0	0	0	0	0	0	0	0	0	0	0	0	0	0	0	0	0	_F_TALK_000	_F_EMOTION_002	0	0	0	0	0	0	0	0	0	0	0	0	0	0	0	0	0	0	0	0	0	0	0	0	1.0	1.0	1.0	0	1.01.0000	1.01.0000	1.01.0000	1.01.0000
428	2	7	0	Q_CON1	83	82	0	427	0	0	0	0	0	0	0	0	0	0	0	0	0	370	0	0	0	0	0	_F_EMOTION_000	_F_TALK_000	2405097	5	0	0	0	0	0	0	0	0	0	0	0	0	0	0	0	0	0	0	0	0	0	0	1.0	1.0	1.0	0	1.01.0000	1.01.0000	1.01.0000	1.01.0000
429	2	5	0	Q_MOVIE_KILL1	82	82	0	0	536	1	0	0	0	0	0	0	0	0	0	0	536	0	0	0	0	0	0	MYRINA_000.wmv	MYRINA_000.wmv	2600002	1	0	0	0	0	0	0	0	0	0	0	0	0	0	0	0	0	0	0	0	0	0	0	1.0	1.0	1.0	0	1.01.0000	1.01.0000	1.01.0000	1.01.0000
430	2	7	0	Q_MOVIE_CON1	82	82	0	396	0	0	0	0	0	0	0	0	0	0	0	0	0	0	0	0	0	0	0	ROSE_000.wmv	ROSE_000.wmv	0	0	0	0	0	0	0	0	0	0	0	0	0	0	0	0	0	0	0	0	0	0	0	0	1.0	1.0	1.0	0	1.01.0000	1.01.0000	1.01.0000	1.01.0000
431	2	7	0	Q_MOVIE_GATHER1	82	82	0	132	2500179	3	0	0	0	0	0	0	0	0	0	0	0	0	0	0	0	0	0	MAGELLON_000.wmv	MAGELLON_000.wmv	2401106	3	0	0	0	0	0	0	0	0	0	0	0	0	0	0	0	0	0	0	0	0	0	0	1.0	1.0	1.0	0	1.01.0000	1.01.0000	1.01.0000	1.01.0000
432	2	7	0	Q_MOVIE_KILL3	82	82	0	355	385	10	386	10	388	10	0	0	0	0	0	0	0	0	0	0	0	0	0	56_000.wmv	56_000.wmv	2400705	2	0	0	0	0	0	0	0	0	0	0	0	0	0	0	0	0	0	0	0	0	0	0	1.0	1.0	1.0	0	1.01.0000	1.01.0000	1.01.0000	1.01.0000
433	2	7	0	Q_MOVIE_GATHER2	83	83	0	428	2500153	25	2500154	1	0	0	0	0	0	0	0	0	0	0	378	0	0	0	0	_F_EMOTION_002	_F_EMOTION_003	0	0	0	0	0	0	0	0	0	0	0	0	0	0	0	0	0	0	0	0	0	0	0	0	1.0	1.0	1.0	0	1.01.0000	1.01.0000	1.01.0000	1.01.0000
434	2	7	0	Q_GATHER10	84	83	435	433	3175	2500181	1	2500180	30	0	0	0	0	0	0	0	0	0	0	0	0	0	0	_F_TALK_000	_F_TALK_000	0	0	0	0	0	0	0	0	0	0	0	0	0	0	0	0	0	0	0	0	0	0	0	0	1.0	1.0	1.0	0	1.01.0000	1.01.0000	1.01.0000	1.01.0000
435	2	7	0	Q_SEND1	84	83	0	434	2500182	1	0	0	0	0	0	0	0	0	0	378	0	0	0	0	0	0	0	_F_TALK_000	_F_EMOTION_007	2401010	5	0	0	0	0	0	0	0	0	0	0	0	0	0	0	0	0	0	0	0	0	0	0	1.0	1.0	1.0	0	1.01.0000	1.01.0000	1.01.0000	1.01.0000
436	2	7	1	Q_SEND2	83	83	437	0	2500187	1	120	0	0	0	0	0	0	0	0	0	0	0	0	0	0	0	0	_F_TALK_000	_F_EMOTION_004	0	0	0	0	0	0	0	0	0	0	0	0	0	0	0	0	0	0	0	0	0	0	0	0	1.0	1.0	1.0	0	1.01.0000	1.01.0000	1.01.0000	1.01.0000
437	2	7	0	Q_GATHER1	83	84	0	436	2500156	30	0	0	0	0	0	0	0	0	0	0	0	0	0	0	0	0	0	_F_EMOTION_004	_F_TALK_000	0	0	0	0	0	0	0	0	0	0	0	0	0	0	0	0	0	0	0	0	0	0	0	0	1.0	1.0	1.0	0	1.01.0000	1.01.0000	1.01.0000	1.01.0000
438	2	7	0	Q_MOVIE_GATHER1	84	84	0	132	2500183	5	0	0	0	0	0	0	0	0	0	0	0	0	0	0	0	0	0	MAGELLON_000.wmv	MAGELLON_000.wmv	2401206	3	0	0	0	0	0	0	0	0	0	0	0	0	0	0	0	0	0	0	0	0	0	0	1.0	1.0	1.0	0	1.01.0000	1.01.0000	1.01.0000	1.01.0000
439	40	0	0	Q_SET12	82	82	0	425	426	2500212	1	2500178	1	0	0	0	0	0	0	0	0	0	0	0	0	0	0	_F_EMOTION_012	_F_EMOTION_012	0	0	0	0	0	0	0	0	0	0	0	0	0	0	0	0	0	0	0	0	0	0	0	0	0.0	0.0	0.0	0	1.01.0000	1.01.0000	1.01.0000	1.01.0000
440	40	0	0	Q_SET12	82	82	0	425	426	2500213	1	2500178	1	0	0	0	0	0	0	0	0	0	0	0	0	0	0	_F_EMOTION_012	_F_EMOTION_012	0	0	0	0	0	0	0	0	0	0	0	0	0	0	0	0	0	0	0	0	0	0	0	0	0.0	0.0	0.0	0	1.01.0000	1.01.0000	1.01.0000	1.01.0000
441	40	0	0	Q_SET12	82	82	0	425	426	2500214	1	2500178	1	0	0	0	0	0	0	0	0	0	0	0	0	0	0	_F_EMOTION_012	_F_EMOTION_012	0	0	0	0	0	0	0	0	0	0	0	0	0	0	0	0	0	0	0	0	0	0	0	0	0.0	0.0	0.0	0	1.01.0000	1.01.0000	1.01.0000	1.01.0000
442	2	7	1	Q_MOVIE_SET2	86	85	0	0	443	444	0	0	0	0	0	0	0	0	0	0	0	375	0	0	0	0	0	JOSEPH_000.wmv	JOSEPH_000.wmv	2600020	1	0	0	0	0	0	0	0	0	0	0	0	0	0	0	0	0	0	0	0	0	0	0	1.0	1.0	1.0	0	1.01.0000	1.01.0000	1.01.0000	1.01.0000
443	2	7	0	Q_SET4	86	85	0	0	442	0	0	0	0	0	0	0	0	0	0	0	0	0	0	0	0	0	0	_F_EMOTION_008	_F_EMOTION_006	0	0	0	0	0	0	0	0	0	0	0	0	0	0	0	0	0	0	0	0	0	0	0	0	1.0	1.0	1.0	0	1.01.0000	1.01.0000	1.01.0000	1.01.0000
444	2	7	0	Q_SET6	86	85	0	0	442	2500184	1	0	0	0	0	0	0	0	0	0	0	0	0	0	0	0	0	_F_EMOTION_008	_F_EMOTION_006	0	0	0	0	0	0	0	0	0	0	0	0	0	0	0	0	0	0	0	0	0	0	0	0	1.0	1.0	1.0	0	1.01.0000	1.01.0000	1.01.0000	1.01.0000
445	2	7	0	Q_MOVIE_CON1	85	85	0	430	0	0	0	0	0	0	0	0	0	0	0	0	0	0	0	0	0	0	0	ROSE_000.wmv	ROSE_000.wmv	0	0	0	0	0	0	0	0	0	0	0	0	0	0	0	0	0	0	0	0	0	0	0	0	1.0	1.0	1.0	0	1.01.0000	1.01.0000	1.01.0000	1.01.0000
446	2	7	0	Q_MOVIE_KILL1	85	85	0	0	526	1	0	0	0	0	0	0	0	0	0	0	526	0	0	0	0	0	0	MYRINA_000.wmv	MYRINA_000.wmv	2600002	1	0	0	0	0	0	0	0	0	0	0	0	0	0	0	0	0	0	0	0	0	0	0	1.0	1.0	1.0	0	1.01.0000	1.01.0000	1.01.0000	1.01.0000
447	2	7	0	Q_KILL1	85	85	448	411	395	30	0	0	0	0	0	0	0	0	0	0	0	0	0	0	0	0	0	_F_TALK_000	_F_FLEX_000	0	0	0	0	0	0	0	0	0	0	0	0	0	0	0	0	0	0	0	0	0	0	0	0	1.0	1.0	1.0	0	1.01.0000	1.01.0000	1.01.0000	1.01.0000
448	2	7	0	Q_GATHER1	86	85	0	447	2500157	1	0	0	0	0	0	0	0	0	0	0	0	0	0	0	0	0	0	_F_TALK_000	_F_FLEX_000	2600095	1	0	0	0	0	0	0	0	0	0	0	0	0	0	0	0	0	0	0	0	0	0	0	1.0	1.0	1.0	0	1.01.0000	1.01.0000	1.01.0000	1.01.0000
449	2	7	0	Q_GATHER1	85	85	450	410	2500185	30	0	0	0	0	0	0	0	0	0	0	0	0	0	0	0	0	0	_F_TALK_000	_F_TALK_000	0	0	0	0	0	0	0	0	0	0	0	0	0	0	0	0	0	0	0	0	0	0	0	0	1.0	1.0	1.0	0	1.01.0000	1.01.0000	1.01.0000	1.01.0000
450	2	7	0	Q_KILL2	85	85	0	449	394	20	396	20	0	0	0	0	0	0	0	0	0	0	0	0	0	0	0	_F_TALK_000	_F_TALK_000	0	0	0	0	0	0	0	0	0	0	0	0	0	0	0	0	0	0	0	0	0	0	0	0	1.0	1.0	1.0	0	1.01.0000	1.01.0000	1.01.0000	1.01.0000
451	2	7	0	Q_KILL1	85	85	0	435	535	1	0	0	0	0	0	0	0	0	0	376	381	381	0	0	0	0	0	_F_EMOTION_012	_F_TALK_000	2208991	1	0	0	0	0	0	0	0	0	0	0	0	0	0	0	0	0	0	0	0	0	0	0	1.0	1.0	1.0	0	1.01.0000	1.01.0000	1.01.0000	1.01.0000
453	40	0	0	Q_SET8	85	85	0	435	451	30	83	0	0	0	0	0	0	0	0	381	0	0	0	0	0	0	0	_F_TALK_000	_F_TALK_000	0	0	0	0	0	0	0	0	0	0	0	0	0	0	0	0	0	0	0	0	0	0	0	0	0.0	0.0	0.0	0	1.01.0000	1.01.0000	1.01.0000	1.01.0000
454	1	127	0	Q_CON1	85	86	456	421	0	0	0	0	0	0	0	0	0	0	0	0	8010	0	0	0	0	0	0	_F_TALK_000	_F_TALK_000	0	0	0	0	0	0	0	0	0	0	0	0	0	0	0	0	0	0	0	0	0	0	0	0	1.0	1.5	1.0	0	1.01.0000	1.01.0000	1.01.0000	1.01.0000
455	25	0	0	Q_ENTER_INSTANCE2	85	86	0	0	454	456	2042	0	0	0	0	0	0	0	0	0	0	0	0	0	0	0	0	_F_TALK_000	_F_HAPPY_000	0	0	0	0	0	0	0	0	0	0	0	0	0	0	0	0	0	0	0	0	0	0	0	0	0.0	0.0	0.0	0	1.01.0000	1.01.0000	1.01.0000	1.01.0000
456	1	127	0	Q_INSTANCE_KILL1	85	86	0	454	455	8559	602	3	101	0	0	0	0	0	0	0	0	8010	8011	0	0	0	0	_F_HAPPY_000	_F_FLEX_000	2401206	3	0	0	0	0	0	0	0	0	0	0	0	0	0	0	0	0	0	0	0	0	0	0	1.0	1.5	1.0	0	1.01.0000	1.01.0000	1.01.0000	1.01.0000
457	1	305	0	Q_INSTANCE_KILL1	85	87	0	456	458	8560	604	3	102	0	0	0	0	0	0	0	0	8011	0	0	0	0	0	_F_TALK_000	_F_FLEX_000	2405097	5	2401010	5	0	0	0	0	0	0	0	0	0	0	0	0	0	0	0	0	0	0	0	0	1.0	1.5	1.0	0	1.01.0000	1.01.0000	1.01.0000	1.01.0000
458	25	0	0	Q_ENTER_INSTANCE1	85	87	0	456	457	2043	0	0	0	0	0	0	0	0	0	0	0	0	0	0	0	0	0	_F_TALK_000	_F_TALK_000	0	0	0	0	0	0	0	0	0	0	0	0	0	0	0	0	0	0	0	0	0	0	0	0	0.0	0.0	0.0	0	1.01.0000	1.01.0000	1.01.0000	1.01.0000
459	1	8	0	Q_MOVIE_CON1	85	87	0	457	0	0	0	0	0	0	0	0	0	0	0	0	0	0	0	0	0	0	0	PLATO_000.wmv	PLATO_000.wmv	0	0	0	0	0	0	0	0	0	0	0	0	0	0	0	0	0	0	0	0	0	0	0	0	1.0	1.5	1.0	0	1.01.0000	1.01.0000	1.01.0000	1.01.0000
460	1	8	0	Q_KILL1	85	87	0	459	270	30	0	0	0	0	0	0	0	0	0	0	0	0	0	0	0	0	0	_F_EMOTION_004	_F_EMPOWER_000	0	0	0	0	0	0	0	0	0	0	0	0	0	0	0	0	0	0	0	0	0	0	0	0	1.0	1.5	1.0	0	1.01.0000	1.01.0000	1.01.0000	1.01.0000
461	1	8	0	Q_GATHER1	85	88	462	460	2500190	3	0	0	0	0	0	0	0	0	0	0	0	0	0	0	0	0	0	_F_EMOTION_003	_F_EMOTION_001	0	0	0	0	0	0	0	0	0	0	0	0	0	0	0	0	0	0	0	0	0	0	0	0	1.0	1.5	1.0	0	1.01.0000	1.01.0000	1.01.0000	1.01.0000
462	1	8	0	Q_KILL1	85	88	463	461	272	30	0	0	0	0	0	0	0	0	0	0	257	0	0	0	0	0	0	_F_EMOTION_001	_F_FLEX_000	0	0	0	0	0	0	0	0	0	0	0	0	0	0	0	0	0	0	0	0	0	0	0	0	1.0	1.5	1.0	0	1.01.0000	1.01.0000	1.01.0000	1.01.0000
463	1	8	0	Q_CON1	85	88	464	462	0	0	0	0	0	0	0	0	0	0	0	0	0	0	0	0	0	0	0	_F_FLEX_000	_F_HAPPY_000	2401017	1	2600005	5	0	0	0	0	0	0	0	0	0	0	0	0	0	0	0	0	0	0	0	0	1.0	1.5	1.0	0	1.01.0000	1.01.0000	1.01.0000	1.01.0000
464	1	8	0	Q_KILL1	85	88	465	463	537	1	0	0	0	0	0	0	0	0	0	0	528	528	0	0	0	0	0	_F_TALK_000	_F_FLEX_000	0	0	0	0	0	0	0	0	0	0	0	0	0	0	0	0	0	0	0	0	0	0	0	0	1.0	1.5	1.0	0	1.01.0000	1.01.0000	1.01.0000	1.01.0000
465	1	8	0	Q_CON1	85	88	466	464	0	0	0	0	0	0	0	0	0	0	0	0	0	0	0	0	0	0	0	_F_FLEX_000	_F_HAPPY_000	0	0	0	0	0	0	0	0	0	0	0	0	0	0	0	0	0	0	0	0	0	0	0	0	1.0	1.5	1.0	0	1.01.0000	1.01.0000	1.01.0000	1.01.0000
466	1	8	0	Q_CON1	85	88	467	465	0	0	0	0	0	0	0	0	0	0	0	0	0	0	0	0	0	0	0	_F_FLEX_000	_F_EMOTION_000	0	0	0	0	0	0	0	0	0	0	0	0	0	0	0	0	0	0	0	0	0	0	0	0	1.0	1.5	1.0	0	1.01.0000	1.01.0000	1.01.0000	1.01.0000
467	1	8	0	Q_GATHER1	85	89	468	466	2500191	30	0	0	0	0	0	0	0	0	0	0	259	0	0	0	0	0	0	_F_TALK_000	_F_TALK_000	2401010	5	0	0	0	0	0	0	0	0	0	0	0	0	0	0	0	0	0	0	0	0	0	0	1.0	1.5	1.0	0	1.01.0000	1.01.0000	1.01.0000	1.01.0000
468	1	8	0	Q_KILL1	85	89	469	467	273	30	0	0	0	0	0	0	0	0	0	0	0	0	0	0	0	0	0	_F_TALK_000	_F_TALK_000	0	0	0	0	0	0	0	0	0	0	0	0	0	0	0	0	0	0	0	0	0	0	0	0	1.0	1.5	1.0	0	1.01.0000	1.01.0000	1.01.0000	1.01.0000
469	1	8	0	Q_KILL1	85	89	471	468	538	1	0	0	0	0	0	0	0	0	0	0	0	0	0	0	0	0	0	_F_TALK_000	_F_EMOTION_000	2401106	3	0	0	0	0	0	0	0	0	0	0	0	0	0	0	0	0	0	0	0	0	0	0	1.0	1.5	1.0	0	1.01.0000	1.01.0000	1.01.0000	1.01.0000
470	1	304	1	Q_CON1	45	45	0	155	0	0	0	0	0	0	0	0	0	0	0	0	0	0	0	0	0	0	0	_F_TALK_000	_F_TALK_000	0	0	0	0	0	0	0	0	0	0	0	0	0	0	0	0	0	0	0	0	0	0	0	0	1.0	1.5	1.0	0	1.00.0000	1.00.0000	1.00.0000	1.00.0000
471	1	8	0	Q_GATHER2	85	89	472	469	2500198	15	2500199	15	0	0	0	0	0	0	0	0	0	0	0	0	0	0	0	_F_TALK_000	_F_TALK_000	0	0	0	0	0	0	0	0	0	0	0	0	0	0	0	0	0	0	0	0	0	0	0	0	1.0	1.5	1.0	0	1.01.0000	1.01.0000	1.01.0000	1.01.0000
472	1	8	1	Q_CHECKBUFF1	85	90	0	471	8522	8586	0	0	0	0	0	0	0	0	0	0	262	262	0	0	0	0	0	_F_TALK_000	_F_EMOTION_000	0	0	0	0	0	0	0	0	0	0	0	0	0	0	0	0	0	0	0	0	0	0	0	0	1.0	1.5	1.0	0	1.01.0000	1.01.0000	1.01.0000	1.01.0000
473	40	0	0	Q_SET10	85	90	0	471	472	8522	0	0	0	0	0	0	0	0	0	0	0	0	0	0	0	0	0	_F_EMOTION_001	_F_EMOTION_001	0	0	0	0	0	0	0	0	0	0	0	0	0	0	0	0	0	0	0	0	0	0	0	0	0.0	0.0	0.0	0	1.01.0000	1.01.0000	1.01.0000	1.01.0000
474	1	8	0	Q_CON2	85	90	0	472	120	0	0	0	0	0	0	0	0	0	0	0	0	0	266	0	0	0	0	_F_TALK_000	_F_EMOTION_006	0	0	0	0	0	0	0	0	0	0	0	0	0	0	0	0	0	0	0	0	0	0	0	0	1.0	1.5	1.0	0	1.01.0000	1.01.0000	1.01.0000	1.01.0000
475	1	8	0	Q_MOVIE_GATHER1	85	90	476	474	2500192	30	0	0	0	0	0	0	0	0	0	0	0	0	0	0	0	0	0	PLATO_000.wmv	PLATO_000.wmv	0	0	0	0	0	0	0	0	0	0	0	0	0	0	0	0	0	0	0	0	0	0	0	0	1.0	1.5	1.0	0	1.01.0000	1.01.0000	1.01.0000	1.01.0000
476	1	8	0	Q_MOVIE_KILL1	85	90	477	475	539	3	0	0	0	0	0	0	0	0	0	0	0	0	0	0	0	0	0	PLATO_000.wmv	PLATO_000.wmv	0	0	0	0	0	0	0	0	0	0	0	0	0	0	0	0	0	0	0	0	0	0	0	0	1.0	1.5	1.0	0	1.01.0000	1.01.0000	1.01.0000	1.01.0000
477	1	8	0	Q_MOVIE_KILL1	85	91	478	476	280	30	0	0	0	0	0	0	0	0	0	0	0	0	267	0	0	0	0	PLATO_000.wmv	_F_TALK_000	2208991	3	2600005	5	0	0	0	0	0	0	0	0	0	0	0	0	0	0	0	0	0	0	0	0	1.0	1.5	1.0	0	1.01.0000	1.01.0000	1.01.0000	1.01.0000
478	1	8	0	Q_KILL1	85	91	479	477	540	1	0	0	0	0	0	0	0	0	0	0	529	529	0	0	0	0	0	_F_TALK_000	_F_FLEX_000	0	0	0	0	0	0	0	0	0	0	0	0	0	0	0	0	0	0	0	0	0	0	0	0	1.0	1.5	1.0	0	1.01.0000	1.01.0000	1.01.0000	1.01.0000
479	1	8	0	Q_KILL2	85	91	480	478	279	15	280	15	0	0	0	0	0	0	0	0	0	0	0	0	0	0	0	_F_FLEX_000	_F_HAPPY_000	0	0	0	0	0	0	0	0	0	0	0	0	0	0	0	0	0	0	0	0	0	0	0	0	1.0	1.5	1.0	0	1.01.0000	1.01.0000	1.01.0000	1.01.0000
480	1	8	0	Q_CON1	85	91	481	479	0	0	0	0	0	0	0	0	0	0	0	0	268	0	0	0	0	0	0	_F_FLEX_000	_F_FLEX_000	0	0	0	0	0	0	0	0	0	0	0	0	0	0	0	0	0	0	0	0	0	0	0	0	1.0	1.5	1.0	0	1.01.0000	1.01.0000	1.01.0000	1.01.0000
481	1	8	0	Q_GATHER1	85	91	482	480	2500193	5	0	0	0	0	0	0	0	0	0	0	0	0	0	0	0	0	0	_F_FLEX_000	_F_HAPPY_000	0	0	0	0	0	0	0	0	0	0	0	0	0	0	0	0	0	0	0	0	0	0	0	0	1.0	1.5	1.0	0	1.01.0000	1.01.0000	1.01.0000	1.01.0000
482	1	8	0	Q_GATHER1	85	92	483	481	2500194	30	0	0	0	0	0	0	0	0	0	0	0	0	0	0	0	0	0	_F_HAPPY_000	_F_FLEX_000	3509512	1	0	0	0	0	0	0	0	0	0	0	0	0	0	0	0	0	0	0	0	0	0	0	1.0	1.5	1.0	0	1.01.0000	1.01.0000	1.01.0000	1.01.0000
483	1	8	0	Q_SEND2	85	92	484	482	2500195	1	180	0	0	0	0	0	0	0	0	0	0	0	0	0	0	0	0	_F_FLEX_000	_F_FLEX_000	0	0	0	0	0	0	0	0	0	0	0	0	0	0	0	0	0	0	0	0	0	0	0	0	1.0	1.5	1.0	0	1.01.0000	1.01.0000	1.01.0000	1.01.0000
484	1	8	0	Q_CON1	85	92	0	483	0	0	0	0	0	0	0	0	0	0	0	0	0	268	0	0	0	0	0	_F_FLEX_000	_F_SAD_000	0	0	0	0	0	0	0	0	0	0	0	0	0	0	0	0	0	0	0	0	0	0	0	0	1.0	1.5	1.0	0	1.01.0000	1.01.0000	1.01.0000	1.01.0000
485	1	8	0	Q_MOVIE_KILL5	85	92	486	484	283	30	0	0	0	0	0	0	0	0	0	0	0	0	0	0	0	0	0	_F_TALK_000	PLATO_000.wmv	2401011	5	0	0	0	0	0	0	0	0	0	0	0	0	0	0	0	0	0	0	0	0	0	0	1.0	1.5	1.0	0	1.01.0000	1.01.0000	1.01.0000	1.01.0000
486	1	8	0	Q_MOVIE_CON2	85	92	857	485	0	0	0	0	0	0	0	0	0	0	0	0	0	0	0	0	0	0	0	PLATO_000.wmv	_F_FLEX_000	0	0	0	0	0	0	0	0	0	0	0	0	0	0	0	0	0	0	0	0	0	0	0	0	1.0	1.5	1.0	0	1.01.0000	1.01.0000	1.01.0000	1.01.0000
487	1	8	0	Q_MOVIE_CON2	92	92	870	857	0	0	0	0	0	0	0	0	0	0	0	0	8012	0	0	0	0	0	0	MYRINA_000.wmv	_F_FLEX_000	2401206	3	0	0	0	0	0	0	0	0	0	0	0	0	0	0	0	0	0	0	0	0	0	0	1.0	1.5	1.0	0	1.01.0000	1.01.0000	1.01.0000	1.01.0000
488	2	8	0	Q_KILL1	87	87	489	460	270	30	0	0	0	0	0	0	0	0	0	0	0	0	0	0	0	0	0	_F_EMPOWER_000	_F_EMPOWER_000	0	0	0	0	0	0	0	0	0	0	0	0	0	0	0	0	0	0	0	0	0	0	0	0	1.0	1.0	1.0	0	1.01.0000	1.01.0000	1.01.0000	1.01.0000
489	2	8	0	Q_GATHER10	87	87	0	488	3176	2500210	1	2500196	20	2500197	20	0	0	0	0	0	0	0	0	0	0	0	0	_F_EMPOWER_000	_F_EMPOWER_000	2405097	5	0	0	0	0	0	0	0	0	0	0	0	0	0	0	0	0	0	0	0	0	0	0	1.0	1.0	1.0	0	1.01.0000	1.01.0000	1.01.0000	1.01.0000
490	2	8	1	Q_MOVIE_SET2	87	87	0	0	491	492	0	0	0	0	0	0	0	0	0	0	0	258	0	0	0	0	0	JOSEPH_000.wmv	JOSEPH_000.wmv	2600021	1	0	0	0	0	0	0	0	0	0	0	0	0	0	0	0	0	0	0	0	0	0	0	1.0	1.0	1.0	0	1.01.0000	1.01.0000	1.01.0000	1.01.0000
491	2	8	1	Q_SET4	87	87	492	0	490	0	0	0	0	0	0	0	0	0	0	0	0	0	0	0	0	0	0	_F_TALK_000	_F_TALK_000	0	0	0	0	0	0	0	0	0	0	0	0	0	0	0	0	0	0	0	0	0	0	0	0	1.0	1.0	1.0	0	1.01.0000	1.01.0000	1.01.0000	1.01.0000
492	2	8	0	Q_SET6	87	87	0	0	490	2500208	1	0	0	0	0	0	0	0	0	0	0	0	0	0	0	0	0	_F_TALK_000	_F_TALK_000	0	0	0	0	0	0	0	0	0	0	0	0	0	0	0	0	0	0	0	0	0	0	0	0	1.0	1.0	1.0	0	1.01.0000	1.01.0000	1.01.0000	1.01.0000
493	2	8	0	Q_MOVIE_CON1	88	88	0	461	0	0	0	0	0	0	0	0	0	0	0	0	0	0	0	0	0	0	0	ROSE_000.wmv	ROSE_000.wmv	0	0	0	0	0	0	0	0	0	0	0	0	0	0	0	0	0	0	0	0	0	0	0	0	1.0	1.0	1.0	0	1.01.0000	1.01.0000	1.01.0000	1.01.0000
494	2	8	1	Q_MOVIE_CHECKBUFF	88	88	0	132	8524	8540	0	0	0	0	0	0	0	0	0	0	0	0	0	0	0	0	0	MAGELLON_000.wmv	_F_TALK_000	2401106	3	0	0	0	0	0	0	0	0	0	0	0	0	0	0	0	0	0	0	0	0	0	0	1.0	1.0	1.0	0	1.01.0000	1.01.0000	1.01.0000	1.01.0000
495	2	8	0	Q_MOVIE_KILL4	88	88	0	0	544	1	180	0	0	0	0	0	0	0	0	0	544	0	0	0	0	0	0	MYRINA_000.wmv	MYRINA_000.wmv	2600002	1	0	0	0	0	0	0	0	0	0	0	0	0	0	0	0	0	0	0	0	0	0	0	1.0	1.0	1.0	0	1.01.0000	1.01.0000	1.01.0000	1.01.0000
496	2	8	0	Q_GATHER1	88	88	497	471	2500200	30	0	0	0	0	0	0	0	0	0	0	0	0	0	0	0	0	0	_F_TALK_000	_F_TALK_000	0	0	0	0	0	0	0	0	0	0	0	0	0	0	0	0	0	0	0	0	0	0	0	0	1.0	1.0	1.0	0	1.01.0000	1.01.0000	1.01.0000	1.01.0000
497	2	8	0	Q_GATHER1	88	89	0	496	2500201	30	0	0	0	0	0	0	0	0	0	0	0	0	0	0	0	0	0	_F_TALK_000	_F_TALK_000	0	0	0	0	0	0	0	0	0	0	0	0	0	0	0	0	0	0	0	0	0	0	0	0	1.0	1.0	1.0	0	1.01.0000	1.01.0000	1.01.0000	1.01.0000
498	2	8	1	Q_CHECKBUFF1	89	89	499	497	8523	0	0	0	0	0	0	0	0	0	0	0	0	0	0	0	0	0	0	_F_TALK_000	_F_TALK_000	0	0	0	0	0	0	0	0	0	0	0	0	0	0	0	0	0	0	0	0	0	0	0	0	1.0	1.0	1.0	0	1.01.0000	1.01.0000	1.01.0000	1.01.0000
499	2	8	0	Q_GATHER1	89	89	500	498	2500202	30	0	0	0	0	0	0	0	0	0	0	0	0	0	0	0	0	0	_F_TALK_000	_F_TALK_000	0	0	0	0	0	0	0	0	0	0	0	0	0	0	0	0	0	0	0	0	0	0	0	0	1.0	1.0	1.0	0	1.01.0000	1.01.0000	1.01.0000	1.01.0000
500	2	8	0	Q_GATHER1	89	89	501	499	2500203	5	0	0	0	0	0	0	0	0	0	0	0	0	0	0	0	0	0	_F_TALK_000	_F_TALK_000	0	0	0	0	0	0	0	0	0	0	0	0	0	0	0	0	0	0	0	0	0	0	0	0	1.0	1.0	1.0	0	1.01.0000	1.01.0000	1.01.0000	1.01.0000
501	2	8	0	Q_KILL1	89	90	503	500	542	1	0	0	0	0	0	0	0	0	0	0	0	0	0	0	0	0	0	_F_TALK_000	_F_TALK_000	2405098	5	0	0	0	0	0	0	0	0	0	0	0	0	0	0	0	0	0	0	0	0	0	0	1.0	1.0	1.0	0	1.01.0000	1.01.0000	1.01.0000	1.01.0000
502	40	0	0	Q_SET8	93	93	0	549	552	42	87	0	0	0	0	0	0	0	0	290	0	0	0	0	0	0	0	_F_EMOTION_000	_F_EMOTION_000	0	0	0	0	0	0	0	0	0	0	0	0	0	0	0	0	0	0	0	0	0	0	0	0	0.0	0.0	0.0	0	1.01.0000	1.01.0000	1.01.0000	1.01.0000
503	2	8	0	Q_GATHER2	90	90	0	501	2500204	1	2500205	20	0	0	0	0	0	0	0	0	0	0	0	0	0	0	0	_F_TALK_000	_F_TALK_000	2208991	1	0	0	0	0	0	0	0	0	0	0	0	0	0	0	0	0	0	0	0	0	0	0	1.0	1.0	1.0	0	1.01.0000	1.01.0000	1.01.0000	1.01.0000
504	2	8	0	Q_MOVIE_GATHER1	90	90	0	0	2500206	1	0	0	0	0	0	0	0	0	0	0	0	0	0	0	0	0	0	PLATO_000.wmv	PLATO_000.wmv	2208991	3	0	0	0	0	0	0	0	0	0	0	0	0	0	0	0	0	0	0	0	0	0	0	1.0	1.0	1.0	0	1.01.0000	1.01.0000	1.01.0000	1.01.0000
505	2	8	0	Q_SEND2	91	91	506	479	2500207	1	180	0	0	0	0	0	0	0	0	0	0	0	0	0	0	0	0		_F_TALK_000	0	0	0	0	0	0	0	0	0	0	0	0	0	0	0	0	0	0	0	0	0	0	0	0	1.0	1.0	1.0	0	1.01.0000	1.01.0000	1.01.0000	1.01.0000
506	2	8	0	Q_KILL2	91	91	0	505	279	15	280	15	0	0	0	0	0	0	0	0	0	0	0	0	0	0	0	_F_TALK_000		2401011	5	0	0	0	0	0	0	0	0	0	0	0	0	0	0	0	0	0	0	0	0	0	0	1.0	1.0	1.0	0	1.01.0000	1.01.0000	1.01.0000	1.01.0000
507	2	8	0	Q_MOVIE_KILL1	91	91	0	0	527	1	0	0	0	0	0	0	0	0	0	0	527	0	0	0	0	0	0	MYRINA_000.wmv	MYRINA_000.wmv	2600002	1	0	0	0	0	0	0	0	0	0	0	0	0	0	0	0	0	0	0	0	0	0	0	1.0	1.0	1.0	0	1.01.0000	1.01.0000	1.01.0000	1.01.0000
508	2	8	0	Q_KILL4	91	91	509	484	283	10	300	0	0	0	0	0	0	0	0	0	0	0	0	0	0	0	0	_F_EMOTION_006	_F_EMOTION_006	0	0	0	0	0	0	0	0	0	0	0	0	0	0	0	0	0	0	0	0	0	0	0	0	1.0	1.0	1.0	0	1.01.0000	1.01.0000	1.01.0000	1.01.0000
509	2	8	0	Q_KILL5	91	91	510	508	283	5	282	5	300	0	0	0	0	0	0	0	0	0	0	0	0	0	0	_F_EMOTION_006	_F_EMOTION_006	0	0	0	0	0	0	0	0	0	0	0	0	0	0	0	0	0	0	0	0	0	0	0	0	1.0	1.0	1.0	0	1.01.0000	1.01.0000	1.01.0000	1.01.0000
510	2	8	0	Q_KILL1	91	92	0	509	543	3	0	0	0	0	0	0	0	0	0	0	0	0	0	0	0	0	0	_F_EMOTION_006	_F_EMOTION_006	2208991	3	0	0	0	0	0	0	0	0	0	0	0	0	0	0	0	0	0	0	0	0	0	0	1.0	1.0	1.0	0	1.01.0000	1.01.0000	1.01.0000	1.01.0000
511	2	8	0	Q_MOVIE_GATHER1	91	92	0	132	2500209	3	0	0	0	0	0	0	0	0	0	0	0	0	0	0	0	0	0	MAGELLON_000.wmv	MAGELLON_000.wmv	2400705	2	0	0	0	0	0	0	0	0	0	0	0	0	0	0	0	0	0	0	0	0	0	0	1.0	1.0	1.0	0	1.01.0000	1.01.0000	1.01.0000	1.01.0000
512	2	8	0	Q_MOVIE_CON1	92	92	0	493	0	0	0	0	0	0	0	0	0	0	0	0	0	0	0	0	0	0	0	ROSE_000.wmv	ROSE_000.wmv	0	0	0	0	0	0	0	0	0	0	0	0	0	0	0	0	0	0	0	0	0	0	0	0	1.0	1.0	1.0	0	1.01.0000	1.01.0000	1.01.0000	1.01.0000
513	25	0	0	Q_ENTER_INSTANCE2	92	92	0	0	872	514	2044	0	0	0	0	0	0	0	0	0	0	0	0	0	0	0	0	_F_TALK_000	_F_TALK_000	0	0	0	0	0	0	0	0	0	0	0	0	0	0	0	0	0	0	0	0	0	0	0	0	0.0	0.0	0.0	0	1.01.0000	1.01.0000	1.01.0000	1.01.0000
514	1	128	0	Q_INSTANCE_KILL1	92	92	0	872	513	8561	606	3	103	0	0	0	0	0	0	0	0	0	0	0	0	0	0	_F_FLEX_000	_F_HAPPY_000	2401206	3	0	0	0	0	0	0	0	0	0	0	0	0	0	0	0	0	0	0	0	0	0	0	1.0	1.5	1.0	0	1.01.0000	1.01.0000	1.01.0000	1.01.0000
515	1	9	0	Q_CON1	92	93	516	514	0	0	0	0	0	0	0	0	0	0	0	0	0	0	0	0	0	0	0	_F_TALK_000	_F_FLEX_000	0	0	0	0	0	0	0	0	0	0	0	0	0	0	0	0	0	0	0	0	0	0	0	0	1.0	1.5	1.0	0	1.01.0000	1.01.0000	1.01.0000	1.01.0000
516	1	9	0	Q_KILL1	92	93	517	515	307	30	0	0	0	0	0	0	0	0	0	0	0	0	0	0	0	0	0	_F_EMOTION_000	_F_FLEX_000	0	0	0	0	0	0	0	0	0	0	0	0	0	0	0	0	0	0	0	0	0	0	0	0	1.0	1.5	1.0	0	1.01.0000	1.01.0000	1.01.0000	1.01.0000
517	1	9	0	Q_CON1	92	93	518	516	0	0	0	0	0	0	0	0	0	0	0	286	287	0	0	0	0	0	0	_F_TALK_000	_F_SAD_000	0	0	0	0	0	0	0	0	0	0	0	0	0	0	0	0	0	0	0	0	0	0	0	0	1.0	1.5	1.0	0	1.01.0000	1.01.0000	1.01.0000	1.01.0000
518	1	9	0	Q_CON1	92	93	519	517	0	0	0	0	0	0	0	0	0	0	0	0	0	0	0	0	0	0	0	_F_TALK_000	_F_TALK_000	0	0	0	0	0	0	0	0	0	0	0	0	0	0	0	0	0	0	0	0	0	0	0	0	1.0	1.5	1.0	0	1.01.0000	1.01.0000	1.01.0000	1.01.0000
519	1	9	0	Q_GATHER1	92	93	520	518	2500220	30	0	0	0	0	0	0	0	0	0	0	0	0	0	0	0	0	0	_F_TALK_000	_F_TALK_000	2600095	2	3509531	1	0	0	0	0	0	0	0	0	0	0	0	0	0	0	0	0	0	0	0	0	1.0	1.5	1.0	0	1.01.0000	1.01.0000	1.01.0000	1.01.0000
520	1	9	0	Q_GATHER1	92	93	521	519	2500221	5	0	0	0	0	0	0	0	0	0	0	0	0	0	0	0	0	0	_F_TALK_000	_F_SAD_000	0	0	0	0	0	0	0	0	0	0	0	0	0	0	0	0	0	0	0	0	0	0	0	0	1.0	1.5	1.0	0	1.01.0000	1.01.0000	1.01.0000	1.01.0000
521	1	9	0	Q_KILL1	92	94	0	520	309	30	0	0	0	0	0	0	0	0	0	0	0	0	0	0	0	0	0	_F_HAPPY_000	_F_SAD_000	0	0	0	0	0	0	0	0	0	0	0	0	0	0	0	0	0	0	0	0	0	0	0	0	1.0	1.5	1.0	0	1.01.0000	1.01.0000	1.01.0000	1.01.0000
522	1	9	0	Q_GATHER2	92	94	0	521	2500222	20	2500223	20	0	0	0	0	0	0	0	0	0	0	0	0	0	0	0	_F_TALK_000	_F_TALK_000	0	0	0	0	0	0	0	0	0	0	0	0	0	0	0	0	0	0	0	0	0	0	0	0	1.0	1.5	1.0	0	1.01.0000	1.01.0000	1.01.0000	1.01.0000
523	1	9	0	Q_GATHER1	92	94	524	522	2500224	1	0	0	0	0	0	0	0	0	0	0	0	0	0	0	0	0	0	_F_SAD_000	_F_TALK_000	0	0	0	0	0	0	0	0	0	0	0	0	0	0	0	0	0	0	0	0	0	0	0	0	1.0	1.5	1.0	0	1.01.0000	1.01.0000	1.01.0000	1.01.0000
524	1	9	0	Q_CON1	92	94	0	523	0	0	0	0	0	0	0	0	0	0	0	0	0	287	0	0	0	0	0	_F_SAD_000	_F_SAD_000	2401106	3	2600005	5	0	0	0	0	0	0	0	0	0	0	0	0	0	0	0	0	0	0	0	0	1.0	1.5	1.0	0	1.01.0000	1.01.0000	1.01.0000	1.01.0000
525	1	9	0	Q_KILL1	92	94	526	524	310	30	0	0	0	0	0	0	0	0	0	0	0	0	0	0	0	0	0	_F_EMOTION_003	_F_EMOTION_009	0	0	0	0	0	0	0	0	0	0	0	0	0	0	0	0	0	0	0	0	0	0	0	0	1.0	1.5	1.0	0	1.01.0000	1.01.0000	1.01.0000	1.01.0000
526	25	0	0	Q_ENTER_INSTANCE1	92	94	0	525	527	2045	0	0	0	0	0	0	0	0	0	0	0	0	0	0	0	0	0	_F_EMOTION_006	_F_TALK_000	0	0	0	0	0	0	0	0	0	0	0	0	0	0	0	0	0	0	0	0	0	0	0	0	0.0	0.0	0.0	0	1.01.0000	1.01.0000	1.01.0000	1.01.0000
527	1	9	0	Q_INSTANCE_KILL1	92	95	0	525	526	8562	608	3	104	0	0	0	0	0	0	0	0	0	0	0	0	0	0	_F_TALK_000	_F_TALK_000	2600020	1	0	0	0	0	0	0	0	0	0	0	0	0	0	0	0	0	0	0	0	0	0	0	1.0	1.5	1.0	0	1.01.0000	1.01.0000	1.01.0000	1.01.0000
528	1	9	0	Q_CALLMOB1	92	95	0	527	40	86	0	0	0	0	0	0	0	0	0	292	293	0	0	0	0	0	0	_F_EMOTION_000	_F_TALK_000	0	0	0	0	0	0	0	0	0	0	0	0	0	0	0	0	0	0	0	0	0	0	0	0	1.0	1.5	1.0	0	1.01.0000	1.01.0000	1.01.0000	1.01.0000
529	1	9	0	Q_CON1	92	95	530	528	0	0	0	0	0	0	0	0	0	0	0	0	0	0	0	0	0	0	0	_F_TALK_000	_F_FLEX_000	0	0	0	0	0	0	0	0	0	0	0	0	0	0	0	0	0	0	0	0	0	0	0	0	1.0	1.5	1.0	0	1.01.0000	1.01.0000	1.01.0000	1.01.0000
530	1	9	0	Q_GATHER1	92	95	531	529	2500225	30	0	0	0	0	0	0	0	0	0	0	0	0	0	0	0	0	0	_F_TALK_000	_F_FLEX_000	0	0	0	0	0	0	0	0	0	0	0	0	0	0	0	0	0	0	0	0	0	0	0	0	1.0	1.5	1.0	0	1.01.0000	1.01.0000	1.01.0000	1.01.0000
531	1	9	0	Q_GATHER1	92	95	532	530	2500226	5	0	0	0	0	0	0	0	0	0	0	0	0	0	0	0	0	0	_F_TALK_000	_F_FLEX_000	0	0	0	0	0	0	0	0	0	0	0	0	0	0	0	0	0	0	0	0	0	0	0	0	1.0	1.5	1.0	0	1.01.0000	1.01.0000	1.01.0000	1.01.0000
532	1	9	0	Q_KILL3	92	96	0	531	310	15	311	15	315	15	0	0	0	0	0	0	0	0	295	0	0	0	0	_F_TALK_000	_F_FLEX_000	2208992	3	2600005	5	0	0	0	0	0	0	0	0	0	0	0	0	0	0	0	0	0	0	0	0	1.0	1.5	1.0	0	1.01.0000	1.01.0000	1.01.0000	1.01.0000
533	1	9	0	Q_CON1	92	96	534	532	0	0	0	0	0	0	0	0	0	0	0	0	0	0	0	0	0	0	0	_F_TALK_000	_F_FLEX_000	0	0	0	0	0	0	0	0	0	0	0	0	0	0	0	0	0	0	0	0	0	0	0	0	1.0	1.5	1.0	0	1.01.0000	1.01.0000	1.01.0000	1.01.0000
534	1	9	1	Q_SET3	92	96	0	533	535	536	537	0	0	0	0	0	0	0	0	0	0	0	305	0	0	0	0	_F_TALK_000	_F_FLEX_000	2401106	3	0	0	0	0	0	0	0	0	0	0	0	0	0	0	0	0	0	0	0	0	0	0	1.0	1.5	1.0	0	1.01.0000	1.01.0000	1.01.0000	1.01.0000
535	1	9	0	Q_SET7	92	96	0	533	534	312	30	0	0	0	0	0	0	0	0	0	0	0	0	0	0	0	0	_F_TALK_000	_F_TALK_000	0	0	0	0	0	0	0	0	0	0	0	0	0	0	0	0	0	0	0	0	0	0	0	0	1.0	1.5	1.0	0	1.01.0000	1.01.0000	1.01.0000	1.01.0000
536	1	9	0	Q_SET7	92	96	0	533	534	313	30	0	0	0	0	0	0	0	0	0	0	0	0	0	0	0	0	_F_TALK_000	_F_TALK_000	0	0	0	0	0	0	0	0	0	0	0	0	0	0	0	0	0	0	0	0	0	0	0	0	1.0	1.5	1.0	0	1.01.0000	1.01.0000	1.01.0000	1.01.0000
537	1	9	0	Q_SET7	92	97	0	533	534	546	1	0	0	0	0	0	0	0	0	0	546	546	0	0	0	0	0	_F_TALK_000	_F_TALK_000	0	0	0	0	0	0	0	0	0	0	0	0	0	0	0	0	0	0	0	0	0	0	0	0	1.0	1.5	1.0	0	1.01.0000	1.01.0000	1.01.0000	1.01.0000
538	1	9	0	Q_CON1	92	97	539	534	0	0	0	0	0	0	0	0	0	0	0	0	0	0	0	0	0	0	0	_F_FLEX_000	_F_SAD_000	0	0	0	0	0	0	0	0	0	0	0	0	0	0	0	0	0	0	0	0	0	0	0	0	1.0	1.5	1.0	0	1.01.0000	1.01.0000	1.01.0000	1.01.0000
539	1	9	0	Q_GATHER1	92	97	0	538	2500227	30	0	0	0	0	0	0	0	0	0	0	304	0	0	0	0	0	0	_F_TALK_000	_F_EMOTION_007	0	0	0	0	0	0	0	0	0	0	0	0	0	0	0	0	0	0	0	0	0	0	0	0	1.0	1.5	1.0	0	1.01.0000	1.01.0000	1.01.0000	1.01.0000
540	1	9	1	Q_SET1	92	97	0	539	541	0	0	0	0	0	0	0	0	0	0	0	0	0	0	0	0	0	0	_F_SAD_000	_F_SAD_000	2600095	2	0	0	0	0	0	0	0	0	0	0	0	0	0	0	0	0	0	0	0	0	0	0	1.0	1.5	1.0	0	1.01.0000	1.01.0000	1.01.0000	1.01.0000
541	1	9	0	Q_SET6	92	97	0	539	540	2500228	30	0	0	0	0	0	0	0	0	0	0	0	0	0	0	0	0	_F_TALK_000	_F_TALK_000	0	0	0	0	0	0	0	0	0	0	0	0	0	0	0	0	0	0	0	0	0	0	0	0	1.0	1.5	1.0	0	1.01.0000	1.01.0000	1.01.0000	1.01.0000
542	1	9	0	Q_KILL1	92	98	543	540	319	30	0	0	0	0	0	0	0	0	0	0	0	0	0	0	0	0	0	_F_TALK_000	_F_FLEX_000	0	0	0	0	0	0	0	0	0	0	0	0	0	0	0	0	0	0	0	0	0	0	0	0	1.0	1.5	1.0	0	1.01.0000	1.01.0000	1.01.0000	1.01.0000
543	1	9	0	Q_GATHER1	92	98	544	542	2500229	1	0	0	0	0	0	0	0	0	0	0	0	0	0	0	0	0	0	_F_TALK_000	_F_FLEX_000	0	0	0	0	0	0	0	0	0	0	0	0	0	0	0	0	0	0	0	0	0	0	0	0	1.0	1.5	1.0	0	1.01.0000	1.01.0000	1.01.0000	1.01.0000
544	1	9	1	Q_CHECKBUFF1	92	98	0	543	8525	8586	0	0	0	0	0	0	0	0	0	0	0	0	0	0	0	0	0	_F_TALK_000	_F_TALK_000	2401011	5	0	0	0	0	0	0	0	0	0	0	0	0	0	0	0	0	0	0	0	0	0	0	1.0	1.5	1.0	0	1.01.0000	1.01.0000	1.01.0000	1.01.0000
545	1	9	1	Q_SET1	92	98	572	544	546	0	0	0	0	0	0	0	0	0	0	0	644	0	0	0	0	0	0	_F_FLEX_000	_F_FLEX_000	0	0	0	0	0	0	0	0	0	0	0	0	0	0	0	0	0	0	0	0	0	0	0	0	1.0	1.5	1.0	0	1.01.0000	1.01.0000	1.01.0000	1.01.0000
546	1	9	0	Q_SET7	92	98	0	544	545	320	1	0	0	0	0	0	0	0	0	0	0	0	0	0	0	0	0	_F_TALK_000	_F_TALK_000	0	0	0	0	0	0	0	0	0	0	0	0	0	0	0	0	0	0	0	0	0	0	0	0	1.0	1.5	1.0	0	1.01.0000	1.01.0000	1.01.0000	1.01.0000
547	2	9	0	Q_GATHER1	93	93	548	520	2500231	5	0	0	0	0	0	0	0	0	0	0	0	0	0	0	0	0	0	_F_TALK_000	_F_TALK_000	0	0	0	0	0	0	0	0	0	0	0	0	0	0	0	0	0	0	0	0	0	0	0	0	1.0	1.0	1.0	0	1.01.0000	1.01.0000	1.01.0000	1.01.0000
548	2	9	0	Q_GATHER1	93	93	0	547	2500230	30	0	0	0	0	0	0	0	0	0	0	0	0	0	0	0	0	0	_F_TALK_000	_F_TALK_000	0	0	0	0	0	0	0	0	0	0	0	0	0	0	0	0	0	0	0	0	0	0	0	0	1.0	1.0	1.0	0	1.01.0000	1.01.0000	1.01.0000	1.01.0000
549	2	9	1	Q_SET2	93	93	552	524	550	551	0	0	0	0	0	0	0	0	0	0	0	0	0	0	0	0	0	_F_TALK_000	_F_TALK_000	2401206	3	0	0	0	0	0	0	0	0	0	0	0	0	0	0	0	0	0	0	0	0	0	0	1.0	1.0	1.0	0	1.01.0000	1.01.0000	1.01.0000	1.01.0000
550	2	9	0	Q_SET6	93	93	0	524	549	2500232	30	0	0	0	0	0	0	0	0	0	0	0	0	0	0	0	0	_F_TALK_000	_F_TALK_000	0	0	0	0	0	0	0	0	0	0	0	0	0	0	0	0	0	0	0	0	0	0	0	0	1.0	1.0	1.0	0	1.01.0000	1.01.0000	1.01.0000	1.01.0000
551	2	9	0	Q_SET6	93	93	0	524	549	2500233	30	0	0	0	0	0	0	0	0	0	0	0	0	0	0	0	0	_F_TALK_000	_F_TALK_000	0	0	0	0	0	0	0	0	0	0	0	0	0	0	0	0	0	0	0	0	0	0	0	0	1.0	1.0	1.0	0	1.01.0000	1.01.0000	1.01.0000	1.01.0000
552	2	9	0	Q_KILL2	94	94	0	549	547	1	574	1	0	0	0	0	0	0	0	0	290	290	0	0	291	291	0	_F_TALK_000	_F_TALK_000	0	0	0	0	0	0	0	0	0	0	0	0	0	0	0	0	0	0	0	0	0	0	0	0	1.0	1.0	1.0	0	1.01.0000	1.01.0000	1.01.0000	1.01.0000
553	2	9	0	Q_KILL1	94	94	0	529	548	1	0	0	0	0	0	0	0	0	0	0	293	0	293	0	0	0	0	_F_TALK_000	_F_TALK_000	0	0	0	0	0	0	0	0	0	0	0	0	0	0	0	0	0	0	0	0	0	0	0	0	1.0	1.0	1.0	0	1.01.0000	1.01.0000	1.01.0000	1.01.0000
554	2	9	0	Q_KILL1	94	94	0	553	749	3	0	0	0	0	0	0	0	0	0	0	0	0	0	0	0	0	0	_F_TALK_000	_F_TALK_000	2401106	3	0	0	0	0	0	0	0	0	0	0	0	0	0	0	0	0	0	0	0	0	0	0	1.0	1.0	1.0	0	1.01.0000	1.01.0000	1.01.0000	1.01.0000
555	2	9	0	Q_GATHER1	94	94	556	532	2500234	5	0	0	0	0	0	0	0	0	0	0	0	0	0	0	0	0	0	_F_TALK_000	_F_TALK_000	0	0	0	0	0	0	0	0	0	0	0	0	0	0	0	0	0	0	0	0	0	0	0	0	1.0	1.0	1.0	0	1.01.0000	1.01.0000	1.01.0000	1.01.0000
556	2	9	0	Q_KILL2	94	94	0	555	310	20	311	20	0	0	0	0	0	0	0	0	0	0	0	0	0	0	0	_F_TALK_000	_F_TALK_000	0	0	0	0	0	0	0	0	0	0	0	0	0	0	0	0	0	0	0	0	0	0	0	0	1.0	1.0	1.0	0	1.01.0000	1.01.0000	1.01.0000	1.01.0000
557	2	9	1	Q_SET3	95	95	561	537	558	559	560	0	0	0	0	0	0	0	0	0	0	0	0	0	0	0	0	_F_TALK_000	_F_TALK_000	0	0	0	0	0	0	0	0	0	0	0	0	0	0	0	0	0	0	0	0	0	0	0	0	1.0	1.0	1.0	0	1.01.0000	1.01.0000	1.01.0000	1.01.0000
558	2	9	0	Q_SET7	95	95	0	537	557	312	30	0	0	0	0	0	0	0	0	0	0	296	299	0	0	0	0	_F_TALK_000	_F_TALK_000	0	0	0	0	0	0	0	0	0	0	0	0	0	0	0	0	0	0	0	0	0	0	0	0	1.0	1.0	1.0	0	1.01.0000	1.01.0000	1.01.0000	1.01.0000
559	2	9	0	Q_SET6	95	95	0	537	557	2500235	30	0	0	0	0	0	0	0	0	0	0	297	300	0	0	0	0	_F_TALK_000	_F_TALK_000	0	0	0	0	0	0	0	0	0	0	0	0	0	0	0	0	0	0	0	0	0	0	0	0	1.0	1.0	1.0	0	1.01.0000	1.01.0000	1.01.0000	1.01.0000
560	2	9	0	Q_SET5	95	95	0	537	557	2500236	1	0	0	0	0	0	0	0	0	0	0	298	301	0	0	0	0	_F_TALK_000	_F_TALK_000	0	0	0	0	0	0	0	0	0	0	0	0	0	0	0	0	0	0	0	0	0	0	0	0	1.0	1.0	1.0	0	1.01.0000	1.01.0000	1.01.0000	1.01.0000
561	2	9	1	Q_SET3	96	96	0	557	562	563	564	0	0	0	0	0	0	0	0	0	0	0	0	0	0	0	0	_F_TALK_000	_F_TALK_000	2208992	3	0	0	0	0	0	0	0	0	0	0	0	0	0	0	0	0	0	0	0	0	0	0	1.0	1.0	1.0	0	1.01.0000	1.01.0000	1.01.0000	1.01.0000
562	2	9	0	Q_SET7	96	96	0	557	561	314	1	0	0	0	0	0	0	0	0	0	0	299	0	0	0	0	0	_F_TALK_000	_F_TALK_000	0	0	0	0	0	0	0	0	0	0	0	0	0	0	0	0	0	0	0	0	0	0	0	0	1.0	1.0	1.0	0	1.01.0000	1.01.0000	1.01.0000	1.01.0000
563	2	9	0	Q_SET7	96	96	0	557	561	549	1	0	0	0	0	0	0	0	0	0	549	300	0	0	0	0	0	_F_TALK_000	_F_TALK_000	0	0	0	0	0	0	0	0	0	0	0	0	0	0	0	0	0	0	0	0	0	0	0	0	1.0	1.0	1.0	0	1.01.0000	1.01.0000	1.01.0000	1.01.0000
564	2	9	0	Q_SET7	96	96	0	557	561	317	1	0	0	0	0	0	0	0	0	0	0	301	0	0	0	0	0	_F_TALK_000	_F_TALK_000	0	0	0	0	0	0	0	0	0	0	0	0	0	0	0	0	0	0	0	0	0	0	0	0	1.0	1.0	1.0	0	1.01.0000	1.01.0000	1.01.0000	1.01.0000
565	2	9	0	Q_GATHER1	97	97	566	539	2500237	30	0	0	0	0	0	0	0	0	0	0	0	0	0	0	0	0	0	_F_TALK_000	_F_TALK_000	0	0	0	0	0	0	0	0	0	0	0	0	0	0	0	0	0	0	0	0	0	0	0	0	1.0	1.0	1.0	0	1.01.0000	1.01.0000	1.01.0000	1.01.0000
566	2	9	0	Q_GATHER2	97	97	567	565	2500238	20	2500239	20	0	0	0	0	0	0	0	0	0	0	0	0	0	0	0	_F_TALK_000	_F_TALK_000	0	0	0	0	0	0	0	0	0	0	0	0	0	0	0	0	0	0	0	0	0	0	0	0	1.0	1.0	1.0	0	1.01.0000	1.01.0000	1.01.0000	1.01.0000
567	2	9	0	Q_CON_NEW	97	97	0	566	0	0	23	550	1	0	0	0	0	0	0	0	0	0	0	0	0	0	0	_F_TALK_000	_F_TALK_000	2405098	5	0	0	0	0	0	0	0	0	0	0	0	0	0	0	0	0	0	0	0	0	0	0	1.0	1.0	1.0	0	1.01.0000	1.01.0000	1.01.0000	1.01.0000
568	2	9	0	Q_KILL1	98	98	569	545	319	30	0	0	0	0	0	0	0	0	0	0	0	0	0	0	0	0	0	_F_TALK_000	_F_TALK_000	0	0	0	0	0	0	0	0	0	0	0	0	0	0	0	0	0	0	0	0	0	0	0	0	1.0	1.0	1.0	0	1.01.0000	1.01.0000	1.01.0000	1.01.0000
569	2	9	0	Q_GATHER1	98	98	0	568	2500242	30	0	0	0	0	0	0	0	0	0	0	0	0	0	0	0	0	0	_F_TALK_000	_F_TALK_000	0	0	0	0	0	0	0	0	0	0	0	0	0	0	0	0	0	0	0	0	0	0	0	0	1.0	1.0	1.0	0	1.01.0000	1.01.0000	1.01.0000	1.01.0000
570	2	9	0	Q_KILL2	98	98	0	569	319	30	320	1	0	0	0	0	0	0	0	0	0	0	0	0	0	0	0	_F_TALK_000	_F_TALK_000	2208992	3	0	0	0	0	0	0	0	0	0	0	0	0	0	0	0	0	0	0	0	0	0	0	1.0	1.0	1.0	0	1.01.0000	1.01.0000	1.01.0000	1.01.0000
571	40	0	0	Q_SET8	93	93	0	529	553	43	86	0	0	0	0	0	0	0	0	293	0	0	0	0	0	0	0	_F_TALK_000	_F_TALK_000	0	0	0	0	0	0	0	0	0	0	0	0	0	0	0	0	0	0	0	0	0	0	0	0	0.0	0.0	0.0	0	1.01.0000	1.01.0000	1.01.0000	1.01.0000
572	1	10	0	Q_CON1	92	99	573	545	0	0	0	0	0	0	0	0	0	0	0	644	645	0	0	0	0	0	0	_F_TALK_000	_F_TALK_000	0	0	0	0	0	0	0	0	0	0	0	0	0	0	0	0	0	0	0	0	0	0	0	0	1.0	1.5	1.0	0	1.01.0000	1.01.0000	1.01.0000	1.01.0000
573	1	10	1	Q_SET3	92	99	577	572	574	575	576	0	0	0	0	0	0	0	0	0	0	0	0	0	0	0	0	_F_TALK_000	_F_HAPPY_000	3509530	1	0	0	0	0	0	0	0	0	0	0	0	0	0	0	0	0	0	0	0	0	0	0	1.0	1.5	1.0	0	1.01.0000	1.01.0000	1.01.0000	1.01.0000
574	1	10	0	Q_SET14	92	99	0	572	573	657	30	659	1	0	0	0	0	0	0	0	0	0	0	0	0	0	0	_F_TALK_000	_F_TALK_000	0	0	0	0	0	0	0	0	0	0	0	0	0	0	0	0	0	0	0	0	0	0	0	0	1.0	1.5	1.0	0	1.01.0000	1.01.0000	1.01.0000	1.01.0000
575	1	10	0	Q_SET6	92	99	0	572	573	2500250	3	0	0	0	0	0	0	0	0	0	0	0	0	0	0	0	0	_F_TALK_000	_F_TALK_000	0	0	0	0	0	0	0	0	0	0	0	0	0	0	0	0	0	0	0	0	0	0	0	0	1.0	1.5	1.0	0	1.01.0000	1.01.0000	1.01.0000	1.01.0000
576	1	10	0	Q_SET15	92	99	0	572	573	2500251	30	2500252	1	0	0	0	0	0	0	0	0	646	839	0	0	647	0	_F_TALK_000	_F_TALK_000	0	0	0	0	0	0	0	0	0	0	0	0	0	0	0	0	0	0	0	0	0	0	0	0	1.0	1.5	1.0	0	1.01.0000	1.01.0000	1.01.0000	1.01.0000
577	1	10	1	Q_SET1	92	99	579	573	578	0	0	0	0	0	0	0	0	0	0	645	644	836	648	838	841	837	649	_F_TALK_000	_F_TALK_000	2208992	3	0	0	0	0	0	0	0	0	0	0	0	0	0	0	0	0	0	0	0	0	0	0	1.0	1.5	1.0	0	1.01.0000	1.01.0000	1.01.0000	1.01.0000
578	1	10	0	Q_SET14	92	99	0	573	577	661	30	660	2	0	0	0	0	0	0	0	0	0	648	0	0	0	0	_F_TALK_000	_F_TALK_000	0	0	0	0	0	0	0	0	0	0	0	0	0	0	0	0	0	0	0	0	0	0	0	0	1.0	1.5	1.0	0	1.01.0000	1.01.0000	1.01.0000	1.01.0000
579	1	10	0	Q_CON1	92	99	580	577	0	0	0	0	0	0	0	0	0	0	0	0	651	644	0	0	0	0	0	_F_FLEX_000	_F_TALK_000	0	0	0	0	0	0	0	0	0	0	0	0	0	0	0	0	0	0	0	0	0	0	0	0	1.0	1.5	1.0	0	1.01.0000	1.01.0000	1.01.0000	1.01.0000
580	1	10	1	Q_SET2	92	100	0	579	581	582	0	0	0	0	0	0	0	0	0	0	0	651	652	0	0	0	0	_F_TALK_000	_F_TALK_000	2405098	5	0	0	0	0	0	0	0	0	0	0	0	0	0	0	0	0	0	0	0	0	0	0	1.0	1.5	1.0	0	1.01.0000	1.01.0000	1.01.0000	1.01.0000
581	1	10	0	Q_SET14	92	100	0	579	580	658	15	665	15	0	0	0	0	0	0	0	0	0	0	0	0	0	0	_F_TALK_000	_F_TALK_000	0	0	0	0	0	0	0	0	0	0	0	0	0	0	0	0	0	0	0	0	0	0	0	0	1.0	1.5	1.0	0	1.01.0000	1.01.0000	1.01.0000	1.01.0000
582	1	10	0	Q_SET7	92	100	0	579	580	671	20	0	0	0	0	0	0	0	0	0	0	0	0	0	0	0	0	_F_TALK_000	_F_TALK_000	0	0	0	0	0	0	0	0	0	0	0	0	0	0	0	0	0	0	0	0	0	0	0	0	1.0	1.5	1.0	0	1.01.0000	1.01.0000	1.01.0000	1.01.0000
583	1	10	0	Q_KILL3	92	100	584	580	665	20	667	5	668	1	0	0	0	0	0	0	0	0	0	0	0	0	0	_F_TALK_000	_F_FLEX_000	2401206	3	0	0	0	0	0	0	0	0	0	0	0	0	0	0	0	0	0	0	0	0	0	0	1.0	1.5	1.0	0	1.01.0000	1.01.0000	1.01.0000	1.01.0000
584	1	10	0	Q_GATHER6	92	100	585	583	2500253	1	2500254	1	2500255	1	300	0	0	0	0	0	0	0	0	0	0	0	0	_F_TALK_000	_F_FLEX_000	0	0	0	0	0	0	0	0	0	0	0	0	0	0	0	0	0	0	0	0	0	0	0	0	1.0	1.5	1.0	0	1.01.0000	1.01.0000	1.01.0000	1.01.0000
585	1	10	0	Q_GATHER1	92	100	586	584	2500256	30	0	0	0	0	0	0	0	0	0	0	0	0	0	0	0	0	0	_F_TALK_000	_F_FLEX_000	0	0	0	0	0	0	0	0	0	0	0	0	0	0	0	0	0	0	0	0	0	0	0	0	1.0	1.5	1.0	0	1.01.0000	1.01.0000	1.01.0000	1.01.0000
586	1	10	0	Q_GATHER1	92	100	858	585	2500257	1	0	0	0	0	0	0	0	0	0	0	0	0	0	0	0	0	0	_F_TALK_000	_F_HAPPY_000	2600095	3	0	0	0	0	0	0	0	0	0	0	0	0	0	0	0	0	0	0	0	0	0	0	1.0	1.5	1.0	0	1.01.0000	1.01.0000	1.01.0000	1.01.0000
587	40	0	0	Q_SET8	93	93	0	549	552	10	293	0	0	0	0	0	0	0	0	291	0	0	0	0	0	0	0	_F_EMOTION_001	_F_EMOTION_001	0	0	0	0	0	0	0	0	0	0	0	0	0	0	0	0	0	0	0	0	0	0	0	0	0.0	0.0	0.0	0	1.01.0000	1.01.0000	1.01.0000	1.01.0000
588	3	10	0	Q_KILL1	92	101	0	858	1278	1	0	0	0	0	0	0	0	0	0	0	0	652	0	0	0	0	0	_F_TALK_000	_F_FLEX_000	2401106	3	0	0	0	0	0	0	0	0	0	0	2205229	1	2205230	1	2205231	1	2205232	1	0	0	0	0	1.0	2.0	1.0	0	1.01.0000	1.01.0000	1.01.0000	1.01.0000
589	1	11	0	Q_SEND1	95	101	590	588	2500258	1	0	0	0	0	0	0	0	0	0	0	0	0	0	0	0	0	0	_F_TALK_000	_F_FLEX_000	0	0	0	0	0	0	0	0	0	0	0	0	0	0	0	0	0	0	0	0	0	0	0	0	1.0	1.5	1.0	0	1.01.0000	1.01.0000	1.01.0000	1.01.0000
590	1	11	0	Q_KILL1	95	101	0	589	691	30	0	0	0	0	0	0	0	0	0	0	0	0	0	0	0	0	0	_F_TALK_000	_F_TALK_000	0	0	0	0	0	0	0	0	0	0	0	0	0	0	0	0	0	0	0	0	0	0	0	0	1.0	1.5	1.0	0	1.01.0000	1.01.0000	1.01.0000	1.01.0000
591	1	11	0	Q_GATHER10	95	101	592	590	3133	2500260	1	2500259	30	0	0	0	0	0	0	0	677	0	0	0	0	0	0	_F_TALK_000	_F_FLEX_000	0	0	0	0	0	0	0	0	0	0	0	0	0	0	0	0	0	0	0	0	0	0	0	0	1.0	1.5	1.0	0	1.01.0000	1.01.0000	1.01.0000	1.01.0000
592	1	11	1	Q_SET3	95	102	596	591	593	594	595	0	0	0	0	0	0	0	0	0	0	0	0	0	0	0	0	_F_TALK_000	_F_SAD_000	2405099	5	0	0	0	0	0	0	0	0	0	0	0	0	0	0	0	0	0	0	0	0	0	0	1.0	1.5	1.0	0	1.01.0000	1.01.0000	1.01.0000	1.01.0000
593	1	11	0	Q_SET6	95	102	0	591	592	2500261	1	0	0	0	0	0	0	0	0	0	0	0	0	0	0	0	0	_F_TALK_000	_F_TALK_000	0	0	0	0	0	0	0	0	0	0	0	0	0	0	0	0	0	0	0	0	0	0	0	0	1.0	1.5	1.0	0	1.01.0000	1.01.0000	1.01.0000	1.01.0000
594	1	11	0	Q_SET6	95	102	0	591	592	2500262	10	0	0	0	0	0	0	0	0	0	0	0	0	0	0	0	0	_F_TALK_000	_F_TALK_000	0	0	0	0	0	0	0	0	0	0	0	0	0	0	0	0	0	0	0	0	0	0	0	0	1.0	1.5	1.0	0	1.01.0000	1.01.0000	1.01.0000	1.01.0000
595	1	11	0	Q_SET7	95	102	0	591	592	674	1	0	0	0	0	0	0	0	0	0	674	674	0	0	0	0	0	_F_TALK_000	_F_TALK_000	0	0	0	0	0	0	0	0	0	0	0	0	0	0	0	0	0	0	0	0	0	0	0	0	1.0	1.5	1.0	0	1.01.0000	1.01.0000	1.01.0000	1.01.0000
596	1	11	0	Q_KILL1	95	103	597	592	693	30	0	0	0	0	0	0	0	0	0	677	683	0	684	0	0	0	0	_F_TALK_000	_F_FLEX_000	0	0	0	0	0	0	0	0	0	0	0	0	0	0	0	0	0	0	0	0	0	0	0	0	1.0	1.5	1.0	0	1.01.0000	1.01.0000	1.01.0000	1.01.0000
597	1	11	0	Q_GATHER2	95	103	0	596	2500264	30	2500263	1	0	0	0	0	0	0	0	0	0	0	0	0	0	0	0	_F_HAPPY_000	_F_TALK_000	2401012	5	0	0	0	0	0	0	0	0	0	0	0	0	0	0	0	0	0	0	0	0	0	0	1.0	1.5	1.0	0	1.01.0000	1.01.0000	1.01.0000	1.01.0000
598	1	11	1	Q_SET1	95	103	0	597	599	0	0	0	0	0	0	0	0	0	0	0	0	684	0	0	0	0	0	_F_FLEX_000	_F_FLEX_000	0	0	0	0	0	0	0	0	0	0	0	0	0	0	0	0	0	0	0	0	0	0	0	0	1.0	1.5	1.0	0	1.01.0000	1.01.0000	1.01.0000	1.01.0000
599	1	11	0	Q_SET14	95	103	0	597	598	690	30	696	2	0	0	0	0	0	0	0	0	0	0	0	0	0	0	_F_TALK_000	_F_TALK_000	0	0	0	0	0	0	0	0	0	0	0	0	0	0	0	0	0	0	0	0	0	0	0	0	1.0	1.5	1.0	0	1.01.0000	1.01.0000	1.01.0000	1.01.0000
600	1	11	0	Q_GATHER10	95	104	0	598	3177	2500266	1	2500265	1	0	0	0	0	0	0	0	0	683	0	0	0	0	0	_F_TALK_000	_F_FLEX_000	0	0	0	0	0	0	0	0	0	0	0	0	0	0	0	0	0	0	0	0	0	0	0	0	1.0	1.5	1.0	0	1.01.0000	1.01.0000	1.01.0000	1.01.0000
601	1	11	0	Q_CON1	95	104	0	600	0	0	0	0	0	0	0	0	0	0	0	0	0	0	8014	0	0	0	0	_F_FLEX_000	_F_FLEX_000	0	0	0	0	0	0	0	0	0	0	0	0	0	0	0	0	0	0	0	0	0	0	0	0	1.0	1.5	1.0	0	1.01.0000	1.01.0000	1.01.0000	1.01.0000
602	25	0	0	Q_ENTER_INSTANCE1	100	104	0	601	603	2046	0	0	0	0	0	0	0	0	0	0	0	0	0	0	0	0	0	_F_TALK_000	_F_TALK_000	0	0	0	0	0	0	0	0	0	0	0	0	0	0	0	0	0	0	0	0	0	0	0	0	0.0	0.0	0.0	0	1.01.0000	1.01.0000	1.01.0000	1.01.0000
603	1	128	0	Q_INSTANCE_KILL1	100	104	0	601	602	8563	712	3	105	0	0	0	0	0	0	0	0	8014	0	0	0	0	0	_F_FLEX_000	_F_HAPPY_000	2401206	3	0	0	0	0	0	0	0	0	0	0	0	0	0	0	0	0	0	0	0	0	0	0	1.0	1.5	1.0	0	1.01.0000	1.01.0000	1.01.0000	1.01.0000
604	1	14	0	Q_CON1	100	105	605	603	0	0	0	0	0	0	0	0	0	0	0	0	0	0	0	0	0	0	0	_F_TALK_000	_F_FLEX_000	0	0	0	0	0	0	0	0	0	0	0	0	0	0	0	0	0	0	0	0	0	0	0	0	1.0	1.5	1.0	0	1.01.0000	1.01.0000	1.01.0000	1.01.0000
605	1	14	0	Q_KILL1	100	105	606	604	340	35	0	0	0	0	0	0	0	0	0	0	324	323	0	0	0	0	0	_F_TALK_000	_F_SAD_000	0	0	0	0	0	0	0	0	0	0	0	0	0	0	0	0	0	0	0	0	0	0	0	0	1.0	1.5	1.0	0	1.01.0000	1.01.0000	1.01.0000	1.01.0000
606	1	14	1	Q_SET3	100	105	610	605	607	608	609	0	0	0	0	0	0	0	0	0	0	324	0	0	0	0	0	_F_FLEX_000	_F_TALK_000	2401106	3	3509533	1	0	0	0	0	0	0	0	0	0	0	0	0	0	0	0	0	0	0	0	0	1.0	1.5	1.0	0	1.01.0000	1.01.0000	1.01.0000	1.01.0000
607	1	14	0	Q_SET6	100	105	0	605	606	2500270	5	0	0	0	0	0	0	0	0	0	0	0	0	0	0	0	0	_F_TALK_000	_F_TALK_000	0	0	0	0	0	0	0	0	0	0	0	0	0	0	0	0	0	0	0	0	0	0	0	0	1.0	1.5	1.0	0	1.01.0000	1.01.0000	1.01.0000	1.01.0000
608	1	14	0	Q_SET4	100	106	0	605	606	0	0	0	0	0	0	0	0	0	0	0	0	0	0	0	0	0	0	_F_TALK_000	_F_TALK_000	0	0	0	0	0	0	0	0	0	0	0	0	0	0	0	0	0	0	0	0	0	0	0	0	1.0	1.5	1.0	0	1.01.0000	1.01.0000	1.01.0000	1.01.0000
609	1	14	0	Q_SET7	100	106	0	605	606	341	35	0	0	0	0	0	0	0	0	0	0	0	329	0	0	0	0	_F_TALK_000	_F_TALK_000	0	0	0	0	0	0	0	0	0	0	0	0	0	0	0	0	0	0	0	0	0	0	0	0	1.0	1.5	1.0	0	1.01.0000	1.01.0000	1.01.0000	1.01.0000
610	1	14	0	Q_GATHER1	100	106	611	606	2500271	35	0	0	0	0	0	0	0	0	0	0	0	0	0	0	0	0	0	_F_TALK_000	_F_EMOTION_004	0	0	0	0	0	0	0	0	0	0	0	0	0	0	0	0	0	0	0	0	0	0	0	0	1.0	1.5	1.0	0	1.01.0000	1.01.0000	1.01.0000	1.01.0000
611	1	14	1	Q_SET3	100	106	0	610	612	613	614	0	0	0	0	0	0	0	0	0	0	329	330	0	0	0	0	_F_TALK_000	_F_EMPOWER_000	2401012	5	0	0	0	0	0	0	0	0	0	0	0	0	0	0	0	0	0	0	0	0	0	0	1.0	1.5	1.0	0	1.01.0000	1.01.0000	1.01.0000	1.01.0000
612	1	14	0	Q_SET6	100	107	0	610	611	2500274	1	0	0	0	0	0	0	0	0	0	0	0	0	0	0	0	0	_F_TALK_000	_F_EMOTION_004	0	0	0	0	0	0	0	0	0	0	0	0	0	0	0	0	0	0	0	0	0	0	0	0	1.0	1.5	1.0	0	1.01.0000	1.01.0000	1.01.0000	1.01.0000
613	1	14	0	Q_SET26	100	107	0	610	611	3134	2500272	1	2500269	35	0	0	0	0	0	0	0	0	0	0	0	0	0	_F_TALK_000	_F_EMOTION_004	0	0	0	0	0	0	0	0	0	0	0	0	0	0	0	0	0	0	0	0	0	0	0	0	1.0	1.5	1.0	0	1.01.0000	1.01.0000	1.01.0000	1.01.0000
614	1	14	0	Q_SET6	100	107	0	610	611	2500273	1	0	0	0	0	0	0	0	0	0	0	0	0	0	0	0	0	_F_TALK_000	_F_EMOTION_004	0	0	0	0	0	0	0	0	0	0	0	0	0	0	0	0	0	0	0	0	0	0	0	0	1.0	1.5	1.0	0	1.01.0000	1.01.0000	1.01.0000	1.01.0000
615	1	14	0	Q_KILL3	100	107	616	611	346	20	347	20	348	2	0	0	0	0	0	0	333	0	0	0	0	0	0	_F_EMPOWER_000	_F_EMPOWER_000	0	0	0	0	0	0	0	0	0	0	0	0	0	0	0	0	0	0	0	0	0	0	0	0	1.0	1.5	1.0	0	1.01.0000	1.01.0000	1.01.0000	1.01.0000
616	1	14	0	Q_GATHER1	100	108	617	615	2500275	5	0	0	0	0	0	0	0	0	0	0	0	0	0	0	0	0	0	_F_TALK_000	_F_EMPOWER_000	0	0	0	0	0	0	0	0	0	0	0	0	0	0	0	0	0	0	0	0	0	0	0	0	1.0	1.5	1.0	0	1.01.0000	1.01.0000	1.01.0000	1.01.0000
617	1	14	0	Q_KILL1	100	108	618	616	699	5	0	0	0	0	0	0	0	0	0	0	334	0	0	0	0	0	0	_F_TALK_000	_F_SAD_000	0	0	0	0	0	0	0	0	0	0	0	0	0	0	0	0	0	0	0	0	0	0	0	0	1.0	1.5	1.0	0	1.01.0000	1.01.0000	1.01.0000	1.01.0000
618	1	14	0	Q_KILL1	100	108	619	617	349	35	0	0	0	0	0	0	0	0	0	0	0	0	0	0	0	0	0	_F_SAD_000	_F_EMOTION_012	2401012	5	0	0	0	0	0	0	0	0	0	0	0	0	0	0	0	0	0	0	0	0	0	0	1.0	1.5	1.0	0	1.01.0000	1.01.0000	1.01.0000	1.01.0000
619	1	14	1	Q_CHECKBUFF3	100	108	0	618	8527	8528	8529	0	0	0	0	0	0	0	0	0	0	333	0	0	0	0	0	_F_EMOTION_000	_F_EMOTION_004	0	0	0	0	0	0	0	0	0	0	0	0	0	0	0	0	0	0	0	0	0	0	0	0	1.0	1.5	1.0	0	1.01.0000	1.01.0000	1.01.0000	1.01.0000
620	1	14	0	Q_GATHER1	100	108	0	619	2500276	2	0	0	0	0	0	0	0	0	0	334	0	0	331	0	0	0	0	_F_SAD_000	_F_TALK_000	0	0	0	0	0	0	0	0	0	0	0	0	0	0	0	0	0	0	0	0	0	0	0	0	1.0	1.5	1.0	0	1.01.0000	1.01.0000	1.01.0000	1.01.0000
629	1	14	0	Q_CON1	100	110	630	0	0	0	0	0	0	0	0	0	0	0	0	0	0	0	0	0	0	0	0	_F_TALK_000	_F_FLEX_000	0	0	0	0	0	0	0	0	0	0	0	0	0	0	0	0	0	0	0	0	0	0	0	0	1.0	1.5	1.0	0	1.01.0000	1.01.0000	1.01.0000	1.01.0000
630	1	14	0	Q_CON1	100	110	0	629	0	0	0	0	0	0	0	0	0	0	0	0	0	0	0	0	0	0	0	_F_TALK_000	_F_FLEX_000	0	0	0	0	0	0	0	0	0	0	0	0	0	0	0	0	0	0	0	0	0	0	0	0	1.0	1.5	1.0	0	1.01.0000	1.01.0000	1.01.0000	1.01.0000
698	40	0	0	Q_SET8	34	35	0	165	166	7	67	0	0	0	0	0	0	0	0	49	0	0	0	0	0	0	0	_F_ATTACK_002	_F_ATTACK_002	0	0	0	0	0	0	0	0	0	0	0	0	0	0	0	0	0	0	0	0	0	0	0	0	0.0	0.0	0.0	0	1.00.0000	1.00.0000	1.00.0000	1.00.0000
699	40	0	0	Q_SET8	81	81	0	392	393	25	82	0	0	0	0	0	0	0	0	367	0	0	0	0	0	0	0	_F_EMOTION_000	_F_EMOTION_000	0	0	0	0	0	0	0	0	0	0	0	0	0	0	0	0	0	0	0	0	0	0	0	0	0.0	0.0	0.0	0	1.01.0000	1.01.0000	1.01.0000	1.01.0000
700	40	0	0	Q_INSTANCE_ADD_MOBBUFF1	62	67	0	283	284	8500	255	585	0	0	0	0	0	0	0	0	0	0	0	0	0	0	0	_F_ATTACK_002	_F_TALK_000	0	0	0	0	0	0	0	0	0	0	0	0	0	0	0	0	0	0	0	0	0	0	0	0	0.0	0.0	0.0	0	1.00.0000	1.00.0000	1.00.0000	1.00.0000
701	40	0	0	Q_SET8	85	85	0	463	464	32	84	0	0	0	0	0	0	0	0	528	0	0	0	0	0	0	0	_F_EMPOWER_000	_F_EMPOWER_000	0	0	0	0	0	0	0	0	0	0	0	0	0	0	0	0	0	0	0	0	0	0	0	0	0.0	0.0	0.0	0	1.01.0000	1.01.0000	1.01.0000	1.01.0000
702	40	0	0	Q_SET8	85	85	0	477	478	35	85	0	0	0	0	0	0	0	0	529	0	0	0	0	0	0	0	_F_EMPOWER_000	_F_EMPOWER_000	0	0	0	0	0	0	0	0	0	0	0	0	0	0	0	0	0	0	0	0	0	0	0	0	0.0	0.0	0.0	0	1.01.0000	1.01.0000	1.01.0000	1.01.0000
703	25	0	0	Q_ENTER_INSTANCE3	74	78	0	0	356	2051	2500152	1	0	0	0	0	0	0	0	0	0	0	0	0	0	0	0	_F_EMOTION_006	_F_EMOTION_006	0	0	0	0	0	0	0	0	0	0	0	0	0	0	0	0	0	0	0	0	0	0	0	0	0.0	0.0	0.0	0	1.00.0000	1.00.0000	1.00.0000	1.00.0000
705	1	139	0	Q_ADD_MOBBUFF2	1	4	0	714	8569	255	0	0	0	0	0	0	0	0	0	0	0	0	0	0	0	0	0	_F_TALK_000	_F_TALK_000	0	0	0	0	0	0	0	0	0	0	0	0	0	0	0	0	0	0	0	0	0	0	0	0	1.0	1.5	1.0	0	1.00.0000	1.00.0000	1.00.0000	1.00.0000
709	40	0	0	Q_SET8	110	110	0	644	645	50	89	0	0	0	0	0	0	0	0	576	0	0	0	0	0	0	0	_F_TALK_000	_F_TALK_000	0	0	0	0	0	0	0	0	0	0	0	0	0	0	0	0	0	0	0	0	0	0	0	0	0.0	0.0	0.0	0	1.01.0000	1.01.0000	1.01.0000	1.01.0000
721	1	1	0	Q_CON1	10	15	25	24	0	0	0	0	0	0	0	0	0	0	0	0	0	0	0	0	0	0	0		_F_FLEX_000	0	0	0	0	0	0	0	0	0	0	0	0	0	0	0	0	0	0	0	0	0	0	0	0	1.0	1.5	1.0	0	1.00.0000	1.00.0000	1.00.0000	1.00.0000
722	1	2	0	Q_SEND1	15	25	0	91	2500025	1	0	0	0	0	0	0	0	0	0	0	0	742	13	0	0	0	0	_F_TALK_000	_F_FLEX_000	0	0	0	0	0	0	0	0	0	0	0	0	0	0	0	0	0	0	0	0	0	0	0	0	1.0	1.5	1.0	0	1.00.0000	1.00.0000	1.00.0000	1.00.0000
738	40	0	0	Q_SKILL2	1	10	0	0	734	735	736	737	0	0	0	0	0	0	0	0	0	0	0	0	0	0	0	_F_TALK_000	_F_TALK_000	0	0	0	0	0	0	0	0	0	0	0	0	0	0	0	0	0	0	0	0	0	0	0	0	0.0	0.0	0.0	0	1.00.0000	1.00.0000	1.00.0000	1.00.0000
739	1	1	0	Q_CON_NEW	31	33	0	110	0	0	25	2500134	1	21	18	0	0	0	0	0	156	0	0	0	0	0	0	_F_EMOTION_006	_F_FLEX_000	2413101	1	2400091	1	0	0	0	0	0	0	0	0	0	0	0	0	0	0	0	0	0	0	0	0	1.0	1.5	1.0	0	1.00.0000	1.00.0000	1.00.0000	1.00.0000
740	1	4	0	Q_MOVIE_CON3	50	55	215	214	0	0	0	0	0	0	0	0	0	0	0	0	0	0	0	0	0	0	0	_F_SAD_000	ODYSSEY_000.wmv	0	0	0	0	0	0	0	0	0	0	0	0	0	0	0	0	0	0	0	0	0	0	0	0	1.0	1.5	1.0	0	1.00.0000	1.00.0000	1.00.0000	1.00.0000
741	1	4	0	Q_CON1	50	55	854	217	0	0	0	0	0	0	0	0	0	0	0	0	0	0	0	0	0	0	0	_F_SAD_000	_F_EMPOWER_000	0	0	0	0	0	0	0	0	0	0	0	0	0	0	0	0	0	0	0	0	0	0	0	0	1.0	1.5	1.0	0	1.00.0000	1.00.0000	1.00.0000	1.00.0000
742	1	5	0	Q_CON1	60	66	276	274	0	0	0	0	0	0	0	0	0	0	0	118	134	0	0	0	0	0	0	_F_TALK_000	_F_HAPPY_000	0	0	0	0	0	0	0	0	0	0	0	0	0	0	0	0	0	0	0	0	0	0	0	0	1.0	1.5	1.0	0	1.00.0000	1.00.0000	1.00.0000	1.00.0000
743	1	5	0	Q_MOVIE_CON3	60	67	287	284	0	0	0	0	0	0	0	0	0	0	0	0	0	0	0	0	0	0	0	_F_FLEX_000	ODYSSEY_000.wmv	0	0	0	0	0	0	0	0	0	0	0	0	0	0	0	0	0	0	0	0	0	0	0	0	1.0	1.5	1.0	0	1.00.0000	1.00.0000	1.00.0000	1.00.0000
744	1	5	0	Q_CON1	65	70	292	290	0	0	0	0	0	0	0	0	0	0	0	0	8005	0	0	0	0	0	0	_F_TALK_000	_F_FLEX_000	0	0	0	0	0	0	0	0	0	0	0	0	0	0	0	0	0	0	0	0	0	0	0	0	1.0	1.5	1.0	0	1.00.0000	1.00.0000	1.00.0000	1.00.0000
745	1	5	0	Q_MOVIE_CON2	65	70	293	292	0	0	0	0	0	0	0	0	0	0	0	0	0	0	0	0	0	0	0	ODYSSEY_000.wmv	_F_HAPPY_000	0	0	0	0	0	0	0	0	0	0	0	0	0	0	0	0	0	0	0	0	0	0	0	0	1.0	1.5	1.0	0	1.00.0000	1.00.0000	1.00.0000	1.00.0000
746	1	6	0	Q_CON1	72	76	338	335	0	0	0	0	0	0	0	0	0	0	0	0	208	0	0	0	0	0	0	_F_TALK_000	_F_FLEX_000	0	0	0	0	0	0	0	0	0	0	0	0	0	0	0	0	0	0	0	0	0	0	0	0	1.0	1.5	1.0	0	1.00.0000	1.00.0000	1.00.0000	1.00.0000
748	1	1	0	Q_CON1	15	1	0	920	0	0	0	0	0	0	0	0	0	0	0	0	0	0	0	0	0	0	0	_F_EMOTION_000	_F_TALK_000	0	0	0	0	0	0	0	0	0	0	0	0	0	0	0	0	0	0	0	0	0	0	0	0	1.0	1.5	1.0	0	1.00.0000	1.00.0000	1.00.0000	1.00.0000
750	2	10	0	Q_GATHER2	92	99	0	577	2500315	30	2500316	1	0	0	0	0	0	0	0	0	0	0	0	0	0	0	0	_F_TALK_000	_F_TALK_000	0	0	0	0	0	0	0	0	0	0	0	0	0	0	0	0	0	0	0	0	0	0	0	0	1.0	1.0	1.0	0	1.01.0000	1.01.0000	1.01.0000	1.01.0000
751	2	10	0	Q_SEND3	92	99	752	750	2500317	5	2500318	5	0	0	0	0	0	0	0	0	0	0	0	0	0	0	0	_F_TALK_000	_F_TALK_000	0	0	0	0	0	0	0	0	0	0	0	0	0	0	0	0	0	0	0	0	0	0	0	0	1.0	1.0	1.0	0	1.01.0000	1.01.0000	1.01.0000	1.01.0000
752	2	10	0	Q_GATHER1	92	99	753	751	2500319	35	0	0	0	0	0	0	0	0	0	0	0	0	0	0	0	0	0	_F_TALK_000	_F_TALK_000	0	0	0	0	0	0	0	0	0	0	0	0	0	0	0	0	0	0	0	0	0	0	0	0	1.0	1.0	1.0	0	1.01.0000	1.01.0000	1.01.0000	1.01.0000
753	2	10	0	Q_KILL3	92	99	0	752	659	30	660	1	662	1	0	0	0	0	0	0	0	0	0	0	0	0	0	_F_TALK_000	_F_FLEX_000	3509530	1	0	0	0	0	0	0	0	0	0	0	0	0	0	0	0	0	0	0	0	0	0	0	1.0	1.0	1.0	0	1.01.0000	1.01.0000	1.01.0000	1.01.0000
754	2	10	0	Q_KILL3	92	100	755	582	664	20	666	20	667	1	0	0	0	0	0	0	0	0	0	0	0	0	0	_F_TALK_000	_F_FLEX_000	0	0	0	0	0	0	0	0	0	0	0	0	0	0	0	0	0	0	0	0	0	0	0	0	1.0	1.0	1.0	0	1.01.0000	1.01.0000	1.01.0000	1.01.0000
755	2	10	0	Q_CON1	92	100	756	754	0	0	0	0	0	0	0	0	0	0	0	0	0	0	0	0	0	0	0	_F_TALK_000	_F_FLEX_000	0	0	0	0	0	0	0	0	0	0	0	0	0	0	0	0	0	0	0	0	0	0	0	0	1.0	1.0	1.0	0	1.01.0000	1.01.0000	1.01.0000	1.01.0000
756	2	10	0	Q_GATHER1	92	100	757	755	2500320	2	0	0	0	0	0	0	0	0	0	0	0	0	0	0	0	0	0	_F_TALK_000	_F_FLEX_000	0	0	0	0	0	0	0	0	0	0	0	0	0	0	0	0	0	0	0	0	0	0	0	0	1.0	1.0	1.0	0	1.01.0000	1.01.0000	1.01.0000	1.01.0000
757	2	10	0	Q_GATHER1	92	100	0	756	2500321	35	0	0	0	0	0	0	0	0	0	0	0	0	0	0	0	0	0	_F_TALK_000	_F_FLEX_000	2405099	5	0	0	0	0	0	0	0	0	0	0	0	0	0	0	0	0	0	0	0	0	0	0	1.0	1.0	1.0	0	1.01.0000	1.01.0000	1.01.0000	1.01.0000
758	2	11	0	Q_KILL2	95	101	0	591	689	20	692	10	0	0	0	0	0	0	0	0	682	0	0	0	0	0	0	_F_TALK_000	_F_FLEX_000	0	0	0	0	0	0	0	0	0	0	0	0	0	0	0	0	0	0	0	0	0	0	0	0	1.0	1.0	1.0	0	1.01.0000	1.01.0000	1.01.0000	1.01.0000
759	2	11	0	Q_GATHER10	95	101	0	758	3136	2500322	1	2500323	30	0	0	0	0	0	0	0	0	0	0	0	0	0	0	_F_TALK_000	_F_TALK_000	0	0	0	0	0	0	0	0	0	0	0	0	0	0	0	0	0	0	0	0	0	0	0	0	1.0	1.0	1.0	0	1.01.0000	1.01.0000	1.01.0000	1.01.0000
760	2	11	0	Q_GATHER1	95	101	0	759	2500324	40	0	0	0	0	0	0	0	0	0	0	0	0	0	0	0	0	0	_F_TALK_000	_F_FLEX_000	0	0	0	0	0	0	0	0	0	0	0	0	0	0	0	0	0	0	0	0	0	0	0	0	1.0	1.0	1.0	0	1.01.0000	1.01.0000	1.01.0000	1.01.0000
761	2	11	0	Q_KILL4	95	102	0	760	688	20	300	0	0	0	0	0	0	0	0	0	0	680	681	0	0	0	0	_F_TALK_000	_F_TALK_000	0	0	0	0	0	0	0	0	0	0	0	0	0	0	0	0	0	0	0	0	0	0	0	0	1.0	1.0	1.0	0	1.01.0000	1.01.0000	1.01.0000	1.01.0000
762	2	11	0	Q_CON1	95	102	0	761	0	0	0	0	0	0	0	0	0	0	0	0	0	0	0	0	0	0	0	_F_TALK_000	_F_FLEX_000	2208993	3	0	0	0	0	0	0	0	0	0	0	0	0	0	0	0	0	0	0	0	0	0	0	1.0	1.0	1.0	0	1.01.0000	1.01.0000	1.01.0000	1.01.0000
763	2	11	0	Q_GATHER3	95	102	764	592	2500325	1	2500332	1	2500333	1	0	0	0	0	0	0	0	0	0	0	0	0	0	_F_TALK_000	_F_FLEX_000	0	0	0	0	0	0	0	0	0	0	0	0	0	0	0	0	0	0	0	0	0	0	0	0	1.0	1.0	1.0	0	1.01.0000	1.01.0000	1.01.0000	1.01.0000
764	2	11	0	Q_GATHER1	95	102	765	763	2500326	5	0	0	0	0	0	0	0	0	0	0	0	0	0	0	0	0	0	_F_TALK_000	_F_FLEX_000	0	0	0	0	0	0	0	0	0	0	0	0	0	0	0	0	0	0	0	0	0	0	0	0	1.0	1.0	1.0	0	1.01.0000	1.01.0000	1.01.0000	1.01.0000
765	2	11	0	Q_SEND3	95	102	0	764	2500327	40	2500328	10	0	0	0	0	0	0	0	0	0	0	0	0	0	0	0	_F_TALK_000	_F_FLEX_000	0	0	0	0	0	0	0	0	0	0	0	0	0	0	0	0	0	0	0	0	0	0	0	0	1.0	1.0	1.0	0	1.01.0000	1.01.0000	1.01.0000	1.01.0000
766	2	11	0	Q_KILL1	95	103	0	765	691	35	0	0	0	0	0	0	0	0	0	0	0	0	0	0	0	0	0	_F_TALK_000	_F_FLEX_000	2405099	5	0	0	0	0	0	0	0	0	0	0	0	0	0	0	0	0	0	0	0	0	0	0	1.0	1.0	1.0	0	1.01.0000	1.01.0000	1.01.0000	1.01.0000
767	2	11	1	Q_SET3	95	103	0	597	768	769	770	0	0	0	0	0	0	0	0	0	0	0	0	0	0	0	0	_F_TALK_000	_F_TALK_000	2401012	5	0	0	0	0	0	0	0	0	0	0	0	0	0	0	0	0	0	0	0	0	0	0	1.0	1.0	1.0	0	1.01.0000	1.01.0000	1.01.0000	1.01.0000
768	2	11	1	Q_SET4	95	103	0	597	767	0	0	0	0	0	0	0	0	0	0	0	0	0	0	0	0	0	0	_F_TALK_000	_F_TALK_000	0	0	0	0	0	0	0	0	0	0	0	0	0	0	0	0	0	0	0	0	0	0	0	0	0.0	0.0	0.0	0	1.01.0000	1.01.0000	1.01.0000	1.01.0000
769	2	11	0	Q_SET6	95	103	0	597	767	2500329	30	0	0	0	0	0	0	0	0	0	0	0	0	0	0	0	0	_F_TALK_000	_F_TALK_000	0	0	0	0	0	0	0	0	0	0	0	0	0	0	0	0	0	0	0	0	0	0	0	0	0.0	0.0	0.0	0	1.01.0000	1.01.0000	1.01.0000	1.01.0000
770	2	11	1	Q_SET9	95	103	0	597	767	8542	0	0	0	0	0	0	0	0	0	0	0	0	0	0	0	0	0	_F_TALK_000	_F_TALK_000	0	0	0	0	0	0	0	0	0	0	0	0	0	0	0	0	0	0	0	0	0	0	0	0	0.0	0.0	0.0	0	1.01.0000	1.01.0000	1.01.0000	1.01.0000
771	2	11	0	Q_KILL2	95	104	772	600	693	30	696	5	0	0	0	0	0	0	0	0	0	0	0	0	0	0	0	_F_TALK_000	_F_FLEX_000	0	0	0	0	0	0	0	0	0	0	0	0	0	0	0	0	0	0	0	0	0	0	0	0	1.0	1.0	1.0	0	1.01.0000	1.01.0000	1.01.0000	1.01.0000
772	2	11	0	Q_GATHER4	95	104	773	771	2500330	3	180	0	0	0	0	0	0	0	0	0	0	0	0	0	0	0	0	_F_TALK_000	_F_FLEX_000	2600095	1	0	0	0	0	0	0	0	0	0	0	0	0	0	0	0	0	0	0	0	0	0	0	1.0	1.0	1.0	0	1.01.0000	1.01.0000	1.01.0000	1.01.0000
773	2	11	0	Q_GATHER2	95	104	774	772	2500331	3	0	0	0	0	0	0	0	0	0	0	0	0	0	0	0	0	0	_F_TALK_000	_F_FLEX_000	0	0	0	0	0	0	0	0	0	0	0	0	0	0	0	0	0	0	0	0	0	0	0	0	1.0	1.0	1.0	0	1.01.0000	1.01.0000	1.01.0000	1.01.0000
774	2	11	0	Q_KILL3	95	104	0	773	691	20	694	20	697	2	0	0	0	0	0	0	0	0	0	0	0	0	0	_F_TALK_000	_F_FLEX_000	2208993	3	0	0	0	0	0	0	0	0	0	0	0	0	0	0	0	0	0	0	0	0	0	0	1.0	1.0	1.0	0	1.01.0000	1.01.0000	1.01.0000	1.01.0000
775	2	14	0	Q_GATHER1	100	105	0	606	2500335	40	0	0	0	0	0	0	0	0	0	0	0	0	0	0	0	0	0	_F_TALK_000	_F_FLEX_000	0	0	0	0	0	0	0	0	0	0	0	0	0	0	0	0	0	0	0	0	0	0	0	0	1.0	1.0	1.0	0	1.01.0000	1.01.0000	1.01.0000	1.01.0000
776	2	14	0	Q_GATHER1	100	105	0	775	2500336	5	0	0	0	0	0	0	0	0	0	0	0	0	0	0	0	0	0	_F_TALK_000	_F_FLEX_000	0	0	0	0	0	0	0	0	0	0	0	0	0	0	0	0	0	0	0	0	0	0	0	0	1.0	1.0	1.0	0	1.01.0000	1.01.0000	1.01.0000	1.01.0000
777	2	14	0	Q_CON1	100	105	0	776	0	0	0	0	0	0	0	0	0	0	0	0	0	0	0	0	0	0	0	_F_TALK_000	_F_FLEX_000	2401206	3	0	0	0	0	0	0	0	0	0	0	0	0	0	0	0	0	0	0	0	0	0	0	1.0	1.0	1.0	0	1.01.0000	1.01.0000	1.01.0000	1.01.0000
778	2	14	0	Q_GATHER1	100	106	779	611	2500337	40	0	0	0	0	0	0	0	0	0	0	0	0	0	0	0	0	0	_F_TALK_000	_F_FLEX_000	0	0	0	0	0	0	0	0	0	0	0	0	0	0	0	0	0	0	0	0	0	0	0	0	1.0	1.0	1.0	0	1.01.0000	1.01.0000	1.01.0000	1.01.0000
779	2	14	0	Q_GATHER1	100	106	780	778	2500350	3	0	0	0	0	0	0	0	0	0	0	0	0	0	0	0	0	0	_F_TALK_000	_F_FLEX_000	0	0	0	0	0	0	0	0	0	0	0	0	0	0	0	0	0	0	0	0	0	0	0	0	1.0	1.0	1.0	0	1.01.0000	1.01.0000	1.01.0000	1.01.0000
780	2	14	0	Q_KILL1	100	106	781	779	342	40	0	0	0	0	0	0	0	0	0	0	0	0	0	0	0	0	0	_F_TALK_000	_F_FLEX_000	0	0	0	0	0	0	0	0	0	0	0	0	0	0	0	0	0	0	0	0	0	0	0	0	1.0	1.0	1.0	0	1.01.0000	1.01.0000	1.01.0000	1.01.0000
781	2	14	0	Q_GATHER10	100	106	0	780	3138	2500339	1	2500338	40	0	0	0	0	0	0	0	0	0	0	0	0	0	0	_F_TALK_000	_F_FLEX_000	2208993	3	0	0	0	0	0	0	0	0	0	0	0	0	0	0	0	0	0	0	0	0	0	0	1.0	1.0	1.0	0	1.01.0000	1.01.0000	1.01.0000	1.01.0000
782	2	14	0	Q_KILL1	100	106	783	615	344	40	0	0	0	0	0	0	0	0	0	0	0	0	0	0	0	0	0	_F_TALK_000	_F_FLEX_000	0	0	0	0	0	0	0	0	0	0	0	0	0	0	0	0	0	0	0	0	0	0	0	0	1.0	1.0	1.0	0	1.01.0000	1.01.0000	1.01.0000	1.01.0000
783	2	14	1	Q_CHECKBUFF1	100	106	0	782	8535	8586	0	0	0	0	0	0	0	0	0	0	0	0	0	0	0	0	0	_F_TALK_000	_F_FLEX_000	0	0	0	0	0	0	0	0	0	0	0	0	0	0	0	0	0	0	0	0	0	0	0	0	1.0	1.0	1.0	0	1.01.0000	1.01.0000	1.01.0000	1.01.0000
784	2	14	0	Q_KILL1	100	107	0	783	345	1	0	0	0	0	0	0	0	0	0	0	0	0	0	0	0	0	0	_F_TALK_000	_F_FLEX_000	2401106	3	0	0	0	0	0	0	0	0	0	0	0	0	0	0	0	0	0	0	0	0	0	0	1.0	1.0	1.0	0	1.01.0000	1.01.0000	1.01.0000	1.01.0000
785	2	14	0	Q_CON1	100	107	786	616	0	0	0	0	0	0	0	0	0	0	0	0	0	0	0	0	0	0	0	_F_TALK_000	_F_TALK_000	0	0	0	0	0	0	0	0	0	0	0	0	0	0	0	0	0	0	0	0	0	0	0	0	1.0	1.0	1.0	0	1.01.0000	1.01.0000	1.01.0000	1.01.0000
786	2	14	0	Q_KILL6	100	107	0	785	346	20	2500340	20	0	0	0	0	0	0	0	0	0	0	0	0	0	0	0	_F_TALK_000	_F_TALK_000	0	0	0	0	0	0	0	0	0	0	0	0	0	0	0	0	0	0	0	0	0	0	0	0	1.0	1.0	1.0	0	1.01.0000	1.01.0000	1.01.0000	1.01.0000
787	2	14	0	Q_GATHER4	100	107	0	786	2500341	3	180	0	0	0	0	0	0	0	0	0	0	0	0	0	0	0	0	_F_TALK_000	_F_FLEX_000	0	0	0	0	0	0	0	0	0	0	0	0	0	0	0	0	0	0	0	0	0	0	0	0	1.0	1.0	1.0	0	1.01.0000	1.01.0000	1.01.0000	1.01.0000
788	2	14	0	Q_GATHER1	100	108	0	787	2500342	2	0	0	0	0	0	0	0	0	0	0	0	0	0	0	0	0	0	_F_TALK_000	_F_TALK_000	0	0	0	0	0	0	0	0	0	0	0	0	0	0	0	0	0	0	0	0	0	0	0	0	1.0	1.0	1.0	0	1.01.0000	1.01.0000	1.01.0000	1.01.0000
789	2	14	0	Q_SEND2	100	108	0	620	2500343	1	120	0	0	0	0	0	0	0	0	0	0	0	0	0	0	0	0	_F_TALK_000	_F_TALK_000	0	0	0	0	0	0	0	0	0	0	0	0	0	0	0	0	0	0	0	0	0	0	0	0	1.0	1.0	1.0	0	1.01.0000	1.01.0000	1.01.0000	1.01.0000
790	2	14	0	Q_KILL1	100	108	0	789	349	40	0	0	0	0	0	0	0	0	0	0	0	0	0	0	0	0	0	_F_TALK_000	_F_TALK_000	0	0	0	0	0	0	0	0	0	0	0	0	0	0	0	0	0	0	0	0	0	0	0	0	1.0	1.0	1.0	0	1.01.0000	1.01.0000	1.01.0000	1.01.0000
791	2	14	0	Q_KILL1	100	108	0	790	350	1	0	0	0	0	0	0	0	0	0	0	0	0	0	0	0	0	0	_F_TALK_000	_F_TALK_000	2208993	3	0	0	0	0	0	0	0	0	0	0	0	0	0	0	0	0	0	0	0	0	0	0	1.0	1.0	1.0	0	1.01.0000	1.01.0000	1.01.0000	1.01.0000
792	2	14	0	Q_CON1	100	109	793	624	0	0	0	0	0	0	0	0	0	0	0	0	0	0	0	0	0	0	0	_F_TALK_000	_F_FLEX_000	0	0	0	0	0	0	0	0	0	0	0	0	0	0	0	0	0	0	0	0	0	0	0	0	1.0	1.0	1.0	0	1.01.0000	1.01.0000	1.01.0000	1.01.0000
793	2	14	0	Q_GATHER10	100	109	794	792	3139	2500345	1	2500344	40	0	0	0	0	0	0	0	0	0	0	0	0	0	0	_F_TALK_000	_F_FLEX_000	2405099	5	0	0	0	0	0	0	0	0	0	0	0	0	0	0	0	0	0	0	0	0	0	0	1.0	1.0	1.0	0	1.01.0000	1.01.0000	1.01.0000	1.01.0000
794	2	14	0	Q_GATHER6	100	109	795	793	2500346	1	2500351	1	2500352	1	600	0	0	0	0	0	0	0	0	0	0	0	0	_F_TALK_000	_F_FLEX_000	0	0	0	0	0	0	0	0	0	0	0	0	0	0	0	0	0	0	0	0	0	0	0	0	1.0	1.0	1.0	0	1.01.0000	1.01.0000	1.01.0000	1.01.0000
795	2	14	0	Q_GATHER1	100	109	0	794	2500347	40	0	0	0	0	0	0	0	0	0	0	0	0	0	0	0	0	0	_F_TALK_000	_F_FLEX_000	2401012	5	0	0	0	0	0	0	0	0	0	0	0	0	0	0	0	0	0	0	0	0	0	0	1.0	1.0	1.0	0	1.01.0000	1.01.0000	1.01.0000	1.01.0000
796	2	14	0	Q_KILL1	100	109	797	629	354	40	0	0	0	0	0	0	0	0	0	0	0	0	0	0	0	0	0	_F_TALK_000	_F_FLEX_000	0	0	0	0	0	0	0	0	0	0	0	0	0	0	0	0	0	0	0	0	0	0	0	0	1.0	1.0	1.0	0	1.01.0000	1.01.0000	1.01.0000	1.01.0000
797	2	14	0	Q_KILL1	100	109	798	796	754	5	0	0	0	0	0	0	0	0	0	0	0	0	0	0	0	0	0	_F_TALK_000	_F_FLEX_000	0	0	0	0	0	0	0	0	0	0	0	0	0	0	0	0	0	0	0	0	0	0	0	0	1.0	1.0	1.0	0	1.01.0000	1.01.0000	1.01.0000	1.01.0000
798	2	14	0	Q_GATHER1	100	109	799	797	2500348	3	0	0	0	0	0	0	0	0	0	0	0	0	0	0	0	0	0	_F_TALK_000	_F_FLEX_000	0	0	0	0	0	0	0	0	0	0	0	0	0	0	0	0	0	0	0	0	0	0	0	0	1.0	1.0	1.0	0	1.01.0000	1.01.0000	1.01.0000	1.01.0000
799	2	14	0	Q_GATHER1	100	109	0	798	2500349	3	0	0	0	0	0	0	0	0	0	0	0	0	0	0	0	0	0	_F_TALK_000	_F_FLEX_000	2208993	3	0	0	0	0	0	0	0	0	0	0	0	0	0	0	0	0	0	0	0	0	0	0	1.0	1.0	1.0	0	1.01.0000	1.01.0000	1.01.0000	1.01.0000
851	25	0	0	Q_ENTER_INSTANCE3	78	78	0	0	370	2051	2500158	1	0	0	0	0	0	0	0	0	0	0	0	0	0	0	0	_F_EMPOWER_000	_F_EMPOWER_000	0	0	0	0	0	0	0	0	0	0	0	0	0	0	0	0	0	0	0	0	0	0	0	0	0.0	0.0	0.0	0	1.00.0000	1.00.0000	1.00.0000	1.00.0000
852	1	3	0	Q_CON1	38	43	1501	132	0	0	0	0	0	0	0	0	0	0	0	0	0	0	0	0	0	0	0	_F_TALK_000	_F_TALK_000	0	0	0	0	0	0	0	0	0	0	0	0	0	0	0	0	0	0	0	0	0	0	0	0	1.0	1.5	1.0	0	1.00.0000	1.00.0000	1.00.0000	1.00.0000
853	1	3	1	Q_CHECK_LV	25	40	145	137	40	0	0	0	0	0	0	0	0	0	0	0	0	0	0	0	0	0	0	_F_TALK_000	_F_FLEX_000	0	0	0	0	0	0	0	0	0	0	0	0	2204630	1	2204631	1	2204632	1	0	0	0	0	0	0	1.0	1.5	1.0	0	1.00.0000	1.00.0000	1.00.0000	1.00.0000
854	1	4	1	Q_CHECK_LV	50	60	218	741	55	0	0	0	0	0	0	0	0	0	0	0	0	0	0	0	0	0	0	_F_TALK_000	_F_EMPOWER_000	0	0	0	0	0	0	0	0	0	0	0	0	0	0	0	0	0	0	0	0	0	0	0	0	1.0	1.5	1.0	0	1.00.0000	1.00.0000	1.00.0000	1.00.0000
855	1	6	1	Q_CHECK_LV	75	80	354	353	80	0	0	0	0	0	0	0	0	0	0	0	0	0	0	0	0	0	0	_F_HAPPY_000	_F_FLEX_000	2400706	3	2401206	3	2401106	3	0	0	0	0	0	0	0	0	0	0	0	0	0	0	0	0	0	0	1.0	1.5	1.0	0	1.00.0000	1.00.0000	1.00.0000	1.00.0000
856	1	7	1	Q_CHECK_LV	81	85	416	413	85	0	0	0	0	0	0	0	0	0	0	0	0	0	0	0	0	0	0	_F_TALK_000	_F_FLEX_000	2600095	2	0	0	0	0	0	0	0	0	0	0	0	0	0	0	0	0	0	0	0	0	0	0	1.0	1.5	1.0	0	1.01.0000	1.01.0000	1.01.0000	1.01.0000
857	1	8	1	Q_CHECK_LV	85	92	0	486	92	0	0	0	0	0	0	0	0	0	0	0	0	0	1194	0	0	0	0	_F_HAPPY_000	_F_FLEX_000	2405098	5	0	0	0	0	0	0	0	0	0	0	0	0	0	0	0	0	0	0	0	0	0	0	1.0	1.5	1.0	0	1.01.0000	1.01.0000	1.01.0000	1.01.0000
858	1	10	1	Q_CHECK_LV	92	100	588	586	92	0	0	0	0	0	0	0	0	0	0	0	0	0	0	0	0	0	0	_F_TALK_000	_F_FLEX_000	2401206	3	0	0	0	0	0	0	0	0	0	0	2205428	1	2205429	1	2205430	1	0	0	0	0	0	0	1.0	1.5	1.0	0	1.01.0000	1.01.0000	1.01.0000	1.01.0000
859	1	4	0	Q_MOVIE_CON3	45	45	189	186	0	0	0	0	0	0	0	0	0	0	0	0	0	0	0	0	0	0	0	_F_TALK_000	MYRINA_000.wmv	2401206	3	0	0	0	0	0	0	0	0	0	0	0	0	0	0	0	0	0	0	0	0	0	0	1.0	1.5	1.0	0	1.00.0000	1.00.0000	1.00.0000	1.00.0000
860	1	4	0	Q_CON1	45	45	861	201	0	0	0	0	0	0	0	0	0	0	0	0	0	0	0	0	0	0	0	_F_FLEX_000	_F_TALK_000	0	0	0	0	0	0	0	0	0	0	0	0	0	0	0	0	0	0	0	0	0	0	0	0	1.0	1.5	1.0	0	1.00.0000	1.00.0000	1.00.0000	1.00.0000
861	1	4	0	Q_CON1	45	45	202	860	0	0	0	0	0	0	0	0	0	0	0	0	0	0	0	0	0	0	0	_F_TALK_000	_F_TALK_000	0	0	0	0	0	0	0	0	0	0	0	0	0	0	0	0	0	0	0	0	0	0	0	0	1.0	1.5	1.0	0	1.00.0000	1.00.0000	1.00.0000	1.00.0000
862	1	4	0	Q_CON1	45	45	205	204	0	0	0	0	0	0	0	0	0	0	0	0	0	0	0	0	0	0	0	_F_TALK_000	_F_FLEX_000	0	0	0	0	0	0	0	0	0	0	0	0	0	0	0	0	0	0	0	0	0	0	0	0	1.0	1.5	1.0	0	1.00.0000	1.00.0000	1.00.0000	1.00.0000
863	1	5	1	Q_MOVIE_CHECK_LV	65	70	322	293	70	0	0	0	0	0	0	0	0	0	0	0	0	0	0	0	0	0	0	ODYSSEY_000.wmv	ODYSSEY_000.wmv	2401206	3	0	0	0	0	0	0	0	0	0	0	0	0	0	0	0	0	0	0	0	0	0	0	1.0	1.5	1.0	0	1.00.0000	1.00.0000	1.00.0000	1.00.0000
864	1	5	1	Q_CON1	60	61	261	260	0	0	0	0	0	0	0	0	0	0	0	0	0	0	0	0	0	0	0	_F_ATTACK_002	_F_EMOTION_001	0	0	0	0	0	0	0	0	0	0	0	0	0	0	0	0	0	0	0	0	0	0	0	0	1.0	1.5	1.0	0	1.00.0000	1.00.0000	1.00.0000	1.00.0000
869	25	0	0	Q_ENTER_INSTANCE2	92	92	0	486	487	870	2081	0	0	0	0	0	0	0	0	0	0	0	0	0	0	0	0	_F_TALK_000	_F_TALK_000	0	0	0	0	0	0	0	0	0	0	0	0	0	0	0	0	0	0	0	0	0	0	0	0	0.0	0.0	0.0	0	1.01.0000	1.01.0000	1.01.0000	1.01.0000
870	1	305	0	Q_INSTANCE_ADD_MOBBUFF2	92	92	0	487	869	8502	255	829	0	12	0	0	0	0	0	0	0	829	0	0	0	0	0	_F_TALK_000	_F_FLEX_000	2208991	3	0	0	0	0	0	0	0	0	0	0	0	0	0	0	0	0	0	0	0	0	0	0	1.0	1.5	1.0	0	1.01.0000	1.01.0000	1.01.0000	1.01.0000
871	1	305	0	Q_CON1	92	92	872	870	0	0	0	0	0	0	0	0	0	0	0	0	8011	0	0	0	0	0	0	_F_TALK_000	_F_TALK_000	0	0	0	0	0	0	0	0	0	0	0	0	0	0	0	0	0	0	0	0	0	0	0	0	1.0	1.5	1.0	0	1.01.0000	1.01.0000	1.01.0000	1.01.0000
872	1	305	0	Q_CON1	92	92	514	871	0	0	0	0	0	0	0	0	0	0	0	0	8014	0	0	0	0	0	0	_F_TALK_000	_F_TALK_000	0	0	0	0	0	0	0	0	0	0	0	0	0	0	0	0	0	0	0	0	0	0	0	0	1.0	1.5	1.0	0	1.01.0000	1.01.0000	1.01.0000	1.01.0000
873	1	15	1	Q_CHECK_LV	110	112	0	666	112	0	0	0	0	0	0	0	0	0	0	0	0	0	0	0	0	0	0	_F_FLEX_000	_F_HAPPY_000	0	0	0	0	0	0	0	0	0	0	0	0	0	0	0	0	0	0	0	0	0	0	0	0	1.0	1.5	1.0	0	1.01.0000	1.01.0000	1.01.0000	1.01.0000
874	1	12	1	Q_CHECK_LV	112	115	1519	689	115	0	0	0	0	0	0	0	0	0	0	0	0	0	0	0	0	0	0	_F_TALK_000	_F_FLEX_000	2401106	3	0	0	0	0	0	0	0	0	0	0	0	0	0	0	0	0	0	0	0	0	0	0	1.0	1.5	1.0	0	1.01.0000	1.01.0000	1.01.0000	1.01.0000
875	40	0	0	Q_INSTANCE_ADD_MOBBUFF1	62	67	0	658	660	8500	255	793	0	0	0	0	0	0	0	0	0	0	0	0	0	0	0	_F_EMOTION_001	_F_EMOTION_001	0	0	0	0	0	0	0	0	0	0	0	0	0	0	0	0	0	0	0	0	0	0	0	0	0.0	0.0	0.0	0	1.01.0000	1.01.0000	1.01.0000	1.01.0000
879	40	0	0	Q_SET10	92	98	0	543	544	8525	0	0	0	0	0	0	0	0	0	0	0	0	0	0	0	0	0	_F_TALK_000	_F_TALK_000	0	0	0	0	0	0	0	0	0	0	0	0	0	0	0	0	0	0	0	0	0	0	0	0	0.0	0.0	0.0	0	1.01.0000	1.01.0000	1.01.0000	1.01.0000
880	40	0	0	Q_SET10	106	106	0	782	783	8535	0	0	0	0	0	0	0	0	0	0	0	0	0	0	0	0	0	_F_TALK_000	_F_TALK_000	0	0	0	0	0	0	0	0	0	0	0	0	0	0	0	0	0	0	0	0	0	0	0	0	0.0	0.0	0.0	0	1.01.0000	1.01.0000	1.01.0000	1.01.0000
883	40	2	0	Q_ADD_SKILL1	10	1	0	0	62	8765	0	0	0	0	0	0	0	0	0	0	0	0	0	0	0	0	0	_F_TALK_000	_F_TALK_000	0	0	0	0	0	0	0	0	0	0	0	0	0	0	0	0	0	0	0	0	0	0	0	0	0.0	0.0	0.0	0	1.03.0000	1.03.0000	1.03.0000	1.03.0000
885	1	1	0	Q_Exc_KILL3	29	35	0	887	557	1	558	1	559	1	886	0	113	0	0	0	0	0	0	0	0	0	0	_F_TALK_000	_F_TALK_000	2401006	5	0	0	0	0	0	0	0	0	0	0	2204627	1	2204628	1	2204629	1	0	0	0	0	0	0	1.0	1.5	1.0	0	1.03.0000	1.03.0000	1.03.0000	1.03.0000
886	1	1	0	Q_Exc_KILL2	29	35	0	887	558	1	559	1	885	0	0	0	0	0	0	557	0	0	0	0	0	0	0	_F_TALK_000	_F_TALK_000	0	0	0	0	0	0	0	0	0	0	0	0	0	0	0	0	0	0	0	0	0	0	0	0	1.0	1.5	1.0	0	1.03.0000	1.03.0000	1.03.0000	1.03.0000
887	1	1	0	Q_CON1	29	35	0	103	0	0	0	0	0	0	0	0	0	0	0	0	0	0	0	0	0	0	0	_F_TALK_000	_F_TALK_000	0	0	0	0	0	0	0	0	0	0	0	0	0	0	0	0	0	0	0	0	0	0	0	0	1.0	1.5	1.0	0	1.03.0000	1.03.0000	1.03.0000	1.03.0000
888	40	1	0	Q_INSTANCE_ADD_MOBBUFF1	20	30	0	887	885	8500	255	557	1	0	0	0	0	0	0	0	0	0	0	0	0	0	0	_F_TALK_000	_F_TALK_000	0	0	0	0	0	0	0	0	0	0	0	0	0	0	0	0	0	0	0	0	0	0	0	0	0.0	0.0	0.0	0	1.03.0000	1.03.0000	1.03.0000	1.03.0000
889	1	1	0	Q_INSTANCE_KILL1	29	1	0	886	0	0	845	1	113	0	2500608	1	0	0	0	0	0	0	0	0	0	0	0	_F_TALK_000	_F_TALK_000	2401006	5	0	0	0	0	0	0	0	0	0	0	2204627	1	2204628	1	2204629	1	0	0	0	0	0	0	1.0	1.5	1.0	0	1.03.0000	1.03.0000	1.03.0000	1.03.0000
890	40	1	0	Q_GETITEM	20	30	0	886	2500608	1	889	0	0	0	0	0	0	0	0	0	0	0	0	0	0	0	0	_F_TALK_000	_F_TALK_000	0	0	0	0	0	0	0	0	0	0	0	0	0	0	0	0	0	0	0	0	0	0	0	0	0.0	0.0	0.0	0	1.03.0000	1.03.0000	1.03.0000	1.03.0000
892	2	139	0	Q_UI1	1	1	0	0	0	0	0	0	0	0	0	0	0	0	0	0	0	850	0	0	0	0	0	_F_TALK_000	_F_TALK_000	0	0	0	0	0	0	0	0	0	0	0	0	0	0	0	0	0	0	0	0	0	0	0	0	1.0	1.0	1.0	0	1.04.0000	1.04.0000	1.04.0000	1.04.0000
893	40	0	0	Q_REPEAT_CON_NEW	10	20	0	28	0	0	5	8027	255	1	893	0	19	400	0	0	0	0	0	0	0	0	0	_F_TALK_000	_F_TALK_000	0	0	0	0	0	0	0	0	0	0	0	0	0	0	0	0	0	0	0	0	0	0	0	0	0.0	0.0	0.0	0	1.04.0000	1.04.0000	1.04.0000	1.04.0000
895	1	1	0	Q_MOVIE_TEACH1	42	42	7082	0	25	0	0	0	0	0	0	0	0	0	0	0	0	0	0	0	0	0	0	_F_TALK_000	_F_TALK_000	0	0	0	0	0	0	0	0	0	0	0	0	0	0	0	0	0	0	0	0	0	0	0	0	1.0	1.5	1.0	0	1.05.0000	1.05.0000	1.05.0000	1.05.0000
900	1	130	0	Q_CON1	1	11	724	723	0	0	0	0	0	0	0	0	0	0	0	0	0	0	0	0	0	0	0	_F_TALK_000	_F_TALK_000	2401006	20	0	0	0	0	0	0	0	0	0	0	0	0	0	0	0	0	0	0	0	0	0	0	1.0	1.5	1.0	0	1.00.0000	1.00.0000	1.00.0000	1.00.0000
902	2	1	0	Q_CON1	30	1	932	0	0	0	0	0	0	0	0	0	0	0	0	0	0	0	0	0	0	0	0	_F_TALK_000	_F_EMPOWER_000	2200001	1	0	0	0	0	0	0	0	0	0	0	0	0	0	0	0	0	0	0	0	0	0	0	1.0	1.0	1.0	0	1.00.0000	1.00.0000	1.00.0000	1.00.0000
903	2	1	0	Q_CON1	55	55	0	0	0	0	0	0	0	0	0	0	0	0	0	0	0	0	0	0	0	0	0	_F_EMOTION_003	_F_EMOTION_001	2600020	1	2600021	1	0	0	0	0	0	0	0	0	0	0	0	0	0	0	0	0	0	0	0	0	1.0	1.0	1.0	0	1.00.0000	1.00.0000	1.00.0000	1.00.0000
904	2	1	0	Q_CON_NEW	30	1	0	0	0	0	21	23	0	0	0	0	0	0	0	0	0	0	0	0	0	0	0	_F_TALK_000	_F_TALK_000	2406966	1	2406967	1	2406968	1	2400528	1	2400534	1	2400540	1	0	0	0	0	0	0	0	0	0	0	0	0	1.0	1.0	1.0	0	1.00.0000	1.00.0000	1.00.0000	1.00.0000
905	1	1	0	Q_CON1	26	26	3106	0	0	0	0	0	0	0	0	0	0	0	0	0	0	0	0	0	0	0	0	_F_TALK_000	_F_TALK_000	0	0	0	0	0	0	0	0	0	0	0	0	0	0	0	0	0	0	0	0	0	0	0	0	1.0	1.5	1.0	0	1.00.0000	1.00.0000	1.00.0000	1.00.0000
907	2	1	0	Q_CON1	20	1	894	923	0	0	0	0	0	0	0	0	0	0	0	0	0	0	0	0	0	0	0	_F_TALK_000	_F_TALK_000	0	0	0	0	0	0	0	0	0	0	0	0	0	0	0	0	0	0	0	0	0	0	0	0	1.0	1.0	1.0	0	1.00.0000	1.00.0000	1.00.0000	1.00.0000
908	1	126	0	Q_CON_NEW	31	25	0	998	0	0	20	13	0	0	0	0	0	0	0	0	0	0	0	0	0	0	0	_F_TALK_000	_F_TALK_000	0	0	0	0	0	0	0	0	0	0	0	0	0	0	0	0	0	0	0	0	0	0	0	0	1.0	1.5	1.0	0	1.00.0000	1.00.0000	1.00.0000	1.00.0000
910	1	126	0	Q_KILL1	31	25	159	918	8028	1	0	0	0	0	0	0	0	0	0	0	8028	8028	0	0	0	0	0	_F_TALK_000	_F_TALK_000	0	0	0	0	0	0	0	0	0	0	0	0	0	0	0	0	0	0	0	0	0	0	0	0	1.0	1.5	1.0	0	1.00.0000	1.00.0000	1.00.0000	1.00.0000
912	2	1	0	Q_CON1	80	80	0	0	0	0	0	0	0	0	0	0	0	0	0	0	0	0	0	0	0	0	0	_F_TALK_000	_F_TALK_000	0	0	0	0	0	0	0	0	0	0	0	0	0	0	0	0	0	0	0	0	0	0	0	0	1.0	1.0	1.0	0	1.00.0000	1.00.0000	1.00.0000	1.00.0000
913	2	1	0	Q_CON1	14	1	0	0	0	0	0	0	0	0	0	0	0	0	0	0	0	0	0	0	0	0	0	_F_TALK_000	_F_TALK_000	2600062	1	0	0	0	0	0	0	0	0	0	0	0	0	0	0	0	0	0	0	0	0	0	0	1.0	1.0	1.0	0	1.01.0000	1.01.0000	1.01.0000	1.01.0000
914	1	1	0	Q_CON_NEW	13	20	915	986	0	0	20	21	0	0	0	0	0	0	0	0	0	0	0	0	0	0	0	_F_EMOTION_001	_F_EMOTION_008	0	0	0	0	0	0	0	0	0	0	0	0	0	0	0	0	0	0	0	0	0	0	0	0	1.0	1.5	1.0	0	1.00.0000	1.00.0000	1.00.0000	1.00.0000
915	1	1	0	Q_CON_NEW	13	20	924	914	0	0	25	2500150	1	20	4	0	0	0	0	805	0	0	0	0	0	0	0	_F_EMOTION_003	_F_TALK_000	0	0	0	0	0	0	0	0	0	0	0	0	0	0	0	0	0	0	0	0	0	0	0	0	1.0	1.5	1.0	0	1.00.0000	1.00.0000	1.00.0000	1.00.0000
916	1	1	0	Q_INTERFLOW_NEW	13	20	33	924	990	991	0	0	0	0	0	0	0	0	0	0	0	0	0	0	0	0	0	_F_FLEX_000	MYRINA_000.wmv	0	0	0	0	0	0	0	0	0	0	0	0	0	0	0	0	0	0	0	0	0	0	0	0	1.0	1.5	1.0	0	1.00.0000	1.00.0000	1.00.0000	1.00.0000
917	2	1	0	Q_CON1	30	1	0	0	0	0	0	0	0	0	0	0	0	0	0	0	0	0	0	0	0	0	0	_F_TALK_000	_F_TALK_000	2400006	1	0	0	0	0	0	0	0	0	0	0	0	0	0	0	0	0	0	0	0	0	0	0	1.0	1.0	1.0	0	1.00.0000	1.00.0000	1.00.0000	1.00.0000
918	1	126	1	Q_CHECK_MORALIZED	31	25	910	908	100	0	0	0	0	0	0	0	0	0	0	0	0	0	0	0	0	0	0	_F_TALK_000	_F_TALK_000	0	0	0	0	0	0	0	0	0	0	0	0	0	0	0	0	0	0	0	0	0	0	0	0	1.0	1.5	1.0	0	1.00.0000	1.00.0000	1.00.0000	1.00.0000
919	1	126	0	Q_CON_NEW	32	35	121	156	0	0	21	26	0	0	0	0	0	0	0	8006	0	0	8006	0	0	0	0	_F_TALK_000	_F_FLEX_000	0	0	0	0	0	0	0	0	0	0	0	0	0	0	0	0	0	0	0	0	0	0	0	0	1.0	1.5	1.0	0	1.00.0000	1.00.0000	1.00.0000	1.00.0000
920	1	1	0	Q_SKILL5	15	1	0	747	0	0	0	0	0	0	0	0	0	0	0	0	0	0	0	0	0	0	0	_F_EMPOWER_000	_F_EMPOWER_000	2480009	1	2480013	1	2480001	1	2480017	1	2480005	1	2480052	1	0	0	0	0	0	0	0	0	0	0	0	0	1.0	1.5	1.0	0	1.00.0000	1.00.0000	1.00.0000	1.00.0000
921	2	1	0	Q_GATHER8	14	15	922	34	2400901	1	0	0	0	0	0	0	0	0	0	0	0	0	0	0	0	0	0	_F_TALK_000	_F_TALK_000	0	0	0	0	0	0	0	0	0	0	0	0	0	0	0	0	0	0	0	0	0	0	0	0	1.0	1.0	1.0	0	1.00.0000	1.00.0000	1.00.0000	1.00.0000
922	2	1	0	Q_CON_NEW	20	1	0	921	0	0	25	2500576	1	21	9	0	0	0	0	0	0	0	0	0	0	0	0	_F_TALK_000	_F_TALK_000	2208986	1	0	0	0	0	0	0	0	0	0	0	0	0	0	0	0	0	0	0	0	0	0	0	1.0	1.0	1.0	0	1.00.0000	1.00.0000	1.00.0000	1.00.0000
923	2	1	0	Q_CON_NEW	20	1	907	922	0	0	25	2500577	1	21	15	0	0	0	0	0	0	0	0	0	0	0	0	_F_TALK_000	_F_TALK_000	2601201	10	0	0	0	0	0	0	0	0	0	0	0	0	0	0	0	0	0	0	0	0	0	0	1.0	1.0	1.0	0	1.00.0000	1.00.0000	1.00.0000	1.00.0000
924	1	1	0	Q_INTERFLOW_NEW	13	20	916	32	985	915	988	0	0	990	991	0	0	0	0	0	0	0	0	0	0	0	0	_F_TALK_000	_F_TALK_000	0	0	0	0	0	0	0	0	0	0	0	0	0	0	0	0	0	0	0	0	0	0	0	0	0.0	0.0	0.0	0	1.00.0000	1.00.0000	1.00.0000	1.00.0000
926	1	2	0	Q_CON_NEW	15	20	927	51	0	0	20	10	0	0	0	0	0	0	0	0	0	0	0	0	0	0	0	MYRINA_000.wmv	_F_FLEX_000	0	0	0	0	0	0	0	0	0	0	0	0	0	0	0	0	0	0	0	0	0	0	0	0	1.0	1.5	1.0	0	1.00.0000	1.00.0000	1.00.0000	1.00.0000
927	1	2	0	Q_CON1	15	20	52	926	0	0	0	0	0	0	0	0	0	0	0	0	5	0	0	0	0	0	0	_F_TALK_000		0	0	0	0	0	0	0	0	0	0	0	0	0	0	0	0	0	0	0	0	0	0	0	0	1.0	1.5	1.0	0	1.00.0000	1.00.0000	1.00.0000	1.00.0000
929	1	1	0	Q_GATHER8	30	1	930	111	2400085	1	0	0	0	0	0	0	0	0	0	0	0	0	0	0	0	0	0	_F_TALK_000	_F_TALK_000	0	0	0	0	0	0	0	0	0	0	0	0	0	0	0	0	0	0	0	0	0	0	0	0	1.0	1.5	1.0	0	1.01.0000	1.01.0000	1.01.0000	1.01.0000
930	1	1	1	Q_LETTER1	30	1	0	929	0	0	0	0	0	0	0	0	0	0	0	0	0	0	0	0	0	0	0	_F_TALK_000	_F_TALK_000	0	0	0	0	0	0	0	0	0	0	0	0	0	0	0	0	0	0	0	0	0	0	0	0	1.0	1.5	1.0	0	1.01.0000	1.01.0000	1.01.0000	1.01.0000
931	1	1	0	Q_CON1	40	40	0	111	0	0	0	0	0	0	0	0	0	0	0	0	0	0	0	0	0	0	0	_F_TALK_000	_F_TALK_000	2600001	3	0	0	0	0	0	0	0	0	0	0	0	0	0	0	0	0	0	0	0	0	0	0	1.0	1.5	1.0	0	1.04.0000	1.04.0000	1.04.0000	1.04.0000
932	2	1	0	Q_CON_NEW	30	1	0	902	0	0	21	25	0	0	0	0	0	0	0	0	0	0	0	0	0	0	0	_F_TALK_000	_F_TALK_000	2600044	2	0	0	0	0	0	0	0	0	0	0	0	0	0	0	0	0	0	0	0	0	0	0	1.0	1.0	1.0	0	1.04.0000	1.04.0000	1.04.0000	1.04.0000
933	1	1	0	Q_CON1	50	50	0	0	0	0	0	0	0	0	0	0	0	0	0	0	0	0	0	0	0	0	0	_F_TALK_000	_F_TALK_000	0	0	0	0	0	0	0	0	0	0	0	0	0	0	0	0	0	0	0	0	0	0	0	0	1.0	1.5	1.0	0	1.04.0000	1.04.0000	1.04.0000	1.04.0000
934	1	6	0	Q_MOVIE_CON2	69	69	935	742	0	0	0	0	0	0	0	0	0	0	0	0	0	0	0	0	0	0	0	NELSON_000.wmv	_F_TALK_000	0	0	0	0	0	0	0	0	0	0	0	0	0	0	0	0	0	0	0	0	0	0	0	0	1.0	1.5	1.0	0	1.05.0000	1.05.0000	1.05.0000	1.05.0000
935	1	6	0	Q_GATHER1	69	69	936	934	2500622	20	0	0	0	0	0	0	0	0	0	0	0	0	0	0	0	0	0	_F_TALK_000	_F_TALK_000	0	0	0	0	0	0	0	0	0	0	0	0	0	0	0	0	0	0	0	0	0	0	0	0	1.0	1.5	1.0	0	1.05.0000	1.05.0000	1.05.0000	1.05.0000
936	1	6	0	Q_GATHER5	69	69	937	935	2500623	1	2500624	1	300	0	0	0	0	0	0	0	0	0	0	0	0	0	0	_F_TALK_000	_F_TALK_000	0	0	0	0	0	0	0	0	0	0	0	0	0	0	0	0	0	0	0	0	0	0	0	0	1.0	1.5	1.0	0	1.05.0000	1.05.0000	1.05.0000	1.05.0000
937	1	6	0	Q_SEND1	69	69	938	936	2500625	1	0	0	0	0	0	0	0	0	0	0	0	0	0	0	0	0	0	_F_TALK_000	_F_TALK_000	0	0	0	0	0	0	0	0	0	0	0	0	0	0	0	0	0	0	0	0	0	0	0	0	1.0	1.5	1.0	0	1.05.0000	1.05.0000	1.05.0000	1.05.0000
938	1	6	0	Q_SEND1	69	69	0	937	2500626	1	0	0	0	0	0	0	0	0	0	0	0	0	0	0	0	0	0	_F_TALK_000	_F_TALK_000	0	0	0	0	0	0	0	0	0	0	0	0	0	0	0	0	0	0	0	0	0	0	0	0	1.0	1.5	1.0	0	1.05.0000	1.05.0000	1.05.0000	1.05.0000
939	1	6	0	Q_MOVIE_KILL1	69	69	0	938	1609	1	0	0	0	0	0	0	0	0	0	0	0	0	0	0	0	0	0	_F_TALK_000	NELSON_000.wmv	0	0	0	0	0	0	0	0	0	0	0	0	0	0	0	0	0	0	0	0	0	0	0	0	1.0	1.5	1.0	0	1.05.0000	1.05.0000	1.05.0000	1.05.0000
940	2	1	0	Q_MOVIE_CON2	15	15	0	0	0	0	0	0	0	0	0	0	0	0	0	0	0	0	0	0	0	0	0	_F_TALK_000	_F_TALK_000	2600751	5	0	0	0	0	0	0	0	0	0	0	0	0	0	0	0	0	0	0	0	0	0	0	1.0	1.0	1.0	0	OUT	1.07.0000	1.07.0000	1.07.0000
941	25	4	0	Q_ENTER_INSTANCE5	55	55	0	854	218	1004	0	0	0	0	0	0	0	0	0	0	0	0	0	0	0	0	0	_F_TALK_000		0	0	0	0	0	0	0	0	0	0	0	0	0	0	0	0	0	0	0	0	0	0	0	0	0.0	0.0	0.0	0	OUT	1.07.0000	1.07.0000	1.07.0000
942	20	0	1	Q_CON5	1	1	0	0	0	1800	2300	0	0	0	0	0	0	0	0	0	0	0	0	0	0	0	0	_F_FLEX_000	_F_TALK_000	0	0	0	0	0	0	0	0	0	0	0	0	0	0	0	0	0	0	0	0	0	0	0	0	0.0	0.0	0.0	1	OUT	1.10.0000	1.10.0000	1.10.0000
948	2	1	0	Q_CON_NEW	40	40	0	0	0	0	24	2500604	3	20	28	0	0	0	0	0	0	0	0	0	0	0	0	_F_TALK_000	_F_TALK_000	2413007	1	2400061	1	0	0	0	0	0	0	0	0	0	0	0	0	0	0	0	0	0	0	0	0	1.0	1.0	1.0	0	1.03.0000	1.03.0000	1.03.0000	1.03.0000
949	6	1	0	Q_DAY_GATHER1	60	60	0	0	2500605	2	0	0	0	0	0	0	0	0	0	0	0	0	0	0	0	0	0	_F_TALK_000	_F_TALK_000	2407401	1	0	0	0	0	0	0	0	0	0	0	0	0	0	0	0	0	0	0	0	0	0	0	1.0	0.5	1.0	0	1.03.0000	1.03.0000	1.03.0000	1.03.0000
966	2	1	0	Q_CON1	20	20	7045	985	0	0	0	0	0	0	0	0	0	0	0	0	0	0	0	0	0	0	0	_F_TALK_000	_F_HAPPY_000	0	0	0	0	0	0	0	0	0	0	0	0	0	0	0	0	0	0	0	0	0	0	0	0	1.0	1.0	1.0	0	1.00.0000	1.00.0000	1.00.0000	1.00.0000
967	2	1	0	Q_MOVIE_CON3	40	40	7046	132	0	0	0	0	0	0	0	0	0	0	0	0	0	0	0	0	0	0	0	_F_TALK_000	MAGELLON_000.wmv	0	0	0	0	0	0	0	0	0	0	0	0	0	0	0	0	0	0	0	0	0	0	0	0	1.0	1.0	1.0	0	1.00.0000	1.00.0000	1.00.0000	1.00.0000
968	2	1	0	Q_CON1	50	50	7047	155	0	0	0	0	0	0	0	0	0	0	0	0	0	0	0	0	0	0	0	_F_TALK_000	_F_HAPPY_000	0	0	0	0	0	0	0	0	0	0	0	0	0	0	0	0	0	0	0	0	0	0	0	0	1.0	1.0	1.0	0	1.00.0000	1.00.0000	1.00.0000	1.00.0000
969	2	1	0	Q_CON1	60	60	7048	222	0	0	0	0	0	0	0	0	0	0	0	0	0	0	0	0	0	0	0	_F_TALK_000	_F_HAPPY_000	0	0	0	0	0	0	0	0	0	0	0	0	0	0	0	0	0	0	0	0	0	0	0	0	1.0	1.0	1.0	0	1.00.0000	1.00.0000	1.00.0000	1.00.0000
971	2	1	0	Q_CON1	80	80	7050	360	0	0	0	0	0	0	0	0	0	0	0	0	0	0	0	0	0	0	0	_F_TALK_000	_F_HAPPY_000	0	0	0	0	0	0	0	0	0	0	0	0	0	0	0	0	0	0	0	0	0	0	0	0	1.0	1.0	1.0	0	1.00.0000	1.00.0000	1.00.0000	1.00.0000
972	2	1	0	Q_MOVIE_CON3	81	81	7051	360	0	0	0	0	0	0	0	0	0	0	0	0	0	0	0	0	0	0	0	_F_TALK_000	JASON_000.wmv	0	0	0	0	0	0	0	0	0	0	0	0	0	0	0	0	0	0	0	0	0	0	0	0	1.0	1.0	1.0	0	1.01.0000	1.01.0000	1.01.0000	1.01.0000
973	2	1	0	Q_MOVIE_CON3	85	85	7052	421	0	0	0	0	0	0	0	0	0	0	0	0	0	0	0	0	0	0	0	_F_TALK_000	MEDEA_000.wmv	0	0	0	0	0	0	0	0	0	0	0	0	0	0	0	0	0	0	0	0	0	0	0	0	1.0	1.0	1.0	0	1.01.0000	1.01.0000	1.01.0000	1.01.0000
974	2	1	0	Q_MOVIE_CON3	90	90	7053	487	0	0	0	0	0	0	0	0	0	0	0	0	0	0	0	0	0	0	0	_F_TALK_000	ANGEL_000.wmv	0	0	0	0	0	0	0	0	0	0	0	0	0	0	0	0	0	0	0	0	0	0	0	0	1.0	1.0	1.0	0	1.01.0000	1.01.0000	1.01.0000	1.01.0000
975	2	1	0	Q_MOVIE_CON3	95	95	7054	545	0	0	0	0	0	0	0	0	0	0	0	0	0	0	0	0	0	0	0	_F_TALK_000	PLATO_000.wmv	0	0	0	0	0	0	0	0	0	0	0	0	0	0	0	0	0	0	0	0	0	0	0	0	1.0	1.0	1.0	0	1.01.0000	1.01.0000	1.01.0000	1.01.0000
976	2	1	0	Q_MOVIE_CON3	100	100	7055	630	0	0	0	0	0	0	0	0	0	0	0	0	0	0	0	0	0	0	0	_F_TALK_000	ODYSSEY_000.wmv	0	0	0	0	0	0	0	0	0	0	0	0	0	0	0	0	0	0	0	0	0	0	0	0	1.0	1.0	1.0	0	1.01.0000	1.01.0000	1.01.0000	1.01.0000
977	2	1	0	Q_MOVIE_CON3	105	105	7056	664	0	0	0	0	0	0	0	0	0	0	0	0	0	0	0	0	0	0	0	_F_TALK_000	ANGEL_000.wmv	0	0	0	0	0	0	0	0	0	0	0	0	0	0	0	0	0	0	0	0	0	0	0	0	1.0	1.0	1.0	0	1.01.0000	1.01.0000	1.01.0000	1.01.0000
978	2	1	0	Q_MOVIE_CON3	110	110	7057	689	0	0	0	0	0	0	0	0	0	0	0	0	0	0	0	0	0	0	0	_F_TALK_000	DRAKE_000.wmv	0	0	0	0	0	0	0	0	0	0	0	0	0	0	0	0	0	0	0	0	0	0	0	0	1.0	1.0	1.0	0	1.01.0000	1.01.0000	1.01.0000	1.01.0000
981	1	130	0	Q_CON_NEW	5	5	1062	1061	0	0	20	20	0	0	0	0	0	0	0	906	885	0	0	0	0	0	0	_F_TALK_000	_F_TALK_000	0	0	0	0	0	0	0	0	0	0	0	0	0	0	0	0	0	0	0	0	0	0	0	0	1.0	1.0	1.0	0	OUT	1.07.0000	1.07.0000	1.07.0000
983	1	1	0	Q_CON_NEW	13	15	984	32	0	0	0	0	0	0	0	0	0	0	0	0	929	0	0	0	0	0	0	_F_TALK_000	_F_TALK_000	0	0	0	0	0	0	0	0	0	0	0	0	0	0	0	0	0	0	0	0	0	0	0	0	1.0	1.5	1.0	0	OUT	1.10.0000	1.10.0000	1.20.0000
984	1	1	0	Q_CON_NEW	13	15	0	983	0	0	9	350	0	0	0	0	0	0	0	0	0	929	248	0	0	0	167	_F_TALK_000	_F_TALK_000	0	0	0	0	0	0	0	0	0	0	0	0	0	0	0	0	0	0	0	0	0	0	0	0	1.0	1.5	1.0	0	OUT	1.10.0000	1.10.0000	1.20.0000
985	1	1	0	Q_CON_NEW	13	15	990	984	0	0	0	0	0	0	0	0	0	0	0	0	0	0	0	0	0	0	0	_F_TALK_000	_F_TALK_000	2407013	1	2407201	1	2407501	1	0	0	0	0	0	0	0	0	0	0	0	0	0	0	0	0	0	0	1.0	1.5	1.0	0	OUT	1.10.0000	1.10.0000	1.20.0000
986	1	1	0	Q_CON_NEW	13	15	914	32	0	0	0	0	0	0	0	0	0	0	0	0	0	0	0	0	0	0	0	_F_TALK_000	_F_TALK_000	0	0	0	0	0	0	0	0	0	0	0	0	0	0	0	0	0	0	0	0	0	0	0	0	1.0	1.5	1.0	0	OUT	1.10.0000	1.10.0000	1.20.0000
987	1	1	0	Q_CON_NEW	13	15	988	32	0	0	21	22	0	0	0	0	0	0	0	0	0	0	0	0	0	0	0	_F_TALK_000	_F_TALK_000	0	0	0	0	0	0	0	0	0	0	0	0	0	0	0	0	0	0	0	0	0	0	0	0	1.0	1.5	1.0	0	OUT	1.10.0000	1.10.0000	1.20.0000
988	1	1	0	Q_CON_NEW	13	15	991	987	0	0	0	0	0	0	0	0	0	0	0	0	0	0	0	0	0	0	0	_F_TALK_000	_F_TALK_000	0	0	0	0	0	0	0	0	0	0	0	0	0	0	0	0	0	0	0	0	0	0	0	0	1.0	1.5	1.0	0	OUT	1.10.0000	1.10.0000	1.20.0000
989	41	1	0	Q_REPEAT_CON_NEW	1	1	0	987	0	0	3	112	0	1	989	0	19	400	0	0	0	0	0	0	0	0	0	_F_TALK_000	_F_TALK_000	0	0	0	0	0	0	0	0	0	0	0	0	0	0	0	0	0	0	0	0	0	0	0	0	0.0	0.0	0.0	0	OUT	1.10.0000	1.10.0000	1.20.0000
990	1	1	0	Q_INTERFLOW_NEW	13	20	916	32	985	915	988	0	0	924	991	0	0	0	0	0	0	0	0	0	0	0	0	_F_TALK_000	_F_TALK_000	0	0	0	0	0	0	0	0	0	0	0	0	0	0	0	0	0	0	0	0	0	0	0	0	0.0	0.0	0.0	0	OUT	1.10.0000	1.10.0000	1.20.0000
991	1	1	0	Q_INTERFLOW_NEW	13	20	916	32	985	915	988	0	0	924	990	0	0	0	0	0	0	0	0	0	0	0	0	_F_TALK_000	_F_TALK_000	0	0	0	0	0	0	0	0	0	0	0	0	0	0	0	0	0	0	0	0	0	0	0	0	0.0	0.0	0.0	0	OUT	1.10.0000	1.10.0000	1.20.0000
992	1	2	1	Q_CON_NEW	15	20	58	56	0	0	3	8507	0	4	8586	0	19	8507	0	0	0	14	0	0	0	0	0	_F_FLEX_000	_F_FLEX_000	2401206	3	0	0	0	0	0	0	0	0	0	0	0	0	0	0	0	0	0	0	0	0	0	0	1.0	1.5	1.0	0	OUT	1.10.0000	1.10.0000	1.20.0000
993	41	1	0	Q_REPEAT_CON_NEW	1	1	0	987	0	0	3	112	0	1	993	0	19	400	0	0	0	0	0	0	0	0	0	_F_TALK_000	_F_TALK_000	0	0	0	0	0	0	0	0	0	0	0	0	0	0	0	0	0	0	0	0	0	0	0	0	0.0	0.0	0.0	0	OUT	1.10.0000	1.10.0000	1.20.0000
994	1	1	0	Q_CON_NEW	13	15	0	30	0	0	21	17	0	0	0	0	0	0	0	0	0	0	0	0	0	0	0	_F_TALK_000	_F_TALK_000	0	0	0	0	0	0	0	0	0	0	0	0	0	0	0	0	0	0	0	0	0	0	0	0	1.0	1.5	1.0	0	OUT	1.10.0000	1.10.0000	1.20.0000
997	1	139	1	Q_KILL_SKXYZ	1	1	1082	1080	0	0	0	0	0	0	0	8106	19869	4294949288	1054	0	0	0	0	0	0	0	0	_F_TALK_000	_F_FLEX_000	0	0	0	0	0	0	0	0	0	0	0	0	0	0	0	0	0	0	0	0	0	0	0	0	0.0	0.0	0.0	0	OUT	1.10.0000	1.10.0000	1.20.0000
998	1	1	1	Q_CON1	1	1	908	111	0	0	0	0	0	0	0	0	0	0	0	0	0	0	0	0	0	0	0	_F_TALK_000	_F_FLEX_000	0	0	0	0	0	0	0	0	0	0	0	0	0	0	0	0	0	0	0	0	0	0	0	0	1.0	1.5	1.0	0	OUT	1.10.0000	1.10.0000	1.20.0000
999	2	2	0	Q_KILL_NEW	26	26	0	74	0	0	0	35	1	0	0	0	0	0	0	0	0	0	0	0	0	0	0	_F_TALK_000	_F_TALK_000	2205627	1	0	0	0	0	0	0	0	0	0	0	0	0	0	0	0	0	0	0	0	0	0	0	1.0	1.0	1.0	0	OUT	1.10.0000	1.10.0000	1.20.0000
1003	40	0	0	Q_SET10	115	120	0	1002	1001	8545	0	0	0	0	0	0	0	0	0	0	0	0	0	0	0	0	0	_F_TALK_000	_F_TALK_000	0	0	0	0	0	0	0	0	0	0	0	0	0	0	0	0	0	0	0	0	0	0	0	0	0.0	0.0	0.0	0	1.01.0000	1.01.0000	1.01.0000	1.01.0000
1005	40	0	0	Q_SET10	115	120	0	1004	1001	8546	0	0	0	0	0	0	0	0	0	0	0	0	0	0	0	0	0	_F_TALK_000	_F_TALK_000	0	0	0	0	0	0	0	0	0	0	0	0	0	0	0	0	0	0	0	0	0	0	0	0	0.0	0.0	0.0	0	1.01.0000	1.01.0000	1.01.0000	1.01.0000
1007	40	0	0	Q_SET10	115	120	0	1006	1001	8547	0	0	0	0	0	0	0	0	0	0	0	0	0	0	0	0	0	_F_TALK_000	_F_TALK_000	0	0	0	0	0	0	0	0	0	0	0	0	0	0	0	0	0	0	0	0	0	0	0	0	0.0	0.0	0.0	0	1.01.0000	1.01.0000	1.01.0000	1.01.0000
1009	40	0	0	Q_SET10	115	120	0	1008	1001	8548	0	0	0	0	0	0	0	0	0	0	0	0	0	0	0	0	0	_F_TALK_000	_F_TALK_000	0	0	0	0	0	0	0	0	0	0	0	0	0	0	0	0	0	0	0	0	0	0	0	0	0.0	0.0	0.0	0	1.01.0000	1.01.0000	1.01.0000	1.01.0000
1011	40	0	0	Q_SET10	115	120	0	1010	1001	8549	0	0	0	0	0	0	0	0	0	0	0	0	0	0	0	0	0	_F_TALK_000	_F_TALK_000	0	0	0	0	0	0	0	0	0	0	0	0	0	0	0	0	0	0	0	0	0	0	0	0	0.0	0.0	0.0	0	1.01.0000	1.01.0000	1.01.0000	1.01.0000
1013	40	0	0	Q_SET10	115	120	0	1012	1001	8550	0	0	0	0	0	0	0	0	0	0	0	0	0	0	0	0	0	_F_TALK_000	_F_TALK_000	0	0	0	0	0	0	0	0	0	0	0	0	0	0	0	0	0	0	0	0	0	0	0	0	0.0	0.0	0.0	0	1.01.0000	1.01.0000	1.01.0000	1.01.0000
1015	40	0	0	Q_SET10	115	120	0	1014	1001	8551	0	0	0	0	0	0	0	0	0	0	0	0	0	0	0	0	0	_F_TALK_000	_F_TALK_000	0	0	0	0	0	0	0	0	0	0	0	0	0	0	0	0	0	0	0	0	0	0	0	0	0.0	0.0	0.0	0	1.01.0000	1.01.0000	1.01.0000	1.01.0000
1024	1	1	1	Q_CHECK_LV	50	52	1025	0	52	0	0	0	0	0	0	0	0	0	0	0	0	0	0	0	0	0	0	_F_TALK_000	_F_TALK_000	2600049	1	0	0	0	0	0	0	0	0	0	0	0	0	0	0	0	0	0	0	0	0	0	0	1.0	1.5	1.0	0	1.07.0000	1.07.0000	1.07.0000	1.07.0000
1025	1	1	1	Q_CHECK_LV	52	54	1026	1024	54	0	0	0	0	0	0	0	0	0	0	0	0	0	0	0	0	0	0	_F_TALK_000	_F_TALK_000	2600049	1	0	0	0	0	0	0	0	0	0	0	0	0	0	0	0	0	0	0	0	0	0	0	1.0	1.5	1.0	0	1.07.0000	1.07.0000	1.07.0000	1.07.0000
1026	1	1	1	Q_CHECK_LV	54	56	1027	1025	56	0	0	0	0	0	0	0	0	0	0	0	0	0	0	0	0	0	0	_F_TALK_000	_F_TALK_000	2600049	1	0	0	0	0	0	0	0	0	0	0	0	0	0	0	0	0	0	0	0	0	0	0	1.0	1.5	1.0	0	1.07.0000	1.07.0000	1.07.0000	1.07.0000
1027	1	1	1	Q_CHECK_LV	56	58	1028	1026	58	0	0	0	0	0	0	0	0	0	0	0	0	0	0	0	0	0	0	_F_TALK_000	_F_TALK_000	2600049	1	0	0	0	0	0	0	0	0	0	0	0	0	0	0	0	0	0	0	0	0	0	0	1.0	1.5	1.0	0	1.07.0000	1.07.0000	1.07.0000	1.07.0000
1028	1	1	1	Q_CHECK_LV	58	60	1029	1027	60	0	0	0	0	0	0	0	0	0	0	0	0	0	0	0	0	0	0	_F_TALK_000	_F_TALK_000	2600049	1	0	0	0	0	0	0	0	0	0	0	0	0	0	0	0	0	0	0	0	0	0	0	1.0	1.5	1.0	0	1.07.0000	1.07.0000	1.07.0000	1.07.0000
1029	1	1	1	Q_CHECK_LV	60	62	1030	1028	62	0	0	0	0	0	0	0	0	0	0	0	0	0	0	0	0	0	0	_F_TALK_000	_F_TALK_000	2600049	1	0	0	0	0	0	0	0	0	0	0	0	0	0	0	0	0	0	0	0	0	0	0	1.0	1.5	1.0	0	1.07.0000	1.07.0000	1.07.0000	1.07.0000
1030	1	1	1	Q_CHECK_LV	62	64	1031	1029	64	0	0	0	0	0	0	0	0	0	0	0	0	0	0	0	0	0	0	_F_TALK_000	_F_TALK_000	2600049	1	0	0	0	0	0	0	0	0	0	0	0	0	0	0	0	0	0	0	0	0	0	0	1.0	1.5	1.0	0	1.07.0000	1.07.0000	1.07.0000	1.07.0000
1031	1	1	1	Q_CHECK_LV	64	66	1032	1030	66	0	0	0	0	0	0	0	0	0	0	0	0	0	0	0	0	0	0	_F_TALK_000	_F_TALK_000	2600049	1	0	0	0	0	0	0	0	0	0	0	0	0	0	0	0	0	0	0	0	0	0	0	1.0	1.5	1.0	0	1.07.0000	1.07.0000	1.07.0000	1.07.0000
1032	1	1	1	Q_CHECK_LV	66	68	1033	1031	68	0	0	0	0	0	0	0	0	0	0	0	0	0	0	0	0	0	0	_F_TALK_000	_F_TALK_000	2600049	1	0	0	0	0	0	0	0	0	0	0	0	0	0	0	0	0	0	0	0	0	0	0	1.0	1.5	1.0	0	1.07.0000	1.07.0000	1.07.0000	1.07.0000
1033	1	1	1	Q_CHECK_LV	68	70	1034	1032	70	0	0	0	0	0	0	0	0	0	0	0	0	0	0	0	0	0	0	_F_TALK_000	_F_TALK_000	2600049	1	0	0	0	0	0	0	0	0	0	0	0	0	0	0	0	0	0	0	0	0	0	0	1.0	1.5	1.0	0	1.07.0000	1.07.0000	1.07.0000	1.07.0000
1034	1	1	1	Q_CHECK_LV	70	72	1035	1033	72	0	0	0	0	0	0	0	0	0	0	0	0	0	0	0	0	0	0	_F_TALK_000	_F_TALK_000	2600049	1	0	0	0	0	0	0	0	0	0	0	0	0	0	0	0	0	0	0	0	0	0	0	1.0	1.5	1.0	0	1.07.0000	1.07.0000	1.07.0000	1.07.0000
1035	1	1	1	Q_CHECK_LV	72	74	1036	1034	74	0	0	0	0	0	0	0	0	0	0	0	0	0	0	0	0	0	0	_F_TALK_000	_F_TALK_000	2600049	1	0	0	0	0	0	0	0	0	0	0	0	0	0	0	0	0	0	0	0	0	0	0	1.0	1.5	1.0	0	1.07.0000	1.07.0000	1.07.0000	1.07.0000
1036	1	1	1	Q_CHECK_LV	74	76	1037	1035	76	0	0	0	0	0	0	0	0	0	0	0	0	0	0	0	0	0	0	_F_TALK_000	_F_TALK_000	2600049	1	0	0	0	0	0	0	0	0	0	0	0	0	0	0	0	0	0	0	0	0	0	0	1.0	1.5	1.0	0	1.07.0000	1.07.0000	1.07.0000	1.07.0000
1037	1	1	1	Q_CHECK_LV	76	78	1038	1036	78	0	0	0	0	0	0	0	0	0	0	0	0	0	0	0	0	0	0	_F_TALK_000	_F_TALK_000	2600049	1	0	0	0	0	0	0	0	0	0	0	0	0	0	0	0	0	0	0	0	0	0	0	1.0	1.5	1.0	0	1.07.0000	1.07.0000	1.07.0000	1.07.0000
1038	1	1	1	Q_CHECK_LV	78	80	1039	1037	80	0	0	0	0	0	0	0	0	0	0	0	0	0	0	0	0	0	0	_F_TALK_000	_F_TALK_000	2600049	1	0	0	0	0	0	0	0	0	0	0	0	0	0	0	0	0	0	0	0	0	0	0	1.0	1.5	1.0	0	1.07.0000	1.07.0000	1.07.0000	1.07.0000
1039	1	1	1	Q_CHECK_LV	80	82	1040	1038	82	0	0	0	0	0	0	0	0	0	0	0	0	0	0	0	0	0	0	_F_TALK_000	_F_TALK_000	2600049	1	0	0	0	0	0	0	0	0	0	0	0	0	0	0	0	0	0	0	0	0	0	0	1.0	1.5	1.0	0	1.07.0000	1.07.0000	1.07.0000	1.07.0000
1040	1	1	1	Q_CHECK_LV	82	84	1041	1039	84	0	0	0	0	0	0	0	0	0	0	0	0	0	0	0	0	0	0	_F_TALK_000	_F_TALK_000	2600049	1	0	0	0	0	0	0	0	0	0	0	0	0	0	0	0	0	0	0	0	0	0	0	1.0	1.5	1.0	0	1.07.0000	1.07.0000	1.07.0000	1.07.0000
1041	1	1	1	Q_CHECK_LV	84	86	1042	1040	86	0	0	0	0	0	0	0	0	0	0	0	0	0	0	0	0	0	0	_F_TALK_000	_F_TALK_000	2600049	1	0	0	0	0	0	0	0	0	0	0	0	0	0	0	0	0	0	0	0	0	0	0	1.0	1.5	1.0	0	1.07.0000	1.07.0000	1.07.0000	1.07.0000
1042	1	1	1	Q_CHECK_LV	86	88	1043	1041	88	0	0	0	0	0	0	0	0	0	0	0	0	0	0	0	0	0	0	_F_TALK_000	_F_TALK_000	2600049	1	0	0	0	0	0	0	0	0	0	0	0	0	0	0	0	0	0	0	0	0	0	0	1.0	1.5	1.0	0	1.07.0000	1.07.0000	1.07.0000	1.07.0000
1043	1	1	1	Q_CHECK_LV	88	90	1044	1042	90	0	0	0	0	0	0	0	0	0	0	0	0	0	0	0	0	0	0	_F_TALK_000	_F_TALK_000	2600049	1	0	0	0	0	0	0	0	0	0	0	0	0	0	0	0	0	0	0	0	0	0	0	1.0	1.5	1.0	0	1.07.0000	1.07.0000	1.07.0000	1.07.0000
1044	1	1	1	Q_CHECK_LV	90	92	1045	1043	92	0	0	0	0	0	0	0	0	0	0	0	0	0	0	0	0	0	0	_F_TALK_000	_F_TALK_000	2600049	1	0	0	0	0	0	0	0	0	0	0	0	0	0	0	0	0	0	0	0	0	0	0	1.0	1.5	1.0	0	1.07.0000	1.07.0000	1.07.0000	1.07.0000
1045	1	1	1	Q_CHECK_LV	92	94	1046	1044	94	0	0	0	0	0	0	0	0	0	0	0	0	0	0	0	0	0	0	_F_TALK_000	_F_TALK_000	2600049	1	0	0	0	0	0	0	0	0	0	0	0	0	0	0	0	0	0	0	0	0	0	0	1.0	1.5	1.0	0	1.07.0000	1.07.0000	1.07.0000	1.07.0000
1046	1	1	1	Q_CHECK_LV	94	96	1047	1045	96	0	0	0	0	0	0	0	0	0	0	0	0	0	0	0	0	0	0	_F_TALK_000	_F_TALK_000	2600049	1	0	0	0	0	0	0	0	0	0	0	0	0	0	0	0	0	0	0	0	0	0	0	1.0	1.5	1.0	0	1.07.0000	1.07.0000	1.07.0000	1.07.0000
1047	1	1	1	Q_CHECK_LV	96	98	1048	1046	98	0	0	0	0	0	0	0	0	0	0	0	0	0	0	0	0	0	0	_F_TALK_000	_F_TALK_000	2600049	1	0	0	0	0	0	0	0	0	0	0	0	0	0	0	0	0	0	0	0	0	0	0	1.0	1.5	1.0	0	1.07.0000	1.07.0000	1.07.0000	1.07.0000
1048	1	1	1	Q_CHECK_LV	98	100	1049	1047	100	0	0	0	0	0	0	0	0	0	0	0	0	0	0	0	0	0	0	_F_TALK_000	_F_TALK_000	2600049	1	0	0	0	0	0	0	0	0	0	0	0	0	0	0	0	0	0	0	0	0	0	0	1.0	1.5	1.0	0	1.07.0000	1.07.0000	1.07.0000	1.07.0000
1049	1	1	1	Q_CHECK_LV	100	102	1050	1048	102	0	0	0	0	0	0	0	0	0	0	0	0	0	0	0	0	0	0	_F_TALK_000	_F_TALK_000	2600049	1	0	0	0	0	0	0	0	0	0	0	0	0	0	0	0	0	0	0	0	0	0	0	1.0	1.5	1.0	0	1.07.0000	1.07.0000	1.07.0000	1.07.0000
1050	1	1	1	Q_CHECK_LV	102	104	1051	1049	104	0	0	0	0	0	0	0	0	0	0	0	0	0	0	0	0	0	0	_F_TALK_000	_F_TALK_000	2600049	1	0	0	0	0	0	0	0	0	0	0	0	0	0	0	0	0	0	0	0	0	0	0	1.0	1.5	1.0	0	1.07.0000	1.07.0000	1.07.0000	1.07.0000
1051	1	1	1	Q_CHECK_LV	104	106	1052	1050	106	0	0	0	0	0	0	0	0	0	0	0	0	0	0	0	0	0	0	_F_TALK_000	_F_TALK_000	2600049	1	0	0	0	0	0	0	0	0	0	0	0	0	0	0	0	0	0	0	0	0	0	0	1.0	1.5	1.0	0	1.07.0000	1.07.0000	1.07.0000	1.07.0000
1052	1	1	1	Q_CHECK_LV	106	108	1053	1051	108	0	0	0	0	0	0	0	0	0	0	0	0	0	0	0	0	0	0	_F_TALK_000	_F_TALK_000	2600049	1	0	0	0	0	0	0	0	0	0	0	0	0	0	0	0	0	0	0	0	0	0	0	1.0	1.5	1.0	0	1.07.0000	1.07.0000	1.07.0000	1.07.0000
1053	1	1	1	Q_CHECK_LV	108	110	1054	1052	110	0	0	0	0	0	0	0	0	0	0	0	0	0	0	0	0	0	0	_F_TALK_000	_F_TALK_000	2600049	1	0	0	0	0	0	0	0	0	0	0	0	0	0	0	0	0	0	0	0	0	0	0	1.0	1.5	1.0	0	1.07.0000	1.07.0000	1.07.0000	1.07.0000
1054	1	1	1	Q_CHECK_LV	110	112	1055	1053	112	0	0	0	0	0	0	0	0	0	0	0	0	0	0	0	0	0	0	_F_TALK_000	_F_TALK_000	2600049	1	0	0	0	0	0	0	0	0	0	0	0	0	0	0	0	0	0	0	0	0	0	0	1.0	1.5	1.0	0	1.07.0000	1.07.0000	1.07.0000	1.07.0000
1055	1	1	1	Q_CHECK_LV	112	114	1056	1054	114	0	0	0	0	0	0	0	0	0	0	0	0	0	0	0	0	0	0	_F_TALK_000	_F_TALK_000	2600049	1	0	0	0	0	0	0	0	0	0	0	0	0	0	0	0	0	0	0	0	0	0	0	1.0	1.5	1.0	0	1.07.0000	1.07.0000	1.07.0000	1.07.0000
1056	1	1	1	Q_CHECK_LV	114	116	1057	1055	116	0	0	0	0	0	0	0	0	0	0	0	0	0	0	0	0	0	0	_F_TALK_000	_F_TALK_000	2600049	1	0	0	0	0	0	0	0	0	0	0	0	0	0	0	0	0	0	0	0	0	0	0	1.0	1.5	1.0	0	1.07.0000	1.07.0000	1.07.0000	1.07.0000
1057	1	1	1	Q_CHECK_LV	116	118	1058	1056	118	0	0	0	0	0	0	0	0	0	0	0	0	0	0	0	0	0	0	_F_TALK_000	_F_TALK_000	2600049	1	0	0	0	0	0	0	0	0	0	0	0	0	0	0	0	0	0	0	0	0	0	0	1.0	1.5	1.0	0	1.07.0000	1.07.0000	1.07.0000	1.07.0000
1058	1	1	1	Q_CHECK_LV	118	120	1059	1057	120	0	0	0	0	0	0	0	0	0	0	0	0	0	0	0	0	0	0	_F_TALK_000	_F_TALK_000	2600049	1	0	0	0	0	0	0	0	0	0	0	0	0	0	0	0	0	0	0	0	0	0	0	1.0	1.5	1.0	0	1.07.0000	1.07.0000	1.07.0000	1.07.0000
1060	1	130	0	Q_CLASS_ITEM	5	5	1061	1085	0	2	0	0	0	0	0	0	0	0	0	0	0	0	0	0	0	0	0	_F_TALK_000	_F_TALK_000	3509552	1	3509551	1	3509554	1	3509553	1	3509555	1	3509557	1	0	0	0	0	0	0	0	0	0	0	0	0	1.0	1.0	1.0	0	OUT	1.07.0000	1.07.0000	1.07.0000
1061	1	130	0	Q_CHECKBUFF1	5	5	981	1060	8788	8540	0	0	0	0	0	0	0	0	0	884	906	0	0	0	0	0	0	_F_TALK_000	_F_TALK_000	0	0	0	0	0	0	0	0	0	0	0	0	0	0	0	0	0	0	0	0	0	0	0	0	1.0	1.0	1.0	0	OUT	1.07.0000	1.07.0000	1.07.0000
1062	1	130	0	Q_CON1	5	5	1064	981	60	0	0	0	0	0	0	0	0	0	0	885	887	0	0	0	0	0	0	_F_TALK_000	_F_TALK_000	0	0	0	0	0	0	0	0	0	0	0	0	0	0	0	0	0	0	0	0	0	0	0	0	1.0	1.0	1.0	0	OUT	1.07.0000	1.07.0000	1.07.0000
1063	1	130	0	Q_SKILL3	5	5	1066	1065	40002	43003	41011	45001	42008	44001	0	0	0	0	0	0	0	0	0	0	0	0	0	_F_TALK_000	_F_TALK_000	0	0	0	0	0	0	0	0	0	0	0	0	0	0	0	0	0	0	0	0	0	0	0	0	1.0	1.0	1.0	0	OUT	1.07.0000	1.07.0000	1.07.0000
1064	1	130	0	Q_CON_NEW	5	5	1065	1062	0	0	20	3	0	26	2401023	108	0	0	0	887	888	0	0	0	0	0	0	_F_TALK_000	_F_TALK_000	2401023	1	0	0	0	0	0	0	0	0	0	0	0	0	0	0	0	0	0	0	0	0	0	0	1.0	1.0	1.0	0	OUT	1.07.0000	1.07.0000	1.07.0000
1065	1	130	0	Q_GATHER10	5	5	1063	1064	3192	2500633	1	0	0	0	0	8789	0	0	0	0	0	0	0	0	0	0	0	_F_TALK_000	_F_TALK_000	2401006	3	0	0	0	0	0	0	0	0	0	0	0	0	0	0	0	0	0	0	0	0	0	0	1.0	1.0	1.0	0	OUT	1.07.0000	1.07.0000	1.07.0000
1066	1	130	0	Q_CON_NEW	5	6	1067	1063	0	0	24	2500634	2	24	2500635	5	20	7	0	0	0	0	0	0	0	0	0	_F_TALK_000	_F_TALK_000	0	0	0	0	0	0	0	0	0	0	0	0	0	0	0	0	0	0	0	0	0	0	0	0	1.0	1.0	1.0	0	OUT	1.07.0000	1.07.0000	1.07.0000
1067	1	130	0	Q_SEND1	5	6	1068	1066	2500636	1	0	0	0	0	0	0	0	0	0	0	0	0	0	0	0	0	0	_F_TALK_000	_F_TALK_000	0	0	0	0	0	0	0	0	0	0	0	0	0	0	0	0	0	0	0	0	0	0	0	0	1.0	1.0	1.0	0	OUT	1.07.0000	1.07.0000	1.07.0000
1068	1	130	0	Q_CON_NEW	5	6	1069	1067	0	0	0	0	0	0	0	0	0	0	0	890	891	0	0	0	0	0	0	_F_TALK_000	_F_TALK_000	0	0	0	0	0	0	0	0	0	0	0	0	0	0	0	0	0	0	0	0	0	0	0	0	1.0	1.0	1.0	0	OUT	1.07.0000	1.07.0000	1.07.0000
1069	1	130	0	Q_CON1	5	6	1070	1068	0	0	0	0	0	0	0	0	0	0	0	891	892	0	0	0	0	0	0	_F_TALK_000	_F_TALK_000	0	0	0	0	0	0	0	0	0	0	0	0	0	0	0	0	0	0	0	0	0	0	0	0	1.0	1.0	1.0	0	OUT	1.07.0000	1.07.0000	1.07.0000
1070	1	130	0	Q_CON_NEW	5	6	1071	1069	0	0	0	0	0	20	4	0	0	0	0	892	886	0	0	0	0	0	0	_F_TALK_000	_F_TALK_000	3509556	1	0	0	0	0	0	0	0	0	0	0	0	0	0	0	0	0	0	0	0	0	0	0	1.0	1.0	1.0	0	OUT	1.07.0000	1.07.0000	1.07.0000
1071	1	130	0	Q_KILL_SKXYZ	10	6	24	1070	0	0	0	0	0	0	0	8107	4294943542	15190	4294966496	0	0	0	0	0	0	0	0	_F_TALK_000	_F_TALK_000	2600536	1	0	0	0	0	0	0	0	0	0	0	0	0	0	0	0	0	0	0	0	0	0	0	1.0	1.0	1.0	0	OUT	1.07.0000	1.07.0000	1.07.0000
1072	1	139	0	Q_GENDER_EQUIP1	1	1	1073	0	1	2200206	8	2200206	16	2200406	8	2200606	16	0	0	0	0	0	0	0	0	0	0			0	0	0	0	0	0	0	0	0	0	0	0	0	0	0	0	0	0	0	0	0	0	0	0	1.0	1.0	1.0	0	OUT	1.07.0000	1.07.0000	1.07.0000
1073	1	139	0	Q_ADD_SKILL2	1	1	0	1072	1079	8543	192	3	2	0	0	0	0	0	0	0	188	0	0	0	0	0	0			3509539	1	0	0	0	0	0	0	0	0	0	0	0	0	0	0	0	0	0	0	0	0	0	0	1.0	1.0	1.0	0	OUT	1.07.0000	1.07.0000	1.07.0000
1074	1	139	0	Q_GATHER7	1	1	1075	1073	2500001	5	0	0	0	0	0	0	0	0	0	188	189	0	0	0	0	0	0	_F_HAPPY_000	_F_HAPPY_000	0	0	0	0	0	0	0	0	0	0	0	0	0	0	0	0	0	0	0	0	0	0	0	0	1.0	1.0	1.0	0	OUT	1.07.0000	1.07.0000	1.07.0000
1075	1	139	1	Q_GUARD	1	1	0	1074	3000	0	189	0	0	0	0	0	0	0	0	0	0	189	188	0	0	0	0	_F_TALK_000	_F_FLEX_000	0	0	0	0	0	0	0	0	0	0	0	0	0	0	0	0	0	0	0	0	0	0	0	0	1.0	1.0	1.0	0	OUT	1.07.0000	1.07.0000	1.07.0000
1076	1	139	0	Q_MOVIE_TEACH1	1	1	0	1075	10	0	0	0	0	0	0	0	0	0	0	0	0	190	191	0	0	0	856	_F_FLEX_000	_F_TALK_000	0	0	0	0	0	0	0	0	0	0	0	0	0	0	0	0	0	0	0	0	0	0	0	0	1.0	1.0	1.0	0	OUT	1.07.0000	1.07.0000	1.07.0000
1077	1	139	0	Q_INTERFLOW1	1	1	1078	1096	1072	0	0	0	0	0	0	0	0	0	0	0	0	0	0	0	0	0	0	_F_EMOTION_000	_F_TALK_000	0	0	0	0	0	0	0	0	0	0	0	0	0	0	0	0	0	0	0	0	0	0	0	0	1.0	1.0	1.0	0	OUT	1.07.0000	1.07.0000	1.07.0000
1078	1	139	0	Q_GUARD	1	1	0	1077	3000	0	191	0	0	0	0	0	0	0	0	0	0	0	0	0	0	0	0	_F_TALK_000	_F_FLEX_000	0	0	0	0	0	0	0	0	0	0	0	0	0	0	0	0	0	0	0	0	0	0	0	0	1.0	1.0	1.0	0	OUT	1.07.0000	1.07.0000	1.07.0000
1079	1	139	0	Q_GENDER_EQUIP2	1	1	1073	0	1	2201006	8	2200806	8	2201206	8	0	0	0	0	0	0	0	0	0	0	0	0			0	0	0	0	0	0	0	0	0	0	0	0	0	0	0	0	0	0	0	0	0	0	0	0	1.0	1.0	1.0	0	OUT	1.07.0000	1.07.0000	1.07.0000
1080	1	139	0	Q_CON_NEW	1	5	997	1081	0	0	16	3000	1	0	0	0	0	0	0	0	0	0	0	0	0	0	0	_F_FLEX_000	_F_TALK_000	0	0	0	0	0	0	0	0	0	0	0	0	0	0	0	0	0	0	0	0	0	0	0	0	1.0	1.0	1.0	0	OUT	1.07.0000	1.07.0000	1.07.0000
1081	1	139	0	Q_CON1	1	4	1080	1096	0	0	0	0	0	0	0	0	0	0	0	0	0	0	0	0	0	0	0	_F_EMOTION_000	_F_TALK_000	0	0	0	0	0	0	0	0	0	0	0	0	0	0	0	0	0	0	0	0	0	0	0	0	1.0	1.0	1.0	0	OUT	1.07.0000	1.07.0000	1.07.0000
1082	1	1	0	Q_CON_NEW	1	1	1083	0	0	0	18	997	0	0	0	0	0	0	0	0	0	0	0	0	0	0	0	_F_FLEX_000	_F_HAPPY_000	2600344	1	0	0	0	0	0	0	0	0	0	0	0	0	0	0	0	0	0	0	0	0	0	0	1.0	1.0	1.0	0	OUT	1.07.0000	1.07.0000	1.07.0000
1083	1	1	0	Q_CON4	1	1	1084	1082	0	0	0	0	0	0	5	0	0	0	0	0	0	0	0	0	0	0	0	_F_FLEX_000	_F_TALK_000	0	0	0	0	0	0	0	0	0	0	0	0	0	0	0	0	0	0	0	0	0	0	0	0	1.0	1.0	1.0	0	OUT	1.07.0000	1.07.0000	1.07.0000
1084	1	1	0	Q_MOVIE_CON3	1	1	1085	1083	0	0	0	0	0	0	0	0	0	0	0	0	0	0	0	0	0	0	0	_F_TALK_000	MYRINA_000.wmv	0	0	0	0	0	0	0	0	0	0	0	0	0	0	0	0	0	0	0	0	0	0	0	0	1.0	1.0	1.0	0	OUT	1.07.0000	1.07.0000	1.07.0000
1085	1	1	0	Q_MOVIE_CON3	1	1	1060	1084	0	0	0	0	0	0	0	0	0	0	0	0	0	0	637	0	0	629	0	MYRINA_000.wmv	_F_TALK_000	0	0	0	0	0	0	0	0	0	0	0	0	0	0	0	0	0	0	0	0	0	0	0	0	1.0	1.0	1.0	0	OUT	1.07.0000	1.07.0000	1.07.0000
1086	1	139	0	Q_GENDER_EQUIP2	1	1	1090	0	2	2201006	8	2200806	8	2201206	8	0	0	0	0	0	0	0	0	0	0	0	0			0	0	0	0	0	0	0	0	0	0	0	0	0	0	0	0	0	0	0	0	0	0	0	0	1.0	1.0	1.0	0	OUT	1.07.0000	1.07.0000	1.07.0000
1087	1	139	0	Q_GUARD	1	1	0	1088	3000	0	191	0	0	0	0	0	0	0	0	0	0	0	0	0	0	0	0	_F_TALK_000	_F_FLEX_000	0	0	0	0	0	0	0	0	0	0	0	0	0	0	0	0	0	0	0	0	0	0	0	0	1.0	1.0	1.0	0	OUT	1.07.0000	1.07.0000	1.07.0000
1088	1	139	0	Q_INTERFLOW1	1	1	1087	1097	1089	0	0	0	0	0	0	0	0	0	0	0	0	0	0	0	0	0	0	_F_EMOTION_000	_F_EMOTION_000	0	0	0	0	0	0	0	0	0	0	0	0	0	0	0	0	0	0	0	0	0	0	0	0	1.0	1.0	1.0	0	OUT	1.07.0000	1.07.0000	1.07.0000
1089	1	139	0	Q_GENDER_EQUIP1	1	1	1090	0	2	2200206	8	2200206	16	2200406	8	2200606	16	0	0	0	0	0	0	0	0	0	0			0	0	0	0	0	0	0	0	0	0	0	0	0	0	0	0	0	0	0	0	0	0	0	0	1.0	1.0	1.0	0	OUT	1.07.0000	1.07.0000	1.07.0000
1090	1	139	0	Q_ADD_SKILL2	1	1	0	1089	1086	8543	192	3	2	0	0	0	0	0	0	0	188	0	0	0	0	0	0			3509539	1	0	0	0	0	0	0	0	0	0	0	0	0	0	0	0	0	0	0	0	0	0	0	1.0	1.0	1.0	0	OUT	1.07.0000	1.07.0000	1.07.0000
1091	1	139	0	Q_GATHER7	1	1	1092	1090	2500001	5	0	0	0	0	0	0	0	0	0	188	189	0	0	0	0	0	0	_F_TALK_000	_F_HAPPY_000	0	0	0	0	0	0	0	0	0	0	0	0	0	0	0	0	0	0	0	0	0	0	0	0	1.0	1.0	1.0	0	OUT	1.07.0000	1.07.0000	1.07.0000
1092	1	139	1	Q_GUARD	1	1	0	1091	3000	0	189	0	0	0	0	0	0	0	0	0	0	189	188	0	0	0	0	_F_TALK_000	_F_FLEX_000	0	0	0	0	0	0	0	0	0	0	0	0	0	0	0	0	0	0	0	0	0	0	0	0	1.0	1.0	1.0	0	OUT	1.07.0000	1.07.0000	1.07.0000
1093	1	139	0	Q_MOVIE_TEACH1	1	1	0	1092	10	0	0	0	0	0	0	0	0	0	0	0	0	190	191	0	0	0	856	_F_FLEX_000	_F_FLEX_000	0	0	0	0	0	0	0	0	0	0	0	0	0	0	0	0	0	0	0	0	0	0	0	0	1.0	1.0	1.0	0	OUT	1.07.0000	1.07.0000	1.07.0000
1094	1	139	0	Q_INTERFLOW1	1	1	1095	1097	1086	0	0	0	0	0	0	0	0	0	0	0	0	0	0	0	0	0	0	_F_EMOTION_000	_F_TALK_000	0	0	0	0	0	0	0	0	0	0	0	0	0	0	0	0	0	0	0	0	0	0	0	0	1.0	1.0	1.0	0	OUT	1.07.0000	1.07.0000	1.07.0000
1095	1	139	0	Q_GUARD	1	1	0	1094	3000	0	191	0	0	0	0	0	0	0	0	0	0	0	0	0	0	0	0	_F_FLEX_000	_F_TALK_000	0	0	0	0	0	0	0	0	0	0	0	0	0	0	0	0	0	0	0	0	0	0	0	0	1.0	1.0	1.0	0	OUT	1.07.0000	1.07.0000	1.07.0000
1096	1	139	1	Q_CON_NEW	1	3	1081	9000	0	0	7	0	0	3	8785	0	19	8785	1	0	0	856	0	0	0	0	0	_F_FLEX_000	Theme_firstbattle	3509539	9	0	0	0	0	0	0	0	0	0	0	0	0	0	0	0	0	0	0	0	0	0	0	1.0	1.0	1.0	0	OUT	1.07.0000	1.07.0000	1.07.0000
1097	1	139	1	Q_KILL1_3	1	1	0	1092	0	0	0	8785	0	0	0	0	0	0	0	0	0	856	0	0	0	0	0	_F_FLEX_000	_F_TALK_000	3509539	9	0	0	0	0	0	0	0	0	0	0	0	0	0	0	0	0	0	0	0	0	0	0	1.0	1.5	1.0	0	OUT	1.07.0000	1.07.0000	1.07.0000
1098	40	130	0	Q_ADD_SKILL1	1	1	0	0	1065	8789	0	0	0	0	0	0	0	0	0	0	0	0	0	0	0	0	0	_F_TALK_000	_F_TALK_000	0	0	0	0	0	0	0	0	0	0	0	0	0	0	0	0	0	0	0	0	0	0	0	0	0.0	0.0	0.0	0	OUT	1.07.0000	1.07.0000	1.07.0000
1099	2	2	0	Q_KILL1	26	28	0	74	843	1	0	0	0	0	0	0	0	0	0	0	0	0	0	0	0	0	0	_F_TALK_000	_F_TALK_000	2600751	3	0	0	0	0	0	0	0	0	0	0	0	0	0	0	0	0	0	0	0	0	0	0	1.0	1.0	1.0	0	OUT	1.07.0000	1.07.0000	1.07.0000
1501	1	3	0	Q_SEND1	38	43	1502	852	2500660	1	0	0	0	0	0	0	0	0	0	0	0	0	0	0	0	0	0	_F_FLEX_000	_F_HAPPY_000	0	0	0	0	0	0	0	0	0	0	0	0	0	0	0	0	0	0	0	0	0	0	0	0	1.0	1.5	1.0	0	OUT	1.08.0000	1.08.0000	1.08.0000
1502	1	3	0	Q_CON1	38	43	0	1501	0	0	0	0	0	0	0	0	0	0	0	0	0	0	0	0	0	0	0	_F_FLEX_000	_F_HAPPY_000	0	0	0	0	0	0	0	0	0	0	0	0	0	0	0	0	0	0	0	0	0	0	0	0	1.0	1.5	1.0	0	OUT	1.08.0000	1.08.0000	1.08.0000
1503	1	14	0	Q_CON1	100	108	0	620	0	0	0	0	0	0	0	0	0	0	0	0	0	0	335	0	0	0	923	_F_FLEX_000	_F_HAPPY_000	0	0	0	0	0	0	0	0	0	0	0	0	0	0	0	0	0	0	0	0	0	0	0	0	1.0	1.5	1.0	0	OUT	1.09.0000	1.09.0000	1.09.0000
1504	1	14	0	Q_CON1	100	108	0	1503	0	0	0	0	0	0	0	0	0	0	0	0	921	0	0	0	922	0	0	_F_FLEX_000	_F_HAPPY_000	0	0	0	0	0	0	0	0	0	0	0	0	0	0	0	0	0	0	0	0	0	0	0	0	1.0	1.5	1.0	0	OUT	1.09.0000	1.09.0000	1.09.0000
1505	1	14	0	Q_CON1	100	109	0	1504	0	0	0	0	0	0	0	0	0	0	0	0	0	0	0	0	0	0	0	_F_FLEX_000	_F_HAPPY_000	0	0	0	0	0	0	0	0	0	0	0	0	0	0	0	0	0	0	0	0	0	0	0	0	1.0	1.5	1.0	0	OUT	1.09.0000	1.09.0000	1.09.0000
1506	1	14	0	Q_CON1	100	109	1507	1505	0	0	0	0	0	0	0	0	0	0	0	922	0	0	0	0	0	0	0	_F_FLEX_000	_F_HAPPY_000	0	0	0	0	0	0	0	0	0	0	0	0	0	0	0	0	0	0	0	0	0	0	0	0	1.0	1.5	1.0	0	OUT	1.09.0000	1.09.0000	1.09.0000
1507	1	14	1	Q_SET1	100	109	0	1506	1508	0	0	0	0	0	0	0	0	0	0	0	0	0	0	0	0	0	0	_F_FLEX_000	_F_FLEX_000	0	0	0	0	0	0	0	0	0	0	0	0	0	0	0	0	0	0	0	0	0	0	0	0	1.0	1.5	1.0	0	OUT	1.09.0000	1.09.0000	1.09.0000
1508	1	14	0	Q_SET6	100	109	0	1506	1507	2500277	35	0	0	0	0	0	0	0	0	0	0	0	924	0	0	0	925	_F_TALK_000	_F_TALK_000	0	0	0	0	0	0	0	0	0	0	0	0	0	0	0	0	0	0	0	0	0	0	0	0	1.0	1.5	1.0	0	OUT	1.09.0000	1.09.0000	1.09.0000
1509	1	14	0	Q_ADD_MOBBUFF2	100	109	0	1507	8502	255	0	0	0	0	0	0	0	0	0	0	0	0	0	0	0	0	0	_F_FLEX_000	_F_HAPPY_000	0	0	0	0	0	0	0	0	0	0	0	0	0	0	0	0	0	0	0	0	0	0	0	0	1.0	1.5	1.0	0	OUT	1.09.0000	1.09.0000	1.09.0000
1510	1	14	0	Q_KILL1	100	109	0	1509	354	35	0	0	0	0	0	0	0	0	0	330	926	0	0	0	0	0	0	_F_FLEX_000	_F_HAPPY_000	0	0	0	0	0	0	0	0	0	0	0	0	0	0	0	0	0	0	0	0	0	0	0	0	1.0	1.5	1.0	0	OUT	1.09.0000	1.09.0000	1.09.0000
1511	1	14	0	Q_CON1	100	109	0	1510	0	0	0	0	0	0	0	0	0	0	0	0	0	0	0	0	0	0	0	_F_FLEX_000	_F_HAPPY_000	0	0	0	0	0	0	0	0	0	0	0	0	0	0	0	0	0	0	0	0	0	0	0	0	1.0	1.5	1.0	0	OUT	1.09.0000	1.09.0000	1.09.0000
1512	1	14	0	Q_CON1	100	110	0	1511	0	0	0	0	0	0	0	0	0	0	0	0	0	0	0	0	0	0	0	_F_FLEX_000	_F_HAPPY_000	0	0	0	0	0	0	0	0	0	0	0	0	0	0	0	0	0	0	0	0	0	0	0	0	1.0	1.5	1.0	0	OUT	1.09.0000	1.09.0000	1.09.0000
1513	1	14	0	Q_CON1	100	110	0	1512	0	0	0	0	0	0	0	0	0	0	0	0	0	921	331	0	0	0	0	_F_FLEX_000	_F_HAPPY_000	0	0	0	0	0	0	0	0	0	0	0	0	0	0	0	0	0	0	0	0	0	0	0	0	1.0	1.5	1.0	0	OUT	1.09.0000	1.09.0000	1.09.0000
1514	1	14	0	Q_CHECK_LV	100	110	0	1513	110	0	0	0	0	0	0	0	0	0	0	925	0	924	330	0	0	926	1380	_F_TALK_000	_F_FLEX_000	2405100	5	0	0	0	0	0	0	0	0	0	0	2205431	1	2205432	1	2205433	1	0	0	0	0	0	0	1.0	1.5	1.0	0	OUT	1.09.0000	1.09.0000	1.09.0000
1515	1	14	0	Q_CON1	100	115	0	2036	0	0	0	0	0	0	0	0	0	0	0	0	0	0	0	0	0	0	0	_F_FLEX_000	_F_HAPPY_000	2500661	1	0	0	0	0	0	0	0	0	0	0	0	0	0	0	0	0	0	0	0	0	0	0	1.0	1.5	1.0	0	OUT	1.09.0000	1.09.0000	1.09.0000
1516	1	14	0	Q_GATHER1	100	115	0	1515	2500661	1	0	0	0	0	0	0	0	0	0	0	0	0	0	0	0	0	0	_F_FLEX_000	_F_HAPPY_000	0	0	0	0	0	0	0	0	0	0	0	0	0	0	0	0	0	0	0	0	0	0	0	0	1.0	1.5	1.0	0	OUT	1.09.0000	1.09.0000	1.09.0000
1517	1	14	0	Q_CON1	100	115	0	1516	0	0	0	0	0	0	0	0	0	0	0	0	0	0	0	0	0	0	0	_F_FLEX_000	_F_HAPPY_000	0	0	0	0	0	0	0	0	0	0	0	0	0	0	0	0	0	0	0	0	0	0	0	0	1.0	1.5	1.0	0	OUT	1.09.0000	1.09.0000	1.09.0000
1518	25	14	0	Q_ENTER_INSTANCE1	100	1	0	1517	2037	2091	0	0	0	0	0	0	0	0	0	0	0	0	0	0	0	0	0	_F_TALK_000	_F_TALK_000	0	0	0	0	0	0	0	0	0	0	0	0	0	0	0	0	0	0	0	0	0	0	0	0	0.0	0.0	0.0	0	OUT	1.09.0000	1.09.0000	1.09.0000
2000	3	6	0	Q_CON1	80	80	2001	855	0	0	0	0	0	0	0	0	0	0	0	0	1114	0	0	0	0	0	0	_F_FLEX_000	_F_HAPPY_000	0	0	0	0	0	0	0	0	0	0	0	0	0	0	0	0	0	0	0	0	0	0	0	0	1.0	2.0	1.0	0	1.00.0000	1.00.0000	1.00.0000	1.00.0000
2001	3	113	0	Q_GUARD	80	80	0	2000	600	0	1114	0	0	0	0	0	0	0	0	0	0	1114	1116	0	0	0	0	_F_SAD_000	_F_FLEX_000	0	0	0	0	0	0	0	0	0	0	0	0	0	0	0	0	0	0	0	0	0	0	0	0	1.0	2.0	1.0	0	1.00.0000	1.00.0000	1.00.0000	1.00.0000
2002	3	113	0	Q_KILL1	80	80	0	2001	1106	1	0	0	0	0	0	0	0	0	0	1116	1117	1117	1118	0	0	0	0	_F_FLEX_000	_F_HAPPY_000	0	0	0	0	0	0	0	0	0	0	0	0	0	0	0	0	0	0	0	0	0	0	0	0	1.0	2.0	1.0	0	1.00.0000	1.00.0000	1.00.0000	1.00.0000
2003	3	113	1	Q_GUARD	80	80	0	2002	600	0	1118	0	0	0	0	0	0	0	0	0	0	1118	1119	0	0	0	0	_F_FLEX_000	_F_HAPPY_000	0	0	0	0	0	0	0	0	0	0	0	0	0	0	0	0	0	0	0	0	0	0	0	0	1.0	2.0	1.0	0	1.00.0000	1.00.0000	1.00.0000	1.00.0000
2004	3	113	0	Q_KILL1	80	80	0	2003	1105	1	0	0	0	0	0	0	0	0	0	1119	826	0	0	0	0	0	0	_F_FLEX_000	_F_HAPPY_000	2405097	3	2600341	5	2600342	5	0	0	0	0	0	0	0	0	0	0	0	0	0	0	0	0	0	0	1.0	2.0	1.0	0	1.00.0000	1.00.0000	1.00.0000	1.00.0000
2005	3	8	0	Q_CON1	90	90	0	0	0	0	0	0	0	0	0	0	0	0	0	261	1213	1213	1214	0	0	0	0	_F_EMOTION_003	_F_EMOTION_001	0	0	0	0	0	0	0	0	0	0	0	0	0	0	0	0	0	0	0	0	0	0	0	0	1.0	2.0	1.0	0	1.01.0000	1.01.0000	1.01.0000	1.01.0000
2006	3	118	0	Q_KILL1	90	90	0	2005	1191	1	0	0	0	0	0	0	0	0	0	1214	261	0	0	0	0	0	0	_F_EMOTION_003	_F_EMOTION_008	2405098	5	0	0	0	0	0	0	0	0	0	0	2205425	1	2205426	1	2205427	1	0	0	0	0	0	0	1.0	2.0	1.0	0	1.01.0000	1.01.0000	1.01.0000	1.01.0000
2007	3	118	1	Q_GUARD	90	90	0	857	600	0	1194	0	0	0	0	0	0	0	0	0	0	1194	1195	0	0	0	0	_F_TALK_000	_F_FLEX_000	0	0	0	0	0	0	0	0	0	0	0	0	0	0	0	0	0	0	0	0	0	0	0	0	1.0	2.0	1.0	0	1.01.0000	1.01.0000	1.01.0000	1.01.0000
2008	3	118	0	Q_KILL1	90	90	0	2007	522	3	0	0	0	0	0	0	0	0	0	0	0	1195	1196	0	0	0	0	_F_FLEX_000	_F_FLEX_000	0	0	0	0	0	0	0	0	0	0	0	0	0	0	0	0	0	0	0	0	0	0	0	0	1.0	2.0	1.0	0	1.01.0000	1.01.0000	1.01.0000	1.01.0000
2009	3	118	0	Q_GATHER1	90	90	2010	2008	2500406	1	0	0	0	0	0	0	0	0	0	1196	1197	0	0	0	0	0	0	_F_FLEX_000	_F_HAPPY_000	0	0	0	0	0	0	0	0	0	0	0	0	0	0	0	0	0	0	0	0	0	0	0	0	1.0	2.0	1.0	0	1.01.0000	1.01.0000	1.01.0000	1.01.0000
2010	3	118	0	Q_GATHER1	90	90	0	2009	2500407	1	0	0	0	0	0	0	0	0	0	1197	1198	1198	1210	0	1199	1199	0	_F_FLEX_000	_F_HAPPY_000	0	0	0	0	0	0	0	0	0	0	0	0	0	0	0	0	0	0	0	0	0	0	0	0	1.0	2.0	1.0	0	1.01.0000	1.01.0000	1.01.0000	1.01.0000
2011	3	118	0	Q_KILL1	90	90	0	2010	1191	1	0	0	0	0	0	0	0	0	0	1210	0	0	0	0	1211	1211	0	_F_TALK_000	_F_FLEX_000	2401011	5	0	0	0	0	0	0	0	0	0	0	2205225	1	2205226	1	2205227	1	2205228	1	0	0	0	0	1.0	2.0	1.0	0	1.01.0000	1.01.0000	1.01.0000	1.01.0000
2034	3	115	1	Q_GUARD	110	110	0	1514	600	0	1380	0	0	0	0	0	0	0	0	0	0	1380	1381	0	0	0	0	_F_TALK_000	_F_TALK_000	0	0	0	0	0	0	0	0	0	0	0	0	0	0	0	0	0	0	0	0	0	0	0	0	1.0	2.0	1.0	0	OUT	1.09.0000	1.09.0000	1.09.0000
2035	3	115	0	Q_KILL1	110	110	0	2034	1369	1	0	0	0	0	0	0	0	0	0	1381	1382	1382	1386	0	0	0	0	_F_SAD_000	_F_FLEX_000	0	0	0	0	0	0	0	0	0	0	0	0	0	0	0	0	0	0	0	0	0	0	0	0	1.0	2.0	1.0	0	OUT	1.09.0000	1.09.0000	1.09.0000
2036	3	115	0	Q_KILL1	110	110	0	2035	1374	1	0	0	0	0	0	0	0	0	0	0	0	0	0	0	0	0	0	_F_TALK_000	_F_TALK_000	3509530	1	0	0	0	0	0	0	0	0	0	0	2205233	1	2205234	1	2205235	1	2205236	1	0	0	0	0	1.0	2.0	1.0	0	OUT	1.09.0000	1.09.0000	1.09.0000
2037	3	303	1	Q_GATHER10	110	110	0	1517	2038	2500408	1	0	0	0	0	0	0	0	0	0	1923	0	0	0	0	0	0	_F_TALK_000	_F_TALK_000	0	0	0	0	0	0	0	0	0	0	0	0	2604901	1	2604902	1	0	0	0	0	0	0	0	0	1.0	2.0	1.0	0	OUT	1.09.0000	1.09.0000	1.09.0000
2038	40	303	1	Q_CON1	110	110	0	1517	0	0	0	0	0	0	0	0	0	0	0	0	0	1923	0	0	0	0	0	_F_TALK_000	_F_TALK_000	2500408	1	0	0	0	0	0	0	0	0	0	0	0	0	0	0	0	0	0	0	0	0	0	0	0.0	0.0	0.0	0	OUT	1.09.0000	1.09.0000	1.09.0000
2170	2	1	2	Q_ARCH1	30	40	0	0	1201	1202	1203	0	30	0	0	0	0	0	0	0	0	0	0	0	0	0	0	_F_FLEX_000	_F_FLEX_000	2401451	1	0	0	0	0	0	0	0	0	0	0	0	0	0	0	0	0	0	0	0	0	0	0	1.0	1.399999976158142	1.399999976158142	0		1.08.0000	1.08.0000	1.08.0000
2171	2	1	2	Q_ARCH1	45	60	0	0	1204	1205	1206	0	0	0	0	0	0	0	0	0	0	0	0	0	0	0	0	_F_FLEX_000	_F_FLEX_000	0	0	0	0	0	0	0	0	0	0	0	0	0	0	0	0	0	0	0	0	0	0	0	0	1.0	1.399999976158142	1.399999976158142	0		1.08.0000	1.08.0000	1.08.0000
2172	2	1	2	Q_ARCH1	60	80	0	0	1102	1106	1107	0	0	0	0	0	0	0	0	0	0	0	0	0	0	0	0	_F_FLEX_000	_F_FLEX_000	0	0	0	0	0	0	0	0	0	0	0	0	0	0	0	0	0	0	0	0	0	0	0	0	1.0	1.399999976158142	1.399999976158142	0		1.08.0000	1.08.0000	1.08.0000
2173	2	1	2	Q_ARCH1	50	65	0	0	30	40	1109	0	0	0	0	0	0	0	0	0	0	0	0	0	0	0	0	_F_FLEX_000	_F_FLEX_000	0	0	0	0	0	0	0	0	0	0	0	0	0	0	0	0	0	0	0	0	0	0	0	0	1.0	1.399999976158142	1.399999976158142	0		1.08.0000	1.08.0000	1.08.0000
2174	2	1	2	Q_ARCH1	81	96	0	0	1207	1208	1209	0	0	0	0	0	0	0	0	0	0	0	0	0	0	0	0	_F_FLEX_000	_F_FLEX_000	0	0	0	0	0	0	0	0	0	0	0	0	0	0	0	0	0	0	0	0	0	0	0	0	1.0	1.399999976158142	1.399999976158142	0		1.08.0000	1.08.0000	1.08.0000
2175	2	1	2	Q_ARCH1	105	110	0	0	1211	1212	1302	0	0	0	0	0	0	0	0	0	0	0	0	0	0	0	0	_F_FLEX_000	_F_FLEX_000	0	0	0	0	0	0	0	0	0	0	0	0	0	0	0	0	0	0	0	0	0	0	0	0	1.0	1.399999976158142	1.399999976158142	0		1.08.0000	1.08.0000	1.08.0000
2176	2	1	2	Q_ARCH1	111	120	0	0	1210	1213	1303	0	0	0	0	0	0	0	0	0	0	0	0	0	0	0	0	_F_FLEX_000	_F_FLEX_000	0	0	0	0	0	0	0	0	0	0	0	0	0	0	0	0	0	0	0	0	0	0	0	0	1.0	1.399999976158142	1.399999976158142	0		1.08.0000	1.08.0000	1.08.0000
2177	2	1	2	Q_ARCH1	86	101	0	0	1103	1104	1401	0	0	0	0	0	0	0	0	0	0	0	0	0	0	0	0	_F_FLEX_000	_F_FLEX_000	0	0	0	0	0	0	0	0	0	0	0	0	0	0	0	0	0	0	0	0	0	0	0	0	1.0	1.399999976158142	1.399999976158142	0		1.08.0000	1.08.0000	1.08.0000
2178	2	1	2	Q_ARCH1	35	45	0	0	2101	0	0	0	0	0	0	0	0	0	0	0	0	0	0	0	0	0	0	_F_FLEX_000	_F_FLEX_000	0	0	0	0	0	0	0	0	0	0	0	0	0	0	0	0	0	0	0	0	0	0	0	0	0.0	5.0	0.0	0	OUT	1.10.0000	1.10.0400	1.30.0000
2179	2	1	2	Q_ARCH1	35	45	0	0	2102	0	0	0	0	0	0	0	0	0	0	0	0	0	0	0	0	0	0	_F_FLEX_000	_F_FLEX_000	0	0	0	0	0	0	0	0	0	0	0	0	0	0	0	0	0	0	0	0	0	0	0	0	0.0	5.0	0.0	0	OUT	1.10.0000	1.10.0400	1.30.0000
2180	2	1	2	Q_ARCH1	46	60	0	0	2051	0	0	0	0	0	0	0	0	0	0	0	0	0	0	0	0	0	0	_F_FLEX_000	_F_FLEX_000	0	0	0	0	0	0	0	0	0	0	0	0	0	0	0	0	0	0	0	0	0	0	0	0	0.0	5.0	0.0	0	OUT	1.10.0000	1.10.0400	1.30.0000
2181	2	1	2	Q_ARCH1	46	60	0	0	2052	0	0	0	0	0	0	0	0	0	0	0	0	0	0	0	0	0	0	_F_FLEX_000	_F_FLEX_000	0	0	0	0	0	0	0	0	0	0	0	0	0	0	0	0	0	0	0	0	0	0	0	0	0.0	5.0	0.0	0	OUT	1.10.0000	1.10.0400	1.30.0000
2182	2	1	2	Q_ARCH1	52	71	0	0	2003	0	0	0	0	0	0	0	0	0	0	0	0	0	0	0	0	0	0	_F_FLEX_000	_F_FLEX_000	0	0	0	0	0	0	0	0	0	0	0	0	0	0	0	0	0	0	0	0	0	0	0	0	0.0	5.0	0.0	0	OUT	1.10.0000	1.10.0400	1.30.0000
2183	2	1	2	Q_ARCH1	52	71	0	0	4100	0	0	0	0	0	0	0	0	0	0	0	0	0	0	0	0	0	0	_F_FLEX_000	_F_FLEX_000	0	0	0	0	0	0	0	0	0	0	0	0	0	0	0	0	0	0	0	0	0	0	0	0	0.0	5.0	0.0	0	OUT	1.10.0000	1.10.0400	1.30.0000
2184	2	1	2	Q_ARCH1	52	71	0	0	30	0	0	0	0	0	0	0	0	0	0	0	0	0	0	0	0	0	0	_F_FLEX_000	_F_FLEX_000	0	0	0	0	0	0	0	0	0	0	0	0	0	0	0	0	0	0	0	0	0	0	0	0	0.0	5.0	0.0	0	OUT	1.10.0000	1.10.0400	1.30.0000
2185	2	1	2	Q_ARCH1	52	71	0	0	4104	0	0	0	0	0	0	0	0	0	0	0	0	0	0	0	0	0	0	_F_FLEX_000	_F_FLEX_000	0	0	0	0	0	0	0	0	0	0	0	0	0	0	0	0	0	0	0	0	0	0	0	0	0.0	5.0	0.0	0	OUT	1.10.0000	1.10.0400	1.30.0000
2188	2	1	2	Q_ARCH1	52	71	0	0	2011	0	0	0	0	0	0	0	0	0	0	0	0	0	0	0	0	0	0	_F_FLEX_000	_F_FLEX_000	0	0	0	0	0	0	0	0	0	0	0	0	0	0	0	0	0	0	0	0	0	0	0	0	0.0	5.0	0.0	0	OUT	1.10.0000	1.10.0400	1.30.0000
2189	2	1	2	Q_ARCH1	66	81	0	0	2053	0	0	0	0	0	0	0	0	0	0	0	0	0	0	0	0	0	0	_F_FLEX_000	_F_FLEX_000	0	0	0	0	0	0	0	0	0	0	0	0	0	0	0	0	0	0	0	0	0	0	0	0	0.0	5.0	0.0	0	OUT	1.10.0000	1.10.0400	1.30.0000
2190	2	1	2	Q_ARCH1	66	81	0	0	2014	0	0	0	0	0	0	0	0	0	0	0	0	0	0	0	0	0	0	_F_FLEX_000	_F_FLEX_000	0	0	0	0	0	0	0	0	0	0	0	0	0	0	0	0	0	0	0	0	0	0	0	0	0.0	5.0	0.0	0	OUT	1.10.0000	1.10.0400	1.30.0000
2191	2	1	2	Q_ARCH1	66	81	0	0	4105	0	0	0	0	0	0	0	0	0	0	0	0	0	0	0	0	0	0	_F_FLEX_000	_F_FLEX_000	0	0	0	0	0	0	0	0	0	0	0	0	0	0	0	0	0	0	0	0	0	0	0	0	0.0	5.0	0.0	0	OUT	1.10.0000	1.10.0400	1.30.0000
2192	2	1	2	Q_ARCH1	66	81	0	0	2201	0	0	0	0	0	0	0	0	0	0	0	0	0	0	0	0	0	0	_F_FLEX_000	_F_FLEX_000	0	0	0	0	0	0	0	0	0	0	0	0	0	0	0	0	0	0	0	0	0	0	0	0	0.0	5.0	0.0	0	OUT	1.10.0000	1.10.0400	1.30.0000
2193	2	1	2	Q_ARCH1	66	81	0	0	2220	0	0	0	0	0	0	0	0	0	0	0	0	0	0	0	0	0	0	_F_FLEX_000	_F_FLEX_000	0	0	0	0	0	0	0	0	0	0	0	0	0	0	0	0	0	0	0	0	0	0	0	0	0.0	5.0	0.0	0	OUT	1.10.0000	1.10.0400	1.30.0000
2194	2	1	2	Q_ARCH1	66	81	0	0	2054	0	0	0	0	0	0	0	0	0	0	0	0	0	0	0	0	0	0	_F_FLEX_000	_F_FLEX_000	0	0	0	0	0	0	0	0	0	0	0	0	0	0	0	0	0	0	0	0	0	0	0	0	0.0	5.0	0.0	0	OUT	1.10.0000	1.10.0400	1.30.0000
2195	2	1	2	Q_ARCH1	66	81	0	0	2055	0	0	0	0	0	0	0	0	0	0	0	0	0	0	0	0	0	0	_F_FLEX_000	_F_FLEX_000	0	0	0	0	0	0	0	0	0	0	0	0	0	0	0	0	0	0	0	0	0	0	0	0	0.0	5.0	0.0	0	OUT	1.10.0000	1.10.0400	1.30.0000
2500	5	4	0	Q_REPEAT_MOVIE_KILL2	50	50	0	0	98	10	102	10	80	0	0	0	0	0	0	0	0	0	0	0	0	0	0	56_000.wmv	56_000.wmv	0	0	0	0	0	0	0	0	0	0	0	0	0	0	0	0	0	0	0	0	0	0	0	0	0.8500000238418579	0.10000000149011612	0.10000000149011612	0	1.00.0000	1.00.0000	1.00.0000	1.00.0000
2501	5	5	0	Q_REPEAT_MOVIE_GATHER2	65	65	0	0	2500500	10	2500501	10	85	0	0	0	0	0	0	0	0	0	0	0	0	0	0	BISMARCK_000.wmv	BISMARCK_000.wmv	0	0	0	0	0	0	0	0	0	0	0	0	0	0	0	0	0	0	0	0	0	0	0	0	0.8500000238418579	0.10000000149011612	0.10000000149011612	0	1.00.0000	1.00.0000	1.00.0000	1.00.0000
2502	5	6	0	Q_REPEAT_MOVIE_KILL2	70	70	0	0	220	15	223	15	92	0	0	0	0	0	0	0	0	0	0	0	0	0	0	56_000.wmv	56_000.wmv	0	0	0	0	0	0	0	0	0	0	0	0	0	0	0	0	0	0	0	0	0	0	0	0	0.8500000238418579	0.10000000149011612	0.10000000149011612	0	1.00.0000	1.00.0000	1.00.0000	1.00.0000
2503	5	7	0	Q_REPEAT_MOVIE_GATHER2	81	80	0	0	2500502	20	2500503	20	100	0	0	0	0	0	0	0	0	0	0	0	0	0	0	BISMARCK_000.wmv	BISMARCK_000.wmv	0	0	0	0	0	0	0	0	0	0	0	0	0	0	0	0	0	0	0	0	0	0	0	0	0.8500000238418579	0.10000000149011612	0.10000000149011612	0	1.01.0000	1.01.0000	1.01.0000	1.01.0000
2504	5	8	0	Q_REPEAT_MOVIE_KILL2	87	87	0	0	276	25	283	25	105	0	0	0	0	0	0	0	0	0	0	0	0	0	0	56_000.wmv	56_000.wmv	0	0	0	0	0	0	0	0	0	0	0	0	0	0	0	0	0	0	0	0	0	0	0	0	0.8500000238418579	0.10000000149011612	0.10000000149011612	0	1.01.0000	1.01.0000	1.01.0000	1.01.0000
2505	5	9	0	Q_REPEAT_KILL3	93	93	0	0	308	15	309	15	311	15	0	119	0	0	0	0	0	0	0	0	0	0	0	_F_TALK_000	_F_FLEX_000	0	0	0	0	0	0	0	0	0	0	0	0	0	0	0	0	0	0	0	0	0	0	0	0	0.8500000238418579	0.10000000149011612	0.10000000149011612	0	1.01.0000	1.01.0000	1.01.0000	1.01.0000
2506	5	11	0	Q_REPEAT_GATHER3	95	100	0	0	2500504	15	2500505	15	2500506	3	119	0	0	0	0	0	0	0	0	0	0	0	0	_F_TALK_000	_F_FLEX_000	0	0	0	0	0	0	0	0	0	0	0	0	0	0	0	0	0	0	0	0	0	0	0	0	0.8500000238418579	0.10000000149011612	0.10000000149011612	0	1.01.0000	1.01.0000	1.01.0000	1.01.0000
2507	5	14	0	Q_REPEAT_KILL3	100	105	0	0	340	15	347	15	349	15	0	119	0	0	0	0	0	0	0	0	0	0	0	_F_TALK_000	_F_FLEX_000	0	0	0	0	0	0	0	0	0	0	0	0	0	0	0	0	0	0	0	0	0	0	0	0	0.8500000238418579	0.10000000149011612	0.10000000149011612	0	1.01.0000	1.01.0000	1.01.0000	1.01.0000
2508	5	15	0	Q_REPEAT_MOVIE_GATHER3	110	110	0	0	2500507	20	2500508	20	2500509	20	119	0	0	0	0	0	0	0	0	0	0	0	0	BISMARCK_000.wmv	BISMARCK_000.wmv	0	0	0	0	0	0	0	0	0	0	0	0	0	0	0	0	0	0	0	0	0	0	0	0	0.8500000238418579	0.10000000149011612	0.10000000149011612	0	1.01.0000	1.01.0000	1.01.0000	1.01.0000
2509	5	15	0	Q_REPEAT_MOVIE_KILL3	111	111	0	0	429	2	419	2	426	2	0	0	0	0	0	0	0	0	0	0	0	0	0	56_000.wmv	56_000.wmv	0	0	0	0	0	0	0	0	0	0	0	0	0	0	0	0	0	0	0	0	0	0	0	0	0.8500000238418579	0.10000000149011612	0.10000000149011612	0	1.01.0000	1.01.0000	1.01.0000	1.01.0000
2510	5	12	0	Q_REPEAT_MOVIE_GATHER3	112	112	0	0	2500510	30	2500511	30	2500512	30	119	0	0	0	0	0	0	0	0	0	0	0	0	BISMARCK_000.wmv	BISMARCK_000.wmv	0	0	0	0	0	0	0	0	0	0	0	0	0	0	0	0	0	0	0	0	0	0	0	0	0.8500000238418579	0.10000000149011612	0.10000000149011612	0	1.01.0000	1.01.0000	1.01.0000	1.01.0000
2514	40	0	0	Q_SET18	117	117	0	0	2513	493	30	497	5	505	0	0	0	0	0	0	0	0	0	0	0	0	0	_F_TALK_000	_F_TALK_000	0	0	0	0	0	0	0	0	0	0	0	0	0	0	0	0	0	0	0	0	0	0	0	0	0.8500000238418579	0.10000000149011612	0.10000000149011612	0	1.01.0000	1.01.0000	1.01.0000	1.01.0000
2550	5	5	0	Q_REPEAT_MOVIE_KILL2	60	60	0	0	140	10	142	10	85	0	0	0	0	0	0	0	0	0	0	0	0	0	0	JASON_000.wmv	JASON_000.wmv	0	0	0	0	0	0	0	0	0	0	0	0	0	0	0	0	0	0	0	0	0	0	0	0	0.8500000238418579	0.10000000149011612	0.10000000149011612	0	1.00.0000	1.00.0000	1.00.0000	1.00.0000
2551	5	6	0	Q_REPEAT_MOVIE_GATHER2	75	75	0	0	2500516	15	2500517	15	92	0	0	0	0	0	0	0	0	0	0	0	0	0	0	HAYREDIN_000.wmv	HAYREDIN_000.wmv	0	0	0	0	0	0	0	0	0	0	0	0	0	0	0	0	0	0	0	0	0	0	0	0	0.8500000238418579	0.10000000149011612	0.10000000149011612	0	1.00.0000	1.00.0000	1.00.0000	1.00.0000
2552	5	7	0	Q_REPEAT_MOVIE_KILL2	85	85	0	0	389	20	391	20	100	0	0	0	0	0	0	0	0	0	0	0	0	0	0	EDWARD_000.wmv	EDWARD_000.wmv	0	0	0	0	0	0	0	0	0	0	0	0	0	0	0	0	0	0	0	0	0	0	0	0	0.8500000238418579	0.10000000149011612	0.10000000149011612	0	1.01.0000	1.01.0000	1.01.0000	1.01.0000
2553	5	8	0	Q_REPEAT_MOVIE_GATHER2	90	90	0	0	2500518	25	2500519	25	105	0	0	0	0	0	0	0	0	0	0	0	0	0	0	HAYREDIN_000.wmv	HAYREDIN_000.wmv	0	0	0	0	0	0	0	0	0	0	0	0	0	0	0	0	0	0	0	0	0	0	0	0	0.8500000238418579	0.10000000149011612	0.10000000149011612	0	1.01.0000	1.01.0000	1.01.0000	1.01.0000
2554	5	9	0	Q_REPEAT_GATHER3	96	96	0	0	2500520	15	2500521	15	2500522	15	119	0	0	0	0	0	0	0	0	0	0	0	0	_F_TALK_000	_F_HAPPY_000	0	0	0	0	0	0	0	0	0	0	0	0	0	0	0	0	0	0	0	0	0	0	0	0	0.8500000238418579	0.10000000149011612	0.10000000149011612	0	1.01.0000	1.01.0000	1.01.0000	1.01.0000
2555	5	11	0	Q_REPEAT_KILL3	95	102	0	0	692	20	690	20	695	2	0	119	0	0	0	0	0	0	0	0	0	0	0	_F_TALK_000	_F_FLEX_000	0	0	0	0	0	0	0	0	0	0	0	0	0	0	0	0	0	0	0	0	0	0	0	0	0.8500000238418579	0.10000000149011612	0.10000000149011612	0	1.01.0000	1.01.0000	1.01.0000	1.01.0000
2556	5	14	0	Q_REPEAT_GATHER3	100	108	0	0	2500523	20	2500524	20	2500525	20	119	0	0	0	0	0	0	0	0	0	0	0	0	_F_TALK_000	_F_FLEX_000	0	0	0	0	0	0	0	0	0	0	0	0	0	0	0	0	0	0	0	0	0	0	0	0	0.8500000238418579	0.10000000149011612	0.10000000149011612	0	1.01.0000	1.01.0000	1.01.0000	1.01.0000
2557	5	15	0	Q_REPEAT_MOVIE_KILL3	110	110	0	0	420	20	421	20	423	20	0	0	0	0	0	0	0	0	0	0	0	0	0	EDWARD_000.wmv	EDWARD_000.wmv	0	0	0	0	0	0	0	0	0	0	0	0	0	0	0	0	0	0	0	0	0	0	0	0	0.8500000238418579	0.10000000149011612	0.10000000149011612	0	1.01.0000	1.01.0000	1.01.0000	1.01.0000
2558	5	12	0	Q_REPEAT_MOVIE_GATHER3	112	112	0	0	2500526	30	2500527	30	2500528	30	119	0	0	0	0	0	0	0	0	0	0	0	0	HAYREDIN_000.wmv	HAYREDIN_000.wmv	0	0	0	0	0	0	0	0	0	0	0	0	0	0	0	0	0	0	0	0	0	0	0	0	0.8500000238418579	0.10000000149011612	0.10000000149011612	0	1.01.0000	1.01.0000	1.01.0000	1.01.0000
2559	5	12	0	Q_REPEAT_MOVIE_KILL3	113	113	0	0	451	2	453	2	459	2	0	0	0	0	0	0	0	0	0	0	0	0	0	EDWARD_000.wmv	EDWARD_000.wmv	0	0	0	0	0	0	0	0	0	0	0	0	0	0	0	0	0	0	0	0	0	0	0	0	0.8500000238418579	0.10000000149011612	0.10000000149011612	0	1.01.0000	1.01.0000	1.01.0000	1.01.0000
2563	40	0	0	Q_SET18	117	117	0	0	2562	494	30	503	5	504	0	0	0	0	0	0	0	0	0	0	0	0	0	_F_TALK_000	_F_TALK_000	0	0	0	0	0	0	0	0	0	0	0	0	0	0	0	0	0	0	0	0	0	0	0	0	0.8500000238418579	0.10000000149011612	0.10000000149011612	0	1.01.0000	1.01.0000	1.01.0000	1.01.0000
2600	6	1	0	Q_DAY_GATHER1	45	45	0	0	2600301	3	120	0	0	0	0	0	0	0	0	0	0	0	0	0	0	0	0	_F_TALK_000	_F_EMOTION_005	2600374	1	0	0	0	0	0	0	0	0	0	0	0	0	0	0	0	0	0	0	0	0	0	0	0.8500000238418579	0.10000000149011612	0.10000000149011612	0	1.00.0000	1.00.0000	1.00.0000	1.00.0000
2601	6	1	0	Q_DAY_GATHER1	60	60	0	0	2600302	5	120	0	0	0	0	0	0	0	0	0	0	0	0	0	0	0	0	_F_TALK_000	_F_EMOTION_005	2600375	1	0	0	0	0	0	0	0	0	0	0	0	0	0	0	0	0	0	0	0	0	0	0	0.8500000238418579	0.10000000149011612	0.10000000149011612	0	1.00.0000	1.00.0000	1.00.0000	1.00.0000
2602	6	1	0	Q_DAY_GATHER1	80	80	0	0	2600303	5	120	0	0	0	0	0	0	0	0	0	0	0	0	0	0	0	0	_F_TALK_000	_F_EMOTION_005	2600376	1	0	0	0	0	0	0	0	0	0	0	0	0	0	0	0	0	0	0	0	0	0	0	0.8500000238418579	0.10000000149011612	0.10000000149011612	0	1.00.0000	1.00.0000	1.00.0000	1.00.0000
2603	6	1	0	Q_DAY_GATHER1	100	100	0	0	2600304	5	120	0	0	0	0	0	0	0	0	0	0	0	0	0	0	0	0	_F_TALK_000	_F_EMOTION_005	2600377	1	0	0	0	0	0	0	0	0	0	0	0	0	0	0	0	0	0	0	0	0	0	0	0.8500000238418579	0.10000000149011612	0.10000000149011612	0	1.01.0000	1.01.0000	1.01.0000	1.01.0000
2604	6	1	0	Q_DAY_GATHER1	115	115	0	0	2600305	5	120	0	0	0	0	0	0	0	0	0	0	0	0	0	0	0	0	_F_TALK_000	_F_EMOTION_005	2600378	1	0	0	0	0	0	0	0	0	0	0	0	0	0	0	0	0	0	0	0	0	0	0	0.8500000238418579	0.10000000149011612	0.10000000149011612	0	1.01.0000	1.01.0000	1.01.0000	1.01.0000
2605	6	3	0	Q_DAY_KILL_NEW	40	40	0	153	45	0	0	63	20	0	0	0	0	0	0	0	0	0	0	0	0	0	0	_F_EMOTION_004	_F_EMOTION_008	0	0	0	0	0	0	0	0	0	0	0	0	0	0	0	0	0	0	0	0	0	0	0	0	1.0	0.25	1.0	0	1.01.0100	1.01.0100	1.01.0100	1.01.0100
2606	6	3	0	Q_DAY_KILL_NEW	40	40	0	153	45	0	0	60	1	61	1	65	1	0	0	0	0	0	0	0	0	0	0	_F_EMOTION_003	_F_EMOTION_001	2400834	1	0	0	0	0	0	0	0	0	0	0	0	0	0	0	0	0	0	0	0	0	0	0	1.0	0.25	1.0	0	1.01.0100	1.01.0100	1.01.0100	1.01.0100
2607	6	4	0	Q_DAY_KILL_NEW	46	45	0	213	60	0	0	98	20	0	0	0	0	0	0	0	0	0	0	0	0	0	0	_F_TALK_000	_F_FLEX_000	0	0	0	0	0	0	0	0	0	0	0	0	0	0	0	0	0	0	0	0	0	0	0	0	1.0	0.25	1.0	0	1.01.0100	1.01.0100	1.01.0100	1.01.0100
2608	6	4	0	Q_DAY_KILL_NEW	46	45	0	213	60	0	0	97	1	99	1	103	1	0	0	0	0	0	0	0	0	0	0	_F_TALK_000	_F_FLEX_000	2400835	1	0	0	0	0	0	0	0	0	0	0	0	0	0	0	0	0	0	0	0	0	0	0	1.0	0.25	1.0	0	1.01.0100	1.01.0100	1.01.0100	1.01.0100
2609	6	5	0	Q_DAY_KILL_NEW	61	60	0	289	70	0	0	145	20	0	0	0	0	0	0	0	0	0	0	0	0	0	0	_F_TALK_000	_F_EMOTION_006	0	0	0	0	0	0	0	0	0	0	0	0	0	0	0	0	0	0	0	0	0	0	0	0	1.0	0.25	1.0	0	1.01.0100	1.01.0100	1.01.0100	1.01.0100
2610	6	5	0	Q_DAY_KILL_NEW	61	60	0	289	70	0	0	142	1	150	1	144	1	0	0	0	0	0	0	0	0	0	0	_F_TALK_000	_F_EMOTION_006	2400836	1	0	0	0	0	0	0	0	0	0	0	0	0	0	0	0	0	0	0	0	0	0	0	1.0	0.25	1.0	0	1.01.0100	1.01.0100	1.01.0100	1.01.0100
2611	6	6	0	Q_DAY_KILL_NEW	71	70	0	334	80	0	0	225	20	0	0	0	0	0	0	0	0	0	0	0	0	0	0	_F_TALK_000	_F_EMOTION_004	0	0	0	0	0	0	0	0	0	0	0	0	0	0	0	0	0	0	0	0	0	0	0	0	1.0	0.25	1.0	0	1.01.0100	1.01.0100	1.01.0100	1.01.0100
2612	6	6	0	Q_DAY_KILL_NEW	71	70	0	334	80	0	0	220	1	222	1	226	1	0	0	0	0	0	0	0	0	0	0	_F_TALK_000	_F_EMOTION_004	2400837	1	0	0	0	0	0	0	0	0	0	0	0	0	0	0	0	0	0	0	0	0	0	0	1.0	0.25	1.0	0	1.01.0100	1.01.0100	1.01.0100	1.01.0100
2613	6	7	0	Q_DAY_KILL_NEW	81	81	0	413	86	0	0	391	20	0	0	0	0	0	0	0	0	0	0	0	0	0	0	_F_TALK_000	_F_TALK_000	0	0	0	0	0	0	0	0	0	0	0	0	0	0	0	0	0	0	0	0	0	0	0	0	1.0	0.25	1.0	0	1.01.0100	1.01.0100	1.01.0100	1.01.0100
2614	6	7	0	Q_DAY_KILL_NEW	81	81	0	413	86	0	0	390	1	393	1	397	1	0	0	0	0	0	0	0	0	0	0	_F_TALK_000	_F_TALK_000	2400838	1	0	0	0	0	0	0	0	0	0	0	0	0	0	0	0	0	0	0	0	0	0	0	1.0	0.25	1.0	0	1.01.0100	1.01.0100	1.01.0100	1.01.0100
2615	6	8	0	Q_DAY_KILL_NEW	87	87	0	486	92	0	0	282	20	0	0	0	0	0	0	0	0	0	0	0	0	0	0	_F_TALK_000	_F_FLEX_000	0	0	0	0	0	0	0	0	0	0	0	0	0	0	0	0	0	0	0	0	0	0	0	0	1.0	0.25	1.0	0	1.01.0100	1.01.0100	1.01.0100	1.01.0100
2616	6	8	0	Q_DAY_KILL_NEW	87	87	0	486	92	0	0	274	1	281	1	0	0	0	0	0	0	0	0	0	0	0	0	_F_TALK_000	_F_FLEX_000	2400839	1	0	0	0	0	0	0	0	0	0	0	0	0	0	0	0	0	0	0	0	0	0	0	1.0	0.25	1.0	0	1.01.0100	1.01.0100	1.01.0100	1.01.0100
2617	6	9	0	Q_DAY_KILL_NEW	93	93	0	540	98	0	0	319	20	0	0	0	0	0	0	0	0	0	0	0	0	0	0	_F_TALK_000	_F_FLEX_000	0	0	0	0	0	0	0	0	0	0	0	0	0	0	0	0	0	0	0	0	0	0	0	0	1.0	0.25	1.0	0	1.01.0100	1.01.0100	1.01.0100	1.01.0100
2618	6	9	0	Q_DAY_KILL_NEW	93	93	0	540	98	0	0	314	1	317	1	320	1	0	0	0	0	0	0	0	0	0	0	_F_TALK_000	_F_FLEX_000	2400840	1	0	0	0	0	0	0	0	0	0	0	0	0	0	0	0	0	0	0	0	0	0	0	1.0	0.25	1.0	0	1.01.0100	1.01.0100	1.01.0100	1.01.0100
2619	6	10	0	Q_DAY_KILL_NEW	92	100	0	586	104	0	0	694	20	0	0	0	0	0	0	0	0	0	0	0	0	0	0	_F_TALK_000	_F_FLEX_000	0	0	0	0	0	0	0	0	0	0	0	0	0	0	0	0	0	0	0	0	0	0	0	0	1.0	0.25	1.0	0	1.01.0100	1.01.0100	1.01.0100	1.01.0100
2620	6	10	0	Q_DAY_KILL_NEW	92	100	0	586	104	0	0	697	1	0	0	0	0	0	0	0	0	0	0	0	0	0	0	_F_TALK_000	_F_FLEX_000	2400841	1	0	0	0	0	0	0	0	0	0	0	0	0	0	0	0	0	0	0	0	0	0	0	1.0	0.25	1.0	0	1.01.0100	1.01.0100	1.01.0100	1.01.0100
2621	6	14	0	Q_DAY_KILL_NEW	100	105	0	627	109	0	0	354	20	0	0	0	0	0	0	0	0	0	0	0	0	0	0	_F_TALK_000	_F_FLEX_000	0	0	0	0	0	0	0	0	0	0	0	0	0	0	0	0	0	0	0	0	0	0	0	0	1.0	0.25	1.0	0	1.01.0100	1.01.0100	1.01.0100	1.01.0100
2622	6	14	0	Q_DAY_KILL_NEW	100	105	0	627	109	0	0	350	1	353	1	355	1	0	0	0	0	0	0	0	0	0	0	_F_TALK_000	_F_FLEX_000	2400842	1	0	0	0	0	0	0	0	0	0	0	0	0	0	0	0	0	0	0	0	0	0	0	1.0	0.25	1.0	0	1.01.0100	1.01.0100	1.01.0100	1.01.0100
2623	6	15	0	Q_DAY_KILL_NEW	110	111	0	666	112	0	0	428	20	0	0	0	0	0	0	0	0	0	0	0	0	0	0	_F_TALK_000	_F_FLEX_000	0	0	0	0	0	0	0	0	0	0	0	0	0	0	0	0	0	0	0	0	0	0	0	0	1.0	0.25	1.0	0	1.01.0100	1.01.0100	1.01.0100	1.01.0100
2624	6	15	0	Q_DAY_KILL_NEW	110	111	0	666	112	0	0	419	1	426	1	429	1	0	0	0	0	0	0	0	0	0	0	_F_TALK_000	_F_FLEX_000	2400843	1	0	0	0	0	0	0	0	0	0	0	0	0	0	0	0	0	0	0	0	0	0	0	1.0	0.25	1.0	0	1.01.0100	1.01.0100	1.01.0100	1.01.0100
2625	6	12	0	Q_DAY_KILL_NEW	113	112	0	689	115	0	0	462	20	0	0	0	0	0	0	0	0	0	0	0	0	0	0	_F_TALK_000	_F_FLEX_000	0	0	0	0	0	0	0	0	0	0	0	0	0	0	0	0	0	0	0	0	0	0	0	0	1.0	0.25	1.0	0	1.01.0100	1.01.0100	1.01.0100	1.01.0100
2626	6	12	0	Q_DAY_KILL_NEW	113	112	0	689	115	0	0	453	1	459	1	463	1	0	0	0	0	0	0	0	0	0	0	_F_TALK_000	_F_FLEX_000	2400844	1	0	0	0	0	0	0	0	0	0	0	0	0	0	0	0	0	0	0	0	0	0	0	1.0	0.25	1.0	0	1.01.0100	1.01.0100	1.01.0100	1.01.0100
2629	25	0	0	Q_ENTER_INSTANCE6	40	40	0	153	0	1028	2600001	1	2	0	0	0	0	0	0	0	1690	0	0	0	1691	0	0	_F_EMOTION_004	_F_TALK_000	0	0	0	0	0	0	0	0	0	0	0	0	0	0	0	0	0	0	0	0	0	0	0	0	0.0	0.0	0.0	0	1.02.0000	1.02.0000	1.02.0000	1.02.0000
2630	5	112	0	Q_OCEAN_KILL3	40	40	0	153	1695	5	1693	3	1694	5	146	0	30	30	0	1690	1691	1691	0	0	0	0	0	_F_TALK_000	_F_TALK_000	2400834	3	0	0	0	0	0	0	0	0	0	0	0	0	0	0	0	0	0	0	0	0	0	0	0.8500000238418579	0.30000001192092896	0.30000001192092896	0	1.02.0000	1.02.0000	1.02.0000	1.02.0000
2631	25	0	0	Q_ENTER_INSTANCE6	45	45	0	213	0	1026	2600001	2	2	0	0	0	0	0	0	1637	1636	0	0	0	0	0	0	_F_FLEX_000	_F_TALK_000	0	0	0	0	0	0	0	0	0	0	0	0	0	0	0	0	0	0	0	0	0	0	0	0	0.0	0.0	0.0	0	1.02.0000	1.02.0000	1.02.0000	1.02.0000
2632	5	96	0	Q_OCEAN_KILL3	45	45	0	213	1635	3	1631	3	1633	3	306	0	30	30	0	1636	1637	0	1636	0	0	0	0	_F_TALK_000	_F_TALK_000	2400835	3	0	0	0	0	0	0	0	0	0	0	0	0	0	0	0	0	0	0	0	0	0	0	0.8500000238418579	0.30000001192092896	0.30000001192092896	0	1.02.0000	1.02.0000	1.02.0000	1.02.0000
2633	25	0	0	Q_ENTER_INSTANCE6	60	60	0	289	0	1029	2600001	3	2	0	0	0	0	0	0	1721	1720	0	0	0	0	0	0	_F_TALK_000	_F_TALK_000	0	0	0	0	0	0	0	0	0	0	0	0	0	0	0	0	0	0	0	0	0	0	0	0	0.0	0.0	0.0	0	1.02.0000	1.02.0000	1.02.0000	1.02.0000
2634	5	120	0	Q_OCEAN_KILL3	60	60	0	289	0	0	0	0	0	0	176	0	30	30	0	1720	1721	0	1720	0	0	0	0	_F_TALK_000	_F_TALK_000	2400836	3	0	0	0	0	0	0	0	0	0	0	0	0	0	0	0	0	0	0	0	0	0	0	0.8500000238418579	0.30000001192092896	0.30000001192092896	0	1.02.0000	1.02.0000	1.02.0000	1.02.0000
2635	25	0	0	Q_ENTER_INSTANCE6	70	70	0	334	0	1027	2600001	4	2	0	0	0	0	0	0	1667	1666	0	0	0	0	0	0	_F_TALK_000	_F_TALK_000	0	0	0	0	0	0	0	0	0	0	0	0	0	0	0	0	0	0	0	0	0	0	0	0	0.0	0.0	0.0	0	1.02.0000	1.02.0000	1.02.0000	1.02.0000
2636	5	96	0	Q_OCEAN_KILL3	70	70	0	334	1665	3	1662	3	1660	2	110	0	30	30	0	1666	1667	0	1666	0	0	0	0	_F_TALK_000	_F_TALK_000	2400837	3	0	0	0	0	0	0	0	0	0	0	0	0	0	0	0	0	0	0	0	0	0	0	0.8500000238418579	0.30000001192092896	0.30000001192092896	0	1.02.0000	1.02.0000	1.02.0000	1.02.0000
3000	20	0	0	Q_TELEPORT_WITH_VEHICLE1	25	25	0	111	3	0	0	0	0	0	0	0	0	0	0	0	0	0	0	0	0	0	0	_F_TALK_000	_F_TALK_000	0	0	0	0	0	0	0	0	0	0	0	0	0	0	0	0	0	0	0	0	0	0	0	0	0.0	0.0	0.0	0	1.00.0000	1.00.0000	1.00.0000	1.00.0000
3001	20	0	0	Q_TELEPORT_WITH_VEHICLE1	81	81	0	0	7	0	0	0	0	0	0	0	0	0	0	0	0	0	0	0	0	0	0	_F_TALK_000	_F_TALK_000	0	0	0	0	0	0	0	0	0	0	0	0	0	0	0	0	0	0	0	0	0	0	0	0	0.0	0.0	0.0	0	1.01.0000	1.01.0000	1.01.0000	1.01.0000
3002	20	0	0	Q_TELEPORT_WITH_VEHICLE1	1	1	0	0	1	0	0	0	0	0	0	0	0	0	0	0	0	0	0	0	0	0	0	_F_TALK_000	_F_TALK_000	0	0	0	0	0	0	0	0	0	0	0	0	0	0	0	0	0	0	0	0	0	0	0	0	0.0	0.0	0.0	0	1.00.0000	1.00.0000	1.00.0000	1.00.0000
3003	20	0	0	Q_TELEPORT_WITH_VEHICLE1	45	45	0	0	4	0	0	0	0	0	0	0	0	0	0	0	0	0	0	0	0	0	0	_F_TALK_000	_F_TALK_000	0	0	0	0	0	0	0	0	0	0	0	0	0	0	0	0	0	0	0	0	0	0	0	0	0.0	0.0	0.0	0	1.00.0000	1.00.0000	1.00.0000	1.00.0000
3004	20	0	0	Q_TELEPORT_WITH_VEHICLE1	1	1	0	0	3	0	0	0	0	0	0	0	0	0	0	0	0	0	0	0	0	0	0	_F_TALK_000	_F_TALK_000	0	0	0	0	0	0	0	0	0	0	0	0	0	0	0	0	0	0	0	0	0	0	0	0	0.0	0.0	0.0	0	1.00.0000	1.00.0000	1.00.0000	1.00.0000
3005	20	0	0	Q_TELEPORT_WITH_VEHICLE1	60	60	0	0	5	0	0	0	0	0	0	0	0	0	0	0	0	0	0	0	0	0	0	_F_TALK_000	_F_TALK_000	0	0	0	0	0	0	0	0	0	0	0	0	0	0	0	0	0	0	0	0	0	0	0	0	0.0	0.0	0.0	0	1.00.0000	1.00.0000	1.00.0000	1.00.0000
3006	20	0	0	Q_TELEPORT_WITH_VEHICLE1	45	45	0	0	4	0	0	0	0	0	0	0	0	0	0	0	0	0	0	0	0	0	0	_F_TALK_000	_F_TALK_000	0	0	0	0	0	0	0	0	0	0	0	0	0	0	0	0	0	0	0	0	0	0	0	0	0.0	0.0	0.0	0	1.00.0000	1.00.0000	1.00.0000	1.00.0000
3007	20	0	0	Q_TELEPORT_WITH_VEHICLE1	70	70	0	0	6	0	0	0	0	0	0	0	0	0	0	0	0	0	0	0	0	0	0	_F_TALK_000	_F_TALK_000	0	0	0	0	0	0	0	0	0	0	0	0	0	0	0	0	0	0	0	0	0	0	0	0	0.0	0.0	0.0	0	1.00.0000	1.00.0000	1.00.0000	1.00.0000
3008	20	0	0	Q_TELEPORT_WITH_VEHICLE1	60	60	0	0	5	0	0	0	0	0	0	0	0	0	0	0	0	0	0	0	0	0	0	_F_TALK_000	_F_TALK_000	0	0	0	0	0	0	0	0	0	0	0	0	0	0	0	0	0	0	0	0	0	0	0	0	0.0	0.0	0.0	0	1.00.0000	1.00.0000	1.00.0000	1.00.0000
3009	20	0	0	Q_TELEPORT_WITH_VEHICLE1	86	86	0	0	8	0	0	0	0	0	0	0	0	0	0	0	0	0	0	0	0	0	0	_F_TALK_000	_F_TALK_000	0	0	0	0	0	0	0	0	0	0	0	0	0	0	0	0	0	0	0	0	0	0	0	0	0.0	0.0	0.0	0	1.00.0000	1.00.0000	1.00.0000	1.00.0000
3010	20	0	0	Q_TELEPORT_WITH_VEHICLE1	1	1	0	0	1	0	0	0	0	0	0	0	0	0	0	0	0	0	0	0	0	0	0	_F_TALK_000	_F_TALK_000	0	0	0	0	0	0	0	0	0	0	0	0	0	0	0	0	0	0	0	0	0	0	0	0	0.0	0.0	0.0	0	1.01.0000	1.01.0000	1.01.0000	1.01.0000
3011	20	0	0	Q_TELEPORT_WITH_VEHICLE1	86	86	0	0	8	0	0	0	0	0	0	0	0	0	0	0	0	0	0	0	0	0	0	_F_TALK_000	_F_TALK_000	0	0	0	0	0	0	0	0	0	0	0	0	0	0	0	0	0	0	0	0	0	0	0	0	0.0	0.0	0.0	0	1.01.0000	1.01.0000	1.01.0000	1.01.0000
3012	20	0	0	Q_TELEPORT_WITH_VEHICLE1	81	81	0	0	7	0	0	0	0	0	0	0	0	0	0	0	0	0	0	0	0	0	0	_F_TALK_000	_F_TALK_000	0	0	0	0	0	0	0	0	0	0	0	0	0	0	0	0	0	0	0	0	0	0	0	0	0.0	0.0	0.0	0	1.01.0000	1.01.0000	1.01.0000	1.01.0000
3013	20	0	0	Q_TELEPORT_WITH_VEHICLE1	70	70	0	0	6	0	0	0	0	0	0	0	0	0	0	0	0	0	0	0	0	0	0	_F_TALK_000	_F_TALK_000	0	0	0	0	0	0	0	0	0	0	0	0	0	0	0	0	0	0	0	0	0	0	0	0	0.0	0.0	0.0	0	1.01.0000	1.01.0000	1.01.0000	1.01.0000
3014	20	0	0	Q_TELEPORT_WITH_VEHICLE1	100	100	0	0	14	0	0	0	0	0	0	0	0	0	0	0	0	0	0	0	0	0	0	_F_TALK_000	_F_TALK_000	0	0	0	0	0	0	0	0	0	0	0	0	0	0	0	0	0	0	0	0	0	0	0	0	0.0	0.0	0.0	0	1.01.0000	1.01.0000	1.01.0000	1.01.0000
3015	20	0	0	Q_TELEPORT_WITH_VEHICLE1	92	92	0	0	9	0	0	0	0	0	0	0	0	0	0	0	0	0	0	0	0	0	0	_F_TALK_000	_F_TALK_000	0	0	0	0	0	0	0	0	0	0	0	0	0	0	0	0	0	0	0	0	0	0	0	0	0.0	0.0	0.0	0	1.01.0000	1.01.0000	1.01.0000	1.01.0000
3016	20	0	0	Q_TELEPORT_WITH_VEHICLE1	112	112	0	0	12	0	0	0	0	0	0	0	0	0	0	0	0	0	0	0	0	0	0	_F_TALK_000	_F_TALK_000	0	0	0	0	0	0	0	0	0	0	0	0	0	0	0	0	0	0	0	0	0	0	0	0	0.0	0.0	0.0	0	1.01.0000	1.01.0000	1.01.0000	1.01.0000
3017	20	0	0	Q_TELEPORT_WITH_VEHICLE1	110	110	0	0	305	0	0	0	0	0	0	0	0	0	0	0	0	0	0	0	0	0	0	_F_TALK_000	_F_TALK_000	0	0	0	0	0	0	0	0	0	0	0	0	0	0	0	0	0	0	0	0	0	0	0	0	0.0	0.0	0.0	0	1.01.0000	1.01.0000	1.01.0000	1.01.0000
3018	20	0	0	Q_TELEPORT_WITH_VEHICLE1	115	115	0	0	16	0	0	0	0	0	0	0	0	0	0	0	0	0	0	0	0	0	0	_F_TALK_000	_F_TALK_000	0	0	0	0	0	0	0	0	0	0	0	0	0	0	0	0	0	0	0	0	0	0	0	0	0.0	0.0	0.0	0	1.01.0000	1.01.0000	1.01.0000	1.01.0000
3019	20	0	0	Q_TELEPORT_WITH_VEHICLE1	112	112	0	0	12	0	0	0	0	0	0	0	0	0	0	0	0	0	0	0	0	0	0	_F_TALK_000	_F_TALK_000	0	0	0	0	0	0	0	0	0	0	0	0	0	0	0	0	0	0	0	0	0	0	0	0	0.0	0.0	0.0	0	1.01.0000	1.01.0000	1.01.0000	1.01.0000
3020	20	0	0	Q_TELEPORT_WITH_VEHICLE1	1	1	0	0	1	0	0	0	0	0	0	0	0	0	0	0	0	0	0	0	0	0	0	_F_TALK_000	_F_TALK_000	0	0	0	0	0	0	0	0	0	0	0	0	0	0	0	0	0	0	0	0	0	0	0	0	0.0	0.0	0.0	0	1.00.0000	1.00.0000	1.00.0000	1.00.0000
3021	20	0	0	Q_TELEPORT1	20	20	0	111	17	0	0	0	0	0	0	0	0	0	0	0	0	0	0	0	0	0	0	_F_FLEX_000	_F_TALK_000	0	0	0	0	0	0	0	0	0	0	0	0	0	0	0	0	0	0	0	0	0	0	0	0	0.0	0.0	0.0	0	1.00.0000	1.00.0000	1.00.0000	1.00.0000
3022	20	0	0	Q_TELEPORT1	20	20	0	111	18	0	0	0	0	0	0	0	0	0	0	0	0	0	0	0	0	0	0	_F_FLEX_000	_F_TALK_000	0	0	0	0	0	0	0	0	0	0	0	0	0	0	0	0	0	0	0	0	0	0	0	0	0.0	0.0	0.0	0	1.00.0000	1.00.0000	1.00.0000	1.00.0000
3023	20	0	0	Q_TELEPORT1	20	20	0	0	19	0	0	0	0	0	0	0	0	0	0	0	0	0	0	0	0	0	0	_F_FLEX_000	_F_TALK_000	0	0	0	0	0	0	0	0	0	0	0	0	0	0	0	0	0	0	0	0	0	0	0	0	0.0	0.0	0.0	0	1.00.0000	1.00.0000	1.00.0000	1.00.0000
3024	20	0	0	Q_TELEPORT1	20	20	0	0	20	0	0	0	0	0	0	0	0	0	0	0	0	0	0	0	0	0	0	_F_FLEX_000	_F_TALK_000	0	0	0	0	0	0	0	0	0	0	0	0	0	0	0	0	0	0	0	0	0	0	0	0	0.0	0.0	0.0	0	1.00.0000	1.00.0000	1.00.0000	1.00.0000
3025	20	0	0	Q_TELEPORT1	20	20	0	0	21	0	0	0	0	0	0	0	0	0	0	0	0	0	0	0	0	0	0	_F_FLEX_000	_F_TALK_000	0	0	0	0	0	0	0	0	0	0	0	0	0	0	0	0	0	0	0	0	0	0	0	0	0.0	0.0	0.0	0	1.00.0000	1.00.0000	1.00.0000	1.00.0000
3026	20	0	0	Q_TELEPORT1	70	70	0	0	39	0	0	0	0	0	0	0	0	0	0	0	0	0	0	0	0	0	0	_F_FLEX_000	_F_TALK_000	0	0	0	0	0	0	0	0	0	0	0	0	0	0	0	0	0	0	0	0	0	0	0	0	0.0	0.0	0.0	0	1.00.0000	1.00.0000	1.00.0000	1.00.0000
3027	20	0	0	Q_TELEPORT1	70	70	0	0	40	0	0	0	0	0	0	0	0	0	0	0	0	0	0	0	0	0	0	_F_FLEX_000	_F_TALK_000	0	0	0	0	0	0	0	0	0	0	0	0	0	0	0	0	0	0	0	0	0	0	0	0	0.0	0.0	0.0	0	1.01.0000	1.01.0000	1.01.0000	1.01.0000
3028	20	0	0	Q_TELEPORT1	70	70	0	0	41	0	0	0	0	0	0	0	0	0	0	0	0	0	0	0	0	0	0	_F_FLEX_000	_F_TALK_000	0	0	0	0	0	0	0	0	0	0	0	0	0	0	0	0	0	0	0	0	0	0	0	0	0.0	0.0	0.0	0	1.01.0000	1.01.0000	1.01.0000	1.01.0000
3029	20	0	0	Q_TELEPORT1	92	92	0	487	128	0	0	0	0	0	0	0	0	0	0	0	0	0	0	0	0	0	0	_F_FLEX_000	_F_TALK_000	0	0	0	0	0	0	0	0	0	0	0	0	0	0	0	0	0	0	0	0	0	0	0	0	0.0	0.0	0.0	0	1.01.0000	1.01.0000	1.01.0000	1.01.0000
3030	20	0	0	Q_TELEPORT1	92	92	0	0	127	0	0	0	0	0	0	0	0	0	0	0	0	0	0	0	0	0	0	_F_FLEX_000	_F_TALK_000	0	0	0	0	0	0	0	0	0	0	0	0	0	0	0	0	0	0	0	0	0	0	0	0	0.0	0.0	0.0	0	1.01.0000	1.01.0000	1.01.0000	1.01.0000
3031	20	0	0	Q_TELEPORT1	92	92	0	0	72	0	0	0	0	0	0	0	0	0	0	0	0	0	0	0	0	0	0	_F_FLEX_000	_F_TALK_000	0	0	0	0	0	0	0	0	0	0	0	0	0	0	0	0	0	0	0	0	0	0	0	0	0.0	0.0	0.0	0	1.01.0000	1.01.0000	1.01.0000	1.01.0000
3032	20	0	0	Q_TELEPORT1	92	92	0	0	73	0	0	0	0	0	0	0	0	0	0	0	0	0	0	0	0	0	0	_F_FLEX_000	_F_TALK_000	0	0	0	0	0	0	0	0	0	0	0	0	0	0	0	0	0	0	0	0	0	0	0	0	0.0	0.0	0.0	0	1.01.0000	1.01.0000	1.01.0000	1.01.0000
3033	20	0	0	Q_TELEPORT1	112	112	0	666	75	0	0	0	0	0	0	0	0	0	0	0	0	0	0	0	0	0	0	_F_FLEX_000	_F_TALK_000	0	0	0	0	0	0	0	0	0	0	0	0	0	0	0	0	0	0	0	0	0	0	0	0	0.0	0.0	0.0	0	1.01.0000	1.01.0000	1.01.0000	1.01.0000
3034	20	0	0	Q_TELEPORT1	112	112	0	0	76	0	0	0	0	0	0	0	0	0	0	0	0	0	0	0	0	0	0	_F_FLEX_000	_F_TALK_000	0	0	0	0	0	0	0	0	0	0	0	0	0	0	0	0	0	0	0	0	0	0	0	0	0.0	0.0	0.0	0	1.01.0000	1.01.0000	1.01.0000	1.01.0000
3035	20	0	0	Q_TELEPORT1	112	112	0	0	77	0	0	0	0	0	0	0	0	0	0	0	0	0	0	0	0	0	0	_F_FLEX_000	_F_TALK_000	0	0	0	0	0	0	0	0	0	0	0	0	0	0	0	0	0	0	0	0	0	0	0	0	0.0	0.0	0.0	0	1.01.0000	1.01.0000	1.01.0000	1.01.0000
3036	20	0	0	Q_ARENA1	1	1	0	0	3	0	0	0	0	0	0	0	0	0	0	0	0	0	0	0	0	0	0	_F_FLEX_000	_F_TALK_000	0	0	0	0	0	0	0	0	0	0	0	0	0	0	0	0	0	0	0	0	0	0	0	0	0.0	0.0	0.0	1	1.11.0000	1.08.0000	1.08.0000	1.08.0000
3037	20	1	0	Q_TELEPORT1	1	1	0	1085	1000	0	0	0	0	0	0	0	0	0	0	0	0	0	0	0	0	0	0	_F_TALK_000	_F_TALK_000	0	0	0	0	0	0	0	0	0	0	0	0	0	0	0	0	0	0	0	0	0	0	0	0	0.0	0.0	0.0	0	OUT	1.07.0000	1.07.0000	1.07.0000
3038	20	130	0	Q_TELEPORT1	1	1	0	0	1	0	0	0	0	0	0	0	0	0	0	0	0	0	0	0	0	0	0	_F_TALK_000	_F_TALK_000	0	0	0	0	0	0	0	0	0	0	0	0	0	0	0	0	0	0	0	0	0	0	0	0	0.0	0.0	0.0	0	OUT	1.07.0000	1.07.0000	1.07.0000
3039	20	0	0	Q_TELEPORT1	70	70	0	0	336	0	0	0	0	0	0	0	0	0	0	0	0	0	0	0	0	0	0	_F_FLEX_000	_F_TALK_000	0	0	0	0	0	0	0	0	0	0	0	0	0	0	0	0	0	0	0	0	0	0	0	0	0.0	0.0	0.0	0	OUT	1.08.0000	1.08.0000	1.08.0000
3040	20	0	0	Q_ARENA2	1	1	0	0	3	1800	2300	0	0	0	0	0	0	0	0	0	0	0	0	0	0	0	0	_F_TALK_000	_F_TALK_000	0	0	0	0	0	0	0	0	0	0	0	0	0	0	0	0	0	0	0	0	0	0	0	0	0.0	0.0	0.0	1	OUT	1.10.0000	1.10.0000	1.10.0000
3100	20	0	0	Q_STORE1	1	1	0	0	1	0	0	0	0	0	0	0	0	0	0	0	0	0	0	0	0	0	0	_F_TALK_000	_F_TALK_000	0	0	0	0	0	0	0	0	0	0	0	0	0	0	0	0	0	0	0	0	0	0	0	0	0.0	0.0	0.0	0	1.00.0000	1.00.0000	1.00.0000	1.00.0000
3101	20	0	0	Q_STORE1	1	1	0	0	1	0	0	0	0	0	0	0	0	0	0	0	0	0	0	0	0	0	0	_F_TALK_000	_F_TALK_000	0	0	0	0	0	0	0	0	0	0	0	0	0	0	0	0	0	0	0	0	0	0	0	0	0.0	0.0	0.0	0	1.00.0000	1.00.0000	1.00.0000	1.00.0000
3102	20	0	0	Q_STORE2	1	1	0	0	4	0	0	0	0	0	0	0	0	0	0	0	0	0	0	0	0	0	0	_F_TALK_000	_F_TALK_000	0	0	0	0	0	0	0	0	0	0	0	0	0	0	0	0	0	0	0	0	0	0	0	0	0.0	0.0	0.0	0	1.01.0000	1.01.0000	1.01.0000	1.01.0000
3104	20	0	0	Q_WAREHOUSE	1	1	0	0	0	0	0	0	0	0	0	0	0	0	0	0	0	0	0	0	0	0	0	_F_TALK_000	_F_TALK_000	0	0	0	0	0	0	0	0	0	0	0	0	0	0	0	0	0	0	0	0	0	0	0	0	0.0	0.0	0.0	0	1.00.0000	1.00.0000	1.00.0000	1.00.0000
3105	20	0	0	Q_EQUIPMENT	1	1	0	0	0	0	0	0	0	0	0	0	0	0	0	0	0	0	0	0	0	0	0	_F_EMOTION_005	_F_EMOTION_005	0	0	0	0	0	0	0	0	0	0	0	0	0	0	0	0	0	0	0	0	0	0	0	0	0.0	0.0	0.0	0	1.00.0000	1.00.0000	1.00.0000	1.00.0000
3106	20	0	0	Q_TRADE	26	26	0	0	0	0	0	0	0	0	0	0	0	0	0	0	0	0	0	0	0	0	0	_F_EMOTION_005	_F_EMOTION_005	0	0	0	0	0	0	0	0	0	0	0	0	0	0	0	0	0	0	0	0	0	0	0	0	0.0	0.0	0.0	0	1.00.0000	1.00.0000	1.00.0000	1.00.0000
3107	20	0	0	Q_SKILL1	1	1	0	0	0	0	0	0	0	0	0	0	0	0	0	0	0	0	0	0	0	0	0	_F_EMOTION_000	_F_EMOTION_000	0	0	0	0	0	0	0	0	0	0	0	0	0	0	0	0	0	0	0	0	0	0	0	0	0.0	0.0	0.0	0	1.00.0000	1.00.0000	1.00.0000	1.00.0000
3109	20	0	0	Q_SHIP_DYING	20	20	0	111	0	0	0	0	0	0	0	0	0	0	0	0	0	0	0	0	0	0	0	_F_EMOTION_001	_F_EMOTION_001	0	0	0	0	0	0	0	0	0	0	0	0	0	0	0	0	0	0	0	0	0	0	0	0	0.0	0.0	0.0	0	1.00.0000	1.00.0000	1.00.0000	1.00.0000
3112	20	0	0	Q_PACKAGERECEIVE	1	1	0	0	0	0	0	0	0	0	0	0	0	0	0	0	0	0	0	0	0	0	0	_F_EMOTION_003	_F_EMOTION_003	0	0	0	0	0	0	0	0	0	0	0	0	0	0	0	0	0	0	0	0	0	0	0	0	0.0	0.0	0.0	0	1.00.0000	1.00.0000	1.00.0000	1.00.0000
3113	20	0	0	Q_DECOMPOSITION	1	1	0	0	0	0	0	0	0	0	0	0	0	0	0	0	0	0	0	0	0	0	0	_F_EMOTION_005	_F_EMOTION_005	0	0	0	0	0	0	0	0	0	0	0	0	0	0	0	0	0	0	0	0	0	0	0	0	0.0	0.0	0.0	0	1.00.0000	1.00.0000	1.00.0000	1.00.0000
3119	20	0	0	Q_STORE1	1	1	0	0	3	0	0	0	0	0	0	0	0	0	0	0	0	0	0	0	0	0	0	_F_TALK_000	_F_TALK_000	0	0	0	0	0	0	0	0	0	0	0	0	0	0	0	0	0	0	0	0	0	0	0	0	0.0	0.0	0.0	0	1.00.0000	1.00.0000	1.00.0000	1.00.0000
3123	20	0	0	Q_STORE1	1	1	0	0	2	0	0	0	0	0	0	0	0	0	0	0	0	0	0	0	0	0	0	_F_TALK_000	_F_TALK_000	0	0	0	0	0	0	0	0	0	0	0	0	0	0	0	0	0	0	0	0	0	0	0	0	0.0	0.0	0.0	0	1.00.0000	1.00.0000	1.00.0000	1.00.0000
3125	20	0	0	Q_COLLECTPIECE	8	8	0	0	0	0	0	0	0	0	0	0	0	0	0	0	0	0	0	0	0	0	0	_F_TALK_000	_F_TALK_000	0	0	0	0	0	0	0	0	0	0	0	0	0	0	0	0	0	0	0	0	0	0	0	0	0.0	0.0	0.0	0	1.00.0000	1.00.0000	1.00.0000	1.00.0000
3126	1	4	0	Q_SET23	1	1	0	0	185	2500070	15	2500071	1	0	0	0	0	0	0	0	0	0	0	0	0	0	0	_F_TALK_000	_F_TALK_000	0	0	0	0	0	0	0	0	0	0	0	0	0	0	0	0	0	0	0	0	0	0	0	0	1.0	1.5	1.0	0	1.00.0000	1.00.0000	1.00.0000	1.00.0000
3127	40	0	0	Q_SET12	1	1	0	225	228	2500092	1	2500085	1	0	0	0	0	0	0	0	0	0	0	0	0	0	0	_F_TALK_000	_F_TALK_000	0	0	0	0	0	0	0	0	0	0	0	0	0	0	0	0	0	0	0	0	0	0	0	0	0.0	0.0	0.0	0	1.00.0000	1.00.0000	1.00.0000	1.00.0000
3128	2	5	0	Q_SET23	1	1	0	0	296	2500111	20	2500112	1	0	0	0	0	0	0	0	0	0	0	0	0	0	0	_F_TALK_000	_F_TALK_000	0	0	0	0	0	0	0	0	0	0	0	0	0	0	0	0	0	0	0	0	0	0	0	0	1.0	1.0	1.0	0	1.00.0000	1.00.0000	1.00.0000	1.00.0000
3129	2	5	0	Q_SET23	1	1	0	0	303	2500115	15	2500097	1	0	0	0	0	0	0	0	0	0	0	0	0	0	0	_F_TALK_000	_F_TALK_000	0	0	0	0	0	0	0	0	0	0	0	0	0	0	0	0	0	0	0	0	0	0	0	0	1.0	1.0	1.0	0	1.00.0000	1.00.0000	1.00.0000	1.00.0000
3130	2	5	0	Q_SET23	1	1	0	0	310	2500118	15	2500119	1	0	0	0	0	0	0	0	0	0	0	0	0	0	0	_F_TALK_000	_F_TALK_000	0	0	0	0	0	0	0	0	0	0	0	0	0	0	0	0	0	0	0	0	0	0	0	0	1.0	1.0	1.0	0	1.00.0000	1.00.0000	1.00.0000	1.00.0000
3131	40	0	0	Q_SET12	1	1	0	311	312	2500120	1	2500123	1	0	0	0	0	0	0	0	0	0	0	0	0	0	0	_F_TALK_000	_F_TALK_000	0	0	0	0	0	0	0	0	0	0	0	0	0	0	0	0	0	0	0	0	0	0	0	0	0.0	0.0	0.0	0	1.00.0000	1.00.0000	1.00.0000	1.00.0000
3132	40	0	0	Q_SET12	1	1	0	311	312	2500123	1	2500121	1	0	0	0	0	0	0	0	0	0	0	0	0	0	0	_F_TALK_000	_F_TALK_000	0	0	0	0	0	0	0	0	0	0	0	0	0	0	0	0	0	0	0	0	0	0	0	0	0.0	0.0	0.0	0	1.00.0000	1.00.0000	1.00.0000	1.00.0000
3133	1	10	0	Q_SET23	1	1	0	590	591	2500259	30	2500260	1	0	0	0	0	0	0	0	0	0	0	0	0	0	0	_F_TALK_000	_F_TALK_000	0	0	0	0	0	0	0	0	0	0	0	0	0	0	0	0	0	0	0	0	0	0	0	0	1.0	1.5	1.0	0	1.01.0000	1.01.0000	1.01.0000	1.01.0000
3134	1	14	0	Q_SET23	1	1	0	610	613	2500269	35	2500272	1	0	0	0	0	0	0	0	0	0	0	0	0	0	0	_F_TALK_000	_F_TALK_000	0	0	0	0	0	0	0	0	0	0	0	0	0	0	0	0	0	0	0	0	0	0	0	0	1.0	1.5	1.0	0	1.01.0000	1.01.0000	1.01.0000	1.01.0000
3135	2	12	0	Q_SET27	1	1	0	677	678	2500304	20	2500305	20	2500306	1	0	0	0	0	0	0	0	0	0	0	0	0	_F_TALK_000	_F_TALK_000	0	0	0	0	0	0	0	0	0	0	0	0	0	0	0	0	0	0	0	0	0	0	0	0	1.0	1.0	1.0	0	1.01.0000	1.01.0000	1.01.0000	1.01.0000
3136	2	10	0	Q_SET23	1	1	0	758	759	2500323	30	2500322	1	0	0	0	0	0	0	0	0	0	0	0	0	0	0	_F_TALK_000	_F_TALK_000	0	0	0	0	0	0	0	0	0	0	0	0	0	0	0	0	0	0	0	0	0	0	0	0	1.0	1.0	1.0	0	1.01.0000	1.01.0000	1.01.0000	1.01.0000
3137	40	0	0	Q_SET12	1	1	0	764	765	2500327	40	2500328	10	0	0	0	0	0	0	0	0	0	0	0	0	0	0	_F_TALK_000	_F_TALK_000	0	0	0	0	0	0	0	0	0	0	0	0	0	0	0	0	0	0	0	0	0	0	0	0	0.0	0.0	0.0	0	1.01.0000	1.01.0000	1.01.0000	1.01.0000
3138	2	14	0	Q_SET23	1	1	0	780	781	2500338	40	2500339	1	0	0	0	0	0	0	0	0	0	0	0	0	0	0	_F_TALK_000	_F_TALK_000	0	0	0	0	0	0	0	0	0	0	0	0	0	0	0	0	0	0	0	0	0	0	0	0	1.0	1.0	1.0	0	1.01.0000	1.01.0000	1.01.0000	1.01.0000
3139	2	14	0	Q_SET23	1	1	0	792	793	2500344	40	2500345	1	0	0	0	0	0	0	0	0	0	0	0	0	0	0	_F_TALK_000	_F_TALK_000	0	0	0	0	0	0	0	0	0	0	0	0	0	0	0	0	0	0	0	0	0	0	0	0	1.0	1.0	1.0	0	1.01.0000	1.01.0000	1.01.0000	1.01.0000
3140	40	0	0	Q_SET17	1	1	0	646	810	2500361	1	2500362	1	2500363	1	0	0	0	0	0	0	0	0	0	0	0	0	_F_TALK_000	_F_TALK_000	0	0	0	0	0	0	0	0	0	0	0	0	0	0	0	0	0	0	0	0	0	0	0	0	0.0	0.0	0.0	0	1.01.0000	1.01.0000	1.01.0000	1.01.0000
3141	40	0	0	Q_SET12	1	1	0	32	49	2500009	1	2500010	1	0	0	0	0	0	0	0	0	0	0	0	0	0	0	_F_TALK_000	_F_TALK_000	0	0	0	0	0	0	0	0	0	0	0	0	0	0	0	0	0	0	0	0	0	0	0	0	0.0	0.0	0.0	0	1.00.0000	1.00.0000	1.00.0000	1.00.0000
3142	40	0	0	Q_SET12	1	1	0	32	49	2500017	1	2500010	1	0	0	0	0	0	0	0	0	0	0	0	0	0	0	_F_TALK_000	_F_TALK_000	0	0	0	0	0	0	0	0	0	0	0	0	0	0	0	0	0	0	0	0	0	0	0	0	0.0	0.0	0.0	0	1.00.0000	1.00.0000	1.00.0000	1.00.0000
3143	40	0	0	Q_SET12	1	1	0	32	49	2500068	1	2500010	1	0	0	0	0	0	0	0	0	0	0	0	0	0	0	_F_TALK_000	_F_TALK_000	0	0	0	0	0	0	0	0	0	0	0	0	0	0	0	0	0	0	0	0	0	0	0	0	0.0	0.0	0.0	0	1.00.0000	1.00.0000	1.00.0000	1.00.0000
3144	40	0	0	Q_SET11	1	1	0	260	308	2500109	1	0	0	0	0	0	0	0	0	0	0	0	0	0	0	0	0	_F_TALK_000	_F_TALK_000	0	0	0	0	0	0	0	0	0	0	0	0	0	0	0	0	0	0	0	0	0	0	0	0	0.0	0.0	0.0	0	1.00.0000	1.00.0000	1.00.0000	1.00.0000
3145	40	0	0	Q_SET11	1	1	0	260	308	2500098	1	0	0	0	0	0	0	0	0	0	0	0	0	0	0	0	0	_F_TALK_000	_F_TALK_000	0	0	0	0	0	0	0	0	0	0	0	0	0	0	0	0	0	0	0	0	0	0	0	0	0.0	0.0	0.0	0	1.00.0000	1.00.0000	1.00.0000	1.00.0000
3146	40	0	0	Q_SET11	1	1	0	260	308	2500099	1	0	0	0	0	0	0	0	0	0	0	0	0	0	0	0	0	_F_TALK_000	_F_TALK_000	0	0	0	0	0	0	0	0	0	0	0	0	0	0	0	0	0	0	0	0	0	0	0	0	0.0	0.0	0.0	0	1.00.0000	1.00.0000	1.00.0000	1.00.0000
3147	40	0	0	Q_SET11	1	1	0	308	294	2500117	1	0	0	0	0	0	0	0	0	0	0	0	0	0	0	0	0	_F_TALK_000	_F_TALK_000	0	0	0	0	0	0	0	0	0	0	0	0	0	0	0	0	0	0	0	0	0	0	0	0	0.0	0.0	0.0	0	1.00.0000	1.00.0000	1.00.0000	1.00.0000
3148	40	0	0	Q_SET11	1	1	0	308	294	2500124	1	0	0	0	0	0	0	0	0	0	0	0	0	0	0	0	0	_F_TALK_000	_F_TALK_000	0	0	0	0	0	0	0	0	0	0	0	0	0	0	0	0	0	0	0	0	0	0	0	0	0.0	0.0	0.0	0	1.00.0000	1.00.0000	1.00.0000	1.00.0000
3149	40	0	0	Q_SET11	1	1	0	308	294	2500125	1	0	0	0	0	0	0	0	0	0	0	0	0	0	0	0	0	_F_TALK_000	_F_TALK_000	0	0	0	0	0	0	0	0	0	0	0	0	0	0	0	0	0	0	0	0	0	0	0	0	0.0	0.0	0.0	0	1.00.0000	1.00.0000	1.00.0000	1.00.0000
3150	40	0	0	Q_SET12	1	1	0	0	263	2500102	1	2500096	1	0	0	0	0	0	0	0	0	0	0	0	0	0	0	_F_TALK_000	_F_TALK_000	0	0	0	0	0	0	0	0	0	0	0	0	0	0	0	0	0	0	0	0	0	0	0	0	0.0	0.0	0.0	0	1.00.0000	1.00.0000	1.00.0000	1.00.0000
3151	20	1	0	Q_STORE4	1	1	0	0	1	0	0	0	0	0	0	0	0	0	0	0	0	0	0	0	0	0	0	_F_TALK_000	_F_TALK_000	0	0	0	0	0	0	0	0	0	0	0	0	0	0	0	0	0	0	0	0	0	0	0	0	0.0	0.0	0.0	0	1.00.0000	1.00.0000	1.00.0000	1.00.0000
3152	20	1	0	Q_STORE4	1	1	0	0	2	0	0	0	0	0	0	0	0	0	0	0	0	0	0	0	0	0	0	_F_EMOTION_005	_F_TALK_000	0	0	0	0	0	0	0	0	0	0	0	0	0	0	0	0	0	0	0	0	0	0	0	0	0.0	0.0	0.0	0	1.00.0000	1.07.0000	1.07.0000	1.07.0000
3153	20	1	0	Q_STORE4	1	1	0	0	3	0	0	0	0	0	0	0	0	0	0	0	0	0	0	0	0	0	0	_F_EMOTION_005	_F_TALK_000	0	0	0	0	0	0	0	0	0	0	0	0	0	0	0	0	0	0	0	0	0	0	0	0	0.0	0.0	0.0	0	OUT	1.08.0000	1.08.0000	1.08.0000
3154	20	1	0	Q_STORE4	1	1	0	0	4	0	0	0	0	0	0	0	0	0	0	0	0	0	0	0	0	0	0	_F_EMOTION_005	_F_TALK_000	0	0	0	0	0	0	0	0	0	0	0	0	0	0	0	0	0	0	0	0	0	0	0	0	0.0	0.0	0.0	0	1.00.0000	1.00.0000	1.00.0000	1.00.0000
3159	40	0	0	Q_SET11	1	1	0	732	950	2500573	1	0	0	0	0	0	0	0	0	0	0	0	0	0	0	0	0	_F_HAPPY_000	_F_HAPPY_000	0	0	0	0	0	0	0	0	0	0	0	0	0	0	0	0	0	0	0	0	0	0	0	0	0.0	0.0	0.0	0	1.00.0000	1.00.0000	1.00.0000	1.00.0000
3160	40	0	0	Q_SET11	1	1	0	732	952	2500574	1	0	0	0	0	0	0	0	0	0	0	0	0	0	0	0	0	_F_HAPPY_000	_F_HAPPY_000	0	0	0	0	0	0	0	0	0	0	0	0	0	0	0	0	0	0	0	0	0	0	0	0	0.0	0.0	0.0	0	1.00.0000	1.00.0000	1.00.0000	1.00.0000
3161	40	0	0	Q_SET11	1	1	0	732	954	2500575	1	0	0	0	0	0	0	0	0	0	0	0	0	0	0	0	0	_F_HAPPY_000	_F_HAPPY_000	0	0	0	0	0	0	0	0	0	0	0	0	0	0	0	0	0	0	0	0	0	0	0	0	0.0	0.0	0.0	0	1.00.0000	1.00.0000	1.00.0000	1.00.0000
3162	40	0	0	Q_SET11	1	1	0	732	956	2500578	1	0	0	0	0	0	0	0	0	0	0	0	0	0	0	0	0	_F_HAPPY_000	_F_HAPPY_000	0	0	0	0	0	0	0	0	0	0	0	0	0	0	0	0	0	0	0	0	0	0	0	0	0.0	0.0	0.0	0	1.01.0000	1.01.0000	1.01.0000	1.01.0000
3163	40	0	0	Q_SET11	1	1	0	732	958	2500579	1	0	0	0	0	0	0	0	0	0	0	0	0	0	0	0	0	_F_HAPPY_000	_F_HAPPY_000	0	0	0	0	0	0	0	0	0	0	0	0	0	0	0	0	0	0	0	0	0	0	0	0	0.0	0.0	0.0	0	1.01.0000	1.01.0000	1.01.0000	1.01.0000
3164	40	0	0	Q_SET11	1	1	0	732	960	2500580	1	0	0	0	0	0	0	0	0	0	0	0	0	0	0	0	0	_F_HAPPY_000	_F_HAPPY_000	0	0	0	0	0	0	0	0	0	0	0	0	0	0	0	0	0	0	0	0	0	0	0	0	0.0	0.0	0.0	0	1.01.0000	1.01.0000	1.01.0000	1.01.0000
3165	40	0	0	Q_SET11	1	1	0	732	962	2500581	1	0	0	0	0	0	0	0	0	0	0	0	0	0	0	0	0	_F_HAPPY_000	_F_HAPPY_000	0	0	0	0	0	0	0	0	0	0	0	0	0	0	0	0	0	0	0	0	0	0	0	0	0.0	0.0	0.0	0	1.01.0000	1.01.0000	1.01.0000	1.01.0000
3166	40	0	0	Q_SET11	1	1	0	732	964	2500582	1	0	0	0	0	0	0	0	0	0	0	0	0	0	0	0	0	_F_HAPPY_000	_F_HAPPY_000	0	0	0	0	0	0	0	0	0	0	0	0	0	0	0	0	0	0	0	0	0	0	0	0	0.0	0.0	0.0	0	1.01.0000	1.01.0000	1.01.0000	1.01.0000
3167	20	0	0	Q_SET22	10	10	0	51	927	0	0	0	0	0	0	0	0	0	0	0	0	0	0	0	0	0	0	MYRINA_000.wmv	MYRINA_000.wmv	0	0	0	0	0	0	0	0	0	0	0	0	0	0	0	0	0	0	0	0	0	0	0	0	1.0	1.5	1.0	0	1.00.0000	1.00.0000	1.00.0000	1.00.0000
3168	1	6	0	Q_SET24	1	1	0	0	352	2500137	20	2500138	1	2500139	1	0	0	0	0	0	0	0	0	0	0	0	0	_F_TALK_000	_F_TALK_000	0	0	0	0	0	0	0	0	0	0	0	0	0	0	0	0	0	0	0	0	0	0	0	0	1.0	1.5	1.0	0	1.00.0000	1.00.0000	1.00.0000	1.00.0000
3169	1	6	0	Q_SET24	1	1	0	0	359	2500140	15	2500141	15	2500142	1	0	0	0	0	0	0	0	0	0	0	0	0	_F_TALK_000	_F_TALK_000	0	0	0	0	0	0	0	0	0	0	0	0	0	0	0	0	0	0	0	0	0	0	0	0	1.0	1.5	1.0	0	1.00.0000	1.00.0000	1.00.0000	1.00.0000
3173	1	7	0	Q_SET25	1	1	0	0	401	2500165	25	2500166	1	0	0	0	0	0	0	0	0	0	0	0	0	0	0	_F_TALK_000	_F_TALK_000	0	0	0	0	0	0	0	0	0	0	0	0	0	0	0	0	0	0	0	0	0	0	0	0	1.0	1.5	1.0	0	1.01.0000	1.01.0000	1.01.0000	1.01.0000
3174	2	7	0	Q_SET25	1	1	0	0	423	2500172	30	2500173	1	0	0	0	0	0	0	0	0	0	0	0	0	0	0	_F_TALK_000	_F_TALK_000	0	0	0	0	0	0	0	0	0	0	0	0	0	0	0	0	0	0	0	0	0	0	0	0	1.0	1.0	1.0	0	1.01.0000	1.01.0000	1.01.0000	1.01.0000
3175	2	7	0	Q_SET25	1	1	0	0	434	2500180	30	2500181	1	0	0	0	0	0	0	0	0	0	0	0	0	0	0	_F_TALK_000	_F_TALK_000	0	0	0	0	0	0	0	0	0	0	0	0	0	0	0	0	0	0	0	0	0	0	0	0	1.0	1.0	1.0	0	1.01.0000	1.01.0000	1.01.0000	1.01.0000
3176	2	8	0	Q_SET24	1	1	0	0	489	2500196	20	2500197	20	2500210	1	0	0	0	0	0	0	0	0	0	0	0	0	_F_TALK_000	_F_TALK_000	0	0	0	0	0	0	0	0	0	0	0	0	0	0	0	0	0	0	0	0	0	0	0	0	1.0	1.0	1.0	0	1.01.0000	1.01.0000	1.01.0000	1.01.0000
3177	1	11	0	Q_SET25	1	1	0	0	600	2500265	1	2500266	1	0	0	0	0	0	0	0	0	0	0	0	0	0	0	_F_TALK_000	_F_TALK_000	0	0	0	0	0	0	0	0	0	0	0	0	0	0	0	0	0	0	0	0	0	0	0	0	1.0	1.5	1.0	0	1.01.0000	1.01.0000	1.01.0000	1.01.0000
3178	1	15	0	Q_SET25	1	1	0	0	666	2500293	2	2500294	1	0	0	0	0	0	0	0	0	0	0	0	0	0	0	_F_TALK_000	_F_TALK_000	0	0	0	0	0	0	0	0	0	0	0	0	0	0	0	0	0	0	0	0	0	0	0	0	1.0	1.5	1.0	0	1.01.0000	1.01.0000	1.01.0000	1.01.0000
3179	40	0	0	Q_SET11	1	1	0	591	593	2500261	1	0	0	0	0	0	0	0	0	0	0	0	0	0	0	0	0	_F_HAPPY_000	_F_HAPPY_000	0	0	0	0	0	0	0	0	0	0	0	0	0	0	0	0	0	0	0	0	0	0	0	0	0.0	0.0	0.0	0	1.01.0000	1.01.0000	1.01.0000	1.01.0000
3183	20	1	0	Q_STORE1	1	1	0	0	5	0	0	0	0	0	0	0	0	0	0	0	0	0	0	0	0	0	0	_F_TALK_000	_F_TALK_000	0	0	0	0	0	0	0	0	0	0	0	0	0	0	0	0	0	0	0	0	0	0	0	0	0.0	0.0	0.0	0	1.04.0000	1.04.0000	1.04.0000	1.04.0000
3185	20	1	0	Q_STORE1	1	1	0	0	6	0	0	0	0	0	0	0	0	0	0	0	0	0	0	0	0	0	0	_F_TALK_000	_F_TALK_000	0	0	0	0	0	0	0	0	0	0	0	0	0	0	0	0	0	0	0	0	0	0	0	0	0.0	0.0	0.0	0	1.05.0000	1.05.0000	1.05.0000	1.05.0000
3186	20	1	0	Q_STORE1	1	1	0	0	7	0	0	0	0	0	0	0	0	0	0	0	0	0	0	0	0	0	0	_F_TALK_000	_F_TALK_000	0	0	0	0	0	0	0	0	0	0	0	0	0	0	0	0	0	0	0	0	0	0	0	0	0.0	0.0	0.0	0	1.10.0000	1.07.0000	1.07.0000	1.07.0000
3188	20	1	0	Q_STORE4	1	1	0	0	6	0	0	0	0	0	0	0	0	0	0	0	0	0	0	0	0	0	0	_F_TALK_000	_F_TALK_000	0	0	0	0	0	0	0	0	0	0	0	0	0	0	0	0	0	0	0	0	0	0	0	0	0.0	0.0	0.0	0	1.11.0000	1.08.0000	1.08.0000	1.08.0000
3189	20	1	0	Q_BOAT_HEALTH	1	1	0	0	100	20000	0	0	0	0	0	0	0	0	0	0	0	0	0	0	0	0	0	_F_TALK_000	_F_TALK_000	0	0	0	0	0	0	0	0	0	0	0	0	0	0	0	0	0	0	0	0	0	0	0	0	0.0	0.0	0.0	0	OUT	1.07.0000	1.07.0000	1.07.0000
3190	20	1	0	Q_STORE4	1	1	0	0	7	0	0	0	0	0	0	0	0	0	0	0	0	0	0	0	0	0	0	_F_TALK_000	_F_TALK_000	0	0	0	0	0	0	0	0	0	0	0	0	0	0	0	0	0	0	0	0	0	0	0	0	0.0	0.0	0.0	0	OUT	1.07.0000	1.07.0000	1.07.0000
3191	40	0	0	Q_SKILL1	1	1	0	1065	0	0	0	0	0	0	0	0	0	0	0	0	0	0	0	0	0	0	0	_F_EMOTION_000	_F_EMOTION_000	0	0	0	0	0	0	0	0	0	0	0	0	0	0	0	0	0	0	0	0	0	0	0	0	0.0	0.0	0.0	0	OUT	1.07.0000	1.07.0000	1.07.0000
3192	40	130	0	Q_SET23	1	1	0	0	1065	0	0	2500633	1	8789	0	0	0	0	0	0	0	0	0	0	0	0	0	_F_ATTACK_001	_F_ATTACK_001	0	0	0	0	0	0	0	0	0	0	0	0	0	0	0	0	0	0	0	0	0	0	0	0	0.0	0.0	0.0	0	OUT	1.07.0000	1.07.0000	1.07.0000
3195	5	1	1	Q_CLASS2	35	35	0	3200	1	0	0	3201	3202	3203	3204	3193	3194	3196	3197	3198	3199	0	0	0	0	0	0	_F_FLEX_000	_F_HAPPY_000	0	0	0	0	0	0	0	0	0	0	0	0	0	0	0	0	0	0	0	0	0	0	0	0	0.0	0.5	0.5	0	1.08.0000	1.08.0000	1.08.0000	1.08.0000
3196	5	1	1	Q_CLASS2	35	35	0	3201	2	0	0	3200	3202	3203	3204	3193	3194	3195	3197	3198	3199	0	0	0	0	0	0	_F_FLEX_000	_F_HAPPY_000	0	0	0	0	0	0	0	0	0	0	0	0	0	0	0	0	0	0	0	0	0	0	0	0	0.0	0.5	0.5	0	1.08.0000	1.08.0000	1.08.0000	1.08.0000
3197	5	1	1	Q_CLASS2	35	35	0	3202	4	0	0	3200	3201	3203	3204	3193	3194	3195	3196	3198	3199	0	0	0	0	0	0	_F_FLEX_000	_F_HAPPY_000	0	0	0	0	0	0	0	0	0	0	0	0	0	0	0	0	0	0	0	0	0	0	0	0	0.0	0.5	0.5	0	1.08.0000	1.08.0000	1.08.0000	1.08.0000
3198	5	1	1	Q_CLASS2	35	35	0	3203	16	0	0	3200	3201	3202	3204	3193	3194	3195	3196	3197	3199	0	0	0	0	0	0	_F_FLEX_000	_F_HAPPY_000	0	0	0	0	0	0	0	0	0	0	0	0	0	0	0	0	0	0	0	0	0	0	0	0	0.0	0.5	0.5	0	1.08.0000	1.08.0000	1.08.0000	1.08.0000
3199	5	1	1	Q_CLASS2	35	35	0	3204	32	0	0	3200	3201	3202	3203	3193	3194	3195	3196	3197	3198	0	0	0	0	0	0	_F_FLEX_000	_F_HAPPY_000	0	0	0	0	0	0	0	0	0	0	0	0	0	0	0	0	0	0	0	0	0	0	0	0	0.0	0.5	0.5	0	1.08.0000	1.08.0000	1.08.0000	1.08.0000
3200	1	1	1	Q_CLASS	35	35	0	0	1	15000	4294952296	3201	3202	3203	3204	3193	0	0	0	0	0	0	0	0	0	0	0	_F_FLEX_000	_F_HAPPY_000	2480010	1	2480011	1	2480012	1	0	0	0	0	0	0	0	0	0	0	0	0	0	0	0	0	0	0	1.0	1.5	1.0	0	1.00.0000	1.00.0000	1.00.0000	1.00.0000
3201	1	1	1	Q_CLASS	35	35	0	0	2	15000	4294952296	3200	3202	3203	3204	3193	0	0	0	0	0	0	0	0	0	0	0	_F_FLEX_000	_F_HAPPY_000	2480014	1	2480015	1	2480016	1	0	0	0	0	0	0	0	0	0	0	0	0	0	0	0	0	0	0	1.0	1.5	1.0	0	1.00.0000	1.00.0000	1.00.0000	1.00.0000
3202	1	1	1	Q_CLASS	35	35	0	0	4	15000	4294952296	3200	3201	3203	3204	3193	0	0	0	0	0	0	0	0	0	0	0	_F_FLEX_000	_F_HAPPY_000	2480002	1	2480003	1	2480004	1	0	0	0	0	0	0	0	0	0	0	0	0	0	0	0	0	0	0	1.0	1.5	1.0	0	1.00.0000	1.00.0000	1.00.0000	1.00.0000
3203	1	1	1	Q_CLASS	35	35	0	0	16	15000	4294952296	3200	3201	3202	3204	3193	0	0	0	0	0	0	0	0	0	0	0	_F_FLEX_000	_F_HAPPY_000	2480018	1	2480019	1	2480020	1	0	0	0	0	0	0	0	0	0	0	0	0	0	0	0	0	0	0	1.0	1.5	1.0	0	1.00.0000	1.00.0000	1.00.0000	1.00.0000
3204	1	1	1	Q_CLASS	35	35	0	0	32	15000	4294952296	3200	3201	3202	3203	3193	0	0	0	0	0	0	0	0	0	0	0	_F_FLEX_000	_F_HAPPY_000	2480006	1	2480007	1	2480008	1	0	0	0	0	0	0	0	0	0	0	0	0	0	0	0	0	0	0	1.0	1.5	1.0	0	1.00.0000	1.00.0000	1.00.0000	1.00.0000
3205	20	0	0	Q_BORNAGAIN	1	1	0	0	1	0	0	0	0	0	0	0	0	0	0	0	0	0	0	0	0	0	0	_F_TALK_000	_F_TALK_000	0	0	0	0	0	0	0	0	0	0	0	0	0	0	0	0	0	0	0	0	0	0	0	0	0.0	0.0	0.0	0	1.00.0000	1.00.0000	1.00.0000	1.00.0000
3206	20	0	0	Q_BORNAGAIN	1	1	0	0	2	0	0	0	0	0	0	0	0	0	0	0	0	0	0	0	0	0	0	_F_TALK_000	_F_TALK_000	0	0	0	0	0	0	0	0	0	0	0	0	0	0	0	0	0	0	0	0	0	0	0	0	0.0	0.0	0.0	0	1.00.0000	1.00.0000	1.00.0000	1.00.0000
3207	20	0	0	Q_BORNAGAIN	1	1	0	0	3	0	0	0	0	0	0	0	0	0	0	0	0	0	0	0	0	0	0	_F_TALK_000	_F_TALK_000	0	0	0	0	0	0	0	0	0	0	0	0	0	0	0	0	0	0	0	0	0	0	0	0	0.0	0.0	0.0	0	1.00.0000	1.00.0000	1.00.0000	1.00.0000
3208	20	0	0	Q_BORNAGAIN	1	1	0	0	4	0	0	0	0	0	0	0	0	0	0	0	0	0	0	0	0	0	0	_F_TALK_000	_F_TALK_000	0	0	0	0	0	0	0	0	0	0	0	0	0	0	0	0	0	0	0	0	0	0	0	0	0.0	0.0	0.0	0	1.00.0000	1.00.0000	1.00.0000	1.00.0000
3209	20	0	0	Q_BORNAGAIN	1	1	0	0	5	0	0	0	0	0	0	0	0	0	0	0	0	0	0	0	0	0	0	_F_TALK_000	_F_TALK_000	0	0	0	0	0	0	0	0	0	0	0	0	0	0	0	0	0	0	0	0	0	0	0	0	0.0	0.0	0.0	0	1.00.0000	1.00.0000	1.00.0000	1.00.0000
3210	20	0	0	Q_BORNAGAIN	1	1	0	0	6	0	0	0	0	0	0	0	0	0	0	0	0	0	0	0	0	0	0	_F_TALK_000	_F_TALK_000	0	0	0	0	0	0	0	0	0	0	0	0	0	0	0	0	0	0	0	0	0	0	0	0	0.0	0.0	0.0	0	1.00.0000	1.00.0000	1.00.0000	1.00.0000
3211	20	0	0	Q_BORNAGAIN	1	1	0	0	7	0	0	0	0	0	0	0	0	0	0	0	0	0	0	0	0	0	0	_F_TALK_000	_F_TALK_000	0	0	0	0	0	0	0	0	0	0	0	0	0	0	0	0	0	0	0	0	0	0	0	0	0.0	0.0	0.0	0	1.01.0000	1.01.0000	1.01.0000	1.01.0000
3212	20	0	0	Q_BORNAGAIN	1	1	0	0	8	0	0	0	0	0	0	0	0	0	0	0	0	0	0	0	0	0	0	_F_TALK_000	_F_TALK_000	0	0	0	0	0	0	0	0	0	0	0	0	0	0	0	0	0	0	0	0	0	0	0	0	0.0	0.0	0.0	0	1.01.0000	1.01.0000	1.01.0000	1.01.0000
3213	20	0	0	Q_BORNAGAIN	1	1	0	0	9	0	0	0	0	0	0	0	0	0	0	0	0	0	0	0	0	0	0	_F_TALK_000	_F_TALK_000	0	0	0	0	0	0	0	0	0	0	0	0	0	0	0	0	0	0	0	0	0	0	0	0	0.0	0.0	0.0	0	1.01.0000	1.01.0000	1.01.0000	1.01.0000
3214	20	0	0	Q_BORNAGAIN	1	1	0	0	303	0	0	0	0	0	0	0	0	0	0	0	0	0	0	0	0	0	0	_F_TALK_000	_F_TALK_000	0	0	0	0	0	0	0	0	0	0	0	0	0	0	0	0	0	0	0	0	0	0	0	0	0.0	0.0	0.0	0	1.01.0000	1.01.0000	1.01.0000	1.01.0000
3215	20	0	0	Q_BORNAGAIN	1	1	0	0	14	0	0	0	0	0	0	0	0	0	0	0	0	0	0	0	0	0	0	_F_TALK_000	_F_TALK_000	0	0	0	0	0	0	0	0	0	0	0	0	0	0	0	0	0	0	0	0	0	0	0	0	0.0	0.0	0.0	0	1.01.0000	1.01.0000	1.01.0000	1.01.0000
3216	20	0	0	Q_BORNAGAIN	1	1	0	0	15	0	0	0	0	0	0	0	0	0	0	0	0	0	0	0	0	0	0	_F_TALK_000	_F_TALK_000	0	0	0	0	0	0	0	0	0	0	0	0	0	0	0	0	0	0	0	0	0	0	0	0	0.0	0.0	0.0	0	1.01.0000	1.01.0000	1.01.0000	1.01.0000
3217	20	0	0	Q_BORNAGAIN	1	1	0	0	12	0	0	0	0	0	0	0	0	0	0	0	0	0	0	0	0	0	0	_F_TALK_000	_F_TALK_000	0	0	0	0	0	0	0	0	0	0	0	0	0	0	0	0	0	0	0	0	0	0	0	0	0.0	0.0	0.0	0	1.01.0000	1.01.0000	1.01.0000	1.01.0000
3218	20	0	0	Q_BORNAGAIN	1	1	0	0	16	0	0	0	0	0	0	0	0	0	0	0	0	0	0	0	0	0	0	_F_TALK_000	_F_TALK_000	0	0	0	0	0	0	0	0	0	0	0	0	0	0	0	0	0	0	0	0	0	0	0	0	0.0	0.0	0.0	0	1.01.0000	1.01.0000	1.01.0000	1.01.0000
3219	20	0	0	Q_INSTANCEGROUP	1	1	0	0	2040	0	0	0	0	0	0	0	0	0	0	0	0	0	0	0	0	0	0	_F_EMPOWER_000	_F_EMPOWER_000	0	0	0	0	0	0	0	0	0	0	0	0	0	0	0	0	0	0	0	0	0	0	0	0	0.0	0.0	0.0	0	1.00.0000	1.00.0000	1.00.0000	1.00.0000
3220	40	0	0	Q_GETITEM	1	1	0	0	2507001	1	0	2507000	0	0	0	0	0	0	0	0	0	0	0	0	0	0	0	_F_EMOTION_004	_F_EMOTION_004	0	0	0	0	0	0	0	0	0	0	0	0	0	0	0	0	0	0	0	0	0	0	0	0	0.0	0.0	0.0	0	1.01.0000	1.01.0000	1.01.0000	1.01.0000
3221	40	0	0	Q_GETITEM	1	1	0	0	2507002	1	0	0	0	0	0	0	0	0	0	0	0	0	0	0	0	0	0	_F_TALK_000	_F_TALK_000	0	0	0	0	0	0	0	0	0	0	0	0	0	0	0	0	0	0	0	0	0	0	0	0	0.0	0.0	0.0	0	1.00.0000	1.00.0000	1.00.0000	1.00.0000
3222	20	0	0	Q_BORNAGAIN	1	1	0	0	10	0	0	0	0	0	0	0	0	0	0	0	0	0	0	0	0	0	0	_F_TALK_000	_F_TALK_000	0	0	0	0	0	0	0	0	0	0	0	0	0	0	0	0	0	0	0	0	0	0	0	0	0.0	0.0	0.0	0	1.01.0000	1.01.0000	1.01.0000	1.01.0000
3228	20	1	0	Q_STORE1	1	1	0	0	8	0	0	0	0	0	0	0	0	0	0	0	0	0	0	0	0	0	0	_F_TALK_000	_F_TALK_000	0	0	0	0	0	0	0	0	0	0	0	0	0	0	0	0	0	0	0	0	0	0	0	0	0.0	0.0	0.0	0	OUT	1.08.0000	1.08.0000	1.08.0000
3229	20	1	0	Q_BREW	1	1	0	917	0	0	0	0	0	0	0	0	0	0	0	0	0	0	0	0	0	0	0	_F_TALK_000	_F_TALK_000	0	0	0	0	0	0	0	0	0	0	0	0	0	0	0	0	0	0	0	0	0	0	0	0	0.0	0.0	0.0	0	OUT	1.08.0000	1.08.0000	1.08.0000
3230	20	1	0	Q_ENHANCEMENT	1	1	0	0	0	0	0	0	0	0	0	0	0	0	0	0	0	0	0	0	0	0	0	_F_TALK_000	_F_TALK_000	0	0	0	0	0	0	0	0	0	0	0	0	0	0	0	0	0	0	0	0	0	0	0	0	0.0	0.0	0.0	0	OUT	1.08.0000	1.08.0000	1.08.0000
3231	20	1	0	Q_ENHANCE_T	1	1	0	0	0	0	0	0	0	0	0	0	0	0	0	0	0	0	0	0	0	0	0	_F_TALK_000	_F_TALK_000	0	0	0	0	0	0	0	0	0	0	0	0	0	0	0	0	0	0	0	0	0	0	0	0	0.0	0.0	0.0	0	OUT	1.08.0000	1.08.0000	1.08.0000
3232	20	1	0	Q_ENHANCE_EM	1	1	0	0	0	0	0	0	0	0	0	0	0	0	0	0	0	0	0	0	0	0	0	_F_TALK_000	_F_TALK_000	0	0	0	0	0	0	0	0	0	0	0	0	0	0	0	0	0	0	0	0	0	0	0	0	0.0	0.0	0.0	0	OUT	1.08.0000	1.08.0000	1.08.0000
3233	20	1	0	Q_EQUIP_REMAKE	1	1	0	0	0	0	0	0	0	0	0	0	0	0	0	0	0	0	0	0	0	0	0	_F_TALK_000	_F_TALK_000	0	0	0	0	0	0	0	0	0	0	0	0	0	0	0	0	0	0	0	0	0	0	0	0	0.0	0.0	0.0	0	OUT	1.08.0000	1.08.0000	1.08.0000
3234	20	1	0	Q_EQUIP_DYEING	1	1	0	0	0	0	0	0	0	0	0	0	0	0	0	0	0	0	0	0	0	0	0	_F_TALK_000	_F_TALK_000	0	0	0	0	0	0	0	0	0	0	0	0	0	0	0	0	0	0	0	0	0	0	0	0	0.0	0.0	0.0	0	OUT	1.08.0000	1.08.0000	1.08.0000
3235	20	1	0	Q_PET_MIX	1	1	0	0	0	0	0	0	0	0	0	0	0	0	0	0	0	0	0	0	0	0	0	_F_TALK_000	_F_TALK_000	0	0	0	0	0	0	0	0	0	0	0	0	0	0	0	0	0	0	0	0	0	0	0	0	0.0	0.0	0.0	0	OUT	1.08.0000	1.08.0000	1.08.0000
3236	20	1	0	Q_STORE1	1	1	0	0	101	0	0	0	0	0	0	0	0	0	0	0	0	0	0	0	0	0	0	_F_TALK_000	_F_TALK_000	0	0	0	0	0	0	0	0	0	0	0	0	0	0	0	0	0	0	0	0	0	0	0	0	0.0	0.0	0.0	0	OUT	1.08.0000	1.08.0000	1.08.0000
3237	20	1	0	Q_STORE1	1	1	0	0	7	0	0	0	0	0	0	0	0	0	0	0	0	0	0	0	0	0	0	_F_TALK_000	_F_TALK_000	0	0	0	0	0	0	0	0	0	0	0	0	0	0	0	0	0	0	0	0	0	0	0	0	0.0	0.0	0.0	0	OUT	1.08.0000	1.08.0000	1.08.0000
3238	20	1	0	Q_STORE1	1	1	0	0	1	0	0	0	0	0	0	0	0	0	0	0	0	0	0	0	0	0	0	_F_TALK_000	_F_TALK_000	0	0	0	0	0	0	0	0	0	0	0	0	0	0	0	0	0	0	0	0	0	0	0	0	0.0	0.0	0.0	0	OUT	1.08.0000	1.08.0000	1.08.0000
3239	20	1	0	Q_STORE1	1	1	0	0	1	0	0	0	0	0	0	0	0	0	0	0	0	0	0	0	0	0	0	_F_TALK_000	_F_TALK_000	0	0	0	0	0	0	0	0	0	0	0	0	0	0	0	0	0	0	0	0	0	0	0	0	0.0	0.0	0.0	0	OUT	1.08.0000	1.08.0000	1.08.0000
3240	20	1	0	Q_STORE1	60	1	0	0	9901	0	0	0	0	0	0	0	0	0	0	0	0	0	0	0	0	0	0	_F_TALK_000	_F_TALK_000	0	0	0	0	0	0	0	0	0	0	0	0	0	0	0	0	0	0	0	0	0	0	0	0	0.0	0.0	0.0	1	OUT	0.00.0000	0.00.0000	0.00.0000
3241	20	0	0	Q_SKILL1	1	1	0	0	0	0	0	0	0	0	0	0	0	0	0	0	0	0	0	0	0	0	0	_F_EMOTION_000	_F_EMOTION_000	0	0	0	0	0	0	0	0	0	0	0	0	0	0	0	0	0	0	0	0	0	0	0	0	0.0	0.0	0.0	0	OUT	1.08.0000	1.08.0000	1.08.0000
3242	20	0	0	Q_SKILL1	1	1	0	0	0	0	0	0	0	0	0	0	0	0	0	0	0	0	0	0	0	0	0	_F_EMOTION_000	_F_EMOTION_000	0	0	0	0	0	0	0	0	0	0	0	0	0	0	0	0	0	0	0	0	0	0	0	0	0.0	0.0	0.0	0	OUT	1.08.0000	1.08.0000	1.08.0000
3243	20	1	0	Q_STORE1	1	1	0	0	201	0	0	0	0	0	0	0	0	0	0	0	0	0	0	0	0	0	0	_F_EMOTION_001	_F_EMOTION_001	0	0	0	0	0	0	0	0	0	0	0	0	0	0	0	0	0	0	0	0	0	0	0	0	0.0	0.0	0.0	0	OUT	1.09.0000	1.09.0000	1.09.0000
3244	40	0	0	Q_BOAT_HEALTH	1	1	0	0	100	20000	0	0	0	0	0	0	0	0	0	0	0	0	0	0	0	0	0	_F_TALK_000	_F_TALK_000	0	0	0	0	0	0	0	0	0	0	0	0	0	0	0	0	0	0	0	0	0	0	0	0	0.0	0.0	0.0	0	OUT	1.10.0100	1.10.0100	1.20.0000
3245	20	1	0	Q_STORE1	1	1	0	0	301	0	0	0	0	0	0	0	0	0	0	0	0	0	0	0	0	0	0	_F_EMOTION_001	_F_EMOTION_001	0	0	0	0	0	0	0	0	0	0	0	0	0	0	0	0	0	0	0	0	0	0	0	0	0.0	0.0	0.0	0	OUT	1.20.0000	1.20.0000	1.30.0000
3246	20	1	0	Q_STORE1	1	1	0	0	102	0	0	0	0	0	0	0	0	0	0	0	0	0	0	0	0	0	0	_F_EMOTION_001	_F_EMOTION_001	0	0	0	0	0	0	0	0	0	0	0	0	0	0	0	0	0	0	0	0	0	0	0	0	0.0	0.0	0.0	0	OUT	1.20.0000	1.20.0000	1.30.0000
3301	20	0	0	Q_TELE_WITH_VEHICLE1	1	1	0	0	1	2600002	2	0	0	0	0	0	0	0	0	0	0	0	0	0	0	0	0	_F_TALK_000	_F_TALK_000	0	0	0	0	0	0	0	0	0	0	0	0	0	0	0	0	0	0	0	0	0	0	0	0	0.0	0.0	0.0	0	1.10.0000	1.10.0000	1.10.0000	1.10.0000
3302	20	0	0	Q_TELE_WITH_VEHICLE1	10	10	0	0	2	2600002	2	0	0	0	0	0	0	0	0	0	0	0	0	0	0	0	0	_F_TALK_000	_F_TALK_000	0	0	0	0	0	0	0	0	0	0	0	0	0	0	0	0	0	0	0	0	0	0	0	0	0.0	0.0	0.0	0	1.10.0000	1.10.0000	1.10.0000	1.10.0000
3303	20	0	0	Q_TELE_WITH_VEHICLE1	25	25	0	0	3	2600002	2	0	0	0	0	0	0	0	0	0	0	0	0	0	0	0	0	_F_TALK_000	_F_TALK_000	0	0	0	0	0	0	0	0	0	0	0	0	0	0	0	0	0	0	0	0	0	0	0	0	0.0	0.0	0.0	0	1.10.0000	1.10.0000	1.10.0000	1.10.0000
3304	20	0	0	Q_TELE_WITH_VEHICLE1	45	45	0	0	4	2600002	2	0	0	0	0	0	0	0	0	0	0	0	0	0	0	0	0	_F_TALK_000	_F_TALK_000	0	0	0	0	0	0	0	0	0	0	0	0	0	0	0	0	0	0	0	0	0	0	0	0	0.0	0.0	0.0	0	1.10.0000	1.10.0000	1.10.0000	1.10.0000
3305	20	0	0	Q_TELE_WITH_VEHICLE1	60	60	0	0	5	2600002	2	0	0	0	0	0	0	0	0	0	0	0	0	0	0	0	0	_F_TALK_000	_F_TALK_000	0	0	0	0	0	0	0	0	0	0	0	0	0	0	0	0	0	0	0	0	0	0	0	0	0.0	0.0	0.0	0	1.10.0000	1.10.0000	1.10.0000	1.10.0000
3306	20	0	0	Q_TELE_WITH_VEHICLE1	70	70	0	0	6	2600002	2	0	0	0	0	0	0	0	0	0	0	0	0	0	0	0	0	_F_TALK_000	_F_TALK_000	0	0	0	0	0	0	0	0	0	0	0	0	0	0	0	0	0	0	0	0	0	0	0	0	0.0	0.0	0.0	0	1.10.0000	1.10.0000	1.10.0000	1.10.0000
3307	20	0	0	Q_TELE_WITH_VEHICLE1	81	81	0	0	7	2600002	2	0	0	0	0	0	0	0	0	0	0	0	0	0	0	0	0	_F_TALK_000	_F_TALK_000	0	0	0	0	0	0	0	0	0	0	0	0	0	0	0	0	0	0	0	0	0	0	0	0	0.0	0.0	0.0	0	1.10.0000	1.10.0000	1.10.0000	1.10.0000
3308	20	0	0	Q_TELE_WITH_VEHICLE1	86	86	0	0	8	2600002	2	0	0	0	0	0	0	0	0	0	0	0	0	0	0	0	0	_F_TALK_000	_F_TALK_000	0	0	0	0	0	0	0	0	0	0	0	0	0	0	0	0	0	0	0	0	0	0	0	0	0.0	0.0	0.0	0	1.10.0000	1.10.0000	1.10.0000	1.10.0000
3309	20	0	0	Q_TELE_WITH_VEHICLE1	110	110	0	0	15	2600002	2	0	0	0	0	0	0	0	0	0	0	0	0	0	0	0	0	_F_TALK_000	_F_TALK_000	0	0	0	0	0	0	0	0	0	0	0	0	0	0	0	0	0	0	0	0	0	0	0	0	0.0	0.0	0.0	0	1.10.0000	1.10.0000	1.10.0000	1.10.0000
3310	20	0	0	Q_TELE_WITH_VEHICLE1	92	92	0	0	9	2600002	2	0	0	0	0	0	0	0	0	0	0	0	0	0	0	0	0	_F_TALK_000	_F_TALK_000	0	0	0	0	0	0	0	0	0	0	0	0	0	0	0	0	0	0	0	0	0	0	0	0	0.0	0.0	0.0	0	1.10.0000	1.10.0000	1.10.0000	1.10.0000
3311	20	0	0	Q_TELE_WITH_VEHICLE1	100	100	0	0	14	2600002	2	0	0	0	0	0	0	0	0	0	0	0	0	0	0	0	0	_F_TALK_000	_F_TALK_000	0	0	0	0	0	0	0	0	0	0	0	0	0	0	0	0	0	0	0	0	0	0	0	0	0.0	0.0	0.0	0	1.10.0000	1.10.0000	1.10.0000	1.10.0000
3312	20	0	0	Q_TELE_WITH_VEHICLE1	110	110	0	0	305	2600002	2	0	0	0	0	0	0	0	0	0	0	0	0	0	0	0	0	_F_TALK_000	_F_TALK_000	0	0	0	0	0	0	0	0	0	0	0	0	0	0	0	0	0	0	0	0	0	0	0	0	0.0	0.0	0.0	0	1.10.0000	1.10.0000	1.10.0000	1.10.0000
3313	20	0	0	Q_TELE_WITH_VEHICLE1	112	112	0	0	12	2600002	2	0	0	0	0	0	0	0	0	0	0	0	0	0	0	0	0	_F_TALK_000	_F_TALK_000	0	0	0	0	0	0	0	0	0	0	0	0	0	0	0	0	0	0	0	0	0	0	0	0	0.0	0.0	0.0	0	1.10.0000	1.10.0000	1.10.0000	1.10.0000
3314	20	0	0	Q_TELE_WITH_VEHICLE1	115	115	0	0	16	2600002	2	0	0	0	0	0	0	0	0	0	0	0	0	0	0	0	0	_F_TALK_000	_F_TALK_000	0	0	0	0	0	0	0	0	0	0	0	0	0	0	0	0	0	0	0	0	0	0	0	0	0.0	0.0	0.0	0	1.10.0000	1.10.0000	1.10.0000	1.10.0000
3315	40	0	0	Q_TELEPORT_NEW	1	1	0	0	0	4	113	0	0	0	0	0	0	0	0	0	0	0	0	0	0	0	0	_F_TALK_000	_F_TALK_000	0	0	0	0	0	0	0	0	0	0	0	0	0	0	0	0	0	0	0	0	0	0	0	0	0.0	0.0	0.0	0	OUT	1.00.0000	1.10.0000	1.20.0000
4000	4	126	0	Q_GATHER7	46	46	4002	0	2605601	1	0	0	0	0	0	0	0	0	0	0	0	0	0	0	0	0	0	_F_TALK_000	_F_TALK_000	0	0	0	0	0	0	0	0	0	0	0	0	0	0	0	0	0	0	0	0	0	0	0	0	1.0	2.0	1.0	0	1.00.0000	1.00.0000	1.00.0000	1.00.0000
4001	25	0	0	Q_ENTER_INSTANCE4	46	46	0	0	4000	4003	2000	0	0	0	0	0	0	0	0	0	0	0	0	0	0	0	0	_F_TALK_000	_F_TALK_000	0	0	0	0	0	0	0	0	0	0	0	0	0	0	0	0	0	0	0	0	0	0	0	0	0.0	0.0	0.0	0	1.00.0000	1.00.0000	1.00.0000	1.00.0000
4002	4	126	0	Q_INSTANCE_CON	46	46	4003	4000	0	0	0	0	0	0	0	0	0	0	0	3090	3091	0	0	0	0	0	0	_F_FLEX_000	_F_FLEX_000	0	0	0	0	0	0	0	0	0	0	0	0	0	0	0	0	0	0	0	0	0	0	0	0	1.0	2.0	1.0	0	1.00.0000	1.00.0000	1.00.0000	1.00.0000
4003	4	126	0	Q_INSTANCE_CON	46	46	4005	4002	4001	0	0	0	0	0	0	0	0	0	0	0	8018	0	0	0	0	0	0	_F_FLEX_000		0	0	0	0	0	0	0	0	0	0	0	0	0	0	0	0	0	0	0	0	0	0	0	0	1.0	2.0	1.0	0	1.00.0000	1.00.0000	1.00.0000	1.00.0000
4004	25	0	0	Q_ENTER_INSTANCE4	46	46	0	0	4003	4006	2001	0	0	0	0	0	0	0	0	0	0	0	0	0	0	0	0	_F_TALK_000	_F_TALK_000	0	0	0	0	0	0	0	0	0	0	0	0	0	0	0	0	0	0	0	0	0	0	0	0	0.0	0.0	0.0	0	1.00.0000	1.00.0000	1.00.0000	1.00.0000
4005	4	126	0	Q_INSTANCE_GATHER1	46	46	4006	4003	0	2500569	5	0	0	0	0	0	0	0	0	3098	3099	0	0	0	0	0	0		_F_TALK_000	0	0	0	0	0	0	0	0	0	0	0	0	0	0	0	0	0	0	0	0	0	0	0	0	1.0	2.0	1.0	0	1.00.0000	1.00.0000	1.00.0000	1.00.0000
4006	4	126	0	Q_INSTANCE_CON	46	46	4008	4005	4004	0	0	0	0	0	0	0	0	0	0	3099	0	8018	0	0	8019	0	0	_F_TALK_000	_F_TALK_000	0	0	0	0	0	0	0	0	0	0	0	0	0	0	0	0	0	0	0	0	0	0	0	0	1.0	2.0	1.0	0	1.00.0000	1.00.0000	1.00.0000	1.00.0000
4007	25	0	0	Q_ENTER_INSTANCE4	46	46	0	0	4006	4008	2002	0	0	0	0	0	0	0	0	0	0	0	0	0	0	0	0	_F_TALK_000	_F_TALK_000	0	0	0	0	0	0	0	0	0	0	0	0	0	0	0	0	0	0	0	0	0	0	0	0	0.0	0.0	0.0	0	1.00.0000	1.00.0000	1.00.0000	1.00.0000
4008	4	126	0	Q_INSTANCE_GATHER1	46	46	0	4006	4007	2500568	1	0	0	0	0	0	0	0	0	0	3111	8019	0	0	0	0	0	_F_TALK_000	_F_TALK_000	2601001	1	0	0	0	0	0	0	0	0	0	0	0	0	0	0	0	0	0	0	0	0	0	0	1.0	2.0	1.0	0	1.00.0000	1.00.0000	1.00.0000	1.00.0000
4009	4	305	0	Q_GATHER7	70	70	4011	0	2605602	1	0	0	0	0	0	0	0	0	0	0	8020	0	0	0	0	0	0	_F_TALK_000	_F_TALK_000	0	0	0	0	0	0	0	0	0	0	0	0	0	0	0	0	0	0	0	0	0	0	0	0	1.0	2.0	1.0	0	1.00.0000	1.00.0000	1.00.0000	1.00.0000
4010	25	0	0	Q_ENTER_INSTANCE4	70	70	0	0	4009	4013	2003	0	0	0	0	0	0	0	0	0	0	0	0	0	0	0	0	_F_TALK_000	_F_TALK_000	0	0	0	0	0	0	0	0	0	0	0	0	0	0	0	0	0	0	0	0	0	0	0	0	0.0	0.0	0.0	0	1.00.0000	1.00.0000	1.00.0000	1.00.0000
4011	4	305	0	Q_INSTANCE_GATHER1	70	70	0	4009	0	2500570	1	0	0	0	0	0	0	0	0	0	0	0	0	0	0	0	0	_F_TALK_000	_F_TALK_000	0	0	0	0	0	0	0	0	0	0	0	0	0	0	0	0	0	0	0	0	0	0	0	0	1.0	2.0	1.0	0	1.00.0000	1.00.0000	1.00.0000	1.00.0000
4012	4	305	0	Q_INSTANCE_CON	70	70	4014	4011	4010	0	0	0	0	0	0	0	0	0	0	0	8021	8020	0	0	0	0	0	_F_TALK_000	_F_FLEX_000	0	0	0	0	0	0	0	0	0	0	0	0	0	0	0	0	0	0	0	0	0	0	0	0	1.0	2.0	1.0	0	1.00.0000	1.00.0000	1.00.0000	1.00.0000
4013	25	0	0	Q_ENTER_INSTANCE4	70	70	0	0	4012	4015	2004	0	0	0	0	0	0	0	0	0	0	0	0	0	0	0	0	_F_TALK_000	_F_TALK_000	0	0	0	0	0	0	0	0	0	0	0	0	0	0	0	0	0	0	0	0	0	0	0	0	0.0	0.0	0.0	0	1.00.0000	1.00.0000	1.00.0000	1.00.0000
4014	4	305	0	Q_INSTANCE_GATHER1	70	70	4015	4012	0	2500571	1	0	0	0	0	0	0	0	0	0	0	0	0	0	0	0	0	_F_TALK_000	_F_FLEX_000	0	0	0	0	0	0	0	0	0	0	0	0	0	0	0	0	0	0	0	0	0	0	0	0	1.0	2.0	1.0	0	1.00.0000	1.00.0000	1.00.0000	1.00.0000
4015	4	305	0	Q_INSTANCE_CON	70	70	4017	4014	4013	0	0	0	0	0	0	0	0	0	0	0	8022	8021	0	0	0	0	0	_F_TALK_000	_F_FLEX_000	0	0	0	0	0	0	0	0	0	0	0	0	0	0	0	0	0	0	0	0	0	0	0	0	1.0	2.0	1.0	0	1.00.0000	1.00.0000	1.00.0000	1.00.0000
4016	25	0	0	Q_ENTER_INSTANCE4	70	70	0	0	4015	4018	2005	0	0	0	0	0	0	0	0	0	0	0	0	0	0	0	0	_F_TALK_000	_F_TALK_000	0	0	0	0	0	0	0	0	0	0	0	0	0	0	0	0	0	0	0	0	0	0	0	0	0.0	0.0	0.0	0	1.00.0000	1.00.0000	1.00.0000	1.00.0000
4017	4	305	0	Q_INSTANCE_GATHER1	70	70	4018	4015	0	2500572	1	0	0	0	0	0	0	0	0	0	0	0	0	0	0	0	0	_F_TALK_000	_F_FLEX_000	0	0	0	0	0	0	0	0	0	0	0	0	0	0	0	0	0	0	0	0	0	0	0	0	1.0	2.0	1.0	0	1.00.0000	1.00.0000	1.00.0000	1.00.0000
4018	4	305	0	Q_INSTANCE_CON	70	70	4020	4017	4016	0	0	0	0	0	0	0	0	0	0	0	8023	8022	0	0	0	0	0	_F_TALK_000	_F_FLEX_000	0	0	0	0	0	0	0	0	0	0	0	0	0	0	0	0	0	0	0	0	0	0	0	0	1.0	2.0	1.0	0	1.00.0000	1.00.0000	1.00.0000	1.00.0000
4019	25	0	0	Q_ENTER_INSTANCE4	70	70	0	0	4018	4020	2006	0	0	0	0	0	0	0	0	0	0	0	0	0	0	0	0	_F_TALK_000	_F_TALK_000	0	0	0	0	0	0	0	0	0	0	0	0	0	0	0	0	0	0	0	0	0	0	0	0	0.0	0.0	0.0	0	1.00.0000	1.00.0000	1.00.0000	1.00.0000
4020	4	305	0	Q_CON_NEW	70	70	0	4018	0	0	23	3142	1	22	2	0	2	4019	2	0	0	8023	0	0	0	0	0	_F_FLEX_000	_F_TALK_000	2601002	1	0	0	0	0	0	0	0	0	0	0	0	0	0	0	0	0	0	0	0	0	0	0	1.0	2.0	1.0	0	1.00.0000	1.00.0000	1.00.0000	1.00.0000
4021	4	127	0	Q_GATHER7	90	90	4022	0	2605603	1	0	0	0	0	0	0	0	0	0	0	0	0	0	0	0	0	0	_F_TALK_000	_F_TALK_000	0	0	0	0	0	0	0	0	0	0	0	0	0	0	0	0	0	0	0	0	0	0	0	0	1.0	2.0	1.0	0	1.03.0000	1.03.0000	1.03.0000	1.03.0000
4022	4	128	0	Q_CON1	90	90	4024	4021	0	0	0	0	0	0	0	0	0	0	0	0	3202	0	0	0	0	0	0	_F_TALK_000	_F_TALK_000	0	0	0	0	0	0	0	0	0	0	0	0	0	0	0	0	0	0	0	0	0	0	0	0	1.0	2.0	1.0	0	1.03.0000	1.03.0000	1.03.0000	1.03.0000
4023	25	128	0	Q_ENTER_INSTANCE4	90	90	0	0	4022	4025	2007	0	0	0	0	0	0	0	0	0	0	0	0	0	0	0	0	_F_TALK_000	_F_TALK_000	0	0	0	0	0	0	0	0	0	0	0	0	0	0	0	0	0	0	0	0	0	0	0	0	0.0	0.0	0.0	0	1.03.0000	1.03.0000	1.03.0000	1.03.0000
4024	4	128	0	Q_INSTANCE_KILL2	90	90	4025	4022	0	0	3424	8	3426	1	0	0	0	0	0	3201	3203	0	0	0	0	0	0	_F_TALK_000	_F_TALK_000	0	0	0	0	0	0	0	0	0	0	0	0	0	0	0	0	0	0	0	0	0	0	0	0	1.0	2.0	1.0	0	1.03.0000	1.03.0000	1.03.0000	1.03.0000
4025	4	128	0	Q_INSTANCE_GATHER1	90	90	4027	4024	0	2500584	1	0	0	0	0	0	0	0	0	0	3204	3202	0	0	0	0	0	_F_TALK_000	_F_TALK_000	0	0	0	0	0	0	0	0	0	0	0	0	0	0	0	0	0	0	0	0	0	0	0	0	1.0	2.0	1.0	0	1.03.0000	1.03.0000	1.03.0000	1.03.0000
4026	25	127	0	Q_ENTER_INSTANCE4	90	90	0	0	4025	0	2008	0	0	0	0	0	0	0	0	0	0	0	0	0	0	0	0	_F_TALK_000	_F_TALK_000	0	0	0	0	0	0	0	0	0	0	0	0	0	0	0	0	0	0	0	0	0	0	0	0	0.0	0.0	0.0	0	1.03.0000	1.03.0000	1.03.0000	1.03.0000
4027	4	1	0	Q_INSTANCE_GATHER1	90	90	4029	4025	0	2500585	1	0	0	0	0	0	0	0	0	0	3205	3204	0	0	0	0	0	_F_TALK_000	_F_TALK_000	0	0	0	0	0	0	0	0	0	0	0	0	0	0	0	0	0	0	0	0	0	0	0	0	1.0	2.0	1.0	0	1.03.0000	1.03.0000	1.03.0000	1.03.0000
4028	25	128	0	Q_ENTER_INSTANCE4	90	90	0	0	4027	0	2009	0	0	0	0	0	0	0	0	0	0	0	0	0	0	0	0	_F_TALK_000	_F_TALK_000	0	0	0	0	0	0	0	0	0	0	0	0	0	0	0	0	0	0	0	0	0	0	0	0	0.0	0.0	0.0	0	1.03.0000	1.03.0000	1.03.0000	1.03.0000
4029	4	1	0	Q_CON1	90	90	4031	4027	0	0	0	0	0	0	0	0	0	0	0	0	3210	3205	0	0	0	0	0	_F_TALK_000	_F_TALK_000	0	0	0	0	0	0	0	0	0	0	0	0	0	0	0	0	0	0	0	0	0	0	0	0	1.0	2.0	1.0	0	1.03.0000	1.03.0000	1.03.0000	1.03.0000
4030	25	128	0	Q_ENTER_INSTANCE4	90	90	0	0	4029	4033	2010	0	0	0	0	0	0	0	0	0	0	0	0	0	0	0	0	_F_TALK_000	_F_TALK_000	0	0	0	0	0	0	0	0	0	0	0	0	0	0	0	0	0	0	0	0	0	0	0	0	0.0	0.0	0.0	0	1.03.0000	1.03.0000	1.03.0000	1.03.0000
4031	4	128	0	Q_CON1	90	90	4033	4029	0	0	0	0	0	0	0	0	0	0	0	0	0	0	0	0	0	0	0	_F_TALK_000	_F_TALK_000	0	0	0	0	0	0	0	0	0	0	0	0	0	0	0	0	0	0	0	0	0	0	0	0	1.0	2.0	1.0	0	1.03.0000	1.03.0000	1.03.0000	1.03.0000
4032	25	128	0	Q_ENTER_INSTANCE4	90	90	0	0	4033	4034	2011	0	0	0	0	0	0	0	0	0	0	0	0	0	0	0	0	_F_TALK_000	_F_TALK_000	0	0	0	0	0	0	0	0	0	0	0	0	0	0	0	0	0	0	0	0	0	0	0	0	0.0	0.0	0.0	0	1.03.0000	1.03.0000	1.03.0000	1.03.0000
4033	4	128	0	Q_KILL6	90	90	4034	4031	3215	1	2500586	1	0	0	0	0	0	0	0	0	3211	3210	0	0	0	0	0	_F_TALK_000	_F_TALK_000	0	0	0	0	0	0	0	0	0	0	0	0	0	0	0	0	0	0	0	0	0	0	0	0	1.0	2.0	1.0	0	1.03.0000	1.03.0000	1.03.0000	1.03.0000
4034	4	1	0	Q_SEND1	90	90	0	4033	2500586	1	0	0	0	0	0	0	0	0	0	0	0	3211	0	0	0	0	0	_F_TALK_000	_F_TALK_000	2601003	1	0	0	0	0	0	0	0	0	0	0	0	0	0	0	0	0	0	0	0	0	0	0	1.0	2.0	1.0	0	1.03.0000	1.03.0000	1.03.0000	1.03.0000
4035	4	128	0	Q_GATHER7	110	110	4037	0	2605604	1	0	0	0	0	0	0	0	0	0	0	3217	0	0	0	0	0	0	_F_TALK_000	_F_TALK_000	0	0	0	0	0	0	0	0	0	0	0	0	0	0	0	0	0	0	0	0	0	0	0	0	1.0	2.0	1.0	0	1.03.0000	1.03.0000	1.03.0000	1.03.0000
4036	25	127	0	Q_ENTER_INSTANCE4	110	110	0	0	4035	4037	2012	0	0	0	0	0	0	0	0	0	0	0	0	0	0	0	0	_F_TALK_000	_F_TALK_000	0	0	0	0	0	0	0	0	0	0	0	0	0	0	0	0	0	0	0	0	0	0	0	0	0.0	0.0	0.0	0	1.03.0000	1.03.0000	1.03.0000	1.03.0000
4037	4	128	0	Q_SEND1	110	110	4038	4035	2500587	1	0	0	0	0	0	0	0	0	0	0	0	3217	0	0	0	0	0	_F_TALK_000	_F_TALK_000	0	0	0	0	0	0	0	0	0	0	0	0	0	0	0	0	0	0	0	0	0	0	0	0	1.0	2.0	1.0	0	1.03.0000	1.03.0000	1.03.0000	1.03.0000
4038	4	128	0	Q_CON1	110	110	4039	4037	0	0	0	0	0	0	0	0	0	0	0	0	0	0	0	0	0	0	0	_F_TALK_000	_F_TALK_000	0	0	0	0	0	0	0	0	0	0	0	0	0	0	0	0	0	0	0	0	0	0	0	0	1.0	2.0	1.0	0	1.03.0000	1.03.0000	1.03.0000	1.03.0000
4039	4	128	0	Q_CON1	110	110	4040	4038	0	0	0	0	0	0	0	0	0	0	0	0	3219	0	0	0	0	0	0	_F_TALK_000	_F_TALK_000	0	0	0	0	0	0	0	0	0	0	0	0	0	0	0	0	0	0	0	0	0	0	0	0	1.0	2.0	1.0	0	1.03.0000	1.03.0000	1.03.0000	1.03.0000
4040	4	128	0	Q_INSTANCE_KILL1	110	110	4042	4039	0	0	3448	20	0	0	0	0	0	0	0	3258	0	0	0	0	0	0	0	_F_TALK_000	_F_TALK_000	0	0	0	0	0	0	0	0	0	0	0	0	0	0	0	0	0	0	0	0	0	0	0	0	1.0	2.0	1.0	0	1.03.0000	1.03.0000	1.03.0000	1.03.0000
4041	25	126	0	Q_ENTER_INSTANCE4	110	110	0	0	4039	4042	2013	0	0	0	0	0	0	0	0	0	0	0	0	0	0	0	0	_F_TALK_000	_F_TALK_000	0	0	0	0	0	0	0	0	0	0	0	0	0	0	0	0	0	0	0	0	0	0	0	0	0.0	0.0	0.0	0	1.03.0000	1.03.0000	1.03.0000	1.03.0000
4042	4	128	0	Q_INSTANCE_KILL1	110	110	4044	4040	0	0	3451	10	0	0	0	0	0	0	0	0	3220	3219	0	0	0	0	0	_F_TALK_000	_F_TALK_000	0	0	0	0	0	0	0	0	0	0	0	0	0	0	0	0	0	0	0	0	0	0	0	0	1.0	2.0	1.0	0	1.03.0000	1.03.0000	1.03.0000	1.03.0000
4043	25	126	0	Q_ENTER_INSTANCE4	110	110	0	0	4042	4044	2014	0	0	0	0	0	0	0	0	0	0	0	0	0	0	0	0	_F_TALK_000	_F_TALK_000	0	0	0	0	0	0	0	0	0	0	0	0	0	0	0	0	0	0	0	0	0	0	0	0	0.0	0.0	0.0	0	1.03.0000	1.03.0000	1.03.0000	1.03.0000
4044	4	128	0	Q_CON1	110	110	4053	4042	0	0	0	0	0	0	0	0	0	0	0	0	0	3220	0	0	0	0	0	_F_TALK_000	_F_TALK_000	0	0	0	0	0	0	0	0	0	0	0	0	0	0	0	0	0	0	0	0	0	0	0	0	1.0	2.0	1.0	0	1.03.0000	1.03.0000	1.03.0000	1.03.0000
4045	25	126	0	Q_ENTER_INSTANCE4	110	110	0	0	4053	4047	2015	0	0	0	0	0	0	0	0	0	0	0	0	0	0	0	0	_F_TALK_000	_F_TALK_000	0	0	0	0	0	0	0	0	0	0	0	0	0	0	0	0	0	0	0	0	0	0	0	0	0.0	0.0	0.0	0	1.03.0000	1.03.0000	1.03.0000	1.03.0000
4046	4	128	0	Q_INSTANCE_GATHER1	110	110	4047	4053	0	2500588	1	0	0	0	0	0	0	0	0	0	3224	3222	0	0	0	0	0	_F_TALK_000	_F_TALK_000	0	0	0	0	0	0	0	0	0	0	0	0	0	0	0	0	0	0	0	0	0	0	0	0	1.0	2.0	1.0	0	1.03.0000	1.03.0000	1.03.0000	1.03.0000
4047	4	128	0	Q_CON1	110	110	0	4046	0	0	0	0	0	0	0	0	0	0	0	0	0	0	0	0	0	0	0	_F_TALK_000	_F_TALK_000	2605516	1	0	0	0	0	0	0	0	0	0	0	0	0	0	0	0	0	0	0	0	0	0	0	1.0	2.0	1.0	0	1.03.0000	1.03.0000	1.03.0000	1.03.0000
4048	25	126	0	Q_ENTER_INSTANCE4	110	110	0	0	4047	0	2016	0	0	0	0	0	0	0	0	0	0	0	0	0	0	0	0	_F_TALK_000	_F_TALK_000	0	0	0	0	0	0	0	0	0	0	0	0	0	0	0	0	0	0	0	0	0	0	0	0	0.0	0.0	0.0	0	1.03.0000	1.03.0000	1.03.0000	1.03.0000
4049	4	128	0	Q_INSTANCE_GATHER2	110	110	4051	4047	0	2500589	1	2500590	1	0	2605516	1	0	0	0	0	3227	3224	0	0	0	0	0	_F_TALK_000	_F_TALK_000	0	0	0	0	0	0	0	0	0	0	0	0	0	0	0	0	0	0	0	0	0	0	0	0	1.0	2.0	1.0	0	1.03.0000	1.03.0000	1.03.0000	1.03.0000
4050	25	128	0	Q_ENTER_INSTANCE4	110	110	0	0	4049	4052	2017	0	0	0	0	0	0	0	0	0	0	0	0	0	0	0	0	_F_TALK_000	_F_TALK_000	0	0	0	0	0	0	0	0	0	0	0	0	0	0	0	0	0	0	0	0	0	0	0	0	0.0	0.0	0.0	0	1.03.0000	1.03.0000	1.03.0000	1.03.0000
4051	4	128	0	Q_INSTANCE_GATHER1	110	110	4052	4049	2605616	1	0	0	0	0	0	0	0	0	0	0	3228	0	0	0	0	0	0	_F_TALK_000	_F_TALK_000	0	0	0	0	0	0	0	0	0	0	0	0	0	0	0	0	0	0	0	0	0	0	0	0	1.0	2.0	1.0	0	1.03.0000	1.03.0000	1.03.0000	1.03.0000
4052	4	128	0	Q_SEND1	110	110	0	4051	2500591	1	0	0	0	0	0	0	0	0	0	0	0	3227	0	0	0	0	0	_F_TALK_000	_F_TALK_000	2601004	1	0	0	0	0	0	0	0	0	0	0	0	0	0	0	0	0	0	0	0	0	0	0	1.0	2.0	1.0	0	1.03.0000	1.03.0000	1.03.0000	1.03.0000
4053	4	128	0	Q_CON1	110	110	4046	4044	0	0	0	0	0	0	0	0	0	0	0	0	3222	0	0	0	0	0	0	_F_TALK_000	_F_FLEX_000	0	0	0	0	0	0	0	0	0	0	0	0	0	0	0	0	0	0	0	0	0	0	0	0	1.0	2.0	1.0	0	1.03.0000	1.03.0000	1.03.0000	1.03.0000
4054	4	129	0	Q_GATHER7	115	115	4056	0	2605605	1	0	0	0	0	0	0	0	0	0	0	3209	0	0	0	0	0	0	_F_TALK_000	_F_TALK_000	0	0	0	0	0	0	0	0	0	0	0	0	0	0	0	0	0	0	0	0	0	0	0	0	1.0	2.0	1.0	0	1.03.0000	1.03.0000	1.03.0000	1.03.0000
4055	25	127	0	Q_ENTER_INSTANCE4	115	115	0	0	4054	4059	2018	0	0	0	0	0	0	0	0	0	0	0	0	0	0	0	0	_F_TALK_000	_F_TALK_000	0	0	0	0	0	0	0	0	0	0	0	0	0	0	0	0	0	0	0	0	0	0	0	0	0.0	0.0	0.0	0	1.03.0000	1.03.0000	1.03.0000	1.03.0000
4056	4	129	0	Q_INSTANCE_KILL3	115	115	0	4054	0	0	3475	5	3476	5	3477	5	0	0	0	3212	0	0	0	0	0	0	0	_F_TALK_000	_F_TALK_000	0	0	0	0	0	0	0	0	0	0	0	0	0	0	0	0	0	0	0	0	0	0	0	0	1.0	2.0	1.0	0	1.03.0000	1.03.0000	1.03.0000	1.03.0000
4057	4	129	0	Q_CON1	115	115	4059	4056	0	0	0	0	0	0	0	0	0	0	0	0	0	0	0	0	0	0	0	_F_TALK_000	_F_TALK_000	0	0	0	0	0	0	0	0	0	0	0	0	0	0	0	0	0	0	0	0	0	0	0	0	1.0	2.0	1.0	0	1.03.0000	1.03.0000	1.03.0000	1.03.0000
4058	25	128	0	Q_ENTER_INSTANCE4	115	115	0	4057	4059	0	2019	0	0	0	0	0	0	0	0	0	0	0	0	0	0	0	0	_F_TALK_000	_F_TALK_000	0	0	0	0	0	0	0	0	0	0	0	0	0	0	0	0	0	0	0	0	0	0	0	0	0.0	0.0	0.0	0	1.03.0000	1.03.0000	1.03.0000	1.03.0000
4059	4	129	0	Q_INSTANCE_GATHER1	115	115	0	4057	0	2500593	1	0	0	0	0	0	0	0	0	0	3229	3209	0	0	0	0	0	_F_TALK_000	_F_TALK_000	0	0	0	0	0	0	0	0	0	0	0	0	0	0	0	0	0	0	0	0	0	0	0	0	1.0	2.0	1.0	0	1.03.0000	1.03.0000	1.03.0000	1.03.0000
4060	25	128	0	Q_ENTER_INSTANCE4	115	115	0	0	4061	4062	2020	0	0	0	0	0	0	0	0	0	0	0	0	0	0	0	0	_F_TALK_000	_F_TALK_000	0	0	0	0	0	0	0	0	0	0	0	0	0	0	0	0	0	0	0	0	0	0	0	0	0.0	0.0	0.0	0	1.03.0000	1.03.0000	1.03.0000	1.03.0000
4061	4	129	0	Q_MOVIE_CON1	115	115	0	4059	0	0	0	0	0	0	0	0	0	0	0	0	3230	3229	0	0	0	0	0	ROLA_000.wmv	_F_TALK_000	0	0	0	0	0	0	0	0	0	0	0	0	0	0	0	0	0	0	0	0	0	0	0	0	1.0	2.0	1.0	0	1.03.0000	1.03.0000	1.03.0000	1.03.0000
4062	4	129	0	Q_CON1	115	115	4064	4061	0	0	0	0	0	0	0	0	0	0	0	3231	0	0	0	0	0	0	0	_F_TALK_000	_F_TALK_000	0	0	0	0	0	0	0	0	0	0	0	0	0	0	0	0	0	0	0	0	0	0	0	0	1.0	2.0	1.0	0	1.03.0000	1.03.0000	1.03.0000	1.03.0000
4063	25	128	0	Q_ENTER_INSTANCE4	115	115	0	0	4064	4065	2021	0	0	0	0	0	0	0	0	0	0	0	0	0	0	0	0	_F_TALK_000	_F_TALK_000	0	0	0	0	0	0	0	0	0	0	0	0	0	0	0	0	0	0	0	0	0	0	0	0	0.0	0.0	0.0	0	1.03.0000	1.03.0000	1.03.0000	1.03.0000
4064	4	129	0	Q_INSTANCE_KILL1	115	115	4065	4062	0	0	3492	10	0	0	0	0	0	0	0	0	3233	3230	0	0	0	0	0	_F_TALK_000	_F_TALK_000	0	0	0	0	0	0	0	0	0	0	0	0	0	0	0	0	0	0	0	0	0	0	0	0	1.0	2.0	1.0	0	1.03.0000	1.03.0000	1.03.0000	1.03.0000
4065	4	129	0	Q_CON1	115	115	4066	4064	0	0	0	0	0	0	0	0	0	0	0	0	3235	3233	0	0	0	0	0	_F_TALK_000	_F_TALK_000	0	0	0	0	0	0	0	0	0	0	0	0	0	0	0	0	0	0	0	0	0	0	0	0	1.0	2.0	1.0	0	1.03.0000	1.03.0000	1.03.0000	1.03.0000
4066	4	129	0	Q_INSTANCE_KILL2	115	115	4068	4065	0	0	3498	10	3499	10	0	0	0	0	0	0	0	0	0	0	0	0	0	_F_TALK_000	_F_TALK_000	0	0	0	0	0	0	0	0	0	0	0	0	0	0	0	0	0	0	0	0	0	0	0	0	1.0	2.0	1.0	0	1.03.0000	1.03.0000	1.03.0000	1.03.0000
4067	25	128	0	Q_ENTER_INSTANCE4	115	115	0	0	4065	4068	2022	0	0	0	0	0	0	0	0	0	0	0	0	0	0	0	0	_F_TALK_000	_F_TALK_000	0	0	0	0	0	0	0	0	0	0	0	0	0	0	0	0	0	0	0	0	0	0	0	0	0.0	0.0	0.0	0	1.03.0000	1.03.0000	1.03.0000	1.03.0000
4068	4	129	0	Q_CON1	115	115	4070	4066	0	0	0	0	0	0	0	0	0	0	0	0	3239	3235	0	0	0	0	0	_F_TALK_000	_F_TALK_000	0	0	0	0	0	0	0	0	0	0	0	0	0	0	0	0	0	0	0	0	0	0	0	0	1.0	2.0	1.0	0	1.03.0000	1.03.0000	1.03.0000	1.03.0000
4069	25	128	0	Q_ENTER_INSTANCE4	115	115	0	0	4068	4071	2023	0	0	0	0	0	0	0	0	0	0	0	0	0	0	0	0	_F_TALK_000	_F_TALK_000	0	0	0	0	0	0	0	0	0	0	0	0	0	0	0	0	0	0	0	0	0	0	0	0	0.0	0.0	0.0	0	1.03.0000	1.03.0000	1.03.0000	1.03.0000
4070	4	129	0	Q_INSTANCE_KILL1	115	115	4071	4068	0	0	3512	1	0	0	0	0	0	0	0	0	0	0	0	0	0	0	0	_F_TALK_000	_F_TALK_000	0	0	0	0	0	0	0	0	0	0	0	0	0	0	0	0	0	0	0	0	0	0	0	0	1.0	2.0	1.0	0	1.03.0000	1.03.0000	1.03.0000	1.03.0000
4071	4	129	0	Q_CON1	115	115	0	4070	0	0	0	0	0	0	0	0	0	0	0	0	0	3239	0	0	0	0	0	_F_TALK_000	_F_TALK_000	2601005	1	0	0	0	0	0	0	0	0	0	0	0	0	0	0	0	0	0	0	0	0	0	0	1.0	2.0	1.0	0	1.03.0000	1.03.0000	1.03.0000	1.03.0000
4080	4	129	0	Q_GATHER7	120	120	0	0	2605607	1	0	0	0	0	0	0	0	0	0	0	3241	0	0	0	0	0	0	_F_TALK_000	_F_TALK_000	0	0	0	0	0	0	0	0	0	0	0	0	0	0	0	0	0	0	0	0	0	0	0	0	1.0	2.0	1.0	0	1.03.0000	1.03.0000	1.03.0000	1.03.0000
4073	25	129	0	Q_ENTER_INSTANCE4	120	120	0	0	4080	4074	2024	0	0	0	0	0	0	0	0	0	0	0	0	0	0	0	0	_F_TALK_000	_F_TALK_000	0	0	0	0	0	0	0	0	0	0	0	0	0	0	0	0	0	0	0	0	0	0	0	0	0.0	0.0	0.0	0	1.03.0000	1.03.0000	1.03.0000	1.03.0000
4072	4	129	0	Q_INSTANCE_GATHER1	120	120	4074	4080	0	2500594	1	0	0	0	0	0	0	0	0	0	0	0	0	0	0	0	0	_F_TALK_000	_F_TALK_000	0	0	0	0	0	0	0	0	0	0	0	0	0	0	0	0	0	0	0	0	0	0	0	0	1.0	2.0	1.0	0	1.03.0000	1.03.0000	1.03.0000	1.03.0000
4075	25	129	0	Q_ENTER_INSTANCE4	120	120	0	0	4072	4074	2025	0	0	0	0	0	0	0	0	0	0	0	0	0	0	0	0	_F_TALK_000	_F_TALK_000	0	0	0	0	0	0	0	0	0	0	0	0	0	0	0	0	0	0	0	0	0	0	0	0	0.0	0.0	0.0	0	1.03.0000	1.03.0000	1.03.0000	1.03.0000
4074	4	129	0	Q_INSTANCE_GATHER1	120	120	4076	4072	0	2500595	30	0	0	0	0	0	0	0	0	0	3242	3241	0	0	0	0	0	_F_TALK_000	_F_TALK_000	0	0	0	0	0	0	0	0	0	0	0	0	0	0	0	0	0	0	0	0	0	0	0	0	1.0	2.0	1.0	0	1.03.0000	1.03.0000	1.03.0000	1.03.0000
4077	25	129	0	Q_ENTER_INSTANCE4	120	120	0	0	4074	4076	2026	0	0	0	0	0	0	0	0	0	0	0	0	0	0	0	0	_F_TALK_000	_F_TALK_000	0	0	0	0	0	0	0	0	0	0	0	0	0	0	0	0	0	0	0	0	0	0	0	0	0.0	0.0	0.0	0	1.03.0000	1.03.0000	1.03.0000	1.03.0000
4076	4	129	0	Q_INSTANCE_GATHER1	120	120	4078	4074	0	2500596	15	0	0	0	0	0	0	0	0	0	3243	3242	0	0	0	0	0	_F_TALK_000	_F_TALK_000	0	0	0	0	0	0	0	0	0	0	0	0	0	0	0	0	0	0	0	0	0	0	0	0	1.0	2.0	1.0	0	1.03.0000	1.03.0000	1.03.0000	1.03.0000
4079	25	129	0	Q_ENTER_INSTANCE4	120	120	0	0	4076	4082	2027	0	0	0	0	0	0	0	0	0	0	0	0	0	0	0	0	_F_TALK_000	_F_TALK_000	0	0	0	0	0	0	0	0	0	0	0	0	0	0	0	0	0	0	0	0	0	0	0	0	0.0	0.0	0.0	0	1.03.0000	1.03.0000	1.03.0000	1.03.0000
4078	4	129	0	Q_INSTANCE_GATHER1	120	120	4082	4076	0	2500597	1	0	0	0	0	0	0	0	0	0	3244	3243	0	0	0	0	0	_F_TALK_000	_F_TALK_000	0	0	0	0	0	0	0	0	0	0	0	0	0	0	0	0	0	0	0	0	0	0	0	0	1.0	2.0	1.0	0	1.03.0000	1.03.0000	1.03.0000	1.03.0000
4081	25	129	0	Q_ENTER_INSTANCE4	120	120	0	0	4078	4084	2028	0	0	0	0	0	0	0	0	0	0	0	0	0	0	0	0	_F_TALK_000	_F_TALK_000	0	0	0	0	0	0	0	0	0	0	0	0	0	0	0	0	0	0	0	0	0	0	0	0	0.0	0.0	0.0	0	1.03.0000	1.03.0000	1.03.0000	1.03.0000
4082	4	129	0	Q_INSTANCE_KILL1	120	120	4084	4078	0	0	3535	10	0	0	0	0	0	0	0	0	3246	3244	0	0	0	0	0	_F_TALK_000	_F_TALK_000	0	0	0	0	0	0	0	0	0	0	0	0	0	0	0	0	0	0	0	0	0	0	0	0	1.0	2.0	1.0	0	1.03.0000	1.03.0000	1.03.0000	1.03.0000
4085	25	129	0	Q_ENTER_INSTANCE4	120	120	0	0	4082	4086	2029	0	0	0	0	0	0	0	0	0	0	0	0	0	0	0	0	_F_TALK_000	_F_TALK_000	0	0	0	0	0	0	0	0	0	0	0	0	0	0	0	0	0	0	0	0	0	0	0	0	0.0	0.0	0.0	0	1.03.0000	1.03.0000	1.03.0000	1.03.0000
4084	4	129	0	Q_CON1	120	120	4083	4082	0	0	0	0	0	0	0	0	0	0	0	0	0	3246	0	0	0	0	0	_F_FLEX_000	_F_TALK_000	0	0	0	0	0	0	0	0	0	0	0	0	0	0	0	0	0	0	0	0	0	0	0	0	1.0	2.0	1.0	0	1.03.0000	1.03.0000	1.03.0000	1.03.0000
4083	4	129	0	Q_INSTANCE_GATHER1	120	120	4086	4084	0	2500598	3	0	0	0	0	0	0	0	0	0	3248	0	0	0	0	0	0	_F_TALK_000	_F_TALK_000	0	0	0	0	0	0	0	0	0	0	0	0	0	0	0	0	0	0	0	0	0	0	0	0	1.0	2.0	1.0	0	1.03.0000	1.03.0000	1.03.0000	1.03.0000
4086	4	129	0	Q_CON1	120	120	0	4083	0	0	0	0	0	0	0	0	0	0	0	0	0	3248	0	0	0	0	0	_F_TALK_000	_F_TALK_000	2601007	1	0	0	0	0	0	0	0	0	0	0	0	0	0	0	0	0	0	0	0	0	0	0	1.0	2.0	1.0	0	1.03.0000	1.03.0000	1.03.0000	1.03.0000
4087	4	1	0	Q_GATHER7	120	120	4088	0	2605606	1	0	0	0	0	0	0	0	0	0	0	0	0	0	0	0	0	0	_F_TALK_000	_F_TALK_000	0	0	0	0	0	0	0	0	0	0	0	0	0	0	0	0	0	0	0	0	0	0	0	0	1.0	2.0	1.0	0	1.10.0000	1.10.0000	1.10.0000	1.10.0000
4088	4	1	0	Q_GATHER1	120	120	4089	4087	2500609	50	0	0	0	0	0	0	0	0	0	0	0	0	0	0	0	0	0	_F_TALK_000	_F_TALK_000	0	0	0	0	0	0	0	0	0	0	0	0	0	0	0	0	0	0	0	0	0	0	0	0	1.0	2.0	1.0	0	1.10.0000	1.10.0000	1.10.0000	1.10.0000
4090	4	1	0	Q_GATHER1	120	120	4091	4089	2500611	3	0	0	0	0	0	0	0	0	0	0	0	0	0	0	0	0	0	_F_TALK_000	_F_TALK_000	0	0	0	0	0	0	0	0	0	0	0	0	0	0	0	0	0	0	0	0	0	0	0	0	1.0	2.0	1.0	0	1.10.0000	1.10.0000	1.10.0000	1.10.0000
4091	4	1	0	Q_GATHER1	120	120	0	4090	2605517	10	0	0	0	0	0	0	0	0	0	0	0	0	0	0	0	0	0	_F_TALK_000	_F_TALK_000	2601006	1	0	0	0	0	0	0	0	0	0	0	0	0	0	0	0	0	0	0	0	0	0	0	1.0	2.0	1.0	0	1.10.0000	1.10.0000	1.10.0000	1.10.0000
4092	4	129	0	Q_GATHER7	120	120	4093	0	2605608	1	0	0	0	0	0	0	0	0	0	0	0	0	0	0	0	0	0	_F_TALK_000	_F_TALK_000	0	0	0	0	0	0	0	0	0	0	0	0	0	0	0	0	0	0	0	0	0	0	0	0	1.0	2.0	1.0	0	1.10.0000	1.10.0000	1.10.0000	1.10.0000
4093	4	129	0	Q_GATHER1	120	120	4094	4092	2500614	50	0	0	0	0	0	0	0	0	0	0	0	0	0	0	0	0	0	_F_TALK_000	_F_TALK_000	0	0	0	0	0	0	0	0	0	0	0	0	0	0	0	0	0	0	0	0	0	0	0	0	1.0	2.0	1.0	0	1.10.0000	1.10.0000	1.10.0000	1.10.0000
4094	4	129	0	Q_GATHER1	120	120	4095	4093	2500612	5	0	0	0	0	0	0	0	0	0	0	0	0	0	0	0	0	0	_F_TALK_000	_F_TALK_000	0	0	0	0	0	0	0	0	0	0	0	0	0	0	0	0	0	0	0	0	0	0	0	0	1.0	2.0	1.0	0	1.10.0000	1.10.0000	1.10.0000	1.10.0000
4095	4	129	0	Q_GATHER1	120	120	4096	4094	2500613	3	0	0	0	0	0	0	0	0	0	0	0	0	0	0	0	0	0	_F_TALK_000	_F_TALK_000	0	0	0	0	0	0	0	0	0	0	0	0	0	0	0	0	0	0	0	0	0	0	0	0	1.0	2.0	1.0	0	1.10.0000	1.10.0000	1.10.0000	1.10.0000
4096	4	129	0	Q_GATHER1	120	120	0	4095	2605518	10	0	0	0	0	0	0	0	0	0	0	0	0	0	0	0	0	0	_F_TALK_000	_F_TALK_000	2601008	1	0	0	0	0	0	0	0	0	0	0	0	0	0	0	0	0	0	0	0	0	0	0	1.0	2.0	1.0	0	1.10.0000	1.10.0000	1.10.0000	1.10.0000
4097	4	1	0	Q_GATHER7	105	105	4101	0	2605609	1	0	0	0	0	0	0	0	0	0	0	0	0	0	0	0	0	0	MYRINA_000.wmv	MYRINA_000.wmv	0	0	0	0	0	0	0	0	0	0	0	0	0	0	0	0	0	0	0	0	0	0	0	0	1.0	2.0	1.0	0	1.10.0000	1.10.0000	1.10.0000	1.10.0000
4098	25	130	0	Q_DAY_ENTER_INSTANCE2	105	105	0	4097	4101	4101	2088	0	0	0	0	0	0	0	0	0	0	0	0	0	0	0	0	MYRINA_000.wmv	MYRINA_000.wmv	0	0	0	0	0	0	0	0	0	0	0	0	0	0	0	0	0	0	0	0	0	0	0	0	0.0	0.0	0.0	0	1.10.0000	1.10.0000	1.10.0000	1.10.0000
4099	40	130	0	Q_INSTANCE_ADD_MOBBUFF1	105	105	0	4097	0	8500	255	875	0	0	0	0	0	0	0	0	0	0	0	0	0	0	0	_F_FLEX_000	_F_FLEX_000	0	0	0	0	0	0	0	0	0	0	0	0	0	0	0	0	0	0	0	0	0	0	0	0	0.0	0.0	0.0	0	1.10.0000	1.10.0000	1.10.0000	1.10.0000
4100	40	130	0	Q_CON3	105	105	0	4097	1	0	0	0	0	0	0	0	0	0	0	0	0	0	0	0	0	0	0	_F_FLEX_000	_F_FLEX_000	0	0	0	0	0	0	0	0	0	0	0	0	0	0	0	0	0	0	0	0	0	0	0	0	0.0	0.0	0.0	0	1.10.0000	1.10.0000	1.10.0000	1.10.0000
4101	4	1	0	Q_MOVIE_GATHER1	105	105	0	4097	2500630	1	0	0	0	0	0	0	0	0	0	0	0	0	0	0	0	0	0	MYRINA_000.wmv	MYRINA_000.wmv	2601013	1	0	0	0	0	0	0	0	0	0	0	0	0	0	0	0	0	0	0	0	0	0	0	1.0	2.0	1.0	0	1.10.0000	1.10.0000	1.10.0000	1.10.0000
4500	10	186	0	Q_OCEAN_KILL1	25	25	0	0	3001	10	126	600	40	0	0	0	0	0	0	3000	3002	3002	3000	0	0	0	0	_F_TALK_000	_F_TALK_000	0	0	0	0	0	0	0	0	0	0	0	0	0	0	0	0	0	0	0	0	0	0	0	0	1.0	3.0	1.0	0	1.00.0000	1.00.0000	1.00.0000	1.00.0000
4501	10	147	0	Q_OCEAN_GATHER1	25	25	0	0	2500533	10	126	600	40	0	0	0	0	0	0	0	0	0	0	0	0	0	0	_F_TALK_000	_F_TALK_000	0	0	0	0	0	0	0	0	0	0	0	0	0	0	0	0	0	0	0	0	0	0	0	0	1.0	3.0	1.0	0	1.00.0000	1.00.0000	1.00.0000	1.00.0000
4502	10	147	0	Q_OCEAN_GATHER1	40	40	0	0	2500534	10	126	600	40	0	0	0	0	0	0	0	0	0	0	0	0	0	0	_F_TALK_000	_F_TALK_000	0	0	0	0	0	0	0	0	0	0	0	0	0	0	0	0	0	0	0	0	0	0	0	0	1.0	3.0	1.0	0	1.00.0000	1.00.0000	1.00.0000	1.00.0000
4505	10	186	0	Q_OCEAN_KILL1	40	40	0	0	3014	10	126	600	40	0	0	0	0	0	0	0	0	0	0	0	0	0	0	_F_TALK_000	_F_TALK_000	0	0	0	0	0	0	0	0	0	0	0	0	0	0	0	0	0	0	0	0	0	0	0	0	1.0	3.0	1.0	0	1.00.0000	1.00.0000	1.00.0000	1.00.0000
4506	10	147	0	Q_OCEAN_GUARD	50	50	0	0	600	126	600	40	3019	0	0	0	0	0	0	0	0	0	0	0	0	0	0	_F_TALK_000	_F_TALK_000	0	0	0	0	0	0	0	0	0	0	0	0	0	0	0	0	0	0	0	0	0	0	0	0	1.0	3.0	1.0	0	1.00.0000	1.00.0000	1.00.0000	1.00.0000
4508	10	147	0	Q_OCEAN_GATHER1	50	50	0	0	2500560	10	126	600	40	0	0	0	0	0	0	0	0	0	0	0	0	0	0	_F_TALK_000	_F_TALK_000	0	0	0	0	0	0	0	0	0	0	0	0	0	0	0	0	0	0	0	0	0	0	0	0	1.0	3.0	1.0	0	1.00.0000	1.00.0000	1.00.0000	1.00.0000
4509	10	147	0	Q_OCEAN_GATHER1	50	50	0	0	2500583	10	126	600	40	0	0	0	0	0	0	0	0	0	0	0	0	0	0	_F_TALK_000	_F_TALK_000	0	0	0	0	0	0	0	0	0	0	0	0	0	0	0	0	0	0	0	0	0	0	0	0	1.0	3.0	1.0	0	1.00.0000	1.00.0000	1.00.0000	1.00.0000
4512	10	186	0	Q_OCEAN_GATHER1	60	60	0	0	2500532	7	126	600	40	0	0	0	0	0	0	0	0	0	0	0	0	0	0	_F_TALK_000	_F_TALK_000	0	0	0	0	0	0	0	0	0	0	0	0	0	0	0	0	0	0	0	0	0	0	0	0	1.0	3.0	1.0	0	1.00.0000	1.00.0000	1.00.0000	1.00.0000
4513	10	147	0	Q_OCEAN_GATHER1	60	60	0	0	2500561	1	126	600	40	0	0	0	0	0	0	0	0	0	0	0	0	0	0	_F_TALK_000	_F_TALK_000	0	0	0	0	0	0	0	0	0	0	0	0	0	0	0	0	0	0	0	0	0	0	0	0	1.0	3.0	1.0	0	1.00.0000	1.00.0000	1.00.0000	1.00.0000
4514	10	147	0	Q_OCEAN_GATHER2	60	60	0	0	2500535	1	2500536	1	126	600	40	0	0	0	0	0	0	0	0	0	0	0	0	_F_TALK_000	_F_TALK_000	0	0	0	0	0	0	0	0	0	0	0	0	0	0	0	0	0	0	0	0	0	0	0	0	1.0	3.0	1.0	0	1.00.0000	1.00.0000	1.00.0000	1.00.0000
4516	10	147	0	Q_OCEAN_KILL3	70	70	0	0	3047	1	3048	1	3049	1	126	600	40	0	0	0	0	0	0	0	0	0	0	_F_TALK_000	_F_TALK_000	0	0	0	0	0	0	0	0	0	0	0	0	0	0	0	0	0	0	0	0	0	0	0	0	1.0	3.0	1.0	0	1.00.0000	1.00.0000	1.00.0000	1.00.0000
4517	10	147	0	Q_OCEAN_GATHER1	70	70	0	0	2500562	8	126	600	40	0	0	0	0	0	0	0	0	0	0	0	0	0	0	_F_TALK_000	_F_TALK_000	0	0	0	0	0	0	0	0	0	0	0	0	0	0	0	0	0	0	0	0	0	0	0	0	1.0	3.0	1.0	0	1.00.0000	1.00.0000	1.00.0000	1.00.0000
4520	10	147	0	Q_OCEAN_GATHER1	70	70	0	0	2500537	10	126	600	40	0	0	0	0	0	0	0	0	0	0	0	0	0	0	_F_TALK_000	_F_TALK_000	0	0	0	0	0	0	0	0	0	0	0	0	0	0	0	0	0	0	0	0	0	0	0	0	1.0	3.0	1.0	0	1.00.0000	1.00.0000	1.00.0000	1.00.0000
4511	10	147	0	Q_OCEAN_GATHER1	50	50	0	0	2500563	10	126	600	40	0	0	0	0	0	0	0	0	0	0	0	0	0	0	_F_TALK_000	_F_TALK_000	0	0	0	0	0	0	0	0	0	0	0	0	0	0	0	0	0	0	0	0	0	0	0	0	1.0	3.0	1.0	0	1.00.0000	1.00.0000	1.00.0000	1.00.0000
4515	10	147	0	Q_OCEAN_KILL1	60	60	0	0	3045	1	126	600	40	0	0	0	0	0	0	0	0	0	0	0	0	0	0	_F_TALK_000	_F_TALK_000	0	0	0	0	0	0	0	0	0	0	0	0	0	0	0	0	0	0	0	0	0	0	0	0	1.0	3.0	1.0	0	1.00.0000	1.00.0000	1.00.0000	1.00.0000
4532	10	163	0	Q_OCEAN_KILL2	70	70	0	0	3058	5	3060	5	126	600	40	0	0	0	0	0	0	0	0	0	0	0	0	_F_TALK_000	_F_TALK_000	0	0	0	0	0	0	0	0	0	0	0	0	0	0	0	0	0	0	0	0	0	0	0	0	1.0	3.0	1.0	0	1.00.0000	1.00.0000	1.00.0000	1.00.0000
4533	10	163	0	Q_OCEAN_GATHER2	70	70	0	0	2500554	5	2500555	5	126	600	40	0	0	0	0	0	0	0	0	0	0	0	0	_F_TALK_000	_F_TALK_000	0	0	0	0	0	0	0	0	0	0	0	0	0	0	0	0	0	0	0	0	0	0	0	0	1.0	3.0	1.0	0	1.00.0000	1.00.0000	1.00.0000	1.00.0000
4534	10	163	0	Q_OCEAN_GATHER1	70	70	0	0	2500556	10	126	600	40	0	0	0	0	0	0	0	0	0	0	0	0	0	0	_F_TALK_000	_F_TALK_000	0	0	0	0	0	0	0	0	0	0	0	0	0	0	0	0	0	0	0	0	0	0	0	0	1.0	3.0	1.0	0	1.00.0000	1.00.0000	1.00.0000	1.00.0000
4522	10	163	0	Q_OCEAN_KILL2	70	70	0	0	3065	1	3066	1	127	600	40	0	0	0	0	0	0	0	0	0	0	0	0	_F_TALK_000	_F_TALK_000	0	0	0	0	0	0	0	0	0	0	0	0	0	0	0	0	0	0	0	0	0	0	0	0	1.0	3.0	1.0	0	1.00.0000	1.00.0000	1.00.0000	1.00.0000
4524	10	186	0	Q_OCEAN_KILL1	80	80	0	0	3076	8	127	600	40	0	0	0	0	0	0	0	0	0	0	0	0	0	0	_F_TALK_000	_F_TALK_000	0	0	0	0	0	0	0	0	0	0	0	0	0	0	0	0	0	0	0	0	0	0	0	0	1.0	3.0	1.0	0	1.00.0000	1.00.0000	1.00.0000	1.00.0000
4525	10	147	0	Q_OCEAN_CON	80	80	0	0	127	600	40	0	0	0	0	0	0	0	0	0	0	0	0	0	0	0	0	_F_TALK_000	_F_TALK_000	0	0	0	0	0	0	0	0	0	0	0	0	0	0	0	0	0	0	0	0	0	0	0	0	1.0	3.0	1.0	0	1.00.0000	1.00.0000	1.00.0000	1.00.0000
4521	10	147	0	Q_OCEAN_GATHER1	70	70	0	0	2500564	10	127	600	40	0	0	0	0	0	0	0	0	0	0	0	0	0	0	_F_TALK_000	_F_TALK_000	0	0	0	0	0	0	0	0	0	0	0	0	0	0	0	0	0	0	0	0	0	0	0	0	1.0	3.0	1.0	0	1.00.0000	1.00.0000	1.00.0000	1.00.0000
4523	10	147	0	Q_OCEAN_GATHER1	80	80	0	0	2500538	8	127	600	40	0	0	0	0	0	0	0	0	0	0	0	0	0	0	_F_TALK_000	_F_TALK_000	0	0	0	0	0	0	0	0	0	0	0	0	0	0	0	0	0	0	0	0	0	0	0	0	1.0	3.0	1.0	0	1.00.0000	1.00.0000	1.00.0000	1.00.0000
4561	40	0	0	Q_INSTANCE_ADD_MOBBUFF1	60	60	0	0	4515	8500	255	3045	0	0	0	0	0	0	0	0	0	0	0	0	0	0	0	_F_EMOTION_000	_F_EMOTION_000	0	0	0	0	0	0	0	0	0	0	0	0	0	0	0	0	0	0	0	0	0	0	0	0	0.0	0.0	0.0	0	1.00.0000	1.00.0000	1.00.0000	1.00.0000
4526	10	147	0	Q_OCEAN_GATHER1	85	85	0	0	2500558	10	127	600	40	0	0	0	0	0	0	0	0	0	0	0	0	0	0	_F_TALK_000	_F_TALK_000	0	0	0	0	0	0	0	0	0	0	0	0	0	0	0	0	0	0	0	0	0	0	0	0	1.0	3.0	1.0	0	1.02.0000	1.02.0000	1.02.0000	1.02.0000
4527	10	186	0	Q_OCEAN_GUARD	85	85	0	0	600	127	600	40	3161	0	0	0	0	0	0	0	0	0	0	0	0	0	0	_F_TALK_000	_F_TALK_000	0	0	0	0	0	0	0	0	0	0	0	0	0	0	0	0	0	0	0	0	0	0	0	0	1.0	3.0	1.0	0	1.02.0000	1.02.0000	1.02.0000	1.02.0000
4528	10	147	0	Q_OCEAN_GATHER1	85	85	0	0	2500539	8	127	600	40	0	0	0	0	0	0	3182	0	0	3182	0	0	0	0	_F_TALK_000	_F_TALK_000	0	0	0	0	0	0	0	0	0	0	0	0	0	0	0	0	0	0	0	0	0	0	0	0	1.0	3.0	1.0	0	1.02.0000	1.02.0000	1.02.0000	1.02.0000
4530	10	186	0	Q_OCEAN_KILL1	85	85	0	0	3158	1	127	600	40	0	0	0	0	0	0	0	0	0	0	0	0	0	0	_F_TALK_000	_F_TALK_000	0	0	0	0	0	0	0	0	0	0	0	0	0	0	0	0	0	0	0	0	0	0	0	0	1.0	3.0	1.0	0	1.02.0000	1.02.0000	1.02.0000	1.02.0000
4535	10	147	0	Q_OCEAN_GATHER1	85	85	0	0	2500540	9	127	600	40	0	0	0	0	0	0	3419	0	0	3419	0	0	0	0	_F_TALK_000	_F_TALK_000	0	0	0	0	0	0	0	0	0	0	0	0	0	0	0	0	0	0	0	0	0	0	0	0	1.0	3.0	1.0	0	1.02.0000	1.02.0000	1.02.0000	1.02.0000
4536	10	147	0	Q_OCEAN_GATHER1	90	90	0	0	2500559	15	127	600	40	0	0	0	0	0	0	3189	0	0	3189	0	0	0	0	_F_TALK_000	_F_TALK_000	0	0	0	0	0	0	0	0	0	0	0	0	0	0	0	0	0	0	0	0	0	0	0	0	1.0	3.0	1.0	0	1.02.0000	1.02.0000	1.02.0000	1.02.0000
4537	10	186	0	Q_OCEAN_GATHER1	90	90	0	0	2500565	10	127	600	40	0	0	0	0	0	0	0	0	0	0	0	0	0	0	_F_TALK_000	_F_TALK_000	0	0	0	0	0	0	0	0	0	0	0	0	0	0	0	0	0	0	0	0	0	0	0	0	1.0	3.0	1.0	0	1.02.0000	1.02.0000	1.02.0000	1.02.0000
4503	10	147	0	Q_OCEAN_GUARD	90	90	0	0	600	127	600	40	3195	0	0	0	0	0	0	0	0	0	0	0	0	0	0	_F_TALK_000	_F_TALK_000	0	0	0	0	0	0	0	0	0	0	0	0	0	0	0	0	0	0	0	0	0	0	0	0	1.0	3.0	1.0	0	1.02.0000	1.02.0000	1.02.0000	1.02.0000
4504	10	186	0	Q_OCEAN_KILL1	90	90	0	0	3160	6	127	600	40	0	0	0	0	0	0	0	0	0	0	0	0	0	0	_F_TALK_000	_F_TALK_000	0	0	0	0	0	0	0	0	0	0	0	0	0	0	0	0	0	0	0	0	0	0	0	0	1.0	3.0	1.0	0	1.02.0000	1.02.0000	1.02.0000	1.02.0000
4507	10	186	0	Q_OCEAN_KILL1	90	90	0	0	3151	10	127	600	40	0	0	0	0	0	0	3150	0	0	3150	0	0	0	0	_F_TALK_000	_F_TALK_000	0	0	0	0	0	0	0	0	0	0	0	0	0	0	0	0	0	0	0	0	0	0	0	0	1.0	3.0	1.0	0	1.02.0000	1.02.0000	1.02.0000	1.02.0000
4518	10	147	0	Q_OCEAN_GUARD	95	95	0	0	600	127	600	40	3200	0	0	0	0	0	0	0	0	0	0	0	0	0	0	_F_TALK_000	_F_TALK_000	0	0	0	0	0	0	0	0	0	0	0	0	0	0	0	0	0	0	0	0	0	0	0	0	1.0	3.0	1.0	0	1.02.0000	1.02.0000	1.02.0000	1.02.0000
4539	10	186	0	Q_OCEAN_KILL1	95	95	0	0	3154	10	127	600	40	0	0	0	0	0	0	3153	3155	3155	3153	0	0	0	0	_F_TALK_000	_F_TALK_000	0	0	0	0	0	0	0	0	0	0	0	0	0	0	0	0	0	0	0	0	0	0	0	0	1.0	3.0	1.0	0	1.02.0000	1.02.0000	1.02.0000	1.02.0000
4541	10	186	0	Q_OCEAN_KILL1	95	95	0	0	3166	1	127	600	40	0	0	0	0	0	0	0	0	0	0	0	0	0	0	_F_TALK_000	_F_TALK_000	0	0	0	0	0	0	0	0	0	0	0	0	0	0	0	0	0	0	0	0	0	0	0	0	1.0	3.0	1.0	0	1.02.0000	1.02.0000	1.02.0000	1.02.0000
4542	10	147	0	Q_OCEAN_GATHER1	95	95	0	0	2500566	10	127	600	40	0	0	0	0	0	0	3305	0	0	3305	0	0	0	0	_F_TALK_000	_F_TALK_000	0	0	0	0	0	0	0	0	0	0	0	0	0	0	0	0	0	0	0	0	0	0	0	0	1.0	3.0	1.0	0	1.02.0000	1.02.0000	1.02.0000	1.02.0000
4547	10	147	0	Q_OCEAN_GATHER1	95	95	0	0	2500567	10	127	600	40	0	0	0	0	0	0	0	0	0	0	0	0	0	0	_F_TALK_000	_F_TALK_000	0	0	0	0	0	0	0	0	0	0	0	0	0	0	0	0	0	0	0	0	0	0	0	0	1.0	3.0	1.0	0	1.02.0000	1.02.0000	1.02.0000	1.02.0000
4548	10	147	0	Q_OCEAN_GATHER1	95	95	0	0	2500606	1	127	600	40	0	0	0	0	0	0	0	0	0	0	0	0	0	0	_F_TALK_000	_F_TALK_000	0	0	0	0	0	0	0	0	0	0	0	0	0	0	0	0	0	0	0	0	0	0	0	0	1.0	3.0	1.0	0	1.02.0000	1.02.0000	1.02.0000	1.02.0000
4540	10	147	0	Q_OCEAN_CON	95	95	0	0	128	600	40	0	0	0	0	0	0	0	0	3319	0	0	3319	0	0	0	0	_F_TALK_000	_F_TALK_000	0	0	0	0	0	0	0	0	0	0	0	0	0	0	0	0	0	0	0	0	0	0	0	0	1.0	3.0	1.0	0	1.02.0000	1.02.0000	1.02.0000	1.02.0000
4543	10	147	0	Q_OCEAN_GATHER1	95	95	0	0	2500541	9	128	600	40	0	0	0	0	0	0	3325	3326	3326	3325	0	0	0	0	_F_TALK_000	_F_TALK_000	0	0	0	0	0	0	0	0	0	0	0	0	0	0	0	0	0	0	0	0	0	0	0	0	1.0	3.0	1.0	0	1.02.0000	1.02.0000	1.02.0000	1.02.0000
4544	10	147	0	Q_OCEAN_KILL1	100	100	0	0	3169	10	128	600	40	0	0	0	0	0	0	0	0	0	0	0	0	0	0	_F_TALK_000	_F_TALK_000	0	0	0	0	0	0	0	0	0	0	0	0	0	0	0	0	0	0	0	0	0	0	0	0	1.0	3.0	1.0	0	1.02.0000	1.02.0000	1.02.0000	1.02.0000
4545	10	147	0	Q_OCEAN_GATHER1	100	100	0	0	2500542	2	128	600	40	0	0	0	0	0	0	0	0	0	0	0	0	0	0	_F_TALK_000	_F_TALK_000	0	0	0	0	0	0	0	0	0	0	0	0	0	0	0	0	0	0	0	0	0	0	0	0	1.0	3.0	1.0	0	1.02.0000	1.02.0000	1.02.0000	1.02.0000
4549	10	147	0	Q_OCEAN_CON	100	100	0	0	128	600	40	0	0	0	0	0	0	0	0	3342	0	0	3342	0	0	0	0	_F_TALK_000	_F_TALK_000	0	0	0	0	0	0	0	0	0	0	0	0	0	0	0	0	0	0	0	0	0	0	0	0	1.0	3.0	1.0	0	1.02.0000	1.02.0000	1.02.0000	1.02.0000
4550	10	186	0	Q_OCEAN_KILL1	105	105	0	0	3171	10	128	600	40	0	0	0	0	0	0	3170	0	0	3170	0	0	0	0	_F_TALK_000	_F_TALK_000	0	0	0	0	0	0	0	0	0	0	0	0	0	0	0	0	0	0	0	0	0	0	0	0	1.0	3.0	1.0	0	1.02.0000	1.02.0000	1.02.0000	1.02.0000
4529	10	147	0	Q_OCEAN_KILL2	105	105	0	0	3345	5	3347	10	128	600	40	0	0	0	0	0	0	0	0	0	0	0	0	_F_TALK_000	_F_TALK_000	0	0	0	0	0	0	0	0	0	0	0	0	0	0	0	0	0	0	0	0	0	0	0	0	1.0	3.0	1.0	0	1.02.0000	1.02.0000	1.02.0000	1.02.0000
4510	10	147	0	Q_OCEAN_KILL1	110	110	0	0	3332	10	128	600	40	0	0	0	0	0	0	0	0	0	0	0	0	0	0	_F_TALK_000	_F_TALK_000	0	0	0	0	0	0	0	0	0	0	0	0	0	0	0	0	0	0	0	0	0	0	0	0	1.0	3.0	1.0	0	1.02.0000	1.02.0000	1.02.0000	1.02.0000
4555	10	147	0	Q_OCEAN_GATHER1	110	110	0	0	2500599	8	128	600	40	0	0	0	0	0	0	0	0	0	0	0	0	0	0	_F_TALK_000	_F_TALK_000	0	0	0	0	0	0	0	0	0	0	0	0	0	0	0	0	0	0	0	0	0	0	0	0	1.0	3.0	1.0	0	1.02.0000	1.02.0000	1.02.0000	1.02.0000
4552	10	163	0	Q_OCEAN_KILL1	110	110	0	0	3355	25	129	600	40	0	0	0	0	0	0	0	0	0	0	0	0	0	0	_F_TALK_000	_F_TALK_000	0	0	0	0	0	0	0	0	0	0	0	0	0	0	0	0	0	0	0	0	0	0	0	0	1.0	3.0	1.0	0	1.02.0000	1.02.0000	1.02.0000	1.02.0000
4553	10	163	0	Q_OCEAN_KILL3	110	110	0	0	3365	10	3366	10	3367	10	128	600	40	0	0	0	0	0	0	0	0	0	0	_F_TALK_000	_F_TALK_000	0	0	0	0	0	0	0	0	0	0	0	0	0	0	0	0	0	0	0	0	0	0	0	0	1.0	3.0	1.0	0	1.02.0000	1.02.0000	1.02.0000	1.02.0000
4554	10	163	0	Q_OCEAN_GATHER2	110	110	0	0	2500550	4	2500551	4	128	600	40	0	0	0	0	0	0	0	0	0	0	0	0	_F_TALK_000	_F_TALK_000	0	0	0	0	0	0	0	0	0	0	0	0	0	0	0	0	0	0	0	0	0	0	0	0	1.0	3.0	1.0	0	1.02.0000	1.02.0000	1.02.0000	1.02.0000
4556	10	147	0	Q_OCEAN_GATHER2	110	110	0	0	2500543	5	2500544	3	129	600	40	0	0	0	0	0	0	0	0	0	0	0	0	_F_TALK_000	_F_TALK_000	0	0	0	0	0	0	0	0	0	0	0	0	0	0	0	0	0	0	0	0	0	0	0	0	1.0	3.0	1.0	0	1.02.0000	1.02.0000	1.02.0000	1.02.0000
4557	10	163	0	Q_OCEAN_GATHER2	115	115	0	0	2500545	1	2500546	1	129	600	40	0	0	0	0	3385	3386	3386	3385	0	0	0	0	_F_TALK_000	_F_TALK_000	0	0	0	0	0	0	0	0	0	0	0	0	0	0	0	0	0	0	0	0	0	0	0	0	1.0	3.0	1.0	0	1.02.0000	1.02.0000	1.02.0000	1.02.0000
4558	10	163	0	Q_OCEAN_KILL1	115	115	0	0	3391	1	129	600	40	0	0	0	0	0	0	0	0	0	0	0	0	0	0	_F_TALK_000	_F_TALK_000	0	0	0	0	0	0	0	0	0	0	0	0	0	0	0	0	0	0	0	0	0	0	0	0	1.0	3.0	1.0	0	1.02.0000	1.02.0000	1.02.0000	1.02.0000
4559	10	163	0	Q_OCEAN_GATHER2	115	115	0	0	2500552	5	2500553	5	129	600	40	0	0	0	0	0	0	0	0	0	0	0	0	_F_TALK_000	_F_TALK_000	0	0	0	0	0	0	0	0	0	0	0	0	0	0	0	0	0	0	0	0	0	0	0	0	1.0	3.0	1.0	0	1.02.0000	1.02.0000	1.02.0000	1.02.0000
4560	10	163	0	Q_OCEAN_KILL1	115	115	0	0	3393	1	129	600	40	0	0	0	0	0	0	0	0	0	0	0	0	0	0	_F_TALK_000	_F_TALK_000	0	0	0	0	0	0	0	0	0	0	0	0	0	0	0	0	0	0	0	0	0	0	0	0	1.0	3.0	1.0	0	1.02.0000	1.02.0000	1.02.0000	1.02.0000
4566	10	163	0	Q_OCEAN_GATHER1	120	120	0	0	2500602	5	129	600	40	0	0	0	0	0	0	0	0	0	0	0	0	0	0	_F_TALK_000	_F_TALK_000	0	0	0	0	0	0	0	0	0	0	0	0	0	0	0	0	0	0	0	0	0	0	0	0	1.0	3.0	1.0	0	1.02.0000	1.02.0000	1.02.0000	1.02.0000
4562	10	163	0	Q_OCEAN_GATHER1	120	120	0	0	2500547	1	129	600	40	0	0	0	0	0	0	3406	0	0	3406	0	0	0	0	_F_TALK_000	_F_TALK_000	0	0	0	0	0	0	0	0	0	0	0	0	0	0	0	0	0	0	0	0	0	0	0	0	1.0	3.0	1.0	0	1.02.0000	1.02.0000	1.02.0000	1.02.0000
4563	10	147	0	Q_OCEAN_KILL1	120	120	0	0	3412	1	129	600	40	0	0	0	0	0	0	3414	0	0	3414	0	0	0	0	_F_TALK_000	_F_TALK_000	0	0	0	0	0	0	0	0	0	0	0	0	0	0	0	0	0	0	0	0	0	0	0	0	1.0	3.0	1.0	0	1.02.0000	1.02.0000	1.02.0000	1.02.0000
4546	10	163	0	Q_OCEAN_GATHER1	120	120	0	0	2500603	2	129	600	40	0	0	0	0	0	0	0	0	0	0	0	0	0	0	_F_TALK_000	_F_TALK_000	0	0	0	0	0	0	0	0	0	0	0	0	0	0	0	0	0	0	0	0	0	0	0	0	1.0	3.0	1.0	0	1.02.0000	1.02.0000	1.02.0000	1.02.0000
4531	10	163	0	Q_OCEAN_GATHER1	120	120	0	0	2500549	1	129	600	40	0	0	0	0	0	0	0	0	0	0	0	0	0	0	_F_TALK_000	_F_TALK_000	0	0	0	0	0	0	0	0	0	0	0	0	0	0	0	0	0	0	0	0	0	0	0	0	1.0	3.0	1.0	0	1.02.0000	1.02.0000	1.02.0000	1.02.0000
4564	40	0	0	Q_INSTANCE_ADD_MOBBUFF1	95	95	0	0	4541	8500	255	3166	0	0	0	0	0	0	0	0	0	0	0	0	0	0	0	_F_TALK_000	_F_TALK_000	0	0	0	0	0	0	0	0	0	0	0	0	0	0	0	0	0	0	0	0	0	0	0	0	0.0	0.0	0.0	0	1.02.0000	1.02.0000	1.02.0000	1.02.0000
4568	40	0	0	Q_INSTANCE_ADD_MOBBUFF1	115	115	0	0	4560	8500	255	3393	0	0	0	0	0	0	0	0	0	0	0	0	0	0	0	_F_TALK_000	_F_TALK_000	0	0	0	0	0	0	0	0	0	0	0	0	0	0	0	0	0	0	0	0	0	0	0	0	0.0	0.0	0.0	0	1.02.0000	1.02.0000	1.02.0000	1.02.0000
7000	6	1	0	Q_WEEK3_KILL1	40	40	0	0	63	15	49	1	4	6	0	0	0	0	0	0	0	0	0	0	0	0	0	_F_TALK_000	_F_FLEX_000	0	0	0	0	0	0	0	0	0	0	0	0	0	0	0	0	0	0	0	0	0	0	0	0	1.0	0.5	1.0	0	1.00.0000	1.00.0000	1.00.0000	1.00.0000
7001	6	1	0	Q_WEEK3_KILL1	50	50	0	0	95	15	64	1	4	6	0	0	0	0	0	0	0	0	0	0	0	0	0	_F_TALK_000	_F_FLEX_000	0	0	0	0	0	0	0	0	0	0	0	0	0	0	0	0	0	0	0	0	0	0	0	0	1.0	0.5	1.0	0	1.00.0000	1.00.0000	1.00.0000	1.00.0000
7002	6	1	0	Q_WEEK3_KILL2	65	65	0	0	145	15	147	15	74	1	4	6	0	0	0	0	0	0	0	0	0	0	0	_F_TALK_000	_F_FLEX_000	0	0	0	0	0	0	0	0	0	0	0	0	0	0	0	0	0	0	0	0	0	0	0	0	1.0	0.5	1.0	0	1.00.0000	1.00.0000	1.00.0000	1.00.0000
7003	6	1	0	Q_WEEK3_KILL2	75	75	0	0	221	15	229	15	79	1	4	6	0	0	0	0	0	0	0	0	0	0	0	_F_TALK_000	_F_FLEX_000	0	0	0	0	0	0	0	0	0	0	0	0	0	0	0	0	0	0	0	0	0	0	0	0	1.0	0.5	1.0	0	1.00.0000	1.00.0000	1.00.0000	1.00.0000
7004	6	1	0	Q_WEEK3_KILL2	80	80	0	0	392	15	396	15	89	1	4	6	0	0	0	0	0	0	0	0	0	0	0	_F_TALK_000	_F_FLEX_000	0	0	0	0	0	0	0	0	0	0	0	0	0	0	0	0	0	0	0	0	0	0	0	0	1.0	0.5	1.0	0	1.01.0000	1.01.0000	1.01.0000	1.01.0000
7005	6	1	0	Q_WEEK3_KILL2	90	90	0	0	279	15	280	15	94	1	4	6	0	0	0	0	0	0	0	0	0	0	0	_F_TALK_000	_F_FLEX_000	0	0	0	0	0	0	0	0	0	0	0	0	0	0	0	0	0	0	0	0	0	0	0	0	1.0	0.5	1.0	0	1.01.0000	1.01.0000	1.01.0000	1.01.0000
7006	6	1	0	Q_WEEK3_KILL3	95	95	0	0	310	15	312	15	313	15	99	1	4	6	0	0	0	0	0	0	0	0	0	_F_TALK_000	_F_FLEX_000	0	0	0	0	0	0	0	0	0	0	0	0	0	0	0	0	0	0	0	0	0	0	0	0	1.0	0.5	1.0	0	1.01.0000	1.01.0000	1.01.0000	1.01.0000
7007	6	1	0	Q_WEEK3_KILL3	100	100	0	0	658	15	659	15	694	15	104	1	4	6	0	0	0	0	0	0	0	0	0	_F_TALK_000	_F_FLEX_000	0	0	0	0	0	0	0	0	0	0	0	0	0	0	0	0	0	0	0	0	0	0	0	0	1.0	0.5	1.0	0	1.01.0000	1.01.0000	1.01.0000	1.01.0000
7008	6	1	0	Q_WEEK3_KILL3	105	105	0	0	344	15	349	15	354	15	111	1	4	6	0	0	0	0	0	0	0	0	0	_F_TALK_000	_F_FLEX_000	0	0	0	0	0	0	0	0	0	0	0	0	0	0	0	0	0	0	0	0	0	0	0	0	1.0	0.5	1.0	0	1.01.0000	1.01.0000	1.01.0000	1.01.0000
7009	6	1	0	Q_WEEK3_KILL3	112	112	0	0	422	15	427	15	428	15	114	1	4	6	0	0	0	0	0	0	0	0	0	_F_TALK_000	_F_FLEX_000	0	0	0	0	0	0	0	0	0	0	0	0	0	0	0	0	0	0	0	0	0	0	0	0	1.0	0.5	1.0	0	1.01.0000	1.01.0000	1.01.0000	1.01.0000
7010	6	1	0	Q_WEEK3_KILL3	115	115	0	0	450	15	452	15	461	15	117	1	4	6	0	0	0	0	0	0	0	0	0	_F_TALK_000	_F_FLEX_000	0	0	0	0	0	0	0	0	0	0	0	0	0	0	0	0	0	0	0	0	0	0	0	0	1.0	0.5	1.0	0	1.01.0000	1.01.0000	1.01.0000	1.01.0000
7011	6	1	0	Q_WEEK3_KILL3	118	118	0	0	493	15	489	15	505	15	120	1	4	6	0	0	0	0	0	0	0	0	0	_F_TALK_000	_F_FLEX_000	0	0	0	0	0	0	0	0	0	0	0	0	0	0	0	0	0	0	0	0	0	0	0	0	1.0	0.5	1.0	0	1.01.0000	1.01.0000	1.01.0000	1.01.0000
7012	6	1	0	Q_WEEK2_GATHER1	40	40	0	0	2500412	20	49	0	3	0	0	0	0	0	0	0	0	0	0	0	0	0	0	_F_TALK_000	_F_TALK_000	0	0	0	0	0	0	0	0	0	0	0	0	0	0	0	0	0	0	0	0	0	0	0	0	1.0	0.5	1.0	0	1.00.0000	1.00.0000	1.00.0000	1.00.0000
7013	6	1	0	Q_WEEK2_GATHER1	50	50	0	0	2500413	20	64	0	3	0	0	0	0	0	0	0	0	0	0	0	0	0	0	_F_TALK_000	_F_TALK_000	0	0	0	0	0	0	0	0	0	0	0	0	0	0	0	0	0	0	0	0	0	0	0	0	1.0	0.5	1.0	0	1.00.0000	1.00.0000	1.00.0000	1.00.0000
7014	6	1	0	Q_WEEK2_GATHER2	65	65	0	0	2500414	15	2500415	15	74	0	3	0	0	0	0	0	0	0	0	0	0	0	0	_F_TALK_000	_F_TALK_000	0	0	0	0	0	0	0	0	0	0	0	0	0	0	0	0	0	0	0	0	0	0	0	0	1.0	0.5	1.0	0	1.00.0000	1.00.0000	1.00.0000	1.00.0000
7015	6	1	0	Q_WEEK2_GATHER2	75	75	0	0	2500416	15	2500417	15	79	0	3	0	0	0	0	0	0	0	0	0	0	0	0	_F_TALK_000	_F_TALK_000	0	0	0	0	0	0	0	0	0	0	0	0	0	0	0	0	0	0	0	0	0	0	0	0	1.0	0.5	1.0	0	1.00.0000	1.00.0000	1.00.0000	1.00.0000
7016	6	1	0	Q_WEEK2_GATHER2	80	80	0	0	2500418	20	2500419	20	89	0	3	0	0	0	0	0	0	0	0	0	0	0	0	_F_TALK_000	_F_TALK_000	0	0	0	0	0	0	0	0	0	0	0	0	0	0	0	0	0	0	0	0	0	0	0	0	1.0	0.5	1.0	0	1.01.0000	1.01.0000	1.01.0000	1.01.0000
7017	6	1	0	Q_WEEK2_GATHER2	90	90	0	0	2500420	20	2500421	20	94	0	3	0	0	0	0	0	0	0	0	0	0	0	0	_F_TALK_000	_F_TALK_000	0	0	0	0	0	0	0	0	0	0	0	0	0	0	0	0	0	0	0	0	0	0	0	0	1.0	0.5	1.0	0	1.01.0000	1.01.0000	1.01.0000	1.01.0000
7018	6	1	0	Q_WEEK2_GATHER2	95	95	0	0	2500422	30	2500423	30	99	0	3	0	0	0	0	0	0	0	0	0	0	0	0	_F_TALK_000	_F_TALK_000	0	0	0	0	0	0	0	0	0	0	0	0	0	0	0	0	0	0	0	0	0	0	0	0	1.0	0.5	1.0	0	1.01.0000	1.01.0000	1.01.0000	1.01.0000
7019	6	1	0	Q_WEEK2_GATHER2	100	100	0	0	2500424	30	2500425	30	104	0	3	0	0	0	0	0	0	0	0	0	0	0	0	_F_TALK_000	_F_TALK_000	0	0	0	0	0	0	0	0	0	0	0	0	0	0	0	0	0	0	0	0	0	0	0	0	1.0	0.5	1.0	0	1.01.0000	1.01.0000	1.01.0000	1.01.0000
7020	6	1	0	Q_WEEK2_GATHER3	105	105	0	0	2500426	20	2500427	20	2500428	20	114	0	3	0	0	0	0	0	0	0	0	0	0	_F_TALK_000	_F_TALK_000	0	0	0	0	0	0	0	0	0	0	0	0	0	0	0	0	0	0	0	0	0	0	0	0	1.0	0.5	1.0	0	1.01.0000	1.01.0000	1.01.0000	1.01.0000
7021	6	1	0	Q_WEEK2_GATHER3	112	112	0	0	2500429	30	2500430	30	2500431	30	117	0	3	0	0	0	0	0	0	0	0	0	0	_F_TALK_000	_F_TALK_000	0	0	0	0	0	0	0	0	0	0	0	0	0	0	0	0	0	0	0	0	0	0	0	0	1.0	0.5	1.0	0	1.01.0000	1.01.0000	1.01.0000	1.01.0000
7022	6	1	0	Q_WEEK2_GATHER3	118	118	0	0	2500409	30	2500410	30	2500411	30	120	0	3	0	0	0	0	0	0	0	0	0	0	_F_TALK_000	_F_TALK_000	0	0	0	0	0	0	0	0	0	0	0	0	0	0	0	0	0	0	0	0	0	0	0	0	1.0	0.5	1.0	0	1.01.0000	1.01.0000	1.01.0000	1.01.0000
7023	6	1	0	Q_DAY_KILL1	35	40	0	0	1004	1	55	0	0	0	0	0	0	0	0	0	0	0	0	0	0	0	0	_F_TALK_000	_F_EMPOWER_000	0	0	0	0	0	0	0	0	0	0	0	0	0	0	0	0	0	0	0	0	0	0	0	0	1.0	0.5	1.0	0	1.00.0000	1.00.0000	1.00.0000	1.00.0000
7024	6	1	0	Q_DAY_KILL1	70	70	0	0	1609	1	80	0	0	0	0	0	0	0	0	0	0	0	0	0	0	0	0	_F_TALK_000	_F_EMPOWER_000	0	0	0	0	0	0	0	0	0	0	0	0	0	0	0	0	0	0	0	0	0	0	0	0	1.0	0.5	1.0	0	1.00.0000	1.00.0000	1.00.0000	1.00.0000
7025	6	1	0	Q_DAY_KILL1	55	60	0	0	1584	1	70	0	0	0	0	0	0	0	0	0	0	0	0	0	0	0	0	_F_TALK_000	_F_EMPOWER_000	0	0	0	0	0	0	0	0	0	0	0	0	0	0	0	0	0	0	0	0	0	0	0	0	1.0	0.5	1.0	0	1.00.0000	1.00.0000	1.00.0000	1.00.0000
7026	6	1	0	Q_DAY_KILL1	80	80	0	0	1105	1	90	0	0	0	0	0	0	0	0	0	0	0	0	0	0	0	0	_F_TALK_000	_F_EMPOWER_000	0	0	0	0	0	0	0	0	0	0	0	0	0	0	0	0	0	0	0	0	0	0	0	0	1.0	0.5	1.0	0	1.00.0000	1.00.0000	1.00.0000	1.00.0000
7027	6	1	0	Q_DAY_KILL1	90	90	0	0	1191	1	100	0	0	0	0	0	0	0	0	0	0	0	0	0	0	0	0	_F_TALK_000	_F_EMPOWER_000	0	0	0	0	0	0	0	0	0	0	0	0	0	0	0	0	0	0	0	0	0	0	0	0	1.0	0.5	1.0	0	1.01.0000	1.01.0000	1.01.0000	1.01.0000
7028	6	1	0	Q_DAY_KILL1	100	100	0	0	1278	1	110	0	0	0	0	0	0	0	0	0	0	0	0	0	0	0	0	_F_TALK_000	_F_EMPOWER_000	0	0	0	0	0	0	0	0	0	0	0	0	0	0	0	0	0	0	0	0	0	0	0	0	1.0	0.5	1.0	0	1.01.0000	1.01.0000	1.01.0000	1.01.0000
7029	6	1	0	Q_DAY_KILL1	110	110	0	0	1374	1	115	0	0	0	0	0	0	0	0	0	0	0	0	0	0	0	0	_F_TALK_000	_F_EMPOWER_000	0	0	0	0	0	0	0	0	0	0	0	0	0	0	0	0	0	0	0	0	0	0	0	0	1.0	0.5	1.0	0	1.01.0000	1.01.0000	1.01.0000	1.01.0000
7030	6	1	0	Q_DAY_KILL1	115	115	0	0	1471	1	120	0	0	0	0	0	0	0	0	0	0	0	0	0	0	0	0	_F_TALK_000	_F_EMPOWER_000	0	0	0	0	0	0	0	0	0	0	0	0	0	0	0	0	0	0	0	0	0	0	0	0	1.0	0.5	1.0	0	1.01.0000	1.01.0000	1.01.0000	1.01.0000
7031	6	126	1	Q_DAY_WATCH	30	30	0	919	5	50	69	0	0	0	0	0	0	0	0	0	0	0	0	0	0	0	0	_F_TALK_000	_F_TALK_000	0	0	0	0	0	0	0	0	0	0	0	0	0	0	0	0	0	0	0	0	0	0	0	0	1.0	0.5	1.0	0	1.00.0000	1.00.0000	1.00.0000	1.00.0000
7032	6	127	1	Q_DAY_WATCH	70	70	0	919	5	50	94	0	0	0	0	0	0	0	0	0	0	0	0	0	0	0	0	_F_TALK_000	_F_TALK_000	0	0	0	0	0	0	0	0	0	0	0	0	0	0	0	0	0	0	0	0	0	0	0	0	1.0	0.5	1.0	0	1.00.0000	1.00.0000	1.00.0000	1.00.0000
7033	6	128	1	Q_DAY_WATCH	95	95	0	919	5	50	109	0	0	0	0	0	0	0	0	0	0	0	0	0	0	0	0	_F_TALK_000	_F_TALK_000	0	0	0	0	0	0	0	0	0	0	0	0	0	0	0	0	0	0	0	0	0	0	0	0	1.0	0.5	1.0	0	1.01.0000	1.01.0000	1.01.0000	1.01.0000
7034	6	129	1	Q_DAY_WATCH	110	110	0	919	5	50	120	0	0	0	0	0	0	0	0	0	0	0	0	0	0	0	0	_F_TALK_000	_F_TALK_000	0	0	0	0	0	0	0	0	0	0	0	0	0	0	0	0	0	0	0	0	0	0	0	0	1.0	0.5	1.0	0	1.01.0000	1.01.0000	1.01.0000	1.01.0000
7035	6	1	0	Q_DAY_GATHER4	40	10	0	0	2500151	5	2605511	1	1200	120	0	0	0	0	0	0	827	827	0	0	0	0	0	_F_TALK_000	_F_EMOTION_001	0	0	0	0	0	0	0	0	0	0	0	0	0	0	0	0	0	0	0	0	0	0	0	0	1.0	0.5	1.0	0	1.00.0000	1.00.0000	1.00.0000	1.00.0000
7036	6	1	0	Q_DAY_GATHER4	40	10	0	0	2500151	5	2605512	1	1200	120	0	0	0	0	0	0	827	827	0	0	0	0	0	_F_TALK_000	_F_EMOTION_001	0	0	0	0	0	0	0	0	0	0	0	0	0	0	0	0	0	0	0	0	0	0	0	0	1.0	0.5	1.0	0	1.00.0000	1.00.0000	1.00.0000	1.00.0000
7037	6	1	0	Q_DAY_GATHER4	40	10	0	0	2500151	5	2605513	1	1200	120	0	0	0	0	0	0	827	827	0	0	0	0	0	_F_TALK_000	_F_EMOTION_001	0	0	0	0	0	0	0	0	0	0	0	0	0	0	0	0	0	0	0	0	0	0	0	0	1.0	0.5	1.0	0	1.00.0000	1.00.0000	1.00.0000	1.00.0000
7038	6	1	0	Q_DAY_GATHER4	40	10	0	0	2500151	5	2605514	1	1200	120	0	0	0	0	0	0	827	827	0	0	0	0	0	_F_TALK_000	_F_EMOTION_001	0	0	0	0	0	0	0	0	0	0	0	0	0	0	0	0	0	0	0	0	0	0	0	0	1.0	0.5	1.0	0	1.00.0000	1.00.0000	1.00.0000	1.00.0000
7039	6	1	0	Q_DAY_GATHER4	40	10	0	0	2500151	5	2605515	1	1200	120	0	0	0	0	0	0	827	827	0	0	0	0	0	_F_TALK_000	_F_EMOTION_001	0	0	0	0	0	0	0	0	0	0	0	0	0	0	0	0	0	0	0	0	0	0	0	0	1.0	0.5	1.0	0	1.00.0000	1.00.0000	1.00.0000	1.00.0000
7045	6	1	0	Q_DAY_COLLECT1	8	8	0	966	13	0	0	0	0	0	0	0	0	0	0	0	0	0	0	0	0	0	0	_F_FLEX_000	_F_HAPPY_000	2600552	1	0	0	0	0	0	0	0	0	0	0	0	0	0	0	0	0	0	0	0	0	0	0	0.8500000238418579	0.10000000149011612	0.10000000149011612	0	1.00.0000	1.00.0000	1.00.0000	1.00.0000
7046	6	1	0	Q_DAY_MOVIE_COLLECT1	40	40	0	967	14	55	10	0	0	0	0	0	0	0	0	0	0	0	0	0	0	0	0	MAGELLON_000.wmv	_F_TALK_000	2600553	1	0	0	0	0	0	0	0	0	0	0	0	0	0	0	0	0	0	0	0	0	0	0	0.8500000238418579	0.10000000149011612	0.10000000149011612	0	1.00.0000	1.00.0000	1.00.0000	1.00.0000
7047	6	1	0	Q_DAY_COLLECT1	50	50	0	968	2	98	10	0	0	0	0	0	0	0	0	0	0	0	0	0	0	0	0	_F_FLEX_000	_F_HAPPY_000	2600543	1	0	0	0	0	0	0	0	0	0	0	0	0	0	0	0	0	0	0	0	0	0	0	0.8500000238418579	0.10000000149011612	0.10000000149011612	0	1.00.0000	1.00.0000	1.00.0000	1.00.0000
7048	6	1	0	Q_DAY_COLLECT1	60	60	0	969	11	142	20	0	0	0	0	0	0	0	0	0	0	0	0	0	0	0	0	_F_FLEX_000	_F_HAPPY_000	2600551	1	0	0	0	0	0	0	0	0	0	0	0	0	0	0	0	0	0	0	0	0	0	0	0.8500000238418579	0.10000000149011612	0.10000000149011612	0	1.00.0000	1.00.0000	1.00.0000	1.00.0000
7050	6	1	0	Q_DAY_COLLECT2	80	80	0	971	9	221	20	223	20	0	0	0	0	0	0	0	0	0	0	0	0	0	0	_F_FLEX_000	_F_HAPPY_000	2600549	1	0	0	0	0	0	0	0	0	0	0	0	0	0	0	0	0	0	0	0	0	0	0	0.8500000238418579	0.10000000149011612	0.10000000149011612	0	1.00.0000	1.00.0000	1.00.0000	1.00.0000
7051	6	1	0	Q_DAY_MOVIE_COLLECT1	81	81	0	972	5	385	20	0	0	0	0	0	0	0	0	0	0	0	0	0	0	0	0	JASON_000.wmv	JASON_000.wmv	2600546	1	0	0	0	0	0	0	0	0	0	0	0	0	0	0	0	0	0	0	0	0	0	0	0.8500000238418579	0.10000000149011612	0.10000000149011612	0	1.01.0000	1.01.0000	1.01.0000	1.01.0000
7052	6	1	0	Q_DAY_MOVIE_COLLECT1	85	85	0	973	6	275	20	0	0	0	0	0	0	0	0	0	0	0	0	0	0	0	0	MEDEA_000.wmv	MEDEA_000.wmv	2600547	1	0	0	0	0	0	0	0	0	0	0	0	0	0	0	0	0	0	0	0	0	0	0	0.8500000238418579	0.10000000149011612	0.10000000149011612	0	1.01.0000	1.01.0000	1.01.0000	1.01.0000
7053	6	1	0	Q_DAY_MOVIE_COLLECT1	90	90	0	974	10	307	20	0	0	0	0	0	0	0	0	0	0	0	0	0	0	0	0	ANGEL_000.wmv	ANGEL_000.wmv	2600550	1	0	0	0	0	0	0	0	0	0	0	0	0	0	0	0	0	0	0	0	0	0	0	0.8500000238418579	0.10000000149011612	0.10000000149011612	0	1.01.0000	1.01.0000	1.01.0000	1.01.0000
7054	6	1	0	Q_DAY_MOVIE_COLLECT1	95	95	0	975	4	672	20	0	0	0	0	0	0	0	0	0	0	0	0	0	0	0	0	PLATO_000.wmv	PLATO_000.wmv	2600545	1	0	0	0	0	0	0	0	0	0	0	0	0	0	0	0	0	0	0	0	0	0	0	0.8500000238418579	0.10000000149011612	0.10000000149011612	0	1.01.0000	1.01.0000	1.01.0000	1.01.0000
7055	6	1	0	Q_DAY_MOVIE_COLLECT1	100	100	0	976	3	342	20	0	0	0	0	0	0	0	0	0	0	0	0	0	0	0	0	ODYSSEY_000.wmv	ODYSSEY_000.wmv	2600544	1	0	0	0	0	0	0	0	0	0	0	0	0	0	0	0	0	0	0	0	0	0	0	0.8500000238418579	0.10000000149011612	0.10000000149011612	0	1.01.0000	1.01.0000	1.01.0000	1.01.0000
7056	6	1	0	Q_DAY_MOVIE_COLLECT1	105	105	0	977	1	422	20	0	0	0	0	0	0	0	0	0	0	0	0	0	0	0	0	ANGEL_000.wmv	ANGEL_000.wmv	2600542	1	0	0	0	0	0	0	0	0	0	0	0	0	0	0	0	0	0	0	0	0	0	0	0.8500000238418579	0.10000000149011612	0.10000000149011612	0	1.01.0000	1.01.0000	1.01.0000	1.01.0000
7057	6	1	0	Q_DAY_MOVIE_COLLECT2	110	110	0	978	7	450	20	452	20	0	0	0	0	0	0	0	0	0	0	0	0	0	0	DRAKE_000.wmv	DRAKE_000.wmv	2600548	1	0	0	0	0	0	0	0	0	0	0	0	0	0	0	0	0	0	0	0	0	0	0	0.8500000238418579	0.10000000149011612	0.10000000149011612	0	1.01.0000	1.01.0000	1.01.0000	1.01.0000
7060	6	1	0	Q_DAY_KILL1	50	50	0	931	2162	1	120	0	0	0	0	0	0	0	0	0	0	0	0	0	0	0	0	_F_TALK_000	_F_EMPOWER_000	0	0	0	0	0	0	0	0	0	0	0	0	0	0	0	0	0	0	0	0	0	0	0	0	1.0	0.5	1.0	0	1.00.0000	1.00.0000	1.00.0000	1.00.0000
7061	6	1	0	Q_DAY_KILL1	70	70	0	931	1665	1	120	0	0	0	0	0	0	0	0	0	0	0	0	0	0	0	0	_F_TALK_000	_F_EMPOWER_000	0	0	0	0	0	0	0	0	0	0	0	0	0	0	0	0	0	0	0	0	0	0	0	0	1.0	0.5	1.0	0	1.00.0000	1.00.0000	1.00.0000	1.00.0000
7062	25	0	0	Q_ENTER_INSTANCE6	50	50	0	0	7060	1026	2600001	1	2	0	0	0	0	0	0	0	0	0	0	0	0	0	0	_F_TALK_000	_F_TALK_000	0	0	0	0	0	0	0	0	0	0	0	0	0	0	0	0	0	0	0	0	0	0	0	0	0.0	0.0	0.0	0	1.00.0000	1.00.0000	1.00.0000	1.00.0000
7063	25	0	0	Q_ENTER_INSTANCE6	70	70	0	0	7061	1027	2600001	1	2	0	0	0	0	0	0	0	0	0	0	0	0	0	0	_F_TALK_000	_F_TALK_000	0	0	0	0	0	0	0	0	0	0	0	0	0	0	0	0	0	0	0	0	0	0	0	0	0.0	0.0	0.0	0	1.00.0000	1.00.0000	1.00.0000	1.00.0000
7064	6	1	0	Q_DAY_CON	40	10	0	915	120	2400821	2605511	2605512	2605513	2605514	2605515	0	0	0	0	0	0	0	0	0	0	0	0	_F_TALK_000	_F_TALK_000	2400821	1	0	0	0	0	0	0	0	0	0	0	0	0	0	0	0	0	0	0	0	0	0	0	0.8500000238418579	0.10000000149011612	0.10000000149011612	0	1.00.0000	1.00.0000	1.00.0000	1.00.0000
7065	6	1	1	Q_DAY_BUSINESS	45	45	0	111	2500433	100	7066	7067	7068	30	69	0	0	0	0	0	0	0	0	0	0	0	0	_F_EMOTION_006	_F_EMOTION_006	0	0	0	0	0	0	0	0	0	0	0	0	0	0	0	0	0	0	0	0	0	0	0	0	1.0	0.5	1.0	0	1.01.0000	1.01.0000	1.01.0000	1.01.0000
7066	6	186	0	Q_SET28	45	45	0	0	7065	2500433	100	7067	7068	0	0	0	0	0	0	0	0	0	0	0	0	0	0	_F_TALK_000	_F_TALK_000	2600002	1	0	0	0	0	0	0	0	0	0	0	0	0	0	0	0	0	0	0	0	0	0	0	0.8500000238418579	0.10000000149011612	0.10000000149011612	0	1.01.0000	1.01.0000	1.01.0000	1.01.0000
7067	6	186	0	Q_SET28	45	45	0	0	7065	2500433	100	7066	7068	0	0	0	0	0	0	0	0	0	0	0	0	0	0	_F_TALK_000	_F_TALK_000	2600002	2	0	0	0	0	0	0	0	0	0	0	0	0	0	0	0	0	0	0	0	0	0	0	0.8500000238418579	0.10000000149011612	0.10000000149011612	0	1.01.0000	1.01.0000	1.01.0000	1.01.0000
7068	6	186	0	Q_SET28	45	45	0	0	7065	2500433	100	7066	7067	0	0	0	0	0	0	0	0	0	0	0	0	0	0	_F_TALK_000	_F_TALK_000	2600002	3	0	0	0	0	0	0	0	0	0	0	0	0	0	0	0	0	0	0	0	0	0	0	0.8500000238418579	0.10000000149011612	0.10000000149011612	0	1.01.0000	1.01.0000	1.01.0000	1.01.0000
7069	6	1	1	Q_DAY_BUSINESS	70	70	0	0	2500438	100	7070	7071	7072	30	91	0	0	0	0	0	0	0	0	0	0	0	0	_F_EMOTION_006	_F_EMOTION_006	0	0	0	0	0	0	0	0	0	0	0	0	0	0	0	0	0	0	0	0	0	0	0	0	1.0	0.5	1.0	0	1.01.0000	1.01.0000	1.01.0000	1.01.0000
7070	6	186	0	Q_SET28	70	70	0	0	7069	2500438	100	7071	7072	0	0	0	0	0	0	0	0	0	0	0	0	0	0	_F_TALK_000	_F_TALK_000	2600002	2	0	0	0	0	0	0	0	0	0	0	0	0	0	0	0	0	0	0	0	0	0	0	0.8500000238418579	0.10000000149011612	0.10000000149011612	0	1.01.0000	1.01.0000	1.01.0000	1.01.0000
7071	6	186	0	Q_SET28	70	70	0	0	7069	2500438	100	7070	7072	0	0	0	0	0	0	0	0	0	0	0	0	0	0	_F_TALK_000	_F_TALK_000	2600002	3	0	0	0	0	0	0	0	0	0	0	0	0	0	0	0	0	0	0	0	0	0	0	0.8500000238418579	0.10000000149011612	0.10000000149011612	0	1.01.0000	1.01.0000	1.01.0000	1.01.0000
7072	6	186	0	Q_SET28	70	70	0	0	7069	2500438	100	7070	7071	0	0	0	0	0	0	0	0	0	0	0	0	0	0	_F_TALK_000	_F_TALK_000	2600002	4	0	0	0	0	0	0	0	0	0	0	0	0	0	0	0	0	0	0	0	0	0	0	0.8500000238418579	0.10000000149011612	0.10000000149011612	0	1.01.0000	1.01.0000	1.01.0000	1.01.0000
7073	6	1	1	Q_DAY_BUSINESS	92	92	0	0	2500443	100	7074	7075	7076	30	111	0	0	0	0	0	0	0	0	0	0	0	0	_F_EMOTION_006	_F_EMOTION_006	0	0	0	0	0	0	0	0	0	0	0	0	0	0	0	0	0	0	0	0	0	0	0	0	1.0	0.5	1.0	0	1.01.0000	1.01.0000	1.01.0000	1.01.0000
7074	6	186	0	Q_SET28	92	92	0	0	7073	2500443	100	7075	7076	0	0	0	0	0	0	0	0	0	0	0	0	0	0	_F_TALK_000	_F_TALK_000	2600002	3	0	0	0	0	0	0	0	0	0	0	0	0	0	0	0	0	0	0	0	0	0	0	0.8500000238418579	0.10000000149011612	0.10000000149011612	0	1.01.0000	1.01.0000	1.01.0000	1.01.0000
7075	6	186	0	Q_SET28	92	92	0	0	7073	2500443	100	7074	7076	0	0	0	0	0	0	0	0	0	0	0	0	0	0	_F_TALK_000	_F_TALK_000	2600002	4	0	0	0	0	0	0	0	0	0	0	0	0	0	0	0	0	0	0	0	0	0	0	0.8500000238418579	0.10000000149011612	0.10000000149011612	0	1.01.0000	1.01.0000	1.01.0000	1.01.0000
7076	6	186	0	Q_SET28	92	92	0	0	7073	2500443	100	7074	7075	0	0	0	0	0	0	0	0	0	0	0	0	0	0	_F_TALK_000	_F_TALK_000	2600002	5	0	0	0	0	0	0	0	0	0	0	0	0	0	0	0	0	0	0	0	0	0	0	0.8500000238418579	0.10000000149011612	0.10000000149011612	0	1.01.0000	1.01.0000	1.01.0000	1.01.0000
7077	6	1	1	Q_DAY_BUSINESS	112	112	0	0	2500448	100	7078	7079	7080	30	120	0	0	0	0	0	0	0	0	0	0	0	0	_F_EMOTION_006	_F_EMOTION_006	0	0	0	0	0	0	0	0	0	0	0	0	0	0	0	0	0	0	0	0	0	0	0	0	1.0	0.5	1.0	0	1.01.0000	1.01.0000	1.01.0000	1.01.0000
7078	6	186	0	Q_SET28	112	112	0	0	7077	2500448	100	7079	7080	0	0	0	0	0	0	0	0	0	0	0	0	0	0	_F_TALK_000	_F_TALK_000	2600002	4	0	0	0	0	0	0	0	0	0	0	0	0	0	0	0	0	0	0	0	0	0	0	0.8500000238418579	0.10000000149011612	0.10000000149011612	0	1.01.0000	1.01.0000	1.01.0000	1.01.0000
7079	6	186	0	Q_SET28	112	112	0	0	7077	2500448	100	7078	7080	0	0	0	0	0	0	0	0	0	0	0	0	0	0	_F_TALK_000	_F_TALK_000	2600002	5	0	0	0	0	0	0	0	0	0	0	0	0	0	0	0	0	0	0	0	0	0	0	0.8500000238418579	0.10000000149011612	0.10000000149011612	0	1.01.0000	1.01.0000	1.01.0000	1.01.0000
7080	6	186	0	Q_SET28	112	112	0	0	7077	2500448	100	7078	7079	0	0	0	0	0	0	0	0	0	0	0	0	0	0	_F_TALK_000	_F_TALK_000	2600002	6	0	0	0	0	0	0	0	0	0	0	0	0	0	0	0	0	0	0	0	0	0	0	0.8500000238418579	0.10000000149011612	0.10000000149011612	0	1.01.0000	1.01.0000	1.01.0000	1.01.0000
7081	6	126	1	Q_DAY_HUNT	40	20	0	0	8665	8666	40	120	8757	0	0	0	0	0	0	0	0	0	0	0	0	0	0	_F_TALK_000	_F_TALK_000	2400833	1	0	0	0	0	0	0	0	0	0	0	0	0	0	0	0	0	0	0	0	0	0	0	1.0	0.5	1.0	0	1.00.0000	1.00.0000	1.00.0000	1.00.0000
7082	6	1	1	Q_DAY_CHOOSE1	44	44	0	895	43	7083	7084	0	0	0	0	0	0	0	0	0	0	0	0	0	0	0	0	_F_FLEX_000	_F_HAPPY_000	0	0	0	0	0	0	0	0	0	0	0	0	0	0	0	0	0	0	0	0	0	0	0	0	1.0	0.5	1.0	0	1.00.0000	1.00.0000	1.00.0000	1.00.0000
7083	6	1	0	Q_DAY_CHOOSE2	44	44	0	0	7082	2500453	10	2061	7084	0	0	0	0	0	0	0	0	0	0	0	0	0	0	_F_TALK_000	_F_FLEX_000	0	0	0	0	0	0	0	0	0	0	0	0	0	0	0	0	0	0	0	0	0	0	0	0	0.8500000238418579	0.10000000149011612	0.10000000149011612	0	1.00.0000	1.00.0000	1.00.0000	1.00.0000
7085	25	0	0	Q_ENTER_INSTANCE3	44	44	0	0	7083	2061	2500453	10	0	0	0	0	0	0	0	0	0	0	0	0	0	0	0	_F_TALK_000	_F_TALK_000	0	0	0	0	0	0	0	0	0	0	0	0	0	0	0	0	0	0	0	0	0	0	0	0	0.0	0.0	0.0	0	1.00.0000	1.00.0000	1.00.0000	1.00.0000
7086	6	1	1	Q_DAY_CHOOSE1	46	46	0	0	45	7087	7088	0	0	0	0	0	0	0	0	0	0	0	0	0	0	0	0	_F_FLEX_000	_F_HAPPY_000	0	0	0	0	0	0	0	0	0	0	0	0	0	0	0	0	0	0	0	0	0	0	0	0	1.0	0.5	1.0	0	1.00.0000	1.00.0000	1.00.0000	1.00.0000
7087	6	1	0	Q_DAY_CHOOSE2	46	46	0	0	7086	2500454	15	2063	7088	0	0	0	0	0	0	0	0	0	0	0	0	0	0	_F_TALK_000	_F_FLEX_000	0	0	0	0	0	0	0	0	0	0	0	0	0	0	0	0	0	0	0	0	0	0	0	0	0.8500000238418579	0.10000000149011612	0.10000000149011612	0	1.00.0000	1.00.0000	1.00.0000	1.00.0000
7089	25	0	0	Q_ENTER_INSTANCE3	46	46	0	0	7087	2063	2500454	15	0	0	0	0	0	0	0	0	0	0	0	0	0	0	0	_F_TALK_000	_F_TALK_000	0	0	0	0	0	0	0	0	0	0	0	0	0	0	0	0	0	0	0	0	0	0	0	0	0.0	0.0	0.0	0	1.00.0000	1.00.0000	1.00.0000	1.00.0000
7090	6	1	1	Q_DAY_CHOOSE1	48	48	0	0	47	7091	7092	0	0	0	0	0	0	0	0	0	0	0	0	0	0	0	0	_F_FLEX_000	_F_HAPPY_000	0	0	0	0	0	0	0	0	0	0	0	0	0	0	0	0	0	0	0	0	0	0	0	0	1.0	0.5	1.0	0	1.00.0000	1.00.0000	1.00.0000	1.00.0000
7091	6	1	0	Q_DAY_CHOOSE2	48	48	0	0	7090	2500455	15	2065	7092	0	0	0	0	0	0	0	0	0	0	0	0	0	0	_F_TALK_000	_F_FLEX_000	0	0	0	0	0	0	0	0	0	0	0	0	0	0	0	0	0	0	0	0	0	0	0	0	0.8500000238418579	0.10000000149011612	0.10000000149011612	0	1.00.0000	1.00.0000	1.00.0000	1.00.0000
7093	25	0	0	Q_ENTER_INSTANCE3	48	48	0	0	7091	2065	2500455	15	0	0	0	0	0	0	0	0	0	0	0	0	0	0	0	_F_TALK_000	_F_TALK_000	0	0	0	0	0	0	0	0	0	0	0	0	0	0	0	0	0	0	0	0	0	0	0	0	0.0	0.0	0.0	0	1.00.0000	1.00.0000	1.00.0000	1.00.0000
7098	6	1	1	Q_DAY_CHOOSE1	50	50	0	0	0	7099	7100	2605521	1	0	0	0	0	0	0	0	0	0	0	0	0	0	0	_F_FLEX_000	_F_HAPPY_000	0	0	0	0	0	0	0	0	0	0	0	0	0	0	0	0	0	0	0	0	0	0	0	0	1.0	0.5	1.0	0	1.02.0000	1.02.0000	1.02.0000	1.02.0000
7099	6	1	0	Q_DAY_CHOOSE2	50	50	0	0	7098	2500457	10	2069	7100	0	0	0	0	0	0	0	0	0	0	0	0	0	0	_F_TALK_000	_F_FLEX_000	0	0	0	0	0	0	0	0	0	0	0	0	0	0	0	0	0	0	0	0	0	0	0	0	0.8500000238418579	0.10000000149011612	0.10000000149011612	0	1.02.0000	1.02.0000	1.02.0000	1.02.0000
7101	25	0	0	Q_ENTER_INSTANCE3	50	50	0	0	7099	2069	2500457	10	0	0	0	0	0	0	0	0	0	0	0	0	0	0	0	_F_TALK_000	_F_TALK_000	0	0	0	0	0	0	0	0	0	0	0	0	0	0	0	0	0	0	0	0	0	0	0	0	0.0	0.0	0.0	0	1.02.0000	1.02.0000	1.02.0000	1.02.0000
7102	6	1	1	Q_DAY_CHOOSE1	50	50	0	0	0	7103	7104	2605522	1	0	0	0	0	0	0	0	0	0	0	0	0	0	0	_F_FLEX_000	_F_HAPPY_000	0	0	0	0	0	0	0	0	0	0	0	0	0	0	0	0	0	0	0	0	0	0	0	0	1.0	0.5	1.0	0	1.02.0000	1.02.0000	1.02.0000	1.02.0000
7103	6	1	0	Q_DAY_CHOOSE2	50	50	0	0	7102	2500458	15	2071	7104	0	0	0	0	0	0	0	0	0	0	0	0	0	0	_F_TALK_000	_F_FLEX_000	0	0	0	0	0	0	0	0	0	0	0	0	0	0	0	0	0	0	0	0	0	0	0	0	0.8500000238418579	0.10000000149011612	0.10000000149011612	0	1.02.0000	1.02.0000	1.02.0000	1.02.0000
7105	25	0	0	Q_ENTER_INSTANCE3	50	50	0	0	7103	2071	2500458	15	0	0	0	0	0	0	0	0	0	0	0	0	0	0	0	_F_TALK_000	_F_TALK_000	0	0	0	0	0	0	0	0	0	0	0	0	0	0	0	0	0	0	0	0	0	0	0	0	0.0	0.0	0.0	0	1.02.0000	1.02.0000	1.02.0000	1.02.0000
7106	6	1	1	Q_DAY_CHOOSE1	50	50	0	0	0	7107	7108	2605523	1	0	0	0	0	0	0	0	0	0	0	0	0	0	0	_F_FLEX_000	_F_HAPPY_000	0	0	0	0	0	0	0	0	0	0	0	0	0	0	0	0	0	0	0	0	0	0	0	0	1.0	0.5	1.0	0	1.02.0000	1.02.0000	1.02.0000	1.02.0000
7107	6	1	0	Q_DAY_CHOOSE2	50	50	0	0	7106	2500459	15	2073	7108	0	0	0	0	0	0	0	0	0	0	0	0	0	0	_F_TALK_000	_F_FLEX_000	0	0	0	0	0	0	0	0	0	0	0	0	0	0	0	0	0	0	0	0	0	0	0	0	0.8500000238418579	0.10000000149011612	0.10000000149011612	0	1.02.0000	1.02.0000	1.02.0000	1.02.0000
7109	25	0	0	Q_ENTER_INSTANCE3	50	50	0	0	7107	2073	2500459	15	0	0	0	0	0	0	0	0	0	0	0	0	0	0	0	_F_TALK_000	_F_TALK_000	0	0	0	0	0	0	0	0	0	0	0	0	0	0	0	0	0	0	0	0	0	0	0	0	0.0	0.0	0.0	0	1.02.0000	1.02.0000	1.02.0000	1.02.0000
7110	6	1	1	Q_DAY_CHOOSE1	50	50	0	0	0	7111	7112	2605524	1	0	0	0	0	0	0	0	0	0	0	0	0	0	0	_F_FLEX_000	_F_HAPPY_000	0	0	0	0	0	0	0	0	0	0	0	0	0	0	0	0	0	0	0	0	0	0	0	0	1.0	0.5	1.0	0	1.02.0000	1.02.0000	1.02.0000	1.02.0000
7111	6	1	0	Q_DAY_CHOOSE2	50	50	0	0	7110	2500460	15	2075	7112	0	0	0	0	0	0	0	0	0	0	0	0	0	0	_F_TALK_000	_F_FLEX_000	0	0	0	0	0	0	0	0	0	0	0	0	0	0	0	0	0	0	0	0	0	0	0	0	0.8500000238418579	0.10000000149011612	0.10000000149011612	0	1.02.0000	1.02.0000	1.02.0000	1.02.0000
7113	25	0	0	Q_ENTER_INSTANCE3	50	50	0	0	7111	2075	2500460	15	0	0	0	0	0	0	0	0	0	0	0	0	0	0	0	_F_TALK_000	_F_TALK_000	0	0	0	0	0	0	0	0	0	0	0	0	0	0	0	0	0	0	0	0	0	0	0	0	0.0	0.0	0.0	0	1.02.0000	1.02.0000	1.02.0000	1.02.0000
7114	6	1	1	Q_DAY_CHOOSE1	50	50	0	0	0	7115	7116	2605525	1	0	0	0	0	0	0	0	0	0	0	0	0	0	0	_F_TALK_000	_F_FLEX_000	0	0	0	0	0	0	0	0	0	0	0	0	0	0	0	0	0	0	0	0	0	0	0	0	1.0	0.5	1.0	0	1.02.0000	1.02.0000	1.02.0000	1.02.0000
7115	6	1	0	Q_DAY_CHOOSE2	50	50	0	0	7114	2500461	10	2062	7116	0	0	0	0	0	0	0	0	0	0	0	0	0	0	_F_TALK_000	_F_TALK_000	0	0	0	0	0	0	0	0	0	0	0	0	0	0	0	0	0	0	0	0	0	0	0	0	0.8500000238418579	0.10000000149011612	0.10000000149011612	0	1.02.0000	1.02.0000	1.02.0000	1.02.0000
7117	25	0	0	Q_ENTER_INSTANCE3	50	50	0	0	7115	2062	2500461	10	0	0	0	0	0	0	0	0	0	0	0	0	0	0	0	_F_TALK_000	_F_FLEX_000	0	0	0	0	0	0	0	0	0	0	0	0	0	0	0	0	0	0	0	0	0	0	0	0	0.0	0.0	0.0	0	1.02.0000	1.02.0000	1.02.0000	1.02.0000
7118	6	1	1	Q_DAY_CHOOSE1	50	50	0	0	0	7119	7120	2605526	1	0	0	0	0	0	0	0	0	0	0	0	0	0	0	_F_TALK_000	_F_FLEX_000	0	0	0	0	0	0	0	0	0	0	0	0	0	0	0	0	0	0	0	0	0	0	0	0	1.0	0.5	1.0	0	1.02.0000	1.02.0000	1.02.0000	1.02.0000
7119	6	1	0	Q_DAY_CHOOSE2	50	50	0	0	7118	2500462	10	2064	7120	0	0	0	0	0	0	0	0	0	0	0	0	0	0	_F_TALK_000	_F_TALK_000	0	0	0	0	0	0	0	0	0	0	0	0	0	0	0	0	0	0	0	0	0	0	0	0	0.8500000238418579	0.10000000149011612	0.10000000149011612	0	1.02.0000	1.02.0000	1.02.0000	1.02.0000
7121	25	0	0	Q_ENTER_INSTANCE3	50	50	0	0	7119	2064	2500462	10	0	0	0	0	0	0	0	0	0	0	0	0	0	0	0	_F_TALK_000	_F_TALK_000	0	0	0	0	0	0	0	0	0	0	0	0	0	0	0	0	0	0	0	0	0	0	0	0	0.0	0.0	0.0	0	1.02.0000	1.02.0000	1.02.0000	1.02.0000
7122	6	1	1	Q_DAY_CHOOSE1	50	50	0	0	0	7123	7124	2605538	1	0	0	0	0	0	0	0	0	0	0	0	0	0	0	_F_TALK_000	_F_FLEX_000	0	0	0	0	0	0	0	0	0	0	0	0	0	0	0	0	0	0	0	0	0	0	0	0	1.0	0.5	1.0	0	1.02.0000	1.02.0000	1.02.0000	1.02.0000
7123	6	1	0	Q_DAY_CHOOSE2	50	50	0	0	7122	2500463	10	2066	7124	0	0	0	0	0	0	0	0	0	0	0	0	0	0	_F_TALK_000	_F_TALK_000	0	0	0	0	0	0	0	0	0	0	0	0	0	0	0	0	0	0	0	0	0	0	0	0	0.8500000238418579	0.10000000149011612	0.10000000149011612	0	1.02.0000	1.02.0000	1.02.0000	1.02.0000
7125	25	0	0	Q_ENTER_INSTANCE3	50	50	0	0	7123	2066	2500463	10	0	0	0	0	0	0	0	0	0	0	0	0	0	0	0	_F_TALK_000	_F_TALK_000	0	0	0	0	0	0	0	0	0	0	0	0	0	0	0	0	0	0	0	0	0	0	0	0	0.0	0.0	0.0	0	1.02.0000	1.02.0000	1.02.0000	1.02.0000
7126	6	1	1	Q_DAY_CHOOSE1	50	50	0	0	0	7127	7128	2605539	1	0	0	0	0	0	0	0	0	0	0	0	0	0	0	_F_TALK_000	_F_FLEX_000	0	0	0	0	0	0	0	0	0	0	0	0	0	0	0	0	0	0	0	0	0	0	0	0	1.0	0.5	1.0	0	1.02.0000	1.02.0000	1.02.0000	1.02.0000
7127	6	1	0	Q_DAY_CHOOSE2	50	50	0	0	7126	2500464	14	2068	7128	0	0	0	0	0	0	0	0	0	0	0	0	0	0	_F_TALK_000	_F_TALK_000	0	0	0	0	0	0	0	0	0	0	0	0	0	0	0	0	0	0	0	0	0	0	0	0	0.8500000238418579	0.10000000149011612	0.10000000149011612	0	1.02.0000	1.02.0000	1.02.0000	1.02.0000
7129	25	0	0	Q_ENTER_INSTANCE3	50	50	0	0	7127	2068	2500464	14	0	0	0	0	0	0	0	0	0	0	0	0	0	0	0	_F_TALK_000	_F_TALK_000	0	0	0	0	0	0	0	0	0	0	0	0	0	0	0	0	0	0	0	0	0	0	0	0	0.0	0.0	0.0	0	1.02.0000	1.02.0000	1.02.0000	1.02.0000
7130	6	1	1	Q_DAY_CHOOSE1	50	50	0	0	0	7131	7132	2605527	1	0	0	0	0	0	0	0	0	0	0	0	0	0	0	_F_TALK_000	_F_FLEX_000	0	0	0	0	0	0	0	0	0	0	0	0	0	0	0	0	0	0	0	0	0	0	0	0	1.0	0.5	1.0	0	1.02.0000	1.02.0000	1.02.0000	1.02.0000
7131	6	1	0	Q_DAY_CHOOSE2	50	50	0	0	7130	2500465	15	2070	7132	0	0	0	0	0	0	0	0	0	0	0	0	0	0	_F_TALK_000	_F_TALK_000	0	0	0	0	0	0	0	0	0	0	0	0	0	0	0	0	0	0	0	0	0	0	0	0	0.8500000238418579	0.10000000149011612	0.10000000149011612	0	1.02.0000	1.02.0000	1.02.0000	1.02.0000
7133	25	0	0	Q_ENTER_INSTANCE3	50	50	0	0	7131	2070	2500465	15	0	0	0	0	0	0	0	0	0	0	0	0	0	0	0	_F_TALK_000	_F_FLEX_000	0	0	0	0	0	0	0	0	0	0	0	0	0	0	0	0	0	0	0	0	0	0	0	0	0.0	0.0	0.0	0	1.02.0000	1.02.0000	1.02.0000	1.02.0000
7134	6	1	1	Q_DAY_CHOOSE1	50	50	0	0	0	7135	7136	2605528	1	0	0	0	0	0	0	0	0	0	0	0	0	0	0	_F_TALK_000	_F_FLEX_000	0	0	0	0	0	0	0	0	0	0	0	0	0	0	0	0	0	0	0	0	0	0	0	0	1.0	0.5	1.0	0	1.02.0000	1.02.0000	1.02.0000	1.02.0000
7135	6	1	0	Q_DAY_CHOOSE2	50	50	0	0	7134	2500466	25	2072	7136	0	0	0	0	0	0	0	0	0	0	0	0	0	0	_F_TALK_000	_F_TALK_000	0	0	0	0	0	0	0	0	0	0	0	0	0	0	0	0	0	0	0	0	0	0	0	0	0.8500000238418579	0.10000000149011612	0.10000000149011612	0	1.02.0000	1.02.0000	1.02.0000	1.02.0000
7137	25	0	0	Q_ENTER_INSTANCE3	50	50	0	0	7135	2072	2500466	25	0	0	0	0	0	0	0	0	0	0	0	0	0	0	0	_F_TALK_000	_F_TALK_000	0	0	0	0	0	0	0	0	0	0	0	0	0	0	0	0	0	0	0	0	0	0	0	0	0.0	0.0	0.0	0	1.02.0000	1.02.0000	1.02.0000	1.02.0000
7138	6	1	1	Q_DAY_CHOOSE1	50	50	0	0	0	7139	7140	2605529	1	0	0	0	0	0	0	0	0	0	0	0	0	0	0	_F_TALK_000	_F_FLEX_000	0	0	0	0	0	0	0	0	0	0	0	0	0	0	0	0	0	0	0	0	0	0	0	0	1.0	0.5	1.0	0	1.02.0000	1.02.0000	1.02.0000	1.02.0000
7139	6	1	0	Q_DAY_CHOOSE2	50	50	0	0	7138	2500467	15	2074	7140	0	0	0	0	0	0	0	0	0	0	0	0	0	0	_F_TALK_000	_F_FLEX_000	0	0	0	0	0	0	0	0	0	0	0	0	0	0	0	0	0	0	0	0	0	0	0	0	0.8500000238418579	0.10000000149011612	0.10000000149011612	0	1.02.0000	1.02.0000	1.02.0000	1.02.0000
7141	25	0	0	Q_ENTER_INSTANCE3	50	50	0	0	7139	2074	2500467	15	0	0	0	0	0	0	0	0	0	0	0	0	0	0	0	_F_TALK_000	_F_TALK_000	0	0	0	0	0	0	0	0	0	0	0	0	0	0	0	0	0	0	0	0	0	0	0	0	0.0	0.0	0.0	0	1.02.0000	1.02.0000	1.02.0000	1.02.0000
7142	6	1	1	Q_DAY_CHOOSE1	50	50	0	0	0	7143	7144	2605530	1	0	0	0	0	0	0	0	0	0	0	0	0	0	0	_F_TALK_000	_F_FLEX_000	0	0	0	0	0	0	0	0	0	0	0	0	0	0	0	0	0	0	0	0	0	0	0	0	1.0	0.5	1.0	0	1.02.0000	1.02.0000	1.02.0000	1.02.0000
7143	6	1	0	Q_DAY_CHOOSE2	50	50	0	0	7142	2500468	15	2076	7144	0	0	0	0	0	0	0	0	0	0	0	0	0	0	_F_TALK_000	_F_TALK_000	0	0	0	0	0	0	0	0	0	0	0	0	0	0	0	0	0	0	0	0	0	0	0	0	0.8500000238418579	0.10000000149011612	0.10000000149011612	0	1.02.0000	1.02.0000	1.02.0000	1.02.0000
7145	25	0	0	Q_ENTER_INSTANCE3	50	50	0	0	7143	2076	2500468	15	0	0	0	0	0	0	0	0	0	0	0	0	0	0	0	_F_TALK_000	_F_TALK_000	0	0	0	0	0	0	0	0	0	0	0	0	0	0	0	0	0	0	0	0	0	0	0	0	0.0	0.0	0.0	0	1.02.0000	1.02.0000	1.02.0000	1.02.0000
7146	6	1	1	Q_DAY_CHOOSE1	50	50	0	0	0	7147	7148	2605531	1	0	0	0	0	0	0	0	0	0	0	0	0	0	0	_F_TALK_000	_F_FLEX_000	0	0	0	0	0	0	0	0	0	0	0	0	0	0	0	0	0	0	0	0	0	0	0	0	1.0	0.5	1.0	0	1.02.0000	1.02.0000	1.02.0000	1.02.0000
7147	6	1	0	Q_DAY_CHOOSE2	50	50	0	0	7146	2500469	20	2077	7148	0	0	0	0	0	0	0	0	0	0	0	0	0	0	_F_TALK_000	_F_TALK_000	0	0	0	0	0	0	0	0	0	0	0	0	0	0	0	0	0	0	0	0	0	0	0	0	0.8500000238418579	0.10000000149011612	0.10000000149011612	0	1.02.0000	1.02.0000	1.02.0000	1.02.0000
7149	25	0	0	Q_ENTER_INSTANCE3	50	50	0	0	7147	2077	2500469	20	0	0	0	0	0	0	0	0	0	0	0	0	0	0	0	_F_TALK_000	_F_TALK_000	0	0	0	0	0	0	0	0	0	0	0	0	0	0	0	0	0	0	0	0	0	0	0	0	0.0	0.0	0.0	0	1.02.0000	1.02.0000	1.02.0000	1.02.0000
7150	6	1	1	Q_DAY_CHOOSE1	50	50	0	0	0	7151	7152	2605532	1	0	0	0	0	0	0	0	0	0	0	0	0	0	0	_F_TALK_000	_F_FLEX_000	0	0	0	0	0	0	0	0	0	0	0	0	0	0	0	0	0	0	0	0	0	0	0	0	1.0	0.5	1.0	0	1.02.0000	1.02.0000	1.02.0000	1.02.0000
7151	6	1	0	Q_DAY_CHOOSE2	50	50	0	0	7150	2500470	15	2078	7152	0	0	0	0	0	0	0	0	0	0	0	0	0	0	_F_TALK_000	_F_TALK_000	0	0	0	0	0	0	0	0	0	0	0	0	0	0	0	0	0	0	0	0	0	0	0	0	0.8500000238418579	0.10000000149011612	0.10000000149011612	0	1.02.0000	1.02.0000	1.02.0000	1.02.0000
7153	25	0	0	Q_ENTER_INSTANCE3	50	50	0	0	7151	2078	2500470	15	0	0	0	0	0	0	0	0	0	0	0	0	0	0	0	_F_TALK_000	_F_TALK_000	0	0	0	0	0	0	0	0	0	0	0	0	0	0	0	0	0	0	0	0	0	0	0	0	0.0	0.0	0.0	0	1.02.0000	1.02.0000	1.02.0000	1.02.0000
7154	6	1	1	Q_DAY_CHOOSE1	50	50	0	0	0	7155	7156	2605533	1	0	0	0	0	0	0	0	0	0	0	0	0	0	0	_F_TALK_000	_F_FLEX_000	0	0	0	0	0	0	0	0	0	0	0	0	0	0	0	0	0	0	0	0	0	0	0	0	1.0	0.5	1.0	0	1.02.0000	1.02.0000	1.02.0000	1.02.0000
7155	6	1	0	Q_DAY_CHOOSE2	50	50	0	0	7154	2500471	20	2079	7156	0	0	0	0	0	0	0	0	0	0	0	0	0	0	_F_TALK_000	_F_TALK_000	0	0	0	0	0	0	0	0	0	0	0	0	0	0	0	0	0	0	0	0	0	0	0	0	0.8500000238418579	0.10000000149011612	0.10000000149011612	0	1.02.0000	1.02.0000	1.02.0000	1.02.0000
7157	25	0	0	Q_ENTER_INSTANCE3	50	50	0	0	7155	2079	2500471	20	0	0	0	0	0	0	0	0	0	0	0	0	0	0	0	_F_TALK_000	_F_TALK_000	0	0	0	0	0	0	0	0	0	0	0	0	0	0	0	0	0	0	0	0	0	0	0	0	0.0	0.0	0.0	0	1.02.0000	1.02.0000	1.02.0000	1.02.0000
7158	6	1	0	Q_DAY_CON1	50	50	0	933	0	2400846	2605520	2605521	2605522	2605523	2605524	2605525	2605526	2605527	2605528	0	0	0	0	0	0	0	0	_F_TALK_000	_F_TALK_000	2400846	1	0	0	0	0	0	0	0	0	0	0	0	0	0	0	0	0	0	0	0	0	0	0	1.0	0.5	1.0	0	1.04.0000	1.04.0000	1.04.0000	1.04.0000
7159	6	1	0	Q_DAY_GATHER1	40	40	0	948	2605503	3	0	0	0	0	0	0	0	0	0	0	0	0	0	0	0	0	0	_F_TALK_000	_F_TALK_000	2413007	1	0	0	0	0	0	0	0	0	0	0	0	0	0	0	0	0	0	0	0	0	0	0	0.8500000238418579	0.10000000149011612	0.10000000149011612	0	1.05.0000	1.05.0000	1.05.0000	1.05.0000
7160	6	1	0	Q_WEEK2_KILL6	40	40	0	0	64	15	2500637	15	49	2	5	0	0	0	0	0	0	0	0	0	0	0	0	_F_TALK_000	_F_TALK_000	0	0	0	0	0	0	0	0	0	0	0	0	0	0	0	0	0	0	0	0	0	0	0	0	1.0	0.5	1.0	0	OUT	1.07.0000	1.07.0000	1.07.0000
7161	6	1	0	Q_WEEK2_KILL6	50	50	0	0	94	15	2500638	15	64	2	5	0	0	0	0	0	0	0	0	0	0	0	0	_F_TALK_000	_F_TALK_000	0	0	0	0	0	0	0	0	0	0	0	0	0	0	0	0	0	0	0	0	0	0	0	0	1.0	0.5	1.0	0	OUT	1.07.0000	1.07.0000	1.07.0000
7162	6	1	0	Q_WEEK2_KILL6	65	65	0	0	139	15	2500639	15	74	2	5	0	0	0	0	0	0	0	0	0	0	0	0	_F_TALK_000	_F_TALK_000	0	0	0	0	0	0	0	0	0	0	0	0	0	0	0	0	0	0	0	0	0	0	0	0	1.0	0.5	1.0	0	OUT	1.07.0000	1.07.0000	1.07.0000
7163	6	1	0	Q_WEEK2_KILL6	75	75	0	0	224	20	2500640	15	79	2	5	0	0	0	0	0	0	0	0	0	0	0	0	_F_TALK_000	_F_TALK_000	0	0	0	0	0	0	0	0	0	0	0	0	0	0	0	0	0	0	0	0	0	0	0	0	1.0	0.5	1.0	0	OUT	1.07.0000	1.07.0000	1.07.0000
7164	6	1	0	Q_WEEK2_KILL6	81	81	0	0	389	20	2500641	15	89	2	5	0	0	0	0	0	0	0	0	0	0	0	0	_F_TALK_000	_F_TALK_000	0	0	0	0	0	0	0	0	0	0	0	0	0	0	0	0	0	0	0	0	0	0	0	0	1.0	0.5	1.0	0	OUT	1.07.0000	1.07.0000	1.07.0000
7165	6	1	0	Q_WEEK2_KILL6	90	90	0	0	276	20	2500642	15	94	2	5	0	0	0	0	0	0	0	0	0	0	0	0	_F_TALK_000	_F_TALK_000	0	0	0	0	0	0	0	0	0	0	0	0	0	0	0	0	0	0	0	0	0	0	0	0	1.0	0.5	1.0	0	OUT	1.07.0000	1.07.0000	1.07.0000
7166	6	1	0	Q_WEEK2_KILL6	95	95	0	0	309	25	2500643	15	99	2	5	0	0	0	0	0	0	0	0	0	0	0	0	_F_TALK_000	_F_TALK_000	0	0	0	0	0	0	0	0	0	0	0	0	0	0	0	0	0	0	0	0	0	0	0	0	1.0	0.5	1.0	0	OUT	1.07.0000	1.07.0000	1.07.0000
7167	6	1	0	Q_WEEK2_KILL6	100	100	0	0	671	25	2500644	15	104	2	5	0	0	0	0	0	0	0	0	0	0	0	0	_F_TALK_000	_F_TALK_000	0	0	0	0	0	0	0	0	0	0	0	0	0	0	0	0	0	0	0	0	0	0	0	0	1.0	0.5	1.0	0	OUT	1.07.0000	1.07.0000	1.07.0000
7168	6	1	0	Q_WEEK2_KILL6	105	105	0	0	346	25	2500645	15	114	2	5	0	0	0	0	0	0	0	0	0	0	0	0	_F_TALK_000	_F_TALK_000	0	0	0	0	0	0	0	0	0	0	0	0	0	0	0	0	0	0	0	0	0	0	0	0	1.0	0.5	1.0	0	OUT	1.07.0000	1.07.0000	1.07.0000
7169	6	1	0	Q_WEEK2_KILL6	112	112	0	0	425	30	2500646	15	117	2	5	0	0	0	0	0	0	0	0	0	0	0	0	_F_TALK_000	_F_TALK_000	0	0	0	0	0	0	0	0	0	0	0	0	0	0	0	0	0	0	0	0	0	0	0	0	1.0	0.5	1.0	0	OUT	1.07.0000	1.07.0000	1.07.0000
7170	6	1	0	Q_WEEK2_KILL6	118	118	0	0	456	30	2500647	15	120	2	5	0	0	0	0	0	0	0	0	0	0	0	0	_F_TALK_000	_F_TALK_000	0	0	0	0	0	0	0	0	0	0	0	0	0	0	0	0	0	0	0	0	0	0	0	0	1.0	0.5	1.0	0	OUT	1.07.0000	1.07.0000	1.07.0000
7171	6	1	0	Q_WEEK2_KILL6	118	118	0	0	501	30	2500648	15	120	2	5	0	0	0	0	0	0	0	0	0	0	0	0	_F_TALK_000	_F_TALK_000	0	0	0	0	0	0	0	0	0	0	0	0	0	0	0	0	0	0	0	0	0	0	0	0	1.0	0.5	1.0	0	OUT	1.07.0000	1.07.0000	1.07.0000
7172	6	1	1	Q_WEEK_SEND2	40	40	0	0	2500649	1	47	1	0	0	0	0	0	0	0	0	0	0	0	0	0	0	0	_F_TALK_000	_F_TALK_000	0	0	0	0	0	0	0	0	0	0	0	0	0	0	0	0	0	0	0	0	0	0	0	0	1.0	0.5	1.0	0	OUT	1.07.0000	1.07.0000	1.07.0000
7173	6	1	1	Q_WEEK_SEND2	40	40	0	0	2500650	1	37	2	0	0	0	0	0	0	0	0	0	0	0	0	0	0	0	_F_TALK_000	_F_TALK_000	0	0	0	0	0	0	0	0	0	0	0	0	0	0	0	0	0	0	0	0	0	0	0	0	1.0	0.5	1.0	0	OUT	1.07.0000	1.07.0000	1.07.0000
7174	6	1	1	Q_WEEK_SEND2	40	40	0	0	2500651	1	47	3	0	0	0	0	0	0	0	0	0	0	0	0	0	0	0	_F_TALK_000	_F_TALK_000	0	0	0	0	0	0	0	0	0	0	0	0	0	0	0	0	0	0	0	0	0	0	0	0	1.0	0.5	1.0	0	OUT	1.07.0000	1.07.0000	1.07.0000
7175	6	1	1	Q_WEEK_SEND2	40	40	0	0	2500652	1	47	4	0	0	0	0	0	0	0	0	0	0	0	0	0	0	0	_F_TALK_000	_F_TALK_000	0	0	0	0	0	0	0	0	0	0	0	0	0	0	0	0	0	0	0	0	0	0	0	0	1.0	0.5	1.0	0	OUT	1.07.0000	1.07.0000	1.07.0000
7176	6	1	1	Q_WEEK_SEND2	40	40	0	0	2500653	1	37	5	0	0	0	0	0	0	0	0	0	0	0	0	0	0	0	_F_TALK_000	_F_TALK_000	0	0	0	0	0	0	0	0	0	0	0	0	0	0	0	0	0	0	0	0	0	0	0	0	1.0	0.5	1.0	0	OUT	1.07.0000	1.07.0000	1.07.0000
7177	6	1	1	Q_WEEK_SEND2	40	40	0	0	2500654	1	47	6	0	0	0	0	0	0	0	0	0	0	0	0	0	0	0	_F_TALK_000	_F_TALK_000	0	0	0	0	0	0	0	0	0	0	0	0	0	0	0	0	0	0	0	0	0	0	0	0	1.0	0.5	1.0	0	OUT	1.07.0000	1.07.0000	1.07.0000
7179	6	127	1	Q_DAY_HUNT	70	50	0	0	8665	8129	40	120	8757	0	0	0	0	0	0	0	0	0	0	0	0	0	0	_F_TALK_000	_F_TALK_000	2400851	1	0	0	0	0	0	0	0	0	0	0	0	0	0	0	0	0	0	0	0	0	0	0	1.0	0.5	1.0	0	OUT	1.08.0000	1.08.0000	1.08.0000
7511	5	1	0	Q_REPEAT_CON_NEW	1	1	0	0	0	3600	24	2600022	1	0	0	0	0	0	0	0	0	0	0	0	0	0	0	_F_TALK_000	_F_TALK_000	0	0	0	0	0	0	0	0	0	0	0	0	0	0	0	0	0	0	0	0	0	0	0	0	0.0	0.0	0.0	1	1.06.0000	1.06.0000	1.06.0000	1.06.0000
7512	5	1	0	Q_REPEAT_GATHER1	1	1	0	0	2600022	25	0	0	1	0	0	0	0	0	0	0	0	0	0	0	0	0	0	_F_TALK_000	_F_TALK_000	2400847	1	0	0	0	0	0	0	0	0	0	0	0	0	0	0	0	0	0	0	0	0	0	0	0.8500000238418579	0.10000000149011612	0.10000000149011612	1	1.06.0000	1.06.0000	1.06.0000	1.06.0000
7513	2	1	0	Q_ENTER_INSTANCE10	40	40	0	0	0	2084	7513	2600386	1	0	0	0	0	0	0	0	0	0	0	0	0	0	0	_F_TALK_000	_F_TALK_000	0	0	0	0	0	0	0	0	0	0	0	0	0	0	0	0	0	0	0	0	0	0	0	0	0.0	0.0	0.0	1	1.06.0000	1.06.0000	1.06.0000	1.06.0000
7514	40	1	0	Q_CON3	1	1	0	7513	0	0	0	0	0	0	0	0	0	0	0	0	0	0	0	0	0	0	0	_F_TALK_000	_F_TALK_000	0	0	0	0	0	0	0	0	0	0	0	0	0	0	0	0	0	0	0	0	0	0	0	0	0.0	0.0	0.0	1	1.06.0000	1.06.0000	1.06.0000	1.06.0000
7515	40	1	0	Q_CON3	1	1	0	7513	0	0	0	0	0	0	0	0	0	0	0	0	0	0	0	0	0	0	0	_F_TALK_000	_F_TALK_000	0	0	0	0	0	0	0	0	0	0	0	0	0	0	0	0	0	0	0	0	0	0	0	0	0.0	0.0	0.0	1	1.06.0000	1.06.0000	1.06.0000	1.06.0000
7516	40	1	0	Q_CON3	1	1	0	7513	0	0	0	0	0	0	0	0	0	0	0	0	0	0	0	0	0	0	0	_F_TALK_000	_F_TALK_000	0	0	0	0	0	0	0	0	0	0	0	0	0	0	0	0	0	0	0	0	0	0	0	0	0.0	0.0	0.0	1	1.06.0000	1.06.0000	1.06.0000	1.06.0000
7517	40	1	0	Q_CON3	1	1	0	7513	0	0	0	0	0	0	0	0	0	0	0	0	0	0	0	0	0	0	0	_F_TALK_000	_F_TALK_000	0	0	0	0	0	0	0	0	0	0	0	0	0	0	0	0	0	0	0	0	0	0	0	0	0.0	0.0	0.0	1	1.06.0000	1.06.0000	1.06.0000	1.06.0000
7518	40	1	0	Q_CON3	1	1	0	7513	0	0	0	0	0	0	0	0	0	0	0	0	0	0	0	0	0	0	0	_F_TALK_000	_F_TALK_000	0	0	0	0	0	0	0	0	0	0	0	0	0	0	0	0	0	0	0	0	0	0	0	0	0.0	0.0	0.0	1	1.06.0000	1.06.0000	1.06.0000	1.06.0000
7519	40	1	0	Q_INSTANCE_CON	1	1	0	7513	0	1	0	0	0	0	0	0	0	0	0	0	0	0	0	0	0	0	0	_F_TALK_000	_F_TALK_000	0	0	0	0	0	0	0	0	0	0	0	0	0	0	0	0	0	0	0	0	0	0	0	0	0.0	0.0	0.0	1	1.06.0000	1.06.0000	1.06.0000	1.06.0000
7520	1	1	0	Q_Other1	40	40	0	7513	2600380	2600381	2600382	2600383	7521	0	0	0	0	0	0	0	0	0	0	0	0	0	0	_F_TALK_000	_F_TALK_000	0	0	0	0	0	0	0	0	0	0	0	0	0	0	0	0	0	0	0	0	0	0	0	0	1.0	1.5	1.0	1	1.06.0000	1.06.0000	1.06.0000	1.06.0000
7521	1	1	0	Q_Other2	40	40	0	7513	2600380	2600381	2600382	2600383	7520	0	0	0	0	0	0	0	0	0	0	0	0	0	0	_F_TALK_000	_F_TALK_000	0	0	0	0	0	0	0	0	0	0	0	0	0	0	0	0	0	0	0	0	0	0	0	0	1.0	1.5	1.0	1	1.06.0000	1.06.0000	1.06.0000	1.06.0000
7522	5	1	0	Q_REPEAT_GATHER1	15	1	0	0	2600024	5	0	0	1	39	310	0	0	0	0	0	0	0	0	0	0	0	0	_F_TALK_000	_F_EMOTION_001	2400932	5	2400849	1	0	0	0	0	0	0	0	0	0	0	0	0	0	0	0	0	0	0	0	0	0.0	0.0	0.0	1	1.11.0000	1.11.0000	1.11.0000	1.11.0000
7523	5	1	0	Q_REPEAT_GATHER1	15	1	0	0	2600023	25	0	0	1	0	0	0	0	0	0	0	0	0	0	0	0	0	0	_F_TALK_000	_F_EMOTION_001	2400849	1	0	0	0	0	0	0	0	0	0	0	0	0	0	0	0	0	0	0	0	0	0	0	0.0	0.0	0.0	1	1.11.0000	1.11.0000	1.11.0000	1.11.0000
7524	6	1	0	Q_DAY_SEND3	15	1	0	0	2500631	8	2500632	8	0	0	0	0	0	0	0	0	0	0	0	0	0	0	0	_F_TALK_000	_F_EMOTION_001	2400849	1	2605540	1	0	0	0	0	0	0	0	0	0	0	0	0	0	0	0	0	0	0	0	0	1.0	0.5	1.0	1	1.11.0000	1.11.0000	1.11.0000	1.11.0000
7525	6	1	0	Q_DAY_CON1	15	1	0	0	0	0	0	0	0	0	0	0	0	0	0	0	0	0	0	0	0	0	0	_F_TALK_000	_F_EMOTION_001	2400933	100	0	0	0	0	0	0	0	0	0	0	0	0	0	0	0	0	0	0	0	0	0	0	0.8500000238418579	0.10000000149011612	0.10000000149011612	1	1.11.0000	1.11.0000	1.11.0000	1.11.0000
7526	5	1	0	Q_REPEAT_GATHER1	15	1	0	0	2600024	5	0	0	1	39	311	0	0	0	0	0	0	0	0	0	0	0	0	_F_TALK_000	_F_EMOTION_001	2400932	5	2400849	1	0	0	0	0	0	0	0	0	0	0	0	0	0	0	0	0	0	0	0	0	0.0	0.0	0.0	1	1.11.0000	1.11.0000	1.11.0000	1.11.0000
7527	5	1	0	Q_REPEAT_GATHER1	15	1	0	0	2600024	5	0	0	1	39	312	0	0	0	0	0	0	0	0	0	0	0	0	_F_TALK_000	_F_EMOTION_001	2400932	5	2400849	1	0	0	0	0	0	0	0	0	0	0	0	0	0	0	0	0	0	0	0	0	0.0	0.0	0.0	1	1.11.0000	1.11.0000	1.11.0000	1.11.0000
7528	5	1	0	Q_REPEAT_GATHER1	15	1	0	0	2600024	5	0	0	1	39	313	0	0	0	0	0	0	0	0	0	0	0	0	_F_TALK_000	_F_EMOTION_001	2400932	5	2400849	1	0	0	0	0	0	0	0	0	0	0	0	0	0	0	0	0	0	0	0	0	0.0	0.0	0.0	1	1.11.0000	1.11.0000	1.11.0000	1.11.0000
7529	5	1	0	Q_REPEAT_GATHER1	15	1	0	0	2600024	5	0	0	1	39	314	0	0	0	0	0	0	0	0	0	0	0	0	_F_TALK_000	_F_EMOTION_001	2400932	5	2400849	1	0	0	0	0	0	0	0	0	0	0	0	0	0	0	0	0	0	0	0	0	0.0	0.0	0.0	1	1.11.0000	1.11.0000	1.11.0000	1.11.0000
7530	5	1	0	Q_REPEAT_GATHER3	10	1	0	0	2500655	1	2500656	3	2500657	5	0	0	0	0	0	0	0	0	0	0	0	0	0	_F_TALK_000	_F_TALK_000	2400850	1	0	0	0	0	0	0	0	0	0	0	0	0	0	0	0	0	0	0	0	0	0	0	0.8500000238418579	0.10000000149011612	0.10000000149011612	1	1.13.0000	1.07.0000	1.07.0000	1.07.0000
7531	5	1	0	Q_REPEAT_GATHER7	10	1	0	0	2605541	1	0	0	0	0	0	0	0	0	0	0	0	0	0	0	0	0	0	_F_TALK_000	_F_TALK_000	2500658	1	0	0	0	0	0	0	0	0	0	0	0	0	0	0	0	0	0	0	0	0	0	0	0.8500000238418579	0.10000000149011612	0.10000000149011612	1	1.13.0000	1.07.0000	1.07.0000	1.07.0000
7532	5	1	0	Q_REPEAT_GATHER7	10	1	0	0	2605542	1	0	0	0	0	0	0	0	0	0	0	0	0	0	0	0	0	0	_F_TALK_000	_F_TALK_000	2500658	1	0	0	0	0	0	0	0	0	0	0	0	0	0	0	0	0	0	0	0	0	0	0	0.8500000238418579	0.10000000149011612	0.10000000149011612	1	1.13.0000	1.07.0000	1.07.0000	1.07.0000
7533	5	1	0	Q_REPEAT_GATHER7	10	1	0	0	2605543	1	0	0	0	0	0	0	0	0	0	0	0	0	0	0	0	0	0	_F_TALK_000	_F_TALK_000	0	0	0	0	0	0	0	0	0	0	0	0	2500658	1	2500659	1	0	0	0	0	0	0	0	0	0.8500000238418579	0.10000000149011612	0.10000000149011612	1	1.13.0000	1.07.0000	1.07.0000	1.07.0000
7534	5	1	0	Q_REPEAT_GATHER7	10	1	0	0	2605544	1	0	0	0	0	0	0	0	0	0	0	0	0	0	0	0	0	0	_F_TALK_000	_F_TALK_000	2500659	1	0	0	0	0	0	0	0	0	0	0	0	0	0	0	0	0	0	0	0	0	0	0	0.8500000238418579	0.10000000149011612	0.10000000149011612	1	1.13.0000	1.07.0000	1.07.0000	1.07.0000
7535	5	1	0	Q_REPEAT_GATHER7	10	1	0	0	2605545	1	0	0	0	0	0	0	0	0	0	0	0	0	0	0	0	0	0	_F_TALK_000	_F_TALK_000	2500659	1	0	0	0	0	0	0	0	0	0	0	0	0	0	0	0	0	0	0	0	0	0	0	0.8500000238418579	0.10000000149011612	0.10000000149011612	1	1.13.0000	1.07.0000	1.07.0000	1.07.0000
7536	1	1	0	Q_GATHER7	10	1	0	0	2500658	15	0	0	0	0	0	0	0	0	0	0	0	0	0	0	0	0	0	_F_TALK_000	_F_TALK_000	2414092	1	0	0	0	0	0	0	0	0	0	0	0	0	0	0	0	0	0	0	0	0	0	0	1.0	1.0	1.0	1	1.13.0000	1.07.0000	1.07.0000	1.07.0000
7537	1	1	0	Q_GATHER7	10	1	0	0	2500659	15	0	0	0	0	0	0	0	0	0	0	0	0	0	0	0	0	0	_F_TALK_000	_F_TALK_000	2414093	1	0	0	0	0	0	0	0	0	0	0	0	0	0	0	0	0	0	0	0	0	0	0	1.0	1.0	1.0	1	1.13.0000	1.07.0000	1.07.0000	1.07.0000
7538	20	1	0	Q_CON3	10	1	0	0	0	0	0	0	0	0	0	0	0	0	0	0	0	0	0	0	0	0	0	_F_TALK_000	_F_TALK_000	0	0	0	0	0	0	0	0	0	0	0	0	0	0	0	0	0	0	0	0	0	0	0	0	0.0	0.0	0.0	1	1.13.0000	1.07.0000	1.07.0000	1.07.0000
7539	20	1	0	Q_CON3	10	1	0	0	0	0	0	0	0	0	0	0	0	0	0	0	0	0	0	0	0	0	0	_F_TALK_000	_F_TALK_000	0	0	0	0	0	0	0	0	0	0	0	0	0	0	0	0	0	0	0	0	0	0	0	0	0.0	0.0	0.0	1	1.13.0000	1.07.0000	1.07.0000	1.07.0000
7540	20	1	0	Q_CON3	10	1	0	0	0	0	0	0	0	0	0	0	0	0	0	0	0	0	0	0	0	0	0	_F_TALK_000	_F_TALK_000	0	0	0	0	0	0	0	0	0	0	0	0	0	0	0	0	0	0	0	0	0	0	0	0	0.0	0.0	0.0	1	1.13.0000	1.07.0000	1.07.0000	1.07.0000
7541	5	1	0	Q_REPEAT_GATHER1	1	1	0	0	2500662	10	0	0	1	0	0	0	0	0	0	0	0	0	0	0	0	0	0	_F_TALK_000	_F_TALK_000	2400934	1	0	0	0	0	0	0	0	0	0	0	0	0	0	0	0	0	0	0	0	0	0	0	0.0	0.0	0.0	1	OUT	OUT	OUT	1.10.0000
8002	20	0	0	Q_GUILDSTORAGE	1	1	0	0	3	0	0	0	0	0	0	0	0	0	0	0	0	0	0	0	0	0	0	_F_TALK_000	_F_TALK_000	0	0	0	0	0	0	0	0	0	0	0	0	0	0	0	0	0	0	0	0	0	0	0	0	0.0	0.0	0.0	0	1.01.0000	1.01.0000	1.01.0000	1.01.0000
8003	20	0	0	Q_TELEPORT1	1	1	0	0	1	0	0	0	0	0	0	0	0	0	0	0	0	0	0	0	0	0	0	_F_EMOTION_005	_F_EMOTION_005	0	0	0	0	0	0	0	0	0	0	0	0	0	0	0	0	0	0	0	0	0	0	0	0	0.0	0.0	0.0	0	1.01.0000	1.01.0000	1.01.0000	1.01.0000
8004	8	1	0	Q_GUILDTALK	1	1	0	0	1	0	0	0	0	0	0	0	0	0	0	0	0	0	0	0	0	0	0	_F_TALK_000	_F_TALK_000	2415001	1	0	0	0	0	0	0	0	0	0	0	0	0	0	0	0	0	0	0	0	0	0	0	0.0	0.0	0.0	0	1.00.0000	1.00.0000	1.00.0000	1.00.0000
8005	8	0	0	Q_GUILDSET	15	1	0	0	0	0	24	0	0	0	0	0	0	0	0	0	0	0	0	0	0	0	0	_F_TALK_000	_F_TALK_000	0	0	0	0	0	0	0	0	0	0	0	0	0	0	0	0	0	0	0	0	0	0	0	0	0.0	0.0	0.0	0	1.00.0000	1.00.0000	1.00.0000	1.00.0000
8006	20	0	0	Q_GUILDPAY	1	1	0	0	0	0	0	0	0	0	0	0	0	0	0	0	0	0	0	0	0	0	0	_F_TALK_000	_F_TALK_000	0	0	0	0	0	0	0	0	0	0	0	0	0	0	0	0	0	0	0	0	0	0	0	0	0.0	0.0	0.0	0	1.00.0000	1.00.0000	1.00.0000	1.00.0000
8007	8	1	0	Q_GUILD_D_GATHER1	30	20	0	0	2500601	15	1	0	0	0	0	0	50	0	0	0	0	0	0	0	0	0	0	_F_TALK_000	_F_TALK_000	2400098	1	0	0	0	0	0	0	0	0	0	0	0	0	0	0	0	0	0	0	0	0	0	0	0.0	0.0	0.0	0	OUT	1.07.0000	1.07.0000	1.07.0000
8009	8	1	0	Q_GUILDTALK	30	20	0	0	3	0	0	0	0	0	0	0	0	0	0	0	0	0	0	0	0	0	0	_F_TALK_000	_F_EMOTION_005	2600343	5	0	0	0	0	0	0	0	0	0	0	0	0	0	0	0	0	0	0	0	0	0	0	0.0	0.0	0.0	0	OUT	1.07.0000	1.07.0000	1.07.0000
8011	20	0	0	Q_GUILDSTORAGE	1	1	0	0	3	0	0	0	0	0	0	0	0	0	0	0	0	0	0	0	0	0	0	_F_EMOTION_005	_F_EMOTION_005	0	0	0	0	0	0	0	0	0	0	0	0	0	0	0	0	0	0	0	0	0	0	0	0	0.0	0.0	0.0	0	1.00.0000	1.00.0000	1.00.0000	1.00.0000
8018	20	119	0	Q_STORE2	1	1	0	0	3	1	0	0	0	0	0	0	0	0	0	0	0	0	0	0	0	0	0	_F_TALK_000	_F_TALK_000	0	0	0	0	0	0	0	0	0	0	0	0	0	0	0	0	0	0	0	0	0	0	0	0	0.0	0.0	0.0	0	1.00.0000	1.00.0000	1.00.0000	1.00.0000
8020	20	119	0	Q_STORE2	1	1	0	0	2	1	0	0	0	0	0	0	0	0	0	0	0	0	0	0	0	0	0	_F_TALK_000	_F_TALK_000	0	0	0	0	0	0	0	0	0	0	0	0	0	0	0	0	0	0	0	0	0	0	0	0	0.0	0.0	0.0	0	1.00.0000	1.00.0000	1.00.0000	1.00.0000
8021	8	119	0	Q_GUILDSKILL	1	1	0	0	0	9010	14	8579	0	0	0	0	0	0	0	0	9010	9010	0	0	0	0	0	_F_EMOTION_005	_F_EMOTION_005	0	0	0	0	0	0	0	0	0	0	0	0	0	0	0	0	0	0	0	0	0	0	0	0	1.0	1.0	1.0	0	1.01.0000	1.01.0000	1.01.0000	1.01.0000
8023	8	119	0	Q_GUILDFIRE	1	1	0	0	9013	40	2500600	5	0	0	0	0	0	0	0	0	0	0	0	0	0	0	0	_F_EMOTION_005	_F_EMOTION_005	0	0	0	0	0	0	0	0	0	0	0	0	0	0	0	0	0	0	0	0	0	0	0	0	1.0	1.0	1.0	0	1.01.0000	1.01.0000	1.01.0000	1.01.0000
8027	30	0	0	Q_Guild_WatchMessage	1	1	0	0	0	0	0	0	0	0	0	0	0	0	0	0	0	0	0	0	0	0	0	_F_TALK_000	_F_TALK_000	0	0	0	0	0	0	0	0	0	0	0	0	0	0	0	0	0	0	0	0	0	0	0	0	0.0	0.0	0.0	0	1.00.0000	1.00.0000	1.00.0000	1.00.0000
8028	30	0	0	Q_Guild_Message	1	1	0	0	0	0	0	0	0	0	0	0	0	0	0	0	0	0	0	0	0	0	0	_F_TALK_000	_F_TALK_000	0	0	0	0	0	0	0	0	0	0	0	0	0	0	0	0	0	0	0	0	0	0	0	0	0.0	0.0	0.0	0	1.00.0000	1.00.0000	1.00.0000	1.00.0000
8029	40	119	0	Q_ADD_SKILL1	1	1	0	0	8021	8579	0	0	0	0	0	0	0	0	0	0	0	0	0	0	0	0	0	_F_TALK_000	_F_TALK_000	0	0	0	0	0	0	0	0	0	0	0	0	0	0	0	0	0	0	0	0	0	0	0	0	0.0	0.0	0.0	0	1.00.0000	1.00.0000	1.00.0000	1.00.0000
8030	6	1	0	Q_DAY_GATHER1	1	1	0	0	2500627	1	0	0	0	0	0	0	0	0	0	0	0	0	0	0	0	0	0	_F_TALK_000	_F_TALK_000	0	0	0	0	0	0	0	0	0	0	0	0	0	0	0	0	0	0	0	0	0	0	0	0	1.0	0.5	1.0	0	1.06.0000	1.06.0000	1.06.0000	1.06.0000
8031	6	119	0	Q_DAY_GATHER1	1	1	0	0	0	0	0	0	0	0	0	0	0	0	0	0	0	0	0	0	0	0	0	_F_TALK_000	_F_TALK_000	0	0	0	0	0	0	0	0	0	0	0	0	0	0	0	0	0	0	0	0	0	0	0	0	1.0	0.5	1.0	0	1.06.0000	1.06.0000	1.06.0000	1.06.0000
8032	6	1	0	Q_DAY_CON	1	1	0	0	0	0	0	0	0	0	0	1	0	0	0	0	0	0	0	0	0	0	0	_F_TALK_000	_F_TALK_000	2400096	10	2400098	10	0	0	0	0	0	0	0	0	0	0	0	0	0	0	0	0	0	0	0	0	0.0	0.0	0.0	1	1.04.0000	1.04.0000	1.04.0000	1.04.0000
8033	25	1	0	Q_ENTER_INSTANCE11	1	1	0	0	0	2082	0	0	6	0	0	0	0	0	0	0	0	0	0	0	0	0	0	_F_EMOTION_005	_F_TALK_000	0	0	0	0	0	0	0	0	0	0	0	0	0	0	0	0	0	0	0	0	0	0	0	0	0.0	0.0	0.0	0	1.06.0000	1.06.0000	1.06.0000	1.06.0000
8035	8	1	1	Q_GUILD_CON1	30	35	8036	0	0	2	4	0	0	0	0	0	0	0	0	0	0	0	0	0	0	0	0	_F_EMOTION_006	_F_FLEX_000	0	0	0	0	0	0	0	0	0	0	0	0	0	0	0	0	0	0	0	0	0	0	0	0	0.0	0.0	0.0	0	OUT	1.07.0000	1.07.0000	1.07.0000
8036	40	1	0	Q_ENTER_INSTANCE4	30	35	0	8035	8035	8037	1034	0	0	0	0	0	0	0	0	0	0	0	0	0	0	0	0	_F_EMOTION_006	_F_FLEX_000	0	0	0	0	0	0	0	0	0	0	0	0	0	0	0	0	0	0	0	0	0	0	0	0	0.0	0.0	0.0	0	OUT	1.07.0000	1.07.0000	1.07.0000
8037	8	1	0	Q_GUILD_LEVELUP2	30	35	0	0	0	0	4	2	1820	1	1821	12	8035	1100	0	0	0	0	0	0	0	0	0	_F_EMOTION_006	_F_FLEX_000	0	0	0	0	0	0	0	0	0	0	0	0	0	0	0	0	0	0	0	0	0	0	0	0	0.0	0.0	0.0	0	OUT	1.07.0000	1.07.0000	1.07.0000
8038	25	6	0	Q_TELEPORT_NEW	1	1	0	0	0	4	383	0	0	0	0	0	0	0	0	0	0	0	0	0	0	0	0	_F_TALK_000	_F_TALK_000	0	0	0	0	0	0	0	0	0	0	0	0	0	0	0	0	0	0	0	0	0	0	0	0	0.0	0.0	0.0	0	1.10.0100	1.10.0100	1.10.0100	1.10.0100
8039	25	6	0	Q_TELEPORT_NEW	1	1	0	0	0	4	382	0	0	0	0	0	0	0	0	0	0	0	0	0	0	0	0	_F_TALK_000	_F_TALK_000	0	0	0	0	0	0	0	0	0	0	0	0	0	0	0	0	0	0	0	0	0	0	0	0	0.0	0.0	0.0	0	1.10.0100	1.10.0100	1.10.0100	1.10.0100
8040	25	6	0	Q_TELEPORT_NEW	1	1	0	0	0	4	381	0	0	0	0	0	0	0	0	0	0	0	0	0	0	0	0	_F_TALK_000	_F_TALK_000	0	0	0	0	0	0	0	0	0	0	0	0	0	0	0	0	0	0	0	0	0	0	0	0	0.0	0.0	0.0	0	1.10.0100	1.10.0100	1.10.0100	1.10.0100
8041	6	119	0	Q_GUILDGATHER1	1	1	0	0	0	0	4	0	66	132	0	0	0	0	0	0	0	0	0	0	0	0	0	_F_EMOTION_005	_F_EMOTION_005	0	0	0	0	0	0	0	0	0	0	0	0	0	0	0	0	0	0	0	0	0	0	0	0	0.0	0.0	0.0	1	1.06.0000	1.06.0000	1.06.0000	1.06.0000
8042	6	119	0	Q_GUILDGATHER1	1	1	0	0	0	0	4	0	31	132	0	0	0	0	0	0	0	0	0	0	0	0	0	_F_EMOTION_005	_F_EMOTION_005	0	0	0	0	0	0	0	0	0	0	0	0	0	0	0	0	0	0	0	0	0	0	0	0	0.0	0.0	0.0	1	1.11.0000	1.11.0000	1.11.0000	1.11.0000
8051	8	1	0	Q_GUILD_BOSS1	35	30	0	0	1004	1	0	3	0	0	0	0	0	0	0	0	0	0	0	0	0	0	0	_F_EMOTION_006	_F_EMOTION_006	2600281	1	2400098	1	0	0	0	0	0	0	0	0	0	0	0	0	0	0	0	0	0	0	0	0	0.0	0.0	0.0	0	OUT	1.07.0000	1.07.0000	1.07.0000
8052	8	1	0	Q_GUILD_BOSS1	65	30	0	0	1105	1	0	4	0	0	0	0	0	0	0	0	0	0	0	0	0	0	0	_F_EMOTION_006	_F_EMOTION_006	2600284	1	2400098	1	0	0	0	0	0	0	0	0	0	0	0	0	0	0	0	0	0	0	0	0	0.0	0.0	0.0	0	OUT	1.07.0000	1.07.0000	1.07.0000
8053	8	1	0	Q_GUILD_BOSS1	75	30	0	0	1278	1	0	5	0	0	0	0	0	0	0	0	0	0	0	0	0	0	0	_F_EMOTION_006	_F_EMOTION_006	2600285	1	2400098	1	0	0	0	0	0	0	0	0	0	0	0	0	0	0	0	0	0	0	0	0	0.0	0.0	0.0	0	OUT	1.07.0000	1.07.0000	1.07.0000
8054	8	1	0	Q_GUILD_BOSS1	105	30	0	0	1374	1	0	6	0	0	0	0	0	0	0	0	0	0	0	0	0	0	0	_F_EMOTION_006	_F_EMOTION_006	2600286	1	2400098	1	0	0	0	0	0	0	0	0	0	0	0	0	0	0	0	0	0	0	0	0	0.0	0.0	0.0	0	OUT	1.07.0000	1.07.0000	1.07.0000
8055	8	1	0	Q_GUILD_BOSS1	115	30	0	0	1471	1	0	7	0	0	0	0	0	0	0	0	0	0	0	0	0	0	0	_F_EMOTION_006	_F_EMOTION_006	2600287	1	2400098	1	0	0	0	0	0	0	0	0	0	0	0	0	0	0	0	0	0	0	0	0	0.0	0.0	0.0	0	OUT	1.07.0000	1.07.0000	1.07.0000
8061	8	119	0	Q_GUILD_BOSS2	30	30	0	0	2600281	15	4	10000	61	132	4294957296	3	0	0	0	0	0	0	0	0	0	0	0	_F_EMOTION_006	_F_EMOTION_006	0	0	0	0	0	0	0	0	0	0	0	0	0	0	0	0	0	0	0	0	0	0	0	0	0.0	0.0	0.0	0	OUT	1.07.0000	1.07.0000	1.07.0000
8062	8	119	0	Q_GUILD_BOSS2	30	30	0	0	2600284	20	4	40000	62	132	4294927296	4	0	0	0	0	0	0	0	0	0	0	0	_F_EMOTION_006	_F_EMOTION_006	0	0	0	0	0	0	0	0	0	0	0	0	0	0	0	0	0	0	0	0	0	0	0	0	0.0	0.0	0.0	0	OUT	1.07.0000	1.07.0000	1.07.0000
8063	8	119	0	Q_GUILD_BOSS2	30	30	0	0	2600285	25	4	50000	63	132	4294917296	5	0	0	0	0	0	0	0	0	0	0	0	_F_EMOTION_006	_F_EMOTION_006	0	0	0	0	0	0	0	0	0	0	0	0	0	0	0	0	0	0	0	0	0	0	0	0	0.0	0.0	0.0	0	OUT	1.07.0000	1.07.0000	1.07.0000
8064	8	119	0	Q_GUILD_BOSS2	30	30	0	0	2600286	30	4	50000	64	132	4294917296	6	0	0	0	0	0	0	0	0	0	0	0	_F_EMOTION_006	_F_EMOTION_006	0	0	0	0	0	0	0	0	0	0	0	0	0	0	0	0	0	0	0	0	0	0	0	0	0.0	0.0	0.0	0	OUT	1.07.0000	1.07.0000	1.07.0000
8065	8	119	0	Q_GUILD_BOSS2	30	30	0	0	2600287	35	4	50000	65	132	4294917296	7	0	0	0	0	0	0	0	0	0	0	0	_F_EMOTION_006	_F_EMOTION_006	0	0	0	0	0	0	0	0	0	0	0	0	0	0	0	0	0	0	0	0	0	0	0	0	0.0	0.0	0.0	0	OUT	1.07.0000	1.07.0000	1.07.0000
8071	8	119	0	Q_GUILD_LEVELUP1	30	30	0	0	2600291	1	0	100	3	0	0	0	0	0	0	0	0	0	0	0	0	0	0	_F_EMOTION_005	_F_EMOTION_005	0	0	0	0	0	0	0	0	0	0	0	0	0	0	0	0	0	0	0	0	0	0	0	0	0.0	0.0	0.0	0	OUT	1.07.0000	1.07.0000	1.07.0000
8072	8	119	0	Q_GUILD_LEVELUP1	30	30	0	0	2600292	1	0	200	4	0	0	0	0	0	0	0	0	0	0	0	0	0	0	_F_EMOTION_005	_F_EMOTION_005	0	0	0	0	0	0	0	0	0	0	0	0	0	0	0	0	0	0	0	0	0	0	0	0	0.0	0.0	0.0	0	OUT	1.07.0000	1.07.0000	1.07.0000
8073	8	119	0	Q_GUILD_LEVELUP1	30	30	0	0	2600293	1	0	300	5	0	0	0	0	0	0	0	0	0	0	0	0	0	0	_F_EMOTION_005	_F_EMOTION_005	0	0	0	0	0	0	0	0	0	0	0	0	0	0	0	0	0	0	0	0	0	0	0	0	0.0	0.0	0.0	0	OUT	1.07.0000	1.07.0000	1.07.0000
8074	8	119	0	Q_GUILD_LEVELUP1	30	30	0	0	2600294	1	0	500	6	0	0	0	0	0	0	0	0	0	0	0	0	0	0	_F_EMOTION_005	_F_EMOTION_005	0	0	0	0	0	0	0	0	0	0	0	0	0	0	0	0	0	0	0	0	0	0	0	0	0.0	0.0	0.0	0	OUT	1.07.0000	1.07.0000	1.07.0000
8075	8	119	0	Q_GUILD_LEVELUP1	30	30	0	0	2600295	1	0	800	7	0	0	0	0	0	0	0	0	0	0	0	0	0	0	_F_EMOTION_005	_F_EMOTION_005	0	0	0	0	0	0	0	0	0	0	0	0	0	0	0	0	0	0	0	0	0	0	0	0	0.0	0.0	0.0	0	OUT	1.07.0000	1.07.0000	1.07.0000
8097	5	126	1	Q_REPEAT_HUNT	30	20	0	0	8665	8794	40	0	8792	0	0	0	0	0	0	0	0	0	0	0	0	0	0	_F_TALK_000	_F_TALK_000	2400935	1	0	0	0	0	0	0	0	0	0	0	0	0	0	0	0	0	0	0	0	0	0	0	0.0	0.0	0.0	1	OUT	OUT	OUT	1.31.0000
8105	20	0	0	Q_STORE2	1	1	0	0	1	0	0	0	0	0	0	0	0	0	0	0	0	0	0	0	0	0	0	_F_EMOTION_006	_F_EMOTION_006	0	0	0	0	0	0	0	0	0	0	0	0	0	0	0	0	0	0	0	0	0	0	0	0	0.0	0.0	0.0	0	1.00.0000	1.00.0000	1.00.0000	1.00.0000
8109	25	0	0	Q_ENTER_INSTANCE8	41	41	0	0	8107	2054	0	0	0	0	0	0	0	0	0	0	0	0	0	0	0	0	0	_F_EMOTION_004	_F_EMOTION_004	0	0	0	0	0	0	0	0	0	0	0	0	0	0	0	0	0	0	0	0	0	0	0	0	0.0	0.0	0.0	0	1.00.0000	1.00.0000	1.00.0000	1.00.0000
8110	9	1	0	Q_REPEAT_GATHER7	30	30	0	0	2605535	1	120	0	1	0	8111	1	50	0	0	0	0	0	0	0	0	0	0	_F_TALK_000	_F_TALK_000	0	0	0	0	0	0	0	0	0	0	0	0	0	0	0	0	0	0	0	0	0	0	0	0	0.0	0.0	0.0	0	1.04.0000	1.04.0000	1.04.0000	1.04.0000
8111	9	1	0	Q_REPEAT_GATHER7	30	30	0	0	2605534	1	120	0	2	0	8110	1	50	0	0	0	0	0	0	0	0	0	0	_F_TALK_000	_F_TALK_000	0	0	0	0	0	0	0	0	0	0	0	0	0	0	0	0	0	0	0	0	0	0	0	0	0.0	0.0	0.0	0	1.04.0000	1.04.0000	1.04.0000	1.04.0000
8125	25	0	0	Q_ENTER_INSTANCE6	40	40	0	0	8127	2083	0	0	0	0	0	0	0	0	0	0	0	0	0	0	0	0	0	_F_EMOTION_004	_F_EMOTION_004	0	0	0	0	0	0	0	0	0	0	0	0	0	0	0	0	0	0	0	0	0	0	0	0	0.0	0.0	0.0	0	1.05.0000	1.05.0000	1.05.0000	1.05.0000
8126	25	0	0	Q_ENTER_INSTANCE6	40	40	0	0	8128	2083	0	0	0	0	0	0	0	0	0	0	0	0	0	0	0	0	0	_F_EMOTION_004	_F_EMOTION_004	0	0	0	0	0	0	0	0	0	0	0	0	0	0	0	0	0	0	0	0	0	0	0	0	0.0	0.0	0.0	0	1.05.0000	1.05.0000	1.05.0000	1.05.0000
8127	9	1	0	Q_REPEAT_GATHER4	40	40	0	0	2605536	1	8127	3000	1	0	0	0	0	0	0	0	0	0	0	0	0	0	0	_F_TALK_000	_F_TALK_000	2500621	1	0	0	0	0	0	0	0	0	0	0	0	0	0	0	0	0	0	0	0	0	0	0	0.0	0.0	0.0	0	1.05.0000	1.05.0000	1.05.0000	1.05.0000
8128	9	1	0	Q_REPEAT_GATHER4	40	40	0	0	2605537	1	8128	3000	1	0	0	0	0	0	0	0	0	0	0	0	0	0	0	_F_TALK_000	_F_TALK_000	2500621	1	0	0	0	0	0	0	0	0	0	0	0	0	0	0	0	0	0	0	0	0	0	0	0.0	0.0	0.0	0	1.05.0000	1.05.0000	1.05.0000	1.05.0000
8129	9	1	0	Q_TraFrd0	40	40	0	0	2500621	1	2500621	1	0	0	0	0	0	0	0	0	0	0	0	0	0	0	0	_F_TALK_000	_F_TALK_000	0	0	0	0	0	0	0	0	0	0	0	0	0	0	0	0	0	0	0	0	0	0	0	0	0.0	0.0	0.0	0	1.05.0000	1.05.0000	1.05.0000	1.05.0000
8130	25	0	0	Q_ENTER_INSTANCE9	40	40	0	0	0	2083	2500621	1	0	0	0	0	0	0	0	0	0	0	0	0	0	0	0	_F_EMOTION_004	_F_EMOTION_004	0	0	0	0	0	0	0	0	0	0	0	0	0	0	0	0	0	0	0	0	0	0	0	0	0.0	0.0	0.0	0	1.05.0000	1.05.0000	1.05.0000	1.05.0000
8131	6	1	0	Q_DAY_SOCIAL	41	41	0	0	2605610	1	0	1	0	0	0	0	0	0	0	0	0	0	0	0	0	0	0	_F_TALK_000	_F_EMOTION_004	0	0	0	0	0	0	0	0	0	0	0	0	0	0	0	0	0	0	0	0	0	0	0	0	1.0	0.5	1.0	0	1.10.0000	1.10.0000	1.10.0000	1.10.0000
8132	25	0	0	Q_ENTER_INSTANCE8	41	41	0	0	8131	2086	0	0	0	0	0	0	0	0	0	0	0	0	0	0	0	0	0	_F_EMOTION_004	_F_EMOTION_004	0	0	0	0	0	0	0	0	0	0	0	0	0	0	0	0	0	0	0	0	0	0	0	0	0.0	0.0	0.0	0	1.10.0000	1.10.0000	1.10.0000	1.10.0000
8133	6	1	0	Q_DAY_SOCIAL	41	41	0	0	2605611	1	0	1	0	0	0	0	0	0	0	0	0	0	0	0	0	0	0	_F_TALK_000	_F_EMOTION_004	0	0	0	0	0	0	0	0	0	0	0	0	0	0	0	0	0	0	0	0	0	0	0	0	1.0	0.5	1.0	0	1.10.0000	1.10.0000	1.10.0000	1.10.0000
8134	25	0	0	Q_ENTER_INSTANCE8	41	41	0	0	8133	2087	0	0	0	0	0	0	0	0	0	0	0	0	0	0	0	0	0	_F_EMOTION_004	_F_EMOTION_004	0	0	0	0	0	0	0	0	0	0	0	0	0	0	0	0	0	0	0	0	0	0	0	0	0.0	0.0	0.0	0	1.10.0000	1.10.0000	1.10.0000	1.10.0000
8135	6	1	0	Q_DAY_SOCIAL	41	41	0	0	2605612	1	0	1	0	0	0	0	0	0	0	0	0	0	0	0	0	0	0	_F_TALK_000	_F_EMOTION_004	0	0	0	0	0	0	0	0	0	0	0	0	0	0	0	0	0	0	0	0	0	0	0	0	1.0	0.5	1.0	0	1.10.0000	1.10.0000	1.10.0000	1.10.0000
8136	25	0	0	Q_ENTER_INSTANCE8	41	41	0	0	8135	2089	0	0	0	0	0	0	0	0	0	0	0	0	0	0	0	0	0	_F_EMOTION_004	_F_EMOTION_004	0	0	0	0	0	0	0	0	0	0	0	0	0	0	0	0	0	0	0	0	0	0	0	0	0.0	0.0	0.0	0	1.10.0000	1.10.0000	1.10.0000	1.10.0000
8137	6	1	0	Q_DAY_CON	41	41	0	0	120	2605610	2605611	2605612	2605613	2400848	0	0	1	0	0	0	0	0	0	0	0	0	0	_F_TALK_000	_F_TALK_000	2400848	1	0	0	0	0	0	0	0	0	0	0	0	0	0	0	0	0	0	0	0	0	0	0	0.8500000238418579	0.10000000149011612	0.10000000149011612	0	1.10.0000	1.10.0000	1.10.0000	1.10.0000
9000	1	0	0	Q_CLASS_ITEM	1	1	9033	0	0	0	0	0	0	0	0	0	0	0	0	0	0	0	856	0	0	0	191	_F_TALK_000	_F_TALK_000	0	0	0	0	0	0	0	0	0	0	0	0	0	0	0	0	0	0	0	0	0	0	0	0	1.0	1.0	1.0	0	OUT	1.00.0000	1.10.0000	1.20.0000
9013	20	0	0	Q_CON3	8	8	0	909	0	0	0	0	0	0	0	0	0	0	0	0	0	0	0	0	0	0	0	_F_TALK_000	_F_TALK_000	0	0	0	0	0	0	0	0	0	0	0	0	0	0	0	0	0	0	0	0	0	0	0	0	0.0	0.0	0.0	0	1.00.0000	1.00.0000	1.00.0000	1.00.0000
9014	20	0	0	Q_CON3	8	8	0	909	0	0	0	0	0	0	0	0	0	0	0	0	0	0	0	0	0	0	0	_F_TALK_000	_F_TALK_000	0	0	0	0	0	0	0	0	0	0	0	0	0	0	0	0	0	0	0	0	0	0	0	0	0.0	0.0	0.0	0	1.00.0000	1.00.0000	1.00.0000	1.00.0000
9015	20	0	0	Q_CON3	8	8	0	909	0	0	0	0	0	0	0	0	0	0	0	0	0	0	0	0	0	0	0	_F_TALK_000	_F_TALK_000	0	0	0	0	0	0	0	0	0	0	0	0	0	0	0	0	0	0	0	0	0	0	0	0	0.0	0.0	0.0	0	1.00.0000	1.00.0000	1.00.0000	1.00.0000
9016	20	0	0	Q_CON3	8	8	0	909	0	0	0	0	0	0	0	0	0	0	0	0	0	0	0	0	0	0	0	_F_TALK_000	_F_TALK_000	0	0	0	0	0	0	0	0	0	0	0	0	0	0	0	0	0	0	0	0	0	0	0	0	0.0	0.0	0.0	0	1.00.0000	1.00.0000	1.00.0000	1.00.0000
9018	40	0	0	Q_CON3	1	1	0	0	0	0	0	0	0	0	0	0	0	0	0	0	0	0	0	0	0	0	0	_F_TALK_000	_F_TALK_000	0	0	0	0	0	0	0	0	0	0	0	0	0	0	0	0	0	0	0	0	0	0	0	0	0.0	0.0	0.0	0	1.00.0000	1.00.0000	1.00.0000	1.00.0000
9019	20	0	0	Q_CON3	1	1	0	919	0	0	0	0	0	0	0	0	0	0	0	0	0	0	0	0	0	0	0	_F_TALK_000	_F_TALK_000	0	0	0	0	0	0	0	0	0	0	0	0	0	0	0	0	0	0	0	0	0	0	0	0	0.0	0.0	0.0	0	1.00.0000	1.00.0000	1.00.0000	1.00.0000
9022	40	0	0	Q_OCEAN_CON2	45	1	0	111	30	0	0	0	0	0	0	0	0	0	0	0	0	0	0	0	0	0	0	_F_TALK_000	_F_TALK_000	0	0	0	0	0	0	0	0	0	0	0	0	0	0	0	0	0	0	0	0	0	0	0	0	0.0	0.0	0.0	0	1.00.0000	1.00.0000	1.00.0000	1.00.0000
9023	40	0	0	Q_CON3	1	1	0	0	0	0	0	0	0	0	0	0	0	0	0	0	0	0	0	0	0	0	0	_F_FLEX_000	_F_TALK_000	0	0	0	0	0	0	0	0	0	0	0	0	0	0	0	0	0	0	0	0	0	0	0	0	0.0	0.0	0.0	0	1.00.0000	1.00.0000	1.00.0000	1.00.0000
9024	40	0	0	Q_CON3	1	1	0	0	0	0	0	0	0	0	0	0	0	0	0	0	0	0	0	0	0	0	0	_F_EMOTION_001	_F_TALK_000	0	0	0	0	0	0	0	0	0	0	0	0	0	0	0	0	0	0	0	0	0	0	0	0	0.0	0.0	0.0	0	1.00.0000	1.00.0000	1.00.0000	1.00.0000
9025	20	0	0	Q_CON3	1	1	0	0	0	0	0	0	0	0	0	0	0	0	0	0	0	0	0	0	0	0	0	_F_TALK_000	_F_TALK_000	0	0	0	0	0	0	0	0	0	0	0	0	0	0	0	0	0	0	0	0	0	0	0	0	0.0	0.0	0.0	0	1.00.0000	1.00.0000	1.00.0000	1.00.0000
9026	20	0	0	Q_CON3	1	1	0	0	0	0	0	0	0	0	0	0	0	0	0	0	0	0	0	0	0	0	0	_F_TALK_000	_F_TALK_000	0	0	0	0	0	0	0	0	0	0	0	0	0	0	0	0	0	0	0	0	0	0	0	0	0.0	0.0	0.0	0	1.00.0000	1.00.0000	1.00.0000	1.00.0000
9027	20	0	0	Q_CON3	1	1	0	0	0	0	0	0	0	0	0	0	0	0	0	0	0	0	0	0	0	0	0	_F_TALK_000	_F_TALK_000	0	0	0	0	0	0	0	0	0	0	0	0	0	0	0	0	0	0	0	0	0	0	0	0	0.0	0.0	0.0	0	1.00.0000	1.00.0000	1.00.0000	1.00.0000
9030	40	0	0	Q_CON3	1	1	0	0	109	0	0	0	0	0	0	0	0	0	0	0	0	0	0	0	0	0	0	_F_TALK_000	_F_TALK_000	0	0	0	0	0	0	0	0	0	0	0	0	0	0	0	0	0	0	0	0	0	0	0	0	0.0	0.0	0.0	0	1.00.0000	1.00.0000	1.00.0000	1.00.0000
9031	40	0	0	Q_CON3	1	1	0	0	285	0	0	0	0	0	0	0	0	0	0	0	0	0	0	0	0	0	0	_F_TALK_000	_F_TALK_000	0	0	0	0	0	0	0	0	0	0	0	0	0	0	0	0	0	0	0	0	0	0	0	0	0.0	0.0	0.0	0	1.02.0000	1.02.0000	1.02.0000	1.02.0000
9032	40	0	0	Q_CON3	1	1	0	156	109	0	0	0	0	0	0	0	0	0	0	0	0	0	0	0	0	0	0	_F_TALK_000	_F_TALK_000	0	0	0	0	0	0	0	0	0	0	0	0	0	0	0	0	0	0	0	0	0	0	0	0	0.0	0.0	0.0	0	1.02.0000	1.02.0000	1.02.0000	1.02.0000
9033	1	0	0	Q_REPEAT_CON_NEW	1	1	0	9000	0	0	10	9997	10	0	0	0	0	0	0	0	0	0	0	0	0	0	0	_F_TALK_000	_F_TALK_000	0	0	0	0	0	0	0	0	0	0	0	0	0	0	0	0	0	0	0	0	0	0	0	0	0.0	0.0	0.0	0	OUT	1.10.0100	1.10.0100	1.20.0000
