n_ID	s_NAME	s_COMMON	s_EQUIPED	s_USED
1	Batural Box	เหมาะกับคนชอบเดินเท้า! เมื่อใช้กุญแจเปิดแล้ว มีโอกาสได้รับเงิน 50±5 หน่วย		
2	Curious Box	เหมาะกับคนที่ชอบเรื่องตื่นเต้น! เมื่อใช้กุญแจเปิดแล้ว มีโอกาสได้รับเงิน 50±20 หน่วย		
3	Adventure Box	เหมาะกับคนที่ชอบผจญภัย! เมื่อใช้กุญแจเปิดแล้ว มีโอกาสได้รับเงิน 50±40 หน่วย		
5	Crystal Refining Clip	เมื่อใส่ไอเทมนี้ลงไปในกระเป๋า สามารถกดปุ่มหลอมในหน้าหลอมผลึกเพื่อหลอมผลึกออกมา		
6	 Fruit Wine Jar	โถเหล้าสำหรับหมัก Fruit Wine โถเหล้าที่คนธรรมดาทั่วไปใช้ ราคาถูก เมื่อแตกก็ซื้อใหม่		
7	 Fruit Wine Jar	โถเหล้าสำหรับหมัก Fruit Wine โถเหล้าที่คนธรรมดาทั่วไปใช้ ราคาถูก เมื่อแตกก็ซื้อใหม่		
8	 Fruit Wine Jar-ID Unavailable	โถเหล้าสำหรับหมัก Fruit Wine โถเหล้าที่คนธรรมดาทั่วไปใช้ ราคาถูก เมื่อแตกก็ซื้อใหม่		
9	 Fruit Wine Jar-ID Unavailable	โถเหล้าสำหรับหมัก Fruit Wine ดูแล้วน่าจะมีประวัติอันยาวนานแน่นอน		
10	 Fruit Wine Jar	โถเหล้าสำหรับหมัก Fruit Wine 		
11	 Fruit Wine Jar-ID Unavailable	โถเหล้าสำหรับหมัก Fruit Wine 		
12	 Fruit Wine Jar-ID Unavailable	โถเหล้าสำหรับหมัก Fruit Wine 		
13	 Fruit Wine Jar-ID Unavailable	โถเหล้าสำหรับหมัก Fruit Wine 		
14	 Fruit Wine Jar-ID Unavailable	โถเหล้าสำหรับหมัก Fruit Wine 		
15	 Fruit Wine Jar-ID Unavailable	โถเหล้าสำหรับหมัก Fruit Wine 		
16	 Special Wine Jar-ID Unavailable	โถเหล้าสำหรับหมัก Special Wine โถเหล้าที่คนธรรมดาทั่วไปใช้ ราคาถูก เมื่อแตกก็ซื้อใหม่		
17	 Special Wine Jar	โถเหล้าสำหรับหมัก Special Wine โถเหล้าที่คนธรรมดาทั่วไปใช้ ราคาถูก เมื่อแตกก็ซื้อใหม่		
18	 Special Wine Jar-ID Unavailable	โถเหล้าสำหรับหมัก Special Wine โถเหล้าที่คนธรรมดาทั่วไปใช้ ราคาถูก เมื่อแตกก็ซื้อใหม่		
19	 Special Wine Jar-ID Unavailable	โถเหล้าสำหรับหมัก Special Wine ดูแล้วน่าจะมีประวัติแน่นอน		
20	 Special Wine Jar	โถเหล้าสำหรับหมัก Special Wine 		
21	 Special Wine Jar-ID Unavailable	โถเหล้าสำหรับหมัก Special Wine 		
22	 Special Wine Jar-ID Unavailable	โถเหล้าสำหรับหมัก Special Wine 		
23	 Special Wine Jar-ID Unavailable	โถเหล้าสำหรับหมัก Special Wine 		
24	 Special Wine Jar-ID Unavailable	โถเหล้าสำหรับหมัก Special Wine 		
25	 Special Wine Jar-ID Unavailable	โถเหล้าสำหรับหมัก Special Wine 		
26	 Special Wine Jar-ID Unavailable	โถเหล้าสำหรับหมักเหล้าพิเศษ โถเหล้าที่คนธรรมดาทั่วไปใช้ ราคาถูก เมื่อแตกก็ซื้อใหม่		
27	Flavour Wine Jar	โถเหล้าสำหรับหมักเหล้าพิเศษ โถเหล้าที่คนธรรมดาทั่วไปใช้ ราคาถูก เมื่อแตกก็ซื้อใหม่		
28	Flavour Wine Jar-ID Unavailable	โถเหล้าสำหรับหมักเหล้าพิเศษ โถเหล้าที่คนธรรมดาทั่วไปใช้ ราคาถูก เมื่อแตกก็ซื้อใหม่		
29	Flavour Wine Jar-ID Unavailable	โถเหล้าสำหรับหมักเหล้าพิเศษ ดูแล้วน่าจะมีประวัติแน่นอน		
30	Flavour Wine Jar	โถเหล้าสำหรับหมักเหล้าพิเศษ 		
31	Flavour Wine Jar-ID Unavailable	โถเหล้าสำหรับหมักเหล้าพิเศษ 		
32	Flavour Wine Jar-ID Unavailable	โถเหล้าสำหรับหมักเหล้าพิเศษ 		
33	Flavour Wine Jar-ID Unavailable	โถเหล้าสำหรับหมักเหล้าพิเศษ 		
34	Flavour Wine Jar-ID Unavailable	โถเหล้าสำหรับหมักเหล้าพิเศษ 		
35	Flavour Wine Jar-ID Unavailable	โถเหล้าสำหรับหมักเหล้าพิเศษ 		
36	Beginner Oblivion White Pill	สามารถลบสกิลที่มีเลเวลต่ำกว่า 10 ได้ และฟื้นฟูแต้มสกิล 50%		เมื่อใช้สามารถรับแต้มสกิลคืน 50%
37	Normal Oblivion White Pill	สามารถลบสกิลที่มีเลเวลต่ำกว่า 50 ได้ และฟื้นฟูแต้มสกิล 50%		เมื่อใช้สามารถรับแต้มสกิลคืน 50%
38	Advanced Oblivion White Pill	สามารถลบสกิลที่มีเลเวลต่ำกว่า 120 ได้ และฟื้นฟูแต้มสกิล 50%		เมื่อใช้สามารถรับแต้มสกิลคืน 50%
39	Beginner Oblivion Green Pill	สามารถลบสกิลที่มีเลเวลต่ำกว่า 10 ได้ และฟื้นฟูแต้มสกิล 90%		เมื่อใช้สามารถรับแต้มสกิลคืน 90%
40	Normal Oblivion Green Pill	สามารถลบสกิลที่มีเลเวลต่ำกว่า 50 ได้ และฟื้นฟูแต้มสกิล 90%		เมื่อใช้สามารถรับแต้มสกิลคืน 90%
41	Advanced Oblivion Green Pill	สามารถลบสกิลที่มีเลเวลต่ำกว่า 120 ได้ และฟื้นฟูแต้มสกิล 90%		เมื่อใช้สามารถรับแต้มสกิลคืน 90%
42	Class Chage Book			เมื่อใช้จะลบสกิลอาชีพรอง และเพิ่มแต้มสกิล 1%
43	Forgotten Book			เมื่อใช้จะลบอาชีพ เลเวลสกิลจะคงอยู่แต่ไม่สามารถใช้ได้
46	Blood Cubic Crystal			
47	Energy Cubic Crystal			
48	Nutrition Soda Pack			เมื่อเปิดจะได้รับ Nutrition Soda ในจำนวนน้อย
49	Nutrition Biscuit Pack			เมื่อเปิดจะได้รับ Nutrition Biscuit ในจำนวนน้อย
50	Nutrition Bunopang Pack			เมื่อเปิดจะได้รับ Nutrition Bunopang ในจำนวนน้อย
51	Nutrition Dango Pack			เมื่อเปิดจะได้รับ Nutrition Dango ในจำนวนน้อย
52	Extra Nutrition Pack			เมื่อเปิดจะสุ่มรับถุงเสบียง 2 ถุง
53	Crew Friend Tip			เมื่อเปิดจะได้รับ Crew Companion ในจำนวนน้อย
54	Special Material Pack			เมื่อเปิดจะได้รับวัตถุดิบสูตรในจำนวนน้อย
55	Slime Box			เมื่อเปิดจะได้รับ Slime ในจำนวนน้อย
56	Mallet Special Box			เมื่อเปิดจะได้ค้อน 1 อัน
60	Refining Protect Doll	หากมีมันอยู่ ไม่ต้องกลัวการหลอมผลึกล้มเหลว! สามารถเพิ่มจำนวนการประกัน 5 ครั้ง เมื่อหลอกล้มเหลวจะลดจำนวนครั้งลง!		เมื่อใช้สามารถเพิ่มจำนวนการประกัน 5 ครั้ง
61	Beginner Soul Jade  Change Log			เมื่อใช้จะเปลี่ยน [ไอเทมเก็บลูกเรือ] เป็น [Ship Soul White Jade] 1 อัน (แนะนำ: Ship Soul White Jade ไม่สามารถทำการแลกเปลี่ยนระหว่างผู้เล่นได้)
62	Advanced Soul Jade  Change Log			เมื่อใช้จะเปลั้ยน [ไอเทมเก็บลูกเรือ] เป็น [Ship Soul White Jade] 2 อัน (แนะนำ: Ship Soul White Jade ไม่สามารถทำการแลกเปลี่ยนระหว่างผู้เล่นได้)
63	Old Doll	ตุ๊กตาเก่าๆ ไม่ทราบที่มาว่าเหตุใดจึงมาอยู่ในท้องสมุทรได้		สะสมครบ 5 ตัว สามารถรวมเป็น [Old Capsule] 1 อัน (เมื่อใช้จะได้รับเครื่องสวมใส่ 1 อัน)
64	Old Capsule	แคปซูนที่ปรมาจารย์คิดค้นขึ้น มีพลังเก่าแก่แฝงอยู่		เมื่อใช้จะสุ่มรับรูปลักษณ์ 1 อย่าง
84	Blank Message Bottle	สามารถบันทึกอารมณ์ปัจจุบันได้ในจดหมายเปล่า		เมื่อใช้สามารถเขียนข้อความได้!
85	Penfriend Message Bottle	จดหมายที่บันทึกอารมณ์ หวังว่าจะมีคนเก็บได้		คลิกขวาในแผนที่การเดินเรือเพื่อใช้ สามารถขว้างขวดลงทะเลได้!
86	Salvage Penfriend Message Bottle	จดหมายที่บันทึกอารมณ์ ไม่รู้ว่าด้านในเขียนอะไรไว้		เมื่อใช้สามารถอ่านจดหมายขวดแก้วได้!
87	Message Bottle	ดูรอยปากกาด้านบน จดหมายอันนี้น่าจะมาจากหญิงสาวจากแดนไกล!		เมื่อใช้สามารถอ่านจดหมายขวดแก้วได้!
91	Crew Equipment Box Lv.1			เมื่อเปิดจะได้รับอุปกรณ์ลูกเรือ Lv. 1 1ชิ้น
92	Crew Equipment Box Lv.2			เมื่อเปิดจะได้รับอุปกรณ์ลูกเรือ Lv.2 1ชิ้น
93	Crew Equipment Box Lv.3			เมื่อเปิดจะได้รับอุปกรณ์ลูกเรือ Lv.3 1ชิ้น
94	Crew Equipment Box Lv.4			เมื่อเปิดจะได้รับอุปกรณ์ลูกเรือ Lv.4 1ชิ้น
95	Crew Equipment Box Lv.5			เมื่อเปิดจะได้รับอุปกรณ์ลูกเรือ Lv.5 1ชิ้น
96	Guild EXP Jelly(weak)			เมื่อใช้จะได้รับค่าประสบการณ์กิลด์ 50 แต้ม!
97	Guild EXP Jelly			เมื่อใช้จะได้รับค่าประสบการณ์กิลด์ 60 แต้ม!
98	 EXP loit Jelly			เมื่อใช้จะได้รับค่าความดี 50 แต้ม!
99	Energy Crystal(General)			สามารถนำค่าตีบวก Sword Soul ในเครื่องสวมใส่คืนค่าเป็นยังไม่มีค่าถดถอยได้
100	Energy Crystal (General)			สามารถนำค่าตีบวก Sword Soul ในเครื่องสวมใส่คืนค่าเป็นยังไม่มีค่าถดถอยได้
101	Dim Light	เมื่อสวมใส่จะเพิ่มโจมตีหนักกายภาพให้ลูกเรือ		เมื่อใช้จะย้ายเครื่องสวมใส่ไปในคลัง!
102	Dusk Light	เมื่อสวมใส่จะเพิ่มโจมตีหนักกายภาพให้ลูกเรือ		เมื่อใช้จะนำ [Dim Light] ไปอัพเกรด จะได้รับอานุภาพที่แข็งแกร่งขึ้น! 
103	Light	เมื่อสวมใส่จะเพิ่มโจมตีหนักกายภาพให้ลูกเรือ		เมื่อใช้จะนำ [Dusk Light] ไปอัพเกรด จะได้รับอานุภาพที่แข็งแกร่งขึ้น! 
104	Blink Light	เมื่อสวมใส่จะเพิ่มโจมตีหนักกายภาพให้ลูกเรือ		เมื่อใช้จะนำ [Light] ไปอัพเกรด จะได้รับอานุภาพที่แข็งแกร่งขึ้น! 
105	Dazzling Light	เมื่อสวมใส่จะเพิ่มโจมตีหนักกายภาพให้ลูกเรือ		เมื่อใช้จะนำ [Blink Light] ไปอัพเกรด จะได้รับอานุภาพที่แข็งแกร่งขึ้น! 
106	Hurt Evil Eye	เมื่อสวมใส่จะเพิ่มโจมตีหนักเวทย์ให้ลูกเรือ		เมื่อใช้จะย้ายเครื่องสวมใส่ไปในคลัง!
107	Vacant Evil Eye	เมื่อสวมใส่จะเพิ่มโจมตีหนักเวทย์ให้ลูกเรือ		เมื่อใช้จะนำ [Hurt Evil Eye] ไปอัพเกรด จะได้รับอานุภาพที่แข็งแกร่งขึ้น! 
108	Evil Eye	เมื่อสวมใส่จะเพิ่มโจมตีหนักเวทย์ให้ลูกเรือ		เมื่อใช้จะนำ [Vacant Evil Eye] ไปอัพเกรด จะได้รับอานุภาพที่แข็งแกร่งขึ้น! 
109	Gaze Evil Eye	เมื่อสวมใส่จะเพิ่มโจมตีหนักเวทย์ให้ลูกเรือ		เมื่อใช้จะนำ [Evil Eye] ไปอัพเกรด จะได้รับอานุภาพที่แข็งแกร่งขึ้น! 
110	Sparkle Evil Eye	เมื่อสวมใส่จะเพิ่มโจมตีหนักเวทย์ให้ลูกเรือ		เมื่อใช้จะนำ [Gaze Evil Eye] ไปอัพเกรด จะได้รับอานุภาพที่แข็งแกร่งขึ้น! 
111	Rupture Rock Skin	เมื่อสวมใส่จะเพิ่มป้องกันกายภาพให้ลูกเรือ		เมื่อใช้จะย้ายเครื่องสวมใส่ไปในคลัง!
112	Inferior Rock Skin	เมื่อสวมใส่จะเพิ่มป้องกันกายภาพให้ลูกเรือ		เมื่อใช้จะนำ [Rupture Rock Skin] ไปอัพเกรด จะได้รับอานุภาพที่แข็งแกร่งขึ้น! 
113	Rock Skin	เมื่อสวมใส่จะเพิ่มป้องกันกายภาพให้ลูกเรือ		เมื่อใช้จะนำ [Inferior Rock Skin] ไปอัพเกรด จะได้รับอานุภาพที่แข็งแกร่งขึ้น! 
114	Solid Rock Skin	เมื่อสวมใส่จะเพิ่มป้องกันกายภาพให้ลูกเรือ		เมื่อใช้จะนำ [Rock Skin] ไปอัพเกรด จะได้รับอานุภาพที่แข็งแกร่งขึ้น! 
115	Hard Rock Skin	เมื่อสวมใส่จะเพิ่มป้องกันกายภาพให้ลูกเรือ		เมื่อใช้จะนำ [Solid Rock Skin] ไปอัพเกรด จะได้รับอานุภาพที่แข็งแกร่งขึ้น! 
116	Rupture Sparkling Skull	เมื่อสวมใส่จะเพิ่มป้องกันเวทย์ให้ลูกเรือ		เมื่อใช้จะย้ายเครื่องสวมใส่ไปในคลัง!
117	Dim Sparkling Skull	เมื่อสวมใส่จะเพิ่มป้องกันเวทย์ให้ลูกเรือ		เมื่อใช้จะนำ [Rupture Sparkling Skull] ไปอัพเกรด จะได้รับอานุภาพที่แข็งแกร่งขึ้น! 
118	Sparkling Skull	เมื่อสวมใส่จะเพิ่มป้องกันเวทย์ให้ลูกเรือ		เมื่อใช้จะนำ [Dim Sparkling Skull] ไปอัพเกรด จะได้รับอานุภาพที่แข็งแกร่งขึ้น! 
119	Blink Sparkling Skull	เมื่อสวมใส่จะเพิ่มป้องกันเวทย์ให้ลูกเรือ		เมื่อใช้จะนำ [Sparkling Skull] ไปอัพเกรด จะได้รับอานุภาพที่แข็งแกร่งขึ้น! 
120	Dazzling Sparkling Skull	เมื่อสวมใส่จะเพิ่มป้องกันเวทย์ให้ลูกเรือ		เมื่อใช้จะนำ [Blink Sparkling Skull] ไปอัพเกรด จะได้รับอานุภาพที่แข็งแกร่งขึ้น! 
121	Fail Greystone Talisman	เมื่อสวมใส่จะเพิ่มลดความเสียหายกายภาพให้ลูกเรือ		เมื่อใช้จะย้ายเครื่องสวมใส่ไปในคลัง!
122	Fuzzy Greystone Talisman	เมื่อสวมใส่จะเพิ่มลดความเสียหายกายภาพให้ลูกเรือ		เมื่อใช้จะนำ [Fail Greystone Talisman] ไปอัพเกรด จะได้รับอานุภาพที่แข็งแกร่งขึ้น! 
123	Greystone Talisman	เมื่อสวมใส่จะเพิ่มลดความเสียหายกายภาพให้ลูกเรือ		เมื่อใช้จะนำ [Fuzzy Greystone Talisman] ไปอัพเกรด จะได้รับอานุภาพที่แข็งแกร่งขึ้น! 
124	Clear Greystone Talisman	เมื่อสวมใส่จะเพิ่มลดความเสียหายกายภาพให้ลูกเรือ		เมื่อใช้จะนำ [Greystone Talisman] ไปอัพเกรด จะได้รับอานุภาพที่แข็งแกร่งขึ้น! 
125	Potent Greystone Talisman	เมื่อสวมใส่จะเพิ่มลดความเสียหายกายภาพให้ลูกเรือ		เมื่อใช้จะนำ [Clear Greystone Talisman] ไปอัพเกรด จะได้รับอานุภาพที่แข็งแกร่งขึ้น! 
126	Rupture Dragon Bone Necklace	เมื่อสวมใส่จะเพิ่มลดความเสียหายเวทย์ให้ลูกเรือ		เมื่อใช้จะย้ายเครื่องสวมใส่ไปในคลัง!
127	Defect Dragon Bone Necklace	เมื่อสวมใส่จะเพิ่มลดความเสียหายเวทย์ให้ลูกเรือ		เมื่อใช้จะนำ [Rupture Dragon Bone Necklace] ไปอัพเกรด จะได้รับอานุภาพที่แข็งแกร่งขึ้น! 
128	Dragon Bone Necklace	เมื่อสวมใส่จะเพิ่มลดความเสียหายเวทย์ให้ลูกเรือ		เมื่อใช้จะนำ [Defect Dragon Bone Necklace] ไปอัพเกรด จะได้รับอานุภาพที่แข็งแกร่งขึ้น! 
129	Hard Dragon Bone Necklace	เมื่อสวมใส่จะเพิ่มลดความเสียหายเวทย์ให้ลูกเรือ		เมื่อใช้จะนำ [Dragon Bone Necklace] ไปอัพเกรด จะได้รับอานุภาพที่แข็งแกร่งขึ้น! 
130	Perfect Dragon Bone Necklace	เมื่อสวมใส่จะเพิ่มลดความเสียหายเวทย์ให้ลูกเรือ		เมื่อใช้จะนำ [Hard Dragon Bone Necklace] ไปอัพเกรด จะได้รับอานุภาพที่แข็งแกร่งขึ้น! 
131	Stupid Gold Tiger Claw	เมื่อสวมใส่จะเพิ่มกายภาพทะลุเกราะให้ลูกเรือ		เมื่อใช้จะย้ายเครื่องสวมใส่ไปในคลัง!
132	Cub Gold Tiger Claw	เมื่อสวมใส่จะเพิ่มกายภาพทะลุเกราะให้ลูกเรือ		เมื่อใช้จะนำ [Stupid Gold Tiger Claw] ไปอัพเกรด จะได้รับอานุภาพที่แข็งแกร่งขึ้น! 
133	Gold Tiger Claw	เมื่อสวมใส่จะเพิ่มกายภาพทะลุเกราะให้ลูกเรือ		เมื่อใช้จะนำ [Cub Gold Tiger Claw] ไปอัพเกรด จะได้รับอานุภาพที่แข็งแกร่งขึ้น! 
134	Ripe Gold Tiger Claw	เมื่อสวมใส่จะเพิ่มกายภาพทะลุเกราะให้ลูกเรือ		เมื่อใช้จะนำ [Gold Tiger Claw] ไปอัพเกรด จะได้รับอานุภาพที่แข็งแกร่งขึ้น! 
135	Sharp Gold Tiger Claw	เมื่อสวมใส่จะเพิ่มกายภาพทะลุเกราะให้ลูกเรือ		เมื่อใช้จะนำ [Ripe Gold Tiger Claw] ไปอัพเกรด จะได้รับอานุภาพที่แข็งแกร่งขึ้น! 
136	Stupid Guide Pin	เมื่อสวมใส่จะเพิ่มเวทย์ทะลุเกราะให้ลูกเรือ		เมื่อใช้จะย้ายเครื่องสวมใส่ไปในคลัง!
137	Defect Guide Pin	เมื่อสวมใส่จะเพิ่มเวทย์ทะลุเกราะให้ลูกเรือ		เมื่อใช้จะนำ [Stupid Guide Pin] ไปอัพเกรด จะได้รับอานุภาพที่แข็งแกร่งขึ้น! 
138	Guide Pin	เมื่อสวมใส่จะเพิ่มเวทย์ทะลุเกราะให้ลูกเรือ		เมื่อใช้จะนำ [Defect Guide Pin] ไปอัพเกรด จะได้รับอานุภาพที่แข็งแกร่งขึ้น! 
139	Part Time Guide Pin	เมื่อสวมใส่จะเพิ่มเวทย์ทะลุเกราะให้ลูกเรือ		เมื่อใช้จะนำ [Guide Pin] ไปอัพเกรด จะได้รับอานุภาพที่แข็งแกร่งขึ้น! 
140	Perfect Guide Pin	เมื่อสวมใส่จะเพิ่มเวทย์ทะลุเกราะให้ลูกเรือ		เมื่อใช้จะนำ [Part Time Guide Pin] ไปอัพเกรด จะได้รับอานุภาพที่แข็งแกร่งขึ้น! 
141	Rift Crystal	เมื่อสวมใส่จะเพิ่มต้านมึนงงให้ลูกเรือ		เมื่อใช้จะย้ายเครื่องสวมใส่ไปในคลัง!
142	Dim Crystal	เมื่อสวมใส่จะเพิ่มต้านมึนงงให้ลูกเรือ		เมื่อใช้จะนำ [Rift Crystal] ไปอัพเกรด จะได้รับอานุภาพที่แข็งแกร่งขึ้น! 
143	Crystal	เมื่อสวมใส่จะเพิ่มต้านมึนงงให้ลูกเรือ		เมื่อใช้จะนำ [Dim Crystal] ไปอัพเกรด จะได้รับอานุภาพที่แข็งแกร่งขึ้น! 
144	Clear Crystal	เมื่อสวมใส่จะเพิ่มต้านมึนงงให้ลูกเรือ		เมื่อใช้จะนำ [Crystal] ไปอัพเกรด จะได้รับอานุภาพที่แข็งแกร่งขึ้น! 
145	Bright Crystal	เมื่อสวมใส่จะเพิ่มต้านมึนงงให้ลูกเรือ		เมื่อใช้จะนำ [Clear Crystal] ไปอัพเกรด จะได้รับอานุภาพที่แข็งแกร่งขึ้น! 
146	Calm Ghost Hammer	เมื่อสวมใส่จะเพิ่มทำให้มึนงงให้ลูกเรือ		เมื่อใช้จะย้ายเครื่องสวมใส่ไปในคลัง!
147	Quiver Ghost Hammer	เมื่อสวมใส่จะเพิ่มทำให้มึนงงให้ลูกเรือ		เมื่อใช้จะนำ [Calm Ghost Hammer] ไปอัพเกรด จะได้รับอานุภาพที่แข็งแกร่งขึ้น! 
148	Ghost Hammer	เมื่อสวมใส่จะเพิ่มทำให้มึนงงให้ลูกเรือ		เมื่อใช้จะนำ [Quiver Ghost Hammer] ไปอัพเกรด จะได้รับอานุภาพที่แข็งแกร่งขึ้น! 
149	Lament Ghost Hammer	เมื่อสวมใส่จะเพิ่มทำให้มึนงงให้ลูกเรือ		เมื่อใช้จะนำ [Ghost Hammer] ไปอัพเกรด จะได้รับอานุภาพที่แข็งแกร่งขึ้น! 
150	Tyrannical Ghost Hammer	เมื่อสวมใส่จะเพิ่มทำให้มึนงงให้ลูกเรือ		เมื่อใช้จะนำ [Lament Ghost Hammer] ไปอัพเกรด จะได้รับอานุภาพที่แข็งแกร่งขึ้น! 
151	Meager Prayer	เมื่อสวมใส่จะเพิ่มต้านคำสาปให้ลูกเรือ		เมื่อใช้จะย้ายเครื่องสวมใส่ไปในคลัง!
152	One Way Prayer	เมื่อสวมใส่จะเพิ่มต้านคำสาปให้ลูกเรือ		เมื่อใช้จะนำ [Meager Prayer] ไปอัพเกรด จะได้รับอานุภาพที่แข็งแกร่งขึ้น! 
153	Prayer	เมื่อสวมใส่จะเพิ่มต้านคำสาปให้ลูกเรือ		เมื่อใช้จะนำ [One Way Prayer] ไปอัพเกรด จะได้รับอานุภาพที่แข็งแกร่งขึ้น! 
154	Number Prayer	เมื่อสวมใส่จะเพิ่มต้านคำสาปให้ลูกเรือ		เมื่อใช้จะนำ [Prayer] ไปอัพเกรด จะได้รับอานุภาพที่แข็งแกร่งขึ้น! 
155	Abundant Prayer	เมื่อสวมใส่จะเพิ่มต้านคำสาปให้ลูกเรือ		เมื่อใช้จะนำ [Number Prayer] ไปอัพเกรด จะได้รับอานุภาพที่แข็งแกร่งขึ้น! 
156	Purify Evil Mask	เมื่อสวมใส่จะเพิ่มทำให้ถูกสาปให้ลูกเรือ		เมื่อใช้จะย้ายเครื่องสวมใส่ไปในคลัง!
157	Weak Evil Mask	เมื่อสวมใส่จะเพิ่มทำให้ถูกสาปให้ลูกเรือ		เมื่อใช้จะนำ [Purify Evil Mask] ไปอัพเกรด จะได้รับอานุภาพที่แข็งแกร่งขึ้น! 
158	Evil Mask	เมื่อสวมใส่จะเพิ่มทำให้ถูกสาปให้ลูกเรือ		เมื่อใช้จะนำ [Weak Evil Mask] ไปอัพเกรด จะได้รับอานุภาพที่แข็งแกร่งขึ้น! 
159	Lament Evil Mask	เมื่อสวมใส่จะเพิ่มทำให้ถูกสาปให้ลูกเรือ		เมื่อใช้จะนำ [Evil Mask] ไปอัพเกรด จะได้รับอานุภาพที่แข็งแกร่งขึ้น! 
160	Laughter Evil Mask	เมื่อสวมใส่จะเพิ่มทำให้ถูกสาปให้ลูกเรือ		เมื่อใช้จะนำ [Lament Evil Mask] ไปอัพเกรด จะได้รับอานุภาพที่แข็งแกร่งขึ้น! 
161	Vacant Correct Eye	เมื่อสวมใส่จะเพิ่มแม่นยำให้ลูกเรือ		เมื่อใช้จะย้ายเครื่องสวมใส่ไปในคลัง!
162	Tired Correct Eye	เมื่อสวมใส่จะเพิ่มแม่นยำให้ลูกเรือ		เมื่อใช้จะนำ [Vacant Correct Eye] ไปอัพเกรด จะได้รับอานุภาพที่แข็งแกร่งขึ้น! 
163	Correct Eye	เมื่อสวมใส่จะเพิ่มแม่นยำให้ลูกเรือ		เมื่อใช้จะนำ [Tired Correct Eye] ไปอัพเกรด จะได้รับอานุภาพที่แข็งแกร่งขึ้น! 
164	Gaze Correct Eye	เมื่อสวมใส่จะเพิ่มแม่นยำให้ลูกเรือ		เมื่อใช้จะนำ [Correct Eye] ไปอัพเกรด จะได้รับอานุภาพที่แข็งแกร่งขึ้น! 
165	Clever Correct Eye	เมื่อสวมใส่จะเพิ่มแม่นยำให้ลูกเรือ		เมื่อใช้จะนำ [Gaze Correct Eye] ไปอัพเกรด จะได้รับอานุภาพที่แข็งแกร่งขึ้น! 
166	Mess Lucky Feather	เมื่อสวมใส่จะเพิ่มหลบหลีกให้ลูกเรือ		เมื่อใช้จะย้ายเครื่องสวมใส่ไปในคลัง!
167	Curl Lucky Feather	เมื่อสวมใส่จะเพิ่มหลบหลีกให้ลูกเรือ		เมื่อใช้จะนำ [Mess Lucky Feather] ไปอัพเกรด จะได้รับอานุภาพที่แข็งแกร่งขึ้น! 
168	Lucky Feather	เมื่อสวมใส่จะเพิ่มหลบหลีกให้ลูกเรือ		เมื่อใช้จะนำ [Curl Lucky Feather] ไปอัพเกรด จะได้รับอานุภาพที่แข็งแกร่งขึ้น! 
169	Beauty Lucky Feather	เมื่อสวมใส่จะเพิ่มหลบหลีกให้ลูกเรือ		เมื่อใช้จะนำ [Lucky Feather] ไปอัพเกรด จะได้รับอานุภาพที่แข็งแกร่งขึ้น! 
170	Perfect Lucky Feather	เมื่อสวมใส่จะเพิ่มหลบหลีกให้ลูกเรือ		เมื่อใช้จะนำ [Beauty Lucky Feather] ไปอัพเกรด จะได้รับอานุภาพที่แข็งแกร่งขึ้น! 
171	Dim Force Crystal	เมื่อสวมใส่จะเพิ่มคริติคอลให้ลูกเรือ		เมื่อใช้จะย้ายเครื่องสวมใส่ไปในคลัง!
172	Dusk Force Crystal	เมื่อสวมใส่จะเพิ่มคริติคอลให้ลูกเรือ		เมื่อใช้จะนำ [Dim Force Crystal] ไปอัพเกรด จะได้รับอานุภาพที่แข็งแกร่งขึ้น! 
173	Force Crystal	เมื่อสวมใส่จะเพิ่มคริติคอลให้ลูกเรือ		เมื่อใช้จะนำ [Dusk Force Crystal] ไปอัพเกรด จะได้รับอานุภาพที่แข็งแกร่งขึ้น! 
174	Blink Force Crystal	เมื่อสวมใส่จะเพิ่มคริติคอลให้ลูกเรือ		เมื่อใช้จะนำ [Force Crystal] ไปอัพเกรด จะได้รับอานุภาพที่แข็งแกร่งขึ้น! 
175	Dazzling Force Crystal	เมื่อสวมใส่จะเพิ่มคริติคอลให้ลูกเรือ		เมื่อใช้จะนำ [Blink Force Crystal] ไปอัพเกรด จะได้รับอานุภาพที่แข็งแกร่งขึ้น! 
176	Dim Rough Crystal	เมื่อสวมใส่จะเพิ่มต้านคริติคอลให้ลูกเรือ		เมื่อใช้จะย้ายเครื่องสวมใส่ไปในคลัง!
177	Dusk Rough Crystal	เมื่อสวมใส่จะเพิ่มต้านคริติคอลให้ลูกเรือ		เมื่อใช้จะนำ [Dim Rough Crystal] ไปอัพเกรด จะได้รับอานุภาพที่แข็งแกร่งขึ้น! 
178	Rough Crystal	เมื่อสวมใส่จะเพิ่มต้านคริติคอลให้ลูกเรือ		เมื่อใช้จะนำ [Dusk Rough Crystal] ไปอัพเกรด จะได้รับอานุภาพที่แข็งแกร่งขึ้น! 
179	Blink Rough Crystal	เมื่อสวมใส่จะเพิ่มต้านคริติคอลให้ลูกเรือ		เมื่อใช้จะนำ [Rough Crystal] ไปอัพเกรด จะได้รับอานุภาพที่แข็งแกร่งขึ้น! 
180	Dazzling Rough Crystal	เมื่อสวมใส่จะเพิ่มต้านคริติคอลให้ลูกเรือ		เมื่อใช้จะนำ [Blink Rough Crystal] ไปอัพเกรด จะได้รับอานุภาพที่แข็งแกร่งขึ้น! 
181	Fail Lax Symbol	เมื่อสวมใส่จะเพิ่มมองข้ามการป้องกันให้ลูกเรือ		เมื่อใช้จะย้ายเครื่องสวมใส่ไปในคลัง!
182	Fuzzy Lax Symbol	เมื่อสวมใส่จะเพิ่มมองข้ามการป้องกันให้ลูกเรือ		เมื่อใช้จะนำ [Fail Lax Symbol] ไปอัพเกรด จะได้รับอานุภาพที่แข็งแกร่งขึ้น! 
183	Lax Symbol	เมื่อสวมใส่จะเพิ่มมองข้ามการป้องกันให้ลูกเรือ		เมื่อใช้จะนำ [Fuzzy Lax Symbol] ไปอัพเกรด จะได้รับอานุภาพที่แข็งแกร่งขึ้น! 
184	Clear Lax Symbol	เมื่อสวมใส่จะเพิ่มมองข้ามการป้องกันให้ลูกเรือ		เมื่อใช้จะนำ [Lax Symbol] ไปอัพเกรด จะได้รับอานุภาพที่แข็งแกร่งขึ้น! 
185	Potent Lax Symbol	เมื่อสวมใส่จะเพิ่มมองข้ามการป้องกันให้ลูกเรือ		เมื่อใช้จะนำ [Clear Lax Symbol] ไปอัพเกรด จะได้รับอานุภาพที่แข็งแกร่งขึ้น! 
186	Useless Cursed Doll	เมื่อสวมใส่จะเพิ่มสังหารให้ลูกเรือ		เมื่อใช้จะย้ายเครื่องสวมใส่ไปในคลัง!
187	Rip Cursed Doll	เมื่อสวมใส่จะเพิ่มสังหารให้ลูกเรือ		เมื่อใช้จะนำ [Useless Cursed Doll] ไปอัพเกรด จะได้รับอานุภาพที่แข็งแกร่งขึ้น! 
188	Cursed Doll	เมื่อสวมใส่จะเพิ่มสังหารให้ลูกเรือ		เมื่อใช้จะนำ [Rip Cursed Doll] ไปอัพเกรด จะได้รับอานุภาพที่แข็งแกร่งขึ้น! 
189	Sturdy Cursed Doll	เมื่อสวมใส่จะเพิ่มสังหารให้ลูกเรือ		เมื่อใช้จะนำ [Cursed Doll] ไปอัพเกรด จะได้รับอานุภาพที่แข็งแกร่งขึ้น! 
190	Perfect Cursed Doll	เมื่อสวมใส่จะเพิ่มสังหารให้ลูกเรือ		เมื่อใช้จะนำ [Sturdy Cursed Doll] ไปอัพเกรด จะได้รับอานุภาพที่แข็งแกร่งขึ้น! 
191	Rupture Demon Necklace	เมื่อสวมใส่จะเพิ่มอัตราสังหารให้ลูกเรือ		เมื่อใช้จะย้ายเครื่องสวมใส่ไปในคลัง!
192	Defect Demon Necklace	เมื่อสวมใส่จะเพิ่มอัตราสังหารให้ลูกเรือ		เมื่อใช้จะนำ [Rupture Demon Necklace] ไปอัพเกรด จะได้รับอานุภาพที่แข็งแกร่งขึ้น! 
193	Demon Necklace	เมื่อสวมใส่จะเพิ่มอัตราสังหารให้ลูกเรือ		เมื่อใช้จะนำ [Defect Demon Necklace] ไปอัพเกรด จะได้รับอานุภาพที่แข็งแกร่งขึ้น! 
194	Hard Demon Necklace	เมื่อสวมใส่จะเพิ่มอัตราสังหารให้ลูกเรือ		เมื่อใช้จะนำ [Demon Necklace] ไปอัพเกรด จะได้รับอานุภาพที่แข็งแกร่งขึ้น! 
195	Perfect Demon Necklace	เมื่อสวมใส่จะเพิ่มอัตราสังหารให้ลูกเรือ		เมื่อใช้จะนำ [Hard Demon Necklace] ไปอัพเกรด จะได้รับอานุภาพที่แข็งแกร่งขึ้น! 
196	Wither Eternal Leaf	เมื่อสวมใส่จะเพิ่มลดความเสียหายคริติคอลให้ลูกเรือ		เมื่อใช้จะย้ายเครื่องสวมใส่ไปในคลัง!
197	Drying Eternal Leaf	เมื่อสวมใส่จะเพิ่มลดความเสียหายคริติคอลให้ลูกเรือ		เมื่อใช้จะนำ [Wither Eternal Leaf] ไปอัพเกรด จะได้รับอานุภาพที่แข็งแกร่งขึ้น! 
198	Eternal Leaf	เมื่อสวมใส่จะเพิ่มลดความเสียหายคริติคอลให้ลูกเรือ		เมื่อใช้จะนำ [Drying Eternal Leaf] ไปอัพเกรด จะได้รับอานุภาพที่แข็งแกร่งขึ้น! 
199	Fresh Eternal Leaf	เมื่อสวมใส่จะเพิ่มลดความเสียหายคริติคอลให้ลูกเรือ		เมื่อใช้จะนำ [Eternal Leaf] ไปอัพเกรด จะได้รับอานุภาพที่แข็งแกร่งขึ้น! 
200	Perfect Eternal Leaf	เมื่อสวมใส่จะเพิ่มลดความเสียหายคริติคอลให้ลูกเรือ		เมื่อใช้จะนำ [Fresh Eternal Leaf] ไปอัพเกรด จะได้รับอานุภาพที่แข็งแกร่งขึ้น! 
401	Basic Breechloader [Left ] 	สามารถยิงปืนจากกราบเรือซ้ายได้ 1 นัด แต่ละนัดทำให้ศัตรูได้รับความเสียหาย 250 แต้ม\n\nเหมาะกับ: Armed Brig Barge, Bermuda Ship, Main Warship		เมื่อใช้จะย้ายเครื่องสวมใส่ไปในคลัง!
402	Simple Ejector	เมื่อสวมใส่สามารถยิง Javelin ได้ ทำให้ศัตรูได้รับความเสียหาย 60 แต้ม\n\nเหมาะกับ: Armed Brig Barge, Bermuda Ship, Main Warship		เมื่อใช้จะย้ายเครื่องสวมใส่ไปในคลัง!
403	Basic Breechloader [Right] 	สามารถยิงปืนจากกราบเรือขวาได้ 1 นัด แต่ละนัดทำให้ศัตรูได้รับความเสียหาย 250 แต้ม\n\nเหมาะกับ: Armed Brig Barge, Bermuda Ship, Main Warship		เมื่อใช้จะย้ายเครื่องสวมใส่ไปในคลัง!
404	Hunter Breechloader [Left ] 	ยิงปืนจากกราบเรือซ้ายได้ 3 นัด แต่ละนัดทำให้ศัตรูได้รับความเสียหาย 175 แต้ม\n\nเหมาะกับ: Bermuda Ship, Main Warship		เมื่อใช้จะย้ายเครื่องสวมใส่ไปในคลัง!
405	Spear Ejector	เมื่อสวมใส่สามารถยิง Javelin ได้ ทำให้ศัตรูได้รับความเสียหาย 75 แต้ม\n\nเหมาะกับ: Bermuda Ship, Main Warship		เมื่อใช้จะย้ายเครื่องสวมใส่ไปในคลัง!
406	Hunter Breechloader [Right] 	ยิงปืนจากกราบเรือขวาได้ 3 นัด แต่ละนัดทำให้ศัตรูได้รับความเสียหาย 175 แต้ม\n\nเหมาะกับ: Bermuda Ship, Main Warship		เมื่อใช้จะย้ายเครื่องสวมใส่ไปในคลัง!
407	Military Breechloader [Left ] 	ยิงปืนจากกราบเรือซ้ายได้ 5 นัด แต่ละนัดทำให้ศัตรูได้รับความเสียหาย 125 แต้ม\n\nเหมาะกับ: Main Warship		เมื่อใช้จะย้ายเครื่องสวมใส่ไปในคลัง!
408	Military Javelin Ejector	เมื่อสวมใส่สามารถยิง Javelin ได้ ทำให้ศัตรูได้รับความเสียหาย 90 แต้ม\n\nเหมาะกับ: Main Warship		เมื่อใช้จะย้ายเครื่องสวมใส่ไปในคลัง!
409	Military Breechloader [Right] 	ยิงปืนจากกราบเรือขวาได้ 5 นัด แต่ละนัดทำให้ศัตรูได้รับความเสียหาย 125 แต้ม\n\nเหมาะกับ: Main Warship		เมื่อใช้จะย้ายเครื่องสวมใส่ไปในคลัง!
410	Expedition Breechloader [Left ] 	ยิงปืนจากกราบเรือซ้ายได้ 7 นัด แต่ละนัดทำให้ศัตรูได้รับความเสียหาย 100 แต้ม\n\nเหมาะกับ: Main Warship		เมื่อใช้จะย้ายเครื่องสวมใส่ไปในคลัง!
411	Expedition Cluster Equipment	เมื่อสวมใส่สามารถยิง Javelin ได้ ทำให้ศัตรูได้รับความเสียหาย 100 แต้ม\n\nเหมาะกับ: Main Warship		เมื่อใช้จะย้ายเครื่องสวมใส่ไปในคลัง!
412	Expedition Breechloader [Right] 	ยิงปืนจากกราบเรือขวาได้ 7 นัด แต่ละนัดทำให้ศัตรูได้รับความเสียหาย 100 แต้ม\n\nเหมาะกับ: Main Warship		เมื่อใช้จะย้ายเครื่องสวมใส่ไปในคลัง!
413	Flame Radiation 	พ่นไฟไปด้านหน้า ทำให้เกิดความเสียหายต่อเนื่อง 30 แต้ม\n\nเหมาะกับ: Armed Brig Barge, Bermuda Ship, Main Warship\n		เมื่อใช้จะนำไอเทมนี้เก็บลงคลังเครื่องสวมใส่!
414	Rampage Device	พุ่งเข้าใส่ ทำให้เรือของศัตรูที่อยู่ในเส้นทางได้รับความเสียหาย 200 แต้ม\n\nเหมาะกับ: Armed Brig Barge, Bermuda Ship, Main Warship\n		เมื่อใช้จะนำไอเทมนี้เก็บลงคลังเครื่องสวมใส่!
415	Armor Warship	เพิ่มพลังป้องกันให้เรือตนเอง ลดความสียหายที่ได้รับ 50%\n\nเหมาะกับ: Armed Brig Barge, Bermuda Ship, Main Warship\n		เมื่อใช้จะนำไอเทมนี้เก็บลงคลังเครื่องสวมใส่!
416	Cross Mine	ยิงระเบิดไปด้านหลัง เมื่อระเบิดจะเกิดความเสียหายเป็นเครื่องหมายบวก แต่ละทางทำความเสียหาย 50 แต้ม\n\nเหมาะกับ: Armed Brig Barge, Bermuda Ship, Main Warship\n		เมื่อใช้จะนำไอเทมนี้เก็บลงคลังเครื่องสวมใส่!
417	Fishnet [Front] 	ยิงตาข่ายไปด้านหน้า ศัตรูที่โดนตาข่ายจะลดความเร็วในการเคลื่อนที่ลง\n\nเหมาะกับ: Armed Brig Barge, Bermuda Ship, Main Warship\n		เมื่อใช้จะนำไอเทมนี้เก็บลงคลังเครื่องสวมใส่!
418	Fishnet [Back] 	ยิงตาข่ายไปด้านหลัง ศัตรูที่โดนตาข่ายจะลดความเร็วในการเคลื่อนที่ลง\n\nเหมาะกับ: Armed Brig Barge, Bermuda Ship, Main Warship\n		เมื่อใช้จะนำไอเทมนี้เก็บลงคลังเครื่องสวมใส่!
419	Accelerate	เพิ่มความเร็วเรือ +120\n\nประเภทเรือที่ต้องการ: Armed Brig Barge, Bermuda Ship, Main Warship\n		เมื่อใช้จะนำไอเทมนี้เก็บลงคลังเครื่องสวมใส่!
420	Harpoon Chain	ยิง Harpoon Chain ไปทางซ้ายและขวาเรือ เมื่อโจมตีแม่นยำเรือศัตรูจะถูกลากเข้ามาใกล้เรือตนเอง และทำให้เกิดความเสียหาย 50 แต้ม\n\nเหมาะกับ: Armed Brig Barge, Bermuda Ship, Main Warship\n		เมื่อใช้จะนำไอเทมนี้เก็บลงคลังเครื่องสวมใส่!
421	Mortar [Left ] 	ยิง Mortar ไปทางซ้าย ทำให้เกิดความเสียหายเป็นวงกว้าง 250 แต้ม\n\nเหมาะกับ: Armed Brig Barge, Bermuda Ship, Main Warship\n		เมื่อใช้จะนำไอเทมนี้เก็บลงคลังเครื่องสวมใส่!
422	Incendiary Bomb [Left ] 	ยิงปืนไฟไปทางซ้าย ทำให้ทะเลเป็นเพลิง ทำความเสียหายต่อเนื่อง 50 แต้ม\n\nเหมาะกับ: Armed Brig Barge, Bermuda Ship, Main Warship\n		เมื่อใช้จะนำไอเทมนี้เก็บลงคลังเครื่องสวมใส่!
423	Machine Gun [Left ] 	ยิงโจมตีทางซ้ายต่อเนื่อง แต่ละนัดทำความเสียหาย 100 แต้ม\n\nเหมาะกับ: Armed Brig Barge, Bermuda Ship, Main Warship\n		เมื่อใช้จะนำไอเทมนี้เก็บลงคลังเครื่องสวมใส่!
424	Strength Gun [Left ] 	ยิงระเบิดไปทางซ้าย ทำให้เรือที่อยู่ในเส้นทางเกิดความเสียหาย 500 แต้ม\n\nเหมาะกับ: Armed Brig Barge, Bermuda Ship, Main Warship\n		เมื่อใช้จะนำไอเทมนี้เก็บลงคลังเครื่องสวมใส่!
425	Iron Ball [Left ] 	ยิงลูกปืนเหล็กสีดำทางกาบเรือซ้าย ทำให้เกิดความเสียหาย 150 แต้ม และสร้างคลื่นมีผลกระทบต่อความเร็วของเรือที่อยู่รอบๆ สามารถโจมตีเป้าหมายให้ถอยหลังได้\n\nประเภทเรือที่ต้องการ: Armed Brig Barge, Bermuda Ship, Main Warship。\n		เมื่อใช้จะนำไอเทมนี้เก็บลงคลังเครื่องสวมใส่!
426	Aerosol Bomb [Left ] 	ยิง Aerosol Bomb ไปทางซ้าย ทำให้เรือของฝ่ายศัตรูและฝ่ายตนเองที่โดนลดความเร็วลง 50%, เพิ่มหลบหลีก 50%\n\nเหมาะกับ: Armed Brig Barge, Bermuda Ship, Main Warship\n		เมื่อใช้จะนำไอเทมนี้เก็บลงคลังเครื่องสวมใส่!
427	Mortar [Right] 	ยิง Mortar ไปทางขวา ทำให้เกิดความเสียหายเป็นวงกว้าง 250 แต้ม\n\nเหมาะกับ: Armed Brig Barge, Bermuda Ship, Main Warship\n		เมื่อใช้จะนำไอเทมนี้เก็บลงคลังเครื่องสวมใส่!
428	Incendiary Bomb [Right] 	ยิงปืนไฟไปทางขวา ทำให้ทะเลเป็นเพลิง ทำความเสียหายต่อเนื่อง 50 แต้ม\n\nเหมาะกับ: Armed Brig Barge, Bermuda Ship, Main Warship\n		เมื่อใช้จะนำไอเทมนี้เก็บลงคลังเครื่องสวมใส่!
429	Machine Gun [Right] 	ยิงโจมตีทางขวาต่อเนื่อง แต่ละนัดทำความเสียหาย 100 แต้ม\n\nเหมาะกับ: Armed Brig Barge, Bermuda Ship, Main Warship\n		เมื่อใช้จะนำไอเทมนี้เก็บลงคลังเครื่องสวมใส่!
430	Strength Gun [Right] 	ยิงระเบิดไปทางขวา ทำให้เรือที่อยู่ในเส้นทางเกิดความเสียหาย 500 แต้ม\n\nเหมาะกับ: Armed Brig Barge, Bermuda Ship, Main Warship\n		เมื่อใช้จะนำไอเทมนี้เก็บลงคลังเครื่องสวมใส่!
431	Iron Ball [Right] 	ยิงลูกปืนเหล็กสีดำทางกาบเรือขวา ทำให้เกิดความเสียหาย 150 แต้ม และสร้างคลื่นมีผลกระทบต่อความเร็วของเรือที่อยู่รอบๆ สามารถโจมตีเป้าหมายให้ถอยหลังได้\n\nประเภทเรือที่ต้องการ: Armed Brig Barge, Bermuda Ship, Main Warship。\n		เมื่อใช้จะนำไอเทมนี้เก็บลงคลังเครื่องสวมใส่!
432	Aerosol Bomb [Right] 	ยิง Aerosol Bomb ไปทางขวา ทำให้เรือของฝ่ายศัตรูและฝ่ายตนเองที่โดนลดความเร็วลง 50%, เพิ่มหลบหลีก 50%\n\nเหมาะกับ: Armed Brig Barge, Bermuda Ship, Main Warship\n		เมื่อใช้จะนำไอเทมนี้เก็บลงคลังเครื่องสวมใส่!
433	Design: Flame Radiation	กลไกที่ใช้ยิงกระสุนเพลิง ทนความร้อนได้สูง ป้องกันอะไหล่ด้านใน		เก็บสะสมสำเร็จ Dante Flame*5, Dante Iron Chain*4, Heat Ceramic Clod*15, Red Flame Iron*10 รวมแบบแปลนแล้วจะได้รับอาวุธเรือ--Flame Radiation
434	Design: Rampage Device	นำแก่นพลังงานเปลี่ยนโอนเป็นพลังงาน ก้าวไปข้างหน้าอีกขั้นด้วยความรวดเร็ว		เก็บสะสมสำเร็จ Al Timo Energy Stone*1, Ceramic Clod*15, Black Iron Clod*10 รวมแบบแปลนแล้วจะได้รับอาวุธเรือ--Rampage Device
435	Design: Armored Warship	ใช้เกราะรถถังเก่าแก่ของ Empire of Mu หุ้มโครงเรือ และใช้แก่นพลังงานเป็นแหล่งพลังงาน เพิ่มป้องกันให้กับเรือได้		เก็บสะสมสำเร็จ Beirut Shield*3, Al Timo Energy Stone*2, Empire of Mu Energy Vessel*15, Heat Ceramic Clod*10 รวมแบบแปลนแล้วจะได้รับอาวุธเรือ--Armored Warship
436	Design: Cross Mine	แบบแปลนอาวุธของ Duke โครงสร้างภายในสุดพิเศษ สร้างระเบิดที่มีอานุภาพสูงส่ง		เก็บสะสมสำเร็จ Media Crystal*2, Black Powder*15, Ceramic Clod*15, Red Flame Iron*10 รวมแบบแปลนแล้วจะได้รับอาวุธเรือ--Cross Mine
437	Design: Fishing Net【หน้า】	ปัญญาของคนรุ่นก่อน วิธีสานแห		เก็บสะสมสำเร็จ Jellyfish Mucus*3, Old Fishing Net*25 รวมแบบแปลนแล้วจะได้รับอาวุธเรือ--Fishing Net【ด้านหน้า】
438	Design: Fishing Net【หลัง】	ปัญญาของคนรุ่นก่อน วิธีสานแห		เก็บสะสมสำเร็จ Jellyfish Mucus*3, Old Fishing Net*25 รวมแบบแปลนแล้วจะได้รับอาวุธเรือ--Fishing Net【ด้านหลัง】
439	Design: Quicken	นำแก่นพลังงานเปลี่ยนโอนเป็นพลังงานที่ใหม่กว่า เพิ่มความเร็วเรือในเวลาสั้นๆ		เก็บสะสมสำเร็จ Mutation Jellyfish Crystal*3, Al Timo Energy Stone*3, Ceramic Clod*25 รวมแบบแปลนแล้วจะได้รับอาวุธเรือ--Quicken
440	Design: Chain Harpoon	ใช้โซ่ของ Dante เป็นวัสดุ ใช้ตรึงเรือศัตรูที่อยู่รอบๆ ทำให้ศัตรูยากที่จะหนีออกไปได้		เก็บสะสมสำเร็จ Dante Iron Chain*6, Media Crystal*5, Tank Gunpowder*3, Heat Ceramic Clod*15 รวมแบบแปลนแล้วจะได้รับอาวุธเรือ--Chain Harpoon
441	Design: Mortar【ซ้าย】	ปืนใหญ่ Mortar พิเศษ ยิงระเบิดอานุภาพสูง ทำให้เกิดความเสียหายเป็นวงกว้าง		เก็บสะสมสำเร็จ Tank Gunpowder*3, Heat Ceramic Clod*10, Empire of Mu Gun Barrel*10, Empire of Mu Energy Vessel*5 รวมแบบแปลนแล้วจะได้รับอาวุธเรือ--Mortar【กาบเรือซ้าย】
442	Design: Burn Bomb【ซ้าย】	ระเบิด Burn Bomb พิเศษ ยิงระเบิดเพลิงที่แผดเผาทุกอย่าง ทำให้เป้าหมายไฟไหม้ต่อเนื่อง		เก็บสะสมสำเร็จ Media Crystal*2, Red Flame Iron*10, Empire of Mu Gun Barrel*10, Empire of Mu Energy Vessel*5 รวมแบบแปลนแล้วจะได้รับอาวุธเรือ--Burn Bomb【กาบเรือซ้าย】
443	Design: Running Fire【ซ้าย】	สามารถยิงกระสุนได้อย่างต่อเนื่อง สร้างจากวัตถุที่มีความทนทานจึงสามารถยิงได้ต่อเนื่อง		เก็บสะสมสำเร็จ Duke Gun Barrel*2, Black Powder*20, Ceramic Clod*15 รวมแบบแปลนแล้วจะได้รับอาวุธเรือ--Running Fire【กาบเรือซ้าย】
444	Design: Strong Cannon【ซ้าย】	ปืนที่สร้างขึ้นโดยมีระยะการยิงที่ไกล สามารถทนต่อแรงกระแทกของตัวปืนใหญ่ได้ดี		เก็บสะสมสำเร็จ Duke Gun Barrel*3, Tank Gunpowder*2, Black Powder*20, Empire of Mu Energy Vessel*15 รวมแบบแปลนแล้วจะได้รับอาวุธเรือ--Strong Cannon【กาบเรือซ้าย】
445	Design: Iron Ball【ซ้าย】	ปืนใหญ่พิเศษ ยิงเหล็กกล้าขนาดใหญ่ ยิงใส่เป้าหมายด้วยความหนักหน่วงและรุนแรง		เก็บสะสมสำเร็จ Mutation Jellyfish Crystal*3, Beirut Shield*3, Black Iron Clod*20, Red Flame Iron*10 รวมแบบแปลนแล้วจะได้รับอาวุธเรือ--Iron Ball【กาบเรือซ้าย】
446	Design: Smoke Bomb【ซ้าย】	ใช้ดินปืน และน้ำเมือกผสมผสาน สามารถสร้างกระสุนที่มีอานุภาพร้ายแรงขึ้น ไม่ว่าจะเป็นการปิดวิสัยทัศน์ศัตรูแล้วยังเป็นการพลางตัวที่ดีอีกด้วย		เก็บสะสมสำเร็จ Jellyfish Mucus*3, Black Powder*15, Black Iron Clod*20 รวมแบบแปลนแล้วจะได้รับอาวุธเรือ--Smoke Bomb【กาบเรือซ้าย】
447	Design: Mortar【ขวา】	ปืนใหญ่ Mortar พิเศษ ยิงระเบิดอานุภาพสูง ทำให้เกิดความเสียหายเป็นวงกว้าง		เก็บสะสมสำเร็จ Tank Gunpowder*3, Heat Ceramic Clod*10, Empire of Mu Gun Barrel*10, Empire of Mu Energy Vessel*5 รวมแบบแปลนแล้วจะได้รับอาวุธเรือ--Mortar【กาบเรือขวา】
448	Design: Burn Bomb【ขวา】	ระเบิด Burn Bomb พิเศษ ยิงระเบิดเพลิงที่แผดเผาทุกอย่าง ทำให้เป้าหมายไฟไหม้ต่อเนื่อง		เก็บสะสมสำเร็จ Media Crystal*2, Red Flame Iron*10, Empire of Mu Gun Barrel*10, Empire of Mu Energy Vessel*5 รวมแบบแปลนแล้วจะได้รับอาวุธเรือ--Burn Bomb【กาบเรือขวา】
449	Design: Running Fire【ขวา】	สามารถยิงกระสุนได้อย่างต่อเนื่อง สร้างจากวัตถุที่มีความทนทานจึงสามารถยิงได้ต่อเนื่อง		เก็บสะสมสำเร็จ Duke Gun Barrel*2, Black Powder*20, Ceramic Clod*15 รวมแบบแปลนแล้วจะได้รับอาวุธเรือ--Running Fire【กาบเรือขวา】
450	Design: Strong Cannon【ขวา】	ปืนที่สร้างขึ้นโดยมีระยะการยิงที่ไกล สามารถทนต่อแรงกระแทกของตัวปืนใหญ่ได้ดี		เก็บสะสมสำเร็จ Duke Gun Barrel*3, Tank Gunpowder*2, Black Powder*20, Empire of Mu Energy Vessel*15 รวมแบบแปลนแล้วจะได้รับอาวุธเรือ--Strong Cannon【กาบเรือขวา】
451	Design: Iron Ball【ขวา】	ปืนใหญ่พิเศษ ยิงเหล็กกล้าขนาดใหญ่ ยิงใส่เป้าหมายด้วยความหนักหน่วงและรุนแรง		เก็บสะสมสำเร็จ Mutation Jellyfish Crystal*3, Beirut Shield*3, Black Iron Clod*20, Red Flame Iron*10 รวมแบบแปลนแล้วจะได้รับอาวุธเรือ--Iron Ball【กาบเรือขวา】
452	Design: Smoke Bomb【ขวา】	ใช้ดินปืน และน้ำเมือกผสมผสาน สามารถสร้างกระสุนที่มีอานุภาพร้ายแรงขึ้น ไม่ว่าจะเป็นการปิดวิสัยทัศน์ศัตรูแล้วยังเป็นการพลางตัวที่ดีอีกด้วย		เก็บสะสมสำเร็จ Jellyfish Mucus*3, Black Powder*15, Black Iron Clod*20 รวมแบบแปลนแล้วจะได้รับอาวุธเรือ--Smoke Bomb【กาบเรือขวา】
501	Guild Red Crystal Maintain Lv.1	เสริมส่วนบำรุงให้ผลึกในอาวุธ ในขวดมี 20 แต้ม ลากใส่ใน [Melt Crystal Plate] และวางลงช่องผลึกสีแดงที่เปิดแล้ว		
502	Guild Red Crystal Maintain Lv.2	เสริมส่วนบำรุงให้ผลึกในอาวุธ ในขวดมี 40 แต้ม ลากใส่ใน [Melt Crystal Plate] และวางลงช่องผลึกสีแดงที่เปิดแล้ว		
503	Guild Red Crystal Maintain Lv.3	เสริมส่วนบำรุงให้ผลึกในอาวุธ ในขวดมี 60 แต้ม ลากใส่ใน [Melt Crystal Plate] และวางลงช่องผลึกสีแดงที่เปิดแล้ว		
504	Guild Red Crystal Maintain Lv.4	เสริมส่วนบำรุงให้ผลึกในอาวุธ ในขวดมี 80 แต้ม ลากใส่ใน [Melt Crystal Plate] และวางลงช่องผลึกสีแดงที่เปิดแล้ว		
505	Guild Red Crystal Maintain Lv.5	เสริมส่วนบำรุงให้ผลึกในอาวุธ ในขวดมี 100 แต้ม ลากใส่ใน [Melt Crystal Plate] และวางลงช่องผลึกสีแดงที่เปิดแล้ว		
506	Guild Red Crystal Maintain Lv.6	เสริมส่วนบำรุงให้ผลึกในอาวุธ ในขวดมี 120 แต้ม ลากใส่ใน [Melt Crystal Plate] และวางลงช่องผลึกสีแดงที่เปิดแล้ว		
507	Guild Blue Crystal Maintain Lv.1	เสริมส่วนบำรุงให้ผลึกในเครื่องป้องกัน ในขวดมี 20 แต้ม ลากใส่ใน [Melt Crystal Plate] และวางลงช่องผลึกสีน้ำเงินที่เปิดแล้ว		
508	Guild Blue Crystal Maintain Lv.2	เสริมส่วนบำรุงให้ผลึกในเครื่องป้องกัน ในขวดมี 40 แต้ม ลากใส่ใน [Melt Crystal Plate] และวางลงช่องผลึกสีน้ำเงินที่เปิดแล้ว		
509	Guild Blue Crystal Maintain Lv.3	เสริมส่วนบำรุงให้ผลึกในเครื่องป้องกัน ในขวดมี 60 แต้ม ลากใส่ใน [Melt Crystal Plate] และวางลงช่องผลึกสีน้ำเงินที่เปิดแล้ว		
510	Guild Blue Crystal Maintain Lv.4	เสริมส่วนบำรุงให้ผลึกในเครื่องป้องกัน ในขวดมี 80 แต้ม ลากใส่ใน [Melt Crystal Plate] และวางลงช่องผลึกสีน้ำเงินที่เปิดแล้ว		
511	Guild Blue Crystal Maintain Lv.5	เสริมส่วนบำรุงให้ผลึกในเครื่องป้องกัน ในขวดมี 100 แต้ม ลากใส่ใน [Melt Crystal Plate] และวางลงช่องผลึกสีน้ำเงินที่เปิดแล้ว		
512	Guild Blue Crystal Maintain Lv.6	เสริมส่วนบำรุงให้ผลึกในเครื่องป้องกัน ในขวดมี 120 แต้ม ลากใส่ใน [Melt Crystal Plate] และวางลงช่องผลึกสีน้ำเงินที่เปิดแล้ว		
513	Guild Green Crystal Maintain Lv.1	เสริมส่วนบำรุงให้ผลึกในเครื่องประดับ ในขวดมี 20 แต้ม ลากใส่ใน [Melt Crystal Plate] และวางลงช่องผลึกสีเขียวที่เปิดแล้ว		
514	Guild Green Crystal Maintain Lv.2	เสริมส่วนบำรุงให้ผลึกในเครื่องประดับ ในขวดมี 40 แต้ม ลากใส่ใน [Melt Crystal Plate] และวางลงช่องผลึกสีเขียวที่เปิดแล้ว		
515	Guild Green Crystal Maintain Lv.3	เสริมส่วนบำรุงให้ผลึกในเครื่องประดับ ในขวดมี 60 แต้ม ลากใส่ใน [Melt Crystal Plate] และวางลงช่องผลึกสีเขียวที่เปิดแล้ว		
516	Guild Green Crystal Maintain Lv.4	เสริมส่วนบำรุงให้ผลึกในเครื่องประดับ ในขวดมี 80 แต้ม ลากใส่ใน [Melt Crystal Plate] และวางลงช่องผลึกสีเขียวที่เปิดแล้ว		
517	Guild Green Crystal Maintain Lv.5	เสริมส่วนบำรุงให้ผลึกในเครื่องประดับ ในขวดมี 100 แต้ม ลากใส่ใน [Melt Crystal Plate] และวางลงช่องผลึกสีเขียวที่เปิดแล้ว		
518	Guild Green Crystal Maintain Lv.6	เสริมส่วนบำรุงให้ผลึกในเครื่องประดับ ในขวดมี 120 แต้ม ลากใส่ใน [Melt Crystal Plate] และวางลงช่องผลึกสีเขียวที่เปิดแล้ว		
519	Coarse Red Crystal Maintain	เสริมส่วนบำรุงให้ผลึกในอาวุธ ในขวดมี 5 แต้ม ลากใส่ใน [Melt Crystal Plate] และวางลงช่องผลึกสีแดงที่เปิดแล้ว		
520	General Red Crystal Maintain	เสริมส่วนบำรุงให้ผลึกในอาวุธ ในขวดมี 10 แต้ม ลากใส่ใน [Melt Crystal Plate] และวางลงช่องผลึกสีแดงที่เปิดแล้ว		
521	Coarse Red Crystal Maintain	เสริมส่วนบำรุงให้ผลึกในอาวุธ ในขวดมี 15 แต้ม ลากใส่ใน [Melt Crystal Plate] และวางลงช่องผลึกสีแดงที่เปิดแล้ว		
522	Coarse Blue Crystal Maintain	เสริมส่วนบำรุงให้ผลึกในเครื่องป้องกัน ในขวดมี 5 แต้ม ลากใส่ใน [Melt Crystal Plate] และวางลงช่องผลึกสีน้ำเงินที่เปิดแล้ว		
523	General Blue Crystal Maintain	เสริมส่วนบำรุงให้ผลึกในเครื่องป้องกัน ในขวดมี 10 แต้ม ลากใส่ใน [Melt Crystal Plate] และวางลงช่องผลึกสีน้ำเงินที่เปิดแล้ว		
524	Coarse Blue Crystal Maintain	เสริมส่วนบำรุงให้ผลึกในเครื่องป้องกัน ในขวดมี 15 แต้ม ลากใส่ใน [Melt Crystal Plate] และวางลงช่องผลึกสีน้ำเงินที่เปิดแล้ว		
525	Coarse Green Crystal Maintain	เสริมส่วนบำรุงให้ผลึกในเครื่องประดับ ในขวดมี 5 แต้ม ลากใส่ใน [Melt Crystal Plate] และวางลงช่องผลึกสีเขียวที่เปิดแล้ว		
526	General Green Crystal Maintain	เสริมส่วนบำรุงให้ผลึกในเครื่องประดับ ในขวดมี 10 แต้ม ลากใส่ใน [Melt Crystal Plate] และวางลงช่องผลึกสีเขียวที่เปิดแล้ว		
527	Coarse Green Crystal Maintain	เสริมส่วนบำรุงให้ผลึกในเครื่องประดับ ในขวดมี 15 แต้ม ลากใส่ใน [Melt Crystal Plate] และวางลงช่องผลึกสีเขียวที่เปิดแล้ว		
528	Reward Red Crystal Maintain Lv.1	เสริมส่วนบำรุงให้ผลึกในอาวุธ ในขวดมี 100 แต้ม ลากใส่ใน [Melt Crystal Plate] และวางลงช่องผลึกสีแดงที่เปิดแล้ว		
529	Reward Red Crystal Maintain Lv.2	เสริมส่วนบำรุงให้ผลึกในอาวุธ ในขวดมี 200 แต้ม ลากใส่ใน [Melt Crystal Plate] และวางลงช่องผลึกสีแดงที่เปิดแล้ว		
530	Reward Red Crystal Maintain Lv.3	เสริมส่วนบำรุงให้ผลึกในอาวุธ ในขวดมี 300 แต้ม ลากใส่ใน [Melt Crystal Plate] และวางลงช่องผลึกสีแดงที่เปิดแล้ว		
531	Reward Red Crystal Maintain Lv.4	เสริมส่วนบำรุงให้ผลึกในอาวุธ ในขวดมี 400 แต้ม ลากใส่ใน [Melt Crystal Plate] และวางลงช่องผลึกสีแดงที่เปิดแล้ว		
532	Reward Red Crystal Maintain Lv.5	เสริมส่วนบำรุงให้ผลึกในอาวุธ ในขวดมี 500 แต้ม ลากใส่ใน [Melt Crystal Plate] และวางลงช่องผลึกสีแดงที่เปิดแล้ว		
533	Reward Red Crystal Maintain Lv.6	เสริมส่วนบำรุงให้ผลึกในอาวุธ ในขวดมี 600 แต้ม ลากใส่ใน [Melt Crystal Plate] และวางลงช่องผลึกสีแดงที่เปิดแล้ว		
534	Reward Blue Crystal Maintain Lv.1	เสริมส่วนบำรุงให้ผลึกในเครื่องป้องกัน ในขวดมี 100 แต้ม ลากใส่ใน [Melt Crystal Plate] และวางลงช่องผลึกสีน้ำเงินที่เปิดแล้ว		
535	Reward Blue Crystal Maintain Lv.2	เสริมส่วนบำรุงให้ผลึกในเครื่องป้องกัน ในขวดมี 200 แต้ม ลากใส่ใน [Melt Crystal Plate] และวางลงช่องผลึกสีน้ำเงินที่เปิดแล้ว		
536	Reward Blue Crystal Maintain Lv.3	เสริมส่วนบำรุงให้ผลึกในเครื่องป้องกัน ในขวดมี 300 แต้ม ลากใส่ใน [Melt Crystal Plate] และวางลงช่องผลึกสีน้ำเงินที่เปิดแล้ว		
537	Reward Blue Crystal Maintain Lv.4	เสริมส่วนบำรุงให้ผลึกในเครื่องป้องกัน ในขวดมี 400 แต้ม ลากใส่ใน [Melt Crystal Plate] และวางลงช่องผลึกสีน้ำเงินที่เปิดแล้ว		
538	Reward Blue Crystal Maintain Lv.5	เสริมส่วนบำรุงให้ผลึกในเครื่องป้องกัน ในขวดมี 500 แต้ม ลากใส่ใน [Melt Crystal Plate] และวางลงช่องผลึกสีน้ำเงินที่เปิดแล้ว		
539	Reward Blue Crystal Maintain Lv.6	เสริมส่วนบำรุงให้ผลึกในเครื่องป้องกัน ในขวดมี 600 แต้ม ลากใส่ใน [Melt Crystal Plate] และวางลงช่องผลึกสีน้ำเงินที่เปิดแล้ว		
540	Reward Green Crystal Maintain Lv.1	เสริมส่วนบำรุงให้ผลึกในเครื่องประดับ ในขวดมี 100 แต้ม ลากใส่ใน [Melt Crystal Plate] และวางลงช่องผลึกสีเขียวที่เปิดแล้ว		
541	Reward Green Crystal Maintain Lv.2	เสริมส่วนบำรุงให้ผลึกในเครื่องประดับ ในขวดมี 200 แต้ม ลากใส่ใน [Melt Crystal Plate] และวางลงช่องผลึกสีเขียวที่เปิดแล้ว		
542	Reward Green Crystal Maintain Lv.3	เสริมส่วนบำรุงให้ผลึกในเครื่องประดับ ในขวดมี 300 แต้ม ลากใส่ใน [Melt Crystal Plate] และวางลงช่องผลึกสีเขียวที่เปิดแล้ว		
543	Reward Green Crystal Maintain Lv.4	เสริมส่วนบำรุงให้ผลึกในเครื่องประดับ ในขวดมี 400 แต้ม ลากใส่ใน [Melt Crystal Plate] และวางลงช่องผลึกสีเขียวที่เปิดแล้ว		
544	Reward Green Crystal Maintain Lv.5	เสริมส่วนบำรุงให้ผลึกในเครื่องประดับ ในขวดมี 500 แต้ม ลากใส่ใน [Melt Crystal Plate] และวางลงช่องผลึกสีเขียวที่เปิดแล้ว		
545	Reward Green Crystal Maintain Lv.6	เสริมส่วนบำรุงให้ผลึกในเครื่องประดับ ในขวดมี 600 แต้ม ลากใส่ใน [Melt Crystal Plate] และวางลงช่องผลึกสีเขียวที่เปิดแล้ว		
551	General Red Crystal Maintain	เพิ่มส่วนบำรุงให้อาวุธ 1 ขวดมี 10 แต้ม ลากลงช่องสีแดงที่เปิดแล้วใน [ถาดหลอม] 		
552	Meticulous Red Crystal Maintain	เพิ่มส่วนบำรุงให้อาวุธ 1 ขวดมี 15 แต้ม ลากลงช่องสีแดงที่เปิดแล้วใน [ถาดหลอม] 		
553	Aggregate Red Crystal Maintain	เพิ่มส่วนบำรุงให้อาวุธ 1 ขวดมี 20 แต้ม ลากลงช่องสีแดงที่เปิดแล้วใน [ถาดหลอม] 		
554	Advanced Red Crystal Maintain	เพิ่มส่วนบำรุงให้อาวุธ 1 ขวดมี 25 แต้ม ลากลงช่องสีแดงที่เปิดแล้วใน [ถาดหลอม] 		
555	Refined Red Crystal Maintain	เพิ่มส่วนบำรุงให้อาวุธ 1 ขวดมี 30 แต้ม ลากลงช่องสีแดงที่เปิดแล้วใน [ถาดหลอม] 		
556	Perfect Red Crystal Maintain	เพิ่มส่วนบำรุงให้อาวุธ 1 ขวดมี 35 แต้ม ลากลงช่องสีแดงที่เปิดแล้วใน [ถาดหลอม] 		
561	General Blue Crystal Maintain	เพิ่มส่วนบำรุงให้เครื่องป้องกัน 1 ขวดมี 10 แต้ม ลากลงช่องสีฟ้าที่เปิดแล้วใน [ถาดหลอม] 		
562	Meticulous Blue Crystal Maintain	เพิ่มส่วนบำรุงให้เครื่องป้องกัน 1 ขวดมี 15 แต้ม ลากลงช่องสีฟ้าที่เปิดแล้วใน [ถาดหลอม] 		
563	Aggregate Blue Crystal Maintain	เพิ่มส่วนบำรุงให้เครื่องป้องกัน 1 ขวดมี 20 แต้ม ลากลงช่องสีฟ้าที่เปิดแล้วใน [ถาดหลอม] 		
564	Advanced Blue Crystal Maintain	เพิ่มส่วนบำรุงให้เครื่องป้องกัน 1 ขวดมี 25 แต้ม ลากลงช่องสีฟ้าที่เปิดแล้วใน [ถาดหลอม] 		
565	Refined Blue Crystal Maintain	เพิ่มส่วนบำรุงให้เครื่องป้องกัน 1 ขวดมี 30 แต้ม ลากลงช่องสีฟ้าที่เปิดแล้วใน [ถาดหลอม] 		
566	Perfect Blue Crystal Maintain	เพิ่มส่วนบำรุงให้เครื่องป้องกัน 1 ขวดมี 35 แต้ม ลากลงช่องสีฟ้าที่เปิดแล้วใน [ถาดหลอม] 		
571	General Green Crystal Maintain	เพิ่มส่วนบำรุงให้เครื่องประดับ 1 ขวดมี 10 แต้ม ลากลงช่องสีเขียวที่เปิดแล้วใน [ถาดหลอม] 		
572	Meticulous Green Crystal Maintain	เพิ่มส่วนบำรุงให้เครื่องประดับ 1 ขวดมี 15 แต้ม ลากลงช่องสีเขียวที่เปิดแล้วใน [ถาดหลอม] 		
573	Aggregate Green Crystal Maintain	เพิ่มส่วนบำรุงให้เครื่องประดับ 1 ขวดมี 20 แต้ม ลากลงช่องสีเขียวที่เปิดแล้วใน [ถาดหลอม] 		
574	Advanced Green Crystal Maintain	เพิ่มส่วนบำรุงให้เครื่องประดับ 1 ขวดมี 25 แต้ม ลากลงช่องสีเขียวที่เปิดแล้วใน [ถาดหลอม] 		
575	Refined Green Crystal Maintain	เพิ่มส่วนบำรุงให้เครื่องประดับ 1 ขวดมี 30 แต้ม ลากลงช่องสีเขียวที่เปิดแล้วใน [ถาดหลอม] 		
576	Perfect Green Crystal Maintain	เพิ่มส่วนบำรุงให้เครื่องประดับ 1 ขวดมี 35 แต้ม ลากลงช่องสีเขียวที่เปิดแล้วใน [ถาดหลอม] 		
651	Maintain Pack Lv.60(Red)			เมื่อเปิดจะได้รับ Red Crystal Maintain และมีโอกาศได้รับส่วนบำรุงในการหลอมผลึกประเภทอื่นๆ
652	Maintain Pack Lv.60(Green)			เมื่อเปิดจะได้รับ Green Crystal Maintain และมีโอกาศได้รับส่วนบำรุงในการหลอมผลึกประเภทอื่นๆ
653	Maintain Pack Lv.60(Blue)			เมื่อเปิดจะได้รับ Blue Crystal Maintain และมีโอกาศได้รับส่วนบำรุงในการหลอมผลึกประเภทอื่นๆ
654	Maintain Pack Lv.80(Red)			เมื่อเปิดจะได้รับ Red Crystal Maintain และมีโอกาศได้รับส่วนบำรุงในการหลอมผลึกประเภทอื่นๆ
655	Maintain Pack Lv.80(Green)			เมื่อเปิดจะได้รับ Green Crystal Maintain และมีโอกาศได้รับส่วนบำรุงในการหลอมผลึกประเภทอื่นๆ
656	Maintain Pack Lv.80(Blue)			เมื่อเปิดจะได้รับ Blue Crystal Maintain และมีโอกาศได้รับส่วนบำรุงในการหลอมผลึกประเภทอื่นๆ
657	Maintain Pack Lv.90(Red)			เมื่อเปิดจะได้รับ Red Crystal Maintain และมีโอกาศได้รับส่วนบำรุงในการหลอมผลึกประเภทอื่นๆ
658	Maintain Pack Lv.90(Green)			เมื่อเปิดจะได้รับ Green Crystal Maintain และมีโอกาศได้รับส่วนบำรุงในการหลอมผลึกประเภทอื่นๆ
659	Maintain Pack Lv.90(Blue)			เมื่อเปิดจะได้รับ Blue Crystal Maintain และมีโอกาศได้รับส่วนบำรุงในการหลอมผลึกประเภทอื่นๆ
660	Maintain Pack Lv.100(Red)			เมื่อเปิดจะได้รับ Red Crystal Maintain และมีโอกาศได้รับส่วนบำรุงในการหลอมผลึกประเภทอื่นๆ
661	Maintain Pack Lv.100(Green)			เมื่อเปิดจะได้รับ Green Crystal Maintain และมีโอกาศได้รับส่วนบำรุงในการหลอมผลึกประเภทอื่นๆ
662	Maintain Pack Lv.100(Blue)			เมื่อเปิดจะได้รับ Blue Crystal Maintain และมีโอกาศได้รับส่วนบำรุงในการหลอมผลึกประเภทอื่นๆ
663	Maintain Pack Lv.110(Red)			เมื่อเปิดจะได้รับ Red Crystal Maintain และมีโอกาศได้รับส่วนบำรุงในการหลอมผลึกประเภทอื่นๆ
664	Maintain Pack Lv.110(Green)			เมื่อเปิดจะได้รับ Green Crystal Maintain และมีโอกาศได้รับส่วนบำรุงในการหลอมผลึกประเภทอื่นๆ
665	Maintain Pack Lv.110(Blue)			เมื่อเปิดจะได้รับ Blue Crystal Maintain และมีโอกาศได้รับส่วนบำรุงในการหลอมผลึกประเภทอื่นๆ
666	Maintain Pack Lv.115(Red)			เมื่อเปิดจะได้รับ Red Crystal Maintain และมีโอกาศได้รับส่วนบำรุงในการหลอมผลึกประเภทอื่นๆ
667	Maintain Pack Lv.115(Green)			เมื่อเปิดจะได้รับ Green Crystal Maintain และมีโอกาศได้รับส่วนบำรุงในการหลอมผลึกประเภทอื่นๆ
668	Maintain Pack Lv.115(Blue)			เมื่อเปิดจะได้รับBlue Crystal Maintain และมีโอกาศได้รับส่วนบำรุงในการหลอมผลึกประเภทอื่นๆ
669	Advanced Maintain Pack(Red)			เมื่อเปิดจะได้รับ Red Crystal Maintain และมีโอกาศได้รับส่วนบำรุงในการหลอมผลึกประเภทอื่นๆ
670	Advanced Maintain Pack(Green)			เมื่อเปิดจะได้รับ Green Crystal Maintain และมีโอกาศได้รับส่วนบำรุงในการหลอมผลึกประเภทอื่นๆ
671	Advanced Maintain Pack(Blue)			เมื่อเปิดจะได้รับ Blue Crystal Maintain และมีโอกาศได้รับส่วนบำรุงในการหลอมผลึกประเภทอื่นๆ
672	Special Maintain Pack(Red)			เมื่อเปิดจะได้รับ Red Crystal Maintain และมีโอกาศได้รับส่วนบำรุงในการหลอมผลึกประเภทอื่นๆ
673	Special Maintain Pack(Green)			เมื่อเปิดจะได้รับ Green Crystal Maintain และมีโอกาศได้รับส่วนบำรุงในการหลอมผลึกประเภทอื่นๆ
674	Special Maintain Pack(Blue)			เมื่อเปิดจะได้รับ Blue Crystal Maintain และมีโอกาศได้รับส่วนบำรุงในการหลอมผลึกประเภทอื่นๆ
675	Maintain Pack Lv.50(Red)			เมื่อเปิดจะได้รับ Red Crystal Maintain และมีโอกาศได้รับส่วนบำรุงในการหลอมผลึกประเภทอื่นๆ
676	Maintain Pack Lv.50(Green)			เมื่อเปิดจะได้รับ Green Crystal Maintain และมีโอกาศได้รับส่วนบำรุงในการหลอมผลึกประเภทอื่นๆ
677	Maintain Pack Lv.50(Blue)			เมื่อเปิดจะได้รับ Blue Crystal Maintain และมีโอกาศได้รับส่วนบำรุงในการหลอมผลึกประเภทอื่นๆ
678	Maintain Pack Lv.70(Red)			เมื่อเปิดจะได้รับ Red Crystal Maintain และมีโอกาศได้รับส่วนบำรุงในการหลอมผลึกประเภทอื่นๆ
679	Maintain Pack Lv.70(Green)			เมื่อเปิดจะได้รับ Green Crystal Maintain และมีโอกาศได้รับส่วนบำรุงในการหลอมผลึกประเภทอื่นๆ
680	Maintain Pack Lv.70(Blue)			เมื่อเปิดจะได้รับ Blue Crystal Maintain และมีโอกาศได้รับส่วนบำรุงในการหลอมผลึกประเภทอื่นๆ
701	Small Money Pack Reward Lv.1			เมื่อเปิดจะได้รับเหรียญเงิน 1 เหรียญ ± 10%
702	Small Money Pack Reward Lv.2			เมื่อเปิดจะได้รับเหรียญเงิน 3 เหรียญ ± 10%
703	Small Money Pack Reward Lv.3			เมื่อเปิดจะได้รับเหรียญเงิน 7 เหรียญ ± 10%
704	Small Money Pack Reward Lv.4			เมื่อเปิดจะได้รับเหรียญเงิน 13 เหรียญ ± 10%
705	Small Money Pack Reward Lv.5			เมื่อเปิดจะได้รับเหรียญเงิน 19 เหรียญ ± 10%
706	Small Money Pack Reward Lv.6			เมื่อเปิดจะได้รับเหรียญเงิน 25 เหรียญ ± 10%
707	Small Money Pack Reward Lv.7			เมื่อเปิดจะได้รับเหรียญเงิน 31 เหรียญ ± 10%
708	Small Money Pack Reward Lv.8			เมื่อเปิดจะได้รับเหรียญเงิน 38 เหรียญ ± 10%
709	Navigation Money Pack(Micro)			เมื่อเปิดจะได้รับเหรียญเงิน 10 เหรียญ ± 10%
710	Navigation Money Pack(Less)			เมื่อเปิดจะได้รับเหรียญเงิน 20 เหรียญ ± 10%
711	Navigation Money Pack(Medium) 			เมื่อเปิดจะได้รับเหรียญเงิน 35 เหรียญ ± 10%
712	Navigation Money Pack(More)			เมื่อเปิดจะได้รับเหรียญเงิน 55 เหรียญ ± 10%
751	Beginner Essence Dew			เมื่อใช้จะนำ Essence Dew หยดใส่ช่องหลอมผลึก สามารถดูดซับผลึดเป้าหมายได้ 10 แต้ม
752	EXP ert Essence Dew			เมื่อใช้จะนำ Essence Dew หยดใส่ช่องหลอมผลึก สามารถดูดซับผลึดเป้าหมายได้ 20 แต้ม
753	Advanced Essence Dew			เมื่อใช้จะนำ Essence Dew หยดใส่ช่องหลอมผลึก สามารถดูดซับผลึดเป้าหมายได้ 40 แต้ม
754	Special Essence Dew			เมื่อใช้จะนำ Essence Dew หยดใส่ช่องหลอมผลึก สามารถดูดซับผลึดเป้าหมายได้ 60 แต้ม
755	Reward Essence Dew Lv.1			เมื่อใช้จะนำ Essence Dew หยดใส่ช่องหลอมผลึก สามารถดูดซับผลึดเป้าหมายได้ 50 แต้ม
756	Reward Essence Dew Lv.2			เมื่อใช้จะนำ Essence Dew หยดใส่ช่องหลอมผลึก สามารถดูดซับผลึดเป้าหมายได้ 100 แต้ม
757	Reward Essence Dew Lv.3			เมื่อใช้จะนำ Essence Dew หยดใส่ช่องหลอมผลึก สามารถดูดซับผลึดเป้าหมายได้ 150 แต้ม
758	Reward Essence Dew Lv.4			เมื่อใช้จะนำ Essence Dew หยดใส่ช่องหลอมผลึก สามารถดูดซับผลึดเป้าหมายได้ 200 แต้ม
759	Reward Essence Dew Lv.5			เมื่อใช้จะนำ Essence Dew หยดใส่ช่องหลอมผลึก สามารถดูดซับผลึดเป้าหมายได้ 250 แต้ม
760	Reward Essence Dew Lv.6			เมื่อใช้จะนำ Essence Dew หยดใส่ช่องหลอมผลึก สามารถดูดซับผลึดเป้าหมายได้ 300 แต้ม
761	Essence Dew Pack Lv.40			เมื่อเปิดจะได้รับ Essence Dew ที่มีจำนวนไม่แน่นอน!
762	Essence Dew Pack Lv.60			เมื่อเปิดจะได้รับ Essence Dew ที่มีจำนวนไม่แน่นอน!
763	Essence Dew Pack Lv.80			เมื่อเปิดจะได้รับ Essence Dew ที่มีจำนวนไม่แน่นอน!
764	Essence Dew Pack Lv.90			เมื่อเปิดจะได้รับ Essence Dew ที่มีจำนวนไม่แน่นอน!
765	Essence Dew Pack Lv.100			เมื่อเปิดจะได้รับ Essence Dew ที่มีจำนวนไม่แน่นอน!
766	Essence Dew Pack Lv.110			เมื่อเปิดจะได้รับ Essence Dew ที่มีจำนวนไม่แน่นอน!
767	Essence Dew Pack Lv.115			เมื่อเปิดจะได้รับ Essence Dew ที่มีจำนวนไม่แน่นอน!
768	2 Star Essence Dew Pack			เมื่อเปิดจะได้รับ Essence Dew ที่มีจำนวนไม่แน่นอน!
769	3 Star Essence Dew Pack			เมื่อเปิดจะได้รับ Essence Dew ที่มีจำนวนไม่แน่นอน!
801	Juoda Rubik's Cube	กล่องสี่เหลี่ยมที่ขัง [Juoda] ไว้ เมื่อไข Rubik's Cube ออกมีโอกาศได้รับ [Juoda] (สัตว์เลี้ยง)และสัตว์อื่นๆที่ถูกขังไว้ และแน่นอนท่านจะได้รับไอเทมอื่นๆเพิ่มเติม		คลิกขวาเปิดจะได้รับไอเทม 1-3 อย่าง!
802	Croseyes Rubik's Cube	กล่องสี่เหลี่ยมที่ขัง [Croseyes] ไว้ เมื่อไข Rubik's Cube ออกมีโอกาศได้รับ [Croseyes] (ลูกเรือ) และ [Juoda] (สัตว์เลี้ยง)ที่ถูกผนึกไว้ด้วยกัน และสัตว์เลี้ยงอื่นๆ และแน่นอนท่านจะได้รับไอเทมอื่นๆเพิ่มเติม		คลิกขวาเปิดจะได้รับไอเทม 1-3 อย่าง!
803	Seabed Crusader Rubik's Cube	กล่องสี่เหลี่ยมที่ขัง [Seabed Crusader-Tuna] ไว้ เมื่อไข Rubik's Cube ออกมีโอกาศได้รับ [Tuna] (ลูกเรือ) และ [Rosie Antelope] (สัตว์เลี้ยง)ที่ถูกผนึกไว้ด้วยกัน และสัตว์เลี้ยงอื่นๆ และแน่นอนท่านจะได้รับไอเทมอื่นๆเพิ่มเติม		คลิกขวาเปิดจะได้รับไอเทม 1-3 อย่าง!
804	Ancient Guard Rubik's Cube	ลูกบาศก์ที่ขังผู้ที่เต็มไปด้วยความซื้อสัตว์ [Ancient Guard-Cale] เมื่อเปิดจะมีโอกาสได้รับ [Cale] (ลูกเรือ) และ [Remains Bibi] ที่ถูกผนึกเอาไว้ (สัตว์เลี้ยง)		คลิกขวาเปิดจะได้รับไอเทม 1 อย่าง！
805	Guard Profession Rubik's Cube	กล่องสี่เหลี่ยมที่มีของศักดิ์สิทธิ์ของอาชีพ Guard เมื่อไข Rubik's Cube ออกมีโอกาศได้รับ ของศักดิ์สิทธ์ระดับต้น(Lv.80) ที่สามารถเสริมพลังให้แต่ละอาชีพได้ และแน่นอนท่านจะได้รับไอเทมอื่นๆเพิ่มเติม		คลิกขวาเปิดจะได้รับไอเทม 1-2 อย่าง!
806	Protect Profession Rubik's Cube	กล่องสี่เหลี่ยมที่มีของศักดิ์สิทธิ์ของอาชีพ Protec tเมื่อไข Rubik's Cube ออกมีโอกาศได้รับ ของศักดิ์สิทธ์ระดับกลาง (Lv.100) ที่สามารถเสริมพลังให้แต่ละอาชีพได้ และแน่นอนท่านจะได้รับไอเทมอื่นๆเพิ่มเติม		คลิกขวาเปิดจะได้รับไอเทม 1-2 อย่าง!
807	Elf Profession Rubik's Cube	กล่องสี่เหลี่ยมที่มีของศักดิ์สิทธิ์ของเอลฟ์ เมื่อไข Rubik's Cube ออกมีโอกาศได้รับ ของศักดิ์สิทธ์ระดับสูง(Lv.120) ที่สามารถเสริมพลังให้แต่ละอาชีพได้ และแน่นอนท่านจะได้รับไอเทมอื่นๆเพิ่มเติม		คลิกขวาเปิดจะได้รับไอเทม 1-2 อย่าง!
808	 Aris Suit Rubik's Cube	กล่องสี่เหลี่ยมที่ผนึกเครื่องสวมใส่ที่มีพลังของ [Aris] อยู่ (LV.125) เมื่อไข Rubik's Cube ออกมีโอกาศได้รับเครื่องป้องกัน H eaddress, Armor, Legging, Glove, Boot และแน่นอนท่านจะได้รับไอเทมอื่นๆเพิ่มเติม		คลิกขวาเปิดจะได้รับไอเทม 1-2 อย่าง！
809	 Muse Suit Rubik's Cube	กล่องสี่เหลี่ยมที่ผนึกเครื่องสวมใส่ที่มีพลังของ [ Muse] อยู่(LV.125) เมื่อไขRubik's Cubeออกมีโอกาศได้รับเครื่องป้องกัน H eaddress, Armor, Legging, Glove, Boot และแน่นอนท่านจะได้รับไอเทมอื่นๆเพิ่มเติม		คลิกขวาเปิดจะได้รับไอเทม 1-2 อย่าง！
810	 Hercules Suit Rubik's Cube	กล่องสี่เหลี่ยมที่ผนึกเครื่องสวมใส่ที่มีพลังของ [ Hercules] อยู่(LV.125) เมื่อไขRubik's Cubeออกมีโอกาศได้รับเครื่องป้องกัน H eaddress, Armor, Legging, Glove, Boot และแน่นอนท่านจะได้รับไอเทมอื่นๆเพิ่มเติม		คลิกขวาเปิดจะได้รับไอเทม 1-2 อย่าง！
811	 Apollo Ornament Rubik's Cube	ลูกบาศก์ที่ผลึกอุปกรณ์ของผู้ที่เต็มไปด้วยความเลือดร้อน [Apollo] (LV.125) เมื่อเปิดจะมีโอกาสได้รับสร้อย, แหวน, ตราป้องกัน, กำไล เป็นต้น		คลิกขวาเปิดจะได้รับไอเทม 1 อย่าง！
812	Hermes Ornament Rubik's Cube	ลูกบาศก์ที่ผลึกอุปกรณ์ของ [Hermes] (LV.125) เมื่อเปิดจะมีโอกาสได้รับสร้อย, แหวน, ตราป้องกัน, กำไล เป็นต้น		คลิกขวาเปิดจะได้รับไอเทม 1 อย่าง！
813	Destiny Egg	ในไข่มีไอเทมลึกลับอยู่ มีสัตว์เลี้ยง [Purple Flame Lion] หายาก คนที่โชคดีเท่านั้นจึงจะมีในครอบครองได้		คลิกขวาเปิดจะได้รับไอเทม 1-3 อย่าง!
814	Yan Yuzi Rubik's Cube	กล่องสี่เหลี่ยมที่ขัง [Yan Yuzi] เมื่อไข Rubik's Cube ออกมีโอกาศได้รับ [Yan Yuzi] (สัตว์เลี้ยง) และสัตว์อื่นๆที่ถูกขังไว้ และแน่นอนท่านจะได้รับไอเทมอื่นๆเพิ่มเติม		คลิกขวาเปิดจะได้รับไอเทม 1-3 อย่าง!
815	Seabed Crusader Rubik's Cube(Secret)	กล่องสี่เหลี่ยมที่ขัง [Seabed Crusader-Tuna] เมื่อไข Rubik's Cube ออกมีโอกาศได้รับ [Tuna] (ลูกเรือ) และ [Rosie Antelope] (สัตว์เลี้ยง), [Yan Yuzi] (สัตว์เลี้ยง)ที่ถูกขังไว้ด้วยกัน และสัตว์เลี้ยงอื่นๆ และแน่นอนท่านจะได้รับไอเทมอื่นๆเพิ่มเติม		คลิกขวาเปิดจะได้รับไอเทม 1-3 อย่าง!
816	Elf Profession Rubik's Cube(Secret)	กล่องสี่เหลี่ยมที่มีของศักดิ์สิทธิ์ของเอลฟ์ เมื่อไข Rubik's Cube ออกมีโอกาศได้รับของศักดิ์สิทธ์ระดับสูง(Lv.120) และแน่นอนท่านจะได้รับไอเทมอื่นๆเพิ่มเติม		คลิกขวาเปิดจะได้รับไอเทม 1-2 อย่าง！
817	 Aris Suit Rubik's Cube(Secret)	กล่องสี่เหลี่ยมที่ผนึกเครื่องสวมใส่ที่มีพลังของ [Aris] อยู่ (LV.125) เมื่อไข Rubik's Cube ออกมีโอกาศได้รับเครื่องป้องกัน H eaddress, Armor, Legging, Glove, Boot และแน่นอนท่านจะได้รับไอเทมอื่นๆเพิ่มเติม		คลิกขวาเปิดจะได้รับไอเทม 1-2 อย่าง！
818	 Muse Suit Rubik's Cube(Secret)	กล่องสี่เหลี่ยมที่ผนึกเครื่องสวมใส่ที่มีพลังของ [ Muse] อยู่(LV.125) เมื่อไข Rubik's Cube ออกมีโอกาศได้รับเครื่องป้องกัน H eaddress, Armor, Legging, Glove, Boot และแน่นอนท่านจะได้รับไอเทมอื่นๆเพิ่มเติม		คลิกขวาเปิดจะได้รับไอเทม 1-2 อย่าง！
819	 Hercules Suit Rubik's Cube(Secret)	กล่องสี่เหลี่ยมที่ผนึกเครื่องสวมใส่ที่มีพลังของ [ Hercules] อยู่(LV.125) เมื่อไข Rubik's Cube ออกมีโอกาศได้รับเครื่องป้องกัน H eaddress, Armor, Legging, Glove, Boot และแน่นอนท่านจะได้รับไอเทมอื่นๆเพิ่มเติม		คลิกขวาเปิดจะได้รับไอเทม 1-2 อย่าง！
820	Wishing Rubik's Cube	เทพคุ้มครองกิลด์ ได้เก็บของที่ท่านอยากได้ไว้ใน Rubik's Cube นี้แล้ว หวังว่าจะได้ของที่ตนเองต้องการนะ		คลิกขวาเปิดจะได้รับไอเทม 1 อย่าง!
821	Detective Treasure Box	เพื่อการไล่ล่า Strange Pirate ที่หนีกระจัดกระจายในเมือง นักสืบจึงเก็บเบาะแสไว้ในกล่องนี้ เมื่อเปิดจะได้รับข้อมูลของ Strange Pirate!		คลิกขวาเปิดจะได้รับไอเทมเบาะแส!
822	Fantasy Fruit-Rosemary	ผลไม้เวทย์มนต์ที่เต็มไปด้วยพลังลึกลับ!		เมื่อใช้แล้วสามารถเปลี่ยนตัวเองให้เป็น [Rosemary]\nแนะนำ: เมื่อแปลงร่างอยู่ไม่สามารถใช้สกิลได้!
823	Fantasy Fruit-Grace	ผลไม้เวทย์มนต์ที่เต็มไปด้วยพลังลึกลับ!		เมื่อใช้แล้วสามารถเปลี่ยนตัวเองให้เป็น [Grace]\nแนะนำ: เมื่อแปลงร่างอยู่ไม่สามารถใช้สกิลได้!
824	Fantasy Fruit-Nelson	ผลไม้เวทย์มนต์ที่เต็มไปด้วยพลังลึกลับ!		เมื่อใช้แล้วสามารถเปลี่ยนตัวเองให้เป็น [Nelson]\nแนะนำ: เมื่อแปลงร่างอยู่ไม่สามารถใช้สกิลได้!
825	Strange Fruit-Isoroku Yamamoto	ผลไม้เวทย์มนต์ที่เต็มไปด้วยพลังลึกลับ!		เมื่อใช้จะทำให้ท่านกลายเป็น [Isoroku Yamamoto]\nแนะนำ：ไม่สามารถใช้สกิลในสถานะแปลงร่างได้! 
826	Fantasy Fruit-Sea Phantom	ผลไม้เวทย์มนต์ที่เต็มไปด้วยพลังลึกลับ!		เมื่อใช้แล้วสามารถเปลี่ยนตัวเองให้เป็น [Sea Phantom]\nแนะนำ: เมื่อแปลงร่างอยู่ไม่สามารถใช้สกิลได้!
827	Fantasy Fruit-Madisen	ผลไม้เวทย์มนต์ที่เต็มไปด้วยพลังลึกลับ!		เมื่อใช้แล้วสามารถเปลี่ยนตัวเองให้เป็น [Madisen]\nแนะนำ: เมื่อแปลงร่างอยู่ไม่สามารถใช้สกิลได้!
828	Fantasy Fruit-Edward	ผลไม้เวทย์มนต์ที่เต็มไปด้วยพลังลึกลับ!		เมื่อใช้แล้วสามารถเปลี่ยนตัวเองให้เป็น [Edward]\nแนะนำ: เมื่อแปลงร่างอยู่ไม่สามารถใช้สกิลได้!
829	Fantasy Fruit-Angelina	ผลไม้เวทย์มนต์ที่เต็มไปด้วยพลังลึกลับ!		เมื่อใช้แล้วสามารถเปลี่ยนตัวเองให้เป็น [Angelina]\nแนะนำ: เมื่อแปลงร่างอยู่ไม่สามารถใช้สกิลได้!
830	Fantasy Fruit-Odyssey	ผลไม้เวทย์มนต์ที่เต็มไปด้วยพลังลึกลับ!		เมื่อใช้แล้วสามารถเปลี่ยนตัวเองให้เป็น [Odyssey]\nแนะนำ: เมื่อแปลงร่างอยู่ไม่สามารถใช้สกิลได้!
831	Fantasy Fruit-Plato	ผลไม้เวทย์มนต์ที่เต็มไปด้วยพลังลึกลับ!		เมื่อใช้แล้วสามารถเปลี่ยนตัวเองให้เป็น [Plato]\nแนะนำ: เมื่อแปลงร่างอยู่ไม่สามารถใช้สกิลได้!
832	Fantasy Fruit-Siren	ผลไม้เวทย์มนต์ที่เต็มไปด้วยพลังลึกลับ!		เมื่อใช้แล้วสามารถเปลี่ยนตัวเองให้เป็น [Siren]\nแนะนำ: เมื่อแปลงร่างอยู่ไม่สามารถใช้สกิลได้!
833	Hunter Rubik's Cube	รางวัลที่ได้จากการฆ่า Kraken		คลิกขวาเปิดจะได้รับไอเทม 2-3 อย่าง!
834	Surprise Egg(1)	รางวัลที่ได้จากความหมั่นเพียรในการทำภารกิจอย่างไม่ย่อท้อของผู้เล่น\n(กรุณาใช้โดยด่วน ไข่นี้จะหายไปภายใน 24 ชั่วโมง)		คลิกขวาเปิดจะได้รับไอเทม 1-2 อย่าง!
835	Surprise Egg(2)	รางวัลที่ได้จากความหมั่นเพียรในการทำภารกิจอย่างไม่ย่อท้อของผู้เล่น\n(กรุณาใช้โดยด่วน ไข่นี้จะหายไปภายใน 24 ชั่วโมง)		คลิกขวาเปิดจะได้รับไอเทม 1-2 อย่าง!
836	Surprise Egg(3)	รางวัลที่ได้จากความหมั่นเพียรในการทำภารกิจอย่างไม่ย่อท้อของผู้เล่น\n(กรุณาใช้โดยด่วน ไข่นี้จะหายไปภายใน 24 ชั่วโมง)		คลิกขวาเปิดจะได้รับไอเทม 1-2 อย่าง!
837	Surprise Egg(4)	รางวัลที่ได้จากความหมั่นเพียรในการทำภารกิจอย่างไม่ย่อท้อของผู้เล่น\n(กรุณาใช้โดยด่วน ไข่นี้จะหายไปภายใน 24 ชั่วโมง)		คลิกขวาเปิดจะได้รับไอเทม 1-2 อย่าง!
838	Surprise Egg(5)	รางวัลที่ได้จากความหมั่นเพียรในการทำภารกิจอย่างไม่ย่อท้อของผู้เล่น\n(กรุณาใช้โดยด่วน ไข่นี้จะหายไปภายใน 24 ชั่วโมง)		คลิกขวาเปิดจะได้รับไอเทม 1-2 อย่าง!
839	Surprise Egg(6)	รางวัลที่ได้จากความหมั่นเพียรในการทำภารกิจอย่างไม่ย่อท้อของผู้เล่น\n(กรุณาใช้โดยด่วน ไข่นี้จะหายไปภายใน 24 ชั่วโมง)		คลิกขวาเปิดจะได้รับไอเทม 1-2 อย่าง!
840	Surprise Egg(7)	รางวัลที่ได้จากความหมั่นเพียรในการทำภารกิจอย่างไม่ย่อท้อของผู้เล่น\n(กรุณาใช้โดยด่วน ไข่นี้จะหายไปภายใน 24 ชั่วโมง)		คลิกขวาเปิดจะได้รับไอเทม 1-2 อย่าง!
841	Surprise Egg(8)	รางวัลที่ได้จากความหมั่นเพียรในการทำภารกิจอย่างไม่ย่อท้อของผู้เล่น\n(กรุณาใช้โดยด่วน ไข่นี้จะหายไปภายใน 24 ชั่วโมง)		คลิกขวาเปิดจะได้รับไอเทม 1-2 อย่าง!
842	Surprise Egg(9)	รางวัลที่ได้จากความหมั่นเพียรในการทำภารกิจอย่างไม่ย่อท้อของผู้เล่น\n(กรุณาใช้โดยด่วน ไข่นี้จะหายไปภายใน 24 ชั่วโมง)		คลิกขวาเปิดจะได้รับไอเทม 1-2 อย่าง!
843	Surprise Egg(10)	รางวัลที่ได้จากความหมั่นเพียรในการทำภารกิจอย่างไม่ย่อท้อของผู้เล่น\n(กรุณาใช้โดยด่วน ไข่นี้จะหายไปภายใน 24 ชั่วโมง)		คลิกขวาเปิดจะได้รับไอเทม 1-2 อย่าง!
844	Surprise Egg(11)	รางวัลที่ได้จากความหมั่นเพียรในการทำภารกิจอย่างไม่ย่อท้อของผู้เล่น\n(กรุณาใช้โดยด่วน ไข่นี้จะหายไปภายใน 24 ชั่วโมง)		คลิกขวาเปิดจะได้รับไอเทม 1-2 อย่าง!
845	Surprise Egg(12)	รางวัลที่ได้จากความหมั่นเพียรในการทำภารกิจอย่างไม่ย่อท้อของผู้เล่น\n(กรุณาใช้โดยด่วน ไข่นี้จะหายไปภายใน 24 ชั่วโมง)		คลิกขวาเปิดจะได้รับไอเทม 1-2 อย่าง!
846	Practice Book			เมื่อเปิดจะได้รับภารกิจ [นักสู้และหมาป่า] แบบสุ่ม 1 ภารกิจ
847	Purple Pumpkin Surprise			เมื่อเปิดจะได้รับไอเทมแปลกใหม่
848	Companion Gashapon			เมื่อเปิดจะได้รับภารกิจ [คู่หู] 1 ภารกิจ
849	Christmas Box			เมื่อเปิดจะได้รับไอเทมแปลกใหม่
850	Chocolate Surprise Box			เมื่อเปิดจะได้ช็อคโกแลตรสชาติไม่ซ้ำกัน
851	Pirate Rubik Cube	รางวัลที่ได้จากการฆ่าโจรสลัด		คลิกขวาเปิดจะได้รับไอเทม 2-3 อย่าง！
901	Camouflage Item-Cask	ถังไม้ที่เห็นได้ทั่วไป กรุณาลากไปยังพื้นที่แลกเปลี่ยน		เมื่อใช้สามารถเปลี่ยนเป็น Cask \n(เมื่อใช้จะหักไอเทมนี้)
902	Camouflage Item-Crate	ถังไม้ที่เห็นได้ทั่วไป		เมื่อใช้สามารถเปลี่ยนเป็น Crate \n(เมื่อใช้จะหักไอเทมนี้)
903	Camouflage Item-Yellow Stone	หินที่พบบ่อยใน Prison Exile Island 		เมื่อใช้สามารถเปลี่ยนเป็น Yellow Stone \n(เมื่อใช้จะหักไอเทมนี้)
904	Camouflage Item-Cactus	พืชที่พบบ่อยใน Prison Exile Island 		เมื่อใช้สามารถเปลี่ยนเป็น Cactus \n(เมื่อใช้จะหักไอเทมนี้)
905	Camouflage Item-Blue barrel	ถังที่พบได้ทั่วไป Spice Paradise Island 		เมื่อใช้สามารถเปลี่ยนเป็น Blue barrel \n(เมื่อใช้จะหักไอเทมนี้)
906	Camouflage Item-Wild Pineapple	พืชที่พบบ่อยใน Spice Paradise Island 		เมื่อใช้สามารถเปลี่ยนเป็น Wild Pineapple \n(เมื่อใช้จะหักไอเทมนี้)
907	Camouflage Item-Lotus	พืชที่พบบ่อยใน Slave Market Island 		เมื่อใช้สามารถเปลี่ยนเป็น  Lotus \n(เมื่อใช้จะหักไอเทมนี้)
908	Camouflage Item-Dark Cage	กรงที่พบได้ทั่วไปใน Slave Market Island 		เมื่อใช้สามารถเปลี่ยนเป็น  Dark Cage \n(เมื่อใช้จะหักไอเทมนี้)
909	Camouflage Item-Green Grass	พืชที่พบบ่อยใน Evil Port 		เมื่อใช้สามารถเปลี่ยนเป็น Green Grass \n(เมื่อใช้จะหักไอเทมนี้)
910	Camouflage Item-Gray \nPillar	เสาหินที่พบได้ทั่วไปใน Evil Port 		เมื่อใช้สามารถเปลี่ยนเป็น Gray Pillar \n(เมื่อใช้จะหักไอเทมนี้)
911	Camouflage Item-Tinderbox	กล่องที่พบได้ทั่วไปใน Ocean Walled City 		เมื่อใช้สามารถเปลี่ยนเป็น Tinderbox \n(เมื่อใช้จะหักไอเทมนี้)
912	Camouflage Item-Cannonball Box	กล่องลูกระเบิดที่พบได้ทั่วไปใน Ocean Walled City 		เมื่อใช้สามารถเปลี่ยนเป็น Cannonball Box \n(เมื่อใช้จะหักไอเทมนี้)
913	Camouflage Item-Tribal tombstone	ป้ายโลงศพที่พบได้ทั่วไปใน Voodoo Island		เมื่อใช้สามารถเปลี่ยนเป็น Tribal tombstone \n(เมื่อใช้จะหักไอเทมนี้)
914	Camouflage Item-Firewood pile	กองฟืนที่พบได้ทั่วไปใน Voodoo Island		เมื่อใช้สามารถเปลี่ยนเป็น Firewood pile \n(เมื่อใช้จะหักไอเทมนี้)
915	Camouflage Item-Snow pillar	เสาหินที่พบได้ทั่วไปSilver Harbour		เมื่อใช้สามารถเปลี่ยนเป็น Snow pillar \n(เมื่อใช้จะหักไอเทมนี้)
916	Camouflage Item-Snow grass	พืชที่พบบ่อยใน Silver Harbour		เมื่อใช้สามารถเปลี่ยนเป็น Snow grass \n(เมื่อใช้จะหักไอเทมนี้)
917	Camouflage Item-Snow Flower	พืชที่พบบ่อยใน Silver Harbour		เมื่อใช้สามารถเปลี่ยนเป็น Snow Flower \n(เมื่อใช้จะหักไอเทมนี้)
918	Camouflage Item-Prototype Machine	อาวุธที่พบบ่อยใน Drake empty Walled		เมื่อใช้สามารถเปลี่ยนเป็น Prototype Machine \n(เมื่อใช้จะหักไอเทมนี้)
919	Camouflage Item-Air defense Fort 	แท่นปืนที่พบบ่อยใน Drake empty Walled		เมื่อใช้สามารถเปลี่ยนเป็น Air defense Fort  \n(เมื่อใช้จะหักไอเทมนี้)
920	Camouflage Item-Volcano Crystal	ผลึกที่พบบ่อยใน H ell Volcanic Island		เมื่อใช้สามารถเปลี่ยนเป็น Volcano Crystal \n(เมื่อใช้จะหักไอเทมนี้)
921	Camouflage Item-Volcano Plant	พืชที่พบบ่อยใน H ell Volcanic Island		เมื่อใช้สามารถเปลี่ยนเป็น Volcano Plant \n(เมื่อใช้จะหักไอเทมนี้)
922	Camouflage Item-Brown Grass	พืชที่พบบ่อยใน Sunset Deserted		เมื่อใช้สามารถเปลี่ยนเป็น Brown Grass \n(เมื่อใช้จะหักไอเทมนี้)
923	Camouflage Item-Gallipot	หม้อไหที่พบบ่อยใน Sunset Deserted		เมื่อใช้สามารถเปลี่ยนเป็น Gallipot \n(เมื่อใช้จะหักไอเทมนี้)
924	Camouflage Item-Egg Shape Stone	หินที่พบบ่อยใน Death City Sea		เมื่อใช้สามารถเปลี่ยนเป็น Egg Shape Stone \n(เมื่อใช้จะหักไอเทมนี้)
925	Prototype Pumpkin	ฟักทองที่ผ่านการทำสุก		เมื่อใช้สามารถเปลี่ยนเป็น Prototype Pumpkin \n(เมื่อใช้จะหักไอเทมนี้)
926	Grimace pumpkin	หน้ากากฟักทองที่น่ากลัว		เมื่อใช้สามารถเปลี่ยนเป็น Grimace pumpkin \n(เมื่อใช้จะหักไอเทมนี้)
927	Candle Grimace pumpkin	ฟักทองที่มีแสงสว่าง		เมื่อใช้สามารถเปลี่ยนเป็น Candle Grimace pumpkin \n(เมื่อใช้จะหักไอเทมนี้)
928	Poseidon Instrument Field Guide Esoteric			เมื่อใช้สามารถเก็บสะสม [Poseidon Instrument] Field Guide ครบทันที!
929	Snowman	เครื่องประดับที่พบบ่อยในวันคริสมาสต์		เมื่อใช้สามารถเปลี่ยนเป็น Snowman \n(เมื่อใช้จะหักไอเทมนี้)
930	Christmas Tree	เครื่องประดับที่พบบ่อยในวันคริสมาสต์		เมื่อใช้สามารถเปลี่ยนเป็น Christmas Tree \n(เมื่อใช้จะหักไอเทมนี้)
931	Christmas Gift	เครื่องประดับที่พบบ่อยในวันคริสมาสต์		เมื่อใช้สามารถเปลี่ยนเป็น Christmas Gift \n(เมื่อใช้จะหักไอเทมนี้)
932	Violent Snowball	ไอเทมที่ทำแตกในการทำภารกิจ อานุภาพไร้เทียมทาน แต่ก็ยังมีViolent Snowballบางส่วนที่เก็บมาไม่หใดและหลงไปอยู่ในกล่องของขวัญ		สามารถทำให้เพื่อนลอยไปอีกที่นึงได้
933	Snowball	เมื่อปาแล้วจะได้รับ [Color Feather] อย่าเผลอทิ้งซะล่ะ!		สามารถโจมตีผู้เล่นได้ด้วยSnowball
934	Mother's Day Box	ของขวัญการเฉลิมฉลองวันแม่แห่งชาติ		เมื่อใช้จะได้รับรางวัลแบบสุ่ม 1 อย่าง\n(ไอเทมจะถูกหักหลังใช้)
935	กล่องกระทง	ของขวัญที่ดรอปจากการร่วมแรงร่วมใจกันกำจัดกระทง		เมื่อใช้จะสุ่มรับรางวัล 1 ชิ้น\n(กดใช้แล้วจะหักไอเทมทันที)
1001	Red Potion Lv.1	คลิกขวาและลากเพื่อใช้		เมื่อเปิดจะฟื้นฟู HP 4500 แต้ม
1002	Red Potion Lv.2			เมื่อเปิดจะฟื้นฟู HP 11600 แต้ม
1003	Red Potion Lv.3			เมื่อเปิดจะฟื้นฟู HP 22300 แต้ม
1004	Red Potion Lv.4			เมื่อเปิดจะฟื้นฟู HP 36400 แต้ม
1005	Red Potion Lv.5			เมื่อเปิดจะฟื้นฟู HP 54100 แต้ม
1006	Weak Red Potion	คลิกขวาและลากเพื่อใช้		เมื่อเปิดจะฟื้นฟู HP 2300 แต้ม
1007	Minor Red Potion			เมื่อเปิดจะฟื้นฟู HP 4500 แต้ม
1008	Low Red Potion			เมื่อเปิดจะฟื้นฟู HP 11600 แต้ม
1009	Light Red Potion			เมื่อเปิดจะฟื้นฟู HP 22300 แต้ม
1010	Flat Red Potion			เมื่อเปิดจะฟื้นฟู HP 36400 แต้ม
1011	Medium Red Potion			เมื่อเปิดจะฟื้นฟู HP 44800 แต้ม
1012	High Red Potion			เมื่อเปิดจะฟื้นฟู HP 54100 แต้ม
1013	Efficient Red Potion			เมื่อเปิดจะฟื้นฟู HP 64200 แต้ม
1014	Heal Essence Lv.1			เมื่อใช้สามารถฟื้นฟูเลือดของลูกเรือที่กำลังเรียกอยู่ให้เต็ม สามารถใช้ได้ 5 ครั้ง!
1015	Heal Essence Lv.2			เมื่อใช้สามารถฟื้นฟูเลือดของลูกเรือที่กำลังเรียกอยู่ให้เต็ม สามารถใช้ได้ 10 ครั้ง!
1016	Heal Essence Lv.3			เมื่อใช้สามารถฟื้นฟูเลือดของลูกเรือที่กำลังเรียกอยู่ให้เต็ม สามารถใช้ได้ 15 ครั้ง!
1017	Heal Essence Lv.4			เมื่อใช้สามารถฟื้นฟูเลือดของลูกเรือที่กำลังเรียกอยู่ให้เต็ม สามารถใช้ได้ 20 ครั้ง!
1018	Heal Essence Lv.5			เมื่อใช้สามารถฟื้นฟูเลือดของลูกเรือที่กำลังเรียกอยู่ให้เต็ม สามารถใช้ได้ 25 ครั้ง!
1019	Lord Heal Essence			เมื่อใช้สามารถฟื้นฟูเลือดของลูกเรือที่กำลังเรียกอยู่ให้เต็ม สามารถใช้ได้ 30 ครั้ง!
1020	Lord Red Potion			เมื่อเปิดจะฟื้นฟู HP 68000 แต้ม
1021	Lord Heal Essence(Secret)			เมื่อใช้สามารถฟื้นฟูเลือดของลูกเรือที่กำลังเรียกอยู่ให้เต็ม สามารถใช้ได้ 30 ครั้ง!
1022	Lord Red Potion(Secret)			เมื่อเปิดจะฟื้นฟู HP 68000 แต้ม
1023	Beginner Reward Repair Cure	ยาที่สามารถดูดเลือดให้มาเป็นพลังชีวิตของตนเอง ความจุ 75000 หากมีการตั้งค่าการใช้ยาฟื้นฟูอัตโนมัติแล้ว ระบบนี้จะใช้ยาฟื้นฟูที่จำนวนเหลือน้อยก่อน		ยาที่สามารถเพิ่มเลือดได้เต็มจำนวนครั้งแรกคือ 8 หากไม่ได้ตั้งค่าใช้ยาอัตโนมัติ ระบบนี้จะใช้ยาที่มีจำนวนน้อยที่สุดก่อน
1024	Royal Red Potion Lv.1			เมื่อเปิดจะฟื้นฟู HP 4200 แต้ม
1025	Royal Red Potion Lv.2			เมื่อเปิดจะฟื้นฟู HP 10900 แต้ม
1026	Royal Red Potion Lv.3			เมื่อเปิดจะฟื้นฟู HP 20800 แต้ม
1027	Royal Red Potion Lv.4			เมื่อเปิดจะฟื้นฟู HP 34000 แต้ม
1028	Royal Red Potion Lv.5			เมื่อเปิดจะฟื้นฟู HP 50500 แต้ม
1029	Repair Cure(Second)	ยาที่สามารถดูดเลือดให้มาเป็นพลังชีวิตของตนเอง ความจุ 15000 หากมีการตั้งค่าการใช้ยาฟื้นฟูอัตโนมัติแล้ว ระบบนี้จะใช้ยาฟื้นฟูที่จำนวนเหลือน้อยก่อน		ยาที่สามารถเพิ่มเลือดได้เต็มจำนวนครั้งแรกคือ 2 หากไม่ได้ตั้งค่าใช้ยาอัตโนมัติ ระบบนี้จะใช้ยาที่มีจำนวนน้อยที่สุดก่อน
1030	Repair Cure(Sky)	ยาที่สามารถดูดเลือดให้มาเป็นพลังชีวิตของตนเอง ความจุ 30000 หากมีการตั้งค่าการใช้ยาฟื้นฟูอัตโนมัติแล้ว ระบบนี้จะใช้ยาฟื้นฟูที่จำนวนเหลือน้อยก่อน		ยาที่สามารถเพิ่มเลือดได้เต็มจำนวนครั้งแรกคือ 4 หากไม่ได้ตั้งค่าใช้ยาอัตโนมัติ ระบบนี้จะใช้ยาที่มีจำนวนน้อยที่สุดก่อน
1031	Repair Cure(Numerous)	ยาที่สามารถดูดเลือดให้มาเป็นพลังชีวิตของตนเอง ความจุ 45000 หากมีการตั้งค่าการใช้ยาฟื้นฟูอัตโนมัติแล้ว ระบบนี้จะใช้ยาฟื้นฟูที่จำนวนเหลือน้อยก่อน		ยาที่สามารถเพิ่มเลือดได้เต็มจำนวนครั้งแรกคือ 6 หากไม่ได้ตั้งค่าใช้ยาอัตโนมัติ ระบบนี้จะใช้ยาที่มีจำนวนน้อยที่สุดก่อน
1032	Repair Cure(Elegant)	ยาที่สามารถดูดเลือดให้มาเป็นพลังชีวิตของตนเอง ความจุ 60000 หากมีการตั้งค่าการใช้ยาฟื้นฟูอัตโนมัติแล้ว ระบบนี้จะใช้ยาฟื้นฟูที่จำนวนเหลือน้อยก่อน		ยาที่สามารถเพิ่มเลือดได้เต็มจำนวนครั้งแรกคือ 8 หากไม่ได้ตั้งค่าใช้ยาอัตโนมัติ ระบบนี้จะใช้ยาที่มีจำนวนน้อยที่สุดก่อน
1033	Pumpkin Soup			เมื่อเปิดจะฟื้นฟู HP 10000 แต้ม
1034	Cookie			เมื่อเปิดจะฟื้นฟู HP 10000 แต้ม
1035	Delicious Sashimi	คลิกขวาและลากเพื่อใช้		เมื่อเปิดจะฟื้นฟู HP 3000 แต้ม
1041	Healing Jelly LV.1	เยลลี่แสนอร่อย สามารถฟื้นฟูพลังชีวิตได้อย่างรวดเร็ว หาซื้อได้จากพ่อค้าพุดดิ้งที่ Port Royal		เมื่อใช้จะฟื้นฟู HP 300 แต้ม ทุกๆวินาที ต่อเนื่อง 20 วินาที (ประสิทธิผลจะถูกยกเลิกเมื่อโดนโจมตีหรือเคลื่อนที่)
1042	Healing Jelly LV.2	เยลลี่แสนอร่อย สามารถฟื้นฟูพลังชีวิตได้อย่างรวดเร็ว หาซื้อได้จากพ่อค้าพุดดิ้งที่ Port Royal		เมื่อใช้จะฟื้นฟู HP 510 แต้ม ทุกๆวินาที ต่อเนื่อง 20 วินาที (ประสิทธิผลจะถูกยกเลิกเมื่อโดนโจมตีหรือเคลื่อนที่)
1043	Healing Jelly LV.3	เยลลี่แสนอร่อย สามารถฟื้นฟูพลังชีวิตได้อย่างรวดเร็ว หาซื้อได้จากพ่อค้าพุดดิ้งที่ Port Royal		เมื่อใช้จะฟื้นฟู HP 780 แต้ม ทุกๆวินาที ต่อเนื่อง 20 วินาที (ประสิทธิผลจะถูกยกเลิกเมื่อโดนโจมตีหรือเคลื่อนที่)
1044	Healing Jelly LV.4	เยลลี่แสนอร่อย สามารถฟื้นฟูพลังชีวิตได้อย่างรวดเร็ว หาซื้อได้จากพ่อค้าพุดดิ้งที่ Port Royal		เมื่อใช้จะฟื้นฟู HP 1100 แต้ม ทุกๆวินาที ต่อเนื่อง 20 วินาที (ประสิทธิผลจะถูกยกเลิกเมื่อโดนโจมตีหรือเคลื่อนที่)
1045	Healing Jelly LV.5	เยลลี่แสนอร่อย สามารถฟื้นฟูพลังชีวิตได้อย่างรวดเร็ว หาซื้อได้จากพ่อค้าพุดดิ้งที่ Port Royal		เมื่อใช้จะฟื้นฟู HP 1490 แต้ม ทุกๆวินาที ต่อเนื่อง 20 วินาที (ประสิทธิผลจะถูกยกเลิกเมื่อโดนโจมตีหรือเคลื่อนที่)
1046	Healing Jelly LV.6	เยลลี่แสนอร่อย สามารถฟื้นฟูพลังชีวิตได้อย่างรวดเร็ว หาซื้อได้จากพ่อค้าพุดดิ้งที่ Port Royal		เมื่อใช้จะฟื้นฟู HP 1930 แต้ม ทุกๆวินาที ต่อเนื่อง 20 วินาที (ประสิทธิผลจะถูกยกเลิกเมื่อโดนโจมตีหรือเคลื่อนที่)
1047	Healing Jelly LV7.	เยลลี่แสนอร่อย สามารถฟื้นฟูพลังชีวิตได้อย่างรวดเร็ว หาซื้อได้จากพ่อค้าพุดดิ้งที่ Port Royal		เมื่อใช้จะฟื้นฟู HP 2430 แต้ม ทุกๆวินาที ต่อเนื่อง 20 วินาที (ประสิทธิผลจะถูกยกเลิกเมื่อโดนโจมตีหรือเคลื่อนที่)
1048	Healing Jelly LV8.	เยลลี่แสนอร่อย สามารถฟื้นฟูพลังชีวิตได้อย่างรวดเร็ว หาซื้อได้จากพ่อค้าพุดดิ้งที่ Port Royal		เมื่อใช้จะฟื้นฟู HP 2990 แต้ม ทุกๆวินาที ต่อเนื่อง 20 วินาที (ประสิทธิผลจะถูกยกเลิกเมื่อโดนโจมตีหรือเคลื่อนที่)
1049	Healing Jelly LV9.	เยลลี่แสนอร่อย สามารถฟื้นฟูพลังชีวิตได้อย่างรวดเร็ว หาซื้อได้จากพ่อค้าพุดดิ้งที่ Port Royal		เมื่อใช้จะฟื้นฟู HP 3610 แต้ม ทุกๆวินาที ต่อเนื่อง 20 วินาที (ประสิทธิผลจะถูกยกเลิกเมื่อโดนโจมตีหรือเคลื่อนที่)
1050	Healing Jelly LV.10	เยลลี่แสนอร่อย สามารถฟื้นฟูพลังชีวิตได้อย่างรวดเร็ว หาซื้อได้จากพ่อค้าพุดดิ้งที่ Port Royal		เมื่อใช้จะฟื้นฟู HP 4280 แต้ม ทุกๆวินาที ต่อเนื่อง 20 วินาที (ประสิทธิผลจะถูกยกเลิกเมื่อโดนโจมตีหรือเคลื่อนที่)
1101	 EXP  Stone Lv.1			เมื่อใช้จะได้รับ EXP เพิ่มขึ้น 2% ยังสามารถได้รับค่า EXP เพิ่มจากการแลกเปลี่ยนธาตุ หากมาจากที่เดียวกันจะยึดจำนวนสูงสุดเป็นหลัก เป็นเวลา 20 นาที\n(ประเภทที่มา：Element Exchange)
1102	 EXP  Stone Lv.2			เมื่อใช้จะได้รับ EXP เพิ่มขึ้น 4% ยังสามารถได้รับค่า EXP เพิ่มจากการแลกเปลี่ยนธาตุ หากมาจากที่เดียวกันจะยึดจำนวนสูงสุดเป็นหลัก เป็นเวลา 20 นาที\n(ประเภทที่มา：Element Exchange)
1103	 EXP  Stone Lv.3			เมื่อใช้จะได้รับ EXP เพิ่มขึ้น 6% ยังสามารถได้รับค่า EXP เพิ่มจากการแลกเปลี่ยนธาตุ หากมาจากที่เดียวกันจะยึดจำนวนสูงสุดเป็นหลัก เป็นเวลา 20 นาที\n(ประเภทที่มา：Element Exchange)
1104	 EXP  Stone Lv.4			เมื่อใช้จะได้รับ EXP เพิ่มขึ้น 8% ยังสามารถได้รับค่า EXP เพิ่มจากการแลกเปลี่ยนธาตุ หากมาจากที่เดียวกันจะยึดจำนวนสูงสุดเป็นหลัก เป็นเวลา 20 นาที\n(ประเภทที่มา：Element Exchange)
1105	 EXP  Stone Lv.5			เมื่อใช้จะได้รับ EXP เพิ่มขึ้น 10% ยังสามารถได้รับค่า EXP เพิ่มจากการแลกเปลี่ยนธาตุ หากมาจากที่เดียวกันจะยึดจำนวนสูงสุดเป็นหลัก เป็นเวลา 20 นาที\n(ประเภทที่มา：Element Exchange)
1106	Reward EXP Stone			เมื่อใช้จะได้โบนัสค่าประสบการณ์ 5% สามารถได้ EXP โบนัสจากภารกิจ หากมาจากที่เดียวกันจะยึดจำนวนสูงสุดเป็นหลัก เป็นเวลา 30 นาที \n(ประเภทที่มา: เควส)
1107	Reward EXP Stone(Guild)			เมื่อใช้จะได้โบนัสค่าประสบการณ์ 5% สามารถได้ EXP โบนัสจากภารกิจ หากมาจากที่เดียวกันจะยึดจำนวนสูงสุดเป็นหลัก เป็นเวลา 30 นาที \n(ประเภทที่มา: เควส)
1108	Athletics EXP Stone			เมื่อใช้จะได้โบนัสค่าประสบการณ์ 20% สามารถได้ EXP โบนัสจากการแข่งขัยหากมาจากที่เดียวกันจะยึดจำนวนสูงสุดเป็นหลัก เป็นเวลา 3 ชั่วโมง\n(ประเภทที่มา: แข่งขัน)
1151	Weak EXP Jelly			เมื่อใช้จะได้รับค่า EXP 210 ± 25%!
1152	Minor EXP Jelly			เมื่อใช้จะได้รับค่า EXP 4740 ± 25%!
1153	Low EXP Jelly			เมื่อใช้จะได้รับค่า EXP 13680 ± 25%!
1154	Light EXP Jelly			เมื่อใช้จะได้รับค่า EXP 23710 ± 25%!
1155	Flat EXP Jelly			เมื่อใช้จะได้รับค่า EXP 37305 ± 25%!
1156	Medium EXP Jelly			เมื่อใช้จะได้รับค่า EXP 53860 ± 25%!
1157	High EXP Jelly			เมื่อใช้จะได้รับค่า EXP 89820 ± 25%!
1158	Efficient EXP Jelly			เมื่อใช้จะได้รับค่า EXP 144480 ± 25%!
1159	 EXP  Jelly(Minimal)			เมื่อใช้จะได้รับ EXP จำนวนน้อยมาก
1160	 EXP  Jelly(Small)			เมื่อใช้จะได้รับ EXP จำนวนน้อย
1161	 EXP  Jelly(Micro)			เมื่อใช้จะได้รับ EXP จำนวนมาก
1162	God EXP Jelly			เมื่อใช้จะได้รับ EXP  3500 แต้ม!
1163	 EXP  Wgg(1)			เมื่อใช้จะได้รับ EXP  4740 ± 75%!\n(กรุณาอย่าลืมใช้ ไข่นี้จะหายไปภายใน 24 ชั่วโมง)
1164	 EXP  Wgg(2)			เมื่อใช้จะได้รับ EXP  8664 ± 75%!\n(กรุณาอย่าลืมใช้ ไข่นี้จะหายไปภายใน 24 ชั่วโมง)
1165	 EXP  Wgg(3)			เมื่อใช้จะได้รับ EXP  14580 ± 75%!\n(กรุณาอย่าลืมใช้ ไข่นี้จะหายไปภายใน 24 ชั่วโมง)
1166	 EXP  Wgg(4)			เมื่อใช้จะได้รับ EXP  21150 ± 75%!\n(กรุณาอย่าลืมใช้ ไข่นี้จะหายไปภายใน 24 ชั่วโมง)
1167	 EXP  Wgg(5)			เมื่อใช้จะได้รับ EXP  32175 ± 75%!\n(กรุณาอย่าลืมใช้ ไข่นี้จะหายไปภายใน 24 ชั่วโมง)
1168	 EXP  Wgg(6)			เมื่อใช้จะได้รับ EXP  40140 ± 75%!\n(กรุณาอย่าลืมใช้ ไข่นี้จะหายไปภายใน 24 ชั่วโมง)
1169	 EXP  Wgg(7)			เมื่อใช้จะได้รับ EXP  50040 ± 75%!\n(กรุณาอย่าลืมใช้ ไข่นี้จะหายไปภายใน 24 ชั่วโมง)
1170	 EXP  Wgg(8)			เมื่อใช้จะได้รับ EXP  64620 ± 75%!\n(กรุณาอย่าลืมใช้ ไข่นี้จะหายไปภายใน 24 ชั่วโมง)
1171	 EXP  Wgg(9)			เมื่อใช้จะได้รับ EXP  89829 ± 75%!\n(กรุณาอย่าลืมใช้ ไข่นี้จะหายไปภายใน 24 ชั่วโมง)
1172	 EXP  Wgg(10)			เมื่อใช้จะได้รับ EXP  126480 ± 75%!\n(กรุณาอย่าลืมใช้ ไข่นี้จะหายไปภายใน 24 ชั่วโมง)
1173	 EXP  Wgg(11)			เมื่อใช้จะได้รับ EXP  130740 ± 75%!\n(กรุณาอย่าลืมใช้ ไข่นี้จะหายไปภายใน 24 ชั่วโมง)
1174	 EXP  Wgg(12)			เมื่อใช้จะได้รับ EXP  144480 ± 75%!\n(กรุณาอย่าลืมใช้ ไข่นี้จะหายไปภายใน 24 ชั่วโมง)
1175	 EXP  Jelly(Minimal)			เมื่อใช้จะได้รับ EXP จำนวนน้อยมาก
1176	 EXP  Jelly(Small)			เมื่อใช้จะได้รับ EXP จำนวนน้อย
1177	 EXP  Jelly(Micro)			เมื่อใช้จะได้รับ EXP จำนวนมาก
1201	Skill Stone Lv.1			เมื่อใช้ได้รับแต้มสกิลเพิ่ม 2% สามารถได้เพิ่มแต้มสกิลโบนัสกับการแลกเปลี่ยนธาตุ หากมาจากที่เดียวกันจะยึดจำนวนสูงสุดเป็นหลัก เป็นเวลา 20 นาที\n(ประเภทที่มา：Element Exchange)
1202	Skill Stone Lv.2			เมื่อใช้ได้รับแต้มสกิลเพิ่ม 4% สามารถได้เพิ่มแต้มสกิลโบนัสกับการแลกเปลี่ยนธาตุ หากมาจากที่เดียวกันจะยึดจำนวนสูงสุดเป็นหลัก เป็นเวลา 20 นาที\n(ประเภทที่มา：Element Exchange)
1203	Skill Stone Lv.3			เมื่อใช้ได้รับแต้มสกิลเพิ่ม 6% สามารถได้เพิ่มแต้มสกิลโบนัสกับการแลกเปลี่ยนธาตุ หากมาจากที่เดียวกันจะยึดจำนวนสูงสุดเป็นหลัก เป็นเวลา 20 นาที\n(ประเภทที่มา：Element Exchange)
1204	Skill Stone Lv.4			เมื่อใช้ได้รับแต้มสกิลเพิ่ม 8% สามารถได้เพิ่มแต้มสกิลโบนัสกับการแลกเปลี่ยนธาตุ หากมาจากที่เดียวกันจะยึดจำนวนสูงสุดเป็นหลัก เป็นเวลา 20 นาที\n(ประเภทที่มา：Element Exchange)
1205	Skill Stone Lv.5			เมื่อใช้ได้รับแต้มสกิลเพิ่ม 10% สามารถได้เพิ่มแต้มสกิลโบนัสกับการแลกเปลี่ยนธาตุ หากมาจากที่เดียวกันจะยึดจำนวนสูงสุดเป็นหลัก เป็นเวลา 20 นาที\n(ประเภทที่มา：Element Exchange)
1206	Task Skill Stone			เมื่อใช้จะได้รับแต้มสกิลโบนัส 5% สามารถได้เพิ่มแต้มสกิลโบนัสจากภารกิจ หากมาจากที่เดียวกันจะยึดจำนวนสูงสุดเป็นหลัก เป็นเวลา 30 นาที \n(ประเภทที่มา: เควส)
1207	Task Skill Stone(Guild)			เมื่อใช้จะได้รับแต้มสกิลโบนัส 5% สามารถได้เพิ่มแต้มสกิลโบนัสจากภารกิจ หากมาจากที่เดียวกันจะยึดจำนวนสูงสุดเป็นหลัก เป็นเวลา 30 นาที \n(ประเภทที่มา: เควส)
1251	Weak Skill Point Jelly			เมื่อใช้จะได้รับแต้มสกิล 105 ± 25%！
1252	Minor Skill Point Jelly			เมื่อใช้จะได้รับแต้มสกิล 2370 ± 25%！
1253	Low Skill Point Jelly			เมื่อใช้จะได้รับแต้มสกิล 6840 ± 25%！
1254	Light Skill Point Jelly			เมื่อใช้จะได้รับแต้มสกิล 11855 ± 25%！
1255	Flat Skill Point Jelly			เมื่อใช้จะได้รับแต้มสกิล 18652 ± 25%！
1256	Medium Skill Point Jelly			เมื่อใช้จะได้รับแต้มสกิล 26930 ± 25%！
1257	High Skill Point Jelly			เมื่อใช้จะได้รับแต้มสกิล 44910 ± 25%！
1258	Efficient Skill Point Jelly			เมื่อใช้จะได้รับแต้มสกิล 72240 ± 25%！
1259	Skill Point Jelly(Minimal)			เมื่อใช้จะได้รับแต้มสกิลจำนวนน้อยมาก
1260	Skill Point Jelly(Small)			เมื่อใช้จะได้รับแต้มสกิลจำนวนน้อย
1261	Skill Point Jelly(Micro)			เมื่อใช้จะได้รับแต้มสกิลจำนวนมาก
1262	God Skill Point Jelly			เมื่อใช้จะได้รับแต้มสกิล 1750 แต้ม!
1263	Skill Point Egg(1)			เมื่อใช้จะได้รับแต้มสกิล 2370 ± 75%!\n(กรุณาอย่าลืมใช้ ไข่นี้จะหายไปภายใน 24 ชั่วโมง)
1264	Skill Point Egg(2)			เมื่อใช้จะได้รับแต้มสกิล 4332 ± 75%!\n(กรุณาอย่าลืมใช้ ไข่นี้จะหายไปภายใน 24 ชั่วโมง)
1265	Skill Point Egg(3)			เมื่อใช้จะได้รับแต้มสกิล 7290 ± 75%!\n(กรุณาอย่าลืมใช้ ไข่นี้จะหายไปภายใน 24 ชั่วโมง)
1266	Skill Point Egg(4)			เมื่อใช้จะได้รับแต้มสกิล 10575 ± 75%!\n(กรุณาอย่าลืมใช้ ไข่นี้จะหายไปภายใน 24 ชั่วโมง)
1267	Skill Point Egg(5)			เมื่อใช้จะได้รับแต้มสกิล 16089 ± 75%!\n(กรุณาอย่าลืมใช้ ไข่นี้จะหายไปภายใน 24 ชั่วโมง)
1268	Skill Point Egg(6)			เมื่อใช้จะได้รับแต้มสกิล 20070 ± 75%!\n(กรุณาอย่าลืมใช้ ไข่นี้จะหายไปภายใน 24 ชั่วโมง)
1269	Skill Point Egg(7)			เมื่อใช้จะได้รับแต้มสกิล 25020 ± 75%!\n(กรุณาอย่าลืมใช้ ไข่นี้จะหายไปภายใน 24 ชั่วโมง)
1270	Skill Point Egg(8)			เมื่อใช้จะได้รับแต้มสกิล 32310 ± 75%!\n(กรุณาอย่าลืมใช้ ไข่นี้จะหายไปภายใน 24 ชั่วโมง)
1271	Skill Point Egg(9)			เมื่อใช้จะได้รับแต้มสกิล 44916 ± 75%!\n(กรุณาอย่าลืมใช้ ไข่นี้จะหายไปภายใน 24 ชั่วโมง)
1272	Skill Point Egg(10)			เมื่อใช้จะได้รับแต้มสกิล 63240 ± 75%!\n(กรุณาอย่าลืมใช้ ไข่นี้จะหายไปภายใน 24 ชั่วโมง)
1273	Skill Point Egg(11)			เมื่อใช้จะได้รับแต้มสกิล 65370 ± 75%!\n(กรุณาอย่าลืมใช้ ไข่นี้จะหายไปภายใน 24 ชั่วโมง)
1274	Skill Point Egg(12)			เมื่อใช้จะได้รับแต้มสกิล 72240 ± 75%!\n(กรุณาอย่าลืมใช้ ไข่นี้จะหายไปภายใน 24 ชั่วโมง)
1275	Skill Point Jelly(Minimal)			เมื่อใช้จะได้รับแต้มสกิลจำนวนน้อยมาก
1276	Skill Point Jelly(Small)			เมื่อใช้จะได้รับแต้มสกิลจำนวนน้อย
1277	Skill Point Jelly(Micro)			เมื่อใช้จะได้รับแต้มสกิลจำนวนมาก
1278	Advanced Skill Point Jelly LV.1	Advanced Skill Point Jelly LV.1		เมื่อใช้จะได้รับ Skill Point 500 แต้ม!
1279	Advanced Skill Point Jelly LV.2	Advanced Skill Point Jelly LV.2		เมื่อใช้จะได้รับ Skill Point 5000 แต้ม!
1280	Advanced Skill Point Jelly LV.3	Advanced Skill Point Jelly LV.3		เมื่อใช้จะได้รับ Skill Point 50000 แต้ม!
1281	Advanced Skill Point Jelly LV.4	Advanced Skill Point Jelly LV.4		เมื่อใช้จะได้รับ Skill Point 500000 แต้ม!
1301	Sword Relic(Second)	ซากอาวุธโบราณ ร้านค้าของโบราณและนักหล่อของกิลด์ใน Port Royal ให้ความสนใจกัยสิ่งนี้ สะสมจำนวนหนึ่งสามารถนำไปแลกเป็นรูปลักษณ์อาวุธได้		
1302	Sword Relic(Sky)	ซากอาวุธโบราณ ร้านค้าของโบราณและนักหล่อของกิลด์ใน Port Royal ให้ความสนใจกัยสิ่งนี้ สะสมจำนวนหนึ่งสามารถนำไปแลกเป็นรูปลักษณ์อาวุธได้		
1303	Sword Relic(Numerous)	ซากอาวุธโบราณ ร้านค้าของโบราณและนักหล่อของกิลด์ใน Port Royal ให้ความสนใจกัยสิ่งนี้ สะสมจำนวนหนึ่งสามารถนำไปแลกเป็นรูปลักษณ์อาวุธได้		
1304	Sword Relic(Elegant)	ซากอาวุธโบราณ ร้านค้าของโบราณและนักหล่อของกิลด์ใน Port Royal ให้ความสนใจกัยสิ่งนี้ สะสมจำนวนหนึ่งสามารถนำไปแลกเป็นรูปลักษณ์อาวุธได้		
1305	Hammer Relic(Second)	ซากอาวุธโบราณ ร้านค้าของโบราณและนักหล่อของกิลด์ใน Port Royal ให้ความสนใจกัยสิ่งนี้ สะสมจำนวนหนึ่งสามารถนำไปแลกเป็นรูปลักษณ์อาวุธได้		
1306	Hammer Relic(Sky)	ซากอาวุธโบราณ ร้านค้าของโบราณและนักหล่อของกิลด์ใน Port Royal ให้ความสนใจกัยสิ่งนี้ สะสมจำนวนหนึ่งสามารถนำไปแลกเป็นรูปลักษณ์อาวุธได้		
1307	Hammer Relic(Numerous)	ซากอาวุธโบราณ ร้านค้าของโบราณและนักหล่อของกิลด์ใน Port Royal ให้ความสนใจกัยสิ่งนี้ สะสมจำนวนหนึ่งสามารถนำไปแลกเป็นรูปลักษณ์อาวุธได้		
1308	Hammer Relic(Elegant)	ซากอาวุธโบราณ ร้านค้าของโบราณและนักหล่อของกิลด์ใน Port Royal ให้ความสนใจกัยสิ่งนี้ สะสมจำนวนหนึ่งสามารถนำไปแลกเป็นรูปลักษณ์อาวุธได้		
1309	Shield Relic(Second)	ซากอาวุธโบราณ ร้านค้าของโบราณและนักหล่อของกิลด์ใน Port Royal ให้ความสนใจกัยสิ่งนี้ สะสมจำนวนหนึ่งสามารถนำไปแลกเป็นรูปลักษณ์อาวุธได้		
1310	Shield Relic(Sky)	ซากอาวุธโบราณ ร้านค้าของโบราณและนักหล่อของกิลด์ใน Port Royal ให้ความสนใจกัยสิ่งนี้ สะสมจำนวนหนึ่งสามารถนำไปแลกเป็นรูปลักษณ์อาวุธได้		
1311	Shield Relic(Numerous)	ซากอาวุธโบราณ ร้านค้าของโบราณและนักหล่อของกิลด์ใน Port Royal ให้ความสนใจกัยสิ่งนี้ สะสมจำนวนหนึ่งสามารถนำไปแลกเป็นรูปลักษณ์อาวุธได้		
1312	Shield Relic(Elegant)	ซากอาวุธโบราณ ร้านค้าของโบราณและนักหล่อของกิลด์ใน Port Royal ให้ความสนใจกัยสิ่งนี้ สะสมจำนวนหนึ่งสามารถนำไปแลกเป็นรูปลักษณ์อาวุธได้		
1313	Stele Relic(Second)	ซากอาวุธโบราณ ร้านค้าของโบราณและนักหล่อของกิลด์ใน Port Royal ให้ความสนใจกัยสิ่งนี้ สะสมจำนวนหนึ่งสามารถนำไปแลกเป็นรูปลักษณ์อาวุธได้		
1314	Stele Relic(Sky)	ซากอาวุธโบราณ ร้านค้าของโบราณและนักหล่อของกิลด์ใน Port Royal ให้ความสนใจกัยสิ่งนี้ สะสมจำนวนหนึ่งสามารถนำไปแลกเป็นรูปลักษณ์อาวุธได้		
1315	Stele Relic(Numerous)	ซากอาวุธโบราณ ร้านค้าของโบราณและนักหล่อของกิลด์ใน Port Royal ให้ความสนใจกัยสิ่งนี้ สะสมจำนวนหนึ่งสามารถนำไปแลกเป็นรูปลักษณ์อาวุธได้		
1316	Stele Relic(Elegant)	ซากอาวุธโบราณ ร้านค้าของโบราณและนักหล่อของกิลด์ใน Port Royal ให้ความสนใจกัยสิ่งนี้ สะสมจำนวนหนึ่งสามารถนำไปแลกเป็นรูปลักษณ์อาวุธได้		
1317	Gun Relic(Second)	ซากอาวุธโบราณ ร้านค้าของโบราณและนักหล่อของกิลด์ใน Port Royal ให้ความสนใจกัยสิ่งนี้ สะสมจำนวนหนึ่งสามารถนำไปแลกเป็นรูปลักษณ์อาวุธได้		
1318	Gun Relic(Sky)	ซากอาวุธโบราณ ร้านค้าของโบราณและนักหล่อของกิลด์ใน Port Royal ให้ความสนใจกัยสิ่งนี้ สะสมจำนวนหนึ่งสามารถนำไปแลกเป็นรูปลักษณ์อาวุธได้		
1319	Gun Relic(Numerous)	ซากอาวุธโบราณ ร้านค้าของโบราณและนักหล่อของกิลด์ใน Port Royal ให้ความสนใจกัยสิ่งนี้ สะสมจำนวนหนึ่งสามารถนำไปแลกเป็นรูปลักษณ์อาวุธได้		
1320	Gun Relic(Elegant)	ซากอาวุธโบราณ ร้านค้าของโบราณและนักหล่อของกิลด์ใน Port Royal ให้ความสนใจกัยสิ่งนี้ สะสมจำนวนหนึ่งสามารถนำไปแลกเป็นรูปลักษณ์อาวุธได้		
1321	Staff Relic(Second)	ซากอาวุธโบราณ ร้านค้าของโบราณและนักหล่อของกิลด์ใน Port Royal ให้ความสนใจกัยสิ่งนี้ สะสมจำนวนหนึ่งสามารถนำไปแลกเป็นรูปลักษณ์อาวุธได้		
1322	Staff Relic(Sky)	ซากอาวุธโบราณ ร้านค้าของโบราณและนักหล่อของกิลด์ใน Port Royal ให้ความสนใจกัยสิ่งนี้ สะสมจำนวนหนึ่งสามารถนำไปแลกเป็นรูปลักษณ์อาวุธได้		
1323	Staff Relic(Numerous)	ซากอาวุธโบราณ ร้านค้าของโบราณและนักหล่อของกิลด์ใน Port Royal ให้ความสนใจกัยสิ่งนี้ สะสมจำนวนหนึ่งสามารถนำไปแลกเป็นรูปลักษณ์อาวุธได้		
1324	Staff Relic(Elegant)	ซากอาวุธโบราณ ร้านค้าของโบราณและนักหล่อของกิลด์ใน Port Royal ให้ความสนใจกัยสิ่งนี้ สะสมจำนวนหนึ่งสามารถนำไปแลกเป็นรูปลักษณ์อาวุธได้		
1325	Blacksmith Box-Sword(Second)			เมื่อเปิดจะได้รับดาบที่มีชื่อเสียงจาก Atlantis 
1326	Blacksmith Box-Sword(Sky)			เมื่อเปิดจะได้รับดาบที่มีชื่อเสียงจาก Outer Space Ocean
1327	Blacksmith Box-Sword(Numerous)			เมื่อเปิดจะได้รับดาบที่มีชื่อเสียงจาก Bermuda Sea
1328	Blacksmith Box-Sword(Elegant)			เมื่อเปิดจะได้รับดาบที่มีชื่อเสียงจาก Nora Jana
1329	Blacksmith Box-Hammer(Second)			เมื่อเปิดจะได้รับค้อนที่มีชื่อเสียงจาก Atlantis 
1330	Blacksmith Box-Hammer(Sky)			เมื่อเปิดจะได้รับค้อนที่มีชื่อเสียงจาก Outer Space Ocean
1331	Blacksmith Box-Hammer(Numerous)			เมื่อเปิดจะได้รับค้อนที่มีชื่อเสียงจาก Bermuda Sea
1332	Blacksmith Box-Hammer(Elegant)			เมื่อเปิดจะได้รับค้อนที่มีชื่อเสียงจาก Nora Jana
1333	Blacksmith Box-Shield(Second)			เมื่อเปิดจะได้รับโล่ที่มีชื่อเสียงจาก Atlantis 
1334	Blacksmith Box-Shield(Sky)			เมื่อเปิดจะได้รับโล่ที่มีชื่อเสียงจาก Outer Space Ocean
1335	Blacksmith Box-Shield(Numerous)			เมื่อเปิดจะได้รับโล่ที่มีชื่อเสียงจาก Bermuda Sea
1336	Blacksmith Box-Shield(Elegant)			เมื่อเปิดจะได้รับโล่ที่มีชื่อเสียงจาก Nora Jana
1337	Blacksmith Box-Pumice(Second)			เมื่อเปิดจะได้รับหินแมกม่าที่มีชื่อเสียงจาก Atlantis 
1338	Blacksmith Box-Pumice(Sky)			เมื่อเปิดจะได้รับหินแมกม่าที่มีชื่อเสียงจาก Outer Space Ocean
1339	Blacksmith Box-Pumice(Numerous)			เมื่อเปิดจะได้รับหินแมกม่าที่มีชื่อเสียงจาก Bermuda Sea
1340	Blacksmith Box-Pumice(Elegant)			เมื่อเปิดจะได้รับหินแมกม่าที่มีชื่อเสียงจาก Nora Jana
1341	Blacksmith Box-Double Gun(Second)			เมื่อเปิดจะได้รับปืนคู่ที่มีชื่อเสียงจาก Atlantis 
1342	Blacksmith Box-Double Gun(Sky)			เมื่อเปิดจะได้รับปืนคู่ที่มีชื่อเสียงจาก Outer Space Ocean
1343	Blacksmith Box-Double Gun(Numerous)			เมื่อเปิดจะได้รับปืนคู่ที่มีชื่อเสียงจาก Bermuda Sea
1344	Blacksmith Box-Double Gun(Elegant)			เมื่อเปิดจะได้รับปืนคู่ที่มีชื่อเสียงจาก Nora Jana
1345	Blacksmith Box-Staff(Second)			เมื่อเปิดจะได้รับไม้เท้าที่มีชื่อเสียงจาก Atlantis 
1346	Blacksmith Box-Staff(Sky)			เมื่อเปิดจะได้รับไม้เท้าที่มีชื่อเสียงจาก Outer Space Ocean
1347	Blacksmith Box-Staff(Numerous)			เมื่อเปิดจะได้รับไม้เท้าที่มีชื่อเสียงจาก Bermuda Sea
1348	Blacksmith Box-Staff(Elegant)			เมื่อเปิดจะได้รับไม้เท้าที่มีชื่อเสียงจาก Nora Jana
1349	鐵匠盒-娃娃(亞)			開啟後取得由亞特蘭提斯最著名的鐵匠所鍛造的娃娃類武器外型。
1350	鐵匠盒-娃娃(天)			開啟後取得由天外海域最著名的鐵匠所鍛造的娃娃類武器外型。
1351	鐵匠盒-娃娃(百)			開啟後取得由百慕達海域最著名的鐵匠所鍛造的娃娃類武器外型。
1352	鐵匠盒-娃娃(娜)			開啟後取得由娜拉亞娜空域最著名的鐵匠所鍛造的娃娃類武器外型。
1401	Bejeweled  Play Coupon			เมื่อใช้จะได้เล่น Bejeweled อีกครั้ง
1402	Same Play Coupon			เมื่อใช้จะได้เล่น Same อีกครั้ง
1403	Jigsaw Play Coupon			เมื่อใช้จะได้เล่น Jigsaw อีกครั้ง
1451	Cute Pet Egg			เมื่อเปิดจะได้รับสัตว์เลี้ยง Atlantic Ocean
1452	Playful Pet Egg			เมื่อเปิดจะได้รับสัตว์เลี้ยง Outer Space Ocean
1453	Lively Pet Egg			เมื่อเปิดจะได้รับสัตว์เลี้ยง Bermuda Sea
1454	Healthy Pet Egg			เมื่อเปิดจะได้รับสัตว์เลี้ยง Nora Jana
1501	Ship Rrepair Tool Lv.1	เครื่องมือซ่อมเรือ ระหว่างการซ่อมไม่สามารถออกต่อสู้ได้ เมื่อเคลื่อนย้ายจะยกเลิกการซ่อมทันที		เมื่อใช้สามารถซ่อมเรือทุกๆวินาที 50 แต้ม เป็นเวลา 10 วินาที
1502	Ship Rrepair Tool Lv.2	เครื่องมือซ่อมเรือ ระหว่างการซ่อมไม่สามารถออกต่อสู้ได้ เมื่อเคลื่อนย้ายจะยกเลิกการซ่อมทันที		เมื่อใช้สามารถซ่อมเรือทุกๆวินาที 100 แต้ม เป็นเวลา 10 วินาที
1503	Ship Rrepair Tool Lv.3	เครื่องมือซ่อมเรือ ระหว่างการซ่อมไม่สามารถออกต่อสู้ได้ เมื่อเคลื่อนย้ายจะยกเลิกการซ่อมทันที		เมื่อใช้สามารถซ่อมเรือทุกๆวินาที 150 แต้ม เป็นเวลา 10 วินาที
1504	Ship Rrepair Tool Lv.4	เครื่องมือซ่อมเรือ ระหว่างการซ่อมไม่สามารถออกต่อสู้ได้ เมื่อเคลื่อนย้ายจะยกเลิกการซ่อมทันที		เมื่อใช้สามารถซ่อมเรือทุกๆวินาที 200 แต้ม เป็นเวลา 10 วินาที
5001	Viciously Of wind Lv.1	ประเภท Fruit Wine		เมื่อดื่ม สามารถเพิ่มพลัง 20 แต้ม, จำนวนเลือดสูงสุด 265 แต้ม เป็นเวลา 30 นาที 
5002	Protect Of Brave Lv.1	ประเภท Fruit Wine		เมื่อดื่ม สามารถเพิ่มกาย 20 แต้ม, จำนวนเลือดสูงสุด 265 แต้ม เป็นเวลา 30 นาที 
5003	Curvet Of Horn Lv.1	ประเภท Fruit Wine		เมื่อดื่ม สามารถเพิ่มว่องไว 20 แต้ม, จำนวนเลือดสูงสุด 265 แต้ม เป็นเวลา 30 นาที 
5004	Soul Of Protect Lv.1	ประเภท Fruit Wine		เมื่อดื่ม สามารถเพิ่มรู้สึก 20 แต้ม, จำนวนเลือดสูงสุด 265 แต้ม เป็นเวลา 30 นาที 
5005	Civilization Of World Lv.1	ประเภท Fruit Wine		เมื่อดื่มสามารถเพิ่มปัญญา 20 แต้ม, เลือดสูงสุด 265 แต้ม เป็นเวลา 30 นาที
5006	Attention Rum Lv.1	ประเภท Special Wine		เมื่อดื่มสามารถเพิ่มอัตราแม่นยำ 3%, จำนวนเลือดสูงสุด 265 แต้ม เป็นเวลา 30 นาที 
5007	Swallow Nest Rum Lv.1	ประเภท Special Wine		เมื่อดื่มสามารถเพิ่มอัตราหลบหลีก 3%, จำนวนเลือดสูงสุด 265 แต้ม เป็นเวลา 30 นาที 
5008	Mad Rum Lv.1	ประเภท Special Wine		เมื่อดื่มสามารถเพิ่มอัตราคริติคอล 4%, จำนวนเลือดสูงสุด 265 แต้ม เป็นเวลา 30 นาที 
5009	Devil Rum Lv.1	ประเภท Special Wine		เมื่อดื่มสามารถเพิ่มอัตราต้านคริติคอล 4%, เลือดสูงสุด 265 แต้ม เป็นเวลา 30 นาที
5010	Pearl Fragrance Lv.1	ประเภท Special Wine		เมื่อดื่มสามารถเพิ่มลดความเสียหายกายภาพ 39 แต้ม เป็นเวลา 30 นาที เหล้าประเภทเดียวกันจะมีผลเพียง 1 ขวดเท่านั้น ไม่ว่าผลจะเยอะหรือน้อย เมื่อใช้ซ้ำจะถูกแทนทันที
5011	Grass Fragrance Lv.1	ประเภท Special Wine		เมื่อดื่มสามารถเพิ่มลดความเสียหายเวทย์39 แต้ม เป็นเวลา 30 นาที เหล้าประเภทเดียวกันจะมีผลเพียง 1 ขวดเท่านั้น ไม่ว่าผลจะเยอะหรือน้อย เมื่อใช้ซ้ำจะถูกแทนทันที
5012	Viciously Of wind Lv.1	ประเภทMixed Wine		เมื่อดื่มสามารถเพิ่มพลัง 10 แต้ม, โจมตีหนักกายภาพ39 แต้ม, เลือดสูงสุด 1382 แต้ม เป็นเวลา 30 นาที เหล้าประเภทเดียวกันจะมีผลเพียง 1 ขวดเท่านั้น ไม่ว่าผลจะเยอะหรือน้อย เมื่อใช้ซ้ำจะถูกแทนทันที
5013	Protect City Hero Lv.1	ประเภทMixed Wine		เมื่อดื่มสามารถเพิ่มกาย 10 แต้ม, ป้องกันกายภาพ 845 แต้ม, เลือดสูงสุด 1382 แต้ม เป็นเวลา 30 นาที เหล้าประเภทเดียวกันจะมีผลเพียง 1 ขวดเท่านั้น ไม่ว่าผลจะเยอะหรือน้อย เมื่อใช้ซ้ำจะถูกแทนทันที
5014	Soul Heart  Guard Lv.1	ประเภทMixed Wine		เมื่อดื่มสามารถเพิ่มกาย 10 แต้ม, ป้องกันเวทย์ 845, เลือดสูงสุด 1382 แต้ม เป็นเวลา 30 นาที เหล้าประเภทเดียวกันจะมีผลเพียง 1 ขวดเท่านั้น ไม่ว่าผลจะเยอะหรือน้อย เมื่อใช้ซ้ำจะถูกแทนทันที
5015	Curvet Of Horn Lv.1	ประเภทMixed Wine		เมื่อดื่มสามารถเพิ่มว่องไว 10 แต้ม, ลดความเสียหายกายภาพ39 แต้ม, เลือดสูงสุด 1382 แต้ม เป็นเวลา 30 นาที เหล้าประเภทเดียวกันจะมีผลเพียง 1 ขวดเท่านั้น ไม่ว่าผลจะเยอะหรือน้อย เมื่อใช้ซ้ำจะถูกแทนทันที
5016	Phantom Barrier Lv.1	ประเภทMixed Wine		เมื่อดื่มสามารถเพิ่มรู้สึก 10 แต้ม, ลดความเสียหายเวทย์39 แต้ม, เลือดสูงสุด 1382 แต้ม เป็นเวลา 30 นาที เหล้าประเภทเดียวกันจะมีผลเพียง 1 ขวดเท่านั้น ไม่ว่าผลจะเยอะหรือน้อย เมื่อใช้ซ้ำจะถูกแทนทันที
5017	Civilization Of Light Lv.1	ประเภทMixed Wine		เมื่อดื่มสามารถเพิ่มปัญญา 10 แต้ม, โจมตีหนักเวทย์39 แต้ม, เลือดสูงสุด 1382 แต้ม เป็นเวลา 30 นาที เหล้าประเภทเดียวกันจะมีผลเพียง 1 ขวดเท่านั้น ไม่ว่าผลจะเยอะหรือน้อย เมื่อใช้ซ้ำจะถูกแทนทันที
5018	Forest Protect Lv.1	Secret Recipe Liquor		เมื่อดื่มสามารถเพิ่มพลัง 50 แต้ม, จำนวนเลือดสูงสุด 2476 แต้ม เป็นเวลา 30 นาที เหล้าประเภทเดียวกันจะแสดงผลแค่อย่างเดียวเท่านั้น
5019	Viciously Of wind Lv.2	ประเภท Fruit Wine		เมื่อดื่ม สามารถเพิ่มพลัง 50 แต้ม, จำนวนเลือดสูงสุด 660 แต้ม เป็นเวลา 30 นาที 
5020	Protect Of Brave Lv.2	ประเภท Fruit Wine		เมื่อดื่ม สามารถเพิ่มกาย 50 แต้ม, จำนวนเลือดสูงสุด 660 แต้ม เป็นเวลา 30 นาที 
5021	Curvet Of Horn Lv.2	ประเภท Fruit Wine		เมื่อดื่ม สามารถเพิ่มว่องไว 50 แต้ม, จำนวนเลือดสูงสุด 660 แต้ม เป็นเวลา 30 นาที 
5022	Soul Of Protect Lv.2	ประเภท Fruit Wine		เมื่อดื่ม สามารถเพิ่มรู้สึก 50 แต้ม, จำนวนเลือดสูงสุด 660 แต้ม เป็นเวลา 30 นาที 
5023	Civilization Of World Lv.2	ประเภท Fruit Wine		เมื่อดื่มสามารถเพิ่มปัญญา 50 แต้ม, เลือดสูงสุด 660 แต้ม เป็นเวลา 30 นาที
5024	Attention Rum Lv.2	ประเภท Special Wine		เมื่อดื่มสามารถเพิ่มอัตราแม่นยำ 6%, จำนวนเลือดสูงสุด 660 แต้ม เป็นเวลา 30 นาที 
5025	Swallow Nest Rum Lv.2	ประเภท Special Wine		เมื่อดื่มสามารถเพิ่มอัตราหลบหลีก 6%, จำนวนเลือดสูงสุด 660 แต้ม เป็นเวลา 30 นาที 
5026	Mad Rum Lv.2	ประเภท Special Wine		เมื่อดื่มสามารถเพิ่มอัตราคริติคอล 8%, จำนวนเลือดสูงสุด 660 แต้ม เป็นเวลา 30 นาที 
5027	Devil Rum Lv.2	ประเภท Special Wine		เมื่อดื่มสามารถเพิ่มอัตราต้านคริติคอล8%, เลือดสูงสุด 660 แต้ม เป็นเวลา 30 นาที
5028	Pearl Fragrance Lv.2	ประเภท Special Wine		เมื่อดื่มสามารถเพิ่มลดความเสียหายกายภาพ 84 แต้ม เป็นเวลา 30 นาที เหล้าประเภทเดียวกันจะมีผลเพียง 1 ขวดเท่านั้น ไม่ว่าผลจะเยอะหรือน้อย เมื่อใช้ซ้ำจะถูกแทนทันที
5029	Grass Fragrance Lv.2	ประเภท Special Wine		เมื่อดื่มสามารถเพิ่มลดความเสียหายเวทย์ 84 แต้ม เป็นเวลา 30 นาที เหล้าประเภทเดียวกันจะมีผลเพียง 1 ขวดเท่านั้น ไม่ว่าผลจะเยอะหรือน้อย เมื่อใช้ซ้ำจะถูกแทนทันที
5030	Viciously Of wind Lv.2	ประเภทMixed Wine		เมื่อดื่มสามารถเพิ่มพลัง 20 แต้ม, โจมตีหนักกายภาพ 84 แต้ม, เลือดสูงสุด 3035 แต้ม เป็นเวลา 30 นาที เหล้าประเภทเดียวกันจะมีผลเพียง 1 ขวดเท่านั้น ไม่ว่าผลจะเยอะหรือน้อย เมื่อใช้ซ้ำจะถูกแทนทันที
5031	Protect City Hero Lv.2	ประเภทMixed Wine		เมื่อดื่มสามารถเพิ่มกาย 20 แต้ม, ป้องกันกายภาพ 1855 แต้ม, เลือดสูงสุด 3035 แต้ม เป็นเวลา 30 นาที เหล้าประเภทเดียวกันจะมีผลเพียง 1 ขวดเท่านั้น ไม่ว่าผลจะเยอะหรือน้อย เมื่อใช้ซ้ำจะถูกแทนทันที
5032	Lv2Soul Heart  Guard	ประเภทMixed Wine		เมื่อดื่มสามารถเพิ่มกาย 20 แต้ม, ป้องกันเวทย์ 1855 แต้ม, เลือดสูงสุด 3035 แต้ม เป็นเวลา 30 นาที เหล้าประเภทเดียวกันจะมีผลเพียง 1 ขวดเท่านั้น ไม่ว่าผลจะเยอะหรือน้อย เมื่อใช้ซ้ำจะถูกแทนทันที
5033	Curvet Of Horn Lv.2	ประเภทMixed Wine		เมื่อดื่มสามารถเพิ่มว่องไว 20 แต้ม, ลดความเสียหายกายภาพ 84 แต้ม, เลือดสูงสุด 3035 แต้ม เป็นเวลา 30 นาที เหล้าประเภทเดียวกันจะมีผลเพียง 1 ขวดเท่านั้น ไม่ว่าผลจะเยอะหรือน้อย เมื่อใช้ซ้ำจะถูกแทนทันที
5034	Phantom Barrier Lv.2	ประเภทMixed Wine		เมื่อดื่มสามารถเพิ่มรู้สึก 20 แต้ม, ลดความเสียหายเวทย์ 84 แต้ม, เลือดสูงสุด 3035 แต้ม เป็นเวลา 30 นาที เหล้าประเภทเดียวกันจะมีผลเพียง 1 ขวดเท่านั้น ไม่ว่าผลจะเยอะหรือน้อย เมื่อใช้ซ้ำจะถูกแทนทันที
5035	Civilization Of Light Lv.2	ประเภทMixed Wine		เมื่อดื่มสามารถเพิ่มปัญญา 20 แต้ม, โจมตีหนักเวทย์ 84 แต้ม, เลือดสูงสุด 3035 แต้ม เป็นเวลา 30 นาที เหล้าประเภทเดียวกันจะมีผลเพียง 1 ขวดเท่านั้น ไม่ว่าผลจะเยอะหรือน้อย เมื่อใช้ซ้ำจะถูกแทนทันที
5036	Poseidon Protect Lv.1	Secret Recipe Liquor		เมื่อดื่มสามารถเพิ่มกาย 50 แต้ม, จำนวนเลือดสูงสุด 2476 แต้ม เป็นเวลา 30 นาที เหล้าประเภทเดียวกันจะแสดงผลแค่อย่างเดียวเท่านั้น
5037	Viciously Of wind Lv.3	ประเภท Fruit Wine		เมื่อดื่ม สามารถเพิ่มพลัง 80 แต้ม, จำนวนเลือดสูงสุด 1058 แต้ม เป็นเวลา 30 นาที 
5038	Protect Of Brave Lv.3	ประเภท Fruit Wine		เมื่อดื่ม สามารถเพิ่มกาย 80 แต้ม, จำนวนเลือดสูงสุด 1058 แต้ม เป็นเวลา 30 นาที 
5039	Curvet Of Horn Lv.3	ประเภท Fruit Wine		เมื่อดื่ม สามารถเพิ่มว่องไว 80 แต้ม, จำนวนเลือดสูงสุด 1058 แต้ม เป็นเวลา 30 นาที 
5040	Soul Of Protect Lv.3	ประเภท Fruit Wine		เมื่อดื่ม สามารถเพิ่มรู้สึก80 แต้ม, จำนวนเลือดสูงสุด 1058 แต้ม เป็นเวลา 30 นาที 
5041	Civilization Of World Lv.3	ประเภท Fruit Wine		เมื่อดื่มสามารถเพิ่มปัญญา 80 แต้ม, เลือดสูงสุด 1058 แต้ม เป็นเวลา 30 นาที
5042	Attention Rum Lv.3	ประเภท Special Wine		เมื่อดื่มสามารถเพิ่มอัตราแม่นยำ 9%, จำนวนเลือดสูงสุด 1058 แต้ม เป็นเวลา 30 นาที 
5043	Swallow Nest Rum Lv.3	ประเภท Special Wine		เมื่อดื่มสามารถเพิ่มอัตราหลบหลีก 9%, จำนวนเลือดสูงสุด 1058 แต้ม เป็นเวลา 30 นาที 
5044	Mad Rum Lv.3	ประเภท Special Wine		เมื่อดื่มสามารถเพิ่มอัตราคริติคอล 12%, จำนวนเลือดสูงสุด 1058 แต้ม เป็นเวลา 30 นาที 
5045	Devil Rum Lv.3	ประเภท Special Wine		เมื่อดื่มสามารถเพิ่มอัตราต้านคริติคอล12%, เลือดสูงสุด 1058 แต้ม เป็นเวลา 30 นาที
5046	Pearl Fragrance Lv.3	ประเภท Special Wine		เมื่อดื่มสามารถเพิ่มลดความเสียหายกายภาพ 128 แต้ม เป็นเวลา 30 นาที เหล้าประเภทเดียวกันจะมีผลเพียง 1 ขวดเท่านั้น ไม่ว่าผลจะเยอะหรือน้อย เมื่อใช้ซ้ำจะถูกแทนทันที
5047	Grass Fragrance Lv.3	ประเภท Special Wine		เมื่อดื่มสามารถเพิ่มลดความเสียหายเวทย์ 128 แต้ม เป็นเวลา 30 นาที เหล้าประเภทเดียวกันจะมีผลเพียง 1 ขวดเท่านั้น ไม่ว่าผลจะเยอะหรือน้อย เมื่อใช้ซ้ำจะถูกแทนทันที
5048	Viciously Of wind Lv.3	ประเภทMixed Wine		เมื่อดื่มสามารถเพิ่มพลัง 30 แต้ม, โจมตีหนักกายภาพ 128 แต้ม, เลือดสูงสุด 4596 แต้ม เป็นเวลา 30 นาที เหล้าประเภทเดียวกันจะมีผลเพียง 1 ขวดเท่านั้น ไม่ว่าผลจะเยอะหรือน้อย เมื่อใช้ซ้ำจะถูกแทนทันที
5049	Protect City Hero Lv.3	ประเภทMixed Wine		เมื่อดื่มสามารถเพิ่มกาย 30 แต้ม, ป้องกันกายภาพ 2809 แต้ม, เลือดสูงสุด 4596 แต้ม เป็นเวลา 30 นาที เหล้าประเภทเดียวกันจะมีผลเพียง 1 ขวดเท่านั้น ไม่ว่าผลจะเยอะหรือน้อย เมื่อใช้ซ้ำจะถูกแทนทันที
5050	Soul Heart  Guard Lv.3	ประเภทMixed Wine		เมื่อดื่มสามารถเพิ่มกาย 30 แต้ม, ป้องกันเวทย์ 2809 แต้ม, เลือดสูงสุด 4596 แต้ม เป็นเวลา 30 นาที เหล้าประเภทเดียวกันจะมีผลเพียง 1 ขวดเท่านั้น ไม่ว่าผลจะเยอะหรือน้อย เมื่อใช้ซ้ำจะถูกแทนทันที
5051	Curvet Of Horn Lv.3	ประเภทMixed Wine		เมื่อดื่มสามารถเพิ่มว่องไว 30 แต้ม, ลดความเสียหายกายภาพ 128 แต้ม, เลือดสูงสุด 4596 แต้ม เป็นเวลา 30 นาที เหล้าประเภทเดียวกันจะมีผลเพียง 1 ขวดเท่านั้น ไม่ว่าผลจะเยอะหรือน้อย เมื่อใช้ซ้ำจะถูกแทนทันที
5052	Phantom Barrier Lv.3	ประเภทMixed Wine		เมื่อดื่มสามารถเพิ่มรู้สึก 30 แต้ม, ลดความเสียหายเวทย์ 128 แต้ม, เลือดสูงสุด 4596 แต้ม เป็นเวลา 30 นาที เหล้าประเภทเดียวกันจะมีผลเพียง 1 ขวดเท่านั้น ไม่ว่าผลจะเยอะหรือน้อย เมื่อใช้ซ้ำจะถูกแทนทันที
5053	Civilization Of Light Lv.3	ประเภทMixed Wine		เมื่อดื่มสามารถเพิ่มปัญญา 30 แต้ม, โจมตีหนักเวทย์ 128 แต้ม, เลือดสูงสุด 4596 แต้ม เป็นเวลา 30 นาที เหล้าประเภทเดียวกันจะมีผลเพียง 1 ขวดเท่านั้น ไม่ว่าผลจะเยอะหรือน้อย เมื่อใช้ซ้ำจะถูกแทนทันที
5054	Deep sea Protect Lv.1	Secret Recipe Liquor		เมื่อดื่มสามารถเพิ่มว่องไว 50 แต้ม, จำนวนเลือดสูงสุด 2476 แต้ม เป็นเวลา 30 นาที เหล้าประเภทเดียวกันจะแสดงผลแค่อย่างเดียวเท่านั้น
5055	Viciously Of wind Lv.4	ประเภท Fruit Wine		เมื่อดื่มสามารถเพิ่มพลัง 115 แต้ม, เลือดสูงสุด 1521 แต้ม เป็นเวลา 30 นาที
5056	Protect Of Brave Lv.4	ประเภท Fruit Wine		เมื่อดื่มสามารถเพิ่มกาย 115 แต้ม, เลือดสูงสุด 1521 แต้ม เป็นเวลา 30 นาที
5057	Curvet Of Horn Lv.4	ประเภท Fruit Wine		เมื่อดื่มสามารถเพิ่มว่องไว 115 แต้ม, เลือดสูงสุด 1521 แต้ม เป็นเวลา 30 นาที
5058	Soul Of Protect Lv.4	ประเภท Fruit Wine		เมื่อดื่มสามารถเพิ่มรู้สึก 115 แต้ม, เลือดสูงสุด 1521 แต้ม เป็นเวลา 30 นาที
5059	Civilization Of World Lv.4	ประเภท Fruit Wine		เมื่อดื่มสามารถเพิ่มปัญญา 115 แต้ม, เลือดสูงสุด 1521 แต้ม เป็นเวลา 30 นาที
5060	Attention Rum Lv.4	ประเภท Special Wine		เมื่อดื่มสามารถเพิ่มอัตราแม่นยำ 12%, เลือดสูงสุด 1521 แต้ม เป็นเวลา 30 นาที
5061	Swallow Nest Rum Lv.4	ประเภท Special Wine		เมื่อดื่มสามารถเพิ่มอัตราหลบหลีก 12%, เลือดสูงสุด 1521 แต้ม เป็นเวลา 30 นาที
5062	Mad Rum Lv.4	ประเภท Special Wine		เมื่อดื่มสามารถเพิ่มอัตราคริติคอล 16%, เลือดสูงสุด 1521 แต้ม เป็นเวลา 30 นาที
5063	Devil Rum Lv.4	ประเภท Special Wine		เมื่อดื่มสามารถเพิ่มอัตราต้านคริติคอล16%, เลือดสูงสุด 1521 แต้ม เป็นเวลา 30 นาที
5064	Pearl Fragrance Lv.4	ประเภท Special Wine		เมื่อดื่มสามารถเพิ่มลดความเสียหายกายภาพ 173 แต้ม เป็นเวลา 30 นาที เหล้าประเภทเดียวกันจะมีผลเพียง 1 ขวดเท่านั้น ไม่ว่าผลจะเยอะหรือน้อย เมื่อใช้ซ้ำจะถูกแทนทันที
5065	Grass Fragrance Lv.4	ประเภท Special Wine		เมื่อดื่มสามารถเพิ่มลดความเสียหายเวทย์ 173 แต้ม เป็นเวลา 30 นาที เหล้าประเภทเดียวกันจะมีผลเพียง 1 ขวดเท่านั้น ไม่ว่าผลจะเยอะหรือน้อย เมื่อใช้ซ้ำจะถูกแทนทันที
5066	Viciously Of wind Lv.4	ประเภทMixed Wine		เมื่อดื่มสามารถเพิ่มพลัง 40 แต้ม, โจมตีหนักกายภาพ 173 แต้ม, เลือดสูงสุด 6242 แต้ม เป็นเวลา 30 นาที เหล้าประเภทเดียวกันจะมีผลเพียง 1 ขวดเท่านั้น ไม่ว่าผลจะเยอะหรือน้อย เมื่อใช้ซ้ำจะถูกแทนทันที
5067	Protect City Hero Lv.4	ประเภทMixed Wine		เมื่อดื่มสามารถเพิ่มกาย 40 แต้ม, ป้องกันกายภาพ3815 แต้ม, เลือดสูงสุด 6242 แต้ม เป็นเวลา 30 นาที เหล้าประเภทเดียวกันจะมีผลเพียง 1 ขวดเท่านั้น ไม่ว่าผลจะเยอะหรือน้อย เมื่อใช้ซ้ำจะถูกแทนทันที
5068	Soul Heart  Guard Lv.4	ประเภทMixed Wine		เมื่อดื่มสามารถเพิ่มกาย 40 แต้ม, ป้องกันเวทย์3815 แต้ม, เลือดสูงสุด 6242 แต้ม เป็นเวลา 30 นาที เหล้าประเภทเดียวกันจะมีผลเพียง 1 ขวดเท่านั้น ไม่ว่าผลจะเยอะหรือน้อย เมื่อใช้ซ้ำจะถูกแทนทันที
5069	Curvet Of Horn Lv.4	ประเภทMixed Wine		เมื่อดื่มสามารถเพิ่มว่องไว 40 แต้ม, ลดความเสียหายกายภาพ 173 แต้ม, เลือดสูงสุด 6242 แต้ม เป็นเวลา 30 นาที เหล้าประเภทเดียวกันจะมีผลเพียง 1 ขวดเท่านั้น ไม่ว่าผลจะเยอะหรือน้อย เมื่อใช้ซ้ำจะถูกแทนทันที
5070	Phantom Barrier Lv.4	ประเภทMixed Wine		เมื่อดื่มสามารถเพิ่มรู้สึก 40 แต้ม, ลดความเสียหายเวทย์ 173 แต้ม, เลือดสูงสุด 6242 แต้ม เป็นเวลา 30 นาที เหล้าประเภทเดียวกันจะมีผลเพียง 1 ขวดเท่านั้น ไม่ว่าผลจะเยอะหรือน้อย เมื่อใช้ซ้ำจะถูกแทนทันที
5071	Civilization Of Light Lv.4	ประเภทMixed Wine		เมื่อดื่มสามารถเพิ่มปัญญา 40 แต้ม, โจมตีหนักเวทย์ 173 แต้ม, เลือดสูงสุด 6242 แต้ม เป็นเวลา 30 นาที เหล้าประเภทเดียวกันจะมีผลเพียง 1 ขวดเท่านั้น ไม่ว่าผลจะเยอะหรือน้อย เมื่อใช้ซ้ำจะถูกแทนทันที
5072	Purgatory Protect Lv.1	Secret Recipe Liquor		เมื่อดื่มสามารถเพิ่มรู้สึก 50 แต้ม, จำนวนเลือดสูงสุด 2476 แต้ม เป็นเวลา 30 นาที เหล้าประเภทเดียวกันจะแสดงผลแค่อย่างเดียวเท่านั้น
5073	Viciously Of wind Lv.5	ประเภท Fruit Wine		เมื่อดื่ม สามารถเพิ่มพลัง 151 แต้ม, จำนวนเลือดสูงสุด 2000 แต้ม เป็นเวลา 30 นาที 
5074	Protect Of Brave Lv.5	ประเภท Fruit Wine		เมื่อดื่ม สามารถเพิ่มกาย 151 แต้ม, จำนวนเลือดสูงสุด 2000 แต้ม เป็นเวลา 30 นาที 
5075	Curvet Of Horn Lv.5	ประเภท Fruit Wine		เมื่อดื่ม สามารถเพิ่มว่องไว 151 แต้ม, จำนวนเลือดสูงสุด 2000 แต้ม เป็นเวลา 30 นาที 
5076	Soul Of Protect Lv.5	ประเภท Fruit Wine		เมื่อดื่ม สามารถเพิ่มรู้สึก151 แต้ม, จำนวนเลือดสูงสุด 2000 แต้ม เป็นเวลา 30 นาที 
5077	Civilization Of World Lv.5	ประเภท Fruit Wine		เมื่อดื่มสามารถเพิ่มปัญญา 151 แต้ม, เลือดสูงสุด 2000 แต้ม เป็นเวลา 30 นาที
5078	Lv5Attention Rum	ประเภท Special Wine		เมื่อดื่มสามารถเพิ่มอัตราแม่นยำ 15%, จำนวนเลือดสูงสุด 2000 แต้ม เป็นเวลา 30 นาที 
5079	Swallow Nest Rum Lv.5	ประเภท Special Wine		เมื่อดื่มสามารถเพิ่มอัตราหลบหลีก 15%, จำนวนเลือดสูงสุด 2000 แต้ม เป็นเวลา 30 นาที 
5080	Mad Rum Lv.5	ประเภท Special Wine		เมื่อดื่มสามารถเพิ่มอัตราคริติคอล 20%, จำนวนเลือดสูงสุด 2000 แต้ม เป็นเวลา 30 นาที 
5081	Devil Rum Lv.5	ประเภท Special Wine		เมื่อดื่มสามารถเพิ่มอัตราต้านคริติคอล20%, เลือดสูงสุด 2000 แต้ม เป็นเวลา 30 นาที
5082	Pearl Fragrance Lv.5	ประเภท Special Wine		เมื่อดื่มสามารถเพิ่มลดความเสียหายกายภาพ 215 แต้ม เป็นเวลา 30 นาที เหล้าประเภทเดียวกันจะมีผลเพียง 1 ขวดเท่านั้น ไม่ว่าผลจะเยอะหรือน้อย เมื่อใช้ซ้ำจะถูกแทนทันที
5083	Grass Fragrance Lv.5	ประเภท Special Wine		เมื่อดื่มสามารถเพิ่มลดความเสียหายเวทย์ 215 แต้ม เป็นเวลา 30 นาที เหล้าประเภทเดียวกันจะมีผลเพียง 1 ขวดเท่านั้น ไม่ว่าผลจะเยอะหรือน้อย เมื่อใช้ซ้ำจะถูกแทนทันที
5084	Viciously Of wind Lv.5	ประเภท Mixed Wine		เมื่อดื่มสามารถเพิ่มพลัง 50 แต้ม, โจมตีหนักกายภาพ 215 แต้ม, เลือดสูงสุด 7740 แต้ม เป็นเวลา 30 นาที เหล้าประเภทเดียวกันจะมีผลเพียง 1 ขวดเท่านั้น ไม่ว่าผลจะเยอะหรือน้อย เมื่อใช้ซ้ำจะถูกแทนทันที
5085	Protect City Hero Lv.5	ประเภท Mixed Wine		เมื่อดื่มสามารถเพิ่มกาย 50 แต้ม, ป้องกันกายภาพ 4730 แต้ม, เลือดสูงสุด 7740 แต้ม เป็นเวลา 30 นาที เหล้าประเภทเดียวกันจะมีผลเพียง 1 ขวดเท่านั้น ไม่ว่าผลจะเยอะหรือน้อย เมื่อใช้ซ้ำจะถูกแทนทันที
5086	Lv5Soul Heart  Guard	ประเภท Mixed Wine		เมื่อดื่มสามารถเพิ่มกาย 50 แต้ม, ป้องกันเวทย์ 4730 แต้ม, เลือดสูงสุด 7740 แต้ม เป็นเวลา 30 นาที เหล้าประเภทเดียวกันจะมีผลเพียง 1 ขวดเท่านั้น ไม่ว่าผลจะเยอะหรือน้อย เมื่อใช้ซ้ำจะถูกแทนทันที
5087	Curvet Of Horn Lv.5	ประเภท Mixed Wine		เมื่อดื่มสามารถเพิ่มว่องไว 50 แต้ม, ลดความเสียหายกายภาพ 215 แต้ม, เลือดสูงสุด 7740 แต้ม เป็นเวลา 30 นาที เหล้าประเภทเดียวกันจะมีผลเพียง 1 ขวดเท่านั้น ไม่ว่าผลจะเยอะหรือน้อย เมื่อใช้ซ้ำจะถูกแทนทันที
5088	Phantom Barrier Lv.5	ประเภท Mixed Wine		เมื่อดื่มสามารถเพิ่มรู้สึก 50 แต้ม, ลดความเสียหายเวทย์ 215 แต้ม, เลือดสูงสุด 7740 แต้ม เป็นเวลา 30 นาที เหล้าประเภทเดียวกันจะมีผลเพียง 1 ขวดเท่านั้น ไม่ว่าผลจะเยอะหรือน้อย เมื่อใช้ซ้ำจะถูกแทนทันที
5089	Civilization Of Light Lv.5	ประเภท Mixed Wine		เมื่อดื่มสามารถเพิ่มปัญญา 50 แต้ม, โจมตีหนักเวทย์ 215 แต้ม, เลือดสูงสุด 7740 แต้ม เป็นเวลา 30 นาที เหล้าประเภทเดียวกันจะมีผลเพียง 1 ขวดเท่านั้น ไม่ว่าผลจะเยอะหรือน้อย เมื่อใช้ซ้ำจะถูกแทนทันที
5090	Sky Protect Lv.1	Secret Recipe Liquor		เมื่อดื่มสามารถเพิ่มปัญญา 50 แต้ม, จำนวนเลือดสูงสุด 2476 แต้ม เป็นเวลา 30 นาที เหล้าประเภทเดียวกันจะแสดงผลแค่อย่างเดียวเท่านั้น
5091	Event Brew Lv.1	Secret Recipe Liquor		เมื่อดื่มสามารถเพิ่มสเตตัสทั้งหมด 3 แต้ม เป็นเวลา 20 นาที เหล้าประเภทเดียวกันจะมีผลเพียง 1 ขวดเท่านั้น ไม่ว่าผลจะเยอะหรือน้อย เมื่อใช้ซ้ำจะถูกแทนทันที
5092	Event Brew Lv.2	Secret Recipe Liquor		เมื่อดื่มสามารถเพิ่มสเตตัสทั้งหมด 6 แต้ม เป็นเวลา 20 นาที เหล้าประเภทเดียวกันจะมีผลเพียง 1 ขวดเท่านั้น ไม่ว่าผลจะเยอะหรือน้อย เมื่อใช้ซ้ำจะถูกแทนทันที
5093	Event Brew Lv.3	Secret Recipe Liquor		เมื่อดื่มสามารถเพิ่มสเตตัสทั้งหมด 8 แต้ม เป็นเวลา 20 นาที เหล้าประเภทเดียวกันจะมีผลเพียง 1 ขวดเท่านั้น ไม่ว่าผลจะเยอะหรือน้อย เมื่อใช้ซ้ำจะถูกแทนทันที
5094	Event Brew Lv.4	Secret Recipe Liquor		เมื่อดื่มสามารถเพิ่มสเตตัสทั้งหมด 12 แต้ม เป็นเวลา 20 นาที เหล้าประเภทเดียวกันจะมีผลเพียง 1 ขวดเท่านั้น ไม่ว่าผลจะเยอะหรือน้อย เมื่อใช้ซ้ำจะถูกแทนทันที
5095	Event Brew Lv.5	Secret Recipe Liquor		เมื่อดื่มสามารถเพิ่มสเตตัสทั้งหมด 15 แต้ม เป็นเวลา 20 นาที เหล้าประเภทเดียวกันจะมีผลเพียง 1 ขวดเท่านั้น ไม่ว่าผลจะเยอะหรือน้อย เมื่อใช้ซ้ำจะถูกแทนทันที
5096	Event Brew Lv.6	Secret Recipe Liquor		เมื่อดื่มสามารถเพิ่มสเตตัสทั้งหมด 18 แต้ม เป็นเวลา 20 นาที เหล้าประเภทเดียวกันจะมีผลเพียง 1 ขวดเท่านั้น ไม่ว่าผลจะเยอะหรือน้อย เมื่อใช้ซ้ำจะถูกแทนทันที
5097	Event Brew Lv.7	Secret Recipe Liquor		เมื่อดื่มสามารถเพิ่มสเตตัสทั้งหมด 21 แต้ม เป็นเวลา 20 นาที เหล้าประเภทเดียวกันจะมีผลเพียง 1 ขวดเท่านั้น ไม่ว่าผลจะเยอะหรือน้อย เมื่อใช้ซ้ำจะถูกแทนทันที
5098	Event Brew Lv.8	Secret Recipe Liquor		เมื่อดื่มสามารถเพิ่มสเตตัสทั้งหมด 26 แต้ม เป็นเวลา 20 นาที เหล้าประเภทเดียวกันจะมีผลเพียง 1 ขวดเท่านั้น ไม่ว่าผลจะเยอะหรือน้อย เมื่อใช้ซ้ำจะถูกแทนทันที
5099	Event Brew Lv.9	Secret Recipe Liquor		เมื่อดื่มสามารถเพิ่มสเตตัสทั้งหมด 30 แต้ม เป็นเวลา 20 นาที เหล้าประเภทเดียวกันจะมีผลเพียง 1 ขวดเท่านั้น ไม่ว่าผลจะเยอะหรือน้อย เมื่อใช้ซ้ำจะถูกแทนทันที
5100	Event Brew Lv.10	Secret Recipe Liquor		เมื่อดื่มสามารถเพิ่มสเตตัสทั้งหมด 33 แต้ม เป็นเวลา 20 นาที เหล้าประเภทเดียวกันจะมีผลเพียง 1 ขวดเท่านั้น ไม่ว่าผลจะเยอะหรือน้อย เมื่อใช้ซ้ำจะถูกแทนทันที
5101	Primary Potion Lv.1			เมื่อดื่มสามารถเพิ่มอัตราคริติคอล 3%, เป็นเวลา 20 นาที, เหล้าประเภทเดียวกันจะมีผลเพียง 1 ขวดเท่านั้น ไม่ว่าผลจะเยอะหรือน้อย เมื่อใช้ซ้ำจะถูกแทนทันที
5102	Primary Potion Lv.2			เมื่อดื่มสามารถเพิ่มอัตราคริติคอล 6%, เป็นเวลา 20 นาที, เหล้าประเภทเดียวกันจะมีผลเพียง 1 ขวดเท่านั้น ไม่ว่าผลจะเยอะหรือน้อย เมื่อใช้ซ้ำจะถูกแทนทันที
5103	Primary Potion Lv.3			เมื่อดื่มสามารถเพิ่มอัตราคริติคอล 9%, เป็นเวลา 20 นาที, เหล้าประเภทเดียวกันจะมีผลเพียง 1 ขวดเท่านั้น ไม่ว่าผลจะเยอะหรือน้อย เมื่อใช้ซ้ำจะถูกแทนทันที
5104	Chaotic Potion Lv.1			เมื่อดื่มสามารถเพิ่มอัตราสังหาร 0.3, เป็นเวลา 20 นาที, เหล้าประเภทเดียวกันจะมีผลเพียง 1 ขวดเท่านั้น ไม่ว่าผลจะเยอะหรือน้อย เมื่อใช้ซ้ำจะถูกแทนทันที
5105	Chaotic Potion Lv.2			เมื่อดื่มสามารถเพิ่มอัตราสังหาร 0.6,เป็นเวลา 20 นาที, เหล้าประเภทเดียวกันจะมีผลเพียง 1 ขวดเท่านั้น ไม่ว่าผลจะเยอะหรือน้อย เมื่อใช้ซ้ำจะถูกแทนทันที
5106	Chaotic Potion Lv.3			เมื่อดื่มสามารถเพิ่มอัตราสังหาร 0.9,เป็นเวลา 20 นาที, เหล้าประเภทเดียวกันจะมีผลเพียง 1 ขวดเท่านั้น ไม่ว่าผลจะเยอะหรือน้อย เมื่อใช้ซ้ำจะถูกแทนทันที
5107	Sky Mirror Potion Lv.1			เมื่อดื่มสามารถเพิ่มอัตราแม่นยำ 3%,เป็นเวลา 20 นาที, เหล้าประเภทเดียวกันจะมีผลเพียง 1 ขวดเท่านั้น ไม่ว่าผลจะเยอะหรือน้อย เมื่อใช้ซ้ำจะถูกแทนทันที
5108	Sky Mirror Potion Lv.2			เมื่อดื่มสามารถเพิ่มอัตราแม่นยำ 6%,เป็นเวลา 20 นาที, เหล้าประเภทเดียวกันจะมีผลเพียง 1 ขวดเท่านั้น ไม่ว่าผลจะเยอะหรือน้อย เมื่อใช้ซ้ำจะถูกแทนทันที
5109	Sky Mirror Potion Lv.3			เมื่อดื่มสามารถเพิ่มอัตราแม่นยำ 9%,เป็นเวลา 20 นาที, เหล้าประเภทเดียวกันจะมีผลเพียง 1 ขวดเท่านั้น ไม่ว่าผลจะเยอะหรือน้อย เมื่อใช้ซ้ำจะถูกแทนทันที
5110	Adroit Potion Lv.1			เมื่อดื่มสามารถเพิ่มอัตราหลบหลีก 3%,เป็นเวลา 20 นาที, เหล้าประเภทเดียวกันจะมีผลเพียง 1 ขวดเท่านั้น ไม่ว่าผลจะเยอะหรือน้อย เมื่อใช้ซ้ำจะถูกแทนทันที
5111	Adroit Potion Lv.2			เมื่อดื่มสามารถเพิ่มอัตราหลบหลีก 6%,เป็นเวลา 20 นาที, เหล้าประเภทเดียวกันจะมีผลเพียง 1 ขวดเท่านั้น ไม่ว่าผลจะเยอะหรือน้อย เมื่อใช้ซ้ำจะถูกแทนทันที
5112	Adroit Potion Lv.3			เมื่อดื่มสามารถเพิ่มอัตราหลบหลีก 9%,เป็นเวลา 20 นาที, เหล้าประเภทเดียวกันจะมีผลเพียง 1 ขวดเท่านั้น ไม่ว่าผลจะเยอะหรือน้อย เมื่อใช้ซ้ำจะถูกแทนทันที
5113	Pumpkin Wine	เหล้าเทศกาล		เมื่อดื่มสามารถเพิ่มสเตตัสทั้งหมด 5 แต้ม เป็นเวลา 20 นาที เหล้าประเภทเดียวกันจะมีผลเพียง 1 ขวดเท่านั้น ไม่ว่าผลจะเยอะหรือน้อย เมื่อใช้ซ้ำจะถูกแทนทันที
5114	Christmas Wine	เหล้าเทศกาล		เมื่อดื่มสามารถเพิ่มสเตตัสทั้งหมด 10 แต้ม เป็นเวลา 20 นาที เหล้าประเภทเดียวกันจะมีผลเพียง 1 ขวดเท่านั้น ไม่ว่าผลจะเยอะหรือน้อย เมื่อใช้ซ้ำจะถูกแทนทันที
5151	Forest Protect LV.2	เหล้าสูตรพิเศษ		ดื่มแล้วเพิ่มค่าพลัง 82 แต้ม, ค่าเลือดสูงสุด 4061 แต้ม, เป็นเวลา 30 นาที ประสิทธิผลของเหล้าจะคงอยู่เพียง 1 อย่างเท่านั้น
5152	Poseidon Protect LV.2	เหล้าสูตรพิเศษ		ดื่มแล้วเพิ่มค่ากาย 82 แต้ม, ค่าเลือดสูงสุด 4061 แต้ม, เป็นเวลา 30 นาที ประสิทธิผลของเหล้าจะคงอยู่เพียง 1 อย่างเท่านั้น
5153	Deep sea Protect LV.2	เหล้าสูตรพิเศษ		ดื่มแล้วเพิ่มค่าว่องไว 82 แต้ม, ค่าเลือดสูงสุด 4061 แต้ม, เป็นเวลา 30 นาที ประสิทธิผลของเหล้าจะคงอยู่เพียง 1 อย่างเท่านั้น
5154	Purgatory Protect LV.2	เหล้าสูตรพิเศษ		ดื่มแล้วเพิ่มค่ารู้สึก 82 แต้ม, ค่าเลือดสูงสุด 4061 แต้ม, เป็นเวลา 30 นาที ประสิทธิผลของเหล้าจะคงอยู่เพียง 1 อย่างเท่านั้น
5155	Sky Protect LV.2	เหล้าสูตรพิเศษ		ดื่มแล้วเพิ่มค่าปัญญา 82 แต้ม, ค่าเลือดสูงสุด 4061 แต้ม, เป็นเวลา 30 นาที ประสิทธิผลของเหล้าจะคงอยู่เพียง 1 อย่างเท่านั้น
5156	Forest Protect Lv.3	สูตรลับเหล้า		ดื่มแล้วเพิ่มค่าพลัง 122 แต้ม, ค่าเลือดสูงสุด 6043 แต้ม, เป็นเวลา 30 นาที ประสิทธิผลของเหล้าจะคงอยู่เพียง 1 อย่างเท่านั้น
5157	Poseidon Protect Lv.3	สูตรลับเหล้า		ดื่มแล้วเพิ่มค่ากาย 122 แต้ม, ค่าเลือดสูงสุด 6043 แต้ม, เป็นเวลา 30 นาที ประสิทธิผลของเหล้าจะคงอยู่เพียง 1 อย่างเท่านั้น
5158	Deep sea Protect Lv.3	สูตรลับเหล้า		ดื่มแล้วเพิ่มค่าว่องไว 122 แต้ม, ค่าเลือดสูงสุด 6043 แต้ม, เป็นเวลา 30 นาที ประสิทธิผลของเหล้าจะคงอยู่เพียง 1 อย่างเท่านั้น
5159	Purgatory Protect Lv.3	สูตรลับเหล้า		ดื่มแล้วเพิ่มค่ารู้สึก 122 แต้ม, ค่าเลือดสูงสุด 6043 แต้ม, เป็นเวลา 30 นาที ประสิทธิผลของเหล้าจะคงอยู่เพียง 1 อย่างเท่านั้น
5160	Sky Protect Lv.3	สูตรลับเหล้า		ดื่มแล้วเพิ่มค่าปัญญา 122 แต้ม, ค่าเลือดสูงสุด 6043 แต้ม, เป็นเวลา 30 นาที ประสิทธิผลของเหล้าจะคงอยู่เพียง 1 อย่างเท่านั้น
5161	Forest Protect Lv.4	สูตรลับเหล้า		ดื่มแล้วเพิ่มค่าพลัง 170 แต้ม, ค่าเลือดสูงสุด 8420 แต้ม, เป็นเวลา 30 นาที ประสิทธิผลของเหล้าจะคงอยู่เพียง 1 อย่างเท่านั้น
5162	Poseidon Protect Lv.4	สูตรลับเหล้า		ดื่มแล้วเพิ่มค่ากาย 170 แต้ม, ค่าเลือดสูงสุด 8420 แต้ม, เป็นเวลา 30 นาที ประสิทธิผลของเหล้าจะคงอยู่เพียง 1 อย่างเท่านั้น
5163	Deep sea Protect Lv.4	สูตรลับเหล้า		ดื่มแล้วเพิ่มค่าว่องไว 170 แต้ม, ค่าเลือดสูงสุด 8420 แต้ม, เป็นเวลา 30 นาที ประสิทธิผลของเหล้าจะคงอยู่เพียง 1 อย่างเท่านั้น
5164	Purgatory Protect Lv.4	สูตรลับเหล้า		ดื่มแล้วเพิ่มค่ารู้สึก 170 แต้ม, ค่าเลือดสูงสุด 8420 แต้ม, เป็นเวลา 30 นาที ประสิทธิผลของเหล้าจะคงอยู่เพียง 1 อย่างเท่านั้น
5165	Sky Protect Lv.4	สูตรลับเหล้า		ดื่มแล้วเพิ่มค่าปัญญา 170 แต้ม, ค่าเลือดสูงสุด 8420 แต้ม, เป็นเวลา 30 นาที ประสิทธิผลของเหล้าจะคงอยู่เพียง 1 อย่างเท่านั้น
5166	Forest Protect Lv.5	สูตรลับเหล้า		ดื่มแล้วเพิ่มค่าพลัง 226 แต้ม, ค่าเลือดสูงสุด 11194 แต้ม, เป็นเวลา 30 นาที ประสิทธิผลของเหล้าจะคงอยู่เพียง 1 อย่างเท่านั้น
5167	Poseidon Protect Lv.5	สูตรลับเหล้า		ดื่มแล้วเพิ่มค่ากาย 226 แต้ม, ค่าเลือดสูงสุด 11194 แต้ม, เป็นเวลา 30 นาที ประสิทธิผลของเหล้าจะคงอยู่เพียง 1 อย่างเท่านั้น
5168	Deep sea Protect Lv.5	สูตรลับเหล้า		ดื่มแล้วเพิ่มค่าว่องไว 226 แต้ม, ค่าเลือดสูงสุด 11194 แต้ม, เป็นเวลา 30 นาที ประสิทธิผลของเหล้าจะคงอยู่เพียง 1 อย่างเท่านั้น
5169	Purgatory Protect Lv.5	สูตรลับเหล้า		ดื่มแล้วเพิ่มค่ารู้สึก 226 แต้ม, ค่าเลือดสูงสุด 11194 แต้ม, เป็นเวลา 30 นาที ประสิทธิผลของเหล้าจะคงอยู่เพียง 1 อย่างเท่านั้น
5170	Sky Protect Lv.5	สูตรลับเหล้า		ดื่มแล้วเพิ่มค่าปัญญา 226 แต้ม, ค่าเลือดสูงสุด 11194 แต้ม, เป็นเวลา 30 นาที ประสิทธิผลของเหล้าจะคงอยู่เพียง 1 อย่างเท่านั้น
5501	Fruity Clear Formula Lv.1			เมื่ออ่านสามารถเรียนสูตรหมัก [Fruity Clear Wine Lv.1] ได้
5502	Fruity Yellow Wine Formula Lv.1			เมื่ออ่านสามารถเรียนสูตรหมัก [Fruity Yellow Wine Lv.1] ได้
5503	Grass Red wine Formula Lv.1			เมื่ออ่านสามารถเรียนสูตรหมัก [Grass Red wine Lv.1] ได้
5504	Grass Green Wine Formula Lv.1			เมื่ออ่านสามารถเรียนสูตรหมัก [Grass Green wine Lv.1] ได้
5505	Viciously Of wind Formula Lv.1			เมื่ออ่านสามารถเรียนสูตรหมัก [Viciously Of wind Lv.1] ได้
5506	Protect City Hero Formula Lv.1			เมื่ออ่านสามารถเรียนสูตรหมัก [Protect City Hero Lv.1] ได้
5507	Soul Heart  Guard Formula Lv.1			เมื่ออ่านสามารถเรียนสูตรหมัก [Soul Heart  Guard Lv.1] ได้
5508	Curvet Of Horn Formula Lv.1			เมื่ออ่านสามารถเรียนสูตรหมัก [Curvet Of Horn Lv.1] ได้
5509	Phantom Barrier Formula Lv.1			เมื่ออ่านสามารถเรียนสูตรหมัก [Phantom Barrier Lv.1] ได้
5510	Civilization Of Light Formula Lv.1			เมื่ออ่านสามารถเรียนสูตรหมัก [Civilization Of Light Lv.1] ได้
5512	Viciously Of wind Formula Lv.2			เมื่ออ่านสามารถเรียนสูตรหมัก [Viciously Of wind Lv.2] ได้
5513	Protect Of Brave Formula Lv2			เมื่ออ่านสามารถเรียนสูตรหมัก [Protect Of Brave Lv.2] ได้
5514	Curvet Of Horn Formula Lv.2			เมื่ออ่านสามารถเรียนสูตรหมัก [Curvet Of Horn Lv.2] ได้
5515	Soul Of Protect Formula Lv2			เมื่ออ่านสามารถเรียนสูตรหมัก [Soul Of Protect Lv.2] ได้
5516	Civilization Of World Formula Lv.2			เมื่ออ่านสามารถเรียนสูตรหมัก [Civilization Of World Lv.2] ได้
5517	Attention Rum Formula Lv.2			เมื่ออ่านสามารถเรียนสูตรหมัก [Attention Rum Lv.2] ได้
5518	Swallow Nest Rum Formula Lv.2			เมื่ออ่านสามารถเรียนสูตรหมัก [Swallow Nest Rum Lv.2] ได้
5519	Mad Rum Formula Lv.2			เมื่ออ่านสามารถเรียนสูตรหมัก [Mad Rum Lv.2] ได้
5520	Devil Rum Formula Lv.2			เมื่ออ่านสามารถเรียนสูตรหมัก [Devil Rum Lv.2] ได้
5521	Civilization Of Light Formula Lv.2			เมื่ออ่านสามารถเรียนสูตรหมัก [Civilization Of Light Lv.2] ได้
5523	Viciously Of wind Formula Lv.3			เมื่ออ่านสามารถเรียนสูตรหมัก [Viciously Of wind Lv.3] ได้
5524	Protect Of Brave Formula Lv.3			เมื่ออ่านสามารถเรียนสูตรหมัก [Protect Of Brave Lv.3] ได้
5525	Curvet Of Horn Formula Lv.3			เมื่ออ่านสามารถเรียนสูตรหมัก [Curvet Of Horn Lv.3] ได้
5526	Soul Of Protect Formula Lv.3			เมื่ออ่านสามารถเรียนสูตรหมัก [Soul Of Protect Lv.3] ได้
5527	Civilization Of World Formula Lv.3			เมื่ออ่านสามารถเรียนสูตรหมัก [Civilization Of World Lv.3] ได้
5528	Attention Rum Formula Lv.3			เมื่ออ่านสามารถเรียนสูตรหมัก [Attention Rum Lv.3] ได้
5529	Swallow Nest Rum Formula Lv.3			เมื่ออ่านสามารถเรียนสูตรหมัก [Swallow Nest Rum Lv.3] ได้
5530	Mad Rum Formula Lv.3			เมื่ออ่านสามารถเรียนสูตรหมัก [Mad Rum Lv.3] ได้
5531	Devil Rum Formula Lv.3			เมื่ออ่านสามารถเรียนสูตรหมัก [Devil Rum Lv.3] ได้
5532	Civilization Of Light Formula Lv.3			เมื่ออ่านสามารถเรียนสูตรหมัก [Civilization Of Light Lv.3] ได้
5534	Viciously Of wind Formula Lv.4			เมื่ออ่านสามารถเรียนสูตรหมัก [Viciously Of wind Lv.4] ได้
5535	Protect Of Brave Formula Lv.4			เมื่ออ่านสามารถเรียนสูตรหมัก [Protect Of Brave Lv.4] ได้
5536	Curvet Of Horn Formula Lv.4			เมื่ออ่านสามารถเรียนสูตรหมัก [Curvet Of Horn Lv.4] ได้
5537	Soul Of Protect Formula Lv.4			เมื่ออ่านสามารถเรียนสูตรหมัก [Soul Of Protect Lv.4] ได้
5538	Civilization Of World Formula Lv.4			เมื่ออ่านสามารถเรียนสูตรหมัก [Civilization Of World Lv.4] ได้
5539	Attention Rum Formula Lv.4			เมื่ออ่านสามารถเรียนสูตรหมัก [Attention Rum Lv.4] ได้
5540	Swallow Nest Rum Formula Lv.4			เมื่ออ่านสามารถเรียนสูตรหมัก [Swallow Nest Rum Lv.4] ได้
5541	Mad Rum Formula Lv.4			เมื่ออ่านสามารถเรียนสูตรหมัก [Mad Rum Lv.4] ได้
5542	Devil Rum Formula Lv.4			เมื่ออ่านสามารถเรียนสูตรหมัก [Devil Rum Lv.4] ได้
5543	Civilization Of Light Formula Lv.4			เมื่ออ่านสามารถเรียนสูตรหมัก [Civilization Of Light Lv.4] ได้
5545	Viciously Of wind Formula Lv.5			เมื่ออ่านสามารถเรียนสูตรหมัก [Viciously Of wind Lv.5] ได้
5546	Protect Of Brave Formula Lv5			เมื่ออ่านสามารถเรียนสูตรหมัก [Protect Of Brave Lv.5] ได้
5547	Curvet Of Horn Formula Lv.5			เมื่ออ่านสามารถเรียนสูตรหมัก [Curvet Of Horn Lv.5] ได้
5548	Soul Of Protect Formula Lv5			เมื่ออ่านสามารถเรียนสูตรหมัก [Soul Of Protect Lv.5] ได้
5549	Civilization Of World Formula Lv.5			เมื่ออ่านสามารถเรียนสูตรหมัก [Civilization Of World Lv.5] ได้
5550	Attention Rum Formula Lv.5			เมื่ออ่านสามารถเรียนสูตรหมัก [Lv5Attention Rum] ได้
5551	Swallow Nest Rum Formula Lv.5			เมื่ออ่านสามารถเรียนสูตรหมัก [Swallow Nest Rum Lv.5] ได้
5552	Mad Rum Formula Lv.5			เมื่ออ่านสามารถเรียนสูตรหมัก [Mad Rum Lv.5] ได้
5553	Devil Rum Formula Lv.5			เมื่ออ่านสามารถเรียนสูตรหมัก [Devil Rum Lv.5] ได้
5554	Civilization Of Light Formula Lv.5			เมื่ออ่านสามารถเรียนสูตรหมัก [Civilization Of Light Lv.5] ได้
5556	Vintage Formula Pack Lv.1			เมื่อเปิดจะได้รับ Formula Lv.1 1 ใบ
5557	Vintage Formula Pack Lv.2			เมื่อเปิดจะได้รับ Formula Lv.2 1 ใบ
5558	Vintage Formula Pack Lv.3			เมื่อเปิดจะได้รับ Formula Lv.3 1 ใบ
5559	Vintage Formula Pack Lv.4			เมื่อเปิดจะได้รับ Formula Lv.4 1 ใบ
5560	Vintage Formula Pack Lv.5			เมื่อเปิดจะได้รับ Formula Lv.5 1 ใบ
6951	Glitter Red Crystal	ส่วนบำรุงผลึกอาวุธ ลากไปที่ช่องผลึกสีแดงใน Melt Crystal Plate สามารถบำรุงผลึกได้(ระดับแสงในผลึกคือจำนวนครั้งที่สามารถฝังประดับได้)		
6952	Glitter Blue Crystal	ส่วนบำรุงผลึกอาวุธ ลากไปที่ช่องผลึกสีฟ้าใน Melt Crystal Plate สามารถบำรุงผลึกได้(ระดับแสงในผลึกคือจำนวนครั้งที่สามารถฝังประดับได้)		
6953	Glitter Green Crystal	ส่วนบำรุงผลึกอาวุธ ลากไปที่ช่องผลึกสีเขียวใน Melt Crystal Plate สามารถบำรุงผลึกได้(ระดับแสงในผลึกคือจำนวนครั้งที่สามารถฝังประดับได้)		
6954	Dazzle Red Crystal	ส่วนบำรุงผลึกอาวุธ ลากไปที่ช่องผลึกสีแดงใน Melt Crystal Plate สามารถบำรุงผลึกได้(ระดับแสงในผลึกคือจำนวนครั้งที่สามารถฝังประดับได้)		
6955	Dazzle Blue Crystal	ส่วนบำรุงผลึกอาวุธ ลากไปที่ช่องผลึกสีฟ้าใน Melt Crystal Plate สามารถบำรุงผลึกได้(ระดับแสงในผลึกคือจำนวนครั้งที่สามารถฝังประดับได้)		
6956	Dazzle Green Crystal	ส่วนบำรุงผลึกอาวุธ ลากไปที่ช่องผลึกสีเขียวใน Melt Crystal Plate สามารถบำรุงผลึกได้(ระดับแสงในผลึกคือจำนวนครั้งที่สามารถฝังประดับได้)		
6957	Light Color Red Crystal	ส่วนบำรุงผลึกอาวุธ ลากไปที่ช่องผลึกสีแดงใน Melt Crystal Plate สามารถบำรุงผลึกได้(ระดับแสงในผลึกคือจำนวนครั้งที่สามารถฝังประดับได้)		
6958	Light Color Blue Crystal	ส่วนบำรุงผลึกอาวุธ ลากไปที่ช่องผลึกสีฟ้าใน Melt Crystal Plate สามารถบำรุงผลึกได้(ระดับแสงในผลึกคือจำนวนครั้งที่สามารถฝังประดับได้)		
6959	Light Color Green Crystal	ส่วนบำรุงผลึกอาวุธ ลากไปที่ช่องผลึกสีเขียวใน Melt Crystal Plate สามารถบำรุงผลึกได้(ระดับแสงในผลึกคือจำนวนครั้งที่สามารถฝังประดับได้)		
6966	Light Color Red Crystal	ส่วนบำรุงผลึกอาวุธ ลากไปที่ช่องผลึกสีแดงใน Melt Crystal Plate สามารถบำรุงผลึกได้(ระดับแสงในผลึกคือจำนวนครั้งที่สามารถฝังประดับได้)		
6967	Light Color Blue Crystal	ส่วนบำรุงผลึกอาวุธ ลากไปที่ช่องผลึกสีฟ้าใน Melt Crystal Plate สามารถบำรุงผลึกได้(ระดับแสงในผลึกคือจำนวนครั้งที่สามารถฝังประดับได้)		
6968	Light Color Green Crystal	ส่วนบำรุงผลึกอาวุธ ลากไปที่ช่องผลึกสีเขียวใน Melt Crystal Plate สามารถบำรุงผลึกได้(ระดับแสงในผลึกคือจำนวนครั้งที่สามารถฝังประดับได้)		
6971	Grey Color Red Crystal	ผลึกที่สำคัญในการบำรุงอาวุธ ลากผลึกไปยังช่องสีแดงในถาดหลอม สามารถทำการบำรุงได้ (ระดับแสงของคริสตัล คือจำนวนที่สามารถฝังประดับได้)		
6972	Grey Color Blue Crystal	ผลึกที่สำคัญในการบำรุงเครื่องป้องกัน ลากผลึกไปยังช่องสีฟ้าในถาดหลอม สามารถทำการบำรุงได้ (ระดับแสงของคริสตัล คือจำนวนที่สามารถฝังประดับได้)		
6973	Grey Color Green Crystal	ผลึกที่สำคัญในการบำรุงเครื่องประดับ ลากผลึกไปยังช่องสีเขียวในถาดหลอม สามารถทำการบำรุงได้ (ระดับแสงของคริสตัล คือจำนวนที่สามารถฝังประดับได้)		
6974	Light Color Red Crystal	ผลึกที่สำคัญในการบำรุงอาวุธ ลากผลึกไปยังช่องสีแดงในถาดหลอม สามารถทำการบำรุงได้ (ระดับแสงของคริสตัล คือจำนวนที่สามารถฝังประดับได้)		
6975	Light Color Blue Crystal	ผลึกที่สำคัญในการบำรุงเครื่องป้องกัน ลากผลึกไปยังช่องสีฟ้าในถาดหลอม สามารถทำการบำรุงได้ (ระดับแสงของคริสตัล คือจำนวนที่สามารถฝังประดับได้)		
6976	Light Color Green Crystal	ผลึกที่สำคัญในการบำรุงเครื่องประดับ ลากผลึกไปยังช่องสีเขียวในถาดหลอม สามารถทำการบำรุงได้ (ระดับแสงของคริสตัล คือจำนวนที่สามารถฝังประดับได้)		
6977	Dazzle Red Crystal	ผลึกที่สำคัญในการบำรุงอาวุธ ลากผลึกไปยังช่องสีแดงในถาดหลอม สามารถทำการบำรุงได้ (ระดับแสงของคริสตัล คือจำนวนที่สามารถฝังประดับได้)		
6978	Dazzle Blue Crystal	ผลึกที่สำคัญในการบำรุงเครื่องป้องกัน ลากผลึกไปยังช่องสีฟ้าในถาดหลอม สามารถทำการบำรุงได้ (ระดับแสงของคริสตัล คือจำนวนที่สามารถฝังประดับได้)		
6979	Dazzle Green Crystal	ผลึกที่สำคัญในการบำรุงเครื่องประดับ ลากผลึกไปยังช่องสีเขียวในถาดหลอม สามารถทำการบำรุงได้ (ระดับแสงของคริสตัล คือจำนวนที่สามารถฝังประดับได้)		
6980	Glitter Red Crystal	ผลึกที่สำคัญในการบำรุงอาวุธ ลากผลึกไปยังช่องสีแดงในถาดหลอม สามารถทำการบำรุงได้ (ระดับแสงของคริสตัล คือจำนวนที่สามารถฝังประดับได้)		
6981	Glitter Blue Crystal	ผลึกที่สำคัญในการบำรุงเครื่องป้องกัน ลากผลึกไปยังช่องสีฟ้าในถาดหลอม สามารถทำการบำรุงได้ (ระดับแสงของคริสตัล คือจำนวนที่สามารถฝังประดับได้)		
6982	Glitter Green Crystal	ผลึกที่สำคัญในการบำรุงเครื่องประดับ ลากผลึกไปยังช่องสีเขียวในถาดหลอม สามารถทำการบำรุงได้ (ระดับแสงของคริสตัล คือจำนวนที่สามารถฝังประดับได้)		
6983	Shine Red Crystal	ผลึกที่สำคัญในการบำรุงอาวุธ ลากผลึกไปยังช่องสีแดงในถาดหลอม สามารถทำการบำรุงได้ (ระดับแสงของคริสตัล คือจำนวนที่สามารถฝังประดับได้)		
6984	Shine Blue Crystal	ผลึกที่สำคัญในการบำรุงเครื่องป้องกัน ลากผลึกไปยังช่องสีฟ้าในถาดหลอม สามารถทำการบำรุงได้ (ระดับแสงของคริสตัล คือจำนวนที่สามารถฝังประดับได้)		
6985	Shine Green Crystal	ผลึกที่สำคัญในการบำรุงเครื่องประดับ ลากผลึกไปยังช่องสีเขียวในถาดหลอม สามารถทำการบำรุงได้ (ระดับแสงของคริสตัล คือจำนวนที่สามารถฝังประดับได้)		
7001	Fragment-Sea Phantom			เมื่อใช้จะสุ่มรับหนึ่งในชิ้นส่วน [Sea Phantom] Field Guide 
7002	Fragment-Nelson			เมื่อใช้จะสุ่มรับหนึ่งในชิ้นส่วน [Nelson] Field Guide 
7003	Fragment-Odyssey			เมื่อใช้จะสุ่มรับหนึ่งในชิ้นส่วน [Odyssey] Field Guide 
7004	Fragment-Plato			เมื่อใช้จะสุ่มรับหนึ่งในชิ้นส่วน [Plato] Field Guide 
7005	Fragment-Jason			เมื่อใช้จะสุ่มรับหนึ่งในชิ้นส่วน [Jason] Field Guide 
7006	Fragment-Medea			เมื่อใช้จะสุ่มรับหนึ่งในชิ้นส่วน [Medea] Field Guide 
7007	Fragment-Drake			เมื่อใช้จะสุ่มรับหนึ่งในชิ้นส่วน [Drake] Field Guide 
7008	Fragment-Siren			เมื่อใช้จะสุ่มรับหนึ่งในชิ้นส่วน [Siren] Field Guide 
7009	Fragment-Rosemary			เมื่อใช้จะสุ่มรับหนึ่งในชิ้นส่วน [Rosemary] Field Guide 
7010	Fragment-Angelina			เมื่อใช้จะสุ่มรับหนึ่งในชิ้นส่วน [Angelina] Field Guide 
7011	Fragment-Bismarck			เมื่อใช้จะสุ่มรับหนึ่งในชิ้นส่วน [Bismarck] Field Guide 
7012	Fragment-Isoroku Yamamoto			เมื่อใช้จะสุ่มรับ Field Guide [Isoroku Yamamoto] 1 ชิ้น
7013	Fragment-Columbus			เมื่อใช้จะสุ่มรับหนึ่งในชิ้นส่วน [Columbus] Field Guide 
7014	Fragment-Magellan			เมื่อใช้จะสุ่มรับหนึ่งในชิ้นส่วน [Magellan] Field Guide 
7015	Fragment-Angel of Death			เมื่อใช้จะสุ่มรับหนึ่งในชิ้นส่วน [Angel of Death] Field Guide 
7201	Fragment-Port Royal 			เมื่อใช้จะสุ่มรับหนึ่งในชิ้นส่วน [ Port Royal ] Field Guide 
7202	Fragment-Prison Exile Island 			เมื่อใช้จะสุ่มรับหนึ่งในชิ้นส่วน [ Prison Exile Island ] Field Guide 
7203	Fragment-Spice Paradise Island 			เมื่อใช้จะสุ่มรับหนึ่งในชิ้นส่วน [ Spice Paradise Island ] Field Guide 
7204	Fragment-Slave Market Island 			เมื่อใช้จะสุ่มรับหนึ่งในชิ้นส่วน [ Slave Market Island ] Field Guide 
7205	Fragment-Evil Port 			เมื่อใช้จะสุ่มรับหนึ่งในชิ้นส่วน [ Evil Port ] Field Guide 
7206	Fragment-Ocean Walled City 			เมื่อใช้จะสุ่มรับหนึ่งในชิ้นส่วน [ Ocean Walled City ] Field Guide 
7207	Fragment-Voodoo Island			เมื่อใช้จะสุ่มรับหนึ่งในชิ้นส่วน [Voodoo Island] Field Guide 
7208	Fragment-Silver Harbour			เมื่อใช้จะสุ่มรับหนึ่งในชิ้นส่วน [Silver Harbour] Field Guide 
7209	Fragment-Death City Sea			เมื่อใช้จะสุ่มรับหนึ่งในชิ้นส่วน [Death City Sea] Field Guide 
7210	Fragment-Deep Sea Temple			เมื่อใช้จะสุ่มรับหนึ่งในชิ้นส่วน [Deep Sea Temple] Field Guide 
7211	Fragment-Drake empty Walled			เมื่อใช้จะสุ่มรับหนึ่งในชิ้นส่วน [Drake empty Walled] Field Guide 
7212	Fragment-Hell Volcanic Island			เมื่อใช้จะสุ่มรับหนึ่งในชิ้นส่วน [Hell Volcanic Island] Field Guide 
7213	Fragment-Lost Eden			เมื่อใช้จะสุ่มรับหนึ่งในชิ้นส่วน [Lost Eden] Field Guide 
7214	Fragment-Sunset Deserted			เมื่อใช้จะสุ่มรับหนึ่งในชิ้นส่วน [Sunset Deserted] Field Guide 
7401	Fragment-Hammer of Judgment	หนึ่งในสมบัติทั้งแปดทะเล: ชิ้นส่วน Field Guide ของ [Hammer of Judgment] อาวุธที่มีมาแต่โบราณ สามารถสร้างความเสียหายให้กับเป้าหมายที่อยู่ในบริเวณ		เมื่อใช้จะสุ่มรับหนึ่งในชิ้นส่วน [Hammer of Judgment] Field Guide 
7402	Fragment-Poseidon servant	หนึ่งในสมบัติทั้งแปดทะเล: ชิ้นส่วน Field Guide ของ [Poseidon servant] อาวุธที่ได้รับการคุ้มครองจากPoseidonสามารถเรียกPoseidon servantมาช่วยเหลือการต่อสู้ได้		เมื่อใช้จะสุ่มรับหนึ่งในชิ้นส่วน [Poseidon servant] Field Guide 
7403	Fragment-Ancyn Grip	หนึ่งในสมบัติทั้งแปดทะเล: ชิ้นส่วน Field Guide ของ [Ancyn Grip] ได้รับพลังจาก Nora Jana สามารถสร้างอานุภาพให้กับอาวุธได้		เมื่อใช้จะสุ่มรับหนึ่งในชิ้นส่วน [Ancyn Grip] Field Guide 
7404	Fragment-Lydiana Melody	หนึ่งในสมบัติทั้งแปดทะเล: ชิ้นส่วน Field Guide ของ [Lydiana Melody] ฮาร์ปของเจ้าหญิง เมื่อฟังแล้วเหมือนได้รับพรอันยิ่งใหญ่		เมื่อใช้จะสุ่มรับหนึ่งในชิ้นส่วน [Lydiana Melody] Field Guide 
7405	Fragment-Treasure Hunter Bag	หนึ่งในสมบัติทั้งแปดทะเล: ชิ้นส่วน Field Guide ของ [Treasure Hunter Bag] กระเป๋าใบโปรดของนักล่าสมบัติ [Laura] สามารถเรียกลูกน้องของLauraเพื่อทำการแลกเปลี่ยนได้		เมื่อใช้จะสุ่มรับหนึ่งในชิ้นส่วน [Treasure Hunter Bag] Field Guide 
7406	Fragment-Night  Evilteeth	หนึ่งในสมบัติทั้งแปดทะเล: ชิ้นส่วน Field Guide ของ [Night Evilteeth] อาวุธที่เต็มไปด้วยคำสาป สามารถควบคุมพวกSkeleton ได้		เมื่อใช้จะสุ่มรับหนึ่งในชิ้นส่วน [Night  Evilteeth] Field Guide 
7407	Fragment-Assault Boat Key	หนึ่งในสมบัติทั้งแปดทะเล: ชิ้นส่วน Field Guide ของ [Assault Boat Key] เครื่องมือที่ [Caille Assault boat] สร้างขึ้นมาให้ทหารเรือเพื่อเข้าสู่เกาะลอยฟ้าได้ สามารถส่งได้ 6 คน		เมื่อใช้จะสุ่มรับหนึ่งในชิ้นส่วน [Assault Boat Key] Field Guide 
7408	Fragment-Judge Certificate	หนึ่งในสมบัติทั้งแปดทะเล: ชิ้นส่วน Field Guide ของ [Judge Certificate] กุญแจเปิด Nora Jana Sword เป็นอาวุธที่เต็มไปด้วยความกระหายเลือด		เมื่อใช้จะสุ่มรับหนึ่งในชิ้นส่วน [Judge Certificate] Field Guide 
7501	Fragment-Mithril Burner			เมื่อใช้จะสุ่มรับหนึ่งในชิ้นส่วน [Mithril Burner] Field Guide 
7502	Fragment-White Beard Pipe			เมื่อใช้จะสุ่มรับหนึ่งในชิ้นส่วน [White Beard Pipe] Field Guide 
7503	Fragment-Pearlshell Conch			เมื่อใช้จะสุ่มรับหนึ่งในชิ้นส่วน [Pearlshell Conch] Field Guide 
7504	Fragment-Destiny Triangle			เมื่อใช้จะสุ่มรับหนึ่งในชิ้นส่วน [Destiny Triangle] Field Guide 
7505	Fragment-Remains Skull			เมื่อใช้จะสุ่มรับหนึ่งในชิ้นส่วน [Remains Skull] Field Guide 
7506	Fragment-Exorcise Bell			เมื่อใช้จะสุ่มรับหนึ่งในชิ้นส่วน [Exorcise Bell] Field Guide 
7507	Fragment-Imprisonment Of Light			เมื่อใช้จะสุ่มรับหนึ่งในชิ้นส่วน [Imprisonment Of Light] Field Guide 
7508	Fragment-Exorcise Whip			เมื่อใช้จะสุ่มรับหนึ่งในชิ้นส่วน [Exorcise Whip] Field Guide 
7509	Fragment-Luminous Fruit			เมื่อใช้จะสุ่มรับหนึ่งในชิ้นส่วน [Luminous Fruit] Field Guide 
7510	Fragment-Holy Cross Syringe			เมื่อใช้จะสุ่มรับหนึ่งในชิ้นส่วน [Holy Cross Syringe] Field Guide 
7511	Fragment-Night Candelabrum			เมื่อใช้จะสุ่มรับหนึ่งในชิ้นส่วน [Night Candelabrum] Field Guide 
7512	Fragment-Muse Umbrella			เมื่อใช้จะสุ่มรับหนึ่งในชิ้นส่วน [ Muse Umbrella] Field Guide 
7513	Fragment-Double Dragon Guard			เมื่อใช้จะสุ่มรับหนึ่งในชิ้นส่วน [Double Dragon Guard] Field Guide 
7514	Fragment-Destroy Atom			เมื่อใช้จะสุ่มรับหนึ่งในชิ้นส่วน [Destroy Atom] Field Guide 
7515	Fragment-Cold Ice Crystal			เมื่อใช้จะสุ่มรับหนึ่งในชิ้นส่วน [Cold Ice Crystal] Field Guide 
7516	Fragment-Seven Sea Pearl			เมื่อใช้จะสุ่มรับหนึ่งในชิ้นส่วน [Seven Sea Pearl] Field Guide 
7517	Fragment-Paine Bottle			เมื่อใช้จะสุ่มรับหนึ่งในชิ้นส่วน [Paine Bottle] Field Guide 
7518	Fragment-Thorough Eye			เมื่อใช้จะสุ่มรับหนึ่งในชิ้นส่วน [Thorough Eye] Field Guide 
7519	Fragment-Chic Cap			เมื่อใช้จะสุ่มรับหนึ่งในชิ้นส่วน [Chic Cap] Field Guide 
7520	Fragment-Judgment Pen			เมื่อใช้จะสุ่มรับหนึ่งในชิ้นส่วน [Judgment Pen] Field Guide 
7521	Fragment-Meager Bag			เมื่อใช้จะสุ่มรับหนึ่งในชิ้นส่วน [Meager Bag] Field Guide 
7522	Fragment-Globe			เมื่อใช้จะสุ่มรับหนึ่งในชิ้นส่วน [Globe] Field Guide 
7523	Fragment-Land Seed			เมื่อใช้จะสุ่มรับหนึ่งในชิ้นส่วน [Land Seed] Field Guide 
7524	Fragment-Magic Hat			เมื่อใช้จะสุ่มรับหนึ่งในชิ้นส่วน [Magic Hat] Field Guide 
7525	Fragment-Different World Record			เมื่อใช้จะสุ่มรับหนึ่งในชิ้นส่วน [Different World Record] Field Guide 
7526	Fragment-Alert Cylinder len			เมื่อใช้จะสุ่มรับหนึ่งในชิ้นส่วน [Alert Cylinder len] Field Guide 
7527	Fragment-Pandora Box			เมื่อใช้จะสุ่มรับหนึ่งในชิ้นส่วน [Pandora Box] Field Guide 
7528	Fragment-Magic Cube			เมื่อใช้จะสุ่มรับหนึ่งในชิ้นส่วน [Magic Cube] Field Guide 
7529	Fragment-Different Lampstand			เมื่อใช้จะสุ่มรับหนึ่งในชิ้นส่วน [Different Lampstand] Field Guide 
7530	Fragment-Energy Crystal			เมื่อใช้จะสุ่มรับหนึ่งในชิ้นส่วน [Energy Crystal] Field Guide 
7531	Fragment-Compass Success 			เมื่อใช้จะสุ่มรับหนึ่งในชิ้นส่วน [Compass Success ] Field Guide 
8001	Fragment-Fall Sun			เมื่อใช้จะสุ่มรับหนึ่งในชิ้นส่วน [Fall Sun] Field Guide 
8002	Fragment-Rough Sea Fortress			เมื่อใช้จะสุ่มรับหนึ่งในชิ้นส่วน [Rough Sea Fortress] Field Guide 
8003	Fragment-Poseidon Hall			เมื่อใช้จะสุ่มรับหนึ่งในชิ้นส่วน [Poseidon Hall] Field Guide 
8004	Fragment-Kraken Lair			เมื่อใช้จะสุ่มรับหนึ่งในชิ้นส่วน [Kraken Lair] Field Guide 
8005	Fragment-Doom Church			เมื่อใช้จะสุ่มรับหนึ่งในชิ้นส่วน [Doom Church] Field Guide 
8006	Fragment-Hell Trial			เมื่อใช้จะสุ่มรับหนึ่งในชิ้นส่วน [Hell Trial] Field Guide 
8007	Fragment-Skyfire Tower			เมื่อใช้จะสุ่มรับหนึ่งในชิ้นส่วน [Skyfire Tower] Field Guide 
9001	Multiple Use EXP loit Pack			คลิกขวาเลย!
9002	Multiple Use Glid EXP Pack			คลิกขวาเลย!
9003	Multiple Use Skill Point Pack			คลิกขวาเลย!
9004	Complex Resident Effect			คลิกขวาเลย! ทุกๆ 10 วินาที ได้รับเงินคืน+กระเป๋า 10 นาที
9005	Test Crystal-Weapon 1	ผลึกที่สามารถฝังประดับลงไปในเครื่องสวมใส่ได้		
9006	Test Crystal-Armor 1	ผลึกที่สามารถฝังประดับลงไปในเครื่องสวมใส่ได้		
9007	Test Crystal-Accessories	ผลึกที่สามารถฝังประดับลงไปในเครื่องสวมใส่ได้		
9008	Test Crystal-Weapon 2	ผลึกที่สามารถฝังประดับลงไปในเครื่องสวมใส่ได้		
9009	Test Crystal-Weapon 3	ผลึกที่สามารถฝังประดับลงไปในเครื่องสวมใส่ได้		
9010	Test Crystal-Weapon 4	ผลึกที่สามารถฝังประดับลงไปในเครื่องสวมใส่ได้		
9011	Test Crystal-Armor 2	ผลึกที่สามารถฝังประดับลงไปในเครื่องสวมใส่ได้		
9012	Test Crystal-Armor 3	ผลึกที่สามารถฝังประดับลงไปในเครื่องสวมใส่ได้		
9013	Test Crystal-Armor 4	ผลึกที่สามารถฝังประดับลงไปในเครื่องสวมใส่ได้		
9014	 Field Guide  Full-Sea Phantom	ไอเทมที่ใช้รับรองใน Royal Exchange สามารถทำให้ Field Guide ที่ยังสะสมไม่หมด สะสมครบทันที		คลิกขวาจะได้รับ Field Guide สะสม!
9015	PK Equipment Box	กรุณาเลือกอาวุธที่เหมาะสม!		เมื่อเปิดจะได้รับเครื่องสวมใส่ PK และของใช้ Lv.50
10001	Admiral-Headdress	ประเภทชั้นวางของ: รูปลักษณ์ เปิด Beginner Class Capsule จะมีโอกาสได้รับ		เมื่อใช้จะเก็บ [Admiral-Headdress] ลงในตู้เก็บของ เมื่อเก็บแล้วสามารถสวมใส่ได้
10002	Admiral-Armor	ประเภทชั้นวางของ: รูปลักษณ์ เปิด Beginner Class Capsule จะมีโอกาสได้รับ		เมื่อใช้จะเก็บ [Admiral-Armor] ลงในตู้เก็บของ เมื่อเก็บแล้วสามารถสวมใส่ได้
10003	Admiral-Legging	ประเภทชั้นวางของ: รูปลักษณ์ เปิด Beginner Class Capsule จะมีโอกาสได้รับ		เมื่อใช้จะเก็บ [Admiral-Legging] ลงในตู้เก็บของ เมื่อเก็บแล้วสามารถสวมใส่ได้
10004	Splendid Yuppie-Headdress	ประเภทชั้นวางของ: รูปลักษณ์ เปิด Expert Class Capsule จะมีโอกาสได้รับ		เมื่อใช้สามารถนำ [Splendid Yuppie-Headdress] เก็บใส่ชั่นวางของ เมื่อเก็บแล้ว สามารถสวมใส่ได้
10005	Splendid Yuppie-Armor	ประเภทชั้นวางของ: รูปลักษณ์ เปิด Expert Class Capsule จะมีโอกาสได้รับ		เมื่อใช้สามารถนำ [Splendid Yuppie-Armor] เก็บใส่ชั่นวางของ เมื่อเก็บแล้ว สามารถสวมใส่ได้
10006	Splendid Yuppie-Legging	ประเภทชั้นวางของ: รูปลักษณ์ เปิด Expert Class Capsule จะมีโอกาสได้รับ		เมื่อใช้สามารถนำ [Splendid Yuppie-Legging] เก็บใส่ชั่นวางของ เมื่อเก็บแล้ว สามารถสวมใส่ได้
10007	Round Red Day-Headdress	ประเภทชั้นวางของ: รูปลักษณ์ เปิด Arcane Capsule จะมีโอกาสได้รับ		เมื่อใช้สามารถนำ [Round Red Day-Headdress] เก็บใส่ชั่นวางของ เมื่อเก็บแล้ว สามารถสวมใส่ได้
10008	Round Red Day-Armor	ประเภทชั้นวางของ: รูปลักษณ์ เปิด Arcane Capsule จะมีโอกาสได้รับ		เมื่อใช้สามารถนำ [Round Red Day-Armor] เก็บใส่ชั่นวางของ เมื่อเก็บแล้ว สามารถสวมใส่ได้
10009	Round Red Day-Legging	ประเภทชั้นวางของ: รูปลักษณ์ เปิด Arcane Capsule จะมีโอกาสได้รับ		เมื่อใช้สามารถนำ [Round Red Day-Legging] เก็บใส่ชั่นวางของ เมื่อเก็บแล้ว สามารถสวมใส่ได้
10010	Flying Eagle-Headdress	ประเภทชั้นวางของ: รูปลักษณ์ เปิด Arcane Capsule จะมีโอกาสได้รับ		เมื่อใช้สามารถนำ [Flying Eagle-Headdress] เก็บใส่ชั่นวางของ เมื่อเก็บแล้ว สามารถสวมใส่ได้
10011	Flying Eagle-Armor	ประเภทชั้นวางของ: รูปลักษณ์ เปิด Arcane Capsule จะมีโอกาสได้รับ		เมื่อใช้สามารถนำ [Flying Eagle-Armor] เก็บใส่ชั่นวางของ เมื่อเก็บแล้ว สามารถสวมใส่ได้
10012	Flying Eagle-Legging	ประเภทชั้นวางของ: รูปลักษณ์ เปิด Arcane Capsule จะมีโอกาสได้รับ		เมื่อใช้สามารถนำ [Flying Eagle-Legging] เก็บใส่ชั่นวางของ เมื่อเก็บแล้ว สามารถสวมใส่ได้
10013	Sailor Suit-Headdress	ประเภทชั้นวางของ: รูปลักษณ์ เปิด Beginner Class Capsule จะมีโอกาสได้รับ		เมื่อใช้สามารถนำ [Sailor Suit-Headdress] เก็บใส่ชั่นวางของ เมื่อเก็บแล้ว สามารถสวมใส่ได้
10014	Sailor Suit-Armor	ประเภทชั้นวางของ: รูปลักษณ์ เปิด Beginner Class Capsule จะมีโอกาสได้รับ		เมื่อใช้สามารถนำ [Sailor Suit-Armor] เก็บใส่ชั่นวางของ เมื่อเก็บแล้ว สามารถสวมใส่ได้
10015	Sailor Suit-Legging	ประเภทชั้นวางของ: รูปลักษณ์ เปิด Beginner Class Capsule จะมีโอกาสได้รับ		เมื่อใช้สามารถนำ [Sailor Suit-Legging] เก็บใส่ชั่นวางของ เมื่อเก็บแล้ว สามารถสวมใส่ได้
10016	Elegant England-Headdress	ประเภทชั้นวางของ: รูปลักษณ์ เปิด Arcane Capsule จะมีโอกาสได้รับ		เมื่อใช้สามารถนำ [Elegant England-Headdress] เก็บใส่ชั่นวางของ เมื่อเก็บแล้ว สามารถสวมใส่ได้
10017	Elegant England-Armor	ประเภทชั้นวางของ: รูปลักษณ์ เปิด Arcane Capsule จะมีโอกาสได้รับ		เมื่อใช้สามารถนำ [Elegant England-Armor] เก็บใส่ชั่นวางของ เมื่อเก็บแล้ว สามารถสวมใส่ได้
10018	Elegant England-Legging	ประเภทชั้นวางของ: รูปลักษณ์ เปิด Arcane Capsule จะมีโอกาสได้รับ		เมื่อใช้สามารถนำ [Elegant England-Legging] เก็บใส่ชั่นวางของ เมื่อเก็บแล้ว สามารถสวมใส่ได้
10019	Sentimental Scout-Headdress	ประเภทชั้นวางของ: รูปลักษณ์ เปิด Expert Class Capsule จะมีโอกาสได้รับ		เมื่อใช้สามารถนำ [Sentimental Scout-Headdress] เก็บใส่ชั่นวางของ เมื่อเก็บแล้ว สามารถสวมใส่ได้
10020	Sentimental Scout-Armor	ประเภทชั้นวางของ: รูปลักษณ์ เปิด Expert Class Capsule จะมีโอกาสได้รับ		เมื่อใช้สามารถนำ [Sentimental Scout-Armor] เก็บใส่ชั่นวางของ เมื่อเก็บแล้ว สามารถสวมใส่ได้
10021	Sentimental Scout-Legging	ประเภทชั้นวางของ: รูปลักษณ์ เปิด Expert Class Capsule จะมีโอกาสได้รับ		เมื่อใช้สามารถนำ [Sentimental Scout-Legging] เก็บใส่ชั่นวางของ เมื่อเก็บแล้ว สามารถสวมใส่ได้
10022	Soul Tutor-Headdress	ประเภทชั้นวางของ: รูปลักษณ์ เปิด Arcane Capsule จะมีโอกาสได้รับ		เมื่อใช้สามารถนำ [Soul Tutor-Headdress] เก็บใส่ชั่นวางของ เมื่อเก็บแล้ว สามารถสวมใส่ได้
10023	Soul Tutor-Armor	ประเภทชั้นวางของ: รูปลักษณ์ เปิด Arcane Capsule จะมีโอกาสได้รับ		เมื่อใช้สามารถนำ [Soul Tutor-Armor] เก็บใส่ชั่นวางของ เมื่อเก็บแล้ว สามารถสวมใส่ได้
10024	Soul Tutor-Legging	ประเภทชั้นวางของ: รูปลักษณ์ เปิด Arcane Capsule จะมีโอกาสได้รับ		เมื่อใช้สามารถนำ [Soul Tutor-Legging] เก็บใส่ชั่นวางของ เมื่อเก็บแล้ว สามารถสวมใส่ได้
10025	Pirate Attire-Headdress	ประเภทชั้นวางของ: รูปลักษณ์ เปิด Beginner Class Capsule จะมีโอกาสได้รับ		เมื่อใช้สามารถนำ [Pirate Attire-Headdress] เก็บใส่ชั่นวางของ เมื่อเก็บแล้ว สามารถสวมใส่ได้
10026	Pirate Attire-Armor	ประเภทชั้นวางของ: รูปลักษณ์ เปิด Beginner Class Capsule จะมีโอกาสได้รับ		เมื่อใช้สามารถนำ [Pirate Attire-Armor] เก็บใส่ชั่นวางของ เมื่อเก็บแล้ว สามารถสวมใส่ได้
10027	Pirate Attire-Legging	ประเภทชั้นวางของ: รูปลักษณ์ เปิด Beginner Class Capsule จะมีโอกาสได้รับ		เมื่อใช้สามารถนำ [Pirate Attire-Legging] เก็บใส่ชั่นวางของ เมื่อเก็บแล้ว สามารถสวมใส่ได้
10028	Impossible Blue Sky-Headdress	ประเภทชั้นวางของ: รูปลักษณ์ เปิด Expert Class Capsule จะมีโอกาสได้รับ		เมื่อใช้สามารถนำ [Impossible Blue Sky-Headdress] เก็บใส่ชั่นวางของ เมื่อเก็บแล้ว สามารถสวมใส่ได้
10029	Impossible Blue Sky-Armor	ประเภทชั้นวางของ: รูปลักษณ์ เปิด Expert Class Capsule จะมีโอกาสได้รับ		เมื่อใช้สามารถนำ [Impossible Blue Sky-Armor] เก็บใส่ชั่นวางของ เมื่อเก็บแล้ว สามารถสวมใส่ได้
10030	Impossible Blue Sky-Legging	ประเภทชั้นวางของ: รูปลักษณ์ เปิด Expert Class Capsule จะมีโอกาสได้รับ		เมื่อใช้สามารถนำ [Impossible Blue Sky-Legging] เก็บใส่ชั่นวางของ เมื่อเก็บแล้ว สามารถสวมใส่ได้
10031	Fury Wild Tiger-Headdress	ประเภทชั้นวางของ: รูปลักษณ์ เปิด Arcane Capsule จะมีโอกาสได้รับ		เมื่อใช้สามารถนำ [Fury Wild Tiger-Headdress] เก็บใส่ชั่นวางของ เมื่อเก็บแล้ว สามารถสวมใส่ได้
10032	Fury Wild Tiger-Armor	ประเภทชั้นวางของ: รูปลักษณ์ เปิด Arcane Capsule จะมีโอกาสได้รับ		เมื่อใช้สามารถนำ [Fury Wild Tiger-Armor] เก็บใส่ชั่นวางของ เมื่อเก็บแล้ว สามารถสวมใส่ได้
10033	Fury Wild Tiger-Legging	ประเภทชั้นวางของ: รูปลักษณ์ เปิด Arcane Capsule จะมีโอกาสได้รับ		เมื่อใช้สามารถนำ [Fury Wild Tiger-Legging] เก็บใส่ชั่นวางของ เมื่อเก็บแล้ว สามารถสวมใส่ได้
10034	Glory Army Of Light-Headdress	ประเภทชั้นวางของ: รูปลักษณ์ เปิด Old Capsule จะมีโอกาสได้รับ		เมื่อใช้สามารถนำ [Glory Army Of Light-Headdress] เก็บใส่ชั่นวางของ เมื่อเก็บแล้ว สามารถสวมใส่ได้
10035	Glory Army Of Light-Armor	ประเภทชั้นวางของ: รูปลักษณ์ เปิด Old Capsule จะมีโอกาสได้รับ		เมื่อใช้สามารถนำ [Glory Army Of Light-Armor] เก็บใส่ชั่นวางของ เมื่อเก็บแล้ว สามารถสวมใส่ได้
10036	Glory Army Of Light-Legging	ประเภทชั้นวางของ: รูปลักษณ์ เปิด Old Capsule จะมีโอกาสได้รับ		เมื่อใช้สามารถนำ [Glory Army Of Light-Legging] เก็บใส่ชั่นวางของ เมื่อเก็บแล้ว สามารถสวมใส่ได้
10037	Knight Soldier-Headdress	ประเภทชั้นวางของ: รูปลักษณ์ เปิด Beginner Class Capsule จะมีโอกาสได้รับ		เมื่อใช้สามารถนำ [Knight Soldier-Headdress] เก็บใส่ชั่นวางของ เมื่อเก็บแล้ว สามารถสวมใส่ได้
10038	Knight Soldier-Armor	ประเภทชั้นวางของ: รูปลักษณ์ เปิด Beginner Class Capsule จะมีโอกาสได้รับ		เมื่อใช้สามารถนำ [Knight Soldier-Armor] เก็บใส่ชั่นวางของ เมื่อเก็บแล้ว สามารถสวมใส่ได้
10039	Knight Soldier-Legging	ประเภทชั้นวางของ: รูปลักษณ์ เปิด Beginner Class Capsule จะมีโอกาสได้รับ		เมื่อใช้สามารถนำ [Knight Soldier-Legging] เก็บใส่ชั่นวางของ เมื่อเก็บแล้ว สามารถสวมใส่ได้
10040	Royal Officer-Headdress	ประเภทชั้นวางของ: รูปลักษณ์ เปิด Expert Class Capsule จะมีโอกาสได้รับ		เมื่อใช้สามารถนำ [Royal Officer-Headdress] เก็บใส่ชั่นวางของ เมื่อเก็บแล้ว สามารถสวมใส่ได้
10041	Royal Officer-Armor	ประเภทชั้นวางของ: รูปลักษณ์ เปิด Expert Class Capsule จะมีโอกาสได้รับ		เมื่อใช้สามารถนำ [Royal Officer-Armor] เก็บใส่ชั่นวางของ เมื่อเก็บแล้ว สามารถสวมใส่ได้
10042	Royal Officer-Legging	ประเภทชั้นวางของ: รูปลักษณ์ เปิด Expert Class Capsule จะมีโอกาสได้รับ		เมื่อใช้สามารถนำ [Royal Officer-Legging] เก็บใส่ชั่นวางของ เมื่อเก็บแล้ว สามารถสวมใส่ได้
10043	Heavy Armor Priest-Headdress	ประเภทชั้นวางของ: รูปลักษณ์ เปิด Arcane Capsule จะมีโอกาสได้รับ		เมื่อใช้สามารถนำ [Heavy Armor Priest-Headdress] เก็บใส่ชั่นวางของ เมื่อเก็บแล้ว สามารถสวมใส่ได้
10044	Heavy Armor Priest-Armor	ประเภทชั้นวางของ: รูปลักษณ์ เปิด Arcane Capsule จะมีโอกาสได้รับ		เมื่อใช้สามารถนำ [Heavy Armor Priest-Armor] เก็บใส่ชั่นวางของ เมื่อเก็บแล้ว สามารถสวมใส่ได้
10045	Heavy Armor Priest-Legging	ประเภทชั้นวางของ: รูปลักษณ์ เปิด Arcane Capsule จะมีโอกาสได้รับ		เมื่อใช้สามารถนำ [Heavy Armor Priest-Legging] เก็บใส่ชั่นวางของ เมื่อเก็บแล้ว สามารถสวมใส่ได้
10046	Odd Alchemist-Headdress	ประเภทชั้นวางของ: รูปลักษณ์ เปิด Arcane Capsule จะมีโอกาสได้รับ		เมื่อใช้สามารถนำ [Odd Alchemist-Headdress] เก็บใส่ชั่นวางของ เมื่อเก็บแล้ว สามารถสวมใส่ได้
10047	Odd Alchemist-Armor	ประเภทชั้นวางของ: รูปลักษณ์ เปิด Arcane Capsule จะมีโอกาสได้รับ		เมื่อใช้สามารถนำ [Odd Alchemist-Armor] เก็บใส่ชั่นวางของ เมื่อเก็บแล้ว สามารถสวมใส่ได้
10048	Odd Alchemist-Legging	ประเภทชั้นวางของ: รูปลักษณ์ เปิด Arcane Capsule จะมีโอกาสได้รับ		เมื่อใช้สามารถนำ [Odd Alchemist-Legging] เก็บใส่ชั่นวางของ เมื่อเก็บแล้ว สามารถสวมใส่ได้
10049	Wilderness Passing-Headdress	ประเภทชั้นวางของ: รูปลักษณ์ เปิด Mystic Capsule จะมีโอกาสได้รับ		เมื่อใช้สามารถนำ [Wilderness Passing-Headdress] เก็บใส่ชั่นวางของ เมื่อเก็บแล้ว สามารถสวมใส่ได้
10050	Wilderness Passing-Armor	ประเภทชั้นวางของ: รูปลักษณ์ เปิด Mystic Capsule จะมีโอกาสได้รับ		เมื่อใช้สามารถนำ [Wilderness Passing-Armor] เก็บใส่ชั่นวางของ เมื่อเก็บแล้ว สามารถสวมใส่ได้
10051	Wilderness Passing-Legging	ประเภทชั้นวางของ: รูปลักษณ์ เปิด Mystic Capsule จะมีโอกาสได้รับ		เมื่อใช้สามารถนำ [Wilderness Passing-Legging] เก็บใส่ชั่นวางของ เมื่อเก็บแล้ว สามารถสวมใส่ได้
10052	New World Emissary-Headdress	ประเภทชั้นวางของ: รูปลักษณ์ เปิด Old Capsule จะมีโอกาสได้รับ		เมื่อใช้สามารถนำ [New World Emissary-Headdress] เก็บใส่ชั่นวางของ เมื่อเก็บแล้ว สามารถสวมใส่ได้
10053	New World Emissary-Armor	ประเภทชั้นวางของ: รูปลักษณ์ เปิด Old Capsule จะมีโอกาสได้รับ		เมื่อใช้สามารถนำ [New World Emissary-Armor] เก็บใส่ชั่นวางของ เมื่อเก็บแล้ว สามารถสวมใส่ได้
10054	New World Emissary-Legging	ประเภทชั้นวางของ: รูปลักษณ์ เปิด Old Capsule จะมีโอกาสได้รับ		เมื่อใช้สามารถนำ [New World Emissary-Legging] เก็บใส่ชั่นวางของ เมื่อเก็บแล้ว สามารถสวมใส่ได้
10055	Silver Magic Fox-Headdress	ประเภทชั้นเก็บของ: รูปลักษณ์		เมื่อใช้สามารถนำ [Silver Magic Fox-Headdress] เก็บใส่ชั่นวางของ เมื่อเก็บแล้ว สามารถสวมใส่ได้
10056	Silver Magic Fox-Armor	ประเภทชั้นเก็บของ: รูปลักษณ์		เมื่อใช้สามารถนำ [Silver Magic Fox-Armor] เก็บใส่ชั่นวางของ เมื่อเก็บแล้ว สามารถสวมใส่ได้
10057	Silver Magic Fox-Legging	ประเภทชั้นเก็บของ: รูปลักษณ์		เมื่อใช้สามารถนำ [Silver Magic Fox-Legging] เก็บใส่ชั่นวางของ เมื่อเก็บแล้ว สามารถสวมใส่ได้
10058	Strong Sun Of Magic-Headdress	ประเภทชั้นเก็บของ: รูปลักษณ์		เมื่อใช้สามารถนำ [Strong Sun Of Magic-Headdress] เก็บใส่ชั่นวางของ เมื่อเก็บแล้ว สามารถสวมใส่ได้
10059	Strong Sun Of Magic Armor	ประเภทชั้นเก็บของ: รูปลักษณ์		เมื่อใช้สามารถนำ [Strong Sun Of Magic Armor] เก็บใส่ชั่นวางของ เมื่อเก็บแล้ว สามารถสวมใส่ได้
10060	Strong Sun Of Magic Legging	ประเภทชั้นเก็บของ: รูปลักษณ์		เมื่อใช้สามารถนำ [Strong Sun Of Magic Legging] เก็บใส่ชั่นวางของ เมื่อเก็บแล้ว สามารถสวมใส่ได้
10061	Star Dew-Headdress	ประเภทชั้นเก็บของ: รูปลักษณ์		เมื่อใช้สามารถนำ [Star Dew-Headdress] เก็บใส่ชั่นวางของ เมื่อเก็บแล้ว สามารถสวมใส่ได้
10062	Star Dew-Armor	ประเภทชั้นเก็บของ: รูปลักษณ์		เมื่อใช้สามารถนำ [Star Dew-Armor] เก็บใส่ชั่นวางของ เมื่อเก็บแล้ว สามารถสวมใส่ได้
10063	Star Dew-Legging	ประเภทชั้นเก็บของ: รูปลักษณ์		เมื่อใช้สามารถนำ [Star Dew-Legging] เก็บใส่ชั่นวางของ เมื่อเก็บแล้ว สามารถสวมใส่ได้
10064	Instructor-Headdress	ประเภทชั้นวางของ: รูปลักษณ์ เปิด Mystic Capsule จะมีโอกาสได้รับ		เมื่อใช้สามารถนำ [Instructor-Headdress] เก็บใส่ชั่นวางของ เมื่อเก็บแล้ว สามารถสวมใส่ได้
10065	Instructor-Armor	ประเภทชั้นวางของ: รูปลักษณ์ เปิด Mystic Capsule จะมีโอกาสได้รับ		เมื่อใช้สามารถนำ [Instructor-Armor] เก็บใส่ชั่นวางของ เมื่อเก็บแล้ว สามารถสวมใส่ได้
10066	Instructor-Legging	ประเภทชั้นวางของ: รูปลักษณ์ เปิด Mystic Capsule จะมีโอกาสได้รับ		เมื่อใช้สามารถนำ [Instructor-Legging] เก็บใส่ชั่นวางของ เมื่อเก็บแล้ว สามารถสวมใส่ได้
10067	Sakura Millennium-Headdress	ประเภทชั้นเก็บของ: รูปลักษณ์		เมื่อใช้สามารถนำ [Sakura Millennium-Headdress] เก็บใส่ชั่นวางของ เมื่อเก็บแล้ว สามารถสวมใส่ได้
10068	Sakura Millennium-Armor	ประเภทชั้นเก็บของ: รูปลักษณ์		เมื่อใช้สามารถนำ [Sakura Millennium-Armor] เก็บใส่ชั่นวางของ เมื่อเก็บแล้ว สามารถสวมใส่ได้
10069	Sakura Millennium-Legging	ประเภทชั้นเก็บของ: รูปลักษณ์		เมื่อใช้สามารถนำ [Sakura Millennium-Legging] เก็บใส่ชั่นวางของ เมื่อเก็บแล้ว สามารถสวมใส่ได้
10070	Dream Of Seal-Headdress	ประเภทชั้นเก็บของ: รูปลักษณ์		เมื่อใช้สามารถนำ [Dream Of Seal-Headdress] เก็บใส่ชั่นวางของ เมื่อเก็บแล้ว สามารถสวมใส่ได้
10071	Dream Of Seal-Armor	ประเภทชั้นเก็บของ: รูปลักษณ์		เมื่อใช้สามารถนำ [Dream Of Seal-Armor] เก็บใส่ชั่นวางของ เมื่อเก็บแล้ว สามารถสวมใส่ได้
10072	Dream Of Seal-Legging	ประเภทชั้นเก็บของ: รูปลักษณ์		เมื่อใช้สามารถนำ [Dream Of Seal-Legging] เก็บใส่ชั่นวางของ เมื่อเก็บแล้ว สามารถสวมใส่ได้
10073	Red Flame Armor-Headdress	ประเภทชั้นเก็บของ: รูปลักษณ์		เมื่อใช้สามารถนำ [Red Flame Armor-Headdress] เก็บใส่ชั่นวางของ เมื่อเก็บแล้ว สามารถสวมใส่ได้
10074	Red Flame Armor-Armor	ประเภทชั้นเก็บของ: รูปลักษณ์		เมื่อใช้สามารถนำ [Red Flame Armor-Armor] เก็บใส่ชั่นวางของ เมื่อเก็บแล้ว สามารถสวมใส่ได้
10075	Red Flame Armor-Legging	ประเภทชั้นเก็บของ: รูปลักษณ์		เมื่อใช้สามารถนำ [Red Flame Armor-Legging] เก็บใส่ชั่นวางของ เมื่อเก็บแล้ว สามารถสวมใส่ได้
10076	Curse Of Graveyard-Headdress	ประเภทชั้นเก็บของ: รูปลักษณ์		เมื่อใช้สามารถนำ [Curse Of Graveyard-Headdress] เก็บใส่ชั่นวางของ เมื่อเก็บแล้ว สามารถสวมใส่ได้
10077	Curse Of Graveyard-Armor	ประเภทชั้นเก็บของ: รูปลักษณ์		เมื่อใช้สามารถนำ [Curse Of Graveyard-Armor] เก็บใส่ชั่นวางของ เมื่อเก็บแล้ว สามารถสวมใส่ได้
10078	Curse Of Graveyard-Legging	ประเภทชั้นเก็บของ: รูปลักษณ์		เมื่อใช้สามารถนำ [Curse Of Graveyard-Legging] เก็บใส่ชั่นวางของ เมื่อเก็บแล้ว สามารถสวมใส่ได้
10079	Ice Beast Tooth-Headdress	ประเภทชั้นเก็บของ: รูปลักษณ์		เมื่อใช้สามารถนำ [Ice Beast Tooth-Headdress] เก็บใส่ชั่นวางของ เมื่อเก็บแล้ว สามารถสวมใส่ได้
10080	Ice Beast Tooth-Armor	ประเภทชั้นเก็บของ: รูปลักษณ์		เมื่อใช้สามารถนำ [Ice Beast Tooth-Armor] เก็บใส่ชั่นวางของ เมื่อเก็บแล้ว สามารถสวมใส่ได้
10081	Ice Beast Tooth-Legging	ประเภทชั้นเก็บของ: รูปลักษณ์		เมื่อใช้สามารถนำ [Ice Beast Tooth-Legging] เก็บใส่ชั่นวางของ เมื่อเก็บแล้ว สามารถสวมใส่ได้
10082	Royal Noble-Headdress	ประเภทชั้นวางของ: รูปลักษณ์ เปิด Beginner Class Capsule จะมีโอกาสได้รับ		เมื่อใช้จะเก็บ [Royal Noble-Headdress] ลงในตู้เก็บของ เมื่อเก็บแล้วสามารถสวมใส่ได้
10083	Royal Noble-Armor	ประเภทชั้นวางของ: รูปลักษณ์ เปิด Beginner Class Capsule จะมีโอกาสได้รับ		เมื่อใช้จะเก็บ [Royal Noble-Armor] ลงในตู้เก็บของ เมื่อเก็บแล้วสามารถสวมใส่ได้
10084	Royal Noble-Legging	ประเภทชั้นวางของ: รูปลักษณ์ เปิด Beginner Class Capsule จะมีโอกาสได้รับ		เมื่อใช้จะเก็บ [Royal Noble-Legging] ลงในตู้เก็บของ เมื่อเก็บแล้วสามารถสวมใส่ได้
10085	Heaven Feather-Headdress	ประเภทชั้นวางของ: รูปลักษณ์ เปิด Expert Class Capsule จะมีโอกาสได้รับ		เมื่อใช้สามารถนำ [Heaven Feather-Headdress] เก็บใส่ชั่นวางของ เมื่อเก็บแล้ว สามารถสวมใส่ได้
10086	Heaven Feather-Armor	ประเภทชั้นวางของ: รูปลักษณ์ เปิด Expert Class Capsule จะมีโอกาสได้รับ		เมื่อใช้สามารถนำ [Heaven Feather-Armor] เก็บใส่ชั่นวางของ เมื่อเก็บแล้ว สามารถสวมใส่ได้
10087	Heaven Feather-Legging	ประเภทชั้นวางของ: รูปลักษณ์ เปิด Expert Class Capsule จะมีโอกาสได้รับ		เมื่อใช้สามารถนำ [Heaven Feather-Legging] เก็บใส่ชั่นวางของ เมื่อเก็บแล้ว สามารถสวมใส่ได้
10088	Dark Element-Headdress	ประเภทชั้นวางของ: รูปลักษณ์ เปิด Arcane Capsule จะมีโอกาสได้รับ		เมื่อใช้จะเก็บ [Dark Element-Headdress] ลงในตู้เก็บของ เมื่อเก็บแล้วสามารถสวมใส่ได้
10089	Dark Element-Armor	ประเภทชั้นวางของ: รูปลักษณ์ เปิด Arcane Capsule จะมีโอกาสได้รับ		เมื่อใช้จะเก็บ [Dark Element-Armor] ลงในตู้เก็บของ เมื่อเก็บแล้วสามารถสวมใส่ได้
10090	Dark Element-Legging	ประเภทชั้นวางของ: รูปลักษณ์ เปิด Arcane Capsule จะมีโอกาสได้รับ		เมื่อใช้จะเก็บ [Dark Element-Legging] ลงในตู้เก็บของ เมื่อเก็บแล้วสามารถสวมใส่ได้
10091	Punch Squad-Headdress	ประเภทชั้นวางของ: รูปลักษณ์ เปิด Arcane Capsule จะมีโอกาสได้รับ		เมื่อใช้สามารถนำ [Punch Squad-Headdress] เก็บใส่ชั่นวางของ เมื่อเก็บแล้ว สามารถสวมใส่ได้
10092	Punch Squad-Armor	ประเภทชั้นวางของ: รูปลักษณ์ เปิด Arcane Capsule จะมีโอกาสได้รับ		เมื่อใช้สามารถนำ [Punch Squad-Armor] เก็บใส่ชั่นวางของ เมื่อเก็บแล้ว สามารถสวมใส่ได้
10093	Punch Squad-Legging	ประเภทชั้นวางของ: รูปลักษณ์ เปิด Arcane Capsule จะมีโอกาสได้รับ		เมื่อใช้สามารถนำ [Punch Squad-Legging] เก็บใส่ชั่นวางของ เมื่อเก็บแล้ว สามารถสวมใส่ได้
10094	Cupid-Headdress	ประเภทชั้นเก็บของ: รูปลักษณ์		เมื่อใช้สามารถนำ [Cupid-Headdress] เก็บใส่ชั่นวางของ เมื่อเก็บแล้ว สามารถสวมใส่ได้
10095	Cupid-Armor	ประเภทชั้นเก็บของ: รูปลักษณ์		เมื่อใช้สามารถนำ [Cupid-Armor] เก็บใส่ชั่นวางของ เมื่อเก็บแล้ว สามารถสวมใส่ได้
10096	Cupid-Legging	ประเภทชั้นเก็บของ: รูปลักษณ์		เมื่อใช้สามารถนำ [Cupid-Legging] เก็บใส่ชั่นวางของ เมื่อเก็บแล้ว สามารถสวมใส่ได้
10097	War Machine-Headdress	ประเภทชั้นวางของ: รูปลักษณ์ เปิด Mystic Capsule จะมีโอกาสได้รับ		เมื่อใช้สามารถนำ [War Machine-Headdress] เก็บใส่ชั่นวางของ เมื่อเก็บแล้ว สามารถสวมใส่ได้
10098	War Machine-Armor	ประเภทชั้นวางของ: รูปลักษณ์ เปิด Mystic Capsule จะมีโอกาสได้รับ		เมื่อใช้สามารถนำ [War Machine-Armor] เก็บใส่ชั่นวางของ เมื่อเก็บแล้ว สามารถสวมใส่ได้
10099	War Machine-Legging	ประเภทชั้นวางของ: รูปลักษณ์ เปิด Mystic Capsule จะมีโอกาสได้รับ		เมื่อใช้สามารถนำ [War Machine-Legging] เก็บใส่ชั่นวางของ เมื่อเก็บแล้ว สามารถสวมใส่ได้
10100	Voodoo Priest-Headdress	ประเภทชั้นเก็บของ: รูปลักษณ์		เมื่อใช้สามารถนำ [Voodoo Priest-Headdress] เก็บใส่ชั่นวางของ เมื่อเก็บแล้ว สามารถสวมใส่ได้
10101	Voodoo Priest-Armor	ประเภทชั้นเก็บของ: รูปลักษณ์		เมื่อใช้สามารถนำ [Voodoo Priest-Armor] เก็บใส่ชั่นวางของ เมื่อเก็บแล้ว สามารถสวมใส่ได้
10102	Voodoo Priest-Legging	ประเภทชั้นเก็บของ: รูปลักษณ์		เมื่อใช้สามารถนำ [Voodoo Priest-Legging] เก็บใส่ชั่นวางของ เมื่อเก็บแล้ว สามารถสวมใส่ได้
10103	Burst Method-Headdress	ประเภทชั้นเก็บของ: รูปลักษณ์		เมื่อใช้สามารถนำ [Burst Method-Headdress] เก็บใส่ชั่นวางของ เมื่อเก็บแล้ว สามารถสวมใส่ได้
10104	Burst Method-Armor	ประเภทชั้นเก็บของ: รูปลักษณ์		เมื่อใช้สามารถนำ [Burst Method-Armor] เก็บใส่ชั่นวางของ เมื่อเก็บแล้ว สามารถสวมใส่ได้
10105	Burst Method-Legging	ประเภทชั้นเก็บของ: รูปลักษณ์		เมื่อใช้สามารถนำ [Burst Method-Legging] เก็บใส่ชั่นวางของ เมื่อเก็บแล้ว สามารถสวมใส่ได้
10106	Night Wizard-Headdress	ประเภทชั้นวางของ: รูปลักษณ์ เปิด Arcane Capsule จะมีโอกาสได้รับ		เมื่อใช้สามารถนำ [Night Wizard-Headdress] เก็บใส่ชั่นวางของ เมื่อเก็บแล้ว สามารถสวมใส่ได้
10107	Night Wizard-Armor	ประเภทชั้นวางของ: รูปลักษณ์ เปิด Arcane Capsule จะมีโอกาสได้รับ		เมื่อใช้สามารถนำ [Night Wizard-Armor] เก็บใส่ชั่นวางของ เมื่อเก็บแล้ว สามารถสวมใส่ได้
10108	Night Wizard-Legging	ประเภทชั้นวางของ: รูปลักษณ์ เปิด Arcane Capsule จะมีโอกาสได้รับ		เมื่อใช้สามารถนำ [Night Wizard-Legging] เก็บใส่ชั่นวางของ เมื่อเก็บแล้ว สามารถสวมใส่ได้
10109	Bard Poet-Headdress	ประเภทชั้นเก็บของ: รูปลักษณ์		เมื่อใช้สามารถนำ [Bard Poet-Headdress] เก็บใส่ชั่นวางของ เมื่อเก็บแล้ว สามารถสวมใส่ได้
10110	Bard Poet-Armor	ประเภทชั้นเก็บของ: รูปลักษณ์		เมื่อใช้สามารถนำ [Bard Poet-Armor] เก็บใส่ชั่นวางของ เมื่อเก็บแล้ว สามารถสวมใส่ได้
10111	Bard Poet-Legging	ประเภทชั้นเก็บของ: รูปลักษณ์		เมื่อใช้สามารถนำ [Bard Poet-Legging] เก็บใส่ชั่นวางของ เมื่อเก็บแล้ว สามารถสวมใส่ได้
10112	God Fire-Headdress	ประเภทชั้นวางของ: รูปลักษณ์ เปิด Mystic Capsule จะมีโอกาสได้รับ		เมื่อใช้สามารถนำ [God Fire-Headdress] เก็บใส่ชั่นวางของ เมื่อเก็บแล้ว สามารถสวมใส่ได้
10113	God Fire-Armor	ประเภทชั้นวางของ: รูปลักษณ์ เปิด Mystic Capsule จะมีโอกาสได้รับ		เมื่อใช้สามารถนำ [God Fire-Armor] เก็บใส่ชั่นวางของ เมื่อเก็บแล้ว สามารถสวมใส่ได้
10114	God Fire-Legging	ประเภทชั้นวางของ: รูปลักษณ์ เปิด Mystic Capsule จะมีโอกาสได้รับ		เมื่อใช้สามารถนำ [God Fire-Legging] เก็บใส่ชั่นวางของ เมื่อเก็บแล้ว สามารถสวมใส่ได้
10115	Heaven Beast Armor-Headdress	ประเภทชั้นวางของ: รูปลักษณ์ เปิด Old Capsule จะมีโอกาสได้รับ		เมื่อใช้สามารถนำ [Heaven Beast Armor-Headdress] เก็บใส่ชั่นวางของ เมื่อเก็บแล้ว สามารถสวมใส่ได้
10116	Heaven Beast Armor-Armor	ประเภทชั้นวางของ: รูปลักษณ์ เปิด Old Capsule จะมีโอกาสได้รับ		เมื่อใช้สามารถนำ [Heaven Beast Armor-Armor] เก็บใส่ชั่นวางของ เมื่อเก็บแล้ว สามารถสวมใส่ได้
10117	Heaven Beast Armor-Legging	ประเภทชั้นวางของ: รูปลักษณ์ เปิด Old Capsule จะมีโอกาสได้รับ		เมื่อใช้สามารถนำ [Heaven Beast Armor-Legging] เก็บใส่ชั่นวางของ เมื่อเก็บแล้ว สามารถสวมใส่ได้
10118	Purgatory Of Flower-Headdress	ประเภทชั้นเก็บของ: รูปลักษณ์		เมื่อใช้สามารถนำ [Purgatory Of Flower-Headdress] เก็บใส่ชั่นวางของ เมื่อเก็บแล้ว สามารถสวมใส่ได้
10119	Purgatory Of Flower-Armor	ประเภทชั้นเก็บของ: รูปลักษณ์		เมื่อใช้สามารถนำ [Purgatory Of Flower-Armor] เก็บใส่ชั่นวางของ เมื่อเก็บแล้ว สามารถสวมใส่ได้
10120	Purgatory Of Flower-Legging	ประเภทชั้นเก็บของ: รูปลักษณ์		เมื่อใช้สามารถนำ [Purgatory Of Flower-Legging] เก็บใส่ชั่นวางของ เมื่อเก็บแล้ว สามารถสวมใส่ได้
10121	Abyss Armor-Headdress	ประเภทชั้นวางของ: รูปลักษณ์ เปิด Mystic Capsule จะมีโอกาสได้รับ		เมื่อใช้สามารถนำ [Abyss Armor-Headdress] เก็บใส่ชั่นวางของ เมื่อเก็บแล้ว สามารถสวมใส่ได้
10122	Abyss Armor-Armor	ประเภทชั้นวางของ: รูปลักษณ์ เปิด Mystic Capsule จะมีโอกาสได้รับ		เมื่อใช้สามารถนำ [Abyss Armor-Armor] เก็บใส่ชั่นวางของ เมื่อเก็บแล้ว สามารถสวมใส่ได้
10123	Abyss Armor-Legging	ประเภทชั้นวางของ: รูปลักษณ์ เปิด Mystic Capsule จะมีโอกาสได้รับ		เมื่อใช้สามารถนำ [Abyss Armor-Legging] เก็บใส่ชั่นวางของ เมื่อเก็บแล้ว สามารถสวมใส่ได้
10124	Blue Wind-Headdress	ประเภทชั้นเก็บของ: รูปลักษณ์		เมื่อใช้จะเก็บ [Blue Wind-Headdress] ลงในตู้เก็บของ เมื่อเก็บแล้วสามารถสวมใส่ได้
10125	Blue Wind-Armor	ประเภทชั้นเก็บของ: รูปลักษณ์		เมื่อใช้จะเก็บ [Blue Wind-Armor] ลงในตู้เก็บของ เมื่อเก็บแล้วสามารถสวมใส่ได้
10126	Blue Wind-Legging	ประเภทชั้นเก็บของ: รูปลักษณ์		เมื่อใช้จะเก็บ [Blue Wind-Legging] ลงในตู้เก็บของ เมื่อเก็บแล้วสามารถสวมใส่ได้
10127	Concentration Walker-Headdress	ประเภทชั้นเก็บของ: รูปลักษณ์		เมื่อใช้สามารถนำ [Concentration Walker-Headdress] เก็บใส่ชั่นวางของ เมื่อเก็บแล้ว สามารถสวมใส่ได้
10128	Concentration Walker-Armor	ประเภทชั้นเก็บของ: รูปลักษณ์		เมื่อใช้สามารถนำ [Concentration Walker-Armor] เก็บใส่ชั่นวางของ เมื่อเก็บแล้ว สามารถสวมใส่ได้
10129	Concentration Walker-Legging	ประเภทชั้นเก็บของ: รูปลักษณ์		เมื่อใช้สามารถนำ [Concentration Walker-Legging] เก็บใส่ชั่นวางของ เมื่อเก็บแล้ว สามารถสวมใส่ได้
10130	Water Light Monk-Headdress	ประเภทชั้นเก็บของ: รูปลักษณ์		เมื่อใช้สามารถนำ [Water Light Monk-Headdress] เก็บใส่ชั่นวางของ เมื่อเก็บแล้ว สามารถสวมใส่ได้
10131	Water Light Monk-Armor	ประเภทชั้นเก็บของ: รูปลักษณ์		เมื่อใช้สามารถนำ [Water Light Monk-Armor] เก็บใส่ชั่นวางของ เมื่อเก็บแล้ว สามารถสวมใส่ได้
10132	Water Light Monk-Legging	ประเภทชั้นเก็บของ: รูปลักษณ์		เมื่อใช้สามารถนำ [Water Light Monk-Legging] เก็บใส่ชั่นวางของ เมื่อเก็บแล้ว สามารถสวมใส่ได้
10133	Silver Knight Army-Headdress	ประเภทชั้นเก็บของ: รูปลักษณ์		เมื่อใช้สามารถนำ [Silver Knight Army-Headdress] เก็บใส่ชั่นวางของ เมื่อเก็บแล้ว สามารถสวมใส่ได้
10134	Silver Knight Army-Armor	ประเภทชั้นเก็บของ: รูปลักษณ์		เมื่อใช้สามารถนำ [Silver Knight Army-Armor] เก็บใส่ชั่นวางของ เมื่อเก็บแล้ว สามารถสวมใส่ได้
10135	Silver Knight Army-Legging	ประเภทชั้นเก็บของ: รูปลักษณ์		เมื่อใช้สามารถนำ [Silver Knight Army-Legging] เก็บใส่ชั่นวางของ เมื่อเก็บแล้ว สามารถสวมใส่ได้
10136	Guard Phantom-Headdress	ประเภทชั้นเก็บของ: รูปลักษณ์		เมื่อใช้สามารถนำ [Guard Phantom-Headdress] เก็บใส่ชั่นวางของ เมื่อเก็บแล้ว สามารถสวมใส่ได้
10137	Guard Phantom-Armor	ประเภทชั้นเก็บของ: รูปลักษณ์		เมื่อใช้สามารถนำ [Guard Phantom-Armor] เก็บใส่ชั่นวางของ เมื่อเก็บแล้ว สามารถสวมใส่ได้
10138	Guard Phantom-Legging	ประเภทชั้นเก็บของ: รูปลักษณ์		เมื่อใช้สามารถนำ [Guard Phantom-Legging] เก็บใส่ชั่นวางของ เมื่อเก็บแล้ว สามารถสวมใส่ได้
10139	Red Dance Feather-Headdress	ประเภทชั้นเก็บของ: รูปลักษณ์		เมื่อใช้สามารถนำ [Red Dance Feather-Headdress] เก็บใส่ชั่นวางของ เมื่อเก็บแล้ว สามารถสวมใส่ได้
10140	Red Dance Feather-Armor	ประเภทชั้นเก็บของ: รูปลักษณ์		เมื่อใช้สามารถนำ [Red Dance Feather-Armor] เก็บใส่ชั่นวางของ เมื่อเก็บแล้ว สามารถสวมใส่ได้
10141	Red Dance Feather-Legging	ประเภทชั้นเก็บของ: รูปลักษณ์		เมื่อใช้สามารถนำ [Red Dance Feather-Legging] เก็บใส่ชั่นวางของ เมื่อเก็บแล้ว สามารถสวมใส่ได้
10142	Swimming Singer-Headdress	ประเภทชั้นเก็บของ: รูปลักษณ์		เมื่อใช้สามารถนำ [Swimming Singer-Headdress] เก็บใส่ชั่นวางของ เมื่อเก็บแล้ว สามารถสวมใส่ได้
10143	Swimming Singer-Armor	ประเภทชั้นเก็บของ: รูปลักษณ์		เมื่อใช้สามารถนำ [Swimming Singer-Armor] เก็บใส่ชั่นวางของ เมื่อเก็บแล้ว สามารถสวมใส่ได้
10144	Swimming Singer-Legging	ประเภทชั้นเก็บของ: รูปลักษณ์		เมื่อใช้สามารถนำ [Swimming Singer-Legging] เก็บใส่ชั่นวางของ เมื่อเก็บแล้ว สามารถสวมใส่ได้
10145	Hunting Devil Horn-Headdress	ประเภทชั้นเก็บของ: รูปลักษณ์		เมื่อใช้สามารถนำ [Hunting Devil Horn-Headdress] เก็บใส่ชั่นวางของ เมื่อเก็บแล้ว สามารถสวมใส่ได้
10146	Hunting Devil Horn-Armor	ประเภทชั้นเก็บของ: รูปลักษณ์		เมื่อใช้สามารถนำ [Hunting Devil Horn-Armor] เก็บใส่ชั่นวางของ เมื่อเก็บแล้ว สามารถสวมใส่ได้
10147	Hunting Devil Horn-Legging	ประเภทชั้นเก็บของ: รูปลักษณ์		เมื่อใช้สามารถนำ [Hunting Devil Horn-Legging] เก็บใส่ชั่นวางของ เมื่อเก็บแล้ว สามารถสวมใส่ได้
10148	Fire Warsong-Headdress	ประเภทชั้นเก็บของ: รูปลักษณ์		เมื่อใช้สามารถนำ [Fire Warsong-Headdress] เก็บใส่ชั่นวางของ เมื่อเก็บแล้ว สามารถสวมใส่ได้
10149	Fire Warsong-Armor	ประเภทชั้นเก็บของ: รูปลักษณ์		เมื่อใช้สามารถนำ [Fire Warsong-Armor] เก็บใส่ชั่นวางของ เมื่อเก็บแล้ว สามารถสวมใส่ได้
10150	Fire Warsong-Legging	ประเภทชั้นเก็บของ: รูปลักษณ์		เมื่อใช้สามารถนำ [Fire Warsong-Legging] เก็บใส่ชั่นวางของ เมื่อเก็บแล้ว สามารถสวมใส่ได้
10151	Sacrifice Of Hand-Headdress	ประเภทชั้นเก็บของ: รูปลักษณ์		เมื่อใช้สามารถนำ [Sacrifice Of Hand-Headdress] เก็บใส่ชั่นวางของ เมื่อเก็บแล้ว สามารถสวมใส่ได้
10152	Sacrifice Of Hand-Armor	ประเภทชั้นเก็บของ: รูปลักษณ์		เมื่อใช้สามารถนำ [Sacrifice Of Hand-Armor] เก็บใส่ชั่นวางของ เมื่อเก็บแล้ว สามารถสวมใส่ได้
10153	Sacrifice Of Hand-Legging	ประเภทชั้นเก็บของ: รูปลักษณ์		เมื่อใช้สามารถนำ [Sacrifice Of Hand-Legging] เก็บใส่ชั่นวางของ เมื่อเก็บแล้ว สามารถสวมใส่ได้
10154	Yellow Ghost Witch-Headdress	ประเภทชั้นเก็บของ: รูปลักษณ์		เมื่อใช้สามารถนำ [Yellow Ghost Witch-Headdress] เก็บใส่ชั่นวางของ เมื่อเก็บแล้ว สามารถสวมใส่ได้
10155	Yellow Ghost Witch-Armor	ประเภทชั้นเก็บของ: รูปลักษณ์		เมื่อใช้สามารถนำ [Yellow Ghost Witch-Armor] เก็บใส่ชั่นวางของ เมื่อเก็บแล้ว สามารถสวมใส่ได้
10156	Yellow Ghost Witch-Legging	ประเภทชั้นเก็บของ: รูปลักษณ์		เมื่อใช้สามารถนำ [Yellow Ghost Witch-Legging] เก็บใส่ชั่นวางของ เมื่อเก็บแล้ว สามารถสวมใส่ได้
10157	Guard-Headdress	ประเภทชั้นวางของ: รูปลักษณ์ เปิด Old Capsule จะมีโอกาสได้รับ		เมื่อใช้จะเก็บ [Guard-Headdress] ลงในตู้เก็บของ เมื่อเก็บแล้วสามารถสวมใส่ได้
10158	Guard-Armor	ประเภทชั้นวางของ: รูปลักษณ์ เปิด Old Capsule จะมีโอกาสได้รับ		เมื่อใช้จะเก็บ [Guard-Armor] ลงในตู้เก็บของ เมื่อเก็บแล้วสามารถสวมใส่ได้
10159	Guard-Legging	ประเภทชั้นวางของ: รูปลักษณ์ เปิด Old Capsule จะมีโอกาสได้รับ		เมื่อใช้จะเก็บ [Guard-Legging] ลงในตู้เก็บของ เมื่อเก็บแล้วสามารถสวมใส่ได้
10160	Flame Cross-Headdress	ประเภทชั้นเก็บของ：รูปลักษณ์		เมื่อใช้จะเก็บ [Flame Cross-Headdress] ลงในตู้เก็บของ เมื่อเก็บแล้วสามารถสวมใส่ได้
10161	Flame Cross-Armor	ประเภทชั้นเก็บของ：รูปลักษณ์		เมื่อใช้จะเก็บ [Flame Cross-Armor] ลงในตู้เก็บของ เมื่อเก็บแล้วสามารถสวมใส่ได้
10162	Flame Cross-Legging	ประเภทชั้นเก็บของ：รูปลักษณ์		เมื่อใช้จะเก็บ [Flame Cross-Legging] ลงในตู้เก็บของ เมื่อเก็บแล้วสามารถสวมใส่ได้
10163	Indigo Guard-Headdress	ประเภทชั้นวางของ: รูปลักษณ์ เปิด Old Capsule จะมีโอกาสได้รับ		เมื่อใช้จะเก็บ [Indigo Guard-Headdress] ลงในตู้เก็บของ เมื่อเก็บแล้วสามารถสวมใส่ได้
10164	Indigo Guard-Armor	ประเภทชั้นวางของ: รูปลักษณ์ เปิด Old Capsule จะมีโอกาสได้รับ		เมื่อใช้จะเก็บ [Indigo Guard-Armor] ลงในตู้เก็บของ เมื่อเก็บแล้วสามารถสวมใส่ได้
10165	Indigo Guard-Legging	ประเภทชั้นวางของ: รูปลักษณ์ เปิด Old Capsule จะมีโอกาสได้รับ		เมื่อใช้จะเก็บ [Indigo Guard-Legging] ลงในตู้เก็บของ เมื่อเก็บแล้วสามารถสวมใส่ได้
10166	Prisoner-Headdress	ประเภทชั้นเก็บของ：รูปลักษณ์		เมื่อใช้จะเก็บ [Prisoner-Headdress] ลงในตู้เก็บของ เมื่อเก็บแล้วสามารถสวมใส่ได้
10167	Prisoner-Armor	ประเภทชั้นเก็บของ：รูปลักษณ์		เมื่อใช้จะเก็บ [Prisoner-Armor] ลงในตู้เก็บของ เมื่อเก็บแล้วสามารถสวมใส่ได้
10168	Prisoner-Legging	ประเภทชั้นเก็บของ：รูปลักษณ์		เมื่อใช้จะเก็บ [Prisoner-Legging] ลงในตู้เก็บของ เมื่อเก็บแล้วสามารถสวมใส่ได้
10169	Freedom-Headdress	ประเภทชั้นเก็บของ：รูปลักษณ์		เมื่อใช้จะเก็บ [Freedom-Headdress] ลงในตู้เก็บของ เมื่อเก็บแล้วสามารถสวมใส่ได้
10170	Freedom-Armor	ประเภทชั้นเก็บของ：รูปลักษณ์		เมื่อใช้จะเก็บ [Freedom-Armor] ลงในตู้เก็บของ เมื่อเก็บแล้วสามารถสวมใส่ได้
10171	Freedom-Legging	ประเภทชั้นเก็บของ：รูปลักษณ์		เมื่อใช้จะเก็บ [Freedom-Legging] ลงในตู้เก็บของ เมื่อเก็บแล้วสามารถสวมใส่ได้
10172	Red Flame Armor-Headdress	ประเภทตู้เก็บของ: รูปลักษณ์		เมื่อใช้จะนำ [Red Flame Armor-Headdress] ใส่ลงในตู้เก็บของ เมื่อเก็บแล้วสามารถสวมใส่ได้
10173	Red Flame Armor-Armor	ประเภทตู้เก็บของ: รูปลักษณ์		เมื่อใช้จะนำ [Red Flame Armor-Armor] ใส่ลงในตู้เก็บของ เมื่อเก็บแล้วสามารถสวมใส่ได้
10174	Red Flame Armor-Legging	ประเภทตู้เก็บของ: รูปลักษณ์		เมื่อใช้จะนำ [Red Flame Armor-Legging] ใส่ลงในตู้เก็บของ เมื่อเก็บแล้วสามารถสวมใส่ได้
10175	Curse Of Graveyard-Headdress	ประเภทตู้เก็บของ: รูปลักษณ์		เมื่อใช้จะนำ [Curse Of Graveyard-Headdress] ใส่ลงในตู้เก็บของ เมื่อเก็บแล้วสามารถสวมใส่ได้
10176	Curse Of Graveyard-Armor	ประเภทตู้เก็บของ: รูปลักษณ์		เมื่อใช้จะนำ [Curse Of Graveyard-Armor] ใส่ลงในตู้เก็บของ เมื่อเก็บแล้วสามารถสวมใส่ได้
10177	Curse Of Graveyard-Legging	ประเภทตู้เก็บของ: รูปลักษณ์		เมื่อใช้จะนำ [Curse Of Graveyard-Legging] ใส่ลงในตู้เก็บของ เมื่อเก็บแล้วสามารถสวมใส่ได้
10178	Ice Beast Tooth-Headdress	ประเภทตู้เก็บของ: รูปลักษณ์		เมื่อใช้จะนำ [Ice Beast Tooth-Headdress] ใส่ลงในตู้เก็บของ เมื่อเก็บแล้วสามารถสวมใส่ได้
10179	Ice Beast Tooth-Armor	ประเภทตู้เก็บของ: รูปลักษณ์		เมื่อใช้จะนำ [Ice Beast Tooth-Armor] ใส่ลงในตู้เก็บของ เมื่อเก็บแล้วสามารถสวมใส่ได้
10180	Ice Beast Tooth-Legging	ประเภทตู้เก็บของ: รูปลักษณ์		เมื่อใช้จะนำ [Ice Beast Tooth-Legging] ใส่ลงในตู้เก็บของ เมื่อเก็บแล้วสามารถสวมใส่ได้
10181	Holy Knight-Headdress	ประเภทตู้เก็บของ: รูปลักษณ์	ไอเทมสำหรับทดสอบใช้ภายใน ห้ามนำออก!!	เมื่อใช้จะนำ [Holy Knight-Headdress] ใส่ลงในตู้เก็บของ เมื่อเก็บแล้วสามารถสวมใส่ได้
10182	Holy Knight-Armor	ประเภทตู้เก็บของ: รูปลักษณ์	ไอเทมสำหรับทดสอบใช้ภายใน ห้ามนำออก!!	เมื่อใช้จะนำ [Holy Knight-Armor] ใส่ลงในตู้เก็บของ เมื่อเก็บแล้วสามารถสวมใส่ได้
10183	Holy Knight-Legging	ประเภทตู้เก็บของ: รูปลักษณ์	ไอเทมสำหรับทดสอบใช้ภายใน ห้ามนำออก!!	เมื่อใช้จะนำ [Holy Knight-Legging] ใส่ลงในตู้เก็บของ เมื่อเก็บแล้วสามารถสวมใส่ได้
10184	Van Helsing-Headdress	ประเภทตู้เก็บของ: รูปลักษณ์		เมื่อใช้จะนำ [Van Helsing-Headdress] ใส่ลงในตู้เก็บของ เมื่อเก็บแล้วสามารถสวมใส่ได้
10185	Van Helsing-Armor	ประเภทตู้เก็บของ: รูปลักษณ์		เมื่อใช้จะนำ [Van Helsing-Armor] ใส่ลงในตู้เก็บของ เมื่อเก็บแล้วสามารถสวมใส่ได้
10186	Van Helsing-Legging	ประเภทตู้เก็บของ: รูปลักษณ์		เมื่อใช้จะนำ [Van Helsing-Legging] ใส่ลงในตู้เก็บของ เมื่อเก็บแล้วสามารถสวมใส่ได้
10187	Assassin Ferraiolone-Headdress	ประเภทตู้เก็บของ: รูปลักษณ์		เมื่อใช้จะนำ [Assassin Ferraiolone-Headdress] ใส่ลงในตู้เก็บของ เมื่อเก็บแล้วสามารถสวมใส่ได้
10188	Assassin Ferraiolone-Armor	ประเภทตู้เก็บของ: รูปลักษณ์		เมื่อใช้จะนำ [Assassin Ferraiolone-Armor] ใส่ลงในตู้เก็บของ เมื่อเก็บแล้วสามารถสวมใส่ได้
10189	Assassin Ferraiolone-Legging	ประเภทตู้เก็บของ: รูปลักษณ์		เมื่อใช้จะนำ [Assassin Ferraiolone-Legging] ใส่ลงในตู้เก็บของ เมื่อเก็บแล้วสามารถสวมใส่ได้
10190	Gunslinger Cowboy-Headdress	ประเภทตู้เก็บของ: รูปลักษณ์		เมื่อใช้จะนำ [Gunslinger Cowboy-Headdress] ใส่ลงในตู้เก็บของ เมื่อเก็บแล้วสามารถสวมใส่ได้
10191	Gunslinger Cowboy-Armor	ประเภทตู้เก็บของ: รูปลักษณ์		เมื่อใช้จะนำ [Gunslinger Cowboy-Armor] ใส่ลงในตู้เก็บของ เมื่อเก็บแล้วสามารถสวมใส่ได้
10192	Gunslinger Cowboy-Legging	ประเภทตู้เก็บของ: รูปลักษณ์		เมื่อใช้จะนำ [Gunslinger Cowboy-Legging] ใส่ลงในตู้เก็บของ เมื่อเก็บแล้วสามารถสวมใส่ได้
10193	Gunslinger Sheriff-Headdress	ประเภทตู้เก็บของ: รูปลักษณ์		เมื่อใช้จะนำ [Gunslinger Sheriff-Headdress] ใส่ลงในตู้เก็บของ เมื่อเก็บแล้วสามารถสวมใส่ได้
10194	Gunslinger Sheriff-Armor	ประเภทตู้เก็บของ: รูปลักษณ์		เมื่อใช้จะนำ [Gunslinger Sheriff-Armor] ใส่ลงในตู้เก็บของ เมื่อเก็บแล้วสามารถสวมใส่ได้
10195	Gunslinger Sheriff-Legging	ประเภทตู้เก็บของ: รูปลักษณ์		เมื่อใช้จะนำ [Gunslinger Sheriff-Legging] ใส่ลงในตู้เก็บของ เมื่อเก็บแล้วสามารถสวมใส่ได้
10196	Pirates Elegy-Headdress	ประเภทตู้เก็บของ: รูปลักษณ์		เมื่อใช้จะนำ [Pirates Elegy-Headdress] ใส่ลงในตู้เก็บของ เมื่อเก็บแล้วสามารถสวมใส่ได้
10197	Pirates Elegy-Armor	ประเภทตู้เก็บของ: รูปลักษณ์		เมื่อใช้จะนำ [Pirates Elegy-Armor] ใส่ลงในตู้เก็บของ เมื่อเก็บแล้วสามารถสวมใส่ได้
10198	Pirates Elegy-Legging	ประเภทตู้เก็บของ: รูปลักษณ์		เมื่อใช้จะนำ [Pirates Elegy-Legging] ใส่ลงในตู้เก็บของ เมื่อเก็บแล้วสามารถสวมใส่ได้
12001	Goggle	ประเภทชั้นเก็บของ: รูปลักษณ์		เมื่อใช้สามารถนำ [Goggle] เก็บใส่ชั่นวางของ เมื่อเก็บแล้ว สามารถสวมใส่ได้
12002	Antelope Red Horn	ประเภทชั้นเก็บของ: รูปลักษณ์		เมื่อใช้สามารถนำ [Antelope Red Horn] เก็บใส่ชั่นวางของ เมื่อเก็บแล้ว สามารถสวมใส่ได้
12003	Beast Bone Face	ประเภทชั้นเก็บของ: รูปลักษณ์		เมื่อใช้สามารถนำ [Beast Bone Face] เก็บใส่ชั่นวางของ เมื่อเก็บแล้ว สามารถสวมใส่ได้
12004	Guawa Ornament	ประเภทชั้นเก็บของ: รูปลักษณ์		เมื่อใช้สามารถนำ [Guawa] เก็บใส่ชั่นวางของ เมื่อเก็บแล้ว สามารถสวมใส่ได้
12005	Seven herb	ประเภทชั้นเก็บของ: รูปลักษณ์		เมื่อใช้สามารถนำ [Seven herb] เก็บใส่ชั่นวางของ เมื่อเก็บแล้ว สามารถสวมใส่ได้
12201	Purple Snake Wing	ประเภทชั้นเก็บของ: รูปลักษณ์		เมื่อใช้สามารถนำ [Purple Snake Wing] เก็บใส่ชั่นวางของ เมื่อเก็บแล้ว สามารถสวมใส่ได้
12202	Gold Midge Wing	ประเภทชั้นเก็บของ: รูปลักษณ์		เมื่อใช้สามารถนำ [Gold Midge Wing] เก็บใส่ชั่นวางของ เมื่อเก็บแล้ว สามารถสวมใส่ได้
12203	Jet Equipment	ประเภทชั้นเก็บของ: รูปลักษณ์		เมื่อใช้สามารถนำ [Jet Equipment] เก็บใส่ชั่นวางของ เมื่อเก็บแล้ว สามารถสวมใส่ได้
12204	Little Angel	ประเภทชั้นเก็บของ: รูปลักษณ์		เมื่อใช้สามารถนำ [Little Angel] เก็บใส่ชั่นวางของ เมื่อเก็บแล้ว สามารถสวมใส่ได้
12205	Tiamat Wing	ประเภทชั้นเก็บของ: รูปลักษณ์		เมื่อใช้สามารถนำ [Tiamat Wing] เก็บใส่ชั่นวางของ เมื่อเก็บแล้ว สามารถสวมใส่ได้
12206	Velvet Long Ears	ประเภทชั้นเก็บของ: รูปลักษณ์		เมื่อใช้สามารถนำ [Velvet Long Ears] เก็บใส่ชั่นวางของ เมื่อเก็บแล้ว สามารถสวมใส่ได้
12207	Bat Wing Ears	ประเภทชั้นเก็บของ: รูปลักษณ์		เมื่อใช้สามารถนำ [Bat Wing Ears] เก็บใส่ชั่นวางของ เมื่อเก็บแล้ว สามารถสวมใส่ได้
12208	Dust Mask	ประเภทชั้นเก็บของ: รูปลักษณ์		เมื่อใช้สามารถนำ [Dust Mask] เก็บใส่ชั่นวางของ เมื่อเก็บแล้ว สามารถสวมใส่ได้
12209	Fam Thin Wing	ประเภทชั้นเก็บของ: รูปลักษณ์		เมื่อใช้สามารถนำ [Fam Thin Wing] เก็บใส่ชั่นวางของ เมื่อเก็บแล้ว สามารถสวมใส่ได้
12210	Skysea Fin	ประเภทชั้นเก็บของ: รูปลักษณ์		เมื่อใช้สามารถนำ [Skysea Fin] เก็บใส่ชั่นวางของ เมื่อเก็บแล้ว สามารถสวมใส่ได้
12211	Holy Light Hoop	ประเภทชั้นเก็บของ: รูปลักษณ์		เมื่อใช้สามารถนำ [Holy Light Hoop] เก็บใส่ชั่นวางของ เมื่อเก็บแล้ว สามารถสวมใส่ได้
12212	Ancient Civilization Fragment	ประเภทชั้นเก็บของ: รูปลักษณ์		เมื่อใช้สามารถนำ [Ancient Civilization Fragment] เก็บใส่ชั่นวางของ เมื่อเก็บแล้ว สามารถสวมใส่ได้
12501	Miracle Chest	ประเภทชั้นเก็บของ: รูปลักษณ์ \nเครื่องสวมใส่สามารถเพิ่มกาย 10 แต้ม		เมื่อใช้สามารถนำ [Miracle Chest] เก็บใส่ชั่นวางของ เมื่อเก็บแล้ว สามารถสวมใส่ได้
12502	Pumpkin Headdress	ประเภทชั้นเก็บของ: รูปลักษณ์		เมื่อใช้สามารถนำ [Pumpkin Headdress] เก็บใส่ชั่นวางของ เมื่อเก็บแล้ว สามารถสวมใส่ได้
12503	Christmas Hat	ประเภทชั้นเก็บของ: รูปลักษณ์		เมื่อใช้สามารถนำ [Christmas Hat] เก็บใส่ชั่นวางของ เมื่อเก็บแล้ว สามารถสวมใส่ได้
12701	Gargantia	ใช้ทดสอบ		เมื่อใช้สามารถนำ [Wing Industry Cooperation] เก็บใส่ชั่นวางของ เมื่อใส่แล้วสามารถสวมได้
12702	Gargantia-Purple	ใช้ทดสอบ		เมื่อใช้สามารถนำ [Wing Industry Cooperation] เก็บใส่ชั่นวางของ เมื่อใส่แล้วสามารถสวมได้
12703	Canvas Wing	ประเภทตู้เก็บของ: ปีก 		เมื่อใช้จะนำ [Canvas Wing] ใส่ลงในตู้เก็บของ เมื่อเก็บแล้วสามารถสวมใส่ได้
13001	Micky	ประเภทชั้นเก็บของ: ลูกเรือ		เมื่อใช้สามารถนำ [Micky] เก็บใส่ชั่นวางของ เมื่อเก็บแล้ว สามารถเรียกได้
13002	M Gu	ประเภทชั้นเก็บของ: ลูกเรือ		เมื่อใช้จะเก็บ [M Gu] ลงในตู้เก็บของ เมื่อเก็บแล้วสามารถเรียกได้
13003	Purple Baby Tribe	ประเภทชั้นเก็บของ: ลูกเรือ		เมื่อใช้สามารถนำ [Purple Baby Tribe] เก็บใส่ชั่นวางของ เมื่อเก็บแล้ว สามารถเรียกได้
13004	Ivah	ประเภทชั้นเก็บของ: ลูกเรือ		เมื่อใช้จะเก็บ [Ivah] ลงในตู้เก็บของ เมื่อเก็บแล้วสามารถเรียกได้
13005	Red Horn Pirates Group	ประเภทชั้นเก็บของ: ลูกเรือ		เมื่อใช้สามารถนำ [Red Horn Pirates Group] เก็บใส่ชั่นวางของ เมื่อเก็บแล้ว สามารถเรียกได้
13006	Walrus General	ประเภทชั้นเก็บของ: ลูกเรือ		เมื่อใช้สามารถนำ [Walrus General] เก็บใส่ชั่นวางของ เมื่อเก็บแล้ว สามารถเรียกได้
13007	Gobao	ประเภทชั้นเก็บของ: ลูกเรือ		เมื่อใช้จะเก็บ [Gobao] ลงในตู้เก็บของ เมื่อเก็บแล้วสามารถเรียกได้
13008	Skeleton Seaman	ประเภทชั้นเก็บของ: ลูกเรือ		เมื่อใช้สามารถนำ [Skeleton Seaman] เก็บใส่ชั่นวางของ เมื่อเก็บแล้ว สามารถเรียกได้
13009	Green scales pirates	ประเภทชั้นเก็บของ: ลูกเรือ		เมื่อใช้สามารถนำ [Green scales pirates] เก็บใส่ชั่นวางของ เมื่อเก็บแล้ว สามารถเรียกได้
13010	Blue Ocean soul	ประเภทชั้นเก็บของ: ลูกเรือ		เมื่อใช้สามารถนำ [Blue Ocean soul] เก็บใส่ชั่นวางของ เมื่อเก็บแล้ว สามารถเรียกได้
13011	Fiery Red Bear	ประเภทชั้นเก็บของ: ลูกเรือ		เมื่อใช้สามารถนำ [Fiery Red Bear] เก็บใส่ชั่นวางของ เมื่อเก็บแล้ว สามารถเรียกได้
13012	Hell Dragon Majin	ประเภทชั้นเก็บของ: ลูกเรือ		เมื่อใช้สามารถนำ [Hell Dragon Majin] เก็บใส่ชั่นวางของ เมื่อเก็บแล้ว สามารถเรียกได้
13013	Gladiator Slave Girl	ประเภทชั้นเก็บของ: ลูกเรือ		เมื่อใช้สามารถนำ [Gladiator Slave Girl] เก็บใส่ชั่นวางของ เมื่อเก็บแล้ว สามารถเรียกได้
13014	Empty Island Bird	ประเภทชั้นเก็บของ: ลูกเรือ		เมื่อใช้สามารถนำ [Empty Island Bird] เก็บใส่ชั่นวางของ เมื่อเก็บแล้ว สามารถเรียกได้
13015	Voodoo Troll	ประเภทชั้นเก็บของ: ลูกเรือ		เมื่อใช้สามารถนำ [Voodoo Troll] เก็บใส่ชั่นวางของ เมื่อเก็บแล้ว สามารถเรียกได้
13016	Allure Enchantress	ประเภทชั้นเก็บของ: ลูกเรือ		เมื่อใช้สามารถนำ [Allure Enchantress] เก็บใส่ชั่นวางของ เมื่อเก็บแล้ว สามารถเรียกได้
13017	Drake Air thief group	ประเภทชั้นเก็บของ: ลูกเรือ		เมื่อใช้สามารถนำ [Drake Air thief group] เก็บใส่ชั่นวางของ เมื่อเก็บแล้ว สามารถเรียกได้
13018	Dragon Air Thief	ประเภทชั้นเก็บของ: ลูกเรือ		เมื่อใช้สามารถนำ [Dragon Air Thief] เก็บใส่ชั่นวางของ เมื่อเก็บแล้ว สามารถเรียกได้
13019	Golden Cat Navy Group	ประเภทชั้นเก็บของ: ลูกเรือ		เมื่อใช้สามารถนำ [Golden Cat Navy Group] เก็บใส่ชั่นวางของ เมื่อเก็บแล้ว สามารถเรียกได้
13020	Bat Banshee	ประเภทชั้นเก็บของ: ลูกเรือ		เมื่อใช้สามารถนำ [Bat Banshee] เก็บใส่ชั่นวางของ เมื่อเก็บแล้ว สามารถเรียกได้
13021	Nalu Sase	ประเภทชั้นเก็บของ: ลูกเรือ		เมื่อใช้จะเก็บ [Nalu Sase] ลงในตู้เก็บของ เมื่อเก็บแล้วสามารถเรียกได้
13022	Penguin Koro	ประเภทชั้นเก็บของ: ลูกเรือ		เมื่อใช้สามารถนำ [Penguin Koro] เก็บใส่ชั่นวางของ เมื่อเก็บแล้ว สามารถเรียกได้
13023	Skeleton Chiliarch	ประเภทชั้นเก็บของ: ลูกเรือ		เมื่อใช้สามารถนำ [Skeleton Chiliarch] เก็บใส่ชั่นวางของ เมื่อเก็บแล้ว สามารถเรียกได้
13024	Cale	ประเภทชั้นเก็บของ: ลูกเรือ		เมื่อใช้จะเก็บ [Cale] ลงในตู้เก็บของ เมื่อเก็บแล้วสามารถเรียกได้
13025	Nightmare Guardian	ประเภทชั้นเก็บของ: ลูกเรือ		เมื่อใช้สามารถนำ [Nightmare Guardian] เก็บใส่ชั่นวางของ เมื่อเก็บแล้ว สามารถเรียกได้
13026	Bluebeard Barney	ประเภทชั้นเก็บของ: ลูกเรือ		เมื่อใช้สามารถนำ [Bluebeard Barney] เก็บใส่ชั่นวางของ เมื่อเก็บแล้ว สามารถเรียกได้
13027	Coruno	ประเภทชั้นเก็บของ: ลูกเรือ		เมื่อใช้สามารถนำ [Coruno] เก็บใส่ชั่นวางของ เมื่อเก็บแล้ว สามารถเรียกได้
13028	Jinbada	ประเภทชั้นเก็บของ: ลูกเรือ		เมื่อใช้สามารถนำ [Jinbada] เก็บใส่ชั่นวางของ เมื่อเก็บแล้ว สามารถเรียกได้
13029	Bear	ประเภทชั้นเก็บของ: ลูกเรือ		เมื่อใช้สามารถนำ [Bear] เก็บใส่ชั่นวางของ เมื่อเก็บแล้ว สามารถเรียกได้
13030	Tuna	ประเภทชั้นเก็บของ: ลูกเรือ		เมื่อใช้จะเก็บ [Tuna] ลงในตู้เก็บของ เมื่อเก็บแล้วสามารถเรียกได้
13031	Caribbean	ประเภทชั้นเก็บของ: ลูกเรือ		เมื่อใช้สามารถนำ [Caribbean] เก็บใส่ชั่นวางของ เมื่อเก็บแล้ว สามารถเรียกได้
13032	Divinity	ประเภทชั้นเก็บของ: ลูกเรือ		เมื่อใช้สามารถนำ [Divinity] เก็บใส่ชั่นวางของ เมื่อเก็บแล้ว สามารถเรียกได้
13033	Slave ship Bodyguard	ประเภทชั้นเก็บของ: ลูกเรือ		เมื่อใช้สามารถนำ [Slave ship Bodyguard] เก็บใส่ชั่นวางของ เมื่อเก็บแล้ว สามารถเรียกได้
13034	Death Hourglass	ประเภทชั้นเก็บของ: ลูกเรือ		เมื่อใช้สามารถนำ [Death Hourglass] เก็บใส่ชั่นวางของ เมื่อเก็บแล้ว สามารถเรียกได้
13035	Jade Magician	ประเภทชั้นเก็บของ: ลูกเรือ		เมื่อใช้สามารถนำ [Jade Magician] เก็บใส่ชั่นวางของ เมื่อเก็บแล้ว สามารถเรียกได้
13036	Phosphor Powder Banshee	ประเภทชั้นเก็บของ: ลูกเรือ		เมื่อใช้สามารถนำ [Phosphor Powder Banshee] เก็บใส่ชั่นวางของ เมื่อเก็บแล้ว สามารถเรียกได้
13037	Voodoo butcher	ประเภทชั้นเก็บของ: ลูกเรือ		เมื่อใช้สามารถนำ [Voodoo butcher] เก็บใส่ชั่นวางของ เมื่อเก็บแล้ว สามารถเรียกได้
13038	Remains Guardian	ประเภทชั้นเก็บของ: ลูกเรือ		เมื่อใช้สามารถนำ [Remains Guardian] เก็บใส่ชั่นวางของ เมื่อเก็บแล้ว สามารถเรียกได้
13039	meow	ประเภทชั้นเก็บของ: ลูกเรือ		เมื่อใช้สามารถนำ [meow] เก็บใส่ชั่นวางของ เมื่อเก็บแล้ว สามารถเรียกได้
13040	Croseyes	ประเภทชั้นเก็บของ: ลูกเรือ		เมื่อใช้จะเก็บ [Croseyes] ลงในตู้เก็บของ เมื่อเก็บแล้วสามารถเรียกได้
13041	Yan Yuzi	ประเภทชั้นเก็บของ: ลูกเรือ		เมื่อใช้จะเก็บ [Yan Yuzi] ลงในตู้เก็บของ เมื่อเก็บแล้วสามารถเรียกได้
13042	Khayredin	ประเภทชั้นเก็บของ: ลูกเรือ		เมื่อใช้จะเก็บ [Khayredin] ลงในตู้เก็บของ เมื่อเก็บแล้วสามารถเรียกได้
13101	Wilbur Wolf	ประเภทชั้นเก็บของ：ลูกเรือ		เมื่อใช้จะเก็บ [Wilbur Wolf] ลงในตู้เก็บของ เมื่อเก็บแล้วสามารถเรียกได้
14001	Fur seal	ประเภทตู้เก็บของ: สัตว์เลี้ยง\nเมื่อเรียกแล้ว สามารถเพิ่มค่าว่องไว 4 แต้ม		เมื่อใช้สามารถนำ [Fur seal] เก็บใส่ชั่นวางของ เมื่อเก็บแล้ว สามารถเรียกได้
14002	Sediment Wolf	ประเภทตู้เก็บของ: สัตว์เลี้ยง\nเมื่อเรียกแล้ว สามารถเพิ่มค่าว่องไว 1 แต้ม		เมื่อใช้สามารถนำ [Sediment Wolf] เก็บใส่ชั่นวางของ เมื่อเก็บแล้ว สามารถเรียกได้
14003	Blind Hound	ประเภทตู้เก็บของ: สัตว์เลี้ยง\nเมื่อเรียกแล้ว สามารถเพิ่มค่าว่องไว 3 แต้ม		เมื่อใช้สามารถนำ [Blind Hound] เก็บใส่ชั่นวางของ เมื่อเก็บแล้ว สามารถเรียกได้
14004	Exotic Demon Wolf	ประเภทตู้เก็บของ: สัตว์เลี้ยง\nเมื่อเรียกแล้ว สามารถเพิ่มค่าพลัง 3 แต้ม		เมื่อใช้สามารถนำ [Exotic Demon Wolf] เก็บใส่ชั่นวางของ เมื่อเก็บแล้ว สามารถเรียกได้
14005	Red Flame Demon Wolf	ประเภทตู้เก็บของ: สัตว์เลี้ยง\nเมื่อเรียกแล้ว สามารถเพิ่มค่าพลัง 5 แต้ม		เมื่อใช้สามารถนำ [Red Flame Demon Wolf] เก็บใส่ชั่นวางของ เมื่อเก็บแล้ว สามารถเรียกได้
14006	Two Horns Tiger	ประเภทตู้เก็บของ: สัตว์เลี้ยง\nเมื่อเรียกแล้ว สามารถเพิ่มค่าพลัง 4 แต้ม		เมื่อใช้สามารถนำ [Two Horns Tiger] เก็บใส่ชั่นวางของ เมื่อเก็บแล้ว สามารถเรียกได้
14007	Purple Flame Lion	ประเภทตู้เก็บของ: สัตว์เลี้ยง\nเมื่อเรียกแล้ว สามารถเพิ่มค่าพลัง 2 แต้ม		เมื่อใช้สามารถนำ [Purple Flame Lion] เก็บใส่ชั่นวางของ เมื่อเก็บแล้ว สามารถเรียกได้
14008	Jungle Tiger	ประเภทตู้เก็บของ: สัตว์เลี้ยง\nเมื่อเรียกแล้ว สามารถเพิ่มค่าพลัง 2 แต้ม		เมื่อใช้สามารถนำ [Jungle Tiger] เก็บใส่ชั่นวางของ เมื่อเก็บแล้ว สามารถเรียกได้
14009	Dark Roast Lion	ประเภทตู้เก็บของ: สัตว์เลี้ยง\nเมื่อเรียกแล้ว สามารถเพิ่มค่าพลัง 3 แต้ม		เมื่อใช้สามารถนำ [Dark Roast Lion] เก็บใส่ชั่นวางของ เมื่อเก็บแล้ว สามารถเรียกได้
14010	Blue Tiger	ประเภทตู้เก็บของ: สัตว์เลี้ยง\nเมื่อเรียกแล้ว สามารถเพิ่มค่าพลัง 3 แต้ม		เมื่อใช้สามารถนำ [Blue Tiger] เก็บใส่ชั่นวางของ เมื่อเก็บแล้ว สามารถเรียกได้
14011	Ned King Kong	ประเภทตู้เก็บของ: สัตว์เลี้ยง\nเมื่อเรียกแล้ว สามารถเพิ่มค่ากาย 4 แต้ม		เมื่อใช้สามารถนำ [Ned King Kong] เก็บใส่ชั่นวางของ เมื่อเก็บแล้ว สามารถเรียกได้
14012	Polar ape	ประเภทตู้เก็บของ: สัตว์เลี้ยง\nเมื่อเรียกแล้ว สามารถเพิ่มค่ากาย 5 แต้ม		เมื่อใช้สามารถนำ [Polar ape] เก็บใส่ชั่นวางของ เมื่อเก็บแล้ว สามารถเรียกได้
14013	Wild ape	ประเภทตู้เก็บของ: สัตว์เลี้ยง\nเมื่อเรียกแล้ว สามารถเพิ่มค่ากาย 3 แต้ม		เมื่อใช้สามารถนำ [Wild ape] เก็บใส่ชั่นวางของ เมื่อเก็บแล้ว สามารถเรียกได้
14014	Hell King Kong	ประเภทตู้เก็บของ: สัตว์เลี้ยง\nเมื่อเรียกแล้ว สามารถเพิ่มค่ากาย 4 แต้ม		เมื่อใช้สามารถนำ [Hell King Kong] เก็บใส่ชั่นวางของ เมื่อเก็บแล้ว สามารถเรียกได้
14015	Ward Kingkong	ประเภทตู้เก็บของ: สัตว์เลี้ยง\nเมื่อเรียกแล้ว สามารถเพิ่มค่ากาย 2 แต้ม		เมื่อใช้สามารถนำ [Ward Kingkong] เก็บใส่ชั่นวางของ เมื่อเก็บแล้ว สามารถเรียกได้
14016	Zombie baboon	ประเภทตู้เก็บของ: สัตว์เลี้ยง\nเมื่อเรียกแล้ว สามารถเพิ่มค่ากาย 2 แต้ม		เมื่อใช้สามารถนำ [Zombie baboon] เก็บใส่ชั่นวางของ เมื่อเก็บแล้ว สามารถเรียกได้
14017	Greenwood Magic Flower	ประเภทตู้เก็บของ: สัตว์เลี้ยง\nเมื่อเรียกแล้ว สามารถเพิ่มค่ารู้สึก 2 แต้ม		เมื่อใช้สามารถนำ [Greenwood Magic Flower] เก็บใส่ชั่นวางของ เมื่อเก็บแล้ว สามารถเรียกได้
14018	Fire magic	ประเภทตู้เก็บของ: สัตว์เลี้ยง\nเมื่อเรียกแล้ว สามารถเพิ่มค่ารู้สึก 4 แต้ม		เมื่อใช้สามารถนำ [Fire magic] เก็บใส่ชั่นวางของ เมื่อเก็บแล้ว สามารถเรียกได้
14019	Toxic Vine	ประเภทตู้เก็บของ: สัตว์เลี้ยง\nเมื่อเรียกแล้ว สามารถเพิ่มค่ารู้สึก 2 แต้ม		เมื่อใช้สามารถนำ [Toxic Vine] เก็บใส่ชั่นวางของ เมื่อเก็บแล้ว สามารถเรียกได้
14020	End date Flower	ประเภทตู้เก็บของ: สัตว์เลี้ยง\nเมื่อเรียกแล้ว สามารถเพิ่มค่ารู้สึก 3 แต้ม		เมื่อใช้สามารถนำ [End date Flower] เก็บใส่ชั่นวางของ เมื่อเก็บแล้ว สามารถเรียกได้
14021	Charm Felvine	ประเภทตู้เก็บของ: สัตว์เลี้ยง\nเมื่อเรียกแล้ว สามารถเพิ่มค่ารู้สึก 2 แต้ม		เมื่อใช้สามารถนำ [Charm Felvine] เก็บใส่ชั่นวางของ เมื่อเก็บแล้ว สามารถเรียกได้
14022	Mountain Deer	ประเภทตู้เก็บของ: สัตว์เลี้ยง\nเมื่อเรียกแล้ว สามารถเพิ่มค่ารู้สึก 1 แต้ม		เมื่อใช้สามารถนำ [Mountain Deer] เก็บใส่ชั่นวางของ เมื่อเก็บแล้ว สามารถเรียกได้
14023	Sparkler Antelope	ประเภทตู้เก็บของ: สัตว์เลี้ยง\nเมื่อเรียกแล้ว สามารถเพิ่มค่ารู้สึก 4 แต้ม		เมื่อใช้สามารถนำ [Sparkler Antelope] เก็บใส่ชั่นวางของ เมื่อเก็บแล้ว สามารถเรียกได้
14024	Flame Mountains deer	ประเภทตู้เก็บของ: สัตว์เลี้ยง\nเมื่อเรียกแล้ว สามารถเพิ่มค่ารู้สึก 4 แต้ม		เมื่อใช้สามารถนำ [Flame Mountains deer] เก็บใส่ชั่นวางของ เมื่อเก็บแล้ว สามารถเรียกได้
14025	Polar deer	ประเภทตู้เก็บของ: สัตว์เลี้ยง\nเมื่อเรียกแล้ว สามารถเพิ่มค่ารู้สึก 4 แต้ม		เมื่อใช้สามารถนำ [Polar deer] เก็บใส่ชั่นวางของ เมื่อเก็บแล้ว สามารถเรียกได้
14026	Prairie deer	ประเภทตู้เก็บของ: สัตว์เลี้ยง\nเมื่อเรียกแล้ว สามารถเพิ่มค่ารู้สึก 3 แต้ม		เมื่อใช้สามารถนำ [Prairie deer] เก็บใส่ชั่นวางของ เมื่อเก็บแล้ว สามารถเรียกได้
14027	Nightmare Claw beast	ประเภทตู้เก็บของ: สัตว์เลี้ยง\nเมื่อเรียกแล้ว สามารถเพิ่มค่ารู้สึก 5 แต้ม		เมื่อใช้สามารถนำ [Nightmare Claw beast] เก็บใส่ชั่นวางของ เมื่อเก็บแล้ว สามารถเรียกได้
14028	Rock turtle	ประเภทตู้เก็บของ: สัตว์เลี้ยง\nเมื่อเรียกแล้ว สามารถเพิ่มค่ากาย 1 แต้ม		เมื่อใช้สามารถนำ [Rock turtle] เก็บใส่ชั่นวางของ เมื่อเก็บแล้ว สามารถเรียกได้
14029	Sand dragon	ประเภทตู้เก็บของ: สัตว์เลี้ยง\nเมื่อเรียกแล้ว สามารถเพิ่มค่ากาย 2 แต้ม		เมื่อใช้สามารถนำ [Sand dragon] เก็บใส่ชั่นวางของ เมื่อเก็บแล้ว สามารถเรียกได้
14030	Purple turtle	ประเภทตู้เก็บของ: สัตว์เลี้ยง\nเมื่อเรียกแล้ว สามารถเพิ่มค่ากาย 2 แต้ม		เมื่อใช้สามารถนำ [Purple turtle] เก็บใส่ชั่นวางของ เมื่อเก็บแล้ว สามารถเรียกได้
14031	Earth Flame Dragon	ประเภทตู้เก็บของ: สัตว์เลี้ยง\nเมื่อเรียกแล้ว สามารถเพิ่มค่ากาย 4 แต้ม		เมื่อใช้สามารถนำ [Earth Flame Dragon] เก็บใส่ชั่นวางของ เมื่อเก็บแล้ว สามารถเรียกได้
14032	Swamp Tortoise	ประเภทตู้เก็บของ: สัตว์เลี้ยง\nเมื่อเรียกแล้ว สามารถเพิ่มค่ากาย 3 แต้ม		เมื่อใช้สามารถนำ [Swamp Tortoise] เก็บใส่ชั่นวางของ เมื่อเก็บแล้ว สามารถเรียกได้
14033	Iceberg Turtle	ประเภทตู้เก็บของ: สัตว์เลี้ยง\nเมื่อเรียกแล้ว สามารถเพิ่มค่ากาย 5 แต้ม		เมื่อใช้สามารถนำ [Iceberg Turtle] เก็บใส่ชั่นวางของ เมื่อเก็บแล้ว สามารถเรียกได้
14034	Desert Eagle	ประเภทตู้เก็บของ: สัตว์เลี้ยง\nเมื่อเรียกแล้ว สามารถเพิ่มค่าปัญญา 1 แต้ม		เมื่อใช้สามารถนำ [Desert Eagle] เก็บใส่ชั่นวางของ เมื่อเก็บแล้ว สามารถเรียกได้
14035	Blood red eagle	ประเภทตู้เก็บของ: สัตว์เลี้ยง\nเมื่อเรียกแล้ว สามารถเพิ่มค่าปัญญา 6 แต้ม		เมื่อใช้สามารถนำ [Blood red eagle] เก็บใส่ชั่นวางของ เมื่อเก็บแล้ว สามารถเรียกได้
14036	Forest Green Eagle	ประเภทตู้เก็บของ: สัตว์เลี้ยง\nเมื่อเรียกแล้ว สามารถเพิ่มค่าปัญญา 3 แต้ม		เมื่อใช้สามารถนำ [Forest Green Eagle] เก็บใส่ชั่นวางของ เมื่อเก็บแล้ว สามารถเรียกได้
14037	Razor Blackhawk	ประเภทตู้เก็บของ: สัตว์เลี้ยง\nเมื่อเรียกแล้ว สามารถเพิ่มค่าปัญญา 5 แต้ม		เมื่อใช้สามารถนำ [Razor Blackhawk] เก็บใส่ชั่นวางของ เมื่อเก็บแล้ว สามารถเรียกได้
14038	Steel blade Eagle	ประเภทตู้เก็บของ: สัตว์เลี้ยง\nเมื่อเรียกแล้ว สามารถเพิ่มค่าปัญญา 6 แต้ม		เมื่อใช้สามารถนำ [Steel blade Eagle] เก็บใส่ชั่นวางของ เมื่อเก็บแล้ว สามารถเรียกได้
14039	lenka	ประเภทตู้เก็บของ: สัตว์เลี้ยง\nเมื่อเรียกแล้ว สามารถเพิ่มค่าว่องไว 2 แต้ม		เมื่อใช้สามารถนำ [lenka] เก็บใส่ชั่นวางของ เมื่อเก็บแล้ว สามารถเรียกได้
14040	Raspberry Bibi	ประเภทตู้เก็บของ: สัตว์เลี้ยง\nเมื่อเรียกแล้ว สามารถเพิ่มค่าว่องไว 5 แต้ม		เมื่อใช้สามารถนำ [Raspberry Bibi] เก็บใส่ชั่นวางของ เมื่อเก็บแล้ว สามารถเรียกได้
14041	Flying Rat Sapphire	ประเภทตู้เก็บของ: สัตว์เลี้ยง\nเมื่อเรียกแล้ว สามารถเพิ่มค่าว่องไว 7 แต้ม		เมื่อใช้สามารถนำ [Flying Rat Sapphire] เก็บใส่ชั่นวางของ เมื่อเก็บแล้ว สามารถเรียกได้
14042	Remains Bibi	ประเภทชั้นเก็บของ: สัตว์เลี้ยง \nเมื่อเรียกมาสามารถเพิ่มกาย 5 แต้ม, ว่องไว 5 แต้ม, รู้สึก 5 แต้ม, จำนวนเลือดสูงสุด 500 แต้ม		เมื่อใช้สามารถนำ [Remains Bibi] เก็บใส่ชั่นวางของ เมื่อเก็บแล้ว สามารถเรียกได้
14043	Crystal Bibi	ประเภทตู้เก็บของ: สัตว์เลี้ยง\nเมื่อเรียกแล้ว สามารถเพิ่มค่าว่องไว 4 แต้ม		เมื่อใช้สามารถนำ [Crystal Bibi] เก็บใส่ชั่นวางของ เมื่อเก็บแล้ว สามารถเรียกได้
14044	Navy Two Tripods	ประเภทตู้เก็บของ: สัตว์เลี้ยง\nเมื่อเรียกแล้ว สามารถเพิ่มค่าว่องไว 3 แต้ม		เมื่อใช้สามารถนำ [Navy Two Tripods] เก็บใส่ชั่นวางของ เมื่อเก็บแล้ว สามารถเรียกได้
14045	Protect City Mech	ประเภทตู้เก็บของ: สัตว์เลี้ยง\nเมื่อเรียกแล้ว สามารถเพิ่มค่าว่องไว 6 แต้ม		เมื่อใช้สามารถนำ [Protect City Mech] เก็บใส่ชั่นวางของ เมื่อเก็บแล้ว สามารถเรียกได้
14046	Navy Tiger Mech	ประเภทตู้เก็บของ: สัตว์เลี้ยง\nเมื่อเรียกแล้ว สามารถเพิ่มค่าว่องไว 3 แต้ม		เมื่อใช้สามารถนำ [Navy Tiger Mech] เก็บใส่ชั่นวางของ เมื่อเก็บแล้ว สามารถเรียกได้
14047	Pirates blitz Mech	ประเภทตู้เก็บของ: สัตว์เลี้ยง\nเมื่อเรียกแล้ว สามารถเพิ่มค่ารู้สึก 7 แต้ม		เมื่อใช้สามารถนำ [Pirates blitz Mech] เก็บใส่ชั่นวางของ เมื่อเก็บแล้ว สามารถเรียกได้
14048	Air Thief Meteor Mech	ประเภทตู้เก็บของ: สัตว์เลี้ยง\nเมื่อเรียกแล้ว สามารถเพิ่มค่าปัญญา 7 แต้ม		เมื่อใช้สามารถนำ [Air Thief Meteor Mech] เก็บใส่ชั่นวางของ เมื่อเก็บแล้ว สามารถเรียกได้
14049	Navy guns Mech	ประเภทตู้เก็บของ: สัตว์เลี้ยง\nเมื่อเรียกแล้ว สามารถเพิ่มค่ากาย 7 แต้ม		เมื่อใช้สามารถนำ [Navy guns Mech] เก็บใส่ชั่นวางของ เมื่อเก็บแล้ว สามารถเรียกได้
14050	Fire Euglena	ประเภทตู้เก็บของ: สัตว์เลี้ยง\nเมื่อเรียกแล้ว สามารถเพิ่มค่าปัญญา 5 แต้ม		เมื่อใช้สามารถนำ [Fire Euglena] เก็บใส่ชั่นวางของ เมื่อเก็บแล้ว สามารถเรียกได้
14051	Crusty Bone Fish	ประเภทตู้เก็บของ: สัตว์เลี้ยง\nเมื่อเรียกแล้ว สามารถเพิ่มค่าปัญญา 2 แต้ม		เมื่อใช้สามารถนำ [Crusty Bone Fish] เก็บใส่ชั่นวางของ เมื่อเก็บแล้ว สามารถเรียกได้
14052	Jade Euglena	ประเภทตู้เก็บของ: สัตว์เลี้ยง\nเมื่อเรียกแล้ว สามารถเพิ่มค่าปัญญา 6 แต้ม		เมื่อใช้สามารถนำ [Jade Euglena] เก็บใส่ชั่นวางของ เมื่อเก็บแล้ว สามารถเรียกได้
14053	Craig Firebird	ประเภทตู้เก็บของ: สัตว์เลี้ยง\nเมื่อเรียกแล้ว สามารถเพิ่มค่าปัญญา 4 แต้ม		เมื่อใช้สามารถนำ [Craig Firebird] เก็บใส่ชั่นวางของ เมื่อเก็บแล้ว สามารถเรียกได้
14054	Ominous Bird	ประเภทตู้เก็บของ: สัตว์เลี้ยง\nเมื่อเรียกแล้ว สามารถเพิ่มค่าปัญญา 3 แต้ม		เมื่อใช้สามารถนำ [Ominous Bird] เก็บใส่ชั่นวางของ เมื่อเก็บแล้ว สามารถเรียกได้
14055	Angel Sheep	ประเภทตู้เก็บของ: สัตว์เลี้ยง\nเมื่อเรียกแล้ว สามารถเพิ่มค่าปัญญา 4 แต้ม		เมื่อใช้สามารถนำ [Angel Sheep] เก็บใส่ชั่นวางของ เมื่อเก็บแล้ว สามารถเรียกได้
14056	Blue Sea Snake	ประเภทตู้เก็บของ: สัตว์เลี้ยง\nเมื่อเรียกแล้ว สามารถเพิ่มค่ารู้สึก 5 แต้ม		เมื่อใช้สามารถนำ [Blue Sea Snake] เก็บใส่ชั่นวางของ เมื่อเก็บแล้ว สามารถเรียกได้
14057	Sharp snake poison ivy	ประเภทตู้เก็บของ: สัตว์เลี้ยง\nเมื่อเรียกแล้ว สามารถเพิ่มค่ารู้สึก 3 แต้ม		เมื่อใช้สามารถนำ [Sharp snake poison ivy] เก็บใส่ชั่นวางของ เมื่อเก็บแล้ว สามารถเรียกได้
14058	Red Flame Creeper	ประเภทตู้เก็บของ: สัตว์เลี้ยง\nเมื่อเรียกแล้ว สามารถเพิ่มค่ารู้สึก 6 แต้ม		เมื่อใช้สามารถนำ [Red Flame Creeper] เก็บใส่ชั่นวางของ เมื่อเก็บแล้ว สามารถเรียกได้
14059	Phantom Demon Snake	ประเภทตู้เก็บของ: สัตว์เลี้ยง\nเมื่อเรียกแล้ว สามารถเพิ่มค่ารู้สึก 2 แต้ม		เมื่อใช้สามารถนำ [Phantom Demon Snake] เก็บใส่ชั่นวางของ เมื่อเก็บแล้ว สามารถเรียกได้
14060	Temple Snake	ประเภทตู้เก็บของ: สัตว์เลี้ยง\nเมื่อเรียกแล้ว สามารถเพิ่มค่ารู้สึก 4 แต้ม		เมื่อใช้สามารถนำ [Temple Snake] เก็บใส่ชั่นวางของ เมื่อเก็บแล้ว สามารถเรียกได้
14061	Snail	ประเภทตู้เก็บของ: สัตว์เลี้ยง\nเมื่อเรียกแล้ว สามารถเพิ่มค่ากาย 2 แต้ม		เมื่อใช้สามารถนำ [Snail] เก็บใส่ชั่นวางของ เมื่อเก็บแล้ว สามารถเรียกได้
14062	Deep Sea Snail	ประเภทตู้เก็บของ: สัตว์เลี้ยง\nเมื่อเรียกแล้ว สามารถเพิ่มค่ากาย 5 แต้ม		เมื่อใช้สามารถนำ [Deep Sea Snail] เก็บใส่ชั่นวางของ เมื่อเก็บแล้ว สามารถเรียกได้
14063	Flash Snail	ประเภทตู้เก็บของ: สัตว์เลี้ยง\nเมื่อเรียกแล้ว สามารถเพิ่มค่ากาย 4 แต้ม		เมื่อใช้สามารถนำ [Flash Snail] เก็บใส่ชั่นวางของ เมื่อเก็บแล้ว สามารถเรียกได้
14064	Fighting Fish soldier	ประเภทตู้เก็บของ: สัตว์เลี้ยง\nเมื่อเรียกแล้ว สามารถเพิ่มค่าพลัง 1 แต้ม		เมื่อใช้สามารถนำ [Fighting Fish soldier] เก็บใส่ชั่นวางของ เมื่อเก็บแล้ว สามารถเรียกได้
14065	Gentry Platypus	ประเภทตู้เก็บของ: สัตว์เลี้ยง\nเมื่อเรียกแล้ว สามารถเพิ่มค่าพลัง 3 แต้ม		เมื่อใช้สามารถนำ [Gentry Platypus] เก็บใส่ชั่นวางของ เมื่อเก็บแล้ว สามารถเรียกได้
14066	Scythe beetle	ประเภทตู้เก็บของ: สัตว์เลี้ยง\nเมื่อเรียกแล้ว สามารถเพิ่มค่าพลัง 3 แต้ม		เมื่อใช้สามารถนำ [Scythe beetle] เก็บใส่ชั่นวางของ เมื่อเก็บแล้ว สามารถเรียกได้
14067	Sunry beetle	ประเภทตู้เก็บของ: สัตว์เลี้ยง\nเมื่อเรียกแล้ว สามารถเพิ่มค่าพลัง 4 แต้ม		เมื่อใช้สามารถนำ [Sunry beetle] เก็บใส่ชั่นวางของ เมื่อเก็บแล้ว สามารถเรียกได้
14068	Blue Beetle	ประเภทตู้เก็บของ: สัตว์เลี้ยง\nเมื่อเรียกแล้ว สามารถเพิ่มค่าพลัง 7 แต้ม		เมื่อใช้สามารถนำ [Blue Beetle] เก็บใส่ชั่นวางของ เมื่อเก็บแล้ว สามารถเรียกได้
14069	Thorn Hammer Bee	ประเภทตู้เก็บของ: สัตว์เลี้ยง\nเมื่อเรียกแล้ว สามารถเพิ่มค่าปัญญา 2 แต้ม		เมื่อใช้สามารถนำ [Thorn Hammer Bee] เก็บใส่ชั่นวางของ เมื่อเก็บแล้ว สามารถเรียกได้
14070	Red blood Bee	ประเภทตู้เก็บของ: สัตว์เลี้ยง\nเมื่อเรียกแล้ว สามารถเพิ่มค่าปัญญา 3 แต้ม		เมื่อใช้สามารถนำ [Red blood Bee] เก็บใส่ชั่นวางของ เมื่อเก็บแล้ว สามารถเรียกได้
14071	Sea Phantom	ประเภทชั้นเก็บของ: สัตว์เลี้ยง \nเมื่อเรียกสามารถเพิ่มจำนวนเลือดสูงสุด 500 แต้ม		เมื่อใช้สามารถนำ [Sea Phantom] เก็บใส่ชั่นวางของ เมื่อเก็บแล้ว สามารถเรียกได้
14072	Nelson	ประเภทชั้นเก็บของ: สัตว์เลี้ยง \nเมื่อเรียกสามารถเพิ่มจำนวนเลือดสูงสุด 500 แต้ม		เมื่อใช้สามารถนำ [Nelson] เก็บใส่ชั่นวางของ เมื่อเก็บแล้ว สามารถเรียกได้
14073	Odyssey	ประเภทชั้นเก็บของ: สัตว์เลี้ยง \nเมื่อเรียกสามารถเพิ่มจำนวนเลือดสูงสุด 500 แต้ม		เมื่อใช้สามารถนำ [Odyssey] เก็บใส่ชั่นวางของ เมื่อเก็บแล้ว สามารถเรียกได้
14074	Plato	ประเภทชั้นเก็บของ: สัตว์เลี้ยง \nเมื่อเรียกสามารถเพิ่มจำนวนเลือดสูงสุด 500 แต้ม		เมื่อใช้สามารถนำ [Plato] เก็บใส่ชั่นวางของ เมื่อเก็บแล้ว สามารถเรียกได้
14075	Jason	ประเภทชั้นเก็บของ: สัตว์เลี้ยง \nเมื่อเรียกสามารถเพิ่มจำนวนเลือดสูงสุด 500 แต้ม		เมื่อใช้สามารถนำ [Jason] เก็บใส่ชั่นวางของ เมื่อเก็บแล้ว สามารถเรียกได้
14076	Medea	ประเภทชั้นเก็บของ: สัตว์เลี้ยง \nเมื่อเรียกสามารถเพิ่มจำนวนเลือดสูงสุด 500 แต้ม		เมื่อใช้สามารถนำ [Medea] เก็บใส่ชั่นวางของ เมื่อเก็บแล้ว สามารถเรียกได้
14077	Drake	ประเภทชั้นเก็บของ: สัตว์เลี้ยง \nเมื่อเรียกสามารถเพิ่มจำนวนเลือดสูงสุด 500 แต้ม		เมื่อใช้สามารถนำ [Drake] เก็บใส่ชั่นวางของ เมื่อเก็บแล้ว สามารถเรียกได้
14078	Siren	ประเภทตู้เก็บของ: สัตว์สวยงาม\nเมื่อเรียกจะเพิ่ม All Stat+2, เลือดสูงสุด 500 แต้ม	ไม่สามารถรวมได้	เมื่อใช้สามารถนำ [Siren] เก็บใส่ชั่นวางของ เมื่อเก็บแล้ว สามารถเรียกได้
14079	Rosemary	ประเภทชั้นเก็บของ: สัตว์เลี้ยง \nเมื่อเรียกสามารถเพิ่มจำนวนเลือดสูงสุด 500 แต้ม		เมื่อใช้สามารถนำ [Rosemary] เก็บใส่ชั่นวางของ เมื่อเก็บแล้ว สามารถเรียกได้
14080	Angelina	ประเภทชั้นเก็บของ: สัตว์เลี้ยง \nเมื่อเรียกสามารถเพิ่มจำนวนเลือดสูงสุด 500 แต้ม		เมื่อใช้สามารถนำ [Angelina] เก็บใส่ชั่นวางของ เมื่อเก็บแล้ว สามารถเรียกได้
14081	Bismarck	ประเภทชั้นเก็บของ: สัตว์เลี้ยง \nเมื่อเรียกสามารถเพิ่มจำนวนเลือดสูงสุด 500 แต้ม		เมื่อใช้สามารถนำ [Bismarck] เก็บใส่ชั่นวางของ เมื่อเก็บแล้ว สามารถเรียกได้
14082	Isoroku Yamamoto	ประเภทตู้เก็บของ: สัตว์สวยงาม\nเมื่อเรียกจะเพิ่ม All Stat+2, เลือดสูงสุด 500 แต้ม	ไม่สามารถรวมได้	เมื่อใช้จะนำ [Isoroku Yamamoto] ใส่ลงในตู้เก็บของ สามารถเรียกได้
14083	Columbus	ประเภทชั้นเก็บของ: สัตว์เลี้ยง \nเมื่อเรียกสามารถเพิ่มจำนวนเลือดสูงสุด 500 แต้ม		เมื่อใช้สามารถนำ [Columbus] เก็บใส่ชั่นวางของ เมื่อเก็บแล้ว สามารถเรียกได้
14084	Magellan	ประเภทชั้นเก็บของ: สัตว์เลี้ยง \nเมื่อเรียกสามารถเพิ่มจำนวนเลือดสูงสุด 500 แต้ม		เมื่อใช้สามารถนำ [Magellan] เก็บใส่ชั่นวางของ เมื่อเก็บแล้ว สามารถเรียกได้
14085	Angel of Death	ประเภทตู้เก็บของ: สัตว์สวยงาม\nเมื่อเรียกจะเพิ่ม All Stat+2, เลือดสูงสุด 500 แต้ม	ไม่สามารถรวมได้	เมื่อใช้สามารถนำ [Angel of Death] เก็บใส่ชั่นวางของ เมื่อเก็บแล้ว สามารถเรียกได้
14086	Juoda	ประเภทตู้เก็บของ: สัตว์สวยงาม\nเมื่อเรียกจะเพิ่มกาย, พลัง, ว่องไว อย่างละ 2 แต้ม, เลือดสูงสุด 500 แต้ม		เมื่อใช้สามารถนำ [Juoda] เก็บใส่ชั่นวางของ เมื่อเก็บแล้ว สามารถเรียกได้
14087	Rosie Antelope	ประเภทตู้เก็บของ: สัตว์สวยงาม\nเมื่อเรียกจะเพิ่มกาย, พลัง, ว่องไว อย่างละ 2 แต้ม, เลือดสูงสุด 500 แต้ม		เมื่อใช้สามารถนำ [Rosie Antelope] เก็บใส่ชั่นวางของ เมื่อเก็บแล้ว สามารถเรียกได้
14088	Pumpkin Ghost	ประเภทชั้นเก็บของ: สัตว์เลี้ยง		เมื่อใช้สามารถนำ [Pumpkin Ghost] เก็บใส่ชั่นวางของ เมื่อเก็บแล้ว สามารถเรียกได้
14089	Skeleton Seaman	ประเภทชั้นเก็บของ: สัตว์เลี้ยง		เมื่อใช้สามารถนำ [Skeleton Seaman] เก็บใส่ชั่นวางของ เมื่อเก็บแล้ว สามารถเรียกได้
14090	Christmas Elf-Warm	ประเภทชั้นเก็บของ: สัตว์เลี้ยง		เมื่อใช้สามารถนำ [Christmas Elf-Warm] เก็บใส่ชั่นวางของ เมื่อเก็บแล้ว สามารถเรียกได้
14091	Christmas Elf-Pretty	ประเภทชั้นเก็บของ: สัตว์เลี้ยง		เมื่อใช้สามารถนำ [Christmas Elf-Pretty] เก็บใส่ชั่นวางของ เมื่อเก็บแล้ว สามารถเรียกได้
14092	Romantic Lover	ประเภทชั้นเก็บของ: สัตว์เลี้ยง		เมื่อใช้สามารถนำ [Romantic Lover] เก็บใส่ชั่นวางของ เมื่อเก็บแล้ว สามารถเรียกได้
14093	Pink Beauty	ประเภทชั้นเก็บของ: สัตว์เลี้ยง		เมื่อใช้สามารถนำ [Pink Beauty] เก็บใส่ชั่นวางของ เมื่อเก็บแล้ว สามารถเรียกได้
15001	Blind Hound	ประเภทชั้นเก็บของ:สัตว์ขี่ สัตว์ขี่นั่งได้คนเดียว ความเร็วเคลื่อนที่ 760		เมื่อใช้สามารถนำ [Blind Hound] เก็บใส่ชั่นวางของ เมื่อเก็บแล้ว สามารถเรียกได้
15002	Exotic Demon Wolf	ประเภทชั้นเก็บของ:สัตว์ขี่ สัตว์ขี่นั่งได้คนเดียว ความเร็วเคลื่อนที่ 790 \n\nสกิลที่สามารถใช้ได้ในการขี่: [Assault] 		เมื่อใช้สามารถนำ [Exotic Demon Wolf] เก็บใส่ชั่นวางของ เมื่อเก็บแล้ว สามารถเรียกได้
15003	Red Flame Demon Wolf	ประเภทชั้นเก็บของ:สัตว์ขี่ สัตว์ขี่นั่งได้คนเดียว ความเร็วเคลื่อนที่ 820 \n\nสกิลที่สามารถใช้ได้ในการขี่: [Assault] 		เมื่อใช้สามารถนำ [Red Flame Demon Wolf] เก็บใส่ชั่นวางของ เมื่อเก็บแล้ว สามารถเรียกได้
15004	Purple Flame Lion	ประเภทชั้นเก็บของ:สัตว์ขี่ สัตว์ขี่นั่งได้คนเดียว ความเร็วเคลื่อนที่ 820		เมื่อใช้จะเก็บ [Purple Flame Lion] ลงในตู้เก็บของ เมื่อเก็บแล้วสามารถเรียกได้
15005	Christmas Elk	ประเภทชั้นเก็บของ:สัตว์ขี่ สัตว์ขี่นั่งได้คนเดียว ความเร็วเคลื่อนที่ 760		เมื่อใช้สามารถนำ [Christmas Elk] เก็บใส่ชั่นวางของ เมื่อเก็บแล้ว สามารถเรียกได้
16001	Mold-Strong Iron sword	ประเภท: ดาบ ทำจากช่างที่เก่งกาจ สามารถเปลี่ยนรูปลักษณ์ของอาวุธชนิดเดียวกันให้เป็นรูปลักษณ์ [Strong Iron sword] ได้		เมื่อใช้แล้ว คลิกซ้ายเลือกเป้าหมายที่ต้องการเปลี่ยนรูปลักษณ์ในกระเป๋าได้
16002	Mold-Iron Fine sword	ประเภท: ดาบ ทำจากช่างที่เก่งกาจ สามารถเปลี่ยนรูปลักษณ์ของอาวุธชนิดเดียวกันให้เป็นรูปลักษณ์ [Iron Fine sword] ได้		เมื่อใช้แล้ว คลิกซ้ายเลือกเป้าหมายที่ต้องการเปลี่ยนรูปลักษณ์ในกระเป๋าได้
16003	Mold-Silver Sword	ประเภท: ดาบ ทำจากช่างที่เก่งกาจจาก Outer Space Ocean สามารถเปลี่ยนรูปลักษณ์ของอาวุธชนิดเดียวกันให้เป็นรูปลักษณ์ [Silver Sword] ได้		เมื่อใช้แล้ว คลิกซ้ายเลือกเป้าหมายที่ต้องการเปลี่ยนรูปลักษณ์ในกระเป๋าได้ และมีโอกาส 5% ที่จะได้รับค่าสเตตัสเพิ่มเติม! 
16004	Mold-Golden Sword	ประเภท: ดาบ ทำจากช่างที่เก่งกาจจาก Bermuda Sea สามารถเปลี่ยนรูปลักษณ์ของอาวุธชนิดเดียวกันให้เป็นรูปลักษณ์ [Golden Sword]		เมื่อใช้แล้ว คลิกซ้ายเลือกเป้าหมายที่ต้องการเปลี่ยนรูปลักษณ์ในกระเป๋าได้ และมีโอกาส 7% ที่จะได้รับค่าสเตตัสเพิ่มเติม! 
16005	Mold-Red Night Devil	ประเภท: ดาบ ทำจากช่างที่เก่งกาจจากมหาสมุทร Atlantis  สามารถเปลี่ยนรูปลักษณ์ของอาวุธชนิดเดียวกันให้เป็นรูปลักษณ์ [Red Night Devil] ได้		เมื่อใช้แล้ว คลิกซ้ายเลือกเป้าหมายที่ต้องการเปลี่ยนรูปลักษณ์ในกระเป๋าได้ และมีโอกาส 3% ที่จะได้รับค่าสเตตัสเพิ่มเติม! 
16006	Mold-Green Night Devil	ประเภท: ดาบ ทำจากช่างที่เก่งกาจจากเมืองลอยฟ้า Nora Jana สามารถเปลี่ยนรูปลักษณ์ของอาวุธชนิดเดียวกันให้เป็นรูปลักษณ์ [Green Night Devil] ได้		เมื่อใช้แล้ว คลิกซ้ายเลือกเป้าหมายที่ต้องการเปลี่ยนรูปลักษณ์ในกระเป๋าได้ และมีโอกาส 9% ที่จะได้รับค่าสเตตัสเพิ่มเติม! 
16007	Mold-Pirate Sword	ประเภท: ดาบ ทำจากช่างที่เก่งกาจจาก Outer Space Ocean สามารถเปลี่ยนรูปลักษณ์ของอาวุธชนิดเดียวกันให้เป็นรูปลักษณ์ [Pirate Sword] ได้		เมื่อใช้แล้ว คลิกซ้ายเลือกเป้าหมายที่ต้องการเปลี่ยนรูปลักษณ์ในกระเป๋าได้ และมีโอกาส 5% ที่จะได้รับค่าสเตตัสเพิ่มเติม! 
16008	Mold-Pirate Sword	ประเภท: ดาบ ทำจากช่างที่เก่งกาจ สามารถเปลี่ยนรูปลักษณ์ของอาวุธชนิดเดียวกันให้เป็นรูปลักษณ์ [Pirate Sword] ได้		เมื่อใช้แล้ว คลิกซ้ายเลือกเป้าหมายที่ต้องการเปลี่ยนรูปลักษณ์ในกระเป๋าได้
16009	Mold-King Hold Knife	ประเภท: ดาบ ทำจากช่างที่เก่งกาจจาก Bermuda Sea สามารถเปลี่ยนรูปลักษณ์ของอาวุธชนิดเดียวกันให้เป็นรูปลักษณ์ [King Hold Knife]		เมื่อใช้แล้ว คลิกซ้ายเลือกเป้าหมายที่ต้องการเปลี่ยนรูปลักษณ์ในกระเป๋าได้ และมีโอกาส 7% ที่จะได้รับค่าสเตตัสเพิ่มเติม! 
16010	Mold-Glitter Hold Knife	ประเภท: ดาบ ทำจากช่างที่เก่งกาจจากเมืองลอยฟ้า Nora Jana สามารถเปลี่ยนรูปลักษณ์ของอาวุธชนิดเดียวกันให้เป็นรูปลักษณ์ [Glitter Hold Knife] ได้		เมื่อใช้แล้ว คลิกซ้ายเลือกเป้าหมายที่ต้องการเปลี่ยนรูปลักษณ์ในกระเป๋าได้ และมีโอกาส 9% ที่จะได้รับค่าสเตตัสเพิ่มเติม! 
16011	Mold-Soldier Sword	ประเภท: ดาบ ทำจากช่างที่เก่งกาจ สามารถเปลี่ยนรูปลักษณ์ของอาวุธชนิดเดียวกันให้เป็นรูปลักษณ์ [Soldier Sword] ได้		เมื่อใช้แล้ว คลิกซ้ายเลือกเป้าหมายที่ต้องการเปลี่ยนรูปลักษณ์ในกระเป๋าได้
16012	Mold-Uranium Sword	ประเภท: ดาบ ทำจากช่างที่เก่งกาจ สามารถเปลี่ยนรูปลักษณ์ของอาวุธชนิดเดียวกันให้เป็นรูปลักษณ์ [Uranium Sword] ได้		เมื่อใช้แล้ว คลิกซ้ายเลือกเป้าหมายที่ต้องการเปลี่ยนรูปลักษณ์ในกระเป๋าได้
16013	Mold-Black King Saw	ประเภท: ดาบ ทำจากช่างที่เก่งกาจจากเมืองลอยฟ้า Nora Jana สามารถเปลี่ยนรูปลักษณ์ของอาวุธชนิดเดียวกันให้เป็นรูปลักษณ์ [Black King Saw] ได้		เมื่อใช้แล้ว คลิกซ้ายเลือกเป้าหมายที่ต้องการเปลี่ยนรูปลักษณ์ในกระเป๋าได้ และมีโอกาส 9% ที่จะได้รับค่าสเตตัสเพิ่มเติม! 
16014	Mold-Green King Saw	ประเภท: ดาบ ทำจากช่างที่เก่งกาจจาก Bermuda Sea สามารถเปลี่ยนรูปลักษณ์ของอาวุธชนิดเดียวกันให้เป็นรูปลักษณ์ [Green King Saw]		เมื่อใช้แล้ว คลิกซ้ายเลือกเป้าหมายที่ต้องการเปลี่ยนรูปลักษณ์ในกระเป๋าได้ และมีโอกาส 7% ที่จะได้รับค่าสเตตัสเพิ่มเติม! 
16015	Mold-Forest Saw Blade	ประเภท: ดาบ ทำจากช่างที่เก่งกาจจากมหาสมุทร Atlantis  สามารถเปลี่ยนรูปลักษณ์ของอาวุธชนิดเดียวกันให้เป็นรูปลักษณ์ [Forest Saw Blade] ได้		เมื่อใช้แล้ว คลิกซ้ายเลือกเป้าหมายที่ต้องการเปลี่ยนรูปลักษณ์ในกระเป๋าได้ และมีโอกาส 3% ที่จะได้รับค่าสเตตัสเพิ่มเติม! 
16016	Mold-Gloom Saw Blade	ประเภท: ดาบ ทำจากช่างที่เก่งกาจ สามารถเปลี่ยนรูปลักษณ์ของอาวุธชนิดเดียวกันให้เป็นรูปลักษณ์ [Gloom Saw Blade] ได้		เมื่อใช้แล้ว คลิกซ้ายเลือกเป้าหมายที่ต้องการเปลี่ยนรูปลักษณ์ในกระเป๋าได้
16017	Mold-Blue stab	ประเภท: ดาบ ทำจากช่างที่เก่งกาจจากมหาสมุทร Atlantis  สามารถเปลี่ยนรูปลักษณ์ของอาวุธชนิดเดียวกันให้เป็นรูปลักษณ์ [Blue stab] ได้		เมื่อใช้แล้ว คลิกซ้ายเลือกเป้าหมายที่ต้องการเปลี่ยนรูปลักษณ์ในกระเป๋าได้ และมีโอกาส 3% ที่จะได้รับค่าสเตตัสเพิ่มเติม! 
16018	Mold-Back Sword	ประเภท: ดาบ ทำจากช่างที่เก่งกาจจาก Outer Space Ocean สามารถเปลี่ยนรูปลักษณ์ของอาวุธชนิดเดียวกันให้เป็นรูปลักษณ์ [Back Sword] ได้		เมื่อใช้แล้ว คลิกซ้ายเลือกเป้าหมายที่ต้องการเปลี่ยนรูปลักษณ์ในกระเป๋าได้ และมีโอกาส 5% ที่จะได้รับค่าสเตตัสเพิ่มเติม! 
16019	Mold-Fire Sword	ประเภท: ดาบ ทำจากช่างที่เก่งกาจจาก Outer Space Ocean สามารถเปลี่ยนรูปลักษณ์ของอาวุธชนิดเดียวกันให้เป็นรูปลักษณ์ [Fire Sword] ได้		เมื่อใช้แล้ว คลิกซ้ายเลือกเป้าหมายที่ต้องการเปลี่ยนรูปลักษณ์ในกระเป๋าได้ และมีโอกาส 5% ที่จะได้รับค่าสเตตัสเพิ่มเติม! 
16020	Mold-Blast Blade	ประเภท: ดาบ ทำจากช่างที่เก่งกาจจากมหาสมุทร Atlantis  สามารถเปลี่ยนรูปลักษณ์ของอาวุธชนิดเดียวกันให้เป็นรูปลักษณ์ [Blast Blade] ได้		เมื่อใช้แล้ว คลิกซ้ายเลือกเป้าหมายที่ต้องการเปลี่ยนรูปลักษณ์ในกระเป๋าได้ และมีโอกาส 3% ที่จะได้รับค่าสเตตัสเพิ่มเติม! 
16021	Mold-Dagger	ประเภท: ดาบ ทำจากช่างที่เก่งกาจ สามารถเปลี่ยนรูปลักษณ์ของอาวุธชนิดเดียวกันให้เป็นรูปลักษณ์ [Dagger] ได้		เมื่อใช้แล้ว คลิกซ้ายเลือกเป้าหมายที่ต้องการเปลี่ยนรูปลักษณ์ในกระเป๋าได้
16022	Mold-Sharp Dagger	ประเภท: ดาบ ทำจากช่างที่เก่งกาจ สามารถเปลี่ยนรูปลักษณ์ของอาวุธชนิดเดียวกันให้เป็นรูปลักษณ์ [Sharp Dagger] ได้		เมื่อใช้แล้ว คลิกซ้ายเลือกเป้าหมายที่ต้องการเปลี่ยนรูปลักษณ์ในกระเป๋าได้
16023	Mold-Golden Bull Blade	ประเภท: ดาบ ทำจากช่างที่เก่งกาจจาก Bermuda Sea สามารถเปลี่ยนรูปลักษณ์ของอาวุธชนิดเดียวกันให้เป็นรูปลักษณ์ [Golden Bull Blade]		เมื่อใช้แล้ว คลิกซ้ายเลือกเป้าหมายที่ต้องการเปลี่ยนรูปลักษณ์ในกระเป๋าได้ และมีโอกาส 7% ที่จะได้รับค่าสเตตัสเพิ่มเติม! 
16024	Mold-Red Flame Wide Blade	ประเภท: ดาบ ทำจากช่างที่เก่งกาจจากเมืองลอยฟ้า Nora Jana สามารถเปลี่ยนรูปลักษณ์ของอาวุธชนิดเดียวกันให้เป็นรูปลักษณ์ [Red Flame Wide Blade] ได้		เมื่อใช้แล้ว คลิกซ้ายเลือกเป้าหมายที่ต้องการเปลี่ยนรูปลักษณ์ในกระเป๋าได้ และมีโอกาส 9% ที่จะได้รับค่าสเตตัสเพิ่มเติม! 
16025	Mold-Blood Sickle	ประเภท: ดาบ ทำจากช่างที่เก่งกาจ สามารถเปลี่ยนรูปลักษณ์ของอาวุธชนิดเดียวกันให้เป็นรูปลักษณ์ [Blood Sickle] ได้		เมื่อใช้แล้ว คลิกซ้ายเลือกเป้าหมายที่ต้องการเปลี่ยนรูปลักษณ์ในกระเป๋าได้ และมีโอกาส 16% ที่จะได้รับค่าสเตตัสเพิ่มเติม! 
16026	Mold-Tranquil Ominous Blade	ประเภท: ดาบ ทำจากช่างที่เก่งกาจ สามารถเปลี่ยนรูปลักษณ์ของอาวุธชนิดเดียวกันให้เป็นรูปลักษณ์ [Tranquil Ominous Blade] ได้		เมื่อใช้แล้ว คลิกซ้ายเลือกเป้าหมายที่ต้องการเปลี่ยนรูปลักษณ์ในกระเป๋าได้
16027	Mold-Colorful Wing	ประเภท: ดาบ ทำจากช่างที่เก่งกาจ สามารถเปลี่ยนรูปลักษณ์ของอาวุธชนิดเดียวกันให้เป็นรูปลักษณ์ [Colorful Wing] ได้		เมื่อใช้แล้ว คลิกซ้ายเลือกเป้าหมายที่ต้องการเปลี่ยนรูปลักษณ์ในกระเป๋าได้ และมีโอกาส 16% ที่จะได้รับค่าสเตตัสเพิ่มเติม! 
16028	Mold-Purple Wing	ประเภท: ดาบ ทำจากช่างที่เก่งกาจ สามารถเปลี่ยนรูปลักษณ์ของอาวุธชนิดเดียวกันให้เป็นรูปลักษณ์ [Purple Wing] ได้		เมื่อใช้แล้ว คลิกซ้ายเลือกเป้าหมายที่ต้องการเปลี่ยนรูปลักษณ์ในกระเป๋าได้
16029	Mold-Red Feather Hook	ประเภท: ดาบ ทำจากช่างที่เก่งกาจ สามารถเปลี่ยนรูปลักษณ์ของอาวุธชนิดเดียวกันให้เป็นรูปลักษณ์ [Red Feather Hook] ได้		เมื่อใช้แล้ว คลิกซ้ายเลือกเป้าหมายที่ต้องการเปลี่ยนรูปลักษณ์ในกระเป๋าได้ และมีโอกาส 16% ที่จะได้รับค่าสเตตัสเพิ่มเติม! 
16030	Mold-Kingfisher Hook	ประเภท: ดาบ ทำจากช่างที่เก่งกาจ สามารถเปลี่ยนรูปลักษณ์ของอาวุธชนิดเดียวกันให้เป็นรูปลักษณ์ [Kingfisher Hook] ได้		เมื่อใช้แล้ว คลิกซ้ายเลือกเป้าหมายที่ต้องการเปลี่ยนรูปลักษณ์ในกระเป๋าได้
16031	Mold-Knight  Sword	ประเภท: ดาบ ทำจากช่างที่เก่งกาจจากมหาสมุทร Atlantis  สามารถเปลี่ยนรูปลักษณ์ของอาวุธชนิดเดียวกันให้เป็นรูปลักษณ์ [Knight Sword] ได้		เมื่อใช้แล้ว คลิกซ้ายเลือกเป้าหมายที่ต้องการเปลี่ยนรูปลักษณ์ในกระเป๋าได้ และมีโอกาส 3% ที่จะได้รับค่าสเตตัสเพิ่มเติม! 
16032	Mold-Night Sword	ประเภท: ดาบ ทำจากช่างที่เก่งกาจ สามารถเปลี่ยนรูปลักษณ์ของอาวุธชนิดเดียวกันให้เป็นรูปลักษณ์ [Night Sword] ได้		เมื่อใช้แล้ว คลิกซ้ายเลือกเป้าหมายที่ต้องการเปลี่ยนรูปลักษณ์ในกระเป๋าได้
16033	Mold-Laurel Glory	ประเภท: ดาบ ทำจากช่างที่เก่งกาจจาก Outer Space Ocean สามารถเปลี่ยนรูปลักษณ์ของอาวุธชนิดเดียวกันให้เป็นรูปลักษณ์ [Laurel Glory] ได้		เมื่อใช้แล้ว คลิกซ้ายเลือกเป้าหมายที่ต้องการเปลี่ยนรูปลักษณ์ในกระเป๋าได้ และมีโอกาส 5% ที่จะได้รับค่าสเตตัสเพิ่มเติม! 
16034	Mold-Fire Of Sharp	ประเภท: ดาบ ทำจากช่างที่เก่งกาจ สามารถเปลี่ยนรูปลักษณ์ของอาวุธชนิดเดียวกันให้เป็นรูปลักษณ์ [Fire Of Sharp] ได้		เมื่อใช้แล้ว คลิกซ้ายเลือกเป้าหมายที่ต้องการเปลี่ยนรูปลักษณ์ในกระเป๋าได้
16035	Mold-Linear	ประเภท: ดาบ ทำจากช่างที่เก่งกาจจาก Bermuda Sea สามารถเปลี่ยนรูปลักษณ์ของอาวุธชนิดเดียวกันให้เป็นรูปลักษณ์ [Linear]		เมื่อใช้แล้ว คลิกซ้ายเลือกเป้าหมายที่ต้องการเปลี่ยนรูปลักษณ์ในกระเป๋าได้ และมีโอกาส 7% ที่จะได้รับค่าสเตตัสเพิ่มเติม! 
16036	Mold-Broken Phantom	ประเภท: ดาบ ทำจากช่างที่เก่งกาจจากเมืองลอยฟ้า Nora Jana สามารถเปลี่ยนรูปลักษณ์ของอาวุธชนิดเดียวกันให้เป็นรูปลักษณ์ [Broken Phantom] ได้		เมื่อใช้แล้ว คลิกซ้ายเลือกเป้าหมายที่ต้องการเปลี่ยนรูปลักษณ์ในกระเป๋าได้ และมีโอกาส 9% ที่จะได้รับค่าสเตตัสเพิ่มเติม! 
16037	Mold-Morning Sun	ประเภท: ไม้เท้า ทำจากช่างที่เก่งกาจ สามารถเปลี่ยนรูปลักษณ์ของอาวุธชนิดเดียวกันให้เป็นรูปลักษณ์ [Morning Sun] ได้		เมื่อใช้แล้ว คลิกซ้ายเลือกเป้าหมายที่ต้องการเปลี่ยนรูปลักษณ์ในกระเป๋าได้
16038	Mold-Sunset	ประเภท: ไม้เท้า ทำจากช่างที่เก่งกาจจาก Outer Space Ocean สามารถเปลี่ยนรูปลักษณ์ของอาวุธชนิดเดียวกันให้เป็นรูปลักษณ์ [Sunset] ได้		เมื่อใช้แล้ว คลิกซ้ายเลือกเป้าหมายที่ต้องการเปลี่ยนรูปลักษณ์ในกระเป๋าได้ และมีโอกาส 5% ที่จะได้รับค่าสเตตัสเพิ่มเติม! 
16039	Mold-Iron Rod	ประเภท: ไม้เท้า ทำจากช่างที่เก่งกาจจากมหาสมุทร Atlantis  สามารถเปลี่ยนรูปลักษณ์ของอาวุธชนิดเดียวกันให้เป็นรูปลักษณ์ [Iron Rod] ได้		เมื่อใช้แล้ว คลิกซ้ายเลือกเป้าหมายที่ต้องการเปลี่ยนรูปลักษณ์ในกระเป๋าได้ และมีโอกาส 3% ที่จะได้รับค่าสเตตัสเพิ่มเติม! 
16040	Mold-Heavy Rod	ประเภท: ไม้เท้า ทำจากช่างที่เก่งกาจจาก Bermuda Sea สามารถเปลี่ยนรูปลักษณ์ของอาวุธชนิดเดียวกันให้เป็นรูปลักษณ์ [Heavy Rod]		เมื่อใช้แล้ว คลิกซ้ายเลือกเป้าหมายที่ต้องการเปลี่ยนรูปลักษณ์ในกระเป๋าได้ และมีโอกาส 7% ที่จะได้รับค่าสเตตัสเพิ่มเติม! 
16041	Mold-Green Kilin Glow	ประเภท: ไม้เท้า ทำจากช่างที่เก่งกาจ สามารถเปลี่ยนรูปลักษณ์ของอาวุธชนิดเดียวกันให้เป็นรูปลักษณ์ [Green Kilin Glow] ได้		เมื่อใช้แล้ว คลิกซ้ายเลือกเป้าหมายที่ต้องการเปลี่ยนรูปลักษณ์ในกระเป๋าได้
16042	Mold-Purple Kilin Flame	ประเภท: ไม้เท้า ทำจากช่างที่เก่งกาจจากเมืองลอยฟ้า Nora Jana สามารถเปลี่ยนรูปลักษณ์ของอาวุธชนิดเดียวกันให้เป็นรูปลักษณ์ 『Purple Kilin Flame』 ได้		เมื่อใช้แล้ว คลิกซ้ายเลือกเป้าหมายที่ต้องการเปลี่ยนรูปลักษณ์ในกระเป๋าได้ และมีโอกาส 9% ที่จะได้รับค่าสเตตัสเพิ่มเติม! 
16043	Mold-Wood Stick	ประเภท: ไม้เท้า ทำจากช่างที่เก่งกาจ สามารถเปลี่ยนรูปลักษณ์ของอาวุธชนิดเดียวกันให้เป็นรูปลักษณ์ [Wood Stick] ได้		เมื่อใช้แล้ว คลิกซ้ายเลือกเป้าหมายที่ต้องการเปลี่ยนรูปลักษณ์ในกระเป๋าได้
16044	Mold-Gray Stick	ประเภท: ไม้เท้า ทำจากช่างที่เก่งกาจ สามารถเปลี่ยนรูปลักษณ์ของอาวุธชนิดเดียวกันให้เป็นรูปลักษณ์ [Gray Stick] ได้		เมื่อใช้แล้ว คลิกซ้ายเลือกเป้าหมายที่ต้องการเปลี่ยนรูปลักษณ์ในกระเป๋าได้
16045	Mold-Sky Wing	ประเภท: ไม้เท้า ทำจากช่างที่เก่งกาจจาก Outer Space Ocean สามารถเปลี่ยนรูปลักษณ์ของอาวุธชนิดเดียวกันให้เป็นรูปลักษณ์ [Sky Wing] ได้		เมื่อใช้แล้ว คลิกซ้ายเลือกเป้าหมายที่ต้องการเปลี่ยนรูปลักษณ์ในกระเป๋าได้ และมีโอกาส 5% ที่จะได้รับค่าสเตตัสเพิ่มเติม! 
16046	Mold-Dark Waste Wing	ประเภท: ไม้เท้า ทำจากช่างที่เก่งกาจจากเมืองลอยฟ้า Nora Jana สามารถเปลี่ยนรูปลักษณ์ของอาวุธชนิดเดียวกันให้เป็นรูปลักษณ์ [Dark Waste Wing] ได้		เมื่อใช้แล้ว คลิกซ้ายเลือกเป้าหมายที่ต้องการเปลี่ยนรูปลักษณ์ในกระเป๋าได้ และมีโอกาส 9% ที่จะได้รับค่าสเตตัสเพิ่มเติม! 
16047	Mold-Black Wing Devil	ประเภท: ไม้เท้า ทำจากช่างที่เก่งกาจจาก Bermuda Sea สามารถเปลี่ยนรูปลักษณ์ของอาวุธชนิดเดียวกันให้เป็นรูปลักษณ์ [Black Wing Devil]		เมื่อใช้แล้ว คลิกซ้ายเลือกเป้าหมายที่ต้องการเปลี่ยนรูปลักษณ์ในกระเป๋าได้ และมีโอกาส 7% ที่จะได้รับค่าสเตตัสเพิ่มเติม! 
16048	Mold-Devil Feather	ประเภท: ไม้เท้า ทำจากช่างที่เก่งกาจ สามารถเปลี่ยนรูปลักษณ์ของอาวุธชนิดเดียวกันให้เป็นรูปลักษณ์ [Devil Feather] ได้		เมื่อใช้แล้ว คลิกซ้ายเลือกเป้าหมายที่ต้องการเปลี่ยนรูปลักษณ์ในกระเป๋าได้
16049	Mold-Flame Angel Staff	ประเภท: ไม้เท้า ทำจากช่างที่เก่งกาจจากมหาสมุทร Atlantis  สามารถเปลี่ยนรูปลักษณ์ของอาวุธชนิดเดียวกันให้เป็นรูปลักษณ์ [Flame Angel Staff] ได้		เมื่อใช้แล้ว คลิกซ้ายเลือกเป้าหมายที่ต้องการเปลี่ยนรูปลักษณ์ในกระเป๋าได้ และมีโอกาส 3% ที่จะได้รับค่าสเตตัสเพิ่มเติม! 
16050	Mold-Angel Wand	ประเภท: ไม้เท้า ทำจากช่างที่เก่งกาจ สามารถเปลี่ยนรูปลักษณ์ของอาวุธชนิดเดียวกันให้เป็นรูปลักษณ์ [Angel Wand] ได้		เมื่อใช้แล้ว คลิกซ้ายเลือกเป้าหมายที่ต้องการเปลี่ยนรูปลักษณ์ในกระเป๋าได้
16051	Mold-Influence Feather Butterfly	ประเภท: ไม้เท้า ทำจากช่างที่เก่งกาจจาก Outer Space Ocean สามารถเปลี่ยนรูปลักษณ์ของอาวุธชนิดเดียวกันให้เป็นรูปลักษณ์ [Influence Feather Butterfly] ได้		เมื่อใช้แล้ว คลิกซ้ายเลือกเป้าหมายที่ต้องการเปลี่ยนรูปลักษณ์ในกระเป๋าได้ และมีโอกาส 5% ที่จะได้รับค่าสเตตัสเพิ่มเติม! 
16052	Mold-Fly Feather Butterfly	ประเภท: ไม้เท้า ทำจากช่างที่เก่งกาจจากเมืองลอยฟ้า Nora Jana สามารถเปลี่ยนรูปลักษณ์ของอาวุธชนิดเดียวกันให้เป็นรูปลักษณ์ [Fly Feather Butterfly] ได้		เมื่อใช้แล้ว คลิกซ้ายเลือกเป้าหมายที่ต้องการเปลี่ยนรูปลักษณ์ในกระเป๋าได้ และมีโอกาส 9% ที่จะได้รับค่าสเตตัสเพิ่มเติม! 
16053	Mold-Blue Hippocampal	ประเภท: ไม้เท้า ทำจากช่างที่เก่งกาจจาก Bermuda Sea สามารถเปลี่ยนรูปลักษณ์ของอาวุธชนิดเดียวกันให้เป็นรูปลักษณ์ [Blue Hippocampal]		เมื่อใช้แล้ว คลิกซ้ายเลือกเป้าหมายที่ต้องการเปลี่ยนรูปลักษณ์ในกระเป๋าได้ และมีโอกาส 7% ที่จะได้รับค่าสเตตัสเพิ่มเติม! 
16054	Mold-Dream hippocampus	ประเภท: ไม้เท้า ทำจากช่างที่เก่งกาจ สามารถเปลี่ยนรูปลักษณ์ของอาวุธชนิดเดียวกันให้เป็นรูปลักษณ์ [Dream hippocampus] ได้		เมื่อใช้แล้ว คลิกซ้ายเลือกเป้าหมายที่ต้องการเปลี่ยนรูปลักษณ์ในกระเป๋าได้
16055	Mold-Wooden Wheel Rod	ประเภท: ไม้เท้า ทำจากช่างที่เก่งกาจจากมหาสมุทร Atlantis  สามารถเปลี่ยนรูปลักษณ์ของอาวุธชนิดเดียวกันให้เป็นรูปลักษณ์ [Wooden Wheel Rod] ได้		เมื่อใช้แล้ว คลิกซ้ายเลือกเป้าหมายที่ต้องการเปลี่ยนรูปลักษณ์ในกระเป๋าได้ และมีโอกาส 3% ที่จะได้รับค่าสเตตัสเพิ่มเติม! 
16056	Mold-Iron Helm Rod	ประเภท: ไม้เท้า ทำจากช่างที่เก่งกาจ สามารถเปลี่ยนรูปลักษณ์ของอาวุธชนิดเดียวกันให้เป็นรูปลักษณ์ [Iron Helm Rod] ได้		เมื่อใช้แล้ว คลิกซ้ายเลือกเป้าหมายที่ต้องการเปลี่ยนรูปลักษณ์ในกระเป๋าได้
16057	Mold-Shine Sun	ประเภท: ไม้เท้า ทำจากช่างที่เก่งกาจจาก Outer Space Ocean สามารถเปลี่ยนรูปลักษณ์ของอาวุธชนิดเดียวกันให้เป็นรูปลักษณ์ [Shine Sun] ได้		เมื่อใช้แล้ว คลิกซ้ายเลือกเป้าหมายที่ต้องการเปลี่ยนรูปลักษณ์ในกระเป๋าได้ และมีโอกาส 5% ที่จะได้รับค่าสเตตัสเพิ่มเติม! 
16058	Mold-Smiling Mask	ประเภท: ไม้เท้า ทำจากช่างที่เก่งกาจ สามารถเปลี่ยนรูปลักษณ์ของอาวุธชนิดเดียวกันให้เป็นรูปลักษณ์ [Smiling Mask] ได้		เมื่อใช้แล้ว คลิกซ้ายเลือกเป้าหมายที่ต้องการเปลี่ยนรูปลักษณ์ในกระเป๋าได้
16059	Mold-Snow  Frost	ประเภท: ไม้เท้า ทำจากช่างที่เก่งกาจจาก Bermuda Sea สามารถเปลี่ยนรูปลักษณ์ของอาวุธชนิดเดียวกันให้เป็นรูปลักษณ์ [Snow Frost]		เมื่อใช้แล้ว คลิกซ้ายเลือกเป้าหมายที่ต้องการเปลี่ยนรูปลักษณ์ในกระเป๋าได้ และมีโอกาส 7% ที่จะได้รับค่าสเตตัสเพิ่มเติม! 
16060	Mold-Fever Ice	ประเภท: ไม้เท้า ทำจากช่างที่เก่งกาจจากเมืองลอยฟ้า Nora Jana สามารถเปลี่ยนรูปลักษณ์ของอาวุธชนิดเดียวกันให้เป็นรูปลักษณ์ [Fever Ice] ได้		เมื่อใช้แล้ว คลิกซ้ายเลือกเป้าหมายที่ต้องการเปลี่ยนรูปลักษณ์ในกระเป๋าได้ และมีโอกาส 9% ที่จะได้รับค่าสเตตัสเพิ่มเติม! 
16061	Mold-Temple Allure	ประเภท: ไม้เท้า ทำจากช่างที่เก่งกาจ สามารถเปลี่ยนรูปลักษณ์ของอาวุธชนิดเดียวกันให้เป็นรูปลักษณ์ [Temple Allure] ได้		เมื่อใช้แล้ว คลิกซ้ายเลือกเป้าหมายที่ต้องการเปลี่ยนรูปลักษณ์ในกระเป๋าได้ และมีโอกาส 16% ที่จะได้รับค่าสเตตัสเพิ่มเติม! 
16062	Mold-Devil  Dungeon	ประเภท: ไม้เท้า ทำจากช่างที่เก่งกาจ สามารถเปลี่ยนรูปลักษณ์ของอาวุธชนิดเดียวกันให้เป็นรูปลักษณ์ [Devil Dungeon] ได้		เมื่อใช้แล้ว คลิกซ้ายเลือกเป้าหมายที่ต้องการเปลี่ยนรูปลักษณ์ในกระเป๋าได้ และมีโอกาส 16% ที่จะได้รับค่าสเตตัสเพิ่มเติม! 
16063	Mold-Enchant Residual	ประเภท: ไม้เท้า ทำจากช่างที่เก่งกาจ สามารถเปลี่ยนรูปลักษณ์ของอาวุธชนิดเดียวกันให้เป็นรูปลักษณ์ [Enchant Residual] ได้		เมื่อใช้แล้ว คลิกซ้ายเลือกเป้าหมายที่ต้องการเปลี่ยนรูปลักษณ์ในกระเป๋าได้
16064	Mold-Rose	ประเภท: ไม้เท้า ทำจากช่างที่เก่งกาจ สามารถเปลี่ยนรูปลักษณ์ของอาวุธชนิดเดียวกันให้เป็นรูปลักษณ์ [Rose] ได้		เมื่อใช้แล้ว คลิกซ้ายเลือกเป้าหมายที่ต้องการเปลี่ยนรูปลักษณ์ในกระเป๋าได้ และมีโอกาส 16% ที่จะได้รับค่าสเตตัสเพิ่มเติม! 
16065	Mold-Rosebush	ประเภท: ไม้เท้า ทำจากช่างที่เก่งกาจ สามารถเปลี่ยนรูปลักษณ์ของอาวุธชนิดเดียวกันให้เป็นรูปลักษณ์ [Rosebush] ได้		เมื่อใช้แล้ว คลิกซ้ายเลือกเป้าหมายที่ต้องการเปลี่ยนรูปลักษณ์ในกระเป๋าได้
16066	Mold-Forest Movement	ประเภท: ไม้เท้า ทำจากช่างที่เก่งกาจ สามารถเปลี่ยนรูปลักษณ์ของอาวุธชนิดเดียวกันให้เป็นรูปลักษณ์ [Forest Movement] ได้		เมื่อใช้แล้ว คลิกซ้ายเลือกเป้าหมายที่ต้องการเปลี่ยนรูปลักษณ์ในกระเป๋าได้ และมีโอกาส 16% ที่จะได้รับค่าสเตตัสเพิ่มเติม! 
16067	Mold-Ocean Note	ประเภท: ไม้เท้า ทำจากช่างที่เก่งกาจ สามารถเปลี่ยนรูปลักษณ์ของอาวุธชนิดเดียวกันให้เป็นรูปลักษณ์ [Ocean Note] ได้		เมื่อใช้แล้ว คลิกซ้ายเลือกเป้าหมายที่ต้องการเปลี่ยนรูปลักษณ์ในกระเป๋าได้
16068	Mold-Vermilion Armored	ประเภท: ไม้เท้า ทำจากช่างที่เก่งกาจ สามารถเปลี่ยนรูปลักษณ์ของอาวุธชนิดเดียวกันให้เป็นรูปลักษณ์ [Vermilion Armored] ได้		เมื่อใช้แล้ว คลิกซ้ายเลือกเป้าหมายที่ต้องการเปลี่ยนรูปลักษณ์ในกระเป๋าได้
16069	Mold-Green Armored	ประเภท: ไม้เท้า ทำจากช่างที่เก่งกาจจาก Outer Space Ocean สามารถเปลี่ยนรูปลักษณ์ของอาวุธชนิดเดียวกันให้เป็นรูปลักษณ์ [Green Armored] ได้		เมื่อใช้แล้ว คลิกซ้ายเลือกเป้าหมายที่ต้องการเปลี่ยนรูปลักษณ์ในกระเป๋าได้ และมีโอกาส 5% ที่จะได้รับค่าสเตตัสเพิ่มเติม! 
16070	Mold-Nightmare Root	ประเภท: ไม้เท้า ทำจากช่างที่เก่งกาจ สามารถเปลี่ยนรูปลักษณ์ของอาวุธชนิดเดียวกันให้เป็นรูปลักษณ์ [Nightmare Root] ได้		เมื่อใช้แล้ว คลิกซ้ายเลือกเป้าหมายที่ต้องการเปลี่ยนรูปลักษณ์ในกระเป๋าได้
16071	Mold-Flame Root	ประเภท: ไม้เท้า ทำจากช่างที่เก่งกาจจาก Bermuda Sea สามารถเปลี่ยนรูปลักษณ์ของอาวุธชนิดเดียวกันให้เป็นรูปลักษณ์ [Flame Root]		เมื่อใช้แล้ว คลิกซ้ายเลือกเป้าหมายที่ต้องการเปลี่ยนรูปลักษณ์ในกระเป๋าได้ และมีโอกาส 7% ที่จะได้รับค่าสเตตัสเพิ่มเติม! 
16072	Mold-Aluminum Armored Rod	ประเภท: ไม้เท้า ทำจากช่างที่เก่งกาจจากเมืองลอยฟ้า Nora Jana สามารถเปลี่ยนรูปลักษณ์ของอาวุธชนิดเดียวกันให้เป็นรูปลักษณ์ [Aluminum Armored Rod] ได้		เมื่อใช้แล้ว คลิกซ้ายเลือกเป้าหมายที่ต้องการเปลี่ยนรูปลักษณ์ในกระเป๋าได้ และมีโอกาส 9% ที่จะได้รับค่าสเตตัสเพิ่มเติม! 
16073	Mold-Savage Visor	ประเภท: ไม้เท้า ทำจากช่างที่เก่งกาจจากมหาสมุทร Atlantis  สามารถเปลี่ยนรูปลักษณ์ของอาวุธชนิดเดียวกันให้เป็นรูปลักษณ์ [Savage Visor] ได้		เมื่อใช้แล้ว คลิกซ้ายเลือกเป้าหมายที่ต้องการเปลี่ยนรูปลักษณ์ในกระเป๋าได้ และมีโอกาส 3% ที่จะได้รับค่าสเตตัสเพิ่มเติม! 
16074	Mold-Quaint Hammer	ประเภท: ค้อน ทำจากช่างที่เก่งกาจจากมหาสมุทร Atlantis  สามารถเปลี่ยนรูปลักษณ์ของอาวุธชนิดเดียวกันให้เป็นรูปลักษณ์ [Quaint Hammer] ได้		เมื่อใช้แล้ว คลิกซ้ายเลือกเป้าหมายที่ต้องการเปลี่ยนรูปลักษณ์ในกระเป๋าได้ และมีโอกาส 3% ที่จะได้รับค่าสเตตัสเพิ่มเติม! 
16075	Mold-Obtuse Hammer	ประเภท: ค้อน ทำจากช่างที่เก่งกาจ สามารถเปลี่ยนรูปลักษณ์ของอาวุธชนิดเดียวกันให้เป็นรูปลักษณ์ [Obtuse Hammer] ได้		เมื่อใช้แล้ว คลิกซ้ายเลือกเป้าหมายที่ต้องการเปลี่ยนรูปลักษณ์ในกระเป๋าได้
16076	Mold-Black Iron Hammer	ประเภท: ค้อน ทำจากช่างที่เก่งกาจจาก Outer Space Ocean สามารถเปลี่ยนรูปลักษณ์ของอาวุธชนิดเดียวกันให้เป็นรูปลักษณ์ [Black Iron Hammer] ได้		เมื่อใช้แล้ว คลิกซ้ายเลือกเป้าหมายที่ต้องการเปลี่ยนรูปลักษณ์ในกระเป๋าได้ และมีโอกาส 5% ที่จะได้รับค่าสเตตัสเพิ่มเติม! 
16077	Mold-Red leaves Hammer	ประเภท: ค้อน ทำจากช่างที่เก่งกาจ สามารถเปลี่ยนรูปลักษณ์ของอาวุธชนิดเดียวกันให้เป็นรูปลักษณ์ [Red leaves Hammer] ได้		เมื่อใช้แล้ว คลิกซ้ายเลือกเป้าหมายที่ต้องการเปลี่ยนรูปลักษณ์ในกระเป๋าได้
16078	Mold-Revenant Signet	ประเภท: ค้อน ทำจากช่างที่เก่งกาจจาก Bermuda Sea สามารถเปลี่ยนรูปลักษณ์ของอาวุธชนิดเดียวกันให้เป็นรูปลักษณ์ [Revenant Signet]		เมื่อใช้แล้ว คลิกซ้ายเลือกเป้าหมายที่ต้องการเปลี่ยนรูปลักษณ์ในกระเป๋าได้ และมีโอกาส 7% ที่จะได้รับค่าสเตตัสเพิ่มเติม! 
16079	Mold-Evil Signet	ประเภท: ค้อน ทำจากช่างที่เก่งกาจจากเมืองลอยฟ้า Nora Jana สามารถเปลี่ยนรูปลักษณ์ของอาวุธชนิดเดียวกันให้เป็นรูปลักษณ์ [Evil Signet] ได้		เมื่อใช้แล้ว คลิกซ้ายเลือกเป้าหมายที่ต้องการเปลี่ยนรูปลักษณ์ในกระเป๋าได้ และมีโอกาส 9% ที่จะได้รับค่าสเตตัสเพิ่มเติม! 
16080	Mold-Scheelite Hammer	ประเภท: ค้อน ทำจากช่างที่เก่งกาจจากมหาสมุทร Atlantis  สามารถเปลี่ยนรูปลักษณ์ของอาวุธชนิดเดียวกันให้เป็นรูปลักษณ์ [Scheelite Hammer] ได้		เมื่อใช้แล้ว คลิกซ้ายเลือกเป้าหมายที่ต้องการเปลี่ยนรูปลักษณ์ในกระเป๋าได้ และมีโอกาส 3% ที่จะได้รับค่าสเตตัสเพิ่มเติม! 
16081	Mold-Flint Hammer	ประเภท: ค้อน ทำจากช่างที่เก่งกาจ สามารถเปลี่ยนรูปลักษณ์ของอาวุธชนิดเดียวกันให้เป็นรูปลักษณ์ [Flint Hammer] ได้		เมื่อใช้แล้ว คลิกซ้ายเลือกเป้าหมายที่ต้องการเปลี่ยนรูปลักษณ์ในกระเป๋าได้
16082	Mold-Seal Hammer	ประเภท: ค้อน ทำจากช่างที่เก่งกาจจาก Outer Space Ocean สามารถเปลี่ยนรูปลักษณ์ของอาวุธชนิดเดียวกันให้เป็นรูปลักษณ์ [Seal Hammer] ได้		เมื่อใช้แล้ว คลิกซ้ายเลือกเป้าหมายที่ต้องการเปลี่ยนรูปลักษณ์ในกระเป๋าได้ และมีโอกาส 5% ที่จะได้รับค่าสเตตัสเพิ่มเติม! 
16083	Mold-Chinese Seal Hammer	ประเภท: ค้อน ทำจากช่างที่เก่งกาจ สามารถเปลี่ยนรูปลักษณ์ของอาวุธชนิดเดียวกันให้เป็นรูปลักษณ์ [Chinese Seal Hammer] ได้		เมื่อใช้แล้ว คลิกซ้ายเลือกเป้าหมายที่ต้องการเปลี่ยนรูปลักษณ์ในกระเป๋าได้
16084	Mold-Dea Guard	ประเภท: ค้อน ทำจากช่างที่เก่งกาจจาก Bermuda Sea สามารถเปลี่ยนรูปลักษณ์ของอาวุธชนิดเดียวกันให้เป็นรูปลักษณ์ [Dea Guard]		เมื่อใช้แล้ว คลิกซ้ายเลือกเป้าหมายที่ต้องการเปลี่ยนรูปลักษณ์ในกระเป๋าได้ และมีโอกาส 7% ที่จะได้รับค่าสเตตัสเพิ่มเติม! 
16085	Mold-Lea Guard	ประเภท: ค้อน ทำจากช่างที่เก่งกาจจากเมืองลอยฟ้า Nora Jana สามารถเปลี่ยนรูปลักษณ์ของอาวุธชนิดเดียวกันให้เป็นรูปลักษณ์ [Lea Guard] ได้		เมื่อใช้แล้ว คลิกซ้ายเลือกเป้าหมายที่ต้องการเปลี่ยนรูปลักษณ์ในกระเป๋าได้ และมีโอกาส 9% ที่จะได้รับค่าสเตตัสเพิ่มเติม! 
16086	Mold-Guard Hammer	ประเภท: ค้อน ทำจากช่างที่เก่งกาจ สามารถเปลี่ยนรูปลักษณ์ของอาวุธชนิดเดียวกันให้เป็นรูปลักษณ์ [Guard Hammer] ได้		เมื่อใช้แล้ว คลิกซ้ายเลือกเป้าหมายที่ต้องการเปลี่ยนรูปลักษณ์ในกระเป๋าได้
16087	Mold-Red Hammer	ประเภท: ค้อน ทำจากช่างที่เก่งกาจ สามารถเปลี่ยนรูปลักษณ์ของอาวุธชนิดเดียวกันให้เป็นรูปลักษณ์ [Red Hammer] ได้		เมื่อใช้แล้ว คลิกซ้ายเลือกเป้าหมายที่ต้องการเปลี่ยนรูปลักษณ์ในกระเป๋าได้
16088	Mold-Purify Morning Light	ประเภท: ค้อน ทำจากช่างที่เก่งกาจจากมหาสมุทร Atlantis  สามารถเปลี่ยนรูปลักษณ์ของอาวุธชนิดเดียวกันให้เป็นรูปลักษณ์ [Purify Morning Light] ได้		เมื่อใช้แล้ว คลิกซ้ายเลือกเป้าหมายที่ต้องการเปลี่ยนรูปลักษณ์ในกระเป๋าได้ และมีโอกาส 3% ที่จะได้รับค่าสเตตัสเพิ่มเติม! 
16089	Mold-Elegant Petal	ประเภท: ค้อน ทำจากช่างที่เก่งกาจจากเมืองลอยฟ้า Nora Jana สามารถเปลี่ยนรูปลักษณ์ของอาวุธชนิดเดียวกันให้เป็นรูปลักษณ์ [Elegant Petal] ได้		เมื่อใช้แล้ว คลิกซ้ายเลือกเป้าหมายที่ต้องการเปลี่ยนรูปลักษณ์ในกระเป๋าได้ และมีโอกาส 9% ที่จะได้รับค่าสเตตัสเพิ่มเติม! 
16090	Mold-Dark War Hammer	ประเภท: ค้อน ทำจากช่างที่เก่งกาจจาก Bermuda Sea สามารถเปลี่ยนรูปลักษณ์ของอาวุธชนิดเดียวกันให้เป็นรูปลักษณ์ [Dark War Hammer]		เมื่อใช้แล้ว คลิกซ้ายเลือกเป้าหมายที่ต้องการเปลี่ยนรูปลักษณ์ในกระเป๋าได้ และมีโอกาส 7% ที่จะได้รับค่าสเตตัสเพิ่มเติม! 
16091	Mold-War Strength Hammer	ประเภท: ค้อน ทำจากช่างที่เก่งกาจ สามารถเปลี่ยนรูปลักษณ์ของอาวุธชนิดเดียวกันให้เป็นรูปลักษณ์ [War Strength Hammer] ได้		เมื่อใช้แล้ว คลิกซ้ายเลือกเป้าหมายที่ต้องการเปลี่ยนรูปลักษณ์ในกระเป๋าได้
16092	Mold-Dry Carving	ประเภท: ค้อน ทำจากช่างที่เก่งกาจจาก Outer Space Ocean สามารถเปลี่ยนรูปลักษณ์ของอาวุธชนิดเดียวกันให้เป็นรูปลักษณ์ [Dry Carving] ได้		เมื่อใช้แล้ว คลิกซ้ายเลือกเป้าหมายที่ต้องการเปลี่ยนรูปลักษณ์ในกระเป๋าได้ และมีโอกาส 5% ที่จะได้รับค่าสเตตัสเพิ่มเติม! 
16093	Mold-Red Disaster	ประเภท: ค้อน ทำจากช่างที่เก่งกาจ สามารถเปลี่ยนรูปลักษณ์ของอาวุธชนิดเดียวกันให้เป็นรูปลักษณ์ [Red Disaster] ได้		เมื่อใช้แล้ว คลิกซ้ายเลือกเป้าหมายที่ต้องการเปลี่ยนรูปลักษณ์ในกระเป๋าได้ และมีโอกาส 16% ที่จะได้รับค่าสเตตัสเพิ่มเติม! 
16094	Mold-Night Monster	ประเภท: ค้อน ทำจากช่างที่เก่งกาจ สามารถเปลี่ยนรูปลักษณ์ของอาวุธชนิดเดียวกันให้เป็นรูปลักษณ์ [Night Monster] ได้		เมื่อใช้แล้ว คลิกซ้ายเลือกเป้าหมายที่ต้องการเปลี่ยนรูปลักษณ์ในกระเป๋าได้
16095	Mold-Lion Guard	ประเภท: ค้อน ทำจากช่างที่เก่งกาจ สามารถเปลี่ยนรูปลักษณ์ของอาวุธชนิดเดียวกันให้เป็นรูปลักษณ์ [Lion Guard] ได้		เมื่อใช้แล้ว คลิกซ้ายเลือกเป้าหมายที่ต้องการเปลี่ยนรูปลักษณ์ในกระเป๋าได้ และมีโอกาส 16% ที่จะได้รับค่าสเตตัสเพิ่มเติม! 
16096	Mold-Lion Guard 	ประเภท: ค้อน ทำจากช่างที่เก่งกาจ สามารถเปลี่ยนรูปลักษณ์ของอาวุธชนิดเดียวกันให้เป็นรูปลักษณ์ [Lion Guard ] ได้		เมื่อใช้แล้ว คลิกซ้ายเลือกเป้าหมายที่ต้องการเปลี่ยนรูปลักษณ์ในกระเป๋าได้
16097	Mold-Serenity Horn	ประเภท: ค้อน ทำจากช่างที่เก่งกาจ สามารถเปลี่ยนรูปลักษณ์ของอาวุธชนิดเดียวกันให้เป็นรูปลักษณ์ [Serenity Horn] ได้		เมื่อใช้แล้ว คลิกซ้ายเลือกเป้าหมายที่ต้องการเปลี่ยนรูปลักษณ์ในกระเป๋าได้ และมีโอกาส 16% ที่จะได้รับค่าสเตตัสเพิ่มเติม! 
16098	Mold-Holy War Crystal	ประเภท: ค้อน ทำจากช่างที่เก่งกาจจากมหาสมุทร Atlantis  สามารถเปลี่ยนรูปลักษณ์ของอาวุธชนิดเดียวกันให้เป็นรูปลักษณ์ [Holy War Crystal] ได้		เมื่อใช้แล้ว คลิกซ้ายเลือกเป้าหมายที่ต้องการเปลี่ยนรูปลักษณ์ในกระเป๋าได้ และมีโอกาส 3% ที่จะได้รับค่าสเตตัสเพิ่มเติม! 
16099	Mold-Evil War Crystal	ประเภท: ค้อน ทำจากช่างที่เก่งกาจจาก Bermuda Sea สามารถเปลี่ยนรูปลักษณ์ของอาวุธชนิดเดียวกันให้เป็นรูปลักษณ์ [Evil War Crystal]		เมื่อใช้แล้ว คลิกซ้ายเลือกเป้าหมายที่ต้องการเปลี่ยนรูปลักษณ์ในกระเป๋าได้ และมีโอกาส 7% ที่จะได้รับค่าสเตตัสเพิ่มเติม! 
16100	Mold-Blue Star Angel	ประเภท: ค้อน ทำจากช่างที่เก่งกาจ สามารถเปลี่ยนรูปลักษณ์ของอาวุธชนิดเดียวกันให้เป็นรูปลักษณ์ [Blue Star Angel] ได้		เมื่อใช้แล้ว คลิกซ้ายเลือกเป้าหมายที่ต้องการเปลี่ยนรูปลักษณ์ในกระเป๋าได้
16101	Mold-Planet Angel	ประเภท: ค้อน ทำจากช่างที่เก่งกาจจากเมืองลอยฟ้า Nora Jana สามารถเปลี่ยนรูปลักษณ์ของอาวุธชนิดเดียวกันให้เป็นรูปลักษณ์ [Planet Angel] ได้		เมื่อใช้แล้ว คลิกซ้ายเลือกเป้าหมายที่ต้องการเปลี่ยนรูปลักษณ์ในกระเป๋าได้ และมีโอกาส 9% ที่จะได้รับค่าสเตตัสเพิ่มเติม! 
16102	Mold-Salvation Neon	ประเภท: ค้อน ทำจากช่างที่เก่งกาจจาก Outer Space Ocean สามารถเปลี่ยนรูปลักษณ์ของอาวุธชนิดเดียวกันให้เป็นรูปลักษณ์ [Salvation Neon] ได้		เมื่อใช้แล้ว คลิกซ้ายเลือกเป้าหมายที่ต้องการเปลี่ยนรูปลักษณ์ในกระเป๋าได้ และมีโอกาส 5% ที่จะได้รับค่าสเตตัสเพิ่มเติม! 
16103	Mold-Salvation Whisper	ประเภท: ค้อน ทำจากช่างที่เก่งกาจ สามารถเปลี่ยนรูปลักษณ์ของอาวุธชนิดเดียวกันให้เป็นรูปลักษณ์ [Salvation Whisper] ได้		เมื่อใช้แล้ว คลิกซ้ายเลือกเป้าหมายที่ต้องการเปลี่ยนรูปลักษณ์ในกระเป๋าได้
16104	Mold-Purify Dragon Attack	ประเภท: ค้อน ทำจากช่างที่เก่งกาจจากมหาสมุทร Atlantis  สามารถเปลี่ยนรูปลักษณ์ของอาวุธชนิดเดียวกันให้เป็นรูปลักษณ์ [Purify Dragon Attack] ได้		เมื่อใช้แล้ว คลิกซ้ายเลือกเป้าหมายที่ต้องการเปลี่ยนรูปลักษณ์ในกระเป๋าได้ และมีโอกาส 3% ที่จะได้รับค่าสเตตัสเพิ่มเติม! 
16105	Mold-Magic Dragon Attack	ประเภท: ค้อน ทำจากช่างที่เก่งกาจ สามารถเปลี่ยนรูปลักษณ์ของอาวุธชนิดเดียวกันให้เป็นรูปลักษณ์ [Magic Dragon Attack] ได้		เมื่อใช้แล้ว คลิกซ้ายเลือกเป้าหมายที่ต้องการเปลี่ยนรูปลักษณ์ในกระเป๋าได้
16106	Mold-Underworld Psychopomp	ประเภท: ค้อน ทำจากช่างที่เก่งกาจจาก Outer Space Ocean สามารถเปลี่ยนรูปลักษณ์ของอาวุธชนิดเดียวกันให้เป็นรูปลักษณ์ [Underworld Psychopomp] ได้		เมื่อใช้แล้ว คลิกซ้ายเลือกเป้าหมายที่ต้องการเปลี่ยนรูปลักษณ์ในกระเป๋าได้ และมีโอกาส 5% ที่จะได้รับค่าสเตตัสเพิ่มเติม! 
16107	Mold-Poseidon Envoy	ประเภท: ค้อน ทำจากช่างที่เก่งกาจจาก Bermuda Sea สามารถเปลี่ยนรูปลักษณ์ของอาวุธชนิดเดียวกันให้เป็นรูปลักษณ์ [Poseidon Envoy]		เมื่อใช้แล้ว คลิกซ้ายเลือกเป้าหมายที่ต้องการเปลี่ยนรูปลักษณ์ในกระเป๋าได้ และมีโอกาส 7% ที่จะได้รับค่าสเตตัสเพิ่มเติม! 
16108	Mold-North Sea Hero	ประเภท: ค้อน ทำจากช่างที่เก่งกาจจากเมืองลอยฟ้า Nora Jana สามารถเปลี่ยนรูปลักษณ์ของอาวุธชนิดเดียวกันให้เป็นรูปลักษณ์ [North Sea Hero] ได้		เมื่อใช้แล้ว คลิกซ้ายเลือกเป้าหมายที่ต้องการเปลี่ยนรูปลักษณ์ในกระเป๋าได้ และมีโอกาส 9% ที่จะได้รับค่าสเตตัสเพิ่มเติม! 
16109	Mold-Quaint Shield	ประเภท: โล่ ทำจากช่างที่เก่งกาจจากมหาสมุทร Atlantis  สามารถเปลี่ยนรูปลักษณ์ของอาวุธชนิดเดียวกันให้เป็นรูปลักษณ์ [Quaint Shield] ได้		เมื่อใช้แล้ว คลิกซ้ายเลือกเป้าหมายที่ต้องการเปลี่ยนรูปลักษณ์ในกระเป๋าได้ และมีโอกาส 3% ที่จะได้รับค่าสเตตัสเพิ่มเติม! 
16110	Mold-Obtuse Shield	ประเภท: โล่ ทำจากช่างที่เก่งกาจ สามารถเปลี่ยนรูปลักษณ์ของอาวุธชนิดเดียวกันให้เป็นรูปลักษณ์ [Obtuse Shield] ได้		เมื่อใช้แล้ว คลิกซ้ายเลือกเป้าหมายที่ต้องการเปลี่ยนรูปลักษณ์ในกระเป๋าได้
16111	Mold-Black iron Shield	ประเภท: โล่ ทำจากช่างที่เก่งกาจจาก Outer Space Ocean สามารถเปลี่ยนรูปลักษณ์ของอาวุธชนิดเดียวกันให้เป็นรูปลักษณ์ [Black iron Shield] ได้		เมื่อใช้แล้ว คลิกซ้ายเลือกเป้าหมายที่ต้องการเปลี่ยนรูปลักษณ์ในกระเป๋าได้ และมีโอกาส 5% ที่จะได้รับค่าสเตตัสเพิ่มเติม! 
16112	Mold-Red Leaves Shield	ประเภท: โล่ ทำจากช่างที่เก่งกาจ สามารถเปลี่ยนรูปลักษณ์ของอาวุธชนิดเดียวกันให้เป็นรูปลักษณ์ [Red Leaves Shield] ได้		เมื่อใช้แล้ว คลิกซ้ายเลือกเป้าหมายที่ต้องการเปลี่ยนรูปลักษณ์ในกระเป๋าได้
16113	Mold-Spirit Shield	ประเภท: โล่ ทำจากช่างที่เก่งกาจจาก Bermuda Sea สามารถเปลี่ยนรูปลักษณ์ของอาวุธชนิดเดียวกันให้เป็นรูปลักษณ์ [Revenant Signet]		เมื่อใช้แล้ว คลิกซ้ายเลือกเป้าหมายที่ต้องการเปลี่ยนรูปลักษณ์ในกระเป๋าได้ และมีโอกาส 7% ที่จะได้รับค่าสเตตัสเพิ่มเติม! 
16114	Mold-Soul Shield	ประเภท：เกราะ ทำจากช่างที่เก่งกาจจากเมืองลอยฟ้า Nora Jana สามารถเปลี่ยนรูปลักษณ์ของอาวุธชนิดเดียวกันให้เป็นรูปลักษณ์ [Soul Shield] 		เมื่อใช้แล้ว คลิกซ้ายเลือกเป้าหมายที่ต้องการเปลี่ยนรูปลักษณ์ในกระเป๋าได้ และมีโอกาส 9% ที่จะได้รับค่าสเตตัสเพิ่มเติม! 
16115	Mold-Shield	ประเภท: โล่ ทำจากช่างที่เก่งกาจ สามารถเปลี่ยนรูปลักษณ์ของอาวุธชนิดเดียวกันให้เป็นรูปลักษณ์ [Shield] ได้		เมื่อใช้แล้ว คลิกซ้ายเลือกเป้าหมายที่ต้องการเปลี่ยนรูปลักษณ์ในกระเป๋าได้
16116	Mold-Shield	ประเภท: โล่ ทำจากช่างที่เก่งกาจ สามารถเปลี่ยนรูปลักษณ์ของอาวุธชนิดเดียวกันให้เป็นรูปลักษณ์ [Shield] ได้		เมื่อใช้แล้ว คลิกซ้ายเลือกเป้าหมายที่ต้องการเปลี่ยนรูปลักษณ์ในกระเป๋าได้
16117	Mold-Purify Morning Light	ประเภท: โล่ ทำจากช่างที่เก่งกาจจากมหาสมุทร Atlantis  สามารถเปลี่ยนรูปลักษณ์ของอาวุธชนิดเดียวกันให้เป็นรูปลักษณ์ [Purify Morning Light] ได้		เมื่อใช้แล้ว คลิกซ้ายเลือกเป้าหมายที่ต้องการเปลี่ยนรูปลักษณ์ในกระเป๋าได้ และมีโอกาส 3% ที่จะได้รับค่าสเตตัสเพิ่มเติม! 
16118	Mold-Elegant Petal	ประเภท: โล่ ทำจากช่างที่เก่งกาจจากเมืองลอยฟ้า Nora Jana สามารถเปลี่ยนรูปลักษณ์ของอาวุธชนิดเดียวกันให้เป็นรูปลักษณ์ [Elegant Petal] ได้		เมื่อใช้แล้ว คลิกซ้ายเลือกเป้าหมายที่ต้องการเปลี่ยนรูปลักษณ์ในกระเป๋าได้ และมีโอกาส 9% ที่จะได้รับค่าสเตตัสเพิ่มเติม! 
16119	Mold-Dark War Shield	ประเภท: โล่ ทำจากช่างที่เก่งกาจจาก Bermuda Sea สามารถเปลี่ยนรูปลักษณ์ของอาวุธชนิดเดียวกันให้เป็นรูปลักษณ์ [Dark War Shield]		เมื่อใช้แล้ว คลิกซ้ายเลือกเป้าหมายที่ต้องการเปลี่ยนรูปลักษณ์ในกระเป๋าได้ และมีโอกาส 7% ที่จะได้รับค่าสเตตัสเพิ่มเติม! 
16120	Mold-War Strength Shield	ประเภท: โล่ ทำจากช่างที่เก่งกาจ สามารถเปลี่ยนรูปลักษณ์ของอาวุธชนิดเดียวกันให้เป็นรูปลักษณ์ [War Strength Shield] ได้		เมื่อใช้แล้ว คลิกซ้ายเลือกเป้าหมายที่ต้องการเปลี่ยนรูปลักษณ์ในกระเป๋าได้
16121	Mold-Dry Carving	ประเภท: โล่ ทำจากช่างที่เก่งกาจจาก Outer Space Ocean สามารถเปลี่ยนรูปลักษณ์ของอาวุธชนิดเดียวกันให้เป็นรูปลักษณ์ [Dry Carving] ได้		เมื่อใช้แล้ว คลิกซ้ายเลือกเป้าหมายที่ต้องการเปลี่ยนรูปลักษณ์ในกระเป๋าได้ และมีโอกาส 5% ที่จะได้รับค่าสเตตัสเพิ่มเติม! 
16122	Mold-Scheelite Shield	ประเภท: โล่ ทำจากช่างที่เก่งกาจจากมหาสมุทร Atlantis  สามารถเปลี่ยนรูปลักษณ์ของอาวุธชนิดเดียวกันให้เป็นรูปลักษณ์ [Scheelite Shield] ได้		เมื่อใช้แล้ว คลิกซ้ายเลือกเป้าหมายที่ต้องการเปลี่ยนรูปลักษณ์ในกระเป๋าได้ และมีโอกาส 3% ที่จะได้รับค่าสเตตัสเพิ่มเติม! 
16123	Mold-Flint Shield	ประเภท: โล่ ทำจากช่างที่เก่งกาจ สามารถเปลี่ยนรูปลักษณ์ของอาวุธชนิดเดียวกันให้เป็นรูปลักษณ์ [Flint Shield] ได้		เมื่อใช้แล้ว คลิกซ้ายเลือกเป้าหมายที่ต้องการเปลี่ยนรูปลักษณ์ในกระเป๋าได้
16124	Mold-Seal Shield	ประเภท: โล่ ทำจากช่างที่เก่งกาจจาก Outer Space Ocean สามารถเปลี่ยนรูปลักษณ์ของอาวุธชนิดเดียวกันให้เป็นรูปลักษณ์ [Seal Shield] ได้		เมื่อใช้แล้ว คลิกซ้ายเลือกเป้าหมายที่ต้องการเปลี่ยนรูปลักษณ์ในกระเป๋าได้ และมีโอกาส 5% ที่จะได้รับค่าสเตตัสเพิ่มเติม! 
16125	Mold-Chinese Seal Shield	ประเภท: โล่ ทำจากช่างที่เก่งกาจ สามารถเปลี่ยนรูปลักษณ์ของอาวุธชนิดเดียวกันให้เป็นรูปลักษณ์ [Chinese Seal Shield] ได้		เมื่อใช้แล้ว คลิกซ้ายเลือกเป้าหมายที่ต้องการเปลี่ยนรูปลักษณ์ในกระเป๋าได้
16126	Mold-Dea Wall	ประเภท: โล่ ทำจากช่างที่เก่งกาจจาก Bermuda Sea สามารถเปลี่ยนรูปลักษณ์ของอาวุธชนิดเดียวกันให้เป็นรูปลักษณ์ [Dea Wall]		เมื่อใช้แล้ว คลิกซ้ายเลือกเป้าหมายที่ต้องการเปลี่ยนรูปลักษณ์ในกระเป๋าได้ และมีโอกาส 7% ที่จะได้รับค่าสเตตัสเพิ่มเติม! 
16127	Mold-Lea Wall	ประเภท: โล่ ทำจากช่างที่เก่งกาจจากเมืองลอยฟ้า Nora Jana สามารถเปลี่ยนรูปลักษณ์ของอาวุธชนิดเดียวกันให้เป็นรูปลักษณ์ [Lea Wall] ได้		เมื่อใช้แล้ว คลิกซ้ายเลือกเป้าหมายที่ต้องการเปลี่ยนรูปลักษณ์ในกระเป๋าได้ และมีโอกาส 9% ที่จะได้รับค่าสเตตัสเพิ่มเติม! 
16128	Mold-Red Guard	ประเภท：เกราะ ทำขึ้นโดนช่างมืออาชีพไม่ทราบชื่อ สามารถเปลี่ยนรูปลักษณ์ของอาวุธชนิดเดียวกันให้เป็นรูปลักษณ์ [Red Guard] 		เมื่อใช้แล้ว คลิกซ้ายเลือกเป้าหมายที่ต้องการเปลี่ยนรูปลักษณ์ในกระเป๋าได้ และมีโอกาส 16% ที่จะได้รับค่าสเตตัสเพิ่มเติม! 
16129	Mold-Night Guard	ประเภท：เกราะ ทำขึ้นโดนช่างมืออาชีพไม่ทราบชื่อ สามารถเปลี่ยนรูปลักษณ์ของอาวุธชนิดเดียวกันให้เป็นรูปลักษณ์ [Night Guard] 		เมื่อใช้แล้ว คลิกซ้ายเลือกเป้าหมายที่ต้องการเปลี่ยนรูปลักษณ์ในกระเป๋าได้
16130	Mold-Lion Guard	ประเภท：เกราะ ทำขึ้นโดนช่างมืออาชีพไม่ทราบชื่อ สามารถเปลี่ยนรูปลักษณ์ของอาวุธชนิดเดียวกันให้เป็นรูปลักษณ์ [Lion Guard] 		เมื่อใช้แล้ว คลิกซ้ายเลือกเป้าหมายที่ต้องการเปลี่ยนรูปลักษณ์ในกระเป๋าได้ และมีโอกาส 16% ที่จะได้รับค่าสเตตัสเพิ่มเติม! 
16131	Mold-Lion Guard 	ประเภท: โล่ ทำจากช่างที่เก่งกาจ สามารถเปลี่ยนรูปลักษณ์ของอาวุธชนิดเดียวกันให้เป็นรูปลักษณ์ [Lion Guard ] ได้		เมื่อใช้แล้ว คลิกซ้ายเลือกเป้าหมายที่ต้องการเปลี่ยนรูปลักษณ์ในกระเป๋าได้
16132	Mold-Moonlight	ประเภท：เกราะ ทำขึ้นโดนช่างมืออาชีพไม่ทราบชื่อ สามารถเปลี่ยนรูปลักษณ์ของอาวุธชนิดเดียวกันให้เป็นรูปลักษณ์ [Moonlight] 		เมื่อใช้แล้ว คลิกซ้ายเลือกเป้าหมายที่ต้องการเปลี่ยนรูปลักษณ์ในกระเป๋าได้ และมีโอกาส 16% ที่จะได้รับค่าสเตตัสเพิ่มเติม! 
16133	Mold-Jihad Wall	ประเภท：เกราะ ทำจากช่างที่เก่งกาจจากมหาสมุทร Atlantis สามารถเปลี่ยนรูปลักษณ์ของอาวุธชนิดเดียวกันให้เป็นรูปลักษณ์ [Jihad Wall] 		เมื่อใช้แล้ว คลิกซ้ายเลือกเป้าหมายที่ต้องการเปลี่ยนรูปลักษณ์ในกระเป๋าได้ และมีโอกาส 3% ที่จะได้รับค่าสเตตัสเพิ่มเติม! 
16134	Mold-Battle Wall	ประเภท: โล่ ทำจากช่างที่เก่งกาจจาก Bermuda Sea สามารถเปลี่ยนรูปลักษณ์ของอาวุธชนิดเดียวกันให้เป็นรูปลักษณ์ [Battle Wall]		เมื่อใช้แล้ว คลิกซ้ายเลือกเป้าหมายที่ต้องการเปลี่ยนรูปลักษณ์ในกระเป๋าได้ และมีโอกาส 7% ที่จะได้รับค่าสเตตัสเพิ่มเติม! 
16135	Mold-Guard Angel	ประเภท：เกราะ ทำขึ้นโดนช่างมืออาชีพไม่ทราบชื่อ สามารถเปลี่ยนรูปลักษณ์ของอาวุธชนิดเดียวกันให้เป็นรูปลักษณ์ [Guard Angel]		เมื่อใช้แล้ว คลิกซ้ายเลือกเป้าหมายที่ต้องการเปลี่ยนรูปลักษณ์ในกระเป๋าได้
16136	Mold-Ocean Angel	ประเภท：เกราะ ทำจากช่างที่เก่งกาจจากเมืองลอยฟ้า Nora Jana สามารถเปลี่ยนรูปลักษณ์ของอาวุธชนิดเดียวกันให้เป็นรูปลักษณ์ [Ocean Angel]		เมื่อใช้แล้ว คลิกซ้ายเลือกเป้าหมายที่ต้องการเปลี่ยนรูปลักษณ์ในกระเป๋าได้ และมีโอกาส 9% ที่จะได้รับค่าสเตตัสเพิ่มเติม! 
16137	Mold-Creation Rainbow	ประเภท：เกราะ ทำจากช่างที่เก่งกาจจาก Outer Space Ocean สามารถเปลี่ยนรูปลักษณ์ของอาวุธชนิดเดียวกันให้เป็นรูปลักษณ์ [Creation Rainbow]		เมื่อใช้แล้ว คลิกซ้ายเลือกเป้าหมายที่ต้องการเปลี่ยนรูปลักษณ์ในกระเป๋าได้ และมีโอกาส 5% ที่จะได้รับค่าสเตตัสเพิ่มเติม! 
16138	Mold-Creation Twitter	ประเภท：เกราะ ทำขึ้นโดนช่างมืออาชีพไม่ทราบชื่อ สามารถเปลี่ยนรูปลักษณ์ของอาวุธชนิดเดียวกันให้เป็นรูปลักษณ์ [Creation Twitter]		เมื่อใช้แล้ว คลิกซ้ายเลือกเป้าหมายที่ต้องการเปลี่ยนรูปลักษณ์ในกระเป๋าได้
16139	Mold-Purify Dragon Scale	ประเภท: โล่ ทำจากช่างที่เก่งกาจจากมหาสมุทร Atlantis  สามารถเปลี่ยนรูปลักษณ์ของอาวุธชนิดเดียวกันให้เป็นรูปลักษณ์ [Purify Dragon Scale] ได้		เมื่อใช้แล้ว คลิกซ้ายเลือกเป้าหมายที่ต้องการเปลี่ยนรูปลักษณ์ในกระเป๋าได้ และมีโอกาส 3% ที่จะได้รับค่าสเตตัสเพิ่มเติม! 
16140	Mold-Magic Dragon Scale	ประเภท: โล่ ทำจากช่างที่เก่งกาจ สามารถเปลี่ยนรูปลักษณ์ของอาวุธชนิดเดียวกันให้เป็นรูปลักษณ์ [Magic Dragon Scale] ได้		เมื่อใช้แล้ว คลิกซ้ายเลือกเป้าหมายที่ต้องการเปลี่ยนรูปลักษณ์ในกระเป๋าได้
16141	Mold-Underworld Guard	ประเภท：เกราะ ทำจากช่างที่เก่งกาจจาก Outer Space Ocean สามารถเปลี่ยนรูปลักษณ์ของอาวุธชนิดเดียวกันให้เป็นรูปลักษณ์ [Underworld Guard] 		เมื่อใช้แล้ว คลิกซ้ายเลือกเป้าหมายที่ต้องการเปลี่ยนรูปลักษณ์ในกระเป๋าได้ และมีโอกาส 5% ที่จะได้รับค่าสเตตัสเพิ่มเติม! 
16142	Mold-Neptune Guard	ประเภท: โล่ ทำจากช่างที่เก่งกาจจาก Bermuda Sea สามารถเปลี่ยนรูปลักษณ์ของอาวุธชนิดเดียวกันให้เป็นรูปลักษณ์ [Neptune Guard]		เมื่อใช้แล้ว คลิกซ้ายเลือกเป้าหมายที่ต้องการเปลี่ยนรูปลักษณ์ในกระเป๋าได้ และมีโอกาส 7% ที่จะได้รับค่าสเตตัสเพิ่มเติม! 
16143	Mold-North Sea Hero	ประเภท：เกราะ ทำจากช่างที่เก่งกาจจากเมืองลอยฟ้า Nora Jana สามารถเปลี่ยนรูปลักษณ์ของอาวุธชนิดเดียวกันให้เป็นรูปลักษณ์ [North Sea Hero]		เมื่อใช้แล้ว คลิกซ้ายเลือกเป้าหมายที่ต้องการเปลี่ยนรูปลักษณ์ในกระเป๋าได้ และมีโอกาส 9% ที่จะได้รับค่าสเตตัสเพิ่มเติม! 
16144	Mold-Pirate Short Tube	ประเภท: ปืนคู่ ทำจากช่างที่เก่งกาจ สามารถเปลี่ยนรูปลักษณ์ของอาวุธชนิดเดียวกันให้เป็นรูปลักษณ์ [Pirate Short Tube] ได้		เมื่อใช้แล้ว คลิกซ้ายเลือกเป้าหมายที่ต้องการเปลี่ยนรูปลักษณ์ในกระเป๋าได้
16145	Mold-Rebellion Short Tube	ประเภท: ปืนคู่ ทำจากช่างที่เก่งกาจ สามารถเปลี่ยนรูปลักษณ์ของอาวุธชนิดเดียวกันให้เป็นรูปลักษณ์ [Rebellion Short Tube] ได้		เมื่อใช้แล้ว คลิกซ้ายเลือกเป้าหมายที่ต้องการเปลี่ยนรูปลักษณ์ในกระเป๋าได้
16146	Mold-Real Flame Pistol	ประเภท: ปืนคู่ ทำจากช่างที่เก่งกาจจาก Outer Space Ocean สามารถเปลี่ยนรูปลักษณ์ของอาวุธชนิดเดียวกันให้เป็นรูปลักษณ์ [Real Flame Pistol] ได้		เมื่อใช้แล้ว คลิกซ้ายเลือกเป้าหมายที่ต้องการเปลี่ยนรูปลักษณ์ในกระเป๋าได้ และมีโอกาส 5% ที่จะได้รับค่าสเตตัสเพิ่มเติม! 
16147	Mold-Magic Flame Pistol	ประเภท: ปืนคู่ ทำจากช่างที่เก่งกาจจากมหาสมุทร Atlantis  สามารถเปลี่ยนรูปลักษณ์ของอาวุธชนิดเดียวกันให้เป็นรูปลักษณ์ [Magic Flame Pistol] ได้		เมื่อใช้แล้ว คลิกซ้ายเลือกเป้าหมายที่ต้องการเปลี่ยนรูปลักษณ์ในกระเป๋าได้ และมีโอกาส 3% ที่จะได้รับค่าสเตตัสเพิ่มเติม! 
16148	Mold-Glory Navy	ประเภท: ปืนคู่ ทำจากช่างที่เก่งกาจจาก Bermuda Sea สามารถเปลี่ยนรูปลักษณ์ของอาวุธชนิดเดียวกันให้เป็นรูปลักษณ์ [Glory Navy]		เมื่อใช้แล้ว คลิกซ้ายเลือกเป้าหมายที่ต้องการเปลี่ยนรูปลักษณ์ในกระเป๋าได้ และมีโอกาส 7% ที่จะได้รับค่าสเตตัสเพิ่มเติม! 
16149	Mold-God Bless Army	ประเภท: ปืนคู่ ทำจากช่างที่เก่งกาจจากเมืองลอยฟ้า Nora Jana สามารถเปลี่ยนรูปลักษณ์ของอาวุธชนิดเดียวกันให้เป็นรูปลักษณ์ [God Bless Army] ได้		เมื่อใช้แล้ว คลิกซ้ายเลือกเป้าหมายที่ต้องการเปลี่ยนรูปลักษณ์ในกระเป๋าได้ และมีโอกาส 9% ที่จะได้รับค่าสเตตัสเพิ่มเติม! 
16150	Mold-Storm Fine Gun	ประเภท: ปืนคู่ ทำจากช่างที่เก่งกาจ สามารถเปลี่ยนรูปลักษณ์ของอาวุธชนิดเดียวกันให้เป็นรูปลักษณ์ [Storm Fine Gun] ได้		เมื่อใช้แล้ว คลิกซ้ายเลือกเป้าหมายที่ต้องการเปลี่ยนรูปลักษณ์ในกระเป๋าได้
16151	Mold-Blue Sky Fine Gun	ประเภท: ปืนคู่ ทำจากช่างที่เก่งกาจจากมหาสมุทร Atlantis  สามารถเปลี่ยนรูปลักษณ์ของอาวุธชนิดเดียวกันให้เป็นรูปลักษณ์ [Blue Sky Fine Gun] ได้		เมื่อใช้แล้ว คลิกซ้ายเลือกเป้าหมายที่ต้องการเปลี่ยนรูปลักษณ์ในกระเป๋าได้ และมีโอกาส 3% ที่จะได้รับค่าสเตตัสเพิ่มเติม! 
16152	Mold-Classic Wooden Gun	ประเภท: ปืนคู่ ทำจากช่างที่เก่งกาจ สามารถเปลี่ยนรูปลักษณ์ของอาวุธชนิดเดียวกันให้เป็นรูปลักษณ์ [Classic Wooden Gun] ได้		เมื่อใช้แล้ว คลิกซ้ายเลือกเป้าหมายที่ต้องการเปลี่ยนรูปลักษณ์ในกระเป๋าได้
16153	Mold-Classic Copper Gun	ประเภท: ปืนคู่ ทำจากช่างที่เก่งกาจจาก Outer Space Ocean สามารถเปลี่ยนรูปลักษณ์ของอาวุธชนิดเดียวกันให้เป็นรูปลักษณ์ [Classic Copper Gun] ได้		เมื่อใช้แล้ว คลิกซ้ายเลือกเป้าหมายที่ต้องการเปลี่ยนรูปลักษณ์ในกระเป๋าได้ และมีโอกาส 5% ที่จะได้รับค่าสเตตัสเพิ่มเติม! 
16154	Mold-Beautiful Rose	ประเภท: ปืนคู่ ทำจากช่างที่เก่งกาจจากเมืองลอยฟ้า Nora Jana สามารถเปลี่ยนรูปลักษณ์ของอาวุธชนิดเดียวกันให้เป็นรูปลักษณ์ [Beautiful Rose] ได้		เมื่อใช้แล้ว คลิกซ้ายเลือกเป้าหมายที่ต้องการเปลี่ยนรูปลักษณ์ในกระเป๋าได้ และมีโอกาส 9% ที่จะได้รับค่าสเตตัสเพิ่มเติม! 
16155	Mold-Luxury Age	ประเภท: ปืนคู่ ทำจากช่างที่เก่งกาจจาก Bermuda Sea สามารถเปลี่ยนรูปลักษณ์ของอาวุธชนิดเดียวกันให้เป็นรูปลักษณ์ [Luxury Age]		เมื่อใช้แล้ว คลิกซ้ายเลือกเป้าหมายที่ต้องการเปลี่ยนรูปลักษณ์ในกระเป๋าได้ และมีโอกาส 7% ที่จะได้รับค่าสเตตัสเพิ่มเติม! 
16156	Mold-Red Wheel Machine Gun	ประเภท: ปืนคู่ ทำจากช่างที่เก่งกาจจากมหาสมุทร Atlantis  สามารถเปลี่ยนรูปลักษณ์ของอาวุธชนิดเดียวกันให้เป็นรูปลักษณ์ [Red Wheel Machine Gun] ได้		เมื่อใช้แล้ว คลิกซ้ายเลือกเป้าหมายที่ต้องการเปลี่ยนรูปลักษณ์ในกระเป๋าได้ และมีโอกาส 3% ที่จะได้รับค่าสเตตัสเพิ่มเติม! 
16157	Mold-Blue Machine Gun	ประเภท: ปืนคู่ ทำจากช่างที่เก่งกาจ สามารถเปลี่ยนรูปลักษณ์ของอาวุธชนิดเดียวกันให้เป็นรูปลักษณ์ [Blue Machine Gun] ได้		เมื่อใช้แล้ว คลิกซ้ายเลือกเป้าหมายที่ต้องการเปลี่ยนรูปลักษณ์ในกระเป๋าได้
16158	Mold-Elf Wing	ประเภท: ปืนคู่ ทำจากช่างที่เก่งกาจจากเมืองลอยฟ้า Nora Jana สามารถเปลี่ยนรูปลักษณ์ของอาวุธชนิดเดียวกันให้เป็นรูปลักษณ์ [ Elf Wing] ได้		เมื่อใช้แล้ว คลิกซ้ายเลือกเป้าหมายที่ต้องการเปลี่ยนรูปลักษณ์ในกระเป๋าได้ และมีโอกาส 9% ที่จะได้รับค่าสเตตัสเพิ่มเติม! 
16159	Mold-Fairy Wing	ประเภท: ปืนคู่ ทำจากช่างที่เก่งกาจจาก Outer Space Ocean สามารถเปลี่ยนรูปลักษณ์ของอาวุธชนิดเดียวกันให้เป็นรูปลักษณ์ [Fairy Wing] ได้		เมื่อใช้แล้ว คลิกซ้ายเลือกเป้าหมายที่ต้องการเปลี่ยนรูปลักษณ์ในกระเป๋าได้ และมีโอกาส 5% ที่จะได้รับค่าสเตตัสเพิ่มเติม! 
16160	Mold-Blue Eagle	ประเภท: ปืนคู่ ทำจากช่างที่เก่งกาจจากมหาสมุทร Atlantis  สามารถเปลี่ยนรูปลักษณ์ของอาวุธชนิดเดียวกันให้เป็นรูปลักษณ์ [Blue Eagle] ได้		เมื่อใช้แล้ว คลิกซ้ายเลือกเป้าหมายที่ต้องการเปลี่ยนรูปลักษณ์ในกระเป๋าได้ และมีโอกาส 3% ที่จะได้รับค่าสเตตัสเพิ่มเติม! 
16161	Mold-Red Eagle	ประเภท: ปืนคู่ ทำจากช่างที่เก่งกาจจาก Bermuda Sea สามารถเปลี่ยนรูปลักษณ์ของอาวุธชนิดเดียวกันให้เป็นรูปลักษณ์ [Red Eagle]		เมื่อใช้แล้ว คลิกซ้ายเลือกเป้าหมายที่ต้องการเปลี่ยนรูปลักษณ์ในกระเป๋าได้ และมีโอกาส 7% ที่จะได้รับค่าสเตตัสเพิ่มเติม! 
16162	Mold-Fist Gun	ประเภท: ปืนคู่ ทำจากช่างที่เก่งกาจ สามารถเปลี่ยนรูปลักษณ์ของอาวุธชนิดเดียวกันให้เป็นรูปลักษณ์ [Fist Gun] ได้		เมื่อใช้แล้ว คลิกซ้ายเลือกเป้าหมายที่ต้องการเปลี่ยนรูปลักษณ์ในกระเป๋าได้
16163	Mold-Strength Gun	ประเภท: ปืนคู่ ทำจากช่างที่เก่งกาจ สามารถเปลี่ยนรูปลักษณ์ของอาวุธชนิดเดียวกันให้เป็นรูปลักษณ์ [Strength Gun] ได้		เมื่อใช้แล้ว คลิกซ้ายเลือกเป้าหมายที่ต้องการเปลี่ยนรูปลักษณ์ในกระเป๋าได้
16164	Mold-Callous Punish	ประเภท: ปืนคู่ ทำจากช่างที่เก่งกาจจากเมืองลอยฟ้า Nora Jana สามารถเปลี่ยนรูปลักษณ์ของอาวุธชนิดเดียวกันให้เป็นรูปลักษณ์ [Callous Punish] ได้		เมื่อใช้แล้ว คลิกซ้ายเลือกเป้าหมายที่ต้องการเปลี่ยนรูปลักษณ์ในกระเป๋าได้ และมีโอกาส 9% ที่จะได้รับค่าสเตตัสเพิ่มเติม! 
16165	Mold-Blood Punish	ประเภท: ปืนคู่ ทำจากช่างที่เก่งกาจจาก Outer Space Ocean สามารถเปลี่ยนรูปลักษณ์ของอาวุธชนิดเดียวกันให้เป็นรูปลักษณ์ [Blood Punish] ได้		เมื่อใช้แล้ว คลิกซ้ายเลือกเป้าหมายที่ต้องการเปลี่ยนรูปลักษณ์ในกระเป๋าได้ และมีโอกาส 5% ที่จะได้รับค่าสเตตัสเพิ่มเติม! 
16166	Mold-Extrajudicial Grace	ประเภท: ปืนคู่ ทำจากช่างที่เก่งกาจจาก Bermuda Sea สามารถเปลี่ยนรูปลักษณ์ของอาวุธชนิดเดียวกันให้เป็นรูปลักษณ์ [Extrajudicial Grace]		เมื่อใช้แล้ว คลิกซ้ายเลือกเป้าหมายที่ต้องการเปลี่ยนรูปลักษณ์ในกระเป๋าได้ และมีโอกาส 7% ที่จะได้รับค่าสเตตัสเพิ่มเติม! 
16167	Mold-Indigo Cannon	ประเภท: ปืนคู่ ทำจากช่างที่เก่งกาจ สามารถเปลี่ยนรูปลักษณ์ของอาวุธชนิดเดียวกันให้เป็นรูปลักษณ์ [Indigo Cannon] ได้		เมื่อใช้แล้ว คลิกซ้ายเลือกเป้าหมายที่ต้องการเปลี่ยนรูปลักษณ์ในกระเป๋าได้ และมีโอกาส 16% ที่จะได้รับค่าสเตตัสเพิ่มเติม! 
16168	Mold-Black Cannon	ประเภท: ปืนคู่ ทำจากช่างที่เก่งกาจ สามารถเปลี่ยนรูปลักษณ์ของอาวุธชนิดเดียวกันให้เป็นรูปลักษณ์ [Black Cannon] ได้		เมื่อใช้แล้ว คลิกซ้ายเลือกเป้าหมายที่ต้องการเปลี่ยนรูปลักษณ์ในกระเป๋าได้
16169	Mold-Fighting Double Dragon	ประเภท: ปืนคู่ ทำจากช่างที่เก่งกาจ สามารถเปลี่ยนรูปลักษณ์ของอาวุธชนิดเดียวกันให้เป็นรูปลักษณ์ [Fighting Double Dragon] ได้		เมื่อใช้แล้ว คลิกซ้ายเลือกเป้าหมายที่ต้องการเปลี่ยนรูปลักษณ์ในกระเป๋าได้ และมีโอกาส 16% ที่จะได้รับค่าสเตตัสเพิ่มเติม! 
16170	Mold-Cold war Double Dragon	ประเภท: ปืนคู่ ทำจากช่างที่เก่งกาจ สามารถเปลี่ยนรูปลักษณ์ของอาวุธชนิดเดียวกันให้เป็นรูปลักษณ์ [Cold war Double Dragon] ได้		เมื่อใช้แล้ว คลิกซ้ายเลือกเป้าหมายที่ต้องการเปลี่ยนรูปลักษณ์ในกระเป๋าได้
16171	Mold-Colorful Cone	ประเภท: ปืนคู่ ทำจากช่างที่เก่งกาจ สามารถเปลี่ยนรูปลักษณ์ของอาวุธชนิดเดียวกันให้เป็นรูปลักษณ์ [Colorful Cone] ได้		เมื่อใช้แล้ว คลิกซ้ายเลือกเป้าหมายที่ต้องการเปลี่ยนรูปลักษณ์ในกระเป๋าได้
16172	Mold-Gully Lion	ประเภท: ปืนคู่ ทำจากช่างที่เก่งกาจ สามารถเปลี่ยนรูปลักษณ์ของอาวุธชนิดเดียวกันให้เป็นรูปลักษณ์ [Gully Lion] ได้		เมื่อใช้แล้ว คลิกซ้ายเลือกเป้าหมายที่ต้องการเปลี่ยนรูปลักษณ์ในกระเป๋าได้ และมีโอกาส 16% ที่จะได้รับค่าสเตตัสเพิ่มเติม! 
16173	Mold-Deep sea Beast	ประเภท: ปืนคู่ ทำจากช่างที่เก่งกาจ สามารถเปลี่ยนรูปลักษณ์ของอาวุธชนิดเดียวกันให้เป็นรูปลักษณ์ [Deep sea Beast] ได้		เมื่อใช้แล้ว คลิกซ้ายเลือกเป้าหมายที่ต้องการเปลี่ยนรูปลักษณ์ในกระเป๋าได้
16174	Mold-Skilful Crossbow	ประเภท: ปืนคู่ ทำจากช่างที่เก่งกาจจากมหาสมุทร Atlantis  สามารถเปลี่ยนรูปลักษณ์ของอาวุธชนิดเดียวกันให้เป็นรูปลักษณ์ [Skilful Crossbow] ได้		เมื่อใช้แล้ว คลิกซ้ายเลือกเป้าหมายที่ต้องการเปลี่ยนรูปลักษณ์ในกระเป๋าได้ และมีโอกาส 3% ที่จะได้รับค่าสเตตัสเพิ่มเติม! 
16175	Mold-Pastel Crossbow Gun	ประเภท: ปืนคู่ ทำจากช่างที่เก่งกาจ สามารถเปลี่ยนรูปลักษณ์ของอาวุธชนิดเดียวกันให้เป็นรูปลักษณ์ [Pastel Crossbow Gun] ได้		เมื่อใช้แล้ว คลิกซ้ายเลือกเป้าหมายที่ต้องการเปลี่ยนรูปลักษณ์ในกระเป๋าได้
16176	Mold-Stone Crossbow	ประเภท: ปืนคู่ ทำจากช่างที่เก่งกาจจาก Outer Space Ocean สามารถเปลี่ยนรูปลักษณ์ของอาวุธชนิดเดียวกันให้เป็นรูปลักษณ์ [Stone Crossbow] ได้		เมื่อใช้แล้ว คลิกซ้ายเลือกเป้าหมายที่ต้องการเปลี่ยนรูปลักษณ์ในกระเป๋าได้ และมีโอกาส 5% ที่จะได้รับค่าสเตตัสเพิ่มเติม! 
16177	Mold-Giddy Color Crossbow	ประเภท: ปืนคู่ ทำจากช่างที่เก่งกาจจาก Bermuda Sea สามารถเปลี่ยนรูปลักษณ์ของอาวุธชนิดเดียวกันให้เป็นรูปลักษณ์ [Giddy Color Crossbow]		เมื่อใช้แล้ว คลิกซ้ายเลือกเป้าหมายที่ต้องการเปลี่ยนรูปลักษณ์ในกระเป๋าได้ และมีโอกาส 7% ที่จะได้รับค่าสเตตัสเพิ่มเติม! 
16178	Mold-Surfing Speed	ประเภท: ปืนคู่ ทำจากช่างที่เก่งกาจจากเมืองลอยฟ้า Nora Jana สามารถเปลี่ยนรูปลักษณ์ของอาวุธชนิดเดียวกันให้เป็นรูปลักษณ์ [Surfing Speed​​] ได้		เมื่อใช้แล้ว คลิกซ้ายเลือกเป้าหมายที่ต้องการเปลี่ยนรูปลักษณ์ในกระเป๋าได้ และมีโอกาส 9% ที่จะได้รับค่าสเตตัสเพิ่มเติม! 
16179	Mold-Sky Stone	ประเภท: หินแมกม่า ทำจากช่างที่เก่งกาจ สามารถเปลี่ยนรูปลักษณ์ของอาวุธชนิดเดียวกันให้เป็นรูปลักษณ์ [Sky Stone] ได้		เมื่อใช้แล้ว คลิกซ้ายเลือกเป้าหมายที่ต้องการเปลี่ยนรูปลักษณ์ในกระเป๋าได้
16180	Mold-Mountain Pumice	ประเภท: หินแมกม่า ทำจากช่างที่เก่งกาจ สามารถเปลี่ยนรูปลักษณ์ของอาวุธชนิดเดียวกันให้เป็นรูปลักษณ์ [Mountain Pumice] ได้		เมื่อใช้แล้ว คลิกซ้ายเลือกเป้าหมายที่ต้องการเปลี่ยนรูปลักษณ์ในกระเป๋าได้
16181	Mold-Red Lotus Thorn	ประเภท: หินแมกม่า ทำจากช่างที่เก่งกาจจากมหาสมุทร Atlantis  สามารถเปลี่ยนรูปลักษณ์ของอาวุธชนิดเดียวกันให้เป็นรูปลักษณ์ [Red Lotus Thorn] ได้		เมื่อใช้แล้ว คลิกซ้ายเลือกเป้าหมายที่ต้องการเปลี่ยนรูปลักษณ์ในกระเป๋าได้ และมีโอกาส 3% ที่จะได้รับค่าสเตตัสเพิ่มเติม! 
16182	Mold-Blue Sharp	ประเภท: หินแมกม่า ทำจากช่างที่เก่งกาจจาก Bermuda Sea สามารถเปลี่ยนรูปลักษณ์ของอาวุธชนิดเดียวกันให้เป็นรูปลักษณ์ [Blue Sharp]		เมื่อใช้แล้ว คลิกซ้ายเลือกเป้าหมายที่ต้องการเปลี่ยนรูปลักษณ์ในกระเป๋าได้ และมีโอกาส 7% ที่จะได้รับค่าสเตตัสเพิ่มเติม! 
16183	Mold-Clever Barrier	ประเภท: หินแมกม่า ทำจากช่างที่เก่งกาจจาก Outer Space Ocean สามารถเปลี่ยนรูปลักษณ์ของอาวุธชนิดเดียวกันให้เป็นรูปลักษณ์ [Clever Barrier] ได้		เมื่อใช้แล้ว คลิกซ้ายเลือกเป้าหมายที่ต้องการเปลี่ยนรูปลักษณ์ในกระเป๋าได้ และมีโอกาส 5% ที่จะได้รับค่าสเตตัสเพิ่มเติม! 
16184	Mold-Rainbow Barrier	ประเภท: หินแมกม่า ทำจากช่างที่เก่งกาจจากเมืองลอยฟ้า Nora Jana สามารถเปลี่ยนรูปลักษณ์ของอาวุธชนิดเดียวกันให้เป็นรูปลักษณ์ [Rainbow Barrier] ได้		เมื่อใช้แล้ว คลิกซ้ายเลือกเป้าหมายที่ต้องการเปลี่ยนรูปลักษณ์ในกระเป๋าได้ และมีโอกาส 9% ที่จะได้รับค่าสเตตัสเพิ่มเติม! 
16185	Mold-Sky Horse Timepiece	ประเภท: หินแมกม่า ทำจากช่างที่เก่งกาจจาก Outer Space Ocean สามารถเปลี่ยนรูปลักษณ์ของอาวุธชนิดเดียวกันให้เป็นรูปลักษณ์ [Sky Horse Timepiece] ได้		เมื่อใช้แล้ว คลิกซ้ายเลือกเป้าหมายที่ต้องการเปลี่ยนรูปลักษณ์ในกระเป๋าได้ และมีโอกาส 5% ที่จะได้รับค่าสเตตัสเพิ่มเติม! 
16186	Mold-Ground Horse Timepiece	ประเภท: หินแมกม่า ทำจากช่างที่เก่งกาจ สามารถเปลี่ยนรูปลักษณ์ของอาวุธชนิดเดียวกันให้เป็นรูปลักษณ์ [Ground Horse Timepiece] ได้		เมื่อใช้แล้ว คลิกซ้ายเลือกเป้าหมายที่ต้องการเปลี่ยนรูปลักษณ์ในกระเป๋าได้
16187	Mold-Afternoon Teatime	ประเภท: หินแมกม่า ทำจากช่างที่เก่งกาจจากมหาสมุทร Atlantis  สามารถเปลี่ยนรูปลักษณ์ของอาวุธชนิดเดียวกันให้เป็นรูปลักษณ์ [Afternoon Teatime] ได้		เมื่อใช้แล้ว คลิกซ้ายเลือกเป้าหมายที่ต้องการเปลี่ยนรูปลักษณ์ในกระเป๋าได้ และมีโอกาส 3% ที่จะได้รับค่าสเตตัสเพิ่มเติม! 
16188	Mold-Elegant Time	ประเภท: หินแมกม่า ทำจากช่างที่เก่งกาจจากเมืองลอยฟ้า Nora Jana สามารถเปลี่ยนรูปลักษณ์ของอาวุธชนิดเดียวกันให้เป็นรูปลักษณ์ [Elegant Time] ได้		เมื่อใช้แล้ว คลิกซ้ายเลือกเป้าหมายที่ต้องการเปลี่ยนรูปลักษณ์ในกระเป๋าได้ และมีโอกาส 9% ที่จะได้รับค่าสเตตัสเพิ่มเติม! 
16189	Mold-Stars Fall	ประเภท: หินแมกม่า ทำจากช่างที่เก่งกาจจาก Bermuda Sea สามารถเปลี่ยนรูปลักษณ์ของอาวุธชนิดเดียวกันให้เป็นรูปลักษณ์ [Stars Fall]		เมื่อใช้แล้ว คลิกซ้ายเลือกเป้าหมายที่ต้องการเปลี่ยนรูปลักษณ์ในกระเป๋าได้ และมีโอกาส 7% ที่จะได้รับค่าสเตตัสเพิ่มเติม! 
16190	Mold-Morning Ground	ประเภท: หินแมกม่า ทำจากช่างที่เก่งกาจ สามารถเปลี่ยนรูปลักษณ์ของอาวุธชนิดเดียวกันให้เป็นรูปลักษณ์ [Morning Ground] ได้		เมื่อใช้แล้ว คลิกซ้ายเลือกเป้าหมายที่ต้องการเปลี่ยนรูปลักษณ์ในกระเป๋าได้
16191	Mold-Bull King Skull	ประเภท: หินแมกม่า ทำจากช่างที่เก่งกาจ สามารถเปลี่ยนรูปลักษณ์ของอาวุธชนิดเดียวกันให้เป็นรูปลักษณ์ [Bull King Skull] ได้		เมื่อใช้แล้ว คลิกซ้ายเลือกเป้าหมายที่ต้องการเปลี่ยนรูปลักษณ์ในกระเป๋าได้ และมีโอกาส 16% ที่จะได้รับค่าสเตตัสเพิ่มเติม! 
16192	Mold-Blood King	ประเภท: หินแมกม่า ทำจากช่างที่เก่งกาจ สามารถเปลี่ยนรูปลักษณ์ของอาวุธชนิดเดียวกันให้เป็นรูปลักษณ์ [Blood King] ได้		เมื่อใช้แล้ว คลิกซ้ายเลือกเป้าหมายที่ต้องการเปลี่ยนรูปลักษณ์ในกระเป๋าได้
16193	Mold-Flame Amethyst	ประเภท: หินแมกม่า ทำจากช่างที่เก่งกาจ สามารถเปลี่ยนรูปลักษณ์ของอาวุธชนิดเดียวกันให้เป็นรูปลักษณ์ [Flame Amethyst] ได้		เมื่อใช้แล้ว คลิกซ้ายเลือกเป้าหมายที่ต้องการเปลี่ยนรูปลักษณ์ในกระเป๋าได้ และมีโอกาส 16% ที่จะได้รับค่าสเตตัสเพิ่มเติม! 
16194	Mold-Ghastly Crystal	ประเภท: หินแมกม่า ทำจากช่างที่เก่งกาจ สามารถเปลี่ยนรูปลักษณ์ของอาวุธชนิดเดียวกันให้เป็นรูปลักษณ์ [Ghastly Crystal] ได้		เมื่อใช้แล้ว คลิกซ้ายเลือกเป้าหมายที่ต้องการเปลี่ยนรูปลักษณ์ในกระเป๋าได้
16195	Mold-Skeleton Soldier	ประเภท: หินแมกม่า ทำจากช่างที่เก่งกาจ สามารถเปลี่ยนรูปลักษณ์ของอาวุธชนิดเดียวกันให้เป็นรูปลักษณ์ [Skeleton Soldier] ได้		เมื่อใช้แล้ว คลิกซ้ายเลือกเป้าหมายที่ต้องการเปลี่ยนรูปลักษณ์ในกระเป๋าได้
16196	Mold-Gold Skull	ประเภท: หินแมกม่า ทำจากช่างที่เก่งกาจ สามารถเปลี่ยนรูปลักษณ์ของอาวุธชนิดเดียวกันให้เป็นรูปลักษณ์ [Gold Skull] ได้		เมื่อใช้แล้ว คลิกซ้ายเลือกเป้าหมายที่ต้องการเปลี่ยนรูปลักษณ์ในกระเป๋าได้
16197	Mold-Death Gaze	ประเภท: หินแมกม่า ทำจากช่างที่เก่งกาจ สามารถเปลี่ยนรูปลักษณ์ของอาวุธชนิดเดียวกันให้เป็นรูปลักษณ์ [Death Gaze] ได้		เมื่อใช้แล้ว คลิกซ้ายเลือกเป้าหมายที่ต้องการเปลี่ยนรูปลักษณ์ในกระเป๋าได้ และมีโอกาส 16% ที่จะได้รับค่าสเตตัสเพิ่มเติม! 
16198	Mold-Cupid	ประเภท: หินแมกม่า ทำจากช่างที่เก่งกาจจากมหาสมุทร Atlantis  สามารถเปลี่ยนรูปลักษณ์ของอาวุธชนิดเดียวกันให้เป็นรูปลักษณ์ [Cupid] ได้		เมื่อใช้แล้ว คลิกซ้ายเลือกเป้าหมายที่ต้องการเปลี่ยนรูปลักษณ์ในกระเป๋าได้ และมีโอกาส 3% ที่จะได้รับค่าสเตตัสเพิ่มเติม! 
16199	Mold-Silence Angel	ประเภท: หินแมกม่า ทำจากช่างที่เก่งกาจจากเมืองลอยฟ้า Nora Jana สามารถเปลี่ยนรูปลักษณ์ของอาวุธชนิดเดียวกันให้เป็นรูปลักษณ์ [Silence Angel] ได้		เมื่อใช้แล้ว คลิกซ้ายเลือกเป้าหมายที่ต้องการเปลี่ยนรูปลักษณ์ในกระเป๋าได้ และมีโอกาส 9% ที่จะได้รับค่าสเตตัสเพิ่มเติม! 
16200	Mold-Cold Flame Maiden	ประเภท: หินแมกม่า ทำจากช่างที่เก่งกาจจาก Outer Space Ocean สามารถเปลี่ยนรูปลักษณ์ของอาวุธชนิดเดียวกันให้เป็นรูปลักษณ์ [Cold Flame Maiden] ได้		เมื่อใช้แล้ว คลิกซ้ายเลือกเป้าหมายที่ต้องการเปลี่ยนรูปลักษณ์ในกระเป๋าได้ และมีโอกาส 5% ที่จะได้รับค่าสเตตัสเพิ่มเติม! 
16201	Mold-Red Flame Cry	ประเภท: หินแมกม่า ทำจากช่างที่เก่งกาจ สามารถเปลี่ยนรูปลักษณ์ของอาวุธชนิดเดียวกันให้เป็นรูปลักษณ์ [Red Flame Cry] ได้		เมื่อใช้แล้ว คลิกซ้ายเลือกเป้าหมายที่ต้องการเปลี่ยนรูปลักษณ์ในกระเป๋าได้
16202	Mold-Mask King	ประเภท: หินแมกม่า ทำจากช่างที่เก่งกาจจาก Bermuda Sea สามารถเปลี่ยนรูปลักษณ์ของอาวุธชนิดเดียวกันให้เป็นรูปลักษณ์ [Mask King]		เมื่อใช้แล้ว คลิกซ้ายเลือกเป้าหมายที่ต้องการเปลี่ยนรูปลักษณ์ในกระเป๋าได้ และมีโอกาส 7% ที่จะได้รับค่าสเตตัสเพิ่มเติม! 
16203	Mold-Clean Light Cross	ประเภท: หินแมกม่า ทำจากช่างที่เก่งกาจ สามารถเปลี่ยนรูปลักษณ์ของอาวุธชนิดเดียวกันให้เป็นรูปลักษณ์ [Clean Light Cross] ได้		เมื่อใช้แล้ว คลิกซ้ายเลือกเป้าหมายที่ต้องการเปลี่ยนรูปลักษณ์ในกระเป๋าได้ และมีโอกาส 16% ที่จะได้รับค่าสเตตัสเพิ่มเติม! 
16204	Mold-Holy Light Cross	ประเภท: หินแมกม่า ทำจากช่างที่เก่งกาจ สามารถเปลี่ยนรูปลักษณ์ของอาวุธชนิดเดียวกันให้เป็นรูปลักษณ์ [Holy Light Cross] ได้		เมื่อใช้แล้ว คลิกซ้ายเลือกเป้าหมายที่ต้องการเปลี่ยนรูปลักษณ์ในกระเป๋าได้ และมีโอกาส 16% ที่จะได้รับค่าสเตตัสเพิ่มเติม! 
16205	Mold-Softly Blessing	ประเภท: หินแมกม่า ทำจากช่างที่เก่งกาจ สามารถเปลี่ยนรูปลักษณ์ของอาวุธชนิดเดียวกันให้เป็นรูปลักษณ์ [Softly Blessing] ได้		เมื่อใช้แล้ว คลิกซ้ายเลือกเป้าหมายที่ต้องการเปลี่ยนรูปลักษณ์ในกระเป๋าได้ และมีโอกาส 16% ที่จะได้รับค่าสเตตัสเพิ่มเติม! 
16206	Mold-Sincerity Prayer 	ประเภท: หินแมกม่า ทำจากช่างที่เก่งกาจ สามารถเปลี่ยนรูปลักษณ์ของอาวุธชนิดเดียวกันให้เป็นรูปลักษณ์ [ Sincerity Prayer ] ได้		เมื่อใช้แล้ว คลิกซ้ายเลือกเป้าหมายที่ต้องการเปลี่ยนรูปลักษณ์ในกระเป๋าได้
16207	Mold-Archangel Mercy	ประเภท: หินแมกม่า ทำจากช่างที่เก่งกาจ สามารถเปลี่ยนรูปลักษณ์ของอาวุธชนิดเดียวกันให้เป็นรูปลักษณ์ [Archangel Mercy] ได้		เมื่อใช้แล้ว คลิกซ้ายเลือกเป้าหมายที่ต้องการเปลี่ยนรูปลักษณ์ในกระเป๋าได้ และมีโอกาส 16% ที่จะได้รับค่าสเตตัสเพิ่มเติม! 
16208	Mold-Angel Enticement	ประเภท: หินแมกม่า ทำจากช่างที่เก่งกาจ สามารถเปลี่ยนรูปลักษณ์ของอาวุธชนิดเดียวกันให้เป็นรูปลักษณ์ [Angel Enticement] ได้		เมื่อใช้แล้ว คลิกซ้ายเลือกเป้าหมายที่ต้องการเปลี่ยนรูปลักษณ์ในกระเป๋าได้
16209	Mold-Grey Of Light	ประเภท: หินแมกม่า ทำจากช่างที่เก่งกาจจากมหาสมุทร Atlantis  สามารถเปลี่ยนรูปลักษณ์ของอาวุธชนิดเดียวกันให้เป็นรูปลักษณ์ [Grey Of Light] ได้		เมื่อใช้แล้ว คลิกซ้ายเลือกเป้าหมายที่ต้องการเปลี่ยนรูปลักษณ์ในกระเป๋าได้ และมีโอกาส 3% ที่จะได้รับค่าสเตตัสเพิ่มเติม! 
16210	Mold-Night Guide	ประเภท: หินแมกม่า ทำจากช่างที่เก่งกาจ สามารถเปลี่ยนรูปลักษณ์ของอาวุธชนิดเดียวกันให้เป็นรูปลักษณ์ [Night Guide] ได้		เมื่อใช้แล้ว คลิกซ้ายเลือกเป้าหมายที่ต้องการเปลี่ยนรูปลักษณ์ในกระเป๋าได้
16211	Mold-Dream Night Light	ประเภท: หินแมกม่า ทำจากช่างที่เก่งกาจจากเมืองลอยฟ้า Nora Jana สามารถเปลี่ยนรูปลักษณ์ของอาวุธชนิดเดียวกันให้เป็นรูปลักษณ์ [Dream Night Light] ได้		เมื่อใช้แล้ว คลิกซ้ายเลือกเป้าหมายที่ต้องการเปลี่ยนรูปลักษณ์ในกระเป๋าได้ และมีโอกาส 9% ที่จะได้รับค่าสเตตัสเพิ่มเติม! 
16212	Mold-Easily Light	ประเภท: หินแมกม่า ทำจากช่างที่เก่งกาจจาก Outer Space Ocean สามารถเปลี่ยนรูปลักษณ์ของอาวุธชนิดเดียวกันให้เป็นรูปลักษณ์ [Easily Light] ได้		เมื่อใช้แล้ว คลิกซ้ายเลือกเป้าหมายที่ต้องการเปลี่ยนรูปลักษณ์ในกระเป๋าได้ และมีโอกาส 5% ที่จะได้รับค่าสเตตัสเพิ่มเติม! 
16213	Mold-Virgin Fly	ประเภท: หินแมกม่า ทำจากช่างที่เก่งกาจจาก Bermuda Sea สามารถเปลี่ยนรูปลักษณ์ของอาวุธชนิดเดียวกันให้เป็นรูปลักษณ์ [Virgin Fly]		เมื่อใช้แล้ว คลิกซ้ายเลือกเป้าหมายที่ต้องการเปลี่ยนรูปลักษณ์ในกระเป๋าได้ และมีโอกาส 7% ที่จะได้รับค่าสเตตัสเพิ่มเติม! 
16214	Mold-Puppet Bunny	ประเภท: ตุ๊กตาวูดู ทำจากช่างที่เก่งกาจ สามารถเปลี่ยนรูปลักษณ์ของอาวุธชนิดเดียวกันให้เป็นรูปลักษณ์ [Puppet Bunny] ได้		เมื่อใช้แล้ว คลิกซ้ายเลือกเป้าหมายที่ต้องการเปลี่ยนรูปลักษณ์ในกระเป๋าได้
16215	Mold-Bravely Bunny	ประเภท: ตุ๊กตาวูดู ทำจากช่างที่เก่งกาจ สามารถเปลี่ยนรูปลักษณ์ของอาวุธชนิดเดียวกันให้เป็นรูปลักษณ์ [Bravely Bunny] ได้		เมื่อใช้แล้ว คลิกซ้ายเลือกเป้าหมายที่ต้องการเปลี่ยนรูปลักษณ์ในกระเป๋าได้
16216	Mold-Gloomy Bunny	ประเภท: ตุ๊กตาวูดู ทำจากช่างที่เก่งกาจ สามารถเปลี่ยนรูปลักษณ์ของอาวุธชนิดเดียวกันให้เป็นรูปลักษณ์ [Gloomy Bunny] ได้		เมื่อใช้แล้ว คลิกซ้ายเลือกเป้าหมายที่ต้องการเปลี่ยนรูปลักษณ์ในกระเป๋าได้
16217	Mold-Negative Bunny	ประเภท: ตุ๊กตาวูดู ทำจากช่างที่เก่งกาจ สามารถเปลี่ยนรูปลักษณ์ของอาวุธชนิดเดียวกันให้เป็นรูปลักษณ์ [Negative Bunny] ได้		เมื่อใช้แล้ว คลิกซ้ายเลือกเป้าหมายที่ต้องการเปลี่ยนรูปลักษณ์ในกระเป๋าได้
16218	Mold-Prisoner Bunny	ประเภท: ตุ๊กตาวูดู ทำจากช่างที่เก่งกาจ สามารถเปลี่ยนรูปลักษณ์ของอาวุธชนิดเดียวกันให้เป็นรูปลักษณ์ [Prisoner Bunny] ได้		เมื่อใช้แล้ว คลิกซ้ายเลือกเป้าหมายที่ต้องการเปลี่ยนรูปลักษณ์ในกระเป๋าได้
16219	Mold-Clown Bunny	ประเภท: ตุ๊กตาวูดู ทำจากช่างที่เก่งกาจ สามารถเปลี่ยนรูปลักษณ์ของอาวุธชนิดเดียวกันให้เป็นรูปลักษณ์ [Clown Bunny] ได้		เมื่อใช้แล้ว คลิกซ้ายเลือกเป้าหมายที่ต้องการเปลี่ยนรูปลักษณ์ในกระเป๋าได้
16220	Mold-Hooke Meow	ประเภท: ตุ๊กตาวูดู ทำจากช่างที่เก่งกาจ สามารถเปลี่ยนรูปลักษณ์ของอาวุธชนิดเดียวกันให้เป็นรูปลักษณ์ [Hooke Meow] ได้		เมื่อใช้แล้ว คลิกซ้ายเลือกเป้าหมายที่ต้องการเปลี่ยนรูปลักษณ์ในกระเป๋าได้
16221	Mold-Captain Meow	ประเภท: ตุ๊กตาวูดู ทำจากช่างที่เก่งกาจ สามารถเปลี่ยนรูปลักษณ์ของอาวุธชนิดเดียวกันให้เป็นรูปลักษณ์ [Captain Meow] ได้		เมื่อใช้แล้ว คลิกซ้ายเลือกเป้าหมายที่ต้องการเปลี่ยนรูปลักษณ์ในกระเป๋าได้
16222	Mold-Munai meow	ประเภท: ตุ๊กตาวูดู ทำจากช่างที่เก่งกาจ สามารถเปลี่ยนรูปลักษณ์ของอาวุธชนิดเดียวกันให้เป็นรูปลักษณ์ [Munai meow] ได้		เมื่อใช้แล้ว คลิกซ้ายเลือกเป้าหมายที่ต้องการเปลี่ยนรูปลักษณ์ในกระเป๋าได้
16223	Mold-Pharaoh Meow	ประเภท: ตุ๊กตาวูดู ทำจากช่างที่เก่งกาจ สามารถเปลี่ยนรูปลักษณ์ของอาวุธชนิดเดียวกันให้เป็นรูปลักษณ์ [Pharaoh Meow] ได้		เมื่อใช้แล้ว คลิกซ้ายเลือกเป้าหมายที่ต้องการเปลี่ยนรูปลักษณ์ในกระเป๋าได้
16224	Mold-Handsome Dog	ประเภท: ตุ๊กตาวูดู ทำจากช่างที่เก่งกาจ สามารถเปลี่ยนรูปลักษณ์ของอาวุธชนิดเดียวกันให้เป็นรูปลักษณ์ [Handsome Dog] ได้		เมื่อใช้แล้ว คลิกซ้ายเลือกเป้าหมายที่ต้องการเปลี่ยนรูปลักษณ์ในกระเป๋าได้
16225	Mold-King Firewood	ประเภท: ตุ๊กตาวูดู ทำจากช่างที่เก่งกาจ สามารถเปลี่ยนรูปลักษณ์ของอาวุธชนิดเดียวกันให้เป็นรูปลักษณ์ [King Firewood] ได้		เมื่อใช้แล้ว คลิกซ้ายเลือกเป้าหมายที่ต้องการเปลี่ยนรูปลักษณ์ในกระเป๋าได้
16226	Mold-Archeopteryx	ประเภท: ตุ๊กตาวูดู ทำจากช่างที่เก่งกาจ สามารถเปลี่ยนรูปลักษณ์ของอาวุธชนิดเดียวกันให้เป็นรูปลักษณ์ [Archeopteryx] ได้		เมื่อใช้แล้ว คลิกซ้ายเลือกเป้าหมายที่ต้องการเปลี่ยนรูปลักษณ์ในกระเป๋าได้
16227	Mold-Sky Bird	ประเภท: ตุ๊กตาวูดู ทำจากช่างที่เก่งกาจ สามารถเปลี่ยนรูปลักษณ์ของอาวุธชนิดเดียวกันให้เป็นรูปลักษณ์ [Sky Bird] ได้		เมื่อใช้แล้ว คลิกซ้ายเลือกเป้าหมายที่ต้องการเปลี่ยนรูปลักษณ์ในกระเป๋าได้
16228	Mold-Uncle Pudding	ประเภท: ตุ๊กตาวูดู ทำจากช่างที่เก่งกาจ สามารถเปลี่ยนรูปลักษณ์ของอาวุธชนิดเดียวกันให้เป็นรูปลักษณ์ [Uncle Pudding] ได้		เมื่อใช้แล้ว คลิกซ้ายเลือกเป้าหมายที่ต้องการเปลี่ยนรูปลักษณ์ในกระเป๋าได้
16229	Mold-Mr. Jelly	ประเภท: ตุ๊กตาวูดู ทำจากช่างที่เก่งกาจ สามารถเปลี่ยนรูปลักษณ์ของอาวุธชนิดเดียวกันให้เป็นรูปลักษณ์ [Mr. Jelly] ได้		เมื่อใช้แล้ว คลิกซ้ายเลือกเป้าหมายที่ต้องการเปลี่ยนรูปลักษณ์ในกระเป๋าได้
16230	Mold-Pluto Spirit	ประเภท: ตุ๊กตาวูดู ทำจากช่างที่เก่งกาจ สามารถเปลี่ยนรูปลักษณ์ของอาวุธชนิดเดียวกันให้เป็นรูปลักษณ์ [Pluto Spirit] ได้		เมื่อใช้แล้ว คลิกซ้ายเลือกเป้าหมายที่ต้องการเปลี่ยนรูปลักษณ์ในกระเป๋าได้
16231	Mold-Dead World Spirit	ประเภท: ตุ๊กตาวูดู ทำจากช่างที่เก่งกาจ สามารถเปลี่ยนรูปลักษณ์ของอาวุธชนิดเดียวกันให้เป็นรูปลักษณ์ [Dead World Spirit] ได้		เมื่อใช้แล้ว คลิกซ้ายเลือกเป้าหมายที่ต้องการเปลี่ยนรูปลักษณ์ในกระเป๋าได้
16232	Mold-Elegant maid	ประเภท: ตุ๊กตาวูดู ทำจากช่างที่เก่งกาจ สามารถเปลี่ยนรูปลักษณ์ของอาวุธชนิดเดียวกันให้เป็นรูปลักษณ์ [Elegant maid] ได้		เมื่อใช้แล้ว คลิกซ้ายเลือกเป้าหมายที่ต้องการเปลี่ยนรูปลักษณ์ในกระเป๋าได้
16233	Mold-Lily Lady	ประเภท: ตุ๊กตาวูดู ทำจากช่างที่เก่งกาจ สามารถเปลี่ยนรูปลักษณ์ของอาวุธชนิดเดียวกันให้เป็นรูปลักษณ์ [Lily Lady] ได้		เมื่อใช้แล้ว คลิกซ้ายเลือกเป้าหมายที่ต้องการเปลี่ยนรูปลักษณ์ในกระเป๋าได้
16234	Mold-Gothic Lolita	ประเภท: ตุ๊กตาวูดู ทำจากช่างที่เก่งกาจ สามารถเปลี่ยนรูปลักษณ์ของอาวุธชนิดเดียวกันให้เป็นรูปลักษณ์ [Gothic Lolita] ได้		เมื่อใช้แล้ว คลิกซ้ายเลือกเป้าหมายที่ต้องการเปลี่ยนรูปลักษณ์ในกระเป๋าได้
16235	Mold-Holy Joan	ประเภท: ตุ๊กตาวูดู ทำจากช่างที่เก่งกาจ สามารถเปลี่ยนรูปลักษณ์ของอาวุธชนิดเดียวกันให้เป็นรูปลักษณ์ [Holy Joan] ได้		เมื่อใช้แล้ว คลิกซ้ายเลือกเป้าหมายที่ต้องการเปลี่ยนรูปลักษณ์ในกระเป๋าได้
16236	Mold-Hot Girl	ประเภท: ตุ๊กตาวูดู ทำจากช่างที่เก่งกาจ สามารถเปลี่ยนรูปลักษณ์ของอาวุธชนิดเดียวกันให้เป็นรูปลักษณ์ [Hot Girl] ได้		เมื่อใช้แล้ว คลิกซ้ายเลือกเป้าหมายที่ต้องการเปลี่ยนรูปลักษณ์ในกระเป๋าได้
16237	Mold-Hiwal	ประเภท: ตุ๊กตาวูดู ทำจากช่างที่เก่งกาจ สามารถเปลี่ยนรูปลักษณ์ของอาวุธชนิดเดียวกันให้เป็นรูปลักษณ์ [Hiwal] ได้		เมื่อใช้แล้ว คลิกซ้ายเลือกเป้าหมายที่ต้องการเปลี่ยนรูปลักษณ์ในกระเป๋าได้
16238	Mold-Blue Igoe	ประเภท: ตุ๊กตาวูดู ทำจากช่างที่เก่งกาจ สามารถเปลี่ยนรูปลักษณ์ของอาวุธชนิดเดียวกันให้เป็นรูปลักษณ์ [Blue Igoe] ได้		เมื่อใช้แล้ว คลิกซ้ายเลือกเป้าหมายที่ต้องการเปลี่ยนรูปลักษณ์ในกระเป๋าได้
16239	Mold-Green Ankylosaurus	ประเภท: ตุ๊กตาวูดู ทำจากช่างที่เก่งกาจ สามารถเปลี่ยนรูปลักษณ์ของอาวุธชนิดเดียวกันให้เป็นรูปลักษณ์ [Green Ankylosaurus] ได้		เมื่อใช้แล้ว คลิกซ้ายเลือกเป้าหมายที่ต้องการเปลี่ยนรูปลักษณ์ในกระเป๋าได้
16240	Mold-Silver Dragon	ประเภท: ตุ๊กตาวูดู ทำจากช่างที่เก่งกาจ สามารถเปลี่ยนรูปลักษณ์ของอาวุธชนิดเดียวกันให้เป็นรูปลักษณ์ [Silver Dragon] ได้		เมื่อใช้แล้ว คลิกซ้ายเลือกเป้าหมายที่ต้องการเปลี่ยนรูปลักษณ์ในกระเป๋าได้
16241	Mold-Gold Holy Armored	ประเภท: ตุ๊กตาวูดู ทำจากช่างที่เก่งกาจ สามารถเปลี่ยนรูปลักษณ์ของอาวุธชนิดเดียวกันให้เป็นรูปลักษณ์ [Gold Holy Armored] ได้		เมื่อใช้แล้ว คลิกซ้ายเลือกเป้าหมายที่ต้องการเปลี่ยนรูปลักษณ์ในกระเป๋าได้
16242	Mold-Bronze  Beast Armored	ประเภท: ตุ๊กตาวูดู ทำจากช่างที่เก่งกาจ สามารถเปลี่ยนรูปลักษณ์ของอาวุธชนิดเดียวกันให้เป็นรูปลักษณ์ [Bronze Beast Armored] ได้		เมื่อใช้แล้ว คลิกซ้ายเลือกเป้าหมายที่ต้องการเปลี่ยนรูปลักษณ์ในกระเป๋าได้
16243	Mold-Wicked Fire Spirit	ประเภท: ตุ๊กตาวูดู ทำจากช่างที่เก่งกาจ สามารถเปลี่ยนรูปลักษณ์ของอาวุธชนิดเดียวกันให้เป็นรูปลักษณ์ [Wicked Fire Spirit] ได้		เมื่อใช้แล้ว คลิกซ้ายเลือกเป้าหมายที่ต้องการเปลี่ยนรูปลักษณ์ในกระเป๋าได้
16244	Mold-Wisp Devil	ประเภท: ตุ๊กตาวูดู ทำจากช่างที่เก่งกาจ สามารถเปลี่ยนรูปลักษณ์ของอาวุธชนิดเดียวกันให้เป็นรูปลักษณ์ [Wisp Devil] ได้		เมื่อใช้แล้ว คลิกซ้ายเลือกเป้าหมายที่ต้องการเปลี่ยนรูปลักษณ์ในกระเป๋าได้
16245	Mold-Fate Straw man	ประเภท: ตุ๊กตาวูดู ทำจากช่างที่เก่งกาจ สามารถเปลี่ยนรูปลักษณ์ของอาวุธชนิดเดียวกันให้เป็นรูปลักษณ์ [Fate Straw man] ได้		เมื่อใช้แล้ว คลิกซ้ายเลือกเป้าหมายที่ต้องการเปลี่ยนรูปลักษณ์ในกระเป๋าได้
16246	Mold-Blood Light Disaster	ประเภท: ตุ๊กตาวูดู ทำจากช่างที่เก่งกาจ สามารถเปลี่ยนรูปลักษณ์ของอาวุธชนิดเดียวกันให้เป็นรูปลักษณ์ [Blood Light Disaster] ได้		เมื่อใช้แล้ว คลิกซ้ายเลือกเป้าหมายที่ต้องการเปลี่ยนรูปลักษณ์ในกระเป๋าได้
16247	Mold-Royal Golem	ประเภท: ตุ๊กตาวูดู ทำจากช่างที่เก่งกาจ สามารถเปลี่ยนรูปลักษณ์ของอาวุธชนิดเดียวกันให้เป็นรูปลักษณ์ [Royal Golem] ได้		เมื่อใช้แล้ว คลิกซ้ายเลือกเป้าหมายที่ต้องการเปลี่ยนรูปลักษณ์ในกระเป๋าได้
16248	Mold-Knight Puppet	ประเภท: ตุ๊กตาวูดู ทำจากช่างที่เก่งกาจ สามารถเปลี่ยนรูปลักษณ์ของอาวุธชนิดเดียวกันให้เป็นรูปลักษณ์ [Knight Puppet] ได้		เมื่อใช้แล้ว คลิกซ้ายเลือกเป้าหมายที่ต้องการเปลี่ยนรูปลักษณ์ในกระเป๋าได้
16249	Mold-Nazca Rainbow Blade	ประเภท: ดาบ ทำจากช่างที่เก่งกาจ สามารถเปลี่ยนรูปลักษณ์ของอาวุธชนิดเดียวกันให้เป็นรูปลักษณ์ [Nazca Rainbow Blade] ได้		เมื่อใช้แล้ว คลิกซ้ายเลือกเป้าหมายที่ต้องการเปลี่ยนรูปลักษณ์ในกระเป๋าได้
16250	Mold-Sky Rainbow Blade	ประเภท: ดาบ ทำจากช่างที่เก่งกาจ สามารถเปลี่ยนรูปลักษณ์ของอาวุธชนิดเดียวกันให้เป็นรูปลักษณ์ [Sky Rainbow Blade] ได้		เมื่อใช้แล้ว คลิกซ้ายเลือกเป้าหมายที่ต้องการเปลี่ยนรูปลักษณ์ในกระเป๋าได้
16251	Mold-Black Glass Rainbow Blade	ประเภท: ดาบ ทำจากช่างที่เก่งกาจจากมหาสมุทรNazca สามารถเปลี่ยนรูปลักษณ์ของอาวุธชนิดเดียวกันให้เป็นรูปลักษณ์ [Black Glass Rainbow Blade] ได้		เมื่อใช้แล้ว คลิกซ้ายเลือกเป้าหมายที่ต้องการเปลี่ยนรูปลักษณ์ในกระเป๋าได้
16252	Mold-Blood Rainbow Blade	ประเภท: ดาบ ทำจากช่างที่เก่งกาจ สามารถเปลี่ยนรูปลักษณ์ของอาวุธชนิดเดียวกันให้เป็นรูปลักษณ์『Blood Rainbow Blade Light』 ได้		เมื่อใช้แล้ว คลิกซ้ายเลือกเป้าหมายที่ต้องการเปลี่ยนรูปลักษณ์ในกระเป๋าได้
16253	Mold-Green Katana	ประเภท: ดาบ ทำจากช่างที่เก่งกาจ สามารถเปลี่ยนรูปลักษณ์ของอาวุธชนิดเดียวกันให้เป็นรูปลักษณ์ [Green Katana] ได้		เมื่อใช้แล้ว คลิกซ้ายเลือกเป้าหมายที่ต้องการเปลี่ยนรูปลักษณ์ในกระเป๋าได้
16254	Mold-Purple Katana	ประเภท: ดาบ ทำจากช่างที่เก่งกาจ สามารถเปลี่ยนรูปลักษณ์ของอาวุธชนิดเดียวกันให้เป็นรูปลักษณ์ [Katana] ได้		เมื่อใช้แล้ว คลิกซ้ายเลือกเป้าหมายที่ต้องการเปลี่ยนรูปลักษณ์ในกระเป๋าได้
16255	Mold-Red SoulKatana	ประเภท: ดาบ ทำจากช่างที่เก่งกาจจากมหาสมุทรNazca สามารถเปลี่ยนรูปลักษณ์ของอาวุธชนิดเดียวกันให้เป็นรูปลักษณ์ [Red SoulKatana] ได้		เมื่อใช้แล้ว คลิกซ้ายเลือกเป้าหมายที่ต้องการเปลี่ยนรูปลักษณ์ในกระเป๋าได้
16256	Mold-Plume Katana	ประเภท: ดาบ ทำจากช่างที่เก่งกาจ สามารถเปลี่ยนรูปลักษณ์ของอาวุธชนิดเดียวกันให้เป็นรูปลักษณ์ [Plume Katana] ได้		เมื่อใช้แล้ว คลิกซ้ายเลือกเป้าหมายที่ต้องการเปลี่ยนรูปลักษณ์ในกระเป๋าได้
16257	Mold-Ancient Machine	ประเภท: ค้อน ทำจากช่างที่เก่งกาจ สามารถเปลี่ยนรูปลักษณ์ของอาวุธชนิดเดียวกันให้เป็นรูปลักษณ์ [Ancient Machine] ได้		เมื่อใช้แล้ว คลิกซ้ายเลือกเป้าหมายที่ต้องการเปลี่ยนรูปลักษณ์ในกระเป๋าได้
16258	Mold-Fortress Machine	ประเภท: ค้อน ทำจากช่างที่เก่งกาจ สามารถเปลี่ยนรูปลักษณ์ของอาวุธชนิดเดียวกันให้เป็นรูปลักษณ์ [Fortress Machine] ได้		เมื่อใช้แล้ว คลิกซ้ายเลือกเป้าหมายที่ต้องการเปลี่ยนรูปลักษณ์ในกระเป๋าได้
16259	Mold-Crystal Machine	ประเภท: ค้อน ทำจากช่างที่เก่งกาจจากมหาสมุทรNazca สามารถเปลี่ยนรูปลักษณ์ของอาวุธชนิดเดียวกันให้เป็นรูปลักษณ์ [Crystal Machine] ได้		เมื่อใช้แล้ว คลิกซ้ายเลือกเป้าหมายที่ต้องการเปลี่ยนรูปลักษณ์ในกระเป๋าได้
16260	Mold-Flame Machine	ประเภท: ค้อน ทำจากช่างที่เก่งกาจ สามารถเปลี่ยนรูปลักษณ์ของอาวุธชนิดเดียวกันให้เป็นรูปลักษณ์ [Flame Machine] ได้		เมื่อใช้แล้ว คลิกซ้ายเลือกเป้าหมายที่ต้องการเปลี่ยนรูปลักษณ์ในกระเป๋าได้
16261	Mold-Striae Double Axe	ประเภท: ค้อน ทำจากช่างที่เก่งกาจจากมหาสมุทรNazca สามารถเปลี่ยนรูปลักษณ์ของอาวุธชนิดเดียวกันให้เป็นรูปลักษณ์ [Striae Double Axe] ได้		เมื่อใช้แล้ว คลิกซ้ายเลือกเป้าหมายที่ต้องการเปลี่ยนรูปลักษณ์ในกระเป๋าได้
16262	Mold-Bat Ghost Double Axe	ประเภท: ค้อน ทำจากช่างที่เก่งกาจ สามารถเปลี่ยนรูปลักษณ์ของอาวุธชนิดเดียวกันให้เป็นรูปลักษณ์ [Bat Ghost Double Axe] ได้		เมื่อใช้แล้ว คลิกซ้ายเลือกเป้าหมายที่ต้องการเปลี่ยนรูปลักษณ์ในกระเป๋าได้
16263	Mold-Griffin Double Axe	ประเภท: ค้อน ทำจากช่างที่เก่งกาจ สามารถเปลี่ยนรูปลักษณ์ของอาวุธชนิดเดียวกันให้เป็นรูปลักษณ์ [Griffin Double Axe] ได้		เมื่อใช้แล้ว คลิกซ้ายเลือกเป้าหมายที่ต้องการเปลี่ยนรูปลักษณ์ในกระเป๋าได้
16264	Mold-Silver Wing Double Axe	ประเภท: ค้อน ทำจากช่างที่เก่งกาจ สามารถเปลี่ยนรูปลักษณ์ของอาวุธชนิดเดียวกันให้เป็นรูปลักษณ์ [Silver Wing Double Axe] ได้		เมื่อใช้แล้ว คลิกซ้ายเลือกเป้าหมายที่ต้องการเปลี่ยนรูปลักษณ์ในกระเป๋าได้
16265	Mold-Ancient Shield	ประเภท: โล่ ทำจากช่างที่เก่งกาจ สามารถเปลี่ยนรูปลักษณ์ของอาวุธชนิดเดียวกันให้เป็นรูปลักษณ์ [Ancient Shield] ได้		เมื่อใช้แล้ว คลิกซ้ายเลือกเป้าหมายที่ต้องการเปลี่ยนรูปลักษณ์ในกระเป๋าได้
16266	Mold-Fortress Shield	ประเภท: โล่ ทำจากช่างที่เก่งกาจ สามารถเปลี่ยนรูปลักษณ์ของอาวุธชนิดเดียวกันให้เป็นรูปลักษณ์ [Night Shield] ได้		เมื่อใช้แล้ว คลิกซ้ายเลือกเป้าหมายที่ต้องการเปลี่ยนรูปลักษณ์ในกระเป๋าได้
16267	Mold-Crystal Shield	ประเภท: โล่ ทำจากช่างที่เก่งกาจจากมหาสมุทรNazca สามารถเปลี่ยนรูปลักษณ์ของอาวุธชนิดเดียวกันให้เป็นรูปลักษณ์ [Crystal Shield] ได้		เมื่อใช้แล้ว คลิกซ้ายเลือกเป้าหมายที่ต้องการเปลี่ยนรูปลักษณ์ในกระเป๋าได้
16268	Mold-Flame Shield	ประเภท: โล่ ทำจากช่างที่เก่งกาจ สามารถเปลี่ยนรูปลักษณ์ของอาวุธชนิดเดียวกันให้เป็นรูปลักษณ์ [Flame Shield] ได้		เมื่อใช้แล้ว คลิกซ้ายเลือกเป้าหมายที่ต้องการเปลี่ยนรูปลักษณ์ในกระเป๋าได้
16269	Mold-Striae Shield	ประเภท: โล่ ทำจากช่างที่เก่งกาจจากมหาสมุทรNazca สามารถเปลี่ยนรูปลักษณ์ของอาวุธชนิดเดียวกันให้เป็นรูปลักษณ์ [Striae Shield] ได้		เมื่อใช้แล้ว คลิกซ้ายเลือกเป้าหมายที่ต้องการเปลี่ยนรูปลักษณ์ในกระเป๋าได้
16270	Mold-Bat Ghost War	ประเภท: โล่ ทำจากช่างที่เก่งกาจ สามารถเปลี่ยนรูปลักษณ์ของอาวุธชนิดเดียวกันให้เป็นรูปลักษณ์ [Bat Ghost War] ได้		เมื่อใช้แล้ว คลิกซ้ายเลือกเป้าหมายที่ต้องการเปลี่ยนรูปลักษณ์ในกระเป๋าได้
16271	Mold-Griffin War	ประเภท: โล่ ทำจากช่างที่เก่งกาจ สามารถเปลี่ยนรูปลักษณ์ของอาวุธชนิดเดียวกันให้เป็นรูปลักษณ์ [Griffin War] ได้		เมื่อใช้แล้ว คลิกซ้ายเลือกเป้าหมายที่ต้องการเปลี่ยนรูปลักษณ์ในกระเป๋าได้
16272	Mold-Silver Wing War	ประเภท: โล่ ทำจากช่างที่เก่งกาจ สามารถเปลี่ยนรูปลักษณ์ของอาวุธชนิดเดียวกันให้เป็นรูปลักษณ์ [Silver Wing War] ได้		เมื่อใช้แล้ว คลิกซ้ายเลือกเป้าหมายที่ต้องการเปลี่ยนรูปลักษณ์ในกระเป๋าได้
16273	Mold-Float Cycle	ประเภท: หินแมกม่า ทำจากช่างที่เก่งกาจ สามารถเปลี่ยนรูปลักษณ์ของอาวุธชนิดเดียวกันให้เป็นรูปลักษณ์ [Float Cycle] ได้		เมื่อใช้แล้ว คลิกซ้ายเลือกเป้าหมายที่ต้องการเปลี่ยนรูปลักษณ์ในกระเป๋าได้
16274	Mold-Six Realm Cycle	ประเภท: หินแมกม่า ทำจากช่างที่เก่งกาจ สามารถเปลี่ยนรูปลักษณ์ของอาวุธชนิดเดียวกันให้เป็นรูปลักษณ์ [Six Realm Cycle] ได้		เมื่อใช้แล้ว คลิกซ้ายเลือกเป้าหมายที่ต้องการเปลี่ยนรูปลักษณ์ในกระเป๋าได้
16275	Mold-Innocent Cycle	ประเภท: หินแมกม่า ทำจากช่างที่เก่งกาจจากมหาสมุทรNazca สามารถเปลี่ยนรูปลักษณ์ของอาวุธชนิดเดียวกันให้เป็นรูปลักษณ์ [Innocent Cycle] ได้		เมื่อใช้แล้ว คลิกซ้ายเลือกเป้าหมายที่ต้องการเปลี่ยนรูปลักษณ์ในกระเป๋าได้
16276	Mold-Lotus Cycle	ประเภท: หินแมกม่า ทำจากช่างที่เก่งกาจ สามารถเปลี่ยนรูปลักษณ์ของอาวุธชนิดเดียวกันให้เป็นรูปลักษณ์ [Lotus Cycle] ได้		เมื่อใช้แล้ว คลิกซ้ายเลือกเป้าหมายที่ต้องการเปลี่ยนรูปลักษณ์ในกระเป๋าได้
16277	Mold-Sky Crystal	ประเภท: หินแมกม่า ทำจากช่างที่เก่งกาจ สามารถเปลี่ยนรูปลักษณ์ของอาวุธชนิดเดียวกันให้เป็นรูปลักษณ์ [Sky Crystal] ได้		เมื่อใช้แล้ว คลิกซ้ายเลือกเป้าหมายที่ต้องการเปลี่ยนรูปลักษณ์ในกระเป๋าได้
16278	Mold-Poison Crystal	ประเภท: หินแมกม่า ทำจากช่างที่เก่งกาจ สามารถเปลี่ยนรูปลักษณ์ของอาวุธชนิดเดียวกันให้เป็นรูปลักษณ์ [Poison Crystal] ได้		เมื่อใช้แล้ว คลิกซ้ายเลือกเป้าหมายที่ต้องการเปลี่ยนรูปลักษณ์ในกระเป๋าได้
16279	Mold-Forest Crystal	ประเภท: หินแมกม่า ทำจากช่างที่เก่งกาจจากมหาสมุทรNazca สามารถเปลี่ยนรูปลักษณ์ของอาวุธชนิดเดียวกันให้เป็นรูปลักษณ์ [Forest Crystal] ได้		เมื่อใช้แล้ว คลิกซ้ายเลือกเป้าหมายที่ต้องการเปลี่ยนรูปลักษณ์ในกระเป๋าได้
16280	Mold-Purgatory Crystal	ประเภท: หินแมกม่า ทำจากช่างที่เก่งกาจ สามารถเปลี่ยนรูปลักษณ์ของอาวุธชนิดเดียวกันให้เป็นรูปลักษณ์ [Purgatory Crystal] ได้		เมื่อใช้แล้ว คลิกซ้ายเลือกเป้าหมายที่ต้องการเปลี่ยนรูปลักษณ์ในกระเป๋าได้
16281	Mold-Massacre Dexterous	ประเภท: ปืนคู่ ทำจากช่างที่เก่งกาจ สามารถเปลี่ยนรูปลักษณ์ของอาวุธชนิดเดียวกันให้เป็นรูปลักษณ์ [Massacre Dexterous] ได้		เมื่อใช้แล้ว คลิกซ้ายเลือกเป้าหมายที่ต้องการเปลี่ยนรูปลักษณ์ในกระเป๋าได้
16282	Mold-Protect Dexterous	ประเภท: ปืนคู่ ทำจากช่างที่เก่งกาจ สามารถเปลี่ยนรูปลักษณ์ของอาวุธชนิดเดียวกันให้เป็นรูปลักษณ์ [Protect Dexterous] ได้		เมื่อใช้แล้ว คลิกซ้ายเลือกเป้าหมายที่ต้องการเปลี่ยนรูปลักษณ์ในกระเป๋าได้
16283	Mold-Glory Dexterous	ประเภท: ปืนคู่ ทำจากช่างที่เก่งกาจ สามารถเปลี่ยนรูปลักษณ์ของอาวุธชนิดเดียวกันให้เป็นรูปลักษณ์ [Glory Dexterous] ได้		เมื่อใช้แล้ว คลิกซ้ายเลือกเป้าหมายที่ต้องการเปลี่ยนรูปลักษณ์ในกระเป๋าได้
16284	Mold-Star Dexterous	ประเภท: ปืนคู่ ทำจากช่างที่เก่งกาจจากมหาสมุทรNazca สามารถเปลี่ยนรูปลักษณ์ของอาวุธชนิดเดียวกันให้เป็นรูปลักษณ์ [Star Dexterous] ได้		เมื่อใช้แล้ว คลิกซ้ายเลือกเป้าหมายที่ต้องการเปลี่ยนรูปลักษณ์ในกระเป๋าได้
16285	Mold-Snow Blaster	ประเภท: ปืนคู่ ทำจากช่างที่เก่งกาจ สามารถเปลี่ยนรูปลักษณ์ของอาวุธชนิดเดียวกันให้เป็นรูปลักษณ์ [Snow Blaster] ได้		เมื่อใช้แล้ว คลิกซ้ายเลือกเป้าหมายที่ต้องการเปลี่ยนรูปลักษณ์ในกระเป๋าได้
16286	Mold-Red Seal Blaster	ประเภท: ปืนคู่ ทำจากช่างที่เก่งกาจ สามารถเปลี่ยนรูปลักษณ์ของอาวุธชนิดเดียวกันให้เป็นรูปลักษณ์ [Red Seal Blaster] ได้		เมื่อใช้แล้ว คลิกซ้ายเลือกเป้าหมายที่ต้องการเปลี่ยนรูปลักษณ์ในกระเป๋าได้
16287	Mold-Fire Blaster	ประเภท: ปืนคู่ ทำจากช่างที่เก่งกาจ สามารถเปลี่ยนรูปลักษณ์ของอาวุธชนิดเดียวกันให้เป็นรูปลักษณ์ [Fire Blaster] ได้		เมื่อใช้แล้ว คลิกซ้ายเลือกเป้าหมายที่ต้องการเปลี่ยนรูปลักษณ์ในกระเป๋าได้
16288	Mold-Green Blaster	ประเภท: ปืนคู่ ทำจากช่างที่เก่งกาจจากมหาสมุทรNazca สามารถเปลี่ยนรูปลักษณ์ของอาวุธชนิดเดียวกันให้เป็นรูปลักษณ์ [Green Blaster] ได้		เมื่อใช้แล้ว คลิกซ้ายเลือกเป้าหมายที่ต้องการเปลี่ยนรูปลักษณ์ในกระเป๋าได้
16289	Mold-Red Dragon Rod	ประเภท: ไม้เท้า ทำจากช่างที่เก่งกาจ สามารถเปลี่ยนรูปลักษณ์ของอาวุธชนิดเดียวกันให้เป็นรูปลักษณ์ [Morning Sun] ได้		เมื่อใช้แล้ว คลิกซ้ายเลือกเป้าหมายที่ต้องการเปลี่ยนรูปลักษณ์ในกระเป๋าได้
16290	Mold-Red Dragon Rod	ประเภท: ไม้เท้า ทำจากช่างที่เก่งกาจ สามารถเปลี่ยนรูปลักษณ์ของอาวุธชนิดเดียวกันให้เป็นรูปลักษณ์ [Morning Sun] ได้		เมื่อใช้แล้ว คลิกซ้ายเลือกเป้าหมายที่ต้องการเปลี่ยนรูปลักษณ์ในกระเป๋าได้
16291	Mold-Red Dragon Rod	ประเภท: ไม้เท้า ทำจากช่างที่เก่งกาจ สามารถเปลี่ยนรูปลักษณ์ของอาวุธชนิดเดียวกันให้เป็นรูปลักษณ์ [Morning Sun] ได้		เมื่อใช้แล้ว คลิกซ้ายเลือกเป้าหมายที่ต้องการเปลี่ยนรูปลักษณ์ในกระเป๋าได้
16292	Mold-Red Dragon Rod	ประเภท: ไม้เท้า ทำจากช่างที่เก่งกาจ สามารถเปลี่ยนรูปลักษณ์ของอาวุธชนิดเดียวกันให้เป็นรูปลักษณ์ [Morning Sun] ได้		เมื่อใช้แล้ว คลิกซ้ายเลือกเป้าหมายที่ต้องการเปลี่ยนรูปลักษณ์ในกระเป๋าได้
16293	Mold-Red Dragon Rod	ประเภท: ไม้เท้า ทำจากช่างที่เก่งกาจ สามารถเปลี่ยนรูปลักษณ์ของอาวุธชนิดเดียวกันให้เป็นรูปลักษณ์ [Morning Sun] ได้		เมื่อใช้แล้ว คลิกซ้ายเลือกเป้าหมายที่ต้องการเปลี่ยนรูปลักษณ์ในกระเป๋าได้
16294	Mold-Red Dragon Rod	ประเภท: ไม้เท้า ทำจากช่างที่เก่งกาจ สามารถเปลี่ยนรูปลักษณ์ของอาวุธชนิดเดียวกันให้เป็นรูปลักษณ์ [Morning Sun] ได้		เมื่อใช้แล้ว คลิกซ้ายเลือกเป้าหมายที่ต้องการเปลี่ยนรูปลักษณ์ในกระเป๋าได้
16295	Mold-Red Dragon Rod	ประเภท: ไม้เท้า ทำจากช่างที่เก่งกาจ สามารถเปลี่ยนรูปลักษณ์ของอาวุธชนิดเดียวกันให้เป็นรูปลักษณ์ [Morning Sun] ได้		เมื่อใช้แล้ว คลิกซ้ายเลือกเป้าหมายที่ต้องการเปลี่ยนรูปลักษณ์ในกระเป๋าได้
16296	Mold-Red Dragon Rod	ประเภท: ไม้เท้า ทำจากช่างที่เก่งกาจ สามารถเปลี่ยนรูปลักษณ์ของอาวุธชนิดเดียวกันให้เป็นรูปลักษณ์ [Morning Sun] ได้		เมื่อใช้แล้ว คลิกซ้ายเลือกเป้าหมายที่ต้องการเปลี่ยนรูปลักษณ์ในกระเป๋าได้
80001	Admiral- Headdress	ประเภทชั้นเก็บของ: รูปลักษณ์		เมื่อใช้สามารถนำ 【Admiral- Headdress】 เก็บใส่ชั่นวางของ เมื่อเก็บแล้ว สามารถสวมใส่ได้
80002	Splendid Yuppie- Headdress	ประเภทชั้นเก็บของ: รูปลักษณ์		เมื่อใช้สามารถนำ 【Splendid Yuppie- Headdress】 เก็บใส่ชั่นวางของ เมื่อเก็บแล้ว สามารถสวมใส่ได้
80003	Splendid Yuppie-Armor	ประเภทชั้นเก็บของ: รูปลักษณ์		เมื่อใช้สามารถนำ [Splendid Yuppie-Armor] เก็บใส่ชั่นวางของ เมื่อเก็บแล้ว สามารถสวมใส่ได้
80004	Splendid Yuppie-Legging	ประเภทชั้นเก็บของ: รูปลักษณ์		เมื่อใช้สามารถนำ [Splendid Yuppie-Legging] เก็บใส่ชั่นวางของ เมื่อเก็บแล้ว สามารถสวมใส่ได้
80005	Sailor Suit- Headdress	ประเภทชั้นเก็บของ: รูปลักษณ์		เมื่อใช้สามารถนำ 【Sailor Suit- Headdress】 เก็บใส่ชั่นวางของ เมื่อเก็บแล้ว สามารถสวมใส่ได้
80006	Sentimental Scout- Headdress	ประเภทชั้นเก็บของ: รูปลักษณ์		เมื่อใช้สามารถนำ 【Sentimental Scout- Headdress】 เก็บใส่ชั่นวางของ เมื่อเก็บแล้ว สามารถสวมใส่ได้
80007	Sentimental Scout-Armor	ประเภทชั้นเก็บของ: รูปลักษณ์		เมื่อใช้สามารถนำ [Sentimental Scout-Armor] เก็บใส่ชั่นวางของ เมื่อเก็บแล้ว สามารถสวมใส่ได้
80008	Sentimental Scout-Legging	ประเภทชั้นเก็บของ: รูปลักษณ์		เมื่อใช้สามารถนำ [Sentimental Scout-Legging] เก็บใส่ชั่นวางของ เมื่อเก็บแล้ว สามารถสวมใส่ได้
80009	Pirate Attire- Headdress	ประเภทชั้นเก็บของ: รูปลักษณ์		เมื่อใช้สามารถนำ 【Pirate Attire- Headdress】 เก็บใส่ชั่นวางของ เมื่อเก็บแล้ว สามารถสวมใส่ได้
80010	Impossible Blue Sky- Headdress	ประเภทชั้นเก็บของ: รูปลักษณ์		เมื่อใช้สามารถนำ 【Impossible Blue Sky- Headdress】 เก็บใส่ชั่นวางของ เมื่อเก็บแล้ว สามารถสวมใส่ได้
80011	Impossible Blue Sky-Armor	ประเภทชั้นเก็บของ: รูปลักษณ์		เมื่อใช้สามารถนำ [Impossible Blue Sky-Armor] เก็บใส่ชั่นวางของ เมื่อเก็บแล้ว สามารถสวมใส่ได้
80012	Impossible Blue Sky-Legging	ประเภทชั้นเก็บของ: รูปลักษณ์		เมื่อใช้สามารถนำ [Impossible Blue Sky-Legging] เก็บใส่ชั่นวางของ เมื่อเก็บแล้ว สามารถสวมใส่ได้
80013	Knight Soldier- Headdress	ประเภทชั้นเก็บของ: รูปลักษณ์		เมื่อใช้สามารถนำ 【Knight Soldier- Headdress】 เก็บใส่ชั่นวางของ เมื่อเก็บแล้ว สามารถสวมใส่ได้
80014	Royal Officer- Headdress	ประเภทชั้นเก็บของ: รูปลักษณ์		เมื่อใช้สามารถนำ 【Royal Officer- Headdress】 เก็บใส่ชั่นวางของ เมื่อเก็บแล้ว สามารถสวมใส่ได้
80015	Royal Officer-Armor	ประเภทชั้นเก็บของ: รูปลักษณ์		เมื่อใช้สามารถนำ [Royal Officer-Armor] เก็บใส่ชั่นวางของ เมื่อเก็บแล้ว สามารถสวมใส่ได้
80016	Royal Officer-Legging	ประเภทชั้นเก็บของ: รูปลักษณ์		เมื่อใช้สามารถนำ [Royal Officer-Legging] เก็บใส่ชั่นวางของ เมื่อเก็บแล้ว สามารถสวมใส่ได้
80017	Royal Noble- Headdress	ประเภทชั้นเก็บของ: รูปลักษณ์		เมื่อใช้สามารถนำ 【Royal Noble- Headdress】 เก็บใส่ชั่นวางของ เมื่อเก็บแล้ว สามารถสวมใส่ได้
80018	Heaven Feather- Headdress	ประเภทชั้นเก็บของ: รูปลักษณ์		เมื่อใช้สามารถนำ 【Heaven Feather- Headdress】 เก็บใส่ชั่นวางของ เมื่อเก็บแล้ว สามารถสวมใส่ได้
80019	Heaven Feather-Armor	ประเภทชั้นเก็บของ: รูปลักษณ์		เมื่อใช้สามารถนำ [Heaven Feather-Armor] เก็บใส่ชั่นวางของ เมื่อเก็บแล้ว สามารถสวมใส่ได้
80020	Heaven Feather-Legging	ประเภทชั้นเก็บของ: รูปลักษณ์		เมื่อใช้สามารถนำ [Heaven Feather-Legging] เก็บใส่ชั่นวางของ เมื่อเก็บแล้ว สามารถสวมใส่ได้
80021	Crystal Bibi	ประเภทชั้นเก็บของ: สัตว์เลี้ยง		เมื่อใช้สามารถนำ 【Crystal Bibi】 เก็บใส่ชั่นวางของ เมื่อเก็บแล้ว สามารถสวมใส่ได้
80022	Round Red Day- Headdress	ประเภทชั้นเก็บของ: รูปลักษณ์		เมื่อใช้สามารถนำ 【Round Red Day- Headdress】 เก็บใส่ชั่นวางของ เมื่อเก็บแล้ว สามารถสวมใส่ได้
80023	Round Red Day-Armor	ประเภทชั้นเก็บของ: รูปลักษณ์		เมื่อใช้สามารถนำ [Round Red Day-Armor] เก็บใส่ชั่นวางของ เมื่อเก็บแล้ว สามารถสวมใส่ได้
80024	Round Red Day-Legging	ประเภทชั้นเก็บของ: รูปลักษณ์		เมื่อใช้สามารถนำ [Round Red Day-Legging] เก็บใส่ชั่นวางของ เมื่อเก็บแล้ว สามารถสวมใส่ได้
80025	Odd Alchemist- Headdress	ประเภทชั้นเก็บของ: รูปลักษณ์		เมื่อใช้สามารถนำ 【Odd Alchemist- Headdress】 เก็บใส่ชั่นวางของ เมื่อเก็บแล้ว สามารถสวมใส่ได้
80026	Odd Alchemist-Armor	ประเภทชั้นเก็บของ: รูปลักษณ์		เมื่อใช้สามารถนำ [Odd Alchemist-Armor] เก็บใส่ชั่นวางของ เมื่อเก็บแล้ว สามารถสวมใส่ได้
80027	Odd Alchemist-Legging	ประเภทชั้นเก็บของ: รูปลักษณ์		เมื่อใช้สามารถนำ [Odd Alchemist-Legging] เก็บใส่ชั่นวางของ เมื่อเก็บแล้ว สามารถสวมใส่ได้
80028	Night Wizard-Headdress	ประเภทชั้นเก็บของ: รูปลักษณ์		เมื่อใช้สามารถนำ [Night Wizard-Headdress] เก็บใส่ชั่นวางของ เมื่อเก็บแล้ว สามารถสวมใส่ได้
80029	Night Wizard-Armor	ประเภทชั้นเก็บของ: รูปลักษณ์		เมื่อใช้สามารถนำ [Night Wizard-Armor] เก็บใส่ชั่นวางของ เมื่อเก็บแล้ว สามารถสวมใส่ได้
80030	Night Wizard-Legging	ประเภทชั้นเก็บของ: รูปลักษณ์		เมื่อใช้สามารถนำ [Night Wizard-Legging] เก็บใส่ชั่นวางของ เมื่อเก็บแล้ว สามารถสวมใส่ได้
80031	Punch Squad- Headdress	ประเภทชั้นเก็บของ: รูปลักษณ์		เมื่อใช้สามารถนำ 【Punch Squad- Headdress】 เก็บใส่ชั่นวางของ เมื่อเก็บแล้ว สามารถสวมใส่ได้
80032	Punch Squad-Armor	ประเภทชั้นเก็บของ: รูปลักษณ์		เมื่อใช้สามารถนำ [Punch Squad-Armor] เก็บใส่ชั่นวางของ เมื่อเก็บแล้ว สามารถสวมใส่ได้
80033	Punch Squad-Legging	ประเภทชั้นเก็บของ: รูปลักษณ์		เมื่อใช้สามารถนำ [Punch Squad-Legging] เก็บใส่ชั่นวางของ เมื่อเก็บแล้ว สามารถสวมใส่ได้
80034	Elegant England- Headdress	ประเภทชั้นเก็บของ: รูปลักษณ์		เมื่อใช้สามารถนำ 【Elegant England- Headdress】 เก็บใส่ชั่นวางของ เมื่อเก็บแล้ว สามารถสวมใส่ได้
80035	Elegant England-Armor	ประเภทชั้นเก็บของ: รูปลักษณ์		เมื่อใช้สามารถนำ [Elegant England-Armor] เก็บใส่ชั่นวางของ เมื่อเก็บแล้ว สามารถสวมใส่ได้
80036	Elegant England-Legging	ประเภทชั้นเก็บของ: รูปลักษณ์		เมื่อใช้สามารถนำ [Elegant England-Legging] เก็บใส่ชั่นวางของ เมื่อเก็บแล้ว สามารถสวมใส่ได้
80037	Wilderness Passing-Headdress	ประเภทชั้นเก็บของ: รูปลักษณ์		เมื่อใช้สามารถนำ [Wilderness Passing-Headdress] เก็บใส่ชั่นวางของ เมื่อเก็บแล้ว สามารถสวมใส่ได้
80038	Wilderness Passing-Armor	ประเภทชั้นเก็บของ: รูปลักษณ์		เมื่อใช้สามารถนำ [Wilderness Passing-Armor] เก็บใส่ชั่นวางของ เมื่อเก็บแล้ว สามารถสวมใส่ได้
80039	Wilderness Passing-Legging	ประเภทชั้นเก็บของ: รูปลักษณ์		เมื่อใช้สามารถนำ [Wilderness Passing-Legging] เก็บใส่ชั่นวางของ เมื่อเก็บแล้ว สามารถสวมใส่ได้
80040	Instructor-Headdress	ประเภทชั้นเก็บของ: รูปลักษณ์		เมื่อใช้สามารถนำ [Instructor-Headdress] เก็บใส่ชั่นวางของ เมื่อเก็บแล้ว สามารถสวมใส่ได้
80041	Instructor-Armor	ประเภทชั้นเก็บของ: รูปลักษณ์		เมื่อใช้สามารถนำ [Instructor-Armor] เก็บใส่ชั่นวางของ เมื่อเก็บแล้ว สามารถสวมใส่ได้
80042	Instructor-Legging	ประเภทชั้นเก็บของ: รูปลักษณ์		เมื่อใช้สามารถนำ [Instructor-Legging] เก็บใส่ชั่นวางของ เมื่อเก็บแล้ว สามารถสวมใส่ได้
80043	War Machine-Headdress	ประเภทชั้นเก็บของ: รูปลักษณ์		เมื่อใช้สามารถนำ [War Machine-Headdress] เก็บใส่ชั่นวางของ เมื่อเก็บแล้ว สามารถสวมใส่ได้
80044	War Machine-Armor	ประเภทชั้นเก็บของ: รูปลักษณ์		เมื่อใช้สามารถนำ [War Machine-Armor] เก็บใส่ชั่นวางของ เมื่อเก็บแล้ว สามารถสวมใส่ได้
80045	War Machine-Legging	ประเภทชั้นเก็บของ: รูปลักษณ์		เมื่อใช้สามารถนำ [War Machine-Legging] เก็บใส่ชั่นวางของ เมื่อเก็บแล้ว สามารถสวมใส่ได้
80046	God Fire-Headdress	ประเภทชั้นเก็บของ: รูปลักษณ์		เมื่อใช้สามารถนำ [God Fire-Headdress] เก็บใส่ชั่นวางของ เมื่อเก็บแล้ว สามารถสวมใส่ได้
80047	God Fire-Armor	ประเภทชั้นเก็บของ: รูปลักษณ์		เมื่อใช้สามารถนำ [God Fire-Armor] เก็บใส่ชั่นวางของ เมื่อเก็บแล้ว สามารถสวมใส่ได้
80048	God Fire-Legging	ประเภทชั้นเก็บของ: รูปลักษณ์		เมื่อใช้สามารถนำ [God Fire-Legging] เก็บใส่ชั่นวางของ เมื่อเก็บแล้ว สามารถสวมใส่ได้
80049	Abyss Armor-Headdress	ประเภทชั้นเก็บของ: รูปลักษณ์		เมื่อใช้สามารถนำ [Abyss Armor-Headdress] เก็บใส่ชั่นวางของ เมื่อเก็บแล้ว สามารถสวมใส่ได้
80050	Abyss Armor-Armor	ประเภทชั้นเก็บของ: รูปลักษณ์		เมื่อใช้สามารถนำ [Abyss Armor-Armor] เก็บใส่ชั่นวางของ เมื่อเก็บแล้ว สามารถสวมใส่ได้
80051	Abyss Armor-Legging	ประเภทชั้นเก็บของ: รูปลักษณ์		เมื่อใช้สามารถนำ [Abyss Armor-Legging] เก็บใส่ชั่นวางของ เมื่อเก็บแล้ว สามารถสวมใส่ได้
80052	玉面魔狐-頭飾	收納種類：外觀。		使用後將【玉面魔狐-頭飾】收進收納櫃，收納後即可穿著。
80053	烈陽之術-頭飾	收納種類：外觀。		使用後將【烈陽之術-頭飾】收進收納櫃，收納後即可穿著。
80054	烈陽之術-上身	收納種類：外觀。		使用後將【烈陽之術-上身】收進收納櫃，收納後即可穿著。
80055	烈陽之術-下身	收納種類：外觀。		使用後將【烈陽之術-下身】收進收納櫃，收納後即可穿著。
99801	LV.1補償錢袋			販售商店後可以獲得1金。
99802	LV.2補償錢袋			販售商店後可以獲得2金。
99803	LV.3補償錢袋			販售商店後可以獲得3金。
99804	LV.4補償錢袋			販售商店後可以獲得4金。
99805	LV.5補償錢袋			販售商店後可以獲得5金。
99806	LV.6補償錢袋			販售商店後可以獲得6金。
99807	LV.7補償錢袋			販售商店後可以獲得7金。
99808	LV.8補償錢袋			販售商店後可以獲得8金。
99809	LV.9補償錢袋			販售商店後可以獲得9金。
99810	LV.10補償錢袋			販售商店後可以獲得10金。
99901	Testing Underwear	ไอเทมชั้นเก็บของ-แฟชั่น		คลิกขวาใช้ จะเก็บเข้าชั้นวางของ
99902	Green Test Box Lv.120	เครื่องสวมใส่สีเขียวทั้งตัว		คลิกขวาใช้ จะได้รับเครื่องสวมใส่
99903	Purple Test Box Lv.120	เครื่องสวมใส่สีม่วงทั้งตัว		คลิกขวาใช้ จะได้รับเครื่องสวมใส่
99904	Pumice-Test Suffix	ประเภท: หินแมกม่า ไอเทมหล่อที่มีหางชื่อ!(แนะนำ: เมื่อหล่อแล้วจะเปลี่ยนหางชื่อของไอเทม)		เมื่อใช้แล้ว คลิกซ้ายเลือกเป้าหมายที่ต้องการเปลี่ยนรูปลักษณ์ในกระเป๋าได้\n(แนะนำ: เมื่อหล่อแล้วจะเปลี่ยนหางชื่อของไอเทม)
99905	Simple Gliding Wing	ใช้ทดสอบ		เมื่อใช้สามารถนำ [Simple Gliding Wing] เก็บใส่ชั่นวางของ เมื่อใส่แล้วสามารถสวมได้
99951	BUFF堆疊9924	測試用	測試用道具，內部使用，請勿外流！！	技能&堆疊9923
99952	BUFF堆疊9925	測試用	測試用道具，內部使用，請勿外流！！	技能&堆疊9923
99953	BUFF堆疊9926	測試用	測試用道具，內部使用，請勿外流！！	技能&堆疊9923
99954	BUFF堆疊9927	測試用	測試用道具，內部使用，請勿外流！！	技能&堆疊9923
99955	BUFF堆疊9928	測試用	測試用道具，內部使用，請勿外流！！	技能&堆疊9923
99956	BUFF堆疊9929	測試用	測試用道具，內部使用，請勿外流！！	技能&堆疊9923
99957	BUFF堆疊9930	測試用	測試用道具，內部使用，請勿外流！！	技能&堆疊9923
99958	BUFF堆疊9931	測試用	測試用道具，內部使用，請勿外流！！	技能&堆疊9923
99959	BUFF堆疊9932	測試用	測試用道具，內部使用，請勿外流！！	技能&堆疊9923
99960	BUFF堆疊9933	測試用	測試用道具，內部使用，請勿外流！！	技能&堆疊9923
99961	BUFF堆疊9934	測試用	測試用道具，內部使用，請勿外流！！	技能&堆疊9923
99962	BUFF堆疊9935	測試用	測試用道具，內部使用，請勿外流！！	技能&堆疊9923
99963	BUFF堆疊9936	測試用	測試用道具，內部使用，請勿外流！！	技能&堆疊9923
99964	BUFF堆疊9937	測試用	測試用道具，內部使用，請勿外流！！	技能&堆疊9923
99965	BUFF堆疊9938	測試用	測試用道具，內部使用，請勿外流！！	技能&堆疊9923
99966	BUFF堆疊9939	測試用	測試用道具，內部使用，請勿外流！！	技能&堆疊9923
99967	BUFF堆疊9940	測試用	測試用道具，內部使用，請勿外流！！	技能&堆疊9923
99968	BUFF堆疊9941	測試用	測試用道具，內部使用，請勿外流！！	技能&堆疊9923
99969	BUFF堆疊9942	測試用	測試用道具，內部使用，請勿外流！！	技能&堆疊9923
99970	BUFF堆疊9943	測試用	測試用道具，內部使用，請勿外流！！	技能&堆疊9923
99971	BUFF堆疊9944	測試用	測試用道具，內部使用，請勿外流！！	技能&堆疊9923
99972	BUFF堆疊9945	測試用	測試用道具，內部使用，請勿外流！！	技能&堆疊9923
99973	BUFF堆疊9946	測試用	測試用道具，內部使用，請勿外流！！	技能&堆疊9923
99974	BUFF堆疊9947	測試用	測試用道具，內部使用，請勿外流！！	技能&堆疊9923
99975	BUFF堆疊9948	測試用	測試用道具，內部使用，請勿外流！！	技能&堆疊9923
99976	BUFF堆疊9949	測試用	測試用道具，內部使用，請勿外流！！	技能&堆疊9923
99977	BUFF堆疊9950	測試用	測試用道具，內部使用，請勿外流！！	技能&堆疊9923
99978	BUFF堆疊9951	測試用	測試用道具，內部使用，請勿外流！！	技能&堆疊9923
99979	BUFF堆疊9952	測試用	測試用道具，內部使用，請勿外流！！	技能&堆疊9923
99980	BUFF堆疊9953	測試用	測試用道具，內部使用，請勿外流！！	技能&堆疊9923
