n_ID	s_SKILL_TITLE	s_DESCRIPTION	s_TIP	s_DETAIL	s_CACULATE
9	Portside Gun	ปืนใหญ่ด้านซ้ายของเรือ	ปืนใหญ่ด้านซ้ายของเรือ		
14	Javelin	ยิงJavelinจากหน้าเรือ	ยิงJavelinจากหน้าเรือ		
15	Starboard gun	ปืนใหญ่ด้านขวาของเรือ	ปืนใหญ่ด้านขวาของเรือ		
89	Wound Healing	เมื่อท่านโดนโจมตีครั้งแรกยังพอรักษาได้ แต่ถ้าโดนอีกครั้งจะตายทันที			
99	Normal Attack	จะต้องใส่ลงในช่องคีห์ลัด\n\nใช้พร้อมกับอาวุธในมือ	จะต้องใส่ลงในช่องคีห์ลัด\n\nใช้พร้อมกับอาวุธในมือ\n		
110	Strive Jump	กระโดดไกล ถ้ากระโดดจากที่สูงสามารถเหาะได้และสามารถบังคับทิศทางได้	กระโดดไกล ถ้ากระโดดจากที่สูงสามารถเหาะได้และสามารถบังคับทิศทางได้		
111	VIP Strive Jump	ใช้กระโดด VIP กระโดดไปกลางอากาศ กด (spacebar) เริ่มบิน หากท่านช่ำชองเรื่องทิศทาง นี่เป็นการเคลื่อนที่ที่เร็วที่สุด	ใช้กระโดด VIP กระโดดไปกลางอากาศ กด (spacebar) เริ่มบิน หากท่านช่ำชองเรื่องทิศทาง นี่เป็นการเคลื่อนที่ที่เร็วที่สุด		
278	Martial Attack	โจมตีด้วยมือเปล่า	โจมตีด้วยมือเปล่า		
279	Martial Attack	โจมตีด้วยมือเปล่า	โจมตีด้วยมือเปล่า		
280	Duble Blade Strike	โจมตีด้วยดาบคู่	โจมตีด้วยดาบคู่		
282	Duble Spear Strike	โจมตีด้วยปืนคู่	โจมตีด้วยปืนคู่		
284	Hammer Strike	โจมตีด้วยค้อนมือเดียว	โจมตีด้วยค้อนมือเดียว		
286	Stafe Strike	โจมตีด้วยไม้เท้า	โจมตีด้วยไม้เท้า		
288	Magma Strike	โจมตีด้วยแมกม่า	โจมตีด้วยแมกม่า		
298	Soul Gather	ได้รับผลจาก Soul Gather เป็นเวลา 30 วินาที เมื่อมีผลของ Soul Gathe rแล้วจึงจะทำการดูดซับพลังได้ สามารถยกเลิก Soul Gather ได้ ฟื้นฟูค่ากำลัง 20 แต้ม	ได้รับผลจาก Soul Gather เป็นเวลา 30 วินาที เมื่อมีผลของ Soul Gathe rแล้วจึงจะทำการดูดซับพลังได้ สามารถยกเลิก Soul Gather ได้ ฟื้นฟูค่ากำลัง 20 แต้ม		
299	Recovery Focus	ใช้ผลของ Soul Gather 1 ชั้น เพิ่มค่ากำลัง 10 แต้ม	ใช้ผลของSoul Gather 1 ชั้น เพิ่มค่ากำลัง 10 แต้ม		
510	Ship Repairing Lv.1				
511	Ship Repairing Lv.2				
512	Ship Repairing Lv.3				
513	Ship Repairing Lv.4				
520	Basic Breechloader[Left] 	\nยิงระเบิดจากทางซ้ายของเรือ 1 ลูก แต่ละลูกทำให้เกิดความเสียหาย 250 แต้ม\n\nเหมาะกับ: Armed Brig Barge, Bermuda Ship, Main Warship	\nnยิงระเบิดจากทางซ้ายของเรือ 1 ลูก แต่ละลูกทำให้เกิดความเสียหาย 250 แต้ม\n\nเหมาะกับ: Armed Brig Barge, Bermuda Ship, Main Warship		
521	Simple Ejector	\nเมื่อสวมใส่สามารถยิง Javelin ได้ ทำให้ศัตรูได้รับความเสียหาย 60 แต้ม\n\nเหมาะกับ: Armed Brig Barge, Bermuda Ship, Main Warship	\nเมื่อสวมใส่สามารถยิง Javelin ได้ ทำให้ศัตรูได้รับความเสียหาย 60 แต้ม\n\nเหมาะกับ: Armed Brig Barge, Bermuda Ship, Main Warship		
522	Basic Breechloader[Right] 	\nยิงปืนจากกราบเรือขวาได้ 1 นัด แต่ละนัดทำให้ศัตรูได้รับความเสียหาย 250 แต้ม\n\nเหมาะกับ: Armed Brig Barge, Bermuda Ship, Main Warship	\nยิงปืนจากกราบเรือขวาได้ 1 นัด แต่ละนัดทำให้ศัตรูได้รับความเสียหาย 250 แต้ม\n\nเหมาะกับ: Armed Brig Barge, Bermuda Ship, Main Warship		
523	Hunter Breechloader[Left] 	\nยิงปืนจากกราบเรือซ้ายได้ 3 นัด แต่ละนัดทำให้ศัตรูได้รับความเสียหาย 175 แต้ม\n\nเหมาะกับ: Bermuda Ship, Main Warship	\nยิงปืนจากกราบเรือซ้ายได้ 3 นัด แต่ละนัดทำให้ศัตรูได้รับความเสียหาย 175 แต้ม\n\nเหมาะกับ: Bermuda Ship, Main Warship		
524	Spear Ejector	\nเมื่อสวมใส่สามารถยิง Javelin ได้ ทำให้ศัตรูได้รับความเสียหาย 75 แต้ม\n\nเหมาะกับ: Bermuda Ship, Main Warship	\nเมื่อสวมใส่สามารถยิง Javelin ได้ ทำให้ศัตรูได้รับความเสียหาย 75 แต้ม\n\nเหมาะกับ: Bermuda Ship, Main Warship		
525	Hunter Breechloader[Right] 	\nยิงปืนจากกราบเรือขวาได้ 3 นัด แต่ละนัดทำให้ศัตรูได้รับความเสียหาย 175 แต้ม\n\nเหมาะกับ: Bermuda Ship, Main Warship	\nยิงปืนจากกราบเรือขวาได้ 3 นัด แต่ละนัดทำให้ศัตรูได้รับความเสียหาย 175 แต้ม\n\nเหมาะกับ: Bermuda Ship, Main Warship		
526	Military Breechloader[Left] 	\nยิงปืนจากกราบเรือซ้ายได้ 5 นัด แต่ละนัดทำให้ศัตรูได้รับความเสียหาย 125 แต้ม\n\nเหมาะกับ: Main Warship	\nยิงปืนจากกราบเรือซ้ายได้ 5 นัด แต่ละนัดทำให้ศัตรูได้รับความเสียหาย 125 แต้ม\n\nเหมาะกับ: Main Warship		
527	Military Javelin Ejector	\nเมื่อสวมใส่สามารถยิง Javelin ได้ ทำให้ศัตรูได้รับความเสียหาย 90 แต้ม\n\nเหมาะกับ: Main Warship	\nเมื่อสวมใส่สามารถยิง Javelin ได้ ทำให้ศัตรูได้รับความเสียหาย 90 แต้ม\n\nเหมาะกับ: Main Warship		
528	Military Breechloader[Right] 	\nยิงปืนจากกราบเรือขวาได้ 5 นัด แต่ละนัดทำให้ศัตรูได้รับความเสียหาย 125 แต้ม\n\nเหมาะกับ: Main Warship	\nยิงปืนจากกราบเรือขวาได้ 5 นัด แต่ละนัดทำให้ศัตรูได้รับความเสียหาย 125 แต้ม\n\nเหมาะกับ: Main Warship		
529	Expedition Breechloader[Left] 	\nยิงปืนจากกราบเรือซ้ายได้ 7 นัด แต่ละนัดทำให้ศัตรูได้รับความเสียหาย 100 แต้ม\n\nเหมาะกับ: Main Warship	\nยิงปืนจากกราบเรือซ้ายได้ 7 นัด แต่ละนัดทำให้ศัตรูได้รับความเสียหาย 100 แต้ม\n\nเหมาะกับ: Main Warship		
530	Expedition Cluster Equipment	\nเมื่อสวมใส่สามารถยิง Javelin ได้ ทำให้ศัตรูได้รับความเสียหาย 100 แต้ม\n\nเหมาะกับ: Main Warship	\nเมื่อสวมใส่สามารถยิง Javelin ได้ ทำให้ศัตรูได้รับความเสียหาย 100 แต้ม\n\nเหมาะกับ: Main Warship		
531	Expedition Breechloader[Right] 	\nยิงปืนจากกราบเรือขวาได้ 7 นัด แต่ละนัดทำให้ศัตรูได้รับความเสียหาย 100 แต้ม\n\nเหมาะกับ: Main Warship	\nยิงปืนจากกราบเรือขวาได้ 7 นัด แต่ละนัดทำให้ศัตรูได้รับความเสียหาย 100 แต้ม\n\nเหมาะกับ: Main Warship		
550	Flame Radiation 	\nพ่นไฟไปด้านหน้า ทำให้เกิดความเสียหายต่อเนื่อง 30 แต้ม\n\nเหมาะกับ: Armed Brig Barge, Bermuda Ship, Main Warship	\nพ่นไฟไปด้านหน้า ทำให้เกิดความเสียหายต่อเนื่อง 30 แต้ม\n\nเหมาะกับ: Armed Brig Barge, Bermuda Ship, Main Warship		
551	Warship Collide	\nพุ่งเข้าใส่ ทำให้เรือของศัตรูที่อยู่ในเส้นทางได้รับความเสียหาย 200 แต้ม\n\nเหมาะกับ: Armed Brig Barge, Bermuda Ship, Main Warship	\nพุ่งเข้าใส่ ทำให้เรือของศัตรูที่อยู่ในเส้นทางได้รับความเสียหาย 200 แต้ม\n\nเหมาะกับ: Armed Brig Barge, Bermuda Ship, Main Warship		
552	Armor Warship	\nเพิ่มพลังป้องกันให้เรือตนเอง ลดความสียหายที่ได้รับ 50%\n\nเหมาะกับ: Armed Brig Barge, Bermuda Ship, Main Warship	\nเพิ่มพลังป้องกันให้เรือตนเอง ลดความสียหายที่ได้รับ 50%\n\nเหมาะกับ: Armed Brig Barge, Bermuda Ship, Main Warship		
553	Cross Mine	\nยิงระเบิดไปด้านหลัง เมื่อระเบิดจะเกิดความเสียหายเป็นเครื่องหมายบวก แต่ละทางทำความเสียหาย 50 แต้ม\n\nเหมาะกับ: Armed Brig Barge, Bermuda Ship, Main Warship	\nยิงระเบิดไปด้านหลัง เมื่อระเบิดจะเกิดความเสียหายเป็นเครื่องหมายบวก แต่ละทางทำความเสียหาย 50 แต้ม\n\nเหมาะกับ: Armed Brig Barge, Bermuda Ship, Main Warship		
554	Fishnet[Front] 	\nยิงตาข่ายไปด้านหน้า ศัตรูที่โดนตาข่ายจะลดความเร็วในการเคลื่อนที่ลง\n\nเหมาะกับ: Armed Brig Barge, Bermuda Ship, Main Warship	\nยิงตาข่ายไปด้านหน้า ศัตรูที่โดนตาข่ายจะลดความเร็วในการเคลื่อนที่ลง\n\nเหมาะกับ: Armed Brig Barge, Bermuda Ship, Main Warship		
555	Fishnet[Back] 	\nยิงตาข่ายไปด้านหลัง ศัตรูที่โดนตาข่ายจะลดความเร็วในการเคลื่อนที่ลง\n\nเหมาะกับ: Armed Brig Barge, Bermuda Ship, Main Warship	\nยิงตาข่ายไปด้านหลัง ศัตรูที่โดนตาข่ายจะลดความเร็วในการเคลื่อนที่ลง\n\nเหมาะกับ: Armed Brig Barge, Bermuda Ship, Main Warship		
556	Accelerate	\nความเร็วเรือ + 120 \n\nประเภทเรือที่เหมาะสม: Armed Brig Barge, Bermuda Ship, Main Warship	\nความเร็วเรือ+ 120 \n\nประเภทเรือที่เหมาะสม: Armed Brig Barge, Bermuda Ship, Main Warship		
557	Harpoon Chain	\nยิง Harpoon Chain ไปทางซ้ายและขวาเรือ เมื่อโจมตีแม่นยำเรือศัตรูจะถูกลากเข้ามาใกล้เรือตนเอง และทำให้เกิดความเสียหาย 50 แต้ม\n\nเหมาะกับ: Armed Brig Barge, Bermuda Ship, Main Warship	\nยิง Harpoon Chain ไปทางซ้ายและขวาเรือ เมื่อโจมตีแม่นยำเรือศัตรูจะถูกลากเข้ามาใกล้เรือตนเอง และทำให้เกิดความเสียหาย 50 แต้ม\n\nเหมาะกับ: Armed Brig Barge, Bermuda Ship, Main Warship		
600	Mortar[Left] 	\nยิง Mortar ไปทางซ้าย ทำให้เกิดความเสียหายเป็นวงกว้าง 250 แต้ม\n\nเหมาะกับ: Armed Brig Barge, Bermuda Ship, Main Warship	\nยิง Mortar ไปทางซ้าย ทำให้เกิดความเสียหายเป็นวงกว้าง 250 แต้ม\n\nเหมาะกับ: Armed Brig Barge, Bermuda Ship, Main Warship		
601	Incendiary Bomb[Left] 	\nยิงปืนไฟไปทางซ้าย ทำให้ทะเลเป็นเพลิง ทำความเสียหายต่อเนื่อง 50 แต้ม\n\nเหมาะกับ: Armed Brig Barge, Bermuda Ship, Main Warship	\nยิงปืนไฟไปทางซ้าย ทำให้ทะเลเป็นเพลิง ทำความเสียหายต่อเนื่อง 50 แต้ม\n\nเหมาะกับ: Armed Brig Barge, Bermuda Ship, Main Warship		
602	Machine Gun[Left] 	\nยิงโจมตีทางซ้ายต่อเนื่อง แต่ละนัดทำความเสียหาย 100 แต้ม\n\nเหมาะกับ: Armed Brig Barge, Bermuda Ship, Main Warship	\nยิงโจมตีทางซ้ายต่อเนื่อง แต่ละนัดทำความเสียหาย 100 แต้ม\n\nเหมาะกับ: Armed Brig Barge, Bermuda Ship, Main Warship		
603	Strength Gun[Left] 	\nยิงระเบิดไปทางซ้าย ทำให้เรือที่อยู่ในเส้นทางเกิดความเสียหาย 500 แต้ม\n\nเหมาะกับ: Armed Brig Barge, Bermuda Ship, Main Warship	\nยิงระเบิดไปทางซ้าย ทำให้เรือที่อยู่ในเส้นทางเกิดความเสียหาย 500 แต้ม\n\nเหมาะกับ: Armed Brig Barge, Bermuda Ship, Main Warship		
604	Iron Ball[Left] 	\nยิง Iron Ball จากทางซ้ายของเรือ ทำให้เกิดความเสียหาย 150 แต้ม และทำให้เกิดคลื่น มีผลกระทบต่อความเร็วเรือของศัตรู\n\nประเภทเรือที่ต้องการ: Armed Brig Barge, Bermuda Ship, Main Warship	\nยิง Iron Ball จากทางซ้ายของเรือ ทำให้เกิดความเสียหาย 150 แต้ม และทำให้เกิดคลื่น มีผลกระทบต่อความเร็วเรือของศัตรู\n\nประเภทเรือที่ต้องการ: Armed Brig Barge, Bermuda Ship, Main Warship		
605	Aerosol Bomb[Left] 	\nยิง Smoke Bomb จากทางซ้ายของเรือ ทำให้เพื่อนที่อยู่ในควันได้รับค่าหลบหลีกเพิ่มขึ้น 50%\n\nประเภทเรือที่ต้องการ: Armed Brig Barge, Bermuda Ship, Main Warship\n	\nยิง Smoke Bomb จากทางซ้ายของเรือ ทำให้เพื่อนที่อยู่ในควันได้รับค่าหลบหลีกเพิ่มขึ้น 50%\n\nประเภทเรือที่ต้องการ: Armed Brig Barge, Bermuda Ship, Main Warship\n		
650	Mortar[Right] 	\nยิง Mortar ไปทางขวา ทำให้เกิดความเสียหายเป็นวงกว้าง 250 แต้ม\n\nเหมาะกับ: Armed Brig Barge, Bermuda Ship, Main Warship	\nยิง Mortar ไปทางขวา ทำให้เกิดความเสียหายเป็นวงกว้าง 250 แต้ม\n\nเหมาะกับ: Armed Brig Barge, Bermuda Ship, Main Warship		
651	Incendiary Bomb[Right] 	\nยิงปืนไฟไปทางขวา ทำให้ทะเลเป็นเพลิง ทำความเสียหายต่อเนื่อง50 แต้ม\n\nเหมาะกับ: Armed Brig Barge, Bermuda Ship, Main Warship	\nยิงปืนไฟไปทางขวา ทำให้ทะเลเป็นเพลิง ทำความเสียหายต่อเนื่อง50 แต้ม\n\nเหมาะกับ: Armed Brig Barge, Bermuda Ship, Main Warship		
652	Machine Gun[Right] 	\nยิงโจมตีทางขวาต่อเนื่อง แต่ละนัดทำความเสียหาย 100 แต้ม\n\nเหมาะกับ: Armed Brig Barge, Bermuda Ship, Main Warship	\nยิงโจมตีทางขวาต่อเนื่อง แต่ละนัดทำความเสียหาย 100 แต้ม\n\nเหมาะกับ: Armed Brig Barge, Bermuda Ship, Main Warship		
653	Strength Gun[Right] 	\nยิงระเบิดไปทางขวา ทำให้เรือที่อยู่ในเส้นทางเกิดความเสียหาย 500 แต้ม\n\nเหมาะกับ: Armed Brig Barge, Bermuda Ship, Main Warship	\nยิงระเบิดไปทางขวา ทำให้เรือที่อยู่ในเส้นทางเกิดความเสียหาย 500 แต้ม\n\nเหมาะกับ: Armed Brig Barge, Bermuda Ship, Main Warship		
654	Iron Ball[Right] 	\nยิง Iron Ball จากทางขวาของเรือ ทำให้เกิดความเสียหาย 150 แต้ม และทำให้เกิดคลื่น มีผลกระทบต่อความเร็วเรือของศัตรู\n\nประเภทเรือที่ต้องการ: Armed Brig Barge, Bermuda Ship, Main Warship	\nยิง Iron Ball จากทางขวาของเรือ ทำให้เกิดความเสียหาย 150 แต้ม และทำให้เกิดคลื่น มีผลกระทบต่อความเร็วเรือของศัตรู\n\nประเภทเรือที่ต้องการ: Armed Brig Barge, Bermuda Ship, Main Warship		
655	Aerosol Bomb[Right] 	\nยิง Smoke Bomb จากทางขวาของเรือ ทำให้เพื่อนที่อยู่ในควันได้รับค่าหลบหลีกเพิ่มขึ้น 50%\n\nประเภทเรือที่ต้องการ: Armed Brig Barge, Bermuda Ship, Main Warship\n	\nยิง Smoke Bomb จากทางขวาของเรือ ทำให้เพื่อนที่อยู่ในควันได้รับค่าหลบหลีกเพิ่มขึ้น 50%\n\nประเภทเรือที่ต้องการ: Armed Brig Barge, Bermuda Ship, Main Warship\n		
1003	Fetters Friendship	เลือกเพื่อนของท่านเป็นเป้าหมาย เมื่อกดใช้สามารถกระโดดไปยังพื้นที่ที่เพื่อนอยู่	เลือกเพื่อนของท่านเป็นเป้าหมาย เมื่อกดใช้สามารถกระโดดไปยังพื้นที่ที่เพื่อนอยู่		
2950	Joint Jump	ส่งสัญญาณให้ผู้เล่นคนอื่นๆที่อยู่ภายใน 5 เมตร เตรียมพร้อมในการใช้ Premium Jump ผู้เล่นที่ได้รับสัญญาณนี้จะมีปุ่ม Premium Jump เด้งขึ้นมา ผู้เล่นจะต้องคลิกปุ่มนั้นก่อนที่จะหายไปเพื่อทำการ Premium Jump ส่วนการใช้ Joint Jump จะไม่มีผลต่อตนเอง	ส่งสัญญาณให้ผู้เล่นคนอื่นๆที่อยู่ภายในใน 5 เมตร เตรียมพร้อมในการใช้ Premium Jump ผู้เล่นที่ได้รับสัญญาณนี้จะมีปุ่ม Premium Jump เด้งขึ้นมา ผู้เล่นจะต้องคลิกปุ่มนั้นก่อนที่จะหายไปเพื่อทำการ Premium Jump ส่วนการใช้ Joint Jump จะไม่มีผลต่อตนเอง		
2952	Premium Jump	สามารถกระโดดได้สูงขึ้นในความช่วยเหลือจากเพื่อน	สามารถกระโดดได้สูงขึ้นในความช่วยเหลือจากเพื่อน		
2954	Super Jump	การ Premium Jump ตอนที่อยู่ในสถานะ Soul Gather สามารถกระโดดได้สูงขึ้น	การ Premium Jump ตอนที่อยู่ในสถานะ Soul Gather สามารถกระโดดได้สูงขึ้น		
2955	Magic Circle	ส่งสัญญาณให้ผู้เล่นคนอื่นๆที่อยู่ภายใน 17.5 เมตร ผู้เล่นที่ได้รับสัญญาณนี้จะมีปุ่มเด้งขึ้นมา เป้าหมายจะต้องคลิกปุ่มนั้นก่อนที่จะหายไป ท่านสามารถเปิด Magic Circle เพื่อลากเป้าหมายมายังตำแหน่งที่ท่านกำหนด	ส่งสัญญาณให้ผู้เล่นคนอื่นๆที่อยู่ภายใน 17.5 เมตร ผู้เล่นที่ได้รับสัญญาณนี้จะมีปุ่มเด้งขึ้นมา เป้าหมายจะต้องคลิกปุ่มนั้นก่อนที่จะหายไป ท่านสามารถเปิด Magic Circle เพื่อลากเป้าหมายมายังตำแหน่งที่ท่านกำหนด		
2956	Active Magic Circle	คลิกที่ปุ่ม ให้เพื่อนที่สร้าง Magic Circle ย้ายท่านไปที่นั่น	คลิกที่ปุ่ม ให้เพื่อนที่สร้าง Magic Circle ย้ายท่านไปที่นั่น		
2957	Energy Absorb	นำพลังเวทย์ 25 แต้ม ส่งให้เป้าหมาย	นำพลังเวทย์ 25 แต้ม ส่งให้เป้าหมาย		
2960	Team Energy Call	เมื่อส่ง Team Energy Call คนที่อยู่ภายใน 7.5 เมตร จะมีปุ่มเด้งขึ้น เมื่อคลิกจะสามารถเข้าร่วมการเรียกร้องของทีมได้ ทำให้ตนเองและผู้เล่นที่อยู่รอบๆฟื้นฟูค่ากำลัง 25 แต้ม และได้รับ Soul Gather 1 ขั้น	เมื่อส่ง Team Energy Call เพื่อนที่อยู่ภายใน 7.5 เมตร จะมีปุ่มเด้งขึ้น เมื่อคลิกจะสามารถเข้าร่วมการเรียกร้องของทีมได้ ทำให้ตนเองและผู้เล่นที่อยู่รอบๆฟื้นฟูค่ากำลัง 25 แต้ม และได้รับ Soul Gather 1 ขั้น		
2961	Team Energy Call	คลิกเพื่อทำการเรียกพลังงานทั้งทีม	คลิกเพื่อทำการเรียกพลังงานทั้งทีม		
2965	Team Defensive Call	เมื่อใช้ Team Defensive  Callแล้ว คนที่อยู่ในบริเวณ 7.5 เมตร จะมีปุ่มเด้งขึ้น เมื่อคลิกตนเองและผู้เล่นที่อยู่ในบริเวณมีผลของ Team Defensive Call 4 นาที ซ้อนได้ 5 ขั้น Team Defensive Call: เพิ่มพลังชีวิตสูงสุด $ADD_HPMAX ป้องกันมึนงงและคำสาป$ADD_ANTI_STUN	เมื่อใช้Team Defensive  Callแล้ว คนที่อยู่ในบริเวณ 7.5 เมตร จะมีปุ่มเด้งขึ้น เมื่อคลิกตนเองและผู้เล่นที่อยู่ในบริเวณมีผลของTeam Defensive Call 4 นาที ซ้อนได้ 5 ขั้น Team Defensive Call: เพิ่มพลังชีวิตสูงสุด $ADD_HPMAX ป้องกันมึนงงและคำสาป$ADD_ANTI_STUN		ADD_HPMAX(1)(1);ADD_ANTI_STUN(2)(1);ADD_ANTI_CURSE(2)(1)
2966	Team Defensive Call	คลิกปุ่มเพื่อดำเนินการTeam Defensive Call!	คลิกปุ่มเพื่อดำเนินการTeam Defensive Call!		
2968	Team Attacking Call	เมื่อใช้Team Attacking Callแล้ว คนที่อยู่ภายใน 7.5 เมตรจะมีปุ่มเด้งขึ้น เมื่อคลิกตนเองและผู้เล่นที่อยู่ในบริเวณมีผลของ Team Attacking Call  4 นาที ซ้อนได้ 5 ขั้น Team Attacking Call: เพิ่มโจมตีกายภาพและโจมตีเวทย์ $ADD_DAMMIPHYSICS	เมื่อใช้ Team Attacking Callแล้ว คนที่อยู่ภายใน 7.5 เมตรจะมีปุ่มเด้งขึ้น เมื่อคลิกตนเองและผู้เล่นที่อยู่ในบริเวณมีผลของTeam Attacking Call  4 นาที ซ้อนได้ 5 ขั้น Team Attacking Call: เพิ่มโจมตีกายภาพและโจมตีเวทย์ $ADD_DAMMIPHYSICS		ADD_DAMMIPHYSICS(1)
2969	Team Attacking Call	คลิกปุ่มเพื่อดำเนินการTeam Attacking Call!	คลิกปุ่มเพื่อดำเนินการTeam Attacking Call!		
2971	Sunbeam	โจมตีศัตรูในบริเวณ 17 เมตร คนที่อยู่ใน 7.5 เมตรจะมีปุ่มเด้งขึ้น หากมีคนกดปุ่มครบ 3 คน ท่านจะสามารถใช้ Sunbeam สกิลนี้สามารถโจมตีศัตรูได้ 10 คน ทำให้เกิดความเสียหายจากเวทย์ 275% และจากโจมตีกายภาพ\nหากมีคนกด 4 คน อานุภาพจะเพิ่มขึ้น: โจมตีเวทย์และกายภาพ 400%	โจมตีศัตรูในบริเวณ 17 เมตร คนที่อยู่ใน 7.5 เมตรจะมีปุ่มเด้งขึ้น หากมีคนกดปุ่มครบ 3 คน ท่านจะสามารถใช้ Sunbeam สกิลนี้สามารถโจมตีศัตรูได้ 10 คน ทำให้เกิดความเสียหายจากเวทย์ 275% และจากโจมตีกายภาพ\nหากมีคนกด 4 คน อานุภาพจะเพิ่มขึ้น: โจมตีเวทย์และกายภาพ 400%		
2972	Sunbeam	คลิกปุ่มเพื่อดำเนินการ Sunbeam!	คลิกปุ่มเพื่อดำเนินการ Sunbeam!		
2973	Sunbeam				
2975	Pray All	โจมตีศัตรูที่อยู่ใน 20 เมตรด้วย Pray All คนที่อยู่ใน 7.5 มตรจะมีปุ่ม Advance Pray All เด้งขึ้น หากมีผู้เล่นกดปุ่ม 2 คน จะมีโอกาสลากศัตรูเข้ามา	โจมตีศัตรูที่อยู่ใน 20 เมตรด้วย Pray All คนที่อยู่ใน 7.5 มตรจะมีปุ่ม Advance Pray All เด้งขึ้น หากมีผู้เล่นกดปุ่ม 2 คน จะมีโอกาสลากศัตรูเข้ามา		
2976	Advance Pray All	กดปุ่มเพื่อลากศัตรูเข้ามา!	กดปุ่มเพื่อลากศัตรูเข้ามา!		
2978	Life Transfer	เสียสละ HP โจมตีกายภาพและโจมตีเวทย์ 125% เพื่อเพิ่มชีวิตให้เป้าหมาย อาจทำให้ตนเองตายได้ การใชสกิลนี้ต้องคำนวนให้ดี	เสียสละ HP โจมตีกายภาพและโจมตีเวทย์ 125% เพื่อเพิ่มชีวิตให้เป้าหมาย อาจทำให้ตนเองตายได้ การใชสกิลนี้ต้องคำนวนให้ดี		
3000	First Strike Bite	กัดเป้าหมายตรงหน้า\n[โจมตีกายภาพ]	กัดเป้าหมายตรงหน้า\n[โจมตีกายภาพ]		
3001	Hopping Attack	โจมตีด้วยการกระโดด\n[โจมตีกายภาพ]	โจมตีด้วยการกระโดด\n[โจมตีกายภาพ]		
3002	Bite	โจมตีเป้าหมายที่ล้มอยู่\n[โจมตีกายภาพ]	โจมตีเป้าหมายที่ล้มอยู่\n[โจมตีกายภาพ]		
3003	Bitten				
3004	Bitten				
3005	Bitten				
3006	Bitten				
3007	Busted(performing)				
3008	Stun 3 seconds(performing skill)				
3009	Hopping Attack				
3010	Enemy Scan				
3011	Hunt Lap				
3012	Pinch Bite				
3013	Hunt Lap				
3014	Bite				
3020	Straight Cutter	ใช้อาวุธโจมตีเป้าหมาย\n[โจมตีกายภาพ]	ใช้อาวุธโจมตีเป้าหมาย\n[โจมตีกายภาพ]		
3022	Throwing Dart	ใช้ลูกดอกโจมตีเป้าหมาย\n[โจมตีกายภาพ]	ใช้ลูกดอกโจมตีเป้าหมาย\n[โจมตีกายภาพ]		
3024	Shield Attack	มีโอกาสโจมตีให้ศัตรูถอยตัว\n[โจมตีกายภาพ]\n\nต้องการ: ระดับความพอใจ 25 ขึ้นไป	มีโอกาสโจมตีให้ศัตรูถอยตัว\n[โจมตีกายภาพ]\n\nต้องการ: ระดับความพอใจ 25 ขึ้นไป		
3025	Advance Shield Attack	มีโอกาสโจมตีให้ศัตรูล้ม\n[โจมตีกายภาพ]\n\nต้องการ: ระดับความพอใจ 50 ขึ้นไป	มีโอกาสโจมตีให้ศัตรูล้ม\n[โจมตีกายภาพ]\n\nต้องการ: ระดับความพอใจ 50 ขึ้นไป		
3026	Horizontal Slash	บิดตัวฟันโจมตีหลายเป้าหมาย\n[โจมตีกายภาพ]	บิดตัวฟันโจมตีหลายเป้าหมาย\n[โจมตีกายภาพ]		
3027	Hacking	โจมตีหลายเป้าหมาย มีโอกาสโจมตีให้ศัตรูถอยตัว\n[โจมตีกายภาพ]\n\nต้องการ: ระดับความพอใจ 25 ขึ้นไป	โจมตีหลายเป้าหมาย มีโอกาสโจมตีให้ศัตรูถอยตัว\n[โจมตีกายภาพ]\n\nต้องการ: ระดับความพอใจ 25 ขึ้นไป		
3028	Advance Hacking	โจมตีหลายเป้าหมาย มีโอกาสโจมตีให้ศัตรูล้ม\n[โจมตีกายภาพ]\n\nต้องการ: ระดับความพอใจ 50 ขึ้นไป	โจมตีหลายเป้าหมาย มีโอกาสโจมตีให้ศัตรูล้ม\n[โจมตีกายภาพ]\n\nต้องการ: ระดับความพอใจ 50 ขึ้นไป		
3029	Sharpening	เพิ่มพลังโจมตีให้ตนเอง\n\nต้องการ: ระดับความพอใจ 75 ขึ้นไป	เพิ่มพลังโจมตีให้ตนเอง\n\nต้องการ: ระดับความพอใจ 75 ขึ้นไป		
3030	Break Point Bone	เพิ่มป้องกันและเพิ่มความเร็วในการฟื้นเลือดให้ตนเอง\n\nต้องการ: ระดับความพอใจ 75 ขึ้นไป	เพิ่มป้องกันและเพิ่มความเร็วในการฟื้นเลือดให้ตนเอง\n\nต้องการ: ระดับความพอใจ 75 ขึ้นไป		
3031	Provoke	ยั่วยุทำให้ฝ่ายตรงข้ามเสียพลังป้องกัน\n\nต้องการ: ระดับความพอใจ 75 ขึ้นไป	ยั่วยุทำให้ฝ่ายตรงข้ามเสียพลังป้องกัน\n\nต้องการ: ระดับความพอใจ 75 ขึ้นไป		
3040	Claw				
3041	Lion Roar				
3042	Rampage				
3043	Rampage				
3044	Advance Rampage				
3045	Worry				
3046	Alert				
3047	Roar				
3048	Black Fire Claw				
3049	Black Fire Call				
3050	Lion Roar				
3060	Right Hook				
3061	Throwing Stones				
3062	Earthquake				
3063	Earthquake				
3064	Earthquake				
3065	Earthquake				
3066	Majestic Roar				
3067	Throwing Ice				
3068	Throwing Lava				
3069	Swipe				
3080	Swipe Fibrous				
3081	Screw Fist				
3082	Screw Fist				
3083	Screw Fist				
3084	Screw Fist				
3085	Screw Fist				
3086	Strong Acid Seed				
3087	Strong Acid Seed				
3088	Explosion Seed				
3089	Smog Seed				
3090	End date Flower Bomb Seed				
3091	Magic Power Seed				
3100	Headbutt 				
3101	Hopping Attack				
3102	Deer Fireball				
3103	Dogkick				
3104	Antelope Flash				
3105	Inferno Ball				
3106	Burning Fire				
3107	Secluded Flame				
3108	Hopping Attack				
3120	First Strike Bite				
3121	Throwing Coconut 				
3122	Throwing Poison Coconut 				
3123	Throwing Lava				
3124	Throwing Mask 				
3125	Throwing Ice				
3126	Scarper				
3127	Burrow				
3128	Burrow				
3129	Burrow				
3130	Burrow				
3131	Burrow				
3132	Airflow Erupt				
3133	Smog eruption				
3140	Puncture				
3141	Eren cut				
3142	Eren cut				
3143	Hellraiser Flame				
3144	Soul Eater Flame				
3145	Aerial Explosion				
3146	Dark Impact				
3147	Triple Strike				
3148	Triple Strike				
3149	Atomic Hacking				
3152	Summon Demon Wolf				
3153	Summon SkeletonSailor				
3156	Hellraiser Flame				
3160	Claw strike	ใช้เล็บคู่โจมตีเป้าหมายที่อยู่ด้านหน้า\n[โจมตีกายภาพ&โจมตีเวทย์]	ใช้เล็บคู่โจมตีเป้าหมายที่อยู่ด้านหน้า\n[โจมตีกายภาพ&โจมตีเวทย์]		
3161	Hellraiser claw	โจมตีระยะไกลด้วยเล็บวิญญาณปีศาจ\n[โจมตีเวทย์]\n\nต้องการ: ระดับความพอใจ 25 ขึ้นไป	โจมตีระยะไกลด้วยเล็บวิญญาณปีศาจ\n[โจมตีเวทย์]\n\nต้องการ: ระดับความพอใจ 25 ขึ้นไป		
3162	Death Claw	โจมตีให้ศัตรูล้มด้วยเล็บอันแข็งแกร่ง\n[โจมตีกายภาพ&โจมตีเวทย์]\n\nต้องการ: ระดับความพอใจ 50 ขึ้นไป	โจมตีให้ศัตรูล้มด้วยเล็บอันแข็งแกร่ง\n[โจมตีกายภาพ&โจมตีเวทย์]\n\nต้องการ: ระดับความพอใจ 50 ขึ้นไป		
3163	Charm	โจมตีให้ศัตรูล้มด้วยเล็บอันแข็งแกร่ง\n[โจมตีกายภาพ&โจมตีเวทย์]\n\nต้องการ: ระดับความพอใจ 50 ขึ้นไป	โจมตีให้ศัตรูล้มด้วยเล็บอันแข็งแกร่ง\n[โจมตีกายภาพ&โจมตีเวทย์]\n\nต้องการ: ระดับความพอใจ 50 ขึ้นไป		
3164	Poltergeist	เรียกวิญญาณโจมตีฝ่ายตรงข้าม\n[โจมตีเวทย์]\n\nต้องการ: ระดับความพอใจ 75 ขึ้นไป	เรียกวิญญาณโจมตีฝ่ายตรงข้าม\n[โจมตีเวทย์]\n\nต้องการ: ระดับความพอใจ 75 ขึ้นไป		
3165	Undead impact				
3166	Song of Cure	เพิ่มพลังชีวิตให้เพื่อนในบริเวณรอบๆ\n\nต้องการ: ระดับความพอใจ 75 ขึ้นไป	เพิ่มพลังชีวิตให้เพื่อนในบริเวณรอบๆ\n\nต้องการ: ระดับความพอใจ 75 ขึ้นไป		
3167	Calling spirits				
3168	Claw Strike				
3169	Poltergeist				
3170	Charm				
3180	Right Slam				
3181	Under slam				
3182	Swing slam				
3183	Thread				
3184	Self-medication				
3185	Self-reinforcing				
3186	Hammer Jump 				
3187	Advance Right Slam				
3188	Advance Under slam				
3189	Rolling Strike				
3190	Beating Ground				
3191	Plasma track				
3200	Palm Strike	ใช้ฝ่ามือตะปบเป้าหมายที่อยู่ไกลออกไป\n[โจมตีกายภาพ]	ใช้ฝ่ามือตะปบเป้าหมายที่อยู่ไกลออกไป\n[โจมตีกายภาพ]		
3201	Stainless javelin	โจมตีเป้าหมายทางไกลด้วยหอกแหลม\n[โจมตีกายภาพ]\n\nต้องการ: ระดับความพอใจ 25 ขึ้นไป	โจมตีเป้าหมายทางไกลด้วยหอกแหลม\n[โจมตีกายภาพ]\n\nต้องการ: ระดับความพอใจ 25 ขึ้นไป		
3202	Steel head javelin	โจมตีเป้าหมายทางไกลด้วยหอกแหลม\n[โจมตีกายภาพ]\n\nต้องการ: ระดับความพอใจ 25 ขึ้นไป	โจมตีเป้าหมายทางไกลด้วยหอกแหลม\n[โจมตีกายภาพ]\n\nต้องการ: ระดับความพอใจ 25 ขึ้นไป		
3203	Red iron javelin	โจมตีเป้าหมายทางไกลด้วยหอกแหลม\n[โจมตีกายภาพ]\n\nต้องการ: ระดับความพอใจ 25 ขึ้นไป	โจมตีเป้าหมายทางไกลด้วยหอกแหลม\n[โจมตีกายภาพ]\n\nต้องการ: ระดับความพอใจ 25 ขึ้นไป		
3204	Shells shooting	โจมตีเป้าหมายทางไกลด้วยปืนใหญ่\n[โจมตีกายภาพ]\n\nต้องการ: ระดับความพอใจ 25 ขึ้นไป	โจมตีเป้าหมายทางไกลด้วยปืนใหญ่\n[โจมตีกายภาพ]\n\nต้องการ: ระดับความพอใจ 25 ขึ้นไป		
3205	Royale Navy Gun	โจมตีทางไกลด้วยลูกปืนพลังงาน\n[โจมตีเวทย์]\n\nต้องการ: ระดับความพอใจ 25 ขึ้นไป	โจมตีทางไกลด้วยลูกปืนพลังงาน\n[โจมตีเวทย์]\n\nต้องการ: ระดับความพอใจ 25 ขึ้นไป		
3206	Locher Bell Gun	โจมตีทางไกลด้วยลูกปืนพลังงาน\n[โจมตีเวทย์]\n\nต้องการ: ระดับความพอใจ 25 ขึ้นไป	โจมตีทางไกลด้วยลูกปืนพลังงาน\n[โจมตีเวทย์]\n\nต้องการ: ระดับความพอใจ 25 ขึ้นไป		
3207	Strong Stainless javelin	โจมตีให้เป้าหมายถอยด้วยลูกปืนใหญ่\n[โจมตีกายภาพ]\n\nต้องการ: ระดับความพอใจ 75 ขึ้นไป	โจมตีให้เป้าหมายถอยด้วยลูกปืนใหญ่\n[โจมตีกายภาพ]\n\nต้องการ: ระดับความพอใจ 75 ขึ้นไป		
3208	Strong Steel head javelin	โจมตีให้เป้าหมายถอยด้วยลูกปืนใหญ่\n[โจมตีกายภาพ]\n\nต้องการ: ระดับความพอใจ 75 ขึ้นไป	โจมตีให้เป้าหมายถอยด้วยลูกปืนใหญ่\n[โจมตีกายภาพ]\n\nต้องการ: ระดับความพอใจ 75 ขึ้นไป		
3209	Strong iron javelin	โจมตีให้เป้าหมายถอยด้วยลูกปืนใหญ่\n[โจมตีกายภาพ]\n\nต้องการ: ระดับความพอใจ 75 ขึ้นไป	โจมตีให้เป้าหมายถอยด้วยลูกปืนใหญ่\n[โจมตีกายภาพ]\n\nต้องการ: ระดับความพอใจ 75 ขึ้นไป		
3210	Grand Cannon	โจมตีหมูด้วยปืนใหญ่\n[โจมตีกายภาพ]\n\nต้องการ: ระดับความพอใจ 75 ขึ้นไป	โจมตีหมูด้วยปืนใหญ่\n[โจมตีกายภาพ]\n\nต้องการ: ระดับความพอใจ 75 ขึ้นไป		
3211	Flame Radiation 	ยิงไฟใส่เป้าหมาย โจมตีหมู่\n[โจมตีเวทย์]\n\nต้องการ: ระดับความพอใจ 75 ขึ้นไป	ยิงไฟใส่เป้าหมาย โจมตีหมู่\n[โจมตีเวทย์]\n\nต้องการ: ระดับความพอใจ 75 ขึ้นไป		
3212	Blue Flame Radiation 	ยิงไฟใส่เป้าหมาย โจมตีหมู่\n[โจมตีเวทย์]\n\nต้องการ: ระดับความพอใจ 75 ขึ้นไป	ยิงไฟใส่เป้าหมาย โจมตีหมู่\n[โจมตีเวทย์]\n\nต้องการ: ระดับความพอใจ 75 ขึ้นไป		
3220	Right Hook				
3221	Breaking ground Claw				
3222	Earthquake Claw				
3223	Feather Dart				
3224	Feather Dart				
3225	Feather Dart				
3226	Feather Dart				
3227	Feather Dart				
3228	Feather Dart				
3229	Steel blade throwing				
3230	Steel blade throwing				
3231	Flashback				
3232	Flashback				
3233	Excited Roar				
3234	Intimidating Roar				
3240	judgement				
3241	Meteor Rain				
3242	Blizzard				
3243	Rectangular Flame				
3244	Glacier Bomb				
3245	Ice Barrier				
3246	Track Fireball				
3260	Short Throw				
3261	Throwing Fruit				
3262	Throwing Wild Berry				
3263	Throwing Fruit				
3264	Throwing Ragefire				
3265	Throwing Ice Crystal				
3266	Raspberry impact				
3267	Windfall Shockwave				
3268	Ragefire impact				
3269	Frost Shockwave				
3270	Swallow				
3280	Strike				
3281	Alert Weapon Ray				
3282	Extremely Ray				
3283	Plasma Ball				
3284	Death Nimbus				
3285	Magnetic Blaze				
3286	Magnetic Blaze				
3300	Fireball				
3301	Tornado Strike				
3302	Electric ball Strike				
3303	Whirlpool Strike				
3304	Rampage				
3305	Electromagnetic Ray				
3306	Skyfire				
3307	Tornado Strike				
3308	Plasma Blast				
3309	Giant water bombs				
3310	Throwing Bombs				
3320	Drill Attack				
3321	Drill Attack				
3322	Chainsaw Attack				
3323	Short Shotgun				
3324	Drill cast				
3325	Electromagnetic ray				
3326	Electromagnetic Brust				
3327	Great Rampage				
3328	Machine Gunner				
3329	Electromagnetic Area				
3330	Machine Gun Strafe				
3331	Immune Electromagnetic Radiation				
3332	Great Cannon				
3333	Blaze Magnetic radiation				
3334	Burst Magnetic radiation				
3340	Straight Cutter	ใช้อาวุธโจมตีเป้าหมายที่อยู่ด้านหน้า\n[โจมตีกายภาพ]	ใช้อาวุธโจมตีเป้าหมายที่อยู่ด้านหน้า\n[โจมตีกายภาพ]		
3342	Cyclotron Cutter	โจมตีเป้าหมายที่อยู่ด้านหน้าแบบหมู่\n[โจมตีกายภาพ]\n\nต้องการ: ระดับความพอใจ 50 ขึ้นไป	โจมตีเป้าหมายที่อยู่ด้านหน้าแบบหมู่\n[โจมตีกายภาพ]\n\nต้องการ: ระดับความพอใจ 50 ขึ้นไป		
3343	Jumping Cutter	กระโดดไปบริเวณศัตรูและโจมตีหมู่\n[โจมตีกายภาพ]\n\nต้องการ: ระดับความพอใจ 25 ขึ้นไป	กระโดดไปบริเวณศัตรูและโจมตีหมู่\n[โจมตีกายภาพ]\n\nต้องการ: ระดับความพอใจ 25 ขึ้นไป		
3344	Jack the Ripper	กระโดดไปบริเวณศัตรูและโจมตีหมู่ และโจมตีทำให้เป้าหมายหมู่ล้มลง\n[โจมตีกายภาพ]\n\nต้องการ: ระดับความพอใจ 75 ขึ้นไป	กระโดดไปบริเวณศัตรูและโจมตีหมู่ และโจมตีทำให้เป้าหมายหมู่ล้มลง\n[โจมตีกายภาพ]\n\nต้องการ: ระดับความพอใจ 75 ขึ้นไป		
3345	Fireball	โจมตีทางไกลด้วยลูกไฟ\n[โจมตีเวทย์]\n\nต้องการ: ระดับความพอใจ 25 ขึ้นไป	โจมตีทางไกลด้วยลูกไฟ\n[โจมตีเวทย์]\n\nต้องการ: ระดับความพอใจ 25 ขึ้นไป		
3346	Electric ball Strike	โจมตีทางไกลด้วยลูกไฟฟ้า\n[โจมตีเวทย์]\n\nต้องการ: ระดับความพอใจ 25 ขึ้นไป	โจมตีทางไกลด้วยลูกไฟฟ้า\n[โจมตีเวทย์]\n\nต้องการ: ระดับความพอใจ 25 ขึ้นไป		
3347	Spitfire	เผาเป้าหมายด้วยเปลวไฟ\n[โจมตีเวทย์]\n\nต้องการ: ระดับความพอใจ 75 ขึ้นไป	เผาเป้าหมายด้วยเปลวไฟ\n[โจมตีเวทย์]\n\nต้องการ: ระดับความพอใจ 75 ขึ้นไป		
3348	Acid Spray	พ่นโจมตีด้วยกรด\n[โจมตีกายภาพ&โจมตีเวทย์]\n\nต้องการ: ระดับความพอใจ 75 ขึ้นไป	พ่นโจมตีด้วยกรด\n[โจมตีกายภาพ&โจมตีเวทย์]\n\nต้องการ: ระดับความพอใจ 75 ขึ้นไป		
3349	Toxic Spray	พ่นโจมตีด้วยพิษ\n[โจมตีกายภาพ&โจมตีเวทย์]\n\nต้องการ: ระดับความพอใจ 75 ขึ้นไป	พ่นโจมตีด้วยพิษ\n[โจมตีกายภาพ&โจมตีเวทย์]\n\nต้องการ: ระดับความพอใจ 75 ขึ้นไป		
3351	Burning Fire				
3352	Skyfire				
3360	Shoot'em up				
3361	Shoot'em up				
3362	Shoot'em up				
3363	Machine Gun Strafe				
3364	Flame Radiation 				
3365	Flamethrower				
3366	Firing Cannon 				
3368	Antiaircraft gun				
3371	Antiaircraft Gun				
3380	Rifle shooting	โจมตีทางไกลด้วยปืน\n[โจมตีกายภาพ]	โจมตีทางไกลด้วยปืน\n[โจมตีกายภาพ]		
3381	Arrow Shooting	โจมตีทางไกลด้วยลูกธนู\n[โจมตีกายภาพ]	โจมตีทางไกลด้วยลูกธนู\n[โจมตีกายภาพ]		
3382	Syringe shot	ยิงแข็มใส่เป้าหมาย\n[โจมตีกายภาพ]	ยิงแข็มใส่เป้าหมาย\n[โจมตีกายภาพ]		
3383	Trample	โจมตีให้ถอยและล้มลง\n[โจมตีกายภาพ]\n\nต้องการ: ระดับความพอใจ 25 ขึ้นไป	โจมตีให้ถอยและล้มลง\n[โจมตีกายภาพ]\n\nต้องการ: ระดับความพอใจ 25 ขึ้นไป		
3384	Piercing Armor Bomb				
3385	Sniper Shot	โจมตีเป้าหมายเดี่ยวแบบหนัก\n[โจมตีกายภาพ]\n\nต้องการ: ระดับความพอใจ 25 ขึ้นไป	โจมตีเป้าหมายเดี่ยวแบบหนัก\n[โจมตีกายภาพ]\n\nต้องการ: ระดับความพอใจ 25 ขึ้นไป		
3386	Debilitating needle	ทำให้เป้าหมายอ่อนแอ โจมตีเดี่ยว\n[โจมตีกายภาพ]\n\nต้องการ: ระดับความพอใจ 25 ขึ้นไป	ทำให้เป้าหมายอ่อนแอ โจมตีเดี่ยว\n[โจมตีกายภาพ]\n\nต้องการ: ระดับความพอใจ 25 ขึ้นไป		
3387	Multiple arrow				
3388	Throwing Bombs	ปาระเบิดทำให้ศัตรูที่อยู่ในบริเวณเกิดความเสียหาย\n[โจมตีกายภาพ]\n\nต้องการ: ระดับความพอใจ 50 ขึ้นไป	ปาระเบิดทำให้ศัตรูที่อยู่ในบริเวณเกิดความเสียหาย\n[โจมตีกายภาพ]\n\nต้องการ: ระดับความพอใจ 50 ขึ้นไป		
3389	Throwing Pendulum	ปาระเบิดใส่เป้าหมาย\n[โจมตีกายภาพ]\n\nต้องการ: ระดับความพอใจ 50 ขึ้นไป	ปาระเบิดใส่เป้าหมาย\n[โจมตีกายภาพ]\n\nต้องการ: ระดับความพอใจ 50 ขึ้นไป		
3390	Venom Throwing Bomb	ปาระเบิดพิษใส่เป้าหมาย ทำให้เป้าหมายติดพิษ\n[โจมตีกายภาพ&โจมตีเวทย์]\n\nต้องการ: ระดับความพอใจ 50 ขึ้นไป	ปาระเบิดพิษใส่เป้าหมาย ทำให้เป้าหมายติดพิษ\n[โจมตีกายภาพ&โจมตีเวทย์]\n\nต้องการ: ระดับความพอใจ 50 ขึ้นไป		
3391	Throwing Medical bomb	รักษาเป้าหมายฝั่งตนเอง\nต้องการ: ระดับความพอใจ 75 ขึ้นไป	รักษาเป้าหมายฝั่งตนเอง\nต้องการ: ระดับความพอใจ 75 ขึ้นไป		
3400	Strike				
3401	Strong Impact				
3402	Fireball				
3403	Electric ball Strike				
3404	Venom bomb				
3405	Toxic Shower				
3406	Accurately				
3407	Wraith Curse				
3408	Blew				
3409	Blew				
3410	Blew				
3411	Blew				
3412	Strong Impact				
3413	Meteor Rain				
3414	Skyfire				
3415	Firewall				
3416	Lightning Bolt				
3420	Bitten				
3421	Venom Spit				
3422	Flick				
3423	Flick				
3424	Triple bite				
3425	Triple bite				
3426	Plasma Ball				
3427	Flame Breath				
3428	Venom Breath				
3429	Lightning call				
3430	Thunder Protect				
3431	Lightning Storm				
3440	Claw	ใช้เล็บคู่โจมตีเป้าหมาย\n[โจมตีกายภาพ&โจมตีเวทย์]	ใช้เล็บคู่โจมตีเป้าหมาย\n[โจมตีกายภาพ&โจมตีเวทย์]		
3441	Shader throwing	ใช้ลูกดอกโจมตีเป้าหมายที่อยู่ไกล\n[โจมตีกายภาพ]	ใช้ลูกดอกโจมตีเป้าหมายที่อยู่ไกล\n[โจมตีกายภาพ]		
3442	Shader throwing	ใช้ลูกดอกโจมตีเป้าหมายที่อยู่ไกล\n[โจมตีกายภาพ]	ใช้ลูกดอกโจมตีเป้าหมายที่อยู่ไกล\n[โจมตีกายภาพ]		
3443	Shader throwing	ใช้ลูกดอกโจมตีเป้าหมายที่อยู่ไกล ทำให้เกิดผลลดความเร็ว\n[โจมตีกายภาพ]	ใช้ลูกดอกโจมตีเป้าหมายที่อยู่ไกล ทำให้เกิดผลลดความเร็ว\n[โจมตีกายภาพ]		
3446	Strong Slam	ขยับปีกโจมตีให้เป้าหมายถอยหลัง\n[โจมตีกายภาพ]\n\nต้องการ: ระดับความพอใจ 25 ขึ้นไป	ขยับปีกโจมตีให้เป้าหมายถอยหลัง\n[โจมตีกายภาพ]\n\nต้องการ: ระดับความพอใจ 25 ขึ้นไป		
3447	Strong shockwave	ขยับปีกโจมตีให้เป้าหมายถอยหลัง มีผลโจมตีให้ล้มลงแฝงอยู่\n[โจมตีกายภาพ]\n\nต้องการ: ระดับความพอใจ 25 ขึ้นไป	ขยับปีกโจมตีให้เป้าหมายถอยหลัง มีผลโจมตีให้ล้มลงแฝงอยู่\n[โจมตีกายภาพ]\n\nต้องการ: ระดับความพอใจ 25 ขึ้นไป		
3448	Rampage	โจมตีเป้าหมายด้วยการพุ่ง\n[โจมตีกายภาพ]\n\nต้องการ: ระดับความพอใจ 25 ขึ้นไป	โจมตีเป้าหมายด้วยการพุ่ง\n[โจมตีกายภาพ]\n\nต้องการ: ระดับความพอใจ 25 ขึ้นไป		
3449	Master Impact	โจมตีเป้าหมายด้วยการพุ่ง มีผลโจมตีให้ล้มลงแฝงอยู่\n[โจมตีกายภาพ]\n\nต้องการ: ระดับความพอใจ 25 ขึ้นไป	โจมตีเป้าหมายด้วยการพุ่ง มีผลโจมตีให้ล้มลงแฝงอยู่\n[โจมตีกายภาพ]\n\nต้องการ: ระดับความพอใจ 25 ขึ้นไป		
3450	Tornado Strike	โจมตีเป้าหมายที่อยู่ในเส้นทางด้วยพายุ\n[โจมตีกายภาพ&โจมตีเวทย์]\n\nต้องการ: ระดับความพอใจ 50 ขึ้นไป	โจมตีเป้าหมายที่อยู่ในเส้นทางด้วยพายุ\n[โจมตีกายภาพ&โจมตีเวทย์]\n\nต้องการ: ระดับความพอใจ 50 ขึ้นไป		
3451	Fire Tornado	โจมตีเป้าหมายที่อยู่ในเส้นทางด้วยพายุไฟ\n[โจมตีเวทย์]\n\nต้องการ: ระดับความพอใจ 50 ขึ้นไป	โจมตีเป้าหมายที่อยู่ในเส้นทางด้วยพายุไฟ\n[โจมตีเวทย์]\n\nต้องการ: ระดับความพอใจ 50 ขึ้นไป		
3452	Breeding	เพิ่มพลังชีวิตให้เพื่อน\n\nต้องการ: ระดับความพอใจ 75 ขึ้นไป	เพิ่มพลังชีวิตให้เพื่อน\n\nต้องการ: ระดับความพอใจ 75 ขึ้นไป		
3453	Shader throwing				
3454	Shader throwing				
3460	Swipe	ใช้อาวุธโจมตีเป้าหมายที่อยู่ด้านหน้า\n[โจมตีกายภาพ]	ใช้อาวุธโจมตีเป้าหมายที่อยู่ด้านหน้า\n[โจมตีกายภาพ]		
3461	Slash	ใช้อาวุธโจมตีเป้าหมายที่อยู่ด้านหน้า\n[โจมตีกายภาพ]	ใช้อาวุธโจมตีเป้าหมายที่อยู่ด้านหน้า\n[โจมตีกายภาพ]		
3462	Venom saliva	พ่นน้ำลายพิษใส่เป้าหมาย ทำให้เป้าหมายติดพิษเบื้องต้น\n[โจมตีกายภาพ&โจมตีเวทย์]\n\nต้องการ: ระดับความพอใจ 25 ขึ้นไป	พ่นน้ำลายพิษใส่เป้าหมาย ทำให้เป้าหมายติดพิษเบื้องต้น\n[โจมตีกายภาพ&โจมตีเวทย์]\n\nต้องการ: ระดับความพอใจ 25 ขึ้นไป		
3463	Great Venom saliva	พ่นน้ำลายพิษใส่เป้าหมาย ทำให้เป้าหมายติดพิษ\n[โจมตีกายภาพ&โจมตีเวทย์]\n\nต้องการ: ระดับความพอใจ 50 ขึ้นไป	พ่นน้ำลายพิษใส่เป้าหมาย ทำให้เป้าหมายติดพิษ\n[โจมตีกายภาพ&โจมตีเวทย์]\n\nต้องการ: ระดับความพอใจ 50 ขึ้นไป		
3464	Strong Attack	ตะปบอย่างแรง ทำให้ศัตรูถอยหลัง\n[โจมตีกายภาพ]\n\nต้องการ: ระดับความพอใจ 50 ขึ้นไป	ตะปบอย่างแรง ทำให้ศัตรูถอยหลัง\n[โจมตีกายภาพ]\n\nต้องการ: ระดับความพอใจ 50 ขึ้นไป		
3465	Flames Spit	พ่นไฟใส่เป้าหมาย ทำให้เป้าหมายติดไฟ\n[โจมตีเวทย์]\n\nต้องการ: ระดับความพอใจ 50 ขึ้นไป	พ่นไฟใส่เป้าหมาย ทำให้เป้าหมายติดไฟ\n[โจมตีเวทย์]\n\nต้องการ: ระดับความพอใจ 50 ขึ้นไป		
3466	Charge Slash	ฟังอย่างแรงให้เป้าหมายถอยหลัง\n[โจมตีกายภาพ]\n\nต้องการ: ระดับความพอใจ 50 ขึ้นไป	ฟังอย่างแรงให้เป้าหมายถอยหลัง\n[โจมตีกายภาพ]\n\nต้องการ: ระดับความพอใจ 50 ขึ้นไป		
3468	Boom Cutter	กระโดดไปฝั่งศัตรู แล้วโจมตีหมู่\n[โจมตีกายภาพ]\n\nต้องการ: ระดับความพอใจ 75 ขึ้นไป	กระโดดไปฝั่งศัตรู แล้วโจมตีหมู่\n[โจมตีกายภาพ]\n\nต้องการ: ระดับความพอใจ 75 ขึ้นไป		
3469	Hack 				
3470	Lava Spit				
3471	Flames knife				
3472	Ghosts knife				
3480	Swing gun	ใช้อาวุธโจมตีเป้าหมายที่อยู่ด้านหน้า\n[โจมตีกายภาพ]	ใช้อาวุธโจมตีเป้าหมายที่อยู่ด้านหน้า\n[โจมตีกายภาพ]		
3481	Shoot	โจมตีทางไกลด้วยปืน\n[โจมตีกายภาพ]	โจมตีทางไกลด้วยปืน\n[โจมตีกายภาพ]		
3482	Dorsal Jump	พุ่งชนเป้าหมายทำให้ล้มลง\n[โจมตีกายภาพ]\n\nต้องการ: ระดับความพอใจ 25 ขึ้นไป	พุ่งชนเป้าหมายทำให้ล้มลง\n[โจมตีกายภาพ]\n\nต้องการ: ระดับความพอใจ 25 ขึ้นไป		
3483	Assault	จู่โจมเป้าหมายใน 15 เมตร\n[โจมตีกายภาพ]\n\nต้องการ: ระดับความพอใจ 50 ขึ้นไป	จู่โจมเป้าหมายใน 15 เมตร\n[โจมตีกายภาพ]\n\nต้องการ: ระดับความพอใจ 50 ขึ้นไป		
3484	Throwing Bombs	ปาระเบิดโจมตีเป้าหมายหมู่\n[โจมตีกายภาพ]\n\nต้องการ: ระดับความพอใจ 75 ขึ้นไป	ปาระเบิดโจมตีเป้าหมายหมู่\n[โจมตีกายภาพ]\n\nต้องการ: ระดับความพอใจ 75 ขึ้นไป		
3485	Shotgun Shot				
3500	Strike				
3501	Swoop				
3502	Lightning Bolt				
3503	Ice Drill				
3504	Throwing Plasma ball				
3505	Lightning Strike				
3506	Hailstone Shower				
3507	Throwing helmet				
3508	Battering				
3509	Throwing giant Shell				
3510	Astride				
3511	Strike				
3520	Head knocking	ทุบหัวเป้าหมาย มีโอกาสน้อยที่จะทำให้เป้าหมายหยุดการโจมตี\n[โจมตีกายภาพ]\n\nต้องการ: ระดับความพอใจ 25 ขึ้นไป	ทุบหัวเป้าหมาย มีโอกาสน้อยที่จะทำให้เป้าหมายหยุดการโจมตี\n[โจมตีกายภาพ]\n\nต้องการ: ระดับความพอใจ 25 ขึ้นไป		
3521	Flick	โจมตีเป้าหมายด้วยหาง\n[โจมตีกายภาพ]	โจมตีเป้าหมายด้วยหาง\n[โจมตีกายภาพ]		
3522	Whip Madness	โจมตีหมู่ด้วยแซ่\n[โจมตีกายภาพ]\n\nต้องการ: ระดับความพอใจ 75 ขึ้นไป	โจมตีหมู่ด้วยแซ่\n[โจมตีกายภาพ]\n\nต้องการ: ระดับความพอใจ 75 ขึ้นไป		
3523	Beast crash	พุ่งชนเป้าหมาย\n[โจมตีกายภาพ]\n\nต้องการ: ระดับความพอใจ 50 ขึ้นไป	พุ่งชนเป้าหมาย\n[โจมตีกายภาพ]\n\nต้องการ: ระดับความพอใจ 50 ขึ้นไป		
3524	Master Impact	พุ่งชนเป้าหมายอย่างแรง ทำให้เป้าหมายล้มลง\n[โจมตีกายภาพ]\n\nต้องการ: ระดับความพอใจ 50 ขึ้นไป	พุ่งชนเป้าหมายอย่างแรง ทำให้เป้าหมายล้มลง\n[โจมตีกายภาพ]\n\nต้องการ: ระดับความพอใจ 50 ขึ้นไป		
3526	Intimidate	เพิ่มพลังโจมตีและพลังชีวิต\n\nต้องการ: ระดับความพอใจ 75 ขึ้นไป	เพิ่มพลังโจมตีและพลังชีวิต\n\nต้องการ: ระดับความพอใจ 75 ขึ้นไป		
3527	Whip Madness	โจมตีหมู่ด้วยแซ่\n[โจมตีกายภาพ]\n\nต้องการ: ระดับความพอใจ 75 ขึ้นไป	โจมตีหมู่ด้วยแซ่\n[โจมตีกายภาพ]\n\nต้องการ: ระดับความพอใจ 75 ขึ้นไป		
3528	Whip Madness	โจมตีหมู่ด้วยแซ่\n[โจมตีกายภาพ]\n\nต้องการ: ระดับความพอใจ 75 ขึ้นไป	โจมตีหมู่ด้วยแซ่\n[โจมตีกายภาพ]\n\nต้องการ: ระดับความพอใจ 75 ขึ้นไป		
3529	Master Impact	พุ่งชนเป้าหมายอย่างแรง ทำให้เป้าหมายล้มลง\n[โจมตีกายภาพ]\n\nต้องการ: ระดับความพอใจ 50 ขึ้นไป	พุ่งชนเป้าหมายอย่างแรง ทำให้เป้าหมายล้มลง\n[โจมตีกายภาพ]\n\nต้องการ: ระดับความพอใจ 50 ขึ้นไป		
3540	Throwing Boomerang	โจมตีเป้าหมายที่อยู่ในเส้นทางด้วยการปาลูกดอก\n[โจมตีกายภาพ]	โจมตีเป้าหมายที่อยู่ในเส้นทางด้วยการปาลูกดอก\n[โจมตีกายภาพ]		
3541	Throwing Boomerang	โจมตีเป้าหมายที่อยู่ในเส้นทางด้วยการปาลูกดอก\n[โจมตีกายภาพ]	โจมตีเป้าหมายที่อยู่ในเส้นทางด้วยการปาลูกดอก\n[โจมตีกายภาพ]		
3542	Throwing Boomerang	โจมตีเป้าหมายที่อยู่ในเส้นทางด้วยการปาลูกดอก\n[โจมตีกายภาพ]	โจมตีเป้าหมายที่อยู่ในเส้นทางด้วยการปาลูกดอก\n[โจมตีกายภาพ]		
3543	Throwing Boomerang	โจมตีเป้าหมายที่อยู่ในเส้นทางด้วยการปาลูกดอก\n[โจมตีกายภาพ]	โจมตีเป้าหมายที่อยู่ในเส้นทางด้วยการปาลูกดอก\n[โจมตีกายภาพ]		
3544	Wild boar crash	ใช้หมูป่าชนเป้าหมายให้กระเด็น\n[โจมตีกายภาพ]\n\nต้องการ: ระดับความพอใจ 25 ขึ้นไป	ใช้หมูป่าชนเป้าหมายให้กระเด็น\n[โจมตีกายภาพ]\n\nต้องการ: ระดับความพอใจ 25 ขึ้นไป		
3545	Battle Support	เพิ่มพลังโจมตีให้ฝ่ายตนเอง\n\nต้องการ: ระดับความพอใจ 75 ขึ้นไป	เพิ่มพลังโจมตีให้ฝ่ายตนเอง\n\nต้องการ: ระดับความพอใจ 75 ขึ้นไป		
3546	Perseverance Boost	เพิ่มป้องกันให้ฝ่ายตนเอง\n\nต้องการ: ระดับความพอใจ 75 ขึ้นไป	เพิ่มป้องกันให้ฝ่ายตนเอง\n\nต้องการ: ระดับความพอใจ 75 ขึ้นไป		
3547	Vitality Boost	รักษาฝ่ายตนเอง\n\nต้องการ: ระดับความพอใจ 50 ขึ้นไป	รักษาฝ่ายตนเอง\n\nต้องการ: ระดับความพอใจ 50 ขึ้นไป		
3560	Straight Cutter				
3561	Chop				
3562	Beetle Juice				
3563	Rampage				
3564	Lightning Strike				
3565	Pyroblast				
3566	Pyroblast				
3580	Swing left	ใช้ฝ่ามือตะปบเป้าหมายระยะใกล้\n[โจมตีกายภาพ]	ใช้ฝ่ามือตะปบเป้าหมายระยะใกล้\n[โจมตีกายภาพ]		
3581	Electromagnetic Cannon	โจมตีทางไกลด้วยลูกปืนพลังงาน\n[โจมตีเวทย์]\n\nต้องการ: ระดับความพอใจ 25 ขึ้นไป	โจมตีทางไกลด้วยลูกปืนพลังงาน\n[โจมตีเวทย์]\n\nต้องการ: ระดับความพอใจ 25 ขึ้นไป		
3582	Pounding Fists	ใช้สองมือโจมตีหนักลงบนพื้นทำให้เป้าหมายเกิดความเสียหายหมู่\n[โจมตีกายภาพ]\n\nต้องการ: ระดับความพอใจ 50 ขึ้นไป	ใช้สองมือโจมตีหนักลงบนพื้นทำให้เป้าหมายเกิดความเสียหายหมู่\n[โจมตีกายภาพ]\n\nต้องการ: ระดับความพอใจ 50 ขึ้นไป		
3583	Plasma thump 	ใช้สายฟ้าโจมตีหนักลงบนพื้นทำให้เป้าหมายเกิดความเสียหายหมู่\n[โจมตีเวทย์]\n\nต้องการ: ระดับความพอใจ 50 ขึ้นไป	ใช้สายฟ้าโจมตีหนักลงบนพื้นทำให้เป้าหมายเกิดความเสียหายหมู่\n[โจมตีเวทย์]\n\nต้องการ: ระดับความพอใจ 50 ขึ้นไป		
3584	Luke' S Radiation				
3585	Luke' S Radiation				
3586	Luke' S Radiation				
3587	Hold Up				
3588	Swing left				
3589	Shaped hammering				
3590	Aerial Gun				
3591	Primary shape				
3592	Gather Ability Field				
3593	Second Shape				
3594	Super Electromagnetic				
3595	Laser sensors				
3600	Hippocampus Attack				
3601	Hippocampus Attack				
3602	Hippocampus Attack				
3603	Aqua Whip				
3604	Water Bomb				
3605	Water Bomb				
3606	Water Bomb				
3607	Heavy Rain				
3608	Aqua Circle				
3609	Inmune Aqua Circle				
3610	Inmune Aqua Circle				
3611	Inmune Aqua Circle				
3620	Right Swing				
3621	Left Swing				
3622	Moving Cutter				
3623	Moving Cutter				
3624	Moving Cutter				
3625	Water Jet				
3626	Bubble Blew				
3627	Bubble Blew				
3628	Bubble Blew				
3629	Track Bubble				
3630	Track Bubble				
3631	Bubble Bomb				
3640	Arm thrusts				
3641	Arms sting				
3642	Machine Gun Strafe				
3643	Rampage				
3644	Bombardier				
3645	Mutiple Stab				
3646	Bomb shell Spider Release				
3647	Bomb shell Spider Release				
3648	Bomb shell Spider Release				
3661	Blew				
3681	Miserable				
3682	Stampede				
3683	Lava bomb				
3684	Searing Puncture				
3685	Hallow				
3686	Cyclotron double tooth				
3700	Slash				
3701	Multiple Strike				
3702	Sunset Strike				
3703	Multiple Strike				
3704	Judgment hammering				
3705	Judgment hammering				
3706	Onrush				
3707	Onrush				
3708	Onrush				
3709	Day of Judgment				
3710	Sunset Fist				
3711	Wraith of Goddess				
3712	Sunset Strike				
3720	Swipe				
3721	Swipe				
3722	Blow				
3723	Backhand Assault				
3724	Jump Blow				
3740	Slash				
3741	Slash				
3742	Heavy Cutter				
3743	Circle Rip				
3744	Flying Heavy Cutter				
3760	Dual Combo				
3761	Dual Combo				
3762	Circle Attack				
3763	Tripple Combo				
3780	Dubble Cutter				
3781	Dubble Cutter				
3782	Circle Rip				
3783	Tripple Combo				
3785	Circle Slash				
3786	Aerial Ripper				
3787	Flying Kick				
3788	Flying Assassinate				
3789	Skip Step				
3790	Track of Blood				
3800	Shooting				
3801	Shooting				
3802	Strong Shooting				
3803	Evade shooting				
3820	Strile				
3821	Heavy Ripper				
3822	Storm Cyclotron				
3823	Frenzy Attack				
3824	Leap Assassinate				
3825	Deadly End				
3826	Flying Kick Strike				
3827	Lightnig Strike				
3828	Bloodlust Sword				
3840	Blitz				
3841	Destruction Wave				
3842	Battle call				
3843	Tear attack				
3844	Bane				
3845	Light Hammer				
3846	Shield				
3847	Crushed Earth				
3851	Piercing Shot				
3852	Plasma Bomb				
3853	Smoke Grenade				
3854	Frag Grenades				
3855	Suppressive Fire				
3856	Fire Extinguisher				
3857	Evade shooting				
3858	Massacre Fire				
3861	Beam Therapy				
3862	Prayer Cure				
3863	Javelin Sun				
3864	Fireball Combo				
3880	Multiple Frostbolt				
3881	Ice Core				
3882	Icy Hell				
3883	Crystal Frost				
3884	Snow Field				
3885	Ice Impact				
3900	Hippocampus Attack				
3901	Blood Whip				
3902	Blood Bomb				
3903	Heavy Rain				
3904	Aqua Circle				
3905	Inmune Aqua Circle				
3906	Inmune Aqua Circle				
3907	Inmune Aqua Circle				
3908	Summon				
3909	Heavy Shower				
3910	Water Ring				
3911	Resist Water Ring				
3920	Puncture				
3921	Eren Cut				
3922	Eren Cut				
3923	Hellraiser Flame				
3924	Soul Eater Flame				
3925					
3926	Dark Impact				
3927	Triple Strike				
3928	Triple Strike				
3929	Atomic Hacking				
5101	Hammer of Judgment				
5102	Summon Poseidon servant				
5103	Hammer of Judgment - Tester		ใช้อาวุธของทหารเรือโจมตีพวกนักโทษเลย!		
5128	Launch		ยิงปืนใหญ่!		
5130	Jump!		ใช้กระโดดเตียงสปริง!		
5155	Hammer of Judgment - Dusk				
5156	Hammer of Judgment - Dawn				
5157	Hammer of Judgment - Rising Sun				
5158	Hammer of Judgment - Hot Sun				
7000	Haste		พุ่งชนด้วยความเร็วในระยะ 19.5 เมตร		
7001	Bounce		กระโดดไปข้างหน้า 7.5 เมตร สามารถใช้กระโดดข้ามพื้นที่ที่มีภูมิประเทศที่ไม่ดี		
7002	Haste		พุ่งชนด้วยความเร็ว ในระยะ 15 เมตร		
7003	Haste		พุ่งชนด้วยความเร็ว ในระยะ 17 เมตร		
7004	Dash		พุ่งชนด้วยความเร็ว ในระยะ 80 เมตร		
7005	Leap		กระโดดไปด้านหน้า เหมาะกับการใช้ในภูมิประเทศที่มีแม่น้ำ		
7006	Drill Attack		โจมตีเป้าหมายให้ล้มลงด้วยสว่านที่อยู่ด้านหลัง		
7007	Throwing Drill		ปาสว่านใส่ศัตรู		
7008	Rampage		พุ่งชนศัตรูที่อยู่ในเส้นทางด้วยความเร็ว		
7009	Shotgun Shot		ใช้ปืนโจมตีศัตรูระยะใกล้		
7010	Shooting Raids		ยิงกวาดล้างศัตรูที่อยู่ด้านหน้า		
7011	Great Cannon		เล็งปืนใหญ่ไปยังเป้าหมาย และโจมตีศัตรูให้กระเด็น		
7012	Bomb bursts		ยิงลูกปืน 4 ลูกด้วยความเร็วและสูง เมื่อโจมตีโดนเป้าหมายจะทำให้เกืดความเสียหายหมู่เล็กน้อย		
7013	Sniper Gun		ยิงปืนใหญ่อย่างแรงด้วยความเร็วสูง โจมตีทะลุเป้าหมายที่อยู่ในเส้นทางให้กระเด็น		
7014	Projectile Burst		โจมตีศัตรูที่อยู่ในเส้นทางด้วยลูกปืนทะลุเกราะด้วยความเร็ว		
7015	Flame Radiation 		พ่นไฟ ทำให้ศัตรูที่อยู่ในเส้นทางติดไฟ		
7016	Great Cannon		เล็งปืนใหญ่ไปยังเป้าหมาย และโจมตีศัตรูให้กระเด็น		
7017	bounce		กระโดดไปด้านหน้า เหมาะกับการใช้ในภูมิประเทศที่มีแม่น้ำ		
7018	Arms Sting		ใช้แขนสับลงบนพื้นอย่างหนัก ทำให้ศัตรูล้มลง		
7019	Multiple Sting		โจมตีลงบนพื้นหลายครั้งอย่างรวดเร็ว		
7020	Machine Gun Strafe		ใช้ปืนยิงไปยังเป้าหมายด้านหน้า		
7021	Seige Cannon		ยิงปืนใหญ่ โจมตีศัตรูในบริเวณให้กระเด็น		
7022	Accelerate		เร่งเครื่องเพิ่มความเร็ว		
7023	Rock Strafe		ยิงระเบิดไปใส่ศัตรูที่อยู่บริเวณด้านหน้า มีโอกาสโจมตีให้ล้มลง		
7024	Stun Grenade		ยิงระเบิดอานุภาพสูง มีอากาสโจมตีศัตรูด้านหน้าให้ล้มลง		
7025	Whips and Spurs		กระตุ้นสัตว์ขี่ให้วิ่งเร็วขึ้น		
7101	Insane Mouse Shovel		พลั่วที่มีความแข็งแกร่ง!\nทำให้เป้าหมายเดี่ยวในระยะใกล้เกิดความเสียหายจากการโจมตีกายภาพ และโจมตีหนัก 100%		
7102	Hit Wall		ข้าชอบทำลายกำแพงที่สุดเลยหล่ะ\nทำให้เป้าหมายเดี่ยวในระยะใกล้เกิดความเสียหายจากการโจมตีกายภาพ และโจมตีหนัก 125%		
7103	Sky Flying Squirrel		บุกเลย!ใครที่ไม่ใส่หมวกนิรภัยระวังหัวไว้ด้วยนะ!\nทำให้เป้าหมายเดี่ยวในระยะ 12 เมตรเกิดความเสียหายจากการโจมตีกายภาพ และโจมตีหนัก 185% และมีโอกาสล้มลง		
7104	Bomb Escape		การไล่ล่าจะต้องใช้เทคนิดที่ดีและได้ผล\nลูกระเบิดจะทำให้เป้าหมายในระยะ 7 เมตร เกิดความเสียหายจากโจมตีกายภาพ, โจมตีเวทย์ และโจมตีหนัก 160% สูงสุด 5 คน มีโอกาสโจมตีให้กระเด็น และล้มลง		
7105	Unlock Explosives		เป็นลูกระเบิดที่สามารถเปิดตู้นิรภัยได้ แต่ไม่ประกันความปลอดภัยของของด้านในนะ!\nโจมตีเป้าหมายในระยะ 17 เมตรด้วยระเบิด ลูกระเบิดจะทำให้เป้าหมายในระยะ 3 เมตร เกิดความเสียหายจากโจมตีกายภาพ, โจมตีเวทย์ และโจมตีหนัก 160% สูงสุด 5 คน มีโอกาสโจมตีให้กระเด็น		
7111	Ice Missiles		โจมตีด้วยความหนาวเหน็บ ทำให้ความเร็วลดลง\nโจมตีเป้าหมายในระยะ 17 ทำให้เกิดความเสียหายจากโจมตีเวทย์ และโจมตีหนัก 100% และมีโอกาสลดความเร็วเป้าหมาย		
7112	Strong Ice Missiles		อานุภาพและความเร็วของมัน มากยิ่งกว่าระเบิดอื่นๆ\nโจมตีเป้าหมายในระยะ 17 ทำให้เกิดความเสียหายจากโจมตีเวทย์ และโจมตีหนัก 120% และมีโอกาสลดความเร็วเป้าหมาย		
7113	Aqua Bomb		อานุภาพสูงพอๆกับระเบิกทั้งหมดของศัตรู\nโจมตีเป้าหมายในระยะ 17 ทำให้เกิดความเสียหายจากโจมตีเวทย์ และโจมตีหนัก 180% และมีโอกาสทำให้เป้าหมายล้มลง		
7114	Deepwater Cage		ทำให้ศัตรูถูกขังไว้ในคุกใต้ทะเล\nโจมตีเป้าหมายในระยะ 17 ทำให้เกิดความเสียหายจากโจมตีเวทย์ และโจมตีหนัก 200% และมีโอกาสขังเป้าหมาย 7 วินาที		
7115	Vitality Rain		รักษาเพื่อนเป็นเวลาต่อเนื่อง\nฟื้นฟูพลังโจมตีเวทย์ 275% ให้กับเพื่อนที่อยู่ในบริเวณ 7.5 เมตร สูงสุด 12 คน		
7121	Ladies Shooting		รู้จักใช้ปืนอย่างถูกต้องเป็นพื้นฐานของเด็กหญิง\nยิ่งใส่เป้าหมายที่อยู่ในระยะ 17 เมตร ทำให้เกิดความเสียหายจากโจมตีกายภาพ, โจมตีเวทย์ และโจมตีหนัก 50%		
7122	Cool Shot		ใช้มือซ้ายยิงปืนมักจะแรงกว่า\nยิ่งใส่เป้าหมายที่อยู่ในระยะ 17 เมตร ทำให้เกิดความเสียหายจากโจมตีกายภาพ, โจมตีเวทย์ และโจมตีหนัก 50%		
7123	Queen Favor		พวกไพร่ทั้งหลาย มาลิ้มรสกับความเมตตาขององค์หญิงกันเถอะ!\nบินไปเตะเป้าหมายในระยะ 5 เมตร ทำให้เกิดความเสียหายจากโจมตีกายภาพ และโจมตีหนัก 120% มีโอกาสทำให้เป้าหมายล้มลง และโจมตีไปยังจุดสำคัญในระยะใกล้ทำให้เกิดความเสียหายจากโจมตีกายภาพ และโจมตีหนัก 175%		
7124	Wild Shot		ตัวฉันเป็นคนที่รักการยิงปืน การโจมตีศัตรูเป็นหมู่เนี่ย มันความชื่นชอบของฉันเลยล่ะ\nยิงกราดใส่เป้าหมายในระยะ 17 เมตร ในรัศมี 5 เมตร สามารถโจมตีได้สูงสุด 5 คน ทำให้เกิดความเสียหายจากโจมตีกายภาพ, โจมตีเวทย์ และโจมตีหนัก 100%		
7125	Peacefull		ผ่อนคลายหน่อยเป็นไง?\nดึงดูดผู้เล่น 1 คน ในระยะ 15 เมตร เป็นเวลา 7 วินาที ศัตรูที่ถูกดึงดูดจะไม่สามารถเคลื่อนที่และโจมตีได้		
7130	Megaton Punch		การโมตีครั้งนี้โดนไม่กี่คนหรอก\nโจมตีเป้าหมายเดี่ยวในระยะใกล้ทำให้เกิดความเสียหายจากโจมตีกายภาพ และโจมตีหนัก 100%		
7131	Swing slam		จะต้องกำจัดขยะรอบตัวซักหน่อยล่ะ\nโจมตีศัตรูสูงสุด 5 คนในระยะใกล้ ทำให้เกิดความเสียหายจากโจมตีกายภาพ และโจมตีหนัก 100% และปาระเบิดใส่เป้าหมายด้านหน้าแต่ละลูกสร้างความเสียหายจากโจมตีกายภาพ และโจมตีหนัก 150%		
7132	Self-medication		พวกทาส กลัวจนตัวสั่นเลยสินะ!\nใช้พลังรักษาตนเอง		
7133	Flying Hammer		ข้าจะจบความรำเค็ญของเจ้าเอง\nโจมตีศัตรู ทำให้เกิดความเสียหายจากโจมตีกายภาพ และโจมตีหนัก 150% และทำให้ศัตรูล้มลง		
7134	Solar Track		ข้าเริ่มรำคาญละนะ ตายซะให้หมด!\nโจมตีศัตรูด้วยลูกไฟฟ้า ทำให้เป้าหมายช็อต ทำให้เกิดความเสียหายจากโจมตีเวทย์ และโจมตีหนัก 200%		
7135	Flying Hammer		ข้าจะจบความรำเค็ญของเจ้าเอง\nโจมตีศัตรูทำให้เกิดความเสียหายจากโจมตีกายภาพ และโจมตีหนัก 150% และมีโอกาสทำให้เป้าหมายล้มลง		
7136	Plasma Extinction		ข้าเริ่มรำคาญละนะ ตายซะให้หมด!\nทำให้เป้าหมายสูงสุด 8 คน ที่อยู่ในระยะ 7.5 เมตร เกิดความเสียหายจาะโจมตีเวทย์ และโจมตีหนัก 400% และมีโอกาสทำให้เป้าหมายล้มลง		
7140	Explosion Drill		โจมตีแม่นยำ\nทำให้เป้าหมายเดี่ยวในระยะใกล้เกิดความเสียหายจากโจมตีกายภาพ และโจมตีหนัก 100%		
7141	Plasma Cannon		โจมตีระยะไกล\nทำให้เป้าหมายเดี่ยวในระยะ 15 เมตร เกิดความเสียหายจากโจมตีเวทย์ และโจมตีหนัก 115%		
7142	Earthquakes Strike		โจมตีหนัก\nทำให้เป้าหมายสูงสุด 3 คนในระยะ 2.5 เมตร เกิดความเสียหายจากโจมตีกายภาพ และโจมตีหนัก 120% และมีโอกาสทำให้เป้าหมายล้มลง		
7143	Energy Storms		ปล่อยพลังงานสายฟ้าโจมตีเป็นวงกว้าง\nทำให้เป้าหมายสูงสุด 5 คนในระยะ 5 เมตร เกิดความเสียหายจากโจมตีเวทย์ และโจมตีหนัก 140%		
7144	Power Lifting		โจมตีให้กระเด็นไปกลางอากาศ\nทำให้เป้าหมายเดี่ยวในระยะใกล้เกิดความเสียหายจากโจมตีกายภาพ และโจมตีหนัก 200%		
7150	Fighting Butt		เตรียมต่อสู้!\nทำให้เป้าหมายเดี่ยวในระยะใกล้เกิดความเสียหายจาะโจมตีกายภาพ และโจมตีหนัก 100%		
7151	Queue Shooting		เล็ง เหนี่ยวไก!\nทำให้เป้าหมายเดี่ยวที่อยู่ในระยะ 12 เมตรเกิดความเสียหายจากโจมตีกายภาพ และโจมตีหนัก 150%		
7152	End of Assassinate		กำจัดศัตรู อย่าให้เหลือ!\nโจมตีให้ศัตรูล้มลง เกิดความเสียหายจากโจมตีกายภาพ และโจมตีหนัก 200%		
7153	Bayonet Charge		พุ่งโจมตี!\nพุ่งโจมตีไปด้านหน้า 15 เมตร ทำให้ศัตรูทั้งหมดเกิดความเสียหายจากโจมตีกายภาพ และโจมตีหนัก 150%		
7154	Tactical Grenades		เป้าหมายอยู่ด้านหน้า ยิงเลย!\nยิงใส่เป้าหมายในระยะ 10 เมตร อย่างแม่นยำ เมื่อระเบิดจะทำให้เป้าหมายสูงสุด 6 คนในรัศมี 3 เมตร เกิดความเสียหายจากโจมตีกายภาพ และโจมตีหนัก 140% โจมตีเวทย์ และโจมตีหนัก 60%		
7160	Cleaver		เนื้อสดๆนี่มันน่ากินนะ!\nทำให้เป้าหมายเดี่ยวในระยะใกล้เกิดความเสียหายจากโจมตีกายภาพ และโจมตีหนัก 100%		
7161	Broken Bone Strike		กระดูดนี่ช่างน่าเอาไปทำซุปเสียจริง\nทำให้เป้าหมายเดี่ยวในระยะใกล้เกิดความเสียหายจากโจมตีกายภาพ และโจมตีหนัก 150%		
7162	Flame Breath		ลองเนื้อที่ปิ้งแล้วก็ไม่เลวนินา\nทำให้เป้าหมายในระยะ 20 เมตรเกิดความเสียหายจากโจมตีกายภาพ และโจมตีหนัก 72% โจมตีเวทย์ และโจมตีหนัก 48%		
7163	Chaos Knief		เนื้อสดๆเลือดสดๆนี่มันช่างเข้ากันได้ดีเหลือเกิน\nโจมตีเป้าหมายเดี่ยวต่อเนื่อง ทำให้เกิดความเสียหายจากโจมตีกายภาพ, โจมตีเวทย์ และโจมตีหนัก 200%		
7164	Hell Knife		ใครหน้าไหนก็หนีจากน้ำมือข้าไปไม่ได้หรอก!\nกระโดนในระยะ 6 เมตร เมื่อลงสู่พื้นจะทำให้เป้าหมายสูงสุด 3 คนเกิดความเสียหายจากโจมตีกายภาพ และโจมตีหนัก 200%		
7170	Flame Sphere		ทั้งสว่างและร้อน!\nทำให้เป้าหมายในระยะ 12 เมตร เกิดความเสียหายจากโจมตีเวทย์ และโจมตีหนัก 150%		
7171	Fireball Combo		ลูกไฟสว่างไสว ช่างน่าจับตามองเสียจริง!\nยิงลูกไฟ 5 ลูกใส่เป้าหมายในระยะ 15 เมตร แต่ละลูกทำความเสียหายจากเวทย์ และโจมตีหนัก 66%		
7172	Warm Cure		ไฟอุ่นๆ สามารถลดอาหารบาดเจ็บได้นะ\nเพิ่มโจมตีเวทย์ 150%		
7173	Meteor Rain		เวทย์มนต์ทำให้ข้ามองเห็นฝนดาวตกได้ตลอดเวลาเลยล่ะ!\nทำให้หินอุกาบาตล่วงลงพื้นที่เป้าหมาย หินอุกาบาตแต่ละลูกระเบิดทำให้เป้าหมายสูงสุด 6 คนในรัศมี 3.5 เมตร เกิดความเสียหายจากโจมตีเวทย์ และโจมตีหนัก 150%		
7174	Solar Flares		ไฟจากฟ้านับไม่ถ้วน จงเผาไหม้!\nโจมตีต่อเนื่อง 7 ครั้ง ในแต่ละครั้งจะทำให้เป้าหมายในรัศมี 5.5 เมตร สูงสุด 5 คนเกิดความเสียหายจากโจมตีเวทย์ และโจมตีหนัก 100%		
7180	Blood Needle		ลูกดอกหนาๆแบบนี้ไม่ใช่เล่นเลยนะ\nทำให้เป้าหมายในระยะ 12 เมตร เกิดความเสียหายจากโจมตีกายภาพ และโจมตีหนัก 100%		
7181	Fatal Maneuver		Tunaพยายามช่วยคนที่ล้มลง หวังว่าคราวหน้าจะได้ไม่ต้องมีคนช่วยอีก\nทำให้เป้าหมายที่ล้มอยู่ในระยะใกล้เกิดความเสียหายจากโจมตีกายภาพ และโจมตีหนัก 300%		
7182	Stimulant		ลองFormulaของTunaหน่อยไหมล่ะ\nฟื้นฟูพลังเวทย์ โจมตีกายภาพ 100% ให้เพื่อน 1 คน 100%		
7183	Weakness Needles		ลูกดอกเนี่ยพิษเยอะเหมือนกันนะ\nทำให้ความเร็วเคลื่อนที่, พลังโจมตี, อัตราแม่นยำ และหลบหลีกของเป้าหมายลดลง		
7184	Grenadier Virus		ระเบิดพิษนี่Tunaเคยลองกับหลายคนมาแล้ว\nระเบิดพิษทำให้เป้าหมายจำนวนสูงสุด 6 คนเกิดความเสียหายจากโจมตีกายภาพ โจมตีเวทย์ และโจมตีหนัก 60% และติดพิษต่อเนื่อง		
7190	Boat Chop		การหลบเจ้านี่ไม่ใช่เรื่องง่ายเลยนะ\nทำให้เป้าหมายเดี่ยวในระยะใกล้เกิดความเสียหายจากโจมตีกายภาพ และโจมตีหนัก 100%		
7191	Aerial Chop		ยิง 1 ครั้ง ออก 3 ดอก!\nสังหาร 3 เป้าหมายในเวลาเดียวกัน ทำให้เกิดความเสียหายจากโจมตีกายภาพ และโจมตีหนัก 150%		
7192	Fireball		ลูกไฟที่เสกได้ตลอดเวลาเนี่ย เป็นพรสวรรค์เลยนะ!\nทำให้เป้าหมายในระยะ 12 เมตร เกิดความเสียหายจากโจมตีเวทย์ และโจมตีหนัก 150%		
7193	Pursuit Hunting		ข้าชอบไล่ล่าทาสที่หลบหนี\nกระโดดพุ่งระยะ 9 เมตร ทำให้เกิดความเสียหายจากโจมตีกายภาพ และโจมตีหนัก 225% และมีโอกาสทำให้เป้าหมายล้มลง		
7194	Dragon Flame		ไฟมังกรของแท้\nพ่นไฟแผดเผาทำให้เป้าหมายบาดเจ็บสูงสุด 6 คน 3 ครั้ง ทำให้เกิดความเสียหายจากโจมตีเวทย์ และโจมตีหนัก 50% และติดไฟ		
7200	Giant Hammer Blow		เขี้ยวที่แหลมคม อานุภาพอันสูงส่ง\nทำให้เป้าหมายเดี่ยวในระยะใกล้เกิดความเสียหาย100%ความเสียหายจากโจมตีกายภาพ และโจมตีหนัก		
7201	Boomerang		ลูกดอกข้านำทางได้นะ\nทำให้เป้าหมายในระยะ 10 เมตร เกิดความเสียหายจากโจมตีกายภาพ และโจมตีหนัก 150%		
7202	Fangs Thrusting		บุก!ทำลายทุกอย่างที่ขวางหน้า!\nพุ่งโจมตีในระยะ 12 เมตร ทำให้ศัตรทั้งหมดเกิดความเสียหายจากโจมตีกายภาพ และโจมตีหนัก 150%		
7203	Warriors Mark		ฮ่า!ข้าคนนี้คือหนึ่งในเป่าM Guล่ะ!\nเพิ่มโจมตีกายภาพและโจมตีเวทย์ให้เพื่อน 1 คนในเวลาที่จำกัด		
7204	Soul Energy Cannon		สัตว์ขี่คือร่างกายส่วนหนึ่ง\nลำแสงของสัตว์ขี่M Gu ทำให้เป้าหมายสูงสุด 8 คนในระยะ 16 เมตรเกิดความเสียหายจากโจมตีกายภาพ, โจมตีเวทย์ และโจมตีหนัก 100%		
7210	Giant Hammer Blow		เขี้ยวที่แหลมคม อานุภาพอันสูงส่ง\nทำให้เป้าหมายเดี่ยวในระยะใกล้เกิดความเสียหายจากโจมตีกายภาพ และโจมตีหนัก 100%		
7211	Lightning Ball		สายฟ้า จงกำจัดศัตรูข้าให้หมด!\nทำให้เป้าหมายในระยะ 10 เมตร เกิดความเสียหายจากโจมตีเวทย์ และโจมตีหนัก 150%		
7212	Energy Ceremony		พลังทั้งหลาย จงกลับมาอยู่ที่พวกข้า!\nฟื้นฟุค่ากำลัง 10 แต้ม ให้เพื่อน 1 คน		
7213	Asylum Mark		พลังทั้งหลาย จงปกป้องพวกของข้า!\nเพิ่มป้องกันกายภาพและป้องกันเวทย์ให้เพื่อน 1 คนในเวลาจำกัด		
7214	Cracking Storm		สายฟ้าและพายุ จงกำจัดศัตรูข้า!\nทำให้เป้าหมายสูงสุด 8 คน ในรัศมี 5.5 เมตรเกิดความเสียหายจากโจมตีเวทย์ และโจมตีหนัก 100% 5 ครั้ง		
7215	Strike		พุ่งชนทำให้เป้าหมายเกิดความเสียหายทางกายภาพ 100%		
7216	Strong Impact		พุ่งชนทำให้เป้าหมายเกิดความเสียหายทางกายภาพ 230%		
7217	Fireball		ปล่อยลูกไฟ ทำให้เป้าหมาย 3 คนที่อยู่ในบริเวณเกิดความเสียหายจากเวท 150%		
7218	Cureball		ฟื้นฟูพลังชีวิตให้เพื่อน 1 คนในทีมให้เท่ากับพลังโจมตีเวท 300%		
7219	Blew		ทำให้เป้าหมายที่อยู่ในบริเวณเกิดความเสียหายจากเวท 500%		
7220	Duck Bomb		กระโดดไปหาเป้าหมายโจมตีด้วยความแรงทำให้ล้มลง เกิดความเสียหายจากกายภาพ 250%		
7221	Snow Bomb		ยิงลูกบอลน้ำแข็งใส่ศัตรู \nทำให้ศัตรูเป้าหมายที่อยู่ในระยะ 17 เมตร เกิดความเสียหายจากโจมตีกายภาพและโจมตีเวทย์ 105%		
7222	Combo Snow Bomb		ยิงลูกบอลน้ำแข็งต่อเนื่อง 3 ลูก โจมตีเป้าหมายเดี่ยว \nทำให้ศัตรูเป้าหมายที่อยู่ในระยะ 17 เมตร เกิดความเสียหายจากโจมตีกายภาพและโจมตีเวทย์ ต่อเนื่อง 3 ครั้ง		
7223	Ice Critical		โจมตีด้วยความเชื่องช้า\n ทำให้ศัตรูเป้าหมายที่อยู่ในระยะ 17 เมตร เกิดความเสียหายจากโจมตีกายภาพและโจมตีเวทย์ 185% และลดพลังป้องกันเวทย์ของศัตรู		
7224	Winter Doom		ใช้น้ำแข็งขนาดใหญ่โจมตีทางอากาศอย่างรุนแรง \nเรียกน้ำแข็งขนาดใหญ่โจมตีเป้าหมาย ทำให้เกิดความเสียหายจากโจมตีกายภาพและโจมตีเวทย์ 500% และมีโอกาสทำให้ศัตรูล้มลง		
7225	Polar Blessing		เพิ่มพลังป้องกัน และความเร็วในการฟื้นฟูพลังชีวิตให้เพื่อนที่อยู่ในบริเวณเป็นเวลาสั้นๆ \nเพิ่มพลังป้องกัน และความเร็วในการฟื้นฟูพลังชีวิตให้เพื่อน 12 คน ที่อยู่ในรัศมี 7.5 เมตร 		
8021	Minesweeper Bomb	ระเบิดสายฟ้า สามารถกำจัดทุ่นระเบิดได้	ระเบิดสายฟ้า สามารถกำจัดทุ่นระเบิดได้		
8022	Plasma Shot	ยิงลำแสง ทำให้ศัตรูได้รับบาดเจ็บ	ยิงลำแสง ทำให้ศัตรูได้รับบาดเจ็บ		
8028	Drill Attack	ใช้สว่างที่หลังโจมตีศัตรู	ใช้สว่างที่หลังโจมตีศัตรู		
8029	Rampage	พุ่งชนศัตรูที่อยู่ในเส้นทางด้วยความเร็ว	พุ่งชนศัตรูที่อยู่ในเส้นทางด้วยความเร็ว		
8030	Immune Electromagnetic Radiation	ยิงสายฟ้า 3 ครั้ง ในเวลาที่กำหนด	ยิงสายฟ้า 3 ครั้ง ในเวลาที่กำหนด		
8031	Chainsaw Attack	ใช้อาวุธในมือโจมตีศัตรู	ใช้อาวุธในมือโจมตีศัตรู		
8032	Rampage	พุ่งชนศัตรูที่อยู่ในเส้นทางด้วยความเร็ว	พุ่งชนศัตรูที่อยู่ในเส้นทางด้วยความเร็ว		
8033	Electromagnetic Area	สร้างสายฟ้ารอบตัว โจมตีศัตรูที่อยู่ในบริเวณ	สร้างสายฟ้ารอบตัว โจมตีศัตรูที่อยู่ในบริเวณ		
8034	Exploded Gun		ยิงปืนใหญ่กำจัดสวะ!		
8039	Throwing Powder Keg	ทิ้งระเบิดให้ศัตรูกระเด็นไปเลย!	ทิ้งระเบิดให้ศัตรูกระเด็นไปเลย!		
8046	Sniper bullet				
8047	Penetrating Bomb	ยิงระเบิดความแรงสูง ทำให้ศัตรูที่อยู่ในเส้นทางเกิดความเสียหาย	ยิงระเบิดความแรงสูง ทำให้ศัตรูที่อยู่ในเส้นทางเกิดความเสียหาย		
8048	Mortar	ยิงระเบิดโจมตีพื้นที่ที่ศัตรูอยู่	ยิงระเบิดโจมตีพื้นที่ที่ศัตรูอยู่		
8049	Energy Core	เมื่อใช้สามารถซ่อมเครื่องจักรได้	เมื่อใช้สามารถซ่อมเครื่องจักรได้		
8059	Exploded Gun		ยิงระเบิดเพื่อกำจัดสวะ!		
8060	Exploded Gun		ยิงระเบิดเพื่อกำจัดสวะ!		
8061	Exploded Gun		ยิงระเบิดเพื่อกำจัดสวะ!		
8062	Void Impact				
8093	Luke' S Radiation				
8094	Aerial Gun				
8096	Life Spring				
8097	Dedicate				
8101	Hellraiser Flame				
8102	Soul Eater Flame				
8200	Chain Attack	จะต้องใส่ดาบที่มือซ้ายและขวา\nฟื้นฟูค่ากำลัง: 4, 3, 3, 8\nประเภท: ฟัน\n\nโจมตีเป้าหมายเดี่ยวต่อเนื่อง ทำให้เกิดความเสียหายจากโจมตีกายภาพ 100%, 70%, 80%, 150%	ฟื้นฟูค่ากำลัง: 4, 3, 3, 8\nประเภท: ฟัน\n\nโจมตีเป้าหมายเดี่ยวต่อเนื่อง ทำให้เกิดความเสียหายจากโจมตีกายภาพ 100%, 70%, 80%, 150%\n		
8201	Flying Kick Strike	จะต้องใส่ดาบที่มือซ้ายและขวา\nประเภท: พุ่งชน\n\nกระโดดเตะเป้าหมายในระยะ 10 เมตร ทำให้เกิดความเสียหายจากโจมตีกายภาพและโจมตีหนัก 130% และมีโอกาสโจมตีให้ล้ม	ประเภท: พุ่งชน\n\nกระโดดเตะเป้าหมายในระยะ 10 เมตร ทำให้เกิดความเสียหายจากโจมตีกายภาพและโจมตีหนัก 130% และมีโอกาสโจมตีให้ล้ม\n		
8202	Jixi Killing Sword	จะต้องใส่ดาบที่มือซ้ายและขวา\nประเภท: โจมตีทะลุ, ฟัน\n\nโจมตีศัตรูเป้าหมายเดี่ยวในระยะใกล้ด้วยอาวุธมือซ้ายและขวา ทำให้เกิดความเสียหายจากโจมตีกายภาพและโจมตีหนัก 110% และมีโอกาสทำให้คู่ต่อสู้หยุดโจมตี\n\nความเสียหายจากการล้ม 3 เท่า และมีโอกาสในการเพิ่มอัตราความแม่นยำ 20%	ประเภท: โจมตีทะลุ, ฟัน\n\nโจมตีศัตรูเป้าหมายเดี่ยวในระยะใกล้ด้วยอาวุธมือซ้ายและขวา ทำให้เกิดความเสียหายจากโจมตีกายภาพและโจมตีหนัก 110% และมีโอกาสทำให้คู่ต่อสู้หยุดโจมตี\n\nความเสียหายจากการล้ม 3 เท่า และมีโอกาสในการเพิ่มอัตราความแม่นยำ 20%\n		
8203	Circle Rip	จะต้องใส่ดาบที่มือซ้ายและขวา\nประเภท: ป้องกัน, ฟัน\n\nหลบและโจมตีกลับอย่างรวดเร็ว ทำให้เป้าหมายเดี่ยวในระยะใกล้เกิดความเสียหายจากโจมตีกายภาพและโจมตีหนัก 130% เมื่อโจมตีอัตราหลบหลีกเพิ่มขึ้น 20% เป็นเวลา 6 วินาที	ประเภท: ป้องกัน, ฟัน\n\nหลบและโจมตีกลับอย่างรวดเร็ว ทำให้เป้าหมายเดี่ยวในระยะใกล้เกิดความเสียหายจากโจมตีกายภาพและโจมตีหนัก 130% เมื่อโจมตีอัตราหลบหลีกเพิ่มขึ้น 20% เป็นเวลา 6 วินาที\n		
8204	Skip Step	จะต้องใส่ดาบที่มือซ้ายและขวา\nฟื้นฟูค่ากำลัง: 12\nประเภท: ป้องกัน\n\nหลบการโจมตี 2 วินาทีอย่างรวดเร็ว,  เมื่อหลบแล้วอัตราหลบหลีกเพิ่มขึ้น 20% ใน 6 วินาที และได้รับพลังเสียง\nพลังเสียง: ทีมแกร่ง\nเมื่อมีพลังทีมแกร่ง อัตราหลบหลีกจะเพิ่มขึ้น 20%	ฟื้นฟูค่ากำลัง: 12\nประเภท: ป้องกัน\n\nหลบการโจมตี 2 วินาทีอย่างรวดเร็ว,  เมื่อหลบแล้วอัตราหลบหลีกเพิ่มขึ้น 20% ใน 6 วินาที และได้รับพลังเสียง\nพลังเสียง: ทีมแกร่ง\nเมื่อมีพลังทีมแกร่ง อัตราหลบหลีกจะเพิ่มขึ้น 20%\n		
8205	Track of Blood	จะต้องใส่ดาบที่มือซ้ายและขวา\nประเภท: ฟัน\n\nโจมตีด้วยพลังของดาบไปข้างหน้า ทำให้คน 6 คนที่อยู่ในเส้นทางเกิดความเสียหายจากโจมตีกายภาพ, โจมตีเวทย์ และโจมตีหนัก 140% และมีโอกาส 100% โจมตีให้ล้ม	ประเภท: ฟัน\n\nโจมตีด้วยพลังของดาบไปข้างหน้า ทำให้คน 6 คนที่อยู่ในเส้นทางเกิดความเสียหายจากโจมตีกายภาพ, โจมตีเวทย์ และโจมตีหนัก 140% และมีโอกาส 100% โจมตีให้ล้ม\n		
8206	Leap Assassinate	จะต้องใส่ดาบที่มือซ้ายและขวา\nประเภท: พุ่งชน, โจมตีทะลุ\n\nฟันเป้าหมายเดี่ยวในระยะ 12 เมตร ทำให้เกิดความเสียหายจากโจมตีกายภาพ และโจมตีหนัก 100%\n\nความเสียหายจากการล้ม 3 เท่า และมีโอกาสในการเพิ่มอัตราความแม่นยำ 20%	ประเภท: พุ่งชน, โจมตีทะลุ\n\nฟันเป้าหมายเดี่ยวในระยะ 12 เมตร ทำให้เกิดความเสียหายจากโจมตีกายภาพ และโจมตีหนัก 100%\n\nความเสียหายจากการล้ม 3 เท่า และมีโอกาสในการเพิ่มอัตราความแม่นยำ 20%\n		
8207	Bloodlust Sword	จะต้องใส่ดาบที่มือซ้ายและขวา\nประเภท: ป้องกัน, ฟัน\n\nโจมตีเป้าหมายสูงสุด 8 คนด้วยการฟันกลับไปกลับมาในรัศมี 5.5 เมตร ทำให้เกิดความเสียหายจากโจมตีกายภาพ และโจมตีหนัก 600% และเมื่อโจมตีอัตราหลบหลีกเพิ่มขึ้น 100%	ประเภท: ป้องกัน, ฟัน\n\nโจมตีเป้าหมายสูงสุด 8 คนด้วยการฟันกลับไปกลับมาในรัศมี 5.5 เมตร ทำให้เกิดความเสียหายจากโจมตีกายภาพ และโจมตีหนัก 600% และเมื่อโจมตีอัตราหลบหลีกเพิ่มขึ้น 100%\n		
8210	Plasma Bomb	จะต้องใส่ปืนคู่\nประเภท: โจมตีทะลุ, สายฟ้า, ระเบิด\n\nยิงระเบิดไฟฟ้าใส่เป้าหมาย ทำให้เป้าหมายล้มลง เกิดความเสียหายจากโจมตีกายภาพ และโจมตีเวทย์ 140%	ประเภท: โจมตีทะลุ, สายฟ้า, ระเบิด\n\nยิงระเบิดไฟฟ้าใส่เป้าหมาย ทำให้เป้าหมายล้มลง เกิดความเสียหายจากโจมตีกายภาพ และโจมตีเวทย์ 140%\n		
8211	Piercing Shot	จะต้องใส่ปืนคู่\nประเภท: โจมตีทะลุ\n\nยิงต่อเนื่องใส่เป้าหมาย 8 ครั้ง กระสุนแต่ละนัดทำให้เกิดความเสียหายจากโจมตีกายภาพ 65%	ประเภท: โจมตีทะลุ\n\nยิงต่อเนื่องใส่เป้าหมาย 8 ครั้ง กระสุนแต่ละนัดทำให้เกิดความเสียหายจากโจมตีกายภาพ 65%\n		
8212	Burst Shooting	จะต้องใส่ปืนคู่\nประเภท: โจมตีทะลุ, ระเบิด\n\nยิงกระสุนใส่เป้าหมายทำให้เกิดความเสียหายจากโจมตีกายภาพและโจมตีเวทย์ 40% เป้าหมายที่โดนยิงจะระเบิดภายใน 2 วินาที ทำให้คนที่อยู่รอบข้างเกิดความเสียหายจากโจมตีกายภาพ และโจมตีเวทย์ 190% และมีโอกาสโจมตีให้กระเด็น	ประเภท: โจมตีทะลุ, ระเบิด\n\nยิงกระสุนใส่เป้าหมายทำให้เกิดความเสียหายจากโจมตีกายภาพและโจมตีเวทย์ 40% เป้าหมายที่โดนยิงจะระเบิดภายใน 2 วินาที ทำให้คนที่อยู่รอบข้างเกิดความเสียหายจากโจมตีกายภาพ และโจมตีเวทย์ 190% และมีโอกาสโจมตีให้กระเด็น\n		
8213	Evade Shooting	จะต้องใส่ปืนคู่\nประเภท: ป้องกัน, โจมตีทะลุ\n\nกระโดดขึ้นฟ้าเพื่อหลบหลีกการโจมตีของศัตรู และยิงในเวลาเดียวกัน ทำให้เกิดความเสียหายจากโจมตีกายภาพ 115% 2 ครั้ง	ประเภท: ป้องกัน, โจมตีทะลุ\n\nกระโดดขึ้นฟ้าเพื่อหลบหลีกการโจมตีของศัตรู และยิงในเวลาเดียวกัน ทำให้เกิดความเสียหายจากโจมตีกายภาพ 115% 2 ครั้ง\n		
8214	Frag Grenades	จะต้องใส่ปืนคู่\nประเภท: ระเบิด, พลังความร้อน\n\nปาระเบิดมือทำให้เป้าหมายในบริเวณสูงสุด 5 คนเกิดความเสียหายจากโจมตีกายภาพและโจมตีเวทย์ 130% และโจมตีให้ล้ม	ประเภท: ระเบิด, พลังความร้อน\n\nปาระเบิดมือทำให้เป้าหมายในบริเวณสูงสุด 5 คนเกิดความเสียหายจากโจมตีกายภาพและโจมตีเวทย์ 130% และโจมตีให้ล้ม\n		
8215	Suppressive Fire	จะต้องใส่ปืนคู่\nประเภท: โจมตีทะลุ\n\nยิงกราดไปข้างหน้าด้วยความเร็ว และถอยหลังเล็กน้อย กระสุนแต่ละนัดทำให้เกิดความเสียหายจากโจมตีกายภาพ 78% และมีโอกาสทำให้ศัตรูหยุดโจมตี	ประเภท: โจมตีทะลุ\n\nยิงกราดไปข้างหน้าด้วยความเร็ว และถอยหลังเล็กน้อย กระสุนแต่ละนัดทำให้เกิดความเสียหายจากโจมตีกายภาพ 78% และมีโอกาสทำให้ศัตรูหยุดโจมตี\n		
8216	Massacre Fire	จะต้องใส่ปืนคู่\nประเภท: ระเบิด, พลังความร้อน, โจมตีทะลุ\n\nยิงทำลายล้างพื้นที่เป้าหมาย ทำให้เกิดความเสียหายจากโจมตีกายภาพและโจมตีเวทย์ 120% 10 ครั้ง และเรียกผู้ช่วยมายิงกราดใส่ศัตรูที่อยู่ในพื้นที่เป้าหมาย ทำให้เกิดความเสียหาย 200%	ประเภท: ระเบิด, พลังความร้อน, โจมตีทะลุ\n\nยิงทำลายล้างพื้นที่เป้าหมาย ทำให้เกิดความเสียหายจากโจมตีกายภาพและโจมตีเวทย์ 120% 10 ครั้ง และเรียกผู้ช่วยมายิงกราดใส่ศัตรูที่อยู่ในพื้นที่เป้าหมาย ทำให้เกิดความเสียหาย 200%\n		
8217	Frost Landmine	จะต้องใส่ปืนคู่\nประเภท: ไม่มี\n\nยิงน้ำแข็ง 1 นัด ในพื้นที่เป้าหมายจะได้รับความเสียหายจากโจมตีกายภาพ 100% และทำให้หยุดนิ่ง 3 วินาที	ประเภท: ไม่มี\n\nยิงน้ำแข็ง 1 นัด ในพื้นที่เป้าหมายจะได้รับความเสียหายจากโจมตีกายภาพ 100% และทำให้หยุดนิ่ง 3 วินาที\n		
8220	Lightning Ball	จะต้องใส่หินแมกม่า\nประเภท: สายฟ้า\n\nยิงลูกไฟฟ้าโจมตีศัตรูที่อยู่ในเส้นทาง เมื่อยิงต่อเนื่องจะมีการเปลี่ยนแปลง\n\nขั้นที่ 1: ลูกไฟฟ้าจะทำให้เกิดความเสียหายจากโจมตีเวทย์ 100% และเกิดความเสียหายจากโจมตีหนัก\n\nขั้นที่ 2: ลูกไฟฟ้าลูกที่จะทำให้เกิดความเสียหายจากโจมตีเวทย์ 100%, 60%, 35% และโจมตีหนัก\n\nขั้นที่ 3: ลูกไฟฟ้าที่แข็งแกร่ง ทำให้ศัตรู 3 คนที่อยู่ในเส้นทางได้รับความเสียหายจากโจมตีเวทย์ 160% และโจมตีหนัก	ประเภท: สายฟ้า\n\nยิงลูกไฟฟ้าโจมตีศัตรูที่อยู่ในเส้นทาง เมื่อยิงต่อเนื่องจะมีการเปลี่ยนแปลง\n\nขั้นที่ 1: ลูกไฟฟ้าจะทำให้เกิดความเสียหายจากโจมตีเวทย์ 100% และเกิดความเสียหายจากโจมตีหนัก\n\nขั้นที่ 2: ลูกไฟฟ้าลูกที่จะทำให้เกิดความเสียหายจากโจมตีเวทย์ 100%, 60%, 35% และโจมตีหนัก\n\nขั้นที่ 3: ลูกไฟฟ้าที่แข็งแกร่ง ทำให้ศัตรู 3 คนที่อยู่ในเส้นทางได้รับความเสียหายจากโจมตีเวทย์ 160% และโจมตีหนัก\n		
8221	Thunder	จะต้องใส่หินแมกม่า\nฟื้นฟูค่ากำลัง: 30\nประเภท: สายฟ้า\n\nยิงลูกไฟฟ้าไปด้านหน้า แต่ละลูกสร้างความเสียหายจากโจมตีเวทย์ 50%	ประเภท: สายฟ้า\n\nยิงลูกไฟฟ้าไปด้านหน้า แต่ละลูกสร้างความเสียหายจากโจมตีเวทย์ 50%\n		
8222	Frozen Orb	จะต้องใส่หินแมกม่า\nประเภท: น้ำแข็ง\n\nยิงลูกน้ำแข็งไล่โจมตีเป้าหมาย น้ำแข็งจะแตกออกเป็น 8 อัน และไล่โจมตีเป้าหมาย แต่ละดอกสร้างความเสียหายจากโจมตีเวทย์ 34% และโจมตีกายภาพ 34% เมื่อโดนโจมตีจะทำให้เป้าหมายที่อู่รอบๆลดความเร็ว	ประเภท: น้ำแข็ง\n\nยิงลูกน้ำแข็งไล่โจมตีเป้าหมาย น้ำแข็งจะแตกออกเป็น 8 อัน และไล่โจมตีเป้าหมาย แต่ละดอกสร้างความเสียหายจากโจมตีเวทย์ 34% และโจมตีกายภาพ 34% เมื่อโดนโจมตีจะทำให้เป้าหมายที่อู่รอบๆลดความเร็ว\n		
8223	Lightning Raid	จะต้องใส่หินแมกม่า\nประเภท: สายฟ้า\n\nโจมตีสายฟ้าแรงสูงใส่เป้าหมายที่อยู่ในบริเวณ สายฟ้าแต่ละเส้นจะทำให้เป้าหมายสูงสุด 6 คนที่อยู่ในบริเวณเกิดความเสียหายจากโจมตีเวทย์ 80%	ประเภท: สายฟ้า\n\nโจมตีสายฟ้าแรงสูงใส่เป้าหมายที่อยู่ในบริเวณ สายฟ้าแต่ละเส้นจะทำให้เป้าหมายสูงสุด 6 คนที่อยู่ในบริเวณเกิดความเสียหายจากโจมตีเวทย์ 80%\n		
8224	Lightning Barrier	จะต้องใส่หินแมกม่า\nประเภท: สายฟ้า\n\nสร้างเกราะไฟฟ้า ทำให้เป้าหมายที่เข้ามาใกล้เกิดความเสียหายจากโจมตีเวทย์ 45%	ประเภท: สายฟ้า\n\nสร้างเกราะไฟฟ้า ทำให้เป้าหมายที่เข้ามาใกล้เกิดความเสียหายจากโจมตีเวทย์ 45%\n		
8225	Plasma Ball	จะต้องใส่หินแมกม่า\nประเภท: สายฟ้า\n\nปล่อยลูกไฟฟ้าลูกใหญ่ 1 ลูก ทำให้เป้าหมายสูงสุด 10 คนเกิดความเสียหายจากโจมตีเวทย์ 203% และมีโอกาสโจมตีให้กระเด็น	ประเภท: สายฟ้า\n\nปล่อยลูกไฟฟ้าลูกใหญ่ 1 ลูก ทำให้เป้าหมายสูงสุด 10 คนเกิดความเสียหายจากโจมตีเวทย์ 203% และมีโอกาสโจมตีให้กระเด็น\n		
8226	Hurricane Gravity	จะต้องใส่หินแมกม่า\nประเภท: ระเบิด\n\สร้างพายุหมุนในบริเวณที่กำหนด ดูดเป้าหมาย 8 คนเข้ามาที่ใจกลางพายุ ทำให้เกิดความเสียหายจากโจมตีเวทย์และโจมตีกายภาพ 30% 10 ครั้ง	ประเภท: ระเบิด\n\สร้างพายุหมุนในบริเวณที่กำหนด ดูดเป้าหมาย 8 คนเข้ามาที่ใจกลางพายุ ทำให้เกิดความเสียหายจากโจมตีเวทย์และโจมตีกายภาพ 30% 10 ครั้ง\n		
8227	Snow Judgment	จะต้องใส่หินแมกม่า\nประเภท: น้ำแข็ง\n\nเรียกน้ำแข็งขนาดใหญ่ขึ้นมาที่บริเวณที่กำหนด ทำให้เป้าหมายที่อยู่ในรัศมี 7.5 เมตรเกิดความเสียหายจากโจมตีเวทย์ 700%  และโจมตีกายภาพ 700%	ประเภท: น้ำแข็ง\n\nเรียกน้ำแข็งขนาดใหญ่ขึ้นมาที่บริเวณที่กำหนด ทำให้เป้าหมายที่อยู่ในรัศมี 7.5 เมตรเกิดความเสียหายจากโจมตีเวทย์ 700%  และโจมตีกายภาพ 700%\n		
8230	Struggling Maul	จะต้องใส่ค้อนและโล่\nฟื้นฟูค่ากำลัง: 4, 3, 5\nประเภท: พุ่งชน\n\nบรรเลงเพลงยุทธโจมตี 3 รอบ ทำให้เป้าหมายได้รับความเสียหาย 80%, 50% และ60% เป็นวงกว้าง  และได้รับพลังโจมตีเพิ่มขึ้น	ฟื้นฟูค่ากำลัง: 4, 3, 5\nประเภท: พุ่งชน\n\nบรรเลงเพลงยุทธโจมตี 3 รอบ ทำให้เป้าหมายได้รับความเสียหาย 80%, 50% และ60% เป็นวงกว้าง  และได้รับพลังโจมตีเพิ่มขึ้น\n		
8231	Bane	จะต้องใส่ค้อนและโล่\nประเภท: พุ่งชน\n\nโจมตีหนักเป้าหมายเดี่ยว ทำให้เกิดความเสียหายจากโจมตีกายภาพ 85% มีผลจากทะลุเกราะ มีโอกาสโจมตีศัตรูให้ถอยหลัง\n\nลดพลังชีวิตเป้าหมาย 80% เมื่อสร้างความเสียหายจากโจมตีกายภาพ 240%	ประเภท: พุ่งชน\n\nโจมตีหนักเป้าหมายเดี่ยว ทำให้เกิดความเสียหายจากโจมตีกายภาพ 85% มีผลจากทะลุเกราะ มีโอกาสโจมตีศัตรูให้ถอยหลัง\n\nลดพลังชีวิตเป้าหมาย 80% เมื่อสร้างความเสียหายจากโจมตีกายภาพ 240%\n		
8232	Blitz	จะต้องใส่ค้อนและโล่\nประเภท: พุ่งโจมตี, ระเบิด\n\nโจมตีเป้าหมายเดี่ยวในระยะ 15 เมตร ทำให้เกิดความเสียหายจากกายภาพ 100% และมีโอกาสโจมตีศัตรูให้ล้มได้ สามารถได้รับการเสริมพลังป้องกัน	ประเภท: พุ่งโจมตี, ระเบิด\n\nโจมตีเป้าหมายเดี่ยวในระยะ 15 เมตร ทำให้เกิดความเสียหายจากกายภาพ 100% และมีโอกาสโจมตีศัตรูให้ล้มได้ สามารถได้รับการเสริมพลังป้องกัน		
8233	Shield	จะต้องใส่ค้อนและโล่\nฟื้นฟูค่ากำลัง: 5, 20\nประเภท: พุ่งชน\n\nใช้โล่พุ่งชนเป้าหมายเดี่ยว ทำให้เกิดความเสียหายจากโจมตีกายภาพ 70%\n\nเมื่อเป้าหมายล้มจะทำให้อานุภาพสูงขึ้น 2 เท่า, ฟื้นฟูพลังเวทย์ 20 แต้ม และป้องกันผลที่เกิดจาก Enhanced	ฟื้นฟูค่ากำลัง: 5, 20\nประเภท: พุ่งชน\n\nใช้โล่พุ่งชนเป้าหมายเดี่ยว ทำให้เกิดความเสียหายจากโจมตีกายภาพ 70%\n\nเมื่อเป้าหมายล้มจะทำให้อานุภาพสูงขึ้น 2 เท่า, ฟื้นฟูพลังเวทย์ 20 แต้ม และป้องกันผลที่เกิดจากการเสริมพลัง\n		
8234	Crushed Earth	จะต้องใส่ค้อนและโล่\nใช้ Soul Gather: 1 ขั้น\nประเภท: พุ่งชน, ระเบิด\n\nใช้ค้อนทุบพื้นให้แหลก ทำให้เกิดความเสียหาย ทำให้เป้าหมายสูงสุด 8 คน ในรัศมี 5 เมตรเกิดความเสียหายจาก โจมตีกายภาพ 150% เพิ่มเลเวลการยั่วยุ 1 เลเวล และทำให้เป้าหมายในระยะ 7 เมตรลดความเร็วเป็นเวลา 3 วินาที\n\nยั่วยุ: เป้าหมายจะโจมตีตัวละครที่มีเลเวลการยั่วยุสูงสุด	ใช้ Soul Gather: 1 ขั้น\nประเภท: พุ่งชน, ระเบิด\n\nใช้ค้อนทุบพื้นให้แหลก ทำให้เกิดความเสียหาย ทำให้เป้าหมายสูงสุด 8 คน ในรัศมี 5 เมตรเกิดความเสียหายจาก โจมตีกายภาพ 150% เพิ่มเลเวลการยั่วยุ 1 เลเวล และทำให้เป้าหมายในระยะ 7 เมตรลดความเร็วเป็นเวลา 3 วินาที\n\nยั่วยุ: เป้าหมายจะโจมตีตัวละครที่มีเลเวลการยั่วยุสูงสุด\n		
8235	Thunderclap	จะต้องใส่ค้อนและโล่\nทำให้เกิด Soul Gather: 1 ขั้น\nประเภท: พุ่งชน\n\nกระโดดไปยังเป้าหมาย โจมตีเป้าหมาย 5 คนด้วยโล่ ทำให้เกิดความเสียหายจากโจมตีกายภาพ 80% และลดความเร็วเป็นเวลา 3 วินาที	ทำให้เกิด Soul Gather: 1 ขั้น\nประเภท: พุ่งชน\n\nกระโดดไปยังเป้าหมาย โจมตีเป้าหมาย 5 คนด้วยโล่ ทำให้เกิดความเสียหายจากโจมตีกายภาพ 80% และลดความเร็วเป็นเวลา 3 วินาที\n		
8236	Destruction Wave	จะต้องใส่ค้อนและโล่\nใช้ Soul Gather: 2 ขั้น\nประเภท: ระเบิด\n\nทำแผ่นดินไหว ทำให้เป้าหมายสูงสุด 5 คนได้รับความเสียหายจากโจมตีกายภาพ, โจมตีเวทย์ และโจมตีหนัก 100% และมีโอกาสโจมตีเป้าหมายให้กระเด็น	ใช้ Soul Gather: 2 ขั้น\nประเภท: ระเบิด\n\nทำแผ่นดินไหว ทำให้เป้าหมายสูงสุด 5 คนได้รับความเสียหายจากโจมตีกายภาพ, โจมตีเวทย์ และโจมตีหนัก 100% และมีโอกาสโจมตีเป้าหมายให้กระเด็น\n		
8237	Divine Light 	จะต้องใส่ค้อนและโล่\nประเภท: ป้องกัน, ฟื้นฟู, ความร้อน\n\nเรียกพลังเทพปกป้องตนเอง\nเพิ่มอัตราคริติคอล , อัตราป้องกัน, อัตราต้านมึนงง, อัตราต้านคำสาป 100%\nเพิ่มพลังป้องกัน\nอัตราแม่นยำเพิ่มขึ้น 25%\nเพิ่มป้องกันการลดบาดเจ็บ\nเพิ่มความเร็วในการเคลื่อนที่ 300\nลดบาดเจ็บ 30%\nฟื้นฟูพลังชีวิตสูงสุด 20%\nลบสถานะด้านลบทั้งหมด และฟื้นฟูพลังเวทย์ และ Soul Gather ต่อเนื่องเป็นเวลา 10 วินาที	ประเภท: ป้องกัน, ฟื้นฟู, ความร้อน\n\nเรียกพลังเทพปกป้องตนเอง\nเพิ่มอัตราคริติคอล , อัตราป้องกัน, อัตราต้านมึนงง, อัตราต้านคำสาป 100%\nเพิ่มพลังป้องกัน\nอัตราแม่นยำเพิ่มขึ้น 25%\nเพิ่มป้องกันการลดบาดเจ็บ\nเพิ่มความเร็วในการเคลื่อนที่ 300\nลดบาดเจ็บ 30%\nฟื้นฟูพลังชีวิตสูงสุด 20%\nลบสถานะด้านลบทั้งหมด และฟื้นฟูพลังเวทย์ และ Soul Gather ต่อเนื่องเป็นเวลา 10 วินาที		
8240	Fireball	จะต้องใส่ไม้เท้า\nฟื้นฟูค่ากำลัง: 10\nประเภท: พลังความร้อน, ระเบิด\n\nยิงลูกไฟใส่เป้าหมาย ทำให้เกิดความเสียหายจากโจมตีเวทย์ 150%	ฟื้นฟูค่ากำลัง: 10\nประเภท: พลังความร้อน, ระเบิด\n\nยิงลูกไฟใส่เป้าหมาย ทำให้เกิดความเสียหายจากโจมตีเวทย์ 150%\n		
8241	Lance Sun	จะต้องใส่ไม้เท้า\nประเภท: โจมตีทะลุ, พลังความร้อน\n\nยิงปืนใหญ่ไปยังเป้าหมาย ทำให้เกิดความเสียหาย จากการโจมตีเวทย์และโจมตีหนัก 125% และแบ่งเป็นลูกปืนอานุภาพต่ำลง 3 ลูก	ประเภท: โจมตีทะลุ, พลังความร้อน\n\nยิงปืนใหญ่ไปยังเป้าหมาย ทำให้เกิดความเสียหาย จากการโจมตีเวทย์และโจมตีหนัก 125% และแบ่งเป็นลูกปืนอานุภาพต่ำลง 3 ลูก\n		
8242	Fireball Combo	จะต้องใส่ไม้เท้า\nประเภท: พลังความร้อน\n\nยิงลูฟไฟ 9 ลูกไปโจมตีเป้าหมาย ทำให้เกิดความเสียหายจากการโจมตีเวทย์ 92%	ประเภท: พลังความร้อน\n\nยิงลูฟไฟ 9 ลูกไปโจมตีเป้าหมาย ทำให้เกิดความเสียหายจากการโจมตีเวทย์ 92%\n		
8243	Flares	จะต้องใส่ไม้เท้า\nประเภท: พลังความร้อน\n\nยิงไฟในระยะ 7.5 เมตร เผาศัตรูสูงสุด 5 คน แต่ละลูกสร้างความเสียหายจากโจมตีเวทย์และโจมตีหนัก 50%	ประเภท: พลังความร้อน\n\nยิงไฟในระยะ 7.5 เมตร เผาศัตรูสูงสุด 5 คน แต่ละลูกสร้างความเสียหายจากโจมตีเวทย์และโจมตีหนัก 50%\n		
8244	Solar Beam	จะต้องใส่ไม้เท้า\nประเภท: พลังความร้อน\n\nยิงแสงอาทิตย์ใส่เป้าหมายทำให้เกิดความเสียหายจากโจมตีเวทย์ 119%	ประเภท: พลังความร้อน\n\nยิงแสงอาทิตย์ใส่เป้าหมายทำให้เกิดความเสียหายจากโจมตีเวทย์ 119%\n		
8245	Solar Flares	จะต้องใส่ไม้เท้า\nประเภท: พลังความร้อน, ระเบิด\n\nยิงเพลิงแสงอาทิตย์ใส่เป้าหมาย ทำให้เกิดความเสียหายจากโจมตีเวทย์ 100%	ประเภท: พลังความร้อน, ระเบิด\n\nยิงเพลิงแสงอาทิตย์ใส่เป้าหมาย ทำให้เกิดความเสียหายจากโจมตีเวทย์ 100%\n		
8246	Solar Strom	จะต้องใส่ไม้เท้า\nประเภท: พลังความร้อน, ระเบิด\n\nเรียกพายุไฟไปยังเป้าหมาย ทำให้เป้าหมายสูงสุด 8 คนในระยะ 7 เมตร เกิดความเสียหายจากโจมตีเวทย์และโจมตีหนัก 100% 10 ครั้ง	ประเภท: พลังความร้อน, ระเบิด\n\nเรียกพายุไฟไปยังเป้าหมาย ทำให้เป้าหมายสูงสุด 8 คนในระยะ 7 เมตร เกิดความเสียหายจากโจมตีเวทย์และโจมตีหนัก 100% 10 ครั้ง\n		
8247	Sunshine Cure	จะต้องใส่ไม้เท้า\nประเภท: ฟื้นฟู\n\nทำให้เป้าหมายได้รับการฟื้นฟูจากพลังเวทย์ 500%	ประเภท: ฟื้นฟู\n\nทำให้เป้าหมายได้รับการฟื้นฟูจากพลังเวทย์ 500%\n		
8250	附身詛咒	必須裝備巫毒娃娃\n回復精力值：10\n類型：死靈\n\n讓巫毒娃娃附著在目標身上，使目標防禦力$ADD_AC_PHYSICS，並從目標身上不斷的吸取精力。精力恢復速度+3，並且所受到的傷害的20%會轉移至目標身上。\n\n對已經被附身的目標使用技能可以回收詛咒。\n附身目標死亡時，技能冷卻時間會重置。	必須裝備巫毒娃娃\n回復精力值：10\n類型：死靈\n\n讓巫毒娃娃附著在目標身上，使目標防禦力$ADD_AC_PHYSICS，並從目標身上不斷的吸取精力。精力恢復速度+3，並且所受到的傷害的20%會轉移至目標身上。\n\n對已經被附身的目標使用技能可以回收詛咒。\n附身目標死亡時，技能冷卻時間會重置。		ADD_AC_PHYSICS(1)(1)
8251	邪靈彈	必須裝備巫毒娃娃\n類型：死靈\n\n呼喚靈體攻擊目標，持續使用造成 110%、150%、120%魔法傷害。\n\n二階：附帶緩速效果，持續10秒\n三階：範圍傷害，附帶增傷 5%，持續10秒	必須裝備巫毒娃娃\n類型：死靈\n\n呼喚靈體攻擊目標，持續使用造成 110%、150%、120%魔法傷害。\n\n二階：附帶緩速效果，持續10秒\n三階：範圍傷害，附帶增傷 5%，持續10秒		ADD_DAMMIMAGIC(1)(1.1)
8252	詛咒控制	必須裝備巫毒娃娃\n類型：死靈\n\n藉由詛咒的力量，讓巫毒娃娃承受的傷害轉移到目標身上，造成3次 250%魔法傷害。並有機率造成擊倒。	必須裝備巫毒娃娃\n類型：死靈\n\n藉由詛咒的力量，讓巫毒娃娃承受的傷害轉移到目標身上，造成3次 250%魔法傷害。並有機率造成擊倒。		ADD_DAMMIMAGIC(1)(2.5)
8253	怨靈之牆	必須裝備巫毒娃娃\n類型：死靈\n\n在指定地點放下3道火柱，火柱有機率擊退觸碰的敵人，並造成 20%魔法傷害。施放怨靈之牆時會造成自己靈魂衰竭。\n\n靈魂衰竭：使用怨靈之牆時必需額外消耗集氣。	必須裝備巫毒娃娃\n類型：死靈\n\n在指定地點放下3道火柱，火柱有機率擊退觸碰的敵人，並造成 20%魔法傷害。施放怨靈之牆時會造成自己靈魂衰竭。\n\n靈魂衰竭：使用怨靈之牆時必需額外消耗集氣。		ADD_DAMMIMAGIC(1)(0.2)
8254	黑暗新星	必須裝備巫毒娃娃\n類型：死靈\n\n操控娃娃放出暗靈衝擊波，震開周圍敵對目標，並造成 100%魔法傷害\n\n附身：目標若已被附身，則黑暗新星會產生在目標身上。	必須裝備巫毒娃娃\n類型：死靈\n\n操控娃娃放出暗靈衝擊波，震開周圍敵對目標，並造成 100%魔法傷害\n\n附身：目標若已被附身，則黑暗新星會產生在目標身上。		ADD_DAMMIMAGIC(1)(1)
8255	怨念釋放	必須裝備巫毒娃娃\n類型：死靈、劈砍\n\n釋放所有集氣一口氣對詛咒目標造成重大傷害。每層集氣造成 300%魔法傷害，並有機率造成擊倒。	必須裝備巫毒娃娃\n類型：死靈、劈砍\n\n釋放所有集氣一口氣對詛咒目標造成重大傷害。每層集氣造成 300%魔法傷害，並有機率造成擊倒。		ADD_DAMMIMAGIC(1)(3)
8256	生命漩渦	必須裝備巫毒娃娃\n類型：死靈\n\n呼喚血的渦流持續攻擊周圍敵人造成 9次 140% 物理與魔法重擊傷害。造成的傷害50%會轉換為自己的生命。使用中移動速度 - 420、防禦力$ADD_AC_PHYSICS\n\n被攻擊到的敵人會進入嘲諷狀態，嘲諷等級+10。	必須裝備巫毒娃娃\n類型：死靈\n\n呼喚血的渦流持續攻擊周圍敵人造成 9次 140% 物理與魔法重擊傷害。造成的傷害50%會轉換為自己的生命。使用中移動速度 - 420、防禦力$ADD_AC_PHYSICS\n\n被攻擊到的敵人會進入嘲諷狀態，嘲諷等級+10。		ADD_DAMMIMAGIC(1)(1.4);ADD_AC_PHYSICS(1)(1)
8257	闇魂結晶	必須裝備巫毒娃娃\n類型：死靈\n\n不斷的凝聚死靈之力，對目標周圍10名敵對目標造成1200%魔法傷害。並有機率造成擊飛。	必須裝備巫毒娃娃\n類型：死靈\n\n不斷的凝聚死靈之力，對目標周圍10名敵對目標造成1200%魔法傷害。並有機率造成擊飛。		ADD_DAMMIMAGIC(1)(12)
8540	Down Items		ทิ้งไอเทมที่มี		
8572	Tackle		พุ้งเข้าไปเตะให้กระเด็น!		
8573	Long Pass		เตะลูกบอลเต็มแรง!		
8574	Short Pass		เตะลูกบอลเบาๆ!		
8578	Launch		ยิงระเบิด!		
8581	C4 Bomb		ปาระเบิด!		
8582	Machine Gun		ลองชิมระเบิดของข้าหน่อยเป็นไง!		
8583	Injection		ยังพลัง! จับคีย์บอร์ดของท่านให้มั่น!		
8584	Shoot'em up				
8585	Anti Aircraft gun				
8766	Short Pass				
8767	High Pass				
8768	Powerful shot				
8769	Sprint		เพิ่มความเร็วในการวิ่ง 25% เป็นเวลา 5 วินาที		
9800	Beckon				
9801	Departure				
9802	Greeting				
9803	Happy				
9804	Grieved				
9805	Angry				
9806	Success				
9807	Failure				
9808	Shy				
9809	Lonely				
9810	Dance1				
9811	Dance2				
9812	Dance3				
9813	Dance4				
9814	Dance5				
9815	Dance6				
9816					
9817					
9818					
9819					
9820					
9821					
9822					
9823					
9824					
9825					
9826					
9827					
9828					
9829					
40000	Gladiator Basic Training	การฝึกขั้นพื้นฐานของ Gladiator ทำให้โจมตีกายภาพ +$ADD_DAMMIPHYSICS, กายภาพทะลุเกราะ+$ADD_PENETRATE_PHYSICS, ค่าหลบ+5%, ค่ามึนงง+5% และทำการหลบหลีก จะฟื้นฟูพลังชีวิตสูงสุด 5%\nอาชีพรองไม่สามารถใช้สกิลนี้ได้	การฝึกขั้นพื้นฐานของ Gladiator ทำให้โจมตีกายภาพ +$ADD_DAMMIPHYSICS, กายภาพทะลุเกราะ+$ADD_PENETRATE_PHYSICS, ค่าหลบ+5%, ค่ามึนงง+5% และทำการหลบหลีก จะฟื้นฟูพลังชีวิตสูงสุด 5%\nอาชีพรองไม่สามารถใช้สกิลนี้ได้		ADD_DAMMIPHYSICS(1)(1);ADD_PENETRATE_PHYSICS(1)(1)
40001	Jixi Killing Sword	จะต้องใส่ดาบที่มือซ้ายและขวา\nประเภท: โจมตีทะลุ, ฟัน\n\nโจมตีศัตรูเป้าหมายเดี่ยวในระยะใกล้ด้วยอาวุธมือซ้ายและขวา ทำให้เกิดความเสียหายจากกายภาพ $ADD_DAMMIPHYSICS + 125% และมีโอกาสทำให้คู่ต่อสู้หยุดโจมตี\n\nโจมตีให้ล้มเลงทำให้ศัตรูได้รับความเสียหาย 2 เท่า	ประเภท: โจมตีทะลุ, ฟัน\n\nโจมตีศัตรูเป้าหมายเดี่ยวในระยะใกล้ด้วยอาวุธมือซ้ายและขวา ทำให้เกิดความเสียหายจากกายภาพ $ADD_DAMMIPHYSICS + 125% และมีโอกาสทำให้คู่ต่อสู้หยุดโจมตี\n\nโจมตีให้ล้มเลงทำให้ศัตรูได้รับความเสียหาย 2 เท่า		ADD_DAMMIPHYSICS(1)(1.25)
40002	Chain Attack	จะต้องใส่ดาบที่มือซ้ายและขวา\nฟื้นฟูพลังเวทย์: 4, 3, 3, 8\nประเภท: ฟัน\n\nโจมตีเป้าหมายเดี่ยวต่อเนื่อง ทำให้เกิดความเสียหายจากกายภาพ $ADD_DAMMIPHYSICS + 100%, 50%, 60%, 150% 	ประเภท: ฟัน\n\nโจมตีเป้าหมายเดี่ยวต่อเนื่อง ทำให้เกิดความเสียหายจากกายภาพ $ADD_DAMMIPHYSICS + 100%, 50%, 60%, 150% 		ADD_DAMMIPHYSICS(1)(1)
40003	Disability	จะต้องใส่ดาบที่มือซ้ายและขวา\nประเภท: ฟัน\n\nโจมตีเป้าหมายทำให้เกิดความเสียหายจากกายภาพ $ADD_DAMMIPHYSICS + 140% และลดพลังโจมตี อัตราแม่นยำ 33% ของศัตรู เป็นเวลา 6 วินาที	ประเภท: ฟัน\n\nโจมตีเป้าหมายทำให้เกิดความเสียหายจากกายภาพ $ADD_DAMMIPHYSICS + 140% และลดพลังโจมตี อัตราแม่นยำ 33% ของศัตรู เป็นเวลา 6 วินาที		ADD_DAMMIPHYSICS(1)(1.4)
40004	Violent Puncture	จะต้องใส่ดาบที่มือซ้ายและขวา\nใช้ Soul Gather: 1 ขั้น\nประเภท: โจมตีทะลุ, ฟัน\n\nพุ่งโจมตีเป้าหมายเป็นวงกว้าง ทำให้เกิดความเสียหายจาก $ADD_DAMMIPHYSICS โจมตีกายภาพ + 70% เมื่อใช้ต่อเนื่องจะโจมตีไปยังเป้าหมายข้างหน้าทำให้เกิดความเสียหายหลายครั้ง ความแรงจะเพิ่มตามจำนวนการใช้ต่อเนื่อง และเมื่อจบการโจมตีจะมีการโจมตีส่งท้าย\n\nขั้นที่ 1: พุ่งโจมตี 4 ครั้ง ทำให้เกิดความเสียหายจากกายภาพ 20% สกิลส่งท้ายทำให้เกิดความเสียหายจากกายภาพ 100%\n\nขั้นที่ 2: พุ่งโจมตี 4 ครั้ง ทำให้เกิดความเสียหายจากกายภาพ 40%สกิลส่งท้ายทำให้เปิดความเสียหายจากกายภาพ 170% และโจมตีให้ศัตรูล้มลง\n\nขั้นที่ 3: พุ่งโจมตี 4 ครั้ง ทำให้เกิดความเสียหายจากกายภาพ 60%สกิลส่งท้ายทำให้เปิดความเสียหายจากกายภาพ 300% และโจมตีให้ศัตรูกระเด็น	ประเภท: โจมตีทะลุ, ฟัน\n\nพุ่งโจมตีเป้าหมายเป็นวงกว้าง ทำให้เกิดความเสียหายจาก $ADD_DAMMIPHYSICS โจมตีกายภาพ + 70% เมื่อใช้ต่อเนื่องจะโจมตีไปยังเป้าหมายข้างหน้าทำให้เกิดความเสียหายหลายครั้ง ความแรงจะเพิ่มตามจำนวนการใช้ต่อเนื่อง และเมื่อจบการโจมตีจะมีการโจมตีส่งท้าย\n\nขั้นที่ 1: พุ่งโจมตี 4 ครั้ง ทำให้เกิดความเสียหายจากกายภาพ 20% สกิลส่งท้ายทำให้เกิดความเสียหายจากกายภาพ 100%\n\nขั้นที่ 2: พุ่งโจมตี 4 ครั้ง ทำให้เกิดความเสียหายจากกายภาพ 40%สกิลส่งท้ายทำให้เปิดความเสียหายจากกายภาพ 170% และโจมตีให้ศัตรูล้มลง\n\nขั้นที่ 3: พุ่งโจมตี 4 ครั้ง ทำให้เกิดความเสียหายจากกายภาพ 60%สกิลส่งท้ายทำให้เปิดความเสียหายจากกายภาพ 300% และโจมตีให้ศัตรูกระเด็น		ADD_DAMMIPHYSICS(1)(0.7)
40140	Violent Puncture	จะต้องใส่ดาบที่มือซ้ายและขวา\nใช้ Soul Gather: 1 ขั้น\nประเภท: โจมตีทะลุ, ฟัน\n\nพุ่งโจมตีเป้าหมายเป็นวงกว้าง ทำให้เกิดความเสียหายจาก $ADD_DAMMIPHYSICS โจมตีกายภาพ + 70% เมื่อใช้ต่อเนื่องจะโจมตีไปยังเป้าหมายข้างหน้าทำให้เกิดความเสียหายหลายครั้ง ความแรงจะเพิ่มตามจำนวนการใช้ต่อเนื่อง และเมื่อจบการโจมตีจะมีการโจมตีส่งท้าย\n\nขั้นที่ 1: พุ่งโจมตี 4 ครั้ง ทำให้เกิดความเสียหายจากกายภาพ 20% สกิลส่งท้ายทำให้เกิดความเสียหายจากกายภาพ 100%\n\nขั้นที่ 2: พุ่งโจมตี 4 ครั้ง ทำให้เกิดความเสียหายจากกายภาพ 40%สกิลส่งท้ายทำให้เปิดความเสียหายจากกายภาพ 170% และโจมตีให้ศัตรูล้มลง\n\nขั้นที่ 3: พุ่งโจมตี 4 ครั้ง ทำให้เกิดความเสียหายจากกายภาพ 60%สกิลส่งท้ายทำให้เปิดความเสียหายจากกายภาพ 300% และโจมตีให้ศัตรูกระเด็น	ประเภท: โจมตีทะลุ, ฟัน\n\nพุ่งโจมตีเป้าหมายเป็นวงกว้าง ทำให้เกิดความเสียหายจาก $ADD_DAMMIPHYSICS โจมตีกายภาพ + 70% เมื่อใช้ต่อเนื่องจะโจมตีไปยังเป้าหมายข้างหน้าทำให้เกิดความเสียหายหลายครั้ง ความแรงจะเพิ่มตามจำนวนการใช้ต่อเนื่อง และเมื่อจบการโจมตีจะมีการโจมตีส่งท้าย\n\nขั้นที่ 1: พุ่งโจมตี 4 ครั้ง ทำให้เกิดความเสียหายจากกายภาพ 20% สกิลส่งท้ายทำให้เกิดความเสียหายจากกายภาพ 100%\n\nขั้นที่ 2: พุ่งโจมตี 4 ครั้ง ทำให้เกิดความเสียหายจากกายภาพ 40%สกิลส่งท้ายทำให้เปิดความเสียหายจากกายภาพ 170% และโจมตีให้ศัตรูล้มลง\n\nขั้นที่ 3: พุ่งโจมตี 4 ครั้ง ทำให้เกิดความเสียหายจากกายภาพ 60%สกิลส่งท้ายทำให้เปิดความเสียหายจากกายภาพ 300% และโจมตีให้ศัตรูกระเด็น		ADD_DAMMIPHYSICS(1)(0.7)
40141	Violent Puncture	จะต้องใส่ดาบที่มือซ้ายและขวา\nใช้ Soul Gather: 1 ขั้น\nประเภท: โจมตีทะลุ, ฟัน\n\nพุ่งโจมตีเป้าหมายเป็นวงกว้าง ทำให้เกิดความเสียหายจาก $ADD_DAMMIPHYSICS โจมตีกายภาพ + 70% เมื่อใช้ต่อเนื่องจะโจมตีไปยังเป้าหมายข้างหน้าทำให้เกิดความเสียหายหลายครั้ง ความแรงจะเพิ่มตามจำนวนการใช้ต่อเนื่อง และเมื่อจบการโจมตีจะมีการโจมตีส่งท้าย\n\nขั้นที่ 1: พุ่งโจมตี 4 ครั้ง ทำให้เกิดความเสียหายจากกายภาพ 20% สกิลส่งท้ายทำให้เกิดความเสียหายจากกายภาพ 100%\n\nขั้นที่ 2: พุ่งโจมตี 4 ครั้ง ทำให้เกิดความเสียหายจากกายภาพ 40%สกิลส่งท้ายทำให้เปิดความเสียหายจากกายภาพ 170% และโจมตีให้ศัตรูล้มลง\n\nขั้นที่ 3: พุ่งโจมตี 4 ครั้ง ทำให้เกิดความเสียหายจากกายภาพ 60%สกิลส่งท้ายทำให้เปิดความเสียหายจากกายภาพ 300% และโจมตีให้ศัตรูกระเด็น	ประเภท: โจมตีทะลุ, ฟัน\n\nพุ่งโจมตีเป้าหมายเป็นวงกว้าง ทำให้เกิดความเสียหายจาก $ADD_DAMMIPHYSICS โจมตีกายภาพ + 70% เมื่อใช้ต่อเนื่องจะโจมตีไปยังเป้าหมายข้างหน้าทำให้เกิดความเสียหายหลายครั้ง ความแรงจะเพิ่มตามจำนวนการใช้ต่อเนื่อง และเมื่อจบการโจมตีจะมีการโจมตีส่งท้าย\n\nขั้นที่ 1: พุ่งโจมตี 4 ครั้ง ทำให้เกิดความเสียหายจากกายภาพ 20% สกิลส่งท้ายทำให้เกิดความเสียหายจากกายภาพ 100%\n\nขั้นที่ 2: พุ่งโจมตี 4 ครั้ง ทำให้เกิดความเสียหายจากกายภาพ 40%สกิลส่งท้ายทำให้เปิดความเสียหายจากกายภาพ 170% และโจมตีให้ศัตรูล้มลง\n\nขั้นที่ 3: พุ่งโจมตี 4 ครั้ง ทำให้เกิดความเสียหายจากกายภาพ 60%สกิลส่งท้ายทำให้เปิดความเสียหายจากกายภาพ 300% และโจมตีให้ศัตรูกระเด็น		ADD_DAMMIPHYSICS(1)(0.7)
40142	Violent Puncture	จะต้องใส่ดาบที่มือซ้ายและขวา\nใช้ Soul Gather: 1 ขั้น\nประเภท: โจมตีทะลุ, ฟัน\n\nพุ่งโจมตีเป้าหมายเป็นวงกว้าง ทำให้เกิดความเสียหายจาก $ADD_DAMMIPHYSICS โจมตีกายภาพ + 70% เมื่อใช้ต่อเนื่องจะโจมตีไปยังเป้าหมายข้างหน้าทำให้เกิดความเสียหายหลายครั้ง ความแรงจะเพิ่มตามจำนวนการใช้ต่อเนื่อง และเมื่อจบการโจมตีจะมีการโจมตีส่งท้าย\n\nขั้นที่ 1: พุ่งโจมตี 4 ครั้ง ทำให้เกิดความเสียหายจากกายภาพ 20% สกิลส่งท้ายทำให้เกิดความเสียหายจากกายภาพ 100%\n\nขั้นที่ 2: พุ่งโจมตี 4 ครั้ง ทำให้เกิดความเสียหายจากกายภาพ 40%สกิลส่งท้ายทำให้เปิดความเสียหายจากกายภาพ 170% และโจมตีให้ศัตรูล้มลง\n\nขั้นที่ 3: พุ่งโจมตี 4 ครั้ง ทำให้เกิดความเสียหายจากกายภาพ 60%สกิลส่งท้ายทำให้เปิดความเสียหายจากกายภาพ 300% และโจมตีให้ศัตรูกระเด็น	ประเภท: โจมตีทะลุ, ฟัน\n\nพุ่งโจมตีเป้าหมายเป็นวงกว้าง ทำให้เกิดความเสียหายจาก $ADD_DAMMIPHYSICS โจมตีกายภาพ + 70% เมื่อใช้ต่อเนื่องจะโจมตีไปยังเป้าหมายข้างหน้าทำให้เกิดความเสียหายหลายครั้ง ความแรงจะเพิ่มตามจำนวนการใช้ต่อเนื่อง และเมื่อจบการโจมตีจะมีการโจมตีส่งท้าย\n\nขั้นที่ 1: พุ่งโจมตี 4 ครั้ง ทำให้เกิดความเสียหายจากกายภาพ 20% สกิลส่งท้ายทำให้เกิดความเสียหายจากกายภาพ 100%\n\nขั้นที่ 2: พุ่งโจมตี 4 ครั้ง ทำให้เกิดความเสียหายจากกายภาพ 40%สกิลส่งท้ายทำให้เปิดความเสียหายจากกายภาพ 170% และโจมตีให้ศัตรูล้มลง\n\nขั้นที่ 3: พุ่งโจมตี 4 ครั้ง ทำให้เกิดความเสียหายจากกายภาพ 60%สกิลส่งท้ายทำให้เปิดความเสียหายจากกายภาพ 300% และโจมตีให้ศัตรูกระเด็น		ADD_DAMMIPHYSICS(1)(0.7)
40143	Violent Puncture	จะต้องใส่ดาบที่มือซ้ายและขวา\nใช้ Soul Gather: 1 ขั้น\nประเภท: โจมตีทะลุ, ฟัน\n\nพุ่งโจมตีเป้าหมายเป็นวงกว้าง ทำให้เกิดความเสียหายจาก $ADD_DAMMIPHYSICS โจมตีกายภาพ + 70% เมื่อใช้ต่อเนื่องจะโจมตีไปยังเป้าหมายข้างหน้าทำให้เกิดความเสียหายหลายครั้ง ความแรงจะเพิ่มตามจำนวนการใช้ต่อเนื่อง และเมื่อจบการโจมตีจะมีการโจมตีส่งท้าย\n\nขั้นที่ 1: พุ่งโจมตี 4 ครั้ง ทำให้เกิดความเสียหายจากกายภาพ 20% สกิลส่งท้ายทำให้เกิดความเสียหายจากกายภาพ 100%\n\nขั้นที่ 2: พุ่งโจมตี 4 ครั้ง ทำให้เกิดความเสียหายจากกายภาพ 40%สกิลส่งท้ายทำให้เปิดความเสียหายจากกายภาพ 170% และโจมตีให้ศัตรูล้มลง\n\nขั้นที่ 3: พุ่งโจมตี 4 ครั้ง ทำให้เกิดความเสียหายจากกายภาพ 60%สกิลส่งท้ายทำให้เปิดความเสียหายจากกายภาพ 300% และโจมตีให้ศัตรูกระเด็น	ประเภท: โจมตีทะลุ, ฟัน\n\nพุ่งโจมตีเป้าหมายเป็นวงกว้าง ทำให้เกิดความเสียหายจาก $ADD_DAMMIPHYSICS โจมตีกายภาพ + 70% เมื่อใช้ต่อเนื่องจะโจมตีไปยังเป้าหมายข้างหน้าทำให้เกิดความเสียหายหลายครั้ง ความแรงจะเพิ่มตามจำนวนการใช้ต่อเนื่อง และเมื่อจบการโจมตีจะมีการโจมตีส่งท้าย\n\nขั้นที่ 1: พุ่งโจมตี 4 ครั้ง ทำให้เกิดความเสียหายจากกายภาพ 20% สกิลส่งท้ายทำให้เกิดความเสียหายจากกายภาพ 100%\n\nขั้นที่ 2: พุ่งโจมตี 4 ครั้ง ทำให้เกิดความเสียหายจากกายภาพ 40%สกิลส่งท้ายทำให้เปิดความเสียหายจากกายภาพ 170% และโจมตีให้ศัตรูล้มลง\n\nขั้นที่ 3: พุ่งโจมตี 4 ครั้ง ทำให้เกิดความเสียหายจากกายภาพ 60%สกิลส่งท้ายทำให้เปิดความเสียหายจากกายภาพ 300% และโจมตีให้ศัตรูกระเด็น		ADD_DAMMIPHYSICS(1)(0.7)
40144	Violent Puncture	จะต้องใส่ดาบที่มือซ้ายและขวา\nใช้ Soul Gather: 1 ขั้น\nประเภท: โจมตีทะลุ, ฟัน\n\nพุ่งโจมตีเป้าหมายเป็นวงกว้าง ทำให้เกิดความเสียหายจาก $ADD_DAMMIPHYSICS โจมตีกายภาพ + 70% เมื่อใช้ต่อเนื่องจะโจมตีไปยังเป้าหมายข้างหน้าทำให้เกิดความเสียหายหลายครั้ง ความแรงจะเพิ่มตามจำนวนการใช้ต่อเนื่อง และเมื่อจบการโจมตีจะมีการโจมตีส่งท้าย\n\nขั้นที่ 1: พุ่งโจมตี 4 ครั้ง ทำให้เกิดความเสียหายจากกายภาพ 20% สกิลส่งท้ายทำให้เกิดความเสียหายจากกายภาพ 100%\n\nขั้นที่ 2: พุ่งโจมตี 4 ครั้ง ทำให้เกิดความเสียหายจากกายภาพ 40%สกิลส่งท้ายทำให้เปิดความเสียหายจากกายภาพ 170% และโจมตีให้ศัตรูล้มลง\n\nขั้นที่ 3: พุ่งโจมตี 4 ครั้ง ทำให้เกิดความเสียหายจากกายภาพ 60%สกิลส่งท้ายทำให้เปิดความเสียหายจากกายภาพ 300% และโจมตีให้ศัตรูกระเด็น	ประเภท: โจมตีทะลุ, ฟัน\n\nพุ่งโจมตีเป้าหมายเป็นวงกว้าง ทำให้เกิดความเสียหายจาก $ADD_DAMMIPHYSICS โจมตีกายภาพ + 70% เมื่อใช้ต่อเนื่องจะโจมตีไปยังเป้าหมายข้างหน้าทำให้เกิดความเสียหายหลายครั้ง ความแรงจะเพิ่มตามจำนวนการใช้ต่อเนื่อง และเมื่อจบการโจมตีจะมีการโจมตีส่งท้าย\n\nขั้นที่ 1: พุ่งโจมตี 4 ครั้ง ทำให้เกิดความเสียหายจากกายภาพ 20% สกิลส่งท้ายทำให้เกิดความเสียหายจากกายภาพ 100%\n\nขั้นที่ 2: พุ่งโจมตี 4 ครั้ง ทำให้เกิดความเสียหายจากกายภาพ 40%สกิลส่งท้ายทำให้เปิดความเสียหายจากกายภาพ 170% และโจมตีให้ศัตรูล้มลง\n\nขั้นที่ 3: พุ่งโจมตี 4 ครั้ง ทำให้เกิดความเสียหายจากกายภาพ 60%สกิลส่งท้ายทำให้เปิดความเสียหายจากกายภาพ 300% และโจมตีให้ศัตรูกระเด็น		ADD_DAMMIPHYSICS(1)(0.7)
40145	Violent Puncture	จะต้องใส่ดาบที่มือซ้ายและขวา\nใช้ Soul Gather: 1 ขั้น\nประเภท: โจมตีทะลุ, ฟัน\n\nพุ่งโจมตีเป้าหมายเป็นวงกว้าง ทำให้เกิดความเสียหายจาก $ADD_DAMMIPHYSICS โจมตีกายภาพ + 70% เมื่อใช้ต่อเนื่องจะโจมตีไปยังเป้าหมายข้างหน้าทำให้เกิดความเสียหายหลายครั้ง ความแรงจะเพิ่มตามจำนวนการใช้ต่อเนื่อง และเมื่อจบการโจมตีจะมีการโจมตีส่งท้าย\n\nขั้นที่ 1: พุ่งโจมตี 4 ครั้ง ทำให้เกิดความเสียหายจากกายภาพ 20% สกิลส่งท้ายทำให้เกิดความเสียหายจากกายภาพ 100%\n\nขั้นที่ 2: พุ่งโจมตี 4 ครั้ง ทำให้เกิดความเสียหายจากกายภาพ 40%สกิลส่งท้ายทำให้เปิดความเสียหายจากกายภาพ 170% และโจมตีให้ศัตรูล้มลง\n\nขั้นที่ 3: พุ่งโจมตี 4 ครั้ง ทำให้เกิดความเสียหายจากกายภาพ 60%สกิลส่งท้ายทำให้เปิดความเสียหายจากกายภาพ 300% และโจมตีให้ศัตรูกระเด็น	ประเภท: โจมตีทะลุ, ฟัน\n\nพุ่งโจมตีเป้าหมายเป็นวงกว้าง ทำให้เกิดความเสียหายจาก $ADD_DAMMIPHYSICS โจมตีกายภาพ + 70% เมื่อใช้ต่อเนื่องจะโจมตีไปยังเป้าหมายข้างหน้าทำให้เกิดความเสียหายหลายครั้ง ความแรงจะเพิ่มตามจำนวนการใช้ต่อเนื่อง และเมื่อจบการโจมตีจะมีการโจมตีส่งท้าย\n\nขั้นที่ 1: พุ่งโจมตี 4 ครั้ง ทำให้เกิดความเสียหายจากกายภาพ 20% สกิลส่งท้ายทำให้เกิดความเสียหายจากกายภาพ 100%\n\nขั้นที่ 2: พุ่งโจมตี 4 ครั้ง ทำให้เกิดความเสียหายจากกายภาพ 40%สกิลส่งท้ายทำให้เปิดความเสียหายจากกายภาพ 170% และโจมตีให้ศัตรูล้มลง\n\nขั้นที่ 3: พุ่งโจมตี 4 ครั้ง ทำให้เกิดความเสียหายจากกายภาพ 60%สกิลส่งท้ายทำให้เปิดความเสียหายจากกายภาพ 300% และโจมตีให้ศัตรูกระเด็น		ADD_DAMMIPHYSICS(1)(0.7)
40146	Violent Puncture	จะต้องใส่ดาบที่มือซ้ายและขวา\nใช้ Soul Gather: 1 ขั้น\nประเภท: โจมตีทะลุ, ฟัน\n\nพุ่งโจมตีเป้าหมายเป็นวงกว้าง ทำให้เกิดความเสียหายจาก $ADD_DAMMIPHYSICS โจมตีกายภาพ + 70% เมื่อใช้ต่อเนื่องจะโจมตีไปยังเป้าหมายข้างหน้าทำให้เกิดความเสียหายหลายครั้ง ความแรงจะเพิ่มตามจำนวนการใช้ต่อเนื่อง และเมื่อจบการโจมตีจะมีการโจมตีส่งท้าย\n\nขั้นที่ 1: พุ่งโจมตี 4 ครั้ง ทำให้เกิดความเสียหายจากกายภาพ 20% สกิลส่งท้ายทำให้เกิดความเสียหายจากกายภาพ 100%\n\nขั้นที่ 2: พุ่งโจมตี 4 ครั้ง ทำให้เกิดความเสียหายจากกายภาพ 40%สกิลส่งท้ายทำให้เปิดความเสียหายจากกายภาพ 170% และโจมตีให้ศัตรูล้มลง\n\nขั้นที่ 3: พุ่งโจมตี 4 ครั้ง ทำให้เกิดความเสียหายจากกายภาพ 60%สกิลส่งท้ายทำให้เปิดความเสียหายจากกายภาพ 300% และโจมตีให้ศัตรูกระเด็น	ประเภท: โจมตีทะลุ, ฟัน\n\nพุ่งโจมตีเป้าหมายเป็นวงกว้าง ทำให้เกิดความเสียหายจาก $ADD_DAMMIPHYSICS โจมตีกายภาพ + 70% เมื่อใช้ต่อเนื่องจะโจมตีไปยังเป้าหมายข้างหน้าทำให้เกิดความเสียหายหลายครั้ง ความแรงจะเพิ่มตามจำนวนการใช้ต่อเนื่อง และเมื่อจบการโจมตีจะมีการโจมตีส่งท้าย\n\nขั้นที่ 1: พุ่งโจมตี 4 ครั้ง ทำให้เกิดความเสียหายจากกายภาพ 20% สกิลส่งท้ายทำให้เกิดความเสียหายจากกายภาพ 100%\n\nขั้นที่ 2: พุ่งโจมตี 4 ครั้ง ทำให้เกิดความเสียหายจากกายภาพ 40%สกิลส่งท้ายทำให้เปิดความเสียหายจากกายภาพ 170% และโจมตีให้ศัตรูล้มลง\n\nขั้นที่ 3: พุ่งโจมตี 4 ครั้ง ทำให้เกิดความเสียหายจากกายภาพ 60%สกิลส่งท้ายทำให้เปิดความเสียหายจากกายภาพ 300% และโจมตีให้ศัตรูกระเด็น		ADD_DAMMIPHYSICS(1)(0.7)
40005	Bloodlust Sword	จะต้องใส่ดาบที่มือซ้ายและขวา\nใช้ Soul Gather: 3 ขั้น\nประเภท: ป้องกัน, ฟัน\n\nฟันกลับไปกลับมา โจมตีสูงสุด 8 คนในรัศมี 5.5 เมตร ทำให้เกิดความเสียหายจาก $ADD_DAMMIPHYSICS โจมตีกายภาพ + 550% ระหว่างการโจมตีอัตราหลบหลีกเพิ่มขึ้น 100%	ประเภท: ป้องกัน, ฟัน\n\nฟันกลับไปกลับมา โจมตีสูงสุด 8 คนในรัศมี 5.5 เมตร ทำให้เกิดความเสียหายจาก $ADD_DAMMIPHYSICS โจมตีกายภาพ + 550% ระหว่างการโจมตีอัตราหลบหลีกเพิ่มขึ้น 100%		ADD_DAMMIPHYSICS(1)(5.5)
40006	Hell Chili Powder	จะต้องใส่ดาบที่มือซ้ายและขวา\nประเภท: พิษ\n\nโปรยผงพริกไทยให้ฝ่ายตรงข้ามเป็นยริเวณกว้าง ทำให้ 8 คนในรัศมีเกิดความเสียหายจาก $ADD_DAMPLUS_PHYSICS โจมตีหนักกายภาพและโจมตีหนักเวทย์ + 150% และลดอัตราแม่นยำ 30%	ประเภท: พิษ\n\nโปรยผงพริกไทยให้ฝ่ายตรงข้ามเป็นยริเวณกว้าง ทำให้ 8 คนในรัศมีเกิดความเสียหายจาก $ADD_DAMPLUS_PHYSICS โจมตีหนักกายภาพและโจมตีหนักเวทย์ + 150% และลดอัตราแม่นยำ 30%		ADD_DAMPLUS_PHYSICS(1)(1.5)
40007	Three God Sword	จะต้องใส่ดาบที่มือซ้ายและขวา\nทำให้เกิด Soul Gather: 1 ขั้น\nประเภท: โจมตีทะลุ\n\nฆ่าเป้าหมายด้วยความโหดเหี้ยม ทำให้เกิดความเสียหาย $ADD_DAMMIPHYSICS โจมตีกายภาพ + 120%\n\n目標生命值大於60%時ทำลายเพิ่มขึ้น50%	ประเภท: โจมตีทะลุ\n\nฆ่าเป้าหมายด้วยความโหดเหี้ยม ทำให้เกิดความเสียหาย $ADD_DAMMIPHYSICS โจมตีกายภาพ + 120%\n\nหากเป้าหมายมีพลังชีวิตมากกว่า 60% จะได้รับความเสียหายเพิ่มขึ้น 50%		ADD_DAMMIPHYSICS(1)(1.2)
40008	Frenzy Attack	จะต้องใส่ดาบที่มือซ้ายและขวา\nใช้ Soul Gather: 1 ขั้น\nประเภท: ฟัน\n\nโจมตีเป้าหมายเดี่ยวในระยะใกล้ด้วยความคลั่ง ทำให้เกิดความเสียหาย $ADD_DAMMIPHYSICS โจมตีหนักกายภาพและโจมตีหนักเวทย์ + 230% และมีโอกาสโจมตีศัตรูให้ล้ม การใช้สกิลใน 6 วินาที ทุกครั้งที่มีการฟันหรือพุ่งชนเป้าหมาย จะฟื้นฟูค่าเวทย์ 8 แต้ม	ประเภท: ฟัน\n\nโจมตีเป้าหมายเดี่ยวในระยะใกล้ด้วยความคลั่ง ทำให้เกิดความเสียหาย $ADD_DAMMIPHYSICS โจมตีหนักกายภาพและโจมตีหนักเวทย์ + 230% และมีโอกาสโจมตีศัตรูให้ล้ม การใช้สกิลใน 6 วินาที ทุกครั้งที่มีการฟันหรือพุ่งชนเป้าหมาย จะฟื้นฟูค่าเวทย์ 8 แต้ม		ADD_DAMMIPHYSICS(1)(2.3)
40009	Bloody Wave	จะต้องใส่ดาบที่มือซ้ายและขวา\nฟื้นฟูพลังเวทย์: โจมตีเป้าหมาย 5 x อย่างแม่นยำ\nประเภท: ฟัน\n\nโจมตีเป้าหมายสูงสุด 8 คน ในระยะใกล้ ทำให้เกิดความเสียหายจาก $ADD_DAMPLUS_PHYSICS โจมตีหนักกายภาพและโจมตีหนักเวทย์ + 105% การโจมตีแม่นยำ 1 ครั้ง จะฟื้นฟูพลังเวทย์ 5 แต้ม และมีโอกาสเพิ่มสถานะเลือดไหล ทุกๆ 3 วินาทีจะเกิดความเสียหายจากโจมตีหนักกายภาพและโจมตีหนักเวทย์ 50% ต่อเนื่องเป็นเวลา 12 วินาที	ประเภท: ฟัน\n\nโจมตีเป้าหมายสูงสุด 8 คน ในระยะใกล้ ทำให้เกิดความเสียหายจาก $ADD_DAMPLUS_PHYSICS โจมตีหนักกายภาพและโจมตีหนักเวทย์ + 105% การโจมตีแม่นยำ 1 ครั้ง จะฟื้นฟูพลังเวทย์ 5 แต้ม และมีโอกาสเพิ่มสถานะเลือดไหล ทุกๆ 3 วินาทีจะเกิดความเสียหายจากโจมตีหนักกายภาพและโจมตีหนักเวทย์ 50% ต่อเนื่องเป็นเวลา 12 วินาที		ADD_DAMPLUS_PHYSICS(1)(1.05)
40010	Circle Rip	จะต้องใส่ดาบที่มือซ้ายและขวา\nทำให้เกิด Soul Gather: 1 ขั้น\nประเภท: ป้องกัน, ฟัน\n\nหลบและโจมตีกลับอย่างรวดเร็ว, ทำให้เป้าหมายเดี่ยวในระยะใกล้เกิดความเสียหายจาก $ADD_DAMMIPHYSICS โจมตีกายภาพ + 112% เมื่อโจมตีอัตราหลบหลีกเพิ่มขึ้น 20% เป็นเวลา 6 วินาที	ประเภท: ป้องกัน, ฟัน\n\nหลบและโจมตีกลับอย่างรวดเร็ว, ทำให้เป้าหมายเดี่ยวในระยะใกล้เกิดความเสียหายจาก $ADD_DAMMIPHYSICS โจมตีกายภาพ + 112% เมื่อโจมตีอัตราหลบหลีกเพิ่มขึ้น 20% เป็นเวลา 6 วินาที		ADD_DAMMIPHYSICS(1)(1.12)
40011	Bladestorm	จะต้องใส่ดาบที่มือซ้ายและขวา\nประเภท: ฟัน\n\nฟันต่อเนื่อง ทำให้เป้าหมายสูงสุด 5 คนได้รับความเสียหาย $ADD_DAMPLUS_PHYSICS โจมตีหนักกายภาพและโจมตีหนักเวทย์ + 90% และมีโอกาสในการทำให้ศัตรูล้มลง สามารถโจมตีได้ต่อเนื่องในขณะเคลื่อนที่\n\nมี Soul Gather 5 ขั้น เพิ่มบาดเจ็บ 33% เมื่อโจมตีอัตราหลบหลีกเพิ่มขึ้น 50%	ประเภท: ฟัน\n\nฟันต่อเนื่อง ทำให้เป้าหมายสูงสุด 5 คนได้รับความเสียหาย $ADD_DAMPLUS_PHYSICS โจมตีหนักกายภาพและโจมตีหนักเวทย์ + 90% และมีโอกาสในการทำให้ศัตรูล้มลง สามารถโจมตีได้ต่อเนื่องในขณะเคลื่อนที่\n\nมี Soul Gather 5 ขั้น เพิ่มบาดเจ็บ 33% เมื่อโจมตีอัตราหลบหลีกเพิ่มขึ้น 50%		ADD_DAMPLUS_PHYSICS(1)(0.9)
40012	Scythe Tornado	จะต้องใส่ดาบที่มือซ้ายและขวา\nทำให้เกิด Soul Gather: 1 ขั้น\nประเภท: ฟัน\n\nพุ่งโจมตีในระยะสั้น ทำให้เป้าหมายสูงสุด 5 คนเกิดความเสียหาย $ADD_DAMPLUS_PHYSICS โจมตีหนักกายภาพและโจมตีหนักเวทย์ + 100% และมีโอกาสโจมตีศัตรูให้ล้ม	ประเภท: ฟัน\n\nพุ่งโจมตีในระยะสั้น ทำให้เป้าหมายสูงสุด 5 คนเกิดความเสียหาย $ADD_DAMPLUS_PHYSICS โจมตีหนักกายภาพและโจมตีหนักเวทย์ + 100% และมีโอกาสโจมตีศัตรูให้ล้ม		ADD_DAMPLUS_PHYSICS(1)(1)
40013	Advanced Discipline Gladiator	การฝึกหนักขึ้นไปอีกก้าวของ Gladiator โจมตีกายภาพของท่าน+$ADD_DAMMIPHYSICS กายภาพทะลุเกราะ+$ADD_PENETRATE_PHYSICS\nไม่สามารถเรียนสกิลนอกเวลาได้	การฝึกหนักขึ้นไปอีกก้าวของ Gladiator โจมตีกายภาพของท่าน+$ADD_DAMMIPHYSICS กายภาพทะลุเกราะ+$ADD_PENETRATE_PHYSICS\nไม่สามารถเรียนสกิลนอกเวลาได้		ADD_DAMMIPHYSICS(1)(1);ADD_PENETRATE_PHYSICS(1)(1)
40014	Flying Kick Strike	จะต้องใส่ดาบที่มือซ้ายและขวา\nทำให้เกิด Soul Gather: 1 ขั้น\nประเภท: พุ่งโจมตี\n\nกระโดดเตะเป้าหมายเดี่ยวในระยะ 10 เมตร ทำให้เกิดความเสียหายจาก $ADD_DAMMIPHYSICS โจมตีกายภาพ+ 100% และมีโอกาสโจมตีศัตรูให้ล้ม	ประเภท: พุ่งโจมตี\n\nกระโดดเตะเป้าหมายเดี่ยวในระยะ 10 เมตร ทำให้เกิดความเสียหายจาก $ADD_DAMMIPHYSICS โจมตีกายภาพ+ 100% และมีโอกาสโจมตีศัตรูให้ล้ม		ADD_DAMMIPHYSICS(1)(1)
40015	Roughs Batter	จะต้องใส่ดาบที่มือซ้ายและขวา\nใช้ Soul Gather: 2 ขั้น\nประเภท: ฟัน, พุ่งโจมตี\n\nโจมตีเป้าหมายเดี่ยวในระยะ 5 เมตร 4 ครั้งต่อเนื่อง ทำให้เกิดความเสียหายจากกายภาพ $ADD_DAMMIPHYSICS + 190%, 140%, 110%, 360%	ประเภท: ฟัน, พุ่งโจมตี\n\nโจมตีเป้าหมายเดี่ยวในระยะ 5 เมตร 4 ครั้งต่อเนื่อง ทำให้เกิดความเสียหายจากกายภาพ $ADD_DAMMIPHYSICS + 190%, 140%, 110%, 360%		ADD_DAMMIPHYSICS(1)(1.9)
40016	Leap Assassinate	จะต้องใส่ดาบที่มือซ้ายและขวา\nประเภท: พุ่งโจมตี, โจมตีทะลุ\n\nฟันเป้าหมายเดี่ยวในระยะ 12 เมตร ทำให้เกิดความเสียหาย $ADD_DAMMIPHYSICS โจมตีกายภาพ + 150%\n\nโจมตีให้ล้มเลงทำให้ศัตรูได้รับความเสียหาย 2 เท่า	ประเภท: พุ่งโจมตี, โจมตีทะลุ\n\nฟันเป้าหมายเดี่ยวในระยะ 12 เมตร ทำให้เกิดความเสียหาย $ADD_DAMMIPHYSICS โจมตีกายภาพ + 150%\n\nโจมตีให้ล้มเลงทำให้ศัตรูได้รับความเสียหาย 2 เท่า		ADD_DAMMIPHYSICS(1)(1.5)
40017	Blast Gesture	จะต้องใส่ดาบที่มือซ้ายและขวา\nประเภท: ป้องกัน\n\nการป้องกันของลมจะเพิ่มค่าหลบ 6 วินาที อัตราหลบหลีกเพิ่มขึ้น 100% อัตราคริติคอลเพิ่มขึ้น 100% ความเร็วในการฟื้นฟูพลังเวทย์เพิ่มขึ้น $ADD_RECOVER_STAMINA แต่ถ้าทำการโจมตีประสิทธิผลนี้จะหายทันที	ประเภท: ป้องกัน\n\nการป้องกันของลมจะเพิ่มค่าหลบ 6 วินาที อัตราหลบหลีกเพิ่มขึ้น 100% อัตราคริติคอลเพิ่มขึ้น 100% ความเร็วในการฟื้นฟูพลังเวทย์เพิ่มขึ้น $ADD_RECOVER_STAMINA แต่ถ้าทำการโจมตีประสิทธิผลนี้จะหายทันที		ADD_RECOVER_STAMINA(1)(1)
40018	Skip Step	จะต้องใส่ดาบที่มือซ้ายและขวา\nฟื้นฟูพลังเวทย์: 30\nทำให้เกิด Soul Gather: 1 ขั้น\nประเภท: ป้องกัน\n\nโจมตีถอยหลัง 2 วินาที อัตราหลบหลีกเพิ่มขึ้น 100% และภายใน 5 วินาทีนี้อัตราหลบหลีกเพิ่มขึ้นอีก 20%	ประเภท: ป้องกัน\n\nโจมตีถอยหลัง 2 วินาที อัตราหลบหลีกเพิ่มขึ้น 100% และภายใน 5 วินาทีนี้อัตราหลบหลีกเพิ่มขึ้นอีก 20%		
40019	Breath Attention 	จะต้องใส่ดาบที่มือซ้ายและขวา\nใช้ Soul Gather: 1 ขั้น\nประเภท: ป้องกัน\n\nหลบหลีกการโจมตี 3 วินาที และฟื้นฟูพลังชีวิต 10%	ประเภท: ป้องกัน\n\nหลบหลีกการโจมตี 3 วินาที และฟื้นฟูพลังชีวิต 10%		
40020	Wake	จะต้องใส่ดาบที่มือซ้ายและขวา\nใช้ Soul Gather: 1 ขั้น\nประเภท: ป้องกัน\n\nในเวลา 12 วินาที เพิ่มโจมตีกายภาพและโจมตีเวทย์ $ADD_DAMMIPHYSICS, อัตราต้านมึนงงเพิ่มขึ้น 200%\n\n มีขั้น 3 Soul Gather อานุภาพเพิ่มขึ้น 25%\nมี Soul Gather ขั้น 4 อานุภาพเพิ่มขึ้น 50%\nมี Soul Gather ขั้น 5 อานุภาพเพิ่มขึ้น 75%	ประเภท: ป้องกัน\n\nในเวลา 12 วินาที เพิ่มโจมตีกายภาพและโจมตีเวทย์ $ADD_DAMMIPHYSICS, อัตราต้านมึนงงเพิ่มขึ้น 200%\n\n มีขั้น 3 Soul Gather อานุภาพเพิ่มขึ้น 25%\nมี Soul Gather ขั้น 4 อานุภาพเพิ่มขึ้น 50%\nมี Soul Gather ขั้น 5 อานุภาพเพิ่มขึ้น 75%		ADD_DAMMIPHYSICS(1)(1)
40021	Fighting Vitality	จะต้องใส่ดาบที่มือซ้ายและขวา\nทำให้เกิด Soul Gather: 1 ขั้น\nประเภท: ฟื้นฟู\n\nในระยะเวลา 15 วินาที เมื่อพุ่งโจมตี, โจมตีทะลุ, ฟันจะฟื้นฟูพลังเวทย์ 8 แต้ม	ประเภท: ฟื้นฟู\n\nในระยะเวลา 15 วินาที เมื่อพุ่งโจมตี, โจมตีทะลุ, ฟันจะฟื้นฟูพลังเวทย์ 8 แต้ม		
40022	Gladiator Senior Discipline	การฝึกขั้นสูงสุดของ Gladiator โจมตีกายภาพของท่าน+$ADD_DAMMIPHYSICS, กายภาพทะลุเกราะ+$ADD_PENETRATE_PHYSICS\nไม่สามารถเรียนสกิลนอกเวลาได้	การฝึกขั้นสูงสุดของ Gladiator โจมตีกายภาพของท่าน+$ADD_DAMMIPHYSICS, กายภาพทะลุเกราะ+$ADD_PENETRATE_PHYSICS\nไม่สามารถเรียนสกิลนอกเวลาได้		ADD_DAMMIPHYSICS(1)(1);ADD_PENETRATE_PHYSICS(1)(1)
40023	Fixing knife	จะต้องใส่ดาบที่มือซ้ายและขวา\nประเภท: โจมตีทะลุ\n\nปามีดบินใส่เป้าหมายในระยะ 15 เมตร เป้าหมายที่โดนโจมตีแม่นยำทำให้ความเร็วในการเคลื่อนที่ลดลง 480 เป็นเวลา 2 วินาที และทำให้เกิดความเสียหายจากโจมตีหนักเวทย์และโจมตีหนักกายภาพ $ADD_DAMPLUS_PHYSICS + 100%	ประเภท: โจมตีทะลุ\n\nปามีดบินใส่เป้าหมายในระยะ 15 เมตร เป้าหมายที่โดนโจมตีแม่นยำทำให้ความเร็วในการเคลื่อนที่ลดลง 480 เป็นเวลา 2 วินาที และทำให้เกิดความเสียหายจากโจมตีหนักเวทย์และโจมตีหนักกายภาพ $ADD_DAMPLUS_PHYSICS + 100%		ADD_DAMPLUS_PHYSICS(1)(1)
40024	Track of Blood	จะต้องใส่ดาบที่มือซ้ายและขวา\nประเภท: ฟัน\n\nโจมตีด้วยพลังของดาบไปข้างหน้า ทำให้ศัตรู 6 คนเกิดความเสียหาย $ADD_DAMPLUS_PHYSICS โจมตีหนักกายภาพและโจมตีหนักเวทย์ + 100%\n\nมี Soul Gather ขั้น 3: มีโอกาศ 50% ในการโจมตีให้ล้ม\nมี Soul Gather ขั้น 4: พลังทำลายเพิ่มขึ้น 20%, มีโอกาส 75% ในการโจมตีให้ล้ม\nมี Soul Gather ขั้น 5: พลังทำลายเพิ่มขึ้น 40%, มีโอกาส 100% ในการโจมตีให้ล้ม	ประเภท: ฟัน\n\nโจมตีด้วยพลังของดาบไปข้างหน้า ทำให้ศัตรู 6 คนเกิดความเสียหาย $ADD_DAMPLUS_PHYSICS โจมตีหนักกายภาพและโจมตีหนักเวทย์ + 100%\n\nมี Soul Gather ขั้น 3: มีโอกาศ 50% ในการโจมตีให้ล้ม\nมี Soul Gather ขั้น 4: พลังทำลายเพิ่มขึ้น 20%, มีโอกาส 75% ในการโจมตีให้ล้ม\nมี Soul Gather ขั้น 5: พลังทำลายเพิ่มขึ้น 40%, มีโอกาส 100% ในการโจมตีให้ล้ม		ADD_DAMPLUS_PHYSICS(1)(1)
40025	Elite Gladiator Discipline	การฝึกอันหนักหน่วงทำให้โจมตีกายภาพของท่าน +$ADD_DAMMIPHYSICS, กายภาพทะลุเกราะ+$ADD_PENETRATE_PHYSICS\nไม่สามารถเรียนสกิลนอกเวลาได้	การฝึกอันหนักหน่วงทำให้โจมตีกายภาพของท่าน +$ADD_DAMMIPHYSICS, กายภาพทะลุเกราะ+$ADD_PENETRATE_PHYSICS\nไม่สามารถเรียนสกิลนอกเวลาได้		ADD_DAMMIPHYSICS(1)(1);ADD_PENETRATE_PHYSICS(1)(1)
40250	Roughs Batter				
40251	Roughs Batter				
40252	Roughs Batter				
41000	Sharpshooter Basic Training	การฝึกพื้นฐานของ Sharpshooter ทำให้กายภาพทะลุเกราะของท่าน +$ADD_PENETRATE_PHYSICS อัตราคริติคอล+5% เพิ่มความแรงคริติคอล+0.15 อัตรามองข้ามการป้องกัน+1%\nไม่สามารถเรียนสกิลนอกเวลาได้	การฝึกพื้นฐานของ Sharpshooter ทำให้กายภาพทะลุเกราะของท่าน +$ADD_PENETRATE_PHYSICS อัตราคริติคอล+5% เพิ่มความแรงคริติคอล+0.15 อัตรามองข้ามการป้องกัน+1%\nไม่สามารถเรียนสกิลนอกเวลาได้		ADD_PENETRATE_PHYSICS(1)(1)
41001	Facial Shot	จะต้องใส่ปืนคู่\nประเภท: โจมตีทะลุ\n\nยิงเป้าหมายเดี่ยว ทำให้เกิดความเสียหาย $ADD_DAMMIPHYSICS โจมตีหนักกายภาพ + 140% และมีโอกาสโจมตีเป้าหมายให้ล้ม\n\nเมื่อเป้าหมายล้มลงจะเกิดความเสียหาย 200%	ประเภท: โจมตีทะลุ\n\nยิงเป้าหมายเดี่ยว ทำให้เกิดความเสียหาย $ADD_DAMMIPHYSICS โจมตีหนักกายภาพ + 140% และมีโอกาสโจมตีเป้าหมายให้ล้ม\n\nเมื่อเป้าหมายล้มลงจะเกิดความเสียหาย 200%		ADD_DAMMIPHYSICS(1)(1.4)
41002	Fire Extinguisher	จะต้องใส่ปืนคู่\nประเภท: โจมตีทะลุ\n\nยิงกราดรอบตัวโดนสูงสุด 5 คนในรัศมี 5.5 ทำให้เกิดความเสียหาย 6 ครั้ง $ADD_DAMMIPHYSICS โจมตีกายภาพ + 40%	ประเภท: โจมตีทะลุ\n\nยิงกราดรอบตัวโดนสูงสุด 5 คนในรัศมี 5.5 ทำให้เกิดความเสียหาย 6 ครั้ง $ADD_DAMMIPHYSICS โจมตีกายภาพ + 40%		ADD_DAMMIPHYSICS(1)(0.4)
41003	Accelerate	จะต้องใส่ปืนคู่\nฟื้นฟูพลังเวทย์: 24\nทำให้เกิด Soul Gather: 1 ขั้น\nประเภท: ป้องกัน\n\nในเวลา 5 วินาที เพิ่มความเร็วในการเคลื่อนที่ให้เพื่อนในทีม 300 หน่วย	ประเภท: ป้องกัน\n\nในเวลา 5 วินาที เพิ่มความเร็วในการเคลื่อนที่ให้เพื่อนในทีม 300 หน่วย		
41004	Deadly Aim	จะต้องใส่ปืนคู่\nฟื้นฟูพลังเวทย์: 12\nใช้ Soul Gather: 1 ขั้น\nประเภท: ไม่มี\n\nในเวลา 5 วินาที เพิ่มอัตราคริติคอลให้ตนเอง 100%	ประเภท: ไม่มี\n\nในเวลา 5 วินาที เพิ่มอัตราคริติคอลให้ตนเอง 100%		
41005	Bullet Run	จะต้องใส่ปืนคู่\nฟื้นฟูพลังเวทย์: 12\nใช้ Soul Gather: 1 ขั้น\nประเภท: ไม่มี\n\nในเวลา 5 วินาที เพิ่มคริติคอล 100%	ประเภท: ไม่มี\n\nในเวลา 5 วินาที เพิ่มคริติคอล 100%		
41006	Ballistics	จะต้องใส่ปืนคู่\nทำให้เกิด Soul Gather: 1 ขั้น\nประเภท: ไม่มี\n\nในเวลา 15 วินาที เพิ่มอัตราคริติคอลให้ตนเอง 25%	ประเภท: ไม่มี\n\nในเวลา 15 วินาที เพิ่มอัตราคริติคอลให้ตนเอง 25%		
41007	Advanced Discipline Sharpshooter	การฝึกหนักขึ้นไปอีกก้าวของ Sharpshooter ทำให้อัตราคริติคอลของท่าน+1%, เพิ่มความแรงคริติคอล+0.1\nไม่สามารถเรียนสกิลนอกเวลาได้	การฝึกหนักขึ้นไปอีกก้าวของ Sharpshooter ทำให้อัตราคริติคอลของท่าน+1%, เพิ่มความแรงคริติคอล+0.1\nไม่สามารถเรียนสกิลนอกเวลาได้		
41008	Defense Turret	จะต้องใส่ปืนคู่\nทำให้เกิด Soul Gather: 1 ขั้น\nประเภท: เรียก\n\nวาง Alert Weapon ไว้ด้านหน้าเป็นเวลา 30 วินาที สามารถโจมตีศัตรู	ประเภท: เรียก\n\nวาง Alert Weapon ไว้ด้านหน้าเป็นเวลา 30 วินาที สามารถโจมตีศัตรู		
41009	Explode Equipment	จะต้องใส่ปืนคู่\nใช้ Soul Gather: 1 ขั้น\nประเภท: เรียก\n\nวาง Explode Equipment ไว้ 30 วินาที เมื่อศัตรูผ่านในระยะ 10 เมตร จะเกิดการระเบิด เมื่อระบิดทำให้ศัตรู่ที่อยู่ในบริเวณ 5.5 เมตร เกิดความเสียหาย	ใช้ Soul Gather : 1 ขั้น\nประเภท: เรียก\n\nอยู่ในจุดที่เรียกออกมา 30 วินาที สร้างความเสียหายบริเวณ 10 เมตร จากนั้นจพระเบิดตัวเอง ทำความเสียหายในรัศมี 5.5 เมตร\n		
41010	Senior Discipline Sharpshooter	การฝึกขั้นสูงสุดของ Sharpshooter ทำให้อัตราคริติคอลของท่าน+1% เพิ่มความแรงคริติคอล+0.15\nไม่สามารถเรียนสกิลนอกเวลาได้	การฝึกขั้นสูงสุดของ Sharpshooter ทำให้อัตราคริติคอลของท่าน+1% เพิ่มความแรงคริติคอล+0.15\nไม่สามารถเรียนสกิลนอกเวลาได้		
41011	Front Actuarial Shooting	จะต้องใส่ปืนคู่\nฟื้นฟูพลังเวทย์: 4\nประเภท: โจมตีทะลุ\n\nยิงไปยังเป้าหมายที่เล็งไว้ ทำให้เกิดความเสียหาย $ADD_DAMMIPHYSICS โจมตีกายภาพ + 75%	ประเภท: โจมตีทะลุ\n\nยิงไปยังเป้าหมายที่เล็งไว้ ทำให้เกิดความเสียหาย $ADD_DAMMIPHYSICS โจมตีกายภาพ + 75%		ADD_DAMMIPHYSICS(1)(0.75)
41012	Plasma Bomb	จะต้องใส่ปืนคู่\nประเภท: โจมตีทะลุ, ไฟฟ้า\n\nยิงระเบิดไฟฟ้าใส่เป้าหมาย ทำให้เป้าหมายล้มลง และทำให้เกิดความเสียหาย $ADD_DAMPLUS_PHYSICS โจมตีหนักกายภาพและโจมตีหนักเวทย์ + 200%\n\nมี Soul Gather ขั้น 3 : ทำลายเพิ่มขึ้น 20%, โอกาสการโจมตีล้มเพิ่มขึ้น 10%\n\nมี Soul Gather ขั้น 4: ทำลายเพิ่มขึ้น 40%, โอกาสการโจมตีล้มเพิ่มขึ้น 20%\n\nมี Soul Gather ขั้น 5: ทำลายเพิ่มขึ้น75%, โอกาสการโจมตีล้มเพิ่มขึ้น 30%	ประเภท: โจมตีทะลุ, ไฟฟ้า\n\nยิงระเบิดไฟฟ้าใส่เป้าหมาย ทำให้เป้าหมายล้มลง และทำให้เกิดความเสียหาย $ADD_DAMPLUS_PHYSICS โจมตีหนักกายภาพและโจมตีหนักเวทย์ + 200%\n\nมี Soul Gather ขั้น 3 : ทำลายเพิ่มขึ้น 20%, โอกาสการโจมตีล้มเพิ่มขึ้น 10%\n\nมี Soul Gather ขั้น 4: ทำลายเพิ่มขึ้น 40%, โอกาสการโจมตีล้มเพิ่มขึ้น 20%\n\nมี Soul Gather ขั้น 5: ทำลายเพิ่มขึ้น75%, โอกาสการโจมตีล้มเพิ่มขึ้น 30%		ADD_DAMPLUS_PHYSICS(1)(2)
41013	Piercing Shot	จะต้องใส่ปืนคู่\nใช้ Soul Gather: 1 ขั้น\nประเภท: โจมตีทะลุ\n\nโจมตีต่อเนื่อง 8 ครั้ง แต่ละนัดทำให้เกิดความเสียหาย $ADD_DAMMIPHYSICS โจมตีกายภาพ + 65%	ประเภท: โจมตีทะลุ\n\nโจมตีต่อเนื่อง 8 ครั้ง แต่ละนัดทำให้เกิดความเสียหาย $ADD_DAMMIPHYSICS โจมตีกายภาพ + 65%		ADD_DAMMIPHYSICS(1)(0.65)
41014	Evade shooting	จะต้องใส่ปืนคู่\nทำให้เกิด Soul Gather: 1 ขั้น\nประเภท: ป้องกัน, โจมตีทะลุ\n\nกระโดดเพื่อหลบหลีกการโจมตี และยิงทำให้เกิดความเสียหาย $ADD_DAMMIPHYSICS 2 ครั้ง โจมตีกายภาพ + 108%	ประเภท: ป้องกัน, โจมตีทะลุ\n\nกระโดดเพื่อหลบหลีกการโจมตี และยิงทำให้เกิดความเสียหาย $ADD_DAMMIPHYSICS 2 ครั้ง โจมตีกายภาพ + 108%		ADD_DAMMIPHYSICS(1)(1.08)
41015	Excessive Loading Bombs	จะต้องใส่ปืนคู่\nฟื้นฟูพลังเวทย์: 12\nใช้ Soul Gather: 1 ขั้น\nประเภท: โจมตีทะลุ\n\nยิงต่อเนื่อง โจมตีเป้าหมายในระยะ 25 เมตร แต่ละนัดทำให้เกิดความเสียหาย $ADD_DAMMIPHYSICS โจมตีกายภาพ + 130% และมีโอกาสโจมตีศัตรูให้ล้มได้	ประเภท: โจมตีทะลุ\n\nยิงต่อเนื่อง โจมตีเป้าหมายในระยะ 25 เมตร แต่ละนัดทำให้เกิดความเสียหาย $ADD_DAMMIPHYSICS โจมตีกายภาพ + 130% และมีโอกาสโจมตีศัตรูให้ล้มได้		ADD_DAMMIPHYSICS(1)(1.3)
41016	Enchanting Bullet Etching	จะต้องใส่ปืนคู่\nทำให้เกิด Soul Gather: 1 ขั้น\nประเภท: พิษ, โจมตีทะลุ\n\nด้านในมีระเบิดEtching เมื่อโจมตีโดนจะทำให้เกิด $ADD_DAMMIPHYSICS โจมตีกายภาพ+ 125% และทำให้เกิดความเสียหายจากกายภาพ 50% ต่อเนื่อง 3 วินาที ลดความเร็วการเคลื่อนที่ 60 หน่วย เป็นเวลา 9 วินาที	ประเภท: พิษ, โจมตีทะลุ\n\nด้านในมีระเบิดEtching เมื่อโจมตีโดนจะทำให้เกิด $ADD_DAMMIPHYSICS โจมตีกายภาพ+ 125% และทำให้เกิดความเสียหายจากกายภาพ 50% ต่อเนื่อง 3 วินาที ลดความเร็วการเคลื่อนที่ 60 หน่วย เป็นเวลา 9 วินาที		ADD_DAMMIPHYSICS(1)(1.25)
41017	Burst Shooting	จะต้องใส่ปืนคู่\nใช้ Soul Gather : 1 ขั้น\nประเภท: โจมตีทะลุ, ระเบิด\n\nยิงกระสุนใส่เป้าหมายทำให้เกิดความเสียหายจากโจมตีกายภาพและโจมตีเวทย์ $ADD_DAMPLUS_PHYSICS + 40% เป้าหมายที่โดนยิงจะระเบิดจะลดความเร็วในการคลื่อนที่ 300 เป็นเวลา 2 วินาที และระเบิดทำให้เกิดความเสียหายจากโจมตีกายภาพและโจมตีเวทย์  260%และมีโอกาสโจมตีให้กระเด็น	ใช้ Soul Gather : 1 ขั้น\nประเภท: โจมตีทะลุ, ระเบิด\n\nยิงกระสุนใส่เป้าหมายทำให้เกิดความเสียหายจากโจมตีกายภาพและโจมตีเวทย์ $ADD_DAMPLUS_PHYSICS + 40% เป้าหมายที่โดนยิงจะระเบิดจะลดความเร็วในการคลื่อนที่ 300 เป็นเวลา 2 วินาที และระเบิดทำให้เกิดความเสียหายจากโจมตีกายภาพและโจมตีเวทย์  260%และมีโอกาสโจมตีให้กระเด็น\n		ADD_DAMPLUS_PHYSICS(1)(0.4);ADD_SPEED_RUN(2)(1)
41018	Massacre Fire	จะต้องใส่ปืนคู่\nใช้ Soul Gather: 3 ขั้น\nประเภท: ระเบิด, พลังความร้อน, โจมตีทะลุ\n\nยิงทำลายล้างพื้นที่เป้าหมาย ทำให้เกิดความเสียหาย $ADD_DAMPLUS_PHYSICS 10 ครั้ง โจมตีหนักกายภาพและโจมตีหนักเวทย์ + 120% ในขณะเดียวกันจะเรียกผู้ช่วยมายิงกราดใส่ศัตรูที่อยู่ในพื้นที่เป้าหมาย ทำให้เกิดความเสียหายโจมตีหนักกายภาพและโจมตีหนักเวทย์ 240% มีโอกาสโจมตีให้กระเด็น	ใช้ Soul Gather: 3 ขั้น\nประเภท: ระเบิด, พลังความร้อน, โจมตีทะลุ\n\nยิงทำลายล้างพื้นที่เป้าหมาย ทำให้เกิดความเสียหาย $ADD_DAMPLUS_PHYSICS 10 ครั้ง โจมตีหนักกายภาพและโจมตีหนักเวทย์ + 120% ในขณะเดียวกันจะเรียกผู้ช่วยมายิงกราดใส่ศัตรูที่อยู่ในพื้นที่เป้าหมาย ทำให้เกิดความเสียหายโจมตีหนักกายภาพและโจมตีหนักเวทย์ 240% มีโอกาสโจมตีให้กระเด็น\n		ADD_DAMPLUS_PHYSICS(1)(1.2)
41019	Smoke Grenade	จะต้องใส่ปืนคู่\nประเภท: พิษ, ป้องกัน\n\nปาระเบิดควันใส่เป้าหมายทำให้อัตราแม่นยำลดลง และทำให้เกิดความเสียหาย $ADD_DAMMIPHYSICS โจมตีกายภาพและโจมตีเวทย์ + 90%	ประเภท: พิษ, ป้องกัน\n\nปาระเบิดควันใส่เป้าหมายทำให้อัตราแม่นยำลดลง และทำให้เกิดความเสียหาย $ADD_DAMMIPHYSICS โจมตีกายภาพและโจมตีเวทย์ + 90%		ADD_DAMMIPHYSICS(1)(0.9)
41020	Frag Grenades	จะต้องใส่ปืนคู่\nประเภท: ระเบิด, พลังความร้อน\n\nปาระเบิดมือทำให้เป้าหมายในบริเวณสูงสุด 5 คนเกิดความเสียหาย $ADD_DAMPLUS_PHYSICS + โจมตีกายภาพและโจมตีหนักเวทย์ 100% และโจมตีให้ล้ม\n\nมีSoul Gather ขั้น 3: บาดเจ็บเพิ่มขึ้น 15% อัตราโจมตีล้มเพิ่มขึ้น 10%\n\nมีSoul Gather ขั้น 4: บาดเจ็บเพิ่มขึ้น 30%, เพิ่มอัตราโจมตีล้ม20%\n\nมีSoul Gather ขั้น 5: บาดเจ็บเพิ่มขึ้น50% อัตราโจมตีล้มเพิ่มขึ้น 30%	จะต้องใส่ปืนคู่\nประเภท: ระเบิด, พลังความร้อน\n\nปาระเบิดมือทำให้เป้าหมายในบริเวณสูงสุด 5 คนเกิดความเสียหาย $ADD_DAMPLUS_PHYSICS + โจมตีกายภาพและโจมตีหนักเวทย์ 100% และโจมตีให้ล้ม\n\nมีSoul Gather ขั้น 3: บาดเจ็บเพิ่มขึ้น 15% อัตราโจมตีล้มเพิ่มขึ้น 10%\n\nมีSoul Gather ขั้น 4: บาดเจ็บเพิ่มขึ้น 30%, เพิ่มอัตราโจมตีล้ม20%\n\nมีSoul Gather ขั้น 5: บาดเจ็บเพิ่มขึ้น50% อัตราโจมตีล้มเพิ่มขึ้น 30%\n		ADD_DAMPLUS_PHYSICS(1)(1)
41021	Suppressive Fire	จะต้องใส่ปืนคู่\nฟื้นฟูพลังเวทย์: โจมตีเป้าหมาย 5 x อย่างแม่นยำ\nใช้ Soul Gather: 1 ขั้น\nประเภท: โจมตีทะลุ\n\nยิงกราดไปข้างหน้าด้วยความเร็ว, และถอยหลังเล็กน้อยกระสุนแต่ละนัดทำให้เกิดความเสียหาย $ADD_DAMMIPHYSICS โจมตีกายภาพ + 78% และมีโอกาสทำให้ศัตรูหยุดโจมตี	ประเภท: โจมตีทะลุ\n\nยิงกราดไปข้างหน้าด้วยความเร็ว, และถอยหลังเล็กน้อยกระสุนแต่ละนัดทำให้เกิดความเสียหาย $ADD_DAMMIPHYSICS โจมตีกายภาพ + 78% และมีโอกาสทำให้ศัตรูหยุดโจมตี		ADD_DAMMIPHYSICS(1)(0.78)
41022	Mount Landmine	จะต้องใส่ปืนคู่\nฟื้นฟูพลังเวทย์: 12\nประเภท: ไม่มี\n\nปล่อยสายฟ้า ทำให้เกิดความเสียหายเป็นบริเวณกว้าง ทำให้ศัตรู 5 คน ได้รับความเสียหายจากโจมตีกายภาพ $ADD_DAMMIPHYSICS + 100% และลดความเร็วในการเคลื่อนที่ 300 เป็นเวลา 6 วินาที	ฟื้นฟูพลังเวทย์: 12\nประเภท: ไม่มี\n\nปล่อยสายฟ้า ทำให้เกิดความเสียหายเป็นบริเวณกว้าง ทำให้ศัตรู 5 คน ได้รับความเสียหายจากโจมตีกายภาพ $ADD_DAMMIPHYSICS + 100% และลดความเร็วในการเคลื่อนที่ 300 เป็นเวลา 6 วินาที\n		ADD_DAMMIPHYSICS(1)(1)
41023	Frost Landmine	จะต้องใส่ปืนคู่\nฟื้นฟู MP: 12\nประเภท: ไม่มี\n\n ปล่อย Mount Landmine เป้าหมาย 5 คนที่อยู่ในบริเวณจะได้รับความเสียหายจากโจมตีกายภาพ $ADD_DAMMIPHYSICS +100% และมีโอกาสโจมตีให้ล้ม	ฟื้นฟู MP: 12\nประเภท: ไม่มี\n\n ปล่อย Mount Landmine เป้าหมาย 5 คนที่อยู่ในบริเวณจะได้รับความเสียหายจากโจมตีกายภาพ $ADD_DAMMIPHYSICS +100% และมีโอกาสโจมตีให้ล้ม\n		ADD_DAMMIPHYSICS(1)(1)
41024	Chicken Nails	จะต้องใส่ปืนคู่\nประเภท: ไม่มี\n\nปล่อย Chicken Nails ทุกๆวินาทีทำให้ศัตรู 5 คน ได้รับความเสียหายจากกายภาพ $ADD_DAMMIPHYSICS + 30% เป็นเวลา 30 วินาที	ประเภท: ไม่มี\n\nปล่อย Chicken Nails ทุกๆวินาทีทำให้ศัตรู 5 คน ได้รับความเสียหายจากกายภาพ $ADD_DAMMIPHYSICS + 30% เป็นเวลา 30 วินาที\n		ADD_DAMMIPHYSICS(1)(0.3)
41025	Elite Discipline Sharpshooters	การฝึกอันหนักหน่วงทำให้อัตราคริติคอลของท่าน+1%, เพิ่มความแรงคริติคอล+0.2\nไม่สามารถเรียนสกิลนอกเวลาได้	การฝึกอันหนักหน่วงทำให้อัตราคริติคอลของท่าน+1%, เพิ่มความแรงคริติคอล+0.2\nไม่สามารถเรียนสกิลนอกเวลาได้		
42000	Stormherald Basic Training	การฝึกพื้นฐานของใช้ Soul Gather : 1 ขั้น ทำให้โจมตีเวทย์ของท่าน+$ADD_DAMMIMAGIC, ค่าคำสาป+5%, เวทย์ทะลุเกราะ+$ADD_PENETRATE_MAGIC, ค่าเวทย์สูงสุด+10\nไม่สามารถเรียนสกิลนอกเวลาได้	การฝึกพื้นฐานของ Agents of Storm ทำให้โจมตีเวทย์ของท่าน+$ADD_DAMMIMAGIC, ค่าคำสาป+5%, เวทย์ทะลุเกราะ+$ADD_PENETRATE_MAGIC, ค่าเวทย์สูงสุด+10\nไม่สามารถเรียนสกิลนอกเวลาได้		ADD_DAMMIMAGIC(1)(1);ADD_PENETRATE_MAGIC(1)(1)
42001	Electrostatic Field	จะต้องใส่หินแมกม่า\nประเภท: ไฟฟ้า\n\nปล่อยลูกไฟฟ้าลอยอยู่ในอากาศเป็นเวลา 30 วินาที โจมตีเป้าหมายให้กระเด็น ทำให้เกิดความเสียหาย $ADD_DAMMIMAGIC โจมตีเวทย์ + 118%	ประเภท: ไฟฟ้า\n\nปล่อยลูกไฟฟ้าลอยอยู่ในอากาศเป็นเวลา 30 วินาที โจมตีเป้าหมายให้กระเด็น ทำให้เกิดความเสียหาย $ADD_DAMMIMAGIC โจมตีเวทย์ + 118%		ADD_DAMMIMAGIC(1)(1.18)
42002	Lightning Raid	จะต้องใส่หินแมกม่า\nประเภท: ไฟฟ้า\n\nโจมตีสายฟ้าแรงสูงใส่เป้าหมายที่อยู่ในบริเวณสายฟ้าแต่ละเส้นจะทำให้เป้าหมายสูงสุด 6 คนที่อยู่ในบริเวณเกิดความเสียหายจาก $ADD_DAMMIMAGIC โจมตีเวทย์ + 80%\n\nใช้ Soul Gatherขั้น 1: สายฟ้า 5 ทาง\n\nใช้ Soul Gatherขั้น 2: สายฟ้า 8 ทาง\n\nใช้ Soul Gatherขั้น 3: สายฟ้า 12 ทาง	ประเภท: ไฟฟ้า\n\nโจมตีสายฟ้าแรงสูงใส่เป้าหมายที่อยู่ในบริเวณสายฟ้าแต่ละเส้นจะทำให้เป้าหมายสูงสุด 6 คนที่อยู่ในบริเวณเกิดความเสียหายจาก $ADD_DAMMIMAGIC โจมตีเวทย์ + 80%\n\nใช้ Soul Gatherขั้น 1: สายฟ้า 5 ทาง\n\nใช้ Soul Gatherขั้น 2: สายฟ้า 8 ทาง\n\nใช้ Soul Gatherขั้น 3: สายฟ้า 12 ทาง		ADD_DAMMIMAGIC(1)(0.8)
42003	Lightning Barrier	จะต้องใส่หินแมกม่า\nใช้ Soul Gather: 1 ขั้น\nประเภท: ไฟฟ้า\n\nสร้างเกราะไฟฟ้า ทำให้เป้าหมายที่เข้ามาใกล้เกิดความเสียหายจาก $ADD_DAMMIMAGIC โจมตีเวทย์ + 45%	ประเภท: ไฟฟ้า\n\nสร้างเกราะไฟฟ้า ทำให้เป้าหมายที่เข้ามาใกล้เกิดความเสียหายจาก $ADD_DAMMIMAGIC โจมตีเวทย์ + 45%		ADD_DAMMIMAGIC(1)(0.45)
42004	Advanced Discipline Stormherald	การฝึกหนักขึ้นไปอีกก้าวของ Agents of Storm ทำให้โจมตีเวทย์ของท่าน+$ADD_DAMMIMAGIC เวทย์ทะลุเกราะ+$ADD_PENETRATE_MAGIC\nไม่สามารถเรียนสกิลนอกเวลาได้	การฝึกหนักขึ้นไปอีกก้าวของ Agents of Storm ทำให้โจมตีเวทย์ของท่าน+$ADD_DAMMIMAGIC เวทย์ทะลุเกราะ+$ADD_PENETRATE_MAGIC\nไม่สามารถเรียนสกิลนอกเวลาได้		ADD_DAMMIMAGIC(1)(1);ADD_PENETRATE_MAGIC(1)(1)
42005	Power Armor	จะต้องใส่หินแมกม่า\nทำให้เกิด Soul Gather: 1 ขั้น\nประเภท: ไฟฟ้า\n\nสร้างเกราะไฟฟ้าสามารถป้องกันการโจมตีรูปแบบการฟัน พุ่งโจมตี และเมื่อโมตีจะทำให้เกิดความเสียหายจาก $ADD_DAMMIMAGIC โจมตีเวทย์รูปแบบสายฟ้า + 30% และเพิ่มพลังเวทย์ให้ตนเอง เป็นเวลา 3 นาที	ประเภท: ไฟฟ้า\n\nสร้างเกราะไฟฟ้าสามารถป้องกันการโจมตีรูปแบบการฟัน พุ่งโจมตี และเมื่อโมตีจะทำให้เกิดความเสียหายจาก $ADD_DAMMIMAGIC โจมตีเวทย์รูปแบบสายฟ้า + 30% และเพิ่มพลังเวทย์ให้ตนเอง เป็นเวลา 3 นาที		ADD_DAMMIMAGIC(1)(0.3)
42006	Lightning Dominated	จะต้องใส่หินแมกม่า\nประเภท: ไม่มี\n\nในเวลา 15 วินาที เมื่อโจมตีสายฟ้า จะเพิ่มพลังสายฟ้า $ADD_DAMMIMAGIC โจมตีเวทย์ + 150% และยืดประสิทธิผล จะปล่อยทุกๆ 3 วินาที	ประเภท: ไม่มี\n\nในเวลา 15 วินาที เมื่อโจมตีสายฟ้า จะเพิ่มพลังสายฟ้า $ADD_DAMMIMAGIC โจมตีเวทย์ + 150% และยืดประสิทธิผล จะปล่อยทุกๆ 3 วินาที		ADD_DAMMIMAGIC(1)(1.5)
42007	Typhoon Collapse	จะต้องใส่หินแมกม่า\nประเภท: ระเบิด, ไฟฟ้า\n\nปล่อยพายุสายฟ้า ทำให้เป้าหมายสูงสุด 10 คนเกิดความเสียหายจากเวทย์ $ADD_DAMMIMAGIC 16 ครั้ง + 100% และมีโอกาสทำให้ลอยไปในอากาศ	ประเภท: ระเบิด, ไฟฟ้า\n\nปล่อยพายุสายฟ้า ทำให้เป้าหมายสูงสุด 10 คนเกิดความเสียหายจากเวทย์ $ADD_DAMMIMAGIC 16 ครั้ง + 100% และมีโอกาสทำให้ลอยไปในอากาศ\n		ADD_DAMMIMAGIC(1)(1)
42008	Lightning Ball	จะต้องใส่หินแมกม่า\nประเภท: ไฟฟ้า\n\nยิงลูกไฟฟ้าโจมตีศัตรูที่อยู่ในเส้นทางเมื่อยิงต่อเนื่องจะมีการเปลี่ยนแปลง\n\nขั้นที่ 1: สายฟ้าทำให้เกิดความเสียหาย $ADD_DAMMIMAGIC โจมตีเวทย์ + 100%\n\nขั้นที่ 2: สายฟ้า 3 ลูกทำให้เกิดความเสียหายจากโจมตีเวทย์ 100%, 60%, 35%\n\nขั้นที่ 3: ลูกไฟฟ้าที่แข็งแกร่ง ทำให้ศัตรู 3 คนที่อยู่ในเส้นทางได้รับความเสียหายจากโจมตีเวทย์ 250%	ประเภท: ไฟฟ้า\n\nยิงลูกไฟฟ้าโจมตีศัตรูที่อยู่ในเส้นทางเมื่อยิงต่อเนื่องจะมีการเปลี่ยนแปลง\n\nขั้นที่ 1: สายฟ้าทำให้เกิดความเสียหาย $ADD_DAMMIMAGIC โจมตีเวทย์ + 100%\n\nขั้นที่ 2: สายฟ้า 3 ลูกทำให้เกิดความเสียหายจากโจมตีเวทย์ 100%, 60%, 35%\n\nขั้นที่ 3: ลูกไฟฟ้าที่แข็งแกร่ง ทำให้ศัตรู 3 คนที่อยู่ในเส้นทางได้รับความเสียหายจากโจมตีเวทย์ 250%		ADD_DAMMIMAGIC(1)(1)
42009	Electrostatic Wound	จะต้องใส่หินแมกม่า\nทำให้เกิด Soul Gather: 1 ขั้น\nประเภท: ไฟฟ้า\n\nทำให้เป้าหมายช็อต ลดป้องกันเวทย์ อัตราต้านมึนงง และให้มำเกิดความเสียหาย $ADD_DAMMIMAGICทุกๆ 3 วินาที โจมตีเวทย์ + 50%\n\nสามารถเพิ่มความแรงให้กับท่าพุ่งชนได้ ทำให้เป้าหมายได้รับความเสียหายมากขึ้น	ประเภท: ไฟฟ้า\n\nทำให้เป้าหมายช็อต ลดป้องกันเวทย์ อัตราต้านมึนงง และให้มำเกิดความเสียหาย $ADD_DAMMIMAGICทุกๆ 3 วินาที โจมตีเวทย์ + 50%\n\nสามารถเพิ่มความแรงให้กับท่าพุ่งชนได้ ทำให้เป้าหมายได้รับความเสียหายมากขึ้น		ADD_DAMMIMAGIC(1)(0.5)
42010	 Ice Wound 	จะต้องใส่หินแมกม่า\nทำให้เกิด Soul Gather: 1 ขั้น\nประเภท: เยือกแข็ง\n\nทำให้เป้าหมายเยือกแข็ง ลดโจมตีกาย ป้องกันกายภาพ และความเร็วในการเคลื่อนที่ของศัตรู ทำให้เกิดความเสียหาย $ADD_DAMPLUS_MAGIC ทุกๆ 3 วินาที โจมตีหนักกายภาพและโจมตีหนักเวทย์ + 80%\n\nสามารถเพิ่มความแรงให้กับท่าพุ่งชนได้ ทำให้เป้าหมายได้รับความเสียหายมากขึ้น	ประเภท: เยือกแข็ง\n\nทำให้เป้าหมายเยือกแข็ง ลดโจมตีกาย ป้องกันกายภาพ และความเร็วในการเคลื่อนที่ของศัตรู ทำให้เกิดความเสียหาย $ADD_DAMPLUS_MAGIC ทุกๆ 3 วินาที โจมตีหนักกายภาพและโจมตีหนักเวทย์ + 80%\n\nสามารถเพิ่มความแรงให้กับท่าพุ่งชนได้ ทำให้เป้าหมายได้รับความเสียหายมากขึ้น		ADD_DAMPLUS_MAGIC(1)(0.8)
42011	Track Bulb	จะต้องใส่หินแมกม่า\nประเภท: ไฟฟ้า\n\nปล่อยลูกไฟฟ้าติดตาม 3 ลูก โจมตีเป้าหมาย แต่ละลูกทำให้เกิดความเสียหาย $ADD_DAMMIMAGIC โจมตีเวทย์ + 70%\n\nหากมี Soul Gather ขั้น 3 สามารถยิงลูกไฟฟ้าได้ 5 ลูก	ประเภท: ไฟฟ้า\n\nปล่อยลูกไฟฟ้าติดตาม 3 ลูก โจมตีเป้าหมาย แต่ละลูกทำให้เกิดความเสียหาย $ADD_DAMMIMAGIC โจมตีเวทย์ + 70%\n\nหากมี Soul Gather ขั้น 3 สามารถยิงลูกไฟฟ้าได้ 5 ลูก		ADD_DAMMIMAGIC(1)(0.7)
42012	Oriented Tornado	จะต้องใส่หินแมกม่า\nประเภท: ไม่มี\n\nเรียกพายุล้อมรอบบริเวณ ทำให้ศัตรูไม่สามารถเคลื่อนทีท่ได้ 30 วินาที เมื่อศัตรูโดนโจมตีจะไม่สามารถต่อสู้ได้\n\nมีผล 5 วินาที	ประเภท: ไม่มี\n\nเรียกพายุล้อมรอบบริเวณ ทำให้ศัตรูไม่สามารถเคลื่อนทีท่ได้ 30 วินาที เมื่อศัตรูโดนโจมตีจะไม่สามารถต่อสู้ได้\n\nมีผล 5 วินาที		
42013	Frost Bomb	จะต้องใส่หินแมกม่า\nฟื้นฟูพลังเวทย์: 5\nประเภท: เยือกแข็ง\n\nลดอุณหภูมิที่อยู่รอบๆตัวศัตรู ทำให้เกิดความเสียหาย $ADD_DAMMIMAGIC โจมตีเวทย์ + 80%	ประเภท: เยือกแข็ง\n\nลดอุณหภูมิที่อยู่รอบๆตัวศัตรู ทำให้เกิดความเสียหาย $ADD_DAMMIMAGIC โจมตีเวทย์ + 80%		ADD_DAMMIMAGIC(1)(0.8)
42014	Lightning Strike	จะต้องใส่หินแมกม่า\nฟื้นฟูพลังเวทย์: 8(12)\nประเภท: ไฟฟ้า\n\nปล่อยสายฟ้าลงมารอบๆตัวศัตรู สายฟ้าแต่ละเส้นที่ปล่อยลงมา สามารถโจมตีเป้าหมายได้ 6 คน ทำให้เกิดความเสียหาย $ADD_DAMMIMAGIC โจมตีเวทย์ + 156%\n\nใช้ Soul Gatherขั้น 1: สายฟ้า 3 ทาง และฟื้นฟูพลังเวทย์ 12 แต้ม	ประเภท: ไฟฟ้า\n\nปล่อยสายฟ้าลงมารอบๆตัวศัตรู สายฟ้าแต่ละเส้นที่ปล่อยลงมา สามารถโจมตีเป้าหมายได้ 6 คน ทำให้เกิดความเสียหาย $ADD_DAMMIMAGIC โจมตีเวทย์ + 156%\n\nใช้ Soul Gatherขั้น 1: สายฟ้า 3 ทาง และฟื้นฟูพลังเวทย์ 12 แต้ม		ADD_DAMMIMAGIC(1)(1.56)
42015	Energy Absorb	จะต้องใส่หินแมกม่า\nฟื้นฟูพลังเวทย์: 12\nประเภท: ไม่มี\n\nปล่อยลูกบอลพลังงาน ลูกบอลพลังงานนี้จะอยู่ได้ 10 วินาที ทำให้เพื่อนในทีมได้รับ Soul Gather	ประเภท: ไม่มี\n\nปล่อยลูกบอลพลังงาน ลูกบอลพลังงานนี้จะอยู่ได้ 10 วินาที ทำให้เพื่อนในทีมได้รับ Soul Gather		
42016	Senior Discipline Stormherald	การฝึกขั้นสูงสุดของ Agents of Storm ทำให้โจมตีเวทย์ของท่าน+$ADD_DAMMIMAGIC เวทย์ทะลุเกราะ+$ADD_PENETRATE_MAGIC\nไม่สามารถเรียนสกิลนอกเวลาได้	การฝึกขั้นสูงสุดของ Agents of Storm ทำให้โจมตีเวทย์ของท่าน+$ADD_DAMMIMAGIC เวทย์ทะลุเกราะ+$ADD_PENETRATE_MAGIC\nไม่สามารถเรียนสกิลนอกเวลาได้\n		ADD_DAMMIMAGIC(1)(1);ADD_PENETRATE_MAGIC(1)(1)
42017	Plasma Ball	จะต้องใส่หินแมกม่า\nประเภท: ไฟฟ้า\n\nปล่อยลูกบอลพลังงาน ลูกบอลพลังงานนี้จะอยู่ได้ 10 วินาที ทำให้เพื่อนในทีมได้รับ Soul Gather $ADD_DAMMIMAGIC โจมตีเวทย์ + 203% และมีโอกาสโจมตีให้กระเด็น	ประเภท: ไฟฟ้า\n\nปล่อยลูกบอลพลังงาน ลูกบอลพลังงานนี้จะอยู่ได้ 10 วินาที ทำให้เพื่อนในทีมได้รับ Soul Gather $ADD_DAMMIMAGIC โจมตีเวทย์ + 203% และมีโอกาสโจมตีให้กระเด็น		ADD_DAMMIMAGIC(1)(2.03)
42018	Frost Core	จะต้องใส่หินแมกม่า\nประเภท: เยือกแข็ง\n\nสร้าง Frost Core ตรงพื้นที่เป้าหมาย เมื่อศตรูวิ่งมาชนFrost Coreจะทำให้หิมะตกที่พื้นที่ตรงนั้นทำให้เป้าหมายสูงสุด 6 คน ได้รับความเสียหาย $ADD_DAMMIMAGIC โจมตีเวทย์ + 162%	ประเภท: เยือกแข็ง\n\nสร้าง Frost Core ตรงพื้นที่เป้าหมาย เมื่อศตรูวิ่งมาชนFrost Coreจะทำให้หิมะตกที่พื้นที่ตรงนั้นทำให้เป้าหมายสูงสุด 6 คน ได้รับความเสียหาย $ADD_DAMMIMAGIC โจมตีเวทย์ + 162%		ADD_DAMMIMAGIC(1)(1.62)
42019	Hurricane Gravity	จะต้องใส่หินแมกม่า\nใช้ Soul Gather: 1 ขั้น\nประเภท: ระเบิด\n\nสร้างพายุหมุนในบริเวณที่กำหนด ดูดเป้าหมาย 8 คนเข้ามาที่ใจกลางพายุ และเกิดความเสียหาย $ADD_DAMPLUS_MAGIC 10 ครั้ง โจมตีหนักเวทย์และโจมตีหนักกายภาพ + 30%	ประเภท: ระเบิด\n\nสร้างพายุหมุนในบริเวณที่กำหนด ดูดเป้าหมาย 8 คนเข้ามาที่ใจกลางพายุ และเกิดความเสียหาย $ADD_DAMPLUS_MAGIC 10 ครั้ง โจมตีหนักเวทย์และโจมตีหนักกายภาพ + 30%		ADD_DAMPLUS_MAGIC(1)(0.3);ADD_DAMMIPHYSICS(1)(0.3)
42020	Lightning Fury	จะต้องใส่หินแมกม่า\nใช้ Soul Gather: 5 ขั้น\nประเภท: ไฟฟ้า\n\nเรียกพายุคลั่งมาล้อมรอบเป้าหมายในระยะ 9 เมตร ทำให้เป้าหมายสูงสุด 15 คน ก่อให้เกิดสายฟ้าฟาด 10 ทาง แต่ละสายทำให้เกิดความเสียหาย $ADD_DAMMIMAGIC โจมตีเวทย์ + 150%	ประเภท: ไฟฟ้า\n\nเรียกพายุคลั่งมาล้อมรอบเป้าหมายในระยะ 9 เมตร ทำให้เป้าหมายสูงสุด 15 คน ก่อให้เกิดสายฟ้าฟาด 10 ทาง แต่ละสายทำให้เกิดความเสียหาย $ADD_DAMMIMAGIC โจมตีเวทย์ + 150%		ADD_DAMMIMAGIC(1)(1.5)
42021	Snow Judgment	จะต้องใส่หินแมกม่า\nใช้ Soul Gather : 3 ขั้น\nประเภท: เยือกแข็ง\n\nเรียกแก่นน้ำแข็งทำให้เกิดเยือกแข็ง ลดความเร็วในการเคลื่อนที่ 180 หน่วย และทำให้ศัตรู 15 คนในรัศมี เกิดความเสียหายจากเวทย์และกายภาพ $ADD_DAMPLUS_MAGIC + 500%	ใช้ Soul Gather : 3 ขั้น\nประเภท: เยือกแข็ง\n\nเรียกแก่นน้ำแข็งทำให้เกิดเยือกแข็ง ลดความเร็วในการเคลื่อนที่ 180 หน่วย และทำให้ศัตรู 15 คนในรัศมี เกิดความเสียหายจากเวทย์และกายภาพ $ADD_DAMPLUS_MAGIC + 500%\n		ADD_DAMPLUS_MAGIC(1)(5)
42022	Thunder	จะต้องใส่หินแมกม่า\nฟื้นฟูพลังเวทย์: 30\nใช้ Soul Gather: 1 ขั้น\nประเภท: ไฟฟ้า\n\nยิงลูกไฟฟ้าไปด้านหน้า แต่ละลูกสร้างความเสียหาย $ADD_DAMMIMAGIC โจมตีเวทย์ + 60%	ประเภท: ไฟฟ้า\n\nยิงลูกไฟฟ้าไปด้านหน้า แต่ละลูกสร้างความเสียหาย $ADD_DAMMIMAGIC โจมตีเวทย์ + 60%		ADD_DAMMIMAGIC(1)(0.6)
42023	Ice Armor	จะต้องใส่หินแมกม่า\nทำให้เกิด Soul Gather: 1 ขั้น\nประเภท: เยือกแข็ง\n\nสร้าง Ice Wound รอบตัว เพิ่มป้องกันกายภาพและป้องกันเวทย์ เมื่อโดนโมตีจะทำให้เป้าหมายสูงสุด 3 คนที่อยู่ในรัศมี 2.5 เมตรเกิดความเสียหาย $ADD_DAMPLUS_MAGIC โจมตีหนักเวทย์และโจมตีหนักกายภาพ + 50% และลดความเร็ว	ประเภท: เยือกแข็ง\n\nสร้าง Ice Wound รอบตัว เพิ่มป้องกันกายภาพและป้องกันเวทย์ เมื่อโดนโมตีจะทำให้เป้าหมายสูงสุด 3 คนที่อยู่ในรัศมี 2.5 เมตรเกิดความเสียหาย $ADD_DAMPLUS_MAGIC โจมตีหนักเวทย์และโจมตีหนักกายภาพ + 50% และลดความเร็ว		ADD_DAMPLUS_MAGIC(1)(0.5)
42024	Storm Armor	จะต้องใส่หินแมกม่า\nทำให้เกิด Soul Gather: 1 ขั้น\nประเภท: ระเบิด\n\nใช้พายุพรางตัว เพิ่มอัตราหลบหลีก 10% เมื่อโดนโจมตีจะทำให้เป้าหมายสูงสุด 3 คนในรัศมี 2.5 เมตร เกิดความเสียหาย $ADD_DAMPLUS_MAGIC โจมตีหนักเวทย์และโจมตีหนักกายภาพ+ 50% และมีโอกาสโจมตีให้กระเด็น	ประเภท: ระเบิด\n\nใช้พายุพรางตัว เพิ่มอัตราหลบหลีก 10% เมื่อโดนโจมตีจะทำให้เป้าหมายสูงสุด 3 คนในรัศมี 2.5 เมตร เกิดความเสียหาย $ADD_DAMPLUS_MAGIC โจมตีหนักเวทย์และโจมตีหนักกายภาพ+ 50% และมีโอกาสโจมตีให้กระเด็น		ADD_DAMPLUS_MAGIC(1)(0.5)
42025	Elite Discipline Stormherald	การฝึกอันหนักหน่วงทำให้โจมตีเวทย์ของท่าน +$ADD_DAMMIMAGIC เวทย์ทะลุเกราะ+$ADD_PENETRATE_MAGIC\nไม่สามารถเรียนสกิลนอกเวลาได้	การฝึกอันหนักหน่วงทำให้โจมตีเวทย์ของท่าน +$ADD_DAMMIMAGIC เวทย์ทะลุเกราะ+$ADD_PENETRATE_MAGIC\nไม่สามารถเรียนสกิลนอกเวลาได้\n		ADD_DAMMIMAGIC(1)(1);ADD_PENETRATE_MAGIC(1)(1)
42026	Frozen Orb	จะต้องใส่หินแมกม่า\nใช้ Soul Gather: 1 ขั้น\nประเภท: เยือกแข็ง\n\nยิงลูกน้ำแข็งไล่โจมตีเป้าหมาย , น้ำแข็งจะแตกออกเป็น 8 อัน และไล่โจมตีเป้าหมาย แต่ละดอกสร้างความเสียหายจาก $ADD_DAMPLUS_MAGIC โจมตีหนักเวทย์และโจมตีหนักกายภาพ + 70% เมื่อโจมตีโดนจะทำให้เป้าหมายที่อู่รอบๆลดความเร็ว	ประเภท: เยือกแข็ง\n\nยิงลูกน้ำแข็งไล่โจมตีเป้าหมาย , น้ำแข็งจะแตกออกเป็น 8 อัน และไล่โจมตีเป้าหมาย แต่ละดอกสร้างความเสียหายจาก $ADD_DAMPLUS_MAGIC โจมตีหนักเวทย์และโจมตีหนักกายภาพ + 70% เมื่อโจมตีโดนจะทำให้เป้าหมายที่อู่รอบๆลดความเร็ว		ADD_DAMPLUS_MAGIC(1)(0.7)
43000	Imperial Knights Basic Training	การฝึกพื้นฐานของKnightทำให้ป้องกันเวทย์ของท่าน +$ADD_AC_PHYSICS ต้านค่ามึนงง+10% พลังชีวิตสูงสุด+$ADD_HPMAX โจมตีหนักกายภาพ+$ADD_DAMPLUS_PHYSICS\nไม่สามารถเรียนสกิลนอกเวลาได้	การฝึกพื้นฐานของKnightทำให้ป้องกันเวทย์ของท่าน +$ADD_AC_PHYSICS ต้านค่ามึนงง+10% พลังชีวิตสูงสุด+$ADD_HPMAX โจมตีหนักกายภาพ+$ADD_DAMPLUS_PHYSICS\nไม่สามารถเรียนสกิลนอกเวลาได้		ADD_AC_PHYSICS(1)(1);ADD_HPMAX(1)(1);ADD_DAMPLUS_PHYSICS(1)(1)
43001	Thunderclap	จะต้องใส่ค้อนและโล่\nทำให้เกิด Soul Gather: 1 ขั้น\nประเภท: พุ่งโจมตี\n\nกระโดดไปยังเป้าหมาย โจมตีเป้าหมาย 5 คนด้วยโล่ ทำให้เกิดความสียหาย $ADD_DAMPLUS_PHYSICS โจมตีหนักเวทย์และโจมตีหนักกายภาพ + 200% และลดความเร็วศัตรูเป็นเวลา 3 วินาที	ประเภท: พุ่งโจมตี\n\nกระโดดไปยังเป้าหมาย โจมตีเป้าหมาย 5 คนด้วยโล่ ทำให้เกิดความสียหาย $ADD_DAMPLUS_PHYSICS โจมตีหนักเวทย์และโจมตีหนักกายภาพ + 200% และลดความเร็วศัตรูเป็นเวลา 3 วินาที		ADD_DAMPLUS_PHYSICS(1)(2)
43002	Parry	จะต้องใส่ค้อนและโล่\nทำให้เกิด Soul Gather : 1 ขั้น\nฟื้นฟูค่ากำลัง: 5 x จำนวนที่โดนโจมตี\nประเภท: ป้องกัน\n\nใช้โล่ป้องกัน เพิ่มการป้องกัน 100% ลดพลังทำลาย  30% เพิ่มต้านทาน $ADD_ABSORB_SHIELD เป็นเวลา 6 วินาที ในระยะเวลาป้องกันจะฟื้นฟุค่าเวทย์ 5 แต้ม สามาถต้านโจมตีได้ 10 ครั้ง\n\nสกิลคอมโบ: หากโดนโจมตี จะพุ่งชนไปด้านหน้า ทำให้เป้าหมายเกิดความเสียหายจากโจมตีกายภาพ 100% และได้รับการเพิ่มพลังป้องกัน	ทำให้เกิด Soul Gather : 1 ขั้น\nฟื้นฟูค่ากำลัง: 5 x จำนวนที่โดนโจมตี\nประเภท: ป้องกัน\n\nใช้โล่ป้องกัน เพิ่มการป้องกัน 100% ลดพลังทำลาย  30% เพิ่มต้านทาน $ADD_ABSORB_SHIELD เป็นเวลา 6 วินาที ในระยะเวลาป้องกันจะฟื้นฟุค่าเวทย์ 5 แต้ม สามาถต้านโจมตีได้ 10 ครั้ง\n\nสกิลคอมโบ: หากโดนโจมตี จะพุ่งชนไปด้านหน้า ทำให้เป้าหมายเกิดความเสียหายจากโจมตีกายภาพ 100% และได้รับการเพิ่มพลังป้องกัน\n		ADD_ABSORB_SHIELD(2)(1)
43003	Struggling Maul	จะต้องใส่ค้อนและโล่\nฟื้นฟู MP: 4, 3, 5\nประเภท: พุ่งชน\n\nบรรเลงเพลงยุทธโจมตี 3 รอบทำให้เป้าหมายได้รับความเสียหาย $ADD_DAMMIPHYSICS  80% บาดเจ็บ 110% และความเสียหายภายในบริเวณ 90% และได้รับพลังโจมตีเพิ่มขึ้น	ฟื้นฟู MP: 4, 3, 5\nประเภท: พุ่งชน\n\nบรรเลงเพลงยุทธโจมตี 3 รอบทำให้เป้าหมายได้รับความเสียหาย $ADD_DAMMIPHYSICS  80% บาดเจ็บ 110% และความเสียหายภายในบริเวณ 90% และได้รับพลังโจมตีเพิ่มขึ้น\n		ADD_DAMMIPHYSICS(1)(0.8)
43004	Enchant Weapon	จะต้องใส่ค้อนและโล่\nทำให้เกิดSoul Gather: 1 ขั้น\nประเภท: ไม่มี\n\nทำให้พลังสายฟ้าเพิ่มพลังอาวุธ เพิ่มอัตราคริติคอล 5% และพลังโจมตี $ADD_DAMMIPHYSICS และทำให้เป้าหมาย 3 คนเกิดความเสียหาย 50% จากโจมตีกายภาพและโจมตีเวทย์ สามารถป่ลอยได้ 5 ครั้ง 3 วินาทีปล่อย 1 ครั้ง	จะต้องใส่ค้อนและโล่\nทำให้เกิด Soul Gather: 1 ขั้น\nประเภท: ไม่มี\n\nทำให้พลังสายฟ้าเพิ่มพลังอาวุธ เพิ่มอัตราคริติคอล 5% และพลังโจมตี $ADD_DAMMIPHYSICS และทำให้เป้าหมาย 3 คนเกิดความเสียหาย 50% จากโจมตีกายภาพและโจมตีเวทย์ สามารถป่ลอยได้ 5 ครั้ง 3 วินาทีปล่อย 1 ครั้ง\n		ADD_DAMMIPHYSICS(1)(1)
43005	Crushed Earth	จะต้องใส่ค้อนและโล่\nใช้ Soul Gather: 1 ขั้น\nประเภท: พุ่งโจมตี, ระเบิด\n\nใช้ค้อนทุบพื้นให้แหลก ทำให้เกิดความเสียหาย ทำให้เป้าหมายสูงสุด 8 คน ในรัศมี 5 เมตรเกิดความเสียหายจาก โจมตีกายภาพ $ADD_DAMMIPHYSICS โจมตีกายภาพ + 180% เพิ่มเลเวลยั่งยุ 1 เลเวล และทำให้เป้าหมายในระยะ 7 เมตรลดความเร็วเป็นเวลา 3 วินาที\n\nยั่วยุ: เป้าหมายจะโจมตีตัวละครที่มีเลเวลการยั่วยุสูงสุด	ประเภท: พุ่งโจมตี, ระเบิด\n\nใช้ค้อนทุบพื้นให้แหลก ทำให้เกิดความเสียหาย ทำให้เป้าหมายสูงสุด 8 คน ในรัศมี 5 เมตรเกิดความเสียหายจาก โจมตีกายภาพ $ADD_DAMMIPHYSICS โจมตีกายภาพ + 180% เพิ่มเลเวลยั่งยุ 1 เลเวล และทำให้เป้าหมายในระยะ 7 เมตรลดความเร็วเป็นเวลา 3 วินาที\n\nยั่วยุ: เป้าหมายจะโจมตีตัวละครที่มีเลเวลการยั่วยุสูงสุด		ADD_DAMMIPHYSICS(1)(1.8)
43006	Hate Call	จะต้องใส่ค้อนและโล่\nฟื้นฟูพลังเวทย์: โจมตีเป้าหมาย 6 x อย่างแม่นยำ\nประเภท: พุ่งโจมตี\n\nโจมตีเป้าหมายสูงสุด 5 คน ทำให้เกิดความเสียหาย $ADD_DAMMIPHYSICS โจมตีกายภาพและโจมตีเวทย์ + 70% เพิ่มเลเวลยั่วยุ 1 เลเวล ทำให้พลังป้องกันของเป้าหมายลดลง เมื่อโจมตีโดนเป้าหมายจะเพิ่มค่าเวทย์ให้ตนเอง\n\nยั่วยุ: เป้าหมายจะโจมตีตัวละครที่มีเลเวลการยั่วยุสูงสุด	ฟื้นฟูพลังเวทย์: โจมตีเป้าหมาย 6 x อย่างแม่นยำ\nประเภท: พุ่งโจมตี\n\nโจมตีเป้าหมายสูงสุด 5 คน ทำให้เกิดความเสียหาย $ADD_DAMMIPHYSICS โจมตีกายภาพและโจมตีเวทย์ + 70% เพิ่มเลเวลยั่วยุ 1 เลเวล ทำให้พลังป้องกันของเป้าหมายลดลง เมื่อโจมตีโดนเป้าหมายจะเพิ่มค่าเวทย์ให้ตนเอง\n\nยั่วยุ: เป้าหมายจะโจมตีตัวละครที่มีเลเวลการยั่วยุสูงสุด		ADD_DAMMIPHYSICS(1)(0.7)
43007	Light Hammer	จะต้องใส่ค้อนและโล่\nทำให้เกิด Soul Gather: 1 ขั้น\nประเภท: พุ่งชน\n\nโจมตีด้วยค้อนแสงศักดิ์สิทธิ์ ทำให้เกิดความเสียหาย $ADD_DAMMIPHYSICS + โจมตีกายภาพ 118%  และทำให้เป้าหมานติดสถานะอ่อนแอ และสถานะทะลุเกราะ\n\nอ่อนแอ: พลังโจมตีลดลง\nทะลุเกราะ: ป้องกันลดลง	จะต้องใส่ค้อนและโล่\nทำให้เกิด Soul Gather: 1 ขั้น\nประเภท: พุ่งชน\n\nโจมตีด้วยค้อนแสงศักดิ์สิทธิ์ ทำให้เกิดความเสียหาย $ADD_DAMMIPHYSICS + โจมตีกายภาพ 118%  และทำให้เป้าหมานติดสถานะอ่อนแอ และสถานะทะลุเกราะ\n\nอ่อนแอ: พลังโจมตีลดลง\nทะลุเกราะ: ป้องกันลดลง\n		ADD_DAMMIPHYSICS(1)(1.18)
43008	Shield	จะต้องใส่ค้อนและโล่\nฟื้นฟูพลังเวทย์: 5, 20\nประเภท: พุ่งโจมตี\n\nกระโดดไปยังเป้าหมาย โจมตีเป้าหมายเดี่ยวคนด้วยโล่ ทำให้เกิดความเสียหายจาก $ADD_DAMMIPHYSICS โจมตีกายภาพ + 70%\n\nหากศัตรูล้มจะทำให้เกิดความเสียหายจากกายภาพ 190% ฟื้นฟูพลังเวทย์ 20 แต้ม และเสริมพลังป้องกัน	ฟื้นฟูค่ากำลัง: 5、20\nประเภท: โจมตีหนัก\n\nใช้โล่โจมตีเป้าหมายเดี่ยว ทำให้เกิดความเสียหายจากกายภาพ $ADD_DAMMIPHYSICS + 70%\n\nเมื่อเป้าหมายโดนโจมตีจะได้รับความเสียหายจากกายภาพ 190% ฟื้นฟูค่ากำลัง 20 แต้ม และเสริมพลังป้องกัน\n		ADD_DAMMIPHYSICS(1)(0.7)
43009	Triple Maul	จะต้องใส่ค้อนและโล่\nฟื้นฟู MP: 15\nประเภท: พุ่งชน\n\nโจมตีเป้าหมายเดี่ยวด้วยค้อน ทำให้เกิดความเสียหายจากโจมตีกายภาพ $ADD_DAMMIPHYSICS +60% และทำให้เป้าหมายเลือดไหล อัตราเสียหาย 32% ทุก 3 วินาที ต่อเนื่อง 24 วินาที และเสริมพลังป้องกัน 15 วินาที	ฟื้นฟู MP: 15\nประเภท: พุ่งชน\n\nโจมตีเป้าหมายเดี่ยวด้วยค้อน ทำให้เกิดความเสียหายจากโจมตีกายภาพ $ADD_DAMMIPHYSICS +60% และทำให้เป้าหมายเลือดไหล อัตราเสียหาย 32% ทุก 3 วินาที ต่อเนื่อง 24 วินาที และเสริมพลังป้องกัน 15 วินาที\n		ADD_DAMMIPHYSICS(1)(0.6)
43010	Bane	จะต้องใส่ค้อนและโล่\nประเภท: พุ่งโจมตี\n\nโจมตีหนักเป้าหมายเดี่ยว ทำให้เกิดความเสียหาย $ADD_DAMMIPHYSICS โจมตีกายภาพ + 85% และมีผลการเจาะเกราะ มีโอกาสโจมตีให้ศัตรูถอยหลัง\n\nสามารถลดพลังชีวิตเป้าหมาย 30% เมื่อสร้างความเสียหายจากกายภาพ 240%\n\n Soul Gather ขั้น 3 สามารถลดพลังชีวิตเป้าหมาย 30% เมื่อสร้างความเสียหายจากกายภาพ 300%	ประเภท: พุ่งโจมตี\n\nโจมตีหนักเป้าหมายเดี่ยว ทำให้เกิดความเสียหาย $ADD_DAMMIPHYSICS โจมตีกายภาพ + 85% และมีผลการเจาะเกราะ มีโอกาสโจมตีให้ศัตรูถอยหลัง\n\nสามารถลดพลังชีวิตเป้าหมาย 30% เมื่อสร้างความเสียหายจากกายภาพ 240%\n\n Soul Gather ขั้น 3 สามารถลดพลังชีวิตเป้าหมาย 30% เมื่อสร้างความเสียหายจากกายภาพ 300%		ADD_DAMMIPHYSICS(1)(0.85)
43011	Blitz	จะต้องใส่ค้อนและโล่\nใช้ Soul Gather: 1 ขั้น\nประเภท: พุ่งชน, ระเบิด\n\nโจมตีเป้าหมายเดี่ยวในระยะ 15 เมตร ทำให้เกิดความเสียหาย $ADD_DAMMIPHYSICS + โจมตีกายภาพ 100% และมีโอกาสโจมตีให้ล้ม สามารถได้รับเพิ่มพลังป้องกัน	จะต้องใส่ค้อนและโล่\nใช้ Soul Gather: 1 ขั้น\nประเภท: พุ่งชน, ระเบิด\n\nโจมตีเป้าหมายเดี่ยวในระยะ 15 เมตร ทำให้เกิดความเสียหาย $ADD_DAMMIPHYSICS + โจมตีกายภาพ 100% และมีโอกาสโจมตีให้ล้ม สามารถได้รับเพิ่มพลังป้องกัน\n		ADD_DAMMIPHYSICS(1)(1)
43012	Advance Batter Roar	จะต้องใส้ค้อนและโล่\nใช้ Soul Gather: ขั้นที่ 1\nประเภท: ป้องกัน\n\nเพิ่มพลังป้องกันให้เพื่อนในทีม $ADD_AC_PHYSICS เป็นเวลา 30 วินาที และเพิ่มความเร็ว 180 หน่วย เป็นเวลา 10 วินาที ในขณะเดียวกันจะได้รับพลังต้านทานเพิ่ม และทำให้เป้าหมายในรัศมี 7 เมตรติดสถานะโกรธ เลเวลยั่วยุเพิ่มขึ้น +2\n\nยั่วยุ: เป้าหมายจะโจมตีตัวละครที่มีเลเวลยั่วยุสูงสุด	ใช้ Soul Gather: ขั้นที่ 1\nประเภท: ป้องกัน\n\nเพิ่มพลังป้องกันให้เพื่อนในทีม $ADD_AC_PHYSICS เป็นเวลา 30 วินาที และเพิ่มความเร็ว 180 หน่วย เป็นเวลา 10 วินาที ในขณะเดียวกันจะได้รับพลังต้านทานเพิ่ม และทำให้เป้าหมายในรัศมี 7 เมตรติดสถานะโกรธ เลเวลยั่วยุเพิ่มขึ้น +2\n\nยั่วยุ: เป้าหมายจะโจมตีตัวละครที่มีเลเวลยั่วยุสูงสุด\n		ADD_AC_PHYSICS(1)(1)
43013	Fury Strike	จะต้องใส่ค้อนและโล่\nใช้ Soul Gather: 1 ขั้น\nประเภท: พุ่งโจมตี\n\nใช้ Soul Gather โจมตีเป้าหมาย 4 ขั้นตอน แต่ละขั้นตอนจะรุนแรงขึ้นเรื่อยๆ สามารถหยุดการโจมตีของผู้เล่นได้ และทำให้เกิดความเสียหาย $ADD_DAMPLUS_PHYSICS โจมตีหนักเวทย์และโจมตีหนักกายภาพ + 140%, 170%, 220%, 350% และทำให้พลังป้องกันของเป้าหมายลดลง	ประเภท: พุ่งโจมตี\n\nใช้ Soul Gather โจมตีเป้าหมาย 4 ขั้นตอน แต่ละขั้นตอนจะรุนแรงขึ้นเรื่อยๆ สามารถหยุดการโจมตีของผู้เล่นได้ และทำให้เกิดความเสียหาย $ADD_DAMPLUS_PHYSICS โจมตีหนักเวทย์และโจมตีหนักกายภาพ + 140%, 170%, 220%, 350% และทำให้พลังป้องกันของเป้าหมายลดลง		ADD_DAMPLUS_PHYSICS(1)(1.4)
43014	Protective Aura	จะต้องใส่ค้อนและโล่\nทำให้เกิด Soul Gather: 1 ขั้น\nประเภท: ไม่มี\n\nเพิ่มป้องกันกายภาพและป้องกันเวทย์ให้ตนเองและเพื่อนในทีม $ADD_AC_PHYSICS และได้รับผลจากHoly Light Healing\n\nHoly Light Healing: เมื่อโจมตีจะเพิ่มโจมตีกายภาพและโจมตีเวทย์ 10%	ประเภท: ไม่มี\n\nเพิ่มป้องกันกายภาพและป้องกันเวทย์ให้ตนเองและเพื่อนในทีม $ADD_AC_PHYSICS และได้รับผลจากHoly Light Healing\n\nHoly Light Healing: เมื่อโจมตีจะเพิ่มโจมตีกายภาพและโจมตีเวทย์ 10%		ADD_AC_PHYSICS(1)(1)
43015	Attack Aura	จะต้องใส่ค้อนและโล่\nทำให้เกิด Soul Gather: 1 ขั้น\nประเภท: ไม่มี\n\nเสริมพลังโจมตีกายภาพและโจมตีเวทย์ให้เพื่อนในทีมและตนเอง $ADD_DAMMIPHYSICS และได้รับผลหิริโอตตัปปะสงคราม\n\nหิริโอตตัปปะสงคราม: เมื่อโจมตีมีโอกาสโจมตีทะลุเกราะเป้าหมาย	ประเภท: ไม่มี\n\nเสริมพลังโจมตีกายภาพและโจมตีเวทย์ให้เพื่อนในทีมและตนเอง $ADD_DAMMIPHYSICS และได้รับผลหิริโอตตัปปะสงคราม\n\nหิริโอตตัปปะสงคราม: เมื่อโจมตีมีโอกาสโจมตีทะลุเกราะเป้าหมาย		ADD_DAMMIPHYSICS(1)(1)
43016	Divine Aura	จะต้องใส่ค้อนและโล่\nทำให้เกิด Soul Gather: 1 ขั้น\nประเภท: ไม่มี\n\nเพิ่มอัตราแม่นยำให้ตนเอง 15% ทุกๆ 15 วินาที จะลดสถานะด้านลบให้กับเพื่อนๆและตนเอง และทุกๆ 10 วินาที จะโจมตีโดนเป้าหมายเดี่ยวที่อยู่ห่างจากตนเอง 4 เมตร และได้รับปลใจที่สงบ\n\nใจที่สงบ: เมื่อโจมตีจะเพิ่มค่าเวทย์ให้ตนเอง 5 แต้ม	ประเภท: ไม่มี\n\nเพิ่มอัตราแม่นยำให้ตนเอง 15% ทุกๆ 15 วินาที จะลดสถานะด้านลบให้กับเพื่อนๆและตนเอง และทุกๆ 10 วินาที จะโจมตีโดนเป้าหมายเดี่ยวที่อยู่ห่างจากตนเอง 4 เมตร และได้รับปลใจที่สงบ\n\nใจที่สงบ: เมื่อโจมตีจะเพิ่มค่าเวทย์ให้ตนเอง 5 แต้ม		
43017	Divine Light 	จะต้องใส่ค้อนและโล่\nประเภท: ป้องกัน, ฟื้นฟู, ความร้อน\n\nเรียกพลังเทพปกป้องตนเอง\nเพิ่มอัตราคริติคอล $ADD_POWERHIT%\nเพิ่มอัตราป้องกัน $ADD_BLOCKRATE%\nอัตราต้านมึนงงเพิ่มขึ้น $ADD_ANTI_STUN%\nอัตราต้านคำสาปเพิ่มขึ้น $ADD_ANTI_CURSE%\nพลังป้องกันเพิ่มขึ้น $ADD_AC_PHYSICS\nอัตราแม่นยำเพิ่มขึ้น $ADD_HITRATE%\nป้องกันการลดบาดเจ็บเพิ่มขึ้น $ADD_ABSORB_SHIELD\nเพิ่มความเร็วในการเคลื่อนที่ $ADD_SPEED_RUN\nลดบาดเจ็บ 30%\nฟื้นฟูพลังชีวิตสูงสุด 20%\nลบสถานะด้านลบทั้งหมด และเพิ่มความเร็วในการเพิ่มพลังเวทย์ ทำให้เกิด Soul Gather เป็นเวลา 10 วินาที	ประเภท: ป้องกัน, ฟื้นฟู, ความร้อน\n\nเรียกพลังเทพปกป้องตนเอง\nเพิ่มอัตราคริติคอล $ADD_POWERHIT%\nเพิ่มอัตราป้องกัน $ADD_BLOCKRATE%\nอัตราต้านมึนงงเพิ่มขึ้น $ADD_ANTI_STUN%\nอัตราต้านคำสาปเพิ่มขึ้น $ADD_ANTI_CURSE%\nพลังป้องกันเพิ่มขึ้น $ADD_AC_PHYSICS\nอัตราแม่นยำเพิ่มขึ้น $ADD_HITRATE%\nป้องกันการลดบาดเจ็บเพิ่มขึ้น $ADD_ABSORB_SHIELD\nเพิ่มความเร็วในการเคลื่อนที่ $ADD_SPEED_RUN\nลดบาดเจ็บ 30%\nฟื้นฟูพลังชีวิตสูงสุด 20%\nลบสถานะด้านลบทั้งหมด และเพิ่มความเร็วในการเพิ่มพลังเวทย์ ทำให้เกิด Soul Gather เป็นเวลา 10 วินาที		ADD_DAMMIPHYSICS(1)(1);ADD_AC_PHYSICS(1)(1);ADD_ABSORB_SHIELD(2)(1);ADD_SPEED_RUN(1)(1);ADD_POWERHIT(2);ADD_BLOCKRATE(2);ADD_HITRATE(2);ADD_ANTI_CURSE(2);ADD_ANTI_STUN(2)
43018	Light Guard	จะต้องใส่ค้อนและโล่\nฟื้นฟูพลังเวทย์: 20\nประเภท: ป้องกัน\n\nลดความเสียหายที่เพื่อนในทีมได้รับ 70% เป็นเวลา 3 วินาที	ประเภท: ป้องกัน\n\nลดความเสียหายที่เพื่อนในทีมได้รับ 70% เป็นเวลา 3 วินาที		
43019	Accurately	จะต้องใส่ค้อนและโล่\nประเภท: ฟื้นฟู\n\nเพิ่มโจมตีกายภาพและโจมตีเวทย์ให้เพื่อนในทีม $ADD_DAMMIPHYSICS + 60% และลบสถานะด้านลบ 1 อย่าง	จะต้องใส่ค้อนและโล่\nประเภท: ฟื้นฟู\n\nเพิ่มโจมตีกายภาพและโจมตีเวทย์ให้เพื่อนในทีม $ADD_DAMMIPHYSICS + 60% และลบสถานะด้านลบ 1 อย่าง\n		ADD_DAMMIPHYSICS(1)(0.6)
43020	Destruction Wave	จะต้องใส่ค้อนและโล่\nใช้ Soul Gather: 2 ขั้น\nประเภท: ระเบิด\n\nทำแผ่นดินไหว ทำให้เป้าหมายสูงสุด 5 คนได้รับความเสียหายจาก $ADD_DAMMIPHYSICS โจมตีกายภาพ + 100% และมีโอกาสโจมตีเป้าหมายให้กระเด็น	ประเภท: ระเบิด\n\nทำแผ่นดินไหว ทำให้เป้าหมายสูงสุด 5 คนได้รับความเสียหายจาก $ADD_DAMMIPHYSICS โจมตีกายภาพ + 100% และมีโอกาสโจมตีเป้าหมายให้กระเด็น		ADD_DAMMIPHYSICS(1)(1)
43021	Shield Throw	จะต้องใส่ค้อนและโล่\nประเภท: พุ่งโจมตี\n\nพุ่งชนด้วยโล่ ทำให้เกิดความเสียหายจากกายภาพ 200 แต้ม Provoke เป้าหมายทำให้เลเวลยั่วยุเพิ่มขึ้นและทำให้การป้องกันของเป้าหมาย $ADD_AC_PHYSICS\n\nยั่วยุ+3: เป้าหมายจะโจมตีตัวละครที่มีเลเวลการยั่วยุสูงสุด	ประเภท: พุ่งโจมตี\n\nพุ่งชนด้วยโล่ ทำให้เกิดความเสียหายจากกายภาพ 200 แต้ม Provoke เป้าหมายทำให้เลเวลยั่วยุเพิ่มขึ้นและทำให้การป้องกันของเป้าหมาย $ADD_AC_PHYSICS\n\nยั่วยุ+3: เป้าหมายจะโจมตีตัวละครที่มีเลเวลการยั่วยุสูงสุด		ADD_AC_PHYSICS(1)(1)
43022	Battle call	จะต้องใส่ค้อนและโล่\nใช้ Soul Gather: 1 ขั้น\nประเภท: พลังความร้อน, ระเบิด\n\nลากเป้าหมายให้เข้ามาใกล้ๆ และสร้างความเสียหาย $ADD_DAMMIPHYSICS โจมตีกายภาพ + 75%	ประเภท: พลังความร้อน, ระเบิด\n\nลากเป้าหมายให้เข้ามาใกล้ๆ และสร้างความเสียหาย $ADD_DAMMIPHYSICS โจมตีกายภาพ + 75%		ADD_DAMMIPHYSICS(1)(0.5)
43023	Advanced Discipline Imperial Knights	การฝึกหนักขึ้นไปอีกก้าวของKnightทำให้ป้องกันกายภาพและป้องกันเวทย์ของท่าน+$ADD_AC_PHYSICS พลังชีวิตสูงสุด+$ADD_HPMAX\nไม่สามารถเรียนสกิลนอกเวลาได้	การฝึกหนักขึ้นไปอีกก้าวของKnightทำให้ป้องกันกายภาพและป้องกันเวทย์ของท่าน+$ADD_AC_PHYSICS พลังชีวิตสูงสุด+$ADD_HPMAX\nไม่สามารถเรียนสกิลนอกเวลาได้		ADD_AC_PHYSICS(1)(1);ADD_HPMAX(1)(1)
43024	Senior Discipline Imperial Knights	การฝึกขั้นสูงสุดของKnightทำให้ป้องกันเวทย์ของท่าน+$ADD_AC_PHYSICS พลังชีวิตสูงสุด+$ADD_HPMAX\nไม่สามารถเรียนสกิลนอกเวลาได้	การฝึกขั้นสูงสุดของKnightทำให้ป้องกันเวทย์ของท่าน+$ADD_AC_PHYSICS พลังชีวิตสูงสุด+$ADD_HPMAX\nไม่สามารถเรียนสกิลนอกเวลาได้		ADD_AC_PHYSICS(1)(1);ADD_HPMAX(1)(1)
43025	Elite Discipline Imperial Knights	การฝึกอันหนักหน่วงทำให้ป้องกันเวทย์ของท่าน+$ADD_AC_PHYSICS พลังชีวิตสูงสุด+$ADD_HPMAX\nไม่สามารถเรียนสกิลนอกเวลาได้	การฝึกอันหนักหน่วงทำให้ป้องกันเวทย์ของท่าน+$ADD_AC_PHYSICS พลังชีวิตสูงสุด+$ADD_HPMAX\nไม่สามารถเรียนสกิลนอกเวลาได้		ADD_AC_PHYSICS(1)(1);ADD_HPMAX(1)(1)
44000	Light Priest Basic Training	การฝึกพื้นฐานของPriestทำให้ป้องกันเวทย์ของท่าน+$ADD_AC_MAGIC, ค่าต้านคำสาป+10, ฟื้นฟูพลังเวทย์ +1, โจมตีหนักเวทย์+$ADD_DAMPLUS_MAGIC\nไม่สามารถเรียนสกิลนอกเวลาได้	การฝึกพื้นฐานของPriestทำให้ป้องกันเวทย์ของท่าน+$ADD_AC_MAGIC, ค่าต้านคำสาป+10, ฟื้นฟูพลังเวทย์ +1, โจมตีหนักเวทย์+$ADD_DAMPLUS_MAGIC\nไม่สามารถเรียนสกิลนอกเวลาได้		ADD_DAMPLUS_MAGIC(1)(1);ADD_AC_MAGIC(1)(1)
44001	Fireball	จะต้องใส่ไม้เท้า\nฟื้นฟูพลังเวทย์: 10\nประเภท: พลังความร้อน, ระเบิด\n\nยิงลูกไฟใส่เป้าหมาย ทำให้เกิดความเสียหาย $ADD_DAMMIMAGIC โจมตีเวทย์ + 180%	ประเภท: พลังความร้อน, ระเบิด\n\nยิงลูกไฟใส่เป้าหมาย ทำให้เกิดความเสียหาย $ADD_DAMMIMAGIC โจมตีเวทย์ + 180%		ADD_DAMMIMAGIC(1)(1.8)
44002	Fireball Combo	จะต้องใส่ไม้เท้า\nประเภท: ความร้อน\n\nยิงลูกไฟใส่เป้าหมาย 5 ลูก ทำให้เกิดความเสียหายจากเวทย์ $ADD_DAMMIMAGIC + 66%\n\nใช้ Soul Gatherขั้น 1: ปล่อยลูกไฟ 7 ลูกทำให้เกิดความเสียหายจากเวทย์  66%\n\nใช้ Soul Gather ขั้น 2: ปล่อยลูกไฟ 6 ลูกทำให้เกิดความเสียหายจากเวทย์ไฟ 99%\n\nใช้ Soul Gatherขั้น 3: ปล่อยลูกไฟ 9 ลูกทำให้เกิดความเสียหายจากเวทย์ความร้อน 99% 	ประเภท: ประเภท: ความร้อน\n\nยิงลูกไฟใส่เป้าหมาย 5 ลูก ทำให้เกิดความเสียหายจากเวทย์ $ADD_DAMMIMAGIC + 66%\n\nใช้ Soul Gatherขั้น 1: ปล่อยลูกไฟ 7 ลูกทำให้เกิดความเสียหายจากเวทย์  66%\n\nใช้ Soul Gather ขั้น 2: ปล่อยลูกไฟ 6 ลูกทำให้เกิดความเสียหายจากเวทย์ไฟ 99%\n\nใช้ Soul Gatherขั้น 3: ปล่อยลูกไฟ 9 ลูกทำให้เกิดความเสียหายจากเวทย์ความร้อน 99%\n		ADD_DAMMIMAGIC(1)(0.66)
44003	Eclipse	จะต้องใส่ไม้เท้า\nทำให้เกิด Soul Gather: 1 ขั้น\nประเภท: พลังความร้อน\n\nทำให้ศัตรูเกิดความเสียหาย $ADD_DAMMIMAGIC ทุกๆ 3 วินาที โจมตีเวทย์ + 40% เป็นเวลา 30 วินาที	ประเภท: พลังความร้อน\n\nทำให้ศัตรูเกิดความเสียหาย $ADD_DAMMIMAGIC ทุกๆ 3 วินาที โจมตีเวทย์ + 40% เป็นเวลา 30 วินาที		ADD_DAMMIMAGIC(1)(0.4)
44004	Sun Beam	จะต้องใส่ไม้เท้า\nฟื้นฟูพลังเวทย์: โจมตีเป้าหมาย 5 x อย่างแม่นยำ\nใช้ Soul Gather: 1 ขั้น\nประเภท: พลังความร้อน, ฟื้นฟู\n\nโจมตีด้วยเพลิงอาทิตย์ทำให้เกิดความเสียหาย $ADD_DAMPLUS_MAGIC 3 ครั้ง โจมตีหนักเวทย์และโจมตีหนักกายภาพ + 100% ในขณะเดียวกัน จะช่วยรักษาเพื่อนในทีมด้วย ทุกครั้งที่โจมตีแม่นยำสามารถเพิ่มพลังเวทย์ 1 แต้ม\n\nเมื่อมี Soul Gather ขั้น 3 อานุภาพเพิ่มขึ้น 10%\nมี Soul Gather ขั้น 4 อานุภาพเพิ่มขึ้น 20%\nมี Soul Gather ขั้น 5 อานุภาพเพิ่มขึ้น 40%	ประเภท: พลังความร้อน, ฟื้นฟู\n\nโจมตีด้วยเพลิงอาทิตย์ทำให้เกิดความเสียหาย $ADD_DAMPLUS_MAGIC 3 ครั้ง โจมตีหนักเวทย์และโจมตีหนักกายภาพ + 100% ในขณะเดียวกัน จะช่วยรักษาเพื่อนในทีมด้วย ทุกครั้งที่โจมตีแม่นยำสามารถเพิ่มพลังเวทย์ 1 แต้ม\n\nเมื่อมี Soul Gather ขั้น 3 อานุภาพเพิ่มขึ้น 10%\nมี Soul Gather ขั้น 4 อานุภาพเพิ่มขึ้น 20%\nมี Soul Gather ขั้น 5 อานุภาพเพิ่มขึ้น 40%		ADD_DAMPLUS_MAGIC(1)(1)
44005	Solar Flares	จะต้องใส่ไม้เท้า\nประเภท: พลังความร้อน, ระเบิด\n\nยิงเพลิงแสงอาทิตย์ใส่เป้าหมาย 10 ทาง ทำให้เป้าหมายได้รับความเสียหาย $ADD_DAMMIMAGIC โจมตีเวทย์ + 75%\n\nใช้ Soul Gather ขั้น 1: ยิงเพลิงแสงอาทิตย์ 12 ทาง ทำให้เกิดความเสียหายจากโจมตีเวทย์ 90%\nใช้ Soul Gather ขั้น 2: ยิงเพลิงแสงอาทิตย์ 14 ทาง ทำให้เกิดความเสียหายจากโจมตีเวทย์ 108%\nใช้ Soul Gather ขั้น 3: ยิงเพลิงแสงอาทิตย์ 16ทาง ทำให้เกิดความเสียหายจากโจมตีเวทย์ 130%	ประเภท: พลังความร้อน, ระเบิด\n\nยิงเพลิงแสงอาทิตย์ใส่เป้าหมาย 10 ทาง ทำให้เป้าหมายได้รับความเสียหาย $ADD_DAMMIMAGIC โจมตีเวทย์ + 75%\n\nใช้ Soul Gather ขั้น 1: ยิงเพลิงแสงอาทิตย์ 12 ทาง ทำให้เกิดความเสียหายจากโจมตีเวทย์ 90%\nใช้ Soul Gather ขั้น 2: ยิงเพลิงแสงอาทิตย์ 14 ทาง ทำให้เกิดความเสียหายจากโจมตีเวทย์ 108%\nใช้ Soul Gather ขั้น 3: ยิงเพลิงแสงอาทิตย์ 16ทาง ทำให้เกิดความเสียหายจากโจมตีเวทย์ 130%		ADD_DAMMIMAGIC(1)(0.75)
44006	Blazing Armor	จะต้องใส่ไม้เท้า\nประเภท: พลังความร้อน\n\nให้พลังความร้อนป้องกันเพื่อนในทีมที่อยู่ในบริเวณ เมื่อถูกโจมตี จะทำให้ศัตรู 5 คนที่อยู่ในระยะ 3 เมตรเกิดความเสียหาย $ADD_DAMMIMAGIC โจมตีเวทย์+ 150% ทุกๆ 5 วินาทีจะเกิดผล 1 ครั้ง ต่อเนื่อง 60 วินาที\n\nใช้ Soul Gatherขั้น 1: สามารถโจมตีศัตรูที่อยู่รอบๆให้กระจาย ทำให้เกิดความเสียหายจากโจมตีเวทย์ 150% และเพิ่มพลังโจมตีให้เพื่อนในทีม และสร้างเกาะพลังความร้อนให้เพื่อน 15% เป็นเวลา 9 วินาที	ประเภท: พลังความร้อน\n\nให้พลังความร้อนป้องกันเพื่อนในทีมที่อยู่ในบริเวณ เมื่อถูกโจมตี จะทำให้ศัตรู 5 คนที่อยู่ในระยะ 3 เมตรเกิดความเสียหาย $ADD_DAMMIMAGIC โจมตีเวทย์+ 150% ทุกๆ 5 วินาทีจะเกิดผล 1 ครั้ง ต่อเนื่อง 60 วินาที\n\nใช้ Soul Gatherขั้น 1: สามารถโจมตีศัตรูที่อยู่รอบๆให้กระจาย ทำให้เกิดความเสียหายจากโจมตีเวทย์ 150% และเพิ่มพลังโจมตีให้เพื่อนในทีม และสร้างเกาะพลังความร้อนให้เพื่อน 15% เป็นเวลา 9 วินาที		ADD_DAMMIMAGIC(1)(1.5)
44007	Warm Cure	จะต้องใส่ไม้เท้า\nฟื้นฟูพลังเวทย์: 12\nประเภท: ฟื้นฟู\n\nทำให้เพื่อนได้รับการรักษาพลังเวทย์ $ADD_DAMMIMAGIC + 200% และลบสถานะด้านลบ	ประเภท: ฟื้นฟู\n\nทำให้เพื่อนได้รับการรักษาพลังเวทย์ $ADD_DAMMIMAGIC + 200% และลบสถานะด้านลบ		ADD_DAMMIMAGIC(1)(2)
44008	Sunshine Cure	จะต้องใส่ไม้เท้า\nทำให้เกิด Soul Gather: 1 ขั้น\nประเภท: ฟื้นฟู\n\nทำให้เพื่อนได้รับการรักษาพลังเวทย์ $ADD_DAMMIMAGIC + 600%	ประเภท: ฟื้นฟู\n\nทำให้เพื่อนได้รับการรักษาพลังเวทย์ $ADD_DAMMIMAGIC + 600%		ADD_DAMMIMAGIC(1)(5)
44009	Coronal	จะต้องใส่ไม้เท้า\nฟื้นฟูพลังเวทย์: 12\nใช้ Soul Gather: 1 ขั้น\nประเภท: ฟื้นฟู\n\nทุก 3 วิ เพื่อนในทีมจะได้รับการรักษาพลังเวทย์ $ADD_DAMMIMAGIC + 60% เป็นเวลา 30 วินาที	ประเภท: ฟื้นฟู\n\nทุก 3 วิ เพื่อนในทีมจะได้รับการรักษาพลังเวทย์ $ADD_DAMMIMAGIC + 60% เป็นเวลา 30 วินาที		ADD_DAMMIMAGIC(1)(0.6)
44010	Flame Passage	จะต้องใส่ไม้เท้า\nใช้ Soul Gather: 1 ขั้น\nประเภท: ความร้อน, ระเบิด, ฟื้นฟู\n\nเรียกเพลิงธรณีทำให้ศัตรูที่อยู่บนพื้นเกิดความเสียหายจาหโจมตีหนักกายภาพและโจมตีหนักเวทย์ $ADD_DAMPLUS_MAGIC + 70% ทุกๆวินาที และมีโอกาสโจมตีให้กระเด็น และสามารถรักษาให้เพื่อนในทีมได้อีกด้วย	ใช้ Soul Gather: 1 ขั้น\nประเภท: ความร้อน, ระเบิด, ฟื้นฟู\n\nเรียกเพลิงธรณีทำให้ศัตรูที่อยู่บนพื้นเกิดความเสียหายจาหโจมตีหนักกายภาพและโจมตีหนักเวทย์ $ADD_DAMPLUS_MAGIC + 70% ทุกๆวินาที และมีโอกาสโจมตีให้กระเด็น และสามารถรักษาให้เพื่อนในทีมได้อีกด้วย\n		ADD_DAMPLUS_MAGIC(1)(0.7)
44011	Life Flares	จะต้องใส่ไม้เท้า\nประเภท: ฟื้นฟู\n\nปล่องเพลิงอาทิตย์ 10 ทาง ทำให้เพื่อนที่อยู่ในบริเวณได้รับการรักษาพลังเวทย์ $ADD_DAMMIMAGIC + 100%\n\nใช้ Soul Gather ขั้น 1: ปล่อย 12 ทางอานุภาพเพลิงอาทิตย์เพิ่มขึ้น 20%\nใช้ Soul Gather ขั้น 2: ปล่อย 14 ทางอานุภาพเพลิงอาทิตย์เพิ่มขึ้น 40%\nใช้ Soul Gather ขั้น 3: ปล่อย 16 ทาง อานุภาพเพลิงอาทิตย์เพิ่มขึ้น 70%	ประเภท: ฟื้นฟู\n\nปล่องเพลิงอาทิตย์ 10 ทาง ทำให้เพื่อนที่อยู่ในบริเวณได้รับการรักษาพลังเวทย์ $ADD_DAMMIMAGIC + 100%\n\nใช้ Soul Gather ขั้น 1: ปล่อย 12 ทางอานุภาพเพลิงอาทิตย์เพิ่มขึ้น 20%\nใช้ Soul Gather ขั้น 2: ปล่อย 14 ทางอานุภาพเพลิงอาทิตย์เพิ่มขึ้น 40%\nใช้ Soul Gather ขั้น 3: ปล่อย 16 ทาง อานุภาพเพลิงอาทิตย์เพิ่มขึ้น 70%		ADD_DAMMIMAGIC(1)(1)
44012	Prayer Cure	จะต้องใส่ไม้เท้า\nประเภท: ฟื้นฟู\n\nทำให้เพื่อน 24 คนได้รับการรักษาพลังเวทย์ $ADD_DAMMIMAGIC + 286% และลบสถานะด้านลบให้เพื่อนในทีม\nเมื่อมี Soul Gather ขั้น 3 เพิ่มอานุภาพ 10%\nมี Soul Gather ขั้น 4 เพิ่มอานุภาพ 20%\nมี Soul Gather ขั้น 5 เพิ่มอานุภาพ 40%	ประเภท: ฟื้นฟู\n\nทำให้เพื่อน 24 คนได้รับการรักษาพลังเวทย์ $ADD_DAMMIMAGIC + 286% และลบสถานะด้านลบให้เพื่อนในทีม\nเมื่อมี Soul Gather ขั้น 3 เพิ่มอานุภาพ 10%\nมี Soul Gather ขั้น 4 เพิ่มอานุภาพ 20%\nมี Soul Gather ขั้น 5 เพิ่มอานุภาพ 40%		ADD_DAMMIMAGIC(1)(2.86)
44013	Sun Shield	จะต้องใส่ไม้เท้า\nใช้ Soul Gather: ขั้นที่ 1\nประเภท: ไม่มี\n\nสาดแสงอาทิตย์ไปที่จุดๆหนึ่ง ผู้เล่นอยู่ที่ในแสงจะลดความเสียหายที่ได้รับ 20% และรักษาต่อเนื่อง ในแสงจะสามารถป้องกันอาวุธที่ยิงมาได้	ใช้ Soul Gather: ขั้นที่ 1\nประเภท: ไม่มี\n\nสาดแสงอาทิตย์ไปที่จุดๆหนึ่ง ผู้เล่นอยู่ที่ในแสงจะลดความเสียหายที่ได้รับ 20% และรักษาต่อเนื่อง ในแสงจะสามารถป้องกันอาวุธที่ยิงมาได้\n		
44014	Dedicate	จะต้องใส่ไม้เท้า\nประเภท: ไม่มี\n\nใน 30 วินาที ลดค่าเวทย์สูงสุด $ADD_STAMINAMAX เพิ่มความเร็วในการฟื้นฟูพลังเวทย์ $ADD_RECOVER_STAMINA\n\nทำให้เพื่อนที่อยู่ในระนะ 12 เมตรได้รับการรักษาพลังเวทย์ 30%\n\nเสริมพลังรักษา: เมื่อใช้สกิลรักษา จะได้รับการรักษาพลังเวทย์ 30%\n\nเสริมพลังเพลิง: เมื่อใช้สกิลพลังความร้อน ทุกครั้งที่โจมตีแม่นยำจะทำให้เกิดความเสียหายจากโจมตีเวทย์ 30%	ประเภท: ไม่มี\n\nใน 30 วินาที ลดค่าเวทย์สูงสุด $ADD_STAMINAMAX เพิ่มความเร็วในการฟื้นฟูพลังเวทย์ $ADD_RECOVER_STAMINA\n\nทำให้เพื่อนที่อยู่ในระนะ 12 เมตรได้รับการรักษาพลังเวทย์ 30%\n\nเสริมพลังรักษา: เมื่อใช้สกิลรักษา จะได้รับการรักษาพลังเวทย์ 30%\n\nเสริมพลังเพลิง: เมื่อใช้สกิลพลังความร้อน ทุกครั้งที่โจมตีแม่นยำจะทำให้เกิดความเสียหายจากโจมตีเวทย์ 30%		ADD_STAMINAMAX(1)(1);ADD_RECOVER_STAMINA(1)(1)
44015	Fountain of Life	จะต้องใส่ไม้เท้า\nทำให้เกิด Soul Gather: 1 ขั้น\nประเภท: ฟื้นฟู\n\nปล่องพลังแห่งชีวิต 1 เม็ด ทำให้เป้าหมายได้รับการรักษาพลังเวทย์ $ADD_DAMMIMAGIC +200%	ประเภท: ฟื้นฟู\n\nปล่องพลังแห่งชีวิต 1 เม็ด ทำให้เป้าหมายได้รับการรักษาพลังเวทย์ $ADD_DAMMIMAGIC +200%		ADD_DAMMIMAGIC(1)(2)
44016	Punish Marking	จะต้องใส่ไม้เท้า\nทำให้เกิด Soul Gather: 1 ขั้น\nประเภท: พลังความร้อน\n\nพลังแห่งพระอาทิตย์หมายหัวเป้าหมายที่เป็นศัตรู เมื่อศัตรูได้รับความเสียหายจากพลังความร้อนครบ 10 ครั้ง พลังพระอาทิตย์ที่หมายหัวอยู่จะโจมตีลงมาทำให้เกิดความเสียหายจากโจมตีหนักเวทย์และโจมตีหนักกายภาพ $ADD_DAMPLUS_MAGIC+450% และมีโอกาศโจมตีให้ล้ม	ทำให้เกิด Soul Gather: 1 ขั้น\nประเภท: พลังความร้อน\n\nพลังแห่งพระอาทิตย์หมายหัวเป้าหมายที่เป็นศัตรู เมื่อศัตรูได้รับความเสียหายจากพลังความร้อนครบ 10 ครั้ง พลังพระอาทิตย์ที่หมายหัวอยู่จะโจมตีลงมาทำให้เกิดความเสียหายจากโจมตีหนักเวทย์และโจมตีหนักกายภาพ $ADD_DAMPLUS_MAGIC+450% และมีโอกาศโจมตีให้ล้ม		ADD_DAMPLUS_MAGIC(1)(4.5)
44017	Regenerative Energy	จะต้องใส่ไม้เท้า\nประเภท: ฟื้นฟู\n\nเพิ่มความเร็วฟื้นฟูเวทย์ + $ADD_RECOVER_STAMINA, เพิ่มความเร็วฟื้นฟูพลังชีวิต + $ADD_RECOVER_HP ให้เพื่อนในทีมที่อยู่ในรัศมี 9 เมตร\n\nเมื่อเพิ่มความเร็วให้เพื่อนก็จะเพิ่มอานุภาพให้กับตนเองเช่นกัน	ประเภท: ฟื้นฟู\n\nเพิ่มความเร็วฟื้นฟูเวทย์ + $ADD_RECOVER_STAMINA, เพิ่มความเร็วฟื้นฟูพลังชีวิต + $ADD_RECOVER_HP ให้เพื่อนในทีมที่อยู่ในรัศมี 9 เมตร\n\nเมื่อเพิ่มความเร็วให้เพื่อนก็จะเพิ่มอานุภาพให้กับตนเองเช่นกัน\n		ADD_RECOVER_STAMINA(1)(1);ADD_RECOVER_HP(1)(1)
44018	Flares	จะต้องใส่ไม้เท้า\nฟื้นฟูพลังเวทย์: 2 x จำนวนโจมตีแม่นยำศัตรู\nประเภท: ความร้อน\n\nพ่นไฟไปด้านหน้าในรัศมี 7.5 เมตร ทำให้ศัตรู 5 คนได้รับความเสียหายหลายครั้ง แต่ละครั้งได้รับความเสียหายจากโจมตีหนักเวทย์และโจมตีหนักกายภาพ $ADD_DAMPLUS_MAGIC + 50%	ฟื้นฟูพลังเวทย์: 2 x จำนวนโจมตีแม่นยำศัตรู\nประเภท: ความร้อน\n\nพ่นไฟไปด้านหน้าในรัศมี 7.5 เมตร ทำให้ศัตรู 5 คนได้รับความเสียหายหลายครั้ง แต่ละครั้งได้รับความเสียหายจากโจมตีหนักเวทย์และโจมตีหนักกายภาพ $ADD_DAMPLUS_MAGIC + 50%\n		ADD_DAMPLUS_MAGIC(1)(0.5)
44019	Solar Lance	จะต้องใส่ไม้เท้า\nทำให้เกิด Soul Gather: 1 ขั้น\nประเภท: โจมตีทะลุ, พลังความร้อน\n\nยิงปืนใหญ่ไปยังเป้าหมายเดี่ยว ทำให้เกิดความเสียหาย $ADD_DAMMIMAGIC โจมตีเวทย์ + 125% และแบ่งเป็นลูกปืน 3 ลูก แต่ละลูกทำความเสียหายจากเวทย์ 75%	ประเภท: โจมตีทะลุ, พลังความร้อน\n\nยิงปืนใหญ่ไปยังเป้าหมายเดี่ยว ทำให้เกิดความเสียหาย $ADD_DAMMIMAGIC โจมตีเวทย์ + 125% และแบ่งเป็นลูกปืน 3 ลูก แต่ละลูกทำความเสียหายจากเวทย์ 75%		ADD_DAMMIMAGIC(1)(1.25)
44020	Ball of light	จะต้องใส่ไม้เท้า\nประเภท: ฟื้นฟู\n\nปล่อยบอลแสง 5 ลูกแต่ละลูกทำให้ได้รับการรักษาพลังเวทย์ $ADD_DAMMIMAGIC + 100%\n\nใช้ Soul Gather ขั้น 1: ปล่อยบอลแสง 7 ลูก\nใช้ Soul Gather ขั้น 2: ปล่อยบอลแสง 9 ลูก\nใช้ Soul Gather ขั้น 3: ปล่อยบอลแสง 12 ลูก	ประเภท: ฟื้นฟู\n\nปล่อยบอลแสง 5 ลูกแต่ละลูกทำให้ได้รับการรักษาพลังเวทย์ $ADD_DAMMIMAGIC + 100%\n\nใช้ Soul Gather ขั้น 1: ปล่อยบอลแสง 7 ลูก\nใช้ Soul Gather ขั้น 2: ปล่อยบอลแสง 9 ลูก\nใช้ Soul Gather ขั้น 3: ปล่อยบอลแสง 12 ลูก		ADD_DAMMIMAGIC(1)(1)
44021	Solar Flare	จะต้องใส่ไม้เท้า\nทำให้เกิด Soul Gather: 1 ขั้น\nประเภท: พลังความร้อน, ระเบิด\n\nพ่นไฟที่มีพลังความร้อนสูงไปยังศัตรู ทำให้ศัตรู 10 คนที่อยู่ในระยะ 5.5 เมตรเกิดความเสียหาย $ADD_DAMMIMAGIC 3 ครั้ง โจมตีเวทย์ + 65% และมีโอกาสโจมตีให้ศัตรูกระเด็น	ประเภท: พลังความร้อน, ระเบิด\n\nพ่นไฟที่มีพลังความร้อนสูงไปยังศัตรู ทำให้ศัตรู 10 คนที่อยู่ในระยะ 5.5 เมตรเกิดความเสียหาย $ADD_DAMMIMAGIC 3 ครั้ง โจมตีเวทย์ + 65% และมีโอกาสโจมตีให้ศัตรูกระเด็น		ADD_DAMMIMAGIC(1)(0.65)
44022	Solar Strom	จะต้องใส่ไม้เท้า\nใช้ Soul Gather: 3 ขั้น\nประเภท: ความร้อน, ระเบิด\n\nเรียกพายุเพลิง ทำให้ศัตรู 10 คนที่อยู่ในรัศมี 7 เมตร เกิดความเสียหายจากโจมตีหนักกายภาพและโจมตีหนักเวทย์ $ADD_DAMPLUS_MAGIC + 120% 10 ครั้ง	ใช้ Soul Gather: 3 ขั้น\nประเภท: ความร้อน, ระเบิด\n\nเรียกพายุเพลิง ทำให้ศัตรู 10 คนที่อยู่ในรัศมี 7 เมตร เกิดความเสียหายจากโจมตีหนักกายภาพและโจมตีหนักเวทย์ $ADD_DAMPLUS_MAGIC + 120% 10 ครั้ง\n		ADD_DAMPLUS_MAGIC(1)(1.2)
44023	Advanced Discipline Solar Priest	การฝึกหนักขึ้นไปอีกก้าวของPriestทำให้โจมตีหนักเวทย์ของท่าน+$ADD_DAMPLUS_MAGIC, ป้องกันเวทย์+$ADD_AC_MAGIC, ค่าต้านคำสาป+2%\nไม่สามารถเรียนสกิลนอกเวลาได้	การฝึกหนักขึ้นไปอีกก้าวของPriestทำให้โจมตีหนักเวทย์ของท่าน+$ADD_DAMPLUS_MAGIC, ป้องกันเวทย์+$ADD_AC_MAGIC, ค่าต้านคำสาป+2%\nไม่สามารถเรียนสกิลนอกเวลาได้\n		ADD_DAMPLUS_MAGIC(1)(1);ADD_AC_MAGIC(1)(1)
44024	Senior Discipline Solar Priest	การฝึกขั้นสูงสุดของPriestทำให้โจมตีหนักเวทย์ของท่าน+$ADD_DAMPLUS_MAGIC, ป้องกันเวทย์+$ADD_AC_MAGIC, ค่าต้านคำสาป+3%\nไม่สามารถเรียนสกิลนอกเวลาได้	การฝึกขั้นสูงสุดของPriestทำให้โจมตีหนักเวทย์ของท่าน+$ADD_DAMPLUS_MAGIC, ป้องกันเวทย์+$ADD_AC_MAGIC, ค่าต้านคำสาป+3%\nไม่สามารถเรียนสกิลนอกเวลาได้\n		ADD_DAMPLUS_MAGIC(1)(1);ADD_AC_MAGIC(1)(1)
44025	Elite Discipline Solar Priest	การฝึกอันหนักหน่วงทำให้โจมตีหนักเวทย์ของท่าน+$ADD_DAMPLUS_MAGIC, ป้องกันเวทย์+$ADD_AC_MAGIC, ค่าต้านคำสาป+5%\nไม่สามารถเรียนสกิลนอกเวลาได้	การฝึกอันหนักหน่วงทำให้โจมตีหนักเวทย์ของท่าน+$ADD_DAMPLUS_MAGIC, ป้องกันเวทย์+$ADD_AC_MAGIC, ค่าต้านคำสาป+5%\nไม่สามารถเรียนสกิลนอกเวลาได้\n		ADD_DAMPLUS_MAGIC(1)(1);ADD_AC_MAGIC(1)(1)
45000	巫毒使基礎修煉	巫毒使的基礎訓練使你的魔法穿甲+$ADD_PENETRATE_MAGIC，精力上限 + $ADD_STAMINAMAX，生命上限+$ADD_HPMAX。\n無法以兼職學得此技能。	巫毒使的基礎訓練使你的魔法穿甲+$ADD_PENETRATE_MAGIC，精力上限 + $ADD_STAMINAMAX，生命上限+$ADD_HPMAX。\n無法以兼職學得此技能。		ADD_STAMINAMAX(1)(1);ADD_HPMAX(1)(1);ADD_PENETRATE_MAGIC(1)(1)
45001	邪靈彈	必須裝備巫毒娃娃\n類型：死靈\n\n呼喚靈體攻擊目標，持續使用造成$ADD_DAMMIMAGIC + 110%、150%、120%魔法傷害。\n\n二階：附帶緩速效果，持續10秒\n三階：範圍傷害，附帶增傷 5%，持續10秒	類型：死靈\n\n呼喚靈體攻擊目標，持續使用造成$ADD_DAMMIMAGIC + 110%、150%、120%魔法傷害。\n\n二階：附帶緩速效果，持續10秒\n三階：範圍傷害，附帶增傷 5%，持續10秒\n		ADD_DAMMIMAGIC(1)(1.1)
45002	附身詛咒	必須裝備巫毒娃娃\n回復精力值：10\n產生集氣：1層\n類型：死靈\n\n讓巫毒娃娃附著在目標身上，使目標防禦力$ADD_AC_PHYSICS。精力恢復速度+3，並且所受到的傷害的20%會轉移至目標身上。\n\n對已經被附身的目標使用技能可以回收詛咒。\n附身目標死亡時，技能冷卻時間會重置。\n傷害轉移對其他玩家只有5%的效果。	回復精力值：10\n產生集氣：1層\n類型：死靈\n\n讓巫毒娃娃附著在目標身上，使目標防禦力$ADD_AC_PHYSICS。精力恢復速度+3，並且所受到的傷害的20%會轉移至目標身上。\n\n對已經被附身的目標使用技能可以回收詛咒。\n附身目標死亡時，技能冷卻時間會重置。\n傷害轉移對其他玩家只有5%的效果。\n		ADD_AC_PHYSICS(1)(1)
45003	黑暗新星	必須裝備巫毒娃娃\n消耗集氣：1層\n類型：死靈\n\n操控娃娃放出暗靈衝擊波，震開周圍敵對目標，並造成$ADD_DAMMIMAGIC + 100%魔法傷害\n\n若巫毒娃娃不在附身狀態，則不消耗集氣。	消耗集氣：1層\n類型：死靈\n\n操控娃娃放出暗靈衝擊波，震開周圍敵對目標，並造成$ADD_DAMMIMAGIC + 100%魔法傷害\n\n若巫毒娃娃不在附身狀態，則不消耗集氣。\n		ADD_DAMMIMAGIC(1)(1)
45004	緩毒新星	必須裝備巫毒娃娃\n消耗集氣：1層\n類型：毒性\n\n操控娃娃放出擴散毒氣，造成$ADD_DAMMIMAGIC + 30%魔法傷害，並賦予緩毒效果每3秒造成30%魔法傷害，持續30秒。\n\n若巫毒娃娃不在附身狀態，則不消耗集氣。\n\n劇毒爆破：目標有緩毒效果時，受到毒素衝擊攻擊，會產生毒爆，對周圍三名敵人額外造成傷害，並賦予劇毒效果，每秒造成50%魔法傷害，持續10秒。	類型：毒性\n\n操控娃娃放出擴散毒氣，造成$ADD_DAMMIMAGIC + 30%魔法傷害，並賦予緩毒效果每3秒造成30%魔法傷害，持續30秒。\n\n若巫毒娃娃不在附身狀態，則不消耗集氣。\n\n劇毒爆破：目標有緩毒效果時，受到毒素衝擊攻擊，會產生毒爆，對周圍三名敵人額外造成傷害，並賦予劇毒效果，每秒造成50%魔法傷害，持續10秒。\n		ADD_DAMMIMAGIC(1)(0.3)
45005	毒素衝擊	必須裝備巫毒娃娃\n類型：毒性\n\n在自身周圍釋放出毒性衝擊波，造成$ADD_DAMPLUS_MAGIC + 100%物理與魔法重擊傷害。並賦予毒素衝擊，每3秒造成50%魔法傷害，持續15秒。	類型：毒性\n\n在自身周圍釋放出毒性衝擊波，造成$ADD_DAMPLUS_MAGIC + 100%物理與魔法重擊傷害。並賦予毒素衝擊，每3秒造成50%魔法傷害，持續15秒。\n		ADD_DAMPLUS_MAGIC(1)(1)
45006	闇靈防護	必須裝備巫毒娃娃\n回復精力值：10\n產生集氣：1層\n類型：防禦\n\n回收附身詛咒並且強化自己的防禦能力，防禦力 + $ADD_AC_PHYSICS，持續45秒。受到的傷害 - 30%，持續7秒。\n\n重置附身詛咒的冷卻時間。\n目標必需被巫毒娃娃附身。	回復精力值：10\n產生集氣：1層\n類型：防禦\n\n回收附身詛咒並且強化自己的防禦能力，防禦力 + $ADD_AC_PHYSICS，持續45秒。受到的傷害 - 30%，持續7秒。\n\n重置附身詛咒的冷卻時間。\n目標必需被巫毒娃娃附身。\n		ADD_AC_PHYSICS(1)(1)
45007	詛咒增益	必須裝備巫毒娃娃\n回復精力值：10\n產生集氣：1層\n類型：防禦\n\n回收附身詛咒並且強化自己的攻擊能力，攻擊力 + $ADD_DAMMIMAGIC、重擊 + $ADD_DAMPLUS_MAGIC，持續45秒。攻擊力與重擊+20%，持續7秒。\n\n可重置附身詛咒的冷卻時間。\n目標必需被巫毒娃娃附身。	回復精力值：10\n產生集氣：1層\n類型：防禦\n\n回收附身詛咒並且強化自己的攻擊能力，攻擊力 + $ADD_DAMMIMAGIC、重擊 + $ADD_DAMPLUS_MAGIC，持續45秒。攻擊力與重擊+20%，持續7秒。\n\n可重置附身詛咒的冷卻時間。\n目標必需被巫毒娃娃附身。\n		ADD_DAMMIMAGIC(1)(1);ADD_DAMPLUS_MAGIC(1)(1)
45008	詛咒爆裂	必須裝備巫毒娃娃\n消耗集氣：1層\n類型：死靈、震爆\n\n凝聚詛咒之力，對目標造成 $ADD_DAMMIMAGIC + 200%魔法傷害。並有機率造成擊倒。\n\n目標被巫毒娃娃附身則不消耗集氣。	消耗集氣：1層\n類型：死靈、震爆\n\n凝聚詛咒之力，對目標造成 $ADD_DAMMIMAGIC + 200%魔法傷害。並有機率造成擊倒。\n\n目標被巫毒娃娃附身則不消耗集氣。\n		ADD_DAMMIMAGIC(1)(2)
45009	黑暗重力	必須裝備巫毒娃娃\n消耗集氣：1層\n類型：死靈\n\n目標受到黑暗詛咒，防禦力 $ADD_AC_PHYSICS 、移動速度 - 420，持續15秒。被詛咒者的周圍敵對目標皆會受到詛咒影響。\n\n目標必需被巫毒娃娃附身。	消耗集氣：1層\n類型：死靈\n\n目標受到黑暗詛咒，防禦力 $ADD_AC_PHYSICS 、移動速度 - 420，持續15秒。被詛咒者的周圍敵對目標皆會受到詛咒影響。\n\n目標必需被巫毒娃娃附身。\n		ADD_AC_PHYSICS(1)(1)
45010	詛咒控制	必須裝備巫毒娃娃\n類型：死靈\n\n藉由詛咒的力量，讓巫毒娃娃承受的傷害轉移到目標身上，造成3次 $ADD_DAMMIMAGIC + 250%魔法傷害。並有機率造成擊倒。\n\n目標必需被巫毒娃娃附身。	類型：死靈\n\n藉由詛咒的力量，讓巫毒娃娃承受的傷害轉移到目標身上，造成3次 $ADD_DAMMIMAGIC + 250%魔法傷害。並有機率造成擊倒。\n\n目標必需被巫毒娃娃附身。\n		ADD_DAMMIMAGIC(1)(2.5)
45011	闇魂結晶	必須裝備巫毒娃娃\n消耗集氣：3層\n類型：死靈\n\n不斷的凝聚死靈之力，對目標周圍10名敵對目標造成$ADD_DAMMIMAGIC + 1200%魔法傷害。並有機率造成擊飛。\n\n目標必需被巫毒娃娃附身。	消耗集氣：3層\n類型：死靈\n\n不斷的凝聚死靈之力，對目標周圍10名敵對目標造成$ADD_DAMMIMAGIC + 1200%魔法傷害。並有機率造成擊飛。\n\n目標必需被巫毒娃娃附身。\n		ADD_DAMMIMAGIC(1)(12)
45012	魁儡衝擊	必須裝備巫毒娃娃\n回復精力值：5 x 攻擊敵人次數\n類型：死靈\n\n讓巫毒娃娃往前飛，對路徑上10名敵對目標造成 $ADD_DAMPLUS_MAGIC + 250% 物理與魔法重擊傷害。\n\n巫毒娃娃不能處於附身狀態。	回復精力值：5 x 攻擊敵人次數\n類型：死靈\n\n讓巫毒娃娃往前飛，對路徑上10名敵對目標造成 $ADD_DAMPLUS_MAGIC + 250% 物理與魔法重擊傷害。\n\n巫毒娃娃不能處於附身狀態。\n		ADD_DAMPLUS_MAGIC(1)(2.5)
45013	黑魔爪	必須裝備巫毒娃娃\n產生集氣：1層\n類型：死靈、劈砍\n\n向後跳一段距離後，使喚巫毒娃娃攻擊前方6名敵對目標造成 $ADD_DAMMIMAGIC + 160% 魔法傷害。\n\n巫毒娃娃不能處於附身狀態。	產生集氣：1層\n類型：死靈、劈砍\n\n向後跳一段距離後，使喚巫毒娃娃攻擊前方6名敵對目標造成 $ADD_DAMMIMAGIC + 160% 魔法傷害。\n\n巫毒娃娃不能處於附身狀態。\n		ADD_DAMMIMAGIC(1)(1.2)
45014	黑魔掌	必須裝備巫毒娃娃\n類型：死靈、撞擊\n\n使喚巫毒娃娃進行攻擊，對6名前方敵對目標造成 $ADD_DAMPLUS_MAGIC + 250% 物理與魔法重擊傷害。並有機率造成擊倒。\n\n巫毒娃娃不能處於附身狀態。	類型：死靈\n\n使喚巫毒娃娃進行攻擊，對6名前方敵對目標造成 $ADD_DAMPLUS_MAGIC + 250% 物理與魔法重擊傷害。並有機率造成擊倒。\n\n巫毒娃娃不能處於附身狀態。\n		ADD_DAMPLUS_MAGIC(1)(2.5)
45015	巫毒領域	必須裝備巫毒娃娃\n消耗集氣：2層\n類型：無\n\n在自身周圍展開巫毒領域，讓所有在領域內的隊伍成員攻擊力 + $ADD_DAMMIPHYSICS 、重擊 + $ADD_DAMPLUS_PHYSICS、並附帶20%的生命吸取效果。	消耗集氣：2層\n類型：死靈\n\n在自身周圍展開巫毒領域，讓所有在領域內的隊伍成員攻擊力 + $ADD_DAMMIPHYSICS 、重擊 + $ADD_DAMPLUS_PHYSICS、並附帶20%的生命吸取效果。\n		ADD_DAMMIPHYSICS(1)(1);ADD_DAMPLUS_PHYSICS(1)(1)
45016	上鉤拳	必須裝備巫毒娃娃\n產生集氣：1層\n類型：死靈\n\n使喚巫毒娃娃進行攻擊，攻擊敵對目標造成$ADD_DAMMIMAGIC + 175% 魔法傷害。並有機率造成擊倒。\n\n巫毒娃娃不能處於附身狀態。	產生集氣：1層\n類型：死靈\n\n使喚巫毒娃娃進行攻擊，攻擊敵對目標造成$ADD_DAMMIMAGIC + 175% 魔法傷害。並有機率造成擊倒。\n\n巫毒娃娃不能處於附身狀態。\n\n巫毒娃娃不能處於附身狀態。\n		ADD_DAMMIMAGIC(1)(1.75)
45017	黑暗衝擊	必須裝備巫毒娃娃\n回復精力值：5 x 攻擊敵人次數\n類型：死靈\n\n使喚巫毒娃娃攻擊前方範圍內敵人造成$ADD_DAMMIMAGIC + 65% 魔法傷害。\n\n巫毒娃娃不能處於附身狀態。	回復精力值：5 x 攻擊敵人次數\n類型：死靈\n\n使喚巫毒娃娃攻擊前方範圍內敵人造成$ADD_DAMMIMAGIC + 65% 魔法傷害。\n\n巫毒娃娃不能處於附身狀態。\n		ADD_DAMMIMAGIC(1)(0.65)
45018	生命漩渦	必須裝備巫毒娃娃\n消耗集氣：3層\n類型：死靈\n\n呼喚血的渦流持續攻擊周圍敵人造成 9次 $ADD_DAMMIMAGIC + 140% 物理與魔法重擊傷害。造成的傷害50%會轉換為自己的生命。使用中移動速度 - 420、防禦力$ADD_AC_PHYSICS\n\n被攻擊到的敵人會進入嘲諷狀態，嘲諷等級+10。	消耗集氣：3層\n類型：死靈\n\n呼喚血的渦流持續攻擊周圍敵人造成 9次 $ADD_DAMMIMAGIC + 140% 物理與魔法重擊傷害。造成的傷害50%會轉換為自己的生命。使用中移動速度 - 420、防禦力$ADD_AC_PHYSICS\n\n被攻擊到的敵人會進入嘲諷狀態，嘲諷等級+10。\n		ADD_DAMMIMAGIC(1)(1.4);ADD_AC_PHYSICS(1)(1)
45019	黑暗靈魂球	必須裝備巫毒娃娃\n產生集氣：1層\n類型：死靈\n\n對著前方投擲黑暗靈魂球，黑暗靈魂球觸地之後會炸裂對周圍敵人造成多次$ADD_DAMMIMAGIC + 70% 魔法傷害。並有機會擊飛敵對目標。 	產生集氣：1層\n類型：死靈\n\n對著前方投擲黑暗靈魂球，黑暗靈魂球觸地之後會炸裂對周圍敵人造成多次$ADD_DAMMIMAGIC + 70% 魔法傷害。並有機會擊飛敵對目標。 		ADD_DAMMIMAGIC(1)(0.7)
45020	魁儡魔裝	必須裝備巫毒娃娃\n回復精力值：100\n消耗集氣：5層\n類型：死靈\n\n讓巫毒娃娃與自己產生共鳴，強化自己的能力。\n\n攻擊力 + $ADD_DAMMIMAGIC\n重擊 + $ADD_DAMPLUS_MAGIC\n傷害10%轉為自己的生命\n精力恢復速度 + $ADD_RECOVER_STAMINA\n防禦力$ADD_AC_PHYSICS\n\n使用後會強制收回詛咒。	回復精力值：100\n消耗集氣：5層\n類型：死靈\n\n讓巫毒娃娃與自己產生共鳴，強化自己的能力。\n\n攻擊力 + $ADD_DAMMIMAGIC\n重擊 + $ADD_DAMPLUS_MAGIC\n傷害10%轉為自己的生命\n精力恢復速度 + $ADD_RECOVER_STAMINA\n防禦力$ADD_AC_PHYSICS\n\n使用後會強制收回詛咒。\n		ADD_AC_PHYSICS(1)(1);ADD_DAMMIMAGIC(1)(1);ADD_DAMPLUS_MAGIC(1)(1);ADD_RECOVER_STAMINA(1)(1)
45021	怨念釋放	必須裝備巫毒娃娃\n消耗集氣：1~5層\n類型：死靈、劈砍\n\n釋放所有集氣一口氣對詛咒目標造成重大傷害。每層集氣造成 $ADD_DAMMIMAGIC + 300%魔法傷害，並有機率造成擊倒。\n\n目標必需被巫毒娃娃附身。	消耗集氣：1~5層\n類型：死靈、劈砍\n\n釋放所有集氣一口氣對詛咒目標造成重大傷害。每層集氣造成 $ADD_DAMMIMAGIC + 300%魔法傷害，並有機率造成擊倒。\n\n目標必需被巫毒娃娃附身。\n		ADD_DAMMIMAGIC(1)(3)
45022	怨靈之牆	必須裝備巫毒娃娃\n消耗集氣：2層\n類型：死靈\n\n在指定地點放下3道火柱，火柱有機率擊退觸碰的敵人，並造成 $ADD_DAMMIMAGIC + 20%魔法傷害。	消耗集氣：2層\n類型：死靈\n\n在指定地點放下3道火柱，火柱有機率擊退觸碰的敵人，並造成 $ADD_DAMMIMAGIC + 20%魔法傷害。\n		ADD_DAMMIMAGIC(1)(0.2)
45023	進階巫毒使修練	巫毒使的基礎訓練使你的魔法穿甲+$ADD_PENETRATE_MAGIC，精力上限 + $ADD_STAMINAMAX，生命上限+$ADD_HPMAX。\n無法以兼職學得此技能。	巫毒使的基礎訓練使你的魔法穿甲+$ADD_PENETRATE_MAGIC，精力上限 + $ADD_STAMINAMAX，生命上限+$ADD_HPMAX。\n無法以兼職學得此技能。		ADD_STAMINAMAX(1)(1);ADD_HPMAX(1)(1);ADD_PENETRATE_MAGIC(1)(1)
45024	資深巫毒使修練	巫毒使的基礎訓練使你的魔法穿甲+$ADD_PENETRATE_MAGIC，精力上限 + $ADD_STAMINAMAX，生命上限+$ADD_HPMAX。\n無法以兼職學得此技能。	巫毒使的基礎訓練使你的魔法穿甲+$ADD_PENETRATE_MAGIC，精力上限 + $ADD_STAMINAMAX，生命上限+$ADD_HPMAX。\n無法以兼職學得此技能。		ADD_STAMINAMAX(1)(1);ADD_HPMAX(1)(1);ADD_PENETRATE_MAGIC(1)(1)
45025	菁英巫毒使修練	巫毒使的基礎訓練使你的魔法穿甲+$ADD_PENETRATE_MAGIC，精力上限 + $ADD_STAMINAMAX，生命上限+$ADD_HPMAX。\n無法以兼職學得此技能。	巫毒使的基礎訓練使你的魔法穿甲+$ADD_PENETRATE_MAGIC，精力上限 + $ADD_STAMINAMAX，生命上限+$ADD_HPMAX。\n無法以兼職學得此技能。		ADD_STAMINAMAX(1)(1);ADD_HPMAX(1)(1);ADD_PENETRATE_MAGIC(1)(1)
