n_ID	s_NAME	s_COMMON	s_EQUIPED	s_USED
1	Adventure Key	กุญแจที่ใช้เข้าดันเจี้ยนสองคน สามารถใช้ Poseidon Gold ซื้อได้ และสามารถซื้อได้ที่ร้านค้าค่าความสนิท		
2	Poseidon Gold	เหรียญทองที่มีแสงแวววาว ตำนานเล่าว่าเป็นเหรียญทองของโพไซดอน ณ เมือง Port Royal มีชายหนุ่มคนหนึ่งชอบสะสม Poseidon Gold จึงเสนอว่าต้องเอาไอเทมวาร์ปมาแลก!		
3	EXP ansion Crystal Lattice	ไอเทมใช้เปิดช่องหลอมผลึก ใส่ลงหน้าต่างคำถามในขั้นตอนการเปิดช่องหลอมผลึก		
4	EXP ansion Crystal Lattice	ไอเทมใช้เปิดช่องหลอมผลึก ใส่ลงหน้าต่างคำถามในขั้นตอนการเปิดช่องหลอมผลึก		
5	Massage Horn	ไอเทมที่ต้องมีในการพูดในแชแนล [ทั้งหมด] ทุกครั้งที่ส่งข้อความจะหักไอเทมนี้ 1 ชิ้น		
6	Inherit Stone	ไอเทมที่ต้องมีในการโอนย้ายพลัง (สามารถหาได้จากพ่อค้า Element Exchange)		
7	Earth Element	ธาตุที่ได้จากการแยก\n(สามารถนำไปแลกกับพ่อค้าแลกสินค้าจะได้ของมาไม่น้อย)		
8	Water Element	ธาตุที่ได้จากการแยก\n(สามารถนำไปแลกกับพ่อค้าแลกสินค้าจะได้ของมาไม่น้อย)		
9	Fire Element	ธาตุที่ได้จากการแยก\n(สามารถนำไปแลกกับพ่อค้าแลกสินค้าจะได้ของมาไม่น้อย)		
10	Wind Element	ธาตุที่ได้จากการแยก\n(สามารถนำไปแลกกับพ่อค้าแลกสินค้าจะได้ของมาไม่น้อย)		
11	Water	หนึ่งในวัสดุหมักเหล้าพื้นฐาน\n(เมื่อทำการ [หมักเหล้า] ที่ [Guild Island] หรือ [ร้านเหล้า] สามารถอ่านวิธีการใช้ของวัสดุได้ในสูตร)		
12	Fine Sugar	หนึ่งในวัสดุหมักเหล้าพื้นฐาน\n(เมื่อทำการ [หมักเหล้า] ที่ [Guild Island] หรือ [ร้านเหล้า] สามารถอ่านวิธีการใช้ของวัสดุได้ในสูตร)		
13	Granulated Sugar	หนึ่งในวัสดุหมักเหล้าพื้นฐาน\n(เมื่อทำการ [หมักเหล้า] ที่ [Guild Island] หรือ [ร้านเหล้า] สามารถอ่านวิธีการใช้ของวัสดุได้ในสูตร)		
14	Password list	รายชื่อรหัสที่ยังไม่ทราบแน่ชัดว่าสามารถนำมาใช้ประโยชน์ได้ ไม่แน่อาจได้ใช้ในยามจำเป็นก็ได้นะ?		สามารถนำ [Password list] [Incomplete letter] [No Detail Letter] หลอมเป็น [Complete Letter] ได้
15	Incomplete letter	ถึง......(ไม่สามารถอ่านเนื้อหาด้านในได้ อาจมีส่วนอื่นที่ต้องทำการประกอบ)		สามารถนำ [Password list] [Incomplete letter] [No Detail Letter] หลอมเป็น [Complete Letter] ได้
16	No Detail Letter	ที่......(ไม่สามารถอ่านเนื้อหาด้านในได้ อาจมีส่วนอื่นที่ต้องทำการประกอบ)		สามารถนำ [Password list] [Incomplete letter] [No Detail Letter] หลอมเป็น [Complete Letter] ได้
17	Complete Letter	เมื่อทำการปลดรหัสแล้วสามารถอ่านได้ มันเป็นของใครกันแน่นะ?		ลองเปิดดูสิ! 
18	Test Slime	ไม่สามารถเก็บได้ เป็นเพียงแค่ไอเทมจากการทดลองผิดพลาด แต่สามารถนำมาผสมได้!		สามารถเพิ่มอัตราการรวมสัตว์เลี้ยงได้! 
19	Test Slime X	ไม่สามารถเก็บได้ เป็นเพียงแค่ไอเทมจากการทดลองผิดพลาด แต่สามารถนำมาผสมได้!		สามารถเพิ่มอัตราการรวมสัตว์เลี้ยงได้! 
20	Test Slime A	ไม่สามารถเก็บได้ เป็นเพียงแค่ไอเทมจากการทดลองผิดพลาด แต่สามารถนำมาผสมได้!		สามารถเพิ่มอัตราการรวมสัตว์เลี้ยงได้! 
21	Test Slime B	ไม่สามารถเก็บได้ เป็นเพียงแค่ไอเทมจากการทดลองผิดพลาด แต่สามารถนำมาผสมได้!		สามารถเพิ่มอัตราการรวมสัตว์เลี้ยงได้! 
22	Kindly Pumpkin	ฟักทองที่ NPC บางท่านชื่นชอบ สะสมให้ครบ 25 อัน สามารถนำไปแลก Purple Pumpkin Surprise ได้ 1 อัน		
23	Color Feather	ขนนกที่ NPC บางท่านชื่นชอบ สะสมให้ครบ 25 อัน สามารถนำไปแลก [Christmas Box] ได้ 1 อัน		
24	Soft Snowflake	มีคนจำนวนมากอยากได้มัน!		
25	Element Pack (Earth) LV.1			เมื่อเปิดจะสุ่มจำนวนรับ Earth Element LV.1
26	Element Pack (Earth) LV.2			เมื่อเปิดจะสุ่มจำนวนรับ Earth Element LV.2
27	Element Pack (Earth) LV.3			เมื่อเปิดจะสุ่มจำนวนรับ Earth Element LV.3
28	Element Pack (Earth) LV.4			เมื่อเปิดจะสุ่มจำนวนรับ Earth Element LV.4
29	Element Pack (Earth) LV.5			เมื่อเปิดจะสุ่มจำนวนรับ Earth Element LV.5
30	Element Pack (Earth) Lv.6			เมื่อเปิดจะได้รับ Fire Element และมีโอกาสได้รับธาตุอื่นๆ
31	Element Pack (Earth) Lv.7			เมื่อเปิดจะได้รับ Water Element และมีโอกาสได้รับธาตุอื่นๆ
32	Element Pack (Earth) Lv.8			เมื่อเปิดจะสุ่มจำนวนรับ Earth Element 
33	Element Pack (Earth) Lv.9			เมื่อเปิดจะได้รับ Wind Element และมีโอกาสได้รับธาตุอื่นๆ
34	Element Pack (Earth) Lv.10			เมื่อเปิดจะได้รับ Fire Element และมีโอกาสได้รับธาตุอื่นๆ
35	No Use			เมื่อเปิดจะได้รับ Water Element และมีโอกาสได้รับธาตุอื่นๆ
36	No Use			เมื่อเปิดจะสุ่มจำนวนรับ Earth Element 
37	No Use			เมื่อเปิดจะได้รับ Wind Element และมีโอกาสได้รับธาตุอื่นๆ
38	No Use			เมื่อเปิดจะได้รับ Fire Element และมีโอกาสได้รับธาตุอื่นๆ
39	No Use			เมื่อเปิดจะได้รับ Water Element และมีโอกาสได้รับธาตุอื่นๆ
40	No Use			เมื่อเปิดจะสุ่มจำนวนรับ Earth Element 
41	Red Gem	ไอเทมที่ต้องการในการเสริมพลัง Sword Soul, ลบค่าถดถอย Sword Soul 		
42	Blue Gem	ไอเทมที่ต้องการในการตีบวกเครื่องป้องกัน		
43	Green Gem	ไอเทมที่ต้องการในการตีบวกเครื่องประดับ		
44	Reward Red Gem	ไอเทมที่ต้องการในการเสริมพลัง Sword Soul, ลบค่าถดถอย Sword Soul 		
45	Reward Blue Gem	ไอเทมที่ต้องการในการตีบวกเครื่องป้องกัน		
46	Reward Green Gem	ไอเทมที่ต้องการในการตีบวกเครื่องประดับ		
47	Advanced Gem Pack			เมื่อเปิดจะได้รับหินตีบวกจำนวนหนึ่ง
48	Special Gem Pack			เมื่อเปิดจะได้รับหินตีบวกจำนวนหนึ่ง
49	Reward Gem Pack			เมื่อเปิดจะได้รับหินตีบวก 2 อัน (สุ่มรับRed Gem, Blue Gem, Green Gem)
51	Ship Colourant No.1	ทำการเปลี่ยนสีเรือได้กับ [Jensen] ที่อยู่ใน [Port Royal] ขอบเขตที่ย้อมสีได้มี 30 ถึง 180		
52	Ship Colourant No.2	ทำการเปลี่ยนสีเรือได้กับ [Jensen] ที่อยู่ใน [Port Royal] ขอบเขตที่ย้อมสีได้มี 70 ถึง 220		
53	Ship Colourant No.3	ทำการเปลี่ยนสีเรือได้กับ [Jensen] ที่อยู่ใน [Port Royal] ขอบเขตที่ย้อมสีได้มี 50 ถึง 200		
54	Ship Colourant No.4	ทำการเปลี่ยนสีเรือได้กับ [Jensen] ที่อยู่ใน [Port Royal] ขอบเขตที่ย้อมสีได้มี 20 ถึง 210		
55	Ship Colourant No.5	ทำการเปลี่ยนสีเรือได้กับ [Jensen] ที่อยู่ใน [Port Royal] ขอบเขตที่ย้อมสีได้มี 30 ถึง 230		
57	Color Paint No.1	ทำการเปลี่ยนสีชุดสวมใส่ได้กับ [Adam] ที่อยู่ใน [Port Royal]ขอบเขตที่ย้อมสีได้มี 50 ถึง 150		
58	Color Paint No.2	ทำการเปลี่ยนสีชุดสวมใส่ได้กับ [Adam] ที่อยู่ใน [Port Royal]ขอบเขตที่ย้อมสีได้มี 100 ถึง 200		
59	Color Paint No.3	ทำการเปลี่ยนสีชุดสวมใส่ได้กับ [Adam] ที่อยู่ใน [Port Royal]ขอบเขตที่ย้อมสีได้มี 50 ถึง 200		
60	Color Paint No.4	ทำการเปลี่ยนสีชุดสวมใส่ได้กับ [Adam] ที่อยู่ใน [Port Royal]ขอบเขตที่ย้อมสีได้มี 20 ถึง 230		
61	Black Color Paint	ทำการเปลี่ยนสีชุดสวมใส่ให้เป็นสีดำได้กับ [Adam] ที่อยู่ใน [Port Royal] ขอบเขตที่ย้อมสีได้มี 25 ถึง 35		
62	Color Paint No.4	ขอบเขตการย้อมอยู่ที่ 20-230 เมื่อได้รับไอเทมนี้แล้ว สามารถไปหา 【Adam】 ที่ 【Port Royal】 เพื่อย้อมสีใหม่		
64	Micro Vintage Material Pack(Water)			เมื่อเปิดจะได้รับ Water และมีโอกาศได้รับ Brewing Material อื่นๆ
65	Micro Vintage Material Pack(Granulated Sugar)			เมื่อเปิดจะได้รับ Granulated Sugar และมีโอกาศได้รับ Brewing Material อื่นๆ
66	Micro Vintage Material Pack(Fine Sugar)			เมื่อเปิดจะได้รับ Fine Sugar และมีโอกาศได้รับ Brewing Material อื่นๆ
67	Light Vintage Material Pack(Water)			เมื่อเปิดจะได้รับWater และมีโอกาศได้รับ Brewing Material อื่นๆ
68	Light Vintage Material Pack(Granulated Sugar)			เมื่อเปิดจะได้รับ Granulated Sugar และมีโอกาศได้รับBrewing Material อื่นๆ
69	Light Vintage Material Pack(Fine Sugar)			เมื่อเปิดจะได้รับ Fine Sugar และมีโอกาศได้รับ Brewing Material อื่นๆ
70	Medium Vintage Material Pack(Water)			เมื่อเปิดจะได้รับWater และมีโอกาศได้รับ Brewing Material อื่นๆ
71	Medium Vintage Material Pack(Granulated Sugar)			เมื่อเปิดจะได้รับ Granulated Sugar และมีโอกาศได้รับ Brewing Material อื่นๆ
72	Medium Vintage Material Pack(Fine Sugar)			เมื่อเปิดจะได้รับ Fine Sugar และมีโอกาศได้รับ Brewing Material อื่นๆ
73	Extra Vintage Material Pack(Water)			เมื่อเปิดจะได้รับ Water และมีโอกาศได้รับ Brewing Material อื่นๆ
74	Extra Vintage Material Pack(Granulated Sugar)			เมื่อเปิดจะได้รับ Granulated Sugar และมีโอกาศได้รับ Brewing Material อื่นๆ
75	Extra Vintage Material Pack(Fine Sugar)			เมื่อเปิดจะได้รับ Fine Sugar และมีโอกาศได้รับ Brewing Material อื่นๆ
76	Thick Vintage Material Pack(Water)			เมื่อเปิดจะได้รับWater และมีโอกาศได้รับ Brewing Material อื่นๆ
77	Thick Vintage Material Pack(Granulated Sugar)			เมื่อเปิดจะได้รับ Granulated Sugar และมีโอกาศได้รับ Brewing Material อื่นๆ
78	Thick Vintage Material Pack(Fine Sugar)			เมื่อเปิดจะได้รับ Fine Sugar และมีโอกาศได้รับ Brewing Material อื่นๆ
79	Overload Vintage Material Pack(Water)			เมื่อเปิดจะได้รับWater และมีโอกาศได้รับ Brewing Material อื่นๆ
80	Overload Vintage Material Pack(Granulated Sugar)			เมื่อเปิดจะได้รับ Granulated Sugar และมีโอกาศได้รับ Brewing Material อื่นๆ
81	Incredible Key	กุญแจที่มีพลังแฝงอยู่ สามารถนำมาเปิดกล่องสมบัติเทพได้! (เกาะที่พบจากการสอดส่อง บางทีอาจมีกล่องสมบัติเทพอยู่ก็ได้)		หมายเหตุ!! เมื่อพลังงานหมดกุญแจจะหายไป! 
82	Jumbo Vintage Material Pack(Water)			เมื่อเปิดจะได้รับ Water และมีโอกาศได้รับ Brewing Material อื่นๆ
83	Jumbo Vintage Material Pack(Granulated Sugar)			เมื่อเปิดจะได้รับ Granulated Sugar และมีโอกาศได้รับ Brewing Material อื่นๆ
84	Jumbo Vintage Material Pack(Fine Sugar)			เมื่อเปิดจะได้รับ Fine Sugar และมีโอกาศได้รับ Brewing Material อื่นๆ
85	Advanced Vintage Material Pack(Water)			เมื่อเปิดจะได้รับ Water และมีโอกาศได้รับ Brewing Material อื่นๆ
86	Advanced Vintage Material Pack(Granulated Sugar)			เมื่อเปิดจะได้รับ Granulated Sugar และมีโอกาศได้รับ Brewing Material อื่นๆ
87	Advanced Vintage Material Pack(Fine Sugar)			เมื่อเปิดจะได้รับ Fine Sugar และมีโอกาศได้รับ Brewing Material อื่นๆ
88	Special Vintage Material Pack(Water)			เมื่อเปิดจะได้รับ Water และมีโอกาศได้รับ Brewing Material อื่นๆ
89	Special Vintage Material Pack(Granulated Sugar)			เมื่อเปิดจะได้รับ Granulated Sugar และมีโอกาศได้รับ Brewing Material อื่นๆ
90	Special Vintage Material Pack(Fine Sugar)			เมื่อเปิดจะได้รับ Fine Sugar และมีโอกาศได้รับ Brewing Material อื่นๆ
91	Damage Piece	ของสิ่งนี้เก่ามากแล้ว แต่ดูแล้วของสิ่งนี้น่าจะเป็นชิ้นส่วน Field Guide ที่ [Da Vinci] เคยพูดถึง นำกลับไปที่ [Port Royal] ให้ [Chalais] ผู้ช่วยของเขาดูให้สิ		
92	Broken Piece	ของสิ่งนี้เก่ามากแล้ว แต่ดูแล้วของสิ่งนี้น่าจะเป็นชิ้นส่วน Field Guide ที่ [Da Vinci] เคยพูดถึง นำกลับไปที่ [Port Royal] ให้ [Chalais] ผู้ช่วยของเขาดูให้สิ		
93	Illegible Piece	ของสิ่งนี้เก่ามากแล้ว แต่ดูแล้วของสิ่งนี้น่าจะเป็นชิ้นส่วน Field Guide ที่ [Da Vinci] เคยพูดถึง นำกลับไปที่ [Port Royal] ให้ [Chalais] ผู้ช่วยของเขาดูให้สิ		
94	Smudge Piece	ของสิ่งนี้เก่ามากแล้ว แต่ดูแล้วของสิ่งนี้น่าจะเป็นชิ้นส่วน Field Guide ที่ [Da Vinci] เคยพูดถึง นำกลับไปที่ [Port Royal] ให้ [Chalais] ผู้ช่วยของเขาดูให้สิ		
95	World Essence	ธาตุที่แยกมาจากเครื่องสวมใส่ สามารถนำไปแลกไอเทมได้		
96	Ship Soul White Jade	Soul Jade ลูกเรือระดับต้น ไอเทมที่ต้องการในการอัพเกรดสีขาวให้เป็นสีเขียว		หากมี [Ship Soul White Jade] 3 อัน สามารถรวม [Ship Soul Green Jade] ได้ 1 อัน
97	Ship Soul Green Jade	Soul Jade ลูกเรือระดับกลาง ไอเทมที่ต้องการในการอัพเกรดสีเขียวให้เป็นสีฟ้า		หากมี [Ship Soul Green Jade] 3 อัน สามารถรวม [Ship Soul Blue Jade] ได้ 1 อัน
98	Ship Soul Blue Jade	Soul Jade ลูกเรือระดับสูง ไอเทมที่ต้องการในการอัพเกรดสีฟ้าให้เป็นสีม่วง		
99	Pivot Station	ไอเทมที่ต้องการในการเปิดดันเจี้ยน 2 ดาว มันถูกฝังไว้ที่ [Nora Jana] !\n(สมาชิกในทีมจะต้องทำ Field Guide ของดันเจี้ยนให้สำเร็จจึงจะเปิดด่านได้)		
101	Small Fruit	หนึ่งในวัตถุดิบที่ใช้หมัก Fruit Wine\n(เมื่อทำการ [หมักเหล้า] ที่ [Guild Island] หรือ [ร้านเหล้า] สามารถอ่านวิธีการใช้ของวัสดุได้ในสูตร)		
102	Wild Fruit 	หนึ่งในวัตถุดิบที่ใช้หมัก Fruit Wine\n(เมื่อทำการ [หมักเหล้า] ที่ [Guild Island] หรือ [ร้านเหล้า] สามารถอ่านวิธีการใช้ของวัสดุได้ในสูตร)		
103	Empty Fruit	หนึ่งในวัตถุดิบที่ใช้หมัก Fruit Wine\n(เมื่อทำการ [หมักเหล้า] ที่ [Guild Island] หรือ [ร้านเหล้า] สามารถอ่านวิธีการใช้ของวัสดุได้ในสูตร)		
104	Mountain Fruit	หนึ่งในวัตถุดิบที่ใช้หมัก Fruit Wine\n(เมื่อทำการ [หมักเหล้า] ที่ [Guild Island] หรือ [ร้านเหล้า] สามารถอ่านวิธีการใช้ของวัสดุได้ในสูตร)		
105	Narcissus Fruit	หนึ่งในวัตถุดิบที่ใช้หมัก Fruit Wine\n(เมื่อทำการ [หมักเหล้า] ที่ [Guild Island] หรือ [ร้านเหล้า] สามารถอ่านวิธีการใช้ของวัสดุได้ในสูตร)		
151	Red Herb	หนึ่งในวัตถุดิบที่ใช้หมัก Special Wine\n(เมื่อทำการ [หมักเหล้า] ที่ [Guild Island] หรือ [ร้านเหล้า] สามารถอ่านวิธีการใช้ของวัสดุได้ในสูตร)		
152	Green Herb	หนึ่งในวัตถุดิบที่ใช้หมัก Special Wine\n(เมื่อทำการ [หมักเหล้า] ที่ [Guild Island] หรือ [ร้านเหล้า] สามารถอ่านวิธีการใช้ของวัสดุได้ในสูตร)		
153	Brown Herb	หนึ่งในวัตถุดิบที่ใช้หมัก Special Wine\n(เมื่อทำการ [หมักเหล้า] ที่ [Guild Island] หรือ [ร้านเหล้า] สามารถอ่านวิธีการใช้ของวัสดุได้ในสูตร)		
154	Light Herb	หนึ่งในวัตถุดิบที่ใช้หมัก Special Wine\n(เมื่อทำการ [หมักเหล้า] ที่ [Guild Island] หรือ [ร้านเหล้า] สามารถอ่านวิธีการใช้ของวัสดุได้ในสูตร)		
155	Shine Herb	หนึ่งในวัตถุดิบที่ใช้หมัก Special Wine\n(เมื่อทำการ [หมักเหล้า] ที่ [Guild Island] หรือ [ร้านเหล้า] สามารถอ่านวิธีการใช้ของวัสดุได้ในสูตร)		
156	Heavy Herb	หนึ่งในวัตถุดิบที่ใช้หมัก Special Wine\n(เมื่อทำการ [หมักเหล้า] ที่ [Guild Island] หรือ [ร้านเหล้า] สามารถอ่านวิธีการใช้ของวัสดุได้ในสูตร)		
191	Forest Spring	วัสดุหมักเหล้าที่หาซื้อได้ในร้านขายของชำ\n(การ [หมักเหล้า] สามารถอ่านวิธีการใช้ของวัสดุได้ในสูตร)		
192	Mountain Spring	วัสดุหมักเหล้าที่หาซื้อได้ในร้านขายของชำ\n(การ [หมักเหล้า] สามารถอ่านวิธีการใช้ของวัสดุได้ในสูตร)		
193	Special Sugar	วัสดุหมักเหล้าที่หาซื้อได้ในร้านขายของชำ\n(การ [หมักเหล้า] สามารถอ่านวิธีการใช้ของวัสดุได้ในสูตร)		
194	Purify Sugar	วัสดุหมักเหล้าที่หาซื้อได้ในร้านขายของชำ\n(การ [หมักเหล้า] สามารถอ่านวิธีการใช้ของวัสดุได้ในสูตร)		
195	Turmeric Sugar	วัสดุหมักเหล้าที่หาซื้อได้ในร้านขายของชำ\n(การ [หมักเหล้า] สามารถอ่านวิธีการใช้ของวัสดุได้ในสูตร)		
196	Fruit Sugar	วัสดุหมักเหล้าที่หาซื้อได้ในร้านขายของชำ\n(การ [หมักเหล้า] สามารถอ่านวิธีการใช้ของวัสดุได้ในสูตร)		
201	Deeply Wind Root	หนึ่งในวัสดุหมักเหล้าพิเศษ\n(เมื่อทำการ [หมักเหล้า] ที่ [Guild Island] หรือ [ร้านเหล้า] สามารถอ่านวิธีการใช้ของวัสดุได้ในสูตร)		
202	Yellow Short Root	หนึ่งในวัสดุหมักเหล้าพิเศษ\n(เมื่อทำการ [หมักเหล้า] ที่ [Guild Island] หรือ [ร้านเหล้า] สามารถอ่านวิธีการใช้ของวัสดุได้ในสูตร)		
203	Wood Thick Root	หนึ่งในวัสดุหมักเหล้าพิเศษ\n(เมื่อทำการ [หมักเหล้า] ที่ [Guild Island] หรือ [ร้านเหล้า] สามารถอ่านวิธีการใช้ของวัสดุได้ในสูตร)		
204	Red Soft Root	หนึ่งในวัสดุหมักเหล้าพิเศษ\n(เมื่อทำการ [หมักเหล้า] ที่ [Guild Island] หรือ [ร้านเหล้า] สามารถอ่านวิธีการใช้ของวัสดุได้ในสูตร)		
205	Fungus Roll Root	หนึ่งในวัสดุหมักเหล้าพิเศษ\n(เมื่อทำการ [หมักเหล้า] ที่ [Guild Island] หรือ [ร้านเหล้า] สามารถอ่านวิธีการใช้ของวัสดุได้ในสูตร)		
206	Lake Soft Root	หนึ่งในวัสดุหมักเหล้าพิเศษ\n(เมื่อทำการ [หมักเหล้า] ที่ [Guild Island] หรือ [ร้านเหล้า] สามารถอ่านวิธีการใช้ของวัสดุได้ในสูตร)		
251	Refreshing Crystal	วัสดุหมักเหล้าหายาก สามารถนำธาตุที่ได้จากการแยกมาแลกเปลี่ยนกับพ่อค้าแลกเปลี่ยนได้!		
252	Snow Short Wing	วัสดุหมักเหล้าหายาก สามารถนำธาตุที่ได้จากการแยกมาแลกเปลี่ยนกับพ่อค้าแลกเปลี่ยนได้!		
253	Deep sea Scale	วัสดุหมักเหล้าหายาก สามารถนำธาตุที่ได้จากการแยกมาแลกเปลี่ยนกับพ่อค้าแลกเปลี่ยนได้!		
254	Energy Fire	วัสดุหมักเหล้าหายาก สามารถนำธาตุที่ได้จากการแยกมาแลกเปลี่ยนกับพ่อค้าแลกเปลี่ยนได้!		
255	Flame Horn	วัสดุหมักเหล้าหายาก สามารถนำธาตุที่ได้จากการแยกมาแลกเปลี่ยนกับพ่อค้าแลกเปลี่ยนได้!		
256	Guard Cover	วัสดุหมักเหล้าหายาก สามารถนำธาตุที่ได้จากการแยกมาแลกเปลี่ยนกับพ่อค้าแลกเปลี่ยนได้!		
261	Blue Sea Fragment	ชิ้นส่วนที่มีแสงสีฟ้า เก็บสะสมเพื่อนำไปแลกไอเทม		
262	Purple Fragment	ชิ้นส่วนที่มีแสงสีม่วง เก็บสะสมเพื่อนำไปแลกไอเทม		
281	Al Timo Core	ได้รับจากภารกิจประจำวันทุกวัน\n(นำไอเทมนี้ให้หัวหน้ากิลด์ เมื่อสะสมได้จำนวนหนึ่ง จึงจะสามารถเรียกปีศาจบาปกำเนิดที่ Guild Island ได้)		
282	Beirut Gauntlets	ได้รับจากภารกิจประจำวันทุกวัน\n(นำไอเทมนี้ให้หัวหน้ากิลด์ เมื่อสะสมได้จำนวนหนึ่ง จึงจะสามารถเรียกปีศาจบาปกำเนิดที่ Guild Island ได้)		
283	Cruise Sword	ได้รับจากภารกิจประจำวันทุกวัน\n(นำไอเทมนี้ให้หัวหน้ากิลด์ เมื่อสะสมได้จำนวนหนึ่ง จึงจะสามารถเรียกปีศาจบาปกำเนิดที่ Guild Island ได้)		
284	Medea Wristband	ได้รับจากภารกิจประจำวันทุกวัน\n(นำไอเทมนี้ให้หัวหน้ากิลด์ เมื่อสะสมได้จำนวนหนึ่ง จึงจะสามารถเรียกปีศาจบาปกำเนิดที่ Guild Island ได้)		
285	Armoured Car Piece	ได้รับจากภารกิจประจำวันทุกวัน\n(นำไอเทมนี้ให้หัวหน้ากิลด์ เมื่อสะสมได้จำนวนหนึ่ง จึงจะสามารถเรียกปีศาจบาปกำเนิดที่ Guild Island ได้)		
286	Dante Helmet	ได้รับจากภารกิจประจำวันทุกวัน\n(นำไอเทมนี้ให้หัวหน้ากิลด์ เมื่อสะสมได้จำนวนหนึ่ง จึงจะสามารถเรียกปีศาจบาปกำเนิดที่ Guild Island ได้)		
287	 Nora Jana Gear	ได้รับจากภารกิจประจำวันทุกวัน\n(นำไอเทมนี้ให้หัวหน้ากิลด์ เมื่อสะสมได้จำนวนหนึ่ง จึงจะสามารถเรียกปีศาจบาปกำเนิดที่ Guild Island ได้)		
291	Guild Energy Lv.3	กำจัดปีศาจบาปกำเนิดจะดรอปพลังงาน\nกรุณานำไอเทมนี้ให้เลขา Karen สามารถเพิ่ม EXP กิลด์ได้！		
292	Guild Energy Lv.4	กำจัดปีศาจบาปกำเนิดจะดรอปพลังงาน\nกรุณานำไอเทมนี้ให้เลขา Karen สามารถเพิ่ม EXP กิลด์ได้！		
293	Guild Energy Lv.5	กำจัดปีศาจบาปกำเนิดจะดรอปพลังงาน\nกรุณานำไอเทมนี้ให้เลขา Karen สามารถเพิ่ม EXP กิลด์ได้！		
294	Guild Energy Lv.6	กำจัดปีศาจบาปกำเนิดจะดรอปพลังงาน\nกรุณานำไอเทมนี้ให้เลขา Karen สามารถเพิ่ม EXP กิลด์ได้！		
295	Guild Energy Lv.7	กำจัดปีศาจบาปกำเนิดจะดรอปพลังงาน\nกรุณานำไอเทมนี้ให้เลขา Karen สามารถเพิ่ม EXP กิลด์ได้！		
296	Guild Energy Lv.8	กำจัดปีศาจบาปกำเนิดจะดรอปพลังงาน\nกรุณานำไอเทมนี้ให้เลขา Karen สามารถเพิ่ม EXP กิลด์ได้！		
297	Guild Energy Lv.9	กำจัดปีศาจบาปกำเนิดจะดรอปพลังงาน\nกรุณานำไอเทมนี้ให้เลขา Karen สามารถเพิ่ม EXP กิลด์ได้！		
301	Red Flower	ดอกไม้ที่ขึ้นตามธรรมชาติ มันสวยงามและยังสามารถนำมาทำเป็นยาได้อีกด้วย\n(เมื่อสะสมได้จำนวนหนึ่งสามารถนำไปแลกรบัรางวัลจาก NPC ได้)		
302	None Herb	พืชที่ขึ้นตามธรรมชาติ มันสวยงามและยังสามารถนำมาทำเป็นยาได้อีกด้วย\n(เมื่อสะสมได้จำนวนหนึ่งสามารถนำไปแลกรบัรางวัลจาก NPC ได้)		
303	Yellow Flower	ดอกไม้ที่ขึ้นตามธรรมชาติ มันสวยงามและยังสามารถนำมาทำเป็นยาได้อีกด้วย\n(เมื่อสะสมได้จำนวนหนึ่งสามารถนำไปแลกรบัรางวัลจาก NPC ได้)		
304	Drop Herb	พืชที่ขึ้นตามธรรมชาติ มันสวยงามและยังสามารถนำมาทำเป็นยาได้อีกด้วย\n(เมื่อสะสมได้จำนวนหนึ่งสามารถนำไปแลกรบัรางวัลจาก NPC ได้)		
305	Pesto Flower	ดอกไม้ที่ขึ้นตามธรรมชาติ มันสวยงามและยังสามารถนำมาทำเป็นยาได้อีกด้วย\n(เมื่อสะสมได้จำนวนหนึ่งสามารถนำไปแลกรบัรางวัลจาก NPC ได้)		
321	Ingenuity White Chain	ไอเทมที่ต้องการในการโอนค่าตีบวกเครื่องสวมใส่เลเวล 1~50 (สามารถหาได้จาก Element Exchange)		
322	Ingenuity Green Chain	ไอเทมที่ต้องการในการโอนค่าตีบวกเครื่องสวมใส่เลเวล 51~80 (สามารถหาได้จาก Element Exchange)		
323	Ingenuity Blue Chain	ไอเทมที่ต้องการในการโอนค่าตีบวกเครื่องสวมใส่เลเวล 81~100 (สามารถหาได้จาก Element Exchange)		
324	Ingenuity Purple Chain	ไอเทมที่ต้องการในการโอนค่าตีบวกเครื่องสวมใส่เลเวล 101~130 (สามารถหาได้จาก Element Exchange)		
341	Nautical Locator	ตัวช่วยเมื่อเดือดร้อน สามารถวาร์ปไปที่ที่ปลอดภัยได้		คลิกขวาเพื่อใช้ สามารถย้ายผู้เล่นไปยังทางเข้าฉากได้!
342	Reborn Locator	เครื่องมือที่ต้องเตรียมในการผจญภัย เมื่อใช้สามารถวาร์ปไปยังจุดเกิดได้		คลิกขวาเพื่อใช้ สามารถย้ายผู้เล่นไปยังจุดเกิดได้!
343	 Guild Island  Locator	มีสิทธิ์ใน Guild Island  เมื่อสามารถวาร์ปไปยัง Guild Island ทันที (คนที่ไม่มี Guild Island ไม่สามารถใช้ได้!)		คลิกขวาเพื่อใช้ สามารถย้ายผู้เล่นไปยัง Guild Island ได้!
344	Accurate Nautical Locator	ตัวช่วยเมื่อเดือดร้อน สามารถวาร์ปไปที่ที่ปลอดภัยได้ สามารถใช้ได้ตลอดไป แต่ 1 ชั่วโมงใช้ได้ 1 ครั้ง		คลิกขวาเพื่อใช้ สามารถย้ายผู้เล่นไปยังทางเข้าฉากได้!
351	Extra Gold Brick	ทองแท่งจำนวนมาก นำไปแลกกับพ่อค้าจะได้เงินมาไม่น้อย		
352	Broken Unknown Relic	ดูจากอักษรโบราณนี้แล้วอาจมีความเกี่ยวเนื่องกับ Atlantis  ขายให้พ่อค้าจะได้เงินจำนวนมาก		
353	Damage Unknown Relic	ดูจากอักษรโบราณนี้แล้วอาจมีความเกี่ยวเนื่องกับ Atlantis  ขายให้พ่อค้าจะได้เงินจำนวนมาก		
354	Seal Unknown Relic	ดูจากอักษรโบราณนี้แล้วอาจมีความเกี่ยวเนื่องกับ Atlantis  ขายให้พ่อค้าจะได้เงินจำนวนมาก		
355	Broken Drop Relic	ดูจากอักษรโบราณนี้แล้วอาจมีความเกี่ยวเนื่องกับ Outer Space Ocean ขายให้พ่อค้าจะได้เงินจำนวนมาก		
356	Damage Drop Relic	ดูจากอักษรโบราณนี้แล้วอาจมีความเกี่ยวเนื่องกับ Outer Space Ocean ขายให้พ่อค้าจะได้เงินจำนวนมาก		
357	Seal Drop Relic	ดูจากอักษรโบราณนี้แล้วอาจมีความเกี่ยวเนื่องกับ Outer Space Ocean ขายให้พ่อค้าจะได้เงินจำนวนมาก		
358	Broken Undersea Relic	ดูจากอักษรโบราณนี้แล้วอาจมีความเกี่ยวเนื่องกับ Sea Of Bermuda ขายให้พ่อค้าจะได้เงินจำนวนมาก		
359	Damage Undersea Relic	ดูจากอักษรโบราณนี้แล้วอาจมีความเกี่ยวเนื่องกับ Sea Of Bermuda ขายให้พ่อค้าจะได้เงินจำนวนมาก		
360	Seal Undersea Relic	ดูจากอักษรโบราณนี้แล้วอาจมีความเกี่ยวเนื่องกับ Sea Of Bermuda ขายให้พ่อค้าจะได้เงินจำนวนมาก		
361	Broken Sky Relic	ดูจากอักษรโบราณนี้แล้วอาจมีความเกี่ยวเนื่องกับ Nora Jana ขายให้พ่อค้าจะได้เงินจำนวนมาก		
362	Damage Sky Relic	ดูจากอักษรโบราณนี้แล้วอาจมีความเกี่ยวเนื่องกับ Nora Jana ขายให้พ่อค้าจะได้เงินจำนวนมาก		
363	Seal Sky Relic	ดูจากอักษรโบราณนี้แล้วอาจมีความเกี่ยวเนื่องกับ Nora Jana ขายให้พ่อค้าจะได้เงินจำนวนมาก		
364	Mystery Ice Fish Fossil	ฟอสซิลที่เจอที่ Outer Space Ocean ไม่ทราบที่มา มีคนบอกว่าเมื่อใช้สิ่งนี้ประดับบ้านจะช่วยป้องกันสิ่งชั่วร้ายได้ หากนำไปปรุงอาหารก็จะช่วยให้หายจากโรคร้ายได้ สามารถนำไปขายได้ในราคาสูง		
365	Meteor Brass Ring	หินขนาดใหญ่จากโลกอันกว้างใหญ่ ในหินนั้นมีโลหะที่คล้ายทองแดงอยู่ เมื่อลูบจะมีความรู้สึกอุ่น เนื่องจากถูกนำมาทำเป็นWristbandจึงเกิดความนิยมขึ้นมา		
366	Quench Dusk Essence	น้ำยาที่เทพเก็บไว้ใช้ชั่วคราว เป็นไอเทมที่ต้องการในการนำ [Hammer of Judgment] อัพเกรดเป็น [Hammer of Judgment: Dusk] 		มี [Hammer of Judgment] , [Quench Dusk Essence]x1, [Dusk Crystal Stone]x2, และ [Meteor Brass Ring]x3 สามารถรวมเป็น [Hammer of Judgment: Dusk] 
367	Dusk Crystal Stone	สามารถผลิตแร่ได้ไม่มากเท่าไหร่นัก นอกจาก [เหมืองเงิน] ของราชวงศ์แล้ว มีน้อยมากที่จะได้ตามธรรมชาติ เป็นไอเทมที่ต้องการในการนำ [Hammer of Judgment] อัพเกรดเป็น [Hammer of Judgment: Dusk] 		มี [Hammer of Judgment] , [Quench Dusk Essence]x1, [Dusk Crystal Stone]x2, และ [Meteor Brass Ring]x3 สามารถรวมเป็น [Hammer of Judgment: Dusk] 
368	Quench Dawn Essence	น้ำยาที่เทพเก็บไว้ใช้ชั่วคราว เป็นไอเทมที่ต้องการในการนำ [Hammer of Judgment: Dusk] อัพเกรดเป็น [Hammer of Judgment: Dawn] 		มี [Hammer of Judgment: Dusk] , [Quench Dawn Essence]x2, [Dawn Crystal Stone]x4, และ [Meteor Brass Ring]x6 สามารถรวมเป็น [Hammer of Judgment: Dawn] 
369	Dawn Crystal Stone	สามารถผลิตแร่ได้ไม่มากเท่าไหร่นัก นอกจาก [เหมืองเงิน] ของราชวงศ์แล้ว มีน้อยมากที่จะได้ตามธรรมชาติ เป็นไอเทมที่ต้องการในการนำ [Hammer of Judgment: Dusk] อัพเกรดเป็น [Hammer of Judgment: Dawn] 		มี [Hammer of Judgment: Dusk], [Quench Dawn Essence]x2, [Dawn Crystal Stone]x4, และ [Meteor Brass Ring]x6 สามารถรวมเป็น [Hammer of Judgment: Dawn] 
370	Quench Rising Sun Essence	น้ำยาที่เทพเก็บไว้ใช้ชั่วคราว เป็นไอเทมที่ต้องการในการนำ [Hammer of Judgment: Dawn] อัพเกรดเป็น [Hammer of Judgment: Rising Sun] 		มี [Hammer of Judgment: Dawn], [Quench Rising Sun Essence]x3, [Rising Sun Crystal Stone]x6, และ [Meteor Brass Ring]x9 สามารถรวมเป็น [Hammer of Judgment: Rising Sun] 
371	Rising Sun Crystal Stone	สามารถผลิตแร่ได้ไม่มากเท่าไหร่นัก นอกจาก [เหมืองเงิน] ของราชวงศ์แล้ว มีน้อยมากที่จะได้ตามธรรมชาติ เป็นไอเทมที่ต้องการในการนำ [Hammer of Judgment: Dawn] อัพเกรดเป็น [Hammer of Judgment: Rising Sun] 		มี [Hammer of Judgment: Dawn], [Quench Rising Sun Essence]x3, [Rising Sun Crystal Stone]x6, และ [Meteor Brass Ring]x9 สามารถรวมเป็น [Hammer of Judgment: Rising Sun] 
372	Quench Hot Sun Essence	น้ำยาที่เทพเก็บไว้ใช้ชั่วคราว เป็นไอเทมที่ต้องการในการนำ [Hammer of Judgment: Rising Sun] อัพเกรดเป็น [Hammer of Judgment: Hot Sun] 		มี [Hammer of Judgment: Rising Sun], [Quench Hot Sun Essence]x4, [Hot Sun Crystal Stone]x8, และ [Meteor Brass Ring]x12 สามารถรวมเป็น [Hammer of Judgment: Hot Sun] 
373	Hot Sun Crystal Stone	สามารถผลิตแร่ได้ไม่มากเท่าไหร่นัก นอกจาก [เหมืองเงิน] ของราชวงศ์แล้ว มีน้อยมากที่จะได้ตามธรรมชาติ เป็นไอเทมที่ต้องการในการนำ [Hammer of Judgment: Rising Sun] อัพเกรดเป็น [Hammer of Judgment: Hot Sun] 		มี [Hammer of Judgment: Rising Sun], [Quench Hot Sun Essence]x4, [Hot Sun Crystal Stone]x8, และ [Meteor Brass Ring]x12 สามารถรวมเป็น [Hammer of Judgment: Hot Sun] 
374	Doctor Patience	ขนาดตัว Nightingale เองยังไม่สามารถรู้ได้เลยว่ามีพลัง [แปลงทอง] ได้อย่างไร รู้เพียงแค่ว่าเมื่อเขาอยากจะให้ เบื้องบนก็จะสนองให้ทันที ของสิ่งนี้หากนำไปขายจะทำราคาสูง		
375	Doctor Attentive	ขนาดตัว Nightingale เองยังไม่สามารถรู้ได้เลยว่ามีพลัง [แปลงทอง] ได้อย่างไร รู้เพียงแค่ว่าเมื่อเขาอยากจะให้ เบื้องบนก็จะสนองให้ทันที ของสิ่งนี้หากนำไปขายจะทำราคาสูง		
376	Doctor Intimate	ขนาดตัว Nightingale เองยังไม่สามารถรู้ได้เลยว่ามีพลัง [แปลงทอง] ได้อย่างไร รู้เพียงแค่ว่าเมื่อเขาอยากจะให้ เบื้องบนก็จะสนองให้ทันที ของสิ่งนี้หากนำไปขายจะทำราคาสูง		
377	Doctor Caring	ขนาดตัว Nightingale เองยังไม่สามารถรู้ได้เลยว่ามีพลัง [แปลงทอง] ได้อย่างไร รู้เพียงแค่ว่าเมื่อเขาอยากจะให้ เบื้องบนก็จะสนองให้ทันที ของสิ่งนี้หากนำไปขายจะทำราคาสูง		
378	Doctor Salvation	ขนาดตัว Nightingale เองยังไม่สามารถรู้ได้เลยว่ามีพลัง [แปลงทอง] ได้อย่างไร รู้เพียงแค่ว่าเมื่อเขาอยากจะให้ เบื้องบนก็จะสนองให้ทันที ของสิ่งนี้หากนำไปขายจะทำราคาสูง		
379	Muti Kill Warranty	ได้รับจากการฆ่าผู้เล่นในฉาก PVP  สามารถนำไปแลกของมีค่าได้		
380	 Dark Island Map-1	แผนที่ของ Dark Island สะสมครบ 4 ชุด สามารถไปยัง Dr.Alpha ได้ทันที		
381	 Dark Island Map-2	แผนที่ของ Dark Island สะสมครบ 4 ชุด สามารถไปยัง Dr.Alpha ได้ทันที		
382	 Dark Island Map-3	แผนที่ของ Dark Island สะสมครบ 4 ชุด สามารถไปยัง Dr.Alpha ได้ทันที		
383	 Dark Island Map-4	แผนที่ของ Dark Island สะสมครบ 4 ชุด สามารถไปยัง Dr.Alpha ได้ทันที		
384	Empty Cask	มันคือถังเปล่า ต้องหาน้ำมาใส่แล้วล่ะสิ!		
385	Rusty Key	หรือว่าแถวนี้จะมีของที่ถูกล็อกอยู่?		
386	Map Piece Trail 			สามารถอ่านเบาะแสได้จากที่นี่
387	 Arena  Honor Seal	เมื่อสะสมครบจำนวนหนึ่งแล้วสามารถนำไปแลกได้ของต่างๆ		
388	Quench Ocean Essence	น้ำยาที่เทพเก็บไว้ใช้ชั่วคราว เป็นไอเทมที่ต้องการในการนำ [Poseidon servant] อัพเกรดเป็น [Poseidon servant: Ocean] 		มี [Poseidon servant] , [Quench Ocean Essence]x3, [Ocean Crystal Stone]x6, และ [Meteor Brass Ring]x9 สามารถรวมเป็น [Poseidon servant: Ocean] 
389	Ocean Crystal Stone	สามารถผลิตแร่ได้ไม่มากเท่าไหร่นัก นอกจาก [เหมืองเงิน] ของราชวงศ์แล้ว มีน้อยมากที่จะได้ตามธรรมชาติ เป็นไอเทมที่ต้องการในการนำ [Poseidon servant] อัพเกรดเป็น [Poseidon servant: Ocean] 		มี [Poseidon servant] , [Quench Ocean Essence]x3, [Ocean Crystal Stone]x6, และ [Meteor Brass Ring]x9 สามารถรวมเป็น [Poseidon servant: Ocean] 
390	Quench Furious Essence	น้ำยาที่เทพเก็บไว้ใช้ชั่วคราว เป็นไอเทมที่ต้องการในการนำ [Poseidon servant: Ocean] อัพเกรดเป็น [Poseidon servant: Rough] 		มี [Poseidon servant: Ocean] , [Quench Furious Essence]x4, [Rough Crystal Stone]x8, และ [Meteor Brass Ring]x12 สามารถรวมเป็น [Poseidon servant: Rough] 
391	Furious Crystal Stone	สามารถผลิตแร่ได้ไม่มากเท่าไหร่นัก นอกจาก [เหมืองเงิน] ของราชวงศ์แล้ว มีน้อยมากที่จะได้ตามธรรมชาติ เป็นไอเทมที่ต้องการในการนำ [Poseidon servant: Ocean] อัพเกรดเป็น [Poseidon servant: Rough] 		มี [Poseidon servant: Ocean] , [Quench Furious Essence]x4, [Rough Crystal Stone]x8, และ [Meteor Brass Ring]x12 สามารถรวมเป็น [Poseidon servant: Rough] 
392	Sea Battle Medal	สะสมได้จำนวนสามารถนำไปแลกรางวัลได้ที่ Port Royal		
401	Port Royal  Treasure License	เมื่อทำ Field Guide สำเร็จ จากนี้ไปสามารถใช้ปุ่มที่อยู่ในแผนที่ [Port Royal] เพื่อสำรวจกล่องสมบัติในฉาก		เมื่อใช้จะได้รับ EXP 4740 ± 25%!
402	Prison Exile Island  Treasure License	เมื่อทำ Field Guide สำเร็จ จากนี้ไปสามารถใช้ปุ่มที่อยู่ในแผนที่ [Prison Exile Island] เพื่อสำรวจกล่องสมบัติในฉาก		เมื่อใช้จะได้รับ EXP 4740 ± 25%!
403	Spice Paradise Island  Treasure License	เมื่อทำ Field Guide สำเร็จ จากนี้ไปสามารถใช้ปุ่มที่อยู่ในแผนที่ [Spice Paradise Island] เพื่อสำรวจกล่องสมบัติในฉาก		เมื่อใช้จะได้รับ EXP 4740 ± 25%!
404	Slave Market Island  Treasure License	เมื่อทำ Field Guide สำเร็จ จากนี้ไปสามารถใช้ปุ่มที่อยู่ในแผนที่ [Slave Market Island] เพื่อสำรวจกล่องสมบัติในฉาก		เมื่อใช้จะได้รับ EXP 13680 ± 25%!
405	Evil Port  Treasure License	เมื่อทำ Field Guide สำเร็จ จากนี้ไปสามารถใช้ปุ่มที่อยู่ในแผนที่ [Evil Port] เพื่อสำรวจกล่องสมบัติในฉาก		เมื่อใช้จะได้รับ EXP 23710 ± 25%!
406	Ocean Walled City  Treasure License	เมื่อทำ Field Guide สำเร็จ จากนี้ไปสามารถใช้ปุ่มที่อยู่ในแผนที่ [Ocean Walled City] เพื่อสำรวจกล่องสมบัติในฉาก		เมื่อใช้จะได้รับ EXP 37305 ± 25%!
407	Voodoo Island Treasure License	เมื่อทำ Field Guide สำเร็จ จากนี้ไปสามารถใช้ปุ่มที่อยู่ในแผนที่ [Voodoo Island] เพื่อสำรวจกล่องสมบัติในฉาก		เมื่อใช้จะได้รับ EXP 53860 ± 25%!
408	Silver Harbour Treasure License	เมื่อทำ Field Guide สำเร็จ จากนี้ไปสามารถใช้ปุ่มที่อยู่ในแผนที่ [Silver Harbour] เพื่อสำรวจกล่องสมบัติในฉาก		เมื่อใช้จะได้รับ EXP 53860 ± 25%!
409	Death City Sea Treasure License	เมื่อทำ Field Guide สำเร็จ จากนี้ไปสามารถใช้ปุ่มที่อยู่ในแผนที่ [Death City Sea] เพื่อสำรวจกล่องสมบัติในฉาก		เมื่อใช้จะได้รับ EXP 89820 ± 25%!
410	Deep Sea Temple Treasure License	เมื่อทำ Field Guide สำเร็จ จากนี้ไปสามารถใช้ปุ่มที่อยู่ในแผนที่ [Deep Sea Temple] เพื่อสำรวจกล่องสมบัติในฉาก		เมื่อใช้จะได้รับ EXP 89820 ± 25%!
411	Drake empty Walled Treasure License	เมื่อทำ Field Guide สำเร็จ จากนี้ไปสามารถใช้ปุ่มที่อยู่ในแผนที่ [Drake empty Walled] เพื่อสำรวจกล่องสมบัติในฉาก		เมื่อใช้จะได้รับ EXP 144480 ± 25%!
412	Hell Volcanic Island Treasure License	เมื่อทำ Field Guide สำเร็จ จากนี้ไปสามารถใช้ปุ่มที่อยู่ในแผนที่ [Hell Volcanic Island] เพื่อสำรวจกล่องสมบัติในฉาก		เมื่อใช้จะได้รับ EXP 144480 ± 25%!
413	Lost Eden Treasure License	เมื่อทำ Field Guide สำเร็จ จากนี้ไปสามารถใช้ปุ่มที่อยู่ในแผนที่ [Lost Eden] เพื่อสำรวจกล่องสมบัติในฉาก		เมื่อใช้จะได้รับ EXP 144480 ± 25%!
414	Sunset Deserted Treasure License	เมื่อทำ Field Guide สำเร็จ จากนี้ไปสามารถใช้ปุ่มที่อยู่ในแผนที่ [Sunset Deserted] เพื่อสำรวจกล่องสมบัติในฉาก		เมื่อใช้จะได้รับ EXP 144480 ± 25%!
501	Surface Exchange Doll- Headdress	ตุ๊กตารางวัลที่พ่อมดแห่ง Port Royal ทำขึ้นเพื่อเป็นกำลังใจให้ผู้กล้า		เมื่อสะสมครบ 3 ตัวจะได้รับ [Mystic Headdress Capsule] 1 อัน (เมื่อใช้จะได้รับเครื่องสวมใส่ 1 ชิ้น)
502	Surface Exchange Doll- Armor	ตุ๊กตารางวัลที่พ่อมดแห่ง Port Royal ทำขึ้นเพื่อเป็นกำลังใจให้ผู้กล้า		เมื่อสะสมครบ 3 ตัวจะได้รับ [Mystic Armor Capsule] 1 อัน (เมื่อใช้จะได้รับเครื่องสวมใส่ 1 ชิ้น)
503	Surface Exchange Doll- Legging	ตุ๊กตารางวัลที่พ่อมดแห่ง Port Royal ทำขึ้นเพื่อเป็นกำลังใจให้ผู้กล้า		เมื่อสะสมครบ 3 ตัวจะได้รับ [Mystic Legging Capsule] 1 อัน (เมื่อใช้จะได้รับเครื่องสวมใส่ 1 ชิ้น)
504	Mystic Headdress Capsule	แคปซูลที่พ่อมดแห่ง Port Royal ลงมนต์ไว้		เมื่อใช้จะสุ่มรับ Headdress 1 ชิ้น
505	Mystic Armor Capsule	แคปซูลที่พ่อมดแห่ง Port Royal ลงมนต์ไว้		เมื่อใช้จะสุ่มรับ Armor 1 ชิ้น
506	Mystic Legging Capsule	แคปซูลที่พ่อมดแห่ง Port Royal ลงมนต์ไว้		เมื่อใช้จะสุ่มรับ Legging 1 ชิ้น
507	Dark Arcane Doll	ตุ๊กตาที่โดนคำสาป		เมื่อสะสมครบ 5 ตัวจะได้รับ [Arcane Capsule] 1 อัน(เมื่อใช้จะได้รับเครื่องสวมใส่ 1 ชิ้น)
508	Arcane Capsule	แคปซูลที่โดนคำสาป		เมื่อใช้จะสุ่มรับรูปลักษณ์ 1 ชิ้น
509	Mystery Treasure Doll	ไม่ทราบที่มาอย่างแน่ชัด รู้แค่ว่าเป็นตุ๊กตาที่นักล่าสมบัติเก็บซ่อนเอาไว้		เมื่อสะสมครบ 5 ตัวจะได้รับ [Mystic Capsule] 1 อัน (เมื่อใช้จะได้รับเครื่องสวมใส่ 1 ชิ้น)
510	Mystic Capsule	ของที่นักล่าสมบัติให้ความสนใจ		เมื่อใช้จะสุ่มรับรูปลักษณ์ 1 ชิ้น
511	Guild Glory Doll	ตุ๊กตาที่ [Karen] เอาไว้เป็นรางวัลรำหรับผู้กล้าที่เข้าร่วม Guild War		เมื่อสะสมครบ 5 ตัวจะได้รับ [Glory Capsule] 1 อัน (เมื่อใช้จะได้รับเครื่องสวมใส่ 1 ชิ้น)
512	Glory Capsule	ของที่พ่อค้าให้ความสนใจ		เมื่อใช้จะสุ่มรับรูปลักษณ์ 1 ชิ้น
513	Beginner Class Capsule	แคปซูลที่ Romeo สร้างขึ้นเพื่อมอบให้กับผู้กล้าที่ทดลองหลากหลายอาชีพ		เมื่อใช้จะสุ่มรับรูปลักษณ์อาชีพระดับต้น 1 ชิ้น
514	 EXP ert Class Capsule	แคปซูลที่ Romeo สร้างขึ้นเพื่อมอบให้กับผู้กล้าที่ทดลองหลากหลายอาชีพ		เมื่อใช้จะสุ่มรับรูปลักษณ์อาชีพระดับกลาง 1 ชิ้น
515	Croseyes Residual Page			สะสม [Croseyes Residual Page] 30 อัน สามารถรวมเป็น [Croseyes] (เมื่อใช้จะได้รับลูกเรือ-Croseyes)
516	Juoda Residual Page			 [Juoda Residual Page] 20 อัน สามารถรวมเป็น [Juoda] (เมื่อใช้จะได้รับสัตว์สวยงาม-Juoda)
517	Red Flame Demon Wolf Residual Page			 [Red Flame Demon Wolf Residual Page] 25 อัน สามารถรวมเป็น [Red Flame Demon Wolf] (เมื่อใช้จะได้รับสัตว์ขี่-Red Flame Demon Wolf)
518	White Jade Mold(5%)	อัตราสำเร็จในการอัพเกรดลูกรือคุณภาพสีขาวเป็นคุณภาพสีเขียว		หากมี [White Jade Mold(5%)] 2 อัน สามารถรวมได้ [White Jade Mold(10%)] 
519	White Jade Mold(10%)	อัตราสำเร็จในการอัพเกรดลูกรือคุณภาพสีขาวเป็นคุณภาพสีเขียว		หากมี [White Jade Mold(10%)] 2 อัน สามารถรวมได้ [White Jade Mold(20%)] 
520	White Jade Mold(20%)	อัตราสำเร็จในการอัพเกรดลูกรือคุณภาพสีขาวเป็นคุณภาพสีเขียว		หากมี [White Jade Mold(20%)] 2 อัน สามารถรวมได้ [White Jade Mold(40%)] 
521	White Jade Mold(40%)	อัตราสำเร็จในการอัพเกรดลูกรือคุณภาพสีขาวเป็นคุณภาพสีเขียว		หากมี [White Jade Mold(40%)] 2 อัน สามารถรวมได้ [White Jade Mold(80%)] 
522	White Jade Mold(80%)	อัตราสำเร็จในการอัพเกรดลูกรือคุณภาพสีขาวเป็นคุณภาพสีเขียว		เมื่อมี [Refine White Jade] 1 อัน สามารถรวมวัสดุสองอย่างเป็น [White Jade Mold(100%)] 
523	White Jade Mold(100%)	อัตราสำเร็จในการอัพเกรดลูกรือคุณภาพสีขาวเป็นคุณภาพสีเขียว		
524	Green Jade Mold(5%)	อัตราสำเร็จในการอัพเกรดลูกรือคุณภาพสีเขียวเป็นคุณภาพสีฟ้า		หากมี [Green Jade Mold(5%)] 2 อัน สามารถรวมได้ [Green Jade Mold(10%)] 
525	Green Jade Mold(10%)	อัตราสำเร็จในการอัพเกรดลูกรือคุณภาพสีเขียวเป็นคุณภาพสีฟ้า		หากมี [Green Jade Mold(10%)] 2 อัน สามารถรวมได้ [Green Jade Mold(20%)] 
526	Green Jade Mold(20%)	อัตราสำเร็จในการอัพเกรดลูกรือคุณภาพสีเขียวเป็นคุณภาพสีฟ้า		หากมี [Green Jade Mold(20%)] 2 อัน สามารถรวมได้ [Green Jade Mold(40%)] 
527	Green Jade Mold(40%)	อัตราสำเร็จในการอัพเกรดลูกรือคุณภาพสีเขียวเป็นคุณภาพสีฟ้า		หากมี [Green Jade Mold(40%)] 2 อัน สามารถรวมได้ [Green Jade Mold(80%)] 
528	Green Jade Mold(80%)	อัตราสำเร็จในการอัพเกรดลูกรือคุณภาพสีเขียวเป็นคุณภาพสีฟ้า		หากมี [Refine Green Jade] 1 อัน สามารถรวมวัสดุสองอย่างเป็น [Green Jade Mold(100%)] 
529	Green Jade Mold(100%)	อัตราสำเร็จในการอัพเกรดลูกรือคุณภาพสีเขียวเป็นคุณภาพสีฟ้า		
530	Blue Jade Mold(5%)	อัตราสำเร็จในการอัพเกรดลูกรือคุณภาพสีฟ้าเป็นคุณภาพสีม่วง		หากมี [Blue Jade Mold(5%)] สามารถรวมได้ [Blue Jade Mold(10%)] 
531	Blue Jade Mold(10%)	อัตราสำเร็จในการอัพเกรดลูกรือคุณภาพสีฟ้าเป็นคุณภาพสีม่วง		หากมี [Blue Jade Mold(10%)] สามารถรวมได้ [Blue Jade Mold(20%)] 
532	Blue Jade Mold(20%)	อัตราสำเร็จในการอัพเกรดลูกรือคุณภาพสีฟ้าเป็นคุณภาพสีม่วง		หากมี [Blue Jade Mold(20%)] สามารถรวมได้ [Blue Jade Mold(40%)] 
533	Blue Jade Mold(40%)	อัตราสำเร็จในการอัพเกรดลูกรือคุณภาพสีฟ้าเป็นคุณภาพสีม่วง		หากมี [Blue Jade Mold(40%)] สามารถรวมได้ [Blue Jade Mold(80%)] 
534	Blue Jade Mold(80%)	อัตราสำเร็จในการอัพเกรดลูกรือคุณภาพสีฟ้าเป็นคุณภาพสีม่วง		หากมี [Refine Blue Jade] 1 อัน สามารถรวมวัสดุสองอย่างเป็น [Blue Jade Mold(100%)] 
535	Blue Jade Mold(100%)	อัตราสำเร็จในการอัพเกรดลูกรือคุณภาพสีฟ้าเป็นคุณภาพสีม่วง		
536	Set Reward	รางวัลที่ได้จากการฝึกฝนอันหนักหน่วง		เมื่อใช้สามารถสุ่มรับไอเทม 1 อย่าง
537	[Wilderness Passing] Set			เมื่อใช้จะสุ่มรับอุปกรณ์รูปลักษณ์
538	[Instructor] Set			เมื่อใช้จะสุ่มรับอุปกรณ์รูปลักษณ์
539	[War Machine] Set			เมื่อใช้จะสุ่มรับอุปกรณ์รูปลักษณ์
540	[God Fire] Set			เมื่อใช้จะสุ่มรับอุปกรณ์รูปลักษณ์
541	[Abyss Armor] Set			เมื่อใช้จะสุ่มรับอุปกรณ์รูปลักษณ์
542	Broken Fragment-Sea Phantom	ของสิ่งนี้เก่ามากแล้ว แต่ดูแล้วของสิ่งนี้น่าจะเป็นชิ้นส่วน Field Guide ที่ [Da Vinci] เคยพูดถึง นำกลับไปที่ [Port Royal] ให้ [Chalais] ผู้ช่วยของเขาดูให้สิ		
543	Broken Fragment-Nelson	ของสิ่งนี้เก่ามากแล้ว แต่ดูแล้วของสิ่งนี้น่าจะเป็นชิ้นส่วน Field Guide ที่ [Da Vinci] เคยพูดถึง นำกลับไปที่ [Port Royal] ให้ [Chalais] ผู้ช่วยของเขาดูให้สิ		
544	Broken Fragment-Odyssey	ของสิ่งนี้เก่ามากแล้ว แต่ดูแล้วของสิ่งนี้น่าจะเป็นชิ้นส่วน Field Guide ที่ [Da Vinci] เคยพูดถึง นำกลับไปที่ [Port Royal] ให้ [Chalais] ผู้ช่วยของเขาดูให้สิ		
545	Broken Fragment-Plato	ของสิ่งนี้เก่ามากแล้ว แต่ดูแล้วของสิ่งนี้น่าจะเป็นชิ้นส่วน Field Guide ที่ [Da Vinci] เคยพูดถึง นำกลับไปที่ [Port Royal] ให้ [Chalais] ผู้ช่วยของเขาดูให้สิ		
546	Broken Fragment-Jason	ของสิ่งนี้เก่ามากแล้ว แต่ดูแล้วของสิ่งนี้น่าจะเป็นชิ้นส่วน Field Guide ที่ [Da Vinci] เคยพูดถึง นำกลับไปที่ [Port Royal] ให้ [Chalais] ผู้ช่วยของเขาดูให้สิ		
547	Broken Fragment-Medea	ของสิ่งนี้เก่ามากแล้ว แต่ดูแล้วของสิ่งนี้น่าจะเป็นชิ้นส่วน Field Guide ที่ [Da Vinci] เคยพูดถึง นำกลับไปที่ [Port Royal] ให้ [Chalais] ผู้ช่วยของเขาดูให้สิ		
548	Broken Fragment-Drake	ของสิ่งนี้เก่ามากแล้ว แต่ดูแล้วของสิ่งนี้น่าจะเป็นชิ้นส่วน Field Guide ที่ [Da Vinci] เคยพูดถึง นำกลับไปที่ [Port Royal] ให้ [Chalais] ผู้ช่วยของเขาดูให้สิ		
549	Broken Fragment-Rosemary	ของสิ่งนี้เก่ามากแล้ว แต่ดูแล้วของสิ่งนี้น่าจะเป็นชิ้นส่วน Field Guide ที่ [Da Vinci] เคยพูดถึง นำกลับไปที่ [Port Royal] ให้ [Chalais] ผู้ช่วยของเขาดูให้สิ		
550	Broken Fragment-Angelina	ของสิ่งนี้เก่ามากแล้ว แต่ดูแล้วของสิ่งนี้น่าจะเป็นชิ้นส่วน Field Guide ที่ [Da Vinci] เคยพูดถึง นำกลับไปที่ [Port Royal] ให้ [Chalais] ผู้ช่วยของเขาดูให้สิ		
551	Broken Fragment-Bismarck	ของสิ่งนี้เก่ามากแล้ว แต่ดูแล้วของสิ่งนี้น่าจะเป็นชิ้นส่วน Field Guide ที่ [Da Vinci] เคยพูดถึง นำกลับไปที่ [Port Royal] ให้ [Chalais] ผู้ช่วยของเขาดูให้สิ		
552	Broken Fragment-Columbus	ของสิ่งนี้เก่ามากแล้ว แต่ดูแล้วของสิ่งนี้น่าจะเป็นชิ้นส่วน Field Guide ที่ [Da Vinci] เคยพูดถึง นำกลับไปที่ [Port Royal] ให้ [Chalais] ผู้ช่วยของเขาดูให้สิ		
553	Broken Fragment-Magellan	ของสิ่งนี้เก่ามากแล้ว แต่ดูแล้วของสิ่งนี้น่าจะเป็นชิ้นส่วน Field Guide ที่ [Da Vinci] เคยพูดถึง นำกลับไปที่ [Port Royal] ให้ [Chalais] ผู้ช่วยของเขาดูให้สิ		
554	Broken Fragment-Hammer of Judgment	ของสิ่งนี้เก่ามากแล้ว แต่ดูแล้วของสิ่งนี้น่าจะเป็นชิ้นส่วน Field Guide ที่ [Da Vinci] เคยพูดถึง นำกลับไปที่ [Port Royal] ให้ [Chalais] ผู้ช่วยของเขาดูให้สิ		
555	Broken Fragment-Poseidon servant	ของสิ่งนี้เก่ามากแล้ว แต่ดูแล้วของสิ่งนี้น่าจะเป็นชิ้นส่วน Field Guide ที่ [Da Vinci] เคยพูดถึง นำกลับไปที่ [Port Royal] ให้ [Chalais] ผู้ช่วยของเขาดูให้สิ		
556	Broken Fragment-Ancyn Grip	ของสิ่งนี้เก่ามากแล้ว แต่ดูแล้วของสิ่งนี้น่าจะเป็นชิ้นส่วน Field Guide ที่ [Da Vinci] เคยพูดถึง นำกลับไปที่ [Port Royal] ให้ [Chalais] ผู้ช่วยของเขาดูให้สิ		
557	Broken Fragment-Lydiana Melody	ของสิ่งนี้เก่ามากแล้ว แต่ดูแล้วของสิ่งนี้น่าจะเป็นชิ้นส่วน Field Guide ที่ [Da Vinci] เคยพูดถึง นำกลับไปที่ [Port Royal] ให้ [Chalais] ผู้ช่วยของเขาดูให้สิ		
558	Broken Fragment-Treasure Hunter Bag	ของสิ่งนี้เก่ามากแล้ว แต่ดูแล้วของสิ่งนี้น่าจะเป็นชิ้นส่วน Field Guide ที่ [Da Vinci] เคยพูดถึง นำกลับไปที่ [Port Royal] ให้ [Chalais] ผู้ช่วยของเขาดูให้สิ		
559	Broken Fragment-Night  Evilteeth	ของสิ่งนี้เก่ามากแล้ว แต่ดูแล้วของสิ่งนี้น่าจะเป็นชิ้นส่วน Field Guide ที่ [Da Vinci] เคยพูดถึง นำกลับไปที่ [Port Royal] ให้ [Chalais] ผู้ช่วยของเขาดูให้สิ		
560	Broken Fragment-Assault Boat Key	ของสิ่งนี้เก่ามากแล้ว แต่ดูแล้วของสิ่งนี้น่าจะเป็นชิ้นส่วน Field Guide ที่ [Da Vinci] เคยพูดถึง นำกลับไปที่ [Port Royal] ให้ [Chalais] ผู้ช่วยของเขาดูให้สิ		
561	Broken Fragment-Judge Certificate	ของสิ่งนี้เก่ามากแล้ว แต่ดูแล้วของสิ่งนี้น่าจะเป็นชิ้นส่วน Field Guide ที่ [Da Vinci] เคยพูดถึง นำกลับไปที่ [Port Royal] ให้ [Chalais] ผู้ช่วยของเขาดูให้สิ		
562	Broken Wastepaper	เนื่องจากการเก็บรักษาไว้ไม่ดีเท่าที่ควร จึงได้รับทรัพยากรคืนเท่านั้น แต่อย่าเพิ่งทิ้งมันไป ของแบบนี้น่าจะขายได้ราคานะ		
563	Yellow Paper	เนื่องจากการเก็บรักษาไว้ไม่ดีเท่าที่ควร จึงได้รับทรัพยากรคืนเท่านั้น แต่อย่าเพิ่งทิ้งมันไป ของแบบนี้น่าจะขายได้ราคานะ		
601	Falling Sun Complete Warranty	รวบรวม Field Guide ของดันเจี้ยนนี้ครบจะให้ใบรับรอง เมื่อรวบรวม Field Guide ของดันเจี้ยนนี้ครบแล้วเปิดด่านที่ซ่อนอยู่ เมื่อผ่านดันเจี้ยนระดับ 2 ดาวจะได้คะแนนเพิ่ม		เมื่อใช้จะได้รับ EXP 23710 ± 25%!
602	Navy Prison Complete Warranty	รวบรวม Field Guide ของดันเจี้ยนนี้ครบจะให้ใบรับรอง เมื่อรวบรวม Field Guide ของดันเจี้ยนนี้ครบแล้วเปิดด่านที่ซ่อนอยู่ เมื่อผ่านดันเจี้ยนระดับ 2 ดาวจะได้คะแนนเพิ่ม		
603	Poseidon Hall Complete Warranty	รวบรวม Field Guide ของดันเจี้ยนนี้ครบจะให้ใบรับรอง เมื่อรวบรวม Field Guide ของดันเจี้ยนนี้ครบแล้วเปิดด่านที่ซ่อนอยู่ เมื่อผ่านดันเจี้ยนระดับ 2 ดาวจะได้คะแนนเพิ่ม		เมื่อใช้จะได้รับ EXP 53860 ± 25%!
604	Kraken Lair Complete Warranty	รวบรวม Field Guide ของดันเจี้ยนนี้ครบจะให้ใบรับรอง เมื่อรวบรวม Field Guide ของดันเจี้ยนนี้ครบแล้วเปิดด่านที่ซ่อนอยู่ เมื่อผ่านดันเจี้ยนระดับ 2 ดาวจะได้คะแนนเพิ่ม		เมื่อใช้จะได้รับ EXP 53860 ± 25%!
605	Doom Church Complete Warranty	รวบรวม Field Guide ของดันเจี้ยนนี้ครบจะให้ใบรับรอง เมื่อรวบรวม Field Guide ของดันเจี้ยนนี้ครบแล้วเปิดด่านที่ซ่อนอยู่ เมื่อผ่านดันเจี้ยนระดับ 2 ดาวจะได้คะแนนเพิ่ม		เมื่อใช้จะได้รับ EXP 89820 ± 25%!
606	Hell Trial Complete Warranty	รวบรวม Field Guide ของดันเจี้ยนนี้ครบจะให้ใบรับรอง เมื่อรวบรวม Field Guide ของดันเจี้ยนนี้ครบแล้วเปิดด่านที่ซ่อนอยู่ เมื่อผ่านดันเจี้ยนระดับ 2 ดาวจะได้คะแนนเพิ่ม		เมื่อใช้จะได้รับ EXP 144480 ± 25%!
607	Skyfire Tower Complete Warranty	รวบรวม Field Guide ของดันเจี้ยนนี้ครบจะให้ใบรับรอง เมื่อรวบรวม Field Guide ของดันเจี้ยนนี้ครบแล้วเปิดด่านที่ซ่อนอยู่ เมื่อผ่านดันเจี้ยนระดับ 2 ดาวจะได้คะแนนเพิ่ม		เมื่อใช้จะได้รับ EXP 144480 ± 25%!
608	Rough Sea Fortress Complete Warranty	รวบรวม Field Guide ของดันเจี้ยนนี้ครบจะให้ใบรับรอง เมื่อรวบรวม Field Guide ของดันเจี้ยนนี้ครบแล้วเปิดด่านที่ซ่อนอยู่ เมื่อผ่านดันเจี้ยนระดับ 2 ดาวจะได้คะแนนเพิ่ม		เมื่อใช้จะได้รับ EXP 37305 ± 25%!
701	Wrought iron Relic	ซากของอาวุธ ร้านของเก่าใน Port Royal และช่างหล่อใน Guild Island ให้ความสนใจในสิ่งนี้ เมื่อสะสมได้จำนวนหนึ่งสามารถนำมาแลกรูปลักษณ์ของอาวุธได้		
702	Cast iron Relic	ซากของเกราะ ร้านของเก่าใน Port Royal และช่างหล่อใน Guild Island ให้ความสนใจในสิ่งนี้ เมื่อสะสมได้จำนวนหนึ่งสามารถนำมาแลกรูปลักษณ์ของอาวุธได้		
703	Smelt iron Relic	ซากของเครื่องจักร ร้านของเก่าใน Port Royal และช่างหล่อใน Guild Island ให้ความสนใจในสิ่งนี้ เมื่อสะสมได้จำนวนหนึ่งสามารถนำมาแลกรูปลักษณ์ของอาวุธได้		
704	refine Iron Relic	ซากของส่วนประกอบ ร้านของเก่าใน Port Royal และช่างหล่อใน Guild Island ให้ความสนใจในสิ่งนี้ เมื่อสะสมได้จำนวนหนึ่งสามารถนำมาแลกรูปลักษณ์ของอาวุธได้		
751	Nutrition Soda	เครื่องดื่มบำรุงสัตว์เลี้ยง คนเลี้ยงสัตว์แห่ง Port Royal ต้องการมัน เก็บสะสมครบ 10 อัน สามารถแลกรับสัตว์เลี้ยงของ Atlantic Ocean ได้		
752	Nutrition Biscuit	เครื่องดื่มบำรุงสัตว์เลี้ยง คนเลี้ยงสัตว์แห่ง Port Royal ต้องการมัน เก็บสะสมครบ 10 อัน สามารถแลกรับสัตว์เลี้ยงของ Outer space Ocean ได้		
753	Nutrition Bunopang	เครื่องดื่มบำรุงสัตว์เลี้ยง คนเลี้ยงสัตว์แห่ง Port Royal ต้องการมัน เก็บสะสมครบ 10 อัน สามารถแลกรับสัตว์เลี้ยงของ Bermuda Sea ได้		
754	Nutrition Dango	เครื่องดื่มบำรุงสัตว์เลี้ยง คนเลี้ยงสัตว์แห่ง Port Royal ต้องการมัน เก็บสะสมครบ 10 อัน สามารถแลกรับสัตว์เลี้ยงของ  Norayana Airspace ได้		
801	Blue Sea Fragment LV.40	ชิ้นส่วนที่มีแสงสีฟ้า เก็บสะสมเพื่อนำไปแลกไอเทม		
802	Blue Sea Fragment LV.50	ชิ้นส่วนที่มีแสงสีฟ้า เก็บสะสมเพื่อนำไปแลกไอเทม		
803	Blue Sea Fragment LV.60	ชิ้นส่วนที่มีแสงสีฟ้า เก็บสะสมเพื่อนำไปแลกไอเทม		
804	Blue Sea Fragment LV.70	ชิ้นส่วนที่มีแสงสีฟ้า เก็บสะสมเพื่อนำไปแลกไอเทม		
805	Blue Sea Fragment LV.80	ชิ้นส่วนที่มีแสงสีฟ้า เก็บสะสมเพื่อนำไปแลกไอเทม		
806	Blue Sea Fragment LV.90	ชิ้นส่วนที่มีแสงสีฟ้า เก็บสะสมเพื่อนำไปแลกไอเทม		
807	Blue Sea Fragment LV.100	ชิ้นส่วนที่มีแสงสีฟ้า เก็บสะสมเพื่อนำไปแลกไอเทม		
808	Blue Sea Fragment LV.110	ชิ้นส่วนที่มีแสงสีฟ้า เก็บสะสมเพื่อนำไปแลกไอเทม		
809	Blue Sea Fragment LV.115	ชิ้นส่วนที่มีแสงสีฟ้า เก็บสะสมเพื่อนำไปแลกไอเทม		
810	Blue Sea Fragment LV.120	ชิ้นส่วนที่มีแสงสีฟ้า เก็บสะสมเพื่อนำไปแลกไอเทม		
811	Blue Sea Fragment LV.125	ชิ้นส่วนที่มีแสงสีฟ้า เก็บสะสมเพื่อนำไปแลกไอเทม		
812	Blue Sea Fragment LV.130	ชิ้นส่วนที่มีแสงสีฟ้า เก็บสะสมเพื่อนำไปแลกไอเทม		
851	Purple Fragment LV.80	ชิ้นส่วนที่มีแสงสีม่วง เก็บสะสมเพื่อนำไปแลกไอเทม		
852	Purple Fragment LV.90	ชิ้นส่วนที่มีแสงสีม่วง เก็บสะสมเพื่อนำไปแลกไอเทม		
853	Purple Fragment LV.100	ชิ้นส่วนที่มีแสงสีม่วง เก็บสะสมเพื่อนำไปแลกไอเทม		
854	Purple Fragment LV.110	ชิ้นส่วนที่มีแสงสีม่วง เก็บสะสมเพื่อนำไปแลกไอเทม		
855	Purple Fragment LV.120	ชิ้นส่วนที่มีแสงสีม่วง เก็บสะสมเพื่อนำไปแลกไอเทม		
856	Purple Fragment LV.	ชิ้นส่วนที่มีแสงสีม่วง เก็บสะสมเพื่อนำไปแลกไอเทม		
857	Purple Fragment LV.	ชิ้นส่วนที่มีแสงสีม่วง เก็บสะสมเพื่อนำไปแลกไอเทม		
858	Purple Fragment LV.	ชิ้นส่วนที่มีแสงสีม่วง เก็บสะสมเพื่อนำไปแลกไอเทม		
859	Purple Fragment LV.	ชิ้นส่วนที่มีแสงสีม่วง เก็บสะสมเพื่อนำไปแลกไอเทม		
860	Purple Fragment LV.	ชิ้นส่วนที่มีแสงสีม่วง เก็บสะสมเพื่อนำไปแลกไอเทม		
901	Blue Sea Fragment Pack LV.40	กระเป๋าที่มีแสงสีฟ้า รีบเปิดดูสิว่าด้านในมีอะไร！		
902	Blue Sea Fragment Pack LV.50	กระเป๋าที่มีแสงสีฟ้า รีบเปิดดูสิว่าด้านในมีอะไร！		
903	Blue Sea Fragment Pack LV.60	กระเป๋าที่มีแสงสีฟ้า รีบเปิดดูสิว่าด้านในมีอะไร！		
904	Blue Sea Fragment Pack LV.70	กระเป๋าที่มีแสงสีฟ้า รีบเปิดดูสิว่าด้านในมีอะไร！		
905	Blue Sea Fragment Pack LV.80	กระเป๋าที่มีแสงสีฟ้า รีบเปิดดูสิว่าด้านในมีอะไร！		
906	Blue Sea Fragment Pack LV.90	กระเป๋าที่มีแสงสีฟ้า รีบเปิดดูสิว่าด้านในมีอะไร！		
907	Blue Sea Fragment Pack LV.100	กระเป๋าที่มีแสงสีฟ้า รีบเปิดดูสิว่าด้านในมีอะไร！		
908	Blue Sea Fragment Pack LV.110	กระเป๋าที่มีแสงสีฟ้า รีบเปิดดูสิว่าด้านในมีอะไร！		
909	Blue Sea Fragment Pack LV.115	กระเป๋าที่มีแสงสีฟ้า รีบเปิดดูสิว่าด้านในมีอะไร！		
1001	Hammer of Judgment	ปืนใหญ่โบราณที่ยังคงอยู่ เมื่อสะสมวัสดุได้จำนวนหนึ่ง สามารถนำ [Hammer of Judgment] อัพเกรดเป็น [Hammer of Judgment: Dusk] 		เมื่อใช้จะทำให้ศัตรูที่อยู่ในบริเวณเกิดความเสียหาย
1002	Poseidon servant	เหล้าหอมหวานดั่งน้ำผึ้ง สามารถปลุกวิญญาณความหวังของ Poseidon servant ได้		เรียก Poseidon servant มาช่วยต่อสู้
1003	Ancyn Grip	อุปกรณ์ที่ช่าง Ancyn ในตำนานใช้ ได้รับบัฟของเทพ Nora Jana		เมื่อใช้จะได้รับอาวุธ อาวุธที่ได้รับจะมีระยะเวลากำหนด
1004	Lydiana Melody	ฮาร์ปตัวโปรดของเจ้าหญิง เพื่อเอาชนะความเจ็บปวดนางจึงเล่นเพลงและจบชีวิตตัวเอง		เมื่อใช้จะยกเลิกสถานะด้านลบ และเพิ่มความเร็วเคลื่อนที่, อัตราต้านมึนงง และอัตราต้านคำสาป
1005	Treasure Hunter Bag	กระเป๋าที่นักล่าสมบัติชื่นชอบ		เรียกพ่อค้าสมบัติ
1006	Night  Evilteeth	 [พายุดั่งเข็มทิ่มแทง เงาจันทร์ดั่งเงามัจจุราช]-Taryoon		เรียก Skeleton มาช่วยต่อสู้
1007	Caille Assault Boat Key	ประเภทชั้นเก็บของ:  สัตว์ขี่ พาหนะที่โดยสารได้ 6 คนความเร็วเคลื่อนที่ 940 		เมื่อใช้สามารถเก็บ Caille Assault boat เข้าชั้นวางของได้
1008	Judge Certificate	ตัดสินด่าน กุญแจสำหรับเปิด Nora Jana Sword		เรียก Nora Jana Sword มาช่วยต่อสู้
1009	Hammer of Judgment: Dusk	ปืนใหญ่โบราณที่ยังคงอยู่ [Hammer of Judgment: Dusk] ที่ใช้หินตีบวกมีคุณภาพหล่อออกมา อานุภาพเพิ่มขึ้นอย่างเห็นได้ชัด เมื่อเก็บสะสมได้จำนวนหนึ่งสามารถนำ [Hammer of Judgment: Dusk] อัพเกรดเป็น [Hammer of Judgment: Dawn] 		เมื่อใช้จะทำให้ศัตรูที่อยู่ในบริเวณเกิดความเสียหาย
1010	Hammer of Judgment: Dawn	ปืนใหญ่โบราณที่ยังคงอยู่ [Hammer of Judgment: Dawn] ที่ใช้หินตีบวกมีคุณภาพหล่อออกมา อานุภาพเพิ่มขึ้นอย่างเห็นได้ชัด เมื่อเก็บสะสมได้จำนวนหนึ่งสามารถนำ [Hammer of Judgment: Dawn] อัพเกรดเป็น [Hammer of Judgment: Rising Sun] 		เมื่อใช้จะทำให้ศัตรูที่อยู่ในบริเวณเกิดความเสียหาย
1011	Hammer of Judgment: Rising Sun	ปืนใหญ่โบราณที่ยังคงอยู่ [Hammer of Judgment: Rising Sun] ที่ใช้หินตีบวกมีคุณภาพหล่อออกมา อานุภาพเพิ่มขึ้นอย่างเห็นได้ชัด เมื่อเก็บสะสมได้จำนวนหนึ่งสามารถนำ [Hammer of Judgment: Rising Sun] อัพเกรดเป็น [Hammer of Judgment: Hot Sun] 		เมื่อใช้จะทำให้ศัตรูที่อยู่ในบริเวณเกิดความเสียหาย
1012	Hammer of Judgment: Hot Sun	ปืนใหญ่โบราณที่ยังคงอยู่ [Hammer of Judgment: Hot Sun] ที่ใช้หินตีบวกมีคุณภาพหล่อออกมา อานุภาพเพิ่มขึ้นอย่างเห็นได้ชัด		เมื่อใช้จะทำให้ศัตรูที่อยู่ในบริเวณเกิดความเสียหาย
1013	Poseidon Instrument	ตำนานเล่าว่าเป็นของที่ผ่านโลกคู่ขนานมา ถึงแม้ว่าสิ่งที่Sirenให้มาจะมีอานุภาพต่ำ แต่มันก็สามารถทำให้ผู้ที่ครอบครองสิ่งนี้เคลื่อนย้ายไปในมหาสมุทรต่างๆได้!		เมื่อใช้สามารถเปิด Time Crack และส่งไปพื้นที่ที่กำหนด (กรุณาคลิกขวาที่Time Crack)
1014	Poseidon servant: Ocean	สามารถปลุกวิญญาณความหวังของ Poseidon servantได้ [Poseidon servant: Ocean] ที่ใช้หินตีบวกมีคุณภาพหล่อออกมา อานุภาพเพิ่มขึ้นอย่างเห็นได้ชัด เมื่อเก็บสะสมได้จำนวนหนึ่งสามารถนำ [Poseidon servant: Ocean] อัพเกรดเป็น [Poseidon servant: Rough] 		เรียก Poseidon servant มาช่วยต่อสู้
1015	Poseidon servant: Rough	สามารถปลุกวิญญาณความหวังของ Poseidon servantได้ [Poseidon servant: Rough] ที่ใช้หินตีบวกมีคุณภาพหล่อออกมา อานุภาพเพิ่มขึ้นอย่างเห็นได้ชัด		เรียกPoseidon servantมาช่วยต่อสู้
1100	Hammer of Judgment(No.0)	ปืนใหญ่โบราณที่ยังคงอยู่ [Hammer of Judgment] มีอานุภาพลึกลับ จึงอยากให้มีคนไขมันออก		เมื่อใช้จะทำให้ศัตรูที่อยู่ในบริเวณเกิดความเสียหาย
1101	Mithril Burner	กระถางธูปหอม เมื่อใส่แล้วประสิทธิผลของมันจะทำให้คนหลายคนอึ้งไปเลย	เมื่อถูกโจมตี มีโอกาสเพิ่มอัตราหลบหลีก	
1102	White Beard Pipe	รับมาจากโจรสลัดที่มีชื่อเสียง [White Beard] เมื่อใส่แล้วประสิทธิผลของมันจะทำให้คนหลายคนอึ้งไปเลย	เมื่อถูกโจมตี มีโอกาสทำให้เป้าหมายที่อยู่ในบริเวณติดสถานะไหม้	
1103	Pearlshell Conch	เปลือกหอยจากทะเลลึก มีแสงแวววาว เมื่อใส่แล้วประสิทธิผลของมันจะทำให้คนหลายคนอึ้งไปเลย	เมื่อโดนโจมตี มีโอกาสเพิ่มค่ากำลัง 5 แต้ม	
1104	Destiny Triangle	ของในสมัยโบราณ ใช้ทองหายากสร้างขึ้นมา มีพลังลึกลับ เมื่อใส่แล้วประสิทธิผลของมันจะทำให้คนหลายคนอึ้งไปเลย	เมื่อถูกโจมตี มีโอกาสโจมตีเป้าหมายที่อยู่ใกล้ให้ถอดหลัง	
1105	Remains Skull	หมวกในสมัยโบราณ เมื่อมองด้วยตาเปล่าก็รับรู้ถึงพลังมันได้ เมื่อใส่แล้วประสิทธิผลของมันจะทำให้คนหลายคนอึ้งไปเลย	เมื่อถูกโจมตี มีโอกาสโจมตีเป้าหมายที่อยู่ใกล้ให้ถอดหลัง	
1106	Exorcise Bell	เมื่อเขย่าจะมีเสียงที่ฟังแล้วเย็นใจ เมื่อใส่แล้วประสิทธิผลของมันจะทำให้คนหลายคนอึ้งไปเลย	เมื่อโจมตีมีโอกาสสร้างความเสียหายอื่นๆเพิ่ม	
1107	Imprisonment Of Light	แท่นไฟที่สามารถเผาวิญญาณได้ เมื่อใส่แล้วประสิทธิผลของมันจะทำให้คนหลายคนอึ้งไปเลย	เมื่อโจมตีมีโอกาสสร้างความเสียหายอื่นๆเพิ่ม	
1108	Exorcise Whip	รองเท้าที่ราชาชื่นชอบ จะต้องเป็นผู้มีพลังเท่านั้นถึงจะใช้มันได้ เมื่อใส่แล้วประสิทธิผลของมันจะทำให้คนหลายคนอึ้งไปเลย	เมื่อโจมตีมีโอกาสสร้างความเสียหายอื่นๆเพิ่ม	
1109	Luminous Fruit	ผลไม้สวรรค์ที่ออกผลยาก ไม่สามารถกินได้ แต่สามารถรับรู้ถึงพลังมันได้ เมื่อใส่แล้วประสิทธิผลของมันจะทำให้คนหลายคนอึ้งไปเลย	เมื่อโจมตีมีโอกาสสร้างความเสียหายอื่นๆเพิ่ม	
1110	Holy Cross Syringe	มีพลังของเหล่านักรบ นำดาบธรรมดาๆดึงพลังลึกลับแสดงออกมา เมื่อใส่แล้วจะมีผลที่ทำให้ผู้คนตะลึง	เพิ่มโจมตีกายภาพ, ลดป้องกันกายภาพ。	
1111	Night Candelabrum	คนที่สามารถได้ยินMurmur นำเวทย์มนต์ธรรมดาๆดึงพลังลึกลับแสดงออกมา เมื่อใส่แล้วจะมีผลที่ทำให้ผู้คนตะลึง	เพิ่มโจมตีเวทย์, ลดป้องกันเวทย์。	
1112	 Muse Umbrella	รับคำอวยพรจาก Muse วางอาวุธในมือลง คนที่อยู่ใต่ร่มคันนี้จะแข็งแกร่ง เมื่อใส่แล้วจะมีผลที่ทำให้ผู้คนตะลึง	เพิ่มป้องกันกายภาพ, ลดโจมตีกายภาพ。	
1113	Double Dragon Guard	เสียสละชีวิตตนเองเพื่อปลดปล่อยผู้คนจากความบาป ก่อนจากไปได้ปล่อยบาเรียมังกรคู่เอาไว้ เมื่อใส่แล้วจะมีผลที่ทำให้ผู้คนตะลึง	เพิ่มป้องกันเวทย์, ลดโจมตีเวทย์	
1114	Destroy Atom	เต็มไปด้วยพลัง ทุกครั้งที่ใช้สามารถเพิ่มพลังให้กับเพื่อนที่อยู่ในบริเวณ		เมื่อใช้จะเพิ่มค่าพลัง 40 แต้มให้เพื่อนที่อยู่ภายในรัศมี เป็นเวลา 30 วินาที ผลเหมือนกันจะไม่สามารถใช้ซ้อนได้
1115	Cold Ice Crystal	ผลึกน้ำแข็งที่เกิดขึ้นตามธรรมชาติ ทุกครั้งที่ใช้สามารถเพิ่มว่องไวให้กับเพื่อนที่อยู่ในบริเวณ		เมื่อใช้จะเพิ่มค่าว่องไว 40 แต้มให้เพื่อนที่อยู่ภายในรัศมี เป็นเวลา 30 วินาที ผลเหมือนกันจะไม่สามารถใช้ซ้อนได้
1116	Seven Sea Pearl	ไข่มุกของเทฑธิดา ทุกครั้งที่ใช้สามารถเพิ่มปัญญาให้กับเพื่อนที่อยู่ในบริเวณ		เมื่อใช้จะเพิ่มค่าปัญญา 40 แต้มให้เพื่อนที่อยู่ภายในรัศมี เป็นเวลา 30 วินาที ผลเหมือนกันจะไม่สามารถใช้ซ้อนได้
1117	Paine Bottle	มีคนเล่าว่าเป็นขวดเหน้าที่Paineติดตัวตลอด ทุกครั้งที่ใช้สามารถเพิ่มรู้สึกให้กับเพื่อนที่อยู่ในบริเวณ		เมื่อใช้จะเพิ่มค่ารู้สึก 40 แต้มให้เพื่อนที่อยู่ภายในรัศมี 12 เมตร เป็นเวลา 30 วินาที ผลเหมือนกันจะไม่สามารถใช้ซ้อนได้
1118	Thorough Eye	แว่นกันแดดที่ช่างไร้นามสร้างขึ้นเมื่อใช้สามารถเพิ่มแต้ม EXP ที่ได้รับ		เมื่อใช้สามารถเพิ่มแต้ม EXP  5%เป็นเวลา 30 วินาที สามารถทำให้ผล EXP  Bonusเพิ่มขึ้น
1119	Chic Cap	หมวกคาวบอยที่ช่างไร้นามสร้างขึ้น เมื่อใช้สามารถเพิ่มแต้มสกิลที่ได้รับ		เมื่อใช้สามารถเพิ่มแต้มสกิล 5% เป็นเวลา 30 วินาที สามารถทำให้ผลSkill Point Bonusเพิ่มขึ้น
1120	Judgment Pen	กล่องสมบัติลึกลับ		
1121	Meager Bag	กล่องสมบัติลึกลับ		
1122	Globe	กล่องสมบัติลึกลับ		
1123	Land Seed	กล่องสมบัติลึกลับ		
1124	Magic Hat	กล่องสมบัติลึกลับ		
1125	Different World Record	กล่องสมบัติลึกลับ		
1126	Alert Cylinder len	กล่องสมบัติลึกลับ		
1127	Pandora Box	กล่องสมบัติลึกลับ		
1128	Magic Cube	กล่องสมบัติลึกลับ		
1129	Different Lampstand	กล่องสมบัติลึกลับ		
1130	Energy Crystal	กล่องสมบัติลึกลับ		
1131	Compass Success 	กล่องสมบัติลึกลับ		
1132	Tree Of Life	ของแปลกที่มาจากแดนไกล สามารถเปลี่ยนตัวเองให้เป็นต้นไม้ได้ หากโดนโจมตีจะกลับเป็นร่างเดิม		เมื่อใช้สามารถเปลี่ยนเป็น Big Tree
1133	Fire Fort Barbette	ปืนที่ใส่ดอกไม้ไฟ ไม่มีกำลังในการทำร้ายคนอื่น		เมื่อใช้สามารถเปลี่ยนเป็น Fort
1134	Spring Bed	ของแปลกที่มาจากแดนไกล สามารถทำให้คนโดดได้สูงขึ้น		เมื่อใช้สามารถเปลี่ยนเป็น Spring Bed
1135	Soul Controller	เครื่องมือจากช่างที่ไม่ทราบชื่อ สามารถดูดซับความหดหู่ในอากาศได้ และยิงมันออกไปทำให้เป้าหมายรู้สึกหดหู่(มีผลกับเพื่อนเท่านั้น)		เมื่อใช้จะทำให้เป้าหมายรู้สึกหดหู่
1136	Camouflage Item-Bench	ผู้เล่นเล่นถึงเลเวล 60 จึงจะได้รับไอเทมแปลงร่างถาวร		เมื่อใช้สามารถเปลี่ยนเป็น Bench
1137	Camouflage Item-Bullet board	ผู้เล่นเล่นถึงเลเวล 60 จึงจะได้รับไอเทมแปลงร่างถาวร		เมื่อใช้สามารถเปลี่ยนเป็น Bullet board
1138	Camouflage Item-Bread Booth	ผู้เล่นเล่นถึงเลเวล 60 จึงจะได้รับไอเทมแปลงร่างถาวร		เมื่อใช้สามารถเปลี่ยนเป็น Bread Booth
1139	Camouflage Item-Tree	ผู้เล่นเล่นถึงเลเวล 60 จึงจะได้รับไอเทมแปลงร่างถาวร		เมื่อใช้สามารถเปลี่ยนเป็น Tree
1140	Camouflage Item-Wooden Bench	ผู้เล่นเล่นถึงเลเวล 60 จึงจะได้รับไอเทมแปลงร่างถาวร		เมื่อใช้สามารถเปลี่ยนเป็น Wooden Bench
1141	Camouflage Item-Streetlights	ผู้เล่นเล่นถึงเลเวล 60 จึงจะได้รับไอเทมแปลงร่างถาวร		เมื่อใช้สามารถเปลี่ยนเป็น Streetlights
1142	Rumpled Paper	ทายผิดแล้ว! งั้นเจ้าก็อยู่ในถ้ำนี้เป็นเพื่อนข้าไปก่อนแล้วกัน!		
1143	Dirty Paper	ไม่อยู่ที่นี่! ยังไม่สิ้นหวังอีกเหรอ อะไรถึงทำให้สิ้นหวังได้?		
1144	Stinking Paper	ดวงดีจริงๆ! หากหนีรอดไปได้ ลองไปซื้อหวยดูนะ!		
1201	Earth Element LV.1	ธาตุที่ได้จากการแยก\n(สามารถนำไปแลกกับพ่อค้าแลกสินค้า จะได้ของดีมากมาย)		
1202	Earth Element LV.2	ธาตุที่ได้จากการแยก\n(สามารถนำไปแลกกับพ่อค้าแลกสินค้า จะได้ของดีมากมาย)		
1203	Earth Element LV.3	ธาตุที่ได้จากการแยก\n(สามารถนำไปแลกกับพ่อค้าแลกสินค้า จะได้ของดีมากมาย)		
1204	Earth Element LV.4	ธาตุที่ได้จากการแยก\n(สามารถนำไปแลกกับพ่อค้าแลกสินค้า จะได้ของดีมากมาย)		
1205	Earth Element LV.5	ธาตุที่ได้จากการแยก\n(สามารถนำไปแลกกับพ่อค้าแลกสินค้า จะได้ของดีมากมาย)		
1206	Earth Element LV.6	ธาตุที่ได้จากการแยก\n(สามารถนำไปแลกกับพ่อค้าแลกสินค้า จะได้ของดีมากมาย)		
1207	Earth Element LV.7	ธาตุที่ได้จากการแยก\n(สามารถนำไปแลกกับพ่อค้าแลกสินค้า จะได้ของดีมากมาย)		
1208	Earth Element LV.8	ธาตุที่ได้จากการแยก\n(สามารถนำไปแลกกับพ่อค้าแลกสินค้า จะได้ของดีมากมาย)		
1209	Earth Element LV.9	ธาตุที่ได้จากการแยก\n(สามารถนำไปแลกกับพ่อค้าแลกสินค้า จะได้ของดีมากมาย)		
1210	Earth Element LV.10	ธาตุที่ได้จากการแยก\n(สามารถนำไปแลกกับพ่อค้าแลกสินค้า จะได้ของดีมากมาย)		
1226	Water Element LV.1	ธาตุที่ได้จากการแยก\n(สามารถนำไปแลกกับพ่อค้าแลกสินค้า จะได้ของดีมากมาย)		
1227	Water Element LV.2	ธาตุที่ได้จากการแยก\n(สามารถนำไปแลกกับพ่อค้าแลกสินค้า จะได้ของดีมากมาย)		
1228	Water Element LV.3	ธาตุที่ได้จากการแยก\n(สามารถนำไปแลกกับพ่อค้าแลกสินค้า จะได้ของดีมากมาย)		
1229	Water Element LV.4	ธาตุที่ได้จากการแยก\n(สามารถนำไปแลกกับพ่อค้าแลกสินค้า จะได้ของดีมากมาย)		
1230	Water Element LV.5	ธาตุที่ได้จากการแยก\n(สามารถนำไปแลกกับพ่อค้าแลกสินค้า จะได้ของดีมากมาย)		
1231	Water Element LV.6	ธาตุที่ได้จากการแยก\n(สามารถนำไปแลกกับพ่อค้าแลกสินค้า จะได้ของดีมากมาย)		
1232	Water Element LV.7	ธาตุที่ได้จากการแยก\n(สามารถนำไปแลกกับพ่อค้าแลกสินค้า จะได้ของดีมากมาย)		
1233	Water Element LV.8	ธาตุที่ได้จากการแยก\n(สามารถนำไปแลกกับพ่อค้าแลกสินค้า จะได้ของดีมากมาย)		
1234	Water Element LV.9	ธาตุที่ได้จากการแยก\n(สามารถนำไปแลกกับพ่อค้าแลกสินค้า จะได้ของดีมากมาย)		
1235	Water Element LV.10	ธาตุที่ได้จากการแยก\n(สามารถนำไปแลกกับพ่อค้าแลกสินค้า จะได้ของดีมากมาย)		
1251	Fire Element LV.1	ธาตุที่ได้จากการแยก\n(สามารถนำไปแลกกับพ่อค้าแลกสินค้า จะได้ของดีมากมาย)		
1252	Fire Element LV.2	ธาตุที่ได้จากการแยก\n(สามารถนำไปแลกกับพ่อค้าแลกสินค้า จะได้ของดีมากมาย)		
1253	Fire Element LV.3	ธาตุที่ได้จากการแยก\n(สามารถนำไปแลกกับพ่อค้าแลกสินค้า จะได้ของดีมากมาย)		
1254	Fire Element LV.4	ธาตุที่ได้จากการแยก\n(สามารถนำไปแลกกับพ่อค้าแลกสินค้า จะได้ของดีมากมาย)		
1255	Fire Element LV.5	ธาตุที่ได้จากการแยก\n(สามารถนำไปแลกกับพ่อค้าแลกสินค้า จะได้ของดีมากมาย)		
1256	Fire Element LV.6	ธาตุที่ได้จากการแยก\n(สามารถนำไปแลกกับพ่อค้าแลกสินค้า จะได้ของดีมากมาย)		
1257	Fire Element LV.7	ธาตุที่ได้จากการแยก\n(สามารถนำไปแลกกับพ่อค้าแลกสินค้า จะได้ของดีมากมาย)		
1258	Fire Element LV.8	ธาตุที่ได้จากการแยก\n(สามารถนำไปแลกกับพ่อค้าแลกสินค้า จะได้ของดีมากมาย)		
1259	Fire Element LV.9	ธาตุที่ได้จากการแยก\n(สามารถนำไปแลกกับพ่อค้าแลกสินค้า จะได้ของดีมากมาย)		
1260	Fire Element LV.10	ธาตุที่ได้จากการแยก\n(สามารถนำไปแลกกับพ่อค้าแลกสินค้า จะได้ของดีมากมาย)		
1276	Wind Element LV.1	ธาตุที่ได้จากการแยก\n(สามารถนำไปแลกกับพ่อค้าแลกสินค้า จะได้ของดีมากมาย)		
1277	Wind Element LV.2	ธาตุที่ได้จากการแยก\n(สามารถนำไปแลกกับพ่อค้าแลกสินค้า จะได้ของดีมากมาย)		
1278	Wind Element LV.3	ธาตุที่ได้จากการแยก\n(สามารถนำไปแลกกับพ่อค้าแลกสินค้า จะได้ของดีมากมาย)		
1279	Wind Element LV.4	ธาตุที่ได้จากการแยก\n(สามารถนำไปแลกกับพ่อค้าแลกสินค้า จะได้ของดีมากมาย)		
1280	Wind Element LV.5	ธาตุที่ได้จากการแยก\n(สามารถนำไปแลกกับพ่อค้าแลกสินค้า จะได้ของดีมากมาย)		
1281	Wind Element LV.6	ธาตุที่ได้จากการแยก\n(สามารถนำไปแลกกับพ่อค้าแลกสินค้า จะได้ของดีมากมาย)		
1282	Wind Element LV.7	ธาตุที่ได้จากการแยก\n(สามารถนำไปแลกกับพ่อค้าแลกสินค้า จะได้ของดีมากมาย)		
1283	Wind Element LV.8	ธาตุที่ได้จากการแยก\n(สามารถนำไปแลกกับพ่อค้าแลกสินค้า จะได้ของดีมากมาย)		
1284	Wind Element LV.9	ธาตุที่ได้จากการแยก\n(สามารถนำไปแลกกับพ่อค้าแลกสินค้า จะได้ของดีมากมาย)		
1285	Wind Element LV.10	ธาตุที่ได้จากการแยก\n(สามารถนำไปแลกกับพ่อค้าแลกสินค้า จะได้ของดีมากมาย)		
1301	Al Timo Energy Stone	แก่นพลังงานที่ใช้ในสงคราม Empire of Mu สร้างพลังงานได้อย่างไม่มีที่สิ้นสุด แต่วิธีการใช้ได้สูญหายไปตามกาลเวลาแล้ว		
1302	Jellyfish Mucus	เมือกบนตัวของราชาแมงกระพรุน มีความยืดหยุ่นสูง เมื่อทำการแปรรูปแล้วสามารถเสริมแกร่งให้อุปกรณ์ได้		
1303	Mutation Jellyfish Crystal	คริสตัสในตัวของราชาแมงกระพรุน มีพลังวิเศษ สามารถทำให้แมงกระพรุนธรรมดาๆกลายร่างได้...		
1304	Duke Gun Barrel	กระบอกปืน Duke สุดพิเศษ สามารถทนแรงกระแทกได้เป็นอย่างดี		
1305	Beirut Shield	โล่ประจำตัวของ Beirut		
1306	Tank Gunpowder	ยินปืนที่เตรียมพร้อมอยู่ในรถเกราะ ใช้โจมตีเรือบริเวณรอบๆ		
1307	Dante Flame	แก่นพลังงานของ Dante ด้านในมีพลังงานชั่วร้ายที่สามารถกลืนกินทุกสรรพสิ่งบนโลกได้		
1308	Dante Iron Chain	โซ่อันแข็งแกร่งของ Dante เหมือนดั่งโซ่ที่ซาตานใช้ลากมนุษย์ลงนรก		
1309	Media Crystal	ชิ้นส่วนจากพลังงานแข็งแกร่งที่รวมกันเป็นรูปร่างของ Media		
1331	Old Fishing Net	แหเก่าแก่ เหมือนชาวประมงลืมเอาไว้เมื่อนานมาแล้ว เป็นวัสดุสกิลเรือ		
1332	Ceramic Clod	หินที่พบบนเกาะร้าง คุณภาพดีมาก		
1333	Black Iron Clod	ชิ้นเหล็กสีดำ ดูเหมือนขยะ จะต้องนำไปแปรรูป		
1334	Black Powder	ดินปืนติดไฟง่าย อาจเป็นของพวกโจรสลัดที่ผ่านไปมา		
1335	Red Flame Iron	แร่เหล็กบริเวณภูเขาไฟ เป็นผลมาจากการรวมตัวของแร่ต่างๆเป็นเวลานาน ทนความร้อนได้ดี		
1336	Heat Ceramic Clod	หินที่ทนความร้อนได้สูง แปรรูปลำบาก		
1337	Empire of Mu Energy Vessel	ของที่หลงเหลือจากยุค Empire of Mu สามารถเก็บพลังงานไฟฟ้าได้		
1338	Empire of Mu Gun Barrel	อะไหล่อาวุธจากยุค Empire of Mu ถึงแม้ว่าจะเก่าแล้วแต่ยังคงความแกร่งอยู่		
1401	N Wool Ball-Headdress			
1402	N Wool Ball-Armor			
1403	N Wool Ball-Legging			
1404	毛線球-連身	兩個相同的毛線球可以找克蕾塔合成為新的外觀		
1405	毛線球-背飾	兩個相同的毛線球可以找克蕾塔合成為新的外觀		
1406	毛線球-臉部	兩個相同的毛線球可以找克蕾塔合成為新的外觀		
1407	毛線球-內褲	兩個相同的毛線球可以找克蕾塔合成為新的外觀		
1411	H Wool Ball-Headdress			
1412	H Wool Ball-Armor			
1413	H Wool Ball-Legging			
1414	毛線球-連身	兩個相同的毛線球可以找克蕾塔合成為新的外觀		
1415	毛線球-背飾	兩個相同的毛線球可以找克蕾塔合成為新的外觀		
1416	毛線球-臉部	兩個相同的毛線球可以找克蕾塔合成為新的外觀		
1417	毛線球-內褲	兩個相同的毛線球可以找克蕾塔合成為新的外觀		
1421	E Wool Ball-Headdress			
1422	E Wool Ball-Armor			
1423	E Wool Ball-Legging			
1431	L Wool Ball-Headdress			
1432	L Wool Ball-Armor			
1433	L Wool Ball-Legging			
1501	初級LV.1洗煉卷	有著1%的機率可以將1階的裝備屬性升階		找NPC瑞馬德可以開啟洗煉介面
1502	中級LV.1洗煉卷	有著5%的機率可以將1階的裝備屬性升階		找NPC瑞馬德可以開啟洗煉介面
1503	初級LV.2洗煉卷	有著1%的機率可以將2階的裝備屬性升階		找NPC瑞馬德可以開啟洗煉介面
1504	中級LV.2洗煉卷	有著5%的機率可以將2階的裝備屬性升階		找NPC瑞馬德可以開啟洗煉介面
1505	初級LV.3洗煉卷	有著1%的機率可以將3階的裝備屬性升階(目前僅有字尾可升階)		找NPC瑞馬德可以開啟洗煉介面
1506	中級LV.3洗煉卷	有著5%的機率可以將3階的裝備屬性升階(目前僅有字尾可升階)		找NPC瑞馬德可以開啟洗煉介面
1507	初級LV.4洗煉卷			找NPC瑞馬德可以開啟洗煉介面
1508	中級LV.4洗煉卷			找NPC瑞馬德可以開啟洗煉介面
2001	Port Royal Key (Blue)	กุญแจนี้สามารถนำมาเปิดกล่องสมบัติที่อยู่ใน Port Royal ได้		
2002	Port Royal Key (Red)	กุญแจนี้สามารถนำมาเปิดกล่องสมบัติที่อยู่ใน Port Royal ได้		
2003	Port Royal Key (Purple)	กุญแจนี้สามารถนำมาเปิดกล่องสมบัติที่อยู่ใน Port Royal ได้		
2004	Port Royal Key (Green)	กุญแจนี้สามารถนำมาเปิดกล่องสมบัติที่อยู่ใน Port Royal ได้		
2005	Port Royal Key (Yellow)	กุญแจนี้สามารถนำมาเปิดกล่องสมบัติที่อยู่ใน Port Royal ได้		
2006	Prison Key (Purple)	กุญแจนี้สามารถนำมาเปิดกล่องสมบัติที่อยู่ใน Prison Exile Island ได้		
2007	Prison Key (Blue)	กุญแจนี้สามารถนำมาเปิดกล่องสมบัติที่อยู่ใน Prison Exile Island ได้		
2008	Prison Key (Red)	กุญแจนี้สามารถนำมาเปิดกล่องสมบัติที่อยู่ใน Prison Exile Island ได้		
2009	Prison Key (Yellow)	กุญแจนี้สามารถนำมาเปิดกล่องสมบัติที่อยู่ใน Prison Exile Island ได้		
2010	Prison Key (Green)	กุญแจนี้สามารถนำมาเปิดกล่องสมบัติที่อยู่ใน Prison Exile Island ได้		
2011	Paradise Island Key (Yellow)	กุญแจนี้สามารถนำมาเปิดกล่องสมบัติที่อยู่ใน Spice Paradise Island ได้		
2012	Paradise Island Key (Purple)	กุญแจนี้สามารถนำมาเปิดกล่องสมบัติที่อยู่ใน Spice Paradise Island ได้		
2013	Paradise Island Key (Red)	กุญแจนี้สามารถนำมาเปิดกล่องสมบัติที่อยู่ใน Spice Paradise Island ได้		
2014	Paradise Island Key (Green)	กุญแจนี้สามารถนำมาเปิดกล่องสมบัติที่อยู่ใน Spice Paradise Island ได้		
2015	Paradise Island Key (Blue)	กุญแจนี้สามารถนำมาเปิดกล่องสมบัติที่อยู่ใน Spice Paradise Island ได้		
2016	Slave Key (Yellow)	กุญแจนี้สามารถนำมาเปิดกล่องสมบัติที่อยู่ใน Slave Market Island ได้		
2017	Slave Key (Red)	กุญแจนี้สามารถนำมาเปิดกล่องสมบัติที่อยู่ใน Slave Market Island ได้		
2018	Slave Key (Purple)	กุญแจนี้สามารถนำมาเปิดกล่องสมบัติที่อยู่ใน Slave Market Island ได้		
2019	Slave Key (Blue)	กุญแจนี้สามารถนำมาเปิดกล่องสมบัติที่อยู่ใน Slave Market Island ได้		
2020	Slave Key (Green)	กุญแจนี้สามารถนำมาเปิดกล่องสมบัติที่อยู่ใน Slave Market Island ได้		
2021	Evil Port Key (Purple)	กุญแจนี้สามารถนำมาเปิดกล่องสมบัติที่อยู่ใน Evil Port ได้		
2022	Evil Port Key (Yellow)	กุญแจนี้สามารถนำมาเปิดกล่องสมบัติที่อยู่ใน Evil Port ได้		
2023	Evil Port Key (Red)	กุญแจนี้สามารถนำมาเปิดกล่องสมบัติที่อยู่ใน Evil Port ได้		
2024	Evil Port Key (Blue)	กุญแจนี้สามารถนำมาเปิดกล่องสมบัติที่อยู่ใน Evil Port ได้		
2025	Evil Port Key (Green)	กุญแจนี้สามารถนำมาเปิดกล่องสมบัติที่อยู่ใน Evil Port ได้		
2026	Ocean Key (Red)	กุญแจนี้สามารถนำมาเปิดกล่องสมบัติที่อยู่ใน Ocean Walled City ได้		
2027	Ocean Key (Yellow)	กุญแจนี้สามารถนำมาเปิดกล่องสมบัติที่อยู่ใน Ocean Walled City ได้		
2028	Ocean Key (Green)	กุญแจนี้สามารถนำมาเปิดกล่องสมบัติที่อยู่ใน Ocean Walled City ได้		
2029	Ocean Key (Purple)	กุญแจนี้สามารถนำมาเปิดกล่องสมบัติที่อยู่ใน Ocean Walled City ได้		
2030	Ocean Key (Blue)	กุญแจนี้สามารถนำมาเปิดกล่องสมบัติที่อยู่ใน Ocean Walled City ได้		
2031	Voodoo Island Key (Green)	กุญแจนี้สามารถนำมาเปิดกล่องสมบัติที่อยู่ใน Voodoo Island ได้		
2032	Voodoo Island Key (Yellow)	กุญแจนี้สามารถนำมาเปิดกล่องสมบัติที่อยู่ใน Voodoo Island ได้		
2033	Voodoo Island Key (Red)	กุญแจนี้สามารถนำมาเปิดกล่องสมบัติที่อยู่ใน Voodoo Island ได้		
2034	Voodoo Island Key (Blue)	กุญแจนี้สามารถนำมาเปิดกล่องสมบัติที่อยู่ใน Voodoo Island ได้		
2035	Voodoo Island Key (Purple)	กุญแจนี้สามารถนำมาเปิดกล่องสมบัติที่อยู่ใน Voodoo Island ได้		
2036	Silver Harbour Key (Red)	กุญแจนี้สามารถนำมาเปิดกล่องสมบัติที่อยู่ใน Silver Harbour ได้		
2037	Silver Harbour Key (Green)	กุญแจนี้สามารถนำมาเปิดกล่องสมบัติที่อยู่ใน Silver Harbour ได้		
2038	Silver Harbour Key (Blue)	กุญแจนี้สามารถนำมาเปิดกล่องสมบัติที่อยู่ใน Silver Harbour ได้		
2039	Silver Harbour Key (Purple)	กุญแจนี้สามารถนำมาเปิดกล่องสมบัติที่อยู่ใน Silver Harbour ได้		
2040	Silver Harbour Key (Yellow)	กุญแจนี้สามารถนำมาเปิดกล่องสมบัติที่อยู่ใน Silver Harbour ได้		
2041	Death City Key (Red)	กุญแจนี้สามารถนำมาเปิดกล่องสมบัติที่อยู่ใน Death City Sea ได้		
2042	Death City Key (Yellow)	กุญแจนี้สามารถนำมาเปิดกล่องสมบัติที่อยู่ใน Death City Sea ได้		
2043	Death City Key (Purple)	กุญแจนี้สามารถนำมาเปิดกล่องสมบัติที่อยู่ใน Death City Sea ได้		
2044	Death City Key (Green)	กุญแจนี้สามารถนำมาเปิดกล่องสมบัติที่อยู่ใน Death City Sea ได้		
2045	Death City Key (Blue)	กุญแจนี้สามารถนำมาเปิดกล่องสมบัติที่อยู่ใน Death City Sea ได้		
2046	Temple Key (Red)	กุญแจนี้สามารถนำมาเปิดกล่องสมบัติที่อยู่ใน Deep Sea Temple ได้		
2047	Temple Key (Yellow)	กุญแจนี้สามารถนำมาเปิดกล่องสมบัติที่อยู่ใน Deep Sea Temple ได้		
2048	Temple Key (Purple)	กุญแจนี้สามารถนำมาเปิดกล่องสมบัติที่อยู่ใน Deep Sea Temple ได้		
2049	Temple Key (Blue)	กุญแจนี้สามารถนำมาเปิดกล่องสมบัติที่อยู่ใน Deep Sea Temple ได้		
2050	Temple Key (Green)	กุญแจนี้สามารถนำมาเปิดกล่องสมบัติที่อยู่ใน Deep Sea Temple ได้		
2051	Drake Key (Yellow)	กุญแจนี้สามารถนำมาเปิดกล่องสมบัติที่อยู่ใน Drake empty Walled ได้		
2052	Drake Key (Red)	กุญแจนี้สามารถนำมาเปิดกล่องสมบัติที่อยู่ใน Drake empty Walled ได้		
2053	Drake Key (Purple)	กุญแจนี้สามารถนำมาเปิดกล่องสมบัติที่อยู่ใน Drake empty Walled ได้		
2054	Drake Key (Blue)	กุญแจนี้สามารถนำมาเปิดกล่องสมบัติที่อยู่ใน Drake empty Walled ได้		
2055	Drake Key (Green)	กุญแจนี้สามารถนำมาเปิดกล่องสมบัติที่อยู่ใน Drake empty Walled ได้		
2056	Volcanic Island Key (Purple)	กุญแจนี้สามารถนำมาเปิดกล่องสมบัติที่อยู่ใน Hell Volcanic Island ได้		
2057	Volcanic Island Key (Red)	กุญแจนี้สามารถนำมาเปิดกล่องสมบัติที่อยู่ใน Hell Volcanic Island ได้		
2058	Volcanic Island Key (Yellow)	กุญแจนี้สามารถนำมาเปิดกล่องสมบัติที่อยู่ใน Hell Volcanic Island ได้		
2059	Volcanic Island Key (Blue)	กุญแจนี้สามารถนำมาเปิดกล่องสมบัติที่อยู่ใน Hell Volcanic Island ได้		
2060	Volcanic Island Key (Green)	กุญแจนี้สามารถนำมาเปิดกล่องสมบัติที่อยู่ใน Hell Volcanic Island ได้		
2061	Eden Key (Purple)	กุญแจนี้สามารถนำมาเปิดกล่องสมบัติที่อยู่ใน Lost Eden ได้		
2062	Eden Key (Yellow)	กุญแจนี้สามารถนำมาเปิดกล่องสมบัติที่อยู่ใน Lost Eden ได้		
2063	Eden Key (Red)	กุญแจนี้สามารถนำมาเปิดกล่องสมบัติที่อยู่ใน Lost Eden ได้		
2064	Eden Key (Green)	กุญแจนี้สามารถนำมาเปิดกล่องสมบัติที่อยู่ใน Lost Eden ได้		
2065	Eden Key (Blue)	กุญแจนี้สามารถนำมาเปิดกล่องสมบัติที่อยู่ใน Lost Eden ได้		
2066	Sunset Key (Yellow)	กุญแจนี้สามารถนำมาเปิดกล่องสมบัติที่อยู่ใน Sunset Deserted ได้		
2067	Sunset Key (Red)	กุญแจนี้สามารถนำมาเปิดกล่องสมบัติที่อยู่ใน Sunset Deserted ได้		
2068	Sunset Key (Purple)	กุญแจนี้สามารถนำมาเปิดกล่องสมบัติที่อยู่ใน Sunset Deserted ได้		
2069	Sunset Key (Green)	กุญแจนี้สามารถนำมาเปิดกล่องสมบัติที่อยู่ใน Sunset Deserted ได้		
2070	Sunset Key (Blue)	กุญแจนี้สามารถนำมาเปิดกล่องสมบัติที่อยู่ใน Sunset Deserted ได้		
3001	War Crystal Lv.1 	เมื่อเลเวลอาวุธกันถึง Lv.1 ขึ้นไปสามารถนำมาฝังประดับเพื่อเสริมพลังได้\n(แนะนำ: เมื่อถอดผลึกออกระดับแสงจะลดลง หากระดับแสงเหลือ 0 จะไม่สามารถฝังประดับได้)	พลังที่ได้เมื่อฝังประดับ	
3002	Flame Crystal Lv.1 	เมื่อเลเวลอาวุธกันถึง Lv.1 ขึ้นไปสามารถนำมาฝังประดับเพื่อเสริมพลังได้\n(แนะนำ: เมื่อถอดผลึกออกระดับแสงจะลดลง หากระดับแสงเหลือ 0 จะไม่สามารถฝังประดับได้)	พลังที่ได้เมื่อฝังประดับ	
3003	Turmoil Crystal Lv.1 	เมื่อเลเวลอาวุธกันถึง Lv.1 ขึ้นไปสามารถนำมาฝังประดับเพื่อเสริมพลังได้\n(แนะนำ: เมื่อถอดผลึกออกระดับแสงจะลดลง หากระดับแสงเหลือ 0 จะไม่สามารถฝังประดับได้)	พลังที่ได้เมื่อฝังประดับ	
3004	Wrangle Crystal Lv.1 	เมื่อเลเวลอาวุธกันถึง Lv.1 ขึ้นไปสามารถนำมาฝังประดับเพื่อเสริมพลังได้\n(แนะนำ: เมื่อถอดผลึกออกระดับแสงจะลดลง หากระดับแสงเหลือ 0 จะไม่สามารถฝังประดับได้)	พลังที่ได้เมื่อฝังประดับ	
3005	Justice Crystal Lv.1 	เมื่อเลเวลอาวุธกันถึง Lv.1 ขึ้นไปสามารถนำมาฝังประดับเพื่อเสริมพลังได้\n(แนะนำ: เมื่อถอดผลึกออกระดับแสงจะลดลง หากระดับแสงเหลือ 0 จะไม่สามารถฝังประดับได้)	พลังที่ได้เมื่อฝังประดับ	
3006	Weapon Crystal Lv.1 	เมื่อเลเวลอาวุธกันถึง Lv.1 ขึ้นไปสามารถนำมาฝังประดับเพื่อเสริมพลังได้\n(แนะนำ: เมื่อถอดผลึกออกระดับแสงจะลดลง หากระดับแสงเหลือ 0 จะไม่สามารถฝังประดับได้)	พลังที่ได้เมื่อฝังประดับ	
3007	Wrestle Crystal Lv.1 	เมื่อเลเวลอาวุธกันถึง Lv.1 ขึ้นไปสามารถนำมาฝังประดับเพื่อเสริมพลังได้\n(แนะนำ: เมื่อถอดผลึกออกระดับแสงจะลดลง หากระดับแสงเหลือ 0 จะไม่สามารถฝังประดับได้)	พลังที่ได้เมื่อฝังประดับ	
3008	Confrontation Crystal Lv.1 	เมื่อเลเวลอาวุธกันถึง Lv.1 ขึ้นไปสามารถนำมาฝังประดับเพื่อเสริมพลังได้\n(แนะนำ: เมื่อถอดผลึกออกระดับแสงจะลดลง หากระดับแสงเหลือ 0 จะไม่สามารถฝังประดับได้)	พลังที่ได้เมื่อฝังประดับ	
3009	Outcome Crystal Lv.1 	เมื่อเลเวลอาวุธกันถึง Lv.1 ขึ้นไปสามารถนำมาฝังประดับเพื่อเสริมพลังได้\n(แนะนำ: เมื่อถอดผลึกออกระดับแสงจะลดลง หากระดับแสงเหลือ 0 จะไม่สามารถฝังประดับได้)	พลังที่ได้เมื่อฝังประดับ	
3010	Declare War Crystal Lv.1 	เมื่อเลเวลอาวุธกันถึง Lv.1 ขึ้นไปสามารถนำมาฝังประดับเพื่อเสริมพลังได้\n(แนะนำ: เมื่อถอดผลึกออกระดับแสงจะลดลง หากระดับแสงเหลือ 0 จะไม่สามารถฝังประดับได้)	พลังที่ได้เมื่อฝังประดับ	
3011	Coercion Crystal Lv.1 	เมื่อเลเวลอาวุธกันถึง Lv.1 ขึ้นไปสามารถนำมาฝังประดับเพื่อเสริมพลังได้\n(แนะนำ: เมื่อถอดผลึกออกระดับแสงจะลดลง หากระดับแสงเหลือ 0 จะไม่สามารถฝังประดับได้)	พลังที่ได้เมื่อฝังประดับ	
3012	Horror Crystal Lv.1 	เมื่อเลเวลอาวุธกันถึง Lv.1 ขึ้นไปสามารถนำมาฝังประดับเพื่อเสริมพลังได้\n(แนะนำ: เมื่อถอดผลึกออกระดับแสงจะลดลง หากระดับแสงเหลือ 0 จะไม่สามารถฝังประดับได้)	พลังที่ได้เมื่อฝังประดับ	
3013	Tight Crystal Lv.1 	เมื่อเลเวลอาวุธกันถึง Lv.1 ขึ้นไปสามารถนำมาฝังประดับเพื่อเสริมพลังได้\n(แนะนำ: เมื่อถอดผลึกออกระดับแสงจะลดลง หากระดับแสงเหลือ 0 จะไม่สามารถฝังประดับได้)	พลังที่ได้เมื่อฝังประดับ	
3014	Violence Crystal Lv.1 	เมื่อเลเวลอาวุธกันถึง Lv.1 ขึ้นไปสามารถนำมาฝังประดับเพื่อเสริมพลังได้\n(แนะนำ: เมื่อถอดผลึกออกระดับแสงจะลดลง หากระดับแสงเหลือ 0 จะไม่สามารถฝังประดับได้)	พลังที่ได้เมื่อฝังประดับ	
3015	Blood Crystal Lv.1 	เมื่อเลเวลอาวุธกันถึง Lv.1 ขึ้นไปสามารถนำมาฝังประดับเพื่อเสริมพลังได้\n(แนะนำ: เมื่อถอดผลึกออกระดับแสงจะลดลง หากระดับแสงเหลือ 0 จะไม่สามารถฝังประดับได้)	พลังที่ได้เมื่อฝังประดับ	
3016	Madness Crystal Lv.1 	เมื่อเลเวลอาวุธกันถึง Lv.1 ขึ้นไปสามารถนำมาฝังประดับเพื่อเสริมพลังได้\n(แนะนำ: เมื่อถอดผลึกออกระดับแสงจะลดลง หากระดับแสงเหลือ 0 จะไม่สามารถฝังประดับได้)	พลังที่ได้เมื่อฝังประดับ	
3017	Poor Soldier Crystal Lv.1 	เมื่อเลเวลอาวุธกันถึง Lv.1 ขึ้นไปสามารถนำมาฝังประดับเพื่อเสริมพลังได้\n(แนะนำ: เมื่อถอดผลึกออกระดับแสงจะลดลง หากระดับแสงเหลือ 0 จะไม่สามารถฝังประดับได้)	พลังที่ได้เมื่อฝังประดับ	
3018	Biochemistry Crystal Lv.1 	เมื่อเลเวลอาวุธกันถึง Lv.1 ขึ้นไปสามารถนำมาฝังประดับเพื่อเสริมพลังได้\n(แนะนำ: เมื่อถอดผลึกออกระดับแสงจะลดลง หากระดับแสงเหลือ 0 จะไม่สามารถฝังประดับได้)	พลังที่ได้เมื่อฝังประดับ	
3019	Modivid Crystal Lv.1 	เมื่อเลเวลเครื่องป้องกันถึง Lv.1 ขึ้นไปสามารถนำมาฝังประดับเพื่อเสริมพลังได้\n(แนะนำ: เมื่อถอดผลึกออกระดับแสงจะลดลง หากระดับแสงเหลือ 0 จะไม่สามารถฝังประดับได้)	พลังที่ได้เมื่อฝังประดับ	
3020	Protect Crystal Lv.1 	เมื่อเลเวลเครื่องป้องกันถึง Lv.1 ขึ้นไปสามารถนำมาฝังประดับเพื่อเสริมพลังได้\n(แนะนำ: เมื่อถอดผลึกออกระดับแสงจะลดลง หากระดับแสงเหลือ 0 จะไม่สามารถฝังประดับได้)	พลังที่ได้เมื่อฝังประดับ	
3021	Fort Crystal Lv.1 Lv1	เมื่อเลเวลเครื่องป้องกันถึง Lv.1 ขึ้นไปสามารถนำมาฝังประดับเพื่อเสริมพลังได้\n(แนะนำ: เมื่อถอดผลึกออกระดับแสงจะลดลง หากระดับแสงเหลือ 0 จะไม่สามารถฝังประดับได้)	พลังที่ได้เมื่อฝังประดับ	
3022	Imperial Crystal Lv.1	เมื่อเลเวลเครื่องป้องกันถึง Lv.1 ขึ้นไปสามารถนำมาฝังประดับเพื่อเสริมพลังได้\n(แนะนำ: เมื่อถอดผลึกออกระดับแสงจะลดลง หากระดับแสงเหลือ 0 จะไม่สามารถฝังประดับได้)	พลังที่ได้เมื่อฝังประดับ	
3023	Aversion Crystal Lv.1	เมื่อเลเวลเครื่องป้องกันถึง Lv.1 ขึ้นไปสามารถนำมาฝังประดับเพื่อเสริมพลังได้\n(แนะนำ: เมื่อถอดผลึกออกระดับแสงจะลดลง หากระดับแสงเหลือ 0 จะไม่สามารถฝังประดับได้)	พลังที่ได้เมื่อฝังประดับ	
3024	Cache Crystal Lv.1	เมื่อเลเวลเครื่องป้องกันถึง Lv.1 ขึ้นไปสามารถนำมาฝังประดับเพื่อเสริมพลังได้\n(แนะนำ: เมื่อถอดผลึกออกระดับแสงจะลดลง หากระดับแสงเหลือ 0 จะไม่สามารถฝังประดับได้)	พลังที่ได้เมื่อฝังประดับ	
3025	Predator Crystal Lv.1	เมื่อเลเวลเครื่องป้องกันถึง Lv.1 ขึ้นไปสามารถนำมาฝังประดับเพื่อเสริมพลังได้\n(แนะนำ: เมื่อถอดผลึกออกระดับแสงจะลดลง หากระดับแสงเหลือ 0 จะไม่สามารถฝังประดับได้)	พลังที่ได้เมื่อฝังประดับ	
3026	Cushion Crystal Lv.1	เมื่อเลเวลเครื่องป้องกันถึง Lv.1 ขึ้นไปสามารถนำมาฝังประดับเพื่อเสริมพลังได้\n(แนะนำ: เมื่อถอดผลึกออกระดับแสงจะลดลง หากระดับแสงเหลือ 0 จะไม่สามารถฝังประดับได้)	พลังที่ได้เมื่อฝังประดับ	
3027	Warn Crystal Lv.1	เมื่อเลเวลเครื่องป้องกันถึง Lv.1 ขึ้นไปสามารถนำมาฝังประดับเพื่อเสริมพลังได้\n(แนะนำ: เมื่อถอดผลึกออกระดับแสงจะลดลง หากระดับแสงเหลือ 0 จะไม่สามารถฝังประดับได้)	พลังที่ได้เมื่อฝังประดับ	
3028	Monitoring Crystal Lv.1	เมื่อเลเวลเครื่องป้องกันถึง Lv.1 ขึ้นไปสามารถนำมาฝังประดับเพื่อเสริมพลังได้\n(แนะนำ: เมื่อถอดผลึกออกระดับแสงจะลดลง หากระดับแสงเหลือ 0 จะไม่สามารถฝังประดับได้)	พลังที่ได้เมื่อฝังประดับ	
3029	Guard Crystal Lv.1	เมื่อเลเวลเครื่องป้องกันถึง Lv.1 ขึ้นไปสามารถนำมาฝังประดับเพื่อเสริมพลังได้\n(แนะนำ: เมื่อถอดผลึกออกระดับแสงจะลดลง หากระดับแสงเหลือ 0 จะไม่สามารถฝังประดับได้)	พลังที่ได้เมื่อฝังประดับ	
3030	Appease Crystal Lv.1	เมื่อเลเวลเครื่องป้องกันถึง Lv.1 ขึ้นไปสามารถนำมาฝังประดับเพื่อเสริมพลังได้\n(แนะนำ: เมื่อถอดผลึกออกระดับแสงจะลดลง หากระดับแสงเหลือ 0 จะไม่สามารถฝังประดับได้)	พลังที่ได้เมื่อฝังประดับ	
3031	Thunder Crystal Lv.1	เมื่อเลเวลเครื่องป้องกันถึง Lv.1 ขึ้นไปสามารถนำมาฝังประดับเพื่อเสริมพลังได้\n(แนะนำ: เมื่อถอดผลึกออกระดับแสงจะลดลง หากระดับแสงเหลือ 0 จะไม่สามารถฝังประดับได้)	พลังที่ได้เมื่อฝังประดับ	
3032	Sanction Crystal Lv.1	เมื่อเลเวลเครื่องป้องกันถึง Lv.1 ขึ้นไปสามารถนำมาฝังประดับเพื่อเสริมพลังได้\n(แนะนำ: เมื่อถอดผลึกออกระดับแสงจะลดลง หากระดับแสงเหลือ 0 จะไม่สามารถฝังประดับได้)	พลังที่ได้เมื่อฝังประดับ	
3033	Territory Crystal Lv.1	เมื่อเลเวลเครื่องป้องกันถึง Lv.1 ขึ้นไปสามารถนำมาฝังประดับเพื่อเสริมพลังได้\n(แนะนำ: เมื่อถอดผลึกออกระดับแสงจะลดลง หากระดับแสงเหลือ 0 จะไม่สามารถฝังประดับได้)	พลังที่ได้เมื่อฝังประดับ	
3034	Lockout Crystal Lv.1	เมื่อเลเวลเครื่องป้องกันถึง Lv.1 ขึ้นไปสามารถนำมาฝังประดับเพื่อเสริมพลังได้\n(แนะนำ: เมื่อถอดผลึกออกระดับแสงจะลดลง หากระดับแสงเหลือ 0 จะไม่สามารถฝังประดับได้)	พลังที่ได้เมื่อฝังประดับ	
3035	Chain Ring Crystal Lv.1	เมื่อเลเวลเครื่องป้องกันถึง Lv.1 ขึ้นไปสามารถนำมาฝังประดับเพื่อเสริมพลังได้\n(แนะนำ: เมื่อถอดผลึกออกระดับแสงจะลดลง หากระดับแสงเหลือ 0 จะไม่สามารถฝังประดับได้)	พลังที่ได้เมื่อฝังประดับ	
3036	One Heart Crystal Lv.1	เมื่อเลเวลเครื่องป้องกันถึง Lv.1 ขึ้นไปสามารถนำมาฝังประดับเพื่อเสริมพลังได้\n(แนะนำ: เมื่อถอดผลึกออกระดับแสงจะลดลง หากระดับแสงเหลือ 0 จะไม่สามารถฝังประดับได้)	พลังที่ได้เมื่อฝังประดับ	
3037	Improve Crystal Lv.1	เมื่อเลเวลเครื่องประดับถึง Lv.1 ขึ้นไปสามารถนำมาฝังประดับเพื่อเสริมพลังได้\n(แนะนำ: เมื่อถอดผลึกออกระดับแสงจะลดลง หากระดับแสงเหลือ 0 จะไม่สามารถฝังประดับได้)	พลังที่ได้เมื่อฝังประดับ	
3038	Familiar Crystal Lv.1	เมื่อเลเวลเครื่องประดับถึง Lv.1 ขึ้นไปสามารถนำมาฝังประดับเพื่อเสริมพลังได้\n(แนะนำ: เมื่อถอดผลึกออกระดับแสงจะลดลง หากระดับแสงเหลือ 0 จะไม่สามารถฝังประดับได้)	พลังที่ได้เมื่อฝังประดับ	
3039	Fracture Crystal Lv.1	เมื่อเลเวลเครื่องประดับถึง Lv.1 ขึ้นไปสามารถนำมาฝังประดับเพื่อเสริมพลังได้\n(แนะนำ: เมื่อถอดผลึกออกระดับแสงจะลดลง หากระดับแสงเหลือ 0 จะไม่สามารถฝังประดับได้)	พลังที่ได้เมื่อฝังประดับ	
3040	Security Crystal Lv.1	เมื่อเลเวลเครื่องประดับถึง Lv.1 ขึ้นไปสามารถนำมาฝังประดับเพื่อเสริมพลังได้\n(แนะนำ: เมื่อถอดผลึกออกระดับแสงจะลดลง หากระดับแสงเหลือ 0 จะไม่สามารถฝังประดับได้)	พลังที่ได้เมื่อฝังประดับ	
3041	Ministry Crystal Lv.1	เมื่อเลเวลเครื่องประดับถึง Lv.1 ขึ้นไปสามารถนำมาฝังประดับเพื่อเสริมพลังได้\n(แนะนำ: เมื่อถอดผลึกออกระดับแสงจะลดลง หากระดับแสงเหลือ 0 จะไม่สามารถฝังประดับได้)	พลังที่ได้เมื่อฝังประดับ	
3042	Compete Crystal Lv.1	เมื่อเลเวลเครื่องประดับถึง Lv.1 ขึ้นไปสามารถนำมาฝังประดับเพื่อเสริมพลังได้\n(แนะนำ: เมื่อถอดผลึกออกระดับแสงจะลดลง หากระดับแสงเหลือ 0 จะไม่สามารถฝังประดับได้)	พลังที่ได้เมื่อฝังประดับ	
3043	Calm Crystal Lv.1	เมื่อเลเวลเครื่องประดับถึง Lv.1 ขึ้นไปสามารถนำมาฝังประดับเพื่อเสริมพลังได้\n(แนะนำ: เมื่อถอดผลึกออกระดับแสงจะลดลง หากระดับแสงเหลือ 0 จะไม่สามารถฝังประดับได้)	พลังที่ได้เมื่อฝังประดับ	
3044	Guide Crystal Lv.1	เมื่อเลเวลเครื่องประดับถึง Lv.1 ขึ้นไปสามารถนำมาฝังประดับเพื่อเสริมพลังได้\n(แนะนำ: เมื่อถอดผลึกออกระดับแสงจะลดลง หากระดับแสงเหลือ 0 จะไม่สามารถฝังประดับได้)	พลังที่ได้เมื่อฝังประดับ	
3045	Safe Crystal Lv.1	เมื่อเลเวลเครื่องประดับถึง Lv.1 ขึ้นไปสามารถนำมาฝังประดับเพื่อเสริมพลังได้\n(แนะนำ: เมื่อถอดผลึกออกระดับแสงจะลดลง หากระดับแสงเหลือ 0 จะไม่สามารถฝังประดับได้)	พลังที่ได้เมื่อฝังประดับ	
3046	Inspiration Crystal Lv.1	เมื่อเลเวลเครื่องประดับถึง Lv.1 ขึ้นไปสามารถนำมาฝังประดับเพื่อเสริมพลังได้\n(แนะนำ: เมื่อถอดผลึกออกระดับแสงจะลดลง หากระดับแสงเหลือ 0 จะไม่สามารถฝังประดับได้)	พลังที่ได้เมื่อฝังประดับ	
3047	Sober Crystal Lv.1	เมื่อเลเวลเครื่องประดับถึง Lv.1 ขึ้นไปสามารถนำมาฝังประดับเพื่อเสริมพลังได้\n(แนะนำ: เมื่อถอดผลึกออกระดับแสงจะลดลง หากระดับแสงเหลือ 0 จะไม่สามารถฝังประดับได้)	พลังที่ได้เมื่อฝังประดับ	
3048	Silent Crystal Lv.1	เมื่อเลเวลเครื่องประดับถึง Lv.1 ขึ้นไปสามารถนำมาฝังประดับเพื่อเสริมพลังได้\n(แนะนำ: เมื่อถอดผลึกออกระดับแสงจะลดลง หากระดับแสงเหลือ 0 จะไม่สามารถฝังประดับได้)	พลังที่ได้เมื่อฝังประดับ	
3049	Superiority Crystal Lv.1	เมื่อเลเวลเครื่องประดับถึง Lv.1 ขึ้นไปสามารถนำมาฝังประดับเพื่อเสริมพลังได้\n(แนะนำ: เมื่อถอดผลึกออกระดับแสงจะลดลง หากระดับแสงเหลือ 0 จะไม่สามารถฝังประดับได้)	พลังที่ได้เมื่อฝังประดับ	
3050	Curtain Night Crystal Lv.1	เมื่อเลเวลเครื่องประดับถึง Lv.1 ขึ้นไปสามารถนำมาฝังประดับเพื่อเสริมพลังได้\n(แนะนำ: เมื่อถอดผลึกออกระดับแสงจะลดลง หากระดับแสงเหลือ 0 จะไม่สามารถฝังประดับได้)	พลังที่ได้เมื่อฝังประดับ	
3051	Hope Crystal Lv.1	เมื่อเลเวลเครื่องประดับถึง Lv.1 ขึ้นไปสามารถนำมาฝังประดับเพื่อเสริมพลังได้\n(แนะนำ: เมื่อถอดผลึกออกระดับแสงจะลดลง หากระดับแสงเหลือ 0 จะไม่สามารถฝังประดับได้)	พลังที่ได้เมื่อฝังประดับ	
3052	Support Crystal Lv.1	เมื่อเลเวลเครื่องประดับถึง Lv.1 ขึ้นไปสามารถนำมาฝังประดับเพื่อเสริมพลังได้\n(แนะนำ: เมื่อถอดผลึกออกระดับแสงจะลดลง หากระดับแสงเหลือ 0 จะไม่สามารถฝังประดับได้)	พลังที่ได้เมื่อฝังประดับ	
3053	War Crystal Lv.2	เมื่อเลเวลอาวุธกันถึง Lv.31 ขึ้นไปสามารถนำมาฝังประดับเพื่อเสริมพลังได้\n(แนะนำ: เมื่อถอดผลึกออกระดับแสงจะลดลง หากระดับแสงเหลือ 0 จะไม่สามารถฝังประดับได้)	พลังที่ได้เมื่อฝังประดับ	
3054	Flame Crystal Lv.2	เมื่อเลเวลอาวุธกันถึง Lv.31 ขึ้นไปสามารถนำมาฝังประดับเพื่อเสริมพลังได้\n(แนะนำ: เมื่อถอดผลึกออกระดับแสงจะลดลง หากระดับแสงเหลือ 0 จะไม่สามารถฝังประดับได้)	พลังที่ได้เมื่อฝังประดับ	
3055	Turmoil Crystal Lv.2	เมื่อเลเวลอาวุธกันถึง Lv.31 ขึ้นไปสามารถนำมาฝังประดับเพื่อเสริมพลังได้\n(แนะนำ: เมื่อถอดผลึกออกระดับแสงจะลดลง หากระดับแสงเหลือ 0 จะไม่สามารถฝังประดับได้)	พลังที่ได้เมื่อฝังประดับ	
3056	Wrangle Crystal Lv.2	เมื่อเลเวลอาวุธกันถึง Lv.31 ขึ้นไปสามารถนำมาฝังประดับเพื่อเสริมพลังได้\n(แนะนำ: เมื่อถอดผลึกออกระดับแสงจะลดลง หากระดับแสงเหลือ 0 จะไม่สามารถฝังประดับได้)	พลังที่ได้เมื่อฝังประดับ	
3057	Justice Crystal Lv.2	เมื่อเลเวลอาวุธกันถึง Lv.31 ขึ้นไปสามารถนำมาฝังประดับเพื่อเสริมพลังได้\n(แนะนำ: เมื่อถอดผลึกออกระดับแสงจะลดลง หากระดับแสงเหลือ 0 จะไม่สามารถฝังประดับได้)	พลังที่ได้เมื่อฝังประดับ	
3058	Weapon Crystal Lv.2	เมื่อเลเวลอาวุธกันถึง Lv.31 ขึ้นไปสามารถนำมาฝังประดับเพื่อเสริมพลังได้\n(แนะนำ: เมื่อถอดผลึกออกระดับแสงจะลดลง หากระดับแสงเหลือ 0 จะไม่สามารถฝังประดับได้)	พลังที่ได้เมื่อฝังประดับ	
3059	Wrestle Crystal Lv.2	เมื่อเลเวลอาวุธกันถึง Lv.31 ขึ้นไปสามารถนำมาฝังประดับเพื่อเสริมพลังได้\n(แนะนำ: เมื่อถอดผลึกออกระดับแสงจะลดลง หากระดับแสงเหลือ 0 จะไม่สามารถฝังประดับได้)	พลังที่ได้เมื่อฝังประดับ	
3060	Confrontation Crystal Lv.2	เมื่อเลเวลอาวุธกันถึง Lv.31 ขึ้นไปสามารถนำมาฝังประดับเพื่อเสริมพลังได้\n(แนะนำ: เมื่อถอดผลึกออกระดับแสงจะลดลง หากระดับแสงเหลือ 0 จะไม่สามารถฝังประดับได้)	พลังที่ได้เมื่อฝังประดับ	
3061	Outcome Crystal Lv.2	เมื่อเลเวลอาวุธกันถึง Lv.31 ขึ้นไปสามารถนำมาฝังประดับเพื่อเสริมพลังได้\n(แนะนำ: เมื่อถอดผลึกออกระดับแสงจะลดลง หากระดับแสงเหลือ 0 จะไม่สามารถฝังประดับได้)	พลังที่ได้เมื่อฝังประดับ	
3062	Declare War Crystal Lv.2	เมื่อเลเวลอาวุธกันถึง Lv.31 ขึ้นไปสามารถนำมาฝังประดับเพื่อเสริมพลังได้\n(แนะนำ: เมื่อถอดผลึกออกระดับแสงจะลดลง หากระดับแสงเหลือ 0 จะไม่สามารถฝังประดับได้)	พลังที่ได้เมื่อฝังประดับ	
3063	Coercion Crystal Lv.2	เมื่อเลเวลอาวุธกันถึง Lv.31 ขึ้นไปสามารถนำมาฝังประดับเพื่อเสริมพลังได้\n(แนะนำ: เมื่อถอดผลึกออกระดับแสงจะลดลง หากระดับแสงเหลือ 0 จะไม่สามารถฝังประดับได้)	พลังที่ได้เมื่อฝังประดับ	
3064	Horror Crystal Lv.2	เมื่อเลเวลอาวุธกันถึง Lv.31 ขึ้นไปสามารถนำมาฝังประดับเพื่อเสริมพลังได้\n(แนะนำ: เมื่อถอดผลึกออกระดับแสงจะลดลง หากระดับแสงเหลือ 0 จะไม่สามารถฝังประดับได้)	พลังที่ได้เมื่อฝังประดับ	
3065	Tight Crystal Lv.2	เมื่อเลเวลอาวุธกันถึง Lv.31 ขึ้นไปสามารถนำมาฝังประดับเพื่อเสริมพลังได้\n(แนะนำ: เมื่อถอดผลึกออกระดับแสงจะลดลง หากระดับแสงเหลือ 0 จะไม่สามารถฝังประดับได้)	พลังที่ได้เมื่อฝังประดับ	
3066	Violence Crystal Lv.2	เมื่อเลเวลอาวุธกันถึง Lv.31 ขึ้นไปสามารถนำมาฝังประดับเพื่อเสริมพลังได้\n(แนะนำ: เมื่อถอดผลึกออกระดับแสงจะลดลง หากระดับแสงเหลือ 0 จะไม่สามารถฝังประดับได้)	พลังที่ได้เมื่อฝังประดับ	
3067	Blood Crystal Lv.2	เมื่อเลเวลอาวุธกันถึง Lv.31 ขึ้นไปสามารถนำมาฝังประดับเพื่อเสริมพลังได้\n(แนะนำ: เมื่อถอดผลึกออกระดับแสงจะลดลง หากระดับแสงเหลือ 0 จะไม่สามารถฝังประดับได้)	พลังที่ได้เมื่อฝังประดับ	
3068	Madness Crystal Lv.2	เมื่อเลเวลอาวุธกันถึง Lv.31 ขึ้นไปสามารถนำมาฝังประดับเพื่อเสริมพลังได้\n(แนะนำ: เมื่อถอดผลึกออกระดับแสงจะลดลง หากระดับแสงเหลือ 0 จะไม่สามารถฝังประดับได้)	พลังที่ได้เมื่อฝังประดับ	
3069	Poor Soldier Crystal Lv.2	เมื่อเลเวลอาวุธกันถึง Lv.31 ขึ้นไปสามารถนำมาฝังประดับเพื่อเสริมพลังได้\n(แนะนำ: เมื่อถอดผลึกออกระดับแสงจะลดลง หากระดับแสงเหลือ 0 จะไม่สามารถฝังประดับได้)	พลังที่ได้เมื่อฝังประดับ	
3070	Biochemistry Crystal Lv.2	เมื่อเลเวลอาวุธกันถึง Lv.31 ขึ้นไปสามารถนำมาฝังประดับเพื่อเสริมพลังได้\n(แนะนำ: เมื่อถอดผลึกออกระดับแสงจะลดลง หากระดับแสงเหลือ 0 จะไม่สามารถฝังประดับได้)	พลังที่ได้เมื่อฝังประดับ	
3071	Modivid Crystal Lv.2	เมื่อเลเวลเครื่องป้องกันถึง Lv.31 ขึ้นไปสามารถนำมาฝังประดับเพื่อเสริมพลังได้\n(แนะนำ: เมื่อถอดผลึกออกระดับแสงจะลดลง หากระดับแสงเหลือ 0 จะไม่สามารถฝังประดับได้)	พลังที่ได้เมื่อฝังประดับ	
3072	Protect Crystal Lv.2	เมื่อเลเวลเครื่องป้องกันถึง Lv.31 ขึ้นไปสามารถนำมาฝังประดับเพื่อเสริมพลังได้\n(แนะนำ: เมื่อถอดผลึกออกระดับแสงจะลดลง หากระดับแสงเหลือ 0 จะไม่สามารถฝังประดับได้)	พลังที่ได้เมื่อฝังประดับ	
3073	Fort Crystal Lv.2	เมื่อเลเวลเครื่องป้องกันถึง Lv.31 ขึ้นไปสามารถนำมาฝังประดับเพื่อเสริมพลังได้\n(แนะนำ: เมื่อถอดผลึกออกระดับแสงจะลดลง หากระดับแสงเหลือ 0 จะไม่สามารถฝังประดับได้)	พลังที่ได้เมื่อฝังประดับ	
3074	Imperial Crystal Lv.2	เมื่อเลเวลเครื่องป้องกันถึง Lv.31 ขึ้นไปสามารถนำมาฝังประดับเพื่อเสริมพลังได้\n(แนะนำ: เมื่อถอดผลึกออกระดับแสงจะลดลง หากระดับแสงเหลือ 0 จะไม่สามารถฝังประดับได้)	พลังที่ได้เมื่อฝังประดับ	
3075	Aversion Crystal Lv.2	เมื่อเลเวลเครื่องป้องกันถึง Lv.31 ขึ้นไปสามารถนำมาฝังประดับเพื่อเสริมพลังได้\n(แนะนำ: เมื่อถอดผลึกออกระดับแสงจะลดลง หากระดับแสงเหลือ 0 จะไม่สามารถฝังประดับได้)	พลังที่ได้เมื่อฝังประดับ	
3076	Cache Crystal Lv.2	เมื่อเลเวลเครื่องป้องกันถึง Lv.31 ขึ้นไปสามารถนำมาฝังประดับเพื่อเสริมพลังได้\n(แนะนำ: เมื่อถอดผลึกออกระดับแสงจะลดลง หากระดับแสงเหลือ 0 จะไม่สามารถฝังประดับได้)	พลังที่ได้เมื่อฝังประดับ	
3077	Predator Crystal Lv.2	เมื่อเลเวลเครื่องป้องกันถึง Lv.31 ขึ้นไปสามารถนำมาฝังประดับเพื่อเสริมพลังได้\n(แนะนำ: เมื่อถอดผลึกออกระดับแสงจะลดลง หากระดับแสงเหลือ 0 จะไม่สามารถฝังประดับได้)	พลังที่ได้เมื่อฝังประดับ	
3078	Cushion Crystal Lv.2	เมื่อเลเวลเครื่องป้องกันถึง Lv.31 ขึ้นไปสามารถนำมาฝังประดับเพื่อเสริมพลังได้\n(แนะนำ: เมื่อถอดผลึกออกระดับแสงจะลดลง หากระดับแสงเหลือ 0 จะไม่สามารถฝังประดับได้)	พลังที่ได้เมื่อฝังประดับ	
3079	Warn Crystal Lv.2	เมื่อเลเวลเครื่องป้องกันถึง Lv.31 ขึ้นไปสามารถนำมาฝังประดับเพื่อเสริมพลังได้\n(แนะนำ: เมื่อถอดผลึกออกระดับแสงจะลดลง หากระดับแสงเหลือ 0 จะไม่สามารถฝังประดับได้)	พลังที่ได้เมื่อฝังประดับ	
3080	Monitoring Crystal Lv.2	เมื่อเลเวลเครื่องป้องกันถึง Lv.31 ขึ้นไปสามารถนำมาฝังประดับเพื่อเสริมพลังได้\n(แนะนำ: เมื่อถอดผลึกออกระดับแสงจะลดลง หากระดับแสงเหลือ 0 จะไม่สามารถฝังประดับได้)	พลังที่ได้เมื่อฝังประดับ	
3081	Guard Crystal Lv.2	เมื่อเลเวลเครื่องป้องกันถึง Lv.31 ขึ้นไปสามารถนำมาฝังประดับเพื่อเสริมพลังได้\n(แนะนำ: เมื่อถอดผลึกออกระดับแสงจะลดลง หากระดับแสงเหลือ 0 จะไม่สามารถฝังประดับได้)	พลังที่ได้เมื่อฝังประดับ	
3082	Appease Crystal Lv.2	เมื่อเลเวลเครื่องป้องกันถึง Lv.31 ขึ้นไปสามารถนำมาฝังประดับเพื่อเสริมพลังได้\n(แนะนำ: เมื่อถอดผลึกออกระดับแสงจะลดลง หากระดับแสงเหลือ 0 จะไม่สามารถฝังประดับได้)	พลังที่ได้เมื่อฝังประดับ	
3083	Thunder Crystal Lv.2	เมื่อเลเวลเครื่องป้องกันถึง Lv.31 ขึ้นไปสามารถนำมาฝังประดับเพื่อเสริมพลังได้\n(แนะนำ: เมื่อถอดผลึกออกระดับแสงจะลดลง หากระดับแสงเหลือ 0 จะไม่สามารถฝังประดับได้)	พลังที่ได้เมื่อฝังประดับ	
3084	Sanction Crystal Lv.2	เมื่อเลเวลเครื่องป้องกันถึง Lv.31 ขึ้นไปสามารถนำมาฝังประดับเพื่อเสริมพลังได้\n(แนะนำ: เมื่อถอดผลึกออกระดับแสงจะลดลง หากระดับแสงเหลือ 0 จะไม่สามารถฝังประดับได้)	พลังที่ได้เมื่อฝังประดับ	
3085	Territory Crystal Lv.2	เมื่อเลเวลเครื่องป้องกันถึง Lv.31 ขึ้นไปสามารถนำมาฝังประดับเพื่อเสริมพลังได้\n(แนะนำ: เมื่อถอดผลึกออกระดับแสงจะลดลง หากระดับแสงเหลือ 0 จะไม่สามารถฝังประดับได้)	พลังที่ได้เมื่อฝังประดับ	
3086	Lockout Crystal Lv.2	เมื่อเลเวลเครื่องป้องกันถึง Lv.31 ขึ้นไปสามารถนำมาฝังประดับเพื่อเสริมพลังได้\n(แนะนำ: เมื่อถอดผลึกออกระดับแสงจะลดลง หากระดับแสงเหลือ 0 จะไม่สามารถฝังประดับได้)	พลังที่ได้เมื่อฝังประดับ	
3087	Chain Ring Crystal Lv.2	เมื่อเลเวลเครื่องป้องกันถึง Lv.31 ขึ้นไปสามารถนำมาฝังประดับเพื่อเสริมพลังได้\n(แนะนำ: เมื่อถอดผลึกออกระดับแสงจะลดลง หากระดับแสงเหลือ 0 จะไม่สามารถฝังประดับได้)	พลังที่ได้เมื่อฝังประดับ	
3088	One Heart Crystal Lv.2	เมื่อเลเวลเครื่องป้องกันถึง Lv.31 ขึ้นไปสามารถนำมาฝังประดับเพื่อเสริมพลังได้\n(แนะนำ: เมื่อถอดผลึกออกระดับแสงจะลดลง หากระดับแสงเหลือ 0 จะไม่สามารถฝังประดับได้)	พลังที่ได้เมื่อฝังประดับ	
3089	Improve Crystal Lv.2	เมื่อเลเวลเครื่องประดับถึง Lv.31 ขึ้นไปสามารถนำมาฝังประดับเพื่อเสริมพลังได้\n(แนะนำ: เมื่อถอดผลึกออกระดับแสงจะลดลง หากระดับแสงเหลือ 0 จะไม่สามารถฝังประดับได้)	พลังที่ได้เมื่อฝังประดับ	
3090	Familiar Crystal Lv.2	เมื่อเลเวลเครื่องประดับถึง Lv.31 ขึ้นไปสามารถนำมาฝังประดับเพื่อเสริมพลังได้\n(แนะนำ: เมื่อถอดผลึกออกระดับแสงจะลดลง หากระดับแสงเหลือ 0 จะไม่สามารถฝังประดับได้)	พลังที่ได้เมื่อฝังประดับ	
3091	Fracture Crystal Lv.2	เมื่อเลเวลเครื่องประดับถึง Lv.31 ขึ้นไปสามารถนำมาฝังประดับเพื่อเสริมพลังได้\n(แนะนำ: เมื่อถอดผลึกออกระดับแสงจะลดลง หากระดับแสงเหลือ 0 จะไม่สามารถฝังประดับได้)	พลังที่ได้เมื่อฝังประดับ	
3092	Security Crystal Lv.2	เมื่อเลเวลเครื่องประดับถึง Lv.31 ขึ้นไปสามารถนำมาฝังประดับเพื่อเสริมพลังได้\n(แนะนำ: เมื่อถอดผลึกออกระดับแสงจะลดลง หากระดับแสงเหลือ 0 จะไม่สามารถฝังประดับได้)	พลังที่ได้เมื่อฝังประดับ	
3093	Ministry Crystal Lv.2	เมื่อเลเวลเครื่องประดับถึง Lv.31 ขึ้นไปสามารถนำมาฝังประดับเพื่อเสริมพลังได้\n(แนะนำ: เมื่อถอดผลึกออกระดับแสงจะลดลง หากระดับแสงเหลือ 0 จะไม่สามารถฝังประดับได้)	พลังที่ได้เมื่อฝังประดับ	
3094	Compete Crystal Lv.2	เมื่อเลเวลเครื่องประดับถึง Lv.31 ขึ้นไปสามารถนำมาฝังประดับเพื่อเสริมพลังได้\n(แนะนำ: เมื่อถอดผลึกออกระดับแสงจะลดลง หากระดับแสงเหลือ 0 จะไม่สามารถฝังประดับได้)	พลังที่ได้เมื่อฝังประดับ	
3095	Calm Crystal Lv.2	เมื่อเลเวลเครื่องประดับถึง Lv.31 ขึ้นไปสามารถนำมาฝังประดับเพื่อเสริมพลังได้\n(แนะนำ: เมื่อถอดผลึกออกระดับแสงจะลดลง หากระดับแสงเหลือ 0 จะไม่สามารถฝังประดับได้)	พลังที่ได้เมื่อฝังประดับ	
3096	Guide Crystal Lv.2	เมื่อเลเวลเครื่องประดับถึง Lv.31 ขึ้นไปสามารถนำมาฝังประดับเพื่อเสริมพลังได้\n(แนะนำ: เมื่อถอดผลึกออกระดับแสงจะลดลง หากระดับแสงเหลือ 0 จะไม่สามารถฝังประดับได้)	พลังที่ได้เมื่อฝังประดับ	
3097	Safe Crystal Lv.2	เมื่อเลเวลเครื่องประดับถึง Lv.31 ขึ้นไปสามารถนำมาฝังประดับเพื่อเสริมพลังได้\n(แนะนำ: เมื่อถอดผลึกออกระดับแสงจะลดลง หากระดับแสงเหลือ 0 จะไม่สามารถฝังประดับได้)	พลังที่ได้เมื่อฝังประดับ	
3098	Inspiration Crystal Lv.2	เมื่อเลเวลเครื่องประดับถึง Lv.31 ขึ้นไปสามารถนำมาฝังประดับเพื่อเสริมพลังได้\n(แนะนำ: เมื่อถอดผลึกออกระดับแสงจะลดลง หากระดับแสงเหลือ 0 จะไม่สามารถฝังประดับได้)	พลังที่ได้เมื่อฝังประดับ	
3099	Sober Crystal Lv.2	เมื่อเลเวลเครื่องประดับถึง Lv.31 ขึ้นไปสามารถนำมาฝังประดับเพื่อเสริมพลังได้\n(แนะนำ: เมื่อถอดผลึกออกระดับแสงจะลดลง หากระดับแสงเหลือ 0 จะไม่สามารถฝังประดับได้)	พลังที่ได้เมื่อฝังประดับ	
3100	Silent Crystal Lv.2	เมื่อเลเวลเครื่องประดับถึง Lv.31 ขึ้นไปสามารถนำมาฝังประดับเพื่อเสริมพลังได้\n(แนะนำ: เมื่อถอดผลึกออกระดับแสงจะลดลง หากระดับแสงเหลือ 0 จะไม่สามารถฝังประดับได้)	พลังที่ได้เมื่อฝังประดับ	
3101	Superiority Crystal Lv.2	เมื่อเลเวลเครื่องประดับถึง Lv.31 ขึ้นไปสามารถนำมาฝังประดับเพื่อเสริมพลังได้\n(แนะนำ: เมื่อถอดผลึกออกระดับแสงจะลดลง หากระดับแสงเหลือ 0 จะไม่สามารถฝังประดับได้)	พลังที่ได้เมื่อฝังประดับ	
3102	Curtain Night Crystal Lv.2	เมื่อเลเวลเครื่องประดับถึง Lv.31 ขึ้นไปสามารถนำมาฝังประดับเพื่อเสริมพลังได้\n(แนะนำ: เมื่อถอดผลึกออกระดับแสงจะลดลง หากระดับแสงเหลือ 0 จะไม่สามารถฝังประดับได้)	พลังที่ได้เมื่อฝังประดับ	
3103	Hope Crystal Lv.2	เมื่อเลเวลเครื่องประดับถึง Lv.31 ขึ้นไปสามารถนำมาฝังประดับเพื่อเสริมพลังได้\n(แนะนำ: เมื่อถอดผลึกออกระดับแสงจะลดลง หากระดับแสงเหลือ 0 จะไม่สามารถฝังประดับได้)	พลังที่ได้เมื่อฝังประดับ	
3104	Support Crystal Lv.2	เมื่อเลเวลเครื่องประดับถึง Lv.31 ขึ้นไปสามารถนำมาฝังประดับเพื่อเสริมพลังได้\n(แนะนำ: เมื่อถอดผลึกออกระดับแสงจะลดลง หากระดับแสงเหลือ 0 จะไม่สามารถฝังประดับได้)	พลังที่ได้เมื่อฝังประดับ	
3105	War Crystal Lv.3	เมื่อเลเวลอาวุธกันถึง Lv.51 ขึ้นไปสามารถนำมาฝังประดับเพื่อเสริมพลังได้\n(แนะนำ: เมื่อถอดผลึกออกระดับแสงจะลดลง หากระดับแสงเหลือ 0 จะไม่สามารถฝังประดับได้)	พลังที่ได้เมื่อฝังประดับ	
3106	Flame Crystal Lv.3	เมื่อเลเวลอาวุธกันถึง Lv.51 ขึ้นไปสามารถนำมาฝังประดับเพื่อเสริมพลังได้\n(แนะนำ: เมื่อถอดผลึกออกระดับแสงจะลดลง หากระดับแสงเหลือ 0 จะไม่สามารถฝังประดับได้)	พลังที่ได้เมื่อฝังประดับ	
3107	Turmoil Crystal Lv.3	เมื่อเลเวลอาวุธกันถึง Lv.51 ขึ้นไปสามารถนำมาฝังประดับเพื่อเสริมพลังได้\n(แนะนำ: เมื่อถอดผลึกออกระดับแสงจะลดลง หากระดับแสงเหลือ 0 จะไม่สามารถฝังประดับได้)	พลังที่ได้เมื่อฝังประดับ	
3108	Wrangle Crystal Lv.3	เมื่อเลเวลอาวุธกันถึง Lv.51 ขึ้นไปสามารถนำมาฝังประดับเพื่อเสริมพลังได้\n(แนะนำ: เมื่อถอดผลึกออกระดับแสงจะลดลง หากระดับแสงเหลือ 0 จะไม่สามารถฝังประดับได้)	พลังที่ได้เมื่อฝังประดับ	
3109	Justice Crystal Lv.3	เมื่อเลเวลอาวุธกันถึง Lv.51 ขึ้นไปสามารถนำมาฝังประดับเพื่อเสริมพลังได้\n(แนะนำ: เมื่อถอดผลึกออกระดับแสงจะลดลง หากระดับแสงเหลือ 0 จะไม่สามารถฝังประดับได้)	พลังที่ได้เมื่อฝังประดับ	
3110	Weapon Crystal Lv.3	เมื่อเลเวลอาวุธกันถึง Lv.51 ขึ้นไปสามารถนำมาฝังประดับเพื่อเสริมพลังได้\n(แนะนำ: เมื่อถอดผลึกออกระดับแสงจะลดลง หากระดับแสงเหลือ 0 จะไม่สามารถฝังประดับได้)	พลังที่ได้เมื่อฝังประดับ	
3111	Wrestle Crystal Lv.3	เมื่อเลเวลอาวุธกันถึง Lv.51 ขึ้นไปสามารถนำมาฝังประดับเพื่อเสริมพลังได้\n(แนะนำ: เมื่อถอดผลึกออกระดับแสงจะลดลง หากระดับแสงเหลือ 0 จะไม่สามารถฝังประดับได้)	พลังที่ได้เมื่อฝังประดับ	
3112	Confrontation Crystal Lv.3	เมื่อเลเวลอาวุธกันถึง Lv.51 ขึ้นไปสามารถนำมาฝังประดับเพื่อเสริมพลังได้\n(แนะนำ: เมื่อถอดผลึกออกระดับแสงจะลดลง หากระดับแสงเหลือ 0 จะไม่สามารถฝังประดับได้)	พลังที่ได้เมื่อฝังประดับ	
3113	Outcome Crystal Lv.3	เมื่อเลเวลอาวุธกันถึง Lv.51 ขึ้นไปสามารถนำมาฝังประดับเพื่อเสริมพลังได้\n(แนะนำ: เมื่อถอดผลึกออกระดับแสงจะลดลง หากระดับแสงเหลือ 0 จะไม่สามารถฝังประดับได้)	พลังที่ได้เมื่อฝังประดับ	
3114	Declare War Crystal Lv.3	เมื่อเลเวลอาวุธกันถึง Lv.51 ขึ้นไปสามารถนำมาฝังประดับเพื่อเสริมพลังได้\n(แนะนำ: เมื่อถอดผลึกออกระดับแสงจะลดลง หากระดับแสงเหลือ 0 จะไม่สามารถฝังประดับได้)	พลังที่ได้เมื่อฝังประดับ	
3115	Coercion Crystal Lv.3	เมื่อเลเวลอาวุธกันถึง Lv.51 ขึ้นไปสามารถนำมาฝังประดับเพื่อเสริมพลังได้\n(แนะนำ: เมื่อถอดผลึกออกระดับแสงจะลดลง หากระดับแสงเหลือ 0 จะไม่สามารถฝังประดับได้)	พลังที่ได้เมื่อฝังประดับ	
3116	Horror Crystal Lv.3	เมื่อเลเวลอาวุธกันถึง Lv.51 ขึ้นไปสามารถนำมาฝังประดับเพื่อเสริมพลังได้\n(แนะนำ: เมื่อถอดผลึกออกระดับแสงจะลดลง หากระดับแสงเหลือ 0 จะไม่สามารถฝังประดับได้)	พลังที่ได้เมื่อฝังประดับ	
3117	Tight Crystal Lv.3	เมื่อเลเวลอาวุธกันถึง Lv.51 ขึ้นไปสามารถนำมาฝังประดับเพื่อเสริมพลังได้\n(แนะนำ: เมื่อถอดผลึกออกระดับแสงจะลดลง หากระดับแสงเหลือ 0 จะไม่สามารถฝังประดับได้)	พลังที่ได้เมื่อฝังประดับ	
3118	Violence Crystal Lv.3	เมื่อเลเวลอาวุธกันถึง Lv.51 ขึ้นไปสามารถนำมาฝังประดับเพื่อเสริมพลังได้\n(แนะนำ: เมื่อถอดผลึกออกระดับแสงจะลดลง หากระดับแสงเหลือ 0 จะไม่สามารถฝังประดับได้)	พลังที่ได้เมื่อฝังประดับ	
3119	Blood Crystal Lv.3	เมื่อเลเวลอาวุธกันถึง Lv.51 ขึ้นไปสามารถนำมาฝังประดับเพื่อเสริมพลังได้\n(แนะนำ: เมื่อถอดผลึกออกระดับแสงจะลดลง หากระดับแสงเหลือ 0 จะไม่สามารถฝังประดับได้)	พลังที่ได้เมื่อฝังประดับ	
3120	Madness Crystal Lv.3	เมื่อเลเวลอาวุธกันถึง Lv.51 ขึ้นไปสามารถนำมาฝังประดับเพื่อเสริมพลังได้\n(แนะนำ: เมื่อถอดผลึกออกระดับแสงจะลดลง หากระดับแสงเหลือ 0 จะไม่สามารถฝังประดับได้)	พลังที่ได้เมื่อฝังประดับ	
3121	Poor Soldier Crystal Lv.3	เมื่อเลเวลอาวุธกันถึง Lv.51 ขึ้นไปสามารถนำมาฝังประดับเพื่อเสริมพลังได้\n(แนะนำ: เมื่อถอดผลึกออกระดับแสงจะลดลง หากระดับแสงเหลือ 0 จะไม่สามารถฝังประดับได้)	พลังที่ได้เมื่อฝังประดับ	
3122	Biochemistry Crystal Lv.3	เมื่อเลเวลอาวุธกันถึง Lv.51 ขึ้นไปสามารถนำมาฝังประดับเพื่อเสริมพลังได้\n(แนะนำ: เมื่อถอดผลึกออกระดับแสงจะลดลง หากระดับแสงเหลือ 0 จะไม่สามารถฝังประดับได้)	พลังที่ได้เมื่อฝังประดับ	
3123	Kill Crystal Lv.3	เมื่อเลเวลอาวุธกันถึง Lv.51 ขึ้นไปสามารถนำมาฝังประดับเพื่อเสริมพลังได้\n(แนะนำ: เมื่อถอดผลึกออกระดับแสงจะลดลง หากระดับแสงเหลือ 0 จะไม่สามารถฝังประดับได้)	พลังที่ได้เมื่อฝังประดับ	
3124	Defeat Crystal Lv.3	เมื่อเลเวลอาวุธกันถึง Lv.51 ขึ้นไปสามารถนำมาฝังประดับเพื่อเสริมพลังได้\n(แนะนำ: เมื่อถอดผลึกออกระดับแสงจะลดลง หากระดับแสงเหลือ 0 จะไม่สามารถฝังประดับได้)	พลังที่ได้เมื่อฝังประดับ	
3125	Modivid Crystal Lv.3	เมื่อเลเวลเครื่องป้องกันถึง Lv.51 ขึ้นไปสามารถนำมาฝังประดับเพื่อเสริมพลังได้\n(แนะนำ: เมื่อถอดผลึกออกระดับแสงจะลดลง หากระดับแสงเหลือ 0 จะไม่สามารถฝังประดับได้)	พลังที่ได้เมื่อฝังประดับ	
3126	Protect Crystal Lv.3	เมื่อเลเวลเครื่องป้องกันถึง Lv.51 ขึ้นไปสามารถนำมาฝังประดับเพื่อเสริมพลังได้\n(แนะนำ: เมื่อถอดผลึกออกระดับแสงจะลดลง หากระดับแสงเหลือ 0 จะไม่สามารถฝังประดับได้)	พลังที่ได้เมื่อฝังประดับ	
3127	Fort Crystal Lv.3	เมื่อเลเวลเครื่องป้องกันถึง Lv.51 ขึ้นไปสามารถนำมาฝังประดับเพื่อเสริมพลังได้\n(แนะนำ: เมื่อถอดผลึกออกระดับแสงจะลดลง หากระดับแสงเหลือ 0 จะไม่สามารถฝังประดับได้)	พลังที่ได้เมื่อฝังประดับ	
3128	Imperial Crystal Lv.3	เมื่อเลเวลเครื่องป้องกันถึง Lv.51 ขึ้นไปสามารถนำมาฝังประดับเพื่อเสริมพลังได้\n(แนะนำ: เมื่อถอดผลึกออกระดับแสงจะลดลง หากระดับแสงเหลือ 0 จะไม่สามารถฝังประดับได้)	พลังที่ได้เมื่อฝังประดับ	
3129	Aversion Crystal Lv.3	เมื่อเลเวลเครื่องป้องกันถึง Lv.51 ขึ้นไปสามารถนำมาฝังประดับเพื่อเสริมพลังได้\n(แนะนำ: เมื่อถอดผลึกออกระดับแสงจะลดลง หากระดับแสงเหลือ 0 จะไม่สามารถฝังประดับได้)	พลังที่ได้เมื่อฝังประดับ	
3130	Cache Crystal Lv.3	เมื่อเลเวลเครื่องป้องกันถึง Lv.51 ขึ้นไปสามารถนำมาฝังประดับเพื่อเสริมพลังได้\n(แนะนำ: เมื่อถอดผลึกออกระดับแสงจะลดลง หากระดับแสงเหลือ 0 จะไม่สามารถฝังประดับได้)	พลังที่ได้เมื่อฝังประดับ	
3131	Predator Crystal Lv.3	เมื่อเลเวลเครื่องป้องกันถึง Lv.51 ขึ้นไปสามารถนำมาฝังประดับเพื่อเสริมพลังได้\n(แนะนำ: เมื่อถอดผลึกออกระดับแสงจะลดลง หากระดับแสงเหลือ 0 จะไม่สามารถฝังประดับได้)	พลังที่ได้เมื่อฝังประดับ	
3132	Cushion Crystal Lv.3	เมื่อเลเวลเครื่องป้องกันถึง Lv.51 ขึ้นไปสามารถนำมาฝังประดับเพื่อเสริมพลังได้\n(แนะนำ: เมื่อถอดผลึกออกระดับแสงจะลดลง หากระดับแสงเหลือ 0 จะไม่สามารถฝังประดับได้)	พลังที่ได้เมื่อฝังประดับ	
3133	Warn Crystal Lv.3	เมื่อเลเวลเครื่องป้องกันถึง Lv.51 ขึ้นไปสามารถนำมาฝังประดับเพื่อเสริมพลังได้\n(แนะนำ: เมื่อถอดผลึกออกระดับแสงจะลดลง หากระดับแสงเหลือ 0 จะไม่สามารถฝังประดับได้)	พลังที่ได้เมื่อฝังประดับ	
3134	Monitoring Crystal Lv.3	เมื่อเลเวลเครื่องป้องกันถึง Lv.51 ขึ้นไปสามารถนำมาฝังประดับเพื่อเสริมพลังได้\n(แนะนำ: เมื่อถอดผลึกออกระดับแสงจะลดลง หากระดับแสงเหลือ 0 จะไม่สามารถฝังประดับได้)	พลังที่ได้เมื่อฝังประดับ	
3135	Guard Crystal Lv.3	เมื่อเลเวลเครื่องป้องกันถึง Lv.51 ขึ้นไปสามารถนำมาฝังประดับเพื่อเสริมพลังได้\n(แนะนำ: เมื่อถอดผลึกออกระดับแสงจะลดลง หากระดับแสงเหลือ 0 จะไม่สามารถฝังประดับได้)	พลังที่ได้เมื่อฝังประดับ	
3136	Appease Crystal Lv.3	เมื่อเลเวลเครื่องป้องกันถึง Lv.51 ขึ้นไปสามารถนำมาฝังประดับเพื่อเสริมพลังได้\n(แนะนำ: เมื่อถอดผลึกออกระดับแสงจะลดลง หากระดับแสงเหลือ 0 จะไม่สามารถฝังประดับได้)	พลังที่ได้เมื่อฝังประดับ	
3137	Thunder Crystal Lv.3	เมื่อเลเวลเครื่องป้องกันถึง Lv.51 ขึ้นไปสามารถนำมาฝังประดับเพื่อเสริมพลังได้\n(แนะนำ: เมื่อถอดผลึกออกระดับแสงจะลดลง หากระดับแสงเหลือ 0 จะไม่สามารถฝังประดับได้)	พลังที่ได้เมื่อฝังประดับ	
3138	Sanction Crystal Lv.3	เมื่อเลเวลเครื่องป้องกันถึง Lv.51 ขึ้นไปสามารถนำมาฝังประดับเพื่อเสริมพลังได้\n(แนะนำ: เมื่อถอดผลึกออกระดับแสงจะลดลง หากระดับแสงเหลือ 0 จะไม่สามารถฝังประดับได้)	พลังที่ได้เมื่อฝังประดับ	
3139	Territory Crystal Lv.3	เมื่อเลเวลเครื่องป้องกันถึง Lv.51 ขึ้นไปสามารถนำมาฝังประดับเพื่อเสริมพลังได้\n(แนะนำ: เมื่อถอดผลึกออกระดับแสงจะลดลง หากระดับแสงเหลือ 0 จะไม่สามารถฝังประดับได้)	พลังที่ได้เมื่อฝังประดับ	
3140	Lockout Crystal Lv.3	เมื่อเลเวลเครื่องป้องกันถึง Lv.51 ขึ้นไปสามารถนำมาฝังประดับเพื่อเสริมพลังได้\n(แนะนำ: เมื่อถอดผลึกออกระดับแสงจะลดลง หากระดับแสงเหลือ 0 จะไม่สามารถฝังประดับได้)	พลังที่ได้เมื่อฝังประดับ	
3141	Chain Ring Crystal Lv.3	เมื่อเลเวลเครื่องป้องกันถึง Lv.51 ขึ้นไปสามารถนำมาฝังประดับเพื่อเสริมพลังได้\n(แนะนำ: เมื่อถอดผลึกออกระดับแสงจะลดลง หากระดับแสงเหลือ 0 จะไม่สามารถฝังประดับได้)	พลังที่ได้เมื่อฝังประดับ	
3142	One Heart Crystal Lv.3	เมื่อเลเวลเครื่องป้องกันถึง Lv.51 ขึ้นไปสามารถนำมาฝังประดับเพื่อเสริมพลังได้\n(แนะนำ: เมื่อถอดผลึกออกระดับแสงจะลดลง หากระดับแสงเหลือ 0 จะไม่สามารถฝังประดับได้)	พลังที่ได้เมื่อฝังประดับ	
3143	Border Crystal Lv.3	เมื่อเลเวลเครื่องป้องกันถึง Lv.51 ขึ้นไปสามารถนำมาฝังประดับเพื่อเสริมพลังได้\n(แนะนำ: เมื่อถอดผลึกออกระดับแสงจะลดลง หากระดับแสงเหลือ 0 จะไม่สามารถฝังประดับได้)	พลังที่ได้เมื่อฝังประดับ	
3144	Wilderness Crystal Lv.3	เมื่อเลเวลเครื่องป้องกันถึง Lv.51 ขึ้นไปสามารถนำมาฝังประดับเพื่อเสริมพลังได้\n(แนะนำ: เมื่อถอดผลึกออกระดับแสงจะลดลง หากระดับแสงเหลือ 0 จะไม่สามารถฝังประดับได้)	พลังที่ได้เมื่อฝังประดับ	
3145	Improve Crystal Lv.3	เมื่อเลเวลเครื่องประดับถึง Lv.51 ขึ้นไปสามารถนำมาฝังประดับเพื่อเสริมพลังได้\n(แนะนำ: เมื่อถอดผลึกออกระดับแสงจะลดลง หากระดับแสงเหลือ 0 จะไม่สามารถฝังประดับได้)	พลังที่ได้เมื่อฝังประดับ	
3146	Familiar Crystal Lv.3	เมื่อเลเวลเครื่องประดับถึง Lv.51 ขึ้นไปสามารถนำมาฝังประดับเพื่อเสริมพลังได้\n(แนะนำ: เมื่อถอดผลึกออกระดับแสงจะลดลง หากระดับแสงเหลือ 0 จะไม่สามารถฝังประดับได้)	พลังที่ได้เมื่อฝังประดับ	
3147	Fracture Crystal Lv.3	เมื่อเลเวลเครื่องประดับถึง Lv.51 ขึ้นไปสามารถนำมาฝังประดับเพื่อเสริมพลังได้\n(แนะนำ: เมื่อถอดผลึกออกระดับแสงจะลดลง หากระดับแสงเหลือ 0 จะไม่สามารถฝังประดับได้)	พลังที่ได้เมื่อฝังประดับ	
3148	Security Crystal Lv.3	เมื่อเลเวลเครื่องประดับถึง Lv.51 ขึ้นไปสามารถนำมาฝังประดับเพื่อเสริมพลังได้\n(แนะนำ: เมื่อถอดผลึกออกระดับแสงจะลดลง หากระดับแสงเหลือ 0 จะไม่สามารถฝังประดับได้)	พลังที่ได้เมื่อฝังประดับ	
3149	Ministry Crystal Lv.3	เมื่อเลเวลเครื่องประดับถึง Lv.51 ขึ้นไปสามารถนำมาฝังประดับเพื่อเสริมพลังได้\n(แนะนำ: เมื่อถอดผลึกออกระดับแสงจะลดลง หากระดับแสงเหลือ 0 จะไม่สามารถฝังประดับได้)	พลังที่ได้เมื่อฝังประดับ	
3150	Compete Crystal Lv.3	เมื่อเลเวลเครื่องประดับถึง Lv.51 ขึ้นไปสามารถนำมาฝังประดับเพื่อเสริมพลังได้\n(แนะนำ: เมื่อถอดผลึกออกระดับแสงจะลดลง หากระดับแสงเหลือ 0 จะไม่สามารถฝังประดับได้)	พลังที่ได้เมื่อฝังประดับ	
3151	Calm Crystal Lv.3	เมื่อเลเวลเครื่องประดับถึง Lv.51 ขึ้นไปสามารถนำมาฝังประดับเพื่อเสริมพลังได้\n(แนะนำ: เมื่อถอดผลึกออกระดับแสงจะลดลง หากระดับแสงเหลือ 0 จะไม่สามารถฝังประดับได้)	พลังที่ได้เมื่อฝังประดับ	
3152	Guide Crystal Lv.3	เมื่อเลเวลเครื่องประดับถึง Lv.51 ขึ้นไปสามารถนำมาฝังประดับเพื่อเสริมพลังได้\n(แนะนำ: เมื่อถอดผลึกออกระดับแสงจะลดลง หากระดับแสงเหลือ 0 จะไม่สามารถฝังประดับได้)	พลังที่ได้เมื่อฝังประดับ	
3153	Safe Crystal Lv.3	เมื่อเลเวลเครื่องประดับถึง Lv.51 ขึ้นไปสามารถนำมาฝังประดับเพื่อเสริมพลังได้\n(แนะนำ: เมื่อถอดผลึกออกระดับแสงจะลดลง หากระดับแสงเหลือ 0 จะไม่สามารถฝังประดับได้)	พลังที่ได้เมื่อฝังประดับ	
3154	Inspiration Crystal Lv.3	เมื่อเลเวลเครื่องประดับถึง Lv.51 ขึ้นไปสามารถนำมาฝังประดับเพื่อเสริมพลังได้\n(แนะนำ: เมื่อถอดผลึกออกระดับแสงจะลดลง หากระดับแสงเหลือ 0 จะไม่สามารถฝังประดับได้)	พลังที่ได้เมื่อฝังประดับ	
3155	Sober Crystal Lv.3	เมื่อเลเวลเครื่องประดับถึง Lv.51 ขึ้นไปสามารถนำมาฝังประดับเพื่อเสริมพลังได้\n(แนะนำ: เมื่อถอดผลึกออกระดับแสงจะลดลง หากระดับแสงเหลือ 0 จะไม่สามารถฝังประดับได้)	พลังที่ได้เมื่อฝังประดับ	
3156	Silent Crystal Lv.3	เมื่อเลเวลเครื่องประดับถึง Lv.51 ขึ้นไปสามารถนำมาฝังประดับเพื่อเสริมพลังได้\n(แนะนำ: เมื่อถอดผลึกออกระดับแสงจะลดลง หากระดับแสงเหลือ 0 จะไม่สามารถฝังประดับได้)	พลังที่ได้เมื่อฝังประดับ	
3157	Superiority Crystal Lv.3	เมื่อเลเวลเครื่องประดับถึง Lv.51 ขึ้นไปสามารถนำมาฝังประดับเพื่อเสริมพลังได้\n(แนะนำ: เมื่อถอดผลึกออกระดับแสงจะลดลง หากระดับแสงเหลือ 0 จะไม่สามารถฝังประดับได้)	พลังที่ได้เมื่อฝังประดับ	
3158	Curtain Night Crystal Lv.3	เมื่อเลเวลเครื่องประดับถึง Lv.51 ขึ้นไปสามารถนำมาฝังประดับเพื่อเสริมพลังได้\n(แนะนำ: เมื่อถอดผลึกออกระดับแสงจะลดลง หากระดับแสงเหลือ 0 จะไม่สามารถฝังประดับได้)	พลังที่ได้เมื่อฝังประดับ	
3159	Hope Crystal Lv.3	เมื่อเลเวลเครื่องประดับถึง Lv.51 ขึ้นไปสามารถนำมาฝังประดับเพื่อเสริมพลังได้\n(แนะนำ: เมื่อถอดผลึกออกระดับแสงจะลดลง หากระดับแสงเหลือ 0 จะไม่สามารถฝังประดับได้)	พลังที่ได้เมื่อฝังประดับ	
3160	Support Crystal Lv.3	เมื่อเลเวลเครื่องประดับถึง Lv.51 ขึ้นไปสามารถนำมาฝังประดับเพื่อเสริมพลังได้\n(แนะนำ: เมื่อถอดผลึกออกระดับแสงจะลดลง หากระดับแสงเหลือ 0 จะไม่สามารถฝังประดับได้)	พลังที่ได้เมื่อฝังประดับ	
3161	Eternal Crystal Lv.3	เมื่อเลเวลเครื่องประดับถึง Lv.51 ขึ้นไปสามารถนำมาฝังประดับเพื่อเสริมพลังได้\n(แนะนำ: เมื่อถอดผลึกออกระดับแสงจะลดลง หากระดับแสงเหลือ 0 จะไม่สามารถฝังประดับได้)	พลังที่ได้เมื่อฝังประดับ	
3162	Intervene Crystal Lv.3	เมื่อเลเวลเครื่องประดับถึง Lv.51 ขึ้นไปสามารถนำมาฝังประดับเพื่อเสริมพลังได้\n(แนะนำ: เมื่อถอดผลึกออกระดับแสงจะลดลง หากระดับแสงเหลือ 0 จะไม่สามารถฝังประดับได้)	พลังที่ได้เมื่อฝังประดับ	
3163	War Crystal Lv.4	เมื่อเลเวลอาวุธกันถึง Lv.66 ขึ้นไปสามารถนำมาฝังประดับเพื่อเสริมพลังได้\n(แนะนำ: เมื่อถอดผลึกออกระดับแสงจะลดลง หากระดับแสงเหลือ 0 จะไม่สามารถฝังประดับได้)	พลังที่ได้เมื่อฝังประดับ	
3164	Flame Crystal Lv.4	เมื่อเลเวลอาวุธกันถึง Lv.66 ขึ้นไปสามารถนำมาฝังประดับเพื่อเสริมพลังได้\n(แนะนำ: เมื่อถอดผลึกออกระดับแสงจะลดลง หากระดับแสงเหลือ 0 จะไม่สามารถฝังประดับได้)	พลังที่ได้เมื่อฝังประดับ	
3165	Turmoil Crystal Lv.4	เมื่อเลเวลอาวุธกันถึง Lv.66 ขึ้นไปสามารถนำมาฝังประดับเพื่อเสริมพลังได้\n(แนะนำ: เมื่อถอดผลึกออกระดับแสงจะลดลง หากระดับแสงเหลือ 0 จะไม่สามารถฝังประดับได้)	พลังที่ได้เมื่อฝังประดับ	
3166	Wrangle Crystal Lv.4	เมื่อเลเวลอาวุธกันถึง Lv.66 ขึ้นไปสามารถนำมาฝังประดับเพื่อเสริมพลังได้\n(แนะนำ: เมื่อถอดผลึกออกระดับแสงจะลดลง หากระดับแสงเหลือ 0 จะไม่สามารถฝังประดับได้)	พลังที่ได้เมื่อฝังประดับ	
3167	Justice Crystal Lv.4	เมื่อเลเวลอาวุธกันถึง Lv.66 ขึ้นไปสามารถนำมาฝังประดับเพื่อเสริมพลังได้\n(แนะนำ: เมื่อถอดผลึกออกระดับแสงจะลดลง หากระดับแสงเหลือ 0 จะไม่สามารถฝังประดับได้)	พลังที่ได้เมื่อฝังประดับ	
3168	Weapon Crystal Lv.4	เมื่อเลเวลอาวุธกันถึง Lv.66 ขึ้นไปสามารถนำมาฝังประดับเพื่อเสริมพลังได้\n(แนะนำ: เมื่อถอดผลึกออกระดับแสงจะลดลง หากระดับแสงเหลือ 0 จะไม่สามารถฝังประดับได้)	พลังที่ได้เมื่อฝังประดับ	
3169	Wrestle Crystal Lv.4	เมื่อเลเวลอาวุธกันถึง Lv.66 ขึ้นไปสามารถนำมาฝังประดับเพื่อเสริมพลังได้\n(แนะนำ: เมื่อถอดผลึกออกระดับแสงจะลดลง หากระดับแสงเหลือ 0 จะไม่สามารถฝังประดับได้)	พลังที่ได้เมื่อฝังประดับ	
3170	Confrontation Crystal Lv.4	เมื่อเลเวลอาวุธกันถึง Lv.66 ขึ้นไปสามารถนำมาฝังประดับเพื่อเสริมพลังได้\n(แนะนำ: เมื่อถอดผลึกออกระดับแสงจะลดลง หากระดับแสงเหลือ 0 จะไม่สามารถฝังประดับได้)	พลังที่ได้เมื่อฝังประดับ	
3171	Outcome Crystal Lv.4	เมื่อเลเวลอาวุธกันถึง Lv.66 ขึ้นไปสามารถนำมาฝังประดับเพื่อเสริมพลังได้\n(แนะนำ: เมื่อถอดผลึกออกระดับแสงจะลดลง หากระดับแสงเหลือ 0 จะไม่สามารถฝังประดับได้)	พลังที่ได้เมื่อฝังประดับ	
3172	Declare War Crystal Lv.4	เมื่อเลเวลอาวุธกันถึง Lv.66 ขึ้นไปสามารถนำมาฝังประดับเพื่อเสริมพลังได้\n(แนะนำ: เมื่อถอดผลึกออกระดับแสงจะลดลง หากระดับแสงเหลือ 0 จะไม่สามารถฝังประดับได้)	พลังที่ได้เมื่อฝังประดับ	
3173	Coercion Crystal Lv.4	เมื่อเลเวลอาวุธกันถึง Lv.66 ขึ้นไปสามารถนำมาฝังประดับเพื่อเสริมพลังได้\n(แนะนำ: เมื่อถอดผลึกออกระดับแสงจะลดลง หากระดับแสงเหลือ 0 จะไม่สามารถฝังประดับได้)	พลังที่ได้เมื่อฝังประดับ	
3174	Horror Crystal Lv.4	เมื่อเลเวลอาวุธกันถึง Lv.66 ขึ้นไปสามารถนำมาฝังประดับเพื่อเสริมพลังได้\n(แนะนำ: เมื่อถอดผลึกออกระดับแสงจะลดลง หากระดับแสงเหลือ 0 จะไม่สามารถฝังประดับได้)	พลังที่ได้เมื่อฝังประดับ	
3175	Tight Crystal Lv.4	เมื่อเลเวลอาวุธกันถึง Lv.66 ขึ้นไปสามารถนำมาฝังประดับเพื่อเสริมพลังได้\n(แนะนำ: เมื่อถอดผลึกออกระดับแสงจะลดลง หากระดับแสงเหลือ 0 จะไม่สามารถฝังประดับได้)	พลังที่ได้เมื่อฝังประดับ	
3176	Violence Crystal Lv.4	เมื่อเลเวลอาวุธกันถึง Lv.66 ขึ้นไปสามารถนำมาฝังประดับเพื่อเสริมพลังได้\n(แนะนำ: เมื่อถอดผลึกออกระดับแสงจะลดลง หากระดับแสงเหลือ 0 จะไม่สามารถฝังประดับได้)	พลังที่ได้เมื่อฝังประดับ	
3177	Blood Crystal Lv.4	เมื่อเลเวลอาวุธกันถึง Lv.66 ขึ้นไปสามารถนำมาฝังประดับเพื่อเสริมพลังได้\n(แนะนำ: เมื่อถอดผลึกออกระดับแสงจะลดลง หากระดับแสงเหลือ 0 จะไม่สามารถฝังประดับได้)	พลังที่ได้เมื่อฝังประดับ	
3178	Madness Crystal Lv.4	เมื่อเลเวลอาวุธกันถึง Lv.66 ขึ้นไปสามารถนำมาฝังประดับเพื่อเสริมพลังได้\n(แนะนำ: เมื่อถอดผลึกออกระดับแสงจะลดลง หากระดับแสงเหลือ 0 จะไม่สามารถฝังประดับได้)	พลังที่ได้เมื่อฝังประดับ	
3179	Poor Soldier Crystal Lv.4	เมื่อเลเวลอาวุธกันถึง Lv.66 ขึ้นไปสามารถนำมาฝังประดับเพื่อเสริมพลังได้\n(แนะนำ: เมื่อถอดผลึกออกระดับแสงจะลดลง หากระดับแสงเหลือ 0 จะไม่สามารถฝังประดับได้)	พลังที่ได้เมื่อฝังประดับ	
3180	Biochemistry Crystal Lv.4	เมื่อเลเวลอาวุธกันถึง Lv.66 ขึ้นไปสามารถนำมาฝังประดับเพื่อเสริมพลังได้\n(แนะนำ: เมื่อถอดผลึกออกระดับแสงจะลดลง หากระดับแสงเหลือ 0 จะไม่สามารถฝังประดับได้)	พลังที่ได้เมื่อฝังประดับ	
3181	Kill Crystal Lv.4	เมื่อเลเวลอาวุธกันถึง Lv.66 ขึ้นไปสามารถนำมาฝังประดับเพื่อเสริมพลังได้\n(แนะนำ: เมื่อถอดผลึกออกระดับแสงจะลดลง หากระดับแสงเหลือ 0 จะไม่สามารถฝังประดับได้)	พลังที่ได้เมื่อฝังประดับ	
3182	Defeat Crystal Lv.4	เมื่อเลเวลอาวุธกันถึง Lv.66 ขึ้นไปสามารถนำมาฝังประดับเพื่อเสริมพลังได้\n(แนะนำ: เมื่อถอดผลึกออกระดับแสงจะลดลง หากระดับแสงเหลือ 0 จะไม่สามารถฝังประดับได้)	พลังที่ได้เมื่อฝังประดับ	
3183	Modivid Crystal Lv.4	เมื่อเลเวลเครื่องป้องกันถึง Lv.66 ขึ้นไปสามารถนำมาฝังประดับเพื่อเสริมพลังได้\n(แนะนำ: เมื่อถอดผลึกออกระดับแสงจะลดลง หากระดับแสงเหลือ 0 จะไม่สามารถฝังประดับได้)	พลังที่ได้เมื่อฝังประดับ	
3184	Protect Crystal Lv.4	เมื่อเลเวลเครื่องป้องกันถึง Lv.66 ขึ้นไปสามารถนำมาฝังประดับเพื่อเสริมพลังได้\n(แนะนำ: เมื่อถอดผลึกออกระดับแสงจะลดลง หากระดับแสงเหลือ 0 จะไม่สามารถฝังประดับได้)	พลังที่ได้เมื่อฝังประดับ	
3185	Fort Crystal Lv.4	เมื่อเลเวลเครื่องป้องกันถึง Lv.66 ขึ้นไปสามารถนำมาฝังประดับเพื่อเสริมพลังได้\n(แนะนำ: เมื่อถอดผลึกออกระดับแสงจะลดลง หากระดับแสงเหลือ 0 จะไม่สามารถฝังประดับได้)	พลังที่ได้เมื่อฝังประดับ	
3186	Imperial Crystal Lv.4	เมื่อเลเวลเครื่องป้องกันถึง Lv.66 ขึ้นไปสามารถนำมาฝังประดับเพื่อเสริมพลังได้\n(แนะนำ: เมื่อถอดผลึกออกระดับแสงจะลดลง หากระดับแสงเหลือ 0 จะไม่สามารถฝังประดับได้)	พลังที่ได้เมื่อฝังประดับ	
3187	Aversion Crystal Lv.4	เมื่อเลเวลเครื่องป้องกันถึง Lv.66 ขึ้นไปสามารถนำมาฝังประดับเพื่อเสริมพลังได้\n(แนะนำ: เมื่อถอดผลึกออกระดับแสงจะลดลง หากระดับแสงเหลือ 0 จะไม่สามารถฝังประดับได้)	พลังที่ได้เมื่อฝังประดับ	
3188	Cache Crystal Lv.4	เมื่อเลเวลเครื่องป้องกันถึง Lv.66 ขึ้นไปสามารถนำมาฝังประดับเพื่อเสริมพลังได้\n(แนะนำ: เมื่อถอดผลึกออกระดับแสงจะลดลง หากระดับแสงเหลือ 0 จะไม่สามารถฝังประดับได้)	พลังที่ได้เมื่อฝังประดับ	
3189	Predator Crystal Lv.4	เมื่อเลเวลเครื่องป้องกันถึง Lv.66 ขึ้นไปสามารถนำมาฝังประดับเพื่อเสริมพลังได้\n(แนะนำ: เมื่อถอดผลึกออกระดับแสงจะลดลง หากระดับแสงเหลือ 0 จะไม่สามารถฝังประดับได้)	พลังที่ได้เมื่อฝังประดับ	
3190	Cushion Crystal Lv.4	เมื่อเลเวลเครื่องป้องกันถึง Lv.66 ขึ้นไปสามารถนำมาฝังประดับเพื่อเสริมพลังได้\n(แนะนำ: เมื่อถอดผลึกออกระดับแสงจะลดลง หากระดับแสงเหลือ 0 จะไม่สามารถฝังประดับได้)	พลังที่ได้เมื่อฝังประดับ	
3191	Warn Crystal Lv.4	เมื่อเลเวลเครื่องป้องกันถึง Lv.66 ขึ้นไปสามารถนำมาฝังประดับเพื่อเสริมพลังได้\n(แนะนำ: เมื่อถอดผลึกออกระดับแสงจะลดลง หากระดับแสงเหลือ 0 จะไม่สามารถฝังประดับได้)	พลังที่ได้เมื่อฝังประดับ	
3192	Monitoring Crystal Lv.4	เมื่อเลเวลเครื่องป้องกันถึง Lv.66 ขึ้นไปสามารถนำมาฝังประดับเพื่อเสริมพลังได้\n(แนะนำ: เมื่อถอดผลึกออกระดับแสงจะลดลง หากระดับแสงเหลือ 0 จะไม่สามารถฝังประดับได้)	พลังที่ได้เมื่อฝังประดับ	
3193	Guard Crystal Lv.4	เมื่อเลเวลเครื่องป้องกันถึง Lv.66 ขึ้นไปสามารถนำมาฝังประดับเพื่อเสริมพลังได้\n(แนะนำ: เมื่อถอดผลึกออกระดับแสงจะลดลง หากระดับแสงเหลือ 0 จะไม่สามารถฝังประดับได้)	พลังที่ได้เมื่อฝังประดับ	
3194	Appease Crystal Lv.4	เมื่อเลเวลเครื่องป้องกันถึง Lv.66 ขึ้นไปสามารถนำมาฝังประดับเพื่อเสริมพลังได้\n(แนะนำ: เมื่อถอดผลึกออกระดับแสงจะลดลง หากระดับแสงเหลือ 0 จะไม่สามารถฝังประดับได้)	พลังที่ได้เมื่อฝังประดับ	
3195	Thunder Crystal Lv.4	เมื่อเลเวลเครื่องป้องกันถึง Lv.66 ขึ้นไปสามารถนำมาฝังประดับเพื่อเสริมพลังได้\n(แนะนำ: เมื่อถอดผลึกออกระดับแสงจะลดลง หากระดับแสงเหลือ 0 จะไม่สามารถฝังประดับได้)	พลังที่ได้เมื่อฝังประดับ	
3196	Sanction Crystal Lv.4	เมื่อเลเวลเครื่องป้องกันถึง Lv.66 ขึ้นไปสามารถนำมาฝังประดับเพื่อเสริมพลังได้\n(แนะนำ: เมื่อถอดผลึกออกระดับแสงจะลดลง หากระดับแสงเหลือ 0 จะไม่สามารถฝังประดับได้)	พลังที่ได้เมื่อฝังประดับ	
3197	Territory Crystal Lv.4	เมื่อเลเวลเครื่องป้องกันถึง Lv.66 ขึ้นไปสามารถนำมาฝังประดับเพื่อเสริมพลังได้\n(แนะนำ: เมื่อถอดผลึกออกระดับแสงจะลดลง หากระดับแสงเหลือ 0 จะไม่สามารถฝังประดับได้)	พลังที่ได้เมื่อฝังประดับ	
3198	Lockout Crystal Lv.4	เมื่อเลเวลเครื่องป้องกันถึง Lv.66 ขึ้นไปสามารถนำมาฝังประดับเพื่อเสริมพลังได้\n(แนะนำ: เมื่อถอดผลึกออกระดับแสงจะลดลง หากระดับแสงเหลือ 0 จะไม่สามารถฝังประดับได้)	พลังที่ได้เมื่อฝังประดับ	
3199	Chain Ring Crystal Lv.4	เมื่อเลเวลเครื่องป้องกันถึง Lv.66 ขึ้นไปสามารถนำมาฝังประดับเพื่อเสริมพลังได้\n(แนะนำ: เมื่อถอดผลึกออกระดับแสงจะลดลง หากระดับแสงเหลือ 0 จะไม่สามารถฝังประดับได้)	พลังที่ได้เมื่อฝังประดับ	
3200	One Heart Crystal Lv.4	เมื่อเลเวลเครื่องป้องกันถึง Lv.66 ขึ้นไปสามารถนำมาฝังประดับเพื่อเสริมพลังได้\n(แนะนำ: เมื่อถอดผลึกออกระดับแสงจะลดลง หากระดับแสงเหลือ 0 จะไม่สามารถฝังประดับได้)	พลังที่ได้เมื่อฝังประดับ	
3201	Border Crystal Lv.4	เมื่อเลเวลเครื่องป้องกันถึง Lv.66 ขึ้นไปสามารถนำมาฝังประดับเพื่อเสริมพลังได้\n(แนะนำ: เมื่อถอดผลึกออกระดับแสงจะลดลง หากระดับแสงเหลือ 0 จะไม่สามารถฝังประดับได้)	พลังที่ได้เมื่อฝังประดับ	
3202	Wilderness Crystal Lv.4	เมื่อเลเวลเครื่องป้องกันถึง Lv.66 ขึ้นไปสามารถนำมาฝังประดับเพื่อเสริมพลังได้\n(แนะนำ: เมื่อถอดผลึกออกระดับแสงจะลดลง หากระดับแสงเหลือ 0 จะไม่สามารถฝังประดับได้)	พลังที่ได้เมื่อฝังประดับ	
3203	Improve Crystal Lv.4	เมื่อเลเวลเครื่องประดับถึง Lv.66 ขึ้นไปสามารถนำมาฝังประดับเพื่อเสริมพลังได้\n(แนะนำ: เมื่อถอดผลึกออกระดับแสงจะลดลง หากระดับแสงเหลือ 0 จะไม่สามารถฝังประดับได้)	พลังที่ได้เมื่อฝังประดับ	
3204	Familiar Crystal Lv.4	เมื่อเลเวลเครื่องประดับถึง Lv.66 ขึ้นไปสามารถนำมาฝังประดับเพื่อเสริมพลังได้\n(แนะนำ: เมื่อถอดผลึกออกระดับแสงจะลดลง หากระดับแสงเหลือ 0 จะไม่สามารถฝังประดับได้)	พลังที่ได้เมื่อฝังประดับ	
3205	Fracture Crystal Lv.4	เมื่อเลเวลเครื่องประดับถึง Lv.66 ขึ้นไปสามารถนำมาฝังประดับเพื่อเสริมพลังได้\n(แนะนำ: เมื่อถอดผลึกออกระดับแสงจะลดลง หากระดับแสงเหลือ 0 จะไม่สามารถฝังประดับได้)	พลังที่ได้เมื่อฝังประดับ	
3206	Security Crystal Lv.4	เมื่อเลเวลเครื่องประดับถึง Lv.66 ขึ้นไปสามารถนำมาฝังประดับเพื่อเสริมพลังได้\n(แนะนำ: เมื่อถอดผลึกออกระดับแสงจะลดลง หากระดับแสงเหลือ 0 จะไม่สามารถฝังประดับได้)	พลังที่ได้เมื่อฝังประดับ	
3207	Ministry Crystal Lv.4	เมื่อเลเวลเครื่องประดับถึง Lv.66 ขึ้นไปสามารถนำมาฝังประดับเพื่อเสริมพลังได้\n(แนะนำ: เมื่อถอดผลึกออกระดับแสงจะลดลง หากระดับแสงเหลือ 0 จะไม่สามารถฝังประดับได้)	พลังที่ได้เมื่อฝังประดับ	
3208	Compete Crystal Lv.4	เมื่อเลเวลเครื่องประดับถึง Lv.66 ขึ้นไปสามารถนำมาฝังประดับเพื่อเสริมพลังได้\n(แนะนำ: เมื่อถอดผลึกออกระดับแสงจะลดลง หากระดับแสงเหลือ 0 จะไม่สามารถฝังประดับได้)	พลังที่ได้เมื่อฝังประดับ	
3209	Calm Crystal Lv.4	เมื่อเลเวลเครื่องประดับถึง Lv.66 ขึ้นไปสามารถนำมาฝังประดับเพื่อเสริมพลังได้\n(แนะนำ: เมื่อถอดผลึกออกระดับแสงจะลดลง หากระดับแสงเหลือ 0 จะไม่สามารถฝังประดับได้)	พลังที่ได้เมื่อฝังประดับ	
3210	Guide Crystal Lv.4	เมื่อเลเวลเครื่องประดับถึง Lv.66 ขึ้นไปสามารถนำมาฝังประดับเพื่อเสริมพลังได้\n(แนะนำ: เมื่อถอดผลึกออกระดับแสงจะลดลง หากระดับแสงเหลือ 0 จะไม่สามารถฝังประดับได้)	พลังที่ได้เมื่อฝังประดับ	
3211	Safe Crystal Lv.4	เมื่อเลเวลเครื่องประดับถึง Lv.66 ขึ้นไปสามารถนำมาฝังประดับเพื่อเสริมพลังได้\n(แนะนำ: เมื่อถอดผลึกออกระดับแสงจะลดลง หากระดับแสงเหลือ 0 จะไม่สามารถฝังประดับได้)	พลังที่ได้เมื่อฝังประดับ	
3212	Inspiration Crystal Lv.4	เมื่อเลเวลเครื่องประดับถึง Lv.66 ขึ้นไปสามารถนำมาฝังประดับเพื่อเสริมพลังได้\n(แนะนำ: เมื่อถอดผลึกออกระดับแสงจะลดลง หากระดับแสงเหลือ 0 จะไม่สามารถฝังประดับได้)	พลังที่ได้เมื่อฝังประดับ	
3213	Sober Crystal Lv.4	เมื่อเลเวลเครื่องประดับถึง Lv.66 ขึ้นไปสามารถนำมาฝังประดับเพื่อเสริมพลังได้\n(แนะนำ: เมื่อถอดผลึกออกระดับแสงจะลดลง หากระดับแสงเหลือ 0 จะไม่สามารถฝังประดับได้)	พลังที่ได้เมื่อฝังประดับ	
3214	Silent Crystal Lv.4	เมื่อเลเวลเครื่องประดับถึง Lv.66 ขึ้นไปสามารถนำมาฝังประดับเพื่อเสริมพลังได้\n(แนะนำ: เมื่อถอดผลึกออกระดับแสงจะลดลง หากระดับแสงเหลือ 0 จะไม่สามารถฝังประดับได้)	พลังที่ได้เมื่อฝังประดับ	
3215	Superiority Crystal Lv.4	เมื่อเลเวลเครื่องประดับถึง Lv.66 ขึ้นไปสามารถนำมาฝังประดับเพื่อเสริมพลังได้\n(แนะนำ: เมื่อถอดผลึกออกระดับแสงจะลดลง หากระดับแสงเหลือ 0 จะไม่สามารถฝังประดับได้)	พลังที่ได้เมื่อฝังประดับ	
3216	Curtain Night Crystal Lv.4	เมื่อเลเวลเครื่องประดับถึง Lv.66 ขึ้นไปสามารถนำมาฝังประดับเพื่อเสริมพลังได้\n(แนะนำ: เมื่อถอดผลึกออกระดับแสงจะลดลง หากระดับแสงเหลือ 0 จะไม่สามารถฝังประดับได้)	พลังที่ได้เมื่อฝังประดับ	
3217	Hope Crystal Lv.4	เมื่อเลเวลเครื่องประดับถึง Lv.66 ขึ้นไปสามารถนำมาฝังประดับเพื่อเสริมพลังได้\n(แนะนำ: เมื่อถอดผลึกออกระดับแสงจะลดลง หากระดับแสงเหลือ 0 จะไม่สามารถฝังประดับได้)	พลังที่ได้เมื่อฝังประดับ	
3218	Support Crystal Lv.4	เมื่อเลเวลเครื่องประดับถึง Lv.66 ขึ้นไปสามารถนำมาฝังประดับเพื่อเสริมพลังได้\n(แนะนำ: เมื่อถอดผลึกออกระดับแสงจะลดลง หากระดับแสงเหลือ 0 จะไม่สามารถฝังประดับได้)	พลังที่ได้เมื่อฝังประดับ	
3219	Eternal Crystal Lv.4	เมื่อเลเวลเครื่องประดับถึง Lv.66 ขึ้นไปสามารถนำมาฝังประดับเพื่อเสริมพลังได้\n(แนะนำ: เมื่อถอดผลึกออกระดับแสงจะลดลง หากระดับแสงเหลือ 0 จะไม่สามารถฝังประดับได้)	พลังที่ได้เมื่อฝังประดับ	
3220	Intervene Crystal Lv.4	เมื่อเลเวลเครื่องประดับถึง Lv.66 ขึ้นไปสามารถนำมาฝังประดับเพื่อเสริมพลังได้\n(แนะนำ: เมื่อถอดผลึกออกระดับแสงจะลดลง หากระดับแสงเหลือ 0 จะไม่สามารถฝังประดับได้)	พลังที่ได้เมื่อฝังประดับ	
3221	War Crystal Lv.5	เมื่อเลเวลอาวุธกันถึง Lv.81 ขึ้นไปสามารถนำมาฝังประดับเพื่อเสริมพลังได้\n(แนะนำ: เมื่อถอดผลึกออกระดับแสงจะลดลง หากระดับแสงเหลือ 0 จะไม่สามารถฝังประดับได้)	พลังที่ได้เมื่อฝังประดับ	
3222	Flame Crystal Lv.5	เมื่อเลเวลอาวุธกันถึง Lv.81 ขึ้นไปสามารถนำมาฝังประดับเพื่อเสริมพลังได้\n(แนะนำ: เมื่อถอดผลึกออกระดับแสงจะลดลง หากระดับแสงเหลือ 0 จะไม่สามารถฝังประดับได้)	พลังที่ได้เมื่อฝังประดับ	
3223	Turmoil Crystal Lv.5	เมื่อเลเวลอาวุธกันถึง Lv.81 ขึ้นไปสามารถนำมาฝังประดับเพื่อเสริมพลังได้\n(แนะนำ: เมื่อถอดผลึกออกระดับแสงจะลดลง หากระดับแสงเหลือ 0 จะไม่สามารถฝังประดับได้)	พลังที่ได้เมื่อฝังประดับ	
3224	Wrangle Crystal Lv.5	เมื่อเลเวลอาวุธกันถึง Lv.81 ขึ้นไปสามารถนำมาฝังประดับเพื่อเสริมพลังได้\n(แนะนำ: เมื่อถอดผลึกออกระดับแสงจะลดลง หากระดับแสงเหลือ 0 จะไม่สามารถฝังประดับได้)	พลังที่ได้เมื่อฝังประดับ	
3225	Justice Crystal Lv.5	เมื่อเลเวลอาวุธกันถึง Lv.81 ขึ้นไปสามารถนำมาฝังประดับเพื่อเสริมพลังได้\n(แนะนำ: เมื่อถอดผลึกออกระดับแสงจะลดลง หากระดับแสงเหลือ 0 จะไม่สามารถฝังประดับได้)	พลังที่ได้เมื่อฝังประดับ	
3226	Weapon Crystal Lv.5	เมื่อเลเวลอาวุธกันถึง Lv.81 ขึ้นไปสามารถนำมาฝังประดับเพื่อเสริมพลังได้\n(แนะนำ: เมื่อถอดผลึกออกระดับแสงจะลดลง หากระดับแสงเหลือ 0 จะไม่สามารถฝังประดับได้)	พลังที่ได้เมื่อฝังประดับ	
3227	Wrestle Crystal Lv.5	เมื่อเลเวลอาวุธกันถึง Lv.81 ขึ้นไปสามารถนำมาฝังประดับเพื่อเสริมพลังได้\n(แนะนำ: เมื่อถอดผลึกออกระดับแสงจะลดลง หากระดับแสงเหลือ 0 จะไม่สามารถฝังประดับได้)	พลังที่ได้เมื่อฝังประดับ	
3228	Confrontation Crystal Lv.5	เมื่อเลเวลอาวุธกันถึง Lv.81 ขึ้นไปสามารถนำมาฝังประดับเพื่อเสริมพลังได้\n(แนะนำ: เมื่อถอดผลึกออกระดับแสงจะลดลง หากระดับแสงเหลือ 0 จะไม่สามารถฝังประดับได้)	พลังที่ได้เมื่อฝังประดับ	
3229	Outcome Crystal Lv.5	เมื่อเลเวลอาวุธกันถึง Lv.81 ขึ้นไปสามารถนำมาฝังประดับเพื่อเสริมพลังได้\n(แนะนำ: เมื่อถอดผลึกออกระดับแสงจะลดลง หากระดับแสงเหลือ 0 จะไม่สามารถฝังประดับได้)	พลังที่ได้เมื่อฝังประดับ	
3230	Declare War Crystal Lv.5	เมื่อเลเวลอาวุธกันถึง Lv.81 ขึ้นไปสามารถนำมาฝังประดับเพื่อเสริมพลังได้\n(แนะนำ: เมื่อถอดผลึกออกระดับแสงจะลดลง หากระดับแสงเหลือ 0 จะไม่สามารถฝังประดับได้)	พลังที่ได้เมื่อฝังประดับ	
3231	Coercion Crystal Lv.5	เมื่อเลเวลอาวุธกันถึง Lv.81 ขึ้นไปสามารถนำมาฝังประดับเพื่อเสริมพลังได้\n(แนะนำ: เมื่อถอดผลึกออกระดับแสงจะลดลง หากระดับแสงเหลือ 0 จะไม่สามารถฝังประดับได้)	พลังที่ได้เมื่อฝังประดับ	
3232	Horror Crystal Lv.5	เมื่อเลเวลอาวุธกันถึง Lv.81 ขึ้นไปสามารถนำมาฝังประดับเพื่อเสริมพลังได้\n(แนะนำ: เมื่อถอดผลึกออกระดับแสงจะลดลง หากระดับแสงเหลือ 0 จะไม่สามารถฝังประดับได้)	พลังที่ได้เมื่อฝังประดับ	
3233	Tight Crystal Lv.5	เมื่อเลเวลอาวุธกันถึง Lv.81 ขึ้นไปสามารถนำมาฝังประดับเพื่อเสริมพลังได้\n(แนะนำ: เมื่อถอดผลึกออกระดับแสงจะลดลง หากระดับแสงเหลือ 0 จะไม่สามารถฝังประดับได้)	พลังที่ได้เมื่อฝังประดับ	
3234	Violence Crystal Lv.5	เมื่อเลเวลอาวุธกันถึง Lv.81 ขึ้นไปสามารถนำมาฝังประดับเพื่อเสริมพลังได้\n(แนะนำ: เมื่อถอดผลึกออกระดับแสงจะลดลง หากระดับแสงเหลือ 0 จะไม่สามารถฝังประดับได้)	พลังที่ได้เมื่อฝังประดับ	
3235	Blood Crystal Lv.5	เมื่อเลเวลอาวุธกันถึง Lv.81 ขึ้นไปสามารถนำมาฝังประดับเพื่อเสริมพลังได้\n(แนะนำ: เมื่อถอดผลึกออกระดับแสงจะลดลง หากระดับแสงเหลือ 0 จะไม่สามารถฝังประดับได้)	พลังที่ได้เมื่อฝังประดับ	
3236	Madness Crystal Lv.5	เมื่อเลเวลอาวุธกันถึง Lv.81 ขึ้นไปสามารถนำมาฝังประดับเพื่อเสริมพลังได้\n(แนะนำ: เมื่อถอดผลึกออกระดับแสงจะลดลง หากระดับแสงเหลือ 0 จะไม่สามารถฝังประดับได้)	พลังที่ได้เมื่อฝังประดับ	
3237	Poor Soldier Crystal Lv.5	เมื่อเลเวลอาวุธกันถึง Lv.81 ขึ้นไปสามารถนำมาฝังประดับเพื่อเสริมพลังได้\n(แนะนำ: เมื่อถอดผลึกออกระดับแสงจะลดลง หากระดับแสงเหลือ 0 จะไม่สามารถฝังประดับได้)	พลังที่ได้เมื่อฝังประดับ	
3238	Biochemistry Crystal Lv.5	เมื่อเลเวลอาวุธกันถึง Lv.81 ขึ้นไปสามารถนำมาฝังประดับเพื่อเสริมพลังได้\n(แนะนำ: เมื่อถอดผลึกออกระดับแสงจะลดลง หากระดับแสงเหลือ 0 จะไม่สามารถฝังประดับได้)	พลังที่ได้เมื่อฝังประดับ	
3239	Kill Crystal Lv.5	เมื่อเลเวลอาวุธกันถึง Lv.81 ขึ้นไปสามารถนำมาฝังประดับเพื่อเสริมพลังได้\n(แนะนำ: เมื่อถอดผลึกออกระดับแสงจะลดลง หากระดับแสงเหลือ 0 จะไม่สามารถฝังประดับได้)	พลังที่ได้เมื่อฝังประดับ	
3240	Defeat Crystal Lv.5	เมื่อเลเวลอาวุธกันถึง Lv.81 ขึ้นไปสามารถนำมาฝังประดับเพื่อเสริมพลังได้\n(แนะนำ: เมื่อถอดผลึกออกระดับแสงจะลดลง หากระดับแสงเหลือ 0 จะไม่สามารถฝังประดับได้)	พลังที่ได้เมื่อฝังประดับ	
3241	Modivid Crystal Lv.5	เมื่อเลเวลเครื่องป้องกันถึง Lv.81 ขึ้นไปสามารถนำมาฝังประดับเพื่อเสริมพลังได้\n(แนะนำ: เมื่อถอดผลึกออกระดับแสงจะลดลง หากระดับแสงเหลือ 0 จะไม่สามารถฝังประดับได้)	พลังที่ได้เมื่อฝังประดับ	
3242	Protect Crystal Lv.5	เมื่อเลเวลเครื่องป้องกันถึง Lv.81 ขึ้นไปสามารถนำมาฝังประดับเพื่อเสริมพลังได้\n(แนะนำ: เมื่อถอดผลึกออกระดับแสงจะลดลง หากระดับแสงเหลือ 0 จะไม่สามารถฝังประดับได้)	พลังที่ได้เมื่อฝังประดับ	
3243	Fort Crystal Lv.5	เมื่อเลเวลเครื่องป้องกันถึง Lv.81 ขึ้นไปสามารถนำมาฝังประดับเพื่อเสริมพลังได้\n(แนะนำ: เมื่อถอดผลึกออกระดับแสงจะลดลง หากระดับแสงเหลือ 0 จะไม่สามารถฝังประดับได้)	พลังที่ได้เมื่อฝังประดับ	
3244	Imperial Crystal Lv.5	เมื่อเลเวลเครื่องป้องกันถึง Lv.81 ขึ้นไปสามารถนำมาฝังประดับเพื่อเสริมพลังได้\n(แนะนำ: เมื่อถอดผลึกออกระดับแสงจะลดลง หากระดับแสงเหลือ 0 จะไม่สามารถฝังประดับได้)	พลังที่ได้เมื่อฝังประดับ	
3245	Aversion Crystal Lv.5	เมื่อเลเวลเครื่องป้องกันถึง Lv.81 ขึ้นไปสามารถนำมาฝังประดับเพื่อเสริมพลังได้\n(แนะนำ: เมื่อถอดผลึกออกระดับแสงจะลดลง หากระดับแสงเหลือ 0 จะไม่สามารถฝังประดับได้)	พลังที่ได้เมื่อฝังประดับ	
3246	Cache Crystal Lv.5	เมื่อเลเวลเครื่องป้องกันถึง Lv.81 ขึ้นไปสามารถนำมาฝังประดับเพื่อเสริมพลังได้\n(แนะนำ: เมื่อถอดผลึกออกระดับแสงจะลดลง หากระดับแสงเหลือ 0 จะไม่สามารถฝังประดับได้)	พลังที่ได้เมื่อฝังประดับ	
3247	Predator Crystal Lv.5	เมื่อเลเวลเครื่องป้องกันถึง Lv.81 ขึ้นไปสามารถนำมาฝังประดับเพื่อเสริมพลังได้\n(แนะนำ: เมื่อถอดผลึกออกระดับแสงจะลดลง หากระดับแสงเหลือ 0 จะไม่สามารถฝังประดับได้)	พลังที่ได้เมื่อฝังประดับ	
3248	Cushion Crystal Lv.5	เมื่อเลเวลเครื่องป้องกันถึง Lv.81 ขึ้นไปสามารถนำมาฝังประดับเพื่อเสริมพลังได้\n(แนะนำ: เมื่อถอดผลึกออกระดับแสงจะลดลง หากระดับแสงเหลือ 0 จะไม่สามารถฝังประดับได้)	พลังที่ได้เมื่อฝังประดับ	
3249	Warn Crystal Lv.5	เมื่อเลเวลเครื่องป้องกันถึง Lv.81 ขึ้นไปสามารถนำมาฝังประดับเพื่อเสริมพลังได้\n(แนะนำ: เมื่อถอดผลึกออกระดับแสงจะลดลง หากระดับแสงเหลือ 0 จะไม่สามารถฝังประดับได้)	พลังที่ได้เมื่อฝังประดับ	
3250	Monitoring Crystal Lv.5	เมื่อเลเวลเครื่องป้องกันถึง Lv.81 ขึ้นไปสามารถนำมาฝังประดับเพื่อเสริมพลังได้\n(แนะนำ: เมื่อถอดผลึกออกระดับแสงจะลดลง หากระดับแสงเหลือ 0 จะไม่สามารถฝังประดับได้)	พลังที่ได้เมื่อฝังประดับ	
3251	Guard Crystal Lv.5	เมื่อเลเวลเครื่องป้องกันถึง Lv.81 ขึ้นไปสามารถนำมาฝังประดับเพื่อเสริมพลังได้\n(แนะนำ: เมื่อถอดผลึกออกระดับแสงจะลดลง หากระดับแสงเหลือ 0 จะไม่สามารถฝังประดับได้)	พลังที่ได้เมื่อฝังประดับ	
3252	Appease Crystal Lv.5	เมื่อเลเวลเครื่องป้องกันถึง Lv.81 ขึ้นไปสามารถนำมาฝังประดับเพื่อเสริมพลังได้\n(แนะนำ: เมื่อถอดผลึกออกระดับแสงจะลดลง หากระดับแสงเหลือ 0 จะไม่สามารถฝังประดับได้)	พลังที่ได้เมื่อฝังประดับ	
3253	Thunder Crystal Lv.5	เมื่อเลเวลเครื่องป้องกันถึง Lv.81 ขึ้นไปสามารถนำมาฝังประดับเพื่อเสริมพลังได้\n(แนะนำ: เมื่อถอดผลึกออกระดับแสงจะลดลง หากระดับแสงเหลือ 0 จะไม่สามารถฝังประดับได้)	พลังที่ได้เมื่อฝังประดับ	
3254	Sanction Crystal Lv.5	เมื่อเลเวลเครื่องป้องกันถึง Lv.81 ขึ้นไปสามารถนำมาฝังประดับเพื่อเสริมพลังได้\n(แนะนำ: เมื่อถอดผลึกออกระดับแสงจะลดลง หากระดับแสงเหลือ 0 จะไม่สามารถฝังประดับได้)	พลังที่ได้เมื่อฝังประดับ	
3255	Territory Crystal Lv.5	เมื่อเลเวลเครื่องป้องกันถึง Lv.81 ขึ้นไปสามารถนำมาฝังประดับเพื่อเสริมพลังได้\n(แนะนำ: เมื่อถอดผลึกออกระดับแสงจะลดลง หากระดับแสงเหลือ 0 จะไม่สามารถฝังประดับได้)	พลังที่ได้เมื่อฝังประดับ	
3256	Lockout Crystal Lv.5	เมื่อเลเวลเครื่องป้องกันถึง Lv.81 ขึ้นไปสามารถนำมาฝังประดับเพื่อเสริมพลังได้\n(แนะนำ: เมื่อถอดผลึกออกระดับแสงจะลดลง หากระดับแสงเหลือ 0 จะไม่สามารถฝังประดับได้)	พลังที่ได้เมื่อฝังประดับ	
3257	Chain Ring Crystal Lv.5	เมื่อเลเวลเครื่องป้องกันถึง Lv.81 ขึ้นไปสามารถนำมาฝังประดับเพื่อเสริมพลังได้\n(แนะนำ: เมื่อถอดผลึกออกระดับแสงจะลดลง หากระดับแสงเหลือ 0 จะไม่สามารถฝังประดับได้)	พลังที่ได้เมื่อฝังประดับ	
3258	One Heart Crystal Lv.5	เมื่อเลเวลเครื่องป้องกันถึง Lv.81 ขึ้นไปสามารถนำมาฝังประดับเพื่อเสริมพลังได้\n(แนะนำ: เมื่อถอดผลึกออกระดับแสงจะลดลง หากระดับแสงเหลือ 0 จะไม่สามารถฝังประดับได้)	พลังที่ได้เมื่อฝังประดับ	
3259	Border Crystal Lv.5	เมื่อเลเวลเครื่องป้องกันถึง Lv.81 ขึ้นไปสามารถนำมาฝังประดับเพื่อเสริมพลังได้\n(แนะนำ: เมื่อถอดผลึกออกระดับแสงจะลดลง หากระดับแสงเหลือ 0 จะไม่สามารถฝังประดับได้)	พลังที่ได้เมื่อฝังประดับ	
3260	Wilderness Crystal Lv.5	เมื่อเลเวลเครื่องป้องกันถึง Lv.81 ขึ้นไปสามารถนำมาฝังประดับเพื่อเสริมพลังได้\n(แนะนำ: เมื่อถอดผลึกออกระดับแสงจะลดลง หากระดับแสงเหลือ 0 จะไม่สามารถฝังประดับได้)	พลังที่ได้เมื่อฝังประดับ	
3261	Improve Crystal Lv.5	เมื่อเลเวลเครื่องประดับถึง Lv.81 ขึ้นไปสามารถนำมาฝังประดับเพื่อเสริมพลังได้\n(แนะนำ: เมื่อถอดผลึกออกระดับแสงจะลดลง หากระดับแสงเหลือ 0 จะไม่สามารถฝังประดับได้)	พลังที่ได้เมื่อฝังประดับ	
3262	Familiar Crystal Lv.5	เมื่อเลเวลเครื่องประดับถึง Lv.81 ขึ้นไปสามารถนำมาฝังประดับเพื่อเสริมพลังได้\n(แนะนำ: เมื่อถอดผลึกออกระดับแสงจะลดลง หากระดับแสงเหลือ 0 จะไม่สามารถฝังประดับได้)	พลังที่ได้เมื่อฝังประดับ	
3263	Fracture Crystal Lv.5	เมื่อเลเวลเครื่องประดับถึง Lv.81 ขึ้นไปสามารถนำมาฝังประดับเพื่อเสริมพลังได้\n(แนะนำ: เมื่อถอดผลึกออกระดับแสงจะลดลง หากระดับแสงเหลือ 0 จะไม่สามารถฝังประดับได้)	พลังที่ได้เมื่อฝังประดับ	
3264	Security Crystal Lv.5	เมื่อเลเวลเครื่องประดับถึง Lv.81 ขึ้นไปสามารถนำมาฝังประดับเพื่อเสริมพลังได้\n(แนะนำ: เมื่อถอดผลึกออกระดับแสงจะลดลง หากระดับแสงเหลือ 0 จะไม่สามารถฝังประดับได้)	พลังที่ได้เมื่อฝังประดับ	
3265	Ministry Crystal Lv.5	เมื่อเลเวลเครื่องประดับถึง Lv.81 ขึ้นไปสามารถนำมาฝังประดับเพื่อเสริมพลังได้\n(แนะนำ: เมื่อถอดผลึกออกระดับแสงจะลดลง หากระดับแสงเหลือ 0 จะไม่สามารถฝังประดับได้)	พลังที่ได้เมื่อฝังประดับ	
3266	Compete Crystal Lv.5	เมื่อเลเวลเครื่องประดับถึง Lv.81 ขึ้นไปสามารถนำมาฝังประดับเพื่อเสริมพลังได้\n(แนะนำ: เมื่อถอดผลึกออกระดับแสงจะลดลง หากระดับแสงเหลือ 0 จะไม่สามารถฝังประดับได้)	พลังที่ได้เมื่อฝังประดับ	
3267	Calm Crystal Lv.5	เมื่อเลเวลเครื่องประดับถึง Lv.81 ขึ้นไปสามารถนำมาฝังประดับเพื่อเสริมพลังได้\n(แนะนำ: เมื่อถอดผลึกออกระดับแสงจะลดลง หากระดับแสงเหลือ 0 จะไม่สามารถฝังประดับได้)	พลังที่ได้เมื่อฝังประดับ	
3268	Guide Crystal Lv.5	เมื่อเลเวลเครื่องประดับถึง Lv.81 ขึ้นไปสามารถนำมาฝังประดับเพื่อเสริมพลังได้\n(แนะนำ: เมื่อถอดผลึกออกระดับแสงจะลดลง หากระดับแสงเหลือ 0 จะไม่สามารถฝังประดับได้)	พลังที่ได้เมื่อฝังประดับ	
3269	Safe Crystal Lv.5	เมื่อเลเวลเครื่องประดับถึง Lv.81 ขึ้นไปสามารถนำมาฝังประดับเพื่อเสริมพลังได้\n(แนะนำ: เมื่อถอดผลึกออกระดับแสงจะลดลง หากระดับแสงเหลือ 0 จะไม่สามารถฝังประดับได้)	พลังที่ได้เมื่อฝังประดับ	
3270	Inspiration Crystal Lv.5	เมื่อเลเวลเครื่องประดับถึง Lv.81 ขึ้นไปสามารถนำมาฝังประดับเพื่อเสริมพลังได้\n(แนะนำ: เมื่อถอดผลึกออกระดับแสงจะลดลง หากระดับแสงเหลือ 0 จะไม่สามารถฝังประดับได้)	พลังที่ได้เมื่อฝังประดับ	
3271	Sober Crystal Lv.5	เมื่อเลเวลเครื่องประดับถึง Lv.81 ขึ้นไปสามารถนำมาฝังประดับเพื่อเสริมพลังได้\n(แนะนำ: เมื่อถอดผลึกออกระดับแสงจะลดลง หากระดับแสงเหลือ 0 จะไม่สามารถฝังประดับได้)	พลังที่ได้เมื่อฝังประดับ	
3272	Silent Crystal Lv.5	เมื่อเลเวลเครื่องประดับถึง Lv.81 ขึ้นไปสามารถนำมาฝังประดับเพื่อเสริมพลังได้\n(แนะนำ: เมื่อถอดผลึกออกระดับแสงจะลดลง หากระดับแสงเหลือ 0 จะไม่สามารถฝังประดับได้)	พลังที่ได้เมื่อฝังประดับ	
3273	Superiority Crystal Lv.5	เมื่อเลเวลเครื่องประดับถึง Lv.81 ขึ้นไปสามารถนำมาฝังประดับเพื่อเสริมพลังได้\n(แนะนำ: เมื่อถอดผลึกออกระดับแสงจะลดลง หากระดับแสงเหลือ 0 จะไม่สามารถฝังประดับได้)	พลังที่ได้เมื่อฝังประดับ	
3274	Curtain Night Crystal Lv.5	เมื่อเลเวลเครื่องประดับถึง Lv.81 ขึ้นไปสามารถนำมาฝังประดับเพื่อเสริมพลังได้\n(แนะนำ: เมื่อถอดผลึกออกระดับแสงจะลดลง หากระดับแสงเหลือ 0 จะไม่สามารถฝังประดับได้)	พลังที่ได้เมื่อฝังประดับ	
3275	Hope Crystal Lv.5	เมื่อเลเวลเครื่องประดับถึง Lv.81 ขึ้นไปสามารถนำมาฝังประดับเพื่อเสริมพลังได้\n(แนะนำ: เมื่อถอดผลึกออกระดับแสงจะลดลง หากระดับแสงเหลือ 0 จะไม่สามารถฝังประดับได้)	พลังที่ได้เมื่อฝังประดับ	
3276	Support Crystal Lv.5	เมื่อเลเวลเครื่องประดับถึง Lv.81 ขึ้นไปสามารถนำมาฝังประดับเพื่อเสริมพลังได้\n(แนะนำ: เมื่อถอดผลึกออกระดับแสงจะลดลง หากระดับแสงเหลือ 0 จะไม่สามารถฝังประดับได้)	พลังที่ได้เมื่อฝังประดับ	
3277	Eternal Crystal Lv.5	เมื่อเลเวลเครื่องประดับถึง Lv.81 ขึ้นไปสามารถนำมาฝังประดับเพื่อเสริมพลังได้\n(แนะนำ: เมื่อถอดผลึกออกระดับแสงจะลดลง หากระดับแสงเหลือ 0 จะไม่สามารถฝังประดับได้)	พลังที่ได้เมื่อฝังประดับ	
3278	Intervene Crystal Lv.5	เมื่อเลเวลเครื่องประดับถึง Lv.81 ขึ้นไปสามารถนำมาฝังประดับเพื่อเสริมพลังได้\n(แนะนำ: เมื่อถอดผลึกออกระดับแสงจะลดลง หากระดับแสงเหลือ 0 จะไม่สามารถฝังประดับได้)	พลังที่ได้เมื่อฝังประดับ	
3279	War Crystal Lv.6	เมื่อเลเวลอาวุธกันถึง Lv.91 ขึ้นไปสามารถนำมาฝังประดับเพื่อเสริมพลังได้\n(แนะนำ: เมื่อถอดผลึกออกระดับแสงจะลดลง หากระดับแสงเหลือ 0 จะไม่สามารถฝังประดับได้)	พลังที่ได้เมื่อฝังประดับ	
3280	Flame Crystal Lv.6	เมื่อเลเวลอาวุธกันถึง Lv.91 ขึ้นไปสามารถนำมาฝังประดับเพื่อเสริมพลังได้\n(แนะนำ: เมื่อถอดผลึกออกระดับแสงจะลดลง หากระดับแสงเหลือ 0 จะไม่สามารถฝังประดับได้)	พลังที่ได้เมื่อฝังประดับ	
3281	Turmoil Crystal Lv.6	เมื่อเลเวลอาวุธกันถึง Lv.91 ขึ้นไปสามารถนำมาฝังประดับเพื่อเสริมพลังได้\n(แนะนำ: เมื่อถอดผลึกออกระดับแสงจะลดลง หากระดับแสงเหลือ 0 จะไม่สามารถฝังประดับได้)	พลังที่ได้เมื่อฝังประดับ	
3282	Wrangle Crystal Lv.6	เมื่อเลเวลอาวุธกันถึง Lv.91 ขึ้นไปสามารถนำมาฝังประดับเพื่อเสริมพลังได้\n(แนะนำ: เมื่อถอดผลึกออกระดับแสงจะลดลง หากระดับแสงเหลือ 0 จะไม่สามารถฝังประดับได้)	พลังที่ได้เมื่อฝังประดับ	
3283	Justice Crystal Lv.6	เมื่อเลเวลอาวุธกันถึง Lv.91 ขึ้นไปสามารถนำมาฝังประดับเพื่อเสริมพลังได้\n(แนะนำ: เมื่อถอดผลึกออกระดับแสงจะลดลง หากระดับแสงเหลือ 0 จะไม่สามารถฝังประดับได้)	พลังที่ได้เมื่อฝังประดับ	
3284	Weapon Crystal Lv.6	เมื่อเลเวลอาวุธกันถึง Lv.91 ขึ้นไปสามารถนำมาฝังประดับเพื่อเสริมพลังได้\n(แนะนำ: เมื่อถอดผลึกออกระดับแสงจะลดลง หากระดับแสงเหลือ 0 จะไม่สามารถฝังประดับได้)	พลังที่ได้เมื่อฝังประดับ	
3285	Wrestle Crystal Lv.6	เมื่อเลเวลอาวุธกันถึง Lv.91 ขึ้นไปสามารถนำมาฝังประดับเพื่อเสริมพลังได้\n(แนะนำ: เมื่อถอดผลึกออกระดับแสงจะลดลง หากระดับแสงเหลือ 0 จะไม่สามารถฝังประดับได้)	พลังที่ได้เมื่อฝังประดับ	
3286	Confrontation Crystal Lv.6	เมื่อเลเวลอาวุธกันถึง Lv.91 ขึ้นไปสามารถนำมาฝังประดับเพื่อเสริมพลังได้\n(แนะนำ: เมื่อถอดผลึกออกระดับแสงจะลดลง หากระดับแสงเหลือ 0 จะไม่สามารถฝังประดับได้)	พลังที่ได้เมื่อฝังประดับ	
3287	Outcome Crystal Lv.6	เมื่อเลเวลอาวุธกันถึง Lv.91 ขึ้นไปสามารถนำมาฝังประดับเพื่อเสริมพลังได้\n(แนะนำ: เมื่อถอดผลึกออกระดับแสงจะลดลง หากระดับแสงเหลือ 0 จะไม่สามารถฝังประดับได้)	พลังที่ได้เมื่อฝังประดับ	
3288	Declare War Crystal Lv.6	เมื่อเลเวลอาวุธกันถึง Lv.91 ขึ้นไปสามารถนำมาฝังประดับเพื่อเสริมพลังได้\n(แนะนำ: เมื่อถอดผลึกออกระดับแสงจะลดลง หากระดับแสงเหลือ 0 จะไม่สามารถฝังประดับได้)	พลังที่ได้เมื่อฝังประดับ	
3289	Coercion Crystal Lv.6	เมื่อเลเวลอาวุธกันถึง Lv.91 ขึ้นไปสามารถนำมาฝังประดับเพื่อเสริมพลังได้\n(แนะนำ: เมื่อถอดผลึกออกระดับแสงจะลดลง หากระดับแสงเหลือ 0 จะไม่สามารถฝังประดับได้)	พลังที่ได้เมื่อฝังประดับ	
3290	Horror Crystal Lv.6	เมื่อเลเวลอาวุธกันถึง Lv.91 ขึ้นไปสามารถนำมาฝังประดับเพื่อเสริมพลังได้\n(แนะนำ: เมื่อถอดผลึกออกระดับแสงจะลดลง หากระดับแสงเหลือ 0 จะไม่สามารถฝังประดับได้)	พลังที่ได้เมื่อฝังประดับ	
3291	Tight Crystal Lv.6	เมื่อเลเวลอาวุธกันถึง Lv.91 ขึ้นไปสามารถนำมาฝังประดับเพื่อเสริมพลังได้\n(แนะนำ: เมื่อถอดผลึกออกระดับแสงจะลดลง หากระดับแสงเหลือ 0 จะไม่สามารถฝังประดับได้)	พลังที่ได้เมื่อฝังประดับ	
3292	Violence Crystal Lv.6	เมื่อเลเวลอาวุธกันถึง Lv.91 ขึ้นไปสามารถนำมาฝังประดับเพื่อเสริมพลังได้\n(แนะนำ: เมื่อถอดผลึกออกระดับแสงจะลดลง หากระดับแสงเหลือ 0 จะไม่สามารถฝังประดับได้)	พลังที่ได้เมื่อฝังประดับ	
3293	Blood Crystal Lv.6	เมื่อเลเวลอาวุธกันถึง Lv.91 ขึ้นไปสามารถนำมาฝังประดับเพื่อเสริมพลังได้\n(แนะนำ: เมื่อถอดผลึกออกระดับแสงจะลดลง หากระดับแสงเหลือ 0 จะไม่สามารถฝังประดับได้)	พลังที่ได้เมื่อฝังประดับ	
3294	Madness Crystal Lv.6	เมื่อเลเวลอาวุธกันถึง Lv.91 ขึ้นไปสามารถนำมาฝังประดับเพื่อเสริมพลังได้\n(แนะนำ: เมื่อถอดผลึกออกระดับแสงจะลดลง หากระดับแสงเหลือ 0 จะไม่สามารถฝังประดับได้)	พลังที่ได้เมื่อฝังประดับ	
3295	Poor Soldier Crystal Lv.6	เมื่อเลเวลอาวุธกันถึง Lv.91 ขึ้นไปสามารถนำมาฝังประดับเพื่อเสริมพลังได้\n(แนะนำ: เมื่อถอดผลึกออกระดับแสงจะลดลง หากระดับแสงเหลือ 0 จะไม่สามารถฝังประดับได้)	พลังที่ได้เมื่อฝังประดับ	
3296	Biochemistry Crystal Lv.6	เมื่อเลเวลอาวุธกันถึง Lv.91 ขึ้นไปสามารถนำมาฝังประดับเพื่อเสริมพลังได้\n(แนะนำ: เมื่อถอดผลึกออกระดับแสงจะลดลง หากระดับแสงเหลือ 0 จะไม่สามารถฝังประดับได้)	พลังที่ได้เมื่อฝังประดับ	
3297	Kill Crystal Lv.6	เมื่อเลเวลอาวุธกันถึง Lv.91 ขึ้นไปสามารถนำมาฝังประดับเพื่อเสริมพลังได้\n(แนะนำ: เมื่อถอดผลึกออกระดับแสงจะลดลง หากระดับแสงเหลือ 0 จะไม่สามารถฝังประดับได้)	พลังที่ได้เมื่อฝังประดับ	
3298	Defeat Crystal Lv.6	เมื่อเลเวลอาวุธกันถึง Lv.91 ขึ้นไปสามารถนำมาฝังประดับเพื่อเสริมพลังได้\n(แนะนำ: เมื่อถอดผลึกออกระดับแสงจะลดลง หากระดับแสงเหลือ 0 จะไม่สามารถฝังประดับได้)	พลังที่ได้เมื่อฝังประดับ	
3299	Modivid Crystal Lv.6	เมื่อเลเวลเครื่องป้องกันถึง Lv.91 ขึ้นไปสามารถนำมาฝังประดับเพื่อเสริมพลังได้\n(แนะนำ: เมื่อถอดผลึกออกระดับแสงจะลดลง หากระดับแสงเหลือ 0 จะไม่สามารถฝังประดับได้)	พลังที่ได้เมื่อฝังประดับ	
3300	Protect Crystal Lv.6	เมื่อเลเวลเครื่องป้องกันถึง Lv.91 ขึ้นไปสามารถนำมาฝังประดับเพื่อเสริมพลังได้\n(แนะนำ: เมื่อถอดผลึกออกระดับแสงจะลดลง หากระดับแสงเหลือ 0 จะไม่สามารถฝังประดับได้)	พลังที่ได้เมื่อฝังประดับ	
3301	Fort Crystal Lv.6	เมื่อเลเวลเครื่องป้องกันถึง Lv.91 ขึ้นไปสามารถนำมาฝังประดับเพื่อเสริมพลังได้\n(แนะนำ: เมื่อถอดผลึกออกระดับแสงจะลดลง หากระดับแสงเหลือ 0 จะไม่สามารถฝังประดับได้)	พลังที่ได้เมื่อฝังประดับ	
3302	Imperial Crystal Lv.6	เมื่อเลเวลเครื่องป้องกันถึง Lv.91 ขึ้นไปสามารถนำมาฝังประดับเพื่อเสริมพลังได้\n(แนะนำ: เมื่อถอดผลึกออกระดับแสงจะลดลง หากระดับแสงเหลือ 0 จะไม่สามารถฝังประดับได้)	พลังที่ได้เมื่อฝังประดับ	
3303	Aversion Crystal Lv.6	เมื่อเลเวลเครื่องป้องกันถึง Lv.91 ขึ้นไปสามารถนำมาฝังประดับเพื่อเสริมพลังได้\n(แนะนำ: เมื่อถอดผลึกออกระดับแสงจะลดลง หากระดับแสงเหลือ 0 จะไม่สามารถฝังประดับได้)	พลังที่ได้เมื่อฝังประดับ	
3304	Cache Crystal Lv.6	เมื่อเลเวลเครื่องป้องกันถึง Lv.91 ขึ้นไปสามารถนำมาฝังประดับเพื่อเสริมพลังได้\n(แนะนำ: เมื่อถอดผลึกออกระดับแสงจะลดลง หากระดับแสงเหลือ 0 จะไม่สามารถฝังประดับได้)	พลังที่ได้เมื่อฝังประดับ	
3305	Predator Crystal Lv.6	เมื่อเลเวลเครื่องป้องกันถึง Lv.91 ขึ้นไปสามารถนำมาฝังประดับเพื่อเสริมพลังได้\n(แนะนำ: เมื่อถอดผลึกออกระดับแสงจะลดลง หากระดับแสงเหลือ 0 จะไม่สามารถฝังประดับได้)	พลังที่ได้เมื่อฝังประดับ	
3306	Cushion Crystal Lv.6	เมื่อเลเวลเครื่องป้องกันถึง Lv.91 ขึ้นไปสามารถนำมาฝังประดับเพื่อเสริมพลังได้\n(แนะนำ: เมื่อถอดผลึกออกระดับแสงจะลดลง หากระดับแสงเหลือ 0 จะไม่สามารถฝังประดับได้)	พลังที่ได้เมื่อฝังประดับ	
3307	Warn Crystal Lv.6	เมื่อเลเวลเครื่องป้องกันถึง Lv.91 ขึ้นไปสามารถนำมาฝังประดับเพื่อเสริมพลังได้\n(แนะนำ: เมื่อถอดผลึกออกระดับแสงจะลดลง หากระดับแสงเหลือ 0 จะไม่สามารถฝังประดับได้)	พลังที่ได้เมื่อฝังประดับ	
3308	Monitoring Crystal Lv.6	เมื่อเลเวลเครื่องป้องกันถึง Lv.91 ขึ้นไปสามารถนำมาฝังประดับเพื่อเสริมพลังได้\n(แนะนำ: เมื่อถอดผลึกออกระดับแสงจะลดลง หากระดับแสงเหลือ 0 จะไม่สามารถฝังประดับได้)	พลังที่ได้เมื่อฝังประดับ	
3309	Guard Crystal Lv.6	เมื่อเลเวลเครื่องป้องกันถึง Lv.91 ขึ้นไปสามารถนำมาฝังประดับเพื่อเสริมพลังได้\n(แนะนำ: เมื่อถอดผลึกออกระดับแสงจะลดลง หากระดับแสงเหลือ 0 จะไม่สามารถฝังประดับได้)	พลังที่ได้เมื่อฝังประดับ	
3310	Appease Crystal Lv.6	เมื่อเลเวลเครื่องป้องกันถึง Lv.91 ขึ้นไปสามารถนำมาฝังประดับเพื่อเสริมพลังได้\n(แนะนำ: เมื่อถอดผลึกออกระดับแสงจะลดลง หากระดับแสงเหลือ 0 จะไม่สามารถฝังประดับได้)	พลังที่ได้เมื่อฝังประดับ	
3311	Thunder Crystal Lv.6	เมื่อเลเวลเครื่องป้องกันถึง Lv.91 ขึ้นไปสามารถนำมาฝังประดับเพื่อเสริมพลังได้\n(แนะนำ: เมื่อถอดผลึกออกระดับแสงจะลดลง หากระดับแสงเหลือ 0 จะไม่สามารถฝังประดับได้)	พลังที่ได้เมื่อฝังประดับ	
3312	Sanction Crystal Lv.6	เมื่อเลเวลเครื่องป้องกันถึง Lv.91 ขึ้นไปสามารถนำมาฝังประดับเพื่อเสริมพลังได้\n(แนะนำ: เมื่อถอดผลึกออกระดับแสงจะลดลง หากระดับแสงเหลือ 0 จะไม่สามารถฝังประดับได้)	พลังที่ได้เมื่อฝังประดับ	
3313	Territory Crystal Lv.6	เมื่อเลเวลเครื่องป้องกันถึง Lv.91 ขึ้นไปสามารถนำมาฝังประดับเพื่อเสริมพลังได้\n(แนะนำ: เมื่อถอดผลึกออกระดับแสงจะลดลง หากระดับแสงเหลือ 0 จะไม่สามารถฝังประดับได้)	พลังที่ได้เมื่อฝังประดับ	
3314	Lockout Crystal Lv.6	เมื่อเลเวลเครื่องป้องกันถึง Lv.91 ขึ้นไปสามารถนำมาฝังประดับเพื่อเสริมพลังได้\n(แนะนำ: เมื่อถอดผลึกออกระดับแสงจะลดลง หากระดับแสงเหลือ 0 จะไม่สามารถฝังประดับได้)	พลังที่ได้เมื่อฝังประดับ	
3315	Chain Ring Crystal Lv.6	เมื่อเลเวลเครื่องป้องกันถึง Lv.91 ขึ้นไปสามารถนำมาฝังประดับเพื่อเสริมพลังได้\n(แนะนำ: เมื่อถอดผลึกออกระดับแสงจะลดลง หากระดับแสงเหลือ 0 จะไม่สามารถฝังประดับได้)	พลังที่ได้เมื่อฝังประดับ	
3316	One Heart Crystal Lv.6	เมื่อเลเวลเครื่องป้องกันถึง Lv.91 ขึ้นไปสามารถนำมาฝังประดับเพื่อเสริมพลังได้\n(แนะนำ: เมื่อถอดผลึกออกระดับแสงจะลดลง หากระดับแสงเหลือ 0 จะไม่สามารถฝังประดับได้)	พลังที่ได้เมื่อฝังประดับ	
3317	Border Crystal Lv.6	เมื่อเลเวลเครื่องป้องกันถึง Lv.91 ขึ้นไปสามารถนำมาฝังประดับเพื่อเสริมพลังได้\n(แนะนำ: เมื่อถอดผลึกออกระดับแสงจะลดลง หากระดับแสงเหลือ 0 จะไม่สามารถฝังประดับได้)	พลังที่ได้เมื่อฝังประดับ	
3318	Wilderness Crystal Lv.6	เมื่อเลเวลเครื่องป้องกันถึง Lv.91 ขึ้นไปสามารถนำมาฝังประดับเพื่อเสริมพลังได้\n(แนะนำ: เมื่อถอดผลึกออกระดับแสงจะลดลง หากระดับแสงเหลือ 0 จะไม่สามารถฝังประดับได้)	พลังที่ได้เมื่อฝังประดับ	
3319	Improve Crystal Lv.6	เมื่อเลเวลเครื่องประดับถึง Lv.91 ขึ้นไปสามารถนำมาฝังประดับเพื่อเสริมพลังได้\n(แนะนำ: เมื่อถอดผลึกออกระดับแสงจะลดลง หากระดับแสงเหลือ 0 จะไม่สามารถฝังประดับได้)	พลังที่ได้เมื่อฝังประดับ	
3320	Familiar Crystal Lv.6	เมื่อเลเวลเครื่องประดับถึง Lv.91 ขึ้นไปสามารถนำมาฝังประดับเพื่อเสริมพลังได้\n(แนะนำ: เมื่อถอดผลึกออกระดับแสงจะลดลง หากระดับแสงเหลือ 0 จะไม่สามารถฝังประดับได้)	พลังที่ได้เมื่อฝังประดับ	
3321	Fracture Crystal Lv.6	เมื่อเลเวลเครื่องประดับถึง Lv.91 ขึ้นไปสามารถนำมาฝังประดับเพื่อเสริมพลังได้\n(แนะนำ: เมื่อถอดผลึกออกระดับแสงจะลดลง หากระดับแสงเหลือ 0 จะไม่สามารถฝังประดับได้)	พลังที่ได้เมื่อฝังประดับ	
3322	Security Crystal Lv.6	เมื่อเลเวลเครื่องประดับถึง Lv.91 ขึ้นไปสามารถนำมาฝังประดับเพื่อเสริมพลังได้\n(แนะนำ: เมื่อถอดผลึกออกระดับแสงจะลดลง หากระดับแสงเหลือ 0 จะไม่สามารถฝังประดับได้)	พลังที่ได้เมื่อฝังประดับ	
3323	Ministry Crystal Lv.6	เมื่อเลเวลเครื่องประดับถึง Lv.91 ขึ้นไปสามารถนำมาฝังประดับเพื่อเสริมพลังได้\n(แนะนำ: เมื่อถอดผลึกออกระดับแสงจะลดลง หากระดับแสงเหลือ 0 จะไม่สามารถฝังประดับได้)	พลังที่ได้เมื่อฝังประดับ	
3324	Compete Crystal Lv.6	เมื่อเลเวลเครื่องประดับถึง Lv.91 ขึ้นไปสามารถนำมาฝังประดับเพื่อเสริมพลังได้\n(แนะนำ: เมื่อถอดผลึกออกระดับแสงจะลดลง หากระดับแสงเหลือ 0 จะไม่สามารถฝังประดับได้)	พลังที่ได้เมื่อฝังประดับ	
3325	Calm Crystal Lv.6	เมื่อเลเวลเครื่องประดับถึง Lv.91 ขึ้นไปสามารถนำมาฝังประดับเพื่อเสริมพลังได้\n(แนะนำ: เมื่อถอดผลึกออกระดับแสงจะลดลง หากระดับแสงเหลือ 0 จะไม่สามารถฝังประดับได้)	พลังที่ได้เมื่อฝังประดับ	
3326	Guide Crystal Lv.6	เมื่อเลเวลเครื่องประดับถึง Lv.91 ขึ้นไปสามารถนำมาฝังประดับเพื่อเสริมพลังได้\n(แนะนำ: เมื่อถอดผลึกออกระดับแสงจะลดลง หากระดับแสงเหลือ 0 จะไม่สามารถฝังประดับได้)	พลังที่ได้เมื่อฝังประดับ	
3327	Safe Crystal Lv.6	เมื่อเลเวลเครื่องประดับถึง Lv.91 ขึ้นไปสามารถนำมาฝังประดับเพื่อเสริมพลังได้\n(แนะนำ: เมื่อถอดผลึกออกระดับแสงจะลดลง หากระดับแสงเหลือ 0 จะไม่สามารถฝังประดับได้)	พลังที่ได้เมื่อฝังประดับ	
3328	Inspiration Crystal Lv.6	เมื่อเลเวลเครื่องประดับถึง Lv.91 ขึ้นไปสามารถนำมาฝังประดับเพื่อเสริมพลังได้\n(แนะนำ: เมื่อถอดผลึกออกระดับแสงจะลดลง หากระดับแสงเหลือ 0 จะไม่สามารถฝังประดับได้)	พลังที่ได้เมื่อฝังประดับ	
3329	Sober Crystal Lv.6	เมื่อเลเวลเครื่องประดับถึง Lv.91 ขึ้นไปสามารถนำมาฝังประดับเพื่อเสริมพลังได้\n(แนะนำ: เมื่อถอดผลึกออกระดับแสงจะลดลง หากระดับแสงเหลือ 0 จะไม่สามารถฝังประดับได้)	พลังที่ได้เมื่อฝังประดับ	
3330	Silent Crystal Lv.6	เมื่อเลเวลเครื่องประดับถึง Lv.91 ขึ้นไปสามารถนำมาฝังประดับเพื่อเสริมพลังได้\n(แนะนำ: เมื่อถอดผลึกออกระดับแสงจะลดลง หากระดับแสงเหลือ 0 จะไม่สามารถฝังประดับได้)	พลังที่ได้เมื่อฝังประดับ	
3331	Superiority Crystal Lv.6	เมื่อเลเวลเครื่องประดับถึง Lv.91 ขึ้นไปสามารถนำมาฝังประดับเพื่อเสริมพลังได้\n(แนะนำ: เมื่อถอดผลึกออกระดับแสงจะลดลง หากระดับแสงเหลือ 0 จะไม่สามารถฝังประดับได้)	พลังที่ได้เมื่อฝังประดับ	
3332	Curtain Night Crystal Lv.6	เมื่อเลเวลเครื่องประดับถึง Lv.91 ขึ้นไปสามารถนำมาฝังประดับเพื่อเสริมพลังได้\n(แนะนำ: เมื่อถอดผลึกออกระดับแสงจะลดลง หากระดับแสงเหลือ 0 จะไม่สามารถฝังประดับได้)	พลังที่ได้เมื่อฝังประดับ	
3333	Hope Crystal Lv.6	เมื่อเลเวลเครื่องประดับถึง Lv.91 ขึ้นไปสามารถนำมาฝังประดับเพื่อเสริมพลังได้\n(แนะนำ: เมื่อถอดผลึกออกระดับแสงจะลดลง หากระดับแสงเหลือ 0 จะไม่สามารถฝังประดับได้)	พลังที่ได้เมื่อฝังประดับ	
3334	Support Crystal Lv.6	เมื่อเลเวลเครื่องประดับถึง Lv.91 ขึ้นไปสามารถนำมาฝังประดับเพื่อเสริมพลังได้\n(แนะนำ: เมื่อถอดผลึกออกระดับแสงจะลดลง หากระดับแสงเหลือ 0 จะไม่สามารถฝังประดับได้)	พลังที่ได้เมื่อฝังประดับ	
3335	Eternal Crystal Lv.6	เมื่อเลเวลเครื่องประดับถึง Lv.91 ขึ้นไปสามารถนำมาฝังประดับเพื่อเสริมพลังได้\n(แนะนำ: เมื่อถอดผลึกออกระดับแสงจะลดลง หากระดับแสงเหลือ 0 จะไม่สามารถฝังประดับได้)	พลังที่ได้เมื่อฝังประดับ	
3336	Intervene Crystal Lv.6	เมื่อเลเวลเครื่องประดับถึง Lv.91 ขึ้นไปสามารถนำมาฝังประดับเพื่อเสริมพลังได้\n(แนะนำ: เมื่อถอดผลึกออกระดับแสงจะลดลง หากระดับแสงเหลือ 0 จะไม่สามารถฝังประดับได้)	พลังที่ได้เมื่อฝังประดับ	
3337	War Crystal Lv.7	เมื่อเลเวลอาวุธกันถึง Lv.101 ขึ้นไปสามารถนำมาฝังประดับเพื่อเสริมพลังได้\n(แนะนำ: เมื่อถอดผลึกออกระดับแสงจะลดลง หากระดับแสงเหลือ 0 จะไม่สามารถฝังประดับได้)	พลังที่ได้เมื่อฝังประดับ	
3338	Flame Crystal Lv.7	เมื่อเลเวลอาวุธกันถึง Lv.101 ขึ้นไปสามารถนำมาฝังประดับเพื่อเสริมพลังได้\n(แนะนำ: เมื่อถอดผลึกออกระดับแสงจะลดลง หากระดับแสงเหลือ 0 จะไม่สามารถฝังประดับได้)	พลังที่ได้เมื่อฝังประดับ	
3339	Turmoil Crystal Lv.7	เมื่อเลเวลอาวุธกันถึง Lv.101 ขึ้นไปสามารถนำมาฝังประดับเพื่อเสริมพลังได้\n(แนะนำ: เมื่อถอดผลึกออกระดับแสงจะลดลง หากระดับแสงเหลือ 0 จะไม่สามารถฝังประดับได้)	พลังที่ได้เมื่อฝังประดับ	
3340	Wrangle Crystal Lv.7	เมื่อเลเวลอาวุธกันถึง Lv.101 ขึ้นไปสามารถนำมาฝังประดับเพื่อเสริมพลังได้\n(แนะนำ: เมื่อถอดผลึกออกระดับแสงจะลดลง หากระดับแสงเหลือ 0 จะไม่สามารถฝังประดับได้)	พลังที่ได้เมื่อฝังประดับ	
3341	Justice Crystal Lv.7	เมื่อเลเวลอาวุธกันถึง Lv.101 ขึ้นไปสามารถนำมาฝังประดับเพื่อเสริมพลังได้\n(แนะนำ: เมื่อถอดผลึกออกระดับแสงจะลดลง หากระดับแสงเหลือ 0 จะไม่สามารถฝังประดับได้)	พลังที่ได้เมื่อฝังประดับ	
3342	Weapon Crystal Lv.7	เมื่อเลเวลอาวุธกันถึง Lv.101 ขึ้นไปสามารถนำมาฝังประดับเพื่อเสริมพลังได้\n(แนะนำ: เมื่อถอดผลึกออกระดับแสงจะลดลง หากระดับแสงเหลือ 0 จะไม่สามารถฝังประดับได้)	พลังที่ได้เมื่อฝังประดับ	
3343	Wrestle Crystal Lv.7	เมื่อเลเวลอาวุธกันถึง Lv.101 ขึ้นไปสามารถนำมาฝังประดับเพื่อเสริมพลังได้\n(แนะนำ: เมื่อถอดผลึกออกระดับแสงจะลดลง หากระดับแสงเหลือ 0 จะไม่สามารถฝังประดับได้)	พลังที่ได้เมื่อฝังประดับ	
3344	Confrontation Crystal Lv.7	เมื่อเลเวลอาวุธกันถึง Lv.101 ขึ้นไปสามารถนำมาฝังประดับเพื่อเสริมพลังได้\n(แนะนำ: เมื่อถอดผลึกออกระดับแสงจะลดลง หากระดับแสงเหลือ 0 จะไม่สามารถฝังประดับได้)	พลังที่ได้เมื่อฝังประดับ	
3345	Outcome Crystal Lv.7	เมื่อเลเวลอาวุธกันถึง Lv.101 ขึ้นไปสามารถนำมาฝังประดับเพื่อเสริมพลังได้\n(แนะนำ: เมื่อถอดผลึกออกระดับแสงจะลดลง หากระดับแสงเหลือ 0 จะไม่สามารถฝังประดับได้)	พลังที่ได้เมื่อฝังประดับ	
3346	Declare War Crystal Lv.7	เมื่อเลเวลอาวุธกันถึง Lv.101 ขึ้นไปสามารถนำมาฝังประดับเพื่อเสริมพลังได้\n(แนะนำ: เมื่อถอดผลึกออกระดับแสงจะลดลง หากระดับแสงเหลือ 0 จะไม่สามารถฝังประดับได้)	พลังที่ได้เมื่อฝังประดับ	
3347	Coercion Crystal Lv.7	เมื่อเลเวลอาวุธกันถึง Lv.101 ขึ้นไปสามารถนำมาฝังประดับเพื่อเสริมพลังได้\n(แนะนำ: เมื่อถอดผลึกออกระดับแสงจะลดลง หากระดับแสงเหลือ 0 จะไม่สามารถฝังประดับได้)	พลังที่ได้เมื่อฝังประดับ	
3348	Horror Crystal Lv.7	เมื่อเลเวลอาวุธกันถึง Lv.101 ขึ้นไปสามารถนำมาฝังประดับเพื่อเสริมพลังได้\n(แนะนำ: เมื่อถอดผลึกออกระดับแสงจะลดลง หากระดับแสงเหลือ 0 จะไม่สามารถฝังประดับได้)	พลังที่ได้เมื่อฝังประดับ	
3349	Tight Crystal Lv.7	เมื่อเลเวลอาวุธกันถึง Lv.101 ขึ้นไปสามารถนำมาฝังประดับเพื่อเสริมพลังได้\n(แนะนำ: เมื่อถอดผลึกออกระดับแสงจะลดลง หากระดับแสงเหลือ 0 จะไม่สามารถฝังประดับได้)	พลังที่ได้เมื่อฝังประดับ	
3350	Violence Crystal Lv.7	เมื่อเลเวลอาวุธกันถึง Lv.101 ขึ้นไปสามารถนำมาฝังประดับเพื่อเสริมพลังได้\n(แนะนำ: เมื่อถอดผลึกออกระดับแสงจะลดลง หากระดับแสงเหลือ 0 จะไม่สามารถฝังประดับได้)	พลังที่ได้เมื่อฝังประดับ	
3351	Blood Crystal Lv.7	เมื่อเลเวลอาวุธกันถึง Lv.101 ขึ้นไปสามารถนำมาฝังประดับเพื่อเสริมพลังได้\n(แนะนำ: เมื่อถอดผลึกออกระดับแสงจะลดลง หากระดับแสงเหลือ 0 จะไม่สามารถฝังประดับได้)	พลังที่ได้เมื่อฝังประดับ	
3352	Madness Crystal Lv.7	เมื่อเลเวลอาวุธกันถึง Lv.101 ขึ้นไปสามารถนำมาฝังประดับเพื่อเสริมพลังได้\n(แนะนำ: เมื่อถอดผลึกออกระดับแสงจะลดลง หากระดับแสงเหลือ 0 จะไม่สามารถฝังประดับได้)	พลังที่ได้เมื่อฝังประดับ	
3353	Poor Soldier Crystal Lv.7	เมื่อเลเวลอาวุธกันถึง Lv.101 ขึ้นไปสามารถนำมาฝังประดับเพื่อเสริมพลังได้\n(แนะนำ: เมื่อถอดผลึกออกระดับแสงจะลดลง หากระดับแสงเหลือ 0 จะไม่สามารถฝังประดับได้)	พลังที่ได้เมื่อฝังประดับ	
3354	Biochemistry Crystal Lv.7	เมื่อเลเวลอาวุธกันถึง Lv.101 ขึ้นไปสามารถนำมาฝังประดับเพื่อเสริมพลังได้\n(แนะนำ: เมื่อถอดผลึกออกระดับแสงจะลดลง หากระดับแสงเหลือ 0 จะไม่สามารถฝังประดับได้)	พลังที่ได้เมื่อฝังประดับ	
3355	Kill Crystal Lv.7	เมื่อเลเวลอาวุธกันถึง Lv.101 ขึ้นไปสามารถนำมาฝังประดับเพื่อเสริมพลังได้\n(แนะนำ: เมื่อถอดผลึกออกระดับแสงจะลดลง หากระดับแสงเหลือ 0 จะไม่สามารถฝังประดับได้)	พลังที่ได้เมื่อฝังประดับ	
3356	Defeat Crystal Lv.7	เมื่อเลเวลอาวุธกันถึง Lv.101 ขึ้นไปสามารถนำมาฝังประดับเพื่อเสริมพลังได้\n(แนะนำ: เมื่อถอดผลึกออกระดับแสงจะลดลง หากระดับแสงเหลือ 0 จะไม่สามารถฝังประดับได้)	พลังที่ได้เมื่อฝังประดับ	
3357	Modivid Crystal Lv.7	เมื่อเลเวลเครื่องป้องกันถึง Lv.101 ขึ้นไปสามารถนำมาฝังประดับเพื่อเสริมพลังได้\n(แนะนำ: เมื่อถอดผลึกออกระดับแสงจะลดลง หากระดับแสงเหลือ 0 จะไม่สามารถฝังประดับได้)	พลังที่ได้เมื่อฝังประดับ	
3358	Protect Crystal Lv.7	เมื่อเลเวลเครื่องป้องกันถึง Lv.101 ขึ้นไปสามารถนำมาฝังประดับเพื่อเสริมพลังได้\n(แนะนำ: เมื่อถอดผลึกออกระดับแสงจะลดลง หากระดับแสงเหลือ 0 จะไม่สามารถฝังประดับได้)	พลังที่ได้เมื่อฝังประดับ	
3359	Fort Crystal Lv.7	เมื่อเลเวลเครื่องป้องกันถึง Lv.101 ขึ้นไปสามารถนำมาฝังประดับเพื่อเสริมพลังได้\n(แนะนำ: เมื่อถอดผลึกออกระดับแสงจะลดลง หากระดับแสงเหลือ 0 จะไม่สามารถฝังประดับได้)	พลังที่ได้เมื่อฝังประดับ	
3360	Imperial Crystal Lv.7	เมื่อเลเวลเครื่องป้องกันถึง Lv.101 ขึ้นไปสามารถนำมาฝังประดับเพื่อเสริมพลังได้\n(แนะนำ: เมื่อถอดผลึกออกระดับแสงจะลดลง หากระดับแสงเหลือ 0 จะไม่สามารถฝังประดับได้)	พลังที่ได้เมื่อฝังประดับ	
3361	Aversion Crystal Lv.7	เมื่อเลเวลเครื่องป้องกันถึง Lv.101 ขึ้นไปสามารถนำมาฝังประดับเพื่อเสริมพลังได้\n(แนะนำ: เมื่อถอดผลึกออกระดับแสงจะลดลง หากระดับแสงเหลือ 0 จะไม่สามารถฝังประดับได้)	พลังที่ได้เมื่อฝังประดับ	
3362	Cache Crystal Lv.7	เมื่อเลเวลเครื่องป้องกันถึง Lv.101 ขึ้นไปสามารถนำมาฝังประดับเพื่อเสริมพลังได้\n(แนะนำ: เมื่อถอดผลึกออกระดับแสงจะลดลง หากระดับแสงเหลือ 0 จะไม่สามารถฝังประดับได้)	พลังที่ได้เมื่อฝังประดับ	
3363	Predator Crystal Lv.7	เมื่อเลเวลเครื่องป้องกันถึง Lv.101 ขึ้นไปสามารถนำมาฝังประดับเพื่อเสริมพลังได้\n(แนะนำ: เมื่อถอดผลึกออกระดับแสงจะลดลง หากระดับแสงเหลือ 0 จะไม่สามารถฝังประดับได้)	พลังที่ได้เมื่อฝังประดับ	
3364	Cushion Crystal Lv.7	เมื่อเลเวลเครื่องป้องกันถึง Lv.101 ขึ้นไปสามารถนำมาฝังประดับเพื่อเสริมพลังได้\n(แนะนำ: เมื่อถอดผลึกออกระดับแสงจะลดลง หากระดับแสงเหลือ 0 จะไม่สามารถฝังประดับได้)	พลังที่ได้เมื่อฝังประดับ	
3365	Warn Crystal Lv.7	เมื่อเลเวลเครื่องป้องกันถึง Lv.101 ขึ้นไปสามารถนำมาฝังประดับเพื่อเสริมพลังได้\n(แนะนำ: เมื่อถอดผลึกออกระดับแสงจะลดลง หากระดับแสงเหลือ 0 จะไม่สามารถฝังประดับได้)	พลังที่ได้เมื่อฝังประดับ	
3366	Monitoring Crystal Lv.7	เมื่อเลเวลเครื่องป้องกันถึง Lv.101 ขึ้นไปสามารถนำมาฝังประดับเพื่อเสริมพลังได้\n(แนะนำ: เมื่อถอดผลึกออกระดับแสงจะลดลง หากระดับแสงเหลือ 0 จะไม่สามารถฝังประดับได้)	พลังที่ได้เมื่อฝังประดับ	
3367	Guard Crystal Lv.7	เมื่อเลเวลเครื่องป้องกันถึง Lv.101 ขึ้นไปสามารถนำมาฝังประดับเพื่อเสริมพลังได้\n(แนะนำ: เมื่อถอดผลึกออกระดับแสงจะลดลง หากระดับแสงเหลือ 0 จะไม่สามารถฝังประดับได้)	พลังที่ได้เมื่อฝังประดับ	
3368	Appease Crystal Lv.7	เมื่อเลเวลเครื่องป้องกันถึง Lv.101 ขึ้นไปสามารถนำมาฝังประดับเพื่อเสริมพลังได้\n(แนะนำ: เมื่อถอดผลึกออกระดับแสงจะลดลง หากระดับแสงเหลือ 0 จะไม่สามารถฝังประดับได้)	พลังที่ได้เมื่อฝังประดับ	
3369	Thunder Crystal Lv.7	เมื่อเลเวลเครื่องป้องกันถึง Lv.101 ขึ้นไปสามารถนำมาฝังประดับเพื่อเสริมพลังได้\n(แนะนำ: เมื่อถอดผลึกออกระดับแสงจะลดลง หากระดับแสงเหลือ 0 จะไม่สามารถฝังประดับได้)	พลังที่ได้เมื่อฝังประดับ	
3370	Sanction Crystal Lv.7	เมื่อเลเวลเครื่องป้องกันถึง Lv.101 ขึ้นไปสามารถนำมาฝังประดับเพื่อเสริมพลังได้\n(แนะนำ: เมื่อถอดผลึกออกระดับแสงจะลดลง หากระดับแสงเหลือ 0 จะไม่สามารถฝังประดับได้)	พลังที่ได้เมื่อฝังประดับ	
3371	Territory Crystal Lv.7	เมื่อเลเวลเครื่องป้องกันถึง Lv.101 ขึ้นไปสามารถนำมาฝังประดับเพื่อเสริมพลังได้\n(แนะนำ: เมื่อถอดผลึกออกระดับแสงจะลดลง หากระดับแสงเหลือ 0 จะไม่สามารถฝังประดับได้)	พลังที่ได้เมื่อฝังประดับ	
3372	Lockout Crystal Lv.7	เมื่อเลเวลเครื่องป้องกันถึง Lv.101 ขึ้นไปสามารถนำมาฝังประดับเพื่อเสริมพลังได้\n(แนะนำ: เมื่อถอดผลึกออกระดับแสงจะลดลง หากระดับแสงเหลือ 0 จะไม่สามารถฝังประดับได้)	พลังที่ได้เมื่อฝังประดับ	
3373	Chain Ring Crystal Lv.7	เมื่อเลเวลเครื่องป้องกันถึง Lv.101 ขึ้นไปสามารถนำมาฝังประดับเพื่อเสริมพลังได้\n(แนะนำ: เมื่อถอดผลึกออกระดับแสงจะลดลง หากระดับแสงเหลือ 0 จะไม่สามารถฝังประดับได้)	พลังที่ได้เมื่อฝังประดับ	
3374	One Heart Crystal Lv.7	เมื่อเลเวลเครื่องป้องกันถึง Lv.101 ขึ้นไปสามารถนำมาฝังประดับเพื่อเสริมพลังได้\n(แนะนำ: เมื่อถอดผลึกออกระดับแสงจะลดลง หากระดับแสงเหลือ 0 จะไม่สามารถฝังประดับได้)	พลังที่ได้เมื่อฝังประดับ	
3375	Border Crystal Lv.7	เมื่อเลเวลเครื่องป้องกันถึง Lv.101 ขึ้นไปสามารถนำมาฝังประดับเพื่อเสริมพลังได้\n(แนะนำ: เมื่อถอดผลึกออกระดับแสงจะลดลง หากระดับแสงเหลือ 0 จะไม่สามารถฝังประดับได้)	พลังที่ได้เมื่อฝังประดับ	
3376	Wilderness Crystal Lv.7	เมื่อเลเวลเครื่องป้องกันถึง Lv.101 ขึ้นไปสามารถนำมาฝังประดับเพื่อเสริมพลังได้\n(แนะนำ: เมื่อถอดผลึกออกระดับแสงจะลดลง หากระดับแสงเหลือ 0 จะไม่สามารถฝังประดับได้)	พลังที่ได้เมื่อฝังประดับ	
3377	Improve Crystal Lv.7	เมื่อเลเวลเครื่องประดับถึง Lv.101 ขึ้นไปสามารถนำมาฝังประดับเพื่อเสริมพลังได้\n(แนะนำ: เมื่อถอดผลึกออกระดับแสงจะลดลง หากระดับแสงเหลือ 0 จะไม่สามารถฝังประดับได้)	พลังที่ได้เมื่อฝังประดับ	
3378	Familiar Crystal Lv.7	เมื่อเลเวลเครื่องประดับถึง Lv.101 ขึ้นไปสามารถนำมาฝังประดับเพื่อเสริมพลังได้\n(แนะนำ: เมื่อถอดผลึกออกระดับแสงจะลดลง หากระดับแสงเหลือ 0 จะไม่สามารถฝังประดับได้)	พลังที่ได้เมื่อฝังประดับ	
3379	Fracture Crystal Lv.7	เมื่อเลเวลเครื่องประดับถึง Lv.101 ขึ้นไปสามารถนำมาฝังประดับเพื่อเสริมพลังได้\n(แนะนำ: เมื่อถอดผลึกออกระดับแสงจะลดลง หากระดับแสงเหลือ 0 จะไม่สามารถฝังประดับได้)	พลังที่ได้เมื่อฝังประดับ	
3380	Security Crystal Lv.7	เมื่อเลเวลเครื่องประดับถึง Lv.101 ขึ้นไปสามารถนำมาฝังประดับเพื่อเสริมพลังได้\n(แนะนำ: เมื่อถอดผลึกออกระดับแสงจะลดลง หากระดับแสงเหลือ 0 จะไม่สามารถฝังประดับได้)	พลังที่ได้เมื่อฝังประดับ	
3381	Ministry Crystal Lv.7	เมื่อเลเวลเครื่องประดับถึง Lv.101 ขึ้นไปสามารถนำมาฝังประดับเพื่อเสริมพลังได้\n(แนะนำ: เมื่อถอดผลึกออกระดับแสงจะลดลง หากระดับแสงเหลือ 0 จะไม่สามารถฝังประดับได้)	พลังที่ได้เมื่อฝังประดับ	
3382	Compete Crystal Lv.7	เมื่อเลเวลเครื่องประดับถึง Lv.101 ขึ้นไปสามารถนำมาฝังประดับเพื่อเสริมพลังได้\n(แนะนำ: เมื่อถอดผลึกออกระดับแสงจะลดลง หากระดับแสงเหลือ 0 จะไม่สามารถฝังประดับได้)	พลังที่ได้เมื่อฝังประดับ	
3383	Calm Crystal Lv.7	เมื่อเลเวลเครื่องประดับถึง Lv.101 ขึ้นไปสามารถนำมาฝังประดับเพื่อเสริมพลังได้\n(แนะนำ: เมื่อถอดผลึกออกระดับแสงจะลดลง หากระดับแสงเหลือ 0 จะไม่สามารถฝังประดับได้)	พลังที่ได้เมื่อฝังประดับ	
3384	Guide Crystal Lv.7	เมื่อเลเวลเครื่องประดับถึง Lv.101 ขึ้นไปสามารถนำมาฝังประดับเพื่อเสริมพลังได้\n(แนะนำ: เมื่อถอดผลึกออกระดับแสงจะลดลง หากระดับแสงเหลือ 0 จะไม่สามารถฝังประดับได้)	พลังที่ได้เมื่อฝังประดับ	
3385	Safe Crystal Lv.7	เมื่อเลเวลเครื่องประดับถึง Lv.101 ขึ้นไปสามารถนำมาฝังประดับเพื่อเสริมพลังได้\n(แนะนำ: เมื่อถอดผลึกออกระดับแสงจะลดลง หากระดับแสงเหลือ 0 จะไม่สามารถฝังประดับได้)	พลังที่ได้เมื่อฝังประดับ	
3386	Inspiration Crystal Lv.7	เมื่อเลเวลเครื่องประดับถึง Lv.101 ขึ้นไปสามารถนำมาฝังประดับเพื่อเสริมพลังได้\n(แนะนำ: เมื่อถอดผลึกออกระดับแสงจะลดลง หากระดับแสงเหลือ 0 จะไม่สามารถฝังประดับได้)	พลังที่ได้เมื่อฝังประดับ	
3387	Sober Crystal Lv.7	เมื่อเลเวลเครื่องประดับถึง Lv.101 ขึ้นไปสามารถนำมาฝังประดับเพื่อเสริมพลังได้\n(แนะนำ: เมื่อถอดผลึกออกระดับแสงจะลดลง หากระดับแสงเหลือ 0 จะไม่สามารถฝังประดับได้)	พลังที่ได้เมื่อฝังประดับ	
3388	Silent Crystal Lv.7	เมื่อเลเวลเครื่องประดับถึง Lv.101 ขึ้นไปสามารถนำมาฝังประดับเพื่อเสริมพลังได้\n(แนะนำ: เมื่อถอดผลึกออกระดับแสงจะลดลง หากระดับแสงเหลือ 0 จะไม่สามารถฝังประดับได้)	พลังที่ได้เมื่อฝังประดับ	
3389	Superiority Crystal Lv.7	เมื่อเลเวลเครื่องประดับถึง Lv.101 ขึ้นไปสามารถนำมาฝังประดับเพื่อเสริมพลังได้\n(แนะนำ: เมื่อถอดผลึกออกระดับแสงจะลดลง หากระดับแสงเหลือ 0 จะไม่สามารถฝังประดับได้)	พลังที่ได้เมื่อฝังประดับ	
3390	Curtain Night Crystal Lv.7	เมื่อเลเวลเครื่องประดับถึง Lv.101 ขึ้นไปสามารถนำมาฝังประดับเพื่อเสริมพลังได้\n(แนะนำ: เมื่อถอดผลึกออกระดับแสงจะลดลง หากระดับแสงเหลือ 0 จะไม่สามารถฝังประดับได้)	พลังที่ได้เมื่อฝังประดับ	
3391	Hope Crystal Lv.7	เมื่อเลเวลเครื่องประดับถึง Lv.101 ขึ้นไปสามารถนำมาฝังประดับเพื่อเสริมพลังได้\n(แนะนำ: เมื่อถอดผลึกออกระดับแสงจะลดลง หากระดับแสงเหลือ 0 จะไม่สามารถฝังประดับได้)	พลังที่ได้เมื่อฝังประดับ	
3392	Support Crystal Lv.7	เมื่อเลเวลเครื่องประดับถึง Lv.101 ขึ้นไปสามารถนำมาฝังประดับเพื่อเสริมพลังได้\n(แนะนำ: เมื่อถอดผลึกออกระดับแสงจะลดลง หากระดับแสงเหลือ 0 จะไม่สามารถฝังประดับได้)	พลังที่ได้เมื่อฝังประดับ	
3393	Eternal Crystal Lv.7	เมื่อเลเวลเครื่องประดับถึง Lv.101 ขึ้นไปสามารถนำมาฝังประดับเพื่อเสริมพลังได้\n(แนะนำ: เมื่อถอดผลึกออกระดับแสงจะลดลง หากระดับแสงเหลือ 0 จะไม่สามารถฝังประดับได้)	พลังที่ได้เมื่อฝังประดับ	
3394	Intervene Crystal Lv.7	เมื่อเลเวลเครื่องประดับถึง Lv.101 ขึ้นไปสามารถนำมาฝังประดับเพื่อเสริมพลังได้\n(แนะนำ: เมื่อถอดผลึกออกระดับแสงจะลดลง หากระดับแสงเหลือ 0 จะไม่สามารถฝังประดับได้)	พลังที่ได้เมื่อฝังประดับ	
3395	War Crystal Lv.8	เมื่อเลเวลอาวุธกันถึง Lv.111 ขึ้นไปสามารถนำมาฝังประดับเพื่อเสริมพลังได้\n(แนะนำ: เมื่อถอดผลึกออกระดับแสงจะลดลง หากระดับแสงเหลือ 0 จะไม่สามารถฝังประดับได้)	พลังที่ได้เมื่อฝังประดับ	
3396	Flame Crystal Lv.8	เมื่อเลเวลอาวุธกันถึง Lv.111 ขึ้นไปสามารถนำมาฝังประดับเพื่อเสริมพลังได้\n(แนะนำ: เมื่อถอดผลึกออกระดับแสงจะลดลง หากระดับแสงเหลือ 0 จะไม่สามารถฝังประดับได้)	พลังที่ได้เมื่อฝังประดับ	
3397	Turmoil Crystal Lv.8	เมื่อเลเวลอาวุธกันถึง Lv.111 ขึ้นไปสามารถนำมาฝังประดับเพื่อเสริมพลังได้\n(แนะนำ: เมื่อถอดผลึกออกระดับแสงจะลดลง หากระดับแสงเหลือ 0 จะไม่สามารถฝังประดับได้)	พลังที่ได้เมื่อฝังประดับ	
3398	Wrangle Crystal Lv.8	เมื่อเลเวลอาวุธกันถึง Lv.111 ขึ้นไปสามารถนำมาฝังประดับเพื่อเสริมพลังได้\n(แนะนำ: เมื่อถอดผลึกออกระดับแสงจะลดลง หากระดับแสงเหลือ 0 จะไม่สามารถฝังประดับได้)	พลังที่ได้เมื่อฝังประดับ	
3399	Justice Crystal Lv.8	เมื่อเลเวลอาวุธกันถึง Lv.111 ขึ้นไปสามารถนำมาฝังประดับเพื่อเสริมพลังได้\n(แนะนำ: เมื่อถอดผลึกออกระดับแสงจะลดลง หากระดับแสงเหลือ 0 จะไม่สามารถฝังประดับได้)	พลังที่ได้เมื่อฝังประดับ	
3400	Weapon Crystal Lv.8	เมื่อเลเวลอาวุธกันถึง Lv.111 ขึ้นไปสามารถนำมาฝังประดับเพื่อเสริมพลังได้\n(แนะนำ: เมื่อถอดผลึกออกระดับแสงจะลดลง หากระดับแสงเหลือ 0 จะไม่สามารถฝังประดับได้)	พลังที่ได้เมื่อฝังประดับ	
3401	Wrestle Crystal Lv.8	เมื่อเลเวลอาวุธกันถึง Lv.111 ขึ้นไปสามารถนำมาฝังประดับเพื่อเสริมพลังได้\n(แนะนำ: เมื่อถอดผลึกออกระดับแสงจะลดลง หากระดับแสงเหลือ 0 จะไม่สามารถฝังประดับได้)	พลังที่ได้เมื่อฝังประดับ	
3402	Confrontation Crystal Lv.8	เมื่อเลเวลอาวุธกันถึง Lv.111 ขึ้นไปสามารถนำมาฝังประดับเพื่อเสริมพลังได้\n(แนะนำ: เมื่อถอดผลึกออกระดับแสงจะลดลง หากระดับแสงเหลือ 0 จะไม่สามารถฝังประดับได้)	พลังที่ได้เมื่อฝังประดับ	
3403	Outcome Crystal Lv.8	เมื่อเลเวลอาวุธกันถึง Lv.111 ขึ้นไปสามารถนำมาฝังประดับเพื่อเสริมพลังได้\n(แนะนำ: เมื่อถอดผลึกออกระดับแสงจะลดลง หากระดับแสงเหลือ 0 จะไม่สามารถฝังประดับได้)	พลังที่ได้เมื่อฝังประดับ	
3404	Declare War Crystal Lv.8	เมื่อเลเวลอาวุธกันถึง Lv.111 ขึ้นไปสามารถนำมาฝังประดับเพื่อเสริมพลังได้\n(แนะนำ: เมื่อถอดผลึกออกระดับแสงจะลดลง หากระดับแสงเหลือ 0 จะไม่สามารถฝังประดับได้)	พลังที่ได้เมื่อฝังประดับ	
3405	Coercion Crystal Lv.8	เมื่อเลเวลอาวุธกันถึง Lv.111 ขึ้นไปสามารถนำมาฝังประดับเพื่อเสริมพลังได้\n(แนะนำ: เมื่อถอดผลึกออกระดับแสงจะลดลง หากระดับแสงเหลือ 0 จะไม่สามารถฝังประดับได้)	พลังที่ได้เมื่อฝังประดับ	
3406	Horror Crystal Lv.8	เมื่อเลเวลอาวุธกันถึง Lv.111 ขึ้นไปสามารถนำมาฝังประดับเพื่อเสริมพลังได้\n(แนะนำ: เมื่อถอดผลึกออกระดับแสงจะลดลง หากระดับแสงเหลือ 0 จะไม่สามารถฝังประดับได้)	พลังที่ได้เมื่อฝังประดับ	
3407	Tight Crystal Lv.8	เมื่อเลเวลอาวุธกันถึง Lv.111 ขึ้นไปสามารถนำมาฝังประดับเพื่อเสริมพลังได้\n(แนะนำ: เมื่อถอดผลึกออกระดับแสงจะลดลง หากระดับแสงเหลือ 0 จะไม่สามารถฝังประดับได้)	พลังที่ได้เมื่อฝังประดับ	
3408	Violence Crystal Lv.8	เมื่อเลเวลอาวุธกันถึง Lv.111 ขึ้นไปสามารถนำมาฝังประดับเพื่อเสริมพลังได้\n(แนะนำ: เมื่อถอดผลึกออกระดับแสงจะลดลง หากระดับแสงเหลือ 0 จะไม่สามารถฝังประดับได้)	พลังที่ได้เมื่อฝังประดับ	
3409	Blood Crystal Lv.8	เมื่อเลเวลอาวุธกันถึง Lv.111 ขึ้นไปสามารถนำมาฝังประดับเพื่อเสริมพลังได้\n(แนะนำ: เมื่อถอดผลึกออกระดับแสงจะลดลง หากระดับแสงเหลือ 0 จะไม่สามารถฝังประดับได้)	พลังที่ได้เมื่อฝังประดับ	
3410	Madness Crystal Lv.8	เมื่อเลเวลอาวุธกันถึง Lv.111 ขึ้นไปสามารถนำมาฝังประดับเพื่อเสริมพลังได้\n(แนะนำ: เมื่อถอดผลึกออกระดับแสงจะลดลง หากระดับแสงเหลือ 0 จะไม่สามารถฝังประดับได้)	พลังที่ได้เมื่อฝังประดับ	
3411	Poor Soldier Crystal Lv.8	เมื่อเลเวลอาวุธกันถึง Lv.111 ขึ้นไปสามารถนำมาฝังประดับเพื่อเสริมพลังได้\n(แนะนำ: เมื่อถอดผลึกออกระดับแสงจะลดลง หากระดับแสงเหลือ 0 จะไม่สามารถฝังประดับได้)	พลังที่ได้เมื่อฝังประดับ	
3412	Biochemistry Crystal Lv.8	เมื่อเลเวลอาวุธกันถึง Lv.111 ขึ้นไปสามารถนำมาฝังประดับเพื่อเสริมพลังได้\n(แนะนำ: เมื่อถอดผลึกออกระดับแสงจะลดลง หากระดับแสงเหลือ 0 จะไม่สามารถฝังประดับได้)	พลังที่ได้เมื่อฝังประดับ	
3413	Kill Crystal Lv.8	เมื่อเลเวลอาวุธกันถึง Lv.111 ขึ้นไปสามารถนำมาฝังประดับเพื่อเสริมพลังได้\n(แนะนำ: เมื่อถอดผลึกออกระดับแสงจะลดลง หากระดับแสงเหลือ 0 จะไม่สามารถฝังประดับได้)	พลังที่ได้เมื่อฝังประดับ	
3414	Defeat Crystal Lv.8	เมื่อเลเวลอาวุธกันถึง Lv.111 ขึ้นไปสามารถนำมาฝังประดับเพื่อเสริมพลังได้\n(แนะนำ: เมื่อถอดผลึกออกระดับแสงจะลดลง หากระดับแสงเหลือ 0 จะไม่สามารถฝังประดับได้)	พลังที่ได้เมื่อฝังประดับ	
3415	Modivid Crystal Lv.8	เมื่อเลเวลเครื่องป้องกันถึง Lv.111 ขึ้นไปสามารถนำมาฝังประดับเพื่อเสริมพลังได้\n(แนะนำ: เมื่อถอดผลึกออกระดับแสงจะลดลง หากระดับแสงเหลือ 0 จะไม่สามารถฝังประดับได้)	พลังที่ได้เมื่อฝังประดับ	
3416	Protect Crystal Lv.8	เมื่อเลเวลเครื่องป้องกันถึง Lv.111 ขึ้นไปสามารถนำมาฝังประดับเพื่อเสริมพลังได้\n(แนะนำ: เมื่อถอดผลึกออกระดับแสงจะลดลง หากระดับแสงเหลือ 0 จะไม่สามารถฝังประดับได้)	พลังที่ได้เมื่อฝังประดับ	
3417	Fort Crystal Lv.8	เมื่อเลเวลเครื่องป้องกันถึง Lv.111 ขึ้นไปสามารถนำมาฝังประดับเพื่อเสริมพลังได้\n(แนะนำ: เมื่อถอดผลึกออกระดับแสงจะลดลง หากระดับแสงเหลือ 0 จะไม่สามารถฝังประดับได้)	พลังที่ได้เมื่อฝังประดับ	
3418	Imperial Crystal Lv.8	เมื่อเลเวลเครื่องป้องกันถึง Lv.111 ขึ้นไปสามารถนำมาฝังประดับเพื่อเสริมพลังได้\n(แนะนำ: เมื่อถอดผลึกออกระดับแสงจะลดลง หากระดับแสงเหลือ 0 จะไม่สามารถฝังประดับได้)	พลังที่ได้เมื่อฝังประดับ	
3419	Aversion Crystal Lv.8	เมื่อเลเวลเครื่องป้องกันถึง Lv.111 ขึ้นไปสามารถนำมาฝังประดับเพื่อเสริมพลังได้\n(แนะนำ: เมื่อถอดผลึกออกระดับแสงจะลดลง หากระดับแสงเหลือ 0 จะไม่สามารถฝังประดับได้)	พลังที่ได้เมื่อฝังประดับ	
3420	Cache Crystal Lv.8	เมื่อเลเวลเครื่องป้องกันถึง Lv.111 ขึ้นไปสามารถนำมาฝังประดับเพื่อเสริมพลังได้\n(แนะนำ: เมื่อถอดผลึกออกระดับแสงจะลดลง หากระดับแสงเหลือ 0 จะไม่สามารถฝังประดับได้)	พลังที่ได้เมื่อฝังประดับ	
3421	Predator Crystal Lv.8	เมื่อเลเวลเครื่องป้องกันถึง Lv.111 ขึ้นไปสามารถนำมาฝังประดับเพื่อเสริมพลังได้\n(แนะนำ: เมื่อถอดผลึกออกระดับแสงจะลดลง หากระดับแสงเหลือ 0 จะไม่สามารถฝังประดับได้)	พลังที่ได้เมื่อฝังประดับ	
3422	Cushion Crystal Lv.8	เมื่อเลเวลเครื่องป้องกันถึง Lv.111 ขึ้นไปสามารถนำมาฝังประดับเพื่อเสริมพลังได้\n(แนะนำ: เมื่อถอดผลึกออกระดับแสงจะลดลง หากระดับแสงเหลือ 0 จะไม่สามารถฝังประดับได้)	พลังที่ได้เมื่อฝังประดับ	
3423	Warn Crystal Lv.8	เมื่อเลเวลเครื่องป้องกันถึง Lv.111 ขึ้นไปสามารถนำมาฝังประดับเพื่อเสริมพลังได้\n(แนะนำ: เมื่อถอดผลึกออกระดับแสงจะลดลง หากระดับแสงเหลือ 0 จะไม่สามารถฝังประดับได้)	พลังที่ได้เมื่อฝังประดับ	
3424	Monitoring Crystal Lv.8	เมื่อเลเวลเครื่องป้องกันถึง Lv.111 ขึ้นไปสามารถนำมาฝังประดับเพื่อเสริมพลังได้\n(แนะนำ: เมื่อถอดผลึกออกระดับแสงจะลดลง หากระดับแสงเหลือ 0 จะไม่สามารถฝังประดับได้)	พลังที่ได้เมื่อฝังประดับ	
3425	Guard Crystal Lv.8	เมื่อเลเวลเครื่องป้องกันถึง Lv.111 ขึ้นไปสามารถนำมาฝังประดับเพื่อเสริมพลังได้\n(แนะนำ: เมื่อถอดผลึกออกระดับแสงจะลดลง หากระดับแสงเหลือ 0 จะไม่สามารถฝังประดับได้)	พลังที่ได้เมื่อฝังประดับ	
3426	Appease Crystal Lv.8	เมื่อเลเวลเครื่องป้องกันถึง Lv.111 ขึ้นไปสามารถนำมาฝังประดับเพื่อเสริมพลังได้\n(แนะนำ: เมื่อถอดผลึกออกระดับแสงจะลดลง หากระดับแสงเหลือ 0 จะไม่สามารถฝังประดับได้)	พลังที่ได้เมื่อฝังประดับ	
3427	Thunder Crystal Lv.8	เมื่อเลเวลเครื่องป้องกันถึง Lv.111 ขึ้นไปสามารถนำมาฝังประดับเพื่อเสริมพลังได้\n(แนะนำ: เมื่อถอดผลึกออกระดับแสงจะลดลง หากระดับแสงเหลือ 0 จะไม่สามารถฝังประดับได้)	พลังที่ได้เมื่อฝังประดับ	
3428	Sanction Crystal Lv.8	เมื่อเลเวลเครื่องป้องกันถึง Lv.111 ขึ้นไปสามารถนำมาฝังประดับเพื่อเสริมพลังได้\n(แนะนำ: เมื่อถอดผลึกออกระดับแสงจะลดลง หากระดับแสงเหลือ 0 จะไม่สามารถฝังประดับได้)	พลังที่ได้เมื่อฝังประดับ	
3429	Territory Crystal Lv.8	เมื่อเลเวลเครื่องป้องกันถึง Lv.111 ขึ้นไปสามารถนำมาฝังประดับเพื่อเสริมพลังได้\n(แนะนำ: เมื่อถอดผลึกออกระดับแสงจะลดลง หากระดับแสงเหลือ 0 จะไม่สามารถฝังประดับได้)	พลังที่ได้เมื่อฝังประดับ	
3430	Lockout Crystal Lv.8	เมื่อเลเวลเครื่องป้องกันถึง Lv.111 ขึ้นไปสามารถนำมาฝังประดับเพื่อเสริมพลังได้\n(แนะนำ: เมื่อถอดผลึกออกระดับแสงจะลดลง หากระดับแสงเหลือ 0 จะไม่สามารถฝังประดับได้)	พลังที่ได้เมื่อฝังประดับ	
3431	Chain Ring Crystal Lv.8	เมื่อเลเวลเครื่องป้องกันถึง Lv.111 ขึ้นไปสามารถนำมาฝังประดับเพื่อเสริมพลังได้\n(แนะนำ: เมื่อถอดผลึกออกระดับแสงจะลดลง หากระดับแสงเหลือ 0 จะไม่สามารถฝังประดับได้)	พลังที่ได้เมื่อฝังประดับ	
3432	One Heart Crystal Lv.8	เมื่อเลเวลเครื่องป้องกันถึง Lv.111 ขึ้นไปสามารถนำมาฝังประดับเพื่อเสริมพลังได้\n(แนะนำ: เมื่อถอดผลึกออกระดับแสงจะลดลง หากระดับแสงเหลือ 0 จะไม่สามารถฝังประดับได้)	พลังที่ได้เมื่อฝังประดับ	
3433	Border Crystal Lv.8	เมื่อเลเวลเครื่องป้องกันถึง Lv.111 ขึ้นไปสามารถนำมาฝังประดับเพื่อเสริมพลังได้\n(แนะนำ: เมื่อถอดผลึกออกระดับแสงจะลดลง หากระดับแสงเหลือ 0 จะไม่สามารถฝังประดับได้)	พลังที่ได้เมื่อฝังประดับ	
3434	Wilderness Crystal Lv.8	เมื่อเลเวลเครื่องป้องกันถึง Lv.111 ขึ้นไปสามารถนำมาฝังประดับเพื่อเสริมพลังได้\n(แนะนำ: เมื่อถอดผลึกออกระดับแสงจะลดลง หากระดับแสงเหลือ 0 จะไม่สามารถฝังประดับได้)	พลังที่ได้เมื่อฝังประดับ	
3435	Improve Crystal Lv.8	เมื่อเลเวลเครื่องประดับถึง Lv.111 ขึ้นไปสามารถนำมาฝังประดับเพื่อเสริมพลังได้\n(แนะนำ: เมื่อถอดผลึกออกระดับแสงจะลดลง หากระดับแสงเหลือ 0 จะไม่สามารถฝังประดับได้)	พลังที่ได้เมื่อฝังประดับ	
3436	Familiar Crystal Lv.8	เมื่อเลเวลเครื่องประดับถึง Lv.111 ขึ้นไปสามารถนำมาฝังประดับเพื่อเสริมพลังได้\n(แนะนำ: เมื่อถอดผลึกออกระดับแสงจะลดลง หากระดับแสงเหลือ 0 จะไม่สามารถฝังประดับได้)	พลังที่ได้เมื่อฝังประดับ	
3437	Fracture Crystal Lv.8	เมื่อเลเวลเครื่องประดับถึง Lv.111 ขึ้นไปสามารถนำมาฝังประดับเพื่อเสริมพลังได้\n(แนะนำ: เมื่อถอดผลึกออกระดับแสงจะลดลง หากระดับแสงเหลือ 0 จะไม่สามารถฝังประดับได้)	พลังที่ได้เมื่อฝังประดับ	
3438	Security Crystal Lv.8	เมื่อเลเวลเครื่องประดับถึง Lv.111 ขึ้นไปสามารถนำมาฝังประดับเพื่อเสริมพลังได้\n(แนะนำ: เมื่อถอดผลึกออกระดับแสงจะลดลง หากระดับแสงเหลือ 0 จะไม่สามารถฝังประดับได้)	พลังที่ได้เมื่อฝังประดับ	
3439	Ministry Crystal Lv.8	เมื่อเลเวลเครื่องประดับถึง Lv.111 ขึ้นไปสามารถนำมาฝังประดับเพื่อเสริมพลังได้\n(แนะนำ: เมื่อถอดผลึกออกระดับแสงจะลดลง หากระดับแสงเหลือ 0 จะไม่สามารถฝังประดับได้)	พลังที่ได้เมื่อฝังประดับ	
3440	Compete Crystal Lv.8	เมื่อเลเวลเครื่องประดับถึง Lv.111 ขึ้นไปสามารถนำมาฝังประดับเพื่อเสริมพลังได้\n(แนะนำ: เมื่อถอดผลึกออกระดับแสงจะลดลง หากระดับแสงเหลือ 0 จะไม่สามารถฝังประดับได้)	พลังที่ได้เมื่อฝังประดับ	
3441	Calm Crystal Lv.8	เมื่อเลเวลเครื่องประดับถึง Lv.111 ขึ้นไปสามารถนำมาฝังประดับเพื่อเสริมพลังได้\n(แนะนำ: เมื่อถอดผลึกออกระดับแสงจะลดลง หากระดับแสงเหลือ 0 จะไม่สามารถฝังประดับได้)	พลังที่ได้เมื่อฝังประดับ	
3442	Guide Crystal Lv.8	เมื่อเลเวลเครื่องประดับถึง Lv.111 ขึ้นไปสามารถนำมาฝังประดับเพื่อเสริมพลังได้\n(แนะนำ: เมื่อถอดผลึกออกระดับแสงจะลดลง หากระดับแสงเหลือ 0 จะไม่สามารถฝังประดับได้)	พลังที่ได้เมื่อฝังประดับ	
3443	Safe Crystal Lv.8	เมื่อเลเวลเครื่องประดับถึง Lv.111 ขึ้นไปสามารถนำมาฝังประดับเพื่อเสริมพลังได้\n(แนะนำ: เมื่อถอดผลึกออกระดับแสงจะลดลง หากระดับแสงเหลือ 0 จะไม่สามารถฝังประดับได้)	พลังที่ได้เมื่อฝังประดับ	
3444	Inspiration Crystal Lv.8	เมื่อเลเวลเครื่องประดับถึง Lv.111 ขึ้นไปสามารถนำมาฝังประดับเพื่อเสริมพลังได้\n(แนะนำ: เมื่อถอดผลึกออกระดับแสงจะลดลง หากระดับแสงเหลือ 0 จะไม่สามารถฝังประดับได้)	พลังที่ได้เมื่อฝังประดับ	
3445	Sober Crystal Lv.8	เมื่อเลเวลเครื่องประดับถึง Lv.111 ขึ้นไปสามารถนำมาฝังประดับเพื่อเสริมพลังได้\n(แนะนำ: เมื่อถอดผลึกออกระดับแสงจะลดลง หากระดับแสงเหลือ 0 จะไม่สามารถฝังประดับได้)	พลังที่ได้เมื่อฝังประดับ	
3446	Silent Crystal Lv.8	เมื่อเลเวลเครื่องประดับถึง Lv.111 ขึ้นไปสามารถนำมาฝังประดับเพื่อเสริมพลังได้\n(แนะนำ: เมื่อถอดผลึกออกระดับแสงจะลดลง หากระดับแสงเหลือ 0 จะไม่สามารถฝังประดับได้)	พลังที่ได้เมื่อฝังประดับ	
3447	Superiority Crystal Lv.8	เมื่อเลเวลเครื่องประดับถึง Lv.111 ขึ้นไปสามารถนำมาฝังประดับเพื่อเสริมพลังได้\n(แนะนำ: เมื่อถอดผลึกออกระดับแสงจะลดลง หากระดับแสงเหลือ 0 จะไม่สามารถฝังประดับได้)	พลังที่ได้เมื่อฝังประดับ	
3448	Curtain Night Crystal Lv.8	เมื่อเลเวลเครื่องประดับถึง Lv.111 ขึ้นไปสามารถนำมาฝังประดับเพื่อเสริมพลังได้\n(แนะนำ: เมื่อถอดผลึกออกระดับแสงจะลดลง หากระดับแสงเหลือ 0 จะไม่สามารถฝังประดับได้)	พลังที่ได้เมื่อฝังประดับ	
3449	Hope Crystal Lv.8	เมื่อเลเวลเครื่องประดับถึง Lv.111 ขึ้นไปสามารถนำมาฝังประดับเพื่อเสริมพลังได้\n(แนะนำ: เมื่อถอดผลึกออกระดับแสงจะลดลง หากระดับแสงเหลือ 0 จะไม่สามารถฝังประดับได้)	พลังที่ได้เมื่อฝังประดับ	
3450	Support Crystal Lv.8	เมื่อเลเวลเครื่องประดับถึง Lv.111 ขึ้นไปสามารถนำมาฝังประดับเพื่อเสริมพลังได้\n(แนะนำ: เมื่อถอดผลึกออกระดับแสงจะลดลง หากระดับแสงเหลือ 0 จะไม่สามารถฝังประดับได้)	พลังที่ได้เมื่อฝังประดับ	
3451	Eternal Crystal Lv.8	เมื่อเลเวลเครื่องประดับถึง Lv.111 ขึ้นไปสามารถนำมาฝังประดับเพื่อเสริมพลังได้\n(แนะนำ: เมื่อถอดผลึกออกระดับแสงจะลดลง หากระดับแสงเหลือ 0 จะไม่สามารถฝังประดับได้)	พลังที่ได้เมื่อฝังประดับ	
3452	Intervene Crystal Lv.8	เมื่อเลเวลเครื่องประดับถึง Lv.111 ขึ้นไปสามารถนำมาฝังประดับเพื่อเสริมพลังได้\n(แนะนำ: เมื่อถอดผลึกออกระดับแสงจะลดลง หากระดับแสงเหลือ 0 จะไม่สามารถฝังประดับได้)	พลังที่ได้เมื่อฝังประดับ	
3453	War Crystal Lv.9	เมื่อเลเวลอาวุธกันถึง Lv.121 ขึ้นไปสามารถนำมาฝังประดับเพื่อเสริมพลังได้\n(แนะนำ: เมื่อถอดผลึกออกระดับแสงจะลดลง หากระดับแสงเหลือ 0 จะไม่สามารถฝังประดับได้)	พลังที่ได้เมื่อฝังประดับ	
3454	Flame Crystal Lv.9	เมื่อเลเวลอาวุธกันถึง Lv.121 ขึ้นไปสามารถนำมาฝังประดับเพื่อเสริมพลังได้\n(แนะนำ: เมื่อถอดผลึกออกระดับแสงจะลดลง หากระดับแสงเหลือ 0 จะไม่สามารถฝังประดับได้)	พลังที่ได้เมื่อฝังประดับ	
3455	Turmoil Crystal Lv.9	เมื่อเลเวลอาวุธกันถึง Lv.121 ขึ้นไปสามารถนำมาฝังประดับเพื่อเสริมพลังได้\n(แนะนำ: เมื่อถอดผลึกออกระดับแสงจะลดลง หากระดับแสงเหลือ 0 จะไม่สามารถฝังประดับได้)	พลังที่ได้เมื่อฝังประดับ	
3456	Wrangle Crystal Lv.9	เมื่อเลเวลอาวุธกันถึง Lv.121 ขึ้นไปสามารถนำมาฝังประดับเพื่อเสริมพลังได้\n(แนะนำ: เมื่อถอดผลึกออกระดับแสงจะลดลง หากระดับแสงเหลือ 0 จะไม่สามารถฝังประดับได้)	พลังที่ได้เมื่อฝังประดับ	
3457	Justice Crystal Lv.9	เมื่อเลเวลอาวุธกันถึง Lv.121 ขึ้นไปสามารถนำมาฝังประดับเพื่อเสริมพลังได้\n(แนะนำ: เมื่อถอดผลึกออกระดับแสงจะลดลง หากระดับแสงเหลือ 0 จะไม่สามารถฝังประดับได้)	พลังที่ได้เมื่อฝังประดับ	
3458	Weapon Crystal Lv.9	เมื่อเลเวลอาวุธกันถึง Lv.121 ขึ้นไปสามารถนำมาฝังประดับเพื่อเสริมพลังได้\n(แนะนำ: เมื่อถอดผลึกออกระดับแสงจะลดลง หากระดับแสงเหลือ 0 จะไม่สามารถฝังประดับได้)	พลังที่ได้เมื่อฝังประดับ	
3459	Wrestle Crystal Lv.9	เมื่อเลเวลอาวุธกันถึง Lv.121 ขึ้นไปสามารถนำมาฝังประดับเพื่อเสริมพลังได้\n(แนะนำ: เมื่อถอดผลึกออกระดับแสงจะลดลง หากระดับแสงเหลือ 0 จะไม่สามารถฝังประดับได้)	พลังที่ได้เมื่อฝังประดับ	
3460	Confrontation Crystal Lv.9	เมื่อเลเวลอาวุธกันถึง Lv.121 ขึ้นไปสามารถนำมาฝังประดับเพื่อเสริมพลังได้\n(แนะนำ: เมื่อถอดผลึกออกระดับแสงจะลดลง หากระดับแสงเหลือ 0 จะไม่สามารถฝังประดับได้)	พลังที่ได้เมื่อฝังประดับ	
3461	Outcome Crystal Lv.9	เมื่อเลเวลอาวุธกันถึง Lv.121 ขึ้นไปสามารถนำมาฝังประดับเพื่อเสริมพลังได้\n(แนะนำ: เมื่อถอดผลึกออกระดับแสงจะลดลง หากระดับแสงเหลือ 0 จะไม่สามารถฝังประดับได้)	พลังที่ได้เมื่อฝังประดับ	
3462	Declare War Crystal Lv.9	เมื่อเลเวลอาวุธกันถึง Lv.121 ขึ้นไปสามารถนำมาฝังประดับเพื่อเสริมพลังได้\n(แนะนำ: เมื่อถอดผลึกออกระดับแสงจะลดลง หากระดับแสงเหลือ 0 จะไม่สามารถฝังประดับได้)	พลังที่ได้เมื่อฝังประดับ	
3463	Coercion Crystal Lv.9	เมื่อเลเวลอาวุธกันถึง Lv.121 ขึ้นไปสามารถนำมาฝังประดับเพื่อเสริมพลังได้\n(แนะนำ: เมื่อถอดผลึกออกระดับแสงจะลดลง หากระดับแสงเหลือ 0 จะไม่สามารถฝังประดับได้)	พลังที่ได้เมื่อฝังประดับ	
3464	Horror Crystal Lv.9	เมื่อเลเวลอาวุธกันถึง Lv.121 ขึ้นไปสามารถนำมาฝังประดับเพื่อเสริมพลังได้\n(แนะนำ: เมื่อถอดผลึกออกระดับแสงจะลดลง หากระดับแสงเหลือ 0 จะไม่สามารถฝังประดับได้)	พลังที่ได้เมื่อฝังประดับ	
3465	Tight Crystal Lv.9	เมื่อเลเวลอาวุธกันถึง Lv.121 ขึ้นไปสามารถนำมาฝังประดับเพื่อเสริมพลังได้\n(แนะนำ: เมื่อถอดผลึกออกระดับแสงจะลดลง หากระดับแสงเหลือ 0 จะไม่สามารถฝังประดับได้)	พลังที่ได้เมื่อฝังประดับ	
3466	Violence Crystal Lv.9	เมื่อเลเวลอาวุธกันถึง Lv.121 ขึ้นไปสามารถนำมาฝังประดับเพื่อเสริมพลังได้\n(แนะนำ: เมื่อถอดผลึกออกระดับแสงจะลดลง หากระดับแสงเหลือ 0 จะไม่สามารถฝังประดับได้)	พลังที่ได้เมื่อฝังประดับ	
3467	Blood Crystal Lv.9	เมื่อเลเวลอาวุธกันถึง Lv.121 ขึ้นไปสามารถนำมาฝังประดับเพื่อเสริมพลังได้\n(แนะนำ: เมื่อถอดผลึกออกระดับแสงจะลดลง หากระดับแสงเหลือ 0 จะไม่สามารถฝังประดับได้)	พลังที่ได้เมื่อฝังประดับ	
3468	Madness Crystal Lv.9	เมื่อเลเวลอาวุธกันถึง Lv.121 ขึ้นไปสามารถนำมาฝังประดับเพื่อเสริมพลังได้\n(แนะนำ: เมื่อถอดผลึกออกระดับแสงจะลดลง หากระดับแสงเหลือ 0 จะไม่สามารถฝังประดับได้)	พลังที่ได้เมื่อฝังประดับ	
3469	Poor Soldier Crystal Lv.9	เมื่อเลเวลอาวุธกันถึง Lv.121 ขึ้นไปสามารถนำมาฝังประดับเพื่อเสริมพลังได้\n(แนะนำ: เมื่อถอดผลึกออกระดับแสงจะลดลง หากระดับแสงเหลือ 0 จะไม่สามารถฝังประดับได้)	พลังที่ได้เมื่อฝังประดับ	
3470	Biochemistry Crystal Lv.9	เมื่อเลเวลอาวุธกันถึง Lv.121 ขึ้นไปสามารถนำมาฝังประดับเพื่อเสริมพลังได้\n(แนะนำ: เมื่อถอดผลึกออกระดับแสงจะลดลง หากระดับแสงเหลือ 0 จะไม่สามารถฝังประดับได้)	พลังที่ได้เมื่อฝังประดับ	
3471	Kill Crystal Lv.9	เมื่อเลเวลอาวุธกันถึง Lv.121 ขึ้นไปสามารถนำมาฝังประดับเพื่อเสริมพลังได้\n(แนะนำ: เมื่อถอดผลึกออกระดับแสงจะลดลง หากระดับแสงเหลือ 0 จะไม่สามารถฝังประดับได้)	พลังที่ได้เมื่อฝังประดับ	
3472	Defeat Crystal Lv.9	เมื่อเลเวลอาวุธกันถึง Lv.121 ขึ้นไปสามารถนำมาฝังประดับเพื่อเสริมพลังได้\n(แนะนำ: เมื่อถอดผลึกออกระดับแสงจะลดลง หากระดับแสงเหลือ 0 จะไม่สามารถฝังประดับได้)	พลังที่ได้เมื่อฝังประดับ	
3473	Modivid Crystal Lv.9	เมื่อเลเวลเครื่องป้องกันถึง Lv.121 ขึ้นไปสามารถนำมาฝังประดับเพื่อเสริมพลังได้\n(แนะนำ: เมื่อถอดผลึกออกระดับแสงจะลดลง หากระดับแสงเหลือ 0 จะไม่สามารถฝังประดับได้)	พลังที่ได้เมื่อฝังประดับ	
3474	Protect Crystal Lv.9	เมื่อเลเวลเครื่องป้องกันถึง Lv.121 ขึ้นไปสามารถนำมาฝังประดับเพื่อเสริมพลังได้\n(แนะนำ: เมื่อถอดผลึกออกระดับแสงจะลดลง หากระดับแสงเหลือ 0 จะไม่สามารถฝังประดับได้)	พลังที่ได้เมื่อฝังประดับ	
3475	Fort Crystal Lv.9	เมื่อเลเวลเครื่องป้องกันถึง Lv.121 ขึ้นไปสามารถนำมาฝังประดับเพื่อเสริมพลังได้\n(แนะนำ: เมื่อถอดผลึกออกระดับแสงจะลดลง หากระดับแสงเหลือ 0 จะไม่สามารถฝังประดับได้)	พลังที่ได้เมื่อฝังประดับ	
3476	Imperial Crystal Lv.9	เมื่อเลเวลเครื่องป้องกันถึง Lv.121 ขึ้นไปสามารถนำมาฝังประดับเพื่อเสริมพลังได้\n(แนะนำ: เมื่อถอดผลึกออกระดับแสงจะลดลง หากระดับแสงเหลือ 0 จะไม่สามารถฝังประดับได้)	พลังที่ได้เมื่อฝังประดับ	
3477	Aversion Crystal Lv.9	เมื่อเลเวลเครื่องป้องกันถึง Lv.121 ขึ้นไปสามารถนำมาฝังประดับเพื่อเสริมพลังได้\n(แนะนำ: เมื่อถอดผลึกออกระดับแสงจะลดลง หากระดับแสงเหลือ 0 จะไม่สามารถฝังประดับได้)	พลังที่ได้เมื่อฝังประดับ	
3478	Cache Crystal Lv.9	เมื่อเลเวลเครื่องป้องกันถึง Lv.121 ขึ้นไปสามารถนำมาฝังประดับเพื่อเสริมพลังได้\n(แนะนำ: เมื่อถอดผลึกออกระดับแสงจะลดลง หากระดับแสงเหลือ 0 จะไม่สามารถฝังประดับได้)	พลังที่ได้เมื่อฝังประดับ	
3479	Predator Crystal Lv.9	เมื่อเลเวลเครื่องป้องกันถึง Lv.121 ขึ้นไปสามารถนำมาฝังประดับเพื่อเสริมพลังได้\n(แนะนำ: เมื่อถอดผลึกออกระดับแสงจะลดลง หากระดับแสงเหลือ 0 จะไม่สามารถฝังประดับได้)	พลังที่ได้เมื่อฝังประดับ	
3480	Cushion Crystal Lv.9	เมื่อเลเวลเครื่องป้องกันถึง Lv.121 ขึ้นไปสามารถนำมาฝังประดับเพื่อเสริมพลังได้\n(แนะนำ: เมื่อถอดผลึกออกระดับแสงจะลดลง หากระดับแสงเหลือ 0 จะไม่สามารถฝังประดับได้)	พลังที่ได้เมื่อฝังประดับ	
3481	Warn Crystal Lv.9	เมื่อเลเวลเครื่องป้องกันถึง Lv.121 ขึ้นไปสามารถนำมาฝังประดับเพื่อเสริมพลังได้\n(แนะนำ: เมื่อถอดผลึกออกระดับแสงจะลดลง หากระดับแสงเหลือ 0 จะไม่สามารถฝังประดับได้)	พลังที่ได้เมื่อฝังประดับ	
3482	Monitoring Crystal Lv.9	เมื่อเลเวลเครื่องป้องกันถึง Lv.121 ขึ้นไปสามารถนำมาฝังประดับเพื่อเสริมพลังได้\n(แนะนำ: เมื่อถอดผลึกออกระดับแสงจะลดลง หากระดับแสงเหลือ 0 จะไม่สามารถฝังประดับได้)	พลังที่ได้เมื่อฝังประดับ	
3483	Guard Crystal Lv.9	เมื่อเลเวลเครื่องป้องกันถึง Lv.121 ขึ้นไปสามารถนำมาฝังประดับเพื่อเสริมพลังได้\n(แนะนำ: เมื่อถอดผลึกออกระดับแสงจะลดลง หากระดับแสงเหลือ 0 จะไม่สามารถฝังประดับได้)	พลังที่ได้เมื่อฝังประดับ	
3484	Appease Crystal Lv.9	เมื่อเลเวลเครื่องป้องกันถึง Lv.121 ขึ้นไปสามารถนำมาฝังประดับเพื่อเสริมพลังได้\n(แนะนำ: เมื่อถอดผลึกออกระดับแสงจะลดลง หากระดับแสงเหลือ 0 จะไม่สามารถฝังประดับได้)	พลังที่ได้เมื่อฝังประดับ	
3485	Thunder Crystal Lv.9	เมื่อเลเวลเครื่องป้องกันถึง Lv.121 ขึ้นไปสามารถนำมาฝังประดับเพื่อเสริมพลังได้\n(แนะนำ: เมื่อถอดผลึกออกระดับแสงจะลดลง หากระดับแสงเหลือ 0 จะไม่สามารถฝังประดับได้)	พลังที่ได้เมื่อฝังประดับ	
3486	Sanction Crystal Lv.9	เมื่อเลเวลเครื่องป้องกันถึง Lv.121 ขึ้นไปสามารถนำมาฝังประดับเพื่อเสริมพลังได้\n(แนะนำ: เมื่อถอดผลึกออกระดับแสงจะลดลง หากระดับแสงเหลือ 0 จะไม่สามารถฝังประดับได้)	พลังที่ได้เมื่อฝังประดับ	
3487	Territory Crystal Lv.9	เมื่อเลเวลเครื่องป้องกันถึง Lv.121 ขึ้นไปสามารถนำมาฝังประดับเพื่อเสริมพลังได้\n(แนะนำ: เมื่อถอดผลึกออกระดับแสงจะลดลง หากระดับแสงเหลือ 0 จะไม่สามารถฝังประดับได้)	พลังที่ได้เมื่อฝังประดับ	
3488	Lockout Crystal Lv.9	เมื่อเลเวลเครื่องป้องกันถึง Lv.121 ขึ้นไปสามารถนำมาฝังประดับเพื่อเสริมพลังได้\n(แนะนำ: เมื่อถอดผลึกออกระดับแสงจะลดลง หากระดับแสงเหลือ 0 จะไม่สามารถฝังประดับได้)	พลังที่ได้เมื่อฝังประดับ	
3489	Chain Ring Crystal Lv.9	เมื่อเลเวลเครื่องป้องกันถึง Lv.121 ขึ้นไปสามารถนำมาฝังประดับเพื่อเสริมพลังได้\n(แนะนำ: เมื่อถอดผลึกออกระดับแสงจะลดลง หากระดับแสงเหลือ 0 จะไม่สามารถฝังประดับได้)	พลังที่ได้เมื่อฝังประดับ	
3490	One Heart Crystal Lv.9	เมื่อเลเวลเครื่องป้องกันถึง Lv.121 ขึ้นไปสามารถนำมาฝังประดับเพื่อเสริมพลังได้\n(แนะนำ: เมื่อถอดผลึกออกระดับแสงจะลดลง หากระดับแสงเหลือ 0 จะไม่สามารถฝังประดับได้)	พลังที่ได้เมื่อฝังประดับ	
3491	Border Crystal Lv.9	เมื่อเลเวลเครื่องป้องกันถึง Lv.121 ขึ้นไปสามารถนำมาฝังประดับเพื่อเสริมพลังได้\n(แนะนำ: เมื่อถอดผลึกออกระดับแสงจะลดลง หากระดับแสงเหลือ 0 จะไม่สามารถฝังประดับได้)	พลังที่ได้เมื่อฝังประดับ	
3492	Wilderness Crystal Lv.9	เมื่อเลเวลเครื่องป้องกันถึง Lv.121 ขึ้นไปสามารถนำมาฝังประดับเพื่อเสริมพลังได้\n(แนะนำ: เมื่อถอดผลึกออกระดับแสงจะลดลง หากระดับแสงเหลือ 0 จะไม่สามารถฝังประดับได้)	พลังที่ได้เมื่อฝังประดับ	
3493	Improve Crystal Lv.9	เมื่อเลเวลเครื่องประดับถึง Lv.121 ขึ้นไปสามารถนำมาฝังประดับเพื่อเสริมพลังได้\n(แนะนำ: เมื่อถอดผลึกออกระดับแสงจะลดลง หากระดับแสงเหลือ 0 จะไม่สามารถฝังประดับได้)	พลังที่ได้เมื่อฝังประดับ	
3494	Familiar Crystal Lv.9	เมื่อเลเวลเครื่องประดับถึง Lv.121 ขึ้นไปสามารถนำมาฝังประดับเพื่อเสริมพลังได้\n(แนะนำ: เมื่อถอดผลึกออกระดับแสงจะลดลง หากระดับแสงเหลือ 0 จะไม่สามารถฝังประดับได้)	พลังที่ได้เมื่อฝังประดับ	
3495	Fracture Crystal Lv.9	เมื่อเลเวลเครื่องประดับถึง Lv.121 ขึ้นไปสามารถนำมาฝังประดับเพื่อเสริมพลังได้\n(แนะนำ: เมื่อถอดผลึกออกระดับแสงจะลดลง หากระดับแสงเหลือ 0 จะไม่สามารถฝังประดับได้)	พลังที่ได้เมื่อฝังประดับ	
3496	Security Crystal Lv.9	เมื่อเลเวลเครื่องประดับถึง Lv.121 ขึ้นไปสามารถนำมาฝังประดับเพื่อเสริมพลังได้\n(แนะนำ: เมื่อถอดผลึกออกระดับแสงจะลดลง หากระดับแสงเหลือ 0 จะไม่สามารถฝังประดับได้)	พลังที่ได้เมื่อฝังประดับ	
3497	Ministry Crystal Lv.9	เมื่อเลเวลเครื่องประดับถึง Lv.121 ขึ้นไปสามารถนำมาฝังประดับเพื่อเสริมพลังได้\n(แนะนำ: เมื่อถอดผลึกออกระดับแสงจะลดลง หากระดับแสงเหลือ 0 จะไม่สามารถฝังประดับได้)	พลังที่ได้เมื่อฝังประดับ	
3498	Compete Crystal Lv.9	เมื่อเลเวลเครื่องประดับถึง Lv.121 ขึ้นไปสามารถนำมาฝังประดับเพื่อเสริมพลังได้\n(แนะนำ: เมื่อถอดผลึกออกระดับแสงจะลดลง หากระดับแสงเหลือ 0 จะไม่สามารถฝังประดับได้)	พลังที่ได้เมื่อฝังประดับ	
3499	Calm Crystal Lv.9	เมื่อเลเวลเครื่องประดับถึง Lv.121 ขึ้นไปสามารถนำมาฝังประดับเพื่อเสริมพลังได้\n(แนะนำ: เมื่อถอดผลึกออกระดับแสงจะลดลง หากระดับแสงเหลือ 0 จะไม่สามารถฝังประดับได้)	พลังที่ได้เมื่อฝังประดับ	
3500	Guide Crystal Lv.9	เมื่อเลเวลเครื่องประดับถึง Lv.121 ขึ้นไปสามารถนำมาฝังประดับเพื่อเสริมพลังได้\n(แนะนำ: เมื่อถอดผลึกออกระดับแสงจะลดลง หากระดับแสงเหลือ 0 จะไม่สามารถฝังประดับได้)	พลังที่ได้เมื่อฝังประดับ	
3501	Safe Crystal Lv.9	เมื่อเลเวลเครื่องประดับถึง Lv.121 ขึ้นไปสามารถนำมาฝังประดับเพื่อเสริมพลังได้\n(แนะนำ: เมื่อถอดผลึกออกระดับแสงจะลดลง หากระดับแสงเหลือ 0 จะไม่สามารถฝังประดับได้)	พลังที่ได้เมื่อฝังประดับ	
3502	Inspiration Crystal Lv.9	เมื่อเลเวลเครื่องประดับถึง Lv.121 ขึ้นไปสามารถนำมาฝังประดับเพื่อเสริมพลังได้\n(แนะนำ: เมื่อถอดผลึกออกระดับแสงจะลดลง หากระดับแสงเหลือ 0 จะไม่สามารถฝังประดับได้)	พลังที่ได้เมื่อฝังประดับ	
3503	Sober Crystal Lv.9	เมื่อเลเวลเครื่องประดับถึง Lv.121 ขึ้นไปสามารถนำมาฝังประดับเพื่อเสริมพลังได้\n(แนะนำ: เมื่อถอดผลึกออกระดับแสงจะลดลง หากระดับแสงเหลือ 0 จะไม่สามารถฝังประดับได้)	พลังที่ได้เมื่อฝังประดับ	
3504	Silent Crystal Lv.9	เมื่อเลเวลเครื่องประดับถึง Lv.121 ขึ้นไปสามารถนำมาฝังประดับเพื่อเสริมพลังได้\n(แนะนำ: เมื่อถอดผลึกออกระดับแสงจะลดลง หากระดับแสงเหลือ 0 จะไม่สามารถฝังประดับได้)	พลังที่ได้เมื่อฝังประดับ	
3505	Superiority Crystal Lv.9	เมื่อเลเวลเครื่องประดับถึง Lv.121 ขึ้นไปสามารถนำมาฝังประดับเพื่อเสริมพลังได้\n(แนะนำ: เมื่อถอดผลึกออกระดับแสงจะลดลง หากระดับแสงเหลือ 0 จะไม่สามารถฝังประดับได้)	พลังที่ได้เมื่อฝังประดับ	
3506	Curtain Night Crystal Lv.9	เมื่อเลเวลเครื่องประดับถึง Lv.121 ขึ้นไปสามารถนำมาฝังประดับเพื่อเสริมพลังได้\n(แนะนำ: เมื่อถอดผลึกออกระดับแสงจะลดลง หากระดับแสงเหลือ 0 จะไม่สามารถฝังประดับได้)	พลังที่ได้เมื่อฝังประดับ	
3507	Hope Crystal Lv.9	เมื่อเลเวลเครื่องประดับถึง Lv.121 ขึ้นไปสามารถนำมาฝังประดับเพื่อเสริมพลังได้\n(แนะนำ: เมื่อถอดผลึกออกระดับแสงจะลดลง หากระดับแสงเหลือ 0 จะไม่สามารถฝังประดับได้)	พลังที่ได้เมื่อฝังประดับ	
3508	Support Crystal Lv.9	เมื่อเลเวลเครื่องประดับถึง Lv.121 ขึ้นไปสามารถนำมาฝังประดับเพื่อเสริมพลังได้\n(แนะนำ: เมื่อถอดผลึกออกระดับแสงจะลดลง หากระดับแสงเหลือ 0 จะไม่สามารถฝังประดับได้)	พลังที่ได้เมื่อฝังประดับ	
3509	Eternal Crystal Lv.9	เมื่อเลเวลเครื่องประดับถึง Lv.121 ขึ้นไปสามารถนำมาฝังประดับเพื่อเสริมพลังได้\n(แนะนำ: เมื่อถอดผลึกออกระดับแสงจะลดลง หากระดับแสงเหลือ 0 จะไม่สามารถฝังประดับได้)	พลังที่ได้เมื่อฝังประดับ	
3510	Intervene Crystal Lv.9	เมื่อเลเวลเครื่องประดับถึง Lv.121 ขึ้นไปสามารถนำมาฝังประดับเพื่อเสริมพลังได้\n(แนะนำ: เมื่อถอดผลึกออกระดับแสงจะลดลง หากระดับแสงเหลือ 0 จะไม่สามารถฝังประดับได้)	พลังที่ได้เมื่อฝังประดับ	
3511	Enticement Crystal Lv.1	เมื่อเลเวลเครื่องประดับถึง Lv.1 ขึ้นไปสามารถนำมาฝังประดับเพื่อเสริมพลังได้\n(แนะนำ: เมื่อถอดผลึกออกระดับแสงจะลดลง หากระดับแสงเหลือ 0 จะไม่สามารถฝังประดับได้)	พลังที่ได้เมื่อฝังประดับ	
3512	Instruction Crystal Lv.1	เมื่อเลเวลเครื่องประดับถึง Lv.1 ขึ้นไปสามารถนำมาฝังประดับเพื่อเสริมพลังได้\n(แนะนำ: เมื่อถอดผลึกออกระดับแสงจะลดลง หากระดับแสงเหลือ 0 จะไม่สามารถฝังประดับได้)	พลังที่ได้เมื่อฝังประดับ	
3513	Enticement Crystal Lv.2	เมื่อเลเวลเครื่องประดับถึง Lv.31 ขึ้นไปสามารถนำมาฝังประดับเพื่อเสริมพลังได้\n(แนะนำ: เมื่อถอดผลึกออกระดับแสงจะลดลง หากระดับแสงเหลือ 0 จะไม่สามารถฝังประดับได้)	พลังที่ได้เมื่อฝังประดับ	
3514	Instruction Crystal Lv.2	เมื่อเลเวลเครื่องประดับถึง Lv.31 ขึ้นไปสามารถนำมาฝังประดับเพื่อเสริมพลังได้\n(แนะนำ: เมื่อถอดผลึกออกระดับแสงจะลดลง หากระดับแสงเหลือ 0 จะไม่สามารถฝังประดับได้)	พลังที่ได้เมื่อฝังประดับ	
3515	Enticement Crystal Lv.3	เมื่อเลเวลเครื่องประดับถึง Lv.51 ขึ้นไปสามารถนำมาฝังประดับเพื่อเสริมพลังได้\n(แนะนำ: เมื่อถอดผลึกออกระดับแสงจะลดลง หากระดับแสงเหลือ 0 จะไม่สามารถฝังประดับได้)	พลังที่ได้เมื่อฝังประดับ	
3516	Instruction Crystal Lv.3	เมื่อเลเวลเครื่องประดับถึง Lv.51 ขึ้นไปสามารถนำมาฝังประดับเพื่อเสริมพลังได้\n(แนะนำ: เมื่อถอดผลึกออกระดับแสงจะลดลง หากระดับแสงเหลือ 0 จะไม่สามารถฝังประดับได้)	พลังที่ได้เมื่อฝังประดับ	
3517	Enticement Crystal Lv.4	เมื่อเลเวลเครื่องประดับถึง Lv.66 ขึ้นไปสามารถนำมาฝังประดับเพื่อเสริมพลังได้\n(แนะนำ: เมื่อถอดผลึกออกระดับแสงจะลดลง หากระดับแสงเหลือ 0 จะไม่สามารถฝังประดับได้)	พลังที่ได้เมื่อฝังประดับ	
3518	Instruction Crystal Lv.4	เมื่อเลเวลเครื่องประดับถึง Lv.66 ขึ้นไปสามารถนำมาฝังประดับเพื่อเสริมพลังได้\n(แนะนำ: เมื่อถอดผลึกออกระดับแสงจะลดลง หากระดับแสงเหลือ 0 จะไม่สามารถฝังประดับได้)	พลังที่ได้เมื่อฝังประดับ	
3519	Enticement Crystal Lv.5	เมื่อเลเวลเครื่องประดับถึง Lv.81 ขึ้นไปสามารถนำมาฝังประดับเพื่อเสริมพลังได้\n(แนะนำ: เมื่อถอดผลึกออกระดับแสงจะลดลง หากระดับแสงเหลือ 0 จะไม่สามารถฝังประดับได้)	พลังที่ได้เมื่อฝังประดับ	
3520	Instruction Crystal Lv.5	เมื่อเลเวลเครื่องประดับถึง Lv.81 ขึ้นไปสามารถนำมาฝังประดับเพื่อเสริมพลังได้\n(แนะนำ: เมื่อถอดผลึกออกระดับแสงจะลดลง หากระดับแสงเหลือ 0 จะไม่สามารถฝังประดับได้)	พลังที่ได้เมื่อฝังประดับ	
3521	Enticement Crystal Lv.6	เมื่อเลเวลเครื่องประดับถึง Lv.91 ขึ้นไปสามารถนำมาฝังประดับเพื่อเสริมพลังได้\n(แนะนำ: เมื่อถอดผลึกออกระดับแสงจะลดลง หากระดับแสงเหลือ 0 จะไม่สามารถฝังประดับได้)	พลังที่ได้เมื่อฝังประดับ	
3522	Instruction Crystal Lv.6	เมื่อเลเวลเครื่องประดับถึง Lv.91 ขึ้นไปสามารถนำมาฝังประดับเพื่อเสริมพลังได้\n(แนะนำ: เมื่อถอดผลึกออกระดับแสงจะลดลง หากระดับแสงเหลือ 0 จะไม่สามารถฝังประดับได้)	พลังที่ได้เมื่อฝังประดับ	
3523	Enticement Crystal Lv.7	เมื่อเลเวลเครื่องประดับถึง Lv.101 ขึ้นไปสามารถนำมาฝังประดับเพื่อเสริมพลังได้\n(แนะนำ: เมื่อถอดผลึกออกระดับแสงจะลดลง หากระดับแสงเหลือ 0 จะไม่สามารถฝังประดับได้)	พลังที่ได้เมื่อฝังประดับ	
3524	Instruction Crystal Lv.7	เมื่อเลเวลเครื่องประดับถึง Lv.101 ขึ้นไปสามารถนำมาฝังประดับเพื่อเสริมพลังได้\n(แนะนำ: เมื่อถอดผลึกออกระดับแสงจะลดลง หากระดับแสงเหลือ 0 จะไม่สามารถฝังประดับได้)	พลังที่ได้เมื่อฝังประดับ	
3525	Enticement Crystal Lv.8	เมื่อเลเวลเครื่องประดับถึง Lv.111 ขึ้นไปสามารถนำมาฝังประดับเพื่อเสริมพลังได้\n(แนะนำ: เมื่อถอดผลึกออกระดับแสงจะลดลง หากระดับแสงเหลือ 0 จะไม่สามารถฝังประดับได้)	พลังที่ได้เมื่อฝังประดับ	
3526	Instruction Crystal Lv.8	เมื่อเลเวลเครื่องประดับถึง Lv.111 ขึ้นไปสามารถนำมาฝังประดับเพื่อเสริมพลังได้\n(แนะนำ: เมื่อถอดผลึกออกระดับแสงจะลดลง หากระดับแสงเหลือ 0 จะไม่สามารถฝังประดับได้)	พลังที่ได้เมื่อฝังประดับ	
3527	Enticement Crystal Lv.9	เมื่อเลเวลเครื่องประดับถึง Lv.121 ขึ้นไปสามารถนำมาฝังประดับเพื่อเสริมพลังได้\n(แนะนำ: เมื่อถอดผลึกออกระดับแสงจะลดลง หากระดับแสงเหลือ 0 จะไม่สามารถฝังประดับได้)	พลังที่ได้เมื่อฝังประดับ	
3528	Instruction Crystal Lv.9	เมื่อเลเวลเครื่องประดับถึง Lv.121 ขึ้นไปสามารถนำมาฝังประดับเพื่อเสริมพลังได้\n(แนะนำ: เมื่อถอดผลึกออกระดับแสงจะลดลง หากระดับแสงเหลือ 0 จะไม่สามารถฝังประดับได้)	พลังที่ได้เมื่อฝังประดับ	
4901	Original Sin Power_Greed	เครื่องประดับสามารถฝังประดับไอเทมชิ้นนี้เพื่อเพิ่มอานุภาพ\n(แนะนำ: เมื่อถอดจะลดระดับแสง เมื่อระดับแสงเหลือ 0 จะไม่ทำการฝังประดับได้)	ฝังประดับเพิ่มอานุภาพ	เมื่อสูญเสียความศรัทธา ความโลภก็จะไม่มีผล ~~  Sea Phantom
4902	Original Sin Power_Greed	เครื่องประดับสามารถฝังประดับไอเทมชิ้นนี้เพื่อเพิ่มอานุภาพ\n(แนะนำ: เมื่อถอดจะลดระดับแสง เมื่อระดับแสงเหลือ 0 จะไม่ทำการฝังประดับได้)	ฝังประดับเพิ่มอานุภาพ	ไม่พอใจในสิ่งที่ตนมี ก็จงตามความฝันของตนต่อไป ~~  Sea Phantom
5001	Guawa Guess Fun	เกม Finger-Guessing ที่ฮิตกันอยู่ใน Guawa family  ทุกครั้งที่ชนะสามารถเลือกรางวัลที่ดีกว่าได้ ด่านทั้งหมดมี 10 ด่าน ยิ่งเข้าใกล้ด่านสุดท้ายเท่าไหร่รางวัลยิ่งดีขึ้นเท่านั้น!		คลิกขวาเปิดกิจกรรม
5501	Soul Companion Guide(Female)			ไกด์ค้นหาเพื่อนร่วมเดินทาง
5502	Soul Companion Guide(Male)			ไกด์ค้นหาเพื่อนร่วมเดินทาง
5503	Original Sin Stone	ผลึกพลังบาปกำเนิด มีความหมายพิเศษต่อเพนกวิ้น		
5504	Gladiator Cup	อยากเรียก [Coruno] เงื่อนไขที่ฝ่ายตรงข้ามเสนอ		
5505	Poseidon Jewelry	อยากเรียก [Jinbada] เงื่อนไขที่ฝ่ายตรงข้ามเสนอ		
5506	Navy Badge	อยากเรียก [Bear] เงื่อนไขที่ฝ่ายตรงข้ามเสนอ		
5507	Tank Core	อยากเรียก [Tuna] เงื่อนไขที่ฝ่ายตรงข้ามเสนอ		
5508	Family Relic	อยากเรียก [Caribbean] เงื่อนไขที่ฝ่ายตรงข้ามเสนอ		
5509	Fossil Teeth Necklace	อยากเรียก [Divinity] เงื่อนไขที่ฝ่ายตรงข้ามเสนอ		
5510	Sun God nuclear	อยากเรียก [meow] เงื่อนไขที่ฝ่ายตรงข้ามเสนอ		
5511	Holmes Telescope			เมื่อใช้สามารถค้นหาเบาะแสของเงินที่หายไปได้ เมื่อได้เบาะแสมาก็ออกตามหากันเลย!
5512	Holmes Telescope			เมื่อใช้สามารถค้นหาเบาะแสของเงินที่หายไปได้ เมื่อได้เบาะแสมาก็ออกตามหากันเลย!
5513	Holmes Telescope			เมื่อใช้สามารถค้นหาเบาะแสของเงินที่หายไปได้ เมื่อได้เบาะแสมาก็ออกตามหากันเลย!
5514	Holmes Telescope			เมื่อใช้สามารถค้นหาเบาะแสของเงินที่หายไปได้ เมื่อได้เบาะแสมาก็ออกตามหากันเลย!
5515	Holmes Telescope			เมื่อใช้สามารถค้นหาเบาะแสของเงินที่หายไปได้ เมื่อได้เบาะแสมาก็ออกตามหากันเลย!
5516	Pirates Chart	เขียนเบาะแสฐานทัพของโจรสลัดไว้		คลิกขวาเปิดภารกิจ
5517	Devil Broken Tooth	ไอเทมแห่งคำสาป มีพลังที่น่ากลัว		
5518	Tormentor Heart	แก่นเครื่องสวมใส่ขอ งEmpire of Mu เป็นส่วนที่สำคัญมาก		
5520	Warrior Way: Courtesy Volume			เมื่อใช้สามารถรับภารกิจได้!
5521	Warrior Way: Sincere Volume			เมื่อใช้สามารถรับภารกิจได้!
5522	Warrior Way: Reputation Volume			เมื่อใช้สามารถรับภารกิจได้!
5523	Warrior Way: Loyal Volume			เมื่อใช้สามารถรับภารกิจได้!
5524	Warrior Way: Subdue Volume			เมื่อใช้สามารถรับภารกิจได้!
5525	Wolf Soul: Hunting Chapter			เมื่อใช้สามารถรับภารกิจได้!
5526	Wolf Soul: Hunt Chapter			เมื่อใช้สามารถรับภารกิจได้!
5527	Wolf Soul: Mad Chapter			เมื่อใช้สามารถรับภารกิจได้!
5528	Wolf Soul: Turmoil Chapter			เมื่อใช้สามารถรับภารกิจได้!
5529	Wolf Soul: Fierce Chapter			เมื่อใช้สามารถรับภารกิจได้!
5530	Wolf Soul: Evil Chapter			เมื่อใช้สามารถรับภารกิจได้!
5531	Wolf Soul: Violent Chapter			เมื่อใช้สามารถรับภารกิจได้!
5532	Wolf Soul: Against Chapter			เมื่อใช้สามารถรับภารกิจได้!
5533	Wolf Soul: Free Chapter			เมื่อใช้สามารถรับภารกิจได้!
5534	Red Truth Rose			เมื่อใช้สามารถรับภารกิจได้!
5535	Sincerely White Lily			เมื่อใช้สามารถรับภารกิจได้!
5536	Companion Test Gauntlet			เมื่อใช้สามารถรับภารกิจได้!
5537	Companion Test Gauntlet			เมื่อใช้สามารถรับภารกิจได้!
5538	Wolf Soul: Fight Chapter			เมื่อใช้สามารถรับภารกิจได้!
5539	Wolf Soul: Battle Chapter			เมื่อใช้สามารถรับภารกิจได้!
5540	Letter To Santa 	รางวัลจากเพื่อนตัวน้อย		เมื่อใช้จะฟื้นฟูค่าขวัญ 10 แต้ม! 
5541	Passion Chocolate			เมื่อใช้สามารถรับภารกิจได้!
5542	Milk Chocolate			เมื่อใช้สามารถรับภารกิจได้!
5543	Dark Chocolate			เมื่อใช้สามารถรับภารกิจได้!
5544	Chocolate Fudge			เมื่อใช้สามารถรับภารกิจได้!
5545	Liqueur Chocolate			เมื่อใช้สามารถรับภารกิจได้!
5551	Salt	เมื่อนำไปรวมกับ 【Walrus Fat】 แล้วจะได้ของบางอย่างที่คาดไม่ถึง		
5552	Unknown Oil	เมื่อนำไปรวมกับ 【Walrus Fat】 แล้วจะได้ของบางอย่างที่คาดไม่ถึง		
5553	Color Deep Oil	เมื่อนำไปรวมกับ 【Walrus Fat】 แล้วจะได้ของบางอย่างที่คาดไม่ถึง		
5554	Cheap Oil	เมื่อนำไปรวมกับ 【Walrus Fat】 แล้วจะได้ของบางอย่างที่คาดไม่ถึง		
5555	Clean Oil	เมื่อนำไปรวมกับ 【Walrus Fat】 แล้วจะได้ของบางอย่างที่คาดไม่ถึง		
5601	Hammer of Judgment Treasure Trail			บันทึกเบาะแสของ [Hammer of Judgment] ไว้
5602	Poseidon servant Treasure Trail			บันทึกเบาะแสของ [Poseidon servant] ไว้
5603	Ancyn Grip Treasure Trail			บันทึกเบาะแสของ [Ancyn Grip] ไว้
5604	Lydiana Melody Treasure Trail			บันทึกเบาะแสของ [Lydiana Melody] ไว้
5605	Treasure Hunter Bag Treasure Trail			บันทึกเบาะแสของ [Treasure Hunter Bag] ไว้
5606	Night  Evilteeth Treasure Trail			บันทึกเบาะแสของ [Night  Evilteeth] ไว้
5607	Assault Boat Key Treasure Trail			บันทึกเบาะแสของ [Assault Boat Key] ไว้
5608	Judge Certificate Treasure Trail			บันทึกเบาะแสของ [Judge Certificate] ไว้
5609	Poseidon Instrument Treasure Trail			บันทึกเบาะแสของ [Poseidon Instrument] ไว้
5610	Companion Amaze Adventure			เมื่อใช้สามารถรับภารกิจได้!
5611	Companion Amaze Adventure			เมื่อใช้สามารถรับภารกิจได้!
5612	Companion Amaze Adventure			เมื่อใช้สามารถรับภารกิจได้!
5613	Companion Amaze Adventure			เมื่อใช้สามารถรับภารกิจได้!
6001	Micky	หนึ่งใน Guawa family  ไม่มีใครรู้ถึงประวัติของมัน แต่มีข้อหนึ่งที่สามารถระบุได้ คือ จะต้องมีความเกี่ยวข้องกับโพไซดอนอย่างแน่นอน ด้วยรูปร่างที่น่ารักของมัน ทำให้คนต่างชื่อชอบ แต่มันอันตรายมากนะ		คลิกขวาเรียกแล้ว จะมามาร่วมต่อสู้ด้วย
6002	M Gu	หนึ่งใน Guawa family  ไม่มีใครรู้ถึงประวัติของมัน แต่มีข้อหนึ่งที่สามารถระบุได้ คือ จะต้องมีความเกี่ยวข้องกับโพไซดอนอย่างแน่นอน ด้วยรูปร่างที่น่ารักของมัน ทำให้คนต่างชื่อชอบ แต่มันอันตรายมากนะ		เรียก [M Gu] มาร่วมต่อสู้ด้วย
6003	Purple Baby Tribe	บันทึกข้อมูลลูกเรือ เมื่อเรียกแล้วจะออกมาต่อสู้กับเจ้าของมัน		คลิกขวาเรียกแล้ว จะมามาร่วมต่อสู้ด้วย
6004	Ivah	หนึ่งใน Guawa family  ไม่มีใครรู้ถึงประวัติของมัน แต่มีข้อหนึ่งที่สามารถระบุได้ คือ จะต้องมีความเกี่ยวข้องกับโพไซดอนอย่างแน่นอน ด้วยรูปร่างที่น่ารักของมัน ทำให้คนต่างชื่อชอบ แต่มันอันตรายมากนะ		เรียก [Ivah] มาร่วมต่อสู้ด้วย
6005	Red Horn Pirates Group	บันทึกข้อมูลลูกเรือ เมื่อเรียกแล้วจะออกมาต่อสู้กับเจ้าของมัน		คลิกขวาเรียกแล้ว จะมามาร่วมต่อสู้ด้วย
6006	Walrus General	บันทึกข้อมูลลูกเรือ เมื่อเรียกแล้วจะออกมาต่อสู้กับเจ้าของมัน		คลิกขวาเรียกแล้ว จะมามาร่วมต่อสู้ด้วย
6007	Gobao	เพื่อปกป้องบ้านเกิด [Gobao] จึงเป็นทหารตั้งแต่ยังเด็ก ถึงจะตัวเล็ก แต่ฝีมือในการใช้ปืนเก่งกาจอย่าบอกใคร		เรียก [Gobao] มาร่วมต่อสู้ด้วย
6008	Skeleton Seaman	บันทึกข้อมูลลูกเรือ เมื่อเรียกแล้วจะออกมาต่อสู้กับเจ้าของมัน		คลิกขวาเรียกแล้ว จะมามาร่วมต่อสู้ด้วย
6009	Green scales pirates	บันทึกข้อมูลลูกเรือ เมื่อเรียกแล้วจะออกมาต่อสู้กับเจ้าของมัน		คลิกขวาเรียกแล้ว จะมามาร่วมต่อสู้ด้วย
6010	Blue Ocean soul	บันทึกข้อมูลลูกเรือ เมื่อเรียกแล้วจะออกมาต่อสู้กับเจ้าของมัน		คลิกขวาเรียกแล้ว จะมามาร่วมต่อสู้ด้วย
6011	Fiery Red Bear	บันทึกข้อมูลลูกเรือ เมื่อเรียกแล้วจะออกมาต่อสู้กับเจ้าของมัน		คลิกขวาเรียกแล้ว จะมามาร่วมต่อสู้ด้วย
6012	Hell Dragon	บันทึกข้อมูลลูกเรือ เมื่อเรียกแล้วจะออกมาต่อสู้กับเจ้าของมัน		คลิกขวาเรียกแล้ว จะมามาร่วมต่อสู้ด้วย
6013	Gladiator Slave Girl	บันทึกข้อมูลลูกเรือ เมื่อเรียกแล้วจะออกมาต่อสู้กับเจ้าของมัน		คลิกขวาเรียกแล้ว จะมามาร่วมต่อสู้ด้วย
6014	Empty Island Bird	บันทึกข้อมูลลูกเรือ เมื่อเรียกแล้วจะออกมาต่อสู้กับเจ้าของมัน		คลิกขวาเรียกแล้ว จะมามาร่วมต่อสู้ด้วย
6015	Voodoo Troll	บันทึกข้อมูลลูกเรือ เมื่อเรียกแล้วจะออกมาต่อสู้กับเจ้าของมัน		คลิกขวาเรียกแล้ว จะมามาร่วมต่อสู้ด้วย
6016	Allure Enchantress	บันทึกข้อมูลลูกเรือ เมื่อเรียกแล้วจะออกมาต่อสู้กับเจ้าของมัน		คลิกขวาเรียกแล้ว จะมามาร่วมต่อสู้ด้วย
6017	Drake Hijack Group	บันทึกข้อมูลลูกเรือ เมื่อเรียกแล้วจะออกมาต่อสู้กับเจ้าของมัน		คลิกขวาเรียกแล้ว จะมามาร่วมต่อสู้ด้วย
6018	Dragon  Hijack 	บันทึกข้อมูลลูกเรือ เมื่อเรียกแล้วจะออกมาต่อสู้กับเจ้าของมัน		คลิกขวาเรียกแล้ว จะมามาร่วมต่อสู้ด้วย
6019	Golden Cat Navy Group	บันทึกข้อมูลลูกเรือ เมื่อเรียกแล้วจะออกมาต่อสู้กับเจ้าของมัน		คลิกขวาเรียกแล้ว จะมามาร่วมต่อสู้ด้วย
6020	Bat Banshee	บันทึกข้อมูลลูกเรือ เมื่อเรียกแล้วจะออกมาต่อสู้กับเจ้าของมัน		คลิกขวาเรียกแล้ว จะมามาร่วมต่อสู้ด้วย
6021	Nalu Sase	นิวัยดุร้าย ระดับความดุร้ายจะเพิ่มตามอายุ แต่สามารถเลี้ยงมันให้เชื่องได้ หวังว่าจะเป็นตัวช่วยที่ดี		เรียก [Nalu Sase] มาร่วมต่อสู้ด้วย
6022	Penguin 	บันทึกข้อมูลลูกเรือ เมื่อเรียกแล้วจะออกมาต่อสู้กับเจ้าของมัน		คลิกขวาเรียกแล้ว จะมามาร่วมต่อสู้ด้วย
6023	Skeleton Chiliarch	บันทึกข้อมูลลูกเรือ เมื่อเรียกแล้วจะออกมาต่อสู้กับเจ้าของมัน		คลิกขวาเรียกแล้ว จะมามาร่วมต่อสู้ด้วย
6024	Cale	หลับไหลมากว่าพันปี [ซื่อสัตย์] เป็นปัจจัยหนึ่งในการคุ้มครอง เกราะป้องกันดั้งเหล็กหนา สามารถคุ้มภัยที่จะมาถึง		เรียก [Cale] มาร่วมต่อสู้ด้วย
6025	Nightmare Guardian	บันทึกข้อมูลลูกเรือ เมื่อเรียกแล้วจะออกมาต่อสู้กับเจ้าของมัน		คลิกขวาเรียกแล้ว จะมามาร่วมต่อสู้ด้วย
6026	Bluebeard Barney	นิสัยอ่อนโยน แต่เนื่องจากผ่านเหตุการณ์อันตรายมาเยอะ จึงกลายเป็นผู้ที่มีความแข็งแกร่งและพึ่งพาได้		คลิกขวาเรียกแล้ว จะมามาร่วมต่อสู้ด้วย
6027	Coruno	บันทึกข้อมูลลูกเรือ เมื่อเรียกแล้วจะออกมาต่อสู้กับเจ้าของมัน		คลิกขวาเรียกแล้ว จะมามาร่วมต่อสู้ด้วย
6028	Jinbada	บันทึกข้อมูลลูกเรือ เมื่อเรียกแล้วจะออกมาต่อสู้กับเจ้าของมัน		คลิกขวาเรียกแล้ว จะมามาร่วมต่อสู้ด้วย
6029	Bear	บันทึกข้อมูลลูกเรือ เมื่อเรียกแล้วจะออกมาต่อสู้กับเจ้าของมัน		คลิกขวาเรียกแล้ว จะมามาร่วมต่อสู้ด้วย
6030	Tuna	มีหน้าที่เป็น Seabed Crusader ฝึกฝนมาอย่างหนัก จากรูปร่างอันอ่อนโยน อย่าได้ดูถูกฝีมือของมัน		เรียก [Tuna] มาร่วมต่อสู้ด้วย
6031	Caribbean	บันทึกข้อมูลลูกเรือ เมื่อเรียกแล้วจะออกมาต่อสู้กับเจ้าของมัน		คลิกขวาเรียกแล้ว จะมามาร่วมต่อสู้ด้วย
6032	Divinity	เบื้องหลังของเผ่ามังกร ทำให้ลักษณะของ [Divinity] ดูหยิ่งผยอง และความสามารถของเขาก้ไม่ได้น้อยไปกว่าความหยิ่งผลองเลยสักนิด		คลิกขวาเรียกแล้ว จะมามาร่วมต่อสู้ด้วย
6033	Croseyes	หนุ่มน้อยแห่งเผ่าหนู เนื่องจากการมุ่งหน้าไปสู่ [Port Royal] จึงเกิดการทะเลาะเบาะแว้งกับเพื่อนร่วมทางบ่อยๆ เขาจึงตัดสินใจเดินทางสู่ Port Royal ด้วยตัวของเขาเอง		เรียก [Croseyes] มาร่วมต่อสู้ด้วย
6034	Olivia	มาจากเผ่าแมว มีพรสวรรค์ในการใช้ปืนมาตั้งแต่เด็ก เมื่อโตขึ้นจึงได้เป็นมือปืนอันเก่งกาจ และมุ่งหน้ามายัง Port Royal เพื่อหาผู้ร่วมมือเป็นคู่หูในการต่อสู้\n(สามารถใส่ [ปืนคู่] ลงในชั้นวางของ และ เพื่อเปลี่ยนรูปลักษณ์)		เรียก [Olivia] มาร่วมต่อสู้ด้วย
6035	Elizabeth	[Elizabeth] ท่าทางอ่อนแอ แต่ความจริงแล้วเป็นนักบวชที่ได้รับการยอมรับอาจารย์ของนางบอกว่าหากต้องการที่จะบรรลุ จะต้องเดินทางไกล 4 ทิศเป็นประสบการณ์ แต่นางตัวคนเดียว จึงหวังว่าจะมีใครก็ได้ไปเป็นเพื่อนนาง\n(สามารถใส่ [ไม้เท้า] ลงในชั้นวางของ และ เพื่อเปลี่ยนรูปลักษณ์)		เรียก [Elizabeth] มาร่วมต่อสู้ด้วย
6036	Slave ship Bodyguard	บันทึกข้อมูลลูกเรือ เมื่อเรียกแล้วจะออกมาต่อสู้กับเจ้าของมัน		คลิกขวาเพื่อเรียก
6037	Death Hourglass	บันทึกข้อมูลลูกเรือ เมื่อเรียกแล้วจะออกมาต่อสู้กับเจ้าของมัน		คลิกขวาเพื่อเรียก
6038	Jade Magician	บันทึกข้อมูลลูกเรือ เมื่อเรียกแล้วจะออกมาต่อสู้กับเจ้าของมัน		คลิกขวาเพื่อเรียก
6039	Phosphor Powder Banshee	บันทึกข้อมูลลูกเรือ เมื่อเรียกแล้วจะออกมาต่อสู้กับเจ้าของมัน		คลิกขวาเพื่อเรียก
6040	Voodoo butcher	บันทึกข้อมูลลูกเรือ เมื่อเรียกแล้วจะออกมาต่อสู้กับเจ้าของมัน		คลิกขวาเพื่อเรียก
6041	Remains Guardian	บันทึกข้อมูลลูกเรือ เมื่อเรียกแล้วจะออกมาต่อสู้กับเจ้าของมัน		คลิกขวาเพื่อเรียก
6042	meow	บันทึกข้อมูลลูกเรือ เมื่อเรียกแล้วจะออกมาต่อสู้กับเจ้าของมัน		คลิกขวาเพื่อเรียก
6043	Yan Yuzi	แมวที่ไม่ค่อยชอบพูดจา ไม่มีใครรู้ว่าทำไมมันถึงได้เกลียดสีชมพูขนาดนั้น		เรียก [Yan Yuzi] มาร่วมต่อสู้ด้วย
6044	Khayredin	ผู้คุม Evil Port  เป็นผู้ที่ราชาโจรสลัดJasonเชื่อถือและไว้ใจ มีหัวมสองที่ชาญฉลาด เคยเอาชนะ [Red beard Pirate Group] และต่อสู้กับ [Black braids Pirates] มาแล้ว		เรียก [Khayredin] มาร่วมต่อสู้ด้วย
6045	Odyssey	หนึ่งในเจ็ดบาปกำเนิด ถึงแม้ว่าจะเป็นโจรสลัดร้ายฉาวโฉ่ แต่ก็ยังมีคนคอยให้กำลังใจ แต่ถึงยังไงเธอก็ยังเป็นคนที่น่าค้นหา		เรียก [Odyssey] มาร่วมต่อสู้ด้วย
6046	Flying Yellow Duck	เป็ดที่ลอยอยู่บนฟ้า มีผลต่อการรักษาวิสัยทัศน์ธรรมชาติ		เรียกลูกเรือ「Flying Yellow Duck」ออกมาร่วมต่อสู้ด้วย
6101	Wilbur Wolf	บันทึกข้อมูลลูกเรือ เมื่อเรียกแล้วจะออกมาต่อสู้กับเจ้าของมัน		คลิกขวาเรียก เพื่อมาร่วมต่อสู้ด้วย
6201	Elizabeth (ver.x'mas)	[Elizabeth] ท่าทางอ่อนแอ แต่ความจริงแล้วเป็นนักบวชที่ได้รับการยอมรับอาจารย์ของนางบอกว่าหากต้องการที่จะบรรลุ จะต้องเดินทางไกล 4 ทิศเป็นประสบการณ์ แต่นางตัวคนเดียว จึงหวังว่าจะมีใครก็ได้ไปเป็นเพื่อนนาง\n(สามารถใส่ [ไม้เท้า] ลงในชั้นวางของ และ เพื่อเปลี่ยนรูปลักษณ์)		เรียก [Elizabeth (ver.x'mas)] มาร่วมต่อสู้ด้วย
6999	Unknown Crew	ลูกเรือที่ไม่ทราบชื่อ ปัจจุบันไม่สามารถเก็บสะสมได้		
7001	Fur seal			เรียก [Fur seal] ออกมาช่วยผู้เล่นเก็บไอเทมดรอป\nเมื่อเรียกจะเพิ่มค่าว่องไว 4 แต้ม
7002	Sediment Wolf			เรียก [Sediment Wolf] ออกมาช่วยผู้เล่นเก็บไอเทมดรอป\nเมื่อเรียกจะเพิ่มค่าว่องไว 1 แต้ม
7003	Blind Hound			เรียก [Blind Hound] ออกมาช่วยผู้เล่นเก็บไอเทมดรอป\nเมื่อเรียกจะเพิ่มค่าว่องไว 3 แต้ม
7004	Exotic Demon Wolf			เรียก [Exotic Demon Wolf] ออกมาช่วยผู้เล่นเก็บไอเทมดรอป\nเมื่อเรียกจะเพิ่มค่าพลัง 3 แต้ม
7005	Red Flame Demon Wolf			เรียก [Red Flame Demon Wolf] ออกมาช่วยผู้เล่นเก็บไอเทมดรอป\nเมื่อเรียกจะเพิ่มค่าพลัง 5 แต้ม
7006	Two Horns Tiger			เรียก [Two Horns Tiger] ออกมาช่วยผู้เล่นเก็บไอเทมดรอป\nเมื่อเรียกจะเพิ่มค่าพลัง 4 แต้ม
7007	Purple Flame Lion			เรียก [Purple Flame Lion] ออกมาช่วยผู้เล่นเก็บไอเทมดรอป\nเมื่อเรียกจะเพิ่มค่าพลัง 2 แต้ม
7008	Jungle Tiger			เรียก [Jungle Tiger] ออกมาช่วยผู้เล่นเก็บไอเทมดรอป\nเมื่อเรียกจะเพิ่มค่าพลัง 2 แต้ม
7009	Dark Roast Lion			เรียก [Dark Roast Lion] ออกมาช่วยผู้เล่นเก็บไอเทมดรอป\nเมื่อเรียกจะเพิ่มค่าพลัง 3 แต้ม
7010	Blue Tiger			เรียก [Blue Tiger] ออกมาช่วยผู้เล่นเก็บไอเทมดรอป\nเมื่อเรียกจะเพิ่มค่าพลัง 3 แต้ม
7011	Ned King Kong			เรียก [Ned King Kong] ออกมาช่วยผู้เล่นเก็บไอเทมดรอป\nเมื่อเรียกจะเพิ่มค่ากาย 4 แต้ม
7012	Polar ape			เรียก [Polar ape] ออกมาช่วยผู้เล่นเก็บไอเทมดรอป\nเมื่อเรียกจะเพิ่มค่ากาย 5 แต้ม
7013	Wild ape			เรียก [Wild ape] ออกมาช่วยผู้เล่นเก็บไอเทมดรอป\nเมื่อเรียกจะเพิ่มค่ากาย 3 แต้ม
7014	Hell King Kong			เรียก [Hell King Kong] ออกมาช่วยผู้เล่นเก็บไอเทมดรอป\nเมื่อเรียกจะเพิ่มค่ากาย 4 แต้ม
7015	Ward Kingkong			เรียก [Ward Kingkong] ออกมาช่วยผู้เล่นเก็บไอเทมดรอป\nเมื่อเรียกจะเพิ่มค่ากาย 2 แต้ม
7016	Zombie baboon			เรียก [Zombie baboon] ออกมาช่วยผู้เล่นเก็บไอเทมดรอป\nเมื่อเรียกจะเพิ่มค่ากาย 2 แต้ม
7017	Greenwood Magic Flower			เรียก [Greenwood Magic Flower] ออกมาช่วยผู้เล่นเก็บไอเทมดรอป\nเมื่อเรียกจะเพิ่มค่ารู้สึก 2 แต้ม
7018	Fire magic			เรียก [Fire magic] ออกมาช่วยผู้เล่นเก็บไอเทมดรอป\nเมื่อเรียกจะเพิ่มค่ารู้สึก 4 แต้ม
7019	Toxic Vine			เรียก [Toxic Vine] ออกมาช่วยผู้เล่นเก็บไอเทมดรอป\nเมื่อเรียกจะเพิ่มค่ารู้สึก 2 แต้ม
7020	End date Flower			เรียก [End date Flower] ออกมาช่วยผู้เล่นเก็บไอเทมดรอป\nเมื่อเรียกจะเพิ่มค่ารู้สึก 3 แต้ม
7021	Charm Felvine			เรียก [Charm Felvine] ออกมาช่วยผู้เล่นเก็บไอเทมดรอป\nเมื่อเรียกจะเพิ่มค่ารู้สึก 2 แต้ม
7022	Mountain Deer			เรียก [Mountain Deer] ออกมาช่วยผู้เล่นเก็บไอเทมดรอป\nเมื่อเรียกจะเพิ่มค่ารู้สึก 1 แต้ม
7023	Sparkler Antelope			เรียก [Sparkler Antelope] ออกมาช่วยผู้เล่นเก็บไอเทมดรอป\nเมื่อเรียกจะเพิ่มค่ารู้สึก 4 แต้ม
7024	Flame Mountains deer			เรียก [Flame Mountains deer] ออกมาช่วยผู้เล่นเก็บไอเทมดรอป\nเมื่อเรียกจะเพิ่มค่ารู้สึก 4 แต้ม
7025	Polar deer			เรียก [Polar deer] ออกมาช่วยผู้เล่นเก็บไอเทมดรอป\nเมื่อเรียกจะเพิ่มค่ารู้สึก 4 แต้ม
7026	Prairie deer			เรียก [Prairie deer] ออกมาช่วยผู้เล่นเก็บไอเทมดรอป\nเมื่อเรียกจะเพิ่มค่ารู้สึก 3 แต้ม
7027	Nightmare Claw beast			เรียก [Nightmare Claw beast] ออกมาช่วยผู้เล่นเก็บไอเทมดรอป\nเมื่อเรียกจะเพิ่มค่ารู้สึก 5 แต้ม
7028	Rock turtle			เรียก [Rock turtle] ออกมาช่วยผู้เล่นเก็บไอเทมดรอป\nเมื่อเรียกจะเพิ่มค่ากาย 1 แต้ม
7029	Sand dragon			เรียก [Sand dragon] ออกมาช่วยผู้เล่นเก็บไอเทมดรอป\nเมื่อเรียกจะเพิ่มค่ากาย 2 แต้ม
7030	Purple turtle			เรียก [Purple turtle] ออกมาช่วยผู้เล่นเก็บไอเทมดรอป\nเมื่อเรียกจะเพิ่มค่ากาย 2 แต้ม
7031	Earth Flame Dragon			เรียก [Earth Flame Dragon] ออกมาช่วยผู้เล่นเก็บไอเทมดรอป\nเมื่อเรียกจะเพิ่มค่ากาย 4 แต้ม
7032	Swamp Tortoise			เรียก [Swamp Tortoise] ออกมาช่วยผู้เล่นเก็บไอเทมดรอป\nเมื่อเรียกจะเพิ่มค่ากาย 3 แต้ม
7033	Iceberg Turtle			เรียก [Iceberg Turtle] ออกมาช่วยผู้เล่นเก็บไอเทมดรอป\nเมื่อเรียกจะเพิ่มค่ากาย 5 แต้ม
7034	Desert Eagle			เรียก [Desert Eagle] ออกมาช่วยผู้เล่นเก็บไอเทมดรอป\nเมื่อเรียกจะเพิ่มค่าปัญญา 1 แต้ม
7035	Blood red eagle			เรียก [Blood red eagle] ออกมาช่วยผู้เล่นเก็บไอเทมดรอป\nเมื่อเรียกจะเพิ่มค่าปัญญา 6 แต้ม
7036	Forest Green Eagle			เรียก [Forest Green Eagle] ออกมาช่วยผู้เล่นเก็บไอเทมดรอป\nเมื่อเรียกจะเพิ่มค่าปัญญา 3 แต้ม
7037	Razor Blackhawk			เรียก [Razor Blackhawk] ออกมาช่วยผู้เล่นเก็บไอเทมดรอป\nเมื่อเรียกจะเพิ่มค่าปัญญา 5 แต้ม
7038	Steel blade Eagle			เรียก [Steel blade Eagle] ออกมาช่วยผู้เล่นเก็บไอเทมดรอป\nเมื่อเรียกจะเพิ่มค่าปัญญา 6 แต้ม
7039	lenka			เรียก [lenka] ออกมาช่วยผู้เล่นเก็บไอเทมดรอป\nเมื่อเรียกจะเพิ่มค่าว่องไว 2 แต้ม
7040	Raspberry Bibi			เรียก [Raspberry Bibi] ออกมาช่วยผู้เล่นเก็บไอเทมดรอป\nเมื่อเรียกจะเพิ่มค่าว่องไว 5 แต้ม
7041	Flying Rat Sapphire			เรียก [Flying Rat Sapphire] ออกมาช่วยผู้เล่นเก็บไอเทมดรอป\nเมื่อเรียกจะเพิ่มค่าว่องไว 7 แต้ม
7042	Remains Bibi			เรียก [Remains Bibi] มาเป็นคู่หู จะช่วยท่านเก็บของ\nเมื่อเรียกแล้วจะเพิ่มกาย, ว่องไว,รู้สึก อย่างละ 5 แต้ม, เลือดสูงสุด 500 แต้ม
7043	Crystal Bibi			เรียก [Crystal Bibi] ออกมาช่วยผู้เล่นเก็บไอเทมดรอป\nเมื่อเรียกจะเพิ่มค่าว่องไว 4 แต้ม
7044	Navy Two Tripods			เรียก [Navy Two Tripods] ออกมาช่วยผู้เล่นเก็บไอเทมดรอป\nเมื่อเรียกจะเพิ่มค่าว่องไว 3 แต้ม
7045	Protect City Mech			เรียก [Protect City Mech] ออกมาช่วยผู้เล่นเก็บไอเทมดรอป\nเมื่อเรียกจะเพิ่มค่าว่องไว 6 แต้ม
7046	Navy Tiger Mech			เรียก [Navy Tiger Mech] ออกมาช่วยผู้เล่นเก็บไอเทมดรอป\nเมื่อเรียกจะเพิ่มค่าว่องไว 3 แต้ม
7047	Pirates blitz Mech			เรียก [Pirates Blitz Mech] ออกมาช่วยผู้เล่นเก็บไอเทมดรอป\nเมื่อเรียกจะเพิ่มค่ารู้สึก 7 แต้ม
7048	Air Thief Meteor Mech			เรียก [Air Thief Meteor Mech] ออกมาช่วยผู้เล่นเก็บไอเทมดรอป\nเมื่อเรียกจะเพิ่มค่าปัญญา 7 แต้ม
7049	Navy guns Mech			เรียก [Navy guns Mech] ออกมาช่วยผู้เล่นเก็บไอเทมดรอป\nเมื่อเรียกจะเพิ่มค่ากาย 7 แต้ม
7050	Fire Euglena			เรียก [Fire Euglena] ออกมาช่วยผู้เล่นเก็บไอเทมดรอป\nเมื่อเรียกจะเพิ่มค่าปัญญา 5 แต้ม
7051	Crusty Bone Fish			เรียก [Crusty Bone Fish] ออกมาช่วยผู้เล่นเก็บไอเทมดรอป\nเมื่อเรียกจะเพิ่มค่าปัญญา 2 แต้ม
7052	Jade Euglena			เรียก [Jade Euglena] ออกมาช่วยผู้เล่นเก็บไอเทมดรอป\nเมื่อเรียกจะเพิ่มค่าปัญญา 6 แต้ม
7053	Craig Firebird			เรียก [Craig Firebird] ออกมาช่วยผู้เล่นเก็บไอเทมดรอป\nเมื่อเรียกจะเพิ่มค่าปัญญา 4 แต้ม
7054	Ominous Bird			เรียก [Ominous Bird] ออกมาช่วยผู้เล่นเก็บไอเทมดรอป\nเมื่อเรียกจะเพิ่มค่าปัญญา 3 แต้ม
7055	Angel Sheep			เรียก [Angel Sheep] ออกมาช่วยผู้เล่นเก็บไอเทมดรอป\nเมื่อเรียกจะเพิ่มค่าปัญญา 4 แต้ม
7056	Blue Sea Snake			เรียก [Blue Sea Snake] ออกมาช่วยผู้เล่นเก็บไอเทมดรอป\nเมื่อเรียกจะเพิ่มค่ารู้สึก 5 แต้ม
7057	Sharp snake poison ivy			เรียก [Sharp snake poison ivy] ออกมาช่วยผู้เล่นเก็บไอเทมดรอป\nเมื่อเรียกจะเพิ่มค่ารู้สึก 3 แต้ม
7058	Red Flame Creeper			เรียก [Red Flame Creeper] ออกมาช่วยผู้เล่นเก็บไอเทมดรอป\nเมื่อเรียกจะเพิ่มค่ารู้สึก 6 แต้ม
7059	Phantom Demon Snake			เรียก [Phantom Demon Snake] ออกมาช่วยผู้เล่นเก็บไอเทมดรอป\nเมื่อเรียกจะเพิ่มค่ารู้สึก 2 แต้ม
7060	Temple Snake			เรียก [Temple Snake] ออกมาช่วยผู้เล่นเก็บไอเทมดรอป\nเมื่อเรียกจะเพิ่มค่ารู้สึก 4 แต้ม
7061	Snail			เรียก [Snail] ออกมาช่วยผู้เล่นเก็บไอเทมดรอป\nเมื่อเรียกจะเพิ่มค่ากาย 2 แต้ม
7062	Deep Sea Snail			เรียก [Deep Sea Snail] ออกมาช่วยผู้เล่นเก็บไอเทมดรอป\nเมื่อเรียกจะเพิ่มค่ากาย 5 แต้ม
7063	Flash Snail			เรียก [Flash Snail] ออกมาช่วยผู้เล่นเก็บไอเทมดรอป\nเมื่อเรียกจะเพิ่มค่ากาย 4 แต้ม
7064	Fighting Fish soldier			เรียก [Fighting Fish soldier] ออกมาช่วยผู้เล่นเก็บไอเทมดรอป\nเมื่อเรียกจะเพิ่มค่าพลัง 1 แต้ม
7065	Gentry Platypus			เรียก [Gentry Platypus] ออกมาช่วยผู้เล่นเก็บไอเทมดรอป\nเมื่อเรียกจะเพิ่มค่าพลัง 3 แต้ม
7066	Scythe beetle			เรียก [Scythe beetle] ออกมาช่วยผู้เล่นเก็บไอเทมดรอป\nเมื่อเรียกจะเพิ่มค่าพลัง 3 แต้ม
7067	Sunry beetle			เรียก [Sunry beetle] ออกมาช่วยผู้เล่นเก็บไอเทมดรอป\nเมื่อเรียกจะเพิ่มค่าพลัง 4 แต้ม
7068	Blue Beetle			เรียก [Blue Beetle] ออกมาช่วยผู้เล่นเก็บไอเทมดรอป\nเมื่อเรียกจะเพิ่มค่าพลัง 7 แต้ม
7069	Thorn Hammer Bee			เรียก [Thorn Hammer Bee] ออกมาช่วยผู้เล่นเก็บไอเทมดรอป\nเมื่อเรียกจะเพิ่มค่าปัญญา 2 แต้ม
7070	Red blood Bee			เรียก [Red blood Bee] ออกมาช่วยผู้เล่นเก็บไอเทมดรอป\nเมื่อเรียกจะเพิ่มค่าปัญญา 3 แต้ม
7071	Sea Phantom			เรียก [Sea Phantom] มาเป็นคู่หู จะช่วยท่านเก็บของ\nเมื่อเรียกจะเพิ่มเลือดสูงสุด 500 แต้ม
7072	Nelson			เรียก [Nelson] มาเป็นคู่หู จะช่วยท่านเก็บของ\nเมื่อเรียกจะเพิ่มเลือดสูงสุด 500 แต้ม
7073	Odyssey			เรียก [Odyssey] มาเป็นคู่หู จะช่วยท่านเก็บของ\nเมื่อเรียกจะเพิ่มเลือดสูงสุด 500 แต้ม
7074	Plato			เรียก [Plato] มาเป็นคู่หู จะช่วยท่านเก็บของ\nเมื่อเรียกจะเพิ่มเลือดสูงสุด 500 แต้ม
7075	Jason			เรียก [Jason] มาเป็นคู่หู จะช่วยท่านเก็บของ\nเมื่อเรียกจะเพิ่มเลือดสูงสุด 500 แต้ม
7076	Medea			เรียก [Medea] มาเป็นคู่หู จะช่วยท่านเก็บของ\nเมื่อเรียกจะเพิ่มเลือดสูงสุด 500 แต้ม
7077	Drake			เรียก [Drake] มาเป็นคู่หู จะช่วยท่านเก็บของ\nเมื่อเรียกจะเพิ่มเลือดสูงสุด 500 แต้ม
7078	Siren			เรียก [Siren] ออกมาช่วยเก็บไอเทมที่ดรอป\nเมื่อเรียกจะเพิ่ม All Stat +2, เลือดสูงสุด 500 แต้ม
7079	Rosemary			เรียก [Rosemary] มาเป็นคู่หู จะช่วยท่านเก็บของ\nเมื่อเรียกจะเพิ่มเลือดสูงสุด 500 แต้ม
7080	Angelina			เรียก [Angelina] มาเป็นคู่หู จะช่วยท่านเก็บของ\nเมื่อเรียกจะเพิ่มเลือดสูงสุด 500 แต้ม
7081	Bismarck			เรียก [Bismarck] มาเป็นคู่หู จะช่วยท่านเก็บของ\nเมื่อเรียกจะเพิ่มเลือดสูงสุด 500 แต้ม
7082	Isoroku Yamamoto			เรียก [Isoroku Yamamoto] ออกมาช่วยเก็บไอเทมที่ดรอป\nมื่อเรียกจะเพิ่ม All Stat +2,  เลือดสูงสุด 500 แต้ม
7083	Columbus			เรียก [Columbus] มาเป็นคู่หู จะช่วยท่านเก็บของ\nเมื่อเรียกจะเพิ่มเลือดสูงสุด 500 แต้ม
7084	Magellan			เรียก [Magellan] มาเป็นคู่หู จะช่วยท่านเก็บของ\nเมื่อเรียกจะเพิ่มเลือดสูงสุด 500 แต้ม
7085	Angel of Death			เรียก [Angel of Death] ออกมาช่วยเก็บไอเทมที่ดรอป\nมื่อเรียกจะเพิ่ม All Stat +2, เลือดสูงสุด 500 แต้ม
7086	Juoda			เรียก [Juoda] ออกมาช่วยเก็บไอเทมที่ดรอป\nเมื่อเรียกจะเพิ่มกาย, พลัง, ว่องไว อย่างละ 2 แต้ม, เลือดสูงสุด 500 แต้ม
7087	Rosie Antelope			เรียก [Rosie Antelope] ออกมาช่วยเก็บไอเทมที่ดรอป\nเมื่อเรียกจะเพิ่มกาย, พลัง, ว่องไว อย่างละ 2 แต้ม, เลือดสูงสุด 500 แต้ม
7088	Pumpkin Ghost			เรียก [Pumpkin Ghost] มาเป็นคู่หู จะช่วยท่านเก็บของ
7089	Skeleton Seaman			เรียก [Skeleton Seaman] มาเป็นคู่หู จะช่วยท่านเก็บของ
7090	Christmas Elf-Warm			เรียก [Christmas Elf-Warm] มาเป็นคู่หู จะช่วยท่านเก็บของ
7091	Christmas Elf-Pretty			เรียก [Christmas Elf-Pretty] มาเป็นคู่หู จะช่วยท่านเก็บของ
7092	Romantic Lover			เรียก [Romantic Lover] มาเป็นคู่หู จะช่วยท่านเก็บของ
7093	Pink Beauty			เรียก [Pink Beauty] มาเป็นคู่หู จะช่วยท่านเก็บของ
7094	Cute Bunny			เรียก「Cute Bunny」ออกมาช่วยเก็บไอเทม
7999	Unknown Pet	สัตว์สวยงามที่ไม่ทราบชื่อ ปัจจุบันไม่สามารถเก็บสะสมได้		
8001	Blind Hound	สัตว์ขี่ที่โดยสารได้คนเดียว ความเร็วเคลื่อนที่ 760		เมื่อเรียกสามารถโดยสารได้
8002	Plain Jerboa	สัตว์ขี่ที่โดยสารได้คนเดียว ความเร็วเคลื่อนที่ 850\n\nเมื่อขี่สามารถใช้สกิล: [Assault], [Bounce] 		เมื่อเรียกสามารถโดยสารได้
8003	Wave Dragon Horse	สัตว์ขี่ที่โดยสารได้คนเดียว ความเร็วเคลื่อนที่ 850\n\nเมื่อขี่สามารถใช้สกิล: [Assault], [Bounce] 		เมื่อเรียกสามารถโดยสารได้
8004	Flying Airship	สัตว์ขี่ที่โดยสารได้สองคนความเร็วเคลื่อนที่ 855		เมื่อเรียกสามารถโดยสารได้
8005	Caille Assault boat	พาหนะที่โดยสารได้ 6 คนความเร็วเคลื่อนที่ 940		เมื่อเรียกสามารถโดยสารได้
8006	Purple Flame Lion	สัตว์ขี่ที่โดยสารได้คนเดียว ความเร็วเคลื่อนที่ 820		เมื่อเรียกสามารถโดยสารได้
8007	Test Plain Jerboa	สัตว์ขี่ที่โดยสารได้คนเดียว ความเร็วเคลื่อนที่ 850		เมื่อเรียกสามารถโดยสารได้
8008	Yellow Duck(30 Day)	สัตว์ขี่ที่โดยสารได้คนเดียว ความเร็วเคลื่อนที่ 790		เมื่อเรียกสามารถโดยสารได้
8009	Motorcycle	พาหนะที่โดยสารได้คนเดียว เมื่อขี่จะเพิ่มความเร็วในการเคลื่อนที่		เมื่อเรียกสามารถโดยสารได้
8010	Unicorn	สัตว์ขี่ที่โดยสารได้คนเดียว ความเร็วเคลื่อนที่ 850		เมื่อเรียกสามารถโดยสารได้
8011	Exotic Demon Wolf	สัตว์ขี่ที่โดยสารได้คนเดียว ความเร็วเคลื่อนที่ 790\n\nเมื่อขี่สามารถใช้สกิล: [Assault] 		เมื่อเรียกสามารถโดยสารได้
8012	Red Flame Demon Wolf	สัตว์ขี่ที่โดยสารได้คนเดียว ความเร็วเคลื่อนที่ 820\n\nเมื่อขี่สามารถใช้สกิล: [Assault] 		เมื่อเรียกสามารถโดยสารได้
8013	Yellow Duck	สัตว์ขี่ที่โดยสารได้คนเดียว ความเร็วเคลื่อนที่ 790		เมื่อเรียกสามารถโดยสารได้
8014	Christmas Elk	สัตว์ขี่ที่โดยสารได้คนเดียว ความเร็วเคลื่อนที่ 760		เมื่อเรียกสามารถโดยสารได้
8015	冰原跳鼠	單人座騎，移動速度為800。在北方冰原捕捉到的野生跳鼠，經過訓練後連不懂騎術的人都可以輕鬆駕馭。\n\n騎乘時可使用技能：【跳躍】。		召喚後可騎乘。
8016	聖誕麋鹿(1天)	單人座騎，移動速度為760。聖誕節活動贈送的節慶座騎，只有認真參與活動的玩家才有機會取得。		召喚後可騎乘。
8017	黃色小鴨(1天)	單人座騎，移動速度為790。在各大港口受到熱烈歡迎的黃色小鴨，現在也能在陸地上到處跑囉！		召喚後可騎乘。
8900	測試座騎1	測試用		召喚後可騎乘。
8901	測試座騎2	測試用		召喚後可騎乘。
8902	測試座騎3	測試用		召喚後可騎乘。
8990	Unknown Mounts	สัตว์ขี่ที่ไม่ทราบชื่อ ปัจจุบันไม่สามารถเก็บสะสมได้		
8991	測試座騎1	測試用	測試用道具，內部使用，請勿外流！！	召喚後可騎乘。
8992	測試座騎2	測試用	測試用道具，內部使用，請勿外流！！	召喚後可騎乘。
8993	測試座騎3	測試用	測試用道具，內部使用，請勿外流！！	召喚後可騎乘。
8994	測試座騎4	測試用	測試用道具，內部使用，請勿外流！！	召喚後可騎乘。
8995	測試座騎5	測試用	測試用道具，內部使用，請勿外流！！	召喚後可騎乘。
8996	測試座騎6	測試用	測試用道具，內部使用，請勿外流！！	召喚後可騎乘。
8997	測試座騎7	測試用	測試用道具，內部使用，請勿外流！！	召喚後可騎乘。
8998	測試座騎8	測試用	測試用道具，內部使用，請勿外流！！	召喚後可騎乘。
8999	Big Spider	เรียก Big Spider		เมื่อเรียกสามารถโดยสารได้
9000	Weapon Box  Key	กุญแจใช้ในการเปิด Weapon Box จะได้รับระเบิดแสง		
9001	Relic Chamber Key	กุญแจใช้ในการเปิดห้องลับ		
9901	Granulated Sugar-Can not throw	วัตถุดิบในการหมักเหล้า		
9902	Granulated Sugar-No Players	วัตถุดิบในการหมักเหล้า		
9903	Granulated Sugar-No NPC 	วัตถุดิบในการหมักเหล้า		
9904	Granulated Sugar-No Warehouse	วัตถุดิบในการหมักเหล้า		
9905	Granulated Sugar-Unique	วัตถุดิบในการหมักเหล้า		
9906	Chest  Multiple Choice  Service			เมื่อใช้สามารถใช้Chest  Multiple Choice  Service ได้ 5 ครั้ง
9907	Regenaration	เมื่อใช้จะได้รับการชุบชีวิต ประสิทธิผลตามจำนวนเงินที่ใช้		คลิกขวาเพื่อใช้จะได้รับผล
9908	Gashapon	มีของเลเวล 2 ให้		ลองใช้ดูสิ!
9909	Cookie Pack			เมื่อใช้จะได้รับ Token 100 แต้ม ± 10%
9910	Remove Dyeing			เมื่อใช้สามารถเปิดได้
9911	 Sword Soul  Purify Crystal			ฟื้นฟูค่าถดถอยของ Sword Soul 
9912	Skill Point Recover 100%			เมื่อใช้สามารถฟิ้นฟูแต้มสกิลที่กำหนด 100%
9913	Skill Point Recover 50%			เมื่อใช้สามารถฟิ้นฟูแต้มสกิลที่กำหนด 50%
9914	Instant Warehouse	เมื่อใช้ไอเทมนนี้ในระยะเวลา สามารถเปิดหน้าคลัง		คลิกขวาสามารถเปิดคลัง
9915	Instant Shop-General	เมื่อใช้ไอเทมนนี้ในระยะเวลา สามารถเปิดหน้าค้าของชำ		คลิกขวาสามารถเปิดร้านค้า
9916	Instant Shop-Ailment	เมื่อใช้ไอเทมนนี้ในระยะเวลา สามารถเปิดหน้าร้านค้า		คลิกขวาสามารถเปิดร้านค้า
9917	Instant Warehouse-Deducted	เมื่อใช้สามารถเปิดหน้าคลัง		คลิกขวาสามารถเปิดคลัง
9918	Instant Warehouse-Degree	เมื่อใช้สามารถเปิดหน้าคลัง สามารถใช้ได้ 5 ครั้ง		คลิกขวาสามารถเปิดคลัง
9919	Instant Shop-General Deducted	เมื่อใช้สามารถเปิดหน้าค้าของชำ		คลิกขวาสามารถเปิดร้านค้าทั่วไป
9920	Instant Shop-Ailment Degree	เมื่อใช้สามารถเปิดหน้าร้านค้า สามารถใช้ได้ 10 ครั้ง		คลิกขวาสามารถเปิดร้านค้า
9921	Friends EXP ansion	คลิกขวาจะเพิ่มจำนวนเพื่อนสูงสุด		คลิกขวาจะเพิ่มจำนวนเพื่อนสูงสุด
10001	Lv1慾望水晶	蘊含原罪力量的水晶，製作強力裝備的必要材料		
10002	Lv1貪食水晶	蘊含原罪力量的水晶，製作強力裝備的必要材料		
10003	Lv1貪婪水晶	蘊含原罪力量的水晶，製作強力裝備的必要材料		
10004	Lv1嫉妒水晶	蘊含原罪力量的水晶，製作強力裝備的必要材料		
10005	Lv1憤怒水晶	蘊含原罪力量的水晶，製作強力裝備的必要材料		
10006	Lv1驕傲水晶	蘊含原罪力量的水晶，製作強力裝備的必要材料		
10007	Lv1懶惰水晶	蘊含原罪力量的水晶，製作強力裝備的必要材料		
10008	Lv2慾望水晶	蘊含原罪力量的水晶，製作強力裝備的必要材料		
10009	Lv2貪食水晶	蘊含原罪力量的水晶，製作強力裝備的必要材料		
10010	Lv2貪婪水晶	蘊含原罪力量的水晶，製作強力裝備的必要材料		
10011	Lv2嫉妒水晶	蘊含原罪力量的水晶，製作強力裝備的必要材料		
10012	Lv2憤怒水晶	蘊含原罪力量的水晶，製作強力裝備的必要材料		
10013	Lv2驕傲水晶	蘊含原罪力量的水晶，製作強力裝備的必要材料		
10014	Lv2懶惰水晶	蘊含原罪力量的水晶，製作強力裝備的必要材料		
10015	Lv3慾望水晶	蘊含原罪力量的水晶，製作強力裝備的必要材料		
10016	Lv3貪食水晶	蘊含原罪力量的水晶，製作強力裝備的必要材料		
10017	Lv3貪婪水晶	蘊含原罪力量的水晶，製作強力裝備的必要材料		
10018	Lv3嫉妒水晶	蘊含原罪力量的水晶，製作強力裝備的必要材料		
10019	Lv3憤怒水晶	蘊含原罪力量的水晶，製作強力裝備的必要材料		
10020	Lv3驕傲水晶	蘊含原罪力量的水晶，製作強力裝備的必要材料		
10021	Lv3懶惰水晶	蘊含原罪力量的水晶，製作強力裝備的必要材料		
10022	Lv4慾望水晶	蘊含原罪力量的水晶，製作強力裝備的必要材料		
10023	Lv4貪食水晶	蘊含原罪力量的水晶，製作強力裝備的必要材料		
10024	Lv4貪婪水晶	蘊含原罪力量的水晶，製作強力裝備的必要材料		
10025	Lv4嫉妒水晶	蘊含原罪力量的水晶，製作強力裝備的必要材料		
10026	Lv4憤怒水晶	蘊含原罪力量的水晶，製作強力裝備的必要材料		
10027	Lv4驕傲水晶	蘊含原罪力量的水晶，製作強力裝備的必要材料		
10028	Lv4懶惰水晶	蘊含原罪力量的水晶，製作強力裝備的必要材料		
10029	Lv5慾望水晶	蘊含原罪力量的水晶，製作強力裝備的必要材料		
10030	Lv5貪食水晶	蘊含原罪力量的水晶，製作強力裝備的必要材料		
10031	Lv5貪婪水晶	蘊含原罪力量的水晶，製作強力裝備的必要材料		
10032	Lv5嫉妒水晶	蘊含原罪力量的水晶，製作強力裝備的必要材料		
10033	Lv5憤怒水晶	蘊含原罪力量的水晶，製作強力裝備的必要材料		
10034	Lv5驕傲水晶	蘊含原罪力量的水晶，製作強力裝備的必要材料		
10035	Lv5懶惰水晶	蘊含原罪力量的水晶，製作強力裝備的必要材料		
10036	Lv6慾望水晶	蘊含原罪力量的水晶，製作強力裝備的必要材料		
10037	Lv6貪食水晶	蘊含原罪力量的水晶，製作強力裝備的必要材料		
10038	Lv6貪婪水晶	蘊含原罪力量的水晶，製作強力裝備的必要材料		
10039	Lv6嫉妒水晶	蘊含原罪力量的水晶，製作強力裝備的必要材料		
10040	Lv6憤怒水晶	蘊含原罪力量的水晶，製作強力裝備的必要材料		
10041	Lv6驕傲水晶	蘊含原罪力量的水晶，製作強力裝備的必要材料		
10042	Lv6懶惰水晶	蘊含原罪力量的水晶，製作強力裝備的必要材料		
10043	Lv7慾望水晶	蘊含原罪力量的水晶，製作強力裝備的必要材料		
10044	Lv7貪食水晶	蘊含原罪力量的水晶，製作強力裝備的必要材料		
10045	Lv7貪婪水晶	蘊含原罪力量的水晶，製作強力裝備的必要材料		
10046	Lv7嫉妒水晶	蘊含原罪力量的水晶，製作強力裝備的必要材料		
10047	Lv7憤怒水晶	蘊含原罪力量的水晶，製作強力裝備的必要材料		
10048	Lv7驕傲水晶	蘊含原罪力量的水晶，製作強力裝備的必要材料		
10049	Lv7懶惰水晶	蘊含原罪力量的水晶，製作強力裝備的必要材料		
10050	Lv8慾望水晶	蘊含原罪力量的水晶，製作強力裝備的必要材料		
10051	Lv8貪食水晶	蘊含原罪力量的水晶，製作強力裝備的必要材料		
10052	Lv8貪婪水晶	蘊含原罪力量的水晶，製作強力裝備的必要材料		
10053	Lv8嫉妒水晶	蘊含原罪力量的水晶，製作強力裝備的必要材料		
10054	Lv8憤怒水晶	蘊含原罪力量的水晶，製作強力裝備的必要材料		
10055	Lv8驕傲水晶	蘊含原罪力量的水晶，製作強力裝備的必要材料		
10056	Lv8懶惰水晶	蘊含原罪力量的水晶，製作強力裝備的必要材料		
93001	War Crystal Lv.1	เลเวลของอาวุธถึง Lv.1 ขึ้นไปสามารถนำมาฝังประดับเพื่อเสริมพลังได้\n(แนะนำ: เมื่อถอดผลึกออก ระดับแสงจะลดลง หากระดับแสงเหลือ 0 จะไม่สามารถฝังประดับได้)	ได้พลังเพิ่มขึ้น เมื่อฝังประดับ	
93002	Flame Crystal Lv.1	เลเวลของอาวุธถึง Lv.1 ขึ้นไปสามารถนำมาฝังประดับเพื่อเสริมพลังได้\n(แนะนำ: เมื่อถอดผลึกออก ระดับแสงจะลดลง หากระดับแสงเหลือ 0 จะไม่สามารถฝังประดับได้)	ได้พลังเพิ่มขึ้น เมื่อฝังประดับ	
93003	Turmoil Crystal Lv.1	เลเวลของอาวุธถึง Lv.1 ขึ้นไปสามารถนำมาฝังประดับเพื่อเสริมพลังได้\n(แนะนำ: เมื่อถอดผลึกออก ระดับแสงจะลดลง หากระดับแสงเหลือ 0 จะไม่สามารถฝังประดับได้)	ได้พลังเพิ่มขึ้น เมื่อฝังประดับ	
93004	Wrangle Crystal Lv.1	เลเวลของอาวุธถึง Lv.1 ขึ้นไปสามารถนำมาฝังประดับเพื่อเสริมพลังได้\n(แนะนำ: เมื่อถอดผลึกออก ระดับแสงจะลดลง หากระดับแสงเหลือ 0 จะไม่สามารถฝังประดับได้)	ได้พลังเพิ่มขึ้น เมื่อฝังประดับ	
93005	Justice Crystal Lv.1	เลเวลของอาวุธถึง Lv.1 ขึ้นไปสามารถนำมาฝังประดับเพื่อเสริมพลังได้\n(แนะนำ: เมื่อถอดผลึกออก ระดับแสงจะลดลง หากระดับแสงเหลือ 0 จะไม่สามารถฝังประดับได้)	ได้พลังเพิ่มขึ้น เมื่อฝังประดับ	
93006	Weapon Crystal Lv.1	เลเวลของอาวุธถึง Lv.1 ขึ้นไปสามารถนำมาฝังประดับเพื่อเสริมพลังได้\n(แนะนำ: เมื่อถอดผลึกออก ระดับแสงจะลดลง หากระดับแสงเหลือ 0 จะไม่สามารถฝังประดับได้)	ได้พลังเพิ่มขึ้น เมื่อฝังประดับ	
93007	Wrestle Crystal Lv.1	เลเวลของอาวุธถึง Lv.1 ขึ้นไปสามารถนำมาฝังประดับเพื่อเสริมพลังได้\n(แนะนำ: เมื่อถอดผลึกออก ระดับแสงจะลดลง หากระดับแสงเหลือ 0 จะไม่สามารถฝังประดับได้)	ได้พลังเพิ่มขึ้น เมื่อฝังประดับ	
93008	Confrontation Crystal Lv.1	เลเวลของอาวุธถึง Lv.1 ขึ้นไปสามารถนำมาฝังประดับเพื่อเสริมพลังได้\n(แนะนำ: เมื่อถอดผลึกออก ระดับแสงจะลดลง หากระดับแสงเหลือ 0 จะไม่สามารถฝังประดับได้)	ได้พลังเพิ่มขึ้น เมื่อฝังประดับ	
93009	Outcome Crystal Lv.1	เลเวลของอาวุธถึง Lv.1 ขึ้นไปสามารถนำมาฝังประดับเพื่อเสริมพลังได้\n(แนะนำ: เมื่อถอดผลึกออก ระดับแสงจะลดลง หากระดับแสงเหลือ 0 จะไม่สามารถฝังประดับได้)	ได้พลังเพิ่มขึ้น เมื่อฝังประดับ	
93010	Declare War Crystal Lv.1	เลเวลของอาวุธถึง Lv.1 ขึ้นไปสามารถนำมาฝังประดับเพื่อเสริมพลังได้\n(แนะนำ: เมื่อถอดผลึกออก ระดับแสงจะลดลง หากระดับแสงเหลือ 0 จะไม่สามารถฝังประดับได้)	ได้พลังเพิ่มขึ้น เมื่อฝังประดับ	
93011	Coercion Crystal Lv.1	เลเวลของอาวุธถึง Lv.1 ขึ้นไปสามารถนำมาฝังประดับเพื่อเสริมพลังได้\n(แนะนำ: เมื่อถอดผลึกออก ระดับแสงจะลดลง หากระดับแสงเหลือ 0 จะไม่สามารถฝังประดับได้)	ได้พลังเพิ่มขึ้น เมื่อฝังประดับ	
93012	Horror Crystal Lv.1	เลเวลของอาวุธถึง Lv.1 ขึ้นไปสามารถนำมาฝังประดับเพื่อเสริมพลังได้\n(แนะนำ: เมื่อถอดผลึกออก ระดับแสงจะลดลง หากระดับแสงเหลือ 0 จะไม่สามารถฝังประดับได้)	ได้พลังเพิ่มขึ้น เมื่อฝังประดับ	
93013	Tight Crystal Lv.1	เลเวลของอาวุธถึง Lv.1 ขึ้นไปสามารถนำมาฝังประดับเพื่อเสริมพลังได้\n(แนะนำ: เมื่อถอดผลึกออก ระดับแสงจะลดลง หากระดับแสงเหลือ 0 จะไม่สามารถฝังประดับได้)	ได้พลังเพิ่มขึ้น เมื่อฝังประดับ	
93014	Violence Crystal Lv.1	เลเวลของอาวุธถึง Lv.1 ขึ้นไปสามารถนำมาฝังประดับเพื่อเสริมพลังได้\n(แนะนำ: เมื่อถอดผลึกออก ระดับแสงจะลดลง หากระดับแสงเหลือ 0 จะไม่สามารถฝังประดับได้)	ได้พลังเพิ่มขึ้น เมื่อฝังประดับ	
93015	Blood Crystal Lv.1	เลเวลของอาวุธถึง Lv.1 ขึ้นไปสามารถนำมาฝังประดับเพื่อเสริมพลังได้\n(แนะนำ: เมื่อถอดผลึกออก ระดับแสงจะลดลง หากระดับแสงเหลือ 0 จะไม่สามารถฝังประดับได้)	ได้พลังเพิ่มขึ้น เมื่อฝังประดับ	
93016	Madness Crystal Lv.1	เลเวลของอาวุธถึง Lv.1 ขึ้นไปสามารถนำมาฝังประดับเพื่อเสริมพลังได้\n(แนะนำ: เมื่อถอดผลึกออก ระดับแสงจะลดลง หากระดับแสงเหลือ 0 จะไม่สามารถฝังประดับได้)	ได้พลังเพิ่มขึ้น เมื่อฝังประดับ	
93017	Poor Soldier Crystal Lv.1	เลเวลของอาวุธถึง Lv.1 ขึ้นไปสามารถนำมาฝังประดับเพื่อเสริมพลังได้\n(แนะนำ: เมื่อถอดผลึกออก ระดับแสงจะลดลง หากระดับแสงเหลือ 0 จะไม่สามารถฝังประดับได้)	ได้พลังเพิ่มขึ้น เมื่อฝังประดับ	
93018	Biochemistry Crystal Lv.1	เลเวลของอาวุธถึง Lv.1 ขึ้นไปสามารถนำมาฝังประดับเพื่อเสริมพลังได้\n(แนะนำ: เมื่อถอดผลึกออก ระดับแสงจะลดลง หากระดับแสงเหลือ 0 จะไม่สามารถฝังประดับได้)	ได้พลังเพิ่มขึ้น เมื่อฝังประดับ	
93019	Modivid Crystal Lv.1	เลเวลของเครื่องป้องกันถึง Lv.1 ขึ้นไปสามารถนำมาฝังประดับเพื่อเสริมพลังได้\n(แนะนำ: เมื่อถอดผลึกออก ระดับแสงจะลดลง หากระดับแสงเหลือ 0 จะไม่สามารถฝังประดับได้)	ได้พลังเพิ่มขึ้น เมื่อฝังประดับ	
93020	Protect Crystal Lv.1	เลเวลของเครื่องป้องกันถึง Lv.1 ขึ้นไปสามารถนำมาฝังประดับเพื่อเสริมพลังได้\n(แนะนำ: เมื่อถอดผลึกออก ระดับแสงจะลดลง หากระดับแสงเหลือ 0 จะไม่สามารถฝังประดับได้)	ได้พลังเพิ่มขึ้น เมื่อฝังประดับ	
93021	Fort Crystal Lv.1	เลเวลของเครื่องป้องกันถึง Lv.1 ขึ้นไปสามารถนำมาฝังประดับเพื่อเสริมพลังได้\n(แนะนำ: เมื่อถอดผลึกออก ระดับแสงจะลดลง หากระดับแสงเหลือ 0 จะไม่สามารถฝังประดับได้)	ได้พลังเพิ่มขึ้น เมื่อฝังประดับ	
93022	Imperial Crystal Lv.1	เลเวลของเครื่องป้องกันถึง Lv.1 ขึ้นไปสามารถนำมาฝังประดับเพื่อเสริมพลังได้\n(แนะนำ: เมื่อถอดผลึกออก ระดับแสงจะลดลง หากระดับแสงเหลือ 0 จะไม่สามารถฝังประดับได้)	ได้พลังเพิ่มขึ้น เมื่อฝังประดับ	
93023	Aversion Crystal Lv.1	เลเวลของเครื่องป้องกันถึง Lv.1 ขึ้นไปสามารถนำมาฝังประดับเพื่อเสริมพลังได้\n(แนะนำ: เมื่อถอดผลึกออก ระดับแสงจะลดลง หากระดับแสงเหลือ 0 จะไม่สามารถฝังประดับได้)	ได้พลังเพิ่มขึ้น เมื่อฝังประดับ	
93024	Cache Crystal Lv.1	เลเวลของเครื่องป้องกันถึง Lv.1 ขึ้นไปสามารถนำมาฝังประดับเพื่อเสริมพลังได้\n(แนะนำ: เมื่อถอดผลึกออก ระดับแสงจะลดลง หากระดับแสงเหลือ 0 จะไม่สามารถฝังประดับได้)	ได้พลังเพิ่มขึ้น เมื่อฝังประดับ	
93025	Predator Crystal Lv.1	เลเวลของเครื่องป้องกันถึง Lv.1 ขึ้นไปสามารถนำมาฝังประดับเพื่อเสริมพลังได้\n(แนะนำ: เมื่อถอดผลึกออก ระดับแสงจะลดลง หากระดับแสงเหลือ 0 จะไม่สามารถฝังประดับได้)	ได้พลังเพิ่มขึ้น เมื่อฝังประดับ	
93026	Cushion Crystal Lv.1	เลเวลของเครื่องป้องกันถึง Lv.1 ขึ้นไปสามารถนำมาฝังประดับเพื่อเสริมพลังได้\n(แนะนำ: เมื่อถอดผลึกออก ระดับแสงจะลดลง หากระดับแสงเหลือ 0 จะไม่สามารถฝังประดับได้)	ได้พลังเพิ่มขึ้น เมื่อฝังประดับ	
93027	Warn Crystal Lv.1	เลเวลของเครื่องป้องกันถึง Lv.1 ขึ้นไปสามารถนำมาฝังประดับเพื่อเสริมพลังได้\n(แนะนำ: เมื่อถอดผลึกออก ระดับแสงจะลดลง หากระดับแสงเหลือ 0 จะไม่สามารถฝังประดับได้)	ได้พลังเพิ่มขึ้น เมื่อฝังประดับ	
93028	Monitoring Crystal Lv.1	เลเวลของเครื่องป้องกันถึง Lv.1 ขึ้นไปสามารถนำมาฝังประดับเพื่อเสริมพลังได้\n(แนะนำ: เมื่อถอดผลึกออก ระดับแสงจะลดลง หากระดับแสงเหลือ 0 จะไม่สามารถฝังประดับได้)	ได้พลังเพิ่มขึ้น เมื่อฝังประดับ	
93029	Guard Crystal Lv.1	เลเวลของเครื่องป้องกันถึง Lv.1 ขึ้นไปสามารถนำมาฝังประดับเพื่อเสริมพลังได้\n(แนะนำ: เมื่อถอดผลึกออก ระดับแสงจะลดลง หากระดับแสงเหลือ 0 จะไม่สามารถฝังประดับได้)	ได้พลังเพิ่มขึ้น เมื่อฝังประดับ	
93030	Appease Crystal Lv.1	เลเวลของเครื่องป้องกันถึง Lv.1 ขึ้นไปสามารถนำมาฝังประดับเพื่อเสริมพลังได้\n(แนะนำ: เมื่อถอดผลึกออก ระดับแสงจะลดลง หากระดับแสงเหลือ 0 จะไม่สามารถฝังประดับได้)	ได้พลังเพิ่มขึ้น เมื่อฝังประดับ	
93031	Thunder Crystal Lv.1	เลเวลของเครื่องป้องกันถึง Lv.1 ขึ้นไปสามารถนำมาฝังประดับเพื่อเสริมพลังได้\n(แนะนำ: เมื่อถอดผลึกออก ระดับแสงจะลดลง หากระดับแสงเหลือ 0 จะไม่สามารถฝังประดับได้)	ได้พลังเพิ่มขึ้น เมื่อฝังประดับ	
93032	Sanction Crystal Lv.1	เลเวลของเครื่องป้องกันถึง Lv.1 ขึ้นไปสามารถนำมาฝังประดับเพื่อเสริมพลังได้\n(แนะนำ: เมื่อถอดผลึกออก ระดับแสงจะลดลง หากระดับแสงเหลือ 0 จะไม่สามารถฝังประดับได้)	ได้พลังเพิ่มขึ้น เมื่อฝังประดับ	
93033	Territory Crystal Lv.1	เลเวลของเครื่องป้องกันถึง Lv.1 ขึ้นไปสามารถนำมาฝังประดับเพื่อเสริมพลังได้\n(แนะนำ: เมื่อถอดผลึกออก ระดับแสงจะลดลง หากระดับแสงเหลือ 0 จะไม่สามารถฝังประดับได้)	ได้พลังเพิ่มขึ้น เมื่อฝังประดับ	
93034	Lockout Crystal Lv.1	เลเวลของเครื่องป้องกันถึง Lv.1 ขึ้นไปสามารถนำมาฝังประดับเพื่อเสริมพลังได้\n(แนะนำ: เมื่อถอดผลึกออก ระดับแสงจะลดลง หากระดับแสงเหลือ 0 จะไม่สามารถฝังประดับได้)	ได้พลังเพิ่มขึ้น เมื่อฝังประดับ	
93035	Chain Ring Crystal Lv.1	เลเวลของเครื่องป้องกันถึง Lv.1 ขึ้นไปสามารถนำมาฝังประดับเพื่อเสริมพลังได้\n(แนะนำ: เมื่อถอดผลึกออก ระดับแสงจะลดลง หากระดับแสงเหลือ 0 จะไม่สามารถฝังประดับได้)	ได้พลังเพิ่มขึ้น เมื่อฝังประดับ	
93036	One Heart Crystal Lv.1	เลเวลของเครื่องป้องกันถึง Lv.1 ขึ้นไปสามารถนำมาฝังประดับเพื่อเสริมพลังได้\n(แนะนำ: เมื่อถอดผลึกออก ระดับแสงจะลดลง หากระดับแสงเหลือ 0 จะไม่สามารถฝังประดับได้)	ได้พลังเพิ่มขึ้น เมื่อฝังประดับ	
93037	Improve Crystal Lv.1	เลเวลของเครื่องประดับถึง Lv.1 ขึ้นไปสามารถนำมาฝังประดับเพื่อเสริมพลังได้\n(แนะนำ: เมื่อถอดผลึกออก ระดับแสงจะลดลง หากระดับแสงเหลือ 0 จะไม่สามารถฝังประดับได้)	ได้พลังเพิ่มขึ้น เมื่อฝังประดับ	
93038	Familiar Crystal Lv.1	เลเวลของเครื่องประดับถึง Lv.1 ขึ้นไปสามารถนำมาฝังประดับเพื่อเสริมพลังได้\n(แนะนำ: เมื่อถอดผลึกออก ระดับแสงจะลดลง หากระดับแสงเหลือ 0 จะไม่สามารถฝังประดับได้)	ได้พลังเพิ่มขึ้น เมื่อฝังประดับ	
93039	Fracture Crystal Lv.1	เลเวลของเครื่องประดับถึง Lv.1 ขึ้นไปสามารถนำมาฝังประดับเพื่อเสริมพลังได้\n(แนะนำ: เมื่อถอดผลึกออก ระดับแสงจะลดลง หากระดับแสงเหลือ 0 จะไม่สามารถฝังประดับได้)	ได้พลังเพิ่มขึ้น เมื่อฝังประดับ	
93040	Security Crystal Lv.1	เลเวลของเครื่องประดับถึง Lv.1 ขึ้นไปสามารถนำมาฝังประดับเพื่อเสริมพลังได้\n(แนะนำ: เมื่อถอดผลึกออก ระดับแสงจะลดลง หากระดับแสงเหลือ 0 จะไม่สามารถฝังประดับได้)	ได้พลังเพิ่มขึ้น เมื่อฝังประดับ	
93041	Ministry Crystal Lv.1	เลเวลของเครื่องประดับถึง Lv.1 ขึ้นไปสามารถนำมาฝังประดับเพื่อเสริมพลังได้\n(แนะนำ: เมื่อถอดผลึกออก ระดับแสงจะลดลง หากระดับแสงเหลือ 0 จะไม่สามารถฝังประดับได้)	ได้พลังเพิ่มขึ้น เมื่อฝังประดับ	
93042	Compete Crystal Lv.1	เลเวลของเครื่องประดับถึง Lv.1 ขึ้นไปสามารถนำมาฝังประดับเพื่อเสริมพลังได้\n(แนะนำ: เมื่อถอดผลึกออก ระดับแสงจะลดลง หากระดับแสงเหลือ 0 จะไม่สามารถฝังประดับได้)	ได้พลังเพิ่มขึ้น เมื่อฝังประดับ	
93043	Calm Crystal Lv.1	เลเวลของเครื่องประดับถึง Lv.1 ขึ้นไปสามารถนำมาฝังประดับเพื่อเสริมพลังได้\n(แนะนำ: เมื่อถอดผลึกออก ระดับแสงจะลดลง หากระดับแสงเหลือ 0 จะไม่สามารถฝังประดับได้)	ได้พลังเพิ่มขึ้น เมื่อฝังประดับ	
93044	Guide Crystal Lv.1	เลเวลของเครื่องประดับถึง Lv.1 ขึ้นไปสามารถนำมาฝังประดับเพื่อเสริมพลังได้\n(แนะนำ: เมื่อถอดผลึกออก ระดับแสงจะลดลง หากระดับแสงเหลือ 0 จะไม่สามารถฝังประดับได้)	ได้พลังเพิ่มขึ้น เมื่อฝังประดับ	
93045	Safe Crystal Lv.1	เลเวลของเครื่องประดับถึง Lv.1 ขึ้นไปสามารถนำมาฝังประดับเพื่อเสริมพลังได้\n(แนะนำ: เมื่อถอดผลึกออก ระดับแสงจะลดลง หากระดับแสงเหลือ 0 จะไม่สามารถฝังประดับได้)	ได้พลังเพิ่มขึ้น เมื่อฝังประดับ	
93046	Inspiration Crystal Lv.1	เลเวลของเครื่องประดับถึง Lv.1 ขึ้นไปสามารถนำมาฝังประดับเพื่อเสริมพลังได้\n(แนะนำ: เมื่อถอดผลึกออก ระดับแสงจะลดลง หากระดับแสงเหลือ 0 จะไม่สามารถฝังประดับได้)	ได้พลังเพิ่มขึ้น เมื่อฝังประดับ	
93047	Sober Crystal Lv.1	เลเวลของเครื่องประดับถึง Lv.1 ขึ้นไปสามารถนำมาฝังประดับเพื่อเสริมพลังได้\n(แนะนำ: เมื่อถอดผลึกออก ระดับแสงจะลดลง หากระดับแสงเหลือ 0 จะไม่สามารถฝังประดับได้)	ได้พลังเพิ่มขึ้น เมื่อฝังประดับ	
93048	Silent Crystal Lv.1	เลเวลของเครื่องประดับถึง Lv.1 ขึ้นไปสามารถนำมาฝังประดับเพื่อเสริมพลังได้\n(แนะนำ: เมื่อถอดผลึกออก ระดับแสงจะลดลง หากระดับแสงเหลือ 0 จะไม่สามารถฝังประดับได้)	ได้พลังเพิ่มขึ้น เมื่อฝังประดับ	
93049	Superiority Crystal Lv.1	เลเวลของเครื่องประดับถึง Lv.1 ขึ้นไปสามารถนำมาฝังประดับเพื่อเสริมพลังได้\n(แนะนำ: เมื่อถอดผลึกออก ระดับแสงจะลดลง หากระดับแสงเหลือ 0 จะไม่สามารถฝังประดับได้)	ได้พลังเพิ่มขึ้น เมื่อฝังประดับ	
93050	Curtain Night Crystal Lv.1	เลเวลของเครื่องประดับถึง Lv.1 ขึ้นไปสามารถนำมาฝังประดับเพื่อเสริมพลังได้\n(แนะนำ: เมื่อถอดผลึกออก ระดับแสงจะลดลง หากระดับแสงเหลือ 0 จะไม่สามารถฝังประดับได้)	ได้พลังเพิ่มขึ้น เมื่อฝังประดับ	
93051	Hope Crystal Lv.1	เลเวลของเครื่องประดับถึง Lv.1 ขึ้นไปสามารถนำมาฝังประดับเพื่อเสริมพลังได้\n(แนะนำ: เมื่อถอดผลึกออก ระดับแสงจะลดลง หากระดับแสงเหลือ 0 จะไม่สามารถฝังประดับได้)	ได้พลังเพิ่มขึ้น เมื่อฝังประดับ	
93052	Support Crystal Lv.1	เลเวลของเครื่องประดับถึง Lv.1 ขึ้นไปสามารถนำมาฝังประดับเพื่อเสริมพลังได้\n(แนะนำ: เมื่อถอดผลึกออก ระดับแสงจะลดลง หากระดับแสงเหลือ 0 จะไม่สามารถฝังประดับได้)	ได้พลังเพิ่มขึ้น เมื่อฝังประดับ	
93053	War Crystal Lv.2	เลเวลของอาวุธถึง Lv.31 ขึ้นไปสามารถนำมาฝังประดับเพื่อเสริมพลังได้\n(แนะนำ: เมื่อถอดผลึกออก ระดับแสงจะลดลง หากระดับแสงเหลือ 0 จะไม่สามารถฝังประดับได้)	ได้พลังเพิ่มขึ้น เมื่อฝังประดับ	
93054	Flame Crystal Lv.2	เลเวลของอาวุธถึง Lv.31 ขึ้นไปสามารถนำมาฝังประดับเพื่อเสริมพลังได้\n(แนะนำ: เมื่อถอดผลึกออก ระดับแสงจะลดลง หากระดับแสงเหลือ 0 จะไม่สามารถฝังประดับได้)	ได้พลังเพิ่มขึ้น เมื่อฝังประดับ	
93055	Turmoil Crystal Lv.2	เลเวลของอาวุธถึง Lv.31 ขึ้นไปสามารถนำมาฝังประดับเพื่อเสริมพลังได้\n(แนะนำ: เมื่อถอดผลึกออก ระดับแสงจะลดลง หากระดับแสงเหลือ 0 จะไม่สามารถฝังประดับได้)	ได้พลังเพิ่มขึ้น เมื่อฝังประดับ	
93056	Wrangle Crystal Lv.2	เลเวลของอาวุธถึง Lv.31 ขึ้นไปสามารถนำมาฝังประดับเพื่อเสริมพลังได้\n(แนะนำ: เมื่อถอดผลึกออก ระดับแสงจะลดลง หากระดับแสงเหลือ 0 จะไม่สามารถฝังประดับได้)	ได้พลังเพิ่มขึ้น เมื่อฝังประดับ	
93057	Justice Crystal Lv.2	เลเวลของอาวุธถึง Lv.31 ขึ้นไปสามารถนำมาฝังประดับเพื่อเสริมพลังได้\n(แนะนำ: เมื่อถอดผลึกออก ระดับแสงจะลดลง หากระดับแสงเหลือ 0 จะไม่สามารถฝังประดับได้)	ได้พลังเพิ่มขึ้น เมื่อฝังประดับ	
93058	Weapon Crystal Lv.2	เลเวลของอาวุธถึง Lv.31 ขึ้นไปสามารถนำมาฝังประดับเพื่อเสริมพลังได้\n(แนะนำ: เมื่อถอดผลึกออก ระดับแสงจะลดลง หากระดับแสงเหลือ 0 จะไม่สามารถฝังประดับได้)	ได้พลังเพิ่มขึ้น เมื่อฝังประดับ	
93059	Wrestle Crystal Lv.2	เลเวลของอาวุธถึง Lv.31 ขึ้นไปสามารถนำมาฝังประดับเพื่อเสริมพลังได้\n(แนะนำ: เมื่อถอดผลึกออก ระดับแสงจะลดลง หากระดับแสงเหลือ 0 จะไม่สามารถฝังประดับได้)	ได้พลังเพิ่มขึ้น เมื่อฝังประดับ	
93060	Confrontation Crystal Lv.2	เลเวลของอาวุธถึง Lv.31 ขึ้นไปสามารถนำมาฝังประดับเพื่อเสริมพลังได้\n(แนะนำ: เมื่อถอดผลึกออก ระดับแสงจะลดลง หากระดับแสงเหลือ 0 จะไม่สามารถฝังประดับได้)	ได้พลังเพิ่มขึ้น เมื่อฝังประดับ	
93061	Outcome Crystal Lv.2	เลเวลของอาวุธถึง Lv.31 ขึ้นไปสามารถนำมาฝังประดับเพื่อเสริมพลังได้\n(แนะนำ: เมื่อถอดผลึกออก ระดับแสงจะลดลง หากระดับแสงเหลือ 0 จะไม่สามารถฝังประดับได้)	ได้พลังเพิ่มขึ้น เมื่อฝังประดับ	
93062	Declare War Crystal Lv.2	เลเวลของอาวุธถึง Lv.31 ขึ้นไปสามารถนำมาฝังประดับเพื่อเสริมพลังได้\n(แนะนำ: เมื่อถอดผลึกออก ระดับแสงจะลดลง หากระดับแสงเหลือ 0 จะไม่สามารถฝังประดับได้)	ได้พลังเพิ่มขึ้น เมื่อฝังประดับ	
93063	Coercion Crystal Lv.2	เลเวลของอาวุธถึง Lv.31 ขึ้นไปสามารถนำมาฝังประดับเพื่อเสริมพลังได้\n(แนะนำ: เมื่อถอดผลึกออก ระดับแสงจะลดลง หากระดับแสงเหลือ 0 จะไม่สามารถฝังประดับได้)	ได้พลังเพิ่มขึ้น เมื่อฝังประดับ	
93064	Horror Crystal Lv.2	เลเวลของอาวุธถึง Lv.31 ขึ้นไปสามารถนำมาฝังประดับเพื่อเสริมพลังได้\n(แนะนำ: เมื่อถอดผลึกออก ระดับแสงจะลดลง หากระดับแสงเหลือ 0 จะไม่สามารถฝังประดับได้)	ได้พลังเพิ่มขึ้น เมื่อฝังประดับ	
93065	Tight Crystal Lv.2	เลเวลของอาวุธถึง Lv.31 ขึ้นไปสามารถนำมาฝังประดับเพื่อเสริมพลังได้\n(แนะนำ: เมื่อถอดผลึกออก ระดับแสงจะลดลง หากระดับแสงเหลือ 0 จะไม่สามารถฝังประดับได้)	ได้พลังเพิ่มขึ้น เมื่อฝังประดับ	
93066	Violence Crystal Lv.2	เลเวลของอาวุธถึง Lv.31 ขึ้นไปสามารถนำมาฝังประดับเพื่อเสริมพลังได้\n(แนะนำ: เมื่อถอดผลึกออก ระดับแสงจะลดลง หากระดับแสงเหลือ 0 จะไม่สามารถฝังประดับได้)	ได้พลังเพิ่มขึ้น เมื่อฝังประดับ	
93067	Blood Crystal Lv.2	เลเวลของอาวุธถึง Lv.31 ขึ้นไปสามารถนำมาฝังประดับเพื่อเสริมพลังได้\n(แนะนำ: เมื่อถอดผลึกออก ระดับแสงจะลดลง หากระดับแสงเหลือ 0 จะไม่สามารถฝังประดับได้)	ได้พลังเพิ่มขึ้น เมื่อฝังประดับ	
93068	Madness Crystal Lv.2	เลเวลของอาวุธถึง Lv.31 ขึ้นไปสามารถนำมาฝังประดับเพื่อเสริมพลังได้\n(แนะนำ: เมื่อถอดผลึกออก ระดับแสงจะลดลง หากระดับแสงเหลือ 0 จะไม่สามารถฝังประดับได้)	ได้พลังเพิ่มขึ้น เมื่อฝังประดับ	
93069	Poor Soldier Crystal Lv.2	เลเวลของอาวุธถึง Lv.31 ขึ้นไปสามารถนำมาฝังประดับเพื่อเสริมพลังได้\n(แนะนำ: เมื่อถอดผลึกออก ระดับแสงจะลดลง หากระดับแสงเหลือ 0 จะไม่สามารถฝังประดับได้)	ได้พลังเพิ่มขึ้น เมื่อฝังประดับ	
93070	Biochemistry Crystal Lv.2	เลเวลของอาวุธถึง Lv.31 ขึ้นไปสามารถนำมาฝังประดับเพื่อเสริมพลังได้\n(แนะนำ: เมื่อถอดผลึกออก ระดับแสงจะลดลง หากระดับแสงเหลือ 0 จะไม่สามารถฝังประดับได้)	ได้พลังเพิ่มขึ้น เมื่อฝังประดับ	
93071	Modivid Crystal Lv.2	เลเวลของเครื่องป้องกันถึง Lv.31 ขึ้นไปสามารถนำมาฝังประดับเพื่อเสริมพลังได้\n(แนะนำ: เมื่อถอดผลึกออก ระดับแสงจะลดลง หากระดับแสงเหลือ 0 จะไม่สามารถฝังประดับได้)	ได้พลังเพิ่มขึ้น เมื่อฝังประดับ	
93072	Protect Crystal Lv.2	เลเวลของเครื่องป้องกันถึง Lv.31 ขึ้นไปสามารถนำมาฝังประดับเพื่อเสริมพลังได้\n(แนะนำ: เมื่อถอดผลึกออก ระดับแสงจะลดลง หากระดับแสงเหลือ 0 จะไม่สามารถฝังประดับได้)	ได้พลังเพิ่มขึ้น เมื่อฝังประดับ	
93073	Fort Crystal Lv.2	เลเวลของเครื่องป้องกันถึง Lv.31 ขึ้นไปสามารถนำมาฝังประดับเพื่อเสริมพลังได้\n(แนะนำ: เมื่อถอดผลึกออก ระดับแสงจะลดลง หากระดับแสงเหลือ 0 จะไม่สามารถฝังประดับได้)	ได้พลังเพิ่มขึ้น เมื่อฝังประดับ	
93074	Imperial Lv.2 Crystal Lv.2	เลเวลของเครื่องป้องกันถึง Lv.31 ขึ้นไปสามารถนำมาฝังประดับเพื่อเสริมพลังได้\n(แนะนำ: เมื่อถอดผลึกออก ระดับแสงจะลดลง หากระดับแสงเหลือ 0 จะไม่สามารถฝังประดับได้)	ได้พลังเพิ่มขึ้น เมื่อฝังประดับ	
93075	Aversion Crystal Lv.2	เลเวลของเครื่องป้องกันถึง Lv.31 ขึ้นไปสามารถนำมาฝังประดับเพื่อเสริมพลังได้\n(แนะนำ: เมื่อถอดผลึกออก ระดับแสงจะลดลง หากระดับแสงเหลือ 0 จะไม่สามารถฝังประดับได้)	ได้พลังเพิ่มขึ้น เมื่อฝังประดับ	
93076	Cache Crystal Lv.2	เลเวลของเครื่องป้องกันถึง Lv.31 ขึ้นไปสามารถนำมาฝังประดับเพื่อเสริมพลังได้\n(แนะนำ: เมื่อถอดผลึกออก ระดับแสงจะลดลง หากระดับแสงเหลือ 0 จะไม่สามารถฝังประดับได้)	ได้พลังเพิ่มขึ้น เมื่อฝังประดับ	
93077	Predator Crystal Lv.2	เลเวลของเครื่องป้องกันถึง Lv.31 ขึ้นไปสามารถนำมาฝังประดับเพื่อเสริมพลังได้\n(แนะนำ: เมื่อถอดผลึกออก ระดับแสงจะลดลง หากระดับแสงเหลือ 0 จะไม่สามารถฝังประดับได้)	ได้พลังเพิ่มขึ้น เมื่อฝังประดับ	
93078	Cushion Crystal Lv.2	เลเวลของเครื่องป้องกันถึง Lv.31 ขึ้นไปสามารถนำมาฝังประดับเพื่อเสริมพลังได้\n(แนะนำ: เมื่อถอดผลึกออก ระดับแสงจะลดลง หากระดับแสงเหลือ 0 จะไม่สามารถฝังประดับได้)	ได้พลังเพิ่มขึ้น เมื่อฝังประดับ	
93079	Warn Crystal Lv.2	เลเวลของเครื่องป้องกันถึง Lv.31 ขึ้นไปสามารถนำมาฝังประดับเพื่อเสริมพลังได้\n(แนะนำ: เมื่อถอดผลึกออก ระดับแสงจะลดลง หากระดับแสงเหลือ 0 จะไม่สามารถฝังประดับได้)	ได้พลังเพิ่มขึ้น เมื่อฝังประดับ	
93080	Monitoring Crystal Lv.2	เลเวลของเครื่องป้องกันถึง Lv.31 ขึ้นไปสามารถนำมาฝังประดับเพื่อเสริมพลังได้\n(แนะนำ: เมื่อถอดผลึกออก ระดับแสงจะลดลง หากระดับแสงเหลือ 0 จะไม่สามารถฝังประดับได้)	ได้พลังเพิ่มขึ้น เมื่อฝังประดับ	
93081	Guard Crystal Lv.2	เลเวลของเครื่องป้องกันถึง Lv.31 ขึ้นไปสามารถนำมาฝังประดับเพื่อเสริมพลังได้\n(แนะนำ: เมื่อถอดผลึกออก ระดับแสงจะลดลง หากระดับแสงเหลือ 0 จะไม่สามารถฝังประดับได้)	ได้พลังเพิ่มขึ้น เมื่อฝังประดับ	
93082	Appease Crystal Lv.2	เลเวลของเครื่องป้องกันถึง Lv.31 ขึ้นไปสามารถนำมาฝังประดับเพื่อเสริมพลังได้\n(แนะนำ: เมื่อถอดผลึกออก ระดับแสงจะลดลง หากระดับแสงเหลือ 0 จะไม่สามารถฝังประดับได้)	ได้พลังเพิ่มขึ้น เมื่อฝังประดับ	
93083	Thunder Crystal Lv.2	เลเวลของเครื่องป้องกันถึง Lv.31 ขึ้นไปสามารถนำมาฝังประดับเพื่อเสริมพลังได้\n(แนะนำ: เมื่อถอดผลึกออก ระดับแสงจะลดลง หากระดับแสงเหลือ 0 จะไม่สามารถฝังประดับได้)	ได้พลังเพิ่มขึ้น เมื่อฝังประดับ	
93084	Sanction Crystal Lv.2	เลเวลของเครื่องป้องกันถึง Lv.31 ขึ้นไปสามารถนำมาฝังประดับเพื่อเสริมพลังได้\n(แนะนำ: เมื่อถอดผลึกออก ระดับแสงจะลดลง หากระดับแสงเหลือ 0 จะไม่สามารถฝังประดับได้)	ได้พลังเพิ่มขึ้น เมื่อฝังประดับ	
93085	Territory Crystal Lv.2	เลเวลของเครื่องป้องกันถึง Lv.31 ขึ้นไปสามารถนำมาฝังประดับเพื่อเสริมพลังได้\n(แนะนำ: เมื่อถอดผลึกออก ระดับแสงจะลดลง หากระดับแสงเหลือ 0 จะไม่สามารถฝังประดับได้)	ได้พลังเพิ่มขึ้น เมื่อฝังประดับ	
93086	Lockout Crystal Lv.2	เลเวลของเครื่องป้องกันถึง Lv.31 ขึ้นไปสามารถนำมาฝังประดับเพื่อเสริมพลังได้\n(แนะนำ: เมื่อถอดผลึกออก ระดับแสงจะลดลง หากระดับแสงเหลือ 0 จะไม่สามารถฝังประดับได้)	ได้พลังเพิ่มขึ้น เมื่อฝังประดับ	
93087	Chain Ring Crystal Lv.2	เลเวลของเครื่องป้องกันถึง Lv.31 ขึ้นไปสามารถนำมาฝังประดับเพื่อเสริมพลังได้\n(แนะนำ: เมื่อถอดผลึกออก ระดับแสงจะลดลง หากระดับแสงเหลือ 0 จะไม่สามารถฝังประดับได้)	ได้พลังเพิ่มขึ้น เมื่อฝังประดับ	
93088	One Heart Crystal Lv.2	เลเวลของเครื่องป้องกันถึง Lv.31 ขึ้นไปสามารถนำมาฝังประดับเพื่อเสริมพลังได้\n(แนะนำ: เมื่อถอดผลึกออก ระดับแสงจะลดลง หากระดับแสงเหลือ 0 จะไม่สามารถฝังประดับได้)	ได้พลังเพิ่มขึ้น เมื่อฝังประดับ	
93089	Improve Crystal Lv.2	เลเวลของเครื่องประดับถึง Lv.31 ขึ้นไปสามารถนำมาฝังประดับเพื่อเสริมพลังได้\n(แนะนำ: เมื่อถอดผลึกออก ระดับแสงจะลดลง หากระดับแสงเหลือ 0 จะไม่สามารถฝังประดับได้)	ได้พลังเพิ่มขึ้น เมื่อฝังประดับ	
93090	Familiar Crystal Lv.2	เลเวลของเครื่องประดับถึง Lv.31 ขึ้นไปสามารถนำมาฝังประดับเพื่อเสริมพลังได้\n(แนะนำ: เมื่อถอดผลึกออก ระดับแสงจะลดลง หากระดับแสงเหลือ 0 จะไม่สามารถฝังประดับได้)	ได้พลังเพิ่มขึ้น เมื่อฝังประดับ	
93091	Fracture Crystal Lv.2	เลเวลของเครื่องประดับถึง Lv.31 ขึ้นไปสามารถนำมาฝังประดับเพื่อเสริมพลังได้\n(แนะนำ: เมื่อถอดผลึกออก ระดับแสงจะลดลง หากระดับแสงเหลือ 0 จะไม่สามารถฝังประดับได้)	ได้พลังเพิ่มขึ้น เมื่อฝังประดับ	
93092	Security Crystal Lv.2	เลเวลของเครื่องประดับถึง Lv.31 ขึ้นไปสามารถนำมาฝังประดับเพื่อเสริมพลังได้\n(แนะนำ: เมื่อถอดผลึกออก ระดับแสงจะลดลง หากระดับแสงเหลือ 0 จะไม่สามารถฝังประดับได้)	ได้พลังเพิ่มขึ้น เมื่อฝังประดับ	
93093	Ministry Crystal Lv.2	เลเวลของเครื่องประดับถึง Lv.31 ขึ้นไปสามารถนำมาฝังประดับเพื่อเสริมพลังได้\n(แนะนำ: เมื่อถอดผลึกออก ระดับแสงจะลดลง หากระดับแสงเหลือ 0 จะไม่สามารถฝังประดับได้)	ได้พลังเพิ่มขึ้น เมื่อฝังประดับ	
93094	Compete Crystal Lv.2	เลเวลของเครื่องประดับถึง Lv.31 ขึ้นไปสามารถนำมาฝังประดับเพื่อเสริมพลังได้\n(แนะนำ: เมื่อถอดผลึกออก ระดับแสงจะลดลง หากระดับแสงเหลือ 0 จะไม่สามารถฝังประดับได้)	ได้พลังเพิ่มขึ้น เมื่อฝังประดับ	
93095	Cal Lv.2m Crystal Lv.2	เลเวลของเครื่องประดับถึง Lv.31 ขึ้นไปสามารถนำมาฝังประดับเพื่อเสริมพลังได้\n(แนะนำ: เมื่อถอดผลึกออก ระดับแสงจะลดลง หากระดับแสงเหลือ 0 จะไม่สามารถฝังประดับได้)	ได้พลังเพิ่มขึ้น เมื่อฝังประดับ	
93096	Guide Crystal Lv.2	เลเวลของเครื่องประดับถึง Lv.31 ขึ้นไปสามารถนำมาฝังประดับเพื่อเสริมพลังได้\n(แนะนำ: เมื่อถอดผลึกออก ระดับแสงจะลดลง หากระดับแสงเหลือ 0 จะไม่สามารถฝังประดับได้)	ได้พลังเพิ่มขึ้น เมื่อฝังประดับ	
93097	Safe Crystal Lv.2	เลเวลของเครื่องประดับถึง Lv.31 ขึ้นไปสามารถนำมาฝังประดับเพื่อเสริมพลังได้\n(แนะนำ: เมื่อถอดผลึกออก ระดับแสงจะลดลง หากระดับแสงเหลือ 0 จะไม่สามารถฝังประดับได้)	ได้พลังเพิ่มขึ้น เมื่อฝังประดับ	
93098	Inspiration Crystal Lv.2	เลเวลของเครื่องประดับถึง Lv.31 ขึ้นไปสามารถนำมาฝังประดับเพื่อเสริมพลังได้\n(แนะนำ: เมื่อถอดผลึกออก ระดับแสงจะลดลง หากระดับแสงเหลือ 0 จะไม่สามารถฝังประดับได้)	ได้พลังเพิ่มขึ้น เมื่อฝังประดับ	
93099	Sober Crystal Lv.2	เลเวลของเครื่องประดับถึง Lv.31 ขึ้นไปสามารถนำมาฝังประดับเพื่อเสริมพลังได้\n(แนะนำ: เมื่อถอดผลึกออก ระดับแสงจะลดลง หากระดับแสงเหลือ 0 จะไม่สามารถฝังประดับได้)	ได้พลังเพิ่มขึ้น เมื่อฝังประดับ	
93100	Silent Crystal Lv.2	เลเวลของเครื่องประดับถึง Lv.31 ขึ้นไปสามารถนำมาฝังประดับเพื่อเสริมพลังได้\n(แนะนำ: เมื่อถอดผลึกออก ระดับแสงจะลดลง หากระดับแสงเหลือ 0 จะไม่สามารถฝังประดับได้)	ได้พลังเพิ่มขึ้น เมื่อฝังประดับ	
93101	Superiority Crystal Lv.2	เลเวลของเครื่องประดับถึง Lv.31 ขึ้นไปสามารถนำมาฝังประดับเพื่อเสริมพลังได้\n(แนะนำ: เมื่อถอดผลึกออก ระดับแสงจะลดลง หากระดับแสงเหลือ 0 จะไม่สามารถฝังประดับได้)	ได้พลังเพิ่มขึ้น เมื่อฝังประดับ	
93102	Curtain Night Crystal Lv.2	เลเวลของเครื่องประดับถึง Lv.31 ขึ้นไปสามารถนำมาฝังประดับเพื่อเสริมพลังได้\n(แนะนำ: เมื่อถอดผลึกออก ระดับแสงจะลดลง หากระดับแสงเหลือ 0 จะไม่สามารถฝังประดับได้)	ได้พลังเพิ่มขึ้น เมื่อฝังประดับ	
93103	Hope Crystal Lv.2	เลเวลของเครื่องประดับถึง Lv.31 ขึ้นไปสามารถนำมาฝังประดับเพื่อเสริมพลังได้\n(แนะนำ: เมื่อถอดผลึกออก ระดับแสงจะลดลง หากระดับแสงเหลือ 0 จะไม่สามารถฝังประดับได้)	ได้พลังเพิ่มขึ้น เมื่อฝังประดับ	
93104	Support Crystal Lv.2	เลเวลของเครื่องประดับถึง Lv.31 ขึ้นไปสามารถนำมาฝังประดับเพื่อเสริมพลังได้\n(แนะนำ: เมื่อถอดผลึกออก ระดับแสงจะลดลง หากระดับแสงเหลือ 0 จะไม่สามารถฝังประดับได้)	ได้พลังเพิ่มขึ้น เมื่อฝังประดับ	
93105	War Crystal Lv.3	เลเวลของอาวุธถึง Lv.51 ขึ้นไปสามารถนำมาฝังประดับเพื่อเสริมพลังได้\n(แนะนำ: เมื่อถอดผลึกออก ระดับแสงจะลดลง หากระดับแสงเหลือ 0 จะไม่สามารถฝังประดับได้)	ได้พลังเพิ่มขึ้น เมื่อฝังประดับ	
93106	Flame Crystal Lv.3	เลเวลของอาวุธถึง Lv.51 ขึ้นไปสามารถนำมาฝังประดับเพื่อเสริมพลังได้\n(แนะนำ: เมื่อถอดผลึกออก ระดับแสงจะลดลง หากระดับแสงเหลือ 0 จะไม่สามารถฝังประดับได้)	ได้พลังเพิ่มขึ้น เมื่อฝังประดับ	
93107	Turmoil Crystal Lv.3	เลเวลของอาวุธถึง Lv.51 ขึ้นไปสามารถนำมาฝังประดับเพื่อเสริมพลังได้\n(แนะนำ: เมื่อถอดผลึกออก ระดับแสงจะลดลง หากระดับแสงเหลือ 0 จะไม่สามารถฝังประดับได้)	ได้พลังเพิ่มขึ้น เมื่อฝังประดับ	
93108	Wrangle Crystal Lv.3	เลเวลของอาวุธถึง Lv.51 ขึ้นไปสามารถนำมาฝังประดับเพื่อเสริมพลังได้\n(แนะนำ: เมื่อถอดผลึกออก ระดับแสงจะลดลง หากระดับแสงเหลือ 0 จะไม่สามารถฝังประดับได้)	ได้พลังเพิ่มขึ้น เมื่อฝังประดับ	
93109	Justice Crystal Lv.3	เลเวลของอาวุธถึง Lv.51 ขึ้นไปสามารถนำมาฝังประดับเพื่อเสริมพลังได้\n(แนะนำ: เมื่อถอดผลึกออก ระดับแสงจะลดลง หากระดับแสงเหลือ 0 จะไม่สามารถฝังประดับได้)	ได้พลังเพิ่มขึ้น เมื่อฝังประดับ	
93110	Weapon Crystal Lv.3	เลเวลของอาวุธถึง Lv.51 ขึ้นไปสามารถนำมาฝังประดับเพื่อเสริมพลังได้\n(แนะนำ: เมื่อถอดผลึกออก ระดับแสงจะลดลง หากระดับแสงเหลือ 0 จะไม่สามารถฝังประดับได้)	ได้พลังเพิ่มขึ้น เมื่อฝังประดับ	
93111	Wrestle Crystal Lv.3	เลเวลของอาวุธถึง Lv.51 ขึ้นไปสามารถนำมาฝังประดับเพื่อเสริมพลังได้\n(แนะนำ: เมื่อถอดผลึกออก ระดับแสงจะลดลง หากระดับแสงเหลือ 0 จะไม่สามารถฝังประดับได้)	ได้พลังเพิ่มขึ้น เมื่อฝังประดับ	
93112	Confrontation Crystal Lv.3	เลเวลของอาวุธถึง Lv.51 ขึ้นไปสามารถนำมาฝังประดับเพื่อเสริมพลังได้\n(แนะนำ: เมื่อถอดผลึกออก ระดับแสงจะลดลง หากระดับแสงเหลือ 0 จะไม่สามารถฝังประดับได้)	ได้พลังเพิ่มขึ้น เมื่อฝังประดับ	
93113	Outcome Crystal Lv.3	เลเวลของอาวุธถึง Lv.51 ขึ้นไปสามารถนำมาฝังประดับเพื่อเสริมพลังได้\n(แนะนำ: เมื่อถอดผลึกออก ระดับแสงจะลดลง หากระดับแสงเหลือ 0 จะไม่สามารถฝังประดับได้)	ได้พลังเพิ่มขึ้น เมื่อฝังประดับ	
93114	Declare War Crystal Lv.3	เลเวลของอาวุธถึง Lv.51 ขึ้นไปสามารถนำมาฝังประดับเพื่อเสริมพลังได้\n(แนะนำ: เมื่อถอดผลึกออก ระดับแสงจะลดลง หากระดับแสงเหลือ 0 จะไม่สามารถฝังประดับได้)	ได้พลังเพิ่มขึ้น เมื่อฝังประดับ	
93115	Coercion Crystal Lv.3	เลเวลของอาวุธถึง Lv.51 ขึ้นไปสามารถนำมาฝังประดับเพื่อเสริมพลังได้\n(แนะนำ: เมื่อถอดผลึกออก ระดับแสงจะลดลง หากระดับแสงเหลือ 0 จะไม่สามารถฝังประดับได้)	ได้พลังเพิ่มขึ้น เมื่อฝังประดับ	
93116	Horror Crystal Lv.3	เลเวลของอาวุธถึง Lv.51 ขึ้นไปสามารถนำมาฝังประดับเพื่อเสริมพลังได้\n(แนะนำ: เมื่อถอดผลึกออก ระดับแสงจะลดลง หากระดับแสงเหลือ 0 จะไม่สามารถฝังประดับได้)	ได้พลังเพิ่มขึ้น เมื่อฝังประดับ	
93117	Tight Crystal Lv.3	เลเวลของอาวุธถึง Lv.51 ขึ้นไปสามารถนำมาฝังประดับเพื่อเสริมพลังได้\n(แนะนำ: เมื่อถอดผลึกออก ระดับแสงจะลดลง หากระดับแสงเหลือ 0 จะไม่สามารถฝังประดับได้)	ได้พลังเพิ่มขึ้น เมื่อฝังประดับ	
93118	Violence Crystal Lv.3	เลเวลของอาวุธถึง Lv.51 ขึ้นไปสามารถนำมาฝังประดับเพื่อเสริมพลังได้\n(แนะนำ: เมื่อถอดผลึกออก ระดับแสงจะลดลง หากระดับแสงเหลือ 0 จะไม่สามารถฝังประดับได้)	ได้พลังเพิ่มขึ้น เมื่อฝังประดับ	
93119	Blood Crystal Lv.3	เลเวลของอาวุธถึง Lv.51 ขึ้นไปสามารถนำมาฝังประดับเพื่อเสริมพลังได้\n(แนะนำ: เมื่อถอดผลึกออก ระดับแสงจะลดลง หากระดับแสงเหลือ 0 จะไม่สามารถฝังประดับได้)	ได้พลังเพิ่มขึ้น เมื่อฝังประดับ	
93120	Madness Crystal Lv.3	เลเวลของอาวุธถึง Lv.51 ขึ้นไปสามารถนำมาฝังประดับเพื่อเสริมพลังได้\n(แนะนำ: เมื่อถอดผลึกออก ระดับแสงจะลดลง หากระดับแสงเหลือ 0 จะไม่สามารถฝังประดับได้)	ได้พลังเพิ่มขึ้น เมื่อฝังประดับ	
93121	Poor Soldier Crystal Lv.3	เลเวลของอาวุธถึง Lv.51 ขึ้นไปสามารถนำมาฝังประดับเพื่อเสริมพลังได้\n(แนะนำ: เมื่อถอดผลึกออก ระดับแสงจะลดลง หากระดับแสงเหลือ 0 จะไม่สามารถฝังประดับได้)	ได้พลังเพิ่มขึ้น เมื่อฝังประดับ	
93122	Biochemistry Crystal Lv.3	เลเวลของอาวุธถึง Lv.51 ขึ้นไปสามารถนำมาฝังประดับเพื่อเสริมพลังได้\n(แนะนำ: เมื่อถอดผลึกออก ระดับแสงจะลดลง หากระดับแสงเหลือ 0 จะไม่สามารถฝังประดับได้)	ได้พลังเพิ่มขึ้น เมื่อฝังประดับ	
93123	Kill Crystal Lv.3	เลเวลของอาวุธถึง Lv.51 ขึ้นไปสามารถนำมาฝังประดับเพื่อเสริมพลังได้\n(แนะนำ: เมื่อถอดผลึกออก ระดับแสงจะลดลง หากระดับแสงเหลือ 0 จะไม่สามารถฝังประดับได้)	ได้พลังเพิ่มขึ้น เมื่อฝังประดับ	
93124	Defeat Crystal Lv.3	เลเวลของอาวุธถึง Lv.51 ขึ้นไปสามารถนำมาฝังประดับเพื่อเสริมพลังได้\n(แนะนำ: เมื่อถอดผลึกออก ระดับแสงจะลดลง หากระดับแสงเหลือ 0 จะไม่สามารถฝังประดับได้)	ได้พลังเพิ่มขึ้น เมื่อฝังประดับ	
93125	Modivid Crystal Lv.3	เลเวลของเครื่องป้องกันถึง Lv.51 ขึ้นไปสามารถนำมาฝังประดับเพื่อเสริมพลังได้\n(แนะนำ: เมื่อถอดผลึกออก ระดับแสงจะลดลง หากระดับแสงเหลือ 0 จะไม่สามารถฝังประดับได้)	ได้พลังเพิ่มขึ้น เมื่อฝังประดับ	
93126	Protect Crystal Lv.3	เลเวลของเครื่องป้องกันถึง Lv.51 ขึ้นไปสามารถนำมาฝังประดับเพื่อเสริมพลังได้\n(แนะนำ: เมื่อถอดผลึกออก ระดับแสงจะลดลง หากระดับแสงเหลือ 0 จะไม่สามารถฝังประดับได้)	ได้พลังเพิ่มขึ้น เมื่อฝังประดับ	
93127	Fort Crystal Lv.3	เลเวลของเครื่องป้องกันถึง Lv.51 ขึ้นไปสามารถนำมาฝังประดับเพื่อเสริมพลังได้\n(แนะนำ: เมื่อถอดผลึกออก ระดับแสงจะลดลง หากระดับแสงเหลือ 0 จะไม่สามารถฝังประดับได้)	ได้พลังเพิ่มขึ้น เมื่อฝังประดับ	
93128	Imperial Lv.3 Crystal Lv.3	เลเวลของเครื่องป้องกันถึง Lv.51 ขึ้นไปสามารถนำมาฝังประดับเพื่อเสริมพลังได้\n(แนะนำ: เมื่อถอดผลึกออก ระดับแสงจะลดลง หากระดับแสงเหลือ 0 จะไม่สามารถฝังประดับได้)	ได้พลังเพิ่มขึ้น เมื่อฝังประดับ	
93129	Aversion Crystal Lv.3	เลเวลของเครื่องป้องกันถึง Lv.51 ขึ้นไปสามารถนำมาฝังประดับเพื่อเสริมพลังได้\n(แนะนำ: เมื่อถอดผลึกออก ระดับแสงจะลดลง หากระดับแสงเหลือ 0 จะไม่สามารถฝังประดับได้)	ได้พลังเพิ่มขึ้น เมื่อฝังประดับ	
93130	Cache Crystal Lv.3	เลเวลของเครื่องป้องกันถึง Lv.51 ขึ้นไปสามารถนำมาฝังประดับเพื่อเสริมพลังได้\n(แนะนำ: เมื่อถอดผลึกออก ระดับแสงจะลดลง หากระดับแสงเหลือ 0 จะไม่สามารถฝังประดับได้)	ได้พลังเพิ่มขึ้น เมื่อฝังประดับ	
93131	Predator Crystal Lv.3	เลเวลของเครื่องป้องกันถึง Lv.51 ขึ้นไปสามารถนำมาฝังประดับเพื่อเสริมพลังได้\n(แนะนำ: เมื่อถอดผลึกออก ระดับแสงจะลดลง หากระดับแสงเหลือ 0 จะไม่สามารถฝังประดับได้)	ได้พลังเพิ่มขึ้น เมื่อฝังประดับ	
93132	Cushion Crystal Lv.3	เลเวลของเครื่องป้องกันถึง Lv.51 ขึ้นไปสามารถนำมาฝังประดับเพื่อเสริมพลังได้\n(แนะนำ: เมื่อถอดผลึกออก ระดับแสงจะลดลง หากระดับแสงเหลือ 0 จะไม่สามารถฝังประดับได้)	ได้พลังเพิ่มขึ้น เมื่อฝังประดับ	
93133	Warn Crystal Lv.3	เลเวลของเครื่องป้องกันถึง Lv.51 ขึ้นไปสามารถนำมาฝังประดับเพื่อเสริมพลังได้\n(แนะนำ: เมื่อถอดผลึกออก ระดับแสงจะลดลง หากระดับแสงเหลือ 0 จะไม่สามารถฝังประดับได้)	ได้พลังเพิ่มขึ้น เมื่อฝังประดับ	
93134	Monitoring Crystal Lv.3	เลเวลของเครื่องป้องกันถึง Lv.51 ขึ้นไปสามารถนำมาฝังประดับเพื่อเสริมพลังได้\n(แนะนำ: เมื่อถอดผลึกออก ระดับแสงจะลดลง หากระดับแสงเหลือ 0 จะไม่สามารถฝังประดับได้)	ได้พลังเพิ่มขึ้น เมื่อฝังประดับ	
93135	Guard Crystal Lv.3	เลเวลของเครื่องป้องกันถึง Lv.51 ขึ้นไปสามารถนำมาฝังประดับเพื่อเสริมพลังได้\n(แนะนำ: เมื่อถอดผลึกออก ระดับแสงจะลดลง หากระดับแสงเหลือ 0 จะไม่สามารถฝังประดับได้)	ได้พลังเพิ่มขึ้น เมื่อฝังประดับ	
93136	Appease Crystal Lv.3	เลเวลของเครื่องป้องกันถึง Lv.51 ขึ้นไปสามารถนำมาฝังประดับเพื่อเสริมพลังได้\n(แนะนำ: เมื่อถอดผลึกออก ระดับแสงจะลดลง หากระดับแสงเหลือ 0 จะไม่สามารถฝังประดับได้)	ได้พลังเพิ่มขึ้น เมื่อฝังประดับ	
93137	Thunder Crystal Lv.3	เลเวลของเครื่องป้องกันถึง Lv.51 ขึ้นไปสามารถนำมาฝังประดับเพื่อเสริมพลังได้\n(แนะนำ: เมื่อถอดผลึกออก ระดับแสงจะลดลง หากระดับแสงเหลือ 0 จะไม่สามารถฝังประดับได้)	ได้พลังเพิ่มขึ้น เมื่อฝังประดับ	
93138	Sanction Crystal Lv.3	เลเวลของเครื่องป้องกันถึง Lv.51 ขึ้นไปสามารถนำมาฝังประดับเพื่อเสริมพลังได้\n(แนะนำ: เมื่อถอดผลึกออก ระดับแสงจะลดลง หากระดับแสงเหลือ 0 จะไม่สามารถฝังประดับได้)	ได้พลังเพิ่มขึ้น เมื่อฝังประดับ	
93139	Territory Crystal Lv.3	เลเวลของเครื่องป้องกันถึง Lv.51 ขึ้นไปสามารถนำมาฝังประดับเพื่อเสริมพลังได้\n(แนะนำ: เมื่อถอดผลึกออก ระดับแสงจะลดลง หากระดับแสงเหลือ 0 จะไม่สามารถฝังประดับได้)	ได้พลังเพิ่มขึ้น เมื่อฝังประดับ	
93140	Lockout Crystal Lv.3	เลเวลของเครื่องป้องกันถึง Lv.51 ขึ้นไปสามารถนำมาฝังประดับเพื่อเสริมพลังได้\n(แนะนำ: เมื่อถอดผลึกออก ระดับแสงจะลดลง หากระดับแสงเหลือ 0 จะไม่สามารถฝังประดับได้)	ได้พลังเพิ่มขึ้น เมื่อฝังประดับ	
93141	Chain Ring Crystal Lv.3	เลเวลของเครื่องป้องกันถึง Lv.51 ขึ้นไปสามารถนำมาฝังประดับเพื่อเสริมพลังได้\n(แนะนำ: เมื่อถอดผลึกออก ระดับแสงจะลดลง หากระดับแสงเหลือ 0 จะไม่สามารถฝังประดับได้)	ได้พลังเพิ่มขึ้น เมื่อฝังประดับ	
93142	One Heart Crystal Lv.3	เลเวลของเครื่องป้องกันถึง Lv.51 ขึ้นไปสามารถนำมาฝังประดับเพื่อเสริมพลังได้\n(แนะนำ: เมื่อถอดผลึกออก ระดับแสงจะลดลง หากระดับแสงเหลือ 0 จะไม่สามารถฝังประดับได้)	ได้พลังเพิ่มขึ้น เมื่อฝังประดับ	
93143	Border Crystal Lv.3	เลเวลของเครื่องป้องกันถึง Lv.51 ขึ้นไปสามารถนำมาฝังประดับเพื่อเสริมพลังได้\n(แนะนำ: เมื่อถอดผลึกออก ระดับแสงจะลดลง หากระดับแสงเหลือ 0 จะไม่สามารถฝังประดับได้)	ได้พลังเพิ่มขึ้น เมื่อฝังประดับ	
93144	Wilderness Crystal Lv.3	เลเวลของเครื่องป้องกันถึง Lv.51 ขึ้นไปสามารถนำมาฝังประดับเพื่อเสริมพลังได้\n(แนะนำ: เมื่อถอดผลึกออก ระดับแสงจะลดลง หากระดับแสงเหลือ 0 จะไม่สามารถฝังประดับได้)	ได้พลังเพิ่มขึ้น เมื่อฝังประดับ	
93145	Improve Crystal Lv.3	เลเวลของเครื่องประดับถึง Lv.51 ขึ้นไปสามารถนำมาฝังประดับเพื่อเสริมพลังได้\n(แนะนำ: เมื่อถอดผลึกออก ระดับแสงจะลดลง หากระดับแสงเหลือ 0 จะไม่สามารถฝังประดับได้)	ได้พลังเพิ่มขึ้น เมื่อฝังประดับ	
93146	Familiar Crystal Lv.3	เลเวลของเครื่องประดับถึง Lv.51 ขึ้นไปสามารถนำมาฝังประดับเพื่อเสริมพลังได้\n(แนะนำ: เมื่อถอดผลึกออก ระดับแสงจะลดลง หากระดับแสงเหลือ 0 จะไม่สามารถฝังประดับได้)	ได้พลังเพิ่มขึ้น เมื่อฝังประดับ	
93147	Fracture Crystal Lv.3	เลเวลของเครื่องประดับถึง Lv.51 ขึ้นไปสามารถนำมาฝังประดับเพื่อเสริมพลังได้\n(แนะนำ: เมื่อถอดผลึกออก ระดับแสงจะลดลง หากระดับแสงเหลือ 0 จะไม่สามารถฝังประดับได้)	ได้พลังเพิ่มขึ้น เมื่อฝังประดับ	
93148	Security Crystal Lv.3	เลเวลของเครื่องประดับถึง Lv.51 ขึ้นไปสามารถนำมาฝังประดับเพื่อเสริมพลังได้\n(แนะนำ: เมื่อถอดผลึกออก ระดับแสงจะลดลง หากระดับแสงเหลือ 0 จะไม่สามารถฝังประดับได้)	ได้พลังเพิ่มขึ้น เมื่อฝังประดับ	
93149	Ministry Crystal Lv.3	เลเวลของเครื่องประดับถึง Lv.51 ขึ้นไปสามารถนำมาฝังประดับเพื่อเสริมพลังได้\n(แนะนำ: เมื่อถอดผลึกออก ระดับแสงจะลดลง หากระดับแสงเหลือ 0 จะไม่สามารถฝังประดับได้)	ได้พลังเพิ่มขึ้น เมื่อฝังประดับ	
93150	Compete Crystal Lv.3	เลเวลของเครื่องประดับถึง Lv.51 ขึ้นไปสามารถนำมาฝังประดับเพื่อเสริมพลังได้\n(แนะนำ: เมื่อถอดผลึกออก ระดับแสงจะลดลง หากระดับแสงเหลือ 0 จะไม่สามารถฝังประดับได้)	ได้พลังเพิ่มขึ้น เมื่อฝังประดับ	
93151	Cal Lv.3m Crystal Lv.3	เลเวลของเครื่องประดับถึง Lv.51 ขึ้นไปสามารถนำมาฝังประดับเพื่อเสริมพลังได้\n(แนะนำ: เมื่อถอดผลึกออก ระดับแสงจะลดลง หากระดับแสงเหลือ 0 จะไม่สามารถฝังประดับได้)	ได้พลังเพิ่มขึ้น เมื่อฝังประดับ	
93152	Guide Crystal Lv.3	เลเวลของเครื่องประดับถึง Lv.51 ขึ้นไปสามารถนำมาฝังประดับเพื่อเสริมพลังได้\n(แนะนำ: เมื่อถอดผลึกออก ระดับแสงจะลดลง หากระดับแสงเหลือ 0 จะไม่สามารถฝังประดับได้)	ได้พลังเพิ่มขึ้น เมื่อฝังประดับ	
93153	Safe Crystal Lv.3	เลเวลของเครื่องประดับถึง Lv.51 ขึ้นไปสามารถนำมาฝังประดับเพื่อเสริมพลังได้\n(แนะนำ: เมื่อถอดผลึกออก ระดับแสงจะลดลง หากระดับแสงเหลือ 0 จะไม่สามารถฝังประดับได้)	ได้พลังเพิ่มขึ้น เมื่อฝังประดับ	
93154	Inspiration Crystal Lv.3	เลเวลของเครื่องประดับถึง Lv.51 ขึ้นไปสามารถนำมาฝังประดับเพื่อเสริมพลังได้\n(แนะนำ: เมื่อถอดผลึกออก ระดับแสงจะลดลง หากระดับแสงเหลือ 0 จะไม่สามารถฝังประดับได้)	ได้พลังเพิ่มขึ้น เมื่อฝังประดับ	
93155	Sober Crystal Lv.3	เลเวลของเครื่องประดับถึง Lv.51 ขึ้นไปสามารถนำมาฝังประดับเพื่อเสริมพลังได้\n(แนะนำ: เมื่อถอดผลึกออก ระดับแสงจะลดลง หากระดับแสงเหลือ 0 จะไม่สามารถฝังประดับได้)	ได้พลังเพิ่มขึ้น เมื่อฝังประดับ	
93156	Silent Crystal Lv.3	เลเวลของเครื่องประดับถึง Lv.51 ขึ้นไปสามารถนำมาฝังประดับเพื่อเสริมพลังได้\n(แนะนำ: เมื่อถอดผลึกออก ระดับแสงจะลดลง หากระดับแสงเหลือ 0 จะไม่สามารถฝังประดับได้)	ได้พลังเพิ่มขึ้น เมื่อฝังประดับ	
93157	Superiority Crystal Lv.3	เลเวลของเครื่องประดับถึง Lv.51 ขึ้นไปสามารถนำมาฝังประดับเพื่อเสริมพลังได้\n(แนะนำ: เมื่อถอดผลึกออก ระดับแสงจะลดลง หากระดับแสงเหลือ 0 จะไม่สามารถฝังประดับได้)	ได้พลังเพิ่มขึ้น เมื่อฝังประดับ	
93158	Curtain Night Crystal Lv.3	เลเวลของเครื่องประดับถึง Lv.51 ขึ้นไปสามารถนำมาฝังประดับเพื่อเสริมพลังได้\n(แนะนำ: เมื่อถอดผลึกออก ระดับแสงจะลดลง หากระดับแสงเหลือ 0 จะไม่สามารถฝังประดับได้)	ได้พลังเพิ่มขึ้น เมื่อฝังประดับ	
93159	Hope Crystal Lv.3	เลเวลของเครื่องประดับถึง Lv.51 ขึ้นไปสามารถนำมาฝังประดับเพื่อเสริมพลังได้\n(แนะนำ: เมื่อถอดผลึกออก ระดับแสงจะลดลง หากระดับแสงเหลือ 0 จะไม่สามารถฝังประดับได้)	ได้พลังเพิ่มขึ้น เมื่อฝังประดับ	
93160	Support Crystal Lv.3	เลเวลของเครื่องประดับถึง Lv.51 ขึ้นไปสามารถนำมาฝังประดับเพื่อเสริมพลังได้\n(แนะนำ: เมื่อถอดผลึกออก ระดับแสงจะลดลง หากระดับแสงเหลือ 0 จะไม่สามารถฝังประดับได้)	ได้พลังเพิ่มขึ้น เมื่อฝังประดับ	
93161	Eternal Lv.3 Crystal Lv.3	เลเวลของเครื่องประดับถึง Lv.51 ขึ้นไปสามารถนำมาฝังประดับเพื่อเสริมพลังได้\n(แนะนำ: เมื่อถอดผลึกออก ระดับแสงจะลดลง หากระดับแสงเหลือ 0 จะไม่สามารถฝังประดับได้)	ได้พลังเพิ่มขึ้น เมื่อฝังประดับ	
93162	Intervene Crystal Lv.3	เลเวลของเครื่องประดับถึง Lv.51 ขึ้นไปสามารถนำมาฝังประดับเพื่อเสริมพลังได้\n(แนะนำ: เมื่อถอดผลึกออก ระดับแสงจะลดลง หากระดับแสงเหลือ 0 จะไม่สามารถฝังประดับได้)	ได้พลังเพิ่มขึ้น เมื่อฝังประดับ	
93163	War Crystal Lv.4	เลเวลของอาวุธถึง Lv.66 ขึ้นไปสามารถนำมาฝังประดับเพื่อเสริมพลังได้\n(แนะนำ: เมื่อถอดผลึกออก ระดับแสงจะลดลง หากระดับแสงเหลือ 0 จะไม่สามารถฝังประดับได้)	ได้พลังเพิ่มขึ้น เมื่อฝังประดับ	
93164	Flame Crystal Lv.4	เลเวลของอาวุธถึง Lv.66 ขึ้นไปสามารถนำมาฝังประดับเพื่อเสริมพลังได้\n(แนะนำ: เมื่อถอดผลึกออก ระดับแสงจะลดลง หากระดับแสงเหลือ 0 จะไม่สามารถฝังประดับได้)	ได้พลังเพิ่มขึ้น เมื่อฝังประดับ	
93165	Turmoil Crystal Lv.4	เลเวลของอาวุธถึง Lv.66 ขึ้นไปสามารถนำมาฝังประดับเพื่อเสริมพลังได้\n(แนะนำ: เมื่อถอดผลึกออก ระดับแสงจะลดลง หากระดับแสงเหลือ 0 จะไม่สามารถฝังประดับได้)	ได้พลังเพิ่มขึ้น เมื่อฝังประดับ	
93166	Wrangle Crystal Lv.4	เลเวลของอาวุธถึง Lv.66 ขึ้นไปสามารถนำมาฝังประดับเพื่อเสริมพลังได้\n(แนะนำ: เมื่อถอดผลึกออก ระดับแสงจะลดลง หากระดับแสงเหลือ 0 จะไม่สามารถฝังประดับได้)	ได้พลังเพิ่มขึ้น เมื่อฝังประดับ	
93167	Justice Crystal Lv.4	เลเวลของอาวุธถึง Lv.66 ขึ้นไปสามารถนำมาฝังประดับเพื่อเสริมพลังได้\n(แนะนำ: เมื่อถอดผลึกออก ระดับแสงจะลดลง หากระดับแสงเหลือ 0 จะไม่สามารถฝังประดับได้)	ได้พลังเพิ่มขึ้น เมื่อฝังประดับ	
93168	Weapon Crystal Lv.4	เลเวลของอาวุธถึง Lv.66 ขึ้นไปสามารถนำมาฝังประดับเพื่อเสริมพลังได้\n(แนะนำ: เมื่อถอดผลึกออก ระดับแสงจะลดลง หากระดับแสงเหลือ 0 จะไม่สามารถฝังประดับได้)	ได้พลังเพิ่มขึ้น เมื่อฝังประดับ	
93169	Wrestle Crystal Lv.4	เลเวลของอาวุธถึง Lv.66 ขึ้นไปสามารถนำมาฝังประดับเพื่อเสริมพลังได้\n(แนะนำ: เมื่อถอดผลึกออก ระดับแสงจะลดลง หากระดับแสงเหลือ 0 จะไม่สามารถฝังประดับได้)	ได้พลังเพิ่มขึ้น เมื่อฝังประดับ	
93170	Confrontation Crystal Lv.4	เลเวลของอาวุธถึง Lv.66 ขึ้นไปสามารถนำมาฝังประดับเพื่อเสริมพลังได้\n(แนะนำ: เมื่อถอดผลึกออก ระดับแสงจะลดลง หากระดับแสงเหลือ 0 จะไม่สามารถฝังประดับได้)	ได้พลังเพิ่มขึ้น เมื่อฝังประดับ	
93171	Outcome Crystal Lv.4	เลเวลของอาวุธถึง Lv.66 ขึ้นไปสามารถนำมาฝังประดับเพื่อเสริมพลังได้\n(แนะนำ: เมื่อถอดผลึกออก ระดับแสงจะลดลง หากระดับแสงเหลือ 0 จะไม่สามารถฝังประดับได้)	ได้พลังเพิ่มขึ้น เมื่อฝังประดับ	
93172	Declare War Crystal Lv.4	เลเวลของอาวุธถึง Lv.66 ขึ้นไปสามารถนำมาฝังประดับเพื่อเสริมพลังได้\n(แนะนำ: เมื่อถอดผลึกออก ระดับแสงจะลดลง หากระดับแสงเหลือ 0 จะไม่สามารถฝังประดับได้)	ได้พลังเพิ่มขึ้น เมื่อฝังประดับ	
93173	Coercion Crystal Lv.4	เลเวลของอาวุธถึง Lv.66 ขึ้นไปสามารถนำมาฝังประดับเพื่อเสริมพลังได้\n(แนะนำ: เมื่อถอดผลึกออก ระดับแสงจะลดลง หากระดับแสงเหลือ 0 จะไม่สามารถฝังประดับได้)	ได้พลังเพิ่มขึ้น เมื่อฝังประดับ	
93174	Horror Crystal Lv.4	เลเวลของอาวุธถึง Lv.66 ขึ้นไปสามารถนำมาฝังประดับเพื่อเสริมพลังได้\n(แนะนำ: เมื่อถอดผลึกออก ระดับแสงจะลดลง หากระดับแสงเหลือ 0 จะไม่สามารถฝังประดับได้)	ได้พลังเพิ่มขึ้น เมื่อฝังประดับ	
93175	Tight Crystal Lv.4	เลเวลของอาวุธถึง Lv.66 ขึ้นไปสามารถนำมาฝังประดับเพื่อเสริมพลังได้\n(แนะนำ: เมื่อถอดผลึกออก ระดับแสงจะลดลง หากระดับแสงเหลือ 0 จะไม่สามารถฝังประดับได้)	ได้พลังเพิ่มขึ้น เมื่อฝังประดับ	
93176	Violence Crystal Lv.4	เลเวลของอาวุธถึง Lv.66 ขึ้นไปสามารถนำมาฝังประดับเพื่อเสริมพลังได้\n(แนะนำ: เมื่อถอดผลึกออก ระดับแสงจะลดลง หากระดับแสงเหลือ 0 จะไม่สามารถฝังประดับได้)	ได้พลังเพิ่มขึ้น เมื่อฝังประดับ	
93177	Blood Crystal Lv.4	เลเวลของอาวุธถึง Lv.66 ขึ้นไปสามารถนำมาฝังประดับเพื่อเสริมพลังได้\n(แนะนำ: เมื่อถอดผลึกออก ระดับแสงจะลดลง หากระดับแสงเหลือ 0 จะไม่สามารถฝังประดับได้)	ได้พลังเพิ่มขึ้น เมื่อฝังประดับ	
93178	Madness Crystal Lv.4	เลเวลของอาวุธถึง Lv.66 ขึ้นไปสามารถนำมาฝังประดับเพื่อเสริมพลังได้\n(แนะนำ: เมื่อถอดผลึกออก ระดับแสงจะลดลง หากระดับแสงเหลือ 0 จะไม่สามารถฝังประดับได้)	ได้พลังเพิ่มขึ้น เมื่อฝังประดับ	
93179	Poor Soldier Crystal Lv.4	เลเวลของอาวุธถึง Lv.66 ขึ้นไปสามารถนำมาฝังประดับเพื่อเสริมพลังได้\n(แนะนำ: เมื่อถอดผลึกออก ระดับแสงจะลดลง หากระดับแสงเหลือ 0 จะไม่สามารถฝังประดับได้)	ได้พลังเพิ่มขึ้น เมื่อฝังประดับ	
93180	Biochemistry Crystal Lv.4	เลเวลของอาวุธถึง Lv.66 ขึ้นไปสามารถนำมาฝังประดับเพื่อเสริมพลังได้\n(แนะนำ: เมื่อถอดผลึกออก ระดับแสงจะลดลง หากระดับแสงเหลือ 0 จะไม่สามารถฝังประดับได้)	ได้พลังเพิ่มขึ้น เมื่อฝังประดับ	
93181	Kill Crystal Lv.4	เลเวลของอาวุธถึง Lv.66 ขึ้นไปสามารถนำมาฝังประดับเพื่อเสริมพลังได้\n(แนะนำ: เมื่อถอดผลึกออก ระดับแสงจะลดลง หากระดับแสงเหลือ 0 จะไม่สามารถฝังประดับได้)	ได้พลังเพิ่มขึ้น เมื่อฝังประดับ	
93182	Defeat Crystal Lv.4	เลเวลของอาวุธถึง Lv.66 ขึ้นไปสามารถนำมาฝังประดับเพื่อเสริมพลังได้\n(แนะนำ: เมื่อถอดผลึกออก ระดับแสงจะลดลง หากระดับแสงเหลือ 0 จะไม่สามารถฝังประดับได้)	ได้พลังเพิ่มขึ้น เมื่อฝังประดับ	
93183	Modivid Crystal Lv.4	เลเวลของเครื่องป้องกันถึง Lv.66 ขึ้นไปสามารถนำมาฝังประดับเพื่อเสริมพลังได้\n(แนะนำ: เมื่อถอดผลึกออก ระดับแสงจะลดลง หากระดับแสงเหลือ 0 จะไม่สามารถฝังประดับได้)	ได้พลังเพิ่มขึ้น เมื่อฝังประดับ	
93184	Protect Crystal Lv.4	เลเวลของเครื่องป้องกันถึง Lv.66 ขึ้นไปสามารถนำมาฝังประดับเพื่อเสริมพลังได้\n(แนะนำ: เมื่อถอดผลึกออก ระดับแสงจะลดลง หากระดับแสงเหลือ 0 จะไม่สามารถฝังประดับได้)	ได้พลังเพิ่มขึ้น เมื่อฝังประดับ	
93185	Fort Crystal Lv.4	เลเวลของเครื่องป้องกันถึง Lv.66 ขึ้นไปสามารถนำมาฝังประดับเพื่อเสริมพลังได้\n(แนะนำ: เมื่อถอดผลึกออก ระดับแสงจะลดลง หากระดับแสงเหลือ 0 จะไม่สามารถฝังประดับได้)	ได้พลังเพิ่มขึ้น เมื่อฝังประดับ	
93186	Imperial Lv.4 Crystal Lv.4	เลเวลของเครื่องป้องกันถึง Lv.66 ขึ้นไปสามารถนำมาฝังประดับเพื่อเสริมพลังได้\n(แนะนำ: เมื่อถอดผลึกออก ระดับแสงจะลดลง หากระดับแสงเหลือ 0 จะไม่สามารถฝังประดับได้)	ได้พลังเพิ่มขึ้น เมื่อฝังประดับ	
93187	Aversion Crystal Lv.4	เลเวลของเครื่องป้องกันถึง Lv.66 ขึ้นไปสามารถนำมาฝังประดับเพื่อเสริมพลังได้\n(แนะนำ: เมื่อถอดผลึกออก ระดับแสงจะลดลง หากระดับแสงเหลือ 0 จะไม่สามารถฝังประดับได้)	ได้พลังเพิ่มขึ้น เมื่อฝังประดับ	
93188	Cache Crystal Lv.4	เลเวลของเครื่องป้องกันถึง Lv.66 ขึ้นไปสามารถนำมาฝังประดับเพื่อเสริมพลังได้\n(แนะนำ: เมื่อถอดผลึกออก ระดับแสงจะลดลง หากระดับแสงเหลือ 0 จะไม่สามารถฝังประดับได้)	ได้พลังเพิ่มขึ้น เมื่อฝังประดับ	
93189	Predator Crystal Lv.4	เลเวลของเครื่องป้องกันถึง Lv.66 ขึ้นไปสามารถนำมาฝังประดับเพื่อเสริมพลังได้\n(แนะนำ: เมื่อถอดผลึกออก ระดับแสงจะลดลง หากระดับแสงเหลือ 0 จะไม่สามารถฝังประดับได้)	ได้พลังเพิ่มขึ้น เมื่อฝังประดับ	
93190	Cushion Crystal Lv.4	เลเวลของเครื่องป้องกันถึง Lv.66 ขึ้นไปสามารถนำมาฝังประดับเพื่อเสริมพลังได้\n(แนะนำ: เมื่อถอดผลึกออก ระดับแสงจะลดลง หากระดับแสงเหลือ 0 จะไม่สามารถฝังประดับได้)	ได้พลังเพิ่มขึ้น เมื่อฝังประดับ	
93191	Warn Crystal Lv.4	เลเวลของเครื่องป้องกันถึง Lv.66 ขึ้นไปสามารถนำมาฝังประดับเพื่อเสริมพลังได้\n(แนะนำ: เมื่อถอดผลึกออก ระดับแสงจะลดลง หากระดับแสงเหลือ 0 จะไม่สามารถฝังประดับได้)	ได้พลังเพิ่มขึ้น เมื่อฝังประดับ	
93192	Monitoring Crystal Lv.4	เลเวลของเครื่องป้องกันถึง Lv.66 ขึ้นไปสามารถนำมาฝังประดับเพื่อเสริมพลังได้\n(แนะนำ: เมื่อถอดผลึกออก ระดับแสงจะลดลง หากระดับแสงเหลือ 0 จะไม่สามารถฝังประดับได้)	ได้พลังเพิ่มขึ้น เมื่อฝังประดับ	
93193	Guard Crystal Lv.4	เลเวลของเครื่องป้องกันถึง Lv.66 ขึ้นไปสามารถนำมาฝังประดับเพื่อเสริมพลังได้\n(แนะนำ: เมื่อถอดผลึกออก ระดับแสงจะลดลง หากระดับแสงเหลือ 0 จะไม่สามารถฝังประดับได้)	ได้พลังเพิ่มขึ้น เมื่อฝังประดับ	
93194	Appease Crystal Lv.4	เลเวลของเครื่องป้องกันถึง Lv.66 ขึ้นไปสามารถนำมาฝังประดับเพื่อเสริมพลังได้\n(แนะนำ: เมื่อถอดผลึกออก ระดับแสงจะลดลง หากระดับแสงเหลือ 0 จะไม่สามารถฝังประดับได้)	ได้พลังเพิ่มขึ้น เมื่อฝังประดับ	
93195	Thunder Crystal Lv.4	เลเวลของเครื่องป้องกันถึง Lv.66 ขึ้นไปสามารถนำมาฝังประดับเพื่อเสริมพลังได้\n(แนะนำ: เมื่อถอดผลึกออก ระดับแสงจะลดลง หากระดับแสงเหลือ 0 จะไม่สามารถฝังประดับได้)	ได้พลังเพิ่มขึ้น เมื่อฝังประดับ	
93196	Sanction Crystal Lv.4	เลเวลของเครื่องป้องกันถึง Lv.66 ขึ้นไปสามารถนำมาฝังประดับเพื่อเสริมพลังได้\n(แนะนำ: เมื่อถอดผลึกออก ระดับแสงจะลดลง หากระดับแสงเหลือ 0 จะไม่สามารถฝังประดับได้)	ได้พลังเพิ่มขึ้น เมื่อฝังประดับ	
93197	Territory Crystal Lv.4	เลเวลของเครื่องป้องกันถึง Lv.66 ขึ้นไปสามารถนำมาฝังประดับเพื่อเสริมพลังได้\n(แนะนำ: เมื่อถอดผลึกออก ระดับแสงจะลดลง หากระดับแสงเหลือ 0 จะไม่สามารถฝังประดับได้)	ได้พลังเพิ่มขึ้น เมื่อฝังประดับ	
93198	Lockout Crystal Lv.4	เลเวลของเครื่องป้องกันถึง Lv.66 ขึ้นไปสามารถนำมาฝังประดับเพื่อเสริมพลังได้\n(แนะนำ: เมื่อถอดผลึกออก ระดับแสงจะลดลง หากระดับแสงเหลือ 0 จะไม่สามารถฝังประดับได้)	ได้พลังเพิ่มขึ้น เมื่อฝังประดับ	
93199	Chain Ring Crystal Lv.4	เลเวลของเครื่องป้องกันถึง Lv.66 ขึ้นไปสามารถนำมาฝังประดับเพื่อเสริมพลังได้\n(แนะนำ: เมื่อถอดผลึกออก ระดับแสงจะลดลง หากระดับแสงเหลือ 0 จะไม่สามารถฝังประดับได้)	ได้พลังเพิ่มขึ้น เมื่อฝังประดับ	
93200	One Heart Crystal Lv.4	เลเวลของเครื่องป้องกันถึง Lv.66 ขึ้นไปสามารถนำมาฝังประดับเพื่อเสริมพลังได้\n(แนะนำ: เมื่อถอดผลึกออก ระดับแสงจะลดลง หากระดับแสงเหลือ 0 จะไม่สามารถฝังประดับได้)	ได้พลังเพิ่มขึ้น เมื่อฝังประดับ	
93201	Border Crystal Lv.4	เลเวลของเครื่องป้องกันถึง Lv.66 ขึ้นไปสามารถนำมาฝังประดับเพื่อเสริมพลังได้\n(แนะนำ: เมื่อถอดผลึกออก ระดับแสงจะลดลง หากระดับแสงเหลือ 0 จะไม่สามารถฝังประดับได้)	ได้พลังเพิ่มขึ้น เมื่อฝังประดับ	
93202	Wilderness Crystal Lv.4	เลเวลของเครื่องป้องกันถึง Lv.66 ขึ้นไปสามารถนำมาฝังประดับเพื่อเสริมพลังได้\n(แนะนำ: เมื่อถอดผลึกออก ระดับแสงจะลดลง หากระดับแสงเหลือ 0 จะไม่สามารถฝังประดับได้)	ได้พลังเพิ่มขึ้น เมื่อฝังประดับ	
93203	Improve Crystal Lv.4	เลเวลของเครื่องประดับถึง Lv.66 ขึ้นไปสามารถนำมาฝังประดับเพื่อเสริมพลังได้\n(แนะนำ: เมื่อถอดผลึกออก ระดับแสงจะลดลง หากระดับแสงเหลือ 0 จะไม่สามารถฝังประดับได้)	ได้พลังเพิ่มขึ้น เมื่อฝังประดับ	
93204	Familiar Crystal Lv.4	เลเวลของเครื่องประดับถึง Lv.66 ขึ้นไปสามารถนำมาฝังประดับเพื่อเสริมพลังได้\n(แนะนำ: เมื่อถอดผลึกออก ระดับแสงจะลดลง หากระดับแสงเหลือ 0 จะไม่สามารถฝังประดับได้)	ได้พลังเพิ่มขึ้น เมื่อฝังประดับ	
93205	Fracture Crystal Lv.4	เลเวลของเครื่องประดับถึง Lv.66 ขึ้นไปสามารถนำมาฝังประดับเพื่อเสริมพลังได้\n(แนะนำ: เมื่อถอดผลึกออก ระดับแสงจะลดลง หากระดับแสงเหลือ 0 จะไม่สามารถฝังประดับได้)	ได้พลังเพิ่มขึ้น เมื่อฝังประดับ	
93206	Security Crystal Lv.4	เลเวลของเครื่องประดับถึง Lv.66 ขึ้นไปสามารถนำมาฝังประดับเพื่อเสริมพลังได้\n(แนะนำ: เมื่อถอดผลึกออก ระดับแสงจะลดลง หากระดับแสงเหลือ 0 จะไม่สามารถฝังประดับได้)	ได้พลังเพิ่มขึ้น เมื่อฝังประดับ	
93207	Ministry Crystal Lv.4	เลเวลของเครื่องประดับถึง Lv.66 ขึ้นไปสามารถนำมาฝังประดับเพื่อเสริมพลังได้\n(แนะนำ: เมื่อถอดผลึกออก ระดับแสงจะลดลง หากระดับแสงเหลือ 0 จะไม่สามารถฝังประดับได้)	ได้พลังเพิ่มขึ้น เมื่อฝังประดับ	
93208	Compete Crystal Lv.4	เลเวลของเครื่องประดับถึง Lv.66 ขึ้นไปสามารถนำมาฝังประดับเพื่อเสริมพลังได้\n(แนะนำ: เมื่อถอดผลึกออก ระดับแสงจะลดลง หากระดับแสงเหลือ 0 จะไม่สามารถฝังประดับได้)	ได้พลังเพิ่มขึ้น เมื่อฝังประดับ	
93209	Cal Lv.4m Crystal Lv.4	เลเวลของเครื่องประดับถึง Lv.66 ขึ้นไปสามารถนำมาฝังประดับเพื่อเสริมพลังได้\n(แนะนำ: เมื่อถอดผลึกออก ระดับแสงจะลดลง หากระดับแสงเหลือ 0 จะไม่สามารถฝังประดับได้)	ได้พลังเพิ่มขึ้น เมื่อฝังประดับ	
93210	Guide Crystal Lv.4	เลเวลของเครื่องประดับถึง Lv.66 ขึ้นไปสามารถนำมาฝังประดับเพื่อเสริมพลังได้\n(แนะนำ: เมื่อถอดผลึกออก ระดับแสงจะลดลง หากระดับแสงเหลือ 0 จะไม่สามารถฝังประดับได้)	ได้พลังเพิ่มขึ้น เมื่อฝังประดับ	
93211	Safe Crystal Lv.4	เลเวลของเครื่องประดับถึง Lv.66 ขึ้นไปสามารถนำมาฝังประดับเพื่อเสริมพลังได้\n(แนะนำ: เมื่อถอดผลึกออก ระดับแสงจะลดลง หากระดับแสงเหลือ 0 จะไม่สามารถฝังประดับได้)	ได้พลังเพิ่มขึ้น เมื่อฝังประดับ	
93212	Inspiration Crystal Lv.4	เลเวลของเครื่องประดับถึง Lv.66 ขึ้นไปสามารถนำมาฝังประดับเพื่อเสริมพลังได้\n(แนะนำ: เมื่อถอดผลึกออก ระดับแสงจะลดลง หากระดับแสงเหลือ 0 จะไม่สามารถฝังประดับได้)	ได้พลังเพิ่มขึ้น เมื่อฝังประดับ	
93213	Sober Crystal Lv.4	เลเวลของเครื่องประดับถึง Lv.66 ขึ้นไปสามารถนำมาฝังประดับเพื่อเสริมพลังได้\n(แนะนำ: เมื่อถอดผลึกออก ระดับแสงจะลดลง หากระดับแสงเหลือ 0 จะไม่สามารถฝังประดับได้)	ได้พลังเพิ่มขึ้น เมื่อฝังประดับ	
93214	Silent Crystal Lv.4	เลเวลของเครื่องประดับถึง Lv.66 ขึ้นไปสามารถนำมาฝังประดับเพื่อเสริมพลังได้\n(แนะนำ: เมื่อถอดผลึกออก ระดับแสงจะลดลง หากระดับแสงเหลือ 0 จะไม่สามารถฝังประดับได้)	ได้พลังเพิ่มขึ้น เมื่อฝังประดับ	
93215	Superiority Crystal Lv.4	เลเวลของเครื่องประดับถึง Lv.66 ขึ้นไปสามารถนำมาฝังประดับเพื่อเสริมพลังได้\n(แนะนำ: เมื่อถอดผลึกออก ระดับแสงจะลดลง หากระดับแสงเหลือ 0 จะไม่สามารถฝังประดับได้)	ได้พลังเพิ่มขึ้น เมื่อฝังประดับ	
93216	Curtain Night Crystal Lv.4	เลเวลของเครื่องประดับถึง Lv.66 ขึ้นไปสามารถนำมาฝังประดับเพื่อเสริมพลังได้\n(แนะนำ: เมื่อถอดผลึกออก ระดับแสงจะลดลง หากระดับแสงเหลือ 0 จะไม่สามารถฝังประดับได้)	ได้พลังเพิ่มขึ้น เมื่อฝังประดับ	
93217	Hope Crystal Lv.4	เลเวลของเครื่องประดับถึง Lv.66 ขึ้นไปสามารถนำมาฝังประดับเพื่อเสริมพลังได้\n(แนะนำ: เมื่อถอดผลึกออก ระดับแสงจะลดลง หากระดับแสงเหลือ 0 จะไม่สามารถฝังประดับได้)	ได้พลังเพิ่มขึ้น เมื่อฝังประดับ	
93218	Support Crystal Lv.4	เลเวลของเครื่องประดับถึง Lv.66 ขึ้นไปสามารถนำมาฝังประดับเพื่อเสริมพลังได้\n(แนะนำ: เมื่อถอดผลึกออก ระดับแสงจะลดลง หากระดับแสงเหลือ 0 จะไม่สามารถฝังประดับได้)	ได้พลังเพิ่มขึ้น เมื่อฝังประดับ	
93219	Eternal Lv.4 Crystal Lv.4	เลเวลของเครื่องประดับถึง Lv.66 ขึ้นไปสามารถนำมาฝังประดับเพื่อเสริมพลังได้\n(แนะนำ: เมื่อถอดผลึกออก ระดับแสงจะลดลง หากระดับแสงเหลือ 0 จะไม่สามารถฝังประดับได้)	ได้พลังเพิ่มขึ้น เมื่อฝังประดับ	
93220	Intervene Crystal Lv.4	เลเวลของเครื่องประดับถึง Lv.66 ขึ้นไปสามารถนำมาฝังประดับเพื่อเสริมพลังได้\n(แนะนำ: เมื่อถอดผลึกออก ระดับแสงจะลดลง หากระดับแสงเหลือ 0 จะไม่สามารถฝังประดับได้)	ได้พลังเพิ่มขึ้น เมื่อฝังประดับ	
93221	War Crystal Lv.5	เลเวลของอาวุธถึง Lv.81 ขึ้นไปสามารถนำมาฝังประดับเพื่อเสริมพลังได้\n(แนะนำ: เมื่อถอดผลึกออก ระดับแสงจะลดลง หากระดับแสงเหลือ 0 จะไม่สามารถฝังประดับได้)	ได้พลังเพิ่มขึ้น เมื่อฝังประดับ	
93222	Flame Crystal Lv.5	เลเวลของอาวุธถึง Lv.81 ขึ้นไปสามารถนำมาฝังประดับเพื่อเสริมพลังได้\n(แนะนำ: เมื่อถอดผลึกออก ระดับแสงจะลดลง หากระดับแสงเหลือ 0 จะไม่สามารถฝังประดับได้)	ได้พลังเพิ่มขึ้น เมื่อฝังประดับ	
93223	Turmoil Crystal Lv.5	เลเวลของอาวุธถึง Lv.81 ขึ้นไปสามารถนำมาฝังประดับเพื่อเสริมพลังได้\n(แนะนำ: เมื่อถอดผลึกออก ระดับแสงจะลดลง หากระดับแสงเหลือ 0 จะไม่สามารถฝังประดับได้)	ได้พลังเพิ่มขึ้น เมื่อฝังประดับ	
93224	Wrangle Crystal Lv.5	เลเวลของอาวุธถึง Lv.81 ขึ้นไปสามารถนำมาฝังประดับเพื่อเสริมพลังได้\n(แนะนำ: เมื่อถอดผลึกออก ระดับแสงจะลดลง หากระดับแสงเหลือ 0 จะไม่สามารถฝังประดับได้)	ได้พลังเพิ่มขึ้น เมื่อฝังประดับ	
93225	Justice Crystal Lv.5	เลเวลของอาวุธถึง Lv.81 ขึ้นไปสามารถนำมาฝังประดับเพื่อเสริมพลังได้\n(แนะนำ: เมื่อถอดผลึกออก ระดับแสงจะลดลง หากระดับแสงเหลือ 0 จะไม่สามารถฝังประดับได้)	ได้พลังเพิ่มขึ้น เมื่อฝังประดับ	
93226	Weapon Crystal Lv.5	เลเวลของอาวุธถึง Lv.81 ขึ้นไปสามารถนำมาฝังประดับเพื่อเสริมพลังได้\n(แนะนำ: เมื่อถอดผลึกออก ระดับแสงจะลดลง หากระดับแสงเหลือ 0 จะไม่สามารถฝังประดับได้)	ได้พลังเพิ่มขึ้น เมื่อฝังประดับ	
93227	Wrestle Crystal Lv.5	เลเวลของอาวุธถึง Lv.81 ขึ้นไปสามารถนำมาฝังประดับเพื่อเสริมพลังได้\n(แนะนำ: เมื่อถอดผลึกออก ระดับแสงจะลดลง หากระดับแสงเหลือ 0 จะไม่สามารถฝังประดับได้)	ได้พลังเพิ่มขึ้น เมื่อฝังประดับ	
93228	Confrontation Crystal Lv.5	เลเวลของอาวุธถึง Lv.81 ขึ้นไปสามารถนำมาฝังประดับเพื่อเสริมพลังได้\n(แนะนำ: เมื่อถอดผลึกออก ระดับแสงจะลดลง หากระดับแสงเหลือ 0 จะไม่สามารถฝังประดับได้)	ได้พลังเพิ่มขึ้น เมื่อฝังประดับ	
93229	Outcome Crystal Lv.5	เลเวลของอาวุธถึง Lv.81 ขึ้นไปสามารถนำมาฝังประดับเพื่อเสริมพลังได้\n(แนะนำ: เมื่อถอดผลึกออก ระดับแสงจะลดลง หากระดับแสงเหลือ 0 จะไม่สามารถฝังประดับได้)	ได้พลังเพิ่มขึ้น เมื่อฝังประดับ	
93230	Declare War Crystal Lv.5	เลเวลของอาวุธถึง Lv.81 ขึ้นไปสามารถนำมาฝังประดับเพื่อเสริมพลังได้\n(แนะนำ: เมื่อถอดผลึกออก ระดับแสงจะลดลง หากระดับแสงเหลือ 0 จะไม่สามารถฝังประดับได้)	ได้พลังเพิ่มขึ้น เมื่อฝังประดับ	
93231	Coercion Crystal Lv.5	เลเวลของอาวุธถึง Lv.81 ขึ้นไปสามารถนำมาฝังประดับเพื่อเสริมพลังได้\n(แนะนำ: เมื่อถอดผลึกออก ระดับแสงจะลดลง หากระดับแสงเหลือ 0 จะไม่สามารถฝังประดับได้)	ได้พลังเพิ่มขึ้น เมื่อฝังประดับ	
93232	Horror Crystal Lv.5	เลเวลของอาวุธถึง Lv.81 ขึ้นไปสามารถนำมาฝังประดับเพื่อเสริมพลังได้\n(แนะนำ: เมื่อถอดผลึกออก ระดับแสงจะลดลง หากระดับแสงเหลือ 0 จะไม่สามารถฝังประดับได้)	ได้พลังเพิ่มขึ้น เมื่อฝังประดับ	
93233	Tight Crystal Lv.5	เลเวลของอาวุธถึง Lv.81 ขึ้นไปสามารถนำมาฝังประดับเพื่อเสริมพลังได้\n(แนะนำ: เมื่อถอดผลึกออก ระดับแสงจะลดลง หากระดับแสงเหลือ 0 จะไม่สามารถฝังประดับได้)	ได้พลังเพิ่มขึ้น เมื่อฝังประดับ	
93234	Violence Crystal Lv.5	เลเวลของอาวุธถึง Lv.81 ขึ้นไปสามารถนำมาฝังประดับเพื่อเสริมพลังได้\n(แนะนำ: เมื่อถอดผลึกออก ระดับแสงจะลดลง หากระดับแสงเหลือ 0 จะไม่สามารถฝังประดับได้)	ได้พลังเพิ่มขึ้น เมื่อฝังประดับ	
93235	Blood Crystal Lv.5	เลเวลของอาวุธถึง Lv.81 ขึ้นไปสามารถนำมาฝังประดับเพื่อเสริมพลังได้\n(แนะนำ: เมื่อถอดผลึกออก ระดับแสงจะลดลง หากระดับแสงเหลือ 0 จะไม่สามารถฝังประดับได้)	ได้พลังเพิ่มขึ้น เมื่อฝังประดับ	
93236	Madness Crystal Lv.5	เลเวลของอาวุธถึง Lv.81 ขึ้นไปสามารถนำมาฝังประดับเพื่อเสริมพลังได้\n(แนะนำ: เมื่อถอดผลึกออก ระดับแสงจะลดลง หากระดับแสงเหลือ 0 จะไม่สามารถฝังประดับได้)	ได้พลังเพิ่มขึ้น เมื่อฝังประดับ	
93237	Poor Soldier Crystal Lv.5	เลเวลของอาวุธถึง Lv.81 ขึ้นไปสามารถนำมาฝังประดับเพื่อเสริมพลังได้\n(แนะนำ: เมื่อถอดผลึกออก ระดับแสงจะลดลง หากระดับแสงเหลือ 0 จะไม่สามารถฝังประดับได้)	ได้พลังเพิ่มขึ้น เมื่อฝังประดับ	
93238	Biochemistry Crystal Lv.5	เลเวลของอาวุธถึง Lv.81 ขึ้นไปสามารถนำมาฝังประดับเพื่อเสริมพลังได้\n(แนะนำ: เมื่อถอดผลึกออก ระดับแสงจะลดลง หากระดับแสงเหลือ 0 จะไม่สามารถฝังประดับได้)	ได้พลังเพิ่มขึ้น เมื่อฝังประดับ	
93239	Kill Crystal Lv.5	เลเวลของอาวุธถึง Lv.81 ขึ้นไปสามารถนำมาฝังประดับเพื่อเสริมพลังได้\n(แนะนำ: เมื่อถอดผลึกออก ระดับแสงจะลดลง หากระดับแสงเหลือ 0 จะไม่สามารถฝังประดับได้)	ได้พลังเพิ่มขึ้น เมื่อฝังประดับ	
93240	Defeat Crystal Lv.5	เลเวลของอาวุธถึง Lv.81 ขึ้นไปสามารถนำมาฝังประดับเพื่อเสริมพลังได้\n(แนะนำ: เมื่อถอดผลึกออก ระดับแสงจะลดลง หากระดับแสงเหลือ 0 จะไม่สามารถฝังประดับได้)	ได้พลังเพิ่มขึ้น เมื่อฝังประดับ	
93241	Modivid Crystal Lv.5	เลเวลของเครื่องป้องกันถึง Lv.81 ขึ้นไปสามารถนำมาฝังประดับเพื่อเสริมพลังได้\n(แนะนำ: เมื่อถอดผลึกออก ระดับแสงจะลดลง หากระดับแสงเหลือ 0 จะไม่สามารถฝังประดับได้)	ได้พลังเพิ่มขึ้น เมื่อฝังประดับ	
93242	Protect Crystal Lv.5	เลเวลของเครื่องป้องกันถึง Lv.81 ขึ้นไปสามารถนำมาฝังประดับเพื่อเสริมพลังได้\n(แนะนำ: เมื่อถอดผลึกออก ระดับแสงจะลดลง หากระดับแสงเหลือ 0 จะไม่สามารถฝังประดับได้)	ได้พลังเพิ่มขึ้น เมื่อฝังประดับ	
93243	Fort Crystal Lv.5	เลเวลของเครื่องป้องกันถึง Lv.81 ขึ้นไปสามารถนำมาฝังประดับเพื่อเสริมพลังได้\n(แนะนำ: เมื่อถอดผลึกออก ระดับแสงจะลดลง หากระดับแสงเหลือ 0 จะไม่สามารถฝังประดับได้)	ได้พลังเพิ่มขึ้น เมื่อฝังประดับ	
93244	Imperial Lv.5 Crystal Lv.5	เลเวลของเครื่องป้องกันถึง Lv.81 ขึ้นไปสามารถนำมาฝังประดับเพื่อเสริมพลังได้\n(แนะนำ: เมื่อถอดผลึกออก ระดับแสงจะลดลง หากระดับแสงเหลือ 0 จะไม่สามารถฝังประดับได้)	ได้พลังเพิ่มขึ้น เมื่อฝังประดับ	
93245	Aversion Crystal Lv.5	เลเวลของเครื่องป้องกันถึง Lv.81 ขึ้นไปสามารถนำมาฝังประดับเพื่อเสริมพลังได้\n(แนะนำ: เมื่อถอดผลึกออก ระดับแสงจะลดลง หากระดับแสงเหลือ 0 จะไม่สามารถฝังประดับได้)	ได้พลังเพิ่มขึ้น เมื่อฝังประดับ	
93246	Cache Crystal Lv.5	เลเวลของเครื่องป้องกันถึง Lv.81 ขึ้นไปสามารถนำมาฝังประดับเพื่อเสริมพลังได้\n(แนะนำ: เมื่อถอดผลึกออก ระดับแสงจะลดลง หากระดับแสงเหลือ 0 จะไม่สามารถฝังประดับได้)	ได้พลังเพิ่มขึ้น เมื่อฝังประดับ	
93247	Predator Crystal Lv.5	เลเวลของเครื่องป้องกันถึง Lv.81 ขึ้นไปสามารถนำมาฝังประดับเพื่อเสริมพลังได้\n(แนะนำ: เมื่อถอดผลึกออก ระดับแสงจะลดลง หากระดับแสงเหลือ 0 จะไม่สามารถฝังประดับได้)	ได้พลังเพิ่มขึ้น เมื่อฝังประดับ	
93248	Cushion Crystal Lv.5	เลเวลของเครื่องป้องกันถึง Lv.81 ขึ้นไปสามารถนำมาฝังประดับเพื่อเสริมพลังได้\n(แนะนำ: เมื่อถอดผลึกออก ระดับแสงจะลดลง หากระดับแสงเหลือ 0 จะไม่สามารถฝังประดับได้)	ได้พลังเพิ่มขึ้น เมื่อฝังประดับ	
93249	Warn Crystal Lv.5	เลเวลของเครื่องป้องกันถึง Lv.81 ขึ้นไปสามารถนำมาฝังประดับเพื่อเสริมพลังได้\n(แนะนำ: เมื่อถอดผลึกออก ระดับแสงจะลดลง หากระดับแสงเหลือ 0 จะไม่สามารถฝังประดับได้)	ได้พลังเพิ่มขึ้น เมื่อฝังประดับ	
93250	Monitoring Crystal Lv.5	เลเวลของเครื่องป้องกันถึง Lv.81 ขึ้นไปสามารถนำมาฝังประดับเพื่อเสริมพลังได้\n(แนะนำ: เมื่อถอดผลึกออก ระดับแสงจะลดลง หากระดับแสงเหลือ 0 จะไม่สามารถฝังประดับได้)	ได้พลังเพิ่มขึ้น เมื่อฝังประดับ	
93251	Guard Crystal Lv.5	เลเวลของเครื่องป้องกันถึง Lv.81 ขึ้นไปสามารถนำมาฝังประดับเพื่อเสริมพลังได้\n(แนะนำ: เมื่อถอดผลึกออก ระดับแสงจะลดลง หากระดับแสงเหลือ 0 จะไม่สามารถฝังประดับได้)	ได้พลังเพิ่มขึ้น เมื่อฝังประดับ	
93252	Appease Crystal Lv.5	เลเวลของเครื่องป้องกันถึง Lv.81 ขึ้นไปสามารถนำมาฝังประดับเพื่อเสริมพลังได้\n(แนะนำ: เมื่อถอดผลึกออก ระดับแสงจะลดลง หากระดับแสงเหลือ 0 จะไม่สามารถฝังประดับได้)	ได้พลังเพิ่มขึ้น เมื่อฝังประดับ	
93253	Thunder Crystal Lv.5	เลเวลของเครื่องป้องกันถึง Lv.81 ขึ้นไปสามารถนำมาฝังประดับเพื่อเสริมพลังได้\n(แนะนำ: เมื่อถอดผลึกออก ระดับแสงจะลดลง หากระดับแสงเหลือ 0 จะไม่สามารถฝังประดับได้)	ได้พลังเพิ่มขึ้น เมื่อฝังประดับ	
93254	Sanction Crystal Lv.5	เลเวลของเครื่องป้องกันถึง Lv.81 ขึ้นไปสามารถนำมาฝังประดับเพื่อเสริมพลังได้\n(แนะนำ: เมื่อถอดผลึกออก ระดับแสงจะลดลง หากระดับแสงเหลือ 0 จะไม่สามารถฝังประดับได้)	ได้พลังเพิ่มขึ้น เมื่อฝังประดับ	
93255	Territory Crystal Lv.5	เลเวลของเครื่องป้องกันถึง Lv.81 ขึ้นไปสามารถนำมาฝังประดับเพื่อเสริมพลังได้\n(แนะนำ: เมื่อถอดผลึกออก ระดับแสงจะลดลง หากระดับแสงเหลือ 0 จะไม่สามารถฝังประดับได้)	ได้พลังเพิ่มขึ้น เมื่อฝังประดับ	
93256	Lockout Crystal Lv.5	เลเวลของเครื่องป้องกันถึง Lv.81 ขึ้นไปสามารถนำมาฝังประดับเพื่อเสริมพลังได้\n(แนะนำ: เมื่อถอดผลึกออก ระดับแสงจะลดลง หากระดับแสงเหลือ 0 จะไม่สามารถฝังประดับได้)	ได้พลังเพิ่มขึ้น เมื่อฝังประดับ	
93257	Chain Ring Crystal Lv.5	เลเวลของเครื่องป้องกันถึง Lv.81 ขึ้นไปสามารถนำมาฝังประดับเพื่อเสริมพลังได้\n(แนะนำ: เมื่อถอดผลึกออก ระดับแสงจะลดลง หากระดับแสงเหลือ 0 จะไม่สามารถฝังประดับได้)	ได้พลังเพิ่มขึ้น เมื่อฝังประดับ	
93258	One Heart Crystal Lv.5	เลเวลของเครื่องป้องกันถึง Lv.81 ขึ้นไปสามารถนำมาฝังประดับเพื่อเสริมพลังได้\n(แนะนำ: เมื่อถอดผลึกออก ระดับแสงจะลดลง หากระดับแสงเหลือ 0 จะไม่สามารถฝังประดับได้)	ได้พลังเพิ่มขึ้น เมื่อฝังประดับ	
93259	Border Crystal Lv.5	เลเวลของเครื่องป้องกันถึง Lv.81 ขึ้นไปสามารถนำมาฝังประดับเพื่อเสริมพลังได้\n(แนะนำ: เมื่อถอดผลึกออก ระดับแสงจะลดลง หากระดับแสงเหลือ 0 จะไม่สามารถฝังประดับได้)	ได้พลังเพิ่มขึ้น เมื่อฝังประดับ	
93260	Wilderness Crystal Lv.5	เลเวลของเครื่องป้องกันถึง Lv.81 ขึ้นไปสามารถนำมาฝังประดับเพื่อเสริมพลังได้\n(แนะนำ: เมื่อถอดผลึกออก ระดับแสงจะลดลง หากระดับแสงเหลือ 0 จะไม่สามารถฝังประดับได้)	ได้พลังเพิ่มขึ้น เมื่อฝังประดับ	
93261	Improve Crystal Lv.5	เลเวลของเครื่องประดับถึง Lv.81 ขึ้นไปสามารถนำมาฝังประดับเพื่อเสริมพลังได้\n(แนะนำ: เมื่อถอดผลึกออก ระดับแสงจะลดลง หากระดับแสงเหลือ 0 จะไม่สามารถฝังประดับได้)	ได้พลังเพิ่มขึ้น เมื่อฝังประดับ	
93262	Familiar Crystal Lv.5	เลเวลของเครื่องประดับถึง Lv.81 ขึ้นไปสามารถนำมาฝังประดับเพื่อเสริมพลังได้\n(แนะนำ: เมื่อถอดผลึกออก ระดับแสงจะลดลง หากระดับแสงเหลือ 0 จะไม่สามารถฝังประดับได้)	ได้พลังเพิ่มขึ้น เมื่อฝังประดับ	
93263	Fracture Crystal Lv.5	เลเวลของเครื่องประดับถึง Lv.81 ขึ้นไปสามารถนำมาฝังประดับเพื่อเสริมพลังได้\n(แนะนำ: เมื่อถอดผลึกออก ระดับแสงจะลดลง หากระดับแสงเหลือ 0 จะไม่สามารถฝังประดับได้)	ได้พลังเพิ่มขึ้น เมื่อฝังประดับ	
93264	Security Crystal Lv.5	เลเวลของเครื่องประดับถึง Lv.81 ขึ้นไปสามารถนำมาฝังประดับเพื่อเสริมพลังได้\n(แนะนำ: เมื่อถอดผลึกออก ระดับแสงจะลดลง หากระดับแสงเหลือ 0 จะไม่สามารถฝังประดับได้)	ได้พลังเพิ่มขึ้น เมื่อฝังประดับ	
93265	Ministry Crystal Lv.5	เลเวลของเครื่องประดับถึง Lv.81 ขึ้นไปสามารถนำมาฝังประดับเพื่อเสริมพลังได้\n(แนะนำ: เมื่อถอดผลึกออก ระดับแสงจะลดลง หากระดับแสงเหลือ 0 จะไม่สามารถฝังประดับได้)	ได้พลังเพิ่มขึ้น เมื่อฝังประดับ	
93266	Compete Crystal Lv.5	เลเวลของเครื่องประดับถึง Lv.81 ขึ้นไปสามารถนำมาฝังประดับเพื่อเสริมพลังได้\n(แนะนำ: เมื่อถอดผลึกออก ระดับแสงจะลดลง หากระดับแสงเหลือ 0 จะไม่สามารถฝังประดับได้)	ได้พลังเพิ่มขึ้น เมื่อฝังประดับ	
93267	Cal Lv.5m Crystal Lv.5	เลเวลของเครื่องประดับถึง Lv.81 ขึ้นไปสามารถนำมาฝังประดับเพื่อเสริมพลังได้\n(แนะนำ: เมื่อถอดผลึกออก ระดับแสงจะลดลง หากระดับแสงเหลือ 0 จะไม่สามารถฝังประดับได้)	ได้พลังเพิ่มขึ้น เมื่อฝังประดับ	
93268	Guide Crystal Lv.5	เลเวลของเครื่องประดับถึง Lv.81 ขึ้นไปสามารถนำมาฝังประดับเพื่อเสริมพลังได้\n(แนะนำ: เมื่อถอดผลึกออก ระดับแสงจะลดลง หากระดับแสงเหลือ 0 จะไม่สามารถฝังประดับได้)	ได้พลังเพิ่มขึ้น เมื่อฝังประดับ	
93269	Safe Crystal Lv.5	เลเวลของเครื่องประดับถึง Lv.81 ขึ้นไปสามารถนำมาฝังประดับเพื่อเสริมพลังได้\n(แนะนำ: เมื่อถอดผลึกออก ระดับแสงจะลดลง หากระดับแสงเหลือ 0 จะไม่สามารถฝังประดับได้)	ได้พลังเพิ่มขึ้น เมื่อฝังประดับ	
93270	Inspiration Crystal Lv.5	เลเวลของเครื่องประดับถึง Lv.81 ขึ้นไปสามารถนำมาฝังประดับเพื่อเสริมพลังได้\n(แนะนำ: เมื่อถอดผลึกออก ระดับแสงจะลดลง หากระดับแสงเหลือ 0 จะไม่สามารถฝังประดับได้)	ได้พลังเพิ่มขึ้น เมื่อฝังประดับ	
93271	Sober Crystal Lv.5	เลเวลของเครื่องประดับถึง Lv.81 ขึ้นไปสามารถนำมาฝังประดับเพื่อเสริมพลังได้\n(แนะนำ: เมื่อถอดผลึกออก ระดับแสงจะลดลง หากระดับแสงเหลือ 0 จะไม่สามารถฝังประดับได้)	ได้พลังเพิ่มขึ้น เมื่อฝังประดับ	
93272	Silent Crystal Lv.5	เลเวลของเครื่องประดับถึง Lv.81 ขึ้นไปสามารถนำมาฝังประดับเพื่อเสริมพลังได้\n(แนะนำ: เมื่อถอดผลึกออก ระดับแสงจะลดลง หากระดับแสงเหลือ 0 จะไม่สามารถฝังประดับได้)	ได้พลังเพิ่มขึ้น เมื่อฝังประดับ	
93273	Superiority Crystal Lv.5	เลเวลของเครื่องประดับถึง Lv.81 ขึ้นไปสามารถนำมาฝังประดับเพื่อเสริมพลังได้\n(แนะนำ: เมื่อถอดผลึกออก ระดับแสงจะลดลง หากระดับแสงเหลือ 0 จะไม่สามารถฝังประดับได้)	ได้พลังเพิ่มขึ้น เมื่อฝังประดับ	
93274	Curtain Night Crystal Lv.5	เลเวลของเครื่องประดับถึง Lv.81 ขึ้นไปสามารถนำมาฝังประดับเพื่อเสริมพลังได้\n(แนะนำ: เมื่อถอดผลึกออก ระดับแสงจะลดลง หากระดับแสงเหลือ 0 จะไม่สามารถฝังประดับได้)	ได้พลังเพิ่มขึ้น เมื่อฝังประดับ	
93275	Hope Crystal Lv.5	เลเวลของเครื่องประดับถึง Lv.81 ขึ้นไปสามารถนำมาฝังประดับเพื่อเสริมพลังได้\n(แนะนำ: เมื่อถอดผลึกออก ระดับแสงจะลดลง หากระดับแสงเหลือ 0 จะไม่สามารถฝังประดับได้)	ได้พลังเพิ่มขึ้น เมื่อฝังประดับ	
93276	Support Crystal Lv.5	เลเวลของเครื่องประดับถึง Lv.81 ขึ้นไปสามารถนำมาฝังประดับเพื่อเสริมพลังได้\n(แนะนำ: เมื่อถอดผลึกออก ระดับแสงจะลดลง หากระดับแสงเหลือ 0 จะไม่สามารถฝังประดับได้)	ได้พลังเพิ่มขึ้น เมื่อฝังประดับ	
93277	Eternal Lv.5 Crystal Lv.5	เลเวลของเครื่องประดับถึง Lv.81 ขึ้นไปสามารถนำมาฝังประดับเพื่อเสริมพลังได้\n(แนะนำ: เมื่อถอดผลึกออก ระดับแสงจะลดลง หากระดับแสงเหลือ 0 จะไม่สามารถฝังประดับได้)	ได้พลังเพิ่มขึ้น เมื่อฝังประดับ	
93278	Intervene Crystal Lv.5	เลเวลของเครื่องประดับถึง Lv.81 ขึ้นไปสามารถนำมาฝังประดับเพื่อเสริมพลังได้\n(แนะนำ: เมื่อถอดผลึกออก ระดับแสงจะลดลง หากระดับแสงเหลือ 0 จะไม่สามารถฝังประดับได้)	ได้พลังเพิ่มขึ้น เมื่อฝังประดับ	
93279	War Crystal Lv.6	เลเวลของอาวุธถึง Lv.91 ขึ้นไปสามารถนำมาฝังประดับเพื่อเสริมพลังได้\n(แนะนำ: เมื่อถอดผลึกออก ระดับแสงจะลดลง หากระดับแสงเหลือ 0 จะไม่สามารถฝังประดับได้)	ได้พลังเพิ่มขึ้น เมื่อฝังประดับ	
93280	Flame Crystal Lv.6	เลเวลของอาวุธถึง Lv.91 ขึ้นไปสามารถนำมาฝังประดับเพื่อเสริมพลังได้\n(แนะนำ: เมื่อถอดผลึกออก ระดับแสงจะลดลง หากระดับแสงเหลือ 0 จะไม่สามารถฝังประดับได้)	ได้พลังเพิ่มขึ้น เมื่อฝังประดับ	
93281	Turmoil Crystal Lv.6	เลเวลของอาวุธถึง Lv.91 ขึ้นไปสามารถนำมาฝังประดับเพื่อเสริมพลังได้\n(แนะนำ: เมื่อถอดผลึกออก ระดับแสงจะลดลง หากระดับแสงเหลือ 0 จะไม่สามารถฝังประดับได้)	ได้พลังเพิ่มขึ้น เมื่อฝังประดับ	
93282	Wrangle Crystal Lv.6	เลเวลของอาวุธถึง Lv.91 ขึ้นไปสามารถนำมาฝังประดับเพื่อเสริมพลังได้\n(แนะนำ: เมื่อถอดผลึกออก ระดับแสงจะลดลง หากระดับแสงเหลือ 0 จะไม่สามารถฝังประดับได้)	ได้พลังเพิ่มขึ้น เมื่อฝังประดับ	
93283	Justice Crystal Lv.6	เลเวลของอาวุธถึง Lv.91 ขึ้นไปสามารถนำมาฝังประดับเพื่อเสริมพลังได้\n(แนะนำ: เมื่อถอดผลึกออก ระดับแสงจะลดลง หากระดับแสงเหลือ 0 จะไม่สามารถฝังประดับได้)	ได้พลังเพิ่มขึ้น เมื่อฝังประดับ	
93284	Weapon Crystal Lv.6	เลเวลของอาวุธถึง Lv.91 ขึ้นไปสามารถนำมาฝังประดับเพื่อเสริมพลังได้\n(แนะนำ: เมื่อถอดผลึกออก ระดับแสงจะลดลง หากระดับแสงเหลือ 0 จะไม่สามารถฝังประดับได้)	ได้พลังเพิ่มขึ้น เมื่อฝังประดับ	
93285	Wrestle Crystal Lv.6	เลเวลของอาวุธถึง Lv.91 ขึ้นไปสามารถนำมาฝังประดับเพื่อเสริมพลังได้\n(แนะนำ: เมื่อถอดผลึกออก ระดับแสงจะลดลง หากระดับแสงเหลือ 0 จะไม่สามารถฝังประดับได้)	ได้พลังเพิ่มขึ้น เมื่อฝังประดับ	
93286	Confrontation Crystal Lv.6	เลเวลของอาวุธถึง Lv.91 ขึ้นไปสามารถนำมาฝังประดับเพื่อเสริมพลังได้\n(แนะนำ: เมื่อถอดผลึกออก ระดับแสงจะลดลง หากระดับแสงเหลือ 0 จะไม่สามารถฝังประดับได้)	ได้พลังเพิ่มขึ้น เมื่อฝังประดับ	
93287	Outcome Crystal Lv.6	เลเวลของอาวุธถึง Lv.91 ขึ้นไปสามารถนำมาฝังประดับเพื่อเสริมพลังได้\n(แนะนำ: เมื่อถอดผลึกออก ระดับแสงจะลดลง หากระดับแสงเหลือ 0 จะไม่สามารถฝังประดับได้)	ได้พลังเพิ่มขึ้น เมื่อฝังประดับ	
93288	Declare War Crystal Lv.6	เลเวลของอาวุธถึง Lv.91 ขึ้นไปสามารถนำมาฝังประดับเพื่อเสริมพลังได้\n(แนะนำ: เมื่อถอดผลึกออก ระดับแสงจะลดลง หากระดับแสงเหลือ 0 จะไม่สามารถฝังประดับได้)	ได้พลังเพิ่มขึ้น เมื่อฝังประดับ	
93289	Coercion Crystal Lv.6	เลเวลของอาวุธถึง Lv.91 ขึ้นไปสามารถนำมาฝังประดับเพื่อเสริมพลังได้\n(แนะนำ: เมื่อถอดผลึกออก ระดับแสงจะลดลง หากระดับแสงเหลือ 0 จะไม่สามารถฝังประดับได้)	ได้พลังเพิ่มขึ้น เมื่อฝังประดับ	
93290	Horror Crystal Lv.6	เลเวลของอาวุธถึง Lv.91 ขึ้นไปสามารถนำมาฝังประดับเพื่อเสริมพลังได้\n(แนะนำ: เมื่อถอดผลึกออก ระดับแสงจะลดลง หากระดับแสงเหลือ 0 จะไม่สามารถฝังประดับได้)	ได้พลังเพิ่มขึ้น เมื่อฝังประดับ	
93291	Tight Crystal Lv.6	เลเวลของอาวุธถึง Lv.91 ขึ้นไปสามารถนำมาฝังประดับเพื่อเสริมพลังได้\n(แนะนำ: เมื่อถอดผลึกออก ระดับแสงจะลดลง หากระดับแสงเหลือ 0 จะไม่สามารถฝังประดับได้)	ได้พลังเพิ่มขึ้น เมื่อฝังประดับ	
93292	Violence Crystal Lv.6	เลเวลของอาวุธถึง Lv.91 ขึ้นไปสามารถนำมาฝังประดับเพื่อเสริมพลังได้\n(แนะนำ: เมื่อถอดผลึกออก ระดับแสงจะลดลง หากระดับแสงเหลือ 0 จะไม่สามารถฝังประดับได้)	ได้พลังเพิ่มขึ้น เมื่อฝังประดับ	
93293	Blood Crystal Lv.6	เลเวลของอาวุธถึง Lv.91 ขึ้นไปสามารถนำมาฝังประดับเพื่อเสริมพลังได้\n(แนะนำ: เมื่อถอดผลึกออก ระดับแสงจะลดลง หากระดับแสงเหลือ 0 จะไม่สามารถฝังประดับได้)	ได้พลังเพิ่มขึ้น เมื่อฝังประดับ	
93294	Madness Crystal Lv.6	เลเวลของอาวุธถึง Lv.91 ขึ้นไปสามารถนำมาฝังประดับเพื่อเสริมพลังได้\n(แนะนำ: เมื่อถอดผลึกออก ระดับแสงจะลดลง หากระดับแสงเหลือ 0 จะไม่สามารถฝังประดับได้)	ได้พลังเพิ่มขึ้น เมื่อฝังประดับ	
93295	Poor Soldier Crystal Lv.6	เลเวลของอาวุธถึง Lv.91 ขึ้นไปสามารถนำมาฝังประดับเพื่อเสริมพลังได้\n(แนะนำ: เมื่อถอดผลึกออก ระดับแสงจะลดลง หากระดับแสงเหลือ 0 จะไม่สามารถฝังประดับได้)	ได้พลังเพิ่มขึ้น เมื่อฝังประดับ	
93296	Biochemistry Crystal Lv.6	เลเวลของอาวุธถึง Lv.91 ขึ้นไปสามารถนำมาฝังประดับเพื่อเสริมพลังได้\n(แนะนำ: เมื่อถอดผลึกออก ระดับแสงจะลดลง หากระดับแสงเหลือ 0 จะไม่สามารถฝังประดับได้)	ได้พลังเพิ่มขึ้น เมื่อฝังประดับ	
93297	Kill Crystal Lv.6	เลเวลของอาวุธถึง Lv.91 ขึ้นไปสามารถนำมาฝังประดับเพื่อเสริมพลังได้\n(แนะนำ: เมื่อถอดผลึกออก ระดับแสงจะลดลง หากระดับแสงเหลือ 0 จะไม่สามารถฝังประดับได้)	ได้พลังเพิ่มขึ้น เมื่อฝังประดับ	
93298	Defeat Crystal Lv.6	เลเวลของอาวุธถึง Lv.91 ขึ้นไปสามารถนำมาฝังประดับเพื่อเสริมพลังได้\n(แนะนำ: เมื่อถอดผลึกออก ระดับแสงจะลดลง หากระดับแสงเหลือ 0 จะไม่สามารถฝังประดับได้)	ได้พลังเพิ่มขึ้น เมื่อฝังประดับ	
93299	Modivid Crystal Lv.6	เลเวลของเครื่องป้องกันถึง Lv.91 ขึ้นไปสามารถนำมาฝังประดับเพื่อเสริมพลังได้\n(แนะนำ: เมื่อถอดผลึกออก ระดับแสงจะลดลง หากระดับแสงเหลือ 0 จะไม่สามารถฝังประดับได้)	ได้พลังเพิ่มขึ้น เมื่อฝังประดับ	
93300	Protect Crystal Lv.6	เลเวลของเครื่องป้องกันถึง Lv.91 ขึ้นไปสามารถนำมาฝังประดับเพื่อเสริมพลังได้\n(แนะนำ: เมื่อถอดผลึกออก ระดับแสงจะลดลง หากระดับแสงเหลือ 0 จะไม่สามารถฝังประดับได้)	ได้พลังเพิ่มขึ้น เมื่อฝังประดับ	
93301	Fort Crystal Lv.6	เลเวลของเครื่องป้องกันถึง Lv.91 ขึ้นไปสามารถนำมาฝังประดับเพื่อเสริมพลังได้\n(แนะนำ: เมื่อถอดผลึกออก ระดับแสงจะลดลง หากระดับแสงเหลือ 0 จะไม่สามารถฝังประดับได้)	ได้พลังเพิ่มขึ้น เมื่อฝังประดับ	
93302	Imperial Lv.6 Crystal Lv.6	เลเวลของเครื่องป้องกันถึง Lv.91 ขึ้นไปสามารถนำมาฝังประดับเพื่อเสริมพลังได้\n(แนะนำ: เมื่อถอดผลึกออก ระดับแสงจะลดลง หากระดับแสงเหลือ 0 จะไม่สามารถฝังประดับได้)	ได้พลังเพิ่มขึ้น เมื่อฝังประดับ	
93303	Aversion Crystal Lv.6	เลเวลของเครื่องป้องกันถึง Lv.91 ขึ้นไปสามารถนำมาฝังประดับเพื่อเสริมพลังได้\n(แนะนำ: เมื่อถอดผลึกออก ระดับแสงจะลดลง หากระดับแสงเหลือ 0 จะไม่สามารถฝังประดับได้)	ได้พลังเพิ่มขึ้น เมื่อฝังประดับ	
93304	Cache Crystal Lv.6	เลเวลของเครื่องป้องกันถึง Lv.91 ขึ้นไปสามารถนำมาฝังประดับเพื่อเสริมพลังได้\n(แนะนำ: เมื่อถอดผลึกออก ระดับแสงจะลดลง หากระดับแสงเหลือ 0 จะไม่สามารถฝังประดับได้)	ได้พลังเพิ่มขึ้น เมื่อฝังประดับ	
93305	Predator Crystal Lv.6	เลเวลของเครื่องป้องกันถึง Lv.91 ขึ้นไปสามารถนำมาฝังประดับเพื่อเสริมพลังได้\n(แนะนำ: เมื่อถอดผลึกออก ระดับแสงจะลดลง หากระดับแสงเหลือ 0 จะไม่สามารถฝังประดับได้)	ได้พลังเพิ่มขึ้น เมื่อฝังประดับ	
93306	Cushion Crystal Lv.6	เลเวลของเครื่องป้องกันถึง Lv.91 ขึ้นไปสามารถนำมาฝังประดับเพื่อเสริมพลังได้\n(แนะนำ: เมื่อถอดผลึกออก ระดับแสงจะลดลง หากระดับแสงเหลือ 0 จะไม่สามารถฝังประดับได้)	ได้พลังเพิ่มขึ้น เมื่อฝังประดับ	
93307	Warn Crystal Lv.6	เลเวลของเครื่องป้องกันถึง Lv.91 ขึ้นไปสามารถนำมาฝังประดับเพื่อเสริมพลังได้\n(แนะนำ: เมื่อถอดผลึกออก ระดับแสงจะลดลง หากระดับแสงเหลือ 0 จะไม่สามารถฝังประดับได้)	ได้พลังเพิ่มขึ้น เมื่อฝังประดับ	
93308	Monitoring Crystal Lv.6	เลเวลของเครื่องป้องกันถึง Lv.91 ขึ้นไปสามารถนำมาฝังประดับเพื่อเสริมพลังได้\n(แนะนำ: เมื่อถอดผลึกออก ระดับแสงจะลดลง หากระดับแสงเหลือ 0 จะไม่สามารถฝังประดับได้)	ได้พลังเพิ่มขึ้น เมื่อฝังประดับ	
93309	Guard Crystal Lv.6	เลเวลของเครื่องป้องกันถึง Lv.91 ขึ้นไปสามารถนำมาฝังประดับเพื่อเสริมพลังได้\n(แนะนำ: เมื่อถอดผลึกออก ระดับแสงจะลดลง หากระดับแสงเหลือ 0 จะไม่สามารถฝังประดับได้)	ได้พลังเพิ่มขึ้น เมื่อฝังประดับ	
93310	Appease Crystal Lv.6	เลเวลของเครื่องป้องกันถึง Lv.91 ขึ้นไปสามารถนำมาฝังประดับเพื่อเสริมพลังได้\n(แนะนำ: เมื่อถอดผลึกออก ระดับแสงจะลดลง หากระดับแสงเหลือ 0 จะไม่สามารถฝังประดับได้)	ได้พลังเพิ่มขึ้น เมื่อฝังประดับ	
93311	Thunder Crystal Lv.6	เลเวลของเครื่องป้องกันถึง Lv.91 ขึ้นไปสามารถนำมาฝังประดับเพื่อเสริมพลังได้\n(แนะนำ: เมื่อถอดผลึกออก ระดับแสงจะลดลง หากระดับแสงเหลือ 0 จะไม่สามารถฝังประดับได้)	ได้พลังเพิ่มขึ้น เมื่อฝังประดับ	
93312	Sanction Crystal Lv.6	เลเวลของเครื่องป้องกันถึง Lv.91 ขึ้นไปสามารถนำมาฝังประดับเพื่อเสริมพลังได้\n(แนะนำ: เมื่อถอดผลึกออก ระดับแสงจะลดลง หากระดับแสงเหลือ 0 จะไม่สามารถฝังประดับได้)	ได้พลังเพิ่มขึ้น เมื่อฝังประดับ	
93313	Territory Crystal Lv.6	เลเวลของเครื่องป้องกันถึง Lv.91 ขึ้นไปสามารถนำมาฝังประดับเพื่อเสริมพลังได้\n(แนะนำ: เมื่อถอดผลึกออก ระดับแสงจะลดลง หากระดับแสงเหลือ 0 จะไม่สามารถฝังประดับได้)	ได้พลังเพิ่มขึ้น เมื่อฝังประดับ	
93314	Lockout Crystal Lv.6	เลเวลของเครื่องป้องกันถึง Lv.91 ขึ้นไปสามารถนำมาฝังประดับเพื่อเสริมพลังได้\n(แนะนำ: เมื่อถอดผลึกออก ระดับแสงจะลดลง หากระดับแสงเหลือ 0 จะไม่สามารถฝังประดับได้)	ได้พลังเพิ่มขึ้น เมื่อฝังประดับ	
93315	Chain Ring Crystal Lv.6	เลเวลของเครื่องป้องกันถึง Lv.91 ขึ้นไปสามารถนำมาฝังประดับเพื่อเสริมพลังได้\n(แนะนำ: เมื่อถอดผลึกออก ระดับแสงจะลดลง หากระดับแสงเหลือ 0 จะไม่สามารถฝังประดับได้)	ได้พลังเพิ่มขึ้น เมื่อฝังประดับ	
93316	One Heart Crystal Lv.6	เลเวลของเครื่องป้องกันถึง Lv.91 ขึ้นไปสามารถนำมาฝังประดับเพื่อเสริมพลังได้\n(แนะนำ: เมื่อถอดผลึกออก ระดับแสงจะลดลง หากระดับแสงเหลือ 0 จะไม่สามารถฝังประดับได้)	ได้พลังเพิ่มขึ้น เมื่อฝังประดับ	
93317	Border Crystal Lv.6	เลเวลของเครื่องป้องกันถึง Lv.91 ขึ้นไปสามารถนำมาฝังประดับเพื่อเสริมพลังได้\n(แนะนำ: เมื่อถอดผลึกออก ระดับแสงจะลดลง หากระดับแสงเหลือ 0 จะไม่สามารถฝังประดับได้)	ได้พลังเพิ่มขึ้น เมื่อฝังประดับ	
93318	Wilderness Crystal Lv.6	เลเวลของเครื่องป้องกันถึง Lv.91 ขึ้นไปสามารถนำมาฝังประดับเพื่อเสริมพลังได้\n(แนะนำ: เมื่อถอดผลึกออก ระดับแสงจะลดลง หากระดับแสงเหลือ 0 จะไม่สามารถฝังประดับได้)	ได้พลังเพิ่มขึ้น เมื่อฝังประดับ	
93319	Improve Crystal Lv.6	เลเวลของเครื่องประดับถึง Lv.91 ขึ้นไปสามารถนำมาฝังประดับเพื่อเสริมพลังได้\n(แนะนำ: เมื่อถอดผลึกออก ระดับแสงจะลดลง หากระดับแสงเหลือ 0 จะไม่สามารถฝังประดับได้)	ได้พลังเพิ่มขึ้น เมื่อฝังประดับ	
93320	Familiar Crystal Lv.6	เลเวลของเครื่องประดับถึง Lv.91 ขึ้นไปสามารถนำมาฝังประดับเพื่อเสริมพลังได้\n(แนะนำ: เมื่อถอดผลึกออก ระดับแสงจะลดลง หากระดับแสงเหลือ 0 จะไม่สามารถฝังประดับได้)	ได้พลังเพิ่มขึ้น เมื่อฝังประดับ	
93321	Fracture Crystal Lv.6	เลเวลของเครื่องประดับถึง Lv.91 ขึ้นไปสามารถนำมาฝังประดับเพื่อเสริมพลังได้\n(แนะนำ: เมื่อถอดผลึกออก ระดับแสงจะลดลง หากระดับแสงเหลือ 0 จะไม่สามารถฝังประดับได้)	ได้พลังเพิ่มขึ้น เมื่อฝังประดับ	
93322	Security Crystal Lv.6	เลเวลของเครื่องประดับถึง Lv.91 ขึ้นไปสามารถนำมาฝังประดับเพื่อเสริมพลังได้\n(แนะนำ: เมื่อถอดผลึกออก ระดับแสงจะลดลง หากระดับแสงเหลือ 0 จะไม่สามารถฝังประดับได้)	ได้พลังเพิ่มขึ้น เมื่อฝังประดับ	
93323	Ministry Crystal Lv.6	เลเวลของเครื่องประดับถึง Lv.91 ขึ้นไปสามารถนำมาฝังประดับเพื่อเสริมพลังได้\n(แนะนำ: เมื่อถอดผลึกออก ระดับแสงจะลดลง หากระดับแสงเหลือ 0 จะไม่สามารถฝังประดับได้)	ได้พลังเพิ่มขึ้น เมื่อฝังประดับ	
93324	Compete Crystal Lv.6	เลเวลของเครื่องประดับถึง Lv.91 ขึ้นไปสามารถนำมาฝังประดับเพื่อเสริมพลังได้\n(แนะนำ: เมื่อถอดผลึกออก ระดับแสงจะลดลง หากระดับแสงเหลือ 0 จะไม่สามารถฝังประดับได้)	ได้พลังเพิ่มขึ้น เมื่อฝังประดับ	
93325	Cal Lv.6m Crystal Lv.6	เลเวลของเครื่องประดับถึง Lv.91 ขึ้นไปสามารถนำมาฝังประดับเพื่อเสริมพลังได้\n(แนะนำ: เมื่อถอดผลึกออก ระดับแสงจะลดลง หากระดับแสงเหลือ 0 จะไม่สามารถฝังประดับได้)	ได้พลังเพิ่มขึ้น เมื่อฝังประดับ	
93326	Guide Crystal Lv.6	เลเวลของเครื่องประดับถึง Lv.91 ขึ้นไปสามารถนำมาฝังประดับเพื่อเสริมพลังได้\n(แนะนำ: เมื่อถอดผลึกออก ระดับแสงจะลดลง หากระดับแสงเหลือ 0 จะไม่สามารถฝังประดับได้)	ได้พลังเพิ่มขึ้น เมื่อฝังประดับ	
93327	Safe Crystal Lv.6	เลเวลของเครื่องประดับถึง Lv.91 ขึ้นไปสามารถนำมาฝังประดับเพื่อเสริมพลังได้\n(แนะนำ: เมื่อถอดผลึกออก ระดับแสงจะลดลง หากระดับแสงเหลือ 0 จะไม่สามารถฝังประดับได้)	ได้พลังเพิ่มขึ้น เมื่อฝังประดับ	
93328	Inspiration Crystal Lv.6	เลเวลของเครื่องประดับถึง Lv.91 ขึ้นไปสามารถนำมาฝังประดับเพื่อเสริมพลังได้\n(แนะนำ: เมื่อถอดผลึกออก ระดับแสงจะลดลง หากระดับแสงเหลือ 0 จะไม่สามารถฝังประดับได้)	ได้พลังเพิ่มขึ้น เมื่อฝังประดับ	
93329	Sober Crystal Lv.6	เลเวลของเครื่องประดับถึง Lv.91 ขึ้นไปสามารถนำมาฝังประดับเพื่อเสริมพลังได้\n(แนะนำ: เมื่อถอดผลึกออก ระดับแสงจะลดลง หากระดับแสงเหลือ 0 จะไม่สามารถฝังประดับได้)	ได้พลังเพิ่มขึ้น เมื่อฝังประดับ	
93330	Silent Crystal Lv.6	เลเวลของเครื่องประดับถึง Lv.91 ขึ้นไปสามารถนำมาฝังประดับเพื่อเสริมพลังได้\n(แนะนำ: เมื่อถอดผลึกออก ระดับแสงจะลดลง หากระดับแสงเหลือ 0 จะไม่สามารถฝังประดับได้)	ได้พลังเพิ่มขึ้น เมื่อฝังประดับ	
93331	Superiority Crystal Lv.6	เลเวลของเครื่องประดับถึง Lv.91 ขึ้นไปสามารถนำมาฝังประดับเพื่อเสริมพลังได้\n(แนะนำ: เมื่อถอดผลึกออก ระดับแสงจะลดลง หากระดับแสงเหลือ 0 จะไม่สามารถฝังประดับได้)	ได้พลังเพิ่มขึ้น เมื่อฝังประดับ	
93332	Curtain Night Crystal Lv.6	เลเวลของเครื่องประดับถึง Lv.91 ขึ้นไปสามารถนำมาฝังประดับเพื่อเสริมพลังได้\n(แนะนำ: เมื่อถอดผลึกออก ระดับแสงจะลดลง หากระดับแสงเหลือ 0 จะไม่สามารถฝังประดับได้)	ได้พลังเพิ่มขึ้น เมื่อฝังประดับ	
93333	Hope Crystal Lv.6	เลเวลของเครื่องประดับถึง Lv.91 ขึ้นไปสามารถนำมาฝังประดับเพื่อเสริมพลังได้\n(แนะนำ: เมื่อถอดผลึกออก ระดับแสงจะลดลง หากระดับแสงเหลือ 0 จะไม่สามารถฝังประดับได้)	ได้พลังเพิ่มขึ้น เมื่อฝังประดับ	
93334	Support Crystal Lv.6	เลเวลของเครื่องประดับถึง Lv.91 ขึ้นไปสามารถนำมาฝังประดับเพื่อเสริมพลังได้\n(แนะนำ: เมื่อถอดผลึกออก ระดับแสงจะลดลง หากระดับแสงเหลือ 0 จะไม่สามารถฝังประดับได้)	ได้พลังเพิ่มขึ้น เมื่อฝังประดับ	
93335	Eternal Lv.6 Crystal Lv.6	เลเวลของเครื่องประดับถึง Lv.91 ขึ้นไปสามารถนำมาฝังประดับเพื่อเสริมพลังได้\n(แนะนำ: เมื่อถอดผลึกออก ระดับแสงจะลดลง หากระดับแสงเหลือ 0 จะไม่สามารถฝังประดับได้)	ได้พลังเพิ่มขึ้น เมื่อฝังประดับ	
93336	Intervene Crystal Lv.6	เลเวลของเครื่องประดับถึง Lv.91 ขึ้นไปสามารถนำมาฝังประดับเพื่อเสริมพลังได้\n(แนะนำ: เมื่อถอดผลึกออก ระดับแสงจะลดลง หากระดับแสงเหลือ 0 จะไม่สามารถฝังประดับได้)	ได้พลังเพิ่มขึ้น เมื่อฝังประดับ	
93337	War Crystal Lv.7	เลเวลของอาวุธถึง Lv.101 ขึ้นไปสามารถนำมาฝังประดับเพื่อเสริมพลังได้\n(แนะนำ: เมื่อถอดผลึกออก ระดับแสงจะลดลง หากระดับแสงเหลือ 0 จะไม่สามารถฝังประดับได้)	ได้พลังเพิ่มขึ้น เมื่อฝังประดับ	
93338	Flame Crystal Lv.7	เลเวลของอาวุธถึง Lv.101 ขึ้นไปสามารถนำมาฝังประดับเพื่อเสริมพลังได้\n(แนะนำ: เมื่อถอดผลึกออก ระดับแสงจะลดลง หากระดับแสงเหลือ 0 จะไม่สามารถฝังประดับได้)	ได้พลังเพิ่มขึ้น เมื่อฝังประดับ	
93339	Turmoil Crystal Lv.7	เลเวลของอาวุธถึง Lv.101 ขึ้นไปสามารถนำมาฝังประดับเพื่อเสริมพลังได้\n(แนะนำ: เมื่อถอดผลึกออก ระดับแสงจะลดลง หากระดับแสงเหลือ 0 จะไม่สามารถฝังประดับได้)	ได้พลังเพิ่มขึ้น เมื่อฝังประดับ	
93340	Wrangle Crystal Lv.7	เลเวลของอาวุธถึง Lv.101 ขึ้นไปสามารถนำมาฝังประดับเพื่อเสริมพลังได้\n(แนะนำ: เมื่อถอดผลึกออก ระดับแสงจะลดลง หากระดับแสงเหลือ 0 จะไม่สามารถฝังประดับได้)	ได้พลังเพิ่มขึ้น เมื่อฝังประดับ	
93341	Justice Crystal Lv.7	เลเวลของอาวุธถึง Lv.101 ขึ้นไปสามารถนำมาฝังประดับเพื่อเสริมพลังได้\n(แนะนำ: เมื่อถอดผลึกออก ระดับแสงจะลดลง หากระดับแสงเหลือ 0 จะไม่สามารถฝังประดับได้)	ได้พลังเพิ่มขึ้น เมื่อฝังประดับ	
93342	Weapon Crystal Lv.7	เลเวลของอาวุธถึง Lv.101 ขึ้นไปสามารถนำมาฝังประดับเพื่อเสริมพลังได้\n(แนะนำ: เมื่อถอดผลึกออก ระดับแสงจะลดลง หากระดับแสงเหลือ 0 จะไม่สามารถฝังประดับได้)	ได้พลังเพิ่มขึ้น เมื่อฝังประดับ	
93343	Wrestle Crystal Lv.7	เลเวลของอาวุธถึง Lv.101 ขึ้นไปสามารถนำมาฝังประดับเพื่อเสริมพลังได้\n(แนะนำ: เมื่อถอดผลึกออก ระดับแสงจะลดลง หากระดับแสงเหลือ 0 จะไม่สามารถฝังประดับได้)	ได้พลังเพิ่มขึ้น เมื่อฝังประดับ	
93344	Confrontation Crystal Lv.7	เลเวลของอาวุธถึง Lv.101 ขึ้นไปสามารถนำมาฝังประดับเพื่อเสริมพลังได้\n(แนะนำ: เมื่อถอดผลึกออก ระดับแสงจะลดลง หากระดับแสงเหลือ 0 จะไม่สามารถฝังประดับได้)	ได้พลังเพิ่มขึ้น เมื่อฝังประดับ	
93345	Outcome Crystal Lv.7	เลเวลของอาวุธถึง Lv.101 ขึ้นไปสามารถนำมาฝังประดับเพื่อเสริมพลังได้\n(แนะนำ: เมื่อถอดผลึกออก ระดับแสงจะลดลง หากระดับแสงเหลือ 0 จะไม่สามารถฝังประดับได้)	ได้พลังเพิ่มขึ้น เมื่อฝังประดับ	
93346	Declare War Crystal Lv.7	เลเวลของอาวุธถึง Lv.101 ขึ้นไปสามารถนำมาฝังประดับเพื่อเสริมพลังได้\n(แนะนำ: เมื่อถอดผลึกออก ระดับแสงจะลดลง หากระดับแสงเหลือ 0 จะไม่สามารถฝังประดับได้)	ได้พลังเพิ่มขึ้น เมื่อฝังประดับ	
93347	Coercion Crystal Lv.7	เลเวลของอาวุธถึง Lv.101 ขึ้นไปสามารถนำมาฝังประดับเพื่อเสริมพลังได้\n(แนะนำ: เมื่อถอดผลึกออก ระดับแสงจะลดลง หากระดับแสงเหลือ 0 จะไม่สามารถฝังประดับได้)	ได้พลังเพิ่มขึ้น เมื่อฝังประดับ	
93348	Horror Crystal Lv.7	เลเวลของอาวุธถึง Lv.101 ขึ้นไปสามารถนำมาฝังประดับเพื่อเสริมพลังได้\n(แนะนำ: เมื่อถอดผลึกออก ระดับแสงจะลดลง หากระดับแสงเหลือ 0 จะไม่สามารถฝังประดับได้)	ได้พลังเพิ่มขึ้น เมื่อฝังประดับ	
93349	Tight Crystal Lv.7	เลเวลของอาวุธถึง Lv.101 ขึ้นไปสามารถนำมาฝังประดับเพื่อเสริมพลังได้\n(แนะนำ: เมื่อถอดผลึกออก ระดับแสงจะลดลง หากระดับแสงเหลือ 0 จะไม่สามารถฝังประดับได้)	ได้พลังเพิ่มขึ้น เมื่อฝังประดับ	
93350	Violence Crystal Lv.7	เลเวลของอาวุธถึง Lv.101 ขึ้นไปสามารถนำมาฝังประดับเพื่อเสริมพลังได้\n(แนะนำ: เมื่อถอดผลึกออก ระดับแสงจะลดลง หากระดับแสงเหลือ 0 จะไม่สามารถฝังประดับได้)	ได้พลังเพิ่มขึ้น เมื่อฝังประดับ	
93351	Blood Crystal Lv.7	เลเวลของอาวุธถึง Lv.101 ขึ้นไปสามารถนำมาฝังประดับเพื่อเสริมพลังได้\n(แนะนำ: เมื่อถอดผลึกออก ระดับแสงจะลดลง หากระดับแสงเหลือ 0 จะไม่สามารถฝังประดับได้)	ได้พลังเพิ่มขึ้น เมื่อฝังประดับ	
93352	Madness Crystal Lv.7	เลเวลของอาวุธถึง Lv.101 ขึ้นไปสามารถนำมาฝังประดับเพื่อเสริมพลังได้\n(แนะนำ: เมื่อถอดผลึกออก ระดับแสงจะลดลง หากระดับแสงเหลือ 0 จะไม่สามารถฝังประดับได้)	ได้พลังเพิ่มขึ้น เมื่อฝังประดับ	
93353	Poor Soldier Crystal Lv.7	เลเวลของอาวุธถึง Lv.101 ขึ้นไปสามารถนำมาฝังประดับเพื่อเสริมพลังได้\n(แนะนำ: เมื่อถอดผลึกออก ระดับแสงจะลดลง หากระดับแสงเหลือ 0 จะไม่สามารถฝังประดับได้)	ได้พลังเพิ่มขึ้น เมื่อฝังประดับ	
93354	Biochemistry Crystal Lv.7	เลเวลของอาวุธถึง Lv.101 ขึ้นไปสามารถนำมาฝังประดับเพื่อเสริมพลังได้\n(แนะนำ: เมื่อถอดผลึกออก ระดับแสงจะลดลง หากระดับแสงเหลือ 0 จะไม่สามารถฝังประดับได้)	ได้พลังเพิ่มขึ้น เมื่อฝังประดับ	
93355	Kill Crystal Lv.7	เลเวลของอาวุธถึง Lv.101 ขึ้นไปสามารถนำมาฝังประดับเพื่อเสริมพลังได้\n(แนะนำ: เมื่อถอดผลึกออก ระดับแสงจะลดลง หากระดับแสงเหลือ 0 จะไม่สามารถฝังประดับได้)	ได้พลังเพิ่มขึ้น เมื่อฝังประดับ	
93356	Defeat Crystal Lv.7	เลเวลของอาวุธถึง Lv.101 ขึ้นไปสามารถนำมาฝังประดับเพื่อเสริมพลังได้\n(แนะนำ: เมื่อถอดผลึกออก ระดับแสงจะลดลง หากระดับแสงเหลือ 0 จะไม่สามารถฝังประดับได้)	ได้พลังเพิ่มขึ้น เมื่อฝังประดับ	
93357	Modivid Crystal Lv.7	เลเวลของเครื่องป้องกันถึง Lv.101 ขึ้นไปสามารถนำมาฝังประดับเพื่อเสริมพลังได้\n(แนะนำ: เมื่อถอดผลึกออก ระดับแสงจะลดลง หากระดับแสงเหลือ 0 จะไม่สามารถฝังประดับได้)	ได้พลังเพิ่มขึ้น เมื่อฝังประดับ	
93358	Protect Crystal Lv.7	เลเวลของเครื่องป้องกันถึง Lv.101 ขึ้นไปสามารถนำมาฝังประดับเพื่อเสริมพลังได้\n(แนะนำ: เมื่อถอดผลึกออก ระดับแสงจะลดลง หากระดับแสงเหลือ 0 จะไม่สามารถฝังประดับได้)	ได้พลังเพิ่มขึ้น เมื่อฝังประดับ	
93359	Fort Crystal Lv.7	เลเวลของเครื่องป้องกันถึง Lv.101 ขึ้นไปสามารถนำมาฝังประดับเพื่อเสริมพลังได้\n(แนะนำ: เมื่อถอดผลึกออก ระดับแสงจะลดลง หากระดับแสงเหลือ 0 จะไม่สามารถฝังประดับได้)	ได้พลังเพิ่มขึ้น เมื่อฝังประดับ	
93360	Imperial Lv.7 Crystal Lv.7	เลเวลของเครื่องป้องกันถึง Lv.101 ขึ้นไปสามารถนำมาฝังประดับเพื่อเสริมพลังได้\n(แนะนำ: เมื่อถอดผลึกออก ระดับแสงจะลดลง หากระดับแสงเหลือ 0 จะไม่สามารถฝังประดับได้)	ได้พลังเพิ่มขึ้น เมื่อฝังประดับ	
93361	Aversion Crystal Lv.7	เลเวลของเครื่องป้องกันถึง Lv.101 ขึ้นไปสามารถนำมาฝังประดับเพื่อเสริมพลังได้\n(แนะนำ: เมื่อถอดผลึกออก ระดับแสงจะลดลง หากระดับแสงเหลือ 0 จะไม่สามารถฝังประดับได้)	ได้พลังเพิ่มขึ้น เมื่อฝังประดับ	
93362	Cache Crystal Lv.7	เลเวลของเครื่องป้องกันถึง Lv.101 ขึ้นไปสามารถนำมาฝังประดับเพื่อเสริมพลังได้\n(แนะนำ: เมื่อถอดผลึกออก ระดับแสงจะลดลง หากระดับแสงเหลือ 0 จะไม่สามารถฝังประดับได้)	ได้พลังเพิ่มขึ้น เมื่อฝังประดับ	
93363	Predator Crystal Lv.7	เลเวลของเครื่องป้องกันถึง Lv.101 ขึ้นไปสามารถนำมาฝังประดับเพื่อเสริมพลังได้\n(แนะนำ: เมื่อถอดผลึกออก ระดับแสงจะลดลง หากระดับแสงเหลือ 0 จะไม่สามารถฝังประดับได้)	ได้พลังเพิ่มขึ้น เมื่อฝังประดับ	
93364	Cushion Crystal Lv.7	เลเวลของเครื่องป้องกันถึง Lv.101 ขึ้นไปสามารถนำมาฝังประดับเพื่อเสริมพลังได้\n(แนะนำ: เมื่อถอดผลึกออก ระดับแสงจะลดลง หากระดับแสงเหลือ 0 จะไม่สามารถฝังประดับได้)	ได้พลังเพิ่มขึ้น เมื่อฝังประดับ	
93365	Warn Crystal Lv.7	เลเวลของเครื่องป้องกันถึง Lv.101 ขึ้นไปสามารถนำมาฝังประดับเพื่อเสริมพลังได้\n(แนะนำ: เมื่อถอดผลึกออก ระดับแสงจะลดลง หากระดับแสงเหลือ 0 จะไม่สามารถฝังประดับได้)	ได้พลังเพิ่มขึ้น เมื่อฝังประดับ	
93366	Monitoring Crystal Lv.7	เลเวลของเครื่องป้องกันถึง Lv.101 ขึ้นไปสามารถนำมาฝังประดับเพื่อเสริมพลังได้\n(แนะนำ: เมื่อถอดผลึกออก ระดับแสงจะลดลง หากระดับแสงเหลือ 0 จะไม่สามารถฝังประดับได้)	ได้พลังเพิ่มขึ้น เมื่อฝังประดับ	
93367	Guard Crystal Lv.7	เลเวลของเครื่องป้องกันถึง Lv.101 ขึ้นไปสามารถนำมาฝังประดับเพื่อเสริมพลังได้\n(แนะนำ: เมื่อถอดผลึกออก ระดับแสงจะลดลง หากระดับแสงเหลือ 0 จะไม่สามารถฝังประดับได้)	ได้พลังเพิ่มขึ้น เมื่อฝังประดับ	
93368	Appease Crystal Lv.7	เลเวลของเครื่องป้องกันถึง Lv.101 ขึ้นไปสามารถนำมาฝังประดับเพื่อเสริมพลังได้\n(แนะนำ: เมื่อถอดผลึกออก ระดับแสงจะลดลง หากระดับแสงเหลือ 0 จะไม่สามารถฝังประดับได้)	ได้พลังเพิ่มขึ้น เมื่อฝังประดับ	
93369	Thunder Crystal Lv.7	เลเวลของเครื่องป้องกันถึง Lv.101 ขึ้นไปสามารถนำมาฝังประดับเพื่อเสริมพลังได้\n(แนะนำ: เมื่อถอดผลึกออก ระดับแสงจะลดลง หากระดับแสงเหลือ 0 จะไม่สามารถฝังประดับได้)	ได้พลังเพิ่มขึ้น เมื่อฝังประดับ	
93370	Sanction Crystal Lv.7	เลเวลของเครื่องป้องกันถึง Lv.101 ขึ้นไปสามารถนำมาฝังประดับเพื่อเสริมพลังได้\n(แนะนำ: เมื่อถอดผลึกออก ระดับแสงจะลดลง หากระดับแสงเหลือ 0 จะไม่สามารถฝังประดับได้)	ได้พลังเพิ่มขึ้น เมื่อฝังประดับ	
93371	Territory Crystal Lv.7	เลเวลของเครื่องป้องกันถึง Lv.101 ขึ้นไปสามารถนำมาฝังประดับเพื่อเสริมพลังได้\n(แนะนำ: เมื่อถอดผลึกออก ระดับแสงจะลดลง หากระดับแสงเหลือ 0 จะไม่สามารถฝังประดับได้)	ได้พลังเพิ่มขึ้น เมื่อฝังประดับ	
93372	Lockout Crystal Lv.7	เลเวลของเครื่องป้องกันถึง Lv.101 ขึ้นไปสามารถนำมาฝังประดับเพื่อเสริมพลังได้\n(แนะนำ: เมื่อถอดผลึกออก ระดับแสงจะลดลง หากระดับแสงเหลือ 0 จะไม่สามารถฝังประดับได้)	ได้พลังเพิ่มขึ้น เมื่อฝังประดับ	
93373	Chain Ring Crystal Lv.7	เลเวลของเครื่องป้องกันถึง Lv.101 ขึ้นไปสามารถนำมาฝังประดับเพื่อเสริมพลังได้\n(แนะนำ: เมื่อถอดผลึกออก ระดับแสงจะลดลง หากระดับแสงเหลือ 0 จะไม่สามารถฝังประดับได้)	ได้พลังเพิ่มขึ้น เมื่อฝังประดับ	
93374	One Heart Crystal Lv.7	เลเวลของเครื่องป้องกันถึง Lv.101 ขึ้นไปสามารถนำมาฝังประดับเพื่อเสริมพลังได้\n(แนะนำ: เมื่อถอดผลึกออก ระดับแสงจะลดลง หากระดับแสงเหลือ 0 จะไม่สามารถฝังประดับได้)	ได้พลังเพิ่มขึ้น เมื่อฝังประดับ	
93375	Border Crystal Lv.7	เลเวลของเครื่องป้องกันถึง Lv.101 ขึ้นไปสามารถนำมาฝังประดับเพื่อเสริมพลังได้\n(แนะนำ: เมื่อถอดผลึกออก ระดับแสงจะลดลง หากระดับแสงเหลือ 0 จะไม่สามารถฝังประดับได้)	ได้พลังเพิ่มขึ้น เมื่อฝังประดับ	
93376	Wilderness Crystal Lv.7	เลเวลของเครื่องป้องกันถึง Lv.101 ขึ้นไปสามารถนำมาฝังประดับเพื่อเสริมพลังได้\n(แนะนำ: เมื่อถอดผลึกออก ระดับแสงจะลดลง หากระดับแสงเหลือ 0 จะไม่สามารถฝังประดับได้)	ได้พลังเพิ่มขึ้น เมื่อฝังประดับ	
93377	Improve Crystal Lv.7	เลเวลของเครื่องประดับถึง Lv.101 ขึ้นไปสามารถนำมาฝังประดับเพื่อเสริมพลังได้\n(แนะนำ: เมื่อถอดผลึกออก ระดับแสงจะลดลง หากระดับแสงเหลือ 0 จะไม่สามารถฝังประดับได้)	ได้พลังเพิ่มขึ้น เมื่อฝังประดับ	
93378	Familiar Crystal Lv.7	เลเวลของเครื่องประดับถึง Lv.101 ขึ้นไปสามารถนำมาฝังประดับเพื่อเสริมพลังได้\n(แนะนำ: เมื่อถอดผลึกออก ระดับแสงจะลดลง หากระดับแสงเหลือ 0 จะไม่สามารถฝังประดับได้)	ได้พลังเพิ่มขึ้น เมื่อฝังประดับ	
93379	Fracture Crystal Lv.7	เลเวลของเครื่องประดับถึง Lv.101 ขึ้นไปสามารถนำมาฝังประดับเพื่อเสริมพลังได้\n(แนะนำ: เมื่อถอดผลึกออก ระดับแสงจะลดลง หากระดับแสงเหลือ 0 จะไม่สามารถฝังประดับได้)	ได้พลังเพิ่มขึ้น เมื่อฝังประดับ	
93380	Security Crystal Lv.7	เลเวลของเครื่องประดับถึง Lv.101 ขึ้นไปสามารถนำมาฝังประดับเพื่อเสริมพลังได้\n(แนะนำ: เมื่อถอดผลึกออก ระดับแสงจะลดลง หากระดับแสงเหลือ 0 จะไม่สามารถฝังประดับได้)	ได้พลังเพิ่มขึ้น เมื่อฝังประดับ	
93381	Ministry Crystal Lv.7	เลเวลของเครื่องประดับถึง Lv.101 ขึ้นไปสามารถนำมาฝังประดับเพื่อเสริมพลังได้\n(แนะนำ: เมื่อถอดผลึกออก ระดับแสงจะลดลง หากระดับแสงเหลือ 0 จะไม่สามารถฝังประดับได้)	ได้พลังเพิ่มขึ้น เมื่อฝังประดับ	
93382	Compete Crystal Lv.7	เลเวลของเครื่องประดับถึง Lv.101 ขึ้นไปสามารถนำมาฝังประดับเพื่อเสริมพลังได้\n(แนะนำ: เมื่อถอดผลึกออก ระดับแสงจะลดลง หากระดับแสงเหลือ 0 จะไม่สามารถฝังประดับได้)	ได้พลังเพิ่มขึ้น เมื่อฝังประดับ	
93383	Cal Lv.7m Crystal Lv.7	เลเวลของเครื่องประดับถึง Lv.101 ขึ้นไปสามารถนำมาฝังประดับเพื่อเสริมพลังได้\n(แนะนำ: เมื่อถอดผลึกออก ระดับแสงจะลดลง หากระดับแสงเหลือ 0 จะไม่สามารถฝังประดับได้)	ได้พลังเพิ่มขึ้น เมื่อฝังประดับ	
93384	Guide Crystal Lv.7	เลเวลของเครื่องประดับถึง Lv.101 ขึ้นไปสามารถนำมาฝังประดับเพื่อเสริมพลังได้\n(แนะนำ: เมื่อถอดผลึกออก ระดับแสงจะลดลง หากระดับแสงเหลือ 0 จะไม่สามารถฝังประดับได้)	ได้พลังเพิ่มขึ้น เมื่อฝังประดับ	
93385	Safe Crystal Lv.7	เลเวลของเครื่องประดับถึง Lv.101 ขึ้นไปสามารถนำมาฝังประดับเพื่อเสริมพลังได้\n(แนะนำ: เมื่อถอดผลึกออก ระดับแสงจะลดลง หากระดับแสงเหลือ 0 จะไม่สามารถฝังประดับได้)	ได้พลังเพิ่มขึ้น เมื่อฝังประดับ	
93386	Inspiration Crystal Lv.7	เลเวลของเครื่องประดับถึง Lv.101 ขึ้นไปสามารถนำมาฝังประดับเพื่อเสริมพลังได้\n(แนะนำ: เมื่อถอดผลึกออก ระดับแสงจะลดลง หากระดับแสงเหลือ 0 จะไม่สามารถฝังประดับได้)	ได้พลังเพิ่มขึ้น เมื่อฝังประดับ	
93387	Sober Crystal Lv.7	เลเวลของเครื่องประดับถึง Lv.101 ขึ้นไปสามารถนำมาฝังประดับเพื่อเสริมพลังได้\n(แนะนำ: เมื่อถอดผลึกออก ระดับแสงจะลดลง หากระดับแสงเหลือ 0 จะไม่สามารถฝังประดับได้)	ได้พลังเพิ่มขึ้น เมื่อฝังประดับ	
93388	Silent Crystal Lv.7	เลเวลของเครื่องประดับถึง Lv.101 ขึ้นไปสามารถนำมาฝังประดับเพื่อเสริมพลังได้\n(แนะนำ: เมื่อถอดผลึกออก ระดับแสงจะลดลง หากระดับแสงเหลือ 0 จะไม่สามารถฝังประดับได้)	ได้พลังเพิ่มขึ้น เมื่อฝังประดับ	
93389	Superiority Crystal Lv.7	เลเวลของเครื่องประดับถึง Lv.101 ขึ้นไปสามารถนำมาฝังประดับเพื่อเสริมพลังได้\n(แนะนำ: เมื่อถอดผลึกออก ระดับแสงจะลดลง หากระดับแสงเหลือ 0 จะไม่สามารถฝังประดับได้)	ได้พลังเพิ่มขึ้น เมื่อฝังประดับ	
93390	Curtain Night Crystal Lv.7	เลเวลของเครื่องประดับถึง Lv.101 ขึ้นไปสามารถนำมาฝังประดับเพื่อเสริมพลังได้\n(แนะนำ: เมื่อถอดผลึกออก ระดับแสงจะลดลง หากระดับแสงเหลือ 0 จะไม่สามารถฝังประดับได้)	ได้พลังเพิ่มขึ้น เมื่อฝังประดับ	
93391	Hope Crystal Lv.7	เลเวลของเครื่องประดับถึง Lv.101 ขึ้นไปสามารถนำมาฝังประดับเพื่อเสริมพลังได้\n(แนะนำ: เมื่อถอดผลึกออก ระดับแสงจะลดลง หากระดับแสงเหลือ 0 จะไม่สามารถฝังประดับได้)	ได้พลังเพิ่มขึ้น เมื่อฝังประดับ	
93392	Support Crystal Lv.7	เลเวลของเครื่องประดับถึง Lv.101 ขึ้นไปสามารถนำมาฝังประดับเพื่อเสริมพลังได้\n(แนะนำ: เมื่อถอดผลึกออก ระดับแสงจะลดลง หากระดับแสงเหลือ 0 จะไม่สามารถฝังประดับได้)	ได้พลังเพิ่มขึ้น เมื่อฝังประดับ	
93393	Eternal Lv.7 Crystal Lv.7	เลเวลของเครื่องประดับถึง Lv.101 ขึ้นไปสามารถนำมาฝังประดับเพื่อเสริมพลังได้\n(แนะนำ: เมื่อถอดผลึกออก ระดับแสงจะลดลง หากระดับแสงเหลือ 0 จะไม่สามารถฝังประดับได้)	ได้พลังเพิ่มขึ้น เมื่อฝังประดับ	
93394	Intervene Crystal Lv.7	เลเวลของเครื่องประดับถึง Lv.101 ขึ้นไปสามารถนำมาฝังประดับเพื่อเสริมพลังได้\n(แนะนำ: เมื่อถอดผลึกออก ระดับแสงจะลดลง หากระดับแสงเหลือ 0 จะไม่สามารถฝังประดับได้)	ได้พลังเพิ่มขึ้น เมื่อฝังประดับ	
93395	War Crystal Lv.8	เลเวลของอาวุธถึง Lv.111 ขึ้นไปสามารถนำมาฝังประดับเพื่อเสริมพลังได้\n(แนะนำ: เมื่อถอดผลึกออก ระดับแสงจะลดลง หากระดับแสงเหลือ 0 จะไม่สามารถฝังประดับได้)	ได้พลังเพิ่มขึ้น เมื่อฝังประดับ	
93396	Flame Crystal Lv.8	เลเวลของอาวุธถึง Lv.111 ขึ้นไปสามารถนำมาฝังประดับเพื่อเสริมพลังได้\n(แนะนำ: เมื่อถอดผลึกออก ระดับแสงจะลดลง หากระดับแสงเหลือ 0 จะไม่สามารถฝังประดับได้)	ได้พลังเพิ่มขึ้น เมื่อฝังประดับ	
93397	Turmoil Crystal Lv.8	เลเวลของอาวุธถึง Lv.111 ขึ้นไปสามารถนำมาฝังประดับเพื่อเสริมพลังได้\n(แนะนำ: เมื่อถอดผลึกออก ระดับแสงจะลดลง หากระดับแสงเหลือ 0 จะไม่สามารถฝังประดับได้)	ได้พลังเพิ่มขึ้น เมื่อฝังประดับ	
93398	Wrangle Crystal Lv.8	เลเวลของอาวุธถึง Lv.111 ขึ้นไปสามารถนำมาฝังประดับเพื่อเสริมพลังได้\n(แนะนำ: เมื่อถอดผลึกออก ระดับแสงจะลดลง หากระดับแสงเหลือ 0 จะไม่สามารถฝังประดับได้)	ได้พลังเพิ่มขึ้น เมื่อฝังประดับ	
93399	Justice Crystal Lv.8	เลเวลของอาวุธถึง Lv.111 ขึ้นไปสามารถนำมาฝังประดับเพื่อเสริมพลังได้\n(แนะนำ: เมื่อถอดผลึกออก ระดับแสงจะลดลง หากระดับแสงเหลือ 0 จะไม่สามารถฝังประดับได้)	ได้พลังเพิ่มขึ้น เมื่อฝังประดับ	
93400	Weapon Crystal Lv.8	เลเวลของอาวุธถึง Lv.111 ขึ้นไปสามารถนำมาฝังประดับเพื่อเสริมพลังได้\n(แนะนำ: เมื่อถอดผลึกออก ระดับแสงจะลดลง หากระดับแสงเหลือ 0 จะไม่สามารถฝังประดับได้)	ได้พลังเพิ่มขึ้น เมื่อฝังประดับ	
93401	Wrestle Crystal Lv.8	เลเวลของอาวุธถึง Lv.111 ขึ้นไปสามารถนำมาฝังประดับเพื่อเสริมพลังได้\n(แนะนำ: เมื่อถอดผลึกออก ระดับแสงจะลดลง หากระดับแสงเหลือ 0 จะไม่สามารถฝังประดับได้)	ได้พลังเพิ่มขึ้น เมื่อฝังประดับ	
93402	Confrontation Crystal Lv.8	เลเวลของอาวุธถึง Lv.111 ขึ้นไปสามารถนำมาฝังประดับเพื่อเสริมพลังได้\n(แนะนำ: เมื่อถอดผลึกออก ระดับแสงจะลดลง หากระดับแสงเหลือ 0 จะไม่สามารถฝังประดับได้)	ได้พลังเพิ่มขึ้น เมื่อฝังประดับ	
93403	Outcome Crystal Lv.8	เลเวลของอาวุธถึง Lv.111 ขึ้นไปสามารถนำมาฝังประดับเพื่อเสริมพลังได้\n(แนะนำ: เมื่อถอดผลึกออก ระดับแสงจะลดลง หากระดับแสงเหลือ 0 จะไม่สามารถฝังประดับได้)	ได้พลังเพิ่มขึ้น เมื่อฝังประดับ	
93404	Declare War Crystal Lv.8	เลเวลของอาวุธถึง Lv.111 ขึ้นไปสามารถนำมาฝังประดับเพื่อเสริมพลังได้\n(แนะนำ: เมื่อถอดผลึกออก ระดับแสงจะลดลง หากระดับแสงเหลือ 0 จะไม่สามารถฝังประดับได้)	ได้พลังเพิ่มขึ้น เมื่อฝังประดับ	
93405	Coercion Crystal Lv.8	เลเวลของอาวุธถึง Lv.111 ขึ้นไปสามารถนำมาฝังประดับเพื่อเสริมพลังได้\n(แนะนำ: เมื่อถอดผลึกออก ระดับแสงจะลดลง หากระดับแสงเหลือ 0 จะไม่สามารถฝังประดับได้)	ได้พลังเพิ่มขึ้น เมื่อฝังประดับ	
93406	Horror Crystal Lv.8	เลเวลของอาวุธถึง Lv.111 ขึ้นไปสามารถนำมาฝังประดับเพื่อเสริมพลังได้\n(แนะนำ: เมื่อถอดผลึกออก ระดับแสงจะลดลง หากระดับแสงเหลือ 0 จะไม่สามารถฝังประดับได้)	ได้พลังเพิ่มขึ้น เมื่อฝังประดับ	
93407	Tight Crystal Lv.8	เลเวลของอาวุธถึง Lv.111 ขึ้นไปสามารถนำมาฝังประดับเพื่อเสริมพลังได้\n(แนะนำ: เมื่อถอดผลึกออก ระดับแสงจะลดลง หากระดับแสงเหลือ 0 จะไม่สามารถฝังประดับได้)	ได้พลังเพิ่มขึ้น เมื่อฝังประดับ	
93408	Violence Crystal Lv.8	เลเวลของอาวุธถึง Lv.111 ขึ้นไปสามารถนำมาฝังประดับเพื่อเสริมพลังได้\n(แนะนำ: เมื่อถอดผลึกออก ระดับแสงจะลดลง หากระดับแสงเหลือ 0 จะไม่สามารถฝังประดับได้)	ได้พลังเพิ่มขึ้น เมื่อฝังประดับ	
93409	Blood Crystal Lv.8	เลเวลของอาวุธถึง Lv.111 ขึ้นไปสามารถนำมาฝังประดับเพื่อเสริมพลังได้\n(แนะนำ: เมื่อถอดผลึกออก ระดับแสงจะลดลง หากระดับแสงเหลือ 0 จะไม่สามารถฝังประดับได้)	ได้พลังเพิ่มขึ้น เมื่อฝังประดับ	
93410	Madness Crystal Lv.8	เลเวลของอาวุธถึง Lv.111 ขึ้นไปสามารถนำมาฝังประดับเพื่อเสริมพลังได้\n(แนะนำ: เมื่อถอดผลึกออก ระดับแสงจะลดลง หากระดับแสงเหลือ 0 จะไม่สามารถฝังประดับได้)	ได้พลังเพิ่มขึ้น เมื่อฝังประดับ	
93411	Poor Soldier Crystal Lv.8	เลเวลของอาวุธถึง Lv.111 ขึ้นไปสามารถนำมาฝังประดับเพื่อเสริมพลังได้\n(แนะนำ: เมื่อถอดผลึกออก ระดับแสงจะลดลง หากระดับแสงเหลือ 0 จะไม่สามารถฝังประดับได้)	ได้พลังเพิ่มขึ้น เมื่อฝังประดับ	
93412	Biochemistry Crystal Lv.8	เลเวลของอาวุธถึง Lv.111 ขึ้นไปสามารถนำมาฝังประดับเพื่อเสริมพลังได้\n(แนะนำ: เมื่อถอดผลึกออก ระดับแสงจะลดลง หากระดับแสงเหลือ 0 จะไม่สามารถฝังประดับได้)	ได้พลังเพิ่มขึ้น เมื่อฝังประดับ	
93413	Kill Crystal Lv.8	เลเวลของอาวุธถึง Lv.111 ขึ้นไปสามารถนำมาฝังประดับเพื่อเสริมพลังได้\n(แนะนำ: เมื่อถอดผลึกออก ระดับแสงจะลดลง หากระดับแสงเหลือ 0 จะไม่สามารถฝังประดับได้)	ได้พลังเพิ่มขึ้น เมื่อฝังประดับ	
93414	Defeat Crystal Lv.8	เลเวลของอาวุธถึง Lv.111 ขึ้นไปสามารถนำมาฝังประดับเพื่อเสริมพลังได้\n(แนะนำ: เมื่อถอดผลึกออก ระดับแสงจะลดลง หากระดับแสงเหลือ 0 จะไม่สามารถฝังประดับได้)	ได้พลังเพิ่มขึ้น เมื่อฝังประดับ	
93415	Modivid Crystal Lv.8	เลเวลของเครื่องป้องกันถึง Lv.111 ขึ้นไปสามารถนำมาฝังประดับเพื่อเสริมพลังได้\n(แนะนำ: เมื่อถอดผลึกออก ระดับแสงจะลดลง หากระดับแสงเหลือ 0 จะไม่สามารถฝังประดับได้)	ได้พลังเพิ่มขึ้น เมื่อฝังประดับ	
93416	Protect Crystal Lv.8	เลเวลของเครื่องป้องกันถึง Lv.111 ขึ้นไปสามารถนำมาฝังประดับเพื่อเสริมพลังได้\n(แนะนำ: เมื่อถอดผลึกออก ระดับแสงจะลดลง หากระดับแสงเหลือ 0 จะไม่สามารถฝังประดับได้)	ได้พลังเพิ่มขึ้น เมื่อฝังประดับ	
93417	Fort Crystal Lv.8	เลเวลของเครื่องป้องกันถึง Lv.111 ขึ้นไปสามารถนำมาฝังประดับเพื่อเสริมพลังได้\n(แนะนำ: เมื่อถอดผลึกออก ระดับแสงจะลดลง หากระดับแสงเหลือ 0 จะไม่สามารถฝังประดับได้)	ได้พลังเพิ่มขึ้น เมื่อฝังประดับ	
93418	Imperial Lv.8 Crystal Lv.8	เลเวลของเครื่องป้องกันถึง Lv.111 ขึ้นไปสามารถนำมาฝังประดับเพื่อเสริมพลังได้\n(แนะนำ: เมื่อถอดผลึกออก ระดับแสงจะลดลง หากระดับแสงเหลือ 0 จะไม่สามารถฝังประดับได้)	ได้พลังเพิ่มขึ้น เมื่อฝังประดับ	
93419	Aversion Crystal Lv.8	เลเวลของเครื่องป้องกันถึง Lv.111 ขึ้นไปสามารถนำมาฝังประดับเพื่อเสริมพลังได้\n(แนะนำ: เมื่อถอดผลึกออก ระดับแสงจะลดลง หากระดับแสงเหลือ 0 จะไม่สามารถฝังประดับได้)	ได้พลังเพิ่มขึ้น เมื่อฝังประดับ	
93420	Cache Crystal Lv.8	เลเวลของเครื่องป้องกันถึง Lv.111 ขึ้นไปสามารถนำมาฝังประดับเพื่อเสริมพลังได้\n(แนะนำ: เมื่อถอดผลึกออก ระดับแสงจะลดลง หากระดับแสงเหลือ 0 จะไม่สามารถฝังประดับได้)	ได้พลังเพิ่มขึ้น เมื่อฝังประดับ	
93421	Predator Crystal Lv.8	เลเวลของเครื่องป้องกันถึง Lv.111 ขึ้นไปสามารถนำมาฝังประดับเพื่อเสริมพลังได้\n(แนะนำ: เมื่อถอดผลึกออก ระดับแสงจะลดลง หากระดับแสงเหลือ 0 จะไม่สามารถฝังประดับได้)	ได้พลังเพิ่มขึ้น เมื่อฝังประดับ	
93422	Cushion Crystal Lv.8	เลเวลของเครื่องป้องกันถึง Lv.111 ขึ้นไปสามารถนำมาฝังประดับเพื่อเสริมพลังได้\n(แนะนำ: เมื่อถอดผลึกออก ระดับแสงจะลดลง หากระดับแสงเหลือ 0 จะไม่สามารถฝังประดับได้)	ได้พลังเพิ่มขึ้น เมื่อฝังประดับ	
93423	Warn Crystal Lv.8	เลเวลของเครื่องป้องกันถึง Lv.111 ขึ้นไปสามารถนำมาฝังประดับเพื่อเสริมพลังได้\n(แนะนำ: เมื่อถอดผลึกออก ระดับแสงจะลดลง หากระดับแสงเหลือ 0 จะไม่สามารถฝังประดับได้)	ได้พลังเพิ่มขึ้น เมื่อฝังประดับ	
93424	Monitoring Crystal Lv.8	เลเวลของเครื่องป้องกันถึง Lv.111 ขึ้นไปสามารถนำมาฝังประดับเพื่อเสริมพลังได้\n(แนะนำ: เมื่อถอดผลึกออก ระดับแสงจะลดลง หากระดับแสงเหลือ 0 จะไม่สามารถฝังประดับได้)	ได้พลังเพิ่มขึ้น เมื่อฝังประดับ	
93425	Guard Crystal Lv.8	เลเวลของเครื่องป้องกันถึง Lv.111 ขึ้นไปสามารถนำมาฝังประดับเพื่อเสริมพลังได้\n(แนะนำ: เมื่อถอดผลึกออก ระดับแสงจะลดลง หากระดับแสงเหลือ 0 จะไม่สามารถฝังประดับได้)	ได้พลังเพิ่มขึ้น เมื่อฝังประดับ	
93426	Appease Crystal Lv.8	เลเวลของเครื่องป้องกันถึง Lv.111 ขึ้นไปสามารถนำมาฝังประดับเพื่อเสริมพลังได้\n(แนะนำ: เมื่อถอดผลึกออก ระดับแสงจะลดลง หากระดับแสงเหลือ 0 จะไม่สามารถฝังประดับได้)	ได้พลังเพิ่มขึ้น เมื่อฝังประดับ	
93427	Thunder Crystal Lv.8	เลเวลของเครื่องป้องกันถึง Lv.111 ขึ้นไปสามารถนำมาฝังประดับเพื่อเสริมพลังได้\n(แนะนำ: เมื่อถอดผลึกออก ระดับแสงจะลดลง หากระดับแสงเหลือ 0 จะไม่สามารถฝังประดับได้)	ได้พลังเพิ่มขึ้น เมื่อฝังประดับ	
93428	Sanction Crystal Lv.8	เลเวลของเครื่องป้องกันถึง Lv.111 ขึ้นไปสามารถนำมาฝังประดับเพื่อเสริมพลังได้\n(แนะนำ: เมื่อถอดผลึกออก ระดับแสงจะลดลง หากระดับแสงเหลือ 0 จะไม่สามารถฝังประดับได้)	ได้พลังเพิ่มขึ้น เมื่อฝังประดับ	
93429	Territory Crystal Lv.8	เลเวลของเครื่องป้องกันถึง Lv.111 ขึ้นไปสามารถนำมาฝังประดับเพื่อเสริมพลังได้\n(แนะนำ: เมื่อถอดผลึกออก ระดับแสงจะลดลง หากระดับแสงเหลือ 0 จะไม่สามารถฝังประดับได้)	ได้พลังเพิ่มขึ้น เมื่อฝังประดับ	
93430	Lockout Crystal Lv.8	เลเวลของเครื่องป้องกันถึง Lv.111 ขึ้นไปสามารถนำมาฝังประดับเพื่อเสริมพลังได้\n(แนะนำ: เมื่อถอดผลึกออก ระดับแสงจะลดลง หากระดับแสงเหลือ 0 จะไม่สามารถฝังประดับได้)	ได้พลังเพิ่มขึ้น เมื่อฝังประดับ	
93431	Chain Ring Crystal Lv.8	เลเวลของเครื่องป้องกันถึง Lv.111 ขึ้นไปสามารถนำมาฝังประดับเพื่อเสริมพลังได้\n(แนะนำ: เมื่อถอดผลึกออก ระดับแสงจะลดลง หากระดับแสงเหลือ 0 จะไม่สามารถฝังประดับได้)	ได้พลังเพิ่มขึ้น เมื่อฝังประดับ	
93432	One Heart Crystal Lv.8	เลเวลของเครื่องป้องกันถึง Lv.111 ขึ้นไปสามารถนำมาฝังประดับเพื่อเสริมพลังได้\n(แนะนำ: เมื่อถอดผลึกออก ระดับแสงจะลดลง หากระดับแสงเหลือ 0 จะไม่สามารถฝังประดับได้)	ได้พลังเพิ่มขึ้น เมื่อฝังประดับ	
93433	Border Crystal Lv.8	เลเวลของเครื่องป้องกันถึง Lv.111 ขึ้นไปสามารถนำมาฝังประดับเพื่อเสริมพลังได้\n(แนะนำ: เมื่อถอดผลึกออก ระดับแสงจะลดลง หากระดับแสงเหลือ 0 จะไม่สามารถฝังประดับได้)	ได้พลังเพิ่มขึ้น เมื่อฝังประดับ	
93434	Wilderness Crystal Lv.8	เลเวลของเครื่องป้องกันถึง Lv.111 ขึ้นไปสามารถนำมาฝังประดับเพื่อเสริมพลังได้\n(แนะนำ: เมื่อถอดผลึกออก ระดับแสงจะลดลง หากระดับแสงเหลือ 0 จะไม่สามารถฝังประดับได้)	ได้พลังเพิ่มขึ้น เมื่อฝังประดับ	
93435	Improve Crystal Lv.8	เลเวลของเครื่องประดับถึง Lv.111 ขึ้นไปสามารถนำมาฝังประดับเพื่อเสริมพลังได้\n(แนะนำ: เมื่อถอดผลึกออก ระดับแสงจะลดลง หากระดับแสงเหลือ 0 จะไม่สามารถฝังประดับได้)	ได้พลังเพิ่มขึ้น เมื่อฝังประดับ	
93436	Familiar Crystal Lv.8	เลเวลของเครื่องประดับถึง Lv.111 ขึ้นไปสามารถนำมาฝังประดับเพื่อเสริมพลังได้\n(แนะนำ: เมื่อถอดผลึกออก ระดับแสงจะลดลง หากระดับแสงเหลือ 0 จะไม่สามารถฝังประดับได้)	ได้พลังเพิ่มขึ้น เมื่อฝังประดับ	
93437	Fracture Crystal Lv.8	เลเวลของเครื่องประดับถึง Lv.111 ขึ้นไปสามารถนำมาฝังประดับเพื่อเสริมพลังได้\n(แนะนำ: เมื่อถอดผลึกออก ระดับแสงจะลดลง หากระดับแสงเหลือ 0 จะไม่สามารถฝังประดับได้)	ได้พลังเพิ่มขึ้น เมื่อฝังประดับ	
93438	Security Crystal Lv.8	เลเวลของเครื่องประดับถึง Lv.111 ขึ้นไปสามารถนำมาฝังประดับเพื่อเสริมพลังได้\n(แนะนำ: เมื่อถอดผลึกออก ระดับแสงจะลดลง หากระดับแสงเหลือ 0 จะไม่สามารถฝังประดับได้)	ได้พลังเพิ่มขึ้น เมื่อฝังประดับ	
93439	Ministry Crystal Lv.8	เลเวลของเครื่องประดับถึง Lv.111 ขึ้นไปสามารถนำมาฝังประดับเพื่อเสริมพลังได้\n(แนะนำ: เมื่อถอดผลึกออก ระดับแสงจะลดลง หากระดับแสงเหลือ 0 จะไม่สามารถฝังประดับได้)	ได้พลังเพิ่มขึ้น เมื่อฝังประดับ	
93440	Compete Crystal Lv.8	เลเวลของเครื่องประดับถึง Lv.111 ขึ้นไปสามารถนำมาฝังประดับเพื่อเสริมพลังได้\n(แนะนำ: เมื่อถอดผลึกออก ระดับแสงจะลดลง หากระดับแสงเหลือ 0 จะไม่สามารถฝังประดับได้)	ได้พลังเพิ่มขึ้น เมื่อฝังประดับ	
93441	Cal Lv.8m Crystal Lv.8	เลเวลของเครื่องประดับถึง Lv.111 ขึ้นไปสามารถนำมาฝังประดับเพื่อเสริมพลังได้\n(แนะนำ: เมื่อถอดผลึกออก ระดับแสงจะลดลง หากระดับแสงเหลือ 0 จะไม่สามารถฝังประดับได้)	ได้พลังเพิ่มขึ้น เมื่อฝังประดับ	
93442	Guide Crystal Lv.8	เลเวลของเครื่องประดับถึง Lv.111 ขึ้นไปสามารถนำมาฝังประดับเพื่อเสริมพลังได้\n(แนะนำ: เมื่อถอดผลึกออก ระดับแสงจะลดลง หากระดับแสงเหลือ 0 จะไม่สามารถฝังประดับได้)	ได้พลังเพิ่มขึ้น เมื่อฝังประดับ	
93443	Safe Crystal Lv.8	เลเวลของเครื่องประดับถึง Lv.111 ขึ้นไปสามารถนำมาฝังประดับเพื่อเสริมพลังได้\n(แนะนำ: เมื่อถอดผลึกออก ระดับแสงจะลดลง หากระดับแสงเหลือ 0 จะไม่สามารถฝังประดับได้)	ได้พลังเพิ่มขึ้น เมื่อฝังประดับ	
93444	Inspiration Crystal Lv.8	เลเวลของเครื่องประดับถึง Lv.111 ขึ้นไปสามารถนำมาฝังประดับเพื่อเสริมพลังได้\n(แนะนำ: เมื่อถอดผลึกออก ระดับแสงจะลดลง หากระดับแสงเหลือ 0 จะไม่สามารถฝังประดับได้)	ได้พลังเพิ่มขึ้น เมื่อฝังประดับ	
93445	Sober Crystal Lv.8	เลเวลของเครื่องประดับถึง Lv.111 ขึ้นไปสามารถนำมาฝังประดับเพื่อเสริมพลังได้\n(แนะนำ: เมื่อถอดผลึกออก ระดับแสงจะลดลง หากระดับแสงเหลือ 0 จะไม่สามารถฝังประดับได้)	ได้พลังเพิ่มขึ้น เมื่อฝังประดับ	
93446	Silent Crystal Lv.8	เลเวลของเครื่องประดับถึง Lv.111 ขึ้นไปสามารถนำมาฝังประดับเพื่อเสริมพลังได้\n(แนะนำ: เมื่อถอดผลึกออก ระดับแสงจะลดลง หากระดับแสงเหลือ 0 จะไม่สามารถฝังประดับได้)	ได้พลังเพิ่มขึ้น เมื่อฝังประดับ	
93447	Superiority Crystal Lv.8	เลเวลของเครื่องประดับถึง Lv.111 ขึ้นไปสามารถนำมาฝังประดับเพื่อเสริมพลังได้\n(แนะนำ: เมื่อถอดผลึกออก ระดับแสงจะลดลง หากระดับแสงเหลือ 0 จะไม่สามารถฝังประดับได้)	ได้พลังเพิ่มขึ้น เมื่อฝังประดับ	
93448	Curtain Night Crystal Lv.8	เลเวลของเครื่องประดับถึง Lv.111 ขึ้นไปสามารถนำมาฝังประดับเพื่อเสริมพลังได้\n(แนะนำ: เมื่อถอดผลึกออก ระดับแสงจะลดลง หากระดับแสงเหลือ 0 จะไม่สามารถฝังประดับได้)	ได้พลังเพิ่มขึ้น เมื่อฝังประดับ	
93449	Hope Crystal Lv.8	เลเวลของเครื่องประดับถึง Lv.111 ขึ้นไปสามารถนำมาฝังประดับเพื่อเสริมพลังได้\n(แนะนำ: เมื่อถอดผลึกออก ระดับแสงจะลดลง หากระดับแสงเหลือ 0 จะไม่สามารถฝังประดับได้)	ได้พลังเพิ่มขึ้น เมื่อฝังประดับ	
93450	Support Crystal Lv.8	เลเวลของเครื่องประดับถึง Lv.111 ขึ้นไปสามารถนำมาฝังประดับเพื่อเสริมพลังได้\n(แนะนำ: เมื่อถอดผลึกออก ระดับแสงจะลดลง หากระดับแสงเหลือ 0 จะไม่สามารถฝังประดับได้)	ได้พลังเพิ่มขึ้น เมื่อฝังประดับ	
93451	Eternal Lv.8 Crystal Lv.8	เลเวลของเครื่องประดับถึง Lv.111 ขึ้นไปสามารถนำมาฝังประดับเพื่อเสริมพลังได้\n(แนะนำ: เมื่อถอดผลึกออก ระดับแสงจะลดลง หากระดับแสงเหลือ 0 จะไม่สามารถฝังประดับได้)	ได้พลังเพิ่มขึ้น เมื่อฝังประดับ	
93452	Intervene Crystal Lv.8	เลเวลของเครื่องประดับถึง Lv.111 ขึ้นไปสามารถนำมาฝังประดับเพื่อเสริมพลังได้\n(แนะนำ: เมื่อถอดผลึกออก ระดับแสงจะลดลง หากระดับแสงเหลือ 0 จะไม่สามารถฝังประดับได้)	ได้พลังเพิ่มขึ้น เมื่อฝังประดับ	
93453	War Crystal Lv.9	เลเวลของอาวุธถึง Lv.121 ขึ้นไปสามารถนำมาฝังประดับเพื่อเสริมพลังได้\n(แนะนำ: เมื่อถอดผลึกออก ระดับแสงจะลดลง หากระดับแสงเหลือ 0 จะไม่สามารถฝังประดับได้)	ได้พลังเพิ่มขึ้น เมื่อฝังประดับ	
93454	Flame Crystal Lv.9	เลเวลของอาวุธถึง Lv.121 ขึ้นไปสามารถนำมาฝังประดับเพื่อเสริมพลังได้\n(แนะนำ: เมื่อถอดผลึกออก ระดับแสงจะลดลง หากระดับแสงเหลือ 0 จะไม่สามารถฝังประดับได้)	ได้พลังเพิ่มขึ้น เมื่อฝังประดับ	
93455	Turmoil Crystal Lv.9	เลเวลของอาวุธถึง Lv.121 ขึ้นไปสามารถนำมาฝังประดับเพื่อเสริมพลังได้\n(แนะนำ: เมื่อถอดผลึกออก ระดับแสงจะลดลง หากระดับแสงเหลือ 0 จะไม่สามารถฝังประดับได้)	ได้พลังเพิ่มขึ้น เมื่อฝังประดับ	
93456	Wrangle Crystal Lv.9	เลเวลของอาวุธถึง Lv.121 ขึ้นไปสามารถนำมาฝังประดับเพื่อเสริมพลังได้\n(แนะนำ: เมื่อถอดผลึกออก ระดับแสงจะลดลง หากระดับแสงเหลือ 0 จะไม่สามารถฝังประดับได้)	ได้พลังเพิ่มขึ้น เมื่อฝังประดับ	
93457	Justice Crystal Lv.9	เลเวลของอาวุธถึง Lv.121 ขึ้นไปสามารถนำมาฝังประดับเพื่อเสริมพลังได้\n(แนะนำ: เมื่อถอดผลึกออก ระดับแสงจะลดลง หากระดับแสงเหลือ 0 จะไม่สามารถฝังประดับได้)	ได้พลังเพิ่มขึ้น เมื่อฝังประดับ	
93458	Weapon Crystal Lv.9	เลเวลของอาวุธถึง Lv.121 ขึ้นไปสามารถนำมาฝังประดับเพื่อเสริมพลังได้\n(แนะนำ: เมื่อถอดผลึกออก ระดับแสงจะลดลง หากระดับแสงเหลือ 0 จะไม่สามารถฝังประดับได้)	ได้พลังเพิ่มขึ้น เมื่อฝังประดับ	
93459	Wrestle Crystal Lv.9	เลเวลของอาวุธถึง Lv.121 ขึ้นไปสามารถนำมาฝังประดับเพื่อเสริมพลังได้\n(แนะนำ: เมื่อถอดผลึกออก ระดับแสงจะลดลง หากระดับแสงเหลือ 0 จะไม่สามารถฝังประดับได้)	ได้พลังเพิ่มขึ้น เมื่อฝังประดับ	
93460	Confrontation Crystal Lv.9	เลเวลของอาวุธถึง Lv.121 ขึ้นไปสามารถนำมาฝังประดับเพื่อเสริมพลังได้\n(แนะนำ: เมื่อถอดผลึกออก ระดับแสงจะลดลง หากระดับแสงเหลือ 0 จะไม่สามารถฝังประดับได้)	ได้พลังเพิ่มขึ้น เมื่อฝังประดับ	
93461	Outcome Crystal Lv.9	เลเวลของอาวุธถึง Lv.121 ขึ้นไปสามารถนำมาฝังประดับเพื่อเสริมพลังได้\n(แนะนำ: เมื่อถอดผลึกออก ระดับแสงจะลดลง หากระดับแสงเหลือ 0 จะไม่สามารถฝังประดับได้)	ได้พลังเพิ่มขึ้น เมื่อฝังประดับ	
93462	Declare War Crystal Lv.9	เลเวลของอาวุธถึง Lv.121 ขึ้นไปสามารถนำมาฝังประดับเพื่อเสริมพลังได้\n(แนะนำ: เมื่อถอดผลึกออก ระดับแสงจะลดลง หากระดับแสงเหลือ 0 จะไม่สามารถฝังประดับได้)	ได้พลังเพิ่มขึ้น เมื่อฝังประดับ	
93463	Coercion Crystal Lv.9	เลเวลของอาวุธถึง Lv.121 ขึ้นไปสามารถนำมาฝังประดับเพื่อเสริมพลังได้\n(แนะนำ: เมื่อถอดผลึกออก ระดับแสงจะลดลง หากระดับแสงเหลือ 0 จะไม่สามารถฝังประดับได้)	ได้พลังเพิ่มขึ้น เมื่อฝังประดับ	
93464	Horror Crystal Lv.9	เลเวลของอาวุธถึง Lv.121 ขึ้นไปสามารถนำมาฝังประดับเพื่อเสริมพลังได้\n(แนะนำ: เมื่อถอดผลึกออก ระดับแสงจะลดลง หากระดับแสงเหลือ 0 จะไม่สามารถฝังประดับได้)	ได้พลังเพิ่มขึ้น เมื่อฝังประดับ	
93465	Tight Crystal Lv.9	เลเวลของอาวุธถึง Lv.121 ขึ้นไปสามารถนำมาฝังประดับเพื่อเสริมพลังได้\n(แนะนำ: เมื่อถอดผลึกออก ระดับแสงจะลดลง หากระดับแสงเหลือ 0 จะไม่สามารถฝังประดับได้)	ได้พลังเพิ่มขึ้น เมื่อฝังประดับ	
93466	Violence Crystal Lv.9	เลเวลของอาวุธถึง Lv.121 ขึ้นไปสามารถนำมาฝังประดับเพื่อเสริมพลังได้\n(แนะนำ: เมื่อถอดผลึกออก ระดับแสงจะลดลง หากระดับแสงเหลือ 0 จะไม่สามารถฝังประดับได้)	ได้พลังเพิ่มขึ้น เมื่อฝังประดับ	
93467	Blood Crystal Lv.9	เลเวลของอาวุธถึง Lv.121 ขึ้นไปสามารถนำมาฝังประดับเพื่อเสริมพลังได้\n(แนะนำ: เมื่อถอดผลึกออก ระดับแสงจะลดลง หากระดับแสงเหลือ 0 จะไม่สามารถฝังประดับได้)	ได้พลังเพิ่มขึ้น เมื่อฝังประดับ	
93468	Madness Crystal Lv.9	เลเวลของอาวุธถึง Lv.121 ขึ้นไปสามารถนำมาฝังประดับเพื่อเสริมพลังได้\n(แนะนำ: เมื่อถอดผลึกออก ระดับแสงจะลดลง หากระดับแสงเหลือ 0 จะไม่สามารถฝังประดับได้)	ได้พลังเพิ่มขึ้น เมื่อฝังประดับ	
93469	Poor Soldier Crystal Lv.9	เลเวลของอาวุธถึง Lv.121 ขึ้นไปสามารถนำมาฝังประดับเพื่อเสริมพลังได้\n(แนะนำ: เมื่อถอดผลึกออก ระดับแสงจะลดลง หากระดับแสงเหลือ 0 จะไม่สามารถฝังประดับได้)	ได้พลังเพิ่มขึ้น เมื่อฝังประดับ	
93470	Biochemistry Crystal Lv.9	เลเวลของอาวุธถึง Lv.121 ขึ้นไปสามารถนำมาฝังประดับเพื่อเสริมพลังได้\n(แนะนำ: เมื่อถอดผลึกออก ระดับแสงจะลดลง หากระดับแสงเหลือ 0 จะไม่สามารถฝังประดับได้)	ได้พลังเพิ่มขึ้น เมื่อฝังประดับ	
93471	Kill Crystal Lv.9	เลเวลของอาวุธถึง Lv.121 ขึ้นไปสามารถนำมาฝังประดับเพื่อเสริมพลังได้\n(แนะนำ: เมื่อถอดผลึกออก ระดับแสงจะลดลง หากระดับแสงเหลือ 0 จะไม่สามารถฝังประดับได้)	ได้พลังเพิ่มขึ้น เมื่อฝังประดับ	
93472	Defeat Crystal Lv.9	เลเวลของอาวุธถึง Lv.121 ขึ้นไปสามารถนำมาฝังประดับเพื่อเสริมพลังได้\n(แนะนำ: เมื่อถอดผลึกออก ระดับแสงจะลดลง หากระดับแสงเหลือ 0 จะไม่สามารถฝังประดับได้)	ได้พลังเพิ่มขึ้น เมื่อฝังประดับ	
93473	Modivid Crystal Lv.9	เลเวลของเครื่องป้องกันถึง Lv.121 ขึ้นไปสามารถนำมาฝังประดับเพื่อเสริมพลังได้\n(แนะนำ: เมื่อถอดผลึกออก ระดับแสงจะลดลง หากระดับแสงเหลือ 0 จะไม่สามารถฝังประดับได้)	ได้พลังเพิ่มขึ้น เมื่อฝังประดับ	
93474	Protect Crystal Lv.9	เลเวลของเครื่องป้องกันถึง Lv.121 ขึ้นไปสามารถนำมาฝังประดับเพื่อเสริมพลังได้\n(แนะนำ: เมื่อถอดผลึกออก ระดับแสงจะลดลง หากระดับแสงเหลือ 0 จะไม่สามารถฝังประดับได้)	ได้พลังเพิ่มขึ้น เมื่อฝังประดับ	
93475	Fort Crystal Lv.9	เลเวลของเครื่องป้องกันถึง Lv.121 ขึ้นไปสามารถนำมาฝังประดับเพื่อเสริมพลังได้\n(แนะนำ: เมื่อถอดผลึกออก ระดับแสงจะลดลง หากระดับแสงเหลือ 0 จะไม่สามารถฝังประดับได้)	ได้พลังเพิ่มขึ้น เมื่อฝังประดับ	
93476	Imperial Lv.9 Crystal Lv.9	เลเวลของเครื่องป้องกันถึง Lv.121 ขึ้นไปสามารถนำมาฝังประดับเพื่อเสริมพลังได้\n(แนะนำ: เมื่อถอดผลึกออก ระดับแสงจะลดลง หากระดับแสงเหลือ 0 จะไม่สามารถฝังประดับได้)	ได้พลังเพิ่มขึ้น เมื่อฝังประดับ	
93477	Aversion Crystal Lv.9	เลเวลของเครื่องป้องกันถึง Lv.121 ขึ้นไปสามารถนำมาฝังประดับเพื่อเสริมพลังได้\n(แนะนำ: เมื่อถอดผลึกออก ระดับแสงจะลดลง หากระดับแสงเหลือ 0 จะไม่สามารถฝังประดับได้)	ได้พลังเพิ่มขึ้น เมื่อฝังประดับ	
93478	Cache Crystal Lv.9	เลเวลของเครื่องป้องกันถึง Lv.121 ขึ้นไปสามารถนำมาฝังประดับเพื่อเสริมพลังได้\n(แนะนำ: เมื่อถอดผลึกออก ระดับแสงจะลดลง หากระดับแสงเหลือ 0 จะไม่สามารถฝังประดับได้)	ได้พลังเพิ่มขึ้น เมื่อฝังประดับ	
93479	Predator Crystal Lv.9	เลเวลของเครื่องป้องกันถึง Lv.121 ขึ้นไปสามารถนำมาฝังประดับเพื่อเสริมพลังได้\n(แนะนำ: เมื่อถอดผลึกออก ระดับแสงจะลดลง หากระดับแสงเหลือ 0 จะไม่สามารถฝังประดับได้)	ได้พลังเพิ่มขึ้น เมื่อฝังประดับ	
93480	Cushion Crystal Lv.9	เลเวลของเครื่องป้องกันถึง Lv.121 ขึ้นไปสามารถนำมาฝังประดับเพื่อเสริมพลังได้\n(แนะนำ: เมื่อถอดผลึกออก ระดับแสงจะลดลง หากระดับแสงเหลือ 0 จะไม่สามารถฝังประดับได้)	ได้พลังเพิ่มขึ้น เมื่อฝังประดับ	
93481	Warn Crystal Lv.9	เลเวลของเครื่องป้องกันถึง Lv.121 ขึ้นไปสามารถนำมาฝังประดับเพื่อเสริมพลังได้\n(แนะนำ: เมื่อถอดผลึกออก ระดับแสงจะลดลง หากระดับแสงเหลือ 0 จะไม่สามารถฝังประดับได้)	ได้พลังเพิ่มขึ้น เมื่อฝังประดับ	
93482	Monitoring Crystal Lv.9	เลเวลของเครื่องป้องกันถึง Lv.121 ขึ้นไปสามารถนำมาฝังประดับเพื่อเสริมพลังได้\n(แนะนำ: เมื่อถอดผลึกออก ระดับแสงจะลดลง หากระดับแสงเหลือ 0 จะไม่สามารถฝังประดับได้)	ได้พลังเพิ่มขึ้น เมื่อฝังประดับ	
93483	Guard Crystal Lv.9	เลเวลของเครื่องป้องกันถึง Lv.121 ขึ้นไปสามารถนำมาฝังประดับเพื่อเสริมพลังได้\n(แนะนำ: เมื่อถอดผลึกออก ระดับแสงจะลดลง หากระดับแสงเหลือ 0 จะไม่สามารถฝังประดับได้)	ได้พลังเพิ่มขึ้น เมื่อฝังประดับ	
93484	Appease Crystal Lv.9	เลเวลของเครื่องป้องกันถึง Lv.121 ขึ้นไปสามารถนำมาฝังประดับเพื่อเสริมพลังได้\n(แนะนำ: เมื่อถอดผลึกออก ระดับแสงจะลดลง หากระดับแสงเหลือ 0 จะไม่สามารถฝังประดับได้)	ได้พลังเพิ่มขึ้น เมื่อฝังประดับ	
93485	Thunder Crystal Lv.9	เลเวลของเครื่องป้องกันถึง Lv.121 ขึ้นไปสามารถนำมาฝังประดับเพื่อเสริมพลังได้\n(แนะนำ: เมื่อถอดผลึกออก ระดับแสงจะลดลง หากระดับแสงเหลือ 0 จะไม่สามารถฝังประดับได้)	ได้พลังเพิ่มขึ้น เมื่อฝังประดับ	
93486	Sanction Crystal Lv.9	เลเวลของเครื่องป้องกันถึง Lv.121 ขึ้นไปสามารถนำมาฝังประดับเพื่อเสริมพลังได้\n(แนะนำ: เมื่อถอดผลึกออก ระดับแสงจะลดลง หากระดับแสงเหลือ 0 จะไม่สามารถฝังประดับได้)	ได้พลังเพิ่มขึ้น เมื่อฝังประดับ	
93487	Territory Crystal Lv.9	เลเวลของเครื่องป้องกันถึง Lv.121 ขึ้นไปสามารถนำมาฝังประดับเพื่อเสริมพลังได้\n(แนะนำ: เมื่อถอดผลึกออก ระดับแสงจะลดลง หากระดับแสงเหลือ 0 จะไม่สามารถฝังประดับได้)	ได้พลังเพิ่มขึ้น เมื่อฝังประดับ	
93488	Lockout Crystal Lv.9	เลเวลของเครื่องป้องกันถึง Lv.121 ขึ้นไปสามารถนำมาฝังประดับเพื่อเสริมพลังได้\n(แนะนำ: เมื่อถอดผลึกออก ระดับแสงจะลดลง หากระดับแสงเหลือ 0 จะไม่สามารถฝังประดับได้)	ได้พลังเพิ่มขึ้น เมื่อฝังประดับ	
93489	Chain Ring Crystal Lv.9	เลเวลของเครื่องป้องกันถึง Lv.121 ขึ้นไปสามารถนำมาฝังประดับเพื่อเสริมพลังได้\n(แนะนำ: เมื่อถอดผลึกออก ระดับแสงจะลดลง หากระดับแสงเหลือ 0 จะไม่สามารถฝังประดับได้)	ได้พลังเพิ่มขึ้น เมื่อฝังประดับ	
93490	One Heart Crystal Lv.9	เลเวลของเครื่องป้องกันถึง Lv.121 ขึ้นไปสามารถนำมาฝังประดับเพื่อเสริมพลังได้\n(แนะนำ: เมื่อถอดผลึกออก ระดับแสงจะลดลง หากระดับแสงเหลือ 0 จะไม่สามารถฝังประดับได้)	ได้พลังเพิ่มขึ้น เมื่อฝังประดับ	
93491	Border Crystal Lv.9	เลเวลของเครื่องป้องกันถึง Lv.121 ขึ้นไปสามารถนำมาฝังประดับเพื่อเสริมพลังได้\n(แนะนำ: เมื่อถอดผลึกออก ระดับแสงจะลดลง หากระดับแสงเหลือ 0 จะไม่สามารถฝังประดับได้)	ได้พลังเพิ่มขึ้น เมื่อฝังประดับ	
93492	Wilderness Crystal Lv.9	เลเวลของเครื่องป้องกันถึง Lv.121 ขึ้นไปสามารถนำมาฝังประดับเพื่อเสริมพลังได้\n(แนะนำ: เมื่อถอดผลึกออก ระดับแสงจะลดลง หากระดับแสงเหลือ 0 จะไม่สามารถฝังประดับได้)	ได้พลังเพิ่มขึ้น เมื่อฝังประดับ	
93493	Improve Crystal Lv.9	เลเวลของเครื่องประดับถึง Lv.121 ขึ้นไปสามารถนำมาฝังประดับเพื่อเสริมพลังได้\n(แนะนำ: เมื่อถอดผลึกออก ระดับแสงจะลดลง หากระดับแสงเหลือ 0 จะไม่สามารถฝังประดับได้)	ได้พลังเพิ่มขึ้น เมื่อฝังประดับ	
93494	Familiar Crystal Lv.9	เลเวลของเครื่องประดับถึง Lv.121 ขึ้นไปสามารถนำมาฝังประดับเพื่อเสริมพลังได้\n(แนะนำ: เมื่อถอดผลึกออก ระดับแสงจะลดลง หากระดับแสงเหลือ 0 จะไม่สามารถฝังประดับได้)	ได้พลังเพิ่มขึ้น เมื่อฝังประดับ	
93495	Fracture Crystal Lv.9	เลเวลของเครื่องประดับถึง Lv.121 ขึ้นไปสามารถนำมาฝังประดับเพื่อเสริมพลังได้\n(แนะนำ: เมื่อถอดผลึกออก ระดับแสงจะลดลง หากระดับแสงเหลือ 0 จะไม่สามารถฝังประดับได้)	ได้พลังเพิ่มขึ้น เมื่อฝังประดับ	
93496	Security Crystal Lv.9	เลเวลของเครื่องประดับถึง Lv.121 ขึ้นไปสามารถนำมาฝังประดับเพื่อเสริมพลังได้\n(แนะนำ: เมื่อถอดผลึกออก ระดับแสงจะลดลง หากระดับแสงเหลือ 0 จะไม่สามารถฝังประดับได้)	ได้พลังเพิ่มขึ้น เมื่อฝังประดับ	
93497	Ministry Crystal Lv.9	เลเวลของเครื่องประดับถึง Lv.121 ขึ้นไปสามารถนำมาฝังประดับเพื่อเสริมพลังได้\n(แนะนำ: เมื่อถอดผลึกออก ระดับแสงจะลดลง หากระดับแสงเหลือ 0 จะไม่สามารถฝังประดับได้)	ได้พลังเพิ่มขึ้น เมื่อฝังประดับ	
93498	Compete Crystal Lv.9	เลเวลของเครื่องประดับถึง Lv.121 ขึ้นไปสามารถนำมาฝังประดับเพื่อเสริมพลังได้\n(แนะนำ: เมื่อถอดผลึกออก ระดับแสงจะลดลง หากระดับแสงเหลือ 0 จะไม่สามารถฝังประดับได้)	ได้พลังเพิ่มขึ้น เมื่อฝังประดับ	
93499	Cal Lv.9m Crystal Lv.9	เลเวลของเครื่องประดับถึง Lv.121 ขึ้นไปสามารถนำมาฝังประดับเพื่อเสริมพลังได้\n(แนะนำ: เมื่อถอดผลึกออก ระดับแสงจะลดลง หากระดับแสงเหลือ 0 จะไม่สามารถฝังประดับได้)	ได้พลังเพิ่มขึ้น เมื่อฝังประดับ	
93500	Guide Crystal Lv.9	เลเวลของเครื่องประดับถึง Lv.121 ขึ้นไปสามารถนำมาฝังประดับเพื่อเสริมพลังได้\n(แนะนำ: เมื่อถอดผลึกออก ระดับแสงจะลดลง หากระดับแสงเหลือ 0 จะไม่สามารถฝังประดับได้)	ได้พลังเพิ่มขึ้น เมื่อฝังประดับ	
93501	Safe Crystal Lv.9	เลเวลของเครื่องประดับถึง Lv.121 ขึ้นไปสามารถนำมาฝังประดับเพื่อเสริมพลังได้\n(แนะนำ: เมื่อถอดผลึกออก ระดับแสงจะลดลง หากระดับแสงเหลือ 0 จะไม่สามารถฝังประดับได้)	ได้พลังเพิ่มขึ้น เมื่อฝังประดับ	
93502	Inspiration Crystal Lv.9	เลเวลของเครื่องประดับถึง Lv.121 ขึ้นไปสามารถนำมาฝังประดับเพื่อเสริมพลังได้\n(แนะนำ: เมื่อถอดผลึกออก ระดับแสงจะลดลง หากระดับแสงเหลือ 0 จะไม่สามารถฝังประดับได้)	ได้พลังเพิ่มขึ้น เมื่อฝังประดับ	
93503	Sober Crystal Lv.9	เลเวลของเครื่องประดับถึง Lv.121 ขึ้นไปสามารถนำมาฝังประดับเพื่อเสริมพลังได้\n(แนะนำ: เมื่อถอดผลึกออก ระดับแสงจะลดลง หากระดับแสงเหลือ 0 จะไม่สามารถฝังประดับได้)	ได้พลังเพิ่มขึ้น เมื่อฝังประดับ	
93504	Silent Crystal Lv.9	เลเวลของเครื่องประดับถึง Lv.121 ขึ้นไปสามารถนำมาฝังประดับเพื่อเสริมพลังได้\n(แนะนำ: เมื่อถอดผลึกออก ระดับแสงจะลดลง หากระดับแสงเหลือ 0 จะไม่สามารถฝังประดับได้)	ได้พลังเพิ่มขึ้น เมื่อฝังประดับ	
93505	Superiority Crystal Lv.9	เลเวลของเครื่องประดับถึง Lv.121 ขึ้นไปสามารถนำมาฝังประดับเพื่อเสริมพลังได้\n(แนะนำ: เมื่อถอดผลึกออก ระดับแสงจะลดลง หากระดับแสงเหลือ 0 จะไม่สามารถฝังประดับได้)	ได้พลังเพิ่มขึ้น เมื่อฝังประดับ	
93506	Curtain Night Crystal Lv.9	เลเวลของเครื่องประดับถึง Lv.121 ขึ้นไปสามารถนำมาฝังประดับเพื่อเสริมพลังได้\n(แนะนำ: เมื่อถอดผลึกออก ระดับแสงจะลดลง หากระดับแสงเหลือ 0 จะไม่สามารถฝังประดับได้)	ได้พลังเพิ่มขึ้น เมื่อฝังประดับ	
93507	Hope Crystal Lv.9	เลเวลของเครื่องประดับถึง Lv.121 ขึ้นไปสามารถนำมาฝังประดับเพื่อเสริมพลังได้\n(แนะนำ: เมื่อถอดผลึกออก ระดับแสงจะลดลง หากระดับแสงเหลือ 0 จะไม่สามารถฝังประดับได้)	ได้พลังเพิ่มขึ้น เมื่อฝังประดับ	
93508	Support Crystal Lv.9	เลเวลของเครื่องประดับถึง Lv.121 ขึ้นไปสามารถนำมาฝังประดับเพื่อเสริมพลังได้\n(แนะนำ: เมื่อถอดผลึกออก ระดับแสงจะลดลง หากระดับแสงเหลือ 0 จะไม่สามารถฝังประดับได้)	ได้พลังเพิ่มขึ้น เมื่อฝังประดับ	
93509	Eternal Lv.9 Crystal Lv.9	เลเวลของเครื่องประดับถึง Lv.121 ขึ้นไปสามารถนำมาฝังประดับเพื่อเสริมพลังได้\n(แนะนำ: เมื่อถอดผลึกออก ระดับแสงจะลดลง หากระดับแสงเหลือ 0 จะไม่สามารถฝังประดับได้)	ได้พลังเพิ่มขึ้น เมื่อฝังประดับ	
93510	Intervene Crystal Lv.9	เลเวลของเครื่องประดับถึง Lv.121 ขึ้นไปสามารถนำมาฝังประดับเพื่อเสริมพลังได้\n(แนะนำ: เมื่อถอดผลึกออก ระดับแสงจะลดลง หากระดับแสงเหลือ 0 จะไม่สามารถฝังประดับได้)	ได้พลังเพิ่มขึ้น เมื่อฝังประดับ	
93511	Enticement Crystal Lv.1	เลเวลของเครื่องประดับถึง Lv.1 ขึ้นไปสามารถนำมาฝังประดับเพื่อเสริมพลังได้\n(แนะนำ: เมื่อถอดผลึกออก ระดับแสงจะลดลง หากระดับแสงเหลือ 0 จะไม่สามารถฝังประดับได้)	ได้พลังเพิ่มขึ้น เมื่อฝังประดับ	
93512	Instruction Crystal Lv.1	เลเวลของเครื่องประดับถึง Lv.1 ขึ้นไปสามารถนำมาฝังประดับเพื่อเสริมพลังได้\n(แนะนำ: เมื่อถอดผลึกออก ระดับแสงจะลดลง หากระดับแสงเหลือ 0 จะไม่สามารถฝังประดับได้)	ได้พลังเพิ่มขึ้น เมื่อฝังประดับ	
93513	Enticement Crystal Lv.2	เลเวลของเครื่องประดับถึง Lv.31 ขึ้นไปสามารถนำมาฝังประดับเพื่อเสริมพลังได้\n(แนะนำ: เมื่อถอดผลึกออก ระดับแสงจะลดลง หากระดับแสงเหลือ 0 จะไม่สามารถฝังประดับได้)	ได้พลังเพิ่มขึ้น เมื่อฝังประดับ	
93514	Instruction Crystal Lv.2	เลเวลของเครื่องประดับถึง Lv.31 ขึ้นไปสามารถนำมาฝังประดับเพื่อเสริมพลังได้\n(แนะนำ: เมื่อถอดผลึกออก ระดับแสงจะลดลง หากระดับแสงเหลือ 0 จะไม่สามารถฝังประดับได้)	ได้พลังเพิ่มขึ้น เมื่อฝังประดับ	
93515	Enticement Crystal Lv.3	เลเวลของเครื่องประดับถึง Lv.51 ขึ้นไปสามารถนำมาฝังประดับเพื่อเสริมพลังได้\n(แนะนำ: เมื่อถอดผลึกออก ระดับแสงจะลดลง หากระดับแสงเหลือ 0 จะไม่สามารถฝังประดับได้)	ได้พลังเพิ่มขึ้น เมื่อฝังประดับ	
93516	Instruction Crystal Lv.3	เลเวลของเครื่องประดับถึง Lv.51 ขึ้นไปสามารถนำมาฝังประดับเพื่อเสริมพลังได้\n(แนะนำ: เมื่อถอดผลึกออก ระดับแสงจะลดลง หากระดับแสงเหลือ 0 จะไม่สามารถฝังประดับได้)	ได้พลังเพิ่มขึ้น เมื่อฝังประดับ	
93517	Enticement Crystal Lv.4	เลเวลของเครื่องประดับถึง Lv.66 ขึ้นไปสามารถนำมาฝังประดับเพื่อเสริมพลังได้\n(แนะนำ: เมื่อถอดผลึกออก ระดับแสงจะลดลง หากระดับแสงเหลือ 0 จะไม่สามารถฝังประดับได้)	ได้พลังเพิ่มขึ้น เมื่อฝังประดับ	
93518	Instruction Crystal Lv.4	เลเวลของเครื่องประดับถึง Lv.66 ขึ้นไปสามารถนำมาฝังประดับเพื่อเสริมพลังได้\n(แนะนำ: เมื่อถอดผลึกออก ระดับแสงจะลดลง หากระดับแสงเหลือ 0 จะไม่สามารถฝังประดับได้)	ได้พลังเพิ่มขึ้น เมื่อฝังประดับ	
93519	Enticement Crystal Lv.5	เลเวลของเครื่องประดับถึง Lv.81 ขึ้นไปสามารถนำมาฝังประดับเพื่อเสริมพลังได้\n(แนะนำ: เมื่อถอดผลึกออก ระดับแสงจะลดลง หากระดับแสงเหลือ 0 จะไม่สามารถฝังประดับได้)	ได้พลังเพิ่มขึ้น เมื่อฝังประดับ	
93520	Instruction Crystal Lv.5	เลเวลของเครื่องประดับถึง Lv.81 ขึ้นไปสามารถนำมาฝังประดับเพื่อเสริมพลังได้\n(แนะนำ: เมื่อถอดผลึกออก ระดับแสงจะลดลง หากระดับแสงเหลือ 0 จะไม่สามารถฝังประดับได้)	ได้พลังเพิ่มขึ้น เมื่อฝังประดับ	
93521	Enticement Crystal Lv.6	เลเวลของเครื่องประดับถึง Lv.91 ขึ้นไปสามารถนำมาฝังประดับเพื่อเสริมพลังได้\n(แนะนำ: เมื่อถอดผลึกออก ระดับแสงจะลดลง หากระดับแสงเหลือ 0 จะไม่สามารถฝังประดับได้)	ได้พลังเพิ่มขึ้น เมื่อฝังประดับ	
93522	Instruction Crystal Lv.6	เลเวลของเครื่องประดับถึง Lv.91 ขึ้นไปสามารถนำมาฝังประดับเพื่อเสริมพลังได้\n(แนะนำ: เมื่อถอดผลึกออก ระดับแสงจะลดลง หากระดับแสงเหลือ 0 จะไม่สามารถฝังประดับได้)	ได้พลังเพิ่มขึ้น เมื่อฝังประดับ	
93523	Enticement Crystal Lv.7	เลเวลของเครื่องประดับถึง Lv.101 ขึ้นไปสามารถนำมาฝังประดับเพื่อเสริมพลังได้\n(แนะนำ: เมื่อถอดผลึกออก ระดับแสงจะลดลง หากระดับแสงเหลือ 0 จะไม่สามารถฝังประดับได้)	ได้พลังเพิ่มขึ้น เมื่อฝังประดับ	
93524	Instruction Crystal Lv.7	เลเวลของเครื่องประดับถึง Lv.101 ขึ้นไปสามารถนำมาฝังประดับเพื่อเสริมพลังได้\n(แนะนำ: เมื่อถอดผลึกออก ระดับแสงจะลดลง หากระดับแสงเหลือ 0 จะไม่สามารถฝังประดับได้)	ได้พลังเพิ่มขึ้น เมื่อฝังประดับ	
93525	Enticement Crystal Lv.8	เลเวลของเครื่องประดับถึง Lv.111 ขึ้นไปสามารถนำมาฝังประดับเพื่อเสริมพลังได้\n(แนะนำ: เมื่อถอดผลึกออก ระดับแสงจะลดลง หากระดับแสงเหลือ 0 จะไม่สามารถฝังประดับได้)	ได้พลังเพิ่มขึ้น เมื่อฝังประดับ	
93526	Instruction Crystal Lv.8	เลเวลของเครื่องประดับถึง Lv.111 ขึ้นไปสามารถนำมาฝังประดับเพื่อเสริมพลังได้\n(แนะนำ: เมื่อถอดผลึกออก ระดับแสงจะลดลง หากระดับแสงเหลือ 0 จะไม่สามารถฝังประดับได้)	ได้พลังเพิ่มขึ้น เมื่อฝังประดับ	
93527	Enticement Crystal Lv.9	เลเวลของเครื่องประดับถึง Lv.121 ขึ้นไปสามารถนำมาฝังประดับเพื่อเสริมพลังได้\n(แนะนำ: เมื่อถอดผลึกออก ระดับแสงจะลดลง หากระดับแสงเหลือ 0 จะไม่สามารถฝังประดับได้)	ได้พลังเพิ่มขึ้น เมื่อฝังประดับ	
93528	Instruction Crystal Lv.9	เลเวลของเครื่องประดับถึง Lv.121 ขึ้นไปสามารถนำมาฝังประดับเพื่อเสริมพลังได้\n(แนะนำ: เมื่อถอดผลึกออก ระดับแสงจะลดลง หากระดับแสงเหลือ 0 จะไม่สามารถฝังประดับได้)	ได้พลังเพิ่มขึ้น เมื่อฝังประดับ	
99901	Booth Use 1	เปิดบูทที่ 1		คลิกขวาจะเปิดหน้าแผงลอย
99902	Booth Use 2	เปิดบูทที่ 2		คลิกขวาจะเปิดหน้าแผงลอย
99903	Booth Use 3	เปิดบูทที่ 3		คลิกขวาจะเปิดหน้าแผงลอย
99904	Booth Use 4	เปิดบูทที่ 4		คลิกขวาจะเปิดหน้าแผงลอย
99911	Ship Repair Durable 1	เพิ่ม 100		คลิกขวาจะฟื้นฟูความทนทานของเรือ
99912	Ship Repair Durable 2	เพิ่ม 500+20%		คลิกขวาจะฟื้นฟูความทนทานของเรือ
99913	Ship Repair Durable 3	เพิ่ม 30%		คลิกขวาจะฟื้นฟูความทนทานของเรือ
99914	Ship Repair Durable 4	เพิ่ม 1300+40%		คลิกขวาจะฟื้นฟูความทนทานของเรือ
99931	Billboard Rent 2501_60	เมื่อใช้แล้วสามารถเปลี่ยนรูปแบบป้ายได้ (60 วินาที)		คลิกขวาจะได้ป้ายรูปแบบใหม่
99932	Billboard Rent 2502	เมื่อใช้แล้วสามารถเปลี่ยนรูปแบบป้ายได้ (3 วัน)		คลิกขวาจะได้ป้ายรูปแบบใหม่
99933	Billboard Rent 2503	เมื่อใช้แล้วสามารถเปลี่ยนรูปแบบป้ายได้ (3 วัน)		คลิกขวาจะได้ป้ายรูปแบบใหม่
99934	Billboard Rent 2504	เมื่อใช้แล้วสามารถเปลี่ยนรูปแบบป้ายได้ (3 วัน)		คลิกขวาจะได้ป้ายรูปแบบใหม่
99935	Billboard Rent 2505	เมื่อใช้แล้วสามารถเปลี่ยนรูปแบบป้ายได้ (3 วัน)		คลิกขวาจะได้ป้ายรูปแบบใหม่
