n_ID	s_NAME	s_TITLE	s_NPC_CHATS
1	Navy Transfer		ท่าเรือแห่งนี้ไว้ใช้สำหรับกองทหารเรือของราชวงศ์ที่ทหารใช้เรือในการลำเลียงไปกลับ <text>[52300001]</text> 
2	Sebastian	Warden	<text>[52300002]</text> ข้าคือผู้คุมของที่นี่ ที่นี่ข้ามีอำนาจมากที่สุด
3	Navy soldier		ทหารเรือราชวงศ์จงเจริญ!
4	Mo Yuzi	Naval Communications Bureau	สวัสดี สำนักงานสื่อสารราชวงศ์พร้อมให้บริการ ที่นี่คือสถานีสื่อสาร <text>[52300002]</text> ยินดีต้อนรับทุกท่านที่มาสนับสนุนและใช้บริการ
5	Pike	Unemployed Sailor	ทำไงดี? ข้าทำกุญแจหาย ผู้คุมต้องลงโทษข้าแน่ๆ
6	Legend Jack	Drunken Captain	นึกไม่ถึงผู้มีชื่อเสียงในทั่วหล้าอย่างข้า กลับถูกเนรเทศมายังเกาะร้างที่แม้แต่นกยังไม่มาวางไข่เลย
7	Legend Jack Men		หากไม่เข้าร่วม <text style="79">[52500028]</text> เราเจอดีกันแน่!
8	Edmund	Witch Servant	ข้าคิดถึงคู่หมั้นของข้ามาก <text style="79">[52500180]</text> ไม่รู้ว่านางจะสบายดีไหม?
9	Baboza	Madman Captain	ฆ่า <text style="79">[52500006]</text> ข้าถึงจะสามารถขึ้นเป็นราชาของเกาะร้างแห่งนี้
10	Baboza Men		รีบเข้าร่วม <text style="79">[52500029]</text> เถอะ! เดี๋ยว <text style="79">[52500009]</text> กัปตันจะคุ้มครองแกเอง
11	X	Mystery Prisoner	ถึงแม้ว่าแกจะเห็นฉัน ก็ช่วยกรุณาทำเป็นว่าฉันไม่อยู่ทีนี่
12	Paul	Prison Gourmet	ถึงแม้ว่าจะเป็นนักโทษ แต่ก็มีสิทธิ์ที่ได้กินอาหารดีๆ
13	Odyssey	Witch Pirate 	ฉันก็แค่อยากมีทาสที่ดูมีประโยชน์
14	Veronica	Apprentice Witch	คนหลากหลายรูปแบบเป็นการฝึกที่ดีที่สุดของเวทย์มนต์แปลงกาย
15	Ferryman	Old Prisoner	ตั้งแต่อายุ 18 ฉันก็ถูกขังอยู่ที่นี่แล้ว ฉันหวังว่าชีวิตนี้คงได้ออกจากคุก!
16	Silly Pirate Prisoner		การที่ถูกเนรเทศมายังเกาะแห่งนี้ แท้จริงแล้วมันคือการดิ้นรนของชีวิต!
17	Panic Pirate Prisoner		มันจะมีวันที่ข้าจะได้ถูกปล่อยตัวมั้ย?
18	Thin	The Shipbuilding	เพราะฉันอยู่บนเรือโจรสลัดที่ผิดกฎหมาย ฉันถึงถูกจับมาขังไว้ที่นี่
19	Matt	Fisherman	ข้าเป็นถึงแชมป์เปี้ยนการแข่งจับปลาของเรือนจำแห่งนี้!
20	Jefferson	Bomber	การที่สามารถใช้ประโยชน์จากวัตถุดินระเบิดของฉันได้อย่างอิสระ มันเป็นสิ่งที่อันตรายในสายตาของกองทัพเรือ
21	X	Honorable Prisoners	ถึงแม้ว่าแกจะเห็นฉัน ก็ช่วยกรุณาทำเป็นว่าฉันไม่อยู่ทีนี่
22	Kraus	Decadent Pirates	เมื่อคืนฉันฝันว่าฉันได้กลับมายังบนผืนมหาสมุทรอีกครั้งนึง
23	Seven	Prison Teller	ของที่เจ้าต้องการ <text style="79">[52500023]</text> ข้าสามารถช่วยเจ้าหาได้
24	Kuck	Miner	ตัวข้ามีกำลังที่ดุร้าย ไม่เพียงแค่ดิน แต่หินข้าก็ยังสามารถเจาะทะลุได้เลย
25	Odyssey	Pride	นิ้วของข้าแทบไม่ต้องขยับ ก็สามารถแหกคุกได้สำเร็จแล้ว แกเชื่อไหมหละ?
26	Attempt to escape pirate Prisoner		ผู้ใดสามารถพาพวกข้าหนีออกไปได้ เขาผู้นั้นคือผู้ช่วยชีวิตพวกเรา
27	Mountain Deer		
28	Drunk wolf pirates		
29	Lion pirates		
30	Desert Eagle		
31	Tornado Eagle		
32	Rock turtle		
33	Sediment Wolf		
34	Fighting Fish soldier		
35	Fighting Fish Sergeant		
36	Columbus	Marine Transport Station	มหาสมุทรที่ไร้ขอบเขต สามารถทำให้ความฝันที่ไร้ขอบเขตของเจ้านั้นเป็นจริงขึ้นมาได้ รีบตามข้ามา <text style="79">[52500036]</text>, ไปสู่หนทางอิสระกันเถอะ!
37	Port transportation		เส้นทางการเดินเรือของเกาะนี้เสนอ <text>[52300001]</text> หรือ <text>[52300004]</text> สองเส้นทางทะเล
38	Reyna	Spice Merchant	เครื่องเทศของเกาะแห่งนี้ มีค่าที่สูงมากของการทำเหมืองแร่!
39	Mo Yuzi	Naval Communications Bureau	สวัสดี สำนักงานสื่อสารราชวงศ์พร้อมให้บริการ ที่นี่คือสถานีสื่อสาร <text>[52300003]</text>ยินดีต้อนรับทุกท่านที่มาสนับสนุนและใช้บริการ
40	Carle	Nautilus Leader	แม้ว่าลึกเข้าไปในป่าเป็นสิ่งที่อันตรายมาก แต่สำหรับผลประโยชน์ทางการค้าแล้ว ทุกคนยังคงผจญภัยที่จะเก็บเครื่องเทศ
41	Martin	Commander	ฉันกำลังปฏิบัติหน้าที่ทหารเรืออยู่ รับผิดชอบในการปกป้องความปลอดภัยของบุคคลสำคัญ....ขอโทษนะ ฉันไม่สามารถเปิดเผยความลับทางการทหารได้
42	Excited Spice Merchant		คุณได้กลิ่นหอมหรือยัง ใครจะทนต่อสิ่งล่อใจของเครื่องเทศเหล่านี้ได้กันหละ?
43	Iain	Novice Adventurer	ภายในป่ามักจะเป็นที่นิยมกับหลายตำนานสยองขวัญอย่างไม่น่าเชื่อ......
44	Magellan	Maritime Daughter	ฉันต้องสานต่อปณิธานพ่อก่อนตาย โดยนำ <text style="79">[52500044]</text> สมาคมการค้าไปสู่ทั่วโลก
45	Magellan Old Man		
46	Lulala	Spice Beauty	ฉันกินเครื่องเทศมาตั้งแต่ยังเด็กจนโต ทั่วร่างกายของฉันจึงมีกลิ่นหอมที่น่าหลงใหล!
47	James	Gold Shark Leader	สมาคมพ่อค้าฉลามทองเป็นสมาคมชั้นนำของการค้าเครื่องเทศ สมาคมเล็กๆเหล่านี้ไม่ช้าก็เร็วจะถูกฉันผนวกรวมกัน
48	Avaricious Spice Merchant		เก็บเครื่องเทศมานิดหน่อย กลับไปขายแลกเงินก็ได้กำไร
49	Alien exquisite		……$V1……$V1……รีบมา……
50	Mo Yuzi	Naval Communications Bureau	สวัสดี สำนักงานสื่อสารราชวงศ์พร้อมให้บริการ ที่นี่คือสถานีสื่อสาร <text>[52300003]</text> ยินดีต้อนรับทุกท่านที่มาสนับสนุนและใช้บริการ
51	Madisen	Archaeology Professor	ซากของอารยธรรมโบราณ จึงจะเป็นของที่ไม่มีค่าของเกาะแห่งนี้
52	Plato	Atlantis Prime Minister	ข้าไม่อยู่แป๊บเดียว ประเทศก็วุ่นวายขนาดนี้เลยรึ แอตแลนติสจะไม่มีข้าได้อย่างไรกัน!
53	Plato	Wizards	การล่มสลายของราชอาณาจักร มากพอที่จะเป็นบทเรียนแก่แอตแลนติสแล้ว
54	Laura	Treasure Hunter	โอ้.....เสน่ห์ของฉันไม่ใช่แค่มาสารถแย่งชิงสมบัติ แต่ยังสามารถช่วงชิงจิตใจด้วย!
55	Sand dragon		
56	lenka		
57	Greenwood Magic Flower		
58	Thorn Hammer Bee		
59	Jungle Tiger		
60	Jungle Big Tiger		
61	Toxic Vine		
62	Ancient Civilization Alert Weapon		
63	Green scales pirates		
64	Ward Kingkong		
65	Ward Apes		
66	Port transportation		เรือขนส่งทางทะเลของท่าเรือนี้ เสนอให้เลือกสองเส้นทางทะเล <text>[52300003]</text>หรือ<text>[52300005]</text> เท่านั้น
67	Columbus	Marine Transport Station	มหาสมุทรที่ไร้ขอบเขต สามารถทำให้ความฝันที่ไร้ขอบเขตของเจ้านั้นเป็นจริงขึ้นมาได้ รีบตามข้ามา <text style="79">[52500036]</text>, ไปสู่หนทางอิสระกันเถอะ!
68	Veronica	Apprentice Witch	ที่นี่ดูสนุกจริงๆ ในกรงมีหน้าตาที่น่าสนใจอยู่มากมาย ทำให้ข้าใช้เวทย์มนต์แปลงกายได้
69	Mori Hiroko	Vagabond Messenger	สวัสดี เหล่านักผจญภัยโพ้นทะเล ขอต้อนรับสู่การบริการสื่อสารไม่มีหลักแหล่งพร้อมให้บริการ
70	Wealthy slave buyer		เงินไม่ใช่ปัญหา ข้าเชื่อว่าทาสที่มีค่ามากที่สุด ถึงจะเป็นทาสที่ดีที่สุด
71	Lecherous slave buyer		นักโทษหญิงของที่นี่แต่ละคนน่ารักทั้งนั้น เห็นแล้วน้ำลายจะไหลจริงๆ!
72	Battle Arena gambler		ฉันเดิมพันกับ Gladiator ไป 15 สนามติดต่อกันแต่แพ้หมด โชคของฉันทำไมช่างน้อยอย่างนี้!
73	Angelina	Princess Slave	ปล่อยฉันออกไป! ฉันไม่ใช่ทาส ข้าคือเจ้าหญิงแห่งAtlas
74	Aston	Slave Traders 	ที่นี่ทาสที่ใหญ่ที่สุดในหมู่ผู้ขายทาสบนถนนที่ฉันเปิด! ทาสที่ไม่สามารถหาได้จากที่อื่น หาได้จากที่นี่แน่นอน!
75	AstonLarkin	Fighter Club Chairman	<text>[52300120]</text> ที่นี่คือสนามรบทั้งชีวิตและความตาย และคือเวทีทั้งสวยงามและมีพลัง
76	Hasan	Vendor	มาเร็วๆๆ! วันนี้เลือกทาสมาเป็นพิเศษ ลดราคากันสุดพิเศษ!
77	Ringer	Escaped Slave	…..ต้องทำอย่างไร ถึงจะหนีออกจากกรงนี่ได้กันหละ?
78	Beirut	Passionate Slave	……<text style="79">[52500079]</text>, ถึงจะคาดหวังเพียงใดพวกเราก็ถูกขังอยู่ในกรงเดียวกัน
79	Maya	Beautiful Slave	……ถ้าหากแกอยู่ข้างกายข้าก็โอเคแล้ว, <text style="79">[52500078]</text>
80	Salahuddin	Prince Slaves	ข้าคือพระโอรสผู้สง่างาม กลายมาเป็นคนไร้ชาติ
81	Unwanted slaves		ถ้าหากฉันยังขายออกไปไม่ได้อีก ข้าต้องถูกส่งไปหนองน้ำเป็นอาหารของปลาปีศาจแน่ๆ
82	Duncan	Wounded Fighter	……(<text style="79">[52500082]</text>นอนอยู่บนพื้น ไม่ขยับแม่แต่นิด)
83	Kelas	Trainer	นี่คือสนามฝึกของ Gladiator ตำนาน เหล่าลูกศิษย์ของข้าได้รับการฝึกฝนอย่างเข้มงวดทั้งวันทั้งคืน
84	Qina	Fighter Apprentice 	ข้ารู้ตัวเองดีว่า ช้ายังไม่มีทักษะพร้อมที่จะสู้บนสนาม
85	Kaim	Novice Fighter 	ข้าอยากจะเป็นเหมือนเทวรูป Theodosius 
86	Mori Hiroko	Vagabond Messenger	สวัสดี เหล่านักผจญภัยโพ้นทะเล ขอต้อนรับสู่การบริการสื่อสารไม่มีหลักแหล่งพร้อมให้บริการ
87	Sea Phantom	Dark Captain	(<text style="79">[52500087]</text>ไม่สนใจว่าแกจะมีความรู้สึกเศร้าหมองอย่างไร)
88	Karen	Female Fighter	Theodosius และ Carlos พวกเค้าคือนักสู้ Gladiator ที่มีตำนานน่าเศร้าที่สุดในประวัติศาสตร์
89	Betula	Panic Slave	ช่วยด้วย.... ฉันยังไม่อยากตาย....
90	Hood	Shameless Slave Traders 	พักอยู่ในสถานที่น่าขนลุกแบบนี้ ทั้งวันอยู่อย่างหวาดกลัว
91	Local people		ตั้งแต่สมัยโบราณ พวกชาวเกาะจะนมัสการปลาปีศาจเป็นราชา
92	Penny	Cute Girl Slave	ไม่ง่ายเลยที่จะได้เป็นอิสระ กลับต้องมาใช้ชีวิตในแดนวิญญาณแบบนี้
93	Scythe Beetle		
94	An Gebo Little Firebird		
95	Dragon Gladiator		
96	Forest Green Eagle		
97	Mutant Green Eagle		
98	Gladiator Slave Girl		
99	Moor Slime		
100	Sharp snake poison ivy		
101	Swamp Tortoise		
102	Orc		
103	Orc Chief 		
104	Port transportation		เรือขนส่งทางทะเลของท่าเรือนี้ เป็นน่านน้ำที่ราชาโจรสลัดปกครองอยู่ ไม่รับประกันความปลอดภัยและทรัพย์สินของท่าน
105	Columbus	Marine Transport Station	มหาสมุทรที่ไร้ขอบเขต สามารถทำให้ความฝันที่ไร้ขอบเขตของเจ้านั้นเป็นจริงขึ้นมาได้ รีบตามข้ามา <text style="79">[52500036]</text>, ไปสู่หนทางอิสระกันเถอะ!
106	Old Tom	Pirate Dad	ข้าเป็นโจรสลัดมาสิบกว่าปี สิ่งที่ข้าชื่ชอบคือการทำเรื่องเลวๆก็คือดื่นเหล้าแล้วไม่จ่ายเงิน ฮ่าๆๆๆ!
107	Port Side Pirates		 Black beard <text style="79">[52500117]</text> และ Red Beard <text style="79">[52500118]</text> คือ <text>[52300005]</text> สองผู้นำโจรสลัดที่แข็งแกร่งที่สุด! อย่าไปยุ่งกับพวกเขาดีที่สุด
108	Sea Devil	Pirate Radio Station	พวกข้าคือกลุ่ม <text style="79">[52500108]</text> ผู้ภักดีต่อ Poseidon ผู้ยิ่งใหญ่ สถานีสื่อสารแห่งนี้เปิดให้เหล่าโจรสลัดใช้ได้อย่างอิสระ
109	Jessica	Beer Promoter Girl	ฉันเคยคบค้าสมาคมกันกับเหล่ากัปตันโจรสลัดที่มีชื่อเสียงมากมาย แต่ละคนล้วนบอกว่าอยากขอฉันแต่งงาน แต่สุดท้ายก็ไม่เห็นแม้แต่เงา ช่างน่าเกลียดซะจริง!
110	Filet	Good Man	แต่ก่อนข้านั้นก็ถูกจัดเป็นกลุ่มโจรสลัดที่โด่งดัง แต่ปัจจุบันนี้อยากเป็นเพียงแค่คนดีคนหนึ่งเท่านั้น
111	Rob	Loyalty Soldier	Poseidon ผู้ยิ่งใหญ่ส่งข้ามาที่นี่ เพื่อคัดเลือกโจรสลัดที่ยอดเยี่ยมเพื่อทำลายราชาโจรสลัด!
112	Rude pirates		เจ้าเป็นใคร! ถึงได้กล้ามาคุยกับคนอย่างข้า หากยังไม่หลบไปอีก! ฉันจะเอามีดหั่นแกซะ!
113	Pirates from afar		มาต้อนรับที่ท่าเทียบเรือโจรสลัดเช่นนี้ ข้าเพิ่งจะพบเป็นครั้งแรก
114	daul	Black Market Trader	สิ่งที่พวกเขาต้องการซื้อขายในตลาดมืด แม้จะถูกโกงก็คิดได้เพียงยอมรับว่าโชคร้าย
115	Digo	Black Market Trader	แต่เมื่อตอนนี้เมื่อสินค้าที่เจ้าต้องการ ต้องไปหาที่ตลาดมืด!
116	Mona	Black Market Trader	สิ่งของของร้านพวกข้า รับรองว่าร้านอื่นหาไม่ได้อีกแล้ว!
117	Edward	Black Braids	เหมียวน่ะเป็นกัปตันเรือ <text>[52300005]</text> คนแรกเลยนะ
118	Khayredin	Red Beard	<text style="79">[52500117]</text> เจ้าแมวบ้าตัวนี้ วิ่งออกมาวุ่นวายไปหมด
119	Hokah	Nomad Maritime	ในช่วงเวลาที่วุ่นวายแบบนี้ การค้าทางทะเลจะได้กำไรดีที่สุด
120	Mystery buyer		ฉันคิดว่าเราควรรีบช่วยลักพาตัวออกมาให้สำเร็จ แล้วพาพวกเขากลับบ้านอย่างปลอดภัย
121	Rollence	Exiled Colonel 	พวกเราคือกลุ่มทหารเรือที่รบพ่ายแพ้ ทำได้เพียงแค่ยอมจำนนต่อราขาโจรสลัด แต่กลับกลายเป็นว่าโจรสลัดกับกองทัพเรือไม่ยอมรับกัน
122	Odyssey	Wrath Witch	ต้องการใกล้ชิดกับ <text style="79">[52500204]</text> จำต้องกลายเป็นโจรสลัดที่น่าขยะแขยงให้ได้เสียก่อน
123	Filet	Chef	....ข้าผิดไปแล้ว <text style="79">[52500013]</text> กัปตัน! ยกโทษให้ข้าด้วยเถอะ!
124	Edward	Militant Black Braids	เจ้าเหมียวแกต้องไปยึด Governor's Office มาให้ได้! ฉันจะคอยแก! <text style="79">[52500118]</text>!
125	Halsey	Traitor Adjutant	กลุ่มพวกเราจะน้อยลง เมื่อไม่ได้กองทัพเรือและไม่ได้เหล่าโจรสลัด ทั้งหมดนี้เป็นความผิดของผู้บริหารระดับสูงของเรา!
126	Lost pirate		ฉันจะไป Governor's Office ขอดู <text style="79">[52500118]</text> จะมาที่นี่ได้อย่างไร?
127	Lust pirate		ภรรยาของ Poseidon ผู้ยิ่งใหญ่ <text style="79">[52500213]</text>คือเทพงูสาวงาม อยากเห็นตาของนางซักครั้งจริงๆ
128	Jonny	Black Braids Officer	ข้าต้องการ <text style="79">[52500117]</text> สู้กับกัปตัน!
129	Wiliam	Red Beard Officer	ข้าต้องการ <text style="79">[52500118]</text> สู้กับผู้ว่าการ
130	Latent bounty hunter		เฮ้เฮ้เฮ้ ใบประกาศจับค่าหัวโจรสลัดชั้นแนวหน้าล้วนซ่อนอยู่ที่ <text>[52300005]</text>, นี่คือโอกาสที่ดีที่สุดในการล่าเงินรางวัล
131	Governor guard		ผู้ดำรงตำแหน่งผู้ว่าการโจรสลัดคือ <text style="79">[52500118]</text> ผู้ยิ่งใหญ่
132	Governor guard		คำสั่งของผู้ว่าการ <text style="79">[52500117]</text> และแมวที่ไม่อนุญาตให้เข้าไปใน Governor's Office
133	Sea Devil	Port Authority Communications	พวกข้าคือกลุ่ม <text style="79">[52500108]</text> ผู้ภักดีต่อ Poseidon ผู้ยิ่งใหญ่ สถานีสื่อสารแห่งนี้เปิดให้เหล่าโจรสลัดใช้ได้อย่างอิสระ
134	Khayredin	Deceit Red Beard	เฝ้าระวังตั้งมั่นรักษา <text>[52300005]</text> คือภาระอันหนักหน่วงของผู้ว่าการโจรสลัด
135	Stark	Port Royale	ต้องการทำการค้าที่ใหญ่โต ไม่ว่าจะด้านดีหรือไม่ดีก็ตาม แกจะต้องเป็นที่นิยมสำหรับงานนี้ นี่ก็คือสิ่งที่ฉันทำให้ได้ในฐานะกษัตริย์
136	Terry	Black Market Trader	อย่าได้คิดว่าสินค้าจากพ่อค้าตลาดมืดนั้นจะถูก
137	Kate	Cute Girl Pirate	พวกผู้ชายปีนี้ นับวันยิ่งไม่ได้เรื่อง ไม่มีใครกล้าจะมาจีบฉันเลย
138	Blind Hound		
139	Sparkler Antelope		
140	Penguin Staff Sergeant		
141	Two Horns Tiger		
142	Golden Cat Navy Group		
143	Steel blade Eagle		
144	Hard Blade Eagle		
145	Black braids Pirates		
146	Black Jack		
147	Red beard Pirate Group		
148	Red Devil		
149	Ned King Kong		
150	Ned apes		
151	Mirage reel		(เนื่องจากภาพลวงตาของ <text style="79">[52500004]</text> สามารถทำให้เกิดร่างคนเหมือนจริงได้)
152	Harbor Bulletin 1		(บนบอร์ดประกาศติดเงินรางวัลในวันนี้ จัดให้เหล่านักเดินเรือและนักผจญภัยได้มีโอกาศรับเงินและประสบการณ์ที่หลากหลาย)
153	Harbor Bulletin 2		(บนบอร์ดประกาศ ประกาศติดเงินรางวัลวันนี้ จัดให้เหล่านักเดินเรือและนักผจญภัยได้มีโอกาศรับเงินและประสบการณ์ที่หลากหลาย)
154	Harbor Bulletin 3		(บนบอร์ดประกาศ ประกาศติดเงินรางวัลวันนี้ จัดให้เหล่านักเดินเรือและนักผจญภัยได้มีโอกาศรับเงินและประสบการณ์ที่หลากหลาย)
155	Port transportation		เรือขนส่งทางทะเลของท่าเรือนี้ ที่อยู่ภายใต้อำนาจของราชอาณาจักรAtlas เพื่อให้คุณปลอดภัยและสะดวกในการเดินทางทะเล
156	Columbus	Marine Transport Station	มหาสมุทรที่ไร้ขอบเขต สามารถทำให้ความฝันที่ไร้ขอบเขตของเจ้านั้นเป็นจริงขึ้นมาได้ รีบตามข้ามา <text style="79">[52500036]</text>, ไปสู่หนทางอิสระกันเถอะ!
157	Love Millie	Antique Store	ยินดีต้อนรับสู่ <text style="79">[52500157]</text> ร้านขายของชำ ทุกวันมีสินค้านำเข้ามากมาย แล้วคุณจะชื่นชอบที่มาอุดหนุนเรา
158	Dorothy		มีเวลาว่างมากมายให้น้องสาวข้า <text style="79">[52500903]</text> มาดูสินค้าเบ็ดเตล็ดที่ร้าน จะต้องได้ของที่ต้องการแน่นอน!
159	Hields	Guild Administrator	ข้ายินดีที่จะให้ข้อมูลที่เกี่ยวข้องกับกิลด์
160	Frank	Port Royal Congressman	 Port Royal แห่งนี้จะปรับปรุงตามที่ท่านได้เสนอมา
161	Locher	Finance Administrator	จำเป็นต้องนำสินค้าส่วนตัวมาวางไว้ที่คลังสินค้าที่ท่าเรือไหม?
162	Joshua	Appraisers	บนตัวเจ้ามีสิ่งที่ระบุตัวตนเจ้าไหม? ถ้าหากว่ามีโปรดนำมาแสดงให้ข้าดู ข้าจะช่วยเจ้าระบุตัวตนแท้จริงของเจ้าให้อย่างสุดความสามารถ!
163	Mackie	Royal Exchange Manager	อยากซื้อขายสินค้าใช่ไหม? มาที่นี่ถูกต้องแล้ว!
164	Nayar	Skill Trainer	ขยันฝึกวิชาการต่อสู้กับข้า จะได้มาช่วยเป็นกำลังให้เทพ Poseidon!
165	Tim	Dungeon Keeper	ผู้ท้าชิงต้องการที่จะลองต่อสู้ในระดับที่สูงขึ้นไหม?
166	Grace	Beer Promoter Girl	กินเหล้ากันไหม? ฉันจะให้คุณดื่มเหล้าให้ความเศร้าและความเหนื่อยล้าหายไปให้หมดสิ้น..... แย่แล้ว อย่าไปมองคนน่ากลัวเหล่านั้น!
167	Jensen	Shipyard Engineer	บนมหาสมุทรนั้นต้องใช้เรือลำใหญ่ ใครสนใจให้ข้าสร้าง เชิญมาสั่งซื้อได้เลย!
168	Nelson	Royal Navy Admiral	อะไรคือความยุติธรรมบนโลกนี้หนะหรือ? ราชนาวีนี่แหละคือความยุติธรรมเพียงหนึ่งเดียวเท่านั้น
169	Bismarck	Admiral	มาให้ข้าลองดูซิว่าบนร่างเจ้ามีรสชาติของการกระทำผิดมั้ย แส้รักของข้าวันนี้ยังไม่ได้ลิ้มรสบนร่างคนเลย!
170	Isoroku Yamamoto	Admiral	เส้นทางของนักรบนั้นช่างยาวไกลนักควรจะสิ้นสุดได้แล้ว
171	Drunkard Captain	Sea Watchers	แต่ก่อนข้าก็เป็นนักเดินเรื่องเหมือนเจ้า แต่ข้าดื่มเหล้าหนักไปหน่อยจนลงพุงหมดแล้ว....
172	Mo Yuzi	Naval Communications Bureau	สวัสดี สำนักงานสื่อสารราชวงศ์พร้อมให้บริการ ที่นี่คือสถานีข่าวสารแห่งAtlas  ยินดีต้อนรับทุกท่านที่มาสนับสนุนและใช้บริการ
173	Anderson	Antiquities Trader	ก็แค่รู้เคล็ดลับการค้าขาย แค่เศษโลหะยังขายเป็นเงินได้เลย
174	Clark	Navy Lieutenant Colonel	ขณะนี้ข้าอยู่ที่ <text style="79">[52500168]</text> ภายใต้คำสั่งของท่านจอมพล แต่ข้าก็ต้องการย้ายไปอยู่ที่กองกำลังพล <text style="79">[52500169]</text> เท่านั้น!
175	Willes	Minister Palace	ราชอาณาจักรประสบปัญหามากมาย ในขณะที่องค์หญิงยังทรงพระเยาว์ ในฐานะที่ข้าเป็นขุนนางใหญ่ทั้งวันทั้งคืนได้แต่เป็นห่วงถึงอนาคตของราชอาณาจักร!
176	Rosemary	Princess	ฉันไม่ต้องการคิดจะเป็นราชินีแม้แต่น้อย ถ้าเป็นไปได้ฉันอยากเป็นเพียงแค่องค์หญิงคนนึงเท่านั้น
177	Lisa	Navy Transport Officer	กองทัพเรือหลักได้จอดเทียบท่าอยู่ที่นี่ ข้ามีหน้าที่นำเรือเทียบท่ากับค่ายฝึกอบรมของกองทัพเรือในปัจจุบันและเรือขนส่งนักโทษไปเนรเทศยังเกาะ
178	Neo	Treasure Hunters Assistant	ฉันยังไม่มีวิธีที่ให้เป็นเหมือนลอร่าได้เลย เป็นธรรมดาของการผจญภัยที่แสนลำบาก
179	Seafood Businesswoman		อาหารทะเลของร้านข้าได้มาจากท่าเรือ ทั้งสดและราคาถูก
180	Daisy	Beautiful Wife	เฮ้อ.... หลังจากที่ฉันมาเป็นภรรยากับพ่อค้าธรรมดาคนหนึ่ง ฉันยังไม่คุ้นเคยเลยกับชีวิตที่ร่ำรวยแบบนี้เลย
181	Fernandez	Aristocratic Gentleman	ชนชั้นสูงของAtlas นั้นมีสายเลือดของเทพ Poseidon เท่านั้นจึงจะมีคุณสมบัติปกครองคาบสมุทรทั้งเจ็ด
182	Mysterious Stranger		......เพียงขอแค่มีชีวิตอยู่เท่านั้น เมื่อวันนั้นมาถึงข้าก็จะได้แก้แค้นด้วยน้ามือของข้าเอง
183	Columbus	Dream Voyager	ราชอาณาจักรAtlas ยังเสื่อมทรามลงเลย ปีนี้ก็คัดเลือกได้แต่ลูกเรือที่ไม่ค่อยกล้าหาญเลยใช่ไหม?
184	Hoeker	Wounded Partnership	……(<text style="79">[52500184]</text> นอนอยู่บนชายหาด ไม่ขยับแม่แต่นิด)
185	Willeson	Deserted Island Companion	......(ลูกวอลเลย์บอลลูกหนึ่งติดอยู่บนเสา มีลักษณะทรงกลมเหมือนกับหน้าคนเลย)
186	Pork Chop	Supplies	
187	Robinson	Stray Victim	แกกำลังพูดกับข้าอยู่หรือเปล่า? ข้าติดอยู่บนเกาะร้างมาสิบกว่าปี ในที่สุดข้าก็ไม่ต้องพูดคุยกับลูกวอลเลย์บอลแล้ว
188	Robinson	Survival Monk	สิ่งแวดล้มที่ข้าสร้างขึ้นทั้งหมดด้วยตัวเอง ในวันข้างหน้าหากข้าต้องออกจากเกาะนี้ไป พวกเจ้าสามารถบูรณะที่นี่ให้เป็นรีสอร์ทได้นะ
189	Robinson	Cliff Thinker	ข้าจำได้ว่าตอนที่ข้าเคยเป็น <text>[52300001]</text> หนึ่งในสี่หนุ่มหล่อที่สุด ล้วนเป็นความล้มเหลวในชีวิตของข้า
190	Siren	Devil Legend	……(<text style="79">[52500190]</text> มองข้ามแกไป)
191	Siren	Bermuda Guardian	ไม่ว่าจะต้องเสียสละหนูทดลองซักเท่าใหร่ก็ตาม ฉันขอแค่ได้กลับไปยัง <text>[51300408]</text> ก็พอแล้ว!
192	Harpy		
193	Friday Jungle		
194	Jet cat thieves No.2		
195	Port transportation		เรือขนส่งทางทะเลของท่าเรือนี้ เป็นน่านน้ำที่ราชาโจรสลัดปกครองอยู่ ไม่รับประกันความปลอดภัยและทรัพย์สินของท่าน
196	Columbus	Marine Transport Station	มหาสมุทรที่ไร้ขอบเขต สามารถทำให้ความฝันที่ไร้ขอบเขตของเจ้านั้นเป็นจริงขึ้นมาได้ รีบตามข้ามา <text style="79">[52500036]</text>, ไปสู่หนทางอิสระกันเถอะ!
197	Pirate port		ดูเหมือนอาวุธของแกจะมีคุณสมบัติที่สามารถเข้าไปใน <text>[52300006]</text> ได้มิใช่หรือ?
198	Odyssey	Consideration	ศัตรูอันดับหนึ่งของข้า ก็เหมือนกับหนูในร่องน้ำที่กำลังหลบซ่อนอยู่ในถ้ำลึก
199	Sailor pirate ship		เรือโจรสลัดเข้าเทียบท่าตรงนี้ บนเรือนั้นเต็มไปด้วยสมบัติราชบรรณาการเพื่อถวายแด่องค์เทพ Poseidon
200	Sea Devil	Pirate Radio Station	พวกข้าคือกลุ่ม <text style="79">[52500108]</text> ผู้ภักดีต่อ Poseidon ผู้ยิ่งใหญ่ สถานีสื่อสารแห่งนี้เปิดให้เหล่าโจรสลัดใช้ได้อย่างอิสระ
201	Nicholas	Miner Foreman	พวกข้าเป็นกรรมกรเหมืองแร่ ที่ถูกราชาโจรสลัด <text style="79">[52500204]</text> บังคับมา ทุกวันต้องขุดเหมืองทั้งวันทั้งคืนไม่ได้พักค่าจ้างก็ไม่ได้
202	Underground palace guard		ราชาโจรสลัดจงเจริญ!
203	Rob	Poseidon Loyalty Soldier	ถ้ำแห่งนี้คือฐานที่มั่นแห่งแรกของราขาโจรสลัด ในช่วงนั้นพวกข้าก็ขยายดินแดนออกไปอย่างกว้างขวาง
204	Jason	Pirate King	หลังจากที่ข้าควบคุมพลังของหินแห่งบาปได้ ข้าจะบุกราชอาณาจักร Atlas  แล้วจับกุม <text>[52300001]</text>!
205	Robert	Baron The Pirate	ในเมื่อข้าเป็นถึงโจรสลัดบารอน เป็นกลุ่มที่แข็งแกร่งจะต้องพึ่งพาใครอีก มันคือทางเดินชีวิตของข้า
206	Eavesdrop Pirates		เฮ้เฮ้เฮ้......ข้านั้นชื่นชอบที่จะแอบฟังความลับของคนอื่นมากที่สุดเลยหละ
207	Pirates informer		เฮ้เฮ้เฮ้......ข้านั้นชื่นชอบที่จะรายงานต่อ Poseidon เป็นที่สุดเลย
208	Odyssey	Navy Stalker	ที่แห่งนี้ <text>[52300006]</text> เป็นสถานที่ขึ้นชื่อว่ายากที่จะตีแตกและลักลอบเข้าไปได้!
209	Urouge	Chief Dragon Warrior	เมื่อกลายเป็นนักรบอันดับหนึ่งแห่ง Poseidon คู่ต่อสู้ที่น่ากลัวที่สุดไม่ใช่กองทัพเรือแต่เป็น <text style="79">[52500210]</text> นางผู้นี้
210	morgan	Pirate Knight	บนผืนมหาสมุทรแห่งนี้ข้าปล้นเรือสินค้ามาแล้วร้อยกว่าลำ และยังต่อสู้กับข้าศึกมาแล้วร้อยกว่าครั้งไม่เคยพ่ายแพ้แม้แต่ครั้งเดียว
211	Giselle	Cage feed	ช่วยข้าด้วย! ข้าคือสนมแห่ง Poseidon ข้าไม่ต้องการเป็นอาหารของสัตว์!
212	Underground palace  Female guard		พวกเราภักดีต่อพระราชินี <text style="79">[52500213]</text> แม้จะเป็นคำสั่งของPoseidonผู้ยิ่งใหญ่ พวกเรายังสามารถมองข้ามได้เลย
213	Medea	The Siren	บนโลกใบนี้ไม่มีใครที่งามไปกว่าข้าอีกแล้ว ต่อให้มีข้าก็จะฆ่านางซะ
214	Angelina	Cute Slave	ทำไมถึงได้โหดร้ายกับฉันเช่นนี้ ทั้งหมดนี้เป็นความผิดของ <text style="79">[52500087]</text> นะ....เพราะเหตุใดถึงได้เกลียด <text style="79">[52500087]</text> ทำไมถึงยังไม่มาช่วยฉัน?
215	Odyssey	Wrath Witch	แม้ว่าข้าจะมีความอดทนสูง แต่โอกาสที่ดีสำหรับการแก้แค้น กลับเป็นเพียงความพอใจแค่ชั่วขณะเท่านั้นแหละ
216	Angelina	Rescued Princess	……เจ้าเป็นใครกัน?……แล้วข้าคือใครกัน?……ข้าอยากกลับบ้านแต่บ้านของข้าอยู่ที่ไหนกันหละ?
217	Veronica	Witch Apprentice	เฮ้! พวกเราเจอกันอีกแล้ว ข้าเห็นถ้ำริมทะเลนี้ดูลึกมากข้าก็ลองเข้าไปดู นึกไม่ถึงว่ามันจะลึกเข้าไปไม่มีที่สิ้นสุดเลย
218	Tired Worker		สามวันสามคืนแล้วข้ายังไม่ได้นอนเลย....
219	Golden Axe pirates		
220	Bat Banshee		
221	Red Horn Pirates Group		
222	Crull Two Horns		
223	Sea Dragon Warrior		
224	Charm Felvine		
225	Purple Flame Lion		
226	Anger Lion		
227	Snail		
228	Phantom Demon Snake		
229	Jade magician		
230	Mirage reel		(เนื่องจากภาพลวงตาของ <text style="79">[52500004]</text> สามารถทำให้เกิดร่างคนเหมือนจริงได้)
231	Navy Bulletin Board		(บนบอร์ดประกาศติดเงินรางวัลในวันนี้ จัดให้เหล่านักเดินเรือและนักผจญภัยได้มีโอกาศรับเงินและประสบการณ์ที่หลากหลาย)
232	Mirage reel		(เนื่องจากภาพลวงตาของ <text style="79">[52500004]</text> สามารถทำให้เกิดร่างคนเหมือนจริงได้)
233	Mirage reel		(เนื่องจากภาพลวงตาของ <text style="79">[52500004]</text> สามารถทำให้เกิดร่างคนเหมือนจริงได้)
234	Mirage reel		(เนื่องจากภาพลวงตาของ <text style="79">[52500004]</text> สามารถทำให้เกิดร่างคนเหมือนจริงได้)
235	Mirage reel		(เนื่องจากภาพลวงตาของ <text style="79">[52500004]</text> สามารถทำให้เกิดร่างคนเหมือนจริงได้)
236	Slave Market Bulletin Board		(บนบอร์ดประกาศติดเงินรางวัลในวันนี้ จัดให้เหล่านักเดินเรือและนักผจญภัยได้มีโอกาศรับเงินและประสบการณ์ที่หลากหลาย)
237	Mirage reel		(เนื่องจากภาพลวงตาของ <text style="79">[52500004]</text> สามารถทำให้เกิดร่างคนเหมือนจริงได้)
238	Mirage reel		(เนื่องจากภาพลวงตาของ <text style="79">[52500004]</text> สามารถทำให้เกิดร่างคนเหมือนจริงได้)
239	Evil Port Bulletin Board 1		(บนบอร์ดประกาศติดเงินรางวัลในวันนี้ จัดให้เหล่านักเดินเรือและนักผจญภัยได้มีโอกาศรับเงินและประสบการณ์ที่หลากหลาย)
240	Evil Port Bulletin Board 2		(บนบอร์ดประกาศติดเงินรางวัลในวันนี้ จัดให้เหล่านักเดินเรือและนักผจญภัยได้มีโอกาศรับเงินและประสบการณ์ที่หลากหลาย)
241	Evil Port Bulletin Board 3		(บนบอร์ดประกาศติดเงินรางวัลในวันนี้ จัดให้เหล่านักเดินเรือและนักผจญภัยได้มีโอกาศรับเงินและประสบการณ์ที่หลากหลาย)
242	Governor Palace Bulletin Board		(บนบอร์ดประกาศติดเงินรางวัลในวันนี้ จัดให้เหล่านักเดินเรือและนักผจญภัยได้มีโอกาศรับเงินและประสบการณ์ที่หลากหลาย)
243	Governor Palace Bulletin Board		(บนบอร์ดประกาศติดเงินรางวัลในวันนี้ จัดให้เหล่านักเดินเรือและนักผจญภัยได้มีโอกาศรับเงินและประสบการณ์ที่หลากหลาย)
244	Governor Palace Bulletin Board		(บนบอร์ดประกาศติดเงินรางวัลในวันนี้ จัดให้เหล่านักเดินเรือและนักผจญภัยได้มีโอกาศรับเงินและประสบการณ์ที่หลากหลาย)
245	Mirage reel		(เนื่องจากภาพลวงตาของ <text style="79">[52500004]</text> สามารถทำให้เกิดร่างคนเหมือนจริงได้)
246	Jet cat thieves No.4		
247	Josef	Young Master	การเดินทางในครั้งนี้ เป็นการเดินทางที่ราวกับความฝันจริงๆ!
248	Da Vinci	World Artist	การเดินทางสำรวจรอบโลกนั้นเป็นวิธีการที่ดีที่สุดในการแสวงหาความรู้ใหม่ๆ
249	Port transportation		เรือขนส่งทางทะเลของท่าเรือนี้ เป็นน่านน้ำที่ราชาโจรสลัดปกครองอยู่ ไม่รับประกันความปลอดภัยและทรัพย์สินของท่าน
250	Columbus	Marine Transport Station	มหาสมุทรที่ไร้ขอบเขต สามารถทำให้ความฝันที่ไร้ขอบเขตของเจ้านั้นเป็นจริงขึ้นมาได้ รีบตามข้ามา <text style="79">[52500036]</text>, ไปสู่หนทางอิสระกันเถอะ!
251	Chamber sailor		ถ้าไม่ใช่เพื่อมาหาเงินคิดว่าใครเขาจะมาในที่แบบนี้กัน
252	Mori Hiroko	Vagabond Messenger	สวัสดี เหล่านักผจญภัยโพ้นทะเลทั้งหลาย ขอต้อนรับสู่การบริการสื่อสารไม่มีหลักแหล่งพร้อมให้บริการ
253	Sai Feross	Bounty Hunter King 	เงินรางวัลในครั้งนี้เป็นภารกิจที่ท้าทายอย่างมาก ช่างเป็นศึกที่เหมาะสมกับข้ามาก
254	Laura	Treasure Hunter	ตอนข้าอยู่บนภูเขาหิมะข้าพบถ้ำหนึ่งที่ลึกเข้าไปยากจะเดาได้ ไม่รู้ว่าลึกสุดนั้นจะมีสมบัติหรือไม่กันแน่?
255	Seasoned bounty hunter		เวลาเผชิญหน้ากับศัตรูข้าจะไม่ชักปืนก่อนแต่ข้าจะคว้ามีดที่เป็นของถนัดข้าก่อน
256	Young sea monster hunter		แกเคยกินเนื้อปีศาจทะเลไหม ต้องย่างให้สุกแล้วเติมเกลือนิดหน่อย ไม่มีอะไรอร่อยไปกว่านี้อีกแล้ว
257	Odyssey	Pride	แกตามข้ามาที่มีแต่หิมะและน้ำแข็งปกคลุมไปทั่ว เพื่อคิดจะฆ่านักล่าของข้าหรือเลื่อมใสในลูกศิษย์ของข้ากันแน่?
258	Ysera	Beutyfull	ใจของข้านั้นเย็นกว่าน้ำแข็งขั้วโลกเสียอีก
259	Fiona	Beautiful Girl of Iceberg	จงนำศรีษะของ <text style="79">[52500087]</text> ข้าจึงจะสามารถแต่งตั้งเจ้าให้เป็นราชานักล่าสมบัติ
260	Tony	Monster Hunter	เทศกาลล่าปีศาจทะเลเป็นเทศกาลที่สำคัญที่สุดของปีนี้เลยทีเดียว
261	Laura	Lair Finder	ข้าไม่เข้าไปในถ้ำหรอก หวังว่าคงจะมีคนที่กล้ามากกว่าข้าเป็นร้อยเท่าอยู่นะ
262	Veronica	Witch Apprentice	คนหลากหลายรูปแบบเป็นการฝึกที่ดีที่สุดของเวทย์มนต์แปลงกาย
263	Gugh	Monster Hunter	หากต้องการจะเป็นนักล่าปีศาจทะเล เจ้าต้องไม่กลัวความเหน็บหนาวและไม่กลัวความตาย!
264	Moorer	Captain	กับทุกเสียงบ่นที่ไม่พอใจของพี่น้องทหารเรือทั้งหลายที่มาทำภารกิจในครั้งนี้ ผมหละกังวลใจจริงๆว่าจะเกิดการประท้วงขึ้น
265	Mo Yuzi	Naval Communications Bureau	สวัสดี สำนักงานสื่อสารราชวงศ์พร้อมให้บริการ ที่นี่คือสถานีสื่อสาร <text>[52300008]</text> ยินดีต้อนรับทุกท่านที่มาสนับสนุนและใช้บริการ
266	Sea Phantom	Greedy	(<text style="79">[52500087]</text> สังเกตุที่ตาของแกแล้วมันช่างเป็นสายตาที่มองการณ์ไกลจริงๆ)
267	Wounded bounty hunter		.....ข้าจะมาตายที่นี่ไม่ได้
268	Angelina	Chasing Love Pirate Princess	ในยามนี้มีข้าอยู่ทั้งคน <text style="79">[52500087]</text> ถึงมันติดปีกก็บินหนีไปไม่พ้นอยู่ดี
269	Local fisherman		ข้าไม่กล้าล่าปีศาจทะเลหรอก แค่ต้องการจะจับกุ้งหอยปูปลาเล็กๆน้อยๆเอากลับไปให้ภรรยาของข้ากินเท่านั้นเอง
270	Penguin Corporal		
271	Polar deer		
272	Flash Snail		
273	Polar ape		
274	Polar head		
275	Crystal Bibi		
276	Iceberg Turtle		
277	Polar Giant Turtle		
278	Blue Sea Snake		
279	Penguin Koro		
280	Walrus general		
281	Ice Carle Commander		
282	Deep Sea Snail		
283	Blind Hound		
284	Port transportation		เฮ้เฮ้เฮ้...... เจ้าต้องการที่จะนั่งบนเรือผีไหม? นอกเหนือจากนรกแล้วพวกข้าจะไม่ไปไหน
285	Columbus	Marine Transport Station	มหาสมุทรที่ไร้ขอบเขต สามารถทำให้ความฝันที่ไร้ขอบเขตของเจ้านั้นเป็นจริงขึ้นมาได้ รีบตามข้ามา <text style="79">[52500036]</text>, ไปสู่หนทางอิสระกันเถอะ!
286	Siren	Poseidon Heir	ดูท่าการทดลองที่โลกใบนี้คงล้มเหลวไม่เป็นท่าซะแล้ว มันเกิดจากสาเหตุอะไรกันนะ? 
287	Angelina	Witch Skull Bride	ข้าไม่เคยถูกลักพาตัว เพียงแค่มีคนไม่ให้ข้าออกไปแค่นั้นเอง
288	Dyken	Wandering Skipper	……<text style="79">[52500681]</text>, ข้าคิดถึงเจ้าตลอดเวลาเลย แล้วเจ้าหละ?
289	Beeson	Beautiful  Slaves	บนโลกใบนี้ยังนี้มีชายที่เชื่อถือได้อยู่อีกหรือ?
290	Kenny	Strong Slaves	ข้าจะแสดงให้เห็นถึงพลังของข้า จะเอาชนะใจของ <text style="79">[52500289]</text> ให้จงได้
291	Rick	Savvy Slaves	ข้าจะใช้สมองอันแสนฉลาดของข้า นำเอาสิ่งของอันโปรดปรานของ <text style="79">[52500289]</text> มาให้จงได้
292	Hoeker	Familiar Adventurers	ทำไมข้าถึงได้โชคร้ายแบบนี้?  ไม่ง่ายเลยที่จะหนีจากที่ตายแห่งนี้ กลับต้องหนีเข้าป่ามืดไปเจอผีอันน่าสะพรึงกลัว
293	Skeleton Hoeker	Cursed	ข้าไม่ยอม! ข้าจะให้พวกแกเป็นแม่มดอันอัปลักษณ์เหมือนกับข้า!
294	Bardgett	Navy Remnants	สู้จนลมหายใจสุดท้าย นี้แหละคือจิตวิญญาณของกองทัพเรือ!
295	Siren	World Keeper	ช่างเป็นโลกคู่ขนานที่น่าเวทนาเสียนี่กระไร มันคุ้มค่าไหมที่ข้าต้องมาเฝ้ารักษาที่นี่?
296	Columbus	Voyager into Chaos	ที่นี่ไม่ใช่แผ่นดินใหม่ในความคิดฉันเลย
297	Magellan	Explorers into Chaos	ความฝันของข้าคือการเดินทางรอบโลกในหนึ่งสัปดาห์ ข้าจะมาตายที่นี่ไม่ได้
298	Robinson	Castaways into Chaos	ข้าติดอยู่ในเกาะไม่มีคนอาศัยอยู่มานานหลายสิบปี ขอแค่มีคนมาอยู่เป็นเพื่อนข้าแม่ว่าจะเป็นผีก็ไม่เป็นไร
299	Columbus	Ran the Wrong World	รีบส่งข้ากลับไปยังโลกเดิมเดี๋ยวนี้!
300	Magellan	Ran the Wrong World	ข้าไม่ต้องการที่จะอยู่ที่นี่แม้แต่นิด
301	Robinson	Don't need to Back Home	เจ้าจะส่งข้ากลับไปเรอะ? แต่ข้ายังไม่อยากไป!
302	Skeleton men		กองทัพแม่มดจงเจริญ!
303	Skeleton men		กองทัพแม่มดจงเจริญ!
304	Dead Survivor		ข้าหิวจะตายอยู่แล้ว อย่างน้อยให้ข้ากินอิ่มแล้วค่อยให้ข้าตาย!
305	Angelina	Royal Princess	<text>[52300001]</text> ที่รุ่งเรืองกลับกลายเป็นซากปรักหักพังนั้น.....ไม่เป็นความจริง.....
306	Skeleton Captain		หน้าที่สำคัญแรกของพวกเราคือ ค้นหามนุษย์ที่รอดชีวิต!
307	Blue Ocean soul		
308	Blue Tiger		
309	Harpy		
310	Skeleton Sseaman		
311	Exotic Demon Wolf		
312	Catwoman pirate		
313	Captain Golem		
314	Captain Golem Rabia		
315	Red blood Bee		
316	End date Flower		
317	Destroy Magic Flower		
318	Dark soul		
319	Skeleton Mate		
320	Skeleton Commander Corella		
321	Port transportation		เฮ้เฮ้เฮ้...... เจ้าต้องการที่จะนั่งบนเรือผีไหม? ถึงเจ้าจะหนีไปจากขุมนรกนี้ได้ ที่เดียวที่ไปได้ก็มีแค่เมืองผีเท่านั้นแหละ
322	Columbus	Marine Transport Station	มหาสมุทรที่ไร้ขอบเขต สามารถทำให้ความฝันที่ไร้ขอบเขตของเจ้านั้นเป็นจริงขึ้นมาได้ รีบตามข้ามา <text style="79">[52500036]</text>, ไปสู่หนทางอิสระกันเถอะ!
323	Siren	Thinking	ในสถานการณ์ที่ต้องเผชิญหน้ากับเรื่องเลวร้ายแบบนี้ หากเป็นคุณพ่อเขาจะทำอย่างไรกันนะ?
324	Angelina	Brave	ข้าเพิ่งจะเห็น.....หรือว่านี่จะเป็น.....แต่มันเป็นไปได้หรือ?
325	Greedy Troll		นี่คือของที่อร่อยที่สุดของพวกมนุษย์
326	Walking undead		นึกไม่ถึงว่าข้ายังสามารถเดินบนโลกมนุษย์ได้!
327	Love bathing Banshee		บ่อน้ำแห่งนี้ไม่เลวเลยทีเดียว แม้จะร้อนนิดหน่อยแต่ต้องมาลองดูได้
328	Debt Skeleton		ชีวิตของข้าไม่เหลืออะไรอีกแล้ว ข้าจะไปหาเงินมาใช้หนี้ได้ยังไงกัน!
329	Val'kyr	Legendary Grandmother	ข้าปราบปีศาจมาหลายปี ควรจะใช้ชีวิตที่เหลืออยู่กับช่วงเกษียณอายุได้แล้วหละ
330	Val'kyr	Demon slayer	แม้ว่าแม่เฒ่าจะมีอายุร้อยกว่าปี แต่ฝีมือของท่านไม่ลดหย่อนลงเลย!
331	Angelina	Grandchild a King of Another World	ข้าได้เห็นตอนที่แม่เฒ่าตาย ช่างเป็นอะไรที่น่าทึ่งจริงๆ!
332	Myers	Evil Businessman	ข้าขายแต่ของใช้สำหรับภูติผีปีศาจเท่านั้นแหละ
333	Dante	Mad King	ฆ่าฆ่าฆ่าฆ่าฆ่าฆ่าฆ่าฆ่าฆ่า!
334	Angelina	Queen Successors	ข้าต้องเป็นนักรบที่เปี่ยมไปด้วยบาปให้จงได้
335	Siren	Self Growth	บางทีโลกใบหนึ่งล้วนมีความหมายของการดำรงอยู่ของมัน
336	Kablin	Humble Man	เฮ้เฮ้เฮ้.....ข้าก็แค่คอยติดตามผู้แข็งแกร่งอย่างแท้จริงเท่านั้นเอง
337	Sea Phantom	judiciary	ข้าจะลงนรกเจ้าจะมากับข้าไหม?
338	Sea Phantom	Ultimate enemies	เจ้ารู้อยู่แก่ใจเจ้าดีว่าทั้งเจ้าและข้านั้นต้องการจะยุติสงคราม
339	Lonely Soul		ข้านั้นตายอย่างโดดเดี่ยวข้าจึงกลายเป็นผีที่แสนโดดเดี่ยว
340	Nightmare Claw beast		
341	Blood red eagle		
342	Fire magic		
343	Glaucoma		
344	Phosphor powder Banshee		
345	Phosphor Fascinator		
346	Flame Mountains deer		
347	Red Flame Demon Wolf		
348	Crimson Sharp Teeth		
349	Hell Dragon Majin		
350	Arbiter Bells		
351	Earth Flame Dragon		
352	Hell King Kong		
353	Lava shakers		
354	Hell Ghoul		
355	Horror butcher Lasa		
356	Jim	Pirates Fan Boy	เมื่อข้าโตขึ้นข้าอยากจะเป็นเหมือนกับ <text style="79">[52500204]</text> วีรบุรุษโจรสลัดผู้กล้าหาญ
357	Jill	Pirates Fan Boy	เมื่อข้าโตขึ้นข้าอยากจะเป็นเหมือนกับ <text style="79">[52500168]</text> วีรบุรุษทหารเรือผู้กล้าหาญ
358	Babu	Strong Sailor	เมื่อข้าขึ้นฝั่ง ข้าจะคิดถึงแค่สองเรื่องคือเหล้ากับสตรีเท่านั้น
359	Deserter Navy		.....แม่ ข้าไม่อยากเป็นทหารเรือ
360	Columbus	Marine Transport Station	มหาสมุทรที่ไร้ขอบเขต สามารถทำให้ความฝันที่ไร้ขอบเขตของเจ้านั้นเป็นจริงขึ้นมาได้ รีบตามข้ามา <text style="79">[52500036]</text>, ไปสู่หนทางอิสระกันเถอะ!
361	Port transportation		เรือขนส่งทางทะเลของท่าเรือนี้ เสนอให้เลือกสองเส้นทางทะเล <text>[52300001]</text> หรือ <text>[52300008]</text> เท่านั้น
362	Columbus	Marine Transport Station	มหาสมุทรที่ไร้ขอบเขต สามารถทำให้ความฝันที่ไร้ขอบเขตของเจ้านั้นเป็นจริงขึ้นมาได้ รีบตามข้ามา <text style="79">[52500036]</text>, ไปสู่หนทางอิสระกันเถอะ!
363	Plato	Finding Treasure	บนเกาะแห่งนี้ต้องล้างอารยธรรมซะ ควรจะให้ข้ามาสั่งสอนพวกเขาสักครั้ง
364	Ousailuo	Vice Admiral	ในฐานะที่ข้าเป็นผู้บัญชาการทหารสูงสุดของอาณานิคม การตัดสินใจของข้าถือเป็นผลประโยชน์ต่อชาติมบ้านเมือง
365	Mo Yuzi		สวัสดี สำนักงานสื่อสารราชวงศ์พร้อมให้บริการ ที่นี่คือสถานีสื่อสาร <text>[52300007]</text> ยินดีต้อนรับทุกท่านที่มาสนับสนุนและใช้บริการ
366	Aaliyah	Army Medical	บริเวณป่ารกร้างนี้เป็นที่ซุกซ่อนของโรคระบาดที่ไม่รู้จักอยู่มากมาย ข้าหละเป็นห่วงสุขภาพของเหล่าทหารจริงๆ
367	Suspicious Voodoo Tribe		ที่นี่ไม่ต้อนรับคนนอก ไสหัวออกไปซะ!
368	Madisen	Archaeology Professor	โบราณสถานแห่งนี้ทำให้คนเรารู้สึกกลัวสงครามจนตัวสั่น
369	Pacana	Voodoo Princess	ทำไมข้าจะต้องการที่จะแต่งงานกับผู้ชายคนหนึ่งที่ไม่เคยรู้จักด้วย?
370	Pacana	Heathen Wives	มีเพียงคำสาปของคนตาย ข้าถึงจะได้กลับมามีอิสระอีกครั้ง
371	Plato	Colonial Spiritual Mentor	พวกป่าเถื่อนเหล่านี้กราบไหว้ผีสางเทวดาของพวกเขา ไม่เหมือนกับที่ข้านับถือ Plato
372	Barum	Voodoo Chieftain	ครอบครัวข้าหวังเป็นอย่างยิ่งที่จะได้อยู่ในราชอาณาจักร Atlas อย่างสันติสุข
373	Mori Hiroko	Vagabond Messenger	สวัสดี เหล่านักผจญภัยโพ้นทะเลทั้งหลาย ขอต้อนรับสู่การบริการสื่อสารไม่มีหลักแหล่งพร้อมให้บริการ
374	Voodoo		ข้าไม่ยอมที่องค์หญิง <text style="79">[52500369]</text> จะต้องถูกบังคับไปแต่งงานกับชาวต่างชาติ
375	Kanya	Voodoo Beauty	แม้ว่าทุกคนจะไม่เห็นด้วยกับการที่ข้าจะแต่งงานกับชาวต่างชาติ แต่ข้าคิดว่ามันไม่มีอะไรที่ไม่ดีเลยหนิ
376	Ammaroo	Stunner Wizards	ยาใดๆก็เทียบไม่ได้กับพลังแห่งความรัก
377	Mare Love	Everlasting Witch	......ในที่สุดคำทำนายของท่านมหาปุโรหิตกล่าวไว้ก็มาถึง
378	Pacana	Back-Pedal Bride	ถ้าให้ข้ากลับไปอยู่ <text style="79">[52500364]</text> ข้าขอตายดีกว่า
379	Inca	Voodo Hero No.1	แม้ตัวข้าจะตายข้าก็จะปกป้องประชาชนให้ได้!
380	Voodoo	Infected	ช่วยข้าด้วยๆ......ข้าไม่อยากกลายเป็น <text style="79">[52500392]</text>!
381	Pacana	Zombie Wife	ให้ข้าได้พักผ่อนอย่างสงบที่สุสานเถอะ!
382	wugawuga	Cannibalistic Baby	wuwugaga! wuwugaga!
383	Plato	Delicious	สถานที่ที่มีร่องรอยประวัติศาสตร์อันล้ำค่าทางแห่งนี้ทำให้ผู้คนไม่มีอิสระ ตัวข้าอยากจะทำลายเกาะนี้ให้สิ้นซากนัก
384	Vuvuzela	Demon Fierce	vuvuzela! vuvuzela!
385	Wild ape		
386	Purple turtle		
387	Prairie deer		
388	Ominous Bird		
389	Dark Roast Lion		
390	Dark roar		
391	Curse Harpy		
392	Voodoo Troll		
393	Avarice Lerch		
394	Zombie baboon		
395	Remain Alert Weapon		
396	Voodoo butcher		
397	Green Eye Minced		
398	Port transportation		เรือขนส่งทางทะเลของท่าเรือนี้ เสนอให้เลือกสองเส้นทางทะเล <text>[52300001]</text> หรือ <text>[52300008]</text> เท่านั้น
399	Columbus	Marine Transport Station	มหาสมุทรที่ไร้ขอบเขต สามารถทำให้ความฝันที่ไร้ขอบเขตของเจ้านั้นเป็นจริงขึ้นมาได้ รีบตามข้ามา <text style="79">[52500036]</text>, ไปสู่หนทางอิสระกันเถอะ!
400	Eve	Eden Sister	เจ้าคนแปลกหน้า เจ้าไม่สามารถจะพูดคุยกับเด็กสาวแถวนี้ตามใจชอบได้นะ!
401	Excitement adventurer		หลังจากที่ผ่านอุปสรรคมามากมาย ในที่สุดข้าก็มาถึงแดนสวรรค์บนโลกมนุษย์
402	Flora	Eden Sister	อย่าส่งเสียงดัง! ข้ากำลังใช้สมาธิในการเก็บมะม่วงอยู่
403	Covet riches adventurer		เกาะแห่งนี้สามารถพัฒนาให้เป็นรีสอร์ทได้ ทีนี้ข้าก็จะหากำไรได้
404	Plato	Genius Prime Minister	ร่องรอยของงจักพรรดินีช่างห่างไกลไปทุกที ยังขาดแต่ขั้นตอนสุดท้าย
405	Madisen	Archaeology Experts	บนสวรรค์แห่งนี้มันทำให้คนมีแต่ความสุข
406	Mo Yuzi	Naval Communications Bureau	สวัสดี สำนักงานสื่อสารราชวงศ์พร้อมให้บริการ ที่นี่คือสถานีสื่อสาร <text>[52300015]</text> ยินดีต้อนรับทุกท่านที่มาสนับสนุนและใช้บริการ
407	Drake	Airspace Fighter	ถ้าแกมองว่าข้านั้นหน้าตาไม่หล่อ แสดงว่าสายตาของแกมีปัญหาแน่นอนแล้วหละ
408	Maria	Eden Fighter	ที่สวนแห่งเอเดนพวกข้าสามารถสืบเชื้อสายต่อมาได้ ทุกอย่างล้วนเป็นพระประสงค์ของพระเจ้า
409	Michaele	Drake's Bridal Group	นอกเหนือจาก <text style="79">[52500407]</text> แล้วคนอื่นไม่สามารถมาขอข้าแต่งงานได้
410	Vyvyan	Drake's Bridal Group	ช้าเพิ่งจะเป็นรักแท้ของ <text style="79">[52500407]</text>
411	Felicity	Eden Beauty	สู้แย่ง <text style="79">[52500407]</text> มาจากทุกคนดีกว่าไปตามหาพรหมลิขิต
412	Drake Thief Member		ท้องฟ้าคือดินแดนของพวกข้า
413	Vanessa	Guard Captain	ข้าทนดูหมู่บ้านแห่งเอเดนถูกสาปต่อหน้าต่อตาไม่ได้ ข้าจะกำจัดแม่มดให้สิ้นซาก
414	Mori Hiroko	Vagabond Messenger	สวัสดี เหล่านักผจญภัยโพ้นทะเลทั้งหลาย ขอต้อนรับสู่การบริการสื่อสารไม่มีหลักแหล่งพร้อมให้บริการ
415	Drake Thief Member		ท้องฟ้าคือดินแดนของพวกข้า
416	Linda	Witch	ละทิ้งความทะยานซะแล้วมาเสพสุขกับข้าดีกว่า!
417	Raspberry Bibi		
418	Red Flame Creeper		
419	Eden Walker		
420	Razor Blackhawk		
421	Doubigeba		
422	Spray Burglar Cat		
423	Angel Sheep		
424	Jade Euglena		
425	Temple Snake		
426	Millennium Snake		
427	Heaven Island Bird		
428	Protect City  Mech		
429	Juggernaut Mech		
430	Port transportation		เรือขนส่งทางอากาศของท่าเรือนี้ เดินทางไปกลับ <text style="79">[52500407]</text> น่านฟ้านี้ปกครองโดยเหล่าโจรสลัดแห่งท้องฟ้า ไม่รับประกันความปลอดภัยและทรัพย์สินของท่าน
431	Columbus	Marine Transport Station	มหาสมุทรที่ไร้ขอบเขต สามารถทำให้ความฝันที่ไร้ขอบเขตของเจ้านั้นเป็นจริงขึ้นมาได้ รีบตามข้ามา <text style="79">[52500036]</text>, ไปสู่หนทางอิสระกันเถอะ!
432	Odyssey	Sky Witch	ดูจาก<text style="79">[52500407]</text>แล้วก็ไม่มีอะไรมาก ข้าสามารถแอบเข้าไปในเมืองร้างนั่นได้อย่างสบายๆ 
433	Ugly Air Thief		ใครบอกข้าไม่หล่อ ข้านี่แหละหล่อที่สุดเลย!
434	Drake	Deserted Town Leader	ท้ายที่สุดแล้วข้าควรจะเลือก <text style="79">[52500013]</text> หรือ <text style="79">[52500052]</text> กันดีนะ? ช่างลำบากใจจริงๆ
435	Women  Air Thief		<text style="79">[52500407]</text> หล่อที่สุดแล้ว เหอะๆ
436	Women  Air Thief		ยินดีต้อนรับสู่เมืองร้าง <text style="79">[52500407]</text>
437	Magic Air	Vagabond Messenger	สวัสดี เหล่านักผจญภัยโพ้นทะเลทั้งหลาย ขอต้อนรับสู่การบริการสื่อสารไม่มีหลักแหล่งพร้อมให้บริการ
438	Air thief group Reggie		ใครบังอาจย่างกรายเข้ามาในเขตน่านฟ้าของข้า ข้าจะเอาปืนใหญ่ยิงให้ร่วงหล่นไปเลย!
439	Vanessa	Guard Captain	มาตราการป้องกันศัตรูคือห้ามไม่ให้ใครเข้ามาใกล้ไม่ว่าเวลาไหนก็ตาม
440	Air thief group Member		ข้าก็เหมือนกับหัวหน้าใหญ่ รอบกายข้านั้นมีแต่สตรีงาม!
441	Plato	Sky's Prime Minister	แกเคยเห็น <text>[52300117]</text> แล้วหรือยัง? มันก็คือเป้าหมายสุดท้ายของข้า
442	morgan	Pirate Knight	พวกข้าคือราชาโจรสลัดผู้พิชิตท้องฟ้า!
443	Elaine	Eden Breeder	สัตว์เลี้ยงที่พวกข้าเลี้ยงนั้นช่างน่ารักเสียจริง!
444	Susan	Eden Breeder	ข้าชอบชีวิตที่แสนสงบ
445	Plato	Before Battle	ข้าต้องอยู่บนท้องฟ้ากับ <text style="79">[52500013]</text> สู่ศึกแห่งความตาย!
446	Odyssey	Before Battle	ท้องฟ้าผืนนี้ก็คือสุสานของ <text style="79">[52500052]</text>!
447	Da Vinci	Engineers Expert	การผลิตอาวุธยุทโธปกรณ์นั้นเป็นการท้าทายกันอย่างมากเลยทีเดียว
448	Drake	Neutral Forever	เลือกที่จะปกป้อง <text style="79">[52500013]</text> หรือ <text style="79">[52500052]</text> ไม่ว่าทางไหนข้าก็ล้วนสามารถช่วยให้พวกเจ้าคลายทุกข์ได้
449	Magnetic Gun		
450	Dragon Air Thief		
451	Giant Hammer Sennacherib		
452	Mad Cow Pirates		
453	Unger Giant anchor		
454	Pirates blitz Mech		
455	Flying Rat Sapphire		
456	Blue Beetle		
457	DrakeAir thief group		
458	Royal Iron Guard		
459	Guard Mech		
460	Navy Owl bear		
461	Women Air thief group		
462	Alloy black priest		
463	Night Preacher		
464	Navy guns Mech		
465	Baroque	Dragon Blood Lord	ฮ่าๆๆ โลกมนุษย์กลายเป็นนรกไปแล้ว ช่างเป็นเรื่องที่น่าสนุกจริง!
466	Port transportation		เรือขนส่งทางอากาศของท่าเรือนี้ เดินทางไปกลับ <text style="79">[52500407]</text> น่านฟ้านี้ปกครองโดยเหล่าโจรสลัดแห่งท้องฟ้า ไม่รับประกันความปลอดภัยและทรัพย์สินของท่าน
467	Columbus	Marine Transport Station	มหาสมุทรที่ไร้ขอบเขต สามารถทำให้ความฝันที่ไร้ขอบเขตของเจ้านั้นเป็นจริงขึ้นมาได้ รีบตามข้ามา <text style="79">[52500036]</text>, ไปสู่หนทางอิสระกันเถอะ!
468	Siren	Poseidon successor	พวกเราต้องร่วมมือกันเท่านั้นจึงจะกอบกู้โลกใบนี้ได้
469	Odyssey	Pride	เจ้าอาจคิดว่าว่าทำไมข้านั้นถึงได้หยิ่งยะโสนัก แท้จริงแล้วข้าได้แต่หวังว่าจะมีคนมาเข้าใจข้ามากกว่า
470	Plato	Greedy Man	ซักวันหนึ่งข้าจะสร้างยูโทเปียจริงๆให้ได้
471	Drake	Lazy Man	น่าแปลก? ข้าจะเดินทางมาที่นี่ทำอะไร? ข้าควรจะกลับบ้านไปนอนสิถึงจะถูก
472	Medea	Jealous Man	คอยดูไว้เถอะถ้าหากมีใครที่สวยกว่าข้า ข้าจะฆ่านางซะ
473	Sea Phantom	Greedy	เพียงแค่มีความโลภที่ไม่สิ้นสุด ไม่ว่าจะนานแค่ไหนเจ้าก็ไม่มีทางล้มข้าได้
474	Siren	Reluctant	ตั้งแต่วันนั้นเป็นต้นมา หากเจ้าไม่ได้ปรากฏตัวขึ้น ข้าอาจจะรู้สึกเบื่อมาก!
475	Isoroku Yamamoto	Admiral	เส้นทางสู่ความสำเร็จของนักรบนั้นมีเพียงต้องสู้ตายเท่านั้น
476	Bismarck	Admiral	ข้ามีหน้าที่ต้องประมือกับ <text style="79">[52500118]</text> มันคือคู่ปรับที่ข้านั้นเฝ้ารอคอยมานาน!
477	Nelson	Royal Navy Admiral	ในครั้งนี้ข้าจะตั้งรับป้องกันด้วยตัวข้าเอง เมื่อ <text style="79">[52500204]</text> ออกรบข้าต้องเป็นทัพหน้า
478	Edward	Black Braids	<text style="79">[52500170]</text> ผู้น่ารังเกียจ ดูเจ้าเหมียวเล่นจมูกแบนๆอย่างภาคภูมิใจ
479	Khayredin	Red Beard	ที่กล่าวกันว่าให้ใช้อุบายหลอกลวงในการทำสงครามนั้น ข้าต้องใช้ความสามารถด้านเล่ห์กลของข้าบุกทะลวงขบวนรบทหารเรือ 
480	Jason	Pirate King	ฉันจะได้กลายเป็นจักรพรรดิปกครองโลกผู้ยิ่งใหญ่!
481	Roberts	Baron The Pirate	สถานการณ์การศึกในปัจจุบันเป็นครึ่งต่อครึ่ง ตอนออกศึกเจ้าจะทรยศหรือไม่?
482	morgan	Pirate Knight	ใครที่กล้าที่ยืนอยู่หน้าดาบทั้งสองของข้านั้นมีเพียงขอความเมตตากับขอความตายเท่านั้น!
483	Da Vinci	Talent Man	ข้าต้องตั้งใจค้นคว้าร่องรอยทางประวัติศาสตร์ ข้าไม่สนใจศึกสงคราม
484	Mo Yuzi	Naval Communications Bureau	สวัสดี สำนักงานสื่อสารราชวงศ์พร้อมให้บริการ ที่นี่คือสถานีสื่อสาร <text>[52300016]</text> ยินดีต้อนรับทุกท่านที่มาสนับสนุนและใช้บริการ
485	Mirage reel		(เนื่องจากภาพลวงตาของ <text style="79">[52500004]</text> สามารถทำให้เกิดร่างคนเหมือนจริงได้)
486	Sea Devil	Pirate Radio Station	พวกข้าคือกลุ่ม <text style="79">[52500108]</text> ผู้ภักดีต่อ Poseidon ผู้ยิ่งใหญ่ สถานีสื่อสารแห่งนี้เปิดให้เหล่าโจรสลัดใช้ได้อย่างอิสระ
487	Mirage reel		(เนื่องจากภาพลวงตาของ <text style="79">[52500004]</text> สามารถทำให้เกิดร่างคนเหมือนจริงได้)
488	Black braids Pirates		
489	Fiery Red Bear		
490	Penguin Master Sergeant		
491	Air Thief Meteor Mech		
492	Walrus pirates		
493	Red Horn Pirates Group		
494	Golden Cat Navy Group		
495	Navy Tiger Mech		
496	Death Hourglass		
497	Remains defense agencies		
498	Walrus general		
499	Extreme Magnetic Gun		
500	Remains Guardian		
501	Subjugation Enchantress		
502	Akejim		
503	Heavy Akejim		
504	Navy Owl bear		
505	Sea Dragon Warrior		
506	Sharp snake poison ivy		
507	Ugly fish		
508	Blackbeard		
509	Attracted Guawa family		
510	Solar Eye Alert Weapon		
511	Wasp		
512	Demon Flower		
513	Incubate Raspberry Bibi		
514	Hide Guawa family		
515	Jet cat thieves No.1		
516	Greedy Snake		
517	Women Gladiator King		
518	Ogre ape		
519	Jet cat thieves No.3		
520	Red Deard Assassin		
521	Black braids Assassin		
522	Bomb shell Spider		
523	Jet cat thieves No.5		
524	Pirates Traitor		
525	Jet cat thieves No.6		
526	Jet cat thieves No.8		
527	Jet cat thieves No.10		
528	Remy	Bounty Hunter	ข้าค้นพบเป้าหมายแล้ว รางวัลเป็นของข้า!
529	Nina	Bounty Hunter	ข้าค้นพบเป้าหมายแล้ว รางวัลเป็นของข้า!
530	Scary Voodoo Tribe		
531	Cursed Voodoo Tribe		
532	Madness Voodoo Tribe		
533	Voodoo Troll		
534	Cemetery Soul		
535	Zombie Pacana		
536	Jet cat thieves No.7		
537	Greedy Bounty Hunter		
538	Cage prey		
539	Thaw Fur seal		
540	Anger Bounty Hunter		
541	Ice Monster		
542	Eat Oblation Sea Snake		
543	Horn Bounty Hunter		
544	Jet cat thieves No.9		
545	Was Called Skeleton		
546	Black braid Edward		
547	Skeleton Lover Kenny		
548	Skeleton Good Friend		
549	Bermuda Banshee		
550	Spicy Strange Insects		
551	Bismarck		<text>[52300114]</text> เหมือนกับสวรรค์ส่วนตัวของข้าเลย........ ฮ่าฮ่าฮ่า!
552	Odyssey		ข้าจะเปลี่ยน <text>[52300114]</text> ให้กลายเป็นนรก!
553	Insurrection Male Prisoner		
554	Insurrection  Female Prisoner		
555	Bismarck		<text>[52300114]</text> เหมือนกับสวรรค์ส่วนตัวของข้าเลย........ ฮ่าฮ่าฮ่า!
556	Isoroku Yamamoto		การประหารชีวิตคนร้ายนั้นเพื่อผดุงความยุติธรรม
557	Cockroach	Decapitated Man	ขอร้องอย่าฆ่าข้าเลย ข้าจะให้ของมีค่าตอบแทนเจ้า
558	Thin Ralph	Decapitated Man	
559	Fertilizer	Decapitated Man	
560	Bismarck		<text>[52300114]</text> เหมือนกับสวรรค์ส่วนตัวของข้าเลย........ ฮ่าฮ่าฮ่า!
561	Edmund	Guiltless Prisoner	ข้าจะตายไม่ได้!  ข้าต้องมีชีวิตรอดเพื่อพบกับ <text style="79">[52500180]</text> ให้ได้!
562	Edmund	Rapt for Escape	ต้องทำอย่างไรถึงจะหนีออกจากนรกนี้ได้?
563	Violent Male prisoner		
564	Violent Female prisoner		
565	Prison Hangman		
566	Bermuda Crack		(ภายใน <text style="79">[52500566]</text> มีแสงจ้าประกายออกมาอย่างไม่น่าเชื่อ)
567	Bermuda Crack		(ภายใน <text style="79">[52500566]</text> มีแสงจ้าประกายออกมาอย่างไม่น่าเชื่อ)
568	Bermuda Crack		(ภายใน <text style="79">[52500566]</text> มีแสงจ้าประกายออกมาอย่างไม่น่าเชื่อ)
569	Sea Phantom	Kidnappers	(<text style="79">[52500087]</text> ไม่สนใจเจ้าหญิงทั้งสองพระองค์ที่ถูกแกลักพาตัวมาอย่างเย็นชา)
570	Angelina	Twins Princess 	รีบปล่อยพวกข้าซะ! โจรสลัดอย่างแก! รู้มั้ยว่าพวกข้าคือใคร?
571	Rosemary	Twins Princess 	ที่นี่คือที่ไหน? องค์หญิง <text style="79">[52500073]</text> คนเลวพวกนี้จะจับพวกเราไปที่ไหน?
572	Different World Demon Wolf		
573	Odyssey	Witch Pirate 	การหนีออกจากนรกนั้นสำหรับข้าแล้วง่ายกว่าการตอกไข่ใบนึงเสียอีก
574	Skeleton Lover Rick		
575	Ambush Prisoner		
576	Unknown Pirate		อย่ามายั่วโมโหข้า ไม่เช่นนั้นจะได้เห็นดีกัน
577	Odyssey	Witch Pirate 	อยากจะเป็นโจรสลัดไหม?  มา เดี๋ยวข้าสอนให้!
578	Tinderbox		
579	Sea Phantom	Brave Enemies	เจ้ากำลังจะเผชิญหน้ากับความตายที่น่าหวาดกลัว
580	Different World Skeleton		
581	Odyssey	Witch Pirate 	เป็นโจรสลัดแล้วจะได้รับอิสระเชียวนะ!
582	Slave ship Bodyguard		
583	Odyssey	Witch Pirate 	รอให้เจ้ากลายเป็นโจรสลัดผที่ยิ่งใหญ่ก่อน แล้วค่อยมาท้าข้า!
584	Insurrection  Female Prisoner		
585	Edward	Black Braids	เหมียวต้องการจะฆ่าคุณ!
586	Edward	Black Braids	
587	Khayredin	Red Beard	Poseidon ผู้ยิ่งใหญ่ชนะศึกสงครามแห่งท้องมหาสมุทร!
588	Bismarck	Admiral	<text style="79">[52508002]</text> ของข้า คือเรือรบที่ไม่มีวันจม
589	Admiral		
590	Navy soldier		
591	Robert	Baron The Pirate	
592	Isoroku Yamamoto	Commando Commander	ท่านคิดจะท้าประลองกับข้าตัวต่อตัวไหม?
593	Marines		
594	Plato	Genius Prime Minister	ศพท่านมหาปุโรหิต Icu  ได้ถูกฝังไว้ที่นี่ ข้าต้องขุดนำศพท่านขึ้นมา!
595	Odyssey	Witch Pirate 	กฎของสมบัติคือใครเป็นผู้พบเจอก่อนคนผู้นั้นจะเป็นเจ้าของสมบัติชิ้นนั้น
596	Vuvuzela		
597	Voodoo Troll		
598	Isoroku Yamamoto	Admiral	ทุกทัพโจมตี!
599	Khayredin		
600	Lion pirates		
601	Angelina	Pirate Princess	เดินเรือไปคาบมหาสมุทรทั้งเจ็ด ข้าต้องการจะจับ <text style="79">[52500087]</text>
602	Princess Pirates		
603	Columbus	Big Sister Captain	เส้นทางเดินเรือข้างหน้านั้นก็คือผืนแผ่นดินที่มีแต่หิมะและน้ำแข็งปกคลุมไปทั่ว
604	Sea Snake		
605	Columbus	Big Sister Captain	ที่นี่คือตำนานของ <text>[52300128]</text> ใช่ไหม? เป็นเพียงอีกโลกหนึ่ง
606	Undead Sea		
607	Skeleton Mate		ฉันจะจับแกมาเป็นทาส!
608	Skeleton Sseaman		
609	AstonLarkin		ขึ้นมา! นักสู้ไม่ใช่ความพ่ายแพ้แต่คือความตาย
610	Orc King modo		
611	Crazy Rose Regina		
612	Misfortune  Adventurer		
613	Fury King Kong		
614	Bloodthirsty Tiger		
615	Misfortune  Adventurer		
616	Blade Fealy Stan		
617	Plato	Genius Prime Minister	เพื่อจะเข้าควบควมเทคโนโลยีทางด้านอาวุธของราชอาณาจักร ข้าต้องเข้าไปน่านน้ำที่อันตรายอีกครั้ง
618	Harpy		
619	Sea Snake		
620	Port transportation		เรือขนส่งทางอากาศของท่าเรือนี้ เดินทางไปกลับ <text style="79">[52500407]</text> น่านฟ้านี้ปกครองโดยเหล่าโจรสลัดแห่งท้องฟ้า ไม่รับประกันความปลอดภัยและทรัพย์สินของท่าน
621	Columbus	Marine Transport Station	เจ้าพร้อมจะบินไปยังขอบฟ้ารึยัง?
622	Elbow	Safe Keeper	ได้นำของที่อยู่ในตู้นิรภัยมารึเปล่า? จำได้ว่า ฝากเก็บไว้ในห่อพัสดุที่ล้วนจำกัดระยะเวลาฝาก!
623	George	Redeem Officer	ข้านั้นชื่นชอบการดื่มเหล้าและการกลั่นเหล้า แม้ว่าตอนนี้ข้าจะรู้มาไม่เยอะแต่ได้รับของบางสิ่งบางอย่างมา! ก่อนจะเข้าร่วมองค์กรก็มีมาหาข้าแลกเปลี่ยนวัสดุแร่ธาตุกับข้าก่อนแล้ว
624	Toby	Heaven Officer	ขอต้อนรับสู่โรงเหล้านางนวลฟ้า เหล้าและสตรีของเรานั้นมีชื่อเสียงที่สุดในอาณาจักร
625	Paul	Ocean Navy 	หมดช่วงพักผ่อนแล้ว ต้องกลับไปปฏิบัติหน้าที่บนอาณานิคมที่มีแต่หิมะและน้ำแข็งปกคลุมไปทั่วอีกครั้ง ข้าต้องดื่มเยอะหน่อยละ
626	Cecilia	Maritime King's Daughter	ข้าออกมาจากบ้าน เพื่อจะทำการค้ากับพ่อข้า
627	Silva	Heroic Captain	ข้าให้สัญญาว่าข้าจะพิชิตคาบสมุทรมั้งเจ็ดให้ได้ ถ้าหากพระเจ้าไม่ทำความใฝ่ฝันของข้าให้เป็นจริง ก็ให้ข้าตายบนมหาสมุทรเถอะ
628	Palace Lifeguard		พระราชวังต้องห้าม ไม่มีกิจอันใดอย่าได้เข้าไป
629	Palace Lifeguard		พระราชวังต้องห้าม ไม่มีกิจอันใดอย่าได้เข้าไป
630	Palace Lifeguard		ตามมาตราการการป้องกันในเวลานี้ สามารถป้องกันการรุกรานได้
631	Palace Lifeguard		ป้องกันไม่ให้คนนอกบุกรุก
632	Princess Guard		ถ้าหากว่าเจ้าคิดจะทำอะไรไม่ดีกับองค์หญิง พวกข้าจะเข้าจับกุมเจ้าในทันที
633	Navy Headquarters Guard		กองทัพเรือส่วนพระองค์จงเจริญ!
634	Navy Private	Navy Patrol	กองทัพเรือส่วนพระองค์จงเจริญ!
635	Leo	The Wolf Bounty	เงินรางวัลโจรสลัดของวันนี้เอามาประกาศรึยัง?
636	Monica	Marksman Huntress	แค่สามารถตามฆ่าโจรสลัดมาได้ ก็ได้เงินก้อนใหญ่แล้วเงินรางวัลนักล่าเหล่านี้เป็นธุรกิจที่สามารถทำให้คนเสพติดได้จริงๆ!
637	Bermuda Crack		
638	Port Royal Bulletin Board		(บนบอร์ดประกาศติดเงินรางวัลในวันนี้ จัดให้เหล่านักเดินเรือและนักผจญภัยได้มีโอกาศรับเงินและประสบการณ์ที่หลากหลาย)
639	Barbarossa	Maritime Presidency	ความเจริญทางด้านการค้าบนทะเลนี้ ล้วนมาจากคุณงามความดีที่พวกข้าทำมา
640	Crazy Rose Regina		
641	Blood dragon Norman		
642	Villain Filet		
643	Amina	Nomad Maritime	ทำธุรกิจกับโจรสลัดแม้ว่าจะมีความเสี่ยงแต่เพื่อการอยู่รอดแล้วคือธุรกิจที่จำเป็น!
644	Angelina	Flashback	ภายในสถานที่ศักดิ์สิทธิ์แห่งนี้เต็มไปด้วยเศษเสี้ยวความทรงจำในวัยเด็กของฉัน
645	Angelina	Refugees Savior	ข้อต้องการช่วยเหลือผู้ลี้ภัยทั้งหมดแค่คนเดียวก็ยังดี!
646	Concentration Camp Guard		กองทัพแม่มดจงเจริญ!
647	Concentration Camp Guard		กองทัพแม่มดจงเจริญ!
648	Angry Refugees		เกลียด Skeleton Corps จริงๆ ใครจะเป็นผู้ทำลายล้างพวกมันซะ!
649	Thirsty Refugees		เห็นได้ชัดว่าในทะเลแต่กลับไม่มีน้ำให้ดื่มได้ ช่างน่าขันเสียจริง!
650	Skeleton Corps Officer		ข้าก็แค่นายทหารต่ำต้อยคนหนึ่งมีหน้าที่แค่คอยดูแลค่ายกักกันทาส
651	Dyken	Lovelorn Captain	สัมผัสของข้าไม่ผิดแน่ คนรักของข้าต้องอยู่ในพระราชวังแน่นอน!
652	Sea Phantom	Brave Enemies	ดูเหมือนว่าเป้าหมายของพวกเราเหมือนกันคือการบุกเข้าไปในชั้นต่ำสุดของวัด
653	Panic Woman		ความสุขในชีวิตของข้าถูกกองทัพแม่มดทำลายจนหมดสิ้น ข้าจะไม่ถูกจับไปเป็นทาสอีกครั้งแน่
654	Fleeing Woman		ตอนระหว่างทางที่ลี้ภัยนั้นข้าก็พลัดพรากจากครอบครัวแล้ว ในชีวิตนี้จะได้พบกับพวกเขาอีกครั้งไหม?
655	santino	Skull Deputy chief	อย่าได้ดิ้นรนอีกเลยเจ้าคน Atlas 
656	Seabed Crusader	Fighting	น้อมรับคำสั่ง อย่าปล่อยให้กองทัพแม่มดล้ำเข้ามาได้!
657	Skeleton Sseaman		
658	Skeleton Mate		
659	Skeleton Chiliarch		
660	Skeleton Commander Lebiya		
661	Exotic Demon Wolf		
662	Abyss Demon Wolf		
663	Shipwreck Souls		
664	Penguin Corporal		
665	Penguin Sergeant		
666	Penguin Staff Sergeant		
667	Penguin Master Sergeant		
668	Navy Two Tripods		
669	Steam Iron Giant		
670	Deep Sea Slug		
671	Crusty Bone Fish		
672	Sewer Iron Man		
673	Seabed Wanderer		
674	Guard Soul		
675	Balas	Skull Chief	กองทำแม่มดของเราจะเป็นหนึ่งในใต้หล้า!
676	Fisher	Crusader Chief	สถานที่ศักดิ์สิทธิ์แห่งนี้คือป้อมปราการสุดท้ายของ Atlas  ข้าจะยึดมั่นรักษาให้ถึงที่สุด
677	Angelina	Royalty Generations	เห็นพวกผู้ลี้ภัยใช้ชีวิตอย่างระเหเร่ร่อน ทำให้ข้านั้นรู้สึกลำบากใจยิ่งนัก
678	Horror Refugees		กองทัพแม่มดแค่นิดเดียวก็ทำลายสถานที่ศักดิ์สิทธิ์ได้แล้ว พวกเราควรจะทำยังไงกันดี!
679	Beauty Refugees		ถึงแม้ว่าวาระสุดท้ายของชีวิตนั้นมาถึงข้าก็ขอให้ได้ตายแบบสง่างาม
680	Brave Refugees		ข้าอยากจะเสนอข้อตกลงกับกองทัพแม่มด
681	Sinda		นามของข้าคือ <text style="79">[52500681]</text> เป็นชื่อที่ได้รับมาจากยายของข้า
682	Dyken	Lovestruck	ไม่ว่าอย่างไรก็ตาม <text style="79">[52500681]</text> ก็จะอยู่ในใจของข้าตลอดไป
683	Angelina	Savior of Mankind	ขอเพียงแค่ยังมีความหวังซักนิด ข้าก็จะไม่ยอมแพ้ที่จะช่วยโลก
684	Sea Phantom	Brave Enemies	ในโลกที่เหลวแหลกนั้นไม่มีแบ่งแยกมิตรหรือศัตรู
685	Melpomen	Holy Temple Priest	ความจริงแล้วบางครั้งนั้นก็แสนทารุณ บางคนนั้นก็รับไม่ได้เลย
686	Subjugation Magician		ประเทศกำลังจะล่มจมช่างน่าเศร้าใจจริง
687	Siren	Creator	เจ้าจะต่อสู้ไปเพื่ออะไร ตัวเจ้าเองรู้ดีจริงรึเปล่า?
688	Gentry Platypus		
689	Penguin Master Sergeant		
690	Seabed Crusader		
691	Skeleton Chiliarch		
692	Sewer Iron Man		
693	Navy Two Tripods		
694	Skeleton Captain		
695	Steam Iron Man		
696	Navy Tiger Mech		
697	Undead Besso		
698	Favour Giant Worm		
699	Hole Evil		
700	Vanessa		แม่มดนั้นกำจัดไม่ได้ในวันเดียว หมู่บ้านแห่งเอเดนก็ยังคงไม่สงบสุขหรอก
701	Eden Snake		
702	Pirate Assassin		
703	Invade Harpy		
704	Aggressive slaves		
705	Plato Mech Soldier		(การพัฒนาอาวุธยุทโธปกรณ์ ขณะนี้ยังไม่ได้ดำเนินการ)
706	Odyssey Mech Soldier		(การพัฒนาอาวุธยุทโธปกรณ์ ขณะนี้ยังไม่ได้ดำเนินการ)
707	Empty Village Guard		
708	Jet cat thieves No.0		
709	Bermuda Crack		(รอยแตกในเบอร์มิวดา มีแสงจ้าประกายออกมาอย่างไม่น่าเชื่อ)
710	Bermuda Crack		(รอยแตกในเบอร์มิวดา มีแสงจ้าประกายออกมาอย่างไม่น่าเชื่อ)
711	Columbus	Big Sister Captain	คืนนี้พวกข้าจะทำอาหารเย็นที่นรกแห่งนี้
712	Hell Evil		
713	Drake	Sky Theives Chief	ท้องฟ้าคือแผ่นดินของข้า ถ้าข้าไม่อนุญาตจะไม่มีใครขึ้นมาก่อกวนบนนี้ได้!
714	Dragon Air Thief		
715	Odyssey	Witch Pirate 	ไปนำอาวุธยุทโธปกรณ์ของ <text style="79">[52500052]</text> มาตีเป็นเศษเหล็กซะ!
716	Plato	Genius Prime Minister	ไอ้คนทรยศ เอาอาวุธของข้ามาลงโทษมันซะ!
717	Jenny	Smelter	ในส่วนของวัตถุดิบแปลงธาตุเครื่องสวมใส่ หากเครื่องสวมใส่ชิ้นไหนที่ไม่ได้ใช้สามารถนำมาแยกได้! ของที่ได้จากการแยกเอามาใช้ประโยชน์ได้อีกมากทีเดียว!
718	Mirage reel		(เนื่องจากภาพลวงตาของ <text style="79">[52500004]</text> สามารถทำให้เกิดร่างคนเหมือนจริงได้)
719	Mirage reel		(เนื่องจากภาพลวงตาของ <text style="79">[52500004]</text> สามารถทำให้เกิดร่างคนเหมือนจริงได้)
720	Mirage reel		(เนื่องจากภาพลวงตาของ <text style="79">[52500004]</text> สามารถทำให้เกิดร่างคนเหมือนจริงได้)
721	Mirage reel		(เนื่องจากภาพลวงตาของ <text style="79">[52500004]</text> สามารถทำให้เกิดร่างคนเหมือนจริงได้)
722	Task Board		(บนบอร์ดประกาศติดเงินรางวัลในวันนี้ จัดให้เหล่านักเดินเรือและนักผจญภัยได้มีโอกาศรับเงินและประสบการณ์ที่หลากหลาย)
723	Pirate Spy		
724	Jet cat thieves No.		
725	Jet cat thieves Boss		
726	Mirage reel		(เนื่องจากภาพลวงตาของ <text style="79">[52500004]</text> สามารถทำให้เกิดร่างคนเหมือนจริงได้)
727	Mirage reel		(เนื่องจากภาพลวงตาของ <text style="79">[52500004]</text> สามารถทำให้เกิดร่างคนเหมือนจริงได้)
728	John Doe	Hunter King	ไม่ต้องถามว่าข้าคือใคร แต่ต้องถามว่าวันนี้ข้าอยากฆ่าจะใคร
729	Sai Feross	Unjustified	ข้าจะชิงตำแหน่งราชานักล่าสมบัติกลับมาให้ได้
730	Fiona	New Hunter Kimg	ตามกำลังความสามารถของข้าแล้ว จะได้รับตำแหน่งราชานักล่าสมบัติในไม่ช้าก็เร็ว
731	Hiding Elaine		ข้าควรหลบซ่อนให้ดีถึงจะถูก!
732	Navy Rear Admiral		กองทัพข้าจะสามารถเอาชนะการต่อสู้นี้!
733	Navy Lieutenant General		ยื้อให้ถึงที่สุดเดี๋ยวกำลังเสริมก็จะมาถึงแล้ว
734	Odyssey	Witch Pirate 	เฮ้อ อาวุธของข้าจะทำให้แกเข้าใจว่า การทรยศข้านั้นคือขะตากรรมที่น่าสังเวชเสียจริง!
735	Plato	Genius Prime Minister	อาวุธของ <text style="79">[52500013]</text> ไม่ใช่คู่มือของข้า รีบมาขึ้นเขียงซะ!
736	Odyssey Mech		
737	Plato Mech		
738	Odyssey Mech		
739	Plato Mech		
740	Romeo	Modern Lover	แกเชื่อเรื่องรักแท้ไหม?
741	Juliet	Sworn	วิญญาณเพื่อนร่วมทางของข้าไปอยู่ไหนซะแล้วหละ?
742	Odyssey	Dangerous Decapitated Man	กรงที่น่าตลกอันนี้ ไม่ครณามือข้าหรอกง่ายเหมือนตอกไข่
743	Jail Dead Prisoner		คนที่กล้าเดินออกมา ข้าจะฆ่าให้เป็นของตอบแทน
744	Ventura	Nomad Maritime	ธุรกิจเดินเรือแลกเปลี่ยนสินค้าของพวกข้ายุติธรรมที่สุดแล้ว มีของดีอะไรก็มาแลกเปลี่ยนกัน!
745	Task Board		(บนบอร์ดประกาศติดเงินรางวัลในวันนี้ จัดให้เหล่านักเดินเรือและนักผจญภัยได้มีโอกาศรับเงินและประสบการณ์ที่หลากหลาย)
746	Navy soldier		พักหลังมานี่ตอนข้าตื่นนอนสติมักจะเลอะเลือน อาจจะเป็นโรคคิดถึงบ้านก็ได้!
747	Navy soldier		กองทหารรักษาการณ์โพ้นทะเลนับวันยิ่งลำบาก ข้าอยากจะเรียกกลับมาจริงๆ
748	Navy soldier		ได้ยินมาว่าพวกป่าเถื่อนบนเกาะแห่งนี้จะชอบกินเนื้อมนุษย์ น่ากลัวจริงๆ!
749	Surprise Catch		
750	Collect Scrap Vendor		ที่นี่ขาดแคลนวัตถุดิบ ทำได้เพียงหาโอกาสทางธุรกิจจากกองขยะเท่านั้นแหละ
751	Veronica		คนหลากหลายรูปแบบเป็นการฝึกที่ดีที่สุดของเวทย์มนต์แปลงกาย
752	Mirage reel		(เนื่องจากภาพลวงตาของ <text style="79">[52500004]</text> สามารถทำให้เกิดร่างคนเหมือนจริงได้)
753	Giselle	Sea Princess Successor	เป้าหมายของฉันไม่ได้เป็นเพียงเจ้าหญิงแห่งท้องทะเล แต่ฉันยังต้องนำ <text style="79">[52500213]</text> ไปยังปราสาทน้ำแข็งเพื่อที่จะได้เป็นราชินี ฮ่าๆๆๆ!
754	Rock Face Ghost		
755	Siren	Poseidon's Daughter	โลกคู่ขนานนั้นดูเหมือนจะคล้ายกับโลกนี้ แต่โชคชะตากลับทำให้แตกต่างกัน
756	Mystery Black Robe Warrior		(Mystery Black Robe Warrior ไม่สนแกหรอกว่าจะมองการณ์ไกลแค่ไหน)
757	Salahuddin	Liberate	ข้าอยากกลับไปยังประเทศของข้า แย่งชิงประเทศกลับมาจากพวกคนชั่ว
758	William Kid	Legendary Pirate King	ถ้าให้ข้าเจ้าแห่งโจรสลัดไปตายอยู่ที่นรกอันมืดมิดของกองทัพเรือสู้ไปตายอยู่บนเกาะไร้ชื่อยังดีซะกว่า!
759	John Doe Tomb		(เสียชีวิตท่ามกลางคนตาย ก็เป็นเพียงแค่คนธรรมดาคนหนึ่งเท่านั้น)
760	Isoroku Yamamoto	Admiral	ถ้าหากมีเบาะแสของ <text style="79">[52500758]</text> นักโทษโจรสลัดผู้หลบหนี โปรดแจ้งให้ทราบในทันที
761	Moorer	Captain	……สุดท้ายแล้ว <text style="79">[52500758]</text> เดินไปทางไหนละหละ?
762	Bismarck	Admiral	วันนี้ข้าอารมณ์ข้าไม่ดี แส้บนมือของข้ายิ่งอารมณ์ไม่ดีกว่า
763	Navy soldier	Bismarck Army	ผู้คุม <text style="79">[52500169]</text> คืนนี้ช่วยลงโทษข้าหนักๆนะ!
764	Navy soldier	Bismarck Army	ผู้คุม <text style="79">[52500169]</text> คืนนี้ช่วยให้รางวัลข้าเยอะๆนะ!
765	Siren	legendary Blue Hair Witch 	สู้เอาเวลามาคุยกับข้า ไปแย่งชิงเอาอาวุธของPoseidon มาดีกว่า!
766	Mystery Black Robe Warrior		(Mystery Black Robe Warrior ไม่สนแกหรอกว่าจะมองการณ์ไกลแค่ไหน)
767	Nightingale	Nursing	จะทอดทิ้งคนป่วยทุกคนไม่ได้ ข้าจะต้องรักษาให้ได้ไม่ว่าจะเป็นโรคอะไรก็ตามบนโลกนี้
768	Siren	Sea Cockroach Killer	หลังจากที่ออกมาจากเกาะแห่งนี้ จงอย่าลืมหน้าที่ที่ข้าได้มอบหมายไว้ให้หละ
769	Sailor		<text>[52300130]</text> สถานที่แห่งนี้เป็นเพียงเกาะเล็กๆบนแผนที่เดินเรือ หลังจากนั้นข้าก็ไม่สามารถมาได้อีกแล้ว!
770	Lower Skeleton Pirates		
771	Skeleton Leader		
772	Sediment Wolf		
773	Desert Wolf Pirates		
774	Golden Axe pirates		
775	Jungle Tiger		
776	Ward Kingkong		
777	Greenwood Magic Flower		
778	lenka		
779	Forest Demon		
780	Bermuda Crack		
781	Bermuda Crack		
782	Slave Trader		ทาสเหล่านี้ล้วนเป็นทรัพย์สินที่มีค่าของข้า ใครกล้ามาแย่งข้าจะสู้สุดชีวิต!
783	Navy soldier		กองทัพเรือจงเจริญ!
784	Plato	Genius Prime Minister	นั่งอยู่บนเรือเหาะนั้นค่อนข้างสะดวกสบายนะ ข้าสามารถสร้างให้เจ้าได้ลำนึง
785	Columbus	Big Sister Captain	การเดินเรือครั้งแรก เป็นการทำงานที่ดีที่สุด ต้องฟังคำสั่งของ<text>[52300126]</text>ฝึกฝนทักษะการแล่นเรือ!
786	Drunk wolf pirates		
787	morgan	Pirate Knight	ข้าในนามของอัศวินโจรสลัด ขอท้าสู้กับเจ้าตัวต่อตัว!
788	morgan		
789	Plato	Genius Prime Minister	แม่มด <text style="79">[52500013]</text> มาขัดขวางการเดินเรือของข้า วันนี้เลยต้องหยุดชะงักบนทะเลนี้กับเจ้า!
790	Odyssey	Witch Pirate 	<text style="79">[52500052]</text> ระแวงแต่กับอาวุธยุทโธปกรณ์ของ Empire of Mu แต่น่าเสียดายที่ได้มีข้า ข้าจะทำให้ความตั้งใจของนางเป็นจริง
791	Navy		
792	Pirate		
793	Linda	Witch	อย่าได้เล่นปืนเล่นมีดเลย!  มาเล่นสนุกๆเป็นเพื่อนข้าดีกว่า!  ฮ่าๆๆๆ 
794	Vanessa	Guard Captain	แม้จะเป็นน้องสาวข้า ข้าก็ไม่ปราณีหรอกนะ
795	Witch men		
796	Sase	Guild Assistant	แต่ก่อนท่านหัวหน้าเคยกล่าวไว้ว่า "อย่าได้ถามกิลด์ว่าจะจ่ายให้คุณเท่าใหร่,แต่ให้ถามคุณก่อนว่าจะให้กิลด์จ่ายเท่าใหร่" แล้วแกหละ?
797	Jonathan	Strengthen Master	พอพูดถึงด้านการตีบวกแล้ว จะมีใครจะรู้ดีมากไปกว่าข้าอีก! ข้าเป็นถึงแชมป์การแข่งขันด้านการตีบวกถึงสามสมัยติดต่อกัน!
798	Micks	Integration Master	เก็บสัตว์สวยงามไว้เยอะๆ มีข้อดีไม่น้อย สามารถเอามาผสานกันเป็นลูกเรือได้!
799	Kailey	Smelting Master	ไม่ใช่ว่าข้าเคยบอกแล้วว่า เมื่อธุรกิจการหลอมผลึกเปิดขึ้นมาก็ถูกให้ความสนใจมากขึ้น ไม่รู้ว่าจะได้คริสตัลออกมาเยอะเท่าใหร่ ดูในกระเป๋าเงินข้าสิไม่จำเป็นต้องทำงานแล้ว!
800	Remad	Refining Master	หากอุปกรณ์ที่มีคุณภาพสูง หากเอาไปแยกส่วนโดยตรงจริงก็น่าเสียดายนิดหน่อย ลองนำไปหลอมซ้ำอีกครั้งซิจะมีความประหลาดใจที่ไม่คาดคิด!
801	Adam	Royal Navy Engineer	ได้ยินมาว่าบนเมฆมีโจรสลัดท้องฟ้าไปๆ มาๆ อยู่ อยากรู้จริงๆว่าพวกนั้นสร้างเรือบินได้ยังไง?
802	Loie	Royal Navy Engineer	ปืนใหญ่นี้ยังคงอยู่ในขั้นตอนการพัฒนา ผู้ที่อยากลองของดีมาลองดูได้แต่ไม่รับรองชีวิต
803	Palace Lifeguard	Unconscious	
804	Willes	Panic Lord	มีคนเข้ามา! โจรสลัดบุกเข้าไปในพระราชวังและลักพาตัวเจ้าหญิงสองแล้ว!
805	Lupin	Strange Pirate	ข้าเพียงแค่จะขโมยสมบัติเท่านั้นแต่ยังไม่ทันได้ขโมยเลย
806	Siren	Poseidon's Daughter	พ่อเคยบอกไว้ว่าจะต้องมีคนมาช่วย
807	Hoeker	Twister Blade	ด้วยใบหน้าหล่อๆและมีดบนมือของข้านั้นมีอานุภาพเกรียงไกร ดูอะไรกัน! แกอยู่ที่นี่มีแต่ขัดตาข้าให้ข้าไปดาดฟ้าเรือเถอะ!
808	Gray	Fortress Ironshield	ถ้าเจ้ารู้สึกเบื่อที่จะอยู่ในห้องโดยสารข้าขอแนะนำให้เจ้าไปบนดาดฟ้าเรือสูดอากาศดีกว่า!
809	sillyfen	Predators	ได้ยินมาว่าน่านน้ำแห่งนี้มักจะมีมอนสเตอร์ที่กินมนุษย์รบกวนอยู่ ข้าอยากจะเห็น......แถมตรงนี้แลดูอึดอัดเจ้าคิดจะไปดาดฟ้าเรือกันไหม?
810	Amanda	Black Rose	....แย่แล้ว! ข้าเพิ่งจะเสี่ยงทายบนเครื่องเสี่ยงทายปีศาจปรากฏว่าเรือลำนี้กำลังจะพบกับหายนะขั้นร้ายแรง ถ้าเป็นไปได้เจ้าจงไปบนดาดฟ้าเรือดูซิว่าบนมหาสมุทรมีอันตรายอะไรเกิดขึ้นไหม!
811	Bryn	Cutie	ข้าจะต้องค้นหาสมบัติราชาโจรสลัดให้พบ ข้ารอคอยที่จะไปอยู่บนดาดฟ้าเรือมองไปรอบๆ เจ้าอยากจะไปด้านบนดูกับข้าไหม?
812	Insurrection Male Prisoner		
813	Insurrection  Female Prisoner		
814	Insurrection  Female Prisoner		
815	Bluebeard Barney	Unemployed Crew	จะอยู่ที่นี่กันแค่ขั่วคราวเท่านั้นแหละ ข้าจะรีบออกเรืออีกครั้ง
816	Coruno	Sergeant Major vanguard	คิดจะจ้างพวกตระกูลเพนกวิน ก็มาหาข้าสิ!
817	Jinbada	Eastern Wolf	ข้ามาจากทางตะวันออกของคายสมุทรทั้งเจ็ดที่ห่างไกล มาที่นี่เพื่อแสวงหาการผจญภัยที่น่าตื่นเต้นมากขึ้น!
818	Bear	Gutman	อย่ามารบกวนข้า ข้าอยากดื่มเหล้า 
819	Tuna	Pink Bomb Girl	ข้าหวังว่าวันหนึ่งจะร่วมออกทะเล ข้าต้องทำยังไง?  
820	Caribbean	Curse Captain 	เหล้าไร้รสชาติเสียแล้ว ร่างกายของข้าแม้จะผอมแห้งแต่จิตใจที่มุ่งหวังจะผจญภัยยังเต้นอยู่
821	Divinity	Barbarian	ดาบที่คมเหมือนอุดมการณ์ที่ขับเคลื่อนไป
822	meow	Adventure Cat	ชีวิตทุกวันนี้คือการผจญภัยเหมียว
824	Sai Feross	Treasure Hunters No.1	ขอเพียงจ่ายในราคาของข้าได้ ข้าก็สามารถปฎิบัติภารกิจลำบากแทนเขาได้
825	Sai Feross	Treasure Hunters No.2	ขอเพียงจ่ายในราคาของข้าได้ ข้าก็สามารถปฎิบัติภารกิจลำบากแทนเขาได้
826	Odyssey	Wrath Witch	แม้ว่าข้าจะมีความอดทนสูง แต่โอกาสที่ดีสำหรับการแก้แค้น กลับเป็นเพียงความพอใจแค่ชั่วขณะเท่านั้นแหละ
827	Lupin	Strange Pirate	ข้าเพียงแค่จะขโมยสมบัติเท่านั้นแต่ยังไม่ทันได้ขโมยเลย
828	Ophelia	Death Girl	แกยังสามารถรอดชีวิตมาพบข้าได้ มันคือความโชคดีหรือโชคร้ายกันแน่นะ?
829	Sea Phantom	Poseidon Instrument Holder	ใครกล้าที่จะโจมตีเรือธงของข้า ปลายทางมีเพียงความตายเท่านั้นแหละ
830	Angelina	Pirate Princess	ข้าจะโค่นเจ้าซะ <text style="79">[52500829]</text>!
831	huer	Novice Warrior	ตามหาจิตวิญญาณของนักรบ จะยิ่งทำให้ตระหนักถึงเส้นทางแห่งนักรบ
832	Laura	Treasure Hunters	เจ้าต้องฝึกฝนให้มากกว่านี้ เจ้าถึงจะเป็นนักล่าสมบัติที่เก่งกาจเหมือนกับข้า
833	Brin	Gold Shop	ทองของPoseidon นั้นยังไม่ใช่ของหายากสำหรับนักสะสม แต่เป็นเครื่องรางที่แม้แต่ลูกเรือยังใฝ่หาแม้ในความฝัน
834	San Marco	Sky Dragon Trader	เจ้ามาทำอะไรที่นี่ ร้านพ่อค้ามังกรฟ้าของข้าไม่ได้ให้คนระดับเจ้ามาซื้อได้ รีบไสหัวไปซะ อย่ามาทำให้อากาศบริสุทธิ์แถวนี้กลายเป็นมลพิษ!
835	Columbus	Ocean Transport Station	มหาสมุทรที่ไร้ขอบเขต สามารถทำให้ความฝันที่ไร้ขอบเขตของเจ้านั้นเป็นจริงขึ้นมาได้ รีบตามข้ามา <text style="79">[52500835]</text>, ไปสู่หนทางอิสระกันเถอะ!
836	Concentration camp prisoner		ใครกันที่มาช่วยพวกเรา!
837	Concentration camp prisoner		ใครกันที่มาช่วยพวกเรา!
838	Concentration camp prisoner		ใครกันที่มาช่วยพวกเรา!
839	Coma Guard		……
840	Empty Island Harpy		
841	Concentration camp prisoner		ใครกันที่มาช่วยพวกเรา!
842	Navy soldier		
843	Tunnel Serpent		
844	Tunnel Viper		
845	Mad War Norman		
846	Navy soldier		อย่าปล่อยให้นักโทษหนีออกมาได้!
847	Navy Guard		บนมือข้านี้คือพวงกุญแจที่สำคัญที่สุด ไม่ว่าจะเกิดไรขึ้นห้ามไปอยู่บนมือเจ้าพวกคนเลวนี้ได้
848	Armed Prisoner		
849	Tunnel Snake		
850	Drift Bottle		
851	Insurrection Male Prisoner		
852	Insurrection  Female Prisoner		
853	Juliet		ยินดีกับพวกเจ้าที่จะได้กลายเป็นพันธมิตรกัน!
854	Elephant Oz	Navy Spy	ต้องรีบห้าม Jason ไปเป็นพันธมิตรกับ Rough Sea Fortress ถึงจะถูก
855	Jack	Pumpkin Demon King	ฮ่าฮ่าฮ่า สุขสันต์วันแห่งพระเจ้า!
856	Mystery Black Robe Warrior		ข้าต้องการจะนำสมบัติทั้งหมดของโลกนี้ไปให้หมด
857	Different World Demon Wolf		
858	Skeleton Sseaman		
859	Skeleton Captain		
860	Skeleton Sseaman		
861	Skeleton Sseaman		
862	Graveyard Ghost		
863	Graveyard Ghost		
864	Graveyard Ghost		
865	Ghost King		
866	Mirage reel		กรุณาหนีจากที่นั่นให้เร็วที่สุด พวกข้าจะ....หาวิธี......(เสียงของเจ้าหน้าที่ Coulson ค่อยๆหดหายไป)
867	Flame test tips		ฮี่ฮี่ฮี่ เจ้านั้นจะมีวิธีการที่จะผ่านการทดสอบของข้าได้หรือไม่?
868	Candlelight test tips		ครั้งนี้ก็ไม่มีวิธีผ่านการทดสอบไปได้ใช่รึเปล่า?
869	King test tips		สามารถมาถึงที่นี่ได้ ช่างไม่ง่ายเลย
870	Army test tips		นี่คือการทดสอบขั้นสุดท้าย เจ้าจะผ่านมันไปได้หรือไม่?
871	Agent Coulson		ข้าต้องสอบสวนแผนการของ Dr.Alpha!
874	Siren		แกเป็นตัวอะไร? จะมาชิงคนเลวของ Poseidon ใช่ไหม?
875	Sea Phantom		แกเป็นตัวอะไร? ทำไมแกทำให้ข้ารู้สึกคุ้นเคยเช่นนี้.....
876	Sea Phantom		แกเป็นตัวอะไร? ทำไมแกทำให้ข้ารู้สึกคุ้นเคยเช่นนี้.....
877	Ellie	Authority Examine	ทำได้ดีมาก! ไว้พรุ่งนี้ค่อยมาท้าสู้อีก!
878	Lanny	Authority Examine	ทำได้ดีมาก! ไว้พรุ่งนี้ค่อยมาท้าสู้อีก!
879	Sherley	Authority Examine	ทำได้ดีมาก! ไว้พรุ่งนี้ค่อยมาท้าสู้อีก!
881	Snowman		
882	Magellan		สุขสันต์วันคริสต์มาส เชิญมาร่วมกิจกรรมของพวกเราสมาคมการค้าMagellan !
883	Basil	Navy Transport Officer	พวกทหารใหม่ของกองทัพ รีบไปลงทะเบียนกับครูผู้ฝึก <text style="79" path="884">[52500884]</text>  ถ้าครูฝึกโกรธขึ้นมาจะน่ากลัวมาก!
884	Hande	Support Troops	พวกทหารใหม่รีบวิ่งมาทางนี้! พวกที่ช้าทำอะไรอยู่?!
885	Hande	Support Troops	เคลื่อนไหวให้เร็ว อย่ามัวชักช้า ในสนามรบไม่มีเวลาให้พวกแกมานั่งจับปลาหรอกนะ!
886	Arnaud	Devil Trainers	อยากจะเรียนรู้ทักษะเพิ่มก็ให้มาหาข้าซะ!
887	Hande	Support Troops	การฝึกฝนทหารใหม่หากยังไม่จบการฝึกก็ห้ามประมาทเด็ดขาด!
888	Hande	Support Troops	โอ้โห ทหารใหม่ของกองทัพนี่ลำบากจริงๆ
889	Liou	Army Medical	การฝึกนั้นก่อให้เกิดอันตรายต่อร่างกาย ก็ส่งมาให้ข้ารักษาซะ!
890	Arnaud	Devil Trainers	อ่า......หิวจังเลย...เมื่อใหร่จะถึงเวลากินข้าวนะ?
891	Arnaud	Devil Trainers	การฝึกฝนนั้นแสนลำบากข้าเข้าใจ ต้องอดทนพยายามขึ้นอีก!
892	Arnaud	Devil Trainers	นี่คือการทดสอบขึ้นสุดท้ายแล้ว สู้ๆ!
893	Lightning Enchanted Generator		
894	Rookie Recruit		ที่นี่คือนรกอะไรกันนี่ ข้าไม่มีแรงแล้ว
895	Deer		โย่ว~ โย่ว~
896	Alienation Wolf		
897	Alienation Big Wolf		
898	Passers Soldier		ไม่เห็นมีใครบอกข้าเลยว่าเป็นทหารมันจะเหนื่อยแบบนี้ ข้าอยากกลับบ้านแล้ว!
899	Aisha	Herdsman	ท่านคนนั้นอ่ะ ท่านชอบสัตว์เลี้ยงประเภทไหนกันหละ?
900	Kindly Deer		อูย~~
901	Rookie Recruit		ไม่เห็นมีใครบอกข้าเลยว่าเป็นทหารมันจะเหนื่อยแบบนี้ ข้าอยากกลับบ้านอ่าแม่!
902	Wang Willie	Chocolate Factory Owner	ข้าทำช็อคโกแลตที่มีรสหวานอร่อยที่สุดในโลก!
903	Melody	Grocer	ยินดีต้อนรับสู่ร้านขายของ <text style="79">[52500903]</text> มักจะไม่ต้องไปซื้อสินค้าถึง <text style="79">[52500157]</text> ที่นี่ข้าก็ได้รับความนิยมอีกด้วย
904	Chalais	Illustrations Appraisers	ดำรงตำแหน่งเป็น <text style="79">[52500248]</text> ช่วยให้เราระบุความสามารถที่เพิ่มขึ้นได้!
905	Benfolio	ร้านพันธมิตร	มิตรภาพสามารถช่วยให้เจ้าแสดงความสามารถออกมาได้อย่างน่าทึ่ง!
906	Hande	Support Troops	ทหารใหม่ทางด้านนั้น ทำให้ข้ามีความพยายาม!
907	Sediment Wolf		
908	Jungle Fugitive		
909	Strand	PVP Shop	ขัดเกลาทักษะฝีมือของตนให้มากกว่าคนอื่นซะ!
910	Saben	Onboard Engineer	สงครามเกิดขึ้นบ่อยครั้ง เรือที่มาซ่อมแซมยิ่งมายิ่งเสียหายหนัก
911	Mysterious Stranger		สถานการณ์ปัจจุบันนี้ทำให้ข้าสับสนไปหมด
912	Lisa	Navy Transport Officer	มหาสมุทรแห่งนี้ไม่ปลอดภัย ข้าต้องถอยก่อนล่ะ
913	Fraga	Fragment Changer	
914	Waite	Navy Supply Officer	
915	Isla	Nautilus Leader	
916	Training Iron Man		
918	Vera	Nutrition Jelly Shop	
919	Energy Strength Crystal		(ผลึกพลังงานที่อาณาจักร Atlantis ใช้เป็นเครื่องสื่อสาร)
920	Hemingway	Strange Fishing	ข้าเป็นนักปรัชญาชาวประมง ณ ที่แห่งนี้
921	Angelina	เจอเรื่องอันตรายตลอด	เขาไม่สนใจข้าแล้ว! 
922	Sea Phantom	ท่าทางแปลกประหลาด	หน้าซีด...ไม่พูดไม่จา)
923	Big Sword	หนักมาก	(รูปทรงโบราญ ด้านบนมีตัวอักษร)
924	Carlos	ปีศาจแห่งนรก	ฮืดดด...ฮาดด..
925	Sea Phantom	อารมณ์ไม่แน่นอน	ทำไมถึงเป็นแบบนี้...
926	Val'kyr	อัศวินบาปกำเนิดในตำนาน	อย่าลืมสิ่งที่กำลังตามหา
927	Loverage Nurse		บาดเจ็บมาเหรอ? นั่งพักที่นี่ก่อนสิ ความเจ็บ~ความปวด~จงหายไป~♪
928	Hired Detective	Hard work	งานนี้ไม่เกี่ยวกับการต่อสู้เลยสักนิด
929	Jensen	Lying on the ground	(ไม่มีการตอบสนอง)
930	Suspicious Ship		
931	Davinci	Kidnapped	ช่วยด้วยยยยยยย
932	Vicious Pirate		
933	Apple	Ultimate Bodyguard	ข้าไม่กลัวแม้แต่น้อย!
934	Keleita	ร้านเสื้อผ้า	เชิญดูได้ตามใจเลย!
935	Edmund	ผู้สนับสนุนโจรสลัด	Atlantic ข้ากลับมาแล้ว!
936	Magellan	ผู้สนับสนุนทหารเรือ	พวกโจรสลัดช่างน่าเกลียดชังยิ่งนัก!
937	Mengsk	ผู้สังเกตการณ์	จะต้องจับตาดูสถานการณ์ Atlantic ให้ดีถึงจะถูก
938	餵鼎腥		
939	海皇城寨傳送員		
940	海皇城寨傳送員		
941	海皇城寨傳送員		
942	雷頓	武器鐵匠	我能打造出媲美傳說等級的裝備喔！
943	萊德	防具鐵匠	我能打造出媲美傳說等級的裝備喔！
944	萊德	防具鐵匠	我能打造出媲美傳說等級的裝備喔！
1000	Young Tiger		
1001	Young Orangutan		เจี๊ยกๆ! เจี๊ยกๆ! (เจ้าลิงอุรังหุตังตัวนี้ดูเหมือนจะมีความสุขอยากให้เจ้าไปกับมัน) 
1002	Emerald Tornado		
1003	Jungle Agent		อู้ว! อู้ว!
1004	Al Timo	Prototype War Weapon 	
1005	Forest Green Eagle		
1006	Sharp snake poison ivy		
1007	non-avaible	No Data	ไม่มีข้อมูล
1008	Craig Firebird		
1009	Jungle Tiger		
1010	Ward Kingkong		
1011	Greenwood Magic Flower		
1012	Toxic Vine		
1013	non-avaible	No Data	ไม่มีข้อมูล
1014	Ancient Civilization Alert Weapon		
1015	Thorn Hammer Bee		
1016	lenka		
1017	Guawa family Dlansman		
1018	Devourer		
1019	Young Orangutan		เจี๊ยกๆ! เจี๊ยกๆ! (เจ้าลิงอุรังหุตังตัวนี้ดูเหมือนจะหิวละนะ บางทีให้มันกินราก <text>[51303007]</text> ได้ไหม?) 
1025	Mysterious Businessman		ข้าเป็นพ่อค้าที่ลึกลับไม่ได้เป็นพ่อค้าที่น่ากลัว!
1026	Madisen	Finding Plato	นึกไม่ถึงว่าสถานที่มีร่องรอยทางประวัติศาสตร์แห่งนี้จะใหญ่ขนาดนี้ ช่างน่าตกใจจริงๆ!
1027	Madisen	Sweat	หุหุ.......ข้าควรจะลดน้ำหนักแล้วหละ.........
1028	Plato	Atlantis Prime Minister	ข้าเป็นผู้ที่แข็งแกร่งที่สุดนับตั้งแต่ก่อตั้งราชอาณาจักรมา ข้าจึงต้องแบกรับอนาคตของราชอาณาจักรAtlasไว้
1029	Plato	Planners	ทุกสรรพสิ่งบนโลกนี้อยู่ในการควบคุมของข้า
1030	Young Tiger		
1031	Young Orangutan		เจี๊ยกๆ! เจี๊ยกๆ! (เจ้าลิงอุรังหุตังตัวนี้ดูเหมือนจะมีความสุขอยากให้เจ้าไปกับมัน) 
1032	Emerald Tornado		
1033	Jungle Agent		อู้ว! อู้ว!
1034	Al Timo	Prototype War Weapon 	
1035	Sharp snake poison ivy		
1036	Craig Firebird		
1037	Ward Kingkong		
1038	Greenwood Magic Flower		
1039	Ancient Civilization Alert Weapon		
1040	Thorn Hammer Bee		
1041	lenka		
1042	Guawa family Dlansman		
1043	Devourer		
1044	Young Orangutan		เจี๊ยกๆ! เจี๊ยกๆ! (เจ้าลิงอุรังหุตังตัวนี้ดูเหมือนจะหิวละนะ บางทีให้มันกินราก <text>[51303007]</text> ได้ไหม?) 
1045	Thorn Hammer Bee		
1046	Long-range Artillery Mech		
1047	Hostage Spider		
1048	Jungle Saboteur		
1049	Gather Ability Field		
1090	Angelina	Misty Eyes	......ลาลาลา! ข้าเป็นสัตว์เลี้ยงตัวน้อย ข้าชอบถูกคนมาเลี้ยง........ลาลาลา!
1093	Fur seal		
1094	Black Plaits Pirates		
1095	Red Horn Pirates Group		
1096	Two Horns Tiger		
1097	Purple Flame Lion		
1098	Fiery Red Bear		
1099	Jade magician		
1100	Davy Jones		
1101	Sea Dragon Warrior		
1102	Gladiator Slave Girl		
1103	Snail		
1104	Rocco	Meadea's Pet	
1105	Medea		
1106	Urouge		
1114	Medea	Sleepless	ข้านั้นอิจฉาแก <text style="79">[52500013]</text> โลกนี้มีข้าอยู่แล้วทั้งคนทำไมถึงต้องมีแกอยู่ด้วยอีกคน?
1115	Medea	Sleepless	....จะมานอนหลับคืนนี้สู้เข้าไปในราชวังเป็นเพื่อนข้าดีกว่า!
1116	Odyssey	Revenge Opportunistic	ถ้าแกกล้ามาทำลายแผนการของข้า ข้าจะฆ่าเจ้าซะข้าไม่ได้ล้อเล่น
1117	Odyssey	Revenge Opportunistic	ถ้าแกกล้ามาทำลายแผนการของข้า ข้าจะฆ่าเจ้าซะข้าไม่ได้ล้อเล่น
1118	Odyssey	Liberator	ไม่ต้องมองมาที่ข้า ข้าจะไม่ช่วยให้เจ้าจัดการกับศัตรู ข้าจะเก็บแรงไว้เพื่อจะจัดการกับ <text style="79">[52500204]</text>
1119	Odyssey	Vile Witch	ขอเพียงแค่ดำเนินการตามแผนการล้างแค้นของข้า แล้วค่อยมารังเกียจแผนการของข้า
1120	Fur seal		
1121	Black Plaits Pirates		
1122	Red Horn Pirates Group		
1123	Two Horns Tiger		
1124	Purple Flame Lion		
1125	Fiery Red Bear		
1126	Jade magician		
1127	Davy Jones		
1128	Sea Dragon Warrior		
1129	Gladiator Slave Girl		
1130	Snail		
1131	Rocco	Meadea's Pet	
1132	Medea		
1133	Urouge		
1134	砍刀機關		
1135	砍刀機關受擊者		
1137	傑森	海盜皇帝	
1180	Iceberg Turtle		
1181	Polar ape		
1182	Blue Ocean soul		
1183	Moor Slime		
1184	Blind Hound		
1185	Flash Snail		
1186	Fur seal		
1187	Crystal Bibi		
1188	Crusty Bone Fish		
1189	Polar deer		
1190	Blue Sea Snake		
1191	Floating Island Jellyfish		
1192	Temple Snake		
1193	Allure Enchantress		
1194	Odyssey	Witch Pirate 	เจ้าเป็นพันธมิตรหรือศัตรูกับข้ากันหละ?
1195	Sea Phantom	Vigilance	แม่มดโจรสลัดเต็มไปด้วยอุบายเล่ห์เหลี่ยมมากมายไม่อาจประเมินได้
1196	Odyssey	Pride	แม้ว่าเจ้าจะร่วมมือกับ <text style="79">[52500087]</text> ข้าก็ไม่กลัว
1197	Odyssey	Witch Pirate 	เจ้ายังไม่ตายช่างโชคดีจริงๆ
1198	Odyssey	Witch Pirate 	แกยังมีชีวิตอยู่ช่างมหัศจรรย์จริงๆ
1199	Sea Phantom	Brave Enemies	อย่ามาขัดขวางการประลองของพวกข้า!
1200	Laura	Treasure Hunter	อยากจะรู้ว่าต้องทำอย่างจึงจะผ่านรังด้วงศีกดิ์สิทธิ์นีได้ ช่วยสอนข้าทีเถอะ!
1210	Odyssey	Witch Pirate 	อย่ามาขัดขวางการประลองของพวกข้า!
1211	Sea Phantom	Brave Enemies	เฮ้อ
1212	Odyssey	Witch Pirate 	อย่ามาขวางทาง!
1213	Laura	Dating Man	ข้าได้จองสถานที่โปรดของข้าซึ่งเต็มไปด้วยอันตรายไว้แล้ว
1214	Laura	Treasure Hunter	แกดู สมบัติที่จมหายไปอยู่ข้างหน้านี่แล้ว 
1215	Blue Ocean soul	Summon	
1220	Iceberg Turtle		
1221	Polar ape		
1222	Blue Ocean soul		
1223	Moor Slime		
1224	Blind Hound		
1225	Flash Snail		
1226	Fur seal		
1227	Crystal Bibi		
1228	Crusty Bone Fish		
1229	Polar deer		
1230	Blue Sea Snake		
1231	Floating Island Jellyfish		
1232	Temple Snake		
1233	Allure Enchantress		
1234	蟑螂2隻		
1235	蟑螂3隻		
1236	泡泡怪物		
1237	蟑螂		
1238	海怪巢穴 - 落石機關		
1239	海怪巢穴 - 落石機關(擊倒)		
1240	泡泡怪物		
1241	Blue Ocean soul	Summon	
1270	Dark soul		
1271	Sewer Iron Man		
1272	Steam Iron Man		
1273	Blitz Veteran		
1274	Skeleton Sseaman		
1275	Skeleton Chiliarch		
1276	Skeleton Mate		
1277	Skeleton Captain		
1278	Empire Armoured Car		
1279	Bomb shell Spider		
1280	Dark soul		
1281	Refugees		ข้ากลัวแล้ว ช่วยข้าด้วย!
1282	Refugees		ที่นี่มีสัตว์ประหลาดเยอะมากควรจะทำยังไงกันดี!
1283	Refugees		ช่วยด้วย! ช่วยข้าด้วย!
1284	Steam Iron Man		
1285	Skeleton Mate		
1286	Dark soul		
1300	Dark soul		
1301	Sewer Iron Man		
1302	Steam Iron Man		
1303	Blitz Veteran		
1304	Skeleton Sseaman		
1305	Skeleton Chiliarch		
1306	Skeleton Mate		
1307	Skeleton Captain		
1308	Empire Armoured Car		
1309	Bomb shell Spider		
1310	Dark soul		
1311	Refugees		ข้ากลัวแล้ว ช่วยข้าด้วย!
1312	Refugees		ที่นี่มีสัตว์ประหลาดเยอะมากควรจะทำยังไงกันดี!
1313	Refugees		ช่วยด้วย! ช่วยข้าด้วย!
1314	Steam Iron Man		
1315	Skeleton Mate		
1316	Dark soul		
1360	Red Flame Demon Wolf		
1361	Hell King Kong		
1362	Fire magic		
1363	Flame Mountains deer		
1364	Earth Flame Dragon		
1365	Razor Blackhawk		
1366	Remains Bibi		
1367	Hell Dragon Majin		
1368	Fire Euglena		
1369	Red Wicked Eyes		
1370	Phosphor powder Banshee		
1371	Bat Banshee		
1372	Hell Ghoul		
1373	Hell Ghost		
1374	Dante		
1375	Spray Lava	Monster 	
1376	Spray Lava Abused	Monster 	
1377	Angelina	Dante's Grandson	ข้าเป็นห่วงอาการของปู่ <text style="79">[52500333]</text> มากเลย.......
1378	Sea Phantom	Combative	คู่ต่อสู้แข็งแกร่งทำให้ข้าฮึกเหิมมากขึ้น
1379	Dante	Sin Warrior	ฆ่าฆ่าฆ่าฆ่าฆ่าฆ่าฆ่าฆ่าฆ่าฆ่าฆ่าฆ่า!
1380	Val'kyr	Ultimate Demon	ข้าต้องไปช่วยลูกของข้า
1381	Angelina	Pirate Princess	ทำไมเขามักจะหลบๆ ข้านะ?
1382	Angelina	Pure Love Princess	เจตจำนงของข้านั้นสุดท้ายเขาจะเข้าใจหรือไม่เข้าใจกันแน่นะ?
1383	Sea Phantom	Brave Enemies	มาเถอะ! นี่คือความฝันที่เจ้าตามหา
1384	Poseidon Instrument		(ร่าง Poseidon ซ่อนในใต้ดินอย่างปลอดภัย)
1385	Siren	Poseidon's Daughter	ในที่สุดข้าก็นำสมบัติของพ่อกลับมา
1386	Val'kyr	Dante's Mum	ดูเหมือนว่าข้าจะได้ยินเสียงของ <text style="79">[52500073]</text>
1387	Sea Phantom	Brave Enemies	มาเถอะ! นี่คือความฝันที่เจ้าตามหา
1388	Dante	Enchanted	ฆ่าฆ่าฆ่าฆ่าฆ่าฆ่าฆ่าฆ่าฆ่าฆ่าฆ่าฆ่า!
1389	Sea Phantom	Defeat	ไม่ได้.....ข้าจะแพ้ไม่ได้
1390	Red Flame Demon Wolf		
1391	Hell King Kong		
1392	Fire magic		
1393	Flame Mountains deer		
1394	Earth Flame Dragon		
1395	Razor Blackhawk		
1396	Hell Dragon Majin		
1397	Red Wicked Eyes		
1398	Phosphor powder Banshee		
1399	Bat Banshee		
1400	Hell Ghoul		
1401	Hell Ghost		
1402	Dante		
1450	Sediment Wolf		
1451	Lion pirates		
1452	Mad Cow Pirates		
1453	Odyssey		
1454	Walrus general		
1455	Rhinoceros Air thief group		
1456	Plato		
1457	Death Hourglass		
1458	Extreme Magnetic Gun		
1459	Electrical Soldier		
1460	Akejim		
1461	Dragon Air Thief		
1462	Protect City  Mech		
1463	Air Thief Meteor Mech		
1464	Navy guns Mech		
1465	Golden Cat Navy Group		
1466	Women Air thief group		
1467	Penguin Corporal		
1468	Penguin Master Sergeant		
1469	Remains Guardian		
1470	Nightmare Guardian		
1471	Nora Jana Sword		
1475	Mine Car		
1477	Odyssey	Wrath Witch	ในสายตาของเจ้าข้าอาจจะเป็นแค่ผีที่เต็มไปด้วยความอาฆาต
1478	Odyssey	Lonely Witch	ถ้าหากว่าข้ามีสหายผู้ไม่เคยคิดทรยศเช่นนี้ ควรจะมีไว้มากๆ
1479	Odyssey	Pride	ถ้ามีสหายที่ไม่จริงใจต่อกัน ข้าขออยู่คนเดียวดีกว่า
1480	Plato	Angry Prime Minister	เจ้าคาดหวังในตัวข้าเกินไปแล้ว!
1481	Odyssey	Freedom	ติดตามข้ามาถึงจะได้อิสระอย่างแท้จริง
1482	Plato	Expect Salvation	ยังไม่ได้หยุดยั้ง <text style="79">[52500013]</text> เลย เดี๋ยวจะไม่ทันการเอานะ!
1483	Odyssey	Waiting for someone to help	ถ้าหากว่าแกสามารถขัดขวางความฝันข้าได้ ก็เข้ามา!
1484	Plato	Genius Prime Minister	อีกแค่ไม่กี่ก้าวเท่านั้นความฝันของข้าก็จะเป็นจริง
1485	Plato	Greedy	ข้าต้องการที่จะมีความรู้เกี่ยวกับจักรวาลทั้งหมด
1486	Plato	Ambitious	ทิ้ง <text style="79">[52500013]</text> ซะเป็นทางเลือกที่ดีที่สุดของแกแล้ว
1487	Odyssey	Angry Witch	ที่แกทรยศนั้นข้าโกรธจริง
1488	Plato	Utopia King	เป็นเกียรติกับเจ้ามากที่ได้มาดูการเกิดของยูโทเปีย
1489	Odyssey	Turn the Tide	ยังไม่ได้หยุดยั้ง <text style="79">[52500052]</text> เลย เดี๋ยวจะไม่ทันการเอานะ!
1490	Plato	Runaway Ambition	อย่าพยายามอีกเลย! เข้าไปในยูโทเปียอันสวยงามด้วยกันดีกว่า!
1491	Sediment Wolf		
1492	Lion pirates		
1493	Mad Cow Pirates		
1494	Walrus general		
1495	Rhinoceros Air thief group		
1496	Death Hourglass		
1497	Extreme Magnetic Gun		
1498	Electrical Soldier		
1499	Akejim		
1500	Dragon Air Thief		
1501	Protect City  Mech		
1502	Air Thief Meteor Mech		
1503	Navy guns Mech		
1504	Golden Cat Navy Group		
1505	Women Air thief group		
1506	Penguin Corporal		
1507	Penguin Master Sergeant		
1508	Remains Guardian		
1509	Nightmare Guardian		
1510	Nora Jana Sword		
1514	Mine Car		
1570	Slave Gladiator		
1571	Drunk wolf pirates		
1572	Lion pirates		
1573	Mad Cow Pirates		
1574	Desert Wolf Pirates		
1575	Slave Gladiator		
1576	Slave Gladiator		
1577	Slave Gladiator		
1578	Earth Ripper		
1579	Slave Gladiator		
1580	Walrus pirates		
1581	Slave Gladiator		
1582	Forest Demon		
1583	Dragon Gladiator		
1584	Beirut	Ice Witch	
1585	Catwoman Pirate Person		
1586	Craig Firebird		
1587	Heaven Island Bird		
1600	Fur seal		
1601	Lion pirates		
1602	Lion pirates		
1603	Lion pirates		
1604	Red Blood Giant Anchor‧Roon		
1605	Green scales pirates		
1606	Cannon Tower		
1607	Catwoman Sniper		
1608	Catwoman Sniper		
1609	Cruise	Ocean Lord	
1610	Green scales pirates		
1611	Machine Gun (station monster)		
1612	Artillery (station monster)		
1613	Fortress Door		
1614	Navy Traitor		ท้องฟ้าสดใสอาทิตย์สาดแสงแดงทั่วแผ่นดิน~~ ข้าไม่ใช้NPC นำทางนะ~~
1630	Rock turtle		
1631	Sand dragon		
1632	Sharp snake poison ivy		
1633	Desert Eagle		
1634	Craig Firebird		
1635	Tornado Eagle		
1636	Say	Fighter	อยากจะแข็งแกร่งก็ต้องอย่าหยุดปฎิบัติ!
1637	Say	Fighter	ข้าต้องแข็งแกร่งยิ่งกว่านี้!
1660	Rock turtle		
1661	Penguin Staff Sergeant		
1662	Sparkler Antelope		
1663	Desert Eagle		
1664	Thorn Hammer Bee		
1665	Angry Red Bear		
1666	Touro	Morgan Pirate	ท่านผู้นำกองทัพที่ยิ่งใหญ่สั่งให้ข้ามาเฝ้ายังเกาะแห่งนี้
1667	Touro	Morgan Pirate	ใครคิดกล้าทรยศท่านผู้นำกองทำข้าจะฆ่ามันซะ!
1690	Gordon	Adventurer	แม้จะมีเพียงคนเดียวก็ยังกล้าออกมา
1691	Gordon	Adventurer	ลุยคนเดียวมันลำบากหน่อย ครั้งหน้าต้องหาเพื่อนมาร่วมผจญภัยละหละ
1692	Remains Tiger		
1693	Ruin  sharp  Snake		
1694	Ward Kingkong		
1695	Craig Firebird		
1696	Warning Gun Tower		
1720	Naomi	North Bay's Fox	ฉันต้องใช้กลยุทธ์ที่จะเอาชนะการแข่งขันชิงแชมป์นี้
1721	Naomi	North Bay's Fox	อา....ข้าชนะแน่นอน
1731	Spray Burglar Cat		.....
1732	Mountain Deer		.....
1734	Catwoman Sniper		.....
1742	Sediment Wolf		
1743	Drunk wolf pirates		
1744	Lion pirates		
1745	Mad Cow Pirates		
1746	Desert Wolf Pirates		
1747	Two Horns Tiger		
1748	Purple Flame Lion		
1749	Wild ape		
1750	Sparkler Antelope		
1751	Walrus pirates		
1752	Steel blade Eagle		
1753	Forest Demon		
1754	Dragon Gladiator		
1755	Catwoman Pirate Person		
1756	Craig Firebird		
1757	Heaven Island Bird		
1760	Fur seal		
1761	Lion pirates		
1762	Lion pirates		
1763	Lion pirates		
1764	Red Blood Giant Anchor Roon		
1765	Green scales pirates		
1766	Cannon Tower		
1767	Catwoman Sniper		
1768	Catwoman Sniper		
1769	Cruise		
1770	Green scales pirates		
1771	機槍(機關怪物)		
1772	大砲(機關怪物)		
1773	Fortress Door		
1774	Navy Traitor		ท้องฟ้าสดใสอาทิตย์สาดแสงแดงทั่วแผ่นดิน~~ ข้าไม่ใช้NPC นำทางนะ~~
1790	Clemmens	Elite Adventurers	
1791	Ileana	Elite Adventurers	
1792	Lowe	Elite Adventurers	
1793	Josi	Elite Adventurers	
1794	Maryland	Elite Adventurers	
1795	Matida	Elite Adventurers	
1796	Edmure	Elite Adventurers	
1797	Mantey	Elite Adventurers	
1810	Sharp snake poison ivy		
1811	Tunnel Viper		
1812	Tunnel Serpent		
1820	Gelland		
1821	Gelland Teeth		
1822	Black Blood Pirates		
1823	Black Blood Pirates		
1824	Black Blood Pirates		
1825	Black Blood Evil		
1850	Elite Raider		
1851	Elite Raider		
1852	Elite Raider		
1853	Elite Raider		
1854	Elite Raider		
1855	Elite Raider		
1856	Elite Raider		
1857	Elite Raider		
1860	Elite Raider		
1861	Elite Raider		
1862	Elite Raider		
1863	Elite Raider		
1864	Elite Raider		
1865	Elite Raider		
1866	Elite Raider		
1867	Elite Raider		
1870	Elite Raider		
1871	Elite Raider		
1872	Elite Raider		
1873	Elite Raider		
1874	Elite Raider		
1875	Elite Raider		
1876	Elite Raider		
1877	Elite Raider		
1880	Slave Gladiator		
1881	Drunk wolf pirates		
1882	Lion pirates		
1883	Mad Cow Pirates		
1884	Desert Wolf Pirates		
1885	Slave Gladiator		
1886	Slave Gladiator		
1887	Slave Gladiator		
1888	Earth Ripper		
1889	Slave Gladiator		
1890	Walrus pirates		
1891	Slave Gladiator		
1892	Forest Demon		
1893	Dragon Gladiator		
1894	Beirut		
1895	Catwoman Pirate Person		
1896	Craig Firebird		
1897	Heaven Island Bird		
1900	Elite Raider		
1901	Elite Raider		
1902	Elite Raider		
1903	Elite Raider		
1904	Elite Raider		
1905	Elite Raider		
1906	Elite Raider		
1907	Elite Raider		
1910	Elite Raider		
1911	Elite Raider		
1912	Elite Raider		
1913	Elite Raider		
1914	Elite Raider		
1915	Elite Raider		
1916	Elite Raider		
1917	Elite Raider		
1920	Siren		<text style="79" path="925">[52500925]</text>  เกือบจะเปิดใช้อาวุธแห่งยุค Empire of Mu ได้แล้ว ก่อนที่จะต่อสู้กับพวกมัน ทางที่ดีที่สุดไปปิด Energy Crystal ก่อนดีกว่า ไม่แน่อาจจะโดนการโจมตีของทั้งสองพร้อมกัน มองเห็นรอยแยกแห่งการเวลาด้านล่างนั่นไหม? เหล่าทหารเหล็กคอยอยู่ตรงนั้นไม่ห่าง โจมตีรอยแยกนั้นก่อนจนกว่ามันจะออกแรงลงจะดีกว่า
1921	Sea Phantom	ปล่อยเนื้อปล่อยตัว	
1922	Sea Phantom	หมาไม่มีบ้าน	
1923	Poseidon Instrument		เสียบลงบนพื้นเบาๆ
1924	Al Timo	เครื่องติดตามทดลอง	
1925	Al Timo	เครื่องทดสอบยิง	
1926	Siren	กินป๊อปคอร์ด	
1927	Empire Of Mu Siege Gun	กินอันนี้แหละ!!	
1928	Remains Guardian		
1929	Space Crack	ตีข้าให้แตกสิ~!!!!	
1930	Remains Iron Guard	เฮอ เฮอ	
1931	Energy Ball	หลีกไป!!	
1932	Energy Ball	หลีกไป!!	
1935	Fire Tower		
2000	Sediment Wolf		.....
2001	Sediment Wolf		.....
2002	Sediment Wolf		.....
2003	Sediment Wolf		.....
2004	Drunk wolf pirates		.....
2005	Drunk wolf pirates		.....
2006	Drunk wolf pirates		.....
2007	Drunk wolf pirates		.....
2008	Lion pirates		.....
2009	Lion pirates		.....
2010	Lion pirates		.....
2011	Lion pirates		.....
2012	Black braids Pirates		.....
2013	Red Horn Bull		.....
2014	Two Horns Tiger		.....
2015	Ned apes		.....
2016	Ward Kingkong		.....
2017	Ward Kingkong		.....
2018	Greenwood Magic Flower		.....
2019	Greenwood Magic Flower		.....
2020	Greenwood Magic Flower		.....
2021	Toxic Vine		.....
2022	Toxic Vine		.....
2023	Toxic Vine		.....
2024	Mountain Deer		.....
2025	Mountain Deer		.....
2026	Mountain Deer		.....
2027	Mountain Deer		.....
2028	Sparkler Antelope		.....
2029	Sparkler Antelope		.....
2030	Rock turtle		.....
2031	Rock turtle		.....
2032	Rock turtle		.....
2033	Rock turtle		.....
2034	Sand dragon		.....
2035	Sand dragon		.....
2036	Sand dragon		.....
2037	Swamp Tortoise		.....
2038	Swamp Tortoise		.....
2039	Angry Red Bear		.....
2040	Desert Eagle		.....
2041	Desert Eagle		.....
2042	Desert Eagle		.....
2043	Desert Eagle		.....
2044	lenka		.....
2045	lenka		.....
2046	lenka		.....
2047	Dragon Gladiator		.....
2048	Dragon Gladiator		.....
2049	Dragon Gladiator		.....
2050	Gladiator Slave Girl		.....
2051	Gladiator Slave Girl		.....
2052	Gladiator Slave Girl		.....
2053	Gladiator Slave Girl		.....
2054	Craig Firebird		.....
2055	Craig Firebird		.....
2056	Craig Firebird		.....
2057	Sharp snake poison ivy		.....
2058	Sharp snake poison ivy		.....
2059	Sharp snake poison ivy		.....
2060	Orc		.....
2061	Orc		.....
2062	Fighting Fish soldier		.....
2063	Fighting Fish soldier		.....
2064	Fighting Fish soldier		.....
2065	Fighting Fish soldier		.....
2066	Scythe beetle		.....
2067	Scythe beetle		.....
2068	Thorn Hammer Bee		.....
2069	Thorn Hammer Bee		.....
2070	Thorn Hammer Bee		.....
2071	Red Horn Bull		.....
2072	Red Horn Bull		.....
2073	Red Horn Bull		.....
2074	Angry Red Bear		.....
2075	Angry Red Bear		.....
2076	Angry Red Bear		.....
2077	Sediment Wolf		.....
2078	Sediment Wolf		.....
2079	Sediment Wolf		.....
2080	Sediment Wolf		.....
2081	Two Horns Tiger		.....
2082	Ned King Kong		.....
2083	Ward Kingkong		.....
2084	Ward Kingkong		.....
2085	Greenwood Magic Flower		.....
2086	Greenwood Magic Flower		.....
2087	Greenwood Magic Flower		.....
2088	Toxic Vine		.....
2089	Toxic Vine		.....
2090	Toxic Vine		.....
2091	Mountain Deer		.....
2092	Mountain Deer		.....
2093	Mountain Deer		.....
2094	Mountain Deer		.....
2095	Sparkler Antelope		.....
2096	Sparkler Antelope		.....
2097	Rock turtle		.....
2098	Rock turtle		.....
2099	Rock turtle		.....
2100	Rock turtle		.....
2101	Sand dragon		.....
2102	Sand dragon		.....
2103	Sand dragon		.....
2104	Swamp Tortoise		.....
2105	Swamp Tortoise		.....
2106	Desert Eagle		.....
2107	Desert Eagle		.....
2108	Desert Eagle		.....
2109	Desert Eagle		.....
2110	lenka		.....
2111	lenka		.....
2112	lenka		.....
2113	Sharp snake poison ivy		.....
2114	Sharp snake poison ivy		.....
2115	Sharp snake poison ivy		.....
2116	Fighting Fish soldier		.....
2117	Fighting Fish soldier		.....
2118	Fighting Fish soldier		.....
2119	Fighting Fish soldier		.....
2120	Scythe beetle		.....
2121	Scythe beetle		.....
2122	Thorn Hammer Bee		.....
2123	Thorn Hammer Bee		.....
2124	Thorn Hammer Bee		.....
2125	Martyr No.1		.....
2126	Martyr No.2		.....
2127	Tornado Eagle		.....
2128	Fighting Fish Sergeant		.....
2129	Fiery Red Bear		.....
2130	Sharp snake poison ivy		.....
2131	Dragon Gladiator		.....
2132	Orc Chief 		.....
2133	Orc Chief 		.....
2134	Navy Guard		.....
2135	Navy Guard		.....
2136	Navy Guard		.....
2137	Navy Guard		.....
2138	Strike Navy Guard		.....
2139	Strike Navy Guard		.....
2140	Strike Navy Guard		.....
2141	Strike Navy Guard		.....
2142	Naval officer		.....
2143	Naval officer		.....
2144	Naval officer		.....
2145	Naval officer		.....
2146	Higher Naval officer		.....
2147	Higher Naval officer		.....
2148	Higher Naval officer		.....
2149	Higher Naval officer		.....
2150	Golden Cat Navy Group		.....
2151	Golden Cat Navy Group		.....
2152	Golden Cat Navy Group		.....
2153	Penguin Sergeant		.....
2154	Penguin Sergeant		.....
2155	Penguin Sergeant		.....
2156	Penguin Staff Sergeant		.....
2157	Penguin Staff Sergeant		.....
2158	Penguin Staff Sergeant		.....
2159	Mo Yuzi		.....
2160	Mo Yuzi		.....
2161	Mo Yuzi		.....
2162	World Eagle		.....
2200	Fur seal		.....
2201	Fur seal		.....
2202	Fur seal		.....
2203	Fur seal		.....
2204	Blind Hound		.....
2205	Blind Hound		.....
2206	Blind Hound		.....
2207	Blind Hound		.....
2208	Drunk wolf pirates		.....
2209	Drunk wolf pirates		.....
2210	Drunk wolf pirates		.....
2211	Black braids Pirates		.....
2212	Black braids Pirates		.....
2213	Black braids Pirates		.....
2214	Steel Horn Bull		.....
2215	Steel Horn Bull		.....
2216	Steel Horn Bull		.....
2217	Ned King Kong		.....
2218	Ned King Kong		.....
2219	Ned King Kong		.....
2220	Ned King Kong		.....
2221	Polar ape		.....
2222	Polar ape		.....
2223	Polar ape		.....
2224	Polar ape		.....
2225	Polar Ape		.....
2226	Polar Ape		.....
2227	Polar Ape		.....
2228	Wild ape		.....
2229	Wild ape		.....
2230	Wild ape		.....
2231	Charm Felvine		.....
2232	Charm Felvine		.....
2233	Charm Felvine		.....
2234	Charm Felvine		.....
2235	Polar deer		.....
2236	Polar deer		.....
2237	Polar deer		.....
2238	Polar deer		.....
2239	Prairie deer		.....
2240	Prairie deer		.....
2241	Prairie deer		.....
2242	Prairie deer		.....
2243	Iceberg Turtle		.....
2244	Iceberg Turtle		.....
2245	Iceberg Turtle		.....
2246	Iceberg Turtle		.....
2247	Polar Giant Turtle		.....
2248	Polar Giant Turtle		.....
2249	Polar Giant Turtle		.....
2250	Walrus general		.....
2251	Walrus general		.....
2252	Walrus general		.....
2253	Spear Walrus		.....
2254	Spear Walrus		.....
2255	Spear Walrus		.....
2256	Raspberry Bibi		.....
2257	Raspberry Bibi		.....
2258	Raspberry Bibi		.....
2259	Raspberry Bibi		.....
2260	Crystal Bibi		.....
2261	Crystal Bibi		.....
2262	Crystal Bibi		.....
2263	Crystal Bibi		.....
2264	Davy Jones		.....
2265	Davy Jones		.....
2266	Davy Jones		.....
2267	Sea Dragon Warrior		.....
2268	Sea Dragon Warrior		.....
2269	Sea Dragon Warrior		.....
2270	Crusty Bone Fish		.....
2271	Crusty Bone Fish		.....
2272	Crusty Bone Fish		.....
2273	Crusty Bone Fish		.....
2274	Blue Sea Snake		.....
2275	Blue Sea Snake		.....
2276	Blue Sea Snake		.....
2277	Blue Sea Snake		.....
2278	Curse Harpy		.....
2279	Curse Harpy		.....
2280	Curse Harpy		.....
2281	Voodoo Troll		.....
2282	Voodoo Troll		.....
2283	Voodoo Troll		.....
2284	Savage troll		.....
2285	Savage troll		.....
2286	Savage troll		.....
2287	Voodoo butcher		.....
2288	Voodoo butcher		.....
2289	Voodoo butcher		.....
2290	Penguin Corporal		.....
2291	Penguin Corporal		.....
2292	Penguin Corporal		.....
2293	Penguin Koro		.....
2294	Penguin Koro		.....
2295	Penguin Koro		.....
2296	Penguin Colonel		.....
2297	Penguin Colonel		.....
2298	Penguin Colonel		.....
2299	Snail		.....
2300	Snail		.....
2301	Snail		.....
2302	Snail		.....
2303	Deep Sea Snail		.....
2304	Deep Sea Snail		.....
2305	Deep Sea Snail		.....
2306	Deep Sea Snail		.....
2307	Hard ShellSnail		.....
2308	Blue Snail		.....
2309	M Gu Clansman		.....
2310	M Gu Chieftain		.....
2311	Sea Dragon Warrior		.....
2312	Sea Dragon Warrior		.....
2313	Sea Dragon Warrior		.....
2314	Double Sword Fighter		.....
2315	Double Sword Fighter		.....
2316	Double Sword Fighter		.....
2317	Armed Guard		.....
2318	Armed Guard		.....
2319	Armed Guard		.....
2320	Armed Gunmen		.....
2321	Armed Gunmen		.....
2322	Armed Gunmen		.....
2323	Heavy Double Sword		.....
2324	Heavy Double Sword		.....
2325	Heavy Double Sword		.....
2326	Drunk wolf pirates		.....
2327	Drunk wolf pirates		.....
2328	Penguin Corporal		.....
2400	Exotic Demon Wolf		.....
2401	Exotic Demon Wolf		.....
2402	Exotic Demon Wolf		.....
2403	Exotic Demon Wolf		.....
2404	Exotic Demon Wolf		.....
2405	Exotic Demon Wolf		.....
2406	Exotic Demon Wolf		.....
2407	Red Flame Demon Wolf		.....
2408	Red Flame Demon Wolf		.....
2409	Red Flame Demon Wolf		.....
2410	Red Flame Demon Wolf		.....
2411	Red Flame Demon Wolf		.....
2412	Red Flame Demon Wolf		.....
2413	Red Flame Demon Wolf		.....
2414	Blue Tiger		.....
2415	Blue Tiger		.....
2416	Blue Tiger		.....
2417	Blue Tiger		.....
2418	Blue Tiger		.....
2419	Blue Tiger		.....
2420	Blue Tiger		.....
2421	Hell King Kong		.....
2422	Hell King Kong		.....
2423	Hell King Kong		.....
2424	Hell King Kong		.....
2425	Hell King Kong		.....
2426	Hell King Kong		.....
2427	Hell King Kong		.....
2428	Fire magic		.....
2429	Fire magic		.....
2430	Fire magic		.....
2431	Fire magic		.....
2432	End date Flower		.....
2433	End date Flower		.....
2434	End date Flower		.....
2435	End date Flower		.....
2436	Flame Mountains deer		.....
2437	Flame Mountains deer		.....
2438	Flame Mountains deer		.....
2439	Flame Mountains deer		.....
2440	Nightmare Claw beast		.....
2441	Nightmare Claw beast		.....
2442	Nightmare Claw beast		.....
2443	Nightmare Claw beast		.....
2444	Earth Flame Dragon		.....
2445	Earth Flame Dragon		.....
2446	Earth Flame Dragon		.....
2447	Earth Flame Dragon		.....
2448	Blue Ocean soul		.....
2449	Blue Ocean soul		.....
2450	Blue Ocean soul		.....
2451	Dark soul		.....
2452	Dark soul		.....
2453	Dark soul		.....
2454	Dark soul		.....
2455	Dark soul		.....
2456	Dark soul		.....
2457	Captain Golem		.....
2458	Captain Golem		.....
2459	Captain Golem		.....
2460	Captain Golem		.....
2461	Captain Golem		.....
2462	Captain Golem		.....
2463	Razor Blackhawk		.....
2464	Razor Blackhawk		.....
2465	Razor Blackhawk		.....
2466	Razor Blackhawk		.....
2467	Remains Bibi		.....
2468	Remains Bibi		.....
2469	Remains Bibi		.....
2470	Remains Bibi		.....
2471	Jade magician		.....
2472	Jade magician		.....
2473	Jade magician		.....
2474	Hell Dragon Majin		.....
2475	Hell Dragon Majin		.....
2476	Hell Dragon Majin		.....
2477	Hell Dragon Majin		.....
2478	Hell Dragon Majin		.....
2479	Hell Dragon Majin		.....
2480	Fire Euglena		.....
2481	Fire Euglena		.....
2482	Fire Euglena		.....
2483	Phosphor powder Banshee		.....
2484	Phosphor powder Banshee		.....
2485	Phosphor powder Banshee		.....
2486	Hell Ghoul		.....
2487	Hell Ghoul		.....
2488	Hell Ghoul		.....
2489	Hell Ghost		.....
2490	Hell Ghost		.....
2491	Hell Ghost		.....
2492	Gentry Platypus		.....
2493	Gentry Platypus		.....
2494	Gentry Platypus		.....
2495	Gentry Platypus		.....
2496	Skeleton Sseaman		.....
2497	Skeleton Sseaman		.....
2498	Skeleton Sseaman		.....
2499	Skeleton Chiliarch		.....
2500	Skeleton Chiliarch		.....
2501	Skeleton Chiliarch		.....
2502	Skeleton Chiliarch		.....
2503	Skeleton Chiliarch		.....
2504	Skeleton Chiliarch		.....
2505	Skeleton Mate		.....
2506	Skeleton Mate		.....
2507	Skeleton Mate		.....
2508	Skeleton Captain		.....
2509	Skeleton Captain		.....
2510	Skeleton Captain		.....
2511	Red blood Bee		.....
2512	Red blood Bee		.....
2513	Red blood Bee		.....
2514	Red blood Bee		.....
2515	Fire Euglena		.....
2516	Saved No.1		.....
2517	Saved No.2		.....
2518	Saved No.3		.....
2600	Subjugation Enchantress		.....
2601	Subjugation Enchantress		.....
2602	Subjugation Enchantress		.....
2603	Walrus pirates		.....
2604	Walrus pirates		.....
2605	Walrus pirates		.....
2606	Drake Thief Member		.....
2607	Drake Thief Member		.....
2608	Drake Thief Member		.....
2609	Rhinoceros Air thief group		.....
2610	Rhinoceros Air thief group		.....
2611	Rhinoceros Air thief group		.....
2612	Steel blade Eagle		.....
2613	Steel blade Eagle		.....
2614	Steel blade Eagle		.....
2615	Steel blade Eagle		.....
2616	Steel blade Eagle		.....
2617	Steel blade Eagle		.....
2618	Steel blade Eagle		.....
2619	Flying Rat Sapphire		.....
2620	Flying Rat Sapphire		.....
2621	Flying Rat Sapphire		.....
2622	Flying Rat Sapphire		.....
2623	Death Hourglass		.....
2624	Death Hourglass		.....
2625	Death Hourglass		.....
2626	Magnetic Gun		.....
2627	Magnetic Gun		.....
2628	Magnetic Gun		.....
2629	Extreme Magnetic Gun		.....
2630	Extreme Magnetic Gun		.....
2631	Extreme Magnetic Gun		.....
2632	Empty Island Adventure Cat		.....
2633	Empty Island Adventure Cat		.....
2634	Empty Island Adventure Cat		.....
2635	Spray Burglar Cat		.....
2636	Spray Burglar Cat		.....
2637	Spray Burglar Cat		.....
2638	Akejim		.....
2639	Akejim		.....
2640	Akejim		.....
2641	Dragon Air Thief		.....
2642	Dragon Air Thief		.....
2643	Dragon Air Thief		.....
2644	Navy Two Tripods		.....
2645	Navy Two Tripods		.....
2646	Navy Two Tripods		.....
2647	Navy Two Tripods		.....
2648	Navy Tiger Mech		.....
2649	Navy Tiger Mech		.....
2650	Navy Tiger Mech		.....
2651	Navy Tiger Mech		.....
2652	Pirates blitz Mech		.....
2653	Pirates blitz Mech		.....
2654	Pirates blitz Mech		.....
2655	Pirates blitz Mech		.....
2656	Air Thief Meteor Mech		.....
2657	Air Thief Meteor Mech		.....
2658	Air Thief Meteor Mech		.....
2659	Air Thief Meteor Mech		.....
2660	Navy guns Mech		.....
2661	Navy guns Mech		.....
2662	Navy guns Mech		.....
2663	Navy guns Mech		.....
2664	Golden Cat Navy Group		.....
2665	Golden Cat Navy Group		.....
2666	Golden Cat Navy Group		.....
2667	Women Air thief group		.....
2668	Women Air thief group		.....
2669	Women Air thief group		.....
2670	Jade Euglena		.....
2671	Jade Euglena		.....
2672	Jade Euglena		.....
2673	Jade Euglena		.....
2674	Angel Sheep		.....
2675	Angel Sheep		.....
2676	Angel Sheep		.....
2677	Angel Sheep		.....
2678	Red Flame Creeper		.....
2679	Red Flame Creeper		.....
2680	Red Flame Creeper		.....
2681	Red Flame Creeper		.....
2682	Red Flame Creeper		.....
2683	Red Flame Creeper		.....
2684	Red Flame Creeper		.....
2685	Temple Snake		.....
2686	Temple Snake		.....
2687	Temple Snake		.....
2688	Temple Snake		.....
2689	Heaven Island Bird		.....
2690	Heaven Island Bird		.....
2691	Heaven Island Bird		.....
2692	Penguin Sergeant		.....
2693	Penguin Sergeant		.....
2694	Penguin Sergeant		.....
2695	Sunry beetle		.....
2696	Sunry beetle		.....
2697	Sunry beetle		.....
2698	Sunry beetle		.....
2699	Blue Beetle		.....
2700	Blue Beetle		.....
2701	Blue Beetle		.....
2702	Blue Beetle		.....
2703	Remains Guardian		.....
2704	Remains Guardian		.....
2705	Remains Guardian		.....
2706	Royal Iron Guard		.....
2707	Royal Iron Guard		.....
2708	Royal Iron Guard		.....
2709	Royal Iron Guard		.....
2710	Royal Iron Guard		.....
2711	Royal Iron Guard		.....
2712	Nightmare Guardian		.....
2713	Nightmare Guardian		.....
2714	Nightmare Guardian		.....
2715	Alloy black priest		.....
2716	Alloy black priest		.....
2717	Alloy black priest		.....
2718	Saved No.1		.....
2719	Saved No.2		.....
2720	Saved No.3		.....
2721	Dragon Air Thief		.....
2722	Dragon Air Thief		.....
2723	Dragon Air Thief		.....
2724	Navy Sword Fighter		.....
2725	Navy Sword Fighter		.....
2726	Navy Sword Fighter		.....
2727	Navy Guard		.....
2728	Navy Guard		.....
2729	Navy Guard		.....
2730	Naval officer		.....
2731	Naval officer		.....
2732	Naval officer		.....
2733	Drunk wolf pirates		.....
2734	Drunk wolf pirates		.....
2735	Drunk wolf pirates		.....
2736	Slave Gladiator		.....
2737	Slave Gladiator		.....
2738	Slave Gladiator		.....
2739	Golden Cat Navy		.....
2740	Golden Cat Navy		.....
2741	Golden Cat Navy		.....
2742	Navy Sword Fighter		.....
2743	Navy Sword Fighter		.....
2744	Navy Sword Fighter		.....
2800	Sediment Wolf		.....
2801	Werewolf Pirate		.....
2802	Lion pirates		.....
2803	Black braids Pirates		.....
2804	Black braids Pirates		.....
2805	Black braids Pirates		.....
2806	Black braids Pirates		.....
2807	Two Horns Tiger		.....
2808	Two Horns Tiger		.....
2809	Two Horns Tiger		.....
2810	Two Horns Tiger		.....
2811	Ward Kingkong		.....
2812	Ward Kingkong		.....
2813	Ward Kingkong		.....
2814	Greenwood Magic Flower		.....
2815	Greenwood Magic Flower		.....
2816	Toxic Vine		.....
2817	Toxic Vine		.....
2818	Mountain Deer		.....
2819	Sparkler Antelope		.....
2820	Sparkler Antelope		.....
2821	Sparkler Antelope		.....
2822	Rock turtle		.....
2823	Sand dragon		.....
2824	Sand dragon		.....
2825	Swamp Tortoise		.....
2826	Swamp Tortoise		.....
2827	Swamp Tortoise		.....
2828	Desert Eagle		.....
2829	lenka		.....
2830	lenka		.....
2831	Dragon Gladiator		.....
2832	Warlike Dragon Gladiator		.....
2833	Gladiator Slave Girl		.....
2834	Craig Firebird		.....
2835	Craig Firebird		.....
2836	Sharp snake poison ivy		.....
2838	Orc		.....
2839	Orc		.....
2840	Orc		.....
2841	Fighting Fish soldier		.....
2842	Scythe beetle		.....
2843	Scythe beetle		.....
2844	Scythe beetle		.....
2845	Thorn Hammer Bee		.....
2846	Thorn Hammer Bee		.....
2847	Ned King Kong		.....
2851	Warlike Dragon Gladiator		.....
2852	Golden Cat Navy Group		.....
2853	Werewolf Pirate		.....
2855	Navy Guard		.....
2856	Naval officer		.....
2857	Golden Cat Navy Group		.....
2858	Golden Cat Navy Group		.....
2859	Penguin Sergeant		.....
2860	Penguin Sergeant		.....
2861	Penguin Staff Sergeant		.....
2862	Penguin Staff Sergeant		.....
2863	Mo Yuzi		.....
2864	Mo Yuzi		.....
2865	Werewolf Pirate		.....
2866	Crusty Bone Fish		.....
2867	Black braids Pirates		.....
2868	Gladiator Slave Girl		.....
2869	Lion Pirate Captain		.....
2870	Free Gladiator		.....
2873	Laura	Treasure Hunter	หากว่าไม่มีใครมาแย่งกับข้าสมบัติบนเกาะแห่งนี้ก็จะเป็นของข้าเพียงผู้เดียว
2874	Ned apes		.....
2875	Black braids Pirates		.....
2876	Werewolf Pirate		.....
2877	Two Horns Tiger		.....
2878	Scythe beetle		.....
2879	Greenwood Magic Flower		.....
2880	Fighting Fish soldier		.....
2881	Penguin Sergeant		.....
2882	Penguin Staff Sergeant		.....
2883	Golden Cat Navy Group		.....
2884	Lion pirates		.....
3000	Evil Pirate Captain		เรือลำนี้ข้าเป็นคนขับเอง ทะเลแห่งนี้ข้าเป็นควบคุมเองจากนี้ไปสมบัติของมนุษย์ก็จะตกเป็นของข้า!
3001	Robbery Pirates		.....
3002	Evil Pirate Captain		ชีวิตของพวกแกทุกคนตอนนี้อยู่ในกำมือของข้าแล้ว!
3003	Mountain Deer		.....
3004	Mountain Deer		.....
3005	Mountain Deer		.....
3006	Perfume Maker		กลิ่นหอมจากผ้าเช็ดหน้าของข้านี้ไม่ฟุ้งมานานมากแล้ว กุญแจสำคัญสู่ชัยชนะคือสิ่งที่ข้าได้รับมาจากตลาดน้ำหอมที่รุนแรง
3007	Rock turtle		.....
3008	Rock turtle		.....
3009	Jewelry fraud		.....
3010	Jewelry fraud		.....
3011	Jewelry Lady		อาศัยความปราดเปรื่องของข้าตอนสามีของนางยังไม่กลับมานางจึงให้อัญมณีเหล่านี้แก่ข้า
3012	Jewelry Lady		สำหรับภรรยาของเขาแล้ว สิ่งที่สำคัญที่สุดคือการส่งอัญมณีเหล่านั้นแก่นายท่าน
3013	Lillia		ตราบใดที่ข้ายังมีชีวิตอยู่ได้อีกวัน ข้าจะไม่ปล่อยให้ไอ้พวกสารเลวสมาคมพ่อค้าฉลามทองได้ลอยนวลหรอก!
3014	Gold Shark Chamber Mercenary		.....
3015	Highwayman		.....
3016	Highwayman		.....
3017	Highwayman		.....
3018	Red Horn Pirates Group		.....
3019	Honest Jack		ในสถานที่กฎหมายเพื่อความสงบสุขใช้ไม่ได้นั้น พวกพนักงานเรียกเก็บส่วยก็ต้องทำงานหนักมากหน่อย
3020	Desert Island Antelope		.....
3021	Desert Island Antelope		.....
3022	Desert Island Antelope		.....
3023	Desert Island Antelope		.....
3024	Hunger Sailor		หิวมากเลย อยากจะกินเนื้อย่างร้อนๆอร่อยๆจัง
3025	Desert Eagle		.....
3026	Desert Eagle		.....
3027	Desert Eagle		.....
3028	Desert Eagle		.....
3029	Greedy Sailor		ประกาศ! น่านน้ำทางด้านซ้ายและขวารวมไปถึงด้านหน้าของหมู่เกาะดูเหมือนว่าจะมีนกมาอาศัยอยู่เป็นจำนวนมาก!
3030	Ward Kingkong		.....
3031	Ward Kingkong		.....
3032	Ward Kingkong		.....
3033	Worried Grey		จะต้องหาหินสีฟ้าให้พบ เพื่อที่จะเอาไปซื้ออาหารและของบำรุงให้กับภรรยาของข้าได้ 
3034	Anne		พ่อค้าขายผลนี้ชักจะเลยเถิดเกินไปแล้ว ในตอนนี้ข้าบอกได้เลยว่าผลไม้นี้มีปัญหา!
3035	Drunk wolf pirates		.....
3036	Black Shirt		.....
3037	Detective Conan		ภายนอกของข้าก็แค่เหมือนเด็ก แต่ความรู้ของข้าต่างกับนักสืบที่มีชื่อเสียงนัก!
3038	Detective Conan		ความจริงมีเพียงหนึ่งเดียวเท่านั้น!
3039	Sediment Wolf		.....
3040	Sediment Wolf		.....
3041	Sediment Wolf		.....
3042	Detective Conan		ความจริงนั้นจะต้องซ่อนอยู่ที่ๆพวกเราคาดไม่ถึงแน่!
3043	Detective Conan		เพื่อจะเปิดเผยความจริงข้าต้องเพิ่มความตั้งใจขึ้นอีกถึงจะถูก!
3044	Xiao Lan Sister		เอ้ย ไอ้เด็กผีนั่นมารบกวนข้าอีกแล้ว.....อยากหาคนมาเอาตัวมันออกไปจริงๆ
3045	Detective Conan		<text style="79">[52503044]</text> ทำไมไม่สนใจข้าเลย หุหุ
3046	Harass Villager		มอนสเตอร์เหล่านี้สร้างความรำคาญต่อพวกเราอย่างมาก ช่างปวดหัวจริงๆ
3047	Vicious Wasp		.....
3048	Dragon Turtle		.....
3049	Tempered Ape		.....
3050	Harass Villager		ใครที่จะไปสามารถจัดการกับมอนสเตอร์ดุร้ายเหล่านี้ได้กัน?
3051	Rock turtle		.....
3052	Rock turtle		.....
3053	Rock turtle		.....
3054	Vexing Merchant marine		ข้าไม่มีปัญญาเอามะพร้าวบนตัวของ <text style="79">[52503051]</text> มาได้อีกแล้ว น่าปวดหัวจริงๆ
3055	Fighting Fish soldier		.....
3056	Blue Sea Snake		.....
3057	Kevin		ข้าอยากจะเข้าไปข้างในดูคณะละครสัตว์เพียงแค่ครั้งเดียวก็ยังดี 
3058	lenka		.....
3059	jungle Monster		.....
3060	Forest Tiger		.....
3061	Refugees		ที่นี่มีสัตว์ป่าอยู่มากมายแปลกๆน่ากลัวทั้งนั้น
3062	Robinson		ได้ยินมาว่าปู่ของข้าเป็นคนที่แข็งแกร่งมากที่เดียว! ข้าก็อยากจะผจญภัยบนท้องทะเลเหมือนกับเขา!
3063	Thief Asan		ฝีมือการขโมยของข้านั้นถ้าหากไม่ได้เป็นที่หนึ่งในโลกนี้ก็ควรมีที่สองละหละ
3064	Control Token Pirate		.....
3065	Desert Island Troll		.....
3066	Desert Island Giant Beast		.....
3067	Villagers Weak		พระเจ้า ยักษ์สองตนนั้นจะไม่ต่อสู้ใช่ไหม?
3068	Polar deer		.....
3069	Polar ape		.....
3070	Crystal Bibi		.....
3071	Gaiji		ข้าต้องการที่จะหาเบาะแสที่ซ่อนของทองสมบัติของนักรบศักดิ์สิทธ์!
3072	Gaiji		ก็แค่ทองสมบัติของนักรบศักดิ์สิทธ์ยังไม่ใช่ความใฝ่ฝัน
3073	Lisa		『Dissolute Nuns』บุกโจมตี ทหารทั้งหมดเตรียมการป้องกัน!
3074	Lisa		กวาดล้างให้หมด! อย่าปล่อยให้โจรสลัดหนีไปได้!
3075	Penguin Corporal		ระวัง!
3076	Dissolute Nuns Pirate		.....
3077	Pirate Captain		แม้ว่าจะถูกกองทัพเรือจับแล้วชะตากรรมของข้าจะหยุดอยู่ที่นี่หรือยังไง?
3078	Wolf Poachers		.....
3079	black Wool Poachers		.....
3080	Environmental Volunteer		ถ้าหากถูก <text style="79">[52503082]</text> มาไล่ฆ่า เกรงว่าโชคชะตาของพวกเขาคงจะเลวร้ายอย่างมาก
3081	Environmental Volunteer		ไม่สามารถฆ่า <text style="79">[52503082]</text> ที่ใกล้จะสูญพันธุ์นั้นให้ตายได้เลย!
3082	Coconut Turtle		กิกิ....กิกิ......
3083	Drunk Wolf Raider		.....
3084	Sediment Wolf		.....
3085	Penguin Sergeant		ข้าจะต่อสู้อย่างกล้าหาญ!
3086	Penguin Staff Sergeant		อย่ากลัว! ทุกคนบุก!
3087	Drunk Wolf Raider		.....
3088	Gladiator Slave Girl		.....
3089	Red Bear Beater		.....
3090	Isoroku Yamamoto	Admiral	ยังไม่มีข่าวสารเกี่ยวกับ Keesey อีกรึ?
3091	Isoroku Yamamoto	Admiral	ความชั่วร้ายทั้งหมดถูกผูกไว้อยู่ในใต้ทะเลแห่งนี้....
3092	Drunk Wolf Patrol		.....
3093	Sediment Wolf		.....
3094	Gladiator Slave Girl		.....
3095	Drunk Wolf Patrol		.....
3096	Bull tal		.....
3097	Captured Navy		เฮ้อ อย่าได้คิดว่าจะได้ข่าวสารอะไรจากข้า
3098	Keesey		จะไม่มีข่าวสารใดๆหลุดออกมาจากปากข้าได้....
3099	Keesey		<text>[51401001]</text> เรื่องนี้จะไม่ถูกตำหนิแน่นอน ทั้งหมดนี้เป็นเพราะข้าไม่ระมัดระวังเอง
3100	Thorn Hammer Bee		.....
3101	Mountain Deer		.....
3102	Drunk Wolf Sentinel		.....
3103	Sediment Wolf		.....
3104	Bull Tourle		.....
3105	Gladiator Slave Girl		.....
3106	Ferocious wolf Pirates		.....
3107	Mad Bull Pirates		.....
3108	Gladiator Slave Girl		.....
3109	Pirate Mech		.....
3110	Keesey		ครั้งนี้ข้าจะต้องลงโทษอย่างสาสม!
3111	Isoroku Yamamoto		เส้นทางแห่งความถูกต้องจะต้องดำเนินให้สำเร็จลุล่วง.....จะไม่มีการประนีประนอม!
3112	Crystal Bibi		สวัสดี
3113	Polar deer		.....
3114	Crusty Bone Fish		.....
3115	Polar ape		.....
3116	Devil Doll		เฮ้อ.......
3117	Devil Doll		ช่างน่ารำคาญจริง
3118	Deep Sea Slug		.....
3119	Blue Sea Snake		.....
3120	Iceberg Turtle		.....
3121	Iceberg Turtle		.....
3122	Crusty Bone Fish		.....
3123	Frost Giant Tortoise		.....
3124	Devil Doll		มันไม่เป็นเรื่องง่ายเลยที่จะได้สัมผัสกับความอับอายของ Poseidon 
3125	Devil Doll		เฮ้ยเฮ้ยเฮ้ยเฮ้ย........
3126	Raspberry Bibi		.....
3127	Sharp snake poison ivy		.....
3128	Sparkler Antelope		.....
3129	Soil Salon		.....
3130	Dust Dragon Turtle		.....
3131	Devil Doll		เฮ้อ ไอ้ผีน่ารำคาญ
3132	Blind Hound		.....
3133	Crusty Bone Fish		.....
3134	Polar deer		.....
3135	Iceberg Turtle		.....
3136	Crystal Bibi		.....
3137	Blind Hound		.....
3138	Polar ape		.....
3139	Guawa family Dlansman		.....
3140	M Gu Clansman		.....
3141	Purple Baby Tribe		.....
3142	Melon Fish		.....
3143	Devil Doll		ฮูเล่ฮูเล่ฮูเล่.
3144	Xiao Lan Sister		ข้ารังเกียจพวกนักสืบมากที่สุดเลย
3145	Robinson		ได้ยินมาว่าปู่ของข้าเป็นคนที่แข็งแกร่งมากที่เดียว! ข้าก็อยากจะผจญภัยบนท้องทะเลเหมือนกับเขา!
3146	Robinson		ได้ยินมาว่าปู่ของข้าเป็นคนที่แข็งแกร่งมากที่เดียว! ข้าก็อยากจะผจญภัยบนท้องทะเลเหมือนกับเขา!
3147	Unlucky Pirate Captain		
3148	Halfway Pirate		
3149	Unlucky Pirate Captain		
3150	Unscrupulous Captain		
3151	Trash Fish Pirates		
3152	Unscrupulous Captain		
3153	Ryan Tabin		
3154	Pirate		
3155	Ryan Tabin		
3156	Penguin Corporal		
3157	Slave Trader		
3158	Ultimate Bodyguard		
3159	Ilyle		
3160	Ship escort		
3161	Columbus		
3162	Deep Sea Snail		
3163	Blue Sea Snake		
3164	Crusty Bone Fish		
3165	Cancel		
3166	James		
3167	James		
3168	Columbus		
3169	Skeleton Sseaman		
3170	Skeleton Sseaman		
3171	Skeleton Chiliarch		
3172	Hans		
3173	Cold Bristle Ape		
3174	Snail		
3175	Blue Sea Snake		
3176	Crusty Bone Fish		
3177	Laura		
3178	Crystal Bibi		
3179	Polar deer		
3180	Cold Bristle Ape		
3181	Crusty Bone Fish		
3182	Greedy Sailor		
3183	Greedy Sailor		
3184	Cancel		
3185	Polar deer		
3186	Crystal Bibi		
3187	Snail		
3188	Crusty Bone Fish		
3189	Polar Merchant marine		
3190	Polar Merchant marine		
3191	Crystal Bibi		
3192	Blind Hound		
3193	Black Wool Pirate		
3194	Sea Dragon Warrior		
3195	Young slave		
3196	Blind Hound		
3197	Black Wool Pirate		
3198	Walrus general		
3199	Sea Dragon Warrior		
3200	Lahti		
3201	Michelangelo		ช่างโชคร้ายจริง เพียงแค่ขึ้นไปบนเกาะก็ถูกกลุ่มแม่มดโจมตีแล้ว
3202	Wild Spirit Island		(เกาะนิรนามไม่มีแสดงไว้บนแผนที่เดินเรือเลย)
3203	Davinci		สไตล์ของข้าคือ ค่อยๆตามเบาะแสไปเรื่อยๆตามลำดับ
3204	Snow Island		(ภายใต้หิมะของเกาะนิรนาม)
3205	Fel Flame Island		(สภาพแวดล้อมของเกาะนิรนามเลวร้ายมาก)
3206	Da Vinci		อุปสรรคเล็กน้อยแค่นี้หยุดข้าไม่ได้หรอก!
3207	Da Vinci		จุดสิ้นสุดของการเดินทางอยู่ที่บนเกาะแห่งนี้แหละ เข้าไปกันเถอะ!
3208	Da Vinci		พลังของ Ancyn Grip คืนสภาพเดิมแล้ว มาร่วมมือกันเถอะ
3209	Cress Island		(บนเกาะมีประชากรเบาบางมาก)
3210	Skeleton Ship		(เรือแม่มดกระหายเลือด)
3211	Dragon Flame Island		(เกาะนิรนามที่ปกคลุมไปด้วยเปลวเพลิง)
3212	Bellows		ที่แห่งนี้ไม่สามารถที่จะเข้ามาได้ตามใจชอบนะ
3213	Bellows		เฮ้อ...คิดว่าเจ้าพอมีความสามารถอยู่นิดหน่อย
3214	Laura		ข้าต้องการหาเพื่อนตายที่ดีคนนึงที่จะเหมือนกับเจ้า
3215	Purgatory Dragon		.....
3216	Weird Rock		(หินยักษ์แปลกประหลาด)
3217	Exotic island		(บนเกาะนิรนามนั้นไม่มีใครรู้ว่าบนนั้นมีอะไรอยู่บ้าง)
3218	Isoroku Yamamoto		ตัวอ่อนแมลงวันบนทะเลมีอยู่มากมายมหาศาล
3219	Smuggling Ship		(โจรสลัดซื้อขายของเถื่อนของเรือสินค้าผิดกฎหมาย)
3220	Blood Blade Island		(ดูเหมือนเกาะแห่งนี้เคยถูกยึดครองโดยเหล่าโจรสลัดมาแล้ว)
3221	Red Wolf Boss		ให้อภัยข้าเถอะ! ขอให้ข้าลงจากม้าเถอะ
3222	Lonely Island		(บนเกาะนิรนามนั้นไม่มีใครรู้ว่าบนนั้นมีอะไรอยู่บ้าง)
3223	Isoroku Yamamoto		กรณีของความลึกลับนี้เป็นเรื่องยากที่จะเข้าใจ
3224	Pirate Ship		(เรือโจรสลัดกระหายเลือด)
3225	Cattle Captain		ข้าบอกไปหมดแล้วว่าข้าไม่ได้ทำ!
3226	Christina		(สาวน้อยคนนี้ไม่พูดอะไรซักคำดูเหมือนว่าจะมีความลับอะไรบางอย่างซ่อนอยู่)
3227	Black Flag Island		(เกาะนิรนามถูกยึดครองโดยโจรสลัด)
3228	Angelina		อ่า.....หรือว่าจะถูกค้นพบแล้ว
3229	Bone Island		(มีกลิ่นอายของความพิศวงกระจายอยู่ไปทั่วบนเกาะนิรนามแห่งนี้)
3230	Volcanic Island		(ดูเหมือนเกาะแห่งนี้เคยถูกยึดครองโดยเหล่าโจรสลัดมาแล้ว)
3231	Laura		การค้นหาสมบัติเป็นเรื่องที่น่าสนใจมากเลยทีเดียว
3232	Laura		ไม่ดีเลย เจ้านี่
3233	Air Thief Airship		(เรือบินโจรสลัดกระหายเลือดแห่งท้องนภา)
3234	Laura		การค้นหาสมบัติในครั้งนี้ลำบากมากด้วยเหตุนี้จึงทำให้รู้สึกตื่นเต้นท้าทายอย่างบอกไม่ถูก
3235	Talos Air Thie Stronghold		(ที่นี่ได้กลายเป็นฐานที่มั่นของโจรสลัดแห่งท้องนภาแล้ว)
3236	Laura		ผลจากการค้นหาสมบัติของข้าแม้จะดีมากแต่จริงๆแล้วมันคือความสุขของข้า
3237	Laura		ยังมีสมบัติอะไรที่ข้ายังไม่ได้ล่ามาอีกหรือ? ถ้าหากมีข่าวสารอะไรรีบมาบอกข้าเลยนะ
3239	Talos Headquarter		 (กองบัญชาการสูงสุดของโจรสลัดแห่งท้องนภา Talos)
3240	Nelson		ภัยคุกคามของโจรสลัดแท้จริงแล้วอยู่ที่ความทุกข์ยากของจักรวรรดิ์
3241	Discard Empty Island		(เกาะที่ถูกทิ้งร้างว่างเปล่าไม่มีใครรู้ว่าบนนั้นมีอะไรอยู่บ้าง)
3242	Red Crystal Island		(บนเกาะร้างแห่งนี้ดูเหมือนว่าจะมีการเกิดของคริสตัลสีแดงขึ้น)
3243	Hematite Island		(เหมืองเหล็กสีแดงของเกาะตกผลึกบนเกาะ)
3244	Air Thief Shipbuilding Island		(เกาะแห่งนี้ได้กลายเป็นโรงงานต่อเรือของโจรสลัดแห่งท้องนภาไปแล้ว)
3245	Clark	Penguins Trooper	อันตราย! อันตราย!
3246	Air Thief Airship		(เรือบินโจรสลัดกระหายเลือดแห่งท้องนภา)
3247	Clark	Penguins Trooper	สถานการณ์ด่วน!
3248	Air Thief Array		(ที่นี่ได้กลายเป็นกองบัญชาการสูงสุดของโจรสลัดแห่งท้องนภาแล้ว มีการป้องกันที่แน่นหนามาก)
3249	Nelson	Admiral	เหล่าโจรสลัดแห่งท้องนภาพวกนี้ต้องกำจัดให้สิ้นซากซะ
3250	Treasure Hunter	Master	ในตำนานของคัมภีร์มนต์ดำได้กล่าวถึงว่าสามารถเรียกหาสมบัติอันยิ่งใหญ่ของเทพปีศาจได้
3251	Treasure Hunter	Novice	ทางทิศตะวันออกอันไกลโพ้นมีมังกรยักษ์เป็นเทพที่ปกปักรักษาในอารยธรรมโบราณ ได้ยินมาว่าที่นั่นมีแต่สมบัติหายาก
3252	Treasure Hunter	Serious	ในตำนานกล่าวว่าเทพปีศาจได้หลับไหลอยู่ในใต้ทะเลซึ่งแข็งแกร่งกว่าเทพ Poseidon และ Apollo ที่มีชื่อเสียงเสียอีก
3253	Gold	Heritage Protection	สมบัติทางอารยธรรมเหล่านี้จะต้องถูกเก็บรักษาไว้อย่างดี
3254	Heinrich	Ancient Mining	เมืองทรอยโบราณที่หายสาบสูญไปจะต้องมีอยู่แน่นอนไม่ผิดแน่
3255	Howard	Ancient Civilization Scholar	Yamamoto แห่งกองทัพมาตุภูมิดูเหมือนว่าจะมีประวัติศาสตร์อารยธรรมอันยาวนาน....แต่เป็นดินแดนที่แสนไกล
3256	Professor Jones		Skeleton Crystal  เป็นสมบัติของ Zika มันคือเป้าหมายที่ข้าตามหา 
3257	Naval Guard		(ทหารเรือมองมาที่เจ้าด้วยสีหน้าจริงจัง)
3258	Isoroku Yamamoto		ตัวอ่อนแมลงวันบนทะเลมีอยู่มากมายมหาศาล
3301	Gold Shark Marine armed Messenger		.....
3302	Gold Shark Marine armed Mercenary		.....
3303	Gold Shark Marine armed Mercenary		.....
3305	Navy Detective		.....
3306	Navy Detective		.....
3307	Flying Bird		.....
3308	Blue Sea Snake		.....
3309	Blue Sea Snake		.....
3310	Clay Tablet		.....
3311	Polar deer		.....
3312	Crystal Bibi		.....
3313	Blind Hound		.....
3314	Original Cutesy		.....
3315	Crystal Bibi		.....
3316	Skeleton Sseaman		.....
3317	Exotic Demon Wolf		.....
3318	Skeleton Sseaman		.....
3319	Emily		.....
3320	Emily		.....
3321	Crusty Bone Fish		.....
3322	Exotic Demon Wolf		.....
3323	Skeleton Mate		.....
3324	Blue Ocean soul		.....
3325	Navy Sergeant		.....
3326	Navy Sergeant		.....
3327	Fire magic		.....
3328	Red Flame Demon Wolf		.....
3329	Flame Mountains deer		.....
3330	Hell King Kong		.....
3331	Eleanor		.....
3332	Unger Eleanor Firebird		.....
3333	Red Flame Demon Wolf		.....
3334	Fire magic		.....
3335	Hell King Kong		.....
3336	Yat		.....
3337	Skeleton Sseaman		.....
3338	Catwoman Pirate		.....
3339	Skeleton Sseaman		.....
3340	Captain Golem		.....
3341	Get Caught Crew		.....
3342	Leon		.....
3343	Leon		.....
3344	Fire Euglena		.....
3345	Voodoo butcher		.....
3346	Hell King Kong		.....
3347	Voodoo Troll		.....
3348	Dior		.....
3350	Flame Mountains deer		.....
3351	Fire magic		.....
3352	Earth Flame Dragon		.....
3353	Fire magic		.....
3354	Bernsttein		.....
3355	Wolf Pirates		.....
3356	Walrus pirates		.....
3357	Pirates blitz Mech		.....
3359	Kent		.....
3360	Black Wool Pirates		.....
3361	Catwoman pirate		.....
3362	Walrus pirates		.....
3363	Pirates blitz Mech		.....
3364	Tony Meow		.....
3365	Red blood Bee		.....
3366	Steel blade Eagle		.....
3367	Heaven Island Bird		.....
3368	Sorin		.....
3369	Angel Sheep		.....
3370	Sunry beetle		.....
3371	Flying Rat Sapphire		.....
3372	Horn		.....
3373	Flying Rat Sapphire		.....
3374	Sparkler Antelope		.....
3375	Steel blade Eagle		.....
3376	Wayne		.....
3377	Sparkler Antelope		.....
3378	Heaven Island Bird		.....
3379	Steel blade Eagle		.....
3380	Bard		.....
3381	Rhinoceros Air thief group		.....
3382	Dragon Air Thief		.....
3383	Air Thief Meteor Mech		.....
3384	Alloy black priest		.....
3385	Daruss		.....
3386	Daruss		.....
3387	Exotic Madman		.....
3388	Blue Sea Snake		.....
3389	Sharp snake poison ivy		.....
3390	Red Flame Creeper		.....
3391	Temple Snake		.....
3392	Duke		.....
3393	Exotic Madman		.....
3394	Angel Sheep		.....
3395	Heaven Island Bird		.....
3396	Sunry beetle		.....
3397	Hawk		.....
3398	Red blood Bee		.....
3399	Red Flame Creeper		.....
3400	Bee King		.....
3401	Matthew Elder		.....
3402	Spray Burglar Cat		.....
3403	Dragon Air Thief		.....
3404	Air Thief Meteor Mech		.....
3405	Air Thief Commander		.....
3406	Malone		.....
3407	Malone		.....
3408	Women Air thief group		.....
3409	Dragon Air Thief		.....
3410	Air Thief Meteor Mech		.....
3411	Dragon Air Thief		.....
3412	Air Thief Captain		.....
3413	Air Thief Captain		.....
3414	Air Thief Group Sentry		.....
3415	Crystal Bibi		.....
3416	Blue Sea Snake		.....
3417	Cold Bristle Ape		.....
3418	Polar deer		.....
3419	Suspicious Businessman		.....
3420	Suspicious Businessman		.....
3421	Phosphor powder Banshee		.....
3422	Red Flame Creeper		.....
3423	Razor Blackhawk		.....
3424	Skeleton Sseaman		.....
3425	Captain Golem		.....
3426	Skeleton Mate		.....
3427	Crystal Bibi		.....
3428	Blue Sea Snake		.....
3429	Iceberg Turtle		.....
3430	Snail		.....
3431	Fire Euglena		.....
3432	Razor Blackhawk		.....
3433	Earth Flame Dragon		.....
3434	Red Flame Demon Wolf		.....
3435	Flame Mountains deer		.....
3436	Skeleton Sseaman		.....
3437	Captain Golem		.....
3438	Skeleton Mate		.....
3439	Skeleton Captain		.....
3440	Hell Ghoul		.....
3441	Phosphor powder Banshee		.....
3442	Fire Euglena		.....
3443	Hell Dragon Majin		.....
3444	Earth Flame Dragon		.....
3445	Blue Ocean soul		.....
3446	Blue Tiger		.....
3447	End date Flower		.....
3448	Werewolf Pirate		.....
3449	Pirates blitz Mech		.....
3450	Lion pirates		.....
3451	Lion pirates		.....
3452	Captain Golem		.....
3453	Dragon Gladiator		.....
3454	Lion pirates		.....
3455	Braised Lionhead		.....
3456	Sediment Wolf		.....
3457	Lion pirates		.....
3458	Fiery Red Bear		.....
3459	Lion pirates		.....
3460	Pirate Captain		.....
3461	Lion pirates		.....
3462	Fiery Red Bear		.....
3463	Pirates blitz Mech		.....
3464	Davy Jones		.....
3465	Lion pirates		.....
3466	Cattle Captain		.....
3467	Polar deer		.....
3468	Iceberg Turtle		.....
3469	Blind Hound		.....
3470	Gladiator Slave Girl		.....
3471	Double Sword Fighter		.....
3472	Elite Double Sword Fighter		.....
3473	Elite Double Spear Guard		.....
3474	Heavy Shield Guard		.....
3475	Steel blade Eagle		.....
3476	Flying Rat Sapphire		.....
3477	Ominous Bird		.....
3478	Heaven Island Bird		.....
3479	Iceberg Turtle		.....
3480	Blue Sea Snake		.....
3481	Iceberg Turtle		.....
3482	Flash Snail		.....
3483	Blue Sea Snake		.....
3484	Fire magic		.....
3485	Red Flame Demon Wolf		.....
3486	Hell King Kong		.....
3487	Women Air thief group		.....
3488	Dragon Air Thief		.....
3489	Rhinoceros Air thief group		.....
3490	Air Thief Header		.....
3491	Women Air thief group		.....
3492	Dragon Air Thief		.....
3493	Air Thief Meteor Mech		.....
3494	Cow Thug		.....
3495	Dragon Air Thief		.....
3496	Bombard Institution Abused		.....
3497	Bombard Institution		.....
3498	Rhinoceros Air thief group		.....
3499	Cow Thug		.....
3500	Air Thief Meteor Mech		.....
3501	Dragon Air Thief		.....
3502	Bull Captain		.....
3503	Giant Cannon		.....
3504	Women Air thief group		.....
3505	Dragon Air Thief		.....
3506	Rhinoceros Air thief group		.....
3507	Dragon Air Thief		.....
3508	Air Thief Header		.....
3509	Giant Cannon		.....
3510	Lion pirates		.....
3511	Catwoman Pirate Person		.....
3512	Dead Mech		.....
3513	Dark soul		.....
3514	Magnetic Gun		.....
3515	Subjugation Enchantress		.....
3516	Dark soul		.....
3517	Ancient Civilization Alert Weapon		.....
3518	Empty Island Adventure Cat		.....
3519	Steam Iron Man		.....
3520	Nightmare Guardian		.....
3521	Dark Night Chant		.....
3522	Fire Euglena		.....
3523	Red Flame Creeper		.....
3524	Bat Banshee		.....
3525	Fire Euglena		.....
3526	Remains Bibi		.....
3527	Women Air thief group		.....
3528	Dragon Air Thief		.....
3529	Rhinoceros Air thief group		.....
3530	Dragon Air Thief		.....
3531	Sewer Iron Man		.....
3532	Heavy Akejim		.....
3533	Women Air thief group		.....
3534	Mad Cow Pirates		.....
3535	Air Thief Meteor Mech		.....
3536	Mad Cow Pirates		.....
3537	Akejim		.....
3538	Penguin Corporal		.....
3539	Elite Double Sword Fighter		.....
3540	Women Air thief group		.....
3541	Sewer Iron Man		.....
3542	Mad Cow Pirates		.....
3543	Dragon Air Thief		.....
3544	Rhinoceros Air thief group		.....
3545	Air Thief Meteor Mech		.....
3546	Heavy Akejim		.....
3547	Air ThiefMech		.....
3548	Penguin Corporal		.....
3601	荒島惡霸		.....
3602	荒島炎玉子		.....
3603	荒島巨猿		.....
3604	荒島骷髏		.....
3605	荒島巨鷹		.....
3606	荒島巨豬		.....
3607	荒島巨龜		.....
3611	荒島龍人		.....
3612	荒島魔花		.....
3613	荒島狼賊團		.....
3614	荒島巨蛇		.....
3615	荒島巨虎		.....
3616	荒島鬥士		.....
3617	荒島鬥魚		.....
3621	荒島鬼王		.....
3622	荒島炎王		.....
3623	荒島猿王		.....
3624	荒島骷髏隊長		.....
3625	荒島鋼鷹		.....
3626	荒島巨豬		.....
3627	荒島巨龜		.....
3631	荒島龍人		.....
3632	荒島魔花		.....
3633	荒島狼賊團		.....
3634	荒島巨蛇		.....
3635	荒島巨豹		.....
3636	荒島女海賊		.....
3637	荒島呱蝸		.....
3641	荒島血蜂王		.....
3642	荒島眼魔		.....
3643	荒島機甲		.....
3644	荒島鳥妖		.....
3645	荒島守護者		.....
3646	荒島羊角獸		.....
3647	荒島憤怒熊		.....
3648	荒島血蜂		.....
6001	Desert Island Bully		.....
6002	Troll Chief		.....
6003	Skeleton Chiliarch		.....
6004	Remains Guardian		.....
6005	Devourer		.....
6006	Ned apes		.....
6007	Skeleton Chiliarch		.....
6008	Red Flame Creeper		.....
6009	Elite Adventurer		.....
6010	Temple Snake		.....
6011	Skeleton Chiliarch		.....
6012	Troll Chief		.....
6013	Dragon Captain		.....
6014	Remains Guardian		.....
6015	Devourer		.....
6016	聖殿蛇后		.....
6017	遺跡守護者		.....
7003	Cheer Beer Girl		.....
7004	Slave Prince		.....
7005	Harem Girl		.....
7006	Harem Ugly		.....
7007	Angelina		.....
7008	Skeleton		.....
7009	Skeleton		.....
7010	Drake		.....
7011	Poseidon servant		.....
7012	Poseidon servant		.....
7013	Poseidon servant		.....
7014	Poseidon servant		.....
7015	Laura	Legendary Treasure Hunter	.....
7016	Scourge		.....
7018	Nora Jana Sword	Judicial	
7033	Poseidon servant		.....
7034	Poseidon servant		.....
7035	Poseidon servant		.....
7036	Poseidon servant		.....
7037	Poseidon servant		.....
7038	Poseidon servant		.....
7039	Poseidon servant		.....
7040	Poseidon servant		.....
7041	Deer		......
7042	Penguin Searcher	Serious and responsible	ข้าชอบแอบจดบันทึกสิ่งของที่สุดแล้ว
7043	Penguin Searcher	Serious and responsible	ข้าชอบแอบจดบันทึกสิ่งของที่สุดแล้ว
7044	Penguin Searcher	Serious and responsible	ข้าชอบแอบจดบันทึกสิ่งของที่สุดแล้ว
7045	Penguin Searcher	Serious and responsible	ข้าชอบแอบจดบันทึกสิ่งของที่สุดแล้ว
7501	Blind Hound		.....
7502	Caille Assault boat		.....
7503	Docile Fur seal		.....
7504	Exotic Demon Wolf		.....
7505	Red Flame Demon Wolf		.....
7506	Yellow Duck		.....
7507	Christmas Reindeer		.....
7514	Akejim		.....
7515	Siege Spider		.....
7551	Plain Jerboa		.....
7552	Wave Dragon Horse		.....
7553	Flying Airship		.....
7554	草原跳鼠		.....
7561	Deceptive Tree		.....
7562	Directional Fort		.....
7563	Spring Bed		.....
7590	Defense Turret		.....
7591	Explode Equipment		.....
7592	Ice Fort		.....
7593	Thermonuclear Fort		.....
7594	Sun Shield		
8000	Ulysses		(<text style="79">[52500013]</text> ผู้บังคับบัญชา <text style="79">[52508000]</text>,กำลังเดินเรือบนมหาสมุทร)
8001	Intrepid		(<text style="79">[52500168]</text> ผู้บังคับบัญชา <text style="79">[52508001]</text>,กำลังเดินเรือบนมหาสมุทร)
8002	Bismarck		(<text style="79">[52500169]</text> ผู้บังคับบัญชา <text style="79">[52508002]</text>,กำลังเดินเรือบนมหาสมุทร)
8003	Yamato		(<text style="79">[52500170]</text> ผู้บังคับบัญชา <text style="79">[52508003]</text>,กำลังเดินเรือบนมหาสมุทร)
8004	Black beard		(<text style="79">[52500117]</text> ผู้บังคับบัญชา <text style="79">[52508004]</text>,กำลังเดินเรือบนมหาสมุทร)
8005	Red beard		(<text style="79">[52500118]</text> ผู้บังคับบัญชา <text style="79">[52508005]</text>,กำลังเดินเรือบนมหาสมุทร)
8006	Santa Maria		(<text style="79">[52500036]</text> ผู้บังคับบัญชา <text style="79">[52508006]</text>,กำลังเดินเรือบนมหาสมุทร)
8007	Skull Phantom		(<text style="79">[52500087]</text> ผู้บังคับบัญชา <text style="79">[52508007]</text>,กำลังเดินเรือบนมหาสมุทร)
8008	Utopia		(<text style="79">[52500052]</text> ผู้บังคับบัญชา <text style="79">[52508008]</text>,กำลังเดินเรือบนมหาสมุทร)
8009	Yamato		(<text style="79">[52500170]</text> ผู้บังคับบัญชา <text style="79">[52508003]</text>,กำลังเดินเรือบนมหาสมุทร)
8010	Viking Princess		(<text style="79">[52500073]</text> ผู้บังคับบัญชา <text style="79">[52508010]</text>,กำลังเดินเรือบนมหาสมุทร)
8011	Santa Maria		(<text style="79">[52500036]</text> ผู้บังคับบัญชา <text style="79">[52508006]</text>,กำลังเดินเรือบนมหาสมุทร)
8012	Skull Phantom		(<text style="79">[52500087]</text> ผู้บังคับบัญชา <text style="79">[52508007]</text>,กำลังเดินเรือบนมหาสมุทร)
8013	Utopia		(<text style="79">[52500052]</text> ผู้บังคับบัญชา <text style="79">[52508008]</text>,กำลังเดินเรือบนมหาสมุทร)
8014	Santa Maria		(<text style="79">[52500036]</text> ผู้บังคับบัญชา <text style="79">[52508006]</text>,กำลังเดินเรือบนมหาสมุทร)
8015	Santa Maria		(<text style="79">[52500036]</text> ผู้บังคับบัญชา <text style="79">[52508006]</text>,กำลังเดินเรือบนมหาสมุทร)
8016	Heaven Prince		(<text style="79">[52500407]</text> ผู้บังคับบัญชา <text style="79">[52508016]</text>,กำลังเดินเรือบนมหาสมุทร)
8017	Santa Maria		(<text style="79">[52500036]</text> ผู้บังคับบัญชา <text style="79">[52508006]</text>,กำลังเดินเรือบนมหาสมุทร)
8018	Mad Sand Island		(เกาะแห่งนี้มีชื่อว่า <text>[52508018]</text>)
8019	Pirate Lair		(เกาะแห่งนี้มีชื่อว่า <text>[52508019]</text>)
8020	Ice Island		(เกาะแห่งนี้มีชื่อว่า <text>[52508020]</text>)
8021	Turtle Island		(เกาะแห่งนี้มีชื่อว่า <text>[52508021]</text>)
8022	Dragon Turtle Island		(เกาะแห่งนี้มีชื่อว่า <text>[52508022]</text>)
8023	Guawa Island		(เกาะแห่งนี้มีชื่อว่า <text>[52508023]</text>)
8024	Merchant Ship		(<text style="79">[52508024]</text> กำลังเดินเรือบนมหาสมุทร)
8025	Merchant marine Trade Ship		(<text style="79">[52508025]</text> กำลังเดินเรือบนมหาสมุทร)
8026	Merchant marine Trade Ship		(<text style="79">[52508025]</text> กำลังเดินเรือบนมหาสมุทร)
8027	Merchant marine Trade Ship		(<text style="79">[52508025]</text> กำลังเดินเรือบนมหาสมุทร)
8028	Sea Monster Fish		
8029	Merchant marine Trade Ship		(<text style="79">[52508025]</text> กำลังเดินเรือบนมหาสมุทร)
8030	Merchant marine Trade Ship		(<text style="79">[52508025]</text> กำลังเดินเรือบนมหาสมุทร)
8031	Merchant marine Trade Ship		(<text style="79">[52508025]</text> กำลังเดินเรือบนมหาสมุทร)
8032	Spirit Trade Ship		(<text style="79">[52508032]</text> กำลังเดินเรือบนมหาสมุทร)
8033	Spirit Trade Ship		(<text style="79">[52508032]</text> กำลังเดินเรือบนมหาสมุทร)
8034	Spirit Trade Ship		(<text style="79">[52508032]</text> กำลังเดินเรือบนมหาสมุทร)
8035	Air Trade Ship		(<text style="79">[52508035]</text> กำลังเดินเรือบนเมฆมหาสมุทร)
8036	Air Trade Ship		(<text style="79">[52508035]</text> กำลังเดินเรือบนเมฆมหาสมุทร)
8037	Air Trade Ship		(<text style="79">[52508035]</text> กำลังเดินเรือบนเมฆมหาสมุทร)
8038	Air Trade Ship		(<text style="79">[52508035]</text> กำลังเดินเรือบนเมฆมหาสมุทร)
8039	Panic Strange Fish		
8040	Hunt King		(<text style="79">[52508040]</text> กำลังเดินเรือบนมหาสมุทร)
8041	Jellyfish King		
8042	Pirate Ship		
8043	Pirate Ship		
8044	Pirate Ship		
8045	Pirate Ship		
8046	Pirate Ship		
8047	Pirate Ship		
8048	Pirate Ship		
8049	Pirate Ship		
8050	Pirate Ship		
8051	Pirate Ship		
8052	Pirate Ship		
8053	Pirate Ship		
8054	Pirate Ship		
8055	Tornado		
8056	Tornado		
8057	Tornado		
8058	Tornado		
8059	Tornado		
8060	Tornado		
8061	Tornado		
8062	Tornado		
8063	Tornado		
8064	Tornado		
8065	Tornado		
8066	Tornado		
8067	Tornado		
8068	Tornado		
8069	Tornado		
8070	Tornado		
8071	Tornado		
8072	Tornado		
8073	Pirate Ship		
8074	Pirate Ship		
8075	Pirate Ship		
8076	Pirate Ship		
8077	Pirate Ship		
8078	Pirate Ship		
8079	Pirate Ship		
8080	Pirate Ship		
8081	Pirate Ship		
8082	Pirate Ship		
8083	Pirate Ship		
8084	Pirate Ship		
8085	Tornado		
8086	Tornado		
8087	Tornado		
8088	Tornado		
8089	Tornado		
8090	Pirate Ship		
8091	Pirate Ship		
8092	Pirate Ship		
8093	Pirate Ship		
8094	Pirate Ship		
8095	Tornado		
8096	Tornado		
8097	Tornado		
8098	Tornado		
8099	Tornado		
8100	Tornado		
8101	Tornado		
8102	Tornado		
8103	Tornado		
8104	Tornado		
8105	Tornado		
8106	Tornado		
8107	Tornado		
8108	Tornado		
8109	Tornado		
8110	Tornado		
8111	Pirate Ship		
8112	Pirate Ship		
8113	Pirate Ship		
8114	Pirate Ship		
8115	Pirate Ship		
8116	Pirate Ship		
8117	Pirate Ship		
8118	Pirate Ship		
8119	Pirate Ship		
8120	Pirate Ship		
8121	Pirate Ship		
8122	Pirate Ship		
8123	Tornado		
8124	Tornado		
8125	Tornado		
8126	Tornado		
8127	Tornado		
8128	Tornado		
8129	Tornado		
8130	Tornado		
8131	Tornado		
8132	Pirate Ship		
8133	Pirate Ship		
8134	Pirate Ship		
8135	Pirate Ship		
8136	Pirate Ship		
8137	Pirate Ship		
8138	Pirate Ship		
8139	Pirate Ship		
8140	Pirate Ship		
8141	Pirate Ship		
8142	Pirate Ship		
8143	Pirate Ship		
8144	Pirate Ship		
8145	Pirate Ship		
8146	Pirate Ship		
8147	Pirate Ship		
8148	Pirate Ship		
8149	Pirate Ship		
8150	Tornado		
8151	Tornado		
8152	Tornado		
8153	Tornado		
8154	Tornado		
8155	Tornado		
8156	Tornado		
8157	Tornado		
8158	Tornado		
8159	Tornado		
8160	Tornado		
8161	Tornado		
8162	Tornado		
8163	Pirate Flagship	Fear Duke	
8164	Rosemary		(Rosemary กำลังเดินเรือกลางมหาสมุทร)
8173	Repair ship		เรือพังแล้วงั้นหรือ? เรื่องนี้ไว้ใจข้าได้
8174	Pirate Flagship		
8175	Navy flagship		
8176	Ulysses		
8177	Yamato		
8178	Pirate Follow Ship		
8179	Navy Follow Ship		
8180	กระทง		
8181	กระทง		
8499	Wishing Crew		เจ้านายของข้ามีความปรารถนาว่าคู่ค้านี้จะสามารถช่วยให้บรรลุความต้องการนั้นได้หรือไม่?
8500	Micky		
8501	M Gu		
8502	Purple Baby Tribe		
8503	Ivah		
8504	Red Horn Pirates Group		
8505	Walrus general		
8506	Gobao		
8507	Skeleton Sseaman		
8508	Green scales pirates		
8509	Blue Ocean soul		
8510	Fiery Red Bear		
8511	Hell Dragon Majin		
8512	Gladiator Slave Girl		
8513	Heaven Island Bird		
8514	Voodoo Troll		
8515	Allure Enchantress		
8516	DrakeAir thief group		
8517	Dragon Air Thief		
8518	Golden Cat Navy Group		
8519	Bat Banshee		
8520	Nalu Sase		
8521	Penguin Koro		
8522	Skeleton Chiliarch		
8523	Cale		
8524	Nightmare Guardian		
8525	Bluebeard Barney		
8526	Coruno		
8527	Wilbur Wolf		
8528	Bear		
8529	Tuna		
8530	Caribbean		
8531	Divinity		
8532	Croseyes		
8533	Olivia		
8534	Elizabeth		
8535	Slave ship Bodyguard		
8536	Death Hourglass		
8537	Jade magician		
8538	Phosphor powder Banshee		
8539	Voodoo butcher		
8540	Remains Guardian		
8541	meow		
8542	Yan Yuzi		
8543	Khayredin		
8544	Odyssey		
8545	Flying Yellow Duck		
8546	Elizabeth (ver.x'mas)		
8600	Fur seal		
8601	Sediment Wolf		
8602	Blind Hound		
8603	Exotic Demon Wolf		
8604	Red Flame Demon Wolf		
8605	Two Horns Tiger		
8606	Purple Flame Lion		
8607	Jungle Tiger		
8608	Dark Roast Lion		
8609	Blue Tiger		
8610	Ned King Kong		
8611	Polar ape		
8612	Wild ape		
8613	Hell King Kong		
8614	Ward Kingkong		
8615	Zombie baboon		
8616	Greenwood Magic Flower		
8617	Fire magic		
8618	Toxic Vine		
8619	End date Flower		
8620	Charm Felvine		
8621	Mountain Deer		
8622	Sparkler Antelope		
8623	Flame Mountains deer		
8624	Polar deer		
8625	Prairie deer		
8626	Nightmare Claw beast		
8627	Rock turtle		
8628	Sand dragon		
8629	Purple turtle		
8630	Earth Flame Dragon		
8631	Swamp Tortoise		
8632	Iceberg Turtle		
8633	Desert Eagle		
8634	Blood red eagle		
8635	Forest Green Eagle		
8636	Razor Blackhawk		
8637	Steel blade Eagle		
8638	lenka		
8639	Raspberry Bibi		
8640	Flying Rat Sapphire		
8641	Remains Bibi		
8642	Crystal Bibi		
8643	Navy Two Tripods		
8644	Protect City  Mech		
8645	Navy Tiger Mech		
8646	Pirates blitz Mech		
8647	Air Thief Meteor Mech		
8648	Navy guns Mech		
8649	Fire Euglena		
8650	Crusty Bone Fish		
8651	Jade Euglena		
8652	Craig Firebird		
8653	Ominous Bird		
8654	Angel Sheep		
8655	Blue Sea Snake		
8656	Sharp snake poison ivy		
8657	Red Flame Creeper		
8658	Phantom Demon Snake		
8659	Temple Snake		
8660	Snail		
8661	Deep Sea Snail		
8662	Flash Snail		
8663	Fighting Fish soldier		
8664	Gentry Platypus		
8665	Scythe beetle		
8666	Sunry beetle		
8667	Blue Beetle		
8668	Thorn Hammer Bee		
8669	Red blood Bee		
8670	Sea Phantom		
8671	Nelson		
8672	Odyssey		
8673	Plato		
8674	Jason		
8675	Medea		
8676	Drake		
8677	Siren		
8678	Rosemary		
8679	Angelina		
8680	Bismarck		
8681	Isoroku Yamamoto		
8682	Columbus		
8683	Magellan		
8684	Angel of Death		
8685	Juoda		
8686	Rosie Antelope		
8687	Pumpkin Ghost		
8688	Skeleton Sseaman		
8689	Christmas Elf-Warm		
8690	Christmas Elf-Pretty		
8691	Romantic Lover		
8692	Pink Beauty 		
8693	賽蓮	海神之女	老爸也真是的，叫我來跟個人類相處幹什麼？
8694	賽蓮	海神之女	老爸也真是的，叫我來跟個人類相處幹什麼？
8695	賽蓮	海神之女	老爸也真是的，叫我來跟個人類相處幹什麼？
8696	Cute Bunny		
9000	Wishing Crystal		สวัสดี
9001	Karen	Guild Secretary	ต้องการเลขาสมาคมมารับใช้บริการท่านหรือไม่?
9002	Dainme	Guild Staining Trader	ย้อมสีใหม่มา? เครื่องแต่งกายใหม่สภาพอากาศแบบใหม่!
9003	Torre	Guild Creator	สามารถแลกเปลี่ยนเงินตราเป็นอาวุธรูปลักษณะภายนอกที่ไม่ซ้าแบบได้ จะลองเสี่ยงโชคของเจ้าดูไหม?
9004	Elric	Guild Crystalline Trader	ต้องการจะใช้อาวุธที่ยอดเยี่ยม การบำรุงคริสตัลของข้านั้นเป็นสิ่งที่จำเป็น!
9005	Armoured Car		
9006	Sewer Iron Man		
9007	Akejim		
9008	Protect City  Mech		
9009	Navy guns Mech		
9010	rubbish		
9011	Ball		
9012	High Temperature Fountain		
9013	Viper		
9014	Fly Airship		
9015	sweeper		
9016	Original Sin Al Timo		
9017	Original Sin Medea		
9018	Original Sin Armoured Car		
9019	Original Sin Dante		
9020	Original Sin Nora Jana Sword		
9021	Air Defense Mech		
9022	Pirate Lord		
9023	Pterosaur		
9024	Legend Steve	Sharpshooter Trainer	ขอต้อนรับสู่การเป็นส่วนหนึ่งของสมาพันธ์ผู้พิทักษ์การฝึกมือปืนใหญ่!
9025	Legend Daisy	Environmental Management Committee	สภาพแวดล้อมของสมาพันธ์คุ้มครองนั้นเห็นได้ว่าทุกคนล้วนมีความรับผิดชอบ
9026	Roger	Guild Liquor Trader	ข้าจะพัฒนาการกลั่นเหล้าให้มีคุณภาพสูงสุดเพื่อจะกลั่นเหล้าที่มีรสชาติอร่อยออกมา!
9027	Prairie deer		
9028	lenka		
9029	Ward Kingkong		
9030	Rock turtle		
9031	Fighting Fish soldier		
9032	Guild Message Board		(สมาชิกของกิลด์แต่ละคนล้วนได้ละทิ้งความทรงจำที่หวานขมไปหมดแล้ว)
9033	Football		
9034	Iron Man Goalkeeper		
9035	Strong Hero		ข้าต้องการโค้ชฟุตบอล ~ ~
9037	Medea(Event only)		
9038	Empire Armoured Car(Event only)		
9039	Dante(Event only)		
9040	Nora Jana Sword(Event only)		
9041	Al Timo(Event only)		
9042	Romania Captain		
9043	Chris	Evil Christmas Fairy	
9044	Mars	Evil Christmas Fairy	
9045	jaqen	Guild Summoner	เต็มไปด้วยความปรารถนา ความทะเยอทะยาน และความแค้นเป็นบาปกำเนิด ความชั่วร้ายเป็นส่วนบำรุงที่ดีในการเพิ่มระดับกิลด์!
9046	Original SinBeirut		
9047	Original Sin Cruise		
9050	Keesey Captain Diary		
9051	Pirate Position		
9052	Pirate Position		
9053	Old Tombstone		
9054	Voodoo altar		
9055	Icu Tomb		
9056	Nameless Woman Tomb		
9057	Death altar		
9058	Skeleton Position		
9059	Skeleton Army Position		
9060	King Alexander Mausoleum		
9061	King Frederick Mausoleum		
9062	King Constantine Mausoleum		
9063	Seabed Crusader Position		
9064	Magma Pool		
9065	East Telescope		
9066	West Telescope		
9067	South Telescope		
9068	Apocalypse Volume1		
9069	Apocalypse Volume2		
9070	Apocalypse Volume3		
9071	Navy Position		
9072	Pirate Position		
9073	Soul Companion Guide(Male)		
9074	Soul Companion Guide(Female)		
9075	Plato Diary Volume1		
9076	Plato Diary Volume3		
9077	Poseidon Treasure Map		
9078	Harem Potion Pot		
9079	Sailor Miscellaneous Pot		
9080	War Horn		
9081	Offer Altar		
9082	Cooking Pot		
9083	Tribe Camp Fire		
9084	Army Cooking Pot		
9085	Witches Potion Pan		
9086	Hunter Miscellaneous Pot		
9087	Royal Chest		
9088	Weapon Machine		
9089	Holmes Telescope		
9090	Bermuda Crack1		
9091	Bermuda Crack2		
9092	Bermuda Crack3		
9093	Original Sin Crystal-Ego		
9094	Original Sin Crystal-logic		
9095	Original Sin Crystal-Lust		
9096	Original Sin Crystal-Envious		
9097	Original Sin Crystal-Lazy		
9098	Original Sin Crystal-Rage		
9099	Original Sin Crystal-Greed		
9100	Wrinkled Map		
9101	Mystery Treasure Map		
9102	Treasure Hunter Invite Letter		
9103	Old  Treasure Map		
9104	Correspondence course: Bushido		
9105	Correspondence course: Wolf Soul		
9106	Mystery Letter		
9107	Jack		
9108	Time Crack		ประตูเคลื่อนย้ายเปิดออกแล้ว เจ้าจะค่อยๆเห็นฝั่งตรงข้ามเป็นทัศนียภาพของ <text>[52300001]</text> (ระดับไม่มากพอที่จะใช้ประตูเคลื่อนย้าย)
9109	Time Crack		ประตูเคลื่อนย้ายเปิดออกแล้ว เจ้าจะค่อยๆเห็นฝั่งตรงข้ามเป็นทัศนียภาพของ <text>[52300002]</text> (ระดับไม่มากพอที่จะใช้ประตูเคลื่อนย้าย)
9110	Time Crack		ประตูเคลื่อนย้ายเปิดออกแล้ว เจ้าจะค่อยๆเห็นฝั่งตรงข้ามเป็นทัศนียภาพของ <text>[52300003]</text> (ระดับไม่มากพอที่จะใช้ประตูเคลื่อนย้าย)
9111	Time Crack		ประตูเคลื่อนย้ายเปิดออกแล้ว เจ้าจะค่อยๆเห็นฝั่งตรงข้ามเป็นทัศนียภาพของ <text>[52300004]</text> (ระดับไม่มากพอที่จะใช้ประตูเคลื่อนย้าย)
9112	Time Crack		ประตูเคลื่อนย้ายเปิดออกแล้ว เจ้าจะค่อยๆเห็นฝั่งตรงข้ามเป็นทัศนียภาพของ <text>[52300005]</text> (ระดับไม่มากพอที่จะใช้ประตูเคลื่อนย้าย)
9113	Time Crack		ประตูเคลื่อนย้ายเปิดออกแล้ว เจ้าจะค่อยๆเห็นฝั่งตรงข้ามเป็นทัศนียภาพของ <text>[52300006]</text> (ระดับไม่มากพอที่จะใช้ประตูเคลื่อนย้าย)
9114	Time Crack		ประตูเคลื่อนย้ายเปิดออกแล้ว เจ้าจะค่อยๆเห็นฝั่งตรงข้ามเป็นทัศนียภาพของ <text>[52300007]</text> (ระดับไม่มากพอที่จะใช้ประตูเคลื่อนย้าย)
9115	Time Crack		ประตูเคลื่อนย้ายเปิดออกแล้ว เจ้าจะค่อยๆเห็นฝั่งตรงข้ามเป็นทัศนียภาพของ <text>[52300008]</text> (ระดับไม่มากพอที่จะใช้ประตูเคลื่อนย้าย)
9116	Time Crack		ประตูเคลื่อนย้ายเปิดออกแล้ว เจ้าจะค่อยๆเห็นฝั่งตรงข้ามเป็นทัศนียภาพของ <text>[52300015]</text> (ระดับไม่มากพอที่จะใช้ประตูเคลื่อนย้าย)
9117	Time Crack		ประตูเคลื่อนย้ายเปิดออกแล้ว เจ้าจะค่อยๆเห็นฝั่งตรงข้ามเป็นทัศนียภาพของ <text>[52300009]</text> (ระดับไม่มากพอที่จะใช้ประตูเคลื่อนย้าย)
9118	Time Crack		ประตูเคลื่อนย้ายเปิดออกแล้ว เจ้าจะค่อยๆเห็นฝั่งตรงข้ามเป็นทัศนียภาพของ <text>[52300014]</text> (ระดับไม่มากพอที่จะใช้ประตูเคลื่อนย้าย)
9119	Time Crack		ประตูเคลื่อนย้ายเปิดออกแล้ว เจ้าจะค่อยๆเห็นฝั่งตรงข้ามเป็นทัศนียภาพของ <text>[52300015]</text> (ระดับไม่มากพอที่จะใช้ประตูเคลื่อนย้าย)
9120	Time Crack		ประตูเคลื่อนย้ายเปิดออกแล้ว เจ้าจะค่อยๆเห็นฝั่งตรงข้ามเป็นทัศนียภาพของ <text>[52300012]</text> (ระดับไม่มากพอที่จะใช้ประตูเคลื่อนย้าย)
9121	Time Crack		ประตูเคลื่อนย้ายเปิดออกแล้ว เจ้าจะค่อยๆเห็นฝั่งตรงข้ามเป็นทัศนียภาพของ <text>[52300014]</text> (ระดับไม่มากพอที่จะใช้ประตูเคลื่อนย้าย)
9122	Intimate Companion Challenge		.....
9123	Pirates Chart		
9124	Shipwreck		
9300	Remain Guard		.....
9301	Deep Sea Snail		.....
9302	Sensor Hotline Tower		.....
9303	Dragon Warrior		.....
9304	Machinery Slave		.....
9501	General Monster(White & Green Grade Equipment drop)	 White & Green Grade Equipment Drop	.....
9502	1Star Monster(Green Grade Equipment drop)	Green Grade Equipment Drop  - Beginner 	.....
9503	1 Star Monster(Green Grade Equipment drop)	Green Grade Equipment Drop - Expert	.....
9504	2Star Monster(Blue Grade Equipment drop)	Blue Grade Equipment Drop - Running Item	.....
9505	2Star Monster(Blue Grade Normal Equipment drop)	Blue Grade Equipment Drop  - Other	.....
9506	2Star Monster(Blue Grade +1 Specialist Equipment Drop)	Blue Grade +1 Specialist Equipment Drop  	.....
9507	3Star Monster(Purple Grade Equipment Drop)	Purple Grade Equipment Drop - Beginner 	.....
9508	3Star Monster(Purple Grade Equipment Drop)	Purple Grade Equipment Drop - Expert	.....
9509	3Star Monster(Purple Grade Equipment Drop)	Purple Grade Equipment Drop - Supreme	.....
9510	1Star Boss(Green & Blue Grade Equipment Drop)	Green & Blue Grade Equipment Drop 	.....
9511	2Star Boss(Blue & Purple Grade Equipment Drop)	Blue & Purple Grade Equipment Drop  	.....
9512	3Star Boss(Purple Grade Equipment Drop)	Purple Grade Equipment Drop	.....
9513	Floating Island Jellyfish		.....
9514	Beirut	Ice Witch	.....
9527	Fur seal	NPC Test No.1	ข้าคืออดีตกัปตัน ลาลาลา
9528	Prairie deer	NPC Test No.2	ข้าคือกวางทุ่งหญ้า
9529	Drunk wolf pirates	NPC Test No.3	ข้าคือกลุ่มโจรสลัด Black Plaits
9643	Blue Ocean soul	Tester Title	.....
9750	Flame Mountains deer		.....
9751	Hell Dragon Majin		.....
9752	Angel of Death		.....
9789	Plato No.2		.....
9900	Antelope Mount	Mount Test No. 1	.....
9901	Siege Vehicle	Mount Test No. 2	.....
9907	Dance Ear	Mount Test No. 2	.....
9908	Tuntuntun	Mount Test No. 2	.....
9909	Gunship	Mount Test No. 2	.....
40000	巫妖王特蘭頓(副本最終王)	資料片1 - 怪物基礎版型	
40001	懼噬魁儡	資料片1 - 怪物基礎版型	
40002	赤血魁儡(中BOSS)	資料片1 - 怪物基礎版型	
40003	水角蛙龍	資料片1 - 怪物基礎版型	
40004	赤角蛙龍	資料片1 - 怪物基礎版型	
40005	冰晶蛙龍	資料片1 - 怪物基礎版型	
40006	火紋蛙龍	資料片1 - 怪物基礎版型	
40007	霞皮蛙龍	資料片1 - 怪物基礎版型	
40008	紅殼鼬鼠	資料片1 - 怪物基礎版型	
40009	聖域獒鼠	資料片1 - 怪物基礎版型	
40010	綠皮銳爪獸	資料片1 - 怪物基礎版型	
40011	穿山狼	資料片1 - 怪物基礎版型	
40012	掘地獸	資料片1 - 怪物基礎版型	
40013	利菈魚人	資料片1 - 怪物基礎版型	
40014	維德人魚	資料片1 - 怪物基礎版型	
40015	雷特魚人	資料片1 - 怪物基礎版型	
40016	鬼手騎士	資料片1 - 怪物基礎版型	
40017	聖殿鬼騎	資料片1 - 怪物基礎版型	
40018	熾燄守護者	資料片1 - 怪物基礎版型	
40019	龍族機甲	資料片1 - 怪物基礎版型	
40020	鬼面機甲	資料片1 - 怪物基礎版型	
40021	紅蓮機兵	資料片1 - 怪物基礎版型	
40022	邪靈機兵	資料片1 - 怪物基礎版型	
40023	寶箱蟹怪	資料片1 - 怪物基礎版型	
40024	聖域蟹怪	資料片1 - 怪物基礎版型	
40025	幽影蟹怪	資料片1 - 怪物基礎版型	
40026	護法祭壇	資料片1 - 怪物基礎版型	
40027	石造祭壇(坐騎不需要技能，或是可以用坐騎技能，低移動速度的戰鬥坐騎?)	資料片1 - 怪物基礎版型	
40028	聖殿祭壇	資料片1 - 怪物基礎版型	
40029	暮光祭壇	資料片1 - 怪物基礎版型	
40030	塔茲特．洛(副本最終王)	資料片1 - 怪物基礎版型	
40031	塔特圖騰	資料片1 - 怪物基礎版型	
40032	洛特圖騰	資料片1 - 怪物基礎版型	
40033	龍族機甲(小BOSS)	資料片1 - 怪物基礎版型	
40034	鬼面機甲(小BOSS)	資料片1 - 怪物基礎版型	
40035	紅蓮機兵(小BOSS)	資料片1 - 怪物基礎版型	
40036	邪靈機兵(小BOSS)	資料片1 - 怪物基礎版型	
40037	護法祭壇(小BOSS)	資料片1 - 怪物基礎版型	
40038	聖殿祭壇(小BOSS)	資料片1 - 怪物基礎版型	
40039	暮光祭壇(小BOSS)	資料片1 - 怪物基礎版型	
